line,station,date,people
Blue,台北車站,2023-01-01,120742.0
Blue,頂埔,2023-01-01,10762.0
Blue,永寧,2023-01-01,17456.0
Blue,土城,2023-01-01,10135.0
Blue,海山,2023-01-01,27038.0
Blue,亞東醫院,2023-01-01,22200.0
Blue,府中,2023-01-01,42328.0
Blue,板橋,2023-01-01,104596.0
Blue,新埔,2023-01-01,45274.0
Blue,江子翠,2023-01-01,32550.0
Blue,龍山寺,2023-01-01,51183.0
Blue,西門,2023-01-01,89135.0
Blue,善導寺,2023-01-01,21888.0
Blue,忠孝新生,2023-01-01,34315.5
Blue,忠孝敦化,2023-01-01,43844.0
Blue,國父紀念館,2023-01-01,25420.0
Blue,市政府,2023-01-01,99511.0
Blue,永春,2023-01-01,24331.0
Blue,後山埤,2023-01-01,21578.0
Blue,昆陽,2023-01-01,13318.0
Blue,南港,2023-01-01,29013.0
Blue,忠孝復興,2023-01-01,42109.5
Blue,南港展覽館,2023-01-01,16406.0
Blue,台北車站,2023-01-02,108316.0
Blue,頂埔,2023-01-02,9383.0
Blue,永寧,2023-01-02,14826.0
Blue,土城,2023-01-02,9319.0
Blue,海山,2023-01-02,24465.0
Blue,亞東醫院,2023-01-02,24656.0
Blue,府中,2023-01-02,35330.0
Blue,板橋,2023-01-02,81800.0
Blue,新埔,2023-01-02,41279.0
Blue,江子翠,2023-01-02,30237.0
Blue,龍山寺,2023-01-02,40415.0
Blue,西門,2023-01-02,63167.0
Blue,善導寺,2023-01-02,16492.0
Blue,忠孝新生,2023-01-02,28076.0
Blue,忠孝敦化,2023-01-02,42019.0
Blue,國父紀念館,2023-01-02,21740.0
Blue,市政府,2023-01-02,83482.0
Blue,永春,2023-01-02,22288.0
Blue,後山埤,2023-01-02,20121.0
Blue,昆陽,2023-01-02,12027.0
Blue,南港,2023-01-02,28170.0
Blue,忠孝復興,2023-01-02,38630.0
Blue,南港展覽館,2023-01-02,14678.0
Blue,台北車站,2023-01-03,109063.5
Blue,頂埔,2023-01-03,18268.0
Blue,永寧,2023-01-03,25056.0
Blue,土城,2023-01-03,15524.0
Blue,海山,2023-01-03,43285.0
Blue,亞東醫院,2023-01-03,47957.0
Blue,府中,2023-01-03,51555.0
Blue,板橋,2023-01-03,85449.0
Blue,新埔,2023-01-03,73437.0
Blue,江子翠,2023-01-03,51054.0
Blue,龍山寺,2023-01-03,49280.0
Blue,西門,2023-01-03,60302.0
Blue,善導寺,2023-01-03,46524.0
Blue,忠孝新生,2023-01-03,36508.0
Blue,忠孝敦化,2023-01-03,61565.0
Blue,國父紀念館,2023-01-03,37244.0
Blue,市政府,2023-01-03,111388.0
Blue,永春,2023-01-03,41036.0
Blue,後山埤,2023-01-03,30967.0
Blue,昆陽,2023-01-03,27548.0
Blue,南港,2023-01-03,38389.0
Blue,忠孝復興,2023-01-03,46218.0
Blue,南港展覽館,2023-01-03,31220.5
Blue,台北車站,2023-01-04,105142.5
Blue,頂埔,2023-01-04,18366.0
Blue,永寧,2023-01-04,24983.0
Blue,土城,2023-01-04,15887.0
Blue,海山,2023-01-04,43978.0
Blue,亞東醫院,2023-01-04,48641.0
Blue,府中,2023-01-04,52711.0
Blue,板橋,2023-01-04,85047.0
Blue,新埔,2023-01-04,75193.0
Blue,江子翠,2023-01-04,52327.0
Blue,龍山寺,2023-01-04,50414.0
Blue,西門,2023-01-04,61840.5
Blue,善導寺,2023-01-04,48507.0
Blue,忠孝新生,2023-01-04,37193.5
Blue,忠孝敦化,2023-01-04,62353.0
Blue,國父紀念館,2023-01-04,38606.0
Blue,市政府,2023-01-04,111918.0
Blue,永春,2023-01-04,41004.0
Blue,後山埤,2023-01-04,30984.0
Blue,昆陽,2023-01-04,27482.0
Blue,南港,2023-01-04,38528.0
Blue,忠孝復興,2023-01-04,48085.0
Blue,南港展覽館,2023-01-04,32483.0
Blue,台北車站,2023-01-05,106132.0
Blue,頂埔,2023-01-05,18597.0
Blue,永寧,2023-01-05,25706.0
Blue,土城,2023-01-05,15834.0
Blue,海山,2023-01-05,44424.0
Blue,亞東醫院,2023-01-05,48318.0
Blue,府中,2023-01-05,53286.0
Blue,板橋,2023-01-05,85989.0
Blue,新埔,2023-01-05,75229.0
Blue,江子翠,2023-01-05,52550.0
Blue,龍山寺,2023-01-05,51138.0
Blue,西門,2023-01-05,62162.0
Blue,善導寺,2023-01-05,46603.0
Blue,忠孝新生,2023-01-05,37884.0
Blue,忠孝敦化,2023-01-05,64459.0
Blue,國父紀念館,2023-01-05,39277.0
Blue,市政府,2023-01-05,116033.0
Blue,永春,2023-01-05,40796.0
Blue,後山埤,2023-01-05,30714.0
Blue,昆陽,2023-01-05,28867.0
Blue,南港,2023-01-05,38598.0
Blue,忠孝復興,2023-01-05,49834.0
Blue,南港展覽館,2023-01-05,32845.5
Blue,台北車站,2023-01-06,120763.0
Blue,頂埔,2023-01-06,19054.0
Blue,永寧,2023-01-06,26437.0
Blue,土城,2023-01-06,16379.0
Blue,海山,2023-01-06,45315.0
Blue,亞東醫院,2023-01-06,49035.0
Blue,府中,2023-01-06,55487.0
Blue,板橋,2023-01-06,94631.0
Blue,新埔,2023-01-06,78777.0
Blue,江子翠,2023-01-06,54692.0
Blue,龍山寺,2023-01-06,54122.0
Blue,西門,2023-01-06,68734.5
Blue,善導寺,2023-01-06,48238.0
Blue,忠孝新生,2023-01-06,40619.0
Blue,忠孝敦化,2023-01-06,70108.0
Blue,國父紀念館,2023-01-06,41955.0
Blue,市政府,2023-01-06,127195.0
Blue,永春,2023-01-06,42498.0
Blue,後山埤,2023-01-06,32180.0
Blue,昆陽,2023-01-06,29287.0
Blue,南港,2023-01-06,42126.0
Blue,忠孝復興,2023-01-06,54443.0
Blue,南港展覽館,2023-01-06,35828.0
Blue,台北車站,2023-01-07,124729.5
Blue,頂埔,2023-01-07,17389.0
Blue,永寧,2023-01-07,24661.0
Blue,土城,2023-01-07,15257.0
Blue,海山,2023-01-07,42183.0
Blue,亞東醫院,2023-01-07,40208.0
Blue,府中,2023-01-07,55436.0
Blue,板橋,2023-01-07,94645.0
Blue,新埔,2023-01-07,68849.0
Blue,江子翠,2023-01-07,50095.0
Blue,龍山寺,2023-01-07,55340.0
Blue,西門,2023-01-07,77647.5
Blue,善導寺,2023-01-07,40307.0
Blue,忠孝新生,2023-01-07,39656.0
Blue,忠孝敦化,2023-01-07,69853.0
Blue,國父紀念館,2023-01-07,40447.0
Blue,市政府,2023-01-07,125246.0
Blue,永春,2023-01-07,39893.0
Blue,後山埤,2023-01-07,29807.0
Blue,昆陽,2023-01-07,25949.0
Blue,南港,2023-01-07,38739.0
Blue,忠孝復興,2023-01-07,56890.5
Blue,南港展覽館,2023-01-07,28768.5
Blue,台北車站,2023-01-08,110999.5
Blue,頂埔,2023-01-08,11034.0
Blue,永寧,2023-01-08,17730.0
Blue,土城,2023-01-08,10948.0
Blue,海山,2023-01-08,28565.0
Blue,亞東醫院,2023-01-08,24705.0
Blue,府中,2023-01-08,42146.0
Blue,板橋,2023-01-08,76038.0
Blue,新埔,2023-01-08,47751.0
Blue,江子翠,2023-01-08,36023.0
Blue,龍山寺,2023-01-08,44824.0
Blue,西門,2023-01-08,67782.5
Blue,善導寺,2023-01-08,23530.0
Blue,忠孝新生,2023-01-08,33348.5
Blue,忠孝敦化,2023-01-08,45280.0
Blue,國父紀念館,2023-01-08,27881.0
Blue,市政府,2023-01-08,87991.0
Blue,永春,2023-01-08,25035.0
Blue,後山埤,2023-01-08,21890.0
Blue,昆陽,2023-01-08,15779.0
Blue,南港,2023-01-08,27789.0
Blue,忠孝復興,2023-01-08,41325.0
Blue,南港展覽館,2023-01-08,16819.0
Blue,台北車站,2023-01-09,109114.5
Blue,頂埔,2023-01-09,18454.0
Blue,永寧,2023-01-09,25234.0
Blue,土城,2023-01-09,16162.0
Blue,海山,2023-01-09,43465.0
Blue,亞東醫院,2023-01-09,46583.0
Blue,府中,2023-01-09,51580.0
Blue,板橋,2023-01-09,85905.0
Blue,新埔,2023-01-09,73346.0
Blue,江子翠,2023-01-09,50501.0
Blue,龍山寺,2023-01-09,49703.0
Blue,西門,2023-01-09,61863.5
Blue,善導寺,2023-01-09,44118.0
Blue,忠孝新生,2023-01-09,36648.5
Blue,忠孝敦化,2023-01-09,62405.0
Blue,國父紀念館,2023-01-09,36866.0
Blue,市政府,2023-01-09,112280.0
Blue,永春,2023-01-09,39028.0
Blue,後山埤,2023-01-09,29933.0
Blue,昆陽,2023-01-09,27501.0
Blue,南港,2023-01-09,37897.0
Blue,忠孝復興,2023-01-09,47330.0
Blue,南港展覽館,2023-01-09,32730.0
Blue,台北車站,2023-01-10,107410.5
Blue,頂埔,2023-01-10,18652.0
Blue,永寧,2023-01-10,25464.0
Blue,土城,2023-01-10,15996.0
Blue,海山,2023-01-10,44002.0
Blue,亞東醫院,2023-01-10,47780.0
Blue,府中,2023-01-10,53622.0
Blue,板橋,2023-01-10,86155.0
Blue,新埔,2023-01-10,72593.0
Blue,江子翠,2023-01-10,52273.0
Blue,龍山寺,2023-01-10,50598.0
Blue,西門,2023-01-10,62329.0
Blue,善導寺,2023-01-10,45479.0
Blue,忠孝新生,2023-01-10,37042.0
Blue,忠孝敦化,2023-01-10,65219.0
Blue,國父紀念館,2023-01-10,38672.0
Blue,市政府,2023-01-10,114810.0
Blue,永春,2023-01-10,40814.0
Blue,後山埤,2023-01-10,30361.0
Blue,昆陽,2023-01-10,28442.0
Blue,南港,2023-01-10,38784.0
Blue,忠孝復興,2023-01-10,48720.0
Blue,南港展覽館,2023-01-10,36879.5
Blue,台北車站,2023-01-11,111371.5
Blue,頂埔,2023-01-11,18667.0
Blue,永寧,2023-01-11,25903.0
Blue,土城,2023-01-11,16349.0
Blue,海山,2023-01-11,44596.0
Blue,亞東醫院,2023-01-11,47549.0
Blue,府中,2023-01-11,53853.0
Blue,板橋,2023-01-11,87837.0
Blue,新埔,2023-01-11,72735.0
Blue,江子翠,2023-01-11,53255.0
Blue,龍山寺,2023-01-11,51778.0
Blue,西門,2023-01-11,63948.0
Blue,善導寺,2023-01-11,46927.0
Blue,忠孝新生,2023-01-11,39280.0
Blue,忠孝敦化,2023-01-11,67222.0
Blue,國父紀念館,2023-01-11,40059.0
Blue,市政府,2023-01-11,116717.0
Blue,永春,2023-01-11,41585.0
Blue,後山埤,2023-01-11,30919.0
Blue,昆陽,2023-01-11,27930.0
Blue,南港,2023-01-11,39460.0
Blue,忠孝復興,2023-01-11,50947.0
Blue,南港展覽館,2023-01-11,36477.0
Blue,台北車站,2023-01-12,113286.5
Blue,頂埔,2023-01-12,18554.0
Blue,永寧,2023-01-12,26148.0
Blue,土城,2023-01-12,15924.0
Blue,海山,2023-01-12,45571.0
Blue,亞東醫院,2023-01-12,46551.0
Blue,府中,2023-01-12,54174.0
Blue,板橋,2023-01-12,88076.0
Blue,新埔,2023-01-12,72123.0
Blue,江子翠,2023-01-12,52450.0
Blue,龍山寺,2023-01-12,52559.0
Blue,西門,2023-01-12,64870.0
Blue,善導寺,2023-01-12,45337.0
Blue,忠孝新生,2023-01-12,39693.0
Blue,忠孝敦化,2023-01-12,67589.0
Blue,國父紀念館,2023-01-12,40245.0
Blue,市政府,2023-01-12,119165.0
Blue,永春,2023-01-12,41232.0
Blue,後山埤,2023-01-12,31226.0
Blue,昆陽,2023-01-12,29426.0
Blue,南港,2023-01-12,40370.0
Blue,忠孝復興,2023-01-12,52632.5
Blue,南港展覽館,2023-01-12,36706.5
Blue,台北車站,2023-01-13,132229.0
Blue,頂埔,2023-01-13,19644.0
Blue,永寧,2023-01-13,27557.0
Blue,土城,2023-01-13,16864.0
Blue,海山,2023-01-13,45144.0
Blue,亞東醫院,2023-01-13,47026.0
Blue,府中,2023-01-13,58830.0
Blue,板橋,2023-01-13,99018.0
Blue,新埔,2023-01-13,75559.0
Blue,江子翠,2023-01-13,54945.0
Blue,龍山寺,2023-01-13,53886.0
Blue,西門,2023-01-13,74709.5
Blue,善導寺,2023-01-13,46836.0
Blue,忠孝新生,2023-01-13,43326.0
Blue,忠孝敦化,2023-01-13,75045.0
Blue,國父紀念館,2023-01-13,44277.0
Blue,市政府,2023-01-13,134964.0
Blue,永春,2023-01-13,43874.0
Blue,後山埤,2023-01-13,32910.0
Blue,昆陽,2023-01-13,29527.0
Blue,南港,2023-01-13,44264.0
Blue,忠孝復興,2023-01-13,59859.0
Blue,南港展覽館,2023-01-13,37510.5
Blue,台北車站,2023-01-14,129711.5
Blue,頂埔,2023-01-14,13138.0
Blue,永寧,2023-01-14,20841.0
Blue,土城,2023-01-14,13303.0
Blue,海山,2023-01-14,35479.0
Blue,亞東醫院,2023-01-14,31831.0
Blue,府中,2023-01-14,52639.0
Blue,板橋,2023-01-14,90211.0
Blue,新埔,2023-01-14,59160.0
Blue,江子翠,2023-01-14,44087.0
Blue,龍山寺,2023-01-14,51095.0
Blue,西門,2023-01-14,80484.5
Blue,善導寺,2023-01-14,30950.0
Blue,忠孝新生,2023-01-14,40791.0
Blue,忠孝敦化,2023-01-14,64030.0
Blue,國父紀念館,2023-01-14,35769.0
Blue,市政府,2023-01-14,115543.0
Blue,永春,2023-01-14,31307.0
Blue,後山埤,2023-01-14,27728.0
Blue,昆陽,2023-01-14,16561.0
Blue,南港,2023-01-14,34194.0
Blue,忠孝復興,2023-01-14,57528.0
Blue,南港展覽館,2023-01-14,33278.5
Blue,台北車站,2023-01-15,113191.5
Blue,頂埔,2023-01-15,10459.0
Blue,永寧,2023-01-15,16352.0
Blue,土城,2023-01-15,10490.0
Blue,海山,2023-01-15,28757.0
Blue,亞東醫院,2023-01-15,23281.0
Blue,府中,2023-01-15,41950.0
Blue,板橋,2023-01-15,76248.0
Blue,新埔,2023-01-15,46884.0
Blue,江子翠,2023-01-15,34903.0
Blue,龍山寺,2023-01-15,42154.0
Blue,西門,2023-01-15,70133.5
Blue,善導寺,2023-01-15,22916.0
Blue,忠孝新生,2023-01-15,31836.5
Blue,忠孝敦化,2023-01-15,48826.0
Blue,國父紀念館,2023-01-15,29714.0
Blue,市政府,2023-01-15,95661.0
Blue,永春,2023-01-15,26604.0
Blue,後山埤,2023-01-15,22062.0
Blue,昆陽,2023-01-15,15881.0
Blue,南港,2023-01-15,29000.0
Blue,忠孝復興,2023-01-15,45450.0
Blue,南港展覽館,2023-01-15,21162.0
Blue,台北車站,2023-01-16,116041.5
Blue,頂埔,2023-01-16,18705.0
Blue,永寧,2023-01-16,24245.0
Blue,土城,2023-01-16,16275.0
Blue,海山,2023-01-16,43699.0
Blue,亞東醫院,2023-01-16,45869.0
Blue,府中,2023-01-16,53423.0
Blue,板橋,2023-01-16,90961.0
Blue,新埔,2023-01-16,71966.0
Blue,江子翠,2023-01-16,52481.0
Blue,龍山寺,2023-01-16,50221.0
Blue,西門,2023-01-16,67266.5
Blue,善導寺,2023-01-16,40731.0
Blue,忠孝新生,2023-01-16,37092.5
Blue,忠孝敦化,2023-01-16,67518.0
Blue,國父紀念館,2023-01-16,40779.0
Blue,市政府,2023-01-16,121387.0
Blue,永春,2023-01-16,41611.0
Blue,後山埤,2023-01-16,31378.0
Blue,昆陽,2023-01-16,28495.0
Blue,南港,2023-01-16,40028.0
Blue,忠孝復興,2023-01-16,52010.5
Blue,南港展覽館,2023-01-16,32648.0
Blue,台北車站,2023-01-17,112541.5
Blue,頂埔,2023-01-17,18955.0
Blue,永寧,2023-01-17,24923.0
Blue,土城,2023-01-17,16208.0
Blue,海山,2023-01-17,44322.0
Blue,亞東醫院,2023-01-17,46656.0
Blue,府中,2023-01-17,54021.0
Blue,板橋,2023-01-17,90188.0
Blue,新埔,2023-01-17,72895.0
Blue,江子翠,2023-01-17,53456.0
Blue,龍山寺,2023-01-17,51116.0
Blue,西門,2023-01-17,66329.5
Blue,善導寺,2023-01-17,42783.0
Blue,忠孝新生,2023-01-17,37645.5
Blue,忠孝敦化,2023-01-17,70620.0
Blue,國父紀念館,2023-01-17,41344.0
Blue,市政府,2023-01-17,124076.0
Blue,永春,2023-01-17,44029.0
Blue,後山埤,2023-01-17,32004.0
Blue,昆陽,2023-01-17,28940.0
Blue,南港,2023-01-17,42359.0
Blue,忠孝復興,2023-01-17,55090.0
Blue,南港展覽館,2023-01-17,36629.0
Blue,台北車站,2023-01-18,117375.5
Blue,頂埔,2023-01-18,19401.0
Blue,永寧,2023-01-18,25222.0
Blue,土城,2023-01-18,16702.0
Blue,海山,2023-01-18,44883.0
Blue,亞東醫院,2023-01-18,47267.0
Blue,府中,2023-01-18,55227.0
Blue,板橋,2023-01-18,93151.0
Blue,新埔,2023-01-18,75103.0
Blue,江子翠,2023-01-18,54376.0
Blue,龍山寺,2023-01-18,51941.0
Blue,西門,2023-01-18,69639.0
Blue,善導寺,2023-01-18,42321.0
Blue,忠孝新生,2023-01-18,37576.0
Blue,忠孝敦化,2023-01-18,72191.0
Blue,國父紀念館,2023-01-18,42174.0
Blue,市政府,2023-01-18,126610.0
Blue,永春,2023-01-18,43592.0
Blue,後山埤,2023-01-18,32616.0
Blue,昆陽,2023-01-18,28834.0
Blue,南港,2023-01-18,42822.0
Blue,忠孝復興,2023-01-18,56758.0
Blue,南港展覽館,2023-01-18,33971.0
Blue,台北車站,2023-01-19,125657.5
Blue,頂埔,2023-01-19,19337.0
Blue,永寧,2023-01-19,25358.0
Blue,土城,2023-01-19,16729.0
Blue,海山,2023-01-19,46308.0
Blue,亞東醫院,2023-01-19,44370.0
Blue,府中,2023-01-19,58190.0
Blue,板橋,2023-01-19,100721.0
Blue,新埔,2023-01-19,74433.0
Blue,江子翠,2023-01-19,53879.0
Blue,龍山寺,2023-01-19,53231.0
Blue,西門,2023-01-19,83199.5
Blue,善導寺,2023-01-19,38730.0
Blue,忠孝新生,2023-01-19,39730.5
Blue,忠孝敦化,2023-01-19,74234.0
Blue,國父紀念館,2023-01-19,41840.0
Blue,市政府,2023-01-19,134005.0
Blue,永春,2023-01-19,44372.0
Blue,後山埤,2023-01-19,33226.0
Blue,昆陽,2023-01-19,28480.0
Blue,南港,2023-01-19,48668.0
Blue,忠孝復興,2023-01-19,60209.5
Blue,南港展覽館,2023-01-19,35111.0
Blue,台北車站,2023-01-20,84695.0
Blue,頂埔,2023-01-20,9477.0
Blue,永寧,2023-01-20,12491.0
Blue,土城,2023-01-20,9549.0
Blue,海山,2023-01-20,23498.0
Blue,亞東醫院,2023-01-20,22521.0
Blue,府中,2023-01-20,33027.0
Blue,板橋,2023-01-20,65624.0
Blue,新埔,2023-01-20,40480.0
Blue,江子翠,2023-01-20,29368.0
Blue,龍山寺,2023-01-20,35532.0
Blue,西門,2023-01-20,53862.0
Blue,善導寺,2023-01-20,15423.0
Blue,忠孝新生,2023-01-20,23550.5
Blue,忠孝敦化,2023-01-20,41759.0
Blue,國父紀念館,2023-01-20,19744.0
Blue,市政府,2023-01-20,77690.0
Blue,永春,2023-01-20,24005.0
Blue,後山埤,2023-01-20,20176.0
Blue,昆陽,2023-01-20,11392.0
Blue,南港,2023-01-20,28910.0
Blue,忠孝復興,2023-01-20,41431.5
Blue,南港展覽館,2023-01-20,13915.5
Blue,台北車站,2023-01-21,50082.0
Blue,頂埔,2023-01-21,6435.0
Blue,永寧,2023-01-21,8404.0
Blue,土城,2023-01-21,6526.0
Blue,海山,2023-01-21,15741.0
Blue,亞東醫院,2023-01-21,12324.0
Blue,府中,2023-01-21,17649.0
Blue,板橋,2023-01-21,43252.0
Blue,新埔,2023-01-21,23382.0
Blue,江子翠,2023-01-21,17468.0
Blue,龍山寺,2023-01-21,26547.0
Blue,西門,2023-01-21,29010.5
Blue,善導寺,2023-01-21,10620.0
Blue,忠孝新生,2023-01-21,10435.5
Blue,忠孝敦化,2023-01-21,15568.0
Blue,國父紀念館,2023-01-21,8527.0
Blue,市政府,2023-01-21,40714.0
Blue,永春,2023-01-21,15020.0
Blue,後山埤,2023-01-21,12642.0
Blue,昆陽,2023-01-21,6609.0
Blue,南港,2023-01-21,16138.0
Blue,忠孝復興,2023-01-21,19101.0
Blue,南港展覽館,2023-01-21,8490.0
Blue,台北車站,2023-01-22,79718.0
Blue,頂埔,2023-01-22,9153.0
Blue,永寧,2023-01-22,13302.0
Blue,土城,2023-01-22,9191.0
Blue,海山,2023-01-22,23790.0
Blue,亞東醫院,2023-01-22,16882.0
Blue,府中,2023-01-22,37273.0
Blue,板橋,2023-01-22,67184.0
Blue,新埔,2023-01-22,35172.0
Blue,江子翠,2023-01-22,24631.0
Blue,龍山寺,2023-01-22,86479.0
Blue,西門,2023-01-22,62335.5
Blue,善導寺,2023-01-22,10555.0
Blue,忠孝新生,2023-01-22,20837.5
Blue,忠孝敦化,2023-01-22,21234.0
Blue,國父紀念館,2023-01-22,14040.0
Blue,市政府,2023-01-22,78646.0
Blue,永春,2023-01-22,14877.0
Blue,後山埤,2023-01-22,18889.0
Blue,昆陽,2023-01-22,8736.0
Blue,南港,2023-01-22,23019.0
Blue,忠孝復興,2023-01-22,30416.5
Blue,南港展覽館,2023-01-22,12099.0
Blue,台北車站,2023-01-23,82715.0
Blue,頂埔,2023-01-23,9236.0
Blue,永寧,2023-01-23,13317.0
Blue,土城,2023-01-23,8261.0
Blue,海山,2023-01-23,21793.0
Blue,亞東醫院,2023-01-23,17130.0
Blue,府中,2023-01-23,31123.0
Blue,板橋,2023-01-23,68851.0
Blue,新埔,2023-01-23,32335.0
Blue,江子翠,2023-01-23,23889.0
Blue,龍山寺,2023-01-23,55243.0
Blue,西門,2023-01-23,58042.5
Blue,善導寺,2023-01-23,10329.0
Blue,忠孝新生,2023-01-23,20772.5
Blue,忠孝敦化,2023-01-23,23226.0
Blue,國父紀念館,2023-01-23,15073.0
Blue,市政府,2023-01-23,75179.0
Blue,永春,2023-01-23,16063.0
Blue,後山埤,2023-01-23,17590.0
Blue,昆陽,2023-01-23,9172.0
Blue,南港,2023-01-23,24519.0
Blue,忠孝復興,2023-01-23,30187.0
Blue,南港展覽館,2023-01-23,12187.0
Blue,台北車站,2023-01-24,96121.0
Blue,頂埔,2023-01-24,8595.0
Blue,永寧,2023-01-24,12278.0
Blue,土城,2023-01-24,7749.0
Blue,海山,2023-01-24,20014.0
Blue,亞東醫院,2023-01-24,16142.0
Blue,府中,2023-01-24,31012.0
Blue,板橋,2023-01-24,70320.0
Blue,新埔,2023-01-24,31196.0
Blue,江子翠,2023-01-24,23150.0
Blue,龍山寺,2023-01-24,49809.0
Blue,西門,2023-01-24,69137.5
Blue,善導寺,2023-01-24,11191.0
Blue,忠孝新生,2023-01-24,26090.5
Blue,忠孝敦化,2023-01-24,29826.0
Blue,國父紀念館,2023-01-24,17049.0
Blue,市政府,2023-01-24,83988.0
Blue,永春,2023-01-24,15413.0
Blue,後山埤,2023-01-24,16729.0
Blue,昆陽,2023-01-24,9468.0
Blue,南港,2023-01-24,26588.0
Blue,忠孝復興,2023-01-24,34214.5
Blue,南港展覽館,2023-01-24,12084.5
Blue,台北車站,2023-01-25,104472.5
Blue,頂埔,2023-01-25,10239.0
Blue,永寧,2023-01-25,15688.0
Blue,土城,2023-01-25,9285.0
Blue,海山,2023-01-25,24756.0
Blue,亞東醫院,2023-01-25,21544.0
Blue,府中,2023-01-25,37989.0
Blue,板橋,2023-01-25,78866.0
Blue,新埔,2023-01-25,37436.0
Blue,江子翠,2023-01-25,27584.0
Blue,龍山寺,2023-01-25,58895.0
Blue,西門,2023-01-25,77017.5
Blue,善導寺,2023-01-25,13474.0
Blue,忠孝新生,2023-01-25,30886.0
Blue,忠孝敦化,2023-01-25,35258.0
Blue,國父紀念館,2023-01-25,21757.0
Blue,市政府,2023-01-25,90928.0
Blue,永春,2023-01-25,17498.0
Blue,後山埤,2023-01-25,18682.0
Blue,昆陽,2023-01-25,10134.0
Blue,南港,2023-01-25,27672.0
Blue,忠孝復興,2023-01-25,37722.0
Blue,南港展覽館,2023-01-25,13913.5
Blue,台北車站,2023-01-26,114041.5
Blue,頂埔,2023-01-26,10894.0
Blue,永寧,2023-01-26,18647.0
Blue,土城,2023-01-26,10577.0
Blue,海山,2023-01-26,28078.0
Blue,亞東醫院,2023-01-26,24996.0
Blue,府中,2023-01-26,42979.0
Blue,板橋,2023-01-26,83937.0
Blue,新埔,2023-01-26,43972.0
Blue,江子翠,2023-01-26,31600.0
Blue,龍山寺,2023-01-26,61027.0
Blue,西門,2023-01-26,81056.5
Blue,善導寺,2023-01-26,16048.0
Blue,忠孝新生,2023-01-26,36022.5
Blue,忠孝敦化,2023-01-26,41237.0
Blue,國父紀念館,2023-01-26,26397.0
Blue,市政府,2023-01-26,95005.0
Blue,永春,2023-01-26,21263.0
Blue,後山埤,2023-01-26,22059.0
Blue,昆陽,2023-01-26,12372.0
Blue,南港,2023-01-26,31214.0
Blue,忠孝復興,2023-01-26,42317.5
Blue,南港展覽館,2023-01-26,16593.0
Blue,台北車站,2023-01-27,126794.5
Blue,頂埔,2023-01-27,10618.0
Blue,永寧,2023-01-27,17965.0
Blue,土城,2023-01-27,10078.0
Blue,海山,2023-01-27,27116.0
Blue,亞東醫院,2023-01-27,25870.0
Blue,府中,2023-01-27,40716.0
Blue,板橋,2023-01-27,82067.0
Blue,新埔,2023-01-27,43750.0
Blue,江子翠,2023-01-27,31835.0
Blue,龍山寺,2023-01-27,51640.0
Blue,西門,2023-01-27,83588.5
Blue,善導寺,2023-01-27,17008.0
Blue,忠孝新生,2023-01-27,37551.0
Blue,忠孝敦化,2023-01-27,46945.0
Blue,國父紀念館,2023-01-27,28754.0
Blue,市政府,2023-01-27,98230.0
Blue,永春,2023-01-27,22380.0
Blue,後山埤,2023-01-27,21996.0
Blue,昆陽,2023-01-27,12618.0
Blue,南港,2023-01-27,38533.0
Blue,忠孝復興,2023-01-27,45331.0
Blue,南港展覽館,2023-01-27,57202.0
Blue,台北車站,2023-01-28,127003.0
Blue,頂埔,2023-01-28,10702.0
Blue,永寧,2023-01-28,18290.0
Blue,土城,2023-01-28,10821.0
Blue,海山,2023-01-28,28752.0
Blue,亞東醫院,2023-01-28,25376.0
Blue,府中,2023-01-28,42853.0
Blue,板橋,2023-01-28,82183.0
Blue,新埔,2023-01-28,46635.0
Blue,江子翠,2023-01-28,34396.0
Blue,龍山寺,2023-01-28,52304.0
Blue,西門,2023-01-28,84588.5
Blue,善導寺,2023-01-28,18515.0
Blue,忠孝新生,2023-01-28,36550.0
Blue,忠孝敦化,2023-01-28,49450.0
Blue,國父紀念館,2023-01-28,30745.0
Blue,市政府,2023-01-28,97926.0
Blue,永春,2023-01-28,24127.0
Blue,後山埤,2023-01-28,22785.0
Blue,昆陽,2023-01-28,13826.0
Blue,南港,2023-01-28,36100.0
Blue,忠孝復興,2023-01-28,46524.0
Blue,南港展覽館,2023-01-28,45437.0
Blue,台北車站,2023-01-29,111988.5
Blue,頂埔,2023-01-29,10443.0
Blue,永寧,2023-01-29,16067.0
Blue,土城,2023-01-29,9829.0
Blue,海山,2023-01-29,27013.0
Blue,亞東醫院,2023-01-29,22061.0
Blue,府中,2023-01-29,40055.0
Blue,板橋,2023-01-29,74859.0
Blue,新埔,2023-01-29,43493.0
Blue,江子翠,2023-01-29,31775.0
Blue,龍山寺,2023-01-29,48528.0
Blue,西門,2023-01-29,71681.0
Blue,善導寺,2023-01-29,16900.0
Blue,忠孝新生,2023-01-29,31052.0
Blue,忠孝敦化,2023-01-29,40390.0
Blue,國父紀念館,2023-01-29,28264.0
Blue,市政府,2023-01-29,85485.0
Blue,永春,2023-01-29,23449.0
Blue,後山埤,2023-01-29,22727.0
Blue,昆陽,2023-01-29,12945.0
Blue,南港,2023-01-29,32735.0
Blue,忠孝復興,2023-01-29,39245.0
Blue,南港展覽館,2023-01-29,38882.5
Blue,台北車站,2023-01-30,121555.0
Blue,頂埔,2023-01-30,18088.0
Blue,永寧,2023-01-30,23888.0
Blue,土城,2023-01-30,15512.0
Blue,海山,2023-01-30,41294.0
Blue,亞東醫院,2023-01-30,43350.0
Blue,府中,2023-01-30,53874.0
Blue,板橋,2023-01-30,87975.0
Blue,新埔,2023-01-30,68124.0
Blue,江子翠,2023-01-30,49875.0
Blue,龍山寺,2023-01-30,52608.0
Blue,西門,2023-01-30,70964.5
Blue,善導寺,2023-01-30,33384.0
Blue,忠孝新生,2023-01-30,37045.0
Blue,忠孝敦化,2023-01-30,61229.0
Blue,國父紀念館,2023-01-30,40340.0
Blue,市政府,2023-01-30,114891.0
Blue,永春,2023-01-30,35513.0
Blue,後山埤,2023-01-30,31952.0
Blue,昆陽,2023-01-30,26194.0
Blue,南港,2023-01-30,39554.0
Blue,忠孝復興,2023-01-30,46276.5
Blue,南港展覽館,2023-01-30,50998.5
Blue,台北車站,2023-01-31,118767.0
Blue,頂埔,2023-01-31,18430.0
Blue,永寧,2023-01-31,24710.0
Blue,土城,2023-01-31,15962.0
Blue,海山,2023-01-31,42800.0
Blue,亞東醫院,2023-01-31,46176.0
Blue,府中,2023-01-31,54378.0
Blue,板橋,2023-01-31,88840.0
Blue,新埔,2023-01-31,71599.0
Blue,江子翠,2023-01-31,50994.0
Blue,龍山寺,2023-01-31,51740.0
Blue,西門,2023-01-31,70560.5
Blue,善導寺,2023-01-31,36459.0
Blue,忠孝新生,2023-01-31,38359.0
Blue,忠孝敦化,2023-01-31,63770.0
Blue,國父紀念館,2023-01-31,43236.0
Blue,市政府,2023-01-31,118791.0
Blue,永春,2023-01-31,35398.0
Blue,後山埤,2023-01-31,30991.0
Blue,昆陽,2023-01-31,27039.0
Blue,南港,2023-01-31,38572.0
Blue,忠孝復興,2023-01-31,48143.5
Blue,南港展覽館,2023-01-31,46255.5
Blue,台北車站,2023-02-01,116526.0
Blue,頂埔,2023-02-01,18524.0
Blue,永寧,2023-02-01,25309.0
Blue,土城,2023-02-01,15884.0
Blue,海山,2023-02-01,43152.0
Blue,亞東醫院,2023-02-01,46238.0
Blue,府中,2023-02-01,54228.0
Blue,板橋,2023-02-01,87773.0
Blue,新埔,2023-02-01,71000.0
Blue,江子翠,2023-02-01,51647.0
Blue,龍山寺,2023-02-01,51710.0
Blue,西門,2023-02-01,69922.0
Blue,善導寺,2023-02-01,37519.0
Blue,忠孝新生,2023-02-01,38279.0
Blue,忠孝敦化,2023-02-01,63055.0
Blue,國父紀念館,2023-02-01,48508.0
Blue,市政府,2023-02-01,118551.0
Blue,永春,2023-02-01,35501.0
Blue,後山埤,2023-02-01,30441.0
Blue,昆陽,2023-02-01,26733.0
Blue,南港,2023-02-01,36309.0
Blue,忠孝復興,2023-02-01,49200.0
Blue,南港展覽館,2023-02-01,34507.5
Blue,台北車站,2023-02-02,118847.0
Blue,頂埔,2023-02-02,18285.0
Blue,永寧,2023-02-02,24361.0
Blue,土城,2023-02-02,15358.0
Blue,海山,2023-02-02,41896.0
Blue,亞東醫院,2023-02-02,45074.0
Blue,府中,2023-02-02,53085.0
Blue,板橋,2023-02-02,87229.0
Blue,新埔,2023-02-02,70327.0
Blue,江子翠,2023-02-02,50798.0
Blue,龍山寺,2023-02-02,51286.0
Blue,西門,2023-02-02,70031.0
Blue,善導寺,2023-02-02,37527.0
Blue,忠孝新生,2023-02-02,37762.5
Blue,忠孝敦化,2023-02-02,63831.0
Blue,國父紀念館,2023-02-02,50255.0
Blue,市政府,2023-02-02,120388.0
Blue,永春,2023-02-02,36094.0
Blue,後山埤,2023-02-02,30621.0
Blue,昆陽,2023-02-02,27503.0
Blue,南港,2023-02-02,39401.0
Blue,忠孝復興,2023-02-02,49253.5
Blue,南港展覽館,2023-02-02,46125.5
Blue,台北車站,2023-02-03,133128.5
Blue,頂埔,2023-02-03,18896.0
Blue,永寧,2023-02-03,25844.0
Blue,土城,2023-02-03,16303.0
Blue,海山,2023-02-03,43914.0
Blue,亞東醫院,2023-02-03,46128.0
Blue,府中,2023-02-03,56178.0
Blue,板橋,2023-02-03,94253.0
Blue,新埔,2023-02-03,72530.0
Blue,江子翠,2023-02-03,53232.0
Blue,龍山寺,2023-02-03,53778.0
Blue,西門,2023-02-03,78311.0
Blue,善導寺,2023-02-03,41154.0
Blue,忠孝新生,2023-02-03,41804.5
Blue,忠孝敦化,2023-02-03,69326.0
Blue,國父紀念館,2023-02-03,62507.0
Blue,市政府,2023-02-03,132183.0
Blue,永春,2023-02-03,38308.0
Blue,後山埤,2023-02-03,32421.0
Blue,昆陽,2023-02-03,29836.0
Blue,南港,2023-02-03,42593.0
Blue,忠孝復興,2023-02-03,55273.5
Blue,南港展覽館,2023-02-03,49758.5
Blue,台北車站,2023-02-04,146229.0
Blue,頂埔,2023-02-04,17366.0
Blue,永寧,2023-02-04,24545.0
Blue,土城,2023-02-04,15307.0
Blue,海山,2023-02-04,41701.0
Blue,亞東醫院,2023-02-04,38890.0
Blue,府中,2023-02-04,57503.0
Blue,板橋,2023-02-04,98931.0
Blue,新埔,2023-02-04,69215.0
Blue,江子翠,2023-02-04,50218.0
Blue,龍山寺,2023-02-04,58566.0
Blue,西門,2023-02-04,92596.5
Blue,善導寺,2023-02-04,38252.0
Blue,忠孝新生,2023-02-04,46338.5
Blue,忠孝敦化,2023-02-04,71549.0
Blue,國父紀念館,2023-02-04,85585.0
Blue,市政府,2023-02-04,150810.0
Blue,永春,2023-02-04,36792.0
Blue,後山埤,2023-02-04,32236.0
Blue,昆陽,2023-02-04,27934.0
Blue,南港,2023-02-04,45427.0
Blue,忠孝復興,2023-02-04,62441.0
Blue,南港展覽館,2023-02-04,51361.0
Blue,台北車站,2023-02-05,128480.0
Blue,頂埔,2023-02-05,10409.0
Blue,永寧,2023-02-05,16162.0
Blue,土城,2023-02-05,10196.0
Blue,海山,2023-02-05,27198.0
Blue,亞東醫院,2023-02-05,23511.0
Blue,府中,2023-02-05,41921.0
Blue,板橋,2023-02-05,77881.0
Blue,新埔,2023-02-05,46284.0
Blue,江子翠,2023-02-05,34179.0
Blue,龍山寺,2023-02-05,48867.0
Blue,西門,2023-02-05,79432.5
Blue,善導寺,2023-02-05,23926.0
Blue,忠孝新生,2023-02-05,36581.5
Blue,忠孝敦化,2023-02-05,47918.0
Blue,國父紀念館,2023-02-05,93532.0
Blue,市政府,2023-02-05,116902.0
Blue,永春,2023-02-05,27054.0
Blue,後山埤,2023-02-05,24466.0
Blue,昆陽,2023-02-05,16755.0
Blue,南港,2023-02-05,37082.0
Blue,忠孝復興,2023-02-05,47176.0
Blue,南港展覽館,2023-02-05,41026.0
Blue,台北車站,2023-02-06,124101.0
Blue,頂埔,2023-02-06,18333.0
Blue,永寧,2023-02-06,23671.0
Blue,土城,2023-02-06,15587.0
Blue,海山,2023-02-06,42676.0
Blue,亞東醫院,2023-02-06,45717.0
Blue,府中,2023-02-06,53218.0
Blue,板橋,2023-02-06,89837.0
Blue,新埔,2023-02-06,70042.0
Blue,江子翠,2023-02-06,50854.0
Blue,龍山寺,2023-02-06,51386.0
Blue,西門,2023-02-06,71182.0
Blue,善導寺,2023-02-06,39405.0
Blue,忠孝新生,2023-02-06,39412.5
Blue,忠孝敦化,2023-02-06,63446.0
Blue,國父紀念館,2023-02-06,77839.0
Blue,市政府,2023-02-06,123975.0
Blue,永春,2023-02-06,36315.0
Blue,後山埤,2023-02-06,31221.0
Blue,昆陽,2023-02-06,27519.0
Blue,南港,2023-02-06,37638.0
Blue,忠孝復興,2023-02-06,49640.0
Blue,南港展覽館,2023-02-06,32774.5
Blue,台北車站,2023-02-07,124409.5
Blue,頂埔,2023-02-07,18903.0
Blue,永寧,2023-02-07,25479.0
Blue,土城,2023-02-07,16037.0
Blue,海山,2023-02-07,43596.0
Blue,亞東醫院,2023-02-07,47585.0
Blue,府中,2023-02-07,55289.0
Blue,板橋,2023-02-07,91040.0
Blue,新埔,2023-02-07,72015.0
Blue,江子翠,2023-02-07,52087.0
Blue,龍山寺,2023-02-07,53346.0
Blue,西門,2023-02-07,72294.5
Blue,善導寺,2023-02-07,39490.0
Blue,忠孝新生,2023-02-07,39428.5
Blue,忠孝敦化,2023-02-07,66469.0
Blue,國父紀念館,2023-02-07,83493.0
Blue,市政府,2023-02-07,128689.0
Blue,永春,2023-02-07,37315.0
Blue,後山埤,2023-02-07,31886.0
Blue,昆陽,2023-02-07,27971.0
Blue,南港,2023-02-07,38730.0
Blue,忠孝復興,2023-02-07,52581.0
Blue,南港展覽館,2023-02-07,34159.5
Blue,台北車站,2023-02-08,127958.5
Blue,頂埔,2023-02-08,18900.0
Blue,永寧,2023-02-08,25692.0
Blue,土城,2023-02-08,16616.0
Blue,海山,2023-02-08,44244.0
Blue,亞東醫院,2023-02-08,47797.0
Blue,府中,2023-02-08,55890.0
Blue,板橋,2023-02-08,92515.0
Blue,新埔,2023-02-08,73729.0
Blue,江子翠,2023-02-08,53532.0
Blue,龍山寺,2023-02-08,53774.0
Blue,西門,2023-02-08,74604.5
Blue,善導寺,2023-02-08,40899.0
Blue,忠孝新生,2023-02-08,40848.5
Blue,忠孝敦化,2023-02-08,67776.0
Blue,國父紀念館,2023-02-08,88474.0
Blue,市政府,2023-02-08,131253.0
Blue,永春,2023-02-08,37620.0
Blue,後山埤,2023-02-08,32514.0
Blue,昆陽,2023-02-08,28489.0
Blue,南港,2023-02-08,39807.0
Blue,忠孝復興,2023-02-08,54097.0
Blue,南港展覽館,2023-02-08,34606.0
Blue,台北車站,2023-02-09,129433.0
Blue,頂埔,2023-02-09,18853.0
Blue,永寧,2023-02-09,25786.0
Blue,土城,2023-02-09,16616.0
Blue,海山,2023-02-09,44060.0
Blue,亞東醫院,2023-02-09,47151.0
Blue,府中,2023-02-09,56690.0
Blue,板橋,2023-02-09,93476.0
Blue,新埔,2023-02-09,73607.0
Blue,江子翠,2023-02-09,52825.0
Blue,龍山寺,2023-02-09,54081.0
Blue,西門,2023-02-09,74447.5
Blue,善導寺,2023-02-09,40260.0
Blue,忠孝新生,2023-02-09,41107.0
Blue,忠孝敦化,2023-02-09,69120.0
Blue,國父紀念館,2023-02-09,91835.0
Blue,市政府,2023-02-09,134878.0
Blue,永春,2023-02-09,37928.0
Blue,後山埤,2023-02-09,32853.0
Blue,昆陽,2023-02-09,29824.0
Blue,南港,2023-02-09,40947.0
Blue,忠孝復興,2023-02-09,54683.5
Blue,南港展覽館,2023-02-09,34784.0
Blue,台北車站,2023-02-10,150874.5
Blue,頂埔,2023-02-10,19793.0
Blue,永寧,2023-02-10,27478.0
Blue,土城,2023-02-10,17120.0
Blue,海山,2023-02-10,44967.0
Blue,亞東醫院,2023-02-10,47884.0
Blue,府中,2023-02-10,59350.0
Blue,板橋,2023-02-10,104477.0
Blue,新埔,2023-02-10,75979.0
Blue,江子翠,2023-02-10,55290.0
Blue,龍山寺,2023-02-10,54627.0
Blue,西門,2023-02-10,83977.0
Blue,善導寺,2023-02-10,43222.0
Blue,忠孝新生,2023-02-10,44258.5
Blue,忠孝敦化,2023-02-10,76328.0
Blue,國父紀念館,2023-02-10,82222.0
Blue,市政府,2023-02-10,148979.0
Blue,永春,2023-02-10,40517.0
Blue,後山埤,2023-02-10,33360.0
Blue,昆陽,2023-02-10,31136.0
Blue,南港,2023-02-10,44917.0
Blue,忠孝復興,2023-02-10,60964.0
Blue,南港展覽館,2023-02-10,35138.0
Blue,台北車站,2023-02-11,164798.0
Blue,頂埔,2023-02-11,14316.0
Blue,永寧,2023-02-11,24508.0
Blue,土城,2023-02-11,14765.0
Blue,海山,2023-02-11,38970.0
Blue,亞東醫院,2023-02-11,35610.0
Blue,府中,2023-02-11,57264.0
Blue,板橋,2023-02-11,103838.0
Blue,新埔,2023-02-11,65117.0
Blue,江子翠,2023-02-11,47141.0
Blue,龍山寺,2023-02-11,61028.0
Blue,西門,2023-02-11,101468.5
Blue,善導寺,2023-02-11,33719.0
Blue,忠孝新生,2023-02-11,48576.0
Blue,忠孝敦化,2023-02-11,85809.0
Blue,國父紀念館,2023-02-11,156361.0
Blue,市政府,2023-02-11,181773.0
Blue,永春,2023-02-11,34737.0
Blue,後山埤,2023-02-11,33326.0
Blue,昆陽,2023-02-11,22506.0
Blue,南港,2023-02-11,45425.0
Blue,忠孝復興,2023-02-11,68750.5
Blue,南港展覽館,2023-02-11,29642.5
Blue,台北車站,2023-02-12,136995.0
Blue,頂埔,2023-02-12,11951.0
Blue,永寧,2023-02-12,19145.0
Blue,土城,2023-02-12,11205.0
Blue,海山,2023-02-12,30246.0
Blue,亞東醫院,2023-02-12,25924.0
Blue,府中,2023-02-12,45022.0
Blue,板橋,2023-02-12,87435.0
Blue,新埔,2023-02-12,49500.0
Blue,江子翠,2023-02-12,37424.0
Blue,龍山寺,2023-02-12,49442.0
Blue,西門,2023-02-12,77600.0
Blue,善導寺,2023-02-12,23872.0
Blue,忠孝新生,2023-02-12,35223.5
Blue,忠孝敦化,2023-02-12,48400.0
Blue,國父紀念館,2023-02-12,103325.0
Blue,市政府,2023-02-12,116904.0
Blue,永春,2023-02-12,26252.0
Blue,後山埤,2023-02-12,24666.0
Blue,昆陽,2023-02-12,18132.0
Blue,南港,2023-02-12,34917.0
Blue,忠孝復興,2023-02-12,47866.5
Blue,南港展覽館,2023-02-12,20064.5
Blue,台北車站,2023-02-13,114361.0
Blue,頂埔,2023-02-13,18839.0
Blue,永寧,2023-02-13,25108.0
Blue,土城,2023-02-13,15998.0
Blue,海山,2023-02-13,44013.0
Blue,亞東醫院,2023-02-13,46332.0
Blue,府中,2023-02-13,52860.0
Blue,板橋,2023-02-13,88782.0
Blue,新埔,2023-02-13,71197.0
Blue,江子翠,2023-02-13,51788.0
Blue,龍山寺,2023-02-13,50736.0
Blue,西門,2023-02-13,66079.0
Blue,善導寺,2023-02-13,43850.0
Blue,忠孝新生,2023-02-13,34202.5
Blue,忠孝敦化,2023-02-13,61422.0
Blue,國父紀念館,2023-02-13,61635.0
Blue,市政府,2023-02-13,120790.0
Blue,永春,2023-02-13,39101.0
Blue,後山埤,2023-02-13,30311.0
Blue,昆陽,2023-02-13,28247.0
Blue,南港,2023-02-13,38600.0
Blue,忠孝復興,2023-02-13,48271.0
Blue,南港展覽館,2023-02-13,32603.5
Blue,台北車站,2023-02-14,115003.0
Blue,頂埔,2023-02-14,18855.0
Blue,永寧,2023-02-14,24882.0
Blue,土城,2023-02-14,15940.0
Blue,海山,2023-02-14,44597.0
Blue,亞東醫院,2023-02-14,47684.0
Blue,府中,2023-02-14,54504.0
Blue,板橋,2023-02-14,90835.0
Blue,新埔,2023-02-14,72869.0
Blue,江子翠,2023-02-14,52625.0
Blue,龍山寺,2023-02-14,50731.0
Blue,西門,2023-02-14,69174.0
Blue,善導寺,2023-02-14,47499.0
Blue,忠孝新生,2023-02-14,35870.0
Blue,忠孝敦化,2023-02-14,66418.0
Blue,國父紀念館,2023-02-14,60684.0
Blue,市政府,2023-02-14,126783.0
Blue,永春,2023-02-14,41531.0
Blue,後山埤,2023-02-14,31023.0
Blue,昆陽,2023-02-14,28499.0
Blue,南港,2023-02-14,40251.0
Blue,忠孝復興,2023-02-14,51660.0
Blue,南港展覽館,2023-02-14,33017.5
Blue,台北車站,2023-02-15,114826.0
Blue,頂埔,2023-02-15,18411.0
Blue,永寧,2023-02-15,24760.0
Blue,土城,2023-02-15,16268.0
Blue,海山,2023-02-15,44664.0
Blue,亞東醫院,2023-02-15,48268.0
Blue,府中,2023-02-15,53737.0
Blue,板橋,2023-02-15,90484.0
Blue,新埔,2023-02-15,73107.0
Blue,江子翠,2023-02-15,53452.0
Blue,龍山寺,2023-02-15,51565.0
Blue,西門,2023-02-15,68409.5
Blue,善導寺,2023-02-15,48041.0
Blue,忠孝新生,2023-02-15,36043.0
Blue,忠孝敦化,2023-02-15,65533.0
Blue,國父紀念館,2023-02-15,65323.0
Blue,市政府,2023-02-15,125795.0
Blue,永春,2023-02-15,40494.0
Blue,後山埤,2023-02-15,31431.0
Blue,昆陽,2023-02-15,28577.0
Blue,南港,2023-02-15,40290.0
Blue,忠孝復興,2023-02-15,50767.5
Blue,南港展覽館,2023-02-15,34839.5
Blue,台北車站,2023-02-16,118444.0
Blue,頂埔,2023-02-16,19052.0
Blue,永寧,2023-02-16,26415.0
Blue,土城,2023-02-16,16366.0
Blue,海山,2023-02-16,45450.0
Blue,亞東醫院,2023-02-16,49723.0
Blue,府中,2023-02-16,54895.0
Blue,板橋,2023-02-16,91321.0
Blue,新埔,2023-02-16,77548.0
Blue,江子翠,2023-02-16,53345.0
Blue,龍山寺,2023-02-16,53289.0
Blue,西門,2023-02-16,68864.5
Blue,善導寺,2023-02-16,46764.0
Blue,忠孝新生,2023-02-16,36404.0
Blue,忠孝敦化,2023-02-16,66578.0
Blue,國父紀念館,2023-02-16,74812.0
Blue,市政府,2023-02-16,129243.0
Blue,永春,2023-02-16,40661.0
Blue,後山埤,2023-02-16,31968.0
Blue,昆陽,2023-02-16,32915.0
Blue,南港,2023-02-16,44274.0
Blue,忠孝復興,2023-02-16,51068.0
Blue,南港展覽館,2023-02-16,46776.0
Blue,台北車站,2023-02-17,135134.0
Blue,頂埔,2023-02-17,19679.0
Blue,永寧,2023-02-17,27763.0
Blue,土城,2023-02-17,17290.0
Blue,海山,2023-02-17,46914.0
Blue,亞東醫院,2023-02-17,50577.0
Blue,府中,2023-02-17,58142.0
Blue,板橋,2023-02-17,100114.0
Blue,新埔,2023-02-17,80355.0
Blue,江子翠,2023-02-17,55185.0
Blue,龍山寺,2023-02-17,56849.0
Blue,西門,2023-02-17,78438.5
Blue,善導寺,2023-02-17,48888.0
Blue,忠孝新生,2023-02-17,41051.5
Blue,忠孝敦化,2023-02-17,72260.0
Blue,國父紀念館,2023-02-17,89117.0
Blue,市政府,2023-02-17,144297.0
Blue,永春,2023-02-17,43490.0
Blue,後山埤,2023-02-17,33819.0
Blue,昆陽,2023-02-17,33775.0
Blue,南港,2023-02-17,49542.0
Blue,忠孝復興,2023-02-17,57701.5
Blue,南港展覽館,2023-02-17,50392.0
Blue,台北車站,2023-02-18,146957.0
Blue,頂埔,2023-02-18,18151.0
Blue,永寧,2023-02-18,26433.0
Blue,土城,2023-02-18,16227.0
Blue,海山,2023-02-18,44673.0
Blue,亞東醫院,2023-02-18,41751.0
Blue,府中,2023-02-18,59769.0
Blue,板橋,2023-02-18,105923.0
Blue,新埔,2023-02-18,73094.0
Blue,江子翠,2023-02-18,52472.0
Blue,龍山寺,2023-02-18,60818.0
Blue,西門,2023-02-18,89520.0
Blue,善導寺,2023-02-18,44710.0
Blue,忠孝新生,2023-02-18,46102.0
Blue,忠孝敦化,2023-02-18,79372.0
Blue,國父紀念館,2023-02-18,117928.0
Blue,市政府,2023-02-18,167268.0
Blue,永春,2023-02-18,42106.0
Blue,後山埤,2023-02-18,33831.0
Blue,昆陽,2023-02-18,35244.0
Blue,南港,2023-02-18,52851.0
Blue,忠孝復興,2023-02-18,64471.5
Blue,南港展覽館,2023-02-18,48932.5
Blue,台北車站,2023-02-19,137183.0
Blue,頂埔,2023-02-19,11400.0
Blue,永寧,2023-02-19,18139.0
Blue,土城,2023-02-19,11220.0
Blue,海山,2023-02-19,28743.0
Blue,亞東醫院,2023-02-19,25488.0
Blue,府中,2023-02-19,44667.0
Blue,板橋,2023-02-19,85750.0
Blue,新埔,2023-02-19,50539.0
Blue,江子翠,2023-02-19,37740.0
Blue,龍山寺,2023-02-19,47968.0
Blue,西門,2023-02-19,81481.5
Blue,善導寺,2023-02-19,27284.0
Blue,忠孝新生,2023-02-19,39328.0
Blue,忠孝敦化,2023-02-19,49729.0
Blue,國父紀念館,2023-02-19,92899.0
Blue,市政府,2023-02-19,112565.0
Blue,永春,2023-02-19,27272.0
Blue,後山埤,2023-02-19,23490.0
Blue,昆陽,2023-02-19,22653.0
Blue,南港,2023-02-19,38330.0
Blue,忠孝復興,2023-02-19,48224.0
Blue,南港展覽館,2023-02-19,34723.5
Blue,台北車站,2023-02-20,110678.5
Blue,頂埔,2023-02-20,18687.0
Blue,永寧,2023-02-20,25144.0
Blue,土城,2023-02-20,16182.0
Blue,海山,2023-02-20,43983.0
Blue,亞東醫院,2023-02-20,47669.0
Blue,府中,2023-02-20,51873.0
Blue,板橋,2023-02-20,87725.0
Blue,新埔,2023-02-20,73940.0
Blue,江子翠,2023-02-20,51257.0
Blue,龍山寺,2023-02-20,52377.0
Blue,西門,2023-02-20,64421.0
Blue,善導寺,2023-02-20,43943.0
Blue,忠孝新生,2023-02-20,37038.0
Blue,忠孝敦化,2023-02-20,58399.0
Blue,國父紀念館,2023-02-20,37999.0
Blue,市政府,2023-02-20,111800.0
Blue,永春,2023-02-20,38725.0
Blue,後山埤,2023-02-20,30204.0
Blue,昆陽,2023-02-20,27921.0
Blue,南港,2023-02-20,37338.0
Blue,忠孝復興,2023-02-20,45545.5
Blue,南港展覽館,2023-02-20,32575.0
Blue,台北車站,2023-02-21,110483.0
Blue,頂埔,2023-02-21,18562.0
Blue,永寧,2023-02-21,25474.0
Blue,土城,2023-02-21,16136.0
Blue,海山,2023-02-21,44979.0
Blue,亞東醫院,2023-02-21,49570.0
Blue,府中,2023-02-21,53080.0
Blue,板橋,2023-02-21,89230.0
Blue,新埔,2023-02-21,76066.0
Blue,江子翠,2023-02-21,53110.0
Blue,龍山寺,2023-02-21,50504.0
Blue,西門,2023-02-21,63462.0
Blue,善導寺,2023-02-21,47884.0
Blue,忠孝新生,2023-02-21,37614.5
Blue,忠孝敦化,2023-02-21,63528.0
Blue,國父紀念館,2023-02-21,40083.0
Blue,市政府,2023-02-21,116333.0
Blue,永春,2023-02-21,41105.0
Blue,後山埤,2023-02-21,31599.0
Blue,昆陽,2023-02-21,28996.0
Blue,南港,2023-02-21,39271.0
Blue,忠孝復興,2023-02-21,48813.5
Blue,南港展覽館,2023-02-21,33083.0
Blue,台北車站,2023-02-22,110632.0
Blue,頂埔,2023-02-22,18823.0
Blue,永寧,2023-02-22,25681.0
Blue,土城,2023-02-22,16775.0
Blue,海山,2023-02-22,45652.0
Blue,亞東醫院,2023-02-22,49902.0
Blue,府中,2023-02-22,54816.0
Blue,板橋,2023-02-22,90053.0
Blue,新埔,2023-02-22,76891.0
Blue,江子翠,2023-02-22,54134.0
Blue,龍山寺,2023-02-22,51852.0
Blue,西門,2023-02-22,64974.0
Blue,善導寺,2023-02-22,48340.0
Blue,忠孝新生,2023-02-22,39079.0
Blue,忠孝敦化,2023-02-22,64031.0
Blue,國父紀念館,2023-02-22,40979.0
Blue,市政府,2023-02-22,115587.0
Blue,永春,2023-02-22,40721.0
Blue,後山埤,2023-02-22,31365.0
Blue,昆陽,2023-02-22,29154.0
Blue,南港,2023-02-22,39537.0
Blue,忠孝復興,2023-02-22,48306.5
Blue,南港展覽館,2023-02-22,33719.0
Blue,台北車站,2023-02-23,114781.0
Blue,頂埔,2023-02-23,18754.0
Blue,永寧,2023-02-23,26259.0
Blue,土城,2023-02-23,16319.0
Blue,海山,2023-02-23,45454.0
Blue,亞東醫院,2023-02-23,49534.0
Blue,府中,2023-02-23,54594.0
Blue,板橋,2023-02-23,90718.0
Blue,新埔,2023-02-23,76516.0
Blue,江子翠,2023-02-23,53548.0
Blue,龍山寺,2023-02-23,52409.0
Blue,西門,2023-02-23,65803.5
Blue,善導寺,2023-02-23,47514.0
Blue,忠孝新生,2023-02-23,38664.5
Blue,忠孝敦化,2023-02-23,64232.0
Blue,國父紀念館,2023-02-23,40375.0
Blue,市政府,2023-02-23,118596.0
Blue,永春,2023-02-23,40999.0
Blue,後山埤,2023-02-23,31351.0
Blue,昆陽,2023-02-23,29992.0
Blue,南港,2023-02-23,40383.0
Blue,忠孝復興,2023-02-23,49585.5
Blue,南港展覽館,2023-02-23,33778.5
Blue,台北車站,2023-02-24,142392.5
Blue,頂埔,2023-02-24,19919.0
Blue,永寧,2023-02-24,28462.0
Blue,土城,2023-02-24,17453.0
Blue,海山,2023-02-24,47548.0
Blue,亞東醫院,2023-02-24,50310.0
Blue,府中,2023-02-24,58557.0
Blue,板橋,2023-02-24,106103.0
Blue,新埔,2023-02-24,78985.0
Blue,江子翠,2023-02-24,55570.0
Blue,龍山寺,2023-02-24,54796.0
Blue,西門,2023-02-24,75833.0
Blue,善導寺,2023-02-24,48037.0
Blue,忠孝新生,2023-02-24,42792.0
Blue,忠孝敦化,2023-02-24,72274.0
Blue,國父紀念館,2023-02-24,44138.0
Blue,市政府,2023-02-24,132582.0
Blue,永春,2023-02-24,43191.0
Blue,後山埤,2023-02-24,33314.0
Blue,昆陽,2023-02-24,30614.0
Blue,南港,2023-02-24,50496.0
Blue,忠孝復興,2023-02-24,56375.0
Blue,南港展覽館,2023-02-24,37747.5
Blue,台北車站,2023-02-25,143287.0
Blue,頂埔,2023-02-25,11991.0
Blue,永寧,2023-02-25,20005.0
Blue,土城,2023-02-25,12237.0
Blue,海山,2023-02-25,32501.0
Blue,亞東醫院,2023-02-25,29469.0
Blue,府中,2023-02-25,49573.0
Blue,板橋,2023-02-25,94496.0
Blue,新埔,2023-02-25,54568.0
Blue,江子翠,2023-02-25,39937.0
Blue,龍山寺,2023-02-25,50481.0
Blue,西門,2023-02-25,89581.5
Blue,善導寺,2023-02-25,26786.0
Blue,忠孝新生,2023-02-25,42068.5
Blue,忠孝敦化,2023-02-25,57630.0
Blue,國父紀念館,2023-02-25,37399.0
Blue,市政府,2023-02-25,111474.0
Blue,永春,2023-02-25,29070.0
Blue,後山埤,2023-02-25,25173.0
Blue,昆陽,2023-02-25,19645.0
Blue,南港,2023-02-25,37276.0
Blue,忠孝復興,2023-02-25,53466.5
Blue,南港展覽館,2023-02-25,20872.5
Blue,台北車站,2023-02-26,133721.0
Blue,頂埔,2023-02-26,11601.0
Blue,永寧,2023-02-26,18716.0
Blue,土城,2023-02-26,10934.0
Blue,海山,2023-02-26,28950.0
Blue,亞東醫院,2023-02-26,23790.0
Blue,府中,2023-02-26,44563.0
Blue,板橋,2023-02-26,89029.0
Blue,新埔,2023-02-26,46975.0
Blue,江子翠,2023-02-26,34017.0
Blue,龍山寺,2023-02-26,50078.0
Blue,西門,2023-02-26,90157.0
Blue,善導寺,2023-02-26,24724.0
Blue,忠孝新生,2023-02-26,38783.0
Blue,忠孝敦化,2023-02-26,47360.0
Blue,國父紀念館,2023-02-26,35352.0
Blue,市政府,2023-02-26,103087.0
Blue,永春,2023-02-26,24010.0
Blue,後山埤,2023-02-26,22331.0
Blue,昆陽,2023-02-26,15294.0
Blue,南港,2023-02-26,32148.0
Blue,忠孝復興,2023-02-26,45375.0
Blue,南港展覽館,2023-02-26,17502.0
Blue,台北車站,2023-02-27,134245.5
Blue,頂埔,2023-02-27,12554.0
Blue,永寧,2023-02-27,21180.0
Blue,土城,2023-02-27,12497.0
Blue,海山,2023-02-27,32653.0
Blue,亞東醫院,2023-02-27,31236.0
Blue,府中,2023-02-27,48626.0
Blue,板橋,2023-02-27,94784.0
Blue,新埔,2023-02-27,52196.0
Blue,江子翠,2023-02-27,37754.0
Blue,龍山寺,2023-02-27,54154.0
Blue,西門,2023-02-27,89410.5
Blue,善導寺,2023-02-27,20267.0
Blue,忠孝新生,2023-02-27,40092.0
Blue,忠孝敦化,2023-02-27,50382.0
Blue,國父紀念館,2023-02-27,31397.0
Blue,市政府,2023-02-27,102205.0
Blue,永春,2023-02-27,24426.0
Blue,後山埤,2023-02-27,24050.0
Blue,昆陽,2023-02-27,15733.0
Blue,南港,2023-02-27,33581.0
Blue,忠孝復興,2023-02-27,46438.0
Blue,南港展覽館,2023-02-27,18719.5
Blue,台北車站,2023-02-28,118451.0
Blue,頂埔,2023-02-28,10772.0
Blue,永寧,2023-02-28,17987.0
Blue,土城,2023-02-28,10157.0
Blue,海山,2023-02-28,28044.0
Blue,亞東醫院,2023-02-28,23748.0
Blue,府中,2023-02-28,40147.0
Blue,板橋,2023-02-28,83832.0
Blue,新埔,2023-02-28,46553.0
Blue,江子翠,2023-02-28,33914.0
Blue,龍山寺,2023-02-28,44667.0
Blue,西門,2023-02-28,69669.0
Blue,善導寺,2023-02-28,18874.0
Blue,忠孝新生,2023-02-28,31096.0
Blue,忠孝敦化,2023-02-28,42392.0
Blue,國父紀念館,2023-02-28,27441.0
Blue,市政府,2023-02-28,84594.0
Blue,永春,2023-02-28,24525.0
Blue,後山埤,2023-02-28,21799.0
Blue,昆陽,2023-02-28,15292.0
Blue,南港,2023-02-28,30824.0
Blue,忠孝復興,2023-02-28,40117.5
Blue,南港展覽館,2023-02-28,16521.5
Blue,台北車站,2023-03-01,111020.5
Blue,頂埔,2023-03-01,18552.0
Blue,永寧,2023-03-01,26078.0
Blue,土城,2023-03-01,16478.0
Blue,海山,2023-03-01,44822.0
Blue,亞東醫院,2023-03-01,49359.0
Blue,府中,2023-03-01,53421.0
Blue,板橋,2023-03-01,87318.0
Blue,新埔,2023-03-01,75148.0
Blue,江子翠,2023-03-01,52794.0
Blue,龍山寺,2023-03-01,51229.0
Blue,西門,2023-03-01,61402.5
Blue,善導寺,2023-03-01,47207.0
Blue,忠孝新生,2023-03-01,36630.5
Blue,忠孝敦化,2023-03-01,60083.0
Blue,國父紀念館,2023-03-01,37942.0
Blue,市政府,2023-03-01,108745.0
Blue,永春,2023-03-01,39745.0
Blue,後山埤,2023-03-01,30503.0
Blue,昆陽,2023-03-01,27687.0
Blue,南港,2023-03-01,38106.0
Blue,忠孝復興,2023-03-01,45240.5
Blue,南港展覽館,2023-03-01,33103.0
Blue,台北車站,2023-03-02,107375.5
Blue,頂埔,2023-03-02,18543.0
Blue,永寧,2023-03-02,24973.0
Blue,土城,2023-03-02,15984.0
Blue,海山,2023-03-02,45260.0
Blue,亞東醫院,2023-03-02,49050.0
Blue,府中,2023-03-02,52932.0
Blue,板橋,2023-03-02,87559.0
Blue,新埔,2023-03-02,75214.0
Blue,江子翠,2023-03-02,52121.0
Blue,龍山寺,2023-03-02,51116.0
Blue,西門,2023-03-02,63039.5
Blue,善導寺,2023-03-02,46857.0
Blue,忠孝新生,2023-03-02,36475.0
Blue,忠孝敦化,2023-03-02,60563.0
Blue,國父紀念館,2023-03-02,38257.0
Blue,市政府,2023-03-02,111354.0
Blue,永春,2023-03-02,40092.0
Blue,後山埤,2023-03-02,30514.0
Blue,昆陽,2023-03-02,28621.0
Blue,南港,2023-03-02,38107.0
Blue,忠孝復興,2023-03-02,46181.5
Blue,南港展覽館,2023-03-02,33862.5
Blue,台北車站,2023-03-03,131117.5
Blue,頂埔,2023-03-03,19472.0
Blue,永寧,2023-03-03,27683.0
Blue,土城,2023-03-03,17068.0
Blue,海山,2023-03-03,46823.0
Blue,亞東醫院,2023-03-03,50109.0
Blue,府中,2023-03-03,57168.0
Blue,板橋,2023-03-03,99312.0
Blue,新埔,2023-03-03,78044.0
Blue,江子翠,2023-03-03,55631.0
Blue,龍山寺,2023-03-03,54807.0
Blue,西門,2023-03-03,74787.0
Blue,善導寺,2023-03-03,50844.0
Blue,忠孝新生,2023-03-03,40299.5
Blue,忠孝敦化,2023-03-03,69538.0
Blue,國父紀念館,2023-03-03,43417.0
Blue,市政府,2023-03-03,125200.0
Blue,永春,2023-03-03,43243.0
Blue,後山埤,2023-03-03,32849.0
Blue,昆陽,2023-03-03,29294.0
Blue,南港,2023-03-03,43765.0
Blue,忠孝復興,2023-03-03,53765.0
Blue,南港展覽館,2023-03-03,35399.0
Blue,台北車站,2023-03-04,132203.5
Blue,頂埔,2023-03-04,12337.0
Blue,永寧,2023-03-04,19772.0
Blue,土城,2023-03-04,12899.0
Blue,海山,2023-03-04,33387.0
Blue,亞東醫院,2023-03-04,31125.0
Blue,府中,2023-03-04,50858.0
Blue,板橋,2023-03-04,87874.0
Blue,新埔,2023-03-04,56519.0
Blue,江子翠,2023-03-04,42343.0
Blue,龍山寺,2023-03-04,52305.0
Blue,西門,2023-03-04,85864.5
Blue,善導寺,2023-03-04,30049.0
Blue,忠孝新生,2023-03-04,40330.0
Blue,忠孝敦化,2023-03-04,57551.0
Blue,國父紀念館,2023-03-04,39358.0
Blue,市政府,2023-03-04,106496.0
Blue,永春,2023-03-04,29622.0
Blue,後山埤,2023-03-04,26638.0
Blue,昆陽,2023-03-04,19685.0
Blue,南港,2023-03-04,32225.0
Blue,忠孝復興,2023-03-04,51483.0
Blue,南港展覽館,2023-03-04,21986.0
Blue,台北車站,2023-03-05,117444.0
Blue,頂埔,2023-03-05,11150.0
Blue,永寧,2023-03-05,17132.0
Blue,土城,2023-03-05,10399.0
Blue,海山,2023-03-05,28250.0
Blue,亞東醫院,2023-03-05,24125.0
Blue,府中,2023-03-05,41770.0
Blue,板橋,2023-03-05,82920.0
Blue,新埔,2023-03-05,46646.0
Blue,江子翠,2023-03-05,34885.0
Blue,龍山寺,2023-03-05,46251.0
Blue,西門,2023-03-05,72422.0
Blue,善導寺,2023-03-05,23769.0
Blue,忠孝新生,2023-03-05,32012.0
Blue,忠孝敦化,2023-03-05,41601.0
Blue,國父紀念館,2023-03-05,32216.0
Blue,市政府,2023-03-05,85332.0
Blue,永春,2023-03-05,24603.0
Blue,後山埤,2023-03-05,22024.0
Blue,昆陽,2023-03-05,13892.0
Blue,南港,2023-03-05,29722.0
Blue,忠孝復興,2023-03-05,39395.5
Blue,南港展覽館,2023-03-05,18825.5
Blue,台北車站,2023-03-06,110917.0
Blue,頂埔,2023-03-06,18608.0
Blue,永寧,2023-03-06,25625.0
Blue,土城,2023-03-06,16281.0
Blue,海山,2023-03-06,44582.0
Blue,亞東醫院,2023-03-06,48343.0
Blue,府中,2023-03-06,52895.0
Blue,板橋,2023-03-06,88582.0
Blue,新埔,2023-03-06,74201.0
Blue,江子翠,2023-03-06,51795.0
Blue,龍山寺,2023-03-06,53568.0
Blue,西門,2023-03-06,64686.5
Blue,善導寺,2023-03-06,44896.0
Blue,忠孝新生,2023-03-06,37033.5
Blue,忠孝敦化,2023-03-06,59182.0
Blue,國父紀念館,2023-03-06,36718.0
Blue,市政府,2023-03-06,108903.0
Blue,永春,2023-03-06,38471.0
Blue,後山埤,2023-03-06,30974.0
Blue,昆陽,2023-03-06,27962.0
Blue,南港,2023-03-06,40615.0
Blue,忠孝復興,2023-03-06,44926.0
Blue,南港展覽館,2023-03-06,41388.5
Blue,台北車站,2023-03-07,109201.0
Blue,頂埔,2023-03-07,18718.0
Blue,永寧,2023-03-07,25753.0
Blue,土城,2023-03-07,16715.0
Blue,海山,2023-03-07,45585.0
Blue,亞東醫院,2023-03-07,50211.0
Blue,府中,2023-03-07,54782.0
Blue,板橋,2023-03-07,89140.0
Blue,新埔,2023-03-07,76060.0
Blue,江子翠,2023-03-07,53110.0
Blue,龍山寺,2023-03-07,52637.0
Blue,西門,2023-03-07,65261.0
Blue,善導寺,2023-03-07,47818.0
Blue,忠孝新生,2023-03-07,36614.5
Blue,忠孝敦化,2023-03-07,62436.0
Blue,國父紀念館,2023-03-07,38647.0
Blue,市政府,2023-03-07,112188.0
Blue,永春,2023-03-07,40569.0
Blue,後山埤,2023-03-07,31359.0
Blue,昆陽,2023-03-07,28525.0
Blue,南港,2023-03-07,42698.0
Blue,忠孝復興,2023-03-07,46468.0
Blue,南港展覽館,2023-03-07,43312.5
Blue,台北車站,2023-03-08,112750.0
Blue,頂埔,2023-03-08,18819.0
Blue,永寧,2023-03-08,26184.0
Blue,土城,2023-03-08,16887.0
Blue,海山,2023-03-08,45706.0
Blue,亞東醫院,2023-03-08,50350.0
Blue,府中,2023-03-08,55168.0
Blue,板橋,2023-03-08,91173.0
Blue,新埔,2023-03-08,76933.0
Blue,江子翠,2023-03-08,54035.0
Blue,龍山寺,2023-03-08,53627.0
Blue,西門,2023-03-08,67782.0
Blue,善導寺,2023-03-08,49439.0
Blue,忠孝新生,2023-03-08,37981.5
Blue,忠孝敦化,2023-03-08,64115.0
Blue,國父紀念館,2023-03-08,38912.0
Blue,市政府,2023-03-08,115371.0
Blue,永春,2023-03-08,40482.0
Blue,後山埤,2023-03-08,32130.0
Blue,昆陽,2023-03-08,28708.0
Blue,南港,2023-03-08,43611.0
Blue,忠孝復興,2023-03-08,48242.5
Blue,南港展覽館,2023-03-08,45741.5
Blue,台北車站,2023-03-09,114096.0
Blue,頂埔,2023-03-09,18701.0
Blue,永寧,2023-03-09,26494.0
Blue,土城,2023-03-09,16507.0
Blue,海山,2023-03-09,45759.0
Blue,亞東醫院,2023-03-09,49388.0
Blue,府中,2023-03-09,54708.0
Blue,板橋,2023-03-09,90933.0
Blue,新埔,2023-03-09,76279.0
Blue,江子翠,2023-03-09,53440.0
Blue,龍山寺,2023-03-09,53633.0
Blue,西門,2023-03-09,67586.0
Blue,善導寺,2023-03-09,48646.0
Blue,忠孝新生,2023-03-09,38411.5
Blue,忠孝敦化,2023-03-09,63289.0
Blue,國父紀念館,2023-03-09,39336.0
Blue,市政府,2023-03-09,114051.0
Blue,永春,2023-03-09,40347.0
Blue,後山埤,2023-03-09,31490.0
Blue,昆陽,2023-03-09,29402.0
Blue,南港,2023-03-09,44602.0
Blue,忠孝復興,2023-03-09,49458.5
Blue,南港展覽館,2023-03-09,45510.5
Blue,台北車站,2023-03-10,140773.0
Blue,頂埔,2023-03-10,20278.0
Blue,永寧,2023-03-10,29126.0
Blue,土城,2023-03-10,17794.0
Blue,海山,2023-03-10,48074.0
Blue,亞東醫院,2023-03-10,50480.0
Blue,府中,2023-03-10,59181.0
Blue,板橋,2023-03-10,106020.0
Blue,新埔,2023-03-10,80615.0
Blue,江子翠,2023-03-10,56519.0
Blue,龍山寺,2023-03-10,64569.0
Blue,西門,2023-03-10,80593.5
Blue,善導寺,2023-03-10,50788.0
Blue,忠孝新生,2023-03-10,43017.5
Blue,忠孝敦化,2023-03-10,72077.0
Blue,國父紀念館,2023-03-10,43921.0
Blue,市政府,2023-03-10,128955.0
Blue,永春,2023-03-10,43359.0
Blue,後山埤,2023-03-10,33688.0
Blue,昆陽,2023-03-10,30919.0
Blue,南港,2023-03-10,50072.0
Blue,忠孝復興,2023-03-10,56780.0
Blue,南港展覽館,2023-03-10,47566.0
Blue,台北車站,2023-03-11,140361.0
Blue,頂埔,2023-03-11,13181.0
Blue,永寧,2023-03-11,21851.0
Blue,土城,2023-03-11,13798.0
Blue,海山,2023-03-11,36024.0
Blue,亞東醫院,2023-03-11,32780.0
Blue,府中,2023-03-11,56967.0
Blue,板橋,2023-03-11,95614.0
Blue,新埔,2023-03-11,59285.0
Blue,江子翠,2023-03-11,43903.0
Blue,龍山寺,2023-03-11,54812.0
Blue,西門,2023-03-11,90639.0
Blue,善導寺,2023-03-11,31217.0
Blue,忠孝新生,2023-03-11,44483.0
Blue,忠孝敦化,2023-03-11,60542.0
Blue,國父紀念館,2023-03-11,37258.0
Blue,市政府,2023-03-11,113307.0
Blue,永春,2023-03-11,29884.0
Blue,後山埤,2023-03-11,27663.0
Blue,昆陽,2023-03-11,21381.0
Blue,南港,2023-03-11,38831.0
Blue,忠孝復興,2023-03-11,53581.0
Blue,南港展覽館,2023-03-11,32697.0
Blue,台北車站,2023-03-12,128280.5
Blue,頂埔,2023-03-12,11325.0
Blue,永寧,2023-03-12,17763.0
Blue,土城,2023-03-12,10945.0
Blue,海山,2023-03-12,27649.0
Blue,亞東醫院,2023-03-12,23496.0
Blue,府中,2023-03-12,42683.0
Blue,板橋,2023-03-12,83472.0
Blue,新埔,2023-03-12,46954.0
Blue,江子翠,2023-03-12,34329.0
Blue,龍山寺,2023-03-12,44181.0
Blue,西門,2023-03-12,73979.5
Blue,善導寺,2023-03-12,25810.0
Blue,忠孝新生,2023-03-12,32365.0
Blue,忠孝敦化,2023-03-12,42187.0
Blue,國父紀念館,2023-03-12,31449.0
Blue,市政府,2023-03-12,88830.0
Blue,永春,2023-03-12,24820.0
Blue,後山埤,2023-03-12,22410.0
Blue,昆陽,2023-03-12,17475.0
Blue,南港,2023-03-12,30504.0
Blue,忠孝復興,2023-03-12,39979.0
Blue,南港展覽館,2023-03-12,19113.5
Blue,台北車站,2023-03-13,112143.0
Blue,頂埔,2023-03-13,18495.0
Blue,永寧,2023-03-13,24937.0
Blue,土城,2023-03-13,16241.0
Blue,海山,2023-03-13,43963.0
Blue,亞東醫院,2023-03-13,47567.0
Blue,府中,2023-03-13,51663.0
Blue,板橋,2023-03-13,87569.0
Blue,新埔,2023-03-13,73055.0
Blue,江子翠,2023-03-13,51474.0
Blue,龍山寺,2023-03-13,49896.0
Blue,西門,2023-03-13,64053.5
Blue,善導寺,2023-03-13,45458.0
Blue,忠孝新生,2023-03-13,36246.5
Blue,忠孝敦化,2023-03-13,58458.0
Blue,國父紀念館,2023-03-13,36166.0
Blue,市政府,2023-03-13,108315.0
Blue,永春,2023-03-13,38229.0
Blue,後山埤,2023-03-13,30509.0
Blue,昆陽,2023-03-13,27549.0
Blue,南港,2023-03-13,37668.0
Blue,忠孝復興,2023-03-13,45367.5
Blue,南港展覽館,2023-03-13,32139.0
Blue,台北車站,2023-03-14,110448.0
Blue,頂埔,2023-03-14,18807.0
Blue,永寧,2023-03-14,25685.0
Blue,土城,2023-03-14,16183.0
Blue,海山,2023-03-14,45220.0
Blue,亞東醫院,2023-03-14,50290.0
Blue,府中,2023-03-14,54729.0
Blue,板橋,2023-03-14,88520.0
Blue,新埔,2023-03-14,75823.0
Blue,江子翠,2023-03-14,53003.0
Blue,龍山寺,2023-03-14,51996.0
Blue,西門,2023-03-14,65086.5
Blue,善導寺,2023-03-14,47518.0
Blue,忠孝新生,2023-03-14,36713.0
Blue,忠孝敦化,2023-03-14,62117.0
Blue,國父紀念館,2023-03-14,38498.0
Blue,市政府,2023-03-14,111655.0
Blue,永春,2023-03-14,40475.0
Blue,後山埤,2023-03-14,31089.0
Blue,昆陽,2023-03-14,28030.0
Blue,南港,2023-03-14,38996.0
Blue,忠孝復興,2023-03-14,47522.0
Blue,南港展覽館,2023-03-14,33597.0
Blue,台北車站,2023-03-15,113396.0
Blue,頂埔,2023-03-15,19013.0
Blue,永寧,2023-03-15,26219.0
Blue,土城,2023-03-15,16660.0
Blue,海山,2023-03-15,45609.0
Blue,亞東醫院,2023-03-15,50472.0
Blue,府中,2023-03-15,54982.0
Blue,板橋,2023-03-15,90001.0
Blue,新埔,2023-03-15,77491.0
Blue,江子翠,2023-03-15,54633.0
Blue,龍山寺,2023-03-15,53103.0
Blue,西門,2023-03-15,67005.5
Blue,善導寺,2023-03-15,49769.0
Blue,忠孝新生,2023-03-15,37486.5
Blue,忠孝敦化,2023-03-15,64058.0
Blue,國父紀念館,2023-03-15,41573.0
Blue,市政府,2023-03-15,113021.0
Blue,永春,2023-03-15,41585.0
Blue,後山埤,2023-03-15,31951.0
Blue,昆陽,2023-03-15,28818.0
Blue,南港,2023-03-15,39142.0
Blue,忠孝復興,2023-03-15,48854.0
Blue,南港展覽館,2023-03-15,34341.0
Blue,台北車站,2023-03-16,112575.0
Blue,頂埔,2023-03-16,18814.0
Blue,永寧,2023-03-16,26023.0
Blue,土城,2023-03-16,16499.0
Blue,海山,2023-03-16,45919.0
Blue,亞東醫院,2023-03-16,49312.0
Blue,府中,2023-03-16,54217.0
Blue,板橋,2023-03-16,90509.0
Blue,新埔,2023-03-16,76233.0
Blue,江子翠,2023-03-16,54499.0
Blue,龍山寺,2023-03-16,52157.0
Blue,西門,2023-03-16,67182.0
Blue,善導寺,2023-03-16,47816.0
Blue,忠孝新生,2023-03-16,38219.0
Blue,忠孝敦化,2023-03-16,62723.0
Blue,國父紀念館,2023-03-16,40662.0
Blue,市政府,2023-03-16,113525.0
Blue,永春,2023-03-16,40540.0
Blue,後山埤,2023-03-16,31309.0
Blue,昆陽,2023-03-16,29173.0
Blue,南港,2023-03-16,38751.0
Blue,忠孝復興,2023-03-16,48678.5
Blue,南港展覽館,2023-03-16,33477.5
Blue,台北車站,2023-03-17,139312.5
Blue,頂埔,2023-03-17,19793.0
Blue,永寧,2023-03-17,28446.0
Blue,土城,2023-03-17,17298.0
Blue,海山,2023-03-17,47320.0
Blue,亞東醫院,2023-03-17,49912.0
Blue,府中,2023-03-17,58137.0
Blue,板橋,2023-03-17,104724.0
Blue,新埔,2023-03-17,79297.0
Blue,江子翠,2023-03-17,55654.0
Blue,龍山寺,2023-03-17,56532.0
Blue,西門,2023-03-17,78251.0
Blue,善導寺,2023-03-17,50131.0
Blue,忠孝新生,2023-03-17,41886.5
Blue,忠孝敦化,2023-03-17,71010.0
Blue,國父紀念館,2023-03-17,43063.0
Blue,市政府,2023-03-17,128265.0
Blue,永春,2023-03-17,42924.0
Blue,後山埤,2023-03-17,32984.0
Blue,昆陽,2023-03-17,29546.0
Blue,南港,2023-03-17,44535.0
Blue,忠孝復興,2023-03-17,56181.0
Blue,南港展覽館,2023-03-17,34964.0
Blue,台北車站,2023-03-18,138423.5
Blue,頂埔,2023-03-18,12284.0
Blue,永寧,2023-03-18,21013.0
Blue,土城,2023-03-18,14888.0
Blue,海山,2023-03-18,34021.0
Blue,亞東醫院,2023-03-18,32213.0
Blue,府中,2023-03-18,51492.0
Blue,板橋,2023-03-18,91665.0
Blue,新埔,2023-03-18,57183.0
Blue,江子翠,2023-03-18,43016.0
Blue,龍山寺,2023-03-18,55656.0
Blue,西門,2023-03-18,84503.5
Blue,善導寺,2023-03-18,31385.0
Blue,忠孝新生,2023-03-18,40617.0
Blue,忠孝敦化,2023-03-18,58446.0
Blue,國父紀念館,2023-03-18,36994.0
Blue,市政府,2023-03-18,101599.0
Blue,永春,2023-03-18,29948.0
Blue,後山埤,2023-03-18,26322.0
Blue,昆陽,2023-03-18,17232.0
Blue,南港,2023-03-18,34161.0
Blue,忠孝復興,2023-03-18,53037.0
Blue,南港展覽館,2023-03-18,21977.5
Blue,台北車站,2023-03-19,126766.0
Blue,頂埔,2023-03-19,11292.0
Blue,永寧,2023-03-19,18092.0
Blue,土城,2023-03-19,12058.0
Blue,海山,2023-03-19,28013.0
Blue,亞東醫院,2023-03-19,24290.0
Blue,府中,2023-03-19,40945.0
Blue,板橋,2023-03-19,81042.0
Blue,新埔,2023-03-19,46297.0
Blue,江子翠,2023-03-19,34022.0
Blue,龍山寺,2023-03-19,47332.0
Blue,西門,2023-03-19,69757.0
Blue,善導寺,2023-03-19,24155.0
Blue,忠孝新生,2023-03-19,31622.0
Blue,忠孝敦化,2023-03-19,40932.0
Blue,國父紀念館,2023-03-19,29617.0
Blue,市政府,2023-03-19,84604.0
Blue,永春,2023-03-19,24206.0
Blue,後山埤,2023-03-19,21138.0
Blue,昆陽,2023-03-19,14199.0
Blue,南港,2023-03-19,30741.0
Blue,忠孝復興,2023-03-19,39579.5
Blue,南港展覽館,2023-03-19,18867.5
Blue,台北車站,2023-03-20,112295.0
Blue,頂埔,2023-03-20,18262.0
Blue,永寧,2023-03-20,25374.0
Blue,土城,2023-03-20,16286.0
Blue,海山,2023-03-20,44044.0
Blue,亞東醫院,2023-03-20,48129.0
Blue,府中,2023-03-20,51313.0
Blue,板橋,2023-03-20,87464.0
Blue,新埔,2023-03-20,72948.0
Blue,江子翠,2023-03-20,51087.0
Blue,龍山寺,2023-03-20,50379.0
Blue,西門,2023-03-20,62985.5
Blue,善導寺,2023-03-20,43847.0
Blue,忠孝新生,2023-03-20,35635.5
Blue,忠孝敦化,2023-03-20,57980.0
Blue,國父紀念館,2023-03-20,37052.0
Blue,市政府,2023-03-20,106539.0
Blue,永春,2023-03-20,37880.0
Blue,後山埤,2023-03-20,29846.0
Blue,昆陽,2023-03-20,27313.0
Blue,南港,2023-03-20,37419.0
Blue,忠孝復興,2023-03-20,45118.5
Blue,南港展覽館,2023-03-20,32863.5
Blue,台北車站,2023-03-21,108546.0
Blue,頂埔,2023-03-21,18740.0
Blue,永寧,2023-03-21,25744.0
Blue,土城,2023-03-21,16398.0
Blue,海山,2023-03-21,45658.0
Blue,亞東醫院,2023-03-21,49880.0
Blue,府中,2023-03-21,54405.0
Blue,板橋,2023-03-21,88856.0
Blue,新埔,2023-03-21,75452.0
Blue,江子翠,2023-03-21,53141.0
Blue,龍山寺,2023-03-21,51920.0
Blue,西門,2023-03-21,64425.0
Blue,善導寺,2023-03-21,47321.0
Blue,忠孝新生,2023-03-21,36773.0
Blue,忠孝敦化,2023-03-21,61526.0
Blue,國父紀念館,2023-03-21,37529.0
Blue,市政府,2023-03-21,110726.0
Blue,永春,2023-03-21,40456.0
Blue,後山埤,2023-03-21,31749.0
Blue,昆陽,2023-03-21,27855.0
Blue,南港,2023-03-21,39083.0
Blue,忠孝復興,2023-03-21,48245.0
Blue,南港展覽館,2023-03-21,35953.0
Blue,台北車站,2023-03-22,110172.5
Blue,頂埔,2023-03-22,18680.0
Blue,永寧,2023-03-22,25985.0
Blue,土城,2023-03-22,16475.0
Blue,海山,2023-03-22,45728.0
Blue,亞東醫院,2023-03-22,49879.0
Blue,府中,2023-03-22,53633.0
Blue,板橋,2023-03-22,88680.0
Blue,新埔,2023-03-22,76638.0
Blue,江子翠,2023-03-22,53924.0
Blue,龍山寺,2023-03-22,53203.0
Blue,西門,2023-03-22,66782.5
Blue,善導寺,2023-03-22,49021.0
Blue,忠孝新生,2023-03-22,36996.0
Blue,忠孝敦化,2023-03-22,63878.0
Blue,國父紀念館,2023-03-22,39228.0
Blue,市政府,2023-03-22,113279.0
Blue,永春,2023-03-22,40225.0
Blue,後山埤,2023-03-22,31313.0
Blue,昆陽,2023-03-22,28187.0
Blue,南港,2023-03-22,43447.0
Blue,忠孝復興,2023-03-22,48568.5
Blue,南港展覽館,2023-03-22,46920.0
Blue,台北車站,2023-03-23,112035.0
Blue,頂埔,2023-03-23,18659.0
Blue,永寧,2023-03-23,26168.0
Blue,土城,2023-03-23,16219.0
Blue,海山,2023-03-23,45543.0
Blue,亞東醫院,2023-03-23,49155.0
Blue,府中,2023-03-23,53088.0
Blue,板橋,2023-03-23,88748.0
Blue,新埔,2023-03-23,76262.0
Blue,江子翠,2023-03-23,52848.0
Blue,龍山寺,2023-03-23,51742.0
Blue,西門,2023-03-23,66355.5
Blue,善導寺,2023-03-23,48724.0
Blue,忠孝新生,2023-03-23,39407.5
Blue,忠孝敦化,2023-03-23,63760.0
Blue,國父紀念館,2023-03-23,39865.0
Blue,市政府,2023-03-23,115810.0
Blue,永春,2023-03-23,40040.0
Blue,後山埤,2023-03-23,31143.0
Blue,昆陽,2023-03-23,28615.0
Blue,南港,2023-03-23,44582.0
Blue,忠孝復興,2023-03-23,49594.0
Blue,南港展覽館,2023-03-23,49568.5
Blue,台北車站,2023-03-24,126666.5
Blue,頂埔,2023-03-24,19357.0
Blue,永寧,2023-03-24,26918.0
Blue,土城,2023-03-24,16800.0
Blue,海山,2023-03-24,46833.0
Blue,亞東醫院,2023-03-24,49941.0
Blue,府中,2023-03-24,57658.0
Blue,板橋,2023-03-24,97941.0
Blue,新埔,2023-03-24,78325.0
Blue,江子翠,2023-03-24,54414.0
Blue,龍山寺,2023-03-24,54155.0
Blue,西門,2023-03-24,75882.0
Blue,善導寺,2023-03-24,50444.0
Blue,忠孝新生,2023-03-24,41444.0
Blue,忠孝敦化,2023-03-24,70179.0
Blue,國父紀念館,2023-03-24,43948.0
Blue,市政府,2023-03-24,125467.0
Blue,永春,2023-03-24,42142.0
Blue,後山埤,2023-03-24,33067.0
Blue,昆陽,2023-03-24,29042.0
Blue,南港,2023-03-24,46909.0
Blue,忠孝復興,2023-03-24,55894.0
Blue,南港展覽館,2023-03-24,48615.5
Blue,台北車站,2023-03-25,132813.0
Blue,頂埔,2023-03-25,16916.0
Blue,永寧,2023-03-25,24178.0
Blue,土城,2023-03-25,16341.0
Blue,海山,2023-03-25,42321.0
Blue,亞東醫院,2023-03-25,39755.0
Blue,府中,2023-03-25,54991.0
Blue,板橋,2023-03-25,100025.0
Blue,新埔,2023-03-25,68439.0
Blue,江子翠,2023-03-25,50241.0
Blue,龍山寺,2023-03-25,54891.0
Blue,西門,2023-03-25,82399.0
Blue,善導寺,2023-03-25,41254.0
Blue,忠孝新生,2023-03-25,41509.5
Blue,忠孝敦化,2023-03-25,69267.0
Blue,國父紀念館,2023-03-25,42413.0
Blue,市政府,2023-03-25,127769.0
Blue,永春,2023-03-25,38971.0
Blue,後山埤,2023-03-25,30310.0
Blue,昆陽,2023-03-25,25448.0
Blue,南港,2023-03-25,43443.0
Blue,忠孝復興,2023-03-25,58744.0
Blue,南港展覽館,2023-03-25,36375.5
Blue,台北車站,2023-03-26,111146.5
Blue,頂埔,2023-03-26,10823.0
Blue,永寧,2023-03-26,16728.0
Blue,土城,2023-03-26,11853.0
Blue,海山,2023-03-26,25978.0
Blue,亞東醫院,2023-03-26,22863.0
Blue,府中,2023-03-26,39537.0
Blue,板橋,2023-03-26,81971.0
Blue,新埔,2023-03-26,45043.0
Blue,江子翠,2023-03-26,32798.0
Blue,龍山寺,2023-03-26,43515.0
Blue,西門,2023-03-26,69200.0
Blue,善導寺,2023-03-26,23033.0
Blue,忠孝新生,2023-03-26,31629.5
Blue,忠孝敦化,2023-03-26,42686.0
Blue,國父紀念館,2023-03-26,27484.0
Blue,市政府,2023-03-26,83204.0
Blue,永春,2023-03-26,23634.0
Blue,後山埤,2023-03-26,21117.0
Blue,昆陽,2023-03-26,13235.0
Blue,南港,2023-03-26,27091.0
Blue,忠孝復興,2023-03-26,41713.0
Blue,南港展覽館,2023-03-26,16309.5
Blue,台北車站,2023-03-27,110890.0
Blue,頂埔,2023-03-27,18391.0
Blue,永寧,2023-03-27,24998.0
Blue,土城,2023-03-27,16425.0
Blue,海山,2023-03-27,44258.0
Blue,亞東醫院,2023-03-27,48355.0
Blue,府中,2023-03-27,51143.0
Blue,板橋,2023-03-27,89597.0
Blue,新埔,2023-03-27,73932.0
Blue,江子翠,2023-03-27,51951.0
Blue,龍山寺,2023-03-27,49952.0
Blue,西門,2023-03-27,63494.0
Blue,善導寺,2023-03-27,45723.0
Blue,忠孝新生,2023-03-27,36233.5
Blue,忠孝敦化,2023-03-27,59733.0
Blue,國父紀念館,2023-03-27,38015.0
Blue,市政府,2023-03-27,110588.0
Blue,永春,2023-03-27,39205.0
Blue,後山埤,2023-03-27,30702.0
Blue,昆陽,2023-03-27,27800.0
Blue,南港,2023-03-27,38431.0
Blue,忠孝復興,2023-03-27,47415.0
Blue,南港展覽館,2023-03-27,33270.0
Blue,台北車站,2023-03-28,108136.5
Blue,頂埔,2023-03-28,18543.0
Blue,永寧,2023-03-28,25604.0
Blue,土城,2023-03-28,16229.0
Blue,海山,2023-03-28,45129.0
Blue,亞東醫院,2023-03-28,50071.0
Blue,府中,2023-03-28,53729.0
Blue,板橋,2023-03-28,88413.0
Blue,新埔,2023-03-28,75375.0
Blue,江子翠,2023-03-28,53002.0
Blue,龍山寺,2023-03-28,51341.0
Blue,西門,2023-03-28,64315.5
Blue,善導寺,2023-03-28,47790.0
Blue,忠孝新生,2023-03-28,36600.0
Blue,忠孝敦化,2023-03-28,63047.0
Blue,國父紀念館,2023-03-28,40162.0
Blue,市政府,2023-03-28,112955.0
Blue,永春,2023-03-28,40975.0
Blue,後山埤,2023-03-28,31590.0
Blue,昆陽,2023-03-28,28210.0
Blue,南港,2023-03-28,40143.0
Blue,忠孝復興,2023-03-28,47630.5
Blue,南港展覽館,2023-03-28,39074.5
Blue,台北車站,2023-03-29,112082.5
Blue,頂埔,2023-03-29,19009.0
Blue,永寧,2023-03-29,26052.0
Blue,土城,2023-03-29,16852.0
Blue,海山,2023-03-29,45783.0
Blue,亞東醫院,2023-03-29,50237.0
Blue,府中,2023-03-29,53819.0
Blue,板橋,2023-03-29,90605.0
Blue,新埔,2023-03-29,77121.0
Blue,江子翠,2023-03-29,54679.0
Blue,龍山寺,2023-03-29,51585.0
Blue,西門,2023-03-29,65199.5
Blue,善導寺,2023-03-29,50046.0
Blue,忠孝新生,2023-03-29,37972.0
Blue,忠孝敦化,2023-03-29,63119.0
Blue,國父紀念館,2023-03-29,41430.0
Blue,市政府,2023-03-29,114073.0
Blue,永春,2023-03-29,41093.0
Blue,後山埤,2023-03-29,31824.0
Blue,昆陽,2023-03-29,28354.0
Blue,南港,2023-03-29,40893.0
Blue,忠孝復興,2023-03-29,49143.0
Blue,南港展覽館,2023-03-29,40269.5
Blue,台北車站,2023-03-30,115355.5
Blue,頂埔,2023-03-30,18748.0
Blue,永寧,2023-03-30,25592.0
Blue,土城,2023-03-30,16516.0
Blue,海山,2023-03-30,45827.0
Blue,亞東醫院,2023-03-30,48884.0
Blue,府中,2023-03-30,53610.0
Blue,板橋,2023-03-30,91947.0
Blue,新埔,2023-03-30,76271.0
Blue,江子翠,2023-03-30,53874.0
Blue,龍山寺,2023-03-30,51428.0
Blue,西門,2023-03-30,63518.5
Blue,善導寺,2023-03-30,50540.0
Blue,忠孝新生,2023-03-30,38098.5
Blue,忠孝敦化,2023-03-30,64303.0
Blue,國父紀念館,2023-03-30,40506.0
Blue,市政府,2023-03-30,116899.0
Blue,永春,2023-03-30,41341.0
Blue,後山埤,2023-03-30,31656.0
Blue,昆陽,2023-03-30,29116.0
Blue,南港,2023-03-30,41704.0
Blue,忠孝復興,2023-03-30,50883.0
Blue,南港展覽館,2023-03-30,39043.5
Blue,台北車站,2023-03-31,140842.0
Blue,頂埔,2023-03-31,20089.0
Blue,永寧,2023-03-31,28408.0
Blue,土城,2023-03-31,17549.0
Blue,海山,2023-03-31,47130.0
Blue,亞東醫院,2023-03-31,49443.0
Blue,府中,2023-03-31,58280.0
Blue,板橋,2023-03-31,105786.0
Blue,新埔,2023-03-31,76083.0
Blue,江子翠,2023-03-31,55028.0
Blue,龍山寺,2023-03-31,53842.0
Blue,西門,2023-03-31,73120.5
Blue,善導寺,2023-03-31,49498.0
Blue,忠孝新生,2023-03-31,41410.5
Blue,忠孝敦化,2023-03-31,69420.0
Blue,國父紀念館,2023-03-31,42835.0
Blue,市政府,2023-03-31,130415.0
Blue,永春,2023-03-31,43748.0
Blue,後山埤,2023-03-31,33236.0
Blue,昆陽,2023-03-31,29788.0
Blue,南港,2023-03-31,52547.0
Blue,忠孝復興,2023-03-31,56441.0
Blue,南港展覽館,2023-03-31,43197.5
Blue,台北車站,2023-04-01,127797.0
Blue,頂埔,2023-04-01,11087.0
Blue,永寧,2023-04-01,17302.0
Blue,土城,2023-04-01,11853.0
Blue,海山,2023-04-01,29930.0
Blue,亞東醫院,2023-04-01,27119.0
Blue,府中,2023-04-01,43343.0
Blue,板橋,2023-04-01,88259.0
Blue,新埔,2023-04-01,50122.0
Blue,江子翠,2023-04-01,35424.0
Blue,龍山寺,2023-04-01,45488.0
Blue,西門,2023-04-01,75256.5
Blue,善導寺,2023-04-01,25960.0
Blue,忠孝新生,2023-04-01,33374.0
Blue,忠孝敦化,2023-04-01,49740.0
Blue,國父紀念館,2023-04-01,30885.0
Blue,市政府,2023-04-01,95999.0
Blue,永春,2023-04-01,26957.0
Blue,後山埤,2023-04-01,23206.0
Blue,昆陽,2023-04-01,14919.0
Blue,南港,2023-04-01,40097.0
Blue,忠孝復興,2023-04-01,49622.0
Blue,南港展覽館,2023-04-01,25589.0
Blue,台北車站,2023-04-02,118457.0
Blue,頂埔,2023-04-02,11581.0
Blue,永寧,2023-04-02,18098.0
Blue,土城,2023-04-02,11683.0
Blue,海山,2023-04-02,29070.0
Blue,亞東醫院,2023-04-02,23670.0
Blue,府中,2023-04-02,42665.0
Blue,板橋,2023-04-02,83924.0
Blue,新埔,2023-04-02,45267.0
Blue,江子翠,2023-04-02,32313.0
Blue,龍山寺,2023-04-02,49472.0
Blue,西門,2023-04-02,79753.0
Blue,善導寺,2023-04-02,23834.0
Blue,忠孝新生,2023-04-02,32787.5
Blue,忠孝敦化,2023-04-02,42070.0
Blue,國父紀念館,2023-04-02,27964.0
Blue,市政府,2023-04-02,89313.0
Blue,永春,2023-04-02,22817.0
Blue,後山埤,2023-04-02,21251.0
Blue,昆陽,2023-04-02,14657.0
Blue,南港,2023-04-02,33376.0
Blue,忠孝復興,2023-04-02,42813.0
Blue,南港展覽館,2023-04-02,23978.5
Blue,台北車站,2023-04-03,121340.5
Blue,頂埔,2023-04-03,11570.0
Blue,永寧,2023-04-03,18604.0
Blue,土城,2023-04-03,12285.0
Blue,海山,2023-04-03,29849.0
Blue,亞東醫院,2023-04-03,28583.0
Blue,府中,2023-04-03,43381.0
Blue,板橋,2023-04-03,85277.0
Blue,新埔,2023-04-03,46059.0
Blue,江子翠,2023-04-03,33069.0
Blue,龍山寺,2023-04-03,48283.0
Blue,西門,2023-04-03,82897.0
Blue,善導寺,2023-04-03,19903.0
Blue,忠孝新生,2023-04-03,33386.5
Blue,忠孝敦化,2023-04-03,43728.0
Blue,國父紀念館,2023-04-03,24226.0
Blue,市政府,2023-04-03,91149.0
Blue,永春,2023-04-03,22586.0
Blue,後山埤,2023-04-03,22363.0
Blue,昆陽,2023-04-03,13074.0
Blue,南港,2023-04-03,33085.0
Blue,忠孝復興,2023-04-03,43996.5
Blue,南港展覽館,2023-04-03,23964.0
Blue,台北車站,2023-04-04,117242.0
Blue,頂埔,2023-04-04,10680.0
Blue,永寧,2023-04-04,17428.0
Blue,土城,2023-04-04,10783.0
Blue,海山,2023-04-04,28831.0
Blue,亞東醫院,2023-04-04,26834.0
Blue,府中,2023-04-04,40863.0
Blue,板橋,2023-04-04,83201.0
Blue,新埔,2023-04-04,44433.0
Blue,江子翠,2023-04-04,32383.0
Blue,龍山寺,2023-04-04,45881.0
Blue,西門,2023-04-04,78701.0
Blue,善導寺,2023-04-04,21189.0
Blue,忠孝新生,2023-04-04,31671.5
Blue,忠孝敦化,2023-04-04,42916.0
Blue,國父紀念館,2023-04-04,24354.0
Blue,市政府,2023-04-04,85786.0
Blue,永春,2023-04-04,22598.0
Blue,後山埤,2023-04-04,21525.0
Blue,昆陽,2023-04-04,12617.0
Blue,南港,2023-04-04,34443.0
Blue,忠孝復興,2023-04-04,42032.5
Blue,南港展覽館,2023-04-04,30161.5
Blue,台北車站,2023-04-05,109812.0
Blue,頂埔,2023-04-05,9044.0
Blue,永寧,2023-04-05,14276.0
Blue,土城,2023-04-05,9483.0
Blue,海山,2023-04-05,23819.0
Blue,亞東醫院,2023-04-05,19682.0
Blue,府中,2023-04-05,32427.0
Blue,板橋,2023-04-05,74846.0
Blue,新埔,2023-04-05,38516.0
Blue,江子翠,2023-04-05,28854.0
Blue,龍山寺,2023-04-05,38018.0
Blue,西門,2023-04-05,62211.5
Blue,善導寺,2023-04-05,19504.0
Blue,忠孝新生,2023-04-05,25723.0
Blue,忠孝敦化,2023-04-05,36988.0
Blue,國父紀念館,2023-04-05,21012.0
Blue,市政府,2023-04-05,73372.0
Blue,永春,2023-04-05,21111.0
Blue,後山埤,2023-04-05,19140.0
Blue,昆陽,2023-04-05,12043.0
Blue,南港,2023-04-05,31346.0
Blue,忠孝復興,2023-04-05,36515.0
Blue,南港展覽館,2023-04-05,26450.5
Blue,台北車站,2023-04-06,118506.5
Blue,頂埔,2023-04-06,18214.0
Blue,永寧,2023-04-06,24604.0
Blue,土城,2023-04-06,16046.0
Blue,海山,2023-04-06,43753.0
Blue,亞東醫院,2023-04-06,45996.0
Blue,府中,2023-04-06,51369.0
Blue,板橋,2023-04-06,88427.0
Blue,新埔,2023-04-06,69377.0
Blue,江子翠,2023-04-06,50983.0
Blue,龍山寺,2023-04-06,50312.0
Blue,西門,2023-04-06,67088.0
Blue,善導寺,2023-04-06,42127.0
Blue,忠孝新生,2023-04-06,36904.0
Blue,忠孝敦化,2023-04-06,60541.0
Blue,國父紀念館,2023-04-06,37221.0
Blue,市政府,2023-04-06,111874.0
Blue,永春,2023-04-06,38976.0
Blue,後山埤,2023-04-06,30199.0
Blue,昆陽,2023-04-06,27215.0
Blue,南港,2023-04-06,38064.0
Blue,忠孝復興,2023-04-06,47564.0
Blue,南港展覽館,2023-04-06,31445.5
Blue,台北車站,2023-04-07,129450.5
Blue,頂埔,2023-04-07,18973.0
Blue,永寧,2023-04-07,25994.0
Blue,土城,2023-04-07,16812.0
Blue,海山,2023-04-07,45846.0
Blue,亞東醫院,2023-04-07,47300.0
Blue,府中,2023-04-07,56674.0
Blue,板橋,2023-04-07,98116.0
Blue,新埔,2023-04-07,74133.0
Blue,江子翠,2023-04-07,54029.0
Blue,龍山寺,2023-04-07,54299.0
Blue,西門,2023-04-07,77413.5
Blue,善導寺,2023-04-07,49044.0
Blue,忠孝新生,2023-04-07,41078.0
Blue,忠孝敦化,2023-04-07,69906.0
Blue,國父紀念館,2023-04-07,43737.0
Blue,市政府,2023-04-07,126679.0
Blue,永春,2023-04-07,41950.0
Blue,後山埤,2023-04-07,32206.0
Blue,昆陽,2023-04-07,28634.0
Blue,南港,2023-04-07,41193.0
Blue,忠孝復興,2023-04-07,56030.5
Blue,南港展覽館,2023-04-07,32480.5
Blue,台北車站,2023-04-08,127338.0
Blue,頂埔,2023-04-08,11935.0
Blue,永寧,2023-04-08,19352.0
Blue,土城,2023-04-08,12215.0
Blue,海山,2023-04-08,32626.0
Blue,亞東醫院,2023-04-08,30807.0
Blue,府中,2023-04-08,49853.0
Blue,板橋,2023-04-08,87882.0
Blue,新埔,2023-04-08,55062.0
Blue,江子翠,2023-04-08,40755.0
Blue,龍山寺,2023-04-08,50928.0
Blue,西門,2023-04-08,84884.5
Blue,善導寺,2023-04-08,28923.0
Blue,忠孝新生,2023-04-08,37489.5
Blue,忠孝敦化,2023-04-08,57794.0
Blue,國父紀念館,2023-04-08,35631.0
Blue,市政府,2023-04-08,104201.0
Blue,永春,2023-04-08,29589.0
Blue,後山埤,2023-04-08,25770.0
Blue,昆陽,2023-04-08,22654.0
Blue,南港,2023-04-08,32559.0
Blue,忠孝復興,2023-04-08,52966.0
Blue,南港展覽館,2023-04-08,20770.0
Blue,台北車站,2023-04-09,114208.0
Blue,頂埔,2023-04-09,11096.0
Blue,永寧,2023-04-09,16822.0
Blue,土城,2023-04-09,10530.0
Blue,海山,2023-04-09,26757.0
Blue,亞東醫院,2023-04-09,23378.0
Blue,府中,2023-04-09,40903.0
Blue,板橋,2023-04-09,78608.0
Blue,新埔,2023-04-09,45030.0
Blue,江子翠,2023-04-09,32768.0
Blue,龍山寺,2023-04-09,43437.0
Blue,西門,2023-04-09,68768.5
Blue,善導寺,2023-04-09,22854.0
Blue,忠孝新生,2023-04-09,30416.0
Blue,忠孝敦化,2023-04-09,39707.0
Blue,國父紀念館,2023-04-09,28692.0
Blue,市政府,2023-04-09,84900.0
Blue,永春,2023-04-09,24062.0
Blue,後山埤,2023-04-09,21228.0
Blue,昆陽,2023-04-09,15037.0
Blue,南港,2023-04-09,27679.0
Blue,忠孝復興,2023-04-09,39581.5
Blue,南港展覽館,2023-04-09,16063.0
Blue,台北車站,2023-04-10,111920.0
Blue,頂埔,2023-04-10,18672.0
Blue,永寧,2023-04-10,25185.0
Blue,土城,2023-04-10,16688.0
Blue,海山,2023-04-10,44426.0
Blue,亞東醫院,2023-04-10,48376.0
Blue,府中,2023-04-10,52897.0
Blue,板橋,2023-04-10,88883.0
Blue,新埔,2023-04-10,74191.0
Blue,江子翠,2023-04-10,51734.0
Blue,龍山寺,2023-04-10,51410.0
Blue,西門,2023-04-10,64824.0
Blue,善導寺,2023-04-10,44752.0
Blue,忠孝新生,2023-04-10,35871.0
Blue,忠孝敦化,2023-04-10,58634.0
Blue,國父紀念館,2023-04-10,36758.0
Blue,市政府,2023-04-10,110811.0
Blue,永春,2023-04-10,38319.0
Blue,後山埤,2023-04-10,30514.0
Blue,昆陽,2023-04-10,27466.0
Blue,南港,2023-04-10,37927.0
Blue,忠孝復興,2023-04-10,45513.5
Blue,南港展覽館,2023-04-10,33116.5
Blue,台北車站,2023-04-11,109913.5
Blue,頂埔,2023-04-11,19021.0
Blue,永寧,2023-04-11,25909.0
Blue,土城,2023-04-11,16412.0
Blue,海山,2023-04-11,45330.0
Blue,亞東醫院,2023-04-11,50362.0
Blue,府中,2023-04-11,54377.0
Blue,板橋,2023-04-11,88922.0
Blue,新埔,2023-04-11,76034.0
Blue,江子翠,2023-04-11,53707.0
Blue,龍山寺,2023-04-11,52154.0
Blue,西門,2023-04-11,66028.5
Blue,善導寺,2023-04-11,47789.0
Blue,忠孝新生,2023-04-11,36773.0
Blue,忠孝敦化,2023-04-11,61194.0
Blue,國父紀念館,2023-04-11,37259.0
Blue,市政府,2023-04-11,112003.0
Blue,永春,2023-04-11,40063.0
Blue,後山埤,2023-04-11,31182.0
Blue,昆陽,2023-04-11,27816.0
Blue,南港,2023-04-11,38287.0
Blue,忠孝復興,2023-04-11,46707.0
Blue,南港展覽館,2023-04-11,35028.5
Blue,台北車站,2023-04-12,114821.5
Blue,頂埔,2023-04-12,18801.0
Blue,永寧,2023-04-12,26330.0
Blue,土城,2023-04-12,16746.0
Blue,海山,2023-04-12,45300.0
Blue,亞東醫院,2023-04-12,50458.0
Blue,府中,2023-04-12,55781.0
Blue,板橋,2023-04-12,90305.0
Blue,新埔,2023-04-12,77477.0
Blue,江子翠,2023-04-12,54069.0
Blue,龍山寺,2023-04-12,53533.0
Blue,西門,2023-04-12,67680.5
Blue,善導寺,2023-04-12,49607.0
Blue,忠孝新生,2023-04-12,37348.0
Blue,忠孝敦化,2023-04-12,63590.0
Blue,國父紀念館,2023-04-12,39173.0
Blue,市政府,2023-04-12,115455.0
Blue,永春,2023-04-12,40999.0
Blue,後山埤,2023-04-12,32350.0
Blue,昆陽,2023-04-12,28329.0
Blue,南港,2023-04-12,41869.0
Blue,忠孝復興,2023-04-12,49702.5
Blue,南港展覽館,2023-04-12,41324.5
Blue,台北車站,2023-04-13,114835.5
Blue,頂埔,2023-04-13,18818.0
Blue,永寧,2023-04-13,26091.0
Blue,土城,2023-04-13,16455.0
Blue,海山,2023-04-13,45301.0
Blue,亞東醫院,2023-04-13,49392.0
Blue,府中,2023-04-13,54372.0
Blue,板橋,2023-04-13,89918.0
Blue,新埔,2023-04-13,76496.0
Blue,江子翠,2023-04-13,52690.0
Blue,龍山寺,2023-04-13,53638.0
Blue,西門,2023-04-13,69684.5
Blue,善導寺,2023-04-13,48762.0
Blue,忠孝新生,2023-04-13,38435.0
Blue,忠孝敦化,2023-04-13,63760.0
Blue,國父紀念館,2023-04-13,39230.0
Blue,市政府,2023-04-13,116519.0
Blue,永春,2023-04-13,40508.0
Blue,後山埤,2023-04-13,31129.0
Blue,昆陽,2023-04-13,28849.0
Blue,南港,2023-04-13,42748.0
Blue,忠孝復興,2023-04-13,48943.5
Blue,南港展覽館,2023-04-13,43226.0
Blue,台北車站,2023-04-14,138956.0
Blue,頂埔,2023-04-14,19962.0
Blue,永寧,2023-04-14,28895.0
Blue,土城,2023-04-14,17431.0
Blue,海山,2023-04-14,47063.0
Blue,亞東醫院,2023-04-14,50340.0
Blue,府中,2023-04-14,59385.0
Blue,板橋,2023-04-14,102948.0
Blue,新埔,2023-04-14,79096.0
Blue,江子翠,2023-04-14,55450.0
Blue,龍山寺,2023-04-14,57612.0
Blue,西門,2023-04-14,81213.5
Blue,善導寺,2023-04-14,51081.0
Blue,忠孝新生,2023-04-14,42381.0
Blue,忠孝敦化,2023-04-14,71880.0
Blue,國父紀念館,2023-04-14,43379.0
Blue,市政府,2023-04-14,131250.0
Blue,永春,2023-04-14,43032.0
Blue,後山埤,2023-04-14,33233.0
Blue,昆陽,2023-04-14,29603.0
Blue,南港,2023-04-14,47287.0
Blue,忠孝復興,2023-04-14,56161.5
Blue,南港展覽館,2023-04-14,43737.5
Blue,台北車站,2023-04-15,132367.0
Blue,頂埔,2023-04-15,12024.0
Blue,永寧,2023-04-15,18864.0
Blue,土城,2023-04-15,12180.0
Blue,海山,2023-04-15,32809.0
Blue,亞東醫院,2023-04-15,30591.0
Blue,府中,2023-04-15,50679.0
Blue,板橋,2023-04-15,89459.0
Blue,新埔,2023-04-15,55184.0
Blue,江子翠,2023-04-15,40909.0
Blue,龍山寺,2023-04-15,49774.0
Blue,西門,2023-04-15,86986.0
Blue,善導寺,2023-04-15,29464.0
Blue,忠孝新生,2023-04-15,39746.5
Blue,忠孝敦化,2023-04-15,57652.0
Blue,國父紀念館,2023-04-15,34640.0
Blue,市政府,2023-04-15,106283.0
Blue,永春,2023-04-15,30065.0
Blue,後山埤,2023-04-15,26318.0
Blue,昆陽,2023-04-15,20998.0
Blue,南港,2023-04-15,35424.0
Blue,忠孝復興,2023-04-15,52029.5
Blue,南港展覽館,2023-04-15,24843.5
Blue,台北車站,2023-04-16,120595.5
Blue,頂埔,2023-04-16,11823.0
Blue,永寧,2023-04-16,19181.0
Blue,土城,2023-04-16,10740.0
Blue,海山,2023-04-16,30008.0
Blue,亞東醫院,2023-04-16,24773.0
Blue,府中,2023-04-16,43512.0
Blue,板橋,2023-04-16,84144.0
Blue,新埔,2023-04-16,48820.0
Blue,江子翠,2023-04-16,35080.0
Blue,龍山寺,2023-04-16,46767.0
Blue,西門,2023-04-16,76569.5
Blue,善導寺,2023-04-16,24204.0
Blue,忠孝新生,2023-04-16,31474.5
Blue,忠孝敦化,2023-04-16,42808.0
Blue,國父紀念館,2023-04-16,30717.0
Blue,市政府,2023-04-16,92532.0
Blue,永春,2023-04-16,26853.0
Blue,後山埤,2023-04-16,23146.0
Blue,昆陽,2023-04-16,17307.0
Blue,南港,2023-04-16,32591.0
Blue,忠孝復興,2023-04-16,41284.0
Blue,南港展覽館,2023-04-16,17827.0
Blue,台北車站,2023-04-17,112348.0
Blue,頂埔,2023-04-17,18403.0
Blue,永寧,2023-04-17,24922.0
Blue,土城,2023-04-17,16446.0
Blue,海山,2023-04-17,44349.0
Blue,亞東醫院,2023-04-17,48295.0
Blue,府中,2023-04-17,51776.0
Blue,板橋,2023-04-17,87678.0
Blue,新埔,2023-04-17,73445.0
Blue,江子翠,2023-04-17,51546.0
Blue,龍山寺,2023-04-17,51200.0
Blue,西門,2023-04-17,66355.0
Blue,善導寺,2023-04-17,44857.0
Blue,忠孝新生,2023-04-17,34811.0
Blue,忠孝敦化,2023-04-17,58258.0
Blue,國父紀念館,2023-04-17,36833.0
Blue,市政府,2023-04-17,109874.0
Blue,永春,2023-04-17,37922.0
Blue,後山埤,2023-04-17,30497.0
Blue,昆陽,2023-04-17,27125.0
Blue,南港,2023-04-17,37430.0
Blue,忠孝復興,2023-04-17,45667.0
Blue,南港展覽館,2023-04-17,33012.0
Blue,台北車站,2023-04-18,109260.5
Blue,頂埔,2023-04-18,18704.0
Blue,永寧,2023-04-18,26033.0
Blue,土城,2023-04-18,16326.0
Blue,海山,2023-04-18,44766.0
Blue,亞東醫院,2023-04-18,49635.0
Blue,府中,2023-04-18,54341.0
Blue,板橋,2023-04-18,87525.0
Blue,新埔,2023-04-18,76170.0
Blue,江子翠,2023-04-18,52891.0
Blue,龍山寺,2023-04-18,51586.0
Blue,西門,2023-04-18,65215.0
Blue,善導寺,2023-04-18,47661.0
Blue,忠孝新生,2023-04-18,35141.5
Blue,忠孝敦化,2023-04-18,61042.0
Blue,國父紀念館,2023-04-18,37764.0
Blue,市政府,2023-04-18,111166.0
Blue,永春,2023-04-18,39985.0
Blue,後山埤,2023-04-18,30967.0
Blue,昆陽,2023-04-18,27650.0
Blue,南港,2023-04-18,38770.0
Blue,忠孝復興,2023-04-18,47040.0
Blue,南港展覽館,2023-04-18,34636.5
Blue,台北車站,2023-04-19,112644.0
Blue,頂埔,2023-04-19,18609.0
Blue,永寧,2023-04-19,25444.0
Blue,土城,2023-04-19,16315.0
Blue,海山,2023-04-19,44605.0
Blue,亞東醫院,2023-04-19,48954.0
Blue,府中,2023-04-19,52640.0
Blue,板橋,2023-04-19,88970.0
Blue,新埔,2023-04-19,75783.0
Blue,江子翠,2023-04-19,52840.0
Blue,龍山寺,2023-04-19,49297.0
Blue,西門,2023-04-19,63737.5
Blue,善導寺,2023-04-19,49765.0
Blue,忠孝新生,2023-04-19,36627.5
Blue,忠孝敦化,2023-04-19,62958.0
Blue,國父紀念館,2023-04-19,39046.0
Blue,市政府,2023-04-19,114382.0
Blue,永春,2023-04-19,40763.0
Blue,後山埤,2023-04-19,31287.0
Blue,昆陽,2023-04-19,27579.0
Blue,南港,2023-04-19,43485.0
Blue,忠孝復興,2023-04-19,47256.0
Blue,南港展覽館,2023-04-19,40777.5
Blue,台北車站,2023-04-20,111120.5
Blue,頂埔,2023-04-20,18371.0
Blue,永寧,2023-04-20,24649.0
Blue,土城,2023-04-20,15945.0
Blue,海山,2023-04-20,44700.0
Blue,亞東醫院,2023-04-20,48423.0
Blue,府中,2023-04-20,53734.0
Blue,板橋,2023-04-20,87054.0
Blue,新埔,2023-04-20,76202.0
Blue,江子翠,2023-04-20,52583.0
Blue,龍山寺,2023-04-20,52450.0
Blue,西門,2023-04-20,65975.0
Blue,善導寺,2023-04-20,49113.0
Blue,忠孝新生,2023-04-20,37708.0
Blue,忠孝敦化,2023-04-20,63071.0
Blue,國父紀念館,2023-04-20,38653.0
Blue,市政府,2023-04-20,113892.0
Blue,永春,2023-04-20,40090.0
Blue,後山埤,2023-04-20,30974.0
Blue,昆陽,2023-04-20,28297.0
Blue,南港,2023-04-20,43920.0
Blue,忠孝復興,2023-04-20,47281.5
Blue,南港展覽館,2023-04-20,42459.5
Blue,台北車站,2023-04-21,138393.0
Blue,頂埔,2023-04-21,19508.0
Blue,永寧,2023-04-21,28033.0
Blue,土城,2023-04-21,17224.0
Blue,海山,2023-04-21,47134.0
Blue,亞東醫院,2023-04-21,50085.0
Blue,府中,2023-04-21,58560.0
Blue,板橋,2023-04-21,103995.0
Blue,新埔,2023-04-21,79997.0
Blue,江子翠,2023-04-21,55525.0
Blue,龍山寺,2023-04-21,54675.0
Blue,西門,2023-04-21,77806.5
Blue,善導寺,2023-04-21,50189.0
Blue,忠孝新生,2023-04-21,42015.5
Blue,忠孝敦化,2023-04-21,71914.0
Blue,國父紀念館,2023-04-21,43239.0
Blue,市政府,2023-04-21,130150.0
Blue,永春,2023-04-21,42487.0
Blue,後山埤,2023-04-21,33325.0
Blue,昆陽,2023-04-21,29255.0
Blue,南港,2023-04-21,49028.0
Blue,忠孝復興,2023-04-21,56034.0
Blue,南港展覽館,2023-04-21,43979.5
Blue,台北車站,2023-04-22,139203.5
Blue,頂埔,2023-04-22,13030.0
Blue,永寧,2023-04-22,21747.0
Blue,土城,2023-04-22,13231.0
Blue,海山,2023-04-22,34320.0
Blue,亞東醫院,2023-04-22,31998.0
Blue,府中,2023-04-22,53726.0
Blue,板橋,2023-04-22,93173.0
Blue,新埔,2023-04-22,59565.0
Blue,江子翠,2023-04-22,43378.0
Blue,龍山寺,2023-04-22,55461.0
Blue,西門,2023-04-22,89274.0
Blue,善導寺,2023-04-22,30186.0
Blue,忠孝新生,2023-04-22,39483.0
Blue,忠孝敦化,2023-04-22,62470.0
Blue,國父紀念館,2023-04-22,34383.0
Blue,市政府,2023-04-22,107560.0
Blue,永春,2023-04-22,30149.0
Blue,後山埤,2023-04-22,27804.0
Blue,昆陽,2023-04-22,19549.0
Blue,南港,2023-04-22,33511.0
Blue,忠孝復興,2023-04-22,55077.0
Blue,南港展覽館,2023-04-22,24318.5
Blue,台北車站,2023-04-23,133597.5
Blue,頂埔,2023-04-23,11379.0
Blue,永寧,2023-04-23,20125.0
Blue,土城,2023-04-23,10580.0
Blue,海山,2023-04-23,27820.0
Blue,亞東醫院,2023-04-23,24546.0
Blue,府中,2023-04-23,43645.0
Blue,板橋,2023-04-23,81970.0
Blue,新埔,2023-04-23,47730.0
Blue,江子翠,2023-04-23,34203.0
Blue,龍山寺,2023-04-23,47630.0
Blue,西門,2023-04-23,76860.0
Blue,善導寺,2023-04-23,23654.0
Blue,忠孝新生,2023-04-23,29133.5
Blue,忠孝敦化,2023-04-23,42631.0
Blue,國父紀念館,2023-04-23,27339.0
Blue,市政府,2023-04-23,86651.0
Blue,永春,2023-04-23,24633.0
Blue,後山埤,2023-04-23,23248.0
Blue,昆陽,2023-04-23,16100.0
Blue,南港,2023-04-23,29036.0
Blue,忠孝復興,2023-04-23,41257.5
Blue,南港展覽館,2023-04-23,18046.0
Blue,台北車站,2023-04-24,112304.5
Blue,頂埔,2023-04-24,18231.0
Blue,永寧,2023-04-24,25065.0
Blue,土城,2023-04-24,16189.0
Blue,海山,2023-04-24,43478.0
Blue,亞東醫院,2023-04-24,48110.0
Blue,府中,2023-04-24,51582.0
Blue,板橋,2023-04-24,87788.0
Blue,新埔,2023-04-24,72983.0
Blue,江子翠,2023-04-24,50951.0
Blue,龍山寺,2023-04-24,49181.0
Blue,西門,2023-04-24,63607.0
Blue,善導寺,2023-04-24,44682.0
Blue,忠孝新生,2023-04-24,34915.0
Blue,忠孝敦化,2023-04-24,57949.0
Blue,國父紀念館,2023-04-24,36497.0
Blue,市政府,2023-04-24,108422.0
Blue,永春,2023-04-24,37728.0
Blue,後山埤,2023-04-24,30187.0
Blue,昆陽,2023-04-24,27029.0
Blue,南港,2023-04-24,38295.0
Blue,忠孝復興,2023-04-24,45078.5
Blue,南港展覽館,2023-04-24,32026.5
Blue,台北車站,2023-04-25,109682.5
Blue,頂埔,2023-04-25,18783.0
Blue,永寧,2023-04-25,25813.0
Blue,土城,2023-04-25,16183.0
Blue,海山,2023-04-25,44562.0
Blue,亞東醫院,2023-04-25,49889.0
Blue,府中,2023-04-25,53433.0
Blue,板橋,2023-04-25,87793.0
Blue,新埔,2023-04-25,75607.0
Blue,江子翠,2023-04-25,53026.0
Blue,龍山寺,2023-04-25,51686.0
Blue,西門,2023-04-25,65089.0
Blue,善導寺,2023-04-25,47255.0
Blue,忠孝新生,2023-04-25,35790.0
Blue,忠孝敦化,2023-04-25,61780.0
Blue,國父紀念館,2023-04-25,38155.0
Blue,市政府,2023-04-25,110861.0
Blue,永春,2023-04-25,39945.0
Blue,後山埤,2023-04-25,30897.0
Blue,昆陽,2023-04-25,27732.0
Blue,南港,2023-04-25,39221.0
Blue,忠孝復興,2023-04-25,46184.0
Blue,南港展覽館,2023-04-25,34598.5
Blue,台北車站,2023-04-26,110913.0
Blue,頂埔,2023-04-26,18731.0
Blue,永寧,2023-04-26,25498.0
Blue,土城,2023-04-26,16649.0
Blue,海山,2023-04-26,44947.0
Blue,亞東醫院,2023-04-26,49610.0
Blue,府中,2023-04-26,53863.0
Blue,板橋,2023-04-26,88488.0
Blue,新埔,2023-04-26,76159.0
Blue,江子翠,2023-04-26,53838.0
Blue,龍山寺,2023-04-26,51524.0
Blue,西門,2023-04-26,66773.5
Blue,善導寺,2023-04-26,49618.0
Blue,忠孝新生,2023-04-26,36719.0
Blue,忠孝敦化,2023-04-26,63630.0
Blue,國父紀念館,2023-04-26,39298.0
Blue,市政府,2023-04-26,114873.0
Blue,永春,2023-04-26,40738.0
Blue,後山埤,2023-04-26,31904.0
Blue,昆陽,2023-04-26,28362.0
Blue,南港,2023-04-26,40080.0
Blue,忠孝復興,2023-04-26,48028.5
Blue,南港展覽館,2023-04-26,38744.5
Blue,台北車站,2023-04-27,114855.5
Blue,頂埔,2023-04-27,18740.0
Blue,永寧,2023-04-27,26622.0
Blue,土城,2023-04-27,16446.0
Blue,海山,2023-04-27,44919.0
Blue,亞東醫院,2023-04-27,49524.0
Blue,府中,2023-04-27,55094.0
Blue,板橋,2023-04-27,91098.0
Blue,新埔,2023-04-27,76448.0
Blue,江子翠,2023-04-27,54466.0
Blue,龍山寺,2023-04-27,53484.0
Blue,西門,2023-04-27,67654.5
Blue,善導寺,2023-04-27,48857.0
Blue,忠孝新生,2023-04-27,37372.5
Blue,忠孝敦化,2023-04-27,64006.0
Blue,國父紀念館,2023-04-27,39472.0
Blue,市政府,2023-04-27,116289.0
Blue,永春,2023-04-27,40139.0
Blue,後山埤,2023-04-27,31620.0
Blue,昆陽,2023-04-27,28942.0
Blue,南港,2023-04-27,40953.0
Blue,忠孝復興,2023-04-27,49254.5
Blue,南港展覽館,2023-04-27,38602.0
Blue,台北車站,2023-04-28,139340.5
Blue,頂埔,2023-04-28,19823.0
Blue,永寧,2023-04-28,29609.0
Blue,土城,2023-04-28,17429.0
Blue,海山,2023-04-28,46962.0
Blue,亞東醫院,2023-04-28,50647.0
Blue,府中,2023-04-28,58305.0
Blue,板橋,2023-04-28,103812.0
Blue,新埔,2023-04-28,79869.0
Blue,江子翠,2023-04-28,56045.0
Blue,龍山寺,2023-04-28,57022.0
Blue,西門,2023-04-28,80102.0
Blue,善導寺,2023-04-28,49745.0
Blue,忠孝新生,2023-04-28,42036.5
Blue,忠孝敦化,2023-04-28,71705.0
Blue,國父紀念館,2023-04-28,45278.0
Blue,市政府,2023-04-28,130472.0
Blue,永春,2023-04-28,42987.0
Blue,後山埤,2023-04-28,33595.0
Blue,昆陽,2023-04-28,29582.0
Blue,南港,2023-04-28,48007.0
Blue,忠孝復興,2023-04-28,56292.0
Blue,南港展覽館,2023-04-28,39669.5
Blue,台北車站,2023-04-29,133011.5
Blue,頂埔,2023-04-29,12645.0
Blue,永寧,2023-04-29,23470.0
Blue,土城,2023-04-29,12947.0
Blue,海山,2023-04-29,35092.0
Blue,亞東醫院,2023-04-29,31846.0
Blue,府中,2023-04-29,51518.0
Blue,板橋,2023-04-29,90515.0
Blue,新埔,2023-04-29,57688.0
Blue,江子翠,2023-04-29,41563.0
Blue,龍山寺,2023-04-29,52631.0
Blue,西門,2023-04-29,86364.0
Blue,善導寺,2023-04-29,30490.0
Blue,忠孝新生,2023-04-29,38926.0
Blue,忠孝敦化,2023-04-29,57393.0
Blue,國父紀念館,2023-04-29,36935.0
Blue,市政府,2023-04-29,105973.0
Blue,永春,2023-04-29,29831.0
Blue,後山埤,2023-04-29,27062.0
Blue,昆陽,2023-04-29,19523.0
Blue,南港,2023-04-29,35202.0
Blue,忠孝復興,2023-04-29,54351.0
Blue,南港展覽館,2023-04-29,21861.0
Blue,台北車站,2023-04-30,123911.0
Blue,頂埔,2023-04-30,11380.0
Blue,永寧,2023-04-30,20563.0
Blue,土城,2023-04-30,10947.0
Blue,海山,2023-04-30,29684.0
Blue,亞東醫院,2023-04-30,25376.0
Blue,府中,2023-04-30,45492.0
Blue,板橋,2023-04-30,85200.0
Blue,新埔,2023-04-30,49281.0
Blue,江子翠,2023-04-30,35894.0
Blue,龍山寺,2023-04-30,49115.0
Blue,西門,2023-04-30,80223.5
Blue,善導寺,2023-04-30,25696.0
Blue,忠孝新生,2023-04-30,34668.0
Blue,忠孝敦化,2023-04-30,45897.0
Blue,國父紀念館,2023-04-30,31908.0
Blue,市政府,2023-04-30,94056.0
Blue,永春,2023-04-30,25762.0
Blue,後山埤,2023-04-30,22358.0
Blue,昆陽,2023-04-30,15614.0
Blue,南港,2023-04-30,29018.0
Blue,忠孝復興,2023-04-30,44939.5
Blue,南港展覽館,2023-04-30,16948.5
Blue,台北車站,2023-05-01,110625.0
Blue,頂埔,2023-05-01,11577.0
Blue,永寧,2023-05-01,21668.0
Blue,土城,2023-05-01,12602.0
Blue,海山,2023-05-01,33810.0
Blue,亞東醫院,2023-05-01,34723.0
Blue,府中,2023-05-01,43707.0
Blue,板橋,2023-05-01,83796.0
Blue,新埔,2023-05-01,56277.0
Blue,江子翠,2023-05-01,38601.0
Blue,龍山寺,2023-05-01,51095.0
Blue,西門,2023-05-01,66242.5
Blue,善導寺,2023-05-01,34929.0
Blue,忠孝新生,2023-05-01,30640.5
Blue,忠孝敦化,2023-05-01,42588.0
Blue,國父紀念館,2023-05-01,27672.0
Blue,市政府,2023-05-01,92586.0
Blue,永春,2023-05-01,29559.0
Blue,後山埤,2023-05-01,24980.0
Blue,昆陽,2023-05-01,17828.0
Blue,南港,2023-05-01,33891.0
Blue,忠孝復興,2023-05-01,44734.0
Blue,南港展覽館,2023-05-01,20961.5
Blue,台北車站,2023-05-02,111410.0
Blue,頂埔,2023-05-02,18510.0
Blue,永寧,2023-05-02,26293.0
Blue,土城,2023-05-02,16271.0
Blue,海山,2023-05-02,43968.0
Blue,亞東醫院,2023-05-02,49361.0
Blue,府中,2023-05-02,53153.0
Blue,板橋,2023-05-02,87544.0
Blue,新埔,2023-05-02,75533.0
Blue,江子翠,2023-05-02,52156.0
Blue,龍山寺,2023-05-02,52781.0
Blue,西門,2023-05-02,65620.5
Blue,善導寺,2023-05-02,47351.0
Blue,忠孝新生,2023-05-02,35453.0
Blue,忠孝敦化,2023-05-02,60756.0
Blue,國父紀念館,2023-05-02,37636.0
Blue,市政府,2023-05-02,109722.0
Blue,永春,2023-05-02,39775.0
Blue,後山埤,2023-05-02,31238.0
Blue,昆陽,2023-05-02,27874.0
Blue,南港,2023-05-02,38069.0
Blue,忠孝復興,2023-05-02,48353.0
Blue,南港展覽館,2023-05-02,33058.0
Blue,台北車站,2023-05-03,112250.0
Blue,頂埔,2023-05-03,18721.0
Blue,永寧,2023-05-03,26711.0
Blue,土城,2023-05-03,16656.0
Blue,海山,2023-05-03,44869.0
Blue,亞東醫院,2023-05-03,49817.0
Blue,府中,2023-05-03,53759.0
Blue,板橋,2023-05-03,88826.0
Blue,新埔,2023-05-03,76600.0
Blue,江子翠,2023-05-03,53755.0
Blue,龍山寺,2023-05-03,54193.0
Blue,西門,2023-05-03,67765.5
Blue,善導寺,2023-05-03,49157.0
Blue,忠孝新生,2023-05-03,37009.0
Blue,忠孝敦化,2023-05-03,62855.0
Blue,國父紀念館,2023-05-03,38899.0
Blue,市政府,2023-05-03,112298.0
Blue,永春,2023-05-03,40337.0
Blue,後山埤,2023-05-03,31630.0
Blue,昆陽,2023-05-03,27743.0
Blue,南港,2023-05-03,38804.0
Blue,忠孝復興,2023-05-03,49000.5
Blue,南港展覽館,2023-05-03,34872.0
Blue,台北車站,2023-05-04,114863.0
Blue,頂埔,2023-05-04,18441.0
Blue,永寧,2023-05-04,26307.0
Blue,土城,2023-05-04,16191.0
Blue,海山,2023-05-04,45038.0
Blue,亞東醫院,2023-05-04,49597.0
Blue,府中,2023-05-04,54039.0
Blue,板橋,2023-05-04,88760.0
Blue,新埔,2023-05-04,76087.0
Blue,江子翠,2023-05-04,53342.0
Blue,龍山寺,2023-05-04,56666.0
Blue,西門,2023-05-04,68993.0
Blue,善導寺,2023-05-04,48230.0
Blue,忠孝新生,2023-05-04,38007.5
Blue,忠孝敦化,2023-05-04,62797.0
Blue,國父紀念館,2023-05-04,39196.0
Blue,市政府,2023-05-04,115183.0
Blue,永春,2023-05-04,40209.0
Blue,後山埤,2023-05-04,31304.0
Blue,昆陽,2023-05-04,28289.0
Blue,南港,2023-05-04,40202.0
Blue,忠孝復興,2023-05-04,50342.0
Blue,南港展覽館,2023-05-04,37911.5
Blue,台北車站,2023-05-05,140058.5
Blue,頂埔,2023-05-05,19421.0
Blue,永寧,2023-05-05,28766.0
Blue,土城,2023-05-05,17419.0
Blue,海山,2023-05-05,46859.0
Blue,亞東醫院,2023-05-05,49987.0
Blue,府中,2023-05-05,58293.0
Blue,板橋,2023-05-05,103103.0
Blue,新埔,2023-05-05,79280.0
Blue,江子翠,2023-05-05,55896.0
Blue,龍山寺,2023-05-05,57594.0
Blue,西門,2023-05-05,80368.0
Blue,善導寺,2023-05-05,49393.0
Blue,忠孝新生,2023-05-05,41389.0
Blue,忠孝敦化,2023-05-05,72854.0
Blue,國父紀念館,2023-05-05,44172.0
Blue,市政府,2023-05-05,129777.0
Blue,永春,2023-05-05,43063.0
Blue,後山埤,2023-05-05,33540.0
Blue,昆陽,2023-05-05,29522.0
Blue,南港,2023-05-05,47872.0
Blue,忠孝復興,2023-05-05,57745.5
Blue,南港展覽館,2023-05-05,45974.5
Blue,台北車站,2023-05-06,134437.5
Blue,頂埔,2023-05-06,12451.0
Blue,永寧,2023-05-06,22520.0
Blue,土城,2023-05-06,13158.0
Blue,海山,2023-05-06,36493.0
Blue,亞東醫院,2023-05-06,34323.0
Blue,府中,2023-05-06,51168.0
Blue,板橋,2023-05-06,90199.0
Blue,新埔,2023-05-06,59425.0
Blue,江子翠,2023-05-06,43618.0
Blue,龍山寺,2023-05-06,54602.0
Blue,西門,2023-05-06,85153.0
Blue,善導寺,2023-05-06,37024.0
Blue,忠孝新生,2023-05-06,39300.5
Blue,忠孝敦化,2023-05-06,59154.0
Blue,國父紀念館,2023-05-06,39245.0
Blue,市政府,2023-05-06,108312.0
Blue,永春,2023-05-06,34970.0
Blue,後山埤,2023-05-06,28350.0
Blue,昆陽,2023-05-06,16841.0
Blue,南港,2023-05-06,37314.0
Blue,忠孝復興,2023-05-06,56441.5
Blue,南港展覽館,2023-05-06,37750.0
Blue,台北車站,2023-05-07,119313.0
Blue,頂埔,2023-05-07,9971.0
Blue,永寧,2023-05-07,16249.0
Blue,土城,2023-05-07,9608.0
Blue,海山,2023-05-07,25507.0
Blue,亞東醫院,2023-05-07,23914.0
Blue,府中,2023-05-07,38124.0
Blue,板橋,2023-05-07,78833.0
Blue,新埔,2023-05-07,45957.0
Blue,江子翠,2023-05-07,32445.0
Blue,龍山寺,2023-05-07,40981.0
Blue,西門,2023-05-07,65222.5
Blue,善導寺,2023-05-07,23869.0
Blue,忠孝新生,2023-05-07,28791.5
Blue,忠孝敦化,2023-05-07,41304.0
Blue,國父紀念館,2023-05-07,27844.0
Blue,市政府,2023-05-07,83695.0
Blue,永春,2023-05-07,26912.0
Blue,後山埤,2023-05-07,21701.0
Blue,昆陽,2023-05-07,13455.0
Blue,南港,2023-05-07,33919.0
Blue,忠孝復興,2023-05-07,41293.5
Blue,南港展覽館,2023-05-07,29974.0
Blue,台北車站,2023-05-08,111402.0
Blue,頂埔,2023-05-08,17908.0
Blue,永寧,2023-05-08,24425.0
Blue,土城,2023-05-08,16232.0
Blue,海山,2023-05-08,42017.0
Blue,亞東醫院,2023-05-08,47624.0
Blue,府中,2023-05-08,51376.0
Blue,板橋,2023-05-08,88858.0
Blue,新埔,2023-05-08,73812.0
Blue,江子翠,2023-05-08,51954.0
Blue,龍山寺,2023-05-08,49101.0
Blue,西門,2023-05-08,64697.5
Blue,善導寺,2023-05-08,42366.0
Blue,忠孝新生,2023-05-08,35272.5
Blue,忠孝敦化,2023-05-08,59124.0
Blue,國父紀念館,2023-05-08,36616.0
Blue,市政府,2023-05-08,110411.0
Blue,永春,2023-05-08,35769.0
Blue,後山埤,2023-05-08,30842.0
Blue,昆陽,2023-05-08,27489.0
Blue,南港,2023-05-08,37998.0
Blue,忠孝復興,2023-05-08,47575.0
Blue,南港展覽館,2023-05-08,32410.0
Blue,台北車站,2023-05-09,107900.0
Blue,頂埔,2023-05-09,18394.0
Blue,永寧,2023-05-09,25774.0
Blue,土城,2023-05-09,16449.0
Blue,海山,2023-05-09,44498.0
Blue,亞東醫院,2023-05-09,50237.0
Blue,府中,2023-05-09,54384.0
Blue,板橋,2023-05-09,87472.0
Blue,新埔,2023-05-09,76643.0
Blue,江子翠,2023-05-09,53333.0
Blue,龍山寺,2023-05-09,52073.0
Blue,西門,2023-05-09,63901.0
Blue,善導寺,2023-05-09,46231.0
Blue,忠孝新生,2023-05-09,35319.0
Blue,忠孝敦化,2023-05-09,61168.0
Blue,國父紀念館,2023-05-09,38822.0
Blue,市政府,2023-05-09,110581.0
Blue,永春,2023-05-09,39337.0
Blue,後山埤,2023-05-09,31643.0
Blue,昆陽,2023-05-09,27631.0
Blue,南港,2023-05-09,39730.0
Blue,忠孝復興,2023-05-09,47655.5
Blue,南港展覽館,2023-05-09,39468.5
Blue,台北車站,2023-05-10,110214.5
Blue,頂埔,2023-05-10,18839.0
Blue,永寧,2023-05-10,26249.0
Blue,土城,2023-05-10,16817.0
Blue,海山,2023-05-10,45239.0
Blue,亞東醫院,2023-05-10,50225.0
Blue,府中,2023-05-10,55188.0
Blue,板橋,2023-05-10,88657.0
Blue,新埔,2023-05-10,77319.0
Blue,江子翠,2023-05-10,54559.0
Blue,龍山寺,2023-05-10,53160.0
Blue,西門,2023-05-10,67121.5
Blue,善導寺,2023-05-10,48286.0
Blue,忠孝新生,2023-05-10,37192.0
Blue,忠孝敦化,2023-05-10,62898.0
Blue,國父紀念館,2023-05-10,39092.0
Blue,市政府,2023-05-10,114229.0
Blue,永春,2023-05-10,39758.0
Blue,後山埤,2023-05-10,32128.0
Blue,昆陽,2023-05-10,28331.0
Blue,南港,2023-05-10,40661.0
Blue,忠孝復興,2023-05-10,49319.0
Blue,南港展覽館,2023-05-10,40814.0
Blue,台北車站,2023-05-11,114616.0
Blue,頂埔,2023-05-11,18812.0
Blue,永寧,2023-05-11,26301.0
Blue,土城,2023-05-11,16626.0
Blue,海山,2023-05-11,45544.0
Blue,亞東醫院,2023-05-11,49953.0
Blue,府中,2023-05-11,55071.0
Blue,板橋,2023-05-11,91147.0
Blue,新埔,2023-05-11,76791.0
Blue,江子翠,2023-05-11,53879.0
Blue,龍山寺,2023-05-11,53256.0
Blue,西門,2023-05-11,67224.0
Blue,善導寺,2023-05-11,47204.0
Blue,忠孝新生,2023-05-11,37164.0
Blue,忠孝敦化,2023-05-11,64388.0
Blue,國父紀念館,2023-05-11,40710.0
Blue,市政府,2023-05-11,117291.0
Blue,永春,2023-05-11,39935.0
Blue,後山埤,2023-05-11,31684.0
Blue,昆陽,2023-05-11,28756.0
Blue,南港,2023-05-11,42359.0
Blue,忠孝復興,2023-05-11,50713.5
Blue,南港展覽館,2023-05-11,45847.0
Blue,台北車站,2023-05-12,143587.0
Blue,頂埔,2023-05-12,19740.0
Blue,永寧,2023-05-12,28751.0
Blue,土城,2023-05-12,17263.0
Blue,海山,2023-05-12,47385.0
Blue,亞東醫院,2023-05-12,50311.0
Blue,府中,2023-05-12,61392.0
Blue,板橋,2023-05-12,108131.0
Blue,新埔,2023-05-12,80115.0
Blue,江子翠,2023-05-12,56390.0
Blue,龍山寺,2023-05-12,56475.0
Blue,西門,2023-05-12,80446.0
Blue,善導寺,2023-05-12,50006.0
Blue,忠孝新生,2023-05-12,42323.0
Blue,忠孝敦化,2023-05-12,71853.0
Blue,國父紀念館,2023-05-12,46283.0
Blue,市政府,2023-05-12,133699.0
Blue,永春,2023-05-12,42535.0
Blue,後山埤,2023-05-12,34410.0
Blue,昆陽,2023-05-12,29954.0
Blue,南港,2023-05-12,48844.0
Blue,忠孝復興,2023-05-12,58863.0
Blue,南港展覽館,2023-05-12,40287.5
Blue,台北車站,2023-05-13,125151.5
Blue,頂埔,2023-05-13,12224.0
Blue,永寧,2023-05-13,19533.0
Blue,土城,2023-05-13,12655.0
Blue,海山,2023-05-13,32848.0
Blue,亞東醫院,2023-05-13,30380.0
Blue,府中,2023-05-13,49528.0
Blue,板橋,2023-05-13,87587.0
Blue,新埔,2023-05-13,55859.0
Blue,江子翠,2023-05-13,40225.0
Blue,龍山寺,2023-05-13,50359.0
Blue,西門,2023-05-13,81796.5
Blue,善導寺,2023-05-13,28060.0
Blue,忠孝新生,2023-05-13,35914.0
Blue,忠孝敦化,2023-05-13,56678.0
Blue,國父紀念館,2023-05-13,38460.0
Blue,市政府,2023-05-13,103565.0
Blue,永春,2023-05-13,29069.0
Blue,後山埤,2023-05-13,26214.0
Blue,昆陽,2023-05-13,15902.0
Blue,南港,2023-05-13,34970.0
Blue,忠孝復興,2023-05-13,53293.5
Blue,南港展覽館,2023-05-13,35631.5
Blue,台北車站,2023-05-14,112243.5
Blue,頂埔,2023-05-14,11054.0
Blue,永寧,2023-05-14,16940.0
Blue,土城,2023-05-14,10174.0
Blue,海山,2023-05-14,27189.0
Blue,亞東醫院,2023-05-14,23175.0
Blue,府中,2023-05-14,39217.0
Blue,板橋,2023-05-14,77980.0
Blue,新埔,2023-05-14,45031.0
Blue,江子翠,2023-05-14,33297.0
Blue,龍山寺,2023-05-14,42547.0
Blue,西門,2023-05-14,65583.0
Blue,善導寺,2023-05-14,20798.0
Blue,忠孝新生,2023-05-14,27811.5
Blue,忠孝敦化,2023-05-14,39343.0
Blue,國父紀念館,2023-05-14,26773.0
Blue,市政府,2023-05-14,86809.0
Blue,永春,2023-05-14,23494.0
Blue,後山埤,2023-05-14,21947.0
Blue,昆陽,2023-05-14,13513.0
Blue,南港,2023-05-14,30598.0
Blue,忠孝復興,2023-05-14,40328.5
Blue,南港展覽館,2023-05-14,27943.5
Blue,台北車站,2023-05-15,112795.0
Blue,頂埔,2023-05-15,18480.0
Blue,永寧,2023-05-15,25258.0
Blue,土城,2023-05-15,16373.0
Blue,海山,2023-05-15,43739.0
Blue,亞東醫院,2023-05-15,48339.0
Blue,府中,2023-05-15,51435.0
Blue,板橋,2023-05-15,88515.0
Blue,新埔,2023-05-15,73180.0
Blue,江子翠,2023-05-15,51832.0
Blue,龍山寺,2023-05-15,50570.0
Blue,西門,2023-05-15,63784.5
Blue,善導寺,2023-05-15,44316.0
Blue,忠孝新生,2023-05-15,35195.5
Blue,忠孝敦化,2023-05-15,57962.0
Blue,國父紀念館,2023-05-15,36561.0
Blue,市政府,2023-05-15,108215.0
Blue,永春,2023-05-15,37637.0
Blue,後山埤,2023-05-15,30077.0
Blue,昆陽,2023-05-15,26620.0
Blue,南港,2023-05-15,37395.0
Blue,忠孝復興,2023-05-15,45213.5
Blue,南港展覽館,2023-05-15,32393.0
Blue,台北車站,2023-05-16,107760.0
Blue,頂埔,2023-05-16,18511.0
Blue,永寧,2023-05-16,25615.0
Blue,土城,2023-05-16,16220.0
Blue,海山,2023-05-16,44829.0
Blue,亞東醫院,2023-05-16,50060.0
Blue,府中,2023-05-16,53866.0
Blue,板橋,2023-05-16,87403.0
Blue,新埔,2023-05-16,75648.0
Blue,江子翠,2023-05-16,52815.0
Blue,龍山寺,2023-05-16,51085.0
Blue,西門,2023-05-16,65064.5
Blue,善導寺,2023-05-16,46139.0
Blue,忠孝新生,2023-05-16,35674.0
Blue,忠孝敦化,2023-05-16,61073.0
Blue,國父紀念館,2023-05-16,37807.0
Blue,市政府,2023-05-16,109179.0
Blue,永春,2023-05-16,39375.0
Blue,後山埤,2023-05-16,30564.0
Blue,昆陽,2023-05-16,26575.0
Blue,南港,2023-05-16,37765.0
Blue,忠孝復興,2023-05-16,47256.0
Blue,南港展覽館,2023-05-16,33180.0
Blue,台北車站,2023-05-17,110522.5
Blue,頂埔,2023-05-17,18628.0
Blue,永寧,2023-05-17,25324.0
Blue,土城,2023-05-17,16435.0
Blue,海山,2023-05-17,44795.0
Blue,亞東醫院,2023-05-17,49703.0
Blue,府中,2023-05-17,53249.0
Blue,板橋,2023-05-17,86996.0
Blue,新埔,2023-05-17,75975.0
Blue,江子翠,2023-05-17,53586.0
Blue,龍山寺,2023-05-17,51511.0
Blue,西門,2023-05-17,66326.5
Blue,善導寺,2023-05-17,47659.0
Blue,忠孝新生,2023-05-17,36487.0
Blue,忠孝敦化,2023-05-17,63001.0
Blue,國父紀念館,2023-05-17,38408.0
Blue,市政府,2023-05-17,111270.0
Blue,永春,2023-05-17,39434.0
Blue,後山埤,2023-05-17,31351.0
Blue,昆陽,2023-05-17,27862.0
Blue,南港,2023-05-17,38486.0
Blue,忠孝復興,2023-05-17,48490.5
Blue,南港展覽館,2023-05-17,34737.5
Blue,台北車站,2023-05-18,115812.0
Blue,頂埔,2023-05-18,18643.0
Blue,永寧,2023-05-18,25417.0
Blue,土城,2023-05-18,16089.0
Blue,海山,2023-05-18,44494.0
Blue,亞東醫院,2023-05-18,49052.0
Blue,府中,2023-05-18,53200.0
Blue,板橋,2023-05-18,88911.0
Blue,新埔,2023-05-18,75906.0
Blue,江子翠,2023-05-18,52963.0
Blue,龍山寺,2023-05-18,51660.0
Blue,西門,2023-05-18,68358.5
Blue,善導寺,2023-05-18,47357.0
Blue,忠孝新生,2023-05-18,37931.0
Blue,忠孝敦化,2023-05-18,64020.0
Blue,國父紀念館,2023-05-18,39813.0
Blue,市政府,2023-05-18,114349.0
Blue,永春,2023-05-18,39483.0
Blue,後山埤,2023-05-18,31381.0
Blue,昆陽,2023-05-18,29090.0
Blue,南港,2023-05-18,40504.0
Blue,忠孝復興,2023-05-18,48620.5
Blue,南港展覽館,2023-05-18,40609.0
Blue,台北車站,2023-05-19,143863.0
Blue,頂埔,2023-05-19,19078.0
Blue,永寧,2023-05-19,26680.0
Blue,土城,2023-05-19,16783.0
Blue,海山,2023-05-19,46559.0
Blue,亞東醫院,2023-05-19,49436.0
Blue,府中,2023-05-19,59040.0
Blue,板橋,2023-05-19,103844.0
Blue,新埔,2023-05-19,79053.0
Blue,江子翠,2023-05-19,54671.0
Blue,龍山寺,2023-05-19,53820.0
Blue,西門,2023-05-19,85028.5
Blue,善導寺,2023-05-19,49413.0
Blue,忠孝新生,2023-05-19,44084.5
Blue,忠孝敦化,2023-05-19,73224.0
Blue,國父紀念館,2023-05-19,46640.0
Blue,市政府,2023-05-19,129931.0
Blue,永春,2023-05-19,42477.0
Blue,後山埤,2023-05-19,33632.0
Blue,昆陽,2023-05-19,29705.0
Blue,南港,2023-05-19,49339.0
Blue,忠孝復興,2023-05-19,55754.5
Blue,南港展覽館,2023-05-19,52074.0
Blue,台北車站,2023-05-20,142049.5
Blue,頂埔,2023-05-20,12118.0
Blue,永寧,2023-05-20,20516.0
Blue,土城,2023-05-20,12813.0
Blue,海山,2023-05-20,33829.0
Blue,亞東醫院,2023-05-20,30768.0
Blue,府中,2023-05-20,51959.0
Blue,板橋,2023-05-20,90949.0
Blue,新埔,2023-05-20,57928.0
Blue,江子翠,2023-05-20,41723.0
Blue,龍山寺,2023-05-20,51195.0
Blue,西門,2023-05-20,92995.0
Blue,善導寺,2023-05-20,32542.0
Blue,忠孝新生,2023-05-20,42172.5
Blue,忠孝敦化,2023-05-20,62377.0
Blue,國父紀念館,2023-05-20,37492.0
Blue,市政府,2023-05-20,107184.0
Blue,永春,2023-05-20,30467.0
Blue,後山埤,2023-05-20,27290.0
Blue,昆陽,2023-05-20,16803.0
Blue,南港,2023-05-20,38978.0
Blue,忠孝復興,2023-05-20,54173.0
Blue,南港展覽館,2023-05-20,43936.0
Blue,台北車站,2023-05-21,130121.5
Blue,頂埔,2023-05-21,11120.0
Blue,永寧,2023-05-21,18105.0
Blue,土城,2023-05-21,10687.0
Blue,海山,2023-05-21,28173.0
Blue,亞東醫院,2023-05-21,24252.0
Blue,府中,2023-05-21,42810.0
Blue,板橋,2023-05-21,85312.0
Blue,新埔,2023-05-21,47409.0
Blue,江子翠,2023-05-21,35033.0
Blue,龍山寺,2023-05-21,45491.0
Blue,西門,2023-05-21,80477.5
Blue,善導寺,2023-05-21,26184.0
Blue,忠孝新生,2023-05-21,32557.0
Blue,忠孝敦化,2023-05-21,44635.0
Blue,國父紀念館,2023-05-21,30455.0
Blue,市政府,2023-05-21,88740.0
Blue,永春,2023-05-21,25791.0
Blue,後山埤,2023-05-21,22757.0
Blue,昆陽,2023-05-21,14505.0
Blue,南港,2023-05-21,35667.0
Blue,忠孝復興,2023-05-21,40652.0
Blue,南港展覽館,2023-05-21,37681.5
Blue,台北車站,2023-05-22,118174.0
Blue,頂埔,2023-05-22,18238.0
Blue,永寧,2023-05-22,24838.0
Blue,土城,2023-05-22,15881.0
Blue,海山,2023-05-22,43393.0
Blue,亞東醫院,2023-05-22,47815.0
Blue,府中,2023-05-22,51253.0
Blue,板橋,2023-05-22,87267.0
Blue,新埔,2023-05-22,73086.0
Blue,江子翠,2023-05-22,51238.0
Blue,龍山寺,2023-05-22,49597.0
Blue,西門,2023-05-22,66176.0
Blue,善導寺,2023-05-22,44479.0
Blue,忠孝新生,2023-05-22,35623.0
Blue,忠孝敦化,2023-05-22,59649.0
Blue,國父紀念館,2023-05-22,37508.0
Blue,市政府,2023-05-22,109983.0
Blue,永春,2023-05-22,38345.0
Blue,後山埤,2023-05-22,30242.0
Blue,昆陽,2023-05-22,27360.0
Blue,南港,2023-05-22,40615.0
Blue,忠孝復興,2023-05-22,45303.5
Blue,南港展覽館,2023-05-22,46668.5
Blue,台北車站,2023-05-23,110341.5
Blue,頂埔,2023-05-23,17971.0
Blue,永寧,2023-05-23,24519.0
Blue,土城,2023-05-23,15544.0
Blue,海山,2023-05-23,43489.0
Blue,亞東醫院,2023-05-23,48665.0
Blue,府中,2023-05-23,51790.0
Blue,板橋,2023-05-23,71177.0
Blue,新埔,2023-05-23,74423.0
Blue,江子翠,2023-05-23,52771.0
Blue,龍山寺,2023-05-23,49538.0
Blue,西門,2023-05-23,65446.5
Blue,善導寺,2023-05-23,45693.0
Blue,忠孝新生,2023-05-23,35212.5
Blue,忠孝敦化,2023-05-23,60944.0
Blue,國父紀念館,2023-05-23,38981.0
Blue,市政府,2023-05-23,109132.0
Blue,永春,2023-05-23,39239.0
Blue,後山埤,2023-05-23,30075.0
Blue,昆陽,2023-05-23,27022.0
Blue,南港,2023-05-23,37453.0
Blue,忠孝復興,2023-05-23,45608.5
Blue,南港展覽館,2023-05-23,35624.5
Blue,台北車站,2023-05-24,115012.0
Blue,頂埔,2023-05-24,18055.0
Blue,永寧,2023-05-24,25276.0
Blue,土城,2023-05-24,16392.0
Blue,海山,2023-05-24,44534.0
Blue,亞東醫院,2023-05-24,49413.0
Blue,府中,2023-05-24,53745.0
Blue,板橋,2023-05-24,73598.0
Blue,新埔,2023-05-24,76125.0
Blue,江子翠,2023-05-24,54093.0
Blue,龍山寺,2023-05-24,51019.0
Blue,西門,2023-05-24,71367.5
Blue,善導寺,2023-05-24,48826.0
Blue,忠孝新生,2023-05-24,37871.5
Blue,忠孝敦化,2023-05-24,63376.0
Blue,國父紀念館,2023-05-24,39627.0
Blue,市政府,2023-05-24,112616.0
Blue,永春,2023-05-24,39853.0
Blue,後山埤,2023-05-24,31599.0
Blue,昆陽,2023-05-24,27654.0
Blue,南港,2023-05-24,38559.0
Blue,忠孝復興,2023-05-24,47843.5
Blue,南港展覽館,2023-05-24,33678.5
Blue,台北車站,2023-05-25,115309.5
Blue,頂埔,2023-05-25,17965.0
Blue,永寧,2023-05-25,24941.0
Blue,土城,2023-05-25,15638.0
Blue,海山,2023-05-25,44792.0
Blue,亞東醫院,2023-05-25,48500.0
Blue,府中,2023-05-25,53489.0
Blue,板橋,2023-05-25,72992.0
Blue,新埔,2023-05-25,75747.0
Blue,江子翠,2023-05-25,52852.0
Blue,龍山寺,2023-05-25,52192.0
Blue,西門,2023-05-25,70644.0
Blue,善導寺,2023-05-25,47496.0
Blue,忠孝新生,2023-05-25,36856.5
Blue,忠孝敦化,2023-05-25,63685.0
Blue,國父紀念館,2023-05-25,39579.0
Blue,市政府,2023-05-25,113075.0
Blue,永春,2023-05-25,39697.0
Blue,後山埤,2023-05-25,31198.0
Blue,昆陽,2023-05-25,28272.0
Blue,南港,2023-05-25,38492.0
Blue,忠孝復興,2023-05-25,48461.5
Blue,南港展覽館,2023-05-25,33164.5
Blue,台北車站,2023-05-26,140130.0
Blue,頂埔,2023-05-26,19037.0
Blue,永寧,2023-05-26,28187.0
Blue,土城,2023-05-26,16712.0
Blue,海山,2023-05-26,45980.0
Blue,亞東醫院,2023-05-26,49263.0
Blue,府中,2023-05-26,57741.0
Blue,板橋,2023-05-26,83359.0
Blue,新埔,2023-05-26,78478.0
Blue,江子翠,2023-05-26,54894.0
Blue,龍山寺,2023-05-26,56650.0
Blue,西門,2023-05-26,82296.5
Blue,善導寺,2023-05-26,50488.0
Blue,忠孝新生,2023-05-26,42919.0
Blue,忠孝敦化,2023-05-26,71415.0
Blue,國父紀念館,2023-05-26,45168.0
Blue,市政府,2023-05-26,129223.0
Blue,永春,2023-05-26,41974.0
Blue,後山埤,2023-05-26,33062.0
Blue,昆陽,2023-05-26,28931.0
Blue,南港,2023-05-26,45110.0
Blue,忠孝復興,2023-05-26,55944.5
Blue,南港展覽館,2023-05-26,34807.5
Blue,台北車站,2023-05-27,138045.5
Blue,頂埔,2023-05-27,12275.0
Blue,永寧,2023-05-27,20628.0
Blue,土城,2023-05-27,12862.0
Blue,海山,2023-05-27,33466.0
Blue,亞東醫院,2023-05-27,30935.0
Blue,府中,2023-05-27,51977.0
Blue,板橋,2023-05-27,77854.0
Blue,新埔,2023-05-27,59230.0
Blue,江子翠,2023-05-27,44157.0
Blue,龍山寺,2023-05-27,51855.0
Blue,西門,2023-05-27,90448.5
Blue,善導寺,2023-05-27,32395.0
Blue,忠孝新生,2023-05-27,37725.0
Blue,忠孝敦化,2023-05-27,60978.0
Blue,國父紀念館,2023-05-27,40527.0
Blue,市政府,2023-05-27,111343.0
Blue,永春,2023-05-27,31300.0
Blue,後山埤,2023-05-27,27015.0
Blue,昆陽,2023-05-27,16422.0
Blue,南港,2023-05-27,37292.0
Blue,忠孝復興,2023-05-27,53233.0
Blue,南港展覽館,2023-05-27,25298.5
Blue,台北車站,2023-05-28,123076.0
Blue,頂埔,2023-05-28,10705.0
Blue,永寧,2023-05-28,18308.0
Blue,土城,2023-05-28,10177.0
Blue,海山,2023-05-28,27267.0
Blue,亞東醫院,2023-05-28,23651.0
Blue,府中,2023-05-28,41009.0
Blue,板橋,2023-05-28,66525.0
Blue,新埔,2023-05-28,47726.0
Blue,江子翠,2023-05-28,34513.0
Blue,龍山寺,2023-05-28,44078.0
Blue,西門,2023-05-28,74697.5
Blue,善導寺,2023-05-28,27236.0
Blue,忠孝新生,2023-05-28,31978.0
Blue,忠孝敦化,2023-05-28,42896.0
Blue,國父紀念館,2023-05-28,31185.0
Blue,市政府,2023-05-28,88359.0
Blue,永春,2023-05-28,24470.0
Blue,後山埤,2023-05-28,21894.0
Blue,昆陽,2023-05-28,13592.0
Blue,南港,2023-05-28,29115.0
Blue,忠孝復興,2023-05-28,40797.0
Blue,南港展覽館,2023-05-28,18435.5
Blue,台北車站,2023-05-29,111537.5
Blue,頂埔,2023-05-29,17813.0
Blue,永寧,2023-05-29,25005.0
Blue,土城,2023-05-29,15768.0
Blue,海山,2023-05-29,42901.0
Blue,亞東醫院,2023-05-29,47319.0
Blue,府中,2023-05-29,50479.0
Blue,板橋,2023-05-29,70969.0
Blue,新埔,2023-05-29,72167.0
Blue,江子翠,2023-05-29,50765.0
Blue,龍山寺,2023-05-29,49189.0
Blue,西門,2023-05-29,66508.5
Blue,善導寺,2023-05-29,44216.0
Blue,忠孝新生,2023-05-29,35042.0
Blue,忠孝敦化,2023-05-29,58901.0
Blue,國父紀念館,2023-05-29,36564.0
Blue,市政府,2023-05-29,110332.0
Blue,永春,2023-05-29,37596.0
Blue,後山埤,2023-05-29,29891.0
Blue,昆陽,2023-05-29,26834.0
Blue,南港,2023-05-29,37020.0
Blue,忠孝復興,2023-05-29,45044.5
Blue,南港展覽館,2023-05-29,37530.5
Blue,台北車站,2023-05-30,108090.5
Blue,頂埔,2023-05-30,17988.0
Blue,永寧,2023-05-30,24269.0
Blue,土城,2023-05-30,15571.0
Blue,海山,2023-05-30,43379.0
Blue,亞東醫院,2023-05-30,48264.0
Blue,府中,2023-05-30,51611.0
Blue,板橋,2023-05-30,71077.0
Blue,新埔,2023-05-30,74649.0
Blue,江子翠,2023-05-30,51939.0
Blue,龍山寺,2023-05-30,49172.0
Blue,西門,2023-05-30,66215.5
Blue,善導寺,2023-05-30,46626.0
Blue,忠孝新生,2023-05-30,36526.0
Blue,忠孝敦化,2023-05-30,61655.0
Blue,國父紀念館,2023-05-30,39070.0
Blue,市政府,2023-05-30,112047.0
Blue,永春,2023-05-30,39708.0
Blue,後山埤,2023-05-30,30929.0
Blue,昆陽,2023-05-30,27391.0
Blue,南港,2023-05-30,42913.0
Blue,忠孝復興,2023-05-30,46367.0
Blue,南港展覽館,2023-05-30,52083.0
Blue,台北車站,2023-05-31,108358.5
Blue,頂埔,2023-05-31,17855.0
Blue,永寧,2023-05-31,23285.0
Blue,土城,2023-05-31,15301.0
Blue,海山,2023-05-31,42901.0
Blue,亞東醫院,2023-05-31,47726.0
Blue,府中,2023-05-31,50352.0
Blue,板橋,2023-05-31,71135.0
Blue,新埔,2023-05-31,74120.0
Blue,江子翠,2023-05-31,51905.0
Blue,龍山寺,2023-05-31,48068.0
Blue,西門,2023-05-31,65483.0
Blue,善導寺,2023-05-31,48347.0
Blue,忠孝新生,2023-05-31,37058.5
Blue,忠孝敦化,2023-05-31,62061.0
Blue,國父紀念館,2023-05-31,39316.0
Blue,市政府,2023-05-31,115063.0
Blue,永春,2023-05-31,39788.0
Blue,後山埤,2023-05-31,30614.0
Blue,昆陽,2023-05-31,27531.0
Blue,南港,2023-05-31,44558.0
Blue,忠孝復興,2023-05-31,46106.5
Blue,南港展覽館,2023-05-31,53225.5
Blue,台北車站,2023-06-01,111335.5
Blue,頂埔,2023-06-01,17817.0
Blue,永寧,2023-06-01,23975.0
Blue,土城,2023-06-01,15860.0
Blue,海山,2023-06-01,43754.0
Blue,亞東醫院,2023-06-01,47880.0
Blue,府中,2023-06-01,52027.0
Blue,板橋,2023-06-01,71981.0
Blue,新埔,2023-06-01,75544.0
Blue,江子翠,2023-06-01,52073.0
Blue,龍山寺,2023-06-01,50259.0
Blue,西門,2023-06-01,70507.5
Blue,善導寺,2023-06-01,49116.0
Blue,忠孝新生,2023-06-01,37814.5
Blue,忠孝敦化,2023-06-01,63127.0
Blue,國父紀念館,2023-06-01,40645.0
Blue,市政府,2023-06-01,117372.0
Blue,永春,2023-06-01,41433.0
Blue,後山埤,2023-06-01,31424.0
Blue,昆陽,2023-06-01,28282.0
Blue,南港,2023-06-01,45656.0
Blue,忠孝復興,2023-06-01,47449.5
Blue,南港展覽館,2023-06-01,55380.5
Blue,台北車站,2023-06-02,135741.5
Blue,頂埔,2023-06-02,18509.0
Blue,永寧,2023-06-02,27334.0
Blue,土城,2023-06-02,16948.0
Blue,海山,2023-06-02,45815.0
Blue,亞東醫院,2023-06-02,49071.0
Blue,府中,2023-06-02,56808.0
Blue,板橋,2023-06-02,82876.0
Blue,新埔,2023-06-02,78756.0
Blue,江子翠,2023-06-02,54920.0
Blue,龍山寺,2023-06-02,56057.0
Blue,西門,2023-06-02,81095.5
Blue,善導寺,2023-06-02,48755.0
Blue,忠孝新生,2023-06-02,42738.5
Blue,忠孝敦化,2023-06-02,71895.0
Blue,國父紀念館,2023-06-02,45210.0
Blue,市政府,2023-06-02,132865.0
Blue,永春,2023-06-02,41892.0
Blue,後山埤,2023-06-02,32911.0
Blue,昆陽,2023-06-02,28960.0
Blue,南港,2023-06-02,49825.0
Blue,忠孝復興,2023-06-02,55278.0
Blue,南港展覽館,2023-06-02,55720.5
Blue,台北車站,2023-06-03,127430.5
Blue,頂埔,2023-06-03,11481.0
Blue,永寧,2023-06-03,19107.0
Blue,土城,2023-06-03,11929.0
Blue,海山,2023-06-03,32195.0
Blue,亞東醫院,2023-06-03,30522.0
Blue,府中,2023-06-03,48321.0
Blue,板橋,2023-06-03,71473.0
Blue,新埔,2023-06-03,55573.0
Blue,江子翠,2023-06-03,40442.0
Blue,龍山寺,2023-06-03,51165.0
Blue,西門,2023-06-03,85563.0
Blue,善導寺,2023-06-03,31264.0
Blue,忠孝新生,2023-06-03,36679.0
Blue,忠孝敦化,2023-06-03,56937.0
Blue,國父紀念館,2023-06-03,34194.0
Blue,市政府,2023-06-03,101930.0
Blue,永春,2023-06-03,30061.0
Blue,後山埤,2023-06-03,25816.0
Blue,昆陽,2023-06-03,17678.0
Blue,南港,2023-06-03,34029.0
Blue,忠孝復興,2023-06-03,51309.5
Blue,南港展覽館,2023-06-03,21052.0
Blue,台北車站,2023-06-04,115218.0
Blue,頂埔,2023-06-04,9901.0
Blue,永寧,2023-06-04,15391.0
Blue,土城,2023-06-04,9611.0
Blue,海山,2023-06-04,25360.0
Blue,亞東醫院,2023-06-04,21775.0
Blue,府中,2023-06-04,37396.0
Blue,板橋,2023-06-04,61417.0
Blue,新埔,2023-06-04,43556.0
Blue,江子翠,2023-06-04,31311.0
Blue,龍山寺,2023-06-04,40910.0
Blue,西門,2023-06-04,69637.0
Blue,善導寺,2023-06-04,23230.0
Blue,忠孝新生,2023-06-04,28338.0
Blue,忠孝敦化,2023-06-04,39134.0
Blue,國父紀念館,2023-06-04,29707.0
Blue,市政府,2023-06-04,84335.0
Blue,永春,2023-06-04,23134.0
Blue,後山埤,2023-06-04,20806.0
Blue,昆陽,2023-06-04,12677.0
Blue,南港,2023-06-04,28420.0
Blue,忠孝復興,2023-06-04,39268.0
Blue,南港展覽館,2023-06-04,16229.0
Blue,台北車站,2023-06-05,111334.5
Blue,頂埔,2023-06-05,17511.0
Blue,永寧,2023-06-05,24133.0
Blue,土城,2023-06-05,15960.0
Blue,海山,2023-06-05,42306.0
Blue,亞東醫院,2023-06-05,47092.0
Blue,府中,2023-06-05,51239.0
Blue,板橋,2023-06-05,72172.0
Blue,新埔,2023-06-05,72701.0
Blue,江子翠,2023-06-05,50914.0
Blue,龍山寺,2023-06-05,51228.0
Blue,西門,2023-06-05,67681.5
Blue,善導寺,2023-06-05,43680.0
Blue,忠孝新生,2023-06-05,34876.0
Blue,忠孝敦化,2023-06-05,58376.0
Blue,國父紀念館,2023-06-05,37124.0
Blue,市政府,2023-06-05,108907.0
Blue,永春,2023-06-05,36465.0
Blue,後山埤,2023-06-05,30443.0
Blue,昆陽,2023-06-05,26916.0
Blue,南港,2023-06-05,36531.0
Blue,忠孝復興,2023-06-05,45145.5
Blue,南港展覽館,2023-06-05,31618.5
Blue,台北車站,2023-06-06,110574.0
Blue,頂埔,2023-06-06,17726.0
Blue,永寧,2023-06-06,24642.0
Blue,土城,2023-06-06,15963.0
Blue,海山,2023-06-06,43284.0
Blue,亞東醫院,2023-06-06,48284.0
Blue,府中,2023-06-06,52968.0
Blue,板橋,2023-06-06,71533.0
Blue,新埔,2023-06-06,74292.0
Blue,江子翠,2023-06-06,52228.0
Blue,龍山寺,2023-06-06,50847.0
Blue,西門,2023-06-06,68062.5
Blue,善導寺,2023-06-06,46277.0
Blue,忠孝新生,2023-06-06,35426.5
Blue,忠孝敦化,2023-06-06,61579.0
Blue,國父紀念館,2023-06-06,38609.0
Blue,市政府,2023-06-06,110891.0
Blue,永春,2023-06-06,38317.0
Blue,後山埤,2023-06-06,30282.0
Blue,昆陽,2023-06-06,27091.0
Blue,南港,2023-06-06,37959.0
Blue,忠孝復興,2023-06-06,47765.0
Blue,南港展覽館,2023-06-06,32923.0
Blue,台北車站,2023-06-07,112842.0
Blue,頂埔,2023-06-07,17985.0
Blue,永寧,2023-06-07,24686.0
Blue,土城,2023-06-07,16270.0
Blue,海山,2023-06-07,43274.0
Blue,亞東醫院,2023-06-07,48265.0
Blue,府中,2023-06-07,51511.0
Blue,板橋,2023-06-07,72744.0
Blue,新埔,2023-06-07,74655.0
Blue,江子翠,2023-06-07,52525.0
Blue,龍山寺,2023-06-07,50609.0
Blue,西門,2023-06-07,68506.0
Blue,善導寺,2023-06-07,47977.0
Blue,忠孝新生,2023-06-07,35942.0
Blue,忠孝敦化,2023-06-07,62610.0
Blue,國父紀念館,2023-06-07,38542.0
Blue,市政府,2023-06-07,112524.0
Blue,永春,2023-06-07,38342.0
Blue,後山埤,2023-06-07,30874.0
Blue,昆陽,2023-06-07,26628.0
Blue,南港,2023-06-07,38490.0
Blue,忠孝復興,2023-06-07,48133.5
Blue,南港展覽館,2023-06-07,33533.0
Blue,台北車站,2023-06-08,114429.0
Blue,頂埔,2023-06-08,17763.0
Blue,永寧,2023-06-08,24671.0
Blue,土城,2023-06-08,16039.0
Blue,海山,2023-06-08,43544.0
Blue,亞東醫院,2023-06-08,47656.0
Blue,府中,2023-06-08,53057.0
Blue,板橋,2023-06-08,73440.0
Blue,新埔,2023-06-08,75045.0
Blue,江子翠,2023-06-08,52599.0
Blue,龍山寺,2023-06-08,51053.0
Blue,西門,2023-06-08,70247.5
Blue,善導寺,2023-06-08,46840.0
Blue,忠孝新生,2023-06-08,36280.0
Blue,忠孝敦化,2023-06-08,63371.0
Blue,國父紀念館,2023-06-08,39325.0
Blue,市政府,2023-06-08,113624.0
Blue,永春,2023-06-08,38385.0
Blue,後山埤,2023-06-08,30340.0
Blue,昆陽,2023-06-08,27736.0
Blue,南港,2023-06-08,39851.0
Blue,忠孝復興,2023-06-08,48328.5
Blue,南港展覽館,2023-06-08,36319.0
Blue,台北車站,2023-06-09,138430.5
Blue,頂埔,2023-06-09,18659.0
Blue,永寧,2023-06-09,26773.0
Blue,土城,2023-06-09,17128.0
Blue,海山,2023-06-09,45271.0
Blue,亞東醫院,2023-06-09,48517.0
Blue,府中,2023-06-09,56545.0
Blue,板橋,2023-06-09,82650.0
Blue,新埔,2023-06-09,77531.0
Blue,江子翠,2023-06-09,54606.0
Blue,龍山寺,2023-06-09,52788.0
Blue,西門,2023-06-09,80353.0
Blue,善導寺,2023-06-09,47699.0
Blue,忠孝新生,2023-06-09,42237.0
Blue,忠孝敦化,2023-06-09,70506.0
Blue,國父紀念館,2023-06-09,44426.0
Blue,市政府,2023-06-09,128325.0
Blue,永春,2023-06-09,40817.0
Blue,後山埤,2023-06-09,32377.0
Blue,昆陽,2023-06-09,27769.0
Blue,南港,2023-06-09,45107.0
Blue,忠孝復興,2023-06-09,55952.5
Blue,南港展覽館,2023-06-09,36177.0
Blue,台北車站,2023-06-10,139488.5
Blue,頂埔,2023-06-10,11989.0
Blue,永寧,2023-06-10,19701.0
Blue,土城,2023-06-10,12130.0
Blue,海山,2023-06-10,31819.0
Blue,亞東醫院,2023-06-10,31793.0
Blue,府中,2023-06-10,49650.0
Blue,板橋,2023-06-10,73779.0
Blue,新埔,2023-06-10,56721.0
Blue,江子翠,2023-06-10,42248.0
Blue,龍山寺,2023-06-10,49381.0
Blue,西門,2023-06-10,86881.0
Blue,善導寺,2023-06-10,30750.0
Blue,忠孝新生,2023-06-10,42145.0
Blue,忠孝敦化,2023-06-10,59708.0
Blue,國父紀念館,2023-06-10,36659.0
Blue,市政府,2023-06-10,107853.0
Blue,永春,2023-06-10,29648.0
Blue,後山埤,2023-06-10,26620.0
Blue,昆陽,2023-06-10,17453.0
Blue,南港,2023-06-10,35557.0
Blue,忠孝復興,2023-06-10,53764.5
Blue,南港展覽館,2023-06-10,21604.5
Blue,台北車站,2023-06-11,124773.5
Blue,頂埔,2023-06-11,10217.0
Blue,永寧,2023-06-11,16236.0
Blue,土城,2023-06-11,10176.0
Blue,海山,2023-06-11,26391.0
Blue,亞東醫院,2023-06-11,22460.0
Blue,府中,2023-06-11,39569.0
Blue,板橋,2023-06-11,63519.0
Blue,新埔,2023-06-11,45301.0
Blue,江子翠,2023-06-11,32737.0
Blue,龍山寺,2023-06-11,41031.0
Blue,西門,2023-06-11,74328.5
Blue,善導寺,2023-06-11,24599.0
Blue,忠孝新生,2023-06-11,33526.0
Blue,忠孝敦化,2023-06-11,42240.0
Blue,國父紀念館,2023-06-11,30041.0
Blue,市政府,2023-06-11,87607.0
Blue,永春,2023-06-11,24525.0
Blue,後山埤,2023-06-11,21671.0
Blue,昆陽,2023-06-11,13198.0
Blue,南港,2023-06-11,30251.0
Blue,忠孝復興,2023-06-11,41131.0
Blue,南港展覽館,2023-06-11,16034.0
Blue,台北車站,2023-06-12,114653.0
Blue,頂埔,2023-06-12,17537.0
Blue,永寧,2023-06-12,24155.0
Blue,土城,2023-06-12,15983.0
Blue,海山,2023-06-12,42450.0
Blue,亞東醫院,2023-06-12,47033.0
Blue,府中,2023-06-12,50615.0
Blue,板橋,2023-06-12,71355.0
Blue,新埔,2023-06-12,72001.0
Blue,江子翠,2023-06-12,50603.0
Blue,龍山寺,2023-06-12,49856.0
Blue,西門,2023-06-12,68474.0
Blue,善導寺,2023-06-12,43553.0
Blue,忠孝新生,2023-06-12,35186.0
Blue,忠孝敦化,2023-06-12,59831.0
Blue,國父紀念館,2023-06-12,38092.0
Blue,市政府,2023-06-12,110764.0
Blue,永春,2023-06-12,36855.0
Blue,後山埤,2023-06-12,30469.0
Blue,昆陽,2023-06-12,27030.0
Blue,南港,2023-06-12,36925.0
Blue,忠孝復興,2023-06-12,46339.5
Blue,南港展覽館,2023-06-12,32666.5
Blue,台北車站,2023-06-13,113463.5
Blue,頂埔,2023-06-13,18080.0
Blue,永寧,2023-06-13,24676.0
Blue,土城,2023-06-13,15972.0
Blue,海山,2023-06-13,42966.0
Blue,亞東醫院,2023-06-13,48521.0
Blue,府中,2023-06-13,52705.0
Blue,板橋,2023-06-13,72585.0
Blue,新埔,2023-06-13,74611.0
Blue,江子翠,2023-06-13,51958.0
Blue,龍山寺,2023-06-13,50583.0
Blue,西門,2023-06-13,69073.0
Blue,善導寺,2023-06-13,46073.0
Blue,忠孝新生,2023-06-13,35981.0
Blue,忠孝敦化,2023-06-13,63402.0
Blue,國父紀念館,2023-06-13,39180.0
Blue,市政府,2023-06-13,112930.0
Blue,永春,2023-06-13,37889.0
Blue,後山埤,2023-06-13,31398.0
Blue,昆陽,2023-06-13,26962.0
Blue,南港,2023-06-13,39156.0
Blue,忠孝復興,2023-06-13,48551.0
Blue,南港展覽館,2023-06-13,36234.5
Blue,台北車站,2023-06-14,118050.5
Blue,頂埔,2023-06-14,17752.0
Blue,永寧,2023-06-14,25189.0
Blue,土城,2023-06-14,16384.0
Blue,海山,2023-06-14,43599.0
Blue,亞東醫院,2023-06-14,49179.0
Blue,府中,2023-06-14,53262.0
Blue,板橋,2023-06-14,74600.0
Blue,新埔,2023-06-14,75086.0
Blue,江子翠,2023-06-14,52902.0
Blue,龍山寺,2023-06-14,51415.0
Blue,西門,2023-06-14,71135.0
Blue,善導寺,2023-06-14,48270.0
Blue,忠孝新生,2023-06-14,37684.5
Blue,忠孝敦化,2023-06-14,66340.0
Blue,國父紀念館,2023-06-14,40047.0
Blue,市政府,2023-06-14,115833.0
Blue,永春,2023-06-14,39193.0
Blue,後山埤,2023-06-14,31488.0
Blue,昆陽,2023-06-14,28019.0
Blue,南港,2023-06-14,45449.0
Blue,忠孝復興,2023-06-14,49221.5
Blue,南港展覽館,2023-06-14,51111.5
Blue,台北車站,2023-06-15,119388.5
Blue,頂埔,2023-06-15,18001.0
Blue,永寧,2023-06-15,24751.0
Blue,土城,2023-06-15,16353.0
Blue,海山,2023-06-15,43734.0
Blue,亞東醫院,2023-06-15,48417.0
Blue,府中,2023-06-15,53121.0
Blue,板橋,2023-06-15,74729.0
Blue,新埔,2023-06-15,75320.0
Blue,江子翠,2023-06-15,52423.0
Blue,龍山寺,2023-06-15,51086.0
Blue,西門,2023-06-15,70924.0
Blue,善導寺,2023-06-15,48532.0
Blue,忠孝新生,2023-06-15,37583.0
Blue,忠孝敦化,2023-06-15,67836.0
Blue,國父紀念館,2023-06-15,40489.0
Blue,市政府,2023-06-15,118871.0
Blue,永春,2023-06-15,38526.0
Blue,後山埤,2023-06-15,31067.0
Blue,昆陽,2023-06-15,28454.0
Blue,南港,2023-06-15,46022.0
Blue,忠孝復興,2023-06-15,49748.0
Blue,南港展覽館,2023-06-15,52614.5
Blue,台北車站,2023-06-16,132313.0
Blue,頂埔,2023-06-16,18107.0
Blue,永寧,2023-06-16,25745.0
Blue,土城,2023-06-16,16359.0
Blue,海山,2023-06-16,43646.0
Blue,亞東醫院,2023-06-16,47943.0
Blue,府中,2023-06-16,54885.0
Blue,板橋,2023-06-16,80848.0
Blue,新埔,2023-06-16,76568.0
Blue,江子翠,2023-06-16,53548.0
Blue,龍山寺,2023-06-16,51209.0
Blue,西門,2023-06-16,77091.5
Blue,善導寺,2023-06-16,48593.0
Blue,忠孝新生,2023-06-16,39799.5
Blue,忠孝敦化,2023-06-16,71631.0
Blue,國父紀念館,2023-06-16,44488.0
Blue,市政府,2023-06-16,126862.0
Blue,永春,2023-06-16,40328.0
Blue,後山埤,2023-06-16,32599.0
Blue,昆陽,2023-06-16,28252.0
Blue,南港,2023-06-16,49358.0
Blue,忠孝復興,2023-06-16,54832.5
Blue,南港展覽館,2023-06-16,52204.5
Blue,台北車站,2023-06-17,131952.5
Blue,頂埔,2023-06-17,16341.0
Blue,永寧,2023-06-17,22746.0
Blue,土城,2023-06-17,14856.0
Blue,海山,2023-06-17,40466.0
Blue,亞東醫院,2023-06-17,39924.0
Blue,府中,2023-06-17,54159.0
Blue,板橋,2023-06-17,80261.0
Blue,新埔,2023-06-17,67420.0
Blue,江子翠,2023-06-17,49098.0
Blue,龍山寺,2023-06-17,52824.0
Blue,西門,2023-06-17,85616.5
Blue,善導寺,2023-06-17,39975.0
Blue,忠孝新生,2023-06-17,40745.5
Blue,忠孝敦化,2023-06-17,70161.0
Blue,國父紀念館,2023-06-17,39825.0
Blue,市政府,2023-06-17,124646.0
Blue,永春,2023-06-17,37574.0
Blue,後山埤,2023-06-17,29721.0
Blue,昆陽,2023-06-17,26203.0
Blue,南港,2023-06-17,45137.0
Blue,忠孝復興,2023-06-17,56580.5
Blue,南港展覽館,2023-06-17,45327.5
Blue,台北車站,2023-06-18,117317.0
Blue,頂埔,2023-06-18,10549.0
Blue,永寧,2023-06-18,16698.0
Blue,土城,2023-06-18,10404.0
Blue,海山,2023-06-18,26181.0
Blue,亞東醫院,2023-06-18,23071.0
Blue,府中,2023-06-18,41092.0
Blue,板橋,2023-06-18,63317.0
Blue,新埔,2023-06-18,47969.0
Blue,江子翠,2023-06-18,33845.0
Blue,龍山寺,2023-06-18,45167.0
Blue,西門,2023-06-18,74271.5
Blue,善導寺,2023-06-18,24188.0
Blue,忠孝新生,2023-06-18,30563.5
Blue,忠孝敦化,2023-06-18,44598.0
Blue,國父紀念館,2023-06-18,27146.0
Blue,市政府,2023-06-18,86031.0
Blue,永春,2023-06-18,24432.0
Blue,後山埤,2023-06-18,21456.0
Blue,昆陽,2023-06-18,13318.0
Blue,南港,2023-06-18,27925.0
Blue,忠孝復興,2023-06-18,40859.5
Blue,南港展覽館,2023-06-18,16580.5
Blue,台北車站,2023-06-19,117122.0
Blue,頂埔,2023-06-19,17522.0
Blue,永寧,2023-06-19,23965.0
Blue,土城,2023-06-19,15858.0
Blue,海山,2023-06-19,42223.0
Blue,亞東醫院,2023-06-19,46823.0
Blue,府中,2023-06-19,50909.0
Blue,板橋,2023-06-19,73669.0
Blue,新埔,2023-06-19,69682.0
Blue,江子翠,2023-06-19,50759.0
Blue,龍山寺,2023-06-19,48805.0
Blue,西門,2023-06-19,67857.0
Blue,善導寺,2023-06-19,39640.0
Blue,忠孝新生,2023-06-19,35356.0
Blue,忠孝敦化,2023-06-19,60607.0
Blue,國父紀念館,2023-06-19,37690.0
Blue,市政府,2023-06-19,111614.0
Blue,永春,2023-06-19,37430.0
Blue,後山埤,2023-06-19,29759.0
Blue,昆陽,2023-06-19,26802.0
Blue,南港,2023-06-19,37653.0
Blue,忠孝復興,2023-06-19,46968.0
Blue,南港展覽館,2023-06-19,31798.0
Blue,台北車站,2023-06-20,119185.0
Blue,頂埔,2023-06-20,18095.0
Blue,永寧,2023-06-20,25004.0
Blue,土城,2023-06-20,16008.0
Blue,海山,2023-06-20,43008.0
Blue,亞東醫院,2023-06-20,47657.0
Blue,府中,2023-06-20,52979.0
Blue,板橋,2023-06-20,75337.0
Blue,新埔,2023-06-20,71451.0
Blue,江子翠,2023-06-20,51889.0
Blue,龍山寺,2023-06-20,49716.0
Blue,西門,2023-06-20,69157.0
Blue,善導寺,2023-06-20,42418.0
Blue,忠孝新生,2023-06-20,36391.5
Blue,忠孝敦化,2023-06-20,64359.0
Blue,國父紀念館,2023-06-20,39409.0
Blue,市政府,2023-06-20,115218.0
Blue,永春,2023-06-20,38705.0
Blue,後山埤,2023-06-20,30700.0
Blue,昆陽,2023-06-20,27498.0
Blue,南港,2023-06-20,38857.0
Blue,忠孝復興,2023-06-20,49280.5
Blue,南港展覽館,2023-06-20,32697.5
Blue,台北車站,2023-06-21,134768.0
Blue,頂埔,2023-06-21,18562.0
Blue,永寧,2023-06-21,26005.0
Blue,土城,2023-06-21,16641.0
Blue,海山,2023-06-21,44073.0
Blue,亞東醫院,2023-06-21,48141.0
Blue,府中,2023-06-21,53593.0
Blue,板橋,2023-06-21,81849.0
Blue,新埔,2023-06-21,72604.0
Blue,江子翠,2023-06-21,52923.0
Blue,龍山寺,2023-06-21,51211.0
Blue,西門,2023-06-21,74009.5
Blue,善導寺,2023-06-21,42286.0
Blue,忠孝新生,2023-06-21,39292.0
Blue,忠孝敦化,2023-06-21,68664.0
Blue,國父紀念館,2023-06-21,39916.0
Blue,市政府,2023-06-21,123786.0
Blue,永春,2023-06-21,40437.0
Blue,後山埤,2023-06-21,31916.0
Blue,昆陽,2023-06-21,27807.0
Blue,南港,2023-06-21,46413.0
Blue,忠孝復興,2023-06-21,52662.0
Blue,南港展覽館,2023-06-21,33214.5
Blue,台北車站,2023-06-22,100618.5
Blue,頂埔,2023-06-22,9285.0
Blue,永寧,2023-06-22,13783.0
Blue,土城,2023-06-22,9402.0
Blue,海山,2023-06-22,24093.0
Blue,亞東醫院,2023-06-22,19992.0
Blue,府中,2023-06-22,32354.0
Blue,板橋,2023-06-22,55229.0
Blue,新埔,2023-06-22,38533.0
Blue,江子翠,2023-06-22,28224.0
Blue,龍山寺,2023-06-22,37585.0
Blue,西門,2023-06-22,65820.5
Blue,善導寺,2023-06-22,17714.0
Blue,忠孝新生,2023-06-22,26664.5
Blue,忠孝敦化,2023-06-22,38502.0
Blue,國父紀念館,2023-06-22,20278.0
Blue,市政府,2023-06-22,77598.0
Blue,永春,2023-06-22,20996.0
Blue,後山埤,2023-06-22,18847.0
Blue,昆陽,2023-06-22,11223.0
Blue,南港,2023-06-22,29143.0
Blue,忠孝復興,2023-06-22,37076.5
Blue,南港展覽館,2023-06-22,13760.5
Blue,台北車站,2023-06-23,116541.5
Blue,頂埔,2023-06-23,10134.0
Blue,永寧,2023-06-23,16001.0
Blue,土城,2023-06-23,10306.0
Blue,海山,2023-06-23,26204.0
Blue,亞東醫院,2023-06-23,26899.0
Blue,府中,2023-06-23,38421.0
Blue,板橋,2023-06-23,63452.0
Blue,新埔,2023-06-23,43841.0
Blue,江子翠,2023-06-23,30443.0
Blue,龍山寺,2023-06-23,39766.0
Blue,西門,2023-06-23,73877.0
Blue,善導寺,2023-06-23,17736.0
Blue,忠孝新生,2023-06-23,26524.5
Blue,忠孝敦化,2023-06-23,43638.0
Blue,國父紀念館,2023-06-23,25375.0
Blue,市政府,2023-06-23,88687.0
Blue,永春,2023-06-23,20973.0
Blue,後山埤,2023-06-23,19897.0
Blue,昆陽,2023-06-23,12217.0
Blue,南港,2023-06-23,29465.0
Blue,忠孝復興,2023-06-23,43911.0
Blue,南港展覽館,2023-06-23,15406.0
Blue,台北車站,2023-06-24,125605.5
Blue,頂埔,2023-06-24,10667.0
Blue,永寧,2023-06-24,16355.0
Blue,土城,2023-06-24,10438.0
Blue,海山,2023-06-24,27756.0
Blue,亞東醫院,2023-06-24,25194.0
Blue,府中,2023-06-24,39491.0
Blue,板橋,2023-06-24,66410.0
Blue,新埔,2023-06-24,45814.0
Blue,江子翠,2023-06-24,32610.0
Blue,龍山寺,2023-06-24,44985.0
Blue,西門,2023-06-24,80264.5
Blue,善導寺,2023-06-24,20627.0
Blue,忠孝新生,2023-06-24,31662.0
Blue,忠孝敦化,2023-06-24,47794.0
Blue,國父紀念館,2023-06-24,28055.0
Blue,市政府,2023-06-24,96451.0
Blue,永春,2023-06-24,23990.0
Blue,後山埤,2023-06-24,21758.0
Blue,昆陽,2023-06-24,17877.0
Blue,南港,2023-06-24,31632.0
Blue,忠孝復興,2023-06-24,45617.0
Blue,南港展覽館,2023-06-24,16079.0
Blue,台北車站,2023-06-25,115501.5
Blue,頂埔,2023-06-25,10008.0
Blue,永寧,2023-06-25,14764.0
Blue,土城,2023-06-25,9436.0
Blue,海山,2023-06-25,24546.0
Blue,亞東醫院,2023-06-25,20535.0
Blue,府中,2023-06-25,35329.0
Blue,板橋,2023-06-25,60926.0
Blue,新埔,2023-06-25,40342.0
Blue,江子翠,2023-06-25,29935.0
Blue,龍山寺,2023-06-25,39488.0
Blue,西門,2023-06-25,68182.5
Blue,善導寺,2023-06-25,17754.0
Blue,忠孝新生,2023-06-25,26218.0
Blue,忠孝敦化,2023-06-25,37074.0
Blue,國父紀念館,2023-06-25,24433.0
Blue,市政府,2023-06-25,79772.0
Blue,永春,2023-06-25,22072.0
Blue,後山埤,2023-06-25,19925.0
Blue,昆陽,2023-06-25,16175.0
Blue,南港,2023-06-25,30027.0
Blue,忠孝復興,2023-06-25,36338.0
Blue,南港展覽館,2023-06-25,14261.5
Blue,台北車站,2023-06-26,119773.5
Blue,頂埔,2023-06-26,17580.0
Blue,永寧,2023-06-26,23868.0
Blue,土城,2023-06-26,15787.0
Blue,海山,2023-06-26,41591.0
Blue,亞東醫院,2023-06-26,45628.0
Blue,府中,2023-06-26,49554.0
Blue,板橋,2023-06-26,72998.0
Blue,新埔,2023-06-26,67806.0
Blue,江子翠,2023-06-26,50129.0
Blue,龍山寺,2023-06-26,48379.0
Blue,西門,2023-06-26,67104.0
Blue,善導寺,2023-06-26,38983.0
Blue,忠孝新生,2023-06-26,33480.0
Blue,忠孝敦化,2023-06-26,59420.0
Blue,國父紀念館,2023-06-26,36489.0
Blue,市政府,2023-06-26,110364.0
Blue,永春,2023-06-26,36203.0
Blue,後山埤,2023-06-26,29591.0
Blue,昆陽,2023-06-26,26503.0
Blue,南港,2023-06-26,37753.0
Blue,忠孝復興,2023-06-26,45008.0
Blue,南港展覽館,2023-06-26,31018.5
Blue,台北車站,2023-06-27,116194.0
Blue,頂埔,2023-06-27,17729.0
Blue,永寧,2023-06-27,24725.0
Blue,土城,2023-06-27,15743.0
Blue,海山,2023-06-27,42445.0
Blue,亞東醫院,2023-06-27,46938.0
Blue,府中,2023-06-27,52179.0
Blue,板橋,2023-06-27,73665.0
Blue,新埔,2023-06-27,71179.0
Blue,江子翠,2023-06-27,52082.0
Blue,龍山寺,2023-06-27,49543.0
Blue,西門,2023-06-27,67350.0
Blue,善導寺,2023-06-27,41166.0
Blue,忠孝新生,2023-06-27,34633.0
Blue,忠孝敦化,2023-06-27,63737.0
Blue,國父紀念館,2023-06-27,38149.0
Blue,市政府,2023-06-27,115267.0
Blue,永春,2023-06-27,37836.0
Blue,後山埤,2023-06-27,30237.0
Blue,昆陽,2023-06-27,26792.0
Blue,南港,2023-06-27,38936.0
Blue,忠孝復興,2023-06-27,49163.0
Blue,南港展覽館,2023-06-27,32971.0
Blue,台北車站,2023-06-28,117719.0
Blue,頂埔,2023-06-28,17812.0
Blue,永寧,2023-06-28,24597.0
Blue,土城,2023-06-28,16223.0
Blue,海山,2023-06-28,42628.0
Blue,亞東醫院,2023-06-28,47712.0
Blue,府中,2023-06-28,52207.0
Blue,板橋,2023-06-28,74358.0
Blue,新埔,2023-06-28,71276.0
Blue,江子翠,2023-06-28,52486.0
Blue,龍山寺,2023-06-28,50786.0
Blue,西門,2023-06-28,68036.5
Blue,善導寺,2023-06-28,43114.0
Blue,忠孝新生,2023-06-28,36151.0
Blue,忠孝敦化,2023-06-28,64703.0
Blue,國父紀念館,2023-06-28,39937.0
Blue,市政府,2023-06-28,117539.0
Blue,永春,2023-06-28,38848.0
Blue,後山埤,2023-06-28,30705.0
Blue,昆陽,2023-06-28,27461.0
Blue,南港,2023-06-28,38960.0
Blue,忠孝復興,2023-06-28,50185.5
Blue,南港展覽館,2023-06-28,34414.5
Blue,台北車站,2023-06-29,121018.0
Blue,頂埔,2023-06-29,18210.0
Blue,永寧,2023-06-29,24521.0
Blue,土城,2023-06-29,15694.0
Blue,海山,2023-06-29,42830.0
Blue,亞東醫院,2023-06-29,47865.0
Blue,府中,2023-06-29,52887.0
Blue,板橋,2023-06-29,75836.0
Blue,新埔,2023-06-29,72182.0
Blue,江子翠,2023-06-29,52790.0
Blue,龍山寺,2023-06-29,51016.0
Blue,西門,2023-06-29,70003.0
Blue,善導寺,2023-06-29,43403.0
Blue,忠孝新生,2023-06-29,36887.0
Blue,忠孝敦化,2023-06-29,66368.0
Blue,國父紀念館,2023-06-29,41361.0
Blue,市政府,2023-06-29,120257.0
Blue,永春,2023-06-29,39405.0
Blue,後山埤,2023-06-29,31050.0
Blue,昆陽,2023-06-29,28178.0
Blue,南港,2023-06-29,40742.0
Blue,忠孝復興,2023-06-29,51508.0
Blue,南港展覽館,2023-06-29,36108.0
Blue,台北車站,2023-06-30,146631.0
Blue,頂埔,2023-06-30,19027.0
Blue,永寧,2023-06-30,26889.0
Blue,土城,2023-06-30,17028.0
Blue,海山,2023-06-30,45521.0
Blue,亞東醫院,2023-06-30,47794.0
Blue,府中,2023-06-30,57091.0
Blue,板橋,2023-06-30,86917.0
Blue,新埔,2023-06-30,75397.0
Blue,江子翠,2023-06-30,55393.0
Blue,龍山寺,2023-06-30,52973.0
Blue,西門,2023-06-30,88049.5
Blue,善導寺,2023-06-30,45704.0
Blue,忠孝新生,2023-06-30,42936.5
Blue,忠孝敦化,2023-06-30,74572.0
Blue,國父紀念館,2023-06-30,46314.0
Blue,市政府,2023-06-30,139000.0
Blue,永春,2023-06-30,42320.0
Blue,後山埤,2023-06-30,33191.0
Blue,昆陽,2023-06-30,29188.0
Blue,南港,2023-06-30,48729.0
Blue,忠孝復興,2023-06-30,59397.5
Blue,南港展覽館,2023-06-30,37273.0
Blue,台北車站,2023-07-01,133174.0
Blue,頂埔,2023-07-01,11561.0
Blue,永寧,2023-07-01,19238.0
Blue,土城,2023-07-01,12016.0
Blue,海山,2023-07-01,32086.0
Blue,亞東醫院,2023-07-01,30252.0
Blue,府中,2023-07-01,47316.0
Blue,板橋,2023-07-01,75355.0
Blue,新埔,2023-07-01,56682.0
Blue,江子翠,2023-07-01,40245.0
Blue,龍山寺,2023-07-01,48970.0
Blue,西門,2023-07-01,83733.5
Blue,善導寺,2023-07-01,29121.0
Blue,忠孝新生,2023-07-01,38121.0
Blue,忠孝敦化,2023-07-01,58398.0
Blue,國父紀念館,2023-07-01,34193.0
Blue,市政府,2023-07-01,110030.0
Blue,永春,2023-07-01,29666.0
Blue,後山埤,2023-07-01,26758.0
Blue,昆陽,2023-07-01,21538.0
Blue,南港,2023-07-01,36500.0
Blue,忠孝復興,2023-07-01,53510.5
Blue,南港展覽館,2023-07-01,24885.0
Blue,台北車站,2023-07-02,119967.5
Blue,頂埔,2023-07-02,10312.0
Blue,永寧,2023-07-02,15698.0
Blue,土城,2023-07-02,10007.0
Blue,海山,2023-07-02,26086.0
Blue,亞東醫院,2023-07-02,22365.0
Blue,府中,2023-07-02,38142.0
Blue,板橋,2023-07-02,65417.0
Blue,新埔,2023-07-02,45725.0
Blue,江子翠,2023-07-02,32740.0
Blue,龍山寺,2023-07-02,43306.0
Blue,西門,2023-07-02,71420.5
Blue,善導寺,2023-07-02,21658.0
Blue,忠孝新生,2023-07-02,33476.5
Blue,忠孝敦化,2023-07-02,43127.0
Blue,國父紀念館,2023-07-02,26999.0
Blue,市政府,2023-07-02,90232.0
Blue,永春,2023-07-02,23970.0
Blue,後山埤,2023-07-02,21271.0
Blue,昆陽,2023-07-02,17515.0
Blue,南港,2023-07-02,32013.0
Blue,忠孝復興,2023-07-02,42424.0
Blue,南港展覽館,2023-07-02,20639.0
Blue,台北車站,2023-07-03,121991.5
Blue,頂埔,2023-07-03,17914.0
Blue,永寧,2023-07-03,24393.0
Blue,土城,2023-07-03,16158.0
Blue,海山,2023-07-03,41424.0
Blue,亞東醫院,2023-07-03,46117.0
Blue,府中,2023-07-03,52065.0
Blue,板橋,2023-07-03,75286.0
Blue,新埔,2023-07-03,70428.0
Blue,江子翠,2023-07-03,51654.0
Blue,龍山寺,2023-07-03,49330.0
Blue,西門,2023-07-03,71736.0
Blue,善導寺,2023-07-03,40448.0
Blue,忠孝新生,2023-07-03,37098.5
Blue,忠孝敦化,2023-07-03,61727.0
Blue,國父紀念館,2023-07-03,39379.0
Blue,市政府,2023-07-03,116298.0
Blue,永春,2023-07-03,34906.0
Blue,後山埤,2023-07-03,30525.0
Blue,昆陽,2023-07-03,26324.0
Blue,南港,2023-07-03,38112.0
Blue,忠孝復興,2023-07-03,48002.5
Blue,南港展覽館,2023-07-03,32151.0
Blue,台北車站,2023-07-04,123398.0
Blue,頂埔,2023-07-04,18112.0
Blue,永寧,2023-07-04,25066.0
Blue,土城,2023-07-04,16104.0
Blue,海山,2023-07-04,42691.0
Blue,亞東醫院,2023-07-04,47415.0
Blue,府中,2023-07-04,53623.0
Blue,板橋,2023-07-04,76280.0
Blue,新埔,2023-07-04,72188.0
Blue,江子翠,2023-07-04,52284.0
Blue,龍山寺,2023-07-04,50185.0
Blue,西門,2023-07-04,72563.0
Blue,善導寺,2023-07-04,41491.0
Blue,忠孝新生,2023-07-04,37976.0
Blue,忠孝敦化,2023-07-04,65461.0
Blue,國父紀念館,2023-07-04,40480.0
Blue,市政府,2023-07-04,117239.0
Blue,永春,2023-07-04,36544.0
Blue,後山埤,2023-07-04,30955.0
Blue,昆陽,2023-07-04,26731.0
Blue,南港,2023-07-04,39138.0
Blue,忠孝復興,2023-07-04,51119.5
Blue,南港展覽館,2023-07-04,33167.0
Blue,台北車站,2023-07-05,126967.0
Blue,頂埔,2023-07-05,18225.0
Blue,永寧,2023-07-05,25257.0
Blue,土城,2023-07-05,16572.0
Blue,海山,2023-07-05,43012.0
Blue,亞東醫院,2023-07-05,47598.0
Blue,府中,2023-07-05,54439.0
Blue,板橋,2023-07-05,76745.0
Blue,新埔,2023-07-05,72827.0
Blue,江子翠,2023-07-05,53355.0
Blue,龍山寺,2023-07-05,51173.0
Blue,西門,2023-07-05,73824.5
Blue,善導寺,2023-07-05,43592.0
Blue,忠孝新生,2023-07-05,38296.5
Blue,忠孝敦化,2023-07-05,66411.0
Blue,國父紀念館,2023-07-05,41919.0
Blue,市政府,2023-07-05,119259.0
Blue,永春,2023-07-05,37317.0
Blue,後山埤,2023-07-05,31977.0
Blue,昆陽,2023-07-05,27341.0
Blue,南港,2023-07-05,40168.0
Blue,忠孝復興,2023-07-05,51954.0
Blue,南港展覽館,2023-07-05,34467.5
Blue,台北車站,2023-07-06,129363.5
Blue,頂埔,2023-07-06,18255.0
Blue,永寧,2023-07-06,24923.0
Blue,土城,2023-07-06,16040.0
Blue,海山,2023-07-06,42632.0
Blue,亞東醫院,2023-07-06,46918.0
Blue,府中,2023-07-06,52993.0
Blue,板橋,2023-07-06,78616.0
Blue,新埔,2023-07-06,72961.0
Blue,江子翠,2023-07-06,53122.0
Blue,龍山寺,2023-07-06,49894.0
Blue,西門,2023-07-06,74552.5
Blue,善導寺,2023-07-06,41737.0
Blue,忠孝新生,2023-07-06,38487.5
Blue,忠孝敦化,2023-07-06,66929.0
Blue,國父紀念館,2023-07-06,42843.0
Blue,市政府,2023-07-06,124067.0
Blue,永春,2023-07-06,37435.0
Blue,後山埤,2023-07-06,31740.0
Blue,昆陽,2023-07-06,28184.0
Blue,南港,2023-07-06,41108.0
Blue,忠孝復興,2023-07-06,52217.5
Blue,南港展覽館,2023-07-06,34612.5
Blue,台北車站,2023-07-07,147166.5
Blue,頂埔,2023-07-07,19227.0
Blue,永寧,2023-07-07,26729.0
Blue,土城,2023-07-07,16800.0
Blue,海山,2023-07-07,43735.0
Blue,亞東醫院,2023-07-07,46943.0
Blue,府中,2023-07-07,56915.0
Blue,板橋,2023-07-07,86686.0
Blue,新埔,2023-07-07,74578.0
Blue,江子翠,2023-07-07,55536.0
Blue,龍山寺,2023-07-07,52289.0
Blue,西門,2023-07-07,84316.0
Blue,善導寺,2023-07-07,43604.0
Blue,忠孝新生,2023-07-07,41533.5
Blue,忠孝敦化,2023-07-07,73389.0
Blue,國父紀念館,2023-07-07,45619.0
Blue,市政府,2023-07-07,133898.0
Blue,永春,2023-07-07,39556.0
Blue,後山埤,2023-07-07,33215.0
Blue,昆陽,2023-07-07,27621.0
Blue,南港,2023-07-07,46849.0
Blue,忠孝復興,2023-07-07,58121.5
Blue,南港展覽館,2023-07-07,44172.5
Blue,台北車站,2023-07-08,144058.5
Blue,頂埔,2023-07-08,12658.0
Blue,永寧,2023-07-08,20005.0
Blue,土城,2023-07-08,12494.0
Blue,海山,2023-07-08,33261.0
Blue,亞東醫院,2023-07-08,30333.0
Blue,府中,2023-07-08,50890.0
Blue,板橋,2023-07-08,78927.0
Blue,新埔,2023-07-08,57880.0
Blue,江子翠,2023-07-08,42723.0
Blue,龍山寺,2023-07-08,49323.0
Blue,西門,2023-07-08,91328.5
Blue,善導寺,2023-07-08,28505.0
Blue,忠孝新生,2023-07-08,39150.0
Blue,忠孝敦化,2023-07-08,59795.0
Blue,國父紀念館,2023-07-08,34656.0
Blue,市政府,2023-07-08,116924.0
Blue,永春,2023-07-08,30186.0
Blue,後山埤,2023-07-08,26783.0
Blue,昆陽,2023-07-08,19250.0
Blue,南港,2023-07-08,43394.0
Blue,忠孝復興,2023-07-08,54426.0
Blue,南港展覽館,2023-07-08,44478.0
Blue,台北車站,2023-07-09,128732.5
Blue,頂埔,2023-07-09,10945.0
Blue,永寧,2023-07-09,16867.0
Blue,土城,2023-07-09,10487.0
Blue,海山,2023-07-09,27972.0
Blue,亞東醫院,2023-07-09,23204.0
Blue,府中,2023-07-09,40706.0
Blue,板橋,2023-07-09,68102.0
Blue,新埔,2023-07-09,46233.0
Blue,江子翠,2023-07-09,34697.0
Blue,龍山寺,2023-07-09,41763.0
Blue,西門,2023-07-09,79146.5
Blue,善導寺,2023-07-09,23081.0
Blue,忠孝新生,2023-07-09,32698.5
Blue,忠孝敦化,2023-07-09,42752.0
Blue,國父紀念館,2023-07-09,26935.0
Blue,市政府,2023-07-09,93095.0
Blue,永春,2023-07-09,24584.0
Blue,後山埤,2023-07-09,22233.0
Blue,昆陽,2023-07-09,13304.0
Blue,南港,2023-07-09,35677.0
Blue,忠孝復興,2023-07-09,42384.5
Blue,南港展覽館,2023-07-09,30773.5
Blue,台北車站,2023-07-10,126421.0
Blue,頂埔,2023-07-10,18090.0
Blue,永寧,2023-07-10,24745.0
Blue,土城,2023-07-10,16272.0
Blue,海山,2023-07-10,41872.0
Blue,亞東醫院,2023-07-10,45584.0
Blue,府中,2023-07-10,52011.0
Blue,板橋,2023-07-10,77564.0
Blue,新埔,2023-07-10,70214.0
Blue,江子翠,2023-07-10,52163.0
Blue,龍山寺,2023-07-10,49241.0
Blue,西門,2023-07-10,72224.5
Blue,善導寺,2023-07-10,39205.0
Blue,忠孝新生,2023-07-10,36537.5
Blue,忠孝敦化,2023-07-10,61606.0
Blue,國父紀念館,2023-07-10,38928.0
Blue,市政府,2023-07-10,116584.0
Blue,永春,2023-07-10,35545.0
Blue,後山埤,2023-07-10,30509.0
Blue,昆陽,2023-07-10,26277.0
Blue,南港,2023-07-10,40302.0
Blue,忠孝復興,2023-07-10,47617.0
Blue,南港展覽館,2023-07-10,41029.5
Blue,台北車站,2023-07-11,124909.0
Blue,頂埔,2023-07-11,18236.0
Blue,永寧,2023-07-11,25267.0
Blue,土城,2023-07-11,16267.0
Blue,海山,2023-07-11,42392.0
Blue,亞東醫院,2023-07-11,47502.0
Blue,府中,2023-07-11,52828.0
Blue,板橋,2023-07-11,76998.0
Blue,新埔,2023-07-11,71952.0
Blue,江子翠,2023-07-11,53248.0
Blue,龍山寺,2023-07-11,47796.0
Blue,西門,2023-07-11,71189.5
Blue,善導寺,2023-07-11,40892.0
Blue,忠孝新生,2023-07-11,36870.5
Blue,忠孝敦化,2023-07-11,64282.0
Blue,國父紀念館,2023-07-11,40808.0
Blue,市政府,2023-07-11,117329.0
Blue,永春,2023-07-11,36078.0
Blue,後山埤,2023-07-11,30782.0
Blue,昆陽,2023-07-11,26597.0
Blue,南港,2023-07-11,39282.0
Blue,忠孝復興,2023-07-11,49896.0
Blue,南港展覽館,2023-07-11,34063.5
Blue,台北車站,2023-07-12,128698.5
Blue,頂埔,2023-07-12,18487.0
Blue,永寧,2023-07-12,25650.0
Blue,土城,2023-07-12,16380.0
Blue,海山,2023-07-12,42700.0
Blue,亞東醫院,2023-07-12,47547.0
Blue,府中,2023-07-12,54558.0
Blue,板橋,2023-07-12,78507.0
Blue,新埔,2023-07-12,72992.0
Blue,江子翠,2023-07-12,54027.0
Blue,龍山寺,2023-07-12,49962.0
Blue,西門,2023-07-12,76120.5
Blue,善導寺,2023-07-12,43441.0
Blue,忠孝新生,2023-07-12,38884.5
Blue,忠孝敦化,2023-07-12,66432.0
Blue,國父紀念館,2023-07-12,41589.0
Blue,市政府,2023-07-12,119507.0
Blue,永春,2023-07-12,36817.0
Blue,後山埤,2023-07-12,31303.0
Blue,昆陽,2023-07-12,27011.0
Blue,南港,2023-07-12,40230.0
Blue,忠孝復興,2023-07-12,51928.5
Blue,南港展覽館,2023-07-12,35113.0
Blue,台北車站,2023-07-13,129198.0
Blue,頂埔,2023-07-13,18402.0
Blue,永寧,2023-07-13,25332.0
Blue,土城,2023-07-13,16344.0
Blue,海山,2023-07-13,42643.0
Blue,亞東醫院,2023-07-13,46508.0
Blue,府中,2023-07-13,54228.0
Blue,板橋,2023-07-13,79300.0
Blue,新埔,2023-07-13,73246.0
Blue,江子翠,2023-07-13,53071.0
Blue,龍山寺,2023-07-13,50540.0
Blue,西門,2023-07-13,75859.5
Blue,善導寺,2023-07-13,42693.0
Blue,忠孝新生,2023-07-13,38689.0
Blue,忠孝敦化,2023-07-13,67284.0
Blue,國父紀念館,2023-07-13,42192.0
Blue,市政府,2023-07-13,124380.0
Blue,永春,2023-07-13,37298.0
Blue,後山埤,2023-07-13,31562.0
Blue,昆陽,2023-07-13,28021.0
Blue,南港,2023-07-13,42479.0
Blue,忠孝復興,2023-07-13,51502.5
Blue,南港展覽館,2023-07-13,36938.5
Blue,台北車站,2023-07-14,149707.5
Blue,頂埔,2023-07-14,18984.0
Blue,永寧,2023-07-14,27548.0
Blue,土城,2023-07-14,17118.0
Blue,海山,2023-07-14,45361.0
Blue,亞東醫院,2023-07-14,47654.0
Blue,府中,2023-07-14,59614.0
Blue,板橋,2023-07-14,88548.0
Blue,新埔,2023-07-14,75894.0
Blue,江子翠,2023-07-14,56406.0
Blue,龍山寺,2023-07-14,53716.0
Blue,西門,2023-07-14,87440.5
Blue,善導寺,2023-07-14,45194.0
Blue,忠孝新生,2023-07-14,42325.0
Blue,忠孝敦化,2023-07-14,74451.0
Blue,國父紀念館,2023-07-14,47598.0
Blue,市政府,2023-07-14,141647.0
Blue,永春,2023-07-14,41382.0
Blue,後山埤,2023-07-14,33793.0
Blue,昆陽,2023-07-14,29252.0
Blue,南港,2023-07-14,50745.0
Blue,忠孝復興,2023-07-14,59354.5
Blue,南港展覽館,2023-07-14,40385.0
Blue,台北車站,2023-07-15,146074.0
Blue,頂埔,2023-07-15,12244.0
Blue,永寧,2023-07-15,20387.0
Blue,土城,2023-07-15,13048.0
Blue,海山,2023-07-15,33506.0
Blue,亞東醫院,2023-07-15,30627.0
Blue,府中,2023-07-15,50840.0
Blue,板橋,2023-07-15,79113.0
Blue,新埔,2023-07-15,57555.0
Blue,江子翠,2023-07-15,42419.0
Blue,龍山寺,2023-07-15,50811.0
Blue,西門,2023-07-15,94690.5
Blue,善導寺,2023-07-15,29387.0
Blue,忠孝新生,2023-07-15,40427.5
Blue,忠孝敦化,2023-07-15,60659.0
Blue,國父紀念館,2023-07-15,36956.0
Blue,市政府,2023-07-15,118908.0
Blue,永春,2023-07-15,30090.0
Blue,後山埤,2023-07-15,26783.0
Blue,昆陽,2023-07-15,20653.0
Blue,南港,2023-07-15,41854.0
Blue,忠孝復興,2023-07-15,55656.5
Blue,南港展覽館,2023-07-15,27080.5
Blue,台北車站,2023-07-16,135965.5
Blue,頂埔,2023-07-16,11151.0
Blue,永寧,2023-07-16,17736.0
Blue,土城,2023-07-16,10802.0
Blue,海山,2023-07-16,27883.0
Blue,亞東醫院,2023-07-16,23785.0
Blue,府中,2023-07-16,41351.0
Blue,板橋,2023-07-16,68817.0
Blue,新埔,2023-07-16,46848.0
Blue,江子翠,2023-07-16,34883.0
Blue,龍山寺,2023-07-16,45124.0
Blue,西門,2023-07-16,81701.0
Blue,善導寺,2023-07-16,24318.0
Blue,忠孝新生,2023-07-16,33584.5
Blue,忠孝敦化,2023-07-16,43552.0
Blue,國父紀念館,2023-07-16,30077.0
Blue,市政府,2023-07-16,97926.0
Blue,永春,2023-07-16,24443.0
Blue,後山埤,2023-07-16,22879.0
Blue,昆陽,2023-07-16,15425.0
Blue,南港,2023-07-16,37249.0
Blue,忠孝復興,2023-07-16,43480.0
Blue,南港展覽館,2023-07-16,22252.5
Blue,台北車站,2023-07-17,126050.5
Blue,頂埔,2023-07-17,17903.0
Blue,永寧,2023-07-17,24607.0
Blue,土城,2023-07-17,15933.0
Blue,海山,2023-07-17,41030.0
Blue,亞東醫院,2023-07-17,45676.0
Blue,府中,2023-07-17,51819.0
Blue,板橋,2023-07-17,76253.0
Blue,新埔,2023-07-17,70373.0
Blue,江子翠,2023-07-17,51598.0
Blue,龍山寺,2023-07-17,48413.0
Blue,西門,2023-07-17,72717.0
Blue,善導寺,2023-07-17,40338.0
Blue,忠孝新生,2023-07-17,36708.5
Blue,忠孝敦化,2023-07-17,61807.0
Blue,國父紀念館,2023-07-17,39252.0
Blue,市政府,2023-07-17,117360.0
Blue,永春,2023-07-17,36018.0
Blue,後山埤,2023-07-17,30496.0
Blue,昆陽,2023-07-17,27102.0
Blue,南港,2023-07-17,40647.0
Blue,忠孝復興,2023-07-17,48315.5
Blue,南港展覽館,2023-07-17,34771.0
Blue,台北車站,2023-07-18,125974.5
Blue,頂埔,2023-07-18,18317.0
Blue,永寧,2023-07-18,25472.0
Blue,土城,2023-07-18,16345.0
Blue,海山,2023-07-18,43172.0
Blue,亞東醫院,2023-07-18,47810.0
Blue,府中,2023-07-18,53569.0
Blue,板橋,2023-07-18,76352.0
Blue,新埔,2023-07-18,72535.0
Blue,江子翠,2023-07-18,52402.0
Blue,龍山寺,2023-07-18,50264.0
Blue,西門,2023-07-18,72913.5
Blue,善導寺,2023-07-18,42035.0
Blue,忠孝新生,2023-07-18,37314.5
Blue,忠孝敦化,2023-07-18,65683.0
Blue,國父紀念館,2023-07-18,40904.0
Blue,市政府,2023-07-18,119089.0
Blue,永春,2023-07-18,37049.0
Blue,後山埤,2023-07-18,30995.0
Blue,昆陽,2023-07-18,27213.0
Blue,南港,2023-07-18,39383.0
Blue,忠孝復興,2023-07-18,49921.0
Blue,南港展覽館,2023-07-18,33809.5
Blue,台北車站,2023-07-19,129370.5
Blue,頂埔,2023-07-19,18296.0
Blue,永寧,2023-07-19,26092.0
Blue,土城,2023-07-19,16264.0
Blue,海山,2023-07-19,42870.0
Blue,亞東醫院,2023-07-19,48254.0
Blue,府中,2023-07-19,53814.0
Blue,板橋,2023-07-19,78917.0
Blue,新埔,2023-07-19,73709.0
Blue,江子翠,2023-07-19,54340.0
Blue,龍山寺,2023-07-19,50728.0
Blue,西門,2023-07-19,75789.5
Blue,善導寺,2023-07-19,44074.0
Blue,忠孝新生,2023-07-19,38557.0
Blue,忠孝敦化,2023-07-19,67378.0
Blue,國父紀念館,2023-07-19,41865.0
Blue,市政府,2023-07-19,121886.0
Blue,永春,2023-07-19,37867.0
Blue,後山埤,2023-07-19,31844.0
Blue,昆陽,2023-07-19,27821.0
Blue,南港,2023-07-19,40507.0
Blue,忠孝復興,2023-07-19,51494.5
Blue,南港展覽館,2023-07-19,35651.0
Blue,台北車站,2023-07-20,130371.0
Blue,頂埔,2023-07-20,18099.0
Blue,永寧,2023-07-20,25532.0
Blue,土城,2023-07-20,16062.0
Blue,海山,2023-07-20,42406.0
Blue,亞東醫院,2023-07-20,46333.0
Blue,府中,2023-07-20,52923.0
Blue,板橋,2023-07-20,79636.0
Blue,新埔,2023-07-20,72349.0
Blue,江子翠,2023-07-20,52921.0
Blue,龍山寺,2023-07-20,49421.0
Blue,西門,2023-07-20,74563.5
Blue,善導寺,2023-07-20,43578.0
Blue,忠孝新生,2023-07-20,38190.0
Blue,忠孝敦化,2023-07-20,67319.0
Blue,國父紀念館,2023-07-20,42150.0
Blue,市政府,2023-07-20,123625.0
Blue,永春,2023-07-20,37676.0
Blue,後山埤,2023-07-20,31226.0
Blue,昆陽,2023-07-20,28244.0
Blue,南港,2023-07-20,40910.0
Blue,忠孝復興,2023-07-20,53006.0
Blue,南港展覽館,2023-07-20,33990.0
Blue,台北車站,2023-07-21,150368.0
Blue,頂埔,2023-07-21,18898.0
Blue,永寧,2023-07-21,27323.0
Blue,土城,2023-07-21,16793.0
Blue,海山,2023-07-21,43583.0
Blue,亞東醫院,2023-07-21,47185.0
Blue,府中,2023-07-21,56061.0
Blue,板橋,2023-07-21,88193.0
Blue,新埔,2023-07-21,74147.0
Blue,江子翠,2023-07-21,54812.0
Blue,龍山寺,2023-07-21,52720.0
Blue,西門,2023-07-21,84515.5
Blue,善導寺,2023-07-21,44608.0
Blue,忠孝新生,2023-07-21,42842.0
Blue,忠孝敦化,2023-07-21,73678.0
Blue,國父紀念館,2023-07-21,46777.0
Blue,市政府,2023-07-21,139494.0
Blue,永春,2023-07-21,39606.0
Blue,後山埤,2023-07-21,32828.0
Blue,昆陽,2023-07-21,28438.0
Blue,南港,2023-07-21,47946.0
Blue,忠孝復興,2023-07-21,59743.0
Blue,南港展覽館,2023-07-21,41374.5
Blue,台北車站,2023-07-22,147557.5
Blue,頂埔,2023-07-22,11787.0
Blue,永寧,2023-07-22,19553.0
Blue,土城,2023-07-22,12619.0
Blue,海山,2023-07-22,31927.0
Blue,亞東醫院,2023-07-22,30728.0
Blue,府中,2023-07-22,48602.0
Blue,板橋,2023-07-22,78336.0
Blue,新埔,2023-07-22,56086.0
Blue,江子翠,2023-07-22,40699.0
Blue,龍山寺,2023-07-22,49331.0
Blue,西門,2023-07-22,92231.0
Blue,善導寺,2023-07-22,29772.0
Blue,忠孝新生,2023-07-22,40704.0
Blue,忠孝敦化,2023-07-22,59116.0
Blue,國父紀念館,2023-07-22,32632.0
Blue,市政府,2023-07-22,115727.0
Blue,永春,2023-07-22,29378.0
Blue,後山埤,2023-07-22,26727.0
Blue,昆陽,2023-07-22,18915.0
Blue,南港,2023-07-22,43969.0
Blue,忠孝復興,2023-07-22,55621.5
Blue,南港展覽館,2023-07-22,41169.5
Blue,台北車站,2023-07-23,132800.5
Blue,頂埔,2023-07-23,10552.0
Blue,永寧,2023-07-23,17639.0
Blue,土城,2023-07-23,10527.0
Blue,海山,2023-07-23,27010.0
Blue,亞東醫院,2023-07-23,22844.0
Blue,府中,2023-07-23,41000.0
Blue,板橋,2023-07-23,69044.0
Blue,新埔,2023-07-23,45903.0
Blue,江子翠,2023-07-23,33967.0
Blue,龍山寺,2023-07-23,43394.0
Blue,西門,2023-07-23,80452.0
Blue,善導寺,2023-07-23,22307.0
Blue,忠孝新生,2023-07-23,33695.5
Blue,忠孝敦化,2023-07-23,43625.0
Blue,國父紀念館,2023-07-23,27951.0
Blue,市政府,2023-07-23,96598.0
Blue,永春,2023-07-23,24975.0
Blue,後山埤,2023-07-23,23075.0
Blue,昆陽,2023-07-23,13756.0
Blue,南港,2023-07-23,40627.0
Blue,忠孝復興,2023-07-23,42822.5
Blue,南港展覽館,2023-07-23,37072.5
Blue,台北車站,2023-07-24,128144.0
Blue,頂埔,2023-07-24,17849.0
Blue,永寧,2023-07-24,24867.0
Blue,土城,2023-07-24,15711.0
Blue,海山,2023-07-24,41452.0
Blue,亞東醫院,2023-07-24,46024.0
Blue,府中,2023-07-24,51509.0
Blue,板橋,2023-07-24,77638.0
Blue,新埔,2023-07-24,70498.0
Blue,江子翠,2023-07-24,51458.0
Blue,龍山寺,2023-07-24,49822.0
Blue,西門,2023-07-24,72890.5
Blue,善導寺,2023-07-24,40460.0
Blue,忠孝新生,2023-07-24,37111.0
Blue,忠孝敦化,2023-07-24,62753.0
Blue,國父紀念館,2023-07-24,38700.0
Blue,市政府,2023-07-24,118122.0
Blue,永春,2023-07-24,35838.0
Blue,後山埤,2023-07-24,30465.0
Blue,昆陽,2023-07-24,26518.0
Blue,南港,2023-07-24,39093.0
Blue,忠孝復興,2023-07-24,49015.0
Blue,南港展覽館,2023-07-24,33037.0
Blue,台北車站,2023-07-25,125746.5
Blue,頂埔,2023-07-25,18342.0
Blue,永寧,2023-07-25,25526.0
Blue,土城,2023-07-25,16398.0
Blue,海山,2023-07-25,42950.0
Blue,亞東醫院,2023-07-25,47769.0
Blue,府中,2023-07-25,53693.0
Blue,板橋,2023-07-25,78963.0
Blue,新埔,2023-07-25,73195.0
Blue,江子翠,2023-07-25,53100.0
Blue,龍山寺,2023-07-25,51364.0
Blue,西門,2023-07-25,72988.0
Blue,善導寺,2023-07-25,43134.0
Blue,忠孝新生,2023-07-25,37674.0
Blue,忠孝敦化,2023-07-25,66040.0
Blue,國父紀念館,2023-07-25,41361.0
Blue,市政府,2023-07-25,122107.0
Blue,永春,2023-07-25,38850.0
Blue,後山埤,2023-07-25,31525.0
Blue,昆陽,2023-07-25,28241.0
Blue,南港,2023-07-25,40069.0
Blue,忠孝復興,2023-07-25,51709.0
Blue,南港展覽館,2023-07-25,34125.5
Blue,台北車站,2023-07-26,112500.0
Blue,頂埔,2023-07-26,16902.0
Blue,永寧,2023-07-26,22650.0
Blue,土城,2023-07-26,14808.0
Blue,海山,2023-07-26,39766.0
Blue,亞東醫院,2023-07-26,44390.0
Blue,府中,2023-07-26,48463.0
Blue,板橋,2023-07-26,73097.0
Blue,新埔,2023-07-26,67668.0
Blue,江子翠,2023-07-26,49677.0
Blue,龍山寺,2023-07-26,44991.0
Blue,西門,2023-07-26,63927.0
Blue,善導寺,2023-07-26,41450.0
Blue,忠孝新生,2023-07-26,34055.0
Blue,忠孝敦化,2023-07-26,60808.0
Blue,國父紀念館,2023-07-26,38072.0
Blue,市政府,2023-07-26,110256.0
Blue,永春,2023-07-26,36186.0
Blue,後山埤,2023-07-26,28954.0
Blue,昆陽,2023-07-26,25561.0
Blue,南港,2023-07-26,37463.0
Blue,忠孝復興,2023-07-26,46675.5
Blue,南港展覽館,2023-07-26,32310.5
Blue,台北車站,2023-07-27,109863.0
Blue,頂埔,2023-07-27,17352.0
Blue,永寧,2023-07-27,22813.0
Blue,土城,2023-07-27,14775.0
Blue,海山,2023-07-27,40493.0
Blue,亞東醫院,2023-07-27,43699.0
Blue,府中,2023-07-27,49748.0
Blue,板橋,2023-07-27,71726.0
Blue,新埔,2023-07-27,68377.0
Blue,江子翠,2023-07-27,50267.0
Blue,龍山寺,2023-07-27,48515.0
Blue,西門,2023-07-27,69155.0
Blue,善導寺,2023-07-27,40252.0
Blue,忠孝新生,2023-07-27,35547.0
Blue,忠孝敦化,2023-07-27,62010.0
Blue,國父紀念館,2023-07-27,38218.0
Blue,市政府,2023-07-27,114867.0
Blue,永春,2023-07-27,36148.0
Blue,後山埤,2023-07-27,29281.0
Blue,昆陽,2023-07-27,26350.0
Blue,南港,2023-07-27,39335.0
Blue,忠孝復興,2023-07-27,46897.5
Blue,南港展覽館,2023-07-27,41068.0
Blue,台北車站,2023-07-28,144633.5
Blue,頂埔,2023-07-28,18624.0
Blue,永寧,2023-07-28,26558.0
Blue,土城,2023-07-28,16742.0
Blue,海山,2023-07-28,43744.0
Blue,亞東醫院,2023-07-28,46877.0
Blue,府中,2023-07-28,57179.0
Blue,板橋,2023-07-28,85320.0
Blue,新埔,2023-07-28,74657.0
Blue,江子翠,2023-07-28,55020.0
Blue,龍山寺,2023-07-28,54564.0
Blue,西門,2023-07-28,85316.5
Blue,善導寺,2023-07-28,44015.0
Blue,忠孝新生,2023-07-28,42288.0
Blue,忠孝敦化,2023-07-28,73620.0
Blue,國父紀念館,2023-07-28,45164.0
Blue,市政府,2023-07-28,138639.0
Blue,永春,2023-07-28,40221.0
Blue,後山埤,2023-07-28,32862.0
Blue,昆陽,2023-07-28,28525.0
Blue,南港,2023-07-28,49438.0
Blue,忠孝復興,2023-07-28,57488.5
Blue,南港展覽館,2023-07-28,46950.5
Blue,台北車站,2023-07-29,140562.0
Blue,頂埔,2023-07-29,12027.0
Blue,永寧,2023-07-29,20610.0
Blue,土城,2023-07-29,12717.0
Blue,海山,2023-07-29,33043.0
Blue,亞東醫院,2023-07-29,31318.0
Blue,府中,2023-07-29,50513.0
Blue,板橋,2023-07-29,76657.0
Blue,新埔,2023-07-29,57299.0
Blue,江子翠,2023-07-29,43496.0
Blue,龍山寺,2023-07-29,52427.0
Blue,西門,2023-07-29,91816.5
Blue,善導寺,2023-07-29,28678.0
Blue,忠孝新生,2023-07-29,41020.5
Blue,忠孝敦化,2023-07-29,59977.0
Blue,國父紀念館,2023-07-29,34888.0
Blue,市政府,2023-07-29,119366.0
Blue,永春,2023-07-29,30833.0
Blue,後山埤,2023-07-29,26745.0
Blue,昆陽,2023-07-29,16066.0
Blue,南港,2023-07-29,40297.0
Blue,忠孝復興,2023-07-29,56225.0
Blue,南港展覽館,2023-07-29,30664.5
Blue,台北車站,2023-07-30,128407.5
Blue,頂埔,2023-07-30,10443.0
Blue,永寧,2023-07-30,17143.0
Blue,土城,2023-07-30,9944.0
Blue,海山,2023-07-30,26412.0
Blue,亞東醫院,2023-07-30,22863.0
Blue,府中,2023-07-30,39487.0
Blue,板橋,2023-07-30,67398.0
Blue,新埔,2023-07-30,46495.0
Blue,江子翠,2023-07-30,35048.0
Blue,龍山寺,2023-07-30,44131.0
Blue,西門,2023-07-30,76944.0
Blue,善導寺,2023-07-30,23777.0
Blue,忠孝新生,2023-07-30,31629.5
Blue,忠孝敦化,2023-07-30,43247.0
Blue,國父紀念館,2023-07-30,27631.0
Blue,市政府,2023-07-30,97056.0
Blue,永春,2023-07-30,25358.0
Blue,後山埤,2023-07-30,22280.0
Blue,昆陽,2023-07-30,13638.0
Blue,南港,2023-07-30,35825.0
Blue,忠孝復興,2023-07-30,42909.0
Blue,南港展覽館,2023-07-30,23689.0
Blue,台北車站,2023-07-31,126981.0
Blue,頂埔,2023-07-31,17804.0
Blue,永寧,2023-07-31,25291.0
Blue,土城,2023-07-31,16291.0
Blue,海山,2023-07-31,41637.0
Blue,亞東醫院,2023-07-31,46319.0
Blue,府中,2023-07-31,52566.0
Blue,板橋,2023-07-31,76794.0
Blue,新埔,2023-07-31,70604.0
Blue,江子翠,2023-07-31,51973.0
Blue,龍山寺,2023-07-31,51662.0
Blue,西門,2023-07-31,72458.0
Blue,善導寺,2023-07-31,39693.0
Blue,忠孝新生,2023-07-31,36999.5
Blue,忠孝敦化,2023-07-31,63198.0
Blue,國父紀念館,2023-07-31,39503.0
Blue,市政府,2023-07-31,123254.0
Blue,永春,2023-07-31,37374.0
Blue,後山埤,2023-07-31,31071.0
Blue,昆陽,2023-07-31,27272.0
Blue,南港,2023-07-31,40092.0
Blue,忠孝復興,2023-07-31,49608.0
Blue,南港展覽館,2023-07-31,33335.5
Blue,台北車站,2023-08-01,122963.0
Blue,頂埔,2023-08-01,17910.0
Blue,永寧,2023-08-01,24922.0
Blue,土城,2023-08-01,15891.0
Blue,海山,2023-08-01,41539.0
Blue,亞東醫院,2023-08-01,47252.0
Blue,府中,2023-08-01,52589.0
Blue,板橋,2023-08-01,77010.0
Blue,新埔,2023-08-01,72464.0
Blue,江子翠,2023-08-01,53263.0
Blue,龍山寺,2023-08-01,51087.0
Blue,西門,2023-08-01,70070.5
Blue,善導寺,2023-08-01,42770.0
Blue,忠孝新生,2023-08-01,37104.0
Blue,忠孝敦化,2023-08-01,65531.0
Blue,國父紀念館,2023-08-01,41431.0
Blue,市政府,2023-08-01,121687.0
Blue,永春,2023-08-01,38493.0
Blue,後山埤,2023-08-01,31308.0
Blue,昆陽,2023-08-01,27124.0
Blue,南港,2023-08-01,39709.0
Blue,忠孝復興,2023-08-01,50389.5
Blue,南港展覽館,2023-08-01,33158.0
Blue,台北車站,2023-08-02,124027.0
Blue,頂埔,2023-08-02,17981.0
Blue,永寧,2023-08-02,24504.0
Blue,土城,2023-08-02,16184.0
Blue,海山,2023-08-02,42306.0
Blue,亞東醫院,2023-08-02,47657.0
Blue,府中,2023-08-02,52085.0
Blue,板橋,2023-08-02,77610.0
Blue,新埔,2023-08-02,72952.0
Blue,江子翠,2023-08-02,53417.0
Blue,龍山寺,2023-08-02,50777.0
Blue,西門,2023-08-02,72104.0
Blue,善導寺,2023-08-02,44578.0
Blue,忠孝新生,2023-08-02,37429.0
Blue,忠孝敦化,2023-08-02,66332.0
Blue,國父紀念館,2023-08-02,41612.0
Blue,市政府,2023-08-02,121618.0
Blue,永春,2023-08-02,38857.0
Blue,後山埤,2023-08-02,31297.0
Blue,昆陽,2023-08-02,27637.0
Blue,南港,2023-08-02,40547.0
Blue,忠孝復興,2023-08-02,51855.5
Blue,南港展覽館,2023-08-02,36111.0
Blue,台北車站,2023-08-03,48499.0
Blue,頂埔,2023-08-03,4296.0
Blue,永寧,2023-08-03,5707.0
Blue,土城,2023-08-03,4072.0
Blue,海山,2023-08-03,10208.0
Blue,亞東醫院,2023-08-03,10058.0
Blue,府中,2023-08-03,14472.0
Blue,板橋,2023-08-03,24145.0
Blue,新埔,2023-08-03,18560.0
Blue,江子翠,2023-08-03,13759.0
Blue,龍山寺,2023-08-03,19230.0
Blue,西門,2023-08-03,32605.0
Blue,善導寺,2023-08-03,8703.0
Blue,忠孝新生,2023-08-03,9605.0
Blue,忠孝敦化,2023-08-03,15081.0
Blue,國父紀念館,2023-08-03,8824.0
Blue,市政府,2023-08-03,22978.0
Blue,永春,2023-08-03,10379.0
Blue,後山埤,2023-08-03,8518.0
Blue,昆陽,2023-08-03,5136.0
Blue,南港,2023-08-03,11544.0
Blue,忠孝復興,2023-08-03,13021.5
Blue,南港展覽館,2023-08-03,5622.5
Blue,台北車站,2023-08-04,143317.0
Blue,頂埔,2023-08-04,18836.0
Blue,永寧,2023-08-04,26147.0
Blue,土城,2023-08-04,16932.0
Blue,海山,2023-08-04,43611.0
Blue,亞東醫院,2023-08-04,46931.0
Blue,府中,2023-08-04,55152.0
Blue,板橋,2023-08-04,85213.0
Blue,新埔,2023-08-04,73917.0
Blue,江子翠,2023-08-04,54470.0
Blue,龍山寺,2023-08-04,54510.0
Blue,西門,2023-08-04,79435.0
Blue,善導寺,2023-08-04,44031.0
Blue,忠孝新生,2023-08-04,40651.5
Blue,忠孝敦化,2023-08-04,72710.0
Blue,國父紀念館,2023-08-04,45981.0
Blue,市政府,2023-08-04,135737.0
Blue,永春,2023-08-04,39442.0
Blue,後山埤,2023-08-04,32880.0
Blue,昆陽,2023-08-04,27661.0
Blue,南港,2023-08-04,44354.0
Blue,忠孝復興,2023-08-04,58249.5
Blue,南港展覽館,2023-08-04,34207.5
Blue,台北車站,2023-08-05,140599.5
Blue,頂埔,2023-08-05,12384.0
Blue,永寧,2023-08-05,20232.0
Blue,土城,2023-08-05,12724.0
Blue,海山,2023-08-05,33965.0
Blue,亞東醫院,2023-08-05,31017.0
Blue,府中,2023-08-05,50484.0
Blue,板橋,2023-08-05,80746.0
Blue,新埔,2023-08-05,57368.0
Blue,江子翠,2023-08-05,42280.0
Blue,龍山寺,2023-08-05,57994.0
Blue,西門,2023-08-05,90458.5
Blue,善導寺,2023-08-05,28947.0
Blue,忠孝新生,2023-08-05,40028.0
Blue,忠孝敦化,2023-08-05,59328.0
Blue,國父紀念館,2023-08-05,35303.0
Blue,市政府,2023-08-05,116644.0
Blue,永春,2023-08-05,30414.0
Blue,後山埤,2023-08-05,27576.0
Blue,昆陽,2023-08-05,19822.0
Blue,南港,2023-08-05,35707.0
Blue,忠孝復興,2023-08-05,56420.5
Blue,南港展覽館,2023-08-05,22023.5
Blue,台北車站,2023-08-06,130180.0
Blue,頂埔,2023-08-06,10972.0
Blue,永寧,2023-08-06,17821.0
Blue,土城,2023-08-06,10467.0
Blue,海山,2023-08-06,28539.0
Blue,亞東醫院,2023-08-06,23787.0
Blue,府中,2023-08-06,40890.0
Blue,板橋,2023-08-06,72127.0
Blue,新埔,2023-08-06,46455.0
Blue,江子翠,2023-08-06,35276.0
Blue,龍山寺,2023-08-06,44775.0
Blue,西門,2023-08-06,76520.0
Blue,善導寺,2023-08-06,25034.0
Blue,忠孝新生,2023-08-06,33850.0
Blue,忠孝敦化,2023-08-06,44278.0
Blue,國父紀念館,2023-08-06,28772.0
Blue,市政府,2023-08-06,98274.0
Blue,永春,2023-08-06,26180.0
Blue,後山埤,2023-08-06,22935.0
Blue,昆陽,2023-08-06,13633.0
Blue,南港,2023-08-06,33148.0
Blue,忠孝復興,2023-08-06,44853.0
Blue,南港展覽館,2023-08-06,16771.0
Blue,台北車站,2023-08-07,131052.0
Blue,頂埔,2023-08-07,18500.0
Blue,永寧,2023-08-07,26034.0
Blue,土城,2023-08-07,16487.0
Blue,海山,2023-08-07,42229.0
Blue,亞東醫院,2023-08-07,47691.0
Blue,府中,2023-08-07,52699.0
Blue,板橋,2023-08-07,79923.0
Blue,新埔,2023-08-07,71736.0
Blue,江子翠,2023-08-07,52848.0
Blue,龍山寺,2023-08-07,51177.0
Blue,西門,2023-08-07,73330.5
Blue,善導寺,2023-08-07,40657.0
Blue,忠孝新生,2023-08-07,38488.5
Blue,忠孝敦化,2023-08-07,64365.0
Blue,國父紀念館,2023-08-07,40850.0
Blue,市政府,2023-08-07,123812.0
Blue,永春,2023-08-07,36664.0
Blue,後山埤,2023-08-07,31254.0
Blue,昆陽,2023-08-07,27455.0
Blue,南港,2023-08-07,40382.0
Blue,忠孝復興,2023-08-07,51813.0
Blue,南港展覽館,2023-08-07,33451.0
Blue,台北車站,2023-08-08,123487.5
Blue,頂埔,2023-08-08,18447.0
Blue,永寧,2023-08-08,25874.0
Blue,土城,2023-08-08,16575.0
Blue,海山,2023-08-08,43355.0
Blue,亞東醫院,2023-08-08,48097.0
Blue,府中,2023-08-08,53954.0
Blue,板橋,2023-08-08,79530.0
Blue,新埔,2023-08-08,73502.0
Blue,江子翠,2023-08-08,54077.0
Blue,龍山寺,2023-08-08,51978.0
Blue,西門,2023-08-08,71709.0
Blue,善導寺,2023-08-08,41918.0
Blue,忠孝新生,2023-08-08,37917.5
Blue,忠孝敦化,2023-08-08,64401.0
Blue,國父紀念館,2023-08-08,42167.0
Blue,市政府,2023-08-08,120416.0
Blue,永春,2023-08-08,38644.0
Blue,後山埤,2023-08-08,31833.0
Blue,昆陽,2023-08-08,27652.0
Blue,南港,2023-08-08,40099.0
Blue,忠孝復興,2023-08-08,51675.5
Blue,南港展覽館,2023-08-08,33542.0
Blue,台北車站,2023-08-09,131991.5
Blue,頂埔,2023-08-09,18760.0
Blue,永寧,2023-08-09,26625.0
Blue,土城,2023-08-09,16857.0
Blue,海山,2023-08-09,43445.0
Blue,亞東醫院,2023-08-09,49167.0
Blue,府中,2023-08-09,54927.0
Blue,板橋,2023-08-09,82397.0
Blue,新埔,2023-08-09,74253.0
Blue,江子翠,2023-08-09,55165.0
Blue,龍山寺,2023-08-09,53288.0
Blue,西門,2023-08-09,77118.5
Blue,善導寺,2023-08-09,43790.0
Blue,忠孝新生,2023-08-09,41643.0
Blue,忠孝敦化,2023-08-09,68497.0
Blue,國父紀念館,2023-08-09,43209.0
Blue,市政府,2023-08-09,124424.0
Blue,永春,2023-08-09,38910.0
Blue,後山埤,2023-08-09,31698.0
Blue,昆陽,2023-08-09,28235.0
Blue,南港,2023-08-09,41408.0
Blue,忠孝復興,2023-08-09,54282.0
Blue,南港展覽館,2023-08-09,34808.0
Blue,台北車站,2023-08-10,141837.0
Blue,頂埔,2023-08-10,18846.0
Blue,永寧,2023-08-10,27861.0
Blue,土城,2023-08-10,16374.0
Blue,海山,2023-08-10,43159.0
Blue,亞東醫院,2023-08-10,49791.0
Blue,府中,2023-08-10,53564.0
Blue,板橋,2023-08-10,85277.0
Blue,新埔,2023-08-10,73746.0
Blue,江子翠,2023-08-10,53693.0
Blue,龍山寺,2023-08-10,52804.0
Blue,西門,2023-08-10,74045.5
Blue,善導寺,2023-08-10,44422.0
Blue,忠孝新生,2023-08-10,40366.0
Blue,忠孝敦化,2023-08-10,68897.0
Blue,國父紀念館,2023-08-10,43050.0
Blue,市政府,2023-08-10,127396.0
Blue,永春,2023-08-10,38696.0
Blue,後山埤,2023-08-10,31841.0
Blue,昆陽,2023-08-10,28965.0
Blue,南港,2023-08-10,46161.0
Blue,忠孝復興,2023-08-10,55561.5
Blue,南港展覽館,2023-08-10,35995.0
Blue,台北車站,2023-08-11,158935.5
Blue,頂埔,2023-08-11,19153.0
Blue,永寧,2023-08-11,27576.0
Blue,土城,2023-08-11,16953.0
Blue,海山,2023-08-11,44009.0
Blue,亞東醫院,2023-08-11,47468.0
Blue,府中,2023-08-11,57140.0
Blue,板橋,2023-08-11,90953.0
Blue,新埔,2023-08-11,75479.0
Blue,江子翠,2023-08-11,55372.0
Blue,龍山寺,2023-08-11,53251.0
Blue,西門,2023-08-11,85375.5
Blue,善導寺,2023-08-11,46232.0
Blue,忠孝新生,2023-08-11,44292.0
Blue,忠孝敦化,2023-08-11,76801.0
Blue,國父紀念館,2023-08-11,46242.0
Blue,市政府,2023-08-11,140084.0
Blue,永春,2023-08-11,41059.0
Blue,後山埤,2023-08-11,33373.0
Blue,昆陽,2023-08-11,31097.0
Blue,南港,2023-08-11,48154.0
Blue,忠孝復興,2023-08-11,61859.5
Blue,南港展覽館,2023-08-11,35640.0
Blue,台北車站,2023-08-12,155468.5
Blue,頂埔,2023-08-12,12626.0
Blue,永寧,2023-08-12,21486.0
Blue,土城,2023-08-12,12683.0
Blue,海山,2023-08-12,33671.0
Blue,亞東醫院,2023-08-12,31193.0
Blue,府中,2023-08-12,51987.0
Blue,板橋,2023-08-12,84025.0
Blue,新埔,2023-08-12,59526.0
Blue,江子翠,2023-08-12,42699.0
Blue,龍山寺,2023-08-12,53779.0
Blue,西門,2023-08-12,95654.0
Blue,善導寺,2023-08-12,30939.0
Blue,忠孝新生,2023-08-12,46157.0
Blue,忠孝敦化,2023-08-12,62564.0
Blue,國父紀念館,2023-08-12,37834.0
Blue,市政府,2023-08-12,121905.0
Blue,永春,2023-08-12,30928.0
Blue,後山埤,2023-08-12,26959.0
Blue,昆陽,2023-08-12,17120.0
Blue,南港,2023-08-12,39499.0
Blue,忠孝復興,2023-08-12,59280.5
Blue,南港展覽館,2023-08-12,27252.0
Blue,台北車站,2023-08-13,143622.0
Blue,頂埔,2023-08-13,11833.0
Blue,永寧,2023-08-13,18758.0
Blue,土城,2023-08-13,11053.0
Blue,海山,2023-08-13,28661.0
Blue,亞東醫院,2023-08-13,24196.0
Blue,府中,2023-08-13,44027.0
Blue,板橋,2023-08-13,74827.0
Blue,新埔,2023-08-13,48607.0
Blue,江子翠,2023-08-13,34930.0
Blue,龍山寺,2023-08-13,48105.0
Blue,西門,2023-08-13,82878.5
Blue,善導寺,2023-08-13,25406.0
Blue,忠孝新生,2023-08-13,37367.0
Blue,忠孝敦化,2023-08-13,45847.0
Blue,國父紀念館,2023-08-13,31466.0
Blue,市政府,2023-08-13,98366.0
Blue,永春,2023-08-13,25140.0
Blue,後山埤,2023-08-13,22576.0
Blue,昆陽,2023-08-13,13902.0
Blue,南港,2023-08-13,35079.0
Blue,忠孝復興,2023-08-13,45276.5
Blue,南港展覽館,2023-08-13,18420.0
Blue,台北車站,2023-08-14,134348.5
Blue,頂埔,2023-08-14,18092.0
Blue,永寧,2023-08-14,25852.0
Blue,土城,2023-08-14,16322.0
Blue,海山,2023-08-14,41875.0
Blue,亞東醫院,2023-08-14,46881.0
Blue,府中,2023-08-14,53340.0
Blue,板橋,2023-08-14,80387.0
Blue,新埔,2023-08-14,71131.0
Blue,江子翠,2023-08-14,52331.0
Blue,龍山寺,2023-08-14,53779.0
Blue,西門,2023-08-14,77682.0
Blue,善導寺,2023-08-14,39222.0
Blue,忠孝新生,2023-08-14,39471.0
Blue,忠孝敦化,2023-08-14,64446.0
Blue,國父紀念館,2023-08-14,40671.0
Blue,市政府,2023-08-14,119557.0
Blue,永春,2023-08-14,36198.0
Blue,後山埤,2023-08-14,31392.0
Blue,昆陽,2023-08-14,27012.0
Blue,南港,2023-08-14,41496.0
Blue,忠孝復興,2023-08-14,51201.0
Blue,南港展覽館,2023-08-14,32924.5
Blue,台北車站,2023-08-15,131750.0
Blue,頂埔,2023-08-15,18686.0
Blue,永寧,2023-08-15,26619.0
Blue,土城,2023-08-15,17227.0
Blue,海山,2023-08-15,43966.0
Blue,亞東醫院,2023-08-15,48479.0
Blue,府中,2023-08-15,55505.0
Blue,板橋,2023-08-15,80743.0
Blue,新埔,2023-08-15,73711.0
Blue,江子翠,2023-08-15,54420.0
Blue,龍山寺,2023-08-15,53589.0
Blue,西門,2023-08-15,75431.5
Blue,善導寺,2023-08-15,42859.0
Blue,忠孝新生,2023-08-15,38917.5
Blue,忠孝敦化,2023-08-15,67297.0
Blue,國父紀念館,2023-08-15,42998.0
Blue,市政府,2023-08-15,122606.0
Blue,永春,2023-08-15,38592.0
Blue,後山埤,2023-08-15,31617.0
Blue,昆陽,2023-08-15,27438.0
Blue,南港,2023-08-15,41969.0
Blue,忠孝復興,2023-08-15,53557.0
Blue,南港展覽館,2023-08-15,33912.0
Blue,台北車站,2023-08-16,129636.0
Blue,頂埔,2023-08-16,18097.0
Blue,永寧,2023-08-16,25799.0
Blue,土城,2023-08-16,16206.0
Blue,海山,2023-08-16,42755.0
Blue,亞東醫院,2023-08-16,47657.0
Blue,府中,2023-08-16,52129.0
Blue,板橋,2023-08-16,78150.0
Blue,新埔,2023-08-16,72234.0
Blue,江子翠,2023-08-16,53289.0
Blue,龍山寺,2023-08-16,50418.0
Blue,西門,2023-08-16,72879.0
Blue,善導寺,2023-08-16,42603.0
Blue,忠孝新生,2023-08-16,38434.0
Blue,忠孝敦化,2023-08-16,66749.0
Blue,國父紀念館,2023-08-16,42941.0
Blue,市政府,2023-08-16,119850.0
Blue,永春,2023-08-16,37740.0
Blue,後山埤,2023-08-16,31296.0
Blue,昆陽,2023-08-16,27323.0
Blue,南港,2023-08-16,40691.0
Blue,忠孝復興,2023-08-16,52351.0
Blue,南港展覽館,2023-08-16,35175.0
Blue,台北車站,2023-08-17,131875.0
Blue,頂埔,2023-08-17,18500.0
Blue,永寧,2023-08-17,26429.0
Blue,土城,2023-08-17,16348.0
Blue,海山,2023-08-17,43597.0
Blue,亞東醫院,2023-08-17,47503.0
Blue,府中,2023-08-17,54420.0
Blue,板橋,2023-08-17,80874.0
Blue,新埔,2023-08-17,73094.0
Blue,江子翠,2023-08-17,53946.0
Blue,龍山寺,2023-08-17,51315.0
Blue,西門,2023-08-17,74646.5
Blue,善導寺,2023-08-17,42238.0
Blue,忠孝新生,2023-08-17,39648.5
Blue,忠孝敦化,2023-08-17,68198.0
Blue,國父紀念館,2023-08-17,43141.0
Blue,市政府,2023-08-17,121871.0
Blue,永春,2023-08-17,38855.0
Blue,後山埤,2023-08-17,31633.0
Blue,昆陽,2023-08-17,28188.0
Blue,南港,2023-08-17,41446.0
Blue,忠孝復興,2023-08-17,53236.5
Blue,南港展覽館,2023-08-17,35389.5
Blue,台北車站,2023-08-18,151519.0
Blue,頂埔,2023-08-18,19324.0
Blue,永寧,2023-08-18,27915.0
Blue,土城,2023-08-18,17378.0
Blue,海山,2023-08-18,44389.0
Blue,亞東醫院,2023-08-18,47713.0
Blue,府中,2023-08-18,58678.0
Blue,板橋,2023-08-18,89247.0
Blue,新埔,2023-08-18,76624.0
Blue,江子翠,2023-08-18,55897.0
Blue,龍山寺,2023-08-18,54555.0
Blue,西門,2023-08-18,87360.0
Blue,善導寺,2023-08-18,43460.0
Blue,忠孝新生,2023-08-18,43717.0
Blue,忠孝敦化,2023-08-18,74988.0
Blue,國父紀念館,2023-08-18,47093.0
Blue,市政府,2023-08-18,138013.0
Blue,永春,2023-08-18,40076.0
Blue,後山埤,2023-08-18,33781.0
Blue,昆陽,2023-08-18,28369.0
Blue,南港,2023-08-18,46505.0
Blue,忠孝復興,2023-08-18,60611.5
Blue,南港展覽館,2023-08-18,36994.5
Blue,台北車站,2023-08-19,154452.5
Blue,頂埔,2023-08-19,12442.0
Blue,永寧,2023-08-19,21331.0
Blue,土城,2023-08-19,14007.0
Blue,海山,2023-08-19,33297.0
Blue,亞東醫院,2023-08-19,30808.0
Blue,府中,2023-08-19,52707.0
Blue,板橋,2023-08-19,82590.0
Blue,新埔,2023-08-19,60262.0
Blue,江子翠,2023-08-19,42815.0
Blue,龍山寺,2023-08-19,51800.0
Blue,西門,2023-08-19,94620.0
Blue,善導寺,2023-08-19,30088.0
Blue,忠孝新生,2023-08-19,45606.0
Blue,忠孝敦化,2023-08-19,62137.0
Blue,國父紀念館,2023-08-19,43240.0
Blue,市政府,2023-08-19,120349.0
Blue,永春,2023-08-19,31937.0
Blue,後山埤,2023-08-19,27374.0
Blue,昆陽,2023-08-19,21380.0
Blue,南港,2023-08-19,40207.0
Blue,忠孝復興,2023-08-19,58713.0
Blue,南港展覽館,2023-08-19,23240.5
Blue,台北車站,2023-08-20,158861.0
Blue,頂埔,2023-08-20,11430.0
Blue,永寧,2023-08-20,19314.0
Blue,土城,2023-08-20,10937.0
Blue,海山,2023-08-20,28087.0
Blue,亞東醫院,2023-08-20,24023.0
Blue,府中,2023-08-20,42416.0
Blue,板橋,2023-08-20,74500.0
Blue,新埔,2023-08-20,48840.0
Blue,江子翠,2023-08-20,34614.0
Blue,龍山寺,2023-08-20,44629.0
Blue,西門,2023-08-20,86225.0
Blue,善導寺,2023-08-20,24670.0
Blue,忠孝新生,2023-08-20,36425.0
Blue,忠孝敦化,2023-08-20,44710.0
Blue,國父紀念館,2023-08-20,31302.0
Blue,市政府,2023-08-20,105956.0
Blue,永春,2023-08-20,24468.0
Blue,後山埤,2023-08-20,21717.0
Blue,昆陽,2023-08-20,17661.0
Blue,南港,2023-08-20,35092.0
Blue,忠孝復興,2023-08-20,45292.5
Blue,南港展覽館,2023-08-20,17024.0
Blue,台北車站,2023-08-21,133975.0
Blue,頂埔,2023-08-21,18164.0
Blue,永寧,2023-08-21,25691.0
Blue,土城,2023-08-21,16504.0
Blue,海山,2023-08-21,42189.0
Blue,亞東醫院,2023-08-21,46375.0
Blue,府中,2023-08-21,53233.0
Blue,板橋,2023-08-21,79495.0
Blue,新埔,2023-08-21,70582.0
Blue,江子翠,2023-08-21,52022.0
Blue,龍山寺,2023-08-21,50868.0
Blue,西門,2023-08-21,76966.5
Blue,善導寺,2023-08-21,38461.0
Blue,忠孝新生,2023-08-21,40162.5
Blue,忠孝敦化,2023-08-21,64823.0
Blue,國父紀念館,2023-08-21,42246.0
Blue,市政府,2023-08-21,121189.0
Blue,永春,2023-08-21,35168.0
Blue,後山埤,2023-08-21,31129.0
Blue,昆陽,2023-08-21,26967.0
Blue,南港,2023-08-21,40187.0
Blue,忠孝復興,2023-08-21,50135.0
Blue,南港展覽館,2023-08-21,33756.0
Blue,台北車站,2023-08-22,132400.5
Blue,頂埔,2023-08-22,18588.0
Blue,永寧,2023-08-22,26504.0
Blue,土城,2023-08-22,16675.0
Blue,海山,2023-08-22,44100.0
Blue,亞東醫院,2023-08-22,47892.0
Blue,府中,2023-08-22,55425.0
Blue,板橋,2023-08-22,82389.0
Blue,新埔,2023-08-22,73205.0
Blue,江子翠,2023-08-22,53796.0
Blue,龍山寺,2023-08-22,51106.0
Blue,西門,2023-08-22,77482.5
Blue,善導寺,2023-08-22,41268.0
Blue,忠孝新生,2023-08-22,39993.0
Blue,忠孝敦化,2023-08-22,68523.0
Blue,國父紀念館,2023-08-22,44216.0
Blue,市政府,2023-08-22,126774.0
Blue,永春,2023-08-22,37039.0
Blue,後山埤,2023-08-22,31968.0
Blue,昆陽,2023-08-22,28077.0
Blue,南港,2023-08-22,45242.0
Blue,忠孝復興,2023-08-22,54855.0
Blue,南港展覽館,2023-08-22,37776.0
Blue,台北車站,2023-08-23,131202.0
Blue,頂埔,2023-08-23,18725.0
Blue,永寧,2023-08-23,27128.0
Blue,土城,2023-08-23,16688.0
Blue,海山,2023-08-23,43848.0
Blue,亞東醫院,2023-08-23,48096.0
Blue,府中,2023-08-23,54687.0
Blue,板橋,2023-08-23,81120.0
Blue,新埔,2023-08-23,74110.0
Blue,江子翠,2023-08-23,54071.0
Blue,龍山寺,2023-08-23,51591.0
Blue,西門,2023-08-23,74673.0
Blue,善導寺,2023-08-23,42276.0
Blue,忠孝新生,2023-08-23,40717.5
Blue,忠孝敦化,2023-08-23,67798.0
Blue,國父紀念館,2023-08-23,44729.0
Blue,市政府,2023-08-23,123644.0
Blue,永春,2023-08-23,39046.0
Blue,後山埤,2023-08-23,32267.0
Blue,昆陽,2023-08-23,28317.0
Blue,南港,2023-08-23,52156.0
Blue,忠孝復興,2023-08-23,52573.0
Blue,南港展覽館,2023-08-23,51331.0
Blue,台北車站,2023-08-24,134364.0
Blue,頂埔,2023-08-24,18613.0
Blue,永寧,2023-08-24,27125.0
Blue,土城,2023-08-24,16665.0
Blue,海山,2023-08-24,44387.0
Blue,亞東醫院,2023-08-24,47600.0
Blue,府中,2023-08-24,55188.0
Blue,板橋,2023-08-24,81485.0
Blue,新埔,2023-08-24,74546.0
Blue,江子翠,2023-08-24,54076.0
Blue,龍山寺,2023-08-24,52515.0
Blue,西門,2023-08-24,76812.5
Blue,善導寺,2023-08-24,43998.0
Blue,忠孝新生,2023-08-24,40955.0
Blue,忠孝敦化,2023-08-24,69112.0
Blue,國父紀念館,2023-08-24,47650.0
Blue,市政府,2023-08-24,125301.0
Blue,永春,2023-08-24,40537.0
Blue,後山埤,2023-08-24,32894.0
Blue,昆陽,2023-08-24,28849.0
Blue,南港,2023-08-24,54429.0
Blue,忠孝復興,2023-08-24,53724.0
Blue,南港展覽館,2023-08-24,55478.0
Blue,台北車站,2023-08-25,151955.5
Blue,頂埔,2023-08-25,19489.0
Blue,永寧,2023-08-25,28576.0
Blue,土城,2023-08-25,17524.0
Blue,海山,2023-08-25,44722.0
Blue,亞東醫院,2023-08-25,47425.0
Blue,府中,2023-08-25,57674.0
Blue,板橋,2023-08-25,89021.0
Blue,新埔,2023-08-25,75822.0
Blue,江子翠,2023-08-25,55720.0
Blue,龍山寺,2023-08-25,55405.0
Blue,西門,2023-08-25,86304.5
Blue,善導寺,2023-08-25,45120.0
Blue,忠孝新生,2023-08-25,44194.0
Blue,忠孝敦化,2023-08-25,75991.0
Blue,國父紀念館,2023-08-25,51392.0
Blue,市政府,2023-08-25,139159.0
Blue,永春,2023-08-25,41237.0
Blue,後山埤,2023-08-25,34448.0
Blue,昆陽,2023-08-25,29428.0
Blue,南港,2023-08-25,61917.0
Blue,忠孝復興,2023-08-25,59807.0
Blue,南港展覽館,2023-08-25,59111.5
Blue,台北車站,2023-08-26,142569.5
Blue,頂埔,2023-08-26,12240.0
Blue,永寧,2023-08-26,21074.0
Blue,土城,2023-08-26,13179.0
Blue,海山,2023-08-26,33291.0
Blue,亞東醫院,2023-08-26,30086.0
Blue,府中,2023-08-26,50600.0
Blue,板橋,2023-08-26,78028.0
Blue,新埔,2023-08-26,56755.0
Blue,江子翠,2023-08-26,43443.0
Blue,龍山寺,2023-08-26,51309.0
Blue,西門,2023-08-26,87591.5
Blue,善導寺,2023-08-26,31524.0
Blue,忠孝新生,2023-08-26,42642.5
Blue,忠孝敦化,2023-08-26,60354.0
Blue,國父紀念館,2023-08-26,38913.0
Blue,市政府,2023-08-26,111490.0
Blue,永春,2023-08-26,30825.0
Blue,後山埤,2023-08-26,27068.0
Blue,昆陽,2023-08-26,20272.0
Blue,南港,2023-08-26,46087.0
Blue,忠孝復興,2023-08-26,55795.0
Blue,南港展覽館,2023-08-26,34290.5
Blue,台北車站,2023-08-27,128556.0
Blue,頂埔,2023-08-27,10515.0
Blue,永寧,2023-08-27,17207.0
Blue,土城,2023-08-27,10990.0
Blue,海山,2023-08-27,26781.0
Blue,亞東醫院,2023-08-27,22300.0
Blue,府中,2023-08-27,42433.0
Blue,板橋,2023-08-27,69272.0
Blue,新埔,2023-08-27,46123.0
Blue,江子翠,2023-08-27,34109.0
Blue,龍山寺,2023-08-27,44012.0
Blue,西門,2023-08-27,73896.5
Blue,善導寺,2023-08-27,25516.0
Blue,忠孝新生,2023-08-27,33703.5
Blue,忠孝敦化,2023-08-27,42309.0
Blue,國父紀念館,2023-08-27,31421.0
Blue,市政府,2023-08-27,91108.0
Blue,永春,2023-08-27,24427.0
Blue,後山埤,2023-08-27,21581.0
Blue,昆陽,2023-08-27,15757.0
Blue,南港,2023-08-27,35584.0
Blue,忠孝復興,2023-08-27,41504.0
Blue,南港展覽館,2023-08-27,16725.0
Blue,台北車站,2023-08-28,129000.0
Blue,頂埔,2023-08-28,17517.0
Blue,永寧,2023-08-28,25460.0
Blue,土城,2023-08-28,16135.0
Blue,海山,2023-08-28,41320.0
Blue,亞東醫院,2023-08-28,46069.0
Blue,府中,2023-08-28,52118.0
Blue,板橋,2023-08-28,78328.0
Blue,新埔,2023-08-28,70284.0
Blue,江子翠,2023-08-28,52037.0
Blue,龍山寺,2023-08-28,50092.0
Blue,西門,2023-08-28,73452.5
Blue,善導寺,2023-08-28,40429.0
Blue,忠孝新生,2023-08-28,37988.0
Blue,忠孝敦化,2023-08-28,62680.0
Blue,國父紀念館,2023-08-28,40260.0
Blue,市政府,2023-08-28,118049.0
Blue,永春,2023-08-28,36709.0
Blue,後山埤,2023-08-28,30856.0
Blue,昆陽,2023-08-28,26608.0
Blue,南港,2023-08-28,42499.0
Blue,忠孝復興,2023-08-28,49688.0
Blue,南港展覽館,2023-08-28,32808.5
Blue,台北車站,2023-08-29,123201.5
Blue,頂埔,2023-08-29,18174.0
Blue,永寧,2023-08-29,25225.0
Blue,土城,2023-08-29,15884.0
Blue,海山,2023-08-29,41694.0
Blue,亞東醫院,2023-08-29,46747.0
Blue,府中,2023-08-29,53056.0
Blue,板橋,2023-08-29,75523.0
Blue,新埔,2023-08-29,71602.0
Blue,江子翠,2023-08-29,52601.0
Blue,龍山寺,2023-08-29,49703.0
Blue,西門,2023-08-29,69897.5
Blue,善導寺,2023-08-29,41230.0
Blue,忠孝新生,2023-08-29,36836.0
Blue,忠孝敦化,2023-08-29,65357.0
Blue,國父紀念館,2023-08-29,40730.0
Blue,市政府,2023-08-29,118127.0
Blue,永春,2023-08-29,38770.0
Blue,後山埤,2023-08-29,31619.0
Blue,昆陽,2023-08-29,27147.0
Blue,南港,2023-08-29,42006.0
Blue,忠孝復興,2023-08-29,51285.5
Blue,南港展覽館,2023-08-29,33541.5
Blue,台北車站,2023-08-30,111358.5
Blue,頂埔,2023-08-30,17991.0
Blue,永寧,2023-08-30,26111.0
Blue,土城,2023-08-30,15530.0
Blue,海山,2023-08-30,42919.0
Blue,亞東醫院,2023-08-30,46084.0
Blue,府中,2023-08-30,51249.0
Blue,板橋,2023-08-30,71569.0
Blue,新埔,2023-08-30,70432.0
Blue,江子翠,2023-08-30,52468.0
Blue,龍山寺,2023-08-30,49767.0
Blue,西門,2023-08-30,64332.5
Blue,善導寺,2023-08-30,43880.0
Blue,忠孝新生,2023-08-30,35055.0
Blue,忠孝敦化,2023-08-30,63447.0
Blue,國父紀念館,2023-08-30,39851.0
Blue,市政府,2023-08-30,114108.0
Blue,永春,2023-08-30,40290.0
Blue,後山埤,2023-08-30,30900.0
Blue,昆陽,2023-08-30,27372.0
Blue,南港,2023-08-30,41282.0
Blue,忠孝復興,2023-08-30,48077.5
Blue,南港展覽館,2023-08-30,33589.0
Blue,台北車站,2023-08-31,121315.5
Blue,頂埔,2023-08-31,18381.0
Blue,永寧,2023-08-31,27144.0
Blue,土城,2023-08-31,15993.0
Blue,海山,2023-08-31,43945.0
Blue,亞東醫院,2023-08-31,47399.0
Blue,府中,2023-08-31,53041.0
Blue,板橋,2023-08-31,76686.0
Blue,新埔,2023-08-31,72976.0
Blue,江子翠,2023-08-31,53175.0
Blue,龍山寺,2023-08-31,51513.0
Blue,西門,2023-08-31,68072.5
Blue,善導寺,2023-08-31,43513.0
Blue,忠孝新生,2023-08-31,37110.5
Blue,忠孝敦化,2023-08-31,66965.0
Blue,國父紀念館,2023-08-31,43304.0
Blue,市政府,2023-08-31,122042.0
Blue,永春,2023-08-31,41533.0
Blue,後山埤,2023-08-31,31967.0
Blue,昆陽,2023-08-31,29042.0
Blue,南港,2023-08-31,49493.0
Blue,忠孝復興,2023-08-31,52048.5
Blue,南港展覽館,2023-08-31,52252.5
Blue,台北車站,2023-09-01,139088.5
Blue,頂埔,2023-09-01,19065.0
Blue,永寧,2023-09-01,29030.0
Blue,土城,2023-09-01,17342.0
Blue,海山,2023-09-01,45815.0
Blue,亞東醫院,2023-09-01,47948.0
Blue,府中,2023-09-01,57379.0
Blue,板橋,2023-09-01,85044.0
Blue,新埔,2023-09-01,76006.0
Blue,江子翠,2023-09-01,55619.0
Blue,龍山寺,2023-09-01,53498.0
Blue,西門,2023-09-01,75495.5
Blue,善導寺,2023-09-01,45826.0
Blue,忠孝新生,2023-09-01,40445.5
Blue,忠孝敦化,2023-09-01,73259.0
Blue,國父紀念館,2023-09-01,45744.0
Blue,市政府,2023-09-01,132454.0
Blue,永春,2023-09-01,44343.0
Blue,後山埤,2023-09-01,33473.0
Blue,昆陽,2023-09-01,29530.0
Blue,南港,2023-09-01,50340.0
Blue,忠孝復興,2023-09-01,58936.0
Blue,南港展覽館,2023-09-01,36134.5
Blue,台北車站,2023-09-02,122519.5
Blue,頂埔,2023-09-02,10804.0
Blue,永寧,2023-09-02,17715.0
Blue,土城,2023-09-02,11348.0
Blue,海山,2023-09-02,28022.0
Blue,亞東醫院,2023-09-02,26856.0
Blue,府中,2023-09-02,43325.0
Blue,板橋,2023-09-02,65698.0
Blue,新埔,2023-09-02,52135.0
Blue,江子翠,2023-09-02,37708.0
Blue,龍山寺,2023-09-02,44261.0
Blue,西門,2023-09-02,74568.5
Blue,善導寺,2023-09-02,25352.0
Blue,忠孝新生,2023-09-02,35909.0
Blue,忠孝敦化,2023-09-02,55118.0
Blue,國父紀念館,2023-09-02,35478.0
Blue,市政府,2023-09-02,96212.0
Blue,永春,2023-09-02,28388.0
Blue,後山埤,2023-09-02,24369.0
Blue,昆陽,2023-09-02,18223.0
Blue,南港,2023-09-02,36484.0
Blue,忠孝復興,2023-09-02,50675.0
Blue,南港展覽館,2023-09-02,20091.0
Blue,台北車站,2023-09-03,94156.5
Blue,頂埔,2023-09-03,8025.0
Blue,永寧,2023-09-03,12493.0
Blue,土城,2023-09-03,7388.0
Blue,海山,2023-09-03,20062.0
Blue,亞東醫院,2023-09-03,17498.0
Blue,府中,2023-09-03,31233.0
Blue,板橋,2023-09-03,49673.0
Blue,新埔,2023-09-03,35978.0
Blue,江子翠,2023-09-03,25471.0
Blue,龍山寺,2023-09-03,33086.0
Blue,西門,2023-09-03,55616.5
Blue,善導寺,2023-09-03,17813.0
Blue,忠孝新生,2023-09-03,23944.0
Blue,忠孝敦化,2023-09-03,34428.0
Blue,國父紀念館,2023-09-03,25378.0
Blue,市政府,2023-09-03,68033.0
Blue,永春,2023-09-03,19533.0
Blue,後山埤,2023-09-03,16535.0
Blue,昆陽,2023-09-03,10135.0
Blue,南港,2023-09-03,25186.0
Blue,忠孝復興,2023-09-03,33326.5
Blue,南港展覽館,2023-09-03,12305.0
Blue,台北車站,2023-09-04,110798.5
Blue,頂埔,2023-09-04,17774.0
Blue,永寧,2023-09-04,25423.0
Blue,土城,2023-09-04,15653.0
Blue,海山,2023-09-04,42702.0
Blue,亞東醫院,2023-09-04,46102.0
Blue,府中,2023-09-04,50785.0
Blue,板橋,2023-09-04,71490.0
Blue,新埔,2023-09-04,70165.0
Blue,江子翠,2023-09-04,51165.0
Blue,龍山寺,2023-09-04,48911.0
Blue,西門,2023-09-04,65383.5
Blue,善導寺,2023-09-04,41397.0
Blue,忠孝新生,2023-09-04,35582.5
Blue,忠孝敦化,2023-09-04,59473.0
Blue,國父紀念館,2023-09-04,38553.0
Blue,市政府,2023-09-04,110975.0
Blue,永春,2023-09-04,38988.0
Blue,後山埤,2023-09-04,30335.0
Blue,昆陽,2023-09-04,26695.0
Blue,南港,2023-09-04,39612.0
Blue,忠孝復興,2023-09-04,45329.5
Blue,南港展覽館,2023-09-04,31906.5
Blue,台北車站,2023-09-05,116904.0
Blue,頂埔,2023-09-05,18756.0
Blue,永寧,2023-09-05,27368.0
Blue,土城,2023-09-05,16461.0
Blue,海山,2023-09-05,44943.0
Blue,亞東醫院,2023-09-05,48794.0
Blue,府中,2023-09-05,54266.0
Blue,板橋,2023-09-05,75622.0
Blue,新埔,2023-09-05,74864.0
Blue,江子翠,2023-09-05,54004.0
Blue,龍山寺,2023-09-05,51902.0
Blue,西門,2023-09-05,66184.5
Blue,善導寺,2023-09-05,44587.0
Blue,忠孝新生,2023-09-05,37863.0
Blue,忠孝敦化,2023-09-05,65048.0
Blue,國父紀念館,2023-09-05,41053.0
Blue,市政府,2023-09-05,117595.0
Blue,永春,2023-09-05,41584.0
Blue,後山埤,2023-09-05,31783.0
Blue,昆陽,2023-09-05,28380.0
Blue,南港,2023-09-05,44003.0
Blue,忠孝復興,2023-09-05,50089.5
Blue,南港展覽館,2023-09-05,38023.0
Blue,台北車站,2023-09-06,125007.0
Blue,頂埔,2023-09-06,18766.0
Blue,永寧,2023-09-06,27619.0
Blue,土城,2023-09-06,16755.0
Blue,海山,2023-09-06,44669.0
Blue,亞東醫院,2023-09-06,48411.0
Blue,府中,2023-09-06,53467.0
Blue,板橋,2023-09-06,78918.0
Blue,新埔,2023-09-06,75584.0
Blue,江子翠,2023-09-06,54829.0
Blue,龍山寺,2023-09-06,49960.0
Blue,西門,2023-09-06,66855.0
Blue,善導寺,2023-09-06,47027.0
Blue,忠孝新生,2023-09-06,37975.0
Blue,忠孝敦化,2023-09-06,67344.0
Blue,國父紀念館,2023-09-06,42826.0
Blue,市政府,2023-09-06,123286.0
Blue,永春,2023-09-06,42242.0
Blue,後山埤,2023-09-06,32779.0
Blue,昆陽,2023-09-06,29359.0
Blue,南港,2023-09-06,56907.0
Blue,忠孝復興,2023-09-06,50776.0
Blue,南港展覽館,2023-09-06,57253.5
Blue,台北車站,2023-09-07,125686.0
Blue,頂埔,2023-09-07,18747.0
Blue,永寧,2023-09-07,27926.0
Blue,土城,2023-09-07,16657.0
Blue,海山,2023-09-07,45390.0
Blue,亞東醫院,2023-09-07,49986.0
Blue,府中,2023-09-07,55064.0
Blue,板橋,2023-09-07,78964.0
Blue,新埔,2023-09-07,74967.0
Blue,江子翠,2023-09-07,54922.0
Blue,龍山寺,2023-09-07,52310.0
Blue,西門,2023-09-07,69968.0
Blue,善導寺,2023-09-07,47835.0
Blue,忠孝新生,2023-09-07,39512.5
Blue,忠孝敦化,2023-09-07,68717.0
Blue,國父紀念館,2023-09-07,43458.0
Blue,市政府,2023-09-07,124163.0
Blue,永春,2023-09-07,42721.0
Blue,後山埤,2023-09-07,32826.0
Blue,昆陽,2023-09-07,29706.0
Blue,南港,2023-09-07,60574.0
Blue,忠孝復興,2023-09-07,53986.5
Blue,南港展覽館,2023-09-07,63438.5
Blue,台北車站,2023-09-08,145946.5
Blue,頂埔,2023-09-08,19866.0
Blue,永寧,2023-09-08,29946.0
Blue,土城,2023-09-08,17652.0
Blue,海山,2023-09-08,46783.0
Blue,亞東醫院,2023-09-08,49687.0
Blue,府中,2023-09-08,59899.0
Blue,板橋,2023-09-08,88008.0
Blue,新埔,2023-09-08,82392.0
Blue,江子翠,2023-09-08,56717.0
Blue,龍山寺,2023-09-08,55334.0
Blue,西門,2023-09-08,80423.0
Blue,善導寺,2023-09-08,50990.0
Blue,忠孝新生,2023-09-08,43252.5
Blue,忠孝敦化,2023-09-08,76140.0
Blue,國父紀念館,2023-09-08,46705.0
Blue,市政府,2023-09-08,136933.0
Blue,永春,2023-09-08,44809.0
Blue,後山埤,2023-09-08,34531.0
Blue,昆陽,2023-09-08,30384.0
Blue,南港,2023-09-08,63789.0
Blue,忠孝復興,2023-09-08,59396.0
Blue,南港展覽館,2023-09-08,63927.0
Blue,台北車站,2023-09-09,145169.0
Blue,頂埔,2023-09-09,13207.0
Blue,永寧,2023-09-09,23180.0
Blue,土城,2023-09-09,13231.0
Blue,海山,2023-09-09,34647.0
Blue,亞東醫院,2023-09-09,32212.0
Blue,府中,2023-09-09,53624.0
Blue,板橋,2023-09-09,81716.0
Blue,新埔,2023-09-09,60298.0
Blue,江子翠,2023-09-09,44760.0
Blue,龍山寺,2023-09-09,54064.0
Blue,西門,2023-09-09,93595.0
Blue,善導寺,2023-09-09,31103.0
Blue,忠孝新生,2023-09-09,44939.0
Blue,忠孝敦化,2023-09-09,63385.0
Blue,國父紀念館,2023-09-09,36337.0
Blue,市政府,2023-09-09,121022.0
Blue,永春,2023-09-09,31560.0
Blue,後山埤,2023-09-09,27867.0
Blue,昆陽,2023-09-09,17945.0
Blue,南港,2023-09-09,38794.0
Blue,忠孝復興,2023-09-09,56864.0
Blue,南港展覽館,2023-09-09,21375.5
Blue,台北車站,2023-09-10,130311.0
Blue,頂埔,2023-09-10,11407.0
Blue,永寧,2023-09-10,20006.0
Blue,土城,2023-09-10,10658.0
Blue,海山,2023-09-10,28311.0
Blue,亞東醫院,2023-09-10,24295.0
Blue,府中,2023-09-10,44148.0
Blue,板橋,2023-09-10,69968.0
Blue,新埔,2023-09-10,48557.0
Blue,江子翠,2023-09-10,36570.0
Blue,龍山寺,2023-09-10,46327.0
Blue,西門,2023-09-10,77661.0
Blue,善導寺,2023-09-10,26459.0
Blue,忠孝新生,2023-09-10,36354.0
Blue,忠孝敦化,2023-09-10,44956.0
Blue,國父紀念館,2023-09-10,28514.0
Blue,市政府,2023-09-10,93287.0
Blue,永春,2023-09-10,24935.0
Blue,後山埤,2023-09-10,22666.0
Blue,昆陽,2023-09-10,14694.0
Blue,南港,2023-09-10,33767.0
Blue,忠孝復興,2023-09-10,42155.5
Blue,南港展覽館,2023-09-10,17545.5
Blue,台北車站,2023-09-11,118408.0
Blue,頂埔,2023-09-11,18818.0
Blue,永寧,2023-09-11,27911.0
Blue,土城,2023-09-11,16825.0
Blue,海山,2023-09-11,45107.0
Blue,亞東醫院,2023-09-11,49503.0
Blue,府中,2023-09-11,53420.0
Blue,板橋,2023-09-11,75203.0
Blue,新埔,2023-09-11,76496.0
Blue,江子翠,2023-09-11,53544.0
Blue,龍山寺,2023-09-11,51817.0
Blue,西門,2023-09-11,65312.0
Blue,善導寺,2023-09-11,47926.0
Blue,忠孝新生,2023-09-11,38237.0
Blue,忠孝敦化,2023-09-11,60495.0
Blue,國父紀念館,2023-09-11,37344.0
Blue,市政府,2023-09-11,113515.0
Blue,永春,2023-09-11,39577.0
Blue,後山埤,2023-09-11,31106.0
Blue,昆陽,2023-09-11,27471.0
Blue,南港,2023-09-11,41297.0
Blue,忠孝復興,2023-09-11,47182.5
Blue,南港展覽館,2023-09-11,33593.0
Blue,台北車站,2023-09-12,115221.5
Blue,頂埔,2023-09-12,18979.0
Blue,永寧,2023-09-12,28810.0
Blue,土城,2023-09-12,16909.0
Blue,海山,2023-09-12,46299.0
Blue,亞東醫院,2023-09-12,51067.0
Blue,府中,2023-09-12,55280.0
Blue,板橋,2023-09-12,75862.0
Blue,新埔,2023-09-12,79211.0
Blue,江子翠,2023-09-12,54832.0
Blue,龍山寺,2023-09-12,52057.0
Blue,西門,2023-09-12,65065.0
Blue,善導寺,2023-09-12,50459.0
Blue,忠孝新生,2023-09-12,38726.5
Blue,忠孝敦化,2023-09-12,63654.0
Blue,國父紀念館,2023-09-12,39352.0
Blue,市政府,2023-09-12,116183.0
Blue,永春,2023-09-12,41616.0
Blue,後山埤,2023-09-12,31834.0
Blue,昆陽,2023-09-12,28418.0
Blue,南港,2023-09-12,42585.0
Blue,忠孝復興,2023-09-12,49339.5
Blue,南港展覽館,2023-09-12,34563.0
Blue,台北車站,2023-09-13,117142.5
Blue,頂埔,2023-09-13,18812.0
Blue,永寧,2023-09-13,28628.0
Blue,土城,2023-09-13,17077.0
Blue,海山,2023-09-13,45935.0
Blue,亞東醫院,2023-09-13,50375.0
Blue,府中,2023-09-13,55281.0
Blue,板橋,2023-09-13,76249.0
Blue,新埔,2023-09-13,79253.0
Blue,江子翠,2023-09-13,54761.0
Blue,龍山寺,2023-09-13,52393.0
Blue,西門,2023-09-13,66979.0
Blue,善導寺,2023-09-13,51511.0
Blue,忠孝新生,2023-09-13,39866.0
Blue,忠孝敦化,2023-09-13,65119.0
Blue,國父紀念館,2023-09-13,40640.0
Blue,市政府,2023-09-13,117804.0
Blue,永春,2023-09-13,41380.0
Blue,後山埤,2023-09-13,32443.0
Blue,昆陽,2023-09-13,28200.0
Blue,南港,2023-09-13,42510.0
Blue,忠孝復興,2023-09-13,50388.5
Blue,南港展覽館,2023-09-13,35335.0
Blue,台北車站,2023-09-14,119025.5
Blue,頂埔,2023-09-14,19262.0
Blue,永寧,2023-09-14,30402.0
Blue,土城,2023-09-14,16661.0
Blue,海山,2023-09-14,45993.0
Blue,亞東醫院,2023-09-14,50624.0
Blue,府中,2023-09-14,54660.0
Blue,板橋,2023-09-14,77186.0
Blue,新埔,2023-09-14,78740.0
Blue,江子翠,2023-09-14,54874.0
Blue,龍山寺,2023-09-14,53196.0
Blue,西門,2023-09-14,67316.0
Blue,善導寺,2023-09-14,51666.0
Blue,忠孝新生,2023-09-14,40063.0
Blue,忠孝敦化,2023-09-14,65426.0
Blue,國父紀念館,2023-09-14,40215.0
Blue,市政府,2023-09-14,119007.0
Blue,永春,2023-09-14,41756.0
Blue,後山埤,2023-09-14,31731.0
Blue,昆陽,2023-09-14,29138.0
Blue,南港,2023-09-14,45371.0
Blue,忠孝復興,2023-09-14,50872.5
Blue,南港展覽館,2023-09-14,39574.5
Blue,台北車站,2023-09-15,149178.0
Blue,頂埔,2023-09-15,19872.0
Blue,永寧,2023-09-15,29553.0
Blue,土城,2023-09-15,17824.0
Blue,海山,2023-09-15,47818.0
Blue,亞東醫院,2023-09-15,51119.0
Blue,府中,2023-09-15,60142.0
Blue,板橋,2023-09-15,87295.0
Blue,新埔,2023-09-15,82401.0
Blue,江子翠,2023-09-15,58103.0
Blue,龍山寺,2023-09-15,57680.0
Blue,西門,2023-09-15,80091.0
Blue,善導寺,2023-09-15,54521.0
Blue,忠孝新生,2023-09-15,45289.0
Blue,忠孝敦化,2023-09-15,74575.0
Blue,國父紀念館,2023-09-15,47095.0
Blue,市政府,2023-09-15,137626.0
Blue,永春,2023-09-15,44320.0
Blue,後山埤,2023-09-15,34250.0
Blue,昆陽,2023-09-15,31106.0
Blue,南港,2023-09-15,53108.0
Blue,忠孝復興,2023-09-15,58974.5
Blue,南港展覽館,2023-09-15,43058.0
Blue,台北車站,2023-09-16,154743.0
Blue,頂埔,2023-09-16,13300.0
Blue,永寧,2023-09-16,22624.0
Blue,土城,2023-09-16,13910.0
Blue,海山,2023-09-16,36428.0
Blue,亞東醫院,2023-09-16,33563.0
Blue,府中,2023-09-16,55775.0
Blue,板橋,2023-09-16,82205.0
Blue,新埔,2023-09-16,62775.0
Blue,江子翠,2023-09-16,45952.0
Blue,龍山寺,2023-09-16,60636.0
Blue,西門,2023-09-16,94098.5
Blue,善導寺,2023-09-16,36403.0
Blue,忠孝新生,2023-09-16,43842.0
Blue,忠孝敦化,2023-09-16,64125.0
Blue,國父紀念館,2023-09-16,47293.0
Blue,市政府,2023-09-16,129782.0
Blue,永春,2023-09-16,34464.0
Blue,後山埤,2023-09-16,28931.0
Blue,昆陽,2023-09-16,22102.0
Blue,南港,2023-09-16,53373.0
Blue,忠孝復興,2023-09-16,59307.0
Blue,南港展覽館,2023-09-16,53953.0
Blue,台北車站,2023-09-17,141785.5
Blue,頂埔,2023-09-17,11816.0
Blue,永寧,2023-09-17,19366.0
Blue,土城,2023-09-17,10772.0
Blue,海山,2023-09-17,28768.0
Blue,亞東醫院,2023-09-17,24534.0
Blue,府中,2023-09-17,43440.0
Blue,板橋,2023-09-17,69802.0
Blue,新埔,2023-09-17,49067.0
Blue,江子翠,2023-09-17,36034.0
Blue,龍山寺,2023-09-17,47665.0
Blue,西門,2023-09-17,79584.0
Blue,善導寺,2023-09-17,26255.0
Blue,忠孝新生,2023-09-17,36175.5
Blue,忠孝敦化,2023-09-17,46240.0
Blue,國父紀念館,2023-09-17,33157.0
Blue,市政府,2023-09-17,101164.0
Blue,永春,2023-09-17,25796.0
Blue,後山埤,2023-09-17,23340.0
Blue,昆陽,2023-09-17,17643.0
Blue,南港,2023-09-17,42089.0
Blue,忠孝復興,2023-09-17,44301.0
Blue,南港展覽館,2023-09-17,34199.0
Blue,台北車站,2023-09-18,120065.5
Blue,頂埔,2023-09-18,18599.0
Blue,永寧,2023-09-18,26798.0
Blue,土城,2023-09-18,16872.0
Blue,海山,2023-09-18,44806.0
Blue,亞東醫院,2023-09-18,49093.0
Blue,府中,2023-09-18,52890.0
Blue,板橋,2023-09-18,76487.0
Blue,新埔,2023-09-18,75811.0
Blue,江子翠,2023-09-18,53176.0
Blue,龍山寺,2023-09-18,52276.0
Blue,西門,2023-09-18,65321.0
Blue,善導寺,2023-09-18,48073.0
Blue,忠孝新生,2023-09-18,37809.0
Blue,忠孝敦化,2023-09-18,60249.0
Blue,國父紀念館,2023-09-18,37736.0
Blue,市政府,2023-09-18,114516.0
Blue,永春,2023-09-18,39103.0
Blue,後山埤,2023-09-18,31016.0
Blue,昆陽,2023-09-18,27586.0
Blue,南港,2023-09-18,42205.0
Blue,忠孝復興,2023-09-18,48197.5
Blue,南港展覽館,2023-09-18,33224.0
Blue,台北車站,2023-09-19,117043.0
Blue,頂埔,2023-09-19,18889.0
Blue,永寧,2023-09-19,27305.0
Blue,土城,2023-09-19,17140.0
Blue,海山,2023-09-19,46134.0
Blue,亞東醫院,2023-09-19,51090.0
Blue,府中,2023-09-19,55594.0
Blue,板橋,2023-09-19,76505.0
Blue,新埔,2023-09-19,79130.0
Blue,江子翠,2023-09-19,54780.0
Blue,龍山寺,2023-09-19,52857.0
Blue,西門,2023-09-19,66301.0
Blue,善導寺,2023-09-19,50789.0
Blue,忠孝新生,2023-09-19,37876.5
Blue,忠孝敦化,2023-09-19,64375.0
Blue,國父紀念館,2023-09-19,39793.0
Blue,市政府,2023-09-19,116254.0
Blue,永春,2023-09-19,41408.0
Blue,後山埤,2023-09-19,31627.0
Blue,昆陽,2023-09-19,27874.0
Blue,南港,2023-09-19,42356.0
Blue,忠孝復興,2023-09-19,50143.5
Blue,南港展覽館,2023-09-19,33683.0
Blue,台北車站,2023-09-20,120386.5
Blue,頂埔,2023-09-20,19103.0
Blue,永寧,2023-09-20,27466.0
Blue,土城,2023-09-20,17144.0
Blue,海山,2023-09-20,46471.0
Blue,亞東醫院,2023-09-20,51229.0
Blue,府中,2023-09-20,56043.0
Blue,板橋,2023-09-20,77763.0
Blue,新埔,2023-09-20,79130.0
Blue,江子翠,2023-09-20,56291.0
Blue,龍山寺,2023-09-20,53666.0
Blue,西門,2023-09-20,68647.5
Blue,善導寺,2023-09-20,52266.0
Blue,忠孝新生,2023-09-20,39279.5
Blue,忠孝敦化,2023-09-20,66043.0
Blue,國父紀念館,2023-09-20,41846.0
Blue,市政府,2023-09-20,120556.0
Blue,永春,2023-09-20,41984.0
Blue,後山埤,2023-09-20,32385.0
Blue,昆陽,2023-09-20,28985.0
Blue,南港,2023-09-20,47460.0
Blue,忠孝復興,2023-09-20,51235.0
Blue,南港展覽館,2023-09-20,47990.5
Blue,台北車站,2023-09-21,120122.5
Blue,頂埔,2023-09-21,18950.0
Blue,永寧,2023-09-21,27340.0
Blue,土城,2023-09-21,16866.0
Blue,海山,2023-09-21,46018.0
Blue,亞東醫院,2023-09-21,50843.0
Blue,府中,2023-09-21,54942.0
Blue,板橋,2023-09-21,77315.0
Blue,新埔,2023-09-21,78678.0
Blue,江子翠,2023-09-21,55135.0
Blue,龍山寺,2023-09-21,52723.0
Blue,西門,2023-09-21,67370.5
Blue,善導寺,2023-09-21,51507.0
Blue,忠孝新生,2023-09-21,39468.0
Blue,忠孝敦化,2023-09-21,65374.0
Blue,國父紀念館,2023-09-21,40745.0
Blue,市政府,2023-09-21,123847.0
Blue,永春,2023-09-21,41614.0
Blue,後山埤,2023-09-21,31960.0
Blue,昆陽,2023-09-21,29207.0
Blue,南港,2023-09-21,43212.0
Blue,忠孝復興,2023-09-21,50850.5
Blue,南港展覽館,2023-09-21,34690.0
Blue,台北車站,2023-09-22,135159.0
Blue,頂埔,2023-09-22,19472.0
Blue,永寧,2023-09-22,28624.0
Blue,土城,2023-09-22,17561.0
Blue,海山,2023-09-22,47322.0
Blue,亞東醫院,2023-09-22,51187.0
Blue,府中,2023-09-22,59092.0
Blue,板橋,2023-09-22,84718.0
Blue,新埔,2023-09-22,81677.0
Blue,江子翠,2023-09-22,56839.0
Blue,龍山寺,2023-09-22,56540.0
Blue,西門,2023-09-22,75695.5
Blue,善導寺,2023-09-22,53143.0
Blue,忠孝新生,2023-09-22,43581.5
Blue,忠孝敦化,2023-09-22,71247.0
Blue,國父紀念館,2023-09-22,44916.0
Blue,市政府,2023-09-22,136560.0
Blue,永春,2023-09-22,44937.0
Blue,後山埤,2023-09-22,33834.0
Blue,昆陽,2023-09-22,29162.0
Blue,南港,2023-09-22,47060.0
Blue,忠孝復興,2023-09-22,57905.0
Blue,南港展覽館,2023-09-22,37731.5
Blue,台北車站,2023-09-23,138924.0
Blue,頂埔,2023-09-23,17639.0
Blue,永寧,2023-09-23,25983.0
Blue,土城,2023-09-23,15846.0
Blue,海山,2023-09-23,43940.0
Blue,亞東醫院,2023-09-23,40319.0
Blue,府中,2023-09-23,57492.0
Blue,板橋,2023-09-23,85648.0
Blue,新埔,2023-09-23,70863.0
Blue,江子翠,2023-09-23,52561.0
Blue,龍山寺,2023-09-23,57317.0
Blue,西門,2023-09-23,85702.0
Blue,善導寺,2023-09-23,44367.0
Blue,忠孝新生,2023-09-23,43733.0
Blue,忠孝敦化,2023-09-23,71007.0
Blue,國父紀念館,2023-09-23,43497.0
Blue,市政府,2023-09-23,141954.0
Blue,永春,2023-09-23,40629.0
Blue,後山埤,2023-09-23,31334.0
Blue,昆陽,2023-09-23,30064.0
Blue,南港,2023-09-23,46505.0
Blue,忠孝復興,2023-09-23,61871.0
Blue,南港展覽館,2023-09-23,29843.0
Blue,台北車站,2023-09-24,128399.0
Blue,頂埔,2023-09-24,11431.0
Blue,永寧,2023-09-24,18448.0
Blue,土城,2023-09-24,11135.0
Blue,海山,2023-09-24,28352.0
Blue,亞東醫院,2023-09-24,24588.0
Blue,府中,2023-09-24,43491.0
Blue,板橋,2023-09-24,68867.0
Blue,新埔,2023-09-24,49330.0
Blue,江子翠,2023-09-24,36042.0
Blue,龍山寺,2023-09-24,47319.0
Blue,西門,2023-09-24,76801.0
Blue,善導寺,2023-09-24,27722.0
Blue,忠孝新生,2023-09-24,34602.5
Blue,忠孝敦化,2023-09-24,44983.0
Blue,國父紀念館,2023-09-24,29884.0
Blue,市政府,2023-09-24,100336.0
Blue,永春,2023-09-24,26237.0
Blue,後山埤,2023-09-24,23271.0
Blue,昆陽,2023-09-24,16307.0
Blue,南港,2023-09-24,32230.0
Blue,忠孝復興,2023-09-24,45181.0
Blue,南港展覽館,2023-09-24,17816.0
Blue,台北車站,2023-09-25,119791.0
Blue,頂埔,2023-09-25,18754.0
Blue,永寧,2023-09-25,26886.0
Blue,土城,2023-09-25,16998.0
Blue,海山,2023-09-25,45308.0
Blue,亞東醫院,2023-09-25,50106.0
Blue,府中,2023-09-25,54164.0
Blue,板橋,2023-09-25,77278.0
Blue,新埔,2023-09-25,76489.0
Blue,江子翠,2023-09-25,53266.0
Blue,龍山寺,2023-09-25,52562.0
Blue,西門,2023-09-25,65969.0
Blue,善導寺,2023-09-25,48946.0
Blue,忠孝新生,2023-09-25,38771.5
Blue,忠孝敦化,2023-09-25,61680.0
Blue,國父紀念館,2023-09-25,39799.0
Blue,市政府,2023-09-25,117639.0
Blue,永春,2023-09-25,40381.0
Blue,後山埤,2023-09-25,31561.0
Blue,昆陽,2023-09-25,28226.0
Blue,南港,2023-09-25,42088.0
Blue,忠孝復興,2023-09-25,48858.0
Blue,南港展覽館,2023-09-25,33984.5
Blue,台北車站,2023-09-26,121144.5
Blue,頂埔,2023-09-26,19334.0
Blue,永寧,2023-09-26,27486.0
Blue,土城,2023-09-26,16977.0
Blue,海山,2023-09-26,46455.0
Blue,亞東醫院,2023-09-26,51916.0
Blue,府中,2023-09-26,57114.0
Blue,板橋,2023-09-26,79904.0
Blue,新埔,2023-09-26,80280.0
Blue,江子翠,2023-09-26,55115.0
Blue,龍山寺,2023-09-26,52594.0
Blue,西門,2023-09-26,67893.0
Blue,善導寺,2023-09-26,51956.0
Blue,忠孝新生,2023-09-26,40398.5
Blue,忠孝敦化,2023-09-26,65365.0
Blue,國父紀念館,2023-09-26,42253.0
Blue,市政府,2023-09-26,121058.0
Blue,永春,2023-09-26,42450.0
Blue,後山埤,2023-09-26,32634.0
Blue,昆陽,2023-09-26,28877.0
Blue,南港,2023-09-26,43510.0
Blue,忠孝復興,2023-09-26,52631.5
Blue,南港展覽館,2023-09-26,34529.0
Blue,台北車站,2023-09-27,128124.5
Blue,頂埔,2023-09-27,19877.0
Blue,永寧,2023-09-27,27815.0
Blue,土城,2023-09-27,17469.0
Blue,海山,2023-09-27,47049.0
Blue,亞東醫院,2023-09-27,52454.0
Blue,府中,2023-09-27,57985.0
Blue,板橋,2023-09-27,81763.0
Blue,新埔,2023-09-27,81438.0
Blue,江子翠,2023-09-27,56676.0
Blue,龍山寺,2023-09-27,54932.0
Blue,西門,2023-09-27,70041.0
Blue,善導寺,2023-09-27,53849.0
Blue,忠孝新生,2023-09-27,43050.5
Blue,忠孝敦化,2023-09-27,67343.0
Blue,國父紀念館,2023-09-27,44014.0
Blue,市政府,2023-09-27,123186.0
Blue,永春,2023-09-27,43617.0
Blue,後山埤,2023-09-27,33752.0
Blue,昆陽,2023-09-27,29766.0
Blue,南港,2023-09-27,45349.0
Blue,忠孝復興,2023-09-27,54577.5
Blue,南港展覽館,2023-09-27,34494.5
Blue,台北車站,2023-09-28,147776.0
Blue,頂埔,2023-09-28,20407.0
Blue,永寧,2023-09-28,29727.0
Blue,土城,2023-09-28,18049.0
Blue,海山,2023-09-28,48081.0
Blue,亞東醫院,2023-09-28,51566.0
Blue,府中,2023-09-28,57716.0
Blue,板橋,2023-09-28,88458.0
Blue,新埔,2023-09-28,81500.0
Blue,江子翠,2023-09-28,57179.0
Blue,龍山寺,2023-09-28,55656.0
Blue,西門,2023-09-28,72865.0
Blue,善導寺,2023-09-28,52405.0
Blue,忠孝新生,2023-09-28,44889.5
Blue,忠孝敦化,2023-09-28,70287.0
Blue,國父紀念館,2023-09-28,44868.0
Blue,市政府,2023-09-28,134580.0
Blue,永春,2023-09-28,44163.0
Blue,後山埤,2023-09-28,34014.0
Blue,昆陽,2023-09-28,32205.0
Blue,南港,2023-09-28,56290.0
Blue,忠孝復興,2023-09-28,58310.5
Blue,南港展覽館,2023-09-28,34940.0
Blue,台北車站,2023-09-29,109910.0
Blue,頂埔,2023-09-29,11121.0
Blue,永寧,2023-09-29,17847.0
Blue,土城,2023-09-29,10699.0
Blue,海山,2023-09-29,28380.0
Blue,亞東醫院,2023-09-29,23576.0
Blue,府中,2023-09-29,39652.0
Blue,板橋,2023-09-29,63612.0
Blue,新埔,2023-09-29,45079.0
Blue,江子翠,2023-09-29,33420.0
Blue,龍山寺,2023-09-29,46601.0
Blue,西門,2023-09-29,71018.0
Blue,善導寺,2023-09-29,19706.0
Blue,忠孝新生,2023-09-29,32504.0
Blue,忠孝敦化,2023-09-29,41472.0
Blue,國父紀念館,2023-09-29,26980.0
Blue,市政府,2023-09-29,91202.0
Blue,永春,2023-09-29,24566.0
Blue,後山埤,2023-09-29,22146.0
Blue,昆陽,2023-09-29,16042.0
Blue,南港,2023-09-29,35343.0
Blue,忠孝復興,2023-09-29,44643.0
Blue,南港展覽館,2023-09-29,16392.5
Blue,台北車站,2023-09-30,118739.5
Blue,頂埔,2023-09-30,11760.0
Blue,永寧,2023-09-30,18859.0
Blue,土城,2023-09-30,11245.0
Blue,海山,2023-09-30,29509.0
Blue,亞東醫院,2023-09-30,26893.0
Blue,府中,2023-09-30,43589.0
Blue,板橋,2023-09-30,67098.0
Blue,新埔,2023-09-30,48433.0
Blue,江子翠,2023-09-30,35407.0
Blue,龍山寺,2023-09-30,47980.0
Blue,西門,2023-09-30,78615.5
Blue,善導寺,2023-09-30,23210.0
Blue,忠孝新生,2023-09-30,39012.5
Blue,忠孝敦化,2023-09-30,48128.0
Blue,國父紀念館,2023-09-30,29698.0
Blue,市政府,2023-09-30,96852.0
Blue,永春,2023-09-30,24548.0
Blue,後山埤,2023-09-30,23126.0
Blue,昆陽,2023-09-30,16524.0
Blue,南港,2023-09-30,35441.0
Blue,忠孝復興,2023-09-30,47984.5
Blue,南港展覽館,2023-09-30,19998.0
Blue,台北車站,2023-10-01,130411.0
Blue,頂埔,2023-10-01,10940.0
Blue,永寧,2023-10-01,17229.0
Blue,土城,2023-10-01,9689.0
Blue,海山,2023-10-01,25918.0
Blue,亞東醫院,2023-10-01,21893.0
Blue,府中,2023-10-01,37353.0
Blue,板橋,2023-10-01,69258.0
Blue,新埔,2023-10-01,43291.0
Blue,江子翠,2023-10-01,32074.0
Blue,龍山寺,2023-10-01,41881.0
Blue,西門,2023-10-01,67507.0
Blue,善導寺,2023-10-01,20057.0
Blue,忠孝新生,2023-10-01,32813.5
Blue,忠孝敦化,2023-10-01,38140.0
Blue,國父紀念館,2023-10-01,28617.0
Blue,市政府,2023-10-01,88984.0
Blue,永春,2023-10-01,23144.0
Blue,後山埤,2023-10-01,20685.0
Blue,昆陽,2023-10-01,15340.0
Blue,南港,2023-10-01,35682.0
Blue,忠孝復興,2023-10-01,40691.0
Blue,南港展覽館,2023-10-01,15612.0
Blue,台北車站,2023-10-02,122144.0
Blue,頂埔,2023-10-02,18818.0
Blue,永寧,2023-10-02,26594.0
Blue,土城,2023-10-02,16727.0
Blue,海山,2023-10-02,44977.0
Blue,亞東醫院,2023-10-02,49789.0
Blue,府中,2023-10-02,52605.0
Blue,板橋,2023-10-02,75984.0
Blue,新埔,2023-10-02,75801.0
Blue,江子翠,2023-10-02,53445.0
Blue,龍山寺,2023-10-02,52313.0
Blue,西門,2023-10-02,64378.5
Blue,善導寺,2023-10-02,47330.0
Blue,忠孝新生,2023-10-02,37921.0
Blue,忠孝敦化,2023-10-02,59926.0
Blue,國父紀念館,2023-10-02,37276.0
Blue,市政府,2023-10-02,113815.0
Blue,永春,2023-10-02,39480.0
Blue,後山埤,2023-10-02,31398.0
Blue,昆陽,2023-10-02,27302.0
Blue,南港,2023-10-02,42057.0
Blue,忠孝復興,2023-10-02,46328.0
Blue,南港展覽館,2023-10-02,32436.0
Blue,台北車站,2023-10-03,115371.0
Blue,頂埔,2023-10-03,19110.0
Blue,永寧,2023-10-03,27078.0
Blue,土城,2023-10-03,16677.0
Blue,海山,2023-10-03,45589.0
Blue,亞東醫院,2023-10-03,52059.0
Blue,府中,2023-10-03,54985.0
Blue,板橋,2023-10-03,75648.0
Blue,新埔,2023-10-03,78759.0
Blue,江子翠,2023-10-03,55229.0
Blue,龍山寺,2023-10-03,51168.0
Blue,西門,2023-10-03,63918.5
Blue,善導寺,2023-10-03,50975.0
Blue,忠孝新生,2023-10-03,38418.5
Blue,忠孝敦化,2023-10-03,64447.0
Blue,國父紀念館,2023-10-03,38978.0
Blue,市政府,2023-10-03,117405.0
Blue,永春,2023-10-03,42762.0
Blue,後山埤,2023-10-03,32323.0
Blue,昆陽,2023-10-03,28260.0
Blue,南港,2023-10-03,43395.0
Blue,忠孝復興,2023-10-03,50602.5
Blue,南港展覽館,2023-10-03,33592.0
Blue,台北車站,2023-10-04,113287.0
Blue,頂埔,2023-10-04,18629.0
Blue,永寧,2023-10-04,25191.0
Blue,土城,2023-10-04,16291.0
Blue,海山,2023-10-04,44654.0
Blue,亞東醫院,2023-10-04,50583.0
Blue,府中,2023-10-04,53124.0
Blue,板橋,2023-10-04,75370.0
Blue,新埔,2023-10-04,78003.0
Blue,江子翠,2023-10-04,54823.0
Blue,龍山寺,2023-10-04,49181.0
Blue,西門,2023-10-04,62696.0
Blue,善導寺,2023-10-04,52519.0
Blue,忠孝新生,2023-10-04,38342.5
Blue,忠孝敦化,2023-10-04,63792.0
Blue,國父紀念館,2023-10-04,41302.0
Blue,市政府,2023-10-04,117842.0
Blue,永春,2023-10-04,41929.0
Blue,後山埤,2023-10-04,31583.0
Blue,昆陽,2023-10-04,27868.0
Blue,南港,2023-10-04,42005.0
Blue,忠孝復興,2023-10-04,49634.0
Blue,南港展覽館,2023-10-04,32138.0
Blue,台北車站,2023-10-05,107343.0
Blue,頂埔,2023-10-05,18485.0
Blue,永寧,2023-10-05,25389.0
Blue,土城,2023-10-05,16368.0
Blue,海山,2023-10-05,44633.0
Blue,亞東醫院,2023-10-05,49884.0
Blue,府中,2023-10-05,53237.0
Blue,板橋,2023-10-05,74096.0
Blue,新埔,2023-10-05,77133.0
Blue,江子翠,2023-10-05,54376.0
Blue,龍山寺,2023-10-05,50435.0
Blue,西門,2023-10-05,63888.5
Blue,善導寺,2023-10-05,50593.0
Blue,忠孝新生,2023-10-05,38397.5
Blue,忠孝敦化,2023-10-05,63981.0
Blue,國父紀念館,2023-10-05,40340.0
Blue,市政府,2023-10-05,115369.0
Blue,永春,2023-10-05,41726.0
Blue,後山埤,2023-10-05,31392.0
Blue,昆陽,2023-10-05,28302.0
Blue,南港,2023-10-05,40534.0
Blue,忠孝復興,2023-10-05,49740.5
Blue,南港展覽館,2023-10-05,31470.0
Blue,台北車站,2023-10-06,148200.5
Blue,頂埔,2023-10-06,20509.0
Blue,永寧,2023-10-06,29666.0
Blue,土城,2023-10-06,17954.0
Blue,海山,2023-10-06,48435.0
Blue,亞東醫院,2023-10-06,51913.0
Blue,府中,2023-10-06,59610.0
Blue,板橋,2023-10-06,89493.0
Blue,新埔,2023-10-06,82727.0
Blue,江子翠,2023-10-06,57299.0
Blue,龍山寺,2023-10-06,55548.0
Blue,西門,2023-10-06,77125.5
Blue,善導寺,2023-10-06,51618.0
Blue,忠孝新生,2023-10-06,44554.0
Blue,忠孝敦化,2023-10-06,73004.0
Blue,國父紀念館,2023-10-06,45003.0
Blue,市政府,2023-10-06,134644.0
Blue,永春,2023-10-06,44939.0
Blue,後山埤,2023-10-06,34308.0
Blue,昆陽,2023-10-06,29689.0
Blue,南港,2023-10-06,53213.0
Blue,忠孝復興,2023-10-06,57987.0
Blue,南港展覽館,2023-10-06,34277.0
Blue,台北車站,2023-10-07,152582.0
Blue,頂埔,2023-10-07,12672.0
Blue,永寧,2023-10-07,20789.0
Blue,土城,2023-10-07,12749.0
Blue,海山,2023-10-07,33521.0
Blue,亞東醫院,2023-10-07,31859.0
Blue,府中,2023-10-07,50397.0
Blue,板橋,2023-10-07,80096.0
Blue,新埔,2023-10-07,57662.0
Blue,江子翠,2023-10-07,41689.0
Blue,龍山寺,2023-10-07,54450.0
Blue,西門,2023-10-07,92647.0
Blue,善導寺,2023-10-07,30866.0
Blue,忠孝新生,2023-10-07,45115.0
Blue,忠孝敦化,2023-10-07,61113.0
Blue,國父紀念館,2023-10-07,69330.0
Blue,市政府,2023-10-07,143765.0
Blue,永春,2023-10-07,30789.0
Blue,後山埤,2023-10-07,27205.0
Blue,昆陽,2023-10-07,20853.0
Blue,南港,2023-10-07,41970.0
Blue,忠孝復興,2023-10-07,61111.0
Blue,南港展覽館,2023-10-07,20792.0
Blue,台北車站,2023-10-08,136403.0
Blue,頂埔,2023-10-08,11691.0
Blue,永寧,2023-10-08,18558.0
Blue,土城,2023-10-08,10830.0
Blue,海山,2023-10-08,29722.0
Blue,亞東醫院,2023-10-08,24365.0
Blue,府中,2023-10-08,44961.0
Blue,板橋,2023-10-08,73911.0
Blue,新埔,2023-10-08,48100.0
Blue,江子翠,2023-10-08,35666.0
Blue,龍山寺,2023-10-08,51819.0
Blue,西門,2023-10-08,89523.5
Blue,善導寺,2023-10-08,24640.0
Blue,忠孝新生,2023-10-08,38954.0
Blue,忠孝敦化,2023-10-08,48625.0
Blue,國父紀念館,2023-10-08,35450.0
Blue,市政府,2023-10-08,105122.0
Blue,永春,2023-10-08,25246.0
Blue,後山埤,2023-10-08,22865.0
Blue,昆陽,2023-10-08,15071.0
Blue,南港,2023-10-08,35302.0
Blue,忠孝復興,2023-10-08,51856.5
Blue,南港展覽館,2023-10-08,16816.0
Blue,台北車站,2023-10-09,129752.0
Blue,頂埔,2023-10-09,11468.0
Blue,永寧,2023-10-09,18220.0
Blue,土城,2023-10-09,11565.0
Blue,海山,2023-10-09,30284.0
Blue,亞東醫院,2023-10-09,30301.0
Blue,府中,2023-10-09,44376.0
Blue,板橋,2023-10-09,75008.0
Blue,新埔,2023-10-09,49803.0
Blue,江子翠,2023-10-09,36389.0
Blue,龍山寺,2023-10-09,50172.0
Blue,西門,2023-10-09,86615.0
Blue,善導寺,2023-10-09,19582.0
Blue,忠孝新生,2023-10-09,36153.5
Blue,忠孝敦化,2023-10-09,49724.0
Blue,國父紀念館,2023-10-09,32263.0
Blue,市政府,2023-10-09,102833.0
Blue,永春,2023-10-09,24369.0
Blue,後山埤,2023-10-09,23469.0
Blue,昆陽,2023-10-09,13519.0
Blue,南港,2023-10-09,35378.0
Blue,忠孝復興,2023-10-09,52390.0
Blue,南港展覽館,2023-10-09,16736.5
Blue,台北車站,2023-10-10,115848.5
Blue,頂埔,2023-10-10,10396.0
Blue,永寧,2023-10-10,15440.0
Blue,土城,2023-10-10,9715.0
Blue,海山,2023-10-10,26572.0
Blue,亞東醫院,2023-10-10,22267.0
Blue,府中,2023-10-10,36652.0
Blue,板橋,2023-10-10,67646.0
Blue,新埔,2023-10-10,44043.0
Blue,江子翠,2023-10-10,32228.0
Blue,龍山寺,2023-10-10,42208.0
Blue,西門,2023-10-10,69225.0
Blue,善導寺,2023-10-10,18875.0
Blue,忠孝新生,2023-10-10,29424.5
Blue,忠孝敦化,2023-10-10,41273.0
Blue,國父紀念館,2023-10-10,25272.0
Blue,市政府,2023-10-10,86691.0
Blue,永春,2023-10-10,24103.0
Blue,後山埤,2023-10-10,21382.0
Blue,昆陽,2023-10-10,12930.0
Blue,南港,2023-10-10,32253.0
Blue,忠孝復興,2023-10-10,43353.0
Blue,南港展覽館,2023-10-10,15304.0
Blue,台北車站,2023-10-11,119719.0
Blue,頂埔,2023-10-11,19497.0
Blue,永寧,2023-10-11,27361.0
Blue,土城,2023-10-11,16996.0
Blue,海山,2023-10-11,45904.0
Blue,亞東醫院,2023-10-11,51408.0
Blue,府中,2023-10-11,53924.0
Blue,板橋,2023-10-11,78415.0
Blue,新埔,2023-10-11,77814.0
Blue,江子翠,2023-10-11,54916.0
Blue,龍山寺,2023-10-11,52877.0
Blue,西門,2023-10-11,65864.5
Blue,善導寺,2023-10-11,50005.0
Blue,忠孝新生,2023-10-11,37783.0
Blue,忠孝敦化,2023-10-11,62317.0
Blue,國父紀念館,2023-10-11,40499.0
Blue,市政府,2023-10-11,114760.0
Blue,永春,2023-10-11,41234.0
Blue,後山埤,2023-10-11,32054.0
Blue,昆陽,2023-10-11,27957.0
Blue,南港,2023-10-11,42667.0
Blue,忠孝復興,2023-10-11,49280.5
Blue,南港展覽館,2023-10-11,33873.5
Blue,台北車站,2023-10-12,118743.0
Blue,頂埔,2023-10-12,19458.0
Blue,永寧,2023-10-12,27741.0
Blue,土城,2023-10-12,17165.0
Blue,海山,2023-10-12,46382.0
Blue,亞東醫院,2023-10-12,51354.0
Blue,府中,2023-10-12,54790.0
Blue,板橋,2023-10-12,78336.0
Blue,新埔,2023-10-12,79143.0
Blue,江子翠,2023-10-12,55127.0
Blue,龍山寺,2023-10-12,54411.0
Blue,西門,2023-10-12,67556.0
Blue,善導寺,2023-10-12,50067.0
Blue,忠孝新生,2023-10-12,39065.5
Blue,忠孝敦化,2023-10-12,64421.0
Blue,國父紀念館,2023-10-12,42114.0
Blue,市政府,2023-10-12,123135.0
Blue,永春,2023-10-12,41535.0
Blue,後山埤,2023-10-12,32840.0
Blue,昆陽,2023-10-12,29213.0
Blue,南港,2023-10-12,45068.0
Blue,忠孝復興,2023-10-12,51733.0
Blue,南港展覽館,2023-10-12,40990.5
Blue,台北車站,2023-10-13,141528.0
Blue,頂埔,2023-10-13,20390.0
Blue,永寧,2023-10-13,29501.0
Blue,土城,2023-10-13,18066.0
Blue,海山,2023-10-13,48299.0
Blue,亞東醫院,2023-10-13,51996.0
Blue,府中,2023-10-13,60108.0
Blue,板橋,2023-10-13,87301.0
Blue,新埔,2023-10-13,81604.0
Blue,江子翠,2023-10-13,57389.0
Blue,龍山寺,2023-10-13,57430.0
Blue,西門,2023-10-13,81011.0
Blue,善導寺,2023-10-13,51728.0
Blue,忠孝新生,2023-10-13,42581.0
Blue,忠孝敦化,2023-10-13,71540.0
Blue,國父紀念館,2023-10-13,46558.0
Blue,市政府,2023-10-13,136375.0
Blue,永春,2023-10-13,43933.0
Blue,後山埤,2023-10-13,34003.0
Blue,昆陽,2023-10-13,29677.0
Blue,南港,2023-10-13,49484.0
Blue,忠孝復興,2023-10-13,58665.5
Blue,南港展覽館,2023-10-13,42430.0
Blue,台北車站,2023-10-14,145821.0
Blue,頂埔,2023-10-14,13314.0
Blue,永寧,2023-10-14,22422.0
Blue,土城,2023-10-14,13675.0
Blue,海山,2023-10-14,35825.0
Blue,亞東醫院,2023-10-14,33853.0
Blue,府中,2023-10-14,54658.0
Blue,板橋,2023-10-14,83736.0
Blue,新埔,2023-10-14,60904.0
Blue,江子翠,2023-10-14,43835.0
Blue,龍山寺,2023-10-14,55533.0
Blue,西門,2023-10-14,93863.0
Blue,善導寺,2023-10-14,32299.0
Blue,忠孝新生,2023-10-14,41423.5
Blue,忠孝敦化,2023-10-14,61352.0
Blue,國父紀念館,2023-10-14,40640.0
Blue,市政府,2023-10-14,124276.0
Blue,永春,2023-10-14,31947.0
Blue,後山埤,2023-10-14,28641.0
Blue,昆陽,2023-10-14,22581.0
Blue,南港,2023-10-14,50377.0
Blue,忠孝復興,2023-10-14,57472.0
Blue,南港展覽館,2023-10-14,40577.5
Blue,台北車站,2023-10-15,131351.5
Blue,頂埔,2023-10-15,11939.0
Blue,永寧,2023-10-15,18961.0
Blue,土城,2023-10-15,10672.0
Blue,海山,2023-10-15,29232.0
Blue,亞東醫院,2023-10-15,24948.0
Blue,府中,2023-10-15,43844.0
Blue,板橋,2023-10-15,69849.0
Blue,新埔,2023-10-15,49034.0
Blue,江子翠,2023-10-15,37235.0
Blue,龍山寺,2023-10-15,51017.0
Blue,西門,2023-10-15,79374.0
Blue,善導寺,2023-10-15,25962.0
Blue,忠孝新生,2023-10-15,33850.5
Blue,忠孝敦化,2023-10-15,43448.0
Blue,國父紀念館,2023-10-15,30354.0
Blue,市政府,2023-10-15,93000.0
Blue,永春,2023-10-15,26603.0
Blue,後山埤,2023-10-15,24312.0
Blue,昆陽,2023-10-15,16598.0
Blue,南港,2023-10-15,36224.0
Blue,忠孝復興,2023-10-15,44950.5
Blue,南港展覽館,2023-10-15,32076.5
Blue,台北車站,2023-10-16,117925.0
Blue,頂埔,2023-10-16,19116.0
Blue,永寧,2023-10-16,26626.0
Blue,土城,2023-10-16,16869.0
Blue,海山,2023-10-16,45197.0
Blue,亞東醫院,2023-10-16,50368.0
Blue,府中,2023-10-16,53284.0
Blue,板橋,2023-10-16,76217.0
Blue,新埔,2023-10-16,76518.0
Blue,江子翠,2023-10-16,53461.0
Blue,龍山寺,2023-10-16,52635.0
Blue,西門,2023-10-16,66305.0
Blue,善導寺,2023-10-16,47834.0
Blue,忠孝新生,2023-10-16,37619.0
Blue,忠孝敦化,2023-10-16,60402.0
Blue,國父紀念館,2023-10-16,38746.0
Blue,市政府,2023-10-16,115094.0
Blue,永春,2023-10-16,39255.0
Blue,後山埤,2023-10-16,31454.0
Blue,昆陽,2023-10-16,28155.0
Blue,南港,2023-10-16,41842.0
Blue,忠孝復興,2023-10-16,47829.0
Blue,南港展覽館,2023-10-16,35014.0
Blue,台北車站,2023-10-17,117490.0
Blue,頂埔,2023-10-17,19546.0
Blue,永寧,2023-10-17,27684.0
Blue,土城,2023-10-17,17458.0
Blue,海山,2023-10-17,46693.0
Blue,亞東醫院,2023-10-17,51507.0
Blue,府中,2023-10-17,55640.0
Blue,板橋,2023-10-17,77583.0
Blue,新埔,2023-10-17,79842.0
Blue,江子翠,2023-10-17,55161.0
Blue,龍山寺,2023-10-17,54110.0
Blue,西門,2023-10-17,67529.0
Blue,善導寺,2023-10-17,50297.0
Blue,忠孝新生,2023-10-17,38989.5
Blue,忠孝敦化,2023-10-17,63408.0
Blue,國父紀念館,2023-10-17,40331.0
Blue,市政府,2023-10-17,116456.0
Blue,永春,2023-10-17,41850.0
Blue,後山埤,2023-10-17,33115.0
Blue,昆陽,2023-10-17,28230.0
Blue,南港,2023-10-17,44620.0
Blue,忠孝復興,2023-10-17,50168.0
Blue,南港展覽館,2023-10-17,41220.5
Blue,台北車站,2023-10-18,121440.0
Blue,頂埔,2023-10-18,19473.0
Blue,永寧,2023-10-18,27518.0
Blue,土城,2023-10-18,17494.0
Blue,海山,2023-10-18,47309.0
Blue,亞東醫院,2023-10-18,52036.0
Blue,府中,2023-10-18,56443.0
Blue,板橋,2023-10-18,78813.0
Blue,新埔,2023-10-18,80161.0
Blue,江子翠,2023-10-18,56555.0
Blue,龍山寺,2023-10-18,55546.0
Blue,西門,2023-10-18,70629.0
Blue,善導寺,2023-10-18,52183.0
Blue,忠孝新生,2023-10-18,40408.5
Blue,忠孝敦化,2023-10-18,65430.0
Blue,國父紀念館,2023-10-18,42057.0
Blue,市政府,2023-10-18,120596.0
Blue,永春,2023-10-18,41865.0
Blue,後山埤,2023-10-18,32828.0
Blue,昆陽,2023-10-18,28908.0
Blue,南港,2023-10-18,49721.0
Blue,忠孝復興,2023-10-18,51457.0
Blue,南港展覽館,2023-10-18,51446.5
Blue,台北車站,2023-10-19,123532.0
Blue,頂埔,2023-10-19,19518.0
Blue,永寧,2023-10-19,27688.0
Blue,土城,2023-10-19,17091.0
Blue,海山,2023-10-19,46615.0
Blue,亞東醫院,2023-10-19,51300.0
Blue,府中,2023-10-19,56417.0
Blue,板橋,2023-10-19,81126.0
Blue,新埔,2023-10-19,80163.0
Blue,江子翠,2023-10-19,56049.0
Blue,龍山寺,2023-10-19,54846.0
Blue,西門,2023-10-19,70416.5
Blue,善導寺,2023-10-19,52464.0
Blue,忠孝新生,2023-10-19,39975.5
Blue,忠孝敦化,2023-10-19,65232.0
Blue,國父紀念館,2023-10-19,41814.0
Blue,市政府,2023-10-19,131003.0
Blue,永春,2023-10-19,42319.0
Blue,後山埤,2023-10-19,32402.0
Blue,昆陽,2023-10-19,29720.0
Blue,南港,2023-10-19,49825.0
Blue,忠孝復興,2023-10-19,51849.5
Blue,南港展覽館,2023-10-19,51092.5
Blue,台北車站,2023-10-20,152460.0
Blue,頂埔,2023-10-20,20284.0
Blue,永寧,2023-10-20,29593.0
Blue,土城,2023-10-20,18071.0
Blue,海山,2023-10-20,48239.0
Blue,亞東醫院,2023-10-20,52101.0
Blue,府中,2023-10-20,60386.0
Blue,板橋,2023-10-20,92927.0
Blue,新埔,2023-10-20,83838.0
Blue,江子翠,2023-10-20,58622.0
Blue,龍山寺,2023-10-20,57486.0
Blue,西門,2023-10-20,82828.0
Blue,善導寺,2023-10-20,54673.0
Blue,忠孝新生,2023-10-20,45121.0
Blue,忠孝敦化,2023-10-20,74492.0
Blue,國父紀念館,2023-10-20,49294.0
Blue,市政府,2023-10-20,145130.0
Blue,永春,2023-10-20,45297.0
Blue,後山埤,2023-10-20,34943.0
Blue,昆陽,2023-10-20,30169.0
Blue,南港,2023-10-20,54633.0
Blue,忠孝復興,2023-10-20,59715.5
Blue,南港展覽館,2023-10-20,46092.5
Blue,台北車站,2023-10-21,147798.5
Blue,頂埔,2023-10-21,12902.0
Blue,永寧,2023-10-21,21114.0
Blue,土城,2023-10-21,14657.0
Blue,海山,2023-10-21,35212.0
Blue,亞東醫院,2023-10-21,33533.0
Blue,府中,2023-10-21,57491.0
Blue,板橋,2023-10-21,82696.0
Blue,新埔,2023-10-21,63007.0
Blue,江子翠,2023-10-21,45570.0
Blue,龍山寺,2023-10-21,58664.0
Blue,西門,2023-10-21,95752.5
Blue,善導寺,2023-10-21,34362.0
Blue,忠孝新生,2023-10-21,40696.5
Blue,忠孝敦化,2023-10-21,63885.0
Blue,國父紀念館,2023-10-21,39642.0
Blue,市政府,2023-10-21,126690.0
Blue,永春,2023-10-21,31160.0
Blue,後山埤,2023-10-21,29082.0
Blue,昆陽,2023-10-21,20456.0
Blue,南港,2023-10-21,39968.0
Blue,忠孝復興,2023-10-21,57790.0
Blue,南港展覽館,2023-10-21,25437.0
Blue,台北車站,2023-10-22,131804.0
Blue,頂埔,2023-10-22,12107.0
Blue,永寧,2023-10-22,19409.0
Blue,土城,2023-10-22,11920.0
Blue,海山,2023-10-22,30404.0
Blue,亞東醫院,2023-10-22,25754.0
Blue,府中,2023-10-22,46174.0
Blue,板橋,2023-10-22,72185.0
Blue,新埔,2023-10-22,50922.0
Blue,江子翠,2023-10-22,38047.0
Blue,龍山寺,2023-10-22,49653.0
Blue,西門,2023-10-22,81040.0
Blue,善導寺,2023-10-22,25650.0
Blue,忠孝新生,2023-10-22,34149.0
Blue,忠孝敦化,2023-10-22,44091.0
Blue,國父紀念館,2023-10-22,31187.0
Blue,市政府,2023-10-22,101338.0
Blue,永春,2023-10-22,26142.0
Blue,後山埤,2023-10-22,24769.0
Blue,昆陽,2023-10-22,13946.0
Blue,南港,2023-10-22,31825.0
Blue,忠孝復興,2023-10-22,44867.0
Blue,南港展覽館,2023-10-22,18558.0
Blue,台北車站,2023-10-23,123242.5
Blue,頂埔,2023-10-23,19320.0
Blue,永寧,2023-10-23,26828.0
Blue,土城,2023-10-23,17198.0
Blue,海山,2023-10-23,45524.0
Blue,亞東醫院,2023-10-23,50653.0
Blue,府中,2023-10-23,53781.0
Blue,板橋,2023-10-23,78240.0
Blue,新埔,2023-10-23,76461.0
Blue,江子翠,2023-10-23,53734.0
Blue,龍山寺,2023-10-23,54947.0
Blue,西門,2023-10-23,68546.0
Blue,善導寺,2023-10-23,48393.0
Blue,忠孝新生,2023-10-23,37581.0
Blue,忠孝敦化,2023-10-23,59778.0
Blue,國父紀念館,2023-10-23,37983.0
Blue,市政府,2023-10-23,118535.0
Blue,永春,2023-10-23,39450.0
Blue,後山埤,2023-10-23,31763.0
Blue,昆陽,2023-10-23,27951.0
Blue,南港,2023-10-23,43670.0
Blue,忠孝復興,2023-10-23,48131.5
Blue,南港展覽館,2023-10-23,35900.0
Blue,台北車站,2023-10-24,118896.0
Blue,頂埔,2023-10-24,19288.0
Blue,永寧,2023-10-24,27192.0
Blue,土城,2023-10-24,16806.0
Blue,海山,2023-10-24,46259.0
Blue,亞東醫院,2023-10-24,52158.0
Blue,府中,2023-10-24,55235.0
Blue,板橋,2023-10-24,77033.0
Blue,新埔,2023-10-24,79187.0
Blue,江子翠,2023-10-24,54699.0
Blue,龍山寺,2023-10-24,53998.0
Blue,西門,2023-10-24,70052.0
Blue,善導寺,2023-10-24,50669.0
Blue,忠孝新生,2023-10-24,38005.0
Blue,忠孝敦化,2023-10-24,63616.0
Blue,國父紀念館,2023-10-24,40615.0
Blue,市政府,2023-10-24,119580.0
Blue,永春,2023-10-24,41571.0
Blue,後山埤,2023-10-24,32293.0
Blue,昆陽,2023-10-24,28649.0
Blue,南港,2023-10-24,43586.0
Blue,忠孝復興,2023-10-24,49938.0
Blue,南港展覽館,2023-10-24,36955.5
Blue,台北車站,2023-10-25,121683.0
Blue,頂埔,2023-10-25,19633.0
Blue,永寧,2023-10-25,27054.0
Blue,土城,2023-10-25,17270.0
Blue,海山,2023-10-25,46775.0
Blue,亞東醫院,2023-10-25,52018.0
Blue,府中,2023-10-25,55829.0
Blue,板橋,2023-10-25,78879.0
Blue,新埔,2023-10-25,79724.0
Blue,江子翠,2023-10-25,55825.0
Blue,龍山寺,2023-10-25,55166.0
Blue,西門,2023-10-25,72356.0
Blue,善導寺,2023-10-25,53067.0
Blue,忠孝新生,2023-10-25,38991.0
Blue,忠孝敦化,2023-10-25,65111.0
Blue,國父紀念館,2023-10-25,42023.0
Blue,市政府,2023-10-25,122523.0
Blue,永春,2023-10-25,42134.0
Blue,後山埤,2023-10-25,33286.0
Blue,昆陽,2023-10-25,28742.0
Blue,南港,2023-10-25,48037.0
Blue,忠孝復興,2023-10-25,51836.0
Blue,南港展覽館,2023-10-25,44849.5
Blue,台北車站,2023-10-26,124305.0
Blue,頂埔,2023-10-26,19572.0
Blue,永寧,2023-10-26,27179.0
Blue,土城,2023-10-26,16881.0
Blue,海山,2023-10-26,46729.0
Blue,亞東醫院,2023-10-26,51965.0
Blue,府中,2023-10-26,55392.0
Blue,板橋,2023-10-26,79320.0
Blue,新埔,2023-10-26,79383.0
Blue,江子翠,2023-10-26,55579.0
Blue,龍山寺,2023-10-26,55131.0
Blue,西門,2023-10-26,73479.5
Blue,善導寺,2023-10-26,52312.0
Blue,忠孝新生,2023-10-26,39841.0
Blue,忠孝敦化,2023-10-26,65752.0
Blue,國父紀念館,2023-10-26,42760.0
Blue,市政府,2023-10-26,125365.0
Blue,永春,2023-10-26,42122.0
Blue,後山埤,2023-10-26,32881.0
Blue,昆陽,2023-10-26,29494.0
Blue,南港,2023-10-26,48914.0
Blue,忠孝復興,2023-10-26,52489.0
Blue,南港展覽館,2023-10-26,45656.5
Blue,台北車站,2023-10-27,151650.5
Blue,頂埔,2023-10-27,20319.0
Blue,永寧,2023-10-27,29150.0
Blue,土城,2023-10-27,17948.0
Blue,海山,2023-10-27,48260.0
Blue,亞東醫院,2023-10-27,51990.0
Blue,府中,2023-10-27,60620.0
Blue,板橋,2023-10-27,90185.0
Blue,新埔,2023-10-27,82965.0
Blue,江子翠,2023-10-27,57774.0
Blue,龍山寺,2023-10-27,58921.0
Blue,西門,2023-10-27,91593.5
Blue,善導寺,2023-10-27,54530.0
Blue,忠孝新生,2023-10-27,45514.5
Blue,忠孝敦化,2023-10-27,74828.0
Blue,國父紀念館,2023-10-27,49612.0
Blue,市政府,2023-10-27,142440.0
Blue,永春,2023-10-27,44837.0
Blue,後山埤,2023-10-27,35034.0
Blue,昆陽,2023-10-27,30309.0
Blue,南港,2023-10-27,54192.0
Blue,忠孝復興,2023-10-27,61497.0
Blue,南港展覽館,2023-10-27,44374.5
Blue,台北車站,2023-10-28,150733.0
Blue,頂埔,2023-10-28,13120.0
Blue,永寧,2023-10-28,20935.0
Blue,土城,2023-10-28,13450.0
Blue,海山,2023-10-28,36455.0
Blue,亞東醫院,2023-10-28,33697.0
Blue,府中,2023-10-28,64993.0
Blue,板橋,2023-10-28,83646.0
Blue,新埔,2023-10-28,62565.0
Blue,江子翠,2023-10-28,46341.0
Blue,龍山寺,2023-10-28,57787.0
Blue,西門,2023-10-28,116659.5
Blue,善導寺,2023-10-28,35547.0
Blue,忠孝新生,2023-10-28,42969.0
Blue,忠孝敦化,2023-10-28,71430.0
Blue,國父紀念館,2023-10-28,51984.0
Blue,市政府,2023-10-28,176314.0
Blue,永春,2023-10-28,32500.0
Blue,後山埤,2023-10-28,28440.0
Blue,昆陽,2023-10-28,19401.0
Blue,南港,2023-10-28,38591.0
Blue,忠孝復興,2023-10-28,61991.0
Blue,南港展覽館,2023-10-28,22644.0
Blue,台北車站,2023-10-29,130549.5
Blue,頂埔,2023-10-29,11597.0
Blue,永寧,2023-10-29,18257.0
Blue,土城,2023-10-29,10869.0
Blue,海山,2023-10-29,29335.0
Blue,亞東醫院,2023-10-29,25490.0
Blue,府中,2023-10-29,49927.0
Blue,板橋,2023-10-29,69799.0
Blue,新埔,2023-10-29,49334.0
Blue,江子翠,2023-10-29,35938.0
Blue,龍山寺,2023-10-29,49865.0
Blue,西門,2023-10-29,84089.5
Blue,善導寺,2023-10-29,25985.0
Blue,忠孝新生,2023-10-29,31297.0
Blue,忠孝敦化,2023-10-29,44003.0
Blue,國父紀念館,2023-10-29,37873.0
Blue,市政府,2023-10-29,98956.0
Blue,永春,2023-10-29,26117.0
Blue,後山埤,2023-10-29,23127.0
Blue,昆陽,2023-10-29,14092.0
Blue,南港,2023-10-29,31995.0
Blue,忠孝復興,2023-10-29,45427.0
Blue,南港展覽館,2023-10-29,18036.5
Blue,台北車站,2023-10-30,119681.5
Blue,頂埔,2023-10-30,19234.0
Blue,永寧,2023-10-30,26669.0
Blue,土城,2023-10-30,17022.0
Blue,海山,2023-10-30,45425.0
Blue,亞東醫院,2023-10-30,50409.0
Blue,府中,2023-10-30,53866.0
Blue,板橋,2023-10-30,76260.0
Blue,新埔,2023-10-30,76923.0
Blue,江子翠,2023-10-30,53873.0
Blue,龍山寺,2023-10-30,53647.0
Blue,西門,2023-10-30,70551.0
Blue,善導寺,2023-10-30,46859.0
Blue,忠孝新生,2023-10-30,37378.0
Blue,忠孝敦化,2023-10-30,59914.0
Blue,國父紀念館,2023-10-30,38236.0
Blue,市政府,2023-10-30,117715.0
Blue,永春,2023-10-30,39371.0
Blue,後山埤,2023-10-30,31295.0
Blue,昆陽,2023-10-30,28124.0
Blue,南港,2023-10-30,42281.0
Blue,忠孝復興,2023-10-30,49154.5
Blue,南港展覽館,2023-10-30,40040.0
Blue,台北車站,2023-10-31,116751.5
Blue,頂埔,2023-10-31,19479.0
Blue,永寧,2023-10-31,26960.0
Blue,土城,2023-10-31,16955.0
Blue,海山,2023-10-31,46158.0
Blue,亞東醫院,2023-10-31,51876.0
Blue,府中,2023-10-31,56186.0
Blue,板橋,2023-10-31,76827.0
Blue,新埔,2023-10-31,79223.0
Blue,江子翠,2023-10-31,54855.0
Blue,龍山寺,2023-10-31,54557.0
Blue,西門,2023-10-31,70947.0
Blue,善導寺,2023-10-31,49855.0
Blue,忠孝新生,2023-10-31,38397.5
Blue,忠孝敦化,2023-10-31,63070.0
Blue,國父紀念館,2023-10-31,40985.0
Blue,市政府,2023-10-31,121939.0
Blue,永春,2023-10-31,42344.0
Blue,後山埤,2023-10-31,32221.0
Blue,昆陽,2023-10-31,28751.0
Blue,南港,2023-10-31,43281.0
Blue,忠孝復興,2023-10-31,51623.0
Blue,南港展覽館,2023-10-31,36206.0
Blue,台北車站,2023-11-01,115661.0
Blue,頂埔,2023-11-01,19552.0
Blue,永寧,2023-11-01,26755.0
Blue,土城,2023-11-01,17220.0
Blue,海山,2023-11-01,45953.0
Blue,亞東醫院,2023-11-01,52238.0
Blue,府中,2023-11-01,55468.0
Blue,板橋,2023-11-01,76392.0
Blue,新埔,2023-11-01,79479.0
Blue,江子翠,2023-11-01,55374.0
Blue,龍山寺,2023-11-01,54948.0
Blue,西門,2023-11-01,68981.5
Blue,善導寺,2023-11-01,51500.0
Blue,忠孝新生,2023-11-01,38471.0
Blue,忠孝敦化,2023-11-01,63296.0
Blue,國父紀念館,2023-11-01,40456.0
Blue,市政府,2023-11-01,121402.0
Blue,永春,2023-11-01,41650.0
Blue,後山埤,2023-11-01,33048.0
Blue,昆陽,2023-11-01,28679.0
Blue,南港,2023-11-01,43971.0
Blue,忠孝復興,2023-11-01,50684.5
Blue,南港展覽館,2023-11-01,38945.5
Blue,台北車站,2023-11-02,119450.5
Blue,頂埔,2023-11-02,19640.0
Blue,永寧,2023-11-02,27579.0
Blue,土城,2023-11-02,17246.0
Blue,海山,2023-11-02,46206.0
Blue,亞東醫院,2023-11-02,51535.0
Blue,府中,2023-11-02,55711.0
Blue,板橋,2023-11-02,77725.0
Blue,新埔,2023-11-02,79015.0
Blue,江子翠,2023-11-02,55243.0
Blue,龍山寺,2023-11-02,58931.0
Blue,西門,2023-11-02,68933.0
Blue,善導寺,2023-11-02,50647.0
Blue,忠孝新生,2023-11-02,39638.0
Blue,忠孝敦化,2023-11-02,64039.0
Blue,國父紀念館,2023-11-02,41251.0
Blue,市政府,2023-11-02,120510.0
Blue,永春,2023-11-02,41379.0
Blue,後山埤,2023-11-02,32198.0
Blue,昆陽,2023-11-02,29189.0
Blue,南港,2023-11-02,45069.0
Blue,忠孝復興,2023-11-02,51689.0
Blue,南港展覽館,2023-11-02,39779.5
Blue,台北車站,2023-11-03,148278.5
Blue,頂埔,2023-11-03,20455.0
Blue,永寧,2023-11-03,29748.0
Blue,土城,2023-11-03,18234.0
Blue,海山,2023-11-03,48591.0
Blue,亞東醫院,2023-11-03,52924.0
Blue,府中,2023-11-03,60723.0
Blue,板橋,2023-11-03,89294.0
Blue,新埔,2023-11-03,82911.0
Blue,江子翠,2023-11-03,58975.0
Blue,龍山寺,2023-11-03,59605.0
Blue,西門,2023-11-03,84030.5
Blue,善導寺,2023-11-03,52136.0
Blue,忠孝新生,2023-11-03,45039.0
Blue,忠孝敦化,2023-11-03,73543.0
Blue,國父紀念館,2023-11-03,46603.0
Blue,市政府,2023-11-03,140332.0
Blue,永春,2023-11-03,44420.0
Blue,後山埤,2023-11-03,35413.0
Blue,昆陽,2023-11-03,29632.0
Blue,南港,2023-11-03,54438.0
Blue,忠孝復興,2023-11-03,59850.5
Blue,南港展覽館,2023-11-03,56292.0
Blue,台北車站,2023-11-04,146709.5
Blue,頂埔,2023-11-04,14108.0
Blue,永寧,2023-11-04,22989.0
Blue,土城,2023-11-04,14421.0
Blue,海山,2023-11-04,36402.0
Blue,亞東醫院,2023-11-04,33405.0
Blue,府中,2023-11-04,55766.0
Blue,板橋,2023-11-04,82931.0
Blue,新埔,2023-11-04,62229.0
Blue,江子翠,2023-11-04,48352.0
Blue,龍山寺,2023-11-04,59811.0
Blue,西門,2023-11-04,95271.5
Blue,善導寺,2023-11-04,32526.0
Blue,忠孝新生,2023-11-04,44378.0
Blue,忠孝敦化,2023-11-04,63228.0
Blue,國父紀念館,2023-11-04,41377.0
Blue,市政府,2023-11-04,129737.0
Blue,永春,2023-11-04,31674.0
Blue,後山埤,2023-11-04,29003.0
Blue,昆陽,2023-11-04,20566.0
Blue,南港,2023-11-04,46755.0
Blue,忠孝復興,2023-11-04,60089.5
Blue,南港展覽館,2023-11-04,51123.0
Blue,台北車站,2023-11-05,132285.5
Blue,頂埔,2023-11-05,12090.0
Blue,永寧,2023-11-05,18801.0
Blue,土城,2023-11-05,11150.0
Blue,海山,2023-11-05,30338.0
Blue,亞東醫院,2023-11-05,26373.0
Blue,府中,2023-11-05,43880.0
Blue,板橋,2023-11-05,73201.0
Blue,新埔,2023-11-05,50511.0
Blue,江子翠,2023-11-05,36421.0
Blue,龍山寺,2023-11-05,51049.0
Blue,西門,2023-11-05,77661.5
Blue,善導寺,2023-11-05,27959.0
Blue,忠孝新生,2023-11-05,35054.5
Blue,忠孝敦化,2023-11-05,43827.0
Blue,國父紀念館,2023-11-05,29772.0
Blue,市政府,2023-11-05,102045.0
Blue,永春,2023-11-05,26564.0
Blue,後山埤,2023-11-05,23865.0
Blue,昆陽,2023-11-05,15052.0
Blue,南港,2023-11-05,40906.0
Blue,忠孝復興,2023-11-05,45145.0
Blue,南港展覽館,2023-11-05,41660.5
Blue,台北車站,2023-11-06,121449.0
Blue,頂埔,2023-11-06,19144.0
Blue,永寧,2023-11-06,26425.0
Blue,土城,2023-11-06,16982.0
Blue,海山,2023-11-06,45173.0
Blue,亞東醫院,2023-11-06,50075.0
Blue,府中,2023-11-06,53515.0
Blue,板橋,2023-11-06,76686.0
Blue,新埔,2023-11-06,76632.0
Blue,江子翠,2023-11-06,53432.0
Blue,龍山寺,2023-11-06,52808.0
Blue,西門,2023-11-06,68317.0
Blue,善導寺,2023-11-06,47722.0
Blue,忠孝新生,2023-11-06,37424.5
Blue,忠孝敦化,2023-11-06,60958.0
Blue,國父紀念館,2023-11-06,39211.0
Blue,市政府,2023-11-06,118891.0
Blue,永春,2023-11-06,39212.0
Blue,後山埤,2023-11-06,31836.0
Blue,昆陽,2023-11-06,28618.0
Blue,南港,2023-11-06,44721.0
Blue,忠孝復興,2023-11-06,48774.5
Blue,南港展覽館,2023-11-06,49400.5
Blue,台北車站,2023-11-07,116012.5
Blue,頂埔,2023-11-07,19590.0
Blue,永寧,2023-11-07,27179.0
Blue,土城,2023-11-07,17050.0
Blue,海山,2023-11-07,46362.0
Blue,亞東醫院,2023-11-07,52505.0
Blue,府中,2023-11-07,55396.0
Blue,板橋,2023-11-07,77581.0
Blue,新埔,2023-11-07,79039.0
Blue,江子翠,2023-11-07,55336.0
Blue,龍山寺,2023-11-07,53260.0
Blue,西門,2023-11-07,69273.5
Blue,善導寺,2023-11-07,50202.0
Blue,忠孝新生,2023-11-07,37781.0
Blue,忠孝敦化,2023-11-07,63483.0
Blue,國父紀念館,2023-11-07,40842.0
Blue,市政府,2023-11-07,118852.0
Blue,永春,2023-11-07,40515.0
Blue,後山埤,2023-11-07,32568.0
Blue,昆陽,2023-11-07,28590.0
Blue,南港,2023-11-07,42118.0
Blue,忠孝復興,2023-11-07,50356.5
Blue,南港展覽館,2023-11-07,34758.0
Blue,台北車站,2023-11-08,119085.0
Blue,頂埔,2023-11-08,19723.0
Blue,永寧,2023-11-08,27125.0
Blue,土城,2023-11-08,17362.0
Blue,海山,2023-11-08,46631.0
Blue,亞東醫院,2023-11-08,52275.0
Blue,府中,2023-11-08,56161.0
Blue,板橋,2023-11-08,79058.0
Blue,新埔,2023-11-08,79545.0
Blue,江子翠,2023-11-08,56389.0
Blue,龍山寺,2023-11-08,54148.0
Blue,西門,2023-11-08,70176.5
Blue,善導寺,2023-11-08,52390.0
Blue,忠孝新生,2023-11-08,38971.5
Blue,忠孝敦化,2023-11-08,65705.0
Blue,國父紀念館,2023-11-08,41605.0
Blue,市政府,2023-11-08,120532.0
Blue,永春,2023-11-08,40790.0
Blue,後山埤,2023-11-08,32865.0
Blue,昆陽,2023-11-08,28495.0
Blue,南港,2023-11-08,43529.0
Blue,忠孝復興,2023-11-08,52962.0
Blue,南港展覽館,2023-11-08,35403.0
Blue,台北車站,2023-11-09,124820.0
Blue,頂埔,2023-11-09,19699.0
Blue,永寧,2023-11-09,27758.0
Blue,土城,2023-11-09,17369.0
Blue,海山,2023-11-09,46860.0
Blue,亞東醫院,2023-11-09,51962.0
Blue,府中,2023-11-09,56501.0
Blue,板橋,2023-11-09,80313.0
Blue,新埔,2023-11-09,80029.0
Blue,江子翠,2023-11-09,55969.0
Blue,龍山寺,2023-11-09,55509.0
Blue,西門,2023-11-09,71845.5
Blue,善導寺,2023-11-09,51930.0
Blue,忠孝新生,2023-11-09,40133.0
Blue,忠孝敦化,2023-11-09,66704.0
Blue,國父紀念館,2023-11-09,42095.0
Blue,市政府,2023-11-09,125358.0
Blue,永春,2023-11-09,41164.0
Blue,後山埤,2023-11-09,32875.0
Blue,昆陽,2023-11-09,29776.0
Blue,南港,2023-11-09,44888.0
Blue,忠孝復興,2023-11-09,73294.0
Blue,南港展覽館,2023-11-09,35583.0
Blue,台北車站,2023-11-10,156946.0
Blue,頂埔,2023-11-10,20781.0
Blue,永寧,2023-11-10,29626.0
Blue,土城,2023-11-10,18338.0
Blue,海山,2023-11-10,48713.0
Blue,亞東醫院,2023-11-10,52179.0
Blue,府中,2023-11-10,61845.0
Blue,板橋,2023-11-10,92070.0
Blue,新埔,2023-11-10,83475.0
Blue,江子翠,2023-11-10,58470.0
Blue,龍山寺,2023-11-10,58470.0
Blue,西門,2023-11-10,86323.0
Blue,善導寺,2023-11-10,53615.0
Blue,忠孝新生,2023-11-10,46245.5
Blue,忠孝敦化,2023-11-10,76243.0
Blue,國父紀念館,2023-11-10,47152.0
Blue,市政府,2023-11-10,144216.0
Blue,永春,2023-11-10,45287.0
Blue,後山埤,2023-11-10,35639.0
Blue,昆陽,2023-11-10,30777.0
Blue,南港,2023-11-10,54763.0
Blue,忠孝復興,2023-11-10,75681.0
Blue,南港展覽館,2023-11-10,44079.0
Blue,台北車站,2023-11-11,161368.0
Blue,頂埔,2023-11-11,14343.0
Blue,永寧,2023-11-11,22961.0
Blue,土城,2023-11-11,13828.0
Blue,海山,2023-11-11,38083.0
Blue,亞東醫院,2023-11-11,35863.0
Blue,府中,2023-11-11,58263.0
Blue,板橋,2023-11-11,85925.0
Blue,新埔,2023-11-11,65058.0
Blue,江子翠,2023-11-11,46493.0
Blue,龍山寺,2023-11-11,60444.0
Blue,西門,2023-11-11,104267.5
Blue,善導寺,2023-11-11,33916.0
Blue,忠孝新生,2023-11-11,48344.0
Blue,忠孝敦化,2023-11-11,69040.0
Blue,國父紀念館,2023-11-11,42438.0
Blue,市政府,2023-11-11,143154.0
Blue,永春,2023-11-11,35449.0
Blue,後山埤,2023-11-11,30974.0
Blue,昆陽,2023-11-11,25625.0
Blue,南港,2023-11-11,50318.0
Blue,忠孝復興,2023-11-11,82300.0
Blue,南港展覽館,2023-11-11,48512.0
Blue,台北車站,2023-11-12,146509.5
Blue,頂埔,2023-11-12,12252.0
Blue,永寧,2023-11-12,19097.0
Blue,土城,2023-11-12,10975.0
Blue,海山,2023-11-12,29884.0
Blue,亞東醫院,2023-11-12,25415.0
Blue,府中,2023-11-12,45902.0
Blue,板橋,2023-11-12,76312.0
Blue,新埔,2023-11-12,52851.0
Blue,江子翠,2023-11-12,37850.0
Blue,龍山寺,2023-11-12,50336.0
Blue,西門,2023-11-12,84235.0
Blue,善導寺,2023-11-12,26811.0
Blue,忠孝新生,2023-11-12,36627.0
Blue,忠孝敦化,2023-11-12,47307.0
Blue,國父紀念館,2023-11-12,29891.0
Blue,市政府,2023-11-12,105281.0
Blue,永春,2023-11-12,27807.0
Blue,後山埤,2023-11-12,23868.0
Blue,昆陽,2023-11-12,17026.0
Blue,南港,2023-11-12,42271.0
Blue,忠孝復興,2023-11-12,61590.5
Blue,南港展覽館,2023-11-12,37890.5
Blue,台北車站,2023-11-13,126664.0
Blue,頂埔,2023-11-13,19221.0
Blue,永寧,2023-11-13,26260.0
Blue,土城,2023-11-13,16668.0
Blue,海山,2023-11-13,45465.0
Blue,亞東醫院,2023-11-13,49652.0
Blue,府中,2023-11-13,54634.0
Blue,板橋,2023-11-13,79744.0
Blue,新埔,2023-11-13,76140.0
Blue,江子翠,2023-11-13,53969.0
Blue,龍山寺,2023-11-13,53975.0
Blue,西門,2023-11-13,73359.5
Blue,善導寺,2023-11-13,48734.0
Blue,忠孝新生,2023-11-13,39282.5
Blue,忠孝敦化,2023-11-13,63587.0
Blue,國父紀念館,2023-11-13,39178.0
Blue,市政府,2023-11-13,116915.0
Blue,永春,2023-11-13,39428.0
Blue,後山埤,2023-11-13,32514.0
Blue,昆陽,2023-11-13,27447.0
Blue,南港,2023-11-13,43086.0
Blue,忠孝復興,2023-11-13,62457.0
Blue,南港展覽館,2023-11-13,33257.5
Blue,台北車站,2023-11-14,122321.5
Blue,頂埔,2023-11-14,19552.0
Blue,永寧,2023-11-14,27288.0
Blue,土城,2023-11-14,17229.0
Blue,海山,2023-11-14,46259.0
Blue,亞東醫院,2023-11-14,52058.0
Blue,府中,2023-11-14,56415.0
Blue,板橋,2023-11-14,79480.0
Blue,新埔,2023-11-14,79670.0
Blue,江子翠,2023-11-14,55323.0
Blue,龍山寺,2023-11-14,54261.0
Blue,西門,2023-11-14,71875.0
Blue,善導寺,2023-11-14,51772.0
Blue,忠孝新生,2023-11-14,39106.5
Blue,忠孝敦化,2023-11-14,66835.0
Blue,國父紀念館,2023-11-14,44062.0
Blue,市政府,2023-11-14,121690.0
Blue,永春,2023-11-14,42785.0
Blue,後山埤,2023-11-14,33260.0
Blue,昆陽,2023-11-14,31612.0
Blue,南港,2023-11-14,44389.0
Blue,忠孝復興,2023-11-14,61556.5
Blue,南港展覽館,2023-11-14,35010.0
Blue,台北車站,2023-11-15,125000.0
Blue,頂埔,2023-11-15,19807.0
Blue,永寧,2023-11-15,27929.0
Blue,土城,2023-11-15,17393.0
Blue,海山,2023-11-15,47216.0
Blue,亞東醫院,2023-11-15,52675.0
Blue,府中,2023-11-15,57243.0
Blue,板橋,2023-11-15,81452.0
Blue,新埔,2023-11-15,80499.0
Blue,江子翠,2023-11-15,56711.0
Blue,龍山寺,2023-11-15,56646.0
Blue,西門,2023-11-15,73876.0
Blue,善導寺,2023-11-15,53537.0
Blue,忠孝新生,2023-11-15,40865.5
Blue,忠孝敦化,2023-11-15,68689.0
Blue,國父紀念館,2023-11-15,46352.0
Blue,市政府,2023-11-15,124913.0
Blue,永春,2023-11-15,42714.0
Blue,後山埤,2023-11-15,34159.0
Blue,昆陽,2023-11-15,32114.0
Blue,南港,2023-11-15,44594.0
Blue,忠孝復興,2023-11-15,64325.5
Blue,南港展覽館,2023-11-15,36213.0
Blue,台北車站,2023-11-16,128673.0
Blue,頂埔,2023-11-16,19377.0
Blue,永寧,2023-11-16,27163.0
Blue,土城,2023-11-16,17149.0
Blue,海山,2023-11-16,46982.0
Blue,亞東醫院,2023-11-16,51841.0
Blue,府中,2023-11-16,56177.0
Blue,板橋,2023-11-16,82218.0
Blue,新埔,2023-11-16,79839.0
Blue,江子翠,2023-11-16,56116.0
Blue,龍山寺,2023-11-16,54647.0
Blue,西門,2023-11-16,72281.0
Blue,善導寺,2023-11-16,53751.0
Blue,忠孝新生,2023-11-16,40940.5
Blue,忠孝敦化,2023-11-16,69110.0
Blue,國父紀念館,2023-11-16,44798.0
Blue,市政府,2023-11-16,127532.0
Blue,永春,2023-11-16,43211.0
Blue,後山埤,2023-11-16,32977.0
Blue,昆陽,2023-11-16,32625.0
Blue,南港,2023-11-16,45737.0
Blue,忠孝復興,2023-11-16,63326.5
Blue,南港展覽館,2023-11-16,36636.5
Blue,台北車站,2023-11-17,159165.0
Blue,頂埔,2023-11-17,20764.0
Blue,永寧,2023-11-17,30378.0
Blue,土城,2023-11-17,18451.0
Blue,海山,2023-11-17,49629.0
Blue,亞東醫院,2023-11-17,52885.0
Blue,府中,2023-11-17,64165.0
Blue,板橋,2023-11-17,103970.0
Blue,新埔,2023-11-17,84302.0
Blue,江子翠,2023-11-17,59420.0
Blue,龍山寺,2023-11-17,60313.0
Blue,西門,2023-11-17,88754.5
Blue,善導寺,2023-11-17,53588.0
Blue,忠孝新生,2023-11-17,47553.5
Blue,忠孝敦化,2023-11-17,79087.0
Blue,國父紀念館,2023-11-17,50586.0
Blue,市政府,2023-11-17,149498.0
Blue,永春,2023-11-17,45817.0
Blue,後山埤,2023-11-17,35989.0
Blue,昆陽,2023-11-17,32029.0
Blue,南港,2023-11-17,60717.0
Blue,忠孝復興,2023-11-17,72182.5
Blue,南港展覽館,2023-11-17,67583.0
Blue,台北車站,2023-11-18,162533.5
Blue,頂埔,2023-11-18,14676.0
Blue,永寧,2023-11-18,24560.0
Blue,土城,2023-11-18,15802.0
Blue,海山,2023-11-18,40117.0
Blue,亞東醫院,2023-11-18,36962.0
Blue,府中,2023-11-18,61785.0
Blue,板橋,2023-11-18,117907.0
Blue,新埔,2023-11-18,67087.0
Blue,江子翠,2023-11-18,49883.0
Blue,龍山寺,2023-11-18,62876.0
Blue,西門,2023-11-18,104303.5
Blue,善導寺,2023-11-18,36571.0
Blue,忠孝新生,2023-11-18,46813.0
Blue,忠孝敦化,2023-11-18,68287.0
Blue,國父紀念館,2023-11-18,55286.0
Blue,市政府,2023-11-18,132027.0
Blue,永春,2023-11-18,35580.0
Blue,後山埤,2023-11-18,30985.0
Blue,昆陽,2023-11-18,19577.0
Blue,南港,2023-11-18,52435.0
Blue,忠孝復興,2023-11-18,74330.0
Blue,南港展覽館,2023-11-18,71962.0
Blue,台北車站,2023-11-19,146135.0
Blue,頂埔,2023-11-19,12381.0
Blue,永寧,2023-11-19,21026.0
Blue,土城,2023-11-19,12092.0
Blue,海山,2023-11-19,32061.0
Blue,亞東醫院,2023-11-19,27370.0
Blue,府中,2023-11-19,49648.0
Blue,板橋,2023-11-19,99019.0
Blue,新埔,2023-11-19,54781.0
Blue,江子翠,2023-11-19,40721.0
Blue,龍山寺,2023-11-19,52493.0
Blue,西門,2023-11-19,86839.5
Blue,善導寺,2023-11-19,26537.0
Blue,忠孝新生,2023-11-19,36905.0
Blue,忠孝敦化,2023-11-19,49546.0
Blue,國父紀念館,2023-11-19,35310.0
Blue,市政府,2023-11-19,108796.0
Blue,永春,2023-11-19,28371.0
Blue,後山埤,2023-11-19,25778.0
Blue,昆陽,2023-11-19,15308.0
Blue,南港,2023-11-19,46008.0
Blue,忠孝復興,2023-11-19,60511.5
Blue,南港展覽館,2023-11-19,59352.5
Blue,台北車站,2023-11-20,128882.5
Blue,頂埔,2023-11-20,19414.0
Blue,永寧,2023-11-20,27348.0
Blue,土城,2023-11-20,17042.0
Blue,海山,2023-11-20,46074.0
Blue,亞東醫院,2023-11-20,50814.0
Blue,府中,2023-11-20,55534.0
Blue,板橋,2023-11-20,85941.0
Blue,新埔,2023-11-20,76898.0
Blue,江子翠,2023-11-20,54805.0
Blue,龍山寺,2023-11-20,54695.0
Blue,西門,2023-11-20,72334.0
Blue,善導寺,2023-11-20,48333.0
Blue,忠孝新生,2023-11-20,39104.5
Blue,忠孝敦化,2023-11-20,63034.0
Blue,國父紀念館,2023-11-20,39894.0
Blue,市政府,2023-11-20,122263.0
Blue,永春,2023-11-20,40420.0
Blue,後山埤,2023-11-20,32628.0
Blue,昆陽,2023-11-20,28611.0
Blue,南港,2023-11-20,49277.0
Blue,忠孝復興,2023-11-20,65630.5
Blue,南港展覽館,2023-11-20,58322.0
Blue,台北車站,2023-11-21,120481.0
Blue,頂埔,2023-11-21,19655.0
Blue,永寧,2023-11-21,27342.0
Blue,土城,2023-11-21,17352.0
Blue,海山,2023-11-21,46819.0
Blue,亞東醫院,2023-11-21,52348.0
Blue,府中,2023-11-21,57506.0
Blue,板橋,2023-11-21,83219.0
Blue,新埔,2023-11-21,79431.0
Blue,江子翠,2023-11-21,55539.0
Blue,龍山寺,2023-11-21,55061.0
Blue,西門,2023-11-21,69539.0
Blue,善導寺,2023-11-21,51007.0
Blue,忠孝新生,2023-11-21,37876.5
Blue,忠孝敦化,2023-11-21,65148.0
Blue,國父紀念館,2023-11-21,41497.0
Blue,市政府,2023-11-21,121745.0
Blue,永春,2023-11-21,41809.0
Blue,後山埤,2023-11-21,32819.0
Blue,昆陽,2023-11-21,28600.0
Blue,南港,2023-11-21,42836.0
Blue,忠孝復興,2023-11-21,51053.5
Blue,南港展覽館,2023-11-21,34863.5
Blue,台北車站,2023-11-22,123101.0
Blue,頂埔,2023-11-22,19738.0
Blue,永寧,2023-11-22,27542.0
Blue,土城,2023-11-22,17419.0
Blue,海山,2023-11-22,46932.0
Blue,亞東醫院,2023-11-22,52248.0
Blue,府中,2023-11-22,57278.0
Blue,板橋,2023-11-22,84897.0
Blue,新埔,2023-11-22,79860.0
Blue,江子翠,2023-11-22,56070.0
Blue,龍山寺,2023-11-22,55898.0
Blue,西門,2023-11-22,71475.0
Blue,善導寺,2023-11-22,52233.0
Blue,忠孝新生,2023-11-22,39820.0
Blue,忠孝敦化,2023-11-22,65885.0
Blue,國父紀念館,2023-11-22,41640.0
Blue,市政府,2023-11-22,123465.0
Blue,永春,2023-11-22,42522.0
Blue,後山埤,2023-11-22,32653.0
Blue,昆陽,2023-11-22,29140.0
Blue,南港,2023-11-22,42932.0
Blue,忠孝復興,2023-11-22,51440.0
Blue,南港展覽館,2023-11-22,35506.0
Blue,台北車站,2023-11-23,127942.0
Blue,頂埔,2023-11-23,20009.0
Blue,永寧,2023-11-23,27499.0
Blue,土城,2023-11-23,17098.0
Blue,海山,2023-11-23,46981.0
Blue,亞東醫院,2023-11-23,51948.0
Blue,府中,2023-11-23,57769.0
Blue,板橋,2023-11-23,86415.0
Blue,新埔,2023-11-23,80192.0
Blue,江子翠,2023-11-23,56201.0
Blue,龍山寺,2023-11-23,55970.0
Blue,西門,2023-11-23,71850.0
Blue,善導寺,2023-11-23,52511.0
Blue,忠孝新生,2023-11-23,40731.0
Blue,忠孝敦化,2023-11-23,66957.0
Blue,國父紀念館,2023-11-23,43303.0
Blue,市政府,2023-11-23,126727.0
Blue,永春,2023-11-23,42209.0
Blue,後山埤,2023-11-23,32709.0
Blue,昆陽,2023-11-23,29887.0
Blue,南港,2023-11-23,43956.0
Blue,忠孝復興,2023-11-23,52202.5
Blue,南港展覽館,2023-11-23,35671.0
Blue,台北車站,2023-11-24,156890.5
Blue,頂埔,2023-11-24,20557.0
Blue,永寧,2023-11-24,29498.0
Blue,土城,2023-11-24,18435.0
Blue,海山,2023-11-24,48806.0
Blue,亞東醫院,2023-11-24,52466.0
Blue,府中,2023-11-24,62547.0
Blue,板橋,2023-11-24,101215.0
Blue,新埔,2023-11-24,83209.0
Blue,江子翠,2023-11-24,58480.0
Blue,龍山寺,2023-11-24,59493.0
Blue,西門,2023-11-24,85940.5
Blue,善導寺,2023-11-24,53593.0
Blue,忠孝新生,2023-11-24,45034.0
Blue,忠孝敦化,2023-11-24,77947.0
Blue,國父紀念館,2023-11-24,47893.0
Blue,市政府,2023-11-24,148746.0
Blue,永春,2023-11-24,45331.0
Blue,後山埤,2023-11-24,35211.0
Blue,昆陽,2023-11-24,30071.0
Blue,南港,2023-11-24,54371.0
Blue,忠孝復興,2023-11-24,60698.5
Blue,南港展覽館,2023-11-24,46932.0
Blue,台北車站,2023-11-25,154887.0
Blue,頂埔,2023-11-25,14129.0
Blue,永寧,2023-11-25,23340.0
Blue,土城,2023-11-25,14474.0
Blue,海山,2023-11-25,37431.0
Blue,亞東醫院,2023-11-25,34537.0
Blue,府中,2023-11-25,59726.0
Blue,板橋,2023-11-25,117107.0
Blue,新埔,2023-11-25,63239.0
Blue,江子翠,2023-11-25,46941.0
Blue,龍山寺,2023-11-25,62123.0
Blue,西門,2023-11-25,94817.0
Blue,善導寺,2023-11-25,32741.0
Blue,忠孝新生,2023-11-25,41211.5
Blue,忠孝敦化,2023-11-25,64971.0
Blue,國父紀念館,2023-11-25,42477.0
Blue,市政府,2023-11-25,134954.0
Blue,永春,2023-11-25,32148.0
Blue,後山埤,2023-11-25,28763.0
Blue,昆陽,2023-11-25,20663.0
Blue,南港,2023-11-25,44321.0
Blue,忠孝復興,2023-11-25,57862.0
Blue,南港展覽館,2023-11-25,40255.0
Blue,台北車站,2023-11-26,138160.5
Blue,頂埔,2023-11-26,12226.0
Blue,永寧,2023-11-26,18450.0
Blue,土城,2023-11-26,10751.0
Blue,海山,2023-11-26,29185.0
Blue,亞東醫院,2023-11-26,25731.0
Blue,府中,2023-11-26,45060.0
Blue,板橋,2023-11-26,89445.0
Blue,新埔,2023-11-26,50154.0
Blue,江子翠,2023-11-26,37027.0
Blue,龍山寺,2023-11-26,51227.0
Blue,西門,2023-11-26,77456.5
Blue,善導寺,2023-11-26,26372.0
Blue,忠孝新生,2023-11-26,32636.5
Blue,忠孝敦化,2023-11-26,45706.0
Blue,國父紀念館,2023-11-26,30535.0
Blue,市政府,2023-11-26,106590.0
Blue,永春,2023-11-26,26316.0
Blue,後山埤,2023-11-26,23447.0
Blue,昆陽,2023-11-26,13753.0
Blue,南港,2023-11-26,35038.0
Blue,忠孝復興,2023-11-26,43326.5
Blue,南港展覽館,2023-11-26,28449.0
Blue,台北車站,2023-11-27,121961.5
Blue,頂埔,2023-11-27,19217.0
Blue,永寧,2023-11-27,26713.0
Blue,土城,2023-11-27,17253.0
Blue,海山,2023-11-27,45747.0
Blue,亞東醫院,2023-11-27,50085.0
Blue,府中,2023-11-27,54249.0
Blue,板橋,2023-11-27,83746.0
Blue,新埔,2023-11-27,76497.0
Blue,江子翠,2023-11-27,54349.0
Blue,龍山寺,2023-11-27,56127.0
Blue,西門,2023-11-27,68844.5
Blue,善導寺,2023-11-27,47315.0
Blue,忠孝新生,2023-11-27,37738.0
Blue,忠孝敦化,2023-11-27,61493.0
Blue,國父紀念館,2023-11-27,38997.0
Blue,市政府,2023-11-27,119228.0
Blue,永春,2023-11-27,39533.0
Blue,後山埤,2023-11-27,32156.0
Blue,昆陽,2023-11-27,28164.0
Blue,南港,2023-11-27,43533.0
Blue,忠孝復興,2023-11-27,47541.5
Blue,南港展覽館,2023-11-27,39086.5
Blue,台北車站,2023-11-28,118483.5
Blue,頂埔,2023-11-28,19440.0
Blue,永寧,2023-11-28,27230.0
Blue,土城,2023-11-28,17298.0
Blue,海山,2023-11-28,46638.0
Blue,亞東醫院,2023-11-28,52496.0
Blue,府中,2023-11-28,56251.0
Blue,板橋,2023-11-28,83547.0
Blue,新埔,2023-11-28,79853.0
Blue,江子翠,2023-11-28,55955.0
Blue,龍山寺,2023-11-28,54767.0
Blue,西門,2023-11-28,70748.5
Blue,善導寺,2023-11-28,51328.0
Blue,忠孝新生,2023-11-28,38729.0
Blue,忠孝敦化,2023-11-28,64891.0
Blue,國父紀念館,2023-11-28,41745.0
Blue,市政府,2023-11-28,122465.0
Blue,永春,2023-11-28,42153.0
Blue,後山埤,2023-11-28,32845.0
Blue,昆陽,2023-11-28,28847.0
Blue,南港,2023-11-28,43100.0
Blue,忠孝復興,2023-11-28,50148.0
Blue,南港展覽館,2023-11-28,35298.5
Blue,台北車站,2023-11-29,119388.5
Blue,頂埔,2023-11-29,19794.0
Blue,永寧,2023-11-29,27821.0
Blue,土城,2023-11-29,17405.0
Blue,海山,2023-11-29,46694.0
Blue,亞東醫院,2023-11-29,51966.0
Blue,府中,2023-11-29,56191.0
Blue,板橋,2023-11-29,85387.0
Blue,新埔,2023-11-29,79832.0
Blue,江子翠,2023-11-29,56631.0
Blue,龍山寺,2023-11-29,55839.0
Blue,西門,2023-11-29,70682.0
Blue,善導寺,2023-11-29,51898.0
Blue,忠孝新生,2023-11-29,39412.5
Blue,忠孝敦化,2023-11-29,66835.0
Blue,國父紀念館,2023-11-29,43581.0
Blue,市政府,2023-11-29,125956.0
Blue,永春,2023-11-29,42076.0
Blue,後山埤,2023-11-29,33317.0
Blue,昆陽,2023-11-29,28793.0
Blue,南港,2023-11-29,44465.0
Blue,忠孝復興,2023-11-29,50187.0
Blue,南港展覽館,2023-11-29,37903.0
Blue,台北車站,2023-11-30,129257.5
Blue,頂埔,2023-11-30,19721.0
Blue,永寧,2023-11-30,27411.0
Blue,土城,2023-11-30,16946.0
Blue,海山,2023-11-30,46944.0
Blue,亞東醫院,2023-11-30,51873.0
Blue,府中,2023-11-30,56500.0
Blue,板橋,2023-11-30,85242.0
Blue,新埔,2023-11-30,80594.0
Blue,江子翠,2023-11-30,56833.0
Blue,龍山寺,2023-11-30,55159.0
Blue,西門,2023-11-30,71998.0
Blue,善導寺,2023-11-30,52892.0
Blue,忠孝新生,2023-11-30,41021.5
Blue,忠孝敦化,2023-11-30,69378.0
Blue,國父紀念館,2023-11-30,45697.0
Blue,市政府,2023-11-30,132932.0
Blue,永春,2023-11-30,44051.0
Blue,後山埤,2023-11-30,33783.0
Blue,昆陽,2023-11-30,30174.0
Blue,南港,2023-11-30,50590.0
Blue,忠孝復興,2023-11-30,52723.0
Blue,南港展覽館,2023-11-30,50845.0
Blue,台北車站,2023-12-01,154373.0
Blue,頂埔,2023-12-01,20450.0
Blue,永寧,2023-12-01,29956.0
Blue,土城,2023-12-01,18059.0
Blue,海山,2023-12-01,49173.0
Blue,亞東醫院,2023-12-01,52978.0
Blue,府中,2023-12-01,62038.0
Blue,板橋,2023-12-01,102556.0
Blue,新埔,2023-12-01,84158.0
Blue,江子翠,2023-12-01,60122.0
Blue,龍山寺,2023-12-01,59563.0
Blue,西門,2023-12-01,84680.0
Blue,善導寺,2023-12-01,55398.0
Blue,忠孝新生,2023-12-01,46772.0
Blue,忠孝敦化,2023-12-01,77616.0
Blue,國父紀念館,2023-12-01,49305.0
Blue,市政府,2023-12-01,150705.0
Blue,永春,2023-12-01,46242.0
Blue,後山埤,2023-12-01,36074.0
Blue,昆陽,2023-12-01,33282.0
Blue,南港,2023-12-01,59743.0
Blue,忠孝復興,2023-12-01,59561.0
Blue,南港展覽館,2023-12-01,55086.5
Blue,台北車站,2023-12-02,158099.0
Blue,頂埔,2023-12-02,14448.0
Blue,永寧,2023-12-02,25136.0
Blue,土城,2023-12-02,15079.0
Blue,海山,2023-12-02,38527.0
Blue,亞東醫院,2023-12-02,36287.0
Blue,府中,2023-12-02,63809.0
Blue,板橋,2023-12-02,131806.0
Blue,新埔,2023-12-02,65230.0
Blue,江子翠,2023-12-02,49141.0
Blue,龍山寺,2023-12-02,65042.0
Blue,西門,2023-12-02,100471.5
Blue,善導寺,2023-12-02,37643.0
Blue,忠孝新生,2023-12-02,45633.0
Blue,忠孝敦化,2023-12-02,67095.0
Blue,國父紀念館,2023-12-02,40172.0
Blue,市政府,2023-12-02,146519.0
Blue,永春,2023-12-02,33135.0
Blue,後山埤,2023-12-02,30559.0
Blue,昆陽,2023-12-02,23121.0
Blue,南港,2023-12-02,47393.0
Blue,忠孝復興,2023-12-02,57463.0
Blue,南港展覽館,2023-12-02,43331.5
Blue,台北車站,2023-12-03,148071.0
Blue,頂埔,2023-12-03,12117.0
Blue,永寧,2023-12-03,20265.0
Blue,土城,2023-12-03,11811.0
Blue,海山,2023-12-03,32508.0
Blue,亞東醫院,2023-12-03,27216.0
Blue,府中,2023-12-03,50717.0
Blue,板橋,2023-12-03,103301.0
Blue,新埔,2023-12-03,55875.0
Blue,江子翠,2023-12-03,40346.0
Blue,龍山寺,2023-12-03,56063.0
Blue,西門,2023-12-03,85809.0
Blue,善導寺,2023-12-03,41247.0
Blue,忠孝新生,2023-12-03,41883.5
Blue,忠孝敦化,2023-12-03,48778.0
Blue,國父紀念館,2023-12-03,52488.0
Blue,市政府,2023-12-03,119470.0
Blue,永春,2023-12-03,27877.0
Blue,後山埤,2023-12-03,25113.0
Blue,昆陽,2023-12-03,15490.0
Blue,南港,2023-12-03,41173.0
Blue,忠孝復興,2023-12-03,46044.0
Blue,南港展覽館,2023-12-03,32956.5
Blue,台北車站,2023-12-04,127632.5
Blue,頂埔,2023-12-04,18756.0
Blue,永寧,2023-12-04,25537.0
Blue,土城,2023-12-04,16327.0
Blue,海山,2023-12-04,44812.0
Blue,亞東醫院,2023-12-04,49744.0
Blue,府中,2023-12-04,53569.0
Blue,板橋,2023-12-04,82225.0
Blue,新埔,2023-12-04,76938.0
Blue,江子翠,2023-12-04,53877.0
Blue,龍山寺,2023-12-04,54605.0
Blue,西門,2023-12-04,68682.5
Blue,善導寺,2023-12-04,50346.0
Blue,忠孝新生,2023-12-04,37756.5
Blue,忠孝敦化,2023-12-04,62985.0
Blue,國父紀念館,2023-12-04,47847.0
Blue,市政府,2023-12-04,121287.0
Blue,永春,2023-12-04,40914.0
Blue,後山埤,2023-12-04,32527.0
Blue,昆陽,2023-12-04,28145.0
Blue,南港,2023-12-04,44049.0
Blue,忠孝復興,2023-12-04,48424.0
Blue,南港展覽館,2023-12-04,33189.0
Blue,台北車站,2023-12-05,122300.5
Blue,頂埔,2023-12-05,19513.0
Blue,永寧,2023-12-05,26710.0
Blue,土城,2023-12-05,17002.0
Blue,海山,2023-12-05,46756.0
Blue,亞東醫院,2023-12-05,52141.0
Blue,府中,2023-12-05,57446.0
Blue,板橋,2023-12-05,83482.0
Blue,新埔,2023-12-05,80160.0
Blue,江子翠,2023-12-05,56014.0
Blue,龍山寺,2023-12-05,54611.0
Blue,西門,2023-12-05,72029.0
Blue,善導寺,2023-12-05,51700.0
Blue,忠孝新生,2023-12-05,38737.5
Blue,忠孝敦化,2023-12-05,66852.0
Blue,國父紀念館,2023-12-05,48124.0
Blue,市政府,2023-12-05,123795.0
Blue,永春,2023-12-05,43093.0
Blue,後山埤,2023-12-05,33516.0
Blue,昆陽,2023-12-05,28592.0
Blue,南港,2023-12-05,43898.0
Blue,忠孝復興,2023-12-05,49607.0
Blue,南港展覽館,2023-12-05,35519.0
Blue,台北車站,2023-12-06,126099.5
Blue,頂埔,2023-12-06,19385.0
Blue,永寧,2023-12-06,26786.0
Blue,土城,2023-12-06,17406.0
Blue,海山,2023-12-06,46604.0
Blue,亞東醫院,2023-12-06,52616.0
Blue,府中,2023-12-06,56946.0
Blue,板橋,2023-12-06,84876.0
Blue,新埔,2023-12-06,80460.0
Blue,江子翠,2023-12-06,56722.0
Blue,龍山寺,2023-12-06,54265.0
Blue,西門,2023-12-06,72246.0
Blue,善導寺,2023-12-06,53447.0
Blue,忠孝新生,2023-12-06,40248.5
Blue,忠孝敦化,2023-12-06,68262.0
Blue,國父紀念館,2023-12-06,52878.0
Blue,市政府,2023-12-06,129182.0
Blue,永春,2023-12-06,42702.0
Blue,後山埤,2023-12-06,33748.0
Blue,昆陽,2023-12-06,28730.0
Blue,南港,2023-12-06,46038.0
Blue,忠孝復興,2023-12-06,51903.0
Blue,南港展覽館,2023-12-06,37102.0
Blue,台北車站,2023-12-07,128293.5
Blue,頂埔,2023-12-07,20217.0
Blue,永寧,2023-12-07,28790.0
Blue,土城,2023-12-07,17553.0
Blue,海山,2023-12-07,47648.0
Blue,亞東醫院,2023-12-07,53295.0
Blue,府中,2023-12-07,59358.0
Blue,板橋,2023-12-07,90510.0
Blue,新埔,2023-12-07,82248.0
Blue,江子翠,2023-12-07,57828.0
Blue,龍山寺,2023-12-07,57973.0
Blue,西門,2023-12-07,75122.0
Blue,善導寺,2023-12-07,52295.0
Blue,忠孝新生,2023-12-07,41809.0
Blue,忠孝敦化,2023-12-07,69980.0
Blue,國父紀念館,2023-12-07,45072.0
Blue,市政府,2023-12-07,131365.0
Blue,永春,2023-12-07,43583.0
Blue,後山埤,2023-12-07,34153.0
Blue,昆陽,2023-12-07,30498.0
Blue,南港,2023-12-07,49732.0
Blue,忠孝復興,2023-12-07,54116.5
Blue,南港展覽館,2023-12-07,46108.5
Blue,台北車站,2023-12-08,164188.5
Blue,頂埔,2023-12-08,21624.0
Blue,永寧,2023-12-08,32049.0
Blue,土城,2023-12-08,19267.0
Blue,海山,2023-12-08,50282.0
Blue,亞東醫院,2023-12-08,54238.0
Blue,府中,2023-12-08,65943.0
Blue,板橋,2023-12-08,109990.0
Blue,新埔,2023-12-08,86629.0
Blue,江子翠,2023-12-08,60841.0
Blue,龍山寺,2023-12-08,61745.0
Blue,西門,2023-12-08,89665.0
Blue,善導寺,2023-12-08,55126.0
Blue,忠孝新生,2023-12-08,46610.5
Blue,忠孝敦化,2023-12-08,78860.0
Blue,國父紀念館,2023-12-08,66694.0
Blue,市政府,2023-12-08,163787.0
Blue,永春,2023-12-08,46783.0
Blue,後山埤,2023-12-08,36714.0
Blue,昆陽,2023-12-08,31457.0
Blue,南港,2023-12-08,59218.0
Blue,忠孝復興,2023-12-08,61138.5
Blue,南港展覽館,2023-12-08,52153.0
Blue,台北車站,2023-12-09,179596.5
Blue,頂埔,2023-12-09,15568.0
Blue,永寧,2023-12-09,28329.0
Blue,土城,2023-12-09,16547.0
Blue,海山,2023-12-09,42056.0
Blue,亞東醫院,2023-12-09,38978.0
Blue,府中,2023-12-09,72098.0
Blue,板橋,2023-12-09,159279.0
Blue,新埔,2023-12-09,70281.0
Blue,江子翠,2023-12-09,52291.0
Blue,龍山寺,2023-12-09,62947.0
Blue,西門,2023-12-09,114242.5
Blue,善導寺,2023-12-09,36692.0
Blue,忠孝新生,2023-12-09,46856.5
Blue,忠孝敦化,2023-12-09,70699.0
Blue,國父紀念館,2023-12-09,66258.0
Blue,市政府,2023-12-09,173498.0
Blue,永春,2023-12-09,35460.0
Blue,後山埤,2023-12-09,32026.0
Blue,昆陽,2023-12-09,22258.0
Blue,南港,2023-12-09,56006.0
Blue,忠孝復興,2023-12-09,61086.5
Blue,南港展覽館,2023-12-09,49598.5
Blue,台北車站,2023-12-10,162005.5
Blue,頂埔,2023-12-10,13656.0
Blue,永寧,2023-12-10,22704.0
Blue,土城,2023-12-10,13230.0
Blue,海山,2023-12-10,33675.0
Blue,亞東醫院,2023-12-10,29758.0
Blue,府中,2023-12-10,55537.0
Blue,板橋,2023-12-10,120285.0
Blue,新埔,2023-12-10,56871.0
Blue,江子翠,2023-12-10,42138.0
Blue,龍山寺,2023-12-10,53994.0
Blue,西門,2023-12-10,93511.0
Blue,善導寺,2023-12-10,29421.0
Blue,忠孝新生,2023-12-10,39365.0
Blue,忠孝敦化,2023-12-10,49231.0
Blue,國父紀念館,2023-12-10,56637.0
Blue,市政府,2023-12-10,134387.0
Blue,永春,2023-12-10,28219.0
Blue,後山埤,2023-12-10,26115.0
Blue,昆陽,2023-12-10,17088.0
Blue,南港,2023-12-10,47877.0
Blue,忠孝復興,2023-12-10,48341.0
Blue,南港展覽館,2023-12-10,32998.0
Blue,台北車站,2023-12-11,130685.0
Blue,頂埔,2023-12-11,19431.0
Blue,永寧,2023-12-11,27446.0
Blue,土城,2023-12-11,17443.0
Blue,海山,2023-12-11,46064.0
Blue,亞東醫院,2023-12-11,50646.0
Blue,府中,2023-12-11,56909.0
Blue,板橋,2023-12-11,90453.0
Blue,新埔,2023-12-11,77831.0
Blue,江子翠,2023-12-11,54790.0
Blue,龍山寺,2023-12-11,55551.0
Blue,西門,2023-12-11,74579.5
Blue,善導寺,2023-12-11,47993.0
Blue,忠孝新生,2023-12-11,38735.5
Blue,忠孝敦化,2023-12-11,64132.0
Blue,國父紀念館,2023-12-11,40930.0
Blue,市政府,2023-12-11,130746.0
Blue,永春,2023-12-11,39976.0
Blue,後山埤,2023-12-11,32427.0
Blue,昆陽,2023-12-11,28162.0
Blue,南港,2023-12-11,43568.0
Blue,忠孝復興,2023-12-11,48865.5
Blue,南港展覽館,2023-12-11,34627.5
Blue,台北車站,2023-12-12,125207.5
Blue,頂埔,2023-12-12,20063.0
Blue,永寧,2023-12-12,27648.0
Blue,土城,2023-12-12,17486.0
Blue,海山,2023-12-12,46548.0
Blue,亞東醫院,2023-12-12,52140.0
Blue,府中,2023-12-12,58180.0
Blue,板橋,2023-12-12,86767.0
Blue,新埔,2023-12-12,80952.0
Blue,江子翠,2023-12-12,55960.0
Blue,龍山寺,2023-12-12,54580.0
Blue,西門,2023-12-12,75791.5
Blue,善導寺,2023-12-12,51834.0
Blue,忠孝新生,2023-12-12,39425.0
Blue,忠孝敦化,2023-12-12,67676.0
Blue,國父紀念館,2023-12-12,43402.0
Blue,市政府,2023-12-12,131864.0
Blue,永春,2023-12-12,43391.0
Blue,後山埤,2023-12-12,33529.0
Blue,昆陽,2023-12-12,29342.0
Blue,南港,2023-12-12,44876.0
Blue,忠孝復興,2023-12-12,51773.0
Blue,南港展覽館,2023-12-12,35159.5
Blue,台北車站,2023-12-13,125824.5
Blue,頂埔,2023-12-13,19887.0
Blue,永寧,2023-12-13,27823.0
Blue,土城,2023-12-13,17724.0
Blue,海山,2023-12-13,47273.0
Blue,亞東醫院,2023-12-13,52373.0
Blue,府中,2023-12-13,60335.0
Blue,板橋,2023-12-13,88548.0
Blue,新埔,2023-12-13,81091.0
Blue,江子翠,2023-12-13,57546.0
Blue,龍山寺,2023-12-13,57761.0
Blue,西門,2023-12-13,74610.5
Blue,善導寺,2023-12-13,53717.0
Blue,忠孝新生,2023-12-13,40779.5
Blue,忠孝敦化,2023-12-13,67695.0
Blue,國父紀念館,2023-12-13,44172.0
Blue,市政府,2023-12-13,132871.0
Blue,永春,2023-12-13,42868.0
Blue,後山埤,2023-12-13,33903.0
Blue,昆陽,2023-12-13,29615.0
Blue,南港,2023-12-13,45562.0
Blue,忠孝復興,2023-12-13,51842.0
Blue,南港展覽館,2023-12-13,35764.5
Blue,台北車站,2023-12-14,129763.0
Blue,頂埔,2023-12-14,20145.0
Blue,永寧,2023-12-14,28091.0
Blue,土城,2023-12-14,17683.0
Blue,海山,2023-12-14,48029.0
Blue,亞東醫院,2023-12-14,52895.0
Blue,府中,2023-12-14,59960.0
Blue,板橋,2023-12-14,91333.0
Blue,新埔,2023-12-14,80773.0
Blue,江子翠,2023-12-14,57525.0
Blue,龍山寺,2023-12-14,57324.0
Blue,西門,2023-12-14,75767.5
Blue,善導寺,2023-12-14,53206.0
Blue,忠孝新生,2023-12-14,41655.0
Blue,忠孝敦化,2023-12-14,69709.0
Blue,國父紀念館,2023-12-14,44595.0
Blue,市政府,2023-12-14,135140.0
Blue,永春,2023-12-14,43421.0
Blue,後山埤,2023-12-14,33889.0
Blue,昆陽,2023-12-14,30178.0
Blue,南港,2023-12-14,47284.0
Blue,忠孝復興,2023-12-14,53712.0
Blue,南港展覽館,2023-12-14,41711.5
Blue,台北車站,2023-12-15,160305.5
Blue,頂埔,2023-12-15,21572.0
Blue,永寧,2023-12-15,31287.0
Blue,土城,2023-12-15,18825.0
Blue,海山,2023-12-15,50685.0
Blue,亞東醫院,2023-12-15,54262.0
Blue,府中,2023-12-15,66301.0
Blue,板橋,2023-12-15,113362.0
Blue,新埔,2023-12-15,86314.0
Blue,江子翠,2023-12-15,60411.0
Blue,龍山寺,2023-12-15,62225.0
Blue,西門,2023-12-15,90274.0
Blue,善導寺,2023-12-15,55311.0
Blue,忠孝新生,2023-12-15,48239.5
Blue,忠孝敦化,2023-12-15,78585.0
Blue,國父紀念館,2023-12-15,52250.0
Blue,市政府,2023-12-15,159755.0
Blue,永春,2023-12-15,46589.0
Blue,後山埤,2023-12-15,36075.0
Blue,昆陽,2023-12-15,30925.0
Blue,南港,2023-12-15,55338.0
Blue,忠孝復興,2023-12-15,62027.0
Blue,南港展覽館,2023-12-15,41496.5
Blue,台北車站,2023-12-16,172209.0
Blue,頂埔,2023-12-16,14892.0
Blue,永寧,2023-12-16,24691.0
Blue,土城,2023-12-16,15859.0
Blue,海山,2023-12-16,39385.0
Blue,亞東醫院,2023-12-16,37332.0
Blue,府中,2023-12-16,70323.0
Blue,板橋,2023-12-16,145512.0
Blue,新埔,2023-12-16,70189.0
Blue,江子翠,2023-12-16,51382.0
Blue,龍山寺,2023-12-16,63640.0
Blue,西門,2023-12-16,113957.0
Blue,善導寺,2023-12-16,42497.0
Blue,忠孝新生,2023-12-16,47169.5
Blue,忠孝敦化,2023-12-16,72259.0
Blue,國父紀念館,2023-12-16,48431.0
Blue,市政府,2023-12-16,164651.0
Blue,永春,2023-12-16,35139.0
Blue,後山埤,2023-12-16,31149.0
Blue,昆陽,2023-12-16,22223.0
Blue,南港,2023-12-16,48853.0
Blue,忠孝復興,2023-12-16,65978.0
Blue,南港展覽館,2023-12-16,29926.5
Blue,台北車站,2023-12-17,156015.0
Blue,頂埔,2023-12-17,11843.0
Blue,永寧,2023-12-17,20050.0
Blue,土城,2023-12-17,11593.0
Blue,海山,2023-12-17,30927.0
Blue,亞東醫院,2023-12-17,27258.0
Blue,府中,2023-12-17,52785.0
Blue,板橋,2023-12-17,107970.0
Blue,新埔,2023-12-17,54529.0
Blue,江子翠,2023-12-17,40161.0
Blue,龍山寺,2023-12-17,51981.0
Blue,西門,2023-12-17,93291.5
Blue,善導寺,2023-12-17,31572.0
Blue,忠孝新生,2023-12-17,38827.0
Blue,忠孝敦化,2023-12-17,54295.0
Blue,國父紀念館,2023-12-17,38664.0
Blue,市政府,2023-12-17,135349.0
Blue,永春,2023-12-17,28313.0
Blue,後山埤,2023-12-17,25177.0
Blue,昆陽,2023-12-17,17866.0
Blue,南港,2023-12-17,41688.0
Blue,忠孝復興,2023-12-17,51002.5
Blue,南港展覽館,2023-12-17,19136.0
Blue,台北車站,2023-12-18,130220.0
Blue,頂埔,2023-12-18,19779.0
Blue,永寧,2023-12-18,27666.0
Blue,土城,2023-12-18,17106.0
Blue,海山,2023-12-18,46189.0
Blue,亞東醫院,2023-12-18,50969.0
Blue,府中,2023-12-18,57306.0
Blue,板橋,2023-12-18,90521.0
Blue,新埔,2023-12-18,78569.0
Blue,江子翠,2023-12-18,54635.0
Blue,龍山寺,2023-12-18,54988.0
Blue,西門,2023-12-18,74713.0
Blue,善導寺,2023-12-18,48896.0
Blue,忠孝新生,2023-12-18,39608.0
Blue,忠孝敦化,2023-12-18,64721.0
Blue,國父紀念館,2023-12-18,40752.0
Blue,市政府,2023-12-18,129740.0
Blue,永春,2023-12-18,40742.0
Blue,後山埤,2023-12-18,32473.0
Blue,昆陽,2023-12-18,28629.0
Blue,南港,2023-12-18,43475.0
Blue,忠孝復興,2023-12-18,51562.0
Blue,南港展覽館,2023-12-18,34814.0
Blue,台北車站,2023-12-19,125764.0
Blue,頂埔,2023-12-19,19947.0
Blue,永寧,2023-12-19,27047.0
Blue,土城,2023-12-19,17228.0
Blue,海山,2023-12-19,46643.0
Blue,亞東醫院,2023-12-19,52409.0
Blue,府中,2023-12-19,58304.0
Blue,板橋,2023-12-19,87118.0
Blue,新埔,2023-12-19,80412.0
Blue,江子翠,2023-12-19,56623.0
Blue,龍山寺,2023-12-19,54359.0
Blue,西門,2023-12-19,74211.0
Blue,善導寺,2023-12-19,52212.0
Blue,忠孝新生,2023-12-19,40445.5
Blue,忠孝敦化,2023-12-19,69561.0
Blue,國父紀念館,2023-12-19,41921.0
Blue,市政府,2023-12-19,131700.0
Blue,永春,2023-12-19,42700.0
Blue,後山埤,2023-12-19,33081.0
Blue,昆陽,2023-12-19,29210.0
Blue,南港,2023-12-19,44820.0
Blue,忠孝復興,2023-12-19,53602.0
Blue,南港展覽館,2023-12-19,36033.5
Blue,台北車站,2023-12-20,127298.0
Blue,頂埔,2023-12-20,20048.0
Blue,永寧,2023-12-20,27464.0
Blue,土城,2023-12-20,17568.0
Blue,海山,2023-12-20,47687.0
Blue,亞東醫院,2023-12-20,52895.0
Blue,府中,2023-12-20,59210.0
Blue,板橋,2023-12-20,88735.0
Blue,新埔,2023-12-20,81456.0
Blue,江子翠,2023-12-20,57925.0
Blue,龍山寺,2023-12-20,55353.0
Blue,西門,2023-12-20,77038.5
Blue,善導寺,2023-12-20,53145.0
Blue,忠孝新生,2023-12-20,41721.5
Blue,忠孝敦化,2023-12-20,71630.0
Blue,國父紀念館,2023-12-20,44612.0
Blue,市政府,2023-12-20,138740.0
Blue,永春,2023-12-20,44487.0
Blue,後山埤,2023-12-20,34332.0
Blue,昆陽,2023-12-20,30028.0
Blue,南港,2023-12-20,46776.0
Blue,忠孝復興,2023-12-20,55022.0
Blue,南港展覽館,2023-12-20,35599.5
Blue,台北車站,2023-12-21,132241.5
Blue,頂埔,2023-12-21,19759.0
Blue,永寧,2023-12-21,27024.0
Blue,土城,2023-12-21,17204.0
Blue,海山,2023-12-21,47669.0
Blue,亞東醫院,2023-12-21,52433.0
Blue,府中,2023-12-21,58539.0
Blue,板橋,2023-12-21,90471.0
Blue,新埔,2023-12-21,81093.0
Blue,江子翠,2023-12-21,57885.0
Blue,龍山寺,2023-12-21,54597.0
Blue,西門,2023-12-21,78278.5
Blue,善導寺,2023-12-21,54655.0
Blue,忠孝新生,2023-12-21,42419.5
Blue,忠孝敦化,2023-12-21,75275.0
Blue,國父紀念館,2023-12-21,45971.0
Blue,市政府,2023-12-21,144428.0
Blue,永春,2023-12-21,44505.0
Blue,後山埤,2023-12-21,34407.0
Blue,昆陽,2023-12-21,30116.0
Blue,南港,2023-12-21,47872.0
Blue,忠孝復興,2023-12-21,57802.0
Blue,南港展覽館,2023-12-21,35227.5
Blue,台北車站,2023-12-22,157518.5
Blue,頂埔,2023-12-22,21001.0
Blue,永寧,2023-12-22,29715.0
Blue,土城,2023-12-22,18317.0
Blue,海山,2023-12-22,49655.0
Blue,亞東醫院,2023-12-22,53334.0
Blue,府中,2023-12-22,65932.0
Blue,板橋,2023-12-22,107434.0
Blue,新埔,2023-12-22,84557.0
Blue,江子翠,2023-12-22,60264.0
Blue,龍山寺,2023-12-22,58814.0
Blue,西門,2023-12-22,91599.0
Blue,善導寺,2023-12-22,56591.0
Blue,忠孝新生,2023-12-22,46444.0
Blue,忠孝敦化,2023-12-22,83080.0
Blue,國父紀念館,2023-12-22,49577.0
Blue,市政府,2023-12-22,166433.0
Blue,永春,2023-12-22,47290.0
Blue,後山埤,2023-12-22,36156.0
Blue,昆陽,2023-12-22,33096.0
Blue,南港,2023-12-22,53720.0
Blue,忠孝復興,2023-12-22,63695.5
Blue,南港展覽館,2023-12-22,37331.5
Blue,台北車站,2023-12-23,170346.0
Blue,頂埔,2023-12-23,14214.0
Blue,永寧,2023-12-23,24634.0
Blue,土城,2023-12-23,15258.0
Blue,海山,2023-12-23,38345.0
Blue,亞東醫院,2023-12-23,36806.0
Blue,府中,2023-12-23,68377.0
Blue,板橋,2023-12-23,137681.0
Blue,新埔,2023-12-23,67428.0
Blue,江子翠,2023-12-23,50180.0
Blue,龍山寺,2023-12-23,60034.0
Blue,西門,2023-12-23,116222.5
Blue,善導寺,2023-12-23,37875.0
Blue,忠孝新生,2023-12-23,46564.5
Blue,忠孝敦化,2023-12-23,77318.0
Blue,國父紀念館,2023-12-23,47423.0
Blue,市政府,2023-12-23,190766.0
Blue,永春,2023-12-23,35514.0
Blue,後山埤,2023-12-23,31074.0
Blue,昆陽,2023-12-23,19156.0
Blue,南港,2023-12-23,44259.0
Blue,忠孝復興,2023-12-23,68105.5
Blue,南港展覽館,2023-12-23,25840.5
Blue,台北車站,2023-12-24,152200.0
Blue,頂埔,2023-12-24,12645.0
Blue,永寧,2023-12-24,19955.0
Blue,土城,2023-12-24,11557.0
Blue,海山,2023-12-24,31948.0
Blue,亞東醫院,2023-12-24,27883.0
Blue,府中,2023-12-24,54202.0
Blue,板橋,2023-12-24,118747.0
Blue,新埔,2023-12-24,55019.0
Blue,江子翠,2023-12-24,40954.0
Blue,龍山寺,2023-12-24,51885.0
Blue,西門,2023-12-24,99196.5
Blue,善導寺,2023-12-24,30148.0
Blue,忠孝新生,2023-12-24,38214.0
Blue,忠孝敦化,2023-12-24,58430.0
Blue,國父紀念館,2023-12-24,39578.0
Blue,市政府,2023-12-24,176242.0
Blue,永春,2023-12-24,30059.0
Blue,後山埤,2023-12-24,26699.0
Blue,昆陽,2023-12-24,18006.0
Blue,南港,2023-12-24,40290.0
Blue,忠孝復興,2023-12-24,54792.5
Blue,南港展覽館,2023-12-24,19970.0
Blue,台北車站,2023-12-25,139846.0
Blue,頂埔,2023-12-25,19755.0
Blue,永寧,2023-12-25,27182.0
Blue,土城,2023-12-25,17591.0
Blue,海山,2023-12-25,46733.0
Blue,亞東醫院,2023-12-25,51178.0
Blue,府中,2023-12-25,60611.0
Blue,板橋,2023-12-25,104820.0
Blue,新埔,2023-12-25,79770.0
Blue,江子翠,2023-12-25,56439.0
Blue,龍山寺,2023-12-25,58468.0
Blue,西門,2023-12-25,86448.5
Blue,善導寺,2023-12-25,52040.0
Blue,忠孝新生,2023-12-25,44089.5
Blue,忠孝敦化,2023-12-25,72064.0
Blue,國父紀念館,2023-12-25,45763.0
Blue,市政府,2023-12-25,146959.0
Blue,永春,2023-12-25,41801.0
Blue,後山埤,2023-12-25,33556.0
Blue,昆陽,2023-12-25,29703.0
Blue,南港,2023-12-25,46170.0
Blue,忠孝復興,2023-12-25,57348.5
Blue,南港展覽館,2023-12-25,34502.5
Blue,台北車站,2023-12-26,130734.5
Blue,頂埔,2023-12-26,19715.0
Blue,永寧,2023-12-26,28237.0
Blue,土城,2023-12-26,17885.0
Blue,海山,2023-12-26,47874.0
Blue,亞東醫院,2023-12-26,52320.0
Blue,府中,2023-12-26,59569.0
Blue,板橋,2023-12-26,89756.0
Blue,新埔,2023-12-26,81186.0
Blue,江子翠,2023-12-26,56426.0
Blue,龍山寺,2023-12-26,57841.0
Blue,西門,2023-12-26,80415.0
Blue,善導寺,2023-12-26,52974.0
Blue,忠孝新生,2023-12-26,41983.5
Blue,忠孝敦化,2023-12-26,70917.0
Blue,國父紀念館,2023-12-26,44638.0
Blue,市政府,2023-12-26,128038.0
Blue,永春,2023-12-26,43412.0
Blue,後山埤,2023-12-26,33942.0
Blue,昆陽,2023-12-26,29709.0
Blue,南港,2023-12-26,45476.0
Blue,忠孝復興,2023-12-26,54590.0
Blue,南港展覽館,2023-12-26,36081.5
Blue,台北車站,2023-12-27,131560.0
Blue,頂埔,2023-12-27,20016.0
Blue,永寧,2023-12-27,28475.0
Blue,土城,2023-12-27,18291.0
Blue,海山,2023-12-27,48060.0
Blue,亞東醫院,2023-12-27,52416.0
Blue,府中,2023-12-27,60236.0
Blue,板橋,2023-12-27,89336.0
Blue,新埔,2023-12-27,81672.0
Blue,江子翠,2023-12-27,57715.0
Blue,龍山寺,2023-12-27,59249.0
Blue,西門,2023-12-27,80626.5
Blue,善導寺,2023-12-27,54143.0
Blue,忠孝新生,2023-12-27,44295.5
Blue,忠孝敦化,2023-12-27,72236.0
Blue,國父紀念館,2023-12-27,45826.0
Blue,市政府,2023-12-27,128243.0
Blue,永春,2023-12-27,44198.0
Blue,後山埤,2023-12-27,34670.0
Blue,昆陽,2023-12-27,29858.0
Blue,南港,2023-12-27,47444.0
Blue,忠孝復興,2023-12-27,55819.5
Blue,南港展覽館,2023-12-27,37944.0
Blue,台北車站,2023-12-28,136497.0
Blue,頂埔,2023-12-28,19834.0
Blue,永寧,2023-12-28,27853.0
Blue,土城,2023-12-28,17241.0
Blue,海山,2023-12-28,47492.0
Blue,亞東醫院,2023-12-28,52294.0
Blue,府中,2023-12-28,59430.0
Blue,板橋,2023-12-28,89437.0
Blue,新埔,2023-12-28,81523.0
Blue,江子翠,2023-12-28,57231.0
Blue,龍山寺,2023-12-28,57848.0
Blue,西門,2023-12-28,81773.0
Blue,善導寺,2023-12-28,54788.0
Blue,忠孝新生,2023-12-28,45272.5
Blue,忠孝敦化,2023-12-28,73388.0
Blue,國父紀念館,2023-12-28,47109.0
Blue,市政府,2023-12-28,131314.0
Blue,永春,2023-12-28,44899.0
Blue,後山埤,2023-12-28,34237.0
Blue,昆陽,2023-12-28,29956.0
Blue,南港,2023-12-28,48755.0
Blue,忠孝復興,2023-12-28,57118.5
Blue,南港展覽館,2023-12-28,42076.5
Blue,台北車站,2023-12-29,159403.0
Blue,頂埔,2023-12-29,21223.0
Blue,永寧,2023-12-29,30991.0
Blue,土城,2023-12-29,18485.0
Blue,海山,2023-12-29,49345.0
Blue,亞東醫院,2023-12-29,52987.0
Blue,府中,2023-12-29,64814.0
Blue,板橋,2023-12-29,103692.0
Blue,新埔,2023-12-29,83896.0
Blue,江子翠,2023-12-29,59131.0
Blue,龍山寺,2023-12-29,63162.0
Blue,西門,2023-12-29,95911.0
Blue,善導寺,2023-12-29,48746.0
Blue,忠孝新生,2023-12-29,49169.5
Blue,忠孝敦化,2023-12-29,81270.0
Blue,國父紀念館,2023-12-29,51874.0
Blue,市政府,2023-12-29,146630.0
Blue,永春,2023-12-29,47286.0
Blue,後山埤,2023-12-29,36469.0
Blue,昆陽,2023-12-29,31090.0
Blue,南港,2023-12-29,58621.0
Blue,忠孝復興,2023-12-29,64625.0
Blue,南港展覽館,2023-12-29,44924.5
Blue,台北車站,2023-12-30,153553.0
Blue,頂埔,2023-12-30,13676.0
Blue,永寧,2023-12-30,22966.0
Blue,土城,2023-12-30,13855.0
Blue,海山,2023-12-30,36454.0
Blue,亞東醫院,2023-12-30,33683.0
Blue,府中,2023-12-30,59751.0
Blue,板橋,2023-12-30,107556.0
Blue,新埔,2023-12-30,61138.0
Blue,江子翠,2023-12-30,45160.0
Blue,龍山寺,2023-12-30,61267.0
Blue,西門,2023-12-30,110666.0
Blue,善導寺,2023-12-30,32322.0
Blue,忠孝新生,2023-12-30,43964.0
Blue,忠孝敦化,2023-12-30,65837.0
Blue,國父紀念館,2023-12-30,42202.0
Blue,市政府,2023-12-30,126436.0
Blue,永春,2023-12-30,32709.0
Blue,後山埤,2023-12-30,29549.0
Blue,昆陽,2023-12-30,20360.0
Blue,南港,2023-12-30,47747.0
Blue,忠孝復興,2023-12-30,60079.5
Blue,南港展覽館,2023-12-30,40395.5
Blue,台北車站,2023-12-31,170487.0
Blue,頂埔,2023-12-31,16720.0
Blue,永寧,2023-12-31,24152.0
Blue,土城,2023-12-31,14257.0
Blue,海山,2023-12-31,35987.0
Blue,亞東醫院,2023-12-31,31194.0
Blue,府中,2023-12-31,60052.0
Blue,板橋,2023-12-31,111550.0
Blue,新埔,2023-12-31,59792.0
Blue,江子翠,2023-12-31,44534.0
Blue,龍山寺,2023-12-31,65278.0
Blue,西門,2023-12-31,136725.0
Blue,善導寺,2023-12-31,30825.0
Blue,忠孝新生,2023-12-31,47903.0
Blue,忠孝敦化,2023-12-31,74759.0
Blue,國父紀念館,2023-12-31,97062.0
Blue,市政府,2023-12-31,225060.0
Blue,永春,2023-12-31,44887.0
Blue,後山埤,2023-12-31,32606.0
Blue,昆陽,2023-12-31,18703.0
Blue,南港,2023-12-31,51707.0
Blue,忠孝復興,2023-12-31,63178.0
Blue,南港展覽館,2023-12-31,36722.0
Blue,台北車站,2024-01-01,10985.0
Blue,頂埔,2024-01-01,2059.0
Blue,永寧,2024-01-01,1475.0
Blue,土城,2024-01-01,951.0
Blue,海山,2024-01-01,2643.0
Blue,亞東醫院,2024-01-01,2546.0
Blue,府中,2024-01-01,3787.0
Blue,板橋,2024-01-01,5530.0
Blue,新埔,2024-01-01,3519.0
Blue,江子翠,2024-01-01,2827.0
Blue,龍山寺,2024-01-01,3127.0
Blue,西門,2024-01-01,8746.0
Blue,善導寺,2024-01-01,1698.0
Blue,忠孝新生,2024-01-01,1899.0
Blue,忠孝敦化,2024-01-01,9284.0
Blue,國父紀念館,2024-01-01,10815.0
Blue,市政府,2024-01-01,24531.0
Blue,永春,2024-01-01,5682.0
Blue,後山埤,2024-01-01,1919.0
Blue,昆陽,2024-01-01,1089.0
Blue,南港,2024-01-01,1696.0
Blue,忠孝復興,2024-01-01,4946.5
Blue,南港展覽館,2024-01-01,2410.0
