line,station,date,people
Blue,台北車站,2022-01-01,110275.0
Blue,頂埔,2022-01-01,10619.0
Blue,永寧,2022-01-01,17775.0
Blue,土城,2022-01-01,10120.0
Blue,海山,2022-01-01,27765.0
Blue,亞東醫院,2022-01-01,23109.0
Blue,府中,2022-01-01,42162.0
Blue,板橋,2022-01-01,95845.0
Blue,新埔,2022-01-01,45563.0
Blue,江子翠,2022-01-01,31255.0
Blue,龍山寺,2022-01-01,46665.0
Blue,西門,2022-01-01,80794.5
Blue,善導寺,2022-01-01,20497.0
Blue,忠孝新生,2022-01-01,26284.0
Blue,忠孝敦化,2022-01-01,42829.0
Blue,國父紀念館,2022-01-01,24703.0
Blue,市政府,2022-01-01,96690.0
Blue,永春,2022-01-01,22532.0
Blue,後山埤,2022-01-01,20822.0
Blue,昆陽,2022-01-01,12684.0
Blue,南港,2022-01-01,26715.0
Blue,忠孝復興,2022-01-01,39980.0
Blue,南港展覽館,2022-01-01,16506.0
Blue,台北車站,2022-01-02,106704.5
Blue,頂埔,2022-01-02,10308.0
Blue,永寧,2022-01-02,15656.0
Blue,土城,2022-01-02,9037.0
Blue,海山,2022-01-02,25369.0
Blue,亞東醫院,2022-01-02,20965.0
Blue,府中,2022-01-02,35406.0
Blue,板橋,2022-01-02,80485.0
Blue,新埔,2022-01-02,41715.0
Blue,江子翠,2022-01-02,29133.0
Blue,龍山寺,2022-01-02,37662.0
Blue,西門,2022-01-02,58310.0
Blue,善導寺,2022-01-02,17537.0
Blue,忠孝新生,2022-01-02,21980.0
Blue,忠孝敦化,2022-01-02,35868.0
Blue,國父紀念館,2022-01-02,22352.0
Blue,市政府,2022-01-02,77491.0
Blue,永春,2022-01-02,20873.0
Blue,後山埤,2022-01-02,18764.0
Blue,昆陽,2022-01-02,11871.0
Blue,南港,2022-01-02,25800.0
Blue,忠孝復興,2022-01-02,34012.0
Blue,南港展覽館,2022-01-02,14569.0
Blue,台北車站,2022-01-03,95965.5
Blue,頂埔,2022-01-03,17822.0
Blue,永寧,2022-01-03,24074.0
Blue,土城,2022-01-03,14405.0
Blue,海山,2022-01-03,41988.0
Blue,亞東醫院,2022-01-03,46195.0
Blue,府中,2022-01-03,48126.0
Blue,板橋,2022-01-03,79017.0
Blue,新埔,2022-01-03,71477.0
Blue,江子翠,2022-01-03,47311.0
Blue,龍山寺,2022-01-03,45873.0
Blue,西門,2022-01-03,50921.0
Blue,善導寺,2022-01-03,38438.0
Blue,忠孝新生,2022-01-03,31028.5
Blue,忠孝敦化,2022-01-03,52645.0
Blue,國父紀念館,2022-01-03,32391.0
Blue,市政府,2022-01-03,98714.0
Blue,永春,2022-01-03,36167.0
Blue,後山埤,2022-01-03,27962.0
Blue,昆陽,2022-01-03,26149.0
Blue,南港,2022-01-03,34292.0
Blue,忠孝復興,2022-01-03,38430.5
Blue,南港展覽館,2022-01-03,30250.0
Blue,台北車站,2022-01-04,90677.5
Blue,頂埔,2022-01-04,17847.0
Blue,永寧,2022-01-04,23866.0
Blue,土城,2022-01-04,14686.0
Blue,海山,2022-01-04,43006.0
Blue,亞東醫院,2022-01-04,47864.0
Blue,府中,2022-01-04,50475.0
Blue,板橋,2022-01-04,77698.0
Blue,新埔,2022-01-04,73186.0
Blue,江子翠,2022-01-04,48825.0
Blue,龍山寺,2022-01-04,45442.0
Blue,西門,2022-01-04,52410.5
Blue,善導寺,2022-01-04,41429.0
Blue,忠孝新生,2022-01-04,31048.0
Blue,忠孝敦化,2022-01-04,56160.0
Blue,國父紀念館,2022-01-04,34777.0
Blue,市政府,2022-01-04,103208.0
Blue,永春,2022-01-04,38529.0
Blue,後山埤,2022-01-04,29042.0
Blue,昆陽,2022-01-04,26940.0
Blue,南港,2022-01-04,34572.0
Blue,忠孝復興,2022-01-04,41360.0
Blue,南港展覽館,2022-01-04,30911.5
Blue,台北車站,2022-01-05,92795.5
Blue,頂埔,2022-01-05,18071.0
Blue,永寧,2022-01-05,24218.0
Blue,土城,2022-01-05,15130.0
Blue,海山,2022-01-05,43250.0
Blue,亞東醫院,2022-01-05,47796.0
Blue,府中,2022-01-05,51444.0
Blue,板橋,2022-01-05,79472.0
Blue,新埔,2022-01-05,74723.0
Blue,江子翠,2022-01-05,49333.0
Blue,龍山寺,2022-01-05,46134.0
Blue,西門,2022-01-05,54999.5
Blue,善導寺,2022-01-05,42569.0
Blue,忠孝新生,2022-01-05,32572.5
Blue,忠孝敦化,2022-01-05,58464.0
Blue,國父紀念館,2022-01-05,35615.0
Blue,市政府,2022-01-05,105053.0
Blue,永春,2022-01-05,37187.0
Blue,後山埤,2022-01-05,29474.0
Blue,昆陽,2022-01-05,27150.0
Blue,南港,2022-01-05,35318.0
Blue,忠孝復興,2022-01-05,43066.5
Blue,南港展覽館,2022-01-05,31820.5
Blue,台北車站,2022-01-06,96610.5
Blue,頂埔,2022-01-06,18061.0
Blue,永寧,2022-01-06,24376.0
Blue,土城,2022-01-06,14834.0
Blue,海山,2022-01-06,43313.0
Blue,亞東醫院,2022-01-06,48237.0
Blue,府中,2022-01-06,51460.0
Blue,板橋,2022-01-06,81052.0
Blue,新埔,2022-01-06,74129.0
Blue,江子翠,2022-01-06,49651.0
Blue,龍山寺,2022-01-06,45472.0
Blue,西門,2022-01-06,55108.5
Blue,善導寺,2022-01-06,43512.0
Blue,忠孝新生,2022-01-06,33411.5
Blue,忠孝敦化,2022-01-06,60341.0
Blue,國父紀念館,2022-01-06,36776.0
Blue,市政府,2022-01-06,109565.0
Blue,永春,2022-01-06,38785.0
Blue,後山埤,2022-01-06,29675.0
Blue,昆陽,2022-01-06,27934.0
Blue,南港,2022-01-06,36049.0
Blue,忠孝復興,2022-01-06,44555.5
Blue,南港展覽館,2022-01-06,31586.0
Blue,台北車站,2022-01-07,116599.5
Blue,頂埔,2022-01-07,19148.0
Blue,永寧,2022-01-07,26053.0
Blue,土城,2022-01-07,16019.0
Blue,海山,2022-01-07,44899.0
Blue,亞東醫院,2022-01-07,49625.0
Blue,府中,2022-01-07,55870.0
Blue,板橋,2022-01-07,92095.0
Blue,新埔,2022-01-07,77921.0
Blue,江子翠,2022-01-07,52278.0
Blue,龍山寺,2022-01-07,48881.0
Blue,西門,2022-01-07,65823.5
Blue,善導寺,2022-01-07,44236.0
Blue,忠孝新生,2022-01-07,37650.5
Blue,忠孝敦化,2022-01-07,68839.0
Blue,國父紀念館,2022-01-07,40576.0
Blue,市政府,2022-01-07,122657.0
Blue,永春,2022-01-07,41049.0
Blue,後山埤,2022-01-07,31556.0
Blue,昆陽,2022-01-07,28298.0
Blue,南港,2022-01-07,40668.0
Blue,忠孝復興,2022-01-07,50386.0
Blue,南港展覽館,2022-01-07,33354.5
Blue,台北車站,2022-01-08,105077.5
Blue,頂埔,2022-01-08,11238.0
Blue,永寧,2022-01-08,18156.0
Blue,土城,2022-01-08,11683.0
Blue,海山,2022-01-08,31324.0
Blue,亞東醫院,2022-01-08,29688.0
Blue,府中,2022-01-08,47222.0
Blue,板橋,2022-01-08,73946.0
Blue,新埔,2022-01-08,54345.0
Blue,江子翠,2022-01-08,38745.0
Blue,龍山寺,2022-01-08,44132.0
Blue,西門,2022-01-08,68003.0
Blue,善導寺,2022-01-08,26262.0
Blue,忠孝新生,2022-01-08,33114.0
Blue,忠孝敦化,2022-01-08,55891.0
Blue,國父紀念館,2022-01-08,30451.0
Blue,市政府,2022-01-08,98295.0
Blue,永春,2022-01-08,27543.0
Blue,後山埤,2022-01-08,23832.0
Blue,昆陽,2022-01-08,19308.0
Blue,南港,2022-01-08,29246.0
Blue,忠孝復興,2022-01-08,46547.5
Blue,南港展覽館,2022-01-08,21488.5
Blue,台北車站,2022-01-09,92656.0
Blue,頂埔,2022-01-09,9210.0
Blue,永寧,2022-01-09,14726.0
Blue,土城,2022-01-09,9159.0
Blue,海山,2022-01-09,24770.0
Blue,亞東醫院,2022-01-09,21792.0
Blue,府中,2022-01-09,36792.0
Blue,板橋,2022-01-09,63063.0
Blue,新埔,2022-01-09,42826.0
Blue,江子翠,2022-01-09,29877.0
Blue,龍山寺,2022-01-09,36169.0
Blue,西門,2022-01-09,55009.0
Blue,善導寺,2022-01-09,19783.0
Blue,忠孝新生,2022-01-09,25408.5
Blue,忠孝敦化,2022-01-09,39182.0
Blue,國父紀念館,2022-01-09,23842.0
Blue,市政府,2022-01-09,75693.0
Blue,永春,2022-01-09,22351.0
Blue,後山埤,2022-01-09,19638.0
Blue,昆陽,2022-01-09,14616.0
Blue,南港,2022-01-09,25296.0
Blue,忠孝復興,2022-01-09,33965.5
Blue,南港展覽館,2022-01-09,17677.5
Blue,台北車站,2022-01-10,92903.0
Blue,頂埔,2022-01-10,18051.0
Blue,永寧,2022-01-10,24094.0
Blue,土城,2022-01-10,14750.0
Blue,海山,2022-01-10,42416.0
Blue,亞東醫院,2022-01-10,46664.0
Blue,府中,2022-01-10,49726.0
Blue,板橋,2022-01-10,77354.0
Blue,新埔,2022-01-10,72308.0
Blue,江子翠,2022-01-10,47954.0
Blue,龍山寺,2022-01-10,44410.0
Blue,西門,2022-01-10,52615.5
Blue,善導寺,2022-01-10,39732.0
Blue,忠孝新生,2022-01-10,31643.5
Blue,忠孝敦化,2022-01-10,55146.0
Blue,國父紀念館,2022-01-10,33255.0
Blue,市政府,2022-01-10,102328.0
Blue,永春,2022-01-10,36606.0
Blue,後山埤,2022-01-10,28614.0
Blue,昆陽,2022-01-10,26472.0
Blue,南港,2022-01-10,33974.0
Blue,忠孝復興,2022-01-10,39584.5
Blue,南港展覽館,2022-01-10,30936.5
Blue,台北車站,2022-01-11,92031.0
Blue,頂埔,2022-01-11,18218.0
Blue,永寧,2022-01-11,23556.0
Blue,土城,2022-01-11,14691.0
Blue,海山,2022-01-11,42968.0
Blue,亞東醫院,2022-01-11,48613.0
Blue,府中,2022-01-11,50561.0
Blue,板橋,2022-01-11,78375.0
Blue,新埔,2022-01-11,74071.0
Blue,江子翠,2022-01-11,49354.0
Blue,龍山寺,2022-01-11,44332.0
Blue,西門,2022-01-11,53176.5
Blue,善導寺,2022-01-11,42378.0
Blue,忠孝新生,2022-01-11,31797.5
Blue,忠孝敦化,2022-01-11,58778.0
Blue,國父紀念館,2022-01-11,34533.0
Blue,市政府,2022-01-11,104373.0
Blue,永春,2022-01-11,38258.0
Blue,後山埤,2022-01-11,29083.0
Blue,昆陽,2022-01-11,26513.0
Blue,南港,2022-01-11,34606.0
Blue,忠孝復興,2022-01-11,42394.0
Blue,南港展覽館,2022-01-11,31357.5
Blue,台北車站,2022-01-12,91129.0
Blue,頂埔,2022-01-12,17540.0
Blue,永寧,2022-01-12,23155.0
Blue,土城,2022-01-12,14861.0
Blue,海山,2022-01-12,42533.0
Blue,亞東醫院,2022-01-12,47854.0
Blue,府中,2022-01-12,50629.0
Blue,板橋,2022-01-12,78276.0
Blue,新埔,2022-01-12,73652.0
Blue,江子翠,2022-01-12,49338.0
Blue,龍山寺,2022-01-12,44255.0
Blue,西門,2022-01-12,54329.5
Blue,善導寺,2022-01-12,43181.0
Blue,忠孝新生,2022-01-12,33278.5
Blue,忠孝敦化,2022-01-12,59096.0
Blue,國父紀念館,2022-01-12,35808.0
Blue,市政府,2022-01-12,104040.0
Blue,永春,2022-01-12,37848.0
Blue,後山埤,2022-01-12,29048.0
Blue,昆陽,2022-01-12,26341.0
Blue,南港,2022-01-12,34704.0
Blue,忠孝復興,2022-01-12,42334.0
Blue,南港展覽館,2022-01-12,31838.0
Blue,台北車站,2022-01-13,92949.0
Blue,頂埔,2022-01-13,17611.0
Blue,永寧,2022-01-13,23156.0
Blue,土城,2022-01-13,14509.0
Blue,海山,2022-01-13,41895.0
Blue,亞東醫院,2022-01-13,47571.0
Blue,府中,2022-01-13,50444.0
Blue,板橋,2022-01-13,77888.0
Blue,新埔,2022-01-13,72896.0
Blue,江子翠,2022-01-13,48925.0
Blue,龍山寺,2022-01-13,43442.0
Blue,西門,2022-01-13,53485.5
Blue,善導寺,2022-01-13,42203.0
Blue,忠孝新生,2022-01-13,33462.5
Blue,忠孝敦化,2022-01-13,59228.0
Blue,國父紀念館,2022-01-13,35676.0
Blue,市政府,2022-01-13,105773.0
Blue,永春,2022-01-13,37825.0
Blue,後山埤,2022-01-13,28946.0
Blue,昆陽,2022-01-13,26752.0
Blue,南港,2022-01-13,34654.0
Blue,忠孝復興,2022-01-13,43145.5
Blue,南港展覽館,2022-01-13,30646.5
Blue,台北車站,2022-01-14,110887.0
Blue,頂埔,2022-01-14,18353.0
Blue,永寧,2022-01-14,24905.0
Blue,土城,2022-01-14,15231.0
Blue,海山,2022-01-14,43082.0
Blue,亞東醫院,2022-01-14,48003.0
Blue,府中,2022-01-14,54110.0
Blue,板橋,2022-01-14,86929.0
Blue,新埔,2022-01-14,75514.0
Blue,江子翠,2022-01-14,50417.0
Blue,龍山寺,2022-01-14,45671.0
Blue,西門,2022-01-14,62727.0
Blue,善導寺,2022-01-14,42779.0
Blue,忠孝新生,2022-01-14,36255.0
Blue,忠孝敦化,2022-01-14,66405.0
Blue,國父紀念館,2022-01-14,39117.0
Blue,市政府,2022-01-14,118276.0
Blue,永春,2022-01-14,39596.0
Blue,後山埤,2022-01-14,30877.0
Blue,昆陽,2022-01-14,27212.0
Blue,南港,2022-01-14,38931.0
Blue,忠孝復興,2022-01-14,48543.0
Blue,南港展覽館,2022-01-14,32331.5
Blue,台北車站,2022-01-15,92695.0
Blue,頂埔,2022-01-15,10397.0
Blue,永寧,2022-01-15,15536.0
Blue,土城,2022-01-15,10358.0
Blue,海山,2022-01-15,27760.0
Blue,亞東醫院,2022-01-15,27584.0
Blue,府中,2022-01-15,42176.0
Blue,板橋,2022-01-15,64009.0
Blue,新埔,2022-01-15,48723.0
Blue,江子翠,2022-01-15,34080.0
Blue,龍山寺,2022-01-15,38051.0
Blue,西門,2022-01-15,58016.0
Blue,善導寺,2022-01-15,23876.0
Blue,忠孝新生,2022-01-15,27906.0
Blue,忠孝敦化,2022-01-15,51173.0
Blue,國父紀念館,2022-01-15,27889.0
Blue,市政府,2022-01-15,84980.0
Blue,永春,2022-01-15,25720.0
Blue,後山埤,2022-01-15,23313.0
Blue,昆陽,2022-01-15,13866.0
Blue,南港,2022-01-15,23939.0
Blue,忠孝復興,2022-01-15,42766.5
Blue,南港展覽館,2022-01-15,17499.0
Blue,台北車站,2022-01-16,85479.5
Blue,頂埔,2022-01-16,9078.0
Blue,永寧,2022-01-16,13594.0
Blue,土城,2022-01-16,8269.0
Blue,海山,2022-01-16,23061.0
Blue,亞東醫院,2022-01-16,20211.0
Blue,府中,2022-01-16,34100.0
Blue,板橋,2022-01-16,57803.0
Blue,新埔,2022-01-16,40083.0
Blue,江子翠,2022-01-16,27825.0
Blue,龍山寺,2022-01-16,32984.0
Blue,西門,2022-01-16,48052.0
Blue,善導寺,2022-01-16,18132.0
Blue,忠孝新生,2022-01-16,22099.0
Blue,忠孝敦化,2022-01-16,37646.0
Blue,國父紀念館,2022-01-16,22407.0
Blue,市政府,2022-01-16,69487.0
Blue,永春,2022-01-16,21927.0
Blue,後山埤,2022-01-16,18426.0
Blue,昆陽,2022-01-16,11790.0
Blue,南港,2022-01-16,22112.0
Blue,忠孝復興,2022-01-16,32925.5
Blue,南港展覽館,2022-01-16,15267.0
Blue,台北車站,2022-01-17,89562.0
Blue,頂埔,2022-01-17,17030.0
Blue,永寧,2022-01-17,22460.0
Blue,土城,2022-01-17,14060.0
Blue,海山,2022-01-17,39858.0
Blue,亞東醫院,2022-01-17,44196.0
Blue,府中,2022-01-17,46954.0
Blue,板橋,2022-01-17,74697.0
Blue,新埔,2022-01-17,70197.0
Blue,江子翠,2022-01-17,46049.0
Blue,龍山寺,2022-01-17,42169.0
Blue,西門,2022-01-17,51052.0
Blue,善導寺,2022-01-17,34746.0
Blue,忠孝新生,2022-01-17,30596.5
Blue,忠孝敦化,2022-01-17,55303.0
Blue,國父紀念館,2022-01-17,33451.0
Blue,市政府,2022-01-17,100811.0
Blue,永春,2022-01-17,36322.0
Blue,後山埤,2022-01-17,28021.0
Blue,昆陽,2022-01-17,25958.0
Blue,南港,2022-01-17,33214.0
Blue,忠孝復興,2022-01-17,39657.5
Blue,南港展覽館,2022-01-17,29211.5
Blue,台北車站,2022-01-18,85035.0
Blue,頂埔,2022-01-18,17093.0
Blue,永寧,2022-01-18,21596.0
Blue,土城,2022-01-18,14180.0
Blue,海山,2022-01-18,40197.0
Blue,亞東醫院,2022-01-18,41993.0
Blue,府中,2022-01-18,46823.0
Blue,板橋,2022-01-18,71813.0
Blue,新埔,2022-01-18,70083.0
Blue,江子翠,2022-01-18,46371.0
Blue,龍山寺,2022-01-18,41514.0
Blue,西門,2022-01-18,51632.0
Blue,善導寺,2022-01-18,35919.0
Blue,忠孝新生,2022-01-18,31547.0
Blue,忠孝敦化,2022-01-18,57360.0
Blue,國父紀念館,2022-01-18,35044.0
Blue,市政府,2022-01-18,102206.0
Blue,永春,2022-01-18,37707.0
Blue,後山埤,2022-01-18,28582.0
Blue,昆陽,2022-01-18,26143.0
Blue,南港,2022-01-18,33285.0
Blue,忠孝復興,2022-01-18,41319.5
Blue,南港展覽館,2022-01-18,29496.0
Blue,台北車站,2022-01-19,85710.0
Blue,頂埔,2022-01-19,17316.0
Blue,永寧,2022-01-19,21994.0
Blue,土城,2022-01-19,14586.0
Blue,海山,2022-01-19,40788.0
Blue,亞東醫院,2022-01-19,42803.0
Blue,府中,2022-01-19,48178.0
Blue,板橋,2022-01-19,73468.0
Blue,新埔,2022-01-19,72389.0
Blue,江子翠,2022-01-19,47643.0
Blue,龍山寺,2022-01-19,43399.0
Blue,西門,2022-01-19,54534.5
Blue,善導寺,2022-01-19,35922.0
Blue,忠孝新生,2022-01-19,32841.0
Blue,忠孝敦化,2022-01-19,59675.0
Blue,國父紀念館,2022-01-19,35753.0
Blue,市政府,2022-01-19,103584.0
Blue,永春,2022-01-19,38014.0
Blue,後山埤,2022-01-19,29039.0
Blue,昆陽,2022-01-19,26024.0
Blue,南港,2022-01-19,34366.0
Blue,忠孝復興,2022-01-19,44402.0
Blue,南港展覽館,2022-01-19,30008.0
Blue,台北車站,2022-01-20,94349.0
Blue,頂埔,2022-01-20,17346.0
Blue,永寧,2022-01-20,22629.0
Blue,土城,2022-01-20,14500.0
Blue,海山,2022-01-20,42455.0
Blue,亞東醫院,2022-01-20,42579.0
Blue,府中,2022-01-20,50984.0
Blue,板橋,2022-01-20,76391.0
Blue,新埔,2022-01-20,73557.0
Blue,江子翠,2022-01-20,48863.0
Blue,龍山寺,2022-01-20,44836.0
Blue,西門,2022-01-20,63118.0
Blue,善導寺,2022-01-20,37096.0
Blue,忠孝新生,2022-01-20,34965.0
Blue,忠孝敦化,2022-01-20,61867.0
Blue,國父紀念館,2022-01-20,37116.0
Blue,市政府,2022-01-20,110322.0
Blue,永春,2022-01-20,38832.0
Blue,後山埤,2022-01-20,29845.0
Blue,昆陽,2022-01-20,27607.0
Blue,南港,2022-01-20,36712.0
Blue,忠孝復興,2022-01-20,45592.5
Blue,南港展覽館,2022-01-20,31077.0
Blue,台北車站,2022-01-21,101601.0
Blue,頂埔,2022-01-21,16322.0
Blue,永寧,2022-01-21,21449.0
Blue,土城,2022-01-21,14009.0
Blue,海山,2022-01-21,39080.0
Blue,亞東醫院,2022-01-21,41122.0
Blue,府中,2022-01-21,49271.0
Blue,板橋,2022-01-21,80694.0
Blue,新埔,2022-01-21,72128.0
Blue,江子翠,2022-01-21,47247.0
Blue,龍山寺,2022-01-21,41113.0
Blue,西門,2022-01-21,58204.0
Blue,善導寺,2022-01-21,35744.0
Blue,忠孝新生,2022-01-21,36696.5
Blue,忠孝敦化,2022-01-21,64686.0
Blue,國父紀念館,2022-01-21,39930.0
Blue,市政府,2022-01-21,106314.0
Blue,永春,2022-01-21,35211.0
Blue,後山埤,2022-01-21,29726.0
Blue,昆陽,2022-01-21,26170.0
Blue,南港,2022-01-21,34040.0
Blue,忠孝復興,2022-01-21,47740.5
Blue,南港展覽館,2022-01-21,30362.5
Blue,台北車站,2022-01-22,95994.5
Blue,頂埔,2022-01-22,13257.0
Blue,永寧,2022-01-22,17810.0
Blue,土城,2022-01-22,12132.0
Blue,海山,2022-01-22,34054.0
Blue,亞東醫院,2022-01-22,31544.0
Blue,府中,2022-01-22,45244.0
Blue,板橋,2022-01-22,72601.0
Blue,新埔,2022-01-22,59488.0
Blue,江子翠,2022-01-22,41884.0
Blue,龍山寺,2022-01-22,39440.0
Blue,西門,2022-01-22,60859.0
Blue,善導寺,2022-01-22,33152.0
Blue,忠孝新生,2022-01-22,33802.0
Blue,忠孝敦化,2022-01-22,60360.0
Blue,國父紀念館,2022-01-22,35152.0
Blue,市政府,2022-01-22,103920.0
Blue,永春,2022-01-22,31499.0
Blue,後山埤,2022-01-22,25923.0
Blue,昆陽,2022-01-22,25028.0
Blue,南港,2022-01-22,31421.0
Blue,忠孝復興,2022-01-22,47621.5
Blue,南港展覽館,2022-01-22,32182.5
Blue,台北車站,2022-01-23,76255.5
Blue,頂埔,2022-01-23,7893.0
Blue,永寧,2022-01-23,11587.0
Blue,土城,2022-01-23,7591.0
Blue,海山,2022-01-23,22207.0
Blue,亞東醫院,2022-01-23,18123.0
Blue,府中,2022-01-23,31673.0
Blue,板橋,2022-01-23,50645.0
Blue,新埔,2022-01-23,38206.0
Blue,江子翠,2022-01-23,26743.0
Blue,龍山寺,2022-01-23,30247.0
Blue,西門,2022-01-23,48862.5
Blue,善導寺,2022-01-23,17736.0
Blue,忠孝新生,2022-01-23,25226.0
Blue,忠孝敦化,2022-01-23,38178.0
Blue,國父紀念館,2022-01-23,22694.0
Blue,市政府,2022-01-23,68367.0
Blue,永春,2022-01-23,20635.0
Blue,後山埤,2022-01-23,17380.0
Blue,昆陽,2022-01-23,11032.0
Blue,南港,2022-01-23,21138.0
Blue,忠孝復興,2022-01-23,33157.5
Blue,南港展覽館,2022-01-23,21773.5
Blue,台北車站,2022-01-24,93607.5
Blue,頂埔,2022-01-24,15161.0
Blue,永寧,2022-01-24,20089.0
Blue,土城,2022-01-24,13520.0
Blue,海山,2022-01-24,36892.0
Blue,亞東醫院,2022-01-24,40248.0
Blue,府中,2022-01-24,46144.0
Blue,板橋,2022-01-24,70885.0
Blue,新埔,2022-01-24,64325.0
Blue,江子翠,2022-01-24,45015.0
Blue,龍山寺,2022-01-24,38440.0
Blue,西門,2022-01-24,52924.0
Blue,善導寺,2022-01-24,30406.0
Blue,忠孝新生,2022-01-24,30631.5
Blue,忠孝敦化,2022-01-24,57116.0
Blue,國父紀念館,2022-01-24,33668.0
Blue,市政府,2022-01-24,94775.0
Blue,永春,2022-01-24,32150.0
Blue,後山埤,2022-01-24,26632.0
Blue,昆陽,2022-01-24,24483.0
Blue,南港,2022-01-24,30113.0
Blue,忠孝復興,2022-01-24,41454.0
Blue,南港展覽館,2022-01-24,33564.0
Blue,台北車站,2022-01-25,90537.0
Blue,頂埔,2022-01-25,15426.0
Blue,永寧,2022-01-25,20205.0
Blue,土城,2022-01-25,13955.0
Blue,海山,2022-01-25,37694.0
Blue,亞東醫院,2022-01-25,40802.0
Blue,府中,2022-01-25,47844.0
Blue,板橋,2022-01-25,70808.0
Blue,新埔,2022-01-25,65045.0
Blue,江子翠,2022-01-25,45267.0
Blue,龍山寺,2022-01-25,40577.0
Blue,西門,2022-01-25,53224.0
Blue,善導寺,2022-01-25,31961.0
Blue,忠孝新生,2022-01-25,30678.5
Blue,忠孝敦化,2022-01-25,59350.0
Blue,國父紀念館,2022-01-25,35284.0
Blue,市政府,2022-01-25,95116.0
Blue,永春,2022-01-25,32833.0
Blue,後山埤,2022-01-25,27655.0
Blue,昆陽,2022-01-25,24473.0
Blue,南港,2022-01-25,30228.0
Blue,忠孝復興,2022-01-25,44037.5
Blue,南港展覽館,2022-01-25,32464.0
Blue,台北車站,2022-01-26,91409.5
Blue,頂埔,2022-01-26,15553.0
Blue,永寧,2022-01-26,20006.0
Blue,土城,2022-01-26,13739.0
Blue,海山,2022-01-26,37692.0
Blue,亞東醫院,2022-01-26,40161.0
Blue,府中,2022-01-26,46834.0
Blue,板橋,2022-01-26,70839.0
Blue,新埔,2022-01-26,63746.0
Blue,江子翠,2022-01-26,45213.0
Blue,龍山寺,2022-01-26,40057.0
Blue,西門,2022-01-26,53446.5
Blue,善導寺,2022-01-26,31436.0
Blue,忠孝新生,2022-01-26,30460.0
Blue,忠孝敦化,2022-01-26,59507.0
Blue,國父紀念館,2022-01-26,34945.0
Blue,市政府,2022-01-26,93255.0
Blue,永春,2022-01-26,33320.0
Blue,後山埤,2022-01-26,27392.0
Blue,昆陽,2022-01-26,24226.0
Blue,南港,2022-01-26,29685.0
Blue,忠孝復興,2022-01-26,44125.5
Blue,南港展覽館,2022-01-26,28363.5
Blue,台北車站,2022-01-27,92694.0
Blue,頂埔,2022-01-27,15394.0
Blue,永寧,2022-01-27,19858.0
Blue,土城,2022-01-27,13380.0
Blue,海山,2022-01-27,36646.0
Blue,亞東醫院,2022-01-27,39104.0
Blue,府中,2022-01-27,46206.0
Blue,板橋,2022-01-27,71583.0
Blue,新埔,2022-01-27,63093.0
Blue,江子翠,2022-01-27,44199.0
Blue,龍山寺,2022-01-27,40384.0
Blue,西門,2022-01-27,52247.5
Blue,善導寺,2022-01-27,31469.0
Blue,忠孝新生,2022-01-27,30123.0
Blue,忠孝敦化,2022-01-27,58294.0
Blue,國父紀念館,2022-01-27,34170.0
Blue,市政府,2022-01-27,93891.0
Blue,永春,2022-01-27,32979.0
Blue,後山埤,2022-01-27,26371.0
Blue,昆陽,2022-01-27,24530.0
Blue,南港,2022-01-27,29700.0
Blue,忠孝復興,2022-01-27,44413.5
Blue,南港展覽館,2022-01-27,27830.5
Blue,台北車站,2022-01-28,97183.0
Blue,頂埔,2022-01-28,15351.0
Blue,永寧,2022-01-28,18848.0
Blue,土城,2022-01-28,13187.0
Blue,海山,2022-01-28,35777.0
Blue,亞東醫院,2022-01-28,36389.0
Blue,府中,2022-01-28,46471.0
Blue,板橋,2022-01-28,74836.0
Blue,新埔,2022-01-28,61811.0
Blue,江子翠,2022-01-28,43095.0
Blue,龍山寺,2022-01-28,39994.0
Blue,西門,2022-01-28,57275.0
Blue,善導寺,2022-01-28,29177.0
Blue,忠孝新生,2022-01-28,31728.5
Blue,忠孝敦化,2022-01-28,62392.0
Blue,國父紀念館,2022-01-28,34514.0
Blue,市政府,2022-01-28,98515.0
Blue,永春,2022-01-28,33814.0
Blue,後山埤,2022-01-28,27095.0
Blue,昆陽,2022-01-28,23775.0
Blue,南港,2022-01-28,32372.0
Blue,忠孝復興,2022-01-28,48002.0
Blue,南港展覽館,2022-01-28,26102.0
Blue,台北車站,2022-01-29,67560.0
Blue,頂埔,2022-01-29,7964.0
Blue,永寧,2022-01-29,10334.0
Blue,土城,2022-01-29,7801.0
Blue,海山,2022-01-29,21065.0
Blue,亞東醫院,2022-01-29,18529.0
Blue,府中,2022-01-29,30326.0
Blue,板橋,2022-01-29,48957.0
Blue,新埔,2022-01-29,36776.0
Blue,江子翠,2022-01-29,25729.0
Blue,龍山寺,2022-01-29,29489.0
Blue,西門,2022-01-29,43780.5
Blue,善導寺,2022-01-29,14049.0
Blue,忠孝新生,2022-01-29,21552.5
Blue,忠孝敦化,2022-01-29,40508.0
Blue,國父紀念館,2022-01-29,18842.0
Blue,市政府,2022-01-29,63101.0
Blue,永春,2022-01-29,21588.0
Blue,後山埤,2022-01-29,17456.0
Blue,昆陽,2022-01-29,12293.0
Blue,南港,2022-01-29,20489.0
Blue,忠孝復興,2022-01-29,36773.5
Blue,南港展覽館,2022-01-29,12532.5
Blue,台北車站,2022-01-30,51854.0
Blue,頂埔,2022-01-30,6243.0
Blue,永寧,2022-01-30,7622.0
Blue,土城,2022-01-30,5989.0
Blue,海山,2022-01-30,15525.0
Blue,亞東醫院,2022-01-30,12358.0
Blue,府中,2022-01-30,21901.0
Blue,板橋,2022-01-30,40090.0
Blue,新埔,2022-01-30,28143.0
Blue,江子翠,2022-01-30,18942.0
Blue,龍山寺,2022-01-30,23473.0
Blue,西門,2022-01-30,33943.5
Blue,善導寺,2022-01-30,10485.0
Blue,忠孝新生,2022-01-30,16432.0
Blue,忠孝敦化,2022-01-30,28265.0
Blue,國父紀念館,2022-01-30,13234.0
Blue,市政府,2022-01-30,49193.0
Blue,永春,2022-01-30,16554.0
Blue,後山埤,2022-01-30,13013.0
Blue,昆陽,2022-01-30,7845.0
Blue,南港,2022-01-30,15191.0
Blue,忠孝復興,2022-01-30,27548.0
Blue,南港展覽館,2022-01-30,9178.5
Blue,台北車站,2022-01-31,32129.0
Blue,頂埔,2022-01-31,5489.0
Blue,永寧,2022-01-31,6508.0
Blue,土城,2022-01-31,4993.0
Blue,海山,2022-01-31,13020.0
Blue,亞東醫院,2022-01-31,10029.0
Blue,府中,2022-01-31,14709.0
Blue,板橋,2022-01-31,30411.0
Blue,新埔,2022-01-31,19769.0
Blue,江子翠,2022-01-31,14261.0
Blue,龍山寺,2022-01-31,19325.0
Blue,西門,2022-01-31,19711.0
Blue,善導寺,2022-01-31,7404.0
Blue,忠孝新生,2022-01-31,8199.5
Blue,忠孝敦化,2022-01-31,13189.0
Blue,國父紀念館,2022-01-31,6631.0
Blue,市政府,2022-01-31,30556.0
Blue,永春,2022-01-31,11882.0
Blue,後山埤,2022-01-31,9597.0
Blue,昆陽,2022-01-31,5508.0
Blue,南港,2022-01-31,10371.0
Blue,忠孝復興,2022-01-31,15232.0
Blue,南港展覽館,2022-01-31,7258.5
Blue,台北車站,2022-02-01,41776.0
Blue,頂埔,2022-02-01,5134.0
Blue,永寧,2022-02-01,6880.0
Blue,土城,2022-02-01,4995.0
Blue,海山,2022-02-01,12800.0
Blue,亞東醫院,2022-02-01,9961.0
Blue,府中,2022-02-01,18155.0
Blue,板橋,2022-02-01,35388.0
Blue,新埔,2022-02-01,20256.0
Blue,江子翠,2022-02-01,13951.0
Blue,龍山寺,2022-02-01,38748.0
Blue,西門,2022-02-01,28378.0
Blue,善導寺,2022-02-01,6234.0
Blue,忠孝新生,2022-02-01,11977.0
Blue,忠孝敦化,2022-02-01,14667.0
Blue,國父紀念館,2022-02-01,7553.0
Blue,市政府,2022-02-01,45788.0
Blue,永春,2022-02-01,9672.0
Blue,後山埤,2022-02-01,10428.0
Blue,昆陽,2022-02-01,5630.0
Blue,南港,2022-02-01,13377.0
Blue,忠孝復興,2022-02-01,19499.5
Blue,南港展覽館,2022-02-01,7491.0
Blue,台北車站,2022-02-02,48862.5
Blue,頂埔,2022-02-02,6678.0
Blue,永寧,2022-02-02,8383.0
Blue,土城,2022-02-02,5779.0
Blue,海山,2022-02-02,16070.0
Blue,亞東醫院,2022-02-02,12514.0
Blue,府中,2022-02-02,21117.0
Blue,板橋,2022-02-02,43443.0
Blue,新埔,2022-02-02,24680.0
Blue,江子翠,2022-02-02,17675.0
Blue,龍山寺,2022-02-02,34792.0
Blue,西門,2022-02-02,33339.0
Blue,善導寺,2022-02-02,6572.0
Blue,忠孝新生,2022-02-02,14374.5
Blue,忠孝敦化,2022-02-02,17604.0
Blue,國父紀念館,2022-02-02,8953.0
Blue,市政府,2022-02-02,49063.0
Blue,永春,2022-02-02,12445.0
Blue,後山埤,2022-02-02,12213.0
Blue,昆陽,2022-02-02,7227.0
Blue,南港,2022-02-02,15941.0
Blue,忠孝復興,2022-02-02,20969.0
Blue,南港展覽館,2022-02-02,9122.0
Blue,台北車站,2022-02-03,54169.5
Blue,頂埔,2022-02-03,5564.0
Blue,永寧,2022-02-03,7373.0
Blue,土城,2022-02-03,5056.0
Blue,海山,2022-02-03,13925.0
Blue,亞東醫院,2022-02-03,11274.0
Blue,府中,2022-02-03,18155.0
Blue,板橋,2022-02-03,42791.0
Blue,新埔,2022-02-03,22221.0
Blue,江子翠,2022-02-03,15520.0
Blue,龍山寺,2022-02-03,24975.0
Blue,西門,2022-02-03,33471.0
Blue,善導寺,2022-02-03,6517.0
Blue,忠孝新生,2022-02-03,14985.0
Blue,忠孝敦化,2022-02-03,21143.0
Blue,國父紀念館,2022-02-03,10179.0
Blue,市政府,2022-02-03,52096.0
Blue,永春,2022-02-03,11852.0
Blue,後山埤,2022-02-03,11084.0
Blue,昆陽,2022-02-03,6699.0
Blue,南港,2022-02-03,16361.0
Blue,忠孝復興,2022-02-03,22430.5
Blue,南港展覽館,2022-02-03,8773.5
Blue,台北車站,2022-02-04,63237.0
Blue,頂埔,2022-02-04,7014.0
Blue,永寧,2022-02-04,9484.0
Blue,土城,2022-02-04,6435.0
Blue,海山,2022-02-04,18211.0
Blue,亞東醫院,2022-02-04,16204.0
Blue,府中,2022-02-04,25554.0
Blue,板橋,2022-02-04,50961.0
Blue,新埔,2022-02-04,29565.0
Blue,江子翠,2022-02-04,21209.0
Blue,龍山寺,2022-02-04,34595.0
Blue,西門,2022-02-04,43766.5
Blue,善導寺,2022-02-04,8731.0
Blue,忠孝新生,2022-02-04,20792.5
Blue,忠孝敦化,2022-02-04,30163.0
Blue,國父紀念館,2022-02-04,13955.0
Blue,市政府,2022-02-04,62607.0
Blue,永春,2022-02-04,14922.0
Blue,後山埤,2022-02-04,14541.0
Blue,昆陽,2022-02-04,8638.0
Blue,南港,2022-02-04,19483.0
Blue,忠孝復興,2022-02-04,28644.5
Blue,南港展覽館,2022-02-04,11079.5
Blue,台北車站,2022-02-05,70871.0
Blue,頂埔,2022-02-05,8138.0
Blue,永寧,2022-02-05,11486.0
Blue,土城,2022-02-05,7478.0
Blue,海山,2022-02-05,21147.0
Blue,亞東醫院,2022-02-05,18582.0
Blue,府中,2022-02-05,30531.0
Blue,板橋,2022-02-05,55628.0
Blue,新埔,2022-02-05,34883.0
Blue,江子翠,2022-02-05,24981.0
Blue,龍山寺,2022-02-05,38645.0
Blue,西門,2022-02-05,50104.5
Blue,善導寺,2022-02-05,10991.0
Blue,忠孝新生,2022-02-05,24640.5
Blue,忠孝敦化,2022-02-05,35310.0
Blue,國父紀念館,2022-02-05,17039.0
Blue,市政府,2022-02-05,67987.0
Blue,永春,2022-02-05,17404.0
Blue,後山埤,2022-02-05,16616.0
Blue,昆陽,2022-02-05,9704.0
Blue,南港,2022-02-05,21085.0
Blue,忠孝復興,2022-02-05,32595.5
Blue,南港展覽館,2022-02-05,12621.5
Blue,台北車站,2022-02-06,71880.5
Blue,頂埔,2022-02-06,7964.0
Blue,永寧,2022-02-06,11376.0
Blue,土城,2022-02-06,7232.0
Blue,海山,2022-02-06,20711.0
Blue,亞東醫院,2022-02-06,17123.0
Blue,府中,2022-02-06,28871.0
Blue,板橋,2022-02-06,53668.0
Blue,新埔,2022-02-06,34422.0
Blue,江子翠,2022-02-06,24758.0
Blue,龍山寺,2022-02-06,36505.0
Blue,西門,2022-02-06,46746.0
Blue,善導寺,2022-02-06,11862.0
Blue,忠孝新生,2022-02-06,23192.5
Blue,忠孝敦化,2022-02-06,32237.0
Blue,國父紀念館,2022-02-06,17734.0
Blue,市政府,2022-02-06,62615.0
Blue,永春,2022-02-06,18446.0
Blue,後山埤,2022-02-06,16475.0
Blue,昆陽,2022-02-06,10234.0
Blue,南港,2022-02-06,20935.0
Blue,忠孝復興,2022-02-06,30322.5
Blue,南港展覽館,2022-02-06,13257.5
Blue,台北車站,2022-02-07,92265.5
Blue,頂埔,2022-02-07,15152.0
Blue,永寧,2022-02-07,19403.0
Blue,土城,2022-02-07,12908.0
Blue,海山,2022-02-07,35431.0
Blue,亞東醫院,2022-02-07,37828.0
Blue,府中,2022-02-07,44115.0
Blue,板橋,2022-02-07,70904.0
Blue,新埔,2022-02-07,59984.0
Blue,江子翠,2022-02-07,42480.0
Blue,龍山寺,2022-02-07,41265.0
Blue,西門,2022-02-07,53121.5
Blue,善導寺,2022-02-07,27604.0
Blue,忠孝新生,2022-02-07,28711.0
Blue,忠孝敦化,2022-02-07,52179.0
Blue,國父紀念館,2022-02-07,31026.0
Blue,市政府,2022-02-07,90051.0
Blue,永春,2022-02-07,29923.0
Blue,後山埤,2022-02-07,25502.0
Blue,昆陽,2022-02-07,23146.0
Blue,南港,2022-02-07,29350.0
Blue,忠孝復興,2022-02-07,38983.5
Blue,南港展覽館,2022-02-07,26094.5
Blue,台北車站,2022-02-08,88445.5
Blue,頂埔,2022-02-08,15252.0
Blue,永寧,2022-02-08,19787.0
Blue,土城,2022-02-08,13191.0
Blue,海山,2022-02-08,36513.0
Blue,亞東醫院,2022-02-08,39945.0
Blue,府中,2022-02-08,45879.0
Blue,板橋,2022-02-08,70531.0
Blue,新埔,2022-02-08,62117.0
Blue,江子翠,2022-02-08,43831.0
Blue,龍山寺,2022-02-08,42040.0
Blue,西門,2022-02-08,53687.0
Blue,善導寺,2022-02-08,30279.0
Blue,忠孝新生,2022-02-08,29737.0
Blue,忠孝敦化,2022-02-08,54547.0
Blue,國父紀念館,2022-02-08,32895.0
Blue,市政府,2022-02-08,92183.0
Blue,永春,2022-02-08,31530.0
Blue,後山埤,2022-02-08,26041.0
Blue,昆陽,2022-02-08,23924.0
Blue,南港,2022-02-08,28789.0
Blue,忠孝復興,2022-02-08,40061.0
Blue,南港展覽館,2022-02-08,27512.5
Blue,台北車站,2022-02-09,90592.0
Blue,頂埔,2022-02-09,15473.0
Blue,永寧,2022-02-09,19619.0
Blue,土城,2022-02-09,13041.0
Blue,海山,2022-02-09,36483.0
Blue,亞東醫院,2022-02-09,40303.0
Blue,府中,2022-02-09,45181.0
Blue,板橋,2022-02-09,70634.0
Blue,新埔,2022-02-09,62088.0
Blue,江子翠,2022-02-09,43325.0
Blue,龍山寺,2022-02-09,40568.0
Blue,西門,2022-02-09,54095.5
Blue,善導寺,2022-02-09,31348.0
Blue,忠孝新生,2022-02-09,30499.5
Blue,忠孝敦化,2022-02-09,55448.0
Blue,國父紀念館,2022-02-09,33540.0
Blue,市政府,2022-02-09,93204.0
Blue,永春,2022-02-09,31423.0
Blue,後山埤,2022-02-09,27156.0
Blue,昆陽,2022-02-09,23610.0
Blue,南港,2022-02-09,29496.0
Blue,忠孝復興,2022-02-09,41289.0
Blue,南港展覽館,2022-02-09,27753.5
Blue,台北車站,2022-02-10,91707.5
Blue,頂埔,2022-02-10,15831.0
Blue,永寧,2022-02-10,19981.0
Blue,土城,2022-02-10,13290.0
Blue,海山,2022-02-10,37240.0
Blue,亞東醫院,2022-02-10,39914.0
Blue,府中,2022-02-10,46603.0
Blue,板橋,2022-02-10,72191.0
Blue,新埔,2022-02-10,62684.0
Blue,江子翠,2022-02-10,44121.0
Blue,龍山寺,2022-02-10,41750.0
Blue,西門,2022-02-10,54934.5
Blue,善導寺,2022-02-10,31497.0
Blue,忠孝新生,2022-02-10,30876.0
Blue,忠孝敦化,2022-02-10,57229.0
Blue,國父紀念館,2022-02-10,34534.0
Blue,市政府,2022-02-10,96737.0
Blue,永春,2022-02-10,32626.0
Blue,後山埤,2022-02-10,26442.0
Blue,昆陽,2022-02-10,24977.0
Blue,南港,2022-02-10,30004.0
Blue,忠孝復興,2022-02-10,42263.5
Blue,南港展覽館,2022-02-10,28430.0
Blue,台北車站,2022-02-11,101335.5
Blue,頂埔,2022-02-11,16468.0
Blue,永寧,2022-02-11,22475.0
Blue,土城,2022-02-11,14274.0
Blue,海山,2022-02-11,40630.0
Blue,亞東醫院,2022-02-11,42190.0
Blue,府中,2022-02-11,49831.0
Blue,板橋,2022-02-11,79056.0
Blue,新埔,2022-02-11,66610.0
Blue,江子翠,2022-02-11,46071.0
Blue,龍山寺,2022-02-11,45742.0
Blue,西門,2022-02-11,59591.0
Blue,善導寺,2022-02-11,36073.0
Blue,忠孝新生,2022-02-11,33551.0
Blue,忠孝敦化,2022-02-11,62327.0
Blue,國父紀念館,2022-02-11,37147.0
Blue,市政府,2022-02-11,107555.0
Blue,永春,2022-02-11,37826.0
Blue,後山埤,2022-02-11,28694.0
Blue,昆陽,2022-02-11,27369.0
Blue,南港,2022-02-11,36082.0
Blue,忠孝復興,2022-02-11,46642.0
Blue,南港展覽館,2022-02-11,29342.5
Blue,台北車站,2022-02-12,94631.5
Blue,頂埔,2022-02-12,10005.0
Blue,永寧,2022-02-12,14905.0
Blue,土城,2022-02-12,10120.0
Blue,海山,2022-02-12,27737.0
Blue,亞東醫院,2022-02-12,25560.0
Blue,府中,2022-02-12,40901.0
Blue,板橋,2022-02-12,63594.0
Blue,新埔,2022-02-12,47497.0
Blue,江子翠,2022-02-12,33458.0
Blue,龍山寺,2022-02-12,38593.0
Blue,西門,2022-02-12,61506.0
Blue,善導寺,2022-02-12,21607.0
Blue,忠孝新生,2022-02-12,33259.5
Blue,忠孝敦化,2022-02-12,51050.0
Blue,國父紀念館,2022-02-12,28860.0
Blue,市政府,2022-02-12,85642.0
Blue,永春,2022-02-12,25684.0
Blue,後山埤,2022-02-12,21770.0
Blue,昆陽,2022-02-12,16296.0
Blue,南港,2022-02-12,24687.0
Blue,忠孝復興,2022-02-12,43851.0
Blue,南港展覽館,2022-02-12,17083.5
Blue,台北車站,2022-02-13,90188.5
Blue,頂埔,2022-02-13,8618.0
Blue,永寧,2022-02-13,13391.0
Blue,土城,2022-02-13,8125.0
Blue,海山,2022-02-13,23076.0
Blue,亞東醫院,2022-02-13,19873.0
Blue,府中,2022-02-13,34520.0
Blue,板橋,2022-02-13,58539.0
Blue,新埔,2022-02-13,40924.0
Blue,江子翠,2022-02-13,27799.0
Blue,龍山寺,2022-02-13,34761.0
Blue,西門,2022-02-13,53563.5
Blue,善導寺,2022-02-13,17060.0
Blue,忠孝新生,2022-02-13,25947.5
Blue,忠孝敦化,2022-02-13,38587.0
Blue,國父紀念館,2022-02-13,23748.0
Blue,市政府,2022-02-13,75713.0
Blue,永春,2022-02-13,21525.0
Blue,後山埤,2022-02-13,18471.0
Blue,昆陽,2022-02-13,14771.0
Blue,南港,2022-02-13,23338.0
Blue,忠孝復興,2022-02-13,34217.5
Blue,南港展覽館,2022-02-13,14158.0
Blue,台北車站,2022-02-14,93357.5
Blue,頂埔,2022-02-14,16046.0
Blue,永寧,2022-02-14,21099.0
Blue,土城,2022-02-14,13834.0
Blue,海山,2022-02-14,39658.0
Blue,亞東醫院,2022-02-14,42161.0
Blue,府中,2022-02-14,47732.0
Blue,板橋,2022-02-14,77375.0
Blue,新埔,2022-02-14,65137.0
Blue,江子翠,2022-02-14,45807.0
Blue,龍山寺,2022-02-14,42443.0
Blue,西門,2022-02-14,53419.5
Blue,善導寺,2022-02-14,34436.0
Blue,忠孝新生,2022-02-14,31140.5
Blue,忠孝敦化,2022-02-14,57840.0
Blue,國父紀念館,2022-02-14,34923.0
Blue,市政府,2022-02-14,104626.0
Blue,永春,2022-02-14,36594.0
Blue,後山埤,2022-02-14,27797.0
Blue,昆陽,2022-02-14,26178.0
Blue,南港,2022-02-14,34081.0
Blue,忠孝復興,2022-02-14,42290.0
Blue,南港展覽館,2022-02-14,28606.0
Blue,台北車站,2022-02-15,86234.5
Blue,頂埔,2022-02-15,16380.0
Blue,永寧,2022-02-15,21575.0
Blue,土城,2022-02-15,14079.0
Blue,海山,2022-02-15,39715.0
Blue,亞東醫院,2022-02-15,42521.0
Blue,府中,2022-02-15,48028.0
Blue,板橋,2022-02-15,73232.0
Blue,新埔,2022-02-15,64982.0
Blue,江子翠,2022-02-15,46195.0
Blue,龍山寺,2022-02-15,45781.0
Blue,西門,2022-02-15,50084.5
Blue,善導寺,2022-02-15,33989.0
Blue,忠孝新生,2022-02-15,29061.0
Blue,忠孝敦化,2022-02-15,56579.0
Blue,國父紀念館,2022-02-15,34340.0
Blue,市政府,2022-02-15,98363.0
Blue,永春,2022-02-15,37092.0
Blue,後山埤,2022-02-15,28182.0
Blue,昆陽,2022-02-15,25959.0
Blue,南港,2022-02-15,32701.0
Blue,忠孝復興,2022-02-15,40819.5
Blue,南港展覽館,2022-02-15,28850.5
Blue,台北車站,2022-02-16,89098.0
Blue,頂埔,2022-02-16,16324.0
Blue,永寧,2022-02-16,22110.0
Blue,土城,2022-02-16,14255.0
Blue,海山,2022-02-16,40515.0
Blue,亞東醫院,2022-02-16,43119.0
Blue,府中,2022-02-16,47961.0
Blue,板橋,2022-02-16,74976.0
Blue,新埔,2022-02-16,66292.0
Blue,江子翠,2022-02-16,47079.0
Blue,龍山寺,2022-02-16,44037.0
Blue,西門,2022-02-16,52688.0
Blue,善導寺,2022-02-16,35026.0
Blue,忠孝新生,2022-02-16,30459.0
Blue,忠孝敦化,2022-02-16,58049.0
Blue,國父紀念館,2022-02-16,35462.0
Blue,市政府,2022-02-16,99417.0
Blue,永春,2022-02-16,36881.0
Blue,後山埤,2022-02-16,28519.0
Blue,昆陽,2022-02-16,25918.0
Blue,南港,2022-02-16,33840.0
Blue,忠孝復興,2022-02-16,41564.0
Blue,南港展覽館,2022-02-16,29606.0
Blue,台北車站,2022-02-17,91307.5
Blue,頂埔,2022-02-17,16283.0
Blue,永寧,2022-02-17,22065.0
Blue,土城,2022-02-17,14221.0
Blue,海山,2022-02-17,40311.0
Blue,亞東醫院,2022-02-17,43210.0
Blue,府中,2022-02-17,47297.0
Blue,板橋,2022-02-17,76494.0
Blue,新埔,2022-02-17,66138.0
Blue,江子翠,2022-02-17,46679.0
Blue,龍山寺,2022-02-17,43171.0
Blue,西門,2022-02-17,51916.0
Blue,善導寺,2022-02-17,35114.0
Blue,忠孝新生,2022-02-17,30914.5
Blue,忠孝敦化,2022-02-17,57420.0
Blue,國父紀念館,2022-02-17,35671.0
Blue,市政府,2022-02-17,102010.0
Blue,永春,2022-02-17,37664.0
Blue,後山埤,2022-02-17,28566.0
Blue,昆陽,2022-02-17,26736.0
Blue,南港,2022-02-17,34758.0
Blue,忠孝復興,2022-02-17,42596.0
Blue,南港展覽館,2022-02-17,29763.0
Blue,台北車站,2022-02-18,110746.5
Blue,頂埔,2022-02-18,16834.0
Blue,永寧,2022-02-18,23755.0
Blue,土城,2022-02-18,14830.0
Blue,海山,2022-02-18,42328.0
Blue,亞東醫院,2022-02-18,44120.0
Blue,府中,2022-02-18,51415.0
Blue,板橋,2022-02-18,87090.0
Blue,新埔,2022-02-18,68769.0
Blue,江子翠,2022-02-18,48312.0
Blue,龍山寺,2022-02-18,44286.0
Blue,西門,2022-02-18,60322.0
Blue,善導寺,2022-02-18,39197.0
Blue,忠孝新生,2022-02-18,34351.5
Blue,忠孝敦化,2022-02-18,65748.0
Blue,國父紀念館,2022-02-18,39270.0
Blue,市政府,2022-02-18,115452.0
Blue,永春,2022-02-18,40138.0
Blue,後山埤,2022-02-18,30700.0
Blue,昆陽,2022-02-18,27349.0
Blue,南港,2022-02-18,39340.0
Blue,忠孝復興,2022-02-18,46350.0
Blue,南港展覽館,2022-02-18,30958.0
Blue,台北車站,2022-02-19,102193.5
Blue,頂埔,2022-02-19,9490.0
Blue,永寧,2022-02-19,14961.0
Blue,土城,2022-02-19,9852.0
Blue,海山,2022-02-19,27655.0
Blue,亞東醫院,2022-02-19,25647.0
Blue,府中,2022-02-19,41275.0
Blue,板橋,2022-02-19,67746.0
Blue,新埔,2022-02-19,49419.0
Blue,江子翠,2022-02-19,34483.0
Blue,龍山寺,2022-02-19,37672.0
Blue,西門,2022-02-19,63273.0
Blue,善導寺,2022-02-19,23721.0
Blue,忠孝新生,2022-02-19,31708.0
Blue,忠孝敦化,2022-02-19,54020.0
Blue,國父紀念館,2022-02-19,30597.0
Blue,市政府,2022-02-19,89258.0
Blue,永春,2022-02-19,26755.0
Blue,後山埤,2022-02-19,22753.0
Blue,昆陽,2022-02-19,13886.0
Blue,南港,2022-02-19,25536.0
Blue,忠孝復興,2022-02-19,44674.0
Blue,南港展覽館,2022-02-19,18358.0
Blue,台北車站,2022-02-20,93411.5
Blue,頂埔,2022-02-20,7775.0
Blue,永寧,2022-02-20,11552.0
Blue,土城,2022-02-20,7028.0
Blue,海山,2022-02-20,20494.0
Blue,亞東醫院,2022-02-20,17564.0
Blue,府中,2022-02-20,31271.0
Blue,板橋,2022-02-20,59412.0
Blue,新埔,2022-02-20,37181.0
Blue,江子翠,2022-02-20,26093.0
Blue,龍山寺,2022-02-20,28227.0
Blue,西門,2022-02-20,48796.5
Blue,善導寺,2022-02-20,19087.0
Blue,忠孝新生,2022-02-20,25423.5
Blue,忠孝敦化,2022-02-20,37030.0
Blue,國父紀念館,2022-02-20,22933.0
Blue,市政府,2022-02-20,69286.0
Blue,永春,2022-02-20,19747.0
Blue,後山埤,2022-02-20,16842.0
Blue,昆陽,2022-02-20,10720.0
Blue,南港,2022-02-20,22026.0
Blue,忠孝復興,2022-02-20,31637.5
Blue,南港展覽館,2022-02-20,14703.5
Blue,台北車站,2022-02-21,94381.5
Blue,頂埔,2022-02-21,17337.0
Blue,永寧,2022-02-21,22533.0
Blue,土城,2022-02-21,14469.0
Blue,海山,2022-02-21,41365.0
Blue,亞東醫院,2022-02-21,45350.0
Blue,府中,2022-02-21,47679.0
Blue,板橋,2022-02-21,78826.0
Blue,新埔,2022-02-21,70510.0
Blue,江子翠,2022-02-21,46926.0
Blue,龍山寺,2022-02-21,42550.0
Blue,西門,2022-02-21,51553.0
Blue,善導寺,2022-02-21,41599.0
Blue,忠孝新生,2022-02-21,33317.5
Blue,忠孝敦化,2022-02-21,55494.0
Blue,國父紀念館,2022-02-21,34343.0
Blue,市政府,2022-02-21,100748.0
Blue,永春,2022-02-21,37418.0
Blue,後山埤,2022-02-21,28828.0
Blue,昆陽,2022-02-21,26499.0
Blue,南港,2022-02-21,37171.0
Blue,忠孝復興,2022-02-21,39770.5
Blue,南港展覽館,2022-02-21,35428.5
Blue,台北車站,2022-02-22,91660.0
Blue,頂埔,2022-02-22,17692.0
Blue,永寧,2022-02-22,22695.0
Blue,土城,2022-02-22,14520.0
Blue,海山,2022-02-22,42143.0
Blue,亞東醫院,2022-02-22,46986.0
Blue,府中,2022-02-22,49541.0
Blue,板橋,2022-02-22,79470.0
Blue,新埔,2022-02-22,73011.0
Blue,江子翠,2022-02-22,48752.0
Blue,龍山寺,2022-02-22,44135.0
Blue,西門,2022-02-22,53317.0
Blue,善導寺,2022-02-22,43437.0
Blue,忠孝新生,2022-02-22,33952.0
Blue,忠孝敦化,2022-02-22,58478.0
Blue,國父紀念館,2022-02-22,36113.0
Blue,市政府,2022-02-22,104195.0
Blue,永春,2022-02-22,40058.0
Blue,後山埤,2022-02-22,29412.0
Blue,昆陽,2022-02-22,26783.0
Blue,南港,2022-02-22,38024.0
Blue,忠孝復興,2022-02-22,42441.5
Blue,南港展覽館,2022-02-22,36640.5
Blue,台北車站,2022-02-23,93933.0
Blue,頂埔,2022-02-23,17311.0
Blue,永寧,2022-02-23,22791.0
Blue,土城,2022-02-23,14600.0
Blue,海山,2022-02-23,42384.0
Blue,亞東醫院,2022-02-23,47081.0
Blue,府中,2022-02-23,50263.0
Blue,板橋,2022-02-23,81207.0
Blue,新埔,2022-02-23,73666.0
Blue,江子翠,2022-02-23,49306.0
Blue,龍山寺,2022-02-23,44020.0
Blue,西門,2022-02-23,54959.0
Blue,善導寺,2022-02-23,45537.0
Blue,忠孝新生,2022-02-23,34160.0
Blue,忠孝敦化,2022-02-23,59610.0
Blue,國父紀念館,2022-02-23,36999.0
Blue,市政府,2022-02-23,104643.0
Blue,永春,2022-02-23,39716.0
Blue,後山埤,2022-02-23,29911.0
Blue,昆陽,2022-02-23,27080.0
Blue,南港,2022-02-23,39039.0
Blue,忠孝復興,2022-02-23,43678.5
Blue,南港展覽館,2022-02-23,37917.0
Blue,台北車站,2022-02-24,98129.0
Blue,頂埔,2022-02-24,17601.0
Blue,永寧,2022-02-24,23496.0
Blue,土城,2022-02-24,14725.0
Blue,海山,2022-02-24,42271.0
Blue,亞東醫院,2022-02-24,46993.0
Blue,府中,2022-02-24,50520.0
Blue,板橋,2022-02-24,82214.0
Blue,新埔,2022-02-24,72912.0
Blue,江子翠,2022-02-24,49491.0
Blue,龍山寺,2022-02-24,45112.0
Blue,西門,2022-02-24,56302.0
Blue,善導寺,2022-02-24,44125.0
Blue,忠孝新生,2022-02-24,34673.5
Blue,忠孝敦化,2022-02-24,59950.0
Blue,國父紀念館,2022-02-24,36171.0
Blue,市政府,2022-02-24,108240.0
Blue,永春,2022-02-24,39671.0
Blue,後山埤,2022-02-24,29668.0
Blue,昆陽,2022-02-24,27652.0
Blue,南港,2022-02-24,39594.0
Blue,忠孝復興,2022-02-24,43260.5
Blue,南港展覽館,2022-02-24,38671.0
Blue,台北車站,2022-02-25,124592.5
Blue,頂埔,2022-02-25,18733.0
Blue,永寧,2022-02-25,26466.0
Blue,土城,2022-02-25,15822.0
Blue,海山,2022-02-25,44652.0
Blue,亞東醫院,2022-02-25,48331.0
Blue,府中,2022-02-25,54117.0
Blue,板橋,2022-02-25,94752.0
Blue,新埔,2022-02-25,75935.0
Blue,江子翠,2022-02-25,50720.0
Blue,龍山寺,2022-02-25,48383.0
Blue,西門,2022-02-25,66711.5
Blue,善導寺,2022-02-25,43234.0
Blue,忠孝新生,2022-02-25,38837.5
Blue,忠孝敦化,2022-02-25,66210.0
Blue,國父紀念館,2022-02-25,40218.0
Blue,市政府,2022-02-25,120606.0
Blue,永春,2022-02-25,40911.0
Blue,後山埤,2022-02-25,30936.0
Blue,昆陽,2022-02-25,28269.0
Blue,南港,2022-02-25,45681.0
Blue,忠孝復興,2022-02-25,49947.0
Blue,南港展覽館,2022-02-25,40126.5
Blue,台北車站,2022-02-26,111996.5
Blue,頂埔,2022-02-26,10815.0
Blue,永寧,2022-02-26,18233.0
Blue,土城,2022-02-26,11005.0
Blue,海山,2022-02-26,30995.0
Blue,亞東醫院,2022-02-26,27708.0
Blue,府中,2022-02-26,45074.0
Blue,板橋,2022-02-26,76204.0
Blue,新埔,2022-02-26,51110.0
Blue,江子翠,2022-02-26,36792.0
Blue,龍山寺,2022-02-26,44670.0
Blue,西門,2022-02-26,72596.0
Blue,善導寺,2022-02-26,23288.0
Blue,忠孝新生,2022-02-26,35169.0
Blue,忠孝敦化,2022-02-26,53211.0
Blue,國父紀念館,2022-02-26,29927.0
Blue,市政府,2022-02-26,96378.0
Blue,永春,2022-02-26,26584.0
Blue,後山埤,2022-02-26,23520.0
Blue,昆陽,2022-02-26,17222.0
Blue,南港,2022-02-26,32784.0
Blue,忠孝復興,2022-02-26,45085.5
Blue,南港展覽館,2022-02-26,26597.5
Blue,台北車站,2022-02-27,100475.0
Blue,頂埔,2022-02-27,10522.0
Blue,永寧,2022-02-27,17032.0
Blue,土城,2022-02-27,10028.0
Blue,海山,2022-02-27,27755.0
Blue,亞東醫院,2022-02-27,22885.0
Blue,府中,2022-02-27,41061.0
Blue,板橋,2022-02-27,71567.0
Blue,新埔,2022-02-27,45885.0
Blue,江子翠,2022-02-27,32164.0
Blue,龍山寺,2022-02-27,42260.0
Blue,西門,2022-02-27,71569.5
Blue,善導寺,2022-02-27,19955.0
Blue,忠孝新生,2022-02-27,32057.5
Blue,忠孝敦化,2022-02-27,44223.0
Blue,國父紀念館,2022-02-27,27167.0
Blue,市政府,2022-02-27,87670.0
Blue,永春,2022-02-27,23126.0
Blue,後山埤,2022-02-27,21001.0
Blue,昆陽,2022-02-27,13045.0
Blue,南港,2022-02-27,26562.0
Blue,忠孝復興,2022-02-27,37815.0
Blue,南港展覽館,2022-02-27,16986.0
Blue,台北車站,2022-02-28,100429.5
Blue,頂埔,2022-02-28,9642.0
Blue,永寧,2022-02-28,15675.0
Blue,土城,2022-02-28,9391.0
Blue,海山,2022-02-28,26125.0
Blue,亞東醫院,2022-02-28,21551.0
Blue,府中,2022-02-28,35764.0
Blue,板橋,2022-02-28,70547.0
Blue,新埔,2022-02-28,42347.0
Blue,江子翠,2022-02-28,30327.0
Blue,龍山寺,2022-02-28,38330.0
Blue,西門,2022-02-28,57917.0
Blue,善導寺,2022-02-28,15432.0
Blue,忠孝新生,2022-02-28,27242.0
Blue,忠孝敦化,2022-02-28,37885.0
Blue,國父紀念館,2022-02-28,22911.0
Blue,市政府,2022-02-28,79192.0
Blue,永春,2022-02-28,21171.0
Blue,後山埤,2022-02-28,20354.0
Blue,昆陽,2022-02-28,12694.0
Blue,南港,2022-02-28,27347.0
Blue,忠孝復興,2022-02-28,34591.5
Blue,南港展覽館,2022-02-28,15592.5
Blue,台北車站,2022-03-01,95051.5
Blue,頂埔,2022-03-01,17831.0
Blue,永寧,2022-03-01,23988.0
Blue,土城,2022-03-01,14593.0
Blue,海山,2022-03-01,42301.0
Blue,亞東醫院,2022-03-01,47057.0
Blue,府中,2022-03-01,49382.0
Blue,板橋,2022-03-01,78801.0
Blue,新埔,2022-03-01,71823.0
Blue,江子翠,2022-03-01,48187.0
Blue,龍山寺,2022-03-01,44780.0
Blue,西門,2022-03-01,51574.0
Blue,善導寺,2022-03-01,41107.0
Blue,忠孝新生,2022-03-01,31628.0
Blue,忠孝敦化,2022-03-01,54396.0
Blue,國父紀念館,2022-03-01,33624.0
Blue,市政府,2022-03-01,98837.0
Blue,永春,2022-03-01,36976.0
Blue,後山埤,2022-03-01,28289.0
Blue,昆陽,2022-03-01,25998.0
Blue,南港,2022-03-01,34554.0
Blue,忠孝復興,2022-03-01,40126.5
Blue,南港展覽館,2022-03-01,30473.0
Blue,台北車站,2022-03-02,90545.5
Blue,頂埔,2022-03-02,17779.0
Blue,永寧,2022-03-02,23760.0
Blue,土城,2022-03-02,15059.0
Blue,海山,2022-03-02,42440.0
Blue,亞東醫院,2022-03-02,46402.0
Blue,府中,2022-03-02,49936.0
Blue,板橋,2022-03-02,77351.0
Blue,新埔,2022-03-02,72365.0
Blue,江子翠,2022-03-02,48570.0
Blue,龍山寺,2022-03-02,44787.0
Blue,西門,2022-03-02,53155.5
Blue,善導寺,2022-03-02,43144.0
Blue,忠孝新生,2022-03-02,32731.0
Blue,忠孝敦化,2022-03-02,55572.0
Blue,國父紀念館,2022-03-02,35511.0
Blue,市政府,2022-03-02,100421.0
Blue,永春,2022-03-02,37361.0
Blue,後山埤,2022-03-02,28847.0
Blue,昆陽,2022-03-02,26296.0
Blue,南港,2022-03-02,34648.0
Blue,忠孝復興,2022-03-02,40400.5
Blue,南港展覽館,2022-03-02,30881.5
Blue,台北車站,2022-03-03,92927.5
Blue,頂埔,2022-03-03,17871.0
Blue,永寧,2022-03-03,23726.0
Blue,土城,2022-03-03,14847.0
Blue,海山,2022-03-03,42802.0
Blue,亞東醫院,2022-03-03,46641.0
Blue,府中,2022-03-03,49793.0
Blue,板橋,2022-03-03,78288.0
Blue,新埔,2022-03-03,71692.0
Blue,江子翠,2022-03-03,48652.0
Blue,龍山寺,2022-03-03,46349.0
Blue,西門,2022-03-03,53181.5
Blue,善導寺,2022-03-03,42462.0
Blue,忠孝新生,2022-03-03,33242.0
Blue,忠孝敦化,2022-03-03,57018.0
Blue,國父紀念館,2022-03-03,35054.0
Blue,市政府,2022-03-03,102731.0
Blue,永春,2022-03-03,37946.0
Blue,後山埤,2022-03-03,29102.0
Blue,昆陽,2022-03-03,27548.0
Blue,南港,2022-03-03,35143.0
Blue,忠孝復興,2022-03-03,41469.5
Blue,南港展覽館,2022-03-03,31501.5
Blue,台北車站,2022-03-04,115451.0
Blue,頂埔,2022-03-04,18788.0
Blue,永寧,2022-03-04,26204.0
Blue,土城,2022-03-04,15921.0
Blue,海山,2022-03-04,44172.0
Blue,亞東醫院,2022-03-04,47847.0
Blue,府中,2022-03-04,54468.0
Blue,板橋,2022-03-04,90524.0
Blue,新埔,2022-03-04,75858.0
Blue,江子翠,2022-03-04,51285.0
Blue,龍山寺,2022-03-04,49082.0
Blue,西門,2022-03-04,65189.5
Blue,善導寺,2022-03-04,43390.0
Blue,忠孝新生,2022-03-04,37874.5
Blue,忠孝敦化,2022-03-04,65259.0
Blue,國父紀念館,2022-03-04,40286.0
Blue,市政府,2022-03-04,119170.0
Blue,永春,2022-03-04,40224.0
Blue,後山埤,2022-03-04,30644.0
Blue,昆陽,2022-03-04,28182.0
Blue,南港,2022-03-04,39713.0
Blue,忠孝復興,2022-03-04,48463.5
Blue,南港展覽館,2022-03-04,32589.5
Blue,台北車站,2022-03-05,110757.0
Blue,頂埔,2022-03-05,10950.0
Blue,永寧,2022-03-05,18430.0
Blue,土城,2022-03-05,11576.0
Blue,海山,2022-03-05,31135.0
Blue,亞東醫院,2022-03-05,29108.0
Blue,府中,2022-03-05,46857.0
Blue,板橋,2022-03-05,77930.0
Blue,新埔,2022-03-05,53877.0
Blue,江子翠,2022-03-05,38820.0
Blue,龍山寺,2022-03-05,43195.0
Blue,西門,2022-03-05,73322.5
Blue,善導寺,2022-03-05,27522.0
Blue,忠孝新生,2022-03-05,34135.5
Blue,忠孝敦化,2022-03-05,54233.0
Blue,國父紀念館,2022-03-05,31891.0
Blue,市政府,2022-03-05,95011.0
Blue,永春,2022-03-05,26678.0
Blue,後山埤,2022-03-05,25411.0
Blue,昆陽,2022-03-05,16764.0
Blue,南港,2022-03-05,27996.0
Blue,忠孝復興,2022-03-05,45788.5
Blue,南港展覽館,2022-03-05,19051.0
Blue,台北車站,2022-03-06,97050.5
Blue,頂埔,2022-03-06,9399.0
Blue,永寧,2022-03-06,14842.0
Blue,土城,2022-03-06,9089.0
Blue,海山,2022-03-06,24914.0
Blue,亞東醫院,2022-03-06,21028.0
Blue,府中,2022-03-06,35900.0
Blue,板橋,2022-03-06,67232.0
Blue,新埔,2022-03-06,42293.0
Blue,江子翠,2022-03-06,30080.0
Blue,龍山寺,2022-03-06,36006.0
Blue,西門,2022-03-06,58212.0
Blue,善導寺,2022-03-06,20763.0
Blue,忠孝新生,2022-03-06,26347.5
Blue,忠孝敦化,2022-03-06,37858.0
Blue,國父紀念館,2022-03-06,24280.0
Blue,市政府,2022-03-06,76135.0
Blue,永春,2022-03-06,21934.0
Blue,後山埤,2022-03-06,19174.0
Blue,昆陽,2022-03-06,12358.0
Blue,南港,2022-03-06,23858.0
Blue,忠孝復興,2022-03-06,33901.0
Blue,南港展覽館,2022-03-06,15316.5
Blue,台北車站,2022-03-07,95956.0
Blue,頂埔,2022-03-07,17631.0
Blue,永寧,2022-03-07,23320.0
Blue,土城,2022-03-07,14502.0
Blue,海山,2022-03-07,42445.0
Blue,亞東醫院,2022-03-07,46732.0
Blue,府中,2022-03-07,48563.0
Blue,板橋,2022-03-07,81987.0
Blue,新埔,2022-03-07,72329.0
Blue,江子翠,2022-03-07,47972.0
Blue,龍山寺,2022-03-07,42874.0
Blue,西門,2022-03-07,52007.0
Blue,善導寺,2022-03-07,42424.0
Blue,忠孝新生,2022-03-07,32322.5
Blue,忠孝敦化,2022-03-07,55806.0
Blue,國父紀念館,2022-03-07,33857.0
Blue,市政府,2022-03-07,103564.0
Blue,永春,2022-03-07,37470.0
Blue,後山埤,2022-03-07,29203.0
Blue,昆陽,2022-03-07,26655.0
Blue,南港,2022-03-07,35697.0
Blue,忠孝復興,2022-03-07,39966.5
Blue,南港展覽館,2022-03-07,29939.5
Blue,台北車站,2022-03-08,93617.0
Blue,頂埔,2022-03-08,18072.0
Blue,永寧,2022-03-08,24322.0
Blue,土城,2022-03-08,15293.0
Blue,海山,2022-03-08,43688.0
Blue,亞東醫院,2022-03-08,48049.0
Blue,府中,2022-03-08,51411.0
Blue,板橋,2022-03-08,81426.0
Blue,新埔,2022-03-08,73812.0
Blue,江子翠,2022-03-08,49712.0
Blue,龍山寺,2022-03-08,46969.0
Blue,西門,2022-03-08,55142.0
Blue,善導寺,2022-03-08,43315.0
Blue,忠孝新生,2022-03-08,33746.5
Blue,忠孝敦化,2022-03-08,58557.0
Blue,國父紀念館,2022-03-08,35895.0
Blue,市政府,2022-03-08,105490.0
Blue,永春,2022-03-08,38979.0
Blue,後山埤,2022-03-08,29703.0
Blue,昆陽,2022-03-08,26779.0
Blue,南港,2022-03-08,35806.0
Blue,忠孝復興,2022-03-08,42468.5
Blue,南港展覽館,2022-03-08,33129.0
Blue,台北車站,2022-03-09,94625.5
Blue,頂埔,2022-03-09,18046.0
Blue,永寧,2022-03-09,24728.0
Blue,土城,2022-03-09,15529.0
Blue,海山,2022-03-09,43510.0
Blue,亞東醫院,2022-03-09,47850.0
Blue,府中,2022-03-09,52130.0
Blue,板橋,2022-03-09,81835.0
Blue,新埔,2022-03-09,74505.0
Blue,江子翠,2022-03-09,50209.0
Blue,龍山寺,2022-03-09,47182.0
Blue,西門,2022-03-09,56619.0
Blue,善導寺,2022-03-09,44891.0
Blue,忠孝新生,2022-03-09,34117.5
Blue,忠孝敦化,2022-03-09,59763.0
Blue,國父紀念館,2022-03-09,36480.0
Blue,市政府,2022-03-09,106202.0
Blue,永春,2022-03-09,38783.0
Blue,後山埤,2022-03-09,29781.0
Blue,昆陽,2022-03-09,26844.0
Blue,南港,2022-03-09,37524.0
Blue,忠孝復興,2022-03-09,42948.0
Blue,南港展覽館,2022-03-09,37318.5
Blue,台北車站,2022-03-10,98969.0
Blue,頂埔,2022-03-10,18453.0
Blue,永寧,2022-03-10,25006.0
Blue,土城,2022-03-10,15311.0
Blue,海山,2022-03-10,43853.0
Blue,亞東醫院,2022-03-10,47870.0
Blue,府中,2022-03-10,51733.0
Blue,板橋,2022-03-10,82761.0
Blue,新埔,2022-03-10,73947.0
Blue,江子翠,2022-03-10,50181.0
Blue,龍山寺,2022-03-10,47565.0
Blue,西門,2022-03-10,56874.0
Blue,善導寺,2022-03-10,44258.0
Blue,忠孝新生,2022-03-10,35046.0
Blue,忠孝敦化,2022-03-10,60622.0
Blue,國父紀念館,2022-03-10,36518.0
Blue,市政府,2022-03-10,107436.0
Blue,永春,2022-03-10,37211.0
Blue,後山埤,2022-03-10,29732.0
Blue,昆陽,2022-03-10,28044.0
Blue,南港,2022-03-10,38666.0
Blue,忠孝復興,2022-03-10,44349.5
Blue,南港展覽館,2022-03-10,38480.5
Blue,台北車站,2022-03-11,125314.0
Blue,頂埔,2022-03-11,19326.0
Blue,永寧,2022-03-11,27316.0
Blue,土城,2022-03-11,16150.0
Blue,海山,2022-03-11,46050.0
Blue,亞東醫院,2022-03-11,49111.0
Blue,府中,2022-03-11,56254.0
Blue,板橋,2022-03-11,96447.0
Blue,新埔,2022-03-11,78578.0
Blue,江子翠,2022-03-11,53107.0
Blue,龍山寺,2022-03-11,49705.0
Blue,西門,2022-03-11,69185.5
Blue,善導寺,2022-03-11,46851.0
Blue,忠孝新生,2022-03-11,40174.0
Blue,忠孝敦化,2022-03-11,68799.0
Blue,國父紀念館,2022-03-11,41933.0
Blue,市政府,2022-03-11,126562.0
Blue,永春,2022-03-11,41985.0
Blue,後山埤,2022-03-11,32072.0
Blue,昆陽,2022-03-11,30856.0
Blue,南港,2022-03-11,44298.0
Blue,忠孝復興,2022-03-11,51148.5
Blue,南港展覽館,2022-03-11,39930.0
Blue,台北車站,2022-03-12,123744.5
Blue,頂埔,2022-03-12,12327.0
Blue,永寧,2022-03-12,20510.0
Blue,土城,2022-03-12,12651.0
Blue,海山,2022-03-12,33069.0
Blue,亞東醫院,2022-03-12,30428.0
Blue,府中,2022-03-12,49558.0
Blue,板橋,2022-03-12,82274.0
Blue,新埔,2022-03-12,56870.0
Blue,江子翠,2022-03-12,40617.0
Blue,龍山寺,2022-03-12,46751.0
Blue,西門,2022-03-12,79537.5
Blue,善導寺,2022-03-12,30876.0
Blue,忠孝新生,2022-03-12,38762.5
Blue,忠孝敦化,2022-03-12,58663.0
Blue,國父紀念館,2022-03-12,36380.0
Blue,市政府,2022-03-12,109731.0
Blue,永春,2022-03-12,28893.0
Blue,後山埤,2022-03-12,25886.0
Blue,昆陽,2022-03-12,21413.0
Blue,南港,2022-03-12,33542.0
Blue,忠孝復興,2022-03-12,48011.0
Blue,南港展覽館,2022-03-12,25110.5
Blue,台北車站,2022-03-13,111304.5
Blue,頂埔,2022-03-13,10421.0
Blue,永寧,2022-03-13,17274.0
Blue,土城,2022-03-13,9955.0
Blue,海山,2022-03-13,27118.0
Blue,亞東醫院,2022-03-13,23610.0
Blue,府中,2022-03-13,39715.0
Blue,板橋,2022-03-13,72828.0
Blue,新埔,2022-03-13,45839.0
Blue,江子翠,2022-03-13,33199.0
Blue,龍山寺,2022-03-13,38938.0
Blue,西門,2022-03-13,61841.0
Blue,善導寺,2022-03-13,22102.0
Blue,忠孝新生,2022-03-13,27968.5
Blue,忠孝敦化,2022-03-13,40641.0
Blue,國父紀念館,2022-03-13,25975.0
Blue,市政府,2022-03-13,83658.0
Blue,永春,2022-03-13,22840.0
Blue,後山埤,2022-03-13,20597.0
Blue,昆陽,2022-03-13,12856.0
Blue,南港,2022-03-13,25980.0
Blue,忠孝復興,2022-03-13,35393.0
Blue,南港展覽館,2022-03-13,15881.5
Blue,台北車站,2022-03-14,98249.0
Blue,頂埔,2022-03-14,17792.0
Blue,永寧,2022-03-14,24466.0
Blue,土城,2022-03-14,15106.0
Blue,海山,2022-03-14,43065.0
Blue,亞東醫院,2022-03-14,46458.0
Blue,府中,2022-03-14,49570.0
Blue,板橋,2022-03-14,80229.0
Blue,新埔,2022-03-14,71789.0
Blue,江子翠,2022-03-14,48193.0
Blue,龍山寺,2022-03-14,44414.0
Blue,西門,2022-03-14,53585.0
Blue,善導寺,2022-03-14,40602.0
Blue,忠孝新生,2022-03-14,32872.0
Blue,忠孝敦化,2022-03-14,55947.0
Blue,國父紀念館,2022-03-14,33937.0
Blue,市政府,2022-03-14,104283.0
Blue,永春,2022-03-14,36448.0
Blue,後山埤,2022-03-14,28856.0
Blue,昆陽,2022-03-14,26665.0
Blue,南港,2022-03-14,35588.0
Blue,忠孝復興,2022-03-14,40311.0
Blue,南港展覽館,2022-03-14,30759.5
Blue,台北車站,2022-03-15,95787.5
Blue,頂埔,2022-03-15,18337.0
Blue,永寧,2022-03-15,24687.0
Blue,土城,2022-03-15,15157.0
Blue,海山,2022-03-15,43622.0
Blue,亞東醫院,2022-03-15,48463.0
Blue,府中,2022-03-15,51718.0
Blue,板橋,2022-03-15,81029.0
Blue,新埔,2022-03-15,74106.0
Blue,江子翠,2022-03-15,50084.0
Blue,龍山寺,2022-03-15,45754.0
Blue,西門,2022-03-15,54391.5
Blue,善導寺,2022-03-15,43317.0
Blue,忠孝新生,2022-03-15,33100.5
Blue,忠孝敦化,2022-03-15,58303.0
Blue,國父紀念館,2022-03-15,35413.0
Blue,市政府,2022-03-15,105996.0
Blue,永春,2022-03-15,38314.0
Blue,後山埤,2022-03-15,29624.0
Blue,昆陽,2022-03-15,27321.0
Blue,南港,2022-03-15,35691.0
Blue,忠孝復興,2022-03-15,42480.5
Blue,南港展覽館,2022-03-15,31655.0
Blue,台北車站,2022-03-16,96643.5
Blue,頂埔,2022-03-16,18265.0
Blue,永寧,2022-03-16,24707.0
Blue,土城,2022-03-16,15649.0
Blue,海山,2022-03-16,43728.0
Blue,亞東醫院,2022-03-16,48165.0
Blue,府中,2022-03-16,51988.0
Blue,板橋,2022-03-16,80938.0
Blue,新埔,2022-03-16,74380.0
Blue,江子翠,2022-03-16,50049.0
Blue,龍山寺,2022-03-16,46298.0
Blue,西門,2022-03-16,55952.5
Blue,善導寺,2022-03-16,44751.0
Blue,忠孝新生,2022-03-16,33877.5
Blue,忠孝敦化,2022-03-16,59611.0
Blue,國父紀念館,2022-03-16,35963.0
Blue,市政府,2022-03-16,106727.0
Blue,永春,2022-03-16,38542.0
Blue,後山埤,2022-03-16,29874.0
Blue,昆陽,2022-03-16,27486.0
Blue,南港,2022-03-16,36565.0
Blue,忠孝復興,2022-03-16,43114.5
Blue,南港展覽館,2022-03-16,33027.5
Blue,台北車站,2022-03-17,100760.0
Blue,頂埔,2022-03-17,18117.0
Blue,永寧,2022-03-17,25129.0
Blue,土城,2022-03-17,15226.0
Blue,海山,2022-03-17,43612.0
Blue,亞東醫院,2022-03-17,47869.0
Blue,府中,2022-03-17,51761.0
Blue,板橋,2022-03-17,82285.0
Blue,新埔,2022-03-17,74183.0
Blue,江子翠,2022-03-17,50081.0
Blue,龍山寺,2022-03-17,47333.0
Blue,西門,2022-03-17,54809.5
Blue,善導寺,2022-03-17,44840.0
Blue,忠孝新生,2022-03-17,34556.5
Blue,忠孝敦化,2022-03-17,61364.0
Blue,國父紀念館,2022-03-17,37024.0
Blue,市政府,2022-03-17,108803.0
Blue,永春,2022-03-17,38974.0
Blue,後山埤,2022-03-17,30739.0
Blue,昆陽,2022-03-17,27908.0
Blue,南港,2022-03-17,38837.0
Blue,忠孝復興,2022-03-17,43872.5
Blue,南港展覽館,2022-03-17,42728.0
Blue,台北車站,2022-03-18,124978.0
Blue,頂埔,2022-03-18,19025.0
Blue,永寧,2022-03-18,26698.0
Blue,土城,2022-03-18,16004.0
Blue,海山,2022-03-18,45409.0
Blue,亞東醫院,2022-03-18,48804.0
Blue,府中,2022-03-18,54980.0
Blue,板橋,2022-03-18,95655.0
Blue,新埔,2022-03-18,77190.0
Blue,江子翠,2022-03-18,52104.0
Blue,龍山寺,2022-03-18,48180.0
Blue,西門,2022-03-18,67916.0
Blue,善導寺,2022-03-18,45597.0
Blue,忠孝新生,2022-03-18,39971.0
Blue,忠孝敦化,2022-03-18,69475.0
Blue,國父紀念館,2022-03-18,40848.0
Blue,市政府,2022-03-18,125761.0
Blue,永春,2022-03-18,41195.0
Blue,後山埤,2022-03-18,31570.0
Blue,昆陽,2022-03-18,28400.0
Blue,南港,2022-03-18,45323.0
Blue,忠孝復興,2022-03-18,50587.5
Blue,南港展覽館,2022-03-18,48751.5
Blue,台北車站,2022-03-19,117918.0
Blue,頂埔,2022-03-19,11630.0
Blue,永寧,2022-03-19,19833.0
Blue,土城,2022-03-19,13450.0
Blue,海山,2022-03-19,32679.0
Blue,亞東醫院,2022-03-19,30527.0
Blue,府中,2022-03-19,49070.0
Blue,板橋,2022-03-19,80388.0
Blue,新埔,2022-03-19,55622.0
Blue,江子翠,2022-03-19,40578.0
Blue,龍山寺,2022-03-19,46144.0
Blue,西門,2022-03-19,73045.5
Blue,善導寺,2022-03-19,26706.0
Blue,忠孝新生,2022-03-19,36670.0
Blue,忠孝敦化,2022-03-19,56096.0
Blue,國父紀念館,2022-03-19,32853.0
Blue,市政府,2022-03-19,99775.0
Blue,永春,2022-03-19,28734.0
Blue,後山埤,2022-03-19,25228.0
Blue,昆陽,2022-03-19,17241.0
Blue,南港,2022-03-19,33373.0
Blue,忠孝復興,2022-03-19,47068.5
Blue,南港展覽館,2022-03-19,35721.5
Blue,台北車站,2022-03-20,110483.5
Blue,頂埔,2022-03-20,10685.0
Blue,永寧,2022-03-20,16978.0
Blue,土城,2022-03-20,11150.0
Blue,海山,2022-03-20,26937.0
Blue,亞東醫院,2022-03-20,22883.0
Blue,府中,2022-03-20,38570.0
Blue,板橋,2022-03-20,73000.0
Blue,新埔,2022-03-20,46009.0
Blue,江子翠,2022-03-20,32313.0
Blue,龍山寺,2022-03-20,39148.0
Blue,西門,2022-03-20,60550.0
Blue,善導寺,2022-03-20,22134.0
Blue,忠孝新生,2022-03-20,27960.5
Blue,忠孝敦化,2022-03-20,40043.0
Blue,國父紀念館,2022-03-20,25889.0
Blue,市政府,2022-03-20,81108.0
Blue,永春,2022-03-20,23847.0
Blue,後山埤,2022-03-20,20255.0
Blue,昆陽,2022-03-20,13137.0
Blue,南港,2022-03-20,29074.0
Blue,忠孝復興,2022-03-20,35096.5
Blue,南港展覽館,2022-03-20,29390.5
Blue,台北車站,2022-03-21,96264.5
Blue,頂埔,2022-03-21,18063.0
Blue,永寧,2022-03-21,24663.0
Blue,土城,2022-03-21,15312.0
Blue,海山,2022-03-21,42916.0
Blue,亞東醫院,2022-03-21,47063.0
Blue,府中,2022-03-21,49313.0
Blue,板橋,2022-03-21,80746.0
Blue,新埔,2022-03-21,71900.0
Blue,江子翠,2022-03-21,48974.0
Blue,龍山寺,2022-03-21,50313.0
Blue,西門,2022-03-21,52062.5
Blue,善導寺,2022-03-21,41345.0
Blue,忠孝新生,2022-03-21,32973.0
Blue,忠孝敦化,2022-03-21,55683.0
Blue,國父紀念館,2022-03-21,34113.0
Blue,市政府,2022-03-21,102665.0
Blue,永春,2022-03-21,36714.0
Blue,後山埤,2022-03-21,28815.0
Blue,昆陽,2022-03-21,27170.0
Blue,南港,2022-03-21,35382.0
Blue,忠孝復興,2022-03-21,40288.5
Blue,南港展覽館,2022-03-21,31906.0
Blue,台北車站,2022-03-22,94394.0
Blue,頂埔,2022-03-22,18300.0
Blue,永寧,2022-03-22,24251.0
Blue,土城,2022-03-22,15093.0
Blue,海山,2022-03-22,43602.0
Blue,亞東醫院,2022-03-22,48507.0
Blue,府中,2022-03-22,50179.0
Blue,板橋,2022-03-22,81076.0
Blue,新埔,2022-03-22,74123.0
Blue,江子翠,2022-03-22,49793.0
Blue,龍山寺,2022-03-22,44523.0
Blue,西門,2022-03-22,52618.5
Blue,善導寺,2022-03-22,44625.0
Blue,忠孝新生,2022-03-22,33347.5
Blue,忠孝敦化,2022-03-22,58264.0
Blue,國父紀念館,2022-03-22,36203.0
Blue,市政府,2022-03-22,106049.0
Blue,永春,2022-03-22,38667.0
Blue,後山埤,2022-03-22,29624.0
Blue,昆陽,2022-03-22,27226.0
Blue,南港,2022-03-22,36909.0
Blue,忠孝復興,2022-03-22,44043.0
Blue,南港展覽館,2022-03-22,35072.0
Blue,台北車站,2022-03-23,96984.0
Blue,頂埔,2022-03-23,18032.0
Blue,永寧,2022-03-23,23884.0
Blue,土城,2022-03-23,15251.0
Blue,海山,2022-03-23,43678.0
Blue,亞東醫院,2022-03-23,48309.0
Blue,府中,2022-03-23,50793.0
Blue,板橋,2022-03-23,83173.0
Blue,新埔,2022-03-23,74827.0
Blue,江子翠,2022-03-23,50659.0
Blue,龍山寺,2022-03-23,44818.0
Blue,西門,2022-03-23,56785.0
Blue,善導寺,2022-03-23,45851.0
Blue,忠孝新生,2022-03-23,34231.5
Blue,忠孝敦化,2022-03-23,60998.0
Blue,國父紀念館,2022-03-23,36841.0
Blue,市政府,2022-03-23,108836.0
Blue,永春,2022-03-23,39505.0
Blue,後山埤,2022-03-23,30053.0
Blue,昆陽,2022-03-23,27212.0
Blue,南港,2022-03-23,38250.0
Blue,忠孝復興,2022-03-23,44374.5
Blue,南港展覽館,2022-03-23,35872.0
Blue,台北車站,2022-03-24,97766.5
Blue,頂埔,2022-03-24,18323.0
Blue,永寧,2022-03-24,24661.0
Blue,土城,2022-03-24,15168.0
Blue,海山,2022-03-24,43814.0
Blue,亞東醫院,2022-03-24,47906.0
Blue,府中,2022-03-24,50967.0
Blue,板橋,2022-03-24,82632.0
Blue,新埔,2022-03-24,74122.0
Blue,江子翠,2022-03-24,50724.0
Blue,龍山寺,2022-03-24,46139.0
Blue,西門,2022-03-24,55078.5
Blue,善導寺,2022-03-24,44269.0
Blue,忠孝新生,2022-03-24,35033.5
Blue,忠孝敦化,2022-03-24,60363.0
Blue,國父紀念館,2022-03-24,37178.0
Blue,市政府,2022-03-24,110937.0
Blue,永春,2022-03-24,38823.0
Blue,後山埤,2022-03-24,29632.0
Blue,昆陽,2022-03-24,27862.0
Blue,南港,2022-03-24,37802.0
Blue,忠孝復興,2022-03-24,44266.5
Blue,南港展覽館,2022-03-24,34883.0
Blue,台北車站,2022-03-25,123900.5
Blue,頂埔,2022-03-25,19226.0
Blue,永寧,2022-03-25,27669.0
Blue,土城,2022-03-25,16349.0
Blue,海山,2022-03-25,45918.0
Blue,亞東醫院,2022-03-25,49529.0
Blue,府中,2022-03-25,55724.0
Blue,板橋,2022-03-25,96605.0
Blue,新埔,2022-03-25,78011.0
Blue,江子翠,2022-03-25,52816.0
Blue,龍山寺,2022-03-25,49654.0
Blue,西門,2022-03-25,69495.5
Blue,善導寺,2022-03-25,45592.0
Blue,忠孝新生,2022-03-25,40039.0
Blue,忠孝敦化,2022-03-25,69335.0
Blue,國父紀念館,2022-03-25,42107.0
Blue,市政府,2022-03-25,127963.0
Blue,永春,2022-03-25,41384.0
Blue,後山埤,2022-03-25,31759.0
Blue,昆陽,2022-03-25,29568.0
Blue,南港,2022-03-25,43671.0
Blue,忠孝復興,2022-03-25,53124.0
Blue,南港展覽館,2022-03-25,36455.0
Blue,台北車站,2022-03-26,118983.0
Blue,頂埔,2022-03-26,11233.0
Blue,永寧,2022-03-26,18190.0
Blue,土城,2022-03-26,13379.0
Blue,海山,2022-03-26,30900.0
Blue,亞東醫院,2022-03-26,28727.0
Blue,府中,2022-03-26,46326.0
Blue,板橋,2022-03-26,86067.0
Blue,新埔,2022-03-26,55273.0
Blue,江子翠,2022-03-26,38860.0
Blue,龍山寺,2022-03-26,41825.0
Blue,西門,2022-03-26,71686.5
Blue,善導寺,2022-03-26,28067.0
Blue,忠孝新生,2022-03-26,35720.0
Blue,忠孝敦化,2022-03-26,56845.0
Blue,國父紀念館,2022-03-26,31149.0
Blue,市政府,2022-03-26,101729.0
Blue,永春,2022-03-26,28710.0
Blue,後山埤,2022-03-26,25284.0
Blue,昆陽,2022-03-26,15353.0
Blue,南港,2022-03-26,30924.0
Blue,忠孝復興,2022-03-26,49061.0
Blue,南港展覽館,2022-03-26,23276.5
Blue,台北車站,2022-03-27,104870.5
Blue,頂埔,2022-03-27,9164.0
Blue,永寧,2022-03-27,14647.0
Blue,土城,2022-03-27,9850.0
Blue,海山,2022-03-27,23681.0
Blue,亞東醫院,2022-03-27,20412.0
Blue,府中,2022-03-27,35750.0
Blue,板橋,2022-03-27,70011.0
Blue,新埔,2022-03-27,42547.0
Blue,江子翠,2022-03-27,30715.0
Blue,龍山寺,2022-03-27,34290.0
Blue,西門,2022-03-27,55317.0
Blue,善導寺,2022-03-27,21705.0
Blue,忠孝新生,2022-03-27,26745.5
Blue,忠孝敦化,2022-03-27,39559.0
Blue,國父紀念館,2022-03-27,24574.0
Blue,市政府,2022-03-27,80734.0
Blue,永春,2022-03-27,23117.0
Blue,後山埤,2022-03-27,19267.0
Blue,昆陽,2022-03-27,12075.0
Blue,南港,2022-03-27,25625.0
Blue,忠孝復興,2022-03-27,36712.5
Blue,南港展覽館,2022-03-27,14734.5
Blue,台北車站,2022-03-28,98450.0
Blue,頂埔,2022-03-28,17819.0
Blue,永寧,2022-03-28,23055.0
Blue,土城,2022-03-28,14642.0
Blue,海山,2022-03-28,42354.0
Blue,亞東醫院,2022-03-28,46541.0
Blue,府中,2022-03-28,47640.0
Blue,板橋,2022-03-28,83688.0
Blue,新埔,2022-03-28,72045.0
Blue,江子翠,2022-03-28,48534.0
Blue,龍山寺,2022-03-28,41948.0
Blue,西門,2022-03-28,50882.0
Blue,善導寺,2022-03-28,43513.0
Blue,忠孝新生,2022-03-28,33044.0
Blue,忠孝敦化,2022-03-28,56069.0
Blue,國父紀念館,2022-03-28,35863.0
Blue,市政府,2022-03-28,106291.0
Blue,永春,2022-03-28,37889.0
Blue,後山埤,2022-03-28,29291.0
Blue,昆陽,2022-03-28,27249.0
Blue,南港,2022-03-28,36479.0
Blue,忠孝復興,2022-03-28,41505.5
Blue,南港展覽館,2022-03-28,29275.5
Blue,台北車站,2022-03-29,93871.5
Blue,頂埔,2022-03-29,18279.0
Blue,永寧,2022-03-29,24251.0
Blue,土城,2022-03-29,14941.0
Blue,海山,2022-03-29,43285.0
Blue,亞東醫院,2022-03-29,48137.0
Blue,府中,2022-03-29,50074.0
Blue,板橋,2022-03-29,80501.0
Blue,新埔,2022-03-29,73486.0
Blue,江子翠,2022-03-29,49846.0
Blue,龍山寺,2022-03-29,45373.0
Blue,西門,2022-03-29,53397.5
Blue,善導寺,2022-03-29,42967.0
Blue,忠孝新生,2022-03-29,32843.0
Blue,忠孝敦化,2022-03-29,58055.0
Blue,國父紀念館,2022-03-29,35053.0
Blue,市政府,2022-03-29,104151.0
Blue,永春,2022-03-29,38773.0
Blue,後山埤,2022-03-29,29207.0
Blue,昆陽,2022-03-29,27227.0
Blue,南港,2022-03-29,36024.0
Blue,忠孝復興,2022-03-29,42621.0
Blue,南港展覽館,2022-03-29,31274.5
Blue,台北車站,2022-03-30,96289.5
Blue,頂埔,2022-03-30,18320.0
Blue,永寧,2022-03-30,24384.0
Blue,土城,2022-03-30,15614.0
Blue,海山,2022-03-30,43184.0
Blue,亞東醫院,2022-03-30,47691.0
Blue,府中,2022-03-30,51394.0
Blue,板橋,2022-03-30,81099.0
Blue,新埔,2022-03-30,73539.0
Blue,江子翠,2022-03-30,50338.0
Blue,龍山寺,2022-03-30,46136.0
Blue,西門,2022-03-30,55592.5
Blue,善導寺,2022-03-30,45337.0
Blue,忠孝新生,2022-03-30,34086.5
Blue,忠孝敦化,2022-03-30,59200.0
Blue,國父紀念館,2022-03-30,36303.0
Blue,市政府,2022-03-30,106490.0
Blue,永春,2022-03-30,38696.0
Blue,後山埤,2022-03-30,29875.0
Blue,昆陽,2022-03-30,27365.0
Blue,南港,2022-03-30,36182.0
Blue,忠孝復興,2022-03-30,43637.0
Blue,南港展覽館,2022-03-30,31874.0
Blue,台北車站,2022-03-31,102486.0
Blue,頂埔,2022-03-31,18066.0
Blue,永寧,2022-03-31,24343.0
Blue,土城,2022-03-31,15268.0
Blue,海山,2022-03-31,42965.0
Blue,亞東醫院,2022-03-31,46808.0
Blue,府中,2022-03-31,50144.0
Blue,板橋,2022-03-31,82287.0
Blue,新埔,2022-03-31,73306.0
Blue,江子翠,2022-03-31,50183.0
Blue,龍山寺,2022-03-31,44538.0
Blue,西門,2022-03-31,53585.0
Blue,善導寺,2022-03-31,44657.0
Blue,忠孝新生,2022-03-31,34726.5
Blue,忠孝敦化,2022-03-31,59347.0
Blue,國父紀念館,2022-03-31,37213.0
Blue,市政府,2022-03-31,110245.0
Blue,永春,2022-03-31,39369.0
Blue,後山埤,2022-03-31,29398.0
Blue,昆陽,2022-03-31,27976.0
Blue,南港,2022-03-31,36857.0
Blue,忠孝復興,2022-03-31,45502.0
Blue,南港展覽館,2022-03-31,31575.0
Blue,台北車站,2022-04-01,125197.0
Blue,頂埔,2022-04-01,18720.0
Blue,永寧,2022-04-01,25529.0
Blue,土城,2022-04-01,15789.0
Blue,海山,2022-04-01,43946.0
Blue,亞東醫院,2022-04-01,48344.0
Blue,府中,2022-04-01,52230.0
Blue,板橋,2022-04-01,93589.0
Blue,新埔,2022-04-01,75359.0
Blue,江子翠,2022-04-01,50493.0
Blue,龍山寺,2022-04-01,46852.0
Blue,西門,2022-04-01,62079.5
Blue,善導寺,2022-04-01,43800.0
Blue,忠孝新生,2022-04-01,37817.0
Blue,忠孝敦化,2022-04-01,64173.0
Blue,國父紀念館,2022-04-01,38977.0
Blue,市政府,2022-04-01,119373.0
Blue,永春,2022-04-01,39928.0
Blue,後山埤,2022-04-01,31105.0
Blue,昆陽,2022-04-01,27505.0
Blue,南港,2022-04-01,44782.0
Blue,忠孝復興,2022-04-01,49580.0
Blue,南港展覽館,2022-04-01,35094.0
Blue,台北車站,2022-04-02,99339.5
Blue,頂埔,2022-04-02,8681.0
Blue,永寧,2022-04-02,12938.0
Blue,土城,2022-04-02,9099.0
Blue,海山,2022-04-02,23995.0
Blue,亞東醫院,2022-04-02,22278.0
Blue,府中,2022-04-02,34487.0
Blue,板橋,2022-04-02,65221.0
Blue,新埔,2022-04-02,41908.0
Blue,江子翠,2022-04-02,30024.0
Blue,龍山寺,2022-04-02,32225.0
Blue,西門,2022-04-02,54482.5
Blue,善導寺,2022-04-02,21681.0
Blue,忠孝新生,2022-04-02,26682.5
Blue,忠孝敦化,2022-04-02,43013.0
Blue,國父紀念館,2022-04-02,22596.0
Blue,市政府,2022-04-02,79892.0
Blue,永春,2022-04-02,23255.0
Blue,後山埤,2022-04-02,19563.0
Blue,昆陽,2022-04-02,13711.0
Blue,南港,2022-04-02,30784.0
Blue,忠孝復興,2022-04-02,39192.5
Blue,南港展覽館,2022-04-02,19817.5
Blue,台北車站,2022-04-03,77157.0
Blue,頂埔,2022-04-03,7624.0
Blue,永寧,2022-04-03,10946.0
Blue,土城,2022-04-03,7956.0
Blue,海山,2022-04-03,20523.0
Blue,亞東醫院,2022-04-03,17307.0
Blue,府中,2022-04-03,29501.0
Blue,板橋,2022-04-03,53055.0
Blue,新埔,2022-04-03,34293.0
Blue,江子翠,2022-04-03,24501.0
Blue,龍山寺,2022-04-03,30433.0
Blue,西門,2022-04-03,50387.5
Blue,善導寺,2022-04-03,17990.0
Blue,忠孝新生,2022-04-03,23075.0
Blue,忠孝敦化,2022-04-03,34205.0
Blue,國父紀念館,2022-04-03,18718.0
Blue,市政府,2022-04-03,69069.0
Blue,永春,2022-04-03,18714.0
Blue,後山埤,2022-04-03,15863.0
Blue,昆陽,2022-04-03,9929.0
Blue,南港,2022-04-03,22786.0
Blue,忠孝復興,2022-04-03,26606.0
Blue,南港展覽館,2022-04-03,17367.5
Blue,台北車站,2022-04-04,78166.5
Blue,頂埔,2022-04-04,8323.0
Blue,永寧,2022-04-04,12828.0
Blue,土城,2022-04-04,9007.0
Blue,海山,2022-04-04,22109.0
Blue,亞東醫院,2022-04-04,21947.0
Blue,府中,2022-04-04,31376.0
Blue,板橋,2022-04-04,56700.0
Blue,新埔,2022-04-04,37069.0
Blue,江子翠,2022-04-04,26396.0
Blue,龍山寺,2022-04-04,31988.0
Blue,西門,2022-04-04,50956.0
Blue,善導寺,2022-04-04,15366.0
Blue,忠孝新生,2022-04-04,22289.5
Blue,忠孝敦化,2022-04-04,33234.0
Blue,國父紀念館,2022-04-04,17772.0
Blue,市政府,2022-04-04,68514.0
Blue,永春,2022-04-04,18107.0
Blue,後山埤,2022-04-04,17499.0
Blue,昆陽,2022-04-04,10459.0
Blue,南港,2022-04-04,24102.0
Blue,忠孝復興,2022-04-04,28515.0
Blue,南港展覽館,2022-04-04,17804.0
Blue,台北車站,2022-04-05,80202.5
Blue,頂埔,2022-04-05,8237.0
Blue,永寧,2022-04-05,11672.0
Blue,土城,2022-04-05,8001.0
Blue,海山,2022-04-05,20436.0
Blue,亞東醫院,2022-04-05,17596.0
Blue,府中,2022-04-05,27164.0
Blue,板橋,2022-04-05,56333.0
Blue,新埔,2022-04-05,33943.0
Blue,江子翠,2022-04-05,24676.0
Blue,龍山寺,2022-04-05,28518.0
Blue,西門,2022-04-05,40653.0
Blue,善導寺,2022-04-05,14339.0
Blue,忠孝新生,2022-04-05,18733.0
Blue,忠孝敦化,2022-04-05,29189.0
Blue,國父紀念館,2022-04-05,16149.0
Blue,市政府,2022-04-05,59455.0
Blue,永春,2022-04-05,17854.0
Blue,後山埤,2022-04-05,16308.0
Blue,昆陽,2022-04-05,10591.0
Blue,南港,2022-04-05,23114.0
Blue,忠孝復興,2022-04-05,25026.5
Blue,南港展覽館,2022-04-05,12387.0
Blue,台北車站,2022-04-06,97220.0
Blue,頂埔,2022-04-06,17020.0
Blue,永寧,2022-04-06,22263.0
Blue,土城,2022-04-06,14275.0
Blue,海山,2022-04-06,39563.0
Blue,亞東醫院,2022-04-06,43613.0
Blue,府中,2022-04-06,46142.0
Blue,板橋,2022-04-06,75840.0
Blue,新埔,2022-04-06,64491.0
Blue,江子翠,2022-04-06,46722.0
Blue,龍山寺,2022-04-06,42034.0
Blue,西門,2022-04-06,49483.0
Blue,善導寺,2022-04-06,34094.0
Blue,忠孝新生,2022-04-06,29181.5
Blue,忠孝敦化,2022-04-06,53343.0
Blue,國父紀念館,2022-04-06,33212.0
Blue,市政府,2022-04-06,97042.0
Blue,永春,2022-04-06,35554.0
Blue,後山埤,2022-04-06,27662.0
Blue,昆陽,2022-04-06,25047.0
Blue,南港,2022-04-06,31146.0
Blue,忠孝復興,2022-04-06,37388.0
Blue,南港展覽館,2022-04-06,29076.5
Blue,台北車站,2022-04-07,85715.5
Blue,頂埔,2022-04-07,16745.0
Blue,永寧,2022-04-07,21590.0
Blue,土城,2022-04-07,13786.0
Blue,海山,2022-04-07,39497.0
Blue,亞東醫院,2022-04-07,42459.0
Blue,府中,2022-04-07,45462.0
Blue,板橋,2022-04-07,72176.0
Blue,新埔,2022-04-07,64090.0
Blue,江子翠,2022-04-07,45838.0
Blue,龍山寺,2022-04-07,40628.0
Blue,西門,2022-04-07,46277.0
Blue,善導寺,2022-04-07,33902.0
Blue,忠孝新生,2022-04-07,30628.0
Blue,忠孝敦化,2022-04-07,53097.0
Blue,國父紀念館,2022-04-07,32793.0
Blue,市政府,2022-04-07,95616.0
Blue,永春,2022-04-07,35694.0
Blue,後山埤,2022-04-07,27140.0
Blue,昆陽,2022-04-07,25791.0
Blue,南港,2022-04-07,29837.0
Blue,忠孝復興,2022-04-07,37124.0
Blue,南港展覽館,2022-04-07,29385.5
Blue,台北車站,2022-04-08,101261.0
Blue,頂埔,2022-04-08,17333.0
Blue,永寧,2022-04-08,23241.0
Blue,土城,2022-04-08,14449.0
Blue,海山,2022-04-08,40728.0
Blue,亞東醫院,2022-04-08,43754.0
Blue,府中,2022-04-08,48799.0
Blue,板橋,2022-04-08,80071.0
Blue,新埔,2022-04-08,66364.0
Blue,江子翠,2022-04-08,47839.0
Blue,龍山寺,2022-04-08,43078.0
Blue,西門,2022-04-08,54789.0
Blue,善導寺,2022-04-08,36516.0
Blue,忠孝新生,2022-04-08,33555.5
Blue,忠孝敦化,2022-04-08,58737.0
Blue,國父紀念館,2022-04-08,35975.0
Blue,市政府,2022-04-08,106644.0
Blue,永春,2022-04-08,37720.0
Blue,後山埤,2022-04-08,28436.0
Blue,昆陽,2022-04-08,28846.0
Blue,南港,2022-04-08,33874.0
Blue,忠孝復興,2022-04-08,41975.5
Blue,南港展覽館,2022-04-08,30118.5
Blue,台北車站,2022-04-09,86802.0
Blue,頂埔,2022-04-09,9294.0
Blue,永寧,2022-04-09,14794.0
Blue,土城,2022-04-09,9358.0
Blue,海山,2022-04-09,25905.0
Blue,亞東醫院,2022-04-09,25229.0
Blue,府中,2022-04-09,37529.0
Blue,板橋,2022-04-09,58662.0
Blue,新埔,2022-04-09,45165.0
Blue,江子翠,2022-04-09,32518.0
Blue,龍山寺,2022-04-09,36161.0
Blue,西門,2022-04-09,53116.0
Blue,善導寺,2022-04-09,21457.0
Blue,忠孝新生,2022-04-09,25476.0
Blue,忠孝敦化,2022-04-09,45087.0
Blue,國父紀念館,2022-04-09,24326.0
Blue,市政府,2022-04-09,77334.0
Blue,永春,2022-04-09,24585.0
Blue,後山埤,2022-04-09,21200.0
Blue,昆陽,2022-04-09,17822.0
Blue,南港,2022-04-09,24186.0
Blue,忠孝復興,2022-04-09,36662.0
Blue,南港展覽館,2022-04-09,16692.0
Blue,台北車站,2022-04-10,78804.5
Blue,頂埔,2022-04-10,8456.0
Blue,永寧,2022-04-10,12584.0
Blue,土城,2022-04-10,7783.0
Blue,海山,2022-04-10,22154.0
Blue,亞東醫院,2022-04-10,18403.0
Blue,府中,2022-04-10,30872.0
Blue,板橋,2022-04-10,53281.0
Blue,新埔,2022-04-10,36691.0
Blue,江子翠,2022-04-10,26823.0
Blue,龍山寺,2022-04-10,30143.0
Blue,西門,2022-04-10,45380.0
Blue,善導寺,2022-04-10,16540.0
Blue,忠孝新生,2022-04-10,19237.5
Blue,忠孝敦化,2022-04-10,31516.0
Blue,國父紀念館,2022-04-10,19640.0
Blue,市政府,2022-04-10,64389.0
Blue,永春,2022-04-10,21897.0
Blue,後山埤,2022-04-10,16730.0
Blue,昆陽,2022-04-10,13045.0
Blue,南港,2022-04-10,20588.0
Blue,忠孝復興,2022-04-10,26493.5
Blue,南港展覽館,2022-04-10,13639.5
Blue,台北車站,2022-04-11,82209.0
Blue,頂埔,2022-04-11,15750.0
Blue,永寧,2022-04-11,21361.0
Blue,土城,2022-04-11,13501.0
Blue,海山,2022-04-11,38109.0
Blue,亞東醫院,2022-04-11,41546.0
Blue,府中,2022-04-11,43038.0
Blue,板橋,2022-04-11,68938.0
Blue,新埔,2022-04-11,64794.0
Blue,江子翠,2022-04-11,44325.0
Blue,龍山寺,2022-04-11,38918.0
Blue,西門,2022-04-11,44301.5
Blue,善導寺,2022-04-11,32472.0
Blue,忠孝新生,2022-04-11,25307.5
Blue,忠孝敦化,2022-04-11,48176.0
Blue,國父紀念館,2022-04-11,30387.0
Blue,市政府,2022-04-11,90886.0
Blue,永春,2022-04-11,33676.0
Blue,後山埤,2022-04-11,26164.0
Blue,昆陽,2022-04-11,23766.0
Blue,南港,2022-04-11,28686.0
Blue,忠孝復興,2022-04-11,34878.0
Blue,南港展覽館,2022-04-11,27868.5
Blue,台北車站,2022-04-12,82465.0
Blue,頂埔,2022-04-12,15890.0
Blue,永寧,2022-04-12,21718.0
Blue,土城,2022-04-12,13777.0
Blue,海山,2022-04-12,39093.0
Blue,亞東醫院,2022-04-12,42586.0
Blue,府中,2022-04-12,44725.0
Blue,板橋,2022-04-12,69203.0
Blue,新埔,2022-04-12,66345.0
Blue,江子翠,2022-04-12,45076.0
Blue,龍山寺,2022-04-12,40107.0
Blue,西門,2022-04-12,45879.5
Blue,善導寺,2022-04-12,33401.0
Blue,忠孝新生,2022-04-12,26503.5
Blue,忠孝敦化,2022-04-12,51232.0
Blue,國父紀念館,2022-04-12,31940.0
Blue,市政府,2022-04-12,92417.0
Blue,永春,2022-04-12,35057.0
Blue,後山埤,2022-04-12,26627.0
Blue,昆陽,2022-04-12,24859.0
Blue,南港,2022-04-12,30721.0
Blue,忠孝復興,2022-04-12,36756.0
Blue,南港展覽館,2022-04-12,28046.0
Blue,台北車站,2022-04-13,82939.5
Blue,頂埔,2022-04-13,16014.0
Blue,永寧,2022-04-13,21589.0
Blue,土城,2022-04-13,13895.0
Blue,海山,2022-04-13,38840.0
Blue,亞東醫院,2022-04-13,42423.0
Blue,府中,2022-04-13,44797.0
Blue,板橋,2022-04-13,69291.0
Blue,新埔,2022-04-13,66658.0
Blue,江子翠,2022-04-13,45316.0
Blue,龍山寺,2022-04-13,40702.0
Blue,西門,2022-04-13,46212.0
Blue,善導寺,2022-04-13,33810.0
Blue,忠孝新生,2022-04-13,26863.5
Blue,忠孝敦化,2022-04-13,51631.0
Blue,國父紀念館,2022-04-13,32768.0
Blue,市政府,2022-04-13,93004.0
Blue,永春,2022-04-13,35062.0
Blue,後山埤,2022-04-13,27165.0
Blue,昆陽,2022-04-13,27818.0
Blue,南港,2022-04-13,31834.0
Blue,忠孝復興,2022-04-13,37098.0
Blue,南港展覽館,2022-04-13,28406.0
Blue,台北車站,2022-04-14,84287.0
Blue,頂埔,2022-04-14,15524.0
Blue,永寧,2022-04-14,20631.0
Blue,土城,2022-04-14,13494.0
Blue,海山,2022-04-14,36673.0
Blue,亞東醫院,2022-04-14,41152.0
Blue,府中,2022-04-14,43596.0
Blue,板橋,2022-04-14,70607.0
Blue,新埔,2022-04-14,65806.0
Blue,江子翠,2022-04-14,44810.0
Blue,龍山寺,2022-04-14,39652.0
Blue,西門,2022-04-14,45566.5
Blue,善導寺,2022-04-14,34070.0
Blue,忠孝新生,2022-04-14,30248.0
Blue,忠孝敦化,2022-04-14,51947.0
Blue,國父紀念館,2022-04-14,32174.0
Blue,市政府,2022-04-14,94405.0
Blue,永春,2022-04-14,35569.0
Blue,後山埤,2022-04-14,26909.0
Blue,昆陽,2022-04-14,28160.0
Blue,南港,2022-04-14,31639.0
Blue,忠孝復興,2022-04-14,36942.0
Blue,南港展覽館,2022-04-14,27800.5
Blue,台北車站,2022-04-15,99008.0
Blue,頂埔,2022-04-15,15554.0
Blue,永寧,2022-04-15,22608.0
Blue,土城,2022-04-15,13693.0
Blue,海山,2022-04-15,37909.0
Blue,亞東醫院,2022-04-15,42305.0
Blue,府中,2022-04-15,46518.0
Blue,板橋,2022-04-15,77983.0
Blue,新埔,2022-04-15,68527.0
Blue,江子翠,2022-04-15,46248.0
Blue,龍山寺,2022-04-15,41506.0
Blue,西門,2022-04-15,52100.0
Blue,善導寺,2022-04-15,35428.0
Blue,忠孝新生,2022-04-15,32077.0
Blue,忠孝敦化,2022-04-15,56818.0
Blue,國父紀念館,2022-04-15,36521.0
Blue,市政府,2022-04-15,102598.0
Blue,永春,2022-04-15,37015.0
Blue,後山埤,2022-04-15,29077.0
Blue,昆陽,2022-04-15,28221.0
Blue,南港,2022-04-15,35923.0
Blue,忠孝復興,2022-04-15,41482.5
Blue,南港展覽館,2022-04-15,28867.5
Blue,台北車站,2022-04-16,81193.0
Blue,頂埔,2022-04-16,9098.0
Blue,永寧,2022-04-16,13914.0
Blue,土城,2022-04-16,8806.0
Blue,海山,2022-04-16,24719.0
Blue,亞東醫院,2022-04-16,23439.0
Blue,府中,2022-04-16,34926.0
Blue,板橋,2022-04-16,55563.0
Blue,新埔,2022-04-16,42679.0
Blue,江子翠,2022-04-16,30516.0
Blue,龍山寺,2022-04-16,33693.0
Blue,西門,2022-04-16,49628.0
Blue,善導寺,2022-04-16,19441.0
Blue,忠孝新生,2022-04-16,24086.5
Blue,忠孝敦化,2022-04-16,42477.0
Blue,國父紀念館,2022-04-16,25682.0
Blue,市政府,2022-04-16,71639.0
Blue,永春,2022-04-16,23256.0
Blue,後山埤,2022-04-16,20523.0
Blue,昆陽,2022-04-16,17261.0
Blue,南港,2022-04-16,22610.0
Blue,忠孝復興,2022-04-16,35385.0
Blue,南港展覽館,2022-04-16,16967.5
Blue,台北車站,2022-04-17,73881.0
Blue,頂埔,2022-04-17,8087.0
Blue,永寧,2022-04-17,11612.0
Blue,土城,2022-04-17,7083.0
Blue,海山,2022-04-17,19623.0
Blue,亞東醫院,2022-04-17,17081.0
Blue,府中,2022-04-17,27594.0
Blue,板橋,2022-04-17,49077.0
Blue,新埔,2022-04-17,33678.0
Blue,江子翠,2022-04-17,24345.0
Blue,龍山寺,2022-04-17,27033.0
Blue,西門,2022-04-17,41122.0
Blue,善導寺,2022-04-17,15068.0
Blue,忠孝新生,2022-04-17,18825.0
Blue,忠孝敦化,2022-04-17,28430.0
Blue,國父紀念館,2022-04-17,20028.0
Blue,市政府,2022-04-17,58275.0
Blue,永春,2022-04-17,18042.0
Blue,後山埤,2022-04-17,15759.0
Blue,昆陽,2022-04-17,12468.0
Blue,南港,2022-04-17,18836.0
Blue,忠孝復興,2022-04-17,25089.5
Blue,南港展覽館,2022-04-17,12004.0
Blue,台北車站,2022-04-18,78732.0
Blue,頂埔,2022-04-18,15622.0
Blue,永寧,2022-04-18,20912.0
Blue,土城,2022-04-18,13308.0
Blue,海山,2022-04-18,37486.0
Blue,亞東醫院,2022-04-18,41719.0
Blue,府中,2022-04-18,41806.0
Blue,板橋,2022-04-18,67557.0
Blue,新埔,2022-04-18,63120.0
Blue,江子翠,2022-04-18,42623.0
Blue,龍山寺,2022-04-18,38039.0
Blue,西門,2022-04-18,42718.5
Blue,善導寺,2022-04-18,35528.0
Blue,忠孝新生,2022-04-18,26978.0
Blue,忠孝敦化,2022-04-18,45726.0
Blue,國父紀念館,2022-04-18,28554.0
Blue,市政府,2022-04-18,82442.0
Blue,永春,2022-04-18,32382.0
Blue,後山埤,2022-04-18,25126.0
Blue,昆陽,2022-04-18,23509.0
Blue,南港,2022-04-18,29808.0
Blue,忠孝復興,2022-04-18,33109.5
Blue,南港展覽館,2022-04-18,27229.5
Blue,台北車站,2022-04-19,78252.5
Blue,頂埔,2022-04-19,15562.0
Blue,永寧,2022-04-19,20518.0
Blue,土城,2022-04-19,13163.0
Blue,海山,2022-04-19,37783.0
Blue,亞東醫院,2022-04-19,42634.0
Blue,府中,2022-04-19,42998.0
Blue,板橋,2022-04-19,68673.0
Blue,新埔,2022-04-19,65001.0
Blue,江子翠,2022-04-19,43659.0
Blue,龍山寺,2022-04-19,38294.0
Blue,西門,2022-04-19,43587.0
Blue,善導寺,2022-04-19,37739.0
Blue,忠孝新生,2022-04-19,28660.5
Blue,忠孝敦化,2022-04-19,48148.0
Blue,國父紀念館,2022-04-19,29681.0
Blue,市政府,2022-04-19,84732.0
Blue,永春,2022-04-19,33223.0
Blue,後山埤,2022-04-19,26100.0
Blue,昆陽,2022-04-19,24221.0
Blue,南港,2022-04-19,30557.0
Blue,忠孝復興,2022-04-19,35319.5
Blue,南港展覽館,2022-04-19,27843.0
Blue,台北車站,2022-04-20,76299.0
Blue,頂埔,2022-04-20,15271.0
Blue,永寧,2022-04-20,20662.0
Blue,土城,2022-04-20,13432.0
Blue,海山,2022-04-20,37475.0
Blue,亞東醫院,2022-04-20,42187.0
Blue,府中,2022-04-20,42983.0
Blue,板橋,2022-04-20,67538.0
Blue,新埔,2022-04-20,64373.0
Blue,江子翠,2022-04-20,43404.0
Blue,龍山寺,2022-04-20,38863.0
Blue,西門,2022-04-20,43850.0
Blue,善導寺,2022-04-20,38055.0
Blue,忠孝新生,2022-04-20,28468.5
Blue,忠孝敦化,2022-04-20,47717.0
Blue,國父紀念館,2022-04-20,29938.0
Blue,市政府,2022-04-20,82541.0
Blue,永春,2022-04-20,30998.0
Blue,後山埤,2022-04-20,25449.0
Blue,昆陽,2022-04-20,23937.0
Blue,南港,2022-04-20,30113.0
Blue,忠孝復興,2022-04-20,34798.5
Blue,南港展覽館,2022-04-20,29391.0
Blue,台北車站,2022-04-21,75729.5
Blue,頂埔,2022-04-21,15103.0
Blue,永寧,2022-04-21,19854.0
Blue,土城,2022-04-21,13079.0
Blue,海山,2022-04-21,36566.0
Blue,亞東醫院,2022-04-21,40538.0
Blue,府中,2022-04-21,41991.0
Blue,板橋,2022-04-21,64977.0
Blue,新埔,2022-04-21,62192.0
Blue,江子翠,2022-04-21,42872.0
Blue,龍山寺,2022-04-21,36944.0
Blue,西門,2022-04-21,42184.5
Blue,善導寺,2022-04-21,36015.0
Blue,忠孝新生,2022-04-21,26793.5
Blue,忠孝敦化,2022-04-21,46831.0
Blue,國父紀念館,2022-04-21,28891.0
Blue,市政府,2022-04-21,82100.0
Blue,永春,2022-04-21,30146.0
Blue,後山埤,2022-04-21,24575.0
Blue,昆陽,2022-04-21,23856.0
Blue,南港,2022-04-21,28944.0
Blue,忠孝復興,2022-04-21,34618.5
Blue,南港展覽館,2022-04-21,28501.5
Blue,台北車站,2022-04-22,88925.5
Blue,頂埔,2022-04-22,15190.0
Blue,永寧,2022-04-22,21525.0
Blue,土城,2022-04-22,13332.0
Blue,海山,2022-04-22,36926.0
Blue,亞東醫院,2022-04-22,40286.0
Blue,府中,2022-04-22,43899.0
Blue,板橋,2022-04-22,71256.0
Blue,新埔,2022-04-22,62890.0
Blue,江子翠,2022-04-22,43405.0
Blue,龍山寺,2022-04-22,38014.0
Blue,西門,2022-04-22,47374.5
Blue,善導寺,2022-04-22,35443.0
Blue,忠孝新生,2022-04-22,28786.0
Blue,忠孝敦化,2022-04-22,50134.0
Blue,國父紀念館,2022-04-22,30085.0
Blue,市政府,2022-04-22,89847.0
Blue,永春,2022-04-22,31306.0
Blue,後山埤,2022-04-22,25786.0
Blue,昆陽,2022-04-22,23735.0
Blue,南港,2022-04-22,31454.0
Blue,忠孝復興,2022-04-22,37902.5
Blue,南港展覽館,2022-04-22,29004.0
Blue,台北車站,2022-04-23,67987.5
Blue,頂埔,2022-04-23,8204.0
Blue,永寧,2022-04-23,12347.0
Blue,土城,2022-04-23,8107.0
Blue,海山,2022-04-23,22163.0
Blue,亞東醫院,2022-04-23,20533.0
Blue,府中,2022-04-23,32370.0
Blue,板橋,2022-04-23,47867.0
Blue,新埔,2022-04-23,38364.0
Blue,江子翠,2022-04-23,28401.0
Blue,龍山寺,2022-04-23,29695.0
Blue,西門,2022-04-23,41683.0
Blue,善導寺,2022-04-23,17653.0
Blue,忠孝新生,2022-04-23,21957.0
Blue,忠孝敦化,2022-04-23,35604.0
Blue,國父紀念館,2022-04-23,18956.0
Blue,市政府,2022-04-23,61705.0
Blue,永春,2022-04-23,20070.0
Blue,後山埤,2022-04-23,17532.0
Blue,昆陽,2022-04-23,10869.0
Blue,南港,2022-04-23,18761.0
Blue,忠孝復興,2022-04-23,31245.5
Blue,南港展覽館,2022-04-23,15648.0
Blue,台北車站,2022-04-24,61728.0
Blue,頂埔,2022-04-24,7178.0
Blue,永寧,2022-04-24,10779.0
Blue,土城,2022-04-24,6574.0
Blue,海山,2022-04-24,17465.0
Blue,亞東醫院,2022-04-24,15099.0
Blue,府中,2022-04-24,24670.0
Blue,板橋,2022-04-24,42174.0
Blue,新埔,2022-04-24,30162.0
Blue,江子翠,2022-04-24,21842.0
Blue,龍山寺,2022-04-24,23380.0
Blue,西門,2022-04-24,33094.0
Blue,善導寺,2022-04-24,13430.0
Blue,忠孝新生,2022-04-24,15610.0
Blue,忠孝敦化,2022-04-24,25634.0
Blue,國父紀念館,2022-04-24,14632.0
Blue,市政府,2022-04-24,51218.0
Blue,永春,2022-04-24,15721.0
Blue,後山埤,2022-04-24,13921.0
Blue,昆陽,2022-04-24,8582.0
Blue,南港,2022-04-24,16033.0
Blue,忠孝復興,2022-04-24,23186.5
Blue,南港展覽館,2022-04-24,10643.5
Blue,台北車站,2022-04-25,71270.5
Blue,頂埔,2022-04-25,14065.0
Blue,永寧,2022-04-25,18845.0
Blue,土城,2022-04-25,12260.0
Blue,海山,2022-04-25,33906.0
Blue,亞東醫院,2022-04-25,37111.0
Blue,府中,2022-04-25,37223.0
Blue,板橋,2022-04-25,60778.0
Blue,新埔,2022-04-25,56540.0
Blue,江子翠,2022-04-25,38572.0
Blue,龍山寺,2022-04-25,32205.0
Blue,西門,2022-04-25,38772.5
Blue,善導寺,2022-04-25,30385.0
Blue,忠孝新生,2022-04-25,24776.5
Blue,忠孝敦化,2022-04-25,40443.0
Blue,國父紀念館,2022-04-25,26555.0
Blue,市政府,2022-04-25,73689.0
Blue,永春,2022-04-25,25431.0
Blue,後山埤,2022-04-25,21945.0
Blue,昆陽,2022-04-25,20803.0
Blue,南港,2022-04-25,24094.0
Blue,忠孝復興,2022-04-25,30393.0
Blue,南港展覽館,2022-04-25,24414.0
Blue,台北車站,2022-04-26,69358.0
Blue,頂埔,2022-04-26,14082.0
Blue,永寧,2022-04-26,19231.0
Blue,土城,2022-04-26,11956.0
Blue,海山,2022-04-26,33968.0
Blue,亞東醫院,2022-04-26,37404.0
Blue,府中,2022-04-26,38366.0
Blue,板橋,2022-04-26,60117.0
Blue,新埔,2022-04-26,57899.0
Blue,江子翠,2022-04-26,39360.0
Blue,龍山寺,2022-04-26,32982.0
Blue,西門,2022-04-26,39129.0
Blue,善導寺,2022-04-26,31533.0
Blue,忠孝新生,2022-04-26,25262.5
Blue,忠孝敦化,2022-04-26,42457.0
Blue,國父紀念館,2022-04-26,27174.0
Blue,市政府,2022-04-26,74470.0
Blue,永春,2022-04-26,26832.0
Blue,後山埤,2022-04-26,22635.0
Blue,昆陽,2022-04-26,21412.0
Blue,南港,2022-04-26,24587.0
Blue,忠孝復興,2022-04-26,34128.0
Blue,南港展覽館,2022-04-26,25662.0
Blue,台北車站,2022-04-27,68232.5
Blue,頂埔,2022-04-27,13940.0
Blue,永寧,2022-04-27,18502.0
Blue,土城,2022-04-27,12035.0
Blue,海山,2022-04-27,33579.0
Blue,亞東醫院,2022-04-27,36565.0
Blue,府中,2022-04-27,38286.0
Blue,板橋,2022-04-27,60375.0
Blue,新埔,2022-04-27,56975.0
Blue,江子翠,2022-04-27,38994.0
Blue,龍山寺,2022-04-27,32649.0
Blue,西門,2022-04-27,39376.0
Blue,善導寺,2022-04-27,26679.0
Blue,忠孝新生,2022-04-27,25582.5
Blue,忠孝敦化,2022-04-27,43102.0
Blue,國父紀念館,2022-04-27,28061.0
Blue,市政府,2022-04-27,75173.0
Blue,永春,2022-04-27,26483.0
Blue,後山埤,2022-04-27,22656.0
Blue,昆陽,2022-04-27,21295.0
Blue,南港,2022-04-27,26246.0
Blue,忠孝復興,2022-04-27,32870.5
Blue,南港展覽館,2022-04-27,29317.5
Blue,台北車站,2022-04-28,69794.0
Blue,頂埔,2022-04-28,13879.0
Blue,永寧,2022-04-28,18800.0
Blue,土城,2022-04-28,11792.0
Blue,海山,2022-04-28,33283.0
Blue,亞東醫院,2022-04-28,36032.0
Blue,府中,2022-04-28,37819.0
Blue,板橋,2022-04-28,60220.0
Blue,新埔,2022-04-28,56066.0
Blue,江子翠,2022-04-28,38205.0
Blue,龍山寺,2022-04-28,32212.0
Blue,西門,2022-04-28,38852.5
Blue,善導寺,2022-04-28,26183.0
Blue,忠孝新生,2022-04-28,25309.5
Blue,忠孝敦化,2022-04-28,43153.0
Blue,國父紀念館,2022-04-28,27244.0
Blue,市政府,2022-04-28,75821.0
Blue,永春,2022-04-28,26564.0
Blue,後山埤,2022-04-28,22335.0
Blue,昆陽,2022-04-28,20833.0
Blue,南港,2022-04-28,25946.0
Blue,忠孝復興,2022-04-28,32869.5
Blue,南港展覽館,2022-04-28,29030.0
Blue,台北車站,2022-04-29,82913.0
Blue,頂埔,2022-04-29,13996.0
Blue,永寧,2022-04-29,19507.0
Blue,土城,2022-04-29,12006.0
Blue,海山,2022-04-29,33312.0
Blue,亞東醫院,2022-04-29,35948.0
Blue,府中,2022-04-29,39287.0
Blue,板橋,2022-04-29,65637.0
Blue,新埔,2022-04-29,56822.0
Blue,江子翠,2022-04-29,38702.0
Blue,龍山寺,2022-04-29,33077.0
Blue,西門,2022-04-29,43623.0
Blue,善導寺,2022-04-29,26884.0
Blue,忠孝新生,2022-04-29,26385.5
Blue,忠孝敦化,2022-04-29,47000.0
Blue,國父紀念館,2022-04-29,29389.0
Blue,市政府,2022-04-29,84825.0
Blue,永春,2022-04-29,27838.0
Blue,後山埤,2022-04-29,23257.0
Blue,昆陽,2022-04-29,21319.0
Blue,南港,2022-04-29,29014.0
Blue,忠孝復興,2022-04-29,36175.5
Blue,南港展覽館,2022-04-29,28639.0
Blue,台北車站,2022-04-30,62209.0
Blue,頂埔,2022-04-30,8062.0
Blue,永寧,2022-04-30,12106.0
Blue,土城,2022-04-30,7373.0
Blue,海山,2022-04-30,20348.0
Blue,亞東醫院,2022-04-30,19945.0
Blue,府中,2022-04-30,28545.0
Blue,板橋,2022-04-30,43732.0
Blue,新埔,2022-04-30,35708.0
Blue,江子翠,2022-04-30,25184.0
Blue,龍山寺,2022-04-30,26526.0
Blue,西門,2022-04-30,38835.5
Blue,善導寺,2022-04-30,15671.0
Blue,忠孝新生,2022-04-30,20319.0
Blue,忠孝敦化,2022-04-30,34127.0
Blue,國父紀念館,2022-04-30,18560.0
Blue,市政府,2022-04-30,60623.0
Blue,永春,2022-04-30,19480.0
Blue,後山埤,2022-04-30,17314.0
Blue,昆陽,2022-04-30,10283.0
Blue,南港,2022-04-30,18309.0
Blue,忠孝復興,2022-04-30,30669.0
Blue,南港展覽館,2022-04-30,13514.5
Blue,台北車站,2022-05-01,50791.0
Blue,頂埔,2022-05-01,6235.0
Blue,永寧,2022-05-01,10503.0
Blue,土城,2022-05-01,5494.0
Blue,海山,2022-05-01,15956.0
Blue,亞東醫院,2022-05-01,16509.0
Blue,府中,2022-05-01,23734.0
Blue,板橋,2022-05-01,35120.0
Blue,新埔,2022-05-01,28096.0
Blue,江子翠,2022-05-01,18874.0
Blue,龍山寺,2022-05-01,22557.0
Blue,西門,2022-05-01,31568.5
Blue,善導寺,2022-05-01,12626.0
Blue,忠孝新生,2022-05-01,16269.0
Blue,忠孝敦化,2022-05-01,24336.0
Blue,國父紀念館,2022-05-01,15006.0
Blue,市政府,2022-05-01,51410.0
Blue,永春,2022-05-01,15808.0
Blue,後山埤,2022-05-01,13070.0
Blue,昆陽,2022-05-01,8275.0
Blue,南港,2022-05-01,13665.0
Blue,忠孝復興,2022-05-01,22653.0
Blue,南港展覽館,2022-05-01,13429.5
Blue,台北車站,2022-05-02,58742.5
Blue,頂埔,2022-05-02,7033.0
Blue,永寧,2022-05-02,10903.0
Blue,土城,2022-05-02,7446.0
Blue,海山,2022-05-02,21976.0
Blue,亞東醫院,2022-05-02,23557.0
Blue,府中,2022-05-02,25268.0
Blue,板橋,2022-05-02,46338.0
Blue,新埔,2022-05-02,34801.0
Blue,江子翠,2022-05-02,24036.0
Blue,龍山寺,2022-05-02,24558.0
Blue,西門,2022-05-02,29960.0
Blue,善導寺,2022-05-02,16271.0
Blue,忠孝新生,2022-05-02,16820.0
Blue,忠孝敦化,2022-05-02,26524.0
Blue,國父紀念館,2022-05-02,16135.0
Blue,市政府,2022-05-02,56599.0
Blue,永春,2022-05-02,20855.0
Blue,後山埤,2022-05-02,16342.0
Blue,昆陽,2022-05-02,12675.0
Blue,南港,2022-05-02,18831.0
Blue,忠孝復興,2022-05-02,25392.5
Blue,南港展覽館,2022-05-02,11881.0
Blue,台北車站,2022-05-03,64450.5
Blue,頂埔,2022-05-03,13152.0
Blue,永寧,2022-05-03,17579.0
Blue,土城,2022-05-03,11003.0
Blue,海山,2022-05-03,32185.0
Blue,亞東醫院,2022-05-03,35447.0
Blue,府中,2022-05-03,35355.0
Blue,板橋,2022-05-03,55495.0
Blue,新埔,2022-05-03,53602.0
Blue,江子翠,2022-05-03,36127.0
Blue,龍山寺,2022-05-03,30754.0
Blue,西門,2022-05-03,35634.0
Blue,善導寺,2022-05-03,24923.0
Blue,忠孝新生,2022-05-03,22815.0
Blue,忠孝敦化,2022-05-03,39960.0
Blue,國父紀念館,2022-05-03,25345.0
Blue,市政府,2022-05-03,72505.0
Blue,永春,2022-05-03,29401.0
Blue,後山埤,2022-05-03,21285.0
Blue,昆陽,2022-05-03,20643.0
Blue,南港,2022-05-03,24145.0
Blue,忠孝復興,2022-05-03,29796.5
Blue,南港展覽館,2022-05-03,22826.5
Blue,台北車站,2022-05-04,64656.5
Blue,頂埔,2022-05-04,12926.0
Blue,永寧,2022-05-04,17699.0
Blue,土城,2022-05-04,11072.0
Blue,海山,2022-05-04,31537.0
Blue,亞東醫院,2022-05-04,34628.0
Blue,府中,2022-05-04,35706.0
Blue,板橋,2022-05-04,56729.0
Blue,新埔,2022-05-04,53301.0
Blue,江子翠,2022-05-04,36097.0
Blue,龍山寺,2022-05-04,30652.0
Blue,西門,2022-05-04,37009.0
Blue,善導寺,2022-05-04,30424.0
Blue,忠孝新生,2022-05-04,23598.0
Blue,忠孝敦化,2022-05-04,40589.0
Blue,國父紀念館,2022-05-04,25778.0
Blue,市政府,2022-05-04,73722.0
Blue,永春,2022-05-04,28366.0
Blue,後山埤,2022-05-04,21752.0
Blue,昆陽,2022-05-04,20475.0
Blue,南港,2022-05-04,24177.0
Blue,忠孝復興,2022-05-04,30441.5
Blue,南港展覽館,2022-05-04,23341.5
Blue,台北車站,2022-05-05,63879.0
Blue,頂埔,2022-05-05,12541.0
Blue,永寧,2022-05-05,17279.0
Blue,土城,2022-05-05,10875.0
Blue,海山,2022-05-05,29404.0
Blue,亞東醫院,2022-05-05,33204.0
Blue,府中,2022-05-05,34697.0
Blue,板橋,2022-05-05,54580.0
Blue,新埔,2022-05-05,51604.0
Blue,江子翠,2022-05-05,34903.0
Blue,龍山寺,2022-05-05,29736.0
Blue,西門,2022-05-05,35154.5
Blue,善導寺,2022-05-05,29162.0
Blue,忠孝新生,2022-05-05,22881.5
Blue,忠孝敦化,2022-05-05,40084.0
Blue,國父紀念館,2022-05-05,25537.0
Blue,市政府,2022-05-05,70707.0
Blue,永春,2022-05-05,27605.0
Blue,後山埤,2022-05-05,20907.0
Blue,昆陽,2022-05-05,20028.0
Blue,南港,2022-05-05,23904.0
Blue,忠孝復興,2022-05-05,30131.5
Blue,南港展覽館,2022-05-05,22884.0
Blue,台北車站,2022-05-06,77571.0
Blue,頂埔,2022-05-06,12398.0
Blue,永寧,2022-05-06,17987.0
Blue,土城,2022-05-06,11034.0
Blue,海山,2022-05-06,29506.0
Blue,亞東醫院,2022-05-06,32906.0
Blue,府中,2022-05-06,35562.0
Blue,板橋,2022-05-06,60696.0
Blue,新埔,2022-05-06,52108.0
Blue,江子翠,2022-05-06,35540.0
Blue,龍山寺,2022-05-06,30444.0
Blue,西門,2022-05-06,39833.5
Blue,善導寺,2022-05-06,27647.0
Blue,忠孝新生,2022-05-06,24392.5
Blue,忠孝敦化,2022-05-06,42437.0
Blue,國父紀念館,2022-05-06,26143.0
Blue,市政府,2022-05-06,76667.0
Blue,永春,2022-05-06,28236.0
Blue,後山埤,2022-05-06,21489.0
Blue,昆陽,2022-05-06,19887.0
Blue,南港,2022-05-06,26088.0
Blue,忠孝復興,2022-05-06,34313.0
Blue,南港展覽館,2022-05-06,24587.5
Blue,台北車站,2022-05-07,53302.5
Blue,頂埔,2022-05-07,6293.0
Blue,永寧,2022-05-07,10027.0
Blue,土城,2022-05-07,6321.0
Blue,海山,2022-05-07,17151.0
Blue,亞東醫院,2022-05-07,16767.0
Blue,府中,2022-05-07,24287.0
Blue,板橋,2022-05-07,39146.0
Blue,新埔,2022-05-07,30808.0
Blue,江子翠,2022-05-07,21928.0
Blue,龍山寺,2022-05-07,22964.0
Blue,西門,2022-05-07,33149.5
Blue,善導寺,2022-05-07,12890.0
Blue,忠孝新生,2022-05-07,16152.0
Blue,忠孝敦化,2022-05-07,29172.0
Blue,國父紀念館,2022-05-07,16829.0
Blue,市政府,2022-05-07,51978.0
Blue,永春,2022-05-07,16555.0
Blue,後山埤,2022-05-07,14393.0
Blue,昆陽,2022-05-07,8987.0
Blue,南港,2022-05-07,15557.0
Blue,忠孝復興,2022-05-07,27075.0
Blue,南港展覽館,2022-05-07,13846.5
Blue,台北車站,2022-05-08,48414.0
Blue,頂埔,2022-05-08,5417.0
Blue,永寧,2022-05-08,7934.0
Blue,土城,2022-05-08,4848.0
Blue,海山,2022-05-08,13187.0
Blue,亞東醫院,2022-05-08,11734.0
Blue,府中,2022-05-08,17734.0
Blue,板橋,2022-05-08,33720.0
Blue,新埔,2022-05-08,23487.0
Blue,江子翠,2022-05-08,16722.0
Blue,龍山寺,2022-05-08,18505.0
Blue,西門,2022-05-08,25402.5
Blue,善導寺,2022-05-08,10214.0
Blue,忠孝新生,2022-05-08,12177.5
Blue,忠孝敦化,2022-05-08,18900.0
Blue,國父紀念館,2022-05-08,12023.0
Blue,市政府,2022-05-08,40842.0
Blue,永春,2022-05-08,12717.0
Blue,後山埤,2022-05-08,11174.0
Blue,昆陽,2022-05-08,7097.0
Blue,南港,2022-05-08,13514.0
Blue,忠孝復興,2022-05-08,19522.0
Blue,南港展覽館,2022-05-08,11240.0
Blue,台北車站,2022-05-09,59147.5
Blue,頂埔,2022-05-09,11659.0
Blue,永寧,2022-05-09,15281.0
Blue,土城,2022-05-09,9946.0
Blue,海山,2022-05-09,27154.0
Blue,亞東醫院,2022-05-09,29772.0
Blue,府中,2022-05-09,31019.0
Blue,板橋,2022-05-09,51032.0
Blue,新埔,2022-05-09,46671.0
Blue,江子翠,2022-05-09,32116.0
Blue,龍山寺,2022-05-09,26912.0
Blue,西門,2022-05-09,31605.5
Blue,善導寺,2022-05-09,22399.0
Blue,忠孝新生,2022-05-09,19141.0
Blue,忠孝敦化,2022-05-09,34540.0
Blue,國父紀念館,2022-05-09,22860.0
Blue,市政府,2022-05-09,63313.0
Blue,永春,2022-05-09,22234.0
Blue,後山埤,2022-05-09,18915.0
Blue,昆陽,2022-05-09,18005.0
Blue,南港,2022-05-09,20303.0
Blue,忠孝復興,2022-05-09,26063.5
Blue,南港展覽館,2022-05-09,20634.5
Blue,台北車站,2022-05-10,57384.0
Blue,頂埔,2022-05-10,11876.0
Blue,永寧,2022-05-10,15129.0
Blue,土城,2022-05-10,10101.0
Blue,海山,2022-05-10,27408.0
Blue,亞東醫院,2022-05-10,30229.0
Blue,府中,2022-05-10,31579.0
Blue,板橋,2022-05-10,50553.0
Blue,新埔,2022-05-10,47460.0
Blue,江子翠,2022-05-10,32868.0
Blue,龍山寺,2022-05-10,27418.0
Blue,西門,2022-05-10,31891.0
Blue,善導寺,2022-05-10,23473.0
Blue,忠孝新生,2022-05-10,19443.0
Blue,忠孝敦化,2022-05-10,36668.0
Blue,國父紀念館,2022-05-10,23453.0
Blue,市政府,2022-05-10,64356.0
Blue,永春,2022-05-10,23474.0
Blue,後山埤,2022-05-10,19532.0
Blue,昆陽,2022-05-10,18314.0
Blue,南港,2022-05-10,20460.0
Blue,忠孝復興,2022-05-10,27337.5
Blue,南港展覽館,2022-05-10,20248.5
Blue,台北車站,2022-05-11,57280.5
Blue,頂埔,2022-05-11,11731.0
Blue,永寧,2022-05-11,15142.0
Blue,土城,2022-05-11,10127.0
Blue,海山,2022-05-11,27409.0
Blue,亞東醫院,2022-05-11,30443.0
Blue,府中,2022-05-11,32002.0
Blue,板橋,2022-05-11,51504.0
Blue,新埔,2022-05-11,47893.0
Blue,江子翠,2022-05-11,32791.0
Blue,龍山寺,2022-05-11,28421.0
Blue,西門,2022-05-11,33347.5
Blue,善導寺,2022-05-11,23649.0
Blue,忠孝新生,2022-05-11,19724.0
Blue,忠孝敦化,2022-05-11,36983.0
Blue,國父紀念館,2022-05-11,24069.0
Blue,市政府,2022-05-11,64147.0
Blue,永春,2022-05-11,23382.0
Blue,後山埤,2022-05-11,19606.0
Blue,昆陽,2022-05-11,18552.0
Blue,南港,2022-05-11,21587.0
Blue,忠孝復興,2022-05-11,27674.0
Blue,南港展覽館,2022-05-11,20189.0
Blue,台北車站,2022-05-12,57806.0
Blue,頂埔,2022-05-12,11696.0
Blue,永寧,2022-05-12,15312.0
Blue,土城,2022-05-12,9941.0
Blue,海山,2022-05-12,28375.0
Blue,亞東醫院,2022-05-12,29229.0
Blue,府中,2022-05-12,30775.0
Blue,板橋,2022-05-12,50810.0
Blue,新埔,2022-05-12,46910.0
Blue,江子翠,2022-05-12,32185.0
Blue,龍山寺,2022-05-12,27222.0
Blue,西門,2022-05-12,32051.0
Blue,善導寺,2022-05-12,23072.0
Blue,忠孝新生,2022-05-12,19261.5
Blue,忠孝敦化,2022-05-12,36965.0
Blue,國父紀念館,2022-05-12,23242.0
Blue,市政府,2022-05-12,65194.0
Blue,永春,2022-05-12,23742.0
Blue,後山埤,2022-05-12,19223.0
Blue,昆陽,2022-05-12,18414.0
Blue,南港,2022-05-12,22021.0
Blue,忠孝復興,2022-05-12,27091.5
Blue,南港展覽館,2022-05-12,20026.5
Blue,台北車站,2022-05-13,66463.0
Blue,頂埔,2022-05-13,11632.0
Blue,永寧,2022-05-13,15780.0
Blue,土城,2022-05-13,9984.0
Blue,海山,2022-05-13,29017.0
Blue,亞東醫院,2022-05-13,29271.0
Blue,府中,2022-05-13,33291.0
Blue,板橋,2022-05-13,54691.0
Blue,新埔,2022-05-13,48252.0
Blue,江子翠,2022-05-13,33037.0
Blue,龍山寺,2022-05-13,28319.0
Blue,西門,2022-05-13,36349.5
Blue,善導寺,2022-05-13,23697.0
Blue,忠孝新生,2022-05-13,21411.0
Blue,忠孝敦化,2022-05-13,40706.0
Blue,國父紀念館,2022-05-13,25060.0
Blue,市政府,2022-05-13,71369.0
Blue,永春,2022-05-13,25162.0
Blue,後山埤,2022-05-13,19777.0
Blue,昆陽,2022-05-13,18610.0
Blue,南港,2022-05-13,22574.0
Blue,忠孝復興,2022-05-13,29883.5
Blue,南港展覽館,2022-05-13,20595.5
Blue,台北車站,2022-05-14,49149.0
Blue,頂埔,2022-05-14,5719.0
Blue,永寧,2022-05-14,8072.0
Blue,土城,2022-05-14,5680.0
Blue,海山,2022-05-14,15318.0
Blue,亞東醫院,2022-05-14,15498.0
Blue,府中,2022-05-14,22473.0
Blue,板橋,2022-05-14,35352.0
Blue,新埔,2022-05-14,27918.0
Blue,江子翠,2022-05-14,19726.0
Blue,龍山寺,2022-05-14,21063.0
Blue,西門,2022-05-14,31361.0
Blue,善導寺,2022-05-14,12346.0
Blue,忠孝新生,2022-05-14,14978.0
Blue,忠孝敦化,2022-05-14,29281.0
Blue,國父紀念館,2022-05-14,16459.0
Blue,市政府,2022-05-14,49193.0
Blue,永春,2022-05-14,15888.0
Blue,後山埤,2022-05-14,13116.0
Blue,昆陽,2022-05-14,8286.0
Blue,南港,2022-05-14,14451.0
Blue,忠孝復興,2022-05-14,24610.0
Blue,南港展覽館,2022-05-14,11755.0
Blue,台北車站,2022-05-15,45923.0
Blue,頂埔,2022-05-15,4746.0
Blue,永寧,2022-05-15,6877.0
Blue,土城,2022-05-15,4552.0
Blue,海山,2022-05-15,12311.0
Blue,亞東醫院,2022-05-15,11094.0
Blue,府中,2022-05-15,18302.0
Blue,板橋,2022-05-15,32429.0
Blue,新埔,2022-05-15,22531.0
Blue,江子翠,2022-05-15,16003.0
Blue,龍山寺,2022-05-15,18472.0
Blue,西門,2022-05-15,26367.0
Blue,善導寺,2022-05-15,9586.0
Blue,忠孝新生,2022-05-15,12378.5
Blue,忠孝敦化,2022-05-15,20909.0
Blue,國父紀念館,2022-05-15,12819.0
Blue,市政府,2022-05-15,40914.0
Blue,永春,2022-05-15,13319.0
Blue,後山埤,2022-05-15,10677.0
Blue,昆陽,2022-05-15,6852.0
Blue,南港,2022-05-15,12278.0
Blue,忠孝復興,2022-05-15,18851.0
Blue,南港展覽館,2022-05-15,7784.0
Blue,台北車站,2022-05-16,57004.5
Blue,頂埔,2022-05-16,10919.0
Blue,永寧,2022-05-16,14408.0
Blue,土城,2022-05-16,9565.0
Blue,海山,2022-05-16,26622.0
Blue,亞東醫院,2022-05-16,28725.0
Blue,府中,2022-05-16,30095.0
Blue,板橋,2022-05-16,50287.0
Blue,新埔,2022-05-16,45118.0
Blue,江子翠,2022-05-16,31210.0
Blue,龍山寺,2022-05-16,25945.0
Blue,西門,2022-05-16,30861.0
Blue,善導寺,2022-05-16,22334.0
Blue,忠孝新生,2022-05-16,18718.5
Blue,忠孝敦化,2022-05-16,35150.0
Blue,國父紀念館,2022-05-16,22538.0
Blue,市政府,2022-05-16,62324.0
Blue,永春,2022-05-16,22751.0
Blue,後山埤,2022-05-16,18890.0
Blue,昆陽,2022-05-16,17663.0
Blue,南港,2022-05-16,19981.0
Blue,忠孝復興,2022-05-16,25920.5
Blue,南港展覽館,2022-05-16,19472.5
Blue,台北車站,2022-05-17,54840.0
Blue,頂埔,2022-05-17,11177.0
Blue,永寧,2022-05-17,14671.0
Blue,土城,2022-05-17,9581.0
Blue,海山,2022-05-17,26814.0
Blue,亞東醫院,2022-05-17,29219.0
Blue,府中,2022-05-17,31019.0
Blue,板橋,2022-05-17,48802.0
Blue,新埔,2022-05-17,44373.0
Blue,江子翠,2022-05-17,31237.0
Blue,龍山寺,2022-05-17,26919.0
Blue,西門,2022-05-17,31818.5
Blue,善導寺,2022-05-17,21979.0
Blue,忠孝新生,2022-05-17,19149.0
Blue,忠孝敦化,2022-05-17,35757.0
Blue,國父紀念館,2022-05-17,22705.0
Blue,市政府,2022-05-17,61358.0
Blue,永春,2022-05-17,23319.0
Blue,後山埤,2022-05-17,18797.0
Blue,昆陽,2022-05-17,17773.0
Blue,南港,2022-05-17,19809.0
Blue,忠孝復興,2022-05-17,26519.0
Blue,南港展覽館,2022-05-17,20132.0
Blue,台北車站,2022-05-18,56101.0
Blue,頂埔,2022-05-18,11334.0
Blue,永寧,2022-05-18,15017.0
Blue,土城,2022-05-18,9722.0
Blue,海山,2022-05-18,26970.0
Blue,亞東醫院,2022-05-18,29389.0
Blue,府中,2022-05-18,31818.0
Blue,板橋,2022-05-18,49467.0
Blue,新埔,2022-05-18,44471.0
Blue,江子翠,2022-05-18,31872.0
Blue,龍山寺,2022-05-18,27901.0
Blue,西門,2022-05-18,33210.5
Blue,善導寺,2022-05-18,23294.0
Blue,忠孝新生,2022-05-18,19075.0
Blue,忠孝敦化,2022-05-18,36861.0
Blue,國父紀念館,2022-05-18,23120.0
Blue,市政府,2022-05-18,61928.0
Blue,永春,2022-05-18,22724.0
Blue,後山埤,2022-05-18,18663.0
Blue,昆陽,2022-05-18,17802.0
Blue,南港,2022-05-18,19843.0
Blue,忠孝復興,2022-05-18,27346.0
Blue,南港展覽館,2022-05-18,20291.5
Blue,台北車站,2022-05-19,56580.0
Blue,頂埔,2022-05-19,11033.0
Blue,永寧,2022-05-19,14513.0
Blue,土城,2022-05-19,9851.0
Blue,海山,2022-05-19,26395.0
Blue,亞東醫院,2022-05-19,28302.0
Blue,府中,2022-05-19,31226.0
Blue,板橋,2022-05-19,49020.0
Blue,新埔,2022-05-19,44135.0
Blue,江子翠,2022-05-19,30858.0
Blue,龍山寺,2022-05-19,26417.0
Blue,西門,2022-05-19,32472.5
Blue,善導寺,2022-05-19,24114.0
Blue,忠孝新生,2022-05-19,19342.0
Blue,忠孝敦化,2022-05-19,36630.0
Blue,國父紀念館,2022-05-19,22365.0
Blue,市政府,2022-05-19,61995.0
Blue,永春,2022-05-19,22888.0
Blue,後山埤,2022-05-19,18522.0
Blue,昆陽,2022-05-19,17632.0
Blue,南港,2022-05-19,20129.0
Blue,忠孝復興,2022-05-19,26783.5
Blue,南港展覽館,2022-05-19,19991.0
Blue,台北車站,2022-05-20,69223.5
Blue,頂埔,2022-05-20,11067.0
Blue,永寧,2022-05-20,15503.0
Blue,土城,2022-05-20,9789.0
Blue,海山,2022-05-20,27340.0
Blue,亞東醫院,2022-05-20,28946.0
Blue,府中,2022-05-20,33552.0
Blue,板橋,2022-05-20,55316.0
Blue,新埔,2022-05-20,45909.0
Blue,江子翠,2022-05-20,32563.0
Blue,龍山寺,2022-05-20,28397.0
Blue,西門,2022-05-20,38260.0
Blue,善導寺,2022-05-20,24986.0
Blue,忠孝新生,2022-05-20,21356.0
Blue,忠孝敦化,2022-05-20,40738.0
Blue,國父紀念館,2022-05-20,24108.0
Blue,市政府,2022-05-20,70317.0
Blue,永春,2022-05-20,24068.0
Blue,後山埤,2022-05-20,19431.0
Blue,昆陽,2022-05-20,18742.0
Blue,南港,2022-05-20,22253.0
Blue,忠孝復興,2022-05-20,30443.5
Blue,南港展覽館,2022-05-20,20780.0
Blue,台北車站,2022-05-21,52928.5
Blue,頂埔,2022-05-21,6078.0
Blue,永寧,2022-05-21,9246.0
Blue,土城,2022-05-21,6201.0
Blue,海山,2022-05-21,16852.0
Blue,亞東醫院,2022-05-21,16534.0
Blue,府中,2022-05-21,24676.0
Blue,板橋,2022-05-21,36965.0
Blue,新埔,2022-05-21,30175.0
Blue,江子翠,2022-05-21,21516.0
Blue,龍山寺,2022-05-21,23080.0
Blue,西門,2022-05-21,33654.5
Blue,善導寺,2022-05-21,13718.0
Blue,忠孝新生,2022-05-21,17586.0
Blue,忠孝敦化,2022-05-21,30804.0
Blue,國父紀念館,2022-05-21,17337.0
Blue,市政府,2022-05-21,52196.0
Blue,永春,2022-05-21,16606.0
Blue,後山埤,2022-05-21,14006.0
Blue,昆陽,2022-05-21,11744.0
Blue,南港,2022-05-21,15411.0
Blue,忠孝復興,2022-05-21,25820.5
Blue,南港展覽館,2022-05-21,10611.5
Blue,台北車站,2022-05-22,46175.5
Blue,頂埔,2022-05-22,5005.0
Blue,永寧,2022-05-22,7387.0
Blue,土城,2022-05-22,4708.0
Blue,海山,2022-05-22,12932.0
Blue,亞東醫院,2022-05-22,11734.0
Blue,府中,2022-05-22,18674.0
Blue,板橋,2022-05-22,32698.0
Blue,新埔,2022-05-22,22828.0
Blue,江子翠,2022-05-22,16205.0
Blue,龍山寺,2022-05-22,18692.0
Blue,西門,2022-05-22,27601.5
Blue,善導寺,2022-05-22,10946.0
Blue,忠孝新生,2022-05-22,13767.0
Blue,忠孝敦化,2022-05-22,21254.0
Blue,國父紀念館,2022-05-22,12820.0
Blue,市政府,2022-05-22,41511.0
Blue,永春,2022-05-22,13080.0
Blue,後山埤,2022-05-22,10709.0
Blue,昆陽,2022-05-22,9353.0
Blue,南港,2022-05-22,13455.0
Blue,忠孝復興,2022-05-22,18616.5
Blue,南港展覽館,2022-05-22,8596.5
Blue,台北車站,2022-05-23,57912.5
Blue,頂埔,2022-05-23,10887.0
Blue,永寧,2022-05-23,14361.0
Blue,土城,2022-05-23,9539.0
Blue,海山,2022-05-23,25599.0
Blue,亞東醫院,2022-05-23,27807.0
Blue,府中,2022-05-23,30224.0
Blue,板橋,2022-05-23,48523.0
Blue,新埔,2022-05-23,43423.0
Blue,江子翠,2022-05-23,30963.0
Blue,龍山寺,2022-05-23,26502.0
Blue,西門,2022-05-23,32556.0
Blue,善導寺,2022-05-23,20910.0
Blue,忠孝新生,2022-05-23,18805.5
Blue,忠孝敦化,2022-05-23,34706.0
Blue,國父紀念館,2022-05-23,21677.0
Blue,市政府,2022-05-23,61175.0
Blue,永春,2022-05-23,21685.0
Blue,後山埤,2022-05-23,17854.0
Blue,昆陽,2022-05-23,17647.0
Blue,南港,2022-05-23,19444.0
Blue,忠孝復興,2022-05-23,25798.5
Blue,南港展覽館,2022-05-23,20393.0
Blue,台北車站,2022-05-24,57961.5
Blue,頂埔,2022-05-24,10945.0
Blue,永寧,2022-05-24,14605.0
Blue,土城,2022-05-24,9570.0
Blue,海山,2022-05-24,26105.0
Blue,亞東醫院,2022-05-24,28871.0
Blue,府中,2022-05-24,31082.0
Blue,板橋,2022-05-24,49614.0
Blue,新埔,2022-05-24,44925.0
Blue,江子翠,2022-05-24,31932.0
Blue,龍山寺,2022-05-24,27439.0
Blue,西門,2022-05-24,32840.5
Blue,善導寺,2022-05-24,22208.0
Blue,忠孝新生,2022-05-24,19483.5
Blue,忠孝敦化,2022-05-24,36981.0
Blue,國父紀念館,2022-05-24,22904.0
Blue,市政府,2022-05-24,63074.0
Blue,永春,2022-05-24,23411.0
Blue,後山埤,2022-05-24,18507.0
Blue,昆陽,2022-05-24,17938.0
Blue,南港,2022-05-24,20982.0
Blue,忠孝復興,2022-05-24,27326.0
Blue,南港展覽館,2022-05-24,22163.0
Blue,台北車站,2022-05-25,59825.0
Blue,頂埔,2022-05-25,10830.0
Blue,永寧,2022-05-25,14058.0
Blue,土城,2022-05-25,9659.0
Blue,海山,2022-05-25,26310.0
Blue,亞東醫院,2022-05-25,28992.0
Blue,府中,2022-05-25,30931.0
Blue,板橋,2022-05-25,51817.0
Blue,新埔,2022-05-25,45330.0
Blue,江子翠,2022-05-25,32016.0
Blue,龍山寺,2022-05-25,27137.0
Blue,西門,2022-05-25,33137.0
Blue,善導寺,2022-05-25,23606.0
Blue,忠孝新生,2022-05-25,19715.0
Blue,忠孝敦化,2022-05-25,37360.0
Blue,國父紀念館,2022-05-25,23440.0
Blue,市政府,2022-05-25,65554.0
Blue,永春,2022-05-25,23549.0
Blue,後山埤,2022-05-25,18939.0
Blue,昆陽,2022-05-25,17867.0
Blue,南港,2022-05-25,21045.0
Blue,忠孝復興,2022-05-25,28056.5
Blue,南港展覽館,2022-05-25,21601.5
Blue,台北車站,2022-05-26,61147.0
Blue,頂埔,2022-05-26,11034.0
Blue,永寧,2022-05-26,14304.0
Blue,土城,2022-05-26,9720.0
Blue,海山,2022-05-26,26294.0
Blue,亞東醫院,2022-05-26,28623.0
Blue,府中,2022-05-26,31875.0
Blue,板橋,2022-05-26,52462.0
Blue,新埔,2022-05-26,45342.0
Blue,江子翠,2022-05-26,32525.0
Blue,龍山寺,2022-05-26,27526.0
Blue,西門,2022-05-26,33887.0
Blue,善導寺,2022-05-26,24975.0
Blue,忠孝新生,2022-05-26,21549.0
Blue,忠孝敦化,2022-05-26,38366.0
Blue,國父紀念館,2022-05-26,23696.0
Blue,市政府,2022-05-26,66201.0
Blue,永春,2022-05-26,23562.0
Blue,後山埤,2022-05-26,19019.0
Blue,昆陽,2022-05-26,18157.0
Blue,南港,2022-05-26,21055.0
Blue,忠孝復興,2022-05-26,28249.0
Blue,南港展覽館,2022-05-26,22209.0
Blue,台北車站,2022-05-27,71165.0
Blue,頂埔,2022-05-27,11356.0
Blue,永寧,2022-05-27,15327.0
Blue,土城,2022-05-27,10027.0
Blue,海山,2022-05-27,27593.0
Blue,亞東醫院,2022-05-27,30896.0
Blue,府中,2022-05-27,34059.0
Blue,板橋,2022-05-27,58262.0
Blue,新埔,2022-05-27,47791.0
Blue,江子翠,2022-05-27,34403.0
Blue,龍山寺,2022-05-27,29684.0
Blue,西門,2022-05-27,39473.5
Blue,善導寺,2022-05-27,24413.0
Blue,忠孝新生,2022-05-27,24185.5
Blue,忠孝敦化,2022-05-27,42924.0
Blue,國父紀念館,2022-05-27,25966.0
Blue,市政府,2022-05-27,75469.0
Blue,永春,2022-05-27,26203.0
Blue,後山埤,2022-05-27,20271.0
Blue,昆陽,2022-05-27,18995.0
Blue,南港,2022-05-27,23136.0
Blue,忠孝復興,2022-05-27,32238.5
Blue,南港展覽館,2022-05-27,23114.0
Blue,台北車站,2022-05-28,57545.0
Blue,頂埔,2022-05-28,6463.0
Blue,永寧,2022-05-28,9442.0
Blue,土城,2022-05-28,6840.0
Blue,海山,2022-05-28,17582.0
Blue,亞東醫院,2022-05-28,17253.0
Blue,府中,2022-05-28,26366.0
Blue,板橋,2022-05-28,40877.0
Blue,新埔,2022-05-28,31620.0
Blue,江子翠,2022-05-28,22914.0
Blue,龍山寺,2022-05-28,25221.0
Blue,西門,2022-05-28,39225.5
Blue,善導寺,2022-05-28,14308.0
Blue,忠孝新生,2022-05-28,22484.0
Blue,忠孝敦化,2022-05-28,33562.0
Blue,國父紀念館,2022-05-28,17690.0
Blue,市政府,2022-05-28,56533.0
Blue,永春,2022-05-28,17442.0
Blue,後山埤,2022-05-28,14876.0
Blue,昆陽,2022-05-28,9109.0
Blue,南港,2022-05-28,15577.0
Blue,忠孝復興,2022-05-28,27380.5
Blue,南港展覽館,2022-05-28,11490.5
Blue,台北車站,2022-05-29,53285.0
Blue,頂埔,2022-05-29,5743.0
Blue,永寧,2022-05-29,9263.0
Blue,土城,2022-05-29,5441.0
Blue,海山,2022-05-29,15337.0
Blue,亞東醫院,2022-05-29,13132.0
Blue,府中,2022-05-29,21809.0
Blue,板橋,2022-05-29,38348.0
Blue,新埔,2022-05-29,27600.0
Blue,江子翠,2022-05-29,20034.0
Blue,龍山寺,2022-05-29,21892.0
Blue,西門,2022-05-29,33058.5
Blue,善導寺,2022-05-29,12025.0
Blue,忠孝新生,2022-05-29,18050.0
Blue,忠孝敦化,2022-05-29,24109.0
Blue,國父紀念館,2022-05-29,13607.0
Blue,市政府,2022-05-29,47487.0
Blue,永春,2022-05-29,14186.0
Blue,後山埤,2022-05-29,12149.0
Blue,昆陽,2022-05-29,7858.0
Blue,南港,2022-05-29,14030.0
Blue,忠孝復興,2022-05-29,21674.0
Blue,南港展覽館,2022-05-29,9442.0
Blue,台北車站,2022-05-30,61613.5
Blue,頂埔,2022-05-30,11466.0
Blue,永寧,2022-05-30,15099.0
Blue,土城,2022-05-30,10156.0
Blue,海山,2022-05-30,27529.0
Blue,亞東醫院,2022-05-30,29651.0
Blue,府中,2022-05-30,32729.0
Blue,板橋,2022-05-30,52738.0
Blue,新埔,2022-05-30,45707.0
Blue,江子翠,2022-05-30,33294.0
Blue,龍山寺,2022-05-30,29855.0
Blue,西門,2022-05-30,35050.0
Blue,善導寺,2022-05-30,22399.0
Blue,忠孝新生,2022-05-30,19998.5
Blue,忠孝敦化,2022-05-30,36870.0
Blue,國父紀念館,2022-05-30,23115.0
Blue,市政府,2022-05-30,66508.0
Blue,永春,2022-05-30,24125.0
Blue,後山埤,2022-05-30,19360.0
Blue,昆陽,2022-05-30,18278.0
Blue,南港,2022-05-30,20727.0
Blue,忠孝復興,2022-05-30,27812.5
Blue,南港展覽館,2022-05-30,20988.0
Blue,台北車站,2022-05-31,61167.0
Blue,頂埔,2022-05-31,11684.0
Blue,永寧,2022-05-31,15200.0
Blue,土城,2022-05-31,10005.0
Blue,海山,2022-05-31,28866.0
Blue,亞東醫院,2022-05-31,30776.0
Blue,府中,2022-05-31,33165.0
Blue,板橋,2022-05-31,53946.0
Blue,新埔,2022-05-31,47946.0
Blue,江子翠,2022-05-31,33985.0
Blue,龍山寺,2022-05-31,29676.0
Blue,西門,2022-05-31,36378.0
Blue,善導寺,2022-05-31,23761.0
Blue,忠孝新生,2022-05-31,20533.5
Blue,忠孝敦化,2022-05-31,39796.0
Blue,國父紀念館,2022-05-31,24140.0
Blue,市政府,2022-05-31,69846.0
Blue,永春,2022-05-31,26463.0
Blue,後山埤,2022-05-31,19937.0
Blue,昆陽,2022-05-31,19136.0
Blue,南港,2022-05-31,21450.0
Blue,忠孝復興,2022-05-31,27563.5
Blue,南港展覽館,2022-05-31,21172.0
Blue,台北車站,2022-06-01,64403.5
Blue,頂埔,2022-06-01,12048.0
Blue,永寧,2022-06-01,15819.0
Blue,土城,2022-06-01,10600.0
Blue,海山,2022-06-01,29761.0
Blue,亞東醫院,2022-06-01,31375.0
Blue,府中,2022-06-01,35073.0
Blue,板橋,2022-06-01,55692.0
Blue,新埔,2022-06-01,49304.0
Blue,江子翠,2022-06-01,35091.0
Blue,龍山寺,2022-06-01,32127.0
Blue,西門,2022-06-01,38947.0
Blue,善導寺,2022-06-01,24438.0
Blue,忠孝新生,2022-06-01,21614.0
Blue,忠孝敦化,2022-06-01,40740.0
Blue,國父紀念館,2022-06-01,24503.0
Blue,市政府,2022-06-01,71568.0
Blue,永春,2022-06-01,25219.0
Blue,後山埤,2022-06-01,20293.0
Blue,昆陽,2022-06-01,19289.0
Blue,南港,2022-06-01,22324.0
Blue,忠孝復興,2022-06-01,30973.5
Blue,南港展覽館,2022-06-01,21616.5
Blue,台北車站,2022-06-02,75860.0
Blue,頂埔,2022-06-02,12107.0
Blue,永寧,2022-06-02,16896.0
Blue,土城,2022-06-02,10913.0
Blue,海山,2022-06-02,29448.0
Blue,亞東醫院,2022-06-02,30824.0
Blue,府中,2022-06-02,35242.0
Blue,板橋,2022-06-02,59597.0
Blue,新埔,2022-06-02,49417.0
Blue,江子翠,2022-06-02,35461.0
Blue,龍山寺,2022-06-02,31595.0
Blue,西門,2022-06-02,40371.5
Blue,善導寺,2022-06-02,24474.0
Blue,忠孝新生,2022-06-02,22600.5
Blue,忠孝敦化,2022-06-02,43560.0
Blue,國父紀念館,2022-06-02,25609.0
Blue,市政府,2022-06-02,75995.0
Blue,永春,2022-06-02,26352.0
Blue,後山埤,2022-06-02,21181.0
Blue,昆陽,2022-06-02,19740.0
Blue,南港,2022-06-02,26484.0
Blue,忠孝復興,2022-06-02,33273.0
Blue,南港展覽館,2022-06-02,21826.5
Blue,台北車站,2022-06-03,51430.0
Blue,頂埔,2022-06-03,5806.0
Blue,永寧,2022-06-03,8644.0
Blue,土城,2022-06-03,5795.0
Blue,海山,2022-06-03,15650.0
Blue,亞東醫院,2022-06-03,13716.0
Blue,府中,2022-06-03,21600.0
Blue,板橋,2022-06-03,39461.0
Blue,新埔,2022-06-03,26435.0
Blue,江子翠,2022-06-03,19650.0
Blue,龍山寺,2022-06-03,22013.0
Blue,西門,2022-06-03,33565.5
Blue,善導寺,2022-06-03,10448.0
Blue,忠孝新生,2022-06-03,15649.5
Blue,忠孝敦化,2022-06-03,27184.0
Blue,國父紀念館,2022-06-03,13834.0
Blue,市政府,2022-06-03,51862.0
Blue,永春,2022-06-03,14499.0
Blue,後山埤,2022-06-03,12626.0
Blue,昆陽,2022-06-03,7994.0
Blue,南港,2022-06-03,15074.0
Blue,忠孝復興,2022-06-03,23098.0
Blue,南港展覽館,2022-06-03,10083.5
Blue,台北車站,2022-06-04,55305.5
Blue,頂埔,2022-06-04,6606.0
Blue,永寧,2022-06-04,9613.0
Blue,土城,2022-06-04,6010.0
Blue,海山,2022-06-04,17184.0
Blue,亞東醫院,2022-06-04,16421.0
Blue,府中,2022-06-04,24630.0
Blue,板橋,2022-06-04,42257.0
Blue,新埔,2022-06-04,29456.0
Blue,江子翠,2022-06-04,21417.0
Blue,龍山寺,2022-06-04,25060.0
Blue,西門,2022-06-04,39652.5
Blue,善導寺,2022-06-04,11812.0
Blue,忠孝新生,2022-06-04,17884.5
Blue,忠孝敦化,2022-06-04,31458.0
Blue,國父紀念館,2022-06-04,17234.0
Blue,市政府,2022-06-04,56790.0
Blue,永春,2022-06-04,15566.0
Blue,後山埤,2022-06-04,13911.0
Blue,昆陽,2022-06-04,8525.0
Blue,南港,2022-06-04,16289.0
Blue,忠孝復興,2022-06-04,26417.0
Blue,南港展覽館,2022-06-04,10905.0
Blue,台北車站,2022-06-05,61835.5
Blue,頂埔,2022-06-05,6530.0
Blue,永寧,2022-06-05,9474.0
Blue,土城,2022-06-05,5686.0
Blue,海山,2022-06-05,15948.0
Blue,亞東醫院,2022-06-05,13807.0
Blue,府中,2022-06-05,21875.0
Blue,板橋,2022-06-05,44870.0
Blue,新埔,2022-06-05,26660.0
Blue,江子翠,2022-06-05,19735.0
Blue,龍山寺,2022-06-05,22137.0
Blue,西門,2022-06-05,35365.5
Blue,善導寺,2022-06-05,10582.0
Blue,忠孝新生,2022-06-05,15131.5
Blue,忠孝敦化,2022-06-05,24645.0
Blue,國父紀念館,2022-06-05,15010.0
Blue,市政府,2022-06-05,52481.0
Blue,永春,2022-06-05,14632.0
Blue,後山埤,2022-06-05,13035.0
Blue,昆陽,2022-06-05,8381.0
Blue,南港,2022-06-05,16674.0
Blue,忠孝復興,2022-06-05,21969.5
Blue,南港展覽館,2022-06-05,9984.5
Blue,台北車站,2022-06-06,70445.0
Blue,頂埔,2022-06-06,12501.0
Blue,永寧,2022-06-06,16593.0
Blue,土城,2022-06-06,10641.0
Blue,海山,2022-06-06,29886.0
Blue,亞東醫院,2022-06-06,32726.0
Blue,府中,2022-06-06,35103.0
Blue,板橋,2022-06-06,59013.0
Blue,新埔,2022-06-06,50379.0
Blue,江子翠,2022-06-06,35796.0
Blue,龍山寺,2022-06-06,32304.0
Blue,西門,2022-06-06,38846.0
Blue,善導寺,2022-06-06,26143.0
Blue,忠孝新生,2022-06-06,22182.5
Blue,忠孝敦化,2022-06-06,40961.0
Blue,國父紀念館,2022-06-06,25265.0
Blue,市政府,2022-06-06,76097.0
Blue,永春,2022-06-06,28388.0
Blue,後山埤,2022-06-06,21778.0
Blue,昆陽,2022-06-06,20223.0
Blue,南港,2022-06-06,25267.0
Blue,忠孝復興,2022-06-06,30513.0
Blue,南港展覽館,2022-06-06,22653.5
Blue,台北車站,2022-06-07,67421.0
Blue,頂埔,2022-06-07,12513.0
Blue,永寧,2022-06-07,16063.0
Blue,土城,2022-06-07,10457.0
Blue,海山,2022-06-07,29913.0
Blue,亞東醫院,2022-06-07,34160.0
Blue,府中,2022-06-07,35347.0
Blue,板橋,2022-06-07,58209.0
Blue,新埔,2022-06-07,50895.0
Blue,江子翠,2022-06-07,36894.0
Blue,龍山寺,2022-06-07,32648.0
Blue,西門,2022-06-07,39580.5
Blue,善導寺,2022-06-07,27921.0
Blue,忠孝新生,2022-06-07,22534.5
Blue,忠孝敦化,2022-06-07,43490.0
Blue,國父紀念館,2022-06-07,26409.0
Blue,市政府,2022-06-07,77783.0
Blue,永春,2022-06-07,29908.0
Blue,後山埤,2022-06-07,21939.0
Blue,昆陽,2022-06-07,20963.0
Blue,南港,2022-06-07,26128.0
Blue,忠孝復興,2022-06-07,31507.5
Blue,南港展覽館,2022-06-07,23828.0
Blue,台北車站,2022-06-08,68764.5
Blue,頂埔,2022-06-08,12507.0
Blue,永寧,2022-06-08,16390.0
Blue,土城,2022-06-08,10899.0
Blue,海山,2022-06-08,30405.0
Blue,亞東醫院,2022-06-08,34120.0
Blue,府中,2022-06-08,35869.0
Blue,板橋,2022-06-08,60061.0
Blue,新埔,2022-06-08,52424.0
Blue,江子翠,2022-06-08,37022.0
Blue,龍山寺,2022-06-08,32879.0
Blue,西門,2022-06-08,40716.0
Blue,善導寺,2022-06-08,28166.0
Blue,忠孝新生,2022-06-08,23049.0
Blue,忠孝敦化,2022-06-08,44158.0
Blue,國父紀念館,2022-06-08,27855.0
Blue,市政府,2022-06-08,78276.0
Blue,永春,2022-06-08,29585.0
Blue,後山埤,2022-06-08,22608.0
Blue,昆陽,2022-06-08,21070.0
Blue,南港,2022-06-08,25108.0
Blue,忠孝復興,2022-06-08,32639.0
Blue,南港展覽館,2022-06-08,23984.0
Blue,台北車站,2022-06-09,70026.0
Blue,頂埔,2022-06-09,12385.0
Blue,永寧,2022-06-09,16486.0
Blue,土城,2022-06-09,11131.0
Blue,海山,2022-06-09,30585.0
Blue,亞東醫院,2022-06-09,33508.0
Blue,府中,2022-06-09,36595.0
Blue,板橋,2022-06-09,58960.0
Blue,新埔,2022-06-09,51803.0
Blue,江子翠,2022-06-09,37268.0
Blue,龍山寺,2022-06-09,34083.0
Blue,西門,2022-06-09,41318.0
Blue,善導寺,2022-06-09,27544.0
Blue,忠孝新生,2022-06-09,23917.0
Blue,忠孝敦化,2022-06-09,45378.0
Blue,國父紀念館,2022-06-09,27439.0
Blue,市政府,2022-06-09,78587.0
Blue,永春,2022-06-09,28998.0
Blue,後山埤,2022-06-09,22399.0
Blue,昆陽,2022-06-09,20962.0
Blue,南港,2022-06-09,25306.0
Blue,忠孝復興,2022-06-09,33785.5
Blue,南港展覽館,2022-06-09,24053.5
Blue,台北車站,2022-06-10,84310.5
Blue,頂埔,2022-06-10,13132.0
Blue,永寧,2022-06-10,18154.0
Blue,土城,2022-06-10,11636.0
Blue,海山,2022-06-10,32201.0
Blue,亞東醫院,2022-06-10,34652.0
Blue,府中,2022-06-10,39745.0
Blue,板橋,2022-06-10,67192.0
Blue,新埔,2022-06-10,55402.0
Blue,江子翠,2022-06-10,39843.0
Blue,龍山寺,2022-06-10,36193.0
Blue,西門,2022-06-10,49073.0
Blue,善導寺,2022-06-10,29895.0
Blue,忠孝新生,2022-06-10,27076.0
Blue,忠孝敦化,2022-06-10,50725.0
Blue,國父紀念館,2022-06-10,30273.0
Blue,市政府,2022-06-10,88838.0
Blue,永春,2022-06-10,31293.0
Blue,後山埤,2022-06-10,24356.0
Blue,昆陽,2022-06-10,22004.0
Blue,南港,2022-06-10,28267.0
Blue,忠孝復興,2022-06-10,38293.0
Blue,南港展覽館,2022-06-10,24430.0
Blue,台北車站,2022-06-11,75711.5
Blue,頂埔,2022-06-11,7904.0
Blue,永寧,2022-06-11,11377.0
Blue,土城,2022-06-11,7676.0
Blue,海山,2022-06-11,21647.0
Blue,亞東醫院,2022-06-11,20666.0
Blue,府中,2022-06-11,31115.0
Blue,板橋,2022-06-11,52809.0
Blue,新埔,2022-06-11,38494.0
Blue,江子翠,2022-06-11,27954.0
Blue,龍山寺,2022-06-11,30343.0
Blue,西門,2022-06-11,50429.5
Blue,善導寺,2022-06-11,17283.0
Blue,忠孝新生,2022-06-11,24357.0
Blue,忠孝敦化,2022-06-11,40668.0
Blue,國父紀念館,2022-06-11,22400.0
Blue,市政府,2022-06-11,71899.0
Blue,永春,2022-06-11,20745.0
Blue,後山埤,2022-06-11,17584.0
Blue,昆陽,2022-06-11,11533.0
Blue,南港,2022-06-11,21768.0
Blue,忠孝復興,2022-06-11,34246.0
Blue,南港展覽館,2022-06-11,18502.5
Blue,台北車站,2022-06-12,66726.0
Blue,頂埔,2022-06-12,6777.0
Blue,永寧,2022-06-12,9255.0
Blue,土城,2022-06-12,5942.0
Blue,海山,2022-06-12,17019.0
Blue,亞東醫院,2022-06-12,14633.0
Blue,府中,2022-06-12,24518.0
Blue,板橋,2022-06-12,46346.0
Blue,新埔,2022-06-12,30607.0
Blue,江子翠,2022-06-12,21736.0
Blue,龍山寺,2022-06-12,24281.0
Blue,西門,2022-06-12,41136.5
Blue,善導寺,2022-06-12,12712.0
Blue,忠孝新生,2022-06-12,17908.0
Blue,忠孝敦化,2022-06-12,27681.0
Blue,國父紀念館,2022-06-12,17311.0
Blue,市政府,2022-06-12,56599.0
Blue,永春,2022-06-12,16704.0
Blue,後山埤,2022-06-12,13807.0
Blue,昆陽,2022-06-12,8909.0
Blue,南港,2022-06-12,17408.0
Blue,忠孝復興,2022-06-12,24933.0
Blue,南港展覽館,2022-06-12,11604.0
Blue,台北車站,2022-06-13,71612.0
Blue,頂埔,2022-06-13,13220.0
Blue,永寧,2022-06-13,17436.0
Blue,土城,2022-06-13,11609.0
Blue,海山,2022-06-13,32502.0
Blue,亞東醫院,2022-06-13,34847.0
Blue,府中,2022-06-13,37696.0
Blue,板橋,2022-06-13,60576.0
Blue,新埔,2022-06-13,52950.0
Blue,江子翠,2022-06-13,37994.0
Blue,龍山寺,2022-06-13,35652.0
Blue,西門,2022-06-13,41209.5
Blue,善導寺,2022-06-13,26693.0
Blue,忠孝新生,2022-06-13,23144.0
Blue,忠孝敦化,2022-06-13,42919.0
Blue,國父紀念館,2022-06-13,26760.0
Blue,市政府,2022-06-13,77793.0
Blue,永春,2022-06-13,28671.0
Blue,後山埤,2022-06-13,22090.0
Blue,昆陽,2022-06-13,20873.0
Blue,南港,2022-06-13,25654.0
Blue,忠孝復興,2022-06-13,31538.0
Blue,南港展覽館,2022-06-13,23910.5
Blue,台北車站,2022-06-14,71750.0
Blue,頂埔,2022-06-14,13315.0
Blue,永寧,2022-06-14,17884.0
Blue,土城,2022-06-14,11828.0
Blue,海山,2022-06-14,32898.0
Blue,亞東醫院,2022-06-14,35748.0
Blue,府中,2022-06-14,38572.0
Blue,板橋,2022-06-14,60605.0
Blue,新埔,2022-06-14,54204.0
Blue,江子翠,2022-06-14,38910.0
Blue,龍山寺,2022-06-14,35141.0
Blue,西門,2022-06-14,42174.5
Blue,善導寺,2022-06-14,27776.0
Blue,忠孝新生,2022-06-14,24030.5
Blue,忠孝敦化,2022-06-14,45582.0
Blue,國父紀念館,2022-06-14,27323.0
Blue,市政府,2022-06-14,79833.0
Blue,永春,2022-06-14,30022.0
Blue,後山埤,2022-06-14,23079.0
Blue,昆陽,2022-06-14,21497.0
Blue,南港,2022-06-14,25959.0
Blue,忠孝復興,2022-06-14,34132.0
Blue,南港展覽館,2022-06-14,24541.0
Blue,台北車站,2022-06-15,73375.5
Blue,頂埔,2022-06-15,13356.0
Blue,永寧,2022-06-15,17830.0
Blue,土城,2022-06-15,11397.0
Blue,海山,2022-06-15,32978.0
Blue,亞東醫院,2022-06-15,36339.0
Blue,府中,2022-06-15,39453.0
Blue,板橋,2022-06-15,62822.0
Blue,新埔,2022-06-15,55086.0
Blue,江子翠,2022-06-15,39291.0
Blue,龍山寺,2022-06-15,35139.0
Blue,西門,2022-06-15,42959.5
Blue,善導寺,2022-06-15,29704.0
Blue,忠孝新生,2022-06-15,24026.5
Blue,忠孝敦化,2022-06-15,46797.0
Blue,國父紀念館,2022-06-15,28810.0
Blue,市政府,2022-06-15,82693.0
Blue,永春,2022-06-15,30282.0
Blue,後山埤,2022-06-15,23434.0
Blue,昆陽,2022-06-15,21765.0
Blue,南港,2022-06-15,26558.0
Blue,忠孝復興,2022-06-15,34501.0
Blue,南港展覽館,2022-06-15,24483.0
Blue,台北車站,2022-06-16,75217.5
Blue,頂埔,2022-06-16,13082.0
Blue,永寧,2022-06-16,17639.0
Blue,土城,2022-06-16,11526.0
Blue,海山,2022-06-16,32792.0
Blue,亞東醫院,2022-06-16,35439.0
Blue,府中,2022-06-16,38694.0
Blue,板橋,2022-06-16,62072.0
Blue,新埔,2022-06-16,54645.0
Blue,江子翠,2022-06-16,39437.0
Blue,龍山寺,2022-06-16,35230.0
Blue,西門,2022-06-16,42548.5
Blue,善導寺,2022-06-16,29584.0
Blue,忠孝新生,2022-06-16,25026.5
Blue,忠孝敦化,2022-06-16,48367.0
Blue,國父紀念館,2022-06-16,28218.0
Blue,市政府,2022-06-16,83212.0
Blue,永春,2022-06-16,30171.0
Blue,後山埤,2022-06-16,22832.0
Blue,昆陽,2022-06-16,21719.0
Blue,南港,2022-06-16,27240.0
Blue,忠孝復興,2022-06-16,34859.5
Blue,南港展覽館,2022-06-16,25613.5
Blue,台北車站,2022-06-17,89162.0
Blue,頂埔,2022-06-17,13470.0
Blue,永寧,2022-06-17,19099.0
Blue,土城,2022-06-17,12019.0
Blue,海山,2022-06-17,33011.0
Blue,亞東醫院,2022-06-17,36357.0
Blue,府中,2022-06-17,41510.0
Blue,板橋,2022-06-17,69363.0
Blue,新埔,2022-06-17,56580.0
Blue,江子翠,2022-06-17,40878.0
Blue,龍山寺,2022-06-17,37727.0
Blue,西門,2022-06-17,50013.5
Blue,善導寺,2022-06-17,30314.0
Blue,忠孝新生,2022-06-17,27953.0
Blue,忠孝敦化,2022-06-17,52432.0
Blue,國父紀念館,2022-06-17,30088.0
Blue,市政府,2022-06-17,92188.0
Blue,永春,2022-06-17,31835.0
Blue,後山埤,2022-06-17,24587.0
Blue,昆陽,2022-06-17,22344.0
Blue,南港,2022-06-17,31112.0
Blue,忠孝復興,2022-06-17,39099.0
Blue,南港展覽館,2022-06-17,26713.0
Blue,台北車站,2022-06-18,79013.0
Blue,頂埔,2022-06-18,8601.0
Blue,永寧,2022-06-18,13016.0
Blue,土城,2022-06-18,8178.0
Blue,海山,2022-06-18,22273.0
Blue,亞東醫院,2022-06-18,22405.0
Blue,府中,2022-06-18,33239.0
Blue,板橋,2022-06-18,54067.0
Blue,新埔,2022-06-18,39361.0
Blue,江子翠,2022-06-18,28320.0
Blue,龍山寺,2022-06-18,31207.0
Blue,西門,2022-06-18,51908.0
Blue,善導寺,2022-06-18,17094.0
Blue,忠孝新生,2022-06-18,23139.0
Blue,忠孝敦化,2022-06-18,41726.0
Blue,國父紀念館,2022-06-18,20742.0
Blue,市政府,2022-06-18,72099.0
Blue,永春,2022-06-18,20755.0
Blue,後山埤,2022-06-18,19030.0
Blue,昆陽,2022-06-18,12103.0
Blue,南港,2022-06-18,22131.0
Blue,忠孝復興,2022-06-18,34551.0
Blue,南港展覽館,2022-06-18,15281.5
Blue,台北車站,2022-06-19,71858.0
Blue,頂埔,2022-06-19,7273.0
Blue,永寧,2022-06-19,10841.0
Blue,土城,2022-06-19,6634.0
Blue,海山,2022-06-19,18335.0
Blue,亞東醫院,2022-06-19,15736.0
Blue,府中,2022-06-19,26168.0
Blue,板橋,2022-06-19,48996.0
Blue,新埔,2022-06-19,32123.0
Blue,江子翠,2022-06-19,22927.0
Blue,龍山寺,2022-06-19,25844.0
Blue,西門,2022-06-19,42314.5
Blue,善導寺,2022-06-19,12928.0
Blue,忠孝新生,2022-06-19,18335.5
Blue,忠孝敦化,2022-06-19,29362.0
Blue,國父紀念館,2022-06-19,17121.0
Blue,市政府,2022-06-19,59482.0
Blue,永春,2022-06-19,16878.0
Blue,後山埤,2022-06-19,14313.0
Blue,昆陽,2022-06-19,9996.0
Blue,南港,2022-06-19,19018.0
Blue,忠孝復興,2022-06-19,25785.5
Blue,南港展覽館,2022-06-19,11771.0
Blue,台北車站,2022-06-20,75165.0
Blue,頂埔,2022-06-20,13263.0
Blue,永寧,2022-06-20,18198.0
Blue,土城,2022-06-20,11932.0
Blue,海山,2022-06-20,32853.0
Blue,亞東醫院,2022-06-20,35728.0
Blue,府中,2022-06-20,38304.0
Blue,板橋,2022-06-20,62795.0
Blue,新埔,2022-06-20,53813.0
Blue,江子翠,2022-06-20,39036.0
Blue,龍山寺,2022-06-20,35508.0
Blue,西門,2022-06-20,42793.0
Blue,善導寺,2022-06-20,27823.0
Blue,忠孝新生,2022-06-20,23872.0
Blue,忠孝敦化,2022-06-20,44852.0
Blue,國父紀念館,2022-06-20,27059.0
Blue,市政府,2022-06-20,81710.0
Blue,永春,2022-06-20,28264.0
Blue,後山埤,2022-06-20,22924.0
Blue,昆陽,2022-06-20,21742.0
Blue,南港,2022-06-20,26771.0
Blue,忠孝復興,2022-06-20,32753.5
Blue,南港展覽館,2022-06-20,24877.0
Blue,台北車站,2022-06-21,75124.5
Blue,頂埔,2022-06-21,13832.0
Blue,永寧,2022-06-21,18527.0
Blue,土城,2022-06-21,12015.0
Blue,海山,2022-06-21,33996.0
Blue,亞東醫院,2022-06-21,36730.0
Blue,府中,2022-06-21,39450.0
Blue,板橋,2022-06-21,62908.0
Blue,新埔,2022-06-21,56115.0
Blue,江子翠,2022-06-21,40236.0
Blue,龍山寺,2022-06-21,35942.0
Blue,西門,2022-06-21,43740.5
Blue,善導寺,2022-06-21,29464.0
Blue,忠孝新生,2022-06-21,25094.0
Blue,忠孝敦化,2022-06-21,47496.0
Blue,國父紀念館,2022-06-21,28252.0
Blue,市政府,2022-06-21,83318.0
Blue,永春,2022-06-21,30070.0
Blue,後山埤,2022-06-21,23219.0
Blue,昆陽,2022-06-21,22343.0
Blue,南港,2022-06-21,27793.0
Blue,忠孝復興,2022-06-21,35310.0
Blue,南港展覽館,2022-06-21,27009.0
Blue,台北車站,2022-06-22,79481.5
Blue,頂埔,2022-06-22,13828.0
Blue,永寧,2022-06-22,18909.0
Blue,土城,2022-06-22,12052.0
Blue,海山,2022-06-22,34483.0
Blue,亞東醫院,2022-06-22,38018.0
Blue,府中,2022-06-22,40578.0
Blue,板橋,2022-06-22,65144.0
Blue,新埔,2022-06-22,56671.0
Blue,江子翠,2022-06-22,40933.0
Blue,龍山寺,2022-06-22,36446.0
Blue,西門,2022-06-22,46417.0
Blue,善導寺,2022-06-22,30489.0
Blue,忠孝新生,2022-06-22,26362.0
Blue,忠孝敦化,2022-06-22,48905.0
Blue,國父紀念館,2022-06-22,29649.0
Blue,市政府,2022-06-22,86041.0
Blue,永春,2022-06-22,30475.0
Blue,後山埤,2022-06-22,24044.0
Blue,昆陽,2022-06-22,22621.0
Blue,南港,2022-06-22,30094.0
Blue,忠孝復興,2022-06-22,35695.5
Blue,南港展覽館,2022-06-22,34125.5
Blue,台北車站,2022-06-23,81336.0
Blue,頂埔,2022-06-23,13635.0
Blue,永寧,2022-06-23,18515.0
Blue,土城,2022-06-23,12015.0
Blue,海山,2022-06-23,33939.0
Blue,亞東醫院,2022-06-23,36196.0
Blue,府中,2022-06-23,40220.0
Blue,板橋,2022-06-23,65530.0
Blue,新埔,2022-06-23,55983.0
Blue,江子翠,2022-06-23,40464.0
Blue,龍山寺,2022-06-23,36465.0
Blue,西門,2022-06-23,45700.0
Blue,善導寺,2022-06-23,30833.0
Blue,忠孝新生,2022-06-23,27015.0
Blue,忠孝敦化,2022-06-23,50600.0
Blue,國父紀念館,2022-06-23,29495.0
Blue,市政府,2022-06-23,88836.0
Blue,永春,2022-06-23,30939.0
Blue,後山埤,2022-06-23,23498.0
Blue,昆陽,2022-06-23,22888.0
Blue,南港,2022-06-23,31096.0
Blue,忠孝復興,2022-06-23,36475.0
Blue,南港展覽館,2022-06-23,34881.5
Blue,台北車站,2022-06-24,97356.5
Blue,頂埔,2022-06-24,14162.0
Blue,永寧,2022-06-24,19934.0
Blue,土城,2022-06-24,12386.0
Blue,海山,2022-06-24,35144.0
Blue,亞東醫院,2022-06-24,37191.0
Blue,府中,2022-06-24,42419.0
Blue,板橋,2022-06-24,73797.0
Blue,新埔,2022-06-24,59049.0
Blue,江子翠,2022-06-24,41608.0
Blue,龍山寺,2022-06-24,37394.0
Blue,西門,2022-06-24,53111.0
Blue,善導寺,2022-06-24,30420.0
Blue,忠孝新生,2022-06-24,31178.5
Blue,忠孝敦化,2022-06-24,55026.0
Blue,國父紀念館,2022-06-24,33618.0
Blue,市政府,2022-06-24,100047.0
Blue,永春,2022-06-24,31844.0
Blue,後山埤,2022-06-24,25035.0
Blue,昆陽,2022-06-24,24078.0
Blue,南港,2022-06-24,35511.0
Blue,忠孝復興,2022-06-24,41090.0
Blue,南港展覽館,2022-06-24,36966.5
Blue,台北車站,2022-06-25,86289.5
Blue,頂埔,2022-06-25,8624.0
Blue,永寧,2022-06-25,13371.0
Blue,土城,2022-06-25,8329.0
Blue,海山,2022-06-25,22805.0
Blue,亞東醫院,2022-06-25,21694.0
Blue,府中,2022-06-25,33453.0
Blue,板橋,2022-06-25,58385.0
Blue,新埔,2022-06-25,40752.0
Blue,江子翠,2022-06-25,29832.0
Blue,龍山寺,2022-06-25,31814.0
Blue,西門,2022-06-25,53327.5
Blue,善導寺,2022-06-25,19507.0
Blue,忠孝新生,2022-06-25,26379.0
Blue,忠孝敦化,2022-06-25,44371.0
Blue,國父紀念館,2022-06-25,26402.0
Blue,市政府,2022-06-25,79002.0
Blue,永春,2022-06-25,21467.0
Blue,後山埤,2022-06-25,19013.0
Blue,昆陽,2022-06-25,14306.0
Blue,南港,2022-06-25,26901.0
Blue,忠孝復興,2022-06-25,37346.5
Blue,南港展覽館,2022-06-25,24656.0
Blue,台北車站,2022-06-26,77257.0
Blue,頂埔,2022-06-26,7760.0
Blue,永寧,2022-06-26,11590.0
Blue,土城,2022-06-26,7048.0
Blue,海山,2022-06-26,19005.0
Blue,亞東醫院,2022-06-26,16456.0
Blue,府中,2022-06-26,26837.0
Blue,板橋,2022-06-26,53069.0
Blue,新埔,2022-06-26,34622.0
Blue,江子翠,2022-06-26,23863.0
Blue,龍山寺,2022-06-26,27776.0
Blue,西門,2022-06-26,44124.0
Blue,善導寺,2022-06-26,14889.0
Blue,忠孝新生,2022-06-26,21139.0
Blue,忠孝敦化,2022-06-26,32278.0
Blue,國父紀念館,2022-06-26,19940.0
Blue,市政府,2022-06-26,65581.0
Blue,永春,2022-06-26,17788.0
Blue,後山埤,2022-06-26,15688.0
Blue,昆陽,2022-06-26,12452.0
Blue,南港,2022-06-26,21082.0
Blue,忠孝復興,2022-06-26,28592.0
Blue,南港展覽館,2022-06-26,12454.0
Blue,台北車站,2022-06-27,82928.0
Blue,頂埔,2022-06-27,13371.0
Blue,永寧,2022-06-27,18233.0
Blue,土城,2022-06-27,12082.0
Blue,海山,2022-06-27,32291.0
Blue,亞東醫院,2022-06-27,35735.0
Blue,府中,2022-06-27,38249.0
Blue,板橋,2022-06-27,65522.0
Blue,新埔,2022-06-27,54346.0
Blue,江子翠,2022-06-27,39439.0
Blue,龍山寺,2022-06-27,35091.0
Blue,西門,2022-06-27,46119.0
Blue,善導寺,2022-06-27,26659.0
Blue,忠孝新生,2022-06-27,25907.5
Blue,忠孝敦化,2022-06-27,46666.0
Blue,國父紀念館,2022-06-27,28294.0
Blue,市政府,2022-06-27,86097.0
Blue,永春,2022-06-27,26776.0
Blue,後山埤,2022-06-27,23108.0
Blue,昆陽,2022-06-27,21518.0
Blue,南港,2022-06-27,26946.0
Blue,忠孝復興,2022-06-27,35112.5
Blue,南港展覽館,2022-06-27,24940.5
Blue,台北車站,2022-06-28,83102.5
Blue,頂埔,2022-06-28,13981.0
Blue,永寧,2022-06-28,19315.0
Blue,土城,2022-06-28,12430.0
Blue,海山,2022-06-28,35537.0
Blue,亞東醫院,2022-06-28,38128.0
Blue,府中,2022-06-28,40898.0
Blue,板橋,2022-06-28,67832.0
Blue,新埔,2022-06-28,58300.0
Blue,江子翠,2022-06-28,41929.0
Blue,龍山寺,2022-06-28,37734.0
Blue,西門,2022-06-28,47798.5
Blue,善導寺,2022-06-28,31266.0
Blue,忠孝新生,2022-06-28,26293.0
Blue,忠孝敦化,2022-06-28,50682.0
Blue,國父紀念館,2022-06-28,30423.0
Blue,市政府,2022-06-28,90886.0
Blue,永春,2022-06-28,32258.0
Blue,後山埤,2022-06-28,24705.0
Blue,昆陽,2022-06-28,23279.0
Blue,南港,2022-06-28,28915.0
Blue,忠孝復興,2022-06-28,38290.5
Blue,南港展覽館,2022-06-28,26248.5
Blue,台北車站,2022-06-29,84328.0
Blue,頂埔,2022-06-29,14210.0
Blue,永寧,2022-06-29,19559.0
Blue,土城,2022-06-29,12545.0
Blue,海山,2022-06-29,35768.0
Blue,亞東醫院,2022-06-29,38578.0
Blue,府中,2022-06-29,41845.0
Blue,板橋,2022-06-29,68906.0
Blue,新埔,2022-06-29,58768.0
Blue,江子翠,2022-06-29,42876.0
Blue,龍山寺,2022-06-29,39780.0
Blue,西門,2022-06-29,49792.0
Blue,善導寺,2022-06-29,31990.0
Blue,忠孝新生,2022-06-29,27260.5
Blue,忠孝敦化,2022-06-29,51644.0
Blue,國父紀念館,2022-06-29,31069.0
Blue,市政府,2022-06-29,93830.0
Blue,永春,2022-06-29,32606.0
Blue,後山埤,2022-06-29,25224.0
Blue,昆陽,2022-06-29,23554.0
Blue,南港,2022-06-29,30244.0
Blue,忠孝復興,2022-06-29,38937.0
Blue,南港展覽館,2022-06-29,26511.5
Blue,台北車站,2022-06-30,93022.0
Blue,頂埔,2022-06-30,14671.0
Blue,永寧,2022-06-30,20283.0
Blue,土城,2022-06-30,13054.0
Blue,海山,2022-06-30,36807.0
Blue,亞東醫院,2022-06-30,38488.0
Blue,府中,2022-06-30,44419.0
Blue,板橋,2022-06-30,74576.0
Blue,新埔,2022-06-30,60739.0
Blue,江子翠,2022-06-30,43812.0
Blue,龍山寺,2022-06-30,40338.0
Blue,西門,2022-06-30,59163.0
Blue,善導寺,2022-06-30,30180.0
Blue,忠孝新生,2022-06-30,29112.5
Blue,忠孝敦化,2022-06-30,54936.0
Blue,國父紀念館,2022-06-30,32272.0
Blue,市政府,2022-06-30,102016.0
Blue,永春,2022-06-30,33152.0
Blue,後山埤,2022-06-30,25647.0
Blue,昆陽,2022-06-30,24994.0
Blue,南港,2022-06-30,32335.0
Blue,忠孝復興,2022-06-30,40046.5
Blue,南港展覽館,2022-06-30,27368.5
Blue,台北車站,2022-07-01,103799.5
Blue,頂埔,2022-07-01,14465.0
Blue,永寧,2022-07-01,20991.0
Blue,土城,2022-07-01,12970.0
Blue,海山,2022-07-01,35654.0
Blue,亞東醫院,2022-07-01,37863.0
Blue,府中,2022-07-01,45012.0
Blue,板橋,2022-07-01,77330.0
Blue,新埔,2022-07-01,60435.0
Blue,江子翠,2022-07-01,43282.0
Blue,龍山寺,2022-07-01,40140.0
Blue,西門,2022-07-01,59679.5
Blue,善導寺,2022-07-01,34653.0
Blue,忠孝新生,2022-07-01,30823.0
Blue,忠孝敦化,2022-07-01,58157.0
Blue,國父紀念館,2022-07-01,33214.0
Blue,市政府,2022-07-01,105447.0
Blue,永春,2022-07-01,31056.0
Blue,後山埤,2022-07-01,26061.0
Blue,昆陽,2022-07-01,23463.0
Blue,南港,2022-07-01,32716.0
Blue,忠孝復興,2022-07-01,43259.5
Blue,南港展覽館,2022-07-01,27967.5
Blue,台北車站,2022-07-02,85565.5
Blue,頂埔,2022-07-02,8847.0
Blue,永寧,2022-07-02,13522.0
Blue,土城,2022-07-02,8651.0
Blue,海山,2022-07-02,23978.0
Blue,亞東醫院,2022-07-02,22435.0
Blue,府中,2022-07-02,34428.0
Blue,板橋,2022-07-02,58202.0
Blue,新埔,2022-07-02,40966.0
Blue,江子翠,2022-07-02,29155.0
Blue,龍山寺,2022-07-02,33778.0
Blue,西門,2022-07-02,54613.0
Blue,善導寺,2022-07-02,17672.0
Blue,忠孝新生,2022-07-02,26131.5
Blue,忠孝敦化,2022-07-02,43729.0
Blue,國父紀念館,2022-07-02,24495.0
Blue,市政府,2022-07-02,82091.0
Blue,永春,2022-07-02,22217.0
Blue,後山埤,2022-07-02,19429.0
Blue,昆陽,2022-07-02,12657.0
Blue,南港,2022-07-02,24708.0
Blue,忠孝復興,2022-07-02,37812.0
Blue,南港展覽館,2022-07-02,15094.5
Blue,台北車站,2022-07-03,80899.0
Blue,頂埔,2022-07-03,7963.0
Blue,永寧,2022-07-03,11406.0
Blue,土城,2022-07-03,7308.0
Blue,海山,2022-07-03,20395.0
Blue,亞東醫院,2022-07-03,17337.0
Blue,府中,2022-07-03,28822.0
Blue,板橋,2022-07-03,54794.0
Blue,新埔,2022-07-03,36105.0
Blue,江子翠,2022-07-03,25088.0
Blue,龍山寺,2022-07-03,29277.0
Blue,西門,2022-07-03,48149.5
Blue,善導寺,2022-07-03,14439.0
Blue,忠孝新生,2022-07-03,23932.5
Blue,忠孝敦化,2022-07-03,32743.0
Blue,國父紀念館,2022-07-03,19732.0
Blue,市政府,2022-07-03,70503.0
Blue,永春,2022-07-03,18695.0
Blue,後山埤,2022-07-03,16254.0
Blue,昆陽,2022-07-03,12467.0
Blue,南港,2022-07-03,22521.0
Blue,忠孝復興,2022-07-03,29089.0
Blue,南港展覽館,2022-07-03,12726.0
Blue,台北車站,2022-07-04,89064.0
Blue,頂埔,2022-07-04,14349.0
Blue,永寧,2022-07-04,19667.0
Blue,土城,2022-07-04,12655.0
Blue,海山,2022-07-04,34739.0
Blue,亞東醫院,2022-07-04,38028.0
Blue,府中,2022-07-04,41270.0
Blue,板橋,2022-07-04,70098.0
Blue,新埔,2022-07-04,57574.0
Blue,江子翠,2022-07-04,41324.0
Blue,龍山寺,2022-07-04,37067.0
Blue,西門,2022-07-04,48983.5
Blue,善導寺,2022-07-04,29705.0
Blue,忠孝新生,2022-07-04,27353.0
Blue,忠孝敦化,2022-07-04,49105.0
Blue,國父紀念館,2022-07-04,29939.0
Blue,市政府,2022-07-04,92984.0
Blue,永春,2022-07-04,28253.0
Blue,後山埤,2022-07-04,24316.0
Blue,昆陽,2022-07-04,22590.0
Blue,南港,2022-07-04,28874.0
Blue,忠孝復興,2022-07-04,35990.0
Blue,南港展覽館,2022-07-04,26607.0
Blue,台北車站,2022-07-05,90750.5
Blue,頂埔,2022-07-05,14526.0
Blue,永寧,2022-07-05,19908.0
Blue,土城,2022-07-05,12850.0
Blue,海山,2022-07-05,36349.0
Blue,亞東醫院,2022-07-05,39710.0
Blue,府中,2022-07-05,42509.0
Blue,板橋,2022-07-05,71182.0
Blue,新埔,2022-07-05,59406.0
Blue,江子翠,2022-07-05,42405.0
Blue,龍山寺,2022-07-05,37633.0
Blue,西門,2022-07-05,50676.0
Blue,善導寺,2022-07-05,30642.0
Blue,忠孝新生,2022-07-05,27985.0
Blue,忠孝敦化,2022-07-05,51945.0
Blue,國父紀念館,2022-07-05,31610.0
Blue,市政府,2022-07-05,94614.0
Blue,永春,2022-07-05,30298.0
Blue,後山埤,2022-07-05,25151.0
Blue,昆陽,2022-07-05,23223.0
Blue,南港,2022-07-05,29235.0
Blue,忠孝復興,2022-07-05,38568.0
Blue,南港展覽館,2022-07-05,27407.0
Blue,台北車站,2022-07-06,92752.0
Blue,頂埔,2022-07-06,14885.0
Blue,永寧,2022-07-06,20427.0
Blue,土城,2022-07-06,12976.0
Blue,海山,2022-07-06,36308.0
Blue,亞東醫院,2022-07-06,39377.0
Blue,府中,2022-07-06,43711.0
Blue,板橋,2022-07-06,73069.0
Blue,新埔,2022-07-06,60790.0
Blue,江子翠,2022-07-06,43614.0
Blue,龍山寺,2022-07-06,39276.0
Blue,西門,2022-07-06,54024.5
Blue,善導寺,2022-07-06,32211.0
Blue,忠孝新生,2022-07-06,29052.0
Blue,忠孝敦化,2022-07-06,53473.0
Blue,國父紀念館,2022-07-06,32406.0
Blue,市政府,2022-07-06,97463.0
Blue,永春,2022-07-06,30529.0
Blue,後山埤,2022-07-06,25263.0
Blue,昆陽,2022-07-06,23827.0
Blue,南港,2022-07-06,29938.0
Blue,忠孝復興,2022-07-06,39246.0
Blue,南港展覽館,2022-07-06,27781.5
Blue,台北車站,2022-07-07,93291.0
Blue,頂埔,2022-07-07,14910.0
Blue,永寧,2022-07-07,20002.0
Blue,土城,2022-07-07,12983.0
Blue,海山,2022-07-07,35819.0
Blue,亞東醫院,2022-07-07,38570.0
Blue,府中,2022-07-07,43155.0
Blue,板橋,2022-07-07,72471.0
Blue,新埔,2022-07-07,59977.0
Blue,江子翠,2022-07-07,42724.0
Blue,龍山寺,2022-07-07,38980.0
Blue,西門,2022-07-07,52562.0
Blue,善導寺,2022-07-07,31667.0
Blue,忠孝新生,2022-07-07,28814.5
Blue,忠孝敦化,2022-07-07,54000.0
Blue,國父紀念館,2022-07-07,32500.0
Blue,市政府,2022-07-07,97249.0
Blue,永春,2022-07-07,30836.0
Blue,後山埤,2022-07-07,25151.0
Blue,昆陽,2022-07-07,24031.0
Blue,南港,2022-07-07,29853.0
Blue,忠孝復興,2022-07-07,39217.0
Blue,南港展覽館,2022-07-07,28419.0
Blue,台北車站,2022-07-08,108381.5
Blue,頂埔,2022-07-08,15421.0
Blue,永寧,2022-07-08,21711.0
Blue,土城,2022-07-08,13386.0
Blue,海山,2022-07-08,37528.0
Blue,亞東醫院,2022-07-08,39392.0
Blue,府中,2022-07-08,46176.0
Blue,板橋,2022-07-08,80309.0
Blue,新埔,2022-07-08,62828.0
Blue,江子翠,2022-07-08,44959.0
Blue,龍山寺,2022-07-08,41462.0
Blue,西門,2022-07-08,60954.5
Blue,善導寺,2022-07-08,32806.0
Blue,忠孝新生,2022-07-08,32325.0
Blue,忠孝敦化,2022-07-08,60283.0
Blue,國父紀念館,2022-07-08,38520.0
Blue,市政府,2022-07-08,109487.0
Blue,永春,2022-07-08,32318.0
Blue,後山埤,2022-07-08,26774.0
Blue,昆陽,2022-07-08,24741.0
Blue,南港,2022-07-08,35731.0
Blue,忠孝復興,2022-07-08,45575.0
Blue,南港展覽館,2022-07-08,36231.0
Blue,台北車站,2022-07-09,103440.5
Blue,頂埔,2022-07-09,9980.0
Blue,永寧,2022-07-09,15058.0
Blue,土城,2022-07-09,9776.0
Blue,海山,2022-07-09,26081.0
Blue,亞東醫院,2022-07-09,24450.0
Blue,府中,2022-07-09,37943.0
Blue,板橋,2022-07-09,65156.0
Blue,新埔,2022-07-09,45327.0
Blue,江子翠,2022-07-09,33989.0
Blue,龍山寺,2022-07-09,37188.0
Blue,西門,2022-07-09,62498.0
Blue,善導寺,2022-07-09,21684.0
Blue,忠孝新生,2022-07-09,30759.0
Blue,忠孝敦化,2022-07-09,47682.0
Blue,國父紀念館,2022-07-09,29442.0
Blue,市政府,2022-07-09,91484.0
Blue,永春,2022-07-09,23559.0
Blue,後山埤,2022-07-09,21524.0
Blue,昆陽,2022-07-09,13711.0
Blue,南港,2022-07-09,29569.0
Blue,忠孝復興,2022-07-09,41344.5
Blue,南港展覽館,2022-07-09,28298.0
Blue,台北車站,2022-07-10,97731.0
Blue,頂埔,2022-07-10,8875.0
Blue,永寧,2022-07-10,13007.0
Blue,土城,2022-07-10,7755.0
Blue,海山,2022-07-10,21636.0
Blue,亞東醫院,2022-07-10,18748.0
Blue,府中,2022-07-10,30865.0
Blue,板橋,2022-07-10,60857.0
Blue,新埔,2022-07-10,37137.0
Blue,江子翠,2022-07-10,26773.0
Blue,龍山寺,2022-07-10,30463.0
Blue,西門,2022-07-10,54547.0
Blue,善導寺,2022-07-10,17645.0
Blue,忠孝新生,2022-07-10,24069.0
Blue,忠孝敦化,2022-07-10,34604.0
Blue,國父紀念館,2022-07-10,22569.0
Blue,市政府,2022-07-10,74193.0
Blue,永春,2022-07-10,20138.0
Blue,後山埤,2022-07-10,17862.0
Blue,昆陽,2022-07-10,11733.0
Blue,南港,2022-07-10,26749.0
Blue,忠孝復興,2022-07-10,31861.5
Blue,南港展覽館,2022-07-10,24494.0
Blue,台北車站,2022-07-11,94942.0
Blue,頂埔,2022-07-11,14846.0
Blue,永寧,2022-07-11,20385.0
Blue,土城,2022-07-11,12747.0
Blue,海山,2022-07-11,35419.0
Blue,亞東醫院,2022-07-11,38823.0
Blue,府中,2022-07-11,43429.0
Blue,板橋,2022-07-11,72282.0
Blue,新埔,2022-07-11,58903.0
Blue,江子翠,2022-07-11,42377.0
Blue,龍山寺,2022-07-11,38417.0
Blue,西門,2022-07-11,51924.0
Blue,善導寺,2022-07-11,29536.0
Blue,忠孝新生,2022-07-11,28996.5
Blue,忠孝敦化,2022-07-11,50768.0
Blue,國父紀念館,2022-07-11,30795.0
Blue,市政府,2022-07-11,94252.0
Blue,永春,2022-07-11,29438.0
Blue,後山埤,2022-07-11,25102.0
Blue,昆陽,2022-07-11,23697.0
Blue,南港,2022-07-11,30752.0
Blue,忠孝復興,2022-07-11,37597.0
Blue,南港展覽館,2022-07-11,33239.0
Blue,台北車站,2022-07-12,93251.0
Blue,頂埔,2022-07-12,15082.0
Blue,永寧,2022-07-12,20697.0
Blue,土城,2022-07-12,13317.0
Blue,海山,2022-07-12,36053.0
Blue,亞東醫院,2022-07-12,40021.0
Blue,府中,2022-07-12,44570.0
Blue,板橋,2022-07-12,72423.0
Blue,新埔,2022-07-12,60870.0
Blue,江子翠,2022-07-12,43658.0
Blue,龍山寺,2022-07-12,38929.0
Blue,西門,2022-07-12,53182.0
Blue,善導寺,2022-07-12,31828.0
Blue,忠孝新生,2022-07-12,29410.5
Blue,忠孝敦化,2022-07-12,53673.0
Blue,國父紀念館,2022-07-12,33037.0
Blue,市政府,2022-07-12,96399.0
Blue,永春,2022-07-12,30817.0
Blue,後山埤,2022-07-12,25569.0
Blue,昆陽,2022-07-12,23870.0
Blue,南港,2022-07-12,30575.0
Blue,忠孝復興,2022-07-12,39159.0
Blue,南港展覽館,2022-07-12,28067.5
Blue,台北車站,2022-07-13,94597.0
Blue,頂埔,2022-07-13,15131.0
Blue,永寧,2022-07-13,21008.0
Blue,土城,2022-07-13,13329.0
Blue,海山,2022-07-13,36490.0
Blue,亞東醫院,2022-07-13,40340.0
Blue,府中,2022-07-13,45352.0
Blue,板橋,2022-07-13,72992.0
Blue,新埔,2022-07-13,61448.0
Blue,江子翠,2022-07-13,44074.0
Blue,龍山寺,2022-07-13,41212.0
Blue,西門,2022-07-13,54267.0
Blue,善導寺,2022-07-13,32269.0
Blue,忠孝新生,2022-07-13,29183.5
Blue,忠孝敦化,2022-07-13,55111.0
Blue,國父紀念館,2022-07-13,32717.0
Blue,市政府,2022-07-13,98515.0
Blue,永春,2022-07-13,31508.0
Blue,後山埤,2022-07-13,25563.0
Blue,昆陽,2022-07-13,23917.0
Blue,南港,2022-07-13,30440.0
Blue,忠孝復興,2022-07-13,40211.0
Blue,南港展覽館,2022-07-13,28350.5
Blue,台北車站,2022-07-14,97026.0
Blue,頂埔,2022-07-14,15226.0
Blue,永寧,2022-07-14,20784.0
Blue,土城,2022-07-14,13190.0
Blue,海山,2022-07-14,36333.0
Blue,亞東醫院,2022-07-14,39511.0
Blue,府中,2022-07-14,45039.0
Blue,板橋,2022-07-14,73199.0
Blue,新埔,2022-07-14,61583.0
Blue,江子翠,2022-07-14,43926.0
Blue,龍山寺,2022-07-14,39847.0
Blue,西門,2022-07-14,54309.0
Blue,善導寺,2022-07-14,31364.0
Blue,忠孝新生,2022-07-14,29652.5
Blue,忠孝敦化,2022-07-14,56235.0
Blue,國父紀念館,2022-07-14,33561.0
Blue,市政府,2022-07-14,100557.0
Blue,永春,2022-07-14,30737.0
Blue,後山埤,2022-07-14,25544.0
Blue,昆陽,2022-07-14,24414.0
Blue,南港,2022-07-14,30745.0
Blue,忠孝復興,2022-07-14,40581.5
Blue,南港展覽館,2022-07-14,27963.5
Blue,台北車站,2022-07-15,114922.5
Blue,頂埔,2022-07-15,15491.0
Blue,永寧,2022-07-15,21952.0
Blue,土城,2022-07-15,13569.0
Blue,海山,2022-07-15,37638.0
Blue,亞東醫院,2022-07-15,39431.0
Blue,府中,2022-07-15,47295.0
Blue,板橋,2022-07-15,82219.0
Blue,新埔,2022-07-15,63739.0
Blue,江子翠,2022-07-15,47426.0
Blue,龍山寺,2022-07-15,42432.0
Blue,西門,2022-07-15,62521.5
Blue,善導寺,2022-07-15,33357.0
Blue,忠孝新生,2022-07-15,33499.0
Blue,忠孝敦化,2022-07-15,61654.0
Blue,國父紀念館,2022-07-15,36437.0
Blue,市政府,2022-07-15,113616.0
Blue,永春,2022-07-15,32318.0
Blue,後山埤,2022-07-15,26735.0
Blue,昆陽,2022-07-15,24961.0
Blue,南港,2022-07-15,35106.0
Blue,忠孝復興,2022-07-15,45668.5
Blue,南港展覽館,2022-07-15,29371.0
Blue,台北車站,2022-07-16,107464.5
Blue,頂埔,2022-07-16,10268.0
Blue,永寧,2022-07-16,16237.0
Blue,土城,2022-07-16,10053.0
Blue,海山,2022-07-16,27391.0
Blue,亞東醫院,2022-07-16,25265.0
Blue,府中,2022-07-16,40857.0
Blue,板橋,2022-07-16,69178.0
Blue,新埔,2022-07-16,46377.0
Blue,江子翠,2022-07-16,34933.0
Blue,龍山寺,2022-07-16,38539.0
Blue,西門,2022-07-16,67679.0
Blue,善導寺,2022-07-16,22451.0
Blue,忠孝新生,2022-07-16,33168.0
Blue,忠孝敦化,2022-07-16,49821.0
Blue,國父紀念館,2022-07-16,28093.0
Blue,市政府,2022-07-16,96823.0
Blue,永春,2022-07-16,24237.0
Blue,後山埤,2022-07-16,21399.0
Blue,昆陽,2022-07-16,14350.0
Blue,南港,2022-07-16,26385.0
Blue,忠孝復興,2022-07-16,42662.5
Blue,南港展覽館,2022-07-16,16880.5
Blue,台北車站,2022-07-17,99924.5
Blue,頂埔,2022-07-17,9058.0
Blue,永寧,2022-07-17,14207.0
Blue,土城,2022-07-17,8076.0
Blue,海山,2022-07-17,23596.0
Blue,亞東醫院,2022-07-17,18844.0
Blue,府中,2022-07-17,33946.0
Blue,板橋,2022-07-17,63408.0
Blue,新埔,2022-07-17,37938.0
Blue,江子翠,2022-07-17,28358.0
Blue,龍山寺,2022-07-17,36044.0
Blue,西門,2022-07-17,56785.5
Blue,善導寺,2022-07-17,17065.0
Blue,忠孝新生,2022-07-17,25837.0
Blue,忠孝敦化,2022-07-17,35474.0
Blue,國父紀念館,2022-07-17,21881.0
Blue,市政府,2022-07-17,76881.0
Blue,永春,2022-07-17,20492.0
Blue,後山埤,2022-07-17,17515.0
Blue,昆陽,2022-07-17,11795.0
Blue,南港,2022-07-17,23367.0
Blue,忠孝復興,2022-07-17,31753.0
Blue,南港展覽館,2022-07-17,13751.0
Blue,台北車站,2022-07-18,96532.5
Blue,頂埔,2022-07-18,14929.0
Blue,永寧,2022-07-18,20684.0
Blue,土城,2022-07-18,12812.0
Blue,海山,2022-07-18,36583.0
Blue,亞東醫院,2022-07-18,38886.0
Blue,府中,2022-07-18,43234.0
Blue,板橋,2022-07-18,73430.0
Blue,新埔,2022-07-18,59547.0
Blue,江子翠,2022-07-18,43554.0
Blue,龍山寺,2022-07-18,38768.0
Blue,西門,2022-07-18,51024.5
Blue,善導寺,2022-07-18,31674.0
Blue,忠孝新生,2022-07-18,28530.5
Blue,忠孝敦化,2022-07-18,51360.0
Blue,國父紀念館,2022-07-18,31325.0
Blue,市政府,2022-07-18,95587.0
Blue,永春,2022-07-18,30158.0
Blue,後山埤,2022-07-18,25357.0
Blue,昆陽,2022-07-18,23894.0
Blue,南港,2022-07-18,30763.0
Blue,忠孝復興,2022-07-18,37911.0
Blue,南港展覽館,2022-07-18,27516.0
Blue,台北車站,2022-07-19,94715.5
Blue,頂埔,2022-07-19,15409.0
Blue,永寧,2022-07-19,20798.0
Blue,土城,2022-07-19,13216.0
Blue,海山,2022-07-19,36951.0
Blue,亞東醫院,2022-07-19,39312.0
Blue,府中,2022-07-19,43828.0
Blue,板橋,2022-07-19,72570.0
Blue,新埔,2022-07-19,60238.0
Blue,江子翠,2022-07-19,44572.0
Blue,龍山寺,2022-07-19,38422.0
Blue,西門,2022-07-19,51130.5
Blue,善導寺,2022-07-19,32805.0
Blue,忠孝新生,2022-07-19,28913.0
Blue,忠孝敦化,2022-07-19,53624.0
Blue,國父紀念館,2022-07-19,32171.0
Blue,市政府,2022-07-19,95685.0
Blue,永春,2022-07-19,31054.0
Blue,後山埤,2022-07-19,25358.0
Blue,昆陽,2022-07-19,23718.0
Blue,南港,2022-07-19,30219.0
Blue,忠孝復興,2022-07-19,39313.0
Blue,南港展覽館,2022-07-19,27606.5
Blue,台北車站,2022-07-20,98494.0
Blue,頂埔,2022-07-20,15514.0
Blue,永寧,2022-07-20,21212.0
Blue,土城,2022-07-20,13336.0
Blue,海山,2022-07-20,36852.0
Blue,亞東醫院,2022-07-20,40545.0
Blue,府中,2022-07-20,44735.0
Blue,板橋,2022-07-20,76266.0
Blue,新埔,2022-07-20,61440.0
Blue,江子翠,2022-07-20,44819.0
Blue,龍山寺,2022-07-20,40621.0
Blue,西門,2022-07-20,53113.0
Blue,善導寺,2022-07-20,34601.0
Blue,忠孝新生,2022-07-20,29724.0
Blue,忠孝敦化,2022-07-20,55274.0
Blue,國父紀念館,2022-07-20,33435.0
Blue,市政府,2022-07-20,100612.0
Blue,永春,2022-07-20,31616.0
Blue,後山埤,2022-07-20,26488.0
Blue,昆陽,2022-07-20,24546.0
Blue,南港,2022-07-20,32615.0
Blue,忠孝復興,2022-07-20,41246.0
Blue,南港展覽館,2022-07-20,28293.0
Blue,台北車站,2022-07-21,98716.0
Blue,頂埔,2022-07-21,15237.0
Blue,永寧,2022-07-21,21179.0
Blue,土城,2022-07-21,13516.0
Blue,海山,2022-07-21,37423.0
Blue,亞東醫院,2022-07-21,39835.0
Blue,府中,2022-07-21,45343.0
Blue,板橋,2022-07-21,75696.0
Blue,新埔,2022-07-21,60087.0
Blue,江子翠,2022-07-21,44501.0
Blue,龍山寺,2022-07-21,41454.0
Blue,西門,2022-07-21,54450.5
Blue,善導寺,2022-07-21,34779.0
Blue,忠孝新生,2022-07-21,30537.5
Blue,忠孝敦化,2022-07-21,56028.0
Blue,國父紀念館,2022-07-21,33050.0
Blue,市政府,2022-07-21,102797.0
Blue,永春,2022-07-21,33363.0
Blue,後山埤,2022-07-21,26089.0
Blue,昆陽,2022-07-21,25071.0
Blue,南港,2022-07-21,33287.0
Blue,忠孝復興,2022-07-21,41519.5
Blue,南港展覽館,2022-07-21,28397.5
Blue,台北車站,2022-07-22,115783.0
Blue,頂埔,2022-07-22,15835.0
Blue,永寧,2022-07-22,23026.0
Blue,土城,2022-07-22,13911.0
Blue,海山,2022-07-22,37417.0
Blue,亞東醫院,2022-07-22,39749.0
Blue,府中,2022-07-22,46888.0
Blue,板橋,2022-07-22,82858.0
Blue,新埔,2022-07-22,63362.0
Blue,江子翠,2022-07-22,45810.0
Blue,龍山寺,2022-07-22,42276.0
Blue,西門,2022-07-22,60945.5
Blue,善導寺,2022-07-22,34643.0
Blue,忠孝新生,2022-07-22,33162.5
Blue,忠孝敦化,2022-07-22,62364.0
Blue,國父紀念館,2022-07-22,37086.0
Blue,市政府,2022-07-22,115741.0
Blue,永春,2022-07-22,33288.0
Blue,後山埤,2022-07-22,27524.0
Blue,昆陽,2022-07-22,25131.0
Blue,南港,2022-07-22,36358.0
Blue,忠孝復興,2022-07-22,47240.5
Blue,南港展覽館,2022-07-22,29330.5
Blue,台北車站,2022-07-23,106674.0
Blue,頂埔,2022-07-23,9995.0
Blue,永寧,2022-07-23,15543.0
Blue,土城,2022-07-23,9750.0
Blue,海山,2022-07-23,26755.0
Blue,亞東醫院,2022-07-23,24765.0
Blue,府中,2022-07-23,38141.0
Blue,板橋,2022-07-23,67443.0
Blue,新埔,2022-07-23,45429.0
Blue,江子翠,2022-07-23,32738.0
Blue,龍山寺,2022-07-23,36984.0
Blue,西門,2022-07-23,63251.0
Blue,善導寺,2022-07-23,21034.0
Blue,忠孝新生,2022-07-23,32326.0
Blue,忠孝敦化,2022-07-23,50041.0
Blue,國父紀念館,2022-07-23,29863.0
Blue,市政府,2022-07-23,95441.0
Blue,永春,2022-07-23,24201.0
Blue,後山埤,2022-07-23,21960.0
Blue,昆陽,2022-07-23,14355.0
Blue,南港,2022-07-23,28519.0
Blue,忠孝復興,2022-07-23,42568.5
Blue,南港展覽館,2022-07-23,16966.5
Blue,台北車站,2022-07-24,98484.5
Blue,頂埔,2022-07-24,8627.0
Blue,永寧,2022-07-24,13251.0
Blue,土城,2022-07-24,7695.0
Blue,海山,2022-07-24,21800.0
Blue,亞東醫院,2022-07-24,18416.0
Blue,府中,2022-07-24,31347.0
Blue,板橋,2022-07-24,62411.0
Blue,新埔,2022-07-24,36918.0
Blue,江子翠,2022-07-24,27075.0
Blue,龍山寺,2022-07-24,31213.0
Blue,西門,2022-07-24,52574.5
Blue,善導寺,2022-07-24,18170.0
Blue,忠孝新生,2022-07-24,25296.0
Blue,忠孝敦化,2022-07-24,34724.0
Blue,國父紀念館,2022-07-24,21866.0
Blue,市政府,2022-07-24,76845.0
Blue,永春,2022-07-24,20236.0
Blue,後山埤,2022-07-24,17959.0
Blue,昆陽,2022-07-24,11662.0
Blue,南港,2022-07-24,24586.0
Blue,忠孝復興,2022-07-24,32084.0
Blue,南港展覽館,2022-07-24,13701.5
Blue,台北車站,2022-07-25,87849.0
Blue,頂埔,2022-07-25,15107.0
Blue,永寧,2022-07-25,20331.0
Blue,土城,2022-07-25,12876.0
Blue,海山,2022-07-25,35522.0
Blue,亞東醫院,2022-07-25,38746.0
Blue,府中,2022-07-25,43094.0
Blue,板橋,2022-07-25,73051.0
Blue,新埔,2022-07-25,58923.0
Blue,江子翠,2022-07-25,42545.0
Blue,龍山寺,2022-07-25,38776.0
Blue,西門,2022-07-25,49661.0
Blue,善導寺,2022-07-25,31197.0
Blue,忠孝新生,2022-07-25,28085.0
Blue,忠孝敦化,2022-07-25,50809.0
Blue,國父紀念館,2022-07-25,30270.0
Blue,市政府,2022-07-25,94972.0
Blue,永春,2022-07-25,30312.0
Blue,後山埤,2022-07-25,24795.0
Blue,昆陽,2022-07-25,23819.0
Blue,南港,2022-07-25,30478.0
Blue,忠孝復興,2022-07-25,37273.0
Blue,南港展覽館,2022-07-25,27784.5
Blue,台北車站,2022-07-26,94366.5
Blue,頂埔,2022-07-26,15254.0
Blue,永寧,2022-07-26,20901.0
Blue,土城,2022-07-26,13028.0
Blue,海山,2022-07-26,36532.0
Blue,亞東醫院,2022-07-26,40212.0
Blue,府中,2022-07-26,44461.0
Blue,板橋,2022-07-26,73103.0
Blue,新埔,2022-07-26,61742.0
Blue,江子翠,2022-07-26,44485.0
Blue,龍山寺,2022-07-26,40427.0
Blue,西門,2022-07-26,52244.0
Blue,善導寺,2022-07-26,33017.0
Blue,忠孝新生,2022-07-26,29270.5
Blue,忠孝敦化,2022-07-26,54593.0
Blue,國父紀念館,2022-07-26,32645.0
Blue,市政府,2022-07-26,98671.0
Blue,永春,2022-07-26,31787.0
Blue,後山埤,2022-07-26,26318.0
Blue,昆陽,2022-07-26,24303.0
Blue,南港,2022-07-26,31655.0
Blue,忠孝復興,2022-07-26,39719.0
Blue,南港展覽館,2022-07-26,28602.5
Blue,台北車站,2022-07-27,98127.5
Blue,頂埔,2022-07-27,15341.0
Blue,永寧,2022-07-27,20852.0
Blue,土城,2022-07-27,13573.0
Blue,海山,2022-07-27,36730.0
Blue,亞東醫院,2022-07-27,40789.0
Blue,府中,2022-07-27,45410.0
Blue,板橋,2022-07-27,75530.0
Blue,新埔,2022-07-27,62403.0
Blue,江子翠,2022-07-27,45141.0
Blue,龍山寺,2022-07-27,41646.0
Blue,西門,2022-07-27,54635.0
Blue,善導寺,2022-07-27,34616.0
Blue,忠孝新生,2022-07-27,30251.5
Blue,忠孝敦化,2022-07-27,56749.0
Blue,國父紀念館,2022-07-27,33816.0
Blue,市政府,2022-07-27,100509.0
Blue,永春,2022-07-27,32496.0
Blue,後山埤,2022-07-27,26451.0
Blue,昆陽,2022-07-27,24556.0
Blue,南港,2022-07-27,32559.0
Blue,忠孝復興,2022-07-27,41736.5
Blue,南港展覽館,2022-07-27,30003.0
Blue,台北車站,2022-07-28,100081.0
Blue,頂埔,2022-07-28,15511.0
Blue,永寧,2022-07-28,21456.0
Blue,土城,2022-07-28,13622.0
Blue,海山,2022-07-28,36925.0
Blue,亞東醫院,2022-07-28,40482.0
Blue,府中,2022-07-28,45876.0
Blue,板橋,2022-07-28,76787.0
Blue,新埔,2022-07-28,62798.0
Blue,江子翠,2022-07-28,45556.0
Blue,龍山寺,2022-07-28,42151.0
Blue,西門,2022-07-28,55208.0
Blue,善導寺,2022-07-28,34507.0
Blue,忠孝新生,2022-07-28,30983.5
Blue,忠孝敦化,2022-07-28,56786.0
Blue,國父紀念館,2022-07-28,33933.0
Blue,市政府,2022-07-28,103982.0
Blue,永春,2022-07-28,32576.0
Blue,後山埤,2022-07-28,26484.0
Blue,昆陽,2022-07-28,25184.0
Blue,南港,2022-07-28,35253.0
Blue,忠孝復興,2022-07-28,41972.0
Blue,南港展覽館,2022-07-28,36370.5
Blue,台北車站,2022-07-29,118209.5
Blue,頂埔,2022-07-29,15636.0
Blue,永寧,2022-07-29,22468.0
Blue,土城,2022-07-29,13849.0
Blue,海山,2022-07-29,38016.0
Blue,亞東醫院,2022-07-29,40446.0
Blue,府中,2022-07-29,47891.0
Blue,板橋,2022-07-29,84222.0
Blue,新埔,2022-07-29,65097.0
Blue,江子翠,2022-07-29,46946.0
Blue,龍山寺,2022-07-29,44144.0
Blue,西門,2022-07-29,64628.0
Blue,善導寺,2022-07-29,36068.0
Blue,忠孝新生,2022-07-29,34229.5
Blue,忠孝敦化,2022-07-29,62484.0
Blue,國父紀念館,2022-07-29,36906.0
Blue,市政府,2022-07-29,117292.0
Blue,永春,2022-07-29,34731.0
Blue,後山埤,2022-07-29,27804.0
Blue,昆陽,2022-07-29,25656.0
Blue,南港,2022-07-29,41087.0
Blue,忠孝復興,2022-07-29,47725.5
Blue,南港展覽館,2022-07-29,38303.5
Blue,台北車站,2022-07-30,116432.5
Blue,頂埔,2022-07-30,10097.0
Blue,永寧,2022-07-30,16138.0
Blue,土城,2022-07-30,10968.0
Blue,海山,2022-07-30,28266.0
Blue,亞東醫院,2022-07-30,26035.0
Blue,府中,2022-07-30,40924.0
Blue,板橋,2022-07-30,71504.0
Blue,新埔,2022-07-30,47581.0
Blue,江子翠,2022-07-30,35304.0
Blue,龍山寺,2022-07-30,40071.0
Blue,西門,2022-07-30,71570.5
Blue,善導寺,2022-07-30,22335.0
Blue,忠孝新生,2022-07-30,31847.5
Blue,忠孝敦化,2022-07-30,50183.0
Blue,國父紀念館,2022-07-30,27838.0
Blue,市政府,2022-07-30,98474.0
Blue,永春,2022-07-30,24867.0
Blue,後山埤,2022-07-30,23247.0
Blue,昆陽,2022-07-30,18217.0
Blue,南港,2022-07-30,33219.0
Blue,忠孝復興,2022-07-30,44137.0
Blue,南港展覽館,2022-07-30,24474.0
Blue,台北車站,2022-07-31,100301.5
Blue,頂埔,2022-07-31,9018.0
Blue,永寧,2022-07-31,13981.0
Blue,土城,2022-07-31,8943.0
Blue,海山,2022-07-31,22695.0
Blue,亞東醫院,2022-07-31,19927.0
Blue,府中,2022-07-31,33610.0
Blue,板橋,2022-07-31,62832.0
Blue,新埔,2022-07-31,39204.0
Blue,江子翠,2022-07-31,28690.0
Blue,龍山寺,2022-07-31,32836.0
Blue,西門,2022-07-31,56764.0
Blue,善導寺,2022-07-31,17632.0
Blue,忠孝新生,2022-07-31,26071.5
Blue,忠孝敦化,2022-07-31,36979.0
Blue,國父紀念館,2022-07-31,22050.0
Blue,市政府,2022-07-31,81547.0
Blue,永春,2022-07-31,20582.0
Blue,後山埤,2022-07-31,19606.0
Blue,昆陽,2022-07-31,14451.0
Blue,南港,2022-07-31,29654.0
Blue,忠孝復興,2022-07-31,34530.5
Blue,南港展覽館,2022-07-31,19371.0
Blue,台北車站,2022-08-01,94225.0
Blue,頂埔,2022-08-01,15412.0
Blue,永寧,2022-08-01,20516.0
Blue,土城,2022-08-01,13271.0
Blue,海山,2022-08-01,35931.0
Blue,亞東醫院,2022-08-01,39622.0
Blue,府中,2022-08-01,43028.0
Blue,板橋,2022-08-01,73081.0
Blue,新埔,2022-08-01,60039.0
Blue,江子翠,2022-08-01,43179.0
Blue,龍山寺,2022-08-01,38891.0
Blue,西門,2022-08-01,51175.0
Blue,善導寺,2022-08-01,30683.0
Blue,忠孝新生,2022-08-01,28595.0
Blue,忠孝敦化,2022-08-01,51329.0
Blue,國父紀念館,2022-08-01,31251.0
Blue,市政府,2022-08-01,98104.0
Blue,永春,2022-08-01,30817.0
Blue,後山埤,2022-08-01,25184.0
Blue,昆陽,2022-08-01,24077.0
Blue,南港,2022-08-01,31246.0
Blue,忠孝復興,2022-08-01,37938.5
Blue,南港展覽館,2022-08-01,28617.0
Blue,台北車站,2022-08-02,92252.0
Blue,頂埔,2022-08-02,15452.0
Blue,永寧,2022-08-02,20791.0
Blue,土城,2022-08-02,13344.0
Blue,海山,2022-08-02,36499.0
Blue,亞東醫院,2022-08-02,40762.0
Blue,府中,2022-08-02,43965.0
Blue,板橋,2022-08-02,73255.0
Blue,新埔,2022-08-02,61271.0
Blue,江子翠,2022-08-02,44313.0
Blue,龍山寺,2022-08-02,39521.0
Blue,西門,2022-08-02,51303.0
Blue,善導寺,2022-08-02,32416.0
Blue,忠孝新生,2022-08-02,29701.5
Blue,忠孝敦化,2022-08-02,54435.0
Blue,國父紀念館,2022-08-02,32480.0
Blue,市政府,2022-08-02,98215.0
Blue,永春,2022-08-02,32402.0
Blue,後山埤,2022-08-02,25710.0
Blue,昆陽,2022-08-02,24537.0
Blue,南港,2022-08-02,30866.0
Blue,忠孝復興,2022-08-02,39879.0
Blue,南港展覽館,2022-08-02,29017.5
Blue,台北車站,2022-08-03,95800.5
Blue,頂埔,2022-08-03,15437.0
Blue,永寧,2022-08-03,21242.0
Blue,土城,2022-08-03,13743.0
Blue,海山,2022-08-03,37759.0
Blue,亞東醫院,2022-08-03,41018.0
Blue,府中,2022-08-03,44953.0
Blue,板橋,2022-08-03,76222.0
Blue,新埔,2022-08-03,62880.0
Blue,江子翠,2022-08-03,45409.0
Blue,龍山寺,2022-08-03,41003.0
Blue,西門,2022-08-03,54347.5
Blue,善導寺,2022-08-03,33292.0
Blue,忠孝新生,2022-08-03,30112.0
Blue,忠孝敦化,2022-08-03,56895.0
Blue,國父紀念館,2022-08-03,34108.0
Blue,市政府,2022-08-03,101778.0
Blue,永春,2022-08-03,32428.0
Blue,後山埤,2022-08-03,26352.0
Blue,昆陽,2022-08-03,24485.0
Blue,南港,2022-08-03,31797.0
Blue,忠孝復興,2022-08-03,42123.5
Blue,南港展覽館,2022-08-03,29801.5
Blue,台北車站,2022-08-04,101518.5
Blue,頂埔,2022-08-04,15480.0
Blue,永寧,2022-08-04,21288.0
Blue,土城,2022-08-04,13624.0
Blue,海山,2022-08-04,37507.0
Blue,亞東醫院,2022-08-04,40416.0
Blue,府中,2022-08-04,46039.0
Blue,板橋,2022-08-04,78492.0
Blue,新埔,2022-08-04,63054.0
Blue,江子翠,2022-08-04,45660.0
Blue,龍山寺,2022-08-04,41681.0
Blue,西門,2022-08-04,55870.0
Blue,善導寺,2022-08-04,33289.0
Blue,忠孝新生,2022-08-04,30947.5
Blue,忠孝敦化,2022-08-04,58492.0
Blue,國父紀念館,2022-08-04,34704.0
Blue,市政府,2022-08-04,106554.0
Blue,永春,2022-08-04,32448.0
Blue,後山埤,2022-08-04,26357.0
Blue,昆陽,2022-08-04,25620.0
Blue,南港,2022-08-04,33812.0
Blue,忠孝復興,2022-08-04,43258.0
Blue,南港展覽館,2022-08-04,32766.5
Blue,台北車站,2022-08-05,118412.5
Blue,頂埔,2022-08-05,16129.0
Blue,永寧,2022-08-05,22899.0
Blue,土城,2022-08-05,14335.0
Blue,海山,2022-08-05,37976.0
Blue,亞東醫院,2022-08-05,40820.0
Blue,府中,2022-08-05,48403.0
Blue,板橋,2022-08-05,86598.0
Blue,新埔,2022-08-05,64893.0
Blue,江子翠,2022-08-05,46699.0
Blue,龍山寺,2022-08-05,42855.0
Blue,西門,2022-08-05,63630.0
Blue,善導寺,2022-08-05,34459.0
Blue,忠孝新生,2022-08-05,34332.5
Blue,忠孝敦化,2022-08-05,63341.0
Blue,國父紀念館,2022-08-05,37404.0
Blue,市政府,2022-08-05,116761.0
Blue,永春,2022-08-05,34513.0
Blue,後山埤,2022-08-05,28028.0
Blue,昆陽,2022-08-05,26080.0
Blue,南港,2022-08-05,39005.0
Blue,忠孝復興,2022-08-05,48411.5
Blue,南港展覽館,2022-08-05,34156.5
Blue,台北車站,2022-08-06,109172.0
Blue,頂埔,2022-08-06,10159.0
Blue,永寧,2022-08-06,16291.0
Blue,土城,2022-08-06,11309.0
Blue,海山,2022-08-06,27470.0
Blue,亞東醫院,2022-08-06,25567.0
Blue,府中,2022-08-06,39992.0
Blue,板橋,2022-08-06,71190.0
Blue,新埔,2022-08-06,46902.0
Blue,江子翠,2022-08-06,34720.0
Blue,龍山寺,2022-08-06,37803.0
Blue,西門,2022-08-06,67223.0
Blue,善導寺,2022-08-06,24021.0
Blue,忠孝新生,2022-08-06,31049.0
Blue,忠孝敦化,2022-08-06,49868.0
Blue,國父紀念館,2022-08-06,30009.0
Blue,市政府,2022-08-06,94706.0
Blue,永春,2022-08-06,24542.0
Blue,後山埤,2022-08-06,22868.0
Blue,昆陽,2022-08-06,17113.0
Blue,南港,2022-08-06,30106.0
Blue,忠孝復興,2022-08-06,43479.5
Blue,南港展覽館,2022-08-06,21802.5
Blue,台北車站,2022-08-07,99768.0
Blue,頂埔,2022-08-07,8899.0
Blue,永寧,2022-08-07,13645.0
Blue,土城,2022-08-07,8487.0
Blue,海山,2022-08-07,22336.0
Blue,亞東醫院,2022-08-07,19178.0
Blue,府中,2022-08-07,31725.0
Blue,板橋,2022-08-07,64533.0
Blue,新埔,2022-08-07,38437.0
Blue,江子翠,2022-08-07,28251.0
Blue,龍山寺,2022-08-07,32234.0
Blue,西門,2022-08-07,55599.0
Blue,善導寺,2022-08-07,19498.0
Blue,忠孝新生,2022-08-07,25434.0
Blue,忠孝敦化,2022-08-07,35921.0
Blue,國父紀念館,2022-08-07,23045.0
Blue,市政府,2022-08-07,78439.0
Blue,永春,2022-08-07,20345.0
Blue,後山埤,2022-08-07,18491.0
Blue,昆陽,2022-08-07,11913.0
Blue,南港,2022-08-07,25279.0
Blue,忠孝復興,2022-08-07,33148.5
Blue,南港展覽館,2022-08-07,16641.0
Blue,台北車站,2022-08-08,96439.0
Blue,頂埔,2022-08-08,15091.0
Blue,永寧,2022-08-08,20911.0
Blue,土城,2022-08-08,13593.0
Blue,海山,2022-08-08,36083.0
Blue,亞東醫院,2022-08-08,39196.0
Blue,府中,2022-08-08,43773.0
Blue,板橋,2022-08-08,74454.0
Blue,新埔,2022-08-08,60243.0
Blue,江子翠,2022-08-08,43228.0
Blue,龍山寺,2022-08-08,39546.0
Blue,西門,2022-08-08,52064.0
Blue,善導寺,2022-08-08,32400.0
Blue,忠孝新生,2022-08-08,29694.5
Blue,忠孝敦化,2022-08-08,51437.0
Blue,國父紀念館,2022-08-08,31097.0
Blue,市政府,2022-08-08,97493.0
Blue,永春,2022-08-08,30696.0
Blue,後山埤,2022-08-08,25971.0
Blue,昆陽,2022-08-08,24068.0
Blue,南港,2022-08-08,31607.0
Blue,忠孝復興,2022-08-08,39205.0
Blue,南港展覽館,2022-08-08,27882.5
Blue,台北車站,2022-08-09,99319.0
Blue,頂埔,2022-08-09,15723.0
Blue,永寧,2022-08-09,21738.0
Blue,土城,2022-08-09,13762.0
Blue,海山,2022-08-09,37529.0
Blue,亞東醫院,2022-08-09,41526.0
Blue,府中,2022-08-09,45473.0
Blue,板橋,2022-08-09,76296.0
Blue,新埔,2022-08-09,62492.0
Blue,江子翠,2022-08-09,45553.0
Blue,龍山寺,2022-08-09,41005.0
Blue,西門,2022-08-09,54489.0
Blue,善導寺,2022-08-09,34392.0
Blue,忠孝新生,2022-08-09,31278.0
Blue,忠孝敦化,2022-08-09,57344.0
Blue,國父紀念館,2022-08-09,33685.0
Blue,市政府,2022-08-09,101231.0
Blue,永春,2022-08-09,33352.0
Blue,後山埤,2022-08-09,26647.0
Blue,昆陽,2022-08-09,24891.0
Blue,南港,2022-08-09,32114.0
Blue,忠孝復興,2022-08-09,41703.5
Blue,南港展覽館,2022-08-09,29268.5
Blue,台北車站,2022-08-10,100389.0
Blue,頂埔,2022-08-10,15980.0
Blue,永寧,2022-08-10,21746.0
Blue,土城,2022-08-10,14032.0
Blue,海山,2022-08-10,37847.0
Blue,亞東醫院,2022-08-10,41513.0
Blue,府中,2022-08-10,46107.0
Blue,板橋,2022-08-10,76942.0
Blue,新埔,2022-08-10,63861.0
Blue,江子翠,2022-08-10,45962.0
Blue,龍山寺,2022-08-10,41684.0
Blue,西門,2022-08-10,56936.0
Blue,善導寺,2022-08-10,35342.0
Blue,忠孝新生,2022-08-10,30998.5
Blue,忠孝敦化,2022-08-10,58490.0
Blue,國父紀念館,2022-08-10,34210.0
Blue,市政府,2022-08-10,103908.0
Blue,永春,2022-08-10,32892.0
Blue,後山埤,2022-08-10,27224.0
Blue,昆陽,2022-08-10,25319.0
Blue,南港,2022-08-10,33132.0
Blue,忠孝復興,2022-08-10,42752.0
Blue,南港展覽館,2022-08-10,31618.5
Blue,台北車站,2022-08-11,102497.0
Blue,頂埔,2022-08-11,15682.0
Blue,永寧,2022-08-11,21667.0
Blue,土城,2022-08-11,13646.0
Blue,海山,2022-08-11,37461.0
Blue,亞東醫院,2022-08-11,40719.0
Blue,府中,2022-08-11,45514.0
Blue,板橋,2022-08-11,76717.0
Blue,新埔,2022-08-11,63102.0
Blue,江子翠,2022-08-11,45847.0
Blue,龍山寺,2022-08-11,41366.0
Blue,西門,2022-08-11,56115.0
Blue,善導寺,2022-08-11,35285.0
Blue,忠孝新生,2022-08-11,30955.0
Blue,忠孝敦化,2022-08-11,58901.0
Blue,國父紀念館,2022-08-11,34273.0
Blue,市政府,2022-08-11,104561.0
Blue,永春,2022-08-11,33047.0
Blue,後山埤,2022-08-11,26742.0
Blue,昆陽,2022-08-11,25534.0
Blue,南港,2022-08-11,33810.0
Blue,忠孝復興,2022-08-11,44214.5
Blue,南港展覽館,2022-08-11,30964.5
Blue,台北車站,2022-08-12,116824.0
Blue,頂埔,2022-08-12,15960.0
Blue,永寧,2022-08-12,22443.0
Blue,土城,2022-08-12,14056.0
Blue,海山,2022-08-12,37337.0
Blue,亞東醫院,2022-08-12,39911.0
Blue,府中,2022-08-12,46273.0
Blue,板橋,2022-08-12,83610.0
Blue,新埔,2022-08-12,63246.0
Blue,江子翠,2022-08-12,46248.0
Blue,龍山寺,2022-08-12,42001.0
Blue,西門,2022-08-12,61440.5
Blue,善導寺,2022-08-12,36185.0
Blue,忠孝新生,2022-08-12,34834.5
Blue,忠孝敦化,2022-08-12,63267.0
Blue,國父紀念館,2022-08-12,37192.0
Blue,市政府,2022-08-12,114850.0
Blue,永春,2022-08-12,33725.0
Blue,後山埤,2022-08-12,27378.0
Blue,昆陽,2022-08-12,24905.0
Blue,南港,2022-08-12,36694.0
Blue,忠孝復興,2022-08-12,47496.0
Blue,南港展覽館,2022-08-12,29966.5
Blue,台北車站,2022-08-13,118314.5
Blue,頂埔,2022-08-13,10698.0
Blue,永寧,2022-08-13,17257.0
Blue,土城,2022-08-13,10384.0
Blue,海山,2022-08-13,28238.0
Blue,亞東醫院,2022-08-13,26522.0
Blue,府中,2022-08-13,41560.0
Blue,板橋,2022-08-13,73988.0
Blue,新埔,2022-08-13,48690.0
Blue,江子翠,2022-08-13,35020.0
Blue,龍山寺,2022-08-13,39244.0
Blue,西門,2022-08-13,70494.5
Blue,善導寺,2022-08-13,23472.0
Blue,忠孝新生,2022-08-13,34905.0
Blue,忠孝敦化,2022-08-13,52656.0
Blue,國父紀念館,2022-08-13,29440.0
Blue,市政府,2022-08-13,98454.0
Blue,永春,2022-08-13,24622.0
Blue,後山埤,2022-08-13,22590.0
Blue,昆陽,2022-08-13,14568.0
Blue,南港,2022-08-13,29944.0
Blue,忠孝復興,2022-08-13,45083.5
Blue,南港展覽館,2022-08-13,23615.0
Blue,台北車站,2022-08-14,114200.0
Blue,頂埔,2022-08-14,9574.0
Blue,永寧,2022-08-14,14978.0
Blue,土城,2022-08-14,8679.0
Blue,海山,2022-08-14,23563.0
Blue,亞東醫院,2022-08-14,19752.0
Blue,府中,2022-08-14,34794.0
Blue,板橋,2022-08-14,67426.0
Blue,新埔,2022-08-14,39600.0
Blue,江子翠,2022-08-14,28763.0
Blue,龍山寺,2022-08-14,33635.0
Blue,西門,2022-08-14,62371.5
Blue,善導寺,2022-08-14,19193.0
Blue,忠孝新生,2022-08-14,28942.0
Blue,忠孝敦化,2022-08-14,38434.0
Blue,國父紀念館,2022-08-14,23037.0
Blue,市政府,2022-08-14,81667.0
Blue,永春,2022-08-14,21542.0
Blue,後山埤,2022-08-14,18781.0
Blue,昆陽,2022-08-14,12399.0
Blue,南港,2022-08-14,25824.0
Blue,忠孝復興,2022-08-14,36013.5
Blue,南港展覽館,2022-08-14,15978.5
Blue,台北車站,2022-08-15,103942.5
Blue,頂埔,2022-08-15,15318.0
Blue,永寧,2022-08-15,21062.0
Blue,土城,2022-08-15,13713.0
Blue,海山,2022-08-15,35904.0
Blue,亞東醫院,2022-08-15,39704.0
Blue,府中,2022-08-15,44568.0
Blue,板橋,2022-08-15,76694.0
Blue,新埔,2022-08-15,60628.0
Blue,江子翠,2022-08-15,43624.0
Blue,龍山寺,2022-08-15,40797.0
Blue,西門,2022-08-15,55296.0
Blue,善導寺,2022-08-15,31779.0
Blue,忠孝新生,2022-08-15,31828.5
Blue,忠孝敦化,2022-08-15,54355.0
Blue,國父紀念館,2022-08-15,32258.0
Blue,市政府,2022-08-15,100085.0
Blue,永春,2022-08-15,30683.0
Blue,後山埤,2022-08-15,25728.0
Blue,昆陽,2022-08-15,24336.0
Blue,南港,2022-08-15,31863.0
Blue,忠孝復興,2022-08-15,41343.0
Blue,南港展覽館,2022-08-15,28564.0
Blue,台北車站,2022-08-16,102667.0
Blue,頂埔,2022-08-16,15648.0
Blue,永寧,2022-08-16,21736.0
Blue,土城,2022-08-16,13967.0
Blue,海山,2022-08-16,38069.0
Blue,亞東醫院,2022-08-16,41609.0
Blue,府中,2022-08-16,46360.0
Blue,板橋,2022-08-16,76991.0
Blue,新埔,2022-08-16,62501.0
Blue,江子翠,2022-08-16,45435.0
Blue,龍山寺,2022-08-16,41258.0
Blue,西門,2022-08-16,55503.0
Blue,善導寺,2022-08-16,33977.0
Blue,忠孝新生,2022-08-16,31581.0
Blue,忠孝敦化,2022-08-16,56658.0
Blue,國父紀念館,2022-08-16,33798.0
Blue,市政府,2022-08-16,103151.0
Blue,永春,2022-08-16,32250.0
Blue,後山埤,2022-08-16,26794.0
Blue,昆陽,2022-08-16,24714.0
Blue,南港,2022-08-16,32868.0
Blue,忠孝復興,2022-08-16,43251.0
Blue,南港展覽館,2022-08-16,29370.0
Blue,台北車站,2022-08-17,103670.0
Blue,頂埔,2022-08-17,15684.0
Blue,永寧,2022-08-17,21540.0
Blue,土城,2022-08-17,13793.0
Blue,海山,2022-08-17,38335.0
Blue,亞東醫院,2022-08-17,42146.0
Blue,府中,2022-08-17,46440.0
Blue,板橋,2022-08-17,77477.0
Blue,新埔,2022-08-17,63281.0
Blue,江子翠,2022-08-17,45971.0
Blue,龍山寺,2022-08-17,41741.0
Blue,西門,2022-08-17,57123.5
Blue,善導寺,2022-08-17,35841.0
Blue,忠孝新生,2022-08-17,31960.0
Blue,忠孝敦化,2022-08-17,58458.0
Blue,國父紀念館,2022-08-17,35171.0
Blue,市政府,2022-08-17,105193.0
Blue,永春,2022-08-17,32212.0
Blue,後山埤,2022-08-17,27528.0
Blue,昆陽,2022-08-17,24546.0
Blue,南港,2022-08-17,33672.0
Blue,忠孝復興,2022-08-17,44185.5
Blue,南港展覽館,2022-08-17,31765.0
Blue,台北車站,2022-08-18,104541.5
Blue,頂埔,2022-08-18,15665.0
Blue,永寧,2022-08-18,22201.0
Blue,土城,2022-08-18,13907.0
Blue,海山,2022-08-18,38682.0
Blue,亞東醫院,2022-08-18,41119.0
Blue,府中,2022-08-18,46117.0
Blue,板橋,2022-08-18,78114.0
Blue,新埔,2022-08-18,63122.0
Blue,江子翠,2022-08-18,45709.0
Blue,龍山寺,2022-08-18,41607.0
Blue,西門,2022-08-18,56567.0
Blue,善導寺,2022-08-18,33781.0
Blue,忠孝新生,2022-08-18,32404.0
Blue,忠孝敦化,2022-08-18,58076.0
Blue,國父紀念館,2022-08-18,34828.0
Blue,市政府,2022-08-18,107143.0
Blue,永春,2022-08-18,32379.0
Blue,後山埤,2022-08-18,26865.0
Blue,昆陽,2022-08-18,25449.0
Blue,南港,2022-08-18,34057.0
Blue,忠孝復興,2022-08-18,44514.0
Blue,南港展覽館,2022-08-18,31730.0
Blue,台北車站,2022-08-19,122936.0
Blue,頂埔,2022-08-19,16359.0
Blue,永寧,2022-08-19,23566.0
Blue,土城,2022-08-19,14543.0
Blue,海山,2022-08-19,39192.0
Blue,亞東醫院,2022-08-19,41411.0
Blue,府中,2022-08-19,49473.0
Blue,板橋,2022-08-19,89156.0
Blue,新埔,2022-08-19,65457.0
Blue,江子翠,2022-08-19,47425.0
Blue,龍山寺,2022-08-19,44117.0
Blue,西門,2022-08-19,66236.5
Blue,善導寺,2022-08-19,35007.0
Blue,忠孝新生,2022-08-19,35354.5
Blue,忠孝敦化,2022-08-19,64190.0
Blue,國父紀念館,2022-08-19,38777.0
Blue,市政府,2022-08-19,120931.0
Blue,永春,2022-08-19,34460.0
Blue,後山埤,2022-08-19,28267.0
Blue,昆陽,2022-08-19,26964.0
Blue,南港,2022-08-19,38374.0
Blue,忠孝復興,2022-08-19,50368.0
Blue,南港展覽館,2022-08-19,33822.0
Blue,台北車站,2022-08-20,116074.0
Blue,頂埔,2022-08-20,10773.0
Blue,永寧,2022-08-20,17608.0
Blue,土城,2022-08-20,10642.0
Blue,海山,2022-08-20,28682.0
Blue,亞東醫院,2022-08-20,26476.0
Blue,府中,2022-08-20,43311.0
Blue,板橋,2022-08-20,75322.0
Blue,新埔,2022-08-20,48222.0
Blue,江子翠,2022-08-20,36311.0
Blue,龍山寺,2022-08-20,42115.0
Blue,西門,2022-08-20,70398.5
Blue,善導寺,2022-08-20,23206.0
Blue,忠孝新生,2022-08-20,35157.5
Blue,忠孝敦化,2022-08-20,52533.0
Blue,國父紀念館,2022-08-20,34578.0
Blue,市政府,2022-08-20,99026.0
Blue,永春,2022-08-20,25291.0
Blue,後山埤,2022-08-20,22759.0
Blue,昆陽,2022-08-20,17463.0
Blue,南港,2022-08-20,31554.0
Blue,忠孝復興,2022-08-20,47565.0
Blue,南港展覽館,2022-08-20,22064.0
Blue,台北車站,2022-08-21,109658.5
Blue,頂埔,2022-08-21,9704.0
Blue,永寧,2022-08-21,14843.0
Blue,土城,2022-08-21,8624.0
Blue,海山,2022-08-21,23531.0
Blue,亞東醫院,2022-08-21,20207.0
Blue,府中,2022-08-21,35468.0
Blue,板橋,2022-08-21,68995.0
Blue,新埔,2022-08-21,40016.0
Blue,江子翠,2022-08-21,29138.0
Blue,龍山寺,2022-08-21,35700.0
Blue,西門,2022-08-21,60851.5
Blue,善導寺,2022-08-21,19304.0
Blue,忠孝新生,2022-08-21,28716.0
Blue,忠孝敦化,2022-08-21,38874.0
Blue,國父紀念館,2022-08-21,25027.0
Blue,市政府,2022-08-21,84113.0
Blue,永春,2022-08-21,20791.0
Blue,後山埤,2022-08-21,18675.0
Blue,昆陽,2022-08-21,13855.0
Blue,南港,2022-08-21,27050.0
Blue,忠孝復興,2022-08-21,36880.5
Blue,南港展覽館,2022-08-21,14686.5
Blue,台北車站,2022-08-22,103383.5
Blue,頂埔,2022-08-22,15418.0
Blue,永寧,2022-08-22,21510.0
Blue,土城,2022-08-22,13530.0
Blue,海山,2022-08-22,37267.0
Blue,亞東醫院,2022-08-22,40202.0
Blue,府中,2022-08-22,44817.0
Blue,板橋,2022-08-22,77714.0
Blue,新埔,2022-08-22,61156.0
Blue,江子翠,2022-08-22,44332.0
Blue,龍山寺,2022-08-22,40534.0
Blue,西門,2022-08-22,56251.0
Blue,善導寺,2022-08-22,31770.0
Blue,忠孝新生,2022-08-22,32198.0
Blue,忠孝敦化,2022-08-22,53022.0
Blue,國父紀念館,2022-08-22,33354.0
Blue,市政府,2022-08-22,101467.0
Blue,永春,2022-08-22,30542.0
Blue,後山埤,2022-08-22,25957.0
Blue,昆陽,2022-08-22,24458.0
Blue,南港,2022-08-22,32177.0
Blue,忠孝復興,2022-08-22,41527.0
Blue,南港展覽館,2022-08-22,28844.5
Blue,台北車站,2022-08-23,100695.0
Blue,頂埔,2022-08-23,15866.0
Blue,永寧,2022-08-23,21999.0
Blue,土城,2022-08-23,13620.0
Blue,海山,2022-08-23,38491.0
Blue,亞東醫院,2022-08-23,41783.0
Blue,府中,2022-08-23,45914.0
Blue,板橋,2022-08-23,77278.0
Blue,新埔,2022-08-23,63294.0
Blue,江子翠,2022-08-23,45545.0
Blue,龍山寺,2022-08-23,41752.0
Blue,西門,2022-08-23,55989.5
Blue,善導寺,2022-08-23,33557.0
Blue,忠孝新生,2022-08-23,32056.0
Blue,忠孝敦化,2022-08-23,56340.0
Blue,國父紀念館,2022-08-23,34267.0
Blue,市政府,2022-08-23,102591.0
Blue,永春,2022-08-23,32197.0
Blue,後山埤,2022-08-23,27206.0
Blue,昆陽,2022-08-23,25028.0
Blue,南港,2022-08-23,33746.0
Blue,忠孝復興,2022-08-23,42529.5
Blue,南港展覽館,2022-08-23,31593.5
Blue,台北車站,2022-08-24,104734.5
Blue,頂埔,2022-08-24,15890.0
Blue,永寧,2022-08-24,22403.0
Blue,土城,2022-08-24,14193.0
Blue,海山,2022-08-24,38336.0
Blue,亞東醫院,2022-08-24,42233.0
Blue,府中,2022-08-24,46328.0
Blue,板橋,2022-08-24,79047.0
Blue,新埔,2022-08-24,63651.0
Blue,江子翠,2022-08-24,45963.0
Blue,龍山寺,2022-08-24,42774.0
Blue,西門,2022-08-24,57732.5
Blue,善導寺,2022-08-24,34522.0
Blue,忠孝新生,2022-08-24,32693.0
Blue,忠孝敦化,2022-08-24,58831.0
Blue,國父紀念館,2022-08-24,36896.0
Blue,市政府,2022-08-24,105395.0
Blue,永春,2022-08-24,33233.0
Blue,後山埤,2022-08-24,27670.0
Blue,昆陽,2022-08-24,25755.0
Blue,南港,2022-08-24,40966.0
Blue,忠孝復興,2022-08-24,44557.5
Blue,南港展覽館,2022-08-24,42847.5
Blue,台北車站,2022-08-25,106571.0
Blue,頂埔,2022-08-25,15635.0
Blue,永寧,2022-08-25,21991.0
Blue,土城,2022-08-25,13668.0
Blue,海山,2022-08-25,37698.0
Blue,亞東醫院,2022-08-25,40654.0
Blue,府中,2022-08-25,46103.0
Blue,板橋,2022-08-25,79297.0
Blue,新埔,2022-08-25,62870.0
Blue,江子翠,2022-08-25,46072.0
Blue,龍山寺,2022-08-25,41516.0
Blue,西門,2022-08-25,56782.0
Blue,善導寺,2022-08-25,33461.0
Blue,忠孝新生,2022-08-25,32256.0
Blue,忠孝敦化,2022-08-25,57892.0
Blue,國父紀念館,2022-08-25,35263.0
Blue,市政府,2022-08-25,106339.0
Blue,永春,2022-08-25,32910.0
Blue,後山埤,2022-08-25,27392.0
Blue,昆陽,2022-08-25,25613.0
Blue,南港,2022-08-25,42507.0
Blue,忠孝復興,2022-08-25,44513.0
Blue,南港展覽館,2022-08-25,45477.5
Blue,台北車站,2022-08-26,123620.5
Blue,頂埔,2022-08-26,16442.0
Blue,永寧,2022-08-26,23719.0
Blue,土城,2022-08-26,14547.0
Blue,海山,2022-08-26,39524.0
Blue,亞東醫院,2022-08-26,41469.0
Blue,府中,2022-08-26,48505.0
Blue,板橋,2022-08-26,88081.0
Blue,新埔,2022-08-26,65621.0
Blue,江子翠,2022-08-26,48088.0
Blue,龍山寺,2022-08-26,44423.0
Blue,西門,2022-08-26,67261.5
Blue,善導寺,2022-08-26,35239.0
Blue,忠孝新生,2022-08-26,36513.0
Blue,忠孝敦化,2022-08-26,65103.0
Blue,國父紀念館,2022-08-26,39356.0
Blue,市政府,2022-08-26,119165.0
Blue,永春,2022-08-26,33769.0
Blue,後山埤,2022-08-26,29076.0
Blue,昆陽,2022-08-26,26499.0
Blue,南港,2022-08-26,47470.0
Blue,忠孝復興,2022-08-26,51003.5
Blue,南港展覽館,2022-08-26,50008.5
Blue,台北車站,2022-08-27,116975.5
Blue,頂埔,2022-08-27,10404.0
Blue,永寧,2022-08-27,16932.0
Blue,土城,2022-08-27,10535.0
Blue,海山,2022-08-27,29550.0
Blue,亞東醫院,2022-08-27,26930.0
Blue,府中,2022-08-27,41508.0
Blue,板橋,2022-08-27,74946.0
Blue,新埔,2022-08-27,48584.0
Blue,江子翠,2022-08-27,35929.0
Blue,龍山寺,2022-08-27,43094.0
Blue,西門,2022-08-27,68149.5
Blue,善導寺,2022-08-27,25183.0
Blue,忠孝新生,2022-08-27,35341.0
Blue,忠孝敦化,2022-08-27,50997.0
Blue,國父紀念館,2022-08-27,31263.0
Blue,市政府,2022-08-27,94926.0
Blue,永春,2022-08-27,25512.0
Blue,後山埤,2022-08-27,22970.0
Blue,昆陽,2022-08-27,16673.0
Blue,南港,2022-08-27,33636.0
Blue,忠孝復興,2022-08-27,46844.0
Blue,南港展覽館,2022-08-27,29669.5
Blue,台北車站,2022-08-28,103729.5
Blue,頂埔,2022-08-28,9098.0
Blue,永寧,2022-08-28,14687.0
Blue,土城,2022-08-28,8647.0
Blue,海山,2022-08-28,23485.0
Blue,亞東醫院,2022-08-28,19549.0
Blue,府中,2022-08-28,34186.0
Blue,板橋,2022-08-28,66165.0
Blue,新埔,2022-08-28,38693.0
Blue,江子翠,2022-08-28,28959.0
Blue,龍山寺,2022-08-28,34534.0
Blue,西門,2022-08-28,57280.5
Blue,善導寺,2022-08-28,19027.0
Blue,忠孝新生,2022-08-28,27439.5
Blue,忠孝敦化,2022-08-28,36642.0
Blue,國父紀念館,2022-08-28,23572.0
Blue,市政府,2022-08-28,76343.0
Blue,永春,2022-08-28,20456.0
Blue,後山埤,2022-08-28,18297.0
Blue,昆陽,2022-08-28,12151.0
Blue,南港,2022-08-28,24838.0
Blue,忠孝復興,2022-08-28,36120.5
Blue,南港展覽館,2022-08-28,14492.0
Blue,台北車站,2022-08-29,101305.0
Blue,頂埔,2022-08-29,15100.0
Blue,永寧,2022-08-29,21370.0
Blue,土城,2022-08-29,13513.0
Blue,海山,2022-08-29,36028.0
Blue,亞東醫院,2022-08-29,40312.0
Blue,府中,2022-08-29,44046.0
Blue,板橋,2022-08-29,75479.0
Blue,新埔,2022-08-29,60359.0
Blue,江子翠,2022-08-29,43945.0
Blue,龍山寺,2022-08-29,40215.0
Blue,西門,2022-08-29,55044.5
Blue,善導寺,2022-08-29,30627.0
Blue,忠孝新生,2022-08-29,30018.0
Blue,忠孝敦化,2022-08-29,52666.0
Blue,國父紀念館,2022-08-29,31799.0
Blue,市政府,2022-08-29,100018.0
Blue,永春,2022-08-29,30076.0
Blue,後山埤,2022-08-29,26589.0
Blue,昆陽,2022-08-29,23945.0
Blue,南港,2022-08-29,33291.0
Blue,忠孝復興,2022-08-29,40934.5
Blue,南港展覽館,2022-08-29,27999.5
Blue,台北車站,2022-08-30,95437.5
Blue,頂埔,2022-08-30,15427.0
Blue,永寧,2022-08-30,21926.0
Blue,土城,2022-08-30,13936.0
Blue,海山,2022-08-30,39195.0
Blue,亞東醫院,2022-08-30,42512.0
Blue,府中,2022-08-30,45843.0
Blue,板橋,2022-08-30,75404.0
Blue,新埔,2022-08-30,63807.0
Blue,江子翠,2022-08-30,45582.0
Blue,龍山寺,2022-08-30,42247.0
Blue,西門,2022-08-30,50955.0
Blue,善導寺,2022-08-30,35623.0
Blue,忠孝新生,2022-08-30,29526.0
Blue,忠孝敦化,2022-08-30,54732.0
Blue,國父紀念館,2022-08-30,33764.0
Blue,市政府,2022-08-30,101119.0
Blue,永春,2022-08-30,35876.0
Blue,後山埤,2022-08-30,26854.0
Blue,昆陽,2022-08-30,25333.0
Blue,南港,2022-08-30,33936.0
Blue,忠孝復興,2022-08-30,41991.5
Blue,南港展覽館,2022-08-30,28804.0
Blue,台北車站,2022-08-31,97993.0
Blue,頂埔,2022-08-31,15875.0
Blue,永寧,2022-08-31,22151.0
Blue,土城,2022-08-31,14295.0
Blue,海山,2022-08-31,39553.0
Blue,亞東醫院,2022-08-31,43381.0
Blue,府中,2022-08-31,46948.0
Blue,板橋,2022-08-31,77514.0
Blue,新埔,2022-08-31,65346.0
Blue,江子翠,2022-08-31,46694.0
Blue,龍山寺,2022-08-31,42996.0
Blue,西門,2022-08-31,53559.5
Blue,善導寺,2022-08-31,36897.0
Blue,忠孝新生,2022-08-31,30574.5
Blue,忠孝敦化,2022-08-31,56132.0
Blue,國父紀念館,2022-08-31,35750.0
Blue,市政府,2022-08-31,105303.0
Blue,永春,2022-08-31,36409.0
Blue,後山埤,2022-08-31,27733.0
Blue,昆陽,2022-08-31,25931.0
Blue,南港,2022-08-31,35095.0
Blue,忠孝復興,2022-08-31,43846.0
Blue,南港展覽館,2022-08-31,29312.0
Blue,台北車站,2022-09-01,98379.0
Blue,頂埔,2022-09-01,15642.0
Blue,永寧,2022-09-01,21799.0
Blue,土城,2022-09-01,13971.0
Blue,海山,2022-09-01,38554.0
Blue,亞東醫院,2022-09-01,42476.0
Blue,府中,2022-09-01,45897.0
Blue,板橋,2022-09-01,76289.0
Blue,新埔,2022-09-01,63791.0
Blue,江子翠,2022-09-01,46298.0
Blue,龍山寺,2022-09-01,40969.0
Blue,西門,2022-09-01,52522.5
Blue,善導寺,2022-09-01,36349.0
Blue,忠孝新生,2022-09-01,31143.5
Blue,忠孝敦化,2022-09-01,55930.0
Blue,國父紀念館,2022-09-01,34044.0
Blue,市政府,2022-09-01,104533.0
Blue,永春,2022-09-01,35788.0
Blue,後山埤,2022-09-01,26966.0
Blue,昆陽,2022-09-01,26293.0
Blue,南港,2022-09-01,34526.0
Blue,忠孝復興,2022-09-01,44102.5
Blue,南港展覽館,2022-09-01,28725.0
Blue,台北車站,2022-09-02,108829.5
Blue,頂埔,2022-09-02,15420.0
Blue,永寧,2022-09-02,21743.0
Blue,土城,2022-09-02,13806.0
Blue,海山,2022-09-02,38170.0
Blue,亞東醫院,2022-09-02,41347.0
Blue,府中,2022-09-02,45801.0
Blue,板橋,2022-09-02,82818.0
Blue,新埔,2022-09-02,64720.0
Blue,江子翠,2022-09-02,46017.0
Blue,龍山寺,2022-09-02,40614.0
Blue,西門,2022-09-02,55099.0
Blue,善導寺,2022-09-02,36795.0
Blue,忠孝新生,2022-09-02,31813.0
Blue,忠孝敦化,2022-09-02,59422.0
Blue,國父紀念館,2022-09-02,36582.0
Blue,市政府,2022-09-02,110647.0
Blue,永春,2022-09-02,37125.0
Blue,後山埤,2022-09-02,27739.0
Blue,昆陽,2022-09-02,25253.0
Blue,南港,2022-09-02,36463.0
Blue,忠孝復興,2022-09-02,47154.5
Blue,南港展覽館,2022-09-02,29284.0
Blue,台北車站,2022-09-03,85782.0
Blue,頂埔,2022-09-03,7756.0
Blue,永寧,2022-09-03,11055.0
Blue,土城,2022-09-03,7916.0
Blue,海山,2022-09-03,21363.0
Blue,亞東醫院,2022-09-03,21052.0
Blue,府中,2022-09-03,30927.0
Blue,板橋,2022-09-03,55062.0
Blue,新埔,2022-09-03,38420.0
Blue,江子翠,2022-09-03,27792.0
Blue,龍山寺,2022-09-03,29583.0
Blue,西門,2022-09-03,46711.0
Blue,善導寺,2022-09-03,19812.0
Blue,忠孝新生,2022-09-03,24343.0
Blue,忠孝敦化,2022-09-03,38986.0
Blue,國父紀念館,2022-09-03,22515.0
Blue,市政府,2022-09-03,70240.0
Blue,永春,2022-09-03,20939.0
Blue,後山埤,2022-09-03,17208.0
Blue,昆陽,2022-09-03,14450.0
Blue,南港,2022-09-03,22138.0
Blue,忠孝復興,2022-09-03,37021.0
Blue,南港展覽館,2022-09-03,12878.0
Blue,台北車站,2022-09-04,83036.0
Blue,頂埔,2022-09-04,6959.0
Blue,永寧,2022-09-04,10154.0
Blue,土城,2022-09-04,6779.0
Blue,海山,2022-09-04,18281.0
Blue,亞東醫院,2022-09-04,16008.0
Blue,府中,2022-09-04,26960.0
Blue,板橋,2022-09-04,53258.0
Blue,新埔,2022-09-04,33143.0
Blue,江子翠,2022-09-04,23487.0
Blue,龍山寺,2022-09-04,25673.0
Blue,西門,2022-09-04,43488.0
Blue,善導寺,2022-09-04,15927.0
Blue,忠孝新生,2022-09-04,22235.0
Blue,忠孝敦化,2022-09-04,30203.0
Blue,國父紀念館,2022-09-04,18713.0
Blue,市政府,2022-09-04,63938.0
Blue,永春,2022-09-04,17005.0
Blue,後山埤,2022-09-04,14578.0
Blue,昆陽,2022-09-04,9653.0
Blue,南港,2022-09-04,18958.0
Blue,忠孝復興,2022-09-04,29638.0
Blue,南港展覽館,2022-09-04,11215.0
Blue,台北車站,2022-09-05,97489.5
Blue,頂埔,2022-09-05,15950.0
Blue,永寧,2022-09-05,22471.0
Blue,土城,2022-09-05,14022.0
Blue,海山,2022-09-05,38985.0
Blue,亞東醫院,2022-09-05,44180.0
Blue,府中,2022-09-05,46462.0
Blue,板橋,2022-09-05,76070.0
Blue,新埔,2022-09-05,65593.0
Blue,江子翠,2022-09-05,45673.0
Blue,龍山寺,2022-09-05,42423.0
Blue,西門,2022-09-05,53189.5
Blue,善導寺,2022-09-05,34919.0
Blue,忠孝新生,2022-09-05,31372.0
Blue,忠孝敦化,2022-09-05,53329.0
Blue,國父紀念館,2022-09-05,32693.0
Blue,市政府,2022-09-05,100577.0
Blue,永春,2022-09-05,35145.0
Blue,後山埤,2022-09-05,27291.0
Blue,昆陽,2022-09-05,25715.0
Blue,南港,2022-09-05,33515.0
Blue,忠孝復興,2022-09-05,41706.5
Blue,南港展覽館,2022-09-05,28830.0
Blue,台北車站,2022-09-06,97754.5
Blue,頂埔,2022-09-06,16221.0
Blue,永寧,2022-09-06,22916.0
Blue,土城,2022-09-06,14445.0
Blue,海山,2022-09-06,40359.0
Blue,亞東醫院,2022-09-06,45413.0
Blue,府中,2022-09-06,48075.0
Blue,板橋,2022-09-06,78263.0
Blue,新埔,2022-09-06,67748.0
Blue,江子翠,2022-09-06,47510.0
Blue,龍山寺,2022-09-06,44229.0
Blue,西門,2022-09-06,54756.5
Blue,善導寺,2022-09-06,37527.0
Blue,忠孝新生,2022-09-06,32068.0
Blue,忠孝敦化,2022-09-06,56712.0
Blue,國父紀念館,2022-09-06,34955.0
Blue,市政府,2022-09-06,104236.0
Blue,永春,2022-09-06,37474.0
Blue,後山埤,2022-09-06,28128.0
Blue,昆陽,2022-09-06,26195.0
Blue,南港,2022-09-06,34449.0
Blue,忠孝復興,2022-09-06,44877.0
Blue,南港展覽館,2022-09-06,29483.5
Blue,台北車站,2022-09-07,101613.5
Blue,頂埔,2022-09-07,15918.0
Blue,永寧,2022-09-07,23146.0
Blue,土城,2022-09-07,14754.0
Blue,海山,2022-09-07,40587.0
Blue,亞東醫院,2022-09-07,45610.0
Blue,府中,2022-09-07,48545.0
Blue,板橋,2022-09-07,80341.0
Blue,新埔,2022-09-07,67722.0
Blue,江子翠,2022-09-07,48398.0
Blue,龍山寺,2022-09-07,43840.0
Blue,西門,2022-09-07,55532.0
Blue,善導寺,2022-09-07,37777.0
Blue,忠孝新生,2022-09-07,32074.5
Blue,忠孝敦化,2022-09-07,57143.0
Blue,國父紀念館,2022-09-07,35146.0
Blue,市政府,2022-09-07,104158.0
Blue,永春,2022-09-07,37136.0
Blue,後山埤,2022-09-07,28275.0
Blue,昆陽,2022-09-07,26052.0
Blue,南港,2022-09-07,35340.0
Blue,忠孝復興,2022-09-07,44669.5
Blue,南港展覽館,2022-09-07,30057.0
Blue,台北車站,2022-09-08,122412.0
Blue,頂埔,2022-09-08,16940.0
Blue,永寧,2022-09-08,25232.0
Blue,土城,2022-09-08,15027.0
Blue,海山,2022-09-08,41739.0
Blue,亞東醫院,2022-09-08,45420.0
Blue,府中,2022-09-08,50672.0
Blue,板橋,2022-09-08,90757.0
Blue,新埔,2022-09-08,67421.0
Blue,江子翠,2022-09-08,48098.0
Blue,龍山寺,2022-09-08,45083.0
Blue,西門,2022-09-08,60412.0
Blue,善導寺,2022-09-08,40540.0
Blue,忠孝新生,2022-09-08,33831.5
Blue,忠孝敦化,2022-09-08,59705.0
Blue,國父紀念館,2022-09-08,36392.0
Blue,市政府,2022-09-08,112665.0
Blue,永春,2022-09-08,37671.0
Blue,後山埤,2022-09-08,28771.0
Blue,昆陽,2022-09-08,27298.0
Blue,南港,2022-09-08,41924.0
Blue,忠孝復興,2022-09-08,47850.0
Blue,南港展覽館,2022-09-08,30310.5
Blue,台北車站,2022-09-09,99308.0
Blue,頂埔,2022-09-09,10096.0
Blue,永寧,2022-09-09,15948.0
Blue,土城,2022-09-09,10236.0
Blue,海山,2022-09-09,26398.0
Blue,亞東醫院,2022-09-09,25254.0
Blue,府中,2022-09-09,37203.0
Blue,板橋,2022-09-09,69072.0
Blue,新埔,2022-09-09,42781.0
Blue,江子翠,2022-09-09,30315.0
Blue,龍山寺,2022-09-09,36524.0
Blue,西門,2022-09-09,57938.0
Blue,善導寺,2022-09-09,17031.0
Blue,忠孝新生,2022-09-09,26829.0
Blue,忠孝敦化,2022-09-09,42290.0
Blue,國父紀念館,2022-09-09,24438.0
Blue,市政府,2022-09-09,81734.0
Blue,永春,2022-09-09,22041.0
Blue,後山埤,2022-09-09,20107.0
Blue,昆陽,2022-09-09,15742.0
Blue,南港,2022-09-09,28278.0
Blue,忠孝復興,2022-09-09,38599.5
Blue,南港展覽館,2022-09-09,16036.5
Blue,台北車站,2022-09-10,85726.0
Blue,頂埔,2022-09-10,9145.0
Blue,永寧,2022-09-10,13487.0
Blue,土城,2022-09-10,8695.0
Blue,海山,2022-09-10,23079.0
Blue,亞東醫院,2022-09-10,18744.0
Blue,府中,2022-09-10,31692.0
Blue,板橋,2022-09-10,60932.0
Blue,新埔,2022-09-10,36735.0
Blue,江子翠,2022-09-10,26053.0
Blue,龍山寺,2022-09-10,37015.0
Blue,西門,2022-09-10,56732.5
Blue,善導寺,2022-09-10,15613.0
Blue,忠孝新生,2022-09-10,24522.0
Blue,忠孝敦化,2022-09-10,34990.0
Blue,國父紀念館,2022-09-10,20961.0
Blue,市政府,2022-09-10,73323.0
Blue,永春,2022-09-10,18645.0
Blue,後山埤,2022-09-10,17682.0
Blue,昆陽,2022-09-10,12294.0
Blue,南港,2022-09-10,23261.0
Blue,忠孝復興,2022-09-10,32228.5
Blue,南港展覽館,2022-09-10,13998.0
Blue,台北車站,2022-09-11,105597.5
Blue,頂埔,2022-09-11,8129.0
Blue,永寧,2022-09-11,12283.0
Blue,土城,2022-09-11,7003.0
Blue,海山,2022-09-11,19198.0
Blue,亞東醫院,2022-09-11,15942.0
Blue,府中,2022-09-11,27668.0
Blue,板橋,2022-09-11,65671.0
Blue,新埔,2022-09-11,32835.0
Blue,江子翠,2022-09-11,22959.0
Blue,龍山寺,2022-09-11,25385.0
Blue,西門,2022-09-11,46029.5
Blue,善導寺,2022-09-11,13928.0
Blue,忠孝新生,2022-09-11,20860.5
Blue,忠孝敦化,2022-09-11,29961.0
Blue,國父紀念館,2022-09-11,19168.0
Blue,市政府,2022-09-11,66432.0
Blue,永春,2022-09-11,17830.0
Blue,後山埤,2022-09-11,15135.0
Blue,昆陽,2022-09-11,10086.0
Blue,南港,2022-09-11,24321.0
Blue,忠孝復興,2022-09-11,28389.5
Blue,南港展覽館,2022-09-11,12224.0
Blue,台北車站,2022-09-12,100550.0
Blue,頂埔,2022-09-12,15572.0
Blue,永寧,2022-09-12,22106.0
Blue,土城,2022-09-12,13876.0
Blue,海山,2022-09-12,39573.0
Blue,亞東醫院,2022-09-12,43594.0
Blue,府中,2022-09-12,44837.0
Blue,板橋,2022-09-12,79175.0
Blue,新埔,2022-09-12,67332.0
Blue,江子翠,2022-09-12,44958.0
Blue,龍山寺,2022-09-12,39848.0
Blue,西門,2022-09-12,48630.0
Blue,善導寺,2022-09-12,41162.0
Blue,忠孝新生,2022-09-12,31455.5
Blue,忠孝敦化,2022-09-12,50270.0
Blue,國父紀念館,2022-09-12,32367.0
Blue,市政府,2022-09-12,97408.0
Blue,永春,2022-09-12,35118.0
Blue,後山埤,2022-09-12,26654.0
Blue,昆陽,2022-09-12,24831.0
Blue,南港,2022-09-12,34410.0
Blue,忠孝復興,2022-09-12,37970.5
Blue,南港展覽館,2022-09-12,28265.5
Blue,台北車站,2022-09-13,93467.0
Blue,頂埔,2022-09-13,15911.0
Blue,永寧,2022-09-13,22086.0
Blue,土城,2022-09-13,14088.0
Blue,海山,2022-09-13,40234.0
Blue,亞東醫院,2022-09-13,45183.0
Blue,府中,2022-09-13,46755.0
Blue,板橋,2022-09-13,76483.0
Blue,新埔,2022-09-13,69564.0
Blue,江子翠,2022-09-13,46651.0
Blue,龍山寺,2022-09-13,41800.0
Blue,西門,2022-09-13,50480.0
Blue,善導寺,2022-09-13,43468.0
Blue,忠孝新生,2022-09-13,32602.5
Blue,忠孝敦化,2022-09-13,54693.0
Blue,國父紀念館,2022-09-13,33468.0
Blue,市政府,2022-09-13,99899.0
Blue,永春,2022-09-13,36815.0
Blue,後山埤,2022-09-13,27561.0
Blue,昆陽,2022-09-13,25218.0
Blue,南港,2022-09-13,35311.0
Blue,忠孝復興,2022-09-13,40523.5
Blue,南港展覽館,2022-09-13,30940.5
Blue,台北車站,2022-09-14,96656.0
Blue,頂埔,2022-09-14,16373.0
Blue,永寧,2022-09-14,23370.0
Blue,土城,2022-09-14,14720.0
Blue,海山,2022-09-14,41316.0
Blue,亞東醫院,2022-09-14,45926.0
Blue,府中,2022-09-14,48261.0
Blue,板橋,2022-09-14,77485.0
Blue,新埔,2022-09-14,71312.0
Blue,江子翠,2022-09-14,48332.0
Blue,龍山寺,2022-09-14,44353.0
Blue,西門,2022-09-14,53962.0
Blue,善導寺,2022-09-14,44703.0
Blue,忠孝新生,2022-09-14,34703.5
Blue,忠孝敦化,2022-09-14,56481.0
Blue,國父紀念館,2022-09-14,33917.0
Blue,市政府,2022-09-14,103461.0
Blue,永春,2022-09-14,37013.0
Blue,後山埤,2022-09-14,28139.0
Blue,昆陽,2022-09-14,25875.0
Blue,南港,2022-09-14,42877.0
Blue,忠孝復興,2022-09-14,41408.0
Blue,南港展覽館,2022-09-14,44732.0
Blue,台北車站,2022-09-15,98707.5
Blue,頂埔,2022-09-15,16386.0
Blue,永寧,2022-09-15,23580.0
Blue,土城,2022-09-15,14593.0
Blue,海山,2022-09-15,41735.0
Blue,亞東醫院,2022-09-15,45253.0
Blue,府中,2022-09-15,48517.0
Blue,板橋,2022-09-15,78465.0
Blue,新埔,2022-09-15,70644.0
Blue,江子翠,2022-09-15,47808.0
Blue,龍山寺,2022-09-15,43245.0
Blue,西門,2022-09-15,53179.0
Blue,善導寺,2022-09-15,43580.0
Blue,忠孝新生,2022-09-15,34914.5
Blue,忠孝敦化,2022-09-15,57234.0
Blue,國父紀念館,2022-09-15,34757.0
Blue,市政府,2022-09-15,105643.0
Blue,永春,2022-09-15,36442.0
Blue,後山埤,2022-09-15,27621.0
Blue,昆陽,2022-09-15,26407.0
Blue,南港,2022-09-15,46831.0
Blue,忠孝復興,2022-09-15,42341.5
Blue,南港展覽館,2022-09-15,49536.0
Blue,台北車站,2022-09-16,122762.5
Blue,頂埔,2022-09-16,16827.0
Blue,永寧,2022-09-16,25662.0
Blue,土城,2022-09-16,15539.0
Blue,海山,2022-09-16,42818.0
Blue,亞東醫院,2022-09-16,46090.0
Blue,府中,2022-09-16,52635.0
Blue,板橋,2022-09-16,89232.0
Blue,新埔,2022-09-16,73565.0
Blue,江子翠,2022-09-16,49818.0
Blue,龍山寺,2022-09-16,46551.0
Blue,西門,2022-09-16,63339.0
Blue,善導寺,2022-09-16,44628.0
Blue,忠孝新生,2022-09-16,39219.5
Blue,忠孝敦化,2022-09-16,64496.0
Blue,國父紀念館,2022-09-16,38428.0
Blue,市政府,2022-09-16,123559.0
Blue,永春,2022-09-16,38757.0
Blue,後山埤,2022-09-16,29612.0
Blue,昆陽,2022-09-16,27533.0
Blue,南港,2022-09-16,49552.0
Blue,忠孝復興,2022-09-16,49244.5
Blue,南港展覽館,2022-09-16,48525.0
Blue,台北車站,2022-09-17,119223.5
Blue,頂埔,2022-09-17,10854.0
Blue,永寧,2022-09-17,18311.0
Blue,土城,2022-09-17,11227.0
Blue,海山,2022-09-17,29952.0
Blue,亞東醫院,2022-09-17,28410.0
Blue,府中,2022-09-17,46356.0
Blue,板橋,2022-09-17,75716.0
Blue,新埔,2022-09-17,52098.0
Blue,江子翠,2022-09-17,37422.0
Blue,龍山寺,2022-09-17,43271.0
Blue,西門,2022-09-17,75776.0
Blue,善導寺,2022-09-17,27180.0
Blue,忠孝新生,2022-09-17,39251.5
Blue,忠孝敦化,2022-09-17,53473.0
Blue,國父紀念館,2022-09-17,31837.0
Blue,市政府,2022-09-17,108835.0
Blue,永春,2022-09-17,27306.0
Blue,後山埤,2022-09-17,23900.0
Blue,昆陽,2022-09-17,17080.0
Blue,南港,2022-09-17,30743.0
Blue,忠孝復興,2022-09-17,47948.5
Blue,南港展覽館,2022-09-17,19719.0
Blue,台北車站,2022-09-18,108536.0
Blue,頂埔,2022-09-18,9503.0
Blue,永寧,2022-09-18,14924.0
Blue,土城,2022-09-18,9045.0
Blue,海山,2022-09-18,24309.0
Blue,亞東醫院,2022-09-18,20959.0
Blue,府中,2022-09-18,36510.0
Blue,板橋,2022-09-18,66966.0
Blue,新埔,2022-09-18,41140.0
Blue,江子翠,2022-09-18,30207.0
Blue,龍山寺,2022-09-18,35451.0
Blue,西門,2022-09-18,60536.0
Blue,善導寺,2022-09-18,21657.0
Blue,忠孝新生,2022-09-18,32014.5
Blue,忠孝敦化,2022-09-18,37392.0
Blue,國父紀念館,2022-09-18,26851.0
Blue,市政府,2022-09-18,88213.0
Blue,永春,2022-09-18,20949.0
Blue,後山埤,2022-09-18,18792.0
Blue,昆陽,2022-09-18,13737.0
Blue,南港,2022-09-18,25456.0
Blue,忠孝復興,2022-09-18,34871.5
Blue,南港展覽館,2022-09-18,15281.5
Blue,台北車站,2022-09-19,93424.0
Blue,頂埔,2022-09-19,15767.0
Blue,永寧,2022-09-19,22740.0
Blue,土城,2022-09-19,14366.0
Blue,海山,2022-09-19,39855.0
Blue,亞東醫院,2022-09-19,43359.0
Blue,府中,2022-09-19,46027.0
Blue,板橋,2022-09-19,75154.0
Blue,新埔,2022-09-19,67266.0
Blue,江子翠,2022-09-19,45531.0
Blue,龍山寺,2022-09-19,41659.0
Blue,西門,2022-09-19,49855.5
Blue,善導寺,2022-09-19,39611.0
Blue,忠孝新生,2022-09-19,31559.5
Blue,忠孝敦化,2022-09-19,50155.0
Blue,國父紀念館,2022-09-19,31243.0
Blue,市政府,2022-09-19,96752.0
Blue,永春,2022-09-19,34322.0
Blue,後山埤,2022-09-19,26711.0
Blue,昆陽,2022-09-19,25525.0
Blue,南港,2022-09-19,32975.0
Blue,忠孝復興,2022-09-19,38497.0
Blue,南港展覽館,2022-09-19,29171.5
Blue,台北車站,2022-09-20,92627.5
Blue,頂埔,2022-09-20,16344.0
Blue,永寧,2022-09-20,23272.0
Blue,土城,2022-09-20,14421.0
Blue,海山,2022-09-20,40773.0
Blue,亞東醫院,2022-09-20,45414.0
Blue,府中,2022-09-20,48139.0
Blue,板橋,2022-09-20,76149.0
Blue,新埔,2022-09-20,69944.0
Blue,江子翠,2022-09-20,46843.0
Blue,龍山寺,2022-09-20,42812.0
Blue,西門,2022-09-20,51346.0
Blue,善導寺,2022-09-20,42182.0
Blue,忠孝新生,2022-09-20,31937.5
Blue,忠孝敦化,2022-09-20,53681.0
Blue,國父紀念館,2022-09-20,33009.0
Blue,市政府,2022-09-20,100791.0
Blue,永春,2022-09-20,36296.0
Blue,後山埤,2022-09-20,27341.0
Blue,昆陽,2022-09-20,25829.0
Blue,南港,2022-09-20,35476.0
Blue,忠孝復興,2022-09-20,40678.5
Blue,南港展覽館,2022-09-20,34688.5
Blue,台北車站,2022-09-21,93547.5
Blue,頂埔,2022-09-21,16134.0
Blue,永寧,2022-09-21,23185.0
Blue,土城,2022-09-21,14855.0
Blue,海山,2022-09-21,41190.0
Blue,亞東醫院,2022-09-21,45258.0
Blue,府中,2022-09-21,48265.0
Blue,板橋,2022-09-21,77228.0
Blue,新埔,2022-09-21,70401.0
Blue,江子翠,2022-09-21,47879.0
Blue,龍山寺,2022-09-21,43742.0
Blue,西門,2022-09-21,53090.0
Blue,善導寺,2022-09-21,42576.0
Blue,忠孝新生,2022-09-21,33298.5
Blue,忠孝敦化,2022-09-21,55102.0
Blue,國父紀念館,2022-09-21,33767.0
Blue,市政府,2022-09-21,102217.0
Blue,永春,2022-09-21,36503.0
Blue,後山埤,2022-09-21,28051.0
Blue,昆陽,2022-09-21,26249.0
Blue,南港,2022-09-21,35408.0
Blue,忠孝復興,2022-09-21,41885.5
Blue,南港展覽館,2022-09-21,34550.0
Blue,台北車站,2022-09-22,95126.0
Blue,頂埔,2022-09-22,16118.0
Blue,永寧,2022-09-22,23109.0
Blue,土城,2022-09-22,14450.0
Blue,海山,2022-09-22,40957.0
Blue,亞東醫院,2022-09-22,44838.0
Blue,府中,2022-09-22,48307.0
Blue,板橋,2022-09-22,77818.0
Blue,新埔,2022-09-22,70096.0
Blue,江子翠,2022-09-22,47478.0
Blue,龍山寺,2022-09-22,43616.0
Blue,西門,2022-09-22,52302.0
Blue,善導寺,2022-09-22,42498.0
Blue,忠孝新生,2022-09-22,33350.5
Blue,忠孝敦化,2022-09-22,54970.0
Blue,國父紀念館,2022-09-22,33756.0
Blue,市政府,2022-09-22,107382.0
Blue,永春,2022-09-22,36216.0
Blue,後山埤,2022-09-22,27562.0
Blue,昆陽,2022-09-22,27114.0
Blue,南港,2022-09-22,36304.0
Blue,忠孝復興,2022-09-22,41734.5
Blue,南港展覽館,2022-09-22,35214.5
Blue,台北車站,2022-09-23,118474.5
Blue,頂埔,2022-09-23,16745.0
Blue,永寧,2022-09-23,25233.0
Blue,土城,2022-09-23,15483.0
Blue,海山,2022-09-23,42453.0
Blue,亞東醫院,2022-09-23,45536.0
Blue,府中,2022-09-23,52084.0
Blue,板橋,2022-09-23,88611.0
Blue,新埔,2022-09-23,73033.0
Blue,江子翠,2022-09-23,49625.0
Blue,龍山寺,2022-09-23,45899.0
Blue,西門,2022-09-23,62709.5
Blue,善導寺,2022-09-23,43605.0
Blue,忠孝新生,2022-09-23,37650.5
Blue,忠孝敦化,2022-09-23,64434.0
Blue,國父紀念館,2022-09-23,37752.0
Blue,市政府,2022-09-23,124141.0
Blue,永春,2022-09-23,38543.0
Blue,後山埤,2022-09-23,29239.0
Blue,昆陽,2022-09-23,27839.0
Blue,南港,2022-09-23,40380.0
Blue,忠孝復興,2022-09-23,51826.5
Blue,南港展覽館,2022-09-23,31994.5
Blue,台北車站,2022-09-24,117142.0
Blue,頂埔,2022-09-24,10110.0
Blue,永寧,2022-09-24,16980.0
Blue,土城,2022-09-24,10672.0
Blue,海山,2022-09-24,28464.0
Blue,亞東醫院,2022-09-24,27421.0
Blue,府中,2022-09-24,43856.0
Blue,板橋,2022-09-24,75717.0
Blue,新埔,2022-09-24,50796.0
Blue,江子翠,2022-09-24,36314.0
Blue,龍山寺,2022-09-24,41111.0
Blue,西門,2022-09-24,70232.5
Blue,善導寺,2022-09-24,26583.0
Blue,忠孝新生,2022-09-24,35628.5
Blue,忠孝敦化,2022-09-24,53653.0
Blue,國父紀念館,2022-09-24,32483.0
Blue,市政府,2022-09-24,107983.0
Blue,永春,2022-09-24,27110.0
Blue,後山埤,2022-09-24,23015.0
Blue,昆陽,2022-09-24,18345.0
Blue,南港,2022-09-24,31363.0
Blue,忠孝復興,2022-09-24,47665.0
Blue,南港展覽館,2022-09-24,18183.0
Blue,台北車站,2022-09-25,108245.5
Blue,頂埔,2022-09-25,9074.0
Blue,永寧,2022-09-25,14307.0
Blue,土城,2022-09-25,8356.0
Blue,海山,2022-09-25,23680.0
Blue,亞東醫院,2022-09-25,20332.0
Blue,府中,2022-09-25,34584.0
Blue,板橋,2022-09-25,67964.0
Blue,新埔,2022-09-25,40699.0
Blue,江子翠,2022-09-25,30290.0
Blue,龍山寺,2022-09-25,35033.0
Blue,西門,2022-09-25,58154.0
Blue,善導寺,2022-09-25,21097.0
Blue,忠孝新生,2022-09-25,28576.5
Blue,忠孝敦化,2022-09-25,36674.0
Blue,國父紀念館,2022-09-25,24347.0
Blue,市政府,2022-09-25,87389.0
Blue,永春,2022-09-25,22222.0
Blue,後山埤,2022-09-25,18513.0
Blue,昆陽,2022-09-25,14178.0
Blue,南港,2022-09-25,27052.0
Blue,忠孝復興,2022-09-25,35463.0
Blue,南港展覽館,2022-09-25,14338.5
Blue,台北車站,2022-09-26,93866.0
Blue,頂埔,2022-09-26,16129.0
Blue,永寧,2022-09-26,22970.0
Blue,土城,2022-09-26,14266.0
Blue,海山,2022-09-26,40131.0
Blue,亞東醫院,2022-09-26,43950.0
Blue,府中,2022-09-26,46012.0
Blue,板橋,2022-09-26,76842.0
Blue,新埔,2022-09-26,68404.0
Blue,江子翠,2022-09-26,46100.0
Blue,龍山寺,2022-09-26,43850.0
Blue,西門,2022-09-26,50024.5
Blue,善導寺,2022-09-26,39462.0
Blue,忠孝新生,2022-09-26,30639.5
Blue,忠孝敦化,2022-09-26,51076.0
Blue,國父紀念館,2022-09-26,31505.0
Blue,市政府,2022-09-26,99669.0
Blue,永春,2022-09-26,33043.0
Blue,後山埤,2022-09-26,27479.0
Blue,昆陽,2022-09-26,25439.0
Blue,南港,2022-09-26,33774.0
Blue,忠孝復興,2022-09-26,38999.5
Blue,南港展覽館,2022-09-26,29829.5
Blue,台北車站,2022-09-27,92354.0
Blue,頂埔,2022-09-27,16216.0
Blue,永寧,2022-09-27,23165.0
Blue,土城,2022-09-27,14606.0
Blue,海山,2022-09-27,41123.0
Blue,亞東醫院,2022-09-27,45904.0
Blue,府中,2022-09-27,48267.0
Blue,板橋,2022-09-27,76756.0
Blue,新埔,2022-09-27,69992.0
Blue,江子翠,2022-09-27,47109.0
Blue,龍山寺,2022-09-27,43681.0
Blue,西門,2022-09-27,51244.5
Blue,善導寺,2022-09-27,42197.0
Blue,忠孝新生,2022-09-27,32252.5
Blue,忠孝敦化,2022-09-27,54137.0
Blue,國父紀念館,2022-09-27,34490.0
Blue,市政府,2022-09-27,102368.0
Blue,永春,2022-09-27,36844.0
Blue,後山埤,2022-09-27,28070.0
Blue,昆陽,2022-09-27,25541.0
Blue,南港,2022-09-27,35543.0
Blue,忠孝復興,2022-09-27,40941.5
Blue,南港展覽館,2022-09-27,33443.5
Blue,台北車站,2022-09-28,95248.5
Blue,頂埔,2022-09-28,16170.0
Blue,永寧,2022-09-28,23389.0
Blue,土城,2022-09-28,14767.0
Blue,海山,2022-09-28,40998.0
Blue,亞東醫院,2022-09-28,45426.0
Blue,府中,2022-09-28,48597.0
Blue,板橋,2022-09-28,78048.0
Blue,新埔,2022-09-28,70604.0
Blue,江子翠,2022-09-28,48105.0
Blue,龍山寺,2022-09-28,44895.0
Blue,西門,2022-09-28,53031.0
Blue,善導寺,2022-09-28,44076.0
Blue,忠孝新生,2022-09-28,33318.0
Blue,忠孝敦化,2022-09-28,56327.0
Blue,國父紀念館,2022-09-28,34113.0
Blue,市政府,2022-09-28,106218.0
Blue,永春,2022-09-28,36543.0
Blue,後山埤,2022-09-28,28028.0
Blue,昆陽,2022-09-28,25710.0
Blue,南港,2022-09-28,36389.0
Blue,忠孝復興,2022-09-28,42389.5
Blue,南港展覽館,2022-09-28,34192.5
Blue,台北車站,2022-09-29,95219.0
Blue,頂埔,2022-09-29,16049.0
Blue,永寧,2022-09-29,23383.0
Blue,土城,2022-09-29,14678.0
Blue,海山,2022-09-29,41121.0
Blue,亞東醫院,2022-09-29,44782.0
Blue,府中,2022-09-29,49403.0
Blue,板橋,2022-09-29,78523.0
Blue,新埔,2022-09-29,70703.0
Blue,江子翠,2022-09-29,47970.0
Blue,龍山寺,2022-09-29,43626.0
Blue,西門,2022-09-29,51661.5
Blue,善導寺,2022-09-29,42995.0
Blue,忠孝新生,2022-09-29,32997.5
Blue,忠孝敦化,2022-09-29,55721.0
Blue,國父紀念館,2022-09-29,33632.0
Blue,市政府,2022-09-29,108499.0
Blue,永春,2022-09-29,36331.0
Blue,後山埤,2022-09-29,28023.0
Blue,昆陽,2022-09-29,26201.0
Blue,南港,2022-09-29,38067.0
Blue,忠孝復興,2022-09-29,41522.5
Blue,南港展覽館,2022-09-29,35835.0
Blue,台北車站,2022-09-30,118539.5
Blue,頂埔,2022-09-30,16799.0
Blue,永寧,2022-09-30,25427.0
Blue,土城,2022-09-30,15227.0
Blue,海山,2022-09-30,42619.0
Blue,亞東醫院,2022-09-30,45960.0
Blue,府中,2022-09-30,51814.0
Blue,板橋,2022-09-30,89351.0
Blue,新埔,2022-09-30,73013.0
Blue,江子翠,2022-09-30,49511.0
Blue,龍山寺,2022-09-30,47116.0
Blue,西門,2022-09-30,63253.0
Blue,善導寺,2022-09-30,44480.0
Blue,忠孝新生,2022-09-30,37204.0
Blue,忠孝敦化,2022-09-30,63445.0
Blue,國父紀念館,2022-09-30,38182.0
Blue,市政府,2022-09-30,121552.0
Blue,永春,2022-09-30,39001.0
Blue,後山埤,2022-09-30,29982.0
Blue,昆陽,2022-09-30,27275.0
Blue,南港,2022-09-30,42739.0
Blue,忠孝復興,2022-09-30,48923.5
Blue,南港展覽館,2022-09-30,38032.0
Blue,台北車站,2022-10-01,109663.0
Blue,頂埔,2022-10-01,10878.0
Blue,永寧,2022-10-01,18235.0
Blue,土城,2022-10-01,12063.0
Blue,海山,2022-10-01,29972.0
Blue,亞東醫院,2022-10-01,28558.0
Blue,府中,2022-10-01,44107.0
Blue,板橋,2022-10-01,75799.0
Blue,新埔,2022-10-01,50816.0
Blue,江子翠,2022-10-01,37356.0
Blue,龍山寺,2022-10-01,42098.0
Blue,西門,2022-10-01,66892.0
Blue,善導寺,2022-10-01,31118.0
Blue,忠孝新生,2022-10-01,33156.5
Blue,忠孝敦化,2022-10-01,50534.0
Blue,國父紀念館,2022-10-01,29675.0
Blue,市政府,2022-10-01,101347.0
Blue,永春,2022-10-01,27268.0
Blue,後山埤,2022-10-01,24179.0
Blue,昆陽,2022-10-01,19590.0
Blue,南港,2022-10-01,32708.0
Blue,忠孝復興,2022-10-01,44826.5
Blue,南港展覽館,2022-10-01,26894.0
Blue,台北車站,2022-10-02,96632.0
Blue,頂埔,2022-10-02,8914.0
Blue,永寧,2022-10-02,14365.0
Blue,土城,2022-10-02,9529.0
Blue,海山,2022-10-02,23876.0
Blue,亞東醫院,2022-10-02,20594.0
Blue,府中,2022-10-02,33940.0
Blue,板橋,2022-10-02,65143.0
Blue,新埔,2022-10-02,39538.0
Blue,江子翠,2022-10-02,28284.0
Blue,龍山寺,2022-10-02,34300.0
Blue,西門,2022-10-02,53457.5
Blue,善導寺,2022-10-02,19724.0
Blue,忠孝新生,2022-10-02,24692.5
Blue,忠孝敦化,2022-10-02,34418.0
Blue,國父紀念館,2022-10-02,23919.0
Blue,市政府,2022-10-02,80445.0
Blue,永春,2022-10-02,21328.0
Blue,後山埤,2022-10-02,18652.0
Blue,昆陽,2022-10-02,11611.0
Blue,南港,2022-10-02,25331.0
Blue,忠孝復興,2022-10-02,32739.0
Blue,南港展覽館,2022-10-02,14919.0
Blue,台北車站,2022-10-03,92041.0
Blue,頂埔,2022-10-03,15947.0
Blue,永寧,2022-10-03,22944.0
Blue,土城,2022-10-03,14367.0
Blue,海山,2022-10-03,40433.0
Blue,亞東醫院,2022-10-03,44550.0
Blue,府中,2022-10-03,46235.0
Blue,板橋,2022-10-03,76126.0
Blue,新埔,2022-10-03,67512.0
Blue,江子翠,2022-10-03,46156.0
Blue,龍山寺,2022-10-03,42025.0
Blue,西門,2022-10-03,48875.0
Blue,善導寺,2022-10-03,39928.0
Blue,忠孝新生,2022-10-03,30409.5
Blue,忠孝敦化,2022-10-03,50048.0
Blue,國父紀念館,2022-10-03,30793.0
Blue,市政府,2022-10-03,97482.0
Blue,永春,2022-10-03,34503.0
Blue,後山埤,2022-10-03,26842.0
Blue,昆陽,2022-10-03,25059.0
Blue,南港,2022-10-03,33471.0
Blue,忠孝復興,2022-10-03,38519.0
Blue,南港展覽館,2022-10-03,28997.5
Blue,台北車站,2022-10-04,89662.5
Blue,頂埔,2022-10-04,16171.0
Blue,永寧,2022-10-04,22884.0
Blue,土城,2022-10-04,14622.0
Blue,海山,2022-10-04,40431.0
Blue,亞東醫院,2022-10-04,45151.0
Blue,府中,2022-10-04,46741.0
Blue,板橋,2022-10-04,76074.0
Blue,新埔,2022-10-04,68705.0
Blue,江子翠,2022-10-04,47025.0
Blue,龍山寺,2022-10-04,42591.0
Blue,西門,2022-10-04,49415.5
Blue,善導寺,2022-10-04,42219.0
Blue,忠孝新生,2022-10-04,30878.0
Blue,忠孝敦化,2022-10-04,52339.0
Blue,國父紀念館,2022-10-04,32127.0
Blue,市政府,2022-10-04,98857.0
Blue,永春,2022-10-04,37411.0
Blue,後山埤,2022-10-04,27184.0
Blue,昆陽,2022-10-04,25175.0
Blue,南港,2022-10-04,33516.0
Blue,忠孝復興,2022-10-04,40436.5
Blue,南港展覽館,2022-10-04,29929.0
Blue,台北車站,2022-10-05,93317.5
Blue,頂埔,2022-10-05,16405.0
Blue,永寧,2022-10-05,23323.0
Blue,土城,2022-10-05,14654.0
Blue,海山,2022-10-05,41357.0
Blue,亞東醫院,2022-10-05,46136.0
Blue,府中,2022-10-05,48649.0
Blue,板橋,2022-10-05,78905.0
Blue,新埔,2022-10-05,70322.0
Blue,江子翠,2022-10-05,48695.0
Blue,龍山寺,2022-10-05,43770.0
Blue,西門,2022-10-05,52335.0
Blue,善導寺,2022-10-05,44771.0
Blue,忠孝新生,2022-10-05,32929.5
Blue,忠孝敦化,2022-10-05,55959.0
Blue,國父紀念館,2022-10-05,35009.0
Blue,市政府,2022-10-05,105499.0
Blue,永春,2022-10-05,37304.0
Blue,後山埤,2022-10-05,28586.0
Blue,昆陽,2022-10-05,26421.0
Blue,南港,2022-10-05,35057.0
Blue,忠孝復興,2022-10-05,42299.5
Blue,南港展覽館,2022-10-05,30195.5
Blue,台北車站,2022-10-06,97233.0
Blue,頂埔,2022-10-06,16430.0
Blue,永寧,2022-10-06,23342.0
Blue,土城,2022-10-06,14577.0
Blue,海山,2022-10-06,41133.0
Blue,亞東醫院,2022-10-06,45606.0
Blue,府中,2022-10-06,48393.0
Blue,板橋,2022-10-06,80098.0
Blue,新埔,2022-10-06,70299.0
Blue,江子翠,2022-10-06,48154.0
Blue,龍山寺,2022-10-06,43856.0
Blue,西門,2022-10-06,52966.5
Blue,善導寺,2022-10-06,43132.0
Blue,忠孝新生,2022-10-06,33318.0
Blue,忠孝敦化,2022-10-06,55209.0
Blue,國父紀念館,2022-10-06,34681.0
Blue,市政府,2022-10-06,107521.0
Blue,永春,2022-10-06,37080.0
Blue,後山埤,2022-10-06,28143.0
Blue,昆陽,2022-10-06,26804.0
Blue,南港,2022-10-06,35755.0
Blue,忠孝復興,2022-10-06,42238.0
Blue,南港展覽館,2022-10-06,29921.0
Blue,台北車站,2022-10-07,129294.5
Blue,頂埔,2022-10-07,16868.0
Blue,永寧,2022-10-07,26229.0
Blue,土城,2022-10-07,15430.0
Blue,海山,2022-10-07,42966.0
Blue,亞東醫院,2022-10-07,46262.0
Blue,府中,2022-10-07,52268.0
Blue,板橋,2022-10-07,95920.0
Blue,新埔,2022-10-07,73336.0
Blue,江子翠,2022-10-07,50179.0
Blue,龍山寺,2022-10-07,45198.0
Blue,西門,2022-10-07,64242.0
Blue,善導寺,2022-10-07,44277.0
Blue,忠孝新生,2022-10-07,38210.0
Blue,忠孝敦化,2022-10-07,63729.0
Blue,國父紀念館,2022-10-07,39102.0
Blue,市政府,2022-10-07,121912.0
Blue,永春,2022-10-07,39982.0
Blue,後山埤,2022-10-07,29737.0
Blue,昆陽,2022-10-07,26775.0
Blue,南港,2022-10-07,44697.0
Blue,忠孝復興,2022-10-07,48806.5
Blue,南港展覽館,2022-10-07,30465.5
Blue,台北車站,2022-10-08,117770.0
Blue,頂埔,2022-10-08,10762.0
Blue,永寧,2022-10-08,16445.0
Blue,土城,2022-10-08,10546.0
Blue,海山,2022-10-08,28001.0
Blue,亞東醫院,2022-10-08,26111.0
Blue,府中,2022-10-08,42712.0
Blue,板橋,2022-10-08,78046.0
Blue,新埔,2022-10-08,47486.0
Blue,江子翠,2022-10-08,34856.0
Blue,龍山寺,2022-10-08,40421.0
Blue,西門,2022-10-08,71060.0
Blue,善導寺,2022-10-08,23533.0
Blue,忠孝新生,2022-10-08,34836.5
Blue,忠孝敦化,2022-10-08,52210.0
Blue,國父紀念館,2022-10-08,30461.0
Blue,市政府,2022-10-08,98014.0
Blue,永春,2022-10-08,25797.0
Blue,後山埤,2022-10-08,21994.0
Blue,昆陽,2022-10-08,13475.0
Blue,南港,2022-10-08,30769.0
Blue,忠孝復興,2022-10-08,46284.5
Blue,南港展覽館,2022-10-08,19323.5
Blue,台北車站,2022-10-09,105970.0
Blue,頂埔,2022-10-09,10383.0
Blue,永寧,2022-10-09,15158.0
Blue,土城,2022-10-09,9334.0
Blue,海山,2022-10-09,24454.0
Blue,亞東醫院,2022-10-09,20911.0
Blue,府中,2022-10-09,37890.0
Blue,板橋,2022-10-09,71272.0
Blue,新埔,2022-10-09,41604.0
Blue,江子翠,2022-10-09,30149.0
Blue,龍山寺,2022-10-09,38432.0
Blue,西門,2022-10-09,71356.5
Blue,善導寺,2022-10-09,19120.0
Blue,忠孝新生,2022-10-09,32372.5
Blue,忠孝敦化,2022-10-09,44051.0
Blue,國父紀念館,2022-10-09,28020.0
Blue,市政府,2022-10-09,92739.0
Blue,永春,2022-10-09,21869.0
Blue,後山埤,2022-10-09,19182.0
Blue,昆陽,2022-10-09,14544.0
Blue,南港,2022-10-09,27941.0
Blue,忠孝復興,2022-10-09,38926.0
Blue,南港展覽館,2022-10-09,15427.0
Blue,台北車站,2022-10-10,101377.0
Blue,頂埔,2022-10-10,8570.0
Blue,永寧,2022-10-10,13195.0
Blue,土城,2022-10-10,8181.0
Blue,海山,2022-10-10,22039.0
Blue,亞東醫院,2022-10-10,18352.0
Blue,府中,2022-10-10,31258.0
Blue,板橋,2022-10-10,68203.0
Blue,新埔,2022-10-10,36941.0
Blue,江子翠,2022-10-10,27072.0
Blue,龍山寺,2022-10-10,34270.0
Blue,西門,2022-10-10,58256.5
Blue,善導寺,2022-10-10,14390.0
Blue,忠孝新生,2022-10-10,24996.5
Blue,忠孝敦化,2022-10-10,34071.0
Blue,國父紀念館,2022-10-10,18968.0
Blue,市政府,2022-10-10,78369.0
Blue,永春,2022-10-10,18816.0
Blue,後山埤,2022-10-10,17769.0
Blue,昆陽,2022-10-10,10839.0
Blue,南港,2022-10-10,25479.0
Blue,忠孝復興,2022-10-10,32380.0
Blue,南港展覽館,2022-10-10,13497.5
Blue,台北車站,2022-10-11,98463.5
Blue,頂埔,2022-10-11,16606.0
Blue,永寧,2022-10-11,23437.0
Blue,土城,2022-10-11,14814.0
Blue,海山,2022-10-11,40903.0
Blue,亞東醫院,2022-10-11,45427.0
Blue,府中,2022-10-11,46924.0
Blue,板橋,2022-10-11,78483.0
Blue,新埔,2022-10-11,69319.0
Blue,江子翠,2022-10-11,46962.0
Blue,龍山寺,2022-10-11,43092.0
Blue,西門,2022-10-11,51803.5
Blue,善導寺,2022-10-11,40945.0
Blue,忠孝新生,2022-10-11,31497.0
Blue,忠孝敦化,2022-10-11,53368.0
Blue,國父紀念館,2022-10-11,32035.0
Blue,市政府,2022-10-11,100530.0
Blue,永春,2022-10-11,36703.0
Blue,後山埤,2022-10-11,27849.0
Blue,昆陽,2022-10-11,25250.0
Blue,南港,2022-10-11,35330.0
Blue,忠孝復興,2022-10-11,40314.0
Blue,南港展覽館,2022-10-11,30069.5
Blue,台北車站,2022-10-12,94489.0
Blue,頂埔,2022-10-12,16549.0
Blue,永寧,2022-10-12,23613.0
Blue,土城,2022-10-12,14763.0
Blue,海山,2022-10-12,41617.0
Blue,亞東醫院,2022-10-12,46581.0
Blue,府中,2022-10-12,48269.0
Blue,板橋,2022-10-12,79392.0
Blue,新埔,2022-10-12,71173.0
Blue,江子翠,2022-10-12,48594.0
Blue,龍山寺,2022-10-12,44143.0
Blue,西門,2022-10-12,53850.0
Blue,善導寺,2022-10-12,44164.0
Blue,忠孝新生,2022-10-12,33442.0
Blue,忠孝敦化,2022-10-12,56892.0
Blue,國父紀念館,2022-10-12,34932.0
Blue,市政府,2022-10-12,106291.0
Blue,永春,2022-10-12,37696.0
Blue,後山埤,2022-10-12,28992.0
Blue,昆陽,2022-10-12,25984.0
Blue,南港,2022-10-12,36974.0
Blue,忠孝復興,2022-10-12,43025.5
Blue,南港展覽館,2022-10-12,34648.5
Blue,台北車站,2022-10-13,96502.0
Blue,頂埔,2022-10-13,16399.0
Blue,永寧,2022-10-13,23573.0
Blue,土城,2022-10-13,14902.0
Blue,海山,2022-10-13,41814.0
Blue,亞東醫院,2022-10-13,45922.0
Blue,府中,2022-10-13,48426.0
Blue,板橋,2022-10-13,81105.0
Blue,新埔,2022-10-13,70871.0
Blue,江子翠,2022-10-13,48618.0
Blue,龍山寺,2022-10-13,44496.0
Blue,西門,2022-10-13,54060.5
Blue,善導寺,2022-10-13,43841.0
Blue,忠孝新生,2022-10-13,33054.5
Blue,忠孝敦化,2022-10-13,57271.0
Blue,國父紀念館,2022-10-13,35800.0
Blue,市政府,2022-10-13,113856.0
Blue,永春,2022-10-13,37744.0
Blue,後山埤,2022-10-13,29403.0
Blue,昆陽,2022-10-13,26864.0
Blue,南港,2022-10-13,39185.0
Blue,忠孝復興,2022-10-13,42904.5
Blue,南港展覽館,2022-10-13,41247.0
Blue,台北車站,2022-10-14,122075.5
Blue,頂埔,2022-10-14,17350.0
Blue,永寧,2022-10-14,26156.0
Blue,土城,2022-10-14,15767.0
Blue,海山,2022-10-14,43724.0
Blue,亞東醫院,2022-10-14,46968.0
Blue,府中,2022-10-14,53369.0
Blue,板橋,2022-10-14,94360.0
Blue,新埔,2022-10-14,74988.0
Blue,江子翠,2022-10-14,51154.0
Blue,龍山寺,2022-10-14,51241.0
Blue,西門,2022-10-14,66435.0
Blue,善導寺,2022-10-14,45657.0
Blue,忠孝新生,2022-10-14,37673.0
Blue,忠孝敦化,2022-10-14,66023.0
Blue,國父紀念館,2022-10-14,40695.0
Blue,市政府,2022-10-14,128834.0
Blue,永春,2022-10-14,40651.0
Blue,後山埤,2022-10-14,31421.0
Blue,昆陽,2022-10-14,28253.0
Blue,南港,2022-10-14,44169.0
Blue,忠孝復興,2022-10-14,49688.5
Blue,南港展覽館,2022-10-14,42446.0
Blue,台北車站,2022-10-15,118660.5
Blue,頂埔,2022-10-15,10533.0
Blue,永寧,2022-10-15,17082.0
Blue,土城,2022-10-15,10363.0
Blue,海山,2022-10-15,28081.0
Blue,亞東醫院,2022-10-15,28243.0
Blue,府中,2022-10-15,43835.0
Blue,板橋,2022-10-15,79667.0
Blue,新埔,2022-10-15,51471.0
Blue,江子翠,2022-10-15,36675.0
Blue,龍山寺,2022-10-15,43171.0
Blue,西門,2022-10-15,70741.0
Blue,善導寺,2022-10-15,33233.0
Blue,忠孝新生,2022-10-15,32104.0
Blue,忠孝敦化,2022-10-15,54002.0
Blue,國父紀念館,2022-10-15,32810.0
Blue,市政府,2022-10-15,105258.0
Blue,永春,2022-10-15,26864.0
Blue,後山埤,2022-10-15,23037.0
Blue,昆陽,2022-10-15,17463.0
Blue,南港,2022-10-15,32356.0
Blue,忠孝復興,2022-10-15,47252.5
Blue,南港展覽館,2022-10-15,28338.0
Blue,台北車站,2022-10-16,101342.0
Blue,頂埔,2022-10-16,8172.0
Blue,永寧,2022-10-16,12648.0
Blue,土城,2022-10-16,7218.0
Blue,海山,2022-10-16,19703.0
Blue,亞東醫院,2022-10-16,17296.0
Blue,府中,2022-10-16,29602.0
Blue,板橋,2022-10-16,63141.0
Blue,新埔,2022-10-16,35549.0
Blue,江子翠,2022-10-16,24377.0
Blue,龍山寺,2022-10-16,28491.0
Blue,西門,2022-10-16,48283.0
Blue,善導寺,2022-10-16,17346.0
Blue,忠孝新生,2022-10-16,20514.0
Blue,忠孝敦化,2022-10-16,31906.0
Blue,國父紀念館,2022-10-16,19711.0
Blue,市政府,2022-10-16,73845.0
Blue,永春,2022-10-16,18929.0
Blue,後山埤,2022-10-16,15428.0
Blue,昆陽,2022-10-16,9879.0
Blue,南港,2022-10-16,25411.0
Blue,忠孝復興,2022-10-16,30513.0
Blue,南港展覽館,2022-10-16,21361.0
Blue,台北車站,2022-10-17,95040.5
Blue,頂埔,2022-10-17,15770.0
Blue,永寧,2022-10-17,22481.0
Blue,土城,2022-10-17,14455.0
Blue,海山,2022-10-17,40565.0
Blue,亞東醫院,2022-10-17,44551.0
Blue,府中,2022-10-17,46515.0
Blue,板橋,2022-10-17,79723.0
Blue,新埔,2022-10-17,68856.0
Blue,江子翠,2022-10-17,47064.0
Blue,龍山寺,2022-10-17,41579.0
Blue,西門,2022-10-17,50614.5
Blue,善導寺,2022-10-17,41309.0
Blue,忠孝新生,2022-10-17,31617.0
Blue,忠孝敦化,2022-10-17,52838.0
Blue,國父紀念館,2022-10-17,33278.0
Blue,市政府,2022-10-17,104023.0
Blue,永春,2022-10-17,36310.0
Blue,後山埤,2022-10-17,27811.0
Blue,昆陽,2022-10-17,25302.0
Blue,南港,2022-10-17,34874.0
Blue,忠孝復興,2022-10-17,39516.5
Blue,南港展覽館,2022-10-17,28107.0
Blue,台北車站,2022-10-18,95983.0
Blue,頂埔,2022-10-18,16483.0
Blue,永寧,2022-10-18,23197.0
Blue,土城,2022-10-18,14794.0
Blue,海山,2022-10-18,41826.0
Blue,亞東醫院,2022-10-18,46666.0
Blue,府中,2022-10-18,48942.0
Blue,板橋,2022-10-18,79646.0
Blue,新埔,2022-10-18,71826.0
Blue,江子翠,2022-10-18,48813.0
Blue,龍山寺,2022-10-18,43855.0
Blue,西門,2022-10-18,53393.5
Blue,善導寺,2022-10-18,44231.0
Blue,忠孝新生,2022-10-18,33271.0
Blue,忠孝敦化,2022-10-18,57320.0
Blue,國父紀念館,2022-10-18,35048.0
Blue,市政府,2022-10-18,108881.0
Blue,永春,2022-10-18,38680.0
Blue,後山埤,2022-10-18,29472.0
Blue,昆陽,2022-10-18,26250.0
Blue,南港,2022-10-18,36859.0
Blue,忠孝復興,2022-10-18,43347.0
Blue,南港展覽館,2022-10-18,31544.5
Blue,台北車站,2022-10-19,97276.0
Blue,頂埔,2022-10-19,16657.0
Blue,永寧,2022-10-19,23880.0
Blue,土城,2022-10-19,15159.0
Blue,海山,2022-10-19,42227.0
Blue,亞東醫院,2022-10-19,46694.0
Blue,府中,2022-10-19,49476.0
Blue,板橋,2022-10-19,80874.0
Blue,新埔,2022-10-19,72042.0
Blue,江子翠,2022-10-19,49673.0
Blue,龍山寺,2022-10-19,45444.0
Blue,西門,2022-10-19,55621.5
Blue,善導寺,2022-10-19,44398.0
Blue,忠孝新生,2022-10-19,33405.0
Blue,忠孝敦化,2022-10-19,57695.0
Blue,國父紀念館,2022-10-19,35956.0
Blue,市政府,2022-10-19,109712.0
Blue,永春,2022-10-19,38161.0
Blue,後山埤,2022-10-19,28909.0
Blue,昆陽,2022-10-19,26479.0
Blue,南港,2022-10-19,38225.0
Blue,忠孝復興,2022-10-19,43431.0
Blue,南港展覽館,2022-10-19,36414.0
Blue,台北車站,2022-10-20,100416.0
Blue,頂埔,2022-10-20,16722.0
Blue,永寧,2022-10-20,24652.0
Blue,土城,2022-10-20,15136.0
Blue,海山,2022-10-20,42476.0
Blue,亞東醫院,2022-10-20,46356.0
Blue,府中,2022-10-20,49927.0
Blue,板橋,2022-10-20,84222.0
Blue,新埔,2022-10-20,72723.0
Blue,江子翠,2022-10-20,49755.0
Blue,龍山寺,2022-10-20,46165.0
Blue,西門,2022-10-20,55459.0
Blue,善導寺,2022-10-20,44688.0
Blue,忠孝新生,2022-10-20,34321.0
Blue,忠孝敦化,2022-10-20,58571.0
Blue,國父紀念館,2022-10-20,35553.0
Blue,市政府,2022-10-20,119947.0
Blue,永春,2022-10-20,37929.0
Blue,後山埤,2022-10-20,29289.0
Blue,昆陽,2022-10-20,27031.0
Blue,南港,2022-10-20,39312.0
Blue,忠孝復興,2022-10-20,44335.0
Blue,南港展覽館,2022-10-20,37381.5
Blue,台北車站,2022-10-21,128341.5
Blue,頂埔,2022-10-21,17429.0
Blue,永寧,2022-10-21,26630.0
Blue,土城,2022-10-21,15953.0
Blue,海山,2022-10-21,43827.0
Blue,亞東醫院,2022-10-21,47101.0
Blue,府中,2022-10-21,54383.0
Blue,板橋,2022-10-21,97169.0
Blue,新埔,2022-10-21,76358.0
Blue,江子翠,2022-10-21,52092.0
Blue,龍山寺,2022-10-21,48361.0
Blue,西門,2022-10-21,67507.5
Blue,善導寺,2022-10-21,46963.0
Blue,忠孝新生,2022-10-21,39026.0
Blue,忠孝敦化,2022-10-21,67801.0
Blue,國父紀念館,2022-10-21,42806.0
Blue,市政府,2022-10-21,135579.0
Blue,永春,2022-10-21,41642.0
Blue,後山埤,2022-10-21,31002.0
Blue,昆陽,2022-10-21,27864.0
Blue,南港,2022-10-21,45108.0
Blue,忠孝復興,2022-10-21,51813.5
Blue,南港展覽館,2022-10-21,38165.0
Blue,台北車站,2022-10-22,126151.5
Blue,頂埔,2022-10-22,11467.0
Blue,永寧,2022-10-22,19145.0
Blue,土城,2022-10-22,12316.0
Blue,海山,2022-10-22,30590.0
Blue,亞東醫院,2022-10-22,28978.0
Blue,府中,2022-10-22,47211.0
Blue,板橋,2022-10-22,85523.0
Blue,新埔,2022-10-22,53508.0
Blue,江子翠,2022-10-22,38113.0
Blue,龍山寺,2022-10-22,45031.0
Blue,西門,2022-10-22,76699.0
Blue,善導寺,2022-10-22,30400.0
Blue,忠孝新生,2022-10-22,34667.0
Blue,忠孝敦化,2022-10-22,56344.0
Blue,國父紀念館,2022-10-22,33589.0
Blue,市政府,2022-10-22,120879.0
Blue,永春,2022-10-22,29829.0
Blue,後山埤,2022-10-22,25349.0
Blue,昆陽,2022-10-22,18410.0
Blue,南港,2022-10-22,33144.0
Blue,忠孝復興,2022-10-22,50346.5
Blue,南港展覽館,2022-10-22,20579.5
Blue,台北車站,2022-10-23,111633.5
Blue,頂埔,2022-10-23,9328.0
Blue,永寧,2022-10-23,14722.0
Blue,土城,2022-10-23,8595.0
Blue,海山,2022-10-23,24179.0
Blue,亞東醫院,2022-10-23,20714.0
Blue,府中,2022-10-23,35650.0
Blue,板橋,2022-10-23,72927.0
Blue,新埔,2022-10-23,41184.0
Blue,江子翠,2022-10-23,29996.0
Blue,龍山寺,2022-10-23,34467.0
Blue,西門,2022-10-23,61856.0
Blue,善導寺,2022-10-23,21720.0
Blue,忠孝新生,2022-10-23,27236.5
Blue,忠孝敦化,2022-10-23,39178.0
Blue,國父紀念館,2022-10-23,23902.0
Blue,市政府,2022-10-23,90731.0
Blue,永春,2022-10-23,21837.0
Blue,後山埤,2022-10-23,18918.0
Blue,昆陽,2022-10-23,12577.0
Blue,南港,2022-10-23,26123.0
Blue,忠孝復興,2022-10-23,36375.0
Blue,南港展覽館,2022-10-23,14543.0
Blue,台北車站,2022-10-24,98364.0
Blue,頂埔,2022-10-24,16289.0
Blue,永寧,2022-10-24,23621.0
Blue,土城,2022-10-24,14654.0
Blue,海山,2022-10-24,41260.0
Blue,亞東醫院,2022-10-24,45313.0
Blue,府中,2022-10-24,47653.0
Blue,板橋,2022-10-24,80374.0
Blue,新埔,2022-10-24,69943.0
Blue,江子翠,2022-10-24,47704.0
Blue,龍山寺,2022-10-24,44374.0
Blue,西門,2022-10-24,54231.0
Blue,善導寺,2022-10-24,41330.0
Blue,忠孝新生,2022-10-24,31674.0
Blue,忠孝敦化,2022-10-24,53019.0
Blue,國父紀念館,2022-10-24,33275.0
Blue,市政府,2022-10-24,107220.0
Blue,永春,2022-10-24,36272.0
Blue,後山埤,2022-10-24,28094.0
Blue,昆陽,2022-10-24,25569.0
Blue,南港,2022-10-24,34852.0
Blue,忠孝復興,2022-10-24,40612.0
Blue,南港展覽館,2022-10-24,30183.0
Blue,台北車站,2022-10-25,95757.0
Blue,頂埔,2022-10-25,16796.0
Blue,永寧,2022-10-25,24345.0
Blue,土城,2022-10-25,14793.0
Blue,海山,2022-10-25,42250.0
Blue,亞東醫院,2022-10-25,46452.0
Blue,府中,2022-10-25,49722.0
Blue,板橋,2022-10-25,80254.0
Blue,新埔,2022-10-25,72413.0
Blue,江子翠,2022-10-25,48794.0
Blue,龍山寺,2022-10-25,46624.0
Blue,西門,2022-10-25,55117.0
Blue,善導寺,2022-10-25,43684.0
Blue,忠孝新生,2022-10-25,32179.5
Blue,忠孝敦化,2022-10-25,55810.0
Blue,國父紀念館,2022-10-25,34354.0
Blue,市政府,2022-10-25,108323.0
Blue,永春,2022-10-25,37815.0
Blue,後山埤,2022-10-25,28553.0
Blue,昆陽,2022-10-25,26511.0
Blue,南港,2022-10-25,35469.0
Blue,忠孝復興,2022-10-25,42609.0
Blue,南港展覽館,2022-10-25,32314.0
Blue,台北車站,2022-10-26,98547.5
Blue,頂埔,2022-10-26,17053.0
Blue,永寧,2022-10-26,24435.0
Blue,土城,2022-10-26,15202.0
Blue,海山,2022-10-26,42684.0
Blue,亞東醫院,2022-10-26,47142.0
Blue,府中,2022-10-26,50706.0
Blue,板橋,2022-10-26,82940.0
Blue,新埔,2022-10-26,73112.0
Blue,江子翠,2022-10-26,49893.0
Blue,龍山寺,2022-10-26,45755.0
Blue,西門,2022-10-26,57466.5
Blue,善導寺,2022-10-26,45689.0
Blue,忠孝新生,2022-10-26,33981.0
Blue,忠孝敦化,2022-10-26,57778.0
Blue,國父紀念館,2022-10-26,35977.0
Blue,市政府,2022-10-26,111462.0
Blue,永春,2022-10-26,37741.0
Blue,後山埤,2022-10-26,29144.0
Blue,昆陽,2022-10-26,26694.0
Blue,南港,2022-10-26,39697.0
Blue,忠孝復興,2022-10-26,44264.5
Blue,南港展覽館,2022-10-26,38055.0
Blue,台北車站,2022-10-27,101166.0
Blue,頂埔,2022-10-27,16815.0
Blue,永寧,2022-10-27,24567.0
Blue,土城,2022-10-27,14998.0
Blue,海山,2022-10-27,42598.0
Blue,亞東醫院,2022-10-27,46643.0
Blue,府中,2022-10-27,50953.0
Blue,板橋,2022-10-27,82991.0
Blue,新埔,2022-10-27,73124.0
Blue,江子翠,2022-10-27,49211.0
Blue,龍山寺,2022-10-27,46019.0
Blue,西門,2022-10-27,58358.0
Blue,善導寺,2022-10-27,45304.0
Blue,忠孝新生,2022-10-27,34215.0
Blue,忠孝敦化,2022-10-27,57896.0
Blue,國父紀念館,2022-10-27,36842.0
Blue,市政府,2022-10-27,114012.0
Blue,永春,2022-10-27,38108.0
Blue,後山埤,2022-10-27,29336.0
Blue,昆陽,2022-10-27,27301.0
Blue,南港,2022-10-27,40412.0
Blue,忠孝復興,2022-10-27,45082.5
Blue,南港展覽館,2022-10-27,37900.0
Blue,台北車站,2022-10-28,129473.0
Blue,頂埔,2022-10-28,17344.0
Blue,永寧,2022-10-28,26344.0
Blue,土城,2022-10-28,16019.0
Blue,海山,2022-10-28,43929.0
Blue,亞東醫院,2022-10-28,47849.0
Blue,府中,2022-10-28,54933.0
Blue,板橋,2022-10-28,96073.0
Blue,新埔,2022-10-28,76536.0
Blue,江子翠,2022-10-28,51825.0
Blue,龍山寺,2022-10-28,48720.0
Blue,西門,2022-10-28,72224.0
Blue,善導寺,2022-10-28,47357.0
Blue,忠孝新生,2022-10-28,39416.0
Blue,忠孝敦化,2022-10-28,67215.0
Blue,國父紀念館,2022-10-28,42687.0
Blue,市政府,2022-10-28,131869.0
Blue,永春,2022-10-28,41687.0
Blue,後山埤,2022-10-28,31265.0
Blue,昆陽,2022-10-28,28010.0
Blue,南港,2022-10-28,45281.0
Blue,忠孝復興,2022-10-28,53670.5
Blue,南港展覽館,2022-10-28,38369.5
Blue,台北車站,2022-10-29,129253.0
Blue,頂埔,2022-10-29,10871.0
Blue,永寧,2022-10-29,17590.0
Blue,土城,2022-10-29,11327.0
Blue,海山,2022-10-29,30990.0
Blue,亞東醫院,2022-10-29,29661.0
Blue,府中,2022-10-29,55938.0
Blue,板橋,2022-10-29,83707.0
Blue,新埔,2022-10-29,55271.0
Blue,江子翠,2022-10-29,39546.0
Blue,龍山寺,2022-10-29,43267.0
Blue,西門,2022-10-29,91438.0
Blue,善導寺,2022-10-29,27570.0
Blue,忠孝新生,2022-10-29,37947.0
Blue,忠孝敦化,2022-10-29,63060.0
Blue,國父紀念館,2022-10-29,41394.0
Blue,市政府,2022-10-29,157324.0
Blue,永春,2022-10-29,29172.0
Blue,後山埤,2022-10-29,24516.0
Blue,昆陽,2022-10-29,18214.0
Blue,南港,2022-10-29,32762.0
Blue,忠孝復興,2022-10-29,54508.0
Blue,南港展覽館,2022-10-29,21155.5
Blue,台北車站,2022-10-30,109227.5
Blue,頂埔,2022-10-30,8848.0
Blue,永寧,2022-10-30,14118.0
Blue,土城,2022-10-30,8585.0
Blue,海山,2022-10-30,23470.0
Blue,亞東醫院,2022-10-30,20289.0
Blue,府中,2022-10-30,34045.0
Blue,板橋,2022-10-30,69499.0
Blue,新埔,2022-10-30,40450.0
Blue,江子翠,2022-10-30,28307.0
Blue,龍山寺,2022-10-30,31909.0
Blue,西門,2022-10-30,60252.5
Blue,善導寺,2022-10-30,21454.0
Blue,忠孝新生,2022-10-30,24260.0
Blue,忠孝敦化,2022-10-30,36800.0
Blue,國父紀念館,2022-10-30,26705.0
Blue,市政府,2022-10-30,91258.0
Blue,永春,2022-10-30,22036.0
Blue,後山埤,2022-10-30,17854.0
Blue,昆陽,2022-10-30,11480.0
Blue,南港,2022-10-30,24452.0
Blue,忠孝復興,2022-10-30,37193.0
Blue,南港展覽館,2022-10-30,12810.5
Blue,台北車站,2022-10-31,99994.0
Blue,頂埔,2022-10-31,16258.0
Blue,永寧,2022-10-31,22763.0
Blue,土城,2022-10-31,14464.0
Blue,海山,2022-10-31,41006.0
Blue,亞東醫院,2022-10-31,45467.0
Blue,府中,2022-10-31,47644.0
Blue,板橋,2022-10-31,81967.0
Blue,新埔,2022-10-31,70772.0
Blue,江子翠,2022-10-31,47911.0
Blue,龍山寺,2022-10-31,42759.0
Blue,西門,2022-10-31,53947.5
Blue,善導寺,2022-10-31,43318.0
Blue,忠孝新生,2022-10-31,28935.0
Blue,忠孝敦化,2022-10-31,54362.0
Blue,國父紀念館,2022-10-31,33589.0
Blue,市政府,2022-10-31,109009.0
Blue,永春,2022-10-31,37580.0
Blue,後山埤,2022-10-31,28339.0
Blue,昆陽,2022-10-31,25950.0
Blue,南港,2022-10-31,36062.0
Blue,忠孝復興,2022-10-31,43560.0
Blue,南港展覽館,2022-10-31,28940.5
Blue,台北車站,2022-11-01,94027.5
Blue,頂埔,2022-11-01,16702.0
Blue,永寧,2022-11-01,22986.0
Blue,土城,2022-11-01,14740.0
Blue,海山,2022-11-01,41886.0
Blue,亞東醫院,2022-11-01,47319.0
Blue,府中,2022-11-01,49270.0
Blue,板橋,2022-11-01,80104.0
Blue,新埔,2022-11-01,73238.0
Blue,江子翠,2022-11-01,48781.0
Blue,龍山寺,2022-11-01,44879.0
Blue,西門,2022-11-01,53234.5
Blue,善導寺,2022-11-01,44783.0
Blue,忠孝新生,2022-11-01,32487.5
Blue,忠孝敦化,2022-11-01,56564.0
Blue,國父紀念館,2022-11-01,35074.0
Blue,市政府,2022-11-01,108374.0
Blue,永春,2022-11-01,39382.0
Blue,後山埤,2022-11-01,29205.0
Blue,昆陽,2022-11-01,26500.0
Blue,南港,2022-11-01,36718.0
Blue,忠孝復興,2022-11-01,44094.5
Blue,南港展覽館,2022-11-01,30317.0
Blue,台北車站,2022-11-02,96604.5
Blue,頂埔,2022-11-02,17006.0
Blue,永寧,2022-11-02,23931.0
Blue,土城,2022-11-02,15064.0
Blue,海山,2022-11-02,42563.0
Blue,亞東醫院,2022-11-02,47244.0
Blue,府中,2022-11-02,50041.0
Blue,板橋,2022-11-02,80606.0
Blue,新埔,2022-11-02,73271.0
Blue,江子翠,2022-11-02,49668.0
Blue,龍山寺,2022-11-02,45932.0
Blue,西門,2022-11-02,55405.5
Blue,善導寺,2022-11-02,45353.0
Blue,忠孝新生,2022-11-02,33718.0
Blue,忠孝敦化,2022-11-02,58185.0
Blue,國父紀念館,2022-11-02,36471.0
Blue,市政府,2022-11-02,113315.0
Blue,永春,2022-11-02,39485.0
Blue,後山埤,2022-11-02,29795.0
Blue,昆陽,2022-11-02,27091.0
Blue,南港,2022-11-02,37774.0
Blue,忠孝復興,2022-11-02,44982.0
Blue,南港展覽館,2022-11-02,32309.0
Blue,台北車站,2022-11-03,99865.5
Blue,頂埔,2022-11-03,16945.0
Blue,永寧,2022-11-03,24297.0
Blue,土城,2022-11-03,14776.0
Blue,海山,2022-11-03,42822.0
Blue,亞東醫院,2022-11-03,46610.0
Blue,府中,2022-11-03,50250.0
Blue,板橋,2022-11-03,81889.0
Blue,新埔,2022-11-03,72806.0
Blue,江子翠,2022-11-03,49738.0
Blue,龍山寺,2022-11-03,46790.0
Blue,西門,2022-11-03,56300.5
Blue,善導寺,2022-11-03,44610.0
Blue,忠孝新生,2022-11-03,34456.5
Blue,忠孝敦化,2022-11-03,57993.0
Blue,國父紀念館,2022-11-03,35969.0
Blue,市政府,2022-11-03,110639.0
Blue,永春,2022-11-03,38832.0
Blue,後山埤,2022-11-03,29813.0
Blue,昆陽,2022-11-03,27818.0
Blue,南港,2022-11-03,40783.0
Blue,忠孝復興,2022-11-03,46104.0
Blue,南港展覽館,2022-11-03,33653.0
Blue,台北車站,2022-11-04,126632.5
Blue,頂埔,2022-11-04,17624.0
Blue,永寧,2022-11-04,26280.0
Blue,土城,2022-11-04,16099.0
Blue,海山,2022-11-04,44398.0
Blue,亞東醫院,2022-11-04,47958.0
Blue,府中,2022-11-04,54658.0
Blue,板橋,2022-11-04,95934.0
Blue,新埔,2022-11-04,76430.0
Blue,江子翠,2022-11-04,52268.0
Blue,龍山寺,2022-11-04,49265.0
Blue,西門,2022-11-04,68984.0
Blue,善導寺,2022-11-04,45715.0
Blue,忠孝新生,2022-11-04,39761.5
Blue,忠孝敦化,2022-11-04,67606.0
Blue,國父紀念館,2022-11-04,42685.0
Blue,市政府,2022-11-04,128783.0
Blue,永春,2022-11-04,41834.0
Blue,後山埤,2022-11-04,32024.0
Blue,昆陽,2022-11-04,28591.0
Blue,南港,2022-11-04,48943.0
Blue,忠孝復興,2022-11-04,53698.0
Blue,南港展覽館,2022-11-04,46978.5
Blue,台北車站,2022-11-05,121098.5
Blue,頂埔,2022-11-05,11633.0
Blue,永寧,2022-11-05,19604.0
Blue,土城,2022-11-05,11971.0
Blue,海山,2022-11-05,31996.0
Blue,亞東醫院,2022-11-05,29837.0
Blue,府中,2022-11-05,48259.0
Blue,板橋,2022-11-05,84225.0
Blue,新埔,2022-11-05,54616.0
Blue,江子翠,2022-11-05,39814.0
Blue,龍山寺,2022-11-05,50082.0
Blue,西門,2022-11-05,76937.0
Blue,善導寺,2022-11-05,28098.0
Blue,忠孝新生,2022-11-05,37710.5
Blue,忠孝敦化,2022-11-05,56438.0
Blue,國父紀念館,2022-11-05,31589.0
Blue,市政府,2022-11-05,106939.0
Blue,永春,2022-11-05,29055.0
Blue,後山埤,2022-11-05,25830.0
Blue,昆陽,2022-11-05,20145.0
Blue,南港,2022-11-05,37637.0
Blue,忠孝復興,2022-11-05,50792.5
Blue,南港展覽館,2022-11-05,36079.5
Blue,台北車站,2022-11-06,111585.5
Blue,頂埔,2022-11-06,10359.0
Blue,永寧,2022-11-06,16351.0
Blue,土城,2022-11-06,10153.0
Blue,海山,2022-11-06,26744.0
Blue,亞東醫院,2022-11-06,23403.0
Blue,府中,2022-11-06,38901.0
Blue,板橋,2022-11-06,76355.0
Blue,新埔,2022-11-06,44863.0
Blue,江子翠,2022-11-06,32089.0
Blue,龍山寺,2022-11-06,39458.0
Blue,西門,2022-11-06,65609.0
Blue,善導寺,2022-11-06,25158.0
Blue,忠孝新生,2022-11-06,31329.5
Blue,忠孝敦化,2022-11-06,39715.0
Blue,國父紀念館,2022-11-06,24060.0
Blue,市政府,2022-11-06,88310.0
Blue,永春,2022-11-06,23521.0
Blue,後山埤,2022-11-06,20903.0
Blue,昆陽,2022-11-06,13965.0
Blue,南港,2022-11-06,32277.0
Blue,忠孝復興,2022-11-06,39011.5
Blue,南港展覽館,2022-11-06,32365.0
Blue,台北車站,2022-11-07,100259.0
Blue,頂埔,2022-11-07,16897.0
Blue,永寧,2022-11-07,24051.0
Blue,土城,2022-11-07,15318.0
Blue,海山,2022-11-07,41913.0
Blue,亞東醫院,2022-11-07,45406.0
Blue,府中,2022-11-07,49278.0
Blue,板橋,2022-11-07,81083.0
Blue,新埔,2022-11-07,71168.0
Blue,江子翠,2022-11-07,48230.0
Blue,龍山寺,2022-11-07,45618.0
Blue,西門,2022-11-07,55274.5
Blue,善導寺,2022-11-07,42976.0
Blue,忠孝新生,2022-11-07,32511.0
Blue,忠孝敦化,2022-11-07,54316.0
Blue,國父紀念館,2022-11-07,33328.0
Blue,市政府,2022-11-07,106386.0
Blue,永春,2022-11-07,37108.0
Blue,後山埤,2022-11-07,28923.0
Blue,昆陽,2022-11-07,25570.0
Blue,南港,2022-11-07,39243.0
Blue,忠孝復興,2022-11-07,43288.5
Blue,南港展覽館,2022-11-07,42876.0
Blue,台北車站,2022-11-08,99379.5
Blue,頂埔,2022-11-08,17129.0
Blue,永寧,2022-11-08,24179.0
Blue,土城,2022-11-08,15224.0
Blue,海山,2022-11-08,42676.0
Blue,亞東醫院,2022-11-08,47585.0
Blue,府中,2022-11-08,50576.0
Blue,板橋,2022-11-08,82493.0
Blue,新埔,2022-11-08,72199.0
Blue,江子翠,2022-11-08,49663.0
Blue,龍山寺,2022-11-08,46913.0
Blue,西門,2022-11-08,55473.5
Blue,善導寺,2022-11-08,45438.0
Blue,忠孝新生,2022-11-08,32593.5
Blue,忠孝敦化,2022-11-08,57901.0
Blue,國父紀念館,2022-11-08,35420.0
Blue,市政府,2022-11-08,108710.0
Blue,永春,2022-11-08,38732.0
Blue,後山埤,2022-11-08,29142.0
Blue,昆陽,2022-11-08,26802.0
Blue,南港,2022-11-08,37514.0
Blue,忠孝復興,2022-11-08,45355.0
Blue,南港展覽館,2022-11-08,31503.0
Blue,台北車站,2022-11-09,101357.0
Blue,頂埔,2022-11-09,17433.0
Blue,永寧,2022-11-09,24586.0
Blue,土城,2022-11-09,15489.0
Blue,海山,2022-11-09,43178.0
Blue,亞東醫院,2022-11-09,48173.0
Blue,府中,2022-11-09,51502.0
Blue,板橋,2022-11-09,85324.0
Blue,新埔,2022-11-09,74088.0
Blue,江子翠,2022-11-09,51041.0
Blue,龍山寺,2022-11-09,47469.0
Blue,西門,2022-11-09,58485.5
Blue,善導寺,2022-11-09,45855.0
Blue,忠孝新生,2022-11-09,34517.5
Blue,忠孝敦化,2022-11-09,59237.0
Blue,國父紀念館,2022-11-09,36536.0
Blue,市政府,2022-11-09,111141.0
Blue,永春,2022-11-09,38451.0
Blue,後山埤,2022-11-09,29673.0
Blue,昆陽,2022-11-09,26949.0
Blue,南港,2022-11-09,38143.0
Blue,忠孝復興,2022-11-09,48041.5
Blue,南港展覽館,2022-11-09,32770.5
Blue,台北車站,2022-11-10,106613.5
Blue,頂埔,2022-11-10,17551.0
Blue,永寧,2022-11-10,25047.0
Blue,土城,2022-11-10,15398.0
Blue,海山,2022-11-10,43802.0
Blue,亞東醫院,2022-11-10,47601.0
Blue,府中,2022-11-10,51875.0
Blue,板橋,2022-11-10,87363.0
Blue,新埔,2022-11-10,74581.0
Blue,江子翠,2022-11-10,51135.0
Blue,龍山寺,2022-11-10,47772.0
Blue,西門,2022-11-10,59603.5
Blue,善導寺,2022-11-10,46304.0
Blue,忠孝新生,2022-11-10,35409.0
Blue,忠孝敦化,2022-11-10,61755.0
Blue,國父紀念館,2022-11-10,36985.0
Blue,市政府,2022-11-10,114082.0
Blue,永春,2022-11-10,39379.0
Blue,後山埤,2022-11-10,29816.0
Blue,昆陽,2022-11-10,27844.0
Blue,南港,2022-11-10,39550.0
Blue,忠孝復興,2022-11-10,69185.0
Blue,南港展覽館,2022-11-10,34620.0
Blue,台北車站,2022-11-11,138708.0
Blue,頂埔,2022-11-11,18373.0
Blue,永寧,2022-11-11,28328.0
Blue,土城,2022-11-11,16521.0
Blue,海山,2022-11-11,46364.0
Blue,亞東醫院,2022-11-11,48975.0
Blue,府中,2022-11-11,58602.0
Blue,板橋,2022-11-11,116096.0
Blue,新埔,2022-11-11,78547.0
Blue,江子翠,2022-11-11,54326.0
Blue,龍山寺,2022-11-11,51373.0
Blue,西門,2022-11-11,74839.0
Blue,善導寺,2022-11-11,48761.0
Blue,忠孝新生,2022-11-11,40824.5
Blue,忠孝敦化,2022-11-11,70636.0
Blue,國父紀念館,2022-11-11,42214.0
Blue,市政府,2022-11-11,133495.0
Blue,永春,2022-11-11,42173.0
Blue,後山埤,2022-11-11,32211.0
Blue,昆陽,2022-11-11,30107.0
Blue,南港,2022-11-11,47216.0
Blue,忠孝復興,2022-11-11,71442.0
Blue,南港展覽館,2022-11-11,44340.5
Blue,台北車站,2022-11-12,141502.0
Blue,頂埔,2022-11-12,13380.0
Blue,永寧,2022-11-12,22567.0
Blue,土城,2022-11-12,13511.0
Blue,海山,2022-11-12,35758.0
Blue,亞東醫院,2022-11-12,33600.0
Blue,府中,2022-11-12,55954.0
Blue,板橋,2022-11-12,132348.0
Blue,新埔,2022-11-12,60584.0
Blue,江子翠,2022-11-12,44282.0
Blue,龍山寺,2022-11-12,52423.0
Blue,西門,2022-11-12,90106.5
Blue,善導寺,2022-11-12,30020.0
Blue,忠孝新生,2022-11-12,42660.5
Blue,忠孝敦化,2022-11-12,60625.0
Blue,國父紀念館,2022-11-12,33442.0
Blue,市政府,2022-11-12,119247.0
Blue,永春,2022-11-12,32159.0
Blue,後山埤,2022-11-12,27635.0
Blue,昆陽,2022-11-12,19766.0
Blue,南港,2022-11-12,40584.0
Blue,忠孝復興,2022-11-12,72414.0
Blue,南港展覽館,2022-11-12,34461.5
Blue,台北車站,2022-11-13,126396.5
Blue,頂埔,2022-11-13,11479.0
Blue,永寧,2022-11-13,18390.0
Blue,土城,2022-11-13,10216.0
Blue,海山,2022-11-13,28192.0
Blue,亞東醫院,2022-11-13,24506.0
Blue,府中,2022-11-13,42955.0
Blue,板橋,2022-11-13,104719.0
Blue,新埔,2022-11-13,49922.0
Blue,江子翠,2022-11-13,34102.0
Blue,龍山寺,2022-11-13,45335.0
Blue,西門,2022-11-13,71612.0
Blue,善導寺,2022-11-13,23146.0
Blue,忠孝新生,2022-11-13,34096.5
Blue,忠孝敦化,2022-11-13,40948.0
Blue,國父紀念館,2022-11-13,25606.0
Blue,市政府,2022-11-13,87162.0
Blue,永春,2022-11-13,23929.0
Blue,後山埤,2022-11-13,21535.0
Blue,昆陽,2022-11-13,16348.0
Blue,南港,2022-11-13,33738.0
Blue,忠孝復興,2022-11-13,53175.5
Blue,南港展覽館,2022-11-13,27912.5
Blue,台北車站,2022-11-14,106182.0
Blue,頂埔,2022-11-14,16999.0
Blue,永寧,2022-11-14,24861.0
Blue,土城,2022-11-14,15334.0
Blue,海山,2022-11-14,42390.0
Blue,亞東醫院,2022-11-14,46584.0
Blue,府中,2022-11-14,50296.0
Blue,板橋,2022-11-14,90912.0
Blue,新埔,2022-11-14,71440.0
Blue,江子翠,2022-11-14,49468.0
Blue,龍山寺,2022-11-14,47109.0
Blue,西門,2022-11-14,58909.5
Blue,善導寺,2022-11-14,43160.0
Blue,忠孝新生,2022-11-14,33054.5
Blue,忠孝敦化,2022-11-14,54980.0
Blue,國父紀念館,2022-11-14,33645.0
Blue,市政府,2022-11-14,103342.0
Blue,永春,2022-11-14,36518.0
Blue,後山埤,2022-11-14,28795.0
Blue,昆陽,2022-11-14,26160.0
Blue,南港,2022-11-14,35589.0
Blue,忠孝復興,2022-11-14,56643.5
Blue,南港展覽館,2022-11-14,30861.5
Blue,台北車站,2022-11-15,102267.0
Blue,頂埔,2022-11-15,17610.0
Blue,永寧,2022-11-15,25435.0
Blue,土城,2022-11-15,15310.0
Blue,海山,2022-11-15,43530.0
Blue,亞東醫院,2022-11-15,47922.0
Blue,府中,2022-11-15,51822.0
Blue,板橋,2022-11-15,88820.0
Blue,新埔,2022-11-15,74549.0
Blue,江子翠,2022-11-15,50608.0
Blue,龍山寺,2022-11-15,51472.0
Blue,西門,2022-11-15,58035.0
Blue,善導寺,2022-11-15,45537.0
Blue,忠孝新生,2022-11-15,33572.0
Blue,忠孝敦化,2022-11-15,57831.0
Blue,國父紀念館,2022-11-15,35899.0
Blue,市政府,2022-11-15,108185.0
Blue,永春,2022-11-15,38947.0
Blue,後山埤,2022-11-15,29315.0
Blue,昆陽,2022-11-15,26949.0
Blue,南港,2022-11-15,36534.0
Blue,忠孝復興,2022-11-15,54042.5
Blue,南港展覽館,2022-11-15,31965.0
Blue,台北車站,2022-11-16,106535.0
Blue,頂埔,2022-11-16,17427.0
Blue,永寧,2022-11-16,25308.0
Blue,土城,2022-11-16,15475.0
Blue,海山,2022-11-16,43721.0
Blue,亞東醫院,2022-11-16,47999.0
Blue,府中,2022-11-16,52336.0
Blue,板橋,2022-11-16,90972.0
Blue,新埔,2022-11-16,75079.0
Blue,江子翠,2022-11-16,52349.0
Blue,龍山寺,2022-11-16,48917.0
Blue,西門,2022-11-16,59630.0
Blue,善導寺,2022-11-16,46975.0
Blue,忠孝新生,2022-11-16,35536.5
Blue,忠孝敦化,2022-11-16,60371.0
Blue,國父紀念館,2022-11-16,37679.0
Blue,市政府,2022-11-16,113423.0
Blue,永春,2022-11-16,39832.0
Blue,後山埤,2022-11-16,30698.0
Blue,昆陽,2022-11-16,28041.0
Blue,南港,2022-11-16,38279.0
Blue,忠孝復興,2022-11-16,59865.5
Blue,南港展覽館,2022-11-16,32307.0
Blue,台北車站,2022-11-17,108852.0
Blue,頂埔,2022-11-17,17601.0
Blue,永寧,2022-11-17,25452.0
Blue,土城,2022-11-17,15434.0
Blue,海山,2022-11-17,43899.0
Blue,亞東醫院,2022-11-17,47748.0
Blue,府中,2022-11-17,53760.0
Blue,板橋,2022-11-17,94486.0
Blue,新埔,2022-11-17,74724.0
Blue,江子翠,2022-11-17,51517.0
Blue,龍山寺,2022-11-17,48507.0
Blue,西門,2022-11-17,60680.0
Blue,善導寺,2022-11-17,46663.0
Blue,忠孝新生,2022-11-17,35645.0
Blue,忠孝敦化,2022-11-17,60964.0
Blue,國父紀念館,2022-11-17,37678.0
Blue,市政府,2022-11-17,113804.0
Blue,永春,2022-11-17,39222.0
Blue,後山埤,2022-11-17,29889.0
Blue,昆陽,2022-11-17,28264.0
Blue,南港,2022-11-17,38557.0
Blue,忠孝復興,2022-11-17,57171.0
Blue,南港展覽館,2022-11-17,34026.0
Blue,台北車站,2022-11-18,142654.5
Blue,頂埔,2022-11-18,18458.0
Blue,永寧,2022-11-18,28503.0
Blue,土城,2022-11-18,16758.0
Blue,海山,2022-11-18,46298.0
Blue,亞東醫院,2022-11-18,48886.0
Blue,府中,2022-11-18,57444.0
Blue,板橋,2022-11-18,114850.0
Blue,新埔,2022-11-18,78325.0
Blue,江子翠,2022-11-18,53695.0
Blue,龍山寺,2022-11-18,51848.0
Blue,西門,2022-11-18,74098.0
Blue,善導寺,2022-11-18,47892.0
Blue,忠孝新生,2022-11-18,41450.0
Blue,忠孝敦化,2022-11-18,69798.0
Blue,國父紀念館,2022-11-18,44179.0
Blue,市政府,2022-11-18,133086.0
Blue,永春,2022-11-18,41755.0
Blue,後山埤,2022-11-18,32660.0
Blue,昆陽,2022-11-18,29488.0
Blue,南港,2022-11-18,52489.0
Blue,忠孝復興,2022-11-18,68266.0
Blue,南港展覽館,2022-11-18,65695.5
Blue,台北車站,2022-11-19,145655.5
Blue,頂埔,2022-11-19,13362.0
Blue,永寧,2022-11-19,23264.0
Blue,土城,2022-11-19,13647.0
Blue,海山,2022-11-19,35259.0
Blue,亞東醫院,2022-11-19,33414.0
Blue,府中,2022-11-19,56767.0
Blue,板橋,2022-11-19,138982.0
Blue,新埔,2022-11-19,61203.0
Blue,江子翠,2022-11-19,44393.0
Blue,龍山寺,2022-11-19,51622.0
Blue,西門,2022-11-19,88943.0
Blue,善導寺,2022-11-19,29690.0
Blue,忠孝新生,2022-11-19,37713.5
Blue,忠孝敦化,2022-11-19,61033.0
Blue,國父紀念館,2022-11-19,38936.0
Blue,市政府,2022-11-19,115113.0
Blue,永春,2022-11-19,30038.0
Blue,後山埤,2022-11-19,28171.0
Blue,昆陽,2022-11-19,17391.0
Blue,南港,2022-11-19,44221.0
Blue,忠孝復興,2022-11-19,64292.0
Blue,南港展覽館,2022-11-19,68288.5
Blue,台北車站,2022-11-20,133644.5
Blue,頂埔,2022-11-20,11080.0
Blue,永寧,2022-11-20,18838.0
Blue,土城,2022-11-20,10265.0
Blue,海山,2022-11-20,28085.0
Blue,亞東醫院,2022-11-20,24498.0
Blue,府中,2022-11-20,43207.0
Blue,板橋,2022-11-20,107199.0
Blue,新埔,2022-11-20,48606.0
Blue,江子翠,2022-11-20,35561.0
Blue,龍山寺,2022-11-20,42931.0
Blue,西門,2022-11-20,73157.5
Blue,善導寺,2022-11-20,31594.0
Blue,忠孝新生,2022-11-20,31033.5
Blue,忠孝敦化,2022-11-20,44628.0
Blue,國父紀念館,2022-11-20,32491.0
Blue,市政府,2022-11-20,102566.0
Blue,永春,2022-11-20,24966.0
Blue,後山埤,2022-11-20,23008.0
Blue,昆陽,2022-11-20,16362.0
Blue,南港,2022-11-20,39503.0
Blue,忠孝復興,2022-11-20,57732.0
Blue,南港展覽館,2022-11-20,58671.5
Blue,台北車站,2022-11-21,108697.0
Blue,頂埔,2022-11-21,17158.0
Blue,永寧,2022-11-21,24871.0
Blue,土城,2022-11-21,15436.0
Blue,海山,2022-11-21,42505.0
Blue,亞東醫院,2022-11-21,46359.0
Blue,府中,2022-11-21,50579.0
Blue,板橋,2022-11-21,92358.0
Blue,新埔,2022-11-21,71900.0
Blue,江子翠,2022-11-21,49428.0
Blue,龍山寺,2022-11-21,46319.0
Blue,西門,2022-11-21,57925.5
Blue,善導寺,2022-11-21,43635.0
Blue,忠孝新生,2022-11-21,34020.5
Blue,忠孝敦化,2022-11-21,56341.0
Blue,國父紀念館,2022-11-21,34718.0
Blue,市政府,2022-11-21,109947.0
Blue,永春,2022-11-21,37099.0
Blue,後山埤,2022-11-21,29670.0
Blue,昆陽,2022-11-21,27287.0
Blue,南港,2022-11-21,44190.0
Blue,忠孝復興,2022-11-21,59052.5
Blue,南港展覽館,2022-11-21,56012.5
Blue,台北車站,2022-11-22,101933.0
Blue,頂埔,2022-11-22,17391.0
Blue,永寧,2022-11-22,24891.0
Blue,土城,2022-11-22,15314.0
Blue,海山,2022-11-22,43248.0
Blue,亞東醫院,2022-11-22,47765.0
Blue,府中,2022-11-22,51633.0
Blue,板橋,2022-11-22,88865.0
Blue,新埔,2022-11-22,73967.0
Blue,江子翠,2022-11-22,50442.0
Blue,龍山寺,2022-11-22,46949.0
Blue,西門,2022-11-22,56724.0
Blue,善導寺,2022-11-22,45314.0
Blue,忠孝新生,2022-11-22,33740.0
Blue,忠孝敦化,2022-11-22,58220.0
Blue,國父紀念館,2022-11-22,35430.0
Blue,市政府,2022-11-22,108389.0
Blue,永春,2022-11-22,37937.0
Blue,後山埤,2022-11-22,29115.0
Blue,昆陽,2022-11-22,26709.0
Blue,南港,2022-11-22,36762.0
Blue,忠孝復興,2022-11-22,45694.0
Blue,南港展覽館,2022-11-22,32287.5
Blue,台北車站,2022-11-23,104801.5
Blue,頂埔,2022-11-23,17461.0
Blue,永寧,2022-11-23,24296.0
Blue,土城,2022-11-23,15395.0
Blue,海山,2022-11-23,43518.0
Blue,亞東醫院,2022-11-23,48636.0
Blue,府中,2022-11-23,52206.0
Blue,板橋,2022-11-23,89422.0
Blue,新埔,2022-11-23,75140.0
Blue,江子翠,2022-11-23,52227.0
Blue,龍山寺,2022-11-23,46749.0
Blue,西門,2022-11-23,59410.5
Blue,善導寺,2022-11-23,47064.0
Blue,忠孝新生,2022-11-23,36542.5
Blue,忠孝敦化,2022-11-23,60943.0
Blue,國父紀念館,2022-11-23,37534.0
Blue,市政府,2022-11-23,111973.0
Blue,永春,2022-11-23,39639.0
Blue,後山埤,2022-11-23,30611.0
Blue,昆陽,2022-11-23,27641.0
Blue,南港,2022-11-23,38581.0
Blue,忠孝復興,2022-11-23,46092.5
Blue,南港展覽館,2022-11-23,32023.0
Blue,台北車站,2022-11-24,111380.0
Blue,頂埔,2022-11-24,17176.0
Blue,永寧,2022-11-24,24471.0
Blue,土城,2022-11-24,15586.0
Blue,海山,2022-11-24,43163.0
Blue,亞東醫院,2022-11-24,48074.0
Blue,府中,2022-11-24,52569.0
Blue,板橋,2022-11-24,90898.0
Blue,新埔,2022-11-24,75844.0
Blue,江子翠,2022-11-24,51622.0
Blue,龍山寺,2022-11-24,47485.0
Blue,西門,2022-11-24,59444.5
Blue,善導寺,2022-11-24,48826.0
Blue,忠孝新生,2022-11-24,36893.0
Blue,忠孝敦化,2022-11-24,63477.0
Blue,國父紀念館,2022-11-24,38512.0
Blue,市政府,2022-11-24,115785.0
Blue,永春,2022-11-24,40352.0
Blue,後山埤,2022-11-24,30414.0
Blue,昆陽,2022-11-24,28440.0
Blue,南港,2022-11-24,40389.0
Blue,忠孝復興,2022-11-24,47862.5
Blue,南港展覽館,2022-11-24,31847.0
Blue,台北車站,2022-11-25,143900.5
Blue,頂埔,2022-11-25,18890.0
Blue,永寧,2022-11-25,28186.0
Blue,土城,2022-11-25,17040.0
Blue,海山,2022-11-25,46359.0
Blue,亞東醫院,2022-11-25,49802.0
Blue,府中,2022-11-25,57612.0
Blue,板橋,2022-11-25,114299.0
Blue,新埔,2022-11-25,78767.0
Blue,江子翠,2022-11-25,54052.0
Blue,龍山寺,2022-11-25,51357.0
Blue,西門,2022-11-25,71239.0
Blue,善導寺,2022-11-25,60381.0
Blue,忠孝新生,2022-11-25,40746.0
Blue,忠孝敦化,2022-11-25,71775.0
Blue,國父紀念館,2022-11-25,41446.0
Blue,市政府,2022-11-25,140300.0
Blue,永春,2022-11-25,43240.0
Blue,後山埤,2022-11-25,32286.0
Blue,昆陽,2022-11-25,29292.0
Blue,南港,2022-11-25,46119.0
Blue,忠孝復興,2022-11-25,55582.5
Blue,南港展覽館,2022-11-25,34430.5
Blue,台北車站,2022-11-26,117320.5
Blue,頂埔,2022-11-26,11455.0
Blue,永寧,2022-11-26,18315.0
Blue,土城,2022-11-26,11668.0
Blue,海山,2022-11-26,30790.0
Blue,亞東醫院,2022-11-26,28616.0
Blue,府中,2022-11-26,48225.0
Blue,板橋,2022-11-26,111738.0
Blue,新埔,2022-11-26,51843.0
Blue,江子翠,2022-11-26,38246.0
Blue,龍山寺,2022-11-26,45244.0
Blue,西門,2022-11-26,74685.0
Blue,善導寺,2022-11-26,25479.0
Blue,忠孝新生,2022-11-26,31627.5
Blue,忠孝敦化,2022-11-26,54418.0
Blue,國父紀念館,2022-11-26,31964.0
Blue,市政府,2022-11-26,102812.0
Blue,永春,2022-11-26,28032.0
Blue,後山埤,2022-11-26,25128.0
Blue,昆陽,2022-11-26,18537.0
Blue,南港,2022-11-26,30648.0
Blue,忠孝復興,2022-11-26,47056.0
Blue,南港展覽館,2022-11-26,18248.5
Blue,台北車站,2022-11-27,124067.0
Blue,頂埔,2022-11-27,10825.0
Blue,永寧,2022-11-27,17874.0
Blue,土城,2022-11-27,10093.0
Blue,海山,2022-11-27,27887.0
Blue,亞東醫院,2022-11-27,23729.0
Blue,府中,2022-11-27,40408.0
Blue,板橋,2022-11-27,100466.0
Blue,新埔,2022-11-27,45158.0
Blue,江子翠,2022-11-27,32679.0
Blue,龍山寺,2022-11-27,40365.0
Blue,西門,2022-11-27,64585.0
Blue,善導寺,2022-11-27,21364.0
Blue,忠孝新生,2022-11-27,27762.0
Blue,忠孝敦化,2022-11-27,39354.0
Blue,國父紀念館,2022-11-27,27350.0
Blue,市政府,2022-11-27,89092.0
Blue,永春,2022-11-27,22629.0
Blue,後山埤,2022-11-27,20275.0
Blue,昆陽,2022-11-27,13500.0
Blue,南港,2022-11-27,29809.0
Blue,忠孝復興,2022-11-27,37609.5
Blue,南港展覽館,2022-11-27,19309.0
Blue,台北車站,2022-11-28,108136.0
Blue,頂埔,2022-11-28,17512.0
Blue,永寧,2022-11-28,25204.0
Blue,土城,2022-11-28,15531.0
Blue,海山,2022-11-28,42757.0
Blue,亞東醫院,2022-11-28,46651.0
Blue,府中,2022-11-28,49954.0
Blue,板橋,2022-11-28,92411.0
Blue,新埔,2022-11-28,72162.0
Blue,江子翠,2022-11-28,50010.0
Blue,龍山寺,2022-11-28,46581.0
Blue,西門,2022-11-28,57707.0
Blue,善導寺,2022-11-28,43176.0
Blue,忠孝新生,2022-11-28,33420.0
Blue,忠孝敦化,2022-11-28,55818.0
Blue,國父紀念館,2022-11-28,33932.0
Blue,市政府,2022-11-28,109768.0
Blue,永春,2022-11-28,36851.0
Blue,後山埤,2022-11-28,28637.0
Blue,昆陽,2022-11-28,26950.0
Blue,南港,2022-11-28,37552.0
Blue,忠孝復興,2022-11-28,43002.5
Blue,南港展覽館,2022-11-28,31726.5
Blue,台北車站,2022-11-29,102244.5
Blue,頂埔,2022-11-29,18002.0
Blue,永寧,2022-11-29,25306.0
Blue,土城,2022-11-29,15380.0
Blue,海山,2022-11-29,43656.0
Blue,亞東醫院,2022-11-29,48575.0
Blue,府中,2022-11-29,52229.0
Blue,板橋,2022-11-29,90396.0
Blue,新埔,2022-11-29,74638.0
Blue,江子翠,2022-11-29,50605.0
Blue,龍山寺,2022-11-29,48295.0
Blue,西門,2022-11-29,58704.5
Blue,善導寺,2022-11-29,45412.0
Blue,忠孝新生,2022-11-29,33792.0
Blue,忠孝敦化,2022-11-29,59206.0
Blue,國父紀念館,2022-11-29,35542.0
Blue,市政府,2022-11-29,111802.0
Blue,永春,2022-11-29,39316.0
Blue,後山埤,2022-11-29,29672.0
Blue,昆陽,2022-11-29,27037.0
Blue,南港,2022-11-29,37621.0
Blue,忠孝復興,2022-11-29,44879.5
Blue,南港展覽館,2022-11-29,32764.5
Blue,台北車站,2022-11-30,104381.0
Blue,頂埔,2022-11-30,18013.0
Blue,永寧,2022-11-30,25250.0
Blue,土城,2022-11-30,15697.0
Blue,海山,2022-11-30,44023.0
Blue,亞東醫院,2022-11-30,48681.0
Blue,府中,2022-11-30,52736.0
Blue,板橋,2022-11-30,91482.0
Blue,新埔,2022-11-30,74959.0
Blue,江子翠,2022-11-30,51939.0
Blue,龍山寺,2022-11-30,48343.0
Blue,西門,2022-11-30,61148.0
Blue,善導寺,2022-11-30,48137.0
Blue,忠孝新生,2022-11-30,35331.5
Blue,忠孝敦化,2022-11-30,61829.0
Blue,國父紀念館,2022-11-30,37949.0
Blue,市政府,2022-11-30,116216.0
Blue,永春,2022-11-30,40122.0
Blue,後山埤,2022-11-30,30664.0
Blue,昆陽,2022-11-30,27992.0
Blue,南港,2022-11-30,39818.0
Blue,忠孝復興,2022-11-30,47599.0
Blue,南港展覽館,2022-11-30,33891.5
Blue,台北車站,2022-12-01,110833.0
Blue,頂埔,2022-12-01,18119.0
Blue,永寧,2022-12-01,25310.0
Blue,土城,2022-12-01,15611.0
Blue,海山,2022-12-01,44142.0
Blue,亞東醫院,2022-12-01,48764.0
Blue,府中,2022-12-01,52737.0
Blue,板橋,2022-12-01,91823.0
Blue,新埔,2022-12-01,75834.0
Blue,江子翠,2022-12-01,51889.0
Blue,龍山寺,2022-12-01,48182.0
Blue,西門,2022-12-01,60585.0
Blue,善導寺,2022-12-01,49059.0
Blue,忠孝新生,2022-12-01,38697.5
Blue,忠孝敦化,2022-12-01,62838.0
Blue,國父紀念館,2022-12-01,38530.0
Blue,市政府,2022-12-01,118884.0
Blue,永春,2022-12-01,40924.0
Blue,後山埤,2022-12-01,30961.0
Blue,昆陽,2022-12-01,29551.0
Blue,南港,2022-12-01,44315.0
Blue,忠孝復興,2022-12-01,47232.5
Blue,南港展覽館,2022-12-01,44700.5
Blue,台北車站,2022-12-02,142361.5
Blue,頂埔,2022-12-02,19276.0
Blue,永寧,2022-12-02,27646.0
Blue,土城,2022-12-02,16892.0
Blue,海山,2022-12-02,46282.0
Blue,亞東醫院,2022-12-02,49510.0
Blue,府中,2022-12-02,58343.0
Blue,板橋,2022-12-02,115802.0
Blue,新埔,2022-12-02,79221.0
Blue,江子翠,2022-12-02,54929.0
Blue,龍山寺,2022-12-02,52271.0
Blue,西門,2022-12-02,76588.0
Blue,善導寺,2022-12-02,49729.0
Blue,忠孝新生,2022-12-02,43280.5
Blue,忠孝敦化,2022-12-02,72261.0
Blue,國父紀念館,2022-12-02,44655.0
Blue,市政府,2022-12-02,137885.0
Blue,永春,2022-12-02,43222.0
Blue,後山埤,2022-12-02,32584.0
Blue,昆陽,2022-12-02,29128.0
Blue,南港,2022-12-02,50403.0
Blue,忠孝復興,2022-12-02,54288.0
Blue,南港展覽館,2022-12-02,50120.0
Blue,台北車站,2022-12-03,152518.0
Blue,頂埔,2022-12-03,13495.0
Blue,永寧,2022-12-03,22559.0
Blue,土城,2022-12-03,14129.0
Blue,海山,2022-12-03,36604.0
Blue,亞東醫院,2022-12-03,34074.0
Blue,府中,2022-12-03,59411.0
Blue,板橋,2022-12-03,159620.0
Blue,新埔,2022-12-03,62084.0
Blue,江子翠,2022-12-03,45350.0
Blue,龍山寺,2022-12-03,53517.0
Blue,西門,2022-12-03,97181.5
Blue,善導寺,2022-12-03,33320.0
Blue,忠孝新生,2022-12-03,42606.0
Blue,忠孝敦化,2022-12-03,64056.0
Blue,國父紀念館,2022-12-03,37755.0
Blue,市政府,2022-12-03,131026.0
Blue,永春,2022-12-03,31179.0
Blue,後山埤,2022-12-03,27431.0
Blue,昆陽,2022-12-03,19192.0
Blue,南港,2022-12-03,41015.0
Blue,忠孝復興,2022-12-03,53027.0
Blue,南港展覽館,2022-12-03,39692.0
Blue,台北車站,2022-12-04,133090.5
Blue,頂埔,2022-12-04,10874.0
Blue,永寧,2022-12-04,18213.0
Blue,土城,2022-12-04,10416.0
Blue,海山,2022-12-04,29304.0
Blue,亞東醫院,2022-12-04,25012.0
Blue,府中,2022-12-04,43616.0
Blue,板橋,2022-12-04,112388.0
Blue,新埔,2022-12-04,50452.0
Blue,江子翠,2022-12-04,35058.0
Blue,龍山寺,2022-12-04,43400.0
Blue,西門,2022-12-04,75871.5
Blue,善導寺,2022-12-04,25954.0
Blue,忠孝新生,2022-12-04,33928.5
Blue,忠孝敦化,2022-12-04,44418.0
Blue,國父紀念館,2022-12-04,29269.0
Blue,市政府,2022-12-04,104751.0
Blue,永春,2022-12-04,24188.0
Blue,後山埤,2022-12-04,22898.0
Blue,昆陽,2022-12-04,13929.0
Blue,南港,2022-12-04,32989.0
Blue,忠孝復興,2022-12-04,40177.5
Blue,南港展覽館,2022-12-04,29083.5
Blue,台北車站,2022-12-05,112074.5
Blue,頂埔,2022-12-05,17548.0
Blue,永寧,2022-12-05,24515.0
Blue,土城,2022-12-05,15284.0
Blue,海山,2022-12-05,43271.0
Blue,亞東醫院,2022-12-05,46662.0
Blue,府中,2022-12-05,51622.0
Blue,板橋,2022-12-05,95491.0
Blue,新埔,2022-12-05,72730.0
Blue,江子翠,2022-12-05,50092.0
Blue,龍山寺,2022-12-05,47990.0
Blue,西門,2022-12-05,61145.5
Blue,善導寺,2022-12-05,44475.0
Blue,忠孝新生,2022-12-05,35056.0
Blue,忠孝敦化,2022-12-05,59529.0
Blue,國父紀念館,2022-12-05,34920.0
Blue,市政府,2022-12-05,111945.0
Blue,永春,2022-12-05,37697.0
Blue,後山埤,2022-12-05,29642.0
Blue,昆陽,2022-12-05,27128.0
Blue,南港,2022-12-05,38489.0
Blue,忠孝復興,2022-12-05,43745.5
Blue,南港展覽館,2022-12-05,32882.5
Blue,台北車站,2022-12-06,107302.5
Blue,頂埔,2022-12-06,18022.0
Blue,永寧,2022-12-06,25156.0
Blue,土城,2022-12-06,15698.0
Blue,海山,2022-12-06,44098.0
Blue,亞東醫院,2022-12-06,48827.0
Blue,府中,2022-12-06,52958.0
Blue,板橋,2022-12-06,93413.0
Blue,新埔,2022-12-06,75791.0
Blue,江子翠,2022-12-06,52485.0
Blue,龍山寺,2022-12-06,48925.0
Blue,西門,2022-12-06,61487.0
Blue,善導寺,2022-12-06,47304.0
Blue,忠孝新生,2022-12-06,34706.0
Blue,忠孝敦化,2022-12-06,62002.0
Blue,國父紀念館,2022-12-06,36701.0
Blue,市政府,2022-12-06,113901.0
Blue,永春,2022-12-06,40408.0
Blue,後山埤,2022-12-06,30328.0
Blue,昆陽,2022-12-06,27682.0
Blue,南港,2022-12-06,38239.0
Blue,忠孝復興,2022-12-06,46032.0
Blue,南港展覽館,2022-12-06,33805.0
Blue,台北車站,2022-12-07,110156.5
Blue,頂埔,2022-12-07,18358.0
Blue,永寧,2022-12-07,25397.0
Blue,土城,2022-12-07,16115.0
Blue,海山,2022-12-07,44383.0
Blue,亞東醫院,2022-12-07,49349.0
Blue,府中,2022-12-07,54026.0
Blue,板橋,2022-12-07,93994.0
Blue,新埔,2022-12-07,76655.0
Blue,江子翠,2022-12-07,53173.0
Blue,龍山寺,2022-12-07,48804.0
Blue,西門,2022-12-07,62747.0
Blue,善導寺,2022-12-07,48985.0
Blue,忠孝新生,2022-12-07,35897.0
Blue,忠孝敦化,2022-12-07,64389.0
Blue,國父紀念館,2022-12-07,40178.0
Blue,市政府,2022-12-07,118317.0
Blue,永春,2022-12-07,40998.0
Blue,後山埤,2022-12-07,31456.0
Blue,昆陽,2022-12-07,28072.0
Blue,南港,2022-12-07,40020.0
Blue,忠孝復興,2022-12-07,47396.5
Blue,南港展覽館,2022-12-07,34821.0
Blue,台北車站,2022-12-08,113789.5
Blue,頂埔,2022-12-08,18348.0
Blue,永寧,2022-12-08,25461.0
Blue,土城,2022-12-08,15780.0
Blue,海山,2022-12-08,45050.0
Blue,亞東醫院,2022-12-08,48547.0
Blue,府中,2022-12-08,54082.0
Blue,板橋,2022-12-08,97197.0
Blue,新埔,2022-12-08,76273.0
Blue,江子翠,2022-12-08,52535.0
Blue,龍山寺,2022-12-08,51121.0
Blue,西門,2022-12-08,63496.5
Blue,善導寺,2022-12-08,48520.0
Blue,忠孝新生,2022-12-08,36733.0
Blue,忠孝敦化,2022-12-08,65303.0
Blue,國父紀念館,2022-12-08,39094.0
Blue,市政府,2022-12-08,120680.0
Blue,永春,2022-12-08,40945.0
Blue,後山埤,2022-12-08,31253.0
Blue,昆陽,2022-12-08,29070.0
Blue,南港,2022-12-08,44298.0
Blue,忠孝復興,2022-12-08,49637.0
Blue,南港展覽館,2022-12-08,43552.5
Blue,台北車站,2022-12-09,150684.5
Blue,頂埔,2022-12-09,19478.0
Blue,永寧,2022-12-09,28561.0
Blue,土城,2022-12-09,16694.0
Blue,海山,2022-12-09,46693.0
Blue,亞東醫院,2022-12-09,50397.0
Blue,府中,2022-12-09,60416.0
Blue,板橋,2022-12-09,120123.0
Blue,新埔,2022-12-09,81414.0
Blue,江子翠,2022-12-09,55472.0
Blue,龍山寺,2022-12-09,53083.0
Blue,西門,2022-12-09,79090.5
Blue,善導寺,2022-12-09,51656.0
Blue,忠孝新生,2022-12-09,42000.5
Blue,忠孝敦化,2022-12-09,75814.0
Blue,國父紀念館,2022-12-09,44488.0
Blue,市政府,2022-12-09,143679.0
Blue,永春,2022-12-09,44132.0
Blue,後山埤,2022-12-09,34240.0
Blue,昆陽,2022-12-09,30262.0
Blue,南港,2022-12-09,52062.0
Blue,忠孝復興,2022-12-09,57655.0
Blue,南港展覽館,2022-12-09,46639.5
Blue,台北車站,2022-12-10,160503.0
Blue,頂埔,2022-12-10,13038.0
Blue,永寧,2022-12-10,23182.0
Blue,土城,2022-12-10,13848.0
Blue,海山,2022-12-10,35954.0
Blue,亞東醫院,2022-12-10,34165.0
Blue,府中,2022-12-10,62786.0
Blue,板橋,2022-12-10,180770.0
Blue,新埔,2022-12-10,63890.0
Blue,江子翠,2022-12-10,48071.0
Blue,龍山寺,2022-12-10,54134.0
Blue,西門,2022-12-10,107102.0
Blue,善導寺,2022-12-10,32657.0
Blue,忠孝新生,2022-12-10,39405.5
Blue,忠孝敦化,2022-12-10,67922.0
Blue,國父紀念館,2022-12-10,42458.0
Blue,市政府,2022-12-10,142518.0
Blue,永春,2022-12-10,33873.0
Blue,後山埤,2022-12-10,28585.0
Blue,昆陽,2022-12-10,21147.0
Blue,南港,2022-12-10,43887.0
Blue,忠孝復興,2022-12-10,58121.5
Blue,南港展覽館,2022-12-10,39395.0
Blue,台北車站,2022-12-11,145144.0
Blue,頂埔,2022-12-11,11417.0
Blue,永寧,2022-12-11,17925.0
Blue,土城,2022-12-11,11114.0
Blue,海山,2022-12-11,28802.0
Blue,亞東醫院,2022-12-11,25387.0
Blue,府中,2022-12-11,47870.0
Blue,板橋,2022-12-11,126914.0
Blue,新埔,2022-12-11,51072.0
Blue,江子翠,2022-12-11,37032.0
Blue,龍山寺,2022-12-11,42885.0
Blue,西門,2022-12-11,84560.0
Blue,善導寺,2022-12-11,26658.0
Blue,忠孝新生,2022-12-11,31426.5
Blue,忠孝敦化,2022-12-11,48734.0
Blue,國父紀念館,2022-12-11,29826.0
Blue,市政府,2022-12-11,115337.0
Blue,永春,2022-12-11,26236.0
Blue,後山埤,2022-12-11,22635.0
Blue,昆陽,2022-12-11,15051.0
Blue,南港,2022-12-11,38890.0
Blue,忠孝復興,2022-12-11,44213.0
Blue,南港展覽館,2022-12-11,29839.0
Blue,台北車站,2022-12-12,119932.0
Blue,頂埔,2022-12-12,18177.0
Blue,永寧,2022-12-12,25110.0
Blue,土城,2022-12-12,15698.0
Blue,海山,2022-12-12,43858.0
Blue,亞東醫院,2022-12-12,47820.0
Blue,府中,2022-12-12,53175.0
Blue,板橋,2022-12-12,99960.0
Blue,新埔,2022-12-12,74437.0
Blue,江子翠,2022-12-12,51085.0
Blue,龍山寺,2022-12-12,48983.0
Blue,西門,2022-12-12,66247.5
Blue,善導寺,2022-12-12,45768.0
Blue,忠孝新生,2022-12-12,35818.0
Blue,忠孝敦化,2022-12-12,61428.0
Blue,國父紀念館,2022-12-12,36391.0
Blue,市政府,2022-12-12,118472.0
Blue,永春,2022-12-12,39796.0
Blue,後山埤,2022-12-12,30359.0
Blue,昆陽,2022-12-12,27942.0
Blue,南港,2022-12-12,39671.0
Blue,忠孝復興,2022-12-12,46537.0
Blue,南港展覽館,2022-12-12,31741.5
Blue,台北車站,2022-12-13,113616.5
Blue,頂埔,2022-12-13,18227.0
Blue,永寧,2022-12-13,25444.0
Blue,土城,2022-12-13,15561.0
Blue,海山,2022-12-13,44575.0
Blue,亞東醫院,2022-12-13,49174.0
Blue,府中,2022-12-13,53454.0
Blue,板橋,2022-12-13,96425.0
Blue,新埔,2022-12-13,76460.0
Blue,江子翠,2022-12-13,52186.0
Blue,龍山寺,2022-12-13,48580.0
Blue,西門,2022-12-13,63835.0
Blue,善導寺,2022-12-13,49192.0
Blue,忠孝新生,2022-12-13,35411.0
Blue,忠孝敦化,2022-12-13,64792.0
Blue,國父紀念館,2022-12-13,37036.0
Blue,市政府,2022-12-13,120785.0
Blue,永春,2022-12-13,41963.0
Blue,後山埤,2022-12-13,31120.0
Blue,昆陽,2022-12-13,28185.0
Blue,南港,2022-12-13,39906.0
Blue,忠孝復興,2022-12-13,49334.5
Blue,南港展覽館,2022-12-13,32410.5
Blue,台北車站,2022-12-14,115978.0
Blue,頂埔,2022-12-14,18085.0
Blue,永寧,2022-12-14,25699.0
Blue,土城,2022-12-14,16290.0
Blue,海山,2022-12-14,44717.0
Blue,亞東醫院,2022-12-14,50182.0
Blue,府中,2022-12-14,54313.0
Blue,板橋,2022-12-14,98415.0
Blue,新埔,2022-12-14,77609.0
Blue,江子翠,2022-12-14,53643.0
Blue,龍山寺,2022-12-14,50745.0
Blue,西門,2022-12-14,67166.5
Blue,善導寺,2022-12-14,50344.0
Blue,忠孝新生,2022-12-14,37696.0
Blue,忠孝敦化,2022-12-14,67406.0
Blue,國父紀念館,2022-12-14,38713.0
Blue,市政府,2022-12-14,124564.0
Blue,永春,2022-12-14,42944.0
Blue,後山埤,2022-12-14,31475.0
Blue,昆陽,2022-12-14,28581.0
Blue,南港,2022-12-14,40402.0
Blue,忠孝復興,2022-12-14,50756.5
Blue,南港展覽館,2022-12-14,32692.0
Blue,台北車站,2022-12-15,119228.0
Blue,頂埔,2022-12-15,18417.0
Blue,永寧,2022-12-15,25663.0
Blue,土城,2022-12-15,15926.0
Blue,海山,2022-12-15,45029.0
Blue,亞東醫院,2022-12-15,49434.0
Blue,府中,2022-12-15,54443.0
Blue,板橋,2022-12-15,100650.0
Blue,新埔,2022-12-15,77436.0
Blue,江子翠,2022-12-15,52741.0
Blue,龍山寺,2022-12-15,50305.0
Blue,西門,2022-12-15,67808.0
Blue,善導寺,2022-12-15,50224.0
Blue,忠孝新生,2022-12-15,37285.5
Blue,忠孝敦化,2022-12-15,69402.0
Blue,國父紀念館,2022-12-15,39400.0
Blue,市政府,2022-12-15,125009.0
Blue,永春,2022-12-15,41579.0
Blue,後山埤,2022-12-15,30899.0
Blue,昆陽,2022-12-15,29700.0
Blue,南港,2022-12-15,41346.0
Blue,忠孝復興,2022-12-15,50595.5
Blue,南港展覽館,2022-12-15,32301.5
Blue,台北車站,2022-12-16,155119.0
Blue,頂埔,2022-12-16,19412.0
Blue,永寧,2022-12-16,28394.0
Blue,土城,2022-12-16,17096.0
Blue,海山,2022-12-16,47267.0
Blue,亞東醫院,2022-12-16,50444.0
Blue,府中,2022-12-16,60345.0
Blue,板橋,2022-12-16,121632.0
Blue,新埔,2022-12-16,82397.0
Blue,江子翠,2022-12-16,57016.0
Blue,龍山寺,2022-12-16,55259.0
Blue,西門,2022-12-16,83882.5
Blue,善導寺,2022-12-16,52689.0
Blue,忠孝新生,2022-12-16,44195.0
Blue,忠孝敦化,2022-12-16,78980.0
Blue,國父紀念館,2022-12-16,46478.0
Blue,市政府,2022-12-16,149759.0
Blue,永春,2022-12-16,45615.0
Blue,後山埤,2022-12-16,33863.0
Blue,昆陽,2022-12-16,30560.0
Blue,南港,2022-12-16,50071.0
Blue,忠孝復興,2022-12-16,60762.5
Blue,南港展覽館,2022-12-16,36978.0
Blue,台北車站,2022-12-17,169491.5
Blue,頂埔,2022-12-17,12051.0
Blue,永寧,2022-12-17,20129.0
Blue,土城,2022-12-17,12909.0
Blue,海山,2022-12-17,34118.0
Blue,亞東醫院,2022-12-17,32722.0
Blue,府中,2022-12-17,57636.0
Blue,板橋,2022-12-17,151665.0
Blue,新埔,2022-12-17,61577.0
Blue,江子翠,2022-12-17,43833.0
Blue,龍山寺,2022-12-17,51163.0
Blue,西門,2022-12-17,105149.5
Blue,善導寺,2022-12-17,38708.0
Blue,忠孝新生,2022-12-17,42075.0
Blue,忠孝敦化,2022-12-17,69196.0
Blue,國父紀念館,2022-12-17,38834.0
Blue,市政府,2022-12-17,136226.0
Blue,永春,2022-12-17,32345.0
Blue,後山埤,2022-12-17,27187.0
Blue,昆陽,2022-12-17,20129.0
Blue,南港,2022-12-17,41386.0
Blue,忠孝復興,2022-12-17,60415.5
Blue,南港展覽館,2022-12-17,25835.5
Blue,台北車站,2022-12-18,161046.0
Blue,頂埔,2022-12-18,11566.0
Blue,永寧,2022-12-18,18524.0
Blue,土城,2022-12-18,11492.0
Blue,海山,2022-12-18,30303.0
Blue,亞東醫院,2022-12-18,26490.0
Blue,府中,2022-12-18,49447.0
Blue,板橋,2022-12-18,131414.0
Blue,新埔,2022-12-18,54183.0
Blue,江子翠,2022-12-18,38418.0
Blue,龍山寺,2022-12-18,49240.0
Blue,西門,2022-12-18,94378.5
Blue,善導寺,2022-12-18,29485.0
Blue,忠孝新生,2022-12-18,35673.5
Blue,忠孝敦化,2022-12-18,53260.0
Blue,國父紀念館,2022-12-18,30933.0
Blue,市政府,2022-12-18,125675.0
Blue,永春,2022-12-18,27046.0
Blue,後山埤,2022-12-18,23797.0
Blue,昆陽,2022-12-18,15220.0
Blue,南港,2022-12-18,36399.0
Blue,忠孝復興,2022-12-18,48640.0
Blue,南港展覽館,2022-12-18,18633.5
Blue,台北車站,2022-12-19,114717.0
Blue,頂埔,2022-12-19,18124.0
Blue,永寧,2022-12-19,25059.0
Blue,土城,2022-12-19,15885.0
Blue,海山,2022-12-19,43274.0
Blue,亞東醫院,2022-12-19,46890.0
Blue,府中,2022-12-19,53223.0
Blue,板橋,2022-12-19,102244.0
Blue,新埔,2022-12-19,74010.0
Blue,江子翠,2022-12-19,50704.0
Blue,龍山寺,2022-12-19,50735.0
Blue,西門,2022-12-19,66687.0
Blue,善導寺,2022-12-19,44752.0
Blue,忠孝新生,2022-12-19,35818.0
Blue,忠孝敦化,2022-12-19,61389.0
Blue,國父紀念館,2022-12-19,35985.0
Blue,市政府,2022-12-19,119870.0
Blue,永春,2022-12-19,39202.0
Blue,後山埤,2022-12-19,30345.0
Blue,昆陽,2022-12-19,27876.0
Blue,南港,2022-12-19,38055.0
Blue,忠孝復興,2022-12-19,47337.0
Blue,南港展覽館,2022-12-19,31532.5
Blue,台北車站,2022-12-20,111710.5
Blue,頂埔,2022-12-20,18630.0
Blue,永寧,2022-12-20,26444.0
Blue,土城,2022-12-20,16147.0
Blue,海山,2022-12-20,44599.0
Blue,亞東醫院,2022-12-20,49618.0
Blue,府中,2022-12-20,55129.0
Blue,板橋,2022-12-20,101448.0
Blue,新埔,2022-12-20,77091.0
Blue,江子翠,2022-12-20,53075.0
Blue,龍山寺,2022-12-20,52205.0
Blue,西門,2022-12-20,66363.0
Blue,善導寺,2022-12-20,47728.0
Blue,忠孝新生,2022-12-20,36052.0
Blue,忠孝敦化,2022-12-20,65227.0
Blue,國父紀念館,2022-12-20,37572.0
Blue,市政府,2022-12-20,121216.0
Blue,永春,2022-12-20,41219.0
Blue,後山埤,2022-12-20,31207.0
Blue,昆陽,2022-12-20,28219.0
Blue,南港,2022-12-20,38694.0
Blue,忠孝復興,2022-12-20,48850.5
Blue,南港展覽館,2022-12-20,32893.5
Blue,台北車站,2022-12-21,113087.0
Blue,頂埔,2022-12-21,18388.0
Blue,永寧,2022-12-21,25459.0
Blue,土城,2022-12-21,16010.0
Blue,海山,2022-12-21,44606.0
Blue,亞東醫院,2022-12-21,49104.0
Blue,府中,2022-12-21,54065.0
Blue,板橋,2022-12-21,99573.0
Blue,新埔,2022-12-21,76748.0
Blue,江子翠,2022-12-21,53132.0
Blue,龍山寺,2022-12-21,51655.0
Blue,西門,2022-12-21,66701.5
Blue,善導寺,2022-12-21,49643.0
Blue,忠孝新生,2022-12-21,37194.0
Blue,忠孝敦化,2022-12-21,66397.0
Blue,國父紀念館,2022-12-21,39545.0
Blue,市政府,2022-12-21,122327.0
Blue,永春,2022-12-21,41803.0
Blue,後山埤,2022-12-21,31145.0
Blue,昆陽,2022-12-21,28359.0
Blue,南港,2022-12-21,39246.0
Blue,忠孝復興,2022-12-21,50691.0
Blue,南港展覽館,2022-12-21,32671.0
Blue,台北車站,2022-12-22,115484.0
Blue,頂埔,2022-12-22,18708.0
Blue,永寧,2022-12-22,26123.0
Blue,土城,2022-12-22,15817.0
Blue,海山,2022-12-22,45124.0
Blue,亞東醫院,2022-12-22,48724.0
Blue,府中,2022-12-22,55153.0
Blue,板橋,2022-12-22,103151.0
Blue,新埔,2022-12-22,76252.0
Blue,江子翠,2022-12-22,52873.0
Blue,龍山寺,2022-12-22,52740.0
Blue,西門,2022-12-22,68938.0
Blue,善導寺,2022-12-22,49719.0
Blue,忠孝新生,2022-12-22,37823.0
Blue,忠孝敦化,2022-12-22,67773.0
Blue,國父紀念館,2022-12-22,39974.0
Blue,市政府,2022-12-22,125809.0
Blue,永春,2022-12-22,41703.0
Blue,後山埤,2022-12-22,31901.0
Blue,昆陽,2022-12-22,29178.0
Blue,南港,2022-12-22,40922.0
Blue,忠孝復興,2022-12-22,51446.0
Blue,南港展覽館,2022-12-22,35871.5
Blue,台北車站,2022-12-23,148744.0
Blue,頂埔,2022-12-23,20026.0
Blue,永寧,2022-12-23,28943.0
Blue,土城,2022-12-23,17470.0
Blue,海山,2022-12-23,47443.0
Blue,亞東醫院,2022-12-23,50686.0
Blue,府中,2022-12-23,62702.0
Blue,板橋,2022-12-23,132130.0
Blue,新埔,2022-12-23,81888.0
Blue,江子翠,2022-12-23,57344.0
Blue,龍山寺,2022-12-23,57637.0
Blue,西門,2022-12-23,86100.0
Blue,善導寺,2022-12-23,51949.0
Blue,忠孝新生,2022-12-23,43365.5
Blue,忠孝敦化,2022-12-23,78526.0
Blue,國父紀念館,2022-12-23,45875.0
Blue,市政府,2022-12-23,150945.0
Blue,永春,2022-12-23,45018.0
Blue,後山埤,2022-12-23,34176.0
Blue,昆陽,2022-12-23,30066.0
Blue,南港,2022-12-23,47563.0
Blue,忠孝復興,2022-12-23,62461.5
Blue,南港展覽館,2022-12-23,36784.5
Blue,台北車站,2022-12-24,152201.0
Blue,頂埔,2022-12-24,13998.0
Blue,永寧,2022-12-24,24023.0
Blue,土城,2022-12-24,14460.0
Blue,海山,2022-12-24,36896.0
Blue,亞東醫院,2022-12-24,34583.0
Blue,府中,2022-12-24,63951.0
Blue,板橋,2022-12-24,191536.0
Blue,新埔,2022-12-24,64263.0
Blue,江子翠,2022-12-24,47043.0
Blue,龍山寺,2022-12-24,56823.0
Blue,西門,2022-12-24,109670.0
Blue,善導寺,2022-12-24,32646.0
Blue,忠孝新生,2022-12-24,39916.0
Blue,忠孝敦化,2022-12-24,72036.0
Blue,國父紀念館,2022-12-24,40965.0
Blue,市政府,2022-12-24,162869.0
Blue,永春,2022-12-24,31708.0
Blue,後山埤,2022-12-24,29101.0
Blue,昆陽,2022-12-24,18688.0
Blue,南港,2022-12-24,39857.0
Blue,忠孝復興,2022-12-24,63118.5
Blue,南港展覽館,2022-12-24,27941.5
Blue,台北車站,2022-12-25,140487.5
Blue,頂埔,2022-12-25,11838.0
Blue,永寧,2022-12-25,19253.0
Blue,土城,2022-12-25,11308.0
Blue,海山,2022-12-25,29851.0
Blue,亞東醫院,2022-12-25,25804.0
Blue,府中,2022-12-25,49867.0
Blue,板橋,2022-12-25,146804.0
Blue,新埔,2022-12-25,52348.0
Blue,江子翠,2022-12-25,37886.0
Blue,龍山寺,2022-12-25,48226.0
Blue,西門,2022-12-25,91636.5
Blue,善導寺,2022-12-25,25821.0
Blue,忠孝新生,2022-12-25,33906.5
Blue,忠孝敦化,2022-12-25,53585.0
Blue,國父紀念館,2022-12-25,33549.0
Blue,市政府,2022-12-25,134773.0
Blue,永春,2022-12-25,26290.0
Blue,後山埤,2022-12-25,23923.0
Blue,昆陽,2022-12-25,14987.0
Blue,南港,2022-12-25,35343.0
Blue,忠孝復興,2022-12-25,48586.5
Blue,南港展覽館,2022-12-25,20290.5
Blue,台北車站,2022-12-26,116283.5
Blue,頂埔,2022-12-26,17823.0
Blue,永寧,2022-12-26,25331.0
Blue,土城,2022-12-26,15827.0
Blue,海山,2022-12-26,43479.0
Blue,亞東醫院,2022-12-26,47151.0
Blue,府中,2022-12-26,52466.0
Blue,板橋,2022-12-26,99534.0
Blue,新埔,2022-12-26,73162.0
Blue,江子翠,2022-12-26,50606.0
Blue,龍山寺,2022-12-26,51627.0
Blue,西門,2022-12-26,66673.5
Blue,善導寺,2022-12-26,45237.0
Blue,忠孝新生,2022-12-26,36476.0
Blue,忠孝敦化,2022-12-26,61875.0
Blue,國父紀念館,2022-12-26,36491.0
Blue,市政府,2022-12-26,117197.0
Blue,永春,2022-12-26,39201.0
Blue,後山埤,2022-12-26,30312.0
Blue,昆陽,2022-12-26,27121.0
Blue,南港,2022-12-26,38905.0
Blue,忠孝復興,2022-12-26,48013.5
Blue,南港展覽館,2022-12-26,32373.5
Blue,台北車站,2022-12-27,110775.5
Blue,頂埔,2022-12-27,18385.0
Blue,永寧,2022-12-27,25866.0
Blue,土城,2022-12-27,15920.0
Blue,海山,2022-12-27,44503.0
Blue,亞東醫院,2022-12-27,48575.0
Blue,府中,2022-12-27,53787.0
Blue,板橋,2022-12-27,95571.0
Blue,新埔,2022-12-27,75696.0
Blue,江子翠,2022-12-27,51936.0
Blue,龍山寺,2022-12-27,50713.0
Blue,西門,2022-12-27,65447.0
Blue,善導寺,2022-12-27,48078.0
Blue,忠孝新生,2022-12-27,37154.5
Blue,忠孝敦化,2022-12-27,65547.0
Blue,國父紀念館,2022-12-27,38164.0
Blue,市政府,2022-12-27,117855.0
Blue,永春,2022-12-27,40560.0
Blue,後山埤,2022-12-27,30664.0
Blue,昆陽,2022-12-27,28137.0
Blue,南港,2022-12-27,38725.0
Blue,忠孝復興,2022-12-27,49561.5
Blue,南港展覽館,2022-12-27,31993.5
Blue,台北車站,2022-12-28,112746.5
Blue,頂埔,2022-12-28,18286.0
Blue,永寧,2022-12-28,25346.0
Blue,土城,2022-12-28,15959.0
Blue,海山,2022-12-28,44278.0
Blue,亞東醫院,2022-12-28,48021.0
Blue,府中,2022-12-28,54396.0
Blue,板橋,2022-12-28,95971.0
Blue,新埔,2022-12-28,76002.0
Blue,江子翠,2022-12-28,52628.0
Blue,龍山寺,2022-12-28,52124.0
Blue,西門,2022-12-28,67986.5
Blue,善導寺,2022-12-28,48997.0
Blue,忠孝新生,2022-12-28,38259.0
Blue,忠孝敦化,2022-12-28,67966.0
Blue,國父紀念館,2022-12-28,39839.0
Blue,市政府,2022-12-28,120302.0
Blue,永春,2022-12-28,41823.0
Blue,後山埤,2022-12-28,31601.0
Blue,昆陽,2022-12-28,28383.0
Blue,南港,2022-12-28,39873.0
Blue,忠孝復興,2022-12-28,51543.5
Blue,南港展覽館,2022-12-28,32972.0
Blue,台北車站,2022-12-29,120815.5
Blue,頂埔,2022-12-29,18412.0
Blue,永寧,2022-12-29,25913.0
Blue,土城,2022-12-29,15918.0
Blue,海山,2022-12-29,44794.0
Blue,亞東醫院,2022-12-29,48616.0
Blue,府中,2022-12-29,54720.0
Blue,板橋,2022-12-29,98924.0
Blue,新埔,2022-12-29,76833.0
Blue,江子翠,2022-12-29,52791.0
Blue,龍山寺,2022-12-29,51778.0
Blue,西門,2022-12-29,71008.5
Blue,善導寺,2022-12-29,50264.0
Blue,忠孝新生,2022-12-29,40400.5
Blue,忠孝敦化,2022-12-29,69511.0
Blue,國父紀念館,2022-12-29,40841.0
Blue,市政府,2022-12-29,126856.0
Blue,永春,2022-12-29,42708.0
Blue,後山埤,2022-12-29,31544.0
Blue,昆陽,2022-12-29,29648.0
Blue,南港,2022-12-29,42356.0
Blue,忠孝復興,2022-12-29,53506.0
Blue,南港展覽館,2022-12-29,34252.5
Blue,台北車站,2022-12-30,146100.5
Blue,頂埔,2022-12-30,19567.0
Blue,永寧,2022-12-30,28358.0
Blue,土城,2022-12-30,16840.0
Blue,海山,2022-12-30,46724.0
Blue,亞東醫院,2022-12-30,49076.0
Blue,府中,2022-12-30,59617.0
Blue,板橋,2022-12-30,121268.0
Blue,新埔,2022-12-30,80372.0
Blue,江子翠,2022-12-30,55261.0
Blue,龍山寺,2022-12-30,56391.0
Blue,西門,2022-12-30,85716.5
Blue,善導寺,2022-12-30,44445.0
Blue,忠孝新生,2022-12-30,45552.5
Blue,忠孝敦化,2022-12-30,78691.0
Blue,國父紀念館,2022-12-30,44921.0
Blue,市政府,2022-12-30,143509.0
Blue,永春,2022-12-30,45333.0
Blue,後山埤,2022-12-30,33928.0
Blue,昆陽,2022-12-30,32001.0
Blue,南港,2022-12-30,49555.0
Blue,忠孝復興,2022-12-30,60924.0
Blue,南港展覽館,2022-12-30,34684.0
Blue,台北車站,2022-12-31,165730.0
Blue,頂埔,2022-12-31,14654.0
Blue,永寧,2022-12-31,21415.0
Blue,土城,2022-12-31,13004.0
Blue,海山,2022-12-31,33982.0
Blue,亞東醫院,2022-12-31,31285.0
Blue,府中,2022-12-31,56801.0
Blue,板橋,2022-12-31,126330.0
Blue,新埔,2022-12-31,59097.0
Blue,江子翠,2022-12-31,42097.0
Blue,龍山寺,2022-12-31,53766.0
Blue,西門,2022-12-31,116800.0
Blue,善導寺,2022-12-31,31115.0
Blue,忠孝新生,2022-12-31,45573.0
Blue,忠孝敦化,2022-12-31,78413.0
Blue,國父紀念館,2022-12-31,75223.0
Blue,市政府,2022-12-31,202108.0
Blue,永春,2022-12-31,41905.0
Blue,後山埤,2022-12-31,29563.0
Blue,昆陽,2022-12-31,17318.0
Blue,南港,2022-12-31,42927.0
Blue,忠孝復興,2022-12-31,62898.0
Blue,南港展覽館,2022-12-31,22919.0
Blue,台北車站,2023-01-01,7193.5
Blue,頂埔,2023-01-01,1289.0
Blue,永寧,2023-01-01,1049.0
Blue,土城,2023-01-01,726.0
Blue,海山,2023-01-01,1939.0
Blue,亞東醫院,2023-01-01,1767.0
Blue,府中,2023-01-01,3188.0
Blue,板橋,2023-01-01,4787.0
Blue,新埔,2023-01-01,2458.0
Blue,江子翠,2023-01-01,2093.0
Blue,龍山寺,2023-01-01,2160.0
Blue,西門,2023-01-01,6417.0
Blue,善導寺,2023-01-01,1714.0
Blue,忠孝新生,2023-01-01,1372.5
Blue,忠孝敦化,2023-01-01,6623.0
Blue,國父紀念館,2023-01-01,5426.0
Blue,市政府,2023-01-01,16460.0
Blue,永春,2023-01-01,3150.0
Blue,後山埤,2023-01-01,1411.0
Blue,昆陽,2023-01-01,902.0
Blue,南港,2023-01-01,1224.0
Blue,忠孝復興,2023-01-01,3209.5
Blue,南港展覽館,2023-01-01,1696.0
