line,station,date,people
Blue,台北車站,2019-01-01,168659.5
Blue,頂埔,2019-01-01,11797.0
Blue,永寧,2019-01-01,18959.0
Blue,土城,2019-01-01,10115.0
Blue,海山,2019-01-01,28565.0
Blue,亞東醫院,2019-01-01,25121.0
Blue,府中,2019-01-01,44513.0
Blue,板橋,2019-01-01,84623.0
Blue,新埔,2019-01-01,51994.0
Blue,江子翠,2019-01-01,33377.0
Blue,龍山寺,2019-01-01,66429.0
Blue,西門,2019-01-01,97184.0
Blue,善導寺,2019-01-01,23443.0
Blue,忠孝新生,2019-01-01,31254.5
Blue,忠孝敦化,2019-01-01,52009.0
Blue,國父紀念館,2019-01-01,33523.0
Blue,市政府,2019-01-01,104636.0
Blue,永春,2019-01-01,25512.0
Blue,後山埤,2019-01-01,24108.0
Blue,昆陽,2019-01-01,15235.0
Blue,南港,2019-01-01,31096.0
Blue,忠孝復興,2019-01-01,52284.0
Blue,南港展覽館,2019-01-01,20584.0
Blue,台北車站,2019-01-02,143337.5
Blue,頂埔,2019-01-02,16848.0
Blue,永寧,2019-01-02,26873.0
Blue,土城,2019-01-02,14678.0
Blue,海山,2019-01-02,45328.0
Blue,亞東醫院,2019-01-02,51422.0
Blue,府中,2019-01-02,59460.0
Blue,板橋,2019-01-02,81358.0
Blue,新埔,2019-01-02,86134.0
Blue,江子翠,2019-01-02,53240.0
Blue,龍山寺,2019-01-02,65328.0
Blue,西門,2019-01-02,82243.0
Blue,善導寺,2019-01-02,52017.0
Blue,忠孝新生,2019-01-02,40276.0
Blue,忠孝敦化,2019-01-02,72973.0
Blue,國父紀念館,2019-01-02,46289.0
Blue,市政府,2019-01-02,123696.0
Blue,永春,2019-01-02,43525.0
Blue,後山埤,2019-01-02,34981.0
Blue,昆陽,2019-01-02,29996.0
Blue,南港,2019-01-02,36401.0
Blue,忠孝復興,2019-01-02,57727.5
Blue,南港展覽館,2019-01-02,33612.0
Blue,台北車站,2019-01-03,134045.0
Blue,頂埔,2019-01-03,16888.0
Blue,永寧,2019-01-03,26625.0
Blue,土城,2019-01-03,14962.0
Blue,海山,2019-01-03,45823.0
Blue,亞東醫院,2019-01-03,52630.0
Blue,府中,2019-01-03,59961.0
Blue,板橋,2019-01-03,81249.0
Blue,新埔,2019-01-03,87201.0
Blue,江子翠,2019-01-03,54741.0
Blue,龍山寺,2019-01-03,65397.0
Blue,西門,2019-01-03,81498.5
Blue,善導寺,2019-01-03,52538.0
Blue,忠孝新生,2019-01-03,40534.0
Blue,忠孝敦化,2019-01-03,75341.0
Blue,國父紀念館,2019-01-03,48427.0
Blue,市政府,2019-01-03,124309.0
Blue,永春,2019-01-03,44357.0
Blue,後山埤,2019-01-03,34969.0
Blue,昆陽,2019-01-03,31642.0
Blue,南港,2019-01-03,36177.0
Blue,忠孝復興,2019-01-03,59320.5
Blue,南港展覽館,2019-01-03,35865.5
Blue,台北車站,2019-01-04,155334.5
Blue,頂埔,2019-01-04,18287.0
Blue,永寧,2019-01-04,30240.0
Blue,土城,2019-01-04,16101.0
Blue,海山,2019-01-04,48131.0
Blue,亞東醫院,2019-01-04,54161.0
Blue,府中,2019-01-04,65324.0
Blue,板橋,2019-01-04,88502.0
Blue,新埔,2019-01-04,90683.0
Blue,江子翠,2019-01-04,56977.0
Blue,龍山寺,2019-01-04,69825.0
Blue,西門,2019-01-04,91973.5
Blue,善導寺,2019-01-04,53077.0
Blue,忠孝新生,2019-01-04,44257.0
Blue,忠孝敦化,2019-01-04,81535.0
Blue,國父紀念館,2019-01-04,50968.0
Blue,市政府,2019-01-04,140028.0
Blue,永春,2019-01-04,46032.0
Blue,後山埤,2019-01-04,36969.0
Blue,昆陽,2019-01-04,32255.0
Blue,南港,2019-01-04,40870.0
Blue,忠孝復興,2019-01-04,64407.0
Blue,南港展覽館,2019-01-04,40102.0
Blue,台北車站,2019-01-05,153282.5
Blue,頂埔,2019-01-05,13123.0
Blue,永寧,2019-01-05,23559.0
Blue,土城,2019-01-05,13050.0
Blue,海山,2019-01-05,36117.0
Blue,亞東醫院,2019-01-05,36943.0
Blue,府中,2019-01-05,58828.0
Blue,板橋,2019-01-05,79365.0
Blue,新埔,2019-01-05,70472.0
Blue,江子翠,2019-01-05,45297.0
Blue,龍山寺,2019-01-05,66867.0
Blue,西門,2019-01-05,98765.5
Blue,善導寺,2019-01-05,35190.0
Blue,忠孝新生,2019-01-05,42360.0
Blue,忠孝敦化,2019-01-05,69338.0
Blue,國父紀念館,2019-01-05,43546.0
Blue,市政府,2019-01-05,110138.0
Blue,永春,2019-01-05,33043.0
Blue,後山埤,2019-01-05,30004.0
Blue,昆陽,2019-01-05,19293.0
Blue,南港,2019-01-05,29267.0
Blue,忠孝復興,2019-01-05,63060.0
Blue,南港展覽館,2019-01-05,31025.5
Blue,台北車站,2019-01-06,136909.5
Blue,頂埔,2019-01-06,11675.0
Blue,永寧,2019-01-06,19122.0
Blue,土城,2019-01-06,10520.0
Blue,海山,2019-01-06,29740.0
Blue,亞東醫院,2019-01-06,28098.0
Blue,府中,2019-01-06,47129.0
Blue,板橋,2019-01-06,68841.0
Blue,新埔,2019-01-06,55256.0
Blue,江子翠,2019-01-06,36767.0
Blue,龍山寺,2019-01-06,57326.0
Blue,西門,2019-01-06,82818.5
Blue,善導寺,2019-01-06,27407.0
Blue,忠孝新生,2019-01-06,33008.0
Blue,忠孝敦化,2019-01-06,53481.0
Blue,國父紀念館,2019-01-06,32105.0
Blue,市政府,2019-01-06,93133.0
Blue,永春,2019-01-06,27436.0
Blue,後山埤,2019-01-06,25140.0
Blue,昆陽,2019-01-06,15776.0
Blue,南港,2019-01-06,26963.0
Blue,忠孝復興,2019-01-06,49910.5
Blue,南港展覽館,2019-01-06,26829.5
Blue,台北車站,2019-01-07,129964.0
Blue,頂埔,2019-01-07,16951.0
Blue,永寧,2019-01-07,27419.0
Blue,土城,2019-01-07,15094.0
Blue,海山,2019-01-07,45273.0
Blue,亞東醫院,2019-01-07,52108.0
Blue,府中,2019-01-07,58127.0
Blue,板橋,2019-01-07,78207.0
Blue,新埔,2019-01-07,85084.0
Blue,江子翠,2019-01-07,53037.0
Blue,龍山寺,2019-01-07,63583.0
Blue,西門,2019-01-07,77430.0
Blue,善導寺,2019-01-07,47853.0
Blue,忠孝新生,2019-01-07,37576.0
Blue,忠孝敦化,2019-01-07,69265.0
Blue,國父紀念館,2019-01-07,43599.0
Blue,市政府,2019-01-07,120285.0
Blue,永春,2019-01-07,41678.0
Blue,後山埤,2019-01-07,34358.0
Blue,昆陽,2019-01-07,30451.0
Blue,南港,2019-01-07,35135.0
Blue,忠孝復興,2019-01-07,53456.0
Blue,南港展覽館,2019-01-07,35321.5
Blue,台北車站,2019-01-08,128981.0
Blue,頂埔,2019-01-08,17138.0
Blue,永寧,2019-01-08,27263.0
Blue,土城,2019-01-08,14955.0
Blue,海山,2019-01-08,46201.0
Blue,亞東醫院,2019-01-08,52621.0
Blue,府中,2019-01-08,60241.0
Blue,板橋,2019-01-08,79705.0
Blue,新埔,2019-01-08,87256.0
Blue,江子翠,2019-01-08,54130.0
Blue,龍山寺,2019-01-08,63422.0
Blue,西門,2019-01-08,78986.0
Blue,善導寺,2019-01-08,50785.0
Blue,忠孝新生,2019-01-08,38511.5
Blue,忠孝敦化,2019-01-08,72071.0
Blue,國父紀念館,2019-01-08,46381.0
Blue,市政府,2019-01-08,121740.0
Blue,永春,2019-01-08,44130.0
Blue,後山埤,2019-01-08,34530.0
Blue,昆陽,2019-01-08,30117.0
Blue,南港,2019-01-08,35568.0
Blue,忠孝復興,2019-01-08,55530.5
Blue,南港展覽館,2019-01-08,35800.0
Blue,台北車站,2019-01-09,131148.5
Blue,頂埔,2019-01-09,17082.0
Blue,永寧,2019-01-09,27516.0
Blue,土城,2019-01-09,15632.0
Blue,海山,2019-01-09,46093.0
Blue,亞東醫院,2019-01-09,52383.0
Blue,府中,2019-01-09,60705.0
Blue,板橋,2019-01-09,79401.0
Blue,新埔,2019-01-09,86767.0
Blue,江子翠,2019-01-09,54470.0
Blue,龍山寺,2019-01-09,63252.0
Blue,西門,2019-01-09,80205.0
Blue,善導寺,2019-01-09,51072.0
Blue,忠孝新生,2019-01-09,39421.5
Blue,忠孝敦化,2019-01-09,74007.0
Blue,國父紀念館,2019-01-09,46961.0
Blue,市政府,2019-01-09,124226.0
Blue,永春,2019-01-09,44099.0
Blue,後山埤,2019-01-09,34967.0
Blue,昆陽,2019-01-09,30580.0
Blue,南港,2019-01-09,35966.0
Blue,忠孝復興,2019-01-09,56622.0
Blue,南港展覽館,2019-01-09,36997.5
Blue,台北車站,2019-01-10,134764.0
Blue,頂埔,2019-01-10,17328.0
Blue,永寧,2019-01-10,28151.0
Blue,土城,2019-01-10,15283.0
Blue,海山,2019-01-10,46033.0
Blue,亞東醫院,2019-01-10,52629.0
Blue,府中,2019-01-10,61705.0
Blue,板橋,2019-01-10,80397.0
Blue,新埔,2019-01-10,87342.0
Blue,江子翠,2019-01-10,54733.0
Blue,龍山寺,2019-01-10,63835.0
Blue,西門,2019-01-10,83203.0
Blue,善導寺,2019-01-10,50282.0
Blue,忠孝新生,2019-01-10,40446.0
Blue,忠孝敦化,2019-01-10,74587.0
Blue,國父紀念館,2019-01-10,47257.0
Blue,市政府,2019-01-10,131755.0
Blue,永春,2019-01-10,44650.0
Blue,後山埤,2019-01-10,34682.0
Blue,昆陽,2019-01-10,31899.0
Blue,南港,2019-01-10,37779.0
Blue,忠孝復興,2019-01-10,60567.0
Blue,南港展覽館,2019-01-10,38161.0
Blue,台北車站,2019-01-11,165594.0
Blue,頂埔,2019-01-11,18671.0
Blue,永寧,2019-01-11,31008.0
Blue,土城,2019-01-11,16519.0
Blue,海山,2019-01-11,48922.0
Blue,亞東醫院,2019-01-11,54453.0
Blue,府中,2019-01-11,67466.0
Blue,板橋,2019-01-11,91641.0
Blue,新埔,2019-01-11,92506.0
Blue,江子翠,2019-01-11,57902.0
Blue,龍山寺,2019-01-11,68204.0
Blue,西門,2019-01-11,95980.5
Blue,善導寺,2019-01-11,52940.0
Blue,忠孝新生,2019-01-11,46226.0
Blue,忠孝敦化,2019-01-11,85683.0
Blue,國父紀念館,2019-01-11,54644.0
Blue,市政府,2019-01-11,149790.0
Blue,永春,2019-01-11,45614.0
Blue,後山埤,2019-01-11,37959.0
Blue,昆陽,2019-01-11,32795.0
Blue,南港,2019-01-11,42283.0
Blue,忠孝復興,2019-01-11,67721.0
Blue,南港展覽館,2019-01-11,45059.0
Blue,台北車站,2019-01-12,171067.5
Blue,頂埔,2019-01-12,13897.0
Blue,永寧,2019-01-12,26594.0
Blue,土城,2019-01-12,13847.0
Blue,海山,2019-01-12,38493.0
Blue,亞東醫院,2019-01-12,37877.0
Blue,府中,2019-01-12,63785.0
Blue,板橋,2019-01-12,83673.0
Blue,新埔,2019-01-12,71778.0
Blue,江子翠,2019-01-12,46579.0
Blue,龍山寺,2019-01-12,68789.0
Blue,西門,2019-01-12,107239.5
Blue,善導寺,2019-01-12,36538.0
Blue,忠孝新生,2019-01-12,46236.5
Blue,忠孝敦化,2019-01-12,76520.0
Blue,國父紀念館,2019-01-12,47869.0
Blue,市政府,2019-01-12,135058.0
Blue,永春,2019-01-12,34989.0
Blue,後山埤,2019-01-12,31688.0
Blue,昆陽,2019-01-12,20437.0
Blue,南港,2019-01-12,32718.0
Blue,忠孝復興,2019-01-12,69683.5
Blue,南港展覽館,2019-01-12,37472.0
Blue,台北車站,2019-01-13,157320.5
Blue,頂埔,2019-01-13,13045.0
Blue,永寧,2019-01-13,23183.0
Blue,土城,2019-01-13,11643.0
Blue,海山,2019-01-13,33429.0
Blue,亞東醫院,2019-01-13,30598.0
Blue,府中,2019-01-13,52916.0
Blue,板橋,2019-01-13,77629.0
Blue,新埔,2019-01-13,60620.0
Blue,江子翠,2019-01-13,39221.0
Blue,龍山寺,2019-01-13,61956.0
Blue,西門,2019-01-13,91740.5
Blue,善導寺,2019-01-13,31138.0
Blue,忠孝新生,2019-01-13,38882.0
Blue,忠孝敦化,2019-01-13,56333.0
Blue,國父紀念館,2019-01-13,38094.0
Blue,市政府,2019-01-13,109111.0
Blue,永春,2019-01-13,28742.0
Blue,後山埤,2019-01-13,26693.0
Blue,昆陽,2019-01-13,17177.0
Blue,南港,2019-01-13,28732.0
Blue,忠孝復興,2019-01-13,55068.5
Blue,南港展覽館,2019-01-13,27905.0
Blue,台北車站,2019-01-14,140864.0
Blue,頂埔,2019-01-14,16704.0
Blue,永寧,2019-01-14,27366.0
Blue,土城,2019-01-14,15320.0
Blue,海山,2019-01-14,45713.0
Blue,亞東醫院,2019-01-14,48924.0
Blue,府中,2019-01-14,59313.0
Blue,板橋,2019-01-14,78791.0
Blue,新埔,2019-01-14,84754.0
Blue,江子翠,2019-01-14,52915.0
Blue,龍山寺,2019-01-14,63693.0
Blue,西門,2019-01-14,81387.5
Blue,善導寺,2019-01-14,48468.0
Blue,忠孝新生,2019-01-14,38345.5
Blue,忠孝敦化,2019-01-14,72701.0
Blue,國父紀念館,2019-01-14,46140.0
Blue,市政府,2019-01-14,128428.0
Blue,永春,2019-01-14,41521.0
Blue,後山埤,2019-01-14,34324.0
Blue,昆陽,2019-01-14,30458.0
Blue,南港,2019-01-14,35668.0
Blue,忠孝復興,2019-01-14,57746.5
Blue,南港展覽館,2019-01-14,35153.0
Blue,台北車站,2019-01-15,135478.0
Blue,頂埔,2019-01-15,16923.0
Blue,永寧,2019-01-15,27405.0
Blue,土城,2019-01-15,15046.0
Blue,海山,2019-01-15,46491.0
Blue,亞東醫院,2019-01-15,50614.0
Blue,府中,2019-01-15,62062.0
Blue,板橋,2019-01-15,80962.0
Blue,新埔,2019-01-15,87450.0
Blue,江子翠,2019-01-15,53896.0
Blue,龍山寺,2019-01-15,63017.0
Blue,西門,2019-01-15,81764.0
Blue,善導寺,2019-01-15,50003.0
Blue,忠孝新生,2019-01-15,39121.0
Blue,忠孝敦化,2019-01-15,74940.0
Blue,國父紀念館,2019-01-15,48453.0
Blue,市政府,2019-01-15,129751.0
Blue,永春,2019-01-15,44357.0
Blue,後山埤,2019-01-15,34840.0
Blue,昆陽,2019-01-15,30847.0
Blue,南港,2019-01-15,36367.0
Blue,忠孝復興,2019-01-15,58712.5
Blue,南港展覽館,2019-01-15,35975.5
Blue,台北車站,2019-01-16,139700.0
Blue,頂埔,2019-01-16,16870.0
Blue,永寧,2019-01-16,27046.0
Blue,土城,2019-01-16,15451.0
Blue,海山,2019-01-16,46771.0
Blue,亞東醫院,2019-01-16,51050.0
Blue,府中,2019-01-16,60948.0
Blue,板橋,2019-01-16,83310.0
Blue,新埔,2019-01-16,88970.0
Blue,江子翠,2019-01-16,55444.0
Blue,龍山寺,2019-01-16,60853.0
Blue,西門,2019-01-16,81995.5
Blue,善導寺,2019-01-16,53144.0
Blue,忠孝新生,2019-01-16,39250.0
Blue,忠孝敦化,2019-01-16,76565.0
Blue,國父紀念館,2019-01-16,49852.0
Blue,市政府,2019-01-16,133305.0
Blue,永春,2019-01-16,45584.0
Blue,後山埤,2019-01-16,35552.0
Blue,昆陽,2019-01-16,30952.0
Blue,南港,2019-01-16,37410.0
Blue,忠孝復興,2019-01-16,60229.5
Blue,南港展覽館,2019-01-16,36280.0
Blue,台北車站,2019-01-17,139670.5
Blue,頂埔,2019-01-17,17048.0
Blue,永寧,2019-01-17,27452.0
Blue,土城,2019-01-17,15278.0
Blue,海山,2019-01-17,47371.0
Blue,亞東醫院,2019-01-17,50111.0
Blue,府中,2019-01-17,62002.0
Blue,板橋,2019-01-17,82339.0
Blue,新埔,2019-01-17,88946.0
Blue,江子翠,2019-01-17,55547.0
Blue,龍山寺,2019-01-17,62984.0
Blue,西門,2019-01-17,82901.0
Blue,善導寺,2019-01-17,50415.0
Blue,忠孝新生,2019-01-17,40535.0
Blue,忠孝敦化,2019-01-17,78487.0
Blue,國父紀念館,2019-01-17,50286.0
Blue,市政府,2019-01-17,134251.0
Blue,永春,2019-01-17,44401.0
Blue,後山埤,2019-01-17,35138.0
Blue,昆陽,2019-01-17,31820.0
Blue,南港,2019-01-17,37952.0
Blue,忠孝復興,2019-01-17,60376.5
Blue,南港展覽館,2019-01-17,40670.5
Blue,台北車站,2019-01-18,164334.0
Blue,頂埔,2019-01-18,19001.0
Blue,永寧,2019-01-18,30851.0
Blue,土城,2019-01-18,16944.0
Blue,海山,2019-01-18,51761.0
Blue,亞東醫院,2019-01-18,52665.0
Blue,府中,2019-01-18,71208.0
Blue,板橋,2019-01-18,95001.0
Blue,新埔,2019-01-18,96546.0
Blue,江子翠,2019-01-18,59271.0
Blue,龍山寺,2019-01-18,69162.0
Blue,西門,2019-01-18,109007.0
Blue,善導寺,2019-01-18,53136.0
Blue,忠孝新生,2019-01-18,45053.5
Blue,忠孝敦化,2019-01-18,89288.0
Blue,國父紀念館,2019-01-18,56488.0
Blue,市政府,2019-01-18,152981.0
Blue,永春,2019-01-18,48189.0
Blue,後山埤,2019-01-18,39206.0
Blue,昆陽,2019-01-18,33112.0
Blue,南港,2019-01-18,44352.0
Blue,忠孝復興,2019-01-18,70602.0
Blue,南港展覽館,2019-01-18,45601.0
Blue,台北車站,2019-01-19,176739.0
Blue,頂埔,2019-01-19,17767.0
Blue,永寧,2019-01-19,29771.0
Blue,土城,2019-01-19,15754.0
Blue,海山,2019-01-19,44895.0
Blue,亞東醫院,2019-01-19,44853.0
Blue,府中,2019-01-19,67648.0
Blue,板橋,2019-01-19,94151.0
Blue,新埔,2019-01-19,83978.0
Blue,江子翠,2019-01-19,55060.0
Blue,龍山寺,2019-01-19,69094.0
Blue,西門,2019-01-19,107806.0
Blue,善導寺,2019-01-19,42005.0
Blue,忠孝新生,2019-01-19,46652.5
Blue,忠孝敦化,2019-01-19,84341.0
Blue,國父紀念館,2019-01-19,55953.0
Blue,市政府,2019-01-19,151195.0
Blue,永春,2019-01-19,40214.0
Blue,後山埤,2019-01-19,34894.0
Blue,昆陽,2019-01-19,28379.0
Blue,南港,2019-01-19,40977.0
Blue,忠孝復興,2019-01-19,72204.5
Blue,南港展覽館,2019-01-19,66313.5
Blue,台北車站,2019-01-20,166055.5
Blue,頂埔,2019-01-20,13363.0
Blue,永寧,2019-01-20,23023.0
Blue,土城,2019-01-20,12099.0
Blue,海山,2019-01-20,33642.0
Blue,亞東醫院,2019-01-20,31611.0
Blue,府中,2019-01-20,54578.0
Blue,板橋,2019-01-20,79636.0
Blue,新埔,2019-01-20,63263.0
Blue,江子翠,2019-01-20,41650.0
Blue,龍山寺,2019-01-20,61763.0
Blue,西門,2019-01-20,97818.0
Blue,善導寺,2019-01-20,28736.0
Blue,忠孝新生,2019-01-20,40075.0
Blue,忠孝敦化,2019-01-20,62505.0
Blue,國父紀念館,2019-01-20,41385.0
Blue,市政府,2019-01-20,117029.0
Blue,永春,2019-01-20,30549.0
Blue,後山埤,2019-01-20,28446.0
Blue,昆陽,2019-01-20,17644.0
Blue,南港,2019-01-20,34086.0
Blue,忠孝復興,2019-01-20,57207.0
Blue,南港展覽館,2019-01-20,59772.5
Blue,台北車站,2019-01-21,154880.5
Blue,頂埔,2019-01-21,16909.0
Blue,永寧,2019-01-21,26701.0
Blue,土城,2019-01-21,15219.0
Blue,海山,2019-01-21,44521.0
Blue,亞東醫院,2019-01-21,49650.0
Blue,府中,2019-01-21,61154.0
Blue,板橋,2019-01-21,84250.0
Blue,新埔,2019-01-21,83555.0
Blue,江子翠,2019-01-21,54698.0
Blue,龍山寺,2019-01-21,62656.0
Blue,西門,2019-01-21,89115.0
Blue,善導寺,2019-01-21,42823.0
Blue,忠孝新生,2019-01-21,41764.0
Blue,忠孝敦化,2019-01-21,75929.0
Blue,國父紀念館,2019-01-21,50499.0
Blue,市政府,2019-01-21,130282.0
Blue,永春,2019-01-21,41540.0
Blue,後山埤,2019-01-21,36057.0
Blue,昆陽,2019-01-21,30160.0
Blue,南港,2019-01-21,37117.0
Blue,忠孝復興,2019-01-21,59810.0
Blue,南港展覽館,2019-01-21,49872.5
Blue,台北車站,2019-01-22,149480.5
Blue,頂埔,2019-01-22,16973.0
Blue,永寧,2019-01-22,27039.0
Blue,土城,2019-01-22,15105.0
Blue,海山,2019-01-22,44220.0
Blue,亞東醫院,2019-01-22,49876.0
Blue,府中,2019-01-22,62329.0
Blue,板橋,2019-01-22,84034.0
Blue,新埔,2019-01-22,84495.0
Blue,江子翠,2019-01-22,55294.0
Blue,龍山寺,2019-01-22,62115.0
Blue,西門,2019-01-22,87739.5
Blue,善導寺,2019-01-22,44710.0
Blue,忠孝新生,2019-01-22,41298.5
Blue,忠孝敦化,2019-01-22,78788.0
Blue,國父紀念館,2019-01-22,51843.0
Blue,市政府,2019-01-22,130536.0
Blue,永春,2019-01-22,41463.0
Blue,後山埤,2019-01-22,35218.0
Blue,昆陽,2019-01-22,30008.0
Blue,南港,2019-01-22,35438.0
Blue,忠孝復興,2019-01-22,61156.0
Blue,南港展覽館,2019-01-22,44570.0
Blue,台北車站,2019-01-23,151930.5
Blue,頂埔,2019-01-23,17549.0
Blue,永寧,2019-01-23,28139.0
Blue,土城,2019-01-23,16101.0
Blue,海山,2019-01-23,45407.0
Blue,亞東醫院,2019-01-23,50770.0
Blue,府中,2019-01-23,63683.0
Blue,板橋,2019-01-23,86822.0
Blue,新埔,2019-01-23,85102.0
Blue,江子翠,2019-01-23,56362.0
Blue,龍山寺,2019-01-23,64113.0
Blue,西門,2019-01-23,89968.5
Blue,善導寺,2019-01-23,45777.0
Blue,忠孝新生,2019-01-23,41840.5
Blue,忠孝敦化,2019-01-23,78437.0
Blue,國父紀念館,2019-01-23,53279.0
Blue,市政府,2019-01-23,134458.0
Blue,永春,2019-01-23,41614.0
Blue,後山埤,2019-01-23,36368.0
Blue,昆陽,2019-01-23,30760.0
Blue,南港,2019-01-23,36689.0
Blue,忠孝復興,2019-01-23,65335.5
Blue,南港展覽館,2019-01-23,46508.0
Blue,台北車站,2019-01-24,153215.5
Blue,頂埔,2019-01-24,17498.0
Blue,永寧,2019-01-24,28111.0
Blue,土城,2019-01-24,15667.0
Blue,海山,2019-01-24,46127.0
Blue,亞東醫院,2019-01-24,50082.0
Blue,府中,2019-01-24,64902.0
Blue,板橋,2019-01-24,86081.0
Blue,新埔,2019-01-24,85726.0
Blue,江子翠,2019-01-24,56913.0
Blue,龍山寺,2019-01-24,65635.0
Blue,西門,2019-01-24,90180.5
Blue,善導寺,2019-01-24,48072.0
Blue,忠孝新生,2019-01-24,42498.5
Blue,忠孝敦化,2019-01-24,80306.0
Blue,國父紀念館,2019-01-24,53587.0
Blue,市政府,2019-01-24,137970.0
Blue,永春,2019-01-24,42230.0
Blue,後山埤,2019-01-24,35936.0
Blue,昆陽,2019-01-24,31345.0
Blue,南港,2019-01-24,36485.0
Blue,忠孝復興,2019-01-24,64583.0
Blue,南港展覽館,2019-01-24,37892.0
Blue,台北車站,2019-01-25,171357.5
Blue,頂埔,2019-01-25,19249.0
Blue,永寧,2019-01-25,31120.0
Blue,土城,2019-01-25,17065.0
Blue,海山,2019-01-25,49453.0
Blue,亞東醫院,2019-01-25,51952.0
Blue,府中,2019-01-25,68927.0
Blue,板橋,2019-01-25,95434.0
Blue,新埔,2019-01-25,89358.0
Blue,江子翠,2019-01-25,58560.0
Blue,龍山寺,2019-01-25,67717.0
Blue,西門,2019-01-25,101249.5
Blue,善導寺,2019-01-25,48686.0
Blue,忠孝新生,2019-01-25,46784.5
Blue,忠孝敦化,2019-01-25,88420.0
Blue,國父紀念館,2019-01-25,59091.0
Blue,市政府,2019-01-25,157375.0
Blue,永春,2019-01-25,45096.0
Blue,後山埤,2019-01-25,39236.0
Blue,昆陽,2019-01-25,33151.0
Blue,南港,2019-01-25,41703.0
Blue,忠孝復興,2019-01-25,71689.0
Blue,南港展覽館,2019-01-25,44996.0
Blue,台北車站,2019-01-26,174326.0
Blue,頂埔,2019-01-26,14632.0
Blue,永寧,2019-01-26,25552.0
Blue,土城,2019-01-26,14014.0
Blue,海山,2019-01-26,41370.0
Blue,亞東醫院,2019-01-26,38359.0
Blue,府中,2019-01-26,65313.0
Blue,板橋,2019-01-26,88400.0
Blue,新埔,2019-01-26,74104.0
Blue,江子翠,2019-01-26,47889.0
Blue,龍山寺,2019-01-26,66538.0
Blue,西門,2019-01-26,111708.5
Blue,善導寺,2019-01-26,37387.0
Blue,忠孝新生,2019-01-26,49979.0
Blue,忠孝敦化,2019-01-26,80489.0
Blue,國父紀念館,2019-01-26,49061.0
Blue,市政府,2019-01-26,143751.0
Blue,永春,2019-01-26,36946.0
Blue,後山埤,2019-01-26,32690.0
Blue,昆陽,2019-01-26,20423.0
Blue,南港,2019-01-26,33204.0
Blue,忠孝復興,2019-01-26,73820.5
Blue,南港展覽館,2019-01-26,37117.5
Blue,台北車站,2019-01-27,161798.5
Blue,頂埔,2019-01-27,13068.0
Blue,永寧,2019-01-27,22981.0
Blue,土城,2019-01-27,12468.0
Blue,海山,2019-01-27,33566.0
Blue,亞東醫院,2019-01-27,30790.0
Blue,府中,2019-01-27,55823.0
Blue,板橋,2019-01-27,78253.0
Blue,新埔,2019-01-27,62816.0
Blue,江子翠,2019-01-27,41302.0
Blue,龍山寺,2019-01-27,59441.0
Blue,西門,2019-01-27,101003.0
Blue,善導寺,2019-01-27,28865.0
Blue,忠孝新生,2019-01-27,42105.5
Blue,忠孝敦化,2019-01-27,64154.0
Blue,國父紀念館,2019-01-27,40972.0
Blue,市政府,2019-01-27,121306.0
Blue,永春,2019-01-27,29974.0
Blue,後山埤,2019-01-27,27901.0
Blue,昆陽,2019-01-27,17140.0
Blue,南港,2019-01-27,28601.0
Blue,忠孝復興,2019-01-27,59467.0
Blue,南港展覽館,2019-01-27,26898.5
Blue,台北車站,2019-01-28,157643.0
Blue,頂埔,2019-01-28,17420.0
Blue,永寧,2019-01-28,28287.0
Blue,土城,2019-01-28,15569.0
Blue,海山,2019-01-28,45106.0
Blue,亞東醫院,2019-01-28,50503.0
Blue,府中,2019-01-28,63411.0
Blue,板橋,2019-01-28,85836.0
Blue,新埔,2019-01-28,84391.0
Blue,江子翠,2019-01-28,55440.0
Blue,龍山寺,2019-01-28,63445.0
Blue,西門,2019-01-28,94750.5
Blue,善導寺,2019-01-28,43582.0
Blue,忠孝新生,2019-01-28,44300.0
Blue,忠孝敦化,2019-01-28,79201.0
Blue,國父紀念館,2019-01-28,52383.0
Blue,市政府,2019-01-28,138906.0
Blue,永春,2019-01-28,40443.0
Blue,後山埤,2019-01-28,35436.0
Blue,昆陽,2019-01-28,30459.0
Blue,南港,2019-01-28,35821.0
Blue,忠孝復興,2019-01-28,63312.5
Blue,南港展覽館,2019-01-28,36083.5
Blue,台北車站,2019-01-29,152920.5
Blue,頂埔,2019-01-29,17853.0
Blue,永寧,2019-01-29,27852.0
Blue,土城,2019-01-29,15080.0
Blue,海山,2019-01-29,45466.0
Blue,亞東醫院,2019-01-29,50709.0
Blue,府中,2019-01-29,64718.0
Blue,板橋,2019-01-29,86087.0
Blue,新埔,2019-01-29,85464.0
Blue,江子翠,2019-01-29,55539.0
Blue,龍山寺,2019-01-29,63435.0
Blue,西門,2019-01-29,91939.0
Blue,善導寺,2019-01-29,45194.0
Blue,忠孝新生,2019-01-29,42320.5
Blue,忠孝敦化,2019-01-29,81829.0
Blue,國父紀念館,2019-01-29,53707.0
Blue,市政府,2019-01-29,135365.0
Blue,永春,2019-01-29,41477.0
Blue,後山埤,2019-01-29,35778.0
Blue,昆陽,2019-01-29,30232.0
Blue,南港,2019-01-29,35556.0
Blue,忠孝復興,2019-01-29,65936.0
Blue,南港展覽館,2019-01-29,39933.5
Blue,台北車站,2019-01-30,156259.0
Blue,頂埔,2019-01-30,18403.0
Blue,永寧,2019-01-30,28673.0
Blue,土城,2019-01-30,15719.0
Blue,海山,2019-01-30,45559.0
Blue,亞東醫院,2019-01-30,50560.0
Blue,府中,2019-01-30,65578.0
Blue,板橋,2019-01-30,87588.0
Blue,新埔,2019-01-30,86635.0
Blue,江子翠,2019-01-30,56667.0
Blue,龍山寺,2019-01-30,63975.0
Blue,西門,2019-01-30,92768.0
Blue,善導寺,2019-01-30,45043.0
Blue,忠孝新生,2019-01-30,44287.5
Blue,忠孝敦化,2019-01-30,82181.0
Blue,國父紀念館,2019-01-30,54178.0
Blue,市政府,2019-01-30,139523.0
Blue,永春,2019-01-30,42092.0
Blue,後山埤,2019-01-30,36495.0
Blue,昆陽,2019-01-30,31157.0
Blue,南港,2019-01-30,36569.0
Blue,忠孝復興,2019-01-30,68782.0
Blue,南港展覽館,2019-01-30,40021.5
Blue,台北車站,2019-01-31,157414.5
Blue,頂埔,2019-01-31,18715.0
Blue,永寧,2019-01-31,29144.0
Blue,土城,2019-01-31,15546.0
Blue,海山,2019-01-31,45357.0
Blue,亞東醫院,2019-01-31,49861.0
Blue,府中,2019-01-31,65156.0
Blue,板橋,2019-01-31,88906.0
Blue,新埔,2019-01-31,86315.0
Blue,江子翠,2019-01-31,56278.0
Blue,龍山寺,2019-01-31,67095.0
Blue,西門,2019-01-31,91108.0
Blue,善導寺,2019-01-31,44456.0
Blue,忠孝新生,2019-01-31,44014.5
Blue,忠孝敦化,2019-01-31,83821.0
Blue,國父紀念館,2019-01-31,54981.0
Blue,市政府,2019-01-31,141665.0
Blue,永春,2019-01-31,42646.0
Blue,後山埤,2019-01-31,35838.0
Blue,昆陽,2019-01-31,31977.0
Blue,南港,2019-01-31,36665.0
Blue,忠孝復興,2019-01-31,70806.0
Blue,南港展覽館,2019-01-31,38772.0
Blue,台北車站,2019-02-01,165878.0
Blue,頂埔,2019-02-01,19191.0
Blue,永寧,2019-02-01,28419.0
Blue,土城,2019-02-01,15947.0
Blue,海山,2019-02-01,44760.0
Blue,亞東醫院,2019-02-01,47874.0
Blue,府中,2019-02-01,65036.0
Blue,板橋,2019-02-01,91283.0
Blue,新埔,2019-02-01,84152.0
Blue,江子翠,2019-02-01,55750.0
Blue,龍山寺,2019-02-01,63951.0
Blue,西門,2019-02-01,96363.5
Blue,善導寺,2019-02-01,42351.0
Blue,忠孝新生,2019-02-01,42779.0
Blue,忠孝敦化,2019-02-01,86991.0
Blue,國父紀念館,2019-02-01,53292.0
Blue,市政府,2019-02-01,143052.0
Blue,永春,2019-02-01,41780.0
Blue,後山埤,2019-02-01,36398.0
Blue,昆陽,2019-02-01,29654.0
Blue,南港,2019-02-01,40881.0
Blue,忠孝復興,2019-02-01,74236.0
Blue,南港展覽館,2019-02-01,38638.5
Blue,台北車站,2019-02-02,135412.0
Blue,頂埔,2019-02-02,12942.0
Blue,永寧,2019-02-02,19530.0
Blue,土城,2019-02-02,12195.0
Blue,海山,2019-02-02,32479.0
Blue,亞東醫院,2019-02-02,30120.0
Blue,府中,2019-02-02,48512.0
Blue,板橋,2019-02-02,69250.0
Blue,新埔,2019-02-02,57717.0
Blue,江子翠,2019-02-02,37511.0
Blue,龍山寺,2019-02-02,55383.0
Blue,西門,2019-02-02,85419.0
Blue,善導寺,2019-02-02,24258.0
Blue,忠孝新生,2019-02-02,34284.5
Blue,忠孝敦化,2019-02-02,62287.0
Blue,國父紀念館,2019-02-02,34217.0
Blue,市政府,2019-02-02,103431.0
Blue,永春,2019-02-02,29703.0
Blue,後山埤,2019-02-02,26721.0
Blue,昆陽,2019-02-02,15398.0
Blue,南港,2019-02-02,32691.0
Blue,忠孝復興,2019-02-02,61114.0
Blue,南港展覽館,2019-02-02,40522.0
Blue,台北車站,2019-02-03,108036.5
Blue,頂埔,2019-02-03,10424.0
Blue,永寧,2019-02-03,15149.0
Blue,土城,2019-02-03,9489.0
Blue,海山,2019-02-03,24880.0
Blue,亞東醫院,2019-02-03,21466.0
Blue,府中,2019-02-03,37736.0
Blue,板橋,2019-02-03,55193.0
Blue,新埔,2019-02-03,43718.0
Blue,江子翠,2019-02-03,29163.0
Blue,龍山寺,2019-02-03,47030.0
Blue,西門,2019-02-03,73326.5
Blue,善導寺,2019-02-03,18594.0
Blue,忠孝新生,2019-02-03,27214.5
Blue,忠孝敦化,2019-02-03,46903.0
Blue,國父紀念館,2019-02-03,26292.0
Blue,市政府,2019-02-03,82640.0
Blue,永春,2019-02-03,22317.0
Blue,後山埤,2019-02-03,21055.0
Blue,昆陽,2019-02-03,12129.0
Blue,南港,2019-02-03,21871.0
Blue,忠孝復興,2019-02-03,48411.5
Blue,南港展覽館,2019-02-03,14862.5
Blue,台北車站,2019-02-04,64671.5
Blue,頂埔,2019-02-04,7576.0
Blue,永寧,2019-02-04,10107.0
Blue,土城,2019-02-04,6706.0
Blue,海山,2019-02-04,16884.0
Blue,亞東醫院,2019-02-04,14675.0
Blue,府中,2019-02-04,21107.0
Blue,板橋,2019-02-04,36743.0
Blue,新埔,2019-02-04,27808.0
Blue,江子翠,2019-02-04,19467.0
Blue,龍山寺,2019-02-04,36994.0
Blue,西門,2019-02-04,42572.0
Blue,善導寺,2019-02-04,11816.0
Blue,忠孝新生,2019-02-04,10577.0
Blue,忠孝敦化,2019-02-04,22134.0
Blue,國父紀念館,2019-02-04,11655.0
Blue,市政府,2019-02-04,45090.0
Blue,永春,2019-02-04,16202.0
Blue,後山埤,2019-02-04,14781.0
Blue,昆陽,2019-02-04,8199.0
Blue,南港,2019-02-04,13876.0
Blue,忠孝復興,2019-02-04,25037.0
Blue,南港展覽館,2019-02-04,9333.5
Blue,台北車站,2019-02-05,107838.0
Blue,頂埔,2019-02-05,11084.0
Blue,永寧,2019-02-05,18604.0
Blue,土城,2019-02-05,10595.0
Blue,海山,2019-02-05,27116.0
Blue,亞東醫院,2019-02-05,20985.0
Blue,府中,2019-02-05,43741.0
Blue,板橋,2019-02-05,61830.0
Blue,新埔,2019-02-05,43591.0
Blue,江子翠,2019-02-05,28591.0
Blue,龍山寺,2019-02-05,126216.0
Blue,西門,2019-02-05,87579.0
Blue,善導寺,2019-02-05,12670.0
Blue,忠孝新生,2019-02-05,21948.5
Blue,忠孝敦化,2019-02-05,30987.0
Blue,國父紀念館,2019-02-05,26533.0
Blue,市政府,2019-02-05,103921.0
Blue,永春,2019-02-05,16572.0
Blue,後山埤,2019-02-05,22302.0
Blue,昆陽,2019-02-05,11291.0
Blue,南港,2019-02-05,23139.0
Blue,忠孝復興,2019-02-05,40652.5
Blue,南港展覽館,2019-02-05,14332.5
Blue,台北車站,2019-02-06,121465.0
Blue,頂埔,2019-02-06,12348.0
Blue,永寧,2019-02-06,20759.0
Blue,土城,2019-02-06,10535.0
Blue,海山,2019-02-06,27757.0
Blue,亞東醫院,2019-02-06,23060.0
Blue,府中,2019-02-06,42847.0
Blue,板橋,2019-02-06,68575.0
Blue,新埔,2019-02-06,45290.0
Blue,江子翠,2019-02-06,30070.0
Blue,龍山寺,2019-02-06,85603.0
Blue,西門,2019-02-06,86130.5
Blue,善導寺,2019-02-06,12810.0
Blue,忠孝新生,2019-02-06,23781.5
Blue,忠孝敦化,2019-02-06,35649.0
Blue,國父紀念館,2019-02-06,34585.0
Blue,市政府,2019-02-06,107573.0
Blue,永春,2019-02-06,19133.0
Blue,後山埤,2019-02-06,23691.0
Blue,昆陽,2019-02-06,12790.0
Blue,南港,2019-02-06,26405.0
Blue,忠孝復興,2019-02-06,41752.5
Blue,南港展覽館,2019-02-06,15994.0
Blue,台北車站,2019-02-07,149713.0
Blue,頂埔,2019-02-07,13389.0
Blue,永寧,2019-02-07,23904.0
Blue,土城,2019-02-07,11622.0
Blue,海山,2019-02-07,30621.0
Blue,亞東醫院,2019-02-07,25239.0
Blue,府中,2019-02-07,49316.0
Blue,板橋,2019-02-07,79023.0
Blue,新埔,2019-02-07,51229.0
Blue,江子翠,2019-02-07,32288.0
Blue,龍山寺,2019-02-07,92171.0
Blue,西門,2019-02-07,103809.5
Blue,善導寺,2019-02-07,15795.0
Blue,忠孝新生,2019-02-07,34044.5
Blue,忠孝敦化,2019-02-07,47520.0
Blue,國父紀念館,2019-02-07,49743.0
Blue,市政府,2019-02-07,133959.0
Blue,永春,2019-02-07,20311.0
Blue,後山埤,2019-02-07,24617.0
Blue,昆陽,2019-02-07,13909.0
Blue,南港,2019-02-07,31425.0
Blue,忠孝復興,2019-02-07,51806.5
Blue,南港展覽館,2019-02-07,18430.5
Blue,台北車站,2019-02-08,153607.0
Blue,頂埔,2019-02-08,13107.0
Blue,永寧,2019-02-08,23268.0
Blue,土城,2019-02-08,11412.0
Blue,海山,2019-02-08,31052.0
Blue,亞東醫院,2019-02-08,29611.0
Blue,府中,2019-02-08,52281.0
Blue,板橋,2019-02-08,78497.0
Blue,新埔,2019-02-08,53040.0
Blue,江子翠,2019-02-08,34916.0
Blue,龍山寺,2019-02-08,84982.0
Blue,西門,2019-02-08,107595.5
Blue,善導寺,2019-02-08,17348.0
Blue,忠孝新生,2019-02-08,36124.0
Blue,忠孝敦化,2019-02-08,54252.0
Blue,國父紀念館,2019-02-08,51179.0
Blue,市政府,2019-02-08,133078.0
Blue,永春,2019-02-08,23276.0
Blue,後山埤,2019-02-08,26012.0
Blue,昆陽,2019-02-08,14592.0
Blue,南港,2019-02-08,30227.0
Blue,忠孝復興,2019-02-08,54643.5
Blue,南港展覽館,2019-02-08,18455.0
Blue,台北車站,2019-02-09,158900.0
Blue,頂埔,2019-02-09,13081.0
Blue,永寧,2019-02-09,23354.0
Blue,土城,2019-02-09,11855.0
Blue,海山,2019-02-09,33463.0
Blue,亞東醫院,2019-02-09,30508.0
Blue,府中,2019-02-09,54391.0
Blue,板橋,2019-02-09,79637.0
Blue,新埔,2019-02-09,56682.0
Blue,江子翠,2019-02-09,37275.0
Blue,龍山寺,2019-02-09,76764.0
Blue,西門,2019-02-09,105629.0
Blue,善導寺,2019-02-09,19622.0
Blue,忠孝新生,2019-02-09,40453.0
Blue,忠孝敦化,2019-02-09,60117.0
Blue,國父紀念館,2019-02-09,50514.0
Blue,市政府,2019-02-09,131112.0
Blue,永春,2019-02-09,25824.0
Blue,後山埤,2019-02-09,26452.0
Blue,昆陽,2019-02-09,15493.0
Blue,南港,2019-02-09,31648.0
Blue,忠孝復興,2019-02-09,59049.0
Blue,南港展覽館,2019-02-09,19694.0
Blue,台北車站,2019-02-10,142408.5
Blue,頂埔,2019-02-10,13377.0
Blue,永寧,2019-02-10,22475.0
Blue,土城,2019-02-10,10896.0
Blue,海山,2019-02-10,30386.0
Blue,亞東醫院,2019-02-10,27044.0
Blue,府中,2019-02-10,48048.0
Blue,板橋,2019-02-10,71149.0
Blue,新埔,2019-02-10,54843.0
Blue,江子翠,2019-02-10,37187.0
Blue,龍山寺,2019-02-10,67475.0
Blue,西門,2019-02-10,89012.0
Blue,善導寺,2019-02-10,19794.0
Blue,忠孝新生,2019-02-10,33046.5
Blue,忠孝敦化,2019-02-10,53018.0
Blue,國父紀念館,2019-02-10,41737.0
Blue,市政府,2019-02-10,107704.0
Blue,永春,2019-02-10,26514.0
Blue,後山埤,2019-02-10,26030.0
Blue,昆陽,2019-02-10,15445.0
Blue,南港,2019-02-10,29062.0
Blue,忠孝復興,2019-02-10,50888.5
Blue,南港展覽館,2019-02-10,20552.5
Blue,台北車站,2019-02-11,139115.5
Blue,頂埔,2019-02-11,17155.0
Blue,永寧,2019-02-11,26936.0
Blue,土城,2019-02-11,14799.0
Blue,海山,2019-02-11,44259.0
Blue,亞東醫院,2019-02-11,48725.0
Blue,府中,2019-02-11,58480.0
Blue,板橋,2019-02-11,78193.0
Blue,新埔,2019-02-11,79450.0
Blue,江子翠,2019-02-11,52413.0
Blue,龍山寺,2019-02-11,64241.0
Blue,西門,2019-02-11,81384.5
Blue,善導寺,2019-02-11,39606.0
Blue,忠孝新生,2019-02-11,37750.5
Blue,忠孝敦化,2019-02-11,72372.0
Blue,國父紀念館,2019-02-11,49696.0
Blue,市政府,2019-02-11,128727.0
Blue,永春,2019-02-11,42442.0
Blue,後山埤,2019-02-11,34459.0
Blue,昆陽,2019-02-11,29235.0
Blue,南港,2019-02-11,36170.0
Blue,忠孝復興,2019-02-11,56179.0
Blue,南港展覽館,2019-02-11,33784.0
Blue,台北車站,2019-02-12,137342.5
Blue,頂埔,2019-02-12,17492.0
Blue,永寧,2019-02-12,27864.0
Blue,土城,2019-02-12,15350.0
Blue,海山,2019-02-12,45374.0
Blue,亞東醫院,2019-02-12,50515.0
Blue,府中,2019-02-12,61005.0
Blue,板橋,2019-02-12,80081.0
Blue,新埔,2019-02-12,82100.0
Blue,江子翠,2019-02-12,53681.0
Blue,龍山寺,2019-02-12,65580.0
Blue,西門,2019-02-12,81386.0
Blue,善導寺,2019-02-12,43443.0
Blue,忠孝新生,2019-02-12,38680.0
Blue,忠孝敦化,2019-02-12,75364.0
Blue,國父紀念館,2019-02-12,52790.0
Blue,市政府,2019-02-12,133408.0
Blue,永春,2019-02-12,43430.0
Blue,後山埤,2019-02-12,35198.0
Blue,昆陽,2019-02-12,29785.0
Blue,南港,2019-02-12,36067.0
Blue,忠孝復興,2019-02-12,57662.0
Blue,南港展覽館,2019-02-12,35215.0
Blue,台北車站,2019-02-13,141780.5
Blue,頂埔,2019-02-13,17815.0
Blue,永寧,2019-02-13,28259.0
Blue,土城,2019-02-13,15355.0
Blue,海山,2019-02-13,46035.0
Blue,亞東醫院,2019-02-13,49947.0
Blue,府中,2019-02-13,62353.0
Blue,板橋,2019-02-13,82744.0
Blue,新埔,2019-02-13,83699.0
Blue,江子翠,2019-02-13,54689.0
Blue,龍山寺,2019-02-13,65648.0
Blue,西門,2019-02-13,84820.5
Blue,善導寺,2019-02-13,43761.0
Blue,忠孝新生,2019-02-13,39851.0
Blue,忠孝敦化,2019-02-13,77179.0
Blue,國父紀念館,2019-02-13,54334.0
Blue,市政府,2019-02-13,137248.0
Blue,永春,2019-02-13,43378.0
Blue,後山埤,2019-02-13,36952.0
Blue,昆陽,2019-02-13,30550.0
Blue,南港,2019-02-13,37385.0
Blue,忠孝復興,2019-02-13,59842.5
Blue,南港展覽館,2019-02-13,35993.0
Blue,台北車站,2019-02-14,150366.0
Blue,頂埔,2019-02-14,18213.0
Blue,永寧,2019-02-14,29377.0
Blue,土城,2019-02-14,15511.0
Blue,海山,2019-02-14,46331.0
Blue,亞東醫院,2019-02-14,50551.0
Blue,府中,2019-02-14,64001.0
Blue,板橋,2019-02-14,87011.0
Blue,新埔,2019-02-14,84114.0
Blue,江子翠,2019-02-14,55745.0
Blue,龍山寺,2019-02-14,66962.0
Blue,西門,2019-02-14,91858.0
Blue,善導寺,2019-02-14,44661.0
Blue,忠孝新生,2019-02-14,41208.5
Blue,忠孝敦化,2019-02-14,80818.0
Blue,國父紀念館,2019-02-14,59360.0
Blue,市政府,2019-02-14,148755.0
Blue,永春,2019-02-14,43522.0
Blue,後山埤,2019-02-14,35500.0
Blue,昆陽,2019-02-14,31565.0
Blue,南港,2019-02-14,39273.0
Blue,忠孝復興,2019-02-14,63820.5
Blue,南港展覽館,2019-02-14,37045.5
Blue,台北車站,2019-02-15,172132.0
Blue,頂埔,2019-02-15,18751.0
Blue,永寧,2019-02-15,31226.0
Blue,土城,2019-02-15,16146.0
Blue,海山,2019-02-15,48481.0
Blue,亞東醫院,2019-02-15,52842.0
Blue,府中,2019-02-15,68925.0
Blue,板橋,2019-02-15,92780.0
Blue,新埔,2019-02-15,88864.0
Blue,江子翠,2019-02-15,57785.0
Blue,龍山寺,2019-02-15,70833.0
Blue,西門,2019-02-15,103557.5
Blue,善導寺,2019-02-15,48739.0
Blue,忠孝新生,2019-02-15,45818.0
Blue,忠孝敦化,2019-02-15,86904.0
Blue,國父紀念館,2019-02-15,65135.0
Blue,市政府,2019-02-15,161235.0
Blue,永春,2019-02-15,46606.0
Blue,後山埤,2019-02-15,38501.0
Blue,昆陽,2019-02-15,33079.0
Blue,南港,2019-02-15,44292.0
Blue,忠孝復興,2019-02-15,68156.5
Blue,南港展覽館,2019-02-15,49915.5
Blue,台北車站,2019-02-16,202964.0
Blue,頂埔,2019-02-16,15377.0
Blue,永寧,2019-02-16,30476.0
Blue,土城,2019-02-16,15056.0
Blue,海山,2019-02-16,42152.0
Blue,亞東醫院,2019-02-16,41532.0
Blue,府中,2019-02-16,70128.0
Blue,板橋,2019-02-16,94808.0
Blue,新埔,2019-02-16,78694.0
Blue,江子翠,2019-02-16,50538.0
Blue,龍山寺,2019-02-16,76797.0
Blue,西門,2019-02-16,159748.5
Blue,善導寺,2019-02-16,36359.0
Blue,忠孝新生,2019-02-16,51927.0
Blue,忠孝敦化,2019-02-16,80375.0
Blue,國父紀念館,2019-02-16,73744.0
Blue,市政府,2019-02-16,164307.0
Blue,永春,2019-02-16,36195.0
Blue,後山埤,2019-02-16,35857.0
Blue,昆陽,2019-02-16,21916.0
Blue,南港,2019-02-16,36729.0
Blue,忠孝復興,2019-02-16,72759.0
Blue,南港展覽館,2019-02-16,46696.0
Blue,台北車站,2019-02-17,186102.5
Blue,頂埔,2019-02-17,14035.0
Blue,永寧,2019-02-17,24663.0
Blue,土城,2019-02-17,13368.0
Blue,海山,2019-02-17,36021.0
Blue,亞東醫院,2019-02-17,32431.0
Blue,府中,2019-02-17,57557.0
Blue,板橋,2019-02-17,81643.0
Blue,新埔,2019-02-17,65486.0
Blue,江子翠,2019-02-17,42059.0
Blue,龍山寺,2019-02-17,68548.0
Blue,西門,2019-02-17,133495.0
Blue,善導寺,2019-02-17,30982.0
Blue,忠孝新生,2019-02-17,43912.0
Blue,忠孝敦化,2019-02-17,61783.0
Blue,國父紀念館,2019-02-17,54776.0
Blue,市政府,2019-02-17,130362.0
Blue,永春,2019-02-17,30497.0
Blue,後山埤,2019-02-17,28937.0
Blue,昆陽,2019-02-17,18379.0
Blue,南港,2019-02-17,33018.0
Blue,忠孝復興,2019-02-17,57979.0
Blue,南港展覽館,2019-02-17,42138.0
Blue,台北車站,2019-02-18,144112.5
Blue,頂埔,2019-02-18,17667.0
Blue,永寧,2019-02-18,27502.0
Blue,土城,2019-02-18,15151.0
Blue,海山,2019-02-18,46101.0
Blue,亞東醫院,2019-02-18,52316.0
Blue,府中,2019-02-18,60871.0
Blue,板橋,2019-02-18,80584.0
Blue,新埔,2019-02-18,82721.0
Blue,江子翠,2019-02-18,53368.0
Blue,龍山寺,2019-02-18,66770.0
Blue,西門,2019-02-18,96172.5
Blue,善導寺,2019-02-18,46625.0
Blue,忠孝新生,2019-02-18,40736.0
Blue,忠孝敦化,2019-02-18,71885.0
Blue,國父紀念館,2019-02-18,54130.0
Blue,市政府,2019-02-18,134239.0
Blue,永春,2019-02-18,42659.0
Blue,後山埤,2019-02-18,34875.0
Blue,昆陽,2019-02-18,30904.0
Blue,南港,2019-02-18,37807.0
Blue,忠孝復興,2019-02-18,57283.0
Blue,南港展覽館,2019-02-18,45589.5
Blue,台北車站,2019-02-19,137936.5
Blue,頂埔,2019-02-19,17832.0
Blue,永寧,2019-02-19,27749.0
Blue,土城,2019-02-19,15184.0
Blue,海山,2019-02-19,46697.0
Blue,亞東醫院,2019-02-19,52879.0
Blue,府中,2019-02-19,62154.0
Blue,板橋,2019-02-19,79272.0
Blue,新埔,2019-02-19,84421.0
Blue,江子翠,2019-02-19,54593.0
Blue,龍山寺,2019-02-19,71432.0
Blue,西門,2019-02-19,101611.5
Blue,善導寺,2019-02-19,50343.0
Blue,忠孝新生,2019-02-19,40419.5
Blue,忠孝敦化,2019-02-19,71024.0
Blue,國父紀念館,2019-02-19,56788.0
Blue,市政府,2019-02-19,134416.0
Blue,永春,2019-02-19,44323.0
Blue,後山埤,2019-02-19,35701.0
Blue,昆陽,2019-02-19,30755.0
Blue,南港,2019-02-19,36518.0
Blue,忠孝復興,2019-02-19,56661.5
Blue,南港展覽館,2019-02-19,36234.5
Blue,台北車站,2019-02-20,139968.0
Blue,頂埔,2019-02-20,17934.0
Blue,永寧,2019-02-20,28155.0
Blue,土城,2019-02-20,15917.0
Blue,海山,2019-02-20,47107.0
Blue,亞東醫院,2019-02-20,53145.0
Blue,府中,2019-02-20,62312.0
Blue,板橋,2019-02-20,81525.0
Blue,新埔,2019-02-20,84473.0
Blue,江子翠,2019-02-20,55449.0
Blue,龍山寺,2019-02-20,65592.0
Blue,西門,2019-02-20,96010.0
Blue,善導寺,2019-02-20,50671.0
Blue,忠孝新生,2019-02-20,40501.5
Blue,忠孝敦化,2019-02-20,73832.0
Blue,國父紀念館,2019-02-20,48372.0
Blue,市政府,2019-02-20,125991.0
Blue,永春,2019-02-20,42913.0
Blue,後山埤,2019-02-20,35385.0
Blue,昆陽,2019-02-20,31065.0
Blue,南港,2019-02-20,37068.0
Blue,忠孝復興,2019-02-20,57934.0
Blue,南港展覽館,2019-02-20,36273.5
Blue,台北車站,2019-02-21,138808.0
Blue,頂埔,2019-02-21,17616.0
Blue,永寧,2019-02-21,27702.0
Blue,土城,2019-02-21,15121.0
Blue,海山,2019-02-21,46512.0
Blue,亞東醫院,2019-02-21,52604.0
Blue,府中,2019-02-21,61251.0
Blue,板橋,2019-02-21,81134.0
Blue,新埔,2019-02-21,84809.0
Blue,江子翠,2019-02-21,54946.0
Blue,龍山寺,2019-02-21,63959.0
Blue,西門,2019-02-21,92195.0
Blue,善導寺,2019-02-21,49950.0
Blue,忠孝新生,2019-02-21,40236.5
Blue,忠孝敦化,2019-02-21,74117.0
Blue,國父紀念館,2019-02-21,48592.0
Blue,市政府,2019-02-21,127059.0
Blue,永春,2019-02-21,43052.0
Blue,後山埤,2019-02-21,35199.0
Blue,昆陽,2019-02-21,31177.0
Blue,南港,2019-02-21,36759.0
Blue,忠孝復興,2019-02-21,58426.5
Blue,南港展覽館,2019-02-21,36007.0
Blue,台北車站,2019-02-22,155701.0
Blue,頂埔,2019-02-22,17847.0
Blue,永寧,2019-02-22,28579.0
Blue,土城,2019-02-22,15900.0
Blue,海山,2019-02-22,47489.0
Blue,亞東醫院,2019-02-22,54167.0
Blue,府中,2019-02-22,64099.0
Blue,板橋,2019-02-22,87373.0
Blue,新埔,2019-02-22,90507.0
Blue,江子翠,2019-02-22,56578.0
Blue,龍山寺,2019-02-22,65101.0
Blue,西門,2019-02-22,97825.0
Blue,善導寺,2019-02-22,52824.0
Blue,忠孝新生,2019-02-22,45496.5
Blue,忠孝敦化,2019-02-22,81469.0
Blue,國父紀念館,2019-02-22,52324.0
Blue,市政府,2019-02-22,138763.0
Blue,永春,2019-02-22,45533.0
Blue,後山埤,2019-02-22,37270.0
Blue,昆陽,2019-02-22,31451.0
Blue,南港,2019-02-22,41636.0
Blue,忠孝復興,2019-02-22,63999.5
Blue,南港展覽館,2019-02-22,41163.5
Blue,台北車站,2019-02-23,169888.0
Blue,頂埔,2019-02-23,17304.0
Blue,永寧,2019-02-23,27875.0
Blue,土城,2019-02-23,15393.0
Blue,海山,2019-02-23,45975.0
Blue,亞東醫院,2019-02-23,45181.0
Blue,府中,2019-02-23,65322.0
Blue,板橋,2019-02-23,92682.0
Blue,新埔,2019-02-23,83156.0
Blue,江子翠,2019-02-23,54191.0
Blue,龍山寺,2019-02-23,70038.0
Blue,西門,2019-02-23,121217.5
Blue,善導寺,2019-02-23,48232.0
Blue,忠孝新生,2019-02-23,47714.0
Blue,忠孝敦化,2019-02-23,82222.0
Blue,國父紀念館,2019-02-23,54386.0
Blue,市政府,2019-02-23,144043.0
Blue,永春,2019-02-23,44408.0
Blue,後山埤,2019-02-23,35338.0
Blue,昆陽,2019-02-23,29185.0
Blue,南港,2019-02-23,39505.0
Blue,忠孝復興,2019-02-23,70212.5
Blue,南港展覽館,2019-02-23,32207.0
Blue,台北車站,2019-02-24,171287.5
Blue,頂埔,2019-02-24,10812.0
Blue,永寧,2019-02-24,19254.0
Blue,土城,2019-02-24,10387.0
Blue,海山,2019-02-24,30303.0
Blue,亞東醫院,2019-02-24,28088.0
Blue,府中,2019-02-24,49117.0
Blue,板橋,2019-02-24,74378.0
Blue,新埔,2019-02-24,58533.0
Blue,江子翠,2019-02-24,36658.0
Blue,龍山寺,2019-02-24,52571.0
Blue,西門,2019-02-24,127921.5
Blue,善導寺,2019-02-24,28756.0
Blue,忠孝新生,2019-02-24,37440.0
Blue,忠孝敦化,2019-02-24,56953.0
Blue,國父紀念館,2019-02-24,40504.0
Blue,市政府,2019-02-24,101884.0
Blue,永春,2019-02-24,28047.0
Blue,後山埤,2019-02-24,25159.0
Blue,昆陽,2019-02-24,16662.0
Blue,南港,2019-02-24,26929.0
Blue,忠孝復興,2019-02-24,53575.0
Blue,南港展覽館,2019-02-24,20404.5
Blue,台北車站,2019-02-25,135928.5
Blue,頂埔,2019-02-25,17405.0
Blue,永寧,2019-02-25,27187.0
Blue,土城,2019-02-25,15292.0
Blue,海山,2019-02-25,45764.0
Blue,亞東醫院,2019-02-25,52470.0
Blue,府中,2019-02-25,59773.0
Blue,板橋,2019-02-25,79465.0
Blue,新埔,2019-02-25,86561.0
Blue,江子翠,2019-02-25,53754.0
Blue,龍山寺,2019-02-25,61887.0
Blue,西門,2019-02-25,78638.0
Blue,善導寺,2019-02-25,47202.0
Blue,忠孝新生,2019-02-25,40903.0
Blue,忠孝敦化,2019-02-25,70864.0
Blue,國父紀念館,2019-02-25,45336.0
Blue,市政府,2019-02-25,124080.0
Blue,永春,2019-02-25,43241.0
Blue,後山埤,2019-02-25,34418.0
Blue,昆陽,2019-02-25,31213.0
Blue,南港,2019-02-25,36559.0
Blue,忠孝復興,2019-02-25,54515.0
Blue,南港展覽館,2019-02-25,35028.0
Blue,台北車站,2019-02-26,134610.5
Blue,頂埔,2019-02-26,17596.0
Blue,永寧,2019-02-26,28214.0
Blue,土城,2019-02-26,15269.0
Blue,海山,2019-02-26,46574.0
Blue,亞東醫院,2019-02-26,53192.0
Blue,府中,2019-02-26,61745.0
Blue,板橋,2019-02-26,80631.0
Blue,新埔,2019-02-26,88541.0
Blue,江子翠,2019-02-26,54180.0
Blue,龍山寺,2019-02-26,61976.0
Blue,西門,2019-02-26,78559.0
Blue,善導寺,2019-02-26,50280.0
Blue,忠孝新生,2019-02-26,41506.0
Blue,忠孝敦化,2019-02-26,72240.0
Blue,國父紀念館,2019-02-26,46599.0
Blue,市政府,2019-02-26,124389.0
Blue,永春,2019-02-26,44082.0
Blue,後山埤,2019-02-26,34699.0
Blue,昆陽,2019-02-26,30795.0
Blue,南港,2019-02-26,36638.0
Blue,忠孝復興,2019-02-26,56209.5
Blue,南港展覽館,2019-02-26,35906.5
Blue,台北車站,2019-02-27,163500.0
Blue,頂埔,2019-02-27,18749.0
Blue,永寧,2019-02-27,31076.0
Blue,土城,2019-02-27,16328.0
Blue,海山,2019-02-27,49567.0
Blue,亞東醫院,2019-02-27,54660.0
Blue,府中,2019-02-27,65002.0
Blue,板橋,2019-02-27,91468.0
Blue,新埔,2019-02-27,91435.0
Blue,江子翠,2019-02-27,56907.0
Blue,龍山寺,2019-02-27,65240.0
Blue,西門,2019-02-27,86463.5
Blue,善導寺,2019-02-27,51090.0
Blue,忠孝新生,2019-02-27,43809.0
Blue,忠孝敦化,2019-02-27,77789.0
Blue,國父紀念館,2019-02-27,50438.0
Blue,市政府,2019-02-27,137071.0
Blue,永春,2019-02-27,45457.0
Blue,後山埤,2019-02-27,36769.0
Blue,昆陽,2019-02-27,32330.0
Blue,南港,2019-02-27,43632.0
Blue,忠孝復興,2019-02-27,61884.5
Blue,南港展覽館,2019-02-27,38125.0
Blue,台北車站,2019-02-28,171224.5
Blue,頂埔,2019-02-28,13316.0
Blue,永寧,2019-02-28,23931.0
Blue,土城,2019-02-28,12233.0
Blue,海山,2019-02-28,35352.0
Blue,亞東醫院,2019-02-28,31765.0
Blue,府中,2019-02-28,57336.0
Blue,板橋,2019-02-28,84136.0
Blue,新埔,2019-02-28,64102.0
Blue,江子翠,2019-02-28,41369.0
Blue,龍山寺,2019-02-28,65399.0
Blue,西門,2019-02-28,114005.0
Blue,善導寺,2019-02-28,26586.0
Blue,忠孝新生,2019-02-28,47146.0
Blue,忠孝敦化,2019-02-28,66010.0
Blue,國父紀念館,2019-02-28,47655.0
Blue,市政府,2019-02-28,120046.0
Blue,永春,2019-02-28,29227.0
Blue,後山埤,2019-02-28,28839.0
Blue,昆陽,2019-02-28,17661.0
Blue,南港,2019-02-28,33419.0
Blue,忠孝復興,2019-02-28,61742.5
Blue,南港展覽館,2019-02-28,22653.5
Blue,台北車站,2019-03-01,169570.0
Blue,頂埔,2019-03-01,13981.0
Blue,永寧,2019-03-01,25291.0
Blue,土城,2019-03-01,12964.0
Blue,海山,2019-03-01,35922.0
Blue,亞東醫院,2019-03-01,37744.0
Blue,府中,2019-03-01,60740.0
Blue,板橋,2019-03-01,82993.0
Blue,新埔,2019-03-01,65184.0
Blue,江子翠,2019-03-01,41227.0
Blue,龍山寺,2019-03-01,67696.0
Blue,西門,2019-03-01,115445.5
Blue,善導寺,2019-03-01,27170.0
Blue,忠孝新生,2019-03-01,47336.0
Blue,忠孝敦化,2019-03-01,65450.0
Blue,國父紀念館,2019-03-01,48858.0
Blue,市政府,2019-03-01,114990.0
Blue,永春,2019-03-01,29190.0
Blue,後山埤,2019-03-01,29257.0
Blue,昆陽,2019-03-01,17620.0
Blue,南港,2019-03-01,30211.0
Blue,忠孝復興,2019-03-01,61249.5
Blue,南港展覽館,2019-03-01,22345.5
Blue,台北車站,2019-03-02,172268.5
Blue,頂埔,2019-03-02,13757.0
Blue,永寧,2019-03-02,25552.0
Blue,土城,2019-03-02,13413.0
Blue,海山,2019-03-02,36836.0
Blue,亞東醫院,2019-03-02,34942.0
Blue,府中,2019-03-02,59738.0
Blue,板橋,2019-03-02,84422.0
Blue,新埔,2019-03-02,67300.0
Blue,江子翠,2019-03-02,41880.0
Blue,龍山寺,2019-03-02,67763.0
Blue,西門,2019-03-02,113692.0
Blue,善導寺,2019-03-02,30758.0
Blue,忠孝新生,2019-03-02,47941.0
Blue,忠孝敦化,2019-03-02,69936.0
Blue,國父紀念館,2019-03-02,47524.0
Blue,市政府,2019-03-02,112428.0
Blue,永春,2019-03-02,29430.0
Blue,後山埤,2019-03-02,28828.0
Blue,昆陽,2019-03-02,17506.0
Blue,南港,2019-03-02,30528.0
Blue,忠孝復興,2019-03-02,60942.0
Blue,南港展覽館,2019-03-02,23803.0
Blue,台北車站,2019-03-03,160477.5
Blue,頂埔,2019-03-03,11214.0
Blue,永寧,2019-03-03,18747.0
Blue,土城,2019-03-03,9908.0
Blue,海山,2019-03-03,28443.0
Blue,亞東醫院,2019-03-03,26305.0
Blue,府中,2019-03-03,45069.0
Blue,板橋,2019-03-03,71854.0
Blue,新埔,2019-03-03,52942.0
Blue,江子翠,2019-03-03,34069.0
Blue,龍山寺,2019-03-03,48357.0
Blue,西門,2019-03-03,80509.5
Blue,善導寺,2019-03-03,24177.0
Blue,忠孝新生,2019-03-03,33843.5
Blue,忠孝敦化,2019-03-03,53049.0
Blue,國父紀念館,2019-03-03,34575.0
Blue,市政府,2019-03-03,89725.0
Blue,永春,2019-03-03,25486.0
Blue,後山埤,2019-03-03,23889.0
Blue,昆陽,2019-03-03,14686.0
Blue,南港,2019-03-03,28556.0
Blue,忠孝復興,2019-03-03,47543.0
Blue,南港展覽館,2019-03-03,21459.0
Blue,台北車站,2019-03-04,134552.0
Blue,頂埔,2019-03-04,17367.0
Blue,永寧,2019-03-04,27377.0
Blue,土城,2019-03-04,15296.0
Blue,海山,2019-03-04,45461.0
Blue,亞東醫院,2019-03-04,52058.0
Blue,府中,2019-03-04,58452.0
Blue,板橋,2019-03-04,77722.0
Blue,新埔,2019-03-04,85044.0
Blue,江子翠,2019-03-04,52676.0
Blue,龍山寺,2019-03-04,59917.0
Blue,西門,2019-03-04,74341.0
Blue,善導寺,2019-03-04,46451.0
Blue,忠孝新生,2019-03-04,39626.5
Blue,忠孝敦化,2019-03-04,69472.0
Blue,國父紀念館,2019-03-04,42882.0
Blue,市政府,2019-03-04,118360.0
Blue,永春,2019-03-04,41511.0
Blue,後山埤,2019-03-04,34494.0
Blue,昆陽,2019-03-04,30038.0
Blue,南港,2019-03-04,38526.0
Blue,忠孝復興,2019-03-04,52459.0
Blue,南港展覽館,2019-03-04,43233.5
Blue,台北車站,2019-03-05,129607.5
Blue,頂埔,2019-03-05,17745.0
Blue,永寧,2019-03-05,27937.0
Blue,土城,2019-03-05,15531.0
Blue,海山,2019-03-05,46426.0
Blue,亞東醫院,2019-03-05,53501.0
Blue,府中,2019-03-05,60783.0
Blue,板橋,2019-03-05,79946.0
Blue,新埔,2019-03-05,88587.0
Blue,江子翠,2019-03-05,54214.0
Blue,龍山寺,2019-03-05,60576.0
Blue,西門,2019-03-05,75609.5
Blue,善導寺,2019-03-05,51509.0
Blue,忠孝新生,2019-03-05,40344.5
Blue,忠孝敦化,2019-03-05,72357.0
Blue,國父紀念館,2019-03-05,44825.0
Blue,市政府,2019-03-05,120190.0
Blue,永春,2019-03-05,43657.0
Blue,後山埤,2019-03-05,35030.0
Blue,昆陽,2019-03-05,30321.0
Blue,南港,2019-03-05,40022.0
Blue,忠孝復興,2019-03-05,54128.5
Blue,南港展覽館,2019-03-05,46037.5
Blue,台北車站,2019-03-06,134624.5
Blue,頂埔,2019-03-06,17536.0
Blue,永寧,2019-03-06,27424.0
Blue,土城,2019-03-06,15549.0
Blue,海山,2019-03-06,46326.0
Blue,亞東醫院,2019-03-06,53023.0
Blue,府中,2019-03-06,60707.0
Blue,板橋,2019-03-06,84453.0
Blue,新埔,2019-03-06,88472.0
Blue,江子翠,2019-03-06,54829.0
Blue,龍山寺,2019-03-06,60912.0
Blue,西門,2019-03-06,79707.5
Blue,善導寺,2019-03-06,54082.0
Blue,忠孝新生,2019-03-06,40691.5
Blue,忠孝敦化,2019-03-06,74220.0
Blue,國父紀念館,2019-03-06,46960.0
Blue,市政府,2019-03-06,124700.0
Blue,永春,2019-03-06,44301.0
Blue,後山埤,2019-03-06,35712.0
Blue,昆陽,2019-03-06,30671.0
Blue,南港,2019-03-06,41326.0
Blue,忠孝復興,2019-03-06,57234.0
Blue,南港展覽館,2019-03-06,46900.5
Blue,台北車站,2019-03-07,140407.5
Blue,頂埔,2019-03-07,17383.0
Blue,永寧,2019-03-07,26632.0
Blue,土城,2019-03-07,14908.0
Blue,海山,2019-03-07,46297.0
Blue,亞東醫院,2019-03-07,52907.0
Blue,府中,2019-03-07,60545.0
Blue,板橋,2019-03-07,85089.0
Blue,新埔,2019-03-07,89539.0
Blue,江子翠,2019-03-07,55015.0
Blue,龍山寺,2019-03-07,61304.0
Blue,西門,2019-03-07,79956.0
Blue,善導寺,2019-03-07,55331.0
Blue,忠孝新生,2019-03-07,40613.0
Blue,忠孝敦化,2019-03-07,74535.0
Blue,國父紀念館,2019-03-07,47597.0
Blue,市政府,2019-03-07,127506.0
Blue,永春,2019-03-07,45645.0
Blue,後山埤,2019-03-07,36808.0
Blue,昆陽,2019-03-07,31607.0
Blue,南港,2019-03-07,42833.0
Blue,忠孝復興,2019-03-07,58830.5
Blue,南港展覽館,2019-03-07,46846.5
Blue,台北車站,2019-03-08,170485.0
Blue,頂埔,2019-03-08,18699.0
Blue,永寧,2019-03-08,29870.0
Blue,土城,2019-03-08,16490.0
Blue,海山,2019-03-08,48793.0
Blue,亞東醫院,2019-03-08,54567.0
Blue,府中,2019-03-08,66410.0
Blue,板橋,2019-03-08,95788.0
Blue,新埔,2019-03-08,94184.0
Blue,江子翠,2019-03-08,57343.0
Blue,龍山寺,2019-03-08,66623.0
Blue,西門,2019-03-08,97737.0
Blue,善導寺,2019-03-08,57874.0
Blue,忠孝新生,2019-03-08,48377.0
Blue,忠孝敦化,2019-03-08,85847.0
Blue,國父紀念館,2019-03-08,53574.0
Blue,市政府,2019-03-08,146339.0
Blue,永春,2019-03-08,48251.0
Blue,後山埤,2019-03-08,39419.0
Blue,昆陽,2019-03-08,32473.0
Blue,南港,2019-03-08,48028.0
Blue,忠孝復興,2019-03-08,68121.5
Blue,南港展覽館,2019-03-08,50470.5
Blue,台北車站,2019-03-09,182512.5
Blue,頂埔,2019-03-09,12816.0
Blue,永寧,2019-03-09,22864.0
Blue,土城,2019-03-09,13023.0
Blue,海山,2019-03-09,36144.0
Blue,亞東醫院,2019-03-09,36679.0
Blue,府中,2019-03-09,61312.0
Blue,板橋,2019-03-09,89836.0
Blue,新埔,2019-03-09,72171.0
Blue,江子翠,2019-03-09,45301.0
Blue,龍山寺,2019-03-09,59748.0
Blue,西門,2019-03-09,111739.0
Blue,善導寺,2019-03-09,38198.0
Blue,忠孝新生,2019-03-09,47590.5
Blue,忠孝敦化,2019-03-09,74727.0
Blue,國父紀念館,2019-03-09,45433.0
Blue,市政府,2019-03-09,119247.0
Blue,永春,2019-03-09,34094.0
Blue,後山埤,2019-03-09,31035.0
Blue,昆陽,2019-03-09,19568.0
Blue,南港,2019-03-09,36720.0
Blue,忠孝復興,2019-03-09,69203.5
Blue,南港展覽館,2019-03-09,38283.5
Blue,台北車站,2019-03-10,161870.5
Blue,頂埔,2019-03-10,12177.0
Blue,永寧,2019-03-10,20698.0
Blue,土城,2019-03-10,11355.0
Blue,海山,2019-03-10,31111.0
Blue,亞東醫院,2019-03-10,28502.0
Blue,府中,2019-03-10,50623.0
Blue,板橋,2019-03-10,77333.0
Blue,新埔,2019-03-10,59165.0
Blue,江子翠,2019-03-10,38433.0
Blue,龍山寺,2019-03-10,56078.0
Blue,西門,2019-03-10,96884.5
Blue,善導寺,2019-03-10,31426.0
Blue,忠孝新生,2019-03-10,40911.5
Blue,忠孝敦化,2019-03-10,57388.0
Blue,國父紀念館,2019-03-10,35178.0
Blue,市政府,2019-03-10,99489.0
Blue,永春,2019-03-10,28852.0
Blue,後山埤,2019-03-10,27701.0
Blue,昆陽,2019-03-10,16246.0
Blue,南港,2019-03-10,28270.0
Blue,忠孝復興,2019-03-10,54798.5
Blue,南港展覽館,2019-03-10,20065.0
Blue,台北車站,2019-03-11,137862.0
Blue,頂埔,2019-03-11,17999.0
Blue,永寧,2019-03-11,27745.0
Blue,土城,2019-03-11,15387.0
Blue,海山,2019-03-11,45771.0
Blue,亞東醫院,2019-03-11,52482.0
Blue,府中,2019-03-11,60724.0
Blue,板橋,2019-03-11,81921.0
Blue,新埔,2019-03-11,86512.0
Blue,江子翠,2019-03-11,53843.0
Blue,龍山寺,2019-03-11,63277.0
Blue,西門,2019-03-11,82181.0
Blue,善導寺,2019-03-11,47112.0
Blue,忠孝新生,2019-03-11,39135.5
Blue,忠孝敦化,2019-03-11,70411.0
Blue,國父紀念館,2019-03-11,43668.0
Blue,市政府,2019-03-11,122418.0
Blue,永春,2019-03-11,42284.0
Blue,後山埤,2019-03-11,34501.0
Blue,昆陽,2019-03-11,30427.0
Blue,南港,2019-03-11,35726.0
Blue,忠孝復興,2019-03-11,54632.5
Blue,南港展覽館,2019-03-11,35352.5
Blue,台北車站,2019-03-12,135621.0
Blue,頂埔,2019-03-12,17710.0
Blue,永寧,2019-03-12,28298.0
Blue,土城,2019-03-12,15744.0
Blue,海山,2019-03-12,47071.0
Blue,亞東醫院,2019-03-12,53799.0
Blue,府中,2019-03-12,62163.0
Blue,板橋,2019-03-12,82325.0
Blue,新埔,2019-03-12,88681.0
Blue,江子翠,2019-03-12,54354.0
Blue,龍山寺,2019-03-12,64099.0
Blue,西門,2019-03-12,82010.0
Blue,善導寺,2019-03-12,51881.0
Blue,忠孝新生,2019-03-12,40014.5
Blue,忠孝敦化,2019-03-12,72756.0
Blue,國父紀念館,2019-03-12,46532.0
Blue,市政府,2019-03-12,122034.0
Blue,永春,2019-03-12,43885.0
Blue,後山埤,2019-03-12,34707.0
Blue,昆陽,2019-03-12,30506.0
Blue,南港,2019-03-12,36253.0
Blue,忠孝復興,2019-03-12,56714.5
Blue,南港展覽館,2019-03-12,35867.5
Blue,台北車站,2019-03-13,136080.0
Blue,頂埔,2019-03-13,17843.0
Blue,永寧,2019-03-13,28242.0
Blue,土城,2019-03-13,15769.0
Blue,海山,2019-03-13,46728.0
Blue,亞東醫院,2019-03-13,53183.0
Blue,府中,2019-03-13,62685.0
Blue,板橋,2019-03-13,83065.0
Blue,新埔,2019-03-13,88522.0
Blue,江子翠,2019-03-13,54803.0
Blue,龍山寺,2019-03-13,64409.0
Blue,西門,2019-03-13,83774.0
Blue,善導寺,2019-03-13,53120.0
Blue,忠孝新生,2019-03-13,40561.0
Blue,忠孝敦化,2019-03-13,73836.0
Blue,國父紀念館,2019-03-13,46703.0
Blue,市政府,2019-03-13,125272.0
Blue,永春,2019-03-13,43280.0
Blue,後山埤,2019-03-13,35472.0
Blue,昆陽,2019-03-13,30613.0
Blue,南港,2019-03-13,36422.0
Blue,忠孝復興,2019-03-13,57698.0
Blue,南港展覽館,2019-03-13,36273.0
Blue,台北車站,2019-03-14,138419.0
Blue,頂埔,2019-03-14,17675.0
Blue,永寧,2019-03-14,28341.0
Blue,土城,2019-03-14,15373.0
Blue,海山,2019-03-14,46578.0
Blue,亞東醫院,2019-03-14,52661.0
Blue,府中,2019-03-14,62085.0
Blue,板橋,2019-03-14,84634.0
Blue,新埔,2019-03-14,87782.0
Blue,江子翠,2019-03-14,54491.0
Blue,龍山寺,2019-03-14,63709.0
Blue,西門,2019-03-14,84101.0
Blue,善導寺,2019-03-14,51768.0
Blue,忠孝新生,2019-03-14,40004.5
Blue,忠孝敦化,2019-03-14,74392.0
Blue,國父紀念館,2019-03-14,47336.0
Blue,市政府,2019-03-14,125780.0
Blue,永春,2019-03-14,43364.0
Blue,後山埤,2019-03-14,35270.0
Blue,昆陽,2019-03-14,31534.0
Blue,南港,2019-03-14,36877.0
Blue,忠孝復興,2019-03-14,58727.5
Blue,南港展覽館,2019-03-14,36851.0
Blue,台北車站,2019-03-15,174522.5
Blue,頂埔,2019-03-15,19178.0
Blue,永寧,2019-03-15,30551.0
Blue,土城,2019-03-15,16552.0
Blue,海山,2019-03-15,49383.0
Blue,亞東醫院,2019-03-15,54980.0
Blue,府中,2019-03-15,67513.0
Blue,板橋,2019-03-15,96008.0
Blue,新埔,2019-03-15,92546.0
Blue,江子翠,2019-03-15,57415.0
Blue,龍山寺,2019-03-15,68411.0
Blue,西門,2019-03-15,97045.5
Blue,善導寺,2019-03-15,54453.0
Blue,忠孝新生,2019-03-15,46830.0
Blue,忠孝敦化,2019-03-15,84983.0
Blue,國父紀念館,2019-03-15,54658.0
Blue,市政府,2019-03-15,146553.0
Blue,永春,2019-03-15,46357.0
Blue,後山埤,2019-03-15,37926.0
Blue,昆陽,2019-03-15,32256.0
Blue,南港,2019-03-15,46434.0
Blue,忠孝復興,2019-03-15,66241.0
Blue,南港展覽館,2019-03-15,58200.0
Blue,台北車站,2019-03-16,186729.5
Blue,頂埔,2019-03-16,14781.0
Blue,永寧,2019-03-16,26285.0
Blue,土城,2019-03-16,13821.0
Blue,海山,2019-03-16,40074.0
Blue,亞東醫院,2019-03-16,39013.0
Blue,府中,2019-03-16,65223.0
Blue,板橋,2019-03-16,92498.0
Blue,新埔,2019-03-16,76076.0
Blue,江子翠,2019-03-16,48530.0
Blue,龍山寺,2019-03-16,68002.0
Blue,西門,2019-03-16,112596.5
Blue,善導寺,2019-03-16,37372.0
Blue,忠孝新生,2019-03-16,51824.0
Blue,忠孝敦化,2019-03-16,75788.0
Blue,國父紀念館,2019-03-16,46540.0
Blue,市政府,2019-03-16,124640.0
Blue,永春,2019-03-16,35294.0
Blue,後山埤,2019-03-16,33193.0
Blue,昆陽,2019-03-16,21350.0
Blue,南港,2019-03-16,37869.0
Blue,忠孝復興,2019-03-16,67719.0
Blue,南港展覽館,2019-03-16,52152.0
Blue,台北車站,2019-03-17,173613.5
Blue,頂埔,2019-03-17,13619.0
Blue,永寧,2019-03-17,23341.0
Blue,土城,2019-03-17,12306.0
Blue,海山,2019-03-17,33070.0
Blue,亞東醫院,2019-03-17,31879.0
Blue,府中,2019-03-17,53552.0
Blue,板橋,2019-03-17,80583.0
Blue,新埔,2019-03-17,61645.0
Blue,江子翠,2019-03-17,39410.0
Blue,龍山寺,2019-03-17,60595.0
Blue,西門,2019-03-17,97186.0
Blue,善導寺,2019-03-17,32512.0
Blue,忠孝新生,2019-03-17,42214.0
Blue,忠孝敦化,2019-03-17,57453.0
Blue,國父紀念館,2019-03-17,36456.0
Blue,市政府,2019-03-17,104140.0
Blue,永春,2019-03-17,29133.0
Blue,後山埤,2019-03-17,26985.0
Blue,昆陽,2019-03-17,17688.0
Blue,南港,2019-03-17,33279.0
Blue,忠孝復興,2019-03-17,53176.0
Blue,南港展覽館,2019-03-17,44297.0
Blue,台北車站,2019-03-18,140481.0
Blue,頂埔,2019-03-18,17896.0
Blue,永寧,2019-03-18,27720.0
Blue,土城,2019-03-18,15274.0
Blue,海山,2019-03-18,45790.0
Blue,亞東醫院,2019-03-18,52182.0
Blue,府中,2019-03-18,59604.0
Blue,板橋,2019-03-18,80660.0
Blue,新埔,2019-03-18,85888.0
Blue,江子翠,2019-03-18,53674.0
Blue,龍山寺,2019-03-18,63210.0
Blue,西門,2019-03-18,81200.5
Blue,善導寺,2019-03-18,47729.0
Blue,忠孝新生,2019-03-18,39270.5
Blue,忠孝敦化,2019-03-18,69339.0
Blue,國父紀念館,2019-03-18,44372.0
Blue,市政府,2019-03-18,121697.0
Blue,永春,2019-03-18,42059.0
Blue,後山埤,2019-03-18,35058.0
Blue,昆陽,2019-03-18,30476.0
Blue,南港,2019-03-18,38979.0
Blue,忠孝復興,2019-03-18,53978.5
Blue,南港展覽館,2019-03-18,53832.0
Blue,台北車站,2019-03-19,132133.5
Blue,頂埔,2019-03-19,17646.0
Blue,永寧,2019-03-19,27441.0
Blue,土城,2019-03-19,15234.0
Blue,海山,2019-03-19,45942.0
Blue,亞東醫院,2019-03-19,52926.0
Blue,府中,2019-03-19,60750.0
Blue,板橋,2019-03-19,79958.0
Blue,新埔,2019-03-19,87098.0
Blue,江子翠,2019-03-19,54121.0
Blue,龍山寺,2019-03-19,62101.0
Blue,西門,2019-03-19,79163.0
Blue,善導寺,2019-03-19,51192.0
Blue,忠孝新生,2019-03-19,40353.5
Blue,忠孝敦化,2019-03-19,71069.0
Blue,國父紀念館,2019-03-19,45246.0
Blue,市政府,2019-03-19,120054.0
Blue,永春,2019-03-19,43320.0
Blue,後山埤,2019-03-19,34468.0
Blue,昆陽,2019-03-19,30101.0
Blue,南港,2019-03-19,35067.0
Blue,忠孝復興,2019-03-19,56089.5
Blue,南港展覽館,2019-03-19,35430.0
Blue,台北車站,2019-03-20,134603.0
Blue,頂埔,2019-03-20,17516.0
Blue,永寧,2019-03-20,27964.0
Blue,土城,2019-03-20,15669.0
Blue,海山,2019-03-20,45814.0
Blue,亞東醫院,2019-03-20,53008.0
Blue,府中,2019-03-20,61392.0
Blue,板橋,2019-03-20,80783.0
Blue,新埔,2019-03-20,87323.0
Blue,江子翠,2019-03-20,54504.0
Blue,龍山寺,2019-03-20,62916.0
Blue,西門,2019-03-20,80720.5
Blue,善導寺,2019-03-20,51859.0
Blue,忠孝新生,2019-03-20,41099.0
Blue,忠孝敦化,2019-03-20,73384.0
Blue,國父紀念館,2019-03-20,47344.0
Blue,市政府,2019-03-20,122981.0
Blue,永春,2019-03-20,43204.0
Blue,後山埤,2019-03-20,34856.0
Blue,昆陽,2019-03-20,30383.0
Blue,南港,2019-03-20,35816.0
Blue,忠孝復興,2019-03-20,57519.5
Blue,南港展覽館,2019-03-20,35654.0
Blue,台北車站,2019-03-21,137195.5
Blue,頂埔,2019-03-21,17706.0
Blue,永寧,2019-03-21,27444.0
Blue,土城,2019-03-21,15300.0
Blue,海山,2019-03-21,46093.0
Blue,亞東醫院,2019-03-21,52357.0
Blue,府中,2019-03-21,60999.0
Blue,板橋,2019-03-21,81533.0
Blue,新埔,2019-03-21,87605.0
Blue,江子翠,2019-03-21,54512.0
Blue,龍山寺,2019-03-21,65141.0
Blue,西門,2019-03-21,80516.0
Blue,善導寺,2019-03-21,51755.0
Blue,忠孝新生,2019-03-21,40971.5
Blue,忠孝敦化,2019-03-21,74685.0
Blue,國父紀念館,2019-03-21,47513.0
Blue,市政府,2019-03-21,122690.0
Blue,永春,2019-03-21,42897.0
Blue,後山埤,2019-03-21,34564.0
Blue,昆陽,2019-03-21,31677.0
Blue,南港,2019-03-21,36569.0
Blue,忠孝復興,2019-03-21,57540.0
Blue,南港展覽館,2019-03-21,36067.0
Blue,台北車站,2019-03-22,168089.0
Blue,頂埔,2019-03-22,18414.0
Blue,永寧,2019-03-22,29684.0
Blue,土城,2019-03-22,16077.0
Blue,海山,2019-03-22,47657.0
Blue,亞東醫院,2019-03-22,53513.0
Blue,府中,2019-03-22,65786.0
Blue,板橋,2019-03-22,92914.0
Blue,新埔,2019-03-22,91254.0
Blue,江子翠,2019-03-22,57360.0
Blue,龍山寺,2019-03-22,67468.0
Blue,西門,2019-03-22,92568.5
Blue,善導寺,2019-03-22,53960.0
Blue,忠孝新生,2019-03-22,45745.5
Blue,忠孝敦化,2019-03-22,84729.0
Blue,國父紀念館,2019-03-22,53100.0
Blue,市政府,2019-03-22,144193.0
Blue,永春,2019-03-22,45625.0
Blue,後山埤,2019-03-22,36866.0
Blue,昆陽,2019-03-22,31944.0
Blue,南港,2019-03-22,42200.0
Blue,忠孝復興,2019-03-22,66968.0
Blue,南港展覽館,2019-03-22,37503.5
Blue,台北車站,2019-03-23,167919.0
Blue,頂埔,2019-03-23,13724.0
Blue,永寧,2019-03-23,24234.0
Blue,土城,2019-03-23,15758.0
Blue,海山,2019-03-23,36879.0
Blue,亞東醫院,2019-03-23,37790.0
Blue,府中,2019-03-23,61295.0
Blue,板橋,2019-03-23,85699.0
Blue,新埔,2019-03-23,71934.0
Blue,江子翠,2019-03-23,46377.0
Blue,龍山寺,2019-03-23,66067.0
Blue,西門,2019-03-23,102614.5
Blue,善導寺,2019-03-23,37670.0
Blue,忠孝新生,2019-03-23,42651.5
Blue,忠孝敦化,2019-03-23,72841.0
Blue,國父紀念館,2019-03-23,44377.0
Blue,市政府,2019-03-23,117934.0
Blue,永春,2019-03-23,33175.0
Blue,後山埤,2019-03-23,30223.0
Blue,昆陽,2019-03-23,21210.0
Blue,南港,2019-03-23,31146.0
Blue,忠孝復興,2019-03-23,66410.0
Blue,南港展覽館,2019-03-23,24370.5
Blue,台北車站,2019-03-24,155809.5
Blue,頂埔,2019-03-24,11406.0
Blue,永寧,2019-03-24,19990.0
Blue,土城,2019-03-24,12571.0
Blue,海山,2019-03-24,29610.0
Blue,亞東醫院,2019-03-24,28776.0
Blue,府中,2019-03-24,46839.0
Blue,板橋,2019-03-24,74206.0
Blue,新埔,2019-03-24,57260.0
Blue,江子翠,2019-03-24,36633.0
Blue,龍山寺,2019-03-24,53683.0
Blue,西門,2019-03-24,85052.5
Blue,善導寺,2019-03-24,28356.0
Blue,忠孝新生,2019-03-24,34535.5
Blue,忠孝敦化,2019-03-24,53744.0
Blue,國父紀念館,2019-03-24,33358.0
Blue,市政府,2019-03-24,99578.0
Blue,永春,2019-03-24,27268.0
Blue,後山埤,2019-03-24,24224.0
Blue,昆陽,2019-03-24,17253.0
Blue,南港,2019-03-24,27201.0
Blue,忠孝復興,2019-03-24,51737.5
Blue,南港展覽館,2019-03-24,20517.0
Blue,台北車站,2019-03-25,135243.5
Blue,頂埔,2019-03-25,17143.0
Blue,永寧,2019-03-25,26878.0
Blue,土城,2019-03-25,14702.0
Blue,海山,2019-03-25,44910.0
Blue,亞東醫院,2019-03-25,51317.0
Blue,府中,2019-03-25,57933.0
Blue,板橋,2019-03-25,80491.0
Blue,新埔,2019-03-25,85041.0
Blue,江子翠,2019-03-25,52946.0
Blue,龍山寺,2019-03-25,65652.0
Blue,西門,2019-03-25,77283.5
Blue,善導寺,2019-03-25,48335.0
Blue,忠孝新生,2019-03-25,37847.0
Blue,忠孝敦化,2019-03-25,68644.0
Blue,國父紀念館,2019-03-25,44025.0
Blue,市政府,2019-03-25,122174.0
Blue,永春,2019-03-25,42117.0
Blue,後山埤,2019-03-25,34047.0
Blue,昆陽,2019-03-25,30421.0
Blue,南港,2019-03-25,35615.0
Blue,忠孝復興,2019-03-25,53454.0
Blue,南港展覽館,2019-03-25,36138.0
Blue,台北車站,2019-03-26,133281.5
Blue,頂埔,2019-03-26,17595.0
Blue,永寧,2019-03-26,27199.0
Blue,土城,2019-03-26,15311.0
Blue,海山,2019-03-26,46095.0
Blue,亞東醫院,2019-03-26,52718.0
Blue,府中,2019-03-26,60171.0
Blue,板橋,2019-03-26,81107.0
Blue,新埔,2019-03-26,87664.0
Blue,江子翠,2019-03-26,53960.0
Blue,龍山寺,2019-03-26,62572.0
Blue,西門,2019-03-26,79723.0
Blue,善導寺,2019-03-26,51301.0
Blue,忠孝新生,2019-03-26,39680.0
Blue,忠孝敦化,2019-03-26,75313.0
Blue,國父紀念館,2019-03-26,46903.0
Blue,市政府,2019-03-26,121220.0
Blue,永春,2019-03-26,44230.0
Blue,後山埤,2019-03-26,35121.0
Blue,昆陽,2019-03-26,30859.0
Blue,南港,2019-03-26,37474.0
Blue,忠孝復興,2019-03-26,57720.5
Blue,南港展覽館,2019-03-26,44588.5
Blue,台北車站,2019-03-27,135097.0
Blue,頂埔,2019-03-27,17386.0
Blue,永寧,2019-03-27,28267.0
Blue,土城,2019-03-27,15777.0
Blue,海山,2019-03-27,46455.0
Blue,亞東醫院,2019-03-27,52417.0
Blue,府中,2019-03-27,60800.0
Blue,板橋,2019-03-27,81404.0
Blue,新埔,2019-03-27,88287.0
Blue,江子翠,2019-03-27,54479.0
Blue,龍山寺,2019-03-27,62603.0
Blue,西門,2019-03-27,81016.5
Blue,善導寺,2019-03-27,52012.0
Blue,忠孝新生,2019-03-27,41231.5
Blue,忠孝敦化,2019-03-27,75752.0
Blue,國父紀念館,2019-03-27,48505.0
Blue,市政府,2019-03-27,125516.0
Blue,永春,2019-03-27,43358.0
Blue,後山埤,2019-03-27,35914.0
Blue,昆陽,2019-03-27,30931.0
Blue,南港,2019-03-27,40976.0
Blue,忠孝復興,2019-03-27,57777.0
Blue,南港展覽館,2019-03-27,53898.5
Blue,台北車站,2019-03-28,138945.0
Blue,頂埔,2019-03-28,17581.0
Blue,永寧,2019-03-28,28021.0
Blue,土城,2019-03-28,15969.0
Blue,海山,2019-03-28,46661.0
Blue,亞東醫院,2019-03-28,52135.0
Blue,府中,2019-03-28,61051.0
Blue,板橋,2019-03-28,82492.0
Blue,新埔,2019-03-28,87828.0
Blue,江子翠,2019-03-28,54877.0
Blue,龍山寺,2019-03-28,62674.0
Blue,西門,2019-03-28,81683.0
Blue,善導寺,2019-03-28,50837.0
Blue,忠孝新生,2019-03-28,41037.0
Blue,忠孝敦化,2019-03-28,75396.0
Blue,國父紀念館,2019-03-28,49411.0
Blue,市政府,2019-03-28,127688.0
Blue,永春,2019-03-28,43604.0
Blue,後山埤,2019-03-28,35750.0
Blue,昆陽,2019-03-28,31712.0
Blue,南港,2019-03-28,41620.0
Blue,忠孝復興,2019-03-28,58601.0
Blue,南港展覽館,2019-03-28,55757.0
Blue,台北車站,2019-03-29,165371.0
Blue,頂埔,2019-03-29,18461.0
Blue,永寧,2019-03-29,29864.0
Blue,土城,2019-03-29,16570.0
Blue,海山,2019-03-29,48047.0
Blue,亞東醫院,2019-03-29,53329.0
Blue,府中,2019-03-29,65043.0
Blue,板橋,2019-03-29,93768.0
Blue,新埔,2019-03-29,91124.0
Blue,江子翠,2019-03-29,56942.0
Blue,龍山寺,2019-03-29,66153.0
Blue,西門,2019-03-29,93582.0
Blue,善導寺,2019-03-29,53407.0
Blue,忠孝新生,2019-03-29,45703.0
Blue,忠孝敦化,2019-03-29,82356.0
Blue,國父紀念館,2019-03-29,53557.0
Blue,市政府,2019-03-29,142216.0
Blue,永春,2019-03-29,45762.0
Blue,後山埤,2019-03-29,37579.0
Blue,昆陽,2019-03-29,32002.0
Blue,南港,2019-03-29,45769.0
Blue,忠孝復興,2019-03-29,65240.5
Blue,南港展覽館,2019-03-29,55416.5
Blue,台北車站,2019-03-30,167770.5
Blue,頂埔,2019-03-30,14092.0
Blue,永寧,2019-03-30,24403.0
Blue,土城,2019-03-30,15879.0
Blue,海山,2019-03-30,38532.0
Blue,亞東醫院,2019-03-30,36749.0
Blue,府中,2019-03-30,62660.0
Blue,板橋,2019-03-30,94252.0
Blue,新埔,2019-03-30,71352.0
Blue,江子翠,2019-03-30,45244.0
Blue,龍山寺,2019-03-30,64625.0
Blue,西門,2019-03-30,105399.0
Blue,善導寺,2019-03-30,40534.0
Blue,忠孝新生,2019-03-30,43331.5
Blue,忠孝敦化,2019-03-30,71562.0
Blue,國父紀念館,2019-03-30,45860.0
Blue,市政府,2019-03-30,114711.0
Blue,永春,2019-03-30,32288.0
Blue,後山埤,2019-03-30,30388.0
Blue,昆陽,2019-03-30,20688.0
Blue,南港,2019-03-30,32488.0
Blue,忠孝復興,2019-03-30,64432.5
Blue,南港展覽館,2019-03-30,32221.5
Blue,台北車站,2019-03-31,150069.5
Blue,頂埔,2019-03-31,12645.0
Blue,永寧,2019-03-31,20815.0
Blue,土城,2019-03-31,13228.0
Blue,海山,2019-03-31,30693.0
Blue,亞東醫院,2019-03-31,28630.0
Blue,府中,2019-03-31,49870.0
Blue,板橋,2019-03-31,73108.0
Blue,新埔,2019-03-31,56800.0
Blue,江子翠,2019-03-31,36875.0
Blue,龍山寺,2019-03-31,55492.0
Blue,西門,2019-03-31,88123.5
Blue,善導寺,2019-03-31,31689.0
Blue,忠孝新生,2019-03-31,35249.0
Blue,忠孝敦化,2019-03-31,53174.0
Blue,國父紀念館,2019-03-31,38129.0
Blue,市政府,2019-03-31,95068.0
Blue,永春,2019-03-31,27847.0
Blue,後山埤,2019-03-31,26043.0
Blue,昆陽,2019-03-31,16947.0
Blue,南港,2019-03-31,27406.0
Blue,忠孝復興,2019-03-31,51324.5
Blue,南港展覽館,2019-03-31,20804.0
Blue,台北車站,2019-04-01,135746.0
Blue,頂埔,2019-04-01,17108.0
Blue,永寧,2019-04-01,26456.0
Blue,土城,2019-04-01,15168.0
Blue,海山,2019-04-01,44963.0
Blue,亞東醫院,2019-04-01,51526.0
Blue,府中,2019-04-01,58389.0
Blue,板橋,2019-04-01,79364.0
Blue,新埔,2019-04-01,80340.0
Blue,江子翠,2019-04-01,52795.0
Blue,龍山寺,2019-04-01,58434.0
Blue,西門,2019-04-01,75116.0
Blue,善導寺,2019-04-01,48464.0
Blue,忠孝新生,2019-04-01,38153.0
Blue,忠孝敦化,2019-04-01,68624.0
Blue,國父紀念館,2019-04-01,44666.0
Blue,市政府,2019-04-01,119076.0
Blue,永春,2019-04-01,41759.0
Blue,後山埤,2019-04-01,34022.0
Blue,昆陽,2019-04-01,30168.0
Blue,南港,2019-04-01,35480.0
Blue,忠孝復興,2019-04-01,54690.0
Blue,南港展覽館,2019-04-01,34328.0
Blue,台北車站,2019-04-02,136771.5
Blue,頂埔,2019-04-02,17425.0
Blue,永寧,2019-04-02,26892.0
Blue,土城,2019-04-02,15263.0
Blue,海山,2019-04-02,45544.0
Blue,亞東醫院,2019-04-02,52058.0
Blue,府中,2019-04-02,59398.0
Blue,板橋,2019-04-02,80176.0
Blue,新埔,2019-04-02,81657.0
Blue,江子翠,2019-04-02,53342.0
Blue,龍山寺,2019-04-02,58782.0
Blue,西門,2019-04-02,74373.5
Blue,善導寺,2019-04-02,50647.0
Blue,忠孝新生,2019-04-02,39855.5
Blue,忠孝敦化,2019-04-02,69591.0
Blue,國父紀念館,2019-04-02,46180.0
Blue,市政府,2019-04-02,119586.0
Blue,永春,2019-04-02,42944.0
Blue,後山埤,2019-04-02,33760.0
Blue,昆陽,2019-04-02,29773.0
Blue,南港,2019-04-02,35919.0
Blue,忠孝復興,2019-04-02,55298.5
Blue,南港展覽館,2019-04-02,35160.0
Blue,台北車站,2019-04-03,161708.0
Blue,頂埔,2019-04-03,18206.0
Blue,永寧,2019-04-03,29005.0
Blue,土城,2019-04-03,16179.0
Blue,海山,2019-04-03,46898.0
Blue,亞東醫院,2019-04-03,52432.0
Blue,府中,2019-04-03,62457.0
Blue,板橋,2019-04-03,89852.0
Blue,新埔,2019-04-03,83419.0
Blue,江子翠,2019-04-03,55122.0
Blue,龍山寺,2019-04-03,60745.0
Blue,西門,2019-04-03,84508.5
Blue,善導寺,2019-04-03,46620.0
Blue,忠孝新生,2019-04-03,38516.5
Blue,忠孝敦化,2019-04-03,74802.0
Blue,國父紀念館,2019-04-03,49115.0
Blue,市政府,2019-04-03,132476.0
Blue,永春,2019-04-03,44584.0
Blue,後山埤,2019-04-03,35498.0
Blue,昆陽,2019-04-03,31119.0
Blue,南港,2019-04-03,45079.0
Blue,忠孝復興,2019-04-03,62458.5
Blue,南港展覽館,2019-04-03,36695.0
Blue,台北車站,2019-04-04,150641.5
Blue,頂埔,2019-04-04,12101.0
Blue,永寧,2019-04-04,21848.0
Blue,土城,2019-04-04,13368.0
Blue,海山,2019-04-04,32525.0
Blue,亞東醫院,2019-04-04,32973.0
Blue,府中,2019-04-04,50263.0
Blue,板橋,2019-04-04,79409.0
Blue,新埔,2019-04-04,58021.0
Blue,江子翠,2019-04-04,38203.0
Blue,龍山寺,2019-04-04,55585.0
Blue,西門,2019-04-04,92768.5
Blue,善導寺,2019-04-04,25163.0
Blue,忠孝新生,2019-04-04,31890.5
Blue,忠孝敦化,2019-04-04,54479.0
Blue,國父紀念館,2019-04-04,34992.0
Blue,市政府,2019-04-04,103828.0
Blue,永春,2019-04-04,26861.0
Blue,後山埤,2019-04-04,26175.0
Blue,昆陽,2019-04-04,15988.0
Blue,南港,2019-04-04,34491.0
Blue,忠孝復興,2019-04-04,56101.0
Blue,南港展覽館,2019-04-04,29012.5
Blue,台北車站,2019-04-05,131985.0
Blue,頂埔,2019-04-05,11166.0
Blue,永寧,2019-04-05,19012.0
Blue,土城,2019-04-05,12187.0
Blue,海山,2019-04-05,28611.0
Blue,亞東醫院,2019-04-05,25258.0
Blue,府中,2019-04-05,45812.0
Blue,板橋,2019-04-05,68316.0
Blue,新埔,2019-04-05,50529.0
Blue,江子翠,2019-04-05,33526.0
Blue,龍山寺,2019-04-05,55124.0
Blue,西門,2019-04-05,90098.5
Blue,善導寺,2019-04-05,25071.0
Blue,忠孝新生,2019-04-05,29640.5
Blue,忠孝敦化,2019-04-05,50366.0
Blue,國父紀念館,2019-04-05,31775.0
Blue,市政府,2019-04-05,92719.0
Blue,永春,2019-04-05,22904.0
Blue,後山埤,2019-04-05,23451.0
Blue,昆陽,2019-04-05,14207.0
Blue,南港,2019-04-05,26632.0
Blue,忠孝復興,2019-04-05,49327.0
Blue,南港展覽館,2019-04-05,24984.0
Blue,台北車站,2019-04-06,163019.5
Blue,頂埔,2019-04-06,13334.0
Blue,永寧,2019-04-06,24604.0
Blue,土城,2019-04-06,13126.0
Blue,海山,2019-04-06,34342.0
Blue,亞東醫院,2019-04-06,31190.0
Blue,府中,2019-04-06,55998.0
Blue,板橋,2019-04-06,81995.0
Blue,新埔,2019-04-06,62016.0
Blue,江子翠,2019-04-06,40111.0
Blue,龍山寺,2019-04-06,60597.0
Blue,西門,2019-04-06,105057.5
Blue,善導寺,2019-04-06,25834.0
Blue,忠孝新生,2019-04-06,36960.5
Blue,忠孝敦化,2019-04-06,58446.0
Blue,國父紀念館,2019-04-06,38371.0
Blue,市政府,2019-04-06,106273.0
Blue,永春,2019-04-06,26894.0
Blue,後山埤,2019-04-06,27408.0
Blue,昆陽,2019-04-06,16506.0
Blue,南港,2019-04-06,32170.0
Blue,忠孝復興,2019-04-06,57477.0
Blue,南港展覽館,2019-04-06,34630.5
Blue,台北車站,2019-04-07,156060.0
Blue,頂埔,2019-04-07,12917.0
Blue,永寧,2019-04-07,21160.0
Blue,土城,2019-04-07,11369.0
Blue,海山,2019-04-07,31243.0
Blue,亞東醫院,2019-04-07,27721.0
Blue,府中,2019-04-07,46455.0
Blue,板橋,2019-04-07,74601.0
Blue,新埔,2019-04-07,54955.0
Blue,江子翠,2019-04-07,35916.0
Blue,龍山寺,2019-04-07,51011.0
Blue,西門,2019-04-07,84246.5
Blue,善導寺,2019-04-07,22730.0
Blue,忠孝新生,2019-04-07,31010.0
Blue,忠孝敦化,2019-04-07,48657.0
Blue,國父紀念館,2019-04-07,33208.0
Blue,市政府,2019-04-07,90269.0
Blue,永春,2019-04-07,25615.0
Blue,後山埤,2019-04-07,25302.0
Blue,昆陽,2019-04-07,15912.0
Blue,南港,2019-04-07,29761.0
Blue,忠孝復興,2019-04-07,46759.0
Blue,南港展覽館,2019-04-07,26129.0
Blue,台北車站,2019-04-08,135303.0
Blue,頂埔,2019-04-08,17467.0
Blue,永寧,2019-04-08,26617.0
Blue,土城,2019-04-08,15018.0
Blue,海山,2019-04-08,44931.0
Blue,亞東醫院,2019-04-08,51355.0
Blue,府中,2019-04-08,57531.0
Blue,板橋,2019-04-08,79370.0
Blue,新埔,2019-04-08,84237.0
Blue,江子翠,2019-04-08,52562.0
Blue,龍山寺,2019-04-08,57658.0
Blue,西門,2019-04-08,72582.5
Blue,善導寺,2019-04-08,45717.0
Blue,忠孝新生,2019-04-08,35875.5
Blue,忠孝敦化,2019-04-08,66095.0
Blue,國父紀念館,2019-04-08,41778.0
Blue,市政府,2019-04-08,116573.0
Blue,永春,2019-04-08,41184.0
Blue,後山埤,2019-04-08,33788.0
Blue,昆陽,2019-04-08,30093.0
Blue,南港,2019-04-08,35372.0
Blue,忠孝復興,2019-04-08,52569.0
Blue,南港展覽館,2019-04-08,34460.5
Blue,台北車站,2019-04-09,126801.5
Blue,頂埔,2019-04-09,17455.0
Blue,永寧,2019-04-09,27181.0
Blue,土城,2019-04-09,14898.0
Blue,海山,2019-04-09,45859.0
Blue,亞東醫院,2019-04-09,53033.0
Blue,府中,2019-04-09,59296.0
Blue,板橋,2019-04-09,79148.0
Blue,新埔,2019-04-09,86973.0
Blue,江子翠,2019-04-09,54042.0
Blue,龍山寺,2019-04-09,58334.0
Blue,西門,2019-04-09,71849.5
Blue,善導寺,2019-04-09,49102.0
Blue,忠孝新生,2019-04-09,36406.0
Blue,忠孝敦化,2019-04-09,68240.0
Blue,國父紀念館,2019-04-09,43969.0
Blue,市政府,2019-04-09,117851.0
Blue,永春,2019-04-09,42608.0
Blue,後山埤,2019-04-09,34227.0
Blue,昆陽,2019-04-09,29959.0
Blue,南港,2019-04-09,34688.0
Blue,忠孝復興,2019-04-09,53812.5
Blue,南港展覽館,2019-04-09,35510.0
Blue,台北車站,2019-04-10,128686.5
Blue,頂埔,2019-04-10,17544.0
Blue,永寧,2019-04-10,27358.0
Blue,土城,2019-04-10,15542.0
Blue,海山,2019-04-10,46437.0
Blue,亞東醫院,2019-04-10,52618.0
Blue,府中,2019-04-10,60855.0
Blue,板橋,2019-04-10,80144.0
Blue,新埔,2019-04-10,87305.0
Blue,江子翠,2019-04-10,54390.0
Blue,龍山寺,2019-04-10,58830.0
Blue,西門,2019-04-10,73944.5
Blue,善導寺,2019-04-10,50532.0
Blue,忠孝新生,2019-04-10,37410.0
Blue,忠孝敦化,2019-04-10,70578.0
Blue,國父紀念館,2019-04-10,46945.0
Blue,市政府,2019-04-10,121120.0
Blue,永春,2019-04-10,43126.0
Blue,後山埤,2019-04-10,34836.0
Blue,昆陽,2019-04-10,30352.0
Blue,南港,2019-04-10,35864.0
Blue,忠孝復興,2019-04-10,54671.0
Blue,南港展覽館,2019-04-10,35655.5
Blue,台北車站,2019-04-11,134500.5
Blue,頂埔,2019-04-11,17661.0
Blue,永寧,2019-04-11,27512.0
Blue,土城,2019-04-11,14998.0
Blue,海山,2019-04-11,46444.0
Blue,亞東醫院,2019-04-11,52655.0
Blue,府中,2019-04-11,61105.0
Blue,板橋,2019-04-11,83540.0
Blue,新埔,2019-04-11,88160.0
Blue,江子翠,2019-04-11,54607.0
Blue,龍山寺,2019-04-11,58715.0
Blue,西門,2019-04-11,76206.0
Blue,善導寺,2019-04-11,52248.0
Blue,忠孝新生,2019-04-11,38680.0
Blue,忠孝敦化,2019-04-11,71002.0
Blue,國父紀念館,2019-04-11,48271.0
Blue,市政府,2019-04-11,123954.0
Blue,永春,2019-04-11,43651.0
Blue,後山埤,2019-04-11,35092.0
Blue,昆陽,2019-04-11,31214.0
Blue,南港,2019-04-11,36644.0
Blue,忠孝復興,2019-04-11,56580.0
Blue,南港展覽館,2019-04-11,35068.0
Blue,台北車站,2019-04-12,160084.5
Blue,頂埔,2019-04-12,18931.0
Blue,永寧,2019-04-12,29733.0
Blue,土城,2019-04-12,16158.0
Blue,海山,2019-04-12,48375.0
Blue,亞東醫院,2019-04-12,54284.0
Blue,府中,2019-04-12,66067.0
Blue,板橋,2019-04-12,91096.0
Blue,新埔,2019-04-12,92237.0
Blue,江子翠,2019-04-12,57192.0
Blue,龍山寺,2019-04-12,64980.0
Blue,西門,2019-04-12,92311.5
Blue,善導寺,2019-04-12,52741.0
Blue,忠孝新生,2019-04-12,44199.0
Blue,忠孝敦化,2019-04-12,80126.0
Blue,國父紀念館,2019-04-12,54566.0
Blue,市政府,2019-04-12,137647.0
Blue,永春,2019-04-12,45237.0
Blue,後山埤,2019-04-12,38055.0
Blue,昆陽,2019-04-12,32344.0
Blue,南港,2019-04-12,42773.0
Blue,忠孝復興,2019-04-12,63973.0
Blue,南港展覽館,2019-04-12,45888.5
Blue,台北車站,2019-04-13,168766.0
Blue,頂埔,2019-04-13,13343.0
Blue,永寧,2019-04-13,24312.0
Blue,土城,2019-04-13,13603.0
Blue,海山,2019-04-13,37743.0
Blue,亞東醫院,2019-04-13,37385.0
Blue,府中,2019-04-13,62230.0
Blue,板橋,2019-04-13,87430.0
Blue,新埔,2019-04-13,72015.0
Blue,江子翠,2019-04-13,45741.0
Blue,龍山寺,2019-04-13,63017.0
Blue,西門,2019-04-13,105721.0
Blue,善導寺,2019-04-13,36168.0
Blue,忠孝新生,2019-04-13,41116.0
Blue,忠孝敦化,2019-04-13,69899.0
Blue,國父紀念館,2019-04-13,45949.0
Blue,市政府,2019-04-13,114549.0
Blue,永春,2019-04-13,32677.0
Blue,後山埤,2019-04-13,32158.0
Blue,昆陽,2019-04-13,20170.0
Blue,南港,2019-04-13,33733.0
Blue,忠孝復興,2019-04-13,65875.5
Blue,南港展覽館,2019-04-13,36853.0
Blue,台北車站,2019-04-14,158835.0
Blue,頂埔,2019-04-14,13013.0
Blue,永寧,2019-04-14,21304.0
Blue,土城,2019-04-14,11279.0
Blue,海山,2019-04-14,33214.0
Blue,亞東醫院,2019-04-14,30106.0
Blue,府中,2019-04-14,52453.0
Blue,板橋,2019-04-14,76132.0
Blue,新埔,2019-04-14,60609.0
Blue,江子翠,2019-04-14,38802.0
Blue,龍山寺,2019-04-14,58501.0
Blue,西門,2019-04-14,93184.0
Blue,善導寺,2019-04-14,30689.0
Blue,忠孝新生,2019-04-14,34041.0
Blue,忠孝敦化,2019-04-14,52475.0
Blue,國父紀念館,2019-04-14,36772.0
Blue,市政府,2019-04-14,97066.0
Blue,永春,2019-04-14,29720.0
Blue,後山埤,2019-04-14,28582.0
Blue,昆陽,2019-04-14,17928.0
Blue,南港,2019-04-14,33485.0
Blue,忠孝復興,2019-04-14,50206.5
Blue,南港展覽館,2019-04-14,33562.0
Blue,台北車站,2019-04-15,136899.5
Blue,頂埔,2019-04-15,17472.0
Blue,永寧,2019-04-15,27085.0
Blue,土城,2019-04-15,15208.0
Blue,海山,2019-04-15,46401.0
Blue,亞東醫院,2019-04-15,51608.0
Blue,府中,2019-04-15,59397.0
Blue,板橋,2019-04-15,80545.0
Blue,新埔,2019-04-15,85338.0
Blue,江子翠,2019-04-15,52907.0
Blue,龍山寺,2019-04-15,61538.0
Blue,西門,2019-04-15,80133.0
Blue,善導寺,2019-04-15,46904.0
Blue,忠孝新生,2019-04-15,38191.5
Blue,忠孝敦化,2019-04-15,66957.0
Blue,國父紀念館,2019-04-15,46762.0
Blue,市政府,2019-04-15,120491.0
Blue,永春,2019-04-15,41707.0
Blue,後山埤,2019-04-15,34464.0
Blue,昆陽,2019-04-15,30415.0
Blue,南港,2019-04-15,35410.0
Blue,忠孝復興,2019-04-15,53180.0
Blue,南港展覽館,2019-04-15,34495.0
Blue,台北車站,2019-04-16,132047.0
Blue,頂埔,2019-04-16,17079.0
Blue,永寧,2019-04-16,26346.0
Blue,土城,2019-04-16,14803.0
Blue,海山,2019-04-16,46183.0
Blue,亞東醫院,2019-04-16,53388.0
Blue,府中,2019-04-16,59541.0
Blue,板橋,2019-04-16,81325.0
Blue,新埔,2019-04-16,87146.0
Blue,江子翠,2019-04-16,53375.0
Blue,龍山寺,2019-04-16,59226.0
Blue,西門,2019-04-16,78536.5
Blue,善導寺,2019-04-16,52179.0
Blue,忠孝新生,2019-04-16,37513.0
Blue,忠孝敦化,2019-04-16,69814.0
Blue,國父紀念館,2019-04-16,45884.0
Blue,市政府,2019-04-16,120512.0
Blue,永春,2019-04-16,42886.0
Blue,後山埤,2019-04-16,34327.0
Blue,昆陽,2019-04-16,30139.0
Blue,南港,2019-04-16,35932.0
Blue,忠孝復興,2019-04-16,54462.5
Blue,南港展覽館,2019-04-16,34714.5
Blue,台北車站,2019-04-17,134992.5
Blue,頂埔,2019-04-17,17657.0
Blue,永寧,2019-04-17,27768.0
Blue,土城,2019-04-17,15819.0
Blue,海山,2019-04-17,47466.0
Blue,亞東醫院,2019-04-17,53104.0
Blue,府中,2019-04-17,62175.0
Blue,板橋,2019-04-17,82382.0
Blue,新埔,2019-04-17,88125.0
Blue,江子翠,2019-04-17,54672.0
Blue,龍山寺,2019-04-17,63489.0
Blue,西門,2019-04-17,82890.5
Blue,善導寺,2019-04-17,52795.0
Blue,忠孝新生,2019-04-17,38502.0
Blue,忠孝敦化,2019-04-17,72110.0
Blue,國父紀念館,2019-04-17,49190.0
Blue,市政府,2019-04-17,123180.0
Blue,永春,2019-04-17,43478.0
Blue,後山埤,2019-04-17,35536.0
Blue,昆陽,2019-04-17,30987.0
Blue,南港,2019-04-17,37348.0
Blue,忠孝復興,2019-04-17,57180.5
Blue,南港展覽館,2019-04-17,37333.5
Blue,台北車站,2019-04-18,125228.0
Blue,頂埔,2019-04-18,16879.0
Blue,永寧,2019-04-18,26100.0
Blue,土城,2019-04-18,14187.0
Blue,海山,2019-04-18,44309.0
Blue,亞東醫院,2019-04-18,49346.0
Blue,府中,2019-04-18,57417.0
Blue,板橋,2019-04-18,76896.0
Blue,新埔,2019-04-18,81986.0
Blue,江子翠,2019-04-18,51453.0
Blue,龍山寺,2019-04-18,56500.0
Blue,西門,2019-04-18,75974.0
Blue,善導寺,2019-04-18,46733.0
Blue,忠孝新生,2019-04-18,36228.5
Blue,忠孝敦化,2019-04-18,66246.0
Blue,國父紀念館,2019-04-18,45116.0
Blue,市政府,2019-04-18,115410.0
Blue,永春,2019-04-18,40223.0
Blue,後山埤,2019-04-18,32208.0
Blue,昆陽,2019-04-18,29355.0
Blue,南港,2019-04-18,34512.0
Blue,忠孝復興,2019-04-18,51562.5
Blue,南港展覽館,2019-04-18,34110.0
Blue,台北車站,2019-04-19,171802.5
Blue,頂埔,2019-04-19,18507.0
Blue,永寧,2019-04-19,29975.0
Blue,土城,2019-04-19,15948.0
Blue,海山,2019-04-19,48936.0
Blue,亞東醫院,2019-04-19,53845.0
Blue,府中,2019-04-19,67742.0
Blue,板橋,2019-04-19,95564.0
Blue,新埔,2019-04-19,91608.0
Blue,江子翠,2019-04-19,56863.0
Blue,龍山寺,2019-04-19,67885.0
Blue,西門,2019-04-19,99004.0
Blue,善導寺,2019-04-19,54953.0
Blue,忠孝新生,2019-04-19,44364.5
Blue,忠孝敦化,2019-04-19,82331.0
Blue,國父紀念館,2019-04-19,53345.0
Blue,市政府,2019-04-19,143314.0
Blue,永春,2019-04-19,46258.0
Blue,後山埤,2019-04-19,37676.0
Blue,昆陽,2019-04-19,32268.0
Blue,南港,2019-04-19,42390.0
Blue,忠孝復興,2019-04-19,67032.5
Blue,南港展覽館,2019-04-19,37865.5
Blue,台北車站,2019-04-20,170696.5
Blue,頂埔,2019-04-20,13842.0
Blue,永寧,2019-04-20,26928.0
Blue,土城,2019-04-20,13952.0
Blue,海山,2019-04-20,42566.0
Blue,亞東醫院,2019-04-20,38413.0
Blue,府中,2019-04-20,63991.0
Blue,板橋,2019-04-20,85883.0
Blue,新埔,2019-04-20,73030.0
Blue,江子翠,2019-04-20,47770.0
Blue,龍山寺,2019-04-20,66325.0
Blue,西門,2019-04-20,112460.0
Blue,善導寺,2019-04-20,38507.0
Blue,忠孝新生,2019-04-20,42195.5
Blue,忠孝敦化,2019-04-20,72670.0
Blue,國父紀念館,2019-04-20,44147.0
Blue,市政府,2019-04-20,120538.0
Blue,永春,2019-04-20,33100.0
Blue,後山埤,2019-04-20,33298.0
Blue,昆陽,2019-04-20,20119.0
Blue,南港,2019-04-20,30714.0
Blue,忠孝復興,2019-04-20,66146.5
Blue,南港展覽館,2019-04-20,26460.0
Blue,台北車站,2019-04-21,155848.5
Blue,頂埔,2019-04-21,12529.0
Blue,永寧,2019-04-21,24476.0
Blue,土城,2019-04-21,11372.0
Blue,海山,2019-04-21,32960.0
Blue,亞東醫院,2019-04-21,29660.0
Blue,府中,2019-04-21,52564.0
Blue,板橋,2019-04-21,77243.0
Blue,新埔,2019-04-21,59752.0
Blue,江子翠,2019-04-21,40152.0
Blue,龍山寺,2019-04-21,56169.0
Blue,西門,2019-04-21,93731.5
Blue,善導寺,2019-04-21,28472.0
Blue,忠孝新生,2019-04-21,33988.0
Blue,忠孝敦化,2019-04-21,54259.0
Blue,國父紀念館,2019-04-21,33743.0
Blue,市政府,2019-04-21,98114.0
Blue,永春,2019-04-21,27974.0
Blue,後山埤,2019-04-21,27892.0
Blue,昆陽,2019-04-21,16737.0
Blue,南港,2019-04-21,27649.0
Blue,忠孝復興,2019-04-21,54401.5
Blue,南港展覽館,2019-04-21,21433.5
Blue,台北車站,2019-04-22,137667.5
Blue,頂埔,2019-04-22,16686.0
Blue,永寧,2019-04-22,27367.0
Blue,土城,2019-04-22,14799.0
Blue,海山,2019-04-22,42635.0
Blue,亞東醫院,2019-04-22,50972.0
Blue,府中,2019-04-22,58112.0
Blue,板橋,2019-04-22,80439.0
Blue,新埔,2019-04-22,83620.0
Blue,江子翠,2019-04-22,52000.0
Blue,龍山寺,2019-04-22,58893.0
Blue,西門,2019-04-22,78689.5
Blue,善導寺,2019-04-22,45664.0
Blue,忠孝新生,2019-04-22,37211.5
Blue,忠孝敦化,2019-04-22,68078.0
Blue,國父紀念館,2019-04-22,43774.0
Blue,市政府,2019-04-22,122982.0
Blue,永春,2019-04-22,41110.0
Blue,後山埤,2019-04-22,34160.0
Blue,昆陽,2019-04-22,29993.0
Blue,南港,2019-04-22,35288.0
Blue,忠孝復興,2019-04-22,53209.0
Blue,南港展覽館,2019-04-22,34761.5
Blue,台北車站,2019-04-23,131930.0
Blue,頂埔,2019-04-23,17429.0
Blue,永寧,2019-04-23,27837.0
Blue,土城,2019-04-23,14917.0
Blue,海山,2019-04-23,45468.0
Blue,亞東醫院,2019-04-23,52842.0
Blue,府中,2019-04-23,60665.0
Blue,板橋,2019-04-23,80281.0
Blue,新埔,2019-04-23,86797.0
Blue,江子翠,2019-04-23,53526.0
Blue,龍山寺,2019-04-23,61334.0
Blue,西門,2019-04-23,78813.0
Blue,善導寺,2019-04-23,51118.0
Blue,忠孝新生,2019-04-23,38217.5
Blue,忠孝敦化,2019-04-23,70856.0
Blue,國父紀念館,2019-04-23,45403.0
Blue,市政府,2019-04-23,122176.0
Blue,永春,2019-04-23,42915.0
Blue,後山埤,2019-04-23,34983.0
Blue,昆陽,2019-04-23,30175.0
Blue,南港,2019-04-23,36205.0
Blue,忠孝復興,2019-04-23,56322.0
Blue,南港展覽館,2019-04-23,37476.5
Blue,台北車站,2019-04-24,137724.0
Blue,頂埔,2019-04-24,17486.0
Blue,永寧,2019-04-24,27905.0
Blue,土城,2019-04-24,15451.0
Blue,海山,2019-04-24,45633.0
Blue,亞東醫院,2019-04-24,52189.0
Blue,府中,2019-04-24,61146.0
Blue,板橋,2019-04-24,83641.0
Blue,新埔,2019-04-24,87569.0
Blue,江子翠,2019-04-24,54338.0
Blue,龍山寺,2019-04-24,61415.0
Blue,西門,2019-04-24,85426.5
Blue,善導寺,2019-04-24,51653.0
Blue,忠孝新生,2019-04-24,39930.5
Blue,忠孝敦化,2019-04-24,72007.0
Blue,國父紀念館,2019-04-24,47486.0
Blue,市政府,2019-04-24,128468.0
Blue,永春,2019-04-24,43023.0
Blue,後山埤,2019-04-24,35772.0
Blue,昆陽,2019-04-24,29808.0
Blue,南港,2019-04-24,39512.0
Blue,忠孝復興,2019-04-24,57112.5
Blue,南港展覽館,2019-04-24,45450.5
Blue,台北車站,2019-04-25,141191.0
Blue,頂埔,2019-04-25,17490.0
Blue,永寧,2019-04-25,28322.0
Blue,土城,2019-04-25,15135.0
Blue,海山,2019-04-25,45603.0
Blue,亞東醫院,2019-04-25,51597.0
Blue,府中,2019-04-25,61165.0
Blue,板橋,2019-04-25,83698.0
Blue,新埔,2019-04-25,86053.0
Blue,江子翠,2019-04-25,54622.0
Blue,龍山寺,2019-04-25,61496.0
Blue,西門,2019-04-25,85029.5
Blue,善導寺,2019-04-25,53076.0
Blue,忠孝新生,2019-04-25,40685.5
Blue,忠孝敦化,2019-04-25,73312.0
Blue,國父紀念館,2019-04-25,48548.0
Blue,市政府,2019-04-25,128489.0
Blue,永春,2019-04-25,43306.0
Blue,後山埤,2019-04-25,34959.0
Blue,昆陽,2019-04-25,31286.0
Blue,南港,2019-04-25,40444.0
Blue,忠孝復興,2019-04-25,58315.0
Blue,南港展覽館,2019-04-25,48345.5
Blue,台北車站,2019-04-26,170578.5
Blue,頂埔,2019-04-26,18758.0
Blue,永寧,2019-04-26,31356.0
Blue,土城,2019-04-26,16491.0
Blue,海山,2019-04-26,48563.0
Blue,亞東醫院,2019-04-26,53851.0
Blue,府中,2019-04-26,68436.0
Blue,板橋,2019-04-26,96092.0
Blue,新埔,2019-04-26,91782.0
Blue,江子翠,2019-04-26,56995.0
Blue,龍山寺,2019-04-26,66229.0
Blue,西門,2019-04-26,98380.5
Blue,善導寺,2019-04-26,52956.0
Blue,忠孝新生,2019-04-26,45377.0
Blue,忠孝敦化,2019-04-26,82147.0
Blue,國父紀念館,2019-04-26,54195.0
Blue,市政府,2019-04-26,145011.0
Blue,永春,2019-04-26,45755.0
Blue,後山埤,2019-04-26,37647.0
Blue,昆陽,2019-04-26,32589.0
Blue,南港,2019-04-26,45830.0
Blue,忠孝復興,2019-04-26,65389.0
Blue,南港展覽館,2019-04-26,49993.5
Blue,台北車站,2019-04-27,173803.5
Blue,頂埔,2019-04-27,14364.0
Blue,永寧,2019-04-27,28230.0
Blue,土城,2019-04-27,14338.0
Blue,海山,2019-04-27,38883.0
Blue,亞東醫院,2019-04-27,38297.0
Blue,府中,2019-04-27,67562.0
Blue,板橋,2019-04-27,90096.0
Blue,新埔,2019-04-27,74973.0
Blue,江子翠,2019-04-27,48771.0
Blue,龍山寺,2019-04-27,67335.0
Blue,西門,2019-04-27,118622.5
Blue,善導寺,2019-04-27,36781.0
Blue,忠孝新生,2019-04-27,45937.5
Blue,忠孝敦化,2019-04-27,73947.0
Blue,國父紀念館,2019-04-27,48459.0
Blue,市政府,2019-04-27,122469.0
Blue,永春,2019-04-27,33753.0
Blue,後山埤,2019-04-27,33795.0
Blue,昆陽,2019-04-27,21212.0
Blue,南港,2019-04-27,35251.0
Blue,忠孝復興,2019-04-27,67417.0
Blue,南港展覽館,2019-04-27,32807.0
Blue,台北車站,2019-04-28,161446.0
Blue,頂埔,2019-04-28,12942.0
Blue,永寧,2019-04-28,25073.0
Blue,土城,2019-04-28,11388.0
Blue,海山,2019-04-28,33009.0
Blue,亞東醫院,2019-04-28,31047.0
Blue,府中,2019-04-28,53665.0
Blue,板橋,2019-04-28,81976.0
Blue,新埔,2019-04-28,60870.0
Blue,江子翠,2019-04-28,39561.0
Blue,龍山寺,2019-04-28,60375.0
Blue,西門,2019-04-28,99846.0
Blue,善導寺,2019-04-28,29697.0
Blue,忠孝新生,2019-04-28,36035.0
Blue,忠孝敦化,2019-04-28,55141.0
Blue,國父紀念館,2019-04-28,40403.0
Blue,市政府,2019-04-28,104513.0
Blue,永春,2019-04-28,28103.0
Blue,後山埤,2019-04-28,28431.0
Blue,昆陽,2019-04-28,16970.0
Blue,南港,2019-04-28,29349.0
Blue,忠孝復興,2019-04-28,54016.0
Blue,南港展覽館,2019-04-28,22985.0
Blue,台北車站,2019-04-29,142242.0
Blue,頂埔,2019-04-29,17302.0
Blue,永寧,2019-04-29,28452.0
Blue,土城,2019-04-29,14867.0
Blue,海山,2019-04-29,44783.0
Blue,亞東醫院,2019-04-29,51496.0
Blue,府中,2019-04-29,58745.0
Blue,板橋,2019-04-29,82300.0
Blue,新埔,2019-04-29,85168.0
Blue,江子翠,2019-04-29,53552.0
Blue,龍山寺,2019-04-29,63396.0
Blue,西門,2019-04-29,83410.0
Blue,善導寺,2019-04-29,47171.0
Blue,忠孝新生,2019-04-29,39120.0
Blue,忠孝敦化,2019-04-29,69428.0
Blue,國父紀念館,2019-04-29,44626.0
Blue,市政府,2019-04-29,124112.0
Blue,永春,2019-04-29,41839.0
Blue,後山埤,2019-04-29,34164.0
Blue,昆陽,2019-04-29,30320.0
Blue,南港,2019-04-29,36244.0
Blue,忠孝復興,2019-04-29,55826.5
Blue,南港展覽館,2019-04-29,34423.0
Blue,台北車站,2019-04-30,143502.0
Blue,頂埔,2019-04-30,17650.0
Blue,永寧,2019-04-30,28475.0
Blue,土城,2019-04-30,15092.0
Blue,海山,2019-04-30,46047.0
Blue,亞東醫院,2019-04-30,52598.0
Blue,府中,2019-04-30,61850.0
Blue,板橋,2019-04-30,84187.0
Blue,新埔,2019-04-30,88158.0
Blue,江子翠,2019-04-30,54310.0
Blue,龍山寺,2019-04-30,66469.0
Blue,西門,2019-04-30,86091.0
Blue,善導寺,2019-04-30,51922.0
Blue,忠孝新生,2019-04-30,41491.0
Blue,忠孝敦化,2019-04-30,75467.0
Blue,國父紀念館,2019-04-30,48276.0
Blue,市政府,2019-04-30,127443.0
Blue,永春,2019-04-30,44027.0
Blue,後山埤,2019-04-30,36084.0
Blue,昆陽,2019-04-30,30324.0
Blue,南港,2019-04-30,37034.0
Blue,忠孝復興,2019-04-30,64505.0
Blue,南港展覽館,2019-04-30,36097.5
Blue,台北車站,2019-05-01,130671.0
Blue,頂埔,2019-05-01,11838.0
Blue,永寧,2019-05-01,19560.0
Blue,土城,2019-05-01,12965.0
Blue,海山,2019-05-01,36567.0
Blue,亞東醫院,2019-05-01,41209.0
Blue,府中,2019-05-01,51494.0
Blue,板橋,2019-05-01,77217.0
Blue,新埔,2019-05-01,69497.0
Blue,江子翠,2019-05-01,42185.0
Blue,龍山寺,2019-05-01,58907.0
Blue,西門,2019-05-01,86984.0
Blue,善導寺,2019-05-01,43643.0
Blue,忠孝新生,2019-05-01,36121.5
Blue,忠孝敦化,2019-05-01,60279.0
Blue,國父紀念館,2019-05-01,35935.0
Blue,市政府,2019-05-01,107648.0
Blue,永春,2019-05-01,35404.0
Blue,後山埤,2019-05-01,29552.0
Blue,昆陽,2019-05-01,21558.0
Blue,南港,2019-05-01,31267.0
Blue,忠孝復興,2019-05-01,61438.5
Blue,南港展覽館,2019-05-01,21494.5
Blue,台北車站,2019-05-02,142985.0
Blue,頂埔,2019-05-02,17113.0
Blue,永寧,2019-05-02,26602.0
Blue,土城,2019-05-02,14834.0
Blue,海山,2019-05-02,45230.0
Blue,亞東醫院,2019-05-02,52235.0
Blue,府中,2019-05-02,60022.0
Blue,板橋,2019-05-02,83720.0
Blue,新埔,2019-05-02,87586.0
Blue,江子翠,2019-05-02,54161.0
Blue,龍山寺,2019-05-02,65301.0
Blue,西門,2019-05-02,85984.0
Blue,善導寺,2019-05-02,54448.0
Blue,忠孝新生,2019-05-02,41694.0
Blue,忠孝敦化,2019-05-02,74841.0
Blue,國父紀念館,2019-05-02,48359.0
Blue,市政府,2019-05-02,126856.0
Blue,永春,2019-05-02,43794.0
Blue,後山埤,2019-05-02,34801.0
Blue,昆陽,2019-05-02,31396.0
Blue,南港,2019-05-02,37262.0
Blue,忠孝復興,2019-05-02,62379.0
Blue,南港展覽館,2019-05-02,36268.0
Blue,台北車站,2019-05-03,171661.5
Blue,頂埔,2019-05-03,18637.0
Blue,永寧,2019-05-03,30501.0
Blue,土城,2019-05-03,16563.0
Blue,海山,2019-05-03,47987.0
Blue,亞東醫院,2019-05-03,53824.0
Blue,府中,2019-05-03,67277.0
Blue,板橋,2019-05-03,93347.0
Blue,新埔,2019-05-03,91726.0
Blue,江子翠,2019-05-03,56561.0
Blue,龍山寺,2019-05-03,71596.0
Blue,西門,2019-05-03,100217.0
Blue,善導寺,2019-05-03,54489.0
Blue,忠孝新生,2019-05-03,45950.0
Blue,忠孝敦化,2019-05-03,83080.0
Blue,國父紀念館,2019-05-03,56636.0
Blue,市政府,2019-05-03,144183.0
Blue,永春,2019-05-03,45728.0
Blue,後山埤,2019-05-03,37351.0
Blue,昆陽,2019-05-03,31756.0
Blue,南港,2019-05-03,42431.0
Blue,忠孝復興,2019-05-03,69260.0
Blue,南港展覽館,2019-05-03,38279.5
Blue,台北車站,2019-05-04,165998.0
Blue,頂埔,2019-05-04,14100.0
Blue,永寧,2019-05-04,26607.0
Blue,土城,2019-05-04,13457.0
Blue,海山,2019-05-04,38692.0
Blue,亞東醫院,2019-05-04,38248.0
Blue,府中,2019-05-04,62987.0
Blue,板橋,2019-05-04,87747.0
Blue,新埔,2019-05-04,70801.0
Blue,江子翠,2019-05-04,45991.0
Blue,龍山寺,2019-05-04,69475.0
Blue,西門,2019-05-04,109550.5
Blue,善導寺,2019-05-04,33954.0
Blue,忠孝新生,2019-05-04,43102.0
Blue,忠孝敦化,2019-05-04,70981.0
Blue,國父紀念館,2019-05-04,48553.0
Blue,市政府,2019-05-04,121505.0
Blue,永春,2019-05-04,32750.0
Blue,後山埤,2019-05-04,31251.0
Blue,昆陽,2019-05-04,19349.0
Blue,南港,2019-05-04,30903.0
Blue,忠孝復興,2019-05-04,69289.0
Blue,南港展覽館,2019-05-04,25406.5
Blue,台北車站,2019-05-05,157121.5
Blue,頂埔,2019-05-05,12996.0
Blue,永寧,2019-05-05,25801.0
Blue,土城,2019-05-05,12024.0
Blue,海山,2019-05-05,34877.0
Blue,亞東醫院,2019-05-05,31637.0
Blue,府中,2019-05-05,53918.0
Blue,板橋,2019-05-05,79542.0
Blue,新埔,2019-05-05,62627.0
Blue,江子翠,2019-05-05,40002.0
Blue,龍山寺,2019-05-05,62292.0
Blue,西門,2019-05-05,94085.5
Blue,善導寺,2019-05-05,29971.0
Blue,忠孝新生,2019-05-05,38743.5
Blue,忠孝敦化,2019-05-05,55546.0
Blue,國父紀念館,2019-05-05,40043.0
Blue,市政府,2019-05-05,102847.0
Blue,永春,2019-05-05,28706.0
Blue,後山埤,2019-05-05,26991.0
Blue,昆陽,2019-05-05,16941.0
Blue,南港,2019-05-05,28538.0
Blue,忠孝復興,2019-05-05,56818.5
Blue,南港展覽館,2019-05-05,20810.0
Blue,台北車站,2019-05-06,137226.0
Blue,頂埔,2019-05-06,17406.0
Blue,永寧,2019-05-06,27531.0
Blue,土城,2019-05-06,15129.0
Blue,海山,2019-05-06,45660.0
Blue,亞東醫院,2019-05-06,52758.0
Blue,府中,2019-05-06,59753.0
Blue,板橋,2019-05-06,83369.0
Blue,新埔,2019-05-06,87284.0
Blue,江子翠,2019-05-06,53132.0
Blue,龍山寺,2019-05-06,58649.0
Blue,西門,2019-05-06,77305.0
Blue,善導寺,2019-05-06,48978.0
Blue,忠孝新生,2019-05-06,37708.0
Blue,忠孝敦化,2019-05-06,69204.0
Blue,國父紀念館,2019-05-06,43580.0
Blue,市政府,2019-05-06,125497.0
Blue,永春,2019-05-06,43007.0
Blue,後山埤,2019-05-06,34629.0
Blue,昆陽,2019-05-06,31013.0
Blue,南港,2019-05-06,36769.0
Blue,忠孝復興,2019-05-06,57517.0
Blue,南港展覽館,2019-05-06,34457.5
Blue,台北車站,2019-05-07,127966.0
Blue,頂埔,2019-05-07,17443.0
Blue,永寧,2019-05-07,26995.0
Blue,土城,2019-05-07,15287.0
Blue,海山,2019-05-07,46403.0
Blue,亞東醫院,2019-05-07,53388.0
Blue,府中,2019-05-07,60349.0
Blue,板橋,2019-05-07,81741.0
Blue,新埔,2019-05-07,88774.0
Blue,江子翠,2019-05-07,54295.0
Blue,龍山寺,2019-05-07,60093.0
Blue,西門,2019-05-07,76246.0
Blue,善導寺,2019-05-07,50665.0
Blue,忠孝新生,2019-05-07,38857.5
Blue,忠孝敦化,2019-05-07,71229.0
Blue,國父紀念館,2019-05-07,44437.0
Blue,市政府,2019-05-07,122265.0
Blue,永春,2019-05-07,44575.0
Blue,後山埤,2019-05-07,35115.0
Blue,昆陽,2019-05-07,30489.0
Blue,南港,2019-05-07,36149.0
Blue,忠孝復興,2019-05-07,56605.5
Blue,南港展覽館,2019-05-07,35943.5
Blue,台北車站,2019-05-08,129957.5
Blue,頂埔,2019-05-08,17589.0
Blue,永寧,2019-05-08,27381.0
Blue,土城,2019-05-08,15635.0
Blue,海山,2019-05-08,46132.0
Blue,亞東醫院,2019-05-08,53421.0
Blue,府中,2019-05-08,61342.0
Blue,板橋,2019-05-08,82639.0
Blue,新埔,2019-05-08,89008.0
Blue,江子翠,2019-05-08,55299.0
Blue,龍山寺,2019-05-08,60470.0
Blue,西門,2019-05-08,77398.0
Blue,善導寺,2019-05-08,52564.0
Blue,忠孝新生,2019-05-08,39184.5
Blue,忠孝敦化,2019-05-08,71527.0
Blue,國父紀念館,2019-05-08,45588.0
Blue,市政府,2019-05-08,124898.0
Blue,永春,2019-05-08,44275.0
Blue,後山埤,2019-05-08,35719.0
Blue,昆陽,2019-05-08,30555.0
Blue,南港,2019-05-08,37599.0
Blue,忠孝復興,2019-05-08,58219.0
Blue,南港展覽館,2019-05-08,40886.0
Blue,台北車站,2019-05-09,136975.0
Blue,頂埔,2019-05-09,17465.0
Blue,永寧,2019-05-09,27547.0
Blue,土城,2019-05-09,15284.0
Blue,海山,2019-05-09,46553.0
Blue,亞東醫院,2019-05-09,53246.0
Blue,府中,2019-05-09,61628.0
Blue,板橋,2019-05-09,85493.0
Blue,新埔,2019-05-09,89441.0
Blue,江子翠,2019-05-09,55163.0
Blue,龍山寺,2019-05-09,59409.0
Blue,西門,2019-05-09,79155.0
Blue,善導寺,2019-05-09,52422.0
Blue,忠孝新生,2019-05-09,40037.0
Blue,忠孝敦化,2019-05-09,73393.0
Blue,國父紀念館,2019-05-09,47224.0
Blue,市政府,2019-05-09,130315.0
Blue,永春,2019-05-09,44677.0
Blue,後山埤,2019-05-09,36068.0
Blue,昆陽,2019-05-09,31862.0
Blue,南港,2019-05-09,39384.0
Blue,忠孝復興,2019-05-09,59754.0
Blue,南港展覽館,2019-05-09,40853.5
Blue,台北車站,2019-05-10,174401.0
Blue,頂埔,2019-05-10,18970.0
Blue,永寧,2019-05-10,30890.0
Blue,土城,2019-05-10,16863.0
Blue,海山,2019-05-10,49522.0
Blue,亞東醫院,2019-05-10,55118.0
Blue,府中,2019-05-10,66818.0
Blue,板橋,2019-05-10,96773.0
Blue,新埔,2019-05-10,92778.0
Blue,江子翠,2019-05-10,58189.0
Blue,龍山寺,2019-05-10,65787.0
Blue,西門,2019-05-10,93344.0
Blue,善導寺,2019-05-10,50975.0
Blue,忠孝新生,2019-05-10,44895.5
Blue,忠孝敦化,2019-05-10,81432.0
Blue,國父紀念館,2019-05-10,53458.0
Blue,市政府,2019-05-10,145731.0
Blue,永春,2019-05-10,47114.0
Blue,後山埤,2019-05-10,38998.0
Blue,昆陽,2019-05-10,32735.0
Blue,南港,2019-05-10,46753.0
Blue,忠孝復興,2019-05-10,70088.0
Blue,南港展覽館,2019-05-10,43215.5
Blue,台北車站,2019-05-11,165834.0
Blue,頂埔,2019-05-11,14764.0
Blue,永寧,2019-05-11,26314.0
Blue,土城,2019-05-11,14244.0
Blue,海山,2019-05-11,38475.0
Blue,亞東醫院,2019-05-11,36691.0
Blue,府中,2019-05-11,60914.0
Blue,板橋,2019-05-11,88669.0
Blue,新埔,2019-05-11,70641.0
Blue,江子翠,2019-05-11,46307.0
Blue,龍山寺,2019-05-11,62911.0
Blue,西門,2019-05-11,104060.0
Blue,善導寺,2019-05-11,36579.0
Blue,忠孝新生,2019-05-11,40438.5
Blue,忠孝敦化,2019-05-11,68362.0
Blue,國父紀念館,2019-05-11,47640.0
Blue,市政府,2019-05-11,116788.0
Blue,永春,2019-05-11,35650.0
Blue,後山埤,2019-05-11,30319.0
Blue,昆陽,2019-05-11,19011.0
Blue,南港,2019-05-11,33375.0
Blue,忠孝復興,2019-05-11,67456.0
Blue,南港展覽館,2019-05-11,23778.5
Blue,台北車站,2019-05-12,151368.5
Blue,頂埔,2019-05-12,13664.0
Blue,永寧,2019-05-12,23692.0
Blue,土城,2019-05-12,12139.0
Blue,海山,2019-05-12,32452.0
Blue,亞東醫院,2019-05-12,29115.0
Blue,府中,2019-05-12,48353.0
Blue,板橋,2019-05-12,78168.0
Blue,新埔,2019-05-12,58448.0
Blue,江子翠,2019-05-12,38607.0
Blue,龍山寺,2019-05-12,57762.0
Blue,西門,2019-05-12,85684.0
Blue,善導寺,2019-05-12,23439.0
Blue,忠孝新生,2019-05-12,31354.5
Blue,忠孝敦化,2019-05-12,50348.0
Blue,國父紀念館,2019-05-12,38988.0
Blue,市政府,2019-05-12,104252.0
Blue,永春,2019-05-12,27473.0
Blue,後山埤,2019-05-12,26513.0
Blue,昆陽,2019-05-12,16157.0
Blue,南港,2019-05-12,28680.0
Blue,忠孝復興,2019-05-12,53591.5
Blue,南港展覽館,2019-05-12,19410.5
Blue,台北車站,2019-05-13,137466.0
Blue,頂埔,2019-05-13,17379.0
Blue,永寧,2019-05-13,27069.0
Blue,土城,2019-05-13,14883.0
Blue,海山,2019-05-13,44852.0
Blue,亞東醫院,2019-05-13,51159.0
Blue,府中,2019-05-13,57880.0
Blue,板橋,2019-05-13,80841.0
Blue,新埔,2019-05-13,84203.0
Blue,江子翠,2019-05-13,52828.0
Blue,龍山寺,2019-05-13,59154.0
Blue,西門,2019-05-13,77921.5
Blue,善導寺,2019-05-13,43171.0
Blue,忠孝新生,2019-05-13,37651.5
Blue,忠孝敦化,2019-05-13,67860.0
Blue,國父紀念館,2019-05-13,42466.0
Blue,市政府,2019-05-13,119244.0
Blue,永春,2019-05-13,39222.0
Blue,後山埤,2019-05-13,33577.0
Blue,昆陽,2019-05-13,29835.0
Blue,南港,2019-05-13,34377.0
Blue,忠孝復興,2019-05-13,52858.5
Blue,南港展覽館,2019-05-13,34503.5
Blue,台北車站,2019-05-14,130232.5
Blue,頂埔,2019-05-14,17499.0
Blue,永寧,2019-05-14,27541.0
Blue,土城,2019-05-14,15164.0
Blue,海山,2019-05-14,45571.0
Blue,亞東醫院,2019-05-14,52798.0
Blue,府中,2019-05-14,60601.0
Blue,板橋,2019-05-14,80736.0
Blue,新埔,2019-05-14,86576.0
Blue,江子翠,2019-05-14,54023.0
Blue,龍山寺,2019-05-14,59202.0
Blue,西門,2019-05-14,77084.5
Blue,善導寺,2019-05-14,49322.0
Blue,忠孝新生,2019-05-14,37985.5
Blue,忠孝敦化,2019-05-14,70616.0
Blue,國父紀念館,2019-05-14,44597.0
Blue,市政府,2019-05-14,118426.0
Blue,永春,2019-05-14,41872.0
Blue,後山埤,2019-05-14,34020.0
Blue,昆陽,2019-05-14,29466.0
Blue,南港,2019-05-14,35157.0
Blue,忠孝復興,2019-05-14,54541.0
Blue,南港展覽館,2019-05-14,36365.0
Blue,台北車站,2019-05-15,133282.5
Blue,頂埔,2019-05-15,17445.0
Blue,永寧,2019-05-15,27637.0
Blue,土城,2019-05-15,15337.0
Blue,海山,2019-05-15,45629.0
Blue,亞東醫院,2019-05-15,52340.0
Blue,府中,2019-05-15,60729.0
Blue,板橋,2019-05-15,81603.0
Blue,新埔,2019-05-15,86973.0
Blue,江子翠,2019-05-15,54487.0
Blue,龍山寺,2019-05-15,60472.0
Blue,西門,2019-05-15,79173.5
Blue,善導寺,2019-05-15,50362.0
Blue,忠孝新生,2019-05-15,38040.0
Blue,忠孝敦化,2019-05-15,72657.0
Blue,國父紀念館,2019-05-15,46362.0
Blue,市政府,2019-05-15,123042.0
Blue,永春,2019-05-15,41698.0
Blue,後山埤,2019-05-15,34386.0
Blue,昆陽,2019-05-15,30191.0
Blue,南港,2019-05-15,36088.0
Blue,忠孝復興,2019-05-15,55822.5
Blue,南港展覽館,2019-05-15,37180.0
Blue,台北車站,2019-05-16,135758.0
Blue,頂埔,2019-05-16,17277.0
Blue,永寧,2019-05-16,27525.0
Blue,土城,2019-05-16,14959.0
Blue,海山,2019-05-16,45412.0
Blue,亞東醫院,2019-05-16,52306.0
Blue,府中,2019-05-16,60621.0
Blue,板橋,2019-05-16,82144.0
Blue,新埔,2019-05-16,86110.0
Blue,江子翠,2019-05-16,54733.0
Blue,龍山寺,2019-05-16,59883.0
Blue,西門,2019-05-16,79417.5
Blue,善導寺,2019-05-16,50330.0
Blue,忠孝新生,2019-05-16,40205.0
Blue,忠孝敦化,2019-05-16,72648.0
Blue,國父紀念館,2019-05-16,46233.0
Blue,市政府,2019-05-16,122455.0
Blue,永春,2019-05-16,41960.0
Blue,後山埤,2019-05-16,34283.0
Blue,昆陽,2019-05-16,31127.0
Blue,南港,2019-05-16,36839.0
Blue,忠孝復興,2019-05-16,56434.0
Blue,南港展覽館,2019-05-16,37242.5
Blue,台北車站,2019-05-17,174161.0
Blue,頂埔,2019-05-17,18278.0
Blue,永寧,2019-05-17,29260.0
Blue,土城,2019-05-17,15903.0
Blue,海山,2019-05-17,48202.0
Blue,亞東醫院,2019-05-17,54195.0
Blue,府中,2019-05-17,67393.0
Blue,板橋,2019-05-17,95734.0
Blue,新埔,2019-05-17,91243.0
Blue,江子翠,2019-05-17,56850.0
Blue,龍山寺,2019-05-17,63224.0
Blue,西門,2019-05-17,97819.5
Blue,善導寺,2019-05-17,54861.0
Blue,忠孝新生,2019-05-17,44958.5
Blue,忠孝敦化,2019-05-17,82660.0
Blue,國父紀念館,2019-05-17,54376.0
Blue,市政府,2019-05-17,142053.0
Blue,永春,2019-05-17,44667.0
Blue,後山埤,2019-05-17,36551.0
Blue,昆陽,2019-05-17,31639.0
Blue,南港,2019-05-17,42838.0
Blue,忠孝復興,2019-05-17,64895.5
Blue,南港展覽館,2019-05-17,38621.5
Blue,台北車站,2019-05-18,177281.5
Blue,頂埔,2019-05-18,14073.0
Blue,永寧,2019-05-18,26591.0
Blue,土城,2019-05-18,14456.0
Blue,海山,2019-05-18,38619.0
Blue,亞東醫院,2019-05-18,38173.0
Blue,府中,2019-05-18,64807.0
Blue,板橋,2019-05-18,91672.0
Blue,新埔,2019-05-18,73725.0
Blue,江子翠,2019-05-18,47109.0
Blue,龍山寺,2019-05-18,66284.0
Blue,西門,2019-05-18,111956.5
Blue,善導寺,2019-05-18,35306.0
Blue,忠孝新生,2019-05-18,43708.5
Blue,忠孝敦化,2019-05-18,74391.0
Blue,國父紀念館,2019-05-18,49185.0
Blue,市政府,2019-05-18,124278.0
Blue,永春,2019-05-18,33689.0
Blue,後山埤,2019-05-18,30934.0
Blue,昆陽,2019-05-18,19659.0
Blue,南港,2019-05-18,32883.0
Blue,忠孝復興,2019-05-18,68152.5
Blue,南港展覽館,2019-05-18,25033.0
Blue,台北車站,2019-05-19,167173.0
Blue,頂埔,2019-05-19,12705.0
Blue,永寧,2019-05-19,23106.0
Blue,土城,2019-05-19,11601.0
Blue,海山,2019-05-19,32854.0
Blue,亞東醫院,2019-05-19,30640.0
Blue,府中,2019-05-19,54032.0
Blue,板橋,2019-05-19,79293.0
Blue,新埔,2019-05-19,61485.0
Blue,江子翠,2019-05-19,39190.0
Blue,龍山寺,2019-05-19,61206.0
Blue,西門,2019-05-19,99730.0
Blue,善導寺,2019-05-19,29507.0
Blue,忠孝新生,2019-05-19,36681.0
Blue,忠孝敦化,2019-05-19,58155.0
Blue,國父紀念館,2019-05-19,38597.0
Blue,市政府,2019-05-19,107756.0
Blue,永春,2019-05-19,28410.0
Blue,後山埤,2019-05-19,26965.0
Blue,昆陽,2019-05-19,17038.0
Blue,南港,2019-05-19,30762.0
Blue,忠孝復興,2019-05-19,54907.5
Blue,南港展覽館,2019-05-19,25258.0
Blue,台北車站,2019-05-20,132842.0
Blue,頂埔,2019-05-20,16776.0
Blue,永寧,2019-05-20,25657.0
Blue,土城,2019-05-20,14544.0
Blue,海山,2019-05-20,43880.0
Blue,亞東醫院,2019-05-20,50597.0
Blue,府中,2019-05-20,56845.0
Blue,板橋,2019-05-20,78647.0
Blue,新埔,2019-05-20,82132.0
Blue,江子翠,2019-05-20,51299.0
Blue,龍山寺,2019-05-20,55664.0
Blue,西門,2019-05-20,75500.0
Blue,善導寺,2019-05-20,45663.0
Blue,忠孝新生,2019-05-20,35841.0
Blue,忠孝敦化,2019-05-20,66158.0
Blue,國父紀念館,2019-05-20,43447.0
Blue,市政府,2019-05-20,119044.0
Blue,永春,2019-05-20,41438.0
Blue,後山埤,2019-05-20,32792.0
Blue,昆陽,2019-05-20,29398.0
Blue,南港,2019-05-20,34506.0
Blue,忠孝復興,2019-05-20,51375.5
Blue,南港展覽館,2019-05-20,33571.5
Blue,台北車站,2019-05-21,130354.5
Blue,頂埔,2019-05-21,17462.0
Blue,永寧,2019-05-21,27160.0
Blue,土城,2019-05-21,15028.0
Blue,海山,2019-05-21,45761.0
Blue,亞東醫院,2019-05-21,52942.0
Blue,府中,2019-05-21,60393.0
Blue,板橋,2019-05-21,78863.0
Blue,新埔,2019-05-21,86249.0
Blue,江子翠,2019-05-21,53641.0
Blue,龍山寺,2019-05-21,60321.0
Blue,西門,2019-05-21,78959.5
Blue,善導寺,2019-05-21,48705.0
Blue,忠孝新生,2019-05-21,37785.5
Blue,忠孝敦化,2019-05-21,69852.0
Blue,國父紀念館,2019-05-21,45666.0
Blue,市政府,2019-05-21,117623.0
Blue,永春,2019-05-21,42626.0
Blue,後山埤,2019-05-21,34055.0
Blue,昆陽,2019-05-21,30193.0
Blue,南港,2019-05-21,36305.0
Blue,忠孝復興,2019-05-21,54165.0
Blue,南港展覽館,2019-05-21,36492.5
Blue,台北車站,2019-05-22,132005.5
Blue,頂埔,2019-05-22,17328.0
Blue,永寧,2019-05-22,27557.0
Blue,土城,2019-05-22,15691.0
Blue,海山,2019-05-22,45803.0
Blue,亞東醫院,2019-05-22,52307.0
Blue,府中,2019-05-22,60422.0
Blue,板橋,2019-05-22,80308.0
Blue,新埔,2019-05-22,86896.0
Blue,江子翠,2019-05-22,53771.0
Blue,龍山寺,2019-05-22,59321.0
Blue,西門,2019-05-22,77649.5
Blue,善導寺,2019-05-22,50498.0
Blue,忠孝新生,2019-05-22,38438.0
Blue,忠孝敦化,2019-05-22,70739.0
Blue,國父紀念館,2019-05-22,45640.0
Blue,市政府,2019-05-22,120579.0
Blue,永春,2019-05-22,42560.0
Blue,後山埤,2019-05-22,34155.0
Blue,昆陽,2019-05-22,29851.0
Blue,南港,2019-05-22,36340.0
Blue,忠孝復興,2019-05-22,55191.0
Blue,南港展覽館,2019-05-22,36429.0
Blue,台北車站,2019-05-23,135857.5
Blue,頂埔,2019-05-23,17179.0
Blue,永寧,2019-05-23,27179.0
Blue,土城,2019-05-23,15111.0
Blue,海山,2019-05-23,46020.0
Blue,亞東醫院,2019-05-23,51738.0
Blue,府中,2019-05-23,60409.0
Blue,板橋,2019-05-23,81607.0
Blue,新埔,2019-05-23,86098.0
Blue,江子翠,2019-05-23,53733.0
Blue,龍山寺,2019-05-23,59348.0
Blue,西門,2019-05-23,80496.0
Blue,善導寺,2019-05-23,51065.0
Blue,忠孝新生,2019-05-23,39453.5
Blue,忠孝敦化,2019-05-23,72217.0
Blue,國父紀念館,2019-05-23,45985.0
Blue,市政府,2019-05-23,121154.0
Blue,永春,2019-05-23,42924.0
Blue,後山埤,2019-05-23,33978.0
Blue,昆陽,2019-05-23,31170.0
Blue,南港,2019-05-23,36172.0
Blue,忠孝復興,2019-05-23,56947.5
Blue,南港展覽館,2019-05-23,36520.0
Blue,台北車站,2019-05-24,168029.0
Blue,頂埔,2019-05-24,18484.0
Blue,永寧,2019-05-24,30228.0
Blue,土城,2019-05-24,15817.0
Blue,海山,2019-05-24,47591.0
Blue,亞東醫院,2019-05-24,53868.0
Blue,府中,2019-05-24,66656.0
Blue,板橋,2019-05-24,92093.0
Blue,新埔,2019-05-24,90685.0
Blue,江子翠,2019-05-24,56317.0
Blue,龍山寺,2019-05-24,64747.0
Blue,西門,2019-05-24,93417.5
Blue,善導寺,2019-05-24,51384.0
Blue,忠孝新生,2019-05-24,43743.5
Blue,忠孝敦化,2019-05-24,81594.0
Blue,國父紀念館,2019-05-24,55396.0
Blue,市政府,2019-05-24,141004.0
Blue,永春,2019-05-24,45301.0
Blue,後山埤,2019-05-24,36385.0
Blue,昆陽,2019-05-24,31801.0
Blue,南港,2019-05-24,41490.0
Blue,忠孝復興,2019-05-24,64972.0
Blue,南港展覽館,2019-05-24,38488.5
Blue,台北車站,2019-05-25,176862.5
Blue,頂埔,2019-05-25,14370.0
Blue,永寧,2019-05-25,27139.0
Blue,土城,2019-05-25,14359.0
Blue,海山,2019-05-25,38709.0
Blue,亞東醫院,2019-05-25,39228.0
Blue,府中,2019-05-25,64927.0
Blue,板橋,2019-05-25,90953.0
Blue,新埔,2019-05-25,75267.0
Blue,江子翠,2019-05-25,48398.0
Blue,龍山寺,2019-05-25,63446.0
Blue,西門,2019-05-25,110461.5
Blue,善導寺,2019-05-25,35356.0
Blue,忠孝新生,2019-05-25,43242.0
Blue,忠孝敦化,2019-05-25,73610.0
Blue,國父紀念館,2019-05-25,47208.0
Blue,市政府,2019-05-25,119307.0
Blue,永春,2019-05-25,34398.0
Blue,後山埤,2019-05-25,30797.0
Blue,昆陽,2019-05-25,20670.0
Blue,南港,2019-05-25,33054.0
Blue,忠孝復興,2019-05-25,67074.5
Blue,南港展覽館,2019-05-25,25812.5
Blue,台北車站,2019-05-26,161550.0
Blue,頂埔,2019-05-26,12509.0
Blue,永寧,2019-05-26,22842.0
Blue,土城,2019-05-26,11014.0
Blue,海山,2019-05-26,31802.0
Blue,亞東醫院,2019-05-26,30334.0
Blue,府中,2019-05-26,52213.0
Blue,板橋,2019-05-26,76954.0
Blue,新埔,2019-05-26,59817.0
Blue,江子翠,2019-05-26,39878.0
Blue,龍山寺,2019-05-26,56266.0
Blue,西門,2019-05-26,94307.5
Blue,善導寺,2019-05-26,30936.0
Blue,忠孝新生,2019-05-26,36710.0
Blue,忠孝敦化,2019-05-26,54825.0
Blue,國父紀念館,2019-05-26,36501.0
Blue,市政府,2019-05-26,100089.0
Blue,永春,2019-05-26,29913.0
Blue,後山埤,2019-05-26,26126.0
Blue,昆陽,2019-05-26,17184.0
Blue,南港,2019-05-26,28724.0
Blue,忠孝復興,2019-05-26,53299.0
Blue,南港展覽館,2019-05-26,21728.0
Blue,台北車站,2019-05-27,134724.5
Blue,頂埔,2019-05-27,16909.0
Blue,永寧,2019-05-27,26465.0
Blue,土城,2019-05-27,14684.0
Blue,海山,2019-05-27,44182.0
Blue,亞東醫院,2019-05-27,51276.0
Blue,府中,2019-05-27,57412.0
Blue,板橋,2019-05-27,78811.0
Blue,新埔,2019-05-27,83459.0
Blue,江子翠,2019-05-27,51501.0
Blue,龍山寺,2019-05-27,56572.0
Blue,西門,2019-05-27,76396.5
Blue,善導寺,2019-05-27,45290.0
Blue,忠孝新生,2019-05-27,37655.0
Blue,忠孝敦化,2019-05-27,66905.0
Blue,國父紀念館,2019-05-27,43670.0
Blue,市政府,2019-05-27,119238.0
Blue,永春,2019-05-27,39173.0
Blue,後山埤,2019-05-27,33123.0
Blue,昆陽,2019-05-27,29369.0
Blue,南港,2019-05-27,35751.0
Blue,忠孝復興,2019-05-27,51515.0
Blue,南港展覽館,2019-05-27,38638.0
Blue,台北車站,2019-05-28,131341.0
Blue,頂埔,2019-05-28,16731.0
Blue,永寧,2019-05-28,26259.0
Blue,土城,2019-05-28,14476.0
Blue,海山,2019-05-28,44215.0
Blue,亞東醫院,2019-05-28,51850.0
Blue,府中,2019-05-28,57718.0
Blue,板橋,2019-05-28,79362.0
Blue,新埔,2019-05-28,85375.0
Blue,江子翠,2019-05-28,52689.0
Blue,龍山寺,2019-05-28,55791.0
Blue,西門,2019-05-28,78738.5
Blue,善導寺,2019-05-28,49645.0
Blue,忠孝新生,2019-05-28,38202.0
Blue,忠孝敦化,2019-05-28,70380.0
Blue,國父紀念館,2019-05-28,44539.0
Blue,市政府,2019-05-28,123038.0
Blue,永春,2019-05-28,42215.0
Blue,後山埤,2019-05-28,33589.0
Blue,昆陽,2019-05-28,29559.0
Blue,南港,2019-05-28,38629.0
Blue,忠孝復興,2019-05-28,53147.0
Blue,南港展覽館,2019-05-28,52816.5
Blue,台北車站,2019-05-29,135518.5
Blue,頂埔,2019-05-29,17603.0
Blue,永寧,2019-05-29,27718.0
Blue,土城,2019-05-29,15199.0
Blue,海山,2019-05-29,45552.0
Blue,亞東醫院,2019-05-29,52569.0
Blue,府中,2019-05-29,61043.0
Blue,板橋,2019-05-29,81531.0
Blue,新埔,2019-05-29,87490.0
Blue,江子翠,2019-05-29,54976.0
Blue,龍山寺,2019-05-29,61511.0
Blue,西門,2019-05-29,85052.5
Blue,善導寺,2019-05-29,51701.0
Blue,忠孝新生,2019-05-29,39759.0
Blue,忠孝敦化,2019-05-29,73663.0
Blue,國父紀念館,2019-05-29,46571.0
Blue,市政府,2019-05-29,127182.0
Blue,永春,2019-05-29,43037.0
Blue,後山埤,2019-05-29,34705.0
Blue,昆陽,2019-05-29,30506.0
Blue,南港,2019-05-29,39953.0
Blue,忠孝復興,2019-05-29,56137.0
Blue,南港展覽館,2019-05-29,55909.5
Blue,台北車站,2019-05-30,138806.5
Blue,頂埔,2019-05-30,17211.0
Blue,永寧,2019-05-30,27990.0
Blue,土城,2019-05-30,15186.0
Blue,海山,2019-05-30,45459.0
Blue,亞東醫院,2019-05-30,52473.0
Blue,府中,2019-05-30,61434.0
Blue,板橋,2019-05-30,82842.0
Blue,新埔,2019-05-30,87266.0
Blue,江子翠,2019-05-30,54820.0
Blue,龍山寺,2019-05-30,61576.0
Blue,西門,2019-05-30,84980.0
Blue,善導寺,2019-05-30,50247.0
Blue,忠孝新生,2019-05-30,40700.5
Blue,忠孝敦化,2019-05-30,73691.0
Blue,國父紀念館,2019-05-30,47831.0
Blue,市政府,2019-05-30,128478.0
Blue,永春,2019-05-30,42784.0
Blue,後山埤,2019-05-30,35004.0
Blue,昆陽,2019-05-30,30963.0
Blue,南港,2019-05-30,41647.0
Blue,忠孝復興,2019-05-30,56596.5
Blue,南港展覽館,2019-05-30,60179.5
Blue,台北車站,2019-05-31,166857.5
Blue,頂埔,2019-05-31,18462.0
Blue,永寧,2019-05-31,30350.0
Blue,土城,2019-05-31,16021.0
Blue,海山,2019-05-31,47769.0
Blue,亞東醫院,2019-05-31,54201.0
Blue,府中,2019-05-31,66126.0
Blue,板橋,2019-05-31,91989.0
Blue,新埔,2019-05-31,90891.0
Blue,江子翠,2019-05-31,57465.0
Blue,龍山寺,2019-05-31,64756.0
Blue,西門,2019-05-31,97329.0
Blue,善導寺,2019-05-31,52509.0
Blue,忠孝新生,2019-05-31,47166.5
Blue,忠孝敦化,2019-05-31,83670.0
Blue,國父紀念館,2019-05-31,54373.0
Blue,市政府,2019-05-31,144978.0
Blue,永春,2019-05-31,45830.0
Blue,後山埤,2019-05-31,37228.0
Blue,昆陽,2019-05-31,32536.0
Blue,南港,2019-05-31,47534.0
Blue,忠孝復興,2019-05-31,64786.5
Blue,南港展覽館,2019-05-31,61365.0
Blue,台北車站,2019-06-01,185317.5
Blue,頂埔,2019-06-01,14181.0
Blue,永寧,2019-06-01,26943.0
Blue,土城,2019-06-01,13683.0
Blue,海山,2019-06-01,38353.0
Blue,亞東醫院,2019-06-01,38383.0
Blue,府中,2019-06-01,63137.0
Blue,板橋,2019-06-01,89883.0
Blue,新埔,2019-06-01,75988.0
Blue,江子翠,2019-06-01,48685.0
Blue,龍山寺,2019-06-01,61924.0
Blue,西門,2019-06-01,117435.5
Blue,善導寺,2019-06-01,41564.0
Blue,忠孝新生,2019-06-01,51647.5
Blue,忠孝敦化,2019-06-01,71927.0
Blue,國父紀念館,2019-06-01,47166.0
Blue,市政府,2019-06-01,120107.0
Blue,永春,2019-06-01,33872.0
Blue,後山埤,2019-06-01,32410.0
Blue,昆陽,2019-06-01,19807.0
Blue,南港,2019-06-01,35557.0
Blue,忠孝復興,2019-06-01,65460.5
Blue,南港展覽館,2019-06-01,42845.5
Blue,台北車站,2019-06-02,154977.5
Blue,頂埔,2019-06-02,12266.0
Blue,永寧,2019-06-02,21552.0
Blue,土城,2019-06-02,10990.0
Blue,海山,2019-06-02,31723.0
Blue,亞東醫院,2019-06-02,28921.0
Blue,府中,2019-06-02,50617.0
Blue,板橋,2019-06-02,78121.0
Blue,新埔,2019-06-02,60263.0
Blue,江子翠,2019-06-02,38527.0
Blue,龍山寺,2019-06-02,54747.0
Blue,西門,2019-06-02,93580.5
Blue,善導寺,2019-06-02,32569.0
Blue,忠孝新生,2019-06-02,39245.5
Blue,忠孝敦化,2019-06-02,54604.0
Blue,國父紀念館,2019-06-02,34259.0
Blue,市政府,2019-06-02,97472.0
Blue,永春,2019-06-02,28372.0
Blue,後山埤,2019-06-02,25899.0
Blue,昆陽,2019-06-02,16609.0
Blue,南港,2019-06-02,27942.0
Blue,忠孝復興,2019-06-02,50321.0
Blue,南港展覽館,2019-06-02,20185.0
Blue,台北車站,2019-06-03,135401.5
Blue,頂埔,2019-06-03,17272.0
Blue,永寧,2019-06-03,27425.0
Blue,土城,2019-06-03,15092.0
Blue,海山,2019-06-03,44794.0
Blue,亞東醫院,2019-06-03,51244.0
Blue,府中,2019-06-03,58790.0
Blue,板橋,2019-06-03,79774.0
Blue,新埔,2019-06-03,84680.0
Blue,江子翠,2019-06-03,53082.0
Blue,龍山寺,2019-06-03,61431.0
Blue,西門,2019-06-03,82265.0
Blue,善導寺,2019-06-03,45505.0
Blue,忠孝新生,2019-06-03,37122.5
Blue,忠孝敦化,2019-06-03,69951.0
Blue,國父紀念館,2019-06-03,43836.0
Blue,市政府,2019-06-03,119929.0
Blue,永春,2019-06-03,40936.0
Blue,後山埤,2019-06-03,34411.0
Blue,昆陽,2019-06-03,30545.0
Blue,南港,2019-06-03,36387.0
Blue,忠孝復興,2019-06-03,52868.5
Blue,南港展覽館,2019-06-03,35310.5
Blue,台北車站,2019-06-04,132558.5
Blue,頂埔,2019-06-04,17250.0
Blue,永寧,2019-06-04,27067.0
Blue,土城,2019-06-04,14947.0
Blue,海山,2019-06-04,45701.0
Blue,亞東醫院,2019-06-04,52763.0
Blue,府中,2019-06-04,61239.0
Blue,板橋,2019-06-04,80934.0
Blue,新埔,2019-06-04,87165.0
Blue,江子翠,2019-06-04,53831.0
Blue,龍山寺,2019-06-04,58423.0
Blue,西門,2019-06-04,80291.5
Blue,善導寺,2019-06-04,49184.0
Blue,忠孝新生,2019-06-04,37638.5
Blue,忠孝敦化,2019-06-04,71456.0
Blue,國父紀念館,2019-06-04,44952.0
Blue,市政府,2019-06-04,120633.0
Blue,永春,2019-06-04,42812.0
Blue,後山埤,2019-06-04,34220.0
Blue,昆陽,2019-06-04,29727.0
Blue,南港,2019-06-04,35763.0
Blue,忠孝復興,2019-06-04,55079.0
Blue,南港展覽館,2019-06-04,35697.5
Blue,台北車站,2019-06-05,142521.5
Blue,頂埔,2019-06-05,17908.0
Blue,永寧,2019-06-05,27922.0
Blue,土城,2019-06-05,15725.0
Blue,海山,2019-06-05,46264.0
Blue,亞東醫院,2019-06-05,53317.0
Blue,府中,2019-06-05,62528.0
Blue,板橋,2019-06-05,82347.0
Blue,新埔,2019-06-05,87768.0
Blue,江子翠,2019-06-05,55074.0
Blue,龍山寺,2019-06-05,60451.0
Blue,西門,2019-06-05,82818.5
Blue,善導寺,2019-06-05,49659.0
Blue,忠孝新生,2019-06-05,39225.0
Blue,忠孝敦化,2019-06-05,74542.0
Blue,國父紀念館,2019-06-05,46592.0
Blue,市政府,2019-06-05,124802.0
Blue,永春,2019-06-05,43149.0
Blue,後山埤,2019-06-05,34663.0
Blue,昆陽,2019-06-05,30929.0
Blue,南港,2019-06-05,36818.0
Blue,忠孝復興,2019-06-05,56860.0
Blue,南港展覽館,2019-06-05,36598.0
Blue,台北車站,2019-06-06,170547.0
Blue,頂埔,2019-06-06,18805.0
Blue,永寧,2019-06-06,30865.0
Blue,土城,2019-06-06,16256.0
Blue,海山,2019-06-06,47692.0
Blue,亞東醫院,2019-06-06,54242.0
Blue,府中,2019-06-06,66394.0
Blue,板橋,2019-06-06,94032.0
Blue,新埔,2019-06-06,91344.0
Blue,江子翠,2019-06-06,56739.0
Blue,龍山寺,2019-06-06,61986.0
Blue,西門,2019-06-06,93369.5
Blue,善導寺,2019-06-06,50339.0
Blue,忠孝新生,2019-06-06,43366.5
Blue,忠孝敦化,2019-06-06,78426.0
Blue,國父紀念館,2019-06-06,48635.0
Blue,市政府,2019-06-06,137970.0
Blue,永春,2019-06-06,43894.0
Blue,後山埤,2019-06-06,35559.0
Blue,昆陽,2019-06-06,31663.0
Blue,南港,2019-06-06,46130.0
Blue,忠孝復興,2019-06-06,65599.0
Blue,南港展覽館,2019-06-06,40706.0
Blue,台北車站,2019-06-07,141978.5
Blue,頂埔,2019-06-07,11691.0
Blue,永寧,2019-06-07,18231.0
Blue,土城,2019-06-07,10896.0
Blue,海山,2019-06-07,28843.0
Blue,亞東醫院,2019-06-07,25629.0
Blue,府中,2019-06-07,45221.0
Blue,板橋,2019-06-07,68679.0
Blue,新埔,2019-06-07,51965.0
Blue,江子翠,2019-06-07,34001.0
Blue,龍山寺,2019-06-07,50239.0
Blue,西門,2019-06-07,93438.5
Blue,善導寺,2019-06-07,22472.0
Blue,忠孝新生,2019-06-07,29106.5
Blue,忠孝敦化,2019-06-07,54852.0
Blue,國父紀念館,2019-06-07,31623.0
Blue,市政府,2019-06-07,97152.0
Blue,永春,2019-06-07,24106.0
Blue,後山埤,2019-06-07,23807.0
Blue,昆陽,2019-06-07,14350.0
Blue,南港,2019-06-07,29684.0
Blue,忠孝復興,2019-06-07,51499.0
Blue,南港展覽館,2019-06-07,22247.5
Blue,台北車站,2019-06-08,157909.5
Blue,頂埔,2019-06-08,13052.0
Blue,永寧,2019-06-08,22657.0
Blue,土城,2019-06-08,11980.0
Blue,海山,2019-06-08,32542.0
Blue,亞東醫院,2019-06-08,29954.0
Blue,府中,2019-06-08,54745.0
Blue,板橋,2019-06-08,77147.0
Blue,新埔,2019-06-08,59973.0
Blue,江子翠,2019-06-08,39636.0
Blue,龍山寺,2019-06-08,58032.0
Blue,西門,2019-06-08,109066.0
Blue,善導寺,2019-06-08,26533.0
Blue,忠孝新生,2019-06-08,36359.0
Blue,忠孝敦化,2019-06-08,62598.0
Blue,國父紀念館,2019-06-08,38141.0
Blue,市政府,2019-06-08,107883.0
Blue,永春,2019-06-08,26922.0
Blue,後山埤,2019-06-08,27164.0
Blue,昆陽,2019-06-08,16246.0
Blue,南港,2019-06-08,30589.0
Blue,忠孝復興,2019-06-08,60750.5
Blue,南港展覽館,2019-06-08,25477.5
Blue,台北車站,2019-06-09,172706.0
Blue,頂埔,2019-06-09,12943.0
Blue,永寧,2019-06-09,22568.0
Blue,土城,2019-06-09,10816.0
Blue,海山,2019-06-09,30474.0
Blue,亞東醫院,2019-06-09,27456.0
Blue,府中,2019-06-09,48252.0
Blue,板橋,2019-06-09,79225.0
Blue,新埔,2019-06-09,55920.0
Blue,江子翠,2019-06-09,35932.0
Blue,龍山寺,2019-06-09,52627.0
Blue,西門,2019-06-09,89989.5
Blue,善導寺,2019-06-09,23243.0
Blue,忠孝新生,2019-06-09,30797.0
Blue,忠孝敦化,2019-06-09,49902.0
Blue,國父紀念館,2019-06-09,31584.0
Blue,市政府,2019-06-09,96878.0
Blue,永春,2019-06-09,26093.0
Blue,後山埤,2019-06-09,25244.0
Blue,昆陽,2019-06-09,15708.0
Blue,南港,2019-06-09,31796.0
Blue,忠孝復興,2019-06-09,49973.5
Blue,南港展覽館,2019-06-09,23086.5
Blue,台北車站,2019-06-10,145646.5
Blue,頂埔,2019-06-10,17390.0
Blue,永寧,2019-06-10,27023.0
Blue,土城,2019-06-10,14900.0
Blue,海山,2019-06-10,44259.0
Blue,亞東醫院,2019-06-10,52593.0
Blue,府中,2019-06-10,59048.0
Blue,板橋,2019-06-10,82197.0
Blue,新埔,2019-06-10,85564.0
Blue,江子翠,2019-06-10,52650.0
Blue,龍山寺,2019-06-10,56916.0
Blue,西門,2019-06-10,78046.5
Blue,善導寺,2019-06-10,46331.0
Blue,忠孝新生,2019-06-10,36746.0
Blue,忠孝敦化,2019-06-10,69866.0
Blue,國父紀念館,2019-06-10,43943.0
Blue,市政府,2019-06-10,122942.0
Blue,永春,2019-06-10,40825.0
Blue,後山埤,2019-06-10,33344.0
Blue,昆陽,2019-06-10,29643.0
Blue,南港,2019-06-10,36569.0
Blue,忠孝復興,2019-06-10,54427.0
Blue,南港展覽館,2019-06-10,34412.0
Blue,台北車站,2019-06-11,136771.5
Blue,頂埔,2019-06-11,17265.0
Blue,永寧,2019-06-11,26320.0
Blue,土城,2019-06-11,14411.0
Blue,海山,2019-06-11,43987.0
Blue,亞東醫院,2019-06-11,52676.0
Blue,府中,2019-06-11,58668.0
Blue,板橋,2019-06-11,82200.0
Blue,新埔,2019-06-11,87638.0
Blue,江子翠,2019-06-11,53346.0
Blue,龍山寺,2019-06-11,55146.0
Blue,西門,2019-06-11,75902.0
Blue,善導寺,2019-06-11,50275.0
Blue,忠孝新生,2019-06-11,36467.5
Blue,忠孝敦化,2019-06-11,70392.0
Blue,國父紀念館,2019-06-11,44556.0
Blue,市政府,2019-06-11,122610.0
Blue,永春,2019-06-11,42345.0
Blue,後山埤,2019-06-11,33287.0
Blue,昆陽,2019-06-11,29973.0
Blue,南港,2019-06-11,35615.0
Blue,忠孝復興,2019-06-11,55684.0
Blue,南港展覽館,2019-06-11,34009.5
Blue,台北車站,2019-06-12,141287.5
Blue,頂埔,2019-06-12,17344.0
Blue,永寧,2019-06-12,26705.0
Blue,土城,2019-06-12,14875.0
Blue,海山,2019-06-12,44059.0
Blue,亞東醫院,2019-06-12,52572.0
Blue,府中,2019-06-12,60623.0
Blue,板橋,2019-06-12,83650.0
Blue,新埔,2019-06-12,88164.0
Blue,江子翠,2019-06-12,54824.0
Blue,龍山寺,2019-06-12,58331.0
Blue,西門,2019-06-12,82659.5
Blue,善導寺,2019-06-12,52731.0
Blue,忠孝新生,2019-06-12,38757.0
Blue,忠孝敦化,2019-06-12,75096.0
Blue,國父紀念館,2019-06-12,46251.0
Blue,市政府,2019-06-12,129446.0
Blue,永春,2019-06-12,43201.0
Blue,後山埤,2019-06-12,34625.0
Blue,昆陽,2019-06-12,30743.0
Blue,南港,2019-06-12,36874.0
Blue,忠孝復興,2019-06-12,58469.5
Blue,南港展覽館,2019-06-12,34958.0
Blue,台北車站,2019-06-13,139997.5
Blue,頂埔,2019-06-13,17110.0
Blue,永寧,2019-06-13,26416.0
Blue,土城,2019-06-13,14906.0
Blue,海山,2019-06-13,44185.0
Blue,亞東醫院,2019-06-13,52813.0
Blue,府中,2019-06-13,60264.0
Blue,板橋,2019-06-13,84208.0
Blue,新埔,2019-06-13,87716.0
Blue,江子翠,2019-06-13,54474.0
Blue,龍山寺,2019-06-13,59007.0
Blue,西門,2019-06-13,82083.0
Blue,善導寺,2019-06-13,51181.0
Blue,忠孝新生,2019-06-13,39316.0
Blue,忠孝敦化,2019-06-13,75370.0
Blue,國父紀念館,2019-06-13,46690.0
Blue,市政府,2019-06-13,130246.0
Blue,永春,2019-06-13,42905.0
Blue,後山埤,2019-06-13,34498.0
Blue,昆陽,2019-06-13,31009.0
Blue,南港,2019-06-13,37586.0
Blue,忠孝復興,2019-06-13,57978.5
Blue,南港展覽館,2019-06-13,35467.0
Blue,台北車站,2019-06-14,163938.5
Blue,頂埔,2019-06-14,18274.0
Blue,永寧,2019-06-14,28885.0
Blue,土城,2019-06-14,15985.0
Blue,海山,2019-06-14,47050.0
Blue,亞東醫院,2019-06-14,53963.0
Blue,府中,2019-06-14,66434.0
Blue,板橋,2019-06-14,91926.0
Blue,新埔,2019-06-14,91728.0
Blue,江子翠,2019-06-14,56563.0
Blue,龍山寺,2019-06-14,64241.0
Blue,西門,2019-06-14,96306.0
Blue,善導寺,2019-06-14,51665.0
Blue,忠孝新生,2019-06-14,42922.5
Blue,忠孝敦化,2019-06-14,84491.0
Blue,國父紀念館,2019-06-14,51601.0
Blue,市政府,2019-06-14,142907.0
Blue,永春,2019-06-14,44748.0
Blue,後山埤,2019-06-14,36991.0
Blue,昆陽,2019-06-14,32007.0
Blue,南港,2019-06-14,41774.0
Blue,忠孝復興,2019-06-14,65192.5
Blue,南港展覽館,2019-06-14,37261.0
Blue,台北車站,2019-06-15,170763.5
Blue,頂埔,2019-06-15,14316.0
Blue,永寧,2019-06-15,26265.0
Blue,土城,2019-06-15,13718.0
Blue,海山,2019-06-15,38175.0
Blue,亞東醫院,2019-06-15,39872.0
Blue,府中,2019-06-15,63620.0
Blue,板橋,2019-06-15,88484.0
Blue,新埔,2019-06-15,74563.0
Blue,江子翠,2019-06-15,47337.0
Blue,龍山寺,2019-06-15,66009.0
Blue,西門,2019-06-15,106756.0
Blue,善導寺,2019-06-15,37352.0
Blue,忠孝新生,2019-06-15,41495.0
Blue,忠孝敦化,2019-06-15,72005.0
Blue,國父紀念館,2019-06-15,43554.0
Blue,市政府,2019-06-15,121577.0
Blue,永春,2019-06-15,33908.0
Blue,後山埤,2019-06-15,33128.0
Blue,昆陽,2019-06-15,20333.0
Blue,南港,2019-06-15,32592.0
Blue,忠孝復興,2019-06-15,65973.0
Blue,南港展覽館,2019-06-15,25012.0
Blue,台北車站,2019-06-16,163897.0
Blue,頂埔,2019-06-16,12876.0
Blue,永寧,2019-06-16,22015.0
Blue,土城,2019-06-16,11288.0
Blue,海山,2019-06-16,31738.0
Blue,亞東醫院,2019-06-16,29830.0
Blue,府中,2019-06-16,51874.0
Blue,板橋,2019-06-16,77333.0
Blue,新埔,2019-06-16,61300.0
Blue,江子翠,2019-06-16,39141.0
Blue,龍山寺,2019-06-16,57165.0
Blue,西門,2019-06-16,92745.5
Blue,善導寺,2019-06-16,32380.0
Blue,忠孝新生,2019-06-16,36128.5
Blue,忠孝敦化,2019-06-16,54684.0
Blue,國父紀念館,2019-06-16,36518.0
Blue,市政府,2019-06-16,101678.0
Blue,永春,2019-06-16,28510.0
Blue,後山埤,2019-06-16,26569.0
Blue,昆陽,2019-06-16,16505.0
Blue,南港,2019-06-16,29479.0
Blue,忠孝復興,2019-06-16,51724.5
Blue,南港展覽館,2019-06-16,21750.0
Blue,台北車站,2019-06-17,139558.0
Blue,頂埔,2019-06-17,17225.0
Blue,永寧,2019-06-17,27198.0
Blue,土城,2019-06-17,14911.0
Blue,海山,2019-06-17,44018.0
Blue,亞東醫院,2019-06-17,51402.0
Blue,府中,2019-06-17,58466.0
Blue,板橋,2019-06-17,81846.0
Blue,新埔,2019-06-17,84813.0
Blue,江子翠,2019-06-17,52794.0
Blue,龍山寺,2019-06-17,62099.0
Blue,西門,2019-06-17,81538.5
Blue,善導寺,2019-06-17,45047.0
Blue,忠孝新生,2019-06-17,37088.0
Blue,忠孝敦化,2019-06-17,70185.0
Blue,國父紀念館,2019-06-17,43003.0
Blue,市政府,2019-06-17,121538.0
Blue,永春,2019-06-17,39942.0
Blue,後山埤,2019-06-17,33422.0
Blue,昆陽,2019-06-17,30179.0
Blue,南港,2019-06-17,36214.0
Blue,忠孝復興,2019-06-17,54477.0
Blue,南港展覽館,2019-06-17,35446.0
Blue,台北車站,2019-06-18,134915.0
Blue,頂埔,2019-06-18,17285.0
Blue,永寧,2019-06-18,26743.0
Blue,土城,2019-06-18,14827.0
Blue,海山,2019-06-18,44932.0
Blue,亞東醫院,2019-06-18,52629.0
Blue,府中,2019-06-18,60286.0
Blue,板橋,2019-06-18,81463.0
Blue,新埔,2019-06-18,86131.0
Blue,江子翠,2019-06-18,53336.0
Blue,龍山寺,2019-06-18,60479.0
Blue,西門,2019-06-18,81516.0
Blue,善導寺,2019-06-18,48794.0
Blue,忠孝新生,2019-06-18,37460.5
Blue,忠孝敦化,2019-06-18,72141.0
Blue,國父紀念館,2019-06-18,45184.0
Blue,市政府,2019-06-18,122828.0
Blue,永春,2019-06-18,41955.0
Blue,後山埤,2019-06-18,33960.0
Blue,昆陽,2019-06-18,30085.0
Blue,南港,2019-06-18,37830.0
Blue,忠孝復興,2019-06-18,56925.0
Blue,南港展覽館,2019-06-18,37612.5
Blue,台北車站,2019-06-19,140023.0
Blue,頂埔,2019-06-19,17309.0
Blue,永寧,2019-06-19,27661.0
Blue,土城,2019-06-19,15087.0
Blue,海山,2019-06-19,44753.0
Blue,亞東醫院,2019-06-19,52609.0
Blue,府中,2019-06-19,61046.0
Blue,板橋,2019-06-19,82082.0
Blue,新埔,2019-06-19,86883.0
Blue,江子翠,2019-06-19,54136.0
Blue,龍山寺,2019-06-19,59820.0
Blue,西門,2019-06-19,84709.5
Blue,善導寺,2019-06-19,50226.0
Blue,忠孝新生,2019-06-19,39105.5
Blue,忠孝敦化,2019-06-19,76144.0
Blue,國父紀念館,2019-06-19,46117.0
Blue,市政府,2019-06-19,127415.0
Blue,永春,2019-06-19,42307.0
Blue,後山埤,2019-06-19,34558.0
Blue,昆陽,2019-06-19,30483.0
Blue,南港,2019-06-19,40904.0
Blue,忠孝復興,2019-06-19,57678.5
Blue,南港展覽館,2019-06-19,50450.5
Blue,台北車站,2019-06-20,146280.0
Blue,頂埔,2019-06-20,17760.0
Blue,永寧,2019-06-20,27540.0
Blue,土城,2019-06-20,15143.0
Blue,海山,2019-06-20,45156.0
Blue,亞東醫院,2019-06-20,51912.0
Blue,府中,2019-06-20,60982.0
Blue,板橋,2019-06-20,83411.0
Blue,新埔,2019-06-20,87192.0
Blue,江子翠,2019-06-20,54454.0
Blue,龍山寺,2019-06-20,60272.0
Blue,西門,2019-06-20,86543.5
Blue,善導寺,2019-06-20,49491.0
Blue,忠孝新生,2019-06-20,40086.5
Blue,忠孝敦化,2019-06-20,79097.0
Blue,國父紀念館,2019-06-20,47524.0
Blue,市政府,2019-06-20,129176.0
Blue,永春,2019-06-20,42017.0
Blue,後山埤,2019-06-20,34433.0
Blue,昆陽,2019-06-20,31614.0
Blue,南港,2019-06-20,42132.0
Blue,忠孝復興,2019-06-20,58117.0
Blue,南港展覽館,2019-06-20,52150.0
Blue,台北車站,2019-06-21,173702.0
Blue,頂埔,2019-06-21,22071.0
Blue,永寧,2019-06-21,30140.0
Blue,土城,2019-06-21,16089.0
Blue,海山,2019-06-21,46601.0
Blue,亞東醫院,2019-06-21,53718.0
Blue,府中,2019-06-21,66471.0
Blue,板橋,2019-06-21,93111.0
Blue,新埔,2019-06-21,91661.0
Blue,江子翠,2019-06-21,56515.0
Blue,龍山寺,2019-06-21,62652.0
Blue,西門,2019-06-21,97744.0
Blue,善導寺,2019-06-21,51792.0
Blue,忠孝新生,2019-06-21,46964.0
Blue,忠孝敦化,2019-06-21,87227.0
Blue,國父紀念館,2019-06-21,51346.0
Blue,市政府,2019-06-21,145933.0
Blue,永春,2019-06-21,44508.0
Blue,後山埤,2019-06-21,36077.0
Blue,昆陽,2019-06-21,31805.0
Blue,南港,2019-06-21,47636.0
Blue,忠孝復興,2019-06-21,65543.5
Blue,南港展覽館,2019-06-21,54711.0
Blue,台北車站,2019-06-22,171708.0
Blue,頂埔,2019-06-22,13696.0
Blue,永寧,2019-06-22,24694.0
Blue,土城,2019-06-22,12804.0
Blue,海山,2019-06-22,36089.0
Blue,亞東醫院,2019-06-22,37636.0
Blue,府中,2019-06-22,59338.0
Blue,板橋,2019-06-22,85541.0
Blue,新埔,2019-06-22,70090.0
Blue,江子翠,2019-06-22,44667.0
Blue,龍山寺,2019-06-22,61467.0
Blue,西門,2019-06-22,103599.5
Blue,善導寺,2019-06-22,33808.0
Blue,忠孝新生,2019-06-22,41133.5
Blue,忠孝敦化,2019-06-22,73836.0
Blue,國父紀念館,2019-06-22,46009.0
Blue,市政府,2019-06-22,119728.0
Blue,永春,2019-06-22,32163.0
Blue,後山埤,2019-06-22,29992.0
Blue,昆陽,2019-06-22,18704.0
Blue,南港,2019-06-22,35464.0
Blue,忠孝復興,2019-06-22,64024.0
Blue,南港展覽館,2019-06-22,39249.0
Blue,台北車站,2019-06-23,166228.0
Blue,頂埔,2019-06-23,11879.0
Blue,永寧,2019-06-23,20063.0
Blue,土城,2019-06-23,10360.0
Blue,海山,2019-06-23,28999.0
Blue,亞東醫院,2019-06-23,27997.0
Blue,府中,2019-06-23,46175.0
Blue,板橋,2019-06-23,75878.0
Blue,新埔,2019-06-23,59284.0
Blue,江子翠,2019-06-23,35485.0
Blue,龍山寺,2019-06-23,47964.0
Blue,西門,2019-06-23,89266.0
Blue,善導寺,2019-06-23,30704.0
Blue,忠孝新生,2019-06-23,32023.0
Blue,忠孝敦化,2019-06-23,54692.0
Blue,國父紀念館,2019-06-23,32422.0
Blue,市政府,2019-06-23,100112.0
Blue,永春,2019-06-23,27656.0
Blue,後山埤,2019-06-23,24410.0
Blue,昆陽,2019-06-23,16701.0
Blue,南港,2019-06-23,29595.0
Blue,忠孝復興,2019-06-23,51427.0
Blue,南港展覽館,2019-06-23,20856.5
Blue,台北車站,2019-06-24,144187.5
Blue,頂埔,2019-06-24,16893.0
Blue,永寧,2019-06-24,26419.0
Blue,土城,2019-06-24,14565.0
Blue,海山,2019-06-24,43655.0
Blue,亞東醫院,2019-06-24,49410.0
Blue,府中,2019-06-24,57927.0
Blue,板橋,2019-06-24,82314.0
Blue,新埔,2019-06-24,84897.0
Blue,江子翠,2019-06-24,52771.0
Blue,龍山寺,2019-06-24,59051.0
Blue,西門,2019-06-24,84065.5
Blue,善導寺,2019-06-24,43170.0
Blue,忠孝新生,2019-06-24,36609.5
Blue,忠孝敦化,2019-06-24,73065.0
Blue,國父紀念館,2019-06-24,44403.0
Blue,市政府,2019-06-24,125583.0
Blue,永春,2019-06-24,40788.0
Blue,後山埤,2019-06-24,33268.0
Blue,昆陽,2019-06-24,30111.0
Blue,南港,2019-06-24,36123.0
Blue,忠孝復興,2019-06-24,55556.0
Blue,南港展覽館,2019-06-24,34358.0
Blue,台北車站,2019-06-25,143471.0
Blue,頂埔,2019-06-25,16838.0
Blue,永寧,2019-06-25,26714.0
Blue,土城,2019-06-25,14743.0
Blue,海山,2019-06-25,43674.0
Blue,亞東醫院,2019-06-25,50384.0
Blue,府中,2019-06-25,59026.0
Blue,板橋,2019-06-25,84805.0
Blue,新埔,2019-06-25,86359.0
Blue,江子翠,2019-06-25,53004.0
Blue,龍山寺,2019-06-25,57778.0
Blue,西門,2019-06-25,80827.5
Blue,善導寺,2019-06-25,45621.0
Blue,忠孝新生,2019-06-25,35848.5
Blue,忠孝敦化,2019-06-25,73862.0
Blue,國父紀念館,2019-06-25,46563.0
Blue,市政府,2019-06-25,127774.0
Blue,永春,2019-06-25,41697.0
Blue,後山埤,2019-06-25,33410.0
Blue,昆陽,2019-06-25,29721.0
Blue,南港,2019-06-25,37826.0
Blue,忠孝復興,2019-06-25,56533.5
Blue,南港展覽館,2019-06-25,34723.5
Blue,台北車站,2019-06-26,144624.0
Blue,頂埔,2019-06-26,17106.0
Blue,永寧,2019-06-26,27196.0
Blue,土城,2019-06-26,15308.0
Blue,海山,2019-06-26,44459.0
Blue,亞東醫院,2019-06-26,50893.0
Blue,府中,2019-06-26,60588.0
Blue,板橋,2019-06-26,85029.0
Blue,新埔,2019-06-26,88038.0
Blue,江子翠,2019-06-26,54684.0
Blue,龍山寺,2019-06-26,60239.0
Blue,西門,2019-06-26,83317.5
Blue,善導寺,2019-06-26,46241.0
Blue,忠孝新生,2019-06-26,37898.0
Blue,忠孝敦化,2019-06-26,78564.0
Blue,國父紀念館,2019-06-26,47559.0
Blue,市政府,2019-06-26,132483.0
Blue,永春,2019-06-26,42820.0
Blue,後山埤,2019-06-26,34856.0
Blue,昆陽,2019-06-26,30181.0
Blue,南港,2019-06-26,37877.0
Blue,忠孝復興,2019-06-26,58783.0
Blue,南港展覽館,2019-06-26,35611.0
Blue,台北車站,2019-06-27,145022.5
Blue,頂埔,2019-06-27,17484.0
Blue,永寧,2019-06-27,26889.0
Blue,土城,2019-06-27,14836.0
Blue,海山,2019-06-27,44229.0
Blue,亞東醫院,2019-06-27,50005.0
Blue,府中,2019-06-27,60430.0
Blue,板橋,2019-06-27,84846.0
Blue,新埔,2019-06-27,86836.0
Blue,江子翠,2019-06-27,54303.0
Blue,龍山寺,2019-06-27,59496.0
Blue,西門,2019-06-27,85286.5
Blue,善導寺,2019-06-27,44942.0
Blue,忠孝新生,2019-06-27,38060.5
Blue,忠孝敦化,2019-06-27,77215.0
Blue,國父紀念館,2019-06-27,47039.0
Blue,市政府,2019-06-27,133044.0
Blue,永春,2019-06-27,42219.0
Blue,後山埤,2019-06-27,34144.0
Blue,昆陽,2019-06-27,30749.0
Blue,南港,2019-06-27,38086.0
Blue,忠孝復興,2019-06-27,58899.5
Blue,南港展覽館,2019-06-27,35766.5
Blue,台北車站,2019-06-28,174650.0
Blue,頂埔,2019-06-28,18299.0
Blue,永寧,2019-06-28,29561.0
Blue,土城,2019-06-28,16390.0
Blue,海山,2019-06-28,48464.0
Blue,亞東醫院,2019-06-28,52330.0
Blue,府中,2019-06-28,68730.0
Blue,板橋,2019-06-28,98619.0
Blue,新埔,2019-06-28,94871.0
Blue,江子翠,2019-06-28,58507.0
Blue,龍山寺,2019-06-28,65148.0
Blue,西門,2019-06-28,110410.0
Blue,善導寺,2019-06-28,47571.0
Blue,忠孝新生,2019-06-28,43605.0
Blue,忠孝敦化,2019-06-28,90337.0
Blue,國父紀念館,2019-06-28,53123.0
Blue,市政府,2019-06-28,152681.0
Blue,永春,2019-06-28,44952.0
Blue,後山埤,2019-06-28,37746.0
Blue,昆陽,2019-06-28,32638.0
Blue,南港,2019-06-28,45679.0
Blue,忠孝復興,2019-06-28,69021.0
Blue,南港展覽館,2019-06-28,38525.0
Blue,台北車站,2019-06-29,172021.0
Blue,頂埔,2019-06-29,13855.0
Blue,永寧,2019-06-29,24432.0
Blue,土城,2019-06-29,12972.0
Blue,海山,2019-06-29,36588.0
Blue,亞東醫院,2019-06-29,36644.0
Blue,府中,2019-06-29,59055.0
Blue,板橋,2019-06-29,86491.0
Blue,新埔,2019-06-29,70496.0
Blue,江子翠,2019-06-29,44384.0
Blue,龍山寺,2019-06-29,62800.0
Blue,西門,2019-06-29,103804.5
Blue,善導寺,2019-06-29,31156.0
Blue,忠孝新生,2019-06-29,41549.0
Blue,忠孝敦化,2019-06-29,71193.0
Blue,國父紀念館,2019-06-29,39714.0
Blue,市政府,2019-06-29,122909.0
Blue,永春,2019-06-29,32633.0
Blue,後山埤,2019-06-29,30461.0
Blue,昆陽,2019-06-29,18198.0
Blue,南港,2019-06-29,34602.0
Blue,忠孝復興,2019-06-29,65289.0
Blue,南港展覽館,2019-06-29,24944.5
Blue,台北車站,2019-06-30,157367.5
Blue,頂埔,2019-06-30,12932.0
Blue,永寧,2019-06-30,21306.0
Blue,土城,2019-06-30,11507.0
Blue,海山,2019-06-30,32024.0
Blue,亞東醫院,2019-06-30,28447.0
Blue,府中,2019-06-30,51940.0
Blue,板橋,2019-06-30,82751.0
Blue,新埔,2019-06-30,58848.0
Blue,江子翠,2019-06-30,38301.0
Blue,龍山寺,2019-06-30,53629.0
Blue,西門,2019-06-30,90669.0
Blue,善導寺,2019-06-30,28607.0
Blue,忠孝新生,2019-06-30,34866.0
Blue,忠孝敦化,2019-06-30,56254.0
Blue,國父紀念館,2019-06-30,32645.0
Blue,市政府,2019-06-30,102704.0
Blue,永春,2019-06-30,27689.0
Blue,後山埤,2019-06-30,26333.0
Blue,昆陽,2019-06-30,17238.0
Blue,南港,2019-06-30,31341.0
Blue,忠孝復興,2019-06-30,52682.5
Blue,南港展覽館,2019-06-30,20454.0
Blue,台北車站,2019-07-01,147067.0
Blue,頂埔,2019-07-01,17292.0
Blue,永寧,2019-07-01,27494.0
Blue,土城,2019-07-01,15096.0
Blue,海山,2019-07-01,44060.0
Blue,亞東醫院,2019-07-01,49506.0
Blue,府中,2019-07-01,59189.0
Blue,板橋,2019-07-01,82647.0
Blue,新埔,2019-07-01,81486.0
Blue,江子翠,2019-07-01,52887.0
Blue,龍山寺,2019-07-01,58342.0
Blue,西門,2019-07-01,84889.5
Blue,善導寺,2019-07-01,44052.0
Blue,忠孝新生,2019-07-01,38366.0
Blue,忠孝敦化,2019-07-01,72575.0
Blue,國父紀念館,2019-07-01,45553.0
Blue,市政府,2019-07-01,126864.0
Blue,永春,2019-07-01,38293.0
Blue,後山埤,2019-07-01,33891.0
Blue,昆陽,2019-07-01,30045.0
Blue,南港,2019-07-01,35585.0
Blue,忠孝復興,2019-07-01,56090.0
Blue,南港展覽館,2019-07-01,35201.0
Blue,台北車站,2019-07-02,144640.0
Blue,頂埔,2019-07-02,17097.0
Blue,永寧,2019-07-02,26869.0
Blue,土城,2019-07-02,14510.0
Blue,海山,2019-07-02,43629.0
Blue,亞東醫院,2019-07-02,49066.0
Blue,府中,2019-07-02,58457.0
Blue,板橋,2019-07-02,85112.0
Blue,新埔,2019-07-02,82000.0
Blue,江子翠,2019-07-02,52118.0
Blue,龍山寺,2019-07-02,54725.0
Blue,西門,2019-07-02,79460.5
Blue,善導寺,2019-07-02,47760.0
Blue,忠孝新生,2019-07-02,37163.0
Blue,忠孝敦化,2019-07-02,72152.0
Blue,國父紀念館,2019-07-02,46708.0
Blue,市政府,2019-07-02,126395.0
Blue,永春,2019-07-02,38215.0
Blue,後山埤,2019-07-02,32860.0
Blue,昆陽,2019-07-02,29391.0
Blue,南港,2019-07-02,36187.0
Blue,忠孝復興,2019-07-02,57230.0
Blue,南港展覽館,2019-07-02,35538.0
Blue,台北車站,2019-07-03,146433.5
Blue,頂埔,2019-07-03,17435.0
Blue,永寧,2019-07-03,27868.0
Blue,土城,2019-07-03,15228.0
Blue,海山,2019-07-03,43865.0
Blue,亞東醫院,2019-07-03,50048.0
Blue,府中,2019-07-03,61327.0
Blue,板橋,2019-07-03,85994.0
Blue,新埔,2019-07-03,84551.0
Blue,江子翠,2019-07-03,54955.0
Blue,龍山寺,2019-07-03,61308.0
Blue,西門,2019-07-03,90988.0
Blue,善導寺,2019-07-03,45549.0
Blue,忠孝新生,2019-07-03,40488.5
Blue,忠孝敦化,2019-07-03,75675.0
Blue,國父紀念館,2019-07-03,48868.0
Blue,市政府,2019-07-03,130760.0
Blue,永春,2019-07-03,40045.0
Blue,後山埤,2019-07-03,34636.0
Blue,昆陽,2019-07-03,29321.0
Blue,南港,2019-07-03,36277.0
Blue,忠孝復興,2019-07-03,58356.0
Blue,南港展覽館,2019-07-03,36388.5
Blue,台北車站,2019-07-04,150307.5
Blue,頂埔,2019-07-04,17529.0
Blue,永寧,2019-07-04,27931.0
Blue,土城,2019-07-04,15025.0
Blue,海山,2019-07-04,43804.0
Blue,亞東醫院,2019-07-04,49800.0
Blue,府中,2019-07-04,60785.0
Blue,板橋,2019-07-04,85736.0
Blue,新埔,2019-07-04,84166.0
Blue,江子翠,2019-07-04,54188.0
Blue,龍山寺,2019-07-04,59962.0
Blue,西門,2019-07-04,89047.5
Blue,善導寺,2019-07-04,45018.0
Blue,忠孝新生,2019-07-04,40569.5
Blue,忠孝敦化,2019-07-04,76876.0
Blue,國父紀念館,2019-07-04,49054.0
Blue,市政府,2019-07-04,131055.0
Blue,永春,2019-07-04,40537.0
Blue,後山埤,2019-07-04,34933.0
Blue,昆陽,2019-07-04,30534.0
Blue,南港,2019-07-04,36846.0
Blue,忠孝復興,2019-07-04,59404.5
Blue,南港展覽館,2019-07-04,37052.5
Blue,台北車站,2019-07-05,174187.0
Blue,頂埔,2019-07-05,18125.0
Blue,永寧,2019-07-05,30238.0
Blue,土城,2019-07-05,15875.0
Blue,海山,2019-07-05,47623.0
Blue,亞東醫院,2019-07-05,51150.0
Blue,府中,2019-07-05,66369.0
Blue,板橋,2019-07-05,94661.0
Blue,新埔,2019-07-05,88736.0
Blue,江子翠,2019-07-05,56960.0
Blue,龍山寺,2019-07-05,64533.0
Blue,西門,2019-07-05,100824.5
Blue,善導寺,2019-07-05,46236.0
Blue,忠孝新生,2019-07-05,45442.5
Blue,忠孝敦化,2019-07-05,84941.0
Blue,國父紀念館,2019-07-05,53579.0
Blue,市政府,2019-07-05,147543.0
Blue,永春,2019-07-05,42554.0
Blue,後山埤,2019-07-05,36696.0
Blue,昆陽,2019-07-05,31258.0
Blue,南港,2019-07-05,44265.0
Blue,忠孝復興,2019-07-05,66843.5
Blue,南港展覽館,2019-07-05,47746.0
Blue,台北車站,2019-07-06,172829.0
Blue,頂埔,2019-07-06,14148.0
Blue,永寧,2019-07-06,26352.0
Blue,土城,2019-07-06,13406.0
Blue,海山,2019-07-06,38706.0
Blue,亞東醫院,2019-07-06,36044.0
Blue,府中,2019-07-06,61970.0
Blue,板橋,2019-07-06,87922.0
Blue,新埔,2019-07-06,70153.0
Blue,江子翠,2019-07-06,46390.0
Blue,龍山寺,2019-07-06,64219.0
Blue,西門,2019-07-06,111161.5
Blue,善導寺,2019-07-06,30336.0
Blue,忠孝新生,2019-07-06,43107.5
Blue,忠孝敦化,2019-07-06,70376.0
Blue,國父紀念館,2019-07-06,44872.0
Blue,市政府,2019-07-06,122302.0
Blue,永春,2019-07-06,32302.0
Blue,後山埤,2019-07-06,30640.0
Blue,昆陽,2019-07-06,18814.0
Blue,南港,2019-07-06,36648.0
Blue,忠孝復興,2019-07-06,64087.0
Blue,南港展覽館,2019-07-06,40684.5
Blue,台北車站,2019-07-07,165596.0
Blue,頂埔,2019-07-07,13105.0
Blue,永寧,2019-07-07,24610.0
Blue,土城,2019-07-07,11948.0
Blue,海山,2019-07-07,34013.0
Blue,亞東醫院,2019-07-07,29330.0
Blue,府中,2019-07-07,51285.0
Blue,板橋,2019-07-07,82512.0
Blue,新埔,2019-07-07,63873.0
Blue,江子翠,2019-07-07,39347.0
Blue,龍山寺,2019-07-07,56654.0
Blue,西門,2019-07-07,97965.5
Blue,善導寺,2019-07-07,27761.0
Blue,忠孝新生,2019-07-07,38229.5
Blue,忠孝敦化,2019-07-07,55796.0
Blue,國父紀念館,2019-07-07,33845.0
Blue,市政府,2019-07-07,106828.0
Blue,永春,2019-07-07,27839.0
Blue,後山埤,2019-07-07,26651.0
Blue,昆陽,2019-07-07,16443.0
Blue,南港,2019-07-07,33984.0
Blue,忠孝復興,2019-07-07,52376.5
Blue,南港展覽館,2019-07-07,35779.0
Blue,台北車站,2019-07-08,154289.5
Blue,頂埔,2019-07-08,17499.0
Blue,永寧,2019-07-08,28275.0
Blue,土城,2019-07-08,15354.0
Blue,海山,2019-07-08,45029.0
Blue,亞東醫院,2019-07-08,49710.0
Blue,府中,2019-07-08,60372.0
Blue,板橋,2019-07-08,86298.0
Blue,新埔,2019-07-08,82820.0
Blue,江子翠,2019-07-08,53732.0
Blue,龍山寺,2019-07-08,59262.0
Blue,西門,2019-07-08,87617.0
Blue,善導寺,2019-07-08,42465.0
Blue,忠孝新生,2019-07-08,39564.5
Blue,忠孝敦化,2019-07-08,73126.0
Blue,國父紀念館,2019-07-08,48000.0
Blue,市政府,2019-07-08,129072.0
Blue,永春,2019-07-08,37794.0
Blue,後山埤,2019-07-08,34697.0
Blue,昆陽,2019-07-08,30026.0
Blue,南港,2019-07-08,38601.0
Blue,忠孝復興,2019-07-08,57155.0
Blue,南港展覽館,2019-07-08,45169.5
Blue,台北車站,2019-07-09,149386.5
Blue,頂埔,2019-07-09,17557.0
Blue,永寧,2019-07-09,28415.0
Blue,土城,2019-07-09,15174.0
Blue,海山,2019-07-09,45496.0
Blue,亞東醫院,2019-07-09,51033.0
Blue,府中,2019-07-09,62287.0
Blue,板橋,2019-07-09,85615.0
Blue,新埔,2019-07-09,83900.0
Blue,江子翠,2019-07-09,54254.0
Blue,龍山寺,2019-07-09,59459.0
Blue,西門,2019-07-09,87258.0
Blue,善導寺,2019-07-09,44803.0
Blue,忠孝新生,2019-07-09,40355.0
Blue,忠孝敦化,2019-07-09,76578.0
Blue,國父紀念館,2019-07-09,49177.0
Blue,市政府,2019-07-09,128415.0
Blue,永春,2019-07-09,39690.0
Blue,後山埤,2019-07-09,34674.0
Blue,昆陽,2019-07-09,30052.0
Blue,南港,2019-07-09,35894.0
Blue,忠孝復興,2019-07-09,58815.5
Blue,南港展覽館,2019-07-09,36451.5
Blue,台北車站,2019-07-10,154621.0
Blue,頂埔,2019-07-10,17995.0
Blue,永寧,2019-07-10,28298.0
Blue,土城,2019-07-10,15394.0
Blue,海山,2019-07-10,45162.0
Blue,亞東醫院,2019-07-10,50658.0
Blue,府中,2019-07-10,63047.0
Blue,板橋,2019-07-10,90360.0
Blue,新埔,2019-07-10,86520.0
Blue,江子翠,2019-07-10,56110.0
Blue,龍山寺,2019-07-10,60720.0
Blue,西門,2019-07-10,91735.0
Blue,善導寺,2019-07-10,49585.0
Blue,忠孝新生,2019-07-10,41255.5
Blue,忠孝敦化,2019-07-10,78369.0
Blue,國父紀念館,2019-07-10,51317.0
Blue,市政府,2019-07-10,132894.0
Blue,永春,2019-07-10,40367.0
Blue,後山埤,2019-07-10,35098.0
Blue,昆陽,2019-07-10,30283.0
Blue,南港,2019-07-10,38702.0
Blue,忠孝復興,2019-07-10,60491.0
Blue,南港展覽館,2019-07-10,37184.5
Blue,台北車站,2019-07-11,154421.5
Blue,頂埔,2019-07-11,17868.0
Blue,永寧,2019-07-11,28367.0
Blue,土城,2019-07-11,14945.0
Blue,海山,2019-07-11,44242.0
Blue,亞東醫院,2019-07-11,50129.0
Blue,府中,2019-07-11,62197.0
Blue,板橋,2019-07-11,87153.0
Blue,新埔,2019-07-11,84435.0
Blue,江子翠,2019-07-11,54929.0
Blue,龍山寺,2019-07-11,59833.0
Blue,西門,2019-07-11,89057.0
Blue,善導寺,2019-07-11,46182.0
Blue,忠孝新生,2019-07-11,40767.0
Blue,忠孝敦化,2019-07-11,77726.0
Blue,國父紀念館,2019-07-11,50454.0
Blue,市政府,2019-07-11,132446.0
Blue,永春,2019-07-11,40133.0
Blue,後山埤,2019-07-11,34877.0
Blue,昆陽,2019-07-11,30796.0
Blue,南港,2019-07-11,38398.0
Blue,忠孝復興,2019-07-11,60509.5
Blue,南港展覽館,2019-07-11,37022.5
Blue,台北車站,2019-07-12,178588.5
Blue,頂埔,2019-07-12,18906.0
Blue,永寧,2019-07-12,30291.0
Blue,土城,2019-07-12,15807.0
Blue,海山,2019-07-12,47205.0
Blue,亞東醫院,2019-07-12,50867.0
Blue,府中,2019-07-12,65774.0
Blue,板橋,2019-07-12,95996.0
Blue,新埔,2019-07-12,88516.0
Blue,江子翠,2019-07-12,56986.0
Blue,龍山寺,2019-07-12,62147.0
Blue,西門,2019-07-12,99487.5
Blue,善導寺,2019-07-12,49126.0
Blue,忠孝新生,2019-07-12,43364.5
Blue,忠孝敦化,2019-07-12,85238.0
Blue,國父紀念館,2019-07-12,53399.0
Blue,市政府,2019-07-12,147367.0
Blue,永春,2019-07-12,43833.0
Blue,後山埤,2019-07-12,35604.0
Blue,昆陽,2019-07-12,31645.0
Blue,南港,2019-07-12,44554.0
Blue,忠孝復興,2019-07-12,68431.0
Blue,南港展覽館,2019-07-12,37962.0
Blue,台北車站,2019-07-13,182127.0
Blue,頂埔,2019-07-13,14640.0
Blue,永寧,2019-07-13,26026.0
Blue,土城,2019-07-13,13468.0
Blue,海山,2019-07-13,36953.0
Blue,亞東醫院,2019-07-13,36548.0
Blue,府中,2019-07-13,60931.0
Blue,板橋,2019-07-13,89893.0
Blue,新埔,2019-07-13,69693.0
Blue,江子翠,2019-07-13,44782.0
Blue,龍山寺,2019-07-13,63904.0
Blue,西門,2019-07-13,113244.0
Blue,善導寺,2019-07-13,32325.0
Blue,忠孝新生,2019-07-13,46520.5
Blue,忠孝敦化,2019-07-13,74857.0
Blue,國父紀念館,2019-07-13,45835.0
Blue,市政府,2019-07-13,128864.0
Blue,永春,2019-07-13,32364.0
Blue,後山埤,2019-07-13,30583.0
Blue,昆陽,2019-07-13,19301.0
Blue,南港,2019-07-13,33831.0
Blue,忠孝復興,2019-07-13,67375.5
Blue,南港展覽館,2019-07-13,24562.5
Blue,台北車站,2019-07-14,169509.5
Blue,頂埔,2019-07-14,13237.0
Blue,永寧,2019-07-14,22844.0
Blue,土城,2019-07-14,11450.0
Blue,海山,2019-07-14,31327.0
Blue,亞東醫院,2019-07-14,29313.0
Blue,府中,2019-07-14,50071.0
Blue,板橋,2019-07-14,79068.0
Blue,新埔,2019-07-14,59424.0
Blue,江子翠,2019-07-14,38496.0
Blue,龍山寺,2019-07-14,56302.0
Blue,西門,2019-07-14,96362.5
Blue,善導寺,2019-07-14,30489.0
Blue,忠孝新生,2019-07-14,39419.5
Blue,忠孝敦化,2019-07-14,56724.0
Blue,國父紀念館,2019-07-14,34446.0
Blue,市政府,2019-07-14,105697.0
Blue,永春,2019-07-14,27326.0
Blue,後山埤,2019-07-14,26654.0
Blue,昆陽,2019-07-14,17887.0
Blue,南港,2019-07-14,31381.0
Blue,忠孝復興,2019-07-14,54289.0
Blue,南港展覽館,2019-07-14,21013.5
Blue,台北車站,2019-07-15,154369.0
Blue,頂埔,2019-07-15,17437.0
Blue,永寧,2019-07-15,27971.0
Blue,土城,2019-07-15,14815.0
Blue,海山,2019-07-15,43197.0
Blue,亞東醫院,2019-07-15,49743.0
Blue,府中,2019-07-15,59695.0
Blue,板橋,2019-07-15,84565.0
Blue,新埔,2019-07-15,81770.0
Blue,江子翠,2019-07-15,53350.0
Blue,龍山寺,2019-07-15,60367.0
Blue,西門,2019-07-15,87991.5
Blue,善導寺,2019-07-15,43634.0
Blue,忠孝新生,2019-07-15,40324.5
Blue,忠孝敦化,2019-07-15,74900.0
Blue,國父紀念館,2019-07-15,47630.0
Blue,市政府,2019-07-15,129176.0
Blue,永春,2019-07-15,39290.0
Blue,後山埤,2019-07-15,34041.0
Blue,昆陽,2019-07-15,30482.0
Blue,南港,2019-07-15,36458.0
Blue,忠孝復興,2019-07-15,56918.0
Blue,南港展覽館,2019-07-15,35949.0
Blue,台北車站,2019-07-16,152316.0
Blue,頂埔,2019-07-16,17751.0
Blue,永寧,2019-07-16,28285.0
Blue,土城,2019-07-16,14840.0
Blue,海山,2019-07-16,44887.0
Blue,亞東醫院,2019-07-16,50897.0
Blue,府中,2019-07-16,62063.0
Blue,板橋,2019-07-16,85635.0
Blue,新埔,2019-07-16,85268.0
Blue,江子翠,2019-07-16,54769.0
Blue,龍山寺,2019-07-16,60532.0
Blue,西門,2019-07-16,87656.5
Blue,善導寺,2019-07-16,47054.0
Blue,忠孝新生,2019-07-16,41242.5
Blue,忠孝敦化,2019-07-16,78466.0
Blue,國父紀念館,2019-07-16,49235.0
Blue,市政府,2019-07-16,131917.0
Blue,永春,2019-07-16,41190.0
Blue,後山埤,2019-07-16,34581.0
Blue,昆陽,2019-07-16,31016.0
Blue,南港,2019-07-16,37323.0
Blue,忠孝復興,2019-07-16,59591.0
Blue,南港展覽館,2019-07-16,36631.0
Blue,台北車站,2019-07-17,153416.5
Blue,頂埔,2019-07-17,17460.0
Blue,永寧,2019-07-17,28235.0
Blue,土城,2019-07-17,15093.0
Blue,海山,2019-07-17,44402.0
Blue,亞東醫院,2019-07-17,50703.0
Blue,府中,2019-07-17,61919.0
Blue,板橋,2019-07-17,87217.0
Blue,新埔,2019-07-17,85093.0
Blue,江子翠,2019-07-17,55012.0
Blue,龍山寺,2019-07-17,61632.0
Blue,西門,2019-07-17,87119.0
Blue,善導寺,2019-07-17,47860.0
Blue,忠孝新生,2019-07-17,40359.5
Blue,忠孝敦化,2019-07-17,77112.0
Blue,國父紀念館,2019-07-17,50572.0
Blue,市政府,2019-07-17,131928.0
Blue,永春,2019-07-17,40536.0
Blue,後山埤,2019-07-17,34389.0
Blue,昆陽,2019-07-17,31292.0
Blue,南港,2019-07-17,37392.0
Blue,忠孝復興,2019-07-17,60056.0
Blue,南港展覽館,2019-07-17,36669.0
Blue,台北車站,2019-07-18,144978.0
Blue,頂埔,2019-07-18,16783.0
Blue,永寧,2019-07-18,26559.0
Blue,土城,2019-07-18,14213.0
Blue,海山,2019-07-18,42670.0
Blue,亞東醫院,2019-07-18,48589.0
Blue,府中,2019-07-18,59380.0
Blue,板橋,2019-07-18,83095.0
Blue,新埔,2019-07-18,81528.0
Blue,江子翠,2019-07-18,53092.0
Blue,龍山寺,2019-07-18,58109.0
Blue,西門,2019-07-18,82748.0
Blue,善導寺,2019-07-18,45587.0
Blue,忠孝新生,2019-07-18,38996.5
Blue,忠孝敦化,2019-07-18,74902.0
Blue,國父紀念館,2019-07-18,47856.0
Blue,市政府,2019-07-18,127814.0
Blue,永春,2019-07-18,39561.0
Blue,後山埤,2019-07-18,33016.0
Blue,昆陽,2019-07-18,31212.0
Blue,南港,2019-07-18,36069.0
Blue,忠孝復興,2019-07-18,59666.5
Blue,南港展覽館,2019-07-18,35720.0
Blue,台北車站,2019-07-19,169635.5
Blue,頂埔,2019-07-19,17859.0
Blue,永寧,2019-07-19,29134.0
Blue,土城,2019-07-19,15326.0
Blue,海山,2019-07-19,45565.0
Blue,亞東醫院,2019-07-19,50821.0
Blue,府中,2019-07-19,64440.0
Blue,板橋,2019-07-19,92560.0
Blue,新埔,2019-07-19,86903.0
Blue,江子翠,2019-07-19,56050.0
Blue,龍山寺,2019-07-19,62209.0
Blue,西門,2019-07-19,97336.0
Blue,善導寺,2019-07-19,47801.0
Blue,忠孝新生,2019-07-19,44324.0
Blue,忠孝敦化,2019-07-19,85314.0
Blue,國父紀念館,2019-07-19,52489.0
Blue,市政府,2019-07-19,146713.0
Blue,永春,2019-07-19,41237.0
Blue,後山埤,2019-07-19,36636.0
Blue,昆陽,2019-07-19,31440.0
Blue,南港,2019-07-19,41430.0
Blue,忠孝復興,2019-07-19,66900.5
Blue,南港展覽館,2019-07-19,37977.0
Blue,台北車站,2019-07-20,176342.0
Blue,頂埔,2019-07-20,13849.0
Blue,永寧,2019-07-20,25014.0
Blue,土城,2019-07-20,13099.0
Blue,海山,2019-07-20,36034.0
Blue,亞東醫院,2019-07-20,35436.0
Blue,府中,2019-07-20,58642.0
Blue,板橋,2019-07-20,86649.0
Blue,新埔,2019-07-20,68354.0
Blue,江子翠,2019-07-20,44527.0
Blue,龍山寺,2019-07-20,62013.0
Blue,西門,2019-07-20,106314.5
Blue,善導寺,2019-07-20,32161.0
Blue,忠孝新生,2019-07-20,43873.0
Blue,忠孝敦化,2019-07-20,72004.0
Blue,國父紀念館,2019-07-20,43668.0
Blue,市政府,2019-07-20,125614.0
Blue,永春,2019-07-20,31935.0
Blue,後山埤,2019-07-20,29103.0
Blue,昆陽,2019-07-20,18681.0
Blue,南港,2019-07-20,34327.0
Blue,忠孝復興,2019-07-20,67037.5
Blue,南港展覽館,2019-07-20,26663.0
Blue,台北車站,2019-07-21,167670.0
Blue,頂埔,2019-07-21,12299.0
Blue,永寧,2019-07-21,22751.0
Blue,土城,2019-07-21,10832.0
Blue,海山,2019-07-21,30322.0
Blue,亞東醫院,2019-07-21,28229.0
Blue,府中,2019-07-21,49135.0
Blue,板橋,2019-07-21,79797.0
Blue,新埔,2019-07-21,58565.0
Blue,江子翠,2019-07-21,38036.0
Blue,龍山寺,2019-07-21,60302.0
Blue,西門,2019-07-21,91455.5
Blue,善導寺,2019-07-21,28038.0
Blue,忠孝新生,2019-07-21,36106.0
Blue,忠孝敦化,2019-07-21,55777.0
Blue,國父紀念館,2019-07-21,35873.0
Blue,市政府,2019-07-21,108411.0
Blue,永春,2019-07-21,27308.0
Blue,後山埤,2019-07-21,25786.0
Blue,昆陽,2019-07-21,16606.0
Blue,南港,2019-07-21,32322.0
Blue,忠孝復興,2019-07-21,52395.5
Blue,南港展覽館,2019-07-21,23128.5
Blue,台北車站,2019-07-22,152290.0
Blue,頂埔,2019-07-22,16897.0
Blue,永寧,2019-07-22,27471.0
Blue,土城,2019-07-22,14633.0
Blue,海山,2019-07-22,42680.0
Blue,亞東醫院,2019-07-22,49526.0
Blue,府中,2019-07-22,58170.0
Blue,板橋,2019-07-22,85420.0
Blue,新埔,2019-07-22,82355.0
Blue,江子翠,2019-07-22,52217.0
Blue,龍山寺,2019-07-22,58449.0
Blue,西門,2019-07-22,82374.0
Blue,善導寺,2019-07-22,42281.0
Blue,忠孝新生,2019-07-22,38858.5
Blue,忠孝敦化,2019-07-22,71405.0
Blue,國父紀念館,2019-07-22,46503.0
Blue,市政府,2019-07-22,129841.0
Blue,永春,2019-07-22,39717.0
Blue,後山埤,2019-07-22,33745.0
Blue,昆陽,2019-07-22,30600.0
Blue,南港,2019-07-22,36299.0
Blue,忠孝復興,2019-07-22,55524.0
Blue,南港展覽館,2019-07-22,35428.0
Blue,台北車站,2019-07-23,151427.5
Blue,頂埔,2019-07-23,17400.0
Blue,永寧,2019-07-23,27524.0
Blue,土城,2019-07-23,14549.0
Blue,海山,2019-07-23,43821.0
Blue,亞東醫院,2019-07-23,50625.0
Blue,府中,2019-07-23,60115.0
Blue,板橋,2019-07-23,86139.0
Blue,新埔,2019-07-23,83944.0
Blue,江子翠,2019-07-23,53710.0
Blue,龍山寺,2019-07-23,60628.0
Blue,西門,2019-07-23,83770.5
Blue,善導寺,2019-07-23,46991.0
Blue,忠孝新生,2019-07-23,39490.5
Blue,忠孝敦化,2019-07-23,74819.0
Blue,國父紀念館,2019-07-23,47593.0
Blue,市政府,2019-07-23,130825.0
Blue,永春,2019-07-23,40578.0
Blue,後山埤,2019-07-23,34328.0
Blue,昆陽,2019-07-23,30560.0
Blue,南港,2019-07-23,37071.0
Blue,忠孝復興,2019-07-23,58966.0
Blue,南港展覽館,2019-07-23,37007.0
Blue,台北車站,2019-07-24,152876.0
Blue,頂埔,2019-07-24,17489.0
Blue,永寧,2019-07-24,28404.0
Blue,土城,2019-07-24,15072.0
Blue,海山,2019-07-24,44092.0
Blue,亞東醫院,2019-07-24,50863.0
Blue,府中,2019-07-24,62547.0
Blue,板橋,2019-07-24,87107.0
Blue,新埔,2019-07-24,85453.0
Blue,江子翠,2019-07-24,55210.0
Blue,龍山寺,2019-07-24,61549.0
Blue,西門,2019-07-24,88305.0
Blue,善導寺,2019-07-24,46399.0
Blue,忠孝新生,2019-07-24,42497.5
Blue,忠孝敦化,2019-07-24,78044.0
Blue,國父紀念館,2019-07-24,50885.0
Blue,市政府,2019-07-24,134146.0
Blue,永春,2019-07-24,40939.0
Blue,後山埤,2019-07-24,34881.0
Blue,昆陽,2019-07-24,30878.0
Blue,南港,2019-07-24,39111.0
Blue,忠孝復興,2019-07-24,60859.0
Blue,南港展覽館,2019-07-24,39192.0
Blue,台北車站,2019-07-25,156851.5
Blue,頂埔,2019-07-25,17430.0
Blue,永寧,2019-07-25,28843.0
Blue,土城,2019-07-25,15151.0
Blue,海山,2019-07-25,44145.0
Blue,亞東醫院,2019-07-25,50548.0
Blue,府中,2019-07-25,62563.0
Blue,板橋,2019-07-25,86786.0
Blue,新埔,2019-07-25,86114.0
Blue,江子翠,2019-07-25,55098.0
Blue,龍山寺,2019-07-25,62861.0
Blue,西門,2019-07-25,89027.0
Blue,善導寺,2019-07-25,46198.0
Blue,忠孝新生,2019-07-25,42414.0
Blue,忠孝敦化,2019-07-25,79319.0
Blue,國父紀念館,2019-07-25,51326.0
Blue,市政府,2019-07-25,135241.0
Blue,永春,2019-07-25,41569.0
Blue,後山埤,2019-07-25,34819.0
Blue,昆陽,2019-07-25,32262.0
Blue,南港,2019-07-25,42423.0
Blue,忠孝復興,2019-07-25,62485.0
Blue,南港展覽館,2019-07-25,52536.0
Blue,台北車站,2019-07-26,183355.5
Blue,頂埔,2019-07-26,18327.0
Blue,永寧,2019-07-26,30069.0
Blue,土城,2019-07-26,15939.0
Blue,海山,2019-07-26,44888.0
Blue,亞東醫院,2019-07-26,50673.0
Blue,府中,2019-07-26,65243.0
Blue,板橋,2019-07-26,94347.0
Blue,新埔,2019-07-26,87499.0
Blue,江子翠,2019-07-26,57391.0
Blue,龍山寺,2019-07-26,64618.0
Blue,西門,2019-07-26,99205.5
Blue,善導寺,2019-07-26,48901.0
Blue,忠孝新生,2019-07-26,45813.5
Blue,忠孝敦化,2019-07-26,84820.0
Blue,國父紀念館,2019-07-26,54155.0
Blue,市政府,2019-07-26,149962.0
Blue,永春,2019-07-26,43405.0
Blue,後山埤,2019-07-26,36695.0
Blue,昆陽,2019-07-26,31829.0
Blue,南港,2019-07-26,48013.0
Blue,忠孝復興,2019-07-26,68332.5
Blue,南港展覽館,2019-07-26,55235.0
Blue,台北車站,2019-07-27,191086.5
Blue,頂埔,2019-07-27,13689.0
Blue,永寧,2019-07-27,26324.0
Blue,土城,2019-07-27,13150.0
Blue,海山,2019-07-27,36236.0
Blue,亞東醫院,2019-07-27,34938.0
Blue,府中,2019-07-27,61349.0
Blue,板橋,2019-07-27,87897.0
Blue,新埔,2019-07-27,70773.0
Blue,江子翠,2019-07-27,45575.0
Blue,龍山寺,2019-07-27,63187.0
Blue,西門,2019-07-27,108070.5
Blue,善導寺,2019-07-27,33690.0
Blue,忠孝新生,2019-07-27,52009.5
Blue,忠孝敦化,2019-07-27,73396.0
Blue,國父紀念館,2019-07-27,46046.0
Blue,市政府,2019-07-27,129847.0
Blue,永春,2019-07-27,33117.0
Blue,後山埤,2019-07-27,31586.0
Blue,昆陽,2019-07-27,19604.0
Blue,南港,2019-07-27,38271.0
Blue,忠孝復興,2019-07-27,68665.5
Blue,南港展覽館,2019-07-27,41513.0
Blue,台北車站,2019-07-28,178521.0
Blue,頂埔,2019-07-28,13178.0
Blue,永寧,2019-07-28,23360.0
Blue,土城,2019-07-28,11880.0
Blue,海山,2019-07-28,32001.0
Blue,亞東醫院,2019-07-28,29504.0
Blue,府中,2019-07-28,52301.0
Blue,板橋,2019-07-28,80725.0
Blue,新埔,2019-07-28,61035.0
Blue,江子翠,2019-07-28,38925.0
Blue,龍山寺,2019-07-28,59268.0
Blue,西門,2019-07-28,96474.0
Blue,善導寺,2019-07-28,29406.0
Blue,忠孝新生,2019-07-28,44190.5
Blue,忠孝敦化,2019-07-28,58172.0
Blue,國父紀念館,2019-07-28,37090.0
Blue,市政府,2019-07-28,112922.0
Blue,永春,2019-07-28,28755.0
Blue,後山埤,2019-07-28,27018.0
Blue,昆陽,2019-07-28,17058.0
Blue,南港,2019-07-28,35671.0
Blue,忠孝復興,2019-07-28,54620.5
Blue,南港展覽館,2019-07-28,34573.0
Blue,台北車站,2019-07-29,159487.5
Blue,頂埔,2019-07-29,17105.0
Blue,永寧,2019-07-29,27978.0
Blue,土城,2019-07-29,14692.0
Blue,海山,2019-07-29,42953.0
Blue,亞東醫院,2019-07-29,49639.0
Blue,府中,2019-07-29,59892.0
Blue,板橋,2019-07-29,84384.0
Blue,新埔,2019-07-29,81974.0
Blue,江子翠,2019-07-29,52816.0
Blue,龍山寺,2019-07-29,61588.0
Blue,西門,2019-07-29,87799.5
Blue,善導寺,2019-07-29,42822.0
Blue,忠孝新生,2019-07-29,39556.0
Blue,忠孝敦化,2019-07-29,73463.0
Blue,國父紀念館,2019-07-29,47302.0
Blue,市政府,2019-07-29,129972.0
Blue,永春,2019-07-29,39716.0
Blue,後山埤,2019-07-29,33791.0
Blue,昆陽,2019-07-29,30125.0
Blue,南港,2019-07-29,36545.0
Blue,忠孝復興,2019-07-29,58684.5
Blue,南港展覽館,2019-07-29,35667.0
Blue,台北車站,2019-07-30,149888.5
Blue,頂埔,2019-07-30,17159.0
Blue,永寧,2019-07-30,28093.0
Blue,土城,2019-07-30,15064.0
Blue,海山,2019-07-30,43450.0
Blue,亞東醫院,2019-07-30,50878.0
Blue,府中,2019-07-30,61403.0
Blue,板橋,2019-07-30,85616.0
Blue,新埔,2019-07-30,84278.0
Blue,江子翠,2019-07-30,54834.0
Blue,龍山寺,2019-07-30,61990.0
Blue,西門,2019-07-30,86199.5
Blue,善導寺,2019-07-30,45583.0
Blue,忠孝新生,2019-07-30,39721.5
Blue,忠孝敦化,2019-07-30,76438.0
Blue,國父紀念館,2019-07-30,48897.0
Blue,市政府,2019-07-30,132037.0
Blue,永春,2019-07-30,41379.0
Blue,後山埤,2019-07-30,34528.0
Blue,昆陽,2019-07-30,30530.0
Blue,南港,2019-07-30,36416.0
Blue,忠孝復興,2019-07-30,60396.0
Blue,南港展覽館,2019-07-30,36443.0
Blue,台北車站,2019-07-31,154104.5
Blue,頂埔,2019-07-31,17532.0
Blue,永寧,2019-07-31,28974.0
Blue,土城,2019-07-31,15282.0
Blue,海山,2019-07-31,43897.0
Blue,亞東醫院,2019-07-31,50998.0
Blue,府中,2019-07-31,61740.0
Blue,板橋,2019-07-31,86651.0
Blue,新埔,2019-07-31,85387.0
Blue,江子翠,2019-07-31,55592.0
Blue,龍山寺,2019-07-31,62740.0
Blue,西門,2019-07-31,89479.0
Blue,善導寺,2019-07-31,46404.0
Blue,忠孝新生,2019-07-31,40344.5
Blue,忠孝敦化,2019-07-31,77660.0
Blue,國父紀念館,2019-07-31,49849.0
Blue,市政府,2019-07-31,133819.0
Blue,永春,2019-07-31,41327.0
Blue,後山埤,2019-07-31,35172.0
Blue,昆陽,2019-07-31,30556.0
Blue,南港,2019-07-31,37601.0
Blue,忠孝復興,2019-07-31,61588.5
Blue,南港展覽館,2019-07-31,37414.0
Blue,台北車站,2019-08-01,151199.5
Blue,頂埔,2019-08-01,17362.0
Blue,永寧,2019-08-01,33216.0
Blue,土城,2019-08-01,15325.0
Blue,海山,2019-08-01,43605.0
Blue,亞東醫院,2019-08-01,50391.0
Blue,府中,2019-08-01,61187.0
Blue,板橋,2019-08-01,86014.0
Blue,新埔,2019-08-01,85809.0
Blue,江子翠,2019-08-01,55437.0
Blue,龍山寺,2019-08-01,63860.0
Blue,西門,2019-08-01,88245.0
Blue,善導寺,2019-08-01,46148.0
Blue,忠孝新生,2019-08-01,41326.5
Blue,忠孝敦化,2019-08-01,78111.0
Blue,國父紀念館,2019-08-01,48875.0
Blue,市政府,2019-08-01,133718.0
Blue,永春,2019-08-01,41412.0
Blue,後山埤,2019-08-01,34424.0
Blue,昆陽,2019-08-01,31271.0
Blue,南港,2019-08-01,36918.0
Blue,忠孝復興,2019-08-01,60528.5
Blue,南港展覽館,2019-08-01,37965.0
Blue,台北車站,2019-08-02,175859.0
Blue,頂埔,2019-08-02,18162.0
Blue,永寧,2019-08-02,33016.0
Blue,土城,2019-08-02,15873.0
Blue,海山,2019-08-02,45220.0
Blue,亞東醫院,2019-08-02,50866.0
Blue,府中,2019-08-02,66359.0
Blue,板橋,2019-08-02,96838.0
Blue,新埔,2019-08-02,87524.0
Blue,江子翠,2019-08-02,57156.0
Blue,龍山寺,2019-08-02,64101.0
Blue,西門,2019-08-02,99834.5
Blue,善導寺,2019-08-02,46717.0
Blue,忠孝新生,2019-08-02,44648.0
Blue,忠孝敦化,2019-08-02,85003.0
Blue,國父紀念館,2019-08-02,53697.0
Blue,市政府,2019-08-02,152064.0
Blue,永春,2019-08-02,42790.0
Blue,後山埤,2019-08-02,36283.0
Blue,昆陽,2019-08-02,31473.0
Blue,南港,2019-08-02,42555.0
Blue,忠孝復興,2019-08-02,68157.5
Blue,南港展覽館,2019-08-02,38790.5
Blue,台北車站,2019-08-03,188185.0
Blue,頂埔,2019-08-03,14030.0
Blue,永寧,2019-08-03,29384.0
Blue,土城,2019-08-03,14956.0
Blue,海山,2019-08-03,38144.0
Blue,亞東醫院,2019-08-03,37384.0
Blue,府中,2019-08-03,61957.0
Blue,板橋,2019-08-03,91612.0
Blue,新埔,2019-08-03,72936.0
Blue,江子翠,2019-08-03,46300.0
Blue,龍山寺,2019-08-03,63392.0
Blue,西門,2019-08-03,116317.5
Blue,善導寺,2019-08-03,30719.0
Blue,忠孝新生,2019-08-03,45658.5
Blue,忠孝敦化,2019-08-03,72201.0
Blue,國父紀念館,2019-08-03,46144.0
Blue,市政府,2019-08-03,138414.0
Blue,永春,2019-08-03,32735.0
Blue,後山埤,2019-08-03,30955.0
Blue,昆陽,2019-08-03,19696.0
Blue,南港,2019-08-03,37225.0
Blue,忠孝復興,2019-08-03,65825.0
Blue,南港展覽館,2019-08-03,41285.0
Blue,台北車站,2019-08-04,169612.0
Blue,頂埔,2019-08-04,12977.0
Blue,永寧,2019-08-04,25568.0
Blue,土城,2019-08-04,12148.0
Blue,海山,2019-08-04,32276.0
Blue,亞東醫院,2019-08-04,30474.0
Blue,府中,2019-08-04,51831.0
Blue,板橋,2019-08-04,86643.0
Blue,新埔,2019-08-04,62261.0
Blue,江子翠,2019-08-04,39219.0
Blue,龍山寺,2019-08-04,55265.0
Blue,西門,2019-08-04,95698.5
Blue,善導寺,2019-08-04,26487.0
Blue,忠孝新生,2019-08-04,37794.5
Blue,忠孝敦化,2019-08-04,56704.0
Blue,國父紀念館,2019-08-04,36043.0
Blue,市政府,2019-08-04,114736.0
Blue,永春,2019-08-04,27630.0
Blue,後山埤,2019-08-04,26297.0
Blue,昆陽,2019-08-04,16794.0
Blue,南港,2019-08-04,34808.0
Blue,忠孝復興,2019-08-04,53599.5
Blue,南港展覽館,2019-08-04,37412.5
Blue,台北車站,2019-08-05,154111.0
Blue,頂埔,2019-08-05,17766.0
Blue,永寧,2019-08-05,30198.0
Blue,土城,2019-08-05,15026.0
Blue,海山,2019-08-05,42979.0
Blue,亞東醫院,2019-08-05,49913.0
Blue,府中,2019-08-05,59568.0
Blue,板橋,2019-08-05,85414.0
Blue,新埔,2019-08-05,82366.0
Blue,江子翠,2019-08-05,53183.0
Blue,龍山寺,2019-08-05,59907.0
Blue,西門,2019-08-05,88719.0
Blue,善導寺,2019-08-05,41947.0
Blue,忠孝新生,2019-08-05,40089.0
Blue,忠孝敦化,2019-08-05,74541.0
Blue,國父紀念館,2019-08-05,48650.0
Blue,市政府,2019-08-05,133198.0
Blue,永春,2019-08-05,39663.0
Blue,後山埤,2019-08-05,34021.0
Blue,昆陽,2019-08-05,30263.0
Blue,南港,2019-08-05,36685.0
Blue,忠孝復興,2019-08-05,59298.0
Blue,南港展覽館,2019-08-05,36137.0
Blue,台北車站,2019-08-06,153019.5
Blue,頂埔,2019-08-06,18158.0
Blue,永寧,2019-08-06,30436.0
Blue,土城,2019-08-06,15426.0
Blue,海山,2019-08-06,44547.0
Blue,亞東醫院,2019-08-06,51270.0
Blue,府中,2019-08-06,62456.0
Blue,板橋,2019-08-06,87843.0
Blue,新埔,2019-08-06,85589.0
Blue,江子翠,2019-08-06,55317.0
Blue,龍山寺,2019-08-06,61839.0
Blue,西門,2019-08-06,89338.5
Blue,善導寺,2019-08-06,45842.0
Blue,忠孝新生,2019-08-06,41004.5
Blue,忠孝敦化,2019-08-06,78172.0
Blue,國父紀念館,2019-08-06,50185.0
Blue,市政府,2019-08-06,137296.0
Blue,永春,2019-08-06,41978.0
Blue,後山埤,2019-08-06,35041.0
Blue,昆陽,2019-08-06,30289.0
Blue,南港,2019-08-06,37454.0
Blue,忠孝復興,2019-08-06,60937.0
Blue,南港展覽館,2019-08-06,36831.5
Blue,台北車站,2019-08-07,159903.0
Blue,頂埔,2019-08-07,18188.0
Blue,永寧,2019-08-07,29847.0
Blue,土城,2019-08-07,15111.0
Blue,海山,2019-08-07,44042.0
Blue,亞東醫院,2019-08-07,50624.0
Blue,府中,2019-08-07,62415.0
Blue,板橋,2019-08-07,92454.0
Blue,新埔,2019-08-07,87427.0
Blue,江子翠,2019-08-07,56134.0
Blue,龍山寺,2019-08-07,62398.0
Blue,西門,2019-08-07,92016.5
Blue,善導寺,2019-08-07,46181.0
Blue,忠孝新生,2019-08-07,41528.0
Blue,忠孝敦化,2019-08-07,81573.0
Blue,國父紀念館,2019-08-07,51975.0
Blue,市政府,2019-08-07,144162.0
Blue,永春,2019-08-07,43462.0
Blue,後山埤,2019-08-07,35682.0
Blue,昆陽,2019-08-07,31029.0
Blue,南港,2019-08-07,39550.0
Blue,忠孝復興,2019-08-07,65190.0
Blue,南港展覽館,2019-08-07,37204.5
Blue,台北車站,2019-08-08,144403.5
Blue,頂埔,2019-08-08,16939.0
Blue,永寧,2019-08-08,26726.0
Blue,土城,2019-08-08,14062.0
Blue,海山,2019-08-08,41224.0
Blue,亞東醫院,2019-08-08,47373.0
Blue,府中,2019-08-08,55358.0
Blue,板橋,2019-08-08,84415.0
Blue,新埔,2019-08-08,80828.0
Blue,江子翠,2019-08-08,52109.0
Blue,龍山寺,2019-08-08,55540.0
Blue,西門,2019-08-08,77106.5
Blue,善導寺,2019-08-08,43281.0
Blue,忠孝新生,2019-08-08,36107.0
Blue,忠孝敦化,2019-08-08,69532.0
Blue,國父紀念館,2019-08-08,45189.0
Blue,市政府,2019-08-08,126700.0
Blue,永春,2019-08-08,41255.0
Blue,後山埤,2019-08-08,33163.0
Blue,昆陽,2019-08-08,29571.0
Blue,南港,2019-08-08,37053.0
Blue,忠孝復興,2019-08-08,57274.5
Blue,南港展覽館,2019-08-08,34847.5
Blue,台北車站,2019-08-09,74435.5
Blue,頂埔,2019-08-09,6002.0
Blue,永寧,2019-08-09,9046.0
Blue,土城,2019-08-09,5612.0
Blue,海山,2019-08-09,15770.0
Blue,亞東醫院,2019-08-09,15714.0
Blue,府中,2019-08-09,23524.0
Blue,板橋,2019-08-09,37671.0
Blue,新埔,2019-08-09,30665.0
Blue,江子翠,2019-08-09,20071.0
Blue,龍山寺,2019-08-09,30218.0
Blue,西門,2019-08-09,54330.5
Blue,善導寺,2019-08-09,12211.0
Blue,忠孝新生,2019-08-09,14941.0
Blue,忠孝敦化,2019-08-09,31304.0
Blue,國父紀念館,2019-08-09,14965.0
Blue,市政府,2019-08-09,61443.0
Blue,永春,2019-08-09,15127.0
Blue,後山埤,2019-08-09,13941.0
Blue,昆陽,2019-08-09,8709.0
Blue,南港,2019-08-09,16087.0
Blue,忠孝復興,2019-08-09,33431.5
Blue,南港展覽館,2019-08-09,10123.5
Blue,台北車站,2019-08-10,176759.0
Blue,頂埔,2019-08-10,13738.0
Blue,永寧,2019-08-10,27100.0
Blue,土城,2019-08-10,14279.0
Blue,海山,2019-08-10,36327.0
Blue,亞東醫院,2019-08-10,36273.0
Blue,府中,2019-08-10,60029.0
Blue,板橋,2019-08-10,88263.0
Blue,新埔,2019-08-10,69842.0
Blue,江子翠,2019-08-10,44723.0
Blue,龍山寺,2019-08-10,63858.0
Blue,西門,2019-08-10,107489.0
Blue,善導寺,2019-08-10,34315.0
Blue,忠孝新生,2019-08-10,43732.0
Blue,忠孝敦化,2019-08-10,72068.0
Blue,國父紀念館,2019-08-10,43042.0
Blue,市政府,2019-08-10,128177.0
Blue,永春,2019-08-10,32098.0
Blue,後山埤,2019-08-10,32142.0
Blue,昆陽,2019-08-10,18580.0
Blue,南港,2019-08-10,32538.0
Blue,忠孝復興,2019-08-10,66685.5
Blue,南港展覽館,2019-08-10,24312.5
Blue,台北車站,2019-08-11,172971.5
Blue,頂埔,2019-08-11,12755.0
Blue,永寧,2019-08-11,25089.0
Blue,土城,2019-08-11,12650.0
Blue,海山,2019-08-11,30509.0
Blue,亞東醫院,2019-08-11,28856.0
Blue,府中,2019-08-11,51151.0
Blue,板橋,2019-08-11,77761.0
Blue,新埔,2019-08-11,58563.0
Blue,江子翠,2019-08-11,37701.0
Blue,龍山寺,2019-08-11,56450.0
Blue,西門,2019-08-11,97083.5
Blue,善導寺,2019-08-11,30859.0
Blue,忠孝新生,2019-08-11,38715.5
Blue,忠孝敦化,2019-08-11,56656.0
Blue,國父紀念館,2019-08-11,35705.0
Blue,市政府,2019-08-11,111305.0
Blue,永春,2019-08-11,27690.0
Blue,後山埤,2019-08-11,27325.0
Blue,昆陽,2019-08-11,16607.0
Blue,南港,2019-08-11,31789.0
Blue,忠孝復興,2019-08-11,53450.5
Blue,南港展覽館,2019-08-11,29789.0
Blue,台北車站,2019-08-12,160965.5
Blue,頂埔,2019-08-12,17699.0
Blue,永寧,2019-08-12,30345.0
Blue,土城,2019-08-12,15497.0
Blue,海山,2019-08-12,43504.0
Blue,亞東醫院,2019-08-12,50378.0
Blue,府中,2019-08-12,61685.0
Blue,板橋,2019-08-12,85880.0
Blue,新埔,2019-08-12,83671.0
Blue,江子翠,2019-08-12,53719.0
Blue,龍山寺,2019-08-12,64453.0
Blue,西門,2019-08-12,91537.0
Blue,善導寺,2019-08-12,44392.0
Blue,忠孝新生,2019-08-12,41894.0
Blue,忠孝敦化,2019-08-12,75976.0
Blue,國父紀念館,2019-08-12,49438.0
Blue,市政府,2019-08-12,134014.0
Blue,永春,2019-08-12,40116.0
Blue,後山埤,2019-08-12,35132.0
Blue,昆陽,2019-08-12,30616.0
Blue,南港,2019-08-12,37569.0
Blue,忠孝復興,2019-08-12,60711.0
Blue,南港展覽館,2019-08-12,36854.5
Blue,台北車站,2019-08-13,159080.0
Blue,頂埔,2019-08-13,17954.0
Blue,永寧,2019-08-13,30187.0
Blue,土城,2019-08-13,15122.0
Blue,海山,2019-08-13,44114.0
Blue,亞東醫院,2019-08-13,51102.0
Blue,府中,2019-08-13,62478.0
Blue,板橋,2019-08-13,86912.0
Blue,新埔,2019-08-13,85449.0
Blue,江子翠,2019-08-13,55001.0
Blue,龍山寺,2019-08-13,64218.0
Blue,西門,2019-08-13,91356.5
Blue,善導寺,2019-08-13,48117.0
Blue,忠孝新生,2019-08-13,42224.5
Blue,忠孝敦化,2019-08-13,78971.0
Blue,國父紀念館,2019-08-13,50497.0
Blue,市政府,2019-08-13,136953.0
Blue,永春,2019-08-13,41290.0
Blue,後山埤,2019-08-13,35358.0
Blue,昆陽,2019-08-13,30437.0
Blue,南港,2019-08-13,38508.0
Blue,忠孝復興,2019-08-13,62543.5
Blue,南港展覽館,2019-08-13,37245.0
Blue,台北車站,2019-08-14,158136.0
Blue,頂埔,2019-08-14,18126.0
Blue,永寧,2019-08-14,30665.0
Blue,土城,2019-08-14,15324.0
Blue,海山,2019-08-14,43948.0
Blue,亞東醫院,2019-08-14,50677.0
Blue,府中,2019-08-14,62344.0
Blue,板橋,2019-08-14,86500.0
Blue,新埔,2019-08-14,85345.0
Blue,江子翠,2019-08-14,54538.0
Blue,龍山寺,2019-08-14,63842.0
Blue,西門,2019-08-14,90878.5
Blue,善導寺,2019-08-14,47872.0
Blue,忠孝新生,2019-08-14,42026.5
Blue,忠孝敦化,2019-08-14,78052.0
Blue,國父紀念館,2019-08-14,50574.0
Blue,市政府,2019-08-14,138267.0
Blue,永春,2019-08-14,40880.0
Blue,後山埤,2019-08-14,35565.0
Blue,昆陽,2019-08-14,29876.0
Blue,南港,2019-08-14,38391.0
Blue,忠孝復興,2019-08-14,62085.0
Blue,南港展覽館,2019-08-14,37372.0
Blue,台北車站,2019-08-15,149011.5
Blue,頂埔,2019-08-15,17513.0
Blue,永寧,2019-08-15,28276.0
Blue,土城,2019-08-15,14438.0
Blue,海山,2019-08-15,42317.0
Blue,亞東醫院,2019-08-15,48314.0
Blue,府中,2019-08-15,59964.0
Blue,板橋,2019-08-15,82803.0
Blue,新埔,2019-08-15,81530.0
Blue,江子翠,2019-08-15,52975.0
Blue,龍山寺,2019-08-15,61744.0
Blue,西門,2019-08-15,87003.0
Blue,善導寺,2019-08-15,46841.0
Blue,忠孝新生,2019-08-15,39925.0
Blue,忠孝敦化,2019-08-15,76608.0
Blue,國父紀念館,2019-08-15,49077.0
Blue,市政府,2019-08-15,133097.0
Blue,永春,2019-08-15,39687.0
Blue,後山埤,2019-08-15,34057.0
Blue,昆陽,2019-08-15,30099.0
Blue,南港,2019-08-15,36715.0
Blue,忠孝復興,2019-08-15,59478.5
Blue,南港展覽館,2019-08-15,36302.5
Blue,台北車站,2019-08-16,182094.0
Blue,頂埔,2019-08-16,18690.0
Blue,永寧,2019-08-16,32704.0
Blue,土城,2019-08-16,16114.0
Blue,海山,2019-08-16,45553.0
Blue,亞東醫院,2019-08-16,51318.0
Blue,府中,2019-08-16,66825.0
Blue,板橋,2019-08-16,97457.0
Blue,新埔,2019-08-16,88155.0
Blue,江子翠,2019-08-16,56886.0
Blue,龍山寺,2019-08-16,66290.0
Blue,西門,2019-08-16,101349.5
Blue,善導寺,2019-08-16,47265.0
Blue,忠孝新生,2019-08-16,45350.0
Blue,忠孝敦化,2019-08-16,87909.0
Blue,國父紀念館,2019-08-16,55188.0
Blue,市政府,2019-08-16,154914.0
Blue,永春,2019-08-16,42472.0
Blue,後山埤,2019-08-16,37321.0
Blue,昆陽,2019-08-16,31816.0
Blue,南港,2019-08-16,42745.0
Blue,忠孝復興,2019-08-16,71182.5
Blue,南港展覽館,2019-08-16,39373.5
Blue,台北車站,2019-08-17,185131.5
Blue,頂埔,2019-08-17,14149.0
Blue,永寧,2019-08-17,28646.0
Blue,土城,2019-08-17,13415.0
Blue,海山,2019-08-17,36951.0
Blue,亞東醫院,2019-08-17,36228.0
Blue,府中,2019-08-17,61654.0
Blue,板橋,2019-08-17,88590.0
Blue,新埔,2019-08-17,72117.0
Blue,江子翠,2019-08-17,44849.0
Blue,龍山寺,2019-08-17,63631.0
Blue,西門,2019-08-17,111360.0
Blue,善導寺,2019-08-17,31619.0
Blue,忠孝新生,2019-08-17,45694.5
Blue,忠孝敦化,2019-08-17,75996.0
Blue,國父紀念館,2019-08-17,46904.0
Blue,市政府,2019-08-17,137530.0
Blue,永春,2019-08-17,32357.0
Blue,後山埤,2019-08-17,31974.0
Blue,昆陽,2019-08-17,19660.0
Blue,南港,2019-08-17,34464.0
Blue,忠孝復興,2019-08-17,68718.5
Blue,南港展覽館,2019-08-17,27968.5
Blue,台北車站,2019-08-18,177154.5
Blue,頂埔,2019-08-18,12671.0
Blue,永寧,2019-08-18,24846.0
Blue,土城,2019-08-18,11628.0
Blue,海山,2019-08-18,30478.0
Blue,亞東醫院,2019-08-18,28653.0
Blue,府中,2019-08-18,50473.0
Blue,板橋,2019-08-18,80900.0
Blue,新埔,2019-08-18,58149.0
Blue,江子翠,2019-08-18,38119.0
Blue,龍山寺,2019-08-18,52967.0
Blue,西門,2019-08-18,94560.0
Blue,善導寺,2019-08-18,25725.0
Blue,忠孝新生,2019-08-18,36106.5
Blue,忠孝敦化,2019-08-18,56936.0
Blue,國父紀念館,2019-08-18,37271.0
Blue,市政府,2019-08-18,113441.0
Blue,永春,2019-08-18,27894.0
Blue,後山埤,2019-08-18,25712.0
Blue,昆陽,2019-08-18,16044.0
Blue,南港,2019-08-18,32283.0
Blue,忠孝復興,2019-08-18,54277.5
Blue,南港展覽館,2019-08-18,21143.0
Blue,台北車站,2019-08-19,155005.5
Blue,頂埔,2019-08-19,17576.0
Blue,永寧,2019-08-19,29311.0
Blue,土城,2019-08-19,14887.0
Blue,海山,2019-08-19,43887.0
Blue,亞東醫院,2019-08-19,50441.0
Blue,府中,2019-08-19,61091.0
Blue,板橋,2019-08-19,87076.0
Blue,新埔,2019-08-19,83266.0
Blue,江子翠,2019-08-19,53039.0
Blue,龍山寺,2019-08-19,60008.0
Blue,西門,2019-08-19,88149.0
Blue,善導寺,2019-08-19,41248.0
Blue,忠孝新生,2019-08-19,40723.5
Blue,忠孝敦化,2019-08-19,75436.0
Blue,國父紀念館,2019-08-19,47897.0
Blue,市政府,2019-08-19,129960.0
Blue,永春,2019-08-19,38975.0
Blue,後山埤,2019-08-19,34554.0
Blue,昆陽,2019-08-19,30173.0
Blue,南港,2019-08-19,37390.0
Blue,忠孝復興,2019-08-19,59080.0
Blue,南港展覽館,2019-08-19,36512.0
Blue,台北車站,2019-08-20,151707.5
Blue,頂埔,2019-08-20,17520.0
Blue,永寧,2019-08-20,30169.0
Blue,土城,2019-08-20,14929.0
Blue,海山,2019-08-20,44767.0
Blue,亞東醫院,2019-08-20,51245.0
Blue,府中,2019-08-20,61459.0
Blue,板橋,2019-08-20,85570.0
Blue,新埔,2019-08-20,84806.0
Blue,江子翠,2019-08-20,54529.0
Blue,龍山寺,2019-08-20,62400.0
Blue,西門,2019-08-20,88417.5
Blue,善導寺,2019-08-20,44558.0
Blue,忠孝新生,2019-08-20,41116.5
Blue,忠孝敦化,2019-08-20,77444.0
Blue,國父紀念館,2019-08-20,50603.0
Blue,市政府,2019-08-20,131235.0
Blue,永春,2019-08-20,40241.0
Blue,後山埤,2019-08-20,34935.0
Blue,昆陽,2019-08-20,30410.0
Blue,南港,2019-08-20,38897.0
Blue,忠孝復興,2019-08-20,61753.0
Blue,南港展覽館,2019-08-20,39513.5
Blue,台北車站,2019-08-21,154314.5
Blue,頂埔,2019-08-21,17533.0
Blue,永寧,2019-08-21,30265.0
Blue,土城,2019-08-21,15004.0
Blue,海山,2019-08-21,44690.0
Blue,亞東醫院,2019-08-21,50782.0
Blue,府中,2019-08-21,61409.0
Blue,板橋,2019-08-21,86579.0
Blue,新埔,2019-08-21,84071.0
Blue,江子翠,2019-08-21,54192.0
Blue,龍山寺,2019-08-21,59623.0
Blue,西門,2019-08-21,87279.5
Blue,善導寺,2019-08-21,45800.0
Blue,忠孝新生,2019-08-21,40413.5
Blue,忠孝敦化,2019-08-21,77901.0
Blue,國父紀念館,2019-08-21,49520.0
Blue,市政府,2019-08-21,132099.0
Blue,永春,2019-08-21,40062.0
Blue,後山埤,2019-08-21,34443.0
Blue,昆陽,2019-08-21,29493.0
Blue,南港,2019-08-21,43760.0
Blue,忠孝復興,2019-08-21,60322.0
Blue,南港展覽館,2019-08-21,52174.0
Blue,台北車站,2019-08-22,156455.5
Blue,頂埔,2019-08-22,17881.0
Blue,永寧,2019-08-22,30805.0
Blue,土城,2019-08-22,15470.0
Blue,海山,2019-08-22,45000.0
Blue,亞東醫院,2019-08-22,50953.0
Blue,府中,2019-08-22,62851.0
Blue,板橋,2019-08-22,88000.0
Blue,新埔,2019-08-22,86099.0
Blue,江子翠,2019-08-22,55478.0
Blue,龍山寺,2019-08-22,62951.0
Blue,西門,2019-08-22,89752.5
Blue,善導寺,2019-08-22,46402.0
Blue,忠孝新生,2019-08-22,42176.5
Blue,忠孝敦化,2019-08-22,80045.0
Blue,國父紀念館,2019-08-22,51961.0
Blue,市政府,2019-08-22,133128.0
Blue,永春,2019-08-22,42093.0
Blue,後山埤,2019-08-22,35564.0
Blue,昆陽,2019-08-22,31171.0
Blue,南港,2019-08-22,46443.0
Blue,忠孝復興,2019-08-22,62602.0
Blue,南港展覽館,2019-08-22,57034.0
Blue,台北車站,2019-08-23,180815.5
Blue,頂埔,2019-08-23,18491.0
Blue,永寧,2019-08-23,32667.0
Blue,土城,2019-08-23,16150.0
Blue,海山,2019-08-23,45939.0
Blue,亞東醫院,2019-08-23,51695.0
Blue,府中,2019-08-23,66330.0
Blue,板橋,2019-08-23,95388.0
Blue,新埔,2019-08-23,88301.0
Blue,江子翠,2019-08-23,57194.0
Blue,龍山寺,2019-08-23,64873.0
Blue,西門,2019-08-23,99646.5
Blue,善導寺,2019-08-23,46002.0
Blue,忠孝新生,2019-08-23,46184.5
Blue,忠孝敦化,2019-08-23,88169.0
Blue,國父紀念館,2019-08-23,54985.0
Blue,市政府,2019-08-23,150467.0
Blue,永春,2019-08-23,43329.0
Blue,後山埤,2019-08-23,37019.0
Blue,昆陽,2019-08-23,31634.0
Blue,南港,2019-08-23,53954.0
Blue,忠孝復興,2019-08-23,69738.0
Blue,南港展覽館,2019-08-23,63553.0
Blue,台北車站,2019-08-24,158328.0
Blue,頂埔,2019-08-24,11464.0
Blue,永寧,2019-08-24,23428.0
Blue,土城,2019-08-24,11199.0
Blue,海山,2019-08-24,31644.0
Blue,亞東醫院,2019-08-24,30192.0
Blue,府中,2019-08-24,52709.0
Blue,板橋,2019-08-24,74363.0
Blue,新埔,2019-08-24,62531.0
Blue,江子翠,2019-08-24,39830.0
Blue,龍山寺,2019-08-24,52919.0
Blue,西門,2019-08-24,92578.5
Blue,善導寺,2019-08-24,30251.0
Blue,忠孝新生,2019-08-24,39641.5
Blue,忠孝敦化,2019-08-24,65931.0
Blue,國父紀念館,2019-08-24,41244.0
Blue,市政府,2019-08-24,107457.0
Blue,永春,2019-08-24,28373.0
Blue,後山埤,2019-08-24,26243.0
Blue,昆陽,2019-08-24,16806.0
Blue,南港,2019-08-24,33137.0
Blue,忠孝復興,2019-08-24,60403.5
Blue,南港展覽館,2019-08-24,37196.0
Blue,台北車站,2019-08-25,157989.5
Blue,頂埔,2019-08-25,12281.0
Blue,永寧,2019-08-25,24463.0
Blue,土城,2019-08-25,11114.0
Blue,海山,2019-08-25,31201.0
Blue,亞東醫院,2019-08-25,28251.0
Blue,府中,2019-08-25,50871.0
Blue,板橋,2019-08-25,74420.0
Blue,新埔,2019-08-25,58683.0
Blue,江子翠,2019-08-25,37244.0
Blue,龍山寺,2019-08-25,55592.0
Blue,西門,2019-08-25,95480.0
Blue,善導寺,2019-08-25,27958.0
Blue,忠孝新生,2019-08-25,39000.0
Blue,忠孝敦化,2019-08-25,57034.0
Blue,國父紀念館,2019-08-25,36148.0
Blue,市政府,2019-08-25,103640.0
Blue,永春,2019-08-25,27003.0
Blue,後山埤,2019-08-25,25635.0
Blue,昆陽,2019-08-25,16396.0
Blue,南港,2019-08-25,29212.0
Blue,忠孝復興,2019-08-25,53410.5
Blue,南港展覽館,2019-08-25,20953.0
Blue,台北車站,2019-08-26,153838.5
Blue,頂埔,2019-08-26,17523.0
Blue,永寧,2019-08-26,30476.0
Blue,土城,2019-08-26,14959.0
Blue,海山,2019-08-26,42671.0
Blue,亞東醫院,2019-08-26,49886.0
Blue,府中,2019-08-26,60715.0
Blue,板橋,2019-08-26,84845.0
Blue,新埔,2019-08-26,82456.0
Blue,江子翠,2019-08-26,52939.0
Blue,龍山寺,2019-08-26,60205.0
Blue,西門,2019-08-26,90200.0
Blue,善導寺,2019-08-26,40526.0
Blue,忠孝新生,2019-08-26,40350.0
Blue,忠孝敦化,2019-08-26,74265.0
Blue,國父紀念館,2019-08-26,47523.0
Blue,市政府,2019-08-26,129696.0
Blue,永春,2019-08-26,37334.0
Blue,後山埤,2019-08-26,33150.0
Blue,昆陽,2019-08-26,30432.0
Blue,南港,2019-08-26,35930.0
Blue,忠孝復興,2019-08-26,57677.0
Blue,南港展覽館,2019-08-26,36148.0
Blue,台北車站,2019-08-27,152548.5
Blue,頂埔,2019-08-27,17806.0
Blue,永寧,2019-08-27,30680.0
Blue,土城,2019-08-27,14816.0
Blue,海山,2019-08-27,43417.0
Blue,亞東醫院,2019-08-27,51362.0
Blue,府中,2019-08-27,62471.0
Blue,板橋,2019-08-27,84916.0
Blue,新埔,2019-08-27,84963.0
Blue,江子翠,2019-08-27,54909.0
Blue,龍山寺,2019-08-27,60972.0
Blue,西門,2019-08-27,89254.5
Blue,善導寺,2019-08-27,43576.0
Blue,忠孝新生,2019-08-27,40526.0
Blue,忠孝敦化,2019-08-27,76519.0
Blue,國父紀念館,2019-08-27,49870.0
Blue,市政府,2019-08-27,128434.0
Blue,永春,2019-08-27,39020.0
Blue,後山埤,2019-08-27,33822.0
Blue,昆陽,2019-08-27,29783.0
Blue,南港,2019-08-27,35955.0
Blue,忠孝復興,2019-08-27,59948.5
Blue,南港展覽館,2019-08-27,37639.0
Blue,台北車站,2019-08-28,154050.0
Blue,頂埔,2019-08-28,17772.0
Blue,永寧,2019-08-28,31259.0
Blue,土城,2019-08-28,15267.0
Blue,海山,2019-08-28,43293.0
Blue,亞東醫院,2019-08-28,50504.0
Blue,府中,2019-08-28,62459.0
Blue,板橋,2019-08-28,85748.0
Blue,新埔,2019-08-28,85030.0
Blue,江子翠,2019-08-28,54428.0
Blue,龍山寺,2019-08-28,60532.0
Blue,西門,2019-08-28,89896.0
Blue,善導寺,2019-08-28,43586.0
Blue,忠孝新生,2019-08-28,42141.5
Blue,忠孝敦化,2019-08-28,78292.0
Blue,國父紀念館,2019-08-28,51248.0
Blue,市政府,2019-08-28,131585.0
Blue,永春,2019-08-28,39385.0
Blue,後山埤,2019-08-28,34255.0
Blue,昆陽,2019-08-28,29908.0
Blue,南港,2019-08-28,39389.0
Blue,忠孝復興,2019-08-28,60940.5
Blue,南港展覽館,2019-08-28,42486.0
Blue,台北車站,2019-08-29,148347.5
Blue,頂埔,2019-08-29,17601.0
Blue,永寧,2019-08-29,34605.0
Blue,土城,2019-08-29,14916.0
Blue,海山,2019-08-29,42602.0
Blue,亞東醫院,2019-08-29,49155.0
Blue,府中,2019-08-29,60324.0
Blue,板橋,2019-08-29,84106.0
Blue,新埔,2019-08-29,83609.0
Blue,江子翠,2019-08-29,53763.0
Blue,龍山寺,2019-08-29,59773.0
Blue,西門,2019-08-29,85847.0
Blue,善導寺,2019-08-29,43014.0
Blue,忠孝新生,2019-08-29,40077.5
Blue,忠孝敦化,2019-08-29,76317.0
Blue,國父紀念館,2019-08-29,49093.0
Blue,市政府,2019-08-29,128310.0
Blue,永春,2019-08-29,39066.0
Blue,後山埤,2019-08-29,32696.0
Blue,昆陽,2019-08-29,30253.0
Blue,南港,2019-08-29,38939.0
Blue,忠孝復興,2019-08-29,60090.0
Blue,南港展覽館,2019-08-29,42758.0
Blue,台北車站,2019-08-30,162212.0
Blue,頂埔,2019-08-30,18265.0
Blue,永寧,2019-08-30,28534.0
Blue,土城,2019-08-30,15486.0
Blue,海山,2019-08-30,46031.0
Blue,亞東醫院,2019-08-30,49966.0
Blue,府中,2019-08-30,63039.0
Blue,板橋,2019-08-30,90198.0
Blue,新埔,2019-08-30,85924.0
Blue,江子翠,2019-08-30,54879.0
Blue,龍山寺,2019-08-30,65165.0
Blue,西門,2019-08-30,88910.0
Blue,善導寺,2019-08-30,46458.0
Blue,忠孝新生,2019-08-30,41881.0
Blue,忠孝敦化,2019-08-30,80971.0
Blue,國父紀念館,2019-08-30,50505.0
Blue,市政府,2019-08-30,138658.0
Blue,永春,2019-08-30,44641.0
Blue,後山埤,2019-08-30,35672.0
Blue,昆陽,2019-08-30,31784.0
Blue,南港,2019-08-30,45415.0
Blue,忠孝復興,2019-08-30,63991.0
Blue,南港展覽館,2019-08-30,43780.5
Blue,台北車站,2019-08-31,172411.0
Blue,頂埔,2019-08-31,13297.0
Blue,永寧,2019-08-31,25639.0
Blue,土城,2019-08-31,12956.0
Blue,海山,2019-08-31,36954.0
Blue,亞東醫院,2019-08-31,36576.0
Blue,府中,2019-08-31,59146.0
Blue,板橋,2019-08-31,85160.0
Blue,新埔,2019-08-31,70035.0
Blue,江子翠,2019-08-31,44532.0
Blue,龍山寺,2019-08-31,63109.0
Blue,西門,2019-08-31,100679.0
Blue,善導寺,2019-08-31,31374.0
Blue,忠孝新生,2019-08-31,45588.5
Blue,忠孝敦化,2019-08-31,71723.0
Blue,國父紀念館,2019-08-31,44022.0
Blue,市政府,2019-08-31,118035.0
Blue,永春,2019-08-31,33099.0
Blue,後山埤,2019-08-31,30010.0
Blue,昆陽,2019-08-31,19651.0
Blue,南港,2019-08-31,32344.0
Blue,忠孝復興,2019-08-31,64561.0
Blue,南港展覽館,2019-08-31,24783.0
Blue,台北車站,2019-09-01,152396.0
Blue,頂埔,2019-09-01,11964.0
Blue,永寧,2019-09-01,21470.0
Blue,土城,2019-09-01,10576.0
Blue,海山,2019-09-01,31119.0
Blue,亞東醫院,2019-09-01,28456.0
Blue,府中,2019-09-01,48136.0
Blue,板橋,2019-09-01,72838.0
Blue,新埔,2019-09-01,58465.0
Blue,江子翠,2019-09-01,36780.0
Blue,龍山寺,2019-09-01,53789.0
Blue,西門,2019-09-01,84813.5
Blue,善導寺,2019-09-01,26390.0
Blue,忠孝新生,2019-09-01,38281.5
Blue,忠孝敦化,2019-09-01,53447.0
Blue,國父紀念館,2019-09-01,32787.0
Blue,市政府,2019-09-01,99513.0
Blue,永春,2019-09-01,26193.0
Blue,後山埤,2019-09-01,24982.0
Blue,昆陽,2019-09-01,15586.0
Blue,南港,2019-09-01,28432.0
Blue,忠孝復興,2019-09-01,50368.0
Blue,南港展覽館,2019-09-01,19560.5
Blue,台北車站,2019-09-02,139011.5
Blue,頂埔,2019-09-02,17673.0
Blue,永寧,2019-09-02,27133.0
Blue,土城,2019-09-02,14799.0
Blue,海山,2019-09-02,43916.0
Blue,亞東醫院,2019-09-02,49569.0
Blue,府中,2019-09-02,58130.0
Blue,板橋,2019-09-02,80431.0
Blue,新埔,2019-09-02,82570.0
Blue,江子翠,2019-09-02,52565.0
Blue,龍山寺,2019-09-02,59066.0
Blue,西門,2019-09-02,77043.0
Blue,善導寺,2019-09-02,42762.0
Blue,忠孝新生,2019-09-02,38057.0
Blue,忠孝敦化,2019-09-02,69943.0
Blue,國父紀念館,2019-09-02,43444.0
Blue,市政府,2019-09-02,120583.0
Blue,永春,2019-09-02,41341.0
Blue,後山埤,2019-09-02,32879.0
Blue,昆陽,2019-09-02,30339.0
Blue,南港,2019-09-02,36526.0
Blue,忠孝復興,2019-09-02,53633.5
Blue,南港展覽館,2019-09-02,35224.5
Blue,台北車站,2019-09-03,139557.0
Blue,頂埔,2019-09-03,17905.0
Blue,永寧,2019-09-03,28120.0
Blue,土城,2019-09-03,14993.0
Blue,海山,2019-09-03,45238.0
Blue,亞東醫院,2019-09-03,51129.0
Blue,府中,2019-09-03,60121.0
Blue,板橋,2019-09-03,82549.0
Blue,新埔,2019-09-03,84743.0
Blue,江子翠,2019-09-03,53862.0
Blue,龍山寺,2019-09-03,61374.0
Blue,西門,2019-09-03,77217.5
Blue,善導寺,2019-09-03,46137.0
Blue,忠孝新生,2019-09-03,39340.5
Blue,忠孝敦化,2019-09-03,71949.0
Blue,國父紀念館,2019-09-03,45629.0
Blue,市政府,2019-09-03,124233.0
Blue,永春,2019-09-03,42931.0
Blue,後山埤,2019-09-03,33802.0
Blue,昆陽,2019-09-03,29850.0
Blue,南港,2019-09-03,37787.0
Blue,忠孝復興,2019-09-03,55481.0
Blue,南港展覽館,2019-09-03,36722.0
Blue,台北車站,2019-09-04,136304.5
Blue,頂埔,2019-09-04,17331.0
Blue,永寧,2019-09-04,26677.0
Blue,土城,2019-09-04,14988.0
Blue,海山,2019-09-04,44412.0
Blue,亞東醫院,2019-09-04,50023.0
Blue,府中,2019-09-04,59213.0
Blue,板橋,2019-09-04,81887.0
Blue,新埔,2019-09-04,84867.0
Blue,江子翠,2019-09-04,53763.0
Blue,龍山寺,2019-09-04,58757.0
Blue,西門,2019-09-04,74033.5
Blue,善導寺,2019-09-04,46483.0
Blue,忠孝新生,2019-09-04,37937.5
Blue,忠孝敦化,2019-09-04,72072.0
Blue,國父紀念館,2019-09-04,45451.0
Blue,市政府,2019-09-04,124797.0
Blue,永春,2019-09-04,43036.0
Blue,後山埤,2019-09-04,33646.0
Blue,昆陽,2019-09-04,29899.0
Blue,南港,2019-09-04,36985.0
Blue,忠孝復興,2019-09-04,54701.0
Blue,南港展覽館,2019-09-04,35119.0
Blue,台北車站,2019-09-05,142717.5
Blue,頂埔,2019-09-05,17548.0
Blue,永寧,2019-09-05,26503.0
Blue,土城,2019-09-05,14647.0
Blue,海山,2019-09-05,44931.0
Blue,亞東醫院,2019-09-05,51057.0
Blue,府中,2019-09-05,60481.0
Blue,板橋,2019-09-05,83137.0
Blue,新埔,2019-09-05,83790.0
Blue,江子翠,2019-09-05,54352.0
Blue,龍山寺,2019-09-05,58578.0
Blue,西門,2019-09-05,78209.5
Blue,善導寺,2019-09-05,49112.0
Blue,忠孝新生,2019-09-05,39272.5
Blue,忠孝敦化,2019-09-05,74752.0
Blue,國父紀念館,2019-09-05,47052.0
Blue,市政府,2019-09-05,126945.0
Blue,永春,2019-09-05,43851.0
Blue,後山埤,2019-09-05,33833.0
Blue,昆陽,2019-09-05,30843.0
Blue,南港,2019-09-05,37552.0
Blue,忠孝復興,2019-09-05,58545.5
Blue,南港展覽館,2019-09-05,35541.0
Blue,台北車站,2019-09-06,167855.0
Blue,頂埔,2019-09-06,18563.0
Blue,永寧,2019-09-06,29987.0
Blue,土城,2019-09-06,16116.0
Blue,海山,2019-09-06,47755.0
Blue,亞東醫院,2019-09-06,53077.0
Blue,府中,2019-09-06,65994.0
Blue,板橋,2019-09-06,92387.0
Blue,新埔,2019-09-06,93418.0
Blue,江子翠,2019-09-06,56887.0
Blue,龍山寺,2019-09-06,65520.0
Blue,西門,2019-09-06,92744.5
Blue,善導寺,2019-09-06,52530.0
Blue,忠孝新生,2019-09-06,44658.0
Blue,忠孝敦化,2019-09-06,83920.0
Blue,國父紀念館,2019-09-06,51427.0
Blue,市政府,2019-09-06,140303.0
Blue,永春,2019-09-06,46213.0
Blue,後山埤,2019-09-06,36085.0
Blue,昆陽,2019-09-06,32191.0
Blue,南港,2019-09-06,42747.0
Blue,忠孝復興,2019-09-06,66163.5
Blue,南港展覽館,2019-09-06,37687.5
Blue,台北車站,2019-09-07,175711.5
Blue,頂埔,2019-09-07,13844.0
Blue,永寧,2019-09-07,25383.0
Blue,土城,2019-09-07,13707.0
Blue,海山,2019-09-07,37323.0
Blue,亞東醫院,2019-09-07,37215.0
Blue,府中,2019-09-07,61542.0
Blue,板橋,2019-09-07,87028.0
Blue,新埔,2019-09-07,72951.0
Blue,江子翠,2019-09-07,45771.0
Blue,龍山寺,2019-09-07,63950.0
Blue,西門,2019-09-07,106754.0
Blue,善導寺,2019-09-07,33724.0
Blue,忠孝新生,2019-09-07,45550.0
Blue,忠孝敦化,2019-09-07,72735.0
Blue,國父紀念館,2019-09-07,44918.0
Blue,市政府,2019-09-07,120464.0
Blue,永春,2019-09-07,33477.0
Blue,後山埤,2019-09-07,30620.0
Blue,昆陽,2019-09-07,19160.0
Blue,南港,2019-09-07,31248.0
Blue,忠孝復興,2019-09-07,65267.0
Blue,南港展覽館,2019-09-07,23921.0
Blue,台北車站,2019-09-08,164729.5
Blue,頂埔,2019-09-08,12969.0
Blue,永寧,2019-09-08,23619.0
Blue,土城,2019-09-08,11211.0
Blue,海山,2019-09-08,32141.0
Blue,亞東醫院,2019-09-08,30028.0
Blue,府中,2019-09-08,52513.0
Blue,板橋,2019-09-08,78102.0
Blue,新埔,2019-09-08,59532.0
Blue,江子翠,2019-09-08,39063.0
Blue,龍山寺,2019-09-08,56038.0
Blue,西門,2019-09-08,90753.0
Blue,善導寺,2019-09-08,27489.0
Blue,忠孝新生,2019-09-08,38224.5
Blue,忠孝敦化,2019-09-08,55927.0
Blue,國父紀念館,2019-09-08,35756.0
Blue,市政府,2019-09-08,101538.0
Blue,永春,2019-09-08,28011.0
Blue,後山埤,2019-09-08,26938.0
Blue,昆陽,2019-09-08,17092.0
Blue,南港,2019-09-08,28768.0
Blue,忠孝復興,2019-09-08,51545.5
Blue,南港展覽館,2019-09-08,20613.5
Blue,台北車站,2019-09-09,136236.5
Blue,頂埔,2019-09-09,17889.0
Blue,永寧,2019-09-09,27837.0
Blue,土城,2019-09-09,15223.0
Blue,海山,2019-09-09,45704.0
Blue,亞東醫院,2019-09-09,53243.0
Blue,府中,2019-09-09,60022.0
Blue,板橋,2019-09-09,81975.0
Blue,新埔,2019-09-09,88149.0
Blue,江子翠,2019-09-09,53756.0
Blue,龍山寺,2019-09-09,59576.0
Blue,西門,2019-09-09,76400.5
Blue,善導寺,2019-09-09,48008.0
Blue,忠孝新生,2019-09-09,39323.5
Blue,忠孝敦化,2019-09-09,68130.0
Blue,國父紀念館,2019-09-09,42805.0
Blue,市政府,2019-09-09,120432.0
Blue,永春,2019-09-09,42148.0
Blue,後山埤,2019-09-09,33213.0
Blue,昆陽,2019-09-09,30684.0
Blue,南港,2019-09-09,37237.0
Blue,忠孝復興,2019-09-09,53831.5
Blue,南港展覽館,2019-09-09,35928.5
Blue,台北車站,2019-09-10,135690.5
Blue,頂埔,2019-09-10,18331.0
Blue,永寧,2019-09-10,28119.0
Blue,土城,2019-09-10,15605.0
Blue,海山,2019-09-10,46710.0
Blue,亞東醫院,2019-09-10,54651.0
Blue,府中,2019-09-10,62829.0
Blue,板橋,2019-09-10,82320.0
Blue,新埔,2019-09-10,90431.0
Blue,江子翠,2019-09-10,54493.0
Blue,龍山寺,2019-09-10,60977.0
Blue,西門,2019-09-10,76829.5
Blue,善導寺,2019-09-10,52195.0
Blue,忠孝新生,2019-09-10,40387.5
Blue,忠孝敦化,2019-09-10,72165.0
Blue,國父紀念館,2019-09-10,45598.0
Blue,市政府,2019-09-10,122624.0
Blue,永春,2019-09-10,44097.0
Blue,後山埤,2019-09-10,34098.0
Blue,昆陽,2019-09-10,30921.0
Blue,南港,2019-09-10,37509.0
Blue,忠孝復興,2019-09-10,56283.0
Blue,南港展覽館,2019-09-10,36482.0
Blue,台北車站,2019-09-11,141592.5
Blue,頂埔,2019-09-11,18260.0
Blue,永寧,2019-09-11,28744.0
Blue,土城,2019-09-11,15758.0
Blue,海山,2019-09-11,47155.0
Blue,亞東醫院,2019-09-11,54933.0
Blue,府中,2019-09-11,63114.0
Blue,板橋,2019-09-11,84321.0
Blue,新埔,2019-09-11,91229.0
Blue,江子翠,2019-09-11,55865.0
Blue,龍山寺,2019-09-11,61163.0
Blue,西門,2019-09-11,78354.5
Blue,善導寺,2019-09-11,54002.0
Blue,忠孝新生,2019-09-11,41440.5
Blue,忠孝敦化,2019-09-11,74525.0
Blue,國父紀念館,2019-09-11,46455.0
Blue,市政府,2019-09-11,126635.0
Blue,永春,2019-09-11,44635.0
Blue,後山埤,2019-09-11,34964.0
Blue,昆陽,2019-09-11,31084.0
Blue,南港,2019-09-11,38624.0
Blue,忠孝復興,2019-09-11,58113.5
Blue,南港展覽館,2019-09-11,36769.5
Blue,台北車站,2019-09-12,174503.5
Blue,頂埔,2019-09-12,19428.0
Blue,永寧,2019-09-12,31539.0
Blue,土城,2019-09-12,16370.0
Blue,海山,2019-09-12,48752.0
Blue,亞東醫院,2019-09-12,55267.0
Blue,府中,2019-09-12,65722.0
Blue,板橋,2019-09-12,94113.0
Blue,新埔,2019-09-12,93152.0
Blue,江子翠,2019-09-12,56993.0
Blue,龍山寺,2019-09-12,64105.0
Blue,西門,2019-09-12,85635.0
Blue,善導寺,2019-09-12,53170.0
Blue,忠孝新生,2019-09-12,43822.0
Blue,忠孝敦化,2019-09-12,77185.0
Blue,國父紀念館,2019-09-12,47795.0
Blue,市政府,2019-09-12,136787.0
Blue,永春,2019-09-12,46095.0
Blue,後山埤,2019-09-12,36166.0
Blue,昆陽,2019-09-12,32780.0
Blue,南港,2019-09-12,49365.0
Blue,忠孝復興,2019-09-12,62268.0
Blue,南港展覽館,2019-09-12,37721.5
Blue,台北車站,2019-09-13,137518.0
Blue,頂埔,2019-09-13,12078.0
Blue,永寧,2019-09-13,20003.0
Blue,土城,2019-09-13,11231.0
Blue,海山,2019-09-13,30442.0
Blue,亞東醫院,2019-09-13,26487.0
Blue,府中,2019-09-13,45866.0
Blue,板橋,2019-09-13,69977.0
Blue,新埔,2019-09-13,54062.0
Blue,江子翠,2019-09-13,34296.0
Blue,龍山寺,2019-09-13,55994.0
Blue,西門,2019-09-13,83537.0
Blue,善導寺,2019-09-13,20932.0
Blue,忠孝新生,2019-09-13,28686.0
Blue,忠孝敦化,2019-09-13,50929.0
Blue,國父紀念館,2019-09-13,29338.0
Blue,市政府,2019-09-13,93092.0
Blue,永春,2019-09-13,24791.0
Blue,後山埤,2019-09-13,24450.0
Blue,昆陽,2019-09-13,14864.0
Blue,南港,2019-09-13,31498.0
Blue,忠孝復興,2019-09-13,47524.5
Blue,南港展覽館,2019-09-13,22479.5
Blue,台北車站,2019-09-14,147392.0
Blue,頂埔,2019-09-14,12778.0
Blue,永寧,2019-09-14,22346.0
Blue,土城,2019-09-14,11751.0
Blue,海山,2019-09-14,32035.0
Blue,亞東醫院,2019-09-14,29482.0
Blue,府中,2019-09-14,51692.0
Blue,板橋,2019-09-14,72514.0
Blue,新埔,2019-09-14,57442.0
Blue,江子翠,2019-09-14,37338.0
Blue,龍山寺,2019-09-14,57260.0
Blue,西門,2019-09-14,96122.0
Blue,善導寺,2019-09-14,24284.0
Blue,忠孝新生,2019-09-14,34295.0
Blue,忠孝敦化,2019-09-14,58046.0
Blue,國父紀念館,2019-09-14,34641.0
Blue,市政府,2019-09-14,97680.0
Blue,永春,2019-09-14,25130.0
Blue,後山埤,2019-09-14,25173.0
Blue,昆陽,2019-09-14,15344.0
Blue,南港,2019-09-14,27908.0
Blue,忠孝復興,2019-09-14,53989.0
Blue,南港展覽館,2019-09-14,20008.0
Blue,台北車站,2019-09-15,164840.5
Blue,頂埔,2019-09-15,11983.0
Blue,永寧,2019-09-15,20228.0
Blue,土城,2019-09-15,9612.0
Blue,海山,2019-09-15,28548.0
Blue,亞東醫院,2019-09-15,25665.0
Blue,府中,2019-09-15,43755.0
Blue,板橋,2019-09-15,73121.0
Blue,新埔,2019-09-15,52079.0
Blue,江子翠,2019-09-15,33040.0
Blue,龍山寺,2019-09-15,47775.0
Blue,西門,2019-09-15,81647.5
Blue,善導寺,2019-09-15,21878.0
Blue,忠孝新生,2019-09-15,31021.5
Blue,忠孝敦化,2019-09-15,47401.0
Blue,國父紀念館,2019-09-15,30443.0
Blue,市政府,2019-09-15,90269.0
Blue,永春,2019-09-15,24184.0
Blue,後山埤,2019-09-15,22698.0
Blue,昆陽,2019-09-15,14435.0
Blue,南港,2019-09-15,29149.0
Blue,忠孝復興,2019-09-15,46054.5
Blue,南港展覽館,2019-09-15,18017.5
Blue,台北車站,2019-09-16,141788.0
Blue,頂埔,2019-09-16,17651.0
Blue,永寧,2019-09-16,27712.0
Blue,土城,2019-09-16,15157.0
Blue,海山,2019-09-16,45630.0
Blue,亞東醫院,2019-09-16,52773.0
Blue,府中,2019-09-16,58256.0
Blue,板橋,2019-09-16,80959.0
Blue,新埔,2019-09-16,86504.0
Blue,江子翠,2019-09-16,53091.0
Blue,龍山寺,2019-09-16,58391.0
Blue,西門,2019-09-16,73498.5
Blue,善導寺,2019-09-16,47383.0
Blue,忠孝新生,2019-09-16,39128.5
Blue,忠孝敦化,2019-09-16,66795.0
Blue,國父紀念館,2019-09-16,41876.0
Blue,市政府,2019-09-16,118946.0
Blue,永春,2019-09-16,41031.0
Blue,後山埤,2019-09-16,32893.0
Blue,昆陽,2019-09-16,30524.0
Blue,南港,2019-09-16,37260.0
Blue,忠孝復興,2019-09-16,51588.0
Blue,南港展覽館,2019-09-16,35842.5
Blue,台北車站,2019-09-17,133421.0
Blue,頂埔,2019-09-17,18007.0
Blue,永寧,2019-09-17,27583.0
Blue,土城,2019-09-17,15413.0
Blue,海山,2019-09-17,46899.0
Blue,亞東醫院,2019-09-17,54460.0
Blue,府中,2019-09-17,61357.0
Blue,板橋,2019-09-17,82140.0
Blue,新埔,2019-09-17,90353.0
Blue,江子翠,2019-09-17,54921.0
Blue,龍山寺,2019-09-17,60514.0
Blue,西門,2019-09-17,75759.0
Blue,善導寺,2019-09-17,51943.0
Blue,忠孝新生,2019-09-17,39753.5
Blue,忠孝敦化,2019-09-17,69571.0
Blue,國父紀念館,2019-09-17,44515.0
Blue,市政府,2019-09-17,121170.0
Blue,永春,2019-09-17,43051.0
Blue,後山埤,2019-09-17,33416.0
Blue,昆陽,2019-09-17,30336.0
Blue,南港,2019-09-17,37706.0
Blue,忠孝復興,2019-09-17,53769.0
Blue,南港展覽館,2019-09-17,38349.5
Blue,台北車站,2019-09-18,136040.0
Blue,頂埔,2019-09-18,18325.0
Blue,永寧,2019-09-18,28125.0
Blue,土城,2019-09-18,15252.0
Blue,海山,2019-09-18,46444.0
Blue,亞東醫院,2019-09-18,54009.0
Blue,府中,2019-09-18,61684.0
Blue,板橋,2019-09-18,82141.0
Blue,新埔,2019-09-18,90695.0
Blue,江子翠,2019-09-18,55230.0
Blue,龍山寺,2019-09-18,60102.0
Blue,西門,2019-09-18,76480.0
Blue,善導寺,2019-09-18,53136.0
Blue,忠孝新生,2019-09-18,39648.5
Blue,忠孝敦化,2019-09-18,72293.0
Blue,國父紀念館,2019-09-18,47276.0
Blue,市政府,2019-09-18,124244.0
Blue,永春,2019-09-18,44089.0
Blue,後山埤,2019-09-18,34052.0
Blue,昆陽,2019-09-18,30739.0
Blue,南港,2019-09-18,44672.0
Blue,忠孝復興,2019-09-18,55363.5
Blue,南港展覽館,2019-09-18,50182.0
Blue,台北車站,2019-09-19,139453.5
Blue,頂埔,2019-09-19,18170.0
Blue,永寧,2019-09-19,28368.0
Blue,土城,2019-09-19,15407.0
Blue,海山,2019-09-19,46851.0
Blue,亞東醫院,2019-09-19,54680.0
Blue,府中,2019-09-19,62522.0
Blue,板橋,2019-09-19,82964.0
Blue,新埔,2019-09-19,90408.0
Blue,江子翠,2019-09-19,54761.0
Blue,龍山寺,2019-09-19,61598.0
Blue,西門,2019-09-19,78719.0
Blue,善導寺,2019-09-19,52830.0
Blue,忠孝新生,2019-09-19,40877.0
Blue,忠孝敦化,2019-09-19,74672.0
Blue,國父紀念館,2019-09-19,47230.0
Blue,市政府,2019-09-19,125297.0
Blue,永春,2019-09-19,43826.0
Blue,後山埤,2019-09-19,34155.0
Blue,昆陽,2019-09-19,31406.0
Blue,南港,2019-09-19,46102.0
Blue,忠孝復興,2019-09-19,56166.0
Blue,南港展覽館,2019-09-19,52523.5
Blue,台北車站,2019-09-20,174986.5
Blue,頂埔,2019-09-20,19070.0
Blue,永寧,2019-09-20,30449.0
Blue,土城,2019-09-20,16367.0
Blue,海山,2019-09-20,49099.0
Blue,亞東醫院,2019-09-20,55986.0
Blue,府中,2019-09-20,67543.0
Blue,板橋,2019-09-20,97946.0
Blue,新埔,2019-09-20,96094.0
Blue,江子翠,2019-09-20,58087.0
Blue,龍山寺,2019-09-20,63604.0
Blue,西門,2019-09-20,92840.0
Blue,善導寺,2019-09-20,56560.0
Blue,忠孝新生,2019-09-20,47297.0
Blue,忠孝敦化,2019-09-20,84560.0
Blue,國父紀念館,2019-09-20,52257.0
Blue,市政府,2019-09-20,151607.0
Blue,永春,2019-09-20,48387.0
Blue,後山埤,2019-09-20,36773.0
Blue,昆陽,2019-09-20,32884.0
Blue,南港,2019-09-20,53357.0
Blue,忠孝復興,2019-09-20,66144.0
Blue,南港展覽館,2019-09-20,52853.5
Blue,台北車站,2019-09-21,180355.5
Blue,頂埔,2019-09-21,13518.0
Blue,永寧,2019-09-21,23509.0
Blue,土城,2019-09-21,13108.0
Blue,海山,2019-09-21,37998.0
Blue,亞東醫院,2019-09-21,36947.0
Blue,府中,2019-09-21,62510.0
Blue,板橋,2019-09-21,89368.0
Blue,新埔,2019-09-21,72948.0
Blue,江子翠,2019-09-21,46272.0
Blue,龍山寺,2019-09-21,60687.0
Blue,西門,2019-09-21,110784.5
Blue,善導寺,2019-09-21,38007.0
Blue,忠孝新生,2019-09-21,44991.5
Blue,忠孝敦化,2019-09-21,76077.0
Blue,國父紀念館,2019-09-21,44200.0
Blue,市政府,2019-09-21,121554.0
Blue,永春,2019-09-21,33936.0
Blue,後山埤,2019-09-21,30573.0
Blue,昆陽,2019-09-21,19578.0
Blue,南港,2019-09-21,32768.0
Blue,忠孝復興,2019-09-21,66836.0
Blue,南港展覽館,2019-09-21,23124.5
Blue,台北車站,2019-09-22,162229.0
Blue,頂埔,2019-09-22,12694.0
Blue,永寧,2019-09-22,22081.0
Blue,土城,2019-09-22,11264.0
Blue,海山,2019-09-22,32597.0
Blue,亞東醫院,2019-09-22,29820.0
Blue,府中,2019-09-22,52288.0
Blue,板橋,2019-09-22,81221.0
Blue,新埔,2019-09-22,62969.0
Blue,江子翠,2019-09-22,38475.0
Blue,龍山寺,2019-09-22,58195.0
Blue,西門,2019-09-22,97707.0
Blue,善導寺,2019-09-22,28966.0
Blue,忠孝新生,2019-09-22,40015.0
Blue,忠孝敦化,2019-09-22,57487.0
Blue,國父紀念館,2019-09-22,35168.0
Blue,市政府,2019-09-22,104632.0
Blue,永春,2019-09-22,27391.0
Blue,後山埤,2019-09-22,25470.0
Blue,昆陽,2019-09-22,16854.0
Blue,南港,2019-09-22,28432.0
Blue,忠孝復興,2019-09-22,53765.5
Blue,南港展覽館,2019-09-22,20728.5
Blue,台北車站,2019-09-23,135071.5
Blue,頂埔,2019-09-23,18177.0
Blue,永寧,2019-09-23,27869.0
Blue,土城,2019-09-23,15330.0
Blue,海山,2019-09-23,45987.0
Blue,亞東醫院,2019-09-23,53208.0
Blue,府中,2019-09-23,59581.0
Blue,板橋,2019-09-23,81096.0
Blue,新埔,2019-09-23,87174.0
Blue,江子翠,2019-09-23,53213.0
Blue,龍山寺,2019-09-23,61060.0
Blue,西門,2019-09-23,76214.5
Blue,善導寺,2019-09-23,47442.0
Blue,忠孝新生,2019-09-23,38613.0
Blue,忠孝敦化,2019-09-23,67548.0
Blue,國父紀念館,2019-09-23,42271.0
Blue,市政府,2019-09-23,121200.0
Blue,永春,2019-09-23,41372.0
Blue,後山埤,2019-09-23,33305.0
Blue,昆陽,2019-09-23,30420.0
Blue,南港,2019-09-23,36594.0
Blue,忠孝復興,2019-09-23,52182.5
Blue,南港展覽館,2019-09-23,35312.5
Blue,台北車站,2019-09-24,131191.5
Blue,頂埔,2019-09-24,18114.0
Blue,永寧,2019-09-24,28250.0
Blue,土城,2019-09-24,15303.0
Blue,海山,2019-09-24,46828.0
Blue,亞東醫院,2019-09-24,54478.0
Blue,府中,2019-09-24,61998.0
Blue,板橋,2019-09-24,81653.0
Blue,新埔,2019-09-24,89451.0
Blue,江子翠,2019-09-24,53934.0
Blue,龍山寺,2019-09-24,61159.0
Blue,西門,2019-09-24,76499.0
Blue,善導寺,2019-09-24,51751.0
Blue,忠孝新生,2019-09-24,39182.5
Blue,忠孝敦化,2019-09-24,70608.0
Blue,國父紀念館,2019-09-24,44066.0
Blue,市政府,2019-09-24,121361.0
Blue,永春,2019-09-24,43385.0
Blue,後山埤,2019-09-24,33665.0
Blue,昆陽,2019-09-24,30113.0
Blue,南港,2019-09-24,36707.0
Blue,忠孝復興,2019-09-24,54608.5
Blue,南港展覽館,2019-09-24,36242.5
Blue,台北車站,2019-09-25,134446.0
Blue,頂埔,2019-09-25,18337.0
Blue,永寧,2019-09-25,28642.0
Blue,土城,2019-09-25,15851.0
Blue,海山,2019-09-25,47239.0
Blue,亞東醫院,2019-09-25,54788.0
Blue,府中,2019-09-25,62195.0
Blue,板橋,2019-09-25,82364.0
Blue,新埔,2019-09-25,90305.0
Blue,江子翠,2019-09-25,55139.0
Blue,龍山寺,2019-09-25,61989.0
Blue,西門,2019-09-25,79116.5
Blue,善導寺,2019-09-25,52743.0
Blue,忠孝新生,2019-09-25,39796.5
Blue,忠孝敦化,2019-09-25,72883.0
Blue,國父紀念館,2019-09-25,46053.0
Blue,市政府,2019-09-25,126201.0
Blue,永春,2019-09-25,43333.0
Blue,後山埤,2019-09-25,34162.0
Blue,昆陽,2019-09-25,31224.0
Blue,南港,2019-09-25,38138.0
Blue,忠孝復興,2019-09-25,56105.5
Blue,南港展覽館,2019-09-25,36780.5
Blue,台北車站,2019-09-26,138170.0
Blue,頂埔,2019-09-26,18115.0
Blue,永寧,2019-09-26,28750.0
Blue,土城,2019-09-26,15258.0
Blue,海山,2019-09-26,46966.0
Blue,亞東醫院,2019-09-26,54127.0
Blue,府中,2019-09-26,62157.0
Blue,板橋,2019-09-26,83862.0
Blue,新埔,2019-09-26,90405.0
Blue,江子翠,2019-09-26,55343.0
Blue,龍山寺,2019-09-26,61217.0
Blue,西門,2019-09-26,79408.5
Blue,善導寺,2019-09-26,53875.0
Blue,忠孝新生,2019-09-26,40950.0
Blue,忠孝敦化,2019-09-26,73437.0
Blue,國父紀念館,2019-09-26,45449.0
Blue,市政府,2019-09-26,128003.0
Blue,永春,2019-09-26,43894.0
Blue,後山埤,2019-09-26,34015.0
Blue,昆陽,2019-09-26,31631.0
Blue,南港,2019-09-26,38454.0
Blue,忠孝復興,2019-09-26,56321.5
Blue,南港展覽館,2019-09-26,37120.5
Blue,台北車站,2019-09-27,172848.0
Blue,頂埔,2019-09-27,19027.0
Blue,永寧,2019-09-27,31093.0
Blue,土城,2019-09-27,16548.0
Blue,海山,2019-09-27,48787.0
Blue,亞東醫院,2019-09-27,55858.0
Blue,府中,2019-09-27,66629.0
Blue,板橋,2019-09-27,96026.0
Blue,新埔,2019-09-27,94568.0
Blue,江子翠,2019-09-27,57395.0
Blue,龍山寺,2019-09-27,63284.0
Blue,西門,2019-09-27,91573.0
Blue,善導寺,2019-09-27,55631.0
Blue,忠孝新生,2019-09-27,45658.0
Blue,忠孝敦化,2019-09-27,82960.0
Blue,國父紀念館,2019-09-27,49911.0
Blue,市政府,2019-09-27,146641.0
Blue,永春,2019-09-27,46803.0
Blue,後山埤,2019-09-27,37069.0
Blue,昆陽,2019-09-27,32282.0
Blue,南港,2019-09-27,45271.0
Blue,忠孝復興,2019-09-27,64470.0
Blue,南港展覽館,2019-09-27,42995.5
Blue,台北車站,2019-09-28,183291.0
Blue,頂埔,2019-09-28,13623.0
Blue,永寧,2019-09-28,24434.0
Blue,土城,2019-09-28,12604.0
Blue,海山,2019-09-28,35822.0
Blue,亞東醫院,2019-09-28,34123.0
Blue,府中,2019-09-28,62061.0
Blue,板橋,2019-09-28,90308.0
Blue,新埔,2019-09-28,71849.0
Blue,江子翠,2019-09-28,45299.0
Blue,龍山寺,2019-09-28,58534.0
Blue,西門,2019-09-28,104315.0
Blue,善導寺,2019-09-28,37917.0
Blue,忠孝新生,2019-09-28,41758.5
Blue,忠孝敦化,2019-09-28,72148.0
Blue,國父紀念館,2019-09-28,40930.0
Blue,市政府,2019-09-28,119215.0
Blue,永春,2019-09-28,32613.0
Blue,後山埤,2019-09-28,28641.0
Blue,昆陽,2019-09-28,18767.0
Blue,南港,2019-09-28,35663.0
Blue,忠孝復興,2019-09-28,63640.0
Blue,南港展覽館,2019-09-28,33631.0
Blue,台北車站,2019-09-29,176340.5
Blue,頂埔,2019-09-29,12789.0
Blue,永寧,2019-09-29,22470.0
Blue,土城,2019-09-29,11265.0
Blue,海山,2019-09-29,32325.0
Blue,亞東醫院,2019-09-29,30632.0
Blue,府中,2019-09-29,54165.0
Blue,板橋,2019-09-29,84305.0
Blue,新埔,2019-09-29,61671.0
Blue,江子翠,2019-09-29,39202.0
Blue,龍山寺,2019-09-29,57768.0
Blue,西門,2019-09-29,97650.5
Blue,善導寺,2019-09-29,38967.0
Blue,忠孝新生,2019-09-29,36498.0
Blue,忠孝敦化,2019-09-29,57166.0
Blue,國父紀念館,2019-09-29,35600.0
Blue,市政府,2019-09-29,105808.0
Blue,永春,2019-09-29,29331.0
Blue,後山埤,2019-09-29,26141.0
Blue,昆陽,2019-09-29,16992.0
Blue,南港,2019-09-29,31631.0
Blue,忠孝復興,2019-09-29,53862.0
Blue,南港展覽館,2019-09-29,28944.5
Blue,台北車站,2019-09-30,66858.0
Blue,頂埔,2019-09-30,5628.0
Blue,永寧,2019-09-30,6788.0
Blue,土城,2019-09-30,4787.0
Blue,海山,2019-09-30,13621.0
Blue,亞東醫院,2019-09-30,14834.0
Blue,府中,2019-09-30,20890.0
Blue,板橋,2019-09-30,33447.0
Blue,新埔,2019-09-30,28211.0
Blue,江子翠,2019-09-30,17502.0
Blue,龍山寺,2019-09-30,26027.0
Blue,西門,2019-09-30,42331.5
Blue,善導寺,2019-09-30,9496.0
Blue,忠孝新生,2019-09-30,12276.0
Blue,忠孝敦化,2019-09-30,23132.0
Blue,國父紀念館,2019-09-30,11308.0
Blue,市政府,2019-09-30,44567.0
Blue,永春,2019-09-30,13320.0
Blue,後山埤,2019-09-30,11529.0
Blue,昆陽,2019-09-30,7398.0
Blue,南港,2019-09-30,13188.0
Blue,忠孝復興,2019-09-30,26000.0
Blue,南港展覽館,2019-09-30,11460.0
Blue,台北車站,2019-10-01,134377.5
Blue,頂埔,2019-10-01,18486.0
Blue,永寧,2019-10-01,28130.0
Blue,土城,2019-10-01,15569.0
Blue,海山,2019-10-01,47330.0
Blue,亞東醫院,2019-10-01,55259.0
Blue,府中,2019-10-01,62186.0
Blue,板橋,2019-10-01,82757.0
Blue,新埔,2019-10-01,90621.0
Blue,江子翠,2019-10-01,55345.0
Blue,龍山寺,2019-10-01,62855.0
Blue,西門,2019-10-01,78945.0
Blue,善導寺,2019-10-01,53411.0
Blue,忠孝新生,2019-10-01,40324.0
Blue,忠孝敦化,2019-10-01,72130.0
Blue,國父紀念館,2019-10-01,44009.0
Blue,市政府,2019-10-01,125117.0
Blue,永春,2019-10-01,45030.0
Blue,後山埤,2019-10-01,34460.0
Blue,昆陽,2019-10-01,30747.0
Blue,南港,2019-10-01,37451.0
Blue,忠孝復興,2019-10-01,55967.5
Blue,南港展覽館,2019-10-01,36898.5
Blue,台北車站,2019-10-02,134308.5
Blue,頂埔,2019-10-02,18623.0
Blue,永寧,2019-10-02,28618.0
Blue,土城,2019-10-02,15957.0
Blue,海山,2019-10-02,47613.0
Blue,亞東醫院,2019-10-02,55660.0
Blue,府中,2019-10-02,62943.0
Blue,板橋,2019-10-02,84207.0
Blue,新埔,2019-10-02,91524.0
Blue,江子翠,2019-10-02,55884.0
Blue,龍山寺,2019-10-02,62658.0
Blue,西門,2019-10-02,80209.5
Blue,善導寺,2019-10-02,54581.0
Blue,忠孝新生,2019-10-02,40662.5
Blue,忠孝敦化,2019-10-02,72737.0
Blue,國父紀念館,2019-10-02,45970.0
Blue,市政府,2019-10-02,129663.0
Blue,永春,2019-10-02,44414.0
Blue,後山埤,2019-10-02,34398.0
Blue,昆陽,2019-10-02,31161.0
Blue,南港,2019-10-02,38380.0
Blue,忠孝復興,2019-10-02,57353.0
Blue,南港展覽館,2019-10-02,37254.5
Blue,台北車站,2019-10-03,138236.5
Blue,頂埔,2019-10-03,18845.0
Blue,永寧,2019-10-03,28702.0
Blue,土城,2019-10-03,15718.0
Blue,海山,2019-10-03,47251.0
Blue,亞東醫院,2019-10-03,54993.0
Blue,府中,2019-10-03,62573.0
Blue,板橋,2019-10-03,83404.0
Blue,新埔,2019-10-03,91396.0
Blue,江子翠,2019-10-03,55812.0
Blue,龍山寺,2019-10-03,62597.0
Blue,西門,2019-10-03,81585.5
Blue,善導寺,2019-10-03,53432.0
Blue,忠孝新生,2019-10-03,40411.0
Blue,忠孝敦化,2019-10-03,74278.0
Blue,國父紀念館,2019-10-03,46025.0
Blue,市政府,2019-10-03,130408.0
Blue,永春,2019-10-03,43914.0
Blue,後山埤,2019-10-03,34333.0
Blue,昆陽,2019-10-03,31689.0
Blue,南港,2019-10-03,38193.0
Blue,忠孝復興,2019-10-03,58227.5
Blue,南港展覽館,2019-10-03,36970.0
Blue,台北車站,2019-10-04,157372.0
Blue,頂埔,2019-10-04,18896.0
Blue,永寧,2019-10-04,29689.0
Blue,土城,2019-10-04,16484.0
Blue,海山,2019-10-04,48367.0
Blue,亞東醫院,2019-10-04,55535.0
Blue,府中,2019-10-04,65854.0
Blue,板橋,2019-10-04,90042.0
Blue,新埔,2019-10-04,92948.0
Blue,江子翠,2019-10-04,56755.0
Blue,龍山寺,2019-10-04,65578.0
Blue,西門,2019-10-04,91793.5
Blue,善導寺,2019-10-04,55079.0
Blue,忠孝新生,2019-10-04,45454.0
Blue,忠孝敦化,2019-10-04,80693.0
Blue,國父紀念館,2019-10-04,50389.0
Blue,市政府,2019-10-04,141704.0
Blue,永春,2019-10-04,45442.0
Blue,後山埤,2019-10-04,36169.0
Blue,昆陽,2019-10-04,32050.0
Blue,南港,2019-10-04,41928.0
Blue,忠孝復興,2019-10-04,63347.5
Blue,南港展覽館,2019-10-04,38137.0
Blue,台北車站,2019-10-05,167232.5
Blue,頂埔,2019-10-05,18510.0
Blue,永寧,2019-10-05,28883.0
Blue,土城,2019-10-05,16583.0
Blue,海山,2019-10-05,45402.0
Blue,亞東醫院,2019-10-05,46045.0
Blue,府中,2019-10-05,66194.0
Blue,板橋,2019-10-05,93935.0
Blue,新埔,2019-10-05,84589.0
Blue,江子翠,2019-10-05,54376.0
Blue,龍山寺,2019-10-05,68419.0
Blue,西門,2019-10-05,107826.5
Blue,善導寺,2019-10-05,47810.0
Blue,忠孝新生,2019-10-05,43883.0
Blue,忠孝敦化,2019-10-05,82049.0
Blue,國父紀念館,2019-10-05,52197.0
Blue,市政府,2019-10-05,145585.0
Blue,永春,2019-10-05,43627.0
Blue,後山埤,2019-10-05,34254.0
Blue,昆陽,2019-10-05,28779.0
Blue,南港,2019-10-05,40167.0
Blue,忠孝復興,2019-10-05,68441.0
Blue,南港展覽館,2019-10-05,32501.5
Blue,台北車站,2019-10-06,154713.0
Blue,頂埔,2019-10-06,12972.0
Blue,永寧,2019-10-06,21959.0
Blue,土城,2019-10-06,12947.0
Blue,海山,2019-10-06,32350.0
Blue,亞東醫院,2019-10-06,30086.0
Blue,府中,2019-10-06,52211.0
Blue,板橋,2019-10-06,76847.0
Blue,新埔,2019-10-06,60620.0
Blue,江子翠,2019-10-06,39037.0
Blue,龍山寺,2019-10-06,58858.0
Blue,西門,2019-10-06,96864.0
Blue,善導寺,2019-10-06,30100.0
Blue,忠孝新生,2019-10-06,38296.0
Blue,忠孝敦化,2019-10-06,56521.0
Blue,國父紀念館,2019-10-06,32947.0
Blue,市政府,2019-10-06,104224.0
Blue,永春,2019-10-06,28537.0
Blue,後山埤,2019-10-06,25553.0
Blue,昆陽,2019-10-06,17399.0
Blue,南港,2019-10-06,27932.0
Blue,忠孝復興,2019-10-06,51361.0
Blue,南港展覽館,2019-10-06,21646.5
Blue,台北車站,2019-10-07,136086.5
Blue,頂埔,2019-10-07,18699.0
Blue,永寧,2019-10-07,28126.0
Blue,土城,2019-10-07,15603.0
Blue,海山,2019-10-07,46130.0
Blue,亞東醫院,2019-10-07,53542.0
Blue,府中,2019-10-07,59680.0
Blue,板橋,2019-10-07,82240.0
Blue,新埔,2019-10-07,87810.0
Blue,江子翠,2019-10-07,53673.0
Blue,龍山寺,2019-10-07,60843.0
Blue,西門,2019-10-07,77647.5
Blue,善導寺,2019-10-07,49876.0
Blue,忠孝新生,2019-10-07,39636.0
Blue,忠孝敦化,2019-10-07,69267.0
Blue,國父紀念館,2019-10-07,43234.0
Blue,市政府,2019-10-07,125979.0
Blue,永春,2019-10-07,41979.0
Blue,後山埤,2019-10-07,33791.0
Blue,昆陽,2019-10-07,30978.0
Blue,南港,2019-10-07,39079.0
Blue,忠孝復興,2019-10-07,54108.5
Blue,南港展覽館,2019-10-07,41555.5
Blue,台北車站,2019-10-08,139518.0
Blue,頂埔,2019-10-08,18660.0
Blue,永寧,2019-10-08,28626.0
Blue,土城,2019-10-08,15686.0
Blue,海山,2019-10-08,47103.0
Blue,亞東醫院,2019-10-08,55023.0
Blue,府中,2019-10-08,61865.0
Blue,板橋,2019-10-08,85453.0
Blue,新埔,2019-10-08,89937.0
Blue,江子翠,2019-10-08,55114.0
Blue,龍山寺,2019-10-08,62870.0
Blue,西門,2019-10-08,81206.5
Blue,善導寺,2019-10-08,51469.0
Blue,忠孝新生,2019-10-08,40211.5
Blue,忠孝敦化,2019-10-08,72440.0
Blue,國父紀念館,2019-10-08,45881.0
Blue,市政府,2019-10-08,126946.0
Blue,永春,2019-10-08,43275.0
Blue,後山埤,2019-10-08,34548.0
Blue,昆陽,2019-10-08,30705.0
Blue,南港,2019-10-08,40940.0
Blue,忠孝復興,2019-10-08,56488.5
Blue,南港展覽館,2019-10-08,43980.0
Blue,台北車站,2019-10-09,171650.0
Blue,頂埔,2019-10-09,19813.0
Blue,永寧,2019-10-09,31718.0
Blue,土城,2019-10-09,16312.0
Blue,海山,2019-10-09,49553.0
Blue,亞東醫院,2019-10-09,56316.0
Blue,府中,2019-10-09,65960.0
Blue,板橋,2019-10-09,95253.0
Blue,新埔,2019-10-09,93981.0
Blue,江子翠,2019-10-09,57181.0
Blue,龍山寺,2019-10-09,63771.0
Blue,西門,2019-10-09,89847.5
Blue,善導寺,2019-10-09,52930.0
Blue,忠孝新生,2019-10-09,43879.0
Blue,忠孝敦化,2019-10-09,77212.0
Blue,國父紀念館,2019-10-09,48357.0
Blue,市政府,2019-10-09,145831.0
Blue,永春,2019-10-09,45174.0
Blue,後山埤,2019-10-09,35746.0
Blue,昆陽,2019-10-09,32004.0
Blue,南港,2019-10-09,49363.0
Blue,忠孝復興,2019-10-09,60901.5
Blue,南港展覽館,2019-10-09,43578.0
Blue,台北車站,2019-10-10,170518.0
Blue,頂埔,2019-10-10,13475.0
Blue,永寧,2019-10-10,24277.0
Blue,土城,2019-10-10,12284.0
Blue,海山,2019-10-10,35493.0
Blue,亞東醫院,2019-10-10,31023.0
Blue,府中,2019-10-10,56095.0
Blue,板橋,2019-10-10,86684.0
Blue,新埔,2019-10-10,63772.0
Blue,江子翠,2019-10-10,40224.0
Blue,龍山寺,2019-10-10,62042.0
Blue,西門,2019-10-10,116367.5
Blue,善導寺,2019-10-10,23498.0
Blue,忠孝新生,2019-10-10,38472.5
Blue,忠孝敦化,2019-10-10,62851.0
Blue,國父紀念館,2019-10-10,43762.0
Blue,市政府,2019-10-10,127010.0
Blue,永春,2019-10-10,27448.0
Blue,後山埤,2019-10-10,27491.0
Blue,昆陽,2019-10-10,17298.0
Blue,南港,2019-10-10,37990.0
Blue,忠孝復興,2019-10-10,58493.5
Blue,南港展覽館,2019-10-10,22148.5
Blue,台北車站,2019-10-11,164848.0
Blue,頂埔,2019-10-11,13675.0
Blue,永寧,2019-10-11,24934.0
Blue,土城,2019-10-11,12742.0
Blue,海山,2019-10-11,34965.0
Blue,亞東醫院,2019-10-11,36603.0
Blue,府中,2019-10-11,57148.0
Blue,板橋,2019-10-11,84738.0
Blue,新埔,2019-10-11,63339.0
Blue,江子翠,2019-10-11,39382.0
Blue,龍山寺,2019-10-11,64800.0
Blue,西門,2019-10-11,115138.0
Blue,善導寺,2019-10-11,24572.0
Blue,忠孝新生,2019-10-11,39911.5
Blue,忠孝敦化,2019-10-11,64680.0
Blue,國父紀念館,2019-10-11,35502.0
Blue,市政府,2019-10-11,123869.0
Blue,永春,2019-10-11,27045.0
Blue,後山埤,2019-10-11,27387.0
Blue,昆陽,2019-10-11,17012.0
Blue,南港,2019-10-11,32786.0
Blue,忠孝復興,2019-10-11,59715.0
Blue,南港展覽館,2019-10-11,21805.0
Blue,台北車站,2019-10-12,171148.0
Blue,頂埔,2019-10-12,14339.0
Blue,永寧,2019-10-12,25798.0
Blue,土城,2019-10-12,12955.0
Blue,海山,2019-10-12,36446.0
Blue,亞東醫院,2019-10-12,34823.0
Blue,府中,2019-10-12,59900.0
Blue,板橋,2019-10-12,86494.0
Blue,新埔,2019-10-12,64868.0
Blue,江子翠,2019-10-12,40938.0
Blue,龍山寺,2019-10-12,66393.0
Blue,西門,2019-10-12,111474.5
Blue,善導寺,2019-10-12,28988.0
Blue,忠孝新生,2019-10-12,39645.5
Blue,忠孝敦化,2019-10-12,62375.0
Blue,國父紀念館,2019-10-12,37828.0
Blue,市政府,2019-10-12,119757.0
Blue,永春,2019-10-12,29451.0
Blue,後山埤,2019-10-12,27228.0
Blue,昆陽,2019-10-12,17360.0
Blue,南港,2019-10-12,33041.0
Blue,忠孝復興,2019-10-12,57346.5
Blue,南港展覽館,2019-10-12,24290.0
Blue,台北車站,2019-10-13,170133.5
Blue,頂埔,2019-10-13,13605.0
Blue,永寧,2019-10-13,22044.0
Blue,土城,2019-10-13,11217.0
Blue,海山,2019-10-13,31907.0
Blue,亞東醫院,2019-10-13,28566.0
Blue,府中,2019-10-13,50361.0
Blue,板橋,2019-10-13,78704.0
Blue,新埔,2019-10-13,58358.0
Blue,江子翠,2019-10-13,36735.0
Blue,龍山寺,2019-10-13,58995.0
Blue,西門,2019-10-13,90648.5
Blue,善導寺,2019-10-13,24959.0
Blue,忠孝新生,2019-10-13,33454.5
Blue,忠孝敦化,2019-10-13,49768.0
Blue,國父紀念館,2019-10-13,29762.0
Blue,市政府,2019-10-13,106264.0
Blue,永春,2019-10-13,25922.0
Blue,後山埤,2019-10-13,25472.0
Blue,昆陽,2019-10-13,15874.0
Blue,南港,2019-10-13,31860.0
Blue,忠孝復興,2019-10-13,46991.0
Blue,南港展覽館,2019-10-13,25008.5
Blue,台北車站,2019-10-14,137770.0
Blue,頂埔,2019-10-14,18301.0
Blue,永寧,2019-10-14,27625.0
Blue,土城,2019-10-14,15402.0
Blue,海山,2019-10-14,45904.0
Blue,亞東醫院,2019-10-14,52855.0
Blue,府中,2019-10-14,58813.0
Blue,板橋,2019-10-14,81160.0
Blue,新埔,2019-10-14,86964.0
Blue,江子翠,2019-10-14,52916.0
Blue,龍山寺,2019-10-14,59216.0
Blue,西門,2019-10-14,73175.0
Blue,善導寺,2019-10-14,47235.0
Blue,忠孝新生,2019-10-14,37243.0
Blue,忠孝敦化,2019-10-14,66115.0
Blue,國父紀念館,2019-10-14,41062.0
Blue,市政府,2019-10-14,120777.0
Blue,永春,2019-10-14,41718.0
Blue,後山埤,2019-10-14,32897.0
Blue,昆陽,2019-10-14,30241.0
Blue,南港,2019-10-14,37038.0
Blue,忠孝復興,2019-10-14,50722.5
Blue,南港展覽館,2019-10-14,35411.5
Blue,台北車站,2019-10-15,129994.0
Blue,頂埔,2019-10-15,18211.0
Blue,永寧,2019-10-15,28007.0
Blue,土城,2019-10-15,15023.0
Blue,海山,2019-10-15,46305.0
Blue,亞東醫院,2019-10-15,54239.0
Blue,府中,2019-10-15,61467.0
Blue,板橋,2019-10-15,81221.0
Blue,新埔,2019-10-15,88962.0
Blue,江子翠,2019-10-15,54499.0
Blue,龍山寺,2019-10-15,59808.0
Blue,西門,2019-10-15,75816.0
Blue,善導寺,2019-10-15,51073.0
Blue,忠孝新生,2019-10-15,37649.5
Blue,忠孝敦化,2019-10-15,69625.0
Blue,國父紀念館,2019-10-15,43013.0
Blue,市政府,2019-10-15,122718.0
Blue,永春,2019-10-15,42688.0
Blue,後山埤,2019-10-15,33555.0
Blue,昆陽,2019-10-15,30127.0
Blue,南港,2019-10-15,37744.0
Blue,忠孝復興,2019-10-15,52832.5
Blue,南港展覽館,2019-10-15,37288.0
Blue,台北車站,2019-10-16,133919.5
Blue,頂埔,2019-10-16,18508.0
Blue,永寧,2019-10-16,28366.0
Blue,土城,2019-10-16,15503.0
Blue,海山,2019-10-16,46961.0
Blue,亞東醫院,2019-10-16,54776.0
Blue,府中,2019-10-16,61821.0
Blue,板橋,2019-10-16,82881.0
Blue,新埔,2019-10-16,89753.0
Blue,江子翠,2019-10-16,55322.0
Blue,龍山寺,2019-10-16,61521.0
Blue,西門,2019-10-16,78327.0
Blue,善導寺,2019-10-16,53294.0
Blue,忠孝新生,2019-10-16,38982.5
Blue,忠孝敦化,2019-10-16,71637.0
Blue,國父紀念館,2019-10-16,45036.0
Blue,市政府,2019-10-16,125949.0
Blue,永春,2019-10-16,43575.0
Blue,後山埤,2019-10-16,34598.0
Blue,昆陽,2019-10-16,30655.0
Blue,南港,2019-10-16,40809.0
Blue,忠孝復興,2019-10-16,54104.0
Blue,南港展覽館,2019-10-16,44264.5
Blue,台北車站,2019-10-17,137054.5
Blue,頂埔,2019-10-17,18515.0
Blue,永寧,2019-10-17,28748.0
Blue,土城,2019-10-17,15698.0
Blue,海山,2019-10-17,47348.0
Blue,亞東醫院,2019-10-17,54616.0
Blue,府中,2019-10-17,62998.0
Blue,板橋,2019-10-17,83976.0
Blue,新埔,2019-10-17,90536.0
Blue,江子翠,2019-10-17,55554.0
Blue,龍山寺,2019-10-17,68528.0
Blue,西門,2019-10-17,80269.0
Blue,善導寺,2019-10-17,53982.0
Blue,忠孝新生,2019-10-17,39657.0
Blue,忠孝敦化,2019-10-17,71966.0
Blue,國父紀念館,2019-10-17,45720.0
Blue,市政府,2019-10-17,142618.0
Blue,永春,2019-10-17,43581.0
Blue,後山埤,2019-10-17,34434.0
Blue,昆陽,2019-10-17,32147.0
Blue,南港,2019-10-17,41337.0
Blue,忠孝復興,2019-10-17,55129.0
Blue,南港展覽館,2019-10-17,45534.5
Blue,台北車站,2019-10-18,165373.5
Blue,頂埔,2019-10-18,19516.0
Blue,永寧,2019-10-18,30947.0
Blue,土城,2019-10-18,16290.0
Blue,海山,2019-10-18,49419.0
Blue,亞東醫院,2019-10-18,55601.0
Blue,府中,2019-10-18,67614.0
Blue,板橋,2019-10-18,92848.0
Blue,新埔,2019-10-18,93707.0
Blue,江子翠,2019-10-18,57578.0
Blue,龍山寺,2019-10-18,67444.0
Blue,西門,2019-10-18,93640.0
Blue,善導寺,2019-10-18,53733.0
Blue,忠孝新生,2019-10-18,44268.0
Blue,忠孝敦化,2019-10-18,81957.0
Blue,國父紀念館,2019-10-18,53007.0
Blue,市政府,2019-10-18,157882.0
Blue,永春,2019-10-18,45414.0
Blue,後山埤,2019-10-18,36771.0
Blue,昆陽,2019-10-18,32614.0
Blue,南港,2019-10-18,45468.0
Blue,忠孝復興,2019-10-18,62052.0
Blue,南港展覽館,2019-10-18,46100.0
Blue,台北車站,2019-10-19,176630.0
Blue,頂埔,2019-10-19,14470.0
Blue,永寧,2019-10-19,25980.0
Blue,土城,2019-10-19,14163.0
Blue,海山,2019-10-19,39295.0
Blue,亞東醫院,2019-10-19,41620.0
Blue,府中,2019-10-19,65162.0
Blue,板橋,2019-10-19,89155.0
Blue,新埔,2019-10-19,75489.0
Blue,江子翠,2019-10-19,47930.0
Blue,龍山寺,2019-10-19,73601.0
Blue,西門,2019-10-19,114664.5
Blue,善導寺,2019-10-19,37984.0
Blue,忠孝新生,2019-10-19,41522.5
Blue,忠孝敦化,2019-10-19,76507.0
Blue,國父紀念館,2019-10-19,49682.0
Blue,市政府,2019-10-19,152974.0
Blue,永春,2019-10-19,33869.0
Blue,後山埤,2019-10-19,32619.0
Blue,昆陽,2019-10-19,20352.0
Blue,南港,2019-10-19,34070.0
Blue,忠孝復興,2019-10-19,64467.5
Blue,南港展覽館,2019-10-19,25639.5
Blue,台北車站,2019-10-20,162867.5
Blue,頂埔,2019-10-20,12953.0
Blue,永寧,2019-10-20,23095.0
Blue,土城,2019-10-20,12171.0
Blue,海山,2019-10-20,33045.0
Blue,亞東醫院,2019-10-20,30519.0
Blue,府中,2019-10-20,54885.0
Blue,板橋,2019-10-20,80151.0
Blue,新埔,2019-10-20,63547.0
Blue,江子翠,2019-10-20,39471.0
Blue,龍山寺,2019-10-20,61315.0
Blue,西門,2019-10-20,98635.0
Blue,善導寺,2019-10-20,29243.0
Blue,忠孝新生,2019-10-20,34477.5
Blue,忠孝敦化,2019-10-20,57009.0
Blue,國父紀念館,2019-10-20,36120.0
Blue,市政府,2019-10-20,125050.0
Blue,永春,2019-10-20,27629.0
Blue,後山埤,2019-10-20,27158.0
Blue,昆陽,2019-10-20,17077.0
Blue,南港,2019-10-20,29636.0
Blue,忠孝復興,2019-10-20,51332.0
Blue,南港展覽館,2019-10-20,21431.0
Blue,台北車站,2019-10-21,137824.5
Blue,頂埔,2019-10-21,18209.0
Blue,永寧,2019-10-21,27712.0
Blue,土城,2019-10-21,15239.0
Blue,海山,2019-10-21,46113.0
Blue,亞東醫院,2019-10-21,52568.0
Blue,府中,2019-10-21,59829.0
Blue,板橋,2019-10-21,81520.0
Blue,新埔,2019-10-21,86579.0
Blue,江子翠,2019-10-21,53029.0
Blue,龍山寺,2019-10-21,64145.0
Blue,西門,2019-10-21,80117.0
Blue,善導寺,2019-10-21,47625.0
Blue,忠孝新生,2019-10-21,37597.0
Blue,忠孝敦化,2019-10-21,67584.0
Blue,國父紀念館,2019-10-21,42348.0
Blue,市政府,2019-10-21,129640.0
Blue,永春,2019-10-21,41305.0
Blue,後山埤,2019-10-21,33787.0
Blue,昆陽,2019-10-21,31025.0
Blue,南港,2019-10-21,37709.0
Blue,忠孝復興,2019-10-21,53263.0
Blue,南港展覽館,2019-10-21,36247.5
Blue,台北車站,2019-10-22,134209.5
Blue,頂埔,2019-10-22,18037.0
Blue,永寧,2019-10-22,28052.0
Blue,土城,2019-10-22,15307.0
Blue,海山,2019-10-22,46829.0
Blue,亞東醫院,2019-10-22,54236.0
Blue,府中,2019-10-22,61685.0
Blue,板橋,2019-10-22,81583.0
Blue,新埔,2019-10-22,89106.0
Blue,江子翠,2019-10-22,54736.0
Blue,龍山寺,2019-10-22,63856.0
Blue,西門,2019-10-22,80911.0
Blue,善導寺,2019-10-22,51905.0
Blue,忠孝新生,2019-10-22,38372.0
Blue,忠孝敦化,2019-10-22,71715.0
Blue,國父紀念館,2019-10-22,44603.0
Blue,市政府,2019-10-22,128519.0
Blue,永春,2019-10-22,43791.0
Blue,後山埤,2019-10-22,34247.0
Blue,昆陽,2019-10-22,30888.0
Blue,南港,2019-10-22,40685.0
Blue,忠孝復興,2019-10-22,54112.0
Blue,南港展覽館,2019-10-22,46451.0
Blue,台北車站,2019-10-23,136037.5
Blue,頂埔,2019-10-23,18603.0
Blue,永寧,2019-10-23,28607.0
Blue,土城,2019-10-23,15812.0
Blue,海山,2019-10-23,47105.0
Blue,亞東醫院,2019-10-23,53981.0
Blue,府中,2019-10-23,62339.0
Blue,板橋,2019-10-23,81687.0
Blue,新埔,2019-10-23,89659.0
Blue,江子翠,2019-10-23,55451.0
Blue,龍山寺,2019-10-23,63593.0
Blue,西門,2019-10-23,82419.0
Blue,善導寺,2019-10-23,53214.0
Blue,忠孝新生,2019-10-23,38761.0
Blue,忠孝敦化,2019-10-23,71828.0
Blue,國父紀念館,2019-10-23,45815.0
Blue,市政府,2019-10-23,130704.0
Blue,永春,2019-10-23,43534.0
Blue,後山埤,2019-10-23,34625.0
Blue,昆陽,2019-10-23,31278.0
Blue,南港,2019-10-23,40031.0
Blue,忠孝復興,2019-10-23,55429.0
Blue,南港展覽館,2019-10-23,41603.5
Blue,台北車站,2019-10-24,137685.0
Blue,頂埔,2019-10-24,18452.0
Blue,永寧,2019-10-24,28468.0
Blue,土城,2019-10-24,15239.0
Blue,海山,2019-10-24,47113.0
Blue,亞東醫院,2019-10-24,54184.0
Blue,府中,2019-10-24,62683.0
Blue,板橋,2019-10-24,86522.0
Blue,新埔,2019-10-24,89787.0
Blue,江子翠,2019-10-24,55254.0
Blue,龍山寺,2019-10-24,62786.0
Blue,西門,2019-10-24,83384.5
Blue,善導寺,2019-10-24,52527.0
Blue,忠孝新生,2019-10-24,38827.0
Blue,忠孝敦化,2019-10-24,73022.0
Blue,國父紀念館,2019-10-24,45171.0
Blue,市政府,2019-10-24,130748.0
Blue,永春,2019-10-24,43415.0
Blue,後山埤,2019-10-24,33674.0
Blue,昆陽,2019-10-24,31899.0
Blue,南港,2019-10-24,40605.0
Blue,忠孝復興,2019-10-24,56668.0
Blue,南港展覽館,2019-10-24,42008.5
Blue,台北車站,2019-10-25,171166.0
Blue,頂埔,2019-10-25,19543.0
Blue,永寧,2019-10-25,31017.0
Blue,土城,2019-10-25,16514.0
Blue,海山,2019-10-25,49220.0
Blue,亞東醫院,2019-10-25,55091.0
Blue,府中,2019-10-25,67751.0
Blue,板橋,2019-10-25,96923.0
Blue,新埔,2019-10-25,93793.0
Blue,江子翠,2019-10-25,58987.0
Blue,龍山寺,2019-10-25,68817.0
Blue,西門,2019-10-25,103105.5
Blue,善導寺,2019-10-25,54782.0
Blue,忠孝新生,2019-10-25,44869.0
Blue,忠孝敦化,2019-10-25,83935.0
Blue,國父紀念館,2019-10-25,50412.0
Blue,市政府,2019-10-25,151826.0
Blue,永春,2019-10-25,45982.0
Blue,後山埤,2019-10-25,36992.0
Blue,昆陽,2019-10-25,32930.0
Blue,南港,2019-10-25,46272.0
Blue,忠孝復興,2019-10-25,64746.0
Blue,南港展覽館,2019-10-25,43128.5
Blue,台北車站,2019-10-26,194045.5
Blue,頂埔,2019-10-26,15330.0
Blue,永寧,2019-10-26,28686.0
Blue,土城,2019-10-26,15140.0
Blue,海山,2019-10-26,41725.0
Blue,亞東醫院,2019-10-26,39647.0
Blue,府中,2019-10-26,77892.0
Blue,板橋,2019-10-26,99833.0
Blue,新埔,2019-10-26,78237.0
Blue,江子翠,2019-10-26,50795.0
Blue,龍山寺,2019-10-26,70862.0
Blue,西門,2019-10-26,134858.0
Blue,善導寺,2019-10-26,50572.0
Blue,忠孝新生,2019-10-26,54076.5
Blue,忠孝敦化,2019-10-26,81993.0
Blue,國父紀念館,2019-10-26,59703.0
Blue,市政府,2019-10-26,174079.0
Blue,永春,2019-10-26,35781.0
Blue,後山埤,2019-10-26,32395.0
Blue,昆陽,2019-10-26,20761.0
Blue,南港,2019-10-26,39272.0
Blue,忠孝復興,2019-10-26,71753.0
Blue,南港展覽館,2019-10-26,37827.0
Blue,台北車站,2019-10-27,164632.5
Blue,頂埔,2019-10-27,13216.0
Blue,永寧,2019-10-27,23742.0
Blue,土城,2019-10-27,11945.0
Blue,海山,2019-10-27,33259.0
Blue,亞東醫院,2019-10-27,30904.0
Blue,府中,2019-10-27,54853.0
Blue,板橋,2019-10-27,83421.0
Blue,新埔,2019-10-27,62859.0
Blue,江子翠,2019-10-27,40338.0
Blue,龍山寺,2019-10-27,59282.0
Blue,西門,2019-10-27,100329.0
Blue,善導寺,2019-10-27,31085.0
Blue,忠孝新生,2019-10-27,38451.0
Blue,忠孝敦化,2019-10-27,54306.0
Blue,國父紀念館,2019-10-27,36327.0
Blue,市政府,2019-10-27,115628.0
Blue,永春,2019-10-27,29160.0
Blue,後山埤,2019-10-27,26222.0
Blue,昆陽,2019-10-27,16937.0
Blue,南港,2019-10-27,31323.0
Blue,忠孝復興,2019-10-27,50119.5
Blue,南港展覽館,2019-10-27,22797.0
Blue,台北車站,2019-10-28,135929.5
Blue,頂埔,2019-10-28,18403.0
Blue,永寧,2019-10-28,28288.0
Blue,土城,2019-10-28,15280.0
Blue,海山,2019-10-28,46368.0
Blue,亞東醫院,2019-10-28,53584.0
Blue,府中,2019-10-28,60594.0
Blue,板橋,2019-10-28,82543.0
Blue,新埔,2019-10-28,87145.0
Blue,江子翠,2019-10-28,53352.0
Blue,龍山寺,2019-10-28,63879.0
Blue,西門,2019-10-28,79864.5
Blue,善導寺,2019-10-28,47319.0
Blue,忠孝新生,2019-10-28,37759.0
Blue,忠孝敦化,2019-10-28,67127.0
Blue,國父紀念館,2019-10-28,42188.0
Blue,市政府,2019-10-28,126471.0
Blue,永春,2019-10-28,41726.0
Blue,後山埤,2019-10-28,33341.0
Blue,昆陽,2019-10-28,30903.0
Blue,南港,2019-10-28,37816.0
Blue,忠孝復興,2019-10-28,52271.0
Blue,南港展覽館,2019-10-28,35648.0
Blue,台北車站,2019-10-29,129378.5
Blue,頂埔,2019-10-29,18367.0
Blue,永寧,2019-10-29,27264.0
Blue,土城,2019-10-29,15279.0
Blue,海山,2019-10-29,46835.0
Blue,亞東醫院,2019-10-29,54637.0
Blue,府中,2019-10-29,61328.0
Blue,板橋,2019-10-29,82115.0
Blue,新埔,2019-10-29,89262.0
Blue,江子翠,2019-10-29,54388.0
Blue,龍山寺,2019-10-29,61929.0
Blue,西門,2019-10-29,78626.0
Blue,善導寺,2019-10-29,50398.0
Blue,忠孝新生,2019-10-29,37953.0
Blue,忠孝敦化,2019-10-29,70127.0
Blue,國父紀念館,2019-10-29,43750.0
Blue,市政府,2019-10-29,126838.0
Blue,永春,2019-10-29,43357.0
Blue,後山埤,2019-10-29,34189.0
Blue,昆陽,2019-10-29,31015.0
Blue,南港,2019-10-29,37490.0
Blue,忠孝復興,2019-10-29,55068.5
Blue,南港展覽館,2019-10-29,35980.5
Blue,台北車站,2019-10-30,131227.5
Blue,頂埔,2019-10-30,18480.0
Blue,永寧,2019-10-30,27965.0
Blue,土城,2019-10-30,15402.0
Blue,海山,2019-10-30,47160.0
Blue,亞東醫院,2019-10-30,54577.0
Blue,府中,2019-10-30,61839.0
Blue,板橋,2019-10-30,83874.0
Blue,新埔,2019-10-30,89685.0
Blue,江子翠,2019-10-30,55134.0
Blue,龍山寺,2019-10-30,61810.0
Blue,西門,2019-10-30,81040.0
Blue,善導寺,2019-10-30,51557.0
Blue,忠孝新生,2019-10-30,39140.5
Blue,忠孝敦化,2019-10-30,71954.0
Blue,國父紀念館,2019-10-30,47625.0
Blue,市政府,2019-10-30,129768.0
Blue,永春,2019-10-30,44000.0
Blue,後山埤,2019-10-30,34429.0
Blue,昆陽,2019-10-30,31035.0
Blue,南港,2019-10-30,37897.0
Blue,忠孝復興,2019-10-30,57039.0
Blue,南港展覽館,2019-10-30,36882.0
Blue,台北車站,2019-10-31,136246.5
Blue,頂埔,2019-10-31,18015.0
Blue,永寧,2019-10-31,27651.0
Blue,土城,2019-10-31,15189.0
Blue,海山,2019-10-31,46939.0
Blue,亞東醫院,2019-10-31,54291.0
Blue,府中,2019-10-31,61652.0
Blue,板橋,2019-10-31,84484.0
Blue,新埔,2019-10-31,91457.0
Blue,江子翠,2019-10-31,55293.0
Blue,龍山寺,2019-10-31,61779.0
Blue,西門,2019-10-31,81057.0
Blue,善導寺,2019-10-31,52828.0
Blue,忠孝新生,2019-10-31,39634.0
Blue,忠孝敦化,2019-10-31,74288.0
Blue,國父紀念館,2019-10-31,45934.0
Blue,市政府,2019-10-31,131295.0
Blue,永春,2019-10-31,45489.0
Blue,後山埤,2019-10-31,34813.0
Blue,昆陽,2019-10-31,32598.0
Blue,南港,2019-10-31,40137.0
Blue,忠孝復興,2019-10-31,59408.0
Blue,南港展覽館,2019-10-31,39320.0
Blue,台北車站,2019-11-01,162354.5
Blue,頂埔,2019-11-01,19421.0
Blue,永寧,2019-11-01,30388.0
Blue,土城,2019-11-01,16447.0
Blue,海山,2019-11-01,49006.0
Blue,亞東醫院,2019-11-01,55131.0
Blue,府中,2019-11-01,67036.0
Blue,板橋,2019-11-01,92525.0
Blue,新埔,2019-11-01,94670.0
Blue,江子翠,2019-11-01,56727.0
Blue,龍山寺,2019-11-01,65965.0
Blue,西門,2019-11-01,92716.0
Blue,善導寺,2019-11-01,52704.0
Blue,忠孝新生,2019-11-01,44208.0
Blue,忠孝敦化,2019-11-01,80748.0
Blue,國父紀念館,2019-11-01,50963.0
Blue,市政府,2019-11-01,142270.0
Blue,永春,2019-11-01,45764.0
Blue,後山埤,2019-11-01,36650.0
Blue,昆陽,2019-11-01,32604.0
Blue,南港,2019-11-01,45784.0
Blue,忠孝復興,2019-11-01,64374.0
Blue,南港展覽館,2019-11-01,49642.5
Blue,台北車站,2019-11-02,167791.5
Blue,頂埔,2019-11-02,14400.0
Blue,永寧,2019-11-02,26368.0
Blue,土城,2019-11-02,13778.0
Blue,海山,2019-11-02,39049.0
Blue,亞東醫院,2019-11-02,38369.0
Blue,府中,2019-11-02,64775.0
Blue,板橋,2019-11-02,88064.0
Blue,新埔,2019-11-02,74344.0
Blue,江子翠,2019-11-02,47145.0
Blue,龍山寺,2019-11-02,70232.0
Blue,西門,2019-11-02,108704.0
Blue,善導寺,2019-11-02,34913.0
Blue,忠孝新生,2019-11-02,43366.5
Blue,忠孝敦化,2019-11-02,68566.0
Blue,國父紀念館,2019-11-02,43851.0
Blue,市政府,2019-11-02,119802.0
Blue,永春,2019-11-02,33383.0
Blue,後山埤,2019-11-02,30981.0
Blue,昆陽,2019-11-02,19603.0
Blue,南港,2019-11-02,36593.0
Blue,忠孝復興,2019-11-02,63473.5
Blue,南港展覽館,2019-11-02,40715.0
Blue,台北車站,2019-11-03,148265.0
Blue,頂埔,2019-11-03,12537.0
Blue,永寧,2019-11-03,21856.0
Blue,土城,2019-11-03,10946.0
Blue,海山,2019-11-03,32401.0
Blue,亞東醫院,2019-11-03,30650.0
Blue,府中,2019-11-03,50335.0
Blue,板橋,2019-11-03,75903.0
Blue,新埔,2019-11-03,58386.0
Blue,江子翠,2019-11-03,37962.0
Blue,龍山寺,2019-11-03,57742.0
Blue,西門,2019-11-03,88689.5
Blue,善導寺,2019-11-03,31251.0
Blue,忠孝新生,2019-11-03,35377.0
Blue,忠孝敦化,2019-11-03,52044.0
Blue,國父紀念館,2019-11-03,33057.0
Blue,市政府,2019-11-03,100188.0
Blue,永春,2019-11-03,27329.0
Blue,後山埤,2019-11-03,26488.0
Blue,昆陽,2019-11-03,16125.0
Blue,南港,2019-11-03,33865.0
Blue,忠孝復興,2019-11-03,49795.0
Blue,南港展覽館,2019-11-03,32329.5
Blue,台北車站,2019-11-04,132937.5
Blue,頂埔,2019-11-04,18401.0
Blue,永寧,2019-11-04,27401.0
Blue,土城,2019-11-04,15436.0
Blue,海山,2019-11-04,45951.0
Blue,亞東醫院,2019-11-04,53066.0
Blue,府中,2019-11-04,59306.0
Blue,板橋,2019-11-04,81000.0
Blue,新埔,2019-11-04,86919.0
Blue,江子翠,2019-11-04,53168.0
Blue,龍山寺,2019-11-04,60888.0
Blue,西門,2019-11-04,76046.0
Blue,善導寺,2019-11-04,47346.0
Blue,忠孝新生,2019-11-04,37504.5
Blue,忠孝敦化,2019-11-04,66706.0
Blue,國父紀念館,2019-11-04,42638.0
Blue,市政府,2019-11-04,120834.0
Blue,永春,2019-11-04,42036.0
Blue,後山埤,2019-11-04,33439.0
Blue,昆陽,2019-11-04,31232.0
Blue,南港,2019-11-04,36879.0
Blue,忠孝復興,2019-11-04,53850.5
Blue,南港展覽館,2019-11-04,36427.5
Blue,台北車站,2019-11-05,130112.5
Blue,頂埔,2019-11-05,18433.0
Blue,永寧,2019-11-05,27596.0
Blue,土城,2019-11-05,15423.0
Blue,海山,2019-11-05,46849.0
Blue,亞東醫院,2019-11-05,54255.0
Blue,府中,2019-11-05,61759.0
Blue,板橋,2019-11-05,81697.0
Blue,新埔,2019-11-05,89467.0
Blue,江子翠,2019-11-05,54961.0
Blue,龍山寺,2019-11-05,61296.0
Blue,西門,2019-11-05,77166.5
Blue,善導寺,2019-11-05,51660.0
Blue,忠孝新生,2019-11-05,38051.5
Blue,忠孝敦化,2019-11-05,70711.0
Blue,國父紀念館,2019-11-05,44076.0
Blue,市政府,2019-11-05,122415.0
Blue,永春,2019-11-05,43976.0
Blue,後山埤,2019-11-05,34454.0
Blue,昆陽,2019-11-05,30847.0
Blue,南港,2019-11-05,37868.0
Blue,忠孝復興,2019-11-05,55891.0
Blue,南港展覽館,2019-11-05,38256.0
Blue,台北車站,2019-11-06,133493.5
Blue,頂埔,2019-11-06,18770.0
Blue,永寧,2019-11-06,28708.0
Blue,土城,2019-11-06,15792.0
Blue,海山,2019-11-06,47628.0
Blue,亞東醫院,2019-11-06,55028.0
Blue,府中,2019-11-06,63121.0
Blue,板橋,2019-11-06,82757.0
Blue,新埔,2019-11-06,90584.0
Blue,江子翠,2019-11-06,55429.0
Blue,龍山寺,2019-11-06,63583.0
Blue,西門,2019-11-06,82544.0
Blue,善導寺,2019-11-06,52233.0
Blue,忠孝新生,2019-11-06,39316.5
Blue,忠孝敦化,2019-11-06,71963.0
Blue,國父紀念館,2019-11-06,47227.0
Blue,市政府,2019-11-06,126323.0
Blue,永春,2019-11-06,44144.0
Blue,後山埤,2019-11-06,35239.0
Blue,昆陽,2019-11-06,31510.0
Blue,南港,2019-11-06,38322.0
Blue,忠孝復興,2019-11-06,58975.0
Blue,南港展覽館,2019-11-06,39194.0
Blue,台北車站,2019-11-07,138901.5
Blue,頂埔,2019-11-07,18858.0
Blue,永寧,2019-11-07,28397.0
Blue,土城,2019-11-07,15604.0
Blue,海山,2019-11-07,47460.0
Blue,亞東醫院,2019-11-07,54545.0
Blue,府中,2019-11-07,63245.0
Blue,板橋,2019-11-07,85315.0
Blue,新埔,2019-11-07,90331.0
Blue,江子翠,2019-11-07,55516.0
Blue,龍山寺,2019-11-07,63390.0
Blue,西門,2019-11-07,82734.5
Blue,善導寺,2019-11-07,53374.0
Blue,忠孝新生,2019-11-07,39640.5
Blue,忠孝敦化,2019-11-07,74259.0
Blue,國父紀念館,2019-11-07,46056.0
Blue,市政府,2019-11-07,128326.0
Blue,永春,2019-11-07,44514.0
Blue,後山埤,2019-11-07,35368.0
Blue,昆陽,2019-11-07,32606.0
Blue,南港,2019-11-07,39249.0
Blue,忠孝復興,2019-11-07,79364.0
Blue,南港展覽館,2019-11-07,39440.0
Blue,台北車站,2019-11-08,173733.0
Blue,頂埔,2019-11-08,19991.0
Blue,永寧,2019-11-08,31539.0
Blue,土城,2019-11-08,16792.0
Blue,海山,2019-11-08,49692.0
Blue,亞東醫院,2019-11-08,55918.0
Blue,府中,2019-11-08,68838.0
Blue,板橋,2019-11-08,96089.0
Blue,新埔,2019-11-08,95529.0
Blue,江子翠,2019-11-08,58174.0
Blue,龍山寺,2019-11-08,67349.0
Blue,西門,2019-11-08,99053.5
Blue,善導寺,2019-11-08,55123.0
Blue,忠孝新生,2019-11-08,46926.5
Blue,忠孝敦化,2019-11-08,85055.0
Blue,國父紀念館,2019-11-08,51248.0
Blue,市政府,2019-11-08,149656.0
Blue,永春,2019-11-08,47239.0
Blue,後山埤,2019-11-08,37900.0
Blue,昆陽,2019-11-08,33554.0
Blue,南港,2019-11-08,48605.0
Blue,忠孝復興,2019-11-08,90405.5
Blue,南港展覽館,2019-11-08,59863.0
Blue,台北車站,2019-11-09,178211.5
Blue,頂埔,2019-11-09,15525.0
Blue,永寧,2019-11-09,27968.0
Blue,土城,2019-11-09,14948.0
Blue,海山,2019-11-09,41624.0
Blue,亞東醫院,2019-11-09,40241.0
Blue,府中,2019-11-09,67926.0
Blue,板橋,2019-11-09,98564.0
Blue,新埔,2019-11-09,77737.0
Blue,江子翠,2019-11-09,48758.0
Blue,龍山寺,2019-11-09,70020.0
Blue,西門,2019-11-09,118400.5
Blue,善導寺,2019-11-09,39330.0
Blue,忠孝新生,2019-11-09,51610.5
Blue,忠孝敦化,2019-11-09,78992.0
Blue,國父紀念館,2019-11-09,44484.0
Blue,市政府,2019-11-09,138030.0
Blue,永春,2019-11-09,37631.0
Blue,後山埤,2019-11-09,33672.0
Blue,昆陽,2019-11-09,22730.0
Blue,南港,2019-11-09,40279.0
Blue,忠孝復興,2019-11-09,91337.0
Blue,南港展覽館,2019-11-09,54370.0
Blue,台北車站,2019-11-10,166731.5
Blue,頂埔,2019-11-10,14431.0
Blue,永寧,2019-11-10,24123.0
Blue,土城,2019-11-10,12878.0
Blue,海山,2019-11-10,35106.0
Blue,亞東醫院,2019-11-10,31922.0
Blue,府中,2019-11-10,55612.0
Blue,板橋,2019-11-10,84332.0
Blue,新埔,2019-11-10,67285.0
Blue,江子翠,2019-11-10,41975.0
Blue,龍山寺,2019-11-10,62253.0
Blue,西門,2019-11-10,99848.5
Blue,善導寺,2019-11-10,32176.0
Blue,忠孝新生,2019-11-10,35832.5
Blue,忠孝敦化,2019-11-10,58020.0
Blue,國父紀念館,2019-11-10,33812.0
Blue,市政府,2019-11-10,111093.0
Blue,永春,2019-11-10,29514.0
Blue,後山埤,2019-11-10,29250.0
Blue,昆陽,2019-11-10,17402.0
Blue,南港,2019-11-10,35339.0
Blue,忠孝復興,2019-11-10,71369.5
Blue,南港展覽館,2019-11-10,49568.5
Blue,台北車站,2019-11-11,141442.5
Blue,頂埔,2019-11-11,18848.0
Blue,永寧,2019-11-11,28620.0
Blue,土城,2019-11-11,15767.0
Blue,海山,2019-11-11,46772.0
Blue,亞東醫院,2019-11-11,53551.0
Blue,府中,2019-11-11,61704.0
Blue,板橋,2019-11-11,85087.0
Blue,新埔,2019-11-11,88519.0
Blue,江子翠,2019-11-11,55092.0
Blue,龍山寺,2019-11-11,65446.0
Blue,西門,2019-11-11,84470.0
Blue,善導寺,2019-11-11,48415.0
Blue,忠孝新生,2019-11-11,39830.5
Blue,忠孝敦化,2019-11-11,72194.0
Blue,國父紀念館,2019-11-11,43314.0
Blue,市政府,2019-11-11,126976.0
Blue,永春,2019-11-11,42372.0
Blue,後山埤,2019-11-11,35004.0
Blue,昆陽,2019-11-11,31105.0
Blue,南港,2019-11-11,41658.0
Blue,忠孝復興,2019-11-11,75868.0
Blue,南港展覽館,2019-11-11,56625.0
Blue,台北車站,2019-11-12,133689.0
Blue,頂埔,2019-11-12,18779.0
Blue,永寧,2019-11-12,28661.0
Blue,土城,2019-11-12,15733.0
Blue,海山,2019-11-12,46968.0
Blue,亞東醫院,2019-11-12,55066.0
Blue,府中,2019-11-12,62745.0
Blue,板橋,2019-11-12,84676.0
Blue,新埔,2019-11-12,89274.0
Blue,江子翠,2019-11-12,55379.0
Blue,龍山寺,2019-11-12,63515.0
Blue,西門,2019-11-12,82627.5
Blue,善導寺,2019-11-12,51652.0
Blue,忠孝新生,2019-11-12,39472.0
Blue,忠孝敦化,2019-11-12,71807.0
Blue,國父紀念館,2019-11-12,45549.0
Blue,市政府,2019-11-12,122057.0
Blue,永春,2019-11-12,43566.0
Blue,後山埤,2019-11-12,33854.0
Blue,昆陽,2019-11-12,31233.0
Blue,南港,2019-11-12,37454.0
Blue,忠孝復興,2019-11-12,69751.0
Blue,南港展覽館,2019-11-12,37130.5
Blue,台北車站,2019-11-13,135889.5
Blue,頂埔,2019-11-13,18745.0
Blue,永寧,2019-11-13,29070.0
Blue,土城,2019-11-13,15928.0
Blue,海山,2019-11-13,47338.0
Blue,亞東醫院,2019-11-13,54742.0
Blue,府中,2019-11-13,62480.0
Blue,板橋,2019-11-13,85186.0
Blue,新埔,2019-11-13,90406.0
Blue,江子翠,2019-11-13,55914.0
Blue,龍山寺,2019-11-13,63491.0
Blue,西門,2019-11-13,83673.5
Blue,善導寺,2019-11-13,53149.0
Blue,忠孝新生,2019-11-13,40409.0
Blue,忠孝敦化,2019-11-13,74420.0
Blue,國父紀念館,2019-11-13,46428.0
Blue,市政府,2019-11-13,126127.0
Blue,永春,2019-11-13,44467.0
Blue,後山埤,2019-11-13,34933.0
Blue,昆陽,2019-11-13,31600.0
Blue,南港,2019-11-13,38650.0
Blue,忠孝復興,2019-11-13,73239.5
Blue,南港展覽館,2019-11-13,37064.0
Blue,台北車站,2019-11-14,142181.0
Blue,頂埔,2019-11-14,18366.0
Blue,永寧,2019-11-14,28333.0
Blue,土城,2019-11-14,15633.0
Blue,海山,2019-11-14,47270.0
Blue,亞東醫院,2019-11-14,54647.0
Blue,府中,2019-11-14,63024.0
Blue,板橋,2019-11-14,88379.0
Blue,新埔,2019-11-14,90742.0
Blue,江子翠,2019-11-14,56352.0
Blue,龍山寺,2019-11-14,63462.0
Blue,西門,2019-11-14,85152.5
Blue,善導寺,2019-11-14,52662.0
Blue,忠孝新生,2019-11-14,41534.0
Blue,忠孝敦化,2019-11-14,75918.0
Blue,國父紀念館,2019-11-14,47078.0
Blue,市政府,2019-11-14,129389.0
Blue,永春,2019-11-14,44255.0
Blue,後山埤,2019-11-14,34630.0
Blue,昆陽,2019-11-14,32802.0
Blue,南港,2019-11-14,39161.0
Blue,忠孝復興,2019-11-14,71666.0
Blue,南港展覽館,2019-11-14,38028.0
Blue,台北車站,2019-11-15,181016.5
Blue,頂埔,2019-11-15,20380.0
Blue,永寧,2019-11-15,32322.0
Blue,土城,2019-11-15,17140.0
Blue,海山,2019-11-15,50571.0
Blue,亞東醫院,2019-11-15,57194.0
Blue,府中,2019-11-15,71702.0
Blue,板橋,2019-11-15,116003.0
Blue,新埔,2019-11-15,96688.0
Blue,江子翠,2019-11-15,59208.0
Blue,龍山寺,2019-11-15,69652.0
Blue,西門,2019-11-15,103224.5
Blue,善導寺,2019-11-15,55661.0
Blue,忠孝新生,2019-11-15,49170.0
Blue,忠孝敦化,2019-11-15,86847.0
Blue,國父紀念館,2019-11-15,53804.0
Blue,市政府,2019-11-15,156027.0
Blue,永春,2019-11-15,47831.0
Blue,後山埤,2019-11-15,38309.0
Blue,昆陽,2019-11-15,33951.0
Blue,南港,2019-11-15,49907.0
Blue,忠孝復興,2019-11-15,83340.5
Blue,南港展覽館,2019-11-15,62672.0
Blue,台北車站,2019-11-16,190698.5
Blue,頂埔,2019-11-16,15963.0
Blue,永寧,2019-11-16,30221.0
Blue,土城,2019-11-16,15554.0
Blue,海山,2019-11-16,42917.0
Blue,亞東醫院,2019-11-16,41751.0
Blue,府中,2019-11-16,72028.0
Blue,板橋,2019-11-16,139196.0
Blue,新埔,2019-11-16,80689.0
Blue,江子翠,2019-11-16,50830.0
Blue,龍山寺,2019-11-16,79064.0
Blue,西門,2019-11-16,121676.5
Blue,善導寺,2019-11-16,37510.0
Blue,忠孝新生,2019-11-16,48201.0
Blue,忠孝敦化,2019-11-16,79571.0
Blue,國父紀念館,2019-11-16,49439.0
Blue,市政府,2019-11-16,148515.0
Blue,永春,2019-11-16,35798.0
Blue,後山埤,2019-11-16,35858.0
Blue,昆陽,2019-11-16,21689.0
Blue,南港,2019-11-16,42093.0
Blue,忠孝復興,2019-11-16,84481.0
Blue,南港展覽館,2019-11-16,61511.5
Blue,台北車站,2019-11-17,181983.0
Blue,頂埔,2019-11-17,14794.0
Blue,永寧,2019-11-17,25829.0
Blue,土城,2019-11-17,13042.0
Blue,海山,2019-11-17,36711.0
Blue,亞東醫院,2019-11-17,32909.0
Blue,府中,2019-11-17,59516.0
Blue,板橋,2019-11-17,114622.0
Blue,新埔,2019-11-17,68390.0
Blue,江子翠,2019-11-17,43285.0
Blue,龍山寺,2019-11-17,68543.0
Blue,西門,2019-11-17,104541.0
Blue,善導寺,2019-11-17,42662.0
Blue,忠孝新生,2019-11-17,39421.5
Blue,忠孝敦化,2019-11-17,58958.0
Blue,國父紀念館,2019-11-17,37825.0
Blue,市政府,2019-11-17,124467.0
Blue,永春,2019-11-17,32972.0
Blue,後山埤,2019-11-17,29250.0
Blue,昆陽,2019-11-17,18732.0
Blue,南港,2019-11-17,37661.0
Blue,忠孝復興,2019-11-17,68917.0
Blue,南港展覽館,2019-11-17,53629.0
Blue,台北車站,2019-11-18,145335.0
Blue,頂埔,2019-11-18,18522.0
Blue,永寧,2019-11-18,27981.0
Blue,土城,2019-11-18,15625.0
Blue,海山,2019-11-18,47102.0
Blue,亞東醫院,2019-11-18,53943.0
Blue,府中,2019-11-18,61622.0
Blue,板橋,2019-11-18,93069.0
Blue,新埔,2019-11-18,89220.0
Blue,江子翠,2019-11-18,54472.0
Blue,龍山寺,2019-11-18,67068.0
Blue,西門,2019-11-18,83097.0
Blue,善導寺,2019-11-18,48219.0
Blue,忠孝新生,2019-11-18,39103.0
Blue,忠孝敦化,2019-11-18,70444.0
Blue,國父紀念館,2019-11-18,43481.0
Blue,市政府,2019-11-18,127651.0
Blue,永春,2019-11-18,42783.0
Blue,後山埤,2019-11-18,34945.0
Blue,昆陽,2019-11-18,31916.0
Blue,南港,2019-11-18,42721.0
Blue,忠孝復興,2019-11-18,75668.0
Blue,南港展覽館,2019-11-18,55270.0
Blue,台北車站,2019-11-19,136943.5
Blue,頂埔,2019-11-19,18723.0
Blue,永寧,2019-11-19,27601.0
Blue,土城,2019-11-19,15342.0
Blue,海山,2019-11-19,47705.0
Blue,亞東醫院,2019-11-19,54877.0
Blue,府中,2019-11-19,63456.0
Blue,板橋,2019-11-19,92334.0
Blue,新埔,2019-11-19,89901.0
Blue,江子翠,2019-11-19,55233.0
Blue,龍山寺,2019-11-19,63499.0
Blue,西門,2019-11-19,84099.0
Blue,善導寺,2019-11-19,51774.0
Blue,忠孝新生,2019-11-19,39054.5
Blue,忠孝敦化,2019-11-19,73078.0
Blue,國父紀念館,2019-11-19,44830.0
Blue,市政府,2019-11-19,127007.0
Blue,永春,2019-11-19,44489.0
Blue,後山埤,2019-11-19,35190.0
Blue,昆陽,2019-11-19,31488.0
Blue,南港,2019-11-19,37812.0
Blue,忠孝復興,2019-11-19,57817.0
Blue,南港展覽館,2019-11-19,36423.0
Blue,台北車站,2019-11-20,140507.5
Blue,頂埔,2019-11-20,18561.0
Blue,永寧,2019-11-20,28445.0
Blue,土城,2019-11-20,15826.0
Blue,海山,2019-11-20,48262.0
Blue,亞東醫院,2019-11-20,55310.0
Blue,府中,2019-11-20,64031.0
Blue,板橋,2019-11-20,94271.0
Blue,新埔,2019-11-20,90749.0
Blue,江子翠,2019-11-20,55974.0
Blue,龍山寺,2019-11-20,63415.0
Blue,西門,2019-11-20,84251.5
Blue,善導寺,2019-11-20,53359.0
Blue,忠孝新生,2019-11-20,40099.5
Blue,忠孝敦化,2019-11-20,73739.0
Blue,國父紀念館,2019-11-20,46409.0
Blue,市政府,2019-11-20,130764.0
Blue,永春,2019-11-20,44556.0
Blue,後山埤,2019-11-20,35813.0
Blue,昆陽,2019-11-20,32323.0
Blue,南港,2019-11-20,38879.0
Blue,忠孝復興,2019-11-20,60544.0
Blue,南港展覽館,2019-11-20,37662.5
Blue,台北車站,2019-11-21,144051.0
Blue,頂埔,2019-11-21,18403.0
Blue,永寧,2019-11-21,28591.0
Blue,土城,2019-11-21,15450.0
Blue,海山,2019-11-21,48097.0
Blue,亞東醫院,2019-11-21,54952.0
Blue,府中,2019-11-21,64818.0
Blue,板橋,2019-11-21,95090.0
Blue,新埔,2019-11-21,91548.0
Blue,江子翠,2019-11-21,56037.0
Blue,龍山寺,2019-11-21,64224.0
Blue,西門,2019-11-21,85638.0
Blue,善導寺,2019-11-21,53807.0
Blue,忠孝新生,2019-11-21,40117.5
Blue,忠孝敦化,2019-11-21,74224.0
Blue,國父紀念館,2019-11-21,46380.0
Blue,市政府,2019-11-21,132053.0
Blue,永春,2019-11-21,45485.0
Blue,後山埤,2019-11-21,34980.0
Blue,昆陽,2019-11-21,32606.0
Blue,南港,2019-11-21,39313.0
Blue,忠孝復興,2019-11-21,57995.5
Blue,南港展覽館,2019-11-21,36968.5
Blue,台北車站,2019-11-22,178827.0
Blue,頂埔,2019-11-22,19981.0
Blue,永寧,2019-11-22,31676.0
Blue,土城,2019-11-22,16437.0
Blue,海山,2019-11-22,50736.0
Blue,亞東醫院,2019-11-22,56599.0
Blue,府中,2019-11-22,69290.0
Blue,板橋,2019-11-22,109882.0
Blue,新埔,2019-11-22,95996.0
Blue,江子翠,2019-11-22,57645.0
Blue,龍山寺,2019-11-22,68000.0
Blue,西門,2019-11-22,98126.0
Blue,善導寺,2019-11-22,55267.0
Blue,忠孝新生,2019-11-22,47271.0
Blue,忠孝敦化,2019-11-22,84203.0
Blue,國父紀念館,2019-11-22,51459.0
Blue,市政府,2019-11-22,148999.0
Blue,永春,2019-11-22,46973.0
Blue,後山埤,2019-11-22,37966.0
Blue,昆陽,2019-11-22,33313.0
Blue,南港,2019-11-22,45950.0
Blue,忠孝復興,2019-11-22,64846.0
Blue,南港展覽館,2019-11-22,43819.5
Blue,台北車站,2019-11-23,185141.5
Blue,頂埔,2019-11-23,15387.0
Blue,永寧,2019-11-23,28679.0
Blue,土城,2019-11-23,14878.0
Blue,海山,2019-11-23,41833.0
Blue,亞東醫院,2019-11-23,39252.0
Blue,府中,2019-11-23,70985.0
Blue,板橋,2019-11-23,144654.0
Blue,新埔,2019-11-23,77033.0
Blue,江子翠,2019-11-23,49939.0
Blue,龍山寺,2019-11-23,72074.0
Blue,西門,2019-11-23,111411.0
Blue,善導寺,2019-11-23,38773.0
Blue,忠孝新生,2019-11-23,51294.5
Blue,忠孝敦化,2019-11-23,75725.0
Blue,國父紀念館,2019-11-23,46166.0
Blue,市政府,2019-11-23,130383.0
Blue,永春,2019-11-23,33982.0
Blue,後山埤,2019-11-23,32729.0
Blue,昆陽,2019-11-23,19599.0
Blue,南港,2019-11-23,36349.0
Blue,忠孝復興,2019-11-23,63491.5
Blue,南港展覽館,2019-11-23,39244.0
Blue,台北車站,2019-11-24,172286.5
Blue,頂埔,2019-11-24,13906.0
Blue,永寧,2019-11-24,24029.0
Blue,土城,2019-11-24,12035.0
Blue,海山,2019-11-24,35434.0
Blue,亞東醫院,2019-11-24,31349.0
Blue,府中,2019-11-24,57372.0
Blue,板橋,2019-11-24,112337.0
Blue,新埔,2019-11-24,63692.0
Blue,江子翠,2019-11-24,41747.0
Blue,龍山寺,2019-11-24,62417.0
Blue,西門,2019-11-24,96610.0
Blue,善導寺,2019-11-24,30091.0
Blue,忠孝新生,2019-11-24,44304.5
Blue,忠孝敦化,2019-11-24,56008.0
Blue,國父紀念館,2019-11-24,34802.0
Blue,市政府,2019-11-24,109043.0
Blue,永春,2019-11-24,27962.0
Blue,後山埤,2019-11-24,26567.0
Blue,昆陽,2019-11-24,17592.0
Blue,南港,2019-11-24,32454.0
Blue,忠孝復興,2019-11-24,50653.5
Blue,南港展覽館,2019-11-24,30989.5
Blue,台北車站,2019-11-25,143244.5
Blue,頂埔,2019-11-25,18315.0
Blue,永寧,2019-11-25,28308.0
Blue,土城,2019-11-25,15367.0
Blue,海山,2019-11-25,46221.0
Blue,亞東醫院,2019-11-25,54004.0
Blue,府中,2019-11-25,60318.0
Blue,板橋,2019-11-25,90885.0
Blue,新埔,2019-11-25,87836.0
Blue,江子翠,2019-11-25,53499.0
Blue,龍山寺,2019-11-25,62119.0
Blue,西門,2019-11-25,79924.0
Blue,善導寺,2019-11-25,47817.0
Blue,忠孝新生,2019-11-25,38545.0
Blue,忠孝敦化,2019-11-25,69532.0
Blue,國父紀念館,2019-11-25,43928.0
Blue,市政府,2019-11-25,126790.0
Blue,永春,2019-11-25,42743.0
Blue,後山埤,2019-11-25,34193.0
Blue,昆陽,2019-11-25,31672.0
Blue,南港,2019-11-25,39574.0
Blue,忠孝復興,2019-11-25,54048.5
Blue,南港展覽館,2019-11-25,40589.0
Blue,台北車站,2019-11-26,133684.5
Blue,頂埔,2019-11-26,18801.0
Blue,永寧,2019-11-26,28523.0
Blue,土城,2019-11-26,15642.0
Blue,海山,2019-11-26,47381.0
Blue,亞東醫院,2019-11-26,55479.0
Blue,府中,2019-11-26,63348.0
Blue,板橋,2019-11-26,92508.0
Blue,新埔,2019-11-26,90007.0
Blue,江子翠,2019-11-26,55420.0
Blue,龍山寺,2019-11-26,67781.0
Blue,西門,2019-11-26,81083.0
Blue,善導寺,2019-11-26,51929.0
Blue,忠孝新生,2019-11-26,38903.0
Blue,忠孝敦化,2019-11-26,71532.0
Blue,國父紀念館,2019-11-26,46913.0
Blue,市政府,2019-11-26,125754.0
Blue,永春,2019-11-26,44218.0
Blue,後山埤,2019-11-26,34459.0
Blue,昆陽,2019-11-26,31637.0
Blue,南港,2019-11-26,38104.0
Blue,忠孝復興,2019-11-26,54846.0
Blue,南港展覽館,2019-11-26,36674.5
Blue,台北車站,2019-11-27,136264.5
Blue,頂埔,2019-11-27,19137.0
Blue,永寧,2019-11-27,29280.0
Blue,土城,2019-11-27,15594.0
Blue,海山,2019-11-27,47879.0
Blue,亞東醫院,2019-11-27,55246.0
Blue,府中,2019-11-27,63402.0
Blue,板橋,2019-11-27,95498.0
Blue,新埔,2019-11-27,90629.0
Blue,江子翠,2019-11-27,55549.0
Blue,龍山寺,2019-11-27,67038.0
Blue,西門,2019-11-27,83928.0
Blue,善導寺,2019-11-27,52992.0
Blue,忠孝新生,2019-11-27,39656.5
Blue,忠孝敦化,2019-11-27,73741.0
Blue,國父紀念館,2019-11-27,48138.0
Blue,市政府,2019-11-27,128697.0
Blue,永春,2019-11-27,44513.0
Blue,後山埤,2019-11-27,35486.0
Blue,昆陽,2019-11-27,31997.0
Blue,南港,2019-11-27,38975.0
Blue,忠孝復興,2019-11-27,56510.5
Blue,南港展覽館,2019-11-27,37808.0
Blue,台北車站,2019-11-28,144837.0
Blue,頂埔,2019-11-28,18834.0
Blue,永寧,2019-11-28,28864.0
Blue,土城,2019-11-28,15453.0
Blue,海山,2019-11-28,47845.0
Blue,亞東醫院,2019-11-28,54825.0
Blue,府中,2019-11-28,63387.0
Blue,板橋,2019-11-28,95661.0
Blue,新埔,2019-11-28,91215.0
Blue,江子翠,2019-11-28,55720.0
Blue,龍山寺,2019-11-28,66239.0
Blue,西門,2019-11-28,85648.0
Blue,善導寺,2019-11-28,52868.0
Blue,忠孝新生,2019-11-28,42714.0
Blue,忠孝敦化,2019-11-28,74854.0
Blue,國父紀念館,2019-11-28,48386.0
Blue,市政府,2019-11-28,133858.0
Blue,永春,2019-11-28,45117.0
Blue,後山埤,2019-11-28,35639.0
Blue,昆陽,2019-11-28,33445.0
Blue,南港,2019-11-28,40221.0
Blue,忠孝復興,2019-11-28,58304.0
Blue,南港展覽館,2019-11-28,38047.0
Blue,台北車站,2019-11-29,176584.0
Blue,頂埔,2019-11-29,20331.0
Blue,永寧,2019-11-29,32622.0
Blue,土城,2019-11-29,17209.0
Blue,海山,2019-11-29,50446.0
Blue,亞東醫院,2019-11-29,57206.0
Blue,府中,2019-11-29,70843.0
Blue,板橋,2019-11-29,117254.0
Blue,新埔,2019-11-29,97264.0
Blue,江子翠,2019-11-29,58854.0
Blue,龍山寺,2019-11-29,69623.0
Blue,西門,2019-11-29,99890.0
Blue,善導寺,2019-11-29,54981.0
Blue,忠孝新生,2019-11-29,48061.0
Blue,忠孝敦化,2019-11-29,85744.0
Blue,國父紀念館,2019-11-29,54019.0
Blue,市政府,2019-11-29,157054.0
Blue,永春,2019-11-29,47339.0
Blue,後山埤,2019-11-29,37830.0
Blue,昆陽,2019-11-29,33763.0
Blue,南港,2019-11-29,45583.0
Blue,忠孝復興,2019-11-29,63936.5
Blue,南港展覽館,2019-11-29,40667.0
Blue,台北車站,2019-11-30,192355.5
Blue,頂埔,2019-11-30,15875.0
Blue,永寧,2019-11-30,30146.0
Blue,土城,2019-11-30,15705.0
Blue,海山,2019-11-30,42511.0
Blue,亞東醫院,2019-11-30,41476.0
Blue,府中,2019-11-30,73604.0
Blue,板橋,2019-11-30,159669.0
Blue,新埔,2019-11-30,81324.0
Blue,江子翠,2019-11-30,53021.0
Blue,龍山寺,2019-11-30,75039.0
Blue,西門,2019-11-30,123247.0
Blue,善導寺,2019-11-30,38199.0
Blue,忠孝新生,2019-11-30,48593.0
Blue,忠孝敦化,2019-11-30,79269.0
Blue,國父紀念館,2019-11-30,46474.0
Blue,市政府,2019-11-30,148393.0
Blue,永春,2019-11-30,34983.0
Blue,後山埤,2019-11-30,35554.0
Blue,昆陽,2019-11-30,21341.0
Blue,南港,2019-11-30,40536.0
Blue,忠孝復興,2019-11-30,64916.0
Blue,南港展覽館,2019-11-30,41737.0
Blue,台北車站,2019-12-01,172618.5
Blue,頂埔,2019-12-01,13932.0
Blue,永寧,2019-12-01,24904.0
Blue,土城,2019-12-01,13088.0
Blue,海山,2019-12-01,35984.0
Blue,亞東醫院,2019-12-01,32110.0
Blue,府中,2019-12-01,58236.0
Blue,板橋,2019-12-01,118683.0
Blue,新埔,2019-12-01,67420.0
Blue,江子翠,2019-12-01,41434.0
Blue,龍山寺,2019-12-01,63162.0
Blue,西門,2019-12-01,100791.0
Blue,善導寺,2019-12-01,32626.0
Blue,忠孝新生,2019-12-01,38709.0
Blue,忠孝敦化,2019-12-01,57371.0
Blue,國父紀念館,2019-12-01,35435.0
Blue,市政府,2019-12-01,114365.0
Blue,永春,2019-12-01,28826.0
Blue,後山埤,2019-12-01,27938.0
Blue,昆陽,2019-12-01,17577.0
Blue,南港,2019-12-01,32110.0
Blue,忠孝復興,2019-12-01,50035.5
Blue,南港展覽館,2019-12-01,21566.5
Blue,台北車站,2019-12-02,139329.5
Blue,頂埔,2019-12-02,18457.0
Blue,永寧,2019-12-02,28020.0
Blue,土城,2019-12-02,15361.0
Blue,海山,2019-12-02,46448.0
Blue,亞東醫院,2019-12-02,53552.0
Blue,府中,2019-12-02,60859.0
Blue,板橋,2019-12-02,93636.0
Blue,新埔,2019-12-02,87598.0
Blue,江子翠,2019-12-02,53693.0
Blue,龍山寺,2019-12-02,62832.0
Blue,西門,2019-12-02,80513.5
Blue,善導寺,2019-12-02,47989.0
Blue,忠孝新生,2019-12-02,37414.5
Blue,忠孝敦化,2019-12-02,68379.0
Blue,國父紀念館,2019-12-02,41782.0
Blue,市政府,2019-12-02,125619.0
Blue,永春,2019-12-02,42473.0
Blue,後山埤,2019-12-02,34244.0
Blue,昆陽,2019-12-02,31419.0
Blue,南港,2019-12-02,37530.0
Blue,忠孝復興,2019-12-02,52289.0
Blue,南港展覽館,2019-12-02,35855.0
Blue,台北車站,2019-12-03,134435.0
Blue,頂埔,2019-12-03,18966.0
Blue,永寧,2019-12-03,28333.0
Blue,土城,2019-12-03,15375.0
Blue,海山,2019-12-03,47419.0
Blue,亞東醫院,2019-12-03,54845.0
Blue,府中,2019-12-03,63627.0
Blue,板橋,2019-12-03,93173.0
Blue,新埔,2019-12-03,91041.0
Blue,江子翠,2019-12-03,55345.0
Blue,龍山寺,2019-12-03,63537.0
Blue,西門,2019-12-03,81220.5
Blue,善導寺,2019-12-03,50766.0
Blue,忠孝新生,2019-12-03,38848.5
Blue,忠孝敦化,2019-12-03,70977.0
Blue,國父紀念館,2019-12-03,45072.0
Blue,市政府,2019-12-03,126187.0
Blue,永春,2019-12-03,44679.0
Blue,後山埤,2019-12-03,34825.0
Blue,昆陽,2019-12-03,31975.0
Blue,南港,2019-12-03,38436.0
Blue,忠孝復興,2019-12-03,54300.0
Blue,南港展覽館,2019-12-03,39744.0
Blue,台北車站,2019-12-04,136692.5
Blue,頂埔,2019-12-04,18643.0
Blue,永寧,2019-12-04,28785.0
Blue,土城,2019-12-04,15810.0
Blue,海山,2019-12-04,47733.0
Blue,亞東醫院,2019-12-04,55107.0
Blue,府中,2019-12-04,63189.0
Blue,板橋,2019-12-04,92900.0
Blue,新埔,2019-12-04,91370.0
Blue,江子翠,2019-12-04,55611.0
Blue,龍山寺,2019-12-04,63894.0
Blue,西門,2019-12-04,85115.5
Blue,善導寺,2019-12-04,52904.0
Blue,忠孝新生,2019-12-04,40445.5
Blue,忠孝敦化,2019-12-04,73673.0
Blue,國父紀念館,2019-12-04,48922.0
Blue,市政府,2019-12-04,129511.0
Blue,永春,2019-12-04,44333.0
Blue,後山埤,2019-12-04,35287.0
Blue,昆陽,2019-12-04,31906.0
Blue,南港,2019-12-04,38906.0
Blue,忠孝復興,2019-12-04,55379.5
Blue,南港展覽館,2019-12-04,38485.0
Blue,台北車站,2019-12-05,146850.0
Blue,頂埔,2019-12-05,18477.0
Blue,永寧,2019-12-05,27589.0
Blue,土城,2019-12-05,15905.0
Blue,海山,2019-12-05,47176.0
Blue,亞東醫院,2019-12-05,55206.0
Blue,府中,2019-12-05,63711.0
Blue,板橋,2019-12-05,91991.0
Blue,新埔,2019-12-05,92433.0
Blue,江子翠,2019-12-05,56017.0
Blue,龍山寺,2019-12-05,61354.0
Blue,西門,2019-12-05,83505.0
Blue,善導寺,2019-12-05,55092.0
Blue,忠孝新生,2019-12-05,39898.0
Blue,忠孝敦化,2019-12-05,76070.0
Blue,國父紀念館,2019-12-05,49746.0
Blue,市政府,2019-12-05,133954.0
Blue,永春,2019-12-05,46108.0
Blue,後山埤,2019-12-05,35320.0
Blue,昆陽,2019-12-05,33297.0
Blue,南港,2019-12-05,43006.0
Blue,忠孝復興,2019-12-05,58309.5
Blue,南港展覽館,2019-12-05,45033.5
Blue,台北車站,2019-12-06,186424.0
Blue,頂埔,2019-12-06,19306.0
Blue,永寧,2019-12-06,30458.0
Blue,土城,2019-12-06,16511.0
Blue,海山,2019-12-06,49937.0
Blue,亞東醫院,2019-12-06,56614.0
Blue,府中,2019-12-06,70435.0
Blue,板橋,2019-12-06,113286.0
Blue,新埔,2019-12-06,98599.0
Blue,江子翠,2019-12-06,59078.0
Blue,龍山寺,2019-12-06,66216.0
Blue,西門,2019-12-06,99526.0
Blue,善導寺,2019-12-06,58601.0
Blue,忠孝新生,2019-12-06,48531.0
Blue,忠孝敦化,2019-12-06,87751.0
Blue,國父紀念館,2019-12-06,53799.0
Blue,市政府,2019-12-06,154402.0
Blue,永春,2019-12-06,49049.0
Blue,後山埤,2019-12-06,38702.0
Blue,昆陽,2019-12-06,33997.0
Blue,南港,2019-12-06,51736.0
Blue,忠孝復興,2019-12-06,67170.5
Blue,南港展覽館,2019-12-06,49546.0
Blue,台北車站,2019-12-07,198833.5
Blue,頂埔,2019-12-07,14748.0
Blue,永寧,2019-12-07,27569.0
Blue,土城,2019-12-07,15329.0
Blue,海山,2019-12-07,40569.0
Blue,亞東醫院,2019-12-07,40371.0
Blue,府中,2019-12-07,73534.0
Blue,板橋,2019-12-07,160013.0
Blue,新埔,2019-12-07,80324.0
Blue,江子翠,2019-12-07,50662.0
Blue,龍山寺,2019-12-07,72647.0
Blue,西門,2019-12-07,128472.0
Blue,善導寺,2019-12-07,39688.0
Blue,忠孝新生,2019-12-07,50136.5
Blue,忠孝敦化,2019-12-07,82052.0
Blue,國父紀念館,2019-12-07,48301.0
Blue,市政府,2019-12-07,147340.0
Blue,永春,2019-12-07,36278.0
Blue,後山埤,2019-12-07,33041.0
Blue,昆陽,2019-12-07,20936.0
Blue,南港,2019-12-07,42545.0
Blue,忠孝復興,2019-12-07,67610.0
Blue,南港展覽館,2019-12-07,38172.0
Blue,台北車站,2019-12-08,185266.0
Blue,頂埔,2019-12-08,14868.0
Blue,永寧,2019-12-08,26614.0
Blue,土城,2019-12-08,13416.0
Blue,海山,2019-12-08,37187.0
Blue,亞東醫院,2019-12-08,33230.0
Blue,府中,2019-12-08,65811.0
Blue,板橋,2019-12-08,143936.0
Blue,新埔,2019-12-08,70239.0
Blue,江子翠,2019-12-08,44109.0
Blue,龍山寺,2019-12-08,67974.0
Blue,西門,2019-12-08,113285.0
Blue,善導寺,2019-12-08,33354.0
Blue,忠孝新生,2019-12-08,43850.0
Blue,忠孝敦化,2019-12-08,62748.0
Blue,國父紀念館,2019-12-08,39614.0
Blue,市政府,2019-12-08,129879.0
Blue,永春,2019-12-08,30533.0
Blue,後山埤,2019-12-08,29544.0
Blue,昆陽,2019-12-08,18990.0
Blue,南港,2019-12-08,38228.0
Blue,忠孝復興,2019-12-08,56058.5
Blue,南港展覽館,2019-12-08,30086.5
Blue,台北車站,2019-12-09,147735.0
Blue,頂埔,2019-12-09,19004.0
Blue,永寧,2019-12-09,28621.0
Blue,土城,2019-12-09,16088.0
Blue,海山,2019-12-09,47848.0
Blue,亞東醫院,2019-12-09,54118.0
Blue,府中,2019-12-09,63755.0
Blue,板橋,2019-12-09,100412.0
Blue,新埔,2019-12-09,89925.0
Blue,江子翠,2019-12-09,54230.0
Blue,龍山寺,2019-12-09,65508.0
Blue,西門,2019-12-09,86495.5
Blue,善導寺,2019-12-09,49720.0
Blue,忠孝新生,2019-12-09,38919.0
Blue,忠孝敦化,2019-12-09,71037.0
Blue,國父紀念館,2019-12-09,43496.0
Blue,市政府,2019-12-09,131788.0
Blue,永春,2019-12-09,43214.0
Blue,後山埤,2019-12-09,34432.0
Blue,昆陽,2019-12-09,31922.0
Blue,南港,2019-12-09,40214.0
Blue,忠孝復興,2019-12-09,54113.5
Blue,南港展覽館,2019-12-09,36791.5
Blue,台北車站,2019-12-10,140922.0
Blue,頂埔,2019-12-10,19248.0
Blue,永寧,2019-12-10,28856.0
Blue,土城,2019-12-10,16183.0
Blue,海山,2019-12-10,48227.0
Blue,亞東醫院,2019-12-10,55193.0
Blue,府中,2019-12-10,65461.0
Blue,板橋,2019-12-10,97689.0
Blue,新埔,2019-12-10,92059.0
Blue,江子翠,2019-12-10,55969.0
Blue,龍山寺,2019-12-10,67103.0
Blue,西門,2019-12-10,85519.0
Blue,善導寺,2019-12-10,52236.0
Blue,忠孝新生,2019-12-10,40414.0
Blue,忠孝敦化,2019-12-10,73817.0
Blue,國父紀念館,2019-12-10,46256.0
Blue,市政府,2019-12-10,128268.0
Blue,永春,2019-12-10,44861.0
Blue,後山埤,2019-12-10,35182.0
Blue,昆陽,2019-12-10,31795.0
Blue,南港,2019-12-10,39473.0
Blue,忠孝復興,2019-12-10,55556.5
Blue,南港展覽館,2019-12-10,37762.5
Blue,台北車站,2019-12-11,142420.5
Blue,頂埔,2019-12-11,19414.0
Blue,永寧,2019-12-11,28949.0
Blue,土城,2019-12-11,16305.0
Blue,海山,2019-12-11,48243.0
Blue,亞東醫院,2019-12-11,55146.0
Blue,府中,2019-12-11,65739.0
Blue,板橋,2019-12-11,100095.0
Blue,新埔,2019-12-11,92309.0
Blue,江子翠,2019-12-11,56046.0
Blue,龍山寺,2019-12-11,66440.0
Blue,西門,2019-12-11,87421.5
Blue,善導寺,2019-12-11,53383.0
Blue,忠孝新生,2019-12-11,40837.5
Blue,忠孝敦化,2019-12-11,75900.0
Blue,國父紀念館,2019-12-11,47131.0
Blue,市政府,2019-12-11,132738.0
Blue,永春,2019-12-11,44876.0
Blue,後山埤,2019-12-11,35362.0
Blue,昆陽,2019-12-11,32002.0
Blue,南港,2019-12-11,41001.0
Blue,忠孝復興,2019-12-11,57420.5
Blue,南港展覽館,2019-12-11,38641.0
Blue,台北車站,2019-12-12,147663.0
Blue,頂埔,2019-12-12,19415.0
Blue,永寧,2019-12-12,29892.0
Blue,土城,2019-12-12,16237.0
Blue,海山,2019-12-12,48809.0
Blue,亞東醫院,2019-12-12,55780.0
Blue,府中,2019-12-12,67354.0
Blue,板橋,2019-12-12,102277.0
Blue,新埔,2019-12-12,92930.0
Blue,江子翠,2019-12-12,56428.0
Blue,龍山寺,2019-12-12,67090.0
Blue,西門,2019-12-12,89434.0
Blue,善導寺,2019-12-12,53939.0
Blue,忠孝新生,2019-12-12,41270.5
Blue,忠孝敦化,2019-12-12,77564.0
Blue,國父紀念館,2019-12-12,48506.0
Blue,市政府,2019-12-12,136268.0
Blue,永春,2019-12-12,45366.0
Blue,後山埤,2019-12-12,35629.0
Blue,昆陽,2019-12-12,33716.0
Blue,南港,2019-12-12,43870.0
Blue,忠孝復興,2019-12-12,58735.5
Blue,南港展覽館,2019-12-12,46263.5
Blue,台北車站,2019-12-13,186033.0
Blue,頂埔,2019-12-13,20774.0
Blue,永寧,2019-12-13,32984.0
Blue,土城,2019-12-13,17772.0
Blue,海山,2019-12-13,50973.0
Blue,亞東醫院,2019-12-13,56952.0
Blue,府中,2019-12-13,74189.0
Blue,板橋,2019-12-13,125880.0
Blue,新埔,2019-12-13,98679.0
Blue,江子翠,2019-12-13,59349.0
Blue,龍山寺,2019-12-13,72328.0
Blue,西門,2019-12-13,105125.0
Blue,善導寺,2019-12-13,56229.0
Blue,忠孝新生,2019-12-13,48429.5
Blue,忠孝敦化,2019-12-13,87340.0
Blue,國父紀念館,2019-12-13,55720.0
Blue,市政府,2019-12-13,162217.0
Blue,永春,2019-12-13,48534.0
Blue,後山埤,2019-12-13,38490.0
Blue,昆陽,2019-12-13,34679.0
Blue,南港,2019-12-13,51700.0
Blue,忠孝復興,2019-12-13,67643.5
Blue,南港展覽館,2019-12-13,52949.0
Blue,台北車站,2019-12-14,219840.5
Blue,頂埔,2019-12-14,17221.0
Blue,永寧,2019-12-14,34453.0
Blue,土城,2019-12-14,18025.0
Blue,海山,2019-12-14,44730.0
Blue,亞東醫院,2019-12-14,45061.0
Blue,府中,2019-12-14,89390.0
Blue,板橋,2019-12-14,241791.0
Blue,新埔,2019-12-14,89008.0
Blue,江子翠,2019-12-14,54790.0
Blue,龍山寺,2019-12-14,82303.0
Blue,西門,2019-12-14,147502.5
Blue,善導寺,2019-12-14,42884.0
Blue,忠孝新生,2019-12-14,51274.5
Blue,忠孝敦化,2019-12-14,84929.0
Blue,國父紀念館,2019-12-14,57181.0
Blue,市政府,2019-12-14,164751.0
Blue,永春,2019-12-14,38597.0
Blue,後山埤,2019-12-14,35111.0
Blue,昆陽,2019-12-14,23046.0
Blue,南港,2019-12-14,45801.0
Blue,忠孝復興,2019-12-14,71333.5
Blue,南港展覽館,2019-12-14,47349.0
Blue,台北車站,2019-12-15,208705.5
Blue,頂埔,2019-12-15,15850.0
Blue,永寧,2019-12-15,28674.0
Blue,土城,2019-12-15,14221.0
Blue,海山,2019-12-15,38212.0
Blue,亞東醫院,2019-12-15,35225.0
Blue,府中,2019-12-15,70382.0
Blue,板橋,2019-12-15,181159.0
Blue,新埔,2019-12-15,73592.0
Blue,江子翠,2019-12-15,45495.0
Blue,龍山寺,2019-12-15,70007.0
Blue,西門,2019-12-15,123670.0
Blue,善導寺,2019-12-15,33350.0
Blue,忠孝新生,2019-12-15,42897.0
Blue,忠孝敦化,2019-12-15,65257.0
Blue,國父紀念館,2019-12-15,44732.0
Blue,市政府,2019-12-15,151085.0
Blue,永春,2019-12-15,30987.0
Blue,後山埤,2019-12-15,30259.0
Blue,昆陽,2019-12-15,19714.0
Blue,南港,2019-12-15,41598.0
Blue,忠孝復興,2019-12-15,57803.0
Blue,南港展覽館,2019-12-15,37839.0
Blue,台北車站,2019-12-16,151479.5
Blue,頂埔,2019-12-16,19157.0
Blue,永寧,2019-12-16,28910.0
Blue,土城,2019-12-16,16270.0
Blue,海山,2019-12-16,47537.0
Blue,亞東醫院,2019-12-16,53844.0
Blue,府中,2019-12-16,64511.0
Blue,板橋,2019-12-16,103966.0
Blue,新埔,2019-12-16,90047.0
Blue,江子翠,2019-12-16,54618.0
Blue,龍山寺,2019-12-16,65127.0
Blue,西門,2019-12-16,89041.0
Blue,善導寺,2019-12-16,49032.0
Blue,忠孝新生,2019-12-16,40326.0
Blue,忠孝敦化,2019-12-16,71896.0
Blue,國父紀念館,2019-12-16,45316.0
Blue,市政府,2019-12-16,133052.0
Blue,永春,2019-12-16,42938.0
Blue,後山埤,2019-12-16,34830.0
Blue,昆陽,2019-12-16,32005.0
Blue,南港,2019-12-16,40002.0
Blue,忠孝復興,2019-12-16,55956.0
Blue,南港展覽館,2019-12-16,37282.5
Blue,台北車站,2019-12-17,142247.5
Blue,頂埔,2019-12-17,19263.0
Blue,永寧,2019-12-17,29235.0
Blue,土城,2019-12-17,16088.0
Blue,海山,2019-12-17,48127.0
Blue,亞東醫院,2019-12-17,55553.0
Blue,府中,2019-12-17,66367.0
Blue,板橋,2019-12-17,101133.0
Blue,新埔,2019-12-17,91498.0
Blue,江子翠,2019-12-17,55501.0
Blue,龍山寺,2019-12-17,64966.0
Blue,西門,2019-12-17,88463.0
Blue,善導寺,2019-12-17,53849.0
Blue,忠孝新生,2019-12-17,40136.0
Blue,忠孝敦化,2019-12-17,74206.0
Blue,國父紀念館,2019-12-17,49018.0
Blue,市政府,2019-12-17,132580.0
Blue,永春,2019-12-17,44619.0
Blue,後山埤,2019-12-17,35387.0
Blue,昆陽,2019-12-17,32390.0
Blue,南港,2019-12-17,40518.0
Blue,忠孝復興,2019-12-17,57440.5
Blue,南港展覽館,2019-12-17,38496.0
Blue,台北車站,2019-12-18,144211.5
Blue,頂埔,2019-12-18,19632.0
Blue,永寧,2019-12-18,29625.0
Blue,土城,2019-12-18,16569.0
Blue,海山,2019-12-18,47933.0
Blue,亞東醫院,2019-12-18,56418.0
Blue,府中,2019-12-18,65941.0
Blue,板橋,2019-12-18,100619.0
Blue,新埔,2019-12-18,92748.0
Blue,江子翠,2019-12-18,56215.0
Blue,龍山寺,2019-12-18,65022.0
Blue,西門,2019-12-18,88581.0
Blue,善導寺,2019-12-18,54055.0
Blue,忠孝新生,2019-12-18,41398.0
Blue,忠孝敦化,2019-12-18,77247.0
Blue,國父紀念館,2019-12-18,49310.0
Blue,市政府,2019-12-18,136729.0
Blue,永春,2019-12-18,45655.0
Blue,後山埤,2019-12-18,35846.0
Blue,昆陽,2019-12-18,32916.0
Blue,南港,2019-12-18,41874.0
Blue,忠孝復興,2019-12-18,58556.5
Blue,南港展覽館,2019-12-18,40651.5
Blue,台北車站,2019-12-19,148515.0
Blue,頂埔,2019-12-19,19481.0
Blue,永寧,2019-12-19,29419.0
Blue,土城,2019-12-19,16198.0
Blue,海山,2019-12-19,47779.0
Blue,亞東醫院,2019-12-19,56336.0
Blue,府中,2019-12-19,67230.0
Blue,板橋,2019-12-19,101960.0
Blue,新埔,2019-12-19,92347.0
Blue,江子翠,2019-12-19,56287.0
Blue,龍山寺,2019-12-19,66355.0
Blue,西門,2019-12-19,89810.0
Blue,善導寺,2019-12-19,54829.0
Blue,忠孝新生,2019-12-19,42014.5
Blue,忠孝敦化,2019-12-19,80979.0
Blue,國父紀念館,2019-12-19,49559.0
Blue,市政府,2019-12-19,139468.0
Blue,永春,2019-12-19,45797.0
Blue,後山埤,2019-12-19,36223.0
Blue,昆陽,2019-12-19,33872.0
Blue,南港,2019-12-19,43491.0
Blue,忠孝復興,2019-12-19,59776.0
Blue,南港展覽館,2019-12-19,41163.0
Blue,台北車站,2019-12-20,185989.5
Blue,頂埔,2019-12-20,20406.0
Blue,永寧,2019-12-20,32166.0
Blue,土城,2019-12-20,17380.0
Blue,海山,2019-12-20,50836.0
Blue,亞東醫院,2019-12-20,57637.0
Blue,府中,2019-12-20,74355.0
Blue,板橋,2019-12-20,123221.0
Blue,新埔,2019-12-20,99686.0
Blue,江子翠,2019-12-20,60433.0
Blue,龍山寺,2019-12-20,69729.0
Blue,西門,2019-12-20,106621.5
Blue,善導寺,2019-12-20,57652.0
Blue,忠孝新生,2019-12-20,48894.5
Blue,忠孝敦化,2019-12-20,92651.0
Blue,國父紀念館,2019-12-20,57235.0
Blue,市政府,2019-12-20,163717.0
Blue,永春,2019-12-20,48839.0
Blue,後山埤,2019-12-20,39068.0
Blue,昆陽,2019-12-20,34924.0
Blue,南港,2019-12-20,49884.0
Blue,忠孝復興,2019-12-20,69700.5
Blue,南港展覽館,2019-12-20,47816.5
Blue,台北車站,2019-12-21,194654.0
Blue,頂埔,2019-12-21,16172.0
Blue,永寧,2019-12-21,28849.0
Blue,土城,2019-12-21,15803.0
Blue,海山,2019-12-21,44853.0
Blue,亞東醫院,2019-12-21,42961.0
Blue,府中,2019-12-21,78480.0
Blue,板橋,2019-12-21,169502.0
Blue,新埔,2019-12-21,83648.0
Blue,江子翠,2019-12-21,52314.0
Blue,龍山寺,2019-12-21,75608.0
Blue,西門,2019-12-21,130248.0
Blue,善導寺,2019-12-21,45729.0
Blue,忠孝新生,2019-12-21,50596.0
Blue,忠孝敦化,2019-12-21,82243.0
Blue,國父紀念館,2019-12-21,51374.0
Blue,市政府,2019-12-21,158870.0
Blue,永春,2019-12-21,41451.0
Blue,後山埤,2019-12-21,33936.0
Blue,昆陽,2019-12-21,22554.0
Blue,南港,2019-12-21,41072.0
Blue,忠孝復興,2019-12-21,71426.0
Blue,南港展覽館,2019-12-21,27731.0
Blue,台北車站,2019-12-22,190281.5
Blue,頂埔,2019-12-22,14107.0
Blue,永寧,2019-12-22,24742.0
Blue,土城,2019-12-22,13401.0
Blue,海山,2019-12-22,35265.0
Blue,亞東醫院,2019-12-22,33112.0
Blue,府中,2019-12-22,62021.0
Blue,板橋,2019-12-22,126030.0
Blue,新埔,2019-12-22,66583.0
Blue,江子翠,2019-12-22,42267.0
Blue,龍山寺,2019-12-22,69062.0
Blue,西門,2019-12-22,113751.5
Blue,善導寺,2019-12-22,34963.0
Blue,忠孝新生,2019-12-22,43179.5
Blue,忠孝敦化,2019-12-22,64730.0
Blue,國父紀念館,2019-12-22,40114.0
Blue,市政府,2019-12-22,133466.0
Blue,永春,2019-12-22,30439.0
Blue,後山埤,2019-12-22,29108.0
Blue,昆陽,2019-12-22,17635.0
Blue,南港,2019-12-22,35782.0
Blue,忠孝復興,2019-12-22,58596.5
Blue,南港展覽館,2019-12-22,22862.5
Blue,台北車站,2019-12-23,153313.0
Blue,頂埔,2019-12-23,19196.0
Blue,永寧,2019-12-23,29331.0
Blue,土城,2019-12-23,16055.0
Blue,海山,2019-12-23,47851.0
Blue,亞東醫院,2019-12-23,54608.0
Blue,府中,2019-12-23,66232.0
Blue,板橋,2019-12-23,108033.0
Blue,新埔,2019-12-23,91257.0
Blue,江子翠,2019-12-23,54873.0
Blue,龍山寺,2019-12-23,67315.0
Blue,西門,2019-12-23,93112.0
Blue,善導寺,2019-12-23,50533.0
Blue,忠孝新生,2019-12-23,43230.5
Blue,忠孝敦化,2019-12-23,76391.0
Blue,國父紀念館,2019-12-23,47507.0
Blue,市政府,2019-12-23,142786.0
Blue,永春,2019-12-23,43995.0
Blue,後山埤,2019-12-23,35574.0
Blue,昆陽,2019-12-23,32455.0
Blue,南港,2019-12-23,40556.0
Blue,忠孝復興,2019-12-23,59552.5
Blue,南港展覽館,2019-12-23,37586.0
Blue,台北車站,2019-12-24,153364.5
Blue,頂埔,2019-12-24,20128.0
Blue,永寧,2019-12-24,29604.0
Blue,土城,2019-12-24,16432.0
Blue,海山,2019-12-24,48779.0
Blue,亞東醫院,2019-12-24,55842.0
Blue,府中,2019-12-24,69367.0
Blue,板橋,2019-12-24,119069.0
Blue,新埔,2019-12-24,93963.0
Blue,江子翠,2019-12-24,56746.0
Blue,龍山寺,2019-12-24,68724.0
Blue,西門,2019-12-24,97557.0
Blue,善導寺,2019-12-24,54982.0
Blue,忠孝新生,2019-12-24,45264.0
Blue,忠孝敦化,2019-12-24,81625.0
Blue,國父紀念館,2019-12-24,50224.0
Blue,市政府,2019-12-24,153540.0
Blue,永春,2019-12-24,45368.0
Blue,後山埤,2019-12-24,36260.0
Blue,昆陽,2019-12-24,33059.0
Blue,南港,2019-12-24,42121.0
Blue,忠孝復興,2019-12-24,63727.5
Blue,南港展覽館,2019-12-24,38941.0
Blue,台北車站,2019-12-25,158837.0
Blue,頂埔,2019-12-25,19824.0
Blue,永寧,2019-12-25,29949.0
Blue,土城,2019-12-25,16839.0
Blue,海山,2019-12-25,49428.0
Blue,亞東醫院,2019-12-25,56533.0
Blue,府中,2019-12-25,71153.0
Blue,板橋,2019-12-25,127147.0
Blue,新埔,2019-12-25,95572.0
Blue,江子翠,2019-12-25,57920.0
Blue,龍山寺,2019-12-25,70209.0
Blue,西門,2019-12-25,102774.5
Blue,善導寺,2019-12-25,56931.0
Blue,忠孝新生,2019-12-25,46734.0
Blue,忠孝敦化,2019-12-25,84889.0
Blue,國父紀念館,2019-12-25,52972.0
Blue,市政府,2019-12-25,168015.0
Blue,永春,2019-12-25,45766.0
Blue,後山埤,2019-12-25,36609.0
Blue,昆陽,2019-12-25,33318.0
Blue,南港,2019-12-25,43608.0
Blue,忠孝復興,2019-12-25,66092.5
Blue,南港展覽館,2019-12-25,38475.5
Blue,台北車站,2019-12-26,153345.0
Blue,頂埔,2019-12-26,19553.0
Blue,永寧,2019-12-26,29851.0
Blue,土城,2019-12-26,16096.0
Blue,海山,2019-12-26,48352.0
Blue,亞東醫院,2019-12-26,56189.0
Blue,府中,2019-12-26,68696.0
Blue,板橋,2019-12-26,103450.0
Blue,新埔,2019-12-26,93077.0
Blue,江子翠,2019-12-26,56284.0
Blue,龍山寺,2019-12-26,72350.0
Blue,西門,2019-12-26,94035.5
Blue,善導寺,2019-12-26,56371.0
Blue,忠孝新生,2019-12-26,44148.0
Blue,忠孝敦化,2019-12-26,81181.0
Blue,國父紀念館,2019-12-26,49910.0
Blue,市政府,2019-12-26,148722.0
Blue,永春,2019-12-26,45719.0
Blue,後山埤,2019-12-26,37242.0
Blue,昆陽,2019-12-26,33932.0
Blue,南港,2019-12-26,42345.0
Blue,忠孝復興,2019-12-26,61807.5
Blue,南港展覽館,2019-12-26,38729.0
Blue,台北車站,2019-12-27,182681.0
Blue,頂埔,2019-12-27,20200.0
Blue,永寧,2019-12-27,31790.0
Blue,土城,2019-12-27,17371.0
Blue,海山,2019-12-27,50781.0
Blue,亞東醫院,2019-12-27,58190.0
Blue,府中,2019-12-27,73904.0
Blue,板橋,2019-12-27,116812.0
Blue,新埔,2019-12-27,98648.0
Blue,江子翠,2019-12-27,60281.0
Blue,龍山寺,2019-12-27,74522.0
Blue,西門,2019-12-27,106473.5
Blue,善導寺,2019-12-27,58095.0
Blue,忠孝新生,2019-12-27,50374.5
Blue,忠孝敦化,2019-12-27,90819.0
Blue,國父紀念館,2019-12-27,55385.0
Blue,市政府,2019-12-27,167015.0
Blue,永春,2019-12-27,48581.0
Blue,後山埤,2019-12-27,39224.0
Blue,昆陽,2019-12-27,34758.0
Blue,南港,2019-12-27,48675.0
Blue,忠孝復興,2019-12-27,69433.0
Blue,南港展覽館,2019-12-27,41854.5
Blue,台北車站,2019-12-28,192897.5
Blue,頂埔,2019-12-28,15477.0
Blue,永寧,2019-12-28,28444.0
Blue,土城,2019-12-28,15180.0
Blue,海山,2019-12-28,40922.0
Blue,亞東醫院,2019-12-28,38665.0
Blue,府中,2019-12-28,73728.0
Blue,板橋,2019-12-28,139746.0
Blue,新埔,2019-12-28,80802.0
Blue,江子翠,2019-12-28,51158.0
Blue,龍山寺,2019-12-28,75403.0
Blue,西門,2019-12-28,128783.0
Blue,善導寺,2019-12-28,42171.0
Blue,忠孝新生,2019-12-28,50913.5
Blue,忠孝敦化,2019-12-28,81454.0
Blue,國父紀念館,2019-12-28,49749.0
Blue,市政府,2019-12-28,156557.0
Blue,永春,2019-12-28,35888.0
Blue,後山埤,2019-12-28,33841.0
Blue,昆陽,2019-12-28,21470.0
Blue,南港,2019-12-28,42313.0
Blue,忠孝復興,2019-12-28,68691.5
Blue,南港展覽館,2019-12-28,47028.0
Blue,台北車站,2019-12-29,177828.0
Blue,頂埔,2019-12-29,11857.0
Blue,永寧,2019-12-29,21114.0
Blue,土城,2019-12-29,11131.0
Blue,海山,2019-12-29,30721.0
Blue,亞東醫院,2019-12-29,29152.0
Blue,府中,2019-12-29,54273.0
Blue,板橋,2019-12-29,94194.0
Blue,新埔,2019-12-29,63029.0
Blue,江子翠,2019-12-29,38459.0
Blue,龍山寺,2019-12-29,56265.0
Blue,西門,2019-12-29,101851.5
Blue,善導寺,2019-12-29,36741.0
Blue,忠孝新生,2019-12-29,38417.0
Blue,忠孝敦化,2019-12-29,62141.0
Blue,國父紀念館,2019-12-29,38284.0
Blue,市政府,2019-12-29,127173.0
Blue,永春,2019-12-29,28617.0
Blue,後山埤,2019-12-29,26035.0
Blue,昆陽,2019-12-29,17325.0
Blue,南港,2019-12-29,39899.0
Blue,忠孝復興,2019-12-29,55700.0
Blue,南港展覽館,2019-12-29,41208.0
Blue,台北車站,2019-12-30,165713.5
Blue,頂埔,2019-12-30,19138.0
Blue,永寧,2019-12-30,28551.0
Blue,土城,2019-12-30,16131.0
Blue,海山,2019-12-30,47538.0
Blue,亞東醫院,2019-12-30,55293.0
Blue,府中,2019-12-30,65563.0
Blue,板橋,2019-12-30,98076.0
Blue,新埔,2019-12-30,92886.0
Blue,江子翠,2019-12-30,55517.0
Blue,龍山寺,2019-12-30,68703.0
Blue,西門,2019-12-30,96314.5
Blue,善導寺,2019-12-30,54518.0
Blue,忠孝新生,2019-12-30,45014.5
Blue,忠孝敦化,2019-12-30,82347.0
Blue,國父紀念館,2019-12-30,51878.0
Blue,市政府,2019-12-30,153845.0
Blue,永春,2019-12-30,45619.0
Blue,後山埤,2019-12-30,36605.0
Blue,昆陽,2019-12-30,32579.0
Blue,南港,2019-12-30,45105.0
Blue,忠孝復興,2019-12-30,65013.5
Blue,南港展覽館,2019-12-30,46156.0
Blue,台北車站,2019-12-31,207161.0
Blue,頂埔,2019-12-31,22782.0
Blue,永寧,2019-12-31,33792.0
Blue,土城,2019-12-31,18138.0
Blue,海山,2019-12-31,53205.0
Blue,亞東醫院,2019-12-31,60026.0
Blue,府中,2019-12-31,80463.0
Blue,板橋,2019-12-31,124653.0
Blue,新埔,2019-12-31,104159.0
Blue,江子翠,2019-12-31,63601.0
Blue,龍山寺,2019-12-31,82402.0
Blue,西門,2019-12-31,141421.5
Blue,善導寺,2019-12-31,55161.0
Blue,忠孝新生,2019-12-31,52575.0
Blue,忠孝敦化,2019-12-31,107336.0
Blue,國父紀念館,2019-12-31,109498.0
Blue,市政府,2019-12-31,258858.0
Blue,永春,2019-12-31,62674.0
Blue,後山埤,2019-12-31,44992.0
Blue,昆陽,2019-12-31,36923.0
Blue,南港,2019-12-31,60294.0
Blue,忠孝復興,2019-12-31,81097.5
Blue,南港展覽館,2019-12-31,53049.5
Blue,台北車站,2020-01-01,8852.0
Blue,頂埔,2020-01-01,1276.0
Blue,永寧,2020-01-01,1273.0
Blue,土城,2020-01-01,783.0
Blue,海山,2020-01-01,2449.0
Blue,亞東醫院,2020-01-01,2242.0
Blue,府中,2020-01-01,4336.0
Blue,板橋,2020-01-01,4631.0
Blue,新埔,2020-01-01,3761.0
Blue,江子翠,2020-01-01,2555.0
Blue,龍山寺,2020-01-01,2668.0
Blue,西門,2020-01-01,8856.0
Blue,善導寺,2020-01-01,2249.0
Blue,忠孝新生,2020-01-01,1666.0
Blue,忠孝敦化,2020-01-01,8502.0
Blue,國父紀念館,2020-01-01,8206.0
Blue,市政府,2020-01-01,17847.0
Blue,永春,2020-01-01,3592.0
Blue,後山埤,2020-01-01,1843.0
Blue,昆陽,2020-01-01,1026.0
Blue,南港,2020-01-01,1370.0
Blue,忠孝復興,2020-01-01,3546.0
Blue,南港展覽館,2020-01-01,2079.0
