line,station,date,people
Blue,台北車站,2018-01-01,176095.0
Blue,頂埔,2018-01-01,11925.0
Blue,永寧,2018-01-01,20290.0
Blue,土城,2018-01-01,10789.0
Blue,海山,2018-01-01,31812.0
Blue,亞東醫院,2018-01-01,24256.0
Blue,府中,2018-01-01,45408.0
Blue,板橋,2018-01-01,88306.0
Blue,新埔,2018-01-01,52859.0
Blue,江子翠,2018-01-01,35061.0
Blue,龍山寺,2018-01-01,70906.0
Blue,西門,2018-01-01,103051.5
Blue,善導寺,2018-01-01,21633.0
Blue,忠孝新生,2018-01-01,30380.0
Blue,忠孝敦化,2018-01-01,56083.0
Blue,國父紀念館,2018-01-01,31648.0
Blue,市政府,2018-01-01,106744.0
Blue,永春,2018-01-01,25543.0
Blue,後山埤,2018-01-01,25801.0
Blue,昆陽,2018-01-01,16115.0
Blue,南港,2018-01-01,33520.0
Blue,忠孝復興,2018-01-01,53660.0
Blue,南港展覽館,2018-01-01,35350.0
Blue,台北車站,2018-01-02,139488.5
Blue,頂埔,2018-01-02,16067.0
Blue,永寧,2018-01-02,24236.0
Blue,土城,2018-01-02,13707.0
Blue,海山,2018-01-02,43295.0
Blue,亞東醫院,2018-01-02,45037.0
Blue,府中,2018-01-02,55746.0
Blue,板橋,2018-01-02,76226.0
Blue,新埔,2018-01-02,80841.0
Blue,江子翠,2018-01-02,51785.0
Blue,龍山寺,2018-01-02,61774.0
Blue,西門,2018-01-02,79855.0
Blue,善導寺,2018-01-02,47017.0
Blue,忠孝新生,2018-01-02,36752.0
Blue,忠孝敦化,2018-01-02,71788.0
Blue,國父紀念館,2018-01-02,42360.0
Blue,市政府,2018-01-02,116415.0
Blue,永春,2018-01-02,41298.0
Blue,後山埤,2018-01-02,33292.0
Blue,昆陽,2018-01-02,28783.0
Blue,南港,2018-01-02,34168.0
Blue,忠孝復興,2018-01-02,54937.5
Blue,南港展覽館,2018-01-02,39560.0
Blue,台北車站,2018-01-03,131558.0
Blue,頂埔,2018-01-03,16390.0
Blue,永寧,2018-01-03,24952.0
Blue,土城,2018-01-03,14342.0
Blue,海山,2018-01-03,43974.0
Blue,亞東醫院,2018-01-03,45934.0
Blue,府中,2018-01-03,57949.0
Blue,板橋,2018-01-03,75629.0
Blue,新埔,2018-01-03,83401.0
Blue,江子翠,2018-01-03,53633.0
Blue,龍山寺,2018-01-03,61632.0
Blue,西門,2018-01-03,79077.5
Blue,善導寺,2018-01-03,49617.0
Blue,忠孝新生,2018-01-03,37206.5
Blue,忠孝敦化,2018-01-03,74195.0
Blue,國父紀念館,2018-01-03,43905.0
Blue,市政府,2018-01-03,117879.0
Blue,永春,2018-01-03,41356.0
Blue,後山埤,2018-01-03,33642.0
Blue,昆陽,2018-01-03,29694.0
Blue,南港,2018-01-03,34841.0
Blue,忠孝復興,2018-01-03,56195.5
Blue,南港展覽館,2018-01-03,41588.5
Blue,台北車站,2018-01-04,132899.0
Blue,頂埔,2018-01-04,16177.0
Blue,永寧,2018-01-04,24774.0
Blue,土城,2018-01-04,14069.0
Blue,海山,2018-01-04,44236.0
Blue,亞東醫院,2018-01-04,45799.0
Blue,府中,2018-01-04,57133.0
Blue,板橋,2018-01-04,76163.0
Blue,新埔,2018-01-04,83939.0
Blue,江子翠,2018-01-04,53872.0
Blue,龍山寺,2018-01-04,60544.0
Blue,西門,2018-01-04,78606.5
Blue,善導寺,2018-01-04,48434.0
Blue,忠孝新生,2018-01-04,37830.5
Blue,忠孝敦化,2018-01-04,75097.0
Blue,國父紀念館,2018-01-04,44102.0
Blue,市政府,2018-01-04,121357.0
Blue,永春,2018-01-04,41783.0
Blue,後山埤,2018-01-04,34018.0
Blue,昆陽,2018-01-04,29571.0
Blue,南港,2018-01-04,35067.0
Blue,忠孝復興,2018-01-04,57117.0
Blue,南港展覽館,2018-01-04,41791.0
Blue,台北車站,2018-01-05,162745.0
Blue,頂埔,2018-01-05,17735.0
Blue,永寧,2018-01-05,26378.0
Blue,土城,2018-01-05,15696.0
Blue,海山,2018-01-05,47009.0
Blue,亞東醫院,2018-01-05,47954.0
Blue,府中,2018-01-05,62727.0
Blue,板橋,2018-01-05,88394.0
Blue,新埔,2018-01-05,89294.0
Blue,江子翠,2018-01-05,56536.0
Blue,龍山寺,2018-01-05,64259.0
Blue,西門,2018-01-05,91566.0
Blue,善導寺,2018-01-05,52501.0
Blue,忠孝新生,2018-01-05,44008.0
Blue,忠孝敦化,2018-01-05,86031.0
Blue,國父紀念館,2018-01-05,49295.0
Blue,市政府,2018-01-05,139824.0
Blue,永春,2018-01-05,45556.0
Blue,後山埤,2018-01-05,37073.0
Blue,昆陽,2018-01-05,32487.0
Blue,南港,2018-01-05,40769.0
Blue,忠孝復興,2018-01-05,65789.0
Blue,南港展覽館,2018-01-05,45367.5
Blue,台北車站,2018-01-06,175984.0
Blue,頂埔,2018-01-06,11802.0
Blue,永寧,2018-01-06,20449.0
Blue,土城,2018-01-06,11746.0
Blue,海山,2018-01-06,34246.0
Blue,亞東醫院,2018-01-06,32250.0
Blue,府中,2018-01-06,55732.0
Blue,板橋,2018-01-06,82205.0
Blue,新埔,2018-01-06,67125.0
Blue,江子翠,2018-01-06,43527.0
Blue,龍山寺,2018-01-06,56121.0
Blue,西門,2018-01-06,104287.5
Blue,善導寺,2018-01-06,32419.0
Blue,忠孝新生,2018-01-06,40430.0
Blue,忠孝敦化,2018-01-06,77721.0
Blue,國父紀念館,2018-01-06,39376.0
Blue,市政府,2018-01-06,116106.0
Blue,永春,2018-01-06,32948.0
Blue,後山埤,2018-01-06,28610.0
Blue,昆陽,2018-01-06,19054.0
Blue,南港,2018-01-06,34327.0
Blue,忠孝復興,2018-01-06,69002.5
Blue,南港展覽館,2018-01-06,43336.0
Blue,台北車站,2018-01-07,153837.5
Blue,頂埔,2018-01-07,10583.0
Blue,永寧,2018-01-07,16373.0
Blue,土城,2018-01-07,9590.0
Blue,海山,2018-01-07,28303.0
Blue,亞東醫院,2018-01-07,23887.0
Blue,府中,2018-01-07,42566.0
Blue,板橋,2018-01-07,70756.0
Blue,新埔,2018-01-07,53482.0
Blue,江子翠,2018-01-07,34154.0
Blue,龍山寺,2018-01-07,45690.0
Blue,西門,2018-01-07,82947.5
Blue,善導寺,2018-01-07,26547.0
Blue,忠孝新生,2018-01-07,29312.0
Blue,忠孝敦化,2018-01-07,57149.0
Blue,國父紀念館,2018-01-07,30203.0
Blue,市政府,2018-01-07,92728.0
Blue,永春,2018-01-07,26433.0
Blue,後山埤,2018-01-07,23380.0
Blue,昆陽,2018-01-07,15922.0
Blue,南港,2018-01-07,30141.0
Blue,忠孝復興,2018-01-07,53072.0
Blue,南港展覽館,2018-01-07,37397.0
Blue,台北車站,2018-01-08,138423.5
Blue,頂埔,2018-01-08,16105.0
Blue,永寧,2018-01-08,23654.0
Blue,土城,2018-01-08,14272.0
Blue,海山,2018-01-08,44205.0
Blue,亞東醫院,2018-01-08,46583.0
Blue,府中,2018-01-08,55619.0
Blue,板橋,2018-01-08,77704.0
Blue,新埔,2018-01-08,83998.0
Blue,江子翠,2018-01-08,52282.0
Blue,龍山寺,2018-01-08,57398.0
Blue,西門,2018-01-08,76642.0
Blue,善導寺,2018-01-08,48694.0
Blue,忠孝新生,2018-01-08,36521.5
Blue,忠孝敦化,2018-01-08,73344.0
Blue,國父紀念館,2018-01-08,42575.0
Blue,市政府,2018-01-08,121192.0
Blue,永春,2018-01-08,41848.0
Blue,後山埤,2018-01-08,34180.0
Blue,昆陽,2018-01-08,30112.0
Blue,南港,2018-01-08,33288.0
Blue,忠孝復興,2018-01-08,54285.0
Blue,南港展覽館,2018-01-08,32197.0
Blue,台北車站,2018-01-09,129477.5
Blue,頂埔,2018-01-09,16282.0
Blue,永寧,2018-01-09,23314.0
Blue,土城,2018-01-09,14531.0
Blue,海山,2018-01-09,45028.0
Blue,亞東醫院,2018-01-09,46755.0
Blue,府中,2018-01-09,57375.0
Blue,板橋,2018-01-09,77193.0
Blue,新埔,2018-01-09,85041.0
Blue,江子翠,2018-01-09,53784.0
Blue,龍山寺,2018-01-09,58482.0
Blue,西門,2018-01-09,78227.0
Blue,善導寺,2018-01-09,50088.0
Blue,忠孝新生,2018-01-09,37008.0
Blue,忠孝敦化,2018-01-09,74841.0
Blue,國父紀念館,2018-01-09,44027.0
Blue,市政府,2018-01-09,119634.0
Blue,永春,2018-01-09,43160.0
Blue,後山埤,2018-01-09,34811.0
Blue,昆陽,2018-01-09,30088.0
Blue,南港,2018-01-09,32710.0
Blue,忠孝復興,2018-01-09,55300.5
Blue,南港展覽館,2018-01-09,31976.5
Blue,台北車站,2018-01-10,130072.5
Blue,頂埔,2018-01-10,16897.0
Blue,永寧,2018-01-10,24147.0
Blue,土城,2018-01-10,14605.0
Blue,海山,2018-01-10,44848.0
Blue,亞東醫院,2018-01-10,46393.0
Blue,府中,2018-01-10,59193.0
Blue,板橋,2018-01-10,77500.0
Blue,新埔,2018-01-10,85275.0
Blue,江子翠,2018-01-10,54964.0
Blue,龍山寺,2018-01-10,60835.0
Blue,西門,2018-01-10,80592.5
Blue,善導寺,2018-01-10,48931.0
Blue,忠孝新生,2018-01-10,36856.5
Blue,忠孝敦化,2018-01-10,75384.0
Blue,國父紀念館,2018-01-10,44718.0
Blue,市政府,2018-01-10,119581.0
Blue,永春,2018-01-10,42671.0
Blue,後山埤,2018-01-10,34402.0
Blue,昆陽,2018-01-10,29707.0
Blue,南港,2018-01-10,33057.0
Blue,忠孝復興,2018-01-10,56961.5
Blue,南港展覽館,2018-01-10,33272.5
Blue,台北車站,2018-01-11,133126.5
Blue,頂埔,2018-01-11,16709.0
Blue,永寧,2018-01-11,24455.0
Blue,土城,2018-01-11,14644.0
Blue,海山,2018-01-11,45067.0
Blue,亞東醫院,2018-01-11,46236.0
Blue,府中,2018-01-11,58939.0
Blue,板橋,2018-01-11,77446.0
Blue,新埔,2018-01-11,85246.0
Blue,江子翠,2018-01-11,54512.0
Blue,龍山寺,2018-01-11,61011.0
Blue,西門,2018-01-11,81467.0
Blue,善導寺,2018-01-11,48166.0
Blue,忠孝新生,2018-01-11,38431.5
Blue,忠孝敦化,2018-01-11,76729.0
Blue,國父紀念館,2018-01-11,46075.0
Blue,市政府,2018-01-11,123448.0
Blue,永春,2018-01-11,42000.0
Blue,後山埤,2018-01-11,34291.0
Blue,昆陽,2018-01-11,29739.0
Blue,南港,2018-01-11,33214.0
Blue,忠孝復興,2018-01-11,59367.0
Blue,南港展覽館,2018-01-11,33019.5
Blue,台北車站,2018-01-12,162940.0
Blue,頂埔,2018-01-12,17447.0
Blue,永寧,2018-01-12,26716.0
Blue,土城,2018-01-12,15662.0
Blue,海山,2018-01-12,47237.0
Blue,亞東醫院,2018-01-12,47396.0
Blue,府中,2018-01-12,63849.0
Blue,板橋,2018-01-12,86937.0
Blue,新埔,2018-01-12,90066.0
Blue,江子翠,2018-01-12,56977.0
Blue,龍山寺,2018-01-12,64668.0
Blue,西門,2018-01-12,93970.5
Blue,善導寺,2018-01-12,49253.0
Blue,忠孝新生,2018-01-12,44069.0
Blue,忠孝敦化,2018-01-12,87563.0
Blue,國父紀念館,2018-01-12,49332.0
Blue,市政府,2018-01-12,138849.0
Blue,永春,2018-01-12,44874.0
Blue,後山埤,2018-01-12,37009.0
Blue,昆陽,2018-01-12,31742.0
Blue,南港,2018-01-12,38130.0
Blue,忠孝復興,2018-01-12,65474.5
Blue,南港展覽館,2018-01-12,35807.0
Blue,台北車站,2018-01-13,166606.5
Blue,頂埔,2018-01-13,13058.0
Blue,永寧,2018-01-13,22576.0
Blue,土城,2018-01-13,12576.0
Blue,海山,2018-01-13,36911.0
Blue,亞東醫院,2018-01-13,32777.0
Blue,府中,2018-01-13,59300.0
Blue,板橋,2018-01-13,82232.0
Blue,新埔,2018-01-13,69101.0
Blue,江子翠,2018-01-13,46036.0
Blue,龍山寺,2018-01-13,64090.0
Blue,西門,2018-01-13,101674.0
Blue,善導寺,2018-01-13,33471.0
Blue,忠孝新生,2018-01-13,42572.5
Blue,忠孝敦化,2018-01-13,79959.0
Blue,國父紀念館,2018-01-13,42372.0
Blue,市政府,2018-01-13,115794.0
Blue,永春,2018-01-13,34243.0
Blue,後山埤,2018-01-13,30112.0
Blue,昆陽,2018-01-13,19083.0
Blue,南港,2018-01-13,28818.0
Blue,忠孝復興,2018-01-13,67060.5
Blue,南港展覽館,2018-01-13,30168.0
Blue,台北車站,2018-01-14,148815.0
Blue,頂埔,2018-01-14,12630.0
Blue,永寧,2018-01-14,19690.0
Blue,土城,2018-01-14,11173.0
Blue,海山,2018-01-14,31354.0
Blue,亞東醫院,2018-01-14,25663.0
Blue,府中,2018-01-14,47974.0
Blue,板橋,2018-01-14,71788.0
Blue,新埔,2018-01-14,56764.0
Blue,江子翠,2018-01-14,38299.0
Blue,龍山寺,2018-01-14,57637.0
Blue,西門,2018-01-14,86691.0
Blue,善導寺,2018-01-14,25670.0
Blue,忠孝新生,2018-01-14,34238.5
Blue,忠孝敦化,2018-01-14,59167.0
Blue,國父紀念館,2018-01-14,34982.0
Blue,市政府,2018-01-14,94491.0
Blue,永春,2018-01-14,26554.0
Blue,後山埤,2018-01-14,25243.0
Blue,昆陽,2018-01-14,16087.0
Blue,南港,2018-01-14,25198.0
Blue,忠孝復興,2018-01-14,51864.5
Blue,南港展覽館,2018-01-14,18435.5
Blue,台北車站,2018-01-15,134100.0
Blue,頂埔,2018-01-15,16036.0
Blue,永寧,2018-01-15,23965.0
Blue,土城,2018-01-15,14299.0
Blue,海山,2018-01-15,44152.0
Blue,亞東醫院,2018-01-15,43529.0
Blue,府中,2018-01-15,55966.0
Blue,板橋,2018-01-15,74808.0
Blue,新埔,2018-01-15,78681.0
Blue,江子翠,2018-01-15,52296.0
Blue,龍山寺,2018-01-15,60769.0
Blue,西門,2018-01-15,77884.5
Blue,善導寺,2018-01-15,44878.0
Blue,忠孝新生,2018-01-15,35454.5
Blue,忠孝敦化,2018-01-15,72777.0
Blue,國父紀念館,2018-01-15,42756.0
Blue,市政府,2018-01-15,116715.0
Blue,永春,2018-01-15,39507.0
Blue,後山埤,2018-01-15,33343.0
Blue,昆陽,2018-01-15,28662.0
Blue,南港,2018-01-15,34192.0
Blue,忠孝復興,2018-01-15,53600.0
Blue,南港展覽館,2018-01-15,36755.0
Blue,台北車站,2018-01-16,129737.0
Blue,頂埔,2018-01-16,16480.0
Blue,永寧,2018-01-16,24023.0
Blue,土城,2018-01-16,14373.0
Blue,海山,2018-01-16,44038.0
Blue,亞東醫院,2018-01-16,43701.0
Blue,府中,2018-01-16,57078.0
Blue,板橋,2018-01-16,74788.0
Blue,新埔,2018-01-16,80287.0
Blue,江子翠,2018-01-16,52650.0
Blue,龍山寺,2018-01-16,61323.0
Blue,西門,2018-01-16,77736.0
Blue,善導寺,2018-01-16,46544.0
Blue,忠孝新生,2018-01-16,35515.0
Blue,忠孝敦化,2018-01-16,74004.0
Blue,國父紀念館,2018-01-16,44094.0
Blue,市政府,2018-01-16,116388.0
Blue,永春,2018-01-16,41521.0
Blue,後山埤,2018-01-16,33588.0
Blue,昆陽,2018-01-16,29414.0
Blue,南港,2018-01-16,32856.0
Blue,忠孝復興,2018-01-16,55002.5
Blue,南港展覽館,2018-01-16,32667.5
Blue,台北車站,2018-01-17,131517.0
Blue,頂埔,2018-01-17,16557.0
Blue,永寧,2018-01-17,24905.0
Blue,土城,2018-01-17,14436.0
Blue,海山,2018-01-17,44287.0
Blue,亞東醫院,2018-01-17,44067.0
Blue,府中,2018-01-17,57810.0
Blue,板橋,2018-01-17,76341.0
Blue,新埔,2018-01-17,79870.0
Blue,江子翠,2018-01-17,53166.0
Blue,龍山寺,2018-01-17,64002.0
Blue,西門,2018-01-17,79169.0
Blue,善導寺,2018-01-17,47370.0
Blue,忠孝新生,2018-01-17,35579.5
Blue,忠孝敦化,2018-01-17,76060.0
Blue,國父紀念館,2018-01-17,44917.0
Blue,市政府,2018-01-17,119132.0
Blue,永春,2018-01-17,42743.0
Blue,後山埤,2018-01-17,33846.0
Blue,昆陽,2018-01-17,29561.0
Blue,南港,2018-01-17,32817.0
Blue,忠孝復興,2018-01-17,56356.0
Blue,南港展覽館,2018-01-17,33686.5
Blue,台北車站,2018-01-18,135642.5
Blue,頂埔,2018-01-18,16212.0
Blue,永寧,2018-01-18,24474.0
Blue,土城,2018-01-18,14442.0
Blue,海山,2018-01-18,45125.0
Blue,亞東醫院,2018-01-18,43556.0
Blue,府中,2018-01-18,57652.0
Blue,板橋,2018-01-18,77591.0
Blue,新埔,2018-01-18,80233.0
Blue,江子翠,2018-01-18,53692.0
Blue,龍山寺,2018-01-18,60254.0
Blue,西門,2018-01-18,80598.5
Blue,善導寺,2018-01-18,46273.0
Blue,忠孝新生,2018-01-18,36648.5
Blue,忠孝敦化,2018-01-18,78350.0
Blue,國父紀念館,2018-01-18,46674.0
Blue,市政府,2018-01-18,123929.0
Blue,永春,2018-01-18,42721.0
Blue,後山埤,2018-01-18,34130.0
Blue,昆陽,2018-01-18,29568.0
Blue,南港,2018-01-18,34275.0
Blue,忠孝復興,2018-01-18,57450.5
Blue,南港展覽館,2018-01-18,34956.0
Blue,台北車站,2018-01-19,168907.5
Blue,頂埔,2018-01-19,17866.0
Blue,永寧,2018-01-19,27027.0
Blue,土城,2018-01-19,15809.0
Blue,海山,2018-01-19,48340.0
Blue,亞東醫院,2018-01-19,47106.0
Blue,府中,2018-01-19,64691.0
Blue,板橋,2018-01-19,94476.0
Blue,新埔,2018-01-19,89461.0
Blue,江子翠,2018-01-19,58388.0
Blue,龍山寺,2018-01-19,64350.0
Blue,西門,2018-01-19,106777.5
Blue,善導寺,2018-01-19,51030.0
Blue,忠孝新生,2018-01-19,41379.0
Blue,忠孝敦化,2018-01-19,92051.0
Blue,國父紀念館,2018-01-19,55755.0
Blue,市政府,2018-01-19,146642.0
Blue,永春,2018-01-19,47524.0
Blue,後山埤,2018-01-19,38135.0
Blue,昆陽,2018-01-19,32748.0
Blue,南港,2018-01-19,41373.0
Blue,忠孝復興,2018-01-19,69393.0
Blue,南港展覽館,2018-01-19,38671.5
Blue,台北車站,2018-01-20,164581.0
Blue,頂埔,2018-01-20,12987.0
Blue,永寧,2018-01-20,22131.0
Blue,土城,2018-01-20,13042.0
Blue,海山,2018-01-20,36822.0
Blue,亞東醫院,2018-01-20,33696.0
Blue,府中,2018-01-20,62409.0
Blue,板橋,2018-01-20,82910.0
Blue,新埔,2018-01-20,68994.0
Blue,江子翠,2018-01-20,46314.0
Blue,龍山寺,2018-01-20,63483.0
Blue,西門,2018-01-20,105503.5
Blue,善導寺,2018-01-20,31179.0
Blue,忠孝新生,2018-01-20,40259.5
Blue,忠孝敦化,2018-01-20,79564.0
Blue,國父紀念館,2018-01-20,45112.0
Blue,市政府,2018-01-20,117768.0
Blue,永春,2018-01-20,34696.0
Blue,後山埤,2018-01-20,30334.0
Blue,昆陽,2018-01-20,19424.0
Blue,南港,2018-01-20,30378.0
Blue,忠孝復興,2018-01-20,68634.0
Blue,南港展覽館,2018-01-20,29290.5
Blue,台北車站,2018-01-21,154092.0
Blue,頂埔,2018-01-21,13215.0
Blue,永寧,2018-01-21,21962.0
Blue,土城,2018-01-21,11652.0
Blue,海山,2018-01-21,31459.0
Blue,亞東醫院,2018-01-21,27927.0
Blue,府中,2018-01-21,49136.0
Blue,板橋,2018-01-21,73423.0
Blue,新埔,2018-01-21,58374.0
Blue,江子翠,2018-01-21,38433.0
Blue,龍山寺,2018-01-21,57128.0
Blue,西門,2018-01-21,90324.0
Blue,善導寺,2018-01-21,25013.0
Blue,忠孝新生,2018-01-21,32930.0
Blue,忠孝敦化,2018-01-21,59493.0
Blue,國父紀念館,2018-01-21,35478.0
Blue,市政府,2018-01-21,96851.0
Blue,永春,2018-01-21,27951.0
Blue,後山埤,2018-01-21,25628.0
Blue,昆陽,2018-01-21,16550.0
Blue,南港,2018-01-21,25962.0
Blue,忠孝復興,2018-01-21,52538.5
Blue,南港展覽館,2018-01-21,21392.5
Blue,台北車站,2018-01-22,139144.5
Blue,頂埔,2018-01-22,15893.0
Blue,永寧,2018-01-22,24077.0
Blue,土城,2018-01-22,14688.0
Blue,海山,2018-01-22,43585.0
Blue,亞東醫院,2018-01-22,43041.0
Blue,府中,2018-01-22,55466.0
Blue,板橋,2018-01-22,75772.0
Blue,新埔,2018-01-22,77347.0
Blue,江子翠,2018-01-22,52283.0
Blue,龍山寺,2018-01-22,59445.0
Blue,西門,2018-01-22,80188.0
Blue,善導寺,2018-01-22,41102.0
Blue,忠孝新生,2018-01-22,35827.0
Blue,忠孝敦化,2018-01-22,73780.0
Blue,國父紀念館,2018-01-22,44911.0
Blue,市政府,2018-01-22,119495.0
Blue,永春,2018-01-22,40201.0
Blue,後山埤,2018-01-22,33010.0
Blue,昆陽,2018-01-22,28818.0
Blue,南港,2018-01-22,32762.0
Blue,忠孝復興,2018-01-22,55217.5
Blue,南港展覽館,2018-01-22,32362.0
Blue,台北車站,2018-01-23,135529.5
Blue,頂埔,2018-01-23,16151.0
Blue,永寧,2018-01-23,24626.0
Blue,土城,2018-01-23,14491.0
Blue,海山,2018-01-23,44050.0
Blue,亞東醫院,2018-01-23,43918.0
Blue,府中,2018-01-23,58358.0
Blue,板橋,2018-01-23,77688.0
Blue,新埔,2018-01-23,80279.0
Blue,江子翠,2018-01-23,53233.0
Blue,龍山寺,2018-01-23,60644.0
Blue,西門,2018-01-23,79222.0
Blue,善導寺,2018-01-23,42965.0
Blue,忠孝新生,2018-01-23,35611.0
Blue,忠孝敦化,2018-01-23,76246.0
Blue,國父紀念館,2018-01-23,46963.0
Blue,市政府,2018-01-23,121128.0
Blue,永春,2018-01-23,41815.0
Blue,後山埤,2018-01-23,33921.0
Blue,昆陽,2018-01-23,29904.0
Blue,南港,2018-01-23,33410.0
Blue,忠孝復興,2018-01-23,58017.5
Blue,南港展覽館,2018-01-23,34618.5
Blue,台北車站,2018-01-24,140027.0
Blue,頂埔,2018-01-24,16571.0
Blue,永寧,2018-01-24,25830.0
Blue,土城,2018-01-24,15115.0
Blue,海山,2018-01-24,46088.0
Blue,亞東醫院,2018-01-24,44434.0
Blue,府中,2018-01-24,61074.0
Blue,板橋,2018-01-24,82995.0
Blue,新埔,2018-01-24,82353.0
Blue,江子翠,2018-01-24,55489.0
Blue,龍山寺,2018-01-24,61801.0
Blue,西門,2018-01-24,85005.5
Blue,善導寺,2018-01-24,44360.0
Blue,忠孝新生,2018-01-24,37213.0
Blue,忠孝敦化,2018-01-24,78669.0
Blue,國父紀念館,2018-01-24,48275.0
Blue,市政府,2018-01-24,125748.0
Blue,永春,2018-01-24,43372.0
Blue,後山埤,2018-01-24,34321.0
Blue,昆陽,2018-01-24,30558.0
Blue,南港,2018-01-24,34998.0
Blue,忠孝復興,2018-01-24,58438.0
Blue,南港展覽館,2018-01-24,36313.0
Blue,台北車站,2018-01-25,149892.0
Blue,頂埔,2018-01-25,16331.0
Blue,永寧,2018-01-25,25401.0
Blue,土城,2018-01-25,14656.0
Blue,海山,2018-01-25,44344.0
Blue,亞東醫院,2018-01-25,43455.0
Blue,府中,2018-01-25,61808.0
Blue,板橋,2018-01-25,81999.0
Blue,新埔,2018-01-25,82195.0
Blue,江子翠,2018-01-25,54626.0
Blue,龍山寺,2018-01-25,60969.0
Blue,西門,2018-01-25,86001.5
Blue,善導寺,2018-01-25,42970.0
Blue,忠孝新生,2018-01-25,39802.5
Blue,忠孝敦化,2018-01-25,81093.0
Blue,國父紀念館,2018-01-25,50617.0
Blue,市政府,2018-01-25,131733.0
Blue,永春,2018-01-25,40270.0
Blue,後山埤,2018-01-25,34674.0
Blue,昆陽,2018-01-25,29950.0
Blue,南港,2018-01-25,33769.0
Blue,忠孝復興,2018-01-25,62709.0
Blue,南港展覽館,2018-01-25,35649.0
Blue,台北車站,2018-01-26,171543.5
Blue,頂埔,2018-01-26,17768.0
Blue,永寧,2018-01-26,27507.0
Blue,土城,2018-01-26,15689.0
Blue,海山,2018-01-26,47066.0
Blue,亞東醫院,2018-01-26,45948.0
Blue,府中,2018-01-26,65219.0
Blue,板橋,2018-01-26,92381.0
Blue,新埔,2018-01-26,86262.0
Blue,江子翠,2018-01-26,58556.0
Blue,龍山寺,2018-01-26,63858.0
Blue,西門,2018-01-26,97558.0
Blue,善導寺,2018-01-26,47002.0
Blue,忠孝新生,2018-01-26,43463.0
Blue,忠孝敦化,2018-01-26,91776.0
Blue,國父紀念館,2018-01-26,54232.0
Blue,市政府,2018-01-26,151940.0
Blue,永春,2018-01-26,43704.0
Blue,後山埤,2018-01-26,37087.0
Blue,昆陽,2018-01-26,32254.0
Blue,南港,2018-01-26,38923.0
Blue,忠孝復興,2018-01-26,70817.5
Blue,南港展覽館,2018-01-26,41996.0
Blue,台北車站,2018-01-27,178286.0
Blue,頂埔,2018-01-27,13963.0
Blue,永寧,2018-01-27,24177.0
Blue,土城,2018-01-27,13842.0
Blue,海山,2018-01-27,40900.0
Blue,亞東醫院,2018-01-27,34623.0
Blue,府中,2018-01-27,62610.0
Blue,板橋,2018-01-27,85103.0
Blue,新埔,2018-01-27,72076.0
Blue,江子翠,2018-01-27,48484.0
Blue,龍山寺,2018-01-27,64135.0
Blue,西門,2018-01-27,108270.0
Blue,善導寺,2018-01-27,34111.0
Blue,忠孝新生,2018-01-27,43633.5
Blue,忠孝敦化,2018-01-27,82191.0
Blue,國父紀念館,2018-01-27,47428.0
Blue,市政府,2018-01-27,137108.0
Blue,永春,2018-01-27,34779.0
Blue,後山埤,2018-01-27,32428.0
Blue,昆陽,2018-01-27,20721.0
Blue,南港,2018-01-27,37032.0
Blue,忠孝復興,2018-01-27,71356.5
Blue,南港展覽館,2018-01-27,55052.0
Blue,台北車站,2018-01-28,165324.0
Blue,頂埔,2018-01-28,12044.0
Blue,永寧,2018-01-28,20323.0
Blue,土城,2018-01-28,10693.0
Blue,海山,2018-01-28,31526.0
Blue,亞東醫院,2018-01-28,25881.0
Blue,府中,2018-01-28,47836.0
Blue,板橋,2018-01-28,79475.0
Blue,新埔,2018-01-28,60285.0
Blue,江子翠,2018-01-28,39773.0
Blue,龍山寺,2018-01-28,52523.0
Blue,西門,2018-01-28,88751.5
Blue,善導寺,2018-01-28,27321.0
Blue,忠孝新生,2018-01-28,34084.5
Blue,忠孝敦化,2018-01-28,62004.0
Blue,國父紀念館,2018-01-28,37071.0
Blue,市政府,2018-01-28,107474.0
Blue,永春,2018-01-28,29802.0
Blue,後山埤,2018-01-28,25827.0
Blue,昆陽,2018-01-28,16561.0
Blue,南港,2018-01-28,28779.0
Blue,忠孝復興,2018-01-28,56550.0
Blue,南港展覽館,2018-01-28,20656.5
Blue,台北車站,2018-01-29,155606.5
Blue,頂埔,2018-01-29,15891.0
Blue,永寧,2018-01-29,24158.0
Blue,土城,2018-01-29,14541.0
Blue,海山,2018-01-29,42501.0
Blue,亞東醫院,2018-01-29,43968.0
Blue,府中,2018-01-29,58852.0
Blue,板橋,2018-01-29,82760.0
Blue,新埔,2018-01-29,81555.0
Blue,江子翠,2018-01-29,53775.0
Blue,龍山寺,2018-01-29,58001.0
Blue,西門,2018-01-29,87189.0
Blue,善導寺,2018-01-29,42867.0
Blue,忠孝新生,2018-01-29,38547.0
Blue,忠孝敦化,2018-01-29,79182.0
Blue,國父紀念館,2018-01-29,49355.0
Blue,市政府,2018-01-29,127327.0
Blue,永春,2018-01-29,40106.0
Blue,後山埤,2018-01-29,34209.0
Blue,昆陽,2018-01-29,29671.0
Blue,南港,2018-01-29,32529.0
Blue,忠孝復興,2018-01-29,59865.5
Blue,南港展覽館,2018-01-29,32128.5
Blue,台北車站,2018-01-30,148438.0
Blue,頂埔,2018-01-30,16180.0
Blue,永寧,2018-01-30,23830.0
Blue,土城,2018-01-30,14204.0
Blue,海山,2018-01-30,43075.0
Blue,亞東醫院,2018-01-30,44877.0
Blue,府中,2018-01-30,59666.0
Blue,板橋,2018-01-30,82105.0
Blue,新埔,2018-01-30,82328.0
Blue,江子翠,2018-01-30,55360.0
Blue,龍山寺,2018-01-30,59338.0
Blue,西門,2018-01-30,85054.5
Blue,善導寺,2018-01-30,45561.0
Blue,忠孝新生,2018-01-30,38678.5
Blue,忠孝敦化,2018-01-30,82614.0
Blue,國父紀念館,2018-01-30,50550.0
Blue,市政府,2018-01-30,126598.0
Blue,永春,2018-01-30,41641.0
Blue,後山埤,2018-01-30,35401.0
Blue,昆陽,2018-01-30,30497.0
Blue,南港,2018-01-30,33386.0
Blue,忠孝復興,2018-01-30,61214.5
Blue,南港展覽館,2018-01-30,34544.5
Blue,台北車站,2018-01-31,148757.5
Blue,頂埔,2018-01-31,16994.0
Blue,永寧,2018-01-31,24614.0
Blue,土城,2018-01-31,15376.0
Blue,海山,2018-01-31,43171.0
Blue,亞東醫院,2018-01-31,45084.0
Blue,府中,2018-01-31,60428.0
Blue,板橋,2018-01-31,82775.0
Blue,新埔,2018-01-31,83462.0
Blue,江子翠,2018-01-31,54908.0
Blue,龍山寺,2018-01-31,61598.0
Blue,西門,2018-01-31,85068.5
Blue,善導寺,2018-01-31,45446.0
Blue,忠孝新生,2018-01-31,38556.0
Blue,忠孝敦化,2018-01-31,82395.0
Blue,國父紀念館,2018-01-31,51232.0
Blue,市政府,2018-01-31,128563.0
Blue,永春,2018-01-31,42451.0
Blue,後山埤,2018-01-31,36115.0
Blue,昆陽,2018-01-31,30679.0
Blue,南港,2018-01-31,33555.0
Blue,忠孝復興,2018-01-31,65387.5
Blue,南港展覽館,2018-01-31,34639.5
Blue,台北車站,2018-02-01,152030.0
Blue,頂埔,2018-02-01,16390.0
Blue,永寧,2018-02-01,24298.0
Blue,土城,2018-02-01,14406.0
Blue,海山,2018-02-01,43092.0
Blue,亞東醫院,2018-02-01,44217.0
Blue,府中,2018-02-01,60026.0
Blue,板橋,2018-02-01,81737.0
Blue,新埔,2018-02-01,82997.0
Blue,江子翠,2018-02-01,54938.0
Blue,龍山寺,2018-02-01,59919.0
Blue,西門,2018-02-01,86350.5
Blue,善導寺,2018-02-01,44500.0
Blue,忠孝新生,2018-02-01,40402.5
Blue,忠孝敦化,2018-02-01,83547.0
Blue,國父紀念館,2018-02-01,50793.0
Blue,市政府,2018-02-01,129261.0
Blue,永春,2018-02-01,42020.0
Blue,後山埤,2018-02-01,35884.0
Blue,昆陽,2018-02-01,30127.0
Blue,南港,2018-02-01,35229.0
Blue,忠孝復興,2018-02-01,63253.5
Blue,南港展覽館,2018-02-01,54617.5
Blue,台北車站,2018-02-02,175483.0
Blue,頂埔,2018-02-02,17703.0
Blue,永寧,2018-02-02,26716.0
Blue,土城,2018-02-02,15464.0
Blue,海山,2018-02-02,44587.0
Blue,亞東醫院,2018-02-02,46190.0
Blue,府中,2018-02-02,63406.0
Blue,板橋,2018-02-02,91497.0
Blue,新埔,2018-02-02,87113.0
Blue,江子翠,2018-02-02,57811.0
Blue,龍山寺,2018-02-02,61931.0
Blue,西門,2018-02-02,96762.0
Blue,善導寺,2018-02-02,45950.0
Blue,忠孝新生,2018-02-02,41844.0
Blue,忠孝敦化,2018-02-02,91518.0
Blue,國父紀念館,2018-02-02,56170.0
Blue,市政府,2018-02-02,144177.0
Blue,永春,2018-02-02,44947.0
Blue,後山埤,2018-02-02,37717.0
Blue,昆陽,2018-02-02,31928.0
Blue,南港,2018-02-02,39299.0
Blue,忠孝復興,2018-02-02,70079.5
Blue,南港展覽館,2018-02-02,55208.5
Blue,台北車站,2018-02-03,171289.0
Blue,頂埔,2018-02-03,11934.0
Blue,永寧,2018-02-03,19392.0
Blue,土城,2018-02-03,12158.0
Blue,海山,2018-02-03,34312.0
Blue,亞東醫院,2018-02-03,31465.0
Blue,府中,2018-02-03,54954.0
Blue,板橋,2018-02-03,80483.0
Blue,新埔,2018-02-03,67725.0
Blue,江子翠,2018-02-03,43579.0
Blue,龍山寺,2018-02-03,54686.0
Blue,西門,2018-02-03,98166.5
Blue,善導寺,2018-02-03,30044.0
Blue,忠孝新生,2018-02-03,37741.0
Blue,忠孝敦化,2018-02-03,78296.0
Blue,國父紀念館,2018-02-03,44693.0
Blue,市政府,2018-02-03,112981.0
Blue,永春,2018-02-03,33395.0
Blue,後山埤,2018-02-03,28622.0
Blue,昆陽,2018-02-03,18772.0
Blue,南港,2018-02-03,31307.0
Blue,忠孝復興,2018-02-03,69276.5
Blue,南港展覽館,2018-02-03,52211.5
Blue,台北車站,2018-02-04,159411.0
Blue,頂埔,2018-02-04,10569.0
Blue,永寧,2018-02-04,16465.0
Blue,土城,2018-02-04,10159.0
Blue,海山,2018-02-04,28602.0
Blue,亞東醫院,2018-02-04,24175.0
Blue,府中,2018-02-04,45925.0
Blue,板橋,2018-02-04,72559.0
Blue,新埔,2018-02-04,57462.0
Blue,江子翠,2018-02-04,36156.0
Blue,龍山寺,2018-02-04,48502.0
Blue,西門,2018-02-04,87758.0
Blue,善導寺,2018-02-04,26958.0
Blue,忠孝新生,2018-02-04,31322.5
Blue,忠孝敦化,2018-02-04,61681.0
Blue,國父紀念館,2018-02-04,35085.0
Blue,市政府,2018-02-04,102939.0
Blue,永春,2018-02-04,28068.0
Blue,後山埤,2018-02-04,24776.0
Blue,昆陽,2018-02-04,15685.0
Blue,南港,2018-02-04,27475.0
Blue,忠孝復興,2018-02-04,55375.0
Blue,南港展覽館,2018-02-04,39015.0
Blue,台北車站,2018-02-05,156930.0
Blue,頂埔,2018-02-05,16443.0
Blue,永寧,2018-02-05,23781.0
Blue,土城,2018-02-05,14387.0
Blue,海山,2018-02-05,42060.0
Blue,亞東醫院,2018-02-05,44019.0
Blue,府中,2018-02-05,58430.0
Blue,板橋,2018-02-05,82407.0
Blue,新埔,2018-02-05,81923.0
Blue,江子翠,2018-02-05,53131.0
Blue,龍山寺,2018-02-05,57962.0
Blue,西門,2018-02-05,89211.5
Blue,善導寺,2018-02-05,40414.0
Blue,忠孝新生,2018-02-05,38417.0
Blue,忠孝敦化,2018-02-05,82625.0
Blue,國父紀念館,2018-02-05,49841.0
Blue,市政府,2018-02-05,127829.0
Blue,永春,2018-02-05,40010.0
Blue,後山埤,2018-02-05,34386.0
Blue,昆陽,2018-02-05,29697.0
Blue,南港,2018-02-05,33254.0
Blue,忠孝復興,2018-02-05,61335.0
Blue,南港展覽館,2018-02-05,42278.5
Blue,台北車站,2018-02-06,154039.0
Blue,頂埔,2018-02-06,16693.0
Blue,永寧,2018-02-06,24684.0
Blue,土城,2018-02-06,15156.0
Blue,海山,2018-02-06,43472.0
Blue,亞東醫院,2018-02-06,45193.0
Blue,府中,2018-02-06,61842.0
Blue,板橋,2018-02-06,82568.0
Blue,新埔,2018-02-06,84035.0
Blue,江子翠,2018-02-06,55080.0
Blue,龍山寺,2018-02-06,60992.0
Blue,西門,2018-02-06,91892.5
Blue,善導寺,2018-02-06,42732.0
Blue,忠孝新生,2018-02-06,38750.0
Blue,忠孝敦化,2018-02-06,85572.0
Blue,國父紀念館,2018-02-06,51188.0
Blue,市政府,2018-02-06,130098.0
Blue,永春,2018-02-06,41104.0
Blue,後山埤,2018-02-06,35151.0
Blue,昆陽,2018-02-06,30349.0
Blue,南港,2018-02-06,33076.0
Blue,忠孝復興,2018-02-06,64209.0
Blue,南港展覽館,2018-02-06,36238.0
Blue,台北車站,2018-02-07,159483.5
Blue,頂埔,2018-02-07,17110.0
Blue,永寧,2018-02-07,24860.0
Blue,土城,2018-02-07,15148.0
Blue,海山,2018-02-07,43376.0
Blue,亞東醫院,2018-02-07,44851.0
Blue,府中,2018-02-07,61714.0
Blue,板橋,2018-02-07,84602.0
Blue,新埔,2018-02-07,84681.0
Blue,江子翠,2018-02-07,55342.0
Blue,龍山寺,2018-02-07,59142.0
Blue,西門,2018-02-07,91864.5
Blue,善導寺,2018-02-07,45685.0
Blue,忠孝新生,2018-02-07,40734.5
Blue,忠孝敦化,2018-02-07,85487.0
Blue,國父紀念館,2018-02-07,53262.0
Blue,市政府,2018-02-07,133862.0
Blue,永春,2018-02-07,41569.0
Blue,後山埤,2018-02-07,35094.0
Blue,昆陽,2018-02-07,30582.0
Blue,南港,2018-02-07,33199.0
Blue,忠孝復興,2018-02-07,66605.0
Blue,南港展覽館,2018-02-07,33705.0
Blue,台北車站,2018-02-08,160591.5
Blue,頂埔,2018-02-08,17227.0
Blue,永寧,2018-02-08,25547.0
Blue,土城,2018-02-08,15291.0
Blue,海山,2018-02-08,44972.0
Blue,亞東醫院,2018-02-08,45287.0
Blue,府中,2018-02-08,64220.0
Blue,板橋,2018-02-08,86327.0
Blue,新埔,2018-02-08,85745.0
Blue,江子翠,2018-02-08,56827.0
Blue,龍山寺,2018-02-08,63041.0
Blue,西門,2018-02-08,95648.0
Blue,善導寺,2018-02-08,43907.0
Blue,忠孝新生,2018-02-08,42279.0
Blue,忠孝敦化,2018-02-08,89446.0
Blue,國父紀念館,2018-02-08,55685.0
Blue,市政府,2018-02-08,139212.0
Blue,永春,2018-02-08,42394.0
Blue,後山埤,2018-02-08,35319.0
Blue,昆陽,2018-02-08,30965.0
Blue,南港,2018-02-08,34435.0
Blue,忠孝復興,2018-02-08,69310.5
Blue,南港展覽館,2018-02-08,35071.0
Blue,台北車站,2018-02-09,183550.5
Blue,頂埔,2018-02-09,18672.0
Blue,永寧,2018-02-09,27625.0
Blue,土城,2018-02-09,15972.0
Blue,海山,2018-02-09,46354.0
Blue,亞東醫院,2018-02-09,47086.0
Blue,府中,2018-02-09,67566.0
Blue,板橋,2018-02-09,96473.0
Blue,新埔,2018-02-09,90181.0
Blue,江子翠,2018-02-09,58567.0
Blue,龍山寺,2018-02-09,64751.0
Blue,西門,2018-02-09,104750.5
Blue,善導寺,2018-02-09,47445.0
Blue,忠孝新生,2018-02-09,45449.5
Blue,忠孝敦化,2018-02-09,100660.0
Blue,國父紀念館,2018-02-09,59312.0
Blue,市政府,2018-02-09,151653.0
Blue,永春,2018-02-09,45706.0
Blue,後山埤,2018-02-09,38493.0
Blue,昆陽,2018-02-09,32710.0
Blue,南港,2018-02-09,39320.0
Blue,忠孝復興,2018-02-09,77489.5
Blue,南港展覽館,2018-02-09,39539.0
Blue,台北車站,2018-02-10,179432.5
Blue,頂埔,2018-02-10,13430.0
Blue,永寧,2018-02-10,21023.0
Blue,土城,2018-02-10,12963.0
Blue,海山,2018-02-10,36555.0
Blue,亞東醫院,2018-02-10,33290.0
Blue,府中,2018-02-10,60409.0
Blue,板橋,2018-02-10,83991.0
Blue,新埔,2018-02-10,70610.0
Blue,江子翠,2018-02-10,45859.0
Blue,龍山寺,2018-02-10,61027.0
Blue,西門,2018-02-10,107450.5
Blue,善導寺,2018-02-10,30673.0
Blue,忠孝新生,2018-02-10,41440.5
Blue,忠孝敦化,2018-02-10,89371.0
Blue,國父紀念館,2018-02-10,44982.0
Blue,市政府,2018-02-10,124720.0
Blue,永春,2018-02-10,35725.0
Blue,後山埤,2018-02-10,31112.0
Blue,昆陽,2018-02-10,19886.0
Blue,南港,2018-02-10,29369.0
Blue,忠孝復興,2018-02-10,77645.0
Blue,南港展覽館,2018-02-10,27341.5
Blue,台北車站,2018-02-11,162029.5
Blue,頂埔,2018-02-11,12794.0
Blue,永寧,2018-02-11,19610.0
Blue,土城,2018-02-11,12135.0
Blue,海山,2018-02-11,32541.0
Blue,亞東醫院,2018-02-11,26485.0
Blue,府中,2018-02-11,52996.0
Blue,板橋,2018-02-11,75171.0
Blue,新埔,2018-02-11,60179.0
Blue,江子翠,2018-02-11,39735.0
Blue,龍山寺,2018-02-11,56825.0
Blue,西門,2018-02-11,97628.0
Blue,善導寺,2018-02-11,25208.0
Blue,忠孝新生,2018-02-11,36098.0
Blue,忠孝敦化,2018-02-11,72651.0
Blue,國父紀念館,2018-02-11,39239.0
Blue,市政府,2018-02-11,108816.0
Blue,永春,2018-02-11,29425.0
Blue,後山埤,2018-02-11,27405.0
Blue,昆陽,2018-02-11,16808.0
Blue,南港,2018-02-11,29634.0
Blue,忠孝復興,2018-02-11,65761.0
Blue,南港展覽館,2018-02-11,44020.5
Blue,台北車站,2018-02-12,160817.0
Blue,頂埔,2018-02-12,18493.0
Blue,永寧,2018-02-12,26202.0
Blue,土城,2018-02-12,15194.0
Blue,海山,2018-02-12,43320.0
Blue,亞東醫院,2018-02-12,43987.0
Blue,府中,2018-02-12,62523.0
Blue,板橋,2018-02-12,84968.0
Blue,新埔,2018-02-12,83272.0
Blue,江子翠,2018-02-12,55250.0
Blue,龍山寺,2018-02-12,62855.0
Blue,西門,2018-02-12,97816.0
Blue,善導寺,2018-02-12,41408.0
Blue,忠孝新生,2018-02-12,42001.5
Blue,忠孝敦化,2018-02-12,91810.0
Blue,國父紀念館,2018-02-12,55126.0
Blue,市政府,2018-02-12,134325.0
Blue,永春,2018-02-12,41504.0
Blue,後山埤,2018-02-12,35147.0
Blue,昆陽,2018-02-12,30217.0
Blue,南港,2018-02-12,33335.0
Blue,忠孝復興,2018-02-12,71023.5
Blue,南港展覽館,2018-02-12,33713.0
Blue,台北車站,2018-02-13,158163.5
Blue,頂埔,2018-02-13,18484.0
Blue,永寧,2018-02-13,25956.0
Blue,土城,2018-02-13,14748.0
Blue,海山,2018-02-13,42938.0
Blue,亞東醫院,2018-02-13,42817.0
Blue,府中,2018-02-13,61495.0
Blue,板橋,2018-02-13,87223.0
Blue,新埔,2018-02-13,82194.0
Blue,江子翠,2018-02-13,55018.0
Blue,龍山寺,2018-02-13,61239.0
Blue,西門,2018-02-13,95150.0
Blue,善導寺,2018-02-13,40215.0
Blue,忠孝新生,2018-02-13,40488.0
Blue,忠孝敦化,2018-02-13,89639.0
Blue,國父紀念館,2018-02-13,52653.0
Blue,市政府,2018-02-13,136102.0
Blue,永春,2018-02-13,42544.0
Blue,後山埤,2018-02-13,35177.0
Blue,昆陽,2018-02-13,29915.0
Blue,南港,2018-02-13,34757.0
Blue,忠孝復興,2018-02-13,71940.0
Blue,南港展覽館,2018-02-13,34132.5
Blue,台北車站,2018-02-14,153447.5
Blue,頂埔,2018-02-14,15133.0
Blue,永寧,2018-02-14,22606.0
Blue,土城,2018-02-14,14215.0
Blue,海山,2018-02-14,39676.0
Blue,亞東醫院,2018-02-14,37137.0
Blue,府中,2018-02-14,55760.0
Blue,板橋,2018-02-14,84513.0
Blue,新埔,2018-02-14,73972.0
Blue,江子翠,2018-02-14,49319.0
Blue,龍山寺,2018-02-14,57081.0
Blue,西門,2018-02-14,91417.5
Blue,善導寺,2018-02-14,32108.0
Blue,忠孝新生,2018-02-14,35917.5
Blue,忠孝敦化,2018-02-14,82627.0
Blue,國父紀念館,2018-02-14,46041.0
Blue,市政府,2018-02-14,127556.0
Blue,永春,2018-02-14,37670.0
Blue,後山埤,2018-02-14,32126.0
Blue,昆陽,2018-02-14,26406.0
Blue,南港,2018-02-14,39319.0
Blue,忠孝復興,2018-02-14,71254.5
Blue,南港展覽館,2018-02-14,31475.0
Blue,台北車站,2018-02-15,73039.0
Blue,頂埔,2018-02-15,7875.0
Blue,永寧,2018-02-15,10618.0
Blue,土城,2018-02-15,7180.0
Blue,海山,2018-02-15,18420.0
Blue,亞東醫院,2018-02-15,14096.0
Blue,府中,2018-02-15,21699.0
Blue,板橋,2018-02-15,38667.0
Blue,新埔,2018-02-15,29794.0
Blue,江子翠,2018-02-15,20863.0
Blue,龍山寺,2018-02-15,35090.0
Blue,西門,2018-02-15,40813.5
Blue,善導寺,2018-02-15,12597.0
Blue,忠孝新生,2018-02-15,10778.5
Blue,忠孝敦化,2018-02-15,24314.0
Blue,國父紀念館,2018-02-15,11945.0
Blue,市政府,2018-02-15,45132.0
Blue,永春,2018-02-15,17161.0
Blue,後山埤,2018-02-15,15674.0
Blue,昆陽,2018-02-15,8526.0
Blue,南港,2018-02-15,18125.0
Blue,忠孝復興,2018-02-15,26191.5
Blue,南港展覽館,2018-02-15,10482.5
Blue,台北車站,2018-02-16,110443.0
Blue,頂埔,2018-02-16,11595.0
Blue,永寧,2018-02-16,18946.0
Blue,土城,2018-02-16,10429.0
Blue,海山,2018-02-16,28002.0
Blue,亞東醫院,2018-02-16,19782.0
Blue,府中,2018-02-16,42835.0
Blue,板橋,2018-02-16,61401.0
Blue,新埔,2018-02-16,42497.0
Blue,江子翠,2018-02-16,28422.0
Blue,龍山寺,2018-02-16,122814.0
Blue,西門,2018-02-16,88704.0
Blue,善導寺,2018-02-16,11867.0
Blue,忠孝新生,2018-02-16,19766.0
Blue,忠孝敦化,2018-02-16,35929.0
Blue,國父紀念館,2018-02-16,20334.0
Blue,市政府,2018-02-16,86531.0
Blue,永春,2018-02-16,17204.0
Blue,後山埤,2018-02-16,23107.0
Blue,昆陽,2018-02-16,11310.0
Blue,南港,2018-02-16,23664.0
Blue,忠孝復興,2018-02-16,42532.5
Blue,南港展覽館,2018-02-16,25212.5
Blue,台北車站,2018-02-17,123984.0
Blue,頂埔,2018-02-17,12636.0
Blue,永寧,2018-02-17,19336.0
Blue,土城,2018-02-17,10939.0
Blue,海山,2018-02-17,27580.0
Blue,亞東醫院,2018-02-17,20826.0
Blue,府中,2018-02-17,41840.0
Blue,板橋,2018-02-17,66716.0
Blue,新埔,2018-02-17,44593.0
Blue,江子翠,2018-02-17,29546.0
Blue,龍山寺,2018-02-17,84248.0
Blue,西門,2018-02-17,88196.0
Blue,善導寺,2018-02-17,12870.0
Blue,忠孝新生,2018-02-17,22282.5
Blue,忠孝敦化,2018-02-17,40473.0
Blue,國父紀念館,2018-02-17,24595.0
Blue,市政府,2018-02-17,86757.0
Blue,永春,2018-02-17,19516.0
Blue,後山埤,2018-02-17,23160.0
Blue,昆陽,2018-02-17,12433.0
Blue,南港,2018-02-17,25499.0
Blue,忠孝復興,2018-02-17,44501.0
Blue,南港展覽館,2018-02-17,26903.0
Blue,台北車站,2018-02-18,152406.5
Blue,頂埔,2018-02-18,14560.0
Blue,永寧,2018-02-18,23693.0
Blue,土城,2018-02-18,11809.0
Blue,海山,2018-02-18,30845.0
Blue,亞東醫院,2018-02-18,23651.0
Blue,府中,2018-02-18,48325.0
Blue,板橋,2018-02-18,78013.0
Blue,新埔,2018-02-18,49939.0
Blue,江子翠,2018-02-18,33405.0
Blue,龍山寺,2018-02-18,91504.0
Blue,西門,2018-02-18,107523.0
Blue,善導寺,2018-02-18,15025.0
Blue,忠孝新生,2018-02-18,29740.5
Blue,忠孝敦化,2018-02-18,52122.0
Blue,國父紀念館,2018-02-18,31766.0
Blue,市政府,2018-02-18,104846.0
Blue,永春,2018-02-18,20980.0
Blue,後山埤,2018-02-18,25612.0
Blue,昆陽,2018-02-18,14371.0
Blue,南港,2018-02-18,30405.0
Blue,忠孝復興,2018-02-18,52976.5
Blue,南港展覽館,2018-02-18,29915.0
Blue,台北車站,2018-02-19,152927.0
Blue,頂埔,2018-02-19,14302.0
Blue,永寧,2018-02-19,24519.0
Blue,土城,2018-02-19,11828.0
Blue,海山,2018-02-19,33733.0
Blue,亞東醫院,2018-02-19,27769.0
Blue,府中,2018-02-19,51381.0
Blue,板橋,2018-02-19,79779.0
Blue,新埔,2018-02-19,54828.0
Blue,江子翠,2018-02-19,36461.0
Blue,龍山寺,2018-02-19,92401.0
Blue,西門,2018-02-19,105039.0
Blue,善導寺,2018-02-19,15443.0
Blue,忠孝新生,2018-02-19,31500.0
Blue,忠孝敦化,2018-02-19,59647.0
Blue,國父紀念館,2018-02-19,34698.0
Blue,市政府,2018-02-19,106230.0
Blue,永春,2018-02-19,23297.0
Blue,後山埤,2018-02-19,26619.0
Blue,昆陽,2018-02-19,15515.0
Blue,南港,2018-02-19,30078.0
Blue,忠孝復興,2018-02-19,57195.0
Blue,南港展覽館,2018-02-19,19009.0
Blue,台北車站,2018-02-20,142252.0
Blue,頂埔,2018-02-20,12611.0
Blue,永寧,2018-02-20,20640.0
Blue,土城,2018-02-20,11170.0
Blue,海山,2018-02-20,31376.0
Blue,亞東醫院,2018-02-20,27926.0
Blue,府中,2018-02-20,46573.0
Blue,板橋,2018-02-20,73572.0
Blue,新埔,2018-02-20,53580.0
Blue,江子翠,2018-02-20,35329.0
Blue,龍山寺,2018-02-20,72550.0
Blue,西門,2018-02-20,92598.0
Blue,善導寺,2018-02-20,15682.0
Blue,忠孝新生,2018-02-20,30499.0
Blue,忠孝敦化,2018-02-20,58711.0
Blue,國父紀念館,2018-02-20,32732.0
Blue,市政府,2018-02-20,93915.0
Blue,永春,2018-02-20,24716.0
Blue,後山埤,2018-02-20,26009.0
Blue,昆陽,2018-02-20,15492.0
Blue,南港,2018-02-20,28074.0
Blue,忠孝復興,2018-02-20,53920.5
Blue,南港展覽館,2018-02-20,18148.5
Blue,台北車站,2018-02-21,141337.5
Blue,頂埔,2018-02-21,16600.0
Blue,永寧,2018-02-21,25124.0
Blue,土城,2018-02-21,13921.0
Blue,海山,2018-02-21,42604.0
Blue,亞東醫院,2018-02-21,41728.0
Blue,府中,2018-02-21,55795.0
Blue,板橋,2018-02-21,76249.0
Blue,新埔,2018-02-21,75913.0
Blue,江子翠,2018-02-21,50998.0
Blue,龍山寺,2018-02-21,64768.0
Blue,西門,2018-02-21,84174.5
Blue,善導寺,2018-02-21,38604.0
Blue,忠孝新生,2018-02-21,35876.0
Blue,忠孝敦化,2018-02-21,76019.0
Blue,國父紀念館,2018-02-21,45902.0
Blue,市政府,2018-02-21,117340.0
Blue,永春,2018-02-21,41086.0
Blue,後山埤,2018-02-21,33878.0
Blue,昆陽,2018-02-21,27695.0
Blue,南港,2018-02-21,34196.0
Blue,忠孝復興,2018-02-21,56740.5
Blue,南港展覽館,2018-02-21,30064.0
Blue,台北車站,2018-02-22,145940.5
Blue,頂埔,2018-02-22,16556.0
Blue,永寧,2018-02-22,25254.0
Blue,土城,2018-02-22,14098.0
Blue,海山,2018-02-22,43656.0
Blue,亞東醫院,2018-02-22,43096.0
Blue,府中,2018-02-22,58064.0
Blue,板橋,2018-02-22,79892.0
Blue,新埔,2018-02-22,80314.0
Blue,江子翠,2018-02-22,52391.0
Blue,龍山寺,2018-02-22,61563.0
Blue,西門,2018-02-22,81619.5
Blue,善導寺,2018-02-22,42252.0
Blue,忠孝新生,2018-02-22,36970.0
Blue,忠孝敦化,2018-02-22,79246.0
Blue,國父紀念館,2018-02-22,49823.0
Blue,市政府,2018-02-22,126358.0
Blue,永春,2018-02-22,43281.0
Blue,後山埤,2018-02-22,33784.0
Blue,昆陽,2018-02-22,29358.0
Blue,南港,2018-02-22,34189.0
Blue,忠孝復興,2018-02-22,60980.5
Blue,南港展覽館,2018-02-22,31608.0
Blue,台北車站,2018-02-23,162105.5
Blue,頂埔,2018-02-23,17721.0
Blue,永寧,2018-02-23,27543.0
Blue,土城,2018-02-23,15405.0
Blue,海山,2018-02-23,46526.0
Blue,亞東醫院,2018-02-23,45215.0
Blue,府中,2018-02-23,63271.0
Blue,板橋,2018-02-23,85967.0
Blue,新埔,2018-02-23,85515.0
Blue,江子翠,2018-02-23,55511.0
Blue,龍山寺,2018-02-23,68527.0
Blue,西門,2018-02-23,95821.5
Blue,善導寺,2018-02-23,45044.0
Blue,忠孝新生,2018-02-23,41557.5
Blue,忠孝敦化,2018-02-23,86655.0
Blue,國父紀念館,2018-02-23,54474.0
Blue,市政府,2018-02-23,136186.0
Blue,永春,2018-02-23,45265.0
Blue,後山埤,2018-02-23,36881.0
Blue,昆陽,2018-02-23,30729.0
Blue,南港,2018-02-23,37627.0
Blue,忠孝復興,2018-02-23,68068.5
Blue,南港展覽館,2018-02-23,34207.0
Blue,台北車站,2018-02-24,174583.0
Blue,頂埔,2018-02-24,15271.0
Blue,永寧,2018-02-24,24777.0
Blue,土城,2018-02-24,13473.0
Blue,海山,2018-02-24,39145.0
Blue,亞東醫院,2018-02-24,34468.0
Blue,府中,2018-02-24,62211.0
Blue,板橋,2018-02-24,83725.0
Blue,新埔,2018-02-24,72137.0
Blue,江子翠,2018-02-24,46932.0
Blue,龍山寺,2018-02-24,72317.0
Blue,西門,2018-02-24,143394.0
Blue,善導寺,2018-02-24,31234.0
Blue,忠孝新生,2018-02-24,42810.5
Blue,忠孝敦化,2018-02-24,79658.0
Blue,國父紀念館,2018-02-24,46425.0
Blue,市政府,2018-02-24,115326.0
Blue,永春,2018-02-24,34733.0
Blue,後山埤,2018-02-24,33195.0
Blue,昆陽,2018-02-24,20337.0
Blue,南港,2018-02-24,28821.0
Blue,忠孝復興,2018-02-24,70697.0
Blue,南港展覽館,2018-02-24,24156.5
Blue,台北車站,2018-02-25,166800.0
Blue,頂埔,2018-02-25,12064.0
Blue,永寧,2018-02-25,20631.0
Blue,土城,2018-02-25,11036.0
Blue,海山,2018-02-25,31484.0
Blue,亞東醫院,2018-02-25,26329.0
Blue,府中,2018-02-25,48035.0
Blue,板橋,2018-02-25,74118.0
Blue,新埔,2018-02-25,59173.0
Blue,江子翠,2018-02-25,37122.0
Blue,龍山寺,2018-02-25,56881.0
Blue,西門,2018-02-25,104808.5
Blue,善導寺,2018-02-25,25318.0
Blue,忠孝新生,2018-02-25,34983.5
Blue,忠孝敦化,2018-02-25,61870.0
Blue,國父紀念館,2018-02-25,38217.0
Blue,市政府,2018-02-25,97512.0
Blue,永春,2018-02-25,28638.0
Blue,後山埤,2018-02-25,25376.0
Blue,昆陽,2018-02-25,16639.0
Blue,南港,2018-02-25,26350.0
Blue,忠孝復興,2018-02-25,56885.0
Blue,南港展覽館,2018-02-25,18784.5
Blue,台北車站,2018-02-26,138955.0
Blue,頂埔,2018-02-26,16675.0
Blue,永寧,2018-02-26,26239.0
Blue,土城,2018-02-26,14660.0
Blue,海山,2018-02-26,45384.0
Blue,亞東醫院,2018-02-26,46587.0
Blue,府中,2018-02-26,58142.0
Blue,板橋,2018-02-26,78084.0
Blue,新埔,2018-02-26,84403.0
Blue,江子翠,2018-02-26,53433.0
Blue,龍山寺,2018-02-26,64444.0
Blue,西門,2018-02-26,89313.0
Blue,善導寺,2018-02-26,46121.0
Blue,忠孝新生,2018-02-26,37723.5
Blue,忠孝敦化,2018-02-26,74008.0
Blue,國父紀念館,2018-02-26,45015.0
Blue,市政府,2018-02-26,120741.0
Blue,永春,2018-02-26,41527.0
Blue,後山埤,2018-02-26,33924.0
Blue,昆陽,2018-02-26,29863.0
Blue,南港,2018-02-26,34283.0
Blue,忠孝復興,2018-02-26,55566.5
Blue,南港展覽館,2018-02-26,32705.0
Blue,台北車站,2018-02-27,148049.5
Blue,頂埔,2018-02-27,17387.0
Blue,永寧,2018-02-27,28954.0
Blue,土城,2018-02-27,15404.0
Blue,海山,2018-02-27,47783.0
Blue,亞東醫院,2018-02-27,48754.0
Blue,府中,2018-02-27,63453.0
Blue,板橋,2018-02-27,84667.0
Blue,新埔,2018-02-27,89713.0
Blue,江子翠,2018-02-27,56170.0
Blue,龍山寺,2018-02-27,65539.0
Blue,西門,2018-02-27,105843.0
Blue,善導寺,2018-02-27,50364.0
Blue,忠孝新生,2018-02-27,40147.0
Blue,忠孝敦化,2018-02-27,80715.0
Blue,國父紀念館,2018-02-27,49144.0
Blue,市政府,2018-02-27,130026.0
Blue,永春,2018-02-27,44594.0
Blue,後山埤,2018-02-27,36040.0
Blue,昆陽,2018-02-27,31253.0
Blue,南港,2018-02-27,36472.0
Blue,忠孝復興,2018-02-27,61172.0
Blue,南港展覽館,2018-02-27,36493.0
Blue,台北車站,2018-02-28,148938.0
Blue,頂埔,2018-02-28,10769.0
Blue,永寧,2018-02-28,19089.0
Blue,土城,2018-02-28,11319.0
Blue,海山,2018-02-28,31048.0
Blue,亞東醫院,2018-02-28,31052.0
Blue,府中,2018-02-28,50609.0
Blue,板橋,2018-02-28,73174.0
Blue,新埔,2018-02-28,60226.0
Blue,江子翠,2018-02-28,38901.0
Blue,龍山寺,2018-02-28,56211.0
Blue,西門,2018-02-28,111536.0
Blue,善導寺,2018-02-28,24218.0
Blue,忠孝新生,2018-02-28,36594.0
Blue,忠孝敦化,2018-02-28,67265.0
Blue,國父紀念館,2018-02-28,38986.0
Blue,市政府,2018-02-28,101682.0
Blue,永春,2018-02-28,28042.0
Blue,後山埤,2018-02-28,25918.0
Blue,昆陽,2018-02-28,18423.0
Blue,南港,2018-02-28,27867.0
Blue,忠孝復興,2018-02-28,61230.0
Blue,南港展覽館,2018-02-28,19402.0
Blue,台北車站,2018-03-01,139902.0
Blue,頂埔,2018-03-01,16940.0
Blue,永寧,2018-03-01,26343.0
Blue,土城,2018-03-01,14761.0
Blue,海山,2018-03-01,45594.0
Blue,亞東醫院,2018-03-01,48973.0
Blue,府中,2018-03-01,59557.0
Blue,板橋,2018-03-01,79806.0
Blue,新埔,2018-03-01,85132.0
Blue,江子翠,2018-03-01,54276.0
Blue,龍山寺,2018-03-01,63043.0
Blue,西門,2018-03-01,86834.5
Blue,善導寺,2018-03-01,48064.0
Blue,忠孝新生,2018-03-01,37735.0
Blue,忠孝敦化,2018-03-01,72553.0
Blue,國父紀念館,2018-03-01,43804.0
Blue,市政府,2018-03-01,121172.0
Blue,永春,2018-03-01,42109.0
Blue,後山埤,2018-03-01,34246.0
Blue,昆陽,2018-03-01,30282.0
Blue,南港,2018-03-01,35198.0
Blue,忠孝復興,2018-03-01,55356.0
Blue,南港展覽館,2018-03-01,35809.5
Blue,台北車站,2018-03-02,161068.0
Blue,頂埔,2018-03-02,17553.0
Blue,永寧,2018-03-02,27081.0
Blue,土城,2018-03-02,15519.0
Blue,海山,2018-03-02,47598.0
Blue,亞東醫院,2018-03-02,48198.0
Blue,府中,2018-03-02,62674.0
Blue,板橋,2018-03-02,85228.0
Blue,新埔,2018-03-02,87999.0
Blue,江子翠,2018-03-02,55576.0
Blue,龍山寺,2018-03-02,71437.0
Blue,西門,2018-03-02,109017.5
Blue,善導寺,2018-03-02,48618.0
Blue,忠孝新生,2018-03-02,41555.5
Blue,忠孝敦化,2018-03-02,79906.0
Blue,國父紀念館,2018-03-02,47719.0
Blue,市政府,2018-03-02,130327.0
Blue,永春,2018-03-02,44379.0
Blue,後山埤,2018-03-02,36344.0
Blue,昆陽,2018-03-02,31002.0
Blue,南港,2018-03-02,39559.0
Blue,忠孝復興,2018-03-02,60161.0
Blue,南港展覽館,2018-03-02,41509.5
Blue,台北車站,2018-03-03,193816.5
Blue,頂埔,2018-03-03,14429.0
Blue,永寧,2018-03-03,25989.0
Blue,土城,2018-03-03,14405.0
Blue,海山,2018-03-03,40742.0
Blue,亞東醫院,2018-03-03,38209.0
Blue,府中,2018-03-03,64886.0
Blue,板橋,2018-03-03,90678.0
Blue,新埔,2018-03-03,75625.0
Blue,江子翠,2018-03-03,49833.0
Blue,龍山寺,2018-03-03,78310.0
Blue,西門,2018-03-03,169230.0
Blue,善導寺,2018-03-03,33809.0
Blue,忠孝新生,2018-03-03,44682.0
Blue,忠孝敦化,2018-03-03,75627.0
Blue,國父紀念館,2018-03-03,46332.0
Blue,市政府,2018-03-03,112435.0
Blue,永春,2018-03-03,34008.0
Blue,後山埤,2018-03-03,32079.0
Blue,昆陽,2018-03-03,22086.0
Blue,南港,2018-03-03,32772.0
Blue,忠孝復興,2018-03-03,65358.0
Blue,南港展覽館,2018-03-03,36024.0
Blue,台北車站,2018-03-04,159902.0
Blue,頂埔,2018-03-04,12649.0
Blue,永寧,2018-03-04,21571.0
Blue,土城,2018-03-04,11891.0
Blue,海山,2018-03-04,33280.0
Blue,亞東醫院,2018-03-04,27687.0
Blue,府中,2018-03-04,50242.0
Blue,板橋,2018-03-04,74243.0
Blue,新埔,2018-03-04,59988.0
Blue,江子翠,2018-03-04,38210.0
Blue,龍山寺,2018-03-04,60107.0
Blue,西門,2018-03-04,114108.0
Blue,善導寺,2018-03-04,26799.0
Blue,忠孝新生,2018-03-04,34062.0
Blue,忠孝敦化,2018-03-04,58001.0
Blue,國父紀念館,2018-03-04,34303.0
Blue,市政府,2018-03-04,92795.0
Blue,永春,2018-03-04,26842.0
Blue,後山埤,2018-03-04,25697.0
Blue,昆陽,2018-03-04,17259.0
Blue,南港,2018-03-04,27489.0
Blue,忠孝復興,2018-03-04,51219.5
Blue,南港展覽館,2018-03-04,27762.5
Blue,台北車站,2018-03-05,134766.5
Blue,頂埔,2018-03-05,16337.0
Blue,永寧,2018-03-05,24866.0
Blue,土城,2018-03-05,14675.0
Blue,海山,2018-03-05,44042.0
Blue,亞東醫院,2018-03-05,46828.0
Blue,府中,2018-03-05,56257.0
Blue,板橋,2018-03-05,75922.0
Blue,新埔,2018-03-05,83303.0
Blue,江子翠,2018-03-05,52841.0
Blue,龍山寺,2018-03-05,59292.0
Blue,西門,2018-03-05,76876.0
Blue,善導寺,2018-03-05,46545.0
Blue,忠孝新生,2018-03-05,36518.0
Blue,忠孝敦化,2018-03-05,71092.0
Blue,國父紀念館,2018-03-05,42000.0
Blue,市政府,2018-03-05,117970.0
Blue,永春,2018-03-05,41285.0
Blue,後山埤,2018-03-05,34000.0
Blue,昆陽,2018-03-05,29589.0
Blue,南港,2018-03-05,34006.0
Blue,忠孝復興,2018-03-05,52944.0
Blue,南港展覽館,2018-03-05,34887.5
Blue,台北車站,2018-03-06,130537.5
Blue,頂埔,2018-03-06,16740.0
Blue,永寧,2018-03-06,24468.0
Blue,土城,2018-03-06,14471.0
Blue,海山,2018-03-06,45186.0
Blue,亞東醫院,2018-03-06,47463.0
Blue,府中,2018-03-06,58113.0
Blue,板橋,2018-03-06,75978.0
Blue,新埔,2018-03-06,84835.0
Blue,江子翠,2018-03-06,53236.0
Blue,龍山寺,2018-03-06,60650.0
Blue,西門,2018-03-06,77343.0
Blue,善導寺,2018-03-06,48079.0
Blue,忠孝新生,2018-03-06,37109.5
Blue,忠孝敦化,2018-03-06,73450.0
Blue,國父紀念館,2018-03-06,43785.0
Blue,市政府,2018-03-06,118465.0
Blue,永春,2018-03-06,41876.0
Blue,後山埤,2018-03-06,34525.0
Blue,昆陽,2018-03-06,30282.0
Blue,南港,2018-03-06,33241.0
Blue,忠孝復興,2018-03-06,55481.5
Blue,南港展覽館,2018-03-06,32437.0
Blue,台北車站,2018-03-07,134375.0
Blue,頂埔,2018-03-07,17107.0
Blue,永寧,2018-03-07,25531.0
Blue,土城,2018-03-07,14818.0
Blue,海山,2018-03-07,45689.0
Blue,亞東醫院,2018-03-07,47772.0
Blue,府中,2018-03-07,59807.0
Blue,板橋,2018-03-07,79333.0
Blue,新埔,2018-03-07,86442.0
Blue,江子翠,2018-03-07,54734.0
Blue,龍山寺,2018-03-07,60448.0
Blue,西門,2018-03-07,79296.5
Blue,善導寺,2018-03-07,51109.0
Blue,忠孝新生,2018-03-07,37930.0
Blue,忠孝敦化,2018-03-07,74882.0
Blue,國父紀念館,2018-03-07,44519.0
Blue,市政府,2018-03-07,118808.0
Blue,永春,2018-03-07,42006.0
Blue,後山埤,2018-03-07,34941.0
Blue,昆陽,2018-03-07,30619.0
Blue,南港,2018-03-07,34157.0
Blue,忠孝復興,2018-03-07,56653.0
Blue,南港展覽館,2018-03-07,33293.5
Blue,台北車站,2018-03-08,141766.0
Blue,頂埔,2018-03-08,16724.0
Blue,永寧,2018-03-08,24603.0
Blue,土城,2018-03-08,14749.0
Blue,海山,2018-03-08,45745.0
Blue,亞東醫院,2018-03-08,48047.0
Blue,府中,2018-03-08,59443.0
Blue,板橋,2018-03-08,82293.0
Blue,新埔,2018-03-08,87098.0
Blue,江子翠,2018-03-08,54750.0
Blue,龍山寺,2018-03-08,59612.0
Blue,西門,2018-03-08,80626.0
Blue,善導寺,2018-03-08,51078.0
Blue,忠孝新生,2018-03-08,39680.5
Blue,忠孝敦化,2018-03-08,77203.0
Blue,國父紀念館,2018-03-08,47088.0
Blue,市政府,2018-03-08,126563.0
Blue,永春,2018-03-08,44156.0
Blue,後山埤,2018-03-08,35465.0
Blue,昆陽,2018-03-08,30797.0
Blue,南港,2018-03-08,34646.0
Blue,忠孝復興,2018-03-08,59768.0
Blue,南港展覽館,2018-03-08,33071.0
Blue,台北車站,2018-03-09,167806.0
Blue,頂埔,2018-03-09,18412.0
Blue,永寧,2018-03-09,27891.0
Blue,土城,2018-03-09,15953.0
Blue,海山,2018-03-09,48118.0
Blue,亞東醫院,2018-03-09,48572.0
Blue,府中,2018-03-09,64046.0
Blue,板橋,2018-03-09,89212.0
Blue,新埔,2018-03-09,90083.0
Blue,江子翠,2018-03-09,57471.0
Blue,龍山寺,2018-03-09,66172.0
Blue,西門,2018-03-09,94188.5
Blue,善導寺,2018-03-09,52412.0
Blue,忠孝新生,2018-03-09,43673.5
Blue,忠孝敦化,2018-03-09,86446.0
Blue,國父紀念館,2018-03-09,51193.0
Blue,市政府,2018-03-09,136310.0
Blue,永春,2018-03-09,45934.0
Blue,後山埤,2018-03-09,37782.0
Blue,昆陽,2018-03-09,31963.0
Blue,南港,2018-03-09,39668.0
Blue,忠孝復興,2018-03-09,66852.5
Blue,南港展覽館,2018-03-09,35479.5
Blue,台北車站,2018-03-10,180209.0
Blue,頂埔,2018-03-10,14286.0
Blue,永寧,2018-03-10,24388.0
Blue,土城,2018-03-10,14022.0
Blue,海山,2018-03-10,39435.0
Blue,亞東醫院,2018-03-10,35453.0
Blue,府中,2018-03-10,63097.0
Blue,板橋,2018-03-10,87132.0
Blue,新埔,2018-03-10,73450.0
Blue,江子翠,2018-03-10,47576.0
Blue,龍山寺,2018-03-10,68139.0
Blue,西門,2018-03-10,111522.0
Blue,善導寺,2018-03-10,35115.0
Blue,忠孝新生,2018-03-10,46112.5
Blue,忠孝敦化,2018-03-10,80784.0
Blue,國父紀念館,2018-03-10,44678.0
Blue,市政府,2018-03-10,117166.0
Blue,永春,2018-03-10,34658.0
Blue,後山埤,2018-03-10,31768.0
Blue,昆陽,2018-03-10,20299.0
Blue,南港,2018-03-10,30726.0
Blue,忠孝復興,2018-03-10,70113.5
Blue,南港展覽館,2018-03-10,24376.5
Blue,台北車站,2018-03-11,169693.0
Blue,頂埔,2018-03-11,13795.0
Blue,永寧,2018-03-11,22318.0
Blue,土城,2018-03-11,12174.0
Blue,海山,2018-03-11,33633.0
Blue,亞東醫院,2018-03-11,28324.0
Blue,府中,2018-03-11,52193.0
Blue,板橋,2018-03-11,78870.0
Blue,新埔,2018-03-11,62449.0
Blue,江子翠,2018-03-11,40614.0
Blue,龍山寺,2018-03-11,59688.0
Blue,西門,2018-03-11,95529.0
Blue,善導寺,2018-03-11,31019.0
Blue,忠孝新生,2018-03-11,38131.5
Blue,忠孝敦化,2018-03-11,60133.0
Blue,國父紀念館,2018-03-11,37181.0
Blue,市政府,2018-03-11,97506.0
Blue,永春,2018-03-11,28755.0
Blue,後山埤,2018-03-11,26162.0
Blue,昆陽,2018-03-11,16633.0
Blue,南港,2018-03-11,27197.0
Blue,忠孝復興,2018-03-11,54839.5
Blue,南港展覽館,2018-03-11,25634.0
Blue,台北車站,2018-03-12,137104.0
Blue,頂埔,2018-03-12,16449.0
Blue,永寧,2018-03-12,24876.0
Blue,土城,2018-03-12,14552.0
Blue,海山,2018-03-12,44623.0
Blue,亞東醫院,2018-03-12,46651.0
Blue,府中,2018-03-12,56532.0
Blue,板橋,2018-03-12,77380.0
Blue,新埔,2018-03-12,82443.0
Blue,江子翠,2018-03-12,52665.0
Blue,龍山寺,2018-03-12,60896.0
Blue,西門,2018-03-12,78427.0
Blue,善導寺,2018-03-12,45719.0
Blue,忠孝新生,2018-03-12,37190.0
Blue,忠孝敦化,2018-03-12,71126.0
Blue,國父紀念館,2018-03-12,43909.0
Blue,市政府,2018-03-12,117897.0
Blue,永春,2018-03-12,40179.0
Blue,後山埤,2018-03-12,33985.0
Blue,昆陽,2018-03-12,29394.0
Blue,南港,2018-03-12,33316.0
Blue,忠孝復興,2018-03-12,54477.5
Blue,南港展覽館,2018-03-12,32743.0
Blue,台北車站,2018-03-13,132106.0
Blue,頂埔,2018-03-13,16813.0
Blue,永寧,2018-03-13,25357.0
Blue,土城,2018-03-13,14367.0
Blue,海山,2018-03-13,45514.0
Blue,亞東醫院,2018-03-13,47263.0
Blue,府中,2018-03-13,59446.0
Blue,板橋,2018-03-13,77819.0
Blue,新埔,2018-03-13,85193.0
Blue,江子翠,2018-03-13,53633.0
Blue,龍山寺,2018-03-13,60854.0
Blue,西門,2018-03-13,78324.0
Blue,善導寺,2018-03-13,48780.0
Blue,忠孝新生,2018-03-13,36960.0
Blue,忠孝敦化,2018-03-13,74123.0
Blue,國父紀念館,2018-03-13,45285.0
Blue,市政府,2018-03-13,118017.0
Blue,永春,2018-03-13,41552.0
Blue,後山埤,2018-03-13,34539.0
Blue,昆陽,2018-03-13,29928.0
Blue,南港,2018-03-13,33452.0
Blue,忠孝復興,2018-03-13,56153.0
Blue,南港展覽館,2018-03-13,33268.0
Blue,台北車站,2018-03-14,135656.0
Blue,頂埔,2018-03-14,16782.0
Blue,永寧,2018-03-14,25621.0
Blue,土城,2018-03-14,14923.0
Blue,海山,2018-03-14,45728.0
Blue,亞東醫院,2018-03-14,47607.0
Blue,府中,2018-03-14,60404.0
Blue,板橋,2018-03-14,80658.0
Blue,新埔,2018-03-14,85952.0
Blue,江子翠,2018-03-14,54720.0
Blue,龍山寺,2018-03-14,61200.0
Blue,西門,2018-03-14,80741.5
Blue,善導寺,2018-03-14,51036.0
Blue,忠孝新生,2018-03-14,37760.5
Blue,忠孝敦化,2018-03-14,76147.0
Blue,國父紀念館,2018-03-14,45763.0
Blue,市政府,2018-03-14,120872.0
Blue,永春,2018-03-14,41561.0
Blue,後山埤,2018-03-14,34691.0
Blue,昆陽,2018-03-14,30135.0
Blue,南港,2018-03-14,35046.0
Blue,忠孝復興,2018-03-14,58581.0
Blue,南港展覽館,2018-03-14,34759.0
Blue,台北車站,2018-03-15,141474.0
Blue,頂埔,2018-03-15,16479.0
Blue,永寧,2018-03-15,25297.0
Blue,土城,2018-03-15,14937.0
Blue,海山,2018-03-15,45957.0
Blue,亞東醫院,2018-03-15,46755.0
Blue,府中,2018-03-15,59245.0
Blue,板橋,2018-03-15,80803.0
Blue,新埔,2018-03-15,84964.0
Blue,江子翠,2018-03-15,54348.0
Blue,龍山寺,2018-03-15,61105.0
Blue,西門,2018-03-15,80015.5
Blue,善導寺,2018-03-15,49956.0
Blue,忠孝新生,2018-03-15,39102.0
Blue,忠孝敦化,2018-03-15,77365.0
Blue,國父紀念館,2018-03-15,46516.0
Blue,市政府,2018-03-15,125030.0
Blue,永春,2018-03-15,41894.0
Blue,後山埤,2018-03-15,34747.0
Blue,昆陽,2018-03-15,30506.0
Blue,南港,2018-03-15,38189.0
Blue,忠孝復興,2018-03-15,57922.5
Blue,南港展覽館,2018-03-15,50177.0
Blue,台北車站,2018-03-16,174034.0
Blue,頂埔,2018-03-16,17684.0
Blue,永寧,2018-03-16,28199.0
Blue,土城,2018-03-16,15752.0
Blue,海山,2018-03-16,48560.0
Blue,亞東醫院,2018-03-16,48689.0
Blue,府中,2018-03-16,64135.0
Blue,板橋,2018-03-16,90593.0
Blue,新埔,2018-03-16,89887.0
Blue,江子翠,2018-03-16,56841.0
Blue,龍山寺,2018-03-16,65853.0
Blue,西門,2018-03-16,94213.5
Blue,善導寺,2018-03-16,52093.0
Blue,忠孝新生,2018-03-16,43545.5
Blue,忠孝敦化,2018-03-16,87588.0
Blue,國父紀念館,2018-03-16,53871.0
Blue,市政府,2018-03-16,144038.0
Blue,永春,2018-03-16,44540.0
Blue,後山埤,2018-03-16,37357.0
Blue,昆陽,2018-03-16,32131.0
Blue,南港,2018-03-16,44533.0
Blue,忠孝復興,2018-03-16,65453.5
Blue,南港展覽館,2018-03-16,59325.0
Blue,台北車站,2018-03-17,183348.0
Blue,頂埔,2018-03-17,13735.0
Blue,永寧,2018-03-17,24739.0
Blue,土城,2018-03-17,14341.0
Blue,海山,2018-03-17,39780.0
Blue,亞東醫院,2018-03-17,35157.0
Blue,府中,2018-03-17,63001.0
Blue,板橋,2018-03-17,85218.0
Blue,新埔,2018-03-17,72263.0
Blue,江子翠,2018-03-17,46817.0
Blue,龍山寺,2018-03-17,70989.0
Blue,西門,2018-03-17,106331.5
Blue,善導寺,2018-03-17,37846.0
Blue,忠孝新生,2018-03-17,48477.5
Blue,忠孝敦化,2018-03-17,81236.0
Blue,國父紀念館,2018-03-17,50302.0
Blue,市政府,2018-03-17,120415.0
Blue,永春,2018-03-17,33059.0
Blue,後山埤,2018-03-17,31515.0
Blue,昆陽,2018-03-17,22008.0
Blue,南港,2018-03-17,34061.0
Blue,忠孝復興,2018-03-17,68446.5
Blue,南港展覽館,2018-03-17,48902.5
Blue,台北車站,2018-03-18,171383.5
Blue,頂埔,2018-03-18,13395.0
Blue,永寧,2018-03-18,22693.0
Blue,土城,2018-03-18,12129.0
Blue,海山,2018-03-18,34920.0
Blue,亞東醫院,2018-03-18,29715.0
Blue,府中,2018-03-18,52863.0
Blue,板橋,2018-03-18,78529.0
Blue,新埔,2018-03-18,61268.0
Blue,江子翠,2018-03-18,41346.0
Blue,龍山寺,2018-03-18,59580.0
Blue,西門,2018-03-18,91162.0
Blue,善導寺,2018-03-18,29931.0
Blue,忠孝新生,2018-03-18,40668.5
Blue,忠孝敦化,2018-03-18,61189.0
Blue,國父紀念館,2018-03-18,39327.0
Blue,市政府,2018-03-18,103980.0
Blue,永春,2018-03-18,27795.0
Blue,後山埤,2018-03-18,26760.0
Blue,昆陽,2018-03-18,18705.0
Blue,南港,2018-03-18,32401.0
Blue,忠孝復興,2018-03-18,53971.0
Blue,南港展覽館,2018-03-18,41520.0
Blue,台北車站,2018-03-19,136310.5
Blue,頂埔,2018-03-19,16338.0
Blue,永寧,2018-03-19,25010.0
Blue,土城,2018-03-19,14592.0
Blue,海山,2018-03-19,45151.0
Blue,亞東醫院,2018-03-19,46233.0
Blue,府中,2018-03-19,56513.0
Blue,板橋,2018-03-19,75981.0
Blue,新埔,2018-03-19,82765.0
Blue,江子翠,2018-03-19,52862.0
Blue,龍山寺,2018-03-19,60185.0
Blue,西門,2018-03-19,77004.0
Blue,善導寺,2018-03-19,46615.0
Blue,忠孝新生,2018-03-19,36699.0
Blue,忠孝敦化,2018-03-19,70928.0
Blue,國父紀念館,2018-03-19,42802.0
Blue,市政府,2018-03-19,117119.0
Blue,永春,2018-03-19,40709.0
Blue,後山埤,2018-03-19,33785.0
Blue,昆陽,2018-03-19,28996.0
Blue,南港,2018-03-19,33571.0
Blue,忠孝復興,2018-03-19,54005.5
Blue,南港展覽館,2018-03-19,34358.0
Blue,台北車站,2018-03-20,132957.0
Blue,頂埔,2018-03-20,16409.0
Blue,永寧,2018-03-20,24516.0
Blue,土城,2018-03-20,14306.0
Blue,海山,2018-03-20,44933.0
Blue,亞東醫院,2018-03-20,47056.0
Blue,府中,2018-03-20,57884.0
Blue,板橋,2018-03-20,77086.0
Blue,新埔,2018-03-20,84869.0
Blue,江子翠,2018-03-20,53682.0
Blue,龍山寺,2018-03-20,58694.0
Blue,西門,2018-03-20,76022.5
Blue,善導寺,2018-03-20,50560.0
Blue,忠孝新生,2018-03-20,37886.0
Blue,忠孝敦化,2018-03-20,73245.0
Blue,國父紀念館,2018-03-20,44194.0
Blue,市政府,2018-03-20,118344.0
Blue,永春,2018-03-20,42168.0
Blue,後山埤,2018-03-20,34186.0
Blue,昆陽,2018-03-20,29703.0
Blue,南港,2018-03-20,33722.0
Blue,忠孝復興,2018-03-20,56309.0
Blue,南港展覽館,2018-03-20,32142.0
Blue,台北車站,2018-03-21,134445.5
Blue,頂埔,2018-03-21,16464.0
Blue,永寧,2018-03-21,24945.0
Blue,土城,2018-03-21,14694.0
Blue,海山,2018-03-21,45681.0
Blue,亞東醫院,2018-03-21,47176.0
Blue,府中,2018-03-21,58697.0
Blue,板橋,2018-03-21,77598.0
Blue,新埔,2018-03-21,85737.0
Blue,江子翠,2018-03-21,55094.0
Blue,龍山寺,2018-03-21,60992.0
Blue,西門,2018-03-21,78571.5
Blue,善導寺,2018-03-21,52573.0
Blue,忠孝新生,2018-03-21,39910.5
Blue,忠孝敦化,2018-03-21,75421.0
Blue,國父紀念館,2018-03-21,45487.0
Blue,市政府,2018-03-21,118216.0
Blue,永春,2018-03-21,42106.0
Blue,後山埤,2018-03-21,34463.0
Blue,昆陽,2018-03-21,30325.0
Blue,南港,2018-03-21,34387.0
Blue,忠孝復興,2018-03-21,56910.0
Blue,南港展覽館,2018-03-21,33452.0
Blue,台北車站,2018-03-22,136739.5
Blue,頂埔,2018-03-22,16681.0
Blue,永寧,2018-03-22,25060.0
Blue,土城,2018-03-22,14555.0
Blue,海山,2018-03-22,45759.0
Blue,亞東醫院,2018-03-22,47145.0
Blue,府中,2018-03-22,58975.0
Blue,板橋,2018-03-22,77954.0
Blue,新埔,2018-03-22,86074.0
Blue,江子翠,2018-03-22,54647.0
Blue,龍山寺,2018-03-22,61602.0
Blue,西門,2018-03-22,78197.0
Blue,善導寺,2018-03-22,50782.0
Blue,忠孝新生,2018-03-22,39799.5
Blue,忠孝敦化,2018-03-22,74805.0
Blue,國父紀念館,2018-03-22,46078.0
Blue,市政府,2018-03-22,120393.0
Blue,永春,2018-03-22,42286.0
Blue,後山埤,2018-03-22,34517.0
Blue,昆陽,2018-03-22,30288.0
Blue,南港,2018-03-22,34700.0
Blue,忠孝復興,2018-03-22,57651.5
Blue,南港展覽館,2018-03-22,35079.0
Blue,台北車站,2018-03-23,168398.5
Blue,頂埔,2018-03-23,17702.0
Blue,永寧,2018-03-23,28176.0
Blue,土城,2018-03-23,15859.0
Blue,海山,2018-03-23,48400.0
Blue,亞東醫院,2018-03-23,48477.0
Blue,府中,2018-03-23,63368.0
Blue,板橋,2018-03-23,88031.0
Blue,新埔,2018-03-23,89654.0
Blue,江子翠,2018-03-23,56670.0
Blue,龍山寺,2018-03-23,66004.0
Blue,西門,2018-03-23,92204.5
Blue,善導寺,2018-03-23,52128.0
Blue,忠孝新生,2018-03-23,44434.5
Blue,忠孝敦化,2018-03-23,85875.0
Blue,國父紀念館,2018-03-23,50729.0
Blue,市政府,2018-03-23,136233.0
Blue,永春,2018-03-23,44474.0
Blue,後山埤,2018-03-23,36620.0
Blue,昆陽,2018-03-23,32035.0
Blue,南港,2018-03-23,39597.0
Blue,忠孝復興,2018-03-23,65958.5
Blue,南港展覽館,2018-03-23,37585.0
Blue,台北車站,2018-03-24,174641.5
Blue,頂埔,2018-03-24,14087.0
Blue,永寧,2018-03-24,24303.0
Blue,土城,2018-03-24,15860.0
Blue,海山,2018-03-24,40263.0
Blue,亞東醫院,2018-03-24,35558.0
Blue,府中,2018-03-24,61956.0
Blue,板橋,2018-03-24,85541.0
Blue,新埔,2018-03-24,72411.0
Blue,江子翠,2018-03-24,47125.0
Blue,龍山寺,2018-03-24,66559.0
Blue,西門,2018-03-24,103167.5
Blue,善導寺,2018-03-24,37239.0
Blue,忠孝新生,2018-03-24,47204.0
Blue,忠孝敦化,2018-03-24,78350.0
Blue,國父紀念館,2018-03-24,44690.0
Blue,市政府,2018-03-24,116591.0
Blue,永春,2018-03-24,33206.0
Blue,後山埤,2018-03-24,30892.0
Blue,昆陽,2018-03-24,22132.0
Blue,南港,2018-03-24,30342.0
Blue,忠孝復興,2018-03-24,66944.5
Blue,南港展覽館,2018-03-24,25774.0
Blue,台北車站,2018-03-25,159439.0
Blue,頂埔,2018-03-25,12641.0
Blue,永寧,2018-03-25,21226.0
Blue,土城,2018-03-25,13586.0
Blue,海山,2018-03-25,33480.0
Blue,亞東醫院,2018-03-25,27880.0
Blue,府中,2018-03-25,49031.0
Blue,板橋,2018-03-25,73661.0
Blue,新埔,2018-03-25,58398.0
Blue,江子翠,2018-03-25,38094.0
Blue,龍山寺,2018-03-25,56277.0
Blue,西門,2018-03-25,87204.0
Blue,善導寺,2018-03-25,29301.0
Blue,忠孝新生,2018-03-25,38518.5
Blue,忠孝敦化,2018-03-25,57685.0
Blue,國父紀念館,2018-03-25,36376.0
Blue,市政府,2018-03-25,95814.0
Blue,永春,2018-03-25,26598.0
Blue,後山埤,2018-03-25,25732.0
Blue,昆陽,2018-03-25,17852.0
Blue,南港,2018-03-25,26432.0
Blue,忠孝復興,2018-03-25,52422.5
Blue,南港展覽館,2018-03-25,21326.5
Blue,台北車站,2018-03-26,135040.0
Blue,頂埔,2018-03-26,16284.0
Blue,永寧,2018-03-26,25123.0
Blue,土城,2018-03-26,14835.0
Blue,海山,2018-03-26,44837.0
Blue,亞東醫院,2018-03-26,45899.0
Blue,府中,2018-03-26,56455.0
Blue,板橋,2018-03-26,76314.0
Blue,新埔,2018-03-26,82095.0
Blue,江子翠,2018-03-26,52716.0
Blue,龍山寺,2018-03-26,59665.0
Blue,西門,2018-03-26,77548.5
Blue,善導寺,2018-03-26,45212.0
Blue,忠孝新生,2018-03-26,36622.0
Blue,忠孝敦化,2018-03-26,71303.0
Blue,國父紀念館,2018-03-26,43987.0
Blue,市政府,2018-03-26,118451.0
Blue,永春,2018-03-26,39779.0
Blue,後山埤,2018-03-26,33547.0
Blue,昆陽,2018-03-26,28978.0
Blue,南港,2018-03-26,33230.0
Blue,忠孝復興,2018-03-26,54156.5
Blue,南港展覽館,2018-03-26,33289.0
Blue,台北車站,2018-03-27,131755.5
Blue,頂埔,2018-03-27,16393.0
Blue,永寧,2018-03-27,24720.0
Blue,土城,2018-03-27,14673.0
Blue,海山,2018-03-27,45140.0
Blue,亞東醫院,2018-03-27,46912.0
Blue,府中,2018-03-27,57296.0
Blue,板橋,2018-03-27,75938.0
Blue,新埔,2018-03-27,84591.0
Blue,江子翠,2018-03-27,53489.0
Blue,龍山寺,2018-03-27,59669.0
Blue,西門,2018-03-27,78742.0
Blue,善導寺,2018-03-27,49504.0
Blue,忠孝新生,2018-03-27,36753.5
Blue,忠孝敦化,2018-03-27,73412.0
Blue,國父紀念館,2018-03-27,44466.0
Blue,市政府,2018-03-27,119507.0
Blue,永春,2018-03-27,41192.0
Blue,後山埤,2018-03-27,34088.0
Blue,昆陽,2018-03-27,29630.0
Blue,南港,2018-03-27,33722.0
Blue,忠孝復興,2018-03-27,57450.0
Blue,南港展覽館,2018-03-27,37571.0
Blue,台北車站,2018-03-28,134331.5
Blue,頂埔,2018-03-28,16452.0
Blue,永寧,2018-03-28,25221.0
Blue,土城,2018-03-28,15259.0
Blue,海山,2018-03-28,45204.0
Blue,亞東醫院,2018-03-28,46512.0
Blue,府中,2018-03-28,58588.0
Blue,板橋,2018-03-28,77581.0
Blue,新埔,2018-03-28,84924.0
Blue,江子翠,2018-03-28,53829.0
Blue,龍山寺,2018-03-28,59606.0
Blue,西門,2018-03-28,79690.0
Blue,善導寺,2018-03-28,50923.0
Blue,忠孝新生,2018-03-28,38330.0
Blue,忠孝敦化,2018-03-28,76455.0
Blue,國父紀念館,2018-03-28,45778.0
Blue,市政府,2018-03-28,119036.0
Blue,永春,2018-03-28,42160.0
Blue,後山埤,2018-03-28,34607.0
Blue,昆陽,2018-03-28,30163.0
Blue,南港,2018-03-28,34639.0
Blue,忠孝復興,2018-03-28,57954.5
Blue,南港展覽館,2018-03-28,39235.5
Blue,台北車站,2018-03-29,138357.0
Blue,頂埔,2018-03-29,16839.0
Blue,永寧,2018-03-29,25183.0
Blue,土城,2018-03-29,14845.0
Blue,海山,2018-03-29,45154.0
Blue,亞東醫院,2018-03-29,46635.0
Blue,府中,2018-03-29,58222.0
Blue,板橋,2018-03-29,78045.0
Blue,新埔,2018-03-29,84758.0
Blue,江子翠,2018-03-29,54319.0
Blue,龍山寺,2018-03-29,59650.0
Blue,西門,2018-03-29,80233.5
Blue,善導寺,2018-03-29,50846.0
Blue,忠孝新生,2018-03-29,39706.5
Blue,忠孝敦化,2018-03-29,77585.0
Blue,國父紀念館,2018-03-29,46506.0
Blue,市政府,2018-03-29,126002.0
Blue,永春,2018-03-29,41991.0
Blue,後山埤,2018-03-29,34472.0
Blue,昆陽,2018-03-29,30828.0
Blue,南港,2018-03-29,37487.0
Blue,忠孝復興,2018-03-29,57922.0
Blue,南港展覽館,2018-03-29,47144.0
Blue,台北車站,2018-03-30,153323.0
Blue,頂埔,2018-03-30,16861.0
Blue,永寧,2018-03-30,26569.0
Blue,土城,2018-03-30,15344.0
Blue,海山,2018-03-30,46011.0
Blue,亞東醫院,2018-03-30,47504.0
Blue,府中,2018-03-30,60790.0
Blue,板橋,2018-03-30,82385.0
Blue,新埔,2018-03-30,86390.0
Blue,江子翠,2018-03-30,55146.0
Blue,龍山寺,2018-03-30,61396.0
Blue,西門,2018-03-30,88836.0
Blue,善導寺,2018-03-30,52285.0
Blue,忠孝新生,2018-03-30,43013.0
Blue,忠孝敦化,2018-03-30,84317.0
Blue,國父紀念館,2018-03-30,50991.0
Blue,市政府,2018-03-30,133101.0
Blue,永春,2018-03-30,43461.0
Blue,後山埤,2018-03-30,35582.0
Blue,昆陽,2018-03-30,31400.0
Blue,南港,2018-03-30,37871.0
Blue,忠孝復興,2018-03-30,64034.0
Blue,南港展覽館,2018-03-30,39924.5
Blue,台北車站,2018-03-31,159726.5
Blue,頂埔,2018-03-31,16888.0
Blue,永寧,2018-03-31,25140.0
Blue,土城,2018-03-31,15363.0
Blue,海山,2018-03-31,44433.0
Blue,亞東醫院,2018-03-31,39322.0
Blue,府中,2018-03-31,60629.0
Blue,板橋,2018-03-31,85115.0
Blue,新埔,2018-03-31,79522.0
Blue,江子翠,2018-03-31,52183.0
Blue,龍山寺,2018-03-31,66778.0
Blue,西門,2018-03-31,95199.0
Blue,善導寺,2018-03-31,45771.0
Blue,忠孝新生,2018-03-31,41195.0
Blue,忠孝敦化,2018-03-31,84640.0
Blue,國父紀念館,2018-03-31,50978.0
Blue,市政府,2018-03-31,134268.0
Blue,永春,2018-03-31,40449.0
Blue,後山埤,2018-03-31,33733.0
Blue,昆陽,2018-03-31,27754.0
Blue,南港,2018-03-31,35896.0
Blue,忠孝復興,2018-03-31,66441.0
Blue,南港展覽館,2018-03-31,29662.0
Blue,台北車站,2018-04-01,148766.5
Blue,頂埔,2018-04-01,12287.0
Blue,永寧,2018-04-01,19361.0
Blue,土城,2018-04-01,13848.0
Blue,海山,2018-04-01,31918.0
Blue,亞東醫院,2018-04-01,26225.0
Blue,府中,2018-04-01,47828.0
Blue,板橋,2018-04-01,70349.0
Blue,新埔,2018-04-01,57206.0
Blue,江子翠,2018-04-01,37113.0
Blue,龍山寺,2018-04-01,54556.0
Blue,西門,2018-04-01,87920.0
Blue,善導寺,2018-04-01,29232.0
Blue,忠孝新生,2018-04-01,32963.5
Blue,忠孝敦化,2018-04-01,59159.0
Blue,國父紀念館,2018-04-01,36870.0
Blue,市政府,2018-04-01,94099.0
Blue,永春,2018-04-01,26657.0
Blue,後山埤,2018-04-01,25161.0
Blue,昆陽,2018-04-01,17061.0
Blue,南港,2018-04-01,26303.0
Blue,忠孝復興,2018-04-01,52123.5
Blue,南港展覽館,2018-04-01,19619.0
Blue,台北車站,2018-04-02,139035.0
Blue,頂埔,2018-04-02,16095.0
Blue,永寧,2018-04-02,23955.0
Blue,土城,2018-04-02,14671.0
Blue,海山,2018-04-02,43404.0
Blue,亞東醫院,2018-04-02,45555.0
Blue,府中,2018-04-02,55046.0
Blue,板橋,2018-04-02,74642.0
Blue,新埔,2018-04-02,80412.0
Blue,江子翠,2018-04-02,51537.0
Blue,龍山寺,2018-04-02,57517.0
Blue,西門,2018-04-02,75948.0
Blue,善導寺,2018-04-02,46115.0
Blue,忠孝新生,2018-04-02,36514.0
Blue,忠孝敦化,2018-04-02,72216.0
Blue,國父紀念館,2018-04-02,42774.0
Blue,市政府,2018-04-02,117753.0
Blue,永春,2018-04-02,39861.0
Blue,後山埤,2018-04-02,32969.0
Blue,昆陽,2018-04-02,28573.0
Blue,南港,2018-04-02,33697.0
Blue,忠孝復興,2018-04-02,54855.0
Blue,南港展覽館,2018-04-02,33772.0
Blue,台北車站,2018-04-03,160554.5
Blue,頂埔,2018-04-03,17135.0
Blue,永寧,2018-04-03,25897.0
Blue,土城,2018-04-03,14854.0
Blue,海山,2018-04-03,45360.0
Blue,亞東醫院,2018-04-03,46836.0
Blue,府中,2018-04-03,58497.0
Blue,板橋,2018-04-03,83871.0
Blue,新埔,2018-04-03,84386.0
Blue,江子翠,2018-04-03,52957.0
Blue,龍山寺,2018-04-03,58842.0
Blue,西門,2018-04-03,80867.5
Blue,善導寺,2018-04-03,48698.0
Blue,忠孝新生,2018-04-03,36432.5
Blue,忠孝敦化,2018-04-03,76754.0
Blue,國父紀念館,2018-04-03,45097.0
Blue,市政府,2018-04-03,127595.0
Blue,永春,2018-04-03,42015.0
Blue,後山埤,2018-04-03,33990.0
Blue,昆陽,2018-04-03,29682.0
Blue,南港,2018-04-03,40675.0
Blue,忠孝復興,2018-04-03,59581.5
Blue,南港展覽館,2018-04-03,34785.5
Blue,台北車站,2018-04-04,154801.5
Blue,頂埔,2018-04-04,12217.0
Blue,永寧,2018-04-04,20251.0
Blue,土城,2018-04-04,12782.0
Blue,海山,2018-04-04,32239.0
Blue,亞東醫院,2018-04-04,30048.0
Blue,府中,2018-04-04,49010.0
Blue,板橋,2018-04-04,73323.0
Blue,新埔,2018-04-04,57475.0
Blue,江子翠,2018-04-04,36838.0
Blue,龍山寺,2018-04-04,59342.0
Blue,西門,2018-04-04,91244.0
Blue,善導寺,2018-04-04,22746.0
Blue,忠孝新生,2018-04-04,30574.0
Blue,忠孝敦化,2018-04-04,60783.0
Blue,國父紀念館,2018-04-04,34899.0
Blue,市政府,2018-04-04,98728.0
Blue,永春,2018-04-04,25794.0
Blue,後山埤,2018-04-04,25293.0
Blue,昆陽,2018-04-04,16055.0
Blue,南港,2018-04-04,32937.0
Blue,忠孝復興,2018-04-04,54733.5
Blue,南港展覽館,2018-04-04,22146.0
Blue,台北車站,2018-04-05,134901.0
Blue,頂埔,2018-04-05,10985.0
Blue,永寧,2018-04-05,17530.0
Blue,土城,2018-04-05,11152.0
Blue,海山,2018-04-05,27929.0
Blue,亞東醫院,2018-04-05,22417.0
Blue,府中,2018-04-05,40898.0
Blue,板橋,2018-04-05,65931.0
Blue,新埔,2018-04-05,48402.0
Blue,江子翠,2018-04-05,30860.0
Blue,龍山寺,2018-04-05,49566.0
Blue,西門,2018-04-05,86567.0
Blue,善導寺,2018-04-05,21814.0
Blue,忠孝新生,2018-04-05,26771.5
Blue,忠孝敦化,2018-04-05,54190.0
Blue,國父紀念館,2018-04-05,28096.0
Blue,市政府,2018-04-05,91364.0
Blue,永春,2018-04-05,21640.0
Blue,後山埤,2018-04-05,21748.0
Blue,昆陽,2018-04-05,13586.0
Blue,南港,2018-04-05,25401.0
Blue,忠孝復興,2018-04-05,48447.5
Blue,南港展覽館,2018-04-05,18905.5
Blue,台北車站,2018-04-06,161725.0
Blue,頂埔,2018-04-06,12061.0
Blue,永寧,2018-04-06,19316.0
Blue,土城,2018-04-06,11516.0
Blue,海山,2018-04-06,30808.0
Blue,亞東醫院,2018-04-06,29975.0
Blue,府中,2018-04-06,48946.0
Blue,板橋,2018-04-06,74574.0
Blue,新埔,2018-04-06,55972.0
Blue,江子翠,2018-04-06,35757.0
Blue,龍山寺,2018-04-06,54892.0
Blue,西門,2018-04-06,103331.0
Blue,善導寺,2018-04-06,23083.0
Blue,忠孝新生,2018-04-06,32510.5
Blue,忠孝敦化,2018-04-06,66540.0
Blue,國父紀念館,2018-04-06,34156.0
Blue,市政府,2018-04-06,105161.0
Blue,永春,2018-04-06,24719.0
Blue,後山埤,2018-04-06,24601.0
Blue,昆陽,2018-04-06,15709.0
Blue,南港,2018-04-06,27094.0
Blue,忠孝復興,2018-04-06,62069.0
Blue,南港展覽館,2018-04-06,18625.0
Blue,台北車站,2018-04-07,163787.0
Blue,頂埔,2018-04-07,12810.0
Blue,永寧,2018-04-07,19459.0
Blue,土城,2018-04-07,11594.0
Blue,海山,2018-04-07,33122.0
Blue,亞東醫院,2018-04-07,29393.0
Blue,府中,2018-04-07,51465.0
Blue,板橋,2018-04-07,76770.0
Blue,新埔,2018-04-07,58632.0
Blue,江子翠,2018-04-07,38526.0
Blue,龍山寺,2018-04-07,54791.0
Blue,西門,2018-04-07,99684.5
Blue,善導寺,2018-04-07,27212.0
Blue,忠孝新生,2018-04-07,34981.5
Blue,忠孝敦化,2018-04-07,67259.0
Blue,國父紀念館,2018-04-07,36879.0
Blue,市政府,2018-04-07,104952.0
Blue,永春,2018-04-07,27108.0
Blue,後山埤,2018-04-07,25600.0
Blue,昆陽,2018-04-07,15821.0
Blue,南港,2018-04-07,27270.0
Blue,忠孝復興,2018-04-07,60026.5
Blue,南港展覽館,2018-04-07,20216.0
Blue,台北車站,2018-04-08,156659.0
Blue,頂埔,2018-04-08,12915.0
Blue,永寧,2018-04-08,19993.0
Blue,土城,2018-04-08,11073.0
Blue,海山,2018-04-08,31996.0
Blue,亞東醫院,2018-04-08,26049.0
Blue,府中,2018-04-08,46816.0
Blue,板橋,2018-04-08,73238.0
Blue,新埔,2018-04-08,55919.0
Blue,江子翠,2018-04-08,36714.0
Blue,龍山寺,2018-04-08,49119.0
Blue,西門,2018-04-08,82849.0
Blue,善導寺,2018-04-08,24551.0
Blue,忠孝新生,2018-04-08,32070.0
Blue,忠孝敦化,2018-04-08,53567.0
Blue,國父紀念館,2018-04-08,32690.0
Blue,市政府,2018-04-08,91843.0
Blue,永春,2018-04-08,25711.0
Blue,後山埤,2018-04-08,23694.0
Blue,昆陽,2018-04-08,15646.0
Blue,南港,2018-04-08,27382.0
Blue,忠孝復興,2018-04-08,49153.0
Blue,南港展覽館,2018-04-08,20816.0
Blue,台北車站,2018-04-09,129823.5
Blue,頂埔,2018-04-09,16396.0
Blue,永寧,2018-04-09,24772.0
Blue,土城,2018-04-09,14433.0
Blue,海山,2018-04-09,44204.0
Blue,亞東醫院,2018-04-09,45866.0
Blue,府中,2018-04-09,55649.0
Blue,板橋,2018-04-09,75110.0
Blue,新埔,2018-04-09,80982.0
Blue,江子翠,2018-04-09,51935.0
Blue,龍山寺,2018-04-09,54904.0
Blue,西門,2018-04-09,68117.0
Blue,善導寺,2018-04-09,39463.0
Blue,忠孝新生,2018-04-09,34279.5
Blue,忠孝敦化,2018-04-09,67043.0
Blue,國父紀念館,2018-04-09,39897.0
Blue,市政府,2018-04-09,113620.0
Blue,永春,2018-04-09,39324.0
Blue,後山埤,2018-04-09,32950.0
Blue,昆陽,2018-04-09,28903.0
Blue,南港,2018-04-09,32452.0
Blue,忠孝復興,2018-04-09,51384.0
Blue,南港展覽館,2018-04-09,32012.5
Blue,台北車站,2018-04-10,125046.0
Blue,頂埔,2018-04-10,16521.0
Blue,永寧,2018-04-10,24764.0
Blue,土城,2018-04-10,14516.0
Blue,海山,2018-04-10,44668.0
Blue,亞東醫院,2018-04-10,46983.0
Blue,府中,2018-04-10,57713.0
Blue,板橋,2018-04-10,74959.0
Blue,新埔,2018-04-10,83824.0
Blue,江子翠,2018-04-10,53015.0
Blue,龍山寺,2018-04-10,56434.0
Blue,西門,2018-04-10,69692.5
Blue,善導寺,2018-04-10,47249.0
Blue,忠孝新生,2018-04-10,35472.0
Blue,忠孝敦化,2018-04-10,69706.0
Blue,國父紀念館,2018-04-10,41785.0
Blue,市政府,2018-04-10,114069.0
Blue,永春,2018-04-10,41206.0
Blue,後山埤,2018-04-10,33276.0
Blue,昆陽,2018-04-10,29714.0
Blue,南港,2018-04-10,32791.0
Blue,忠孝復興,2018-04-10,53294.5
Blue,南港展覽館,2018-04-10,33931.0
Blue,台北車站,2018-04-11,128814.5
Blue,頂埔,2018-04-11,16997.0
Blue,永寧,2018-04-11,24843.0
Blue,土城,2018-04-11,14725.0
Blue,海山,2018-04-11,45174.0
Blue,亞東醫院,2018-04-11,47398.0
Blue,府中,2018-04-11,58316.0
Blue,板橋,2018-04-11,76942.0
Blue,新埔,2018-04-11,84053.0
Blue,江子翠,2018-04-11,53719.0
Blue,龍山寺,2018-04-11,57964.0
Blue,西門,2018-04-11,73199.5
Blue,善導寺,2018-04-11,49636.0
Blue,忠孝新生,2018-04-11,36493.0
Blue,忠孝敦化,2018-04-11,72331.0
Blue,國父紀念館,2018-04-11,43252.0
Blue,市政府,2018-04-11,117077.0
Blue,永春,2018-04-11,41418.0
Blue,後山埤,2018-04-11,33898.0
Blue,昆陽,2018-04-11,29805.0
Blue,南港,2018-04-11,35379.0
Blue,忠孝復興,2018-04-11,54387.0
Blue,南港展覽館,2018-04-11,39805.0
Blue,台北車站,2018-04-12,133710.0
Blue,頂埔,2018-04-12,16590.0
Blue,永寧,2018-04-12,24598.0
Blue,土城,2018-04-12,14355.0
Blue,海山,2018-04-12,44070.0
Blue,亞東醫院,2018-04-12,47169.0
Blue,府中,2018-04-12,57200.0
Blue,板橋,2018-04-12,78874.0
Blue,新埔,2018-04-12,83544.0
Blue,江子翠,2018-04-12,53301.0
Blue,龍山寺,2018-04-12,57046.0
Blue,西門,2018-04-12,74401.5
Blue,善導寺,2018-04-12,49838.0
Blue,忠孝新生,2018-04-12,37063.5
Blue,忠孝敦化,2018-04-12,73386.0
Blue,國父紀念館,2018-04-12,44963.0
Blue,市政府,2018-04-12,122252.0
Blue,永春,2018-04-12,41814.0
Blue,後山埤,2018-04-12,33339.0
Blue,昆陽,2018-04-12,29935.0
Blue,南港,2018-04-12,36358.0
Blue,忠孝復興,2018-04-12,54999.0
Blue,南港展覽館,2018-04-12,40935.5
Blue,台北車站,2018-04-13,159707.5
Blue,頂埔,2018-04-13,17734.0
Blue,永寧,2018-04-13,27376.0
Blue,土城,2018-04-13,15365.0
Blue,海山,2018-04-13,47037.0
Blue,亞東醫院,2018-04-13,48332.0
Blue,府中,2018-04-13,63272.0
Blue,板橋,2018-04-13,89286.0
Blue,新埔,2018-04-13,87380.0
Blue,江子翠,2018-04-13,56167.0
Blue,龍山寺,2018-04-13,62159.0
Blue,西門,2018-04-13,89090.0
Blue,善導寺,2018-04-13,50283.0
Blue,忠孝新生,2018-04-13,40445.5
Blue,忠孝敦化,2018-04-13,83274.0
Blue,國父紀念館,2018-04-13,50370.0
Blue,市政府,2018-04-13,136342.0
Blue,永春,2018-04-13,43578.0
Blue,後山埤,2018-04-13,36157.0
Blue,昆陽,2018-04-13,31329.0
Blue,南港,2018-04-13,40433.0
Blue,忠孝復興,2018-04-13,63629.0
Blue,南港展覽館,2018-04-13,43188.0
Blue,台北車站,2018-04-14,172984.0
Blue,頂埔,2018-04-14,13156.0
Blue,永寧,2018-04-14,22766.0
Blue,土城,2018-04-14,13578.0
Blue,海山,2018-04-14,37503.0
Blue,亞東醫院,2018-04-14,35104.0
Blue,府中,2018-04-14,59869.0
Blue,板橋,2018-04-14,83798.0
Blue,新埔,2018-04-14,69782.0
Blue,江子翠,2018-04-14,45014.0
Blue,龍山寺,2018-04-14,60223.0
Blue,西門,2018-04-14,103351.5
Blue,善導寺,2018-04-14,34376.0
Blue,忠孝新生,2018-04-14,40424.5
Blue,忠孝敦化,2018-04-14,77487.0
Blue,國父紀念館,2018-04-14,43012.0
Blue,市政府,2018-04-14,113400.0
Blue,永春,2018-04-14,32438.0
Blue,後山埤,2018-04-14,30495.0
Blue,昆陽,2018-04-14,20127.0
Blue,南港,2018-04-14,29963.0
Blue,忠孝復興,2018-04-14,66728.0
Blue,南港展覽館,2018-04-14,27386.0
Blue,台北車站,2018-04-15,153198.0
Blue,頂埔,2018-04-15,12221.0
Blue,永寧,2018-04-15,18541.0
Blue,土城,2018-04-15,10879.0
Blue,海山,2018-04-15,31691.0
Blue,亞東醫院,2018-04-15,27160.0
Blue,府中,2018-04-15,48432.0
Blue,板橋,2018-04-15,70564.0
Blue,新埔,2018-04-15,57800.0
Blue,江子翠,2018-04-15,38217.0
Blue,龍山寺,2018-04-15,53400.0
Blue,西門,2018-04-15,89073.0
Blue,善導寺,2018-04-15,27267.0
Blue,忠孝新生,2018-04-15,31412.0
Blue,忠孝敦化,2018-04-15,58360.0
Blue,國父紀念館,2018-04-15,32509.0
Blue,市政府,2018-04-15,94974.0
Blue,永春,2018-04-15,30696.0
Blue,後山埤,2018-04-15,25206.0
Blue,昆陽,2018-04-15,16031.0
Blue,南港,2018-04-15,26873.0
Blue,忠孝復興,2018-04-15,52125.0
Blue,南港展覽館,2018-04-15,19428.0
Blue,台北車站,2018-04-16,133252.5
Blue,頂埔,2018-04-16,16714.0
Blue,永寧,2018-04-16,24957.0
Blue,土城,2018-04-16,14622.0
Blue,海山,2018-04-16,44773.0
Blue,亞東醫院,2018-04-16,46397.0
Blue,府中,2018-04-16,57169.0
Blue,板橋,2018-04-16,76050.0
Blue,新埔,2018-04-16,83231.0
Blue,江子翠,2018-04-16,52673.0
Blue,龍山寺,2018-04-16,61090.0
Blue,西門,2018-04-16,76218.0
Blue,善導寺,2018-04-16,45028.0
Blue,忠孝新生,2018-04-16,36042.5
Blue,忠孝敦化,2018-04-16,68827.0
Blue,國父紀念館,2018-04-16,41351.0
Blue,市政府,2018-04-16,116886.0
Blue,永春,2018-04-16,40243.0
Blue,後山埤,2018-04-16,33857.0
Blue,昆陽,2018-04-16,29494.0
Blue,南港,2018-04-16,32853.0
Blue,忠孝復興,2018-04-16,52767.5
Blue,南港展覽館,2018-04-16,32489.5
Blue,台北車站,2018-04-17,132510.5
Blue,頂埔,2018-04-17,16925.0
Blue,永寧,2018-04-17,24939.0
Blue,土城,2018-04-17,14391.0
Blue,海山,2018-04-17,45263.0
Blue,亞東醫院,2018-04-17,47997.0
Blue,府中,2018-04-17,58477.0
Blue,板橋,2018-04-17,77402.0
Blue,新埔,2018-04-17,85764.0
Blue,江子翠,2018-04-17,53380.0
Blue,龍山寺,2018-04-17,59333.0
Blue,西門,2018-04-17,75563.0
Blue,善導寺,2018-04-17,48823.0
Blue,忠孝新生,2018-04-17,36746.0
Blue,忠孝敦化,2018-04-17,71998.0
Blue,國父紀念館,2018-04-17,44446.0
Blue,市政府,2018-04-17,118923.0
Blue,永春,2018-04-17,41991.0
Blue,後山埤,2018-04-17,34748.0
Blue,昆陽,2018-04-17,30193.0
Blue,南港,2018-04-17,37971.0
Blue,忠孝復興,2018-04-17,53130.5
Blue,南港展覽館,2018-04-17,50573.5
Blue,台北車站,2018-04-18,131735.5
Blue,頂埔,2018-04-18,16797.0
Blue,永寧,2018-04-18,25723.0
Blue,土城,2018-04-18,14566.0
Blue,海山,2018-04-18,45263.0
Blue,亞東醫院,2018-04-18,47426.0
Blue,府中,2018-04-18,59201.0
Blue,板橋,2018-04-18,77825.0
Blue,新埔,2018-04-18,85012.0
Blue,江子翠,2018-04-18,54435.0
Blue,龍山寺,2018-04-18,59413.0
Blue,西門,2018-04-18,76802.5
Blue,善導寺,2018-04-18,49941.0
Blue,忠孝新生,2018-04-18,37371.5
Blue,忠孝敦化,2018-04-18,72476.0
Blue,國父紀念館,2018-04-18,47068.0
Blue,市政府,2018-04-18,117975.0
Blue,永春,2018-04-18,41825.0
Blue,後山埤,2018-04-18,34391.0
Blue,昆陽,2018-04-18,30238.0
Blue,南港,2018-04-18,34348.0
Blue,忠孝復興,2018-04-18,55190.5
Blue,南港展覽館,2018-04-18,35770.0
Blue,台北車站,2018-04-19,133405.0
Blue,頂埔,2018-04-19,16939.0
Blue,永寧,2018-04-19,25986.0
Blue,土城,2018-04-19,14456.0
Blue,海山,2018-04-19,44808.0
Blue,亞東醫院,2018-04-19,47576.0
Blue,府中,2018-04-19,59048.0
Blue,板橋,2018-04-19,79347.0
Blue,新埔,2018-04-19,85014.0
Blue,江子翠,2018-04-19,53908.0
Blue,龍山寺,2018-04-19,59330.0
Blue,西門,2018-04-19,77866.5
Blue,善導寺,2018-04-19,48440.0
Blue,忠孝新生,2018-04-19,38503.5
Blue,忠孝敦化,2018-04-19,73190.0
Blue,國父紀念館,2018-04-19,47435.0
Blue,市政府,2018-04-19,121629.0
Blue,永春,2018-04-19,41388.0
Blue,後山埤,2018-04-19,34037.0
Blue,昆陽,2018-04-19,30002.0
Blue,南港,2018-04-19,34268.0
Blue,忠孝復興,2018-04-19,55699.0
Blue,南港展覽館,2018-04-19,33963.5
Blue,台北車站,2018-04-20,161252.5
Blue,頂埔,2018-04-20,17428.0
Blue,永寧,2018-04-20,28455.0
Blue,土城,2018-04-20,15602.0
Blue,海山,2018-04-20,46854.0
Blue,亞東醫院,2018-04-20,48601.0
Blue,府中,2018-04-20,64134.0
Blue,板橋,2018-04-20,87937.0
Blue,新埔,2018-04-20,88687.0
Blue,江子翠,2018-04-20,56730.0
Blue,龍山寺,2018-04-20,63912.0
Blue,西門,2018-04-20,89488.0
Blue,善導寺,2018-04-20,50549.0
Blue,忠孝新生,2018-04-20,43516.0
Blue,忠孝敦化,2018-04-20,83680.0
Blue,國父紀念館,2018-04-20,50501.0
Blue,市政府,2018-04-20,134910.0
Blue,永春,2018-04-20,43800.0
Blue,後山埤,2018-04-20,36277.0
Blue,昆陽,2018-04-20,31792.0
Blue,南港,2018-04-20,38271.0
Blue,忠孝復興,2018-04-20,63819.0
Blue,南港展覽館,2018-04-20,36069.5
Blue,台北車站,2018-04-21,171699.0
Blue,頂埔,2018-04-21,13948.0
Blue,永寧,2018-04-21,25180.0
Blue,土城,2018-04-21,13896.0
Blue,海山,2018-04-21,42194.0
Blue,亞東醫院,2018-04-21,35694.0
Blue,府中,2018-04-21,61760.0
Blue,板橋,2018-04-21,85382.0
Blue,新埔,2018-04-21,73129.0
Blue,江子翠,2018-04-21,46848.0
Blue,龍山寺,2018-04-21,63829.0
Blue,西門,2018-04-21,104148.0
Blue,善導寺,2018-04-21,36252.0
Blue,忠孝新生,2018-04-21,44281.5
Blue,忠孝敦化,2018-04-21,77150.0
Blue,國父紀念館,2018-04-21,44981.0
Blue,市政府,2018-04-21,113743.0
Blue,永春,2018-04-21,32715.0
Blue,後山埤,2018-04-21,32295.0
Blue,昆陽,2018-04-21,20219.0
Blue,南港,2018-04-21,32023.0
Blue,忠孝復興,2018-04-21,66220.0
Blue,南港展覽館,2018-04-21,37366.0
Blue,台北車站,2018-04-22,160696.0
Blue,頂埔,2018-04-22,12810.0
Blue,永寧,2018-04-22,23379.0
Blue,土城,2018-04-22,11803.0
Blue,海山,2018-04-22,32676.0
Blue,亞東醫院,2018-04-22,28079.0
Blue,府中,2018-04-22,50142.0
Blue,板橋,2018-04-22,77846.0
Blue,新埔,2018-04-22,59761.0
Blue,江子翠,2018-04-22,40536.0
Blue,龍山寺,2018-04-22,56285.0
Blue,西門,2018-04-22,89576.5
Blue,善導寺,2018-04-22,30683.0
Blue,忠孝新生,2018-04-22,36856.0
Blue,忠孝敦化,2018-04-22,58892.0
Blue,國父紀念館,2018-04-22,42681.0
Blue,市政府,2018-04-22,99186.0
Blue,永春,2018-04-22,27288.0
Blue,後山埤,2018-04-22,26102.0
Blue,昆陽,2018-04-22,16965.0
Blue,南港,2018-04-22,27997.0
Blue,忠孝復興,2018-04-22,52799.0
Blue,南港展覽館,2018-04-22,28285.5
Blue,台北車站,2018-04-23,134209.5
Blue,頂埔,2018-04-23,16161.0
Blue,永寧,2018-04-23,25194.0
Blue,土城,2018-04-23,14585.0
Blue,海山,2018-04-23,41981.0
Blue,亞東醫院,2018-04-23,46169.0
Blue,府中,2018-04-23,55425.0
Blue,板橋,2018-04-23,75543.0
Blue,新埔,2018-04-23,81261.0
Blue,江子翠,2018-04-23,52388.0
Blue,龍山寺,2018-04-23,57901.0
Blue,西門,2018-04-23,74458.5
Blue,善導寺,2018-04-23,47199.0
Blue,忠孝新生,2018-04-23,34777.5
Blue,忠孝敦化,2018-04-23,69390.0
Blue,國父紀念館,2018-04-23,41415.0
Blue,市政府,2018-04-23,116751.0
Blue,永春,2018-04-23,39548.0
Blue,後山埤,2018-04-23,33351.0
Blue,昆陽,2018-04-23,28703.0
Blue,南港,2018-04-23,32638.0
Blue,忠孝復興,2018-04-23,52570.0
Blue,南港展覽館,2018-04-23,32752.0
Blue,台北車站,2018-04-24,130486.0
Blue,頂埔,2018-04-24,16397.0
Blue,永寧,2018-04-24,24733.0
Blue,土城,2018-04-24,14380.0
Blue,海山,2018-04-24,44724.0
Blue,亞東醫院,2018-04-24,47032.0
Blue,府中,2018-04-24,56956.0
Blue,板橋,2018-04-24,76512.0
Blue,新埔,2018-04-24,83820.0
Blue,江子翠,2018-04-24,52888.0
Blue,龍山寺,2018-04-24,55825.0
Blue,西門,2018-04-24,72777.0
Blue,善導寺,2018-04-24,49594.0
Blue,忠孝新生,2018-04-24,34756.0
Blue,忠孝敦化,2018-04-24,70953.0
Blue,國父紀念館,2018-04-24,43394.0
Blue,市政府,2018-04-24,117110.0
Blue,永春,2018-04-24,40875.0
Blue,後山埤,2018-04-24,33449.0
Blue,昆陽,2018-04-24,29491.0
Blue,南港,2018-04-24,33434.0
Blue,忠孝復興,2018-04-24,53822.0
Blue,南港展覽館,2018-04-24,32931.0
Blue,台北車站,2018-04-25,137043.5
Blue,頂埔,2018-04-25,16815.0
Blue,永寧,2018-04-25,26330.0
Blue,土城,2018-04-25,15059.0
Blue,海山,2018-04-25,46205.0
Blue,亞東醫院,2018-04-25,47940.0
Blue,府中,2018-04-25,58596.0
Blue,板橋,2018-04-25,79417.0
Blue,新埔,2018-04-25,85613.0
Blue,江子翠,2018-04-25,54746.0
Blue,龍山寺,2018-04-25,60851.0
Blue,西門,2018-04-25,81390.5
Blue,善導寺,2018-04-25,54116.0
Blue,忠孝新生,2018-04-25,37434.0
Blue,忠孝敦化,2018-04-25,73171.0
Blue,國父紀念館,2018-04-25,44062.0
Blue,市政府,2018-04-25,118614.0
Blue,永春,2018-04-25,42160.0
Blue,後山埤,2018-04-25,34913.0
Blue,昆陽,2018-04-25,30163.0
Blue,南港,2018-04-25,35700.0
Blue,忠孝復興,2018-04-25,56389.0
Blue,南港展覽館,2018-04-25,38200.5
Blue,台北車站,2018-04-26,139526.0
Blue,頂埔,2018-04-26,16829.0
Blue,永寧,2018-04-26,26938.0
Blue,土城,2018-04-26,14880.0
Blue,海山,2018-04-26,45449.0
Blue,亞東醫院,2018-04-26,47160.0
Blue,府中,2018-04-26,59143.0
Blue,板橋,2018-04-26,80113.0
Blue,新埔,2018-04-26,85327.0
Blue,江子翠,2018-04-26,55124.0
Blue,龍山寺,2018-04-26,60702.0
Blue,西門,2018-04-26,80905.0
Blue,善導寺,2018-04-26,51428.0
Blue,忠孝新生,2018-04-26,38349.5
Blue,忠孝敦化,2018-04-26,73843.0
Blue,國父紀念館,2018-04-26,46229.0
Blue,市政府,2018-04-26,124236.0
Blue,永春,2018-04-26,42258.0
Blue,後山埤,2018-04-26,34681.0
Blue,昆陽,2018-04-26,30550.0
Blue,南港,2018-04-26,35471.0
Blue,忠孝復興,2018-04-26,57203.0
Blue,南港展覽館,2018-04-26,38561.5
Blue,台北車站,2018-04-27,169443.0
Blue,頂埔,2018-04-27,18100.0
Blue,永寧,2018-04-27,29309.0
Blue,土城,2018-04-27,15736.0
Blue,海山,2018-04-27,47481.0
Blue,亞東醫院,2018-04-27,48770.0
Blue,府中,2018-04-27,63037.0
Blue,板橋,2018-04-27,90711.0
Blue,新埔,2018-04-27,89313.0
Blue,江子翠,2018-04-27,56391.0
Blue,龍山寺,2018-04-27,62917.0
Blue,西門,2018-04-27,92433.5
Blue,善導寺,2018-04-27,51059.0
Blue,忠孝新生,2018-04-27,42444.0
Blue,忠孝敦化,2018-04-27,83373.0
Blue,國父紀念館,2018-04-27,51294.0
Blue,市政府,2018-04-27,140069.0
Blue,永春,2018-04-27,43635.0
Blue,後山埤,2018-04-27,36674.0
Blue,昆陽,2018-04-27,31937.0
Blue,南港,2018-04-27,41617.0
Blue,忠孝復興,2018-04-27,64405.5
Blue,南港展覽館,2018-04-27,47150.5
Blue,台北車站,2018-04-28,175430.5
Blue,頂埔,2018-04-28,14062.0
Blue,永寧,2018-04-28,27815.0
Blue,土城,2018-04-28,13984.0
Blue,海山,2018-04-28,39014.0
Blue,亞東醫院,2018-04-28,34731.0
Blue,府中,2018-04-28,61818.0
Blue,板橋,2018-04-28,88469.0
Blue,新埔,2018-04-28,71145.0
Blue,江子翠,2018-04-28,47051.0
Blue,龍山寺,2018-04-28,64767.0
Blue,西門,2018-04-28,110837.0
Blue,善導寺,2018-04-28,37125.0
Blue,忠孝新生,2018-04-28,40541.0
Blue,忠孝敦化,2018-04-28,75113.0
Blue,國父紀念館,2018-04-28,45930.0
Blue,市政府,2018-04-28,116024.0
Blue,永春,2018-04-28,33806.0
Blue,後山埤,2018-04-28,31006.0
Blue,昆陽,2018-04-28,20941.0
Blue,南港,2018-04-28,33894.0
Blue,忠孝復興,2018-04-28,67533.5
Blue,南港展覽館,2018-04-28,37143.0
Blue,台北車站,2018-04-29,162826.5
Blue,頂埔,2018-04-29,13625.0
Blue,永寧,2018-04-29,25537.0
Blue,土城,2018-04-29,11484.0
Blue,海山,2018-04-29,33862.0
Blue,亞東醫院,2018-04-29,28342.0
Blue,府中,2018-04-29,51279.0
Blue,板橋,2018-04-29,79163.0
Blue,新埔,2018-04-29,60129.0
Blue,江子翠,2018-04-29,39315.0
Blue,龍山寺,2018-04-29,58790.0
Blue,西門,2018-04-29,94066.0
Blue,善導寺,2018-04-29,29646.0
Blue,忠孝新生,2018-04-29,34673.5
Blue,忠孝敦化,2018-04-29,58570.0
Blue,國父紀念館,2018-04-29,38029.0
Blue,市政府,2018-04-29,100169.0
Blue,永春,2018-04-29,30035.0
Blue,後山埤,2018-04-29,25965.0
Blue,昆陽,2018-04-29,16721.0
Blue,南港,2018-04-29,30254.0
Blue,忠孝復興,2018-04-29,54694.5
Blue,南港展覽館,2018-04-29,33271.5
Blue,台北車站,2018-04-30,143845.5
Blue,頂埔,2018-04-30,16902.0
Blue,永寧,2018-04-30,26963.0
Blue,土城,2018-04-30,14616.0
Blue,海山,2018-04-30,44457.0
Blue,亞東醫院,2018-04-30,46164.0
Blue,府中,2018-04-30,57850.0
Blue,板橋,2018-04-30,80925.0
Blue,新埔,2018-04-30,83331.0
Blue,江子翠,2018-04-30,52639.0
Blue,龍山寺,2018-04-30,64711.0
Blue,西門,2018-04-30,84503.0
Blue,善導寺,2018-04-30,45348.0
Blue,忠孝新生,2018-04-30,38165.0
Blue,忠孝敦化,2018-04-30,73339.0
Blue,國父紀念館,2018-04-30,45112.0
Blue,市政府,2018-04-30,122391.0
Blue,永春,2018-04-30,40129.0
Blue,後山埤,2018-04-30,33766.0
Blue,昆陽,2018-04-30,28773.0
Blue,南港,2018-04-30,34292.0
Blue,忠孝復興,2018-04-30,59168.0
Blue,南港展覽館,2018-04-30,32268.5
Blue,台北車站,2018-05-01,127442.5
Blue,頂埔,2018-05-01,12749.0
Blue,永寧,2018-05-01,25773.0
Blue,土城,2018-05-01,12805.0
Blue,海山,2018-05-01,37834.0
Blue,亞東醫院,2018-05-01,38289.0
Blue,府中,2018-05-01,51673.0
Blue,板橋,2018-05-01,75692.0
Blue,新埔,2018-05-01,69170.0
Blue,江子翠,2018-05-01,41938.0
Blue,龍山寺,2018-05-01,59324.0
Blue,西門,2018-05-01,79131.5
Blue,善導寺,2018-05-01,38805.0
Blue,忠孝新生,2018-05-01,31123.0
Blue,忠孝敦化,2018-05-01,60115.0
Blue,國父紀念館,2018-05-01,33969.0
Blue,市政府,2018-05-01,99971.0
Blue,永春,2018-05-01,33364.0
Blue,後山埤,2018-05-01,29412.0
Blue,昆陽,2018-05-01,21062.0
Blue,南港,2018-05-01,29237.0
Blue,忠孝復興,2018-05-01,58676.0
Blue,南港展覽館,2018-05-01,21098.0
Blue,台北車站,2018-05-02,130348.5
Blue,頂埔,2018-05-02,16736.0
Blue,永寧,2018-05-02,26399.0
Blue,土城,2018-05-02,14930.0
Blue,海山,2018-05-02,45300.0
Blue,亞東醫院,2018-05-02,47222.0
Blue,府中,2018-05-02,57331.0
Blue,板橋,2018-05-02,76548.0
Blue,新埔,2018-05-02,83788.0
Blue,江子翠,2018-05-02,53339.0
Blue,龍山寺,2018-05-02,59674.0
Blue,西門,2018-05-02,74906.5
Blue,善導寺,2018-05-02,49217.0
Blue,忠孝新生,2018-05-02,35655.0
Blue,忠孝敦化,2018-05-02,72461.0
Blue,國父紀念館,2018-05-02,43664.0
Blue,市政府,2018-05-02,115979.0
Blue,永春,2018-05-02,41399.0
Blue,後山埤,2018-05-02,33446.0
Blue,昆陽,2018-05-02,29251.0
Blue,南港,2018-05-02,33137.0
Blue,忠孝復興,2018-05-02,56749.5
Blue,南港展覽館,2018-05-02,32956.5
Blue,台北車站,2018-05-03,130924.0
Blue,頂埔,2018-05-03,16728.0
Blue,永寧,2018-05-03,25393.0
Blue,土城,2018-05-03,14361.0
Blue,海山,2018-05-03,44892.0
Blue,亞東醫院,2018-05-03,47107.0
Blue,府中,2018-05-03,57936.0
Blue,板橋,2018-05-03,77498.0
Blue,新埔,2018-05-03,84376.0
Blue,江子翠,2018-05-03,53846.0
Blue,龍山寺,2018-05-03,60663.0
Blue,西門,2018-05-03,75513.5
Blue,善導寺,2018-05-03,48442.0
Blue,忠孝新生,2018-05-03,36723.0
Blue,忠孝敦化,2018-05-03,73569.0
Blue,國父紀念館,2018-05-03,45574.0
Blue,市政府,2018-05-03,120374.0
Blue,永春,2018-05-03,41286.0
Blue,後山埤,2018-05-03,33364.0
Blue,昆陽,2018-05-03,29242.0
Blue,南港,2018-05-03,33770.0
Blue,忠孝復興,2018-05-03,59024.0
Blue,南港展覽館,2018-05-03,34602.5
Blue,台北車站,2018-05-04,162284.5
Blue,頂埔,2018-05-04,18084.0
Blue,永寧,2018-05-04,29101.0
Blue,土城,2018-05-04,15635.0
Blue,海山,2018-05-04,47742.0
Blue,亞東醫院,2018-05-04,48656.0
Blue,府中,2018-05-04,63038.0
Blue,板橋,2018-05-04,88681.0
Blue,新埔,2018-05-04,89030.0
Blue,江子翠,2018-05-04,55950.0
Blue,龍山寺,2018-05-04,66578.0
Blue,西門,2018-05-04,90891.5
Blue,善導寺,2018-05-04,50965.0
Blue,忠孝新生,2018-05-04,42081.5
Blue,忠孝敦化,2018-05-04,83649.0
Blue,國父紀念館,2018-05-04,51046.0
Blue,市政府,2018-05-04,137594.0
Blue,永春,2018-05-04,43406.0
Blue,後山埤,2018-05-04,36939.0
Blue,昆陽,2018-05-04,30885.0
Blue,南港,2018-05-04,39194.0
Blue,忠孝復興,2018-05-04,66740.0
Blue,南港展覽館,2018-05-04,35629.0
Blue,台北車站,2018-05-05,163948.0
Blue,頂埔,2018-05-05,14055.0
Blue,永寧,2018-05-05,31338.0
Blue,土城,2018-05-05,13705.0
Blue,海山,2018-05-05,40504.0
Blue,亞東醫院,2018-05-05,36209.0
Blue,府中,2018-05-05,60524.0
Blue,板橋,2018-05-05,85674.0
Blue,新埔,2018-05-05,73409.0
Blue,江子翠,2018-05-05,45876.0
Blue,龍山寺,2018-05-05,65366.0
Blue,西門,2018-05-05,103731.0
Blue,善導寺,2018-05-05,34132.0
Blue,忠孝新生,2018-05-05,38472.0
Blue,忠孝敦化,2018-05-05,77388.0
Blue,國父紀念館,2018-05-05,45385.0
Blue,市政府,2018-05-05,120738.0
Blue,永春,2018-05-05,32974.0
Blue,後山埤,2018-05-05,31682.0
Blue,昆陽,2018-05-05,19289.0
Blue,南港,2018-05-05,29327.0
Blue,忠孝復興,2018-05-05,68783.5
Blue,南港展覽館,2018-05-05,24188.5
Blue,台北車站,2018-05-06,156855.5
Blue,頂埔,2018-05-06,13055.0
Blue,永寧,2018-05-06,28418.0
Blue,土城,2018-05-06,11741.0
Blue,海山,2018-05-06,35611.0
Blue,亞東醫院,2018-05-06,29832.0
Blue,府中,2018-05-06,52328.0
Blue,板橋,2018-05-06,82033.0
Blue,新埔,2018-05-06,62648.0
Blue,江子翠,2018-05-06,39957.0
Blue,龍山寺,2018-05-06,55826.0
Blue,西門,2018-05-06,87287.0
Blue,善導寺,2018-05-06,27948.0
Blue,忠孝新生,2018-05-06,32910.5
Blue,忠孝敦化,2018-05-06,59690.0
Blue,國父紀念館,2018-05-06,36004.0
Blue,市政府,2018-05-06,103361.0
Blue,永春,2018-05-06,29560.0
Blue,後山埤,2018-05-06,25735.0
Blue,昆陽,2018-05-06,17272.0
Blue,南港,2018-05-06,28352.0
Blue,忠孝復興,2018-05-06,55104.0
Blue,南港展覽館,2018-05-06,23028.0
Blue,台北車站,2018-05-07,131827.0
Blue,頂埔,2018-05-07,16685.0
Blue,永寧,2018-05-07,26261.0
Blue,土城,2018-05-07,14874.0
Blue,海山,2018-05-07,45073.0
Blue,亞東醫院,2018-05-07,47058.0
Blue,府中,2018-05-07,56781.0
Blue,板橋,2018-05-07,78762.0
Blue,新埔,2018-05-07,83478.0
Blue,江子翠,2018-05-07,53001.0
Blue,龍山寺,2018-05-07,57841.0
Blue,西門,2018-05-07,73524.5
Blue,善導寺,2018-05-07,45308.0
Blue,忠孝新生,2018-05-07,36331.0
Blue,忠孝敦化,2018-05-07,69137.0
Blue,國父紀念館,2018-05-07,42462.0
Blue,市政府,2018-05-07,118602.0
Blue,永春,2018-05-07,39867.0
Blue,後山埤,2018-05-07,33386.0
Blue,昆陽,2018-05-07,29025.0
Blue,南港,2018-05-07,33398.0
Blue,忠孝復興,2018-05-07,54868.0
Blue,南港展覽館,2018-05-07,33417.5
Blue,台北車站,2018-05-08,126998.5
Blue,頂埔,2018-05-08,16606.0
Blue,永寧,2018-05-08,25354.0
Blue,土城,2018-05-08,14547.0
Blue,海山,2018-05-08,45012.0
Blue,亞東醫院,2018-05-08,48012.0
Blue,府中,2018-05-08,59809.0
Blue,板橋,2018-05-08,78481.0
Blue,新埔,2018-05-08,86127.0
Blue,江子翠,2018-05-08,53982.0
Blue,龍山寺,2018-05-08,59128.0
Blue,西門,2018-05-08,74222.5
Blue,善導寺,2018-05-08,49235.0
Blue,忠孝新生,2018-05-08,36396.5
Blue,忠孝敦化,2018-05-08,71247.0
Blue,國父紀念館,2018-05-08,43449.0
Blue,市政府,2018-05-08,116735.0
Blue,永春,2018-05-08,42052.0
Blue,後山埤,2018-05-08,34112.0
Blue,昆陽,2018-05-08,29425.0
Blue,南港,2018-05-08,33486.0
Blue,忠孝復興,2018-05-08,55951.5
Blue,南港展覽館,2018-05-08,33822.0
Blue,台北車站,2018-05-09,131712.5
Blue,頂埔,2018-05-09,16666.0
Blue,永寧,2018-05-09,25868.0
Blue,土城,2018-05-09,14683.0
Blue,海山,2018-05-09,45391.0
Blue,亞東醫院,2018-05-09,47662.0
Blue,府中,2018-05-09,58987.0
Blue,板橋,2018-05-09,78857.0
Blue,新埔,2018-05-09,85988.0
Blue,江子翠,2018-05-09,55072.0
Blue,龍山寺,2018-05-09,59694.0
Blue,西門,2018-05-09,76384.5
Blue,善導寺,2018-05-09,50310.0
Blue,忠孝新生,2018-05-09,38382.5
Blue,忠孝敦化,2018-05-09,73718.0
Blue,國父紀念館,2018-05-09,44822.0
Blue,市政府,2018-05-09,119265.0
Blue,永春,2018-05-09,41941.0
Blue,後山埤,2018-05-09,34425.0
Blue,昆陽,2018-05-09,29834.0
Blue,南港,2018-05-09,35137.0
Blue,忠孝復興,2018-05-09,58096.5
Blue,南港展覽館,2018-05-09,36385.5
Blue,台北車站,2018-05-10,134122.0
Blue,頂埔,2018-05-10,17077.0
Blue,永寧,2018-05-10,26120.0
Blue,土城,2018-05-10,14764.0
Blue,海山,2018-05-10,45337.0
Blue,亞東醫院,2018-05-10,47599.0
Blue,府中,2018-05-10,58846.0
Blue,板橋,2018-05-10,80220.0
Blue,新埔,2018-05-10,86049.0
Blue,江子翠,2018-05-10,54218.0
Blue,龍山寺,2018-05-10,59437.0
Blue,西門,2018-05-10,79786.0
Blue,善導寺,2018-05-10,48828.0
Blue,忠孝新生,2018-05-10,39011.0
Blue,忠孝敦化,2018-05-10,75791.0
Blue,國父紀念館,2018-05-10,46291.0
Blue,市政府,2018-05-10,123170.0
Blue,永春,2018-05-10,41853.0
Blue,後山埤,2018-05-10,34544.0
Blue,昆陽,2018-05-10,30292.0
Blue,南港,2018-05-10,35579.0
Blue,忠孝復興,2018-05-10,58646.5
Blue,南港展覽館,2018-05-10,37633.0
Blue,台北車站,2018-05-11,172538.5
Blue,頂埔,2018-05-11,18650.0
Blue,永寧,2018-05-11,29684.0
Blue,土城,2018-05-11,16049.0
Blue,海山,2018-05-11,48307.0
Blue,亞東醫院,2018-05-11,48630.0
Blue,府中,2018-05-11,64177.0
Blue,板橋,2018-05-11,91791.0
Blue,新埔,2018-05-11,89747.0
Blue,江子翠,2018-05-11,56716.0
Blue,龍山寺,2018-05-11,63046.0
Blue,西門,2018-05-11,89756.5
Blue,善導寺,2018-05-11,48715.0
Blue,忠孝新生,2018-05-11,44400.5
Blue,忠孝敦化,2018-05-11,83524.0
Blue,國父紀念館,2018-05-11,51381.0
Blue,市政府,2018-05-11,140625.0
Blue,永春,2018-05-11,44758.0
Blue,後山埤,2018-05-11,37081.0
Blue,昆陽,2018-05-11,31810.0
Blue,南港,2018-05-11,42475.0
Blue,忠孝復興,2018-05-11,68749.5
Blue,南港展覽館,2018-05-11,39872.5
Blue,台北車站,2018-05-12,167891.5
Blue,頂埔,2018-05-12,13827.0
Blue,永寧,2018-05-12,24862.0
Blue,土城,2018-05-12,13105.0
Blue,海山,2018-05-12,38618.0
Blue,亞東醫院,2018-05-12,34077.0
Blue,府中,2018-05-12,58456.0
Blue,板橋,2018-05-12,85324.0
Blue,新埔,2018-05-12,69077.0
Blue,江子翠,2018-05-12,45219.0
Blue,龍山寺,2018-05-12,62845.0
Blue,西門,2018-05-12,98848.0
Blue,善導寺,2018-05-12,37695.0
Blue,忠孝新生,2018-05-12,39162.0
Blue,忠孝敦化,2018-05-12,74389.0
Blue,國父紀念館,2018-05-12,47119.0
Blue,市政府,2018-05-12,113552.0
Blue,永春,2018-05-12,35643.0
Blue,後山埤,2018-05-12,31348.0
Blue,昆陽,2018-05-12,19773.0
Blue,南港,2018-05-12,33352.0
Blue,忠孝復興,2018-05-12,69325.5
Blue,南港展覽館,2018-05-12,26880.0
Blue,台北車站,2018-05-13,151194.5
Blue,頂埔,2018-05-13,12978.0
Blue,永寧,2018-05-13,21745.0
Blue,土城,2018-05-13,11128.0
Blue,海山,2018-05-13,31699.0
Blue,亞東醫院,2018-05-13,26091.0
Blue,府中,2018-05-13,45715.0
Blue,板橋,2018-05-13,73489.0
Blue,新埔,2018-05-13,56507.0
Blue,江子翠,2018-05-13,37683.0
Blue,龍山寺,2018-05-13,52948.0
Blue,西門,2018-05-13,78331.0
Blue,善導寺,2018-05-13,24123.0
Blue,忠孝新生,2018-05-13,29941.0
Blue,忠孝敦化,2018-05-13,54408.0
Blue,國父紀念館,2018-05-13,37252.0
Blue,市政府,2018-05-13,102736.0
Blue,永春,2018-05-13,26476.0
Blue,後山埤,2018-05-13,26406.0
Blue,昆陽,2018-05-13,16513.0
Blue,南港,2018-05-13,27052.0
Blue,忠孝復興,2018-05-13,54599.5
Blue,南港展覽館,2018-05-13,19393.5
Blue,台北車站,2018-05-14,135043.5
Blue,頂埔,2018-05-14,16533.0
Blue,永寧,2018-05-14,25417.0
Blue,土城,2018-05-14,14633.0
Blue,海山,2018-05-14,43873.0
Blue,亞東醫院,2018-05-14,46390.0
Blue,府中,2018-05-14,55571.0
Blue,板橋,2018-05-14,76639.0
Blue,新埔,2018-05-14,81213.0
Blue,江子翠,2018-05-14,52205.0
Blue,龍山寺,2018-05-14,57000.0
Blue,西門,2018-05-14,74314.0
Blue,善導寺,2018-05-14,41741.0
Blue,忠孝新生,2018-05-14,35104.0
Blue,忠孝敦化,2018-05-14,69254.0
Blue,國父紀念館,2018-05-14,41903.0
Blue,市政府,2018-05-14,116797.0
Blue,永春,2018-05-14,37467.0
Blue,後山埤,2018-05-14,33340.0
Blue,昆陽,2018-05-14,28466.0
Blue,南港,2018-05-14,32167.0
Blue,忠孝復興,2018-05-14,52247.0
Blue,南港展覽館,2018-05-14,33165.5
Blue,台北車站,2018-05-15,127925.5
Blue,頂埔,2018-05-15,16731.0
Blue,永寧,2018-05-15,25587.0
Blue,土城,2018-05-15,14556.0
Blue,海山,2018-05-15,44674.0
Blue,亞東醫院,2018-05-15,46810.0
Blue,府中,2018-05-15,58001.0
Blue,板橋,2018-05-15,76975.0
Blue,新埔,2018-05-15,84850.0
Blue,江子翠,2018-05-15,52860.0
Blue,龍山寺,2018-05-15,60396.0
Blue,西門,2018-05-15,74822.0
Blue,善導寺,2018-05-15,47399.0
Blue,忠孝新生,2018-05-15,36221.5
Blue,忠孝敦化,2018-05-15,70863.0
Blue,國父紀念館,2018-05-15,44539.0
Blue,市政府,2018-05-15,115871.0
Blue,永春,2018-05-15,40503.0
Blue,後山埤,2018-05-15,33345.0
Blue,昆陽,2018-05-15,29076.0
Blue,南港,2018-05-15,33564.0
Blue,忠孝復興,2018-05-15,53304.5
Blue,南港展覽館,2018-05-15,33226.0
Blue,台北車站,2018-05-16,130926.5
Blue,頂埔,2018-05-16,16950.0
Blue,永寧,2018-05-16,25387.0
Blue,土城,2018-05-16,14938.0
Blue,海山,2018-05-16,44553.0
Blue,亞東醫院,2018-05-16,46937.0
Blue,府中,2018-05-16,57789.0
Blue,板橋,2018-05-16,78618.0
Blue,新埔,2018-05-16,83906.0
Blue,江子翠,2018-05-16,53814.0
Blue,龍山寺,2018-05-16,58274.0
Blue,西門,2018-05-16,75832.5
Blue,善導寺,2018-05-16,48330.0
Blue,忠孝新生,2018-05-16,36106.5
Blue,忠孝敦化,2018-05-16,73118.0
Blue,國父紀念館,2018-05-16,44444.0
Blue,市政府,2018-05-16,116886.0
Blue,永春,2018-05-16,40246.0
Blue,後山埤,2018-05-16,34027.0
Blue,昆陽,2018-05-16,29721.0
Blue,南港,2018-05-16,33908.0
Blue,忠孝復興,2018-05-16,55722.5
Blue,南港展覽館,2018-05-16,33697.5
Blue,台北車站,2018-05-17,135172.5
Blue,頂埔,2018-05-17,16468.0
Blue,永寧,2018-05-17,25404.0
Blue,土城,2018-05-17,14501.0
Blue,海山,2018-05-17,44167.0
Blue,亞東醫院,2018-05-17,46745.0
Blue,府中,2018-05-17,58196.0
Blue,板橋,2018-05-17,79407.0
Blue,新埔,2018-05-17,83661.0
Blue,江子翠,2018-05-17,53391.0
Blue,龍山寺,2018-05-17,58378.0
Blue,西門,2018-05-17,77610.5
Blue,善導寺,2018-05-17,47942.0
Blue,忠孝新生,2018-05-17,37704.5
Blue,忠孝敦化,2018-05-17,73483.0
Blue,國父紀念館,2018-05-17,46146.0
Blue,市政府,2018-05-17,119999.0
Blue,永春,2018-05-17,40241.0
Blue,後山埤,2018-05-17,33794.0
Blue,昆陽,2018-05-17,29381.0
Blue,南港,2018-05-17,33957.0
Blue,忠孝復興,2018-05-17,55624.5
Blue,南港展覽館,2018-05-17,33494.5
Blue,台北車站,2018-05-18,170838.5
Blue,頂埔,2018-05-18,17823.0
Blue,永寧,2018-05-18,28023.0
Blue,土城,2018-05-18,16059.0
Blue,海山,2018-05-18,47654.0
Blue,亞東醫院,2018-05-18,48992.0
Blue,府中,2018-05-18,65605.0
Blue,板橋,2018-05-18,91456.0
Blue,新埔,2018-05-18,88960.0
Blue,江子翠,2018-05-18,56305.0
Blue,龍山寺,2018-05-18,63817.0
Blue,西門,2018-05-18,97739.5
Blue,善導寺,2018-05-18,51263.0
Blue,忠孝新生,2018-05-18,43934.5
Blue,忠孝敦化,2018-05-18,87144.0
Blue,國父紀念館,2018-05-18,57216.0
Blue,市政府,2018-05-18,140315.0
Blue,永春,2018-05-18,43192.0
Blue,後山埤,2018-05-18,36184.0
Blue,昆陽,2018-05-18,31120.0
Blue,南港,2018-05-18,40556.0
Blue,忠孝復興,2018-05-18,66295.5
Blue,南港展覽館,2018-05-18,36083.0
Blue,台北車站,2018-05-19,177565.0
Blue,頂埔,2018-05-19,13736.0
Blue,永寧,2018-05-19,23222.0
Blue,土城,2018-05-19,13753.0
Blue,海山,2018-05-19,37689.0
Blue,亞東醫院,2018-05-19,34564.0
Blue,府中,2018-05-19,62290.0
Blue,板橋,2018-05-19,84079.0
Blue,新埔,2018-05-19,70098.0
Blue,江子翠,2018-05-19,45708.0
Blue,龍山寺,2018-05-19,61328.0
Blue,西門,2018-05-19,108672.5
Blue,善導寺,2018-05-19,38548.0
Blue,忠孝新生,2018-05-19,44961.5
Blue,忠孝敦化,2018-05-19,81839.0
Blue,國父紀念館,2018-05-19,45416.0
Blue,市政府,2018-05-19,116486.0
Blue,永春,2018-05-19,32082.0
Blue,後山埤,2018-05-19,30403.0
Blue,昆陽,2018-05-19,20044.0
Blue,南港,2018-05-19,31532.0
Blue,忠孝復興,2018-05-19,69290.0
Blue,南港展覽館,2018-05-19,23686.5
Blue,台北車站,2018-05-20,167120.5
Blue,頂埔,2018-05-20,12952.0
Blue,永寧,2018-05-20,21876.0
Blue,土城,2018-05-20,12349.0
Blue,海山,2018-05-20,32653.0
Blue,亞東醫院,2018-05-20,27707.0
Blue,府中,2018-05-20,51853.0
Blue,板橋,2018-05-20,78569.0
Blue,新埔,2018-05-20,60152.0
Blue,江子翠,2018-05-20,39171.0
Blue,龍山寺,2018-05-20,55595.0
Blue,西門,2018-05-20,96477.5
Blue,善導寺,2018-05-20,30407.0
Blue,忠孝新生,2018-05-20,35325.5
Blue,忠孝敦化,2018-05-20,65790.0
Blue,國父紀念館,2018-05-20,37807.0
Blue,市政府,2018-05-20,103025.0
Blue,永春,2018-05-20,28198.0
Blue,後山埤,2018-05-20,26260.0
Blue,昆陽,2018-05-20,17281.0
Blue,南港,2018-05-20,28431.0
Blue,忠孝復興,2018-05-20,56315.0
Blue,南港展覽館,2018-05-20,20183.0
Blue,台北車站,2018-05-21,137243.5
Blue,頂埔,2018-05-21,16339.0
Blue,永寧,2018-05-21,25105.0
Blue,土城,2018-05-21,14405.0
Blue,海山,2018-05-21,43604.0
Blue,亞東醫院,2018-05-21,45976.0
Blue,府中,2018-05-21,55544.0
Blue,板橋,2018-05-21,75756.0
Blue,新埔,2018-05-21,81226.0
Blue,江子翠,2018-05-21,52024.0
Blue,龍山寺,2018-05-21,58024.0
Blue,西門,2018-05-21,77336.5
Blue,善導寺,2018-05-21,43671.0
Blue,忠孝新生,2018-05-21,35315.5
Blue,忠孝敦化,2018-05-21,70574.0
Blue,國父紀念館,2018-05-21,43707.0
Blue,市政府,2018-05-21,114747.0
Blue,永春,2018-05-21,39005.0
Blue,後山埤,2018-05-21,32985.0
Blue,昆陽,2018-05-21,30974.0
Blue,南港,2018-05-21,33414.0
Blue,忠孝復興,2018-05-21,53199.5
Blue,南港展覽館,2018-05-21,32633.5
Blue,台北車站,2018-05-22,131832.0
Blue,頂埔,2018-05-22,16652.0
Blue,永寧,2018-05-22,25621.0
Blue,土城,2018-05-22,14407.0
Blue,海山,2018-05-22,44517.0
Blue,亞東醫院,2018-05-22,46731.0
Blue,府中,2018-05-22,58050.0
Blue,板橋,2018-05-22,76607.0
Blue,新埔,2018-05-22,83346.0
Blue,江子翠,2018-05-22,52829.0
Blue,龍山寺,2018-05-22,61995.0
Blue,西門,2018-05-22,77362.0
Blue,善導寺,2018-05-22,47625.0
Blue,忠孝新生,2018-05-22,36523.5
Blue,忠孝敦化,2018-05-22,72153.0
Blue,國父紀念館,2018-05-22,44747.0
Blue,市政府,2018-05-22,117045.0
Blue,永春,2018-05-22,41967.0
Blue,後山埤,2018-05-22,34489.0
Blue,昆陽,2018-05-22,29621.0
Blue,南港,2018-05-22,33864.0
Blue,忠孝復興,2018-05-22,54183.0
Blue,南港展覽館,2018-05-22,33334.5
Blue,台北車站,2018-05-23,131752.0
Blue,頂埔,2018-05-23,16471.0
Blue,永寧,2018-05-23,25026.0
Blue,土城,2018-05-23,14702.0
Blue,海山,2018-05-23,44518.0
Blue,亞東醫院,2018-05-23,46689.0
Blue,府中,2018-05-23,57873.0
Blue,板橋,2018-05-23,77575.0
Blue,新埔,2018-05-23,83481.0
Blue,江子翠,2018-05-23,53803.0
Blue,龍山寺,2018-05-23,57913.0
Blue,西門,2018-05-23,77047.0
Blue,善導寺,2018-05-23,48703.0
Blue,忠孝新生,2018-05-23,35906.5
Blue,忠孝敦化,2018-05-23,73048.0
Blue,國父紀念館,2018-05-23,44177.0
Blue,市政府,2018-05-23,116522.0
Blue,永春,2018-05-23,40662.0
Blue,後山埤,2018-05-23,33368.0
Blue,昆陽,2018-05-23,29328.0
Blue,南港,2018-05-23,33483.0
Blue,忠孝復興,2018-05-23,55303.0
Blue,南港展覽館,2018-05-23,33755.0
Blue,台北車站,2018-05-24,136441.5
Blue,頂埔,2018-05-24,16565.0
Blue,永寧,2018-05-24,25262.0
Blue,土城,2018-05-24,14758.0
Blue,海山,2018-05-24,44898.0
Blue,亞東醫院,2018-05-24,47401.0
Blue,府中,2018-05-24,58678.0
Blue,板橋,2018-05-24,79278.0
Blue,新埔,2018-05-24,84295.0
Blue,江子翠,2018-05-24,53874.0
Blue,龍山寺,2018-05-24,58293.0
Blue,西門,2018-05-24,77912.0
Blue,善導寺,2018-05-24,47805.0
Blue,忠孝新生,2018-05-24,37011.5
Blue,忠孝敦化,2018-05-24,74550.0
Blue,國父紀念館,2018-05-24,45897.0
Blue,市政府,2018-05-24,119814.0
Blue,永春,2018-05-24,41113.0
Blue,後山埤,2018-05-24,34001.0
Blue,昆陽,2018-05-24,31472.0
Blue,南港,2018-05-24,34474.0
Blue,忠孝復興,2018-05-24,56027.5
Blue,南港展覽館,2018-05-24,33504.5
Blue,台北車站,2018-05-25,171256.0
Blue,頂埔,2018-05-25,17860.0
Blue,永寧,2018-05-25,28226.0
Blue,土城,2018-05-25,15524.0
Blue,海山,2018-05-25,47346.0
Blue,亞東醫院,2018-05-25,48383.0
Blue,府中,2018-05-25,63882.0
Blue,板橋,2018-05-25,89982.0
Blue,新埔,2018-05-25,88119.0
Blue,江子翠,2018-05-25,56109.0
Blue,龍山寺,2018-05-25,62723.0
Blue,西門,2018-05-25,92989.5
Blue,善導寺,2018-05-25,49941.0
Blue,忠孝新生,2018-05-25,42909.5
Blue,忠孝敦化,2018-05-25,86087.0
Blue,國父紀念館,2018-05-25,54466.0
Blue,市政府,2018-05-25,138657.0
Blue,永春,2018-05-25,43322.0
Blue,後山埤,2018-05-25,36372.0
Blue,昆陽,2018-05-25,31977.0
Blue,南港,2018-05-25,40255.0
Blue,忠孝復興,2018-05-25,65084.5
Blue,南港展覽館,2018-05-25,36194.5
Blue,台北車站,2018-05-26,190216.5
Blue,頂埔,2018-05-26,14268.0
Blue,永寧,2018-05-26,25053.0
Blue,土城,2018-05-26,13446.0
Blue,海山,2018-05-26,38520.0
Blue,亞東醫院,2018-05-26,35617.0
Blue,府中,2018-05-26,63600.0
Blue,板橋,2018-05-26,91652.0
Blue,新埔,2018-05-26,74177.0
Blue,江子翠,2018-05-26,47620.0
Blue,龍山寺,2018-05-26,64139.0
Blue,西門,2018-05-26,111973.5
Blue,善導寺,2018-05-26,38494.0
Blue,忠孝新生,2018-05-26,45603.5
Blue,忠孝敦化,2018-05-26,83807.0
Blue,國父紀念館,2018-05-26,51433.0
Blue,市政府,2018-05-26,131416.0
Blue,永春,2018-05-26,35500.0
Blue,後山埤,2018-05-26,32000.0
Blue,昆陽,2018-05-26,20178.0
Blue,南港,2018-05-26,31702.0
Blue,忠孝復興,2018-05-26,69889.5
Blue,南港展覽館,2018-05-26,25052.5
Blue,台北車站,2018-05-27,174732.5
Blue,頂埔,2018-05-27,12285.0
Blue,永寧,2018-05-27,21468.0
Blue,土城,2018-05-27,11605.0
Blue,海山,2018-05-27,32842.0
Blue,亞東醫院,2018-05-27,26842.0
Blue,府中,2018-05-27,51615.0
Blue,板橋,2018-05-27,77911.0
Blue,新埔,2018-05-27,58646.0
Blue,江子翠,2018-05-27,39034.0
Blue,龍山寺,2018-05-27,53665.0
Blue,西門,2018-05-27,94262.0
Blue,善導寺,2018-05-27,34552.0
Blue,忠孝新生,2018-05-27,39371.5
Blue,忠孝敦化,2018-05-27,64234.0
Blue,國父紀念館,2018-05-27,40745.0
Blue,市政府,2018-05-27,108324.0
Blue,永春,2018-05-27,29160.0
Blue,後山埤,2018-05-27,26519.0
Blue,昆陽,2018-05-27,17248.0
Blue,南港,2018-05-27,27996.0
Blue,忠孝復興,2018-05-27,56163.5
Blue,南港展覽館,2018-05-27,20044.5
Blue,台北車站,2018-05-28,139909.0
Blue,頂埔,2018-05-28,16247.0
Blue,永寧,2018-05-28,25530.0
Blue,土城,2018-05-28,14556.0
Blue,海山,2018-05-28,43762.0
Blue,亞東醫院,2018-05-28,46105.0
Blue,府中,2018-05-28,56360.0
Blue,板橋,2018-05-28,77131.0
Blue,新埔,2018-05-28,81981.0
Blue,江子翠,2018-05-28,52023.0
Blue,龍山寺,2018-05-28,56445.0
Blue,西門,2018-05-28,77655.5
Blue,善導寺,2018-05-28,46086.0
Blue,忠孝新生,2018-05-28,36700.5
Blue,忠孝敦化,2018-05-28,70393.0
Blue,國父紀念館,2018-05-28,43142.0
Blue,市政府,2018-05-28,119997.0
Blue,永春,2018-05-28,37913.0
Blue,後山埤,2018-05-28,33103.0
Blue,昆陽,2018-05-28,30561.0
Blue,南港,2018-05-28,33862.0
Blue,忠孝復興,2018-05-28,53331.0
Blue,南港展覽館,2018-05-28,32899.5
Blue,台北車站,2018-05-29,132205.5
Blue,頂埔,2018-05-29,16349.0
Blue,永寧,2018-05-29,25041.0
Blue,土城,2018-05-29,14268.0
Blue,海山,2018-05-29,44324.0
Blue,亞東醫院,2018-05-29,46844.0
Blue,府中,2018-05-29,58013.0
Blue,板橋,2018-05-29,76336.0
Blue,新埔,2018-05-29,82936.0
Blue,江子翠,2018-05-29,52041.0
Blue,龍山寺,2018-05-29,58878.0
Blue,西門,2018-05-29,78231.5
Blue,善導寺,2018-05-29,48016.0
Blue,忠孝新生,2018-05-29,35772.5
Blue,忠孝敦化,2018-05-29,71218.0
Blue,國父紀念館,2018-05-29,43586.0
Blue,市政府,2018-05-29,117104.0
Blue,永春,2018-05-29,40680.0
Blue,後山埤,2018-05-29,33619.0
Blue,昆陽,2018-05-29,29965.0
Blue,南港,2018-05-29,33365.0
Blue,忠孝復興,2018-05-29,54495.0
Blue,南港展覽館,2018-05-29,33617.5
Blue,台北車站,2018-05-30,132449.0
Blue,頂埔,2018-05-30,16548.0
Blue,永寧,2018-05-30,25309.0
Blue,土城,2018-05-30,14423.0
Blue,海山,2018-05-30,44317.0
Blue,亞東醫院,2018-05-30,47277.0
Blue,府中,2018-05-30,59007.0
Blue,板橋,2018-05-30,78497.0
Blue,新埔,2018-05-30,84020.0
Blue,江子翠,2018-05-30,53172.0
Blue,龍山寺,2018-05-30,56808.0
Blue,西門,2018-05-30,77398.5
Blue,善導寺,2018-05-30,48440.0
Blue,忠孝新生,2018-05-30,37348.5
Blue,忠孝敦化,2018-05-30,73374.0
Blue,國父紀念館,2018-05-30,46472.0
Blue,市政府,2018-05-30,120124.0
Blue,永春,2018-05-30,41231.0
Blue,後山埤,2018-05-30,33326.0
Blue,昆陽,2018-05-30,29890.0
Blue,南港,2018-05-30,34388.0
Blue,忠孝復興,2018-05-30,55220.5
Blue,南港展覽館,2018-05-30,34105.0
Blue,台北車站,2018-05-31,132165.0
Blue,頂埔,2018-05-31,16498.0
Blue,永寧,2018-05-31,25403.0
Blue,土城,2018-05-31,14081.0
Blue,海山,2018-05-31,44117.0
Blue,亞東醫院,2018-05-31,46766.0
Blue,府中,2018-05-31,58151.0
Blue,板橋,2018-05-31,79029.0
Blue,新埔,2018-05-31,84007.0
Blue,江子翠,2018-05-31,53143.0
Blue,龍山寺,2018-05-31,56765.0
Blue,西門,2018-05-31,76634.0
Blue,善導寺,2018-05-31,47937.0
Blue,忠孝新生,2018-05-31,37020.0
Blue,忠孝敦化,2018-05-31,74784.0
Blue,國父紀念館,2018-05-31,46945.0
Blue,市政府,2018-05-31,122415.0
Blue,永春,2018-05-31,41001.0
Blue,後山埤,2018-05-31,34205.0
Blue,昆陽,2018-05-31,31103.0
Blue,南港,2018-05-31,34435.0
Blue,忠孝復興,2018-05-31,55852.0
Blue,南港展覽館,2018-05-31,33914.0
Blue,台北車站,2018-06-01,162998.5
Blue,頂埔,2018-06-01,17794.0
Blue,永寧,2018-06-01,28001.0
Blue,土城,2018-06-01,15270.0
Blue,海山,2018-06-01,47132.0
Blue,亞東醫院,2018-06-01,48404.0
Blue,府中,2018-06-01,64082.0
Blue,板橋,2018-06-01,89256.0
Blue,新埔,2018-06-01,88797.0
Blue,江子翠,2018-06-01,55207.0
Blue,龍山寺,2018-06-01,61274.0
Blue,西門,2018-06-01,93239.5
Blue,善導寺,2018-06-01,49506.0
Blue,忠孝新生,2018-06-01,43703.5
Blue,忠孝敦化,2018-06-01,85483.0
Blue,國父紀念館,2018-06-01,53002.0
Blue,市政府,2018-06-01,137570.0
Blue,永春,2018-06-01,44699.0
Blue,後山埤,2018-06-01,36628.0
Blue,昆陽,2018-06-01,31690.0
Blue,南港,2018-06-01,40253.0
Blue,忠孝復興,2018-06-01,63552.5
Blue,南港展覽館,2018-06-01,37090.5
Blue,台北車站,2018-06-02,162147.5
Blue,頂埔,2018-06-02,13209.0
Blue,永寧,2018-06-02,22809.0
Blue,土城,2018-06-02,12694.0
Blue,海山,2018-06-02,37272.0
Blue,亞東醫院,2018-06-02,34388.0
Blue,府中,2018-06-02,60126.0
Blue,板橋,2018-06-02,82473.0
Blue,新埔,2018-06-02,69995.0
Blue,江子翠,2018-06-02,44899.0
Blue,龍山寺,2018-06-02,59604.0
Blue,西門,2018-06-02,98913.5
Blue,善導寺,2018-06-02,34100.0
Blue,忠孝新生,2018-06-02,41234.0
Blue,忠孝敦化,2018-06-02,75754.0
Blue,國父紀念館,2018-06-02,46718.0
Blue,市政府,2018-06-02,112157.0
Blue,永春,2018-06-02,32240.0
Blue,後山埤,2018-06-02,31763.0
Blue,昆陽,2018-06-02,19914.0
Blue,南港,2018-06-02,28894.0
Blue,忠孝復興,2018-06-02,63326.0
Blue,南港展覽館,2018-06-02,24223.5
Blue,台北車站,2018-06-03,152242.5
Blue,頂埔,2018-06-03,12815.0
Blue,永寧,2018-06-03,20651.0
Blue,土城,2018-06-03,10681.0
Blue,海山,2018-06-03,31509.0
Blue,亞東醫院,2018-06-03,27112.0
Blue,府中,2018-06-03,49613.0
Blue,板橋,2018-06-03,74618.0
Blue,新埔,2018-06-03,57267.0
Blue,江子翠,2018-06-03,38469.0
Blue,龍山寺,2018-06-03,51263.0
Blue,西門,2018-06-03,85372.0
Blue,善導寺,2018-06-03,31296.0
Blue,忠孝新生,2018-06-03,33153.0
Blue,忠孝敦化,2018-06-03,58200.0
Blue,國父紀念館,2018-06-03,36894.0
Blue,市政府,2018-06-03,96412.0
Blue,永春,2018-06-03,27731.0
Blue,後山埤,2018-06-03,25592.0
Blue,昆陽,2018-06-03,16811.0
Blue,南港,2018-06-03,26142.0
Blue,忠孝復興,2018-06-03,50646.0
Blue,南港展覽館,2018-06-03,20784.5
Blue,台北車站,2018-06-04,132041.0
Blue,頂埔,2018-06-04,16395.0
Blue,永寧,2018-06-04,24830.0
Blue,土城,2018-06-04,14244.0
Blue,海山,2018-06-04,43743.0
Blue,亞東醫院,2018-06-04,46243.0
Blue,府中,2018-06-04,55337.0
Blue,板橋,2018-06-04,75289.0
Blue,新埔,2018-06-04,81331.0
Blue,江子翠,2018-06-04,51643.0
Blue,龍山寺,2018-06-04,54913.0
Blue,西門,2018-06-04,75052.0
Blue,善導寺,2018-06-04,42429.0
Blue,忠孝新生,2018-06-04,34868.5
Blue,忠孝敦化,2018-06-04,68743.0
Blue,國父紀念館,2018-06-04,42137.0
Blue,市政府,2018-06-04,115110.0
Blue,永春,2018-06-04,37736.0
Blue,後山埤,2018-06-04,32305.0
Blue,昆陽,2018-06-04,30026.0
Blue,南港,2018-06-04,33364.0
Blue,忠孝復興,2018-06-04,51646.0
Blue,南港展覽館,2018-06-04,35387.0
Blue,台北車站,2018-06-05,132111.5
Blue,頂埔,2018-06-05,16930.0
Blue,永寧,2018-06-05,25707.0
Blue,土城,2018-06-05,14332.0
Blue,海山,2018-06-05,44777.0
Blue,亞東醫院,2018-06-05,47887.0
Blue,府中,2018-06-05,59036.0
Blue,板橋,2018-06-05,77543.0
Blue,新埔,2018-06-05,85117.0
Blue,江子翠,2018-06-05,53060.0
Blue,龍山寺,2018-06-05,56828.0
Blue,西門,2018-06-05,78778.5
Blue,善導寺,2018-06-05,47210.0
Blue,忠孝新生,2018-06-05,38343.5
Blue,忠孝敦化,2018-06-05,73859.0
Blue,國父紀念館,2018-06-05,47570.0
Blue,市政府,2018-06-05,119903.0
Blue,永春,2018-06-05,40773.0
Blue,後山埤,2018-06-05,33704.0
Blue,昆陽,2018-06-05,29041.0
Blue,南港,2018-06-05,34883.0
Blue,忠孝復興,2018-06-05,55217.0
Blue,南港展覽館,2018-06-05,45571.0
Blue,台北車站,2018-06-06,135221.0
Blue,頂埔,2018-06-06,16945.0
Blue,永寧,2018-06-06,25818.0
Blue,土城,2018-06-06,14574.0
Blue,海山,2018-06-06,43964.0
Blue,亞東醫院,2018-06-06,47252.0
Blue,府中,2018-06-06,58541.0
Blue,板橋,2018-06-06,81300.0
Blue,新埔,2018-06-06,84370.0
Blue,江子翠,2018-06-06,53760.0
Blue,龍山寺,2018-06-06,56726.0
Blue,西門,2018-06-06,81663.0
Blue,善導寺,2018-06-06,48420.0
Blue,忠孝新生,2018-06-06,37127.0
Blue,忠孝敦化,2018-06-06,74561.0
Blue,國父紀念館,2018-06-06,44680.0
Blue,市政府,2018-06-06,123695.0
Blue,永春,2018-06-06,40525.0
Blue,後山埤,2018-06-06,33473.0
Blue,昆陽,2018-06-06,29517.0
Blue,南港,2018-06-06,36141.0
Blue,忠孝復興,2018-06-06,56319.0
Blue,南港展覽館,2018-06-06,46831.0
Blue,台北車站,2018-06-07,138830.5
Blue,頂埔,2018-06-07,16961.0
Blue,永寧,2018-06-07,25722.0
Blue,土城,2018-06-07,14549.0
Blue,海山,2018-06-07,44634.0
Blue,亞東醫院,2018-06-07,47216.0
Blue,府中,2018-06-07,58980.0
Blue,板橋,2018-06-07,80239.0
Blue,新埔,2018-06-07,85169.0
Blue,江子翠,2018-06-07,53857.0
Blue,龍山寺,2018-06-07,57661.0
Blue,西門,2018-06-07,81307.5
Blue,善導寺,2018-06-07,48027.0
Blue,忠孝新生,2018-06-07,38869.5
Blue,忠孝敦化,2018-06-07,77205.0
Blue,國父紀念館,2018-06-07,46351.0
Blue,市政府,2018-06-07,130024.0
Blue,永春,2018-06-07,41215.0
Blue,後山埤,2018-06-07,34051.0
Blue,昆陽,2018-06-07,31317.0
Blue,南港,2018-06-07,37242.0
Blue,忠孝復興,2018-06-07,59884.5
Blue,南港展覽館,2018-06-07,51127.0
Blue,台北車站,2018-06-08,168718.0
Blue,頂埔,2018-06-08,18322.0
Blue,永寧,2018-06-08,28597.0
Blue,土城,2018-06-08,15478.0
Blue,海山,2018-06-08,46358.0
Blue,亞東醫院,2018-06-08,48382.0
Blue,府中,2018-06-08,63777.0
Blue,板橋,2018-06-08,90474.0
Blue,新埔,2018-06-08,89612.0
Blue,江子翠,2018-06-08,56200.0
Blue,龍山寺,2018-06-08,63097.0
Blue,西門,2018-06-08,95154.0
Blue,善導寺,2018-06-08,50095.0
Blue,忠孝新生,2018-06-08,43949.5
Blue,忠孝敦化,2018-06-08,86468.0
Blue,國父紀念館,2018-06-08,52288.0
Blue,市政府,2018-06-08,144227.0
Blue,永春,2018-06-08,43388.0
Blue,後山埤,2018-06-08,36809.0
Blue,昆陽,2018-06-08,30893.0
Blue,南港,2018-06-08,41777.0
Blue,忠孝復興,2018-06-08,66161.0
Blue,南港展覽館,2018-06-08,53727.5
Blue,台北車站,2018-06-09,182617.0
Blue,頂埔,2018-06-09,14666.0
Blue,永寧,2018-06-09,24853.0
Blue,土城,2018-06-09,13671.0
Blue,海山,2018-06-09,38565.0
Blue,亞東醫院,2018-06-09,35121.0
Blue,府中,2018-06-09,63394.0
Blue,板橋,2018-06-09,90777.0
Blue,新埔,2018-06-09,72761.0
Blue,江子翠,2018-06-09,46474.0
Blue,龍山寺,2018-06-09,63016.0
Blue,西門,2018-06-09,111835.5
Blue,善導寺,2018-06-09,39767.0
Blue,忠孝新生,2018-06-09,48979.0
Blue,忠孝敦化,2018-06-09,80449.0
Blue,國父紀念館,2018-06-09,47124.0
Blue,市政府,2018-06-09,125849.0
Blue,永春,2018-06-09,33868.0
Blue,後山埤,2018-06-09,32072.0
Blue,昆陽,2018-06-09,20607.0
Blue,南港,2018-06-09,33567.0
Blue,忠孝復興,2018-06-09,70450.5
Blue,南港展覽館,2018-06-09,36896.5
Blue,台北車站,2018-06-10,166635.5
Blue,頂埔,2018-06-10,12467.0
Blue,永寧,2018-06-10,22068.0
Blue,土城,2018-06-10,10907.0
Blue,海山,2018-06-10,32134.0
Blue,亞東醫院,2018-06-10,26856.0
Blue,府中,2018-06-10,49739.0
Blue,板橋,2018-06-10,81035.0
Blue,新埔,2018-06-10,62650.0
Blue,江子翠,2018-06-10,39308.0
Blue,龍山寺,2018-06-10,52519.0
Blue,西門,2018-06-10,93493.5
Blue,善導寺,2018-06-10,26583.0
Blue,忠孝新生,2018-06-10,36555.0
Blue,忠孝敦化,2018-06-10,59522.0
Blue,國父紀念館,2018-06-10,34193.0
Blue,市政府,2018-06-10,102067.0
Blue,永春,2018-06-10,28053.0
Blue,後山埤,2018-06-10,26228.0
Blue,昆陽,2018-06-10,16574.0
Blue,南港,2018-06-10,27894.0
Blue,忠孝復興,2018-06-10,55010.5
Blue,南港展覽館,2018-06-10,19830.5
Blue,台北車站,2018-06-11,140041.0
Blue,頂埔,2018-06-11,16458.0
Blue,永寧,2018-06-11,25229.0
Blue,土城,2018-06-11,14263.0
Blue,海山,2018-06-11,43631.0
Blue,亞東醫院,2018-06-11,46459.0
Blue,府中,2018-06-11,56380.0
Blue,板橋,2018-06-11,77691.0
Blue,新埔,2018-06-11,82249.0
Blue,江子翠,2018-06-11,52254.0
Blue,龍山寺,2018-06-11,56823.0
Blue,西門,2018-06-11,80043.0
Blue,善導寺,2018-06-11,44721.0
Blue,忠孝新生,2018-06-11,35376.0
Blue,忠孝敦化,2018-06-11,71461.0
Blue,國父紀念館,2018-06-11,42996.0
Blue,市政府,2018-06-11,117102.0
Blue,永春,2018-06-11,38426.0
Blue,後山埤,2018-06-11,32645.0
Blue,昆陽,2018-06-11,30223.0
Blue,南港,2018-06-11,33174.0
Blue,忠孝復興,2018-06-11,55046.5
Blue,南港展覽館,2018-06-11,32420.0
Blue,台北車站,2018-06-12,135601.0
Blue,頂埔,2018-06-12,16970.0
Blue,永寧,2018-06-12,25741.0
Blue,土城,2018-06-12,14735.0
Blue,海山,2018-06-12,44981.0
Blue,亞東醫院,2018-06-12,48769.0
Blue,府中,2018-06-12,59707.0
Blue,板橋,2018-06-12,79882.0
Blue,新埔,2018-06-12,85096.0
Blue,江子翠,2018-06-12,53613.0
Blue,龍山寺,2018-06-12,58351.0
Blue,西門,2018-06-12,81131.5
Blue,善導寺,2018-06-12,47798.0
Blue,忠孝新生,2018-06-12,36922.5
Blue,忠孝敦化,2018-06-12,74316.0
Blue,國父紀念館,2018-06-12,44350.0
Blue,市政府,2018-06-12,118269.0
Blue,永春,2018-06-12,40030.0
Blue,後山埤,2018-06-12,33603.0
Blue,昆陽,2018-06-12,29823.0
Blue,南港,2018-06-12,33645.0
Blue,忠孝復興,2018-06-12,57278.0
Blue,南港展覽館,2018-06-12,33538.0
Blue,台北車站,2018-06-13,134873.0
Blue,頂埔,2018-06-13,16674.0
Blue,永寧,2018-06-13,25577.0
Blue,土城,2018-06-13,14593.0
Blue,海山,2018-06-13,44045.0
Blue,亞東醫院,2018-06-13,47362.0
Blue,府中,2018-06-13,58826.0
Blue,板橋,2018-06-13,78403.0
Blue,新埔,2018-06-13,84387.0
Blue,江子翠,2018-06-13,53981.0
Blue,龍山寺,2018-06-13,57988.0
Blue,西門,2018-06-13,79052.0
Blue,善導寺,2018-06-13,49182.0
Blue,忠孝新生,2018-06-13,36862.5
Blue,忠孝敦化,2018-06-13,74584.0
Blue,國父紀念館,2018-06-13,44388.0
Blue,市政府,2018-06-13,119857.0
Blue,永春,2018-06-13,40625.0
Blue,後山埤,2018-06-13,33507.0
Blue,昆陽,2018-06-13,29694.0
Blue,南港,2018-06-13,33673.0
Blue,忠孝復興,2018-06-13,56971.0
Blue,南港展覽館,2018-06-13,34140.5
Blue,台北車站,2018-06-14,139879.0
Blue,頂埔,2018-06-14,16949.0
Blue,永寧,2018-06-14,25201.0
Blue,土城,2018-06-14,14208.0
Blue,海山,2018-06-14,43255.0
Blue,亞東醫院,2018-06-14,47001.0
Blue,府中,2018-06-14,58877.0
Blue,板橋,2018-06-14,80134.0
Blue,新埔,2018-06-14,84666.0
Blue,江子翠,2018-06-14,53765.0
Blue,龍山寺,2018-06-14,60001.0
Blue,西門,2018-06-14,78838.5
Blue,善導寺,2018-06-14,48677.0
Blue,忠孝新生,2018-06-14,37282.5
Blue,忠孝敦化,2018-06-14,75866.0
Blue,國父紀念館,2018-06-14,45637.0
Blue,市政府,2018-06-14,123319.0
Blue,永春,2018-06-14,41255.0
Blue,後山埤,2018-06-14,34046.0
Blue,昆陽,2018-06-14,31478.0
Blue,南港,2018-06-14,35109.0
Blue,忠孝復興,2018-06-14,58385.0
Blue,南港展覽館,2018-06-14,33539.5
Blue,台北車站,2018-06-15,178263.5
Blue,頂埔,2018-06-15,17859.0
Blue,永寧,2018-06-15,27382.0
Blue,土城,2018-06-15,15564.0
Blue,海山,2018-06-15,46395.0
Blue,亞東醫院,2018-06-15,48629.0
Blue,府中,2018-06-15,63510.0
Blue,板橋,2018-06-15,92947.0
Blue,新埔,2018-06-15,88714.0
Blue,江子翠,2018-06-15,55653.0
Blue,龍山寺,2018-06-15,60528.0
Blue,西門,2018-06-15,93038.0
Blue,善導寺,2018-06-15,50891.0
Blue,忠孝新生,2018-06-15,43828.0
Blue,忠孝敦化,2018-06-15,84315.0
Blue,國父紀念館,2018-06-15,49847.0
Blue,市政府,2018-06-15,140637.0
Blue,永春,2018-06-15,43909.0
Blue,後山埤,2018-06-15,36483.0
Blue,昆陽,2018-06-15,31480.0
Blue,南港,2018-06-15,43332.0
Blue,忠孝復興,2018-06-15,65960.0
Blue,南港展覽館,2018-06-15,35296.5
Blue,台北車站,2018-06-16,165095.0
Blue,頂埔,2018-06-16,12802.0
Blue,永寧,2018-06-16,21174.0
Blue,土城,2018-06-16,12557.0
Blue,海山,2018-06-16,34423.0
Blue,亞東醫院,2018-06-16,31200.0
Blue,府中,2018-06-16,54363.0
Blue,板橋,2018-06-16,76989.0
Blue,新埔,2018-06-16,64244.0
Blue,江子翠,2018-06-16,41224.0
Blue,龍山寺,2018-06-16,57292.0
Blue,西門,2018-06-16,101106.0
Blue,善導寺,2018-06-16,30589.0
Blue,忠孝新生,2018-06-16,36060.0
Blue,忠孝敦化,2018-06-16,70055.0
Blue,國父紀念館,2018-06-16,38670.0
Blue,市政府,2018-06-16,110983.0
Blue,永春,2018-06-16,30101.0
Blue,後山埤,2018-06-16,29121.0
Blue,昆陽,2018-06-16,18499.0
Blue,南港,2018-06-16,29986.0
Blue,忠孝復興,2018-06-16,62388.0
Blue,南港展覽館,2018-06-16,21582.0
Blue,台北車站,2018-06-17,157701.0
Blue,頂埔,2018-06-17,12563.0
Blue,永寧,2018-06-17,19978.0
Blue,土城,2018-06-17,11071.0
Blue,海山,2018-06-17,29981.0
Blue,亞東醫院,2018-06-17,25737.0
Blue,府中,2018-06-17,48195.0
Blue,板橋,2018-06-17,70023.0
Blue,新埔,2018-06-17,53385.0
Blue,江子翠,2018-06-17,35565.0
Blue,龍山寺,2018-06-17,52555.0
Blue,西門,2018-06-17,94536.5
Blue,善導寺,2018-06-17,24769.0
Blue,忠孝新生,2018-06-17,32335.0
Blue,忠孝敦化,2018-06-17,58210.0
Blue,國父紀念館,2018-06-17,32004.0
Blue,市政府,2018-06-17,102762.0
Blue,永春,2018-06-17,26421.0
Blue,後山埤,2018-06-17,25039.0
Blue,昆陽,2018-06-17,15437.0
Blue,南港,2018-06-17,26449.0
Blue,忠孝復興,2018-06-17,54023.0
Blue,南港展覽館,2018-06-17,18767.5
Blue,台北車站,2018-06-18,133381.5
Blue,頂埔,2018-06-18,9742.0
Blue,永寧,2018-06-18,15099.0
Blue,土城,2018-06-18,8670.0
Blue,海山,2018-06-18,24891.0
Blue,亞東醫院,2018-06-18,20162.0
Blue,府中,2018-06-18,35725.0
Blue,板橋,2018-06-18,61313.0
Blue,新埔,2018-06-18,43975.0
Blue,江子翠,2018-06-18,29645.0
Blue,龍山寺,2018-06-18,41863.0
Blue,西門,2018-06-18,72041.0
Blue,善導寺,2018-06-18,16964.0
Blue,忠孝新生,2018-06-18,25037.0
Blue,忠孝敦化,2018-06-18,46346.0
Blue,國父紀念館,2018-06-18,23914.0
Blue,市政府,2018-06-18,83910.0
Blue,永春,2018-06-18,22209.0
Blue,後山埤,2018-06-18,21111.0
Blue,昆陽,2018-06-18,13267.0
Blue,南港,2018-06-18,23847.0
Blue,忠孝復興,2018-06-18,44182.5
Blue,南港展覽館,2018-06-18,15597.5
Blue,台北車站,2018-06-19,141499.5
Blue,頂埔,2018-06-19,16585.0
Blue,永寧,2018-06-19,25627.0
Blue,土城,2018-06-19,14299.0
Blue,海山,2018-06-19,43784.0
Blue,亞東醫院,2018-06-19,47305.0
Blue,府中,2018-06-19,57693.0
Blue,板橋,2018-06-19,78563.0
Blue,新埔,2018-06-19,82657.0
Blue,江子翠,2018-06-19,52133.0
Blue,龍山寺,2018-06-19,57711.0
Blue,西門,2018-06-19,78662.0
Blue,善導寺,2018-06-19,47365.0
Blue,忠孝新生,2018-06-19,36873.5
Blue,忠孝敦化,2018-06-19,71935.0
Blue,國父紀念館,2018-06-19,43418.0
Blue,市政府,2018-06-19,116815.0
Blue,永春,2018-06-19,39664.0
Blue,後山埤,2018-06-19,32754.0
Blue,昆陽,2018-06-19,28959.0
Blue,南港,2018-06-19,34253.0
Blue,忠孝復興,2018-06-19,54980.0
Blue,南港展覽館,2018-06-19,32970.5
Blue,台北車站,2018-06-20,135579.5
Blue,頂埔,2018-06-20,16744.0
Blue,永寧,2018-06-20,25517.0
Blue,土城,2018-06-20,14795.0
Blue,海山,2018-06-20,44133.0
Blue,亞東醫院,2018-06-20,47869.0
Blue,府中,2018-06-20,58436.0
Blue,板橋,2018-06-20,78091.0
Blue,新埔,2018-06-20,83105.0
Blue,江子翠,2018-06-20,53284.0
Blue,龍山寺,2018-06-20,57141.0
Blue,西門,2018-06-20,78248.5
Blue,善導寺,2018-06-20,48922.0
Blue,忠孝新生,2018-06-20,37247.5
Blue,忠孝敦化,2018-06-20,74693.0
Blue,國父紀念館,2018-06-20,45592.0
Blue,市政府,2018-06-20,117928.0
Blue,永春,2018-06-20,39755.0
Blue,後山埤,2018-06-20,33367.0
Blue,昆陽,2018-06-20,29929.0
Blue,南港,2018-06-20,33681.0
Blue,忠孝復興,2018-06-20,55828.5
Blue,南港展覽館,2018-06-20,33721.0
Blue,台北車站,2018-06-21,140196.5
Blue,頂埔,2018-06-21,16952.0
Blue,永寧,2018-06-21,25646.0
Blue,土城,2018-06-21,14425.0
Blue,海山,2018-06-21,44011.0
Blue,亞東醫院,2018-06-21,47241.0
Blue,府中,2018-06-21,57974.0
Blue,板橋,2018-06-21,78229.0
Blue,新埔,2018-06-21,83328.0
Blue,江子翠,2018-06-21,53479.0
Blue,龍山寺,2018-06-21,57300.0
Blue,西門,2018-06-21,79348.0
Blue,善導寺,2018-06-21,48389.0
Blue,忠孝新生,2018-06-21,38515.5
Blue,忠孝敦化,2018-06-21,78545.0
Blue,國父紀念館,2018-06-21,45037.0
Blue,市政府,2018-06-21,124203.0
Blue,永春,2018-06-21,40170.0
Blue,後山埤,2018-06-21,33621.0
Blue,昆陽,2018-06-21,31044.0
Blue,南港,2018-06-21,34427.0
Blue,忠孝復興,2018-06-21,57043.5
Blue,南港展覽館,2018-06-21,33075.0
Blue,台北車站,2018-06-22,162965.0
Blue,頂埔,2018-06-22,19370.0
Blue,永寧,2018-06-22,27103.0
Blue,土城,2018-06-22,15422.0
Blue,海山,2018-06-22,45553.0
Blue,亞東醫院,2018-06-22,48499.0
Blue,府中,2018-06-22,62125.0
Blue,板橋,2018-06-22,87781.0
Blue,新埔,2018-06-22,86599.0
Blue,江子翠,2018-06-22,54796.0
Blue,龍山寺,2018-06-22,60143.0
Blue,西門,2018-06-22,89412.0
Blue,善導寺,2018-06-22,48892.0
Blue,忠孝新生,2018-06-22,44658.5
Blue,忠孝敦化,2018-06-22,86090.0
Blue,國父紀念館,2018-06-22,49658.0
Blue,市政府,2018-06-22,134940.0
Blue,永春,2018-06-22,42238.0
Blue,後山埤,2018-06-22,35290.0
Blue,昆陽,2018-06-22,31177.0
Blue,南港,2018-06-22,37979.0
Blue,忠孝復興,2018-06-22,63880.5
Blue,南港展覽館,2018-06-22,34709.0
Blue,台北車站,2018-06-23,162738.5
Blue,頂埔,2018-06-23,13047.0
Blue,永寧,2018-06-23,22390.0
Blue,土城,2018-06-23,13033.0
Blue,海山,2018-06-23,35385.0
Blue,亞東醫院,2018-06-23,34933.0
Blue,府中,2018-06-23,58318.0
Blue,板橋,2018-06-23,81516.0
Blue,新埔,2018-06-23,67939.0
Blue,江子翠,2018-06-23,43853.0
Blue,龍山寺,2018-06-23,58916.0
Blue,西門,2018-06-23,96672.0
Blue,善導寺,2018-06-23,36409.0
Blue,忠孝新生,2018-06-23,41110.5
Blue,忠孝敦化,2018-06-23,76183.0
Blue,國父紀念館,2018-06-23,40660.0
Blue,市政府,2018-06-23,114056.0
Blue,永春,2018-06-23,31398.0
Blue,後山埤,2018-06-23,29232.0
Blue,昆陽,2018-06-23,19011.0
Blue,南港,2018-06-23,30130.0
Blue,忠孝復興,2018-06-23,65120.0
Blue,南港展覽館,2018-06-23,22376.0
Blue,台北車站,2018-06-24,144917.0
Blue,頂埔,2018-06-24,12115.0
Blue,永寧,2018-06-24,19000.0
Blue,土城,2018-06-24,10660.0
Blue,海山,2018-06-24,29931.0
Blue,亞東醫院,2018-06-24,26621.0
Blue,府中,2018-06-24,45029.0
Blue,板橋,2018-06-24,68310.0
Blue,新埔,2018-06-24,56033.0
Blue,江子翠,2018-06-24,35895.0
Blue,龍山寺,2018-06-24,50285.0
Blue,西門,2018-06-24,82382.0
Blue,善導寺,2018-06-24,24128.0
Blue,忠孝新生,2018-06-24,31754.0
Blue,忠孝敦化,2018-06-24,57551.0
Blue,國父紀念館,2018-06-24,32169.0
Blue,市政府,2018-06-24,93620.0
Blue,永春,2018-06-24,25361.0
Blue,後山埤,2018-06-24,24805.0
Blue,昆陽,2018-06-24,16501.0
Blue,南港,2018-06-24,25926.0
Blue,忠孝復興,2018-06-24,51268.5
Blue,南港展覽館,2018-06-24,18695.0
Blue,台北車站,2018-06-25,135938.0
Blue,頂埔,2018-06-25,16230.0
Blue,永寧,2018-06-25,24711.0
Blue,土城,2018-06-25,14402.0
Blue,海山,2018-06-25,42382.0
Blue,亞東醫院,2018-06-25,46250.0
Blue,府中,2018-06-25,55453.0
Blue,板橋,2018-06-25,79016.0
Blue,新埔,2018-06-25,80498.0
Blue,江子翠,2018-06-25,51248.0
Blue,龍山寺,2018-06-25,56036.0
Blue,西門,2018-06-25,76960.5
Blue,善導寺,2018-06-25,44296.0
Blue,忠孝新生,2018-06-25,36293.0
Blue,忠孝敦化,2018-06-25,71549.0
Blue,國父紀念館,2018-06-25,41735.0
Blue,市政府,2018-06-25,116542.0
Blue,永春,2018-06-25,37904.0
Blue,後山埤,2018-06-25,32574.0
Blue,昆陽,2018-06-25,29925.0
Blue,南港,2018-06-25,32321.0
Blue,忠孝復興,2018-06-25,53500.0
Blue,南港展覽館,2018-06-25,33093.5
Blue,台北車站,2018-06-26,134604.0
Blue,頂埔,2018-06-26,16790.0
Blue,永寧,2018-06-26,25166.0
Blue,土城,2018-06-26,14491.0
Blue,海山,2018-06-26,43306.0
Blue,亞東醫院,2018-06-26,47633.0
Blue,府中,2018-06-26,57427.0
Blue,板橋,2018-06-26,77981.0
Blue,新埔,2018-06-26,83043.0
Blue,江子翠,2018-06-26,52360.0
Blue,龍山寺,2018-06-26,57282.0
Blue,西門,2018-06-26,78179.0
Blue,善導寺,2018-06-26,47196.0
Blue,忠孝新生,2018-06-26,37012.0
Blue,忠孝敦化,2018-06-26,74291.0
Blue,國父紀念館,2018-06-26,46176.0
Blue,市政府,2018-06-26,120471.0
Blue,永春,2018-06-26,39730.0
Blue,後山埤,2018-06-26,33199.0
Blue,昆陽,2018-06-26,29635.0
Blue,南港,2018-06-26,33291.0
Blue,忠孝復興,2018-06-26,57542.5
Blue,南港展覽館,2018-06-26,35461.5
Blue,台北車站,2018-06-27,137862.5
Blue,頂埔,2018-06-27,17176.0
Blue,永寧,2018-06-27,25684.0
Blue,土城,2018-06-27,14700.0
Blue,海山,2018-06-27,43599.0
Blue,亞東醫院,2018-06-27,47166.0
Blue,府中,2018-06-27,58116.0
Blue,板橋,2018-06-27,79379.0
Blue,新埔,2018-06-27,83485.0
Blue,江子翠,2018-06-27,53907.0
Blue,龍山寺,2018-06-27,57345.0
Blue,西門,2018-06-27,80890.0
Blue,善導寺,2018-06-27,48500.0
Blue,忠孝新生,2018-06-27,37915.0
Blue,忠孝敦化,2018-06-27,77677.0
Blue,國父紀念館,2018-06-27,47263.0
Blue,市政府,2018-06-27,123767.0
Blue,永春,2018-06-27,40201.0
Blue,後山埤,2018-06-27,33698.0
Blue,昆陽,2018-06-27,29793.0
Blue,南港,2018-06-27,37112.0
Blue,忠孝復興,2018-06-27,58028.5
Blue,南港展覽館,2018-06-27,46488.0
Blue,台北車站,2018-06-28,143365.0
Blue,頂埔,2018-06-28,17004.0
Blue,永寧,2018-06-28,26358.0
Blue,土城,2018-06-28,14429.0
Blue,海山,2018-06-28,44099.0
Blue,亞東醫院,2018-06-28,47049.0
Blue,府中,2018-06-28,59280.0
Blue,板橋,2018-06-28,81933.0
Blue,新埔,2018-06-28,84491.0
Blue,江子翠,2018-06-28,54105.0
Blue,龍山寺,2018-06-28,60815.0
Blue,西門,2018-06-28,84306.5
Blue,善導寺,2018-06-28,47456.0
Blue,忠孝新生,2018-06-28,40086.0
Blue,忠孝敦化,2018-06-28,80057.0
Blue,國父紀念館,2018-06-28,46988.0
Blue,市政府,2018-06-28,127540.0
Blue,永春,2018-06-28,41195.0
Blue,後山埤,2018-06-28,34390.0
Blue,昆陽,2018-06-28,31063.0
Blue,南港,2018-06-28,39213.0
Blue,忠孝復興,2018-06-28,59900.0
Blue,南港展覽館,2018-06-28,48350.5
Blue,台北車站,2018-06-29,174707.5
Blue,頂埔,2018-06-29,18064.0
Blue,永寧,2018-06-29,28629.0
Blue,土城,2018-06-29,15542.0
Blue,海山,2018-06-29,47376.0
Blue,亞東醫院,2018-06-29,49027.0
Blue,府中,2018-06-29,67641.0
Blue,板橋,2018-06-29,94905.0
Blue,新埔,2018-06-29,90825.0
Blue,江子翠,2018-06-29,56847.0
Blue,龍山寺,2018-06-29,61386.0
Blue,西門,2018-06-29,107158.5
Blue,善導寺,2018-06-29,50219.0
Blue,忠孝新生,2018-06-29,45762.5
Blue,忠孝敦化,2018-06-29,91593.0
Blue,國父紀念館,2018-06-29,52193.0
Blue,市政府,2018-06-29,147395.0
Blue,永春,2018-06-29,43082.0
Blue,後山埤,2018-06-29,36770.0
Blue,昆陽,2018-06-29,32385.0
Blue,南港,2018-06-29,44926.0
Blue,忠孝復興,2018-06-29,68812.5
Blue,南港展覽館,2018-06-29,50035.5
Blue,台北車站,2018-06-30,175649.0
Blue,頂埔,2018-06-30,13732.0
Blue,永寧,2018-06-30,23355.0
Blue,土城,2018-06-30,12808.0
Blue,海山,2018-06-30,37202.0
Blue,亞東醫院,2018-06-30,35611.0
Blue,府中,2018-06-30,57244.0
Blue,板橋,2018-06-30,83199.0
Blue,新埔,2018-06-30,68526.0
Blue,江子翠,2018-06-30,44464.0
Blue,龍山寺,2018-06-30,59464.0
Blue,西門,2018-06-30,101456.0
Blue,善導寺,2018-06-30,31719.0
Blue,忠孝新生,2018-06-30,44148.5
Blue,忠孝敦化,2018-06-30,78886.0
Blue,國父紀念館,2018-06-30,42846.0
Blue,市政府,2018-06-30,121364.0
Blue,永春,2018-06-30,31997.0
Blue,後山埤,2018-06-30,30861.0
Blue,昆陽,2018-06-30,19273.0
Blue,南港,2018-06-30,33762.0
Blue,忠孝復興,2018-06-30,68109.5
Blue,南港展覽館,2018-06-30,38235.5
Blue,台北車站,2018-07-01,156727.0
Blue,頂埔,2018-07-01,12147.0
Blue,永寧,2018-07-01,20323.0
Blue,土城,2018-07-01,10989.0
Blue,海山,2018-07-01,31822.0
Blue,亞東醫院,2018-07-01,27150.0
Blue,府中,2018-07-01,47375.0
Blue,板橋,2018-07-01,73923.0
Blue,新埔,2018-07-01,59670.0
Blue,江子翠,2018-07-01,36746.0
Blue,龍山寺,2018-07-01,52454.0
Blue,西門,2018-07-01,89477.0
Blue,善導寺,2018-07-01,25853.0
Blue,忠孝新生,2018-07-01,37311.5
Blue,忠孝敦化,2018-07-01,58264.0
Blue,國父紀念館,2018-07-01,31140.0
Blue,市政府,2018-07-01,98934.0
Blue,永春,2018-07-01,27526.0
Blue,後山埤,2018-07-01,25393.0
Blue,昆陽,2018-07-01,16430.0
Blue,南港,2018-07-01,27285.0
Blue,忠孝復興,2018-07-01,54518.0
Blue,南港展覽館,2018-07-01,19720.5
Blue,台北車站,2018-07-02,150814.5
Blue,頂埔,2018-07-02,16656.0
Blue,永寧,2018-07-02,25534.0
Blue,土城,2018-07-02,14302.0
Blue,海山,2018-07-02,43792.0
Blue,亞東醫院,2018-07-02,44540.0
Blue,府中,2018-07-02,58582.0
Blue,板橋,2018-07-02,81350.0
Blue,新埔,2018-07-02,78346.0
Blue,江子翠,2018-07-02,52287.0
Blue,龍山寺,2018-07-02,58178.0
Blue,西門,2018-07-02,85248.0
Blue,善導寺,2018-07-02,40555.0
Blue,忠孝新生,2018-07-02,38743.0
Blue,忠孝敦化,2018-07-02,74514.0
Blue,國父紀念館,2018-07-02,44651.0
Blue,市政府,2018-07-02,122095.0
Blue,永春,2018-07-02,36083.0
Blue,後山埤,2018-07-02,32913.0
Blue,昆陽,2018-07-02,29700.0
Blue,南港,2018-07-02,32495.0
Blue,忠孝復興,2018-07-02,57637.0
Blue,南港展覽館,2018-07-02,33167.5
Blue,台北車站,2018-07-03,146189.5
Blue,頂埔,2018-07-03,16698.0
Blue,永寧,2018-07-03,25806.0
Blue,土城,2018-07-03,14388.0
Blue,海山,2018-07-03,42899.0
Blue,亞東醫院,2018-07-03,45261.0
Blue,府中,2018-07-03,59299.0
Blue,板橋,2018-07-03,80403.0
Blue,新埔,2018-07-03,79228.0
Blue,江子翠,2018-07-03,53076.0
Blue,龍山寺,2018-07-03,56874.0
Blue,西門,2018-07-03,84903.5
Blue,善導寺,2018-07-03,43150.0
Blue,忠孝新生,2018-07-03,38889.5
Blue,忠孝敦化,2018-07-03,76899.0
Blue,國父紀念館,2018-07-03,46718.0
Blue,市政府,2018-07-03,122244.0
Blue,永春,2018-07-03,37568.0
Blue,後山埤,2018-07-03,34019.0
Blue,昆陽,2018-07-03,29220.0
Blue,南港,2018-07-03,32864.0
Blue,忠孝復興,2018-07-03,58978.5
Blue,南港展覽館,2018-07-03,33761.0
Blue,台北車站,2018-07-04,149060.5
Blue,頂埔,2018-07-04,16910.0
Blue,永寧,2018-07-04,26144.0
Blue,土城,2018-07-04,14630.0
Blue,海山,2018-07-04,43060.0
Blue,亞東醫院,2018-07-04,45854.0
Blue,府中,2018-07-04,59944.0
Blue,板橋,2018-07-04,82773.0
Blue,新埔,2018-07-04,80852.0
Blue,江子翠,2018-07-04,53788.0
Blue,龍山寺,2018-07-04,57584.0
Blue,西門,2018-07-04,87822.0
Blue,善導寺,2018-07-04,44880.0
Blue,忠孝新生,2018-07-04,39137.5
Blue,忠孝敦化,2018-07-04,78383.0
Blue,國父紀念館,2018-07-04,47953.0
Blue,市政府,2018-07-04,125151.0
Blue,永春,2018-07-04,38615.0
Blue,後山埤,2018-07-04,33879.0
Blue,昆陽,2018-07-04,29452.0
Blue,南港,2018-07-04,33702.0
Blue,忠孝復興,2018-07-04,60777.5
Blue,南港展覽館,2018-07-04,34799.5
Blue,台北車站,2018-07-05,152576.5
Blue,頂埔,2018-07-05,16949.0
Blue,永寧,2018-07-05,26153.0
Blue,土城,2018-07-05,14282.0
Blue,海山,2018-07-05,43223.0
Blue,亞東醫院,2018-07-05,45721.0
Blue,府中,2018-07-05,61375.0
Blue,板橋,2018-07-05,83066.0
Blue,新埔,2018-07-05,81222.0
Blue,江子翠,2018-07-05,54029.0
Blue,龍山寺,2018-07-05,57994.0
Blue,西門,2018-07-05,88082.0
Blue,善導寺,2018-07-05,42979.0
Blue,忠孝新生,2018-07-05,39288.5
Blue,忠孝敦化,2018-07-05,79681.0
Blue,國父紀念館,2018-07-05,47652.0
Blue,市政府,2018-07-05,130782.0
Blue,永春,2018-07-05,39436.0
Blue,後山埤,2018-07-05,33382.0
Blue,昆陽,2018-07-05,31514.0
Blue,南港,2018-07-05,34817.0
Blue,忠孝復興,2018-07-05,61047.5
Blue,南港展覽館,2018-07-05,37346.0
Blue,台北車站,2018-07-06,177604.5
Blue,頂埔,2018-07-06,17736.0
Blue,永寧,2018-07-06,28126.0
Blue,土城,2018-07-06,15177.0
Blue,海山,2018-07-06,44988.0
Blue,亞東醫院,2018-07-06,46342.0
Blue,府中,2018-07-06,64807.0
Blue,板橋,2018-07-06,93741.0
Blue,新埔,2018-07-06,85564.0
Blue,江子翠,2018-07-06,56163.0
Blue,龍山寺,2018-07-06,61158.0
Blue,西門,2018-07-06,101595.5
Blue,善導寺,2018-07-06,45509.0
Blue,忠孝新生,2018-07-06,45787.0
Blue,忠孝敦化,2018-07-06,88105.0
Blue,國父紀念館,2018-07-06,52595.0
Blue,市政府,2018-07-06,145722.0
Blue,永春,2018-07-06,41190.0
Blue,後山埤,2018-07-06,36599.0
Blue,昆陽,2018-07-06,31389.0
Blue,南港,2018-07-06,40519.0
Blue,忠孝復興,2018-07-06,68528.0
Blue,南港展覽館,2018-07-06,45338.0
Blue,台北車站,2018-07-07,185665.0
Blue,頂埔,2018-07-07,13022.0
Blue,永寧,2018-07-07,23344.0
Blue,土城,2018-07-07,12551.0
Blue,海山,2018-07-07,35213.0
Blue,亞東醫院,2018-07-07,33043.0
Blue,府中,2018-07-07,56774.0
Blue,板橋,2018-07-07,86454.0
Blue,新埔,2018-07-07,65679.0
Blue,江子翠,2018-07-07,42314.0
Blue,龍山寺,2018-07-07,56972.0
Blue,西門,2018-07-07,109011.5
Blue,善導寺,2018-07-07,31018.0
Blue,忠孝新生,2018-07-07,43692.5
Blue,忠孝敦化,2018-07-07,74905.0
Blue,國父紀念館,2018-07-07,42731.0
Blue,市政府,2018-07-07,126622.0
Blue,永春,2018-07-07,31343.0
Blue,後山埤,2018-07-07,30350.0
Blue,昆陽,2018-07-07,19184.0
Blue,南港,2018-07-07,38443.0
Blue,忠孝復興,2018-07-07,67632.5
Blue,南港展覽館,2018-07-07,67800.0
Blue,台北車站,2018-07-08,164549.5
Blue,頂埔,2018-07-08,12587.0
Blue,永寧,2018-07-08,20686.0
Blue,土城,2018-07-08,11105.0
Blue,海山,2018-07-08,31650.0
Blue,亞東醫院,2018-07-08,27116.0
Blue,府中,2018-07-08,48240.0
Blue,板橋,2018-07-08,77064.0
Blue,新埔,2018-07-08,57930.0
Blue,江子翠,2018-07-08,37746.0
Blue,龍山寺,2018-07-08,51951.0
Blue,西門,2018-07-08,95747.0
Blue,善導寺,2018-07-08,26670.0
Blue,忠孝新生,2018-07-08,37308.5
Blue,忠孝敦化,2018-07-08,57504.0
Blue,國父紀念館,2018-07-08,35219.0
Blue,市政府,2018-07-08,107291.0
Blue,永春,2018-07-08,27622.0
Blue,後山埤,2018-07-08,25782.0
Blue,昆陽,2018-07-08,16921.0
Blue,南港,2018-07-08,30085.0
Blue,忠孝復興,2018-07-08,54203.0
Blue,南港展覽館,2018-07-08,34793.0
Blue,台北車站,2018-07-09,155667.0
Blue,頂埔,2018-07-09,16745.0
Blue,永寧,2018-07-09,26559.0
Blue,土城,2018-07-09,15101.0
Blue,海山,2018-07-09,42995.0
Blue,亞東醫院,2018-07-09,45601.0
Blue,府中,2018-07-09,60117.0
Blue,板橋,2018-07-09,82958.0
Blue,新埔,2018-07-09,80479.0
Blue,江子翠,2018-07-09,53674.0
Blue,龍山寺,2018-07-09,58623.0
Blue,西門,2018-07-09,87063.0
Blue,善導寺,2018-07-09,43102.0
Blue,忠孝新生,2018-07-09,40462.5
Blue,忠孝敦化,2018-07-09,76272.0
Blue,國父紀念館,2018-07-09,46217.0
Blue,市政府,2018-07-09,127917.0
Blue,永春,2018-07-09,38752.0
Blue,後山埤,2018-07-09,34362.0
Blue,昆陽,2018-07-09,30300.0
Blue,南港,2018-07-09,36506.0
Blue,忠孝復興,2018-07-09,59182.0
Blue,南港展覽館,2018-07-09,43378.5
Blue,台北車站,2018-07-10,110262.5
Blue,頂埔,2018-07-10,15088.0
Blue,永寧,2018-07-10,21093.0
Blue,土城,2018-07-10,11968.0
Blue,海山,2018-07-10,35831.0
Blue,亞東醫院,2018-07-10,39389.0
Blue,府中,2018-07-10,45631.0
Blue,板橋,2018-07-10,66556.0
Blue,新埔,2018-07-10,67427.0
Blue,江子翠,2018-07-10,44294.0
Blue,龍山寺,2018-07-10,43824.0
Blue,西門,2018-07-10,59151.0
Blue,善導寺,2018-07-10,35241.0
Blue,忠孝新生,2018-07-10,28601.5
Blue,忠孝敦化,2018-07-10,55043.0
Blue,國父紀念館,2018-07-10,35197.0
Blue,市政府,2018-07-10,96992.0
Blue,永春,2018-07-10,33450.0
Blue,後山埤,2018-07-10,28369.0
Blue,昆陽,2018-07-10,25540.0
Blue,南港,2018-07-10,29422.0
Blue,忠孝復興,2018-07-10,42512.5
Blue,南港展覽館,2018-07-10,29404.0
Blue,台北車站,2018-07-11,102928.5
Blue,頂埔,2018-07-11,8883.0
Blue,永寧,2018-07-11,12529.0
Blue,土城,2018-07-11,8549.0
Blue,海山,2018-07-11,25820.0
Blue,亞東醫院,2018-07-11,24894.0
Blue,府中,2018-07-11,36012.0
Blue,板橋,2018-07-11,48254.0
Blue,新埔,2018-07-11,47692.0
Blue,江子翠,2018-07-11,32394.0
Blue,龍山寺,2018-07-11,46027.0
Blue,西門,2018-07-11,70551.5
Blue,善導寺,2018-07-11,30903.0
Blue,忠孝新生,2018-07-11,30259.0
Blue,忠孝敦化,2018-07-11,59403.0
Blue,國父紀念館,2018-07-11,32776.0
Blue,市政府,2018-07-11,93169.0
Blue,永春,2018-07-11,29831.0
Blue,後山埤,2018-07-11,26713.0
Blue,昆陽,2018-07-11,20523.0
Blue,南港,2018-07-11,23468.0
Blue,忠孝復興,2018-07-11,48658.0
Blue,南港展覽館,2018-07-11,20967.0
Blue,台北車站,2018-07-12,156202.5
Blue,頂埔,2018-07-12,17320.0
Blue,永寧,2018-07-12,26784.0
Blue,土城,2018-07-12,14801.0
Blue,海山,2018-07-12,43935.0
Blue,亞東醫院,2018-07-12,46898.0
Blue,府中,2018-07-12,61054.0
Blue,板橋,2018-07-12,85278.0
Blue,新埔,2018-07-12,83270.0
Blue,江子翠,2018-07-12,55019.0
Blue,龍山寺,2018-07-12,58080.0
Blue,西門,2018-07-12,87021.0
Blue,善導寺,2018-07-12,47401.0
Blue,忠孝新生,2018-07-12,42597.5
Blue,忠孝敦化,2018-07-12,80241.0
Blue,國父紀念館,2018-07-12,49723.0
Blue,市政府,2018-07-12,129013.0
Blue,永春,2018-07-12,39657.0
Blue,後山埤,2018-07-12,34329.0
Blue,昆陽,2018-07-12,31684.0
Blue,南港,2018-07-12,35408.0
Blue,忠孝復興,2018-07-12,62481.5
Blue,南港展覽館,2018-07-12,35035.0
Blue,台北車站,2018-07-13,180867.5
Blue,頂埔,2018-07-13,18453.0
Blue,永寧,2018-07-13,29407.0
Blue,土城,2018-07-13,15839.0
Blue,海山,2018-07-13,47202.0
Blue,亞東醫院,2018-07-13,46909.0
Blue,府中,2018-07-13,66210.0
Blue,板橋,2018-07-13,94050.0
Blue,新埔,2018-07-13,87018.0
Blue,江子翠,2018-07-13,56846.0
Blue,龍山寺,2018-07-13,65817.0
Blue,西門,2018-07-13,98849.0
Blue,善導寺,2018-07-13,48856.0
Blue,忠孝新生,2018-07-13,46813.5
Blue,忠孝敦化,2018-07-13,87988.0
Blue,國父紀念館,2018-07-13,52695.0
Blue,市政府,2018-07-13,145836.0
Blue,永春,2018-07-13,43302.0
Blue,後山埤,2018-07-13,36320.0
Blue,昆陽,2018-07-13,31807.0
Blue,南港,2018-07-13,40850.0
Blue,忠孝復興,2018-07-13,70138.0
Blue,南港展覽館,2018-07-13,37869.0
Blue,台北車站,2018-07-14,179645.5
Blue,頂埔,2018-07-14,13613.0
Blue,永寧,2018-07-14,25295.0
Blue,土城,2018-07-14,13080.0
Blue,海山,2018-07-14,36716.0
Blue,亞東醫院,2018-07-14,33904.0
Blue,府中,2018-07-14,58850.0
Blue,板橋,2018-07-14,85446.0
Blue,新埔,2018-07-14,68430.0
Blue,江子翠,2018-07-14,45739.0
Blue,龍山寺,2018-07-14,60535.0
Blue,西門,2018-07-14,107340.5
Blue,善導寺,2018-07-14,33512.0
Blue,忠孝新生,2018-07-14,46742.0
Blue,忠孝敦化,2018-07-14,76914.0
Blue,國父紀念館,2018-07-14,43507.0
Blue,市政府,2018-07-14,123147.0
Blue,永春,2018-07-14,31972.0
Blue,後山埤,2018-07-14,30313.0
Blue,昆陽,2018-07-14,19610.0
Blue,南港,2018-07-14,32714.0
Blue,忠孝復興,2018-07-14,69613.0
Blue,南港展覽館,2018-07-14,28386.5
Blue,台北車站,2018-07-15,168077.5
Blue,頂埔,2018-07-15,12763.0
Blue,永寧,2018-07-15,23010.0
Blue,土城,2018-07-15,10783.0
Blue,海山,2018-07-15,31259.0
Blue,亞東醫院,2018-07-15,27701.0
Blue,府中,2018-07-15,48656.0
Blue,板橋,2018-07-15,75310.0
Blue,新埔,2018-07-15,57084.0
Blue,江子翠,2018-07-15,37500.0
Blue,龍山寺,2018-07-15,53788.0
Blue,西門,2018-07-15,93757.5
Blue,善導寺,2018-07-15,30604.0
Blue,忠孝新生,2018-07-15,40410.0
Blue,忠孝敦化,2018-07-15,60072.0
Blue,國父紀念館,2018-07-15,34795.0
Blue,市政府,2018-07-15,105169.0
Blue,永春,2018-07-15,27057.0
Blue,後山埤,2018-07-15,26247.0
Blue,昆陽,2018-07-15,16590.0
Blue,南港,2018-07-15,28455.0
Blue,忠孝復興,2018-07-15,55117.0
Blue,南港展覽館,2018-07-15,21432.0
Blue,台北車站,2018-07-16,155308.0
Blue,頂埔,2018-07-16,16598.0
Blue,永寧,2018-07-16,26538.0
Blue,土城,2018-07-16,14421.0
Blue,海山,2018-07-16,43022.0
Blue,亞東醫院,2018-07-16,45512.0
Blue,府中,2018-07-16,57761.0
Blue,板橋,2018-07-16,81421.0
Blue,新埔,2018-07-16,80122.0
Blue,江子翠,2018-07-16,52193.0
Blue,龍山寺,2018-07-16,58073.0
Blue,西門,2018-07-16,83777.5
Blue,善導寺,2018-07-16,41716.0
Blue,忠孝新生,2018-07-16,39285.5
Blue,忠孝敦化,2018-07-16,74737.0
Blue,國父紀念館,2018-07-16,46512.0
Blue,市政府,2018-07-16,125377.0
Blue,永春,2018-07-16,38014.0
Blue,後山埤,2018-07-16,33498.0
Blue,昆陽,2018-07-16,30293.0
Blue,南港,2018-07-16,33714.0
Blue,忠孝復興,2018-07-16,58356.0
Blue,南港展覽館,2018-07-16,34716.5
Blue,台北車站,2018-07-17,151808.0
Blue,頂埔,2018-07-17,17166.0
Blue,永寧,2018-07-17,26904.0
Blue,土城,2018-07-17,14451.0
Blue,海山,2018-07-17,43763.0
Blue,亞東醫院,2018-07-17,46305.0
Blue,府中,2018-07-17,59805.0
Blue,板橋,2018-07-17,82390.0
Blue,新埔,2018-07-17,81793.0
Blue,江子翠,2018-07-17,53068.0
Blue,龍山寺,2018-07-17,58504.0
Blue,西門,2018-07-17,84183.0
Blue,善導寺,2018-07-17,44878.0
Blue,忠孝新生,2018-07-17,39484.0
Blue,忠孝敦化,2018-07-17,77121.0
Blue,國父紀念館,2018-07-17,48507.0
Blue,市政府,2018-07-17,127102.0
Blue,永春,2018-07-17,39539.0
Blue,後山埤,2018-07-17,34768.0
Blue,昆陽,2018-07-17,30422.0
Blue,南港,2018-07-17,34105.0
Blue,忠孝復興,2018-07-17,60460.5
Blue,南港展覽館,2018-07-17,34980.5
Blue,台北車站,2018-07-18,153357.5
Blue,頂埔,2018-07-18,16900.0
Blue,永寧,2018-07-18,27024.0
Blue,土城,2018-07-18,14930.0
Blue,海山,2018-07-18,44027.0
Blue,亞東醫院,2018-07-18,46439.0
Blue,府中,2018-07-18,61227.0
Blue,板橋,2018-07-18,83183.0
Blue,新埔,2018-07-18,81826.0
Blue,江子翠,2018-07-18,54527.0
Blue,龍山寺,2018-07-18,59293.0
Blue,西門,2018-07-18,84717.5
Blue,善導寺,2018-07-18,47130.0
Blue,忠孝新生,2018-07-18,39716.5
Blue,忠孝敦化,2018-07-18,79673.0
Blue,國父紀念館,2018-07-18,48966.0
Blue,市政府,2018-07-18,127883.0
Blue,永春,2018-07-18,39652.0
Blue,後山埤,2018-07-18,34798.0
Blue,昆陽,2018-07-18,30554.0
Blue,南港,2018-07-18,35248.0
Blue,忠孝復興,2018-07-18,61089.5
Blue,南港展覽館,2018-07-18,37224.5
Blue,台北車站,2018-07-19,154858.0
Blue,頂埔,2018-07-19,16915.0
Blue,永寧,2018-07-19,26965.0
Blue,土城,2018-07-19,14329.0
Blue,海山,2018-07-19,43743.0
Blue,亞東醫院,2018-07-19,45942.0
Blue,府中,2018-07-19,60751.0
Blue,板橋,2018-07-19,83122.0
Blue,新埔,2018-07-19,82242.0
Blue,江子翠,2018-07-19,54066.0
Blue,龍山寺,2018-07-19,59150.0
Blue,西門,2018-07-19,85480.5
Blue,善導寺,2018-07-19,45800.0
Blue,忠孝新生,2018-07-19,39652.0
Blue,忠孝敦化,2018-07-19,80925.0
Blue,國父紀念館,2018-07-19,48884.0
Blue,市政府,2018-07-19,130042.0
Blue,永春,2018-07-19,39778.0
Blue,後山埤,2018-07-19,34279.0
Blue,昆陽,2018-07-19,31831.0
Blue,南港,2018-07-19,38656.0
Blue,忠孝復興,2018-07-19,62786.0
Blue,南港展覽館,2018-07-19,48224.5
Blue,台北車站,2018-07-20,177796.0
Blue,頂埔,2018-07-20,17508.0
Blue,永寧,2018-07-20,28854.0
Blue,土城,2018-07-20,15408.0
Blue,海山,2018-07-20,44972.0
Blue,亞東醫院,2018-07-20,46439.0
Blue,府中,2018-07-20,63417.0
Blue,板橋,2018-07-20,91183.0
Blue,新埔,2018-07-20,84976.0
Blue,江子翠,2018-07-20,56168.0
Blue,龍山寺,2018-07-20,61951.0
Blue,西門,2018-07-20,94033.0
Blue,善導寺,2018-07-20,46518.0
Blue,忠孝新生,2018-07-20,44407.0
Blue,忠孝敦化,2018-07-20,87872.0
Blue,國父紀念館,2018-07-20,52409.0
Blue,市政府,2018-07-20,145654.0
Blue,永春,2018-07-20,41467.0
Blue,後山埤,2018-07-20,35473.0
Blue,昆陽,2018-07-20,31667.0
Blue,南港,2018-07-20,42734.0
Blue,忠孝復興,2018-07-20,68514.5
Blue,南港展覽館,2018-07-20,51114.0
Blue,台北車站,2018-07-21,180272.5
Blue,頂埔,2018-07-21,13093.0
Blue,永寧,2018-07-21,23493.0
Blue,土城,2018-07-21,12384.0
Blue,海山,2018-07-21,35901.0
Blue,亞東醫院,2018-07-21,33268.0
Blue,府中,2018-07-21,56428.0
Blue,板橋,2018-07-21,82735.0
Blue,新埔,2018-07-21,67545.0
Blue,江子翠,2018-07-21,44767.0
Blue,龍山寺,2018-07-21,57008.0
Blue,西門,2018-07-21,99062.5
Blue,善導寺,2018-07-21,34426.0
Blue,忠孝新生,2018-07-21,46691.0
Blue,忠孝敦化,2018-07-21,75003.0
Blue,國父紀念館,2018-07-21,41172.0
Blue,市政府,2018-07-21,124406.0
Blue,永春,2018-07-21,31787.0
Blue,後山埤,2018-07-21,29298.0
Blue,昆陽,2018-07-21,19149.0
Blue,南港,2018-07-21,34419.0
Blue,忠孝復興,2018-07-21,68347.5
Blue,南港展覽館,2018-07-21,37570.5
Blue,台北車站,2018-07-22,164394.0
Blue,頂埔,2018-07-22,12165.0
Blue,永寧,2018-07-22,21118.0
Blue,土城,2018-07-22,10648.0
Blue,海山,2018-07-22,30257.0
Blue,亞東醫院,2018-07-22,26279.0
Blue,府中,2018-07-22,48265.0
Blue,板橋,2018-07-22,75795.0
Blue,新埔,2018-07-22,57214.0
Blue,江子翠,2018-07-22,37163.0
Blue,龍山寺,2018-07-22,51843.0
Blue,西門,2018-07-22,87513.0
Blue,善導寺,2018-07-22,28137.0
Blue,忠孝新生,2018-07-22,38561.0
Blue,忠孝敦化,2018-07-22,56857.0
Blue,國父紀念館,2018-07-22,33729.0
Blue,市政府,2018-07-22,106529.0
Blue,永春,2018-07-22,27913.0
Blue,後山埤,2018-07-22,26383.0
Blue,昆陽,2018-07-22,16442.0
Blue,南港,2018-07-22,31042.0
Blue,忠孝復興,2018-07-22,53384.5
Blue,南港展覽館,2018-07-22,31503.0
Blue,台北車站,2018-07-23,148408.5
Blue,頂埔,2018-07-23,16622.0
Blue,永寧,2018-07-23,25883.0
Blue,土城,2018-07-23,14052.0
Blue,海山,2018-07-23,42454.0
Blue,亞東醫院,2018-07-23,45382.0
Blue,府中,2018-07-23,58173.0
Blue,板橋,2018-07-23,79794.0
Blue,新埔,2018-07-23,78425.0
Blue,江子翠,2018-07-23,52086.0
Blue,龍山寺,2018-07-23,57245.0
Blue,西門,2018-07-23,81318.0
Blue,善導寺,2018-07-23,42115.0
Blue,忠孝新生,2018-07-23,37364.5
Blue,忠孝敦化,2018-07-23,74238.0
Blue,國父紀念館,2018-07-23,45096.0
Blue,市政府,2018-07-23,124018.0
Blue,永春,2018-07-23,37815.0
Blue,後山埤,2018-07-23,32659.0
Blue,昆陽,2018-07-23,29551.0
Blue,南港,2018-07-23,33426.0
Blue,忠孝復興,2018-07-23,56702.5
Blue,南港展覽館,2018-07-23,33865.0
Blue,台北車站,2018-07-24,147712.0
Blue,頂埔,2018-07-24,16431.0
Blue,永寧,2018-07-24,26476.0
Blue,土城,2018-07-24,14367.0
Blue,海山,2018-07-24,42664.0
Blue,亞東醫院,2018-07-24,45939.0
Blue,府中,2018-07-24,58142.0
Blue,板橋,2018-07-24,80965.0
Blue,新埔,2018-07-24,80679.0
Blue,江子翠,2018-07-24,53050.0
Blue,龍山寺,2018-07-24,57037.0
Blue,西門,2018-07-24,79601.5
Blue,善導寺,2018-07-24,44464.0
Blue,忠孝新生,2018-07-24,37923.0
Blue,忠孝敦化,2018-07-24,76994.0
Blue,國父紀念館,2018-07-24,46899.0
Blue,市政府,2018-07-24,123729.0
Blue,永春,2018-07-24,39777.0
Blue,後山埤,2018-07-24,32756.0
Blue,昆陽,2018-07-24,29934.0
Blue,南港,2018-07-24,33398.0
Blue,忠孝復興,2018-07-24,58078.5
Blue,南港展覽館,2018-07-24,34053.5
Blue,台北車站,2018-07-25,149886.0
Blue,頂埔,2018-07-25,16956.0
Blue,永寧,2018-07-25,26762.0
Blue,土城,2018-07-25,14680.0
Blue,海山,2018-07-25,42880.0
Blue,亞東醫院,2018-07-25,45690.0
Blue,府中,2018-07-25,59177.0
Blue,板橋,2018-07-25,82966.0
Blue,新埔,2018-07-25,80824.0
Blue,江子翠,2018-07-25,54097.0
Blue,龍山寺,2018-07-25,57973.0
Blue,西門,2018-07-25,84590.5
Blue,善導寺,2018-07-25,46501.0
Blue,忠孝新生,2018-07-25,38776.5
Blue,忠孝敦化,2018-07-25,79012.0
Blue,國父紀念館,2018-07-25,48484.0
Blue,市政府,2018-07-25,127565.0
Blue,永春,2018-07-25,39895.0
Blue,後山埤,2018-07-25,33209.0
Blue,昆陽,2018-07-25,30100.0
Blue,南港,2018-07-25,34713.0
Blue,忠孝復興,2018-07-25,59882.0
Blue,南港展覽館,2018-07-25,34830.5
Blue,台北車站,2018-07-26,153607.5
Blue,頂埔,2018-07-26,17031.0
Blue,永寧,2018-07-26,26676.0
Blue,土城,2018-07-26,14956.0
Blue,海山,2018-07-26,44389.0
Blue,亞東醫院,2018-07-26,46748.0
Blue,府中,2018-07-26,59032.0
Blue,板橋,2018-07-26,84097.0
Blue,新埔,2018-07-26,81824.0
Blue,江子翠,2018-07-26,54135.0
Blue,龍山寺,2018-07-26,59685.0
Blue,西門,2018-07-26,86144.5
Blue,善導寺,2018-07-26,45030.0
Blue,忠孝新生,2018-07-26,39562.5
Blue,忠孝敦化,2018-07-26,79500.0
Blue,國父紀念館,2018-07-26,48500.0
Blue,市政府,2018-07-26,129285.0
Blue,永春,2018-07-26,40272.0
Blue,後山埤,2018-07-26,33340.0
Blue,昆陽,2018-07-26,31606.0
Blue,南港,2018-07-26,35027.0
Blue,忠孝復興,2018-07-26,62205.5
Blue,南港展覽館,2018-07-26,35110.5
Blue,台北車站,2018-07-27,177384.5
Blue,頂埔,2018-07-27,17577.0
Blue,永寧,2018-07-27,27991.0
Blue,土城,2018-07-27,15601.0
Blue,海山,2018-07-27,44734.0
Blue,亞東醫院,2018-07-27,45943.0
Blue,府中,2018-07-27,62434.0
Blue,板橋,2018-07-27,89543.0
Blue,新埔,2018-07-27,84393.0
Blue,江子翠,2018-07-27,54890.0
Blue,龍山寺,2018-07-27,63067.0
Blue,西門,2018-07-27,95200.0
Blue,善導寺,2018-07-27,45590.0
Blue,忠孝新生,2018-07-27,42844.0
Blue,忠孝敦化,2018-07-27,85336.0
Blue,國父紀念館,2018-07-27,53950.0
Blue,市政府,2018-07-27,139311.0
Blue,永春,2018-07-27,41420.0
Blue,後山埤,2018-07-27,35174.0
Blue,昆陽,2018-07-27,31145.0
Blue,南港,2018-07-27,39120.0
Blue,忠孝復興,2018-07-27,68081.0
Blue,南港展覽館,2018-07-27,37609.0
Blue,台北車站,2018-07-28,181749.0
Blue,頂埔,2018-07-28,13527.0
Blue,永寧,2018-07-28,24603.0
Blue,土城,2018-07-28,13063.0
Blue,海山,2018-07-28,36293.0
Blue,亞東醫院,2018-07-28,34588.0
Blue,府中,2018-07-28,58364.0
Blue,板橋,2018-07-28,85654.0
Blue,新埔,2018-07-28,67846.0
Blue,江子翠,2018-07-28,43978.0
Blue,龍山寺,2018-07-28,61612.0
Blue,西門,2018-07-28,107408.5
Blue,善導寺,2018-07-28,32766.0
Blue,忠孝新生,2018-07-28,46014.5
Blue,忠孝敦化,2018-07-28,77159.0
Blue,國父紀念館,2018-07-28,41888.0
Blue,市政府,2018-07-28,121314.0
Blue,永春,2018-07-28,32325.0
Blue,後山埤,2018-07-28,30497.0
Blue,昆陽,2018-07-28,19610.0
Blue,南港,2018-07-28,33383.0
Blue,忠孝復興,2018-07-28,70635.5
Blue,南港展覽館,2018-07-28,28817.0
Blue,台北車站,2018-07-29,167344.0
Blue,頂埔,2018-07-29,12401.0
Blue,永寧,2018-07-29,21270.0
Blue,土城,2018-07-29,10836.0
Blue,海山,2018-07-29,31071.0
Blue,亞東醫院,2018-07-29,26731.0
Blue,府中,2018-07-29,48009.0
Blue,板橋,2018-07-29,76691.0
Blue,新埔,2018-07-29,57086.0
Blue,江子翠,2018-07-29,37391.0
Blue,龍山寺,2018-07-29,54851.0
Blue,西門,2018-07-29,92987.5
Blue,善導寺,2018-07-29,28010.0
Blue,忠孝新生,2018-07-29,37146.0
Blue,忠孝敦化,2018-07-29,59391.0
Blue,國父紀念館,2018-07-29,34022.0
Blue,市政府,2018-07-29,103488.0
Blue,永春,2018-07-29,26965.0
Blue,後山埤,2018-07-29,26006.0
Blue,昆陽,2018-07-29,16920.0
Blue,南港,2018-07-29,28391.0
Blue,忠孝復興,2018-07-29,56191.5
Blue,南港展覽館,2018-07-29,20348.5
Blue,台北車站,2018-07-30,150588.0
Blue,頂埔,2018-07-30,16349.0
Blue,永寧,2018-07-30,25757.0
Blue,土城,2018-07-30,14233.0
Blue,海山,2018-07-30,41951.0
Blue,亞東醫院,2018-07-30,44859.0
Blue,府中,2018-07-30,56643.0
Blue,板橋,2018-07-30,80462.0
Blue,新埔,2018-07-30,78393.0
Blue,江子翠,2018-07-30,51895.0
Blue,龍山寺,2018-07-30,58157.0
Blue,西門,2018-07-30,82581.5
Blue,善導寺,2018-07-30,41082.0
Blue,忠孝新生,2018-07-30,38012.5
Blue,忠孝敦化,2018-07-30,74582.0
Blue,國父紀念館,2018-07-30,46207.0
Blue,市政府,2018-07-30,123832.0
Blue,永春,2018-07-30,37626.0
Blue,後山埤,2018-07-30,33261.0
Blue,昆陽,2018-07-30,29574.0
Blue,南港,2018-07-30,33129.0
Blue,忠孝復興,2018-07-30,58285.5
Blue,南港展覽館,2018-07-30,33853.0
Blue,台北車站,2018-07-31,148991.5
Blue,頂埔,2018-07-31,16710.0
Blue,永寧,2018-07-31,26756.0
Blue,土城,2018-07-31,14188.0
Blue,海山,2018-07-31,42749.0
Blue,亞東醫院,2018-07-31,46116.0
Blue,府中,2018-07-31,59798.0
Blue,板橋,2018-07-31,81890.0
Blue,新埔,2018-07-31,81337.0
Blue,江子翠,2018-07-31,52941.0
Blue,龍山寺,2018-07-31,66229.0
Blue,西門,2018-07-31,81557.0
Blue,善導寺,2018-07-31,45363.0
Blue,忠孝新生,2018-07-31,37747.0
Blue,忠孝敦化,2018-07-31,77129.0
Blue,國父紀念館,2018-07-31,47039.0
Blue,市政府,2018-07-31,126318.0
Blue,永春,2018-07-31,39772.0
Blue,後山埤,2018-07-31,33857.0
Blue,昆陽,2018-07-31,29640.0
Blue,南港,2018-07-31,34579.0
Blue,忠孝復興,2018-07-31,60361.5
Blue,南港展覽館,2018-07-31,36306.5
Blue,台北車站,2018-08-01,146838.5
Blue,頂埔,2018-08-01,16897.0
Blue,永寧,2018-08-01,25790.0
Blue,土城,2018-08-01,14503.0
Blue,海山,2018-08-01,42516.0
Blue,亞東醫院,2018-08-01,45911.0
Blue,府中,2018-08-01,58943.0
Blue,板橋,2018-08-01,82151.0
Blue,新埔,2018-08-01,80927.0
Blue,江子翠,2018-08-01,53806.0
Blue,龍山寺,2018-08-01,58026.0
Blue,西門,2018-08-01,82319.5
Blue,善導寺,2018-08-01,44344.0
Blue,忠孝新生,2018-08-01,38483.5
Blue,忠孝敦化,2018-08-01,78204.0
Blue,國父紀念館,2018-08-01,46881.0
Blue,市政府,2018-08-01,125824.0
Blue,永春,2018-08-01,39800.0
Blue,後山埤,2018-08-01,33988.0
Blue,昆陽,2018-08-01,30114.0
Blue,南港,2018-08-01,37721.0
Blue,忠孝復興,2018-08-01,60170.5
Blue,南港展覽館,2018-08-01,44617.5
Blue,台北車站,2018-08-02,150182.5
Blue,頂埔,2018-08-02,16811.0
Blue,永寧,2018-08-02,26342.0
Blue,土城,2018-08-02,14185.0
Blue,海山,2018-08-02,42707.0
Blue,亞東醫院,2018-08-02,45591.0
Blue,府中,2018-08-02,58367.0
Blue,板橋,2018-08-02,83038.0
Blue,新埔,2018-08-02,81081.0
Blue,江子翠,2018-08-02,53547.0
Blue,龍山寺,2018-08-02,58970.0
Blue,西門,2018-08-02,84013.0
Blue,善導寺,2018-08-02,43244.0
Blue,忠孝新生,2018-08-02,38446.5
Blue,忠孝敦化,2018-08-02,78300.0
Blue,國父紀念館,2018-08-02,48386.0
Blue,市政府,2018-08-02,129022.0
Blue,永春,2018-08-02,39366.0
Blue,後山埤,2018-08-02,34310.0
Blue,昆陽,2018-08-02,31286.0
Blue,南港,2018-08-02,39060.0
Blue,忠孝復興,2018-08-02,62818.0
Blue,南港展覽館,2018-08-02,47788.5
Blue,台北車站,2018-08-03,179160.0
Blue,頂埔,2018-08-03,17821.0
Blue,永寧,2018-08-03,28807.0
Blue,土城,2018-08-03,15210.0
Blue,海山,2018-08-03,44327.0
Blue,亞東醫院,2018-08-03,46127.0
Blue,府中,2018-08-03,61938.0
Blue,板橋,2018-08-03,95216.0
Blue,新埔,2018-08-03,83873.0
Blue,江子翠,2018-08-03,54531.0
Blue,龍山寺,2018-08-03,61369.0
Blue,西門,2018-08-03,92617.5
Blue,善導寺,2018-08-03,45355.0
Blue,忠孝新生,2018-08-03,42212.0
Blue,忠孝敦化,2018-08-03,86430.0
Blue,國父紀念館,2018-08-03,51305.0
Blue,市政府,2018-08-03,142479.0
Blue,永春,2018-08-03,41032.0
Blue,後山埤,2018-08-03,35299.0
Blue,昆陽,2018-08-03,31263.0
Blue,南港,2018-08-03,45797.0
Blue,忠孝復興,2018-08-03,69281.5
Blue,南港展覽館,2018-08-03,53008.0
Blue,台北車站,2018-08-04,176847.5
Blue,頂埔,2018-08-04,13484.0
Blue,永寧,2018-08-04,23835.0
Blue,土城,2018-08-04,12747.0
Blue,海山,2018-08-04,36425.0
Blue,亞東醫院,2018-08-04,32938.0
Blue,府中,2018-08-04,56601.0
Blue,板橋,2018-08-04,91089.0
Blue,新埔,2018-08-04,66510.0
Blue,江子翠,2018-08-04,44078.0
Blue,龍山寺,2018-08-04,59991.0
Blue,西門,2018-08-04,101664.5
Blue,善導寺,2018-08-04,31486.0
Blue,忠孝新生,2018-08-04,41345.5
Blue,忠孝敦化,2018-08-04,75223.0
Blue,國父紀念館,2018-08-04,40900.0
Blue,市政府,2018-08-04,120098.0
Blue,永春,2018-08-04,31953.0
Blue,後山埤,2018-08-04,29146.0
Blue,昆陽,2018-08-04,19031.0
Blue,南港,2018-08-04,34547.0
Blue,忠孝復興,2018-08-04,68031.5
Blue,南港展覽館,2018-08-04,38166.5
Blue,台北車站,2018-08-05,168932.0
Blue,頂埔,2018-08-05,12793.0
Blue,永寧,2018-08-05,22107.0
Blue,土城,2018-08-05,11219.0
Blue,海山,2018-08-05,32532.0
Blue,亞東醫院,2018-08-05,27465.0
Blue,府中,2018-08-05,49559.0
Blue,板橋,2018-08-05,84736.0
Blue,新埔,2018-08-05,58221.0
Blue,江子翠,2018-08-05,38444.0
Blue,龍山寺,2018-08-05,55520.0
Blue,西門,2018-08-05,90472.5
Blue,善導寺,2018-08-05,26697.0
Blue,忠孝新生,2018-08-05,36599.5
Blue,忠孝敦化,2018-08-05,58953.0
Blue,國父紀念館,2018-08-05,33585.0
Blue,市政府,2018-08-05,107739.0
Blue,永春,2018-08-05,28737.0
Blue,後山埤,2018-08-05,26281.0
Blue,昆陽,2018-08-05,17157.0
Blue,南港,2018-08-05,28327.0
Blue,忠孝復興,2018-08-05,56056.0
Blue,南港展覽館,2018-08-05,20570.0
Blue,台北車站,2018-08-06,153501.5
Blue,頂埔,2018-08-06,16593.0
Blue,永寧,2018-08-06,26283.0
Blue,土城,2018-08-06,14156.0
Blue,海山,2018-08-06,42373.0
Blue,亞東醫院,2018-08-06,45727.0
Blue,府中,2018-08-06,57381.0
Blue,板橋,2018-08-06,83635.0
Blue,新埔,2018-08-06,79020.0
Blue,江子翠,2018-08-06,51937.0
Blue,龍山寺,2018-08-06,58793.0
Blue,西門,2018-08-06,84593.5
Blue,善導寺,2018-08-06,40451.0
Blue,忠孝新生,2018-08-06,38062.0
Blue,忠孝敦化,2018-08-06,74995.0
Blue,國父紀念館,2018-08-06,46520.0
Blue,市政府,2018-08-06,123966.0
Blue,永春,2018-08-06,38085.0
Blue,後山埤,2018-08-06,33230.0
Blue,昆陽,2018-08-06,30072.0
Blue,南港,2018-08-06,34256.0
Blue,忠孝復興,2018-08-06,58786.0
Blue,南港展覽館,2018-08-06,33804.5
Blue,台北車站,2018-08-07,151601.0
Blue,頂埔,2018-08-07,16776.0
Blue,永寧,2018-08-07,26970.0
Blue,土城,2018-08-07,14778.0
Blue,海山,2018-08-07,43315.0
Blue,亞東醫院,2018-08-07,47129.0
Blue,府中,2018-08-07,60416.0
Blue,板橋,2018-08-07,87071.0
Blue,新埔,2018-08-07,81766.0
Blue,江子翠,2018-08-07,53375.0
Blue,龍山寺,2018-08-07,59865.0
Blue,西門,2018-08-07,85008.0
Blue,善導寺,2018-08-07,44564.0
Blue,忠孝新生,2018-08-07,38374.0
Blue,忠孝敦化,2018-08-07,79679.0
Blue,國父紀念館,2018-08-07,48863.0
Blue,市政府,2018-08-07,128548.0
Blue,永春,2018-08-07,40833.0
Blue,後山埤,2018-08-07,34360.0
Blue,昆陽,2018-08-07,29963.0
Blue,南港,2018-08-07,34450.0
Blue,忠孝復興,2018-08-07,62014.5
Blue,南港展覽館,2018-08-07,35298.0
Blue,台北車站,2018-08-08,146100.5
Blue,頂埔,2018-08-08,16983.0
Blue,永寧,2018-08-08,26422.0
Blue,土城,2018-08-08,14779.0
Blue,海山,2018-08-08,42791.0
Blue,亞東醫院,2018-08-08,46002.0
Blue,府中,2018-08-08,59100.0
Blue,板橋,2018-08-08,87494.0
Blue,新埔,2018-08-08,81766.0
Blue,江子翠,2018-08-08,53907.0
Blue,龍山寺,2018-08-08,59128.0
Blue,西門,2018-08-08,85606.0
Blue,善導寺,2018-08-08,44456.0
Blue,忠孝新生,2018-08-08,37366.0
Blue,忠孝敦化,2018-08-08,75375.0
Blue,國父紀念館,2018-08-08,47235.0
Blue,市政府,2018-08-08,127271.0
Blue,永春,2018-08-08,39926.0
Blue,後山埤,2018-08-08,34648.0
Blue,昆陽,2018-08-08,29913.0
Blue,南港,2018-08-08,35454.0
Blue,忠孝復興,2018-08-08,60870.5
Blue,南港展覽館,2018-08-08,34732.5
Blue,台北車站,2018-08-09,156342.5
Blue,頂埔,2018-08-09,17143.0
Blue,永寧,2018-08-09,27059.0
Blue,土城,2018-08-09,14547.0
Blue,海山,2018-08-09,43619.0
Blue,亞東醫院,2018-08-09,46415.0
Blue,府中,2018-08-09,60203.0
Blue,板橋,2018-08-09,89568.0
Blue,新埔,2018-08-09,82868.0
Blue,江子翠,2018-08-09,54078.0
Blue,龍山寺,2018-08-09,60417.0
Blue,西門,2018-08-09,88249.5
Blue,善導寺,2018-08-09,43048.0
Blue,忠孝新生,2018-08-09,39055.5
Blue,忠孝敦化,2018-08-09,79343.0
Blue,國父紀念館,2018-08-09,48908.0
Blue,市政府,2018-08-09,129350.0
Blue,永春,2018-08-09,40173.0
Blue,後山埤,2018-08-09,33901.0
Blue,昆陽,2018-08-09,31431.0
Blue,南港,2018-08-09,34911.0
Blue,忠孝復興,2018-08-09,63539.0
Blue,南港展覽館,2018-08-09,35543.5
Blue,台北車站,2018-08-10,181950.5
Blue,頂埔,2018-08-10,18277.0
Blue,永寧,2018-08-10,29288.0
Blue,土城,2018-08-10,15711.0
Blue,海山,2018-08-10,45679.0
Blue,亞東醫院,2018-08-10,46854.0
Blue,府中,2018-08-10,64196.0
Blue,板橋,2018-08-10,99228.0
Blue,新埔,2018-08-10,85677.0
Blue,江子翠,2018-08-10,55902.0
Blue,龍山寺,2018-08-10,65015.0
Blue,西門,2018-08-10,101256.5
Blue,善導寺,2018-08-10,45041.0
Blue,忠孝新生,2018-08-10,42934.0
Blue,忠孝敦化,2018-08-10,88352.0
Blue,國父紀念館,2018-08-10,53538.0
Blue,市政府,2018-08-10,143693.0
Blue,永春,2018-08-10,42349.0
Blue,後山埤,2018-08-10,36066.0
Blue,昆陽,2018-08-10,32156.0
Blue,南港,2018-08-10,39982.0
Blue,忠孝復興,2018-08-10,70117.0
Blue,南港展覽館,2018-08-10,37137.0
Blue,台北車站,2018-08-11,189210.5
Blue,頂埔,2018-08-11,14327.0
Blue,永寧,2018-08-11,31502.0
Blue,土城,2018-08-11,14713.0
Blue,海山,2018-08-11,38001.0
Blue,亞東醫院,2018-08-11,35613.0
Blue,府中,2018-08-11,63377.0
Blue,板橋,2018-08-11,100921.0
Blue,新埔,2018-08-11,70682.0
Blue,江子翠,2018-08-11,45437.0
Blue,龍山寺,2018-08-11,62548.0
Blue,西門,2018-08-11,112885.5
Blue,善導寺,2018-08-11,32123.0
Blue,忠孝新生,2018-08-11,43590.0
Blue,忠孝敦化,2018-08-11,76663.0
Blue,國父紀念館,2018-08-11,42708.0
Blue,市政府,2018-08-11,120441.0
Blue,永春,2018-08-11,32332.0
Blue,後山埤,2018-08-11,29235.0
Blue,昆陽,2018-08-11,19377.0
Blue,南港,2018-08-11,31185.0
Blue,忠孝復興,2018-08-11,68887.5
Blue,南港展覽館,2018-08-11,25857.5
Blue,台北車站,2018-08-12,177698.0
Blue,頂埔,2018-08-12,13183.0
Blue,永寧,2018-08-12,24202.0
Blue,土城,2018-08-12,12806.0
Blue,海山,2018-08-12,31904.0
Blue,亞東醫院,2018-08-12,27625.0
Blue,府中,2018-08-12,49527.0
Blue,板橋,2018-08-12,84480.0
Blue,新埔,2018-08-12,57342.0
Blue,江子翠,2018-08-12,36863.0
Blue,龍山寺,2018-08-12,52449.0
Blue,西門,2018-08-12,99787.0
Blue,善導寺,2018-08-12,26554.0
Blue,忠孝新生,2018-08-12,37786.0
Blue,忠孝敦化,2018-08-12,59033.0
Blue,國父紀念館,2018-08-12,34805.0
Blue,市政府,2018-08-12,103044.0
Blue,永春,2018-08-12,26067.0
Blue,後山埤,2018-08-12,24646.0
Blue,昆陽,2018-08-12,16329.0
Blue,南港,2018-08-12,28270.0
Blue,忠孝復興,2018-08-12,55095.5
Blue,南港展覽館,2018-08-12,20094.0
Blue,台北車站,2018-08-13,157930.0
Blue,頂埔,2018-08-13,16776.0
Blue,永寧,2018-08-13,28931.0
Blue,土城,2018-08-13,14374.0
Blue,海山,2018-08-13,42805.0
Blue,亞東醫院,2018-08-13,45622.0
Blue,府中,2018-08-13,57879.0
Blue,板橋,2018-08-13,84203.0
Blue,新埔,2018-08-13,79947.0
Blue,江子翠,2018-08-13,52624.0
Blue,龍山寺,2018-08-13,60480.0
Blue,西門,2018-08-13,89257.5
Blue,善導寺,2018-08-13,40950.0
Blue,忠孝新生,2018-08-13,37612.5
Blue,忠孝敦化,2018-08-13,76042.0
Blue,國父紀念館,2018-08-13,46906.0
Blue,市政府,2018-08-13,127961.0
Blue,永春,2018-08-13,37646.0
Blue,後山埤,2018-08-13,33088.0
Blue,昆陽,2018-08-13,29859.0
Blue,南港,2018-08-13,34722.0
Blue,忠孝復興,2018-08-13,59568.0
Blue,南港展覽館,2018-08-13,34854.0
Blue,台北車站,2018-08-14,156631.5
Blue,頂埔,2018-08-14,16623.0
Blue,永寧,2018-08-14,28596.0
Blue,土城,2018-08-14,14548.0
Blue,海山,2018-08-14,45093.0
Blue,亞東醫院,2018-08-14,47075.0
Blue,府中,2018-08-14,60687.0
Blue,板橋,2018-08-14,85663.0
Blue,新埔,2018-08-14,82827.0
Blue,江子翠,2018-08-14,53984.0
Blue,龍山寺,2018-08-14,61005.0
Blue,西門,2018-08-14,87909.0
Blue,善導寺,2018-08-14,44228.0
Blue,忠孝新生,2018-08-14,39271.5
Blue,忠孝敦化,2018-08-14,78969.0
Blue,國父紀念館,2018-08-14,49321.0
Blue,市政府,2018-08-14,129208.0
Blue,永春,2018-08-14,40033.0
Blue,後山埤,2018-08-14,34212.0
Blue,昆陽,2018-08-14,30354.0
Blue,南港,2018-08-14,36327.0
Blue,忠孝復興,2018-08-14,61433.5
Blue,南港展覽館,2018-08-14,35982.0
Blue,台北車站,2018-08-15,157513.5
Blue,頂埔,2018-08-15,16907.0
Blue,永寧,2018-08-15,29062.0
Blue,土城,2018-08-15,14802.0
Blue,海山,2018-08-15,44602.0
Blue,亞東醫院,2018-08-15,47527.0
Blue,府中,2018-08-15,61258.0
Blue,板橋,2018-08-15,86075.0
Blue,新埔,2018-08-15,82712.0
Blue,江子翠,2018-08-15,54283.0
Blue,龍山寺,2018-08-15,61445.0
Blue,西門,2018-08-15,90772.5
Blue,善導寺,2018-08-15,44904.0
Blue,忠孝新生,2018-08-15,39051.0
Blue,忠孝敦化,2018-08-15,80515.0
Blue,國父紀念館,2018-08-15,50318.0
Blue,市政府,2018-08-15,131200.0
Blue,永春,2018-08-15,39340.0
Blue,後山埤,2018-08-15,34546.0
Blue,昆陽,2018-08-15,30110.0
Blue,南港,2018-08-15,36858.0
Blue,忠孝復興,2018-08-15,62901.5
Blue,南港展覽館,2018-08-15,40955.5
Blue,台北車站,2018-08-16,158822.5
Blue,頂埔,2018-08-16,17245.0
Blue,永寧,2018-08-16,29492.0
Blue,土城,2018-08-16,14688.0
Blue,海山,2018-08-16,44988.0
Blue,亞東醫院,2018-08-16,47380.0
Blue,府中,2018-08-16,61314.0
Blue,板橋,2018-08-16,86262.0
Blue,新埔,2018-08-16,82685.0
Blue,江子翠,2018-08-16,54384.0
Blue,龍山寺,2018-08-16,62044.0
Blue,西門,2018-08-16,91708.0
Blue,善導寺,2018-08-16,44090.0
Blue,忠孝新生,2018-08-16,40283.5
Blue,忠孝敦化,2018-08-16,81154.0
Blue,國父紀念館,2018-08-16,50873.0
Blue,市政府,2018-08-16,134402.0
Blue,永春,2018-08-16,39666.0
Blue,後山埤,2018-08-16,34019.0
Blue,昆陽,2018-08-16,30985.0
Blue,南港,2018-08-16,37450.0
Blue,忠孝復興,2018-08-16,64581.5
Blue,南港展覽館,2018-08-16,42470.5
Blue,台北車站,2018-08-17,186881.5
Blue,頂埔,2018-08-17,17859.0
Blue,永寧,2018-08-17,31180.0
Blue,土城,2018-08-17,15383.0
Blue,海山,2018-08-17,45168.0
Blue,亞東醫院,2018-08-17,46965.0
Blue,府中,2018-08-17,64201.0
Blue,板橋,2018-08-17,97841.0
Blue,新埔,2018-08-17,84866.0
Blue,江子翠,2018-08-17,55168.0
Blue,龍山寺,2018-08-17,63872.0
Blue,西門,2018-08-17,101650.0
Blue,善導寺,2018-08-17,45952.0
Blue,忠孝新生,2018-08-17,43248.5
Blue,忠孝敦化,2018-08-17,89732.0
Blue,國父紀念館,2018-08-17,54908.0
Blue,市政府,2018-08-17,151530.0
Blue,永春,2018-08-17,41123.0
Blue,後山埤,2018-08-17,36106.0
Blue,昆陽,2018-08-17,31896.0
Blue,南港,2018-08-17,44572.0
Blue,忠孝復興,2018-08-17,72152.5
Blue,南港展覽館,2018-08-17,44265.5
Blue,台北車站,2018-08-18,186318.5
Blue,頂埔,2018-08-18,13665.0
Blue,永寧,2018-08-18,26713.0
Blue,土城,2018-08-18,14303.0
Blue,海山,2018-08-18,36934.0
Blue,亞東醫院,2018-08-18,34649.0
Blue,府中,2018-08-18,59210.0
Blue,板橋,2018-08-18,87887.0
Blue,新埔,2018-08-18,69702.0
Blue,江子翠,2018-08-18,44595.0
Blue,龍山寺,2018-08-18,60263.0
Blue,西門,2018-08-18,112679.5
Blue,善導寺,2018-08-18,33951.0
Blue,忠孝新生,2018-08-18,43294.0
Blue,忠孝敦化,2018-08-18,76050.0
Blue,國父紀念館,2018-08-18,43682.0
Blue,市政府,2018-08-18,126199.0
Blue,永春,2018-08-18,31264.0
Blue,後山埤,2018-08-18,30239.0
Blue,昆陽,2018-08-18,19538.0
Blue,南港,2018-08-18,34591.0
Blue,忠孝復興,2018-08-18,69483.0
Blue,南港展覽館,2018-08-18,34270.0
Blue,台北車站,2018-08-19,172551.0
Blue,頂埔,2018-08-19,12212.0
Blue,永寧,2018-08-19,23268.0
Blue,土城,2018-08-19,11617.0
Blue,海山,2018-08-19,30369.0
Blue,亞東醫院,2018-08-19,27201.0
Blue,府中,2018-08-19,48649.0
Blue,板橋,2018-08-19,76634.0
Blue,新埔,2018-08-19,57443.0
Blue,江子翠,2018-08-19,36625.0
Blue,龍山寺,2018-08-19,52326.0
Blue,西門,2018-08-19,94556.0
Blue,善導寺,2018-08-19,29992.0
Blue,忠孝新生,2018-08-19,36581.5
Blue,忠孝敦化,2018-08-19,58346.0
Blue,國父紀念館,2018-08-19,35147.0
Blue,市政府,2018-08-19,106568.0
Blue,永春,2018-08-19,27603.0
Blue,後山埤,2018-08-19,25050.0
Blue,昆陽,2018-08-19,16355.0
Blue,南港,2018-08-19,29679.0
Blue,忠孝復興,2018-08-19,56662.0
Blue,南港展覽館,2018-08-19,24522.0
Blue,台北車站,2018-08-20,155152.0
Blue,頂埔,2018-08-20,16257.0
Blue,永寧,2018-08-20,28658.0
Blue,土城,2018-08-20,14053.0
Blue,海山,2018-08-20,41507.0
Blue,亞東醫院,2018-08-20,45290.0
Blue,府中,2018-08-20,57804.0
Blue,板橋,2018-08-20,82082.0
Blue,新埔,2018-08-20,78927.0
Blue,江子翠,2018-08-20,51579.0
Blue,龍山寺,2018-08-20,57976.0
Blue,西門,2018-08-20,88763.0
Blue,善導寺,2018-08-20,40285.0
Blue,忠孝新生,2018-08-20,38164.5
Blue,忠孝敦化,2018-08-20,74131.0
Blue,國父紀念館,2018-08-20,46543.0
Blue,市政府,2018-08-20,126432.0
Blue,永春,2018-08-20,37129.0
Blue,後山埤,2018-08-20,32640.0
Blue,昆陽,2018-08-20,29956.0
Blue,南港,2018-08-20,34218.0
Blue,忠孝復興,2018-08-20,58553.5
Blue,南港展覽館,2018-08-20,34027.0
Blue,台北車站,2018-08-21,149487.0
Blue,頂埔,2018-08-21,16389.0
Blue,永寧,2018-08-21,28126.0
Blue,土城,2018-08-21,14484.0
Blue,海山,2018-08-21,42427.0
Blue,亞東醫院,2018-08-21,46278.0
Blue,府中,2018-08-21,58955.0
Blue,板橋,2018-08-21,81450.0
Blue,新埔,2018-08-21,80711.0
Blue,江子翠,2018-08-21,52348.0
Blue,龍山寺,2018-08-21,58378.0
Blue,西門,2018-08-21,86781.5
Blue,善導寺,2018-08-21,42121.0
Blue,忠孝新生,2018-08-21,38968.5
Blue,忠孝敦化,2018-08-21,76782.0
Blue,國父紀念館,2018-08-21,47365.0
Blue,市政府,2018-08-21,126003.0
Blue,永春,2018-08-21,38750.0
Blue,後山埤,2018-08-21,33172.0
Blue,昆陽,2018-08-21,29133.0
Blue,南港,2018-08-21,34203.0
Blue,忠孝復興,2018-08-21,59492.0
Blue,南港展覽館,2018-08-21,34281.0
Blue,台北車站,2018-08-22,152867.0
Blue,頂埔,2018-08-22,16855.0
Blue,永寧,2018-08-22,28672.0
Blue,土城,2018-08-22,15015.0
Blue,海山,2018-08-22,42381.0
Blue,亞東醫院,2018-08-22,46386.0
Blue,府中,2018-08-22,60080.0
Blue,板橋,2018-08-22,82949.0
Blue,新埔,2018-08-22,83643.0
Blue,江子翠,2018-08-22,53433.0
Blue,龍山寺,2018-08-22,58952.0
Blue,西門,2018-08-22,87495.0
Blue,善導寺,2018-08-22,46493.0
Blue,忠孝新生,2018-08-22,38410.0
Blue,忠孝敦化,2018-08-22,77613.0
Blue,國父紀念館,2018-08-22,48643.0
Blue,市政府,2018-08-22,128442.0
Blue,永春,2018-08-22,39571.0
Blue,後山埤,2018-08-22,34071.0
Blue,昆陽,2018-08-22,29383.0
Blue,南港,2018-08-22,34670.0
Blue,忠孝復興,2018-08-22,61346.5
Blue,南港展覽館,2018-08-22,34957.0
Blue,台北車站,2018-08-23,150608.5
Blue,頂埔,2018-08-23,17167.0
Blue,永寧,2018-08-23,28703.0
Blue,土城,2018-08-23,14819.0
Blue,海山,2018-08-23,44886.0
Blue,亞東醫院,2018-08-23,46371.0
Blue,府中,2018-08-23,58888.0
Blue,板橋,2018-08-23,82784.0
Blue,新埔,2018-08-23,82141.0
Blue,江子翠,2018-08-23,54179.0
Blue,龍山寺,2018-08-23,58661.0
Blue,西門,2018-08-23,85972.0
Blue,善導寺,2018-08-23,45648.0
Blue,忠孝新生,2018-08-23,38988.0
Blue,忠孝敦化,2018-08-23,79135.0
Blue,國父紀念館,2018-08-23,49346.0
Blue,市政府,2018-08-23,127859.0
Blue,永春,2018-08-23,40906.0
Blue,後山埤,2018-08-23,33414.0
Blue,昆陽,2018-08-23,30163.0
Blue,南港,2018-08-23,35615.0
Blue,忠孝復興,2018-08-23,61023.5
Blue,南港展覽館,2018-08-23,35065.5
Blue,台北車站,2018-08-24,169371.0
Blue,頂埔,2018-08-24,17819.0
Blue,永寧,2018-08-24,29817.0
Blue,土城,2018-08-24,15223.0
Blue,海山,2018-08-24,46524.0
Blue,亞東醫院,2018-08-24,46389.0
Blue,府中,2018-08-24,61655.0
Blue,板橋,2018-08-24,91187.0
Blue,新埔,2018-08-24,84278.0
Blue,江子翠,2018-08-24,54908.0
Blue,龍山寺,2018-08-24,60605.0
Blue,西門,2018-08-24,94305.0
Blue,善導寺,2018-08-24,45223.0
Blue,忠孝新生,2018-08-24,41117.5
Blue,忠孝敦化,2018-08-24,85905.0
Blue,國父紀念館,2018-08-24,50812.0
Blue,市政府,2018-08-24,142507.0
Blue,永春,2018-08-24,40798.0
Blue,後山埤,2018-08-24,35206.0
Blue,昆陽,2018-08-24,30293.0
Blue,南港,2018-08-24,38670.0
Blue,忠孝復興,2018-08-24,66847.0
Blue,南港展覽館,2018-08-24,37247.5
Blue,台北車站,2018-08-25,157165.0
Blue,頂埔,2018-08-25,12061.0
Blue,永寧,2018-08-25,21971.0
Blue,土城,2018-08-25,11411.0
Blue,海山,2018-08-25,33445.0
Blue,亞東醫院,2018-08-25,30610.0
Blue,府中,2018-08-25,51742.0
Blue,板橋,2018-08-25,72610.0
Blue,新埔,2018-08-25,61173.0
Blue,江子翠,2018-08-25,40317.0
Blue,龍山寺,2018-08-25,54521.0
Blue,西門,2018-08-25,94452.5
Blue,善導寺,2018-08-25,31235.0
Blue,忠孝新生,2018-08-25,39138.0
Blue,忠孝敦化,2018-08-25,68893.0
Blue,國父紀念館,2018-08-25,37117.0
Blue,市政府,2018-08-25,106652.0
Blue,永春,2018-08-25,28539.0
Blue,後山埤,2018-08-25,27418.0
Blue,昆陽,2018-08-25,17796.0
Blue,南港,2018-08-25,27265.0
Blue,忠孝復興,2018-08-25,60812.0
Blue,南港展覽館,2018-08-25,21009.0
Blue,台北車站,2018-08-26,165409.5
Blue,頂埔,2018-08-26,11830.0
Blue,永寧,2018-08-26,23313.0
Blue,土城,2018-08-26,11234.0
Blue,海山,2018-08-26,29698.0
Blue,亞東醫院,2018-08-26,27327.0
Blue,府中,2018-08-26,48132.0
Blue,板橋,2018-08-26,74944.0
Blue,新埔,2018-08-26,56428.0
Blue,江子翠,2018-08-26,36997.0
Blue,龍山寺,2018-08-26,49979.0
Blue,西門,2018-08-26,92041.0
Blue,善導寺,2018-08-26,26069.0
Blue,忠孝新生,2018-08-26,35365.5
Blue,忠孝敦化,2018-08-26,58086.0
Blue,國父紀念館,2018-08-26,33153.0
Blue,市政府,2018-08-26,105270.0
Blue,永春,2018-08-26,25837.0
Blue,後山埤,2018-08-26,24909.0
Blue,昆陽,2018-08-26,16335.0
Blue,南港,2018-08-26,26908.0
Blue,忠孝復興,2018-08-26,53684.5
Blue,南港展覽館,2018-08-26,19629.5
Blue,台北車站,2018-08-27,154407.5
Blue,頂埔,2018-08-27,16307.0
Blue,永寧,2018-08-27,28473.0
Blue,土城,2018-08-27,14256.0
Blue,海山,2018-08-27,43812.0
Blue,亞東醫院,2018-08-27,45526.0
Blue,府中,2018-08-27,56648.0
Blue,板橋,2018-08-27,82507.0
Blue,新埔,2018-08-27,80791.0
Blue,江子翠,2018-08-27,51717.0
Blue,龍山寺,2018-08-27,58092.0
Blue,西門,2018-08-27,88451.0
Blue,善導寺,2018-08-27,38728.0
Blue,忠孝新生,2018-08-27,37442.0
Blue,忠孝敦化,2018-08-27,75375.0
Blue,國父紀念館,2018-08-27,45649.0
Blue,市政府,2018-08-27,125802.0
Blue,永春,2018-08-27,36382.0
Blue,後山埤,2018-08-27,32720.0
Blue,昆陽,2018-08-27,29350.0
Blue,南港,2018-08-27,33290.0
Blue,忠孝復興,2018-08-27,58478.0
Blue,南港展覽館,2018-08-27,34151.0
Blue,台北車站,2018-08-28,149787.0
Blue,頂埔,2018-08-28,16655.0
Blue,永寧,2018-08-28,28019.0
Blue,土城,2018-08-28,14295.0
Blue,海山,2018-08-28,44108.0
Blue,亞東醫院,2018-08-28,46477.0
Blue,府中,2018-08-28,58948.0
Blue,板橋,2018-08-28,82366.0
Blue,新埔,2018-08-28,81915.0
Blue,江子翠,2018-08-28,52622.0
Blue,龍山寺,2018-08-28,57035.0
Blue,西門,2018-08-28,87153.0
Blue,善導寺,2018-08-28,41257.0
Blue,忠孝新生,2018-08-28,37833.5
Blue,忠孝敦化,2018-08-28,77082.0
Blue,國父紀念館,2018-08-28,47026.0
Blue,市政府,2018-08-28,125932.0
Blue,永春,2018-08-28,38395.0
Blue,後山埤,2018-08-28,32737.0
Blue,昆陽,2018-08-28,29400.0
Blue,南港,2018-08-28,33947.0
Blue,忠孝復興,2018-08-28,60106.0
Blue,南港展覽館,2018-08-28,36076.5
Blue,台北車站,2018-08-29,147078.0
Blue,頂埔,2018-08-29,16763.0
Blue,永寧,2018-08-29,27861.0
Blue,土城,2018-08-29,14283.0
Blue,海山,2018-08-29,43229.0
Blue,亞東醫院,2018-08-29,45752.0
Blue,府中,2018-08-29,58579.0
Blue,板橋,2018-08-29,81196.0
Blue,新埔,2018-08-29,81946.0
Blue,江子翠,2018-08-29,53383.0
Blue,龍山寺,2018-08-29,56718.0
Blue,西門,2018-08-29,85036.5
Blue,善導寺,2018-08-29,42520.0
Blue,忠孝新生,2018-08-29,38410.5
Blue,忠孝敦化,2018-08-29,77622.0
Blue,國父紀念館,2018-08-29,46989.0
Blue,市政府,2018-08-29,125035.0
Blue,永春,2018-08-29,38320.0
Blue,後山埤,2018-08-29,33205.0
Blue,昆陽,2018-08-29,29693.0
Blue,南港,2018-08-29,37485.0
Blue,忠孝復興,2018-08-29,59608.5
Blue,南港展覽館,2018-08-29,46186.0
Blue,台北車站,2018-08-30,141489.5
Blue,頂埔,2018-08-30,16513.0
Blue,永寧,2018-08-30,27742.0
Blue,土城,2018-08-30,13840.0
Blue,海山,2018-08-30,43458.0
Blue,亞東醫院,2018-08-30,45406.0
Blue,府中,2018-08-30,57348.0
Blue,板橋,2018-08-30,80423.0
Blue,新埔,2018-08-30,81671.0
Blue,江子翠,2018-08-30,53242.0
Blue,龍山寺,2018-08-30,55595.0
Blue,西門,2018-08-30,78586.5
Blue,善導寺,2018-08-30,44525.0
Blue,忠孝新生,2018-08-30,37447.5
Blue,忠孝敦化,2018-08-30,74941.0
Blue,國父紀念館,2018-08-30,46804.0
Blue,市政府,2018-08-30,123853.0
Blue,永春,2018-08-30,41922.0
Blue,後山埤,2018-08-30,33093.0
Blue,昆陽,2018-08-30,30946.0
Blue,南港,2018-08-30,41367.0
Blue,忠孝復興,2018-08-30,59393.0
Blue,南港展覽館,2018-08-30,47577.5
Blue,台北車站,2018-08-31,165340.5
Blue,頂埔,2018-08-31,17707.0
Blue,永寧,2018-08-31,29940.0
Blue,土城,2018-08-31,15051.0
Blue,海山,2018-08-31,45833.0
Blue,亞東醫院,2018-08-31,47242.0
Blue,府中,2018-08-31,62612.0
Blue,板橋,2018-08-31,88329.0
Blue,新埔,2018-08-31,84701.0
Blue,江子翠,2018-08-31,55819.0
Blue,龍山寺,2018-08-31,61216.0
Blue,西門,2018-08-31,89490.5
Blue,善導寺,2018-08-31,45739.0
Blue,忠孝新生,2018-08-31,41364.5
Blue,忠孝敦化,2018-08-31,84348.0
Blue,國父紀念館,2018-08-31,50904.0
Blue,市政府,2018-08-31,140826.0
Blue,永春,2018-08-31,44548.0
Blue,後山埤,2018-08-31,35890.0
Blue,昆陽,2018-08-31,32061.0
Blue,南港,2018-08-31,46502.0
Blue,忠孝復興,2018-08-31,65752.0
Blue,南港展覽館,2018-08-31,51439.0
Blue,台北車站,2018-09-01,171779.5
Blue,頂埔,2018-09-01,13185.0
Blue,永寧,2018-09-01,26104.0
Blue,土城,2018-09-01,12266.0
Blue,海山,2018-09-01,35668.0
Blue,亞東醫院,2018-09-01,34421.0
Blue,府中,2018-09-01,56473.0
Blue,板橋,2018-09-01,82462.0
Blue,新埔,2018-09-01,65343.0
Blue,江子翠,2018-09-01,43938.0
Blue,龍山寺,2018-09-01,57617.0
Blue,西門,2018-09-01,97242.0
Blue,善導寺,2018-09-01,29666.0
Blue,忠孝新生,2018-09-01,44046.5
Blue,忠孝敦化,2018-09-01,73260.0
Blue,國父紀念館,2018-09-01,39243.0
Blue,市政府,2018-09-01,116198.0
Blue,永春,2018-09-01,30973.0
Blue,後山埤,2018-09-01,28968.0
Blue,昆陽,2018-09-01,19091.0
Blue,南港,2018-09-01,30347.0
Blue,忠孝復興,2018-09-01,65428.5
Blue,南港展覽館,2018-09-01,33016.5
Blue,台北車站,2018-09-02,151235.5
Blue,頂埔,2018-09-02,11875.0
Blue,永寧,2018-09-02,22765.0
Blue,土城,2018-09-02,10378.0
Blue,海山,2018-09-02,30971.0
Blue,亞東醫院,2018-09-02,27916.0
Blue,府中,2018-09-02,46671.0
Blue,板橋,2018-09-02,70505.0
Blue,新埔,2018-09-02,56079.0
Blue,江子翠,2018-09-02,36559.0
Blue,龍山寺,2018-09-02,50961.0
Blue,西門,2018-09-02,83678.5
Blue,善導寺,2018-09-02,26898.0
Blue,忠孝新生,2018-09-02,35855.0
Blue,忠孝敦化,2018-09-02,56048.0
Blue,國父紀念館,2018-09-02,30627.0
Blue,市政府,2018-09-02,98904.0
Blue,永春,2018-09-02,25581.0
Blue,後山埤,2018-09-02,23966.0
Blue,昆陽,2018-09-02,15880.0
Blue,南港,2018-09-02,25463.0
Blue,忠孝復興,2018-09-02,51087.5
Blue,南港展覽館,2018-09-02,19525.5
Blue,台北車站,2018-09-03,141830.5
Blue,頂埔,2018-09-03,16680.0
Blue,永寧,2018-09-03,28825.0
Blue,土城,2018-09-03,14474.0
Blue,海山,2018-09-03,43475.0
Blue,亞東醫院,2018-09-03,45857.0
Blue,府中,2018-09-03,56851.0
Blue,板橋,2018-09-03,78092.0
Blue,新埔,2018-09-03,80378.0
Blue,江子翠,2018-09-03,51973.0
Blue,龍山寺,2018-09-03,58790.0
Blue,西門,2018-09-03,77551.5
Blue,善導寺,2018-09-03,41447.0
Blue,忠孝新生,2018-09-03,37371.5
Blue,忠孝敦化,2018-09-03,71503.0
Blue,國父紀念館,2018-09-03,42899.0
Blue,市政府,2018-09-03,120498.0
Blue,永春,2018-09-03,40633.0
Blue,後山埤,2018-09-03,33116.0
Blue,昆陽,2018-09-03,30134.0
Blue,南港,2018-09-03,33936.0
Blue,忠孝復興,2018-09-03,54449.0
Blue,南港展覽館,2018-09-03,34524.5
Blue,台北車站,2018-09-04,134942.0
Blue,頂埔,2018-09-04,16302.0
Blue,永寧,2018-09-04,28246.0
Blue,土城,2018-09-04,14216.0
Blue,海山,2018-09-04,43595.0
Blue,亞東醫院,2018-09-04,46619.0
Blue,府中,2018-09-04,58112.0
Blue,板橋,2018-09-04,77828.0
Blue,新埔,2018-09-04,81806.0
Blue,江子翠,2018-09-04,52730.0
Blue,龍山寺,2018-09-04,57447.0
Blue,西門,2018-09-04,74291.0
Blue,善導寺,2018-09-04,43858.0
Blue,忠孝新生,2018-09-04,38046.0
Blue,忠孝敦化,2018-09-04,72475.0
Blue,國父紀念館,2018-09-04,44682.0
Blue,市政府,2018-09-04,118635.0
Blue,永春,2018-09-04,41753.0
Blue,後山埤,2018-09-04,33716.0
Blue,昆陽,2018-09-04,29459.0
Blue,南港,2018-09-04,34660.0
Blue,忠孝復興,2018-09-04,55516.0
Blue,南港展覽館,2018-09-04,35610.5
Blue,台北車站,2018-09-05,137458.0
Blue,頂埔,2018-09-05,16701.0
Blue,永寧,2018-09-05,28567.0
Blue,土城,2018-09-05,14476.0
Blue,海山,2018-09-05,44012.0
Blue,亞東醫院,2018-09-05,46983.0
Blue,府中,2018-09-05,58668.0
Blue,板橋,2018-09-05,79344.0
Blue,新埔,2018-09-05,81354.0
Blue,江子翠,2018-09-05,53246.0
Blue,龍山寺,2018-09-05,58050.0
Blue,西門,2018-09-05,75852.0
Blue,善導寺,2018-09-05,45091.0
Blue,忠孝新生,2018-09-05,37363.5
Blue,忠孝敦化,2018-09-05,74719.0
Blue,國父紀念館,2018-09-05,45415.0
Blue,市政府,2018-09-05,121784.0
Blue,永春,2018-09-05,42070.0
Blue,後山埤,2018-09-05,33759.0
Blue,昆陽,2018-09-05,29775.0
Blue,南港,2018-09-05,40819.0
Blue,忠孝復興,2018-09-05,56306.5
Blue,南港展覽館,2018-09-05,46879.5
Blue,台北車站,2018-09-06,143627.0
Blue,頂埔,2018-09-06,16586.0
Blue,永寧,2018-09-06,28674.0
Blue,土城,2018-09-06,14247.0
Blue,海山,2018-09-06,43799.0
Blue,亞東醫院,2018-09-06,47504.0
Blue,府中,2018-09-06,58268.0
Blue,板橋,2018-09-06,80593.0
Blue,新埔,2018-09-06,81929.0
Blue,江子翠,2018-09-06,53623.0
Blue,龍山寺,2018-09-06,57939.0
Blue,西門,2018-09-06,79523.5
Blue,善導寺,2018-09-06,45265.0
Blue,忠孝新生,2018-09-06,37907.5
Blue,忠孝敦化,2018-09-06,76305.0
Blue,國父紀念館,2018-09-06,45627.0
Blue,市政府,2018-09-06,125337.0
Blue,永春,2018-09-06,42464.0
Blue,後山埤,2018-09-06,33999.0
Blue,昆陽,2018-09-06,31161.0
Blue,南港,2018-09-06,42627.0
Blue,忠孝復興,2018-09-06,59711.5
Blue,南港展覽館,2018-09-06,49100.5
Blue,台北車站,2018-09-07,170062.0
Blue,頂埔,2018-09-07,17516.0
Blue,永寧,2018-09-07,30881.0
Blue,土城,2018-09-07,14905.0
Blue,海山,2018-09-07,46104.0
Blue,亞東醫院,2018-09-07,48589.0
Blue,府中,2018-09-07,61688.0
Blue,板橋,2018-09-07,90270.0
Blue,新埔,2018-09-07,84903.0
Blue,江子翠,2018-09-07,55791.0
Blue,龍山寺,2018-09-07,60434.0
Blue,西門,2018-09-07,87992.0
Blue,善導寺,2018-09-07,47172.0
Blue,忠孝新生,2018-09-07,41611.0
Blue,忠孝敦化,2018-09-07,83031.0
Blue,國父紀念館,2018-09-07,50304.0
Blue,市政府,2018-09-07,137611.0
Blue,永春,2018-09-07,43964.0
Blue,後山埤,2018-09-07,36052.0
Blue,昆陽,2018-09-07,31981.0
Blue,南港,2018-09-07,46982.0
Blue,忠孝復興,2018-09-07,65905.5
Blue,南港展覽館,2018-09-07,49922.5
Blue,台北車站,2018-09-08,179812.0
Blue,頂埔,2018-09-08,13060.0
Blue,永寧,2018-09-08,26188.0
Blue,土城,2018-09-08,12334.0
Blue,海山,2018-09-08,35647.0
Blue,亞東醫院,2018-09-08,33947.0
Blue,府中,2018-09-08,55956.0
Blue,板橋,2018-09-08,83747.0
Blue,新埔,2018-09-08,66498.0
Blue,江子翠,2018-09-08,42984.0
Blue,龍山寺,2018-09-08,54964.0
Blue,西門,2018-09-08,97352.0
Blue,善導寺,2018-09-08,30361.0
Blue,忠孝新生,2018-09-08,41846.5
Blue,忠孝敦化,2018-09-08,71667.0
Blue,國父紀念館,2018-09-08,42331.0
Blue,市政府,2018-09-08,116336.0
Blue,永春,2018-09-08,30245.0
Blue,後山埤,2018-09-08,27832.0
Blue,昆陽,2018-09-08,18375.0
Blue,南港,2018-09-08,29327.0
Blue,忠孝復興,2018-09-08,68315.5
Blue,南港展覽館,2018-09-08,23364.5
Blue,台北車站,2018-09-09,153751.0
Blue,頂埔,2018-09-09,10940.0
Blue,永寧,2018-09-09,25496.0
Blue,土城,2018-09-09,9910.0
Blue,海山,2018-09-09,28026.0
Blue,亞東醫院,2018-09-09,24938.0
Blue,府中,2018-09-09,45207.0
Blue,板橋,2018-09-09,68424.0
Blue,新埔,2018-09-09,53448.0
Blue,江子翠,2018-09-09,33881.0
Blue,龍山寺,2018-09-09,45417.0
Blue,西門,2018-09-09,79846.5
Blue,善導寺,2018-09-09,24624.0
Blue,忠孝新生,2018-09-09,33574.0
Blue,忠孝敦化,2018-09-09,53989.0
Blue,國父紀念館,2018-09-09,32380.0
Blue,市政府,2018-09-09,91209.0
Blue,永春,2018-09-09,25506.0
Blue,後山埤,2018-09-09,22730.0
Blue,昆陽,2018-09-09,15280.0
Blue,南港,2018-09-09,24596.0
Blue,忠孝復興,2018-09-09,49978.5
Blue,南港展覽館,2018-09-09,18259.5
Blue,台北車站,2018-09-10,140225.5
Blue,頂埔,2018-09-10,16586.0
Blue,永寧,2018-09-10,26085.0
Blue,土城,2018-09-10,14583.0
Blue,海山,2018-09-10,44278.0
Blue,亞東醫院,2018-09-10,49042.0
Blue,府中,2018-09-10,58738.0
Blue,板橋,2018-09-10,80361.0
Blue,新埔,2018-09-10,82240.0
Blue,江子翠,2018-09-10,52374.0
Blue,龍山寺,2018-09-10,61504.0
Blue,西門,2018-09-10,75767.5
Blue,善導寺,2018-09-10,42213.0
Blue,忠孝新生,2018-09-10,38493.0
Blue,忠孝敦化,2018-09-10,71385.0
Blue,國父紀念館,2018-09-10,42793.0
Blue,市政府,2018-09-10,119651.0
Blue,永春,2018-09-10,42541.0
Blue,後山埤,2018-09-10,33837.0
Blue,昆陽,2018-09-10,30315.0
Blue,南港,2018-09-10,34038.0
Blue,忠孝復興,2018-09-10,54976.5
Blue,南港展覽館,2018-09-10,32697.5
Blue,台北車站,2018-09-11,133439.0
Blue,頂埔,2018-09-11,16891.0
Blue,永寧,2018-09-11,26667.0
Blue,土城,2018-09-11,14578.0
Blue,海山,2018-09-11,44983.0
Blue,亞東醫院,2018-09-11,49683.0
Blue,府中,2018-09-11,59821.0
Blue,板橋,2018-09-11,79295.0
Blue,新埔,2018-09-11,83659.0
Blue,江子翠,2018-09-11,53616.0
Blue,龍山寺,2018-09-11,60444.0
Blue,西門,2018-09-11,76160.0
Blue,善導寺,2018-09-11,44012.0
Blue,忠孝新生,2018-09-11,39237.0
Blue,忠孝敦化,2018-09-11,72520.0
Blue,國父紀念館,2018-09-11,43542.0
Blue,市政府,2018-09-11,118344.0
Blue,永春,2018-09-11,42448.0
Blue,後山埤,2018-09-11,33346.0
Blue,昆陽,2018-09-11,30005.0
Blue,南港,2018-09-11,33813.0
Blue,忠孝復興,2018-09-11,55699.0
Blue,南港展覽館,2018-09-11,33952.5
Blue,台北車站,2018-09-12,136029.5
Blue,頂埔,2018-09-12,17080.0
Blue,永寧,2018-09-12,26684.0
Blue,土城,2018-09-12,15032.0
Blue,海山,2018-09-12,44521.0
Blue,亞東醫院,2018-09-12,50037.0
Blue,府中,2018-09-12,60488.0
Blue,板橋,2018-09-12,79562.0
Blue,新埔,2018-09-12,83568.0
Blue,江子翠,2018-09-12,53901.0
Blue,龍山寺,2018-09-12,60276.0
Blue,西門,2018-09-12,76937.0
Blue,善導寺,2018-09-12,45538.0
Blue,忠孝新生,2018-09-12,39351.0
Blue,忠孝敦化,2018-09-12,74429.0
Blue,國父紀念館,2018-09-12,44840.0
Blue,市政府,2018-09-12,121296.0
Blue,永春,2018-09-12,42503.0
Blue,後山埤,2018-09-12,33645.0
Blue,昆陽,2018-09-12,29949.0
Blue,南港,2018-09-12,34468.0
Blue,忠孝復興,2018-09-12,56951.0
Blue,南港展覽館,2018-09-12,34608.5
Blue,台北車站,2018-09-13,136540.0
Blue,頂埔,2018-09-13,17055.0
Blue,永寧,2018-09-13,26427.0
Blue,土城,2018-09-13,14602.0
Blue,海山,2018-09-13,45167.0
Blue,亞東醫院,2018-09-13,49649.0
Blue,府中,2018-09-13,59785.0
Blue,板橋,2018-09-13,80545.0
Blue,新埔,2018-09-13,83212.0
Blue,江子翠,2018-09-13,54383.0
Blue,龍山寺,2018-09-13,59230.0
Blue,西門,2018-09-13,77206.5
Blue,善導寺,2018-09-13,46693.0
Blue,忠孝新生,2018-09-13,38963.5
Blue,忠孝敦化,2018-09-13,73296.0
Blue,國父紀念館,2018-09-13,44875.0
Blue,市政府,2018-09-13,122912.0
Blue,永春,2018-09-13,42396.0
Blue,後山埤,2018-09-13,33702.0
Blue,昆陽,2018-09-13,30976.0
Blue,南港,2018-09-13,34754.0
Blue,忠孝復興,2018-09-13,58076.5
Blue,南港展覽館,2018-09-13,35721.0
Blue,台北車站,2018-09-14,163871.5
Blue,頂埔,2018-09-14,17689.0
Blue,永寧,2018-09-14,28866.0
Blue,土城,2018-09-14,15508.0
Blue,海山,2018-09-14,47231.0
Blue,亞東醫院,2018-09-14,50652.0
Blue,府中,2018-09-14,63759.0
Blue,板橋,2018-09-14,89792.0
Blue,新埔,2018-09-14,90025.0
Blue,江子翠,2018-09-14,56400.0
Blue,龍山寺,2018-09-14,62475.0
Blue,西門,2018-09-14,89541.0
Blue,善導寺,2018-09-14,48348.0
Blue,忠孝新生,2018-09-14,44735.0
Blue,忠孝敦化,2018-09-14,82909.0
Blue,國父紀念館,2018-09-14,49786.0
Blue,市政府,2018-09-14,137649.0
Blue,永春,2018-09-14,45472.0
Blue,後山埤,2018-09-14,35597.0
Blue,昆陽,2018-09-14,31760.0
Blue,南港,2018-09-14,39548.0
Blue,忠孝復興,2018-09-14,65105.5
Blue,南港展覽館,2018-09-14,37352.0
Blue,台北車站,2018-09-15,170363.0
Blue,頂埔,2018-09-15,13073.0
Blue,永寧,2018-09-15,22152.0
Blue,土城,2018-09-15,12530.0
Blue,海山,2018-09-15,36717.0
Blue,亞東醫院,2018-09-15,34494.0
Blue,府中,2018-09-15,57861.0
Blue,板橋,2018-09-15,82981.0
Blue,新埔,2018-09-15,68222.0
Blue,江子翠,2018-09-15,44006.0
Blue,龍山寺,2018-09-15,58414.0
Blue,西門,2018-09-15,97908.5
Blue,善導寺,2018-09-15,33571.0
Blue,忠孝新生,2018-09-15,41712.5
Blue,忠孝敦化,2018-09-15,72906.0
Blue,國父紀念館,2018-09-15,39059.0
Blue,市政府,2018-09-15,114929.0
Blue,永春,2018-09-15,33603.0
Blue,後山埤,2018-09-15,29174.0
Blue,昆陽,2018-09-15,18980.0
Blue,南港,2018-09-15,30314.0
Blue,忠孝復興,2018-09-15,65280.0
Blue,南港展覽館,2018-09-15,27653.0
Blue,台北車站,2018-09-16,157660.0
Blue,頂埔,2018-09-16,12506.0
Blue,永寧,2018-09-16,20253.0
Blue,土城,2018-09-16,10614.0
Blue,海山,2018-09-16,30740.0
Blue,亞東醫院,2018-09-16,28223.0
Blue,府中,2018-09-16,49280.0
Blue,板橋,2018-09-16,72731.0
Blue,新埔,2018-09-16,56765.0
Blue,江子翠,2018-09-16,37324.0
Blue,龍山寺,2018-09-16,54196.0
Blue,西門,2018-09-16,88987.0
Blue,善導寺,2018-09-16,26327.0
Blue,忠孝新生,2018-09-16,36156.5
Blue,忠孝敦化,2018-09-16,58187.0
Blue,國父紀念館,2018-09-16,33131.0
Blue,市政府,2018-09-16,99979.0
Blue,永春,2018-09-16,26662.0
Blue,後山埤,2018-09-16,25052.0
Blue,昆陽,2018-09-16,15958.0
Blue,南港,2018-09-16,24905.0
Blue,忠孝復興,2018-09-16,53839.0
Blue,南港展覽館,2018-09-16,20825.0
Blue,台北車站,2018-09-17,135543.0
Blue,頂埔,2018-09-17,16942.0
Blue,永寧,2018-09-17,26741.0
Blue,土城,2018-09-17,14568.0
Blue,海山,2018-09-17,44489.0
Blue,亞東醫院,2018-09-17,48643.0
Blue,府中,2018-09-17,58292.0
Blue,板橋,2018-09-17,77862.0
Blue,新埔,2018-09-17,84754.0
Blue,江子翠,2018-09-17,52522.0
Blue,龍山寺,2018-09-17,58430.0
Blue,西門,2018-09-17,73474.0
Blue,善導寺,2018-09-17,46444.0
Blue,忠孝新生,2018-09-17,36203.5
Blue,忠孝敦化,2018-09-17,69382.0
Blue,國父紀念館,2018-09-17,41398.0
Blue,市政府,2018-09-17,118751.0
Blue,永春,2018-09-17,40129.0
Blue,後山埤,2018-09-17,33048.0
Blue,昆陽,2018-09-17,30208.0
Blue,南港,2018-09-17,33954.0
Blue,忠孝復興,2018-09-17,53827.5
Blue,南港展覽館,2018-09-17,34218.5
Blue,台北車站,2018-09-18,132270.5
Blue,頂埔,2018-09-18,16790.0
Blue,永寧,2018-09-18,26830.0
Blue,土城,2018-09-18,14621.0
Blue,海山,2018-09-18,45523.0
Blue,亞東醫院,2018-09-18,50138.0
Blue,府中,2018-09-18,60089.0
Blue,板橋,2018-09-18,78915.0
Blue,新埔,2018-09-18,85628.0
Blue,江子翠,2018-09-18,53394.0
Blue,龍山寺,2018-09-18,58638.0
Blue,西門,2018-09-18,73729.0
Blue,善導寺,2018-09-18,49831.0
Blue,忠孝新生,2018-09-18,37393.5
Blue,忠孝敦化,2018-09-18,70866.0
Blue,國父紀念館,2018-09-18,43895.0
Blue,市政府,2018-09-18,119590.0
Blue,永春,2018-09-18,41580.0
Blue,後山埤,2018-09-18,33343.0
Blue,昆陽,2018-09-18,30207.0
Blue,南港,2018-09-18,34328.0
Blue,忠孝復興,2018-09-18,55591.0
Blue,南港展覽館,2018-09-18,34904.5
Blue,台北車站,2018-09-19,133618.0
Blue,頂埔,2018-09-19,17048.0
Blue,永寧,2018-09-19,26680.0
Blue,土城,2018-09-19,14874.0
Blue,海山,2018-09-19,45736.0
Blue,亞東醫院,2018-09-19,50047.0
Blue,府中,2018-09-19,60463.0
Blue,板橋,2018-09-19,80846.0
Blue,新埔,2018-09-19,87178.0
Blue,江子翠,2018-09-19,54663.0
Blue,龍山寺,2018-09-19,59085.0
Blue,西門,2018-09-19,74719.5
Blue,善導寺,2018-09-19,51324.0
Blue,忠孝新生,2018-09-19,37758.5
Blue,忠孝敦化,2018-09-19,72019.0
Blue,國父紀念館,2018-09-19,44970.0
Blue,市政府,2018-09-19,120996.0
Blue,永春,2018-09-19,42486.0
Blue,後山埤,2018-09-19,33805.0
Blue,昆陽,2018-09-19,30452.0
Blue,南港,2018-09-19,36247.0
Blue,忠孝復興,2018-09-19,56761.5
Blue,南港展覽館,2018-09-19,39030.0
Blue,台北車站,2018-09-20,138761.0
Blue,頂埔,2018-09-20,17277.0
Blue,永寧,2018-09-20,27145.0
Blue,土城,2018-09-20,14760.0
Blue,海山,2018-09-20,45628.0
Blue,亞東醫院,2018-09-20,49998.0
Blue,府中,2018-09-20,59961.0
Blue,板橋,2018-09-20,80157.0
Blue,新埔,2018-09-20,86676.0
Blue,江子翠,2018-09-20,54608.0
Blue,龍山寺,2018-09-20,58903.0
Blue,西門,2018-09-20,74547.5
Blue,善導寺,2018-09-20,49785.0
Blue,忠孝新生,2018-09-20,38144.5
Blue,忠孝敦化,2018-09-20,73255.0
Blue,國父紀念館,2018-09-20,45200.0
Blue,市政府,2018-09-20,123471.0
Blue,永春,2018-09-20,42519.0
Blue,後山埤,2018-09-20,33987.0
Blue,昆陽,2018-09-20,31623.0
Blue,南港,2018-09-20,37508.0
Blue,忠孝復興,2018-09-20,57232.5
Blue,南港展覽館,2018-09-20,42153.0
Blue,台北車站,2018-09-21,181376.5
Blue,頂埔,2018-09-21,18513.0
Blue,永寧,2018-09-21,30030.0
Blue,土城,2018-09-21,15861.0
Blue,海山,2018-09-21,48032.0
Blue,亞東醫院,2018-09-21,50822.0
Blue,府中,2018-09-21,64440.0
Blue,板橋,2018-09-21,93145.0
Blue,新埔,2018-09-21,89994.0
Blue,江子翠,2018-09-21,56553.0
Blue,龍山寺,2018-09-21,62356.0
Blue,西門,2018-09-21,87328.0
Blue,善導寺,2018-09-21,51389.0
Blue,忠孝新生,2018-09-21,43603.5
Blue,忠孝敦化,2018-09-21,80227.0
Blue,國父紀念館,2018-09-21,50801.0
Blue,市政府,2018-09-21,139480.0
Blue,永春,2018-09-21,45101.0
Blue,後山埤,2018-09-21,36334.0
Blue,昆陽,2018-09-21,32344.0
Blue,南港,2018-09-21,47744.0
Blue,忠孝復興,2018-09-21,64780.0
Blue,南港展覽館,2018-09-21,40119.5
Blue,台北車站,2018-09-22,165267.0
Blue,頂埔,2018-09-22,13482.0
Blue,永寧,2018-09-22,22383.0
Blue,土城,2018-09-22,12108.0
Blue,海山,2018-09-22,34974.0
Blue,亞東醫院,2018-09-22,32617.0
Blue,府中,2018-09-22,55407.0
Blue,板橋,2018-09-22,78507.0
Blue,新埔,2018-09-22,63036.0
Blue,江子翠,2018-09-22,42902.0
Blue,龍山寺,2018-09-22,57471.0
Blue,西門,2018-09-22,92405.0
Blue,善導寺,2018-09-22,28568.0
Blue,忠孝新生,2018-09-22,32549.5
Blue,忠孝敦化,2018-09-22,66147.0
Blue,國父紀念館,2018-09-22,35226.0
Blue,市政府,2018-09-22,103450.0
Blue,永春,2018-09-22,29564.0
Blue,後山埤,2018-09-22,27662.0
Blue,昆陽,2018-09-22,17804.0
Blue,南港,2018-09-22,30545.0
Blue,忠孝復興,2018-09-22,59648.0
Blue,南港展覽館,2018-09-22,22709.5
Blue,台北車站,2018-09-23,143416.0
Blue,頂埔,2018-09-23,12190.0
Blue,永寧,2018-09-23,19761.0
Blue,土城,2018-09-23,10747.0
Blue,海山,2018-09-23,30030.0
Blue,亞東醫院,2018-09-23,25782.0
Blue,府中,2018-09-23,45804.0
Blue,板橋,2018-09-23,69420.0
Blue,新埔,2018-09-23,52177.0
Blue,江子翠,2018-09-23,35036.0
Blue,龍山寺,2018-09-23,53934.0
Blue,西門,2018-09-23,85966.0
Blue,善導寺,2018-09-23,21857.0
Blue,忠孝新生,2018-09-23,28531.0
Blue,忠孝敦化,2018-09-23,53904.0
Blue,國父紀念館,2018-09-23,29151.0
Blue,市政府,2018-09-23,93025.0
Blue,永春,2018-09-23,24627.0
Blue,後山埤,2018-09-23,24212.0
Blue,昆陽,2018-09-23,15213.0
Blue,南港,2018-09-23,25707.0
Blue,忠孝復興,2018-09-23,49988.0
Blue,南港展覽館,2018-09-23,28236.0
Blue,台北車站,2018-09-24,144022.0
Blue,頂埔,2018-09-24,10996.0
Blue,永寧,2018-09-24,16623.0
Blue,土城,2018-09-24,9490.0
Blue,海山,2018-09-24,26561.0
Blue,亞東醫院,2018-09-24,22782.0
Blue,府中,2018-09-24,39413.0
Blue,板橋,2018-09-24,65952.0
Blue,新埔,2018-09-24,47523.0
Blue,江子翠,2018-09-24,31730.0
Blue,龍山寺,2018-09-24,49983.0
Blue,西門,2018-09-24,75263.5
Blue,善導寺,2018-09-24,16161.0
Blue,忠孝新生,2018-09-24,23892.5
Blue,忠孝敦化,2018-09-24,46730.0
Blue,國父紀念館,2018-09-24,23714.0
Blue,市政府,2018-09-24,86598.0
Blue,永春,2018-09-24,22262.0
Blue,後山埤,2018-09-24,21936.0
Blue,昆陽,2018-09-24,14108.0
Blue,南港,2018-09-24,25973.0
Blue,忠孝復興,2018-09-24,44568.0
Blue,南港展覽館,2018-09-24,16805.0
Blue,台北車站,2018-09-25,140473.0
Blue,頂埔,2018-09-25,17390.0
Blue,永寧,2018-09-25,26992.0
Blue,土城,2018-09-25,14665.0
Blue,海山,2018-09-25,44922.0
Blue,亞東醫院,2018-09-25,49859.0
Blue,府中,2018-09-25,58338.0
Blue,板橋,2018-09-25,80341.0
Blue,新埔,2018-09-25,84828.0
Blue,江子翠,2018-09-25,52930.0
Blue,龍山寺,2018-09-25,58783.0
Blue,西門,2018-09-25,73289.0
Blue,善導寺,2018-09-25,47832.0
Blue,忠孝新生,2018-09-25,36824.0
Blue,忠孝敦化,2018-09-25,69228.0
Blue,國父紀念館,2018-09-25,42619.0
Blue,市政府,2018-09-25,115467.0
Blue,永春,2018-09-25,41781.0
Blue,後山埤,2018-09-25,33156.0
Blue,昆陽,2018-09-25,29496.0
Blue,南港,2018-09-25,34642.0
Blue,忠孝復興,2018-09-25,53276.5
Blue,南港展覽館,2018-09-25,33403.5
Blue,台北車站,2018-09-26,136158.0
Blue,頂埔,2018-09-26,17033.0
Blue,永寧,2018-09-26,26257.0
Blue,土城,2018-09-26,14954.0
Blue,海山,2018-09-26,45882.0
Blue,亞東醫院,2018-09-26,50554.0
Blue,府中,2018-09-26,60324.0
Blue,板橋,2018-09-26,80739.0
Blue,新埔,2018-09-26,87665.0
Blue,江子翠,2018-09-26,54158.0
Blue,龍山寺,2018-09-26,58015.0
Blue,西門,2018-09-26,75275.0
Blue,善導寺,2018-09-26,53140.0
Blue,忠孝新生,2018-09-26,38194.5
Blue,忠孝敦化,2018-09-26,73597.0
Blue,國父紀念館,2018-09-26,46353.0
Blue,市政府,2018-09-26,124954.0
Blue,永春,2018-09-26,43311.0
Blue,後山埤,2018-09-26,34218.0
Blue,昆陽,2018-09-26,30951.0
Blue,南港,2018-09-26,35376.0
Blue,忠孝復興,2018-09-26,55988.5
Blue,南港展覽館,2018-09-26,34731.0
Blue,台北車站,2018-09-27,136138.5
Blue,頂埔,2018-09-27,17274.0
Blue,永寧,2018-09-27,26660.0
Blue,土城,2018-09-27,14783.0
Blue,海山,2018-09-27,45926.0
Blue,亞東醫院,2018-09-27,50798.0
Blue,府中,2018-09-27,61023.0
Blue,板橋,2018-09-27,81557.0
Blue,新埔,2018-09-27,88160.0
Blue,江子翠,2018-09-27,54712.0
Blue,龍山寺,2018-09-27,59078.0
Blue,西門,2018-09-27,76005.0
Blue,善導寺,2018-09-27,51526.0
Blue,忠孝新生,2018-09-27,38654.0
Blue,忠孝敦化,2018-09-27,73244.0
Blue,國父紀念館,2018-09-27,45321.0
Blue,市政府,2018-09-27,127215.0
Blue,永春,2018-09-27,43221.0
Blue,後山埤,2018-09-27,34237.0
Blue,昆陽,2018-09-27,32006.0
Blue,南港,2018-09-27,35584.0
Blue,忠孝復興,2018-09-27,56556.5
Blue,南港展覽館,2018-09-27,34854.0
Blue,台北車站,2018-09-28,162963.0
Blue,頂埔,2018-09-28,18194.0
Blue,永寧,2018-09-28,28252.0
Blue,土城,2018-09-28,15231.0
Blue,海山,2018-09-28,47407.0
Blue,亞東醫院,2018-09-28,52003.0
Blue,府中,2018-09-28,64646.0
Blue,板橋,2018-09-28,90710.0
Blue,新埔,2018-09-28,91061.0
Blue,江子翠,2018-09-28,56520.0
Blue,龍山寺,2018-09-28,61329.0
Blue,西門,2018-09-28,85895.5
Blue,善導寺,2018-09-28,52841.0
Blue,忠孝新生,2018-09-28,43096.0
Blue,忠孝敦化,2018-09-28,83571.0
Blue,國父紀念館,2018-09-28,50254.0
Blue,市政府,2018-09-28,141230.0
Blue,永春,2018-09-28,45784.0
Blue,後山埤,2018-09-28,36169.0
Blue,昆陽,2018-09-28,32538.0
Blue,南港,2018-09-28,39937.0
Blue,忠孝復興,2018-09-28,63983.0
Blue,南港展覽館,2018-09-28,36020.0
Blue,台北車站,2018-09-29,164998.5
Blue,頂埔,2018-09-29,13306.0
Blue,永寧,2018-09-29,21651.0
Blue,土城,2018-09-29,12331.0
Blue,海山,2018-09-29,36036.0
Blue,亞東醫院,2018-09-29,34988.0
Blue,府中,2018-09-29,59255.0
Blue,板橋,2018-09-29,78090.0
Blue,新埔,2018-09-29,68873.0
Blue,江子翠,2018-09-29,43966.0
Blue,龍山寺,2018-09-29,60264.0
Blue,西門,2018-09-29,103000.5
Blue,善導寺,2018-09-29,33756.0
Blue,忠孝新生,2018-09-29,39797.5
Blue,忠孝敦化,2018-09-29,75435.0
Blue,國父紀念館,2018-09-29,43265.0
Blue,市政府,2018-09-29,116274.0
Blue,永春,2018-09-29,31281.0
Blue,後山埤,2018-09-29,29747.0
Blue,昆陽,2018-09-29,19639.0
Blue,南港,2018-09-29,27867.0
Blue,忠孝復興,2018-09-29,64153.5
Blue,南港展覽館,2018-09-29,24902.5
Blue,台北車站,2018-09-30,160151.5
Blue,頂埔,2018-09-30,12447.0
Blue,永寧,2018-09-30,21517.0
Blue,土城,2018-09-30,11357.0
Blue,海山,2018-09-30,31981.0
Blue,亞東醫院,2018-09-30,29526.0
Blue,府中,2018-09-30,52109.0
Blue,板橋,2018-09-30,82366.0
Blue,新埔,2018-09-30,59965.0
Blue,江子翠,2018-09-30,38749.0
Blue,龍山寺,2018-09-30,56349.0
Blue,西門,2018-09-30,87164.0
Blue,善導寺,2018-09-30,27811.0
Blue,忠孝新生,2018-09-30,34243.0
Blue,忠孝敦化,2018-09-30,57148.0
Blue,國父紀念館,2018-09-30,34147.0
Blue,市政府,2018-09-30,103363.0
Blue,永春,2018-09-30,28410.0
Blue,後山埤,2018-09-30,26095.0
Blue,昆陽,2018-09-30,17368.0
Blue,南港,2018-09-30,26949.0
Blue,忠孝復興,2018-09-30,52742.5
Blue,南港展覽館,2018-09-30,20255.5
Blue,台北車站,2018-10-01,132780.5
Blue,頂埔,2018-10-01,17241.0
Blue,永寧,2018-10-01,26502.0
Blue,土城,2018-10-01,14534.0
Blue,海山,2018-10-01,45083.0
Blue,亞東醫院,2018-10-01,49687.0
Blue,府中,2018-10-01,57972.0
Blue,板橋,2018-10-01,77730.0
Blue,新埔,2018-10-01,84311.0
Blue,江子翠,2018-10-01,52693.0
Blue,龍山寺,2018-10-01,59776.0
Blue,西門,2018-10-01,74212.0
Blue,善導寺,2018-10-01,45794.0
Blue,忠孝新生,2018-10-01,36397.0
Blue,忠孝敦化,2018-10-01,69467.0
Blue,國父紀念館,2018-10-01,41776.0
Blue,市政府,2018-10-01,118753.0
Blue,永春,2018-10-01,40664.0
Blue,後山埤,2018-10-01,33027.0
Blue,昆陽,2018-10-01,30179.0
Blue,南港,2018-10-01,34275.0
Blue,忠孝復興,2018-10-01,52844.5
Blue,南港展覽館,2018-10-01,33522.5
Blue,台北車站,2018-10-02,129198.0
Blue,頂埔,2018-10-02,17704.0
Blue,永寧,2018-10-02,26444.0
Blue,土城,2018-10-02,14728.0
Blue,海山,2018-10-02,45892.0
Blue,亞東醫院,2018-10-02,51140.0
Blue,府中,2018-10-02,59772.0
Blue,板橋,2018-10-02,77882.0
Blue,新埔,2018-10-02,86543.0
Blue,江子翠,2018-10-02,53708.0
Blue,龍山寺,2018-10-02,60932.0
Blue,西門,2018-10-02,75740.0
Blue,善導寺,2018-10-02,49194.0
Blue,忠孝新生,2018-10-02,37333.0
Blue,忠孝敦化,2018-10-02,71568.0
Blue,國父紀念館,2018-10-02,44492.0
Blue,市政府,2018-10-02,118981.0
Blue,永春,2018-10-02,42410.0
Blue,後山埤,2018-10-02,33718.0
Blue,昆陽,2018-10-02,30236.0
Blue,南港,2018-10-02,34689.0
Blue,忠孝復興,2018-10-02,56877.0
Blue,南港展覽館,2018-10-02,34276.0
Blue,台北車站,2018-10-03,133371.5
Blue,頂埔,2018-10-03,17486.0
Blue,永寧,2018-10-03,26986.0
Blue,土城,2018-10-03,15118.0
Blue,海山,2018-10-03,45957.0
Blue,亞東醫院,2018-10-03,51431.0
Blue,府中,2018-10-03,60251.0
Blue,板橋,2018-10-03,81475.0
Blue,新埔,2018-10-03,87436.0
Blue,江子翠,2018-10-03,54619.0
Blue,龍山寺,2018-10-03,61141.0
Blue,西門,2018-10-03,79796.5
Blue,善導寺,2018-10-03,51359.0
Blue,忠孝新生,2018-10-03,38315.5
Blue,忠孝敦化,2018-10-03,74601.0
Blue,國父紀念館,2018-10-03,45559.0
Blue,市政府,2018-10-03,123273.0
Blue,永春,2018-10-03,43205.0
Blue,後山埤,2018-10-03,34229.0
Blue,昆陽,2018-10-03,30824.0
Blue,南港,2018-10-03,35184.0
Blue,忠孝復興,2018-10-03,57279.0
Blue,南港展覽館,2018-10-03,35045.5
Blue,台北車站,2018-10-04,134896.0
Blue,頂埔,2018-10-04,17147.0
Blue,永寧,2018-10-04,26298.0
Blue,土城,2018-10-04,14596.0
Blue,海山,2018-10-04,46142.0
Blue,亞東醫院,2018-10-04,50686.0
Blue,府中,2018-10-04,59505.0
Blue,板橋,2018-10-04,82264.0
Blue,新埔,2018-10-04,87944.0
Blue,江子翠,2018-10-04,54839.0
Blue,龍山寺,2018-10-04,59229.0
Blue,西門,2018-10-04,79785.0
Blue,善導寺,2018-10-04,50536.0
Blue,忠孝新生,2018-10-04,39709.5
Blue,忠孝敦化,2018-10-04,75833.0
Blue,國父紀念館,2018-10-04,45697.0
Blue,市政府,2018-10-04,129740.0
Blue,永春,2018-10-04,43831.0
Blue,後山埤,2018-10-04,34073.0
Blue,昆陽,2018-10-04,31853.0
Blue,南港,2018-10-04,35994.0
Blue,忠孝復興,2018-10-04,58574.0
Blue,南港展覽館,2018-10-04,34557.0
Blue,台北車站,2018-10-05,169086.0
Blue,頂埔,2018-10-05,18636.0
Blue,永寧,2018-10-05,29591.0
Blue,土城,2018-10-05,16099.0
Blue,海山,2018-10-05,48837.0
Blue,亞東醫院,2018-10-05,52403.0
Blue,府中,2018-10-05,65213.0
Blue,板橋,2018-10-05,92564.0
Blue,新埔,2018-10-05,91529.0
Blue,江子翠,2018-10-05,57482.0
Blue,龍山寺,2018-10-05,66234.0
Blue,西門,2018-10-05,93671.0
Blue,善導寺,2018-10-05,52577.0
Blue,忠孝新生,2018-10-05,47288.5
Blue,忠孝敦化,2018-10-05,86272.0
Blue,國父紀念館,2018-10-05,50762.0
Blue,市政府,2018-10-05,146248.0
Blue,永春,2018-10-05,45318.0
Blue,後山埤,2018-10-05,36547.0
Blue,昆陽,2018-10-05,31907.0
Blue,南港,2018-10-05,41156.0
Blue,忠孝復興,2018-10-05,65971.0
Blue,南港展覽館,2018-10-05,37527.5
Blue,台北車站,2018-10-06,177352.5
Blue,頂埔,2018-10-06,14550.0
Blue,永寧,2018-10-06,25941.0
Blue,土城,2018-10-06,13468.0
Blue,海山,2018-10-06,39199.0
Blue,亞東醫院,2018-10-06,36946.0
Blue,府中,2018-10-06,64560.0
Blue,板橋,2018-10-06,86439.0
Blue,新埔,2018-10-06,72214.0
Blue,江子翠,2018-10-06,46719.0
Blue,龍山寺,2018-10-06,65636.0
Blue,西門,2018-10-06,109204.0
Blue,善導寺,2018-10-06,35194.0
Blue,忠孝新生,2018-10-06,44339.5
Blue,忠孝敦化,2018-10-06,79659.0
Blue,國父紀念館,2018-10-06,44501.0
Blue,市政府,2018-10-06,125064.0
Blue,永春,2018-10-06,32360.0
Blue,後山埤,2018-10-06,31194.0
Blue,昆陽,2018-10-06,20073.0
Blue,南港,2018-10-06,31308.0
Blue,忠孝復興,2018-10-06,67563.0
Blue,南港展覽館,2018-10-06,31851.0
Blue,台北車站,2018-10-07,160482.0
Blue,頂埔,2018-10-07,13066.0
Blue,永寧,2018-10-07,21560.0
Blue,土城,2018-10-07,12097.0
Blue,海山,2018-10-07,32398.0
Blue,亞東醫院,2018-10-07,29375.0
Blue,府中,2018-10-07,51672.0
Blue,板橋,2018-10-07,76438.0
Blue,新埔,2018-10-07,57786.0
Blue,江子翠,2018-10-07,37815.0
Blue,龍山寺,2018-10-07,57063.0
Blue,西門,2018-10-07,91699.5
Blue,善導寺,2018-10-07,29227.0
Blue,忠孝新生,2018-10-07,36531.0
Blue,忠孝敦化,2018-10-07,58330.0
Blue,國父紀念館,2018-10-07,31360.0
Blue,市政府,2018-10-07,103725.0
Blue,永春,2018-10-07,27717.0
Blue,後山埤,2018-10-07,25653.0
Blue,昆陽,2018-10-07,16830.0
Blue,南港,2018-10-07,26210.0
Blue,忠孝復興,2018-10-07,51883.0
Blue,南港展覽館,2018-10-07,20542.5
Blue,台北車站,2018-10-08,135465.0
Blue,頂埔,2018-10-08,17262.0
Blue,永寧,2018-10-08,26958.0
Blue,土城,2018-10-08,14549.0
Blue,海山,2018-10-08,45008.0
Blue,亞東醫院,2018-10-08,50131.0
Blue,府中,2018-10-08,58259.0
Blue,板橋,2018-10-08,79455.0
Blue,新埔,2018-10-08,84641.0
Blue,江子翠,2018-10-08,52567.0
Blue,龍山寺,2018-10-08,58904.0
Blue,西門,2018-10-08,76732.5
Blue,善導寺,2018-10-08,46243.0
Blue,忠孝新生,2018-10-08,36104.0
Blue,忠孝敦化,2018-10-08,72654.0
Blue,國父紀念館,2018-10-08,42905.0
Blue,市政府,2018-10-08,122799.0
Blue,永春,2018-10-08,41138.0
Blue,後山埤,2018-10-08,33738.0
Blue,昆陽,2018-10-08,30956.0
Blue,南港,2018-10-08,34981.0
Blue,忠孝復興,2018-10-08,55006.0
Blue,南港展覽館,2018-10-08,33843.5
Blue,台北車站,2018-10-09,141252.0
Blue,頂埔,2018-10-09,18050.0
Blue,永寧,2018-10-09,28530.0
Blue,土城,2018-10-09,15374.0
Blue,海山,2018-10-09,47572.0
Blue,亞東醫院,2018-10-09,52045.0
Blue,府中,2018-10-09,63730.0
Blue,板橋,2018-10-09,85585.0
Blue,新埔,2018-10-09,90300.0
Blue,江子翠,2018-10-09,55951.0
Blue,龍山寺,2018-10-09,64976.0
Blue,西門,2018-10-09,84787.0
Blue,善導寺,2018-10-09,51351.0
Blue,忠孝新生,2018-10-09,40076.0
Blue,忠孝敦化,2018-10-09,78888.0
Blue,國父紀念館,2018-10-09,46680.0
Blue,市政府,2018-10-09,132101.0
Blue,永春,2018-10-09,44442.0
Blue,後山埤,2018-10-09,36327.0
Blue,昆陽,2018-10-09,31429.0
Blue,南港,2018-10-09,37298.0
Blue,忠孝復興,2018-10-09,59714.5
Blue,南港展覽館,2018-10-09,38220.5
Blue,台北車站,2018-10-10,140808.5
Blue,頂埔,2018-10-10,11853.0
Blue,永寧,2018-10-10,20008.0
Blue,土城,2018-10-10,10979.0
Blue,海山,2018-10-10,31289.0
Blue,亞東醫院,2018-10-10,28402.0
Blue,府中,2018-10-10,50016.0
Blue,板橋,2018-10-10,75095.0
Blue,新埔,2018-10-10,59131.0
Blue,江子翠,2018-10-10,37612.0
Blue,龍山寺,2018-10-10,54658.0
Blue,西門,2018-10-10,99088.5
Blue,善導寺,2018-10-10,22403.0
Blue,忠孝新生,2018-10-10,31795.5
Blue,忠孝敦化,2018-10-10,66735.0
Blue,國父紀念館,2018-10-10,39069.0
Blue,市政府,2018-10-10,115171.0
Blue,永春,2018-10-10,26850.0
Blue,後山埤,2018-10-10,26100.0
Blue,昆陽,2018-10-10,16728.0
Blue,南港,2018-10-10,27719.0
Blue,忠孝復興,2018-10-10,59097.0
Blue,南港展覽館,2018-10-10,21432.5
Blue,台北車站,2018-10-11,134840.5
Blue,頂埔,2018-10-11,17649.0
Blue,永寧,2018-10-11,26748.0
Blue,土城,2018-10-11,14882.0
Blue,海山,2018-10-11,45498.0
Blue,亞東醫院,2018-10-11,51185.0
Blue,府中,2018-10-11,59990.0
Blue,板橋,2018-10-11,81716.0
Blue,新埔,2018-10-11,87692.0
Blue,江子翠,2018-10-11,54152.0
Blue,龍山寺,2018-10-11,59365.0
Blue,西門,2018-10-11,75915.0
Blue,善導寺,2018-10-11,49276.0
Blue,忠孝新生,2018-10-11,38382.0
Blue,忠孝敦化,2018-10-11,74114.0
Blue,國父紀念館,2018-10-11,44223.0
Blue,市政府,2018-10-11,128090.0
Blue,永春,2018-10-11,43497.0
Blue,後山埤,2018-10-11,34889.0
Blue,昆陽,2018-10-11,31331.0
Blue,南港,2018-10-11,36418.0
Blue,忠孝復興,2018-10-11,56514.5
Blue,南港展覽館,2018-10-11,36528.0
Blue,台北車站,2018-10-12,171463.5
Blue,頂埔,2018-10-12,18344.0
Blue,永寧,2018-10-12,29277.0
Blue,土城,2018-10-12,16083.0
Blue,海山,2018-10-12,48570.0
Blue,亞東醫院,2018-10-12,52695.0
Blue,府中,2018-10-12,64928.0
Blue,板橋,2018-10-12,94520.0
Blue,新埔,2018-10-12,92985.0
Blue,江子翠,2018-10-12,56691.0
Blue,龍山寺,2018-10-12,63153.0
Blue,西門,2018-10-12,91631.5
Blue,善導寺,2018-10-12,53690.0
Blue,忠孝新生,2018-10-12,43604.0
Blue,忠孝敦化,2018-10-12,85457.0
Blue,國父紀念館,2018-10-12,50513.0
Blue,市政府,2018-10-12,148545.0
Blue,永春,2018-10-12,46084.0
Blue,後山埤,2018-10-12,37321.0
Blue,昆陽,2018-10-12,32675.0
Blue,南港,2018-10-12,42074.0
Blue,忠孝復興,2018-10-12,65268.0
Blue,南港展覽館,2018-10-12,38329.5
Blue,台北車站,2018-10-13,172259.5
Blue,頂埔,2018-10-13,13824.0
Blue,永寧,2018-10-13,23308.0
Blue,土城,2018-10-13,14392.0
Blue,海山,2018-10-13,37360.0
Blue,亞東醫院,2018-10-13,36286.0
Blue,府中,2018-10-13,61103.0
Blue,板橋,2018-10-13,82108.0
Blue,新埔,2018-10-13,70788.0
Blue,江子翠,2018-10-13,45824.0
Blue,龍山寺,2018-10-13,62553.0
Blue,西門,2018-10-13,107157.5
Blue,善導寺,2018-10-13,33821.0
Blue,忠孝新生,2018-10-13,42195.5
Blue,忠孝敦化,2018-10-13,78554.0
Blue,國父紀念館,2018-10-13,41140.0
Blue,市政府,2018-10-13,129831.0
Blue,永春,2018-10-13,32260.0
Blue,後山埤,2018-10-13,30203.0
Blue,昆陽,2018-10-13,19985.0
Blue,南港,2018-10-13,30111.0
Blue,忠孝復興,2018-10-13,66327.5
Blue,南港展覽館,2018-10-13,23517.0
Blue,台北車站,2018-10-14,164663.5
Blue,頂埔,2018-10-14,13298.0
Blue,永寧,2018-10-14,22446.0
Blue,土城,2018-10-14,13024.0
Blue,海山,2018-10-14,32747.0
Blue,亞東醫院,2018-10-14,29702.0
Blue,府中,2018-10-14,50843.0
Blue,板橋,2018-10-14,78411.0
Blue,新埔,2018-10-14,60768.0
Blue,江子翠,2018-10-14,39292.0
Blue,龍山寺,2018-10-14,57776.0
Blue,西門,2018-10-14,89975.5
Blue,善導寺,2018-10-14,27725.0
Blue,忠孝新生,2018-10-14,34271.5
Blue,忠孝敦化,2018-10-14,57102.0
Blue,國父紀念館,2018-10-14,36597.0
Blue,市政府,2018-10-14,113090.0
Blue,永春,2018-10-14,27950.0
Blue,後山埤,2018-10-14,25991.0
Blue,昆陽,2018-10-14,17162.0
Blue,南港,2018-10-14,27901.0
Blue,忠孝復興,2018-10-14,51756.0
Blue,南港展覽館,2018-10-14,21035.0
Blue,台北車站,2018-10-15,135399.5
Blue,頂埔,2018-10-15,17250.0
Blue,永寧,2018-10-15,26793.0
Blue,土城,2018-10-15,14685.0
Blue,海山,2018-10-15,45446.0
Blue,亞東醫院,2018-10-15,50006.0
Blue,府中,2018-10-15,57428.0
Blue,板橋,2018-10-15,78300.0
Blue,新埔,2018-10-15,85427.0
Blue,江子翠,2018-10-15,53372.0
Blue,龍山寺,2018-10-15,60337.0
Blue,西門,2018-10-15,76350.0
Blue,善導寺,2018-10-15,45877.0
Blue,忠孝新生,2018-10-15,35811.5
Blue,忠孝敦化,2018-10-15,70272.0
Blue,國父紀念館,2018-10-15,42567.0
Blue,市政府,2018-10-15,123642.0
Blue,永春,2018-10-15,41151.0
Blue,後山埤,2018-10-15,33376.0
Blue,昆陽,2018-10-15,30482.0
Blue,南港,2018-10-15,34962.0
Blue,忠孝復興,2018-10-15,53355.0
Blue,南港展覽館,2018-10-15,34803.0
Blue,台北車站,2018-10-16,132488.5
Blue,頂埔,2018-10-16,17461.0
Blue,永寧,2018-10-16,27286.0
Blue,土城,2018-10-16,14666.0
Blue,海山,2018-10-16,46035.0
Blue,亞東醫院,2018-10-16,50932.0
Blue,府中,2018-10-16,59341.0
Blue,板橋,2018-10-16,79514.0
Blue,新埔,2018-10-16,87356.0
Blue,江子翠,2018-10-16,54191.0
Blue,龍山寺,2018-10-16,60801.0
Blue,西門,2018-10-16,77281.0
Blue,善導寺,2018-10-16,49880.0
Blue,忠孝新生,2018-10-16,37412.5
Blue,忠孝敦化,2018-10-16,71664.0
Blue,國父紀念館,2018-10-16,43882.0
Blue,市政府,2018-10-16,120743.0
Blue,永春,2018-10-16,43155.0
Blue,後山埤,2018-10-16,33870.0
Blue,昆陽,2018-10-16,30500.0
Blue,南港,2018-10-16,36418.0
Blue,忠孝復興,2018-10-16,54891.0
Blue,南港展覽館,2018-10-16,39215.5
Blue,台北車站,2018-10-17,136115.5
Blue,頂埔,2018-10-17,17424.0
Blue,永寧,2018-10-17,26432.0
Blue,土城,2018-10-17,15086.0
Blue,海山,2018-10-17,45700.0
Blue,亞東醫院,2018-10-17,51481.0
Blue,府中,2018-10-17,59787.0
Blue,板橋,2018-10-17,83046.0
Blue,新埔,2018-10-17,88589.0
Blue,江子翠,2018-10-17,54844.0
Blue,龍山寺,2018-10-17,59251.0
Blue,西門,2018-10-17,77967.5
Blue,善導寺,2018-10-17,53099.0
Blue,忠孝新生,2018-10-17,38076.5
Blue,忠孝敦化,2018-10-17,74235.0
Blue,國父紀念館,2018-10-17,44536.0
Blue,市政府,2018-10-17,124580.0
Blue,永春,2018-10-17,44599.0
Blue,後山埤,2018-10-17,34712.0
Blue,昆陽,2018-10-17,31122.0
Blue,南港,2018-10-17,38202.0
Blue,忠孝復興,2018-10-17,56021.0
Blue,南港展覽館,2018-10-17,41452.0
Blue,台北車站,2018-10-18,140009.0
Blue,頂埔,2018-10-18,17628.0
Blue,永寧,2018-10-18,27592.0
Blue,土城,2018-10-18,14904.0
Blue,海山,2018-10-18,46541.0
Blue,亞東醫院,2018-10-18,51430.0
Blue,府中,2018-10-18,60698.0
Blue,板橋,2018-10-18,83625.0
Blue,新埔,2018-10-18,87479.0
Blue,江子翠,2018-10-18,55236.0
Blue,龍山寺,2018-10-18,62067.0
Blue,西門,2018-10-18,81622.0
Blue,善導寺,2018-10-18,50733.0
Blue,忠孝新生,2018-10-18,40066.0
Blue,忠孝敦化,2018-10-18,74697.0
Blue,國父紀念館,2018-10-18,45165.0
Blue,市政府,2018-10-18,144184.0
Blue,永春,2018-10-18,43100.0
Blue,後山埤,2018-10-18,34381.0
Blue,昆陽,2018-10-18,32259.0
Blue,南港,2018-10-18,39431.0
Blue,忠孝復興,2018-10-18,57008.5
Blue,南港展覽館,2018-10-18,46627.5
Blue,台北車站,2018-10-19,174472.0
Blue,頂埔,2018-10-19,18546.0
Blue,永寧,2018-10-19,30168.0
Blue,土城,2018-10-19,15901.0
Blue,海山,2018-10-19,48427.0
Blue,亞東醫院,2018-10-19,52926.0
Blue,府中,2018-10-19,65839.0
Blue,板橋,2018-10-19,93680.0
Blue,新埔,2018-10-19,91943.0
Blue,江子翠,2018-10-19,57319.0
Blue,龍山寺,2018-10-19,65641.0
Blue,西門,2018-10-19,94658.0
Blue,善導寺,2018-10-19,52975.0
Blue,忠孝新生,2018-10-19,44945.0
Blue,忠孝敦化,2018-10-19,84559.0
Blue,國父紀念館,2018-10-19,51425.0
Blue,市政府,2018-10-19,157825.0
Blue,永春,2018-10-19,46003.0
Blue,後山埤,2018-10-19,37714.0
Blue,昆陽,2018-10-19,32811.0
Blue,南港,2018-10-19,43189.0
Blue,忠孝復興,2018-10-19,64554.5
Blue,南港展覽館,2018-10-19,43864.0
Blue,台北車站,2018-10-20,183415.5
Blue,頂埔,2018-10-20,15194.0
Blue,永寧,2018-10-20,25740.0
Blue,土城,2018-10-20,14161.0
Blue,海山,2018-10-20,40478.0
Blue,亞東醫院,2018-10-20,40694.0
Blue,府中,2018-10-20,67434.0
Blue,板橋,2018-10-20,90865.0
Blue,新埔,2018-10-20,74466.0
Blue,江子翠,2018-10-20,47460.0
Blue,龍山寺,2018-10-20,74616.0
Blue,西門,2018-10-20,116057.5
Blue,善導寺,2018-10-20,57314.0
Blue,忠孝新生,2018-10-20,44576.5
Blue,忠孝敦化,2018-10-20,79836.0
Blue,國父紀念館,2018-10-20,41578.0
Blue,市政府,2018-10-20,146636.0
Blue,永春,2018-10-20,34830.0
Blue,後山埤,2018-10-20,32887.0
Blue,昆陽,2018-10-20,20871.0
Blue,南港,2018-10-20,33738.0
Blue,忠孝復興,2018-10-20,66283.0
Blue,南港展覽館,2018-10-20,36823.5
Blue,台北車站,2018-10-21,168573.0
Blue,頂埔,2018-10-21,13416.0
Blue,永寧,2018-10-21,22122.0
Blue,土城,2018-10-21,11740.0
Blue,海山,2018-10-21,34058.0
Blue,亞東醫院,2018-10-21,30451.0
Blue,府中,2018-10-21,52997.0
Blue,板橋,2018-10-21,82253.0
Blue,新埔,2018-10-21,62912.0
Blue,江子翠,2018-10-21,40552.0
Blue,龍山寺,2018-10-21,59144.0
Blue,西門,2018-10-21,93730.5
Blue,善導寺,2018-10-21,28519.0
Blue,忠孝新生,2018-10-21,36387.5
Blue,忠孝敦化,2018-10-21,57183.0
Blue,國父紀念館,2018-10-21,35901.0
Blue,市政府,2018-10-21,119077.0
Blue,永春,2018-10-21,29575.0
Blue,後山埤,2018-10-21,26987.0
Blue,昆陽,2018-10-21,17245.0
Blue,南港,2018-10-21,30490.0
Blue,忠孝復興,2018-10-21,51551.0
Blue,南港展覽館,2018-10-21,30466.0
Blue,台北車站,2018-10-22,134570.0
Blue,頂埔,2018-10-22,17034.0
Blue,永寧,2018-10-22,26785.0
Blue,土城,2018-10-22,14524.0
Blue,海山,2018-10-22,45048.0
Blue,亞東醫院,2018-10-22,49410.0
Blue,府中,2018-10-22,57377.0
Blue,板橋,2018-10-22,77810.0
Blue,新埔,2018-10-22,83681.0
Blue,江子翠,2018-10-22,52629.0
Blue,龍山寺,2018-10-22,59859.0
Blue,西門,2018-10-22,76098.5
Blue,善導寺,2018-10-22,45727.0
Blue,忠孝新生,2018-10-22,36185.0
Blue,忠孝敦化,2018-10-22,69701.0
Blue,國父紀念館,2018-10-22,41815.0
Blue,市政府,2018-10-22,125329.0
Blue,永春,2018-10-22,40460.0
Blue,後山埤,2018-10-22,33052.0
Blue,昆陽,2018-10-22,30435.0
Blue,南港,2018-10-22,34522.0
Blue,忠孝復興,2018-10-22,52949.0
Blue,南港展覽館,2018-10-22,34776.5
Blue,台北車站,2018-10-23,130728.5
Blue,頂埔,2018-10-23,17181.0
Blue,永寧,2018-10-23,26700.0
Blue,土城,2018-10-23,14464.0
Blue,海山,2018-10-23,45699.0
Blue,亞東醫院,2018-10-23,51235.0
Blue,府中,2018-10-23,59406.0
Blue,板橋,2018-10-23,79840.0
Blue,新埔,2018-10-23,86625.0
Blue,江子翠,2018-10-23,53756.0
Blue,龍山寺,2018-10-23,61850.0
Blue,西門,2018-10-23,76098.5
Blue,善導寺,2018-10-23,50528.0
Blue,忠孝新生,2018-10-23,37026.0
Blue,忠孝敦化,2018-10-23,71110.0
Blue,國父紀念館,2018-10-23,43303.0
Blue,市政府,2018-10-23,125635.0
Blue,永春,2018-10-23,42540.0
Blue,後山埤,2018-10-23,33676.0
Blue,昆陽,2018-10-23,30427.0
Blue,南港,2018-10-23,34993.0
Blue,忠孝復興,2018-10-23,53936.5
Blue,南港展覽館,2018-10-23,35295.0
Blue,台北車站,2018-10-24,131591.0
Blue,頂埔,2018-10-24,17486.0
Blue,永寧,2018-10-24,26872.0
Blue,土城,2018-10-24,15013.0
Blue,海山,2018-10-24,45724.0
Blue,亞東醫院,2018-10-24,51050.0
Blue,府中,2018-10-24,60576.0
Blue,板橋,2018-10-24,80193.0
Blue,新埔,2018-10-24,86643.0
Blue,江子翠,2018-10-24,54450.0
Blue,龍山寺,2018-10-24,62065.0
Blue,西門,2018-10-24,79668.0
Blue,善導寺,2018-10-24,50730.0
Blue,忠孝新生,2018-10-24,37442.0
Blue,忠孝敦化,2018-10-24,73067.0
Blue,國父紀念館,2018-10-24,45194.0
Blue,市政府,2018-10-24,127491.0
Blue,永春,2018-10-24,42425.0
Blue,後山埤,2018-10-24,33732.0
Blue,昆陽,2018-10-24,30375.0
Blue,南港,2018-10-24,36836.0
Blue,忠孝復興,2018-10-24,55801.0
Blue,南港展覽館,2018-10-24,39034.0
Blue,台北車站,2018-10-25,136164.0
Blue,頂埔,2018-10-25,17574.0
Blue,永寧,2018-10-25,27914.0
Blue,土城,2018-10-25,14770.0
Blue,海山,2018-10-25,45884.0
Blue,亞東醫院,2018-10-25,50292.0
Blue,府中,2018-10-25,60655.0
Blue,板橋,2018-10-25,83957.0
Blue,新埔,2018-10-25,86675.0
Blue,江子翠,2018-10-25,54552.0
Blue,龍山寺,2018-10-25,62801.0
Blue,西門,2018-10-25,82764.0
Blue,善導寺,2018-10-25,51150.0
Blue,忠孝新生,2018-10-25,38670.0
Blue,忠孝敦化,2018-10-25,74206.0
Blue,國父紀念館,2018-10-25,45415.0
Blue,市政府,2018-10-25,130922.0
Blue,永春,2018-10-25,42640.0
Blue,後山埤,2018-10-25,34124.0
Blue,昆陽,2018-10-25,31747.0
Blue,南港,2018-10-25,38155.0
Blue,忠孝復興,2018-10-25,56896.5
Blue,南港展覽館,2018-10-25,43254.0
Blue,台北車站,2018-10-26,169192.5
Blue,頂埔,2018-10-26,18502.0
Blue,永寧,2018-10-26,30516.0
Blue,土城,2018-10-26,15956.0
Blue,海山,2018-10-26,48482.0
Blue,亞東醫院,2018-10-26,52062.0
Blue,府中,2018-10-26,65153.0
Blue,板橋,2018-10-26,93670.0
Blue,新埔,2018-10-26,90143.0
Blue,江子翠,2018-10-26,56628.0
Blue,龍山寺,2018-10-26,66090.0
Blue,西門,2018-10-26,96792.5
Blue,善導寺,2018-10-26,51877.0
Blue,忠孝新生,2018-10-26,44083.0
Blue,忠孝敦化,2018-10-26,83243.0
Blue,國父紀念館,2018-10-26,50643.0
Blue,市政府,2018-10-26,149956.0
Blue,永春,2018-10-26,45548.0
Blue,後山埤,2018-10-26,36603.0
Blue,昆陽,2018-10-26,32409.0
Blue,南港,2018-10-26,42891.0
Blue,忠孝復興,2018-10-26,64878.5
Blue,南港展覽館,2018-10-26,40965.0
Blue,台北車站,2018-10-27,180540.5
Blue,頂埔,2018-10-27,14862.0
Blue,永寧,2018-10-27,27556.0
Blue,土城,2018-10-27,14104.0
Blue,海山,2018-10-27,41334.0
Blue,亞東醫院,2018-10-27,38985.0
Blue,府中,2018-10-27,76473.0
Blue,板橋,2018-10-27,92102.0
Blue,新埔,2018-10-27,75297.0
Blue,江子翠,2018-10-27,48736.0
Blue,龍山寺,2018-10-27,72222.0
Blue,西門,2018-10-27,122807.0
Blue,善導寺,2018-10-27,37685.0
Blue,忠孝新生,2018-10-27,46388.5
Blue,忠孝敦化,2018-10-27,76721.0
Blue,國父紀念館,2018-10-27,45274.0
Blue,市政府,2018-10-27,133024.0
Blue,永春,2018-10-27,33363.0
Blue,後山埤,2018-10-27,31608.0
Blue,昆陽,2018-10-27,20526.0
Blue,南港,2018-10-27,32856.0
Blue,忠孝復興,2018-10-27,64930.0
Blue,南港展覽館,2018-10-27,30116.0
Blue,台北車站,2018-10-28,162718.5
Blue,頂埔,2018-10-28,12949.0
Blue,永寧,2018-10-28,25417.0
Blue,土城,2018-10-28,11897.0
Blue,海山,2018-10-28,34210.0
Blue,亞東醫院,2018-10-28,30889.0
Blue,府中,2018-10-28,53854.0
Blue,板橋,2018-10-28,83091.0
Blue,新埔,2018-10-28,62147.0
Blue,江子翠,2018-10-28,39840.0
Blue,龍山寺,2018-10-28,57963.0
Blue,西門,2018-10-28,95334.0
Blue,善導寺,2018-10-28,31042.0
Blue,忠孝新生,2018-10-28,37289.0
Blue,忠孝敦化,2018-10-28,56667.0
Blue,國父紀念館,2018-10-28,35283.0
Blue,市政府,2018-10-28,114567.0
Blue,永春,2018-10-28,28893.0
Blue,後山埤,2018-10-28,26195.0
Blue,昆陽,2018-10-28,17138.0
Blue,南港,2018-10-28,29339.0
Blue,忠孝復興,2018-10-28,51890.5
Blue,南港展覽館,2018-10-28,21833.5
Blue,台北車站,2018-10-29,134264.0
Blue,頂埔,2018-10-29,17334.0
Blue,永寧,2018-10-29,27104.0
Blue,土城,2018-10-29,14815.0
Blue,海山,2018-10-29,45601.0
Blue,亞東醫院,2018-10-29,49817.0
Blue,府中,2018-10-29,58538.0
Blue,板橋,2018-10-29,80372.0
Blue,新埔,2018-10-29,84505.0
Blue,江子翠,2018-10-29,52618.0
Blue,龍山寺,2018-10-29,58898.0
Blue,西門,2018-10-29,78108.0
Blue,善導寺,2018-10-29,45205.0
Blue,忠孝新生,2018-10-29,36380.5
Blue,忠孝敦化,2018-10-29,68721.0
Blue,國父紀念館,2018-10-29,42533.0
Blue,市政府,2018-10-29,124764.0
Blue,永春,2018-10-29,40946.0
Blue,後山埤,2018-10-29,32959.0
Blue,昆陽,2018-10-29,30442.0
Blue,南港,2018-10-29,35589.0
Blue,忠孝復興,2018-10-29,53606.0
Blue,南港展覽館,2018-10-29,34808.0
Blue,台北車站,2018-10-30,128454.5
Blue,頂埔,2018-10-30,17147.0
Blue,永寧,2018-10-30,26640.0
Blue,土城,2018-10-30,14685.0
Blue,海山,2018-10-30,45505.0
Blue,亞東醫院,2018-10-30,51200.0
Blue,府中,2018-10-30,59274.0
Blue,板橋,2018-10-30,79699.0
Blue,新埔,2018-10-30,85666.0
Blue,江子翠,2018-10-30,53968.0
Blue,龍山寺,2018-10-30,59569.0
Blue,西門,2018-10-30,77006.0
Blue,善導寺,2018-10-30,48864.0
Blue,忠孝新生,2018-10-30,36541.5
Blue,忠孝敦化,2018-10-30,70968.0
Blue,國父紀念館,2018-10-30,44349.0
Blue,市政府,2018-10-30,126324.0
Blue,永春,2018-10-30,43420.0
Blue,後山埤,2018-10-30,33535.0
Blue,昆陽,2018-10-30,30782.0
Blue,南港,2018-10-30,35980.0
Blue,忠孝復興,2018-10-30,55313.5
Blue,南港展覽館,2018-10-30,37385.0
Blue,台北車站,2018-10-31,131819.0
Blue,頂埔,2018-10-31,17311.0
Blue,永寧,2018-10-31,26229.0
Blue,土城,2018-10-31,14822.0
Blue,海山,2018-10-31,45972.0
Blue,亞東醫院,2018-10-31,51362.0
Blue,府中,2018-10-31,60217.0
Blue,板橋,2018-10-31,81659.0
Blue,新埔,2018-10-31,87440.0
Blue,江子翠,2018-10-31,54479.0
Blue,龍山寺,2018-10-31,59595.0
Blue,西門,2018-10-31,79081.0
Blue,善導寺,2018-10-31,51312.0
Blue,忠孝新生,2018-10-31,37876.5
Blue,忠孝敦化,2018-10-31,74403.0
Blue,國父紀念館,2018-10-31,46219.0
Blue,市政府,2018-10-31,130769.0
Blue,永春,2018-10-31,44288.0
Blue,後山埤,2018-10-31,34923.0
Blue,昆陽,2018-10-31,32056.0
Blue,南港,2018-10-31,39080.0
Blue,忠孝復興,2018-10-31,57696.0
Blue,南港展覽館,2018-10-31,44703.5
Blue,台北車站,2018-11-01,131844.0
Blue,頂埔,2018-11-01,17098.0
Blue,永寧,2018-11-01,25792.0
Blue,土城,2018-11-01,14713.0
Blue,海山,2018-11-01,45194.0
Blue,亞東醫院,2018-11-01,50996.0
Blue,府中,2018-11-01,58971.0
Blue,板橋,2018-11-01,81395.0
Blue,新埔,2018-11-01,87531.0
Blue,江子翠,2018-11-01,54318.0
Blue,龍山寺,2018-11-01,59460.0
Blue,西門,2018-11-01,78431.0
Blue,善導寺,2018-11-01,51177.0
Blue,忠孝新生,2018-11-01,38574.5
Blue,忠孝敦化,2018-11-01,73694.0
Blue,國父紀念館,2018-11-01,46518.0
Blue,市政府,2018-11-01,125764.0
Blue,永春,2018-11-01,43495.0
Blue,後山埤,2018-11-01,34546.0
Blue,昆陽,2018-11-01,32723.0
Blue,南港,2018-11-01,38893.0
Blue,忠孝復興,2018-11-01,58516.5
Blue,南港展覽館,2018-11-01,46244.0
Blue,台北車站,2018-11-02,166129.5
Blue,頂埔,2018-11-02,18014.0
Blue,永寧,2018-11-02,28467.0
Blue,土城,2018-11-02,15829.0
Blue,海山,2018-11-02,48202.0
Blue,亞東醫院,2018-11-02,52867.0
Blue,府中,2018-11-02,64372.0
Blue,板橋,2018-11-02,93096.0
Blue,新埔,2018-11-02,91267.0
Blue,江子翠,2018-11-02,56899.0
Blue,龍山寺,2018-11-02,62407.0
Blue,西門,2018-11-02,90156.5
Blue,善導寺,2018-11-02,53716.0
Blue,忠孝新生,2018-11-02,43356.0
Blue,忠孝敦化,2018-11-02,82991.0
Blue,國父紀念館,2018-11-02,49809.0
Blue,市政府,2018-11-02,143124.0
Blue,永春,2018-11-02,46325.0
Blue,後山埤,2018-11-02,37631.0
Blue,昆陽,2018-11-02,33420.0
Blue,南港,2018-11-02,44495.0
Blue,忠孝復興,2018-11-02,66690.5
Blue,南港展覽館,2018-11-02,46967.5
Blue,台北車站,2018-11-03,164366.5
Blue,頂埔,2018-11-03,13272.0
Blue,永寧,2018-11-03,22800.0
Blue,土城,2018-11-03,12698.0
Blue,海山,2018-11-03,38145.0
Blue,亞東醫院,2018-11-03,35974.0
Blue,府中,2018-11-03,60222.0
Blue,板橋,2018-11-03,85955.0
Blue,新埔,2018-11-03,70371.0
Blue,江子翠,2018-11-03,45592.0
Blue,龍山寺,2018-11-03,65074.0
Blue,西門,2018-11-03,102767.0
Blue,善導寺,2018-11-03,34512.0
Blue,忠孝新生,2018-11-03,40784.5
Blue,忠孝敦化,2018-11-03,73691.0
Blue,國父紀念館,2018-11-03,41681.0
Blue,市政府,2018-11-03,116963.0
Blue,永春,2018-11-03,32874.0
Blue,後山埤,2018-11-03,30626.0
Blue,昆陽,2018-11-03,21689.0
Blue,南港,2018-11-03,32168.0
Blue,忠孝復興,2018-11-03,65482.0
Blue,南港展覽館,2018-11-03,31064.5
Blue,台北車站,2018-11-04,147138.5
Blue,頂埔,2018-11-04,12332.0
Blue,永寧,2018-11-04,20157.0
Blue,土城,2018-11-04,11499.0
Blue,海山,2018-11-04,32747.0
Blue,亞東醫院,2018-11-04,30645.0
Blue,府中,2018-11-04,48597.0
Blue,板橋,2018-11-04,76540.0
Blue,新埔,2018-11-04,56779.0
Blue,江子翠,2018-11-04,37931.0
Blue,龍山寺,2018-11-04,54320.0
Blue,西門,2018-11-04,85489.0
Blue,善導寺,2018-11-04,29354.0
Blue,忠孝新生,2018-11-04,31600.5
Blue,忠孝敦化,2018-11-04,54402.0
Blue,國父紀念館,2018-11-04,30013.0
Blue,市政府,2018-11-04,99255.0
Blue,永春,2018-11-04,27049.0
Blue,後山埤,2018-11-04,26768.0
Blue,昆陽,2018-11-04,17810.0
Blue,南港,2018-11-04,29119.0
Blue,忠孝復興,2018-11-04,51867.0
Blue,南港展覽館,2018-11-04,19823.0
Blue,台北車站,2018-11-05,134334.5
Blue,頂埔,2018-11-05,17212.0
Blue,永寧,2018-11-05,26596.0
Blue,土城,2018-11-05,14653.0
Blue,海山,2018-11-05,45621.0
Blue,亞東醫院,2018-11-05,50404.0
Blue,府中,2018-11-05,58152.0
Blue,板橋,2018-11-05,80130.0
Blue,新埔,2018-11-05,84581.0
Blue,江子翠,2018-11-05,53270.0
Blue,龍山寺,2018-11-05,60169.0
Blue,西門,2018-11-05,77055.5
Blue,善導寺,2018-11-05,46834.0
Blue,忠孝新生,2018-11-05,35916.5
Blue,忠孝敦化,2018-11-05,69750.0
Blue,國父紀念館,2018-11-05,42214.0
Blue,市政府,2018-11-05,120604.0
Blue,永春,2018-11-05,41878.0
Blue,後山埤,2018-11-05,33341.0
Blue,昆陽,2018-11-05,30761.0
Blue,南港,2018-11-05,35061.0
Blue,忠孝復興,2018-11-05,55121.5
Blue,南港展覽館,2018-11-05,34637.5
Blue,台北車站,2018-11-06,128207.0
Blue,頂埔,2018-11-06,17397.0
Blue,永寧,2018-11-06,26646.0
Blue,土城,2018-11-06,15086.0
Blue,海山,2018-11-06,46617.0
Blue,亞東醫院,2018-11-06,51394.0
Blue,府中,2018-11-06,59917.0
Blue,板橋,2018-11-06,79921.0
Blue,新埔,2018-11-06,86655.0
Blue,江子翠,2018-11-06,53807.0
Blue,龍山寺,2018-11-06,60529.0
Blue,西門,2018-11-06,75719.0
Blue,善導寺,2018-11-06,50271.0
Blue,忠孝新生,2018-11-06,36713.5
Blue,忠孝敦化,2018-11-06,71116.0
Blue,國父紀念館,2018-11-06,44824.0
Blue,市政府,2018-11-06,121473.0
Blue,永春,2018-11-06,42606.0
Blue,後山埤,2018-11-06,33807.0
Blue,昆陽,2018-11-06,32232.0
Blue,南港,2018-11-06,35331.0
Blue,忠孝復興,2018-11-06,56271.0
Blue,南港展覽館,2018-11-06,34444.0
Blue,台北車站,2018-11-07,129807.5
Blue,頂埔,2018-11-07,17278.0
Blue,永寧,2018-11-07,26388.0
Blue,土城,2018-11-07,15272.0
Blue,海山,2018-11-07,46572.0
Blue,亞東醫院,2018-11-07,51316.0
Blue,府中,2018-11-07,59787.0
Blue,板橋,2018-11-07,81413.0
Blue,新埔,2018-11-07,86956.0
Blue,江子翠,2018-11-07,54761.0
Blue,龍山寺,2018-11-07,60593.0
Blue,西門,2018-11-07,76492.5
Blue,善導寺,2018-11-07,50035.0
Blue,忠孝新生,2018-11-07,37336.5
Blue,忠孝敦化,2018-11-07,71226.0
Blue,國父紀念館,2018-11-07,47219.0
Blue,市政府,2018-11-07,122639.0
Blue,永春,2018-11-07,42602.0
Blue,後山埤,2018-11-07,34046.0
Blue,昆陽,2018-11-07,30406.0
Blue,南港,2018-11-07,34838.0
Blue,忠孝復興,2018-11-07,58318.5
Blue,南港展覽館,2018-11-07,34983.0
Blue,台北車站,2018-11-08,135860.5
Blue,頂埔,2018-11-08,17449.0
Blue,永寧,2018-11-08,27031.0
Blue,土城,2018-11-08,15117.0
Blue,海山,2018-11-08,47354.0
Blue,亞東醫院,2018-11-08,51505.0
Blue,府中,2018-11-08,61189.0
Blue,板橋,2018-11-08,82851.0
Blue,新埔,2018-11-08,88029.0
Blue,江子翠,2018-11-08,55046.0
Blue,龍山寺,2018-11-08,64189.0
Blue,西門,2018-11-08,82624.0
Blue,善導寺,2018-11-08,50565.0
Blue,忠孝新生,2018-11-08,38318.0
Blue,忠孝敦化,2018-11-08,73880.0
Blue,國父紀念館,2018-11-08,46518.0
Blue,市政府,2018-11-08,125282.0
Blue,永春,2018-11-08,43014.0
Blue,後山埤,2018-11-08,34409.0
Blue,昆陽,2018-11-08,32739.0
Blue,南港,2018-11-08,35776.0
Blue,忠孝復興,2018-11-08,81847.5
Blue,南港展覽館,2018-11-08,35155.0
Blue,台北車站,2018-11-09,172284.5
Blue,頂埔,2018-11-09,19136.0
Blue,永寧,2018-11-09,29715.0
Blue,土城,2018-11-09,16390.0
Blue,海山,2018-11-09,49189.0
Blue,亞東醫院,2018-11-09,52692.0
Blue,府中,2018-11-09,66825.0
Blue,板橋,2018-11-09,95523.0
Blue,新埔,2018-11-09,92655.0
Blue,江子翠,2018-11-09,59582.0
Blue,龍山寺,2018-11-09,66691.0
Blue,西門,2018-11-09,97454.0
Blue,善導寺,2018-11-09,52285.0
Blue,忠孝新生,2018-11-09,44120.0
Blue,忠孝敦化,2018-11-09,87213.0
Blue,國父紀念館,2018-11-09,52750.0
Blue,市政府,2018-11-09,145922.0
Blue,永春,2018-11-09,46095.0
Blue,後山埤,2018-11-09,37811.0
Blue,昆陽,2018-11-09,34149.0
Blue,南港,2018-11-09,43768.0
Blue,忠孝復興,2018-11-09,94523.0
Blue,南港展覽館,2018-11-09,45612.5
Blue,台北車站,2018-11-10,180546.5
Blue,頂埔,2018-11-10,15075.0
Blue,永寧,2018-11-10,25787.0
Blue,土城,2018-11-10,14002.0
Blue,海山,2018-11-10,41149.0
Blue,亞東醫院,2018-11-10,38122.0
Blue,府中,2018-11-10,65708.0
Blue,板橋,2018-11-10,96862.0
Blue,新埔,2018-11-10,76338.0
Blue,江子翠,2018-11-10,48779.0
Blue,龍山寺,2018-11-10,64630.0
Blue,西門,2018-11-10,114980.0
Blue,善導寺,2018-11-10,35479.0
Blue,忠孝新生,2018-11-10,45011.5
Blue,忠孝敦化,2018-11-10,79077.0
Blue,國父紀念館,2018-11-10,44205.0
Blue,市政府,2018-11-10,141522.0
Blue,永春,2018-11-10,36658.0
Blue,後山埤,2018-11-10,34415.0
Blue,昆陽,2018-11-10,23898.0
Blue,南港,2018-11-10,34862.0
Blue,忠孝復興,2018-11-10,94146.5
Blue,南港展覽館,2018-11-10,38056.0
Blue,台北車站,2018-11-11,168947.5
Blue,頂埔,2018-11-11,14127.0
Blue,永寧,2018-11-11,23405.0
Blue,土城,2018-11-11,12229.0
Blue,海山,2018-11-11,34893.0
Blue,亞東醫院,2018-11-11,30942.0
Blue,府中,2018-11-11,54190.0
Blue,板橋,2018-11-11,90020.0
Blue,新埔,2018-11-11,66326.0
Blue,江子翠,2018-11-11,41118.0
Blue,龍山寺,2018-11-11,56743.0
Blue,西門,2018-11-11,98268.0
Blue,善導寺,2018-11-11,29291.0
Blue,忠孝新生,2018-11-11,38105.0
Blue,忠孝敦化,2018-11-11,60212.0
Blue,國父紀念館,2018-11-11,34606.0
Blue,市政府,2018-11-11,111824.0
Blue,永春,2018-11-11,29071.0
Blue,後山埤,2018-11-11,28080.0
Blue,昆陽,2018-11-11,18772.0
Blue,南港,2018-11-11,34023.0
Blue,忠孝復興,2018-11-11,75826.0
Blue,南港展覽館,2018-11-11,34389.5
Blue,台北車站,2018-11-12,137276.5
Blue,頂埔,2018-11-12,17424.0
Blue,永寧,2018-11-12,27038.0
Blue,土城,2018-11-12,14844.0
Blue,海山,2018-11-12,45512.0
Blue,亞東醫院,2018-11-12,50128.0
Blue,府中,2018-11-12,58126.0
Blue,板橋,2018-11-12,81622.0
Blue,新埔,2018-11-12,84211.0
Blue,江子翠,2018-11-12,52504.0
Blue,龍山寺,2018-11-12,59283.0
Blue,西門,2018-11-12,80216.0
Blue,善導寺,2018-11-12,46108.0
Blue,忠孝新生,2018-11-12,38875.5
Blue,忠孝敦化,2018-11-12,70198.0
Blue,國父紀念館,2018-11-12,43883.0
Blue,市政府,2018-11-12,118780.0
Blue,永春,2018-11-12,40073.0
Blue,後山埤,2018-11-12,32523.0
Blue,昆陽,2018-11-12,30068.0
Blue,南港,2018-11-12,35307.0
Blue,忠孝復興,2018-11-12,77049.5
Blue,南港展覽館,2018-11-12,33787.5
Blue,台北車站,2018-11-13,130433.5
Blue,頂埔,2018-11-13,17533.0
Blue,永寧,2018-11-13,26771.0
Blue,土城,2018-11-13,14802.0
Blue,海山,2018-11-13,45834.0
Blue,亞東醫院,2018-11-13,51032.0
Blue,府中,2018-11-13,59394.0
Blue,板橋,2018-11-13,81323.0
Blue,新埔,2018-11-13,85896.0
Blue,江子翠,2018-11-13,53174.0
Blue,龍山寺,2018-11-13,59706.0
Blue,西門,2018-11-13,78102.0
Blue,善導寺,2018-11-13,50083.0
Blue,忠孝新生,2018-11-13,37864.5
Blue,忠孝敦化,2018-11-13,71154.0
Blue,國父紀念館,2018-11-13,43541.0
Blue,市政府,2018-11-13,120236.0
Blue,永春,2018-11-13,42724.0
Blue,後山埤,2018-11-13,34049.0
Blue,昆陽,2018-11-13,30251.0
Blue,南港,2018-11-13,34635.0
Blue,忠孝復興,2018-11-13,70167.0
Blue,南港展覽館,2018-11-13,34458.5
Blue,台北車站,2018-11-14,132999.0
Blue,頂埔,2018-11-14,17746.0
Blue,永寧,2018-11-14,26781.0
Blue,土城,2018-11-14,15452.0
Blue,海山,2018-11-14,46016.0
Blue,亞東醫院,2018-11-14,51007.0
Blue,府中,2018-11-14,60627.0
Blue,板橋,2018-11-14,83126.0
Blue,新埔,2018-11-14,87082.0
Blue,江子翠,2018-11-14,54160.0
Blue,龍山寺,2018-11-14,59460.0
Blue,西門,2018-11-14,79815.5
Blue,善導寺,2018-11-14,51766.0
Blue,忠孝新生,2018-11-14,38033.5
Blue,忠孝敦化,2018-11-14,73319.0
Blue,國父紀念館,2018-11-14,45691.0
Blue,市政府,2018-11-14,121712.0
Blue,永春,2018-11-14,42772.0
Blue,後山埤,2018-11-14,34261.0
Blue,昆陽,2018-11-14,30567.0
Blue,南港,2018-11-14,35219.0
Blue,忠孝復興,2018-11-14,74690.5
Blue,南港展覽館,2018-11-14,34463.5
Blue,台北車站,2018-11-15,138777.0
Blue,頂埔,2018-11-15,17444.0
Blue,永寧,2018-11-15,26876.0
Blue,土城,2018-11-15,14842.0
Blue,海山,2018-11-15,45316.0
Blue,亞東醫院,2018-11-15,49532.0
Blue,府中,2018-11-15,59812.0
Blue,板橋,2018-11-15,85284.0
Blue,新埔,2018-11-15,84091.0
Blue,江子翠,2018-11-15,55828.0
Blue,龍山寺,2018-11-15,62384.0
Blue,西門,2018-11-15,83587.0
Blue,善導寺,2018-11-15,52363.0
Blue,忠孝新生,2018-11-15,40044.5
Blue,忠孝敦化,2018-11-15,74331.0
Blue,國父紀念館,2018-11-15,47211.0
Blue,市政府,2018-11-15,126225.0
Blue,永春,2018-11-15,42606.0
Blue,後山埤,2018-11-15,34361.0
Blue,昆陽,2018-11-15,31771.0
Blue,南港,2018-11-15,36120.0
Blue,忠孝復興,2018-11-15,72123.5
Blue,南港展覽館,2018-11-15,36479.5
Blue,台北車站,2018-11-16,176682.5
Blue,頂埔,2018-11-16,19223.0
Blue,永寧,2018-11-16,30517.0
Blue,土城,2018-11-16,16315.0
Blue,海山,2018-11-16,49063.0
Blue,亞東醫院,2018-11-16,53062.0
Blue,府中,2018-11-16,67982.0
Blue,板橋,2018-11-16,109897.0
Blue,新埔,2018-11-16,91998.0
Blue,江子翠,2018-11-16,58272.0
Blue,龍山寺,2018-11-16,65197.0
Blue,西門,2018-11-16,98547.5
Blue,善導寺,2018-11-16,52946.0
Blue,忠孝新生,2018-11-16,45915.0
Blue,忠孝敦化,2018-11-16,86324.0
Blue,國父紀念館,2018-11-16,53633.0
Blue,市政府,2018-11-16,150396.0
Blue,永春,2018-11-16,46511.0
Blue,後山埤,2018-11-16,37403.0
Blue,昆陽,2018-11-16,33276.0
Blue,南港,2018-11-16,45725.0
Blue,忠孝復興,2018-11-16,84058.5
Blue,南港展覽館,2018-11-16,58794.0
Blue,台北車站,2018-11-17,191582.0
Blue,頂埔,2018-11-17,14775.0
Blue,永寧,2018-11-17,25550.0
Blue,土城,2018-11-17,14311.0
Blue,海山,2018-11-17,39520.0
Blue,亞東醫院,2018-11-17,38694.0
Blue,府中,2018-11-17,64974.0
Blue,板橋,2018-11-17,127225.0
Blue,新埔,2018-11-17,75114.0
Blue,江子翠,2018-11-17,47492.0
Blue,龍山寺,2018-11-17,63960.0
Blue,西門,2018-11-17,116639.5
Blue,善導寺,2018-11-17,35182.0
Blue,忠孝新生,2018-11-17,42590.0
Blue,忠孝敦化,2018-11-17,79473.0
Blue,國父紀念館,2018-11-17,51342.0
Blue,市政府,2018-11-17,132931.0
Blue,永春,2018-11-17,33789.0
Blue,後山埤,2018-11-17,31613.0
Blue,昆陽,2018-11-17,21345.0
Blue,南港,2018-11-17,39963.0
Blue,忠孝復興,2018-11-17,87511.5
Blue,南港展覽館,2018-11-17,55634.0
Blue,台北車站,2018-11-18,187654.0
Blue,頂埔,2018-11-18,14613.0
Blue,永寧,2018-11-18,24514.0
Blue,土城,2018-11-18,12352.0
Blue,海山,2018-11-18,35819.0
Blue,亞東醫院,2018-11-18,32013.0
Blue,府中,2018-11-18,57183.0
Blue,板橋,2018-11-18,114988.0
Blue,新埔,2018-11-18,65142.0
Blue,江子翠,2018-11-18,41321.0
Blue,龍山寺,2018-11-18,59420.0
Blue,西門,2018-11-18,103819.0
Blue,善導寺,2018-11-18,30110.0
Blue,忠孝新生,2018-11-18,37097.5
Blue,忠孝敦化,2018-11-18,58353.0
Blue,國父紀念館,2018-11-18,40982.0
Blue,市政府,2018-11-18,128886.0
Blue,永春,2018-11-18,30880.0
Blue,後山埤,2018-11-18,28605.0
Blue,昆陽,2018-11-18,19355.0
Blue,南港,2018-11-18,34342.0
Blue,忠孝復興,2018-11-18,71617.5
Blue,南港展覽館,2018-11-18,50112.0
Blue,台北車站,2018-11-19,143817.5
Blue,頂埔,2018-11-19,17336.0
Blue,永寧,2018-11-19,26971.0
Blue,土城,2018-11-19,15111.0
Blue,海山,2018-11-19,45540.0
Blue,亞東醫院,2018-11-19,51030.0
Blue,府中,2018-11-19,59216.0
Blue,板橋,2018-11-19,90657.0
Blue,新埔,2018-11-19,85534.0
Blue,江子翠,2018-11-19,52804.0
Blue,龍山寺,2018-11-19,59003.0
Blue,西門,2018-11-19,81331.5
Blue,善導寺,2018-11-19,47530.0
Blue,忠孝新生,2018-11-19,38178.5
Blue,忠孝敦化,2018-11-19,70162.0
Blue,國父紀念館,2018-11-19,43435.0
Blue,市政府,2018-11-19,124954.0
Blue,永春,2018-11-19,42276.0
Blue,後山埤,2018-11-19,34587.0
Blue,昆陽,2018-11-19,31353.0
Blue,南港,2018-11-19,39608.0
Blue,忠孝復興,2018-11-19,72103.5
Blue,南港展覽館,2018-11-19,52761.5
Blue,台北車站,2018-11-20,131879.0
Blue,頂埔,2018-11-20,17373.0
Blue,永寧,2018-11-20,26925.0
Blue,土城,2018-11-20,14862.0
Blue,海山,2018-11-20,45584.0
Blue,亞東醫院,2018-11-20,51716.0
Blue,府中,2018-11-20,60210.0
Blue,板橋,2018-11-20,87833.0
Blue,新埔,2018-11-20,86228.0
Blue,江子翠,2018-11-20,53610.0
Blue,龍山寺,2018-11-20,61023.0
Blue,西門,2018-11-20,80245.5
Blue,善導寺,2018-11-20,49694.0
Blue,忠孝新生,2018-11-20,37549.0
Blue,忠孝敦化,2018-11-20,70797.0
Blue,國父紀念館,2018-11-20,44595.0
Blue,市政府,2018-11-20,122340.0
Blue,永春,2018-11-20,42763.0
Blue,後山埤,2018-11-20,33623.0
Blue,昆陽,2018-11-20,30556.0
Blue,南港,2018-11-20,34294.0
Blue,忠孝復興,2018-11-20,57014.0
Blue,南港展覽館,2018-11-20,34980.0
Blue,台北車站,2018-11-21,136562.0
Blue,頂埔,2018-11-21,17738.0
Blue,永寧,2018-11-21,27042.0
Blue,土城,2018-11-21,15189.0
Blue,海山,2018-11-21,45818.0
Blue,亞東醫院,2018-11-21,51681.0
Blue,府中,2018-11-21,60678.0
Blue,板橋,2018-11-21,89994.0
Blue,新埔,2018-11-21,86538.0
Blue,江子翠,2018-11-21,54243.0
Blue,龍山寺,2018-11-21,60536.0
Blue,西門,2018-11-21,79514.0
Blue,善導寺,2018-11-21,50453.0
Blue,忠孝新生,2018-11-21,38014.5
Blue,忠孝敦化,2018-11-21,73078.0
Blue,國父紀念館,2018-11-21,44939.0
Blue,市政府,2018-11-21,124338.0
Blue,永春,2018-11-21,43212.0
Blue,後山埤,2018-11-21,34688.0
Blue,昆陽,2018-11-21,30500.0
Blue,南港,2018-11-21,34932.0
Blue,忠孝復興,2018-11-21,55791.0
Blue,南港展覽館,2018-11-21,35963.0
Blue,台北車站,2018-11-22,145527.5
Blue,頂埔,2018-11-22,17493.0
Blue,永寧,2018-11-22,27141.0
Blue,土城,2018-11-22,14996.0
Blue,海山,2018-11-22,46391.0
Blue,亞東醫院,2018-11-22,52210.0
Blue,府中,2018-11-22,61343.0
Blue,板橋,2018-11-22,91726.0
Blue,新埔,2018-11-22,87859.0
Blue,江子翠,2018-11-22,55741.0
Blue,龍山寺,2018-11-22,63458.0
Blue,西門,2018-11-22,82013.0
Blue,善導寺,2018-11-22,51783.0
Blue,忠孝新生,2018-11-22,39745.5
Blue,忠孝敦化,2018-11-22,75666.0
Blue,國父紀念館,2018-11-22,47682.0
Blue,市政府,2018-11-22,131323.0
Blue,永春,2018-11-22,44383.0
Blue,後山埤,2018-11-22,35032.0
Blue,昆陽,2018-11-22,32331.0
Blue,南港,2018-11-22,37016.0
Blue,忠孝復興,2018-11-22,58692.5
Blue,南港展覽館,2018-11-22,37665.5
Blue,台北車站,2018-11-23,188849.0
Blue,頂埔,2018-11-23,19362.0
Blue,永寧,2018-11-23,30453.0
Blue,土城,2018-11-23,16890.0
Blue,海山,2018-11-23,50015.0
Blue,亞東醫院,2018-11-23,54205.0
Blue,府中,2018-11-23,66975.0
Blue,板橋,2018-11-23,113021.0
Blue,新埔,2018-11-23,93198.0
Blue,江子翠,2018-11-23,57672.0
Blue,龍山寺,2018-11-23,66497.0
Blue,西門,2018-11-23,94626.0
Blue,善導寺,2018-11-23,53424.0
Blue,忠孝新生,2018-11-23,45709.5
Blue,忠孝敦化,2018-11-23,85241.0
Blue,國父紀念館,2018-11-23,50954.0
Blue,市政府,2018-11-23,163062.0
Blue,永春,2018-11-23,46838.0
Blue,後山埤,2018-11-23,37717.0
Blue,昆陽,2018-11-23,33213.0
Blue,南港,2018-11-23,50937.0
Blue,忠孝復興,2018-11-23,67498.5
Blue,南港展覽館,2018-11-23,58360.0
Blue,台北車站,2018-11-24,152458.5
Blue,頂埔,2018-11-24,14198.0
Blue,永寧,2018-11-24,23340.0
Blue,土城,2018-11-24,13419.0
Blue,海山,2018-11-24,35819.0
Blue,亞東醫院,2018-11-24,33370.0
Blue,府中,2018-11-24,57311.0
Blue,板橋,2018-11-24,114110.0
Blue,新埔,2018-11-24,64119.0
Blue,江子翠,2018-11-24,42683.0
Blue,龍山寺,2018-11-24,59044.0
Blue,西門,2018-11-24,95475.0
Blue,善導寺,2018-11-24,28530.0
Blue,忠孝新生,2018-11-24,33652.5
Blue,忠孝敦化,2018-11-24,63688.0
Blue,國父紀念館,2018-11-24,37852.0
Blue,市政府,2018-11-24,109924.0
Blue,永春,2018-11-24,30139.0
Blue,後山埤,2018-11-24,29685.0
Blue,昆陽,2018-11-24,18899.0
Blue,南港,2018-11-24,32049.0
Blue,忠孝復興,2018-11-24,56507.5
Blue,南港展覽館,2018-11-24,45385.0
Blue,台北車站,2018-11-25,174397.0
Blue,頂埔,2018-11-25,13317.0
Blue,永寧,2018-11-25,22447.0
Blue,土城,2018-11-25,11504.0
Blue,海山,2018-11-25,32668.0
Blue,亞東醫院,2018-11-25,30537.0
Blue,府中,2018-11-25,52681.0
Blue,板橋,2018-11-25,105048.0
Blue,新埔,2018-11-25,60049.0
Blue,江子翠,2018-11-25,38596.0
Blue,龍山寺,2018-11-25,55451.0
Blue,西門,2018-11-25,86708.5
Blue,善導寺,2018-11-25,28060.0
Blue,忠孝新生,2018-11-25,34351.0
Blue,忠孝敦化,2018-11-25,55213.0
Blue,國父紀念館,2018-11-25,33029.0
Blue,市政府,2018-11-25,108732.0
Blue,永春,2018-11-25,28296.0
Blue,後山埤,2018-11-25,26000.0
Blue,昆陽,2018-11-25,17206.0
Blue,南港,2018-11-25,33594.0
Blue,忠孝復興,2018-11-25,50264.0
Blue,南港展覽館,2018-11-25,49663.5
Blue,台北車站,2018-11-26,144700.0
Blue,頂埔,2018-11-26,16936.0
Blue,永寧,2018-11-26,26892.0
Blue,土城,2018-11-26,14844.0
Blue,海山,2018-11-26,43217.0
Blue,亞東醫院,2018-11-26,50388.0
Blue,府中,2018-11-26,57683.0
Blue,板橋,2018-11-26,87255.0
Blue,新埔,2018-11-26,84561.0
Blue,江子翠,2018-11-26,52833.0
Blue,龍山寺,2018-11-26,59410.0
Blue,西門,2018-11-26,76767.5
Blue,善導寺,2018-11-26,48292.0
Blue,忠孝新生,2018-11-26,37578.0
Blue,忠孝敦化,2018-11-26,70346.0
Blue,國父紀念館,2018-11-26,42987.0
Blue,市政府,2018-11-26,124390.0
Blue,永春,2018-11-26,42273.0
Blue,後山埤,2018-11-26,34195.0
Blue,昆陽,2018-11-26,30754.0
Blue,南港,2018-11-26,39745.0
Blue,忠孝復興,2018-11-26,54208.5
Blue,南港展覽館,2018-11-26,57030.0
Blue,台北車站,2018-11-27,130982.0
Blue,頂埔,2018-11-27,17347.0
Blue,永寧,2018-11-27,26627.0
Blue,土城,2018-11-27,14741.0
Blue,海山,2018-11-27,45217.0
Blue,亞東醫院,2018-11-27,51509.0
Blue,府中,2018-11-27,60325.0
Blue,板橋,2018-11-27,88291.0
Blue,新埔,2018-11-27,85987.0
Blue,江子翠,2018-11-27,53360.0
Blue,龍山寺,2018-11-27,61900.0
Blue,西門,2018-11-27,77404.0
Blue,善導寺,2018-11-27,49323.0
Blue,忠孝新生,2018-11-27,37885.5
Blue,忠孝敦化,2018-11-27,71756.0
Blue,國父紀念館,2018-11-27,44473.0
Blue,市政府,2018-11-27,123281.0
Blue,永春,2018-11-27,42667.0
Blue,後山埤,2018-11-27,33858.0
Blue,昆陽,2018-11-27,30857.0
Blue,南港,2018-11-27,35475.0
Blue,忠孝復興,2018-11-27,54799.5
Blue,南港展覽館,2018-11-27,35224.0
Blue,台北車站,2018-11-28,131932.0
Blue,頂埔,2018-11-28,17260.0
Blue,永寧,2018-11-28,26327.0
Blue,土城,2018-11-28,15151.0
Blue,海山,2018-11-28,47447.0
Blue,亞東醫院,2018-11-28,51646.0
Blue,府中,2018-11-28,61021.0
Blue,板橋,2018-11-28,90316.0
Blue,新埔,2018-11-28,86390.0
Blue,江子翠,2018-11-28,54437.0
Blue,龍山寺,2018-11-28,61615.0
Blue,西門,2018-11-28,78809.5
Blue,善導寺,2018-11-28,50634.0
Blue,忠孝新生,2018-11-28,38552.5
Blue,忠孝敦化,2018-11-28,73154.0
Blue,國父紀念館,2018-11-28,45489.0
Blue,市政府,2018-11-28,126106.0
Blue,永春,2018-11-28,42962.0
Blue,後山埤,2018-11-28,34393.0
Blue,昆陽,2018-11-28,31071.0
Blue,南港,2018-11-28,36030.0
Blue,忠孝復興,2018-11-28,56138.0
Blue,南港展覽館,2018-11-28,36433.0
Blue,台北車站,2018-11-29,137217.5
Blue,頂埔,2018-11-29,17294.0
Blue,永寧,2018-11-29,27392.0
Blue,土城,2018-11-29,15556.0
Blue,海山,2018-11-29,47197.0
Blue,亞東醫院,2018-11-29,51690.0
Blue,府中,2018-11-29,62609.0
Blue,板橋,2018-11-29,95079.0
Blue,新埔,2018-11-29,87462.0
Blue,江子翠,2018-11-29,55028.0
Blue,龍山寺,2018-11-29,67784.0
Blue,西門,2018-11-29,81456.0
Blue,善導寺,2018-11-29,50091.0
Blue,忠孝新生,2018-11-29,39543.0
Blue,忠孝敦化,2018-11-29,73468.0
Blue,國父紀念館,2018-11-29,46556.0
Blue,市政府,2018-11-29,129211.0
Blue,永春,2018-11-29,43573.0
Blue,後山埤,2018-11-29,34697.0
Blue,昆陽,2018-11-29,33182.0
Blue,南港,2018-11-29,38947.0
Blue,忠孝復興,2018-11-29,57652.0
Blue,南港展覽館,2018-11-29,43068.5
Blue,台北車站,2018-11-30,170106.5
Blue,頂埔,2018-11-30,18612.0
Blue,永寧,2018-11-30,30225.0
Blue,土城,2018-11-30,16276.0
Blue,海山,2018-11-30,46413.0
Blue,亞東醫院,2018-11-30,53334.0
Blue,府中,2018-11-30,66819.0
Blue,板橋,2018-11-30,115451.0
Blue,新埔,2018-11-30,91735.0
Blue,江子翠,2018-11-30,57448.0
Blue,龍山寺,2018-11-30,66325.0
Blue,西門,2018-11-30,96721.0
Blue,善導寺,2018-11-30,53116.0
Blue,忠孝新生,2018-11-30,43550.5
Blue,忠孝敦化,2018-11-30,83916.0
Blue,國父紀念館,2018-11-30,51793.0
Blue,市政府,2018-11-30,149695.0
Blue,永春,2018-11-30,46150.0
Blue,後山埤,2018-11-30,37470.0
Blue,昆陽,2018-11-30,33086.0
Blue,南港,2018-11-30,44610.0
Blue,忠孝復興,2018-11-30,64695.0
Blue,南港展覽館,2018-11-30,45680.0
Blue,台北車站,2018-12-01,187967.0
Blue,頂埔,2018-12-01,15436.0
Blue,永寧,2018-12-01,28175.0
Blue,土城,2018-12-01,15076.0
Blue,海山,2018-12-01,41223.0
Blue,亞東醫院,2018-12-01,39669.0
Blue,府中,2018-12-01,69917.0
Blue,板橋,2018-12-01,156646.0
Blue,新埔,2018-12-01,76922.0
Blue,江子翠,2018-12-01,51629.0
Blue,龍山寺,2018-12-01,68839.0
Blue,西門,2018-12-01,115277.0
Blue,善導寺,2018-12-01,39650.0
Blue,忠孝新生,2018-12-01,56550.0
Blue,忠孝敦化,2018-12-01,75078.0
Blue,國父紀念館,2018-12-01,42970.0
Blue,市政府,2018-12-01,132773.0
Blue,永春,2018-12-01,34713.0
Blue,後山埤,2018-12-01,32902.0
Blue,昆陽,2018-12-01,21058.0
Blue,南港,2018-12-01,34575.0
Blue,忠孝復興,2018-12-01,64366.5
Blue,南港展覽館,2018-12-01,34214.5
Blue,台北車站,2018-12-02,173664.5
Blue,頂埔,2018-12-02,13670.0
Blue,永寧,2018-12-02,23353.0
Blue,土城,2018-12-02,12558.0
Blue,海山,2018-12-02,34511.0
Blue,亞東醫院,2018-12-02,32391.0
Blue,府中,2018-12-02,55954.0
Blue,板橋,2018-12-02,116735.0
Blue,新埔,2018-12-02,65439.0
Blue,江子翠,2018-12-02,40868.0
Blue,龍山寺,2018-12-02,58670.0
Blue,西門,2018-12-02,99894.5
Blue,善導寺,2018-12-02,31754.0
Blue,忠孝新生,2018-12-02,48262.0
Blue,忠孝敦化,2018-12-02,57172.0
Blue,國父紀念館,2018-12-02,35157.0
Blue,市政府,2018-12-02,130646.0
Blue,永春,2018-12-02,28651.0
Blue,後山埤,2018-12-02,27830.0
Blue,昆陽,2018-12-02,17931.0
Blue,南港,2018-12-02,31150.0
Blue,忠孝復興,2018-12-02,51424.5
Blue,南港展覽館,2018-12-02,27528.5
Blue,台北車站,2018-12-03,135029.5
Blue,頂埔,2018-12-03,17035.0
Blue,永寧,2018-12-03,27311.0
Blue,土城,2018-12-03,15056.0
Blue,海山,2018-12-03,45207.0
Blue,亞東醫院,2018-12-03,50956.0
Blue,府中,2018-12-03,57835.0
Blue,板橋,2018-12-03,91366.0
Blue,新埔,2018-12-03,85064.0
Blue,江子翠,2018-12-03,53102.0
Blue,龍山寺,2018-12-03,57723.0
Blue,西門,2018-12-03,78519.0
Blue,善導寺,2018-12-03,46562.0
Blue,忠孝新生,2018-12-03,37468.0
Blue,忠孝敦化,2018-12-03,68596.0
Blue,國父紀念館,2018-12-03,42115.0
Blue,市政府,2018-12-03,120896.0
Blue,永春,2018-12-03,41236.0
Blue,後山埤,2018-12-03,33209.0
Blue,昆陽,2018-12-03,30089.0
Blue,南港,2018-12-03,34996.0
Blue,忠孝復興,2018-12-03,52240.0
Blue,南港展覽館,2018-12-03,34459.5
Blue,台北車站,2018-12-04,130567.5
Blue,頂埔,2018-12-04,17221.0
Blue,永寧,2018-12-04,27206.0
Blue,土城,2018-12-04,15086.0
Blue,海山,2018-12-04,46046.0
Blue,亞東醫院,2018-12-04,51915.0
Blue,府中,2018-12-04,60666.0
Blue,板橋,2018-12-04,90634.0
Blue,新埔,2018-12-04,87120.0
Blue,江子翠,2018-12-04,53698.0
Blue,龍山寺,2018-12-04,60034.0
Blue,西門,2018-12-04,77378.5
Blue,善導寺,2018-12-04,50615.0
Blue,忠孝新生,2018-12-04,38171.0
Blue,忠孝敦化,2018-12-04,70565.0
Blue,國父紀念館,2018-12-04,43367.0
Blue,市政府,2018-12-04,121445.0
Blue,永春,2018-12-04,42798.0
Blue,後山埤,2018-12-04,33901.0
Blue,昆陽,2018-12-04,31014.0
Blue,南港,2018-12-04,34914.0
Blue,忠孝復興,2018-12-04,53762.0
Blue,南港展覽館,2018-12-04,35212.5
Blue,台北車站,2018-12-05,135287.0
Blue,頂埔,2018-12-05,17597.0
Blue,永寧,2018-12-05,27536.0
Blue,土城,2018-12-05,15098.0
Blue,海山,2018-12-05,45817.0
Blue,亞東醫院,2018-12-05,52453.0
Blue,府中,2018-12-05,60165.0
Blue,板橋,2018-12-05,90902.0
Blue,新埔,2018-12-05,86599.0
Blue,江子翠,2018-12-05,54989.0
Blue,龍山寺,2018-12-05,60491.0
Blue,西門,2018-12-05,82181.0
Blue,善導寺,2018-12-05,51461.0
Blue,忠孝新生,2018-12-05,39009.5
Blue,忠孝敦化,2018-12-05,73060.0
Blue,國父紀念館,2018-12-05,46433.0
Blue,市政府,2018-12-05,125070.0
Blue,永春,2018-12-05,43790.0
Blue,後山埤,2018-12-05,34465.0
Blue,昆陽,2018-12-05,30888.0
Blue,南港,2018-12-05,35475.0
Blue,忠孝復興,2018-12-05,55747.5
Blue,南港展覽館,2018-12-05,35264.5
Blue,台北車站,2018-12-06,142110.0
Blue,頂埔,2018-12-06,17595.0
Blue,永寧,2018-12-06,27856.0
Blue,土城,2018-12-06,15316.0
Blue,海山,2018-12-06,45911.0
Blue,亞東醫院,2018-12-06,52024.0
Blue,府中,2018-12-06,60972.0
Blue,板橋,2018-12-06,93196.0
Blue,新埔,2018-12-06,87597.0
Blue,江子翠,2018-12-06,54834.0
Blue,龍山寺,2018-12-06,61074.0
Blue,西門,2018-12-06,83124.5
Blue,善導寺,2018-12-06,49142.0
Blue,忠孝新生,2018-12-06,39288.5
Blue,忠孝敦化,2018-12-06,74499.0
Blue,國父紀念館,2018-12-06,45543.0
Blue,市政府,2018-12-06,128312.0
Blue,永春,2018-12-06,43620.0
Blue,後山埤,2018-12-06,34021.0
Blue,昆陽,2018-12-06,32429.0
Blue,南港,2018-12-06,36207.0
Blue,忠孝復興,2018-12-06,57347.0
Blue,南港展覽館,2018-12-06,35762.0
Blue,台北車站,2018-12-07,186049.0
Blue,頂埔,2018-12-07,19091.0
Blue,永寧,2018-12-07,31074.0
Blue,土城,2018-12-07,16344.0
Blue,海山,2018-12-07,48947.0
Blue,亞東醫院,2018-12-07,54708.0
Blue,府中,2018-12-07,69810.0
Blue,板橋,2018-12-07,118165.0
Blue,新埔,2018-12-07,93241.0
Blue,江子翠,2018-12-07,57855.0
Blue,龍山寺,2018-12-07,68750.0
Blue,西門,2018-12-07,101129.0
Blue,善導寺,2018-12-07,52946.0
Blue,忠孝新生,2018-12-07,48877.5
Blue,忠孝敦化,2018-12-07,84509.0
Blue,國父紀念館,2018-12-07,54011.0
Blue,市政府,2018-12-07,152695.0
Blue,永春,2018-12-07,47904.0
Blue,後山埤,2018-12-07,38290.0
Blue,昆陽,2018-12-07,34144.0
Blue,南港,2018-12-07,43450.0
Blue,忠孝復興,2018-12-07,66030.0
Blue,南港展覽館,2018-12-07,42722.0
Blue,台北車站,2018-12-08,215097.0
Blue,頂埔,2018-12-08,16112.0
Blue,永寧,2018-12-08,28657.0
Blue,土城,2018-12-08,15999.0
Blue,海山,2018-12-08,42071.0
Blue,亞東醫院,2018-12-08,40853.0
Blue,府中,2018-12-08,75503.0
Blue,板橋,2018-12-08,174848.0
Blue,新埔,2018-12-08,81212.0
Blue,江子翠,2018-12-08,51854.0
Blue,龍山寺,2018-12-08,69491.0
Blue,西門,2018-12-08,129562.5
Blue,善導寺,2018-12-08,38087.0
Blue,忠孝新生,2018-12-08,52169.5
Blue,忠孝敦化,2018-12-08,81072.0
Blue,國父紀念館,2018-12-08,47255.0
Blue,市政府,2018-12-08,146253.0
Blue,永春,2018-12-08,35599.0
Blue,後山埤,2018-12-08,34222.0
Blue,昆陽,2018-12-08,21343.0
Blue,南港,2018-12-08,32923.0
Blue,忠孝復興,2018-12-08,71548.5
Blue,南港展覽館,2018-12-08,25950.5
Blue,台北車站,2018-12-09,201310.5
Blue,頂埔,2018-12-09,13860.0
Blue,永寧,2018-12-09,23985.0
Blue,土城,2018-12-09,12471.0
Blue,海山,2018-12-09,34193.0
Blue,亞東醫院,2018-12-09,32524.0
Blue,府中,2018-12-09,58286.0
Blue,板橋,2018-12-09,129660.0
Blue,新埔,2018-12-09,64225.0
Blue,江子翠,2018-12-09,41627.0
Blue,龍山寺,2018-12-09,60043.0
Blue,西門,2018-12-09,107342.5
Blue,善導寺,2018-12-09,32833.0
Blue,忠孝新生,2018-12-09,42814.5
Blue,忠孝敦化,2018-12-09,62825.0
Blue,國父紀念館,2018-12-09,38538.0
Blue,市政府,2018-12-09,139646.0
Blue,永春,2018-12-09,30473.0
Blue,後山埤,2018-12-09,28929.0
Blue,昆陽,2018-12-09,18823.0
Blue,南港,2018-12-09,35755.0
Blue,忠孝復興,2018-12-09,57552.5
Blue,南港展覽館,2018-12-09,36131.5
Blue,台北車站,2018-12-10,148511.0
Blue,頂埔,2018-12-10,17612.0
Blue,永寧,2018-12-10,27791.0
Blue,土城,2018-12-10,16000.0
Blue,海山,2018-12-10,46761.0
Blue,亞東醫院,2018-12-10,51946.0
Blue,府中,2018-12-10,60822.0
Blue,板橋,2018-12-10,97414.0
Blue,新埔,2018-12-10,86630.0
Blue,江子翠,2018-12-10,53861.0
Blue,龍山寺,2018-12-10,60327.0
Blue,西門,2018-12-10,85339.0
Blue,善導寺,2018-12-10,47505.0
Blue,忠孝新生,2018-12-10,38494.0
Blue,忠孝敦化,2018-12-10,72446.0
Blue,國父紀念館,2018-12-10,44878.0
Blue,市政府,2018-12-10,130704.0
Blue,永春,2018-12-10,42764.0
Blue,後山埤,2018-12-10,34793.0
Blue,昆陽,2018-12-10,31772.0
Blue,南港,2018-12-10,36550.0
Blue,忠孝復興,2018-12-10,55369.0
Blue,南港展覽館,2018-12-10,34750.0
Blue,台北車站,2018-12-11,139224.0
Blue,頂埔,2018-12-11,17490.0
Blue,永寧,2018-12-11,27432.0
Blue,土城,2018-12-11,14736.0
Blue,海山,2018-12-11,45802.0
Blue,亞東醫院,2018-12-11,52764.0
Blue,府中,2018-12-11,61286.0
Blue,板橋,2018-12-11,92399.0
Blue,新埔,2018-12-11,88328.0
Blue,江子翠,2018-12-11,54913.0
Blue,龍山寺,2018-12-11,59588.0
Blue,西門,2018-12-11,80329.0
Blue,善導寺,2018-12-11,50364.0
Blue,忠孝新生,2018-12-11,38200.0
Blue,忠孝敦化,2018-12-11,73597.0
Blue,國父紀念館,2018-12-11,45107.0
Blue,市政府,2018-12-11,128801.0
Blue,永春,2018-12-11,43683.0
Blue,後山埤,2018-12-11,34828.0
Blue,昆陽,2018-12-11,31373.0
Blue,南港,2018-12-11,35865.0
Blue,忠孝復興,2018-12-11,55960.0
Blue,南港展覽館,2018-12-11,35710.0
Blue,台北車站,2018-12-12,141451.0
Blue,頂埔,2018-12-12,17848.0
Blue,永寧,2018-12-12,27471.0
Blue,土城,2018-12-12,15421.0
Blue,海山,2018-12-12,46333.0
Blue,亞東醫院,2018-12-12,52325.0
Blue,府中,2018-12-12,62749.0
Blue,板橋,2018-12-12,95275.0
Blue,新埔,2018-12-12,88895.0
Blue,江子翠,2018-12-12,55157.0
Blue,龍山寺,2018-12-12,61245.0
Blue,西門,2018-12-12,84126.0
Blue,善導寺,2018-12-12,51187.0
Blue,忠孝新生,2018-12-12,39403.5
Blue,忠孝敦化,2018-12-12,76115.0
Blue,國父紀念館,2018-12-12,46072.0
Blue,市政府,2018-12-12,132574.0
Blue,永春,2018-12-12,44158.0
Blue,後山埤,2018-12-12,35008.0
Blue,昆陽,2018-12-12,31240.0
Blue,南港,2018-12-12,37006.0
Blue,忠孝復興,2018-12-12,58262.5
Blue,南港展覽館,2018-12-12,36935.5
Blue,台北車站,2018-12-13,147032.0
Blue,頂埔,2018-12-13,17574.0
Blue,永寧,2018-12-13,27938.0
Blue,土城,2018-12-13,15362.0
Blue,海山,2018-12-13,46312.0
Blue,亞東醫院,2018-12-13,52326.0
Blue,府中,2018-12-13,62323.0
Blue,板橋,2018-12-13,97363.0
Blue,新埔,2018-12-13,89151.0
Blue,江子翠,2018-12-13,55351.0
Blue,龍山寺,2018-12-13,61708.0
Blue,西門,2018-12-13,87637.5
Blue,善導寺,2018-12-13,52377.0
Blue,忠孝新生,2018-12-13,40317.0
Blue,忠孝敦化,2018-12-13,77333.0
Blue,國父紀念館,2018-12-13,48345.0
Blue,市政府,2018-12-13,134942.0
Blue,永春,2018-12-13,45091.0
Blue,後山埤,2018-12-13,35488.0
Blue,昆陽,2018-12-13,33135.0
Blue,南港,2018-12-13,39794.0
Blue,忠孝復興,2018-12-13,59787.5
Blue,南港展覽館,2018-12-13,43404.5
Blue,台北車站,2018-12-14,185470.5
Blue,頂埔,2018-12-14,19262.0
Blue,永寧,2018-12-14,31312.0
Blue,土城,2018-12-14,16999.0
Blue,海山,2018-12-14,49826.0
Blue,亞東醫院,2018-12-14,54949.0
Blue,府中,2018-12-14,70130.0
Blue,板橋,2018-12-14,122603.0
Blue,新埔,2018-12-14,94729.0
Blue,江子翠,2018-12-14,58802.0
Blue,龍山寺,2018-12-14,66788.0
Blue,西門,2018-12-14,103590.0
Blue,善導寺,2018-12-14,54294.0
Blue,忠孝新生,2018-12-14,47664.0
Blue,忠孝敦化,2018-12-14,88120.0
Blue,國父紀念館,2018-12-14,53443.0
Blue,市政府,2018-12-14,157612.0
Blue,永春,2018-12-14,48141.0
Blue,後山埤,2018-12-14,38780.0
Blue,昆陽,2018-12-14,33509.0
Blue,南港,2018-12-14,46578.0
Blue,忠孝復興,2018-12-14,68835.5
Blue,南港展覽館,2018-12-14,47825.0
Blue,台北車站,2018-12-15,220777.5
Blue,頂埔,2018-12-15,17736.0
Blue,永寧,2018-12-15,32989.0
Blue,土城,2018-12-15,17571.0
Blue,海山,2018-12-15,45039.0
Blue,亞東醫院,2018-12-15,44576.0
Blue,府中,2018-12-15,88290.0
Blue,板橋,2018-12-15,269816.0
Blue,新埔,2018-12-15,91131.0
Blue,江子翠,2018-12-15,55123.0
Blue,龍山寺,2018-12-15,75686.0
Blue,西門,2018-12-15,147835.5
Blue,善導寺,2018-12-15,38463.0
Blue,忠孝新生,2018-12-15,51534.0
Blue,忠孝敦化,2018-12-15,84598.0
Blue,國父紀念館,2018-12-15,50486.0
Blue,市政府,2018-12-15,156177.0
Blue,永春,2018-12-15,38107.0
Blue,後山埤,2018-12-15,36975.0
Blue,昆陽,2018-12-15,23264.0
Blue,南港,2018-12-15,38683.0
Blue,忠孝復興,2018-12-15,74013.5
Blue,南港展覽館,2018-12-15,41847.5
Blue,台北車站,2018-12-16,199028.0
Blue,頂埔,2018-12-16,14556.0
Blue,永寧,2018-12-16,25326.0
Blue,土城,2018-12-16,13639.0
Blue,海山,2018-12-16,37085.0
Blue,亞東醫院,2018-12-16,33246.0
Blue,府中,2018-12-16,64702.0
Blue,板橋,2018-12-16,166166.0
Blue,新埔,2018-12-16,68084.0
Blue,江子翠,2018-12-16,43516.0
Blue,龍山寺,2018-12-16,62135.0
Blue,西門,2018-12-16,118929.5
Blue,善導寺,2018-12-16,30885.0
Blue,忠孝新生,2018-12-16,42249.0
Blue,忠孝敦化,2018-12-16,63339.0
Blue,國父紀念館,2018-12-16,37178.0
Blue,市政府,2018-12-16,129388.0
Blue,永春,2018-12-16,29629.0
Blue,後山埤,2018-12-16,28727.0
Blue,昆陽,2018-12-16,18810.0
Blue,南港,2018-12-16,33415.0
Blue,忠孝復興,2018-12-16,57814.5
Blue,南港展覽館,2018-12-16,33514.0
Blue,台北車站,2018-12-17,149444.0
Blue,頂埔,2018-12-17,17272.0
Blue,永寧,2018-12-17,27562.0
Blue,土城,2018-12-17,15196.0
Blue,海山,2018-12-17,46527.0
Blue,亞東醫院,2018-12-17,51588.0
Blue,府中,2018-12-17,61929.0
Blue,板橋,2018-12-17,100783.0
Blue,新埔,2018-12-17,85920.0
Blue,江子翠,2018-12-17,53893.0
Blue,龍山寺,2018-12-17,61661.0
Blue,西門,2018-12-17,86663.5
Blue,善導寺,2018-12-17,47374.0
Blue,忠孝新生,2018-12-17,38697.5
Blue,忠孝敦化,2018-12-17,73015.0
Blue,國父紀念館,2018-12-17,43881.0
Blue,市政府,2018-12-17,129400.0
Blue,永春,2018-12-17,41741.0
Blue,後山埤,2018-12-17,34821.0
Blue,昆陽,2018-12-17,30855.0
Blue,南港,2018-12-17,36468.0
Blue,忠孝復興,2018-12-17,56554.0
Blue,南港展覽館,2018-12-17,35604.0
Blue,台北車站,2018-12-18,141528.5
Blue,頂埔,2018-12-18,17557.0
Blue,永寧,2018-12-18,27722.0
Blue,土城,2018-12-18,15346.0
Blue,海山,2018-12-18,46680.0
Blue,亞東醫院,2018-12-18,52687.0
Blue,府中,2018-12-18,62581.0
Blue,板橋,2018-12-18,97825.0
Blue,新埔,2018-12-18,87919.0
Blue,江子翠,2018-12-18,54613.0
Blue,龍山寺,2018-12-18,62315.0
Blue,西門,2018-12-18,85998.0
Blue,善導寺,2018-12-18,51600.0
Blue,忠孝新生,2018-12-18,39906.5
Blue,忠孝敦化,2018-12-18,73950.0
Blue,國父紀念館,2018-12-18,45895.0
Blue,市政府,2018-12-18,130325.0
Blue,永春,2018-12-18,42746.0
Blue,後山埤,2018-12-18,35258.0
Blue,昆陽,2018-12-18,32094.0
Blue,南港,2018-12-18,36361.0
Blue,忠孝復興,2018-12-18,58082.0
Blue,南港展覽館,2018-12-18,35780.0
Blue,台北車站,2018-12-19,142980.5
Blue,頂埔,2018-12-19,17791.0
Blue,永寧,2018-12-19,28425.0
Blue,土城,2018-12-19,15867.0
Blue,海山,2018-12-19,46702.0
Blue,亞東醫院,2018-12-19,53352.0
Blue,府中,2018-12-19,64345.0
Blue,板橋,2018-12-19,100332.0
Blue,新埔,2018-12-19,88519.0
Blue,江子翠,2018-12-19,55999.0
Blue,龍山寺,2018-12-19,62757.0
Blue,西門,2018-12-19,87312.5
Blue,善導寺,2018-12-19,53172.0
Blue,忠孝新生,2018-12-19,40720.0
Blue,忠孝敦化,2018-12-19,76925.0
Blue,國父紀念館,2018-12-19,47868.0
Blue,市政府,2018-12-19,132839.0
Blue,永春,2018-12-19,43259.0
Blue,後山埤,2018-12-19,35473.0
Blue,昆陽,2018-12-19,32111.0
Blue,南港,2018-12-19,36839.0
Blue,忠孝復興,2018-12-19,59545.5
Blue,南港展覽館,2018-12-19,36511.0
Blue,台北車站,2018-12-20,146036.0
Blue,頂埔,2018-12-20,17764.0
Blue,永寧,2018-12-20,28804.0
Blue,土城,2018-12-20,15595.0
Blue,海山,2018-12-20,47274.0
Blue,亞東醫院,2018-12-20,53097.0
Blue,府中,2018-12-20,64546.0
Blue,板橋,2018-12-20,102026.0
Blue,新埔,2018-12-20,88976.0
Blue,江子翠,2018-12-20,55655.0
Blue,龍山寺,2018-12-20,64025.0
Blue,西門,2018-12-20,88391.5
Blue,善導寺,2018-12-20,53755.0
Blue,忠孝新生,2018-12-20,41542.0
Blue,忠孝敦化,2018-12-20,80754.0
Blue,國父紀念館,2018-12-20,48241.0
Blue,市政府,2018-12-20,137924.0
Blue,永春,2018-12-20,43394.0
Blue,後山埤,2018-12-20,35342.0
Blue,昆陽,2018-12-20,33417.0
Blue,南港,2018-12-20,37680.0
Blue,忠孝復興,2018-12-20,61442.5
Blue,南港展覽館,2018-12-20,36612.0
Blue,台北車站,2018-12-21,166019.5
Blue,頂埔,2018-12-21,18493.0
Blue,永寧,2018-12-21,30328.0
Blue,土城,2018-12-21,16100.0
Blue,海山,2018-12-21,48322.0
Blue,亞東醫院,2018-12-21,53655.0
Blue,府中,2018-12-21,68371.0
Blue,板橋,2018-12-21,112539.0
Blue,新埔,2018-12-21,91595.0
Blue,江子翠,2018-12-21,57950.0
Blue,龍山寺,2018-12-21,68248.0
Blue,西門,2018-12-21,99155.0
Blue,善導寺,2018-12-21,54405.0
Blue,忠孝新生,2018-12-21,45284.5
Blue,忠孝敦化,2018-12-21,87227.0
Blue,國父紀念館,2018-12-21,52437.0
Blue,市政府,2018-12-21,150363.0
Blue,永春,2018-12-21,45752.0
Blue,後山埤,2018-12-21,37148.0
Blue,昆陽,2018-12-21,32849.0
Blue,南港,2018-12-21,40660.0
Blue,忠孝復興,2018-12-21,67840.0
Blue,南港展覽館,2018-12-21,39456.0
Blue,台北車站,2018-12-22,177227.5
Blue,頂埔,2018-12-22,17686.0
Blue,永寧,2018-12-22,29898.0
Blue,土城,2018-12-22,15762.0
Blue,海山,2018-12-22,46508.0
Blue,亞東醫院,2018-12-22,45483.0
Blue,府中,2018-12-22,72392.0
Blue,板橋,2018-12-22,149736.0
Blue,新埔,2018-12-22,84558.0
Blue,江子翠,2018-12-22,55205.0
Blue,龍山寺,2018-12-22,71123.0
Blue,西門,2018-12-22,113818.0
Blue,善導寺,2018-12-22,52504.0
Blue,忠孝新生,2018-12-22,47922.5
Blue,忠孝敦化,2018-12-22,87654.0
Blue,國父紀念館,2018-12-22,54958.0
Blue,市政府,2018-12-22,161673.0
Blue,永春,2018-12-22,42570.0
Blue,後山埤,2018-12-22,35860.0
Blue,昆陽,2018-12-22,29632.0
Blue,南港,2018-12-22,38469.0
Blue,忠孝復興,2018-12-22,72119.5
Blue,南港展覽館,2018-12-22,32136.0
Blue,台北車站,2018-12-23,194064.0
Blue,頂埔,2018-12-23,12840.0
Blue,永寧,2018-12-23,23770.0
Blue,土城,2018-12-23,12214.0
Blue,海山,2018-12-23,33673.0
Blue,亞東醫院,2018-12-23,31218.0
Blue,府中,2018-12-23,60635.0
Blue,板橋,2018-12-23,120265.0
Blue,新埔,2018-12-23,65641.0
Blue,江子翠,2018-12-23,41578.0
Blue,龍山寺,2018-12-23,58754.0
Blue,西門,2018-12-23,113068.0
Blue,善導寺,2018-12-23,35506.0
Blue,忠孝新生,2018-12-23,42762.0
Blue,忠孝敦化,2018-12-23,69275.0
Blue,國父紀念館,2018-12-23,43175.0
Blue,市政府,2018-12-23,136130.0
Blue,永春,2018-12-23,31110.0
Blue,後山埤,2018-12-23,27887.0
Blue,昆陽,2018-12-23,18281.0
Blue,南港,2018-12-23,32396.0
Blue,忠孝復興,2018-12-23,65088.0
Blue,南港展覽館,2018-12-23,23465.0
Blue,台北車站,2018-12-24,160092.0
Blue,頂埔,2018-12-24,17304.0
Blue,永寧,2018-12-24,27632.0
Blue,土城,2018-12-24,15534.0
Blue,海山,2018-12-24,46448.0
Blue,亞東醫院,2018-12-24,52536.0
Blue,府中,2018-12-24,64633.0
Blue,板橋,2018-12-24,118441.0
Blue,新埔,2018-12-24,88661.0
Blue,江子翠,2018-12-24,55126.0
Blue,龍山寺,2018-12-24,65066.0
Blue,西門,2018-12-24,97081.0
Blue,善導寺,2018-12-24,51557.0
Blue,忠孝新生,2018-12-24,44844.5
Blue,忠孝敦化,2018-12-24,82911.0
Blue,國父紀念館,2018-12-24,50172.0
Blue,市政府,2018-12-24,151392.0
Blue,永春,2018-12-24,44191.0
Blue,後山埤,2018-12-24,36421.0
Blue,昆陽,2018-12-24,31772.0
Blue,南港,2018-12-24,39510.0
Blue,忠孝復興,2018-12-24,66168.5
Blue,南港展覽館,2018-12-24,40634.0
Blue,台北車站,2018-12-25,154975.0
Blue,頂埔,2018-12-25,17796.0
Blue,永寧,2018-12-25,27882.0
Blue,土城,2018-12-25,15373.0
Blue,海山,2018-12-25,46949.0
Blue,亞東醫院,2018-12-25,53595.0
Blue,府中,2018-12-25,67036.0
Blue,板橋,2018-12-25,121464.0
Blue,新埔,2018-12-25,90987.0
Blue,江子翠,2018-12-25,55763.0
Blue,龍山寺,2018-12-25,65439.0
Blue,西門,2018-12-25,96514.0
Blue,善導寺,2018-12-25,54911.0
Blue,忠孝新生,2018-12-25,45942.5
Blue,忠孝敦化,2018-12-25,84413.0
Blue,國父紀念館,2018-12-25,51502.0
Blue,市政府,2018-12-25,153884.0
Blue,永春,2018-12-25,44379.0
Blue,後山埤,2018-12-25,36733.0
Blue,昆陽,2018-12-25,32042.0
Blue,南港,2018-12-25,39579.0
Blue,忠孝復興,2018-12-25,66272.5
Blue,南港展覽館,2018-12-25,41206.5
Blue,台北車站,2018-12-26,147873.5
Blue,頂埔,2018-12-26,17581.0
Blue,永寧,2018-12-26,27908.0
Blue,土城,2018-12-26,15477.0
Blue,海山,2018-12-26,46345.0
Blue,亞東醫院,2018-12-26,52530.0
Blue,府中,2018-12-26,63846.0
Blue,板橋,2018-12-26,98120.0
Blue,新埔,2018-12-26,88543.0
Blue,江子翠,2018-12-26,55831.0
Blue,龍山寺,2018-12-26,64019.0
Blue,西門,2018-12-26,89019.5
Blue,善導寺,2018-12-26,54597.0
Blue,忠孝新生,2018-12-26,43462.5
Blue,忠孝敦化,2018-12-26,79417.0
Blue,國父紀念館,2018-12-26,48907.0
Blue,市政府,2018-12-26,135137.0
Blue,永春,2018-12-26,44365.0
Blue,後山埤,2018-12-26,36107.0
Blue,昆陽,2018-12-26,31561.0
Blue,南港,2018-12-26,37524.0
Blue,忠孝復興,2018-12-26,63244.0
Blue,南港展覽館,2018-12-26,35514.5
Blue,台北車站,2018-12-27,151936.0
Blue,頂埔,2018-12-27,17223.0
Blue,永寧,2018-12-27,27888.0
Blue,土城,2018-12-27,15083.0
Blue,海山,2018-12-27,46740.0
Blue,亞東醫院,2018-12-27,53081.0
Blue,府中,2018-12-27,63916.0
Blue,板橋,2018-12-27,96064.0
Blue,新埔,2018-12-27,90057.0
Blue,江子翠,2018-12-27,56086.0
Blue,龍山寺,2018-12-27,64229.0
Blue,西門,2018-12-27,87838.5
Blue,善導寺,2018-12-27,53656.0
Blue,忠孝新生,2018-12-27,44418.5
Blue,忠孝敦化,2018-12-27,81470.0
Blue,國父紀念館,2018-12-27,50084.0
Blue,市政府,2018-12-27,139702.0
Blue,永春,2018-12-27,45902.0
Blue,後山埤,2018-12-27,36530.0
Blue,昆陽,2018-12-27,33054.0
Blue,南港,2018-12-27,38321.0
Blue,忠孝復興,2018-12-27,64528.0
Blue,南港展覽館,2018-12-27,34811.5
Blue,台北車站,2018-12-28,186036.0
Blue,頂埔,2018-12-28,18496.0
Blue,永寧,2018-12-28,30365.0
Blue,土城,2018-12-28,16552.0
Blue,海山,2018-12-28,49105.0
Blue,亞東醫院,2018-12-28,54306.0
Blue,府中,2018-12-28,69292.0
Blue,板橋,2018-12-28,111227.0
Blue,新埔,2018-12-28,93203.0
Blue,江子翠,2018-12-28,57835.0
Blue,龍山寺,2018-12-28,67864.0
Blue,西門,2018-12-28,100885.5
Blue,善導寺,2018-12-28,54757.0
Blue,忠孝新生,2018-12-28,48604.5
Blue,忠孝敦化,2018-12-28,90784.0
Blue,國父紀念館,2018-12-28,55106.0
Blue,市政府,2018-12-28,155428.0
Blue,永春,2018-12-28,47689.0
Blue,後山埤,2018-12-28,38648.0
Blue,昆陽,2018-12-28,33313.0
Blue,南港,2018-12-28,47556.0
Blue,忠孝復興,2018-12-28,72578.5
Blue,南港展覽館,2018-12-28,36807.5
Blue,台北車站,2018-12-29,193714.5
Blue,頂埔,2018-12-29,13462.0
Blue,永寧,2018-12-29,24827.0
Blue,土城,2018-12-29,13232.0
Blue,海山,2018-12-29,37650.0
Blue,亞東醫院,2018-12-29,36554.0
Blue,府中,2018-12-29,64926.0
Blue,板橋,2018-12-29,126245.0
Blue,新埔,2018-12-29,69778.0
Blue,江子翠,2018-12-29,45505.0
Blue,龍山寺,2018-12-29,66893.0
Blue,西門,2018-12-29,122297.5
Blue,善導寺,2018-12-29,35376.0
Blue,忠孝新生,2018-12-29,47359.5
Blue,忠孝敦化,2018-12-29,78717.0
Blue,國父紀念館,2018-12-29,48935.0
Blue,市政府,2018-12-29,134659.0
Blue,永春,2018-12-29,33180.0
Blue,後山埤,2018-12-29,30916.0
Blue,昆陽,2018-12-29,19048.0
Blue,南港,2018-12-29,34247.0
Blue,忠孝復興,2018-12-29,73119.0
Blue,南港展覽館,2018-12-29,23141.0
Blue,台北車站,2018-12-30,191716.5
Blue,頂埔,2018-12-30,14012.0
Blue,永寧,2018-12-30,24485.0
Blue,土城,2018-12-30,12405.0
Blue,海山,2018-12-30,34471.0
Blue,亞東醫院,2018-12-30,31674.0
Blue,府中,2018-12-30,61900.0
Blue,板橋,2018-12-30,131918.0
Blue,新埔,2018-12-30,62300.0
Blue,江子翠,2018-12-30,40730.0
Blue,龍山寺,2018-12-30,71255.0
Blue,西門,2018-12-30,126385.5
Blue,善導寺,2018-12-30,32023.0
Blue,忠孝新生,2018-12-30,47211.5
Blue,忠孝敦化,2018-12-30,71026.0
Blue,國父紀念館,2018-12-30,45995.0
Blue,市政府,2018-12-30,137354.0
Blue,永春,2018-12-30,31490.0
Blue,後山埤,2018-12-30,29208.0
Blue,昆陽,2018-12-30,17047.0
Blue,南港,2018-12-30,32695.0
Blue,忠孝復興,2018-12-30,68945.0
Blue,南港展覽館,2018-12-30,21822.5
Blue,台北車站,2018-12-31,211553.5
Blue,頂埔,2018-12-31,15397.0
Blue,永寧,2018-12-31,24819.0
Blue,土城,2018-12-31,13424.0
Blue,海山,2018-12-31,36841.0
Blue,亞東醫院,2018-12-31,38554.0
Blue,府中,2018-12-31,66434.0
Blue,板橋,2018-12-31,127993.0
Blue,新埔,2018-12-31,68097.0
Blue,江子翠,2018-12-31,44718.0
Blue,龍山寺,2018-12-31,75240.0
Blue,西門,2018-12-31,158716.5
Blue,善導寺,2018-12-31,28418.0
Blue,忠孝新生,2018-12-31,49677.0
Blue,忠孝敦化,2018-12-31,93580.0
Blue,國父紀念館,2018-12-31,99418.0
Blue,市政府,2018-12-31,240589.0
Blue,永春,2018-12-31,42671.0
Blue,後山埤,2018-12-31,34830.0
Blue,昆陽,2018-12-31,20117.0
Blue,南港,2018-12-31,42756.0
Blue,忠孝復興,2018-12-31,83468.5
Blue,南港展覽館,2018-12-31,26537.5
Blue,台北車站,2019-01-01,8979.0
Blue,頂埔,2019-01-01,1526.0
Blue,永寧,2019-01-01,1411.0
Blue,土城,2019-01-01,827.0
Blue,海山,2019-01-01,2252.0
Blue,亞東醫院,2019-01-01,2297.0
Blue,府中,2019-01-01,3889.0
Blue,板橋,2019-01-01,5086.0
Blue,新埔,2019-01-01,3145.0
Blue,江子翠,2019-01-01,2259.0
Blue,龍山寺,2019-01-01,2290.0
Blue,西門,2019-01-01,7574.0
Blue,善導寺,2019-01-01,1725.0
Blue,忠孝新生,2019-01-01,1268.5
Blue,忠孝敦化,2019-01-01,7472.0
Blue,國父紀念館,2019-01-01,7199.0
Blue,市政府,2019-01-01,17940.0
Blue,永春,2019-01-01,3583.0
Blue,後山埤,2019-01-01,1668.0
Blue,昆陽,2019-01-01,908.0
Blue,南港,2019-01-01,1229.0
Blue,忠孝復興,2019-01-01,3388.5
Blue,南港展覽館,2019-01-01,1815.0
