line,station,date,people
Blue,台北車站,2017-01-01,160999.0
Blue,頂埔,2017-01-01,12618.0
Blue,永寧,2017-01-01,21712.0
Blue,土城,2017-01-01,11287.0
Blue,海山,2017-01-01,32668.0
Blue,亞東醫院,2017-01-01,25211.0
Blue,府中,2017-01-01,52015.0
Blue,板橋,2017-01-01,87744.0
Blue,新埔,2017-01-01,57387.0
Blue,江子翠,2017-01-01,37317.0
Blue,龍山寺,2017-01-01,67627.0
Blue,西門,2017-01-01,111567.0
Blue,善導寺,2017-01-01,24453.0
Blue,忠孝新生,2017-01-01,34693.0
Blue,忠孝敦化,2017-01-01,65839.0
Blue,國父紀念館,2017-01-01,38757.0
Blue,市政府,2017-01-01,110343.0
Blue,永春,2017-01-01,26027.0
Blue,後山埤,2017-01-01,28252.0
Blue,昆陽,2017-01-01,16470.0
Blue,南港,2017-01-01,26278.0
Blue,忠孝復興,2017-01-01,58576.0
Blue,南港展覽館,2017-01-01,22584.5
Blue,台北車站,2017-01-02,151969.5
Blue,頂埔,2017-01-02,10566.0
Blue,永寧,2017-01-02,17418.0
Blue,土城,2017-01-02,10490.0
Blue,海山,2017-01-02,30410.0
Blue,亞東醫院,2017-01-02,26549.0
Blue,府中,2017-01-02,43827.0
Blue,板橋,2017-01-02,74360.0
Blue,新埔,2017-01-02,55029.0
Blue,江子翠,2017-01-02,35610.0
Blue,龍山寺,2017-01-02,55359.0
Blue,西門,2017-01-02,88493.5
Blue,善導寺,2017-01-02,20222.0
Blue,忠孝新生,2017-01-02,30910.5
Blue,忠孝敦化,2017-01-02,60873.0
Blue,國父紀念館,2017-01-02,34259.0
Blue,市政府,2017-01-02,94248.0
Blue,永春,2017-01-02,25151.0
Blue,後山埤,2017-01-02,25375.0
Blue,昆陽,2017-01-02,16056.0
Blue,南港,2017-01-02,24701.0
Blue,忠孝復興,2017-01-02,54013.0
Blue,南港展覽館,2017-01-02,19452.5
Blue,台北車站,2017-01-03,132705.5
Blue,頂埔,2017-01-03,14854.0
Blue,永寧,2017-01-03,22434.0
Blue,土城,2017-01-03,13821.0
Blue,海山,2017-01-03,42169.0
Blue,亞東醫院,2017-01-03,42823.0
Blue,府中,2017-01-03,54480.0
Blue,板橋,2017-01-03,73695.0
Blue,新埔,2017-01-03,82067.0
Blue,江子翠,2017-01-03,50621.0
Blue,龍山寺,2017-01-03,57785.0
Blue,西門,2017-01-03,78266.5
Blue,善導寺,2017-01-03,46059.0
Blue,忠孝新生,2017-01-03,36445.0
Blue,忠孝敦化,2017-01-03,73017.0
Blue,國父紀念館,2017-01-03,45588.0
Blue,市政府,2017-01-03,112367.0
Blue,永春,2017-01-03,40813.0
Blue,後山埤,2017-01-03,34038.0
Blue,昆陽,2017-01-03,29446.0
Blue,南港,2017-01-03,30683.0
Blue,忠孝復興,2017-01-03,55292.5
Blue,南港展覽館,2017-01-03,31201.0
Blue,台北車站,2017-01-04,125525.0
Blue,頂埔,2017-01-04,14795.0
Blue,永寧,2017-01-04,22920.0
Blue,土城,2017-01-04,14134.0
Blue,海山,2017-01-04,43197.0
Blue,亞東醫院,2017-01-04,43243.0
Blue,府中,2017-01-04,55463.0
Blue,板橋,2017-01-04,73042.0
Blue,新埔,2017-01-04,82911.0
Blue,江子翠,2017-01-04,52258.0
Blue,龍山寺,2017-01-04,57765.0
Blue,西門,2017-01-04,77542.0
Blue,善導寺,2017-01-04,47373.0
Blue,忠孝新生,2017-01-04,36720.0
Blue,忠孝敦化,2017-01-04,74423.0
Blue,國父紀念館,2017-01-04,43149.0
Blue,市政府,2017-01-04,112211.0
Blue,永春,2017-01-04,40808.0
Blue,後山埤,2017-01-04,34084.0
Blue,昆陽,2017-01-04,30195.0
Blue,南港,2017-01-04,30186.0
Blue,忠孝復興,2017-01-04,55033.0
Blue,南港展覽館,2017-01-04,32111.5
Blue,台北車站,2017-01-05,127825.0
Blue,頂埔,2017-01-05,14545.0
Blue,永寧,2017-01-05,23263.0
Blue,土城,2017-01-05,13732.0
Blue,海山,2017-01-05,42863.0
Blue,亞東醫院,2017-01-05,43265.0
Blue,府中,2017-01-05,55990.0
Blue,板橋,2017-01-05,74099.0
Blue,新埔,2017-01-05,83196.0
Blue,江子翠,2017-01-05,52510.0
Blue,龍山寺,2017-01-05,58342.0
Blue,西門,2017-01-05,77302.5
Blue,善導寺,2017-01-05,47308.0
Blue,忠孝新生,2017-01-05,37856.5
Blue,忠孝敦化,2017-01-05,75691.0
Blue,國父紀念館,2017-01-05,43329.0
Blue,市政府,2017-01-05,115042.0
Blue,永春,2017-01-05,41362.0
Blue,後山埤,2017-01-05,33996.0
Blue,昆陽,2017-01-05,30323.0
Blue,南港,2017-01-05,30847.0
Blue,忠孝復興,2017-01-05,56961.5
Blue,南港展覽館,2017-01-05,33615.5
Blue,台北車站,2017-01-06,154032.5
Blue,頂埔,2017-01-06,16031.0
Blue,永寧,2017-01-06,25151.0
Blue,土城,2017-01-06,15640.0
Blue,海山,2017-01-06,46134.0
Blue,亞東醫院,2017-01-06,45208.0
Blue,府中,2017-01-06,61075.0
Blue,板橋,2017-01-06,84277.0
Blue,新埔,2017-01-06,88728.0
Blue,江子翠,2017-01-06,55111.0
Blue,龍山寺,2017-01-06,61823.0
Blue,西門,2017-01-06,90399.0
Blue,善導寺,2017-01-06,49333.0
Blue,忠孝新生,2017-01-06,41048.5
Blue,忠孝敦化,2017-01-06,86866.0
Blue,國父紀念館,2017-01-06,50020.0
Blue,市政府,2017-01-06,131217.0
Blue,永春,2017-01-06,44601.0
Blue,後山埤,2017-01-06,36769.0
Blue,昆陽,2017-01-06,31983.0
Blue,南港,2017-01-06,36546.0
Blue,忠孝復興,2017-01-06,63761.0
Blue,南港展覽館,2017-01-06,45810.5
Blue,台北車站,2017-01-07,160941.5
Blue,頂埔,2017-01-07,12420.0
Blue,永寧,2017-01-07,21881.0
Blue,土城,2017-01-07,12904.0
Blue,海山,2017-01-07,37164.0
Blue,亞東醫院,2017-01-07,32270.0
Blue,府中,2017-01-07,59413.0
Blue,板橋,2017-01-07,76903.0
Blue,新埔,2017-01-07,70769.0
Blue,江子翠,2017-01-07,44772.0
Blue,龍山寺,2017-01-07,59010.0
Blue,西門,2017-01-07,98071.0
Blue,善導寺,2017-01-07,33446.0
Blue,忠孝新生,2017-01-07,40287.0
Blue,忠孝敦化,2017-01-07,77620.0
Blue,國父紀念館,2017-01-07,41793.0
Blue,市政府,2017-01-07,109686.0
Blue,永春,2017-01-07,33540.0
Blue,後山埤,2017-01-07,30758.0
Blue,昆陽,2017-01-07,20335.0
Blue,南港,2017-01-07,27971.0
Blue,忠孝復興,2017-01-07,63430.0
Blue,南港展覽館,2017-01-07,33786.0
Blue,台北車站,2017-01-08,141621.0
Blue,頂埔,2017-01-08,11358.0
Blue,永寧,2017-01-08,17864.0
Blue,土城,2017-01-08,10533.0
Blue,海山,2017-01-08,30406.0
Blue,亞東醫院,2017-01-08,24677.0
Blue,府中,2017-01-08,46339.0
Blue,板橋,2017-01-08,65284.0
Blue,新埔,2017-01-08,56303.0
Blue,江子翠,2017-01-08,35991.0
Blue,龍山寺,2017-01-08,52680.0
Blue,西門,2017-01-08,84397.5
Blue,善導寺,2017-01-08,26699.0
Blue,忠孝新生,2017-01-08,30992.0
Blue,忠孝敦化,2017-01-08,59950.0
Blue,國父紀念館,2017-01-08,32668.0
Blue,市政府,2017-01-08,90671.0
Blue,永春,2017-01-08,28184.0
Blue,後山埤,2017-01-08,25565.0
Blue,昆陽,2017-01-08,15786.0
Blue,南港,2017-01-08,22670.0
Blue,忠孝復興,2017-01-08,50814.0
Blue,南港展覽館,2017-01-08,24355.0
Blue,台北車站,2017-01-09,129645.5
Blue,頂埔,2017-01-09,14809.0
Blue,永寧,2017-01-09,22927.0
Blue,土城,2017-01-09,14018.0
Blue,海山,2017-01-09,42402.0
Blue,亞東醫院,2017-01-09,42892.0
Blue,府中,2017-01-09,53938.0
Blue,板橋,2017-01-09,72807.0
Blue,新埔,2017-01-09,80958.0
Blue,江子翠,2017-01-09,51546.0
Blue,龍山寺,2017-01-09,57154.0
Blue,西門,2017-01-09,76848.0
Blue,善導寺,2017-01-09,43994.0
Blue,忠孝新生,2017-01-09,35318.5
Blue,忠孝敦化,2017-01-09,72225.0
Blue,國父紀念館,2017-01-09,42930.0
Blue,市政府,2017-01-09,112415.0
Blue,永春,2017-01-09,39513.0
Blue,後山埤,2017-01-09,34002.0
Blue,昆陽,2017-01-09,29464.0
Blue,南港,2017-01-09,30173.0
Blue,忠孝復興,2017-01-09,54198.0
Blue,南港展覽館,2017-01-09,31740.5
Blue,台北車站,2017-01-10,126858.0
Blue,頂埔,2017-01-10,14890.0
Blue,永寧,2017-01-10,23095.0
Blue,土城,2017-01-10,13704.0
Blue,海山,2017-01-10,43212.0
Blue,亞東醫院,2017-01-10,43864.0
Blue,府中,2017-01-10,55934.0
Blue,板橋,2017-01-10,73866.0
Blue,新埔,2017-01-10,83506.0
Blue,江子翠,2017-01-10,52077.0
Blue,龍山寺,2017-01-10,57241.0
Blue,西門,2017-01-10,78783.0
Blue,善導寺,2017-01-10,45541.0
Blue,忠孝新生,2017-01-10,36842.5
Blue,忠孝敦化,2017-01-10,74698.0
Blue,國父紀念館,2017-01-10,43494.0
Blue,市政府,2017-01-10,113680.0
Blue,永春,2017-01-10,41765.0
Blue,後山埤,2017-01-10,34416.0
Blue,昆陽,2017-01-10,29884.0
Blue,南港,2017-01-10,30343.0
Blue,忠孝復興,2017-01-10,55695.5
Blue,南港展覽館,2017-01-10,33052.0
Blue,台北車站,2017-01-11,128160.5
Blue,頂埔,2017-01-11,14880.0
Blue,永寧,2017-01-11,23497.0
Blue,土城,2017-01-11,14146.0
Blue,海山,2017-01-11,43779.0
Blue,亞東醫院,2017-01-11,43519.0
Blue,府中,2017-01-11,56900.0
Blue,板橋,2017-01-11,75157.0
Blue,新埔,2017-01-11,83930.0
Blue,江子翠,2017-01-11,52965.0
Blue,龍山寺,2017-01-11,57006.0
Blue,西門,2017-01-11,79370.0
Blue,善導寺,2017-01-11,47034.0
Blue,忠孝新生,2017-01-11,37323.5
Blue,忠孝敦化,2017-01-11,77351.0
Blue,國父紀念館,2017-01-11,44833.0
Blue,市政府,2017-01-11,115416.0
Blue,永春,2017-01-11,41297.0
Blue,後山埤,2017-01-11,34152.0
Blue,昆陽,2017-01-11,29918.0
Blue,南港,2017-01-11,31129.0
Blue,忠孝復興,2017-01-11,56577.5
Blue,南港展覽館,2017-01-11,35519.0
Blue,台北車站,2017-01-12,130344.5
Blue,頂埔,2017-01-12,14883.0
Blue,永寧,2017-01-12,23726.0
Blue,土城,2017-01-12,14021.0
Blue,海山,2017-01-12,43455.0
Blue,亞東醫院,2017-01-12,43643.0
Blue,府中,2017-01-12,57722.0
Blue,板橋,2017-01-12,74830.0
Blue,新埔,2017-01-12,84442.0
Blue,江子翠,2017-01-12,52977.0
Blue,龍山寺,2017-01-12,60540.0
Blue,西門,2017-01-12,79422.0
Blue,善導寺,2017-01-12,46915.0
Blue,忠孝新生,2017-01-12,38022.5
Blue,忠孝敦化,2017-01-12,78771.0
Blue,國父紀念館,2017-01-12,44969.0
Blue,市政府,2017-01-12,120808.0
Blue,永春,2017-01-12,41431.0
Blue,後山埤,2017-01-12,35239.0
Blue,昆陽,2017-01-12,30520.0
Blue,南港,2017-01-12,32144.0
Blue,忠孝復興,2017-01-12,59629.5
Blue,南港展覽館,2017-01-12,35946.5
Blue,台北車站,2017-01-13,162668.5
Blue,頂埔,2017-01-13,16197.0
Blue,永寧,2017-01-13,25672.0
Blue,土城,2017-01-13,15391.0
Blue,海山,2017-01-13,46180.0
Blue,亞東醫院,2017-01-13,45536.0
Blue,府中,2017-01-13,62804.0
Blue,板橋,2017-01-13,87039.0
Blue,新埔,2017-01-13,91628.0
Blue,江子翠,2017-01-13,56597.0
Blue,龍山寺,2017-01-13,59787.0
Blue,西門,2017-01-13,94501.0
Blue,善導寺,2017-01-13,52116.0
Blue,忠孝新生,2017-01-13,44249.0
Blue,忠孝敦化,2017-01-13,91918.0
Blue,國父紀念館,2017-01-13,50626.0
Blue,市政府,2017-01-13,138357.0
Blue,永春,2017-01-13,46566.0
Blue,後山埤,2017-01-13,37926.0
Blue,昆陽,2017-01-13,32566.0
Blue,南港,2017-01-13,36559.0
Blue,忠孝復興,2017-01-13,68605.5
Blue,南港展覽館,2017-01-13,39157.0
Blue,台北車站,2017-01-14,166659.0
Blue,頂埔,2017-01-14,11871.0
Blue,永寧,2017-01-14,20459.0
Blue,土城,2017-01-14,12652.0
Blue,海山,2017-01-14,36068.0
Blue,亞東醫院,2017-01-14,31898.0
Blue,府中,2017-01-14,58637.0
Blue,板橋,2017-01-14,78738.0
Blue,新埔,2017-01-14,71355.0
Blue,江子翠,2017-01-14,45923.0
Blue,龍山寺,2017-01-14,57521.0
Blue,西門,2017-01-14,102438.0
Blue,善導寺,2017-01-14,33187.0
Blue,忠孝新生,2017-01-14,42553.0
Blue,忠孝敦化,2017-01-14,87681.0
Blue,國父紀念館,2017-01-14,41716.0
Blue,市政府,2017-01-14,117424.0
Blue,永春,2017-01-14,34091.0
Blue,後山埤,2017-01-14,31461.0
Blue,昆陽,2017-01-14,20013.0
Blue,南港,2017-01-14,26089.0
Blue,忠孝復興,2017-01-14,70341.5
Blue,南港展覽館,2017-01-14,34875.5
Blue,台北車站,2017-01-15,153801.0
Blue,頂埔,2017-01-15,11677.0
Blue,永寧,2017-01-15,18463.0
Blue,土城,2017-01-15,11514.0
Blue,海山,2017-01-15,32012.0
Blue,亞東醫院,2017-01-15,26162.0
Blue,府中,2017-01-15,49138.0
Blue,板橋,2017-01-15,73104.0
Blue,新埔,2017-01-15,59609.0
Blue,江子翠,2017-01-15,37913.0
Blue,龍山寺,2017-01-15,52779.0
Blue,西門,2017-01-15,88015.0
Blue,善導寺,2017-01-15,26484.0
Blue,忠孝新生,2017-01-15,34813.0
Blue,忠孝敦化,2017-01-15,66550.0
Blue,國父紀念館,2017-01-15,32607.0
Blue,市政府,2017-01-15,99289.0
Blue,永春,2017-01-15,30147.0
Blue,後山埤,2017-01-15,26812.0
Blue,昆陽,2017-01-15,16755.0
Blue,南港,2017-01-15,23608.0
Blue,忠孝復興,2017-01-15,57566.5
Blue,南港展覽館,2017-01-15,26228.0
Blue,台北車站,2017-01-16,139075.5
Blue,頂埔,2017-01-16,15403.0
Blue,永寧,2017-01-16,22911.0
Blue,土城,2017-01-16,14107.0
Blue,海山,2017-01-16,42713.0
Blue,亞東醫院,2017-01-16,41442.0
Blue,府中,2017-01-16,57392.0
Blue,板橋,2017-01-16,76120.0
Blue,新埔,2017-01-16,78260.0
Blue,江子翠,2017-01-16,51983.0
Blue,龍山寺,2017-01-16,57575.0
Blue,西門,2017-01-16,82367.0
Blue,善導寺,2017-01-16,40069.0
Blue,忠孝新生,2017-01-16,36887.5
Blue,忠孝敦化,2017-01-16,78782.0
Blue,國父紀念館,2017-01-16,44627.0
Blue,市政府,2017-01-16,118636.0
Blue,永春,2017-01-16,41196.0
Blue,後山埤,2017-01-16,35013.0
Blue,昆陽,2017-01-16,29247.0
Blue,南港,2017-01-16,30737.0
Blue,忠孝復興,2017-01-16,58708.0
Blue,南港展覽館,2017-01-16,32009.0
Blue,台北車站,2017-01-17,134858.0
Blue,頂埔,2017-01-17,14962.0
Blue,永寧,2017-01-17,23513.0
Blue,土城,2017-01-17,14201.0
Blue,海山,2017-01-17,43574.0
Blue,亞東醫院,2017-01-17,41755.0
Blue,府中,2017-01-17,59709.0
Blue,板橋,2017-01-17,76538.0
Blue,新埔,2017-01-17,79734.0
Blue,江子翠,2017-01-17,53200.0
Blue,龍山寺,2017-01-17,58031.0
Blue,西門,2017-01-17,82481.0
Blue,善導寺,2017-01-17,42946.0
Blue,忠孝新生,2017-01-17,36620.0
Blue,忠孝敦化,2017-01-17,81819.0
Blue,國父紀念館,2017-01-17,46587.0
Blue,市政府,2017-01-17,120027.0
Blue,永春,2017-01-17,42577.0
Blue,後山埤,2017-01-17,34261.0
Blue,昆陽,2017-01-17,30240.0
Blue,南港,2017-01-17,31743.0
Blue,忠孝復興,2017-01-17,60218.5
Blue,南港展覽館,2017-01-17,39378.0
Blue,台北車站,2017-01-18,137083.0
Blue,頂埔,2017-01-18,15292.0
Blue,永寧,2017-01-18,23790.0
Blue,土城,2017-01-18,14185.0
Blue,海山,2017-01-18,44532.0
Blue,亞東醫院,2017-01-18,41560.0
Blue,府中,2017-01-18,59053.0
Blue,板橋,2017-01-18,78092.0
Blue,新埔,2017-01-18,80655.0
Blue,江子翠,2017-01-18,54404.0
Blue,龍山寺,2017-01-18,58522.0
Blue,西門,2017-01-18,84968.0
Blue,善導寺,2017-01-18,43364.0
Blue,忠孝新生,2017-01-18,37790.5
Blue,忠孝敦化,2017-01-18,84849.0
Blue,國父紀念館,2017-01-18,49033.0
Blue,市政府,2017-01-18,121355.0
Blue,永春,2017-01-18,42548.0
Blue,後山埤,2017-01-18,36036.0
Blue,昆陽,2017-01-18,30714.0
Blue,南港,2017-01-18,32236.0
Blue,忠孝復興,2017-01-18,61621.0
Blue,南港展覽館,2017-01-18,34045.0
Blue,台北車站,2017-01-19,149161.0
Blue,頂埔,2017-01-19,16366.0
Blue,永寧,2017-01-19,25278.0
Blue,土城,2017-01-19,15165.0
Blue,海山,2017-01-19,47328.0
Blue,亞東醫院,2017-01-19,43087.0
Blue,府中,2017-01-19,66617.0
Blue,板橋,2017-01-19,84913.0
Blue,新埔,2017-01-19,84521.0
Blue,江子翠,2017-01-19,56793.0
Blue,龍山寺,2017-01-19,60997.0
Blue,西門,2017-01-19,102126.5
Blue,善導寺,2017-01-19,44623.0
Blue,忠孝新生,2017-01-19,40974.5
Blue,忠孝敦化,2017-01-19,90298.0
Blue,國父紀念館,2017-01-19,51335.0
Blue,市政府,2017-01-19,132937.0
Blue,永春,2017-01-19,44500.0
Blue,後山埤,2017-01-19,37946.0
Blue,昆陽,2017-01-19,31769.0
Blue,南港,2017-01-19,35247.0
Blue,忠孝復興,2017-01-19,66587.0
Blue,南港展覽館,2017-01-19,36570.5
Blue,台北車站,2017-01-20,168308.5
Blue,頂埔,2017-01-20,16522.0
Blue,永寧,2017-01-20,25417.0
Blue,土城,2017-01-20,15371.0
Blue,海山,2017-01-20,46985.0
Blue,亞東醫院,2017-01-20,42267.0
Blue,府中,2017-01-20,65652.0
Blue,板橋,2017-01-20,89913.0
Blue,新埔,2017-01-20,85942.0
Blue,江子翠,2017-01-20,57889.0
Blue,龍山寺,2017-01-20,60809.0
Blue,西門,2017-01-20,102144.5
Blue,善導寺,2017-01-20,46578.0
Blue,忠孝新生,2017-01-20,44625.0
Blue,忠孝敦化,2017-01-20,96651.0
Blue,國父紀念館,2017-01-20,54888.0
Blue,市政府,2017-01-20,144820.0
Blue,永春,2017-01-20,43305.0
Blue,後山埤,2017-01-20,37345.0
Blue,昆陽,2017-01-20,32216.0
Blue,南港,2017-01-20,34561.0
Blue,忠孝復興,2017-01-20,72943.0
Blue,南港展覽館,2017-01-20,38213.0
Blue,台北車站,2017-01-21,165354.5
Blue,頂埔,2017-01-21,13610.0
Blue,永寧,2017-01-21,21047.0
Blue,土城,2017-01-21,13475.0
Blue,海山,2017-01-21,39863.0
Blue,亞東醫院,2017-01-21,31236.0
Blue,府中,2017-01-21,62134.0
Blue,板橋,2017-01-21,81136.0
Blue,新埔,2017-01-21,70153.0
Blue,江子翠,2017-01-21,46178.0
Blue,龍山寺,2017-01-21,59670.0
Blue,西門,2017-01-21,107986.0
Blue,善導寺,2017-01-21,32945.0
Blue,忠孝新生,2017-01-21,42354.5
Blue,忠孝敦化,2017-01-21,87583.0
Blue,國父紀念館,2017-01-21,43832.0
Blue,市政府,2017-01-21,123658.0
Blue,永春,2017-01-21,34552.0
Blue,後山埤,2017-01-21,31895.0
Blue,昆陽,2017-01-21,19974.0
Blue,南港,2017-01-21,27003.0
Blue,忠孝復興,2017-01-21,73584.5
Blue,南港展覽館,2017-01-21,27902.0
Blue,台北車站,2017-01-22,161022.5
Blue,頂埔,2017-01-22,12978.0
Blue,永寧,2017-01-22,19902.0
Blue,土城,2017-01-22,12121.0
Blue,海山,2017-01-22,35052.0
Blue,亞東醫院,2017-01-22,26825.0
Blue,府中,2017-01-22,55032.0
Blue,板橋,2017-01-22,75944.0
Blue,新埔,2017-01-22,62292.0
Blue,江子翠,2017-01-22,40654.0
Blue,龍山寺,2017-01-22,55722.0
Blue,西門,2017-01-22,105409.0
Blue,善導寺,2017-01-22,29529.0
Blue,忠孝新生,2017-01-22,38195.0
Blue,忠孝敦化,2017-01-22,72896.0
Blue,國父紀念館,2017-01-22,35815.0
Blue,市政府,2017-01-22,108843.0
Blue,永春,2017-01-22,29875.0
Blue,後山埤,2017-01-22,29053.0
Blue,昆陽,2017-01-22,18197.0
Blue,南港,2017-01-22,27787.0
Blue,忠孝復興,2017-01-22,63068.0
Blue,南港展覽館,2017-01-22,42368.0
Blue,台北車站,2017-01-23,158548.0
Blue,頂埔,2017-01-23,17266.0
Blue,永寧,2017-01-23,24786.0
Blue,土城,2017-01-23,14952.0
Blue,海山,2017-01-23,43199.0
Blue,亞東醫院,2017-01-23,41712.0
Blue,府中,2017-01-23,62965.0
Blue,板橋,2017-01-23,82928.0
Blue,新埔,2017-01-23,82730.0
Blue,江子翠,2017-01-23,54750.0
Blue,龍山寺,2017-01-23,59301.0
Blue,西門,2017-01-23,95069.5
Blue,善導寺,2017-01-23,42296.0
Blue,忠孝新生,2017-01-23,41003.0
Blue,忠孝敦化,2017-01-23,87258.0
Blue,國父紀念館,2017-01-23,50074.0
Blue,市政府,2017-01-23,129415.0
Blue,永春,2017-01-23,40171.0
Blue,後山埤,2017-01-23,35836.0
Blue,昆陽,2017-01-23,30333.0
Blue,南港,2017-01-23,30853.0
Blue,忠孝復興,2017-01-23,67378.5
Blue,南港展覽館,2017-01-23,34532.5
Blue,台北車站,2017-01-24,156334.0
Blue,頂埔,2017-01-24,17897.0
Blue,永寧,2017-01-24,25361.0
Blue,土城,2017-01-24,14716.0
Blue,海山,2017-01-24,43611.0
Blue,亞東醫院,2017-01-24,41741.0
Blue,府中,2017-01-24,64135.0
Blue,板橋,2017-01-24,84423.0
Blue,新埔,2017-01-24,82897.0
Blue,江子翠,2017-01-24,54993.0
Blue,龍山寺,2017-01-24,59322.0
Blue,西門,2017-01-24,93589.0
Blue,善導寺,2017-01-24,41482.0
Blue,忠孝新生,2017-01-24,41613.0
Blue,忠孝敦化,2017-01-24,90989.0
Blue,國父紀念館,2017-01-24,50835.0
Blue,市政府,2017-01-24,134580.0
Blue,永春,2017-01-24,42346.0
Blue,後山埤,2017-01-24,36179.0
Blue,昆陽,2017-01-24,30962.0
Blue,南港,2017-01-24,31951.0
Blue,忠孝復興,2017-01-24,69523.0
Blue,南港展覽館,2017-01-24,35438.0
Blue,台北車站,2017-01-25,156719.5
Blue,頂埔,2017-01-25,17721.0
Blue,永寧,2017-01-25,25035.0
Blue,土城,2017-01-25,15162.0
Blue,海山,2017-01-25,42527.0
Blue,亞東醫院,2017-01-25,40449.0
Blue,府中,2017-01-25,62728.0
Blue,板橋,2017-01-25,83756.0
Blue,新埔,2017-01-25,82772.0
Blue,江子翠,2017-01-25,54545.0
Blue,龍山寺,2017-01-25,57531.0
Blue,西門,2017-01-25,92584.0
Blue,善導寺,2017-01-25,41784.0
Blue,忠孝新生,2017-01-25,40650.5
Blue,忠孝敦化,2017-01-25,91392.0
Blue,國父紀念館,2017-01-25,49613.0
Blue,市政府,2017-01-25,129690.0
Blue,永春,2017-01-25,42273.0
Blue,後山埤,2017-01-25,35150.0
Blue,昆陽,2017-01-25,30630.0
Blue,南港,2017-01-25,32735.0
Blue,忠孝復興,2017-01-25,70032.0
Blue,南港展覽館,2017-01-25,34774.5
Blue,台北車站,2017-01-26,145974.5
Blue,頂埔,2017-01-26,15700.0
Blue,永寧,2017-01-26,21248.0
Blue,土城,2017-01-26,13396.0
Blue,海山,2017-01-26,38193.0
Blue,亞東醫院,2017-01-26,34106.0
Blue,府中,2017-01-26,54303.0
Blue,板橋,2017-01-26,80673.0
Blue,新埔,2017-01-26,73358.0
Blue,江子翠,2017-01-26,48886.0
Blue,龍山寺,2017-01-26,52990.0
Blue,西門,2017-01-26,87194.0
Blue,善導寺,2017-01-26,31838.0
Blue,忠孝新生,2017-01-26,34412.5
Blue,忠孝敦化,2017-01-26,81999.0
Blue,國父紀念館,2017-01-26,41306.0
Blue,市政府,2017-01-26,120473.0
Blue,永春,2017-01-26,37162.0
Blue,後山埤,2017-01-26,32999.0
Blue,昆陽,2017-01-26,26743.0
Blue,南港,2017-01-26,33982.0
Blue,忠孝復興,2017-01-26,65886.5
Blue,南港展覽館,2017-01-26,31858.5
Blue,台北車站,2017-01-27,70513.0
Blue,頂埔,2017-01-27,7142.0
Blue,永寧,2017-01-27,9767.0
Blue,土城,2017-01-27,7019.0
Blue,海山,2017-01-27,17845.0
Blue,亞東醫院,2017-01-27,12484.0
Blue,府中,2017-01-27,21340.0
Blue,板橋,2017-01-27,37187.0
Blue,新埔,2017-01-27,28656.0
Blue,江子翠,2017-01-27,20125.0
Blue,龍山寺,2017-01-27,32950.0
Blue,西門,2017-01-27,39062.0
Blue,善導寺,2017-01-27,11706.0
Blue,忠孝新生,2017-01-27,10009.0
Blue,忠孝敦化,2017-01-27,23078.0
Blue,國父紀念館,2017-01-27,11636.0
Blue,市政府,2017-01-27,43556.0
Blue,永春,2017-01-27,16492.0
Blue,後山埤,2017-01-27,15338.0
Blue,昆陽,2017-01-27,8689.0
Blue,南港,2017-01-27,15325.0
Blue,忠孝復興,2017-01-27,25589.5
Blue,南港展覽館,2017-01-27,10555.5
Blue,台北車站,2017-01-28,103051.0
Blue,頂埔,2017-01-28,11194.0
Blue,永寧,2017-01-28,17598.0
Blue,土城,2017-01-28,10689.0
Blue,海山,2017-01-28,26715.0
Blue,亞東醫院,2017-01-28,17919.0
Blue,府中,2017-01-28,40753.0
Blue,板橋,2017-01-28,59383.0
Blue,新埔,2017-01-28,42706.0
Blue,江子翠,2017-01-28,27984.0
Blue,龍山寺,2017-01-28,118281.0
Blue,西門,2017-01-28,86264.5
Blue,善導寺,2017-01-28,11175.0
Blue,忠孝新生,2017-01-28,18940.5
Blue,忠孝敦化,2017-01-28,35963.0
Blue,國父紀念館,2017-01-28,18699.0
Blue,市政府,2017-01-28,87192.0
Blue,永春,2017-01-28,15997.0
Blue,後山埤,2017-01-28,22066.0
Blue,昆陽,2017-01-28,11101.0
Blue,南港,2017-01-28,20581.0
Blue,忠孝復興,2017-01-28,42447.0
Blue,南港展覽館,2017-01-28,13778.0
Blue,台北車站,2017-01-29,116828.0
Blue,頂埔,2017-01-29,12149.0
Blue,永寧,2017-01-29,18156.0
Blue,土城,2017-01-29,10591.0
Blue,海山,2017-01-29,27255.0
Blue,亞東醫院,2017-01-29,19087.0
Blue,府中,2017-01-29,40149.0
Blue,板橋,2017-01-29,63657.0
Blue,新埔,2017-01-29,42159.0
Blue,江子翠,2017-01-29,29354.0
Blue,龍山寺,2017-01-29,76524.0
Blue,西門,2017-01-29,82517.5
Blue,善導寺,2017-01-29,12332.0
Blue,忠孝新生,2017-01-29,20421.0
Blue,忠孝敦化,2017-01-29,38667.0
Blue,國父紀念館,2017-01-29,23553.0
Blue,市政府,2017-01-29,84530.0
Blue,永春,2017-01-29,18747.0
Blue,後山埤,2017-01-29,22913.0
Blue,昆陽,2017-01-29,12908.0
Blue,南港,2017-01-29,22864.0
Blue,忠孝復興,2017-01-29,42125.0
Blue,南港展覽館,2017-01-29,15722.0
Blue,台北車站,2017-01-30,137135.5
Blue,頂埔,2017-01-30,10952.0
Blue,永寧,2017-01-30,18228.0
Blue,土城,2017-01-30,10265.0
Blue,海山,2017-01-30,26402.0
Blue,亞東醫院,2017-01-30,19099.0
Blue,府中,2017-01-30,41994.0
Blue,板橋,2017-01-30,69411.0
Blue,新埔,2017-01-30,44078.0
Blue,江子翠,2017-01-30,29597.0
Blue,龍山寺,2017-01-30,76842.0
Blue,西門,2017-01-30,101396.5
Blue,善導寺,2017-01-30,12657.0
Blue,忠孝新生,2017-01-30,27627.0
Blue,忠孝敦化,2017-01-30,53112.0
Blue,國父紀念館,2017-01-30,27882.0
Blue,市政府,2017-01-30,101855.0
Blue,永春,2017-01-30,18572.0
Blue,後山埤,2017-01-30,22754.0
Blue,昆陽,2017-01-30,12609.0
Blue,南港,2017-01-30,24690.0
Blue,忠孝復興,2017-01-30,53200.0
Blue,南港展覽館,2017-01-30,15230.0
Blue,台北車站,2017-01-31,140185.5
Blue,頂埔,2017-01-31,12440.0
Blue,永寧,2017-01-31,20027.0
Blue,土城,2017-01-31,11377.0
Blue,海山,2017-01-31,30537.0
Blue,亞東醫院,2017-01-31,24137.0
Blue,府中,2017-01-31,47212.0
Blue,板橋,2017-01-31,73767.0
Blue,新埔,2017-01-31,50751.0
Blue,江子翠,2017-01-31,34194.0
Blue,龍山寺,2017-01-31,81362.0
Blue,西門,2017-01-31,107419.0
Blue,善導寺,2017-01-31,14821.0
Blue,忠孝新生,2017-01-31,30597.0
Blue,忠孝敦化,2017-01-31,59177.0
Blue,國父紀念館,2017-01-31,30445.0
Blue,市政府,2017-01-31,106640.0
Blue,永春,2017-01-31,21517.0
Blue,後山埤,2017-01-31,25615.0
Blue,昆陽,2017-01-31,14113.0
Blue,南港,2017-01-31,27133.0
Blue,忠孝復興,2017-01-31,55363.0
Blue,南港展覽館,2017-01-31,18251.5
Blue,台北車站,2017-02-01,138886.0
Blue,頂埔,2017-02-01,11262.0
Blue,永寧,2017-02-01,18744.0
Blue,土城,2017-02-01,11085.0
Blue,海山,2017-02-01,30657.0
Blue,亞東醫院,2017-02-01,25120.0
Blue,府中,2017-02-01,45841.0
Blue,板橋,2017-02-01,69700.0
Blue,新埔,2017-02-01,52259.0
Blue,江子翠,2017-02-01,35184.0
Blue,龍山寺,2017-02-01,69111.0
Blue,西門,2017-02-01,102031.5
Blue,善導寺,2017-02-01,16046.0
Blue,忠孝新生,2017-02-01,33292.0
Blue,忠孝敦化,2017-02-01,62362.0
Blue,國父紀念館,2017-02-01,30442.0
Blue,市政府,2017-02-01,97910.0
Blue,永春,2017-02-01,23726.0
Blue,後山埤,2017-02-01,25586.0
Blue,昆陽,2017-02-01,14853.0
Blue,南港,2017-02-01,26414.0
Blue,忠孝復興,2017-02-01,54649.5
Blue,南港展覽館,2017-02-01,18766.0
Blue,台北車站,2017-02-02,156000.5
Blue,頂埔,2017-02-02,13587.0
Blue,永寧,2017-02-02,22835.0
Blue,土城,2017-02-02,13575.0
Blue,海山,2017-02-02,38424.0
Blue,亞東醫院,2017-02-02,35840.0
Blue,府中,2017-02-02,56561.0
Blue,板橋,2017-02-02,76581.0
Blue,新埔,2017-02-02,71138.0
Blue,江子翠,2017-02-02,48104.0
Blue,龍山寺,2017-02-02,63498.0
Blue,西門,2017-02-02,102547.0
Blue,善導寺,2017-02-02,32234.0
Blue,忠孝新生,2017-02-02,38158.0
Blue,忠孝敦化,2017-02-02,79297.0
Blue,國父紀念館,2017-02-02,45096.0
Blue,市政府,2017-02-02,119057.0
Blue,永春,2017-02-02,34254.0
Blue,後山埤,2017-02-02,31128.0
Blue,昆陽,2017-02-02,25964.0
Blue,南港,2017-02-02,31531.0
Blue,忠孝復興,2017-02-02,60629.0
Blue,南港展覽館,2017-02-02,51223.5
Blue,台北車站,2017-02-03,169117.5
Blue,頂埔,2017-02-03,13832.0
Blue,永寧,2017-02-03,24426.0
Blue,土城,2017-02-03,14359.0
Blue,海山,2017-02-03,41779.0
Blue,亞東醫院,2017-02-03,38338.0
Blue,府中,2017-02-03,61241.0
Blue,板橋,2017-02-03,84127.0
Blue,新埔,2017-02-03,76737.0
Blue,江子翠,2017-02-03,51091.0
Blue,龍山寺,2017-02-03,66947.0
Blue,西門,2017-02-03,114836.0
Blue,善導寺,2017-02-03,34295.0
Blue,忠孝新生,2017-02-03,42129.5
Blue,忠孝敦化,2017-02-03,87901.0
Blue,國父紀念館,2017-02-03,50145.0
Blue,市政府,2017-02-03,129726.0
Blue,永春,2017-02-03,36775.0
Blue,後山埤,2017-02-03,34616.0
Blue,昆陽,2017-02-03,28192.0
Blue,南港,2017-02-03,33227.0
Blue,忠孝復興,2017-02-03,67042.5
Blue,南港展覽館,2017-02-03,53289.5
Blue,台北車站,2017-02-04,177986.0
Blue,頂埔,2017-02-04,13343.0
Blue,永寧,2017-02-04,23554.0
Blue,土城,2017-02-04,13330.0
Blue,海山,2017-02-04,38266.0
Blue,亞東醫院,2017-02-04,31057.0
Blue,府中,2017-02-04,59433.0
Blue,板橋,2017-02-04,82373.0
Blue,新埔,2017-02-04,68319.0
Blue,江子翠,2017-02-04,44693.0
Blue,龍山寺,2017-02-04,69785.0
Blue,西門,2017-02-04,161833.5
Blue,善導寺,2017-02-04,25463.0
Blue,忠孝新生,2017-02-04,41282.5
Blue,忠孝敦化,2017-02-04,77231.0
Blue,國父紀念館,2017-02-04,40111.0
Blue,市政府,2017-02-04,110826.0
Blue,永春,2017-02-04,31549.0
Blue,後山埤,2017-02-04,31680.0
Blue,昆陽,2017-02-04,19760.0
Blue,南港,2017-02-04,30479.0
Blue,忠孝復興,2017-02-04,65993.5
Blue,南港展覽館,2017-02-04,54766.5
Blue,台北車站,2017-02-05,159878.5
Blue,頂埔,2017-02-05,13288.0
Blue,永寧,2017-02-05,21135.0
Blue,土城,2017-02-05,11531.0
Blue,海山,2017-02-05,33029.0
Blue,亞東醫院,2017-02-05,25165.0
Blue,府中,2017-02-05,50702.0
Blue,板橋,2017-02-05,74667.0
Blue,新埔,2017-02-05,59348.0
Blue,江子翠,2017-02-05,38907.0
Blue,龍山寺,2017-02-05,62850.0
Blue,西門,2017-02-05,132736.0
Blue,善導寺,2017-02-05,22808.0
Blue,忠孝新生,2017-02-05,34229.0
Blue,忠孝敦化,2017-02-05,63116.0
Blue,國父紀念館,2017-02-05,34445.0
Blue,市政府,2017-02-05,95372.0
Blue,永春,2017-02-05,27992.0
Blue,後山埤,2017-02-05,28749.0
Blue,昆陽,2017-02-05,17357.0
Blue,南港,2017-02-05,26250.0
Blue,忠孝復興,2017-02-05,53230.0
Blue,南港展覽館,2017-02-05,37712.0
Blue,台北車站,2017-02-06,156737.0
Blue,頂埔,2017-02-06,15503.0
Blue,永寧,2017-02-06,24870.0
Blue,土城,2017-02-06,14427.0
Blue,海山,2017-02-06,42281.0
Blue,亞東醫院,2017-02-06,41461.0
Blue,府中,2017-02-06,60908.0
Blue,板橋,2017-02-06,81727.0
Blue,新埔,2017-02-06,79914.0
Blue,江子翠,2017-02-06,53645.0
Blue,龍山寺,2017-02-06,63032.0
Blue,西門,2017-02-06,116662.5
Blue,善導寺,2017-02-06,38296.0
Blue,忠孝新生,2017-02-06,39485.0
Blue,忠孝敦化,2017-02-06,79968.0
Blue,國父紀念館,2017-02-06,47952.0
Blue,市政府,2017-02-06,122244.0
Blue,永春,2017-02-06,37860.0
Blue,後山埤,2017-02-06,35404.0
Blue,昆陽,2017-02-06,29631.0
Blue,南港,2017-02-06,30874.0
Blue,忠孝復興,2017-02-06,60074.0
Blue,南港展覽館,2017-02-06,43373.5
Blue,台北車站,2017-02-07,154945.5
Blue,頂埔,2017-02-07,15971.0
Blue,永寧,2017-02-07,25400.0
Blue,土城,2017-02-07,14467.0
Blue,海山,2017-02-07,43146.0
Blue,亞東醫院,2017-02-07,42260.0
Blue,府中,2017-02-07,62474.0
Blue,板橋,2017-02-07,84005.0
Blue,新埔,2017-02-07,81346.0
Blue,江子翠,2017-02-07,54502.0
Blue,龍山寺,2017-02-07,63728.0
Blue,西門,2017-02-07,118779.0
Blue,善導寺,2017-02-07,41286.0
Blue,忠孝新生,2017-02-07,40682.0
Blue,忠孝敦化,2017-02-07,82990.0
Blue,國父紀念館,2017-02-07,49011.0
Blue,市政府,2017-02-07,123761.0
Blue,永春,2017-02-07,39095.0
Blue,後山埤,2017-02-07,36181.0
Blue,昆陽,2017-02-07,30536.0
Blue,南港,2017-02-07,30828.0
Blue,忠孝復興,2017-02-07,62217.5
Blue,南港展覽館,2017-02-07,34399.0
Blue,台北車站,2017-02-08,156943.0
Blue,頂埔,2017-02-08,16270.0
Blue,永寧,2017-02-08,25919.0
Blue,土城,2017-02-08,14986.0
Blue,海山,2017-02-08,44413.0
Blue,亞東醫院,2017-02-08,42339.0
Blue,府中,2017-02-08,63323.0
Blue,板橋,2017-02-08,84490.0
Blue,新埔,2017-02-08,82758.0
Blue,江子翠,2017-02-08,55267.0
Blue,龍山寺,2017-02-08,63559.0
Blue,西門,2017-02-08,119052.0
Blue,善導寺,2017-02-08,43715.0
Blue,忠孝新生,2017-02-08,40684.5
Blue,忠孝敦化,2017-02-08,84147.0
Blue,國父紀念館,2017-02-08,49527.0
Blue,市政府,2017-02-08,128695.0
Blue,永春,2017-02-08,39665.0
Blue,後山埤,2017-02-08,35948.0
Blue,昆陽,2017-02-08,30999.0
Blue,南港,2017-02-08,32573.0
Blue,忠孝復興,2017-02-08,62942.0
Blue,南港展覽館,2017-02-08,35719.0
Blue,台北車站,2017-02-09,153310.5
Blue,頂埔,2017-02-09,15300.0
Blue,永寧,2017-02-09,23136.0
Blue,土城,2017-02-09,13915.0
Blue,海山,2017-02-09,43079.0
Blue,亞東醫院,2017-02-09,40766.0
Blue,府中,2017-02-09,61099.0
Blue,板橋,2017-02-09,81143.0
Blue,新埔,2017-02-09,79978.0
Blue,江子翠,2017-02-09,53961.0
Blue,龍山寺,2017-02-09,59451.0
Blue,西門,2017-02-09,109529.5
Blue,善導寺,2017-02-09,42085.0
Blue,忠孝新生,2017-02-09,40535.5
Blue,忠孝敦化,2017-02-09,85183.0
Blue,國父紀念館,2017-02-09,49375.0
Blue,市政府,2017-02-09,129679.0
Blue,永春,2017-02-09,38840.0
Blue,後山埤,2017-02-09,35105.0
Blue,昆陽,2017-02-09,30091.0
Blue,南港,2017-02-09,31294.0
Blue,忠孝復興,2017-02-09,63746.5
Blue,南港展覽館,2017-02-09,34253.0
Blue,台北車站,2017-02-10,179038.5
Blue,頂埔,2017-02-10,16643.0
Blue,永寧,2017-02-10,25258.0
Blue,土城,2017-02-10,15045.0
Blue,海山,2017-02-10,44302.0
Blue,亞東醫院,2017-02-10,41677.0
Blue,府中,2017-02-10,65928.0
Blue,板橋,2017-02-10,91644.0
Blue,新埔,2017-02-10,84807.0
Blue,江子翠,2017-02-10,57049.0
Blue,龍山寺,2017-02-10,65416.0
Blue,西門,2017-02-10,130334.5
Blue,善導寺,2017-02-10,44778.0
Blue,忠孝新生,2017-02-10,45464.0
Blue,忠孝敦化,2017-02-10,93063.0
Blue,國父紀念館,2017-02-10,52024.0
Blue,市政府,2017-02-10,142065.0
Blue,永春,2017-02-10,41258.0
Blue,後山埤,2017-02-10,37626.0
Blue,昆陽,2017-02-10,31756.0
Blue,南港,2017-02-10,35978.0
Blue,忠孝復興,2017-02-10,70207.0
Blue,南港展覽館,2017-02-10,45220.5
Blue,台北車站,2017-02-11,189737.5
Blue,頂埔,2017-02-11,13373.0
Blue,永寧,2017-02-11,22284.0
Blue,土城,2017-02-11,13570.0
Blue,海山,2017-02-11,39785.0
Blue,亞東醫院,2017-02-11,32018.0
Blue,府中,2017-02-11,63810.0
Blue,板橋,2017-02-11,86422.0
Blue,新埔,2017-02-11,72741.0
Blue,江子翠,2017-02-11,47506.0
Blue,龍山寺,2017-02-11,77186.0
Blue,西門,2017-02-11,189806.5
Blue,善導寺,2017-02-11,30047.0
Blue,忠孝新生,2017-02-11,41974.5
Blue,忠孝敦化,2017-02-11,82238.0
Blue,國父紀念館,2017-02-11,42142.0
Blue,市政府,2017-02-11,122322.0
Blue,永春,2017-02-11,33032.0
Blue,後山埤,2017-02-11,31135.0
Blue,昆陽,2017-02-11,20968.0
Blue,南港,2017-02-11,27486.0
Blue,忠孝復興,2017-02-11,69910.5
Blue,南港展覽館,2017-02-11,27889.0
Blue,台北車站,2017-02-12,175271.0
Blue,頂埔,2017-02-12,12856.0
Blue,永寧,2017-02-12,20433.0
Blue,土城,2017-02-12,12052.0
Blue,海山,2017-02-12,34384.0
Blue,亞東醫院,2017-02-12,26345.0
Blue,府中,2017-02-12,53044.0
Blue,板橋,2017-02-12,79850.0
Blue,新埔,2017-02-12,61911.0
Blue,江子翠,2017-02-12,42216.0
Blue,龍山寺,2017-02-12,62446.0
Blue,西門,2017-02-12,141602.5
Blue,善導寺,2017-02-12,28227.0
Blue,忠孝新生,2017-02-12,36325.0
Blue,忠孝敦化,2017-02-12,65716.0
Blue,國父紀念館,2017-02-12,37871.0
Blue,市政府,2017-02-12,104766.0
Blue,永春,2017-02-12,28259.0
Blue,後山埤,2017-02-12,27360.0
Blue,昆陽,2017-02-12,17435.0
Blue,南港,2017-02-12,25197.0
Blue,忠孝復興,2017-02-12,58930.0
Blue,南港展覽館,2017-02-12,21548.5
Blue,台北車站,2017-02-13,142852.5
Blue,頂埔,2017-02-13,15129.0
Blue,永寧,2017-02-13,22399.0
Blue,土城,2017-02-13,13948.0
Blue,海山,2017-02-13,42365.0
Blue,亞東醫院,2017-02-13,40546.0
Blue,府中,2017-02-13,57366.0
Blue,板橋,2017-02-13,75688.0
Blue,新埔,2017-02-13,77384.0
Blue,江子翠,2017-02-13,52366.0
Blue,龍山寺,2017-02-13,60083.0
Blue,西門,2017-02-13,87104.5
Blue,善導寺,2017-02-13,39978.0
Blue,忠孝新生,2017-02-13,35336.5
Blue,忠孝敦化,2017-02-13,76606.0
Blue,國父紀念館,2017-02-13,43827.0
Blue,市政府,2017-02-13,122038.0
Blue,永春,2017-02-13,39313.0
Blue,後山埤,2017-02-13,33661.0
Blue,昆陽,2017-02-13,29514.0
Blue,南港,2017-02-13,31423.0
Blue,忠孝復興,2017-02-13,58820.5
Blue,南港展覽館,2017-02-13,31952.0
Blue,台北車站,2017-02-14,143781.5
Blue,頂埔,2017-02-14,15510.0
Blue,永寧,2017-02-14,22916.0
Blue,土城,2017-02-14,14161.0
Blue,海山,2017-02-14,43078.0
Blue,亞東醫院,2017-02-14,41671.0
Blue,府中,2017-02-14,59724.0
Blue,板橋,2017-02-14,79969.0
Blue,新埔,2017-02-14,79257.0
Blue,江子翠,2017-02-14,53529.0
Blue,龍山寺,2017-02-14,61560.0
Blue,西門,2017-02-14,89101.0
Blue,善導寺,2017-02-14,41992.0
Blue,忠孝新生,2017-02-14,37532.0
Blue,忠孝敦化,2017-02-14,81600.0
Blue,國父紀念館,2017-02-14,47047.0
Blue,市政府,2017-02-14,127416.0
Blue,永春,2017-02-14,42110.0
Blue,後山埤,2017-02-14,35136.0
Blue,昆陽,2017-02-14,30333.0
Blue,南港,2017-02-14,33094.0
Blue,忠孝復興,2017-02-14,62344.5
Blue,南港展覽館,2017-02-14,33119.0
Blue,台北車站,2017-02-15,139768.0
Blue,頂埔,2017-02-15,15512.0
Blue,永寧,2017-02-15,23055.0
Blue,土城,2017-02-15,14459.0
Blue,海山,2017-02-15,42891.0
Blue,亞東醫院,2017-02-15,40635.0
Blue,府中,2017-02-15,58556.0
Blue,板橋,2017-02-15,76659.0
Blue,新埔,2017-02-15,79094.0
Blue,江子翠,2017-02-15,53282.0
Blue,龍山寺,2017-02-15,60726.0
Blue,西門,2017-02-15,84450.0
Blue,善導寺,2017-02-15,42402.0
Blue,忠孝新生,2017-02-15,36382.0
Blue,忠孝敦化,2017-02-15,79199.0
Blue,國父紀念館,2017-02-15,48829.0
Blue,市政府,2017-02-15,120155.0
Blue,永春,2017-02-15,41020.0
Blue,後山埤,2017-02-15,33969.0
Blue,昆陽,2017-02-15,29803.0
Blue,南港,2017-02-15,31529.0
Blue,忠孝復興,2017-02-15,58358.5
Blue,南港展覽館,2017-02-15,32939.5
Blue,台北車站,2017-02-16,144553.0
Blue,頂埔,2017-02-16,15084.0
Blue,永寧,2017-02-16,22747.0
Blue,土城,2017-02-16,14003.0
Blue,海山,2017-02-16,42742.0
Blue,亞東醫院,2017-02-16,40910.0
Blue,府中,2017-02-16,58217.0
Blue,板橋,2017-02-16,76826.0
Blue,新埔,2017-02-16,79118.0
Blue,江子翠,2017-02-16,53616.0
Blue,龍山寺,2017-02-16,60152.0
Blue,西門,2017-02-16,83127.0
Blue,善導寺,2017-02-16,41544.0
Blue,忠孝新生,2017-02-16,37021.0
Blue,忠孝敦化,2017-02-16,79458.0
Blue,國父紀念館,2017-02-16,47643.0
Blue,市政府,2017-02-16,120701.0
Blue,永春,2017-02-16,40975.0
Blue,後山埤,2017-02-16,34264.0
Blue,昆陽,2017-02-16,29867.0
Blue,南港,2017-02-16,31995.0
Blue,忠孝復興,2017-02-16,60286.0
Blue,南港展覽館,2017-02-16,32922.5
Blue,台北車站,2017-02-17,156350.5
Blue,頂埔,2017-02-17,15804.0
Blue,永寧,2017-02-17,24120.0
Blue,土城,2017-02-17,14792.0
Blue,海山,2017-02-17,44418.0
Blue,亞東醫院,2017-02-17,42041.0
Blue,府中,2017-02-17,61100.0
Blue,板橋,2017-02-17,81819.0
Blue,新埔,2017-02-17,82383.0
Blue,江子翠,2017-02-17,54883.0
Blue,龍山寺,2017-02-17,62678.0
Blue,西門,2017-02-17,90912.0
Blue,善導寺,2017-02-17,43908.0
Blue,忠孝新生,2017-02-17,39135.5
Blue,忠孝敦化,2017-02-17,86736.0
Blue,國父紀念館,2017-02-17,50717.0
Blue,市政府,2017-02-17,132524.0
Blue,永春,2017-02-17,42456.0
Blue,後山埤,2017-02-17,36020.0
Blue,昆陽,2017-02-17,31211.0
Blue,南港,2017-02-17,37236.0
Blue,忠孝復興,2017-02-17,65479.5
Blue,南港展覽館,2017-02-17,38740.5
Blue,台北車站,2017-02-18,166038.5
Blue,頂埔,2017-02-18,15367.0
Blue,永寧,2017-02-18,23563.0
Blue,土城,2017-02-18,14488.0
Blue,海山,2017-02-18,43376.0
Blue,亞東醫院,2017-02-18,36435.0
Blue,府中,2017-02-18,61729.0
Blue,板橋,2017-02-18,85607.0
Blue,新埔,2017-02-18,78888.0
Blue,江子翠,2017-02-18,52804.0
Blue,龍山寺,2017-02-18,66170.0
Blue,西門,2017-02-18,102323.0
Blue,善導寺,2017-02-18,41133.0
Blue,忠孝新生,2017-02-18,42052.0
Blue,忠孝敦化,2017-02-18,88137.0
Blue,國父紀念館,2017-02-18,51693.0
Blue,市政府,2017-02-18,135920.0
Blue,永春,2017-02-18,41195.0
Blue,後山埤,2017-02-18,34693.0
Blue,昆陽,2017-02-18,27960.0
Blue,南港,2017-02-18,33974.0
Blue,忠孝復興,2017-02-18,70613.0
Blue,南港展覽館,2017-02-18,29395.0
Blue,台北車站,2017-02-19,169849.0
Blue,頂埔,2017-02-19,12541.0
Blue,永寧,2017-02-19,20271.0
Blue,土城,2017-02-19,12040.0
Blue,海山,2017-02-19,33900.0
Blue,亞東醫院,2017-02-19,26864.0
Blue,府中,2017-02-19,54176.0
Blue,板橋,2017-02-19,76248.0
Blue,新埔,2017-02-19,61675.0
Blue,江子翠,2017-02-19,41158.0
Blue,龍山寺,2017-02-19,60158.0
Blue,西門,2017-02-19,100429.5
Blue,善導寺,2017-02-19,26928.0
Blue,忠孝新生,2017-02-19,37656.5
Blue,忠孝敦化,2017-02-19,67241.0
Blue,國父紀念館,2017-02-19,39528.0
Blue,市政府,2017-02-19,107637.0
Blue,永春,2017-02-19,29240.0
Blue,後山埤,2017-02-19,28072.0
Blue,昆陽,2017-02-19,17988.0
Blue,南港,2017-02-19,25817.0
Blue,忠孝復興,2017-02-19,57661.0
Blue,南港展覽館,2017-02-19,21990.5
Blue,台北車站,2017-02-20,139726.5
Blue,頂埔,2017-02-20,15342.0
Blue,永寧,2017-02-20,23185.0
Blue,土城,2017-02-20,14455.0
Blue,海山,2017-02-20,43621.0
Blue,亞東醫院,2017-02-20,43453.0
Blue,府中,2017-02-20,56692.0
Blue,板橋,2017-02-20,75197.0
Blue,新埔,2017-02-20,82380.0
Blue,江子翠,2017-02-20,52748.0
Blue,龍山寺,2017-02-20,58778.0
Blue,西門,2017-02-20,78537.5
Blue,善導寺,2017-02-20,44537.0
Blue,忠孝新生,2017-02-20,36589.0
Blue,忠孝敦化,2017-02-20,72858.0
Blue,國父紀念館,2017-02-20,43010.0
Blue,市政府,2017-02-20,119273.0
Blue,永春,2017-02-20,40472.0
Blue,後山埤,2017-02-20,34653.0
Blue,昆陽,2017-02-20,29818.0
Blue,南港,2017-02-20,31454.0
Blue,忠孝復興,2017-02-20,54715.5
Blue,南港展覽館,2017-02-20,33429.5
Blue,台北車站,2017-02-21,136347.5
Blue,頂埔,2017-02-21,15220.0
Blue,永寧,2017-02-21,23197.0
Blue,土城,2017-02-21,14289.0
Blue,海山,2017-02-21,44157.0
Blue,亞東醫院,2017-02-21,44322.0
Blue,府中,2017-02-21,57460.0
Blue,板橋,2017-02-21,75674.0
Blue,新埔,2017-02-21,83549.0
Blue,江子翠,2017-02-21,53346.0
Blue,龍山寺,2017-02-21,58900.0
Blue,西門,2017-02-21,77161.5
Blue,善導寺,2017-02-21,47011.0
Blue,忠孝新生,2017-02-21,37249.0
Blue,忠孝敦化,2017-02-21,75625.0
Blue,國父紀念館,2017-02-21,43253.0
Blue,市政府,2017-02-21,117719.0
Blue,永春,2017-02-21,40864.0
Blue,後山埤,2017-02-21,34650.0
Blue,昆陽,2017-02-21,30428.0
Blue,南港,2017-02-21,32610.0
Blue,忠孝復興,2017-02-21,55761.0
Blue,南港展覽館,2017-02-21,36761.0
Blue,台北車站,2017-02-22,138996.0
Blue,頂埔,2017-02-22,14968.0
Blue,永寧,2017-02-22,23211.0
Blue,土城,2017-02-22,14129.0
Blue,海山,2017-02-22,43663.0
Blue,亞東醫院,2017-02-22,43915.0
Blue,府中,2017-02-22,57927.0
Blue,板橋,2017-02-22,77900.0
Blue,新埔,2017-02-22,83768.0
Blue,江子翠,2017-02-22,52962.0
Blue,龍山寺,2017-02-22,55877.0
Blue,西門,2017-02-22,76291.0
Blue,善導寺,2017-02-22,49468.0
Blue,忠孝新生,2017-02-22,37565.5
Blue,忠孝敦化,2017-02-22,76735.0
Blue,國父紀念館,2017-02-22,44132.0
Blue,市政府,2017-02-22,118664.0
Blue,永春,2017-02-22,41903.0
Blue,後山埤,2017-02-22,34930.0
Blue,昆陽,2017-02-22,30257.0
Blue,南港,2017-02-22,32847.0
Blue,忠孝復興,2017-02-22,56596.0
Blue,南港展覽館,2017-02-22,37324.0
Blue,台北車站,2017-02-23,140098.0
Blue,頂埔,2017-02-23,15040.0
Blue,永寧,2017-02-23,22947.0
Blue,土城,2017-02-23,13916.0
Blue,海山,2017-02-23,43902.0
Blue,亞東醫院,2017-02-23,43399.0
Blue,府中,2017-02-23,57249.0
Blue,板橋,2017-02-23,76468.0
Blue,新埔,2017-02-23,83560.0
Blue,江子翠,2017-02-23,53664.0
Blue,龍山寺,2017-02-23,57000.0
Blue,西門,2017-02-23,76353.5
Blue,善導寺,2017-02-23,47159.0
Blue,忠孝新生,2017-02-23,39010.5
Blue,忠孝敦化,2017-02-23,77669.0
Blue,國父紀念館,2017-02-23,44510.0
Blue,市政府,2017-02-23,121086.0
Blue,永春,2017-02-23,41500.0
Blue,後山埤,2017-02-23,35231.0
Blue,昆陽,2017-02-23,30766.0
Blue,南港,2017-02-23,33275.0
Blue,忠孝復興,2017-02-23,57213.5
Blue,南港展覽館,2017-02-23,38101.0
Blue,台北車站,2017-02-24,181336.5
Blue,頂埔,2017-02-24,16205.0
Blue,永寧,2017-02-24,25574.0
Blue,土城,2017-02-24,14841.0
Blue,海山,2017-02-24,46387.0
Blue,亞東醫院,2017-02-24,44917.0
Blue,府中,2017-02-24,60653.0
Blue,板橋,2017-02-24,91222.0
Blue,新埔,2017-02-24,88547.0
Blue,江子翠,2017-02-24,54963.0
Blue,龍山寺,2017-02-24,57526.0
Blue,西門,2017-02-24,88798.5
Blue,善導寺,2017-02-24,51847.0
Blue,忠孝新生,2017-02-24,43590.0
Blue,忠孝敦化,2017-02-24,86514.0
Blue,國父紀念館,2017-02-24,52308.0
Blue,市政府,2017-02-24,137126.0
Blue,永春,2017-02-24,44980.0
Blue,後山埤,2017-02-24,37092.0
Blue,昆陽,2017-02-24,32568.0
Blue,南港,2017-02-24,39931.0
Blue,忠孝復興,2017-02-24,66118.5
Blue,南港展覽館,2017-02-24,38478.0
Blue,台北車站,2017-02-25,193311.5
Blue,頂埔,2017-02-25,11013.0
Blue,永寧,2017-02-25,19456.0
Blue,土城,2017-02-25,11222.0
Blue,海山,2017-02-25,32641.0
Blue,亞東醫院,2017-02-25,28595.0
Blue,府中,2017-02-25,53881.0
Blue,板橋,2017-02-25,83503.0
Blue,新埔,2017-02-25,63424.0
Blue,江子翠,2017-02-25,40076.0
Blue,龍山寺,2017-02-25,52737.0
Blue,西門,2017-02-25,103473.5
Blue,善導寺,2017-02-25,29245.0
Blue,忠孝新生,2017-02-25,41688.5
Blue,忠孝敦化,2017-02-25,75682.0
Blue,國父紀念館,2017-02-25,45267.0
Blue,市政府,2017-02-25,110680.0
Blue,永春,2017-02-25,31994.0
Blue,後山埤,2017-02-25,27210.0
Blue,昆陽,2017-02-25,18763.0
Blue,南港,2017-02-25,28217.0
Blue,忠孝復興,2017-02-25,67627.5
Blue,南港展覽館,2017-02-25,23187.5
Blue,台北車站,2017-02-26,184311.5
Blue,頂埔,2017-02-26,10767.0
Blue,永寧,2017-02-26,19771.0
Blue,土城,2017-02-26,11048.0
Blue,海山,2017-02-26,30994.0
Blue,亞東醫院,2017-02-26,24419.0
Blue,府中,2017-02-26,50709.0
Blue,板橋,2017-02-26,76275.0
Blue,新埔,2017-02-26,55366.0
Blue,江子翠,2017-02-26,37972.0
Blue,龍山寺,2017-02-26,60460.0
Blue,西門,2017-02-26,110559.5
Blue,善導寺,2017-02-26,25146.0
Blue,忠孝新生,2017-02-26,41878.0
Blue,忠孝敦化,2017-02-26,68824.0
Blue,國父紀念館,2017-02-26,41798.0
Blue,市政府,2017-02-26,107226.0
Blue,永春,2017-02-26,25403.0
Blue,後山埤,2017-02-26,26427.0
Blue,昆陽,2017-02-26,16340.0
Blue,南港,2017-02-26,25603.0
Blue,忠孝復興,2017-02-26,61073.0
Blue,南港展覽館,2017-02-26,19682.0
Blue,台北車站,2017-02-27,189293.5
Blue,頂埔,2017-02-27,11687.0
Blue,永寧,2017-02-27,21275.0
Blue,土城,2017-02-27,12240.0
Blue,海山,2017-02-27,34876.0
Blue,亞東醫院,2017-02-27,30475.0
Blue,府中,2017-02-27,53679.0
Blue,板橋,2017-02-27,79708.0
Blue,新埔,2017-02-27,59889.0
Blue,江子翠,2017-02-27,39672.0
Blue,龍山寺,2017-02-27,61619.0
Blue,西門,2017-02-27,109510.5
Blue,善導寺,2017-02-27,22106.0
Blue,忠孝新生,2017-02-27,40881.0
Blue,忠孝敦化,2017-02-27,70897.0
Blue,國父紀念館,2017-02-27,41281.0
Blue,市政府,2017-02-27,111361.0
Blue,永春,2017-02-27,26058.0
Blue,後山埤,2017-02-27,27525.0
Blue,昆陽,2017-02-27,17219.0
Blue,南港,2017-02-27,26787.0
Blue,忠孝復興,2017-02-27,62660.5
Blue,南港展覽館,2017-02-27,21230.5
Blue,台北車站,2017-02-28,173132.5
Blue,頂埔,2017-02-28,10951.0
Blue,永寧,2017-02-28,18722.0
Blue,土城,2017-02-28,10595.0
Blue,海山,2017-02-28,30110.0
Blue,亞東醫院,2017-02-28,27279.0
Blue,府中,2017-02-28,45833.0
Blue,板橋,2017-02-28,72146.0
Blue,新埔,2017-02-28,55350.0
Blue,江子翠,2017-02-28,36251.0
Blue,龍山寺,2017-02-28,52467.0
Blue,西門,2017-02-28,91816.5
Blue,善導寺,2017-02-28,21184.0
Blue,忠孝新生,2017-02-28,35067.0
Blue,忠孝敦化,2017-02-28,61242.0
Blue,國父紀念館,2017-02-28,35834.0
Blue,市政府,2017-02-28,95846.0
Blue,永春,2017-02-28,25172.0
Blue,後山埤,2017-02-28,24843.0
Blue,昆陽,2017-02-28,17497.0
Blue,南港,2017-02-28,25844.0
Blue,忠孝復興,2017-02-28,54608.5
Blue,南港展覽館,2017-02-28,18667.5
Blue,台北車站,2017-03-01,138580.5
Blue,頂埔,2017-03-01,15025.0
Blue,永寧,2017-03-01,23706.0
Blue,土城,2017-03-01,14201.0
Blue,海山,2017-03-01,43547.0
Blue,亞東醫院,2017-03-01,43449.0
Blue,府中,2017-03-01,56042.0
Blue,板橋,2017-03-01,73837.0
Blue,新埔,2017-03-01,81804.0
Blue,江子翠,2017-03-01,52622.0
Blue,龍山寺,2017-03-01,57445.0
Blue,西門,2017-03-01,72925.0
Blue,善導寺,2017-03-01,45911.0
Blue,忠孝新生,2017-03-01,37505.0
Blue,忠孝敦化,2017-03-01,70237.0
Blue,國父紀念館,2017-03-01,41694.0
Blue,市政府,2017-03-01,109554.0
Blue,永春,2017-03-01,40203.0
Blue,後山埤,2017-03-01,33856.0
Blue,昆陽,2017-03-01,29486.0
Blue,南港,2017-03-01,30361.0
Blue,忠孝復興,2017-03-01,51875.5
Blue,南港展覽館,2017-03-01,32071.0
Blue,台北車站,2017-03-02,129207.5
Blue,頂埔,2017-03-02,14889.0
Blue,永寧,2017-03-02,24004.0
Blue,土城,2017-03-02,13610.0
Blue,海山,2017-03-02,43338.0
Blue,亞東醫院,2017-03-02,42888.0
Blue,府中,2017-03-02,55755.0
Blue,板橋,2017-03-02,72804.0
Blue,新埔,2017-03-02,81130.0
Blue,江子翠,2017-03-02,52173.0
Blue,龍山寺,2017-03-02,55763.0
Blue,西門,2017-03-02,72917.0
Blue,善導寺,2017-03-02,45513.0
Blue,忠孝新生,2017-03-02,38394.5
Blue,忠孝敦化,2017-03-02,72924.0
Blue,國父紀念館,2017-03-02,44927.0
Blue,市政府,2017-03-02,113223.0
Blue,永春,2017-03-02,41950.0
Blue,後山埤,2017-03-02,33682.0
Blue,昆陽,2017-03-02,29796.0
Blue,南港,2017-03-02,31221.0
Blue,忠孝復興,2017-03-02,54265.5
Blue,南港展覽館,2017-03-02,32138.5
Blue,台北車站,2017-03-03,158488.5
Blue,頂埔,2017-03-03,16135.0
Blue,永寧,2017-03-03,25856.0
Blue,土城,2017-03-03,14673.0
Blue,海山,2017-03-03,45343.0
Blue,亞東醫院,2017-03-03,44761.0
Blue,府中,2017-03-03,60883.0
Blue,板橋,2017-03-03,81998.0
Blue,新埔,2017-03-03,85051.0
Blue,江子翠,2017-03-03,54567.0
Blue,龍山寺,2017-03-03,61248.0
Blue,西門,2017-03-03,88223.5
Blue,善導寺,2017-03-03,49633.0
Blue,忠孝新生,2017-03-03,43128.0
Blue,忠孝敦化,2017-03-03,82466.0
Blue,國父紀念館,2017-03-03,51419.0
Blue,市政府,2017-03-03,127784.0
Blue,永春,2017-03-03,43411.0
Blue,後山埤,2017-03-03,36207.0
Blue,昆陽,2017-03-03,32403.0
Blue,南港,2017-03-03,35087.0
Blue,忠孝復興,2017-03-03,61648.0
Blue,南港展覽館,2017-03-03,35071.5
Blue,台北車站,2017-03-04,173173.0
Blue,頂埔,2017-03-04,12383.0
Blue,永寧,2017-03-04,22317.0
Blue,土城,2017-03-04,12734.0
Blue,海山,2017-03-04,36982.0
Blue,亞東醫院,2017-03-04,31482.0
Blue,府中,2017-03-04,60146.0
Blue,板橋,2017-03-04,77959.0
Blue,新埔,2017-03-04,68166.0
Blue,江子翠,2017-03-04,45608.0
Blue,龍山寺,2017-03-04,61121.0
Blue,西門,2017-03-04,102814.5
Blue,善導寺,2017-03-04,31725.0
Blue,忠孝新生,2017-03-04,45951.5
Blue,忠孝敦化,2017-03-04,78491.0
Blue,國父紀念館,2017-03-04,48145.0
Blue,市政府,2017-03-04,109318.0
Blue,永春,2017-03-04,32723.0
Blue,後山埤,2017-03-04,30884.0
Blue,昆陽,2017-03-04,20163.0
Blue,南港,2017-03-04,26601.0
Blue,忠孝復興,2017-03-04,65621.0
Blue,南港展覽館,2017-03-04,23966.5
Blue,台北車站,2017-03-05,163389.5
Blue,頂埔,2017-03-05,11980.0
Blue,永寧,2017-03-05,21657.0
Blue,土城,2017-03-05,11903.0
Blue,海山,2017-03-05,33477.0
Blue,亞東醫院,2017-03-05,25959.0
Blue,府中,2017-03-05,49727.0
Blue,板橋,2017-03-05,73687.0
Blue,新埔,2017-03-05,59259.0
Blue,江子翠,2017-03-05,39747.0
Blue,龍山寺,2017-03-05,55979.0
Blue,西門,2017-03-05,87486.5
Blue,善導寺,2017-03-05,27561.0
Blue,忠孝新生,2017-03-05,37430.0
Blue,忠孝敦化,2017-03-05,59706.0
Blue,國父紀念館,2017-03-05,38940.0
Blue,市政府,2017-03-05,92191.0
Blue,永春,2017-03-05,28286.0
Blue,後山埤,2017-03-05,27468.0
Blue,昆陽,2017-03-05,17055.0
Blue,南港,2017-03-05,24258.0
Blue,忠孝復興,2017-03-05,51769.0
Blue,南港展覽館,2017-03-05,21527.0
Blue,台北車站,2017-03-06,135842.5
Blue,頂埔,2017-03-06,15040.0
Blue,永寧,2017-03-06,23338.0
Blue,土城,2017-03-06,14027.0
Blue,海山,2017-03-06,43497.0
Blue,亞東醫院,2017-03-06,43892.0
Blue,府中,2017-03-06,55503.0
Blue,板橋,2017-03-06,75228.0
Blue,新埔,2017-03-06,82682.0
Blue,江子翠,2017-03-06,52426.0
Blue,龍山寺,2017-03-06,57248.0
Blue,西門,2017-03-06,76031.0
Blue,善導寺,2017-03-06,46248.0
Blue,忠孝新生,2017-03-06,36001.5
Blue,忠孝敦化,2017-03-06,71632.0
Blue,國父紀念館,2017-03-06,42157.0
Blue,市政府,2017-03-06,114222.0
Blue,永春,2017-03-06,40400.0
Blue,後山埤,2017-03-06,34662.0
Blue,昆陽,2017-03-06,29791.0
Blue,南港,2017-03-06,31361.0
Blue,忠孝復興,2017-03-06,52668.5
Blue,南港展覽館,2017-03-06,33615.0
Blue,台北車站,2017-03-07,134882.5
Blue,頂埔,2017-03-07,15088.0
Blue,永寧,2017-03-07,23869.0
Blue,土城,2017-03-07,13938.0
Blue,海山,2017-03-07,44011.0
Blue,亞東醫院,2017-03-07,43989.0
Blue,府中,2017-03-07,57549.0
Blue,板橋,2017-03-07,76222.0
Blue,新埔,2017-03-07,83521.0
Blue,江子翠,2017-03-07,53129.0
Blue,龍山寺,2017-03-07,56524.0
Blue,西門,2017-03-07,76509.5
Blue,善導寺,2017-03-07,49666.0
Blue,忠孝新生,2017-03-07,37239.0
Blue,忠孝敦化,2017-03-07,73932.0
Blue,國父紀念館,2017-03-07,43929.0
Blue,市政府,2017-03-07,116020.0
Blue,永春,2017-03-07,42659.0
Blue,後山埤,2017-03-07,34700.0
Blue,昆陽,2017-03-07,29941.0
Blue,南港,2017-03-07,33121.0
Blue,忠孝復興,2017-03-07,56205.0
Blue,南港展覽館,2017-03-07,37238.0
Blue,台北車站,2017-03-08,139275.5
Blue,頂埔,2017-03-08,15436.0
Blue,永寧,2017-03-08,24011.0
Blue,土城,2017-03-08,14317.0
Blue,海山,2017-03-08,44278.0
Blue,亞東醫院,2017-03-08,44670.0
Blue,府中,2017-03-08,58215.0
Blue,板橋,2017-03-08,78052.0
Blue,新埔,2017-03-08,85024.0
Blue,江子翠,2017-03-08,54554.0
Blue,龍山寺,2017-03-08,59070.0
Blue,西門,2017-03-08,80273.0
Blue,善導寺,2017-03-08,50430.0
Blue,忠孝新生,2017-03-08,38155.5
Blue,忠孝敦化,2017-03-08,77900.0
Blue,國父紀念館,2017-03-08,45902.0
Blue,市政府,2017-03-08,121389.0
Blue,永春,2017-03-08,42872.0
Blue,後山埤,2017-03-08,35460.0
Blue,昆陽,2017-03-08,30845.0
Blue,南港,2017-03-08,34346.0
Blue,忠孝復興,2017-03-08,59474.5
Blue,南港展覽館,2017-03-08,39647.5
Blue,台北車站,2017-03-09,139980.0
Blue,頂埔,2017-03-09,15378.0
Blue,永寧,2017-03-09,24280.0
Blue,土城,2017-03-09,13966.0
Blue,海山,2017-03-09,44003.0
Blue,亞東醫院,2017-03-09,44667.0
Blue,府中,2017-03-09,57683.0
Blue,板橋,2017-03-09,77033.0
Blue,新埔,2017-03-09,83829.0
Blue,江子翠,2017-03-09,53599.0
Blue,龍山寺,2017-03-09,58422.0
Blue,西門,2017-03-09,80069.0
Blue,善導寺,2017-03-09,49610.0
Blue,忠孝新生,2017-03-09,38939.0
Blue,忠孝敦化,2017-03-09,77559.0
Blue,國父紀念館,2017-03-09,45637.0
Blue,市政府,2017-03-09,120073.0
Blue,永春,2017-03-09,43319.0
Blue,後山埤,2017-03-09,35156.0
Blue,昆陽,2017-03-09,30636.0
Blue,南港,2017-03-09,35326.0
Blue,忠孝復興,2017-03-09,58731.5
Blue,南港展覽館,2017-03-09,40190.0
Blue,台北車站,2017-03-10,172774.5
Blue,頂埔,2017-03-10,16393.0
Blue,永寧,2017-03-10,26026.0
Blue,土城,2017-03-10,15137.0
Blue,海山,2017-03-10,46887.0
Blue,亞東醫院,2017-03-10,45752.0
Blue,府中,2017-03-10,62691.0
Blue,板橋,2017-03-10,89562.0
Blue,新埔,2017-03-10,89556.0
Blue,江子翠,2017-03-10,56768.0
Blue,龍山寺,2017-03-10,60962.0
Blue,西門,2017-03-10,93519.0
Blue,善導寺,2017-03-10,54174.0
Blue,忠孝新生,2017-03-10,43786.5
Blue,忠孝敦化,2017-03-10,88768.0
Blue,國父紀念館,2017-03-10,51542.0
Blue,市政府,2017-03-10,139035.0
Blue,永春,2017-03-10,46050.0
Blue,後山埤,2017-03-10,37731.0
Blue,昆陽,2017-03-10,32827.0
Blue,南港,2017-03-10,39990.0
Blue,忠孝復興,2017-03-10,67834.5
Blue,南港展覽館,2017-03-10,42545.5
Blue,台北車站,2017-03-11,185424.0
Blue,頂埔,2017-03-11,13027.0
Blue,永寧,2017-03-11,23429.0
Blue,土城,2017-03-11,13172.0
Blue,海山,2017-03-11,38183.0
Blue,亞東醫院,2017-03-11,33829.0
Blue,府中,2017-03-11,63199.0
Blue,板橋,2017-03-11,83134.0
Blue,新埔,2017-03-11,71009.0
Blue,江子翠,2017-03-11,46279.0
Blue,龍山寺,2017-03-11,65564.0
Blue,西門,2017-03-11,112530.5
Blue,善導寺,2017-03-11,33410.0
Blue,忠孝新生,2017-03-11,45897.0
Blue,忠孝敦化,2017-03-11,83673.0
Blue,國父紀念館,2017-03-11,42762.0
Blue,市政府,2017-03-11,117564.0
Blue,永春,2017-03-11,34103.0
Blue,後山埤,2017-03-11,31700.0
Blue,昆陽,2017-03-11,20275.0
Blue,南港,2017-03-11,30604.0
Blue,忠孝復興,2017-03-11,70005.5
Blue,南港展覽館,2017-03-11,35772.0
Blue,台北車站,2017-03-12,176075.0
Blue,頂埔,2017-03-12,12203.0
Blue,永寧,2017-03-12,21513.0
Blue,土城,2017-03-12,11982.0
Blue,海山,2017-03-12,33554.0
Blue,亞東醫院,2017-03-12,27333.0
Blue,府中,2017-03-12,52398.0
Blue,板橋,2017-03-12,77104.0
Blue,新埔,2017-03-12,60546.0
Blue,江子翠,2017-03-12,39836.0
Blue,龍山寺,2017-03-12,61282.0
Blue,西門,2017-03-12,96059.5
Blue,善導寺,2017-03-12,30388.0
Blue,忠孝新生,2017-03-12,38671.5
Blue,忠孝敦化,2017-03-12,62880.0
Blue,國父紀念館,2017-03-12,36694.0
Blue,市政府,2017-03-12,108860.0
Blue,永春,2017-03-12,27939.0
Blue,後山埤,2017-03-12,27357.0
Blue,昆陽,2017-03-12,18003.0
Blue,南港,2017-03-12,27285.0
Blue,忠孝復興,2017-03-12,54779.0
Blue,南港展覽館,2017-03-12,26808.5
Blue,台北車站,2017-03-13,142126.0
Blue,頂埔,2017-03-13,15273.0
Blue,永寧,2017-03-13,23986.0
Blue,土城,2017-03-13,14115.0
Blue,海山,2017-03-13,43438.0
Blue,亞東醫院,2017-03-13,44354.0
Blue,府中,2017-03-13,56351.0
Blue,板橋,2017-03-13,77439.0
Blue,新埔,2017-03-13,82722.0
Blue,江子翠,2017-03-13,52684.0
Blue,龍山寺,2017-03-13,58944.0
Blue,西門,2017-03-13,78054.5
Blue,善導寺,2017-03-13,45416.0
Blue,忠孝新生,2017-03-13,36714.0
Blue,忠孝敦化,2017-03-13,73202.0
Blue,國父紀念館,2017-03-13,42902.0
Blue,市政府,2017-03-13,118135.0
Blue,永春,2017-03-13,40831.0
Blue,後山埤,2017-03-13,34757.0
Blue,昆陽,2017-03-13,30192.0
Blue,南港,2017-03-13,31205.0
Blue,忠孝復興,2017-03-13,55595.0
Blue,南港展覽館,2017-03-13,31961.0
Blue,台北車站,2017-03-14,134493.0
Blue,頂埔,2017-03-14,15403.0
Blue,永寧,2017-03-14,23730.0
Blue,土城,2017-03-14,14117.0
Blue,海山,2017-03-14,43767.0
Blue,亞東醫院,2017-03-14,45015.0
Blue,府中,2017-03-14,58356.0
Blue,板橋,2017-03-14,78780.0
Blue,新埔,2017-03-14,84702.0
Blue,江子翠,2017-03-14,53566.0
Blue,龍山寺,2017-03-14,59599.0
Blue,西門,2017-03-14,78789.5
Blue,善導寺,2017-03-14,49284.0
Blue,忠孝新生,2017-03-14,37918.5
Blue,忠孝敦化,2017-03-14,75429.0
Blue,國父紀念館,2017-03-14,44380.0
Blue,市政府,2017-03-14,118014.0
Blue,永春,2017-03-14,42113.0
Blue,後山埤,2017-03-14,34924.0
Blue,昆陽,2017-03-14,30682.0
Blue,南港,2017-03-14,31885.0
Blue,忠孝復興,2017-03-14,56537.0
Blue,南港展覽館,2017-03-14,32544.5
Blue,台北車站,2017-03-15,136641.5
Blue,頂埔,2017-03-15,15364.0
Blue,永寧,2017-03-15,24792.0
Blue,土城,2017-03-15,14195.0
Blue,海山,2017-03-15,44462.0
Blue,亞東醫院,2017-03-15,44286.0
Blue,府中,2017-03-15,58247.0
Blue,板橋,2017-03-15,77473.0
Blue,新埔,2017-03-15,84274.0
Blue,江子翠,2017-03-15,54247.0
Blue,龍山寺,2017-03-15,60187.0
Blue,西門,2017-03-15,79204.0
Blue,善導寺,2017-03-15,49310.0
Blue,忠孝新生,2017-03-15,38184.0
Blue,忠孝敦化,2017-03-15,76383.0
Blue,國父紀念館,2017-03-15,45163.0
Blue,市政府,2017-03-15,116626.0
Blue,永春,2017-03-15,41992.0
Blue,後山埤,2017-03-15,34399.0
Blue,昆陽,2017-03-15,30704.0
Blue,南港,2017-03-15,31493.0
Blue,忠孝復興,2017-03-15,56824.5
Blue,南港展覽館,2017-03-15,32825.5
Blue,台北車站,2017-03-16,140510.0
Blue,頂埔,2017-03-16,15210.0
Blue,永寧,2017-03-16,25070.0
Blue,土城,2017-03-16,14147.0
Blue,海山,2017-03-16,44356.0
Blue,亞東醫院,2017-03-16,44670.0
Blue,府中,2017-03-16,58436.0
Blue,板橋,2017-03-16,81434.0
Blue,新埔,2017-03-16,84660.0
Blue,江子翠,2017-03-16,54840.0
Blue,龍山寺,2017-03-16,67041.0
Blue,西門,2017-03-16,80211.0
Blue,善導寺,2017-03-16,49304.0
Blue,忠孝新生,2017-03-16,38256.5
Blue,忠孝敦化,2017-03-16,78866.0
Blue,國父紀念館,2017-03-16,44823.0
Blue,市政府,2017-03-16,124372.0
Blue,永春,2017-03-16,42549.0
Blue,後山埤,2017-03-16,35131.0
Blue,昆陽,2017-03-16,31046.0
Blue,南港,2017-03-16,32640.0
Blue,忠孝復興,2017-03-16,59062.5
Blue,南港展覽館,2017-03-16,32923.0
Blue,台北車站,2017-03-17,170800.0
Blue,頂埔,2017-03-17,16534.0
Blue,永寧,2017-03-17,26779.0
Blue,土城,2017-03-17,15310.0
Blue,海山,2017-03-17,46784.0
Blue,亞東醫院,2017-03-17,45578.0
Blue,府中,2017-03-17,62548.0
Blue,板橋,2017-03-17,88525.0
Blue,新埔,2017-03-17,88365.0
Blue,江子翠,2017-03-17,56861.0
Blue,龍山寺,2017-03-17,63818.0
Blue,西門,2017-03-17,93556.5
Blue,善導寺,2017-03-17,51196.0
Blue,忠孝新生,2017-03-17,44601.5
Blue,忠孝敦化,2017-03-17,88013.0
Blue,國父紀念館,2017-03-17,49717.0
Blue,市政府,2017-03-17,137657.0
Blue,永春,2017-03-17,43767.0
Blue,後山埤,2017-03-17,37090.0
Blue,昆陽,2017-03-17,32463.0
Blue,南港,2017-03-17,37122.0
Blue,忠孝復興,2017-03-17,66722.5
Blue,南港展覽館,2017-03-17,35348.0
Blue,台北車站,2017-03-18,181628.0
Blue,頂埔,2017-03-18,13016.0
Blue,永寧,2017-03-18,23933.0
Blue,土城,2017-03-18,15529.0
Blue,海山,2017-03-18,39071.0
Blue,亞東醫院,2017-03-18,33416.0
Blue,府中,2017-03-18,63000.0
Blue,板橋,2017-03-18,83884.0
Blue,新埔,2017-03-18,72542.0
Blue,江子翠,2017-03-18,46939.0
Blue,龍山寺,2017-03-18,63948.0
Blue,西門,2017-03-18,108335.5
Blue,善導寺,2017-03-18,35715.0
Blue,忠孝新生,2017-03-18,45293.0
Blue,忠孝敦化,2017-03-18,81390.0
Blue,國父紀念館,2017-03-18,45340.0
Blue,市政府,2017-03-18,123357.0
Blue,永春,2017-03-18,32610.0
Blue,後山埤,2017-03-18,31984.0
Blue,昆陽,2017-03-18,21999.0
Blue,南港,2017-03-18,28902.0
Blue,忠孝復興,2017-03-18,69941.0
Blue,南港展覽館,2017-03-18,25385.0
Blue,台北車站,2017-03-19,164905.0
Blue,頂埔,2017-03-19,11900.0
Blue,永寧,2017-03-19,20378.0
Blue,土城,2017-03-19,12764.0
Blue,海山,2017-03-19,32459.0
Blue,亞東醫院,2017-03-19,27029.0
Blue,府中,2017-03-19,48563.0
Blue,板橋,2017-03-19,72862.0
Blue,新埔,2017-03-19,58699.0
Blue,江子翠,2017-03-19,38428.0
Blue,龍山寺,2017-03-19,54935.0
Blue,西門,2017-03-19,89499.0
Blue,善導寺,2017-03-19,30019.0
Blue,忠孝新生,2017-03-19,37776.5
Blue,忠孝敦化,2017-03-19,60381.0
Blue,國父紀念館,2017-03-19,34029.0
Blue,市政府,2017-03-19,99845.0
Blue,永春,2017-03-19,26324.0
Blue,後山埤,2017-03-19,26184.0
Blue,昆陽,2017-03-19,17654.0
Blue,南港,2017-03-19,24738.0
Blue,忠孝復興,2017-03-19,54855.0
Blue,南港展覽館,2017-03-19,20638.5
Blue,台北車站,2017-03-20,138123.5
Blue,頂埔,2017-03-20,15205.0
Blue,永寧,2017-03-20,24567.0
Blue,土城,2017-03-20,14281.0
Blue,海山,2017-03-20,43535.0
Blue,亞東醫院,2017-03-20,43181.0
Blue,府中,2017-03-20,55158.0
Blue,板橋,2017-03-20,73809.0
Blue,新埔,2017-03-20,80234.0
Blue,江子翠,2017-03-20,51854.0
Blue,龍山寺,2017-03-20,58481.0
Blue,西門,2017-03-20,75525.0
Blue,善導寺,2017-03-20,44203.0
Blue,忠孝新生,2017-03-20,35380.0
Blue,忠孝敦化,2017-03-20,71056.0
Blue,國父紀念館,2017-03-20,40717.0
Blue,市政府,2017-03-20,112891.0
Blue,永春,2017-03-20,39261.0
Blue,後山埤,2017-03-20,33477.0
Blue,昆陽,2017-03-20,29225.0
Blue,南港,2017-03-20,30537.0
Blue,忠孝復興,2017-03-20,53759.5
Blue,南港展覽館,2017-03-20,32216.5
Blue,台北車站,2017-03-21,133142.0
Blue,頂埔,2017-03-21,15189.0
Blue,永寧,2017-03-21,24407.0
Blue,土城,2017-03-21,14120.0
Blue,海山,2017-03-21,43440.0
Blue,亞東醫院,2017-03-21,44155.0
Blue,府中,2017-03-21,56880.0
Blue,板橋,2017-03-21,74728.0
Blue,新埔,2017-03-21,81876.0
Blue,江子翠,2017-03-21,52570.0
Blue,龍山寺,2017-03-21,58327.0
Blue,西門,2017-03-21,77557.5
Blue,善導寺,2017-03-21,46798.0
Blue,忠孝新生,2017-03-21,36582.0
Blue,忠孝敦化,2017-03-21,73458.0
Blue,國父紀念館,2017-03-21,42513.0
Blue,市政府,2017-03-21,115360.0
Blue,永春,2017-03-21,41833.0
Blue,後山埤,2017-03-21,34846.0
Blue,昆陽,2017-03-21,30378.0
Blue,南港,2017-03-21,31843.0
Blue,忠孝復興,2017-03-21,57330.0
Blue,南港展覽館,2017-03-21,34787.5
Blue,台北車站,2017-03-22,135314.5
Blue,頂埔,2017-03-22,15482.0
Blue,永寧,2017-03-22,24680.0
Blue,土城,2017-03-22,14524.0
Blue,海山,2017-03-22,44537.0
Blue,亞東醫院,2017-03-22,44557.0
Blue,府中,2017-03-22,58488.0
Blue,板橋,2017-03-22,76222.0
Blue,新埔,2017-03-22,83094.0
Blue,江子翠,2017-03-22,53732.0
Blue,龍山寺,2017-03-22,58384.0
Blue,西門,2017-03-22,78975.0
Blue,善導寺,2017-03-22,49047.0
Blue,忠孝新生,2017-03-22,37388.0
Blue,忠孝敦化,2017-03-22,76071.0
Blue,國父紀念館,2017-03-22,44229.0
Blue,市政府,2017-03-22,116627.0
Blue,永春,2017-03-22,43131.0
Blue,後山埤,2017-03-22,35155.0
Blue,昆陽,2017-03-22,30747.0
Blue,南港,2017-03-22,34766.0
Blue,忠孝復興,2017-03-22,57012.5
Blue,南港展覽館,2017-03-22,45551.0
Blue,台北車站,2017-03-23,138338.5
Blue,頂埔,2017-03-23,15317.0
Blue,永寧,2017-03-23,24045.0
Blue,土城,2017-03-23,14291.0
Blue,海山,2017-03-23,44077.0
Blue,亞東醫院,2017-03-23,44756.0
Blue,府中,2017-03-23,58207.0
Blue,板橋,2017-03-23,77085.0
Blue,新埔,2017-03-23,83690.0
Blue,江子翠,2017-03-23,54449.0
Blue,龍山寺,2017-03-23,59761.0
Blue,西門,2017-03-23,80725.0
Blue,善導寺,2017-03-23,48758.0
Blue,忠孝新生,2017-03-23,39399.0
Blue,忠孝敦化,2017-03-23,77360.0
Blue,國父紀念館,2017-03-23,45678.0
Blue,市政府,2017-03-23,121027.0
Blue,永春,2017-03-23,41697.0
Blue,後山埤,2017-03-23,35608.0
Blue,昆陽,2017-03-23,31217.0
Blue,南港,2017-03-23,35540.0
Blue,忠孝復興,2017-03-23,59589.0
Blue,南港展覽館,2017-03-23,47048.5
Blue,台北車站,2017-03-24,170744.5
Blue,頂埔,2017-03-24,16211.0
Blue,永寧,2017-03-24,26854.0
Blue,土城,2017-03-24,15359.0
Blue,海山,2017-03-24,46772.0
Blue,亞東醫院,2017-03-24,45256.0
Blue,府中,2017-03-24,63080.0
Blue,板橋,2017-03-24,86592.0
Blue,新埔,2017-03-24,86504.0
Blue,江子翠,2017-03-24,56385.0
Blue,龍山寺,2017-03-24,63212.0
Blue,西門,2017-03-24,94597.0
Blue,善導寺,2017-03-24,50910.0
Blue,忠孝新生,2017-03-24,43103.5
Blue,忠孝敦化,2017-03-24,87455.0
Blue,國父紀念館,2017-03-24,50854.0
Blue,市政府,2017-03-24,136695.0
Blue,永春,2017-03-24,43877.0
Blue,後山埤,2017-03-24,37445.0
Blue,昆陽,2017-03-24,32425.0
Blue,南港,2017-03-24,40229.0
Blue,忠孝復興,2017-03-24,69157.5
Blue,南港展覽館,2017-03-24,48685.0
Blue,台北車站,2017-03-25,183219.0
Blue,頂埔,2017-03-25,12292.0
Blue,永寧,2017-03-25,20453.0
Blue,土城,2017-03-25,14745.0
Blue,海山,2017-03-25,35308.0
Blue,亞東醫院,2017-03-25,31799.0
Blue,府中,2017-03-25,55795.0
Blue,板橋,2017-03-25,82954.0
Blue,新埔,2017-03-25,68662.0
Blue,江子翠,2017-03-25,44233.0
Blue,龍山寺,2017-03-25,55945.0
Blue,西門,2017-03-25,103219.5
Blue,善導寺,2017-03-25,34273.0
Blue,忠孝新生,2017-03-25,42231.0
Blue,忠孝敦化,2017-03-25,79714.0
Blue,國父紀念館,2017-03-25,42856.0
Blue,市政府,2017-03-25,112938.0
Blue,永春,2017-03-25,33459.0
Blue,後山埤,2017-03-25,30409.0
Blue,昆陽,2017-03-25,21068.0
Blue,南港,2017-03-25,30675.0
Blue,忠孝復興,2017-03-25,72526.0
Blue,南港展覽館,2017-03-25,32371.0
Blue,台北車站,2017-03-26,163440.0
Blue,頂埔,2017-03-26,11283.0
Blue,永寧,2017-03-26,18350.0
Blue,土城,2017-03-26,12349.0
Blue,海山,2017-03-26,31104.0
Blue,亞東醫院,2017-03-26,25029.0
Blue,府中,2017-03-26,46235.0
Blue,板橋,2017-03-26,73183.0
Blue,新埔,2017-03-26,56795.0
Blue,江子翠,2017-03-26,37363.0
Blue,龍山寺,2017-03-26,51504.0
Blue,西門,2017-03-26,86931.0
Blue,善導寺,2017-03-26,30426.0
Blue,忠孝新生,2017-03-26,35200.0
Blue,忠孝敦化,2017-03-26,60518.0
Blue,國父紀念館,2017-03-26,32046.0
Blue,市政府,2017-03-26,92919.0
Blue,永春,2017-03-26,27994.0
Blue,後山埤,2017-03-26,26048.0
Blue,昆陽,2017-03-26,17113.0
Blue,南港,2017-03-26,25733.0
Blue,忠孝復興,2017-03-26,56825.5
Blue,南港展覽館,2017-03-26,19495.0
Blue,台北車站,2017-03-27,135435.5
Blue,頂埔,2017-03-27,15093.0
Blue,永寧,2017-03-27,24154.0
Blue,土城,2017-03-27,14159.0
Blue,海山,2017-03-27,43159.0
Blue,亞東醫院,2017-03-27,42948.0
Blue,府中,2017-03-27,54868.0
Blue,板橋,2017-03-27,74812.0
Blue,新埔,2017-03-27,80316.0
Blue,江子翠,2017-03-27,51800.0
Blue,龍山寺,2017-03-27,58310.0
Blue,西門,2017-03-27,75872.0
Blue,善導寺,2017-03-27,44127.0
Blue,忠孝新生,2017-03-27,35603.5
Blue,忠孝敦化,2017-03-27,71928.0
Blue,國父紀念館,2017-03-27,42219.0
Blue,市政府,2017-03-27,115474.0
Blue,永春,2017-03-27,39521.0
Blue,後山埤,2017-03-27,33715.0
Blue,昆陽,2017-03-27,29352.0
Blue,南港,2017-03-27,31048.0
Blue,忠孝復興,2017-03-27,55333.0
Blue,南港展覽館,2017-03-27,32212.0
Blue,台北車站,2017-03-28,131564.0
Blue,頂埔,2017-03-28,15388.0
Blue,永寧,2017-03-28,24187.0
Blue,土城,2017-03-28,14343.0
Blue,海山,2017-03-28,43663.0
Blue,亞東醫院,2017-03-28,43910.0
Blue,府中,2017-03-28,57000.0
Blue,板橋,2017-03-28,74738.0
Blue,新埔,2017-03-28,82758.0
Blue,江子翠,2017-03-28,53104.0
Blue,龍山寺,2017-03-28,60991.0
Blue,西門,2017-03-28,75692.0
Blue,善導寺,2017-03-28,47914.0
Blue,忠孝新生,2017-03-28,37164.0
Blue,忠孝敦化,2017-03-28,73587.0
Blue,國父紀念館,2017-03-28,42697.0
Blue,市政府,2017-03-28,114744.0
Blue,永春,2017-03-28,40434.0
Blue,後山埤,2017-03-28,34163.0
Blue,昆陽,2017-03-28,29961.0
Blue,南港,2017-03-28,31139.0
Blue,忠孝復興,2017-03-28,56656.0
Blue,南港展覽館,2017-03-28,32998.5
Blue,台北車站,2017-03-29,137346.0
Blue,頂埔,2017-03-29,15849.0
Blue,永寧,2017-03-29,25427.0
Blue,土城,2017-03-29,14507.0
Blue,海山,2017-03-29,44787.0
Blue,亞東醫院,2017-03-29,44972.0
Blue,府中,2017-03-29,58274.0
Blue,板橋,2017-03-29,78833.0
Blue,新埔,2017-03-29,84767.0
Blue,江子翠,2017-03-29,54585.0
Blue,龍山寺,2017-03-29,59197.0
Blue,西門,2017-03-29,78303.0
Blue,善導寺,2017-03-29,52166.0
Blue,忠孝新生,2017-03-29,39533.5
Blue,忠孝敦化,2017-03-29,75730.0
Blue,國父紀念館,2017-03-29,44455.0
Blue,市政府,2017-03-29,115815.0
Blue,永春,2017-03-29,41568.0
Blue,後山埤,2017-03-29,34717.0
Blue,昆陽,2017-03-29,30801.0
Blue,南港,2017-03-29,33611.0
Blue,忠孝復興,2017-03-29,57528.5
Blue,南港展覽館,2017-03-29,36228.5
Blue,台北車站,2017-03-30,141323.5
Blue,頂埔,2017-03-30,15530.0
Blue,永寧,2017-03-30,24273.0
Blue,土城,2017-03-30,14221.0
Blue,海山,2017-03-30,43825.0
Blue,亞東醫院,2017-03-30,43956.0
Blue,府中,2017-03-30,57506.0
Blue,板橋,2017-03-30,77101.0
Blue,新埔,2017-03-30,82324.0
Blue,江子翠,2017-03-30,53786.0
Blue,龍山寺,2017-03-30,57765.0
Blue,西門,2017-03-30,75664.5
Blue,善導寺,2017-03-30,48995.0
Blue,忠孝新生,2017-03-30,39354.5
Blue,忠孝敦化,2017-03-30,75845.0
Blue,國父紀念館,2017-03-30,44131.0
Blue,市政府,2017-03-30,119318.0
Blue,永春,2017-03-30,41009.0
Blue,後山埤,2017-03-30,34050.0
Blue,昆陽,2017-03-30,31367.0
Blue,南港,2017-03-30,32486.0
Blue,忠孝復興,2017-03-30,57944.5
Blue,南港展覽館,2017-03-30,33357.5
Blue,台北車站,2017-03-31,182814.0
Blue,頂埔,2017-03-31,16375.0
Blue,永寧,2017-03-31,25753.0
Blue,土城,2017-03-31,15248.0
Blue,海山,2017-03-31,46146.0
Blue,亞東醫院,2017-03-31,45104.0
Blue,府中,2017-03-31,60844.0
Blue,板橋,2017-03-31,91891.0
Blue,新埔,2017-03-31,86251.0
Blue,江子翠,2017-03-31,55256.0
Blue,龍山寺,2017-03-31,58043.0
Blue,西門,2017-03-31,87856.5
Blue,善導寺,2017-03-31,51857.0
Blue,忠孝新生,2017-03-31,42853.0
Blue,忠孝敦化,2017-03-31,85287.0
Blue,國父紀念館,2017-03-31,51380.0
Blue,市政府,2017-03-31,138257.0
Blue,永春,2017-03-31,43936.0
Blue,後山埤,2017-03-31,36451.0
Blue,昆陽,2017-03-31,32269.0
Blue,南港,2017-03-31,40685.0
Blue,忠孝復興,2017-03-31,66588.5
Blue,南港展覽館,2017-03-31,36923.5
Blue,台北車站,2017-04-01,169130.5
Blue,頂埔,2017-04-01,11871.0
Blue,永寧,2017-04-01,20148.0
Blue,土城,2017-04-01,13381.0
Blue,海山,2017-04-01,34369.0
Blue,亞東醫院,2017-04-01,29129.0
Blue,府中,2017-04-01,53631.0
Blue,板橋,2017-04-01,78396.0
Blue,新埔,2017-04-01,61372.0
Blue,江子翠,2017-04-01,40721.0
Blue,龍山寺,2017-04-01,54944.0
Blue,西門,2017-04-01,98255.0
Blue,善導寺,2017-04-01,26899.0
Blue,忠孝新生,2017-04-01,37062.0
Blue,忠孝敦化,2017-04-01,69078.0
Blue,國父紀念館,2017-04-01,42821.0
Blue,市政府,2017-04-01,104902.0
Blue,永春,2017-04-01,28878.0
Blue,後山埤,2017-04-01,27395.0
Blue,昆陽,2017-04-01,17988.0
Blue,南港,2017-04-01,28302.0
Blue,忠孝復興,2017-04-01,61823.0
Blue,南港展覽館,2017-04-01,23813.5
Blue,台北車站,2017-04-02,156621.0
Blue,頂埔,2017-04-02,12568.0
Blue,永寧,2017-04-02,22270.0
Blue,土城,2017-04-02,13096.0
Blue,海山,2017-04-02,33309.0
Blue,亞東醫院,2017-04-02,25049.0
Blue,府中,2017-04-02,49391.0
Blue,板橋,2017-04-02,77704.0
Blue,新埔,2017-04-02,55776.0
Blue,江子翠,2017-04-02,37420.0
Blue,龍山寺,2017-04-02,56291.0
Blue,西門,2017-04-02,96187.0
Blue,善導寺,2017-04-02,26962.0
Blue,忠孝新生,2017-04-02,33494.0
Blue,忠孝敦化,2017-04-02,59824.0
Blue,國父紀念館,2017-04-02,35018.0
Blue,市政府,2017-04-02,99535.0
Blue,永春,2017-04-02,25706.0
Blue,後山埤,2017-04-02,26061.0
Blue,昆陽,2017-04-02,16650.0
Blue,南港,2017-04-02,26248.0
Blue,忠孝復興,2017-04-02,53408.5
Blue,南港展覽館,2017-04-02,22528.5
Blue,台北車站,2017-04-03,149106.5
Blue,頂埔,2017-04-03,11499.0
Blue,永寧,2017-04-03,20501.0
Blue,土城,2017-04-03,12845.0
Blue,海山,2017-04-03,32044.0
Blue,亞東醫院,2017-04-03,28582.0
Blue,府中,2017-04-03,47412.0
Blue,板橋,2017-04-03,72132.0
Blue,新埔,2017-04-03,53989.0
Blue,江子翠,2017-04-03,36437.0
Blue,龍山寺,2017-04-03,55003.0
Blue,西門,2017-04-03,94117.5
Blue,善導寺,2017-04-03,22000.0
Blue,忠孝新生,2017-04-03,31201.0
Blue,忠孝敦化,2017-04-03,59778.0
Blue,國父紀念館,2017-04-03,30801.0
Blue,市政府,2017-04-03,97887.0
Blue,永春,2017-04-03,23329.0
Blue,後山埤,2017-04-03,23767.0
Blue,昆陽,2017-04-03,15485.0
Blue,南港,2017-04-03,25854.0
Blue,忠孝復興,2017-04-03,54875.0
Blue,南港展覽館,2017-04-03,18941.0
Blue,台北車站,2017-04-04,136840.0
Blue,頂埔,2017-04-04,10205.0
Blue,永寧,2017-04-04,16869.0
Blue,土城,2017-04-04,10623.0
Blue,海山,2017-04-04,28139.0
Blue,亞東醫院,2017-04-04,21208.0
Blue,府中,2017-04-04,38350.0
Blue,板橋,2017-04-04,65352.0
Blue,新埔,2017-04-04,48754.0
Blue,江子翠,2017-04-04,33037.0
Blue,龍山寺,2017-04-04,45418.0
Blue,西門,2017-04-04,74263.0
Blue,善導寺,2017-04-04,21404.0
Blue,忠孝新生,2017-04-04,25978.5
Blue,忠孝敦化,2017-04-04,50452.0
Blue,國父紀念館,2017-04-04,26354.0
Blue,市政府,2017-04-04,83662.0
Blue,永春,2017-04-04,22581.0
Blue,後山埤,2017-04-04,22685.0
Blue,昆陽,2017-04-04,15123.0
Blue,南港,2017-04-04,23586.0
Blue,忠孝復興,2017-04-04,45577.5
Blue,南港展覽館,2017-04-04,17446.5
Blue,台北車站,2017-04-05,144175.5
Blue,頂埔,2017-04-05,15388.0
Blue,永寧,2017-04-05,23993.0
Blue,土城,2017-04-05,14188.0
Blue,海山,2017-04-05,42551.0
Blue,亞東醫院,2017-04-05,43147.0
Blue,府中,2017-04-05,55890.0
Blue,板橋,2017-04-05,74792.0
Blue,新埔,2017-04-05,79731.0
Blue,江子翠,2017-04-05,51845.0
Blue,龍山寺,2017-04-05,55807.0
Blue,西門,2017-04-05,75396.0
Blue,善導寺,2017-04-05,41707.0
Blue,忠孝新生,2017-04-05,35753.0
Blue,忠孝敦化,2017-04-05,73385.0
Blue,國父紀念館,2017-04-05,42565.0
Blue,市政府,2017-04-05,113097.0
Blue,永春,2017-04-05,39963.0
Blue,後山埤,2017-04-05,33142.0
Blue,昆陽,2017-04-05,29284.0
Blue,南港,2017-04-05,31476.0
Blue,忠孝復興,2017-04-05,53774.0
Blue,南港展覽館,2017-04-05,33178.5
Blue,台北車站,2017-04-06,139131.5
Blue,頂埔,2017-04-06,15507.0
Blue,永寧,2017-04-06,24447.0
Blue,土城,2017-04-06,14293.0
Blue,海山,2017-04-06,43726.0
Blue,亞東醫院,2017-04-06,44161.0
Blue,府中,2017-04-06,56751.0
Blue,板橋,2017-04-06,75185.0
Blue,新埔,2017-04-06,81882.0
Blue,江子翠,2017-04-06,52815.0
Blue,龍山寺,2017-04-06,56380.0
Blue,西門,2017-04-06,75227.5
Blue,善導寺,2017-04-06,47085.0
Blue,忠孝新生,2017-04-06,38514.5
Blue,忠孝敦化,2017-04-06,75251.0
Blue,國父紀念館,2017-04-06,43493.0
Blue,市政府,2017-04-06,117861.0
Blue,永春,2017-04-06,40918.0
Blue,後山埤,2017-04-06,33784.0
Blue,昆陽,2017-04-06,30346.0
Blue,南港,2017-04-06,34891.0
Blue,忠孝復興,2017-04-06,56729.5
Blue,南港展覽館,2017-04-06,51040.5
Blue,台北車站,2017-04-07,163816.5
Blue,頂埔,2017-04-07,16670.0
Blue,永寧,2017-04-07,27282.0
Blue,土城,2017-04-07,15399.0
Blue,海山,2017-04-07,46344.0
Blue,亞東醫院,2017-04-07,45791.0
Blue,府中,2017-04-07,62359.0
Blue,板橋,2017-04-07,84557.0
Blue,新埔,2017-04-07,87115.0
Blue,江子翠,2017-04-07,56339.0
Blue,龍山寺,2017-04-07,60969.0
Blue,西門,2017-04-07,91980.0
Blue,善導寺,2017-04-07,49001.0
Blue,忠孝新生,2017-04-07,42941.5
Blue,忠孝敦化,2017-04-07,85380.0
Blue,國父紀念館,2017-04-07,50146.0
Blue,市政府,2017-04-07,134120.0
Blue,永春,2017-04-07,43311.0
Blue,後山埤,2017-04-07,37167.0
Blue,昆陽,2017-04-07,32434.0
Blue,南港,2017-04-07,39604.0
Blue,忠孝復興,2017-04-07,64153.5
Blue,南港展覽館,2017-04-07,58300.5
Blue,台北車站,2017-04-08,174761.0
Blue,頂埔,2017-04-08,13720.0
Blue,永寧,2017-04-08,23235.0
Blue,土城,2017-04-08,13258.0
Blue,海山,2017-04-08,37067.0
Blue,亞東醫院,2017-04-08,32074.0
Blue,府中,2017-04-08,60095.0
Blue,板橋,2017-04-08,79246.0
Blue,新埔,2017-04-08,68187.0
Blue,江子翠,2017-04-08,45030.0
Blue,龍山寺,2017-04-08,60271.0
Blue,西門,2017-04-08,105684.0
Blue,善導寺,2017-04-08,33920.0
Blue,忠孝新生,2017-04-08,43167.0
Blue,忠孝敦化,2017-04-08,81336.0
Blue,國父紀念館,2017-04-08,44627.0
Blue,市政府,2017-04-08,113018.0
Blue,永春,2017-04-08,32079.0
Blue,後山埤,2017-04-08,31732.0
Blue,昆陽,2017-04-08,19913.0
Blue,南港,2017-04-08,32445.0
Blue,忠孝復興,2017-04-08,66149.5
Blue,南港展覽館,2017-04-08,53098.5
Blue,台北車站,2017-04-09,163456.0
Blue,頂埔,2017-04-09,12359.0
Blue,永寧,2017-04-09,21304.0
Blue,土城,2017-04-09,11226.0
Blue,海山,2017-04-09,33317.0
Blue,亞東醫院,2017-04-09,26542.0
Blue,府中,2017-04-09,50410.0
Blue,板橋,2017-04-09,73783.0
Blue,新埔,2017-04-09,57872.0
Blue,江子翠,2017-04-09,37407.0
Blue,龍山寺,2017-04-09,52867.0
Blue,西門,2017-04-09,92641.5
Blue,善導寺,2017-04-09,27448.0
Blue,忠孝新生,2017-04-09,34133.0
Blue,忠孝敦化,2017-04-09,62164.0
Blue,國父紀念館,2017-04-09,34642.0
Blue,市政府,2017-04-09,97001.0
Blue,永春,2017-04-09,30896.0
Blue,後山埤,2017-04-09,29953.0
Blue,昆陽,2017-04-09,17402.0
Blue,南港,2017-04-09,31619.0
Blue,忠孝復興,2017-04-09,52242.0
Blue,南港展覽館,2017-04-09,48274.0
Blue,台北車站,2017-04-10,134784.0
Blue,頂埔,2017-04-10,15469.0
Blue,永寧,2017-04-10,24368.0
Blue,土城,2017-04-10,14412.0
Blue,海山,2017-04-10,43073.0
Blue,亞東醫院,2017-04-10,43604.0
Blue,府中,2017-04-10,55649.0
Blue,板橋,2017-04-10,73998.0
Blue,新埔,2017-04-10,81275.0
Blue,江子翠,2017-04-10,51948.0
Blue,龍山寺,2017-04-10,56383.0
Blue,西門,2017-04-10,77842.0
Blue,善導寺,2017-04-10,44116.0
Blue,忠孝新生,2017-04-10,35580.0
Blue,忠孝敦化,2017-04-10,72193.0
Blue,國父紀念館,2017-04-10,42241.0
Blue,市政府,2017-04-10,116361.0
Blue,永春,2017-04-10,39438.0
Blue,後山埤,2017-04-10,33564.0
Blue,昆陽,2017-04-10,29637.0
Blue,南港,2017-04-10,30712.0
Blue,忠孝復興,2017-04-10,53726.0
Blue,南港展覽館,2017-04-10,32163.5
Blue,台北車站,2017-04-11,137360.0
Blue,頂埔,2017-04-11,15807.0
Blue,永寧,2017-04-11,23612.0
Blue,土城,2017-04-11,13870.0
Blue,海山,2017-04-11,44312.0
Blue,亞東醫院,2017-04-11,44804.0
Blue,府中,2017-04-11,57507.0
Blue,板橋,2017-04-11,75692.0
Blue,新埔,2017-04-11,84002.0
Blue,江子翠,2017-04-11,53456.0
Blue,龍山寺,2017-04-11,58466.0
Blue,西門,2017-04-11,79917.0
Blue,善導寺,2017-04-11,48840.0
Blue,忠孝新生,2017-04-11,36928.5
Blue,忠孝敦化,2017-04-11,75043.0
Blue,國父紀念館,2017-04-11,44488.0
Blue,市政府,2017-04-11,116512.0
Blue,永春,2017-04-11,42141.0
Blue,後山埤,2017-04-11,34621.0
Blue,昆陽,2017-04-11,30654.0
Blue,南港,2017-04-11,32734.0
Blue,忠孝復興,2017-04-11,54924.5
Blue,南港展覽館,2017-04-11,33497.5
Blue,台北車站,2017-04-12,143962.5
Blue,頂埔,2017-04-12,15883.0
Blue,永寧,2017-04-12,24243.0
Blue,土城,2017-04-12,14369.0
Blue,海山,2017-04-12,44501.0
Blue,亞東醫院,2017-04-12,45250.0
Blue,府中,2017-04-12,58871.0
Blue,板橋,2017-04-12,79426.0
Blue,新埔,2017-04-12,83943.0
Blue,江子翠,2017-04-12,53842.0
Blue,龍山寺,2017-04-12,57898.0
Blue,西門,2017-04-12,84023.5
Blue,善導寺,2017-04-12,49493.0
Blue,忠孝新生,2017-04-12,37285.5
Blue,忠孝敦化,2017-04-12,75935.0
Blue,國父紀念館,2017-04-12,44743.0
Blue,市政府,2017-04-12,116622.0
Blue,永春,2017-04-12,42150.0
Blue,後山埤,2017-04-12,34455.0
Blue,昆陽,2017-04-12,30972.0
Blue,南港,2017-04-12,34615.0
Blue,忠孝復興,2017-04-12,56700.0
Blue,南港展覽館,2017-04-12,39028.0
Blue,台北車站,2017-04-13,139370.0
Blue,頂埔,2017-04-13,15643.0
Blue,永寧,2017-04-13,24639.0
Blue,土城,2017-04-13,14525.0
Blue,海山,2017-04-13,43989.0
Blue,亞東醫院,2017-04-13,44897.0
Blue,府中,2017-04-13,58094.0
Blue,板橋,2017-04-13,78432.0
Blue,新埔,2017-04-13,82522.0
Blue,江子翠,2017-04-13,53534.0
Blue,龍山寺,2017-04-13,57671.0
Blue,西門,2017-04-13,84154.5
Blue,善導寺,2017-04-13,48312.0
Blue,忠孝新生,2017-04-13,38030.5
Blue,忠孝敦化,2017-04-13,76278.0
Blue,國父紀念館,2017-04-13,44968.0
Blue,市政府,2017-04-13,122950.0
Blue,永春,2017-04-13,41696.0
Blue,後山埤,2017-04-13,33476.0
Blue,昆陽,2017-04-13,29986.0
Blue,南港,2017-04-13,33350.0
Blue,忠孝復興,2017-04-13,57343.5
Blue,南港展覽館,2017-04-13,39169.0
Blue,台北車站,2017-04-14,166035.5
Blue,頂埔,2017-04-14,16808.0
Blue,永寧,2017-04-14,26749.0
Blue,土城,2017-04-14,15164.0
Blue,海山,2017-04-14,46459.0
Blue,亞東醫院,2017-04-14,45430.0
Blue,府中,2017-04-14,62574.0
Blue,板橋,2017-04-14,87994.0
Blue,新埔,2017-04-14,86430.0
Blue,江子翠,2017-04-14,55726.0
Blue,龍山寺,2017-04-14,61631.0
Blue,西門,2017-04-14,98214.5
Blue,善導寺,2017-04-14,50455.0
Blue,忠孝新生,2017-04-14,41457.5
Blue,忠孝敦化,2017-04-14,86722.0
Blue,國父紀念館,2017-04-14,50587.0
Blue,市政府,2017-04-14,135969.0
Blue,永春,2017-04-14,42563.0
Blue,後山埤,2017-04-14,36759.0
Blue,昆陽,2017-04-14,31771.0
Blue,南港,2017-04-14,37490.0
Blue,忠孝復興,2017-04-14,65718.0
Blue,南港展覽館,2017-04-14,40388.5
Blue,台北車站,2017-04-15,175734.5
Blue,頂埔,2017-04-15,13028.0
Blue,永寧,2017-04-15,24243.0
Blue,土城,2017-04-15,13600.0
Blue,海山,2017-04-15,38260.0
Blue,亞東醫院,2017-04-15,34220.0
Blue,府中,2017-04-15,61435.0
Blue,板橋,2017-04-15,83797.0
Blue,新埔,2017-04-15,68574.0
Blue,江子翠,2017-04-15,45132.0
Blue,龍山寺,2017-04-15,61857.0
Blue,西門,2017-04-15,116842.5
Blue,善導寺,2017-04-15,35124.0
Blue,忠孝新生,2017-04-15,38508.5
Blue,忠孝敦化,2017-04-15,79698.0
Blue,國父紀念館,2017-04-15,44121.0
Blue,市政府,2017-04-15,119616.0
Blue,永春,2017-04-15,33948.0
Blue,後山埤,2017-04-15,33716.0
Blue,昆陽,2017-04-15,20248.0
Blue,南港,2017-04-15,28709.0
Blue,忠孝復興,2017-04-15,68442.5
Blue,南港展覽館,2017-04-15,26596.5
Blue,台北車站,2017-04-16,160861.5
Blue,頂埔,2017-04-16,12555.0
Blue,永寧,2017-04-16,21452.0
Blue,土城,2017-04-16,11460.0
Blue,海山,2017-04-16,33196.0
Blue,亞東醫院,2017-04-16,25918.0
Blue,府中,2017-04-16,50129.0
Blue,板橋,2017-04-16,76848.0
Blue,新埔,2017-04-16,58043.0
Blue,江子翠,2017-04-16,38112.0
Blue,龍山寺,2017-04-16,52551.0
Blue,西門,2017-04-16,95360.0
Blue,善導寺,2017-04-16,30938.0
Blue,忠孝新生,2017-04-16,31189.5
Blue,忠孝敦化,2017-04-16,59198.0
Blue,國父紀念館,2017-04-16,32788.0
Blue,市政府,2017-04-16,99532.0
Blue,永春,2017-04-16,27377.0
Blue,後山埤,2017-04-16,29267.0
Blue,昆陽,2017-04-16,16648.0
Blue,南港,2017-04-16,25575.0
Blue,忠孝復興,2017-04-16,53619.0
Blue,南港展覽館,2017-04-16,21067.5
Blue,台北車站,2017-04-17,135506.5
Blue,頂埔,2017-04-17,15531.0
Blue,永寧,2017-04-17,23908.0
Blue,土城,2017-04-17,14127.0
Blue,海山,2017-04-17,42966.0
Blue,亞東醫院,2017-04-17,43353.0
Blue,府中,2017-04-17,55539.0
Blue,板橋,2017-04-17,73933.0
Blue,新埔,2017-04-17,79451.0
Blue,江子翠,2017-04-17,51109.0
Blue,龍山寺,2017-04-17,55863.0
Blue,西門,2017-04-17,77357.5
Blue,善導寺,2017-04-17,43107.0
Blue,忠孝新生,2017-04-17,34495.5
Blue,忠孝敦化,2017-04-17,70098.0
Blue,國父紀念館,2017-04-17,41696.0
Blue,市政府,2017-04-17,114725.0
Blue,永春,2017-04-17,38201.0
Blue,後山埤,2017-04-17,33267.0
Blue,昆陽,2017-04-17,29170.0
Blue,南港,2017-04-17,30696.0
Blue,忠孝復興,2017-04-17,53143.5
Blue,南港展覽館,2017-04-17,31485.5
Blue,台北車站,2017-04-18,130849.5
Blue,頂埔,2017-04-18,15318.0
Blue,永寧,2017-04-18,23919.0
Blue,土城,2017-04-18,14056.0
Blue,海山,2017-04-18,43261.0
Blue,亞東醫院,2017-04-18,43898.0
Blue,府中,2017-04-18,56295.0
Blue,板橋,2017-04-18,73710.0
Blue,新埔,2017-04-18,80898.0
Blue,江子翠,2017-04-18,52269.0
Blue,龍山寺,2017-04-18,56686.0
Blue,西門,2017-04-18,77029.5
Blue,善導寺,2017-04-18,49600.0
Blue,忠孝新生,2017-04-18,35443.5
Blue,忠孝敦化,2017-04-18,72369.0
Blue,國父紀念館,2017-04-18,42621.0
Blue,市政府,2017-04-18,114344.0
Blue,永春,2017-04-18,39742.0
Blue,後山埤,2017-04-18,33814.0
Blue,昆陽,2017-04-18,29571.0
Blue,南港,2017-04-18,31152.0
Blue,忠孝復興,2017-04-18,54042.0
Blue,南港展覽館,2017-04-18,33773.5
Blue,台北車站,2017-04-19,135389.0
Blue,頂埔,2017-04-19,15764.0
Blue,永寧,2017-04-19,24527.0
Blue,土城,2017-04-19,14242.0
Blue,海山,2017-04-19,43915.0
Blue,亞東醫院,2017-04-19,44368.0
Blue,府中,2017-04-19,57669.0
Blue,板橋,2017-04-19,76044.0
Blue,新埔,2017-04-19,82996.0
Blue,江子翠,2017-04-19,53504.0
Blue,龍山寺,2017-04-19,57401.0
Blue,西門,2017-04-19,79357.0
Blue,善導寺,2017-04-19,50334.0
Blue,忠孝新生,2017-04-19,36494.0
Blue,忠孝敦化,2017-04-19,74524.0
Blue,國父紀念館,2017-04-19,46519.0
Blue,市政府,2017-04-19,117217.0
Blue,永春,2017-04-19,40868.0
Blue,後山埤,2017-04-19,34216.0
Blue,昆陽,2017-04-19,30499.0
Blue,南港,2017-04-19,33424.0
Blue,忠孝復興,2017-04-19,54767.0
Blue,南港展覽館,2017-04-19,40040.5
Blue,台北車站,2017-04-20,135981.5
Blue,頂埔,2017-04-20,15632.0
Blue,永寧,2017-04-20,24200.0
Blue,土城,2017-04-20,13812.0
Blue,海山,2017-04-20,43539.0
Blue,亞東醫院,2017-04-20,43575.0
Blue,府中,2017-04-20,57307.0
Blue,板橋,2017-04-20,76327.0
Blue,新埔,2017-04-20,81405.0
Blue,江子翠,2017-04-20,53091.0
Blue,龍山寺,2017-04-20,56222.0
Blue,西門,2017-04-20,80315.5
Blue,善導寺,2017-04-20,47913.0
Blue,忠孝新生,2017-04-20,38335.0
Blue,忠孝敦化,2017-04-20,76299.0
Blue,國父紀念館,2017-04-20,46573.0
Blue,市政府,2017-04-20,122143.0
Blue,永春,2017-04-20,40654.0
Blue,後山埤,2017-04-20,34057.0
Blue,昆陽,2017-04-20,29964.0
Blue,南港,2017-04-20,34491.0
Blue,忠孝復興,2017-04-20,55854.0
Blue,南港展覽館,2017-04-20,41498.0
Blue,台北車站,2017-04-21,173768.5
Blue,頂埔,2017-04-21,16432.0
Blue,永寧,2017-04-21,26939.0
Blue,土城,2017-04-21,15028.0
Blue,海山,2017-04-21,45847.0
Blue,亞東醫院,2017-04-21,45477.0
Blue,府中,2017-04-21,62353.0
Blue,板橋,2017-04-21,88766.0
Blue,新埔,2017-04-21,87470.0
Blue,江子翠,2017-04-21,56587.0
Blue,龍山寺,2017-04-21,59912.0
Blue,西門,2017-04-21,93985.0
Blue,善導寺,2017-04-21,51224.0
Blue,忠孝新生,2017-04-21,43898.0
Blue,忠孝敦化,2017-04-21,87729.0
Blue,國父紀念館,2017-04-21,52749.0
Blue,市政府,2017-04-21,144343.0
Blue,永春,2017-04-21,44016.0
Blue,後山埤,2017-04-21,37000.0
Blue,昆陽,2017-04-21,32336.0
Blue,南港,2017-04-21,39172.0
Blue,忠孝復興,2017-04-21,65869.5
Blue,南港展覽館,2017-04-21,43291.5
Blue,台北車站,2017-04-22,182633.0
Blue,頂埔,2017-04-22,12452.0
Blue,永寧,2017-04-22,22053.0
Blue,土城,2017-04-22,13019.0
Blue,海山,2017-04-22,37405.0
Blue,亞東醫院,2017-04-22,32324.0
Blue,府中,2017-04-22,60104.0
Blue,板橋,2017-04-22,87033.0
Blue,新埔,2017-04-22,71044.0
Blue,江子翠,2017-04-22,46298.0
Blue,龍山寺,2017-04-22,57155.0
Blue,西門,2017-04-22,109236.0
Blue,善導寺,2017-04-22,38020.0
Blue,忠孝新生,2017-04-22,47528.0
Blue,忠孝敦化,2017-04-22,84026.0
Blue,國父紀念館,2017-04-22,49616.0
Blue,市政府,2017-04-22,129204.0
Blue,永春,2017-04-22,34681.0
Blue,後山埤,2017-04-22,33332.0
Blue,昆陽,2017-04-22,20906.0
Blue,南港,2017-04-22,30964.0
Blue,忠孝復興,2017-04-22,70960.5
Blue,南港展覽館,2017-04-22,30165.5
Blue,台北車站,2017-04-23,162253.5
Blue,頂埔,2017-04-23,12250.0
Blue,永寧,2017-04-23,22288.0
Blue,土城,2017-04-23,11302.0
Blue,海山,2017-04-23,33871.0
Blue,亞東醫院,2017-04-23,26591.0
Blue,府中,2017-04-23,50656.0
Blue,板橋,2017-04-23,77310.0
Blue,新埔,2017-04-23,59087.0
Blue,江子翠,2017-04-23,39420.0
Blue,龍山寺,2017-04-23,54308.0
Blue,西門,2017-04-23,94182.5
Blue,善導寺,2017-04-23,28905.0
Blue,忠孝新生,2017-04-23,37088.0
Blue,忠孝敦化,2017-04-23,63175.0
Blue,國父紀念館,2017-04-23,38045.0
Blue,市政府,2017-04-23,105095.0
Blue,永春,2017-04-23,27573.0
Blue,後山埤,2017-04-23,27878.0
Blue,昆陽,2017-04-23,17168.0
Blue,南港,2017-04-23,26007.0
Blue,忠孝復興,2017-04-23,53948.5
Blue,南港展覽館,2017-04-23,20767.0
Blue,台北車站,2017-04-24,134312.5
Blue,頂埔,2017-04-24,15063.0
Blue,永寧,2017-04-24,23402.0
Blue,土城,2017-04-24,13863.0
Blue,海山,2017-04-24,42638.0
Blue,亞東醫院,2017-04-24,43110.0
Blue,府中,2017-04-24,54794.0
Blue,板橋,2017-04-24,72646.0
Blue,新埔,2017-04-24,80490.0
Blue,江子翠,2017-04-24,51907.0
Blue,龍山寺,2017-04-24,55919.0
Blue,西門,2017-04-24,75461.0
Blue,善導寺,2017-04-24,43881.0
Blue,忠孝新生,2017-04-24,35395.0
Blue,忠孝敦化,2017-04-24,69796.0
Blue,國父紀念館,2017-04-24,41757.0
Blue,市政府,2017-04-24,115010.0
Blue,永春,2017-04-24,38875.0
Blue,後山埤,2017-04-24,33448.0
Blue,昆陽,2017-04-24,29290.0
Blue,南港,2017-04-24,31016.0
Blue,忠孝復興,2017-04-24,52563.5
Blue,南港展覽館,2017-04-24,31800.0
Blue,台北車站,2017-04-25,129789.0
Blue,頂埔,2017-04-25,15395.0
Blue,永寧,2017-04-25,24075.0
Blue,土城,2017-04-25,13705.0
Blue,海山,2017-04-25,43561.0
Blue,亞東醫院,2017-04-25,43723.0
Blue,府中,2017-04-25,56730.0
Blue,板橋,2017-04-25,73885.0
Blue,新埔,2017-04-25,82460.0
Blue,江子翠,2017-04-25,52430.0
Blue,龍山寺,2017-04-25,56945.0
Blue,西門,2017-04-25,74746.5
Blue,善導寺,2017-04-25,46949.0
Blue,忠孝新生,2017-04-25,34586.0
Blue,忠孝敦化,2017-04-25,72205.0
Blue,國父紀念館,2017-04-25,42809.0
Blue,市政府,2017-04-25,113854.0
Blue,永春,2017-04-25,39511.0
Blue,後山埤,2017-04-25,33435.0
Blue,昆陽,2017-04-25,30228.0
Blue,南港,2017-04-25,30995.0
Blue,忠孝復興,2017-04-25,53783.0
Blue,南港展覽館,2017-04-25,32001.5
Blue,台北車站,2017-04-26,131468.0
Blue,頂埔,2017-04-26,15597.0
Blue,永寧,2017-04-26,24087.0
Blue,土城,2017-04-26,14486.0
Blue,海山,2017-04-26,43676.0
Blue,亞東醫院,2017-04-26,43827.0
Blue,府中,2017-04-26,57210.0
Blue,板橋,2017-04-26,74592.0
Blue,新埔,2017-04-26,82729.0
Blue,江子翠,2017-04-26,53390.0
Blue,龍山寺,2017-04-26,58847.0
Blue,西門,2017-04-26,76792.5
Blue,善導寺,2017-04-26,47045.0
Blue,忠孝新生,2017-04-26,36561.0
Blue,忠孝敦化,2017-04-26,73833.0
Blue,國父紀念館,2017-04-26,44732.0
Blue,市政府,2017-04-26,116377.0
Blue,永春,2017-04-26,40759.0
Blue,後山埤,2017-04-26,34400.0
Blue,昆陽,2017-04-26,29973.0
Blue,南港,2017-04-26,31690.0
Blue,忠孝復興,2017-04-26,54266.0
Blue,南港展覽館,2017-04-26,32234.0
Blue,台北車站,2017-04-27,137859.5
Blue,頂埔,2017-04-27,15445.0
Blue,永寧,2017-04-27,23823.0
Blue,土城,2017-04-27,14014.0
Blue,海山,2017-04-27,43701.0
Blue,亞東醫院,2017-04-27,44372.0
Blue,府中,2017-04-27,56737.0
Blue,板橋,2017-04-27,79328.0
Blue,新埔,2017-04-27,83968.0
Blue,江子翠,2017-04-27,54077.0
Blue,龍山寺,2017-04-27,55580.0
Blue,西門,2017-04-27,76823.0
Blue,善導寺,2017-04-27,48729.0
Blue,忠孝新生,2017-04-27,37802.5
Blue,忠孝敦化,2017-04-27,77611.0
Blue,國父紀念館,2017-04-27,45056.0
Blue,市政府,2017-04-27,123375.0
Blue,永春,2017-04-27,41826.0
Blue,後山埤,2017-04-27,35103.0
Blue,昆陽,2017-04-27,30263.0
Blue,南港,2017-04-27,32248.0
Blue,忠孝復興,2017-04-27,58825.5
Blue,南港展覽館,2017-04-27,31783.0
Blue,台北車站,2017-04-28,170907.0
Blue,頂埔,2017-04-28,16585.0
Blue,永寧,2017-04-28,27512.0
Blue,土城,2017-04-28,15126.0
Blue,海山,2017-04-28,46251.0
Blue,亞東醫院,2017-04-28,45187.0
Blue,府中,2017-04-28,63839.0
Blue,板橋,2017-04-28,87969.0
Blue,新埔,2017-04-28,86955.0
Blue,江子翠,2017-04-28,55909.0
Blue,龍山寺,2017-04-28,61620.0
Blue,西門,2017-04-28,92077.0
Blue,善導寺,2017-04-28,48292.0
Blue,忠孝新生,2017-04-28,41722.0
Blue,忠孝敦化,2017-04-28,86092.0
Blue,國父紀念館,2017-04-28,51229.0
Blue,市政府,2017-04-28,137643.0
Blue,永春,2017-04-28,42777.0
Blue,後山埤,2017-04-28,36515.0
Blue,昆陽,2017-04-28,32361.0
Blue,南港,2017-04-28,37271.0
Blue,忠孝復興,2017-04-28,64544.0
Blue,南港展覽館,2017-04-28,42573.5
Blue,台北車站,2017-04-29,176402.5
Blue,頂埔,2017-04-29,12911.0
Blue,永寧,2017-04-29,28196.0
Blue,土城,2017-04-29,13306.0
Blue,海山,2017-04-29,37626.0
Blue,亞東醫院,2017-04-29,31426.0
Blue,府中,2017-04-29,59835.0
Blue,板橋,2017-04-29,80646.0
Blue,新埔,2017-04-29,68105.0
Blue,江子翠,2017-04-29,45452.0
Blue,龍山寺,2017-04-29,61067.0
Blue,西門,2017-04-29,107692.0
Blue,善導寺,2017-04-29,33187.0
Blue,忠孝新生,2017-04-29,38969.5
Blue,忠孝敦化,2017-04-29,79495.0
Blue,國父紀念館,2017-04-29,44602.0
Blue,市政府,2017-04-29,114639.0
Blue,永春,2017-04-29,31901.0
Blue,後山埤,2017-04-29,32076.0
Blue,昆陽,2017-04-29,20164.0
Blue,南港,2017-04-29,30979.0
Blue,忠孝復興,2017-04-29,67096.0
Blue,南港展覽館,2017-04-29,37683.0
Blue,台北車站,2017-04-30,166846.0
Blue,頂埔,2017-04-30,12588.0
Blue,永寧,2017-04-30,27851.0
Blue,土城,2017-04-30,11749.0
Blue,海山,2017-04-30,33037.0
Blue,亞東醫院,2017-04-30,26646.0
Blue,府中,2017-04-30,51620.0
Blue,板橋,2017-04-30,75973.0
Blue,新埔,2017-04-30,59387.0
Blue,江子翠,2017-04-30,38206.0
Blue,龍山寺,2017-04-30,57582.0
Blue,西門,2017-04-30,96704.5
Blue,善導寺,2017-04-30,27490.0
Blue,忠孝新生,2017-04-30,32885.5
Blue,忠孝敦化,2017-04-30,66404.0
Blue,國父紀念館,2017-04-30,36717.0
Blue,市政府,2017-04-30,101500.0
Blue,永春,2017-04-30,26214.0
Blue,後山埤,2017-04-30,26962.0
Blue,昆陽,2017-04-30,16365.0
Blue,南港,2017-04-30,28083.0
Blue,忠孝復興,2017-04-30,57364.5
Blue,南港展覽館,2017-04-30,31629.5
Blue,台北車站,2017-05-01,136174.5
Blue,頂埔,2017-05-01,11319.0
Blue,永寧,2017-05-01,22273.0
Blue,土城,2017-05-01,12309.0
Blue,海山,2017-05-01,36208.0
Blue,亞東醫院,2017-05-01,34665.0
Blue,府中,2017-05-01,47784.0
Blue,板橋,2017-05-01,72330.0
Blue,新埔,2017-05-01,64889.0
Blue,江子翠,2017-05-01,40385.0
Blue,龍山寺,2017-05-01,56165.0
Blue,西門,2017-05-01,79441.0
Blue,善導寺,2017-05-01,33033.0
Blue,忠孝新生,2017-05-01,29692.5
Blue,忠孝敦化,2017-05-01,57635.0
Blue,國父紀念館,2017-05-01,30981.0
Blue,市政府,2017-05-01,96202.0
Blue,永春,2017-05-01,30708.0
Blue,後山埤,2017-05-01,28589.0
Blue,昆陽,2017-05-01,20482.0
Blue,南港,2017-05-01,27821.0
Blue,忠孝復興,2017-05-01,54308.0
Blue,南港展覽館,2017-05-01,19653.0
Blue,台北車站,2017-05-02,128550.0
Blue,頂埔,2017-05-02,15444.0
Blue,永寧,2017-05-02,24239.0
Blue,土城,2017-05-02,13696.0
Blue,海山,2017-05-02,42736.0
Blue,亞東醫院,2017-05-02,43207.0
Blue,府中,2017-05-02,54427.0
Blue,板橋,2017-05-02,72076.0
Blue,新埔,2017-05-02,79977.0
Blue,江子翠,2017-05-02,51417.0
Blue,龍山寺,2017-05-02,58030.0
Blue,西門,2017-05-02,76604.0
Blue,善導寺,2017-05-02,46280.0
Blue,忠孝新生,2017-05-02,35173.5
Blue,忠孝敦化,2017-05-02,70994.0
Blue,國父紀念館,2017-05-02,42402.0
Blue,市政府,2017-05-02,109995.0
Blue,永春,2017-05-02,39401.0
Blue,後山埤,2017-05-02,32957.0
Blue,昆陽,2017-05-02,28935.0
Blue,南港,2017-05-02,29926.0
Blue,忠孝復興,2017-05-02,53387.5
Blue,南港展覽館,2017-05-02,31055.5
Blue,台北車站,2017-05-03,131600.5
Blue,頂埔,2017-05-03,15372.0
Blue,永寧,2017-05-03,25607.0
Blue,土城,2017-05-03,14282.0
Blue,海山,2017-05-03,43157.0
Blue,亞東醫院,2017-05-03,44253.0
Blue,府中,2017-05-03,56956.0
Blue,板橋,2017-05-03,75032.0
Blue,新埔,2017-05-03,82628.0
Blue,江子翠,2017-05-03,53747.0
Blue,龍山寺,2017-05-03,64108.0
Blue,西門,2017-05-03,78809.0
Blue,善導寺,2017-05-03,48744.0
Blue,忠孝新生,2017-05-03,36359.0
Blue,忠孝敦化,2017-05-03,74565.0
Blue,國父紀念館,2017-05-03,44084.0
Blue,市政府,2017-05-03,112472.0
Blue,永春,2017-05-03,40276.0
Blue,後山埤,2017-05-03,33707.0
Blue,昆陽,2017-05-03,29530.0
Blue,南港,2017-05-03,30970.0
Blue,忠孝復興,2017-05-03,58042.0
Blue,南港展覽館,2017-05-03,32030.5
Blue,台北車站,2017-05-04,134816.5
Blue,頂埔,2017-05-04,15678.0
Blue,永寧,2017-05-04,24876.0
Blue,土城,2017-05-04,14104.0
Blue,海山,2017-05-04,42975.0
Blue,亞東醫院,2017-05-04,43677.0
Blue,府中,2017-05-04,56433.0
Blue,板橋,2017-05-04,74731.0
Blue,新埔,2017-05-04,81244.0
Blue,江子翠,2017-05-04,52612.0
Blue,龍山寺,2017-05-04,60253.0
Blue,西門,2017-05-04,79150.5
Blue,善導寺,2017-05-04,49298.0
Blue,忠孝新生,2017-05-04,36688.0
Blue,忠孝敦化,2017-05-04,76091.0
Blue,國父紀念館,2017-05-04,45497.0
Blue,市政府,2017-05-04,118429.0
Blue,永春,2017-05-04,40313.0
Blue,後山埤,2017-05-04,33538.0
Blue,昆陽,2017-05-04,29846.0
Blue,南港,2017-05-04,31698.0
Blue,忠孝復興,2017-05-04,58432.0
Blue,南港展覽館,2017-05-04,32087.0
Blue,台北車站,2017-05-05,165975.5
Blue,頂埔,2017-05-05,16650.0
Blue,永寧,2017-05-05,26271.0
Blue,土城,2017-05-05,15067.0
Blue,海山,2017-05-05,45445.0
Blue,亞東醫院,2017-05-05,45293.0
Blue,府中,2017-05-05,61790.0
Blue,板橋,2017-05-05,85457.0
Blue,新埔,2017-05-05,85775.0
Blue,江子翠,2017-05-05,55242.0
Blue,龍山寺,2017-05-05,63874.0
Blue,西門,2017-05-05,92465.0
Blue,善導寺,2017-05-05,49872.0
Blue,忠孝新生,2017-05-05,41436.5
Blue,忠孝敦化,2017-05-05,86064.0
Blue,國父紀念館,2017-05-05,50095.0
Blue,市政府,2017-05-05,136510.0
Blue,永春,2017-05-05,42309.0
Blue,後山埤,2017-05-05,35615.0
Blue,昆陽,2017-05-05,31667.0
Blue,南港,2017-05-05,36246.0
Blue,忠孝復興,2017-05-05,67048.5
Blue,南港展覽館,2017-05-05,34297.5
Blue,台北車站,2017-05-06,166651.5
Blue,頂埔,2017-05-06,12980.0
Blue,永寧,2017-05-06,24618.0
Blue,土城,2017-05-06,12994.0
Blue,海山,2017-05-06,38939.0
Blue,亞東醫院,2017-05-06,33206.0
Blue,府中,2017-05-06,57642.0
Blue,板橋,2017-05-06,79668.0
Blue,新埔,2017-05-06,69345.0
Blue,江子翠,2017-05-06,45632.0
Blue,龍山寺,2017-05-06,60679.0
Blue,西門,2017-05-06,102352.5
Blue,善導寺,2017-05-06,32569.0
Blue,忠孝新生,2017-05-06,42302.5
Blue,忠孝敦化,2017-05-06,80063.0
Blue,國父紀念館,2017-05-06,43390.0
Blue,市政府,2017-05-06,116971.0
Blue,永春,2017-05-06,32256.0
Blue,後山埤,2017-05-06,30241.0
Blue,昆陽,2017-05-06,20606.0
Blue,南港,2017-05-06,27506.0
Blue,忠孝復興,2017-05-06,69405.5
Blue,南港展覽館,2017-05-06,24372.5
Blue,台北車站,2017-05-07,154974.0
Blue,頂埔,2017-05-07,12738.0
Blue,永寧,2017-05-07,25839.0
Blue,土城,2017-05-07,12138.0
Blue,海山,2017-05-07,34786.0
Blue,亞東醫院,2017-05-07,28628.0
Blue,府中,2017-05-07,50751.0
Blue,板橋,2017-05-07,77166.0
Blue,新埔,2017-05-07,61845.0
Blue,江子翠,2017-05-07,40022.0
Blue,龍山寺,2017-05-07,53306.0
Blue,西門,2017-05-07,86356.0
Blue,善導寺,2017-05-07,27200.0
Blue,忠孝新生,2017-05-07,33834.5
Blue,忠孝敦化,2017-05-07,63198.0
Blue,國父紀念館,2017-05-07,34087.0
Blue,市政府,2017-05-07,101413.0
Blue,永春,2017-05-07,29634.0
Blue,後山埤,2017-05-07,26693.0
Blue,昆陽,2017-05-07,17013.0
Blue,南港,2017-05-07,24863.0
Blue,忠孝復興,2017-05-07,54588.0
Blue,南港展覽館,2017-05-07,20634.5
Blue,台北車站,2017-05-08,131699.0
Blue,頂埔,2017-05-08,15258.0
Blue,永寧,2017-05-08,24898.0
Blue,土城,2017-05-08,14101.0
Blue,海山,2017-05-08,42786.0
Blue,亞東醫院,2017-05-08,43340.0
Blue,府中,2017-05-08,54791.0
Blue,板橋,2017-05-08,75288.0
Blue,新埔,2017-05-08,80095.0
Blue,江子翠,2017-05-08,51816.0
Blue,龍山寺,2017-05-08,55632.0
Blue,西門,2017-05-08,73405.0
Blue,善導寺,2017-05-08,43387.0
Blue,忠孝新生,2017-05-08,35034.5
Blue,忠孝敦化,2017-05-08,69470.0
Blue,國父紀念館,2017-05-08,40892.0
Blue,市政府,2017-05-08,114087.0
Blue,永春,2017-05-08,38398.0
Blue,後山埤,2017-05-08,33071.0
Blue,昆陽,2017-05-08,28974.0
Blue,南港,2017-05-08,31188.0
Blue,忠孝復興,2017-05-08,53460.0
Blue,南港展覽館,2017-05-08,31637.0
Blue,台北車站,2017-05-09,126258.0
Blue,頂埔,2017-05-09,15089.0
Blue,永寧,2017-05-09,24529.0
Blue,土城,2017-05-09,14210.0
Blue,海山,2017-05-09,43041.0
Blue,亞東醫院,2017-05-09,44003.0
Blue,府中,2017-05-09,55741.0
Blue,板橋,2017-05-09,74968.0
Blue,新埔,2017-05-09,82113.0
Blue,江子翠,2017-05-09,51962.0
Blue,龍山寺,2017-05-09,56228.0
Blue,西門,2017-05-09,73791.0
Blue,善導寺,2017-05-09,46678.0
Blue,忠孝新生,2017-05-09,35760.0
Blue,忠孝敦化,2017-05-09,72766.0
Blue,國父紀念館,2017-05-09,42729.0
Blue,市政府,2017-05-09,113341.0
Blue,永春,2017-05-09,40280.0
Blue,後山埤,2017-05-09,33736.0
Blue,昆陽,2017-05-09,29934.0
Blue,南港,2017-05-09,31148.0
Blue,忠孝復興,2017-05-09,56154.5
Blue,南港展覽館,2017-05-09,31809.0
Blue,台北車站,2017-05-10,130158.5
Blue,頂埔,2017-05-10,15610.0
Blue,永寧,2017-05-10,25069.0
Blue,土城,2017-05-10,14443.0
Blue,海山,2017-05-10,43562.0
Blue,亞東醫院,2017-05-10,43991.0
Blue,府中,2017-05-10,56750.0
Blue,板橋,2017-05-10,75577.0
Blue,新埔,2017-05-10,83099.0
Blue,江子翠,2017-05-10,53007.0
Blue,龍山寺,2017-05-10,59357.0
Blue,西門,2017-05-10,75733.5
Blue,善導寺,2017-05-10,46878.0
Blue,忠孝新生,2017-05-10,35994.0
Blue,忠孝敦化,2017-05-10,74601.0
Blue,國父紀念館,2017-05-10,44004.0
Blue,市政府,2017-05-10,114846.0
Blue,永春,2017-05-10,40802.0
Blue,後山埤,2017-05-10,33532.0
Blue,昆陽,2017-05-10,30040.0
Blue,南港,2017-05-10,31151.0
Blue,忠孝復興,2017-05-10,57401.0
Blue,南港展覽館,2017-05-10,32541.0
Blue,台北車站,2017-05-11,132450.0
Blue,頂埔,2017-05-11,15494.0
Blue,永寧,2017-05-11,25395.0
Blue,土城,2017-05-11,13974.0
Blue,海山,2017-05-11,43229.0
Blue,亞東醫院,2017-05-11,43435.0
Blue,府中,2017-05-11,56431.0
Blue,板橋,2017-05-11,75959.0
Blue,新埔,2017-05-11,82334.0
Blue,江子翠,2017-05-11,52564.0
Blue,龍山寺,2017-05-11,57276.0
Blue,西門,2017-05-11,76040.0
Blue,善導寺,2017-05-11,47731.0
Blue,忠孝新生,2017-05-11,36759.5
Blue,忠孝敦化,2017-05-11,76493.0
Blue,國父紀念館,2017-05-11,43657.0
Blue,市政府,2017-05-11,120583.0
Blue,永春,2017-05-11,40006.0
Blue,後山埤,2017-05-11,33717.0
Blue,昆陽,2017-05-11,30106.0
Blue,南港,2017-05-11,31877.0
Blue,忠孝復興,2017-05-11,58217.5
Blue,南港展覽館,2017-05-11,32886.5
Blue,台北車站,2017-05-12,174536.5
Blue,頂埔,2017-05-12,16713.0
Blue,永寧,2017-05-12,27917.0
Blue,土城,2017-05-12,15564.0
Blue,海山,2017-05-12,46391.0
Blue,亞東醫院,2017-05-12,45378.0
Blue,府中,2017-05-12,61871.0
Blue,板橋,2017-05-12,88851.0
Blue,新埔,2017-05-12,87102.0
Blue,江子翠,2017-05-12,55331.0
Blue,龍山寺,2017-05-12,59763.0
Blue,西門,2017-05-12,89223.0
Blue,善導寺,2017-05-12,50414.0
Blue,忠孝新生,2017-05-12,42698.5
Blue,忠孝敦化,2017-05-12,85679.0
Blue,國父紀念館,2017-05-12,50744.0
Blue,市政府,2017-05-12,139608.0
Blue,永春,2017-05-12,43353.0
Blue,後山埤,2017-05-12,36399.0
Blue,昆陽,2017-05-12,32108.0
Blue,南港,2017-05-12,38754.0
Blue,忠孝復興,2017-05-12,69408.5
Blue,南港展覽館,2017-05-12,38142.5
Blue,台北車站,2017-05-13,167798.0
Blue,頂埔,2017-05-13,12780.0
Blue,永寧,2017-05-13,23125.0
Blue,土城,2017-05-13,13120.0
Blue,海山,2017-05-13,41731.0
Blue,亞東醫院,2017-05-13,32225.0
Blue,府中,2017-05-13,57575.0
Blue,板橋,2017-05-13,82964.0
Blue,新埔,2017-05-13,69086.0
Blue,江子翠,2017-05-13,43956.0
Blue,龍山寺,2017-05-13,58953.0
Blue,西門,2017-05-13,97784.5
Blue,善導寺,2017-05-13,36459.0
Blue,忠孝新生,2017-05-13,37701.5
Blue,忠孝敦化,2017-05-13,77332.0
Blue,國父紀念館,2017-05-13,47080.0
Blue,市政府,2017-05-13,114496.0
Blue,永春,2017-05-13,35781.0
Blue,後山埤,2017-05-13,30319.0
Blue,昆陽,2017-05-13,19364.0
Blue,南港,2017-05-13,31303.0
Blue,忠孝復興,2017-05-13,68334.5
Blue,南港展覽館,2017-05-13,27876.0
Blue,台北車站,2017-05-14,152861.5
Blue,頂埔,2017-05-14,12201.0
Blue,永寧,2017-05-14,22562.0
Blue,土城,2017-05-14,11314.0
Blue,海山,2017-05-14,32549.0
Blue,亞東醫院,2017-05-14,24904.0
Blue,府中,2017-05-14,45766.0
Blue,板橋,2017-05-14,71350.0
Blue,新埔,2017-05-14,55757.0
Blue,江子翠,2017-05-14,36377.0
Blue,龍山寺,2017-05-14,51642.0
Blue,西門,2017-05-14,80753.5
Blue,善導寺,2017-05-14,24152.0
Blue,忠孝新生,2017-05-14,29338.0
Blue,忠孝敦化,2017-05-14,57340.0
Blue,國父紀念館,2017-05-14,34908.0
Blue,市政府,2017-05-14,93685.0
Blue,永春,2017-05-14,25896.0
Blue,後山埤,2017-05-14,26089.0
Blue,昆陽,2017-05-14,16417.0
Blue,南港,2017-05-14,25963.0
Blue,忠孝復興,2017-05-14,54308.0
Blue,南港展覽館,2017-05-14,22854.0
Blue,台北車站,2017-05-15,139473.5
Blue,頂埔,2017-05-15,15098.0
Blue,永寧,2017-05-15,24003.0
Blue,土城,2017-05-15,13777.0
Blue,海山,2017-05-15,39675.0
Blue,亞東醫院,2017-05-15,42818.0
Blue,府中,2017-05-15,53237.0
Blue,板橋,2017-05-15,74649.0
Blue,新埔,2017-05-15,79160.0
Blue,江子翠,2017-05-15,50503.0
Blue,龍山寺,2017-05-15,53755.0
Blue,西門,2017-05-15,73161.0
Blue,善導寺,2017-05-15,41979.0
Blue,忠孝新生,2017-05-15,35075.5
Blue,忠孝敦化,2017-05-15,70619.0
Blue,國父紀念館,2017-05-15,43078.0
Blue,市政府,2017-05-15,115092.0
Blue,永春,2017-05-15,36708.0
Blue,後山埤,2017-05-15,32972.0
Blue,昆陽,2017-05-15,29413.0
Blue,南港,2017-05-15,30220.0
Blue,忠孝復興,2017-05-15,52626.0
Blue,南港展覽館,2017-05-15,34699.5
Blue,台北車站,2017-05-16,129670.0
Blue,頂埔,2017-05-16,15181.0
Blue,永寧,2017-05-16,23114.0
Blue,土城,2017-05-16,13713.0
Blue,海山,2017-05-16,43065.0
Blue,亞東醫院,2017-05-16,44928.0
Blue,府中,2017-05-16,55937.0
Blue,板橋,2017-05-16,75931.0
Blue,新埔,2017-05-16,83203.0
Blue,江子翠,2017-05-16,52328.0
Blue,龍山寺,2017-05-16,54106.0
Blue,西門,2017-05-16,74613.0
Blue,善導寺,2017-05-16,48462.0
Blue,忠孝新生,2017-05-16,35827.5
Blue,忠孝敦化,2017-05-16,73250.0
Blue,國父紀念館,2017-05-16,43299.0
Blue,市政府,2017-05-16,115358.0
Blue,永春,2017-05-16,40469.0
Blue,後山埤,2017-05-16,34054.0
Blue,昆陽,2017-05-16,30177.0
Blue,南港,2017-05-16,31100.0
Blue,忠孝復興,2017-05-16,54563.5
Blue,南港展覽館,2017-05-16,31432.5
Blue,台北車站,2017-05-17,130849.0
Blue,頂埔,2017-05-17,15532.0
Blue,永寧,2017-05-17,24242.0
Blue,土城,2017-05-17,14322.0
Blue,海山,2017-05-17,43311.0
Blue,亞東醫院,2017-05-17,44960.0
Blue,府中,2017-05-17,57599.0
Blue,板橋,2017-05-17,75299.0
Blue,新埔,2017-05-17,82383.0
Blue,江子翠,2017-05-17,53356.0
Blue,龍山寺,2017-05-17,57459.0
Blue,西門,2017-05-17,77093.5
Blue,善導寺,2017-05-17,47666.0
Blue,忠孝新生,2017-05-17,36676.5
Blue,忠孝敦化,2017-05-17,75320.0
Blue,國父紀念館,2017-05-17,43005.0
Blue,市政府,2017-05-17,114090.0
Blue,永春,2017-05-17,39722.0
Blue,後山埤,2017-05-17,34030.0
Blue,昆陽,2017-05-17,29942.0
Blue,南港,2017-05-17,31954.0
Blue,忠孝復興,2017-05-17,55067.0
Blue,南港展覽館,2017-05-17,32725.0
Blue,台北車站,2017-05-18,133252.5
Blue,頂埔,2017-05-18,15147.0
Blue,永寧,2017-05-18,24629.0
Blue,土城,2017-05-18,13749.0
Blue,海山,2017-05-18,42658.0
Blue,亞東醫院,2017-05-18,43268.0
Blue,府中,2017-05-18,57133.0
Blue,板橋,2017-05-18,75561.0
Blue,新埔,2017-05-18,81924.0
Blue,江子翠,2017-05-18,53550.0
Blue,龍山寺,2017-05-18,56581.0
Blue,西門,2017-05-18,75833.5
Blue,善導寺,2017-05-18,46604.0
Blue,忠孝新生,2017-05-18,37362.5
Blue,忠孝敦化,2017-05-18,76550.0
Blue,國父紀念館,2017-05-18,42866.0
Blue,市政府,2017-05-18,116632.0
Blue,永春,2017-05-18,39822.0
Blue,後山埤,2017-05-18,33499.0
Blue,昆陽,2017-05-18,29581.0
Blue,南港,2017-05-18,31629.0
Blue,忠孝復興,2017-05-18,55771.5
Blue,南港展覽館,2017-05-18,33136.0
Blue,台北車站,2017-05-19,173900.0
Blue,頂埔,2017-05-19,16569.0
Blue,永寧,2017-05-19,27833.0
Blue,土城,2017-05-19,15622.0
Blue,海山,2017-05-19,46554.0
Blue,亞東醫院,2017-05-19,45768.0
Blue,府中,2017-05-19,65194.0
Blue,板橋,2017-05-19,91124.0
Blue,新埔,2017-05-19,88035.0
Blue,江子翠,2017-05-19,56849.0
Blue,龍山寺,2017-05-19,60873.0
Blue,西門,2017-05-19,98564.5
Blue,善導寺,2017-05-19,51203.0
Blue,忠孝新生,2017-05-19,42438.0
Blue,忠孝敦化,2017-05-19,90664.0
Blue,國父紀念館,2017-05-19,51190.0
Blue,市政府,2017-05-19,139720.0
Blue,永春,2017-05-19,43586.0
Blue,後山埤,2017-05-19,36455.0
Blue,昆陽,2017-05-19,32569.0
Blue,南港,2017-05-19,37459.0
Blue,忠孝復興,2017-05-19,67298.5
Blue,南港展覽館,2017-05-19,34719.5
Blue,台北車站,2017-05-20,179424.5
Blue,頂埔,2017-05-20,12665.0
Blue,永寧,2017-05-20,24530.0
Blue,土城,2017-05-20,13251.0
Blue,海山,2017-05-20,38045.0
Blue,亞東醫院,2017-05-20,32795.0
Blue,府中,2017-05-20,62252.0
Blue,板橋,2017-05-20,84926.0
Blue,新埔,2017-05-20,72583.0
Blue,江子翠,2017-05-20,45190.0
Blue,龍山寺,2017-05-20,60778.0
Blue,西門,2017-05-20,110892.0
Blue,善導寺,2017-05-20,37175.0
Blue,忠孝新生,2017-05-20,42633.0
Blue,忠孝敦化,2017-05-20,86951.0
Blue,國父紀念館,2017-05-20,44464.0
Blue,市政府,2017-05-20,118878.0
Blue,永春,2017-05-20,36531.0
Blue,後山埤,2017-05-20,31430.0
Blue,昆陽,2017-05-20,21147.0
Blue,南港,2017-05-20,28313.0
Blue,忠孝復興,2017-05-20,68256.0
Blue,南港展覽館,2017-05-20,26190.0
Blue,台北車站,2017-05-21,170865.0
Blue,頂埔,2017-05-21,12025.0
Blue,永寧,2017-05-21,23070.0
Blue,土城,2017-05-21,11643.0
Blue,海山,2017-05-21,32906.0
Blue,亞東醫院,2017-05-21,26336.0
Blue,府中,2017-05-21,51195.0
Blue,板橋,2017-05-21,74536.0
Blue,新埔,2017-05-21,60013.0
Blue,江子翠,2017-05-21,38385.0
Blue,龍山寺,2017-05-21,53608.0
Blue,西門,2017-05-21,97175.0
Blue,善導寺,2017-05-21,29158.0
Blue,忠孝新生,2017-05-21,35468.0
Blue,忠孝敦化,2017-05-21,68138.0
Blue,國父紀念館,2017-05-21,37017.0
Blue,市政府,2017-05-21,102672.0
Blue,永春,2017-05-21,27776.0
Blue,後山埤,2017-05-21,27994.0
Blue,昆陽,2017-05-21,17353.0
Blue,南港,2017-05-21,26014.0
Blue,忠孝復興,2017-05-21,55289.0
Blue,南港展覽館,2017-05-21,19769.0
Blue,台北車站,2017-05-22,135354.0
Blue,頂埔,2017-05-22,15004.0
Blue,永寧,2017-05-22,24272.0
Blue,土城,2017-05-22,13883.0
Blue,海山,2017-05-22,42195.0
Blue,亞東醫院,2017-05-22,42329.0
Blue,府中,2017-05-22,54467.0
Blue,板橋,2017-05-22,73509.0
Blue,新埔,2017-05-22,78799.0
Blue,江子翠,2017-05-22,51085.0
Blue,龍山寺,2017-05-22,55778.0
Blue,西門,2017-05-22,75928.0
Blue,善導寺,2017-05-22,43678.0
Blue,忠孝新生,2017-05-22,34479.0
Blue,忠孝敦化,2017-05-22,71262.0
Blue,國父紀念館,2017-05-22,42831.0
Blue,市政府,2017-05-22,114082.0
Blue,永春,2017-05-22,37440.0
Blue,後山埤,2017-05-22,32906.0
Blue,昆陽,2017-05-22,28242.0
Blue,南港,2017-05-22,30450.0
Blue,忠孝復興,2017-05-22,52081.0
Blue,南港展覽館,2017-05-22,31235.5
Blue,台北車站,2017-05-23,128866.5
Blue,頂埔,2017-05-23,15169.0
Blue,永寧,2017-05-23,23683.0
Blue,土城,2017-05-23,13778.0
Blue,海山,2017-05-23,42595.0
Blue,亞東醫院,2017-05-23,44096.0
Blue,府中,2017-05-23,56137.0
Blue,板橋,2017-05-23,74022.0
Blue,新埔,2017-05-23,80956.0
Blue,江子翠,2017-05-23,51659.0
Blue,龍山寺,2017-05-23,54694.0
Blue,西門,2017-05-23,75539.5
Blue,善導寺,2017-05-23,46132.0
Blue,忠孝新生,2017-05-23,35925.5
Blue,忠孝敦化,2017-05-23,72459.0
Blue,國父紀念館,2017-05-23,43093.0
Blue,市政府,2017-05-23,114688.0
Blue,永春,2017-05-23,39390.0
Blue,後山埤,2017-05-23,33136.0
Blue,昆陽,2017-05-23,29695.0
Blue,南港,2017-05-23,30911.0
Blue,忠孝復興,2017-05-23,53243.0
Blue,南港展覽館,2017-05-23,32168.5
Blue,台北車站,2017-05-24,133291.5
Blue,頂埔,2017-05-24,15132.0
Blue,永寧,2017-05-24,24133.0
Blue,土城,2017-05-24,13950.0
Blue,海山,2017-05-24,42919.0
Blue,亞東醫院,2017-05-24,43896.0
Blue,府中,2017-05-24,55992.0
Blue,板橋,2017-05-24,77271.0
Blue,新埔,2017-05-24,82177.0
Blue,江子翠,2017-05-24,52751.0
Blue,龍山寺,2017-05-24,54335.0
Blue,西門,2017-05-24,74489.0
Blue,善導寺,2017-05-24,49728.0
Blue,忠孝新生,2017-05-24,36256.5
Blue,忠孝敦化,2017-05-24,74665.0
Blue,國父紀念館,2017-05-24,42973.0
Blue,市政府,2017-05-24,115898.0
Blue,永春,2017-05-24,41164.0
Blue,後山埤,2017-05-24,33543.0
Blue,昆陽,2017-05-24,29833.0
Blue,南港,2017-05-24,31851.0
Blue,忠孝復興,2017-05-24,54969.0
Blue,南港展覽館,2017-05-24,32117.0
Blue,台北車站,2017-05-25,137246.0
Blue,頂埔,2017-05-25,15122.0
Blue,永寧,2017-05-25,23927.0
Blue,土城,2017-05-25,14010.0
Blue,海山,2017-05-25,43465.0
Blue,亞東醫院,2017-05-25,43744.0
Blue,府中,2017-05-25,57379.0
Blue,板橋,2017-05-25,76686.0
Blue,新埔,2017-05-25,82504.0
Blue,江子翠,2017-05-25,52936.0
Blue,龍山寺,2017-05-25,54762.0
Blue,西門,2017-05-25,75147.5
Blue,善導寺,2017-05-25,47713.0
Blue,忠孝新生,2017-05-25,36810.5
Blue,忠孝敦化,2017-05-25,76132.0
Blue,國父紀念館,2017-05-25,43099.0
Blue,市政府,2017-05-25,118536.0
Blue,永春,2017-05-25,41263.0
Blue,後山埤,2017-05-25,33993.0
Blue,昆陽,2017-05-25,30504.0
Blue,南港,2017-05-25,32758.0
Blue,忠孝復興,2017-05-25,55326.5
Blue,南港展覽館,2017-05-25,32751.5
Blue,台北車站,2017-05-26,174130.0
Blue,頂埔,2017-05-26,16388.0
Blue,永寧,2017-05-26,26886.0
Blue,土城,2017-05-26,15117.0
Blue,海山,2017-05-26,45849.0
Blue,亞東醫院,2017-05-26,45120.0
Blue,府中,2017-05-26,60814.0
Blue,板橋,2017-05-26,86024.0
Blue,新埔,2017-05-26,85320.0
Blue,江子翠,2017-05-26,54271.0
Blue,龍山寺,2017-05-26,60560.0
Blue,西門,2017-05-26,86829.5
Blue,善導寺,2017-05-26,47741.0
Blue,忠孝新生,2017-05-26,41039.0
Blue,忠孝敦化,2017-05-26,82298.0
Blue,國父紀念館,2017-05-26,49484.0
Blue,市政府,2017-05-26,130148.0
Blue,永春,2017-05-26,43238.0
Blue,後山埤,2017-05-26,35830.0
Blue,昆陽,2017-05-26,31581.0
Blue,南港,2017-05-26,38783.0
Blue,忠孝復興,2017-05-26,61835.5
Blue,南港展覽館,2017-05-26,34771.0
Blue,台北車站,2017-05-27,175646.5
Blue,頂埔,2017-05-27,11615.0
Blue,永寧,2017-05-27,20831.0
Blue,土城,2017-05-27,11625.0
Blue,海山,2017-05-27,33335.0
Blue,亞東醫院,2017-05-27,28356.0
Blue,府中,2017-05-27,52222.0
Blue,板橋,2017-05-27,78801.0
Blue,新埔,2017-05-27,62712.0
Blue,江子翠,2017-05-27,39022.0
Blue,龍山寺,2017-05-27,50524.0
Blue,西門,2017-05-27,99440.5
Blue,善導寺,2017-05-27,28290.0
Blue,忠孝新生,2017-05-27,34488.5
Blue,忠孝敦化,2017-05-27,71010.0
Blue,國父紀念館,2017-05-27,38061.0
Blue,市政府,2017-05-27,107289.0
Blue,永春,2017-05-27,29773.0
Blue,後山埤,2017-05-27,26999.0
Blue,昆陽,2017-05-27,17324.0
Blue,南港,2017-05-27,29214.0
Blue,忠孝復興,2017-05-27,61947.0
Blue,南港展覽館,2017-05-27,22601.0
Blue,台北車站,2017-05-28,157700.5
Blue,頂埔,2017-05-28,12007.0
Blue,永寧,2017-05-28,22669.0
Blue,土城,2017-05-28,11533.0
Blue,海山,2017-05-28,31737.0
Blue,亞東醫院,2017-05-28,25214.0
Blue,府中,2017-05-28,48866.0
Blue,板橋,2017-05-28,73303.0
Blue,新埔,2017-05-28,54321.0
Blue,江子翠,2017-05-28,36836.0
Blue,龍山寺,2017-05-28,54881.0
Blue,西門,2017-05-28,101813.0
Blue,善導寺,2017-05-28,25502.0
Blue,忠孝新生,2017-05-28,31296.0
Blue,忠孝敦化,2017-05-28,61322.0
Blue,國父紀念館,2017-05-28,35281.0
Blue,市政府,2017-05-28,102590.0
Blue,永春,2017-05-28,26008.0
Blue,後山埤,2017-05-28,25813.0
Blue,昆陽,2017-05-28,15363.0
Blue,南港,2017-05-28,25127.0
Blue,忠孝復興,2017-05-28,55266.0
Blue,南港展覽館,2017-05-28,20135.5
Blue,台北車站,2017-05-29,151723.0
Blue,頂埔,2017-05-29,11203.0
Blue,永寧,2017-05-29,20275.0
Blue,土城,2017-05-29,11619.0
Blue,海山,2017-05-29,30743.0
Blue,亞東醫院,2017-05-29,28029.0
Blue,府中,2017-05-29,47246.0
Blue,板橋,2017-05-29,70452.0
Blue,新埔,2017-05-29,53246.0
Blue,江子翠,2017-05-29,35771.0
Blue,龍山寺,2017-05-29,52471.0
Blue,西門,2017-05-29,98255.5
Blue,善導寺,2017-05-29,19235.0
Blue,忠孝新生,2017-05-29,28994.0
Blue,忠孝敦化,2017-05-29,64619.0
Blue,國父紀念館,2017-05-29,32958.0
Blue,市政府,2017-05-29,100514.0
Blue,永春,2017-05-29,23923.0
Blue,後山埤,2017-05-29,24827.0
Blue,昆陽,2017-05-29,15062.0
Blue,南港,2017-05-29,25562.0
Blue,忠孝復興,2017-05-29,57673.5
Blue,南港展覽館,2017-05-29,21647.0
Blue,台北車站,2017-05-30,140158.5
Blue,頂埔,2017-05-30,9507.0
Blue,永寧,2017-05-30,15373.0
Blue,土城,2017-05-30,9084.0
Blue,海山,2017-05-30,25853.0
Blue,亞東醫院,2017-05-30,19902.0
Blue,府中,2017-05-30,36200.0
Blue,板橋,2017-05-30,63028.0
Blue,新埔,2017-05-30,45736.0
Blue,江子翠,2017-05-30,30909.0
Blue,龍山寺,2017-05-30,40400.0
Blue,西門,2017-05-30,76293.5
Blue,善導寺,2017-05-30,18655.0
Blue,忠孝新生,2017-05-30,23381.5
Blue,忠孝敦化,2017-05-30,50731.0
Blue,國父紀念館,2017-05-30,26150.0
Blue,市政府,2017-05-30,88509.0
Blue,永春,2017-05-30,22207.0
Blue,後山埤,2017-05-30,21605.0
Blue,昆陽,2017-05-30,13856.0
Blue,南港,2017-05-30,23992.0
Blue,忠孝復興,2017-05-30,45670.0
Blue,南港展覽館,2017-05-30,27594.5
Blue,台北車站,2017-05-31,139794.5
Blue,頂埔,2017-05-31,15250.0
Blue,永寧,2017-05-31,24511.0
Blue,土城,2017-05-31,13953.0
Blue,海山,2017-05-31,42676.0
Blue,亞東醫院,2017-05-31,43431.0
Blue,府中,2017-05-31,55392.0
Blue,板橋,2017-05-31,75558.0
Blue,新埔,2017-05-31,80472.0
Blue,江子翠,2017-05-31,51803.0
Blue,龍山寺,2017-05-31,54618.0
Blue,西門,2017-05-31,76137.5
Blue,善導寺,2017-05-31,46514.0
Blue,忠孝新生,2017-05-31,35604.5
Blue,忠孝敦化,2017-05-31,71094.0
Blue,國父紀念館,2017-05-31,41313.0
Blue,市政府,2017-05-31,116901.0
Blue,永春,2017-05-31,39367.0
Blue,後山埤,2017-05-31,33244.0
Blue,昆陽,2017-05-31,29544.0
Blue,南港,2017-05-31,32669.0
Blue,忠孝復興,2017-05-31,52497.5
Blue,南港展覽館,2017-05-31,42465.0
Blue,台北車站,2017-06-01,130748.0
Blue,頂埔,2017-06-01,15162.0
Blue,永寧,2017-06-01,24123.0
Blue,土城,2017-06-01,13542.0
Blue,海山,2017-06-01,42703.0
Blue,亞東醫院,2017-06-01,43450.0
Blue,府中,2017-06-01,56545.0
Blue,板橋,2017-06-01,75313.0
Blue,新埔,2017-06-01,81068.0
Blue,江子翠,2017-06-01,51795.0
Blue,龍山寺,2017-06-01,54847.0
Blue,西門,2017-06-01,76728.0
Blue,善導寺,2017-06-01,46607.0
Blue,忠孝新生,2017-06-01,36074.0
Blue,忠孝敦化,2017-06-01,73649.0
Blue,國父紀念館,2017-06-01,43021.0
Blue,市政府,2017-06-01,120622.0
Blue,永春,2017-06-01,39859.0
Blue,後山埤,2017-06-01,33634.0
Blue,昆陽,2017-06-01,29887.0
Blue,南港,2017-06-01,33268.0
Blue,忠孝復興,2017-06-01,53993.0
Blue,南港展覽館,2017-06-01,47002.5
Blue,台北車站,2017-06-02,139891.5
Blue,頂埔,2017-06-02,15055.0
Blue,永寧,2017-06-02,23320.0
Blue,土城,2017-06-02,13309.0
Blue,海山,2017-06-02,41800.0
Blue,亞東醫院,2017-06-02,42364.0
Blue,府中,2017-06-02,53853.0
Blue,板橋,2017-06-02,77513.0
Blue,新埔,2017-06-02,79331.0
Blue,江子翠,2017-06-02,50625.0
Blue,龍山寺,2017-06-02,50341.0
Blue,西門,2017-06-02,77286.0
Blue,善導寺,2017-06-02,46774.0
Blue,忠孝新生,2017-06-02,35647.5
Blue,忠孝敦化,2017-06-02,72580.0
Blue,國父紀念館,2017-06-02,43895.0
Blue,市政府,2017-06-02,120365.0
Blue,永春,2017-06-02,39923.0
Blue,後山埤,2017-06-02,32548.0
Blue,昆陽,2017-06-02,28971.0
Blue,南港,2017-06-02,35428.0
Blue,忠孝復興,2017-06-02,54477.5
Blue,南港展覽館,2017-06-02,46398.0
Blue,台北車站,2017-06-03,150107.0
Blue,頂埔,2017-06-03,13775.0
Blue,永寧,2017-06-03,21614.0
Blue,土城,2017-06-03,12109.0
Blue,海山,2017-06-03,38712.0
Blue,亞東醫院,2017-06-03,33965.0
Blue,府中,2017-06-03,53110.0
Blue,板橋,2017-06-03,82628.0
Blue,新埔,2017-06-03,72855.0
Blue,江子翠,2017-06-03,47568.0
Blue,龍山寺,2017-06-03,50248.0
Blue,西門,2017-06-03,89492.0
Blue,善導寺,2017-06-03,41746.0
Blue,忠孝新生,2017-06-03,34863.5
Blue,忠孝敦化,2017-06-03,76071.0
Blue,國父紀念館,2017-06-03,46760.0
Blue,市政府,2017-06-03,123310.0
Blue,永春,2017-06-03,38545.0
Blue,後山埤,2017-06-03,30998.0
Blue,昆陽,2017-06-03,26492.0
Blue,南港,2017-06-03,34223.0
Blue,忠孝復興,2017-06-03,62513.5
Blue,南港展覽館,2017-06-03,38724.0
Blue,台北車站,2017-06-04,142749.0
Blue,頂埔,2017-06-04,10054.0
Blue,永寧,2017-06-04,16321.0
Blue,土城,2017-06-04,9595.0
Blue,海山,2017-06-04,28714.0
Blue,亞東醫院,2017-06-04,23372.0
Blue,府中,2017-06-04,44949.0
Blue,板橋,2017-06-04,68317.0
Blue,新埔,2017-06-04,56177.0
Blue,江子翠,2017-06-04,35113.0
Blue,龍山寺,2017-06-04,45535.0
Blue,西門,2017-06-04,88320.5
Blue,善導寺,2017-06-04,29357.0
Blue,忠孝新生,2017-06-04,29275.0
Blue,忠孝敦化,2017-06-04,60745.0
Blue,國父紀念館,2017-06-04,31870.0
Blue,市政府,2017-06-04,89604.0
Blue,永春,2017-06-04,27408.0
Blue,後山埤,2017-06-04,24341.0
Blue,昆陽,2017-06-04,15454.0
Blue,南港,2017-06-04,24357.0
Blue,忠孝復興,2017-06-04,52144.5
Blue,南港展覽館,2017-06-04,19184.0
Blue,台北車站,2017-06-05,131869.5
Blue,頂埔,2017-06-05,15240.0
Blue,永寧,2017-06-05,23806.0
Blue,土城,2017-06-05,13867.0
Blue,海山,2017-06-05,42460.0
Blue,亞東醫院,2017-06-05,43289.0
Blue,府中,2017-06-05,55199.0
Blue,板橋,2017-06-05,73726.0
Blue,新埔,2017-06-05,79385.0
Blue,江子翠,2017-06-05,51257.0
Blue,龍山寺,2017-06-05,55344.0
Blue,西門,2017-06-05,78974.0
Blue,善導寺,2017-06-05,43241.0
Blue,忠孝新生,2017-06-05,34759.5
Blue,忠孝敦化,2017-06-05,70472.0
Blue,國父紀念館,2017-06-05,41461.0
Blue,市政府,2017-06-05,112406.0
Blue,永春,2017-06-05,38268.0
Blue,後山埤,2017-06-05,32980.0
Blue,昆陽,2017-06-05,28872.0
Blue,南港,2017-06-05,29876.0
Blue,忠孝復興,2017-06-05,52667.5
Blue,南港展覽館,2017-06-05,31574.5
Blue,台北車站,2017-06-06,130061.0
Blue,頂埔,2017-06-06,15206.0
Blue,永寧,2017-06-06,24284.0
Blue,土城,2017-06-06,13920.0
Blue,海山,2017-06-06,42990.0
Blue,亞東醫院,2017-06-06,44002.0
Blue,府中,2017-06-06,57340.0
Blue,板橋,2017-06-06,74290.0
Blue,新埔,2017-06-06,81275.0
Blue,江子翠,2017-06-06,52025.0
Blue,龍山寺,2017-06-06,55300.0
Blue,西門,2017-06-06,77017.5
Blue,善導寺,2017-06-06,46509.0
Blue,忠孝新生,2017-06-06,35287.0
Blue,忠孝敦化,2017-06-06,73324.0
Blue,國父紀念館,2017-06-06,46629.0
Blue,市政府,2017-06-06,113056.0
Blue,永春,2017-06-06,39625.0
Blue,後山埤,2017-06-06,32961.0
Blue,昆陽,2017-06-06,29473.0
Blue,南港,2017-06-06,30508.0
Blue,忠孝復興,2017-06-06,54774.0
Blue,南港展覽館,2017-06-06,31955.5
Blue,台北車站,2017-06-07,133576.0
Blue,頂埔,2017-06-07,15017.0
Blue,永寧,2017-06-07,24024.0
Blue,土城,2017-06-07,13907.0
Blue,海山,2017-06-07,42617.0
Blue,亞東醫院,2017-06-07,43541.0
Blue,府中,2017-06-07,56726.0
Blue,板橋,2017-06-07,75351.0
Blue,新埔,2017-06-07,81512.0
Blue,江子翠,2017-06-07,53082.0
Blue,龍山寺,2017-06-07,55960.0
Blue,西門,2017-06-07,79487.5
Blue,善導寺,2017-06-07,47810.0
Blue,忠孝新生,2017-06-07,35951.5
Blue,忠孝敦化,2017-06-07,74155.0
Blue,國父紀念館,2017-06-07,43012.0
Blue,市政府,2017-06-07,116251.0
Blue,永春,2017-06-07,39699.0
Blue,後山埤,2017-06-07,33465.0
Blue,昆陽,2017-06-07,29478.0
Blue,南港,2017-06-07,31408.0
Blue,忠孝復興,2017-06-07,55682.5
Blue,南港展覽館,2017-06-07,32432.0
Blue,台北車站,2017-06-08,134289.0
Blue,頂埔,2017-06-08,15320.0
Blue,永寧,2017-06-08,24062.0
Blue,土城,2017-06-08,13847.0
Blue,海山,2017-06-08,42199.0
Blue,亞東醫院,2017-06-08,43490.0
Blue,府中,2017-06-08,56562.0
Blue,板橋,2017-06-08,75192.0
Blue,新埔,2017-06-08,81667.0
Blue,江子翠,2017-06-08,52431.0
Blue,龍山寺,2017-06-08,55101.0
Blue,西門,2017-06-08,78773.5
Blue,善導寺,2017-06-08,46913.0
Blue,忠孝新生,2017-06-08,36615.5
Blue,忠孝敦化,2017-06-08,75195.0
Blue,國父紀念館,2017-06-08,42815.0
Blue,市政府,2017-06-08,121157.0
Blue,永春,2017-06-08,39403.0
Blue,後山埤,2017-06-08,33217.0
Blue,昆陽,2017-06-08,29663.0
Blue,南港,2017-06-08,31807.0
Blue,忠孝復興,2017-06-08,56907.5
Blue,南港展覽館,2017-06-08,32399.0
Blue,台北車站,2017-06-09,165190.5
Blue,頂埔,2017-06-09,16378.0
Blue,永寧,2017-06-09,26446.0
Blue,土城,2017-06-09,14917.0
Blue,海山,2017-06-09,44783.0
Blue,亞東醫院,2017-06-09,43944.0
Blue,府中,2017-06-09,61382.0
Blue,板橋,2017-06-09,87380.0
Blue,新埔,2017-06-09,85394.0
Blue,江子翠,2017-06-09,54955.0
Blue,龍山寺,2017-06-09,60498.0
Blue,西門,2017-06-09,93237.0
Blue,善導寺,2017-06-09,48665.0
Blue,忠孝新生,2017-06-09,41725.0
Blue,忠孝敦化,2017-06-09,85654.0
Blue,國父紀念館,2017-06-09,48031.0
Blue,市政府,2017-06-09,137582.0
Blue,永春,2017-06-09,41309.0
Blue,後山埤,2017-06-09,35309.0
Blue,昆陽,2017-06-09,31377.0
Blue,南港,2017-06-09,35776.0
Blue,忠孝復興,2017-06-09,64182.0
Blue,南港展覽館,2017-06-09,34830.0
Blue,台北車站,2017-06-10,183801.5
Blue,頂埔,2017-06-10,13090.0
Blue,永寧,2017-06-10,24350.0
Blue,土城,2017-06-10,12985.0
Blue,海山,2017-06-10,37880.0
Blue,亞東醫院,2017-06-10,32445.0
Blue,府中,2017-06-10,59758.0
Blue,板橋,2017-06-10,87159.0
Blue,新埔,2017-06-10,71649.0
Blue,江子翠,2017-06-10,45720.0
Blue,龍山寺,2017-06-10,57025.0
Blue,西門,2017-06-10,109812.0
Blue,善導寺,2017-06-10,36604.0
Blue,忠孝新生,2017-06-10,40747.0
Blue,忠孝敦化,2017-06-10,78524.0
Blue,國父紀念館,2017-06-10,43699.0
Blue,市政府,2017-06-10,126904.0
Blue,永春,2017-06-10,33235.0
Blue,後山埤,2017-06-10,30306.0
Blue,昆陽,2017-06-10,19810.0
Blue,南港,2017-06-10,30739.0
Blue,忠孝復興,2017-06-10,68849.5
Blue,南港展覽館,2017-06-10,29916.5
Blue,台北車站,2017-06-11,170178.0
Blue,頂埔,2017-06-11,12132.0
Blue,永寧,2017-06-11,20130.0
Blue,土城,2017-06-11,10963.0
Blue,海山,2017-06-11,31285.0
Blue,亞東醫院,2017-06-11,25228.0
Blue,府中,2017-06-11,47787.0
Blue,板橋,2017-06-11,77826.0
Blue,新埔,2017-06-11,57967.0
Blue,江子翠,2017-06-11,37598.0
Blue,龍山寺,2017-06-11,47678.0
Blue,西門,2017-06-11,94535.5
Blue,善導寺,2017-06-11,25154.0
Blue,忠孝新生,2017-06-11,30244.5
Blue,忠孝敦化,2017-06-11,61319.0
Blue,國父紀念館,2017-06-11,33716.0
Blue,市政府,2017-06-11,104266.0
Blue,永春,2017-06-11,27513.0
Blue,後山埤,2017-06-11,26827.0
Blue,昆陽,2017-06-11,17325.0
Blue,南港,2017-06-11,26171.0
Blue,忠孝復興,2017-06-11,54971.5
Blue,南港展覽館,2017-06-11,19808.5
Blue,台北車站,2017-06-12,138027.0
Blue,頂埔,2017-06-12,14927.0
Blue,永寧,2017-06-12,23752.0
Blue,土城,2017-06-12,13698.0
Blue,海山,2017-06-12,41563.0
Blue,亞東醫院,2017-06-12,42411.0
Blue,府中,2017-06-12,54083.0
Blue,板橋,2017-06-12,75379.0
Blue,新埔,2017-06-12,79436.0
Blue,江子翠,2017-06-12,50472.0
Blue,龍山寺,2017-06-12,53014.0
Blue,西門,2017-06-12,76579.5
Blue,善導寺,2017-06-12,43311.0
Blue,忠孝新生,2017-06-12,34428.0
Blue,忠孝敦化,2017-06-12,71096.0
Blue,國父紀念館,2017-06-12,40434.0
Blue,市政府,2017-06-12,116287.0
Blue,永春,2017-06-12,38342.0
Blue,後山埤,2017-06-12,32189.0
Blue,昆陽,2017-06-12,28693.0
Blue,南港,2017-06-12,31624.0
Blue,忠孝復興,2017-06-12,53473.5
Blue,南港展覽館,2017-06-12,30933.5
Blue,台北車站,2017-06-13,134317.0
Blue,頂埔,2017-06-13,15482.0
Blue,永寧,2017-06-13,24129.0
Blue,土城,2017-06-13,13887.0
Blue,海山,2017-06-13,42675.0
Blue,亞東醫院,2017-06-13,43206.0
Blue,府中,2017-06-13,56991.0
Blue,板橋,2017-06-13,75851.0
Blue,新埔,2017-06-13,81697.0
Blue,江子翠,2017-06-13,51980.0
Blue,龍山寺,2017-06-13,54156.0
Blue,西門,2017-06-13,78115.0
Blue,善導寺,2017-06-13,45742.0
Blue,忠孝新生,2017-06-13,34754.0
Blue,忠孝敦化,2017-06-13,74417.0
Blue,國父紀念館,2017-06-13,41850.0
Blue,市政府,2017-06-13,117304.0
Blue,永春,2017-06-13,39586.0
Blue,後山埤,2017-06-13,33104.0
Blue,昆陽,2017-06-13,29239.0
Blue,南港,2017-06-13,32883.0
Blue,忠孝復興,2017-06-13,56122.5
Blue,南港展覽館,2017-06-13,39774.5
Blue,台北車站,2017-06-14,133331.5
Blue,頂埔,2017-06-14,15006.0
Blue,永寧,2017-06-14,22718.0
Blue,土城,2017-06-14,13390.0
Blue,海山,2017-06-14,41663.0
Blue,亞東醫院,2017-06-14,43015.0
Blue,府中,2017-06-14,54883.0
Blue,板橋,2017-06-14,76208.0
Blue,新埔,2017-06-14,81476.0
Blue,江子翠,2017-06-14,51541.0
Blue,龍山寺,2017-06-14,52435.0
Blue,西門,2017-06-14,74026.5
Blue,善導寺,2017-06-14,48089.0
Blue,忠孝新生,2017-06-14,34979.5
Blue,忠孝敦化,2017-06-14,73387.0
Blue,國父紀念館,2017-06-14,42049.0
Blue,市政府,2017-06-14,116941.0
Blue,永春,2017-06-14,40092.0
Blue,後山埤,2017-06-14,32731.0
Blue,昆陽,2017-06-14,29733.0
Blue,南港,2017-06-14,32484.0
Blue,忠孝復興,2017-06-14,54371.5
Blue,南港展覽館,2017-06-14,34447.0
Blue,台北車站,2017-06-15,143016.0
Blue,頂埔,2017-06-15,15079.0
Blue,永寧,2017-06-15,23515.0
Blue,土城,2017-06-15,13463.0
Blue,海山,2017-06-15,42368.0
Blue,亞東醫院,2017-06-15,43901.0
Blue,府中,2017-06-15,57118.0
Blue,板橋,2017-06-15,78100.0
Blue,新埔,2017-06-15,83458.0
Blue,江子翠,2017-06-15,52631.0
Blue,龍山寺,2017-06-15,54979.0
Blue,西門,2017-06-15,80775.5
Blue,善導寺,2017-06-15,54602.0
Blue,忠孝新生,2017-06-15,38063.5
Blue,忠孝敦化,2017-06-15,78499.0
Blue,國父紀念館,2017-06-15,45264.0
Blue,市政府,2017-06-15,125132.0
Blue,永春,2017-06-15,41559.0
Blue,後山埤,2017-06-15,34180.0
Blue,昆陽,2017-06-15,30559.0
Blue,南港,2017-06-15,33631.0
Blue,忠孝復興,2017-06-15,58284.0
Blue,南港展覽館,2017-06-15,35879.5
Blue,台北車站,2017-06-16,165182.5
Blue,頂埔,2017-06-16,16005.0
Blue,永寧,2017-06-16,25425.0
Blue,土城,2017-06-16,15015.0
Blue,海山,2017-06-16,44837.0
Blue,亞東醫院,2017-06-16,44732.0
Blue,府中,2017-06-16,60902.0
Blue,板橋,2017-06-16,86865.0
Blue,新埔,2017-06-16,86160.0
Blue,江子翠,2017-06-16,54941.0
Blue,龍山寺,2017-06-16,57321.0
Blue,西門,2017-06-16,90455.5
Blue,善導寺,2017-06-16,49554.0
Blue,忠孝新生,2017-06-16,43064.5
Blue,忠孝敦化,2017-06-16,86329.0
Blue,國父紀念館,2017-06-16,48370.0
Blue,市政府,2017-06-16,136245.0
Blue,永春,2017-06-16,42292.0
Blue,後山埤,2017-06-16,35912.0
Blue,昆陽,2017-06-16,31162.0
Blue,南港,2017-06-16,36761.0
Blue,忠孝復興,2017-06-16,64348.0
Blue,南港展覽館,2017-06-16,36882.0
Blue,台北車站,2017-06-17,161899.0
Blue,頂埔,2017-06-17,10768.0
Blue,永寧,2017-06-17,18679.0
Blue,土城,2017-06-17,11265.0
Blue,海山,2017-06-17,32067.0
Blue,亞東醫院,2017-06-17,30242.0
Blue,府中,2017-06-17,52721.0
Blue,板橋,2017-06-17,75728.0
Blue,新埔,2017-06-17,63703.0
Blue,江子翠,2017-06-17,40339.0
Blue,龍山寺,2017-06-17,48422.0
Blue,西門,2017-06-17,94139.0
Blue,善導寺,2017-06-17,31513.0
Blue,忠孝新生,2017-06-17,35727.5
Blue,忠孝敦化,2017-06-17,74419.0
Blue,國父紀念館,2017-06-17,41542.0
Blue,市政府,2017-06-17,113018.0
Blue,永春,2017-06-17,32475.0
Blue,後山埤,2017-06-17,30370.0
Blue,昆陽,2017-06-17,19023.0
Blue,南港,2017-06-17,26791.0
Blue,忠孝復興,2017-06-17,65652.5
Blue,南港展覽館,2017-06-17,22200.5
Blue,台北車站,2017-06-18,148694.5
Blue,頂埔,2017-06-18,10133.0
Blue,永寧,2017-06-18,16613.0
Blue,土城,2017-06-18,9850.0
Blue,海山,2017-06-18,28607.0
Blue,亞東醫院,2017-06-18,24233.0
Blue,府中,2017-06-18,44896.0
Blue,板橋,2017-06-18,67911.0
Blue,新埔,2017-06-18,54207.0
Blue,江子翠,2017-06-18,34637.0
Blue,龍山寺,2017-06-18,45146.0
Blue,西門,2017-06-18,84291.5
Blue,善導寺,2017-06-18,24530.0
Blue,忠孝新生,2017-06-18,31139.0
Blue,忠孝敦化,2017-06-18,61415.0
Blue,國父紀念館,2017-06-18,33114.0
Blue,市政府,2017-06-18,95527.0
Blue,永春,2017-06-18,26812.0
Blue,後山埤,2017-06-18,26347.0
Blue,昆陽,2017-06-18,15524.0
Blue,南港,2017-06-18,24874.0
Blue,忠孝復興,2017-06-18,53355.0
Blue,南港展覽館,2017-06-18,17388.5
Blue,台北車站,2017-06-19,134659.5
Blue,頂埔,2017-06-19,15133.0
Blue,永寧,2017-06-19,23329.0
Blue,土城,2017-06-19,13820.0
Blue,海山,2017-06-19,42098.0
Blue,亞東醫院,2017-06-19,43057.0
Blue,府中,2017-06-19,54956.0
Blue,板橋,2017-06-19,75293.0
Blue,新埔,2017-06-19,79611.0
Blue,江子翠,2017-06-19,50940.0
Blue,龍山寺,2017-06-19,56377.0
Blue,西門,2017-06-19,78866.0
Blue,善導寺,2017-06-19,43424.0
Blue,忠孝新生,2017-06-19,35469.5
Blue,忠孝敦化,2017-06-19,73092.0
Blue,國父紀念館,2017-06-19,44985.0
Blue,市政府,2017-06-19,116835.0
Blue,永春,2017-06-19,38529.0
Blue,後山埤,2017-06-19,33225.0
Blue,昆陽,2017-06-19,29540.0
Blue,南港,2017-06-19,31430.0
Blue,忠孝復興,2017-06-19,53919.0
Blue,南港展覽館,2017-06-19,31775.5
Blue,台北車站,2017-06-20,131212.5
Blue,頂埔,2017-06-20,15282.0
Blue,永寧,2017-06-20,23701.0
Blue,土城,2017-06-20,13733.0
Blue,海山,2017-06-20,42376.0
Blue,亞東醫院,2017-06-20,43894.0
Blue,府中,2017-06-20,56487.0
Blue,板橋,2017-06-20,74574.0
Blue,新埔,2017-06-20,80890.0
Blue,江子翠,2017-06-20,51345.0
Blue,龍山寺,2017-06-20,55363.0
Blue,西門,2017-06-20,78662.5
Blue,善導寺,2017-06-20,46536.0
Blue,忠孝新生,2017-06-20,36087.5
Blue,忠孝敦化,2017-06-20,75420.0
Blue,國父紀念館,2017-06-20,43069.0
Blue,市政府,2017-06-20,116663.0
Blue,永春,2017-06-20,38925.0
Blue,後山埤,2017-06-20,33367.0
Blue,昆陽,2017-06-20,29139.0
Blue,南港,2017-06-20,31497.0
Blue,忠孝復興,2017-06-20,55460.0
Blue,南港展覽館,2017-06-20,34203.0
Blue,台北車站,2017-06-21,136980.0
Blue,頂埔,2017-06-21,15329.0
Blue,永寧,2017-06-21,24507.0
Blue,土城,2017-06-21,13828.0
Blue,海山,2017-06-21,42803.0
Blue,亞東醫院,2017-06-21,43909.0
Blue,府中,2017-06-21,57317.0
Blue,板橋,2017-06-21,76334.0
Blue,新埔,2017-06-21,80972.0
Blue,江子翠,2017-06-21,52795.0
Blue,龍山寺,2017-06-21,56265.0
Blue,西門,2017-06-21,82026.0
Blue,善導寺,2017-06-21,48285.0
Blue,忠孝新生,2017-06-21,36899.5
Blue,忠孝敦化,2017-06-21,78444.0
Blue,國父紀念館,2017-06-21,43935.0
Blue,市政府,2017-06-21,120821.0
Blue,永春,2017-06-21,39858.0
Blue,後山埤,2017-06-21,33549.0
Blue,昆陽,2017-06-21,29821.0
Blue,南港,2017-06-21,34813.0
Blue,忠孝復興,2017-06-21,58097.0
Blue,南港展覽館,2017-06-21,45822.0
Blue,台北車站,2017-06-22,141666.5
Blue,頂埔,2017-06-22,17300.0
Blue,永寧,2017-06-22,24898.0
Blue,土城,2017-06-22,14039.0
Blue,海山,2017-06-22,42573.0
Blue,亞東醫院,2017-06-22,43210.0
Blue,府中,2017-06-22,57472.0
Blue,板橋,2017-06-22,78306.0
Blue,新埔,2017-06-22,81363.0
Blue,江子翠,2017-06-22,52560.0
Blue,龍山寺,2017-06-22,56158.0
Blue,西門,2017-06-22,84257.5
Blue,善導寺,2017-06-22,48226.0
Blue,忠孝新生,2017-06-22,38001.5
Blue,忠孝敦化,2017-06-22,83444.0
Blue,國父紀念館,2017-06-22,44612.0
Blue,市政府,2017-06-22,126659.0
Blue,永春,2017-06-22,39274.0
Blue,後山埤,2017-06-22,33437.0
Blue,昆陽,2017-06-22,29808.0
Blue,南港,2017-06-22,35627.0
Blue,忠孝復興,2017-06-22,58214.5
Blue,南港展覽館,2017-06-22,48212.5
Blue,台北車站,2017-06-23,169679.5
Blue,頂埔,2017-06-23,16363.0
Blue,永寧,2017-06-23,26991.0
Blue,土城,2017-06-23,14750.0
Blue,海山,2017-06-23,45008.0
Blue,亞東醫院,2017-06-23,44227.0
Blue,府中,2017-06-23,62156.0
Blue,板橋,2017-06-23,86366.0
Blue,新埔,2017-06-23,86283.0
Blue,江子翠,2017-06-23,55099.0
Blue,龍山寺,2017-06-23,58566.0
Blue,西門,2017-06-23,96664.0
Blue,善導寺,2017-06-23,49681.0
Blue,忠孝新生,2017-06-23,42399.5
Blue,忠孝敦化,2017-06-23,91402.0
Blue,國父紀念館,2017-06-23,50930.0
Blue,市政府,2017-06-23,139060.0
Blue,永春,2017-06-23,41914.0
Blue,後山埤,2017-06-23,35663.0
Blue,昆陽,2017-06-23,31484.0
Blue,南港,2017-06-23,39535.0
Blue,忠孝復興,2017-06-23,66568.5
Blue,南港展覽館,2017-06-23,50101.5
Blue,台北車站,2017-06-24,176423.0
Blue,頂埔,2017-06-24,12458.0
Blue,永寧,2017-06-24,23444.0
Blue,土城,2017-06-24,12801.0
Blue,海山,2017-06-24,36315.0
Blue,亞東醫院,2017-06-24,33231.0
Blue,府中,2017-06-24,58491.0
Blue,板橋,2017-06-24,81824.0
Blue,新埔,2017-06-24,67101.0
Blue,江子翠,2017-06-24,44123.0
Blue,龍山寺,2017-06-24,60185.0
Blue,西門,2017-06-24,103417.0
Blue,善導寺,2017-06-24,36169.0
Blue,忠孝新生,2017-06-24,40090.5
Blue,忠孝敦化,2017-06-24,82964.0
Blue,國父紀念館,2017-06-24,42803.0
Blue,市政府,2017-06-24,119367.0
Blue,永春,2017-06-24,32264.0
Blue,後山埤,2017-06-24,29670.0
Blue,昆陽,2017-06-24,19955.0
Blue,南港,2017-06-24,32424.0
Blue,忠孝復興,2017-06-24,67420.0
Blue,南港展覽館,2017-06-24,42203.0
Blue,台北車站,2017-06-25,171891.0
Blue,頂埔,2017-06-25,12451.0
Blue,永寧,2017-06-25,21634.0
Blue,土城,2017-06-25,10609.0
Blue,海山,2017-06-25,30939.0
Blue,亞東醫院,2017-06-25,25127.0
Blue,府中,2017-06-25,46853.0
Blue,板橋,2017-06-25,74306.0
Blue,新埔,2017-06-25,57719.0
Blue,江子翠,2017-06-25,37498.0
Blue,龍山寺,2017-06-25,50933.0
Blue,西門,2017-06-25,89655.0
Blue,善導寺,2017-06-25,25951.0
Blue,忠孝新生,2017-06-25,32310.5
Blue,忠孝敦化,2017-06-25,64132.0
Blue,國父紀念館,2017-06-25,35605.0
Blue,市政府,2017-06-25,100761.0
Blue,永春,2017-06-25,27359.0
Blue,後山埤,2017-06-25,25632.0
Blue,昆陽,2017-06-25,16970.0
Blue,南港,2017-06-25,26545.0
Blue,忠孝復興,2017-06-25,54797.0
Blue,南港展覽館,2017-06-25,20260.0
Blue,台北車站,2017-06-26,145923.5
Blue,頂埔,2017-06-26,14704.0
Blue,永寧,2017-06-26,23919.0
Blue,土城,2017-06-26,13595.0
Blue,海山,2017-06-26,41154.0
Blue,亞東醫院,2017-06-26,40214.0
Blue,府中,2017-06-26,54162.0
Blue,板橋,2017-06-26,75650.0
Blue,新埔,2017-06-26,74638.0
Blue,江子翠,2017-06-26,49802.0
Blue,龍山寺,2017-06-26,55380.0
Blue,西門,2017-06-26,81306.5
Blue,善導寺,2017-06-26,40982.0
Blue,忠孝新生,2017-06-26,35230.0
Blue,忠孝敦化,2017-06-26,75879.0
Blue,國父紀念館,2017-06-26,44015.0
Blue,市政府,2017-06-26,119686.0
Blue,永春,2017-06-26,37414.0
Blue,後山埤,2017-06-26,32005.0
Blue,昆陽,2017-06-26,28152.0
Blue,南港,2017-06-26,30283.0
Blue,忠孝復興,2017-06-26,56461.0
Blue,南港展覽館,2017-06-26,31187.5
Blue,台北車站,2017-06-27,141048.5
Blue,頂埔,2017-06-27,15107.0
Blue,永寧,2017-06-27,23847.0
Blue,土城,2017-06-27,13706.0
Blue,海山,2017-06-27,41692.0
Blue,亞東醫院,2017-06-27,40925.0
Blue,府中,2017-06-27,56451.0
Blue,板橋,2017-06-27,75529.0
Blue,新埔,2017-06-27,76807.0
Blue,江子翠,2017-06-27,51180.0
Blue,龍山寺,2017-06-27,54918.0
Blue,西門,2017-06-27,81642.0
Blue,善導寺,2017-06-27,42869.0
Blue,忠孝新生,2017-06-27,34562.0
Blue,忠孝敦化,2017-06-27,78294.0
Blue,國父紀念館,2017-06-27,44122.0
Blue,市政府,2017-06-27,120635.0
Blue,永春,2017-06-27,38328.0
Blue,後山埤,2017-06-27,32536.0
Blue,昆陽,2017-06-27,28376.0
Blue,南港,2017-06-27,30519.0
Blue,忠孝復興,2017-06-27,57439.5
Blue,南港展覽館,2017-06-27,31825.5
Blue,台北車站,2017-06-28,142757.5
Blue,頂埔,2017-06-28,15249.0
Blue,永寧,2017-06-28,23799.0
Blue,土城,2017-06-28,13969.0
Blue,海山,2017-06-28,41433.0
Blue,亞東醫院,2017-06-28,41275.0
Blue,府中,2017-06-28,56158.0
Blue,板橋,2017-06-28,77300.0
Blue,新埔,2017-06-28,78270.0
Blue,江子翠,2017-06-28,51990.0
Blue,龍山寺,2017-06-28,55723.0
Blue,西門,2017-06-28,81586.5
Blue,善導寺,2017-06-28,43540.0
Blue,忠孝新生,2017-06-28,36196.5
Blue,忠孝敦化,2017-06-28,80364.0
Blue,國父紀念館,2017-06-28,46940.0
Blue,市政府,2017-06-28,120612.0
Blue,永春,2017-06-28,39351.0
Blue,後山埤,2017-06-28,33048.0
Blue,昆陽,2017-06-28,29100.0
Blue,南港,2017-06-28,31469.0
Blue,忠孝復興,2017-06-28,58413.0
Blue,南港展覽館,2017-06-28,33504.5
Blue,台北車站,2017-06-29,143879.0
Blue,頂埔,2017-06-29,15134.0
Blue,永寧,2017-06-29,24296.0
Blue,土城,2017-06-29,13577.0
Blue,海山,2017-06-29,41914.0
Blue,亞東醫院,2017-06-29,40649.0
Blue,府中,2017-06-29,56865.0
Blue,板橋,2017-06-29,77538.0
Blue,新埔,2017-06-29,78125.0
Blue,江子翠,2017-06-29,52050.0
Blue,龍山寺,2017-06-29,55156.0
Blue,西門,2017-06-29,82617.5
Blue,善導寺,2017-06-29,42102.0
Blue,忠孝新生,2017-06-29,36601.5
Blue,忠孝敦化,2017-06-29,81954.0
Blue,國父紀念館,2017-06-29,46450.0
Blue,市政府,2017-06-29,124946.0
Blue,永春,2017-06-29,39726.0
Blue,後山埤,2017-06-29,32959.0
Blue,昆陽,2017-06-29,29216.0
Blue,南港,2017-06-29,33953.0
Blue,忠孝復興,2017-06-29,59177.5
Blue,南港展覽館,2017-06-29,40538.0
Blue,台北車站,2017-06-30,175290.5
Blue,頂埔,2017-06-30,16287.0
Blue,永寧,2017-06-30,26479.0
Blue,土城,2017-06-30,15145.0
Blue,海山,2017-06-30,46699.0
Blue,亞東醫院,2017-06-30,42621.0
Blue,府中,2017-06-30,64216.0
Blue,板橋,2017-06-30,92929.0
Blue,新埔,2017-06-30,85075.0
Blue,江子翠,2017-06-30,57017.0
Blue,龍山寺,2017-06-30,57939.0
Blue,西門,2017-06-30,104678.0
Blue,善導寺,2017-06-30,45091.0
Blue,忠孝新生,2017-06-30,40516.0
Blue,忠孝敦化,2017-06-30,93532.0
Blue,國父紀念館,2017-06-30,53495.0
Blue,市政府,2017-06-30,141996.0
Blue,永春,2017-06-30,42325.0
Blue,後山埤,2017-06-30,36292.0
Blue,昆陽,2017-06-30,31742.0
Blue,南港,2017-06-30,40416.0
Blue,忠孝復興,2017-06-30,68530.5
Blue,南港展覽館,2017-06-30,44189.5
Blue,台北車站,2017-07-01,166062.0
Blue,頂埔,2017-07-01,11743.0
Blue,永寧,2017-07-01,21154.0
Blue,土城,2017-07-01,11953.0
Blue,海山,2017-07-01,34906.0
Blue,亞東醫院,2017-07-01,29357.0
Blue,府中,2017-07-01,52674.0
Blue,板橋,2017-07-01,78807.0
Blue,新埔,2017-07-01,63597.0
Blue,江子翠,2017-07-01,42490.0
Blue,龍山寺,2017-07-01,51105.0
Blue,西門,2017-07-01,94025.0
Blue,善導寺,2017-07-01,27844.0
Blue,忠孝新生,2017-07-01,40535.5
Blue,忠孝敦化,2017-07-01,77906.0
Blue,國父紀念館,2017-07-01,40984.0
Blue,市政府,2017-07-01,119939.0
Blue,永春,2017-07-01,32227.0
Blue,後山埤,2017-07-01,28754.0
Blue,昆陽,2017-07-01,19062.0
Blue,南港,2017-07-01,30726.0
Blue,忠孝復興,2017-07-01,66652.0
Blue,南港展覽館,2017-07-01,31424.5
Blue,台北車站,2017-07-02,159576.0
Blue,頂埔,2017-07-02,11290.0
Blue,永寧,2017-07-02,19701.0
Blue,土城,2017-07-02,10617.0
Blue,海山,2017-07-02,32084.0
Blue,亞東醫院,2017-07-02,24313.0
Blue,府中,2017-07-02,46261.0
Blue,板橋,2017-07-02,72743.0
Blue,新埔,2017-07-02,58944.0
Blue,江子翠,2017-07-02,36812.0
Blue,龍山寺,2017-07-02,49229.0
Blue,西門,2017-07-02,88903.5
Blue,善導寺,2017-07-02,22919.0
Blue,忠孝新生,2017-07-02,37901.5
Blue,忠孝敦化,2017-07-02,63567.0
Blue,國父紀念館,2017-07-02,35538.0
Blue,市政府,2017-07-02,105282.0
Blue,永春,2017-07-02,27386.0
Blue,後山埤,2017-07-02,25046.0
Blue,昆陽,2017-07-02,16694.0
Blue,南港,2017-07-02,28685.0
Blue,忠孝復興,2017-07-02,55234.5
Blue,南港展覽館,2017-07-02,26382.5
Blue,台北車站,2017-07-03,148576.5
Blue,頂埔,2017-07-03,15170.0
Blue,永寧,2017-07-03,24075.0
Blue,土城,2017-07-03,13817.0
Blue,海山,2017-07-03,40437.0
Blue,亞東醫院,2017-07-03,40289.0
Blue,府中,2017-07-03,55785.0
Blue,板橋,2017-07-03,78688.0
Blue,新埔,2017-07-03,76141.0
Blue,江子翠,2017-07-03,52055.0
Blue,龍山寺,2017-07-03,53380.0
Blue,西門,2017-07-03,83958.0
Blue,善導寺,2017-07-03,39586.0
Blue,忠孝新生,2017-07-03,36173.0
Blue,忠孝敦化,2017-07-03,76614.0
Blue,國父紀念館,2017-07-03,44596.0
Blue,市政府,2017-07-03,120383.0
Blue,永春,2017-07-03,35225.0
Blue,後山埤,2017-07-03,32210.0
Blue,昆陽,2017-07-03,28060.0
Blue,南港,2017-07-03,30639.0
Blue,忠孝復興,2017-07-03,56338.0
Blue,南港展覽館,2017-07-03,31931.5
Blue,台北車站,2017-07-04,146770.5
Blue,頂埔,2017-07-04,15178.0
Blue,永寧,2017-07-04,24036.0
Blue,土城,2017-07-04,13501.0
Blue,海山,2017-07-04,41153.0
Blue,亞東醫院,2017-07-04,42106.0
Blue,府中,2017-07-04,56678.0
Blue,板橋,2017-07-04,78681.0
Blue,新埔,2017-07-04,77161.0
Blue,江子翠,2017-07-04,51428.0
Blue,龍山寺,2017-07-04,53740.0
Blue,西門,2017-07-04,84556.0
Blue,善導寺,2017-07-04,42162.0
Blue,忠孝新生,2017-07-04,36980.0
Blue,忠孝敦化,2017-07-04,78549.0
Blue,國父紀念館,2017-07-04,46658.0
Blue,市政府,2017-07-04,121869.0
Blue,永春,2017-07-04,37092.0
Blue,後山埤,2017-07-04,32458.0
Blue,昆陽,2017-07-04,28721.0
Blue,南港,2017-07-04,30996.0
Blue,忠孝復興,2017-07-04,58222.5
Blue,南港展覽館,2017-07-04,31718.0
Blue,台北車站,2017-07-05,148987.5
Blue,頂埔,2017-07-05,15510.0
Blue,永寧,2017-07-05,24936.0
Blue,土城,2017-07-05,14464.0
Blue,海山,2017-07-05,41947.0
Blue,亞東醫院,2017-07-05,42156.0
Blue,府中,2017-07-05,58324.0
Blue,板橋,2017-07-05,80074.0
Blue,新埔,2017-07-05,79142.0
Blue,江子翠,2017-07-05,53057.0
Blue,龍山寺,2017-07-05,56113.0
Blue,西門,2017-07-05,88801.5
Blue,善導寺,2017-07-05,43955.0
Blue,忠孝新生,2017-07-05,38562.0
Blue,忠孝敦化,2017-07-05,82166.0
Blue,國父紀念館,2017-07-05,47012.0
Blue,市政府,2017-07-05,123272.0
Blue,永春,2017-07-05,37480.0
Blue,後山埤,2017-07-05,33219.0
Blue,昆陽,2017-07-05,29357.0
Blue,南港,2017-07-05,31869.0
Blue,忠孝復興,2017-07-05,59833.0
Blue,南港展覽館,2017-07-05,33611.0
Blue,台北車站,2017-07-06,152792.5
Blue,頂埔,2017-07-06,15638.0
Blue,永寧,2017-07-06,24734.0
Blue,土城,2017-07-06,14008.0
Blue,海山,2017-07-06,41732.0
Blue,亞東醫院,2017-07-06,41231.0
Blue,府中,2017-07-06,58021.0
Blue,板橋,2017-07-06,81264.0
Blue,新埔,2017-07-06,78228.0
Blue,江子翠,2017-07-06,52906.0
Blue,龍山寺,2017-07-06,55248.0
Blue,西門,2017-07-06,88618.5
Blue,善導寺,2017-07-06,42748.0
Blue,忠孝新生,2017-07-06,39118.5
Blue,忠孝敦化,2017-07-06,82581.0
Blue,國父紀念館,2017-07-06,51075.0
Blue,市政府,2017-07-06,127993.0
Blue,永春,2017-07-06,39348.0
Blue,後山埤,2017-07-06,32623.0
Blue,昆陽,2017-07-06,29028.0
Blue,南港,2017-07-06,31595.0
Blue,忠孝復興,2017-07-06,61250.5
Blue,南港展覽館,2017-07-06,33851.5
Blue,台北車站,2017-07-07,177472.0
Blue,頂埔,2017-07-07,16264.0
Blue,永寧,2017-07-07,26374.0
Blue,土城,2017-07-07,14995.0
Blue,海山,2017-07-07,43169.0
Blue,亞東醫院,2017-07-07,42168.0
Blue,府中,2017-07-07,61424.0
Blue,板橋,2017-07-07,92131.0
Blue,新埔,2017-07-07,82836.0
Blue,江子翠,2017-07-07,54737.0
Blue,龍山寺,2017-07-07,56865.0
Blue,西門,2017-07-07,96720.0
Blue,善導寺,2017-07-07,44737.0
Blue,忠孝新生,2017-07-07,42642.5
Blue,忠孝敦化,2017-07-07,90217.0
Blue,國父紀念館,2017-07-07,52731.0
Blue,市政府,2017-07-07,141894.0
Blue,永春,2017-07-07,41132.0
Blue,後山埤,2017-07-07,34430.0
Blue,昆陽,2017-07-07,30583.0
Blue,南港,2017-07-07,37630.0
Blue,忠孝復興,2017-07-07,69861.5
Blue,南港展覽館,2017-07-07,42529.0
Blue,台北車站,2017-07-08,179465.0
Blue,頂埔,2017-07-08,12631.0
Blue,永寧,2017-07-08,22098.0
Blue,土城,2017-07-08,12150.0
Blue,海山,2017-07-08,36087.0
Blue,亞東醫院,2017-07-08,30574.0
Blue,府中,2017-07-08,56866.0
Blue,板橋,2017-07-08,82268.0
Blue,新埔,2017-07-08,67319.0
Blue,江子翠,2017-07-08,43442.0
Blue,龍山寺,2017-07-08,58387.0
Blue,西門,2017-07-08,109538.0
Blue,善導寺,2017-07-08,29702.0
Blue,忠孝新生,2017-07-08,41917.0
Blue,忠孝敦化,2017-07-08,80207.0
Blue,國父紀念館,2017-07-08,43841.0
Blue,市政府,2017-07-08,124023.0
Blue,永春,2017-07-08,32319.0
Blue,後山埤,2017-07-08,29891.0
Blue,昆陽,2017-07-08,19560.0
Blue,南港,2017-07-08,31785.0
Blue,忠孝復興,2017-07-08,69223.0
Blue,南港展覽館,2017-07-08,36876.0
Blue,台北車站,2017-07-09,168829.5
Blue,頂埔,2017-07-09,11885.0
Blue,永寧,2017-07-09,20259.0
Blue,土城,2017-07-09,11021.0
Blue,海山,2017-07-09,31206.0
Blue,亞東醫院,2017-07-09,24781.0
Blue,府中,2017-07-09,47200.0
Blue,板橋,2017-07-09,76413.0
Blue,新埔,2017-07-09,57032.0
Blue,江子翠,2017-07-09,37563.0
Blue,龍山寺,2017-07-09,49442.0
Blue,西門,2017-07-09,93463.0
Blue,善導寺,2017-07-09,24662.0
Blue,忠孝新生,2017-07-09,34529.5
Blue,忠孝敦化,2017-07-09,63297.0
Blue,國父紀念館,2017-07-09,34654.0
Blue,市政府,2017-07-09,107534.0
Blue,永春,2017-07-09,28690.0
Blue,後山埤,2017-07-09,26571.0
Blue,昆陽,2017-07-09,17269.0
Blue,南港,2017-07-09,29128.0
Blue,忠孝復興,2017-07-09,56154.0
Blue,南港展覽館,2017-07-09,34571.0
Blue,台北車站,2017-07-10,156133.5
Blue,頂埔,2017-07-10,15399.0
Blue,永寧,2017-07-10,24552.0
Blue,土城,2017-07-10,14030.0
Blue,海山,2017-07-10,41267.0
Blue,亞東醫院,2017-07-10,41229.0
Blue,府中,2017-07-10,57173.0
Blue,板橋,2017-07-10,80170.0
Blue,新埔,2017-07-10,77028.0
Blue,江子翠,2017-07-10,51252.0
Blue,龍山寺,2017-07-10,55326.0
Blue,西門,2017-07-10,85531.0
Blue,善導寺,2017-07-10,41337.0
Blue,忠孝新生,2017-07-10,37102.5
Blue,忠孝敦化,2017-07-10,78393.0
Blue,國父紀念館,2017-07-10,46616.0
Blue,市政府,2017-07-10,124022.0
Blue,永春,2017-07-10,37132.0
Blue,後山埤,2017-07-10,33733.0
Blue,昆陽,2017-07-10,28740.0
Blue,南港,2017-07-10,33623.0
Blue,忠孝復興,2017-07-10,58543.5
Blue,南港展覽館,2017-07-10,43775.5
Blue,台北車站,2017-07-11,151085.5
Blue,頂埔,2017-07-11,15495.0
Blue,永寧,2017-07-11,24605.0
Blue,土城,2017-07-11,14189.0
Blue,海山,2017-07-11,41511.0
Blue,亞東醫院,2017-07-11,42094.0
Blue,府中,2017-07-11,57637.0
Blue,板橋,2017-07-11,79553.0
Blue,新埔,2017-07-11,78552.0
Blue,江子翠,2017-07-11,52486.0
Blue,龍山寺,2017-07-11,56521.0
Blue,西門,2017-07-11,84703.0
Blue,善導寺,2017-07-11,42111.0
Blue,忠孝新生,2017-07-11,38538.0
Blue,忠孝敦化,2017-07-11,81633.0
Blue,國父紀念館,2017-07-11,51701.0
Blue,市政府,2017-07-11,124452.0
Blue,永春,2017-07-11,38682.0
Blue,後山埤,2017-07-11,33679.0
Blue,昆陽,2017-07-11,29497.0
Blue,南港,2017-07-11,31383.0
Blue,忠孝復興,2017-07-11,59837.0
Blue,南港展覽館,2017-07-11,32941.0
Blue,台北車站,2017-07-12,153780.0
Blue,頂埔,2017-07-12,15878.0
Blue,永寧,2017-07-12,25285.0
Blue,土城,2017-07-12,14471.0
Blue,海山,2017-07-12,43132.0
Blue,亞東醫院,2017-07-12,42081.0
Blue,府中,2017-07-12,59015.0
Blue,板橋,2017-07-12,82698.0
Blue,新埔,2017-07-12,80963.0
Blue,江子翠,2017-07-12,53375.0
Blue,龍山寺,2017-07-12,63464.0
Blue,西門,2017-07-12,85187.0
Blue,善導寺,2017-07-12,45918.0
Blue,忠孝新生,2017-07-12,38828.5
Blue,忠孝敦化,2017-07-12,83084.0
Blue,國父紀念館,2017-07-12,47581.0
Blue,市政府,2017-07-12,124997.0
Blue,永春,2017-07-12,38090.0
Blue,後山埤,2017-07-12,34093.0
Blue,昆陽,2017-07-12,29944.0
Blue,南港,2017-07-12,32105.0
Blue,忠孝復興,2017-07-12,62372.0
Blue,南港展覽館,2017-07-12,33209.0
Blue,台北車站,2017-07-13,155310.5
Blue,頂埔,2017-07-13,16017.0
Blue,永寧,2017-07-13,24942.0
Blue,土城,2017-07-13,14122.0
Blue,海山,2017-07-13,43337.0
Blue,亞東醫院,2017-07-13,42047.0
Blue,府中,2017-07-13,59699.0
Blue,板橋,2017-07-13,82199.0
Blue,新埔,2017-07-13,79818.0
Blue,江子翠,2017-07-13,53363.0
Blue,龍山寺,2017-07-13,57039.0
Blue,西門,2017-07-13,89057.5
Blue,善導寺,2017-07-13,45495.0
Blue,忠孝新生,2017-07-13,39617.5
Blue,忠孝敦化,2017-07-13,83872.0
Blue,國父紀念館,2017-07-13,48397.0
Blue,市政府,2017-07-13,132588.0
Blue,永春,2017-07-13,40653.0
Blue,後山埤,2017-07-13,33931.0
Blue,昆陽,2017-07-13,30235.0
Blue,南港,2017-07-13,33518.0
Blue,忠孝復興,2017-07-13,64090.5
Blue,南港展覽館,2017-07-13,33501.5
Blue,台北車站,2017-07-14,176771.5
Blue,頂埔,2017-07-14,16400.0
Blue,永寧,2017-07-14,26544.0
Blue,土城,2017-07-14,14881.0
Blue,海山,2017-07-14,43629.0
Blue,亞東醫院,2017-07-14,42138.0
Blue,府中,2017-07-14,61017.0
Blue,板橋,2017-07-14,90243.0
Blue,新埔,2017-07-14,81939.0
Blue,江子翠,2017-07-14,55245.0
Blue,龍山寺,2017-07-14,57929.0
Blue,西門,2017-07-14,95788.0
Blue,善導寺,2017-07-14,45122.0
Blue,忠孝新生,2017-07-14,42239.5
Blue,忠孝敦化,2017-07-14,90748.0
Blue,國父紀念館,2017-07-14,50003.0
Blue,市政府,2017-07-14,139611.0
Blue,永春,2017-07-14,39388.0
Blue,後山埤,2017-07-14,34288.0
Blue,昆陽,2017-07-14,30968.0
Blue,南港,2017-07-14,36184.0
Blue,忠孝復興,2017-07-14,70006.0
Blue,南港展覽館,2017-07-14,34816.0
Blue,台北車站,2017-07-15,174976.0
Blue,頂埔,2017-07-15,12748.0
Blue,永寧,2017-07-15,23760.0
Blue,土城,2017-07-15,12855.0
Blue,海山,2017-07-15,36238.0
Blue,亞東醫院,2017-07-15,31079.0
Blue,府中,2017-07-15,58144.0
Blue,板橋,2017-07-15,84768.0
Blue,新埔,2017-07-15,67060.0
Blue,江子翠,2017-07-15,44470.0
Blue,龍山寺,2017-07-15,58115.0
Blue,西門,2017-07-15,102989.5
Blue,善導寺,2017-07-15,32388.0
Blue,忠孝新生,2017-07-15,40168.0
Blue,忠孝敦化,2017-07-15,80156.0
Blue,國父紀念館,2017-07-15,40091.0
Blue,市政府,2017-07-15,121238.0
Blue,永春,2017-07-15,32264.0
Blue,後山埤,2017-07-15,29702.0
Blue,昆陽,2017-07-15,19048.0
Blue,南港,2017-07-15,30691.0
Blue,忠孝復興,2017-07-15,69233.0
Blue,南港展覽館,2017-07-15,25411.0
Blue,台北車站,2017-07-16,168343.5
Blue,頂埔,2017-07-16,12241.0
Blue,永寧,2017-07-16,20122.0
Blue,土城,2017-07-16,11161.0
Blue,海山,2017-07-16,31559.0
Blue,亞東醫院,2017-07-16,24672.0
Blue,府中,2017-07-16,46811.0
Blue,板橋,2017-07-16,76101.0
Blue,新埔,2017-07-16,55399.0
Blue,江子翠,2017-07-16,37259.0
Blue,龍山寺,2017-07-16,49858.0
Blue,西門,2017-07-16,90565.0
Blue,善導寺,2017-07-16,28063.0
Blue,忠孝新生,2017-07-16,35377.0
Blue,忠孝敦化,2017-07-16,64322.0
Blue,國父紀念館,2017-07-16,33316.0
Blue,市政府,2017-07-16,109003.0
Blue,永春,2017-07-16,26215.0
Blue,後山埤,2017-07-16,26348.0
Blue,昆陽,2017-07-16,16176.0
Blue,南港,2017-07-16,27151.0
Blue,忠孝復興,2017-07-16,56168.0
Blue,南港展覽館,2017-07-16,19987.5
Blue,台北車站,2017-07-17,151024.5
Blue,頂埔,2017-07-17,15260.0
Blue,永寧,2017-07-17,24018.0
Blue,土城,2017-07-17,13913.0
Blue,海山,2017-07-17,41068.0
Blue,亞東醫院,2017-07-17,40323.0
Blue,府中,2017-07-17,55934.0
Blue,板橋,2017-07-17,77944.0
Blue,新埔,2017-07-17,76159.0
Blue,江子翠,2017-07-17,51563.0
Blue,龍山寺,2017-07-17,55381.0
Blue,西門,2017-07-17,82356.0
Blue,善導寺,2017-07-17,40686.0
Blue,忠孝新生,2017-07-17,36499.0
Blue,忠孝敦化,2017-07-17,75393.0
Blue,國父紀念館,2017-07-17,43575.0
Blue,市政府,2017-07-17,120772.0
Blue,永春,2017-07-17,36039.0
Blue,後山埤,2017-07-17,32336.0
Blue,昆陽,2017-07-17,28458.0
Blue,南港,2017-07-17,30596.0
Blue,忠孝復興,2017-07-17,56583.5
Blue,南港展覽館,2017-07-17,32185.5
Blue,台北車站,2017-07-18,150091.5
Blue,頂埔,2017-07-18,15531.0
Blue,永寧,2017-07-18,24517.0
Blue,土城,2017-07-18,13730.0
Blue,海山,2017-07-18,41976.0
Blue,亞東醫院,2017-07-18,42825.0
Blue,府中,2017-07-18,57677.0
Blue,板橋,2017-07-18,79898.0
Blue,新埔,2017-07-18,79618.0
Blue,江子翠,2017-07-18,52229.0
Blue,龍山寺,2017-07-18,55609.0
Blue,西門,2017-07-18,84087.0
Blue,善導寺,2017-07-18,43086.0
Blue,忠孝新生,2017-07-18,37292.0
Blue,忠孝敦化,2017-07-18,78627.0
Blue,國父紀念館,2017-07-18,48129.0
Blue,市政府,2017-07-18,123218.0
Blue,永春,2017-07-18,37712.0
Blue,後山埤,2017-07-18,32416.0
Blue,昆陽,2017-07-18,29522.0
Blue,南港,2017-07-18,31052.0
Blue,忠孝復興,2017-07-18,59147.0
Blue,南港展覽館,2017-07-18,32451.5
Blue,台北車站,2017-07-19,148408.0
Blue,頂埔,2017-07-19,15270.0
Blue,永寧,2017-07-19,24468.0
Blue,土城,2017-07-19,14105.0
Blue,海山,2017-07-19,41458.0
Blue,亞東醫院,2017-07-19,41256.0
Blue,府中,2017-07-19,57229.0
Blue,板橋,2017-07-19,78820.0
Blue,新埔,2017-07-19,78130.0
Blue,江子翠,2017-07-19,52980.0
Blue,龍山寺,2017-07-19,54549.0
Blue,西門,2017-07-19,83162.5
Blue,善導寺,2017-07-19,44864.0
Blue,忠孝新生,2017-07-19,37799.0
Blue,忠孝敦化,2017-07-19,79534.0
Blue,國父紀念館,2017-07-19,48802.0
Blue,市政府,2017-07-19,123508.0
Blue,永春,2017-07-19,37469.0
Blue,後山埤,2017-07-19,32866.0
Blue,昆陽,2017-07-19,29569.0
Blue,南港,2017-07-19,31712.0
Blue,忠孝復興,2017-07-19,59553.0
Blue,南港展覽館,2017-07-19,32667.0
Blue,台北車站,2017-07-20,151549.5
Blue,頂埔,2017-07-20,15602.0
Blue,永寧,2017-07-20,24480.0
Blue,土城,2017-07-20,13608.0
Blue,海山,2017-07-20,41429.0
Blue,亞東醫院,2017-07-20,41717.0
Blue,府中,2017-07-20,56831.0
Blue,板橋,2017-07-20,79961.0
Blue,新埔,2017-07-20,78658.0
Blue,江子翠,2017-07-20,53049.0
Blue,龍山寺,2017-07-20,54430.0
Blue,西門,2017-07-20,84951.0
Blue,善導寺,2017-07-20,43359.0
Blue,忠孝新生,2017-07-20,39203.5
Blue,忠孝敦化,2017-07-20,81051.0
Blue,國父紀念館,2017-07-20,46318.0
Blue,市政府,2017-07-20,125930.0
Blue,永春,2017-07-20,37367.0
Blue,後山埤,2017-07-20,32354.0
Blue,昆陽,2017-07-20,29568.0
Blue,南港,2017-07-20,31009.0
Blue,忠孝復興,2017-07-20,61475.0
Blue,南港展覽館,2017-07-20,33238.5
Blue,台北車站,2017-07-21,174238.5
Blue,頂埔,2017-07-21,16224.0
Blue,永寧,2017-07-21,26015.0
Blue,土城,2017-07-21,14743.0
Blue,海山,2017-07-21,42736.0
Blue,亞東醫院,2017-07-21,41445.0
Blue,府中,2017-07-21,60554.0
Blue,板橋,2017-07-21,87874.0
Blue,新埔,2017-07-21,80928.0
Blue,江子翠,2017-07-21,54207.0
Blue,龍山寺,2017-07-21,58924.0
Blue,西門,2017-07-21,96135.5
Blue,善導寺,2017-07-21,44392.0
Blue,忠孝新生,2017-07-21,40994.0
Blue,忠孝敦化,2017-07-21,89295.0
Blue,國父紀念館,2017-07-21,49952.0
Blue,市政府,2017-07-21,137686.0
Blue,永春,2017-07-21,39271.0
Blue,後山埤,2017-07-21,34132.0
Blue,昆陽,2017-07-21,30506.0
Blue,南港,2017-07-21,35461.0
Blue,忠孝復興,2017-07-21,67550.5
Blue,南港展覽館,2017-07-21,34227.5
Blue,台北車站,2017-07-22,174139.5
Blue,頂埔,2017-07-22,12642.0
Blue,永寧,2017-07-22,21702.0
Blue,土城,2017-07-22,12098.0
Blue,海山,2017-07-22,35407.0
Blue,亞東醫院,2017-07-22,30116.0
Blue,府中,2017-07-22,55054.0
Blue,板橋,2017-07-22,78497.0
Blue,新埔,2017-07-22,65151.0
Blue,江子翠,2017-07-22,43526.0
Blue,龍山寺,2017-07-22,56960.0
Blue,西門,2017-07-22,103020.5
Blue,善導寺,2017-07-22,30680.0
Blue,忠孝新生,2017-07-22,41176.5
Blue,忠孝敦化,2017-07-22,77445.0
Blue,國父紀念館,2017-07-22,39148.0
Blue,市政府,2017-07-22,118488.0
Blue,永春,2017-07-22,30829.0
Blue,後山埤,2017-07-22,28438.0
Blue,昆陽,2017-07-22,18946.0
Blue,南港,2017-07-22,28626.0
Blue,忠孝復興,2017-07-22,67259.5
Blue,南港展覽館,2017-07-22,23060.0
Blue,台北車站,2017-07-23,164353.5
Blue,頂埔,2017-07-23,11882.0
Blue,永寧,2017-07-23,22162.0
Blue,土城,2017-07-23,11154.0
Blue,海山,2017-07-23,30910.0
Blue,亞東醫院,2017-07-23,24344.0
Blue,府中,2017-07-23,46099.0
Blue,板橋,2017-07-23,73455.0
Blue,新埔,2017-07-23,55198.0
Blue,江子翠,2017-07-23,36339.0
Blue,龍山寺,2017-07-23,50672.0
Blue,西門,2017-07-23,88493.0
Blue,善導寺,2017-07-23,26431.0
Blue,忠孝新生,2017-07-23,34173.5
Blue,忠孝敦化,2017-07-23,60259.0
Blue,國父紀念館,2017-07-23,32089.0
Blue,市政府,2017-07-23,100394.0
Blue,永春,2017-07-23,25867.0
Blue,後山埤,2017-07-23,24748.0
Blue,昆陽,2017-07-23,16109.0
Blue,南港,2017-07-23,26293.0
Blue,忠孝復興,2017-07-23,54321.0
Blue,南港展覽館,2017-07-23,18860.5
Blue,台北車站,2017-07-24,147460.0
Blue,頂埔,2017-07-24,15039.0
Blue,永寧,2017-07-24,24405.0
Blue,土城,2017-07-24,13829.0
Blue,海山,2017-07-24,40241.0
Blue,亞東醫院,2017-07-24,39942.0
Blue,府中,2017-07-24,55343.0
Blue,板橋,2017-07-24,76848.0
Blue,新埔,2017-07-24,75389.0
Blue,江子翠,2017-07-24,50649.0
Blue,龍山寺,2017-07-24,53807.0
Blue,西門,2017-07-24,81593.0
Blue,善導寺,2017-07-24,40188.0
Blue,忠孝新生,2017-07-24,35656.0
Blue,忠孝敦化,2017-07-24,73683.0
Blue,國父紀念館,2017-07-24,43311.0
Blue,市政府,2017-07-24,120853.0
Blue,永春,2017-07-24,36437.0
Blue,後山埤,2017-07-24,31712.0
Blue,昆陽,2017-07-24,28589.0
Blue,南港,2017-07-24,31194.0
Blue,忠孝復興,2017-07-24,57989.0
Blue,南港展覽館,2017-07-24,32217.5
Blue,台北車站,2017-07-25,145268.0
Blue,頂埔,2017-07-25,15155.0
Blue,永寧,2017-07-25,24413.0
Blue,土城,2017-07-25,13892.0
Blue,海山,2017-07-25,41345.0
Blue,亞東醫院,2017-07-25,41217.0
Blue,府中,2017-07-25,56503.0
Blue,板橋,2017-07-25,77745.0
Blue,新埔,2017-07-25,77886.0
Blue,江子翠,2017-07-25,52881.0
Blue,龍山寺,2017-07-25,54695.0
Blue,西門,2017-07-25,81857.5
Blue,善導寺,2017-07-25,42965.0
Blue,忠孝新生,2017-07-25,37139.5
Blue,忠孝敦化,2017-07-25,78370.0
Blue,國父紀念館,2017-07-25,45425.0
Blue,市政府,2017-07-25,122124.0
Blue,永春,2017-07-25,38382.0
Blue,後山埤,2017-07-25,32477.0
Blue,昆陽,2017-07-25,29086.0
Blue,南港,2017-07-25,31524.0
Blue,忠孝復興,2017-07-25,59007.5
Blue,南港展覽館,2017-07-25,32690.5
Blue,台北車站,2017-07-26,146297.5
Blue,頂埔,2017-07-26,15087.0
Blue,永寧,2017-07-26,24622.0
Blue,土城,2017-07-26,14172.0
Blue,海山,2017-07-26,41210.0
Blue,亞東醫院,2017-07-26,40691.0
Blue,府中,2017-07-26,57108.0
Blue,板橋,2017-07-26,78198.0
Blue,新埔,2017-07-26,78186.0
Blue,江子翠,2017-07-26,52065.0
Blue,龍山寺,2017-07-26,54277.0
Blue,西門,2017-07-26,82146.5
Blue,善導寺,2017-07-26,43761.0
Blue,忠孝新生,2017-07-26,38780.0
Blue,忠孝敦化,2017-07-26,79665.0
Blue,國父紀念館,2017-07-26,46179.0
Blue,市政府,2017-07-26,123509.0
Blue,永春,2017-07-26,38734.0
Blue,後山埤,2017-07-26,32655.0
Blue,昆陽,2017-07-26,29541.0
Blue,南港,2017-07-26,32335.0
Blue,忠孝復興,2017-07-26,60323.0
Blue,南港展覽館,2017-07-26,32978.5
Blue,台北車站,2017-07-27,150300.5
Blue,頂埔,2017-07-27,15225.0
Blue,永寧,2017-07-27,24992.0
Blue,土城,2017-07-27,13671.0
Blue,海山,2017-07-27,41577.0
Blue,亞東醫院,2017-07-27,40653.0
Blue,府中,2017-07-27,56587.0
Blue,板橋,2017-07-27,79870.0
Blue,新埔,2017-07-27,78072.0
Blue,江子翠,2017-07-27,52348.0
Blue,龍山寺,2017-07-27,55557.0
Blue,西門,2017-07-27,84377.5
Blue,善導寺,2017-07-27,43024.0
Blue,忠孝新生,2017-07-27,39467.0
Blue,忠孝敦化,2017-07-27,80660.0
Blue,國父紀念館,2017-07-27,46427.0
Blue,市政府,2017-07-27,126468.0
Blue,永春,2017-07-27,38838.0
Blue,後山埤,2017-07-27,32463.0
Blue,昆陽,2017-07-27,29806.0
Blue,南港,2017-07-27,32768.0
Blue,忠孝復興,2017-07-27,61378.0
Blue,南港展覽館,2017-07-27,32689.5
Blue,台北車站,2017-07-28,172439.0
Blue,頂埔,2017-07-28,16094.0
Blue,永寧,2017-07-28,25781.0
Blue,土城,2017-07-28,14400.0
Blue,海山,2017-07-28,43014.0
Blue,亞東醫院,2017-07-28,40986.0
Blue,府中,2017-07-28,58934.0
Blue,板橋,2017-07-28,87937.0
Blue,新埔,2017-07-28,80946.0
Blue,江子翠,2017-07-28,53606.0
Blue,龍山寺,2017-07-28,56339.0
Blue,西門,2017-07-28,92498.5
Blue,善導寺,2017-07-28,43709.0
Blue,忠孝新生,2017-07-28,41919.0
Blue,忠孝敦化,2017-07-28,87252.0
Blue,國父紀念館,2017-07-28,50235.0
Blue,市政府,2017-07-28,139211.0
Blue,永春,2017-07-28,41764.0
Blue,後山埤,2017-07-28,36142.0
Blue,昆陽,2017-07-28,30769.0
Blue,南港,2017-07-28,36248.0
Blue,忠孝復興,2017-07-28,67652.0
Blue,南港展覽館,2017-07-28,34197.0
Blue,台北車站,2017-07-29,125742.0
Blue,頂埔,2017-07-29,8859.0
Blue,永寧,2017-07-29,14754.0
Blue,土城,2017-07-29,9204.0
Blue,海山,2017-07-29,25269.0
Blue,亞東醫院,2017-07-29,22506.0
Blue,府中,2017-07-29,38476.0
Blue,板橋,2017-07-29,58394.0
Blue,新埔,2017-07-29,48753.0
Blue,江子翠,2017-07-29,31218.0
Blue,龍山寺,2017-07-29,37901.0
Blue,西門,2017-07-29,70666.5
Blue,善導寺,2017-07-29,23741.0
Blue,忠孝新生,2017-07-29,27117.5
Blue,忠孝敦化,2017-07-29,52271.0
Blue,國父紀念館,2017-07-29,29041.0
Blue,市政府,2017-07-29,79442.0
Blue,永春,2017-07-29,24314.0
Blue,後山埤,2017-07-29,23927.0
Blue,昆陽,2017-07-29,13754.0
Blue,南港,2017-07-29,21449.0
Blue,忠孝復興,2017-07-29,50700.5
Blue,南港展覽館,2017-07-29,16566.0
Blue,台北車站,2017-07-30,98149.0
Blue,頂埔,2017-07-30,7699.0
Blue,永寧,2017-07-30,11828.0
Blue,土城,2017-07-30,7255.0
Blue,海山,2017-07-30,20125.0
Blue,亞東醫院,2017-07-30,15821.0
Blue,府中,2017-07-30,29267.0
Blue,板橋,2017-07-30,46561.0
Blue,新埔,2017-07-30,36127.0
Blue,江子翠,2017-07-30,25064.0
Blue,龍山寺,2017-07-30,37514.0
Blue,西門,2017-07-30,69125.0
Blue,善導寺,2017-07-30,14699.0
Blue,忠孝新生,2017-07-30,22458.0
Blue,忠孝敦化,2017-07-30,42505.0
Blue,國父紀念館,2017-07-30,20060.0
Blue,市政府,2017-07-30,73068.0
Blue,永春,2017-07-30,18105.0
Blue,後山埤,2017-07-30,17545.0
Blue,昆陽,2017-07-30,10824.0
Blue,南港,2017-07-30,18611.0
Blue,忠孝復興,2017-07-30,40852.5
Blue,南港展覽館,2017-07-30,12719.5
Blue,台北車站,2017-07-31,139597.0
Blue,頂埔,2017-07-31,14771.0
Blue,永寧,2017-07-31,22929.0
Blue,土城,2017-07-31,13355.0
Blue,海山,2017-07-31,40042.0
Blue,亞東醫院,2017-07-31,40287.0
Blue,府中,2017-07-31,53730.0
Blue,板橋,2017-07-31,74672.0
Blue,新埔,2017-07-31,74867.0
Blue,江子翠,2017-07-31,50297.0
Blue,龍山寺,2017-07-31,53916.0
Blue,西門,2017-07-31,80417.5
Blue,善導寺,2017-07-31,39329.0
Blue,忠孝新生,2017-07-31,36490.5
Blue,忠孝敦化,2017-07-31,74032.0
Blue,國父紀念館,2017-07-31,44128.0
Blue,市政府,2017-07-31,119048.0
Blue,永春,2017-07-31,36892.0
Blue,後山埤,2017-07-31,32547.0
Blue,昆陽,2017-07-31,28696.0
Blue,南港,2017-07-31,30707.0
Blue,忠孝復興,2017-07-31,55317.0
Blue,南港展覽館,2017-07-31,31796.0
Blue,台北車站,2017-08-01,139571.0
Blue,頂埔,2017-08-01,15096.0
Blue,永寧,2017-08-01,23876.0
Blue,土城,2017-08-01,13631.0
Blue,海山,2017-08-01,41292.0
Blue,亞東醫院,2017-08-01,41444.0
Blue,府中,2017-08-01,55884.0
Blue,板橋,2017-08-01,76216.0
Blue,新埔,2017-08-01,76748.0
Blue,江子翠,2017-08-01,51286.0
Blue,龍山寺,2017-08-01,55704.0
Blue,西門,2017-08-01,80825.0
Blue,善導寺,2017-08-01,41506.0
Blue,忠孝新生,2017-08-01,36018.5
Blue,忠孝敦化,2017-08-01,76961.0
Blue,國父紀念館,2017-08-01,45143.0
Blue,市政府,2017-08-01,120841.0
Blue,永春,2017-08-01,38038.0
Blue,後山埤,2017-08-01,33459.0
Blue,昆陽,2017-08-01,28916.0
Blue,南港,2017-08-01,30925.0
Blue,忠孝復興,2017-08-01,57966.5
Blue,南港展覽館,2017-08-01,32500.5
Blue,台北車站,2017-08-02,142975.5
Blue,頂埔,2017-08-02,15193.0
Blue,永寧,2017-08-02,24033.0
Blue,土城,2017-08-02,13822.0
Blue,海山,2017-08-02,40309.0
Blue,亞東醫院,2017-08-02,40354.0
Blue,府中,2017-08-02,54797.0
Blue,板橋,2017-08-02,76358.0
Blue,新埔,2017-08-02,77006.0
Blue,江子翠,2017-08-02,51372.0
Blue,龍山寺,2017-08-02,53727.0
Blue,西門,2017-08-02,81365.0
Blue,善導寺,2017-08-02,42992.0
Blue,忠孝新生,2017-08-02,36330.0
Blue,忠孝敦化,2017-08-02,77264.0
Blue,國父紀念館,2017-08-02,45334.0
Blue,市政府,2017-08-02,121028.0
Blue,永春,2017-08-02,37873.0
Blue,後山埤,2017-08-02,32860.0
Blue,昆陽,2017-08-02,29340.0
Blue,南港,2017-08-02,31719.0
Blue,忠孝復興,2017-08-02,58619.5
Blue,南港展覽館,2017-08-02,33358.5
Blue,台北車站,2017-08-03,148485.5
Blue,頂埔,2017-08-03,15182.0
Blue,永寧,2017-08-03,24115.0
Blue,土城,2017-08-03,13363.0
Blue,海山,2017-08-03,41126.0
Blue,亞東醫院,2017-08-03,41083.0
Blue,府中,2017-08-03,56954.0
Blue,板橋,2017-08-03,78798.0
Blue,新埔,2017-08-03,78471.0
Blue,江子翠,2017-08-03,52301.0
Blue,龍山寺,2017-08-03,55780.0
Blue,西門,2017-08-03,85025.0
Blue,善導寺,2017-08-03,43516.0
Blue,忠孝新生,2017-08-03,37782.0
Blue,忠孝敦化,2017-08-03,81152.0
Blue,國父紀念館,2017-08-03,46700.0
Blue,市政府,2017-08-03,128919.0
Blue,永春,2017-08-03,39418.0
Blue,後山埤,2017-08-03,33234.0
Blue,昆陽,2017-08-03,29472.0
Blue,南港,2017-08-03,32046.0
Blue,忠孝復興,2017-08-03,60858.5
Blue,南港展覽館,2017-08-03,33697.5
Blue,台北車站,2017-08-04,175131.5
Blue,頂埔,2017-08-04,16370.0
Blue,永寧,2017-08-04,26016.0
Blue,土城,2017-08-04,14623.0
Blue,海山,2017-08-04,43030.0
Blue,亞東醫院,2017-08-04,41542.0
Blue,府中,2017-08-04,59472.0
Blue,板橋,2017-08-04,88510.0
Blue,新埔,2017-08-04,81201.0
Blue,江子翠,2017-08-04,53842.0
Blue,龍山寺,2017-08-04,57667.0
Blue,西門,2017-08-04,93892.0
Blue,善導寺,2017-08-04,43744.0
Blue,忠孝新生,2017-08-04,42064.5
Blue,忠孝敦化,2017-08-04,88410.0
Blue,國父紀念館,2017-08-04,50850.0
Blue,市政府,2017-08-04,138736.0
Blue,永春,2017-08-04,40128.0
Blue,後山埤,2017-08-04,34974.0
Blue,昆陽,2017-08-04,30704.0
Blue,南港,2017-08-04,36502.0
Blue,忠孝復興,2017-08-04,67537.5
Blue,南港展覽館,2017-08-04,34390.0
Blue,台北車站,2017-08-05,179202.0
Blue,頂埔,2017-08-05,12671.0
Blue,永寧,2017-08-05,23371.0
Blue,土城,2017-08-05,12741.0
Blue,海山,2017-08-05,36606.0
Blue,亞東醫院,2017-08-05,31017.0
Blue,府中,2017-08-05,57811.0
Blue,板橋,2017-08-05,86395.0
Blue,新埔,2017-08-05,66870.0
Blue,江子翠,2017-08-05,43457.0
Blue,龍山寺,2017-08-05,57278.0
Blue,西門,2017-08-05,102456.5
Blue,善導寺,2017-08-05,29252.0
Blue,忠孝新生,2017-08-05,41606.0
Blue,忠孝敦化,2017-08-05,79432.0
Blue,國父紀念館,2017-08-05,41202.0
Blue,市政府,2017-08-05,120010.0
Blue,永春,2017-08-05,31261.0
Blue,後山埤,2017-08-05,29970.0
Blue,昆陽,2017-08-05,19271.0
Blue,南港,2017-08-05,28674.0
Blue,忠孝復興,2017-08-05,68915.0
Blue,南港展覽館,2017-08-05,22508.5
Blue,台北車站,2017-08-06,168093.5
Blue,頂埔,2017-08-06,11978.0
Blue,永寧,2017-08-06,20473.0
Blue,土城,2017-08-06,11182.0
Blue,海山,2017-08-06,31801.0
Blue,亞東醫院,2017-08-06,24633.0
Blue,府中,2017-08-06,45800.0
Blue,板橋,2017-08-06,76789.0
Blue,新埔,2017-08-06,55372.0
Blue,江子翠,2017-08-06,36446.0
Blue,龍山寺,2017-08-06,52191.0
Blue,西門,2017-08-06,89560.5
Blue,善導寺,2017-08-06,25514.0
Blue,忠孝新生,2017-08-06,36163.0
Blue,忠孝敦化,2017-08-06,62546.0
Blue,國父紀念館,2017-08-06,33540.0
Blue,市政府,2017-08-06,103472.0
Blue,永春,2017-08-06,26793.0
Blue,後山埤,2017-08-06,25653.0
Blue,昆陽,2017-08-06,16972.0
Blue,南港,2017-08-06,28555.0
Blue,忠孝復興,2017-08-06,55870.5
Blue,南港展覽館,2017-08-06,19543.5
Blue,台北車站,2017-08-07,153298.5
Blue,頂埔,2017-08-07,15310.0
Blue,永寧,2017-08-07,24178.0
Blue,土城,2017-08-07,13815.0
Blue,海山,2017-08-07,40487.0
Blue,亞東醫院,2017-08-07,40789.0
Blue,府中,2017-08-07,54930.0
Blue,板橋,2017-08-07,79741.0
Blue,新埔,2017-08-07,75833.0
Blue,江子翠,2017-08-07,50855.0
Blue,龍山寺,2017-08-07,56352.0
Blue,西門,2017-08-07,83803.0
Blue,善導寺,2017-08-07,39237.0
Blue,忠孝新生,2017-08-07,37497.5
Blue,忠孝敦化,2017-08-07,77124.0
Blue,國父紀念館,2017-08-07,46208.0
Blue,市政府,2017-08-07,123054.0
Blue,永春,2017-08-07,36787.0
Blue,後山埤,2017-08-07,32963.0
Blue,昆陽,2017-08-07,28871.0
Blue,南港,2017-08-07,32419.0
Blue,忠孝復興,2017-08-07,58892.0
Blue,南港展覽館,2017-08-07,32403.0
Blue,台北車站,2017-08-08,140828.5
Blue,頂埔,2017-08-08,15450.0
Blue,永寧,2017-08-08,24007.0
Blue,土城,2017-08-08,13738.0
Blue,海山,2017-08-08,40640.0
Blue,亞東醫院,2017-08-08,41021.0
Blue,府中,2017-08-08,54824.0
Blue,板橋,2017-08-08,78927.0
Blue,新埔,2017-08-08,76752.0
Blue,江子翠,2017-08-08,51559.0
Blue,龍山寺,2017-08-08,56229.0
Blue,西門,2017-08-08,80334.5
Blue,善導寺,2017-08-08,39936.0
Blue,忠孝新生,2017-08-08,35101.5
Blue,忠孝敦化,2017-08-08,76323.0
Blue,國父紀念館,2017-08-08,45834.0
Blue,市政府,2017-08-08,120758.0
Blue,永春,2017-08-08,38087.0
Blue,後山埤,2017-08-08,33779.0
Blue,昆陽,2017-08-08,28854.0
Blue,南港,2017-08-08,31899.0
Blue,忠孝復興,2017-08-08,58431.0
Blue,南港展覽館,2017-08-08,32689.0
Blue,台北車站,2017-08-09,151965.0
Blue,頂埔,2017-08-09,15558.0
Blue,永寧,2017-08-09,24976.0
Blue,土城,2017-08-09,14098.0
Blue,海山,2017-08-09,41778.0
Blue,亞東醫院,2017-08-09,41687.0
Blue,府中,2017-08-09,57201.0
Blue,板橋,2017-08-09,80928.0
Blue,新埔,2017-08-09,78484.0
Blue,江子翠,2017-08-09,52322.0
Blue,龍山寺,2017-08-09,57087.0
Blue,西門,2017-08-09,86313.5
Blue,善導寺,2017-08-09,44794.0
Blue,忠孝新生,2017-08-09,37779.0
Blue,忠孝敦化,2017-08-09,81238.0
Blue,國父紀念館,2017-08-09,48287.0
Blue,市政府,2017-08-09,125488.0
Blue,永春,2017-08-09,38757.0
Blue,後山埤,2017-08-09,34216.0
Blue,昆陽,2017-08-09,29784.0
Blue,南港,2017-08-09,32773.0
Blue,忠孝復興,2017-08-09,62193.5
Blue,南港展覽館,2017-08-09,33868.5
Blue,台北車站,2017-08-10,156440.5
Blue,頂埔,2017-08-10,15836.0
Blue,永寧,2017-08-10,24914.0
Blue,土城,2017-08-10,14054.0
Blue,海山,2017-08-10,41455.0
Blue,亞東醫院,2017-08-10,41175.0
Blue,府中,2017-08-10,58212.0
Blue,板橋,2017-08-10,82267.0
Blue,新埔,2017-08-10,79040.0
Blue,江子翠,2017-08-10,52746.0
Blue,龍山寺,2017-08-10,58244.0
Blue,西門,2017-08-10,89227.5
Blue,善導寺,2017-08-10,42061.0
Blue,忠孝新生,2017-08-10,40186.5
Blue,忠孝敦化,2017-08-10,83479.0
Blue,國父紀念館,2017-08-10,47531.0
Blue,市政府,2017-08-10,130088.0
Blue,永春,2017-08-10,38585.0
Blue,後山埤,2017-08-10,34363.0
Blue,昆陽,2017-08-10,29862.0
Blue,南港,2017-08-10,33358.0
Blue,忠孝復興,2017-08-10,63949.0
Blue,南港展覽館,2017-08-10,33937.5
Blue,台北車站,2017-08-11,181006.5
Blue,頂埔,2017-08-11,16378.0
Blue,永寧,2017-08-11,26513.0
Blue,土城,2017-08-11,14984.0
Blue,海山,2017-08-11,43213.0
Blue,亞東醫院,2017-08-11,42232.0
Blue,府中,2017-08-11,61449.0
Blue,板橋,2017-08-11,90921.0
Blue,新埔,2017-08-11,81738.0
Blue,江子翠,2017-08-11,54382.0
Blue,龍山寺,2017-08-11,60352.0
Blue,西門,2017-08-11,98945.0
Blue,善導寺,2017-08-11,43971.0
Blue,忠孝新生,2017-08-11,41385.5
Blue,忠孝敦化,2017-08-11,90957.0
Blue,國父紀念館,2017-08-11,50903.0
Blue,市政府,2017-08-11,142967.0
Blue,永春,2017-08-11,40080.0
Blue,後山埤,2017-08-11,35755.0
Blue,昆陽,2017-08-11,31017.0
Blue,南港,2017-08-11,37009.0
Blue,忠孝復興,2017-08-11,71011.5
Blue,南港展覽館,2017-08-11,35229.5
Blue,台北車站,2017-08-12,188863.0
Blue,頂埔,2017-08-12,13146.0
Blue,永寧,2017-08-12,23638.0
Blue,土城,2017-08-12,12873.0
Blue,海山,2017-08-12,36745.0
Blue,亞東醫院,2017-08-12,31579.0
Blue,府中,2017-08-12,58220.0
Blue,板橋,2017-08-12,87633.0
Blue,新埔,2017-08-12,67058.0
Blue,江子翠,2017-08-12,43709.0
Blue,龍山寺,2017-08-12,61936.0
Blue,西門,2017-08-12,111460.5
Blue,善導寺,2017-08-12,31613.0
Blue,忠孝新生,2017-08-12,44939.5
Blue,忠孝敦化,2017-08-12,85423.0
Blue,國父紀念館,2017-08-12,45353.0
Blue,市政府,2017-08-12,134922.0
Blue,永春,2017-08-12,32666.0
Blue,後山埤,2017-08-12,29918.0
Blue,昆陽,2017-08-12,20330.0
Blue,南港,2017-08-12,31292.0
Blue,忠孝復興,2017-08-12,79901.5
Blue,南港展覽館,2017-08-12,25432.5
Blue,台北車站,2017-08-13,175995.5
Blue,頂埔,2017-08-13,12493.0
Blue,永寧,2017-08-13,20371.0
Blue,土城,2017-08-13,11021.0
Blue,海山,2017-08-13,31169.0
Blue,亞東醫院,2017-08-13,24315.0
Blue,府中,2017-08-13,48356.0
Blue,板橋,2017-08-13,78212.0
Blue,新埔,2017-08-13,55617.0
Blue,江子翠,2017-08-13,37030.0
Blue,龍山寺,2017-08-13,52477.0
Blue,西門,2017-08-13,96187.5
Blue,善導寺,2017-08-13,26865.0
Blue,忠孝新生,2017-08-13,35340.0
Blue,忠孝敦化,2017-08-13,64300.0
Blue,國父紀念館,2017-08-13,33370.0
Blue,市政府,2017-08-13,106556.0
Blue,永春,2017-08-13,27198.0
Blue,後山埤,2017-08-13,24360.0
Blue,昆陽,2017-08-13,17009.0
Blue,南港,2017-08-13,28543.0
Blue,忠孝復興,2017-08-13,58958.0
Blue,南港展覽館,2017-08-13,21069.0
Blue,台北車站,2017-08-14,156531.0
Blue,頂埔,2017-08-14,15018.0
Blue,永寧,2017-08-14,24218.0
Blue,土城,2017-08-14,13884.0
Blue,海山,2017-08-14,39801.0
Blue,亞東醫院,2017-08-14,40255.0
Blue,府中,2017-08-14,55325.0
Blue,板橋,2017-08-14,78856.0
Blue,新埔,2017-08-14,76216.0
Blue,江子翠,2017-08-14,50294.0
Blue,龍山寺,2017-08-14,57172.0
Blue,西門,2017-08-14,86169.5
Blue,善導寺,2017-08-14,39218.0
Blue,忠孝新生,2017-08-14,36806.0
Blue,忠孝敦化,2017-08-14,77382.0
Blue,國父紀念館,2017-08-14,44872.0
Blue,市政府,2017-08-14,122661.0
Blue,永春,2017-08-14,35811.0
Blue,後山埤,2017-08-14,32632.0
Blue,昆陽,2017-08-14,28548.0
Blue,南港,2017-08-14,31661.0
Blue,忠孝復興,2017-08-14,58304.5
Blue,南港展覽館,2017-08-14,32314.5
Blue,台北車站,2017-08-15,154301.0
Blue,頂埔,2017-08-15,15558.0
Blue,永寧,2017-08-15,24945.0
Blue,土城,2017-08-15,13884.0
Blue,海山,2017-08-15,41454.0
Blue,亞東醫院,2017-08-15,41388.0
Blue,府中,2017-08-15,56704.0
Blue,板橋,2017-08-15,81553.0
Blue,新埔,2017-08-15,78469.0
Blue,江子翠,2017-08-15,52531.0
Blue,龍山寺,2017-08-15,58194.0
Blue,西門,2017-08-15,87027.0
Blue,善導寺,2017-08-15,42796.0
Blue,忠孝新生,2017-08-15,37215.5
Blue,忠孝敦化,2017-08-15,80679.0
Blue,國父紀念館,2017-08-15,47146.0
Blue,市政府,2017-08-15,124102.0
Blue,永春,2017-08-15,37700.0
Blue,後山埤,2017-08-15,33721.0
Blue,昆陽,2017-08-15,29344.0
Blue,南港,2017-08-15,32492.0
Blue,忠孝復興,2017-08-15,61039.0
Blue,南港展覽館,2017-08-15,33026.5
Blue,台北車站,2017-08-16,151428.0
Blue,頂埔,2017-08-16,15362.0
Blue,永寧,2017-08-16,24854.0
Blue,土城,2017-08-16,13952.0
Blue,海山,2017-08-16,41141.0
Blue,亞東醫院,2017-08-16,41260.0
Blue,府中,2017-08-16,57583.0
Blue,板橋,2017-08-16,80025.0
Blue,新埔,2017-08-16,80610.0
Blue,江子翠,2017-08-16,52584.0
Blue,龍山寺,2017-08-16,57148.0
Blue,西門,2017-08-16,84555.5
Blue,善導寺,2017-08-16,43596.0
Blue,忠孝新生,2017-08-16,37331.5
Blue,忠孝敦化,2017-08-16,80182.0
Blue,國父紀念館,2017-08-16,48599.0
Blue,市政府,2017-08-16,123430.0
Blue,永春,2017-08-16,37591.0
Blue,後山埤,2017-08-16,33526.0
Blue,昆陽,2017-08-16,29352.0
Blue,南港,2017-08-16,32859.0
Blue,忠孝復興,2017-08-16,61126.5
Blue,南港展覽館,2017-08-16,33291.0
Blue,台北車站,2017-08-17,153354.0
Blue,頂埔,2017-08-17,15628.0
Blue,永寧,2017-08-17,24943.0
Blue,土城,2017-08-17,13651.0
Blue,海山,2017-08-17,42102.0
Blue,亞東醫院,2017-08-17,41744.0
Blue,府中,2017-08-17,56995.0
Blue,板橋,2017-08-17,80028.0
Blue,新埔,2017-08-17,78053.0
Blue,江子翠,2017-08-17,52754.0
Blue,龍山寺,2017-08-17,57337.0
Blue,西門,2017-08-17,85498.5
Blue,善導寺,2017-08-17,42321.0
Blue,忠孝新生,2017-08-17,37285.5
Blue,忠孝敦化,2017-08-17,81380.0
Blue,國父紀念館,2017-08-17,48477.0
Blue,市政府,2017-08-17,128377.0
Blue,永春,2017-08-17,38355.0
Blue,後山埤,2017-08-17,33092.0
Blue,昆陽,2017-08-17,29500.0
Blue,南港,2017-08-17,33138.0
Blue,忠孝復興,2017-08-17,62174.5
Blue,南港展覽館,2017-08-17,33416.5
Blue,台北車站,2017-08-18,176827.0
Blue,頂埔,2017-08-18,16271.0
Blue,永寧,2017-08-18,26347.0
Blue,土城,2017-08-18,14561.0
Blue,海山,2017-08-18,42731.0
Blue,亞東醫院,2017-08-18,41213.0
Blue,府中,2017-08-18,60576.0
Blue,板橋,2017-08-18,88766.0
Blue,新埔,2017-08-18,81480.0
Blue,江子翠,2017-08-18,54472.0
Blue,龍山寺,2017-08-18,59919.0
Blue,西門,2017-08-18,94690.5
Blue,善導寺,2017-08-18,43040.0
Blue,忠孝新生,2017-08-18,41790.0
Blue,忠孝敦化,2017-08-18,88308.0
Blue,國父紀念館,2017-08-18,51090.0
Blue,市政府,2017-08-18,142363.0
Blue,永春,2017-08-18,39292.0
Blue,後山埤,2017-08-18,34677.0
Blue,昆陽,2017-08-18,30803.0
Blue,南港,2017-08-18,36695.0
Blue,忠孝復興,2017-08-18,68639.5
Blue,南港展覽館,2017-08-18,35585.0
Blue,台北車站,2017-08-19,182179.5
Blue,頂埔,2017-08-19,12451.0
Blue,永寧,2017-08-19,23192.0
Blue,土城,2017-08-19,12287.0
Blue,海山,2017-08-19,35594.0
Blue,亞東醫院,2017-08-19,31095.0
Blue,府中,2017-08-19,58146.0
Blue,板橋,2017-08-19,82649.0
Blue,新埔,2017-08-19,65842.0
Blue,江子翠,2017-08-19,43757.0
Blue,龍山寺,2017-08-19,57146.0
Blue,西門,2017-08-19,104320.5
Blue,善導寺,2017-08-19,33743.0
Blue,忠孝新生,2017-08-19,44171.5
Blue,忠孝敦化,2017-08-19,80579.0
Blue,國父紀念館,2017-08-19,45341.0
Blue,市政府,2017-08-19,128897.0
Blue,永春,2017-08-19,31044.0
Blue,後山埤,2017-08-19,29367.0
Blue,昆陽,2017-08-19,19802.0
Blue,南港,2017-08-19,30424.0
Blue,忠孝復興,2017-08-19,69747.5
Blue,南港展覽館,2017-08-19,27285.0
Blue,台北車站,2017-08-20,179001.5
Blue,頂埔,2017-08-20,12060.0
Blue,永寧,2017-08-20,20348.0
Blue,土城,2017-08-20,10666.0
Blue,海山,2017-08-20,31165.0
Blue,亞東醫院,2017-08-20,25393.0
Blue,府中,2017-08-20,48402.0
Blue,板橋,2017-08-20,81265.0
Blue,新埔,2017-08-20,56900.0
Blue,江子翠,2017-08-20,36762.0
Blue,龍山寺,2017-08-20,52176.0
Blue,西門,2017-08-20,91222.5
Blue,善導寺,2017-08-20,29367.0
Blue,忠孝新生,2017-08-20,36772.5
Blue,忠孝敦化,2017-08-20,62312.0
Blue,國父紀念館,2017-08-20,35598.0
Blue,市政府,2017-08-20,108103.0
Blue,永春,2017-08-20,28379.0
Blue,後山埤,2017-08-20,25803.0
Blue,昆陽,2017-08-20,16573.0
Blue,南港,2017-08-20,28209.0
Blue,忠孝復興,2017-08-20,56500.5
Blue,南港展覽館,2017-08-20,25197.5
Blue,台北車站,2017-08-21,155270.0
Blue,頂埔,2017-08-21,15468.0
Blue,永寧,2017-08-21,24643.0
Blue,土城,2017-08-21,13831.0
Blue,海山,2017-08-21,40997.0
Blue,亞東醫院,2017-08-21,40333.0
Blue,府中,2017-08-21,55363.0
Blue,板橋,2017-08-21,78786.0
Blue,新埔,2017-08-21,76969.0
Blue,江子翠,2017-08-21,50416.0
Blue,龍山寺,2017-08-21,55564.0
Blue,西門,2017-08-21,85685.5
Blue,善導寺,2017-08-21,38326.0
Blue,忠孝新生,2017-08-21,37517.0
Blue,忠孝敦化,2017-08-21,74495.0
Blue,國父紀念館,2017-08-21,44309.0
Blue,市政府,2017-08-21,121269.0
Blue,永春,2017-08-21,35434.0
Blue,後山埤,2017-08-21,31161.0
Blue,昆陽,2017-08-21,28331.0
Blue,南港,2017-08-21,31623.0
Blue,忠孝復興,2017-08-21,57475.0
Blue,南港展覽館,2017-08-21,36040.0
Blue,台北車站,2017-08-22,144135.5
Blue,頂埔,2017-08-22,15392.0
Blue,永寧,2017-08-22,28986.0
Blue,土城,2017-08-22,13277.0
Blue,海山,2017-08-22,41504.0
Blue,亞東醫院,2017-08-22,40598.0
Blue,府中,2017-08-22,55898.0
Blue,板橋,2017-08-22,77084.0
Blue,新埔,2017-08-22,79417.0
Blue,江子翠,2017-08-22,51611.0
Blue,龍山寺,2017-08-22,56884.0
Blue,西門,2017-08-22,84099.0
Blue,善導寺,2017-08-22,39803.0
Blue,忠孝新生,2017-08-22,36756.0
Blue,忠孝敦化,2017-08-22,77215.0
Blue,國父紀念館,2017-08-22,47661.0
Blue,市政府,2017-08-22,123213.0
Blue,永春,2017-08-22,36212.0
Blue,後山埤,2017-08-22,31737.0
Blue,昆陽,2017-08-22,28591.0
Blue,南港,2017-08-22,30985.0
Blue,忠孝復興,2017-08-22,57785.5
Blue,南港展覽館,2017-08-22,36797.5
Blue,台北車站,2017-08-23,150502.5
Blue,頂埔,2017-08-23,15607.0
Blue,永寧,2017-08-23,27887.0
Blue,土城,2017-08-23,14103.0
Blue,海山,2017-08-23,42403.0
Blue,亞東醫院,2017-08-23,41574.0
Blue,府中,2017-08-23,57902.0
Blue,板橋,2017-08-23,79884.0
Blue,新埔,2017-08-23,79938.0
Blue,江子翠,2017-08-23,52759.0
Blue,龍山寺,2017-08-23,55983.0
Blue,西門,2017-08-23,85242.5
Blue,善導寺,2017-08-23,43977.0
Blue,忠孝新生,2017-08-23,37888.5
Blue,忠孝敦化,2017-08-23,79504.0
Blue,國父紀念館,2017-08-23,48379.0
Blue,市政府,2017-08-23,125629.0
Blue,永春,2017-08-23,38118.0
Blue,後山埤,2017-08-23,32070.0
Blue,昆陽,2017-08-23,29756.0
Blue,南港,2017-08-23,33793.0
Blue,忠孝復興,2017-08-23,60688.5
Blue,南港展覽館,2017-08-23,37790.0
Blue,台北車站,2017-08-24,154062.0
Blue,頂埔,2017-08-24,15698.0
Blue,永寧,2017-08-24,27173.0
Blue,土城,2017-08-24,13714.0
Blue,海山,2017-08-24,41416.0
Blue,亞東醫院,2017-08-24,40718.0
Blue,府中,2017-08-24,57236.0
Blue,板橋,2017-08-24,80487.0
Blue,新埔,2017-08-24,79918.0
Blue,江子翠,2017-08-24,52487.0
Blue,龍山寺,2017-08-24,55970.0
Blue,西門,2017-08-24,85159.0
Blue,善導寺,2017-08-24,44136.0
Blue,忠孝新生,2017-08-24,38104.5
Blue,忠孝敦化,2017-08-24,80700.0
Blue,國父紀念館,2017-08-24,48546.0
Blue,市政府,2017-08-24,127262.0
Blue,永春,2017-08-24,38866.0
Blue,後山埤,2017-08-24,32357.0
Blue,昆陽,2017-08-24,29437.0
Blue,南港,2017-08-24,33580.0
Blue,忠孝復興,2017-08-24,60750.5
Blue,南港展覽館,2017-08-24,33831.0
Blue,台北車站,2017-08-25,174603.5
Blue,頂埔,2017-08-25,16308.0
Blue,永寧,2017-08-25,28904.0
Blue,土城,2017-08-25,14575.0
Blue,海山,2017-08-25,43054.0
Blue,亞東醫院,2017-08-25,41070.0
Blue,府中,2017-08-25,60763.0
Blue,板橋,2017-08-25,89550.0
Blue,新埔,2017-08-25,82258.0
Blue,江子翠,2017-08-25,54107.0
Blue,龍山寺,2017-08-25,58544.0
Blue,西門,2017-08-25,95086.0
Blue,善導寺,2017-08-25,43396.0
Blue,忠孝新生,2017-08-25,41308.5
Blue,忠孝敦化,2017-08-25,88161.0
Blue,國父紀念館,2017-08-25,51697.0
Blue,市政府,2017-08-25,141492.0
Blue,永春,2017-08-25,39536.0
Blue,後山埤,2017-08-25,33728.0
Blue,昆陽,2017-08-25,30399.0
Blue,南港,2017-08-25,37688.0
Blue,忠孝復興,2017-08-25,67569.5
Blue,南港展覽館,2017-08-25,36377.0
Blue,台北車站,2017-08-26,189307.0
Blue,頂埔,2017-08-26,13180.0
Blue,永寧,2017-08-26,26846.0
Blue,土城,2017-08-26,14332.0
Blue,海山,2017-08-26,36654.0
Blue,亞東醫院,2017-08-26,30982.0
Blue,府中,2017-08-26,59390.0
Blue,板橋,2017-08-26,88201.0
Blue,新埔,2017-08-26,68482.0
Blue,江子翠,2017-08-26,43954.0
Blue,龍山寺,2017-08-26,57683.0
Blue,西門,2017-08-26,108496.5
Blue,善導寺,2017-08-26,34060.0
Blue,忠孝新生,2017-08-26,42422.5
Blue,忠孝敦化,2017-08-26,79014.0
Blue,國父紀念館,2017-08-26,45817.0
Blue,市政府,2017-08-26,124543.0
Blue,永春,2017-08-26,31420.0
Blue,後山埤,2017-08-26,28839.0
Blue,昆陽,2017-08-26,20271.0
Blue,南港,2017-08-26,29815.0
Blue,忠孝復興,2017-08-26,69270.5
Blue,南港展覽館,2017-08-26,25501.0
Blue,台北車站,2017-08-27,169440.5
Blue,頂埔,2017-08-27,11556.0
Blue,永寧,2017-08-27,22886.0
Blue,土城,2017-08-27,11549.0
Blue,海山,2017-08-27,30093.0
Blue,亞東醫院,2017-08-27,24195.0
Blue,府中,2017-08-27,45937.0
Blue,板橋,2017-08-27,73881.0
Blue,新埔,2017-08-27,56187.0
Blue,江子翠,2017-08-27,35949.0
Blue,龍山寺,2017-08-27,48284.0
Blue,西門,2017-08-27,89598.0
Blue,善導寺,2017-08-27,26927.0
Blue,忠孝新生,2017-08-27,35340.5
Blue,忠孝敦化,2017-08-27,62386.0
Blue,國父紀念館,2017-08-27,38235.0
Blue,市政府,2017-08-27,107268.0
Blue,永春,2017-08-27,26622.0
Blue,後山埤,2017-08-27,24435.0
Blue,昆陽,2017-08-27,16896.0
Blue,南港,2017-08-27,27153.0
Blue,忠孝復興,2017-08-27,56901.0
Blue,南港展覽館,2017-08-27,23606.5
Blue,台北車站,2017-08-28,160115.0
Blue,頂埔,2017-08-28,15662.0
Blue,永寧,2017-08-28,27094.0
Blue,土城,2017-08-28,14104.0
Blue,海山,2017-08-28,40777.0
Blue,亞東醫院,2017-08-28,41245.0
Blue,府中,2017-08-28,58145.0
Blue,板橋,2017-08-28,81287.0
Blue,新埔,2017-08-28,78812.0
Blue,江子翠,2017-08-28,51731.0
Blue,龍山寺,2017-08-28,58006.0
Blue,西門,2017-08-28,89658.5
Blue,善導寺,2017-08-28,37893.0
Blue,忠孝新生,2017-08-28,37499.0
Blue,忠孝敦化,2017-08-28,79715.0
Blue,國父紀念館,2017-08-28,44825.0
Blue,市政府,2017-08-28,128834.0
Blue,永春,2017-08-28,35657.0
Blue,後山埤,2017-08-28,31399.0
Blue,昆陽,2017-08-28,28868.0
Blue,南港,2017-08-28,32624.0
Blue,忠孝復興,2017-08-28,61810.5
Blue,南港展覽館,2017-08-28,36480.0
Blue,台北車站,2017-08-29,146589.5
Blue,頂埔,2017-08-29,15365.0
Blue,永寧,2017-08-29,26257.0
Blue,土城,2017-08-29,13577.0
Blue,海山,2017-08-29,39935.0
Blue,亞東醫院,2017-08-29,40419.0
Blue,府中,2017-08-29,56495.0
Blue,板橋,2017-08-29,76392.0
Blue,新埔,2017-08-29,77797.0
Blue,江子翠,2017-08-29,51261.0
Blue,龍山寺,2017-08-29,54217.0
Blue,西門,2017-08-29,84420.5
Blue,善導寺,2017-08-29,39038.0
Blue,忠孝新生,2017-08-29,35743.5
Blue,忠孝敦化,2017-08-29,78465.0
Blue,國父紀念館,2017-08-29,44476.0
Blue,市政府,2017-08-29,122869.0
Blue,永春,2017-08-29,35314.0
Blue,後山埤,2017-08-29,31254.0
Blue,昆陽,2017-08-29,29004.0
Blue,南港,2017-08-29,31491.0
Blue,忠孝復興,2017-08-29,58714.5
Blue,南港展覽館,2017-08-29,35767.5
Blue,台北車站,2017-08-30,136572.0
Blue,頂埔,2017-08-30,15514.0
Blue,永寧,2017-08-30,25652.0
Blue,土城,2017-08-30,13953.0
Blue,海山,2017-08-30,42145.0
Blue,亞東醫院,2017-08-30,40402.0
Blue,府中,2017-08-30,56003.0
Blue,板橋,2017-08-30,74391.0
Blue,新埔,2017-08-30,78472.0
Blue,江子翠,2017-08-30,52362.0
Blue,龍山寺,2017-08-30,55554.0
Blue,西門,2017-08-30,78638.5
Blue,善導寺,2017-08-30,44344.0
Blue,忠孝新生,2017-08-30,35322.0
Blue,忠孝敦化,2017-08-30,77608.0
Blue,國父紀念館,2017-08-30,43755.0
Blue,市政府,2017-08-30,119635.0
Blue,永春,2017-08-30,40287.0
Blue,後山埤,2017-08-30,32615.0
Blue,昆陽,2017-08-30,29333.0
Blue,南港,2017-08-30,33067.0
Blue,忠孝復興,2017-08-30,58160.5
Blue,南港展覽館,2017-08-30,32510.5
Blue,台北車站,2017-08-31,139895.0
Blue,頂埔,2017-08-31,15371.0
Blue,永寧,2017-08-31,25587.0
Blue,土城,2017-08-31,13638.0
Blue,海山,2017-08-31,42461.0
Blue,亞東醫院,2017-08-31,40618.0
Blue,府中,2017-08-31,55967.0
Blue,板橋,2017-08-31,75182.0
Blue,新埔,2017-08-31,77620.0
Blue,江子翠,2017-08-31,52162.0
Blue,龍山寺,2017-08-31,55347.0
Blue,西門,2017-08-31,76776.5
Blue,善導寺,2017-08-31,45233.0
Blue,忠孝新生,2017-08-31,37749.0
Blue,忠孝敦化,2017-08-31,78901.0
Blue,國父紀念館,2017-08-31,44877.0
Blue,市政府,2017-08-31,130043.0
Blue,永春,2017-08-31,40565.0
Blue,後山埤,2017-08-31,33273.0
Blue,昆陽,2017-08-31,29441.0
Blue,南港,2017-08-31,33617.0
Blue,忠孝復興,2017-08-31,61079.5
Blue,南港展覽館,2017-08-31,32688.0
Blue,台北車站,2017-09-01,163303.0
Blue,頂埔,2017-09-01,16527.0
Blue,永寧,2017-09-01,27343.0
Blue,土城,2017-09-01,14813.0
Blue,海山,2017-09-01,44108.0
Blue,亞東醫院,2017-09-01,41259.0
Blue,府中,2017-09-01,58243.0
Blue,板橋,2017-09-01,83665.0
Blue,新埔,2017-09-01,80463.0
Blue,江子翠,2017-09-01,53960.0
Blue,龍山寺,2017-09-01,55236.0
Blue,西門,2017-09-01,82619.5
Blue,善導寺,2017-09-01,46151.0
Blue,忠孝新生,2017-09-01,38611.5
Blue,忠孝敦化,2017-09-01,84006.0
Blue,國父紀念館,2017-09-01,48345.0
Blue,市政府,2017-09-01,134905.0
Blue,永春,2017-09-01,43300.0
Blue,後山埤,2017-09-01,34315.0
Blue,昆陽,2017-09-01,30744.0
Blue,南港,2017-09-01,36713.0
Blue,忠孝復興,2017-09-01,64972.5
Blue,南港展覽館,2017-09-01,32486.5
Blue,台北車站,2017-09-02,158792.5
Blue,頂埔,2017-09-02,11269.0
Blue,永寧,2017-09-02,22173.0
Blue,土城,2017-09-02,12720.0
Blue,海山,2017-09-02,32686.0
Blue,亞東醫院,2017-09-02,28423.0
Blue,府中,2017-09-02,52028.0
Blue,板橋,2017-09-02,73658.0
Blue,新埔,2017-09-02,61774.0
Blue,江子翠,2017-09-02,40662.0
Blue,龍山寺,2017-09-02,51863.0
Blue,西門,2017-09-02,90534.5
Blue,善導寺,2017-09-02,31502.0
Blue,忠孝新生,2017-09-02,39152.0
Blue,忠孝敦化,2017-09-02,74612.0
Blue,國父紀念館,2017-09-02,40888.0
Blue,市政府,2017-09-02,109771.0
Blue,永春,2017-09-02,30924.0
Blue,後山埤,2017-09-02,27683.0
Blue,昆陽,2017-09-02,18440.0
Blue,南港,2017-09-02,26691.0
Blue,忠孝復興,2017-09-02,64331.5
Blue,南港展覽館,2017-09-02,22068.0
Blue,台北車站,2017-09-03,147984.5
Blue,頂埔,2017-09-03,10397.0
Blue,永寧,2017-09-03,19060.0
Blue,土城,2017-09-03,10831.0
Blue,海山,2017-09-03,27825.0
Blue,亞東醫院,2017-09-03,22527.0
Blue,府中,2017-09-03,41893.0
Blue,板橋,2017-09-03,66529.0
Blue,新埔,2017-09-03,50775.0
Blue,江子翠,2017-09-03,32678.0
Blue,龍山寺,2017-09-03,42506.0
Blue,西門,2017-09-03,76611.0
Blue,善導寺,2017-09-03,27562.0
Blue,忠孝新生,2017-09-03,32378.5
Blue,忠孝敦化,2017-09-03,56708.0
Blue,國父紀念館,2017-09-03,31168.0
Blue,市政府,2017-09-03,93437.0
Blue,永春,2017-09-03,25175.0
Blue,後山埤,2017-09-03,22762.0
Blue,昆陽,2017-09-03,15104.0
Blue,南港,2017-09-03,23865.0
Blue,忠孝復興,2017-09-03,50497.0
Blue,南港展覽館,2017-09-03,17298.5
Blue,台北車站,2017-09-04,135698.0
Blue,頂埔,2017-09-04,15214.0
Blue,永寧,2017-09-04,25703.0
Blue,土城,2017-09-04,13864.0
Blue,海山,2017-09-04,41271.0
Blue,亞東醫院,2017-09-04,40349.0
Blue,府中,2017-09-04,53008.0
Blue,板橋,2017-09-04,74476.0
Blue,新埔,2017-09-04,75950.0
Blue,江子翠,2017-09-04,50203.0
Blue,龍山寺,2017-09-04,55185.0
Blue,西門,2017-09-04,74113.5
Blue,善導寺,2017-09-04,41345.0
Blue,忠孝新生,2017-09-04,34432.0
Blue,忠孝敦化,2017-09-04,72205.0
Blue,國父紀念館,2017-09-04,41385.0
Blue,市政府,2017-09-04,116356.0
Blue,永春,2017-09-04,38993.0
Blue,後山埤,2017-09-04,32221.0
Blue,昆陽,2017-09-04,28652.0
Blue,南港,2017-09-04,32536.0
Blue,忠孝復興,2017-09-04,53065.0
Blue,南港展覽館,2017-09-04,32029.0
Blue,台北車站,2017-09-05,127088.5
Blue,頂埔,2017-09-05,15104.0
Blue,永寧,2017-09-05,24368.0
Blue,土城,2017-09-05,13301.0
Blue,海山,2017-09-05,40688.0
Blue,亞東醫院,2017-09-05,39888.0
Blue,府中,2017-09-05,53279.0
Blue,板橋,2017-09-05,72332.0
Blue,新埔,2017-09-05,75644.0
Blue,江子翠,2017-09-05,49936.0
Blue,龍山寺,2017-09-05,54852.0
Blue,西門,2017-09-05,71680.0
Blue,善導寺,2017-09-05,44203.0
Blue,忠孝新生,2017-09-05,34458.0
Blue,忠孝敦化,2017-09-05,72934.0
Blue,國父紀念館,2017-09-05,41300.0
Blue,市政府,2017-09-05,112204.0
Blue,永春,2017-09-05,39087.0
Blue,後山埤,2017-09-05,31873.0
Blue,昆陽,2017-09-05,28195.0
Blue,南港,2017-09-05,32071.0
Blue,忠孝復興,2017-09-05,53071.5
Blue,南港展覽館,2017-09-05,32987.0
Blue,台北車站,2017-09-06,139336.0
Blue,頂埔,2017-09-06,15909.0
Blue,永寧,2017-09-06,26780.0
Blue,土城,2017-09-06,14260.0
Blue,海山,2017-09-06,42201.0
Blue,亞東醫院,2017-09-06,42314.0
Blue,府中,2017-09-06,56871.0
Blue,板橋,2017-09-06,77994.0
Blue,新埔,2017-09-06,79856.0
Blue,江子翠,2017-09-06,52421.0
Blue,龍山寺,2017-09-06,56282.0
Blue,西門,2017-09-06,76871.0
Blue,善導寺,2017-09-06,44452.0
Blue,忠孝新生,2017-09-06,36959.0
Blue,忠孝敦化,2017-09-06,76713.0
Blue,國父紀念館,2017-09-06,44070.0
Blue,市政府,2017-09-06,119527.0
Blue,永春,2017-09-06,39867.0
Blue,後山埤,2017-09-06,33238.0
Blue,昆陽,2017-09-06,29477.0
Blue,南港,2017-09-06,36351.0
Blue,忠孝復興,2017-09-06,56643.5
Blue,南港展覽館,2017-09-06,43328.0
Blue,台北車站,2017-09-07,141376.0
Blue,頂埔,2017-09-07,15572.0
Blue,永寧,2017-09-07,26729.0
Blue,土城,2017-09-07,13768.0
Blue,海山,2017-09-07,42691.0
Blue,亞東醫院,2017-09-07,42602.0
Blue,府中,2017-09-07,56810.0
Blue,板橋,2017-09-07,76688.0
Blue,新埔,2017-09-07,78309.0
Blue,江子翠,2017-09-07,52675.0
Blue,龍山寺,2017-09-07,55891.0
Blue,西門,2017-09-07,77762.0
Blue,善導寺,2017-09-07,43175.0
Blue,忠孝新生,2017-09-07,36561.5
Blue,忠孝敦化,2017-09-07,78127.0
Blue,國父紀念館,2017-09-07,45227.0
Blue,市政府,2017-09-07,123580.0
Blue,永春,2017-09-07,40663.0
Blue,後山埤,2017-09-07,33455.0
Blue,昆陽,2017-09-07,29730.0
Blue,南港,2017-09-07,38145.0
Blue,忠孝復興,2017-09-07,59241.5
Blue,南港展覽館,2017-09-07,46528.5
Blue,台北車站,2017-09-08,167347.5
Blue,頂埔,2017-09-08,16629.0
Blue,永寧,2017-09-08,28206.0
Blue,土城,2017-09-08,14799.0
Blue,海山,2017-09-08,44527.0
Blue,亞東醫院,2017-09-08,41894.0
Blue,府中,2017-09-08,59795.0
Blue,板橋,2017-09-08,85020.0
Blue,新埔,2017-09-08,82049.0
Blue,江子翠,2017-09-08,53925.0
Blue,龍山寺,2017-09-08,56796.0
Blue,西門,2017-09-08,86322.0
Blue,善導寺,2017-09-08,45669.0
Blue,忠孝新生,2017-09-08,39340.0
Blue,忠孝敦化,2017-09-08,84407.0
Blue,國父紀念館,2017-09-08,48735.0
Blue,市政府,2017-09-08,133660.0
Blue,永春,2017-09-08,42188.0
Blue,後山埤,2017-09-08,34797.0
Blue,昆陽,2017-09-08,31236.0
Blue,南港,2017-09-08,44844.0
Blue,忠孝復興,2017-09-08,64969.0
Blue,南港展覽館,2017-09-08,52176.5
Blue,台北車站,2017-09-09,171379.5
Blue,頂埔,2017-09-09,12526.0
Blue,永寧,2017-09-09,25402.0
Blue,土城,2017-09-09,12909.0
Blue,海山,2017-09-09,35431.0
Blue,亞東醫院,2017-09-09,30701.0
Blue,府中,2017-09-09,57545.0
Blue,板橋,2017-09-09,77881.0
Blue,新埔,2017-09-09,66349.0
Blue,江子翠,2017-09-09,42987.0
Blue,龍山寺,2017-09-09,55094.0
Blue,西門,2017-09-09,101668.0
Blue,善導寺,2017-09-09,29319.0
Blue,忠孝新生,2017-09-09,41001.5
Blue,忠孝敦化,2017-09-09,80149.0
Blue,國父紀念館,2017-09-09,41673.0
Blue,市政府,2017-09-09,115468.0
Blue,永春,2017-09-09,31396.0
Blue,後山埤,2017-09-09,29649.0
Blue,昆陽,2017-09-09,19120.0
Blue,南港,2017-09-09,31528.0
Blue,忠孝復興,2017-09-09,66308.0
Blue,南港展覽館,2017-09-09,39902.0
Blue,台北車站,2017-09-10,161990.5
Blue,頂埔,2017-09-10,12099.0
Blue,永寧,2017-09-10,22881.0
Blue,土城,2017-09-10,10378.0
Blue,海山,2017-09-10,29536.0
Blue,亞東醫院,2017-09-10,24146.0
Blue,府中,2017-09-10,46613.0
Blue,板橋,2017-09-10,70845.0
Blue,新埔,2017-09-10,56300.0
Blue,江子翠,2017-09-10,35494.0
Blue,龍山寺,2017-09-10,47423.0
Blue,西門,2017-09-10,87519.5
Blue,善導寺,2017-09-10,24548.0
Blue,忠孝新生,2017-09-10,33734.5
Blue,忠孝敦化,2017-09-10,59757.0
Blue,國父紀念館,2017-09-10,34164.0
Blue,市政府,2017-09-10,95434.0
Blue,永春,2017-09-10,25213.0
Blue,後山埤,2017-09-10,24427.0
Blue,昆陽,2017-09-10,15656.0
Blue,南港,2017-09-10,25103.0
Blue,忠孝復興,2017-09-10,52144.5
Blue,南港展覽館,2017-09-10,19513.0
Blue,台北車站,2017-09-11,137788.5
Blue,頂埔,2017-09-11,15357.0
Blue,永寧,2017-09-11,26888.0
Blue,土城,2017-09-11,13884.0
Blue,海山,2017-09-11,42595.0
Blue,亞東醫院,2017-09-11,43344.0
Blue,府中,2017-09-11,55008.0
Blue,板橋,2017-09-11,75050.0
Blue,新埔,2017-09-11,80516.0
Blue,江子翠,2017-09-11,51437.0
Blue,龍山寺,2017-09-11,54625.0
Blue,西門,2017-09-11,75657.5
Blue,善導寺,2017-09-11,40559.0
Blue,忠孝新生,2017-09-11,36545.0
Blue,忠孝敦化,2017-09-11,72524.0
Blue,國父紀念館,2017-09-11,40790.0
Blue,市政府,2017-09-11,117708.0
Blue,永春,2017-09-11,39072.0
Blue,後山埤,2017-09-11,32178.0
Blue,昆陽,2017-09-11,28673.0
Blue,南港,2017-09-11,32222.0
Blue,忠孝復興,2017-09-11,54512.0
Blue,南港展覽館,2017-09-11,32425.5
Blue,台北車站,2017-09-12,133849.5
Blue,頂埔,2017-09-12,15659.0
Blue,永寧,2017-09-12,26935.0
Blue,土城,2017-09-12,14005.0
Blue,海山,2017-09-12,43579.0
Blue,亞東醫院,2017-09-12,44086.0
Blue,府中,2017-09-12,56978.0
Blue,板橋,2017-09-12,75020.0
Blue,新埔,2017-09-12,82595.0
Blue,江子翠,2017-09-12,51957.0
Blue,龍山寺,2017-09-12,54936.0
Blue,西門,2017-09-12,74403.0
Blue,善導寺,2017-09-12,42915.0
Blue,忠孝新生,2017-09-12,37180.0
Blue,忠孝敦化,2017-09-12,73211.0
Blue,國父紀念館,2017-09-12,42661.0
Blue,市政府,2017-09-12,117894.0
Blue,永春,2017-09-12,40813.0
Blue,後山埤,2017-09-12,33039.0
Blue,昆陽,2017-09-12,29452.0
Blue,南港,2017-09-12,33294.0
Blue,忠孝復興,2017-09-12,56719.0
Blue,南港展覽館,2017-09-12,34106.0
Blue,台北車站,2017-09-13,119168.0
Blue,頂埔,2017-09-13,15110.0
Blue,永寧,2017-09-13,23976.0
Blue,土城,2017-09-13,13189.0
Blue,海山,2017-09-13,41699.0
Blue,亞東醫院,2017-09-13,42396.0
Blue,府中,2017-09-13,53199.0
Blue,板橋,2017-09-13,70259.0
Blue,新埔,2017-09-13,79445.0
Blue,江子翠,2017-09-13,50398.0
Blue,龍山寺,2017-09-13,51667.0
Blue,西門,2017-09-13,68074.0
Blue,善導寺,2017-09-13,41505.0
Blue,忠孝新生,2017-09-13,35033.0
Blue,忠孝敦化,2017-09-13,69139.0
Blue,國父紀念館,2017-09-13,39859.0
Blue,市政府,2017-09-13,111052.0
Blue,永春,2017-09-13,39215.0
Blue,後山埤,2017-09-13,31548.0
Blue,昆陽,2017-09-13,28539.0
Blue,南港,2017-09-13,37441.0
Blue,忠孝復興,2017-09-13,50525.5
Blue,南港展覽館,2017-09-13,42317.0
Blue,台北車站,2017-09-14,122022.5
Blue,頂埔,2017-09-14,15066.0
Blue,永寧,2017-09-14,24608.0
Blue,土城,2017-09-14,13111.0
Blue,海山,2017-09-14,41447.0
Blue,亞東醫院,2017-09-14,42185.0
Blue,府中,2017-09-14,54239.0
Blue,板橋,2017-09-14,71556.0
Blue,新埔,2017-09-14,80024.0
Blue,江子翠,2017-09-14,50220.0
Blue,龍山寺,2017-09-14,52973.0
Blue,西門,2017-09-14,70359.0
Blue,善導寺,2017-09-14,43939.0
Blue,忠孝新生,2017-09-14,36505.0
Blue,忠孝敦化,2017-09-14,71739.0
Blue,國父紀念館,2017-09-14,40896.0
Blue,市政府,2017-09-14,114997.0
Blue,永春,2017-09-14,38979.0
Blue,後山埤,2017-09-14,31989.0
Blue,昆陽,2017-09-14,28652.0
Blue,南港,2017-09-14,37266.0
Blue,忠孝復興,2017-09-14,53094.5
Blue,南港展覽館,2017-09-14,43796.0
Blue,台北車站,2017-09-15,161267.0
Blue,頂埔,2017-09-15,16441.0
Blue,永寧,2017-09-15,29484.0
Blue,土城,2017-09-15,14719.0
Blue,海山,2017-09-15,45703.0
Blue,亞東醫院,2017-09-15,45036.0
Blue,府中,2017-09-15,60801.0
Blue,板橋,2017-09-15,84091.0
Blue,新埔,2017-09-15,86248.0
Blue,江子翠,2017-09-15,54693.0
Blue,龍山寺,2017-09-15,57844.0
Blue,西門,2017-09-15,85686.0
Blue,善導寺,2017-09-15,46896.0
Blue,忠孝新生,2017-09-15,42300.5
Blue,忠孝敦化,2017-09-15,83888.0
Blue,國父紀念館,2017-09-15,47072.0
Blue,市政府,2017-09-15,135111.0
Blue,永春,2017-09-15,42191.0
Blue,後山埤,2017-09-15,35137.0
Blue,昆陽,2017-09-15,31751.0
Blue,南港,2017-09-15,42844.0
Blue,忠孝復興,2017-09-15,63985.5
Blue,南港展覽館,2017-09-15,46274.0
Blue,台北車站,2017-09-16,172063.5
Blue,頂埔,2017-09-16,13068.0
Blue,永寧,2017-09-16,26315.0
Blue,土城,2017-09-16,12371.0
Blue,海山,2017-09-16,37475.0
Blue,亞東醫院,2017-09-16,31148.0
Blue,府中,2017-09-16,60063.0
Blue,板橋,2017-09-16,78830.0
Blue,新埔,2017-09-16,69084.0
Blue,江子翠,2017-09-16,44743.0
Blue,龍山寺,2017-09-16,56621.0
Blue,西門,2017-09-16,105705.5
Blue,善導寺,2017-09-16,34285.0
Blue,忠孝新生,2017-09-16,46013.5
Blue,忠孝敦化,2017-09-16,79072.0
Blue,國父紀念館,2017-09-16,39707.0
Blue,市政府,2017-09-16,116039.0
Blue,永春,2017-09-16,33196.0
Blue,後山埤,2017-09-16,30102.0
Blue,昆陽,2017-09-16,19832.0
Blue,南港,2017-09-16,28309.0
Blue,忠孝復興,2017-09-16,68706.5
Blue,南港展覽館,2017-09-16,24156.0
Blue,台北車站,2017-09-17,163546.5
Blue,頂埔,2017-09-17,12007.0
Blue,永寧,2017-09-17,23536.0
Blue,土城,2017-09-17,10850.0
Blue,海山,2017-09-17,30361.0
Blue,亞東醫院,2017-09-17,24902.0
Blue,府中,2017-09-17,47403.0
Blue,板橋,2017-09-17,74895.0
Blue,新埔,2017-09-17,57155.0
Blue,江子翠,2017-09-17,36948.0
Blue,龍山寺,2017-09-17,50680.0
Blue,西門,2017-09-17,89765.5
Blue,善導寺,2017-09-17,26470.0
Blue,忠孝新生,2017-09-17,38831.5
Blue,忠孝敦化,2017-09-17,60546.0
Blue,國父紀念館,2017-09-17,32532.0
Blue,市政府,2017-09-17,97721.0
Blue,永春,2017-09-17,25507.0
Blue,後山埤,2017-09-17,24561.0
Blue,昆陽,2017-09-17,16135.0
Blue,南港,2017-09-17,27192.0
Blue,忠孝復興,2017-09-17,54119.0
Blue,南港展覽館,2017-09-17,26145.5
Blue,台北車站,2017-09-18,131569.0
Blue,頂埔,2017-09-18,15628.0
Blue,永寧,2017-09-18,27722.0
Blue,土城,2017-09-18,13757.0
Blue,海山,2017-09-18,42883.0
Blue,亞東醫院,2017-09-18,43474.0
Blue,府中,2017-09-18,55048.0
Blue,板橋,2017-09-18,73488.0
Blue,新埔,2017-09-18,80521.0
Blue,江子翠,2017-09-18,51281.0
Blue,龍山寺,2017-09-18,54976.0
Blue,西門,2017-09-18,71403.0
Blue,善導寺,2017-09-18,44359.0
Blue,忠孝新生,2017-09-18,34744.5
Blue,忠孝敦化,2017-09-18,67951.0
Blue,國父紀念館,2017-09-18,39897.0
Blue,市政府,2017-09-18,113119.0
Blue,永春,2017-09-18,38210.0
Blue,後山埤,2017-09-18,31826.0
Blue,昆陽,2017-09-18,28601.0
Blue,南港,2017-09-18,31325.0
Blue,忠孝復興,2017-09-18,51780.5
Blue,南港展覽館,2017-09-18,31840.5
Blue,台北車站,2017-09-19,126445.5
Blue,頂埔,2017-09-19,15750.0
Blue,永寧,2017-09-19,31243.0
Blue,土城,2017-09-19,13869.0
Blue,海山,2017-09-19,43131.0
Blue,亞東醫院,2017-09-19,44095.0
Blue,府中,2017-09-19,56009.0
Blue,板橋,2017-09-19,74317.0
Blue,新埔,2017-09-19,82440.0
Blue,江子翠,2017-09-19,52063.0
Blue,龍山寺,2017-09-19,55638.0
Blue,西門,2017-09-19,70634.5
Blue,善導寺,2017-09-19,46992.0
Blue,忠孝新生,2017-09-19,35445.5
Blue,忠孝敦化,2017-09-19,70467.0
Blue,國父紀念館,2017-09-19,41656.0
Blue,市政府,2017-09-19,113895.0
Blue,永春,2017-09-19,39448.0
Blue,後山埤,2017-09-19,32244.0
Blue,昆陽,2017-09-19,29228.0
Blue,南港,2017-09-19,31952.0
Blue,忠孝復興,2017-09-19,52561.5
Blue,南港展覽館,2017-09-19,32555.5
Blue,台北車站,2017-09-20,130594.5
Blue,頂埔,2017-09-20,15858.0
Blue,永寧,2017-09-20,24828.0
Blue,土城,2017-09-20,14133.0
Blue,海山,2017-09-20,44639.0
Blue,亞東醫院,2017-09-20,44554.0
Blue,府中,2017-09-20,57567.0
Blue,板橋,2017-09-20,76642.0
Blue,新埔,2017-09-20,82961.0
Blue,江子翠,2017-09-20,53468.0
Blue,龍山寺,2017-09-20,59582.0
Blue,西門,2017-09-20,74371.0
Blue,善導寺,2017-09-20,49201.0
Blue,忠孝新生,2017-09-20,36116.5
Blue,忠孝敦化,2017-09-20,72643.0
Blue,國父紀念館,2017-09-20,42551.0
Blue,市政府,2017-09-20,116614.0
Blue,永春,2017-09-20,40408.0
Blue,後山埤,2017-09-20,33055.0
Blue,昆陽,2017-09-20,29447.0
Blue,南港,2017-09-20,34362.0
Blue,忠孝復興,2017-09-20,54394.5
Blue,南港展覽館,2017-09-20,37091.0
Blue,台北車站,2017-09-21,130692.5
Blue,頂埔,2017-09-21,15818.0
Blue,永寧,2017-09-21,24396.0
Blue,土城,2017-09-21,13872.0
Blue,海山,2017-09-21,43952.0
Blue,亞東醫院,2017-09-21,43814.0
Blue,府中,2017-09-21,57264.0
Blue,板橋,2017-09-21,76007.0
Blue,新埔,2017-09-21,82372.0
Blue,江子翠,2017-09-21,52691.0
Blue,龍山寺,2017-09-21,55973.0
Blue,西門,2017-09-21,74136.0
Blue,善導寺,2017-09-21,47673.0
Blue,忠孝新生,2017-09-21,37345.5
Blue,忠孝敦化,2017-09-21,73145.0
Blue,國父紀念館,2017-09-21,41623.0
Blue,市政府,2017-09-21,120352.0
Blue,永春,2017-09-21,39895.0
Blue,後山埤,2017-09-21,32207.0
Blue,昆陽,2017-09-21,29499.0
Blue,南港,2017-09-21,35058.0
Blue,忠孝復興,2017-09-21,54401.0
Blue,南港展覽館,2017-09-21,38762.5
Blue,台北車站,2017-09-22,165588.5
Blue,頂埔,2017-09-22,17209.0
Blue,永寧,2017-09-22,27109.0
Blue,土城,2017-09-22,15000.0
Blue,海山,2017-09-22,46482.0
Blue,亞東醫院,2017-09-22,45474.0
Blue,府中,2017-09-22,60872.0
Blue,板橋,2017-09-22,86710.0
Blue,新埔,2017-09-22,86403.0
Blue,江子翠,2017-09-22,54812.0
Blue,龍山寺,2017-09-22,59658.0
Blue,西門,2017-09-22,86849.5
Blue,善導寺,2017-09-22,50325.0
Blue,忠孝新生,2017-09-22,41277.5
Blue,忠孝敦化,2017-09-22,82425.0
Blue,國父紀念館,2017-09-22,47208.0
Blue,市政府,2017-09-22,136235.0
Blue,永春,2017-09-22,42503.0
Blue,後山埤,2017-09-22,35281.0
Blue,昆陽,2017-09-22,31658.0
Blue,南港,2017-09-22,40346.0
Blue,忠孝復興,2017-09-22,62995.5
Blue,南港展覽館,2017-09-22,42761.5
Blue,台北車站,2017-09-23,172846.5
Blue,頂埔,2017-09-23,13097.0
Blue,永寧,2017-09-23,22864.0
Blue,土城,2017-09-23,13224.0
Blue,海山,2017-09-23,36455.0
Blue,亞東醫院,2017-09-23,31881.0
Blue,府中,2017-09-23,63285.0
Blue,板橋,2017-09-23,82725.0
Blue,新埔,2017-09-23,68743.0
Blue,江子翠,2017-09-23,44829.0
Blue,龍山寺,2017-09-23,58750.0
Blue,西門,2017-09-23,105891.5
Blue,善導寺,2017-09-23,35277.0
Blue,忠孝新生,2017-09-23,41230.5
Blue,忠孝敦化,2017-09-23,75795.0
Blue,國父紀念館,2017-09-23,44969.0
Blue,市政府,2017-09-23,115935.0
Blue,永春,2017-09-23,31583.0
Blue,後山埤,2017-09-23,30324.0
Blue,昆陽,2017-09-23,20004.0
Blue,南港,2017-09-23,30841.0
Blue,忠孝復興,2017-09-23,66132.5
Blue,南港展覽館,2017-09-23,33278.0
Blue,台北車站,2017-09-24,162209.0
Blue,頂埔,2017-09-24,11955.0
Blue,永寧,2017-09-24,20305.0
Blue,土城,2017-09-24,10543.0
Blue,海山,2017-09-24,30899.0
Blue,亞東醫院,2017-09-24,25114.0
Blue,府中,2017-09-24,52268.0
Blue,板橋,2017-09-24,74250.0
Blue,新埔,2017-09-24,55992.0
Blue,江子翠,2017-09-24,36340.0
Blue,龍山寺,2017-09-24,50695.0
Blue,西門,2017-09-24,88527.5
Blue,善導寺,2017-09-24,28198.0
Blue,忠孝新生,2017-09-24,31402.0
Blue,忠孝敦化,2017-09-24,57570.0
Blue,國父紀念館,2017-09-24,31205.0
Blue,市政府,2017-09-24,99077.0
Blue,永春,2017-09-24,26081.0
Blue,後山埤,2017-09-24,24478.0
Blue,昆陽,2017-09-24,16230.0
Blue,南港,2017-09-24,27868.0
Blue,忠孝復興,2017-09-24,52334.5
Blue,南港展覽館,2017-09-24,29235.0
Blue,台北車站,2017-09-25,133077.0
Blue,頂埔,2017-09-25,15541.0
Blue,永寧,2017-09-25,24134.0
Blue,土城,2017-09-25,14022.0
Blue,海山,2017-09-25,43383.0
Blue,亞東醫院,2017-09-25,43435.0
Blue,府中,2017-09-25,55870.0
Blue,板橋,2017-09-25,74549.0
Blue,新埔,2017-09-25,80129.0
Blue,江子翠,2017-09-25,50489.0
Blue,龍山寺,2017-09-25,54623.0
Blue,西門,2017-09-25,71174.0
Blue,善導寺,2017-09-25,45195.0
Blue,忠孝新生,2017-09-25,34577.0
Blue,忠孝敦化,2017-09-25,66812.0
Blue,國父紀念館,2017-09-25,39657.0
Blue,市政府,2017-09-25,115644.0
Blue,永春,2017-09-25,38332.0
Blue,後山埤,2017-09-25,31980.0
Blue,昆陽,2017-09-25,29123.0
Blue,南港,2017-09-25,31972.0
Blue,忠孝復興,2017-09-25,51302.5
Blue,南港展覽館,2017-09-25,34207.0
Blue,台北車站,2017-09-26,128556.0
Blue,頂埔,2017-09-26,15585.0
Blue,永寧,2017-09-26,24266.0
Blue,土城,2017-09-26,13816.0
Blue,海山,2017-09-26,43932.0
Blue,亞東醫院,2017-09-26,44049.0
Blue,府中,2017-09-26,56951.0
Blue,板橋,2017-09-26,74022.0
Blue,新埔,2017-09-26,81560.0
Blue,江子翠,2017-09-26,51546.0
Blue,龍山寺,2017-09-26,54589.0
Blue,西門,2017-09-26,71431.5
Blue,善導寺,2017-09-26,47634.0
Blue,忠孝新生,2017-09-26,34952.5
Blue,忠孝敦化,2017-09-26,69598.0
Blue,國父紀念館,2017-09-26,41372.0
Blue,市政府,2017-09-26,116445.0
Blue,永春,2017-09-26,39904.0
Blue,後山埤,2017-09-26,32258.0
Blue,昆陽,2017-09-26,29054.0
Blue,南港,2017-09-26,32002.0
Blue,忠孝復興,2017-09-26,53792.0
Blue,南港展覽館,2017-09-26,31802.0
Blue,台北車站,2017-09-27,130827.5
Blue,頂埔,2017-09-27,15832.0
Blue,永寧,2017-09-27,24196.0
Blue,土城,2017-09-27,14263.0
Blue,海山,2017-09-27,44168.0
Blue,亞東醫院,2017-09-27,44499.0
Blue,府中,2017-09-27,57440.0
Blue,板橋,2017-09-27,75676.0
Blue,新埔,2017-09-27,82675.0
Blue,江子翠,2017-09-27,52772.0
Blue,龍山寺,2017-09-27,56084.0
Blue,西門,2017-09-27,73992.5
Blue,善導寺,2017-09-27,49252.0
Blue,忠孝新生,2017-09-27,35638.5
Blue,忠孝敦化,2017-09-27,72341.0
Blue,國父紀念館,2017-09-27,42826.0
Blue,市政府,2017-09-27,118973.0
Blue,永春,2017-09-27,40215.0
Blue,後山埤,2017-09-27,33425.0
Blue,昆陽,2017-09-27,29759.0
Blue,南港,2017-09-27,32321.0
Blue,忠孝復興,2017-09-27,55234.0
Blue,南港展覽館,2017-09-27,32873.0
Blue,台北車站,2017-09-28,134775.5
Blue,頂埔,2017-09-28,15799.0
Blue,永寧,2017-09-28,24270.0
Blue,土城,2017-09-28,13853.0
Blue,海山,2017-09-28,43664.0
Blue,亞東醫院,2017-09-28,44585.0
Blue,府中,2017-09-28,57828.0
Blue,板橋,2017-09-28,75739.0
Blue,新埔,2017-09-28,82130.0
Blue,江子翠,2017-09-28,52437.0
Blue,龍山寺,2017-09-28,55871.0
Blue,西門,2017-09-28,72976.0
Blue,善導寺,2017-09-28,49000.0
Blue,忠孝新生,2017-09-28,36978.5
Blue,忠孝敦化,2017-09-28,73784.0
Blue,國父紀念館,2017-09-28,43277.0
Blue,市政府,2017-09-28,123641.0
Blue,永春,2017-09-28,40251.0
Blue,後山埤,2017-09-28,32703.0
Blue,昆陽,2017-09-28,30053.0
Blue,南港,2017-09-28,33671.0
Blue,忠孝復興,2017-09-28,55901.0
Blue,南港展覽館,2017-09-28,35507.0
Blue,台北車站,2017-09-29,152930.5
Blue,頂埔,2017-09-29,16655.0
Blue,永寧,2017-09-29,25719.0
Blue,土城,2017-09-29,14605.0
Blue,海山,2017-09-29,44921.0
Blue,亞東醫院,2017-09-29,44998.0
Blue,府中,2017-09-29,60635.0
Blue,板橋,2017-09-29,81409.0
Blue,新埔,2017-09-29,84796.0
Blue,江子翠,2017-09-29,53649.0
Blue,龍山寺,2017-09-29,57934.0
Blue,西門,2017-09-29,82028.0
Blue,善導寺,2017-09-29,50577.0
Blue,忠孝新生,2017-09-29,41431.5
Blue,忠孝敦化,2017-09-29,80827.0
Blue,國父紀念館,2017-09-29,47666.0
Blue,市政府,2017-09-29,133688.0
Blue,永春,2017-09-29,42572.0
Blue,後山埤,2017-09-29,34413.0
Blue,昆陽,2017-09-29,30861.0
Blue,南港,2017-09-29,36358.0
Blue,忠孝復興,2017-09-29,62127.0
Blue,南港展覽館,2017-09-29,36718.5
Blue,台北車站,2017-09-30,156406.0
Blue,頂埔,2017-09-30,15993.0
Blue,永寧,2017-09-30,24778.0
Blue,土城,2017-09-30,14047.0
Blue,海山,2017-09-30,42775.0
Blue,亞東醫院,2017-09-30,37073.0
Blue,府中,2017-09-30,64752.0
Blue,板橋,2017-09-30,85127.0
Blue,新埔,2017-09-30,77891.0
Blue,江子翠,2017-09-30,50967.0
Blue,龍山寺,2017-09-30,58914.0
Blue,西門,2017-09-30,91947.5
Blue,善導寺,2017-09-30,42236.0
Blue,忠孝新生,2017-09-30,37392.5
Blue,忠孝敦化,2017-09-30,80870.0
Blue,國父紀念館,2017-09-30,50099.0
Blue,市政府,2017-09-30,136884.0
Blue,永春,2017-09-30,40850.0
Blue,後山埤,2017-09-30,32241.0
Blue,昆陽,2017-09-30,27611.0
Blue,南港,2017-09-30,34954.0
Blue,忠孝復興,2017-09-30,65811.5
Blue,南港展覽館,2017-09-30,31728.5
Blue,台北車站,2017-10-01,158486.0
Blue,頂埔,2017-10-01,11757.0
Blue,永寧,2017-10-01,19472.0
Blue,土城,2017-10-01,11123.0
Blue,海山,2017-10-01,31010.0
Blue,亞東醫院,2017-10-01,25280.0
Blue,府中,2017-10-01,57888.0
Blue,板橋,2017-10-01,69442.0
Blue,新埔,2017-10-01,56607.0
Blue,江子翠,2017-10-01,36826.0
Blue,龍山寺,2017-10-01,51646.0
Blue,西門,2017-10-01,88200.0
Blue,善導寺,2017-10-01,28379.0
Blue,忠孝新生,2017-10-01,32349.0
Blue,忠孝敦化,2017-10-01,59370.0
Blue,國父紀念館,2017-10-01,34194.0
Blue,市政府,2017-10-01,99678.0
Blue,永春,2017-10-01,27636.0
Blue,後山埤,2017-10-01,24267.0
Blue,昆陽,2017-10-01,17045.0
Blue,南港,2017-10-01,26363.0
Blue,忠孝復興,2017-10-01,54327.5
Blue,南港展覽館,2017-10-01,30403.0
Blue,台北車站,2017-10-02,135785.0
Blue,頂埔,2017-10-02,15833.0
Blue,永寧,2017-10-02,23892.0
Blue,土城,2017-10-02,14160.0
Blue,海山,2017-10-02,43358.0
Blue,亞東醫院,2017-10-02,43197.0
Blue,府中,2017-10-02,55391.0
Blue,板橋,2017-10-02,73069.0
Blue,新埔,2017-10-02,79891.0
Blue,江子翠,2017-10-02,51024.0
Blue,龍山寺,2017-10-02,57011.0
Blue,西門,2017-10-02,75743.5
Blue,善導寺,2017-10-02,46321.0
Blue,忠孝新生,2017-10-02,35693.5
Blue,忠孝敦化,2017-10-02,69636.0
Blue,國父紀念館,2017-10-02,42494.0
Blue,市政府,2017-10-02,117086.0
Blue,永春,2017-10-02,38832.0
Blue,後山埤,2017-10-02,32099.0
Blue,昆陽,2017-10-02,29011.0
Blue,南港,2017-10-02,31687.0
Blue,忠孝復興,2017-10-02,54836.5
Blue,南港展覽館,2017-10-02,31402.0
Blue,台北車站,2017-10-03,141322.0
Blue,頂埔,2017-10-03,17064.0
Blue,永寧,2017-10-03,25769.0
Blue,土城,2017-10-03,14416.0
Blue,海山,2017-10-03,45723.0
Blue,亞東醫院,2017-10-03,45713.0
Blue,府中,2017-10-03,59883.0
Blue,板橋,2017-10-03,79010.0
Blue,新埔,2017-10-03,84935.0
Blue,江子翠,2017-10-03,53418.0
Blue,龍山寺,2017-10-03,58362.0
Blue,西門,2017-10-03,83623.5
Blue,善導寺,2017-10-03,49175.0
Blue,忠孝新生,2017-10-03,37257.0
Blue,忠孝敦化,2017-10-03,76621.0
Blue,國父紀念館,2017-10-03,46014.0
Blue,市政府,2017-10-03,125330.0
Blue,永春,2017-10-03,42566.0
Blue,後山埤,2017-10-03,34178.0
Blue,昆陽,2017-10-03,30680.0
Blue,南港,2017-10-03,35020.0
Blue,忠孝復興,2017-10-03,63051.5
Blue,南港展覽館,2017-10-03,32582.0
Blue,台北車站,2017-10-04,117054.0
Blue,頂埔,2017-10-04,9676.0
Blue,永寧,2017-10-04,15136.0
Blue,土城,2017-10-04,8971.0
Blue,海山,2017-10-04,26303.0
Blue,亞東醫院,2017-10-04,21073.0
Blue,府中,2017-10-04,41413.0
Blue,板橋,2017-10-04,57166.0
Blue,新埔,2017-10-04,48964.0
Blue,江子翠,2017-10-04,32316.0
Blue,龍山寺,2017-10-04,50752.0
Blue,西門,2017-10-04,82357.5
Blue,善導寺,2017-10-04,19253.0
Blue,忠孝新生,2017-10-04,24648.0
Blue,忠孝敦化,2017-10-04,56745.0
Blue,國父紀念館,2017-10-04,29821.0
Blue,市政府,2017-10-04,89519.0
Blue,永春,2017-10-04,24005.0
Blue,後山埤,2017-10-04,22811.0
Blue,昆陽,2017-10-04,14438.0
Blue,南港,2017-10-04,22001.0
Blue,忠孝復興,2017-10-04,53100.0
Blue,南港展覽館,2017-10-04,16439.0
Blue,台北車站,2017-10-05,136973.0
Blue,頂埔,2017-10-05,15931.0
Blue,永寧,2017-10-05,24522.0
Blue,土城,2017-10-05,13916.0
Blue,海山,2017-10-05,43433.0
Blue,亞東醫院,2017-10-05,43942.0
Blue,府中,2017-10-05,56238.0
Blue,板橋,2017-10-05,73819.0
Blue,新埔,2017-10-05,80253.0
Blue,江子翠,2017-10-05,51403.0
Blue,龍山寺,2017-10-05,58152.0
Blue,西門,2017-10-05,78733.5
Blue,善導寺,2017-10-05,47670.0
Blue,忠孝新生,2017-10-05,38462.5
Blue,忠孝敦化,2017-10-05,72380.0
Blue,國父紀念館,2017-10-05,43440.0
Blue,市政府,2017-10-05,123573.0
Blue,永春,2017-10-05,39502.0
Blue,後山埤,2017-10-05,32494.0
Blue,昆陽,2017-10-05,28853.0
Blue,南港,2017-10-05,31925.0
Blue,忠孝復興,2017-10-05,57107.0
Blue,南港展覽館,2017-10-05,31132.0
Blue,台北車站,2017-10-06,175338.0
Blue,頂埔,2017-10-06,17226.0
Blue,永寧,2017-10-06,26595.0
Blue,土城,2017-10-06,14868.0
Blue,海山,2017-10-06,45664.0
Blue,亞東醫院,2017-10-06,44636.0
Blue,府中,2017-10-06,60310.0
Blue,板橋,2017-10-06,86053.0
Blue,新埔,2017-10-06,84556.0
Blue,江子翠,2017-10-06,53698.0
Blue,龍山寺,2017-10-06,59135.0
Blue,西門,2017-10-06,86878.0
Blue,善導寺,2017-10-06,48907.0
Blue,忠孝新生,2017-10-06,41377.5
Blue,忠孝敦化,2017-10-06,80441.0
Blue,國父紀念館,2017-10-06,47333.0
Blue,市政府,2017-10-06,138482.0
Blue,永春,2017-10-06,42110.0
Blue,後山埤,2017-10-06,35148.0
Blue,昆陽,2017-10-06,30677.0
Blue,南港,2017-10-06,40796.0
Blue,忠孝復興,2017-10-06,63688.0
Blue,南港展覽館,2017-10-06,33125.5
Blue,台北車站,2017-10-07,177625.0
Blue,頂埔,2017-10-07,12328.0
Blue,永寧,2017-10-07,20902.0
Blue,土城,2017-10-07,11933.0
Blue,海山,2017-10-07,33459.0
Blue,亞東醫院,2017-10-07,29049.0
Blue,府中,2017-10-07,53621.0
Blue,板橋,2017-10-07,75169.0
Blue,新埔,2017-10-07,60653.0
Blue,江子翠,2017-10-07,39497.0
Blue,龍山寺,2017-10-07,54228.0
Blue,西門,2017-10-07,97185.0
Blue,善導寺,2017-10-07,26877.0
Blue,忠孝新生,2017-10-07,36332.0
Blue,忠孝敦化,2017-10-07,69344.0
Blue,國父紀念館,2017-10-07,40154.0
Blue,市政府,2017-10-07,115464.0
Blue,永春,2017-10-07,28400.0
Blue,後山埤,2017-10-07,26132.0
Blue,昆陽,2017-10-07,17540.0
Blue,南港,2017-10-07,32626.0
Blue,忠孝復興,2017-10-07,63019.0
Blue,南港展覽館,2017-10-07,32335.5
Blue,台北車站,2017-10-08,169526.0
Blue,頂埔,2017-10-08,12900.0
Blue,永寧,2017-10-08,20780.0
Blue,土城,2017-10-08,11857.0
Blue,海山,2017-10-08,31417.0
Blue,亞東醫院,2017-10-08,24798.0
Blue,府中,2017-10-08,48672.0
Blue,板橋,2017-10-08,72573.0
Blue,新埔,2017-10-08,52934.0
Blue,江子翠,2017-10-08,35137.0
Blue,龍山寺,2017-10-08,54543.0
Blue,西門,2017-10-08,100293.5
Blue,善導寺,2017-10-08,24139.0
Blue,忠孝新生,2017-10-08,31775.0
Blue,忠孝敦化,2017-10-08,60251.0
Blue,國父紀念館,2017-10-08,34826.0
Blue,市政府,2017-10-08,118377.0
Blue,永春,2017-10-08,24243.0
Blue,後山埤,2017-10-08,23808.0
Blue,昆陽,2017-10-08,15195.0
Blue,南港,2017-10-08,29536.0
Blue,忠孝復興,2017-10-08,57546.5
Blue,南港展覽館,2017-10-08,32058.5
Blue,台北車站,2017-10-09,159110.0
Blue,頂埔,2017-10-09,12294.0
Blue,永寧,2017-10-09,19727.0
Blue,土城,2017-10-09,11471.0
Blue,海山,2017-10-09,31421.0
Blue,亞東醫院,2017-10-09,28885.0
Blue,府中,2017-10-09,49260.0
Blue,板橋,2017-10-09,70299.0
Blue,新埔,2017-10-09,54407.0
Blue,江子翠,2017-10-09,36257.0
Blue,龍山寺,2017-10-09,54619.0
Blue,西門,2017-10-09,96366.0
Blue,善導寺,2017-10-09,18199.0
Blue,忠孝新生,2017-10-09,32237.5
Blue,忠孝敦化,2017-10-09,62980.0
Blue,國父紀念館,2017-10-09,33811.0
Blue,市政府,2017-10-09,118184.0
Blue,永春,2017-10-09,23804.0
Blue,後山埤,2017-10-09,25019.0
Blue,昆陽,2017-10-09,15854.0
Blue,南港,2017-10-09,26133.0
Blue,忠孝復興,2017-10-09,59680.5
Blue,南港展覽館,2017-10-09,19377.5
Blue,台北車站,2017-10-10,155340.5
Blue,頂埔,2017-10-10,11081.0
Blue,永寧,2017-10-10,17644.0
Blue,土城,2017-10-10,10098.0
Blue,海山,2017-10-10,28789.0
Blue,亞東醫院,2017-10-10,22358.0
Blue,府中,2017-10-10,42986.0
Blue,板橋,2017-10-10,69914.0
Blue,新埔,2017-10-10,52141.0
Blue,江子翠,2017-10-10,33942.0
Blue,龍山寺,2017-10-10,46518.0
Blue,西門,2017-10-10,82990.0
Blue,善導寺,2017-10-10,19670.0
Blue,忠孝新生,2017-10-10,27684.5
Blue,忠孝敦化,2017-10-10,52947.0
Blue,國父紀念館,2017-10-10,38856.0
Blue,市政府,2017-10-10,105894.0
Blue,永春,2017-10-10,24387.0
Blue,後山埤,2017-10-10,22882.0
Blue,昆陽,2017-10-10,15472.0
Blue,南港,2017-10-10,27182.0
Blue,忠孝復興,2017-10-10,49245.0
Blue,南港展覽館,2017-10-10,22843.0
Blue,台北車站,2017-10-11,132217.0
Blue,頂埔,2017-10-11,15965.0
Blue,永寧,2017-10-11,23949.0
Blue,土城,2017-10-11,13954.0
Blue,海山,2017-10-11,43275.0
Blue,亞東醫院,2017-10-11,44628.0
Blue,府中,2017-10-11,54784.0
Blue,板橋,2017-10-11,74985.0
Blue,新埔,2017-10-11,80444.0
Blue,江子翠,2017-10-11,51311.0
Blue,龍山寺,2017-10-11,53763.0
Blue,西門,2017-10-11,70494.0
Blue,善導寺,2017-10-11,47095.0
Blue,忠孝新生,2017-10-11,34332.5
Blue,忠孝敦化,2017-10-11,68189.0
Blue,國父紀念館,2017-10-11,40828.0
Blue,市政府,2017-10-11,117343.0
Blue,永春,2017-10-11,39448.0
Blue,後山埤,2017-10-11,32351.0
Blue,昆陽,2017-10-11,28569.0
Blue,南港,2017-10-11,32475.0
Blue,忠孝復興,2017-10-11,51630.0
Blue,南港展覽館,2017-10-11,35200.0
Blue,台北車站,2017-10-12,129967.0
Blue,頂埔,2017-10-12,15669.0
Blue,永寧,2017-10-12,23774.0
Blue,土城,2017-10-12,13649.0
Blue,海山,2017-10-12,43102.0
Blue,亞東醫院,2017-10-12,44439.0
Blue,府中,2017-10-12,54327.0
Blue,板橋,2017-10-12,77046.0
Blue,新埔,2017-10-12,82373.0
Blue,江子翠,2017-10-12,51059.0
Blue,龍山寺,2017-10-12,52553.0
Blue,西門,2017-10-12,68894.0
Blue,善導寺,2017-10-12,48631.0
Blue,忠孝新生,2017-10-12,35808.5
Blue,忠孝敦化,2017-10-12,69568.0
Blue,國父紀念館,2017-10-12,41511.0
Blue,市政府,2017-10-12,124196.0
Blue,永春,2017-10-12,40989.0
Blue,後山埤,2017-10-12,32050.0
Blue,昆陽,2017-10-12,28959.0
Blue,南港,2017-10-12,32718.0
Blue,忠孝復興,2017-10-12,53698.5
Blue,南港展覽館,2017-10-12,33165.0
Blue,台北車站,2017-10-13,159191.5
Blue,頂埔,2017-10-13,16319.0
Blue,永寧,2017-10-13,25063.0
Blue,土城,2017-10-13,14572.0
Blue,海山,2017-10-13,45535.0
Blue,亞東醫院,2017-10-13,45414.0
Blue,府中,2017-10-13,58431.0
Blue,板橋,2017-10-13,86429.0
Blue,新埔,2017-10-13,86387.0
Blue,江子翠,2017-10-13,53335.0
Blue,龍山寺,2017-10-13,55188.0
Blue,西門,2017-10-13,81197.0
Blue,善導寺,2017-10-13,52017.0
Blue,忠孝新生,2017-10-13,39694.5
Blue,忠孝敦化,2017-10-13,81965.0
Blue,國父紀念館,2017-10-13,48112.0
Blue,市政府,2017-10-13,139979.0
Blue,永春,2017-10-13,43647.0
Blue,後山埤,2017-10-13,33839.0
Blue,昆陽,2017-10-13,31422.0
Blue,南港,2017-10-13,37298.0
Blue,忠孝復興,2017-10-13,62839.0
Blue,南港展覽館,2017-10-13,34166.0
Blue,台北車站,2017-10-14,159699.0
Blue,頂埔,2017-10-14,10905.0
Blue,永寧,2017-10-14,18703.0
Blue,土城,2017-10-14,11249.0
Blue,海山,2017-10-14,31464.0
Blue,亞東醫院,2017-10-14,32494.0
Blue,府中,2017-10-14,52556.0
Blue,板橋,2017-10-14,75645.0
Blue,新埔,2017-10-14,63664.0
Blue,江子翠,2017-10-14,39400.0
Blue,龍山寺,2017-10-14,47178.0
Blue,西門,2017-10-14,87209.0
Blue,善導寺,2017-10-14,32397.0
Blue,忠孝新生,2017-10-14,34260.5
Blue,忠孝敦化,2017-10-14,73271.0
Blue,國父紀念館,2017-10-14,36869.0
Blue,市政府,2017-10-14,115654.0
Blue,永春,2017-10-14,29351.0
Blue,後山埤,2017-10-14,26017.0
Blue,昆陽,2017-10-14,18651.0
Blue,南港,2017-10-14,27063.0
Blue,忠孝復興,2017-10-14,62488.5
Blue,南港展覽館,2017-10-14,24052.0
Blue,台北車站,2017-10-15,153491.0
Blue,頂埔,2017-10-15,10473.0
Blue,永寧,2017-10-15,16819.0
Blue,土城,2017-10-15,9778.0
Blue,海山,2017-10-15,27666.0
Blue,亞東醫院,2017-10-15,23042.0
Blue,府中,2017-10-15,43368.0
Blue,板橋,2017-10-15,68856.0
Blue,新埔,2017-10-15,53755.0
Blue,江子翠,2017-10-15,33657.0
Blue,龍山寺,2017-10-15,43867.0
Blue,西門,2017-10-15,81848.0
Blue,善導寺,2017-10-15,27096.0
Blue,忠孝新生,2017-10-15,30961.0
Blue,忠孝敦化,2017-10-15,60571.0
Blue,國父紀念館,2017-10-15,31401.0
Blue,市政府,2017-10-15,110239.0
Blue,永春,2017-10-15,25396.0
Blue,後山埤,2017-10-15,23590.0
Blue,昆陽,2017-10-15,15665.0
Blue,南港,2017-10-15,25808.0
Blue,忠孝復興,2017-10-15,54394.5
Blue,南港展覽館,2017-10-15,20890.0
Blue,台北車站,2017-10-16,132709.0
Blue,頂埔,2017-10-16,16011.0
Blue,永寧,2017-10-16,23878.0
Blue,土城,2017-10-16,14198.0
Blue,海山,2017-10-16,43365.0
Blue,亞東醫院,2017-10-16,44265.0
Blue,府中,2017-10-16,55710.0
Blue,板橋,2017-10-16,74735.0
Blue,新埔,2017-10-16,81048.0
Blue,江子翠,2017-10-16,51412.0
Blue,龍山寺,2017-10-16,56761.0
Blue,西門,2017-10-16,73096.5
Blue,善導寺,2017-10-16,46087.0
Blue,忠孝新生,2017-10-16,35324.0
Blue,忠孝敦化,2017-10-16,70921.0
Blue,國父紀念館,2017-10-16,39386.0
Blue,市政府,2017-10-16,122314.0
Blue,永春,2017-10-16,39368.0
Blue,後山埤,2017-10-16,32745.0
Blue,昆陽,2017-10-16,29006.0
Blue,南港,2017-10-16,33551.0
Blue,忠孝復興,2017-10-16,51837.0
Blue,南港展覽館,2017-10-16,36501.5
Blue,台北車站,2017-10-17,129334.0
Blue,頂埔,2017-10-17,15729.0
Blue,永寧,2017-10-17,23637.0
Blue,土城,2017-10-17,14064.0
Blue,海山,2017-10-17,44141.0
Blue,亞東醫院,2017-10-17,45195.0
Blue,府中,2017-10-17,56757.0
Blue,板橋,2017-10-17,75334.0
Blue,新埔,2017-10-17,82619.0
Blue,江子翠,2017-10-17,51923.0
Blue,龍山寺,2017-10-17,56093.0
Blue,西門,2017-10-17,73244.5
Blue,善導寺,2017-10-17,48876.0
Blue,忠孝新生,2017-10-17,36739.0
Blue,忠孝敦化,2017-10-17,73883.0
Blue,國父紀念館,2017-10-17,42086.0
Blue,市政府,2017-10-17,121694.0
Blue,永春,2017-10-17,41534.0
Blue,後山埤,2017-10-17,34284.0
Blue,昆陽,2017-10-17,29875.0
Blue,南港,2017-10-17,35003.0
Blue,忠孝復興,2017-10-17,53444.0
Blue,南港展覽館,2017-10-17,38407.5
Blue,台北車站,2017-10-18,133314.0
Blue,頂埔,2017-10-18,15888.0
Blue,永寧,2017-10-18,23934.0
Blue,土城,2017-10-18,14111.0
Blue,海山,2017-10-18,43911.0
Blue,亞東醫院,2017-10-18,45619.0
Blue,府中,2017-10-18,56553.0
Blue,板橋,2017-10-18,76889.0
Blue,新埔,2017-10-18,83621.0
Blue,江子翠,2017-10-18,52942.0
Blue,龍山寺,2017-10-18,56332.0
Blue,西門,2017-10-18,75868.5
Blue,善導寺,2017-10-18,51734.0
Blue,忠孝新生,2017-10-18,37005.5
Blue,忠孝敦化,2017-10-18,74745.0
Blue,國父紀念館,2017-10-18,41848.0
Blue,市政府,2017-10-18,124260.0
Blue,永春,2017-10-18,41565.0
Blue,後山埤,2017-10-18,33793.0
Blue,昆陽,2017-10-18,29902.0
Blue,南港,2017-10-18,36261.0
Blue,忠孝復興,2017-10-18,55423.5
Blue,南港展覽館,2017-10-18,41644.0
Blue,台北車站,2017-10-19,135557.5
Blue,頂埔,2017-10-19,16086.0
Blue,永寧,2017-10-19,23916.0
Blue,土城,2017-10-19,14078.0
Blue,海山,2017-10-19,44471.0
Blue,亞東醫院,2017-10-19,45141.0
Blue,府中,2017-10-19,57680.0
Blue,板橋,2017-10-19,78983.0
Blue,新埔,2017-10-19,84267.0
Blue,江子翠,2017-10-19,52593.0
Blue,龍山寺,2017-10-19,56829.0
Blue,西門,2017-10-19,76460.5
Blue,善導寺,2017-10-19,50551.0
Blue,忠孝新生,2017-10-19,39058.5
Blue,忠孝敦化,2017-10-19,76574.0
Blue,國父紀念館,2017-10-19,43485.0
Blue,市政府,2017-10-19,146060.0
Blue,永春,2017-10-19,42203.0
Blue,後山埤,2017-10-19,34530.0
Blue,昆陽,2017-10-19,31000.0
Blue,南港,2017-10-19,36551.0
Blue,忠孝復興,2017-10-19,56404.5
Blue,南港展覽館,2017-10-19,38653.0
Blue,台北車站,2017-10-20,166501.5
Blue,頂埔,2017-10-20,17062.0
Blue,永寧,2017-10-20,26755.0
Blue,土城,2017-10-20,15130.0
Blue,海山,2017-10-20,46887.0
Blue,亞東醫院,2017-10-20,46546.0
Blue,府中,2017-10-20,61726.0
Blue,板橋,2017-10-20,89260.0
Blue,新埔,2017-10-20,88180.0
Blue,江子翠,2017-10-20,54812.0
Blue,龍山寺,2017-10-20,63059.0
Blue,西門,2017-10-20,89696.5
Blue,善導寺,2017-10-20,54437.0
Blue,忠孝新生,2017-10-20,43846.0
Blue,忠孝敦化,2017-10-20,85358.0
Blue,國父紀念館,2017-10-20,50341.0
Blue,市政府,2017-10-20,159328.0
Blue,永春,2017-10-20,44152.0
Blue,後山埤,2017-10-20,36592.0
Blue,昆陽,2017-10-20,33040.0
Blue,南港,2017-10-20,40752.0
Blue,忠孝復興,2017-10-20,64189.5
Blue,南港展覽館,2017-10-20,39142.5
Blue,台北車站,2017-10-21,182162.0
Blue,頂埔,2017-10-21,13243.0
Blue,永寧,2017-10-21,23468.0
Blue,土城,2017-10-21,14289.0
Blue,海山,2017-10-21,37828.0
Blue,亞東醫院,2017-10-21,32925.0
Blue,府中,2017-10-21,62053.0
Blue,板橋,2017-10-21,87006.0
Blue,新埔,2017-10-21,72083.0
Blue,江子翠,2017-10-21,46101.0
Blue,龍山寺,2017-10-21,65139.0
Blue,西門,2017-10-21,111213.5
Blue,善導寺,2017-10-21,39064.0
Blue,忠孝新生,2017-10-21,44760.0
Blue,忠孝敦化,2017-10-21,82415.0
Blue,國父紀念館,2017-10-21,43223.0
Blue,市政府,2017-10-21,156907.0
Blue,永春,2017-10-21,35198.0
Blue,後山埤,2017-10-21,32395.0
Blue,昆陽,2017-10-21,21094.0
Blue,南港,2017-10-21,30506.0
Blue,忠孝復興,2017-10-21,67382.5
Blue,南港展覽館,2017-10-21,25817.5
Blue,台北車站,2017-10-22,168346.5
Blue,頂埔,2017-10-22,12354.0
Blue,永寧,2017-10-22,22171.0
Blue,土城,2017-10-22,12779.0
Blue,海山,2017-10-22,32646.0
Blue,亞東醫院,2017-10-22,27034.0
Blue,府中,2017-10-22,51758.0
Blue,板橋,2017-10-22,79213.0
Blue,新埔,2017-10-22,60393.0
Blue,江子翠,2017-10-22,39265.0
Blue,龍山寺,2017-10-22,56378.0
Blue,西門,2017-10-22,93937.5
Blue,善導寺,2017-10-22,29600.0
Blue,忠孝新生,2017-10-22,37730.0
Blue,忠孝敦化,2017-10-22,63718.0
Blue,國父紀念館,2017-10-22,33888.0
Blue,市政府,2017-10-22,131937.0
Blue,永春,2017-10-22,28695.0
Blue,後山埤,2017-10-22,26059.0
Blue,昆陽,2017-10-22,17185.0
Blue,南港,2017-10-22,27330.0
Blue,忠孝復興,2017-10-22,53308.0
Blue,南港展覽館,2017-10-22,22246.0
Blue,台北車站,2017-10-23,133692.0
Blue,頂埔,2017-10-23,15733.0
Blue,永寧,2017-10-23,24067.0
Blue,土城,2017-10-23,13839.0
Blue,海山,2017-10-23,43307.0
Blue,亞東醫院,2017-10-23,44355.0
Blue,府中,2017-10-23,54846.0
Blue,板橋,2017-10-23,74644.0
Blue,新埔,2017-10-23,80186.0
Blue,江子翠,2017-10-23,50708.0
Blue,龍山寺,2017-10-23,56879.0
Blue,西門,2017-10-23,76689.0
Blue,善導寺,2017-10-23,43878.0
Blue,忠孝新生,2017-10-23,35567.5
Blue,忠孝敦化,2017-10-23,69410.0
Blue,國父紀念館,2017-10-23,41977.0
Blue,市政府,2017-10-23,128815.0
Blue,永春,2017-10-23,39119.0
Blue,後山埤,2017-10-23,32790.0
Blue,昆陽,2017-10-23,28553.0
Blue,南港,2017-10-23,32748.0
Blue,忠孝復興,2017-10-23,51977.5
Blue,南港展覽館,2017-10-23,32254.0
Blue,台北車站,2017-10-24,128748.0
Blue,頂埔,2017-10-24,16078.0
Blue,永寧,2017-10-24,23934.0
Blue,土城,2017-10-24,13936.0
Blue,海山,2017-10-24,43855.0
Blue,亞東醫院,2017-10-24,44432.0
Blue,府中,2017-10-24,56745.0
Blue,板橋,2017-10-24,75549.0
Blue,新埔,2017-10-24,82002.0
Blue,江子翠,2017-10-24,51878.0
Blue,龍山寺,2017-10-24,56326.0
Blue,西門,2017-10-24,78305.5
Blue,善導寺,2017-10-24,48306.0
Blue,忠孝新生,2017-10-24,35457.5
Blue,忠孝敦化,2017-10-24,72689.0
Blue,國父紀念館,2017-10-24,43687.0
Blue,市政府,2017-10-24,127054.0
Blue,永春,2017-10-24,40854.0
Blue,後山埤,2017-10-24,33454.0
Blue,昆陽,2017-10-24,29615.0
Blue,南港,2017-10-24,33266.0
Blue,忠孝復興,2017-10-24,54490.5
Blue,南港展覽館,2017-10-24,32792.5
Blue,台北車站,2017-10-25,131417.0
Blue,頂埔,2017-10-25,16037.0
Blue,永寧,2017-10-25,24204.0
Blue,土城,2017-10-25,14283.0
Blue,海山,2017-10-25,44843.0
Blue,亞東醫院,2017-10-25,44865.0
Blue,府中,2017-10-25,57042.0
Blue,板橋,2017-10-25,76845.0
Blue,新埔,2017-10-25,83240.0
Blue,江子翠,2017-10-25,52453.0
Blue,龍山寺,2017-10-25,57193.0
Blue,西門,2017-10-25,78461.0
Blue,善導寺,2017-10-25,49276.0
Blue,忠孝新生,2017-10-25,35726.0
Blue,忠孝敦化,2017-10-25,73581.0
Blue,國父紀念館,2017-10-25,42487.0
Blue,市政府,2017-10-25,129631.0
Blue,永春,2017-10-25,40897.0
Blue,後山埤,2017-10-25,33232.0
Blue,昆陽,2017-10-25,29826.0
Blue,南港,2017-10-25,34251.0
Blue,忠孝復興,2017-10-25,55421.0
Blue,南港展覽館,2017-10-25,36618.5
Blue,台北車站,2017-10-26,135279.0
Blue,頂埔,2017-10-26,15947.0
Blue,永寧,2017-10-26,24466.0
Blue,土城,2017-10-26,14370.0
Blue,海山,2017-10-26,44724.0
Blue,亞東醫院,2017-10-26,44297.0
Blue,府中,2017-10-26,57189.0
Blue,板橋,2017-10-26,80755.0
Blue,新埔,2017-10-26,82809.0
Blue,江子翠,2017-10-26,52265.0
Blue,龍山寺,2017-10-26,58924.0
Blue,西門,2017-10-26,82672.0
Blue,善導寺,2017-10-26,48352.0
Blue,忠孝新生,2017-10-26,36660.5
Blue,忠孝敦化,2017-10-26,75232.0
Blue,國父紀念館,2017-10-26,43167.0
Blue,市政府,2017-10-26,132949.0
Blue,永春,2017-10-26,40782.0
Blue,後山埤,2017-10-26,33337.0
Blue,昆陽,2017-10-26,29535.0
Blue,南港,2017-10-26,34848.0
Blue,忠孝復興,2017-10-26,55962.5
Blue,南港展覽館,2017-10-26,37474.5
Blue,台北車站,2017-10-27,167969.0
Blue,頂埔,2017-10-27,16878.0
Blue,永寧,2017-10-27,26865.0
Blue,土城,2017-10-27,15085.0
Blue,海山,2017-10-27,46900.0
Blue,亞東醫院,2017-10-27,46054.0
Blue,府中,2017-10-27,62130.0
Blue,板橋,2017-10-27,89240.0
Blue,新埔,2017-10-27,87330.0
Blue,江子翠,2017-10-27,54893.0
Blue,龍山寺,2017-10-27,62893.0
Blue,西門,2017-10-27,97252.5
Blue,善導寺,2017-10-27,51563.0
Blue,忠孝新生,2017-10-27,41877.0
Blue,忠孝敦化,2017-10-27,85426.0
Blue,國父紀念館,2017-10-27,50019.0
Blue,市政府,2017-10-27,153424.0
Blue,永春,2017-10-27,43409.0
Blue,後山埤,2017-10-27,36275.0
Blue,昆陽,2017-10-27,31792.0
Blue,南港,2017-10-27,40872.0
Blue,忠孝復興,2017-10-27,64094.0
Blue,南港展覽館,2017-10-27,46275.0
Blue,台北車站,2017-10-28,175886.5
Blue,頂埔,2017-10-28,13293.0
Blue,永寧,2017-10-28,22586.0
Blue,土城,2017-10-28,13513.0
Blue,海山,2017-10-28,38976.0
Blue,亞東醫院,2017-10-28,33345.0
Blue,府中,2017-10-28,67915.0
Blue,板橋,2017-10-28,89469.0
Blue,新埔,2017-10-28,70493.0
Blue,江子翠,2017-10-28,46284.0
Blue,龍山寺,2017-10-28,61511.0
Blue,西門,2017-10-28,120127.0
Blue,善導寺,2017-10-28,39216.0
Blue,忠孝新生,2017-10-28,42040.5
Blue,忠孝敦化,2017-10-28,78399.0
Blue,國父紀念館,2017-10-28,40038.0
Blue,市政府,2017-10-28,141413.0
Blue,永春,2017-10-28,32561.0
Blue,後山埤,2017-10-28,30833.0
Blue,昆陽,2017-10-28,20787.0
Blue,南港,2017-10-28,33309.0
Blue,忠孝復興,2017-10-28,66667.0
Blue,南港展覽館,2017-10-28,41739.0
Blue,台北車站,2017-10-29,166766.5
Blue,頂埔,2017-10-29,12151.0
Blue,永寧,2017-10-29,20452.0
Blue,土城,2017-10-29,11434.0
Blue,海山,2017-10-29,33387.0
Blue,亞東醫院,2017-10-29,26213.0
Blue,府中,2017-10-29,50887.0
Blue,板橋,2017-10-29,78787.0
Blue,新埔,2017-10-29,59933.0
Blue,江子翠,2017-10-29,38541.0
Blue,龍山寺,2017-10-29,53465.0
Blue,西門,2017-10-29,98362.0
Blue,善導寺,2017-10-29,30766.0
Blue,忠孝新生,2017-10-29,37210.5
Blue,忠孝敦化,2017-10-29,59918.0
Blue,國父紀念館,2017-10-29,33406.0
Blue,市政府,2017-10-29,130230.0
Blue,永春,2017-10-29,26407.0
Blue,後山埤,2017-10-29,25877.0
Blue,昆陽,2017-10-29,17164.0
Blue,南港,2017-10-29,29595.0
Blue,忠孝復興,2017-10-29,53915.0
Blue,南港展覽館,2017-10-29,33867.0
Blue,台北車站,2017-10-30,133470.5
Blue,頂埔,2017-10-30,16001.0
Blue,永寧,2017-10-30,24189.0
Blue,土城,2017-10-30,14190.0
Blue,海山,2017-10-30,43769.0
Blue,亞東醫院,2017-10-30,44958.0
Blue,府中,2017-10-30,55180.0
Blue,板橋,2017-10-30,76594.0
Blue,新埔,2017-10-30,80811.0
Blue,江子翠,2017-10-30,51457.0
Blue,龍山寺,2017-10-30,57430.0
Blue,西門,2017-10-30,77650.0
Blue,善導寺,2017-10-30,44007.0
Blue,忠孝新生,2017-10-30,36298.0
Blue,忠孝敦化,2017-10-30,69774.0
Blue,國父紀念館,2017-10-30,40438.0
Blue,市政府,2017-10-30,128675.0
Blue,永春,2017-10-30,39438.0
Blue,後山埤,2017-10-30,32742.0
Blue,昆陽,2017-10-30,28990.0
Blue,南港,2017-10-30,31856.0
Blue,忠孝復興,2017-10-30,53064.0
Blue,南港展覽館,2017-10-30,31583.5
Blue,台北車站,2017-10-31,125740.0
Blue,頂埔,2017-10-31,15540.0
Blue,永寧,2017-10-31,23670.0
Blue,土城,2017-10-31,14075.0
Blue,海山,2017-10-31,43450.0
Blue,亞東醫院,2017-10-31,44827.0
Blue,府中,2017-10-31,56530.0
Blue,板橋,2017-10-31,76143.0
Blue,新埔,2017-10-31,81561.0
Blue,江子翠,2017-10-31,51551.0
Blue,龍山寺,2017-10-31,57308.0
Blue,西門,2017-10-31,75111.5
Blue,善導寺,2017-10-31,46861.0
Blue,忠孝新生,2017-10-31,34631.0
Blue,忠孝敦化,2017-10-31,70995.0
Blue,國父紀念館,2017-10-31,41606.0
Blue,市政府,2017-10-31,123690.0
Blue,永春,2017-10-31,40670.0
Blue,後山埤,2017-10-31,33038.0
Blue,昆陽,2017-10-31,29363.0
Blue,南港,2017-10-31,32616.0
Blue,忠孝復興,2017-10-31,54614.5
Blue,南港展覽館,2017-10-31,32380.0
Blue,台北車站,2017-11-01,124322.0
Blue,頂埔,2017-11-01,15827.0
Blue,永寧,2017-11-01,23848.0
Blue,土城,2017-11-01,13972.0
Blue,海山,2017-11-01,43780.0
Blue,亞東醫院,2017-11-01,44791.0
Blue,府中,2017-11-01,55581.0
Blue,板橋,2017-11-01,75720.0
Blue,新埔,2017-11-01,82141.0
Blue,江子翠,2017-11-01,52486.0
Blue,龍山寺,2017-11-01,57040.0
Blue,西門,2017-11-01,72660.5
Blue,善導寺,2017-11-01,48487.0
Blue,忠孝新生,2017-11-01,36009.0
Blue,忠孝敦化,2017-11-01,70639.0
Blue,國父紀念館,2017-11-01,41585.0
Blue,市政府,2017-11-01,122677.0
Blue,永春,2017-11-01,40586.0
Blue,後山埤,2017-11-01,33341.0
Blue,昆陽,2017-11-01,29637.0
Blue,南港,2017-11-01,31985.0
Blue,忠孝復興,2017-11-01,55262.0
Blue,南港展覽館,2017-11-01,32203.5
Blue,台北車站,2017-11-02,125421.5
Blue,頂埔,2017-11-02,15444.0
Blue,永寧,2017-11-02,23885.0
Blue,土城,2017-11-02,14129.0
Blue,海山,2017-11-02,43397.0
Blue,亞東醫院,2017-11-02,43999.0
Blue,府中,2017-11-02,56078.0
Blue,板橋,2017-11-02,74615.0
Blue,新埔,2017-11-02,81375.0
Blue,江子翠,2017-11-02,51692.0
Blue,龍山寺,2017-11-02,56880.0
Blue,西門,2017-11-02,72951.0
Blue,善導寺,2017-11-02,47129.0
Blue,忠孝新生,2017-11-02,35758.0
Blue,忠孝敦化,2017-11-02,71769.0
Blue,國父紀念館,2017-11-02,41956.0
Blue,市政府,2017-11-02,121007.0
Blue,永春,2017-11-02,40633.0
Blue,後山埤,2017-11-02,32840.0
Blue,昆陽,2017-11-02,29504.0
Blue,南港,2017-11-02,32612.0
Blue,忠孝復興,2017-11-02,55393.5
Blue,南港展覽館,2017-11-02,32240.0
Blue,台北車站,2017-11-03,162719.5
Blue,頂埔,2017-11-03,17038.0
Blue,永寧,2017-11-03,26095.0
Blue,土城,2017-11-03,14952.0
Blue,海山,2017-11-03,46299.0
Blue,亞東醫院,2017-11-03,46308.0
Blue,府中,2017-11-03,60780.0
Blue,板橋,2017-11-03,89523.0
Blue,新埔,2017-11-03,87236.0
Blue,江子翠,2017-11-03,54599.0
Blue,龍山寺,2017-11-03,63614.0
Blue,西門,2017-11-03,88781.5
Blue,善導寺,2017-11-03,50973.0
Blue,忠孝新生,2017-11-03,42515.5
Blue,忠孝敦化,2017-11-03,83237.0
Blue,國父紀念館,2017-11-03,47923.0
Blue,市政府,2017-11-03,140714.0
Blue,永春,2017-11-03,43858.0
Blue,後山埤,2017-11-03,36571.0
Blue,昆陽,2017-11-03,31257.0
Blue,南港,2017-11-03,38876.0
Blue,忠孝復興,2017-11-03,66634.5
Blue,南港展覽館,2017-11-03,39740.5
Blue,台北車站,2017-11-04,172153.5
Blue,頂埔,2017-11-04,13295.0
Blue,永寧,2017-11-04,21447.0
Blue,土城,2017-11-04,12990.0
Blue,海山,2017-11-04,37413.0
Blue,亞東醫院,2017-11-04,32747.0
Blue,府中,2017-11-04,59314.0
Blue,板橋,2017-11-04,85811.0
Blue,新埔,2017-11-04,67786.0
Blue,江子翠,2017-11-04,44789.0
Blue,龍山寺,2017-11-04,61618.0
Blue,西門,2017-11-04,105991.0
Blue,善導寺,2017-11-04,34901.0
Blue,忠孝新生,2017-11-04,40864.0
Blue,忠孝敦化,2017-11-04,79899.0
Blue,國父紀念館,2017-11-04,41197.0
Blue,市政府,2017-11-04,124545.0
Blue,永春,2017-11-04,33926.0
Blue,後山埤,2017-11-04,30006.0
Blue,昆陽,2017-11-04,19665.0
Blue,南港,2017-11-04,30936.0
Blue,忠孝復興,2017-11-04,69446.5
Blue,南港展覽館,2017-11-04,37646.5
Blue,台北車站,2017-11-05,157648.5
Blue,頂埔,2017-11-05,12460.0
Blue,永寧,2017-11-05,20364.0
Blue,土城,2017-11-05,10886.0
Blue,海山,2017-11-05,33395.0
Blue,亞東醫院,2017-11-05,30571.0
Blue,府中,2017-11-05,49173.0
Blue,板橋,2017-11-05,77233.0
Blue,新埔,2017-11-05,57569.0
Blue,江子翠,2017-11-05,37883.0
Blue,龍山寺,2017-11-05,54512.0
Blue,西門,2017-11-05,92820.5
Blue,善導寺,2017-11-05,28637.0
Blue,忠孝新生,2017-11-05,34895.5
Blue,忠孝敦化,2017-11-05,60749.0
Blue,國父紀念館,2017-11-05,36759.0
Blue,市政府,2017-11-05,106254.0
Blue,永春,2017-11-05,30773.0
Blue,後山埤,2017-11-05,26798.0
Blue,昆陽,2017-11-05,16731.0
Blue,南港,2017-11-05,28273.0
Blue,忠孝復興,2017-11-05,55466.5
Blue,南港展覽館,2017-11-05,35625.5
Blue,台北車站,2017-11-06,132971.5
Blue,頂埔,2017-11-06,15932.0
Blue,永寧,2017-11-06,24191.0
Blue,土城,2017-11-06,14191.0
Blue,海山,2017-11-06,43335.0
Blue,亞東醫院,2017-11-06,44416.0
Blue,府中,2017-11-06,55163.0
Blue,板橋,2017-11-06,75116.0
Blue,新埔,2017-11-06,80056.0
Blue,江子翠,2017-11-06,50870.0
Blue,龍山寺,2017-11-06,57566.0
Blue,西門,2017-11-06,76396.5
Blue,善導寺,2017-11-06,44443.0
Blue,忠孝新生,2017-11-06,34731.0
Blue,忠孝敦化,2017-11-06,69193.0
Blue,國父紀念館,2017-11-06,40503.0
Blue,市政府,2017-11-06,118362.0
Blue,永春,2017-11-06,39433.0
Blue,後山埤,2017-11-06,33394.0
Blue,昆陽,2017-11-06,28961.0
Blue,南港,2017-11-06,33549.0
Blue,忠孝復興,2017-11-06,54922.0
Blue,南港展覽館,2017-11-06,39371.5
Blue,台北車站,2017-11-07,126368.0
Blue,頂埔,2017-11-07,15881.0
Blue,永寧,2017-11-07,24305.0
Blue,土城,2017-11-07,13881.0
Blue,海山,2017-11-07,43774.0
Blue,亞東醫院,2017-11-07,44856.0
Blue,府中,2017-11-07,55949.0
Blue,板橋,2017-11-07,75060.0
Blue,新埔,2017-11-07,81932.0
Blue,江子翠,2017-11-07,51862.0
Blue,龍山寺,2017-11-07,62250.0
Blue,西門,2017-11-07,74189.5
Blue,善導寺,2017-11-07,47655.0
Blue,忠孝新生,2017-11-07,35044.0
Blue,忠孝敦化,2017-11-07,70804.0
Blue,國父紀念館,2017-11-07,40993.0
Blue,市政府,2017-11-07,117399.0
Blue,永春,2017-11-07,40470.0
Blue,後山埤,2017-11-07,33368.0
Blue,昆陽,2017-11-07,29801.0
Blue,南港,2017-11-07,32350.0
Blue,忠孝復興,2017-11-07,55297.0
Blue,南港展覽館,2017-11-07,33246.0
Blue,台北車站,2017-11-08,129800.0
Blue,頂埔,2017-11-08,15916.0
Blue,永寧,2017-11-08,24282.0
Blue,土城,2017-11-08,14152.0
Blue,海山,2017-11-08,44176.0
Blue,亞東醫院,2017-11-08,45000.0
Blue,府中,2017-11-08,57431.0
Blue,板橋,2017-11-08,77069.0
Blue,新埔,2017-11-08,82789.0
Blue,江子翠,2017-11-08,52549.0
Blue,龍山寺,2017-11-08,57898.0
Blue,西門,2017-11-08,78353.0
Blue,善導寺,2017-11-08,49578.0
Blue,忠孝新生,2017-11-08,36267.0
Blue,忠孝敦化,2017-11-08,73886.0
Blue,國父紀念館,2017-11-08,44524.0
Blue,市政府,2017-11-08,121771.0
Blue,永春,2017-11-08,41854.0
Blue,後山埤,2017-11-08,34705.0
Blue,昆陽,2017-11-08,30032.0
Blue,南港,2017-11-08,33913.0
Blue,忠孝復興,2017-11-08,58442.0
Blue,南港展覽館,2017-11-08,33470.5
Blue,台北車站,2017-11-09,133972.5
Blue,頂埔,2017-11-09,16068.0
Blue,永寧,2017-11-09,23945.0
Blue,土城,2017-11-09,14318.0
Blue,海山,2017-11-09,44256.0
Blue,亞東醫院,2017-11-09,44749.0
Blue,府中,2017-11-09,57475.0
Blue,板橋,2017-11-09,76676.0
Blue,新埔,2017-11-09,82656.0
Blue,江子翠,2017-11-09,52580.0
Blue,龍山寺,2017-11-09,58546.0
Blue,西門,2017-11-09,79595.0
Blue,善導寺,2017-11-09,49001.0
Blue,忠孝新生,2017-11-09,37572.0
Blue,忠孝敦化,2017-11-09,74912.0
Blue,國父紀念館,2017-11-09,47146.0
Blue,市政府,2017-11-09,125828.0
Blue,永春,2017-11-09,41598.0
Blue,後山埤,2017-11-09,34422.0
Blue,昆陽,2017-11-09,30312.0
Blue,南港,2017-11-09,34742.0
Blue,忠孝復興,2017-11-09,81945.0
Blue,南港展覽館,2017-11-09,33067.0
Blue,台北車站,2017-11-10,166732.0
Blue,頂埔,2017-11-10,17351.0
Blue,永寧,2017-11-10,27291.0
Blue,土城,2017-11-10,15445.0
Blue,海山,2017-11-10,47051.0
Blue,亞東醫院,2017-11-10,46698.0
Blue,府中,2017-11-10,63495.0
Blue,板橋,2017-11-10,87631.0
Blue,新埔,2017-11-10,87934.0
Blue,江子翠,2017-11-10,54872.0
Blue,龍山寺,2017-11-10,62791.0
Blue,西門,2017-11-10,92887.5
Blue,善導寺,2017-11-10,51599.0
Blue,忠孝新生,2017-11-10,41965.5
Blue,忠孝敦化,2017-11-10,85521.0
Blue,國父紀念館,2017-11-10,48304.0
Blue,市政府,2017-11-10,141753.0
Blue,永春,2017-11-10,43456.0
Blue,後山埤,2017-11-10,36740.0
Blue,昆陽,2017-11-10,31932.0
Blue,南港,2017-11-10,39519.0
Blue,忠孝復興,2017-11-10,94166.0
Blue,南港展覽館,2017-11-10,34793.0
Blue,台北車站,2017-11-11,177856.5
Blue,頂埔,2017-11-11,13625.0
Blue,永寧,2017-11-11,22943.0
Blue,土城,2017-11-11,13389.0
Blue,海山,2017-11-11,37930.0
Blue,亞東醫院,2017-11-11,34011.0
Blue,府中,2017-11-11,60535.0
Blue,板橋,2017-11-11,86279.0
Blue,新埔,2017-11-11,71336.0
Blue,江子翠,2017-11-11,46104.0
Blue,龍山寺,2017-11-11,62567.0
Blue,西門,2017-11-11,111220.0
Blue,善導寺,2017-11-11,34562.0
Blue,忠孝新生,2017-11-11,40914.0
Blue,忠孝敦化,2017-11-11,83867.0
Blue,國父紀念館,2017-11-11,44224.0
Blue,市政府,2017-11-11,131781.0
Blue,永春,2017-11-11,35469.0
Blue,後山埤,2017-11-11,32110.0
Blue,昆陽,2017-11-11,22327.0
Blue,南港,2017-11-11,31821.0
Blue,忠孝復興,2017-11-11,97299.5
Blue,南港展覽館,2017-11-11,24024.0
Blue,台北車站,2017-11-12,171723.0
Blue,頂埔,2017-11-12,13116.0
Blue,永寧,2017-11-12,21288.0
Blue,土城,2017-11-12,11393.0
Blue,海山,2017-11-12,34199.0
Blue,亞東醫院,2017-11-12,27633.0
Blue,府中,2017-11-12,51101.0
Blue,板橋,2017-11-12,80960.0
Blue,新埔,2017-11-12,65016.0
Blue,江子翠,2017-11-12,39324.0
Blue,龍山寺,2017-11-12,54346.0
Blue,西門,2017-11-12,94989.5
Blue,善導寺,2017-11-12,29189.0
Blue,忠孝新生,2017-11-12,34871.0
Blue,忠孝敦化,2017-11-12,62041.0
Blue,國父紀念館,2017-11-12,34915.0
Blue,市政府,2017-11-12,106137.0
Blue,永春,2017-11-12,29630.0
Blue,後山埤,2017-11-12,26978.0
Blue,昆陽,2017-11-12,17233.0
Blue,南港,2017-11-12,28953.0
Blue,忠孝復興,2017-11-12,76402.0
Blue,南港展覽館,2017-11-12,25882.0
Blue,台北車站,2017-11-13,140663.5
Blue,頂埔,2017-11-13,15669.0
Blue,永寧,2017-11-13,23599.0
Blue,土城,2017-11-13,13947.0
Blue,海山,2017-11-13,43287.0
Blue,亞東醫院,2017-11-13,43980.0
Blue,府中,2017-11-13,55435.0
Blue,板橋,2017-11-13,77028.0
Blue,新埔,2017-11-13,81112.0
Blue,江子翠,2017-11-13,51604.0
Blue,龍山寺,2017-11-13,55512.0
Blue,西門,2017-11-13,81652.0
Blue,善導寺,2017-11-13,48083.0
Blue,忠孝新生,2017-11-13,36206.0
Blue,忠孝敦化,2017-11-13,71683.0
Blue,國父紀念館,2017-11-13,40755.0
Blue,市政府,2017-11-13,119596.0
Blue,永春,2017-11-13,39910.0
Blue,後山埤,2017-11-13,33603.0
Blue,昆陽,2017-11-13,29142.0
Blue,南港,2017-11-13,33242.0
Blue,忠孝復興,2017-11-13,76768.0
Blue,南港展覽館,2017-11-13,31293.5
Blue,台北車站,2017-11-14,129367.5
Blue,頂埔,2017-11-14,15885.0
Blue,永寧,2017-11-14,24250.0
Blue,土城,2017-11-14,13960.0
Blue,海山,2017-11-14,43804.0
Blue,亞東醫院,2017-11-14,44979.0
Blue,府中,2017-11-14,56882.0
Blue,板橋,2017-11-14,76083.0
Blue,新埔,2017-11-14,82201.0
Blue,江子翠,2017-11-14,52707.0
Blue,龍山寺,2017-11-14,57989.0
Blue,西門,2017-11-14,78385.5
Blue,善導寺,2017-11-14,48900.0
Blue,忠孝新生,2017-11-14,35944.0
Blue,忠孝敦化,2017-11-14,72264.0
Blue,國父紀念館,2017-11-14,42036.0
Blue,市政府,2017-11-14,115314.0
Blue,永春,2017-11-14,41504.0
Blue,後山埤,2017-11-14,33599.0
Blue,昆陽,2017-11-14,30168.0
Blue,南港,2017-11-14,32439.0
Blue,忠孝復興,2017-11-14,70697.0
Blue,南港展覽館,2017-11-14,31620.0
Blue,台北車站,2017-11-15,130568.5
Blue,頂埔,2017-11-15,16094.0
Blue,永寧,2017-11-15,24335.0
Blue,土城,2017-11-15,14191.0
Blue,海山,2017-11-15,44509.0
Blue,亞東醫院,2017-11-15,45411.0
Blue,府中,2017-11-15,57291.0
Blue,板橋,2017-11-15,76481.0
Blue,新埔,2017-11-15,83004.0
Blue,江子翠,2017-11-15,53466.0
Blue,龍山寺,2017-11-15,58449.0
Blue,西門,2017-11-15,78317.0
Blue,善導寺,2017-11-15,49416.0
Blue,忠孝新生,2017-11-15,36042.5
Blue,忠孝敦化,2017-11-15,73995.0
Blue,國父紀念館,2017-11-15,45904.0
Blue,市政府,2017-11-15,117855.0
Blue,永春,2017-11-15,40886.0
Blue,後山埤,2017-11-15,33690.0
Blue,昆陽,2017-11-15,30215.0
Blue,南港,2017-11-15,33060.0
Blue,忠孝復興,2017-11-15,76993.0
Blue,南港展覽館,2017-11-15,32402.5
Blue,台北車站,2017-11-16,135225.5
Blue,頂埔,2017-11-16,16052.0
Blue,永寧,2017-11-16,24621.0
Blue,土城,2017-11-16,14057.0
Blue,海山,2017-11-16,44504.0
Blue,亞東醫院,2017-11-16,44912.0
Blue,府中,2017-11-16,57751.0
Blue,板橋,2017-11-16,78752.0
Blue,新埔,2017-11-16,83074.0
Blue,江子翠,2017-11-16,53318.0
Blue,龍山寺,2017-11-16,59604.0
Blue,西門,2017-11-16,81402.5
Blue,善導寺,2017-11-16,49849.0
Blue,忠孝新生,2017-11-16,37215.5
Blue,忠孝敦化,2017-11-16,75685.0
Blue,國父紀念館,2017-11-16,44309.0
Blue,市政府,2017-11-16,121817.0
Blue,永春,2017-11-16,41254.0
Blue,後山埤,2017-11-16,34052.0
Blue,昆陽,2017-11-16,29912.0
Blue,南港,2017-11-16,33998.0
Blue,忠孝復興,2017-11-16,73615.0
Blue,南港展覽館,2017-11-16,33732.5
Blue,台北車站,2017-11-17,173901.0
Blue,頂埔,2017-11-17,17114.0
Blue,永寧,2017-11-17,27080.0
Blue,土城,2017-11-17,15302.0
Blue,海山,2017-11-17,46762.0
Blue,亞東醫院,2017-11-17,45864.0
Blue,府中,2017-11-17,62310.0
Blue,板橋,2017-11-17,89901.0
Blue,新埔,2017-11-17,88278.0
Blue,江子翠,2017-11-17,55668.0
Blue,龍山寺,2017-11-17,61884.0
Blue,西門,2017-11-17,94784.0
Blue,善導寺,2017-11-17,52261.0
Blue,忠孝新生,2017-11-17,44696.5
Blue,忠孝敦化,2017-11-17,86757.0
Blue,國父紀念館,2017-11-17,50425.0
Blue,市政府,2017-11-17,143547.0
Blue,永春,2017-11-17,43992.0
Blue,後山埤,2017-11-17,36788.0
Blue,昆陽,2017-11-17,32102.0
Blue,南港,2017-11-17,41687.0
Blue,忠孝復興,2017-11-17,86175.5
Blue,南港展覽館,2017-11-17,55362.5
Blue,台北車站,2017-11-18,184667.5
Blue,頂埔,2017-11-18,12888.0
Blue,永寧,2017-11-18,22391.0
Blue,土城,2017-11-18,13026.0
Blue,海山,2017-11-18,37394.0
Blue,亞東醫院,2017-11-18,33533.0
Blue,府中,2017-11-18,60316.0
Blue,板橋,2017-11-18,88516.0
Blue,新埔,2017-11-18,71859.0
Blue,江子翠,2017-11-18,46054.0
Blue,龍山寺,2017-11-18,63946.0
Blue,西門,2017-11-18,114496.0
Blue,善導寺,2017-11-18,36573.0
Blue,忠孝新生,2017-11-18,49787.5
Blue,忠孝敦化,2017-11-18,85390.0
Blue,國父紀念館,2017-11-18,41933.0
Blue,市政府,2017-11-18,124447.0
Blue,永春,2017-11-18,34252.0
Blue,後山埤,2017-11-18,31026.0
Blue,昆陽,2017-11-18,20544.0
Blue,南港,2017-11-18,34163.0
Blue,忠孝復興,2017-11-18,89114.5
Blue,南港展覽館,2017-11-18,51040.5
Blue,台北車站,2017-11-19,178899.0
Blue,頂埔,2017-11-19,11762.0
Blue,永寧,2017-11-19,20092.0
Blue,土城,2017-11-19,10940.0
Blue,海山,2017-11-19,32517.0
Blue,亞東醫院,2017-11-19,26734.0
Blue,府中,2017-11-19,49994.0
Blue,板橋,2017-11-19,81189.0
Blue,新埔,2017-11-19,60208.0
Blue,江子翠,2017-11-19,38034.0
Blue,龍山寺,2017-11-19,51715.0
Blue,西門,2017-11-19,98704.5
Blue,善導寺,2017-11-19,30443.0
Blue,忠孝新生,2017-11-19,41451.5
Blue,忠孝敦化,2017-11-19,66076.0
Blue,國父紀念館,2017-11-19,34179.0
Blue,市政府,2017-11-19,112514.0
Blue,永春,2017-11-19,28875.0
Blue,後山埤,2017-11-19,26995.0
Blue,昆陽,2017-11-19,17712.0
Blue,南港,2017-11-19,32460.0
Blue,忠孝復興,2017-11-19,75885.5
Blue,南港展覽館,2017-11-19,48264.5
Blue,台北車站,2017-11-20,142572.0
Blue,頂埔,2017-11-20,15955.0
Blue,永寧,2017-11-20,23850.0
Blue,土城,2017-11-20,14146.0
Blue,海山,2017-11-20,43811.0
Blue,亞東醫院,2017-11-20,44895.0
Blue,府中,2017-11-20,56060.0
Blue,板橋,2017-11-20,78526.0
Blue,新埔,2017-11-20,82375.0
Blue,江子翠,2017-11-20,52480.0
Blue,龍山寺,2017-11-20,57922.0
Blue,西門,2017-11-20,78854.5
Blue,善導寺,2017-11-20,47147.0
Blue,忠孝新生,2017-11-20,36673.0
Blue,忠孝敦化,2017-11-20,74056.0
Blue,國父紀念館,2017-11-20,41559.0
Blue,市政府,2017-11-20,123118.0
Blue,永春,2017-11-20,41449.0
Blue,後山埤,2017-11-20,34722.0
Blue,昆陽,2017-11-20,29885.0
Blue,南港,2017-11-20,37064.0
Blue,忠孝復興,2017-11-20,76008.5
Blue,南港展覽館,2017-11-20,50369.0
Blue,台北車站,2017-11-21,129299.0
Blue,頂埔,2017-11-21,15813.0
Blue,永寧,2017-11-21,24342.0
Blue,土城,2017-11-21,13895.0
Blue,海山,2017-11-21,44023.0
Blue,亞東醫院,2017-11-21,45455.0
Blue,府中,2017-11-21,56973.0
Blue,板橋,2017-11-21,76943.0
Blue,新埔,2017-11-21,82318.0
Blue,江子翠,2017-11-21,52104.0
Blue,龍山寺,2017-11-21,57645.0
Blue,西門,2017-11-21,76968.0
Blue,善導寺,2017-11-21,49398.0
Blue,忠孝新生,2017-11-21,36292.0
Blue,忠孝敦化,2017-11-21,73742.0
Blue,國父紀念館,2017-11-21,41790.0
Blue,市政府,2017-11-21,117998.0
Blue,永春,2017-11-21,40645.0
Blue,後山埤,2017-11-21,33516.0
Blue,昆陽,2017-11-21,30066.0
Blue,南港,2017-11-21,32687.0
Blue,忠孝復興,2017-11-21,57577.0
Blue,南港展覽館,2017-11-21,32289.0
Blue,台北車站,2017-11-22,136141.0
Blue,頂埔,2017-11-22,15862.0
Blue,永寧,2017-11-22,24035.0
Blue,土城,2017-11-22,14128.0
Blue,海山,2017-11-22,44439.0
Blue,亞東醫院,2017-11-22,45905.0
Blue,府中,2017-11-22,57895.0
Blue,板橋,2017-11-22,78628.0
Blue,新埔,2017-11-22,83331.0
Blue,江子翠,2017-11-22,53226.0
Blue,龍山寺,2017-11-22,57186.0
Blue,西門,2017-11-22,78689.0
Blue,善導寺,2017-11-22,50855.0
Blue,忠孝新生,2017-11-22,36425.0
Blue,忠孝敦化,2017-11-22,75043.0
Blue,國父紀念館,2017-11-22,42586.0
Blue,市政府,2017-11-22,119648.0
Blue,永春,2017-11-22,41362.0
Blue,後山埤,2017-11-22,33375.0
Blue,昆陽,2017-11-22,30117.0
Blue,南港,2017-11-22,33055.0
Blue,忠孝復興,2017-11-22,56093.0
Blue,南港展覽館,2017-11-22,32748.5
Blue,台北車站,2017-11-23,138173.0
Blue,頂埔,2017-11-23,16180.0
Blue,永寧,2017-11-23,24031.0
Blue,土城,2017-11-23,14170.0
Blue,海山,2017-11-23,44665.0
Blue,亞東醫院,2017-11-23,45736.0
Blue,府中,2017-11-23,57959.0
Blue,板橋,2017-11-23,80180.0
Blue,新埔,2017-11-23,83690.0
Blue,江子翠,2017-11-23,52875.0
Blue,龍山寺,2017-11-23,58328.0
Blue,西門,2017-11-23,79362.5
Blue,善導寺,2017-11-23,49242.0
Blue,忠孝新生,2017-11-23,37218.0
Blue,忠孝敦化,2017-11-23,76591.0
Blue,國父紀念館,2017-11-23,44568.0
Blue,市政府,2017-11-23,124623.0
Blue,永春,2017-11-23,41701.0
Blue,後山埤,2017-11-23,33947.0
Blue,昆陽,2017-11-23,30190.0
Blue,南港,2017-11-23,32971.0
Blue,忠孝復興,2017-11-23,57913.0
Blue,南港展覽館,2017-11-23,32176.0
Blue,台北車站,2017-11-24,173630.0
Blue,頂埔,2017-11-24,17194.0
Blue,永寧,2017-11-24,26651.0
Blue,土城,2017-11-24,15213.0
Blue,海山,2017-11-24,46630.0
Blue,亞東醫院,2017-11-24,46457.0
Blue,府中,2017-11-24,62822.0
Blue,板橋,2017-11-24,103372.0
Blue,新埔,2017-11-24,87611.0
Blue,江子翠,2017-11-24,55514.0
Blue,龍山寺,2017-11-24,63927.0
Blue,西門,2017-11-24,92345.0
Blue,善導寺,2017-11-24,51336.0
Blue,忠孝新生,2017-11-24,44089.0
Blue,忠孝敦化,2017-11-24,86227.0
Blue,國父紀念館,2017-11-24,50270.0
Blue,市政府,2017-11-24,141675.0
Blue,永春,2017-11-24,43535.0
Blue,後山埤,2017-11-24,36118.0
Blue,昆陽,2017-11-24,32726.0
Blue,南港,2017-11-24,38709.0
Blue,忠孝復興,2017-11-24,65556.0
Blue,南港展覽館,2017-11-24,34289.0
Blue,台北車站,2017-11-25,182594.5
Blue,頂埔,2017-11-25,12919.0
Blue,永寧,2017-11-25,21739.0
Blue,土城,2017-11-25,12690.0
Blue,海山,2017-11-25,36424.0
Blue,亞東醫院,2017-11-25,33446.0
Blue,府中,2017-11-25,60591.0
Blue,板橋,2017-11-25,115327.0
Blue,新埔,2017-11-25,70401.0
Blue,江子翠,2017-11-25,44779.0
Blue,龍山寺,2017-11-25,57592.0
Blue,西門,2017-11-25,100252.0
Blue,善導寺,2017-11-25,36221.0
Blue,忠孝新生,2017-11-25,42659.0
Blue,忠孝敦化,2017-11-25,82962.0
Blue,國父紀念館,2017-11-25,44109.0
Blue,市政府,2017-11-25,119792.0
Blue,永春,2017-11-25,33158.0
Blue,後山埤,2017-11-25,30204.0
Blue,昆陽,2017-11-25,19609.0
Blue,南港,2017-11-25,28995.0
Blue,忠孝復興,2017-11-25,67803.5
Blue,南港展覽館,2017-11-25,22664.5
Blue,台北車站,2017-11-26,165787.5
Blue,頂埔,2017-11-26,12093.0
Blue,永寧,2017-11-26,20277.0
Blue,土城,2017-11-26,11363.0
Blue,海山,2017-11-26,32142.0
Blue,亞東醫院,2017-11-26,26529.0
Blue,府中,2017-11-26,50067.0
Blue,板橋,2017-11-26,106324.0
Blue,新埔,2017-11-26,59556.0
Blue,江子翠,2017-11-26,37718.0
Blue,龍山寺,2017-11-26,53694.0
Blue,西門,2017-11-26,88785.5
Blue,善導寺,2017-11-26,27438.0
Blue,忠孝新生,2017-11-26,36884.5
Blue,忠孝敦化,2017-11-26,61695.0
Blue,國父紀念館,2017-11-26,33054.0
Blue,市政府,2017-11-26,105464.0
Blue,永春,2017-11-26,27496.0
Blue,後山埤,2017-11-26,25001.0
Blue,昆陽,2017-11-26,16853.0
Blue,南港,2017-11-26,25840.0
Blue,忠孝復興,2017-11-26,53339.5
Blue,南港展覽館,2017-11-26,19217.0
Blue,台北車站,2017-11-27,133722.0
Blue,頂埔,2017-11-27,15832.0
Blue,永寧,2017-11-27,24128.0
Blue,土城,2017-11-27,14044.0
Blue,海山,2017-11-27,43564.0
Blue,亞東醫院,2017-11-27,44410.0
Blue,府中,2017-11-27,54999.0
Blue,板橋,2017-11-27,86714.0
Blue,新埔,2017-11-27,80728.0
Blue,江子翠,2017-11-27,51046.0
Blue,龍山寺,2017-11-27,57746.0
Blue,西門,2017-11-27,75484.5
Blue,善導寺,2017-11-27,45117.0
Blue,忠孝新生,2017-11-27,35456.0
Blue,忠孝敦化,2017-11-27,69835.0
Blue,國父紀念館,2017-11-27,40028.0
Blue,市政府,2017-11-27,118299.0
Blue,永春,2017-11-27,39397.0
Blue,後山埤,2017-11-27,32546.0
Blue,昆陽,2017-11-27,29182.0
Blue,南港,2017-11-27,32485.0
Blue,忠孝復興,2017-11-27,53278.0
Blue,南港展覽館,2017-11-27,32080.5
Blue,台北車站,2017-11-28,129550.0
Blue,頂埔,2017-11-28,16311.0
Blue,永寧,2017-11-28,24654.0
Blue,土城,2017-11-28,14019.0
Blue,海山,2017-11-28,44393.0
Blue,亞東醫院,2017-11-28,45625.0
Blue,府中,2017-11-28,57101.0
Blue,板橋,2017-11-28,88377.0
Blue,新埔,2017-11-28,82848.0
Blue,江子翠,2017-11-28,52589.0
Blue,龍山寺,2017-11-28,58242.0
Blue,西門,2017-11-28,75857.0
Blue,善導寺,2017-11-28,47356.0
Blue,忠孝新生,2017-11-28,36083.0
Blue,忠孝敦化,2017-11-28,71769.0
Blue,國父紀念館,2017-11-28,41875.0
Blue,市政府,2017-11-28,118275.0
Blue,永春,2017-11-28,40616.0
Blue,後山埤,2017-11-28,33267.0
Blue,昆陽,2017-11-28,30299.0
Blue,南港,2017-11-28,32738.0
Blue,忠孝復興,2017-11-28,54604.5
Blue,南港展覽館,2017-11-28,32638.5
Blue,台北車站,2017-11-29,128574.0
Blue,頂埔,2017-11-29,16001.0
Blue,永寧,2017-11-29,24498.0
Blue,土城,2017-11-29,14313.0
Blue,海山,2017-11-29,44541.0
Blue,亞東醫院,2017-11-29,45677.0
Blue,府中,2017-11-29,57324.0
Blue,板橋,2017-11-29,90796.0
Blue,新埔,2017-11-29,83052.0
Blue,江子翠,2017-11-29,53072.0
Blue,龍山寺,2017-11-29,58338.0
Blue,西門,2017-11-29,76163.0
Blue,善導寺,2017-11-29,49318.0
Blue,忠孝新生,2017-11-29,36451.5
Blue,忠孝敦化,2017-11-29,73980.0
Blue,國父紀念館,2017-11-29,42714.0
Blue,市政府,2017-11-29,121581.0
Blue,永春,2017-11-29,41011.0
Blue,後山埤,2017-11-29,33885.0
Blue,昆陽,2017-11-29,30027.0
Blue,南港,2017-11-29,33082.0
Blue,忠孝復興,2017-11-29,55037.5
Blue,南港展覽館,2017-11-29,32734.5
Blue,台北車站,2017-11-30,131635.0
Blue,頂埔,2017-11-30,16040.0
Blue,永寧,2017-11-30,24171.0
Blue,土城,2017-11-30,14150.0
Blue,海山,2017-11-30,44218.0
Blue,亞東醫院,2017-11-30,45021.0
Blue,府中,2017-11-30,57265.0
Blue,板橋,2017-11-30,85739.0
Blue,新埔,2017-11-30,82876.0
Blue,江子翠,2017-11-30,52533.0
Blue,龍山寺,2017-11-30,58602.0
Blue,西門,2017-11-30,76598.5
Blue,善導寺,2017-11-30,48183.0
Blue,忠孝新生,2017-11-30,37854.5
Blue,忠孝敦化,2017-11-30,74686.0
Blue,國父紀念館,2017-11-30,44598.0
Blue,市政府,2017-11-30,127191.0
Blue,永春,2017-11-30,42459.0
Blue,後山埤,2017-11-30,34036.0
Blue,昆陽,2017-11-30,30497.0
Blue,南港,2017-11-30,34452.0
Blue,忠孝復興,2017-11-30,56417.5
Blue,南港展覽館,2017-11-30,32539.5
Blue,台北車站,2017-12-01,168582.5
Blue,頂埔,2017-12-01,17109.0
Blue,永寧,2017-12-01,26747.0
Blue,土城,2017-12-01,15322.0
Blue,海山,2017-12-01,46650.0
Blue,亞東醫院,2017-12-01,47012.0
Blue,府中,2017-12-01,62763.0
Blue,板橋,2017-12-01,103237.0
Blue,新埔,2017-12-01,87244.0
Blue,江子翠,2017-12-01,56046.0
Blue,龍山寺,2017-12-01,61946.0
Blue,西門,2017-12-01,91298.0
Blue,善導寺,2017-12-01,51466.0
Blue,忠孝新生,2017-12-01,44263.0
Blue,忠孝敦化,2017-12-01,84948.0
Blue,國父紀念館,2017-12-01,48680.0
Blue,市政府,2017-12-01,143192.0
Blue,永春,2017-12-01,44653.0
Blue,後山埤,2017-12-01,36811.0
Blue,昆陽,2017-12-01,32123.0
Blue,南港,2017-12-01,38897.0
Blue,忠孝復興,2017-12-01,64764.5
Blue,南港展覽館,2017-12-01,34537.5
Blue,台北車站,2017-12-02,186232.0
Blue,頂埔,2017-12-02,13641.0
Blue,永寧,2017-12-02,24283.0
Blue,土城,2017-12-02,14037.0
Blue,海山,2017-12-02,38343.0
Blue,亞東醫院,2017-12-02,34160.0
Blue,府中,2017-12-02,66599.0
Blue,板橋,2017-12-02,149990.0
Blue,新埔,2017-12-02,73833.0
Blue,江子翠,2017-12-02,47890.0
Blue,龍山寺,2017-12-02,64894.0
Blue,西門,2017-12-02,113296.0
Blue,善導寺,2017-12-02,37628.0
Blue,忠孝新生,2017-12-02,49524.5
Blue,忠孝敦化,2017-12-02,83640.0
Blue,國父紀念館,2017-12-02,44121.0
Blue,市政府,2017-12-02,139109.0
Blue,永春,2017-12-02,33259.0
Blue,後山埤,2017-12-02,31382.0
Blue,昆陽,2017-12-02,20523.0
Blue,南港,2017-12-02,30914.0
Blue,忠孝復興,2017-12-02,67985.0
Blue,南港展覽館,2017-12-02,33829.0
Blue,台北車站,2017-12-03,177222.5
Blue,頂埔,2017-12-03,13044.0
Blue,永寧,2017-12-03,22474.0
Blue,土城,2017-12-03,12077.0
Blue,海山,2017-12-03,34618.0
Blue,亞東醫院,2017-12-03,28188.0
Blue,府中,2017-12-03,54467.0
Blue,板橋,2017-12-03,122877.0
Blue,新埔,2017-12-03,66017.0
Blue,江子翠,2017-12-03,40305.0
Blue,龍山寺,2017-12-03,57288.0
Blue,西門,2017-12-03,97288.0
Blue,善導寺,2017-12-03,31509.0
Blue,忠孝新生,2017-12-03,40462.5
Blue,忠孝敦化,2017-12-03,63446.0
Blue,國父紀念館,2017-12-03,34276.0
Blue,市政府,2017-12-03,116337.0
Blue,永春,2017-12-03,29937.0
Blue,後山埤,2017-12-03,26508.0
Blue,昆陽,2017-12-03,17535.0
Blue,南港,2017-12-03,28423.0
Blue,忠孝復興,2017-12-03,54012.5
Blue,南港展覽館,2017-12-03,24829.5
Blue,台北車站,2017-12-04,136201.5
Blue,頂埔,2017-12-04,15763.0
Blue,永寧,2017-12-04,24112.0
Blue,土城,2017-12-04,14206.0
Blue,海山,2017-12-04,43823.0
Blue,亞東醫院,2017-12-04,44693.0
Blue,府中,2017-12-04,55537.0
Blue,板橋,2017-12-04,88291.0
Blue,新埔,2017-12-04,80143.0
Blue,江子翠,2017-12-04,51023.0
Blue,龍山寺,2017-12-04,57624.0
Blue,西門,2017-12-04,75761.0
Blue,善導寺,2017-12-04,45604.0
Blue,忠孝新生,2017-12-04,35739.5
Blue,忠孝敦化,2017-12-04,69825.0
Blue,國父紀念館,2017-12-04,40359.0
Blue,市政府,2017-12-04,118706.0
Blue,永春,2017-12-04,39392.0
Blue,後山埤,2017-12-04,33417.0
Blue,昆陽,2017-12-04,28729.0
Blue,南港,2017-12-04,32472.0
Blue,忠孝復興,2017-12-04,52444.0
Blue,南港展覽館,2017-12-04,33341.5
Blue,台北車站,2017-12-05,131011.5
Blue,頂埔,2017-12-05,16182.0
Blue,永寧,2017-12-05,23981.0
Blue,土城,2017-12-05,14225.0
Blue,海山,2017-12-05,44418.0
Blue,亞東醫院,2017-12-05,45739.0
Blue,府中,2017-12-05,58391.0
Blue,板橋,2017-12-05,87158.0
Blue,新埔,2017-12-05,83983.0
Blue,江子翠,2017-12-05,53058.0
Blue,龍山寺,2017-12-05,58242.0
Blue,西門,2017-12-05,76675.5
Blue,善導寺,2017-12-05,48136.0
Blue,忠孝新生,2017-12-05,36594.0
Blue,忠孝敦化,2017-12-05,74210.0
Blue,國父紀念館,2017-12-05,42478.0
Blue,市政府,2017-12-05,120653.0
Blue,永春,2017-12-05,41519.0
Blue,後山埤,2017-12-05,34006.0
Blue,昆陽,2017-12-05,30161.0
Blue,南港,2017-12-05,33086.0
Blue,忠孝復興,2017-12-05,54140.0
Blue,南港展覽館,2017-12-05,33650.0
Blue,台北車站,2017-12-06,135783.5
Blue,頂埔,2017-12-06,16509.0
Blue,永寧,2017-12-06,24855.0
Blue,土城,2017-12-06,14585.0
Blue,海山,2017-12-06,45293.0
Blue,亞東醫院,2017-12-06,46364.0
Blue,府中,2017-12-06,59477.0
Blue,板橋,2017-12-06,89483.0
Blue,新埔,2017-12-06,84525.0
Blue,江子翠,2017-12-06,54358.0
Blue,龍山寺,2017-12-06,58817.0
Blue,西門,2017-12-06,79823.0
Blue,善導寺,2017-12-06,49481.0
Blue,忠孝新生,2017-12-06,37761.0
Blue,忠孝敦化,2017-12-06,76164.0
Blue,國父紀念館,2017-12-06,43768.0
Blue,市政府,2017-12-06,127030.0
Blue,永春,2017-12-06,41832.0
Blue,後山埤,2017-12-06,34324.0
Blue,昆陽,2017-12-06,30584.0
Blue,南港,2017-12-06,33849.0
Blue,忠孝復興,2017-12-06,56051.5
Blue,南港展覽館,2017-12-06,35252.0
Blue,台北車站,2017-12-07,149749.5
Blue,頂埔,2017-12-07,16317.0
Blue,永寧,2017-12-07,24560.0
Blue,土城,2017-12-07,14247.0
Blue,海山,2017-12-07,45424.0
Blue,亞東醫院,2017-12-07,46666.0
Blue,府中,2017-12-07,59060.0
Blue,板橋,2017-12-07,88372.0
Blue,新埔,2017-12-07,86285.0
Blue,江子翠,2017-12-07,54256.0
Blue,龍山寺,2017-12-07,60524.0
Blue,西門,2017-12-07,82351.5
Blue,善導寺,2017-12-07,51546.0
Blue,忠孝新生,2017-12-07,39620.5
Blue,忠孝敦化,2017-12-07,79320.0
Blue,國父紀念館,2017-12-07,44627.0
Blue,市政府,2017-12-07,131053.0
Blue,永春,2017-12-07,43036.0
Blue,後山埤,2017-12-07,34708.0
Blue,昆陽,2017-12-07,31493.0
Blue,南港,2017-12-07,36288.0
Blue,忠孝復興,2017-12-07,59273.0
Blue,南港展覽館,2017-12-07,39497.5
Blue,台北車站,2017-12-08,186274.0
Blue,頂埔,2017-12-08,17603.0
Blue,永寧,2017-12-08,27927.0
Blue,土城,2017-12-08,16336.0
Blue,海山,2017-12-08,48772.0
Blue,亞東醫院,2017-12-08,47601.0
Blue,府中,2017-12-08,66914.0
Blue,板橋,2017-12-08,118124.0
Blue,新埔,2017-12-08,91476.0
Blue,江子翠,2017-12-08,57057.0
Blue,龍山寺,2017-12-08,68625.0
Blue,西門,2017-12-08,99065.0
Blue,善導寺,2017-12-08,53013.0
Blue,忠孝新生,2017-12-08,46170.5
Blue,忠孝敦化,2017-12-08,94426.0
Blue,國父紀念館,2017-12-08,50828.0
Blue,市政府,2017-12-08,149989.0
Blue,永春,2017-12-08,45036.0
Blue,後山埤,2017-12-08,37558.0
Blue,昆陽,2017-12-08,32505.0
Blue,南港,2017-12-08,41822.0
Blue,忠孝復興,2017-12-08,68701.5
Blue,南港展覽館,2017-12-08,43590.5
Blue,台北車站,2017-12-09,210647.5
Blue,頂埔,2017-12-09,14689.0
Blue,永寧,2017-12-09,25077.0
Blue,土城,2017-12-09,14481.0
Blue,海山,2017-12-09,40746.0
Blue,亞東醫院,2017-12-09,36093.0
Blue,府中,2017-12-09,71947.0
Blue,板橋,2017-12-09,173086.0
Blue,新埔,2017-12-09,79539.0
Blue,江子翠,2017-12-09,49848.0
Blue,龍山寺,2017-12-09,76125.0
Blue,西門,2017-12-09,126476.5
Blue,善導寺,2017-12-09,37427.0
Blue,忠孝新生,2017-12-09,48935.0
Blue,忠孝敦化,2017-12-09,88746.0
Blue,國父紀念館,2017-12-09,43777.0
Blue,市政府,2017-12-09,153832.0
Blue,永春,2017-12-09,37546.0
Blue,後山埤,2017-12-09,32708.0
Blue,昆陽,2017-12-09,21524.0
Blue,南港,2017-12-09,32932.0
Blue,忠孝復興,2017-12-09,72829.5
Blue,南港展覽館,2017-12-09,34838.0
Blue,台北車站,2017-12-10,193035.5
Blue,頂埔,2017-12-10,14305.0
Blue,永寧,2017-12-10,24125.0
Blue,土城,2017-12-10,12912.0
Blue,海山,2017-12-10,36687.0
Blue,亞東醫院,2017-12-10,29537.0
Blue,府中,2017-12-10,59856.0
Blue,板橋,2017-12-10,143807.0
Blue,新埔,2017-12-10,66471.0
Blue,江子翠,2017-12-10,43515.0
Blue,龍山寺,2017-12-10,61922.0
Blue,西門,2017-12-10,106521.5
Blue,善導寺,2017-12-10,31986.0
Blue,忠孝新生,2017-12-10,43101.0
Blue,忠孝敦化,2017-12-10,67987.0
Blue,國父紀念館,2017-12-10,38219.0
Blue,市政府,2017-12-10,131464.0
Blue,永春,2017-12-10,28388.0
Blue,後山埤,2017-12-10,27872.0
Blue,昆陽,2017-12-10,18679.0
Blue,南港,2017-12-10,30900.0
Blue,忠孝復興,2017-12-10,57896.5
Blue,南港展覽館,2017-12-10,30407.5
Blue,台北車站,2017-12-11,148284.5
Blue,頂埔,2017-12-11,16427.0
Blue,永寧,2017-12-11,24831.0
Blue,土城,2017-12-11,14720.0
Blue,海山,2017-12-11,44923.0
Blue,亞東醫院,2017-12-11,45203.0
Blue,府中,2017-12-11,59492.0
Blue,板橋,2017-12-11,96505.0
Blue,新埔,2017-12-11,82875.0
Blue,江子翠,2017-12-11,52625.0
Blue,龍山寺,2017-12-11,59414.0
Blue,西門,2017-12-11,83235.0
Blue,善導寺,2017-12-11,46020.0
Blue,忠孝新生,2017-12-11,37388.0
Blue,忠孝敦化,2017-12-11,73321.0
Blue,國父紀念館,2017-12-11,41781.0
Blue,市政府,2017-12-11,128087.0
Blue,永春,2017-12-11,38536.0
Blue,後山埤,2017-12-11,33967.0
Blue,昆陽,2017-12-11,29192.0
Blue,南港,2017-12-11,33094.0
Blue,忠孝復興,2017-12-11,54882.5
Blue,南港展覽館,2017-12-11,32420.0
Blue,台北車站,2017-12-12,143119.0
Blue,頂埔,2017-12-12,16171.0
Blue,永寧,2017-12-12,24439.0
Blue,土城,2017-12-12,14413.0
Blue,海山,2017-12-12,44745.0
Blue,亞東醫院,2017-12-12,46565.0
Blue,府中,2017-12-12,59270.0
Blue,板橋,2017-12-12,88199.0
Blue,新埔,2017-12-12,86597.0
Blue,江子翠,2017-12-12,53368.0
Blue,龍山寺,2017-12-12,57856.0
Blue,西門,2017-12-12,80108.0
Blue,善導寺,2017-12-12,51516.0
Blue,忠孝新生,2017-12-12,38309.5
Blue,忠孝敦化,2017-12-12,78103.0
Blue,國父紀念館,2017-12-12,44351.0
Blue,市政府,2017-12-12,128353.0
Blue,永春,2017-12-12,42830.0
Blue,後山埤,2017-12-12,35167.0
Blue,昆陽,2017-12-12,30892.0
Blue,南港,2017-12-12,33728.0
Blue,忠孝復興,2017-12-12,57631.0
Blue,南港展覽館,2017-12-12,33014.5
Blue,台北車站,2017-12-13,141564.5
Blue,頂埔,2017-12-13,16507.0
Blue,永寧,2017-12-13,25472.0
Blue,土城,2017-12-13,15010.0
Blue,海山,2017-12-13,45295.0
Blue,亞東醫院,2017-12-13,46597.0
Blue,府中,2017-12-13,60312.0
Blue,板橋,2017-12-13,93321.0
Blue,新埔,2017-12-13,85712.0
Blue,江子翠,2017-12-13,54573.0
Blue,龍山寺,2017-12-13,60421.0
Blue,西門,2017-12-13,82122.0
Blue,善導寺,2017-12-13,52147.0
Blue,忠孝新生,2017-12-13,38282.5
Blue,忠孝敦化,2017-12-13,79105.0
Blue,國父紀念館,2017-12-13,44808.0
Blue,市政府,2017-12-13,130986.0
Blue,永春,2017-12-13,43104.0
Blue,後山埤,2017-12-13,35485.0
Blue,昆陽,2017-12-13,31509.0
Blue,南港,2017-12-13,34481.0
Blue,忠孝復興,2017-12-13,59645.0
Blue,南港展覽館,2017-12-13,34241.0
Blue,台北車站,2017-12-14,145531.0
Blue,頂埔,2017-12-14,16794.0
Blue,永寧,2017-12-14,25888.0
Blue,土城,2017-12-14,14775.0
Blue,海山,2017-12-14,45594.0
Blue,亞東醫院,2017-12-14,46375.0
Blue,府中,2017-12-14,61045.0
Blue,板橋,2017-12-14,99077.0
Blue,新埔,2017-12-14,85585.0
Blue,江子翠,2017-12-14,54632.0
Blue,龍山寺,2017-12-14,61145.0
Blue,西門,2017-12-14,84949.5
Blue,善導寺,2017-12-14,49832.0
Blue,忠孝新生,2017-12-14,39767.0
Blue,忠孝敦化,2017-12-14,79119.0
Blue,國父紀念館,2017-12-14,45777.0
Blue,市政府,2017-12-14,133827.0
Blue,永春,2017-12-14,42406.0
Blue,後山埤,2017-12-14,35022.0
Blue,昆陽,2017-12-14,30526.0
Blue,南港,2017-12-14,35728.0
Blue,忠孝復興,2017-12-14,59563.5
Blue,南港展覽館,2017-12-14,40504.5
Blue,台北車站,2017-12-15,184176.5
Blue,頂埔,2017-12-15,18100.0
Blue,永寧,2017-12-15,30019.0
Blue,土城,2017-12-15,16307.0
Blue,海山,2017-12-15,48965.0
Blue,亞東醫院,2017-12-15,48031.0
Blue,府中,2017-12-15,69152.0
Blue,板橋,2017-12-15,139914.0
Blue,新埔,2017-12-15,91910.0
Blue,江子翠,2017-12-15,57766.0
Blue,龍山寺,2017-12-15,67103.0
Blue,西門,2017-12-15,99350.5
Blue,善導寺,2017-12-15,52315.0
Blue,忠孝新生,2017-12-15,44033.5
Blue,忠孝敦化,2017-12-15,90260.0
Blue,國父紀念館,2017-12-15,50096.0
Blue,市政府,2017-12-15,154606.0
Blue,永春,2017-12-15,45457.0
Blue,後山埤,2017-12-15,37796.0
Blue,昆陽,2017-12-15,32926.0
Blue,南港,2017-12-15,42165.0
Blue,忠孝復興,2017-12-15,68284.5
Blue,南港展覽館,2017-12-15,44492.5
Blue,台北車站,2017-12-16,214696.5
Blue,頂埔,2017-12-16,14527.0
Blue,永寧,2017-12-16,26681.0
Blue,土城,2017-12-16,14841.0
Blue,海山,2017-12-16,41644.0
Blue,亞東醫院,2017-12-16,37829.0
Blue,府中,2017-12-16,76236.0
Blue,板橋,2017-12-16,215482.0
Blue,新埔,2017-12-16,81448.0
Blue,江子翠,2017-12-16,51715.0
Blue,龍山寺,2017-12-16,68228.0
Blue,西門,2017-12-16,129366.5
Blue,善導寺,2017-12-16,43096.0
Blue,忠孝新生,2017-12-16,44367.5
Blue,忠孝敦化,2017-12-16,92686.0
Blue,國父紀念館,2017-12-16,44804.0
Blue,市政府,2017-12-16,156469.0
Blue,永春,2017-12-16,37629.0
Blue,後山埤,2017-12-16,32989.0
Blue,昆陽,2017-12-16,21526.0
Blue,南港,2017-12-16,34374.0
Blue,忠孝復興,2017-12-16,75658.5
Blue,南港展覽館,2017-12-16,38956.5
Blue,台北車站,2017-12-17,217804.5
Blue,頂埔,2017-12-17,13779.0
Blue,永寧,2017-12-17,24129.0
Blue,土城,2017-12-17,12533.0
Blue,海山,2017-12-17,36212.0
Blue,亞東醫院,2017-12-17,29673.0
Blue,府中,2017-12-17,60870.0
Blue,板橋,2017-12-17,147742.0
Blue,新埔,2017-12-17,67505.0
Blue,江子翠,2017-12-17,42392.0
Blue,龍山寺,2017-12-17,60756.0
Blue,西門,2017-12-17,115636.5
Blue,善導寺,2017-12-17,36856.0
Blue,忠孝新生,2017-12-17,39434.5
Blue,忠孝敦化,2017-12-17,73928.0
Blue,國父紀念館,2017-12-17,38963.0
Blue,市政府,2017-12-17,152001.0
Blue,永春,2017-12-17,29686.0
Blue,後山埤,2017-12-17,29450.0
Blue,昆陽,2017-12-17,18598.0
Blue,南港,2017-12-17,31266.0
Blue,忠孝復興,2017-12-17,62708.0
Blue,南港展覽館,2017-12-17,31636.0
Blue,台北車站,2017-12-18,150688.0
Blue,頂埔,2017-12-18,16235.0
Blue,永寧,2017-12-18,24986.0
Blue,土城,2017-12-18,14444.0
Blue,海山,2017-12-18,44850.0
Blue,亞東醫院,2017-12-18,46071.0
Blue,府中,2017-12-18,59627.0
Blue,板橋,2017-12-18,95508.0
Blue,新埔,2017-12-18,84670.0
Blue,江子翠,2017-12-18,53270.0
Blue,龍山寺,2017-12-18,61869.0
Blue,西門,2017-12-18,83891.0
Blue,善導寺,2017-12-18,47747.0
Blue,忠孝新生,2017-12-18,38148.5
Blue,忠孝敦化,2017-12-18,76264.0
Blue,國父紀念館,2017-12-18,43461.0
Blue,市政府,2017-12-18,132252.0
Blue,永春,2017-12-18,42104.0
Blue,後山埤,2017-12-18,34926.0
Blue,昆陽,2017-12-18,30182.0
Blue,南港,2017-12-18,34245.0
Blue,忠孝復興,2017-12-18,57179.5
Blue,南港展覽館,2017-12-18,32077.0
Blue,台北車站,2017-12-19,143992.5
Blue,頂埔,2017-12-19,16365.0
Blue,永寧,2017-12-19,24389.0
Blue,土城,2017-12-19,14463.0
Blue,海山,2017-12-19,45283.0
Blue,亞東醫院,2017-12-19,47166.0
Blue,府中,2017-12-19,59799.0
Blue,板橋,2017-12-19,92436.0
Blue,新埔,2017-12-19,86706.0
Blue,江子翠,2017-12-19,54169.0
Blue,龍山寺,2017-12-19,59277.0
Blue,西門,2017-12-19,83228.0
Blue,善導寺,2017-12-19,50942.0
Blue,忠孝新生,2017-12-19,38767.5
Blue,忠孝敦化,2017-12-19,79146.0
Blue,國父紀念館,2017-12-19,44334.0
Blue,市政府,2017-12-19,132236.0
Blue,永春,2017-12-19,43556.0
Blue,後山埤,2017-12-19,35263.0
Blue,昆陽,2017-12-19,30900.0
Blue,南港,2017-12-19,33602.0
Blue,忠孝復興,2017-12-19,59574.5
Blue,南港展覽館,2017-12-19,32456.0
Blue,台北車站,2017-12-20,146264.0
Blue,頂埔,2017-12-20,16818.0
Blue,永寧,2017-12-20,25888.0
Blue,土城,2017-12-20,15193.0
Blue,海山,2017-12-20,45641.0
Blue,亞東醫院,2017-12-20,46924.0
Blue,府中,2017-12-20,62493.0
Blue,板橋,2017-12-20,100627.0
Blue,新埔,2017-12-20,86608.0
Blue,江子翠,2017-12-20,55189.0
Blue,龍山寺,2017-12-20,62893.0
Blue,西門,2017-12-20,87327.0
Blue,善導寺,2017-12-20,51115.0
Blue,忠孝新生,2017-12-20,39206.0
Blue,忠孝敦化,2017-12-20,81436.0
Blue,國父紀念館,2017-12-20,45611.0
Blue,市政府,2017-12-20,135969.0
Blue,永春,2017-12-20,43175.0
Blue,後山埤,2017-12-20,35099.0
Blue,昆陽,2017-12-20,31020.0
Blue,南港,2017-12-20,34711.0
Blue,忠孝復興,2017-12-20,61170.0
Blue,南港展覽館,2017-12-20,33864.0
Blue,台北車站,2017-12-21,148355.5
Blue,頂埔,2017-12-21,16911.0
Blue,永寧,2017-12-21,25604.0
Blue,土城,2017-12-21,14797.0
Blue,海山,2017-12-21,45757.0
Blue,亞東醫院,2017-12-21,47085.0
Blue,府中,2017-12-21,62358.0
Blue,板橋,2017-12-21,100675.0
Blue,新埔,2017-12-21,87163.0
Blue,江子翠,2017-12-21,54880.0
Blue,龍山寺,2017-12-21,61530.0
Blue,西門,2017-12-21,88145.5
Blue,善導寺,2017-12-21,51099.0
Blue,忠孝新生,2017-12-21,40786.5
Blue,忠孝敦化,2017-12-21,84227.0
Blue,國父紀念館,2017-12-21,45416.0
Blue,市政府,2017-12-21,139624.0
Blue,永春,2017-12-21,43354.0
Blue,後山埤,2017-12-21,34912.0
Blue,昆陽,2017-12-21,31349.0
Blue,南港,2017-12-21,34869.0
Blue,忠孝復興,2017-12-21,61756.0
Blue,南港展覽館,2017-12-21,33636.0
Blue,台北車站,2017-12-22,184239.0
Blue,頂埔,2017-12-22,17872.0
Blue,永寧,2017-12-22,28547.0
Blue,土城,2017-12-22,16092.0
Blue,海山,2017-12-22,48406.0
Blue,亞東醫院,2017-12-22,47924.0
Blue,府中,2017-12-22,68446.0
Blue,板橋,2017-12-22,126894.0
Blue,新埔,2017-12-22,91137.0
Blue,江子翠,2017-12-22,57563.0
Blue,龍山寺,2017-12-22,66393.0
Blue,西門,2017-12-22,103797.5
Blue,善導寺,2017-12-22,54862.0
Blue,忠孝新生,2017-12-22,45643.0
Blue,忠孝敦化,2017-12-22,93786.0
Blue,國父紀念館,2017-12-22,53859.0
Blue,市政府,2017-12-22,159376.0
Blue,永春,2017-12-22,46518.0
Blue,後山埤,2017-12-22,37829.0
Blue,昆陽,2017-12-22,32951.0
Blue,南港,2017-12-22,39656.0
Blue,忠孝復興,2017-12-22,69363.5
Blue,南港展覽館,2017-12-22,36644.5
Blue,台北車站,2017-12-23,227927.0
Blue,頂埔,2017-12-23,16339.0
Blue,永寧,2017-12-23,31243.0
Blue,土城,2017-12-23,16407.0
Blue,海山,2017-12-23,43959.0
Blue,亞東醫院,2017-12-23,39088.0
Blue,府中,2017-12-23,79798.0
Blue,板橋,2017-12-23,212994.0
Blue,新埔,2017-12-23,83299.0
Blue,江子翠,2017-12-23,54035.0
Blue,龍山寺,2017-12-23,76042.0
Blue,西門,2017-12-23,139421.5
Blue,善導寺,2017-12-23,49220.0
Blue,忠孝新生,2017-12-23,49884.0
Blue,忠孝敦化,2017-12-23,95223.0
Blue,國父紀念館,2017-12-23,50962.0
Blue,市政府,2017-12-23,174581.0
Blue,永春,2017-12-23,37907.0
Blue,後山埤,2017-12-23,34799.0
Blue,昆陽,2017-12-23,23018.0
Blue,南港,2017-12-23,34773.0
Blue,忠孝復興,2017-12-23,78928.5
Blue,南港展覽館,2017-12-23,31623.5
Blue,台北車站,2017-12-24,201461.0
Blue,頂埔,2017-12-24,14392.0
Blue,永寧,2017-12-24,24796.0
Blue,土城,2017-12-24,13366.0
Blue,海山,2017-12-24,36471.0
Blue,亞東醫院,2017-12-24,30955.0
Blue,府中,2017-12-24,63283.0
Blue,板橋,2017-12-24,173550.0
Blue,新埔,2017-12-24,67714.0
Blue,江子翠,2017-12-24,43695.0
Blue,龍山寺,2017-12-24,64450.0
Blue,西門,2017-12-24,119321.0
Blue,善導寺,2017-12-24,30929.0
Blue,忠孝新生,2017-12-24,41843.5
Blue,忠孝敦化,2017-12-24,77369.0
Blue,國父紀念館,2017-12-24,42285.0
Blue,市政府,2017-12-24,161462.0
Blue,永春,2017-12-24,30096.0
Blue,後山埤,2017-12-24,29034.0
Blue,昆陽,2017-12-24,18713.0
Blue,南港,2017-12-24,30385.0
Blue,忠孝復興,2017-12-24,65730.5
Blue,南港展覽館,2017-12-24,23329.5
Blue,台北車站,2017-12-25,162676.0
Blue,頂埔,2017-12-25,16605.0
Blue,永寧,2017-12-25,25758.0
Blue,土城,2017-12-25,14625.0
Blue,海山,2017-12-25,44960.0
Blue,亞東醫院,2017-12-25,45746.0
Blue,府中,2017-12-25,63388.0
Blue,板橋,2017-12-25,122656.0
Blue,新埔,2017-12-25,85509.0
Blue,江子翠,2017-12-25,53977.0
Blue,龍山寺,2017-12-25,64885.0
Blue,西門,2017-12-25,96186.0
Blue,善導寺,2017-12-25,49013.0
Blue,忠孝新生,2017-12-25,41902.0
Blue,忠孝敦化,2017-12-25,84956.0
Blue,國父紀念館,2017-12-25,47811.0
Blue,市政府,2017-12-25,153986.0
Blue,永春,2017-12-25,40768.0
Blue,後山埤,2017-12-25,34904.0
Blue,昆陽,2017-12-25,30297.0
Blue,南港,2017-12-25,34807.0
Blue,忠孝復興,2017-12-25,64410.0
Blue,南港展覽館,2017-12-25,31866.5
Blue,台北車站,2017-12-26,144006.5
Blue,頂埔,2017-12-26,16553.0
Blue,永寧,2017-12-26,24623.0
Blue,土城,2017-12-26,14467.0
Blue,海山,2017-12-26,45109.0
Blue,亞東醫院,2017-12-26,46355.0
Blue,府中,2017-12-26,60394.0
Blue,板橋,2017-12-26,92656.0
Blue,新埔,2017-12-26,84983.0
Blue,江子翠,2017-12-26,53519.0
Blue,龍山寺,2017-12-26,62419.0
Blue,西門,2017-12-26,85976.5
Blue,善導寺,2017-12-26,50237.0
Blue,忠孝新生,2017-12-26,39048.0
Blue,忠孝敦化,2017-12-26,79659.0
Blue,國父紀念館,2017-12-26,45499.0
Blue,市政府,2017-12-26,131412.0
Blue,永春,2017-12-26,42055.0
Blue,後山埤,2017-12-26,34477.0
Blue,昆陽,2017-12-26,30231.0
Blue,南港,2017-12-26,33647.0
Blue,忠孝復興,2017-12-26,60010.0
Blue,南港展覽館,2017-12-26,32312.0
Blue,台北車站,2017-12-27,146343.5
Blue,頂埔,2017-12-27,16577.0
Blue,永寧,2017-12-27,25532.0
Blue,土城,2017-12-27,14408.0
Blue,海山,2017-12-27,44805.0
Blue,亞東醫院,2017-12-27,46077.0
Blue,府中,2017-12-27,61573.0
Blue,板橋,2017-12-27,92981.0
Blue,新埔,2017-12-27,85262.0
Blue,江子翠,2017-12-27,54308.0
Blue,龍山寺,2017-12-27,62884.0
Blue,西門,2017-12-27,88289.5
Blue,善導寺,2017-12-27,51504.0
Blue,忠孝新生,2017-12-27,40781.0
Blue,忠孝敦化,2017-12-27,81515.0
Blue,國父紀念館,2017-12-27,46737.0
Blue,市政府,2017-12-27,132851.0
Blue,永春,2017-12-27,42961.0
Blue,後山埤,2017-12-27,34970.0
Blue,昆陽,2017-12-27,30852.0
Blue,南港,2017-12-27,34219.0
Blue,忠孝復興,2017-12-27,61418.5
Blue,南港展覽館,2017-12-27,33398.5
Blue,台北車站,2017-12-28,149851.5
Blue,頂埔,2017-12-28,16684.0
Blue,永寧,2017-12-28,25434.0
Blue,土城,2017-12-28,14725.0
Blue,海山,2017-12-28,45759.0
Blue,亞東醫院,2017-12-28,46087.0
Blue,府中,2017-12-28,61286.0
Blue,板橋,2017-12-28,94190.0
Blue,新埔,2017-12-28,84637.0
Blue,江子翠,2017-12-28,54556.0
Blue,龍山寺,2017-12-28,63286.0
Blue,西門,2017-12-28,88429.0
Blue,善導寺,2017-12-28,50627.0
Blue,忠孝新生,2017-12-28,40236.5
Blue,忠孝敦化,2017-12-28,82451.0
Blue,國父紀念館,2017-12-28,47530.0
Blue,市政府,2017-12-28,135726.0
Blue,永春,2017-12-28,42567.0
Blue,後山埤,2017-12-28,35028.0
Blue,昆陽,2017-12-28,30779.0
Blue,南港,2017-12-28,35109.0
Blue,忠孝復興,2017-12-28,62812.5
Blue,南港展覽館,2017-12-28,34092.5
Blue,台北車站,2017-12-29,189845.0
Blue,頂埔,2017-12-29,17846.0
Blue,永寧,2017-12-29,28262.0
Blue,土城,2017-12-29,15723.0
Blue,海山,2017-12-29,47355.0
Blue,亞東醫院,2017-12-29,46947.0
Blue,府中,2017-12-29,66056.0
Blue,板橋,2017-12-29,109153.0
Blue,新埔,2017-12-29,89965.0
Blue,江子翠,2017-12-29,56387.0
Blue,龍山寺,2017-12-29,66627.0
Blue,西門,2017-12-29,104016.0
Blue,善導寺,2017-12-29,47239.0
Blue,忠孝新生,2017-12-29,44608.0
Blue,忠孝敦化,2017-12-29,92623.0
Blue,國父紀念館,2017-12-29,52764.0
Blue,市政府,2017-12-29,155800.0
Blue,永春,2017-12-29,46301.0
Blue,後山埤,2017-12-29,38362.0
Blue,昆陽,2017-12-29,32353.0
Blue,南港,2017-12-29,43213.0
Blue,忠孝復興,2017-12-29,73204.0
Blue,南港展覽館,2017-12-29,36106.5
Blue,台北車站,2017-12-30,199323.5
Blue,頂埔,2017-12-30,14342.0
Blue,永寧,2017-12-30,24539.0
Blue,土城,2017-12-30,13866.0
Blue,海山,2017-12-30,37065.0
Blue,亞東醫院,2017-12-30,33494.0
Blue,府中,2017-12-30,64460.0
Blue,板橋,2017-12-30,131830.0
Blue,新埔,2017-12-30,69292.0
Blue,江子翠,2017-12-30,45942.0
Blue,龍山寺,2017-12-30,67705.0
Blue,西門,2017-12-30,127269.0
Blue,善導寺,2017-12-30,33920.0
Blue,忠孝新生,2017-12-30,44740.0
Blue,忠孝敦化,2017-12-30,86015.0
Blue,國父紀念館,2017-12-30,46013.0
Blue,市政府,2017-12-30,143370.0
Blue,永春,2017-12-30,33895.0
Blue,後山埤,2017-12-30,31992.0
Blue,昆陽,2017-12-30,20226.0
Blue,南港,2017-12-30,37956.0
Blue,忠孝復興,2017-12-30,74959.0
Blue,南港展覽館,2017-12-30,43858.0
Blue,台北車站,2017-12-31,215808.0
Blue,頂埔,2017-12-31,17215.0
Blue,永寧,2017-12-31,25807.0
Blue,土城,2017-12-31,13780.0
Blue,海山,2017-12-31,38497.0
Blue,亞東醫院,2017-12-31,31799.0
Blue,府中,2017-12-31,66125.0
Blue,板橋,2017-12-31,135124.0
Blue,新埔,2017-12-31,69044.0
Blue,江子翠,2017-12-31,45401.0
Blue,龍山寺,2017-12-31,73834.0
Blue,西門,2017-12-31,158547.0
Blue,善導寺,2017-12-31,33833.0
Blue,忠孝新生,2017-12-31,45598.0
Blue,忠孝敦化,2017-12-31,94212.0
Blue,國父紀念館,2017-12-31,100963.0
Blue,市政府,2017-12-31,244557.0
Blue,永春,2017-12-31,47718.0
Blue,後山埤,2017-12-31,36605.0
Blue,昆陽,2017-12-31,22299.0
Blue,南港,2017-12-31,45682.0
Blue,忠孝復興,2017-12-31,80200.0
Blue,南港展覽館,2017-12-31,51573.0
Blue,台北車站,2018-01-01,12491.5
Blue,頂埔,2018-01-01,2028.0
Blue,永寧,2018-01-01,1886.0
Blue,土城,2018-01-01,1167.0
Blue,海山,2018-01-01,3104.0
Blue,亞東醫院,2018-01-01,2448.0
Blue,府中,2018-01-01,4652.0
Blue,板橋,2018-01-01,7020.0
Blue,新埔,2018-01-01,4208.0
Blue,江子翠,2018-01-01,3067.0
Blue,龍山寺,2018-01-01,2935.0
Blue,西門,2018-01-01,10028.5
Blue,善導寺,2018-01-01,2418.0
Blue,忠孝新生,2018-01-01,1992.0
Blue,忠孝敦化,2018-01-01,9218.0
Blue,國父紀念館,2018-01-01,9602.0
Blue,市政府,2018-01-01,22495.0
Blue,永春,2018-01-01,4727.0
Blue,後山埤,2018-01-01,2036.0
Blue,昆陽,2018-01-01,1159.0
Blue,南港,2018-01-01,1534.0
Blue,忠孝復興,2018-01-01,4767.5
Blue,南港展覽館,2018-01-01,2369.5
