line,station,date,people
Brown,松山機場,2024-01-01,7826
Brown,中山國中,2024-01-01,13441
Brown,南京復興,2024-01-01,17202
Brown,忠孝復興,2024-01-01,24560
Brown,大安,2024-01-01,8569
Brown,科技大樓,2024-01-01,13323
Brown,六張犁,2024-01-01,12036
Brown,麟光,2024-01-01,5949
Brown,辛亥,2024-01-01,4110
Brown,萬芳醫院,2024-01-01,12023
Brown,萬芳社區,2024-01-01,2683
Brown,木柵,2024-01-01,5244
Brown,動物園,2024-01-01,17263
Brown,大直,2024-01-01,9205
Brown,劍南路,2024-01-01,19038
Brown,西湖,2024-01-01,7728
Brown,港墘,2024-01-01,10064
Brown,文德,2024-01-01,6371
Brown,內湖,2024-01-01,13355
Brown,大湖公園,2024-01-01,8249
Brown,葫洲,2024-01-01,9088
Brown,東湖,2024-01-01,9322
Brown,南港軟體園區,2024-01-01,4755
Brown,南港展覽館,2024-01-01,11522
Brown,松山機場,2024-01-02,9628
Brown,中山國中,2024-01-02,27345
Brown,南京復興,2024-01-02,42778
Brown,忠孝復興,2024-01-02,30275
Brown,大安,2024-01-02,23778
Brown,科技大樓,2024-01-02,27818
Brown,六張犁,2024-01-02,22318
Brown,麟光,2024-01-02,8349
Brown,辛亥,2024-01-02,6788
Brown,萬芳醫院,2024-01-02,25356
Brown,萬芳社區,2024-01-02,4868
Brown,木柵,2024-01-02,9209
Brown,動物園,2024-01-02,14885
Brown,大直,2024-01-02,19226
Brown,劍南路,2024-01-02,22724
Brown,西湖,2024-01-02,32886
Brown,港墘,2024-01-02,37916
Brown,文德,2024-01-02,11627
Brown,內湖,2024-01-02,19504
Brown,大湖公園,2024-01-02,8148
Brown,葫洲,2024-01-02,17523
Brown,東湖,2024-01-02,17313
Brown,南港軟體園區,2024-01-02,13826
Brown,南港展覽館,2024-01-02,21905
Brown,松山機場,2024-01-03,9529
Brown,中山國中,2024-01-03,28922
Brown,南京復興,2024-01-03,45019
Brown,忠孝復興,2024-01-03,32160
Brown,大安,2024-01-03,24754
Brown,科技大樓,2024-01-03,29119
Brown,六張犁,2024-01-03,22711
Brown,麟光,2024-01-03,8406
Brown,辛亥,2024-01-03,6882
Brown,萬芳醫院,2024-01-03,27352
Brown,萬芳社區,2024-01-03,4831
Brown,木柵,2024-01-03,9212
Brown,動物園,2024-01-03,10246
Brown,大直,2024-01-03,19498
Brown,劍南路,2024-01-03,22611
Brown,西湖,2024-01-03,33965
Brown,港墘,2024-01-03,39636
Brown,文德,2024-01-03,11923
Brown,內湖,2024-01-03,19960
Brown,大湖公園,2024-01-03,6703
Brown,葫洲,2024-01-03,18168
Brown,東湖,2024-01-03,17207
Brown,南港軟體園區,2024-01-03,14799
Brown,南港展覽館,2024-01-03,22667
Brown,松山機場,2024-01-04,9423
Brown,中山國中,2024-01-04,28709
Brown,南京復興,2024-01-04,45819
Brown,忠孝復興,2024-01-04,32905
Brown,大安,2024-01-04,25371
Brown,科技大樓,2024-01-04,28988
Brown,六張犁,2024-01-04,22763
Brown,麟光,2024-01-04,8442
Brown,辛亥,2024-01-04,7070
Brown,萬芳醫院,2024-01-04,25984
Brown,萬芳社區,2024-01-04,4863
Brown,木柵,2024-01-04,9169
Brown,動物園,2024-01-04,13169
Brown,大直,2024-01-04,20123
Brown,劍南路,2024-01-04,24241
Brown,西湖,2024-01-04,34199
Brown,港墘,2024-01-04,39345
Brown,文德,2024-01-04,12218
Brown,內湖,2024-01-04,20339
Brown,大湖公園,2024-01-04,7773
Brown,葫洲,2024-01-04,18372
Brown,東湖,2024-01-04,17349
Brown,南港軟體園區,2024-01-04,14378
Brown,南港展覽館,2024-01-04,26560
Brown,松山機場,2024-01-05,10168
Brown,中山國中,2024-01-05,30410
Brown,南京復興,2024-01-05,47954
Brown,忠孝復興,2024-01-05,37005
Brown,大安,2024-01-05,25991
Brown,科技大樓,2024-01-05,29822
Brown,六張犁,2024-01-05,24096
Brown,麟光,2024-01-05,8838
Brown,辛亥,2024-01-05,7300
Brown,萬芳醫院,2024-01-05,27909
Brown,萬芳社區,2024-01-05,5150
Brown,木柵,2024-01-05,9513
Brown,動物園,2024-01-05,14282
Brown,大直,2024-01-05,20629
Brown,劍南路,2024-01-05,27525
Brown,西湖,2024-01-05,34501
Brown,港墘,2024-01-05,39937
Brown,文德,2024-01-05,13077
Brown,內湖,2024-01-05,21407
Brown,大湖公園,2024-01-05,9004
Brown,葫洲,2024-01-05,19055
Brown,東湖,2024-01-05,18565
Brown,南港軟體園區,2024-01-05,14824
Brown,南港展覽館,2024-01-05,23286
Brown,松山機場,2024-01-06,6775
Brown,中山國中,2024-01-06,18885
Brown,南京復興,2024-01-06,27650
Brown,忠孝復興,2024-01-06,34575
Brown,大安,2024-01-06,15014
Brown,科技大樓,2024-01-06,21103
Brown,六張犁,2024-01-06,16861
Brown,麟光,2024-01-06,7593
Brown,辛亥,2024-01-06,5609
Brown,萬芳醫院,2024-01-06,15879
Brown,萬芳社區,2024-01-06,3447
Brown,木柵,2024-01-06,6703
Brown,動物園,2024-01-06,16974
Brown,大直,2024-01-06,13212
Brown,劍南路,2024-01-06,23850
Brown,西湖,2024-01-06,10833
Brown,港墘,2024-01-06,15024
Brown,文德,2024-01-06,8683
Brown,內湖,2024-01-06,17920
Brown,大湖公園,2024-01-06,9729
Brown,葫洲,2024-01-06,11766
Brown,東湖,2024-01-06,12496
Brown,南港軟體園區,2024-01-06,5295
Brown,南港展覽館,2024-01-06,18580
Brown,松山機場,2024-01-07,6800
Brown,中山國中,2024-01-07,14710
Brown,南京復興,2024-01-07,20718
Brown,忠孝復興,2024-01-07,25520
Brown,大安,2024-01-07,11017
Brown,科技大樓,2024-01-07,17647
Brown,六張犁,2024-01-07,12815
Brown,麟光,2024-01-07,6287
Brown,辛亥,2024-01-07,4475
Brown,萬芳醫院,2024-01-07,12276
Brown,萬芳社區,2024-01-07,2881
Brown,木柵,2024-01-07,5047
Brown,動物園,2024-01-07,13072
Brown,大直,2024-01-07,10631
Brown,劍南路,2024-01-07,19457
Brown,西湖,2024-01-07,8200
Brown,港墘,2024-01-07,11409
Brown,文德,2024-01-07,6830
Brown,內湖,2024-01-07,14067
Brown,大湖公園,2024-01-07,7391
Brown,葫洲,2024-01-07,9249
Brown,東湖,2024-01-07,10115
Brown,南港軟體園區,2024-01-07,4477
Brown,南港展覽館,2024-01-07,9179
Brown,松山機場,2024-01-08,9553
Brown,中山國中,2024-01-08,27467
Brown,南京復興,2024-01-08,43280
Brown,忠孝復興,2024-01-08,30238
Brown,大安,2024-01-08,23864
Brown,科技大樓,2024-01-08,26664
Brown,六張犁,2024-01-08,21766
Brown,麟光,2024-01-08,8205
Brown,辛亥,2024-01-08,6941
Brown,萬芳醫院,2024-01-08,24632
Brown,萬芳社區,2024-01-08,4868
Brown,木柵,2024-01-08,9073
Brown,動物園,2024-01-08,10048
Brown,大直,2024-01-08,19120
Brown,劍南路,2024-01-08,22144
Brown,西湖,2024-01-08,33221
Brown,港墘,2024-01-08,37468
Brown,文德,2024-01-08,11820
Brown,內湖,2024-01-08,19146
Brown,大湖公園,2024-01-08,7932
Brown,葫洲,2024-01-08,17390
Brown,東湖,2024-01-08,17061
Brown,南港軟體園區,2024-01-08,13995
Brown,南港展覽館,2024-01-08,21860
Brown,松山機場,2024-01-09,9083
Brown,中山國中,2024-01-09,28666
Brown,南京復興,2024-01-09,45538
Brown,忠孝復興,2024-01-09,32102
Brown,大安,2024-01-09,24917
Brown,科技大樓,2024-01-09,27987
Brown,六張犁,2024-01-09,22838
Brown,麟光,2024-01-09,8382
Brown,辛亥,2024-01-09,7072
Brown,萬芳醫院,2024-01-09,24165
Brown,萬芳社區,2024-01-09,4993
Brown,木柵,2024-01-09,9366
Brown,動物園,2024-01-09,11518
Brown,大直,2024-01-09,18146
Brown,劍南路,2024-01-09,22863
Brown,西湖,2024-01-09,34373
Brown,港墘,2024-01-09,39336
Brown,文德,2024-01-09,11892
Brown,內湖,2024-01-09,19677
Brown,大湖公園,2024-01-09,7196
Brown,葫洲,2024-01-09,18020
Brown,東湖,2024-01-09,17628
Brown,南港軟體園區,2024-01-09,14656
Brown,南港展覽館,2024-01-09,22236
Brown,松山機場,2024-01-10,9339
Brown,中山國中,2024-01-10,28799
Brown,南京復興,2024-01-10,45953
Brown,忠孝復興,2024-01-10,32902
Brown,大安,2024-01-10,24956
Brown,科技大樓,2024-01-10,28468
Brown,六張犁,2024-01-10,22724
Brown,麟光,2024-01-10,8444
Brown,辛亥,2024-01-10,7383
Brown,萬芳醫院,2024-01-10,24072
Brown,萬芳社區,2024-01-10,5161
Brown,木柵,2024-01-10,9369
Brown,動物園,2024-01-10,11317
Brown,大直,2024-01-10,18060
Brown,劍南路,2024-01-10,23001
Brown,西湖,2024-01-10,34299
Brown,港墘,2024-01-10,39291
Brown,文德,2024-01-10,11957
Brown,內湖,2024-01-10,20255
Brown,大湖公園,2024-01-10,7452
Brown,葫洲,2024-01-10,18398
Brown,東湖,2024-01-10,17772
Brown,南港軟體園區,2024-01-10,14408
Brown,南港展覽館,2024-01-10,22395
Brown,松山機場,2024-01-11,9746
Brown,中山國中,2024-01-11,29630
Brown,南京復興,2024-01-11,46981
Brown,忠孝復興,2024-01-11,33614
Brown,大安,2024-01-11,25482
Brown,科技大樓,2024-01-11,28506
Brown,六張犁,2024-01-11,23466
Brown,麟光,2024-01-11,8831
Brown,辛亥,2024-01-11,7231
Brown,萬芳醫院,2024-01-11,24495
Brown,萬芳社區,2024-01-11,5025
Brown,木柵,2024-01-11,9495
Brown,動物園,2024-01-11,12863
Brown,大直,2024-01-11,17937
Brown,劍南路,2024-01-11,24988
Brown,西湖,2024-01-11,34765
Brown,港墘,2024-01-11,39160
Brown,文德,2024-01-11,12450
Brown,內湖,2024-01-11,21094
Brown,大湖公園,2024-01-11,8228
Brown,葫洲,2024-01-11,18494
Brown,東湖,2024-01-11,17991
Brown,南港軟體園區,2024-01-11,14493
Brown,南港展覽館,2024-01-11,23298
Brown,松山機場,2024-01-12,10928
Brown,中山國中,2024-01-12,30354
Brown,南京復興,2024-01-12,48579
Brown,忠孝復興,2024-01-12,37390
Brown,大安,2024-01-12,25926
Brown,科技大樓,2024-01-12,29548
Brown,六張犁,2024-01-12,23985
Brown,麟光,2024-01-12,9214
Brown,辛亥,2024-01-12,7573
Brown,萬芳醫院,2024-01-12,26667
Brown,萬芳社區,2024-01-12,5393
Brown,木柵,2024-01-12,10090
Brown,動物園,2024-01-12,12997
Brown,大直,2024-01-12,19032
Brown,劍南路,2024-01-12,28410
Brown,西湖,2024-01-12,34672
Brown,港墘,2024-01-12,40062
Brown,文德,2024-01-12,13609
Brown,內湖,2024-01-12,22312
Brown,大湖公園,2024-01-12,9044
Brown,葫洲,2024-01-12,19672
Brown,東湖,2024-01-12,19472
Brown,南港軟體園區,2024-01-12,14734
Brown,南港展覽館,2024-01-12,24999
Brown,松山機場,2024-01-13,8117
Brown,中山國中,2024-01-13,17757
Brown,南京復興,2024-01-13,23462
Brown,忠孝復興,2024-01-13,30223
Brown,大安,2024-01-13,13775
Brown,科技大樓,2024-01-13,17716
Brown,六張犁,2024-01-13,15667
Brown,麟光,2024-01-13,8007
Brown,辛亥,2024-01-13,5836
Brown,萬芳醫院,2024-01-13,16352
Brown,萬芳社區,2024-01-13,3761
Brown,木柵,2024-01-13,6837
Brown,動物園,2024-01-13,13131
Brown,大直,2024-01-13,12280
Brown,劍南路,2024-01-13,18422
Brown,西湖,2024-01-13,9558
Brown,港墘,2024-01-13,13536
Brown,文德,2024-01-13,8481
Brown,內湖,2024-01-13,18025
Brown,大湖公園,2024-01-13,8178
Brown,葫洲,2024-01-13,11737
Brown,東湖,2024-01-13,13586
Brown,南港軟體園區,2024-01-13,5232
Brown,南港展覽館,2024-01-13,11638
Brown,松山機場,2024-01-14,7349
Brown,中山國中,2024-01-14,15028
Brown,南京復興,2024-01-14,20223
Brown,忠孝復興,2024-01-14,26292
Brown,大安,2024-01-14,10449
Brown,科技大樓,2024-01-14,15090
Brown,六張犁,2024-01-14,13344
Brown,麟光,2024-01-14,6926
Brown,辛亥,2024-01-14,4663
Brown,萬芳醫院,2024-01-14,12341
Brown,萬芳社區,2024-01-14,3124
Brown,木柵,2024-01-14,6076
Brown,動物園,2024-01-14,16093
Brown,大直,2024-01-14,10526
Brown,劍南路,2024-01-14,22577
Brown,西湖,2024-01-14,8257
Brown,港墘,2024-01-14,11637
Brown,文德,2024-01-14,7592
Brown,內湖,2024-01-14,15603
Brown,大湖公園,2024-01-14,10214
Brown,葫洲,2024-01-14,9581
Brown,東湖,2024-01-14,10797
Brown,南港軟體園區,2024-01-14,4852
Brown,南港展覽館,2024-01-14,15292
Brown,松山機場,2024-01-15,9802
Brown,中山國中,2024-01-15,26982
Brown,南京復興,2024-01-15,44135
Brown,忠孝復興,2024-01-15,30616
Brown,大安,2024-01-15,24017
Brown,科技大樓,2024-01-15,26764
Brown,六張犁,2024-01-15,21742
Brown,麟光,2024-01-15,8139
Brown,辛亥,2024-01-15,6644
Brown,萬芳醫院,2024-01-15,23188
Brown,萬芳社區,2024-01-15,4694
Brown,木柵,2024-01-15,8656
Brown,動物園,2024-01-15,8273
Brown,大直,2024-01-15,16100
Brown,劍南路,2024-01-15,22743
Brown,西湖,2024-01-15,31279
Brown,港墘,2024-01-15,37643
Brown,文德,2024-01-15,11621
Brown,內湖,2024-01-15,19154
Brown,大湖公園,2024-01-15,6550
Brown,葫洲,2024-01-15,16297
Brown,東湖,2024-01-15,16657
Brown,南港軟體園區,2024-01-15,15115
Brown,南港展覽館,2024-01-15,21390
Brown,松山機場,2024-01-16,9495
Brown,中山國中,2024-01-16,28567
Brown,南京復興,2024-01-16,45632
Brown,忠孝復興,2024-01-16,32295
Brown,大安,2024-01-16,24967
Brown,科技大樓,2024-01-16,26814
Brown,六張犁,2024-01-16,22552
Brown,麟光,2024-01-16,8276
Brown,辛亥,2024-01-16,7049
Brown,萬芳醫院,2024-01-16,23630
Brown,萬芳社區,2024-01-16,5127
Brown,木柵,2024-01-16,9092
Brown,動物園,2024-01-16,10554
Brown,大直,2024-01-16,16721
Brown,劍南路,2024-01-16,24078
Brown,西湖,2024-01-16,32922
Brown,港墘,2024-01-16,39622
Brown,文德,2024-01-16,11909
Brown,內湖,2024-01-16,20012
Brown,大湖公園,2024-01-16,7457
Brown,葫洲,2024-01-16,17125
Brown,東湖,2024-01-16,17634
Brown,南港軟體園區,2024-01-16,14713
Brown,南港展覽館,2024-01-16,25033
Brown,松山機場,2024-01-17,9805
Brown,中山國中,2024-01-17,28676
Brown,南京復興,2024-01-17,45490
Brown,忠孝復興,2024-01-17,32309
Brown,大安,2024-01-17,24853
Brown,科技大樓,2024-01-17,27138
Brown,六張犁,2024-01-17,22510
Brown,麟光,2024-01-17,8443
Brown,辛亥,2024-01-17,7355
Brown,萬芳醫院,2024-01-17,23783
Brown,萬芳社區,2024-01-17,5076
Brown,木柵,2024-01-17,9306
Brown,動物園,2024-01-17,10641
Brown,大直,2024-01-17,17272
Brown,劍南路,2024-01-17,24893
Brown,西湖,2024-01-17,34716
Brown,港墘,2024-01-17,40127
Brown,文德,2024-01-17,12179
Brown,內湖,2024-01-17,20484
Brown,大湖公園,2024-01-17,8234
Brown,葫洲,2024-01-17,16650
Brown,東湖,2024-01-17,17761
Brown,南港軟體園區,2024-01-17,14750
Brown,南港展覽館,2024-01-17,27914
Brown,松山機場,2024-01-18,9488
Brown,中山國中,2024-01-18,28958
Brown,南京復興,2024-01-18,45546
Brown,忠孝復興,2024-01-18,33457
Brown,大安,2024-01-18,25007
Brown,科技大樓,2024-01-18,27341
Brown,六張犁,2024-01-18,22772
Brown,麟光,2024-01-18,8583
Brown,辛亥,2024-01-18,7235
Brown,萬芳醫院,2024-01-18,23931
Brown,萬芳社區,2024-01-18,5004
Brown,木柵,2024-01-18,9302
Brown,動物園,2024-01-18,11912
Brown,大直,2024-01-18,17195
Brown,劍南路,2024-01-18,26328
Brown,西湖,2024-01-18,32483
Brown,港墘,2024-01-18,38886
Brown,文德,2024-01-18,12164
Brown,內湖,2024-01-18,20392
Brown,大湖公園,2024-01-18,8337
Brown,葫洲,2024-01-18,16851
Brown,東湖,2024-01-18,17893
Brown,南港軟體園區,2024-01-18,14526
Brown,南港展覽館,2024-01-18,23083
Brown,松山機場,2024-01-19,10156
Brown,中山國中,2024-01-19,30689
Brown,南京復興,2024-01-19,47935
Brown,忠孝復興,2024-01-19,38858
Brown,大安,2024-01-19,26471
Brown,科技大樓,2024-01-19,28357
Brown,六張犁,2024-01-19,24912
Brown,麟光,2024-01-19,9108
Brown,辛亥,2024-01-19,7756
Brown,萬芳醫院,2024-01-19,24510
Brown,萬芳社區,2024-01-19,5198
Brown,木柵,2024-01-19,10029
Brown,動物園,2024-01-19,11913
Brown,大直,2024-01-19,18288
Brown,劍南路,2024-01-19,31567
Brown,西湖,2024-01-19,32815
Brown,港墘,2024-01-19,40925
Brown,文德,2024-01-19,14058
Brown,內湖,2024-01-19,23072
Brown,大湖公園,2024-01-19,8728
Brown,葫洲,2024-01-19,18365
Brown,東湖,2024-01-19,20271
Brown,南港軟體園區,2024-01-19,15943
Brown,南港展覽館,2024-01-19,25301
Brown,松山機場,2024-01-20,7077
Brown,中山國中,2024-01-20,19422
Brown,南京復興,2024-01-20,27495
Brown,忠孝復興,2024-01-20,36247
Brown,大安,2024-01-20,15322
Brown,科技大樓,2024-01-20,20463
Brown,六張犁,2024-01-20,17171
Brown,麟光,2024-01-20,7738
Brown,辛亥,2024-01-20,5743
Brown,萬芳醫院,2024-01-20,15585
Brown,萬芳社區,2024-01-20,3667
Brown,木柵,2024-01-20,6968
Brown,動物園,2024-01-20,14256
Brown,大直,2024-01-20,12782
Brown,劍南路,2024-01-20,26866
Brown,西湖,2024-01-20,10483
Brown,港墘,2024-01-20,15657
Brown,文德,2024-01-20,9751
Brown,內湖,2024-01-20,17863
Brown,大湖公園,2024-01-20,7707
Brown,葫洲,2024-01-20,11674
Brown,東湖,2024-01-20,12899
Brown,南港軟體園區,2024-01-20,5317
Brown,南港展覽館,2024-01-20,16186
Brown,松山機場,2024-01-21,6960
Brown,中山國中,2024-01-21,16358
Brown,南京復興,2024-01-21,19997
Brown,忠孝復興,2024-01-21,27308
Brown,大安,2024-01-21,11231
Brown,科技大樓,2024-01-21,16102
Brown,六張犁,2024-01-21,13894
Brown,麟光,2024-01-21,6380
Brown,辛亥,2024-01-21,4456
Brown,萬芳醫院,2024-01-21,11347
Brown,萬芳社區,2024-01-21,2658
Brown,木柵,2024-01-21,5587
Brown,動物園,2024-01-21,9898
Brown,大直,2024-01-21,10174
Brown,劍南路,2024-01-21,20614
Brown,西湖,2024-01-21,8114
Brown,港墘,2024-01-21,13464
Brown,文德,2024-01-21,8296
Brown,內湖,2024-01-21,14548
Brown,大湖公園,2024-01-21,5658
Brown,葫洲,2024-01-21,9270
Brown,東湖,2024-01-21,10166
Brown,南港軟體園區,2024-01-21,4881
Brown,南港展覽館,2024-01-21,12467
Brown,松山機場,2024-01-22,9568
Brown,中山國中,2024-01-22,27896
Brown,南京復興,2024-01-22,45032
Brown,忠孝復興,2024-01-22,31691
Brown,大安,2024-01-22,22183
Brown,科技大樓,2024-01-22,26950
Brown,六張犁,2024-01-22,22851
Brown,麟光,2024-01-22,8310
Brown,辛亥,2024-01-22,6784
Brown,萬芳醫院,2024-01-22,22587
Brown,萬芳社區,2024-01-22,4590
Brown,木柵,2024-01-22,8200
Brown,動物園,2024-01-22,8533
Brown,大直,2024-01-22,15126
Brown,劍南路,2024-01-22,24268
Brown,西湖,2024-01-22,31481
Brown,港墘,2024-01-22,36896
Brown,文德,2024-01-22,11388
Brown,內湖,2024-01-22,19971
Brown,大湖公園,2024-01-22,6353
Brown,葫洲,2024-01-22,16590
Brown,東湖,2024-01-22,16187
Brown,南港軟體園區,2024-01-22,15568
Brown,南港展覽館,2024-01-22,20819
Brown,松山機場,2024-01-23,9570
Brown,中山國中,2024-01-23,29485
Brown,南京復興,2024-01-23,46363
Brown,忠孝復興,2024-01-23,33144
Brown,大安,2024-01-23,25360
Brown,科技大樓,2024-01-23,27650
Brown,六張犁,2024-01-23,22670
Brown,麟光,2024-01-23,8329
Brown,辛亥,2024-01-23,6927
Brown,萬芳醫院,2024-01-23,23558
Brown,萬芳社區,2024-01-23,4440
Brown,木柵,2024-01-23,8501
Brown,動物園,2024-01-23,8003
Brown,大直,2024-01-23,16029
Brown,劍南路,2024-01-23,23616
Brown,西湖,2024-01-23,32541
Brown,港墘,2024-01-23,39105
Brown,文德,2024-01-23,12022
Brown,內湖,2024-01-23,19981
Brown,大湖公園,2024-01-23,5962
Brown,葫洲,2024-01-23,16127
Brown,東湖,2024-01-23,17539
Brown,南港軟體園區,2024-01-23,15745
Brown,南港展覽館,2024-01-23,21609
Brown,松山機場,2024-01-24,9607
Brown,中山國中,2024-01-24,29113
Brown,南京復興,2024-01-24,46462
Brown,忠孝復興,2024-01-24,33088
Brown,大安,2024-01-24,25433
Brown,科技大樓,2024-01-24,28070
Brown,六張犁,2024-01-24,22440
Brown,麟光,2024-01-24,8647
Brown,辛亥,2024-01-24,7153
Brown,萬芳醫院,2024-01-24,23659
Brown,萬芳社區,2024-01-24,4704
Brown,木柵,2024-01-24,8669
Brown,動物園,2024-01-24,10181
Brown,大直,2024-01-24,16381
Brown,劍南路,2024-01-24,24946
Brown,西湖,2024-01-24,32345
Brown,港墘,2024-01-24,39477
Brown,文德,2024-01-24,12102
Brown,內湖,2024-01-24,20168
Brown,大湖公園,2024-01-24,6286
Brown,葫洲,2024-01-24,16242
Brown,東湖,2024-01-24,17870
Brown,南港軟體園區,2024-01-24,15219
Brown,南港展覽館,2024-01-24,23422
Brown,松山機場,2024-01-25,10140
Brown,中山國中,2024-01-25,29593
Brown,南京復興,2024-01-25,47690
Brown,忠孝復興,2024-01-25,34697
Brown,大安,2024-01-25,25910
Brown,科技大樓,2024-01-25,28554
Brown,六張犁,2024-01-25,23813
Brown,麟光,2024-01-25,8881
Brown,辛亥,2024-01-25,7112
Brown,萬芳醫院,2024-01-25,24242
Brown,萬芳社區,2024-01-25,4753
Brown,木柵,2024-01-25,9009
Brown,動物園,2024-01-25,11210
Brown,大直,2024-01-25,16053
Brown,劍南路,2024-01-25,26063
Brown,西湖,2024-01-25,33612
Brown,港墘,2024-01-25,39618
Brown,文德,2024-01-25,12441
Brown,內湖,2024-01-25,20578
Brown,大湖公園,2024-01-25,6396
Brown,葫洲,2024-01-25,17182
Brown,東湖,2024-01-25,18501
Brown,南港軟體園區,2024-01-25,15965
Brown,南港展覽館,2024-01-25,26990
Brown,松山機場,2024-01-26,10278
Brown,中山國中,2024-01-26,30888
Brown,南京復興,2024-01-26,49392
Brown,忠孝復興,2024-01-26,39332
Brown,大安,2024-01-26,26348
Brown,科技大樓,2024-01-26,28404
Brown,六張犁,2024-01-26,24465
Brown,麟光,2024-01-26,8989
Brown,辛亥,2024-01-26,7643
Brown,萬芳醫院,2024-01-26,24890
Brown,萬芳社區,2024-01-26,4963
Brown,木柵,2024-01-26,8977
Brown,動物園,2024-01-26,11708
Brown,大直,2024-01-26,17122
Brown,劍南路,2024-01-26,27802
Brown,西湖,2024-01-26,33100
Brown,港墘,2024-01-26,39775
Brown,文德,2024-01-26,12977
Brown,內湖,2024-01-26,21740
Brown,大湖公園,2024-01-26,6946
Brown,葫洲,2024-01-26,17283
Brown,東湖,2024-01-26,20286
Brown,南港軟體園區,2024-01-26,15608
Brown,南港展覽館,2024-01-26,29913
Brown,松山機場,2024-01-27,7011
Brown,中山國中,2024-01-27,19186
Brown,南京復興,2024-01-27,28457
Brown,忠孝復興,2024-01-27,36990
Brown,大安,2024-01-27,14653
Brown,科技大樓,2024-01-27,21384
Brown,六張犁,2024-01-27,16690
Brown,麟光,2024-01-27,7946
Brown,辛亥,2024-01-27,6587
Brown,萬芳醫院,2024-01-27,14963
Brown,萬芳社區,2024-01-27,3549
Brown,木柵,2024-01-27,6137
Brown,動物園,2024-01-27,11847
Brown,大直,2024-01-27,11818
Brown,劍南路,2024-01-27,25377
Brown,西湖,2024-01-27,10364
Brown,港墘,2024-01-27,14372
Brown,文德,2024-01-27,8322
Brown,內湖,2024-01-27,17496
Brown,大湖公園,2024-01-27,5531
Brown,葫洲,2024-01-27,11326
Brown,東湖,2024-01-27,13714
Brown,南港軟體園區,2024-01-27,5702
Brown,南港展覽館,2024-01-27,19925
Brown,松山機場,2024-01-28,6757
Brown,中山國中,2024-01-28,15821
Brown,南京復興,2024-01-28,21543
Brown,忠孝復興,2024-01-28,28944
Brown,大安,2024-01-28,11265
Brown,科技大樓,2024-01-28,16545
Brown,六張犁,2024-01-28,13523
Brown,麟光,2024-01-28,6868
Brown,辛亥,2024-01-28,6402
Brown,萬芳醫院,2024-01-28,11578
Brown,萬芳社區,2024-01-28,2893
Brown,木柵,2024-01-28,5291
Brown,動物園,2024-01-28,12491
Brown,大直,2024-01-28,10228
Brown,劍南路,2024-01-28,22818
Brown,西湖,2024-01-28,8482
Brown,港墘,2024-01-28,11439
Brown,文德,2024-01-28,6865
Brown,內湖,2024-01-28,15116
Brown,大湖公園,2024-01-28,5877
Brown,葫洲,2024-01-28,9444
Brown,東湖,2024-01-28,13582
Brown,南港軟體園區,2024-01-28,4820
Brown,南港展覽館,2024-01-28,16398
Brown,松山機場,2024-01-29,9573
Brown,中山國中,2024-01-29,27560
Brown,南京復興,2024-01-29,44051
Brown,忠孝復興,2024-01-29,31993
Brown,大安,2024-01-29,21224
Brown,科技大樓,2024-01-29,26316
Brown,六張犁,2024-01-29,21478
Brown,麟光,2024-01-29,8195
Brown,辛亥,2024-01-29,7406
Brown,萬芳醫院,2024-01-29,22298
Brown,萬芳社區,2024-01-29,4740
Brown,木柵,2024-01-29,7683
Brown,動物園,2024-01-29,11329
Brown,大直,2024-01-29,15100
Brown,劍南路,2024-01-29,24540
Brown,西湖,2024-01-29,30959
Brown,港墘,2024-01-29,36017
Brown,文德,2024-01-29,9991
Brown,內湖,2024-01-29,19411
Brown,大湖公園,2024-01-29,7324
Brown,葫洲,2024-01-29,16000
Brown,東湖,2024-01-29,17146
Brown,南港軟體園區,2024-01-29,14518
Brown,南港展覽館,2024-01-29,20697
Brown,松山機場,2024-01-30,9829
Brown,中山國中,2024-01-30,29127
Brown,南京復興,2024-01-30,45838
Brown,忠孝復興,2024-01-30,33879
Brown,大安,2024-01-30,22044
Brown,科技大樓,2024-01-30,27508
Brown,六張犁,2024-01-30,22452
Brown,麟光,2024-01-30,8630
Brown,辛亥,2024-01-30,7240
Brown,萬芳醫院,2024-01-30,22751
Brown,萬芳社區,2024-01-30,4833
Brown,木柵,2024-01-30,7764
Brown,動物園,2024-01-30,15476
Brown,大直,2024-01-30,15832
Brown,劍南路,2024-01-30,26042
Brown,西湖,2024-01-30,32622
Brown,港墘,2024-01-30,37144
Brown,文德,2024-01-30,10973
Brown,內湖,2024-01-30,20479
Brown,大湖公園,2024-01-30,7594
Brown,葫洲,2024-01-30,16167
Brown,東湖,2024-01-30,18834
Brown,南港軟體園區,2024-01-30,14939
Brown,南港展覽館,2024-01-30,21535
Brown,松山機場,2024-01-31,9952
Brown,中山國中,2024-01-31,29456
Brown,南京復興,2024-01-31,46210
Brown,忠孝復興,2024-01-31,35106
Brown,大安,2024-01-31,22707
Brown,科技大樓,2024-01-31,29978
Brown,六張犁,2024-01-31,22969
Brown,麟光,2024-01-31,8681
Brown,辛亥,2024-01-31,7294
Brown,萬芳醫院,2024-01-31,23312
Brown,萬芳社區,2024-01-31,5019
Brown,木柵,2024-01-31,7955
Brown,動物園,2024-01-31,15049
Brown,大直,2024-01-31,16361
Brown,劍南路,2024-01-31,24849
Brown,西湖,2024-01-31,32825
Brown,港墘,2024-01-31,37876
Brown,文德,2024-01-31,10695
Brown,內湖,2024-01-31,20737
Brown,大湖公園,2024-01-31,7629
Brown,葫洲,2024-01-31,16549
Brown,東湖,2024-01-31,19102
Brown,南港軟體園區,2024-01-31,14768
Brown,南港展覽館,2024-01-31,24127
Brown,松山機場,2024-02-01,9609
Brown,中山國中,2024-02-01,28718
Brown,南京復興,2024-02-01,46275
Brown,忠孝復興,2024-02-01,35899
Brown,大安,2024-02-01,22500
Brown,科技大樓,2024-02-01,28086
Brown,六張犁,2024-02-01,23039
Brown,麟光,2024-02-01,8613
Brown,辛亥,2024-02-01,7385
Brown,萬芳醫院,2024-02-01,22792
Brown,萬芳社區,2024-02-01,4934
Brown,木柵,2024-02-01,7870
Brown,動物園,2024-02-01,14002
Brown,大直,2024-02-01,16239
Brown,劍南路,2024-02-01,26208
Brown,西湖,2024-02-01,32066
Brown,港墘,2024-02-01,36475
Brown,文德,2024-02-01,10351
Brown,內湖,2024-02-01,20908
Brown,大湖公園,2024-02-01,7503
Brown,葫洲,2024-02-01,16645
Brown,東湖,2024-02-01,18356
Brown,南港軟體園區,2024-02-01,14452
Brown,南港展覽館,2024-02-01,21591
Brown,松山機場,2024-02-02,9931
Brown,中山國中,2024-02-02,30109
Brown,南京復興,2024-02-02,47868
Brown,忠孝復興,2024-02-02,39761
Brown,大安,2024-02-02,22375
Brown,科技大樓,2024-02-02,28126
Brown,六張犁,2024-02-02,23409
Brown,麟光,2024-02-02,9057
Brown,辛亥,2024-02-02,7586
Brown,萬芳醫院,2024-02-02,22635
Brown,萬芳社區,2024-02-02,4923
Brown,木柵,2024-02-02,7674
Brown,動物園,2024-02-02,12344
Brown,大直,2024-02-02,16809
Brown,劍南路,2024-02-02,27869
Brown,西湖,2024-02-02,32344
Brown,港墘,2024-02-02,36782
Brown,文德,2024-02-02,10337
Brown,內湖,2024-02-02,21524
Brown,大湖公園,2024-02-02,7206
Brown,葫洲,2024-02-02,16799
Brown,東湖,2024-02-02,18947
Brown,南港軟體園區,2024-02-02,14966
Brown,南港展覽館,2024-02-02,24492
Brown,松山機場,2024-02-03,7003
Brown,中山國中,2024-02-03,18465
Brown,南京復興,2024-02-03,26443
Brown,忠孝復興,2024-02-03,35302
Brown,大安,2024-02-03,14519
Brown,科技大樓,2024-02-03,20551
Brown,六張犁,2024-02-03,16285
Brown,麟光,2024-02-03,8315
Brown,辛亥,2024-02-03,6089
Brown,萬芳醫院,2024-02-03,15348
Brown,萬芳社區,2024-02-03,3402
Brown,木柵,2024-02-03,5851
Brown,動物園,2024-02-03,14971
Brown,大直,2024-02-03,11466
Brown,劍南路,2024-02-03,22242
Brown,西湖,2024-02-03,10145
Brown,港墘,2024-02-03,13740
Brown,文德,2024-02-03,8254
Brown,內湖,2024-02-03,17903
Brown,大湖公園,2024-02-03,6623
Brown,葫洲,2024-02-03,11751
Brown,東湖,2024-02-03,16069
Brown,南港軟體園區,2024-02-03,5195
Brown,南港展覽館,2024-02-03,11948
Brown,松山機場,2024-02-04,6508
Brown,中山國中,2024-02-04,15260
Brown,南京復興,2024-02-04,19334
Brown,忠孝復興,2024-02-04,28204
Brown,大安,2024-02-04,10706
Brown,科技大樓,2024-02-04,16914
Brown,六張犁,2024-02-04,13500
Brown,麟光,2024-02-04,6973
Brown,辛亥,2024-02-04,5372
Brown,萬芳醫院,2024-02-04,11889
Brown,萬芳社區,2024-02-04,2762
Brown,木柵,2024-02-04,5305
Brown,動物園,2024-02-04,15093
Brown,大直,2024-02-04,9728
Brown,劍南路,2024-02-04,19195
Brown,西湖,2024-02-04,8411
Brown,港墘,2024-02-04,11765
Brown,文德,2024-02-04,6809
Brown,內湖,2024-02-04,14680
Brown,大湖公園,2024-02-04,6258
Brown,葫洲,2024-02-04,9695
Brown,東湖,2024-02-04,14335
Brown,南港軟體園區,2024-02-04,4680
Brown,南港展覽館,2024-02-04,14344
Brown,松山機場,2024-02-05,9489
Brown,中山國中,2024-02-05,28302
Brown,南京復興,2024-02-05,44992
Brown,忠孝復興,2024-02-05,35492
Brown,大安,2024-02-05,20845
Brown,科技大樓,2024-02-05,26761
Brown,六張犁,2024-02-05,22243
Brown,麟光,2024-02-05,8699
Brown,辛亥,2024-02-05,6833
Brown,萬芳醫院,2024-02-05,22311
Brown,萬芳社區,2024-02-05,4750
Brown,木柵,2024-02-05,7552
Brown,動物園,2024-02-05,11487
Brown,大直,2024-02-05,14975
Brown,劍南路,2024-02-05,23065
Brown,西湖,2024-02-05,31440
Brown,港墘,2024-02-05,35215
Brown,文德,2024-02-05,9560
Brown,內湖,2024-02-05,19462
Brown,大湖公園,2024-02-05,6386
Brown,葫洲,2024-02-05,16006
Brown,東湖,2024-02-05,16836
Brown,南港軟體園區,2024-02-05,14767
Brown,南港展覽館,2024-02-05,20141
Brown,松山機場,2024-02-06,9453
Brown,中山國中,2024-02-06,28436
Brown,南京復興,2024-02-06,44550
Brown,忠孝復興,2024-02-06,36885
Brown,大安,2024-02-06,21187
Brown,科技大樓,2024-02-06,26144
Brown,六張犁,2024-02-06,22072
Brown,麟光,2024-02-06,8739
Brown,辛亥,2024-02-06,6919
Brown,萬芳醫院,2024-02-06,21961
Brown,萬芳社區,2024-02-06,4610
Brown,木柵,2024-02-06,7306
Brown,動物園,2024-02-06,12921
Brown,大直,2024-02-06,14951
Brown,劍南路,2024-02-06,24663
Brown,西湖,2024-02-06,31854
Brown,港墘,2024-02-06,35856
Brown,文德,2024-02-06,9857
Brown,內湖,2024-02-06,20144
Brown,大湖公園,2024-02-06,6415
Brown,葫洲,2024-02-06,15988
Brown,東湖,2024-02-06,17179
Brown,南港軟體園區,2024-02-06,14565
Brown,南港展覽館,2024-02-06,20361
Brown,松山機場,2024-02-07,10258
Brown,中山國中,2024-02-07,27110
Brown,南京復興,2024-02-07,41475
Brown,忠孝復興,2024-02-07,39636
Brown,大安,2024-02-07,19699
Brown,科技大樓,2024-02-07,25618
Brown,六張犁,2024-02-07,20983
Brown,麟光,2024-02-07,8632
Brown,辛亥,2024-02-07,6398
Brown,萬芳醫院,2024-02-07,20426
Brown,萬芳社區,2024-02-07,4363
Brown,木柵,2024-02-07,6839
Brown,動物園,2024-02-07,8714
Brown,大直,2024-02-07,13968
Brown,劍南路,2024-02-07,22305
Brown,西湖,2024-02-07,29248
Brown,港墘,2024-02-07,33685
Brown,文德,2024-02-07,9347
Brown,內湖,2024-02-07,19765
Brown,大湖公園,2024-02-07,5828
Brown,葫洲,2024-02-07,15211
Brown,東湖,2024-02-07,16278
Brown,南港軟體園區,2024-02-07,14234
Brown,南港展覽館,2024-02-07,19638
Brown,松山機場,2024-02-08,6610
Brown,中山國中,2024-02-08,12080
Brown,南京復興,2024-02-08,15339
Brown,忠孝復興,2024-02-08,27195
Brown,大安,2024-02-08,8726
Brown,科技大樓,2024-02-08,11661
Brown,六張犁,2024-02-08,10675
Brown,麟光,2024-02-08,6220
Brown,辛亥,2024-02-08,3335
Brown,萬芳醫院,2024-02-08,10614
Brown,萬芳社區,2024-02-08,2300
Brown,木柵,2024-02-08,3803
Brown,動物園,2024-02-08,5323
Brown,大直,2024-02-08,7286
Brown,劍南路,2024-02-08,12774
Brown,西湖,2024-02-08,6709
Brown,港墘,2024-02-08,8811
Brown,文德,2024-02-08,5207
Brown,內湖,2024-02-08,11398
Brown,大湖公園,2024-02-08,3096
Brown,葫洲,2024-02-08,7268
Brown,東湖,2024-02-08,8925
Brown,南港軟體園區,2024-02-08,3620
Brown,南港展覽館,2024-02-08,7007
Brown,松山機場,2024-02-09,5219
Brown,中山國中,2024-02-09,7460
Brown,南京復興,2024-02-09,9365
Brown,忠孝復興,2024-02-09,13807
Brown,大安,2024-02-09,5441
Brown,科技大樓,2024-02-09,7526
Brown,六張犁,2024-02-09,7748
Brown,麟光,2024-02-09,4896
Brown,辛亥,2024-02-09,2522
Brown,萬芳醫院,2024-02-09,6682
Brown,萬芳社區,2024-02-09,1823
Brown,木柵,2024-02-09,2754
Brown,動物園,2024-02-09,2636
Brown,大直,2024-02-09,4559
Brown,劍南路,2024-02-09,10365
Brown,西湖,2024-02-09,4221
Brown,港墘,2024-02-09,5432
Brown,文德,2024-02-09,3784
Brown,內湖,2024-02-09,8260
Brown,大湖公園,2024-02-09,2440
Brown,葫洲,2024-02-09,5029
Brown,東湖,2024-02-09,6227
Brown,南港軟體園區,2024-02-09,2307
Brown,南港展覽館,2024-02-09,5659
Brown,松山機場,2024-02-10,6574
Brown,中山國中,2024-02-10,10439
Brown,南京復興,2024-02-10,11831
Brown,忠孝復興,2024-02-10,22480
Brown,大安,2024-02-10,5684
Brown,科技大樓,2024-02-10,8807
Brown,六張犁,2024-02-10,8946
Brown,麟光,2024-02-10,5723
Brown,辛亥,2024-02-10,3861
Brown,萬芳醫院,2024-02-10,9193
Brown,萬芳社區,2024-02-10,2703
Brown,木柵,2024-02-10,4325
Brown,動物園,2024-02-10,25011
Brown,大直,2024-02-10,5134
Brown,劍南路,2024-02-10,15521
Brown,西湖,2024-02-10,4753
Brown,港墘,2024-02-10,6334
Brown,文德,2024-02-10,4747
Brown,內湖,2024-02-10,10856
Brown,大湖公園,2024-02-10,5458
Brown,葫洲,2024-02-10,6129
Brown,東湖,2024-02-10,13731
Brown,南港軟體園區,2024-02-10,3448
Brown,南港展覽館,2024-02-10,16645
Brown,松山機場,2024-02-11,6999
Brown,中山國中,2024-02-11,11640
Brown,南京復興,2024-02-11,14334
Brown,忠孝復興,2024-02-11,23803
Brown,大安,2024-02-11,7275
Brown,科技大樓,2024-02-11,9923
Brown,六張犁,2024-02-11,10271
Brown,麟光,2024-02-11,6053
Brown,辛亥,2024-02-11,3714
Brown,萬芳醫院,2024-02-11,10149
Brown,萬芳社區,2024-02-11,2776
Brown,木柵,2024-02-11,5514
Brown,動物園,2024-02-11,32416
Brown,大直,2024-02-11,6050
Brown,劍南路,2024-02-11,17243
Brown,西湖,2024-02-11,5894
Brown,港墘,2024-02-11,7334
Brown,文德,2024-02-11,5376
Brown,內湖,2024-02-11,12767
Brown,大湖公園,2024-02-11,7844
Brown,葫洲,2024-02-11,7534
Brown,東湖,2024-02-11,17261
Brown,南港軟體園區,2024-02-11,4086
Brown,南港展覽館,2024-02-11,16567
Brown,松山機場,2024-02-12,7182
Brown,中山國中,2024-02-12,12364
Brown,南京復興,2024-02-12,16403
Brown,忠孝復興,2024-02-12,26272
Brown,大安,2024-02-12,7586
Brown,科技大樓,2024-02-12,10748
Brown,六張犁,2024-02-12,10877
Brown,麟光,2024-02-12,6269
Brown,辛亥,2024-02-12,3914
Brown,萬芳醫院,2024-02-12,10332
Brown,萬芳社區,2024-02-12,3431
Brown,木柵,2024-02-12,7137
Brown,動物園,2024-02-12,40481
Brown,大直,2024-02-12,6766
Brown,劍南路,2024-02-12,18263
Brown,西湖,2024-02-12,6425
Brown,港墘,2024-02-12,8145
Brown,文德,2024-02-12,6092
Brown,內湖,2024-02-12,13424
Brown,大湖公園,2024-02-12,9118
Brown,葫洲,2024-02-12,8471
Brown,東湖,2024-02-12,19374
Brown,南港軟體園區,2024-02-12,4461
Brown,南港展覽館,2024-02-12,7804
Brown,松山機場,2024-02-13,7557
Brown,中山國中,2024-02-13,13994
Brown,南京復興,2024-02-13,17802
Brown,忠孝復興,2024-02-13,28168
Brown,大安,2024-02-13,8672
Brown,科技大樓,2024-02-13,12280
Brown,六張犁,2024-02-13,11957
Brown,麟光,2024-02-13,6655
Brown,辛亥,2024-02-13,4512
Brown,萬芳醫院,2024-02-13,12580
Brown,萬芳社區,2024-02-13,3503
Brown,木柵,2024-02-13,6769
Brown,動物園,2024-02-13,38220
Brown,大直,2024-02-13,7770
Brown,劍南路,2024-02-13,18742
Brown,西湖,2024-02-13,7268
Brown,港墘,2024-02-13,9236
Brown,文德,2024-02-13,6742
Brown,內湖,2024-02-13,14711
Brown,大湖公園,2024-02-13,9150
Brown,葫洲,2024-02-13,9071
Brown,東湖,2024-02-13,19351
Brown,南港軟體園區,2024-02-13,4749
Brown,南港展覽館,2024-02-13,8442
Brown,松山機場,2024-02-14,7896
Brown,中山國中,2024-02-14,14326
Brown,南京復興,2024-02-14,18393
Brown,忠孝復興,2024-02-14,27962
Brown,大安,2024-02-14,9404
Brown,科技大樓,2024-02-14,13061
Brown,六張犁,2024-02-14,12715
Brown,麟光,2024-02-14,6742
Brown,辛亥,2024-02-14,4455
Brown,萬芳醫院,2024-02-14,13425
Brown,萬芳社區,2024-02-14,3121
Brown,木柵,2024-02-14,6188
Brown,動物園,2024-02-14,25137
Brown,大直,2024-02-14,8981
Brown,劍南路,2024-02-14,18902
Brown,西湖,2024-02-14,8561
Brown,港墘,2024-02-14,10642
Brown,文德,2024-02-14,6905
Brown,內湖,2024-02-14,15208
Brown,大湖公園,2024-02-14,8485
Brown,葫洲,2024-02-14,9834
Brown,東湖,2024-02-14,17305
Brown,南港軟體園區,2024-02-14,4734
Brown,南港展覽館,2024-02-14,8550
Brown,松山機場,2024-02-15,9322
Brown,中山國中,2024-02-15,25988
Brown,南京復興,2024-02-15,41173
Brown,忠孝復興,2024-02-15,30294
Brown,大安,2024-02-15,18741
Brown,科技大樓,2024-02-15,23457
Brown,六張犁,2024-02-15,20197
Brown,麟光,2024-02-15,7796
Brown,辛亥,2024-02-15,6571
Brown,萬芳醫院,2024-02-15,20558
Brown,萬芳社區,2024-02-15,4652
Brown,木柵,2024-02-15,7275
Brown,動物園,2024-02-15,17043
Brown,大直,2024-02-15,13638
Brown,劍南路,2024-02-15,21792
Brown,西湖,2024-02-15,28827
Brown,港墘,2024-02-15,32567
Brown,文德,2024-02-15,9481
Brown,內湖,2024-02-15,18684
Brown,大湖公園,2024-02-15,7485
Brown,葫洲,2024-02-15,15009
Brown,東湖,2024-02-15,17940
Brown,南港軟體園區,2024-02-15,13142
Brown,南港展覽館,2024-02-15,18444
Brown,松山機場,2024-02-16,9274
Brown,中山國中,2024-02-16,27322
Brown,南京復興,2024-02-16,43376
Brown,忠孝復興,2024-02-16,33135
Brown,大安,2024-02-16,24024
Brown,科技大樓,2024-02-16,24924
Brown,六張犁,2024-02-16,21599
Brown,麟光,2024-02-16,8180
Brown,辛亥,2024-02-16,6974
Brown,萬芳醫院,2024-02-16,23282
Brown,萬芳社區,2024-02-16,4699
Brown,木柵,2024-02-16,9063
Brown,動物園,2024-02-16,12600
Brown,大直,2024-02-16,15861
Brown,劍南路,2024-02-16,21630
Brown,西湖,2024-02-16,29815
Brown,港墘,2024-02-16,35996
Brown,文德,2024-02-16,12248
Brown,內湖,2024-02-16,19550
Brown,大湖公園,2024-02-16,6765
Brown,葫洲,2024-02-16,15885
Brown,東湖,2024-02-16,19175
Brown,南港軟體園區,2024-02-16,13819
Brown,南港展覽館,2024-02-16,20126
Brown,松山機場,2024-02-17,8815
Brown,中山國中,2024-02-17,26243
Brown,南京復興,2024-02-17,39034
Brown,忠孝復興,2024-02-17,35810
Brown,大安,2024-02-17,21772
Brown,科技大樓,2024-02-17,24545
Brown,六張犁,2024-02-17,20356
Brown,麟光,2024-02-17,8120
Brown,辛亥,2024-02-17,6694
Brown,萬芳醫院,2024-02-17,20852
Brown,萬芳社區,2024-02-17,4508
Brown,木柵,2024-02-17,9416
Brown,動物園,2024-02-17,22491
Brown,大直,2024-02-17,15316
Brown,劍南路,2024-02-17,24298
Brown,西湖,2024-02-17,21247
Brown,港墘,2024-02-17,28623
Brown,文德,2024-02-17,12152
Brown,內湖,2024-02-17,19546
Brown,大湖公園,2024-02-17,7807
Brown,葫洲,2024-02-17,14917
Brown,東湖,2024-02-17,20080
Brown,南港軟體園區,2024-02-17,11962
Brown,南港展覽館,2024-02-17,17203
Brown,松山機場,2024-02-18,7452
Brown,中山國中,2024-02-18,16507
Brown,南京復興,2024-02-18,20380
Brown,忠孝復興,2024-02-18,27278
Brown,大安,2024-02-18,11324
Brown,科技大樓,2024-02-18,18299
Brown,六張犁,2024-02-18,13565
Brown,麟光,2024-02-18,6935
Brown,辛亥,2024-02-18,4923
Brown,萬芳醫院,2024-02-18,13597
Brown,萬芳社區,2024-02-18,3209
Brown,木柵,2024-02-18,5668
Brown,動物園,2024-02-18,18668
Brown,大直,2024-02-18,10967
Brown,劍南路,2024-02-18,18446
Brown,西湖,2024-02-18,8624
Brown,港墘,2024-02-18,11685
Brown,文德,2024-02-18,7190
Brown,內湖,2024-02-18,16030
Brown,大湖公園,2024-02-18,8260
Brown,葫洲,2024-02-18,10513
Brown,東湖,2024-02-18,15284
Brown,南港軟體園區,2024-02-18,4488
Brown,南港展覽館,2024-02-18,9155
Brown,松山機場,2024-02-19,9905
Brown,中山國中,2024-02-19,28259
Brown,南京復興,2024-02-19,43825
Brown,忠孝復興,2024-02-19,29958
Brown,大安,2024-02-19,23918
Brown,科技大樓,2024-02-19,28662
Brown,六張犁,2024-02-19,21942
Brown,麟光,2024-02-19,8300
Brown,辛亥,2024-02-19,7049
Brown,萬芳醫院,2024-02-19,23912
Brown,萬芳社區,2024-02-19,5163
Brown,木柵,2024-02-19,9052
Brown,動物園,2024-02-19,11204
Brown,大直,2024-02-19,19565
Brown,劍南路,2024-02-19,23377
Brown,西湖,2024-02-19,31069
Brown,港墘,2024-02-19,37875
Brown,文德,2024-02-19,12189
Brown,內湖,2024-02-19,19452
Brown,大湖公園,2024-02-19,7122
Brown,葫洲,2024-02-19,17580
Brown,東湖,2024-02-19,19231
Brown,南港軟體園區,2024-02-19,13987
Brown,南港展覽館,2024-02-19,21782
Brown,松山機場,2024-02-20,9922
Brown,中山國中,2024-02-20,29037
Brown,南京復興,2024-02-20,45504
Brown,忠孝復興,2024-02-20,31483
Brown,大安,2024-02-20,24609
Brown,科技大樓,2024-02-20,30099
Brown,六張犁,2024-02-20,22757
Brown,麟光,2024-02-20,8323
Brown,辛亥,2024-02-20,6993
Brown,萬芳醫院,2024-02-20,24921
Brown,萬芳社區,2024-02-20,5289
Brown,木柵,2024-02-20,9351
Brown,動物園,2024-02-20,14193
Brown,大直,2024-02-20,20246
Brown,劍南路,2024-02-20,23794
Brown,西湖,2024-02-20,32170
Brown,港墘,2024-02-20,39255
Brown,文德,2024-02-20,12748
Brown,內湖,2024-02-20,20438
Brown,大湖公園,2024-02-20,7342
Brown,葫洲,2024-02-20,17962
Brown,東湖,2024-02-20,19533
Brown,南港軟體園區,2024-02-20,14343
Brown,南港展覽館,2024-02-20,22270
Brown,松山機場,2024-02-21,9959
Brown,中山國中,2024-02-21,29210
Brown,南京復興,2024-02-21,45763
Brown,忠孝復興,2024-02-21,32304
Brown,大安,2024-02-21,24394
Brown,科技大樓,2024-02-21,30189
Brown,六張犁,2024-02-21,22770
Brown,麟光,2024-02-21,8327
Brown,辛亥,2024-02-21,7195
Brown,萬芳醫院,2024-02-21,24313
Brown,萬芳社區,2024-02-21,5168
Brown,木柵,2024-02-21,9332
Brown,動物園,2024-02-21,13236
Brown,大直,2024-02-21,20238
Brown,劍南路,2024-02-21,23757
Brown,西湖,2024-02-21,32582
Brown,港墘,2024-02-21,39614
Brown,文德,2024-02-21,12524
Brown,內湖,2024-02-21,20786
Brown,大湖公園,2024-02-21,7463
Brown,葫洲,2024-02-21,18597
Brown,東湖,2024-02-21,19964
Brown,南港軟體園區,2024-02-21,14323
Brown,南港展覽館,2024-02-21,22445
Brown,松山機場,2024-02-22,9994
Brown,中山國中,2024-02-22,29849
Brown,南京復興,2024-02-22,46519
Brown,忠孝復興,2024-02-22,33787
Brown,大安,2024-02-22,24321
Brown,科技大樓,2024-02-22,31085
Brown,六張犁,2024-02-22,23192
Brown,麟光,2024-02-22,8458
Brown,辛亥,2024-02-22,7019
Brown,萬芳醫院,2024-02-22,24336
Brown,萬芳社區,2024-02-22,5150
Brown,木柵,2024-02-22,9254
Brown,動物園,2024-02-22,12940
Brown,大直,2024-02-22,20140
Brown,劍南路,2024-02-22,23823
Brown,西湖,2024-02-22,32189
Brown,港墘,2024-02-22,39415
Brown,文德,2024-02-22,12754
Brown,內湖,2024-02-22,20970
Brown,大湖公園,2024-02-22,7341
Brown,葫洲,2024-02-22,18244
Brown,東湖,2024-02-22,19371
Brown,南港軟體園區,2024-02-22,14468
Brown,南港展覽館,2024-02-22,22255
Brown,松山機場,2024-02-23,11136
Brown,中山國中,2024-02-23,30977
Brown,南京復興,2024-02-23,48239
Brown,忠孝復興,2024-02-23,37724
Brown,大安,2024-02-23,25767
Brown,科技大樓,2024-02-23,32014
Brown,六張犁,2024-02-23,24904
Brown,麟光,2024-02-23,9022
Brown,辛亥,2024-02-23,7497
Brown,萬芳醫院,2024-02-23,26534
Brown,萬芳社區,2024-02-23,5222
Brown,木柵,2024-02-23,9580
Brown,動物園,2024-02-23,13443
Brown,大直,2024-02-23,20788
Brown,劍南路,2024-02-23,27933
Brown,西湖,2024-02-23,32615
Brown,港墘,2024-02-23,39543
Brown,文德,2024-02-23,13416
Brown,內湖,2024-02-23,21917
Brown,大湖公園,2024-02-23,7201
Brown,葫洲,2024-02-23,19373
Brown,東湖,2024-02-23,20040
Brown,南港軟體園區,2024-02-23,15454
Brown,南港展覽館,2024-02-23,22474
Brown,松山機場,2024-02-24,7345
Brown,中山國中,2024-02-24,20241
Brown,南京復興,2024-02-24,27006
Brown,忠孝復興,2024-02-24,34422
Brown,大安,2024-02-24,15383
Brown,科技大樓,2024-02-24,21884
Brown,六張犁,2024-02-24,16947
Brown,麟光,2024-02-24,7633
Brown,辛亥,2024-02-24,5923
Brown,萬芳醫院,2024-02-24,16429
Brown,萬芳社區,2024-02-24,3689
Brown,木柵,2024-02-24,7062
Brown,動物園,2024-02-24,24172
Brown,大直,2024-02-24,12894
Brown,劍南路,2024-02-24,20772
Brown,西湖,2024-02-24,10231
Brown,港墘,2024-02-24,14246
Brown,文德,2024-02-24,8607
Brown,內湖,2024-02-24,21121
Brown,大湖公園,2024-02-24,6600
Brown,葫洲,2024-02-24,12255
Brown,東湖,2024-02-24,14861
Brown,南港軟體園區,2024-02-24,4820
Brown,南港展覽館,2024-02-24,13560
Brown,松山機場,2024-02-25,7654
Brown,中山國中,2024-02-25,16245
Brown,南京復興,2024-02-25,21025
Brown,忠孝復興,2024-02-25,27669
Brown,大安,2024-02-25,12017
Brown,科技大樓,2024-02-25,17668
Brown,六張犁,2024-02-25,13471
Brown,麟光,2024-02-25,6551
Brown,辛亥,2024-02-25,4776
Brown,萬芳醫院,2024-02-25,13319
Brown,萬芳社區,2024-02-25,3063
Brown,木柵,2024-02-25,5487
Brown,動物園,2024-02-25,14482
Brown,大直,2024-02-25,11480
Brown,劍南路,2024-02-25,20124
Brown,西湖,2024-02-25,9124
Brown,港墘,2024-02-25,11086
Brown,文德,2024-02-25,7027
Brown,內湖,2024-02-25,15771
Brown,大湖公園,2024-02-25,6071
Brown,葫洲,2024-02-25,10435
Brown,東湖,2024-02-25,13253
Brown,南港軟體園區,2024-02-25,4968
Brown,南港展覽館,2024-02-25,9924
Brown,松山機場,2024-02-26,9720
Brown,中山國中,2024-02-26,27770
Brown,南京復興,2024-02-26,44730
Brown,忠孝復興,2024-02-26,30198
Brown,大安,2024-02-26,24368
Brown,科技大樓,2024-02-26,29574
Brown,六張犁,2024-02-26,22188
Brown,麟光,2024-02-26,8297
Brown,辛亥,2024-02-26,6955
Brown,萬芳醫院,2024-02-26,25684
Brown,萬芳社區,2024-02-26,4823
Brown,木柵,2024-02-26,9114
Brown,動物園,2024-02-26,9869
Brown,大直,2024-02-26,19322
Brown,劍南路,2024-02-26,22597
Brown,西湖,2024-02-26,32811
Brown,港墘,2024-02-26,37541
Brown,文德,2024-02-26,12106
Brown,內湖,2024-02-26,19502
Brown,大湖公園,2024-02-26,6488
Brown,葫洲,2024-02-26,17860
Brown,東湖,2024-02-26,18108
Brown,南港軟體園區,2024-02-26,14232
Brown,南港展覽館,2024-02-26,21948
Brown,松山機場,2024-02-27,10009
Brown,中山國中,2024-02-27,30058
Brown,南京復興,2024-02-27,48022
Brown,忠孝復興,2024-02-27,34729
Brown,大安,2024-02-27,25930
Brown,科技大樓,2024-02-27,31779
Brown,六張犁,2024-02-27,24550
Brown,麟光,2024-02-27,8701
Brown,辛亥,2024-02-27,7114
Brown,萬芳醫院,2024-02-27,28757
Brown,萬芳社區,2024-02-27,4838
Brown,木柵,2024-02-27,9268
Brown,動物園,2024-02-27,12094
Brown,大直,2024-02-27,20686
Brown,劍南路,2024-02-27,26256
Brown,西湖,2024-02-27,34689
Brown,港墘,2024-02-27,39661
Brown,文德,2024-02-27,12813
Brown,內湖,2024-02-27,20730
Brown,大湖公園,2024-02-27,6696
Brown,葫洲,2024-02-27,19008
Brown,東湖,2024-02-27,19062
Brown,南港軟體園區,2024-02-27,15391
Brown,南港展覽館,2024-02-27,22607
Brown,松山機場,2024-02-28,7232
Brown,中山國中,2024-02-28,16480
Brown,南京復興,2024-02-28,22630
Brown,忠孝復興,2024-02-28,31258
Brown,大安,2024-02-28,12556
Brown,科技大樓,2024-02-28,18545
Brown,六張犁,2024-02-28,14681
Brown,麟光,2024-02-28,7216
Brown,辛亥,2024-02-28,4997
Brown,萬芳醫院,2024-02-28,15652
Brown,萬芳社區,2024-02-28,3620
Brown,木柵,2024-02-28,6280
Brown,動物園,2024-02-28,24838
Brown,大直,2024-02-28,12574
Brown,劍南路,2024-02-28,21526
Brown,西湖,2024-02-28,9892
Brown,港墘,2024-02-28,12582
Brown,文德,2024-02-28,8097
Brown,內湖,2024-02-28,18290
Brown,大湖公園,2024-02-28,8773
Brown,葫洲,2024-02-28,11456
Brown,東湖,2024-02-28,13708
Brown,南港軟體園區,2024-02-28,5325
Brown,南港展覽館,2024-02-28,10176
Brown,松山機場,2024-02-29,9963
Brown,中山國中,2024-02-29,29693
Brown,南京復興,2024-02-29,46211
Brown,忠孝復興,2024-02-29,32460
Brown,大安,2024-02-29,25421
Brown,科技大樓,2024-02-29,31329
Brown,六張犁,2024-02-29,23770
Brown,麟光,2024-02-29,8560
Brown,辛亥,2024-02-29,7179
Brown,萬芳醫院,2024-02-29,26939
Brown,萬芳社區,2024-02-29,5245
Brown,木柵,2024-02-29,9809
Brown,動物園,2024-02-29,14886
Brown,大直,2024-02-29,20109
Brown,劍南路,2024-02-29,24681
Brown,西湖,2024-02-29,33487
Brown,港墘,2024-02-29,39133
Brown,文德,2024-02-29,12917
Brown,內湖,2024-02-29,21234
Brown,大湖公園,2024-02-29,7145
Brown,葫洲,2024-02-29,18505
Brown,東湖,2024-02-29,19040
Brown,南港軟體園區,2024-02-29,14276
Brown,南港展覽館,2024-02-29,22770
Brown,松山機場,2024-03-01,10726
Brown,中山國中,2024-03-01,30999
Brown,南京復興,2024-03-01,49179
Brown,忠孝復興,2024-03-01,36697
Brown,大安,2024-03-01,27096
Brown,科技大樓,2024-03-01,33028
Brown,六張犁,2024-03-01,24795
Brown,麟光,2024-03-01,9129
Brown,辛亥,2024-03-01,7244
Brown,萬芳醫院,2024-03-01,28519
Brown,萬芳社區,2024-03-01,5023
Brown,木柵,2024-03-01,9518
Brown,動物園,2024-03-01,10573
Brown,大直,2024-03-01,21026
Brown,劍南路,2024-03-01,27039
Brown,西湖,2024-03-01,34423
Brown,港墘,2024-03-01,40347
Brown,文德,2024-03-01,13791
Brown,內湖,2024-03-01,21899
Brown,大湖公園,2024-03-01,6796
Brown,葫洲,2024-03-01,19839
Brown,東湖,2024-03-01,19436
Brown,南港軟體園區,2024-03-01,15880
Brown,南港展覽館,2024-03-01,22778
Brown,松山機場,2024-03-02,6451
Brown,中山國中,2024-03-02,18636
Brown,南京復興,2024-03-02,26038
Brown,忠孝復興,2024-03-02,33791
Brown,大安,2024-03-02,14911
Brown,科技大樓,2024-03-02,21359
Brown,六張犁,2024-03-02,15034
Brown,麟光,2024-03-02,7215
Brown,辛亥,2024-03-02,5131
Brown,萬芳醫院,2024-03-02,15626
Brown,萬芳社區,2024-03-02,3031
Brown,木柵,2024-03-02,5558
Brown,動物園,2024-03-02,8926
Brown,大直,2024-03-02,12711
Brown,劍南路,2024-03-02,21475
Brown,西湖,2024-03-02,10033
Brown,港墘,2024-03-02,13024
Brown,文德,2024-03-02,7637
Brown,內湖,2024-03-02,16974
Brown,大湖公園,2024-03-02,4738
Brown,葫洲,2024-03-02,11308
Brown,東湖,2024-03-02,11812
Brown,南港軟體園區,2024-03-02,5531
Brown,南港展覽館,2024-03-02,11479
Brown,松山機場,2024-03-03,7090
Brown,中山國中,2024-03-03,14782
Brown,南京復興,2024-03-03,20157
Brown,忠孝復興,2024-03-03,27049
Brown,大安,2024-03-03,11207
Brown,科技大樓,2024-03-03,16752
Brown,六張犁,2024-03-03,12748
Brown,麟光,2024-03-03,6910
Brown,辛亥,2024-03-03,4870
Brown,萬芳醫院,2024-03-03,13185
Brown,萬芳社區,2024-03-03,3119
Brown,木柵,2024-03-03,5062
Brown,動物園,2024-03-03,13769
Brown,大直,2024-03-03,11251
Brown,劍南路,2024-03-03,18669
Brown,西湖,2024-03-03,8192
Brown,港墘,2024-03-03,11746
Brown,文德,2024-03-03,6944
Brown,內湖,2024-03-03,15182
Brown,大湖公園,2024-03-03,5678
Brown,葫洲,2024-03-03,9631
Brown,東湖,2024-03-03,11004
Brown,南港軟體園區,2024-03-03,5357
Brown,南港展覽館,2024-03-03,8987
Brown,松山機場,2024-03-04,9591
Brown,中山國中,2024-03-04,28467
Brown,南京復興,2024-03-04,43902
Brown,忠孝復興,2024-03-04,30538
Brown,大安,2024-03-04,24229
Brown,科技大樓,2024-03-04,29520
Brown,六張犁,2024-03-04,22524
Brown,麟光,2024-03-04,8451
Brown,辛亥,2024-03-04,7252
Brown,萬芳醫院,2024-03-04,25827
Brown,萬芳社區,2024-03-04,5076
Brown,木柵,2024-03-04,9313
Brown,動物園,2024-03-04,11866
Brown,大直,2024-03-04,19595
Brown,劍南路,2024-03-04,23115
Brown,西湖,2024-03-04,33094
Brown,港墘,2024-03-04,38285
Brown,文德,2024-03-04,12377
Brown,內湖,2024-03-04,20402
Brown,大湖公園,2024-03-04,7290
Brown,葫洲,2024-03-04,17928
Brown,東湖,2024-03-04,18211
Brown,南港軟體園區,2024-03-04,14111
Brown,南港展覽館,2024-03-04,22814
Brown,松山機場,2024-03-05,9487
Brown,中山國中,2024-03-05,29668
Brown,南京復興,2024-03-05,45896
Brown,忠孝復興,2024-03-05,32268
Brown,大安,2024-03-05,25402
Brown,科技大樓,2024-03-05,30923
Brown,六張犁,2024-03-05,23446
Brown,麟光,2024-03-05,8609
Brown,辛亥,2024-03-05,7288
Brown,萬芳醫院,2024-03-05,26076
Brown,萬芳社區,2024-03-05,5424
Brown,木柵,2024-03-05,9656
Brown,動物園,2024-03-05,14882
Brown,大直,2024-03-05,20468
Brown,劍南路,2024-03-05,24461
Brown,西湖,2024-03-05,34649
Brown,港墘,2024-03-05,40079
Brown,文德,2024-03-05,12926
Brown,內湖,2024-03-05,21306
Brown,大湖公園,2024-03-05,7844
Brown,葫洲,2024-03-05,18569
Brown,東湖,2024-03-05,18634
Brown,南港軟體園區,2024-03-05,14405
Brown,南港展覽館,2024-03-05,24281
Brown,松山機場,2024-03-06,9861
Brown,中山國中,2024-03-06,30031
Brown,南京復興,2024-03-06,47156
Brown,忠孝復興,2024-03-06,33506
Brown,大安,2024-03-06,25733
Brown,科技大樓,2024-03-06,33019
Brown,六張犁,2024-03-06,24094
Brown,麟光,2024-03-06,8784
Brown,辛亥,2024-03-06,7120
Brown,萬芳醫院,2024-03-06,26912
Brown,萬芳社區,2024-03-06,5162
Brown,木柵,2024-03-06,9322
Brown,動物園,2024-03-06,10773
Brown,大直,2024-03-06,20269
Brown,劍南路,2024-03-06,25108
Brown,西湖,2024-03-06,34706
Brown,港墘,2024-03-06,40992
Brown,文德,2024-03-06,12748
Brown,內湖,2024-03-06,20943
Brown,大湖公園,2024-03-06,6726
Brown,葫洲,2024-03-06,19068
Brown,東湖,2024-03-06,18528
Brown,南港軟體園區,2024-03-06,15349
Brown,南港展覽館,2024-03-06,27381
Brown,松山機場,2024-03-07,9823
Brown,中山國中,2024-03-07,30077
Brown,南京復興,2024-03-07,47372
Brown,忠孝復興,2024-03-07,33778
Brown,大安,2024-03-07,25714
Brown,科技大樓,2024-03-07,31541
Brown,六張犁,2024-03-07,23913
Brown,麟光,2024-03-07,8734
Brown,辛亥,2024-03-07,7278
Brown,萬芳醫院,2024-03-07,25741
Brown,萬芳社區,2024-03-07,4963
Brown,木柵,2024-03-07,9188
Brown,動物園,2024-03-07,10962
Brown,大直,2024-03-07,19803
Brown,劍南路,2024-03-07,24556
Brown,西湖,2024-03-07,34852
Brown,港墘,2024-03-07,40138
Brown,文德,2024-03-07,12640
Brown,內湖,2024-03-07,20543
Brown,大湖公園,2024-03-07,6510
Brown,葫洲,2024-03-07,18331
Brown,東湖,2024-03-07,18258
Brown,南港軟體園區,2024-03-07,15072
Brown,南港展覽館,2024-03-07,28251
Brown,松山機場,2024-03-08,10850
Brown,中山國中,2024-03-08,31260
Brown,南京復興,2024-03-08,49316
Brown,忠孝復興,2024-03-08,39442
Brown,大安,2024-03-08,26645
Brown,科技大樓,2024-03-08,32735
Brown,六張犁,2024-03-08,24964
Brown,麟光,2024-03-08,9310
Brown,辛亥,2024-03-08,7623
Brown,萬芳醫院,2024-03-08,28162
Brown,萬芳社區,2024-03-08,5174
Brown,木柵,2024-03-08,9946
Brown,動物園,2024-03-08,13790
Brown,大直,2024-03-08,20874
Brown,劍南路,2024-03-08,28908
Brown,西湖,2024-03-08,34047
Brown,港墘,2024-03-08,40468
Brown,文德,2024-03-08,13862
Brown,內湖,2024-03-08,22390
Brown,大湖公園,2024-03-08,7628
Brown,葫洲,2024-03-08,20018
Brown,東湖,2024-03-08,20177
Brown,南港軟體園區,2024-03-08,14626
Brown,南港展覽館,2024-03-08,28273
Brown,松山機場,2024-03-09,7333
Brown,中山國中,2024-03-09,19673
Brown,南京復興,2024-03-09,28422
Brown,忠孝復興,2024-03-09,35382
Brown,大安,2024-03-09,15814
Brown,科技大樓,2024-03-09,21416
Brown,六張犁,2024-03-09,16445
Brown,麟光,2024-03-09,8493
Brown,辛亥,2024-03-09,5643
Brown,萬芳醫院,2024-03-09,16841
Brown,萬芳社區,2024-03-09,3831
Brown,木柵,2024-03-09,7158
Brown,動物園,2024-03-09,16019
Brown,大直,2024-03-09,14193
Brown,劍南路,2024-03-09,24463
Brown,西湖,2024-03-09,10471
Brown,港墘,2024-03-09,15068
Brown,文德,2024-03-09,8411
Brown,內湖,2024-03-09,18474
Brown,大湖公園,2024-03-09,6345
Brown,葫洲,2024-03-09,12194
Brown,東湖,2024-03-09,13393
Brown,南港軟體園區,2024-03-09,5046
Brown,南港展覽館,2024-03-09,15143
Brown,松山機場,2024-03-10,7206
Brown,中山國中,2024-03-10,15364
Brown,南京復興,2024-03-10,21143
Brown,忠孝復興,2024-03-10,26471
Brown,大安,2024-03-10,11472
Brown,科技大樓,2024-03-10,17431
Brown,六張犁,2024-03-10,13816
Brown,麟光,2024-03-10,7406
Brown,辛亥,2024-03-10,4852
Brown,萬芳醫院,2024-03-10,13767
Brown,萬芳社區,2024-03-10,3225
Brown,木柵,2024-03-10,5593
Brown,動物園,2024-03-10,15573
Brown,大直,2024-03-10,11440
Brown,劍南路,2024-03-10,19032
Brown,西湖,2024-03-10,8982
Brown,港墘,2024-03-10,11618
Brown,文德,2024-03-10,6973
Brown,內湖,2024-03-10,15514
Brown,大湖公園,2024-03-10,6134
Brown,葫洲,2024-03-10,9611
Brown,東湖,2024-03-10,10697
Brown,南港軟體園區,2024-03-10,4600
Brown,南港展覽館,2024-03-10,9360
Brown,松山機場,2024-03-11,10354
Brown,中山國中,2024-03-11,28945
Brown,南京復興,2024-03-11,45055
Brown,忠孝復興,2024-03-11,31046
Brown,大安,2024-03-11,24879
Brown,科技大樓,2024-03-11,30934
Brown,六張犁,2024-03-11,23417
Brown,麟光,2024-03-11,8959
Brown,辛亥,2024-03-11,6981
Brown,萬芳醫院,2024-03-11,25719
Brown,萬芳社區,2024-03-11,4917
Brown,木柵,2024-03-11,9052
Brown,動物園,2024-03-11,9309
Brown,大直,2024-03-11,19331
Brown,劍南路,2024-03-11,22763
Brown,西湖,2024-03-11,33680
Brown,港墘,2024-03-11,39185
Brown,文德,2024-03-11,12547
Brown,內湖,2024-03-11,20058
Brown,大湖公園,2024-03-11,6610
Brown,葫洲,2024-03-11,18298
Brown,東湖,2024-03-11,18026
Brown,南港軟體園區,2024-03-11,14834
Brown,南港展覽館,2024-03-11,21983
Brown,松山機場,2024-03-12,10276
Brown,中山國中,2024-03-12,29848
Brown,南京復興,2024-03-12,46765
Brown,忠孝復興,2024-03-12,32476
Brown,大安,2024-03-12,25311
Brown,科技大樓,2024-03-12,31018
Brown,六張犁,2024-03-12,23932
Brown,麟光,2024-03-12,8913
Brown,辛亥,2024-03-12,7434
Brown,萬芳醫院,2024-03-12,26581
Brown,萬芳社區,2024-03-12,5268
Brown,木柵,2024-03-12,9502
Brown,動物園,2024-03-12,14654
Brown,大直,2024-03-12,20501
Brown,劍南路,2024-03-12,24609
Brown,西湖,2024-03-12,34588
Brown,港墘,2024-03-12,39858
Brown,文德,2024-03-12,12722
Brown,內湖,2024-03-12,20904
Brown,大湖公園,2024-03-12,7370
Brown,葫洲,2024-03-12,18408
Brown,東湖,2024-03-12,18516
Brown,南港軟體園區,2024-03-12,14253
Brown,南港展覽館,2024-03-12,22709
Brown,松山機場,2024-03-13,9941
Brown,中山國中,2024-03-13,29863
Brown,南京復興,2024-03-13,46188
Brown,忠孝復興,2024-03-13,32464
Brown,大安,2024-03-13,25557
Brown,科技大樓,2024-03-13,31304
Brown,六張犁,2024-03-13,24043
Brown,麟光,2024-03-13,8929
Brown,辛亥,2024-03-13,7210
Brown,萬芳醫院,2024-03-13,26369
Brown,萬芳社區,2024-03-13,5133
Brown,木柵,2024-03-13,9519
Brown,動物園,2024-03-13,13777
Brown,大直,2024-03-13,20678
Brown,劍南路,2024-03-13,24694
Brown,西湖,2024-03-13,34622
Brown,港墘,2024-03-13,40024
Brown,文德,2024-03-13,12921
Brown,內湖,2024-03-13,21241
Brown,大湖公園,2024-03-13,7635
Brown,葫洲,2024-03-13,18839
Brown,東湖,2024-03-13,18618
Brown,南港軟體園區,2024-03-13,14039
Brown,南港展覽館,2024-03-13,23705
Brown,松山機場,2024-03-14,10173
Brown,中山國中,2024-03-14,29938
Brown,南京復興,2024-03-14,46668
Brown,忠孝復興,2024-03-14,33373
Brown,大安,2024-03-14,25040
Brown,科技大樓,2024-03-14,30962
Brown,六張犁,2024-03-14,23657
Brown,麟光,2024-03-14,8993
Brown,辛亥,2024-03-14,7182
Brown,萬芳醫院,2024-03-14,26413
Brown,萬芳社區,2024-03-14,5141
Brown,木柵,2024-03-14,9455
Brown,動物園,2024-03-14,13567
Brown,大直,2024-03-14,20580
Brown,劍南路,2024-03-14,25575
Brown,西湖,2024-03-14,34331
Brown,港墘,2024-03-14,39347
Brown,文德,2024-03-14,13189
Brown,內湖,2024-03-14,20697
Brown,大湖公園,2024-03-14,7398
Brown,葫洲,2024-03-14,18770
Brown,東湖,2024-03-14,18638
Brown,南港軟體園區,2024-03-14,14491
Brown,南港展覽館,2024-03-14,27393
Brown,松山機場,2024-03-15,11979
Brown,中山國中,2024-03-15,31392
Brown,南京復興,2024-03-15,48473
Brown,忠孝復興,2024-03-15,38383
Brown,大安,2024-03-15,26135
Brown,科技大樓,2024-03-15,32197
Brown,六張犁,2024-03-15,25181
Brown,麟光,2024-03-15,9313
Brown,辛亥,2024-03-15,7505
Brown,萬芳醫院,2024-03-15,28339
Brown,萬芳社區,2024-03-15,5167
Brown,木柵,2024-03-15,9806
Brown,動物園,2024-03-15,13529
Brown,大直,2024-03-15,20742
Brown,劍南路,2024-03-15,28430
Brown,西湖,2024-03-15,34342
Brown,港墘,2024-03-15,40153
Brown,文德,2024-03-15,13664
Brown,內湖,2024-03-15,22455
Brown,大湖公園,2024-03-15,7441
Brown,葫洲,2024-03-15,19705
Brown,東湖,2024-03-15,19475
Brown,南港軟體園區,2024-03-15,14817
Brown,南港展覽館,2024-03-15,29398
Brown,松山機場,2024-03-16,7960
Brown,中山國中,2024-03-16,19977
Brown,南京復興,2024-03-16,28677
Brown,忠孝復興,2024-03-16,34817
Brown,大安,2024-03-16,16004
Brown,科技大樓,2024-03-16,22823
Brown,六張犁,2024-03-16,17004
Brown,麟光,2024-03-16,8863
Brown,辛亥,2024-03-16,5655
Brown,萬芳醫院,2024-03-16,16985
Brown,萬芳社區,2024-03-16,3815
Brown,木柵,2024-03-16,7234
Brown,動物園,2024-03-16,20175
Brown,大直,2024-03-16,13669
Brown,劍南路,2024-03-16,24503
Brown,西湖,2024-03-16,10912
Brown,港墘,2024-03-16,15104
Brown,文德,2024-03-16,8713
Brown,內湖,2024-03-16,18840
Brown,大湖公園,2024-03-16,7498
Brown,葫洲,2024-03-16,12435
Brown,東湖,2024-03-16,13465
Brown,南港軟體園區,2024-03-16,5265
Brown,南港展覽館,2024-03-16,18790
Brown,松山機場,2024-03-17,7884
Brown,中山國中,2024-03-17,15997
Brown,南京復興,2024-03-17,21573
Brown,忠孝復興,2024-03-17,27546
Brown,大安,2024-03-17,12150
Brown,科技大樓,2024-03-17,20374
Brown,六張犁,2024-03-17,14172
Brown,麟光,2024-03-17,7851
Brown,辛亥,2024-03-17,5005
Brown,萬芳醫院,2024-03-17,14042
Brown,萬芳社區,2024-03-17,3106
Brown,木柵,2024-03-17,6461
Brown,動物園,2024-03-17,19887
Brown,大直,2024-03-17,11380
Brown,劍南路,2024-03-17,20898
Brown,西湖,2024-03-17,9197
Brown,港墘,2024-03-17,13178
Brown,文德,2024-03-17,7077
Brown,內湖,2024-03-17,16144
Brown,大湖公園,2024-03-17,7642
Brown,葫洲,2024-03-17,10404
Brown,東湖,2024-03-17,11344
Brown,南港軟體園區,2024-03-17,4360
Brown,南港展覽館,2024-03-17,15624
Brown,松山機場,2024-03-18,10443
Brown,中山國中,2024-03-18,28144
Brown,南京復興,2024-03-18,44170
Brown,忠孝復興,2024-03-18,30389
Brown,大安,2024-03-18,24145
Brown,科技大樓,2024-03-18,29119
Brown,六張犁,2024-03-18,22688
Brown,麟光,2024-03-18,8830
Brown,辛亥,2024-03-18,7209
Brown,萬芳醫院,2024-03-18,25888
Brown,萬芳社區,2024-03-18,4813
Brown,木柵,2024-03-18,9193
Brown,動物園,2024-03-18,10550
Brown,大直,2024-03-18,19218
Brown,劍南路,2024-03-18,22271
Brown,西湖,2024-03-18,32775
Brown,港墘,2024-03-18,38379
Brown,文德,2024-03-18,12368
Brown,內湖,2024-03-18,19856
Brown,大湖公園,2024-03-18,6917
Brown,葫洲,2024-03-18,17779
Brown,東湖,2024-03-18,18097
Brown,南港軟體園區,2024-03-18,14258
Brown,南港展覽館,2024-03-18,22856
Brown,松山機場,2024-03-19,9961
Brown,中山國中,2024-03-19,29391
Brown,南京復興,2024-03-19,46159
Brown,忠孝復興,2024-03-19,31696
Brown,大安,2024-03-19,25266
Brown,科技大樓,2024-03-19,31352
Brown,六張犁,2024-03-19,23633
Brown,麟光,2024-03-19,8937
Brown,辛亥,2024-03-19,7178
Brown,萬芳醫院,2024-03-19,26000
Brown,萬芳社區,2024-03-19,4885
Brown,木柵,2024-03-19,9154
Brown,動物園,2024-03-19,11103
Brown,大直,2024-03-19,20430
Brown,劍南路,2024-03-19,23643
Brown,西湖,2024-03-19,34047
Brown,港墘,2024-03-19,40046
Brown,文德,2024-03-19,12655
Brown,內湖,2024-03-19,20373
Brown,大湖公園,2024-03-19,6707
Brown,葫洲,2024-03-19,18526
Brown,東湖,2024-03-19,18616
Brown,南港軟體園區,2024-03-19,14793
Brown,南港展覽館,2024-03-19,25441
Brown,松山機場,2024-03-20,10208
Brown,中山國中,2024-03-20,29661
Brown,南京復興,2024-03-20,46310
Brown,忠孝復興,2024-03-20,33611
Brown,大安,2024-03-20,25524
Brown,科技大樓,2024-03-20,30902
Brown,六張犁,2024-03-20,23780
Brown,麟光,2024-03-20,9210
Brown,辛亥,2024-03-20,7614
Brown,萬芳醫院,2024-03-20,26641
Brown,萬芳社區,2024-03-20,5221
Brown,木柵,2024-03-20,9463
Brown,動物園,2024-03-20,13237
Brown,大直,2024-03-20,20583
Brown,劍南路,2024-03-20,24586
Brown,西湖,2024-03-20,33820
Brown,港墘,2024-03-20,40197
Brown,文德,2024-03-20,12801
Brown,內湖,2024-03-20,21221
Brown,大湖公園,2024-03-20,7464
Brown,葫洲,2024-03-20,18736
Brown,東湖,2024-03-20,18843
Brown,南港軟體園區,2024-03-20,14223
Brown,南港展覽館,2024-03-20,26397
Brown,松山機場,2024-03-21,10248
Brown,中山國中,2024-03-21,29416
Brown,南京復興,2024-03-21,46017
Brown,忠孝復興,2024-03-21,32920
Brown,大安,2024-03-21,25128
Brown,科技大樓,2024-03-21,30914
Brown,六張犁,2024-03-21,23843
Brown,麟光,2024-03-21,9163
Brown,辛亥,2024-03-21,7306
Brown,萬芳醫院,2024-03-21,25903
Brown,萬芳社區,2024-03-21,5212
Brown,木柵,2024-03-21,9295
Brown,動物園,2024-03-21,13928
Brown,大直,2024-03-21,20124
Brown,劍南路,2024-03-21,25415
Brown,西湖,2024-03-21,34004
Brown,港墘,2024-03-21,39686
Brown,文德,2024-03-21,12948
Brown,內湖,2024-03-21,20787
Brown,大湖公園,2024-03-21,7303
Brown,葫洲,2024-03-21,18384
Brown,東湖,2024-03-21,18954
Brown,南港軟體園區,2024-03-21,14430
Brown,南港展覽館,2024-03-21,25568
Brown,松山機場,2024-03-22,11231
Brown,中山國中,2024-03-22,30377
Brown,南京復興,2024-03-22,47853
Brown,忠孝復興,2024-03-22,37615
Brown,大安,2024-03-22,25709
Brown,科技大樓,2024-03-22,31628
Brown,六張犁,2024-03-22,24433
Brown,麟光,2024-03-22,9677
Brown,辛亥,2024-03-22,7534
Brown,萬芳醫院,2024-03-22,28058
Brown,萬芳社區,2024-03-22,5329
Brown,木柵,2024-03-22,9843
Brown,動物園,2024-03-22,15715
Brown,大直,2024-03-22,21259
Brown,劍南路,2024-03-22,27923
Brown,西湖,2024-03-22,33514
Brown,港墘,2024-03-22,39614
Brown,文德,2024-03-22,13441
Brown,內湖,2024-03-22,21861
Brown,大湖公園,2024-03-22,7763
Brown,葫洲,2024-03-22,19571
Brown,東湖,2024-03-22,19042
Brown,南港軟體園區,2024-03-22,13997
Brown,南港展覽館,2024-03-22,25254
Brown,松山機場,2024-03-23,7487
Brown,中山國中,2024-03-23,19247
Brown,南京復興,2024-03-23,27730
Brown,忠孝復興,2024-03-23,34829
Brown,大安,2024-03-23,15341
Brown,科技大樓,2024-03-23,22543
Brown,六張犁,2024-03-23,17665
Brown,麟光,2024-03-23,11878
Brown,辛亥,2024-03-23,6388
Brown,萬芳醫院,2024-03-23,17267
Brown,萬芳社區,2024-03-23,3901
Brown,木柵,2024-03-23,7058
Brown,動物園,2024-03-23,24234
Brown,大直,2024-03-23,15379
Brown,劍南路,2024-03-23,24382
Brown,西湖,2024-03-23,10155
Brown,港墘,2024-03-23,14676
Brown,文德,2024-03-23,8250
Brown,內湖,2024-03-23,18263
Brown,大湖公園,2024-03-23,8138
Brown,葫洲,2024-03-23,12120
Brown,東湖,2024-03-23,12883
Brown,南港軟體園區,2024-03-23,5045
Brown,南港展覽館,2024-03-23,12116
Brown,松山機場,2024-03-24,7426
Brown,中山國中,2024-03-24,15279
Brown,南京復興,2024-03-24,21227
Brown,忠孝復興,2024-03-24,26366
Brown,大安,2024-03-24,11194
Brown,科技大樓,2024-03-24,17937
Brown,六張犁,2024-03-24,14024
Brown,麟光,2024-03-24,10134
Brown,辛亥,2024-03-24,5735
Brown,萬芳醫院,2024-03-24,13335
Brown,萬芳社區,2024-03-24,3127
Brown,木柵,2024-03-24,5924
Brown,動物園,2024-03-24,21683
Brown,大直,2024-03-24,10629
Brown,劍南路,2024-03-24,18942
Brown,西湖,2024-03-24,8249
Brown,港墘,2024-03-24,11252
Brown,文德,2024-03-24,6919
Brown,內湖,2024-03-24,15186
Brown,大湖公園,2024-03-24,7272
Brown,葫洲,2024-03-24,9992
Brown,東湖,2024-03-24,10495
Brown,南港軟體園區,2024-03-24,4290
Brown,南港展覽館,2024-03-24,9372
Brown,松山機場,2024-03-25,10201
Brown,中山國中,2024-03-25,27382
Brown,南京復興,2024-03-25,43470
Brown,忠孝復興,2024-03-25,30745
Brown,大安,2024-03-25,23913
Brown,科技大樓,2024-03-25,28946
Brown,六張犁,2024-03-25,22081
Brown,麟光,2024-03-25,9112
Brown,辛亥,2024-03-25,6923
Brown,萬芳醫院,2024-03-25,25295
Brown,萬芳社區,2024-03-25,4887
Brown,木柵,2024-03-25,8976
Brown,動物園,2024-03-25,11363
Brown,大直,2024-03-25,19056
Brown,劍南路,2024-03-25,23378
Brown,西湖,2024-03-25,31203
Brown,港墘,2024-03-25,37646
Brown,文德,2024-03-25,12024
Brown,內湖,2024-03-25,19563
Brown,大湖公園,2024-03-25,7121
Brown,葫洲,2024-03-25,17768
Brown,東湖,2024-03-25,17570
Brown,南港軟體園區,2024-03-25,13860
Brown,南港展覽館,2024-03-25,22239
Brown,松山機場,2024-03-26,10045
Brown,中山國中,2024-03-26,29368
Brown,南京復興,2024-03-26,46029
Brown,忠孝復興,2024-03-26,31986
Brown,大安,2024-03-26,25358
Brown,科技大樓,2024-03-26,30958
Brown,六張犁,2024-03-26,23671
Brown,麟光,2024-03-26,9778
Brown,辛亥,2024-03-26,7197
Brown,萬芳醫院,2024-03-26,25946
Brown,萬芳社區,2024-03-26,4965
Brown,木柵,2024-03-26,9500
Brown,動物園,2024-03-26,13617
Brown,大直,2024-03-26,19857
Brown,劍南路,2024-03-26,23512
Brown,西湖,2024-03-26,33956
Brown,港墘,2024-03-26,39201
Brown,文德,2024-03-26,12299
Brown,內湖,2024-03-26,20138
Brown,大湖公園,2024-03-26,7019
Brown,葫洲,2024-03-26,17987
Brown,東湖,2024-03-26,18236
Brown,南港軟體園區,2024-03-26,14549
Brown,南港展覽館,2024-03-26,22911
Brown,松山機場,2024-03-27,10354
Brown,中山國中,2024-03-27,29967
Brown,南京復興,2024-03-27,46302
Brown,忠孝復興,2024-03-27,33425
Brown,大安,2024-03-27,25328
Brown,科技大樓,2024-03-27,30478
Brown,六張犁,2024-03-27,23823
Brown,麟光,2024-03-27,9646
Brown,辛亥,2024-03-27,7301
Brown,萬芳醫院,2024-03-27,26355
Brown,萬芳社區,2024-03-27,5135
Brown,木柵,2024-03-27,9478
Brown,動物園,2024-03-27,14991
Brown,大直,2024-03-27,20391
Brown,劍南路,2024-03-27,24288
Brown,西湖,2024-03-27,34088
Brown,港墘,2024-03-27,39773
Brown,文德,2024-03-27,12789
Brown,內湖,2024-03-27,20676
Brown,大湖公園,2024-03-27,7647
Brown,葫洲,2024-03-27,18744
Brown,東湖,2024-03-27,18628
Brown,南港軟體園區,2024-03-27,14027
Brown,南港展覽館,2024-03-27,24886
Brown,松山機場,2024-03-28,10596
Brown,中山國中,2024-03-28,29939
Brown,南京復興,2024-03-28,46312
Brown,忠孝復興,2024-03-28,33691
Brown,大安,2024-03-28,24976
Brown,科技大樓,2024-03-28,30529
Brown,六張犁,2024-03-28,23659
Brown,麟光,2024-03-28,9990
Brown,辛亥,2024-03-28,7225
Brown,萬芳醫院,2024-03-28,26151
Brown,萬芳社區,2024-03-28,5172
Brown,木柵,2024-03-28,9596
Brown,動物園,2024-03-28,15691
Brown,大直,2024-03-28,19985
Brown,劍南路,2024-03-28,24646
Brown,西湖,2024-03-28,33341
Brown,港墘,2024-03-28,38470
Brown,文德,2024-03-28,12729
Brown,內湖,2024-03-28,20531
Brown,大湖公園,2024-03-28,7227
Brown,葫洲,2024-03-28,18195
Brown,東湖,2024-03-28,18346
Brown,南港軟體園區,2024-03-28,14085
Brown,南港展覽館,2024-03-28,25167
Brown,松山機場,2024-03-29,11155
Brown,中山國中,2024-03-29,30380
Brown,南京復興,2024-03-29,47520
Brown,忠孝復興,2024-03-29,39059
Brown,大安,2024-03-29,25697
Brown,科技大樓,2024-03-29,30986
Brown,六張犁,2024-03-29,24391
Brown,麟光,2024-03-29,9662
Brown,辛亥,2024-03-29,7460
Brown,萬芳醫院,2024-03-29,28176
Brown,萬芳社區,2024-03-29,5171
Brown,木柵,2024-03-29,9721
Brown,動物園,2024-03-29,16666
Brown,大直,2024-03-29,20141
Brown,劍南路,2024-03-29,27098
Brown,西湖,2024-03-29,32930
Brown,港墘,2024-03-29,38213
Brown,文德,2024-03-29,13224
Brown,內湖,2024-03-29,21717
Brown,大湖公園,2024-03-29,8555
Brown,葫洲,2024-03-29,19146
Brown,東湖,2024-03-29,19181
Brown,南港軟體園區,2024-03-29,14059
Brown,南港展覽館,2024-03-29,25005
Brown,松山機場,2024-03-30,7748
Brown,中山國中,2024-03-30,19676
Brown,南京復興,2024-03-30,26662
Brown,忠孝復興,2024-03-30,35621
Brown,大安,2024-03-30,15923
Brown,科技大樓,2024-03-30,20667
Brown,六張犁,2024-03-30,16375
Brown,麟光,2024-03-30,11679
Brown,辛亥,2024-03-30,5491
Brown,萬芳醫院,2024-03-30,18107
Brown,萬芳社區,2024-03-30,3468
Brown,木柵,2024-03-30,6369
Brown,動物園,2024-03-30,22329
Brown,大直,2024-03-30,13758
Brown,劍南路,2024-03-30,23848
Brown,西湖,2024-03-30,11098
Brown,港墘,2024-03-30,13718
Brown,文德,2024-03-30,8242
Brown,內湖,2024-03-30,17659
Brown,大湖公園,2024-03-30,6287
Brown,葫洲,2024-03-30,12087
Brown,東湖,2024-03-30,12842
Brown,南港軟體園區,2024-03-30,5119
Brown,南港展覽館,2024-03-30,14072
Brown,松山機場,2024-03-31,7651
Brown,中山國中,2024-03-31,15065
Brown,南京復興,2024-03-31,20159
Brown,忠孝復興,2024-03-31,26823
Brown,大安,2024-03-31,10810
Brown,科技大樓,2024-03-31,16671
Brown,六張犁,2024-03-31,13100
Brown,麟光,2024-03-31,11163
Brown,辛亥,2024-03-31,4476
Brown,萬芳醫院,2024-03-31,13181
Brown,萬芳社區,2024-03-31,2870
Brown,木柵,2024-03-31,5133
Brown,動物園,2024-03-31,17514
Brown,大直,2024-03-31,10236
Brown,劍南路,2024-03-31,20546
Brown,西湖,2024-03-31,7923
Brown,港墘,2024-03-31,10519
Brown,文德,2024-03-31,6689
Brown,內湖,2024-03-31,14070
Brown,大湖公園,2024-03-31,4909
Brown,葫洲,2024-03-31,9254
Brown,東湖,2024-03-31,10293
Brown,南港軟體園區,2024-03-31,4258
Brown,南港展覽館,2024-03-31,10014
Brown,松山機場,2024-04-01,10764
Brown,中山國中,2024-04-01,27769
Brown,南京復興,2024-04-01,43229
Brown,忠孝復興,2024-04-01,30379
Brown,大安,2024-04-01,24066
Brown,科技大樓,2024-04-01,28931
Brown,六張犁,2024-04-01,22130
Brown,麟光,2024-04-01,9032
Brown,辛亥,2024-04-01,6885
Brown,萬芳醫院,2024-04-01,25108
Brown,萬芳社區,2024-04-01,5013
Brown,木柵,2024-04-01,9045
Brown,動物園,2024-04-01,12165
Brown,大直,2024-04-01,18744
Brown,劍南路,2024-04-01,21044
Brown,西湖,2024-04-01,32041
Brown,港墘,2024-04-01,37687
Brown,文德,2024-04-01,11906
Brown,內湖,2024-04-01,19167
Brown,大湖公園,2024-04-01,6514
Brown,葫洲,2024-04-01,16041
Brown,東湖,2024-04-01,17564
Brown,南港軟體園區,2024-04-01,13711
Brown,南港展覽館,2024-04-01,21340
Brown,松山機場,2024-04-02,10190
Brown,中山國中,2024-04-02,28599
Brown,南京復興,2024-04-02,44334
Brown,忠孝復興,2024-04-02,32514
Brown,大安,2024-04-02,24503
Brown,科技大樓,2024-04-02,31296
Brown,六張犁,2024-04-02,22810
Brown,麟光,2024-04-02,9288
Brown,辛亥,2024-04-02,7174
Brown,萬芳醫院,2024-04-02,27739
Brown,萬芳社區,2024-04-02,5229
Brown,木柵,2024-04-02,9455
Brown,動物園,2024-04-02,15289
Brown,大直,2024-04-02,19594
Brown,劍南路,2024-04-02,22003
Brown,西湖,2024-04-02,32404
Brown,港墘,2024-04-02,38571
Brown,文德,2024-04-02,12269
Brown,內湖,2024-04-02,21249
Brown,大湖公園,2024-04-02,7370
Brown,葫洲,2024-04-02,16131
Brown,東湖,2024-04-02,18207
Brown,南港軟體園區,2024-04-02,13702
Brown,南港展覽館,2024-04-02,21777
Brown,松山機場,2024-04-03,9958
Brown,中山國中,2024-04-03,20041
Brown,南京復興,2024-04-03,33208
Brown,忠孝復興,2024-04-03,29658
Brown,大安,2024-04-03,19503
Brown,科技大樓,2024-04-03,21379
Brown,六張犁,2024-04-03,15889
Brown,麟光,2024-04-03,6795
Brown,辛亥,2024-04-03,5561
Brown,萬芳醫院,2024-04-03,18831
Brown,萬芳社區,2024-04-03,3347
Brown,木柵,2024-04-03,7226
Brown,動物園,2024-04-03,8556
Brown,大直,2024-04-03,13640
Brown,劍南路,2024-04-03,16694
Brown,西湖,2024-04-03,20151
Brown,港墘,2024-04-03,26839
Brown,文德,2024-04-03,10038
Brown,內湖,2024-04-03,16177
Brown,大湖公園,2024-04-03,5792
Brown,葫洲,2024-04-03,12083
Brown,東湖,2024-04-03,14422
Brown,南港軟體園區,2024-04-03,8955
Brown,南港展覽館,2024-04-03,17463
Brown,松山機場,2024-04-04,7896
Brown,中山國中,2024-04-04,13151
Brown,南京復興,2024-04-04,18142
Brown,忠孝復興,2024-04-04,26303
Brown,大安,2024-04-04,9185
Brown,科技大樓,2024-04-04,12898
Brown,六張犁,2024-04-04,12242
Brown,麟光,2024-04-04,10910
Brown,辛亥,2024-04-04,4184
Brown,萬芳醫院,2024-04-04,10766
Brown,萬芳社區,2024-04-04,2892
Brown,木柵,2024-04-04,5077
Brown,動物園,2024-04-04,22705
Brown,大直,2024-04-04,8279
Brown,劍南路,2024-04-04,15140
Brown,西湖,2024-04-04,6678
Brown,港墘,2024-04-04,9382
Brown,文德,2024-04-04,5793
Brown,內湖,2024-04-04,13285
Brown,大湖公園,2024-04-04,5790
Brown,葫洲,2024-04-04,8148
Brown,東湖,2024-04-04,9027
Brown,南港軟體園區,2024-04-04,4013
Brown,南港展覽館,2024-04-04,8407
Brown,松山機場,2024-04-05,7323
Brown,中山國中,2024-04-05,14165
Brown,南京復興,2024-04-05,19428
Brown,忠孝復興,2024-04-05,29053
Brown,大安,2024-04-05,10028
Brown,科技大樓,2024-04-05,13593
Brown,六張犁,2024-04-05,12987
Brown,麟光,2024-04-05,9268
Brown,辛亥,2024-04-05,4553
Brown,萬芳醫院,2024-04-05,12342
Brown,萬芳社區,2024-04-05,3446
Brown,木柵,2024-04-05,6392
Brown,動物園,2024-04-05,32362
Brown,大直,2024-04-05,9141
Brown,劍南路,2024-04-05,17460
Brown,西湖,2024-04-05,7034
Brown,港墘,2024-04-05,10166
Brown,文德,2024-04-05,6364
Brown,內湖,2024-04-05,13936
Brown,大湖公園,2024-04-05,6394
Brown,葫洲,2024-04-05,8725
Brown,東湖,2024-04-05,9758
Brown,南港軟體園區,2024-04-05,4549
Brown,南港展覽館,2024-04-05,12553
Brown,松山機場,2024-04-06,7568
Brown,中山國中,2024-04-06,15427
Brown,南京復興,2024-04-06,21493
Brown,忠孝復興,2024-04-06,30084
Brown,大安,2024-04-06,11794
Brown,科技大樓,2024-04-06,16704
Brown,六張犁,2024-04-06,13708
Brown,麟光,2024-04-06,8195
Brown,辛亥,2024-04-06,4836
Brown,萬芳醫院,2024-04-06,13098
Brown,萬芳社區,2024-04-06,3073
Brown,木柵,2024-04-06,5952
Brown,動物園,2024-04-06,22425
Brown,大直,2024-04-06,10007
Brown,劍南路,2024-04-06,18417
Brown,西湖,2024-04-06,7970
Brown,港墘,2024-04-06,11079
Brown,文德,2024-04-06,6831
Brown,內湖,2024-04-06,15322
Brown,大湖公園,2024-04-06,6394
Brown,葫洲,2024-04-06,9895
Brown,東湖,2024-04-06,10781
Brown,南港軟體園區,2024-04-06,4692
Brown,南港展覽館,2024-04-06,12350
Brown,松山機場,2024-04-07,8135
Brown,中山國中,2024-04-07,13425
Brown,南京復興,2024-04-07,17831
Brown,忠孝復興,2024-04-07,23671
Brown,大安,2024-04-07,9616
Brown,科技大樓,2024-04-07,14764
Brown,六張犁,2024-04-07,11687
Brown,麟光,2024-04-07,6907
Brown,辛亥,2024-04-07,4493
Brown,萬芳醫院,2024-04-07,12105
Brown,萬芳社區,2024-04-07,2736
Brown,木柵,2024-04-07,4659
Brown,動物園,2024-04-07,12765
Brown,大直,2024-04-07,9431
Brown,劍南路,2024-04-07,15567
Brown,西湖,2024-04-07,7239
Brown,港墘,2024-04-07,10303
Brown,文德,2024-04-07,6244
Brown,內湖,2024-04-07,13164
Brown,大湖公園,2024-04-07,5482
Brown,葫洲,2024-04-07,9166
Brown,東湖,2024-04-07,9674
Brown,南港軟體園區,2024-04-07,3967
Brown,南港展覽館,2024-04-07,10305
Brown,松山機場,2024-04-08,10665
Brown,中山國中,2024-04-08,26612
Brown,南京復興,2024-04-08,42797
Brown,忠孝復興,2024-04-08,29122
Brown,大安,2024-04-08,23650
Brown,科技大樓,2024-04-08,28730
Brown,六張犁,2024-04-08,22138
Brown,麟光,2024-04-08,8436
Brown,辛亥,2024-04-08,6765
Brown,萬芳醫院,2024-04-08,25713
Brown,萬芳社區,2024-04-08,4808
Brown,木柵,2024-04-08,8912
Brown,動物園,2024-04-08,9187
Brown,大直,2024-04-08,18824
Brown,劍南路,2024-04-08,20402
Brown,西湖,2024-04-08,32063
Brown,港墘,2024-04-08,38004
Brown,文德,2024-04-08,12124
Brown,內湖,2024-04-08,19335
Brown,大湖公園,2024-04-08,6378
Brown,葫洲,2024-04-08,17894
Brown,東湖,2024-04-08,17384
Brown,南港軟體園區,2024-04-08,13888
Brown,南港展覽館,2024-04-08,22375
Brown,松山機場,2024-04-09,9890
Brown,中山國中,2024-04-09,28894
Brown,南京復興,2024-04-09,45071
Brown,忠孝復興,2024-04-09,30742
Brown,大安,2024-04-09,25216
Brown,科技大樓,2024-04-09,30169
Brown,六張犁,2024-04-09,22938
Brown,麟光,2024-04-09,8496
Brown,辛亥,2024-04-09,7241
Brown,萬芳醫院,2024-04-09,25939
Brown,萬芳社區,2024-04-09,4890
Brown,木柵,2024-04-09,9223
Brown,動物園,2024-04-09,10557
Brown,大直,2024-04-09,20051
Brown,劍南路,2024-04-09,21257
Brown,西湖,2024-04-09,33505
Brown,港墘,2024-04-09,39123
Brown,文德,2024-04-09,12449
Brown,內湖,2024-04-09,20192
Brown,大湖公園,2024-04-09,6742
Brown,葫洲,2024-04-09,18151
Brown,東湖,2024-04-09,17633
Brown,南港軟體園區,2024-04-09,14298
Brown,南港展覽館,2024-04-09,21535
Brown,松山機場,2024-04-10,10020
Brown,中山國中,2024-04-10,29184
Brown,南京復興,2024-04-10,45333
Brown,忠孝復興,2024-04-10,31541
Brown,大安,2024-04-10,25080
Brown,科技大樓,2024-04-10,30473
Brown,六張犁,2024-04-10,23377
Brown,麟光,2024-04-10,8605
Brown,辛亥,2024-04-10,7241
Brown,萬芳醫院,2024-04-10,26382
Brown,萬芳社區,2024-04-10,4908
Brown,木柵,2024-04-10,9383
Brown,動物園,2024-04-10,11327
Brown,大直,2024-04-10,20585
Brown,劍南路,2024-04-10,23463
Brown,西湖,2024-04-10,33611
Brown,港墘,2024-04-10,40168
Brown,文德,2024-04-10,12455
Brown,內湖,2024-04-10,20177
Brown,大湖公園,2024-04-10,6904
Brown,葫洲,2024-04-10,18764
Brown,東湖,2024-04-10,17771
Brown,南港軟體園區,2024-04-10,14226
Brown,南港展覽館,2024-04-10,21998
Brown,松山機場,2024-04-11,10149
Brown,中山國中,2024-04-11,29329
Brown,南京復興,2024-04-11,45737
Brown,忠孝復興,2024-04-11,31803
Brown,大安,2024-04-11,24990
Brown,科技大樓,2024-04-11,30359
Brown,六張犁,2024-04-11,23130
Brown,麟光,2024-04-11,8626
Brown,辛亥,2024-04-11,7270
Brown,萬芳醫院,2024-04-11,26600
Brown,萬芳社區,2024-04-11,5164
Brown,木柵,2024-04-11,9342
Brown,動物園,2024-04-11,12382
Brown,大直,2024-04-11,20113
Brown,劍南路,2024-04-11,23995
Brown,西湖,2024-04-11,33534
Brown,港墘,2024-04-11,39094
Brown,文德,2024-04-11,12515
Brown,內湖,2024-04-11,20450
Brown,大湖公園,2024-04-11,7291
Brown,葫洲,2024-04-11,18703
Brown,東湖,2024-04-11,17777
Brown,南港軟體園區,2024-04-11,13981
Brown,南港展覽館,2024-04-11,21876
Brown,松山機場,2024-04-12,10960
Brown,中山國中,2024-04-12,30106
Brown,南京復興,2024-04-12,47075
Brown,忠孝復興,2024-04-12,36771
Brown,大安,2024-04-12,25586
Brown,科技大樓,2024-04-12,30423
Brown,六張犁,2024-04-12,23634
Brown,麟光,2024-04-12,8951
Brown,辛亥,2024-04-12,7405
Brown,萬芳醫院,2024-04-12,27570
Brown,萬芳社區,2024-04-12,5154
Brown,木柵,2024-04-12,9469
Brown,動物園,2024-04-12,13469
Brown,大直,2024-04-12,20561
Brown,劍南路,2024-04-12,27549
Brown,西湖,2024-04-12,33181
Brown,港墘,2024-04-12,39906
Brown,文德,2024-04-12,13443
Brown,內湖,2024-04-12,21139
Brown,大湖公園,2024-04-12,7339
Brown,葫洲,2024-04-12,19594
Brown,東湖,2024-04-12,18651
Brown,南港軟體園區,2024-04-12,13985
Brown,南港展覽館,2024-04-12,21894
Brown,松山機場,2024-04-13,8091
Brown,中山國中,2024-04-13,19495
Brown,南京復興,2024-04-13,27813
Brown,忠孝復興,2024-04-13,34279
Brown,大安,2024-04-13,18086
Brown,科技大樓,2024-04-13,21207
Brown,六張犁,2024-04-13,16091
Brown,麟光,2024-04-13,8262
Brown,辛亥,2024-04-13,5845
Brown,萬芳醫院,2024-04-13,16701
Brown,萬芳社區,2024-04-13,3611
Brown,木柵,2024-04-13,6909
Brown,動物園,2024-04-13,15772
Brown,大直,2024-04-13,15171
Brown,劍南路,2024-04-13,23527
Brown,西湖,2024-04-13,10738
Brown,港墘,2024-04-13,16920
Brown,文德,2024-04-13,8284
Brown,內湖,2024-04-13,17974
Brown,大湖公園,2024-04-13,7254
Brown,葫洲,2024-04-13,12058
Brown,東湖,2024-04-13,13138
Brown,南港軟體園區,2024-04-13,5113
Brown,南港展覽館,2024-04-13,12180
Brown,松山機場,2024-04-14,7601
Brown,中山國中,2024-04-14,15281
Brown,南京復興,2024-04-14,19867
Brown,忠孝復興,2024-04-14,25403
Brown,大安,2024-04-14,13111
Brown,科技大樓,2024-04-14,17826
Brown,六張犁,2024-04-14,12762
Brown,麟光,2024-04-14,7172
Brown,辛亥,2024-04-14,4824
Brown,萬芳醫院,2024-04-14,13435
Brown,萬芳社區,2024-04-14,3097
Brown,木柵,2024-04-14,8015
Brown,動物園,2024-04-14,16335
Brown,大直,2024-04-14,11534
Brown,劍南路,2024-04-14,20091
Brown,西湖,2024-04-14,8144
Brown,港墘,2024-04-14,12974
Brown,文德,2024-04-14,7422
Brown,內湖,2024-04-14,15402
Brown,大湖公園,2024-04-14,6896
Brown,葫洲,2024-04-14,10136
Brown,東湖,2024-04-14,11059
Brown,南港軟體園區,2024-04-14,4411
Brown,南港展覽館,2024-04-14,9431
Brown,松山機場,2024-04-15,10347
Brown,中山國中,2024-04-15,27356
Brown,南京復興,2024-04-15,43370
Brown,忠孝復興,2024-04-15,29181
Brown,大安,2024-04-15,21748
Brown,科技大樓,2024-04-15,28278
Brown,六張犁,2024-04-15,21946
Brown,麟光,2024-04-15,8361
Brown,辛亥,2024-04-15,6832
Brown,萬芳醫院,2024-04-15,25339
Brown,萬芳社區,2024-04-15,4898
Brown,木柵,2024-04-15,8619
Brown,動物園,2024-04-15,9839
Brown,大直,2024-04-15,18881
Brown,劍南路,2024-04-15,21773
Brown,西湖,2024-04-15,31746
Brown,港墘,2024-04-15,37402
Brown,文德,2024-04-15,12159
Brown,內湖,2024-04-15,19450
Brown,大湖公園,2024-04-15,6786
Brown,葫洲,2024-04-15,17970
Brown,東湖,2024-04-15,17533
Brown,南港軟體園區,2024-04-15,13772
Brown,南港展覽館,2024-04-15,21703
Brown,松山機場,2024-04-16,9614
Brown,中山國中,2024-04-16,28341
Brown,南京復興,2024-04-16,44549
Brown,忠孝復興,2024-04-16,30689
Brown,大安,2024-04-16,24388
Brown,科技大樓,2024-04-16,29928
Brown,六張犁,2024-04-16,22651
Brown,麟光,2024-04-16,8297
Brown,辛亥,2024-04-16,6940
Brown,萬芳醫院,2024-04-16,25866
Brown,萬芳社區,2024-04-16,5027
Brown,木柵,2024-04-16,8851
Brown,動物園,2024-04-16,12072
Brown,大直,2024-04-16,19716
Brown,劍南路,2024-04-16,22969
Brown,西湖,2024-04-16,33235
Brown,港墘,2024-04-16,38716
Brown,文德,2024-04-16,11890
Brown,內湖,2024-04-16,19781
Brown,大湖公園,2024-04-16,6796
Brown,葫洲,2024-04-16,18139
Brown,東湖,2024-04-16,17976
Brown,南港軟體園區,2024-04-16,14315
Brown,南港展覽館,2024-04-16,22903
Brown,松山機場,2024-04-17,10320
Brown,中山國中,2024-04-17,29095
Brown,南京復興,2024-04-17,45351
Brown,忠孝復興,2024-04-17,32558
Brown,大安,2024-04-17,24925
Brown,科技大樓,2024-04-17,30577
Brown,六張犁,2024-04-17,23276
Brown,麟光,2024-04-17,8646
Brown,辛亥,2024-04-17,7137
Brown,萬芳醫院,2024-04-17,26123
Brown,萬芳社區,2024-04-17,4951
Brown,木柵,2024-04-17,9213
Brown,動物園,2024-04-17,12509
Brown,大直,2024-04-17,20480
Brown,劍南路,2024-04-17,23074
Brown,西湖,2024-04-17,33683
Brown,港墘,2024-04-17,39490
Brown,文德,2024-04-17,11903
Brown,內湖,2024-04-17,20654
Brown,大湖公園,2024-04-17,7381
Brown,葫洲,2024-04-17,18906
Brown,東湖,2024-04-17,18245
Brown,南港軟體園區,2024-04-17,14418
Brown,南港展覽館,2024-04-17,25427
Brown,松山機場,2024-04-18,10109
Brown,中山國中,2024-04-18,29320
Brown,南京復興,2024-04-18,46600
Brown,忠孝復興,2024-04-18,32409
Brown,大安,2024-04-18,25138
Brown,科技大樓,2024-04-18,30956
Brown,六張犁,2024-04-18,23593
Brown,麟光,2024-04-18,8690
Brown,辛亥,2024-04-18,6929
Brown,萬芳醫院,2024-04-18,26019
Brown,萬芳社區,2024-04-18,4701
Brown,木柵,2024-04-18,8986
Brown,動物園,2024-04-18,10633
Brown,大直,2024-04-18,19908
Brown,劍南路,2024-04-18,23732
Brown,西湖,2024-04-18,33993
Brown,港墘,2024-04-18,39429
Brown,文德,2024-04-18,11975
Brown,內湖,2024-04-18,20273
Brown,大湖公園,2024-04-18,6564
Brown,葫洲,2024-04-18,18821
Brown,東湖,2024-04-18,18183
Brown,南港軟體園區,2024-04-18,14736
Brown,南港展覽館,2024-04-18,25641
Brown,松山機場,2024-04-19,11121
Brown,中山國中,2024-04-19,29738
Brown,南京復興,2024-04-19,46758
Brown,忠孝復興,2024-04-19,37523
Brown,大安,2024-04-19,25822
Brown,科技大樓,2024-04-19,31654
Brown,六張犁,2024-04-19,23543
Brown,麟光,2024-04-19,8954
Brown,辛亥,2024-04-19,7476
Brown,萬芳醫院,2024-04-19,27496
Brown,萬芳社區,2024-04-19,5153
Brown,木柵,2024-04-19,9668
Brown,動物園,2024-04-19,14407
Brown,大直,2024-04-19,21097
Brown,劍南路,2024-04-19,26430
Brown,西湖,2024-04-19,33339
Brown,港墘,2024-04-19,37122
Brown,文德,2024-04-19,12950
Brown,內湖,2024-04-19,21370
Brown,大湖公園,2024-04-19,7444
Brown,葫洲,2024-04-19,19472
Brown,東湖,2024-04-19,19081
Brown,南港軟體園區,2024-04-19,14378
Brown,南港展覽館,2024-04-19,25436
Brown,松山機場,2024-04-20,8044
Brown,中山國中,2024-04-20,19217
Brown,南京復興,2024-04-20,27493
Brown,忠孝復興,2024-04-20,35664
Brown,大安,2024-04-20,18798
Brown,科技大樓,2024-04-20,22579
Brown,六張犁,2024-04-20,16604
Brown,麟光,2024-04-20,8223
Brown,辛亥,2024-04-20,5460
Brown,萬芳醫院,2024-04-20,16391
Brown,萬芳社區,2024-04-20,3600
Brown,木柵,2024-04-20,7144
Brown,動物園,2024-04-20,16947
Brown,大直,2024-04-20,14623
Brown,劍南路,2024-04-20,25083
Brown,西湖,2024-04-20,10936
Brown,港墘,2024-04-20,14844
Brown,文德,2024-04-20,8777
Brown,內湖,2024-04-20,18259
Brown,大湖公園,2024-04-20,9839
Brown,葫洲,2024-04-20,12263
Brown,東湖,2024-04-20,13004
Brown,南港軟體園區,2024-04-20,5305
Brown,南港展覽館,2024-04-20,13699
Brown,松山機場,2024-04-21,7742
Brown,中山國中,2024-04-21,14979
Brown,南京復興,2024-04-21,20265
Brown,忠孝復興,2024-04-21,26456
Brown,大安,2024-04-21,11074
Brown,科技大樓,2024-04-21,17980
Brown,六張犁,2024-04-21,13172
Brown,麟光,2024-04-21,6660
Brown,辛亥,2024-04-21,4950
Brown,萬芳醫院,2024-04-21,12836
Brown,萬芳社區,2024-04-21,3126
Brown,木柵,2024-04-21,5539
Brown,動物園,2024-04-21,15896
Brown,大直,2024-04-21,11441
Brown,劍南路,2024-04-21,20720
Brown,西湖,2024-04-21,8156
Brown,港墘,2024-04-21,12105
Brown,文德,2024-04-21,7367
Brown,內湖,2024-04-21,14693
Brown,大湖公園,2024-04-21,6556
Brown,葫洲,2024-04-21,9668
Brown,東湖,2024-04-21,10752
Brown,南港軟體園區,2024-04-21,4358
Brown,南港展覽館,2024-04-21,9073
Brown,松山機場,2024-04-22,10439
Brown,中山國中,2024-04-22,26624
Brown,南京復興,2024-04-22,42527
Brown,忠孝復興,2024-04-22,29279
Brown,大安,2024-04-22,19541
Brown,科技大樓,2024-04-22,29306
Brown,六張犁,2024-04-22,20719
Brown,麟光,2024-04-22,8140
Brown,辛亥,2024-04-22,6687
Brown,萬芳醫院,2024-04-22,23253
Brown,萬芳社區,2024-04-22,4597
Brown,木柵,2024-04-22,7432
Brown,動物園,2024-04-22,9473
Brown,大直,2024-04-22,18061
Brown,劍南路,2024-04-22,21688
Brown,西湖,2024-04-22,32123
Brown,港墘,2024-04-22,33458
Brown,文德,2024-04-22,9612
Brown,內湖,2024-04-22,18275
Brown,大湖公園,2024-04-22,6442
Brown,葫洲,2024-04-22,16963
Brown,東湖,2024-04-22,15164
Brown,南港軟體園區,2024-04-22,13307
Brown,南港展覽館,2024-04-22,20362
Brown,松山機場,2024-04-23,9829
Brown,中山國中,2024-04-23,27133
Brown,南京復興,2024-04-23,43469
Brown,忠孝復興,2024-04-23,29414
Brown,大安,2024-04-23,20045
Brown,科技大樓,2024-04-23,30205
Brown,六張犁,2024-04-23,21025
Brown,麟光,2024-04-23,8061
Brown,辛亥,2024-04-23,6876
Brown,萬芳醫院,2024-04-23,23380
Brown,萬芳社區,2024-04-23,4652
Brown,木柵,2024-04-23,7459
Brown,動物園,2024-04-23,10491
Brown,大直,2024-04-23,18321
Brown,劍南路,2024-04-23,22517
Brown,西湖,2024-04-23,32531
Brown,港墘,2024-04-23,33765
Brown,文德,2024-04-23,9598
Brown,內湖,2024-04-23,18976
Brown,大湖公園,2024-04-23,6508
Brown,葫洲,2024-04-23,17111
Brown,東湖,2024-04-23,15512
Brown,南港軟體園區,2024-04-23,13418
Brown,南港展覽館,2024-04-23,21167
Brown,松山機場,2024-04-24,10334
Brown,中山國中,2024-04-24,28621
Brown,南京復興,2024-04-24,45490
Brown,忠孝復興,2024-04-24,32171
Brown,大安,2024-04-24,21304
Brown,科技大樓,2024-04-24,32031
Brown,六張犁,2024-04-24,22217
Brown,麟光,2024-04-24,8615
Brown,辛亥,2024-04-24,6799
Brown,萬芳醫院,2024-04-24,24384
Brown,萬芳社區,2024-04-24,4556
Brown,木柵,2024-04-24,7195
Brown,動物園,2024-04-24,8972
Brown,大直,2024-04-24,18631
Brown,劍南路,2024-04-24,22204
Brown,西湖,2024-04-24,33648
Brown,港墘,2024-04-24,35811
Brown,文德,2024-04-24,9830
Brown,內湖,2024-04-24,19511
Brown,大湖公園,2024-04-24,6232
Brown,葫洲,2024-04-24,17952
Brown,東湖,2024-04-24,15610
Brown,南港軟體園區,2024-04-24,15044
Brown,南港展覽館,2024-04-24,24245
Brown,松山機場,2024-04-25,10551
Brown,中山國中,2024-04-25,28696
Brown,南京復興,2024-04-25,45937
Brown,忠孝復興,2024-04-25,32860
Brown,大安,2024-04-25,21975
Brown,科技大樓,2024-04-25,31098
Brown,六張犁,2024-04-25,22706
Brown,麟光,2024-04-25,8723
Brown,辛亥,2024-04-25,7028
Brown,萬芳醫院,2024-04-25,24454
Brown,萬芳社區,2024-04-25,4761
Brown,木柵,2024-04-25,7623
Brown,動物園,2024-04-25,11102
Brown,大直,2024-04-25,18922
Brown,劍南路,2024-04-25,22834
Brown,西湖,2024-04-25,34131
Brown,港墘,2024-04-25,35826
Brown,文德,2024-04-25,9808
Brown,內湖,2024-04-25,19897
Brown,大湖公園,2024-04-25,6543
Brown,葫洲,2024-04-25,18285
Brown,東湖,2024-04-25,16224
Brown,南港軟體園區,2024-04-25,14906
Brown,南港展覽館,2024-04-25,24839
Brown,松山機場,2024-04-26,10943
Brown,中山國中,2024-04-26,29037
Brown,南京復興,2024-04-26,46512
Brown,忠孝復興,2024-04-26,36321
Brown,大安,2024-04-26,23691
Brown,科技大樓,2024-04-26,31206
Brown,六張犁,2024-04-26,23511
Brown,麟光,2024-04-26,8806
Brown,辛亥,2024-04-26,7180
Brown,萬芳醫院,2024-04-26,27376
Brown,萬芳社區,2024-04-26,4991
Brown,木柵,2024-04-26,9292
Brown,動物園,2024-04-26,11662
Brown,大直,2024-04-26,20053
Brown,劍南路,2024-04-26,24020
Brown,西湖,2024-04-26,32727
Brown,港墘,2024-04-26,37926
Brown,文德,2024-04-26,12451
Brown,內湖,2024-04-26,20354
Brown,大湖公園,2024-04-26,6638
Brown,葫洲,2024-04-26,18779
Brown,東湖,2024-04-26,18217
Brown,南港軟體園區,2024-04-26,14700
Brown,南港展覽館,2024-04-26,24854
Brown,松山機場,2024-04-27,7858
Brown,中山國中,2024-04-27,18496
Brown,南京復興,2024-04-27,26784
Brown,忠孝復興,2024-04-27,35224
Brown,大安,2024-04-27,14351
Brown,科技大樓,2024-04-27,19467
Brown,六張犁,2024-04-27,15175
Brown,麟光,2024-04-27,7296
Brown,辛亥,2024-04-27,5543
Brown,萬芳醫院,2024-04-27,15824
Brown,萬芳社區,2024-04-27,3374
Brown,木柵,2024-04-27,6080
Brown,動物園,2024-04-27,11369
Brown,大直,2024-04-27,13207
Brown,劍南路,2024-04-27,20911
Brown,西湖,2024-04-27,10473
Brown,港墘,2024-04-27,15649
Brown,文德,2024-04-27,8265
Brown,內湖,2024-04-27,16899
Brown,大湖公園,2024-04-27,5725
Brown,葫洲,2024-04-27,11801
Brown,東湖,2024-04-27,13348
Brown,南港軟體園區,2024-04-27,4871
Brown,南港展覽館,2024-04-27,11205
Brown,松山機場,2024-04-28,7464
Brown,中山國中,2024-04-28,14860
Brown,南京復興,2024-04-28,19684
Brown,忠孝復興,2024-04-28,27226
Brown,大安,2024-04-28,11170
Brown,科技大樓,2024-04-28,17635
Brown,六張犁,2024-04-28,12614
Brown,麟光,2024-04-28,6310
Brown,辛亥,2024-04-28,4598
Brown,萬芳醫院,2024-04-28,13140
Brown,萬芳社區,2024-04-28,2849
Brown,木柵,2024-04-28,5097
Brown,動物園,2024-04-28,11083
Brown,大直,2024-04-28,11898
Brown,劍南路,2024-04-28,18719
Brown,西湖,2024-04-28,9079
Brown,港墘,2024-04-28,12859
Brown,文德,2024-04-28,7066
Brown,內湖,2024-04-28,14089
Brown,大湖公園,2024-04-28,5700
Brown,葫洲,2024-04-28,10109
Brown,東湖,2024-04-28,11243
Brown,南港軟體園區,2024-04-28,4731
Brown,南港展覽館,2024-04-28,9521
Brown,松山機場,2024-04-29,10575
Brown,中山國中,2024-04-29,27400
Brown,南京復興,2024-04-29,43434
Brown,忠孝復興,2024-04-29,30902
Brown,大安,2024-04-29,23993
Brown,科技大樓,2024-04-29,29025
Brown,六張犁,2024-04-29,22147
Brown,麟光,2024-04-29,8429
Brown,辛亥,2024-04-29,7167
Brown,萬芳醫院,2024-04-29,25463
Brown,萬芳社區,2024-04-29,4872
Brown,木柵,2024-04-29,9264
Brown,動物園,2024-04-29,11344
Brown,大直,2024-04-29,19023
Brown,劍南路,2024-04-29,21891
Brown,西湖,2024-04-29,32049
Brown,港墘,2024-04-29,37760
Brown,文德,2024-04-29,12381
Brown,內湖,2024-04-29,19831
Brown,大湖公園,2024-04-29,7032
Brown,葫洲,2024-04-29,18130
Brown,東湖,2024-04-29,17678
Brown,南港軟體園區,2024-04-29,13947
Brown,南港展覽館,2024-04-29,21687
Brown,松山機場,2024-04-30,10463
Brown,中山國中,2024-04-30,29130
Brown,南京復興,2024-04-30,46300
Brown,忠孝復興,2024-04-30,35640
Brown,大安,2024-04-30,25578
Brown,科技大樓,2024-04-30,30733
Brown,六張犁,2024-04-30,24330
Brown,麟光,2024-04-30,8728
Brown,辛亥,2024-04-30,7237
Brown,萬芳醫院,2024-04-30,25837
Brown,萬芳社區,2024-04-30,5129
Brown,木柵,2024-04-30,9367
Brown,動物園,2024-04-30,13287
Brown,大直,2024-04-30,19956
Brown,劍南路,2024-04-30,23271
Brown,西湖,2024-04-30,33640
Brown,港墘,2024-04-30,39524
Brown,文德,2024-04-30,12527
Brown,內湖,2024-04-30,20778
Brown,大湖公園,2024-04-30,6911
Brown,葫洲,2024-04-30,18366
Brown,東湖,2024-04-30,18307
Brown,南港軟體園區,2024-04-30,14436
Brown,南港展覽館,2024-04-30,22169
Brown,松山機場,2024-05-01,8778
Brown,中山國中,2024-05-01,16891
Brown,南京復興,2024-05-01,24300
Brown,忠孝復興,2024-05-01,31664
Brown,大安,2024-05-01,17382
Brown,科技大樓,2024-05-01,21756
Brown,六張犁,2024-05-01,15588
Brown,麟光,2024-05-01,7224
Brown,辛亥,2024-05-01,4824
Brown,萬芳醫院,2024-05-01,20298
Brown,萬芳社區,2024-05-01,3350
Brown,木柵,2024-05-01,7580
Brown,動物園,2024-05-01,11428
Brown,大直,2024-05-01,16687
Brown,劍南路,2024-05-01,17237
Brown,西湖,2024-05-01,11084
Brown,港墘,2024-05-01,17047
Brown,文德,2024-05-01,10085
Brown,內湖,2024-05-01,16652
Brown,大湖公園,2024-05-01,5507
Brown,葫洲,2024-05-01,13374
Brown,東湖,2024-05-01,14312
Brown,南港軟體園區,2024-05-01,4978
Brown,南港展覽館,2024-05-01,11927
Brown,松山機場,2024-05-02,10652
Brown,中山國中,2024-05-02,29037
Brown,南京復興,2024-05-02,46003
Brown,忠孝復興,2024-05-02,32125
Brown,大安,2024-05-02,24842
Brown,科技大樓,2024-05-02,30675
Brown,六張犁,2024-05-02,23326
Brown,麟光,2024-05-02,8635
Brown,辛亥,2024-05-02,7054
Brown,萬芳醫院,2024-05-02,25528
Brown,萬芳社區,2024-05-02,5062
Brown,木柵,2024-05-02,9149
Brown,動物園,2024-05-02,11927
Brown,大直,2024-05-02,19980
Brown,劍南路,2024-05-02,22277
Brown,西湖,2024-05-02,32745
Brown,港墘,2024-05-02,38701
Brown,文德,2024-05-02,12575
Brown,內湖,2024-05-02,20040
Brown,大湖公園,2024-05-02,6601
Brown,葫洲,2024-05-02,18222
Brown,東湖,2024-05-02,18140
Brown,南港軟體園區,2024-05-02,13960
Brown,南港展覽館,2024-05-02,21610
Brown,松山機場,2024-05-03,11556
Brown,中山國中,2024-05-03,30443
Brown,南京復興,2024-05-03,47488
Brown,忠孝復興,2024-05-03,37927
Brown,大安,2024-05-03,25610
Brown,科技大樓,2024-05-03,31659
Brown,六張犁,2024-05-03,23984
Brown,麟光,2024-05-03,9169
Brown,辛亥,2024-05-03,7448
Brown,萬芳醫院,2024-05-03,27283
Brown,萬芳社區,2024-05-03,5162
Brown,木柵,2024-05-03,9602
Brown,動物園,2024-05-03,14612
Brown,大直,2024-05-03,20917
Brown,劍南路,2024-05-03,25597
Brown,西湖,2024-05-03,32349
Brown,港墘,2024-05-03,39214
Brown,文德,2024-05-03,12978
Brown,內湖,2024-05-03,21398
Brown,大湖公園,2024-05-03,7438
Brown,葫洲,2024-05-03,19477
Brown,東湖,2024-05-03,18633
Brown,南港軟體園區,2024-05-03,13785
Brown,南港展覽館,2024-05-03,23951
Brown,松山機場,2024-05-04,8282
Brown,中山國中,2024-05-04,18937
Brown,南京復興,2024-05-04,27408
Brown,忠孝復興,2024-05-04,36072
Brown,大安,2024-05-04,14870
Brown,科技大樓,2024-05-04,21724
Brown,六張犁,2024-05-04,16530
Brown,麟光,2024-05-04,7724
Brown,辛亥,2024-05-04,5734
Brown,萬芳醫院,2024-05-04,17141
Brown,萬芳社區,2024-05-04,3567
Brown,木柵,2024-05-04,7409
Brown,動物園,2024-05-04,16491
Brown,大直,2024-05-04,13558
Brown,劍南路,2024-05-04,23682
Brown,西湖,2024-05-04,10519
Brown,港墘,2024-05-04,14259
Brown,文德,2024-05-04,8576
Brown,內湖,2024-05-04,18189
Brown,大湖公園,2024-05-04,7055
Brown,葫洲,2024-05-04,12618
Brown,東湖,2024-05-04,13185
Brown,南港軟體園區,2024-05-04,5023
Brown,南港展覽館,2024-05-04,15305
Brown,松山機場,2024-05-05,8392
Brown,中山國中,2024-05-05,14965
Brown,南京復興,2024-05-05,20550
Brown,忠孝復興,2024-05-05,27062
Brown,大安,2024-05-05,11562
Brown,科技大樓,2024-05-05,17545
Brown,六張犁,2024-05-05,12740
Brown,麟光,2024-05-05,6595
Brown,辛亥,2024-05-05,4686
Brown,萬芳醫院,2024-05-05,15705
Brown,萬芳社區,2024-05-05,2999
Brown,木柵,2024-05-05,5399
Brown,動物園,2024-05-05,12761
Brown,大直,2024-05-05,10902
Brown,劍南路,2024-05-05,20381
Brown,西湖,2024-05-05,7851
Brown,港墘,2024-05-05,12206
Brown,文德,2024-05-05,6923
Brown,內湖,2024-05-05,14315
Brown,大湖公園,2024-05-05,6022
Brown,葫洲,2024-05-05,10077
Brown,東湖,2024-05-05,10626
Brown,南港軟體園區,2024-05-05,4628
Brown,南港展覽館,2024-05-05,12878
Brown,松山機場,2024-05-06,10555
Brown,中山國中,2024-05-06,27236
Brown,南京復興,2024-05-06,43631
Brown,忠孝復興,2024-05-06,30832
Brown,大安,2024-05-06,23674
Brown,科技大樓,2024-05-06,29036
Brown,六張犁,2024-05-06,21917
Brown,麟光,2024-05-06,8411
Brown,辛亥,2024-05-06,6919
Brown,萬芳醫院,2024-05-06,24834
Brown,萬芳社區,2024-05-06,4858
Brown,木柵,2024-05-06,9164
Brown,動物園,2024-05-06,10731
Brown,大直,2024-05-06,18785
Brown,劍南路,2024-05-06,21294
Brown,西湖,2024-05-06,31723
Brown,港墘,2024-05-06,37638
Brown,文德,2024-05-06,12188
Brown,內湖,2024-05-06,19424
Brown,大湖公園,2024-05-06,6690
Brown,葫洲,2024-05-06,18161
Brown,東湖,2024-05-06,17295
Brown,南港軟體園區,2024-05-06,13555
Brown,南港展覽館,2024-05-06,21720
Brown,松山機場,2024-05-07,10018
Brown,中山國中,2024-05-07,28272
Brown,南京復興,2024-05-07,44493
Brown,忠孝復興,2024-05-07,31787
Brown,大安,2024-05-07,24568
Brown,科技大樓,2024-05-07,31751
Brown,六張犁,2024-05-07,22723
Brown,麟光,2024-05-07,8337
Brown,辛亥,2024-05-07,7222
Brown,萬芳醫院,2024-05-07,25688
Brown,萬芳社區,2024-05-07,5051
Brown,木柵,2024-05-07,9510
Brown,動物園,2024-05-07,11708
Brown,大直,2024-05-07,19871
Brown,劍南路,2024-05-07,22829
Brown,西湖,2024-05-07,33530
Brown,港墘,2024-05-07,39149
Brown,文德,2024-05-07,12201
Brown,內湖,2024-05-07,20074
Brown,大湖公園,2024-05-07,6985
Brown,葫洲,2024-05-07,18610
Brown,東湖,2024-05-07,18025
Brown,南港軟體園區,2024-05-07,13777
Brown,南港展覽館,2024-05-07,22143
Brown,松山機場,2024-05-08,10082
Brown,中山國中,2024-05-08,28645
Brown,南京復興,2024-05-08,45028
Brown,忠孝復興,2024-05-08,32817
Brown,大安,2024-05-08,24884
Brown,科技大樓,2024-05-08,31555
Brown,六張犁,2024-05-08,23103
Brown,麟光,2024-05-08,8464
Brown,辛亥,2024-05-08,7213
Brown,萬芳醫院,2024-05-08,25819
Brown,萬芳社區,2024-05-08,5081
Brown,木柵,2024-05-08,8986
Brown,動物園,2024-05-08,11193
Brown,大直,2024-05-08,20040
Brown,劍南路,2024-05-08,22599
Brown,西湖,2024-05-08,33301
Brown,港墘,2024-05-08,39353
Brown,文德,2024-05-08,12320
Brown,內湖,2024-05-08,20618
Brown,大湖公園,2024-05-08,7480
Brown,葫洲,2024-05-08,18370
Brown,東湖,2024-05-08,18128
Brown,南港軟體園區,2024-05-08,13816
Brown,南港展覽館,2024-05-08,22257
Brown,松山機場,2024-05-09,10137
Brown,中山國中,2024-05-09,28744
Brown,南京復興,2024-05-09,45286
Brown,忠孝復興,2024-05-09,33715
Brown,大安,2024-05-09,24630
Brown,科技大樓,2024-05-09,31039
Brown,六張犁,2024-05-09,23093
Brown,麟光,2024-05-09,8645
Brown,辛亥,2024-05-09,7350
Brown,萬芳醫院,2024-05-09,25084
Brown,萬芳社區,2024-05-09,5127
Brown,木柵,2024-05-09,9320
Brown,動物園,2024-05-09,12432
Brown,大直,2024-05-09,20005
Brown,劍南路,2024-05-09,23688
Brown,西湖,2024-05-09,33113
Brown,港墘,2024-05-09,38660
Brown,文德,2024-05-09,12346
Brown,內湖,2024-05-09,20667
Brown,大湖公園,2024-05-09,7537
Brown,葫洲,2024-05-09,18402
Brown,東湖,2024-05-09,18326
Brown,南港軟體園區,2024-05-09,14158
Brown,南港展覽館,2024-05-09,24460
Brown,松山機場,2024-05-10,11425
Brown,中山國中,2024-05-10,29435
Brown,南京復興,2024-05-10,46837
Brown,忠孝復興,2024-05-10,38745
Brown,大安,2024-05-10,25060
Brown,科技大樓,2024-05-10,31644
Brown,六張犁,2024-05-10,23790
Brown,麟光,2024-05-10,8916
Brown,辛亥,2024-05-10,7591
Brown,萬芳醫院,2024-05-10,27075
Brown,萬芳社區,2024-05-10,5001
Brown,木柵,2024-05-10,9834
Brown,動物園,2024-05-10,12829
Brown,大直,2024-05-10,20693
Brown,劍南路,2024-05-10,25765
Brown,西湖,2024-05-10,32524
Brown,港墘,2024-05-10,39027
Brown,文德,2024-05-10,13759
Brown,內湖,2024-05-10,21809
Brown,大湖公園,2024-05-10,7597
Brown,葫洲,2024-05-10,19482
Brown,東湖,2024-05-10,19686
Brown,南港軟體園區,2024-05-10,14072
Brown,南港展覽館,2024-05-10,24500
Brown,松山機場,2024-05-11,7630
Brown,中山國中,2024-05-11,18314
Brown,南京復興,2024-05-11,25281
Brown,忠孝復興,2024-05-11,35421
Brown,大安,2024-05-11,14565
Brown,科技大樓,2024-05-11,19873
Brown,六張犁,2024-05-11,15455
Brown,麟光,2024-05-11,7869
Brown,辛亥,2024-05-11,5259
Brown,萬芳醫院,2024-05-11,15389
Brown,萬芳社區,2024-05-11,3545
Brown,木柵,2024-05-11,6672
Brown,動物園,2024-05-11,14464
Brown,大直,2024-05-11,12644
Brown,劍南路,2024-05-11,20941
Brown,西湖,2024-05-11,9619
Brown,港墘,2024-05-11,13948
Brown,文德,2024-05-11,7971
Brown,內湖,2024-05-11,17108
Brown,大湖公園,2024-05-11,6679
Brown,葫洲,2024-05-11,12036
Brown,東湖,2024-05-11,12769
Brown,南港軟體園區,2024-05-11,5282
Brown,南港展覽館,2024-05-11,13197
Brown,松山機場,2024-05-12,7869
Brown,中山國中,2024-05-12,14031
Brown,南京復興,2024-05-12,18652
Brown,忠孝復興,2024-05-12,28120
Brown,大安,2024-05-12,10231
Brown,科技大樓,2024-05-12,15794
Brown,六張犁,2024-05-12,12021
Brown,麟光,2024-05-12,6562
Brown,辛亥,2024-05-12,4427
Brown,萬芳醫院,2024-05-12,12643
Brown,萬芳社區,2024-05-12,2788
Brown,木柵,2024-05-12,5201
Brown,動物園,2024-05-12,10693
Brown,大直,2024-05-12,9843
Brown,劍南路,2024-05-12,17332
Brown,西湖,2024-05-12,7832
Brown,港墘,2024-05-12,10898
Brown,文德,2024-05-12,6691
Brown,內湖,2024-05-12,14018
Brown,大湖公園,2024-05-12,5573
Brown,葫洲,2024-05-12,9460
Brown,東湖,2024-05-12,9926
Brown,南港軟體園區,2024-05-12,4987
Brown,南港展覽館,2024-05-12,10688
Brown,松山機場,2024-05-13,10273
Brown,中山國中,2024-05-13,27424
Brown,南京復興,2024-05-13,43509
Brown,忠孝復興,2024-05-13,30050
Brown,大安,2024-05-13,23019
Brown,科技大樓,2024-05-13,29666
Brown,六張犁,2024-05-13,22072
Brown,麟光,2024-05-13,8426
Brown,辛亥,2024-05-13,7166
Brown,萬芳醫院,2024-05-13,25030
Brown,萬芳社區,2024-05-13,4730
Brown,木柵,2024-05-13,8811
Brown,動物園,2024-05-13,9282
Brown,大直,2024-05-13,18936
Brown,劍南路,2024-05-13,20610
Brown,西湖,2024-05-13,32161
Brown,港墘,2024-05-13,37185
Brown,文德,2024-05-13,11756
Brown,內湖,2024-05-13,19282
Brown,大湖公園,2024-05-13,6207
Brown,葫洲,2024-05-13,17980
Brown,東湖,2024-05-13,16950
Brown,南港軟體園區,2024-05-13,13832
Brown,南港展覽館,2024-05-13,21432
Brown,松山機場,2024-05-14,9965
Brown,中山國中,2024-05-14,28182
Brown,南京復興,2024-05-14,44049
Brown,忠孝復興,2024-05-14,31325
Brown,大安,2024-05-14,24018
Brown,科技大樓,2024-05-14,30325
Brown,六張犁,2024-05-14,22510
Brown,麟光,2024-05-14,8251
Brown,辛亥,2024-05-14,7306
Brown,萬芳醫院,2024-05-14,25335
Brown,萬芳社區,2024-05-14,5016
Brown,木柵,2024-05-14,9371
Brown,動物園,2024-05-14,11868
Brown,大直,2024-05-14,19868
Brown,劍南路,2024-05-14,22613
Brown,西湖,2024-05-14,33010
Brown,港墘,2024-05-14,38772
Brown,文德,2024-05-14,12068
Brown,內湖,2024-05-14,20309
Brown,大湖公園,2024-05-14,6659
Brown,葫洲,2024-05-14,18178
Brown,東湖,2024-05-14,17650
Brown,南港軟體園區,2024-05-14,13927
Brown,南港展覽館,2024-05-14,24950
Brown,松山機場,2024-05-15,10719
Brown,中山國中,2024-05-15,28953
Brown,南京復興,2024-05-15,45303
Brown,忠孝復興,2024-05-15,32488
Brown,大安,2024-05-15,24077
Brown,科技大樓,2024-05-15,31072
Brown,六張犁,2024-05-15,22966
Brown,麟光,2024-05-15,8502
Brown,辛亥,2024-05-15,7293
Brown,萬芳醫院,2024-05-15,25919
Brown,萬芳社區,2024-05-15,5149
Brown,木柵,2024-05-15,9232
Brown,動物園,2024-05-15,12215
Brown,大直,2024-05-15,20274
Brown,劍南路,2024-05-15,23544
Brown,西湖,2024-05-15,33168
Brown,港墘,2024-05-15,38918
Brown,文德,2024-05-15,12275
Brown,內湖,2024-05-15,21016
Brown,大湖公園,2024-05-15,7497
Brown,葫洲,2024-05-15,18568
Brown,東湖,2024-05-15,18068
Brown,南港軟體園區,2024-05-15,13943
Brown,南港展覽館,2024-05-15,25979
Brown,松山機場,2024-05-16,10818
Brown,中山國中,2024-05-16,28863
Brown,南京復興,2024-05-16,44818
Brown,忠孝復興,2024-05-16,32579
Brown,大安,2024-05-16,23966
Brown,科技大樓,2024-05-16,31025
Brown,六張犁,2024-05-16,22725
Brown,麟光,2024-05-16,8479
Brown,辛亥,2024-05-16,7252
Brown,萬芳醫院,2024-05-16,25214
Brown,萬芳社區,2024-05-16,5269
Brown,木柵,2024-05-16,9256
Brown,動物園,2024-05-16,13554
Brown,大直,2024-05-16,20165
Brown,劍南路,2024-05-16,23109
Brown,西湖,2024-05-16,33083
Brown,港墘,2024-05-16,38469
Brown,文德,2024-05-16,12301
Brown,內湖,2024-05-16,20836
Brown,大湖公園,2024-05-16,7447
Brown,葫洲,2024-05-16,17957
Brown,東湖,2024-05-16,17918
Brown,南港軟體園區,2024-05-16,13923
Brown,南港展覽館,2024-05-16,27221
Brown,松山機場,2024-05-17,11465
Brown,中山國中,2024-05-17,29154
Brown,南京復興,2024-05-17,47042
Brown,忠孝復興,2024-05-17,37606
Brown,大安,2024-05-17,25466
Brown,科技大樓,2024-05-17,33749
Brown,六張犁,2024-05-17,24265
Brown,麟光,2024-05-17,8863
Brown,辛亥,2024-05-17,7505
Brown,萬芳醫院,2024-05-17,27637
Brown,萬芳社區,2024-05-17,5090
Brown,木柵,2024-05-17,10156
Brown,動物園,2024-05-17,13709
Brown,大直,2024-05-17,19899
Brown,劍南路,2024-05-17,26266
Brown,西湖,2024-05-17,32993
Brown,港墘,2024-05-17,39479
Brown,文德,2024-05-17,13646
Brown,內湖,2024-05-17,21657
Brown,大湖公園,2024-05-17,7495
Brown,葫洲,2024-05-17,19375
Brown,東湖,2024-05-17,18408
Brown,南港軟體園區,2024-05-17,13761
Brown,南港展覽館,2024-05-17,24469
Brown,松山機場,2024-05-18,8254
Brown,中山國中,2024-05-18,19270
Brown,南京復興,2024-05-18,27793
Brown,忠孝復興,2024-05-18,35499
Brown,大安,2024-05-18,16291
Brown,科技大樓,2024-05-18,26499
Brown,六張犁,2024-05-18,16813
Brown,麟光,2024-05-18,7952
Brown,辛亥,2024-05-18,5555
Brown,萬芳醫院,2024-05-18,17001
Brown,萬芳社區,2024-05-18,3767
Brown,木柵,2024-05-18,8141
Brown,動物園,2024-05-18,18160
Brown,大直,2024-05-18,15075
Brown,劍南路,2024-05-18,23174
Brown,西湖,2024-05-18,10864
Brown,港墘,2024-05-18,15538
Brown,文德,2024-05-18,9098
Brown,內湖,2024-05-18,18008
Brown,大湖公園,2024-05-18,7624
Brown,葫洲,2024-05-18,12607
Brown,東湖,2024-05-18,13533
Brown,南港軟體園區,2024-05-18,5304
Brown,南港展覽館,2024-05-18,14310
Brown,松山機場,2024-05-19,8314
Brown,中山國中,2024-05-19,14858
Brown,南京復興,2024-05-19,21041
Brown,忠孝復興,2024-05-19,26918
Brown,大安,2024-05-19,11837
Brown,科技大樓,2024-05-19,21414
Brown,六張犁,2024-05-19,13393
Brown,麟光,2024-05-19,6727
Brown,辛亥,2024-05-19,4663
Brown,萬芳醫院,2024-05-19,13791
Brown,萬芳社區,2024-05-19,3235
Brown,木柵,2024-05-19,6914
Brown,動物園,2024-05-19,16217
Brown,大直,2024-05-19,11565
Brown,劍南路,2024-05-19,19661
Brown,西湖,2024-05-19,8855
Brown,港墘,2024-05-19,13411
Brown,文德,2024-05-19,7806
Brown,內湖,2024-05-19,15066
Brown,大湖公園,2024-05-19,7289
Brown,葫洲,2024-05-19,9939
Brown,東湖,2024-05-19,11282
Brown,南港軟體園區,2024-05-19,4827
Brown,南港展覽館,2024-05-19,11067
Brown,松山機場,2024-05-20,10447
Brown,中山國中,2024-05-20,27119
Brown,南京復興,2024-05-20,43203
Brown,忠孝復興,2024-05-20,29661
Brown,大安,2024-05-20,23514
Brown,科技大樓,2024-05-20,28951
Brown,六張犁,2024-05-20,21726
Brown,麟光,2024-05-20,8077
Brown,辛亥,2024-05-20,7102
Brown,萬芳醫院,2024-05-20,24710
Brown,萬芳社區,2024-05-20,4891
Brown,木柵,2024-05-20,8930
Brown,動物園,2024-05-20,8925
Brown,大直,2024-05-20,18888
Brown,劍南路,2024-05-20,21596
Brown,西湖,2024-05-20,32169
Brown,港墘,2024-05-20,36970
Brown,文德,2024-05-20,11813
Brown,內湖,2024-05-20,19310
Brown,大湖公園,2024-05-20,6649
Brown,葫洲,2024-05-20,17923
Brown,東湖,2024-05-20,17382
Brown,南港軟體園區,2024-05-20,13455
Brown,南港展覽館,2024-05-20,21315
Brown,松山機場,2024-05-21,10224
Brown,中山國中,2024-05-21,28870
Brown,南京復興,2024-05-21,44943
Brown,忠孝復興,2024-05-21,30745
Brown,大安,2024-05-21,24483
Brown,科技大樓,2024-05-21,31654
Brown,六張犁,2024-05-21,22838
Brown,麟光,2024-05-21,8185
Brown,辛亥,2024-05-21,7122
Brown,萬芳醫院,2024-05-21,25365
Brown,萬芳社區,2024-05-21,4832
Brown,木柵,2024-05-21,8983
Brown,動物園,2024-05-21,10520
Brown,大直,2024-05-21,19505
Brown,劍南路,2024-05-21,21976
Brown,西湖,2024-05-21,33951
Brown,港墘,2024-05-21,39032
Brown,文德,2024-05-21,11983
Brown,內湖,2024-05-21,20305
Brown,大湖公園,2024-05-21,6559
Brown,葫洲,2024-05-21,18316
Brown,東湖,2024-05-21,17528
Brown,南港軟體園區,2024-05-21,14868
Brown,南港展覽館,2024-05-21,21772
Brown,松山機場,2024-05-22,10778
Brown,中山國中,2024-05-22,29122
Brown,南京復興,2024-05-22,45600
Brown,忠孝復興,2024-05-22,31803
Brown,大安,2024-05-22,24754
Brown,科技大樓,2024-05-22,31859
Brown,六張犁,2024-05-22,22872
Brown,麟光,2024-05-22,8456
Brown,辛亥,2024-05-22,7384
Brown,萬芳醫院,2024-05-22,25368
Brown,萬芳社區,2024-05-22,4919
Brown,木柵,2024-05-22,8752
Brown,動物園,2024-05-22,10618
Brown,大直,2024-05-22,19788
Brown,劍南路,2024-05-22,23354
Brown,西湖,2024-05-22,33198
Brown,港墘,2024-05-22,39117
Brown,文德,2024-05-22,12105
Brown,內湖,2024-05-22,20310
Brown,大湖公園,2024-05-22,6555
Brown,葫洲,2024-05-22,18699
Brown,東湖,2024-05-22,17638
Brown,南港軟體園區,2024-05-22,14362
Brown,南港展覽館,2024-05-22,24238
Brown,松山機場,2024-05-23,10682
Brown,中山國中,2024-05-23,29241
Brown,南京復興,2024-05-23,45873
Brown,忠孝復興,2024-05-23,32109
Brown,大安,2024-05-23,24598
Brown,科技大樓,2024-05-23,31599
Brown,六張犁,2024-05-23,22771
Brown,麟光,2024-05-23,8459
Brown,辛亥,2024-05-23,7170
Brown,萬芳醫院,2024-05-23,24873
Brown,萬芳社區,2024-05-23,5027
Brown,木柵,2024-05-23,9036
Brown,動物園,2024-05-23,11623
Brown,大直,2024-05-23,19946
Brown,劍南路,2024-05-23,22907
Brown,西湖,2024-05-23,33952
Brown,港墘,2024-05-23,38893
Brown,文德,2024-05-23,12369
Brown,內湖,2024-05-23,20428
Brown,大湖公園,2024-05-23,6666
Brown,葫洲,2024-05-23,18617
Brown,東湖,2024-05-23,17511
Brown,南港軟體園區,2024-05-23,14509
Brown,南港展覽館,2024-05-23,25116
Brown,松山機場,2024-05-24,11630
Brown,中山國中,2024-05-24,30489
Brown,南京復興,2024-05-24,47881
Brown,忠孝復興,2024-05-24,37878
Brown,大安,2024-05-24,25577
Brown,科技大樓,2024-05-24,33874
Brown,六張犁,2024-05-24,24881
Brown,麟光,2024-05-24,9133
Brown,辛亥,2024-05-24,7565
Brown,萬芳醫院,2024-05-24,27441
Brown,萬芳社區,2024-05-24,5116
Brown,木柵,2024-05-24,9592
Brown,動物園,2024-05-24,12879
Brown,大直,2024-05-24,20554
Brown,劍南路,2024-05-24,25039
Brown,西湖,2024-05-24,33576
Brown,港墘,2024-05-24,39278
Brown,文德,2024-05-24,12973
Brown,內湖,2024-05-24,21732
Brown,大湖公園,2024-05-24,6991
Brown,葫洲,2024-05-24,20001
Brown,東湖,2024-05-24,19308
Brown,南港軟體園區,2024-05-24,14742
Brown,南港展覽館,2024-05-24,28173
Brown,松山機場,2024-05-25,9305
Brown,中山國中,2024-05-25,19313
Brown,南京復興,2024-05-25,28756
Brown,忠孝復興,2024-05-25,36144
Brown,大安,2024-05-25,15431
Brown,科技大樓,2024-05-25,26701
Brown,六張犁,2024-05-25,17232
Brown,麟光,2024-05-25,7589
Brown,辛亥,2024-05-25,5687
Brown,萬芳醫院,2024-05-25,16799
Brown,萬芳社區,2024-05-25,3660
Brown,木柵,2024-05-25,7002
Brown,動物園,2024-05-25,16668
Brown,大直,2024-05-25,14313
Brown,劍南路,2024-05-25,21308
Brown,西湖,2024-05-25,10496
Brown,港墘,2024-05-25,14942
Brown,文德,2024-05-25,8874
Brown,內湖,2024-05-25,18036
Brown,大湖公園,2024-05-25,8718
Brown,葫洲,2024-05-25,12545
Brown,東湖,2024-05-25,13593
Brown,南港軟體園區,2024-05-25,5623
Brown,南港展覽館,2024-05-25,19034
Brown,松山機場,2024-05-26,8354
Brown,中山國中,2024-05-26,15007
Brown,南京復興,2024-05-26,20773
Brown,忠孝復興,2024-05-26,28140
Brown,大安,2024-05-26,11411
Brown,科技大樓,2024-05-26,21540
Brown,六張犁,2024-05-26,13320
Brown,麟光,2024-05-26,6676
Brown,辛亥,2024-05-26,4791
Brown,萬芳醫院,2024-05-26,13486
Brown,萬芳社區,2024-05-26,3090
Brown,木柵,2024-05-26,5756
Brown,動物園,2024-05-26,14277
Brown,大直,2024-05-26,11999
Brown,劍南路,2024-05-26,18359
Brown,西湖,2024-05-26,8310
Brown,港墘,2024-05-26,11244
Brown,文德,2024-05-26,7011
Brown,內湖,2024-05-26,14433
Brown,大湖公園,2024-05-26,6981
Brown,葫洲,2024-05-26,10085
Brown,東湖,2024-05-26,10981
Brown,南港軟體園區,2024-05-26,5276
Brown,南港展覽館,2024-05-26,15836
Brown,松山機場,2024-05-27,10426
Brown,中山國中,2024-05-27,27242
Brown,南京復興,2024-05-27,43211
Brown,忠孝復興,2024-05-27,29432
Brown,大安,2024-05-27,23201
Brown,科技大樓,2024-05-27,28361
Brown,六張犁,2024-05-27,21552
Brown,麟光,2024-05-27,8101
Brown,辛亥,2024-05-27,6823
Brown,萬芳醫院,2024-05-27,24386
Brown,萬芳社區,2024-05-27,4874
Brown,木柵,2024-05-27,9130
Brown,動物園,2024-05-27,10365
Brown,大直,2024-05-27,18603
Brown,劍南路,2024-05-27,20668
Brown,西湖,2024-05-27,32055
Brown,港墘,2024-05-27,36673
Brown,文德,2024-05-27,11768
Brown,內湖,2024-05-27,18943
Brown,大湖公園,2024-05-27,6515
Brown,葫洲,2024-05-27,18021
Brown,東湖,2024-05-27,17013
Brown,南港軟體園區,2024-05-27,14066
Brown,南港展覽館,2024-05-27,26123
Brown,松山機場,2024-05-28,10242
Brown,中山國中,2024-05-28,28939
Brown,南京復興,2024-05-28,45420
Brown,忠孝復興,2024-05-28,31246
Brown,大安,2024-05-28,24470
Brown,科技大樓,2024-05-28,31537
Brown,六張犁,2024-05-28,23461
Brown,麟光,2024-05-28,8550
Brown,辛亥,2024-05-28,6903
Brown,萬芳醫院,2024-05-28,25174
Brown,萬芳社區,2024-05-28,4876
Brown,木柵,2024-05-28,9022
Brown,動物園,2024-05-28,10932
Brown,大直,2024-05-28,20032
Brown,劍南路,2024-05-28,21783
Brown,西湖,2024-05-28,33655
Brown,港墘,2024-05-28,39037
Brown,文德,2024-05-28,11849
Brown,內湖,2024-05-28,20562
Brown,大湖公園,2024-05-28,6458
Brown,葫洲,2024-05-28,18607
Brown,東湖,2024-05-28,17690
Brown,南港軟體園區,2024-05-28,14812
Brown,南港展覽館,2024-05-28,22436
Brown,松山機場,2024-05-29,10293
Brown,中山國中,2024-05-29,28732
Brown,南京復興,2024-05-29,45216
Brown,忠孝復興,2024-05-29,31437
Brown,大安,2024-05-29,24772
Brown,科技大樓,2024-05-29,31795
Brown,六張犁,2024-05-29,23178
Brown,麟光,2024-05-29,8297
Brown,辛亥,2024-05-29,7423
Brown,萬芳醫院,2024-05-29,25432
Brown,萬芳社區,2024-05-29,5092
Brown,木柵,2024-05-29,9246
Brown,動物園,2024-05-29,12676
Brown,大直,2024-05-29,20187
Brown,劍南路,2024-05-29,21990
Brown,西湖,2024-05-29,33209
Brown,港墘,2024-05-29,39157
Brown,文德,2024-05-29,12333
Brown,內湖,2024-05-29,20981
Brown,大湖公園,2024-05-29,7194
Brown,葫洲,2024-05-29,18731
Brown,東湖,2024-05-29,18145
Brown,南港軟體園區,2024-05-29,14156
Brown,南港展覽館,2024-05-29,22134
Brown,松山機場,2024-05-30,10289
Brown,中山國中,2024-05-30,28674
Brown,南京復興,2024-05-30,44802
Brown,忠孝復興,2024-05-30,32260
Brown,大安,2024-05-30,24530
Brown,科技大樓,2024-05-30,32211
Brown,六張犁,2024-05-30,22775
Brown,麟光,2024-05-30,8342
Brown,辛亥,2024-05-30,7076
Brown,萬芳醫院,2024-05-30,24906
Brown,萬芳社區,2024-05-30,4911
Brown,木柵,2024-05-30,9156
Brown,動物園,2024-05-30,12753
Brown,大直,2024-05-30,19476
Brown,劍南路,2024-05-30,22371
Brown,西湖,2024-05-30,33154
Brown,港墘,2024-05-30,38307
Brown,文德,2024-05-30,12401
Brown,內湖,2024-05-30,20465
Brown,大湖公園,2024-05-30,7051
Brown,葫洲,2024-05-30,18004
Brown,東湖,2024-05-30,17836
Brown,南港軟體園區,2024-05-30,13938
Brown,南港展覽館,2024-05-30,22319
Brown,松山機場,2024-05-31,11347
Brown,中山國中,2024-05-31,29207
Brown,南京復興,2024-05-31,47759
Brown,忠孝復興,2024-05-31,36650
Brown,大安,2024-05-31,25030
Brown,科技大樓,2024-05-31,32392
Brown,六張犁,2024-05-31,23446
Brown,麟光,2024-05-31,8783
Brown,辛亥,2024-05-31,7231
Brown,萬芳醫院,2024-05-31,26719
Brown,萬芳社區,2024-05-31,4974
Brown,木柵,2024-05-31,9560
Brown,動物園,2024-05-31,13460
Brown,大直,2024-05-31,20379
Brown,劍南路,2024-05-31,25722
Brown,西湖,2024-05-31,32526
Brown,港墘,2024-05-31,38549
Brown,文德,2024-05-31,13062
Brown,內湖,2024-05-31,21393
Brown,大湖公園,2024-05-31,7037
Brown,葫洲,2024-05-31,18929
Brown,東湖,2024-05-31,18727
Brown,南港軟體園區,2024-05-31,14425
Brown,南港展覽館,2024-05-31,21790
Brown,松山機場,2024-06-01,8046
Brown,中山國中,2024-06-01,18816
Brown,南京復興,2024-06-01,28007
Brown,忠孝復興,2024-06-01,34537
Brown,大安,2024-06-01,15255
Brown,科技大樓,2024-06-01,26565
Brown,六張犁,2024-06-01,16043
Brown,麟光,2024-06-01,7229
Brown,辛亥,2024-06-01,5319
Brown,萬芳醫院,2024-06-01,15661
Brown,萬芳社區,2024-06-01,3414
Brown,木柵,2024-06-01,6199
Brown,動物園,2024-06-01,11851
Brown,大直,2024-06-01,13254
Brown,劍南路,2024-06-01,21058
Brown,西湖,2024-06-01,12011
Brown,港墘,2024-06-01,13984
Brown,文德,2024-06-01,7872
Brown,內湖,2024-06-01,16802
Brown,大湖公園,2024-06-01,5409
Brown,葫洲,2024-06-01,11449
Brown,東湖,2024-06-01,12375
Brown,南港軟體園區,2024-06-01,5539
Brown,南港展覽館,2024-06-01,11197
Brown,松山機場,2024-06-02,7706
Brown,中山國中,2024-06-02,13906
Brown,南京復興,2024-06-02,20301
Brown,忠孝復興,2024-06-02,26196
Brown,大安,2024-06-02,10966
Brown,科技大樓,2024-06-02,19422
Brown,六張犁,2024-06-02,11922
Brown,麟光,2024-06-02,6380
Brown,辛亥,2024-06-02,3848
Brown,萬芳醫院,2024-06-02,12292
Brown,萬芳社區,2024-06-02,2493
Brown,木柵,2024-06-02,4544
Brown,動物園,2024-06-02,6631
Brown,大直,2024-06-02,10507
Brown,劍南路,2024-06-02,18483
Brown,西湖,2024-06-02,7439
Brown,港墘,2024-06-02,10651
Brown,文德,2024-06-02,6108
Brown,內湖,2024-06-02,13298
Brown,大湖公園,2024-06-02,3802
Brown,葫洲,2024-06-02,8769
Brown,東湖,2024-06-02,9844
Brown,南港軟體園區,2024-06-02,4588
Brown,南港展覽館,2024-06-02,8354
Brown,松山機場,2024-06-03,10602
Brown,中山國中,2024-06-03,27302
Brown,南京復興,2024-06-03,43787
Brown,忠孝復興,2024-06-03,30294
Brown,大安,2024-06-03,24084
Brown,科技大樓,2024-06-03,28757
Brown,六張犁,2024-06-03,22035
Brown,麟光,2024-06-03,8246
Brown,辛亥,2024-06-03,6960
Brown,萬芳醫院,2024-06-03,25405
Brown,萬芳社區,2024-06-03,4828
Brown,木柵,2024-06-03,9163
Brown,動物園,2024-06-03,10998
Brown,大直,2024-06-03,18435
Brown,劍南路,2024-06-03,21797
Brown,西湖,2024-06-03,32084
Brown,港墘,2024-06-03,37585
Brown,文德,2024-06-03,12245
Brown,內湖,2024-06-03,19631
Brown,大湖公園,2024-06-03,6702
Brown,葫洲,2024-06-03,18017
Brown,東湖,2024-06-03,18020
Brown,南港軟體園區,2024-06-03,14019
Brown,南港展覽館,2024-06-03,24709
Brown,松山機場,2024-06-04,10143
Brown,中山國中,2024-06-04,29097
Brown,南京復興,2024-06-04,46101
Brown,忠孝復興,2024-06-04,32817
Brown,大安,2024-06-04,25055
Brown,科技大樓,2024-06-04,30637
Brown,六張犁,2024-06-04,22934
Brown,麟光,2024-06-04,8561
Brown,辛亥,2024-06-04,7280
Brown,萬芳醫院,2024-06-04,25185
Brown,萬芳社區,2024-06-04,4946
Brown,木柵,2024-06-04,8755
Brown,動物園,2024-06-04,13004
Brown,大直,2024-06-04,19692
Brown,劍南路,2024-06-04,24174
Brown,西湖,2024-06-04,34387
Brown,港墘,2024-06-04,39985
Brown,文德,2024-06-04,12684
Brown,內湖,2024-06-04,20642
Brown,大湖公園,2024-06-04,7215
Brown,葫洲,2024-06-04,18579
Brown,東湖,2024-06-04,19275
Brown,南港軟體園區,2024-06-04,14866
Brown,南港展覽館,2024-06-04,35595
Brown,松山機場,2024-06-05,10920
Brown,中山國中,2024-06-05,30177
Brown,南京復興,2024-06-05,47477
Brown,忠孝復興,2024-06-05,34487
Brown,大安,2024-06-05,25767
Brown,科技大樓,2024-06-05,32546
Brown,六張犁,2024-06-05,23606
Brown,麟光,2024-06-05,8943
Brown,辛亥,2024-06-05,7145
Brown,萬芳醫院,2024-06-05,25361
Brown,萬芳社區,2024-06-05,4957
Brown,木柵,2024-06-05,8757
Brown,動物園,2024-06-05,10376
Brown,大直,2024-06-05,19672
Brown,劍南路,2024-06-05,24288
Brown,西湖,2024-06-05,35154
Brown,港墘,2024-06-05,40692
Brown,文德,2024-06-05,12309
Brown,內湖,2024-06-05,22046
Brown,大湖公園,2024-06-05,7033
Brown,葫洲,2024-06-05,19317
Brown,東湖,2024-06-05,18727
Brown,南港軟體園區,2024-06-05,16840
Brown,南港展覽館,2024-06-05,39739
Brown,松山機場,2024-06-06,10974
Brown,中山國中,2024-06-06,30394
Brown,南京復興,2024-06-06,48211
Brown,忠孝復興,2024-06-06,36031
Brown,大安,2024-06-06,25203
Brown,科技大樓,2024-06-06,32964
Brown,六張犁,2024-06-06,23596
Brown,麟光,2024-06-06,8791
Brown,辛亥,2024-06-06,7188
Brown,萬芳醫院,2024-06-06,25820
Brown,萬芳社區,2024-06-06,5041
Brown,木柵,2024-06-06,8829
Brown,動物園,2024-06-06,10965
Brown,大直,2024-06-06,19907
Brown,劍南路,2024-06-06,24350
Brown,西湖,2024-06-06,35208
Brown,港墘,2024-06-06,39795
Brown,文德,2024-06-06,12361
Brown,內湖,2024-06-06,21199
Brown,大湖公園,2024-06-06,6878
Brown,葫洲,2024-06-06,19104
Brown,東湖,2024-06-06,18984
Brown,南港軟體園區,2024-06-06,16033
Brown,南港展覽館,2024-06-06,39362
Brown,松山機場,2024-06-07,12109
Brown,中山國中,2024-06-07,29744
Brown,南京復興,2024-06-07,47502
Brown,忠孝復興,2024-06-07,38650
Brown,大安,2024-06-07,25261
Brown,科技大樓,2024-06-07,32505
Brown,六張犁,2024-06-07,24165
Brown,麟光,2024-06-07,9031
Brown,辛亥,2024-06-07,7485
Brown,萬芳醫院,2024-06-07,26801
Brown,萬芳社區,2024-06-07,5195
Brown,木柵,2024-06-07,9312
Brown,動物園,2024-06-07,12539
Brown,大直,2024-06-07,19933
Brown,劍南路,2024-06-07,26063
Brown,西湖,2024-06-07,33616
Brown,港墘,2024-06-07,38384
Brown,文德,2024-06-07,12618
Brown,內湖,2024-06-07,21810
Brown,大湖公園,2024-06-07,7447
Brown,葫洲,2024-06-07,19472
Brown,東湖,2024-06-07,19112
Brown,南港軟體園區,2024-06-07,15117
Brown,南港展覽館,2024-06-07,38177
Brown,松山機場,2024-06-08,8335
Brown,中山國中,2024-06-08,16168
Brown,南京復興,2024-06-08,23878
Brown,忠孝復興,2024-06-08,32121
Brown,大安,2024-06-08,13278
Brown,科技大樓,2024-06-08,20112
Brown,六張犁,2024-06-08,14346
Brown,麟光,2024-06-08,7593
Brown,辛亥,2024-06-08,5064
Brown,萬芳醫院,2024-06-08,14791
Brown,萬芳社區,2024-06-08,3607
Brown,木柵,2024-06-08,6348
Brown,動物園,2024-06-08,14921
Brown,大直,2024-06-08,12558
Brown,劍南路,2024-06-08,19946
Brown,西湖,2024-06-08,8826
Brown,港墘,2024-06-08,13015
Brown,文德,2024-06-08,7604
Brown,內湖,2024-06-08,16121
Brown,大湖公園,2024-06-08,6172
Brown,葫洲,2024-06-08,10429
Brown,東湖,2024-06-08,11676
Brown,南港軟體園區,2024-06-08,4681
Brown,南港展覽館,2024-06-08,10073
Brown,松山機場,2024-06-09,7111
Brown,中山國中,2024-06-09,13820
Brown,南京復興,2024-06-09,19301
Brown,忠孝復興,2024-06-09,27377
Brown,大安,2024-06-09,10123
Brown,科技大樓,2024-06-09,16258
Brown,六張犁,2024-06-09,12253
Brown,麟光,2024-06-09,6423
Brown,辛亥,2024-06-09,4271
Brown,萬芳醫院,2024-06-09,11173
Brown,萬芳社區,2024-06-09,2941
Brown,木柵,2024-06-09,5137
Brown,動物園,2024-06-09,14018
Brown,大直,2024-06-09,9990
Brown,劍南路,2024-06-09,19198
Brown,西湖,2024-06-09,6963
Brown,港墘,2024-06-09,9657
Brown,文德,2024-06-09,6328
Brown,內湖,2024-06-09,13671
Brown,大湖公園,2024-06-09,5468
Brown,葫洲,2024-06-09,8625
Brown,東湖,2024-06-09,9522
Brown,南港軟體園區,2024-06-09,4410
Brown,南港展覽館,2024-06-09,8303
Brown,松山機場,2024-06-10,8065
Brown,中山國中,2024-06-10,11646
Brown,南京復興,2024-06-10,15833
Brown,忠孝復興,2024-06-10,22160
Brown,大安,2024-06-10,8101
Brown,科技大樓,2024-06-10,12092
Brown,六張犁,2024-06-10,10411
Brown,麟光,2024-06-10,5644
Brown,辛亥,2024-06-10,3544
Brown,萬芳醫院,2024-06-10,11026
Brown,萬芳社區,2024-06-10,2558
Brown,木柵,2024-06-10,4360
Brown,動物園,2024-06-10,10473
Brown,大直,2024-06-10,10413
Brown,劍南路,2024-06-10,14381
Brown,西湖,2024-06-10,6428
Brown,港墘,2024-06-10,8895
Brown,文德,2024-06-10,5724
Brown,內湖,2024-06-10,12084
Brown,大湖公園,2024-06-10,4731
Brown,葫洲,2024-06-10,7678
Brown,東湖,2024-06-10,8477
Brown,南港軟體園區,2024-06-10,3789
Brown,南港展覽館,2024-06-10,7399
Brown,松山機場,2024-06-11,10891
Brown,中山國中,2024-06-11,27186
Brown,南京復興,2024-06-11,43511
Brown,忠孝復興,2024-06-11,30506
Brown,大安,2024-06-11,23407
Brown,科技大樓,2024-06-11,28838
Brown,六張犁,2024-06-11,22162
Brown,麟光,2024-06-11,8171
Brown,辛亥,2024-06-11,6633
Brown,萬芳醫院,2024-06-11,24834
Brown,萬芳社區,2024-06-11,5052
Brown,木柵,2024-06-11,8722
Brown,動物園,2024-06-11,11481
Brown,大直,2024-06-11,19123
Brown,劍南路,2024-06-11,22078
Brown,西湖,2024-06-11,32422
Brown,港墘,2024-06-11,36859
Brown,文德,2024-06-11,11581
Brown,內湖,2024-06-11,20458
Brown,大湖公園,2024-06-11,6870
Brown,葫洲,2024-06-11,18030
Brown,東湖,2024-06-11,17292
Brown,南港軟體園區,2024-06-11,13623
Brown,南港展覽館,2024-06-11,21170
Brown,松山機場,2024-06-12,11020
Brown,中山國中,2024-06-12,28366
Brown,南京復興,2024-06-12,45012
Brown,忠孝復興,2024-06-12,32063
Brown,大安,2024-06-12,23737
Brown,科技大樓,2024-06-12,29869
Brown,六張犁,2024-06-12,23085
Brown,麟光,2024-06-12,8253
Brown,辛亥,2024-06-12,7024
Brown,萬芳醫院,2024-06-12,25290
Brown,萬芳社區,2024-06-12,5128
Brown,木柵,2024-06-12,8832
Brown,動物園,2024-06-12,11513
Brown,大直,2024-06-12,19576
Brown,劍南路,2024-06-12,23607
Brown,西湖,2024-06-12,33106
Brown,港墘,2024-06-12,38253
Brown,文德,2024-06-12,11736
Brown,內湖,2024-06-12,20632
Brown,大湖公園,2024-06-12,7097
Brown,葫洲,2024-06-12,17938
Brown,東湖,2024-06-12,17556
Brown,南港軟體園區,2024-06-12,14068
Brown,南港展覽館,2024-06-12,21907
Brown,松山機場,2024-06-13,10776
Brown,中山國中,2024-06-13,28677
Brown,南京復興,2024-06-13,45627
Brown,忠孝復興,2024-06-13,32857
Brown,大安,2024-06-13,23981
Brown,科技大樓,2024-06-13,30070
Brown,六張犁,2024-06-13,22699
Brown,麟光,2024-06-13,8374
Brown,辛亥,2024-06-13,6933
Brown,萬芳醫院,2024-06-13,27776
Brown,萬芳社區,2024-06-13,5145
Brown,木柵,2024-06-13,8941
Brown,動物園,2024-06-13,12089
Brown,大直,2024-06-13,19185
Brown,劍南路,2024-06-13,24111
Brown,西湖,2024-06-13,32858
Brown,港墘,2024-06-13,37490
Brown,文德,2024-06-13,11909
Brown,內湖,2024-06-13,20293
Brown,大湖公園,2024-06-13,6972
Brown,葫洲,2024-06-13,18076
Brown,東湖,2024-06-13,17486
Brown,南港軟體園區,2024-06-13,14022
Brown,南港展覽館,2024-06-13,24113
Brown,松山機場,2024-06-14,11343
Brown,中山國中,2024-06-14,28500
Brown,南京復興,2024-06-14,46978
Brown,忠孝復興,2024-06-14,36446
Brown,大安,2024-06-14,24161
Brown,科技大樓,2024-06-14,30302
Brown,六張犁,2024-06-14,23743
Brown,麟光,2024-06-14,8663
Brown,辛亥,2024-06-14,7245
Brown,萬芳醫院,2024-06-14,26058
Brown,萬芳社區,2024-06-14,5250
Brown,木柵,2024-06-14,9076
Brown,動物園,2024-06-14,11610
Brown,大直,2024-06-14,19531
Brown,劍南路,2024-06-14,26938
Brown,西湖,2024-06-14,32571
Brown,港墘,2024-06-14,37558
Brown,文德,2024-06-14,12587
Brown,內湖,2024-06-14,21057
Brown,大湖公園,2024-06-14,6966
Brown,葫洲,2024-06-14,19254
Brown,東湖,2024-06-14,18086
Brown,南港軟體園區,2024-06-14,14627
Brown,南港展覽館,2024-06-14,22908
Brown,松山機場,2024-06-15,8473
Brown,中山國中,2024-06-15,17696
Brown,南京復興,2024-06-15,27207
Brown,忠孝復興,2024-06-15,34308
Brown,大安,2024-06-15,14149
Brown,科技大樓,2024-06-15,23259
Brown,六張犁,2024-06-15,15882
Brown,麟光,2024-06-15,7326
Brown,辛亥,2024-06-15,5135
Brown,萬芳醫院,2024-06-15,15991
Brown,萬芳社區,2024-06-15,3845
Brown,木柵,2024-06-15,6415
Brown,動物園,2024-06-15,13205
Brown,大直,2024-06-15,14504
Brown,劍南路,2024-06-15,23051
Brown,西湖,2024-06-15,10490
Brown,港墘,2024-06-15,14032
Brown,文德,2024-06-15,7835
Brown,內湖,2024-06-15,16979
Brown,大湖公園,2024-06-15,6274
Brown,葫洲,2024-06-15,12474
Brown,東湖,2024-06-15,12396
Brown,南港軟體園區,2024-06-15,5547
Brown,南港展覽館,2024-06-15,14026
Brown,松山機場,2024-06-16,8558
Brown,中山國中,2024-06-16,13878
Brown,南京復興,2024-06-16,20655
Brown,忠孝復興,2024-06-16,25990
Brown,大安,2024-06-16,12233
Brown,科技大樓,2024-06-16,17593
Brown,六張犁,2024-06-16,12080
Brown,麟光,2024-06-16,6265
Brown,辛亥,2024-06-16,4091
Brown,萬芳醫院,2024-06-16,13618
Brown,萬芳社區,2024-06-16,3068
Brown,木柵,2024-06-16,5276
Brown,動物園,2024-06-16,12517
Brown,大直,2024-06-16,10338
Brown,劍南路,2024-06-16,17542
Brown,西湖,2024-06-16,7488
Brown,港墘,2024-06-16,10601
Brown,文德,2024-06-16,6474
Brown,內湖,2024-06-16,13862
Brown,大湖公園,2024-06-16,5399
Brown,葫洲,2024-06-16,9455
Brown,東湖,2024-06-16,10089
Brown,南港軟體園區,2024-06-16,5358
Brown,南港展覽館,2024-06-16,12009
Brown,松山機場,2024-06-17,10843
Brown,中山國中,2024-06-17,26350
Brown,南京復興,2024-06-17,43201
Brown,忠孝復興,2024-06-17,29812
Brown,大安,2024-06-17,22758
Brown,科技大樓,2024-06-17,26827
Brown,六張犁,2024-06-17,21165
Brown,麟光,2024-06-17,7920
Brown,辛亥,2024-06-17,6987
Brown,萬芳醫院,2024-06-17,24634
Brown,萬芳社區,2024-06-17,4852
Brown,木柵,2024-06-17,8522
Brown,動物園,2024-06-17,9145
Brown,大直,2024-06-17,17651
Brown,劍南路,2024-06-17,22015
Brown,西湖,2024-06-17,31607
Brown,港墘,2024-06-17,36576
Brown,文德,2024-06-17,11434
Brown,內湖,2024-06-17,19310
Brown,大湖公園,2024-06-17,6411
Brown,葫洲,2024-06-17,18049
Brown,東湖,2024-06-17,16822
Brown,南港軟體園區,2024-06-17,13892
Brown,南港展覽館,2024-06-17,20875
Brown,松山機場,2024-06-18,10760
Brown,中山國中,2024-06-18,27650
Brown,南京復興,2024-06-18,44538
Brown,忠孝復興,2024-06-18,30843
Brown,大安,2024-06-18,23335
Brown,科技大樓,2024-06-18,28611
Brown,六張犁,2024-06-18,22063
Brown,麟光,2024-06-18,8102
Brown,辛亥,2024-06-18,6722
Brown,萬芳醫院,2024-06-18,24479
Brown,萬芳社區,2024-06-18,5019
Brown,木柵,2024-06-18,8694
Brown,動物園,2024-06-18,11191
Brown,大直,2024-06-18,17082
Brown,劍南路,2024-06-18,22366
Brown,西湖,2024-06-18,32372
Brown,港墘,2024-06-18,37713
Brown,文德,2024-06-18,11457
Brown,內湖,2024-06-18,19660
Brown,大湖公園,2024-06-18,6510
Brown,葫洲,2024-06-18,17708
Brown,東湖,2024-06-18,17038
Brown,南港軟體園區,2024-06-18,13881
Brown,南港展覽館,2024-06-18,21420
Brown,松山機場,2024-06-19,10890
Brown,中山國中,2024-06-19,27765
Brown,南京復興,2024-06-19,44480
Brown,忠孝復興,2024-06-19,32205
Brown,大安,2024-06-19,23442
Brown,科技大樓,2024-06-19,29009
Brown,六張犁,2024-06-19,22566
Brown,麟光,2024-06-19,8116
Brown,辛亥,2024-06-19,6820
Brown,萬芳醫院,2024-06-19,24585
Brown,萬芳社區,2024-06-19,5047
Brown,木柵,2024-06-19,8424
Brown,動物園,2024-06-19,9637
Brown,大直,2024-06-19,17166
Brown,劍南路,2024-06-19,23025
Brown,西湖,2024-06-19,32547
Brown,港墘,2024-06-19,38016
Brown,文德,2024-06-19,11500
Brown,內湖,2024-06-19,19887
Brown,大湖公園,2024-06-19,6407
Brown,葫洲,2024-06-19,17827
Brown,東湖,2024-06-19,17108
Brown,南港軟體園區,2024-06-19,14470
Brown,南港展覽館,2024-06-19,21529
Brown,松山機場,2024-06-20,10676
Brown,中山國中,2024-06-20,27870
Brown,南京復興,2024-06-20,44759
Brown,忠孝復興,2024-06-20,31708
Brown,大安,2024-06-20,23506
Brown,科技大樓,2024-06-20,29024
Brown,六張犁,2024-06-20,22376
Brown,麟光,2024-06-20,8200
Brown,辛亥,2024-06-20,6980
Brown,萬芳醫院,2024-06-20,24259
Brown,萬芳社區,2024-06-20,4898
Brown,木柵,2024-06-20,8588
Brown,動物園,2024-06-20,9876
Brown,大直,2024-06-20,17076
Brown,劍南路,2024-06-20,23249
Brown,西湖,2024-06-20,32248
Brown,港墘,2024-06-20,37172
Brown,文德,2024-06-20,11726
Brown,內湖,2024-06-20,19969
Brown,大湖公園,2024-06-20,6564
Brown,葫洲,2024-06-20,17917
Brown,東湖,2024-06-20,17221
Brown,南港軟體園區,2024-06-20,14212
Brown,南港展覽館,2024-06-20,22846
Brown,松山機場,2024-06-21,11682
Brown,中山國中,2024-06-21,27993
Brown,南京復興,2024-06-21,46263
Brown,忠孝復興,2024-06-21,36143
Brown,大安,2024-06-21,23728
Brown,科技大樓,2024-06-21,29814
Brown,六張犁,2024-06-21,23277
Brown,麟光,2024-06-21,8258
Brown,辛亥,2024-06-21,6835
Brown,萬芳醫院,2024-06-21,25006
Brown,萬芳社區,2024-06-21,5063
Brown,木柵,2024-06-21,8824
Brown,動物園,2024-06-21,8683
Brown,大直,2024-06-21,17191
Brown,劍南路,2024-06-21,24902
Brown,西湖,2024-06-21,31564
Brown,港墘,2024-06-21,36595
Brown,文德,2024-06-21,11818
Brown,內湖,2024-06-21,20743
Brown,大湖公園,2024-06-21,6660
Brown,葫洲,2024-06-21,18270
Brown,東湖,2024-06-21,17691
Brown,南港軟體園區,2024-06-21,14366
Brown,南港展覽館,2024-06-21,22110
Brown,松山機場,2024-06-22,8605
Brown,中山國中,2024-06-22,18066
Brown,南京復興,2024-06-22,25983
Brown,忠孝復興,2024-06-22,33496
Brown,大安,2024-06-22,13731
Brown,科技大樓,2024-06-22,20743
Brown,六張犁,2024-06-22,15390
Brown,麟光,2024-06-22,7079
Brown,辛亥,2024-06-22,5296
Brown,萬芳醫院,2024-06-22,15268
Brown,萬芳社區,2024-06-22,3471
Brown,木柵,2024-06-22,6018
Brown,動物園,2024-06-22,8907
Brown,大直,2024-06-22,12154
Brown,劍南路,2024-06-22,20969
Brown,西湖,2024-06-22,10410
Brown,港墘,2024-06-22,14118
Brown,文德,2024-06-22,7713
Brown,內湖,2024-06-22,17110
Brown,大湖公園,2024-06-22,6392
Brown,葫洲,2024-06-22,11245
Brown,東湖,2024-06-22,12471
Brown,南港軟體園區,2024-06-22,5501
Brown,南港展覽館,2024-06-22,11759
Brown,松山機場,2024-06-23,8381
Brown,中山國中,2024-06-23,13339
Brown,南京復興,2024-06-23,19020
Brown,忠孝復興,2024-06-23,25233
Brown,大安,2024-06-23,10804
Brown,科技大樓,2024-06-23,16922
Brown,六張犁,2024-06-23,11958
Brown,麟光,2024-06-23,6153
Brown,辛亥,2024-06-23,4286
Brown,萬芳醫院,2024-06-23,11039
Brown,萬芳社區,2024-06-23,2798
Brown,木柵,2024-06-23,4647
Brown,動物園,2024-06-23,7497
Brown,大直,2024-06-23,9906
Brown,劍南路,2024-06-23,16638
Brown,西湖,2024-06-23,7703
Brown,港墘,2024-06-23,11140
Brown,文德,2024-06-23,6317
Brown,內湖,2024-06-23,13899
Brown,大湖公園,2024-06-23,5347
Brown,葫洲,2024-06-23,8763
Brown,東湖,2024-06-23,9603
Brown,南港軟體園區,2024-06-23,5044
Brown,南港展覽館,2024-06-23,8967
Brown,松山機場,2024-06-24,11005
Brown,中山國中,2024-06-24,25914
Brown,南京復興,2024-06-24,42789
Brown,忠孝復興,2024-06-24,29401
Brown,大安,2024-06-24,22240
Brown,科技大樓,2024-06-24,26018
Brown,六張犁,2024-06-24,21151
Brown,麟光,2024-06-24,7807
Brown,辛亥,2024-06-24,6476
Brown,萬芳醫院,2024-06-24,22339
Brown,萬芳社區,2024-06-24,4660
Brown,木柵,2024-06-24,8083
Brown,動物園,2024-06-24,6188
Brown,大直,2024-06-24,15395
Brown,劍南路,2024-06-24,20756
Brown,西湖,2024-06-24,31182
Brown,港墘,2024-06-24,35049
Brown,文德,2024-06-24,10965
Brown,內湖,2024-06-24,18822
Brown,大湖公園,2024-06-24,6359
Brown,葫洲,2024-06-24,15904
Brown,東湖,2024-06-24,16071
Brown,南港軟體園區,2024-06-24,14099
Brown,南港展覽館,2024-06-24,20510
Brown,松山機場,2024-06-25,10925
Brown,中山國中,2024-06-25,27435
Brown,南京復興,2024-06-25,44667
Brown,忠孝復興,2024-06-25,34491
Brown,大安,2024-06-25,23341
Brown,科技大樓,2024-06-25,28247
Brown,六張犁,2024-06-25,22226
Brown,麟光,2024-06-25,8018
Brown,辛亥,2024-06-25,6509
Brown,萬芳醫院,2024-06-25,23272
Brown,萬芳社區,2024-06-25,5129
Brown,木柵,2024-06-25,8255
Brown,動物園,2024-06-25,6854
Brown,大直,2024-06-25,15821
Brown,劍南路,2024-06-25,22989
Brown,西湖,2024-06-25,32685
Brown,港墘,2024-06-25,36298
Brown,文德,2024-06-25,11458
Brown,內湖,2024-06-25,19932
Brown,大湖公園,2024-06-25,6539
Brown,葫洲,2024-06-25,16912
Brown,東湖,2024-06-25,17283
Brown,南港軟體園區,2024-06-25,14522
Brown,南港展覽館,2024-06-25,22320
Brown,松山機場,2024-06-26,11108
Brown,中山國中,2024-06-26,28127
Brown,南京復興,2024-06-26,45954
Brown,忠孝復興,2024-06-26,33423
Brown,大安,2024-06-26,23659
Brown,科技大樓,2024-06-26,29512
Brown,六張犁,2024-06-26,22662
Brown,麟光,2024-06-26,8378
Brown,辛亥,2024-06-26,6960
Brown,萬芳醫院,2024-06-26,23145
Brown,萬芳社區,2024-06-26,4883
Brown,木柵,2024-06-26,8517
Brown,動物園,2024-06-26,6833
Brown,大直,2024-06-26,16323
Brown,劍南路,2024-06-26,23205
Brown,西湖,2024-06-26,32786
Brown,港墘,2024-06-26,37161
Brown,文德,2024-06-26,11448
Brown,內湖,2024-06-26,20035
Brown,大湖公園,2024-06-26,6941
Brown,葫洲,2024-06-26,16984
Brown,東湖,2024-06-26,17064
Brown,南港軟體園區,2024-06-26,14468
Brown,南港展覽館,2024-06-26,28237
Brown,松山機場,2024-06-27,11192
Brown,中山國中,2024-06-27,28321
Brown,南京復興,2024-06-27,45308
Brown,忠孝復興,2024-06-27,33820
Brown,大安,2024-06-27,23108
Brown,科技大樓,2024-06-27,28837
Brown,六張犁,2024-06-27,22829
Brown,麟光,2024-06-27,8278
Brown,辛亥,2024-06-27,6809
Brown,萬芳醫院,2024-06-27,23065
Brown,萬芳社區,2024-06-27,4982
Brown,木柵,2024-06-27,8489
Brown,動物園,2024-06-27,7034
Brown,大直,2024-06-27,15729
Brown,劍南路,2024-06-27,23442
Brown,西湖,2024-06-27,32916
Brown,港墘,2024-06-27,36416
Brown,文德,2024-06-27,11635
Brown,內湖,2024-06-27,20873
Brown,大湖公園,2024-06-27,6750
Brown,葫洲,2024-06-27,16598
Brown,東湖,2024-06-27,17408
Brown,南港軟體園區,2024-06-27,14801
Brown,南港展覽館,2024-06-27,29157
Brown,松山機場,2024-06-28,11735
Brown,中山國中,2024-06-28,29188
Brown,南京復興,2024-06-28,46662
Brown,忠孝復興,2024-06-28,38157
Brown,大安,2024-06-28,23968
Brown,科技大樓,2024-06-28,29286
Brown,六張犁,2024-06-28,23092
Brown,麟光,2024-06-28,8413
Brown,辛亥,2024-06-28,7040
Brown,萬芳醫院,2024-06-28,23904
Brown,萬芳社區,2024-06-28,5058
Brown,木柵,2024-06-28,8587
Brown,動物園,2024-06-28,7333
Brown,大直,2024-06-28,17509
Brown,劍南路,2024-06-28,29715
Brown,西湖,2024-06-28,32338
Brown,港墘,2024-06-28,37368
Brown,文德,2024-06-28,12606
Brown,內湖,2024-06-28,21995
Brown,大湖公園,2024-06-28,7186
Brown,葫洲,2024-06-28,17638
Brown,東湖,2024-06-28,18784
Brown,南港軟體園區,2024-06-28,14818
Brown,南港展覽館,2024-06-28,28754
Brown,松山機場,2024-06-29,8680
Brown,中山國中,2024-06-29,18464
Brown,南京復興,2024-06-29,25561
Brown,忠孝復興,2024-06-29,35259
Brown,大安,2024-06-29,13525
Brown,科技大樓,2024-06-29,21496
Brown,六張犁,2024-06-29,14980
Brown,麟光,2024-06-29,7207
Brown,辛亥,2024-06-29,5094
Brown,萬芳醫院,2024-06-29,14633
Brown,萬芳社區,2024-06-29,3524
Brown,木柵,2024-06-29,5907
Brown,動物園,2024-06-29,10913
Brown,大直,2024-06-29,12479
Brown,劍南路,2024-06-29,21842
Brown,西湖,2024-06-29,9754
Brown,港墘,2024-06-29,13978
Brown,文德,2024-06-29,7619
Brown,內湖,2024-06-29,16629
Brown,大湖公園,2024-06-29,5940
Brown,葫洲,2024-06-29,11407
Brown,東湖,2024-06-29,12439
Brown,南港軟體園區,2024-06-29,5862
Brown,南港展覽館,2024-06-29,18074
Brown,松山機場,2024-06-30,8282
Brown,中山國中,2024-06-30,14142
Brown,南京復興,2024-06-30,19503
Brown,忠孝復興,2024-06-30,27454
Brown,大安,2024-06-30,9893
Brown,科技大樓,2024-06-30,17061
Brown,六張犁,2024-06-30,12365
Brown,麟光,2024-06-30,6314
Brown,辛亥,2024-06-30,4355
Brown,萬芳醫院,2024-06-30,11877
Brown,萬芳社區,2024-06-30,2924
Brown,木柵,2024-06-30,5155
Brown,動物園,2024-06-30,9243
Brown,大直,2024-06-30,10344
Brown,劍南路,2024-06-30,18707
Brown,西湖,2024-06-30,7977
Brown,港墘,2024-06-30,11020
Brown,文德,2024-06-30,6349
Brown,內湖,2024-06-30,14068
Brown,大湖公園,2024-06-30,5650
Brown,葫洲,2024-06-30,9287
Brown,東湖,2024-06-30,10246
Brown,南港軟體園區,2024-06-30,5266
Brown,南港展覽館,2024-06-30,9247
Brown,松山機場,2024-07-01,10631
Brown,中山國中,2024-07-01,26426
Brown,南京復興,2024-07-01,42912
Brown,忠孝復興,2024-07-01,30116
Brown,大安,2024-07-01,20936
Brown,科技大樓,2024-07-01,26529
Brown,六張犁,2024-07-01,21469
Brown,麟光,2024-07-01,7943
Brown,辛亥,2024-07-01,6611
Brown,萬芳醫院,2024-07-01,22369
Brown,萬芳社區,2024-07-01,4836
Brown,木柵,2024-07-01,7335
Brown,動物園,2024-07-01,8568
Brown,大直,2024-07-01,14173
Brown,劍南路,2024-07-01,21184
Brown,西湖,2024-07-01,30033
Brown,港墘,2024-07-01,35043
Brown,文德,2024-07-01,9286
Brown,內湖,2024-07-01,18740
Brown,大湖公園,2024-07-01,6327
Brown,葫洲,2024-07-01,16153
Brown,東湖,2024-07-01,15002
Brown,南港軟體園區,2024-07-01,14074
Brown,南港展覽館,2024-07-01,19973
Brown,松山機場,2024-07-02,10848
Brown,中山國中,2024-07-02,27238
Brown,南京復興,2024-07-02,44230
Brown,忠孝復興,2024-07-02,32012
Brown,大安,2024-07-02,21178
Brown,科技大樓,2024-07-02,27513
Brown,六張犁,2024-07-02,21193
Brown,麟光,2024-07-02,7694
Brown,辛亥,2024-07-02,6511
Brown,萬芳醫院,2024-07-02,21751
Brown,萬芳社區,2024-07-02,4674
Brown,木柵,2024-07-02,7295
Brown,動物園,2024-07-02,8924
Brown,大直,2024-07-02,14996
Brown,劍南路,2024-07-02,22141
Brown,西湖,2024-07-02,31137
Brown,港墘,2024-07-02,36290
Brown,文德,2024-07-02,10263
Brown,內湖,2024-07-02,19416
Brown,大湖公園,2024-07-02,6482
Brown,葫洲,2024-07-02,16662
Brown,東湖,2024-07-02,15727
Brown,南港軟體園區,2024-07-02,14168
Brown,南港展覽館,2024-07-02,20729
Brown,松山機場,2024-07-03,10678
Brown,中山國中,2024-07-03,27768
Brown,南京復興,2024-07-03,44754
Brown,忠孝復興,2024-07-03,32865
Brown,大安,2024-07-03,21644
Brown,科技大樓,2024-07-03,28640
Brown,六張犁,2024-07-03,21777
Brown,麟光,2024-07-03,8169
Brown,辛亥,2024-07-03,7040
Brown,萬芳醫院,2024-07-03,22595
Brown,萬芳社區,2024-07-03,4892
Brown,木柵,2024-07-03,7501
Brown,動物園,2024-07-03,9649
Brown,大直,2024-07-03,15098
Brown,劍南路,2024-07-03,23314
Brown,西湖,2024-07-03,30791
Brown,港墘,2024-07-03,36597
Brown,文德,2024-07-03,9999
Brown,內湖,2024-07-03,19484
Brown,大湖公園,2024-07-03,6792
Brown,葫洲,2024-07-03,16720
Brown,東湖,2024-07-03,16110
Brown,南港軟體園區,2024-07-03,14375
Brown,南港展覽館,2024-07-03,21769
Brown,松山機場,2024-07-04,10619
Brown,中山國中,2024-07-04,27592
Brown,南京復興,2024-07-04,44668
Brown,忠孝復興,2024-07-04,32613
Brown,大安,2024-07-04,21698
Brown,科技大樓,2024-07-04,28547
Brown,六張犁,2024-07-04,21742
Brown,麟光,2024-07-04,8186
Brown,辛亥,2024-07-04,6660
Brown,萬芳醫院,2024-07-04,22568
Brown,萬芳社區,2024-07-04,4989
Brown,木柵,2024-07-04,7587
Brown,動物園,2024-07-04,9561
Brown,大直,2024-07-04,15084
Brown,劍南路,2024-07-04,23547
Brown,西湖,2024-07-04,30917
Brown,港墘,2024-07-04,35748
Brown,文德,2024-07-04,9816
Brown,內湖,2024-07-04,19114
Brown,大湖公園,2024-07-04,6691
Brown,葫洲,2024-07-04,16530
Brown,東湖,2024-07-04,16354
Brown,南港軟體園區,2024-07-04,14408
Brown,南港展覽館,2024-07-04,21327
Brown,松山機場,2024-07-05,11393
Brown,中山國中,2024-07-05,28462
Brown,南京復興,2024-07-05,45770
Brown,忠孝復興,2024-07-05,37271
Brown,大安,2024-07-05,21885
Brown,科技大樓,2024-07-05,28827
Brown,六張犁,2024-07-05,22612
Brown,麟光,2024-07-05,8441
Brown,辛亥,2024-07-05,6939
Brown,萬芳醫院,2024-07-05,22983
Brown,萬芳社區,2024-07-05,4953
Brown,木柵,2024-07-05,7612
Brown,動物園,2024-07-05,9885
Brown,大直,2024-07-05,15836
Brown,劍南路,2024-07-05,24909
Brown,西湖,2024-07-05,30788
Brown,港墘,2024-07-05,35940
Brown,文德,2024-07-05,10736
Brown,內湖,2024-07-05,20895
Brown,大湖公園,2024-07-05,6748
Brown,葫洲,2024-07-05,17170
Brown,東湖,2024-07-05,16797
Brown,南港軟體園區,2024-07-05,14642
Brown,南港展覽館,2024-07-05,24676
Brown,松山機場,2024-07-06,8334
Brown,中山國中,2024-07-06,17419
Brown,南京復興,2024-07-06,25832
Brown,忠孝復興,2024-07-06,33750
Brown,大安,2024-07-06,13355
Brown,科技大樓,2024-07-06,20293
Brown,六張犁,2024-07-06,15106
Brown,麟光,2024-07-06,7699
Brown,辛亥,2024-07-06,5529
Brown,萬芳醫院,2024-07-06,14300
Brown,萬芳社區,2024-07-06,3537
Brown,木柵,2024-07-06,6201
Brown,動物園,2024-07-06,12033
Brown,大直,2024-07-06,11655
Brown,劍南路,2024-07-06,22509
Brown,西湖,2024-07-06,9659
Brown,港墘,2024-07-06,13548
Brown,文德,2024-07-06,7623
Brown,內湖,2024-07-06,17077
Brown,大湖公園,2024-07-06,5968
Brown,葫洲,2024-07-06,11268
Brown,東湖,2024-07-06,12507
Brown,南港軟體園區,2024-07-06,6374
Brown,南港展覽館,2024-07-06,17166
Brown,松山機場,2024-07-07,7995
Brown,中山國中,2024-07-07,14384
Brown,南京復興,2024-07-07,19760
Brown,忠孝復興,2024-07-07,26220
Brown,大安,2024-07-07,9693
Brown,科技大樓,2024-07-07,19441
Brown,六張犁,2024-07-07,12495
Brown,麟光,2024-07-07,6305
Brown,辛亥,2024-07-07,4461
Brown,萬芳醫院,2024-07-07,12078
Brown,萬芳社區,2024-07-07,2935
Brown,木柵,2024-07-07,5263
Brown,動物園,2024-07-07,8528
Brown,大直,2024-07-07,9319
Brown,劍南路,2024-07-07,19031
Brown,西湖,2024-07-07,7528
Brown,港墘,2024-07-07,11634
Brown,文德,2024-07-07,6177
Brown,內湖,2024-07-07,13666
Brown,大湖公園,2024-07-07,5133
Brown,葫洲,2024-07-07,9139
Brown,東湖,2024-07-07,10440
Brown,南港軟體園區,2024-07-07,5462
Brown,南港展覽館,2024-07-07,14221
Brown,松山機場,2024-07-08,10769
Brown,中山國中,2024-07-08,26106
Brown,南京復興,2024-07-08,42489
Brown,忠孝復興,2024-07-08,30442
Brown,大安,2024-07-08,20785
Brown,科技大樓,2024-07-08,28729
Brown,六張犁,2024-07-08,20586
Brown,麟光,2024-07-08,7926
Brown,辛亥,2024-07-08,6841
Brown,萬芳醫院,2024-07-08,22486
Brown,萬芳社區,2024-07-08,4621
Brown,木柵,2024-07-08,7503
Brown,動物園,2024-07-08,8513
Brown,大直,2024-07-08,14916
Brown,劍南路,2024-07-08,21942
Brown,西湖,2024-07-08,30094
Brown,港墘,2024-07-08,34922
Brown,文德,2024-07-08,9203
Brown,內湖,2024-07-08,18728
Brown,大湖公園,2024-07-08,6427
Brown,葫洲,2024-07-08,16224
Brown,東湖,2024-07-08,15058
Brown,南港軟體園區,2024-07-08,14183
Brown,南港展覽館,2024-07-08,23629
Brown,松山機場,2024-07-09,10525
Brown,中山國中,2024-07-09,27963
Brown,南京復興,2024-07-09,44934
Brown,忠孝復興,2024-07-09,32324
Brown,大安,2024-07-09,22031
Brown,科技大樓,2024-07-09,29015
Brown,六張犁,2024-07-09,21778
Brown,麟光,2024-07-09,8259
Brown,辛亥,2024-07-09,6989
Brown,萬芳醫院,2024-07-09,21744
Brown,萬芳社區,2024-07-09,5025
Brown,木柵,2024-07-09,7710
Brown,動物園,2024-07-09,9668
Brown,大直,2024-07-09,15520
Brown,劍南路,2024-07-09,22305
Brown,西湖,2024-07-09,31495
Brown,港墘,2024-07-09,36710
Brown,文德,2024-07-09,9430
Brown,內湖,2024-07-09,19710
Brown,大湖公園,2024-07-09,6490
Brown,葫洲,2024-07-09,16401
Brown,東湖,2024-07-09,15935
Brown,南港軟體園區,2024-07-09,14171
Brown,南港展覽館,2024-07-09,20953
Brown,松山機場,2024-07-10,10512
Brown,中山國中,2024-07-10,28145
Brown,南京復興,2024-07-10,44923
Brown,忠孝復興,2024-07-10,32704
Brown,大安,2024-07-10,22428
Brown,科技大樓,2024-07-10,29567
Brown,六張犁,2024-07-10,22154
Brown,麟光,2024-07-10,8597
Brown,辛亥,2024-07-10,6980
Brown,萬芳醫院,2024-07-10,22229
Brown,萬芳社區,2024-07-10,4848
Brown,木柵,2024-07-10,7244
Brown,動物園,2024-07-10,9308
Brown,大直,2024-07-10,15762
Brown,劍南路,2024-07-10,22190
Brown,西湖,2024-07-10,31035
Brown,港墘,2024-07-10,36921
Brown,文德,2024-07-10,9960
Brown,內湖,2024-07-10,19956
Brown,大湖公園,2024-07-10,6588
Brown,葫洲,2024-07-10,16916
Brown,東湖,2024-07-10,16108
Brown,南港軟體園區,2024-07-10,14468
Brown,南港展覽館,2024-07-10,20884
Brown,松山機場,2024-07-11,10834
Brown,中山國中,2024-07-11,28812
Brown,南京復興,2024-07-11,45377
Brown,忠孝復興,2024-07-11,33648
Brown,大安,2024-07-11,23987
Brown,科技大樓,2024-07-11,29877
Brown,六張犁,2024-07-11,22643
Brown,麟光,2024-07-11,8571
Brown,辛亥,2024-07-11,7152
Brown,萬芳醫院,2024-07-11,22898
Brown,萬芳社區,2024-07-11,5026
Brown,木柵,2024-07-11,8638
Brown,動物園,2024-07-11,9826
Brown,大直,2024-07-11,16650
Brown,劍南路,2024-07-11,23554
Brown,西湖,2024-07-11,31398
Brown,港墘,2024-07-11,38018
Brown,文德,2024-07-11,11458
Brown,內湖,2024-07-11,20521
Brown,大湖公園,2024-07-11,6991
Brown,葫洲,2024-07-11,17070
Brown,東湖,2024-07-11,17445
Brown,南港軟體園區,2024-07-11,14312
Brown,南港展覽館,2024-07-11,21509
Brown,松山機場,2024-07-12,11606
Brown,中山國中,2024-07-12,28338
Brown,南京復興,2024-07-12,46465
Brown,忠孝復興,2024-07-12,37256
Brown,大安,2024-07-12,22644
Brown,科技大樓,2024-07-12,29978
Brown,六張犁,2024-07-12,22682
Brown,麟光,2024-07-12,8434
Brown,辛亥,2024-07-12,7139
Brown,萬芳醫院,2024-07-12,21970
Brown,萬芳社區,2024-07-12,5047
Brown,木柵,2024-07-12,7597
Brown,動物園,2024-07-12,10701
Brown,大直,2024-07-12,15787
Brown,劍南路,2024-07-12,25210
Brown,西湖,2024-07-12,31062
Brown,港墘,2024-07-12,36471
Brown,文德,2024-07-12,10503
Brown,內湖,2024-07-12,21127
Brown,大湖公園,2024-07-12,6899
Brown,葫洲,2024-07-12,17094
Brown,東湖,2024-07-12,17087
Brown,南港軟體園區,2024-07-12,14605
Brown,南港展覽館,2024-07-12,20616
Brown,松山機場,2024-07-13,8174
Brown,中山國中,2024-07-13,17722
Brown,南京復興,2024-07-13,27420
Brown,忠孝復興,2024-07-13,33747
Brown,大安,2024-07-13,13940
Brown,科技大樓,2024-07-13,21881
Brown,六張犁,2024-07-13,16138
Brown,麟光,2024-07-13,7438
Brown,辛亥,2024-07-13,5198
Brown,萬芳醫院,2024-07-13,14382
Brown,萬芳社區,2024-07-13,3781
Brown,木柵,2024-07-13,6304
Brown,動物園,2024-07-13,14865
Brown,大直,2024-07-13,11744
Brown,劍南路,2024-07-13,22004
Brown,西湖,2024-07-13,9318
Brown,港墘,2024-07-13,14650
Brown,文德,2024-07-13,8085
Brown,內湖,2024-07-13,17302
Brown,大湖公園,2024-07-13,6095
Brown,葫洲,2024-07-13,11251
Brown,東湖,2024-07-13,12500
Brown,南港軟體園區,2024-07-13,5710
Brown,南港展覽館,2024-07-13,11014
Brown,松山機場,2024-07-14,8470
Brown,中山國中,2024-07-14,14796
Brown,南京復興,2024-07-14,20641
Brown,忠孝復興,2024-07-14,26445
Brown,大安,2024-07-14,10334
Brown,科技大樓,2024-07-14,17487
Brown,六張犁,2024-07-14,12871
Brown,麟光,2024-07-14,6750
Brown,辛亥,2024-07-14,4362
Brown,萬芳醫院,2024-07-14,10988
Brown,萬芳社區,2024-07-14,3123
Brown,木柵,2024-07-14,5419
Brown,動物園,2024-07-14,12143
Brown,大直,2024-07-14,10352
Brown,劍南路,2024-07-14,18287
Brown,西湖,2024-07-14,8141
Brown,港墘,2024-07-14,11053
Brown,文德,2024-07-14,6724
Brown,內湖,2024-07-14,14146
Brown,大湖公園,2024-07-14,5871
Brown,葫洲,2024-07-14,9808
Brown,東湖,2024-07-14,10802
Brown,南港軟體園區,2024-07-14,5062
Brown,南港展覽館,2024-07-14,9019
Brown,松山機場,2024-07-15,10623
Brown,中山國中,2024-07-15,26737
Brown,南京復興,2024-07-15,43175
Brown,忠孝復興,2024-07-15,30973
Brown,大安,2024-07-15,21157
Brown,科技大樓,2024-07-15,26776
Brown,六張犁,2024-07-15,21035
Brown,麟光,2024-07-15,8125
Brown,辛亥,2024-07-15,6753
Brown,萬芳醫院,2024-07-15,22183
Brown,萬芳社區,2024-07-15,4843
Brown,木柵,2024-07-15,7416
Brown,動物園,2024-07-15,8928
Brown,大直,2024-07-15,15254
Brown,劍南路,2024-07-15,22189
Brown,西湖,2024-07-15,30306
Brown,港墘,2024-07-15,35696
Brown,文德,2024-07-15,9890
Brown,內湖,2024-07-15,19438
Brown,大湖公園,2024-07-15,6800
Brown,葫洲,2024-07-15,16122
Brown,東湖,2024-07-15,15471
Brown,南港軟體園區,2024-07-15,14080
Brown,南港展覽館,2024-07-15,20770
Brown,松山機場,2024-07-16,10715
Brown,中山國中,2024-07-16,28032
Brown,南京復興,2024-07-16,44937
Brown,忠孝復興,2024-07-16,32436
Brown,大安,2024-07-16,21604
Brown,科技大樓,2024-07-16,29555
Brown,六張犁,2024-07-16,21869
Brown,麟光,2024-07-16,8095
Brown,辛亥,2024-07-16,6689
Brown,萬芳醫院,2024-07-16,22488
Brown,萬芳社區,2024-07-16,5121
Brown,木柵,2024-07-16,7361
Brown,動物園,2024-07-16,11148
Brown,大直,2024-07-16,15884
Brown,劍南路,2024-07-16,24154
Brown,西湖,2024-07-16,31282
Brown,港墘,2024-07-16,36751
Brown,文德,2024-07-16,10231
Brown,內湖,2024-07-16,19707
Brown,大湖公園,2024-07-16,6986
Brown,葫洲,2024-07-16,16757
Brown,東湖,2024-07-16,16301
Brown,南港軟體園區,2024-07-16,14455
Brown,南港展覽館,2024-07-16,21723
Brown,松山機場,2024-07-17,10497
Brown,中山國中,2024-07-17,28438
Brown,南京復興,2024-07-17,45422
Brown,忠孝復興,2024-07-17,33675
Brown,大安,2024-07-17,22500
Brown,科技大樓,2024-07-17,30063
Brown,六張犁,2024-07-17,22501
Brown,麟光,2024-07-17,8565
Brown,辛亥,2024-07-17,7190
Brown,萬芳醫院,2024-07-17,23066
Brown,萬芳社區,2024-07-17,5081
Brown,木柵,2024-07-17,7568
Brown,動物園,2024-07-17,10865
Brown,大直,2024-07-17,16294
Brown,劍南路,2024-07-17,23343
Brown,西湖,2024-07-17,31762
Brown,港墘,2024-07-17,37707
Brown,文德,2024-07-17,10310
Brown,內湖,2024-07-17,20176
Brown,大湖公園,2024-07-17,7010
Brown,葫洲,2024-07-17,17034
Brown,東湖,2024-07-17,16829
Brown,南港軟體園區,2024-07-17,14770
Brown,南港展覽館,2024-07-17,22644
Brown,松山機場,2024-07-18,11105
Brown,中山國中,2024-07-18,28259
Brown,南京復興,2024-07-18,44913
Brown,忠孝復興,2024-07-18,33367
Brown,大安,2024-07-18,21938
Brown,科技大樓,2024-07-18,30306
Brown,六張犁,2024-07-18,22080
Brown,麟光,2024-07-18,8183
Brown,辛亥,2024-07-18,7080
Brown,萬芳醫院,2024-07-18,22290
Brown,萬芳社區,2024-07-18,5125
Brown,木柵,2024-07-18,7767
Brown,動物園,2024-07-18,10994
Brown,大直,2024-07-18,15978
Brown,劍南路,2024-07-18,22985
Brown,西湖,2024-07-18,31247
Brown,港墘,2024-07-18,36487
Brown,文德,2024-07-18,10164
Brown,內湖,2024-07-18,20240
Brown,大湖公園,2024-07-18,6933
Brown,葫洲,2024-07-18,16847
Brown,東湖,2024-07-18,16516
Brown,南港軟體園區,2024-07-18,14686
Brown,南港展覽館,2024-07-18,23235
Brown,松山機場,2024-07-19,11239
Brown,中山國中,2024-07-19,28717
Brown,南京復興,2024-07-19,46117
Brown,忠孝復興,2024-07-19,37183
Brown,大安,2024-07-19,22069
Brown,科技大樓,2024-07-19,31489
Brown,六張犁,2024-07-19,22833
Brown,麟光,2024-07-19,8533
Brown,辛亥,2024-07-19,7184
Brown,萬芳醫院,2024-07-19,22348
Brown,萬芳社區,2024-07-19,5176
Brown,木柵,2024-07-19,7669
Brown,動物園,2024-07-19,10938
Brown,大直,2024-07-19,16410
Brown,劍南路,2024-07-19,24860
Brown,西湖,2024-07-19,30810
Brown,港墘,2024-07-19,36682
Brown,文德,2024-07-19,10817
Brown,內湖,2024-07-19,20831
Brown,大湖公園,2024-07-19,6958
Brown,葫洲,2024-07-19,17280
Brown,東湖,2024-07-19,16772
Brown,南港軟體園區,2024-07-19,14407
Brown,南港展覽館,2024-07-19,23603
Brown,松山機場,2024-07-20,8360
Brown,中山國中,2024-07-20,18028
Brown,南京復興,2024-07-20,26484
Brown,忠孝復興,2024-07-20,34478
Brown,大安,2024-07-20,13867
Brown,科技大樓,2024-07-20,22876
Brown,六張犁,2024-07-20,15985
Brown,麟光,2024-07-20,7706
Brown,辛亥,2024-07-20,5392
Brown,萬芳醫院,2024-07-20,15065
Brown,萬芳社區,2024-07-20,3922
Brown,木柵,2024-07-20,6408
Brown,動物園,2024-07-20,15387
Brown,大直,2024-07-20,11918
Brown,劍南路,2024-07-20,20215
Brown,西湖,2024-07-20,10049
Brown,港墘,2024-07-20,13869
Brown,文德,2024-07-20,7949
Brown,內湖,2024-07-20,17069
Brown,大湖公園,2024-07-20,6603
Brown,葫洲,2024-07-20,11865
Brown,東湖,2024-07-20,13048
Brown,南港軟體園區,2024-07-20,6033
Brown,南港展覽館,2024-07-20,13631
Brown,松山機場,2024-07-21,8036
Brown,中山國中,2024-07-21,14926
Brown,南京復興,2024-07-21,19784
Brown,忠孝復興,2024-07-21,26612
Brown,大安,2024-07-21,10155
Brown,科技大樓,2024-07-21,20200
Brown,六張犁,2024-07-21,12733
Brown,麟光,2024-07-21,6512
Brown,辛亥,2024-07-21,4465
Brown,萬芳醫院,2024-07-21,10922
Brown,萬芳社區,2024-07-21,2943
Brown,木柵,2024-07-21,5321
Brown,動物園,2024-07-21,12390
Brown,大直,2024-07-21,10020
Brown,劍南路,2024-07-21,17326
Brown,西湖,2024-07-21,8366
Brown,港墘,2024-07-21,11446
Brown,文德,2024-07-21,6778
Brown,內湖,2024-07-21,13841
Brown,大湖公園,2024-07-21,5948
Brown,葫洲,2024-07-21,9703
Brown,東湖,2024-07-21,10849
Brown,南港軟體園區,2024-07-21,5490
Brown,南港展覽館,2024-07-21,9777
Brown,松山機場,2024-07-22,10879
Brown,中山國中,2024-07-22,26603
Brown,南京復興,2024-07-22,43360
Brown,忠孝復興,2024-07-22,30477
Brown,大安,2024-07-22,21298
Brown,科技大樓,2024-07-22,26780
Brown,六張犁,2024-07-22,21069
Brown,麟光,2024-07-22,8255
Brown,辛亥,2024-07-22,6703
Brown,萬芳醫院,2024-07-22,21995
Brown,萬芳社區,2024-07-22,4853
Brown,木柵,2024-07-22,7508
Brown,動物園,2024-07-22,9323
Brown,大直,2024-07-22,14585
Brown,劍南路,2024-07-22,20966
Brown,西湖,2024-07-22,29949
Brown,港墘,2024-07-22,35045
Brown,文德,2024-07-22,10431
Brown,內湖,2024-07-22,19084
Brown,大湖公園,2024-07-22,6741
Brown,葫洲,2024-07-22,15836
Brown,東湖,2024-07-22,16016
Brown,南港軟體園區,2024-07-22,14383
Brown,南港展覽館,2024-07-22,20523
Brown,松山機場,2024-07-23,10902
Brown,中山國中,2024-07-23,27852
Brown,南京復興,2024-07-23,44785
Brown,忠孝復興,2024-07-23,33257
Brown,大安,2024-07-23,21800
Brown,科技大樓,2024-07-23,27775
Brown,六張犁,2024-07-23,21935
Brown,麟光,2024-07-23,8130
Brown,辛亥,2024-07-23,6449
Brown,萬芳醫院,2024-07-23,22226
Brown,萬芳社區,2024-07-23,4958
Brown,木柵,2024-07-23,7450
Brown,動物園,2024-07-23,10340
Brown,大直,2024-07-23,15787
Brown,劍南路,2024-07-23,21409
Brown,西湖,2024-07-23,31602
Brown,港墘,2024-07-23,36186
Brown,文德,2024-07-23,9574
Brown,內湖,2024-07-23,19658
Brown,大湖公園,2024-07-23,6454
Brown,葫洲,2024-07-23,16304
Brown,東湖,2024-07-23,16401
Brown,南港軟體園區,2024-07-23,14839
Brown,南港展覽館,2024-07-23,20954
Brown,松山機場,2024-07-24,1625
Brown,中山國中,2024-07-24,1810
Brown,南京復興,2024-07-24,3850
Brown,忠孝復興,2024-07-24,3145
Brown,大安,2024-07-24,2133
Brown,科技大樓,2024-07-24,1835
Brown,六張犁,2024-07-24,1603
Brown,麟光,2024-07-24,808
Brown,辛亥,2024-07-24,556
Brown,萬芳醫院,2024-07-24,1503
Brown,萬芳社區,2024-07-24,393
Brown,木柵,2024-07-24,579
Brown,動物園,2024-07-24,384
Brown,大直,2024-07-24,1095
Brown,劍南路,2024-07-24,1289
Brown,西湖,2024-07-24,1154
Brown,港墘,2024-07-24,1108
Brown,文德,2024-07-24,696
Brown,內湖,2024-07-24,1606
Brown,大湖公園,2024-07-24,396
Brown,葫洲,2024-07-24,1057
Brown,東湖,2024-07-24,958
Brown,南港軟體園區,2024-07-24,447
Brown,南港展覽館,2024-07-24,2118
Brown,松山機場,2024-07-25,2761
Brown,中山國中,2024-07-25,5227
Brown,南京復興,2024-07-25,7439
Brown,忠孝復興,2024-07-25,12604
Brown,大安,2024-07-25,4380
Brown,科技大樓,2024-07-25,4903
Brown,六張犁,2024-07-25,4752
Brown,麟光,2024-07-25,2356
Brown,辛亥,2024-07-25,1473
Brown,萬芳醫院,2024-07-25,4069
Brown,萬芳社區,2024-07-25,1007
Brown,木柵,2024-07-25,1323
Brown,動物園,2024-07-25,851
Brown,大直,2024-07-25,3174
Brown,劍南路,2024-07-25,7137
Brown,西湖,2024-07-25,2953
Brown,港墘,2024-07-25,3572
Brown,文德,2024-07-25,2333
Brown,內湖,2024-07-25,4855
Brown,大湖公園,2024-07-25,1360
Brown,葫洲,2024-07-25,3045
Brown,東湖,2024-07-25,3037
Brown,南港軟體園區,2024-07-25,1377
Brown,南港展覽館,2024-07-25,3243
Brown,松山機場,2024-07-26,12805
Brown,中山國中,2024-07-26,30318
Brown,南京復興,2024-07-26,49319
Brown,忠孝復興,2024-07-26,39283
Brown,大安,2024-07-26,24383
Brown,科技大樓,2024-07-26,30178
Brown,六張犁,2024-07-26,24429
Brown,麟光,2024-07-26,8893
Brown,辛亥,2024-07-26,7158
Brown,萬芳醫院,2024-07-26,23501
Brown,萬芳社區,2024-07-26,5114
Brown,木柵,2024-07-26,7864
Brown,動物園,2024-07-26,8310
Brown,大直,2024-07-26,17116
Brown,劍南路,2024-07-26,25070
Brown,西湖,2024-07-26,32115
Brown,港墘,2024-07-26,37805
Brown,文德,2024-07-26,11857
Brown,內湖,2024-07-26,22028
Brown,大湖公園,2024-07-26,6659
Brown,葫洲,2024-07-26,17644
Brown,東湖,2024-07-26,18206
Brown,南港軟體園區,2024-07-26,15963
Brown,南港展覽館,2024-07-26,27505
Brown,松山機場,2024-07-27,9587
Brown,中山國中,2024-07-27,18869
Brown,南京復興,2024-07-27,27980
Brown,忠孝復興,2024-07-27,36085
Brown,大安,2024-07-27,14523
Brown,科技大樓,2024-07-27,19601
Brown,六張犁,2024-07-27,16238
Brown,麟光,2024-07-27,7708
Brown,辛亥,2024-07-27,5534
Brown,萬芳醫院,2024-07-27,15518
Brown,萬芳社區,2024-07-27,3920
Brown,木柵,2024-07-27,6091
Brown,動物園,2024-07-27,14012
Brown,大直,2024-07-27,13257
Brown,劍南路,2024-07-27,21465
Brown,西湖,2024-07-27,9912
Brown,港墘,2024-07-27,14291
Brown,文德,2024-07-27,8601
Brown,內湖,2024-07-27,17608
Brown,大湖公園,2024-07-27,6572
Brown,葫洲,2024-07-27,11912
Brown,東湖,2024-07-27,13538
Brown,南港軟體園區,2024-07-27,5945
Brown,南港展覽館,2024-07-27,18889
Brown,松山機場,2024-07-28,8842
Brown,中山國中,2024-07-28,16601
Brown,南京復興,2024-07-28,21396
Brown,忠孝復興,2024-07-28,28346
Brown,大安,2024-07-28,11084
Brown,科技大樓,2024-07-28,17055
Brown,六張犁,2024-07-28,13339
Brown,麟光,2024-07-28,6757
Brown,辛亥,2024-07-28,4568
Brown,萬芳醫院,2024-07-28,11370
Brown,萬芳社區,2024-07-28,3250
Brown,木柵,2024-07-28,5234
Brown,動物園,2024-07-28,13409
Brown,大直,2024-07-28,10308
Brown,劍南路,2024-07-28,19306
Brown,西湖,2024-07-28,8315
Brown,港墘,2024-07-28,11800
Brown,文德,2024-07-28,6876
Brown,內湖,2024-07-28,14641
Brown,大湖公園,2024-07-28,6209
Brown,葫洲,2024-07-28,10127
Brown,東湖,2024-07-28,11192
Brown,南港軟體園區,2024-07-28,5537
Brown,南港展覽館,2024-07-28,16031
Brown,松山機場,2024-07-29,11181
Brown,中山國中,2024-07-29,27975
Brown,南京復興,2024-07-29,44114
Brown,忠孝復興,2024-07-29,31649
Brown,大安,2024-07-29,21240
Brown,科技大樓,2024-07-29,27086
Brown,六張犁,2024-07-29,21222
Brown,麟光,2024-07-29,8184
Brown,辛亥,2024-07-29,6850
Brown,萬芳醫院,2024-07-29,22520
Brown,萬芳社區,2024-07-29,4992
Brown,木柵,2024-07-29,8024
Brown,動物園,2024-07-29,10706
Brown,大直,2024-07-29,15335
Brown,劍南路,2024-07-29,22586
Brown,西湖,2024-07-29,30254
Brown,港墘,2024-07-29,35572
Brown,文德,2024-07-29,10840
Brown,內湖,2024-07-29,19383
Brown,大湖公園,2024-07-29,6902
Brown,葫洲,2024-07-29,16569
Brown,東湖,2024-07-29,16701
Brown,南港軟體園區,2024-07-29,14442
Brown,南港展覽館,2024-07-29,23494
Brown,松山機場,2024-07-30,10938
Brown,中山國中,2024-07-30,28589
Brown,南京復興,2024-07-30,45636
Brown,忠孝復興,2024-07-30,32784
Brown,大安,2024-07-30,21802
Brown,科技大樓,2024-07-30,28360
Brown,六張犁,2024-07-30,22649
Brown,麟光,2024-07-30,8186
Brown,辛亥,2024-07-30,6869
Brown,萬芳醫院,2024-07-30,22453
Brown,萬芳社區,2024-07-30,5050
Brown,木柵,2024-07-30,7926
Brown,動物園,2024-07-30,12752
Brown,大直,2024-07-30,15914
Brown,劍南路,2024-07-30,23874
Brown,西湖,2024-07-30,31178
Brown,港墘,2024-07-30,36754
Brown,文德,2024-07-30,10853
Brown,內湖,2024-07-30,20288
Brown,大湖公園,2024-07-30,6762
Brown,葫洲,2024-07-30,16887
Brown,東湖,2024-07-30,16935
Brown,南港軟體園區,2024-07-30,14848
Brown,南港展覽館,2024-07-30,21846
Brown,松山機場,2024-07-31,11343
Brown,中山國中,2024-07-31,28943
Brown,南京復興,2024-07-31,46348
Brown,忠孝復興,2024-07-31,33769
Brown,大安,2024-07-31,23029
Brown,科技大樓,2024-07-31,29048
Brown,六張犁,2024-07-31,22866
Brown,麟光,2024-07-31,8572
Brown,辛亥,2024-07-31,6836
Brown,萬芳醫院,2024-07-31,23150
Brown,萬芳社區,2024-07-31,5128
Brown,木柵,2024-07-31,7960
Brown,動物園,2024-07-31,11221
Brown,大直,2024-07-31,16055
Brown,劍南路,2024-07-31,23824
Brown,西湖,2024-07-31,32009
Brown,港墘,2024-07-31,37873
Brown,文德,2024-07-31,11217
Brown,內湖,2024-07-31,20878
Brown,大湖公園,2024-07-31,6780
Brown,葫洲,2024-07-31,17397
Brown,東湖,2024-07-31,17243
Brown,南港軟體園區,2024-07-31,15517
Brown,南港展覽館,2024-07-31,21996
Brown,松山機場,2024-08-01,11019
Brown,中山國中,2024-08-01,28369
Brown,南京復興,2024-08-01,45957
Brown,忠孝復興,2024-08-01,33126
Brown,大安,2024-08-01,21934
Brown,科技大樓,2024-08-01,28049
Brown,六張犁,2024-08-01,22405
Brown,麟光,2024-08-01,8533
Brown,辛亥,2024-08-01,6964
Brown,萬芳醫院,2024-08-01,22949
Brown,萬芳社區,2024-08-01,5093
Brown,木柵,2024-08-01,7867
Brown,動物園,2024-08-01,11218
Brown,大直,2024-08-01,15728
Brown,劍南路,2024-08-01,24308
Brown,西湖,2024-08-01,31368
Brown,港墘,2024-08-01,36552
Brown,文德,2024-08-01,10691
Brown,內湖,2024-08-01,20259
Brown,大湖公園,2024-08-01,6849
Brown,葫洲,2024-08-01,16842
Brown,東湖,2024-08-01,16488
Brown,南港軟體園區,2024-08-01,14733
Brown,南港展覽館,2024-08-01,21247
Brown,松山機場,2024-08-02,11273
Brown,中山國中,2024-08-02,28689
Brown,南京復興,2024-08-02,47084
Brown,忠孝復興,2024-08-02,36697
Brown,大安,2024-08-02,22193
Brown,科技大樓,2024-08-02,27766
Brown,六張犁,2024-08-02,22603
Brown,麟光,2024-08-02,8414
Brown,辛亥,2024-08-02,6950
Brown,萬芳醫院,2024-08-02,22612
Brown,萬芳社區,2024-08-02,5059
Brown,木柵,2024-08-02,7857
Brown,動物園,2024-08-02,11317
Brown,大直,2024-08-02,16106
Brown,劍南路,2024-08-02,25043
Brown,西湖,2024-08-02,30730
Brown,港墘,2024-08-02,36087
Brown,文德,2024-08-02,10817
Brown,內湖,2024-08-02,20785
Brown,大湖公園,2024-08-02,6870
Brown,葫洲,2024-08-02,17028
Brown,東湖,2024-08-02,17061
Brown,南港軟體園區,2024-08-02,14952
Brown,南港展覽館,2024-08-02,21037
Brown,松山機場,2024-08-03,8081
Brown,中山國中,2024-08-03,17926
Brown,南京復興,2024-08-03,26550
Brown,忠孝復興,2024-08-03,33997
Brown,大安,2024-08-03,13953
Brown,科技大樓,2024-08-03,18799
Brown,六張犁,2024-08-03,15752
Brown,麟光,2024-08-03,7729
Brown,辛亥,2024-08-03,5544
Brown,萬芳醫院,2024-08-03,14820
Brown,萬芳社區,2024-08-03,3764
Brown,木柵,2024-08-03,6577
Brown,動物園,2024-08-03,15563
Brown,大直,2024-08-03,11642
Brown,劍南路,2024-08-03,21703
Brown,西湖,2024-08-03,9697
Brown,港墘,2024-08-03,13787
Brown,文德,2024-08-03,7827
Brown,內湖,2024-08-03,16627
Brown,大湖公園,2024-08-03,6482
Brown,葫洲,2024-08-03,11637
Brown,東湖,2024-08-03,12936
Brown,南港軟體園區,2024-08-03,6189
Brown,南港展覽館,2024-08-03,11955
Brown,松山機場,2024-08-04,8031
Brown,中山國中,2024-08-04,14258
Brown,南京復興,2024-08-04,20629
Brown,忠孝復興,2024-08-04,26193
Brown,大安,2024-08-04,10256
Brown,科技大樓,2024-08-04,15151
Brown,六張犁,2024-08-04,12469
Brown,麟光,2024-08-04,7455
Brown,辛亥,2024-08-04,4497
Brown,萬芳醫院,2024-08-04,10961
Brown,萬芳社區,2024-08-04,3167
Brown,木柵,2024-08-04,5086
Brown,動物園,2024-08-04,11068
Brown,大直,2024-08-04,9817
Brown,劍南路,2024-08-04,19977
Brown,西湖,2024-08-04,8091
Brown,港墘,2024-08-04,11728
Brown,文德,2024-08-04,6610
Brown,內湖,2024-08-04,13992
Brown,大湖公園,2024-08-04,5349
Brown,葫洲,2024-08-04,9155
Brown,東湖,2024-08-04,10454
Brown,南港軟體園區,2024-08-04,5392
Brown,南港展覽館,2024-08-04,10100
Brown,松山機場,2024-08-05,10768
Brown,中山國中,2024-08-05,26823
Brown,南京復興,2024-08-05,43712
Brown,忠孝復興,2024-08-05,30618
Brown,大安,2024-08-05,20782
Brown,科技大樓,2024-08-05,25988
Brown,六張犁,2024-08-05,21235
Brown,麟光,2024-08-05,8180
Brown,辛亥,2024-08-05,6789
Brown,萬芳醫院,2024-08-05,22260
Brown,萬芳社區,2024-08-05,4954
Brown,木柵,2024-08-05,7602
Brown,動物園,2024-08-05,10068
Brown,大直,2024-08-05,15199
Brown,劍南路,2024-08-05,22937
Brown,西湖,2024-08-05,30022
Brown,港墘,2024-08-05,35298
Brown,文德,2024-08-05,10212
Brown,內湖,2024-08-05,19064
Brown,大湖公園,2024-08-05,6453
Brown,葫洲,2024-08-05,16134
Brown,東湖,2024-08-05,16323
Brown,南港軟體園區,2024-08-05,14470
Brown,南港展覽館,2024-08-05,20529
Brown,松山機場,2024-08-06,10520
Brown,中山國中,2024-08-06,28092
Brown,南京復興,2024-08-06,45866
Brown,忠孝復興,2024-08-06,32487
Brown,大安,2024-08-06,21765
Brown,科技大樓,2024-08-06,27490
Brown,六張犁,2024-08-06,22498
Brown,麟光,2024-08-06,8525
Brown,辛亥,2024-08-06,7128
Brown,萬芳醫院,2024-08-06,22350
Brown,萬芳社區,2024-08-06,5122
Brown,木柵,2024-08-06,7950
Brown,動物園,2024-08-06,11951
Brown,大直,2024-08-06,16105
Brown,劍南路,2024-08-06,23504
Brown,西湖,2024-08-06,31212
Brown,港墘,2024-08-06,37095
Brown,文德,2024-08-06,10382
Brown,內湖,2024-08-06,20069
Brown,大湖公園,2024-08-06,6684
Brown,葫洲,2024-08-06,16543
Brown,東湖,2024-08-06,16983
Brown,南港軟體園區,2024-08-06,14725
Brown,南港展覽館,2024-08-06,22049
Brown,松山機場,2024-08-07,10666
Brown,中山國中,2024-08-07,28231
Brown,南京復興,2024-08-07,46398
Brown,忠孝復興,2024-08-07,34304
Brown,大安,2024-08-07,22305
Brown,科技大樓,2024-08-07,27934
Brown,六張犁,2024-08-07,22781
Brown,麟光,2024-08-07,8783
Brown,辛亥,2024-08-07,7146
Brown,萬芳醫院,2024-08-07,22952
Brown,萬芳社區,2024-08-07,5160
Brown,木柵,2024-08-07,8160
Brown,動物園,2024-08-07,11191
Brown,大直,2024-08-07,15959
Brown,劍南路,2024-08-07,23571
Brown,西湖,2024-08-07,31537
Brown,港墘,2024-08-07,37780
Brown,文德,2024-08-07,10447
Brown,內湖,2024-08-07,20137
Brown,大湖公園,2024-08-07,6692
Brown,葫洲,2024-08-07,16867
Brown,東湖,2024-08-07,17050
Brown,南港軟體園區,2024-08-07,15424
Brown,南港展覽館,2024-08-07,22191
Brown,松山機場,2024-08-08,10725
Brown,中山國中,2024-08-08,27927
Brown,南京復興,2024-08-08,45660
Brown,忠孝復興,2024-08-08,33746
Brown,大安,2024-08-08,21800
Brown,科技大樓,2024-08-08,27168
Brown,六張犁,2024-08-08,22006
Brown,麟光,2024-08-08,8558
Brown,辛亥,2024-08-08,6979
Brown,萬芳醫院,2024-08-08,22091
Brown,萬芳社區,2024-08-08,5182
Brown,木柵,2024-08-08,7695
Brown,動物園,2024-08-08,11198
Brown,大直,2024-08-08,15931
Brown,劍南路,2024-08-08,23548
Brown,西湖,2024-08-08,30947
Brown,港墘,2024-08-08,36445
Brown,文德,2024-08-08,10545
Brown,內湖,2024-08-08,19933
Brown,大湖公園,2024-08-08,6673
Brown,葫洲,2024-08-08,16215
Brown,東湖,2024-08-08,16434
Brown,南港軟體園區,2024-08-08,14553
Brown,南港展覽館,2024-08-08,21784
Brown,松山機場,2024-08-09,11822
Brown,中山國中,2024-08-09,28600
Brown,南京復興,2024-08-09,46227
Brown,忠孝復興,2024-08-09,37184
Brown,大安,2024-08-09,22208
Brown,科技大樓,2024-08-09,28124
Brown,六張犁,2024-08-09,23161
Brown,麟光,2024-08-09,8876
Brown,辛亥,2024-08-09,6950
Brown,萬芳醫院,2024-08-09,22456
Brown,萬芳社區,2024-08-09,5195
Brown,木柵,2024-08-09,7865
Brown,動物園,2024-08-09,11377
Brown,大直,2024-08-09,16621
Brown,劍南路,2024-08-09,27002
Brown,西湖,2024-08-09,30742
Brown,港墘,2024-08-09,36095
Brown,文德,2024-08-09,10937
Brown,內湖,2024-08-09,21026
Brown,大湖公園,2024-08-09,7103
Brown,葫洲,2024-08-09,16924
Brown,東湖,2024-08-09,17793
Brown,南港軟體園區,2024-08-09,14595
Brown,南港展覽館,2024-08-09,22661
Brown,松山機場,2024-08-10,8495
Brown,中山國中,2024-08-10,18378
Brown,南京復興,2024-08-10,28506
Brown,忠孝復興,2024-08-10,36416
Brown,大安,2024-08-10,14845
Brown,科技大樓,2024-08-10,19429
Brown,六張犁,2024-08-10,17316
Brown,麟光,2024-08-10,8780
Brown,辛亥,2024-08-10,5444
Brown,萬芳醫院,2024-08-10,15282
Brown,萬芳社區,2024-08-10,4092
Brown,木柵,2024-08-10,7530
Brown,動物園,2024-08-10,17072
Brown,大直,2024-08-10,11809
Brown,劍南路,2024-08-10,20923
Brown,西湖,2024-08-10,10887
Brown,港墘,2024-08-10,14035
Brown,文德,2024-08-10,8834
Brown,內湖,2024-08-10,17329
Brown,大湖公園,2024-08-10,6351
Brown,葫洲,2024-08-10,11727
Brown,東湖,2024-08-10,13326
Brown,南港軟體園區,2024-08-10,5883
Brown,南港展覽館,2024-08-10,13694
Brown,松山機場,2024-08-11,8241
Brown,中山國中,2024-08-11,14911
Brown,南京復興,2024-08-11,21645
Brown,忠孝復興,2024-08-11,27370
Brown,大安,2024-08-11,10666
Brown,科技大樓,2024-08-11,15788
Brown,六張犁,2024-08-11,14028
Brown,麟光,2024-08-11,7959
Brown,辛亥,2024-08-11,4739
Brown,萬芳醫院,2024-08-11,11714
Brown,萬芳社區,2024-08-11,3346
Brown,木柵,2024-08-11,6219
Brown,動物園,2024-08-11,12960
Brown,大直,2024-08-11,9949
Brown,劍南路,2024-08-11,18224
Brown,西湖,2024-08-11,7703
Brown,港墘,2024-08-11,10898
Brown,文德,2024-08-11,6703
Brown,內湖,2024-08-11,14167
Brown,大湖公園,2024-08-11,5525
Brown,葫洲,2024-08-11,9517
Brown,東湖,2024-08-11,10580
Brown,南港軟體園區,2024-08-11,5365
Brown,南港展覽館,2024-08-11,11042
Brown,松山機場,2024-08-12,11032
Brown,中山國中,2024-08-12,26659
Brown,南京復興,2024-08-12,44202
Brown,忠孝復興,2024-08-12,30816
Brown,大安,2024-08-12,20883
Brown,科技大樓,2024-08-12,26065
Brown,六張犁,2024-08-12,21342
Brown,麟光,2024-08-12,8405
Brown,辛亥,2024-08-12,6534
Brown,萬芳醫院,2024-08-12,22703
Brown,萬芳社區,2024-08-12,5025
Brown,木柵,2024-08-12,7663
Brown,動物園,2024-08-12,9952
Brown,大直,2024-08-12,15126
Brown,劍南路,2024-08-12,22179
Brown,西湖,2024-08-12,29452
Brown,港墘,2024-08-12,34924
Brown,文德,2024-08-12,9990
Brown,內湖,2024-08-12,19202
Brown,大湖公園,2024-08-12,6522
Brown,葫洲,2024-08-12,15911
Brown,東湖,2024-08-12,16256
Brown,南港軟體園區,2024-08-12,14115
Brown,南港展覽館,2024-08-12,20440
Brown,松山機場,2024-08-13,10651
Brown,中山國中,2024-08-13,27386
Brown,南京復興,2024-08-13,45529
Brown,忠孝復興,2024-08-13,32140
Brown,大安,2024-08-13,21592
Brown,科技大樓,2024-08-13,27240
Brown,六張犁,2024-08-13,22250
Brown,麟光,2024-08-13,8451
Brown,辛亥,2024-08-13,6761
Brown,萬芳醫院,2024-08-13,22730
Brown,萬芳社區,2024-08-13,5049
Brown,木柵,2024-08-13,7862
Brown,動物園,2024-08-13,11215
Brown,大直,2024-08-13,15532
Brown,劍南路,2024-08-13,23464
Brown,西湖,2024-08-13,30698
Brown,港墘,2024-08-13,36323
Brown,文德,2024-08-13,10579
Brown,內湖,2024-08-13,19852
Brown,大湖公園,2024-08-13,6790
Brown,葫洲,2024-08-13,16209
Brown,東湖,2024-08-13,16579
Brown,南港軟體園區,2024-08-13,14908
Brown,南港展覽館,2024-08-13,21224
Brown,松山機場,2024-08-14,10846
Brown,中山國中,2024-08-14,27655
Brown,南京復興,2024-08-14,45520
Brown,忠孝復興,2024-08-14,33404
Brown,大安,2024-08-14,21902
Brown,科技大樓,2024-08-14,27682
Brown,六張犁,2024-08-14,22473
Brown,麟光,2024-08-14,8466
Brown,辛亥,2024-08-14,6847
Brown,萬芳醫院,2024-08-14,22310
Brown,萬芳社區,2024-08-14,5129
Brown,木柵,2024-08-14,7826
Brown,動物園,2024-08-14,10584
Brown,大直,2024-08-14,15703
Brown,劍南路,2024-08-14,22517
Brown,西湖,2024-08-14,31071
Brown,港墘,2024-08-14,36655
Brown,文德,2024-08-14,10514
Brown,內湖,2024-08-14,19911
Brown,大湖公園,2024-08-14,6475
Brown,葫洲,2024-08-14,16741
Brown,東湖,2024-08-14,16322
Brown,南港軟體園區,2024-08-14,14263
Brown,南港展覽館,2024-08-14,21339
Brown,松山機場,2024-08-15,10933
Brown,中山國中,2024-08-15,27626
Brown,南京復興,2024-08-15,46080
Brown,忠孝復興,2024-08-15,33069
Brown,大安,2024-08-15,21630
Brown,科技大樓,2024-08-15,26781
Brown,六張犁,2024-08-15,22220
Brown,麟光,2024-08-15,8753
Brown,辛亥,2024-08-15,6725
Brown,萬芳醫院,2024-08-15,22074
Brown,萬芳社區,2024-08-15,4889
Brown,木柵,2024-08-15,7577
Brown,動物園,2024-08-15,9759
Brown,大直,2024-08-15,15381
Brown,劍南路,2024-08-15,23052
Brown,西湖,2024-08-15,30397
Brown,港墘,2024-08-15,36122
Brown,文德,2024-08-15,10319
Brown,內湖,2024-08-15,19560
Brown,大湖公園,2024-08-15,6254
Brown,葫洲,2024-08-15,16462
Brown,東湖,2024-08-15,16355
Brown,南港軟體園區,2024-08-15,14622
Brown,南港展覽館,2024-08-15,21169
Brown,松山機場,2024-08-16,10608
Brown,中山國中,2024-08-16,27973
Brown,南京復興,2024-08-16,47435
Brown,忠孝復興,2024-08-16,37334
Brown,大安,2024-08-16,22049
Brown,科技大樓,2024-08-16,27437
Brown,六張犁,2024-08-16,22513
Brown,麟光,2024-08-16,8898
Brown,辛亥,2024-08-16,7108
Brown,萬芳醫院,2024-08-16,22471
Brown,萬芳社區,2024-08-16,5010
Brown,木柵,2024-08-16,7853
Brown,動物園,2024-08-16,10922
Brown,大直,2024-08-16,16049
Brown,劍南路,2024-08-16,24973
Brown,西湖,2024-08-16,30251
Brown,港墘,2024-08-16,35351
Brown,文德,2024-08-16,10656
Brown,內湖,2024-08-16,20560
Brown,大湖公園,2024-08-16,6830
Brown,葫洲,2024-08-16,16709
Brown,東湖,2024-08-16,17110
Brown,南港軟體園區,2024-08-16,14136
Brown,南港展覽館,2024-08-16,20648
Brown,松山機場,2024-08-17,8317
Brown,中山國中,2024-08-17,17890
Brown,南京復興,2024-08-17,26239
Brown,忠孝復興,2024-08-17,32997
Brown,大安,2024-08-17,13359
Brown,科技大樓,2024-08-17,18660
Brown,六張犁,2024-08-17,15296
Brown,麟光,2024-08-17,7785
Brown,辛亥,2024-08-17,5027
Brown,萬芳醫院,2024-08-17,14720
Brown,萬芳社區,2024-08-17,3687
Brown,木柵,2024-08-17,7197
Brown,動物園,2024-08-17,15508
Brown,大直,2024-08-17,12345
Brown,劍南路,2024-08-17,21457
Brown,西湖,2024-08-17,8882
Brown,港墘,2024-08-17,13159
Brown,文德,2024-08-17,7751
Brown,內湖,2024-08-17,15966
Brown,大湖公園,2024-08-17,6225
Brown,葫洲,2024-08-17,10751
Brown,東湖,2024-08-17,12392
Brown,南港軟體園區,2024-08-17,5197
Brown,南港展覽館,2024-08-17,10835
Brown,松山機場,2024-08-18,7950
Brown,中山國中,2024-08-18,13680
Brown,南京復興,2024-08-18,19899
Brown,忠孝復興,2024-08-18,24216
Brown,大安,2024-08-18,10141
Brown,科技大樓,2024-08-18,14339
Brown,六張犁,2024-08-18,12057
Brown,麟光,2024-08-18,6422
Brown,辛亥,2024-08-18,4242
Brown,萬芳醫院,2024-08-18,10918
Brown,萬芳社區,2024-08-18,3016
Brown,木柵,2024-08-18,5052
Brown,動物園,2024-08-18,11732
Brown,大直,2024-08-18,9916
Brown,劍南路,2024-08-18,16537
Brown,西湖,2024-08-18,7280
Brown,港墘,2024-08-18,11123
Brown,文德,2024-08-18,6238
Brown,內湖,2024-08-18,13203
Brown,大湖公園,2024-08-18,5576
Brown,葫洲,2024-08-18,8880
Brown,東湖,2024-08-18,9913
Brown,南港軟體園區,2024-08-18,4451
Brown,南港展覽館,2024-08-18,8274
Brown,松山機場,2024-08-19,10892
Brown,中山國中,2024-08-19,26263
Brown,南京復興,2024-08-19,43664
Brown,忠孝復興,2024-08-19,30688
Brown,大安,2024-08-19,20352
Brown,科技大樓,2024-08-19,26221
Brown,六張犁,2024-08-19,20953
Brown,麟光,2024-08-19,7832
Brown,辛亥,2024-08-19,6601
Brown,萬芳醫院,2024-08-19,23561
Brown,萬芳社區,2024-08-19,4929
Brown,木柵,2024-08-19,7603
Brown,動物園,2024-08-19,9835
Brown,大直,2024-08-19,14425
Brown,劍南路,2024-08-19,20962
Brown,西湖,2024-08-19,29758
Brown,港墘,2024-08-19,34323
Brown,文德,2024-08-19,9490
Brown,內湖,2024-08-19,18670
Brown,大湖公園,2024-08-19,6200
Brown,葫洲,2024-08-19,16041
Brown,東湖,2024-08-19,15281
Brown,南港軟體園區,2024-08-19,14036
Brown,南港展覽館,2024-08-19,20463
Brown,松山機場,2024-08-20,10700
Brown,中山國中,2024-08-20,28194
Brown,南京復興,2024-08-20,46371
Brown,忠孝復興,2024-08-20,32879
Brown,大安,2024-08-20,21494
Brown,科技大樓,2024-08-20,27856
Brown,六張犁,2024-08-20,21992
Brown,麟光,2024-08-20,8184
Brown,辛亥,2024-08-20,6748
Brown,萬芳醫院,2024-08-20,22031
Brown,萬芳社區,2024-08-20,5059
Brown,木柵,2024-08-20,7690
Brown,動物園,2024-08-20,11180
Brown,大直,2024-08-20,14972
Brown,劍南路,2024-08-20,22214
Brown,西湖,2024-08-20,31694
Brown,港墘,2024-08-20,36502
Brown,文德,2024-08-20,11092
Brown,內湖,2024-08-20,20185
Brown,大湖公園,2024-08-20,6375
Brown,葫洲,2024-08-20,17123
Brown,東湖,2024-08-20,17246
Brown,南港軟體園區,2024-08-20,15598
Brown,南港展覽館,2024-08-20,22205
Brown,松山機場,2024-08-21,10860
Brown,中山國中,2024-08-21,28300
Brown,南京復興,2024-08-21,46160
Brown,忠孝復興,2024-08-21,33393
Brown,大安,2024-08-21,21949
Brown,科技大樓,2024-08-21,28225
Brown,六張犁,2024-08-21,22573
Brown,麟光,2024-08-21,8308
Brown,辛亥,2024-08-21,6881
Brown,萬芳醫院,2024-08-21,22459
Brown,萬芳社區,2024-08-21,4991
Brown,木柵,2024-08-21,7908
Brown,動物園,2024-08-21,11372
Brown,大直,2024-08-21,15340
Brown,劍南路,2024-08-21,23223
Brown,西湖,2024-08-21,31650
Brown,港墘,2024-08-21,36271
Brown,文德,2024-08-21,11101
Brown,內湖,2024-08-21,20425
Brown,大湖公園,2024-08-21,6513
Brown,葫洲,2024-08-21,16994
Brown,東湖,2024-08-21,17226
Brown,南港軟體園區,2024-08-21,15253
Brown,南港展覽館,2024-08-21,26985
Brown,松山機場,2024-08-22,10915
Brown,中山國中,2024-08-22,28041
Brown,南京復興,2024-08-22,46666
Brown,忠孝復興,2024-08-22,34370
Brown,大安,2024-08-22,23157
Brown,科技大樓,2024-08-22,28029
Brown,六張犁,2024-08-22,22370
Brown,麟光,2024-08-22,8253
Brown,辛亥,2024-08-22,6871
Brown,萬芳醫院,2024-08-22,21892
Brown,萬芳社區,2024-08-22,5049
Brown,木柵,2024-08-22,8058
Brown,動物園,2024-08-22,11801
Brown,大直,2024-08-22,15973
Brown,劍南路,2024-08-22,23641
Brown,西湖,2024-08-22,31102
Brown,港墘,2024-08-22,36371
Brown,文德,2024-08-22,10194
Brown,內湖,2024-08-22,20404
Brown,大湖公園,2024-08-22,6877
Brown,葫洲,2024-08-22,16972
Brown,東湖,2024-08-22,16690
Brown,南港軟體園區,2024-08-22,14981
Brown,南港展覽館,2024-08-22,27754
Brown,松山機場,2024-08-23,11397
Brown,中山國中,2024-08-23,27771
Brown,南京復興,2024-08-23,46680
Brown,忠孝復興,2024-08-23,38193
Brown,大安,2024-08-23,23070
Brown,科技大樓,2024-08-23,27474
Brown,六張犁,2024-08-23,22584
Brown,麟光,2024-08-23,8824
Brown,辛亥,2024-08-23,6946
Brown,萬芳醫院,2024-08-23,22110
Brown,萬芳社區,2024-08-23,4975
Brown,木柵,2024-08-23,7816
Brown,動物園,2024-08-23,11206
Brown,大直,2024-08-23,15873
Brown,劍南路,2024-08-23,25024
Brown,西湖,2024-08-23,30327
Brown,港墘,2024-08-23,35128
Brown,文德,2024-08-23,10088
Brown,內湖,2024-08-23,20368
Brown,大湖公園,2024-08-23,6759
Brown,葫洲,2024-08-23,16932
Brown,東湖,2024-08-23,16883
Brown,南港軟體園區,2024-08-23,14706
Brown,南港展覽館,2024-08-23,27962
Brown,松山機場,2024-08-24,8745
Brown,中山國中,2024-08-24,17438
Brown,南京復興,2024-08-24,27194
Brown,忠孝復興,2024-08-24,34933
Brown,大安,2024-08-24,14104
Brown,科技大樓,2024-08-24,18520
Brown,六張犁,2024-08-24,16173
Brown,麟光,2024-08-24,7549
Brown,辛亥,2024-08-24,5352
Brown,萬芳醫院,2024-08-24,14813
Brown,萬芳社區,2024-08-24,3959
Brown,木柵,2024-08-24,6806
Brown,動物園,2024-08-24,17486
Brown,大直,2024-08-24,11825
Brown,劍南路,2024-08-24,22791
Brown,西湖,2024-08-24,10187
Brown,港墘,2024-08-24,13584
Brown,文德,2024-08-24,7865
Brown,內湖,2024-08-24,17121
Brown,大湖公園,2024-08-24,7289
Brown,葫洲,2024-08-24,11695
Brown,東湖,2024-08-24,13088
Brown,南港軟體園區,2024-08-24,6041
Brown,南港展覽館,2024-08-24,16843
Brown,松山機場,2024-08-25,8574
Brown,中山國中,2024-08-25,14395
Brown,南京復興,2024-08-25,20642
Brown,忠孝復興,2024-08-25,26666
Brown,大安,2024-08-25,10681
Brown,科技大樓,2024-08-25,14906
Brown,六張犁,2024-08-25,13220
Brown,麟光,2024-08-25,6488
Brown,辛亥,2024-08-25,4510
Brown,萬芳醫院,2024-08-25,11661
Brown,萬芳社區,2024-08-25,3461
Brown,木柵,2024-08-25,5724
Brown,動物園,2024-08-25,14518
Brown,大直,2024-08-25,10123
Brown,劍南路,2024-08-25,18946
Brown,西湖,2024-08-25,8565
Brown,港墘,2024-08-25,11040
Brown,文德,2024-08-25,6832
Brown,內湖,2024-08-25,14262
Brown,大湖公園,2024-08-25,6692
Brown,葫洲,2024-08-25,9446
Brown,東湖,2024-08-25,10982
Brown,南港軟體園區,2024-08-25,5314
Brown,南港展覽館,2024-08-25,9658
Brown,松山機場,2024-08-26,10587
Brown,中山國中,2024-08-26,25807
Brown,南京復興,2024-08-26,43191
Brown,忠孝復興,2024-08-26,30345
Brown,大安,2024-08-26,20112
Brown,科技大樓,2024-08-26,25309
Brown,六張犁,2024-08-26,20667
Brown,麟光,2024-08-26,7774
Brown,辛亥,2024-08-26,6716
Brown,萬芳醫院,2024-08-26,21505
Brown,萬芳社區,2024-08-26,4822
Brown,木柵,2024-08-26,7352
Brown,動物園,2024-08-26,10138
Brown,大直,2024-08-26,14402
Brown,劍南路,2024-08-26,21256
Brown,西湖,2024-08-26,29267
Brown,港墘,2024-08-26,33804
Brown,文德,2024-08-26,10220
Brown,內湖,2024-08-26,18748
Brown,大湖公園,2024-08-26,6494
Brown,葫洲,2024-08-26,15489
Brown,東湖,2024-08-26,15343
Brown,南港軟體園區,2024-08-26,13917
Brown,南港展覽館,2024-08-26,19670
Brown,松山機場,2024-08-27,10604
Brown,中山國中,2024-08-27,27209
Brown,南京復興,2024-08-27,44994
Brown,忠孝復興,2024-08-27,32194
Brown,大安,2024-08-27,21140
Brown,科技大樓,2024-08-27,26916
Brown,六張犁,2024-08-27,21685
Brown,麟光,2024-08-27,8238
Brown,辛亥,2024-08-27,6760
Brown,萬芳醫院,2024-08-27,21892
Brown,萬芳社區,2024-08-27,4881
Brown,木柵,2024-08-27,8417
Brown,動物園,2024-08-27,12639
Brown,大直,2024-08-27,15685
Brown,劍南路,2024-08-27,22905
Brown,西湖,2024-08-27,30919
Brown,港墘,2024-08-27,36227
Brown,文德,2024-08-27,9663
Brown,內湖,2024-08-27,19584
Brown,大湖公園,2024-08-27,6763
Brown,葫洲,2024-08-27,16244
Brown,東湖,2024-08-27,15977
Brown,南港軟體園區,2024-08-27,14313
Brown,南港展覽館,2024-08-27,21064
Brown,松山機場,2024-08-28,10520
Brown,中山國中,2024-08-28,27333
Brown,南京復興,2024-08-28,44890
Brown,忠孝復興,2024-08-28,33224
Brown,大安,2024-08-28,21043
Brown,科技大樓,2024-08-28,27146
Brown,六張犁,2024-08-28,22452
Brown,麟光,2024-08-28,8353
Brown,辛亥,2024-08-28,6778
Brown,萬芳醫院,2024-08-28,22017
Brown,萬芳社區,2024-08-28,5126
Brown,木柵,2024-08-28,8145
Brown,動物園,2024-08-28,11479
Brown,大直,2024-08-28,15653
Brown,劍南路,2024-08-28,22653
Brown,西湖,2024-08-28,30898
Brown,港墘,2024-08-28,35691
Brown,文德,2024-08-28,9781
Brown,內湖,2024-08-28,19419
Brown,大湖公園,2024-08-28,6788
Brown,葫洲,2024-08-28,16058
Brown,東湖,2024-08-28,15697
Brown,南港軟體園區,2024-08-28,14242
Brown,南港展覽館,2024-08-28,20797
Brown,松山機場,2024-08-29,9892
Brown,中山國中,2024-08-29,27110
Brown,南京復興,2024-08-29,44617
Brown,忠孝復興,2024-08-29,32668
Brown,大安,2024-08-29,21080
Brown,科技大樓,2024-08-29,26726
Brown,六張犁,2024-08-29,21582
Brown,麟光,2024-08-29,8203
Brown,辛亥,2024-08-29,6518
Brown,萬芳醫院,2024-08-29,22459
Brown,萬芳社區,2024-08-29,4845
Brown,木柵,2024-08-29,7491
Brown,動物園,2024-08-29,9646
Brown,大直,2024-08-29,14927
Brown,劍南路,2024-08-29,23577
Brown,西湖,2024-08-29,30362
Brown,港墘,2024-08-29,34983
Brown,文德,2024-08-29,9619
Brown,內湖,2024-08-29,18949
Brown,大湖公園,2024-08-29,6395
Brown,葫洲,2024-08-29,15926
Brown,東湖,2024-08-29,15721
Brown,南港軟體園區,2024-08-29,14156
Brown,南港展覽館,2024-08-29,20590
Brown,松山機場,2024-08-30,10899
Brown,中山國中,2024-08-30,28098
Brown,南京復興,2024-08-30,46135
Brown,忠孝復興,2024-08-30,36452
Brown,大安,2024-08-30,24804
Brown,科技大樓,2024-08-30,27463
Brown,六張犁,2024-08-30,23292
Brown,麟光,2024-08-30,8350
Brown,辛亥,2024-08-30,6718
Brown,萬芳醫院,2024-08-30,24628
Brown,萬芳社區,2024-08-30,5128
Brown,木柵,2024-08-30,9311
Brown,動物園,2024-08-30,9960
Brown,大直,2024-08-30,16769
Brown,劍南路,2024-08-30,24355
Brown,西湖,2024-08-30,30475
Brown,港墘,2024-08-30,38452
Brown,文德,2024-08-30,12759
Brown,內湖,2024-08-30,20569
Brown,大湖公園,2024-08-30,6591
Brown,葫洲,2024-08-30,17024
Brown,東湖,2024-08-30,18546
Brown,南港軟體園區,2024-08-30,14304
Brown,南港展覽館,2024-08-30,21410
Brown,松山機場,2024-08-31,7773
Brown,中山國中,2024-08-31,17199
Brown,南京復興,2024-08-31,25714
Brown,忠孝復興,2024-08-31,33921
Brown,大安,2024-08-31,14174
Brown,科技大樓,2024-08-31,20176
Brown,六張犁,2024-08-31,15304
Brown,麟光,2024-08-31,7664
Brown,辛亥,2024-08-31,5296
Brown,萬芳醫院,2024-08-31,14978
Brown,萬芳社區,2024-08-31,3722
Brown,木柵,2024-08-31,6576
Brown,動物園,2024-08-31,15207
Brown,大直,2024-08-31,11524
Brown,劍南路,2024-08-31,20088
Brown,西湖,2024-08-31,9588
Brown,港墘,2024-08-31,13487
Brown,文德,2024-08-31,7857
Brown,內湖,2024-08-31,16645
Brown,大湖公園,2024-08-31,6595
Brown,葫洲,2024-08-31,11306
Brown,東湖,2024-08-31,12385
Brown,南港軟體園區,2024-08-31,5547
Brown,南港展覽館,2024-08-31,11081
Brown,松山機場,2024-09-01,7863
Brown,中山國中,2024-09-01,13176
Brown,南京復興,2024-09-01,19199
Brown,忠孝復興,2024-09-01,25777
Brown,大安,2024-09-01,9620
Brown,科技大樓,2024-09-01,18004
Brown,六張犁,2024-09-01,12264
Brown,麟光,2024-09-01,6417
Brown,辛亥,2024-09-01,4325
Brown,萬芳醫院,2024-09-01,12560
Brown,萬芳社區,2024-09-01,3061
Brown,木柵,2024-09-01,5850
Brown,動物園,2024-09-01,11130
Brown,大直,2024-09-01,9463
Brown,劍南路,2024-09-01,16026
Brown,西湖,2024-09-01,7589
Brown,港墘,2024-09-01,10741
Brown,文德,2024-09-01,6284
Brown,內湖,2024-09-01,13327
Brown,大湖公園,2024-09-01,5153
Brown,葫洲,2024-09-01,9035
Brown,東湖,2024-09-01,10236
Brown,南港軟體園區,2024-09-01,5060
Brown,南港展覽館,2024-09-01,8930
Brown,松山機場,2024-09-02,10484
Brown,中山國中,2024-09-02,26191
Brown,南京復興,2024-09-02,43446
Brown,忠孝復興,2024-09-02,29747
Brown,大安,2024-09-02,23295
Brown,科技大樓,2024-09-02,27266
Brown,六張犁,2024-09-02,21607
Brown,麟光,2024-09-02,7924
Brown,辛亥,2024-09-02,6569
Brown,萬芳醫院,2024-09-02,22776
Brown,萬芳社區,2024-09-02,4899
Brown,木柵,2024-09-02,9017
Brown,動物園,2024-09-02,8391
Brown,大直,2024-09-02,15942
Brown,劍南路,2024-09-02,20631
Brown,西湖,2024-09-02,30192
Brown,港墘,2024-09-02,37669
Brown,文德,2024-09-02,11896
Brown,內湖,2024-09-02,19002
Brown,大湖公園,2024-09-02,6371
Brown,葫洲,2024-09-02,16266
Brown,東湖,2024-09-02,17582
Brown,南港軟體園區,2024-09-02,14049
Brown,南港展覽館,2024-09-02,21647
Brown,松山機場,2024-09-03,10191
Brown,中山國中,2024-09-03,27283
Brown,南京復興,2024-09-03,44867
Brown,忠孝復興,2024-09-03,31719
Brown,大安,2024-09-03,24581
Brown,科技大樓,2024-09-03,28644
Brown,六張犁,2024-09-03,22797
Brown,麟光,2024-09-03,8070
Brown,辛亥,2024-09-03,6888
Brown,萬芳醫院,2024-09-03,23126
Brown,萬芳社區,2024-09-03,4984
Brown,木柵,2024-09-03,8974
Brown,動物園,2024-09-03,9644
Brown,大直,2024-09-03,18119
Brown,劍南路,2024-09-03,22089
Brown,西湖,2024-09-03,32070
Brown,港墘,2024-09-03,39031
Brown,文德,2024-09-03,12403
Brown,內湖,2024-09-03,19552
Brown,大湖公園,2024-09-03,7495
Brown,葫洲,2024-09-03,17006
Brown,東湖,2024-09-03,18183
Brown,南港軟體園區,2024-09-03,14330
Brown,南港展覽館,2024-09-03,23756
Brown,松山機場,2024-09-04,10495
Brown,中山國中,2024-09-04,27561
Brown,南京復興,2024-09-04,45965
Brown,忠孝復興,2024-09-04,32726
Brown,大安,2024-09-04,24856
Brown,科技大樓,2024-09-04,29791
Brown,六張犁,2024-09-04,22469
Brown,麟光,2024-09-04,8344
Brown,辛亥,2024-09-04,6709
Brown,萬芳醫院,2024-09-04,23547
Brown,萬芳社區,2024-09-04,4960
Brown,木柵,2024-09-04,9041
Brown,動物園,2024-09-04,9455
Brown,大直,2024-09-04,16778
Brown,劍南路,2024-09-04,22194
Brown,西湖,2024-09-04,32313
Brown,港墘,2024-09-04,39932
Brown,文德,2024-09-04,12394
Brown,內湖,2024-09-04,20258
Brown,大湖公園,2024-09-04,6843
Brown,葫洲,2024-09-04,17244
Brown,東湖,2024-09-04,18649
Brown,南港軟體園區,2024-09-04,14909
Brown,南港展覽館,2024-09-04,29931
Brown,松山機場,2024-09-05,10569
Brown,中山國中,2024-09-05,28152
Brown,南京復興,2024-09-05,46461
Brown,忠孝復興,2024-09-05,34350
Brown,大安,2024-09-05,24795
Brown,科技大樓,2024-09-05,29758
Brown,六張犁,2024-09-05,23137
Brown,麟光,2024-09-05,8344
Brown,辛亥,2024-09-05,6912
Brown,萬芳醫院,2024-09-05,23411
Brown,萬芳社區,2024-09-05,5071
Brown,木柵,2024-09-05,9336
Brown,動物園,2024-09-05,9775
Brown,大直,2024-09-05,17204
Brown,劍南路,2024-09-05,22908
Brown,西湖,2024-09-05,31332
Brown,港墘,2024-09-05,39399
Brown,文德,2024-09-05,12536
Brown,內湖,2024-09-05,20600
Brown,大湖公園,2024-09-05,6734
Brown,葫洲,2024-09-05,17795
Brown,東湖,2024-09-05,18707
Brown,南港軟體園區,2024-09-05,14846
Brown,南港展覽館,2024-09-05,30829
Brown,松山機場,2024-09-06,11148
Brown,中山國中,2024-09-06,28565
Brown,南京復興,2024-09-06,47243
Brown,忠孝復興,2024-09-06,38095
Brown,大安,2024-09-06,25275
Brown,科技大樓,2024-09-06,29905
Brown,六張犁,2024-09-06,23632
Brown,麟光,2024-09-06,8790
Brown,辛亥,2024-09-06,6981
Brown,萬芳醫院,2024-09-06,26581
Brown,萬芳社區,2024-09-06,5212
Brown,木柵,2024-09-06,9742
Brown,動物園,2024-09-06,9928
Brown,大直,2024-09-06,18104
Brown,劍南路,2024-09-06,24376
Brown,西湖,2024-09-06,31441
Brown,港墘,2024-09-06,39385
Brown,文德,2024-09-06,13356
Brown,內湖,2024-09-06,21618
Brown,大湖公園,2024-09-06,6821
Brown,葫洲,2024-09-06,18664
Brown,東湖,2024-09-06,19431
Brown,南港軟體園區,2024-09-06,15104
Brown,南港展覽館,2024-09-06,29027
Brown,松山機場,2024-09-07,8001
Brown,中山國中,2024-09-07,17063
Brown,南京復興,2024-09-07,25748
Brown,忠孝復興,2024-09-07,33753
Brown,大安,2024-09-07,13885
Brown,科技大樓,2024-09-07,21310
Brown,六張犁,2024-09-07,15151
Brown,麟光,2024-09-07,7201
Brown,辛亥,2024-09-07,5113
Brown,萬芳醫院,2024-09-07,15302
Brown,萬芳社區,2024-09-07,3885
Brown,木柵,2024-09-07,6536
Brown,動物園,2024-09-07,11106
Brown,大直,2024-09-07,11698
Brown,劍南路,2024-09-07,19995
Brown,西湖,2024-09-07,9723
Brown,港墘,2024-09-07,13472
Brown,文德,2024-09-07,7848
Brown,內湖,2024-09-07,16666
Brown,大湖公園,2024-09-07,5753
Brown,葫洲,2024-09-07,11232
Brown,東湖,2024-09-07,12085
Brown,南港軟體園區,2024-09-07,5470
Brown,南港展覽館,2024-09-07,11396
Brown,松山機場,2024-09-08,7945
Brown,中山國中,2024-09-08,13622
Brown,南京復興,2024-09-08,20035
Brown,忠孝復興,2024-09-08,25771
Brown,大安,2024-09-08,10711
Brown,科技大樓,2024-09-08,16012
Brown,六張犁,2024-09-08,12750
Brown,麟光,2024-09-08,6664
Brown,辛亥,2024-09-08,4529
Brown,萬芳醫院,2024-09-08,13460
Brown,萬芳社區,2024-09-08,3330
Brown,木柵,2024-09-08,5566
Brown,動物園,2024-09-08,10698
Brown,大直,2024-09-08,10508
Brown,劍南路,2024-09-08,18517
Brown,西湖,2024-09-08,7690
Brown,港墘,2024-09-08,11065
Brown,文德,2024-09-08,6623
Brown,內湖,2024-09-08,13971
Brown,大湖公園,2024-09-08,5648
Brown,葫洲,2024-09-08,9490
Brown,東湖,2024-09-08,10196
Brown,南港軟體園區,2024-09-08,5180
Brown,南港展覽館,2024-09-08,8962
Brown,松山機場,2024-09-09,10804
Brown,中山國中,2024-09-09,27343
Brown,南京復興,2024-09-09,43826
Brown,忠孝復興,2024-09-09,29707
Brown,大安,2024-09-09,23668
Brown,科技大樓,2024-09-09,30051
Brown,六張犁,2024-09-09,22246
Brown,麟光,2024-09-09,8117
Brown,辛亥,2024-09-09,6877
Brown,萬芳醫院,2024-09-09,24146
Brown,萬芳社區,2024-09-09,5047
Brown,木柵,2024-09-09,9270
Brown,動物園,2024-09-09,9016
Brown,大直,2024-09-09,20476
Brown,劍南路,2024-09-09,21051
Brown,西湖,2024-09-09,31729
Brown,港墘,2024-09-09,38005
Brown,文德,2024-09-09,12310
Brown,內湖,2024-09-09,19699
Brown,大湖公園,2024-09-09,6651
Brown,葫洲,2024-09-09,18560
Brown,東湖,2024-09-09,18060
Brown,南港軟體園區,2024-09-09,14034
Brown,南港展覽館,2024-09-09,23406
Brown,松山機場,2024-09-10,10067
Brown,中山國中,2024-09-10,28684
Brown,南京復興,2024-09-10,45982
Brown,忠孝復興,2024-09-10,32022
Brown,大安,2024-09-10,24880
Brown,科技大樓,2024-09-10,31350
Brown,六張犁,2024-09-10,23397
Brown,麟光,2024-09-10,8354
Brown,辛亥,2024-09-10,7181
Brown,萬芳醫院,2024-09-10,25322
Brown,萬芳社區,2024-09-10,5021
Brown,木柵,2024-09-10,9674
Brown,動物園,2024-09-10,10907
Brown,大直,2024-09-10,21364
Brown,劍南路,2024-09-10,22110
Brown,西湖,2024-09-10,33238
Brown,港墘,2024-09-10,39754
Brown,文德,2024-09-10,12524
Brown,內湖,2024-09-10,20453
Brown,大湖公園,2024-09-10,6799
Brown,葫洲,2024-09-10,18902
Brown,東湖,2024-09-10,18411
Brown,南港軟體園區,2024-09-10,14367
Brown,南港展覽館,2024-09-10,22682
Brown,松山機場,2024-09-11,10434
Brown,中山國中,2024-09-11,28578
Brown,南京復興,2024-09-11,46247
Brown,忠孝復興,2024-09-11,32539
Brown,大安,2024-09-11,24825
Brown,科技大樓,2024-09-11,31821
Brown,六張犁,2024-09-11,23181
Brown,麟光,2024-09-11,8385
Brown,辛亥,2024-09-11,7134
Brown,萬芳醫院,2024-09-11,26109
Brown,萬芳社區,2024-09-11,5076
Brown,木柵,2024-09-11,9653
Brown,動物園,2024-09-11,10615
Brown,大直,2024-09-11,21152
Brown,劍南路,2024-09-11,22260
Brown,西湖,2024-09-11,33435
Brown,港墘,2024-09-11,39893
Brown,文德,2024-09-11,12506
Brown,內湖,2024-09-11,20721
Brown,大湖公園,2024-09-11,6727
Brown,葫洲,2024-09-11,19132
Brown,東湖,2024-09-11,18524
Brown,南港軟體園區,2024-09-11,14645
Brown,南港展覽館,2024-09-11,24304
Brown,松山機場,2024-09-12,10952
Brown,中山國中,2024-09-12,28961
Brown,南京復興,2024-09-12,46748
Brown,忠孝復興,2024-09-12,33317
Brown,大安,2024-09-12,24991
Brown,科技大樓,2024-09-12,32021
Brown,六張犁,2024-09-12,23387
Brown,麟光,2024-09-12,8267
Brown,辛亥,2024-09-12,6903
Brown,萬芳醫院,2024-09-12,26394
Brown,萬芳社區,2024-09-12,5214
Brown,木柵,2024-09-12,9592
Brown,動物園,2024-09-12,11076
Brown,大直,2024-09-12,20987
Brown,劍南路,2024-09-12,22782
Brown,西湖,2024-09-12,33238
Brown,港墘,2024-09-12,38818
Brown,文德,2024-09-12,12750
Brown,內湖,2024-09-12,20421
Brown,大湖公園,2024-09-12,6768
Brown,葫洲,2024-09-12,18766
Brown,東湖,2024-09-12,18601
Brown,南港軟體園區,2024-09-12,14811
Brown,南港展覽館,2024-09-12,26613
Brown,松山機場,2024-09-13,12819
Brown,中山國中,2024-09-13,29998
Brown,南京復興,2024-09-13,47899
Brown,忠孝復興,2024-09-13,37691
Brown,大安,2024-09-13,25553
Brown,科技大樓,2024-09-13,32780
Brown,六張犁,2024-09-13,24471
Brown,麟光,2024-09-13,9237
Brown,辛亥,2024-09-13,7144
Brown,萬芳醫院,2024-09-13,28317
Brown,萬芳社區,2024-09-13,5447
Brown,木柵,2024-09-13,9915
Brown,動物園,2024-09-13,11544
Brown,大直,2024-09-13,21950
Brown,劍南路,2024-09-13,25158
Brown,西湖,2024-09-13,33177
Brown,港墘,2024-09-13,39555
Brown,文德,2024-09-13,14588
Brown,內湖,2024-09-13,21621
Brown,大湖公園,2024-09-13,7044
Brown,葫洲,2024-09-13,19938
Brown,東湖,2024-09-13,19393
Brown,南港軟體園區,2024-09-13,14618
Brown,南港展覽館,2024-09-13,26330
Brown,松山機場,2024-09-14,8489
Brown,中山國中,2024-09-14,17922
Brown,南京復興,2024-09-14,25598
Brown,忠孝復興,2024-09-14,32794
Brown,大安,2024-09-14,13707
Brown,科技大樓,2024-09-14,19725
Brown,六張犁,2024-09-14,15918
Brown,麟光,2024-09-14,7790
Brown,辛亥,2024-09-14,4897
Brown,萬芳醫院,2024-09-14,16199
Brown,萬芳社區,2024-09-14,3656
Brown,木柵,2024-09-14,6515
Brown,動物園,2024-09-14,10419
Brown,大直,2024-09-14,12432
Brown,劍南路,2024-09-14,19031
Brown,西湖,2024-09-14,9470
Brown,港墘,2024-09-14,14005
Brown,文德,2024-09-14,8166
Brown,內湖,2024-09-14,16693
Brown,大湖公園,2024-09-14,5952
Brown,葫洲,2024-09-14,11679
Brown,東湖,2024-09-14,12444
Brown,南港軟體園區,2024-09-14,5284
Brown,南港展覽館,2024-09-14,12944
Brown,松山機場,2024-09-15,7965
Brown,中山國中,2024-09-15,14437
Brown,南京復興,2024-09-15,19358
Brown,忠孝復興,2024-09-15,25878
Brown,大安,2024-09-15,9896
Brown,科技大樓,2024-09-15,16359
Brown,六張犁,2024-09-15,12323
Brown,麟光,2024-09-15,6418
Brown,辛亥,2024-09-15,4499
Brown,萬芳醫院,2024-09-15,13425
Brown,萬芳社區,2024-09-15,3095
Brown,木柵,2024-09-15,5613
Brown,動物園,2024-09-15,12409
Brown,大直,2024-09-15,10373
Brown,劍南路,2024-09-15,16863
Brown,西湖,2024-09-15,7376
Brown,港墘,2024-09-15,12109
Brown,文德,2024-09-15,6740
Brown,內湖,2024-09-15,13852
Brown,大湖公園,2024-09-15,5733
Brown,葫洲,2024-09-15,9744
Brown,東湖,2024-09-15,10287
Brown,南港軟體園區,2024-09-15,4653
Brown,南港展覽館,2024-09-15,8908
Brown,松山機場,2024-09-16,9422
Brown,中山國中,2024-09-16,25808
Brown,南京復興,2024-09-16,41442
Brown,忠孝復興,2024-09-16,33544
Brown,大安,2024-09-16,22829
Brown,科技大樓,2024-09-16,29571
Brown,六張犁,2024-09-16,21383
Brown,麟光,2024-09-16,8163
Brown,辛亥,2024-09-16,6554
Brown,萬芳醫院,2024-09-16,27497
Brown,萬芳社區,2024-09-16,4756
Brown,木柵,2024-09-16,9632
Brown,動物園,2024-09-16,11474
Brown,大直,2024-09-16,19587
Brown,劍南路,2024-09-16,21501
Brown,西湖,2024-09-16,27643
Brown,港墘,2024-09-16,33319
Brown,文德,2024-09-16,12443
Brown,內湖,2024-09-16,19723
Brown,大湖公園,2024-09-16,6621
Brown,葫洲,2024-09-16,17891
Brown,東湖,2024-09-16,17649
Brown,南港軟體園區,2024-09-16,12589
Brown,南港展覽館,2024-09-16,19621
Brown,松山機場,2024-09-17,7555
Brown,中山國中,2024-09-17,12833
Brown,南京復興,2024-09-17,17427
Brown,忠孝復興,2024-09-17,25225
Brown,大安,2024-09-17,8397
Brown,科技大樓,2024-09-17,14314
Brown,六張犁,2024-09-17,11257
Brown,麟光,2024-09-17,6366
Brown,辛亥,2024-09-17,3733
Brown,萬芳醫院,2024-09-17,13929
Brown,萬芳社區,2024-09-17,3022
Brown,木柵,2024-09-17,5466
Brown,動物園,2024-09-17,13921
Brown,大直,2024-09-17,9822
Brown,劍南路,2024-09-17,15484
Brown,西湖,2024-09-17,7813
Brown,港墘,2024-09-17,9846
Brown,文德,2024-09-17,6239
Brown,內湖,2024-09-17,13360
Brown,大湖公園,2024-09-17,5708
Brown,葫洲,2024-09-17,8988
Brown,東湖,2024-09-17,9303
Brown,南港軟體園區,2024-09-17,4815
Brown,南港展覽館,2024-09-17,7936
Brown,松山機場,2024-09-18,11363
Brown,中山國中,2024-09-18,28797
Brown,南京復興,2024-09-18,45528
Brown,忠孝復興,2024-09-18,31547
Brown,大安,2024-09-18,24988
Brown,科技大樓,2024-09-18,32057
Brown,六張犁,2024-09-18,23410
Brown,麟光,2024-09-18,8497
Brown,辛亥,2024-09-18,7017
Brown,萬芳醫院,2024-09-18,26131
Brown,萬芳社區,2024-09-18,5251
Brown,木柵,2024-09-18,9620
Brown,動物園,2024-09-18,10878
Brown,大直,2024-09-18,20618
Brown,劍南路,2024-09-18,22107
Brown,西湖,2024-09-18,33083
Brown,港墘,2024-09-18,39374
Brown,文德,2024-09-18,12520
Brown,內湖,2024-09-18,20614
Brown,大湖公園,2024-09-18,6681
Brown,葫洲,2024-09-18,18572
Brown,東湖,2024-09-18,18368
Brown,南港軟體園區,2024-09-18,14608
Brown,南港展覽館,2024-09-18,22173
Brown,松山機場,2024-09-19,10409
Brown,中山國中,2024-09-19,28588
Brown,南京復興,2024-09-19,45335
Brown,忠孝復興,2024-09-19,32006
Brown,大安,2024-09-19,24956
Brown,科技大樓,2024-09-19,31957
Brown,六張犁,2024-09-19,23126
Brown,麟光,2024-09-19,8531
Brown,辛亥,2024-09-19,6985
Brown,萬芳醫院,2024-09-19,25884
Brown,萬芳社區,2024-09-19,5124
Brown,木柵,2024-09-19,9427
Brown,動物園,2024-09-19,11085
Brown,大直,2024-09-19,20617
Brown,劍南路,2024-09-19,23022
Brown,西湖,2024-09-19,33351
Brown,港墘,2024-09-19,38739
Brown,文德,2024-09-19,12851
Brown,內湖,2024-09-19,20334
Brown,大湖公園,2024-09-19,6466
Brown,葫洲,2024-09-19,18411
Brown,東湖,2024-09-19,18262
Brown,南港軟體園區,2024-09-19,14700
Brown,南港展覽館,2024-09-19,22433
Brown,松山機場,2024-09-20,11445
Brown,中山國中,2024-09-20,29706
Brown,南京復興,2024-09-20,47197
Brown,忠孝復興,2024-09-20,36802
Brown,大安,2024-09-20,25739
Brown,科技大樓,2024-09-20,32073
Brown,六張犁,2024-09-20,23984
Brown,麟光,2024-09-20,8648
Brown,辛亥,2024-09-20,7437
Brown,萬芳醫院,2024-09-20,28367
Brown,萬芳社區,2024-09-20,5318
Brown,木柵,2024-09-20,9708
Brown,動物園,2024-09-20,11913
Brown,大直,2024-09-20,21142
Brown,劍南路,2024-09-20,24832
Brown,西湖,2024-09-20,32962
Brown,港墘,2024-09-20,39896
Brown,文德,2024-09-20,13479
Brown,內湖,2024-09-20,21785
Brown,大湖公園,2024-09-20,7005
Brown,葫洲,2024-09-20,20104
Brown,東湖,2024-09-20,19430
Brown,南港軟體園區,2024-09-20,14680
Brown,南港展覽館,2024-09-20,22698
Brown,松山機場,2024-09-21,7803
Brown,中山國中,2024-09-21,18682
Brown,南京復興,2024-09-21,26909
Brown,忠孝復興,2024-09-21,33894
Brown,大安,2024-09-21,17431
Brown,科技大樓,2024-09-21,21531
Brown,六張犁,2024-09-21,15431
Brown,麟光,2024-09-21,7616
Brown,辛亥,2024-09-21,5119
Brown,萬芳醫院,2024-09-21,16963
Brown,萬芳社區,2024-09-21,3436
Brown,木柵,2024-09-21,6883
Brown,動物園,2024-09-21,9097
Brown,大直,2024-09-21,13451
Brown,劍南路,2024-09-21,18598
Brown,西湖,2024-09-21,9739
Brown,港墘,2024-09-21,13894
Brown,文德,2024-09-21,7818
Brown,內湖,2024-09-21,16662
Brown,大湖公園,2024-09-21,5045
Brown,葫洲,2024-09-21,11463
Brown,東湖,2024-09-21,13094
Brown,南港軟體園區,2024-09-21,6363
Brown,南港展覽館,2024-09-21,10937
Brown,松山機場,2024-09-22,7956
Brown,中山國中,2024-09-22,13210
Brown,南京復興,2024-09-22,19316
Brown,忠孝復興,2024-09-22,24813
Brown,大安,2024-09-22,9935
Brown,科技大樓,2024-09-22,16678
Brown,六張犁,2024-09-22,11782
Brown,麟光,2024-09-22,6152
Brown,辛亥,2024-09-22,4004
Brown,萬芳醫院,2024-09-22,12445
Brown,萬芳社區,2024-09-22,2786
Brown,木柵,2024-09-22,4717
Brown,動物園,2024-09-22,6445
Brown,大直,2024-09-22,9729
Brown,劍南路,2024-09-22,14599
Brown,西湖,2024-09-22,7162
Brown,港墘,2024-09-22,10083
Brown,文德,2024-09-22,6138
Brown,內湖,2024-09-22,12810
Brown,大湖公園,2024-09-22,4050
Brown,葫洲,2024-09-22,8700
Brown,東湖,2024-09-22,9045
Brown,南港軟體園區,2024-09-22,5388
Brown,南港展覽館,2024-09-22,8367
Brown,松山機場,2024-09-23,11126
Brown,中山國中,2024-09-23,27835
Brown,南京復興,2024-09-23,44727
Brown,忠孝復興,2024-09-23,31445
Brown,大安,2024-09-23,24731
Brown,科技大樓,2024-09-23,31256
Brown,六張犁,2024-09-23,22924
Brown,麟光,2024-09-23,8293
Brown,辛亥,2024-09-23,6965
Brown,萬芳醫院,2024-09-23,25838
Brown,萬芳社區,2024-09-23,4977
Brown,木柵,2024-09-23,9368
Brown,動物園,2024-09-23,9472
Brown,大直,2024-09-23,20318
Brown,劍南路,2024-09-23,21245
Brown,西湖,2024-09-23,32686
Brown,港墘,2024-09-23,38502
Brown,文德,2024-09-23,12390
Brown,內湖,2024-09-23,20053
Brown,大湖公園,2024-09-23,6457
Brown,葫洲,2024-09-23,18818
Brown,東湖,2024-09-23,18266
Brown,南港軟體園區,2024-09-23,15092
Brown,南港展覽館,2024-09-23,22716
Brown,松山機場,2024-09-24,10720
Brown,中山國中,2024-09-24,28844
Brown,南京復興,2024-09-24,46404
Brown,忠孝復興,2024-09-24,32387
Brown,大安,2024-09-24,25056
Brown,科技大樓,2024-09-24,31761
Brown,六張犁,2024-09-24,23619
Brown,麟光,2024-09-24,8517
Brown,辛亥,2024-09-24,7132
Brown,萬芳醫院,2024-09-24,26390
Brown,萬芳社區,2024-09-24,5111
Brown,木柵,2024-09-24,9711
Brown,動物園,2024-09-24,10911
Brown,大直,2024-09-24,21066
Brown,劍南路,2024-09-24,23399
Brown,西湖,2024-09-24,33916
Brown,港墘,2024-09-24,39463
Brown,文德,2024-09-24,12698
Brown,內湖,2024-09-24,20447
Brown,大湖公園,2024-09-24,6625
Brown,葫洲,2024-09-24,19158
Brown,東湖,2024-09-24,18874
Brown,南港軟體園區,2024-09-24,14630
Brown,南港展覽館,2024-09-24,24636
Brown,松山機場,2024-09-25,10416
Brown,中山國中,2024-09-25,28775
Brown,南京復興,2024-09-25,46422
Brown,忠孝復興,2024-09-25,32730
Brown,大安,2024-09-25,25185
Brown,科技大樓,2024-09-25,31287
Brown,六張犁,2024-09-25,23528
Brown,麟光,2024-09-25,8482
Brown,辛亥,2024-09-25,7276
Brown,萬芳醫院,2024-09-25,25956
Brown,萬芳社區,2024-09-25,5145
Brown,木柵,2024-09-25,9700
Brown,動物園,2024-09-25,11173
Brown,大直,2024-09-25,20773
Brown,劍南路,2024-09-25,22420
Brown,西湖,2024-09-25,33649
Brown,港墘,2024-09-25,39438
Brown,文德,2024-09-25,12707
Brown,內湖,2024-09-25,20565
Brown,大湖公園,2024-09-25,7126
Brown,葫洲,2024-09-25,19397
Brown,東湖,2024-09-25,19330
Brown,南港軟體園區,2024-09-25,14632
Brown,南港展覽館,2024-09-25,24820
Brown,松山機場,2024-09-26,10542
Brown,中山國中,2024-09-26,28553
Brown,南京復興,2024-09-26,46293
Brown,忠孝復興,2024-09-26,32825
Brown,大安,2024-09-26,25068
Brown,科技大樓,2024-09-26,31278
Brown,六張犁,2024-09-26,23490
Brown,麟光,2024-09-26,8436
Brown,辛亥,2024-09-26,7144
Brown,萬芳醫院,2024-09-26,26183
Brown,萬芳社區,2024-09-26,5139
Brown,木柵,2024-09-26,9530
Brown,動物園,2024-09-26,11139
Brown,大直,2024-09-26,20952
Brown,劍南路,2024-09-26,23184
Brown,西湖,2024-09-26,33374
Brown,港墘,2024-09-26,38853
Brown,文德,2024-09-26,12704
Brown,內湖,2024-09-26,20409
Brown,大湖公園,2024-09-26,6811
Brown,葫洲,2024-09-26,19224
Brown,東湖,2024-09-26,18831
Brown,南港軟體園區,2024-09-26,14379
Brown,南港展覽館,2024-09-26,24671
Brown,松山機場,2024-09-27,11602
Brown,中山國中,2024-09-27,29574
Brown,南京復興,2024-09-27,48881
Brown,忠孝復興,2024-09-27,39000
Brown,大安,2024-09-27,26091
Brown,科技大樓,2024-09-27,34767
Brown,六張犁,2024-09-27,24538
Brown,麟光,2024-09-27,9094
Brown,辛亥,2024-09-27,7502
Brown,萬芳醫院,2024-09-27,28809
Brown,萬芳社區,2024-09-27,5219
Brown,木柵,2024-09-27,9791
Brown,動物園,2024-09-27,11824
Brown,大直,2024-09-27,21610
Brown,劍南路,2024-09-27,25384
Brown,西湖,2024-09-27,33492
Brown,港墘,2024-09-27,39901
Brown,文德,2024-09-27,13805
Brown,內湖,2024-09-27,22246
Brown,大湖公園,2024-09-27,7154
Brown,葫洲,2024-09-27,20534
Brown,東湖,2024-09-27,19808
Brown,南港軟體園區,2024-09-27,15489
Brown,南港展覽館,2024-09-27,24175
Brown,松山機場,2024-09-28,8063
Brown,中山國中,2024-09-28,19150
Brown,南京復興,2024-09-28,28023
Brown,忠孝復興,2024-09-28,35498
Brown,大安,2024-09-28,14862
Brown,科技大樓,2024-09-28,21378
Brown,六張犁,2024-09-28,16640
Brown,麟光,2024-09-28,7610
Brown,辛亥,2024-09-28,5441
Brown,萬芳醫院,2024-09-28,16665
Brown,萬芳社區,2024-09-28,3708
Brown,木柵,2024-09-28,6281
Brown,動物園,2024-09-28,11864
Brown,大直,2024-09-28,13190
Brown,劍南路,2024-09-28,25465
Brown,西湖,2024-09-28,10640
Brown,港墘,2024-09-28,14960
Brown,文德,2024-09-28,8387
Brown,內湖,2024-09-28,17557
Brown,大湖公園,2024-09-28,6955
Brown,葫洲,2024-09-28,12806
Brown,東湖,2024-09-28,13216
Brown,南港軟體園區,2024-09-28,5524
Brown,南港展覽館,2024-09-28,12481
Brown,松山機場,2024-09-29,7509
Brown,中山國中,2024-09-29,14480
Brown,南京復興,2024-09-29,20169
Brown,忠孝復興,2024-09-29,26993
Brown,大安,2024-09-29,10774
Brown,科技大樓,2024-09-29,16486
Brown,六張犁,2024-09-29,13144
Brown,麟光,2024-09-29,6513
Brown,辛亥,2024-09-29,4472
Brown,萬芳醫院,2024-09-29,13634
Brown,萬芳社區,2024-09-29,3136
Brown,木柵,2024-09-29,5245
Brown,動物園,2024-09-29,10326
Brown,大直,2024-09-29,10852
Brown,劍南路,2024-09-29,18205
Brown,西湖,2024-09-29,8275
Brown,港墘,2024-09-29,10654
Brown,文德,2024-09-29,6464
Brown,內湖,2024-09-29,13943
Brown,大湖公園,2024-09-29,5237
Brown,葫洲,2024-09-29,9637
Brown,東湖,2024-09-29,10849
Brown,南港軟體園區,2024-09-29,5049
Brown,南港展覽館,2024-09-29,8855
Brown,松山機場,2024-09-30,10516
Brown,中山國中,2024-09-30,28015
Brown,南京復興,2024-09-30,45360
Brown,忠孝復興,2024-09-30,32184
Brown,大安,2024-09-30,24723
Brown,科技大樓,2024-09-30,31227
Brown,六張犁,2024-09-30,22937
Brown,麟光,2024-09-30,8513
Brown,辛亥,2024-09-30,7050
Brown,萬芳醫院,2024-09-30,26008
Brown,萬芳社區,2024-09-30,4836
Brown,木柵,2024-09-30,9365
Brown,動物園,2024-09-30,9131
Brown,大直,2024-09-30,20052
Brown,劍南路,2024-09-30,21385
Brown,西湖,2024-09-30,33280
Brown,港墘,2024-09-30,39049
Brown,文德,2024-09-30,12780
Brown,內湖,2024-09-30,20202
Brown,大湖公園,2024-09-30,6558
Brown,葫洲,2024-09-30,18839
Brown,東湖,2024-09-30,18330
Brown,南港軟體園區,2024-09-30,15236
Brown,南港展覽館,2024-09-30,22166
Brown,松山機場,2024-10-01,8949
Brown,中山國中,2024-10-01,26865
Brown,南京復興,2024-10-01,43559
Brown,忠孝復興,2024-10-01,30616
Brown,大安,2024-10-01,24414
Brown,科技大樓,2024-10-01,30160
Brown,六張犁,2024-10-01,22342
Brown,麟光,2024-10-01,8072
Brown,辛亥,2024-10-01,6971
Brown,萬芳醫院,2024-10-01,25314
Brown,萬芳社區,2024-10-01,4773
Brown,木柵,2024-10-01,8954
Brown,動物園,2024-10-01,9476
Brown,大直,2024-10-01,20082
Brown,劍南路,2024-10-01,21355
Brown,西湖,2024-10-01,33255
Brown,港墘,2024-10-01,38260
Brown,文德,2024-10-01,12277
Brown,內湖,2024-10-01,19773
Brown,大湖公園,2024-10-01,6238
Brown,葫洲,2024-10-01,18707
Brown,東湖,2024-10-01,18637
Brown,南港軟體園區,2024-10-01,14944
Brown,南港展覽館,2024-10-01,22686
Brown,松山機場,2024-10-02,2712
Brown,中山國中,2024-10-02,6124
Brown,南京復興,2024-10-02,8847
Brown,忠孝復興,2024-10-02,15249
Brown,大安,2024-10-02,5128
Brown,科技大樓,2024-10-02,6590
Brown,六張犁,2024-10-02,5525
Brown,麟光,2024-10-02,2815
Brown,辛亥,2024-10-02,1792
Brown,萬芳醫院,2024-10-02,4976
Brown,萬芳社區,2024-10-02,1277
Brown,木柵,2024-10-02,1779
Brown,動物園,2024-10-02,1575
Brown,大直,2024-10-02,4144
Brown,劍南路,2024-10-02,7619
Brown,西湖,2024-10-02,4042
Brown,港墘,2024-10-02,4180
Brown,文德,2024-10-02,2703
Brown,內湖,2024-10-02,5890
Brown,大湖公園,2024-10-02,1497
Brown,葫洲,2024-10-02,3659
Brown,東湖,2024-10-02,3959
Brown,南港軟體園區,2024-10-02,1662
Brown,南港展覽館,2024-10-02,3659
Brown,松山機場,2024-10-03,2419
Brown,中山國中,2024-10-03,4710
Brown,南京復興,2024-10-03,6988
Brown,忠孝復興,2024-10-03,12255
Brown,大安,2024-10-03,4022
Brown,科技大樓,2024-10-03,5047
Brown,六張犁,2024-10-03,4163
Brown,麟光,2024-10-03,2228
Brown,辛亥,2024-10-03,1366
Brown,萬芳醫院,2024-10-03,3963
Brown,萬芳社區,2024-10-03,1032
Brown,木柵,2024-10-03,1268
Brown,動物園,2024-10-03,943
Brown,大直,2024-10-03,3207
Brown,劍南路,2024-10-03,5035
Brown,西湖,2024-10-03,2834
Brown,港墘,2024-10-03,2804
Brown,文德,2024-10-03,1734
Brown,內湖,2024-10-03,4149
Brown,大湖公園,2024-10-03,990
Brown,葫洲,2024-10-03,2538
Brown,東湖,2024-10-03,2468
Brown,南港軟體園區,2024-10-03,1138
Brown,南港展覽館,2024-10-03,2764
Brown,松山機場,2024-10-04,10763
Brown,中山國中,2024-10-04,30191
Brown,南京復興,2024-10-04,48808
Brown,忠孝復興,2024-10-04,38492
Brown,大安,2024-10-04,26461
Brown,科技大樓,2024-10-04,33283
Brown,六張犁,2024-10-04,24925
Brown,麟光,2024-10-04,8948
Brown,辛亥,2024-10-04,7309
Brown,萬芳醫院,2024-10-04,29037
Brown,萬芳社區,2024-10-04,5226
Brown,木柵,2024-10-04,9825
Brown,動物園,2024-10-04,10504
Brown,大直,2024-10-04,21103
Brown,劍南路,2024-10-04,24821
Brown,西湖,2024-10-04,34469
Brown,港墘,2024-10-04,40401
Brown,文德,2024-10-04,13561
Brown,內湖,2024-10-04,22075
Brown,大湖公園,2024-10-04,6734
Brown,葫洲,2024-10-04,20512
Brown,東湖,2024-10-04,20112
Brown,南港軟體園區,2024-10-04,15649
Brown,南港展覽館,2024-10-04,30052
Brown,松山機場,2024-10-05,7758
Brown,中山國中,2024-10-05,19104
Brown,南京復興,2024-10-05,27322
Brown,忠孝復興,2024-10-05,36127
Brown,大安,2024-10-05,14768
Brown,科技大樓,2024-10-05,20612
Brown,六張犁,2024-10-05,16419
Brown,麟光,2024-10-05,7228
Brown,辛亥,2024-10-05,5406
Brown,萬芳醫院,2024-10-05,16344
Brown,萬芳社區,2024-10-05,3682
Brown,木柵,2024-10-05,6355
Brown,動物園,2024-10-05,12936
Brown,大直,2024-10-05,14130
Brown,劍南路,2024-10-05,22029
Brown,西湖,2024-10-05,10405
Brown,港墘,2024-10-05,15255
Brown,文德,2024-10-05,8279
Brown,內湖,2024-10-05,18253
Brown,大湖公園,2024-10-05,6303
Brown,葫洲,2024-10-05,12546
Brown,東湖,2024-10-05,13481
Brown,南港軟體園區,2024-10-05,5816
Brown,南港展覽館,2024-10-05,22421
Brown,松山機場,2024-10-06,7360
Brown,中山國中,2024-10-06,15083
Brown,南京復興,2024-10-06,20796
Brown,忠孝復興,2024-10-06,27088
Brown,大安,2024-10-06,10550
Brown,科技大樓,2024-10-06,16756
Brown,六張犁,2024-10-06,13137
Brown,麟光,2024-10-06,6645
Brown,辛亥,2024-10-06,5009
Brown,萬芳醫院,2024-10-06,13877
Brown,萬芳社區,2024-10-06,3275
Brown,木柵,2024-10-06,5806
Brown,動物園,2024-10-06,14531
Brown,大直,2024-10-06,11190
Brown,劍南路,2024-10-06,19209
Brown,西湖,2024-10-06,8970
Brown,港墘,2024-10-06,12097
Brown,文德,2024-10-06,7014
Brown,內湖,2024-10-06,14906
Brown,大湖公園,2024-10-06,6442
Brown,葫洲,2024-10-06,10215
Brown,東湖,2024-10-06,11034
Brown,南港軟體園區,2024-10-06,5238
Brown,南港展覽館,2024-10-06,17900
Brown,松山機場,2024-10-07,10534
Brown,中山國中,2024-10-07,28501
Brown,南京復興,2024-10-07,46286
Brown,忠孝復興,2024-10-07,32757
Brown,大安,2024-10-07,25222
Brown,科技大樓,2024-10-07,32123
Brown,六張犁,2024-10-07,23639
Brown,麟光,2024-10-07,8880
Brown,辛亥,2024-10-07,6879
Brown,萬芳醫院,2024-10-07,26823
Brown,萬芳社區,2024-10-07,4946
Brown,木柵,2024-10-07,9659
Brown,動物園,2024-10-07,10756
Brown,大直,2024-10-07,20024
Brown,劍南路,2024-10-07,21662
Brown,西湖,2024-10-07,33628
Brown,港墘,2024-10-07,39274
Brown,文德,2024-10-07,12648
Brown,內湖,2024-10-07,20656
Brown,大湖公園,2024-10-07,6459
Brown,葫洲,2024-10-07,19258
Brown,東湖,2024-10-07,18620
Brown,南港軟體園區,2024-10-07,15662
Brown,南港展覽館,2024-10-07,26079
Brown,松山機場,2024-10-08,10255
Brown,中山國中,2024-10-08,29837
Brown,南京復興,2024-10-08,47576
Brown,忠孝復興,2024-10-08,33906
Brown,大安,2024-10-08,26039
Brown,科技大樓,2024-10-08,32727
Brown,六張犁,2024-10-08,24495
Brown,麟光,2024-10-08,8839
Brown,辛亥,2024-10-08,7372
Brown,萬芳醫院,2024-10-08,26936
Brown,萬芳社區,2024-10-08,5012
Brown,木柵,2024-10-08,9578
Brown,動物園,2024-10-08,9634
Brown,大直,2024-10-08,21185
Brown,劍南路,2024-10-08,22142
Brown,西湖,2024-10-08,35169
Brown,港墘,2024-10-08,40992
Brown,文德,2024-10-08,12787
Brown,內湖,2024-10-08,21394
Brown,大湖公園,2024-10-08,6404
Brown,葫洲,2024-10-08,19351
Brown,東湖,2024-10-08,19243
Brown,南港軟體園區,2024-10-08,15925
Brown,南港展覽館,2024-10-08,23957
Brown,松山機場,2024-10-09,10931
Brown,中山國中,2024-10-09,29867
Brown,南京復興,2024-10-09,47746
Brown,忠孝復興,2024-10-09,36117
Brown,大安,2024-10-09,25797
Brown,科技大樓,2024-10-09,33023
Brown,六張犁,2024-10-09,24944
Brown,麟光,2024-10-09,8979
Brown,辛亥,2024-10-09,7558
Brown,萬芳醫院,2024-10-09,30557
Brown,萬芳社區,2024-10-09,5304
Brown,木柵,2024-10-09,9962
Brown,動物園,2024-10-09,12685
Brown,大直,2024-10-09,21603
Brown,劍南路,2024-10-09,23830
Brown,西湖,2024-10-09,34659
Brown,港墘,2024-10-09,41119
Brown,文德,2024-10-09,13183
Brown,內湖,2024-10-09,22440
Brown,大湖公園,2024-10-09,6810
Brown,葫洲,2024-10-09,20064
Brown,東湖,2024-10-09,19737
Brown,南港軟體園區,2024-10-09,14768
Brown,南港展覽館,2024-10-09,24027
Brown,松山機場,2024-10-10,7541
Brown,中山國中,2024-10-10,14397
Brown,南京復興,2024-10-10,20435
Brown,忠孝復興,2024-10-10,28704
Brown,大安,2024-10-10,10435
Brown,科技大樓,2024-10-10,16994
Brown,六張犁,2024-10-10,12633
Brown,麟光,2024-10-10,6749
Brown,辛亥,2024-10-10,4298
Brown,萬芳醫院,2024-10-10,16073
Brown,萬芳社區,2024-10-10,3320
Brown,木柵,2024-10-10,5811
Brown,動物園,2024-10-10,18329
Brown,大直,2024-10-10,10680
Brown,劍南路,2024-10-10,18157
Brown,西湖,2024-10-10,8564
Brown,港墘,2024-10-10,11127
Brown,文德,2024-10-10,6869
Brown,內湖,2024-10-10,14231
Brown,大湖公園,2024-10-10,5864
Brown,葫洲,2024-10-10,10294
Brown,東湖,2024-10-10,10956
Brown,南港軟體園區,2024-10-10,4691
Brown,南港展覽館,2024-10-10,9002
Brown,松山機場,2024-10-11,10242
Brown,中山國中,2024-10-11,27749
Brown,南京復興,2024-10-11,44059
Brown,忠孝復興,2024-10-11,35893
Brown,大安,2024-10-11,24596
Brown,科技大樓,2024-10-11,29615
Brown,六張犁,2024-10-11,23303
Brown,麟光,2024-10-11,8972
Brown,辛亥,2024-10-11,6859
Brown,萬芳醫院,2024-10-11,28297
Brown,萬芳社區,2024-10-11,4958
Brown,木柵,2024-10-11,9663
Brown,動物園,2024-10-11,19189
Brown,大直,2024-10-11,19879
Brown,劍南路,2024-10-11,24134
Brown,西湖,2024-10-11,27820
Brown,港墘,2024-10-11,35140
Brown,文德,2024-10-11,12677
Brown,內湖,2024-10-11,20772
Brown,大湖公園,2024-10-11,6835
Brown,葫洲,2024-10-11,19039
Brown,東湖,2024-10-11,18945
Brown,南港軟體園區,2024-10-11,12835
Brown,南港展覽館,2024-10-11,20431
Brown,松山機場,2024-10-12,7920
Brown,中山國中,2024-10-12,18065
Brown,南京復興,2024-10-12,25770
Brown,忠孝復興,2024-10-12,32904
Brown,大安,2024-10-12,14006
Brown,科技大樓,2024-10-12,19991
Brown,六張犁,2024-10-12,15026
Brown,麟光,2024-10-12,7162
Brown,辛亥,2024-10-12,5077
Brown,萬芳醫院,2024-10-12,17015
Brown,萬芳社區,2024-10-12,3747
Brown,木柵,2024-10-12,6987
Brown,動物園,2024-10-12,20009
Brown,大直,2024-10-12,12303
Brown,劍南路,2024-10-12,19334
Brown,西湖,2024-10-12,9659
Brown,港墘,2024-10-12,13359
Brown,文德,2024-10-12,7821
Brown,內湖,2024-10-12,16793
Brown,大湖公園,2024-10-12,6877
Brown,葫洲,2024-10-12,11778
Brown,東湖,2024-10-12,12572
Brown,南港軟體園區,2024-10-12,4998
Brown,南港展覽館,2024-10-12,13439
Brown,松山機場,2024-10-13,8568
Brown,中山國中,2024-10-13,14212
Brown,南京復興,2024-10-13,19971
Brown,忠孝復興,2024-10-13,25286
Brown,大安,2024-10-13,10393
Brown,科技大樓,2024-10-13,17670
Brown,六張犁,2024-10-13,12762
Brown,麟光,2024-10-13,6594
Brown,辛亥,2024-10-13,4351
Brown,萬芳醫院,2024-10-13,14565
Brown,萬芳社區,2024-10-13,3232
Brown,木柵,2024-10-13,5928
Brown,動物園,2024-10-13,16350
Brown,大直,2024-10-13,10636
Brown,劍南路,2024-10-13,18885
Brown,西湖,2024-10-13,7946
Brown,港墘,2024-10-13,10302
Brown,文德,2024-10-13,6790
Brown,內湖,2024-10-13,14286
Brown,大湖公園,2024-10-13,6155
Brown,葫洲,2024-10-13,9811
Brown,東湖,2024-10-13,10522
Brown,南港軟體園區,2024-10-13,4684
Brown,南港展覽館,2024-10-13,10594
Brown,松山機場,2024-10-14,11066
Brown,中山國中,2024-10-14,27413
Brown,南京復興,2024-10-14,44116
Brown,忠孝復興,2024-10-14,30085
Brown,大安,2024-10-14,24019
Brown,科技大樓,2024-10-14,29949
Brown,六張犁,2024-10-14,22421
Brown,麟光,2024-10-14,8060
Brown,辛亥,2024-10-14,6860
Brown,萬芳醫院,2024-10-14,25593
Brown,萬芳社區,2024-10-14,5014
Brown,木柵,2024-10-14,9519
Brown,動物園,2024-10-14,10836
Brown,大直,2024-10-14,19393
Brown,劍南路,2024-10-14,20866
Brown,西湖,2024-10-14,32415
Brown,港墘,2024-10-14,38240
Brown,文德,2024-10-14,12190
Brown,內湖,2024-10-14,19453
Brown,大湖公園,2024-10-14,6899
Brown,葫洲,2024-10-14,18513
Brown,東湖,2024-10-14,17960
Brown,南港軟體園區,2024-10-14,14076
Brown,南港展覽館,2024-10-14,22679
Brown,松山機場,2024-10-15,10645
Brown,中山國中,2024-10-15,28421
Brown,南京復興,2024-10-15,46097
Brown,忠孝復興,2024-10-15,32419
Brown,大安,2024-10-15,25700
Brown,科技大樓,2024-10-15,31906
Brown,六張犁,2024-10-15,23730
Brown,麟光,2024-10-15,8429
Brown,辛亥,2024-10-15,7095
Brown,萬芳醫院,2024-10-15,26330
Brown,萬芳社區,2024-10-15,5094
Brown,木柵,2024-10-15,9836
Brown,動物園,2024-10-15,14263
Brown,大直,2024-10-15,20423
Brown,劍南路,2024-10-15,22895
Brown,西湖,2024-10-15,33998
Brown,港墘,2024-10-15,39085
Brown,文德,2024-10-15,12777
Brown,內湖,2024-10-15,20302
Brown,大湖公園,2024-10-15,6952
Brown,葫洲,2024-10-15,18624
Brown,東湖,2024-10-15,19168
Brown,南港軟體園區,2024-10-15,14396
Brown,南港展覽館,2024-10-15,24805
Brown,松山機場,2024-10-16,10939
Brown,中山國中,2024-10-16,29011
Brown,南京復興,2024-10-16,46430
Brown,忠孝復興,2024-10-16,34370
Brown,大安,2024-10-16,25612
Brown,科技大樓,2024-10-16,31780
Brown,六張犁,2024-10-16,23777
Brown,麟光,2024-10-16,8606
Brown,辛亥,2024-10-16,7218
Brown,萬芳醫院,2024-10-16,26390
Brown,萬芳社區,2024-10-16,5313
Brown,木柵,2024-10-16,9689
Brown,動物園,2024-10-16,12160
Brown,大直,2024-10-16,20251
Brown,劍南路,2024-10-16,22228
Brown,西湖,2024-10-16,34175
Brown,港墘,2024-10-16,40169
Brown,文德,2024-10-16,12871
Brown,內湖,2024-10-16,21075
Brown,大湖公園,2024-10-16,6820
Brown,葫洲,2024-10-16,19459
Brown,東湖,2024-10-16,18914
Brown,南港軟體園區,2024-10-16,15057
Brown,南港展覽館,2024-10-16,24981
Brown,松山機場,2024-10-17,10511
Brown,中山國中,2024-10-17,28910
Brown,南京復興,2024-10-17,46623
Brown,忠孝復興,2024-10-17,34021
Brown,大安,2024-10-17,25238
Brown,科技大樓,2024-10-17,31407
Brown,六張犁,2024-10-17,23516
Brown,麟光,2024-10-17,8624
Brown,辛亥,2024-10-17,7155
Brown,萬芳醫院,2024-10-17,26435
Brown,萬芳社區,2024-10-17,5144
Brown,木柵,2024-10-17,9691
Brown,動物園,2024-10-17,12971
Brown,大直,2024-10-17,21010
Brown,劍南路,2024-10-17,23678
Brown,西湖,2024-10-17,33420
Brown,港墘,2024-10-17,39411
Brown,文德,2024-10-17,12886
Brown,內湖,2024-10-17,20765
Brown,大湖公園,2024-10-17,7222
Brown,葫洲,2024-10-17,19141
Brown,東湖,2024-10-17,18939
Brown,南港軟體園區,2024-10-17,14634
Brown,南港展覽館,2024-10-17,24947
Brown,松山機場,2024-10-18,11489
Brown,中山國中,2024-10-18,29759
Brown,南京復興,2024-10-18,47433
Brown,忠孝復興,2024-10-18,38275
Brown,大安,2024-10-18,25890
Brown,科技大樓,2024-10-18,32164
Brown,六張犁,2024-10-18,24436
Brown,麟光,2024-10-18,8964
Brown,辛亥,2024-10-18,7303
Brown,萬芳醫院,2024-10-18,27259
Brown,萬芳社區,2024-10-18,5308
Brown,木柵,2024-10-18,9858
Brown,動物園,2024-10-18,13920
Brown,大直,2024-10-18,21332
Brown,劍南路,2024-10-18,25153
Brown,西湖,2024-10-18,33203
Brown,港墘,2024-10-18,39132
Brown,文德,2024-10-18,13407
Brown,內湖,2024-10-18,21886
Brown,大湖公園,2024-10-18,7438
Brown,葫洲,2024-10-18,20277
Brown,東湖,2024-10-18,19409
Brown,南港軟體園區,2024-10-18,14388
Brown,南港展覽館,2024-10-18,22621
Brown,松山機場,2024-10-19,8046
Brown,中山國中,2024-10-19,19697
Brown,南京復興,2024-10-19,29106
Brown,忠孝復興,2024-10-19,37129
Brown,大安,2024-10-19,16209
Brown,科技大樓,2024-10-19,22287
Brown,六張犁,2024-10-19,17629
Brown,麟光,2024-10-19,8467
Brown,辛亥,2024-10-19,5646
Brown,萬芳醫院,2024-10-19,25661
Brown,萬芳社區,2024-10-19,4087
Brown,木柵,2024-10-19,8707
Brown,動物園,2024-10-19,18263
Brown,大直,2024-10-19,13361
Brown,劍南路,2024-10-19,21412
Brown,西湖,2024-10-19,10289
Brown,港墘,2024-10-19,14641
Brown,文德,2024-10-19,10286
Brown,內湖,2024-10-19,18363
Brown,大湖公園,2024-10-19,7168
Brown,葫洲,2024-10-19,12367
Brown,東湖,2024-10-19,13470
Brown,南港軟體園區,2024-10-19,6214
Brown,南港展覽館,2024-10-19,12845
Brown,松山機場,2024-10-20,8161
Brown,中山國中,2024-10-20,15146
Brown,南京復興,2024-10-20,21383
Brown,忠孝復興,2024-10-20,27994
Brown,大安,2024-10-20,11387
Brown,科技大樓,2024-10-20,19499
Brown,六張犁,2024-10-20,13255
Brown,麟光,2024-10-20,6260
Brown,辛亥,2024-10-20,4499
Brown,萬芳醫院,2024-10-20,14091
Brown,萬芳社區,2024-10-20,3041
Brown,木柵,2024-10-20,5673
Brown,動物園,2024-10-20,12187
Brown,大直,2024-10-20,11673
Brown,劍南路,2024-10-20,20924
Brown,西湖,2024-10-20,8255
Brown,港墘,2024-10-20,12084
Brown,文德,2024-10-20,6766
Brown,內湖,2024-10-20,14378
Brown,大湖公園,2024-10-20,5053
Brown,葫洲,2024-10-20,9865
Brown,東湖,2024-10-20,10470
Brown,南港軟體園區,2024-10-20,5418
Brown,南港展覽館,2024-10-20,9231
Brown,松山機場,2024-10-21,10929
Brown,中山國中,2024-10-21,27689
Brown,南京復興,2024-10-21,44065
Brown,忠孝復興,2024-10-21,30894
Brown,大安,2024-10-21,24683
Brown,科技大樓,2024-10-21,29571
Brown,六張犁,2024-10-21,22450
Brown,麟光,2024-10-21,8402
Brown,辛亥,2024-10-21,6848
Brown,萬芳醫院,2024-10-21,25718
Brown,萬芳社區,2024-10-21,5079
Brown,木柵,2024-10-21,9673
Brown,動物園,2024-10-21,11075
Brown,大直,2024-10-21,19790
Brown,劍南路,2024-10-21,21465
Brown,西湖,2024-10-21,32902
Brown,港墘,2024-10-21,37974
Brown,文德,2024-10-21,12357
Brown,內湖,2024-10-21,20144
Brown,大湖公園,2024-10-21,6830
Brown,葫洲,2024-10-21,18772
Brown,東湖,2024-10-21,18535
Brown,南港軟體園區,2024-10-21,14586
Brown,南港展覽館,2024-10-21,22172
Brown,松山機場,2024-10-22,10458
Brown,中山國中,2024-10-22,29111
Brown,南京復興,2024-10-22,46523
Brown,忠孝復興,2024-10-22,32592
Brown,大安,2024-10-22,25070
Brown,科技大樓,2024-10-22,32072
Brown,六張犁,2024-10-22,23638
Brown,麟光,2024-10-22,8619
Brown,辛亥,2024-10-22,7049
Brown,萬芳醫院,2024-10-22,26397
Brown,萬芳社區,2024-10-22,5071
Brown,木柵,2024-10-22,9729
Brown,動物園,2024-10-22,14032
Brown,大直,2024-10-22,20960
Brown,劍南路,2024-10-22,22259
Brown,西湖,2024-10-22,34305
Brown,港墘,2024-10-22,39639
Brown,文德,2024-10-22,12642
Brown,內湖,2024-10-22,21006
Brown,大湖公園,2024-10-22,6615
Brown,葫洲,2024-10-22,18970
Brown,東湖,2024-10-22,19222
Brown,南港軟體園區,2024-10-22,15783
Brown,南港展覽館,2024-10-22,23450
Brown,松山機場,2024-10-23,10381
Brown,中山國中,2024-10-23,29820
Brown,南京復興,2024-10-23,48379
Brown,忠孝復興,2024-10-23,35082
Brown,大安,2024-10-23,26245
Brown,科技大樓,2024-10-23,32881
Brown,六張犁,2024-10-23,24562
Brown,麟光,2024-10-23,9067
Brown,辛亥,2024-10-23,7100
Brown,萬芳醫院,2024-10-23,26827
Brown,萬芳社區,2024-10-23,5000
Brown,木柵,2024-10-23,9458
Brown,動物園,2024-10-23,10973
Brown,大直,2024-10-23,21095
Brown,劍南路,2024-10-23,23593
Brown,西湖,2024-10-23,34946
Brown,港墘,2024-10-23,40786
Brown,文德,2024-10-23,12807
Brown,內湖,2024-10-23,21293
Brown,大湖公園,2024-10-23,6727
Brown,葫洲,2024-10-23,19479
Brown,東湖,2024-10-23,19391
Brown,南港軟體園區,2024-10-23,16421
Brown,南港展覽館,2024-10-23,26878
Brown,松山機場,2024-10-24,10690
Brown,中山國中,2024-10-24,30106
Brown,南京復興,2024-10-24,49221
Brown,忠孝復興,2024-10-24,35903
Brown,大安,2024-10-24,26750
Brown,科技大樓,2024-10-24,33179
Brown,六張犁,2024-10-24,24696
Brown,麟光,2024-10-24,9065
Brown,辛亥,2024-10-24,7064
Brown,萬芳醫院,2024-10-24,26934
Brown,萬芳社區,2024-10-24,4941
Brown,木柵,2024-10-24,9503
Brown,動物園,2024-10-24,10649
Brown,大直,2024-10-24,21059
Brown,劍南路,2024-10-24,23580
Brown,西湖,2024-10-24,34891
Brown,港墘,2024-10-24,40473
Brown,文德,2024-10-24,13102
Brown,內湖,2024-10-24,21199
Brown,大湖公園,2024-10-24,6566
Brown,葫洲,2024-10-24,19535
Brown,東湖,2024-10-24,19400
Brown,南港軟體園區,2024-10-24,16619
Brown,南港展覽館,2024-10-24,27222
Brown,松山機場,2024-10-25,11480
Brown,中山國中,2024-10-25,29617
Brown,南京復興,2024-10-25,49058
Brown,忠孝復興,2024-10-25,38886
Brown,大安,2024-10-25,26631
Brown,科技大樓,2024-10-25,32836
Brown,六張犁,2024-10-25,25161
Brown,麟光,2024-10-25,9002
Brown,辛亥,2024-10-25,7363
Brown,萬芳醫院,2024-10-25,29033
Brown,萬芳社區,2024-10-25,5243
Brown,木柵,2024-10-25,9809
Brown,動物園,2024-10-25,11181
Brown,大直,2024-10-25,21255
Brown,劍南路,2024-10-25,26386
Brown,西湖,2024-10-25,33743
Brown,港墘,2024-10-25,39880
Brown,文德,2024-10-25,13535
Brown,內湖,2024-10-25,22249
Brown,大湖公園,2024-10-25,6944
Brown,葫洲,2024-10-25,19820
Brown,東湖,2024-10-25,19826
Brown,南港軟體園區,2024-10-25,16750
Brown,南港展覽館,2024-10-25,26053
Brown,松山機場,2024-10-26,7762
Brown,中山國中,2024-10-26,19645
Brown,南京復興,2024-10-26,28759
Brown,忠孝復興,2024-10-26,35412
Brown,大安,2024-10-26,14451
Brown,科技大樓,2024-10-26,25098
Brown,六張犁,2024-10-26,17205
Brown,麟光,2024-10-26,7648
Brown,辛亥,2024-10-26,5923
Brown,萬芳醫院,2024-10-26,16656
Brown,萬芳社區,2024-10-26,3803
Brown,木柵,2024-10-26,6699
Brown,動物園,2024-10-26,14683
Brown,大直,2024-10-26,13516
Brown,劍南路,2024-10-26,23739
Brown,西湖,2024-10-26,11155
Brown,港墘,2024-10-26,16235
Brown,文德,2024-10-26,8549
Brown,內湖,2024-10-26,18285
Brown,大湖公園,2024-10-26,6530
Brown,葫洲,2024-10-26,12380
Brown,東湖,2024-10-26,13652
Brown,南港軟體園區,2024-10-26,5554
Brown,南港展覽館,2024-10-26,12099
Brown,松山機場,2024-10-27,7932
Brown,中山國中,2024-10-27,15200
Brown,南京復興,2024-10-27,21352
Brown,忠孝復興,2024-10-27,26844
Brown,大安,2024-10-27,11027
Brown,科技大樓,2024-10-27,18575
Brown,六張犁,2024-10-27,13330
Brown,麟光,2024-10-27,6622
Brown,辛亥,2024-10-27,4472
Brown,萬芳醫院,2024-10-27,13991
Brown,萬芳社區,2024-10-27,3427
Brown,木柵,2024-10-27,6135
Brown,動物園,2024-10-27,15123
Brown,大直,2024-10-27,11939
Brown,劍南路,2024-10-27,19976
Brown,西湖,2024-10-27,8654
Brown,港墘,2024-10-27,11473
Brown,文德,2024-10-27,7031
Brown,內湖,2024-10-27,14792
Brown,大湖公園,2024-10-27,6878
Brown,葫洲,2024-10-27,10181
Brown,東湖,2024-10-27,11116
Brown,南港軟體園區,2024-10-27,5026
Brown,南港展覽館,2024-10-27,9969
Brown,松山機場,2024-10-28,10788
Brown,中山國中,2024-10-28,28141
Brown,南京復興,2024-10-28,46182
Brown,忠孝復興,2024-10-28,31885
Brown,大安,2024-10-28,24530
Brown,科技大樓,2024-10-28,30518
Brown,六張犁,2024-10-28,22805
Brown,麟光,2024-10-28,8403
Brown,辛亥,2024-10-28,6894
Brown,萬芳醫院,2024-10-28,26145
Brown,萬芳社區,2024-10-28,4939
Brown,木柵,2024-10-28,10036
Brown,動物園,2024-10-28,9949
Brown,大直,2024-10-28,19849
Brown,劍南路,2024-10-28,21887
Brown,西湖,2024-10-28,33204
Brown,港墘,2024-10-28,37680
Brown,文德,2024-10-28,12630
Brown,內湖,2024-10-28,20162
Brown,大湖公園,2024-10-28,6571
Brown,葫洲,2024-10-28,18703
Brown,東湖,2024-10-28,18493
Brown,南港軟體園區,2024-10-28,15150
Brown,南港展覽館,2024-10-28,21911
Brown,松山機場,2024-10-29,10268
Brown,中山國中,2024-10-29,29343
Brown,南京復興,2024-10-29,47513
Brown,忠孝復興,2024-10-29,33749
Brown,大安,2024-10-29,25810
Brown,科技大樓,2024-10-29,32412
Brown,六張犁,2024-10-29,24217
Brown,麟光,2024-10-29,8692
Brown,辛亥,2024-10-29,7022
Brown,萬芳醫院,2024-10-29,26405
Brown,萬芳社區,2024-10-29,5105
Brown,木柵,2024-10-29,9777
Brown,動物園,2024-10-29,12348
Brown,大直,2024-10-29,21033
Brown,劍南路,2024-10-29,24158
Brown,西湖,2024-10-29,34645
Brown,港墘,2024-10-29,40059
Brown,文德,2024-10-29,12854
Brown,內湖,2024-10-29,21476
Brown,大湖公園,2024-10-29,6633
Brown,葫洲,2024-10-29,19103
Brown,東湖,2024-10-29,19161
Brown,南港軟體園區,2024-10-29,15795
Brown,南港展覽館,2024-10-29,22690
Brown,松山機場,2024-10-30,10863
Brown,中山國中,2024-10-30,30197
Brown,南京復興,2024-10-30,49007
Brown,忠孝復興,2024-10-30,36054
Brown,大安,2024-10-30,26351
Brown,科技大樓,2024-10-30,34048
Brown,六張犁,2024-10-30,24919
Brown,麟光,2024-10-30,9262
Brown,辛亥,2024-10-30,7035
Brown,萬芳醫院,2024-10-30,26424
Brown,萬芳社區,2024-10-30,5049
Brown,木柵,2024-10-30,9690
Brown,動物園,2024-10-30,10006
Brown,大直,2024-10-30,21189
Brown,劍南路,2024-10-30,22544
Brown,西湖,2024-10-30,35154
Brown,港墘,2024-10-30,40229
Brown,文德,2024-10-30,13048
Brown,內湖,2024-10-30,21245
Brown,大湖公園,2024-10-30,6468
Brown,葫洲,2024-10-30,19456
Brown,東湖,2024-10-30,19589
Brown,南港軟體園區,2024-10-30,16514
Brown,南港展覽館,2024-10-30,22374
Brown,松山機場,2024-10-31,570
Brown,中山國中,2024-10-31,609
Brown,南京復興,2024-10-31,2586
Brown,忠孝復興,2024-10-31,2063
Brown,大安,2024-10-31,1336
Brown,科技大樓,2024-10-31,592
Brown,六張犁,2024-10-31,610
Brown,麟光,2024-10-31,313
Brown,辛亥,2024-10-31,192
Brown,萬芳醫院,2024-10-31,664
Brown,萬芳社區,2024-10-31,164
Brown,木柵,2024-10-31,202
Brown,動物園,2024-10-31,137
Brown,大直,2024-10-31,430
Brown,劍南路,2024-10-31,418
Brown,西湖,2024-10-31,461
Brown,港墘,2024-10-31,436
Brown,文德,2024-10-31,247
Brown,內湖,2024-10-31,546
Brown,大湖公園,2024-10-31,153
Brown,葫洲,2024-10-31,403
Brown,東湖,2024-10-31,370
Brown,南港軟體園區,2024-10-31,148
Brown,南港展覽館,2024-10-31,1519
