line,station,date,people
Brown,松山機場,2018-01-01,10137.0
Brown,中山國中,2018-01-01,16855.0
Brown,南京復興,2018-01-01,18312.5
Brown,忠孝復興,2018-01-01,32026.0
Brown,大安,2018-01-01,10067.5
Brown,科技大樓,2018-01-01,14941.0
Brown,六張犁,2018-01-01,14362.0
Brown,麟光,2018-01-01,6862.0
Brown,辛亥,2018-01-01,3946.0
Brown,萬芳醫院,2018-01-01,16030.0
Brown,萬芳社區,2018-01-01,3518.0
Brown,木柵,2018-01-01,5916.0
Brown,動物園,2018-01-01,28727.0
Brown,大直,2018-01-01,11347.0
Brown,劍南路,2018-01-01,22355.0
Brown,西湖,2018-01-01,9615.0
Brown,港墘,2018-01-01,10973.0
Brown,文德,2018-01-01,7224.0
Brown,內湖,2018-01-01,12756.0
Brown,大湖公園,2018-01-01,7331.0
Brown,葫洲,2018-01-01,9782.0
Brown,東湖,2018-01-01,11343.0
Brown,南港軟體園區,2018-01-01,5010.0
Brown,南港展覽館,2018-01-01,16250.0
Brown,松山機場,2018-01-02,11287.0
Brown,中山國中,2018-01-02,31565.0
Brown,南京復興,2018-01-02,41693.0
Brown,忠孝復興,2018-01-02,34764.5
Brown,大安,2018-01-02,25108.5
Brown,科技大樓,2018-01-02,30935.0
Brown,六張犁,2018-01-02,23874.0
Brown,麟光,2018-01-02,8178.0
Brown,辛亥,2018-01-02,6070.0
Brown,萬芳醫院,2018-01-02,30684.0
Brown,萬芳社區,2018-01-02,4632.0
Brown,木柵,2018-01-02,9460.0
Brown,動物園,2018-01-02,17256.0
Brown,大直,2018-01-02,21282.0
Brown,劍南路,2018-01-02,20906.0
Brown,西湖,2018-01-02,36754.0
Brown,港墘,2018-01-02,33010.0
Brown,文德,2018-01-02,11467.0
Brown,內湖,2018-01-02,16828.0
Brown,大湖公園,2018-01-02,6866.0
Brown,葫洲,2018-01-02,15375.0
Brown,東湖,2018-01-02,17022.0
Brown,南港軟體園區,2018-01-02,10319.0
Brown,南港展覽館,2018-01-02,25337.0
Brown,松山機場,2018-01-03,10895.0
Brown,中山國中,2018-01-03,32725.0
Brown,南京復興,2018-01-03,42927.0
Brown,忠孝復興,2018-01-03,35639.5
Brown,大安,2018-01-03,25852.0
Brown,科技大樓,2018-01-03,31503.0
Brown,六張犁,2018-01-03,24447.0
Brown,麟光,2018-01-03,8188.0
Brown,辛亥,2018-01-03,6273.0
Brown,萬芳醫院,2018-01-03,31151.0
Brown,萬芳社區,2018-01-03,4880.0
Brown,木柵,2018-01-03,9420.0
Brown,動物園,2018-01-03,16540.0
Brown,大直,2018-01-03,21700.0
Brown,劍南路,2018-01-03,21369.0
Brown,西湖,2018-01-03,38344.0
Brown,港墘,2018-01-03,34084.0
Brown,文德,2018-01-03,11446.0
Brown,內湖,2018-01-03,17001.0
Brown,大湖公園,2018-01-03,7107.0
Brown,葫洲,2018-01-03,17409.0
Brown,東湖,2018-01-03,17096.0
Brown,南港軟體園區,2018-01-03,10636.0
Brown,南港展覽館,2018-01-03,26670.5
Brown,松山機場,2018-01-04,11122.0
Brown,中山國中,2018-01-04,32926.0
Brown,南京復興,2018-01-04,43566.5
Brown,忠孝復興,2018-01-04,36540.0
Brown,大安,2018-01-04,26143.0
Brown,科技大樓,2018-01-04,32639.0
Brown,六張犁,2018-01-04,24674.0
Brown,麟光,2018-01-04,8349.0
Brown,辛亥,2018-01-04,6348.0
Brown,萬芳醫院,2018-01-04,31598.0
Brown,萬芳社區,2018-01-04,4721.0
Brown,木柵,2018-01-04,9517.0
Brown,動物園,2018-01-04,15869.0
Brown,大直,2018-01-04,21711.0
Brown,劍南路,2018-01-04,21341.0
Brown,西湖,2018-01-04,38422.0
Brown,港墘,2018-01-04,34234.0
Brown,文德,2018-01-04,11727.0
Brown,內湖,2018-01-04,16930.0
Brown,大湖公園,2018-01-04,6653.0
Brown,葫洲,2018-01-04,16886.0
Brown,東湖,2018-01-04,17170.0
Brown,南港軟體園區,2018-01-04,10761.0
Brown,南港展覽館,2018-01-04,26644.0
Brown,松山機場,2018-01-05,12057.0
Brown,中山國中,2018-01-05,34928.0
Brown,南京復興,2018-01-05,45942.5
Brown,忠孝復興,2018-01-05,42144.0
Brown,大安,2018-01-05,27588.0
Brown,科技大樓,2018-01-05,34397.0
Brown,六張犁,2018-01-05,25993.0
Brown,麟光,2018-01-05,8826.0
Brown,辛亥,2018-01-05,6488.0
Brown,萬芳醫院,2018-01-05,36654.0
Brown,萬芳社區,2018-01-05,4968.0
Brown,木柵,2018-01-05,9811.0
Brown,動物園,2018-01-05,12889.0
Brown,大直,2018-01-05,22939.0
Brown,劍南路,2018-01-05,25467.0
Brown,西湖,2018-01-05,40085.0
Brown,港墘,2018-01-05,36748.0
Brown,文德,2018-01-05,12755.0
Brown,內湖,2018-01-05,18574.0
Brown,大湖公園,2018-01-05,6586.0
Brown,葫洲,2018-01-05,18549.0
Brown,東湖,2018-01-05,18413.0
Brown,南港軟體園區,2018-01-05,11863.0
Brown,南港展覽館,2018-01-05,27814.5
Brown,松山機場,2018-01-06,7832.0
Brown,中山國中,2018-01-06,21801.0
Brown,南京復興,2018-01-06,27269.5
Brown,忠孝復興,2018-01-06,41647.5
Brown,大安,2018-01-06,16541.0
Brown,科技大樓,2018-01-06,23386.0
Brown,六張犁,2018-01-06,17607.0
Brown,麟光,2018-01-06,7541.0
Brown,辛亥,2018-01-06,4942.0
Brown,萬芳醫院,2018-01-06,19633.0
Brown,萬芳社區,2018-01-06,3531.0
Brown,木柵,2018-01-06,5920.0
Brown,動物園,2018-01-06,10711.0
Brown,大直,2018-01-06,14693.0
Brown,劍南路,2018-01-06,21994.0
Brown,西湖,2018-01-06,12951.0
Brown,港墘,2018-01-06,14756.0
Brown,文德,2018-01-06,8047.0
Brown,內湖,2018-01-06,15141.0
Brown,大湖公園,2018-01-06,5286.0
Brown,葫洲,2018-01-06,11705.0
Brown,東湖,2018-01-06,13674.0
Brown,南港軟體園區,2018-01-06,5982.0
Brown,南港展覽館,2018-01-06,19905.0
Brown,松山機場,2018-01-07,7588.0
Brown,中山國中,2018-01-07,16652.0
Brown,南京復興,2018-01-07,18352.5
Brown,忠孝復興,2018-01-07,31782.0
Brown,大安,2018-01-07,12096.0
Brown,科技大樓,2018-01-07,17943.0
Brown,六張犁,2018-01-07,13476.0
Brown,麟光,2018-01-07,6179.0
Brown,辛亥,2018-01-07,4125.0
Brown,萬芳醫院,2018-01-07,14530.0
Brown,萬芳社區,2018-01-07,2624.0
Brown,木柵,2018-01-07,4434.0
Brown,動物園,2018-01-07,6868.0
Brown,大直,2018-01-07,11276.0
Brown,劍南路,2018-01-07,17647.0
Brown,西湖,2018-01-07,10558.0
Brown,港墘,2018-01-07,10806.0
Brown,文德,2018-01-07,6704.0
Brown,內湖,2018-01-07,11796.0
Brown,大湖公園,2018-01-07,4132.0
Brown,葫洲,2018-01-07,9562.0
Brown,東湖,2018-01-07,11109.0
Brown,南港軟體園區,2018-01-07,5460.0
Brown,南港展覽館,2018-01-07,16556.0
Brown,松山機場,2018-01-08,10446.0
Brown,中山國中,2018-01-08,33000.0
Brown,南京復興,2018-01-08,43654.5
Brown,忠孝復興,2018-01-08,33937.0
Brown,大安,2018-01-08,26039.5
Brown,科技大樓,2018-01-08,32647.0
Brown,六張犁,2018-01-08,24384.0
Brown,麟光,2018-01-08,8677.0
Brown,辛亥,2018-01-08,6258.0
Brown,萬芳醫院,2018-01-08,31357.0
Brown,萬芳社區,2018-01-08,4559.0
Brown,木柵,2018-01-08,9046.0
Brown,動物園,2018-01-08,8355.0
Brown,大直,2018-01-08,21091.0
Brown,劍南路,2018-01-08,20611.0
Brown,西湖,2018-01-08,38659.0
Brown,港墘,2018-01-08,34101.0
Brown,文德,2018-01-08,11312.0
Brown,內湖,2018-01-08,17017.0
Brown,大湖公園,2018-01-08,5782.0
Brown,葫洲,2018-01-08,17245.0
Brown,東湖,2018-01-08,16894.0
Brown,南港軟體園區,2018-01-08,11341.0
Brown,南港展覽館,2018-01-08,22830.0
Brown,松山機場,2018-01-09,10376.0
Brown,中山國中,2018-01-09,33394.0
Brown,南京復興,2018-01-09,44781.5
Brown,忠孝復興,2018-01-09,35385.5
Brown,大安,2018-01-09,26555.5
Brown,科技大樓,2018-01-09,33278.0
Brown,六張犁,2018-01-09,24756.0
Brown,麟光,2018-01-09,8630.0
Brown,辛亥,2018-01-09,6510.0
Brown,萬芳醫院,2018-01-09,31476.0
Brown,萬芳社區,2018-01-09,4596.0
Brown,木柵,2018-01-09,9332.0
Brown,動物園,2018-01-09,10263.0
Brown,大直,2018-01-09,21771.0
Brown,劍南路,2018-01-09,21189.0
Brown,西湖,2018-01-09,39909.0
Brown,港墘,2018-01-09,34697.0
Brown,文德,2018-01-09,11446.0
Brown,內湖,2018-01-09,16858.0
Brown,大湖公園,2018-01-09,5963.0
Brown,葫洲,2018-01-09,17188.0
Brown,東湖,2018-01-09,17243.0
Brown,南港軟體園區,2018-01-09,11422.0
Brown,南港展覽館,2018-01-09,23263.5
Brown,松山機場,2018-01-10,10233.0
Brown,中山國中,2018-01-10,33002.0
Brown,南京復興,2018-01-10,43855.0
Brown,忠孝復興,2018-01-10,36030.5
Brown,大安,2018-01-10,26033.0
Brown,科技大樓,2018-01-10,31885.0
Brown,六張犁,2018-01-10,24682.0
Brown,麟光,2018-01-10,8429.0
Brown,辛亥,2018-01-10,6465.0
Brown,萬芳醫院,2018-01-10,31464.0
Brown,萬芳社區,2018-01-10,4756.0
Brown,木柵,2018-01-10,9360.0
Brown,動物園,2018-01-10,13217.0
Brown,大直,2018-01-10,21728.0
Brown,劍南路,2018-01-10,23612.0
Brown,西湖,2018-01-10,39341.0
Brown,港墘,2018-01-10,34315.0
Brown,文德,2018-01-10,11482.0
Brown,內湖,2018-01-10,17113.0
Brown,大湖公園,2018-01-10,6808.0
Brown,葫洲,2018-01-10,17540.0
Brown,東湖,2018-01-10,17398.0
Brown,南港軟體園區,2018-01-10,10741.0
Brown,南港展覽館,2018-01-10,23566.5
Brown,松山機場,2018-01-11,10637.0
Brown,中山國中,2018-01-11,32886.0
Brown,南京復興,2018-01-11,44123.0
Brown,忠孝復興,2018-01-11,37874.0
Brown,大安,2018-01-11,26118.5
Brown,科技大樓,2018-01-11,32577.0
Brown,六張犁,2018-01-11,24492.0
Brown,麟光,2018-01-11,8320.0
Brown,辛亥,2018-01-11,6410.0
Brown,萬芳醫院,2018-01-11,31564.0
Brown,萬芳社區,2018-01-11,4759.0
Brown,木柵,2018-01-11,9398.0
Brown,動物園,2018-01-11,13375.0
Brown,大直,2018-01-11,22632.0
Brown,劍南路,2018-01-11,22220.0
Brown,西湖,2018-01-11,38876.0
Brown,港墘,2018-01-11,33796.0
Brown,文德,2018-01-11,11693.0
Brown,內湖,2018-01-11,16977.0
Brown,大湖公園,2018-01-11,6361.0
Brown,葫洲,2018-01-11,16792.0
Brown,東湖,2018-01-11,17010.0
Brown,南港軟體園區,2018-01-11,10778.0
Brown,南港展覽館,2018-01-11,23427.5
Brown,松山機場,2018-01-12,12026.0
Brown,中山國中,2018-01-12,34469.0
Brown,南京復興,2018-01-12,45897.5
Brown,忠孝復興,2018-01-12,41961.5
Brown,大安,2018-01-12,26843.5
Brown,科技大樓,2018-01-12,33749.0
Brown,六張犁,2018-01-12,25976.0
Brown,麟光,2018-01-12,8734.0
Brown,辛亥,2018-01-12,6755.0
Brown,萬芳醫院,2018-01-12,33961.0
Brown,萬芳社區,2018-01-12,4823.0
Brown,木柵,2018-01-12,9574.0
Brown,動物園,2018-01-12,14762.0
Brown,大直,2018-01-12,22662.0
Brown,劍南路,2018-01-12,25709.0
Brown,西湖,2018-01-12,39527.0
Brown,港墘,2018-01-12,35761.0
Brown,文德,2018-01-12,12725.0
Brown,內湖,2018-01-12,18161.0
Brown,大湖公園,2018-01-12,6725.0
Brown,葫洲,2018-01-12,18115.0
Brown,東湖,2018-01-12,18168.0
Brown,南港軟體園區,2018-01-12,11098.0
Brown,南港展覽館,2018-01-12,24495.0
Brown,松山機場,2018-01-13,8928.0
Brown,中山國中,2018-01-13,21608.0
Brown,南京復興,2018-01-13,25996.0
Brown,忠孝復興,2018-01-13,40527.5
Brown,大安,2018-01-13,15089.5
Brown,科技大樓,2018-01-13,21400.0
Brown,六張犁,2018-01-13,17865.0
Brown,麟光,2018-01-13,7450.0
Brown,辛亥,2018-01-13,5167.0
Brown,萬芳醫院,2018-01-13,21402.0
Brown,萬芳社區,2018-01-13,3587.0
Brown,木柵,2018-01-13,6364.0
Brown,動物園,2018-01-13,18333.0
Brown,大直,2018-01-13,15123.0
Brown,劍南路,2018-01-13,27581.0
Brown,西湖,2018-01-13,12900.0
Brown,港墘,2018-01-13,15519.0
Brown,文德,2018-01-13,8386.0
Brown,內湖,2018-01-13,15875.0
Brown,大湖公園,2018-01-13,6483.0
Brown,葫洲,2018-01-13,11817.0
Brown,東湖,2018-01-13,13611.0
Brown,南港軟體園區,2018-01-13,4977.0
Brown,南港展覽館,2018-01-13,16178.0
Brown,松山機場,2018-01-14,8663.0
Brown,中山國中,2018-01-14,17558.0
Brown,南京復興,2018-01-14,19192.0
Brown,忠孝復興,2018-01-14,31354.5
Brown,大安,2018-01-14,12250.0
Brown,科技大樓,2018-01-14,17069.0
Brown,六張犁,2018-01-14,14247.0
Brown,麟光,2018-01-14,6769.0
Brown,辛亥,2018-01-14,4466.0
Brown,萬芳醫院,2018-01-14,16404.0
Brown,萬芳社區,2018-01-14,3614.0
Brown,木柵,2018-01-14,6250.0
Brown,動物園,2018-01-14,23401.0
Brown,大直,2018-01-14,12522.0
Brown,劍南路,2018-01-14,21259.0
Brown,西湖,2018-01-14,10300.0
Brown,港墘,2018-01-14,11551.0
Brown,文德,2018-01-14,7208.0
Brown,內湖,2018-01-14,13123.0
Brown,大湖公園,2018-01-14,7753.0
Brown,葫洲,2018-01-14,10042.0
Brown,東湖,2018-01-14,11420.0
Brown,南港軟體園區,2018-01-14,4209.0
Brown,南港展覽館,2018-01-14,10122.5
Brown,松山機場,2018-01-15,11181.0
Brown,中山國中,2018-01-15,30465.0
Brown,南京復興,2018-01-15,41481.5
Brown,忠孝復興,2018-01-15,33390.0
Brown,大安,2018-01-15,24866.0
Brown,科技大樓,2018-01-15,28943.0
Brown,六張犁,2018-01-15,23260.0
Brown,麟光,2018-01-15,8051.0
Brown,辛亥,2018-01-15,6341.0
Brown,萬芳醫院,2018-01-15,30752.0
Brown,萬芳社區,2018-01-15,4619.0
Brown,木柵,2018-01-15,9063.0
Brown,動物園,2018-01-15,11790.0
Brown,大直,2018-01-15,21014.0
Brown,劍南路,2018-01-15,21734.0
Brown,西湖,2018-01-15,34557.0
Brown,港墘,2018-01-15,33088.0
Brown,文德,2018-01-15,10976.0
Brown,內湖,2018-01-15,16152.0
Brown,大湖公園,2018-01-15,6739.0
Brown,葫洲,2018-01-15,15344.0
Brown,東湖,2018-01-15,16406.0
Brown,南港軟體園區,2018-01-15,12587.0
Brown,南港展覽館,2018-01-15,24020.0
Brown,松山機場,2018-01-16,10924.0
Brown,中山國中,2018-01-16,31057.0
Brown,南京復興,2018-01-16,43389.5
Brown,忠孝復興,2018-01-16,34697.5
Brown,大安,2018-01-16,25632.5
Brown,科技大樓,2018-01-16,30482.0
Brown,六張犁,2018-01-16,23913.0
Brown,麟光,2018-01-16,8259.0
Brown,辛亥,2018-01-16,6461.0
Brown,萬芳醫院,2018-01-16,31011.0
Brown,萬芳社區,2018-01-16,4705.0
Brown,木柵,2018-01-16,9437.0
Brown,動物園,2018-01-16,15469.0
Brown,大直,2018-01-16,21596.0
Brown,劍南路,2018-01-16,21739.0
Brown,西湖,2018-01-16,35342.0
Brown,港墘,2018-01-16,33849.0
Brown,文德,2018-01-16,11283.0
Brown,內湖,2018-01-16,16511.0
Brown,大湖公園,2018-01-16,6772.0
Brown,葫洲,2018-01-16,15101.0
Brown,東湖,2018-01-16,16686.0
Brown,南港軟體園區,2018-01-16,10589.0
Brown,南港展覽館,2018-01-16,22537.5
Brown,松山機場,2018-01-17,10969.0
Brown,中山國中,2018-01-17,31727.0
Brown,南京復興,2018-01-17,43474.0
Brown,忠孝復興,2018-01-17,35826.0
Brown,大安,2018-01-17,25850.5
Brown,科技大樓,2018-01-17,30243.0
Brown,六張犁,2018-01-17,23929.0
Brown,麟光,2018-01-17,8255.0
Brown,辛亥,2018-01-17,6488.0
Brown,萬芳醫院,2018-01-17,31293.0
Brown,萬芳社區,2018-01-17,4833.0
Brown,木柵,2018-01-17,9436.0
Brown,動物園,2018-01-17,13799.0
Brown,大直,2018-01-17,21629.0
Brown,劍南路,2018-01-17,23806.0
Brown,西湖,2018-01-17,35505.0
Brown,港墘,2018-01-17,33884.0
Brown,文德,2018-01-17,11371.0
Brown,內湖,2018-01-17,16781.0
Brown,大湖公園,2018-01-17,6977.0
Brown,葫洲,2018-01-17,15696.0
Brown,東湖,2018-01-17,16750.0
Brown,南港軟體園區,2018-01-17,10356.0
Brown,南港展覽館,2018-01-17,23356.5
Brown,松山機場,2018-01-18,10750.0
Brown,中山國中,2018-01-18,31769.0
Brown,南京復興,2018-01-18,44665.0
Brown,忠孝復興,2018-01-18,36449.5
Brown,大安,2018-01-18,26042.0
Brown,科技大樓,2018-01-18,30904.0
Brown,六張犁,2018-01-18,24523.0
Brown,麟光,2018-01-18,8361.0
Brown,辛亥,2018-01-18,6570.0
Brown,萬芳醫院,2018-01-18,32166.0
Brown,萬芳社區,2018-01-18,4903.0
Brown,木柵,2018-01-18,9243.0
Brown,動物園,2018-01-18,12949.0
Brown,大直,2018-01-18,21739.0
Brown,劍南路,2018-01-18,23456.0
Brown,西湖,2018-01-18,35404.0
Brown,港墘,2018-01-18,34297.0
Brown,文德,2018-01-18,11333.0
Brown,內湖,2018-01-18,17018.0
Brown,大湖公園,2018-01-18,6597.0
Brown,葫洲,2018-01-18,15761.0
Brown,東湖,2018-01-18,17124.0
Brown,南港軟體園區,2018-01-18,10726.0
Brown,南港展覽館,2018-01-18,23667.0
Brown,松山機場,2018-01-19,12372.0
Brown,中山國中,2018-01-19,34831.0
Brown,南京復興,2018-01-19,48673.0
Brown,忠孝復興,2018-01-19,44605.0
Brown,大安,2018-01-19,28206.5
Brown,科技大樓,2018-01-19,33963.0
Brown,六張犁,2018-01-19,26724.0
Brown,麟光,2018-01-19,9321.0
Brown,辛亥,2018-01-19,6825.0
Brown,萬芳醫院,2018-01-19,32486.0
Brown,萬芳社區,2018-01-19,4793.0
Brown,木柵,2018-01-19,9908.0
Brown,動物園,2018-01-19,11122.0
Brown,大直,2018-01-19,23795.0
Brown,劍南路,2018-01-19,28844.0
Brown,西湖,2018-01-19,37346.0
Brown,港墘,2018-01-19,36641.0
Brown,文德,2018-01-19,12696.0
Brown,內湖,2018-01-19,19108.0
Brown,大湖公園,2018-01-19,6441.0
Brown,葫洲,2018-01-19,17443.0
Brown,東湖,2018-01-19,19198.0
Brown,南港軟體園區,2018-01-19,12056.0
Brown,南港展覽館,2018-01-19,24931.5
Brown,松山機場,2018-01-20,8507.0
Brown,中山國中,2018-01-20,22097.0
Brown,南京復興,2018-01-20,26637.0
Brown,忠孝復興,2018-01-20,41552.0
Brown,大安,2018-01-20,15590.5
Brown,科技大樓,2018-01-20,22202.0
Brown,六張犁,2018-01-20,17862.0
Brown,麟光,2018-01-20,7405.0
Brown,辛亥,2018-01-20,5483.0
Brown,萬芳醫院,2018-01-20,19902.0
Brown,萬芳社區,2018-01-20,3878.0
Brown,木柵,2018-01-20,6341.0
Brown,動物園,2018-01-20,13966.0
Brown,大直,2018-01-20,15513.0
Brown,劍南路,2018-01-20,26346.0
Brown,西湖,2018-01-20,12295.0
Brown,港墘,2018-01-20,14115.0
Brown,文德,2018-01-20,8151.0
Brown,內湖,2018-01-20,15445.0
Brown,大湖公園,2018-01-20,6334.0
Brown,葫洲,2018-01-20,12088.0
Brown,東湖,2018-01-20,14250.0
Brown,南港軟體園區,2018-01-20,5441.0
Brown,南港展覽館,2018-01-20,15240.5
Brown,松山機場,2018-01-21,8848.0
Brown,中山國中,2018-01-21,17601.0
Brown,南京復興,2018-01-21,19965.5
Brown,忠孝復興,2018-01-21,32132.5
Brown,大安,2018-01-21,11577.5
Brown,科技大樓,2018-01-21,16701.0
Brown,六張犁,2018-01-21,14645.0
Brown,麟光,2018-01-21,6788.0
Brown,辛亥,2018-01-21,4483.0
Brown,萬芳醫院,2018-01-21,15201.0
Brown,萬芳社區,2018-01-21,3367.0
Brown,木柵,2018-01-21,6069.0
Brown,動物園,2018-01-21,20205.0
Brown,大直,2018-01-21,12775.0
Brown,劍南路,2018-01-21,21253.0
Brown,西湖,2018-01-21,10430.0
Brown,港墘,2018-01-21,11794.0
Brown,文德,2018-01-21,7445.0
Brown,內湖,2018-01-21,13401.0
Brown,大湖公園,2018-01-21,6688.0
Brown,葫洲,2018-01-21,10102.0
Brown,東湖,2018-01-21,13371.0
Brown,南港軟體園區,2018-01-21,4263.0
Brown,南港展覽館,2018-01-21,11044.5
Brown,松山機場,2018-01-22,10728.0
Brown,中山國中,2018-01-22,30846.0
Brown,南京復興,2018-01-22,42761.0
Brown,忠孝復興,2018-01-22,34110.5
Brown,大安,2018-01-22,25163.0
Brown,科技大樓,2018-01-22,27849.0
Brown,六張犁,2018-01-22,23313.0
Brown,麟光,2018-01-22,8003.0
Brown,辛亥,2018-01-22,6344.0
Brown,萬芳醫院,2018-01-22,27629.0
Brown,萬芳社區,2018-01-22,4457.0
Brown,木柵,2018-01-22,8995.0
Brown,動物園,2018-01-22,13936.0
Brown,大直,2018-01-22,17389.0
Brown,劍南路,2018-01-22,21601.0
Brown,西湖,2018-01-22,34336.0
Brown,港墘,2018-01-22,33009.0
Brown,文德,2018-01-22,11293.0
Brown,內湖,2018-01-22,16513.0
Brown,大湖公園,2018-01-22,6398.0
Brown,葫洲,2018-01-22,14925.0
Brown,東湖,2018-01-22,16536.0
Brown,南港軟體園區,2018-01-22,10286.0
Brown,南港展覽館,2018-01-22,22245.0
Brown,松山機場,2018-01-23,10531.0
Brown,中山國中,2018-01-23,31664.0
Brown,南京復興,2018-01-23,43786.0
Brown,忠孝復興,2018-01-23,35896.5
Brown,大安,2018-01-23,25906.0
Brown,科技大樓,2018-01-23,28855.0
Brown,六張犁,2018-01-23,23756.0
Brown,麟光,2018-01-23,8244.0
Brown,辛亥,2018-01-23,6309.0
Brown,萬芳醫院,2018-01-23,27581.0
Brown,萬芳社區,2018-01-23,4595.0
Brown,木柵,2018-01-23,9025.0
Brown,動物園,2018-01-23,16854.0
Brown,大直,2018-01-23,17877.0
Brown,劍南路,2018-01-23,21688.0
Brown,西湖,2018-01-23,34892.0
Brown,港墘,2018-01-23,33885.0
Brown,文德,2018-01-23,11559.0
Brown,內湖,2018-01-23,16877.0
Brown,大湖公園,2018-01-23,7015.0
Brown,葫洲,2018-01-23,15353.0
Brown,東湖,2018-01-23,17079.0
Brown,南港軟體園區,2018-01-23,10584.0
Brown,南港展覽館,2018-01-23,23617.5
Brown,松山機場,2018-01-24,10636.0
Brown,中山國中,2018-01-24,32308.0
Brown,南京復興,2018-01-24,44881.5
Brown,忠孝復興,2018-01-24,36763.0
Brown,大安,2018-01-24,26122.0
Brown,科技大樓,2018-01-24,29202.0
Brown,六張犁,2018-01-24,24326.0
Brown,麟光,2018-01-24,8509.0
Brown,辛亥,2018-01-24,6597.0
Brown,萬芳醫院,2018-01-24,28477.0
Brown,萬芳社區,2018-01-24,4845.0
Brown,木柵,2018-01-24,9083.0
Brown,動物園,2018-01-24,12672.0
Brown,大直,2018-01-24,18236.0
Brown,劍南路,2018-01-24,24406.0
Brown,西湖,2018-01-24,35315.0
Brown,港墘,2018-01-24,35247.0
Brown,文德,2018-01-24,12154.0
Brown,內湖,2018-01-24,17978.0
Brown,大湖公園,2018-01-24,6778.0
Brown,葫洲,2018-01-24,16093.0
Brown,東湖,2018-01-24,18285.0
Brown,南港軟體園區,2018-01-24,11250.0
Brown,南港展覽館,2018-01-24,24234.0
Brown,松山機場,2018-01-25,11183.0
Brown,中山國中,2018-01-25,32340.0
Brown,南京復興,2018-01-25,45160.0
Brown,忠孝復興,2018-01-25,38653.0
Brown,大安,2018-01-25,24736.5
Brown,科技大樓,2018-01-25,30385.0
Brown,六張犁,2018-01-25,24269.0
Brown,麟光,2018-01-25,8533.0
Brown,辛亥,2018-01-25,6582.0
Brown,萬芳醫院,2018-01-25,26863.0
Brown,萬芳社區,2018-01-25,5068.0
Brown,木柵,2018-01-25,7671.0
Brown,動物園,2018-01-25,16114.0
Brown,大直,2018-01-25,17670.0
Brown,劍南路,2018-01-25,25358.0
Brown,西湖,2018-01-25,35708.0
Brown,港墘,2018-01-25,32695.0
Brown,文德,2018-01-25,11210.0
Brown,內湖,2018-01-25,17328.0
Brown,大湖公園,2018-01-25,6887.0
Brown,葫洲,2018-01-25,15759.0
Brown,東湖,2018-01-25,16090.0
Brown,南港軟體園區,2018-01-25,10900.0
Brown,南港展覽館,2018-01-25,23203.0
Brown,松山機場,2018-01-26,12008.0
Brown,中山國中,2018-01-26,33652.0
Brown,南京復興,2018-01-26,47212.0
Brown,忠孝復興,2018-01-26,43604.5
Brown,大安,2018-01-26,27853.0
Brown,科技大樓,2018-01-26,30791.0
Brown,六張犁,2018-01-26,25658.0
Brown,麟光,2018-01-26,9030.0
Brown,辛亥,2018-01-26,6788.0
Brown,萬芳醫院,2018-01-26,28262.0
Brown,萬芳社區,2018-01-26,4806.0
Brown,木柵,2018-01-26,7896.0
Brown,動物園,2018-01-26,14850.0
Brown,大直,2018-01-26,18700.0
Brown,劍南路,2018-01-26,27460.0
Brown,西湖,2018-01-26,38293.0
Brown,港墘,2018-01-26,35164.0
Brown,文德,2018-01-26,12600.0
Brown,內湖,2018-01-26,17887.0
Brown,大湖公園,2018-01-26,6442.0
Brown,葫洲,2018-01-26,16083.0
Brown,東湖,2018-01-26,16370.0
Brown,南港軟體園區,2018-01-26,11761.0
Brown,南港展覽館,2018-01-26,27964.0
Brown,松山機場,2018-01-27,9084.0
Brown,中山國中,2018-01-27,22985.0
Brown,南京復興,2018-01-27,27519.5
Brown,忠孝復興,2018-01-27,43584.5
Brown,大安,2018-01-27,19245.5
Brown,科技大樓,2018-01-27,21480.0
Brown,六張犁,2018-01-27,18422.0
Brown,麟光,2018-01-27,7936.0
Brown,辛亥,2018-01-27,5485.0
Brown,萬芳醫院,2018-01-27,20186.0
Brown,萬芳社區,2018-01-27,3952.0
Brown,木柵,2018-01-27,6625.0
Brown,動物園,2018-01-27,21028.0
Brown,大直,2018-01-27,15571.0
Brown,劍南路,2018-01-27,28314.0
Brown,西湖,2018-01-27,13263.0
Brown,港墘,2018-01-27,15232.0
Brown,文德,2018-01-27,11147.0
Brown,內湖,2018-01-27,16432.0
Brown,大湖公園,2018-01-27,7511.0
Brown,葫洲,2018-01-27,13005.0
Brown,東湖,2018-01-27,15213.0
Brown,南港軟體園區,2018-01-27,11462.0
Brown,南港展覽館,2018-01-27,24088.0
Brown,松山機場,2018-01-28,8639.0
Brown,中山國中,2018-01-28,19284.0
Brown,南京復興,2018-01-28,21424.5
Brown,忠孝復興,2018-01-28,34203.0
Brown,大安,2018-01-28,13145.5
Brown,科技大樓,2018-01-28,17741.0
Brown,六張犁,2018-01-28,15216.0
Brown,麟光,2018-01-28,7240.0
Brown,辛亥,2018-01-28,4395.0
Brown,萬芳醫院,2018-01-28,15368.0
Brown,萬芳社區,2018-01-28,3182.0
Brown,木柵,2018-01-28,5010.0
Brown,動物園,2018-01-28,10962.0
Brown,大直,2018-01-28,13566.0
Brown,劍南路,2018-01-28,26315.0
Brown,西湖,2018-01-28,10840.0
Brown,港墘,2018-01-28,12096.0
Brown,文德,2018-01-28,7081.0
Brown,內湖,2018-01-28,13195.0
Brown,大湖公園,2018-01-28,5198.0
Brown,葫洲,2018-01-28,9997.0
Brown,東湖,2018-01-28,11825.0
Brown,南港軟體園區,2018-01-28,4586.0
Brown,南港展覽館,2018-01-28,10874.5
Brown,松山機場,2018-01-29,11130.0
Brown,中山國中,2018-01-29,32290.0
Brown,南京復興,2018-01-29,44870.0
Brown,忠孝復興,2018-01-29,36867.5
Brown,大安,2018-01-29,23471.5
Brown,科技大樓,2018-01-29,30163.0
Brown,六張犁,2018-01-29,23901.0
Brown,麟光,2018-01-29,8637.0
Brown,辛亥,2018-01-29,6184.0
Brown,萬芳醫院,2018-01-29,27023.0
Brown,萬芳社區,2018-01-29,4363.0
Brown,木柵,2018-01-29,7324.0
Brown,動物園,2018-01-29,8626.0
Brown,大直,2018-01-29,17388.0
Brown,劍南路,2018-01-29,23220.0
Brown,西湖,2018-01-29,35245.0
Brown,港墘,2018-01-29,32097.0
Brown,文德,2018-01-29,10040.0
Brown,內湖,2018-01-29,17094.0
Brown,大湖公園,2018-01-29,6032.0
Brown,葫洲,2018-01-29,15481.0
Brown,東湖,2018-01-29,15689.0
Brown,南港軟體園區,2018-01-29,11305.0
Brown,南港展覽館,2018-01-29,21072.5
Brown,松山機場,2018-01-30,11392.0
Brown,中山國中,2018-01-30,33305.0
Brown,南京復興,2018-01-30,45608.0
Brown,忠孝復興,2018-01-30,38105.5
Brown,大安,2018-01-30,24349.0
Brown,科技大樓,2018-01-30,31458.0
Brown,六張犁,2018-01-30,25140.0
Brown,麟光,2018-01-30,8975.0
Brown,辛亥,2018-01-30,6571.0
Brown,萬芳醫院,2018-01-30,27680.0
Brown,萬芳社區,2018-01-30,4449.0
Brown,木柵,2018-01-30,7130.0
Brown,動物園,2018-01-30,10616.0
Brown,大直,2018-01-30,17491.0
Brown,劍南路,2018-01-30,23509.0
Brown,西湖,2018-01-30,36466.0
Brown,港墘,2018-01-30,33190.0
Brown,文德,2018-01-30,11089.0
Brown,內湖,2018-01-30,17344.0
Brown,大湖公園,2018-01-30,6102.0
Brown,葫洲,2018-01-30,15856.0
Brown,東湖,2018-01-30,17129.0
Brown,南港軟體園區,2018-01-30,11786.0
Brown,南港展覽館,2018-01-30,22553.5
Brown,松山機場,2018-01-31,11059.0
Brown,中山國中,2018-01-31,33960.0
Brown,南京復興,2018-01-31,46129.5
Brown,忠孝復興,2018-01-31,41246.5
Brown,大安,2018-01-31,24486.5
Brown,科技大樓,2018-01-31,31363.0
Brown,六張犁,2018-01-31,25250.0
Brown,麟光,2018-01-31,9139.0
Brown,辛亥,2018-01-31,6546.0
Brown,萬芳醫院,2018-01-31,27598.0
Brown,萬芳社區,2018-01-31,4524.0
Brown,木柵,2018-01-31,7423.0
Brown,動物園,2018-01-31,10938.0
Brown,大直,2018-01-31,18706.0
Brown,劍南路,2018-01-31,24660.0
Brown,西湖,2018-01-31,37046.0
Brown,港墘,2018-01-31,33444.0
Brown,文德,2018-01-31,10772.0
Brown,內湖,2018-01-31,17636.0
Brown,大湖公園,2018-01-31,6276.0
Brown,葫洲,2018-01-31,16219.0
Brown,東湖,2018-01-31,17090.0
Brown,南港軟體園區,2018-01-31,11904.0
Brown,南港展覽館,2018-01-31,23236.5
Brown,松山機場,2018-02-01,11139.0
Brown,中山國中,2018-02-01,33328.0
Brown,南京復興,2018-02-01,45680.0
Brown,忠孝復興,2018-02-01,39774.5
Brown,大安,2018-02-01,23784.0
Brown,科技大樓,2018-02-01,30763.0
Brown,六張犁,2018-02-01,24981.0
Brown,麟光,2018-02-01,8834.0
Brown,辛亥,2018-02-01,6535.0
Brown,萬芳醫院,2018-02-01,27340.0
Brown,萬芳社區,2018-02-01,4634.0
Brown,木柵,2018-02-01,7349.0
Brown,動物園,2018-02-01,10949.0
Brown,大直,2018-02-01,16900.0
Brown,劍南路,2018-02-01,23963.0
Brown,西湖,2018-02-01,35861.0
Brown,港墘,2018-02-01,32813.0
Brown,文德,2018-02-01,10067.0
Brown,內湖,2018-02-01,17466.0
Brown,大湖公園,2018-02-01,6011.0
Brown,葫洲,2018-02-01,15659.0
Brown,東湖,2018-02-01,16232.0
Brown,南港軟體園區,2018-02-01,11844.0
Brown,南港展覽館,2018-02-01,31242.5
Brown,松山機場,2018-02-02,11930.0
Brown,中山國中,2018-02-02,34595.0
Brown,南京復興,2018-02-02,48368.0
Brown,忠孝復興,2018-02-02,44996.5
Brown,大安,2018-02-02,25444.5
Brown,科技大樓,2018-02-02,32201.0
Brown,六張犁,2018-02-02,26158.0
Brown,麟光,2018-02-02,9177.0
Brown,辛亥,2018-02-02,6492.0
Brown,萬芳醫院,2018-02-02,28161.0
Brown,萬芳社區,2018-02-02,4870.0
Brown,木柵,2018-02-02,7595.0
Brown,動物園,2018-02-02,12863.0
Brown,大直,2018-02-02,18010.0
Brown,劍南路,2018-02-02,29365.0
Brown,西湖,2018-02-02,37020.0
Brown,港墘,2018-02-02,33942.0
Brown,文德,2018-02-02,11124.0
Brown,內湖,2018-02-02,18313.0
Brown,大湖公園,2018-02-02,6314.0
Brown,葫洲,2018-02-02,16444.0
Brown,東湖,2018-02-02,16954.0
Brown,南港軟體園區,2018-02-02,12088.0
Brown,南港展覽館,2018-02-02,29925.5
Brown,松山機場,2018-02-03,7934.0
Brown,中山國中,2018-02-03,22397.0
Brown,南京復興,2018-02-03,26611.0
Brown,忠孝復興,2018-02-03,42719.5
Brown,大安,2018-02-03,15962.5
Brown,科技大樓,2018-02-03,23421.0
Brown,六張犁,2018-02-03,17802.0
Brown,麟光,2018-02-03,7923.0
Brown,辛亥,2018-02-03,5260.0
Brown,萬芳醫院,2018-02-03,19485.0
Brown,萬芳社區,2018-02-03,3302.0
Brown,木柵,2018-02-03,5444.0
Brown,動物園,2018-02-03,9071.0
Brown,大直,2018-02-03,13261.0
Brown,劍南路,2018-02-03,25629.0
Brown,西湖,2018-02-03,12454.0
Brown,港墘,2018-02-03,14976.0
Brown,文德,2018-02-03,8034.0
Brown,內湖,2018-02-03,15166.0
Brown,大湖公園,2018-02-03,4562.0
Brown,葫洲,2018-02-03,11116.0
Brown,東湖,2018-02-03,13570.0
Brown,南港軟體園區,2018-02-03,5012.0
Brown,南港展覽館,2018-02-03,24254.5
Brown,松山機場,2018-02-04,7780.0
Brown,中山國中,2018-02-04,18305.0
Brown,南京復興,2018-02-04,19327.0
Brown,忠孝復興,2018-02-04,33699.0
Brown,大安,2018-02-04,11304.5
Brown,科技大樓,2018-02-04,17227.0
Brown,六張犁,2018-02-04,14332.0
Brown,麟光,2018-02-04,6751.0
Brown,辛亥,2018-02-04,4166.0
Brown,萬芳醫院,2018-02-04,15274.0
Brown,萬芳社區,2018-02-04,2747.0
Brown,木柵,2018-02-04,4277.0
Brown,動物園,2018-02-04,7368.0
Brown,大直,2018-02-04,10704.0
Brown,劍南路,2018-02-04,20514.0
Brown,西湖,2018-02-04,9732.0
Brown,港墘,2018-02-04,12106.0
Brown,文德,2018-02-04,6949.0
Brown,內湖,2018-02-04,11747.0
Brown,大湖公園,2018-02-04,3945.0
Brown,葫洲,2018-02-04,8861.0
Brown,東湖,2018-02-04,11266.0
Brown,南港軟體園區,2018-02-04,4290.0
Brown,南港展覽館,2018-02-04,18587.0
Brown,松山機場,2018-02-05,10693.0
Brown,中山國中,2018-02-05,35265.0
Brown,南京復興,2018-02-05,45417.0
Brown,忠孝復興,2018-02-05,38242.0
Brown,大安,2018-02-05,23389.0
Brown,科技大樓,2018-02-05,30187.0
Brown,六張犁,2018-02-05,24536.0
Brown,麟光,2018-02-05,8899.0
Brown,辛亥,2018-02-05,6294.0
Brown,萬芳醫院,2018-02-05,26479.0
Brown,萬芳社區,2018-02-05,4342.0
Brown,木柵,2018-02-05,6871.0
Brown,動物園,2018-02-05,8128.0
Brown,大直,2018-02-05,16777.0
Brown,劍南路,2018-02-05,22685.0
Brown,西湖,2018-02-05,35950.0
Brown,港墘,2018-02-05,32051.0
Brown,文德,2018-02-05,9565.0
Brown,內湖,2018-02-05,17018.0
Brown,大湖公園,2018-02-05,5693.0
Brown,葫洲,2018-02-05,15318.0
Brown,東湖,2018-02-05,15428.0
Brown,南港軟體園區,2018-02-05,11139.0
Brown,南港展覽館,2018-02-05,24696.5
Brown,松山機場,2018-02-06,10835.0
Brown,中山國中,2018-02-06,33285.0
Brown,南京復興,2018-02-06,46180.5
Brown,忠孝復興,2018-02-06,39840.0
Brown,大安,2018-02-06,22939.5
Brown,科技大樓,2018-02-06,31098.0
Brown,六張犁,2018-02-06,24899.0
Brown,麟光,2018-02-06,8543.0
Brown,辛亥,2018-02-06,6612.0
Brown,萬芳醫院,2018-02-06,26342.0
Brown,萬芳社區,2018-02-06,4677.0
Brown,木柵,2018-02-06,6836.0
Brown,動物園,2018-02-06,12555.0
Brown,大直,2018-02-06,17477.0
Brown,劍南路,2018-02-06,23452.0
Brown,西湖,2018-02-06,35985.0
Brown,港墘,2018-02-06,32759.0
Brown,文德,2018-02-06,9853.0
Brown,內湖,2018-02-06,17245.0
Brown,大湖公園,2018-02-06,6086.0
Brown,葫洲,2018-02-06,15425.0
Brown,東湖,2018-02-06,16605.0
Brown,南港軟體園區,2018-02-06,10835.0
Brown,南港展覽館,2018-02-06,23179.0
Brown,松山機場,2018-02-07,11303.0
Brown,中山國中,2018-02-07,34051.0
Brown,南京復興,2018-02-07,46394.0
Brown,忠孝復興,2018-02-07,42149.0
Brown,大安,2018-02-07,24033.0
Brown,科技大樓,2018-02-07,34279.0
Brown,六張犁,2018-02-07,25016.0
Brown,麟光,2018-02-07,9199.0
Brown,辛亥,2018-02-07,6947.0
Brown,萬芳醫院,2018-02-07,27200.0
Brown,萬芳社區,2018-02-07,4625.0
Brown,木柵,2018-02-07,7147.0
Brown,動物園,2018-02-07,10058.0
Brown,大直,2018-02-07,17000.0
Brown,劍南路,2018-02-07,25006.0
Brown,西湖,2018-02-07,37026.0
Brown,港墘,2018-02-07,33315.0
Brown,文德,2018-02-07,9909.0
Brown,內湖,2018-02-07,17734.0
Brown,大湖公園,2018-02-07,6235.0
Brown,葫洲,2018-02-07,15952.0
Brown,東湖,2018-02-07,16305.0
Brown,南港軟體園區,2018-02-07,12083.0
Brown,南港展覽館,2018-02-07,21957.0
Brown,松山機場,2018-02-08,11393.0
Brown,中山國中,2018-02-08,34522.0
Brown,南京復興,2018-02-08,47737.0
Brown,忠孝復興,2018-02-08,43281.5
Brown,大安,2018-02-08,25554.0
Brown,科技大樓,2018-02-08,33871.0
Brown,六張犁,2018-02-08,25631.0
Brown,麟光,2018-02-08,8991.0
Brown,辛亥,2018-02-08,6972.0
Brown,萬芳醫院,2018-02-08,27348.0
Brown,萬芳社區,2018-02-08,4635.0
Brown,木柵,2018-02-08,7295.0
Brown,動物園,2018-02-08,11672.0
Brown,大直,2018-02-08,17559.0
Brown,劍南路,2018-02-08,25785.0
Brown,西湖,2018-02-08,37407.0
Brown,港墘,2018-02-08,33389.0
Brown,文德,2018-02-08,10096.0
Brown,內湖,2018-02-08,18261.0
Brown,大湖公園,2018-02-08,6066.0
Brown,葫洲,2018-02-08,16188.0
Brown,東湖,2018-02-08,17081.0
Brown,南港軟體園區,2018-02-08,11509.0
Brown,南港展覽館,2018-02-08,22473.0
Brown,松山機場,2018-02-09,13297.0
Brown,中山國中,2018-02-09,37010.0
Brown,南京復興,2018-02-09,49611.0
Brown,忠孝復興,2018-02-09,49015.5
Brown,大安,2018-02-09,25265.5
Brown,科技大樓,2018-02-09,36625.0
Brown,六張犁,2018-02-09,27206.0
Brown,麟光,2018-02-09,9828.0
Brown,辛亥,2018-02-09,6867.0
Brown,萬芳醫院,2018-02-09,30329.0
Brown,萬芳社區,2018-02-09,4844.0
Brown,木柵,2018-02-09,7609.0
Brown,動物園,2018-02-09,13854.0
Brown,大直,2018-02-09,18344.0
Brown,劍南路,2018-02-09,29335.0
Brown,西湖,2018-02-09,38607.0
Brown,港墘,2018-02-09,34807.0
Brown,文德,2018-02-09,10910.0
Brown,內湖,2018-02-09,19323.0
Brown,大湖公園,2018-02-09,6563.0
Brown,葫洲,2018-02-09,17136.0
Brown,東湖,2018-02-09,18188.0
Brown,南港軟體園區,2018-02-09,12164.0
Brown,南港展覽館,2018-02-09,24559.0
Brown,松山機場,2018-02-10,8414.0
Brown,中山國中,2018-02-10,22518.0
Brown,南京復興,2018-02-10,27240.5
Brown,忠孝復興,2018-02-10,47257.0
Brown,大安,2018-02-10,16337.0
Brown,科技大樓,2018-02-10,22175.0
Brown,六張犁,2018-02-10,19033.0
Brown,麟光,2018-02-10,8512.0
Brown,辛亥,2018-02-10,5604.0
Brown,萬芳醫院,2018-02-10,20724.0
Brown,萬芳社區,2018-02-10,3471.0
Brown,木柵,2018-02-10,5420.0
Brown,動物園,2018-02-10,11657.0
Brown,大直,2018-02-10,14244.0
Brown,劍南路,2018-02-10,24206.0
Brown,西湖,2018-02-10,12404.0
Brown,港墘,2018-02-10,15090.0
Brown,文德,2018-02-10,8274.0
Brown,內湖,2018-02-10,15888.0
Brown,大湖公園,2018-02-10,5104.0
Brown,葫洲,2018-02-10,11469.0
Brown,東湖,2018-02-10,14166.0
Brown,南港軟體園區,2018-02-10,4274.0
Brown,南港展覽館,2018-02-10,14023.5
Brown,松山機場,2018-02-11,8099.0
Brown,中山國中,2018-02-11,19295.0
Brown,南京復興,2018-02-11,20890.0
Brown,忠孝復興,2018-02-11,40735.0
Brown,大安,2018-02-11,13125.5
Brown,科技大樓,2018-02-11,17228.0
Brown,六張犁,2018-02-11,15184.0
Brown,麟光,2018-02-11,7283.0
Brown,辛亥,2018-02-11,4587.0
Brown,萬芳醫院,2018-02-11,16777.0
Brown,萬芳社區,2018-02-11,3046.0
Brown,木柵,2018-02-11,4605.0
Brown,動物園,2018-02-11,11602.0
Brown,大直,2018-02-11,11577.0
Brown,劍南路,2018-02-11,19447.0
Brown,西湖,2018-02-11,10225.0
Brown,港墘,2018-02-11,11792.0
Brown,文德,2018-02-11,7115.0
Brown,內湖,2018-02-11,13030.0
Brown,大湖公園,2018-02-11,4943.0
Brown,葫洲,2018-02-11,9549.0
Brown,東湖,2018-02-11,12619.0
Brown,南港軟體園區,2018-02-11,4322.0
Brown,南港展覽館,2018-02-11,18120.5
Brown,松山機場,2018-02-12,11415.0
Brown,中山國中,2018-02-12,33624.0
Brown,南京復興,2018-02-12,45855.0
Brown,忠孝復興,2018-02-12,44321.5
Brown,大安,2018-02-12,22714.5
Brown,科技大樓,2018-02-12,28023.0
Brown,六張犁,2018-02-12,24590.0
Brown,麟光,2018-02-12,8940.0
Brown,辛亥,2018-02-12,6336.0
Brown,萬芳醫院,2018-02-12,25927.0
Brown,萬芳社區,2018-02-12,4730.0
Brown,木柵,2018-02-12,7084.0
Brown,動物園,2018-02-12,13637.0
Brown,大直,2018-02-12,16448.0
Brown,劍南路,2018-02-12,25690.0
Brown,西湖,2018-02-12,35747.0
Brown,港墘,2018-02-12,32637.0
Brown,文德,2018-02-12,9724.0
Brown,內湖,2018-02-12,17605.0
Brown,大湖公園,2018-02-12,6644.0
Brown,葫洲,2018-02-12,15402.0
Brown,東湖,2018-02-12,16428.0
Brown,南港軟體園區,2018-02-12,10909.0
Brown,南港展覽館,2018-02-12,21349.0
Brown,松山機場,2018-02-13,11585.0
Brown,中山國中,2018-02-13,32822.0
Brown,南京復興,2018-02-13,43403.5
Brown,忠孝復興,2018-02-13,45207.0
Brown,大安,2018-02-13,21825.5
Brown,科技大樓,2018-02-13,26801.0
Brown,六張犁,2018-02-13,23837.0
Brown,麟光,2018-02-13,8973.0
Brown,辛亥,2018-02-13,6296.0
Brown,萬芳醫院,2018-02-13,24863.0
Brown,萬芳社區,2018-02-13,4641.0
Brown,木柵,2018-02-13,6680.0
Brown,動物園,2018-02-13,16377.0
Brown,大直,2018-02-13,15893.0
Brown,劍南路,2018-02-13,26156.0
Brown,西湖,2018-02-13,34884.0
Brown,港墘,2018-02-13,31942.0
Brown,文德,2018-02-13,9710.0
Brown,內湖,2018-02-13,17280.0
Brown,大湖公園,2018-02-13,6335.0
Brown,葫洲,2018-02-13,15146.0
Brown,東湖,2018-02-13,16364.0
Brown,南港軟體園區,2018-02-13,10215.0
Brown,南港展覽館,2018-02-13,21457.5
Brown,松山機場,2018-02-14,11258.0
Brown,中山國中,2018-02-14,27750.0
Brown,南京復興,2018-02-14,36485.5
Brown,忠孝復興,2018-02-14,44015.5
Brown,大安,2018-02-14,17718.0
Brown,科技大樓,2018-02-14,22227.0
Brown,六張犁,2018-02-14,20285.0
Brown,麟光,2018-02-14,8229.0
Brown,辛亥,2018-02-14,5362.0
Brown,萬芳醫院,2018-02-14,22664.0
Brown,萬芳社區,2018-02-14,4162.0
Brown,木柵,2018-02-14,5823.0
Brown,動物園,2018-02-14,15030.0
Brown,大直,2018-02-14,13676.0
Brown,劍南路,2018-02-14,23512.0
Brown,西湖,2018-02-14,29181.0
Brown,港墘,2018-02-14,27043.0
Brown,文德,2018-02-14,8536.0
Brown,內湖,2018-02-14,15441.0
Brown,大湖公園,2018-02-14,5854.0
Brown,葫洲,2018-02-14,13369.0
Brown,東湖,2018-02-14,15222.0
Brown,南港軟體園區,2018-02-14,8512.0
Brown,南港展覽館,2018-02-14,18599.0
Brown,松山機場,2018-02-15,6293.0
Brown,中山國中,2018-02-15,8887.0
Brown,南京復興,2018-02-15,9801.5
Brown,忠孝復興,2018-02-15,16208.5
Brown,大安,2018-02-15,5743.0
Brown,科技大樓,2018-02-15,8067.0
Brown,六張犁,2018-02-15,8050.0
Brown,麟光,2018-02-15,5339.0
Brown,辛亥,2018-02-15,2507.0
Brown,萬芳醫院,2018-02-15,8505.0
Brown,萬芳社區,2018-02-15,1905.0
Brown,木柵,2018-02-15,2844.0
Brown,動物園,2018-02-15,4579.0
Brown,大直,2018-02-15,4990.0
Brown,劍南路,2018-02-15,11314.0
Brown,西湖,2018-02-15,4810.0
Brown,港墘,2018-02-15,5388.0
Brown,文德,2018-02-15,3728.0
Brown,內湖,2018-02-15,7718.0
Brown,大湖公園,2018-02-15,2900.0
Brown,葫洲,2018-02-15,5084.0
Brown,東湖,2018-02-15,6397.0
Brown,南港軟體園區,2018-02-15,1934.0
Brown,南港展覽館,2018-02-15,6051.5
Brown,松山機場,2018-02-16,7105.0
Brown,中山國中,2018-02-16,11714.0
Brown,南京復興,2018-02-16,11890.5
Brown,忠孝復興,2018-02-16,26488.5
Brown,大安,2018-02-16,6263.0
Brown,科技大樓,2018-02-16,9433.0
Brown,六張犁,2018-02-16,9877.0
Brown,麟光,2018-02-16,5992.0
Brown,辛亥,2018-02-16,3424.0
Brown,萬芳醫院,2018-02-16,11712.0
Brown,萬芳社區,2018-02-16,3532.0
Brown,木柵,2018-02-16,5451.0
Brown,動物園,2018-02-16,37516.0
Brown,大直,2018-02-16,5777.0
Brown,劍南路,2018-02-16,17593.0
Brown,西湖,2018-02-16,4941.0
Brown,港墘,2018-02-16,6037.0
Brown,文德,2018-02-16,4835.0
Brown,內湖,2018-02-16,9463.0
Brown,大湖公園,2018-02-16,6165.0
Brown,葫洲,2018-02-16,6080.0
Brown,東湖,2018-02-16,10966.0
Brown,南港軟體園區,2018-02-16,2686.0
Brown,南港展覽館,2018-02-16,15037.5
Brown,松山機場,2018-02-17,7764.0
Brown,中山國中,2018-02-17,12696.0
Brown,南京復興,2018-02-17,13852.5
Brown,忠孝復興,2018-02-17,27695.0
Brown,大安,2018-02-17,6852.5
Brown,科技大樓,2018-02-17,10184.0
Brown,六張犁,2018-02-17,10637.0
Brown,麟光,2018-02-17,5843.0
Brown,辛亥,2018-02-17,3496.0
Brown,萬芳醫院,2018-02-17,11607.0
Brown,萬芳社區,2018-02-17,3117.0
Brown,木柵,2018-02-17,5446.0
Brown,動物園,2018-02-17,34479.0
Brown,大直,2018-02-17,6523.0
Brown,劍南路,2018-02-17,17532.0
Brown,西湖,2018-02-17,5691.0
Brown,港墘,2018-02-17,6763.0
Brown,文德,2018-02-17,4826.0
Brown,內湖,2018-02-17,10511.0
Brown,大湖公園,2018-02-17,5668.0
Brown,葫洲,2018-02-17,6846.0
Brown,東湖,2018-02-17,11695.0
Brown,南港軟體園區,2018-02-17,3383.0
Brown,南港展覽館,2018-02-17,15042.0
Brown,松山機場,2018-02-18,8475.0
Brown,中山國中,2018-02-18,14702.0
Brown,南京復興,2018-02-18,16393.5
Brown,忠孝復興,2018-02-18,34059.5
Brown,大安,2018-02-18,8538.5
Brown,科技大樓,2018-02-18,11934.0
Brown,六張犁,2018-02-18,12104.0
Brown,麟光,2018-02-18,6455.0
Brown,辛亥,2018-02-18,4492.0
Brown,萬芳醫院,2018-02-18,14465.0
Brown,萬芳社區,2018-02-18,4857.0
Brown,木柵,2018-02-18,7538.0
Brown,動物園,2018-02-18,53627.0
Brown,大直,2018-02-18,8260.0
Brown,劍南路,2018-02-18,21473.0
Brown,西湖,2018-02-18,6860.0
Brown,港墘,2018-02-18,8655.0
Brown,文德,2018-02-18,6376.0
Brown,內湖,2018-02-18,12412.0
Brown,大湖公園,2018-02-18,9641.0
Brown,葫洲,2018-02-18,8403.0
Brown,東湖,2018-02-18,18224.0
Brown,南港軟體園區,2018-02-18,4260.0
Brown,南港展覽館,2018-02-18,18118.0
Brown,松山機場,2018-02-19,9079.0
Brown,中山國中,2018-02-19,16390.0
Brown,南京復興,2018-02-19,18868.5
Brown,忠孝復興,2018-02-19,35603.0
Brown,大安,2018-02-19,9700.5
Brown,科技大樓,2018-02-19,13269.0
Brown,六張犁,2018-02-19,13674.0
Brown,麟光,2018-02-19,7275.0
Brown,辛亥,2018-02-19,3876.0
Brown,萬芳醫院,2018-02-19,15864.0
Brown,萬芳社區,2018-02-19,4240.0
Brown,木柵,2018-02-19,7476.0
Brown,動物園,2018-02-19,42163.0
Brown,大直,2018-02-19,8956.0
Brown,劍南路,2018-02-19,22307.0
Brown,西湖,2018-02-19,8953.0
Brown,港墘,2018-02-19,9900.0
Brown,文德,2018-02-19,7269.0
Brown,內湖,2018-02-19,14063.0
Brown,大湖公園,2018-02-19,9989.0
Brown,葫洲,2018-02-19,9538.0
Brown,東湖,2018-02-19,20581.0
Brown,南港軟體園區,2018-02-19,4657.0
Brown,南港展覽館,2018-02-19,10304.0
Brown,松山機場,2018-02-20,9127.0
Brown,中山國中,2018-02-20,15854.0
Brown,南京復興,2018-02-20,18782.0
Brown,忠孝復興,2018-02-20,33239.5
Brown,大安,2018-02-20,9871.0
Brown,科技大樓,2018-02-20,13627.0
Brown,六張犁,2018-02-20,13569.0
Brown,麟光,2018-02-20,7023.0
Brown,辛亥,2018-02-20,3990.0
Brown,萬芳醫院,2018-02-20,18317.0
Brown,萬芳社區,2018-02-20,3558.0
Brown,木柵,2018-02-20,5763.0
Brown,動物園,2018-02-20,25696.0
Brown,大直,2018-02-20,10209.0
Brown,劍南路,2018-02-20,18667.0
Brown,西湖,2018-02-20,9013.0
Brown,港墘,2018-02-20,10651.0
Brown,文德,2018-02-20,7253.0
Brown,內湖,2018-02-20,13047.0
Brown,大湖公園,2018-02-20,6788.0
Brown,葫洲,2018-02-20,9182.0
Brown,東湖,2018-02-20,15586.0
Brown,南港軟體園區,2018-02-20,4313.0
Brown,南港展覽館,2018-02-20,9367.5
Brown,松山機場,2018-02-21,10922.0
Brown,中山國中,2018-02-21,29421.0
Brown,南京復興,2018-02-21,40410.5
Brown,忠孝復興,2018-02-21,36226.5
Brown,大安,2018-02-21,25163.5
Brown,科技大樓,2018-02-21,25442.0
Brown,六張犁,2018-02-21,22083.0
Brown,麟光,2018-02-21,8111.0
Brown,辛亥,2018-02-21,5944.0
Brown,萬芳醫院,2018-02-21,26340.0
Brown,萬芳社區,2018-02-21,4508.0
Brown,木柵,2018-02-21,8624.0
Brown,動物園,2018-02-21,12506.0
Brown,大直,2018-02-21,17076.0
Brown,劍南路,2018-02-21,20720.0
Brown,西湖,2018-02-21,31857.0
Brown,港墘,2018-02-21,32538.0
Brown,文德,2018-02-21,11525.0
Brown,內湖,2018-02-21,16434.0
Brown,大湖公園,2018-02-21,6329.0
Brown,葫洲,2018-02-21,14782.0
Brown,東湖,2018-02-21,17990.0
Brown,南港軟體園區,2018-02-21,9905.0
Brown,南港展覽館,2018-02-21,20639.0
Brown,松山機場,2018-02-22,11333.0
Brown,中山國中,2018-02-22,32348.0
Brown,南京復興,2018-02-22,44080.5
Brown,忠孝復興,2018-02-22,38271.5
Brown,大安,2018-02-22,26764.0
Brown,科技大樓,2018-02-22,28737.0
Brown,六張犁,2018-02-22,23800.0
Brown,麟光,2018-02-22,8439.0
Brown,辛亥,2018-02-22,6206.0
Brown,萬芳醫院,2018-02-22,27269.0
Brown,萬芳社區,2018-02-22,4471.0
Brown,木柵,2018-02-22,8810.0
Brown,動物園,2018-02-22,11764.0
Brown,大直,2018-02-22,20770.0
Brown,劍南路,2018-02-22,22274.0
Brown,西湖,2018-02-22,34852.0
Brown,港墘,2018-02-22,34408.0
Brown,文德,2018-02-22,11837.0
Brown,內湖,2018-02-22,17008.0
Brown,大湖公園,2018-02-22,6111.0
Brown,葫洲,2018-02-22,15384.0
Brown,東湖,2018-02-22,17558.0
Brown,南港軟體園區,2018-02-22,11080.0
Brown,南港展覽館,2018-02-22,22130.0
Brown,松山機場,2018-02-23,11784.0
Brown,中山國中,2018-02-23,33911.0
Brown,南京復興,2018-02-23,45609.0
Brown,忠孝復興,2018-02-23,42891.5
Brown,大安,2018-02-23,26940.0
Brown,科技大樓,2018-02-23,29956.0
Brown,六張犁,2018-02-23,25366.0
Brown,麟光,2018-02-23,8563.0
Brown,辛亥,2018-02-23,6705.0
Brown,萬芳醫院,2018-02-23,32041.0
Brown,萬芳社區,2018-02-23,4953.0
Brown,木柵,2018-02-23,9280.0
Brown,動物園,2018-02-23,14705.0
Brown,大直,2018-02-23,21566.0
Brown,劍南路,2018-02-23,23504.0
Brown,西湖,2018-02-23,35789.0
Brown,港墘,2018-02-23,35552.0
Brown,文德,2018-02-23,13148.0
Brown,內湖,2018-02-23,18205.0
Brown,大湖公園,2018-02-23,6622.0
Brown,葫洲,2018-02-23,16706.0
Brown,東湖,2018-02-23,19346.0
Brown,南港軟體園區,2018-02-23,10964.0
Brown,南港展覽館,2018-02-23,22984.0
Brown,松山機場,2018-02-24,9190.0
Brown,中山國中,2018-02-24,22375.0
Brown,南京復興,2018-02-24,25943.5
Brown,忠孝復興,2018-02-24,42064.0
Brown,大安,2018-02-24,15933.5
Brown,科技大樓,2018-02-24,21313.0
Brown,六張犁,2018-02-24,18240.0
Brown,麟光,2018-02-24,7682.0
Brown,辛亥,2018-02-24,5378.0
Brown,萬芳醫院,2018-02-24,21931.0
Brown,萬芳社區,2018-02-24,3750.0
Brown,木柵,2018-02-24,6437.0
Brown,動物園,2018-02-24,21050.0
Brown,大直,2018-02-24,15755.0
Brown,劍南路,2018-02-24,22705.0
Brown,西湖,2018-02-24,12690.0
Brown,港墘,2018-02-24,14206.0
Brown,文德,2018-02-24,8691.0
Brown,內湖,2018-02-24,16715.0
Brown,大湖公園,2018-02-24,6924.0
Brown,葫洲,2018-02-24,12359.0
Brown,東湖,2018-02-24,17207.0
Brown,南港軟體園區,2018-02-24,4535.0
Brown,南港展覽館,2018-02-24,12362.5
Brown,松山機場,2018-02-25,8750.0
Brown,中山國中,2018-02-25,18291.0
Brown,南京復興,2018-02-25,20445.0
Brown,忠孝復興,2018-02-25,33845.0
Brown,大安,2018-02-25,13239.5
Brown,科技大樓,2018-02-25,18182.0
Brown,六張犁,2018-02-25,14654.0
Brown,麟光,2018-02-25,6689.0
Brown,辛亥,2018-02-25,4270.0
Brown,萬芳醫院,2018-02-25,17450.0
Brown,萬芳社區,2018-02-25,3229.0
Brown,木柵,2018-02-25,4895.0
Brown,動物園,2018-02-25,13984.0
Brown,大直,2018-02-25,12525.0
Brown,劍南路,2018-02-25,19453.0
Brown,西湖,2018-02-25,10458.0
Brown,港墘,2018-02-25,11030.0
Brown,文德,2018-02-25,7222.0
Brown,內湖,2018-02-25,13387.0
Brown,大湖公園,2018-02-25,5288.0
Brown,葫洲,2018-02-25,10080.0
Brown,東湖,2018-02-25,12922.0
Brown,南港軟體園區,2018-02-25,4203.0
Brown,南港展覽館,2018-02-25,9932.5
Brown,松山機場,2018-02-26,11152.0
Brown,中山國中,2018-02-26,31776.0
Brown,南京復興,2018-02-26,43872.5
Brown,忠孝復興,2018-02-26,34860.5
Brown,大安,2018-02-26,26183.0
Brown,科技大樓,2018-02-26,31277.0
Brown,六張犁,2018-02-26,24107.0
Brown,麟光,2018-02-26,8174.0
Brown,辛亥,2018-02-26,6377.0
Brown,萬芳醫院,2018-02-26,31011.0
Brown,萬芳社區,2018-02-26,4739.0
Brown,木柵,2018-02-26,9100.0
Brown,動物園,2018-02-26,11607.0
Brown,大直,2018-02-26,22098.0
Brown,劍南路,2018-02-26,20759.0
Brown,西湖,2018-02-26,37798.0
Brown,港墘,2018-02-26,34169.0
Brown,文德,2018-02-26,11693.0
Brown,內湖,2018-02-26,17087.0
Brown,大湖公園,2018-02-26,6242.0
Brown,葫洲,2018-02-26,17330.0
Brown,東湖,2018-02-26,17693.0
Brown,南港軟體園區,2018-02-26,10109.0
Brown,南港展覽館,2018-02-26,22836.0
Brown,松山機場,2018-02-27,11160.0
Brown,中山國中,2018-02-27,33511.0
Brown,南京復興,2018-02-27,46099.0
Brown,忠孝復興,2018-02-27,40089.0
Brown,大安,2018-02-27,27659.5
Brown,科技大樓,2018-02-27,32916.0
Brown,六張犁,2018-02-27,26309.0
Brown,麟光,2018-02-27,8746.0
Brown,辛亥,2018-02-27,6657.0
Brown,萬芳醫院,2018-02-27,36990.0
Brown,萬芳社區,2018-02-27,5048.0
Brown,木柵,2018-02-27,9799.0
Brown,動物園,2018-02-27,17428.0
Brown,大直,2018-02-27,23650.0
Brown,劍南路,2018-02-27,24323.0
Brown,西湖,2018-02-27,39372.0
Brown,港墘,2018-02-27,35432.0
Brown,文德,2018-02-27,12370.0
Brown,內湖,2018-02-27,18365.0
Brown,大湖公園,2018-02-27,6982.0
Brown,葫洲,2018-02-27,18272.0
Brown,東湖,2018-02-27,19383.0
Brown,南港軟體園區,2018-02-27,10596.0
Brown,南港展覽館,2018-02-27,25442.0
Brown,松山機場,2018-02-28,8920.0
Brown,中山國中,2018-02-28,18709.0
Brown,南京復興,2018-02-28,22508.0
Brown,忠孝復興,2018-02-28,38210.0
Brown,大安,2018-02-28,13515.0
Brown,科技大樓,2018-02-28,18652.0
Brown,六張犁,2018-02-28,15689.0
Brown,麟光,2018-02-28,7220.0
Brown,辛亥,2018-02-28,6897.0
Brown,萬芳醫院,2018-02-28,19016.0
Brown,萬芳社區,2018-02-28,3263.0
Brown,木柵,2018-02-28,5358.0
Brown,動物園,2018-02-28,15831.0
Brown,大直,2018-02-28,13617.0
Brown,劍南路,2018-02-28,20394.0
Brown,西湖,2018-02-28,12029.0
Brown,港墘,2018-02-28,12749.0
Brown,文德,2018-02-28,7298.0
Brown,內湖,2018-02-28,14028.0
Brown,大湖公園,2018-02-28,5191.0
Brown,葫洲,2018-02-28,10704.0
Brown,東湖,2018-02-28,14545.0
Brown,南港軟體園區,2018-02-28,4863.0
Brown,南港展覽館,2018-02-28,10845.0
Brown,松山機場,2018-03-01,10755.0
Brown,中山國中,2018-03-01,32313.0
Brown,南京復興,2018-03-01,43728.0
Brown,忠孝復興,2018-03-01,34808.0
Brown,大安,2018-03-01,26486.5
Brown,科技大樓,2018-03-01,32222.0
Brown,六張犁,2018-03-01,24826.0
Brown,麟光,2018-03-01,8254.0
Brown,辛亥,2018-03-01,6666.0
Brown,萬芳醫院,2018-03-01,31502.0
Brown,萬芳社區,2018-03-01,4696.0
Brown,木柵,2018-03-01,9248.0
Brown,動物園,2018-03-01,14504.0
Brown,大直,2018-03-01,21860.0
Brown,劍南路,2018-03-01,21986.0
Brown,西湖,2018-03-01,38065.0
Brown,港墘,2018-03-01,34660.0
Brown,文德,2018-03-01,11981.0
Brown,內湖,2018-03-01,17346.0
Brown,大湖公園,2018-03-01,6769.0
Brown,葫洲,2018-03-01,17105.0
Brown,東湖,2018-03-01,17601.0
Brown,南港軟體園區,2018-03-01,10010.0
Brown,南港展覽館,2018-03-01,23692.5
Brown,松山機場,2018-03-02,11745.0
Brown,中山國中,2018-03-02,33714.0
Brown,南京復興,2018-03-02,44590.0
Brown,忠孝復興,2018-03-02,38776.0
Brown,大安,2018-03-02,27970.0
Brown,科技大樓,2018-03-02,33437.0
Brown,六張犁,2018-03-02,25496.0
Brown,麟光,2018-03-02,8841.0
Brown,辛亥,2018-03-02,6807.0
Brown,萬芳醫院,2018-03-02,33772.0
Brown,萬芳社區,2018-03-02,4909.0
Brown,木柵,2018-03-02,10032.0
Brown,動物園,2018-03-02,24552.0
Brown,大直,2018-03-02,22440.0
Brown,劍南路,2018-03-02,23791.0
Brown,西湖,2018-03-02,38750.0
Brown,港墘,2018-03-02,36056.0
Brown,文德,2018-03-02,13097.0
Brown,內湖,2018-03-02,21030.0
Brown,大湖公園,2018-03-02,6990.0
Brown,葫洲,2018-03-02,18631.0
Brown,東湖,2018-03-02,19317.0
Brown,南港軟體園區,2018-03-02,10409.0
Brown,南港展覽館,2018-03-02,26050.5
Brown,松山機場,2018-03-03,9036.0
Brown,中山國中,2018-03-03,23379.0
Brown,南京復興,2018-03-03,26711.0
Brown,忠孝復興,2018-03-03,38863.0
Brown,大安,2018-03-03,16258.0
Brown,科技大樓,2018-03-03,23523.0
Brown,六張犁,2018-03-03,18545.0
Brown,麟光,2018-03-03,7889.0
Brown,辛亥,2018-03-03,5739.0
Brown,萬芳醫院,2018-03-03,22136.0
Brown,萬芳社區,2018-03-03,4273.0
Brown,木柵,2018-03-03,7871.0
Brown,動物園,2018-03-03,22820.0
Brown,大直,2018-03-03,16402.0
Brown,劍南路,2018-03-03,24485.0
Brown,西湖,2018-03-03,13672.0
Brown,港墘,2018-03-03,15898.0
Brown,文德,2018-03-03,8651.0
Brown,內湖,2018-03-03,18114.0
Brown,大湖公園,2018-03-03,7442.0
Brown,葫洲,2018-03-03,12798.0
Brown,東湖,2018-03-03,17559.0
Brown,南港軟體園區,2018-03-03,4933.0
Brown,南港展覽館,2018-03-03,17153.0
Brown,松山機場,2018-03-04,9220.0
Brown,中山國中,2018-03-04,17951.0
Brown,南京復興,2018-03-04,20478.0
Brown,忠孝復興,2018-03-04,31291.5
Brown,大安,2018-03-04,13315.5
Brown,科技大樓,2018-03-04,18103.0
Brown,六張犁,2018-03-04,15227.0
Brown,麟光,2018-03-04,6968.0
Brown,辛亥,2018-03-04,4797.0
Brown,萬芳醫院,2018-03-04,17942.0
Brown,萬芳社區,2018-03-04,3728.0
Brown,木柵,2018-03-04,6384.0
Brown,動物園,2018-03-04,23067.0
Brown,大直,2018-03-04,13546.0
Brown,劍南路,2018-03-04,21233.0
Brown,西湖,2018-03-04,11128.0
Brown,港墘,2018-03-04,13022.0
Brown,文德,2018-03-04,7540.0
Brown,內湖,2018-03-04,14469.0
Brown,大湖公園,2018-03-04,7703.0
Brown,葫洲,2018-03-04,10885.0
Brown,東湖,2018-03-04,13755.0
Brown,南港軟體園區,2018-03-04,4287.0
Brown,南港展覽館,2018-03-04,14343.5
Brown,松山機場,2018-03-05,11410.0
Brown,中山國中,2018-03-05,31838.0
Brown,南京復興,2018-03-05,43192.5
Brown,忠孝復興,2018-03-05,33271.0
Brown,大安,2018-03-05,25553.5
Brown,科技大樓,2018-03-05,31570.0
Brown,六張犁,2018-03-05,23997.0
Brown,麟光,2018-03-05,8328.0
Brown,辛亥,2018-03-05,6382.0
Brown,萬芳醫院,2018-03-05,31361.0
Brown,萬芳社區,2018-03-05,4758.0
Brown,木柵,2018-03-05,9088.0
Brown,動物園,2018-03-05,11252.0
Brown,大直,2018-03-05,21454.0
Brown,劍南路,2018-03-05,21148.0
Brown,西湖,2018-03-05,38287.0
Brown,港墘,2018-03-05,34793.0
Brown,文德,2018-03-05,11449.0
Brown,內湖,2018-03-05,16755.0
Brown,大湖公園,2018-03-05,6240.0
Brown,葫洲,2018-03-05,17044.0
Brown,東湖,2018-03-05,17107.0
Brown,南港軟體園區,2018-03-05,10326.0
Brown,南港展覽館,2018-03-05,24205.5
Brown,松山機場,2018-03-06,11194.0
Brown,中山國中,2018-03-06,32505.0
Brown,南京復興,2018-03-06,44743.0
Brown,忠孝復興,2018-03-06,35361.5
Brown,大安,2018-03-06,26418.0
Brown,科技大樓,2018-03-06,32711.0
Brown,六張犁,2018-03-06,24435.0
Brown,麟光,2018-03-06,8605.0
Brown,辛亥,2018-03-06,6834.0
Brown,萬芳醫院,2018-03-06,32878.0
Brown,萬芳社區,2018-03-06,4819.0
Brown,木柵,2018-03-06,9301.0
Brown,動物園,2018-03-06,12190.0
Brown,大直,2018-03-06,21831.0
Brown,劍南路,2018-03-06,22494.0
Brown,西湖,2018-03-06,39213.0
Brown,港墘,2018-03-06,35229.0
Brown,文德,2018-03-06,11812.0
Brown,內湖,2018-03-06,17128.0
Brown,大湖公園,2018-03-06,6242.0
Brown,葫洲,2018-03-06,17362.0
Brown,東湖,2018-03-06,17877.0
Brown,南港軟體園區,2018-03-06,10656.0
Brown,南港展覽館,2018-03-06,23566.0
Brown,松山機場,2018-03-07,10832.0
Brown,中山國中,2018-03-07,33277.0
Brown,南京復興,2018-03-07,45183.0
Brown,忠孝復興,2018-03-07,35887.0
Brown,大安,2018-03-07,26100.0
Brown,科技大樓,2018-03-07,32399.0
Brown,六張犁,2018-03-07,24751.0
Brown,麟光,2018-03-07,8720.0
Brown,辛亥,2018-03-07,6777.0
Brown,萬芳醫院,2018-03-07,32343.0
Brown,萬芳社區,2018-03-07,5005.0
Brown,木柵,2018-03-07,9510.0
Brown,動物園,2018-03-07,14100.0
Brown,大直,2018-03-07,22051.0
Brown,劍南路,2018-03-07,22196.0
Brown,西湖,2018-03-07,39069.0
Brown,港墘,2018-03-07,35623.0
Brown,文德,2018-03-07,11977.0
Brown,內湖,2018-03-07,17411.0
Brown,大湖公園,2018-03-07,6593.0
Brown,葫洲,2018-03-07,17724.0
Brown,東湖,2018-03-07,17746.0
Brown,南港軟體園區,2018-03-07,10706.0
Brown,南港展覽館,2018-03-07,23543.5
Brown,松山機場,2018-03-08,10991.0
Brown,中山國中,2018-03-08,34102.0
Brown,南京復興,2018-03-08,46366.5
Brown,忠孝復興,2018-03-08,38286.0
Brown,大安,2018-03-08,26985.5
Brown,科技大樓,2018-03-08,33558.0
Brown,六張犁,2018-03-08,25530.0
Brown,麟光,2018-03-08,8899.0
Brown,辛亥,2018-03-08,6639.0
Brown,萬芳醫院,2018-03-08,32974.0
Brown,萬芳社區,2018-03-08,4532.0
Brown,木柵,2018-03-08,9347.0
Brown,動物園,2018-03-08,10379.0
Brown,大直,2018-03-08,21990.0
Brown,劍南路,2018-03-08,22857.0
Brown,西湖,2018-03-08,40509.0
Brown,港墘,2018-03-08,36092.0
Brown,文德,2018-03-08,12148.0
Brown,內湖,2018-03-08,17281.0
Brown,大湖公園,2018-03-08,5959.0
Brown,葫洲,2018-03-08,17579.0
Brown,東湖,2018-03-08,17710.0
Brown,南港軟體園區,2018-03-08,10909.0
Brown,南港展覽館,2018-03-08,23686.0
Brown,松山機場,2018-03-09,11994.0
Brown,中山國中,2018-03-09,35385.0
Brown,南京復興,2018-03-09,47754.0
Brown,忠孝復興,2018-03-09,42652.5
Brown,大安,2018-03-09,27465.5
Brown,科技大樓,2018-03-09,34745.0
Brown,六張犁,2018-03-09,26384.0
Brown,麟光,2018-03-09,8930.0
Brown,辛亥,2018-03-09,6754.0
Brown,萬芳醫院,2018-03-09,34017.0
Brown,萬芳社區,2018-03-09,5173.0
Brown,木柵,2018-03-09,9698.0
Brown,動物園,2018-03-09,14417.0
Brown,大直,2018-03-09,22579.0
Brown,劍南路,2018-03-09,27296.0
Brown,西湖,2018-03-09,39726.0
Brown,港墘,2018-03-09,37297.0
Brown,文德,2018-03-09,13127.0
Brown,內湖,2018-03-09,18728.0
Brown,大湖公園,2018-03-09,6721.0
Brown,葫洲,2018-03-09,18800.0
Brown,東湖,2018-03-09,19821.0
Brown,南港軟體園區,2018-03-09,11135.0
Brown,南港展覽館,2018-03-09,24097.5
Brown,松山機場,2018-03-10,8898.0
Brown,中山國中,2018-03-10,23838.0
Brown,南京復興,2018-03-10,28474.0
Brown,忠孝復興,2018-03-10,43167.5
Brown,大安,2018-03-10,17212.5
Brown,科技大樓,2018-03-10,24452.0
Brown,六張犁,2018-03-10,19081.0
Brown,麟光,2018-03-10,8649.0
Brown,辛亥,2018-03-10,5845.0
Brown,萬芳醫院,2018-03-10,25226.0
Brown,萬芳社區,2018-03-10,4371.0
Brown,木柵,2018-03-10,8481.0
Brown,動物園,2018-03-10,25216.0
Brown,大直,2018-03-10,19063.0
Brown,劍南路,2018-03-10,25685.0
Brown,西湖,2018-03-10,14123.0
Brown,港墘,2018-03-10,16747.0
Brown,文德,2018-03-10,9523.0
Brown,內湖,2018-03-10,18222.0
Brown,大湖公園,2018-03-10,8073.0
Brown,葫洲,2018-03-10,13134.0
Brown,東湖,2018-03-10,16952.0
Brown,南港軟體園區,2018-03-10,4704.0
Brown,南港展覽館,2018-03-10,14339.5
Brown,松山機場,2018-03-11,9166.0
Brown,中山國中,2018-03-11,19754.0
Brown,南京復興,2018-03-11,21647.0
Brown,忠孝復興,2018-03-11,33702.5
Brown,大安,2018-03-11,13673.5
Brown,科技大樓,2018-03-11,19854.0
Brown,六張犁,2018-03-11,15823.0
Brown,麟光,2018-03-11,7897.0
Brown,辛亥,2018-03-11,4882.0
Brown,萬芳醫院,2018-03-11,19767.0
Brown,萬芳社區,2018-03-11,4375.0
Brown,木柵,2018-03-11,6834.0
Brown,動物園,2018-03-11,28531.0
Brown,大直,2018-03-11,14035.0
Brown,劍南路,2018-03-11,22033.0
Brown,西湖,2018-03-11,12850.0
Brown,港墘,2018-03-11,12662.0
Brown,文德,2018-03-11,7883.0
Brown,內湖,2018-03-11,15312.0
Brown,大湖公園,2018-03-11,8611.0
Brown,葫洲,2018-03-11,11324.0
Brown,東湖,2018-03-11,14090.0
Brown,南港軟體園區,2018-03-11,4085.0
Brown,南港展覽館,2018-03-11,13275.0
Brown,松山機場,2018-03-12,10887.0
Brown,中山國中,2018-03-12,31801.0
Brown,南京復興,2018-03-12,43368.5
Brown,忠孝復興,2018-03-12,34326.5
Brown,大安,2018-03-12,25358.0
Brown,科技大樓,2018-03-12,30925.0
Brown,六張犁,2018-03-12,23846.0
Brown,麟光,2018-03-12,8097.0
Brown,辛亥,2018-03-12,6400.0
Brown,萬芳醫院,2018-03-12,30864.0
Brown,萬芳社區,2018-03-12,4814.0
Brown,木柵,2018-03-12,9299.0
Brown,動物園,2018-03-12,12868.0
Brown,大直,2018-03-12,21241.0
Brown,劍南路,2018-03-12,20502.0
Brown,西湖,2018-03-12,37525.0
Brown,港墘,2018-03-12,34653.0
Brown,文德,2018-03-12,11655.0
Brown,內湖,2018-03-12,16838.0
Brown,大湖公園,2018-03-12,6743.0
Brown,葫洲,2018-03-12,16914.0
Brown,東湖,2018-03-12,17261.0
Brown,南港軟體園區,2018-03-12,9931.0
Brown,南港展覽館,2018-03-12,22989.0
Brown,松山機場,2018-03-13,10796.0
Brown,中山國中,2018-03-13,32341.0
Brown,南京復興,2018-03-13,44451.0
Brown,忠孝復興,2018-03-13,36016.0
Brown,大安,2018-03-13,26780.0
Brown,科技大樓,2018-03-13,32303.0
Brown,六張犁,2018-03-13,24680.0
Brown,麟光,2018-03-13,8418.0
Brown,辛亥,2018-03-13,6638.0
Brown,萬芳醫院,2018-03-13,31803.0
Brown,萬芳社區,2018-03-13,4892.0
Brown,木柵,2018-03-13,9597.0
Brown,動物園,2018-03-13,16241.0
Brown,大直,2018-03-13,22137.0
Brown,劍南路,2018-03-13,21104.0
Brown,西湖,2018-03-13,38755.0
Brown,港墘,2018-03-13,35194.0
Brown,文德,2018-03-13,11892.0
Brown,內湖,2018-03-13,17440.0
Brown,大湖公園,2018-03-13,6768.0
Brown,葫洲,2018-03-13,16925.0
Brown,東湖,2018-03-13,17630.0
Brown,南港軟體園區,2018-03-13,10300.0
Brown,南港展覽館,2018-03-13,23886.0
Brown,松山機場,2018-03-14,10832.0
Brown,中山國中,2018-03-14,33298.0
Brown,南京復興,2018-03-14,45041.0
Brown,忠孝復興,2018-03-14,37482.0
Brown,大安,2018-03-14,26721.0
Brown,科技大樓,2018-03-14,32463.0
Brown,六張犁,2018-03-14,24621.0
Brown,麟光,2018-03-14,8565.0
Brown,辛亥,2018-03-14,6720.0
Brown,萬芳醫院,2018-03-14,31903.0
Brown,萬芳社區,2018-03-14,4879.0
Brown,木柵,2018-03-14,9625.0
Brown,動物園,2018-03-14,15698.0
Brown,大直,2018-03-14,22142.0
Brown,劍南路,2018-03-14,22299.0
Brown,西湖,2018-03-14,38870.0
Brown,港墘,2018-03-14,35338.0
Brown,文德,2018-03-14,11884.0
Brown,內湖,2018-03-14,17545.0
Brown,大湖公園,2018-03-14,6948.0
Brown,葫洲,2018-03-14,17706.0
Brown,東湖,2018-03-14,17755.0
Brown,南港軟體園區,2018-03-14,10355.0
Brown,南港展覽館,2018-03-14,24093.0
Brown,松山機場,2018-03-15,11221.0
Brown,中山國中,2018-03-15,33244.0
Brown,南京復興,2018-03-15,45448.0
Brown,忠孝復興,2018-03-15,37223.5
Brown,大安,2018-03-15,27114.0
Brown,科技大樓,2018-03-15,32859.0
Brown,六張犁,2018-03-15,24697.0
Brown,麟光,2018-03-15,8735.0
Brown,辛亥,2018-03-15,6541.0
Brown,萬芳醫院,2018-03-15,32128.0
Brown,萬芳社區,2018-03-15,4934.0
Brown,木柵,2018-03-15,9377.0
Brown,動物園,2018-03-15,14393.0
Brown,大直,2018-03-15,21919.0
Brown,劍南路,2018-03-15,24042.0
Brown,西湖,2018-03-15,39360.0
Brown,港墘,2018-03-15,35119.0
Brown,文德,2018-03-15,11968.0
Brown,內湖,2018-03-15,17606.0
Brown,大湖公園,2018-03-15,6913.0
Brown,葫洲,2018-03-15,17504.0
Brown,東湖,2018-03-15,17947.0
Brown,南港軟體園區,2018-03-15,10732.0
Brown,南港展覽館,2018-03-15,30365.0
Brown,松山機場,2018-03-16,12931.0
Brown,中山國中,2018-03-16,35147.0
Brown,南京復興,2018-03-16,47229.5
Brown,忠孝復興,2018-03-16,42190.5
Brown,大安,2018-03-16,28500.0
Brown,科技大樓,2018-03-16,34356.0
Brown,六張犁,2018-03-16,26201.0
Brown,麟光,2018-03-16,9090.0
Brown,辛亥,2018-03-16,7015.0
Brown,萬芳醫院,2018-03-16,34442.0
Brown,萬芳社區,2018-03-16,5027.0
Brown,木柵,2018-03-16,9996.0
Brown,動物園,2018-03-16,14428.0
Brown,大直,2018-03-16,22503.0
Brown,劍南路,2018-03-16,24892.0
Brown,西湖,2018-03-16,39835.0
Brown,港墘,2018-03-16,36944.0
Brown,文德,2018-03-16,13149.0
Brown,內湖,2018-03-16,18960.0
Brown,大湖公園,2018-03-16,7204.0
Brown,葫洲,2018-03-16,19266.0
Brown,東湖,2018-03-16,19188.0
Brown,南港軟體園區,2018-03-16,11296.0
Brown,南港展覽館,2018-03-16,33273.0
Brown,松山機場,2018-03-17,9486.0
Brown,中山國中,2018-03-17,23544.0
Brown,南京復興,2018-03-17,28257.0
Brown,忠孝復興,2018-03-17,42257.5
Brown,大安,2018-03-17,18025.0
Brown,科技大樓,2018-03-17,24433.0
Brown,六張犁,2018-03-17,20007.0
Brown,麟光,2018-03-17,8870.0
Brown,辛亥,2018-03-17,5470.0
Brown,萬芳醫院,2018-03-17,22854.0
Brown,萬芳社區,2018-03-17,4003.0
Brown,木柵,2018-03-17,7289.0
Brown,動物園,2018-03-17,20623.0
Brown,大直,2018-03-17,16195.0
Brown,劍南路,2018-03-17,23588.0
Brown,西湖,2018-03-17,13900.0
Brown,港墘,2018-03-17,15732.0
Brown,文德,2018-03-17,8725.0
Brown,內湖,2018-03-17,17408.0
Brown,大湖公園,2018-03-17,7045.0
Brown,葫洲,2018-03-17,12502.0
Brown,東湖,2018-03-17,14683.0
Brown,南港軟體園區,2018-03-17,5047.0
Brown,南港展覽館,2018-03-17,23038.5
Brown,松山機場,2018-03-18,9500.0
Brown,中山國中,2018-03-18,20116.0
Brown,南京復興,2018-03-18,21487.5
Brown,忠孝復興,2018-03-18,33570.0
Brown,大安,2018-03-18,13956.0
Brown,科技大樓,2018-03-18,20490.0
Brown,六張犁,2018-03-18,15619.0
Brown,麟光,2018-03-18,7757.0
Brown,辛亥,2018-03-18,4685.0
Brown,萬芳醫院,2018-03-18,18331.0
Brown,萬芳社區,2018-03-18,3936.0
Brown,木柵,2018-03-18,6379.0
Brown,動物園,2018-03-18,26451.0
Brown,大直,2018-03-18,13753.0
Brown,劍南路,2018-03-18,20289.0
Brown,西湖,2018-03-18,12120.0
Brown,港墘,2018-03-18,14490.0
Brown,文德,2018-03-18,7856.0
Brown,內湖,2018-03-18,16025.0
Brown,大湖公園,2018-03-18,8863.0
Brown,葫洲,2018-03-18,11320.0
Brown,東湖,2018-03-18,12941.0
Brown,南港軟體園區,2018-03-18,4288.0
Brown,南港展覽館,2018-03-18,19834.0
Brown,松山機場,2018-03-19,11005.0
Brown,中山國中,2018-03-19,31346.0
Brown,南京復興,2018-03-19,43176.5
Brown,忠孝復興,2018-03-19,33980.5
Brown,大安,2018-03-19,25437.0
Brown,科技大樓,2018-03-19,31014.0
Brown,六張犁,2018-03-19,23771.0
Brown,麟光,2018-03-19,8298.0
Brown,辛亥,2018-03-19,6489.0
Brown,萬芳醫院,2018-03-19,30647.0
Brown,萬芳社區,2018-03-19,4868.0
Brown,木柵,2018-03-19,9471.0
Brown,動物園,2018-03-19,12750.0
Brown,大直,2018-03-19,21337.0
Brown,劍南路,2018-03-19,21253.0
Brown,西湖,2018-03-19,37096.0
Brown,港墘,2018-03-19,34367.0
Brown,文德,2018-03-19,11425.0
Brown,內湖,2018-03-19,16723.0
Brown,大湖公園,2018-03-19,6541.0
Brown,葫洲,2018-03-19,16925.0
Brown,東湖,2018-03-19,16911.0
Brown,南港軟體園區,2018-03-19,10592.0
Brown,南港展覽館,2018-03-19,23768.0
Brown,松山機場,2018-03-20,10947.0
Brown,中山國中,2018-03-20,33008.0
Brown,南京復興,2018-03-20,44939.0
Brown,忠孝復興,2018-03-20,35729.0
Brown,大安,2018-03-20,27084.0
Brown,科技大樓,2018-03-20,33861.0
Brown,六張犁,2018-03-20,24739.0
Brown,麟光,2018-03-20,8545.0
Brown,辛亥,2018-03-20,6510.0
Brown,萬芳醫院,2018-03-20,31589.0
Brown,萬芳社區,2018-03-20,4827.0
Brown,木柵,2018-03-20,9229.0
Brown,動物園,2018-03-20,11463.0
Brown,大直,2018-03-20,21939.0
Brown,劍南路,2018-03-20,21633.0
Brown,西湖,2018-03-20,39231.0
Brown,港墘,2018-03-20,35435.0
Brown,文德,2018-03-20,11908.0
Brown,內湖,2018-03-20,17279.0
Brown,大湖公園,2018-03-20,5983.0
Brown,葫洲,2018-03-20,16877.0
Brown,東湖,2018-03-20,17207.0
Brown,南港軟體園區,2018-03-20,10585.0
Brown,南港展覽館,2018-03-20,23258.0
Brown,松山機場,2018-03-21,11098.0
Brown,中山國中,2018-03-21,33180.0
Brown,南京復興,2018-03-21,45598.0
Brown,忠孝復興,2018-03-21,36312.0
Brown,大安,2018-03-21,27066.0
Brown,科技大樓,2018-03-21,32794.0
Brown,六張犁,2018-03-21,24935.0
Brown,麟光,2018-03-21,8753.0
Brown,辛亥,2018-03-21,6835.0
Brown,萬芳醫院,2018-03-21,31578.0
Brown,萬芳社區,2018-03-21,4908.0
Brown,木柵,2018-03-21,9459.0
Brown,動物園,2018-03-21,13933.0
Brown,大直,2018-03-21,22153.0
Brown,劍南路,2018-03-21,24530.0
Brown,西湖,2018-03-21,38876.0
Brown,港墘,2018-03-21,35739.0
Brown,文德,2018-03-21,11822.0
Brown,內湖,2018-03-21,17493.0
Brown,大湖公園,2018-03-21,6577.0
Brown,葫洲,2018-03-21,17337.0
Brown,東湖,2018-03-21,17477.0
Brown,南港軟體園區,2018-03-21,10524.0
Brown,南港展覽館,2018-03-21,23569.0
Brown,松山機場,2018-03-22,11355.0
Brown,中山國中,2018-03-22,32752.0
Brown,南京復興,2018-03-22,45321.5
Brown,忠孝復興,2018-03-22,36873.5
Brown,大安,2018-03-22,26587.0
Brown,科技大樓,2018-03-22,32386.0
Brown,六張犁,2018-03-22,24989.0
Brown,麟光,2018-03-22,8994.0
Brown,辛亥,2018-03-22,6778.0
Brown,萬芳醫院,2018-03-22,31487.0
Brown,萬芳社區,2018-03-22,5061.0
Brown,木柵,2018-03-22,9293.0
Brown,動物園,2018-03-22,15453.0
Brown,大直,2018-03-22,23243.0
Brown,劍南路,2018-03-22,21902.0
Brown,西湖,2018-03-22,38456.0
Brown,港墘,2018-03-22,35395.0
Brown,文德,2018-03-22,11833.0
Brown,內湖,2018-03-22,17438.0
Brown,大湖公園,2018-03-22,6508.0
Brown,葫洲,2018-03-22,17121.0
Brown,東湖,2018-03-22,17535.0
Brown,南港軟體園區,2018-03-22,10304.0
Brown,南港展覽館,2018-03-22,24451.0
Brown,松山機場,2018-03-23,12574.0
Brown,中山國中,2018-03-23,34321.0
Brown,南京復興,2018-03-23,47079.5
Brown,忠孝復興,2018-03-23,42108.5
Brown,大安,2018-03-23,27256.0
Brown,科技大樓,2018-03-23,33475.0
Brown,六張犁,2018-03-23,26477.0
Brown,麟光,2018-03-23,9295.0
Brown,辛亥,2018-03-23,6855.0
Brown,萬芳醫院,2018-03-23,33904.0
Brown,萬芳社區,2018-03-23,5045.0
Brown,木柵,2018-03-23,9731.0
Brown,動物園,2018-03-23,18815.0
Brown,大直,2018-03-23,22357.0
Brown,劍南路,2018-03-23,25084.0
Brown,西湖,2018-03-23,38988.0
Brown,港墘,2018-03-23,36646.0
Brown,文德,2018-03-23,12961.0
Brown,內湖,2018-03-23,18973.0
Brown,大湖公園,2018-03-23,7260.0
Brown,葫洲,2018-03-23,18439.0
Brown,東湖,2018-03-23,18517.0
Brown,南港軟體園區,2018-03-23,10278.0
Brown,南港展覽館,2018-03-23,25144.0
Brown,松山機場,2018-03-24,9951.0
Brown,中山國中,2018-03-24,23391.0
Brown,南京復興,2018-03-24,28741.0
Brown,忠孝復興,2018-03-24,41461.5
Brown,大安,2018-03-24,18709.0
Brown,科技大樓,2018-03-24,23711.0
Brown,六張犁,2018-03-24,19814.0
Brown,麟光,2018-03-24,11813.0
Brown,辛亥,2018-03-24,5546.0
Brown,萬芳醫院,2018-03-24,22877.0
Brown,萬芳社區,2018-03-24,4228.0
Brown,木柵,2018-03-24,7634.0
Brown,動物園,2018-03-24,30597.0
Brown,大直,2018-03-24,21099.0
Brown,劍南路,2018-03-24,26678.0
Brown,西湖,2018-03-24,15501.0
Brown,港墘,2018-03-24,15829.0
Brown,文德,2018-03-24,9122.0
Brown,內湖,2018-03-24,17203.0
Brown,大湖公園,2018-03-24,8261.0
Brown,葫洲,2018-03-24,12712.0
Brown,東湖,2018-03-24,14247.0
Brown,南港軟體園區,2018-03-24,4782.0
Brown,南港展覽館,2018-03-24,14717.0
Brown,松山機場,2018-03-25,9484.0
Brown,中山國中,2018-03-25,18607.0
Brown,南京復興,2018-03-25,20360.0
Brown,忠孝復興,2018-03-25,32050.5
Brown,大安,2018-03-25,12463.0
Brown,科技大樓,2018-03-25,18628.0
Brown,六張犁,2018-03-25,15261.0
Brown,麟光,2018-03-25,11029.0
Brown,辛亥,2018-03-25,4740.0
Brown,萬芳醫院,2018-03-25,18165.0
Brown,萬芳社區,2018-03-25,3708.0
Brown,木柵,2018-03-25,6418.0
Brown,動物園,2018-03-25,31814.0
Brown,大直,2018-03-25,13031.0
Brown,劍南路,2018-03-25,18747.0
Brown,西湖,2018-03-25,11595.0
Brown,港墘,2018-03-25,11743.0
Brown,文德,2018-03-25,7896.0
Brown,內湖,2018-03-25,14211.0
Brown,大湖公園,2018-03-25,8256.0
Brown,葫洲,2018-03-25,10407.0
Brown,東湖,2018-03-25,11458.0
Brown,南港軟體園區,2018-03-25,3856.0
Brown,南港展覽館,2018-03-25,11780.5
Brown,松山機場,2018-03-26,11286.0
Brown,中山國中,2018-03-26,31663.0
Brown,南京復興,2018-03-26,42855.0
Brown,忠孝復興,2018-03-26,33552.5
Brown,大安,2018-03-26,25337.5
Brown,科技大樓,2018-03-26,30672.0
Brown,六張犁,2018-03-26,23781.0
Brown,麟光,2018-03-26,8779.0
Brown,辛亥,2018-03-26,6437.0
Brown,萬芳醫院,2018-03-26,30395.0
Brown,萬芳社區,2018-03-26,4698.0
Brown,木柵,2018-03-26,9041.0
Brown,動物園,2018-03-26,12970.0
Brown,大直,2018-03-26,20724.0
Brown,劍南路,2018-03-26,20028.0
Brown,西湖,2018-03-26,37055.0
Brown,港墘,2018-03-26,34360.0
Brown,文德,2018-03-26,10840.0
Brown,內湖,2018-03-26,16918.0
Brown,大湖公園,2018-03-26,6592.0
Brown,葫洲,2018-03-26,16903.0
Brown,東湖,2018-03-26,16448.0
Brown,南港軟體園區,2018-03-26,9922.0
Brown,南港展覽館,2018-03-26,23274.0
Brown,松山機場,2018-03-27,11095.0
Brown,中山國中,2018-03-27,32316.0
Brown,南京復興,2018-03-27,43816.0
Brown,忠孝復興,2018-03-27,36282.0
Brown,大安,2018-03-27,26537.5
Brown,科技大樓,2018-03-27,31918.0
Brown,六張犁,2018-03-27,24404.0
Brown,麟光,2018-03-27,9174.0
Brown,辛亥,2018-03-27,6803.0
Brown,萬芳醫院,2018-03-27,31271.0
Brown,萬芳社區,2018-03-27,4844.0
Brown,木柵,2018-03-27,9283.0
Brown,動物園,2018-03-27,15992.0
Brown,大直,2018-03-27,21451.0
Brown,劍南路,2018-03-27,20888.0
Brown,西湖,2018-03-27,38551.0
Brown,港墘,2018-03-27,35222.0
Brown,文德,2018-03-27,10854.0
Brown,內湖,2018-03-27,17597.0
Brown,大湖公園,2018-03-27,6789.0
Brown,葫洲,2018-03-27,16770.0
Brown,東湖,2018-03-27,17191.0
Brown,南港軟體園區,2018-03-27,10246.0
Brown,南港展覽館,2018-03-27,25857.0
Brown,松山機場,2018-03-28,11087.0
Brown,中山國中,2018-03-28,33101.0
Brown,南京復興,2018-03-28,45145.5
Brown,忠孝復興,2018-03-28,37002.5
Brown,大安,2018-03-28,26876.0
Brown,科技大樓,2018-03-28,32220.0
Brown,六張犁,2018-03-28,24535.0
Brown,麟光,2018-03-28,9378.0
Brown,辛亥,2018-03-28,6725.0
Brown,萬芳醫院,2018-03-28,31811.0
Brown,萬芳社區,2018-03-28,5095.0
Brown,木柵,2018-03-28,9349.0
Brown,動物園,2018-03-28,16158.0
Brown,大直,2018-03-28,21525.0
Brown,劍南路,2018-03-28,21137.0
Brown,西湖,2018-03-28,38316.0
Brown,港墘,2018-03-28,35490.0
Brown,文德,2018-03-28,11057.0
Brown,內湖,2018-03-28,17830.0
Brown,大湖公園,2018-03-28,7203.0
Brown,葫洲,2018-03-28,17411.0
Brown,東湖,2018-03-28,17323.0
Brown,南港軟體園區,2018-03-28,10082.0
Brown,南港展覽館,2018-03-28,26551.5
Brown,松山機場,2018-03-29,11464.0
Brown,中山國中,2018-03-29,33379.0
Brown,南京復興,2018-03-29,44828.5
Brown,忠孝復興,2018-03-29,37635.0
Brown,大安,2018-03-29,26624.0
Brown,科技大樓,2018-03-29,32203.0
Brown,六張犁,2018-03-29,24690.0
Brown,麟光,2018-03-29,9087.0
Brown,辛亥,2018-03-29,6563.0
Brown,萬芳醫院,2018-03-29,31418.0
Brown,萬芳社區,2018-03-29,4958.0
Brown,木柵,2018-03-29,9336.0
Brown,動物園,2018-03-29,16450.0
Brown,大直,2018-03-29,21650.0
Brown,劍南路,2018-03-29,21603.0
Brown,西湖,2018-03-29,38621.0
Brown,港墘,2018-03-29,34749.0
Brown,文德,2018-03-29,11777.0
Brown,內湖,2018-03-29,19538.0
Brown,大湖公園,2018-03-29,7825.0
Brown,葫洲,2018-03-29,17353.0
Brown,東湖,2018-03-29,17257.0
Brown,南港軟體園區,2018-03-29,10548.0
Brown,南港展覽館,2018-03-29,29395.0
Brown,松山機場,2018-03-30,12589.0
Brown,中山國中,2018-03-30,33589.0
Brown,南京復興,2018-03-30,45933.0
Brown,忠孝復興,2018-03-30,40748.0
Brown,大安,2018-03-30,27245.5
Brown,科技大樓,2018-03-30,33891.0
Brown,六張犁,2018-03-30,25380.0
Brown,麟光,2018-03-30,9222.0
Brown,辛亥,2018-03-30,6602.0
Brown,萬芳醫院,2018-03-30,34714.0
Brown,萬芳社區,2018-03-30,5172.0
Brown,木柵,2018-03-30,9696.0
Brown,動物園,2018-03-30,16583.0
Brown,大直,2018-03-30,21586.0
Brown,劍南路,2018-03-30,23329.0
Brown,西湖,2018-03-30,38699.0
Brown,港墘,2018-03-30,35890.0
Brown,文德,2018-03-30,12296.0
Brown,內湖,2018-03-30,20145.0
Brown,大湖公園,2018-03-30,6960.0
Brown,葫洲,2018-03-30,18241.0
Brown,東湖,2018-03-30,17981.0
Brown,南港軟體園區,2018-03-30,10272.0
Brown,南港展覽館,2018-03-30,26442.5
Brown,松山機場,2018-03-31,11722.0
Brown,中山國中,2018-03-31,29767.0
Brown,南京復興,2018-03-31,40212.5
Brown,忠孝復興,2018-03-31,42268.0
Brown,大安,2018-03-31,24390.0
Brown,科技大樓,2018-03-31,26814.0
Brown,六張犁,2018-03-31,22763.0
Brown,麟光,2018-03-31,9934.0
Brown,辛亥,2018-03-31,6756.0
Brown,萬芳醫院,2018-03-31,29731.0
Brown,萬芳社區,2018-03-31,4438.0
Brown,木柵,2018-03-31,9087.0
Brown,動物園,2018-03-31,22643.0
Brown,大直,2018-03-31,17689.0
Brown,劍南路,2018-03-31,25192.0
Brown,西湖,2018-03-31,26892.0
Brown,港墘,2018-03-31,28812.0
Brown,文德,2018-03-31,12110.0
Brown,內湖,2018-03-31,20357.0
Brown,大湖公園,2018-03-31,7588.0
Brown,葫洲,2018-03-31,15185.0
Brown,東湖,2018-03-31,16984.0
Brown,南港軟體園區,2018-03-31,8761.0
Brown,南港展覽館,2018-03-31,19503.0
Brown,松山機場,2018-04-01,9797.0
Brown,中山國中,2018-04-01,18363.0
Brown,南京復興,2018-04-01,21215.0
Brown,忠孝復興,2018-04-01,32982.5
Brown,大安,2018-04-01,12735.5
Brown,科技大樓,2018-04-01,18519.0
Brown,六張犁,2018-04-01,15777.0
Brown,麟光,2018-04-01,14506.0
Brown,辛亥,2018-04-01,4863.0
Brown,萬芳醫院,2018-04-01,18598.0
Brown,萬芳社區,2018-04-01,3909.0
Brown,木柵,2018-04-01,6350.0
Brown,動物園,2018-04-01,36473.0
Brown,大直,2018-04-01,13396.0
Brown,劍南路,2018-04-01,20521.0
Brown,西湖,2018-04-01,11526.0
Brown,港墘,2018-04-01,13186.0
Brown,文德,2018-04-01,8501.0
Brown,內湖,2018-04-01,17563.0
Brown,大湖公園,2018-04-01,7451.0
Brown,葫洲,2018-04-01,11625.0
Brown,東湖,2018-04-01,12441.0
Brown,南港軟體園區,2018-04-01,4051.0
Brown,南港展覽館,2018-04-01,11422.0
Brown,松山機場,2018-04-02,11482.0
Brown,中山國中,2018-04-02,30195.0
Brown,南京復興,2018-04-02,42082.0
Brown,忠孝復興,2018-04-02,34291.0
Brown,大安,2018-04-02,25391.5
Brown,科技大樓,2018-04-02,26401.0
Brown,六張犁,2018-04-02,23375.0
Brown,麟光,2018-04-02,8925.0
Brown,辛亥,2018-04-02,6273.0
Brown,萬芳醫院,2018-04-02,30285.0
Brown,萬芳社區,2018-04-02,4670.0
Brown,木柵,2018-04-02,9110.0
Brown,動物園,2018-04-02,14870.0
Brown,大直,2018-04-02,16252.0
Brown,劍南路,2018-04-02,19846.0
Brown,西湖,2018-04-02,35329.0
Brown,港墘,2018-04-02,33891.0
Brown,文德,2018-04-02,11332.0
Brown,內湖,2018-04-02,17735.0
Brown,大湖公園,2018-04-02,6652.0
Brown,葫洲,2018-04-02,16909.0
Brown,東湖,2018-04-02,16730.0
Brown,南港軟體園區,2018-04-02,9740.0
Brown,南港展覽館,2018-04-02,22768.0
Brown,松山機場,2018-04-03,12493.0
Brown,中山國中,2018-04-03,30396.0
Brown,南京復興,2018-04-03,42228.5
Brown,忠孝復興,2018-04-03,36519.5
Brown,大安,2018-04-03,25473.5
Brown,科技大樓,2018-04-03,27272.0
Brown,六張犁,2018-04-03,24110.0
Brown,麟光,2018-04-03,8958.0
Brown,辛亥,2018-04-03,6183.0
Brown,萬芳醫院,2018-04-03,32521.0
Brown,萬芳社區,2018-04-03,4629.0
Brown,木柵,2018-04-03,9360.0
Brown,動物園,2018-04-03,18510.0
Brown,大直,2018-04-03,16704.0
Brown,劍南路,2018-04-03,20790.0
Brown,西湖,2018-04-03,33007.0
Brown,港墘,2018-04-03,34158.0
Brown,文德,2018-04-03,12188.0
Brown,內湖,2018-04-03,19071.0
Brown,大湖公園,2018-04-03,6586.0
Brown,葫洲,2018-04-03,17295.0
Brown,東湖,2018-04-03,17086.0
Brown,南港軟體園區,2018-04-03,9606.0
Brown,南港展覽館,2018-04-03,22406.5
Brown,松山機場,2018-04-04,10913.0
Brown,中山國中,2018-04-04,17309.0
Brown,南京復興,2018-04-04,20349.5
Brown,忠孝復興,2018-04-04,34427.5
Brown,大安,2018-04-04,11941.0
Brown,科技大樓,2018-04-04,17936.0
Brown,六張犁,2018-04-04,16211.0
Brown,麟光,2018-04-04,13190.0
Brown,辛亥,2018-04-04,4419.0
Brown,萬芳醫院,2018-04-04,18225.0
Brown,萬芳社區,2018-04-04,4191.0
Brown,木柵,2018-04-04,7413.0
Brown,動物園,2018-04-04,45083.0
Brown,大直,2018-04-04,10724.0
Brown,劍南路,2018-04-04,19109.0
Brown,西湖,2018-04-04,10150.0
Brown,港墘,2018-04-04,12012.0
Brown,文德,2018-04-04,7452.0
Brown,內湖,2018-04-04,16711.0
Brown,大湖公園,2018-04-04,8148.0
Brown,葫洲,2018-04-04,9976.0
Brown,東湖,2018-04-04,13211.0
Brown,南港軟體園區,2018-04-04,4069.0
Brown,南港展覽館,2018-04-04,12062.0
Brown,松山機場,2018-04-05,9545.0
Brown,中山國中,2018-04-05,15260.0
Brown,南京復興,2018-04-05,16941.5
Brown,忠孝復興,2018-04-05,29913.5
Brown,大安,2018-04-05,10334.5
Brown,科技大樓,2018-04-05,15445.0
Brown,六張犁,2018-04-05,13674.0
Brown,麟光,2018-04-05,11779.0
Brown,辛亥,2018-04-05,4133.0
Brown,萬芳醫院,2018-04-05,13597.0
Brown,萬芳社區,2018-04-05,3524.0
Brown,木柵,2018-04-05,6263.0
Brown,動物園,2018-04-05,43275.0
Brown,大直,2018-04-05,8882.0
Brown,劍南路,2018-04-05,16883.0
Brown,西湖,2018-04-05,8031.0
Brown,港墘,2018-04-05,9610.0
Brown,文德,2018-04-05,6295.0
Brown,內湖,2018-04-05,14671.0
Brown,大湖公園,2018-04-05,7356.0
Brown,葫洲,2018-04-05,8508.0
Brown,東湖,2018-04-05,9536.0
Brown,南港軟體園區,2018-04-05,3493.0
Brown,南港展覽館,2018-04-05,10014.5
Brown,松山機場,2018-04-06,10009.0
Brown,中山國中,2018-04-06,16646.0
Brown,南京復興,2018-04-06,19851.0
Brown,忠孝復興,2018-04-06,36190.0
Brown,大安,2018-04-06,11776.0
Brown,科技大樓,2018-04-06,17016.0
Brown,六張犁,2018-04-06,14142.0
Brown,麟光,2018-04-06,7866.0
Brown,辛亥,2018-04-06,3616.0
Brown,萬芳醫院,2018-04-06,16907.0
Brown,萬芳社區,2018-04-06,3033.0
Brown,木柵,2018-04-06,5575.0
Brown,動物園,2018-04-06,27278.0
Brown,大直,2018-04-06,10354.0
Brown,劍南路,2018-04-06,18134.0
Brown,西湖,2018-04-06,9458.0
Brown,港墘,2018-04-06,10994.0
Brown,文德,2018-04-06,6865.0
Brown,內湖,2018-04-06,15282.0
Brown,大湖公園,2018-04-06,5625.0
Brown,葫洲,2018-04-06,9601.0
Brown,東湖,2018-04-06,10923.0
Brown,南港軟體園區,2018-04-06,4145.0
Brown,南港展覽館,2018-04-06,10134.0
Brown,松山機場,2018-04-07,9757.0
Brown,中山國中,2018-04-07,18116.0
Brown,南京復興,2018-04-07,21016.0
Brown,忠孝復興,2018-04-07,35154.5
Brown,大安,2018-04-07,13105.0
Brown,科技大樓,2018-04-07,18638.0
Brown,六張犁,2018-04-07,15286.0
Brown,麟光,2018-04-07,7749.0
Brown,辛亥,2018-04-07,4410.0
Brown,萬芳醫院,2018-04-07,16801.0
Brown,萬芳社區,2018-04-07,3476.0
Brown,木柵,2018-04-07,5850.0
Brown,動物園,2018-04-07,23072.0
Brown,大直,2018-04-07,12880.0
Brown,劍南路,2018-04-07,20641.0
Brown,西湖,2018-04-07,10323.0
Brown,港墘,2018-04-07,12228.0
Brown,文德,2018-04-07,7304.0
Brown,內湖,2018-04-07,15980.0
Brown,大湖公園,2018-04-07,5639.0
Brown,葫洲,2018-04-07,10192.0
Brown,東湖,2018-04-07,11767.0
Brown,南港軟體園區,2018-04-07,4136.0
Brown,南港展覽館,2018-04-07,10703.0
Brown,松山機場,2018-04-08,11376.0
Brown,中山國中,2018-04-08,16605.0
Brown,南京復興,2018-04-08,17713.0
Brown,忠孝復興,2018-04-08,29691.0
Brown,大安,2018-04-08,11206.5
Brown,科技大樓,2018-04-08,16773.0
Brown,六張犁,2018-04-08,14218.0
Brown,麟光,2018-04-08,7889.0
Brown,辛亥,2018-04-08,4501.0
Brown,萬芳醫院,2018-04-08,17144.0
Brown,萬芳社區,2018-04-08,3728.0
Brown,木柵,2018-04-08,6196.0
Brown,動物園,2018-04-08,27289.0
Brown,大直,2018-04-08,11804.0
Brown,劍南路,2018-04-08,19363.0
Brown,西湖,2018-04-08,10262.0
Brown,港墘,2018-04-08,12210.0
Brown,文德,2018-04-08,7939.0
Brown,內湖,2018-04-08,15229.0
Brown,大湖公園,2018-04-08,8130.0
Brown,葫洲,2018-04-08,10002.0
Brown,東湖,2018-04-08,11368.0
Brown,南港軟體園區,2018-04-08,3931.0
Brown,南港展覽館,2018-04-08,11272.0
Brown,松山機場,2018-04-09,11779.0
Brown,中山國中,2018-04-09,30244.0
Brown,南京復興,2018-04-09,41116.5
Brown,忠孝復興,2018-04-09,32350.0
Brown,大安,2018-04-09,25156.0
Brown,科技大樓,2018-04-09,29740.0
Brown,六張犁,2018-04-09,23345.0
Brown,麟光,2018-04-09,8033.0
Brown,辛亥,2018-04-09,6458.0
Brown,萬芳醫院,2018-04-09,30655.0
Brown,萬芳社區,2018-04-09,4737.0
Brown,木柵,2018-04-09,8951.0
Brown,動物園,2018-04-09,11553.0
Brown,大直,2018-04-09,20894.0
Brown,劍南路,2018-04-09,19073.0
Brown,西湖,2018-04-09,36399.0
Brown,港墘,2018-04-09,33462.0
Brown,文德,2018-04-09,11332.0
Brown,內湖,2018-04-09,16948.0
Brown,大湖公園,2018-04-09,6644.0
Brown,葫洲,2018-04-09,16765.0
Brown,東湖,2018-04-09,16371.0
Brown,南港軟體園區,2018-04-09,9552.0
Brown,南港展覽館,2018-04-09,22826.5
Brown,松山機場,2018-04-10,11357.0
Brown,中山國中,2018-04-10,30986.0
Brown,南京復興,2018-04-10,43105.5
Brown,忠孝復興,2018-04-10,33985.5
Brown,大安,2018-04-10,26144.0
Brown,科技大樓,2018-04-10,31195.0
Brown,六張犁,2018-04-10,24228.0
Brown,麟光,2018-04-10,8325.0
Brown,辛亥,2018-04-10,6621.0
Brown,萬芳醫院,2018-04-10,31255.0
Brown,萬芳社區,2018-04-10,4763.0
Brown,木柵,2018-04-10,9267.0
Brown,動物園,2018-04-10,13551.0
Brown,大直,2018-04-10,21614.0
Brown,劍南路,2018-04-10,20516.0
Brown,西湖,2018-04-10,38196.0
Brown,港墘,2018-04-10,34980.0
Brown,文德,2018-04-10,11685.0
Brown,內湖,2018-04-10,17809.0
Brown,大湖公園,2018-04-10,6619.0
Brown,葫洲,2018-04-10,16924.0
Brown,東湖,2018-04-10,16642.0
Brown,南港軟體園區,2018-04-10,9983.0
Brown,南港展覽館,2018-04-10,23640.0
Brown,松山機場,2018-04-11,10980.0
Brown,中山國中,2018-04-11,32008.0
Brown,南京復興,2018-04-11,43479.5
Brown,忠孝復興,2018-04-11,34487.0
Brown,大安,2018-04-11,26427.0
Brown,科技大樓,2018-04-11,31127.0
Brown,六張犁,2018-04-11,24085.0
Brown,麟光,2018-04-11,8295.0
Brown,辛亥,2018-04-11,6551.0
Brown,萬芳醫院,2018-04-11,31018.0
Brown,萬芳社區,2018-04-11,4704.0
Brown,木柵,2018-04-11,9283.0
Brown,動物園,2018-04-11,12792.0
Brown,大直,2018-04-11,21416.0
Brown,劍南路,2018-04-11,21625.0
Brown,西湖,2018-04-11,38301.0
Brown,港墘,2018-04-11,35583.0
Brown,文德,2018-04-11,11751.0
Brown,內湖,2018-04-11,17768.0
Brown,大湖公園,2018-04-11,6787.0
Brown,葫洲,2018-04-11,17356.0
Brown,東湖,2018-04-11,16542.0
Brown,南港軟體園區,2018-04-11,10067.0
Brown,南港展覽館,2018-04-11,26223.0
Brown,松山機場,2018-04-12,11263.0
Brown,中山國中,2018-04-12,32455.0
Brown,南京復興,2018-04-12,43913.5
Brown,忠孝復興,2018-04-12,35011.0
Brown,大安,2018-04-12,26354.0
Brown,科技大樓,2018-04-12,31921.0
Brown,六張犁,2018-04-12,23899.0
Brown,麟光,2018-04-12,8255.0
Brown,辛亥,2018-04-12,6503.0
Brown,萬芳醫院,2018-04-12,30544.0
Brown,萬芳社區,2018-04-12,4628.0
Brown,木柵,2018-04-12,9026.0
Brown,動物園,2018-04-12,11476.0
Brown,大直,2018-04-12,21416.0
Brown,劍南路,2018-04-12,20830.0
Brown,西湖,2018-04-12,38597.0
Brown,港墘,2018-04-12,34843.0
Brown,文德,2018-04-12,11771.0
Brown,內湖,2018-04-12,17736.0
Brown,大湖公園,2018-04-12,6467.0
Brown,葫洲,2018-04-12,17545.0
Brown,東湖,2018-04-12,16517.0
Brown,南港軟體園區,2018-04-12,10669.0
Brown,南港展覽館,2018-04-12,26238.5
Brown,松山機場,2018-04-13,12601.0
Brown,中山國中,2018-04-13,33996.0
Brown,南京復興,2018-04-13,45595.0
Brown,忠孝復興,2018-04-13,40700.0
Brown,大安,2018-04-13,26757.0
Brown,科技大樓,2018-04-13,33291.0
Brown,六張犁,2018-04-13,25543.0
Brown,麟光,2018-04-13,8797.0
Brown,辛亥,2018-04-13,6663.0
Brown,萬芳醫院,2018-04-13,33320.0
Brown,萬芳社區,2018-04-13,4937.0
Brown,木柵,2018-04-13,9516.0
Brown,動物園,2018-04-13,14489.0
Brown,大直,2018-04-13,22003.0
Brown,劍南路,2018-04-13,23303.0
Brown,西湖,2018-04-13,38574.0
Brown,港墘,2018-04-13,36188.0
Brown,文德,2018-04-13,12835.0
Brown,內湖,2018-04-13,18835.0
Brown,大湖公園,2018-04-13,6971.0
Brown,葫洲,2018-04-13,18479.0
Brown,東湖,2018-04-13,17617.0
Brown,南港軟體園區,2018-04-13,10421.0
Brown,南港展覽館,2018-04-13,26638.0
Brown,松山機場,2018-04-14,9141.0
Brown,中山國中,2018-04-14,22538.0
Brown,南京復興,2018-04-14,27174.5
Brown,忠孝復興,2018-04-14,40365.0
Brown,大安,2018-04-14,19542.0
Brown,科技大樓,2018-04-14,23965.0
Brown,六張犁,2018-04-14,18478.0
Brown,麟光,2018-04-14,7850.0
Brown,辛亥,2018-04-14,5295.0
Brown,萬芳醫院,2018-04-14,21251.0
Brown,萬芳社區,2018-04-14,3876.0
Brown,木柵,2018-04-14,6622.0
Brown,動物園,2018-04-14,15891.0
Brown,大直,2018-04-14,16264.0
Brown,劍南路,2018-04-14,21675.0
Brown,西湖,2018-04-14,13978.0
Brown,港墘,2018-04-14,18348.0
Brown,文德,2018-04-14,9088.0
Brown,內湖,2018-04-14,18109.0
Brown,大湖公園,2018-04-14,6655.0
Brown,葫洲,2018-04-14,12471.0
Brown,東湖,2018-04-14,13971.0
Brown,南港軟體園區,2018-04-14,4486.0
Brown,南港展覽館,2018-04-14,14929.0
Brown,松山機場,2018-04-15,9121.0
Brown,中山國中,2018-04-15,17431.0
Brown,南京復興,2018-04-15,20004.5
Brown,忠孝復興,2018-04-15,31649.0
Brown,大安,2018-04-15,14947.0
Brown,科技大樓,2018-04-15,18486.0
Brown,六張犁,2018-04-15,15030.0
Brown,麟光,2018-04-15,7222.0
Brown,辛亥,2018-04-15,4632.0
Brown,萬芳醫院,2018-04-15,16925.0
Brown,萬芳社區,2018-04-15,3193.0
Brown,木柵,2018-04-15,9094.0
Brown,動物園,2018-04-15,14683.0
Brown,大直,2018-04-15,14414.0
Brown,劍南路,2018-04-15,20177.0
Brown,西湖,2018-04-15,10857.0
Brown,港墘,2018-04-15,15740.0
Brown,文德,2018-04-15,8553.0
Brown,內湖,2018-04-15,15082.0
Brown,大湖公園,2018-04-15,5685.0
Brown,葫洲,2018-04-15,10296.0
Brown,東湖,2018-04-15,11546.0
Brown,南港軟體園區,2018-04-15,3685.0
Brown,南港展覽館,2018-04-15,10678.0
Brown,松山機場,2018-04-16,11152.0
Brown,中山國中,2018-04-16,31079.0
Brown,南京復興,2018-04-16,42338.5
Brown,忠孝復興,2018-04-16,33062.5
Brown,大安,2018-04-16,23785.0
Brown,科技大樓,2018-04-16,30748.0
Brown,六張犁,2018-04-16,23914.0
Brown,麟光,2018-04-16,8156.0
Brown,辛亥,2018-04-16,6387.0
Brown,萬芳醫院,2018-04-16,30630.0
Brown,萬芳社區,2018-04-16,4753.0
Brown,木柵,2018-04-16,8941.0
Brown,動物園,2018-04-16,11618.0
Brown,大直,2018-04-16,21122.0
Brown,劍南路,2018-04-16,19618.0
Brown,西湖,2018-04-16,37735.0
Brown,港墘,2018-04-16,32505.0
Brown,文德,2018-04-16,11581.0
Brown,內湖,2018-04-16,17603.0
Brown,大湖公園,2018-04-16,6207.0
Brown,葫洲,2018-04-16,17270.0
Brown,東湖,2018-04-16,16598.0
Brown,南港軟體園區,2018-04-16,9954.0
Brown,南港展覽館,2018-04-16,22816.5
Brown,松山機場,2018-04-17,11421.0
Brown,中山國中,2018-04-17,32186.0
Brown,南京復興,2018-04-17,44946.5
Brown,忠孝復興,2018-04-17,34419.5
Brown,大安,2018-04-17,26757.5
Brown,科技大樓,2018-04-17,32046.0
Brown,六張犁,2018-04-17,24524.0
Brown,麟光,2018-04-17,8389.0
Brown,辛亥,2018-04-17,6502.0
Brown,萬芳醫院,2018-04-17,31496.0
Brown,萬芳社區,2018-04-17,4681.0
Brown,木柵,2018-04-17,9488.0
Brown,動物園,2018-04-17,12242.0
Brown,大直,2018-04-17,21744.0
Brown,劍南路,2018-04-17,20376.0
Brown,西湖,2018-04-17,39427.0
Brown,港墘,2018-04-17,35750.0
Brown,文德,2018-04-17,11851.0
Brown,內湖,2018-04-17,18048.0
Brown,大湖公園,2018-04-17,6277.0
Brown,葫洲,2018-04-17,17265.0
Brown,東湖,2018-04-17,17483.0
Brown,南港軟體園區,2018-04-17,10860.0
Brown,南港展覽館,2018-04-17,30511.5
Brown,松山機場,2018-04-18,11346.0
Brown,中山國中,2018-04-18,32209.0
Brown,南京復興,2018-04-18,44045.0
Brown,忠孝復興,2018-04-18,34710.5
Brown,大安,2018-04-18,26176.0
Brown,科技大樓,2018-04-18,31578.0
Brown,六張犁,2018-04-18,24857.0
Brown,麟光,2018-04-18,8489.0
Brown,辛亥,2018-04-18,6629.0
Brown,萬芳醫院,2018-04-18,31630.0
Brown,萬芳社區,2018-04-18,4999.0
Brown,木柵,2018-04-18,9327.0
Brown,動物園,2018-04-18,14629.0
Brown,大直,2018-04-18,21570.0
Brown,劍南路,2018-04-18,20782.0
Brown,西湖,2018-04-18,38217.0
Brown,港墘,2018-04-18,36105.0
Brown,文德,2018-04-18,11715.0
Brown,內湖,2018-04-18,18125.0
Brown,大湖公園,2018-04-18,6571.0
Brown,葫洲,2018-04-18,17660.0
Brown,東湖,2018-04-18,17470.0
Brown,南港軟體園區,2018-04-18,10253.0
Brown,南港展覽館,2018-04-18,24562.0
Brown,松山機場,2018-04-19,12009.0
Brown,中山國中,2018-04-19,32083.0
Brown,南京復興,2018-04-19,44547.5
Brown,忠孝復興,2018-04-19,34721.0
Brown,大安,2018-04-19,26463.0
Brown,科技大樓,2018-04-19,31846.0
Brown,六張犁,2018-04-19,24522.0
Brown,麟光,2018-04-19,8131.0
Brown,辛亥,2018-04-19,6367.0
Brown,萬芳醫院,2018-04-19,31176.0
Brown,萬芳社區,2018-04-19,4988.0
Brown,木柵,2018-04-19,9495.0
Brown,動物園,2018-04-19,14551.0
Brown,大直,2018-04-19,22030.0
Brown,劍南路,2018-04-19,21278.0
Brown,西湖,2018-04-19,38478.0
Brown,港墘,2018-04-19,34921.0
Brown,文德,2018-04-19,11744.0
Brown,內湖,2018-04-19,18034.0
Brown,大湖公園,2018-04-19,7008.0
Brown,葫洲,2018-04-19,17259.0
Brown,東湖,2018-04-19,17107.0
Brown,南港軟體園區,2018-04-19,10314.0
Brown,南港展覽館,2018-04-19,23527.5
Brown,松山機場,2018-04-20,13235.0
Brown,中山國中,2018-04-20,33733.0
Brown,南京復興,2018-04-20,46322.5
Brown,忠孝復興,2018-04-20,40454.0
Brown,大安,2018-04-20,26745.5
Brown,科技大樓,2018-04-20,33140.0
Brown,六張犁,2018-04-20,25944.0
Brown,麟光,2018-04-20,8855.0
Brown,辛亥,2018-04-20,6718.0
Brown,萬芳醫院,2018-04-20,34275.0
Brown,萬芳社區,2018-04-20,5161.0
Brown,木柵,2018-04-20,9949.0
Brown,動物園,2018-04-20,16750.0
Brown,大直,2018-04-20,22291.0
Brown,劍南路,2018-04-20,24316.0
Brown,西湖,2018-04-20,38192.0
Brown,港墘,2018-04-20,36087.0
Brown,文德,2018-04-20,12864.0
Brown,內湖,2018-04-20,19203.0
Brown,大湖公園,2018-04-20,7457.0
Brown,葫洲,2018-04-20,18509.0
Brown,東湖,2018-04-20,18272.0
Brown,南港軟體園區,2018-04-20,10761.0
Brown,南港展覽館,2018-04-20,24132.5
Brown,松山機場,2018-04-21,9887.0
Brown,中山國中,2018-04-21,22539.0
Brown,南京復興,2018-04-21,27449.0
Brown,忠孝復興,2018-04-21,40899.0
Brown,大安,2018-04-21,20145.0
Brown,科技大樓,2018-04-21,23333.0
Brown,六張犁,2018-04-21,19062.0
Brown,麟光,2018-04-21,8104.0
Brown,辛亥,2018-04-21,5373.0
Brown,萬芳醫院,2018-04-21,22715.0
Brown,萬芳社區,2018-04-21,4069.0
Brown,木柵,2018-04-21,8017.0
Brown,動物園,2018-04-21,23278.0
Brown,大直,2018-04-21,16291.0
Brown,劍南路,2018-04-21,27927.0
Brown,西湖,2018-04-21,13882.0
Brown,港墘,2018-04-21,16510.0
Brown,文德,2018-04-21,10180.0
Brown,內湖,2018-04-21,18193.0
Brown,大湖公園,2018-04-21,8276.0
Brown,葫洲,2018-04-21,12595.0
Brown,東湖,2018-04-21,14252.0
Brown,南港軟體園區,2018-04-21,4887.0
Brown,南港展覽館,2018-04-21,18188.0
Brown,松山機場,2018-04-22,11712.0
Brown,中山國中,2018-04-22,18055.0
Brown,南京復興,2018-04-22,20803.5
Brown,忠孝復興,2018-04-22,31357.0
Brown,大安,2018-04-22,12881.5
Brown,科技大樓,2018-04-22,19657.0
Brown,六張犁,2018-04-22,15310.0
Brown,麟光,2018-04-22,7194.0
Brown,辛亥,2018-04-22,5014.0
Brown,萬芳醫院,2018-04-22,17364.0
Brown,萬芳社區,2018-04-22,3531.0
Brown,木柵,2018-04-22,6413.0
Brown,動物園,2018-04-22,21644.0
Brown,大直,2018-04-22,13630.0
Brown,劍南路,2018-04-22,20496.0
Brown,西湖,2018-04-22,11034.0
Brown,港墘,2018-04-22,13712.0
Brown,文德,2018-04-22,8270.0
Brown,內湖,2018-04-22,15560.0
Brown,大湖公園,2018-04-22,7365.0
Brown,葫洲,2018-04-22,10452.0
Brown,東湖,2018-04-22,11808.0
Brown,南港軟體園區,2018-04-22,4215.0
Brown,南港展覽館,2018-04-22,13668.5
Brown,松山機場,2018-04-23,11958.0
Brown,中山國中,2018-04-23,30961.0
Brown,南京復興,2018-04-23,42592.0
Brown,忠孝復興,2018-04-23,32601.0
Brown,大安,2018-04-23,23723.0
Brown,科技大樓,2018-04-23,30006.0
Brown,六張犁,2018-04-23,23577.0
Brown,麟光,2018-04-23,7950.0
Brown,辛亥,2018-04-23,6285.0
Brown,萬芳醫院,2018-04-23,30551.0
Brown,萬芳社區,2018-04-23,4761.0
Brown,木柵,2018-04-23,8860.0
Brown,動物園,2018-04-23,11355.0
Brown,大直,2018-04-23,21148.0
Brown,劍南路,2018-04-23,19753.0
Brown,西湖,2018-04-23,36688.0
Brown,港墘,2018-04-23,34025.0
Brown,文德,2018-04-23,11534.0
Brown,內湖,2018-04-23,17415.0
Brown,大湖公園,2018-04-23,6396.0
Brown,葫洲,2018-04-23,17048.0
Brown,東湖,2018-04-23,16690.0
Brown,南港軟體園區,2018-04-23,9966.0
Brown,南港展覽館,2018-04-23,23050.0
Brown,松山機場,2018-04-24,11483.0
Brown,中山國中,2018-04-24,31857.0
Brown,南京復興,2018-04-24,44053.0
Brown,忠孝復興,2018-04-24,33962.0
Brown,大安,2018-04-24,26630.5
Brown,科技大樓,2018-04-24,32141.0
Brown,六張犁,2018-04-24,24513.0
Brown,麟光,2018-04-24,8381.0
Brown,辛亥,2018-04-24,6425.0
Brown,萬芳醫院,2018-04-24,31472.0
Brown,萬芳社區,2018-04-24,4747.0
Brown,木柵,2018-04-24,8656.0
Brown,動物園,2018-04-24,11293.0
Brown,大直,2018-04-24,22162.0
Brown,劍南路,2018-04-24,20153.0
Brown,西湖,2018-04-24,38035.0
Brown,港墘,2018-04-24,34726.0
Brown,文德,2018-04-24,11885.0
Brown,內湖,2018-04-24,17542.0
Brown,大湖公園,2018-04-24,6457.0
Brown,葫洲,2018-04-24,17138.0
Brown,東湖,2018-04-24,17135.0
Brown,南港軟體園區,2018-04-24,10817.0
Brown,南港展覽館,2018-04-24,23798.0
Brown,松山機場,2018-04-25,11505.0
Brown,中山國中,2018-04-25,32722.0
Brown,南京復興,2018-04-25,44582.5
Brown,忠孝復興,2018-04-25,35319.0
Brown,大安,2018-04-25,26868.5
Brown,科技大樓,2018-04-25,32407.0
Brown,六張犁,2018-04-25,25417.0
Brown,麟光,2018-04-25,8446.0
Brown,辛亥,2018-04-25,6592.0
Brown,萬芳醫院,2018-04-25,31716.0
Brown,萬芳社區,2018-04-25,4857.0
Brown,木柵,2018-04-25,9106.0
Brown,動物園,2018-04-25,14161.0
Brown,大直,2018-04-25,22174.0
Brown,劍南路,2018-04-25,23162.0
Brown,西湖,2018-04-25,38911.0
Brown,港墘,2018-04-25,35182.0
Brown,文德,2018-04-25,12049.0
Brown,內湖,2018-04-25,17862.0
Brown,大湖公園,2018-04-25,6890.0
Brown,葫洲,2018-04-25,18177.0
Brown,東湖,2018-04-25,17872.0
Brown,南港軟體園區,2018-04-25,10162.0
Brown,南港展覽館,2018-04-25,25761.5
Brown,松山機場,2018-04-26,12102.0
Brown,中山國中,2018-04-26,32819.0
Brown,南京復興,2018-04-26,45054.5
Brown,忠孝復興,2018-04-26,36451.0
Brown,大安,2018-04-26,26851.0
Brown,科技大樓,2018-04-26,32370.0
Brown,六張犁,2018-04-26,25260.0
Brown,麟光,2018-04-26,8426.0
Brown,辛亥,2018-04-26,6757.0
Brown,萬芳醫院,2018-04-26,31500.0
Brown,萬芳社區,2018-04-26,4945.0
Brown,木柵,2018-04-26,9382.0
Brown,動物園,2018-04-26,14960.0
Brown,大直,2018-04-26,22263.0
Brown,劍南路,2018-04-26,22678.0
Brown,西湖,2018-04-26,39082.0
Brown,港墘,2018-04-26,34766.0
Brown,文德,2018-04-26,11889.0
Brown,內湖,2018-04-26,18188.0
Brown,大湖公園,2018-04-26,6900.0
Brown,葫洲,2018-04-26,17997.0
Brown,東湖,2018-04-26,17641.0
Brown,南港軟體園區,2018-04-26,10139.0
Brown,南港展覽館,2018-04-26,25737.5
Brown,松山機場,2018-04-27,13913.0
Brown,中山國中,2018-04-27,34095.0
Brown,南京復興,2018-04-27,47115.0
Brown,忠孝復興,2018-04-27,40923.5
Brown,大安,2018-04-27,27297.5
Brown,科技大樓,2018-04-27,33865.0
Brown,六張犁,2018-04-27,26658.0
Brown,麟光,2018-04-27,8950.0
Brown,辛亥,2018-04-27,6896.0
Brown,萬芳醫院,2018-04-27,35001.0
Brown,萬芳社區,2018-04-27,5035.0
Brown,木柵,2018-04-27,9798.0
Brown,動物園,2018-04-27,16490.0
Brown,大直,2018-04-27,22210.0
Brown,劍南路,2018-04-27,25700.0
Brown,西湖,2018-04-27,39177.0
Brown,港墘,2018-04-27,36267.0
Brown,文德,2018-04-27,13147.0
Brown,內湖,2018-04-27,19213.0
Brown,大湖公園,2018-04-27,7183.0
Brown,葫洲,2018-04-27,18739.0
Brown,東湖,2018-04-27,18693.0
Brown,南港軟體園區,2018-04-27,10521.0
Brown,南港展覽館,2018-04-27,29031.5
Brown,松山機場,2018-04-28,11195.0
Brown,中山國中,2018-04-28,22897.0
Brown,南京復興,2018-04-28,27726.0
Brown,忠孝復興,2018-04-28,41002.5
Brown,大安,2018-04-28,16943.0
Brown,科技大樓,2018-04-28,23794.0
Brown,六張犁,2018-04-28,18551.0
Brown,麟光,2018-04-28,8088.0
Brown,辛亥,2018-04-28,5447.0
Brown,萬芳醫院,2018-04-28,22408.0
Brown,萬芳社區,2018-04-28,4217.0
Brown,木柵,2018-04-28,7407.0
Brown,動物園,2018-04-28,22037.0
Brown,大直,2018-04-28,17493.0
Brown,劍南路,2018-04-28,29238.0
Brown,西湖,2018-04-28,13688.0
Brown,港墘,2018-04-28,16304.0
Brown,文德,2018-04-28,9321.0
Brown,內湖,2018-04-28,17833.0
Brown,大湖公園,2018-04-28,7850.0
Brown,葫洲,2018-04-28,12825.0
Brown,東湖,2018-04-28,14920.0
Brown,南港軟體園區,2018-04-28,5116.0
Brown,南港展覽館,2018-04-28,18607.0
Brown,松山機場,2018-04-29,10519.0
Brown,中山國中,2018-04-29,19010.0
Brown,南京復興,2018-04-29,20844.0
Brown,忠孝復興,2018-04-29,33008.5
Brown,大安,2018-04-29,14492.0
Brown,科技大樓,2018-04-29,19540.0
Brown,六張犁,2018-04-29,15405.0
Brown,麟光,2018-04-29,7242.0
Brown,辛亥,2018-04-29,4645.0
Brown,萬芳醫院,2018-04-29,17560.0
Brown,萬芳社區,2018-04-29,3566.0
Brown,木柵,2018-04-29,6075.0
Brown,動物園,2018-04-29,20871.0
Brown,大直,2018-04-29,13311.0
Brown,劍南路,2018-04-29,23981.0
Brown,西湖,2018-04-29,12451.0
Brown,港墘,2018-04-29,12988.0
Brown,文德,2018-04-29,7883.0
Brown,內湖,2018-04-29,14816.0
Brown,大湖公園,2018-04-29,7668.0
Brown,葫洲,2018-04-29,10248.0
Brown,東湖,2018-04-29,11520.0
Brown,南港軟體園區,2018-04-29,4362.0
Brown,南港展覽館,2018-04-29,15119.5
Brown,松山機場,2018-04-30,11980.0
Brown,中山國中,2018-04-30,30578.0
Brown,南京復興,2018-04-30,42593.0
Brown,忠孝復興,2018-04-30,36596.0
Brown,大安,2018-04-30,24854.5
Brown,科技大樓,2018-04-30,30380.0
Brown,六張犁,2018-04-30,23518.0
Brown,麟光,2018-04-30,8173.0
Brown,辛亥,2018-04-30,6164.0
Brown,萬芳醫院,2018-04-30,30237.0
Brown,萬芳社區,2018-04-30,4626.0
Brown,木柵,2018-04-30,9246.0
Brown,動物園,2018-04-30,13878.0
Brown,大直,2018-04-30,20956.0
Brown,劍南路,2018-04-30,22234.0
Brown,西湖,2018-04-30,34856.0
Brown,港墘,2018-04-30,32407.0
Brown,文德,2018-04-30,11528.0
Brown,內湖,2018-04-30,17706.0
Brown,大湖公園,2018-04-30,6385.0
Brown,葫洲,2018-04-30,16846.0
Brown,東湖,2018-04-30,16438.0
Brown,南港軟體園區,2018-04-30,9393.0
Brown,南港展覽館,2018-04-30,22283.5
Brown,松山機場,2018-05-01,10705.0
Brown,中山國中,2018-05-01,19935.0
Brown,南京復興,2018-05-01,24294.0
Brown,忠孝復興,2018-05-01,36408.0
Brown,大安,2018-05-01,18435.5
Brown,科技大樓,2018-05-01,23670.0
Brown,六張犁,2018-05-01,17678.0
Brown,麟光,2018-05-01,7310.0
Brown,辛亥,2018-05-01,4909.0
Brown,萬芳醫院,2018-05-01,25282.0
Brown,萬芳社區,2018-05-01,4007.0
Brown,木柵,2018-05-01,9169.0
Brown,動物園,2018-05-01,22714.0
Brown,大直,2018-05-01,18563.0
Brown,劍南路,2018-05-01,19865.0
Brown,西湖,2018-05-01,15474.0
Brown,港墘,2018-05-01,17003.0
Brown,文德,2018-05-01,9942.0
Brown,內湖,2018-05-01,16426.0
Brown,大湖公園,2018-05-01,7134.0
Brown,葫洲,2018-05-01,13793.0
Brown,東湖,2018-05-01,14468.0
Brown,南港軟體園區,2018-05-01,4581.0
Brown,南港展覽館,2018-05-01,14226.0
Brown,松山機場,2018-05-02,12262.0
Brown,中山國中,2018-05-02,32472.0
Brown,南京復興,2018-05-02,43973.0
Brown,忠孝復興,2018-05-02,35978.5
Brown,大安,2018-05-02,25548.5
Brown,科技大樓,2018-05-02,31428.0
Brown,六張犁,2018-05-02,24269.0
Brown,麟光,2018-05-02,8179.0
Brown,辛亥,2018-05-02,6458.0
Brown,萬芳醫院,2018-05-02,30810.0
Brown,萬芳社區,2018-05-02,4786.0
Brown,木柵,2018-05-02,9317.0
Brown,動物園,2018-05-02,14430.0
Brown,大直,2018-05-02,21813.0
Brown,劍南路,2018-05-02,21089.0
Brown,西湖,2018-05-02,37538.0
Brown,港墘,2018-05-02,34782.0
Brown,文德,2018-05-02,11699.0
Brown,內湖,2018-05-02,17441.0
Brown,大湖公園,2018-05-02,6549.0
Brown,葫洲,2018-05-02,17496.0
Brown,東湖,2018-05-02,17024.0
Brown,南港軟體園區,2018-05-02,10043.0
Brown,南港展覽館,2018-05-02,23666.5
Brown,松山機場,2018-05-03,11805.0
Brown,中山國中,2018-05-03,32343.0
Brown,南京復興,2018-05-03,45264.5
Brown,忠孝復興,2018-05-03,37384.0
Brown,大安,2018-05-03,26513.5
Brown,科技大樓,2018-05-03,31934.0
Brown,六張犁,2018-05-03,24629.0
Brown,麟光,2018-05-03,8255.0
Brown,辛亥,2018-05-03,6411.0
Brown,萬芳醫院,2018-05-03,31190.0
Brown,萬芳社區,2018-05-03,4792.0
Brown,木柵,2018-05-03,9293.0
Brown,動物園,2018-05-03,12735.0
Brown,大直,2018-05-03,21723.0
Brown,劍南路,2018-05-03,21425.0
Brown,西湖,2018-05-03,38309.0
Brown,港墘,2018-05-03,34540.0
Brown,文德,2018-05-03,11663.0
Brown,內湖,2018-05-03,17620.0
Brown,大湖公園,2018-05-03,6179.0
Brown,葫洲,2018-05-03,17165.0
Brown,東湖,2018-05-03,17232.0
Brown,南港軟體園區,2018-05-03,10530.0
Brown,南港展覽館,2018-05-03,24015.5
Brown,松山機場,2018-05-04,13440.0
Brown,中山國中,2018-05-04,34297.0
Brown,南京復興,2018-05-04,46737.0
Brown,忠孝復興,2018-05-04,42502.0
Brown,大安,2018-05-04,27264.0
Brown,科技大樓,2018-05-04,33975.0
Brown,六張犁,2018-05-04,25463.0
Brown,麟光,2018-05-04,8544.0
Brown,辛亥,2018-05-04,6455.0
Brown,萬芳醫院,2018-05-04,34145.0
Brown,萬芳社區,2018-05-04,4925.0
Brown,木柵,2018-05-04,9820.0
Brown,動物園,2018-05-04,16391.0
Brown,大直,2018-05-04,22220.0
Brown,劍南路,2018-05-04,25745.0
Brown,西湖,2018-05-04,38370.0
Brown,港墘,2018-05-04,36190.0
Brown,文德,2018-05-04,12956.0
Brown,內湖,2018-05-04,19028.0
Brown,大湖公園,2018-05-04,6955.0
Brown,葫洲,2018-05-04,18473.0
Brown,東湖,2018-05-04,18300.0
Brown,南港軟體園區,2018-05-04,10542.0
Brown,南港展覽館,2018-05-04,24243.0
Brown,松山機場,2018-05-05,10285.0
Brown,中山國中,2018-05-05,22559.0
Brown,南京復興,2018-05-05,27317.0
Brown,忠孝復興,2018-05-05,41962.5
Brown,大安,2018-05-05,18456.0
Brown,科技大樓,2018-05-05,25031.0
Brown,六張犁,2018-05-05,18502.0
Brown,麟光,2018-05-05,8956.0
Brown,辛亥,2018-05-05,5356.0
Brown,萬芳醫院,2018-05-05,22007.0
Brown,萬芳社區,2018-05-05,4039.0
Brown,木柵,2018-05-05,9951.0
Brown,動物園,2018-05-05,19949.0
Brown,大直,2018-05-05,15956.0
Brown,劍南路,2018-05-05,27219.0
Brown,西湖,2018-05-05,16007.0
Brown,港墘,2018-05-05,19641.0
Brown,文德,2018-05-05,8428.0
Brown,內湖,2018-05-05,17584.0
Brown,大湖公園,2018-05-05,7308.0
Brown,葫洲,2018-05-05,12977.0
Brown,東湖,2018-05-05,14246.0
Brown,南港軟體園區,2018-05-05,4985.0
Brown,南港展覽館,2018-05-05,13808.5
Brown,松山機場,2018-05-06,10213.0
Brown,中山國中,2018-05-06,18003.0
Brown,南京復興,2018-05-06,20884.0
Brown,忠孝復興,2018-05-06,33467.0
Brown,大安,2018-05-06,14671.0
Brown,科技大樓,2018-05-06,24949.0
Brown,六張犁,2018-05-06,15394.0
Brown,麟光,2018-05-06,7033.0
Brown,辛亥,2018-05-06,4653.0
Brown,萬芳醫院,2018-05-06,18006.0
Brown,萬芳社區,2018-05-06,3444.0
Brown,木柵,2018-05-06,8459.0
Brown,動物園,2018-05-06,17960.0
Brown,大直,2018-05-06,13155.0
Brown,劍南路,2018-05-06,25249.0
Brown,西湖,2018-05-06,13110.0
Brown,港墘,2018-05-06,14660.0
Brown,文德,2018-05-06,7674.0
Brown,內湖,2018-05-06,14978.0
Brown,大湖公園,2018-05-06,6832.0
Brown,葫洲,2018-05-06,10722.0
Brown,東湖,2018-05-06,11735.0
Brown,南港軟體園區,2018-05-06,4555.0
Brown,南港展覽館,2018-05-06,12394.0
Brown,松山機場,2018-05-07,12127.0
Brown,中山國中,2018-05-07,31186.0
Brown,南京復興,2018-05-07,43010.5
Brown,忠孝復興,2018-05-07,34642.0
Brown,大安,2018-05-07,25159.0
Brown,科技大樓,2018-05-07,30692.0
Brown,六張犁,2018-05-07,23336.0
Brown,麟光,2018-05-07,7967.0
Brown,辛亥,2018-05-07,6280.0
Brown,萬芳醫院,2018-05-07,30341.0
Brown,萬芳社區,2018-05-07,4758.0
Brown,木柵,2018-05-07,9178.0
Brown,動物園,2018-05-07,12537.0
Brown,大直,2018-05-07,20968.0
Brown,劍南路,2018-05-07,20440.0
Brown,西湖,2018-05-07,36808.0
Brown,港墘,2018-05-07,34011.0
Brown,文德,2018-05-07,11345.0
Brown,內湖,2018-05-07,17416.0
Brown,大湖公園,2018-05-07,6341.0
Brown,葫洲,2018-05-07,16075.0
Brown,東湖,2018-05-07,16694.0
Brown,南港軟體園區,2018-05-07,10106.0
Brown,南港展覽館,2018-05-07,23387.5
Brown,松山機場,2018-05-08,11147.0
Brown,中山國中,2018-05-08,31818.0
Brown,南京復興,2018-05-08,44826.5
Brown,忠孝復興,2018-05-08,34812.5
Brown,大安,2018-05-08,26837.5
Brown,科技大樓,2018-05-08,32050.0
Brown,六張犁,2018-05-08,24067.0
Brown,麟光,2018-05-08,8387.0
Brown,辛亥,2018-05-08,6490.0
Brown,萬芳醫院,2018-05-08,31108.0
Brown,萬芳社區,2018-05-08,4753.0
Brown,木柵,2018-05-08,9345.0
Brown,動物園,2018-05-08,12123.0
Brown,大直,2018-05-08,21573.0
Brown,劍南路,2018-05-08,20567.0
Brown,西湖,2018-05-08,38670.0
Brown,港墘,2018-05-08,35352.0
Brown,文德,2018-05-08,11645.0
Brown,內湖,2018-05-08,17925.0
Brown,大湖公園,2018-05-08,6263.0
Brown,葫洲,2018-05-08,17421.0
Brown,東湖,2018-05-08,17195.0
Brown,南港軟體園區,2018-05-08,10246.0
Brown,南港展覽館,2018-05-08,23870.0
Brown,松山機場,2018-05-09,11423.0
Brown,中山國中,2018-05-09,32536.0
Brown,南京復興,2018-05-09,44826.5
Brown,忠孝復興,2018-05-09,36876.5
Brown,大安,2018-05-09,26775.5
Brown,科技大樓,2018-05-09,31898.0
Brown,六張犁,2018-05-09,24487.0
Brown,麟光,2018-05-09,8451.0
Brown,辛亥,2018-05-09,6578.0
Brown,萬芳醫院,2018-05-09,31229.0
Brown,萬芳社區,2018-05-09,4749.0
Brown,木柵,2018-05-09,9494.0
Brown,動物園,2018-05-09,12684.0
Brown,大直,2018-05-09,21666.0
Brown,劍南路,2018-05-09,23057.0
Brown,西湖,2018-05-09,38843.0
Brown,港墘,2018-05-09,35597.0
Brown,文德,2018-05-09,11824.0
Brown,內湖,2018-05-09,17768.0
Brown,大湖公園,2018-05-09,6585.0
Brown,葫洲,2018-05-09,17620.0
Brown,東湖,2018-05-09,17121.0
Brown,南港軟體園區,2018-05-09,10244.0
Brown,南港展覽館,2018-05-09,24748.5
Brown,松山機場,2018-05-10,11714.0
Brown,中山國中,2018-05-10,32575.0
Brown,南京復興,2018-05-10,46017.0
Brown,忠孝復興,2018-05-10,37509.5
Brown,大安,2018-05-10,27122.0
Brown,科技大樓,2018-05-10,32054.0
Brown,六張犁,2018-05-10,24539.0
Brown,麟光,2018-05-10,8353.0
Brown,辛亥,2018-05-10,6309.0
Brown,萬芳醫院,2018-05-10,30699.0
Brown,萬芳社區,2018-05-10,4975.0
Brown,木柵,2018-05-10,9408.0
Brown,動物園,2018-05-10,14068.0
Brown,大直,2018-05-10,21690.0
Brown,劍南路,2018-05-10,22169.0
Brown,西湖,2018-05-10,38405.0
Brown,港墘,2018-05-10,35449.0
Brown,文德,2018-05-10,11925.0
Brown,內湖,2018-05-10,17892.0
Brown,大湖公園,2018-05-10,6615.0
Brown,葫洲,2018-05-10,17488.0
Brown,東湖,2018-05-10,17132.0
Brown,南港軟體園區,2018-05-10,10509.0
Brown,南港展覽館,2018-05-10,25066.0
Brown,松山機場,2018-05-11,13320.0
Brown,中山國中,2018-05-11,33315.0
Brown,南京復興,2018-05-11,46501.5
Brown,忠孝復興,2018-05-11,43628.5
Brown,大安,2018-05-11,27884.5
Brown,科技大樓,2018-05-11,34033.0
Brown,六張犁,2018-05-11,25774.0
Brown,麟光,2018-05-11,8711.0
Brown,辛亥,2018-05-11,6677.0
Brown,萬芳醫院,2018-05-11,34437.0
Brown,萬芳社區,2018-05-11,5066.0
Brown,木柵,2018-05-11,10009.0
Brown,動物園,2018-05-11,15903.0
Brown,大直,2018-05-11,22640.0
Brown,劍南路,2018-05-11,25591.0
Brown,西湖,2018-05-11,39183.0
Brown,港墘,2018-05-11,36510.0
Brown,文德,2018-05-11,13674.0
Brown,內湖,2018-05-11,19542.0
Brown,大湖公園,2018-05-11,7210.0
Brown,葫洲,2018-05-11,18817.0
Brown,東湖,2018-05-11,18616.0
Brown,南港軟體園區,2018-05-11,10378.0
Brown,南港展覽館,2018-05-11,25728.5
Brown,松山機場,2018-05-12,9883.0
Brown,中山國中,2018-05-12,21214.0
Brown,南京復興,2018-05-12,26435.0
Brown,忠孝復興,2018-05-12,41901.5
Brown,大安,2018-05-12,16187.5
Brown,科技大樓,2018-05-12,22805.0
Brown,六張犁,2018-05-12,17800.0
Brown,麟光,2018-05-12,7671.0
Brown,辛亥,2018-05-12,5267.0
Brown,萬芳醫院,2018-05-12,20976.0
Brown,萬芳社區,2018-05-12,3860.0
Brown,木柵,2018-05-12,7131.0
Brown,動物園,2018-05-12,17178.0
Brown,大直,2018-05-12,14822.0
Brown,劍南路,2018-05-12,24493.0
Brown,西湖,2018-05-12,13107.0
Brown,港墘,2018-05-12,14473.0
Brown,文德,2018-05-12,8517.0
Brown,內湖,2018-05-12,17572.0
Brown,大湖公園,2018-05-12,7571.0
Brown,葫洲,2018-05-12,12484.0
Brown,東湖,2018-05-12,13676.0
Brown,南港軟體園區,2018-05-12,5218.0
Brown,南港展覽館,2018-05-12,13929.0
Brown,松山機場,2018-05-13,9942.0
Brown,中山國中,2018-05-13,16369.0
Brown,南京復興,2018-05-13,19841.5
Brown,忠孝復興,2018-05-13,33204.5
Brown,大安,2018-05-13,11532.5
Brown,科技大樓,2018-05-13,16719.0
Brown,六張犁,2018-05-13,13471.0
Brown,麟光,2018-05-13,7023.0
Brown,辛亥,2018-05-13,4245.0
Brown,萬芳醫院,2018-05-13,16538.0
Brown,萬芳社區,2018-05-13,3327.0
Brown,木柵,2018-05-13,5512.0
Brown,動物園,2018-05-13,15731.0
Brown,大直,2018-05-13,11897.0
Brown,劍南路,2018-05-13,18825.0
Brown,西湖,2018-05-13,10360.0
Brown,港墘,2018-05-13,11831.0
Brown,文德,2018-05-13,7115.0
Brown,內湖,2018-05-13,14256.0
Brown,大湖公園,2018-05-13,6526.0
Brown,葫洲,2018-05-13,9935.0
Brown,東湖,2018-05-13,11186.0
Brown,南港軟體園區,2018-05-13,4633.0
Brown,南港展覽館,2018-05-13,10501.5
Brown,松山機場,2018-05-14,11944.0
Brown,中山國中,2018-05-14,30324.0
Brown,南京復興,2018-05-14,42273.5
Brown,忠孝復興,2018-05-14,32511.0
Brown,大安,2018-05-14,25154.5
Brown,科技大樓,2018-05-14,30536.0
Brown,六張犁,2018-05-14,22834.0
Brown,麟光,2018-05-14,7906.0
Brown,辛亥,2018-05-14,6104.0
Brown,萬芳醫院,2018-05-14,29885.0
Brown,萬芳社區,2018-05-14,4733.0
Brown,木柵,2018-05-14,9101.0
Brown,動物園,2018-05-14,11164.0
Brown,大直,2018-05-14,20968.0
Brown,劍南路,2018-05-14,20033.0
Brown,西湖,2018-05-14,36765.0
Brown,港墘,2018-05-14,33910.0
Brown,文德,2018-05-14,10891.0
Brown,內湖,2018-05-14,17206.0
Brown,大湖公園,2018-05-14,6440.0
Brown,葫洲,2018-05-14,17071.0
Brown,東湖,2018-05-14,16502.0
Brown,南港軟體園區,2018-05-14,10061.0
Brown,南港展覽館,2018-05-14,23101.5
Brown,松山機場,2018-05-15,11868.0
Brown,中山國中,2018-05-15,31097.0
Brown,南京復興,2018-05-15,43627.0
Brown,忠孝復興,2018-05-15,33441.5
Brown,大安,2018-05-15,26296.5
Brown,科技大樓,2018-05-15,31567.0
Brown,六張犁,2018-05-15,23569.0
Brown,麟光,2018-05-15,7928.0
Brown,辛亥,2018-05-15,6346.0
Brown,萬芳醫院,2018-05-15,30526.0
Brown,萬芳社區,2018-05-15,4652.0
Brown,木柵,2018-05-15,9103.0
Brown,動物園,2018-05-15,12134.0
Brown,大直,2018-05-15,21324.0
Brown,劍南路,2018-05-15,21192.0
Brown,西湖,2018-05-15,37890.0
Brown,港墘,2018-05-15,34905.0
Brown,文德,2018-05-15,11217.0
Brown,內湖,2018-05-15,17481.0
Brown,大湖公園,2018-05-15,6413.0
Brown,葫洲,2018-05-15,17037.0
Brown,東湖,2018-05-15,16696.0
Brown,南港軟體園區,2018-05-15,10245.0
Brown,南港展覽館,2018-05-15,23619.0
Brown,松山機場,2018-05-16,11653.0
Brown,中山國中,2018-05-16,31342.0
Brown,南京復興,2018-05-16,43691.0
Brown,忠孝復興,2018-05-16,34716.5
Brown,大安,2018-05-16,26163.5
Brown,科技大樓,2018-05-16,31242.0
Brown,六張犁,2018-05-16,23654.0
Brown,麟光,2018-05-16,8172.0
Brown,辛亥,2018-05-16,6599.0
Brown,萬芳醫院,2018-05-16,30612.0
Brown,萬芳社區,2018-05-16,4928.0
Brown,木柵,2018-05-16,9256.0
Brown,動物園,2018-05-16,12020.0
Brown,大直,2018-05-16,21086.0
Brown,劍南路,2018-05-16,21319.0
Brown,西湖,2018-05-16,37419.0
Brown,港墘,2018-05-16,35288.0
Brown,文德,2018-05-16,11226.0
Brown,內湖,2018-05-16,17522.0
Brown,大湖公園,2018-05-16,6447.0
Brown,葫洲,2018-05-16,17703.0
Brown,東湖,2018-05-16,17251.0
Brown,南港軟體園區,2018-05-16,10373.0
Brown,南港展覽館,2018-05-16,23800.5
Brown,松山機場,2018-05-17,12321.0
Brown,中山國中,2018-05-17,31602.0
Brown,南京復興,2018-05-17,44062.5
Brown,忠孝復興,2018-05-17,35061.5
Brown,大安,2018-05-17,25992.5
Brown,科技大樓,2018-05-17,31831.0
Brown,六張犁,2018-05-17,23754.0
Brown,麟光,2018-05-17,8105.0
Brown,辛亥,2018-05-17,6483.0
Brown,萬芳醫院,2018-05-17,30548.0
Brown,萬芳社區,2018-05-17,4814.0
Brown,木柵,2018-05-17,9279.0
Brown,動物園,2018-05-17,12825.0
Brown,大直,2018-05-17,21322.0
Brown,劍南路,2018-05-17,20897.0
Brown,西湖,2018-05-17,37452.0
Brown,港墘,2018-05-17,34425.0
Brown,文德,2018-05-17,11284.0
Brown,內湖,2018-05-17,17640.0
Brown,大湖公園,2018-05-17,6484.0
Brown,葫洲,2018-05-17,17000.0
Brown,東湖,2018-05-17,16729.0
Brown,南港軟體園區,2018-05-17,10382.0
Brown,南港展覽館,2018-05-17,23365.5
Brown,松山機場,2018-05-18,13640.0
Brown,中山國中,2018-05-18,34312.0
Brown,南京復興,2018-05-18,46702.5
Brown,忠孝復興,2018-05-18,41523.5
Brown,大安,2018-05-18,27697.0
Brown,科技大樓,2018-05-18,34214.0
Brown,六張犁,2018-05-18,25630.0
Brown,麟光,2018-05-18,8790.0
Brown,辛亥,2018-05-18,6587.0
Brown,萬芳醫院,2018-05-18,33491.0
Brown,萬芳社區,2018-05-18,4996.0
Brown,木柵,2018-05-18,9824.0
Brown,動物園,2018-05-18,12537.0
Brown,大直,2018-05-18,22128.0
Brown,劍南路,2018-05-18,26791.0
Brown,西湖,2018-05-18,38115.0
Brown,港墘,2018-05-18,37229.0
Brown,文德,2018-05-18,13133.0
Brown,內湖,2018-05-18,19268.0
Brown,大湖公園,2018-05-18,7012.0
Brown,葫洲,2018-05-18,19074.0
Brown,東湖,2018-05-18,18470.0
Brown,南港軟體園區,2018-05-18,11045.0
Brown,南港展覽館,2018-05-18,23913.0
Brown,松山機場,2018-05-19,10632.0
Brown,中山國中,2018-05-19,22822.0
Brown,南京復興,2018-05-19,28371.0
Brown,忠孝復興,2018-05-19,41373.0
Brown,大安,2018-05-19,18818.5
Brown,科技大樓,2018-05-19,24388.0
Brown,六張犁,2018-05-19,18953.0
Brown,麟光,2018-05-19,7928.0
Brown,辛亥,2018-05-19,5226.0
Brown,萬芳醫院,2018-05-19,22434.0
Brown,萬芳社區,2018-05-19,4067.0
Brown,木柵,2018-05-19,7926.0
Brown,動物園,2018-05-19,15636.0
Brown,大直,2018-05-19,16495.0
Brown,劍南路,2018-05-19,25634.0
Brown,西湖,2018-05-19,14292.0
Brown,港墘,2018-05-19,17563.0
Brown,文德,2018-05-19,10128.0
Brown,內湖,2018-05-19,18383.0
Brown,大湖公園,2018-05-19,9072.0
Brown,葫洲,2018-05-19,13215.0
Brown,東湖,2018-05-19,14368.0
Brown,南港軟體園區,2018-05-19,5082.0
Brown,南港展覽館,2018-05-19,13536.5
Brown,松山機場,2018-05-20,10620.0
Brown,中山國中,2018-05-20,18040.0
Brown,南京復興,2018-05-20,22047.0
Brown,忠孝復興,2018-05-20,33746.0
Brown,大安,2018-05-20,14338.0
Brown,科技大樓,2018-05-20,19460.0
Brown,六張犁,2018-05-20,15222.0
Brown,麟光,2018-05-20,7016.0
Brown,辛亥,2018-05-20,4668.0
Brown,萬芳醫院,2018-05-20,17738.0
Brown,萬芳社區,2018-05-20,3540.0
Brown,木柵,2018-05-20,6934.0
Brown,動物園,2018-05-20,15932.0
Brown,大直,2018-05-20,13920.0
Brown,劍南路,2018-05-20,23637.0
Brown,西湖,2018-05-20,11426.0
Brown,港墘,2018-05-20,15368.0
Brown,文德,2018-05-20,8887.0
Brown,內湖,2018-05-20,15074.0
Brown,大湖公園,2018-05-20,8386.0
Brown,葫洲,2018-05-20,11517.0
Brown,東湖,2018-05-20,12268.0
Brown,南港軟體園區,2018-05-20,4765.0
Brown,南港展覽館,2018-05-20,11214.0
Brown,松山機場,2018-05-21,12306.0
Brown,中山國中,2018-05-21,30184.0
Brown,南京復興,2018-05-21,42016.5
Brown,忠孝復興,2018-05-21,33265.5
Brown,大安,2018-05-21,25805.5
Brown,科技大樓,2018-05-21,30431.0
Brown,六張犁,2018-05-21,22605.0
Brown,麟光,2018-05-21,7836.0
Brown,辛亥,2018-05-21,6151.0
Brown,萬芳醫院,2018-05-21,30053.0
Brown,萬芳社區,2018-05-21,4679.0
Brown,木柵,2018-05-21,9214.0
Brown,動物園,2018-05-21,12144.0
Brown,大直,2018-05-21,20248.0
Brown,劍南路,2018-05-21,19917.0
Brown,西湖,2018-05-21,36293.0
Brown,港墘,2018-05-21,33725.0
Brown,文德,2018-05-21,10994.0
Brown,內湖,2018-05-21,17172.0
Brown,大湖公園,2018-05-21,6228.0
Brown,葫洲,2018-05-21,16516.0
Brown,東湖,2018-05-21,16303.0
Brown,南港軟體園區,2018-05-21,9965.0
Brown,南港展覽館,2018-05-21,22772.5
Brown,松山機場,2018-05-22,11994.0
Brown,中山國中,2018-05-22,31447.0
Brown,南京復興,2018-05-22,43360.5
Brown,忠孝復興,2018-05-22,33859.0
Brown,大安,2018-05-22,26092.5
Brown,科技大樓,2018-05-22,31374.0
Brown,六張犁,2018-05-22,23515.0
Brown,麟光,2018-05-22,7877.0
Brown,辛亥,2018-05-22,6417.0
Brown,萬芳醫院,2018-05-22,30637.0
Brown,萬芳社區,2018-05-22,4847.0
Brown,木柵,2018-05-22,9200.0
Brown,動物園,2018-05-22,12561.0
Brown,大直,2018-05-22,21514.0
Brown,劍南路,2018-05-22,20844.0
Brown,西湖,2018-05-22,37739.0
Brown,港墘,2018-05-22,34464.0
Brown,文德,2018-05-22,11088.0
Brown,內湖,2018-05-22,17481.0
Brown,大湖公園,2018-05-22,6495.0
Brown,葫洲,2018-05-22,16675.0
Brown,東湖,2018-05-22,16653.0
Brown,南港軟體園區,2018-05-22,10339.0
Brown,南港展覽館,2018-05-22,23449.5
Brown,松山機場,2018-05-23,11729.0
Brown,中山國中,2018-05-23,31893.0
Brown,南京復興,2018-05-23,43652.0
Brown,忠孝復興,2018-05-23,34743.0
Brown,大安,2018-05-23,25923.5
Brown,科技大樓,2018-05-23,31378.0
Brown,六張犁,2018-05-23,23577.0
Brown,麟光,2018-05-23,8069.0
Brown,辛亥,2018-05-23,6395.0
Brown,萬芳醫院,2018-05-23,30706.0
Brown,萬芳社區,2018-05-23,4758.0
Brown,木柵,2018-05-23,8988.0
Brown,動物園,2018-05-23,11935.0
Brown,大直,2018-05-23,21703.0
Brown,劍南路,2018-05-23,21024.0
Brown,西湖,2018-05-23,37261.0
Brown,港墘,2018-05-23,35531.0
Brown,文德,2018-05-23,11262.0
Brown,內湖,2018-05-23,17484.0
Brown,大湖公園,2018-05-23,6581.0
Brown,葫洲,2018-05-23,16987.0
Brown,東湖,2018-05-23,16865.0
Brown,南港軟體園區,2018-05-23,10359.0
Brown,南港展覽館,2018-05-23,23621.0
Brown,松山機場,2018-05-24,11951.0
Brown,中山國中,2018-05-24,31663.0
Brown,南京復興,2018-05-24,44223.5
Brown,忠孝復興,2018-05-24,35385.5
Brown,大安,2018-05-24,26213.5
Brown,科技大樓,2018-05-24,32273.0
Brown,六張犁,2018-05-24,23640.0
Brown,麟光,2018-05-24,7999.0
Brown,辛亥,2018-05-24,6586.0
Brown,萬芳醫院,2018-05-24,31180.0
Brown,萬芳社區,2018-05-24,4838.0
Brown,木柵,2018-05-24,9275.0
Brown,動物園,2018-05-24,13105.0
Brown,大直,2018-05-24,21367.0
Brown,劍南路,2018-05-24,20768.0
Brown,西湖,2018-05-24,37629.0
Brown,港墘,2018-05-24,35507.0
Brown,文德,2018-05-24,11062.0
Brown,內湖,2018-05-24,17554.0
Brown,大湖公園,2018-05-24,6645.0
Brown,葫洲,2018-05-24,17089.0
Brown,東湖,2018-05-24,16977.0
Brown,南港軟體園區,2018-05-24,10354.0
Brown,南港展覽館,2018-05-24,23234.5
Brown,松山機場,2018-05-25,13908.0
Brown,中山國中,2018-05-25,32880.0
Brown,南京復興,2018-05-25,45640.0
Brown,忠孝復興,2018-05-25,40463.5
Brown,大安,2018-05-25,26444.0
Brown,科技大樓,2018-05-25,33285.0
Brown,六張犁,2018-05-25,25338.0
Brown,麟光,2018-05-25,8686.0
Brown,辛亥,2018-05-25,6727.0
Brown,萬芳醫院,2018-05-25,33754.0
Brown,萬芳社區,2018-05-25,5046.0
Brown,木柵,2018-05-25,9696.0
Brown,動物園,2018-05-25,14630.0
Brown,大直,2018-05-25,21690.0
Brown,劍南路,2018-05-25,25883.0
Brown,西湖,2018-05-25,38748.0
Brown,港墘,2018-05-25,36063.0
Brown,文德,2018-05-25,12445.0
Brown,內湖,2018-05-25,18870.0
Brown,大湖公園,2018-05-25,7094.0
Brown,葫洲,2018-05-25,18403.0
Brown,東湖,2018-05-25,18080.0
Brown,南港軟體園區,2018-05-25,10755.0
Brown,南港展覽館,2018-05-25,23832.5
Brown,松山機場,2018-05-26,10816.0
Brown,中山國中,2018-05-26,22562.0
Brown,南京復興,2018-05-26,28304.5
Brown,忠孝復興,2018-05-26,41791.5
Brown,大安,2018-05-26,16739.0
Brown,科技大樓,2018-05-26,24226.0
Brown,六張犁,2018-05-26,19055.0
Brown,麟光,2018-05-26,7888.0
Brown,辛亥,2018-05-26,5200.0
Brown,萬芳醫院,2018-05-26,24345.0
Brown,萬芳社區,2018-05-26,3826.0
Brown,木柵,2018-05-26,7274.0
Brown,動物園,2018-05-26,15400.0
Brown,大直,2018-05-26,16003.0
Brown,劍南路,2018-05-26,26829.0
Brown,西湖,2018-05-26,13534.0
Brown,港墘,2018-05-26,15233.0
Brown,文德,2018-05-26,8631.0
Brown,內湖,2018-05-26,17675.0
Brown,大湖公園,2018-05-26,7174.0
Brown,葫洲,2018-05-26,12921.0
Brown,東湖,2018-05-26,13893.0
Brown,南港軟體園區,2018-05-26,5265.0
Brown,南港展覽館,2018-05-26,13583.5
Brown,松山機場,2018-05-27,10411.0
Brown,中山國中,2018-05-27,17421.0
Brown,南京復興,2018-05-27,21381.5
Brown,忠孝復興,2018-05-27,33065.5
Brown,大安,2018-05-27,12515.0
Brown,科技大樓,2018-05-27,19111.0
Brown,六張犁,2018-05-27,15009.0
Brown,麟光,2018-05-27,6994.0
Brown,辛亥,2018-05-27,4474.0
Brown,萬芳醫院,2018-05-27,21754.0
Brown,萬芳社區,2018-05-27,3363.0
Brown,木柵,2018-05-27,6172.0
Brown,動物園,2018-05-27,15002.0
Brown,大直,2018-05-27,13183.0
Brown,劍南路,2018-05-27,20566.0
Brown,西湖,2018-05-27,10775.0
Brown,港墘,2018-05-27,12892.0
Brown,文德,2018-05-27,7425.0
Brown,內湖,2018-05-27,14277.0
Brown,大湖公園,2018-05-27,6527.0
Brown,葫洲,2018-05-27,10415.0
Brown,東湖,2018-05-27,11472.0
Brown,南港軟體園區,2018-05-27,4371.0
Brown,南港展覽館,2018-05-27,10599.5
Brown,松山機場,2018-05-28,11704.0
Brown,中山國中,2018-05-28,30561.0
Brown,南京復興,2018-05-28,41810.0
Brown,忠孝復興,2018-05-28,33145.0
Brown,大安,2018-05-28,24925.0
Brown,科技大樓,2018-05-28,30451.0
Brown,六張犁,2018-05-28,23250.0
Brown,麟光,2018-05-28,7987.0
Brown,辛亥,2018-05-28,6170.0
Brown,萬芳醫院,2018-05-28,29615.0
Brown,萬芳社區,2018-05-28,4675.0
Brown,木柵,2018-05-28,9085.0
Brown,動物園,2018-05-28,11284.0
Brown,大直,2018-05-28,20760.0
Brown,劍南路,2018-05-28,19798.0
Brown,西湖,2018-05-28,36350.0
Brown,港墘,2018-05-28,33880.0
Brown,文德,2018-05-28,10793.0
Brown,內湖,2018-05-28,17017.0
Brown,大湖公園,2018-05-28,6319.0
Brown,葫洲,2018-05-28,16864.0
Brown,東湖,2018-05-28,15982.0
Brown,南港軟體園區,2018-05-28,10117.0
Brown,南港展覽館,2018-05-28,23083.5
Brown,松山機場,2018-05-29,11376.0
Brown,中山國中,2018-05-29,31353.0
Brown,南京復興,2018-05-29,43385.0
Brown,忠孝復興,2018-05-29,33985.0
Brown,大安,2018-05-29,25678.0
Brown,科技大樓,2018-05-29,31653.0
Brown,六張犁,2018-05-29,23950.0
Brown,麟光,2018-05-29,8115.0
Brown,辛亥,2018-05-29,6395.0
Brown,萬芳醫院,2018-05-29,30038.0
Brown,萬芳社區,2018-05-29,4721.0
Brown,木柵,2018-05-29,9157.0
Brown,動物園,2018-05-29,12973.0
Brown,大直,2018-05-29,21144.0
Brown,劍南路,2018-05-29,20341.0
Brown,西湖,2018-05-29,37248.0
Brown,港墘,2018-05-29,34292.0
Brown,文德,2018-05-29,11048.0
Brown,內湖,2018-05-29,17158.0
Brown,大湖公園,2018-05-29,6203.0
Brown,葫洲,2018-05-29,17184.0
Brown,東湖,2018-05-29,16448.0
Brown,南港軟體園區,2018-05-29,10379.0
Brown,南港展覽館,2018-05-29,23448.5
Brown,松山機場,2018-05-30,11364.0
Brown,中山國中,2018-05-30,31640.0
Brown,南京復興,2018-05-30,43493.5
Brown,忠孝復興,2018-05-30,34523.5
Brown,大安,2018-05-30,25859.0
Brown,科技大樓,2018-05-30,31338.0
Brown,六張犁,2018-05-30,23497.0
Brown,麟光,2018-05-30,8331.0
Brown,辛亥,2018-05-30,6531.0
Brown,萬芳醫院,2018-05-30,30578.0
Brown,萬芳社區,2018-05-30,4865.0
Brown,木柵,2018-05-30,8910.0
Brown,動物園,2018-05-30,12695.0
Brown,大直,2018-05-30,20797.0
Brown,劍南路,2018-05-30,22074.0
Brown,西湖,2018-05-30,37666.0
Brown,港墘,2018-05-30,34301.0
Brown,文德,2018-05-30,11091.0
Brown,內湖,2018-05-30,17508.0
Brown,大湖公園,2018-05-30,6498.0
Brown,葫洲,2018-05-30,17830.0
Brown,東湖,2018-05-30,16643.0
Brown,南港軟體園區,2018-05-30,10654.0
Brown,南港展覽館,2018-05-30,23922.0
Brown,松山機場,2018-05-31,11833.0
Brown,中山國中,2018-05-31,31898.0
Brown,南京復興,2018-05-31,44085.0
Brown,忠孝復興,2018-05-31,35005.0
Brown,大安,2018-05-31,26090.0
Brown,科技大樓,2018-05-31,31458.0
Brown,六張犁,2018-05-31,23974.0
Brown,麟光,2018-05-31,8253.0
Brown,辛亥,2018-05-31,6625.0
Brown,萬芳醫院,2018-05-31,30933.0
Brown,萬芳社區,2018-05-31,4823.0
Brown,木柵,2018-05-31,9236.0
Brown,動物園,2018-05-31,13710.0
Brown,大直,2018-05-31,21290.0
Brown,劍南路,2018-05-31,22064.0
Brown,西湖,2018-05-31,37838.0
Brown,港墘,2018-05-31,34870.0
Brown,文德,2018-05-31,11670.0
Brown,內湖,2018-05-31,17726.0
Brown,大湖公園,2018-05-31,6376.0
Brown,葫洲,2018-05-31,17153.0
Brown,東湖,2018-05-31,17028.0
Brown,南港軟體園區,2018-05-31,10683.0
Brown,南港展覽館,2018-05-31,23710.0
Brown,松山機場,2018-06-01,13061.0
Brown,中山國中,2018-06-01,33321.0
Brown,南京復興,2018-06-01,46709.0
Brown,忠孝復興,2018-06-01,40658.5
Brown,大安,2018-06-01,27593.5
Brown,科技大樓,2018-06-01,33556.0
Brown,六張犁,2018-06-01,25624.0
Brown,麟光,2018-06-01,8735.0
Brown,辛亥,2018-06-01,6670.0
Brown,萬芳醫院,2018-06-01,33873.0
Brown,萬芳社區,2018-06-01,4976.0
Brown,木柵,2018-06-01,9801.0
Brown,動物園,2018-06-01,16302.0
Brown,大直,2018-06-01,22375.0
Brown,劍南路,2018-06-01,26089.0
Brown,西湖,2018-06-01,38588.0
Brown,港墘,2018-06-01,37490.0
Brown,文德,2018-06-01,13832.0
Brown,內湖,2018-06-01,19366.0
Brown,大湖公園,2018-06-01,7072.0
Brown,葫洲,2018-06-01,18802.0
Brown,東湖,2018-06-01,18849.0
Brown,南港軟體園區,2018-06-01,10931.0
Brown,南港展覽館,2018-06-01,24449.5
Brown,松山機場,2018-06-02,9790.0
Brown,中山國中,2018-06-02,21318.0
Brown,南京復興,2018-06-02,25199.5
Brown,忠孝復興,2018-06-02,38451.0
Brown,大安,2018-06-02,15684.0
Brown,科技大樓,2018-06-02,24322.0
Brown,六張犁,2018-06-02,18388.0
Brown,麟光,2018-06-02,7298.0
Brown,辛亥,2018-06-02,5146.0
Brown,萬芳醫院,2018-06-02,21796.0
Brown,萬芳社區,2018-06-02,3945.0
Brown,木柵,2018-06-02,7059.0
Brown,動物園,2018-06-02,18955.0
Brown,大直,2018-06-02,15479.0
Brown,劍南路,2018-06-02,22552.0
Brown,西湖,2018-06-02,12759.0
Brown,港墘,2018-06-02,14989.0
Brown,文德,2018-06-02,8758.0
Brown,內湖,2018-06-02,17255.0
Brown,大湖公園,2018-06-02,6735.0
Brown,葫洲,2018-06-02,12026.0
Brown,東湖,2018-06-02,13920.0
Brown,南港軟體園區,2018-06-02,4649.0
Brown,南港展覽館,2018-06-02,13440.5
Brown,松山機場,2018-06-03,10138.0
Brown,中山國中,2018-06-03,16866.0
Brown,南京復興,2018-06-03,20553.5
Brown,忠孝復興,2018-06-03,30409.0
Brown,大安,2018-06-03,13990.0
Brown,科技大樓,2018-06-03,18086.0
Brown,六張犁,2018-06-03,14629.0
Brown,麟光,2018-06-03,7050.0
Brown,辛亥,2018-06-03,4431.0
Brown,萬芳醫院,2018-06-03,17868.0
Brown,萬芳社區,2018-06-03,3288.0
Brown,木柵,2018-06-03,6040.0
Brown,動物園,2018-06-03,17176.0
Brown,大直,2018-06-03,13620.0
Brown,劍南路,2018-06-03,22379.0
Brown,西湖,2018-06-03,10298.0
Brown,港墘,2018-06-03,13577.0
Brown,文德,2018-06-03,7633.0
Brown,內湖,2018-06-03,13992.0
Brown,大湖公園,2018-06-03,6151.0
Brown,葫洲,2018-06-03,10377.0
Brown,東湖,2018-06-03,11353.0
Brown,南港軟體園區,2018-06-03,4622.0
Brown,南港展覽館,2018-06-03,11584.5
Brown,松山機場,2018-06-04,11585.0
Brown,中山國中,2018-06-04,29989.0
Brown,南京復興,2018-06-04,42367.5
Brown,忠孝復興,2018-06-04,32370.0
Brown,大安,2018-06-04,24189.5
Brown,科技大樓,2018-06-04,29602.0
Brown,六張犁,2018-06-04,22866.0
Brown,麟光,2018-06-04,7739.0
Brown,辛亥,2018-06-04,6126.0
Brown,萬芳醫院,2018-06-04,29480.0
Brown,萬芳社區,2018-06-04,4695.0
Brown,木柵,2018-06-04,9371.0
Brown,動物園,2018-06-04,12157.0
Brown,大直,2018-06-04,19422.0
Brown,劍南路,2018-06-04,19792.0
Brown,西湖,2018-06-04,36483.0
Brown,港墘,2018-06-04,33589.0
Brown,文德,2018-06-04,10505.0
Brown,內湖,2018-06-04,17003.0
Brown,大湖公園,2018-06-04,6372.0
Brown,葫洲,2018-06-04,16735.0
Brown,東湖,2018-06-04,16019.0
Brown,南港軟體園區,2018-06-04,9941.0
Brown,南港展覽館,2018-06-04,24179.0
Brown,松山機場,2018-06-05,11163.0
Brown,中山國中,2018-06-05,31561.0
Brown,南京復興,2018-06-05,44248.0
Brown,忠孝復興,2018-06-05,34733.0
Brown,大安,2018-06-05,25629.0
Brown,科技大樓,2018-06-05,31683.0
Brown,六張犁,2018-06-05,23475.0
Brown,麟光,2018-06-05,7935.0
Brown,辛亥,2018-06-05,6167.0
Brown,萬芳醫院,2018-06-05,30055.0
Brown,萬芳社區,2018-06-05,4831.0
Brown,木柵,2018-06-05,8781.0
Brown,動物園,2018-06-05,13737.0
Brown,大直,2018-06-05,20072.0
Brown,劍南路,2018-06-05,20774.0
Brown,西湖,2018-06-05,38188.0
Brown,港墘,2018-06-05,34273.0
Brown,文德,2018-06-05,10904.0
Brown,內湖,2018-06-05,17321.0
Brown,大湖公園,2018-06-05,6544.0
Brown,葫洲,2018-06-05,17050.0
Brown,東湖,2018-06-05,16236.0
Brown,南港軟體園區,2018-06-05,10501.0
Brown,南港展覽館,2018-06-05,28883.0
Brown,松山機場,2018-06-06,11690.0
Brown,中山國中,2018-06-06,31948.0
Brown,南京復興,2018-06-06,44832.0
Brown,忠孝復興,2018-06-06,35963.0
Brown,大安,2018-06-06,25743.5
Brown,科技大樓,2018-06-06,31898.0
Brown,六張犁,2018-06-06,23441.0
Brown,麟光,2018-06-06,8265.0
Brown,辛亥,2018-06-06,6198.0
Brown,萬芳醫院,2018-06-06,30280.0
Brown,萬芳社區,2018-06-06,4833.0
Brown,木柵,2018-06-06,8710.0
Brown,動物園,2018-06-06,12876.0
Brown,大直,2018-06-06,20612.0
Brown,劍南路,2018-06-06,24843.0
Brown,西湖,2018-06-06,38247.0
Brown,港墘,2018-06-06,34389.0
Brown,文德,2018-06-06,11153.0
Brown,內湖,2018-06-06,17832.0
Brown,大湖公園,2018-06-06,6384.0
Brown,葫洲,2018-06-06,17439.0
Brown,東湖,2018-06-06,16703.0
Brown,南港軟體園區,2018-06-06,10875.0
Brown,南港展覽館,2018-06-06,29604.0
Brown,松山機場,2018-06-07,11907.0
Brown,中山國中,2018-06-07,32578.0
Brown,南京復興,2018-06-07,45535.5
Brown,忠孝復興,2018-06-07,38369.5
Brown,大安,2018-06-07,25753.0
Brown,科技大樓,2018-06-07,31097.0
Brown,六張犁,2018-06-07,24058.0
Brown,麟光,2018-06-07,8224.0
Brown,辛亥,2018-06-07,6332.0
Brown,萬芳醫院,2018-06-07,30489.0
Brown,萬芳社區,2018-06-07,4752.0
Brown,木柵,2018-06-07,8874.0
Brown,動物園,2018-06-07,13968.0
Brown,大直,2018-06-07,20712.0
Brown,劍南路,2018-06-07,22649.0
Brown,西湖,2018-06-07,38918.0
Brown,港墘,2018-06-07,34206.0
Brown,文德,2018-06-07,11120.0
Brown,內湖,2018-06-07,17838.0
Brown,大湖公園,2018-06-07,6441.0
Brown,葫洲,2018-06-07,17438.0
Brown,東湖,2018-06-07,16569.0
Brown,南港軟體園區,2018-06-07,11153.0
Brown,南港展覽館,2018-06-07,31633.0
Brown,松山機場,2018-06-08,14089.0
Brown,中山國中,2018-06-08,33368.0
Brown,南京復興,2018-06-08,46160.0
Brown,忠孝復興,2018-06-08,41995.0
Brown,大安,2018-06-08,26268.0
Brown,科技大樓,2018-06-08,33037.0
Brown,六張犁,2018-06-08,25420.0
Brown,麟光,2018-06-08,8525.0
Brown,辛亥,2018-06-08,6577.0
Brown,萬芳醫院,2018-06-08,32247.0
Brown,萬芳社區,2018-06-08,5197.0
Brown,木柵,2018-06-08,9140.0
Brown,動物園,2018-06-08,15212.0
Brown,大直,2018-06-08,21386.0
Brown,劍南路,2018-06-08,26277.0
Brown,西湖,2018-06-08,39484.0
Brown,港墘,2018-06-08,35832.0
Brown,文德,2018-06-08,11971.0
Brown,內湖,2018-06-08,19364.0
Brown,大湖公園,2018-06-08,6807.0
Brown,葫洲,2018-06-08,18695.0
Brown,東湖,2018-06-08,17783.0
Brown,南港軟體園區,2018-06-08,11308.0
Brown,南港展覽館,2018-06-08,32113.5
Brown,松山機場,2018-06-09,10726.0
Brown,中山國中,2018-06-09,22637.0
Brown,南京復興,2018-06-09,28179.0
Brown,忠孝復興,2018-06-09,42167.5
Brown,大安,2018-06-09,18305.0
Brown,科技大樓,2018-06-09,25119.0
Brown,六張犁,2018-06-09,18921.0
Brown,麟光,2018-06-09,7923.0
Brown,辛亥,2018-06-09,5390.0
Brown,萬芳醫院,2018-06-09,24965.0
Brown,萬芳社區,2018-06-09,4032.0
Brown,木柵,2018-06-09,7205.0
Brown,動物園,2018-06-09,20656.0
Brown,大直,2018-06-09,17309.0
Brown,劍南路,2018-06-09,28023.0
Brown,西湖,2018-06-09,13139.0
Brown,港墘,2018-06-09,18247.0
Brown,文德,2018-06-09,9304.0
Brown,內湖,2018-06-09,17238.0
Brown,大湖公園,2018-06-09,7227.0
Brown,葫洲,2018-06-09,12926.0
Brown,東湖,2018-06-09,14421.0
Brown,南港軟體園區,2018-06-09,5279.0
Brown,南港展覽館,2018-06-09,19196.5
Brown,松山機場,2018-06-10,10952.0
Brown,中山國中,2018-06-10,17994.0
Brown,南京復興,2018-06-10,20277.5
Brown,忠孝復興,2018-06-10,33794.5
Brown,大安,2018-06-10,12548.5
Brown,科技大樓,2018-06-10,19939.0
Brown,六張犁,2018-06-10,14669.0
Brown,麟光,2018-06-10,6912.0
Brown,辛亥,2018-06-10,4387.0
Brown,萬芳醫院,2018-06-10,19146.0
Brown,萬芳社區,2018-06-10,3174.0
Brown,木柵,2018-06-10,5439.0
Brown,動物園,2018-06-10,14424.0
Brown,大直,2018-06-10,12965.0
Brown,劍南路,2018-06-10,21580.0
Brown,西湖,2018-06-10,10338.0
Brown,港墘,2018-06-10,15012.0
Brown,文德,2018-06-10,7412.0
Brown,內湖,2018-06-10,14051.0
Brown,大湖公園,2018-06-10,5948.0
Brown,葫洲,2018-06-10,10223.0
Brown,東湖,2018-06-10,11219.0
Brown,南港軟體園區,2018-06-10,4554.0
Brown,南港展覽館,2018-06-10,10806.5
Brown,松山機場,2018-06-11,12276.0
Brown,中山國中,2018-06-11,30869.0
Brown,南京復興,2018-06-11,43501.0
Brown,忠孝復興,2018-06-11,34581.5
Brown,大安,2018-06-11,24456.0
Brown,科技大樓,2018-06-11,30610.0
Brown,六張犁,2018-06-11,23295.0
Brown,麟光,2018-06-11,7937.0
Brown,辛亥,2018-06-11,6225.0
Brown,萬芳醫院,2018-06-11,35573.0
Brown,萬芳社區,2018-06-11,4749.0
Brown,木柵,2018-06-11,8836.0
Brown,動物園,2018-06-11,10522.0
Brown,大直,2018-06-11,20429.0
Brown,劍南路,2018-06-11,21695.0
Brown,西湖,2018-06-11,37296.0
Brown,港墘,2018-06-11,33793.0
Brown,文德,2018-06-11,10720.0
Brown,內湖,2018-06-11,17130.0
Brown,大湖公園,2018-06-11,6068.0
Brown,葫洲,2018-06-11,16876.0
Brown,東湖,2018-06-11,15960.0
Brown,南港軟體園區,2018-06-11,10327.0
Brown,南港展覽館,2018-06-11,22632.0
Brown,松山機場,2018-06-12,12020.0
Brown,中山國中,2018-06-12,31449.0
Brown,南京復興,2018-06-12,44238.5
Brown,忠孝復興,2018-06-12,36021.0
Brown,大安,2018-06-12,25416.0
Brown,科技大樓,2018-06-12,31413.0
Brown,六張犁,2018-06-12,23878.0
Brown,麟光,2018-06-12,8119.0
Brown,辛亥,2018-06-12,6598.0
Brown,萬芳醫院,2018-06-12,30712.0
Brown,萬芳社區,2018-06-12,4914.0
Brown,木柵,2018-06-12,8911.0
Brown,動物園,2018-06-12,14810.0
Brown,大直,2018-06-12,20621.0
Brown,劍南路,2018-06-12,22636.0
Brown,西湖,2018-06-12,37722.0
Brown,港墘,2018-06-12,34315.0
Brown,文德,2018-06-12,11109.0
Brown,內湖,2018-06-12,17997.0
Brown,大湖公園,2018-06-12,6619.0
Brown,葫洲,2018-06-12,17327.0
Brown,東湖,2018-06-12,16739.0
Brown,南港軟體園區,2018-06-12,10402.0
Brown,南港展覽館,2018-06-12,23519.0
Brown,松山機場,2018-06-13,11924.0
Brown,中山國中,2018-06-13,31631.0
Brown,南京復興,2018-06-13,44410.5
Brown,忠孝復興,2018-06-13,35555.0
Brown,大安,2018-06-13,25286.5
Brown,科技大樓,2018-06-13,31491.0
Brown,六張犁,2018-06-13,24065.0
Brown,麟光,2018-06-13,8266.0
Brown,辛亥,2018-06-13,6627.0
Brown,萬芳醫院,2018-06-13,30421.0
Brown,萬芳社區,2018-06-13,5069.0
Brown,木柵,2018-06-13,9143.0
Brown,動物園,2018-06-13,12693.0
Brown,大直,2018-06-13,21220.0
Brown,劍南路,2018-06-13,21650.0
Brown,西湖,2018-06-13,37312.0
Brown,港墘,2018-06-13,34590.0
Brown,文德,2018-06-13,10947.0
Brown,內湖,2018-06-13,17388.0
Brown,大湖公園,2018-06-13,6622.0
Brown,葫洲,2018-06-13,17262.0
Brown,東湖,2018-06-13,16532.0
Brown,南港軟體園區,2018-06-13,10332.0
Brown,南港展覽館,2018-06-13,23251.5
Brown,松山機場,2018-06-14,12541.0
Brown,中山國中,2018-06-14,32082.0
Brown,南京復興,2018-06-14,44763.5
Brown,忠孝復興,2018-06-14,36803.0
Brown,大安,2018-06-14,25793.5
Brown,科技大樓,2018-06-14,31895.0
Brown,六張犁,2018-06-14,23941.0
Brown,麟光,2018-06-14,8520.0
Brown,辛亥,2018-06-14,6391.0
Brown,萬芳醫院,2018-06-14,30204.0
Brown,萬芳社區,2018-06-14,4826.0
Brown,木柵,2018-06-14,8687.0
Brown,動物園,2018-06-14,12576.0
Brown,大直,2018-06-14,20512.0
Brown,劍南路,2018-06-14,21627.0
Brown,西湖,2018-06-14,38108.0
Brown,港墘,2018-06-14,34264.0
Brown,文德,2018-06-14,10970.0
Brown,內湖,2018-06-14,17691.0
Brown,大湖公園,2018-06-14,6127.0
Brown,葫洲,2018-06-14,17036.0
Brown,東湖,2018-06-14,16617.0
Brown,南港軟體園區,2018-06-14,10777.0
Brown,南港展覽館,2018-06-14,23504.5
Brown,松山機場,2018-06-15,14255.0
Brown,中山國中,2018-06-15,33891.0
Brown,南京復興,2018-06-15,46921.0
Brown,忠孝復興,2018-06-15,41542.0
Brown,大安,2018-06-15,26437.5
Brown,科技大樓,2018-06-15,33380.0
Brown,六張犁,2018-06-15,25733.0
Brown,麟光,2018-06-15,9042.0
Brown,辛亥,2018-06-15,6663.0
Brown,萬芳醫院,2018-06-15,31958.0
Brown,萬芳社區,2018-06-15,4859.0
Brown,木柵,2018-06-15,9124.0
Brown,動物園,2018-06-15,12989.0
Brown,大直,2018-06-15,21554.0
Brown,劍南路,2018-06-15,25472.0
Brown,西湖,2018-06-15,39176.0
Brown,港墘,2018-06-15,36163.0
Brown,文德,2018-06-15,12638.0
Brown,內湖,2018-06-15,19524.0
Brown,大湖公園,2018-06-15,6587.0
Brown,葫洲,2018-06-15,19051.0
Brown,東湖,2018-06-15,18173.0
Brown,南港軟體園區,2018-06-15,11080.0
Brown,南港展覽館,2018-06-15,23371.5
Brown,松山機場,2018-06-16,10310.0
Brown,中山國中,2018-06-16,19267.0
Brown,南京復興,2018-06-16,23760.0
Brown,忠孝復興,2018-06-16,36965.0
Brown,大安,2018-06-16,14377.5
Brown,科技大樓,2018-06-16,19499.0
Brown,六張犁,2018-06-16,16442.0
Brown,麟光,2018-06-16,7680.0
Brown,辛亥,2018-06-16,4681.0
Brown,萬芳醫院,2018-06-16,18979.0
Brown,萬芳社區,2018-06-16,3496.0
Brown,木柵,2018-06-16,6372.0
Brown,動物園,2018-06-16,16957.0
Brown,大直,2018-06-16,14927.0
Brown,劍南路,2018-06-16,22635.0
Brown,西湖,2018-06-16,11118.0
Brown,港墘,2018-06-16,13261.0
Brown,文德,2018-06-16,7504.0
Brown,內湖,2018-06-16,15585.0
Brown,大湖公園,2018-06-16,6208.0
Brown,葫洲,2018-06-16,11406.0
Brown,東湖,2018-06-16,12719.0
Brown,南港軟體園區,2018-06-16,4154.0
Brown,南港展覽館,2018-06-16,11668.0
Brown,松山機場,2018-06-17,9034.0
Brown,中山國中,2018-06-17,15990.0
Brown,南京復興,2018-06-17,18551.0
Brown,忠孝復興,2018-06-17,32003.0
Brown,大安,2018-06-17,10914.0
Brown,科技大樓,2018-06-17,15995.0
Brown,六張犁,2018-06-17,13367.0
Brown,麟光,2018-06-17,6750.0
Brown,辛亥,2018-06-17,3967.0
Brown,萬芳醫院,2018-06-17,14828.0
Brown,萬芳社區,2018-06-17,3069.0
Brown,木柵,2018-06-17,5834.0
Brown,動物園,2018-06-17,20926.0
Brown,大直,2018-06-17,12012.0
Brown,劍南路,2018-06-17,22055.0
Brown,西湖,2018-06-17,9065.0
Brown,港墘,2018-06-17,11765.0
Brown,文德,2018-06-17,7137.0
Brown,內湖,2018-06-17,13669.0
Brown,大湖公園,2018-06-17,6541.0
Brown,葫洲,2018-06-17,9407.0
Brown,東湖,2018-06-17,10667.0
Brown,南港軟體園區,2018-06-17,4079.0
Brown,南港展覽館,2018-06-17,10092.5
Brown,松山機場,2018-06-18,9894.0
Brown,中山國中,2018-06-18,12932.0
Brown,南京復興,2018-06-18,15491.0
Brown,忠孝復興,2018-06-18,26609.5
Brown,大安,2018-06-18,8882.5
Brown,科技大樓,2018-06-18,13541.0
Brown,六張犁,2018-06-18,11756.0
Brown,麟光,2018-06-18,5992.0
Brown,辛亥,2018-06-18,3325.0
Brown,萬芳醫院,2018-06-18,13566.0
Brown,萬芳社區,2018-06-18,2567.0
Brown,木柵,2018-06-18,4364.0
Brown,動物園,2018-06-18,13432.0
Brown,大直,2018-06-18,11988.0
Brown,劍南路,2018-06-18,15105.0
Brown,西湖,2018-06-18,8158.0
Brown,港墘,2018-06-18,9686.0
Brown,文德,2018-06-18,5814.0
Brown,內湖,2018-06-18,11575.0
Brown,大湖公園,2018-06-18,4548.0
Brown,葫洲,2018-06-18,8451.0
Brown,東湖,2018-06-18,9154.0
Brown,南港軟體園區,2018-06-18,3665.0
Brown,南港展覽館,2018-06-18,8554.5
Brown,松山機場,2018-06-19,13284.0
Brown,中山國中,2018-06-19,31166.0
Brown,南京復興,2018-06-19,42572.5
Brown,忠孝復興,2018-06-19,33741.0
Brown,大安,2018-06-19,25045.0
Brown,科技大樓,2018-06-19,30839.0
Brown,六張犁,2018-06-19,23340.0
Brown,麟光,2018-06-19,7976.0
Brown,辛亥,2018-06-19,6438.0
Brown,萬芳醫院,2018-06-19,30148.0
Brown,萬芳社區,2018-06-19,4840.0
Brown,木柵,2018-06-19,8970.0
Brown,動物園,2018-06-19,12771.0
Brown,大直,2018-06-19,20382.0
Brown,劍南路,2018-06-19,21050.0
Brown,西湖,2018-06-19,37236.0
Brown,港墘,2018-06-19,34099.0
Brown,文德,2018-06-19,11205.0
Brown,內湖,2018-06-19,17371.0
Brown,大湖公園,2018-06-19,6263.0
Brown,葫洲,2018-06-19,17119.0
Brown,東湖,2018-06-19,16322.0
Brown,南港軟體園區,2018-06-19,10150.0
Brown,南港展覽館,2018-06-19,22921.5
Brown,松山機場,2018-06-20,12689.0
Brown,中山國中,2018-06-20,31425.0
Brown,南京復興,2018-06-20,44285.0
Brown,忠孝復興,2018-06-20,35224.5
Brown,大安,2018-06-20,25077.5
Brown,科技大樓,2018-06-20,30978.0
Brown,六張犁,2018-06-20,23651.0
Brown,麟光,2018-06-20,8361.0
Brown,辛亥,2018-06-20,6431.0
Brown,萬芳醫院,2018-06-20,30468.0
Brown,萬芳社區,2018-06-20,4917.0
Brown,木柵,2018-06-20,8789.0
Brown,動物園,2018-06-20,13580.0
Brown,大直,2018-06-20,20779.0
Brown,劍南路,2018-06-20,23085.0
Brown,西湖,2018-06-20,37867.0
Brown,港墘,2018-06-20,34134.0
Brown,文德,2018-06-20,11057.0
Brown,內湖,2018-06-20,17725.0
Brown,大湖公園,2018-06-20,6642.0
Brown,葫洲,2018-06-20,17281.0
Brown,東湖,2018-06-20,16673.0
Brown,南港軟體園區,2018-06-20,10433.0
Brown,南港展覽館,2018-06-20,23261.0
Brown,松山機場,2018-06-21,12555.0
Brown,中山國中,2018-06-21,32283.0
Brown,南京復興,2018-06-21,45097.0
Brown,忠孝復興,2018-06-21,35810.5
Brown,大安,2018-06-21,25139.5
Brown,科技大樓,2018-06-21,32284.0
Brown,六張犁,2018-06-21,24167.0
Brown,麟光,2018-06-21,8504.0
Brown,辛亥,2018-06-21,6311.0
Brown,萬芳醫院,2018-06-21,30248.0
Brown,萬芳社區,2018-06-21,4890.0
Brown,木柵,2018-06-21,8609.0
Brown,動物園,2018-06-21,12974.0
Brown,大直,2018-06-21,20529.0
Brown,劍南路,2018-06-21,21453.0
Brown,西湖,2018-06-21,38061.0
Brown,港墘,2018-06-21,34158.0
Brown,文德,2018-06-21,11005.0
Brown,內湖,2018-06-21,17867.0
Brown,大湖公園,2018-06-21,6498.0
Brown,葫洲,2018-06-21,17533.0
Brown,東湖,2018-06-21,16570.0
Brown,南港軟體園區,2018-06-21,11309.0
Brown,南港展覽館,2018-06-21,23130.0
Brown,松山機場,2018-06-22,13634.0
Brown,中山國中,2018-06-22,32579.0
Brown,南京復興,2018-06-22,45736.0
Brown,忠孝復興,2018-06-22,39416.5
Brown,大安,2018-06-22,25535.0
Brown,科技大樓,2018-06-22,32683.0
Brown,六張犁,2018-06-22,24913.0
Brown,麟光,2018-06-22,8488.0
Brown,辛亥,2018-06-22,6380.0
Brown,萬芳醫院,2018-06-22,30259.0
Brown,萬芳社區,2018-06-22,5078.0
Brown,木柵,2018-06-22,8901.0
Brown,動物園,2018-06-22,12971.0
Brown,大直,2018-06-22,20860.0
Brown,劍南路,2018-06-22,23779.0
Brown,西湖,2018-06-22,38578.0
Brown,港墘,2018-06-22,34571.0
Brown,文德,2018-06-22,11853.0
Brown,內湖,2018-06-22,18816.0
Brown,大湖公園,2018-06-22,6402.0
Brown,葫洲,2018-06-22,18416.0
Brown,東湖,2018-06-22,17216.0
Brown,南港軟體園區,2018-06-22,11069.0
Brown,南港展覽館,2018-06-22,22971.0
Brown,松山機場,2018-06-23,10256.0
Brown,中山國中,2018-06-23,21851.0
Brown,南京復興,2018-06-23,26809.5
Brown,忠孝復興,2018-06-23,38967.0
Brown,大安,2018-06-23,16374.5
Brown,科技大樓,2018-06-23,21279.0
Brown,六張犁,2018-06-23,17878.0
Brown,麟光,2018-06-23,7224.0
Brown,辛亥,2018-06-23,4998.0
Brown,萬芳醫院,2018-06-23,18314.0
Brown,萬芳社區,2018-06-23,3776.0
Brown,木柵,2018-06-23,6344.0
Brown,動物園,2018-06-23,15664.0
Brown,大直,2018-06-23,14438.0
Brown,劍南路,2018-06-23,21547.0
Brown,西湖,2018-06-23,14476.0
Brown,港墘,2018-06-23,14752.0
Brown,文德,2018-06-23,8197.0
Brown,內湖,2018-06-23,16263.0
Brown,大湖公園,2018-06-23,6418.0
Brown,葫洲,2018-06-23,12924.0
Brown,東湖,2018-06-23,13178.0
Brown,南港軟體園區,2018-06-23,5042.0
Brown,南港展覽館,2018-06-23,12675.0
Brown,松山機場,2018-06-24,9883.0
Brown,中山國中,2018-06-24,15476.0
Brown,南京復興,2018-06-24,19399.5
Brown,忠孝復興,2018-06-24,30650.5
Brown,大安,2018-06-24,12501.0
Brown,科技大樓,2018-06-24,17030.0
Brown,六張犁,2018-06-24,14028.0
Brown,麟光,2018-06-24,6498.0
Brown,辛亥,2018-06-24,4261.0
Brown,萬芳醫院,2018-06-24,14477.0
Brown,萬芳社區,2018-06-24,3049.0
Brown,木柵,2018-06-24,5625.0
Brown,動物園,2018-06-24,16198.0
Brown,大直,2018-06-24,12187.0
Brown,劍南路,2018-06-24,16947.0
Brown,西湖,2018-06-24,9849.0
Brown,港墘,2018-06-24,11296.0
Brown,文德,2018-06-24,7318.0
Brown,內湖,2018-06-24,13066.0
Brown,大湖公園,2018-06-24,6444.0
Brown,葫洲,2018-06-24,10216.0
Brown,東湖,2018-06-24,10381.0
Brown,南港軟體園區,2018-06-24,4288.0
Brown,南港展覽館,2018-06-24,10121.0
Brown,松山機場,2018-06-25,12476.0
Brown,中山國中,2018-06-25,29836.0
Brown,南京復興,2018-06-25,41730.5
Brown,忠孝復興,2018-06-25,32467.0
Brown,大安,2018-06-25,23872.5
Brown,科技大樓,2018-06-25,28925.0
Brown,六張犁,2018-06-25,22152.0
Brown,麟光,2018-06-25,7969.0
Brown,辛亥,2018-06-25,6065.0
Brown,萬芳醫院,2018-06-25,28851.0
Brown,萬芳社區,2018-06-25,4578.0
Brown,木柵,2018-06-25,8282.0
Brown,動物園,2018-06-25,10653.0
Brown,大直,2018-06-25,19612.0
Brown,劍南路,2018-06-25,19147.0
Brown,西湖,2018-06-25,36029.0
Brown,港墘,2018-06-25,32686.0
Brown,文德,2018-06-25,10614.0
Brown,內湖,2018-06-25,17066.0
Brown,大湖公園,2018-06-25,6423.0
Brown,葫洲,2018-06-25,16748.0
Brown,東湖,2018-06-25,16026.0
Brown,南港軟體園區,2018-06-25,10163.0
Brown,南港展覽館,2018-06-25,22917.5
Brown,松山機場,2018-06-26,12541.0
Brown,中山國中,2018-06-26,31029.0
Brown,南京復興,2018-06-26,43583.0
Brown,忠孝復興,2018-06-26,35568.5
Brown,大安,2018-06-26,24636.5
Brown,科技大樓,2018-06-26,30037.0
Brown,六張犁,2018-06-26,23361.0
Brown,麟光,2018-06-26,7997.0
Brown,辛亥,2018-06-26,6218.0
Brown,萬芳醫院,2018-06-26,29373.0
Brown,萬芳社區,2018-06-26,4884.0
Brown,木柵,2018-06-26,8698.0
Brown,動物園,2018-06-26,14209.0
Brown,大直,2018-06-26,20032.0
Brown,劍南路,2018-06-26,20244.0
Brown,西湖,2018-06-26,36943.0
Brown,港墘,2018-06-26,33171.0
Brown,文德,2018-06-26,10857.0
Brown,內湖,2018-06-26,17154.0
Brown,大湖公園,2018-06-26,6508.0
Brown,葫洲,2018-06-26,17119.0
Brown,東湖,2018-06-26,16349.0
Brown,南港軟體園區,2018-06-26,10496.0
Brown,南港展覽館,2018-06-26,23554.5
Brown,松山機場,2018-06-27,11719.0
Brown,中山國中,2018-06-27,31185.0
Brown,南京復興,2018-06-27,44182.0
Brown,忠孝復興,2018-06-27,37007.5
Brown,大安,2018-06-27,25131.0
Brown,科技大樓,2018-06-27,30537.0
Brown,六張犁,2018-06-27,23597.0
Brown,麟光,2018-06-27,8112.0
Brown,辛亥,2018-06-27,6382.0
Brown,萬芳醫院,2018-06-27,29456.0
Brown,萬芳社區,2018-06-27,4841.0
Brown,木柵,2018-06-27,8653.0
Brown,動物園,2018-06-27,13261.0
Brown,大直,2018-06-27,21087.0
Brown,劍南路,2018-06-27,20934.0
Brown,西湖,2018-06-27,37838.0
Brown,港墘,2018-06-27,33600.0
Brown,文德,2018-06-27,10918.0
Brown,內湖,2018-06-27,17737.0
Brown,大湖公園,2018-06-27,6751.0
Brown,葫洲,2018-06-27,18021.0
Brown,東湖,2018-06-27,16900.0
Brown,南港軟體園區,2018-06-27,10946.0
Brown,南港展覽館,2018-06-27,27645.0
Brown,松山機場,2018-06-28,12032.0
Brown,中山國中,2018-06-28,31457.0
Brown,南京復興,2018-06-28,46017.0
Brown,忠孝復興,2018-06-28,38002.0
Brown,大安,2018-06-28,25230.0
Brown,科技大樓,2018-06-28,31821.0
Brown,六張犁,2018-06-28,23792.0
Brown,麟光,2018-06-28,8227.0
Brown,辛亥,2018-06-28,6344.0
Brown,萬芳醫院,2018-06-28,29667.0
Brown,萬芳社區,2018-06-28,4855.0
Brown,木柵,2018-06-28,8755.0
Brown,動物園,2018-06-28,13566.0
Brown,大直,2018-06-28,18513.0
Brown,劍南路,2018-06-28,21879.0
Brown,西湖,2018-06-28,37417.0
Brown,港墘,2018-06-28,33631.0
Brown,文德,2018-06-28,10874.0
Brown,內湖,2018-06-28,18052.0
Brown,大湖公園,2018-06-28,6983.0
Brown,葫洲,2018-06-28,17495.0
Brown,東湖,2018-06-28,16662.0
Brown,南港軟體園區,2018-06-28,10970.0
Brown,南港展覽館,2018-06-28,28200.5
Brown,松山機場,2018-06-29,13900.0
Brown,中山國中,2018-06-29,33319.0
Brown,南京復興,2018-06-29,46467.5
Brown,忠孝復興,2018-06-29,44317.5
Brown,大安,2018-06-29,26310.0
Brown,科技大樓,2018-06-29,35900.0
Brown,六張犁,2018-06-29,25570.0
Brown,麟光,2018-06-29,8595.0
Brown,辛亥,2018-06-29,6551.0
Brown,萬芳醫院,2018-06-29,30296.0
Brown,萬芳社區,2018-06-29,4922.0
Brown,木柵,2018-06-29,8889.0
Brown,動物園,2018-06-29,13877.0
Brown,大直,2018-06-29,18751.0
Brown,劍南路,2018-06-29,25146.0
Brown,西湖,2018-06-29,38148.0
Brown,港墘,2018-06-29,35662.0
Brown,文德,2018-06-29,12396.0
Brown,內湖,2018-06-29,20286.0
Brown,大湖公園,2018-06-29,6894.0
Brown,葫洲,2018-06-29,18593.0
Brown,東湖,2018-06-29,19039.0
Brown,南港軟體園區,2018-06-29,11410.0
Brown,南港展覽館,2018-06-29,28828.5
Brown,松山機場,2018-06-30,11017.0
Brown,中山國中,2018-06-30,22571.0
Brown,南京復興,2018-06-30,26828.0
Brown,忠孝復興,2018-06-30,41292.5
Brown,大安,2018-06-30,14663.5
Brown,科技大樓,2018-06-30,21112.0
Brown,六張犁,2018-06-30,17835.0
Brown,麟光,2018-06-30,7730.0
Brown,辛亥,2018-06-30,5099.0
Brown,萬芳醫院,2018-06-30,18560.0
Brown,萬芳社區,2018-06-30,3701.0
Brown,木柵,2018-06-30,6719.0
Brown,動物園,2018-06-30,15068.0
Brown,大直,2018-06-30,13977.0
Brown,劍南路,2018-06-30,20846.0
Brown,西湖,2018-06-30,16191.0
Brown,港墘,2018-06-30,14788.0
Brown,文德,2018-06-30,8142.0
Brown,內湖,2018-06-30,16575.0
Brown,大湖公園,2018-06-30,6542.0
Brown,葫洲,2018-06-30,12265.0
Brown,東湖,2018-06-30,13516.0
Brown,南港軟體園區,2018-06-30,5296.0
Brown,南港展覽館,2018-06-30,19233.5
Brown,松山機場,2018-07-01,11322.0
Brown,中山國中,2018-07-01,17712.0
Brown,南京復興,2018-07-01,19700.0
Brown,忠孝復興,2018-07-01,32302.0
Brown,大安,2018-07-01,12085.0
Brown,科技大樓,2018-07-01,18428.0
Brown,六張犁,2018-07-01,13820.0
Brown,麟光,2018-07-01,6873.0
Brown,辛亥,2018-07-01,4068.0
Brown,萬芳醫院,2018-07-01,14346.0
Brown,萬芳社區,2018-07-01,2958.0
Brown,木柵,2018-07-01,5847.0
Brown,動物園,2018-07-01,17071.0
Brown,大直,2018-07-01,11542.0
Brown,劍南路,2018-07-01,17804.0
Brown,西湖,2018-07-01,10369.0
Brown,港墘,2018-07-01,13118.0
Brown,文德,2018-07-01,7177.0
Brown,內湖,2018-07-01,14000.0
Brown,大湖公園,2018-07-01,6275.0
Brown,葫洲,2018-07-01,9776.0
Brown,東湖,2018-07-01,11331.0
Brown,南港軟體園區,2018-07-01,4494.0
Brown,南港展覽館,2018-07-01,11179.5
Brown,松山機場,2018-07-02,13190.0
Brown,中山國中,2018-07-02,30067.0
Brown,南京復興,2018-07-02,42814.5
Brown,忠孝復興,2018-07-02,35235.0
Brown,大安,2018-07-02,23986.0
Brown,科技大樓,2018-07-02,31527.0
Brown,六張犁,2018-07-02,22970.0
Brown,麟光,2018-07-02,8043.0
Brown,辛亥,2018-07-02,6258.0
Brown,萬芳醫院,2018-07-02,25939.0
Brown,萬芳社區,2018-07-02,4705.0
Brown,木柵,2018-07-02,7487.0
Brown,動物園,2018-07-02,11550.0
Brown,大直,2018-07-02,17244.0
Brown,劍南路,2018-07-02,21240.0
Brown,西湖,2018-07-02,34655.0
Brown,港墘,2018-07-02,32363.0
Brown,文德,2018-07-02,9094.0
Brown,內湖,2018-07-02,17316.0
Brown,大湖公園,2018-07-02,6361.0
Brown,葫洲,2018-07-02,15625.0
Brown,東湖,2018-07-02,15197.0
Brown,南港軟體園區,2018-07-02,10403.0
Brown,南港展覽館,2018-07-02,21847.5
Brown,松山機場,2018-07-03,13009.0
Brown,中山國中,2018-07-03,31200.0
Brown,南京復興,2018-07-03,43862.0
Brown,忠孝復興,2018-07-03,36506.5
Brown,大安,2018-07-03,24456.0
Brown,科技大樓,2018-07-03,29226.0
Brown,六張犁,2018-07-03,23534.0
Brown,麟光,2018-07-03,8127.0
Brown,辛亥,2018-07-03,6194.0
Brown,萬芳醫院,2018-07-03,25884.0
Brown,萬芳社區,2018-07-03,4859.0
Brown,木柵,2018-07-03,7551.0
Brown,動物園,2018-07-03,14056.0
Brown,大直,2018-07-03,17699.0
Brown,劍南路,2018-07-03,21467.0
Brown,西湖,2018-07-03,35508.0
Brown,港墘,2018-07-03,33057.0
Brown,文德,2018-07-03,9937.0
Brown,內湖,2018-07-03,17663.0
Brown,大湖公園,2018-07-03,6553.0
Brown,葫洲,2018-07-03,15589.0
Brown,東湖,2018-07-03,15553.0
Brown,南港軟體園區,2018-07-03,10723.0
Brown,南港展覽館,2018-07-03,22333.0
Brown,松山機場,2018-07-04,12405.0
Brown,中山國中,2018-07-04,31394.0
Brown,南京復興,2018-07-04,43805.5
Brown,忠孝復興,2018-07-04,37499.5
Brown,大安,2018-07-04,22820.5
Brown,科技大樓,2018-07-04,30061.0
Brown,六張犁,2018-07-04,23656.0
Brown,麟光,2018-07-04,8345.0
Brown,辛亥,2018-07-04,6176.0
Brown,萬芳醫院,2018-07-04,26636.0
Brown,萬芳社區,2018-07-04,4884.0
Brown,木柵,2018-07-04,7501.0
Brown,動物園,2018-07-04,14269.0
Brown,大直,2018-07-04,17397.0
Brown,劍南路,2018-07-04,21488.0
Brown,西湖,2018-07-04,35410.0
Brown,港墘,2018-07-04,33220.0
Brown,文德,2018-07-04,10390.0
Brown,內湖,2018-07-04,17728.0
Brown,大湖公園,2018-07-04,6861.0
Brown,葫洲,2018-07-04,16303.0
Brown,東湖,2018-07-04,15791.0
Brown,南港軟體園區,2018-07-04,10896.0
Brown,南港展覽館,2018-07-04,22361.5
Brown,松山機場,2018-07-05,12973.0
Brown,中山國中,2018-07-05,31815.0
Brown,南京復興,2018-07-05,44760.0
Brown,忠孝復興,2018-07-05,37689.5
Brown,大安,2018-07-05,22977.5
Brown,科技大樓,2018-07-05,29798.0
Brown,六張犁,2018-07-05,23615.0
Brown,麟光,2018-07-05,8388.0
Brown,辛亥,2018-07-05,6312.0
Brown,萬芳醫院,2018-07-05,26466.0
Brown,萬芳社區,2018-07-05,4880.0
Brown,木柵,2018-07-05,7762.0
Brown,動物園,2018-07-05,14075.0
Brown,大直,2018-07-05,17982.0
Brown,劍南路,2018-07-05,21133.0
Brown,西湖,2018-07-05,35344.0
Brown,港墘,2018-07-05,33237.0
Brown,文德,2018-07-05,10111.0
Brown,內湖,2018-07-05,18066.0
Brown,大湖公園,2018-07-05,6624.0
Brown,葫洲,2018-07-05,15993.0
Brown,東湖,2018-07-05,16730.0
Brown,南港軟體園區,2018-07-05,10888.0
Brown,南港展覽館,2018-07-05,23341.0
Brown,松山機場,2018-07-06,14276.0
Brown,中山國中,2018-07-06,33384.0
Brown,南京復興,2018-07-06,45696.0
Brown,忠孝復興,2018-07-06,42326.0
Brown,大安,2018-07-06,24389.5
Brown,科技大樓,2018-07-06,30354.0
Brown,六張犁,2018-07-06,25128.0
Brown,麟光,2018-07-06,8722.0
Brown,辛亥,2018-07-06,6507.0
Brown,萬芳醫院,2018-07-06,26609.0
Brown,萬芳社區,2018-07-06,4929.0
Brown,木柵,2018-07-06,7756.0
Brown,動物園,2018-07-06,14874.0
Brown,大直,2018-07-06,17856.0
Brown,劍南路,2018-07-06,23599.0
Brown,西湖,2018-07-06,36465.0
Brown,港墘,2018-07-06,34040.0
Brown,文德,2018-07-06,10633.0
Brown,內湖,2018-07-06,19092.0
Brown,大湖公園,2018-07-06,6958.0
Brown,葫洲,2018-07-06,16383.0
Brown,東湖,2018-07-06,16881.0
Brown,南港軟體園區,2018-07-06,10936.0
Brown,南港展覽館,2018-07-06,26321.0
Brown,松山機場,2018-07-07,10705.0
Brown,中山國中,2018-07-07,20280.0
Brown,南京復興,2018-07-07,26365.0
Brown,忠孝復興,2018-07-07,40820.5
Brown,大安,2018-07-07,15917.0
Brown,科技大樓,2018-07-07,20792.0
Brown,六張犁,2018-07-07,17412.0
Brown,麟光,2018-07-07,7824.0
Brown,辛亥,2018-07-07,5177.0
Brown,萬芳醫院,2018-07-07,18235.0
Brown,萬芳社區,2018-07-07,3767.0
Brown,木柵,2018-07-07,6268.0
Brown,動物園,2018-07-07,16290.0
Brown,大直,2018-07-07,13910.0
Brown,劍南路,2018-07-07,21783.0
Brown,西湖,2018-07-07,12873.0
Brown,港墘,2018-07-07,14694.0
Brown,文德,2018-07-07,8217.0
Brown,內湖,2018-07-07,16643.0
Brown,大湖公園,2018-07-07,6464.0
Brown,葫洲,2018-07-07,12086.0
Brown,東湖,2018-07-07,13806.0
Brown,南港軟體園區,2018-07-07,5930.0
Brown,南港展覽館,2018-07-07,29205.0
Brown,松山機場,2018-07-08,10493.0
Brown,中山國中,2018-07-08,16433.0
Brown,南京復興,2018-07-08,19615.0
Brown,忠孝復興,2018-07-08,32585.0
Brown,大安,2018-07-08,12507.5
Brown,科技大樓,2018-07-08,17568.0
Brown,六張犁,2018-07-08,14020.0
Brown,麟光,2018-07-08,7058.0
Brown,辛亥,2018-07-08,4245.0
Brown,萬芳醫院,2018-07-08,14115.0
Brown,萬芳社區,2018-07-08,3189.0
Brown,木柵,2018-07-08,5561.0
Brown,動物園,2018-07-08,16574.0
Brown,大直,2018-07-08,11682.0
Brown,劍南路,2018-07-08,19052.0
Brown,西湖,2018-07-08,10056.0
Brown,港墘,2018-07-08,11746.0
Brown,文德,2018-07-08,7366.0
Brown,內湖,2018-07-08,14205.0
Brown,大湖公園,2018-07-08,6527.0
Brown,葫洲,2018-07-08,9978.0
Brown,東湖,2018-07-08,11895.0
Brown,南港軟體園區,2018-07-08,4697.0
Brown,南港展覽館,2018-07-08,16431.0
Brown,松山機場,2018-07-09,12815.0
Brown,中山國中,2018-07-09,30930.0
Brown,南京復興,2018-07-09,42773.0
Brown,忠孝復興,2018-07-09,36245.0
Brown,大安,2018-07-09,23893.0
Brown,科技大樓,2018-07-09,29294.0
Brown,六張犁,2018-07-09,22909.0
Brown,麟光,2018-07-09,8165.0
Brown,辛亥,2018-07-09,6123.0
Brown,萬芳醫院,2018-07-09,26886.0
Brown,萬芳社區,2018-07-09,4869.0
Brown,木柵,2018-07-09,7730.0
Brown,動物園,2018-07-09,11104.0
Brown,大直,2018-07-09,17733.0
Brown,劍南路,2018-07-09,19900.0
Brown,西湖,2018-07-09,34534.0
Brown,港墘,2018-07-09,32629.0
Brown,文德,2018-07-09,9266.0
Brown,內湖,2018-07-09,17661.0
Brown,大湖公園,2018-07-09,6751.0
Brown,葫洲,2018-07-09,16063.0
Brown,東湖,2018-07-09,15461.0
Brown,南港軟體園區,2018-07-09,10550.0
Brown,南港展覽館,2018-07-09,25728.5
Brown,松山機場,2018-07-10,9246.0
Brown,中山國中,2018-07-10,26322.0
Brown,南京復興,2018-07-10,38183.5
Brown,忠孝復興,2018-07-10,28008.5
Brown,大安,2018-07-10,20598.0
Brown,科技大樓,2018-07-10,24988.0
Brown,六張犁,2018-07-10,19952.0
Brown,麟光,2018-07-10,7353.0
Brown,辛亥,2018-07-10,5246.0
Brown,萬芳醫院,2018-07-10,22800.0
Brown,萬芳社區,2018-07-10,4204.0
Brown,木柵,2018-07-10,6033.0
Brown,動物園,2018-07-10,8398.0
Brown,大直,2018-07-10,13859.0
Brown,劍南路,2018-07-10,15751.0
Brown,西湖,2018-07-10,33154.0
Brown,港墘,2018-07-10,30923.0
Brown,文德,2018-07-10,8410.0
Brown,內湖,2018-07-10,14471.0
Brown,大湖公園,2018-07-10,5154.0
Brown,葫洲,2018-07-10,13657.0
Brown,東湖,2018-07-10,14578.0
Brown,南港軟體園區,2018-07-10,10713.0
Brown,南港展覽館,2018-07-10,19884.0
Brown,松山機場,2018-07-11,7765.0
Brown,中山國中,2018-07-11,22692.0
Brown,南京復興,2018-07-11,32713.0
Brown,忠孝復興,2018-07-11,30902.0
Brown,大安,2018-07-11,17871.0
Brown,科技大樓,2018-07-11,21716.0
Brown,六張犁,2018-07-11,16999.0
Brown,麟光,2018-07-11,7005.0
Brown,辛亥,2018-07-11,5212.0
Brown,萬芳醫院,2018-07-11,21223.0
Brown,萬芳社區,2018-07-11,3803.0
Brown,木柵,2018-07-11,6033.0
Brown,動物園,2018-07-11,7495.0
Brown,大直,2018-07-11,13099.0
Brown,劍南路,2018-07-11,15985.0
Brown,西湖,2018-07-11,22834.0
Brown,港墘,2018-07-11,22063.0
Brown,文德,2018-07-11,7608.0
Brown,內湖,2018-07-11,14219.0
Brown,大湖公園,2018-07-11,4921.0
Brown,葫洲,2018-07-11,12315.0
Brown,東湖,2018-07-11,11841.0
Brown,南港軟體園區,2018-07-11,8259.0
Brown,南港展覽館,2018-07-11,13179.0
Brown,松山機場,2018-07-12,13037.0
Brown,中山國中,2018-07-12,32574.0
Brown,南京復興,2018-07-12,45101.0
Brown,忠孝復興,2018-07-12,37977.5
Brown,大安,2018-07-12,24845.5
Brown,科技大樓,2018-07-12,30674.0
Brown,六張犁,2018-07-12,23949.0
Brown,麟光,2018-07-12,8406.0
Brown,辛亥,2018-07-12,6569.0
Brown,萬芳醫院,2018-07-12,26767.0
Brown,萬芳社區,2018-07-12,4991.0
Brown,木柵,2018-07-12,7732.0
Brown,動物園,2018-07-12,13811.0
Brown,大直,2018-07-12,17124.0
Brown,劍南路,2018-07-12,20626.0
Brown,西湖,2018-07-12,35965.0
Brown,港墘,2018-07-12,33760.0
Brown,文德,2018-07-12,10285.0
Brown,內湖,2018-07-12,18595.0
Brown,大湖公園,2018-07-12,6992.0
Brown,葫洲,2018-07-12,17490.0
Brown,東湖,2018-07-12,16101.0
Brown,南港軟體園區,2018-07-12,11069.0
Brown,南港展覽館,2018-07-12,22741.0
Brown,松山機場,2018-07-13,14095.0
Brown,中山國中,2018-07-13,33302.0
Brown,南京復興,2018-07-13,46813.5
Brown,忠孝復興,2018-07-13,43326.0
Brown,大安,2018-07-13,27157.0
Brown,科技大樓,2018-07-13,31869.0
Brown,六張犁,2018-07-13,25341.0
Brown,麟光,2018-07-13,8878.0
Brown,辛亥,2018-07-13,6635.0
Brown,萬芳醫院,2018-07-13,28316.0
Brown,萬芳社區,2018-07-13,5043.0
Brown,木柵,2018-07-13,8768.0
Brown,動物園,2018-07-13,14908.0
Brown,大直,2018-07-13,17915.0
Brown,劍南路,2018-07-13,22850.0
Brown,西湖,2018-07-13,38036.0
Brown,港墘,2018-07-13,36879.0
Brown,文德,2018-07-13,12576.0
Brown,內湖,2018-07-13,19443.0
Brown,大湖公園,2018-07-13,7210.0
Brown,葫洲,2018-07-13,17184.0
Brown,東湖,2018-07-13,17888.0
Brown,南港軟體園區,2018-07-13,11466.0
Brown,南港展覽館,2018-07-13,23979.0
Brown,松山機場,2018-07-14,10384.0
Brown,中山國中,2018-07-14,21137.0
Brown,南京復興,2018-07-14,27372.5
Brown,忠孝復興,2018-07-14,41662.0
Brown,大安,2018-07-14,15593.0
Brown,科技大樓,2018-07-14,21722.0
Brown,六張犁,2018-07-14,17974.0
Brown,麟光,2018-07-14,7772.0
Brown,辛亥,2018-07-14,5485.0
Brown,萬芳醫院,2018-07-14,18381.0
Brown,萬芳社區,2018-07-14,3886.0
Brown,木柵,2018-07-14,7030.0
Brown,動物園,2018-07-14,24613.0
Brown,大直,2018-07-14,14408.0
Brown,劍南路,2018-07-14,20564.0
Brown,西湖,2018-07-14,12889.0
Brown,港墘,2018-07-14,15642.0
Brown,文德,2018-07-14,8838.0
Brown,內湖,2018-07-14,17117.0
Brown,大湖公園,2018-07-14,8131.0
Brown,葫洲,2018-07-14,11815.0
Brown,東湖,2018-07-14,13635.0
Brown,南港軟體園區,2018-07-14,5255.0
Brown,南港展覽館,2018-07-14,14678.5
Brown,松山機場,2018-07-15,10887.0
Brown,中山國中,2018-07-15,16491.0
Brown,南京復興,2018-07-15,19868.0
Brown,忠孝復興,2018-07-15,32534.0
Brown,大安,2018-07-15,12025.5
Brown,科技大樓,2018-07-15,16980.0
Brown,六張犁,2018-07-15,14098.0
Brown,麟光,2018-07-15,6835.0
Brown,辛亥,2018-07-15,4249.0
Brown,萬芳醫院,2018-07-15,14327.0
Brown,萬芳社區,2018-07-15,3243.0
Brown,木柵,2018-07-15,5865.0
Brown,動物園,2018-07-15,18928.0
Brown,大直,2018-07-15,12273.0
Brown,劍南路,2018-07-15,19209.0
Brown,西湖,2018-07-15,10239.0
Brown,港墘,2018-07-15,12517.0
Brown,文德,2018-07-15,6984.0
Brown,內湖,2018-07-15,14439.0
Brown,大湖公園,2018-07-15,7822.0
Brown,葫洲,2018-07-15,9854.0
Brown,東湖,2018-07-15,11597.0
Brown,南港軟體園區,2018-07-15,4675.0
Brown,南港展覽館,2018-07-15,11093.0
Brown,松山機場,2018-07-16,12939.0
Brown,中山國中,2018-07-16,30603.0
Brown,南京復興,2018-07-16,42365.5
Brown,忠孝復興,2018-07-16,34819.0
Brown,大安,2018-07-16,23090.0
Brown,科技大樓,2018-07-16,28717.0
Brown,六張犁,2018-07-16,22675.0
Brown,麟光,2018-07-16,8034.0
Brown,辛亥,2018-07-16,6439.0
Brown,萬芳醫院,2018-07-16,27523.0
Brown,萬芳社區,2018-07-16,4632.0
Brown,木柵,2018-07-16,7481.0
Brown,動物園,2018-07-16,11229.0
Brown,大直,2018-07-16,16780.0
Brown,劍南路,2018-07-16,19517.0
Brown,西湖,2018-07-16,34609.0
Brown,港墘,2018-07-16,32218.0
Brown,文德,2018-07-16,9723.0
Brown,內湖,2018-07-16,17701.0
Brown,大湖公園,2018-07-16,6747.0
Brown,葫洲,2018-07-16,15882.0
Brown,東湖,2018-07-16,15439.0
Brown,南港軟體園區,2018-07-16,10580.0
Brown,南港展覽館,2018-07-16,21980.5
Brown,松山機場,2018-07-17,12604.0
Brown,中山國中,2018-07-17,31583.0
Brown,南京復興,2018-07-17,44295.5
Brown,忠孝復興,2018-07-17,37172.5
Brown,大安,2018-07-17,24161.5
Brown,科技大樓,2018-07-17,29595.0
Brown,六張犁,2018-07-17,23705.0
Brown,麟光,2018-07-17,8243.0
Brown,辛亥,2018-07-17,6542.0
Brown,萬芳醫院,2018-07-17,29186.0
Brown,萬芳社區,2018-07-17,4856.0
Brown,木柵,2018-07-17,7753.0
Brown,動物園,2018-07-17,15206.0
Brown,大直,2018-07-17,17329.0
Brown,劍南路,2018-07-17,20937.0
Brown,西湖,2018-07-17,36059.0
Brown,港墘,2018-07-17,33279.0
Brown,文德,2018-07-17,10274.0
Brown,內湖,2018-07-17,18061.0
Brown,大湖公園,2018-07-17,7048.0
Brown,葫洲,2018-07-17,16029.0
Brown,東湖,2018-07-17,16022.0
Brown,南港軟體園區,2018-07-17,11054.0
Brown,南港展覽館,2018-07-17,22558.5
Brown,松山機場,2018-07-18,12229.0
Brown,中山國中,2018-07-18,31594.0
Brown,南京復興,2018-07-18,44079.0
Brown,忠孝復興,2018-07-18,37275.5
Brown,大安,2018-07-18,23725.0
Brown,科技大樓,2018-07-18,30233.0
Brown,六張犁,2018-07-18,23076.0
Brown,麟光,2018-07-18,8447.0
Brown,辛亥,2018-07-18,6546.0
Brown,萬芳醫院,2018-07-18,28138.0
Brown,萬芳社區,2018-07-18,4913.0
Brown,木柵,2018-07-18,7763.0
Brown,動物園,2018-07-18,14756.0
Brown,大直,2018-07-18,18811.0
Brown,劍南路,2018-07-18,21695.0
Brown,西湖,2018-07-18,35876.0
Brown,港墘,2018-07-18,33426.0
Brown,文德,2018-07-18,10425.0
Brown,內湖,2018-07-18,18252.0
Brown,大湖公園,2018-07-18,7244.0
Brown,葫洲,2018-07-18,16718.0
Brown,東湖,2018-07-18,15994.0
Brown,南港軟體園區,2018-07-18,11409.0
Brown,南港展覽館,2018-07-18,23261.5
Brown,松山機場,2018-07-19,12324.0
Brown,中山國中,2018-07-19,31635.0
Brown,南京復興,2018-07-19,45031.0
Brown,忠孝復興,2018-07-19,39033.0
Brown,大安,2018-07-19,24262.0
Brown,科技大樓,2018-07-19,29972.0
Brown,六張犁,2018-07-19,23584.0
Brown,麟光,2018-07-19,8299.0
Brown,辛亥,2018-07-19,6269.0
Brown,萬芳醫院,2018-07-19,27419.0
Brown,萬芳社區,2018-07-19,5023.0
Brown,木柵,2018-07-19,7806.0
Brown,動物園,2018-07-19,14131.0
Brown,大直,2018-07-19,17562.0
Brown,劍南路,2018-07-19,20878.0
Brown,西湖,2018-07-19,35463.0
Brown,港墘,2018-07-19,32970.0
Brown,文德,2018-07-19,10385.0
Brown,內湖,2018-07-19,18252.0
Brown,大湖公園,2018-07-19,7331.0
Brown,葫洲,2018-07-19,16382.0
Brown,東湖,2018-07-19,16091.0
Brown,南港軟體園區,2018-07-19,11447.0
Brown,南港展覽館,2018-07-19,27669.5
Brown,松山機場,2018-07-20,14019.0
Brown,中山國中,2018-07-20,32940.0
Brown,南京復興,2018-07-20,45666.5
Brown,忠孝復興,2018-07-20,42987.5
Brown,大安,2018-07-20,24249.0
Brown,科技大樓,2018-07-20,30553.0
Brown,六張犁,2018-07-20,24768.0
Brown,麟光,2018-07-20,8505.0
Brown,辛亥,2018-07-20,6427.0
Brown,萬芳醫院,2018-07-20,27126.0
Brown,萬芳社區,2018-07-20,4903.0
Brown,木柵,2018-07-20,7816.0
Brown,動物園,2018-07-20,15186.0
Brown,大直,2018-07-20,17930.0
Brown,劍南路,2018-07-20,23277.0
Brown,西湖,2018-07-20,36222.0
Brown,港墘,2018-07-20,33996.0
Brown,文德,2018-07-20,11108.0
Brown,內湖,2018-07-20,19470.0
Brown,大湖公園,2018-07-20,7453.0
Brown,葫洲,2018-07-20,16790.0
Brown,東湖,2018-07-20,16893.0
Brown,南港軟體園區,2018-07-20,11655.0
Brown,南港展覽館,2018-07-20,28705.0
Brown,松山機場,2018-07-21,10011.0
Brown,中山國中,2018-07-21,21352.0
Brown,南京復興,2018-07-21,25857.5
Brown,忠孝復興,2018-07-21,40362.5
Brown,大安,2018-07-21,15251.0
Brown,科技大樓,2018-07-21,20730.0
Brown,六張犁,2018-07-21,17325.0
Brown,麟光,2018-07-21,7283.0
Brown,辛亥,2018-07-21,4820.0
Brown,萬芳醫院,2018-07-21,17969.0
Brown,萬芳社區,2018-07-21,3652.0
Brown,木柵,2018-07-21,6034.0
Brown,動物園,2018-07-21,17799.0
Brown,大直,2018-07-21,13265.0
Brown,劍南路,2018-07-21,20251.0
Brown,西湖,2018-07-21,11939.0
Brown,港墘,2018-07-21,14258.0
Brown,文德,2018-07-21,8004.0
Brown,內湖,2018-07-21,16307.0
Brown,大湖公園,2018-07-21,6148.0
Brown,葫洲,2018-07-21,11628.0
Brown,東湖,2018-07-21,14057.0
Brown,南港軟體園區,2018-07-21,5798.0
Brown,南港展覽館,2018-07-21,18163.5
Brown,松山機場,2018-07-22,10273.0
Brown,中山國中,2018-07-22,16803.0
Brown,南京復興,2018-07-22,18795.5
Brown,忠孝復興,2018-07-22,31575.5
Brown,大安,2018-07-22,11228.5
Brown,科技大樓,2018-07-22,16047.0
Brown,六張犁,2018-07-22,13708.0
Brown,麟光,2018-07-22,6800.0
Brown,辛亥,2018-07-22,4250.0
Brown,萬芳醫院,2018-07-22,13805.0
Brown,萬芳社區,2018-07-22,3095.0
Brown,木柵,2018-07-22,5251.0
Brown,動物園,2018-07-22,16100.0
Brown,大直,2018-07-22,11399.0
Brown,劍南路,2018-07-22,20428.0
Brown,西湖,2018-07-22,10117.0
Brown,港墘,2018-07-22,11535.0
Brown,文德,2018-07-22,6700.0
Brown,內湖,2018-07-22,13702.0
Brown,大湖公園,2018-07-22,6127.0
Brown,葫洲,2018-07-22,9889.0
Brown,東湖,2018-07-22,11503.0
Brown,南港軟體園區,2018-07-22,4982.0
Brown,南港展覽館,2018-07-22,15160.0
Brown,松山機場,2018-07-23,12391.0
Brown,中山國中,2018-07-23,30414.0
Brown,南京復興,2018-07-23,43227.5
Brown,忠孝復興,2018-07-23,34751.5
Brown,大安,2018-07-23,22847.5
Brown,科技大樓,2018-07-23,27992.0
Brown,六張犁,2018-07-23,23238.0
Brown,麟光,2018-07-23,8008.0
Brown,辛亥,2018-07-23,6367.0
Brown,萬芳醫院,2018-07-23,26575.0
Brown,萬芳社區,2018-07-23,4647.0
Brown,木柵,2018-07-23,8210.0
Brown,動物園,2018-07-23,10488.0
Brown,大直,2018-07-23,17116.0
Brown,劍南路,2018-07-23,19316.0
Brown,西湖,2018-07-23,34363.0
Brown,港墘,2018-07-23,32208.0
Brown,文德,2018-07-23,9795.0
Brown,內湖,2018-07-23,17446.0
Brown,大湖公園,2018-07-23,6408.0
Brown,葫洲,2018-07-23,15596.0
Brown,東湖,2018-07-23,15847.0
Brown,南港軟體園區,2018-07-23,10616.0
Brown,南港展覽館,2018-07-23,21801.0
Brown,松山機場,2018-07-24,11765.0
Brown,中山國中,2018-07-24,31596.0
Brown,南京復興,2018-07-24,44096.5
Brown,忠孝復興,2018-07-24,36236.5
Brown,大安,2018-07-24,24030.5
Brown,科技大樓,2018-07-24,28611.0
Brown,六張犁,2018-07-24,23516.0
Brown,麟光,2018-07-24,8267.0
Brown,辛亥,2018-07-24,6292.0
Brown,萬芳醫院,2018-07-24,26586.0
Brown,萬芳社區,2018-07-24,4816.0
Brown,木柵,2018-07-24,8525.0
Brown,動物園,2018-07-24,14045.0
Brown,大直,2018-07-24,17423.0
Brown,劍南路,2018-07-24,20720.0
Brown,西湖,2018-07-24,35392.0
Brown,港墘,2018-07-24,32962.0
Brown,文德,2018-07-24,9953.0
Brown,內湖,2018-07-24,17854.0
Brown,大湖公園,2018-07-24,6515.0
Brown,葫洲,2018-07-24,15752.0
Brown,東湖,2018-07-24,16357.0
Brown,南港軟體園區,2018-07-24,10602.0
Brown,南港展覽館,2018-07-24,22603.5
Brown,松山機場,2018-07-25,12070.0
Brown,中山國中,2018-07-25,31603.0
Brown,南京復興,2018-07-25,45128.0
Brown,忠孝復興,2018-07-25,37115.0
Brown,大安,2018-07-25,23907.5
Brown,科技大樓,2018-07-25,29601.0
Brown,六張犁,2018-07-25,23866.0
Brown,麟光,2018-07-25,8388.0
Brown,辛亥,2018-07-25,6744.0
Brown,萬芳醫院,2018-07-25,27236.0
Brown,萬芳社區,2018-07-25,4840.0
Brown,木柵,2018-07-25,8494.0
Brown,動物園,2018-07-25,14261.0
Brown,大直,2018-07-25,17347.0
Brown,劍南路,2018-07-25,20696.0
Brown,西湖,2018-07-25,35825.0
Brown,港墘,2018-07-25,33112.0
Brown,文德,2018-07-25,10568.0
Brown,內湖,2018-07-25,18134.0
Brown,大湖公園,2018-07-25,7052.0
Brown,葫洲,2018-07-25,16431.0
Brown,東湖,2018-07-25,16381.0
Brown,南港軟體園區,2018-07-25,10963.0
Brown,南港展覽館,2018-07-25,22727.5
Brown,松山機場,2018-07-26,12584.0
Brown,中山國中,2018-07-26,31512.0
Brown,南京復興,2018-07-26,45090.5
Brown,忠孝復興,2018-07-26,38264.5
Brown,大安,2018-07-26,24001.5
Brown,科技大樓,2018-07-26,30136.0
Brown,六張犁,2018-07-26,23748.0
Brown,麟光,2018-07-26,8122.0
Brown,辛亥,2018-07-26,6035.0
Brown,萬芳醫院,2018-07-26,26851.0
Brown,萬芳社區,2018-07-26,4871.0
Brown,木柵,2018-07-26,8520.0
Brown,動物園,2018-07-26,14656.0
Brown,大直,2018-07-26,17422.0
Brown,劍南路,2018-07-26,21770.0
Brown,西湖,2018-07-26,35664.0
Brown,港墘,2018-07-26,33937.0
Brown,文德,2018-07-26,11045.0
Brown,內湖,2018-07-26,18262.0
Brown,大湖公園,2018-07-26,6899.0
Brown,葫洲,2018-07-26,16490.0
Brown,東湖,2018-07-26,16452.0
Brown,南港軟體園區,2018-07-26,10867.0
Brown,南港展覽館,2018-07-26,22883.5
Brown,松山機場,2018-07-27,13457.0
Brown,中山國中,2018-07-27,32568.0
Brown,南京復興,2018-07-27,45537.5
Brown,忠孝復興,2018-07-27,41784.0
Brown,大安,2018-07-27,23790.0
Brown,科技大樓,2018-07-27,29562.0
Brown,六張犁,2018-07-27,24461.0
Brown,麟光,2018-07-27,8743.0
Brown,辛亥,2018-07-27,6219.0
Brown,萬芳醫院,2018-07-27,26940.0
Brown,萬芳社區,2018-07-27,5085.0
Brown,木柵,2018-07-27,8453.0
Brown,動物園,2018-07-27,15090.0
Brown,大直,2018-07-27,17391.0
Brown,劍南路,2018-07-27,23897.0
Brown,西湖,2018-07-27,35819.0
Brown,港墘,2018-07-27,33282.0
Brown,文德,2018-07-27,11133.0
Brown,內湖,2018-07-27,18851.0
Brown,大湖公園,2018-07-27,6945.0
Brown,葫洲,2018-07-27,16659.0
Brown,東湖,2018-07-27,16804.0
Brown,南港軟體園區,2018-07-27,10965.0
Brown,南港展覽館,2018-07-27,23370.0
Brown,松山機場,2018-07-28,10490.0
Brown,中山國中,2018-07-28,21408.0
Brown,南京復興,2018-07-28,26318.5
Brown,忠孝復興,2018-07-28,41461.5
Brown,大安,2018-07-28,15257.0
Brown,科技大樓,2018-07-28,20424.0
Brown,六張犁,2018-07-28,17859.0
Brown,麟光,2018-07-28,7727.0
Brown,辛亥,2018-07-28,5095.0
Brown,萬芳醫院,2018-07-28,18577.0
Brown,萬芳社區,2018-07-28,3814.0
Brown,木柵,2018-07-28,7022.0
Brown,動物園,2018-07-28,24201.0
Brown,大直,2018-07-28,13613.0
Brown,劍南路,2018-07-28,21426.0
Brown,西湖,2018-07-28,11887.0
Brown,港墘,2018-07-28,14599.0
Brown,文德,2018-07-28,8247.0
Brown,內湖,2018-07-28,16535.0
Brown,大湖公園,2018-07-28,6960.0
Brown,葫洲,2018-07-28,11796.0
Brown,東湖,2018-07-28,13711.0
Brown,南港軟體園區,2018-07-28,5350.0
Brown,南港展覽館,2018-07-28,15155.0
Brown,松山機場,2018-07-29,10702.0
Brown,中山國中,2018-07-29,17900.0
Brown,南京復興,2018-07-29,20486.0
Brown,忠孝復興,2018-07-29,32344.5
Brown,大安,2018-07-29,12549.5
Brown,科技大樓,2018-07-29,16390.0
Brown,六張犁,2018-07-29,13730.0
Brown,麟光,2018-07-29,6607.0
Brown,辛亥,2018-07-29,4116.0
Brown,萬芳醫院,2018-07-29,14747.0
Brown,萬芳社區,2018-07-29,3208.0
Brown,木柵,2018-07-29,5680.0
Brown,動物園,2018-07-29,18549.0
Brown,大直,2018-07-29,11032.0
Brown,劍南路,2018-07-29,19210.0
Brown,西湖,2018-07-29,10961.0
Brown,港墘,2018-07-29,12019.0
Brown,文德,2018-07-29,6801.0
Brown,內湖,2018-07-29,13898.0
Brown,大湖公園,2018-07-29,6349.0
Brown,葫洲,2018-07-29,9818.0
Brown,東湖,2018-07-29,11671.0
Brown,南港軟體園區,2018-07-29,5013.0
Brown,南港展覽館,2018-07-29,10365.5
Brown,松山機場,2018-07-30,12613.0
Brown,中山國中,2018-07-30,30087.0
Brown,南京復興,2018-07-30,42890.5
Brown,忠孝復興,2018-07-30,35638.5
Brown,大安,2018-07-30,22651.0
Brown,科技大樓,2018-07-30,27409.0
Brown,六張犁,2018-07-30,22550.0
Brown,麟光,2018-07-30,7864.0
Brown,辛亥,2018-07-30,6055.0
Brown,萬芳醫院,2018-07-30,26067.0
Brown,萬芳社區,2018-07-30,4788.0
Brown,木柵,2018-07-30,8349.0
Brown,動物園,2018-07-30,11436.0
Brown,大直,2018-07-30,15999.0
Brown,劍南路,2018-07-30,20840.0
Brown,西湖,2018-07-30,34071.0
Brown,港墘,2018-07-30,32314.0
Brown,文德,2018-07-30,10397.0
Brown,內湖,2018-07-30,17310.0
Brown,大湖公園,2018-07-30,6445.0
Brown,葫洲,2018-07-30,15684.0
Brown,東湖,2018-07-30,15577.0
Brown,南港軟體園區,2018-07-30,10625.0
Brown,南港展覽館,2018-07-30,21962.0
Brown,松山機場,2018-07-31,12261.0
Brown,中山國中,2018-07-31,31316.0
Brown,南京復興,2018-07-31,43736.0
Brown,忠孝復興,2018-07-31,36958.5
Brown,大安,2018-07-31,23830.0
Brown,科技大樓,2018-07-31,29325.0
Brown,六張犁,2018-07-31,23060.0
Brown,麟光,2018-07-31,8176.0
Brown,辛亥,2018-07-31,6249.0
Brown,萬芳醫院,2018-07-31,26826.0
Brown,萬芳社區,2018-07-31,4873.0
Brown,木柵,2018-07-31,8359.0
Brown,動物園,2018-07-31,14663.0
Brown,大直,2018-07-31,16535.0
Brown,劍南路,2018-07-31,20696.0
Brown,西湖,2018-07-31,35537.0
Brown,港墘,2018-07-31,32534.0
Brown,文德,2018-07-31,10557.0
Brown,內湖,2018-07-31,18187.0
Brown,大湖公園,2018-07-31,6675.0
Brown,葫洲,2018-07-31,15918.0
Brown,東湖,2018-07-31,15981.0
Brown,南港軟體園區,2018-07-31,11191.0
Brown,南港展覽館,2018-07-31,23313.5
Brown,松山機場,2018-08-01,12113.0
Brown,中山國中,2018-08-01,30805.0
Brown,南京復興,2018-08-01,44084.5
Brown,忠孝復興,2018-08-01,37428.5
Brown,大安,2018-08-01,23591.5
Brown,科技大樓,2018-08-01,29070.0
Brown,六張犁,2018-08-01,23120.0
Brown,麟光,2018-08-01,8408.0
Brown,辛亥,2018-08-01,6086.0
Brown,萬芳醫院,2018-08-01,26899.0
Brown,萬芳社區,2018-08-01,4721.0
Brown,木柵,2018-08-01,8392.0
Brown,動物園,2018-08-01,12940.0
Brown,大直,2018-08-01,16531.0
Brown,劍南路,2018-08-01,20766.0
Brown,西湖,2018-08-01,35403.0
Brown,港墘,2018-08-01,32934.0
Brown,文德,2018-08-01,10605.0
Brown,內湖,2018-08-01,17836.0
Brown,大湖公園,2018-08-01,6679.0
Brown,葫洲,2018-08-01,16493.0
Brown,東湖,2018-08-01,15967.0
Brown,南港軟體園區,2018-08-01,11110.0
Brown,南港展覽館,2018-08-01,25749.5
Brown,松山機場,2018-08-02,12070.0
Brown,中山國中,2018-08-02,31319.0
Brown,南京復興,2018-08-02,45088.0
Brown,忠孝復興,2018-08-02,38929.0
Brown,大安,2018-08-02,23320.5
Brown,科技大樓,2018-08-02,28868.0
Brown,六張犁,2018-08-02,23588.0
Brown,麟光,2018-08-02,8326.0
Brown,辛亥,2018-08-02,6154.0
Brown,萬芳醫院,2018-08-02,26339.0
Brown,萬芳社區,2018-08-02,4828.0
Brown,木柵,2018-08-02,8537.0
Brown,動物園,2018-08-02,13529.0
Brown,大直,2018-08-02,16844.0
Brown,劍南路,2018-08-02,21078.0
Brown,西湖,2018-08-02,35377.0
Brown,港墘,2018-08-02,33035.0
Brown,文德,2018-08-02,10616.0
Brown,內湖,2018-08-02,17911.0
Brown,大湖公園,2018-08-02,6769.0
Brown,葫洲,2018-08-02,16289.0
Brown,東湖,2018-08-02,15938.0
Brown,南港軟體園區,2018-08-02,11149.0
Brown,南港展覽館,2018-08-02,26533.5
Brown,松山機場,2018-08-03,13491.0
Brown,中山國中,2018-08-03,32208.0
Brown,南京復興,2018-08-03,45977.5
Brown,忠孝復興,2018-08-03,42972.5
Brown,大安,2018-08-03,24074.5
Brown,科技大樓,2018-08-03,29825.0
Brown,六張犁,2018-08-03,24931.0
Brown,麟光,2018-08-03,8489.0
Brown,辛亥,2018-08-03,6317.0
Brown,萬芳醫院,2018-08-03,27038.0
Brown,萬芳社區,2018-08-03,4844.0
Brown,木柵,2018-08-03,8273.0
Brown,動物園,2018-08-03,13399.0
Brown,大直,2018-08-03,17326.0
Brown,劍南路,2018-08-03,22862.0
Brown,西湖,2018-08-03,36252.0
Brown,港墘,2018-08-03,33403.0
Brown,文德,2018-08-03,10900.0
Brown,內湖,2018-08-03,18935.0
Brown,大湖公園,2018-08-03,6705.0
Brown,葫洲,2018-08-03,16757.0
Brown,東湖,2018-08-03,16617.0
Brown,南港軟體園區,2018-08-03,12204.0
Brown,南港展覽館,2018-08-03,28151.0
Brown,松山機場,2018-08-04,10163.0
Brown,中山國中,2018-08-04,20467.0
Brown,南京復興,2018-08-04,26217.5
Brown,忠孝復興,2018-08-04,40363.5
Brown,大安,2018-08-04,14864.0
Brown,科技大樓,2018-08-04,19311.0
Brown,六張犁,2018-08-04,17014.0
Brown,麟光,2018-08-04,7631.0
Brown,辛亥,2018-08-04,4989.0
Brown,萬芳醫院,2018-08-04,18657.0
Brown,萬芳社區,2018-08-04,3647.0
Brown,木柵,2018-08-04,6183.0
Brown,動物園,2018-08-04,18710.0
Brown,大直,2018-08-04,12838.0
Brown,劍南路,2018-08-04,20805.0
Brown,西湖,2018-08-04,12349.0
Brown,港墘,2018-08-04,13840.0
Brown,文德,2018-08-04,7955.0
Brown,內湖,2018-08-04,16209.0
Brown,大湖公園,2018-08-04,6530.0
Brown,葫洲,2018-08-04,11731.0
Brown,東湖,2018-08-04,13166.0
Brown,南港軟體園區,2018-08-04,5761.0
Brown,南港展覽館,2018-08-04,17532.5
Brown,松山機場,2018-08-05,10475.0
Brown,中山國中,2018-08-05,17232.0
Brown,南京復興,2018-08-05,20788.0
Brown,忠孝復興,2018-08-05,32598.0
Brown,大安,2018-08-05,11309.0
Brown,科技大樓,2018-08-05,16459.0
Brown,六張犁,2018-08-05,13979.0
Brown,麟光,2018-08-05,6935.0
Brown,辛亥,2018-08-05,4288.0
Brown,萬芳醫院,2018-08-05,14564.0
Brown,萬芳社區,2018-08-05,3054.0
Brown,木柵,2018-08-05,5489.0
Brown,動物園,2018-08-05,16860.0
Brown,大直,2018-08-05,10999.0
Brown,劍南路,2018-08-05,20308.0
Brown,西湖,2018-08-05,10109.0
Brown,港墘,2018-08-05,12350.0
Brown,文德,2018-08-05,6655.0
Brown,內湖,2018-08-05,13394.0
Brown,大湖公園,2018-08-05,6055.0
Brown,葫洲,2018-08-05,10060.0
Brown,東湖,2018-08-05,11108.0
Brown,南港軟體園區,2018-08-05,5096.0
Brown,南港展覽館,2018-08-05,10783.0
Brown,松山機場,2018-08-06,12425.0
Brown,中山國中,2018-08-06,30674.0
Brown,南京復興,2018-08-06,42788.5
Brown,忠孝復興,2018-08-06,35656.0
Brown,大安,2018-08-06,22578.0
Brown,科技大樓,2018-08-06,27233.0
Brown,六張犁,2018-08-06,22818.0
Brown,麟光,2018-08-06,8200.0
Brown,辛亥,2018-08-06,6309.0
Brown,萬芳醫院,2018-08-06,26142.0
Brown,萬芳社區,2018-08-06,4610.0
Brown,木柵,2018-08-06,8104.0
Brown,動物園,2018-08-06,11648.0
Brown,大直,2018-08-06,16448.0
Brown,劍南路,2018-08-06,21159.0
Brown,西湖,2018-08-06,33971.0
Brown,港墘,2018-08-06,31744.0
Brown,文德,2018-08-06,10255.0
Brown,內湖,2018-08-06,17350.0
Brown,大湖公園,2018-08-06,6459.0
Brown,葫洲,2018-08-06,15784.0
Brown,東湖,2018-08-06,15517.0
Brown,南港軟體園區,2018-08-06,10555.0
Brown,南港展覽館,2018-08-06,21833.5
Brown,松山機場,2018-08-07,12326.0
Brown,中山國中,2018-08-07,31767.0
Brown,南京復興,2018-08-07,44707.0
Brown,忠孝復興,2018-08-07,38216.5
Brown,大安,2018-08-07,23716.5
Brown,科技大樓,2018-08-07,28923.0
Brown,六張犁,2018-08-07,23220.0
Brown,麟光,2018-08-07,8119.0
Brown,辛亥,2018-08-07,6259.0
Brown,萬芳醫院,2018-08-07,26560.0
Brown,萬芳社區,2018-08-07,4839.0
Brown,木柵,2018-08-07,8370.0
Brown,動物園,2018-08-07,14577.0
Brown,大直,2018-08-07,17582.0
Brown,劍南路,2018-08-07,21307.0
Brown,西湖,2018-08-07,35530.0
Brown,港墘,2018-08-07,33157.0
Brown,文德,2018-08-07,10458.0
Brown,內湖,2018-08-07,18025.0
Brown,大湖公園,2018-08-07,6592.0
Brown,葫洲,2018-08-07,16258.0
Brown,東湖,2018-08-07,16064.0
Brown,南港軟體園區,2018-08-07,10967.0
Brown,南港展覽館,2018-08-07,22994.0
Brown,松山機場,2018-08-08,11817.0
Brown,中山國中,2018-08-08,31301.0
Brown,南京復興,2018-08-08,43750.0
Brown,忠孝復興,2018-08-08,37904.5
Brown,大安,2018-08-08,23221.5
Brown,科技大樓,2018-08-08,28648.0
Brown,六張犁,2018-08-08,23482.0
Brown,麟光,2018-08-08,8440.0
Brown,辛亥,2018-08-08,6400.0
Brown,萬芳醫院,2018-08-08,26850.0
Brown,萬芳社區,2018-08-08,4785.0
Brown,木柵,2018-08-08,8372.0
Brown,動物園,2018-08-08,12944.0
Brown,大直,2018-08-08,17194.0
Brown,劍南路,2018-08-08,27830.0
Brown,西湖,2018-08-08,35058.0
Brown,港墘,2018-08-08,33408.0
Brown,文德,2018-08-08,10770.0
Brown,內湖,2018-08-08,18113.0
Brown,大湖公園,2018-08-08,6883.0
Brown,葫洲,2018-08-08,16458.0
Brown,東湖,2018-08-08,16350.0
Brown,南港軟體園區,2018-08-08,11323.0
Brown,南港展覽館,2018-08-08,22638.5
Brown,松山機場,2018-08-09,12679.0
Brown,中山國中,2018-08-09,32233.0
Brown,南京復興,2018-08-09,45151.5
Brown,忠孝復興,2018-08-09,38572.0
Brown,大安,2018-08-09,23664.5
Brown,科技大樓,2018-08-09,28792.0
Brown,六張犁,2018-08-09,23674.0
Brown,麟光,2018-08-09,8429.0
Brown,辛亥,2018-08-09,6224.0
Brown,萬芳醫院,2018-08-09,26337.0
Brown,萬芳社區,2018-08-09,4834.0
Brown,木柵,2018-08-09,8487.0
Brown,動物園,2018-08-09,13941.0
Brown,大直,2018-08-09,17429.0
Brown,劍南路,2018-08-09,21521.0
Brown,西湖,2018-08-09,35769.0
Brown,港墘,2018-08-09,33236.0
Brown,文德,2018-08-09,10579.0
Brown,內湖,2018-08-09,18088.0
Brown,大湖公園,2018-08-09,6619.0
Brown,葫洲,2018-08-09,16196.0
Brown,東湖,2018-08-09,16377.0
Brown,南港軟體園區,2018-08-09,10950.0
Brown,南港展覽館,2018-08-09,22572.5
Brown,松山機場,2018-08-10,13608.0
Brown,中山國中,2018-08-10,32792.0
Brown,南京復興,2018-08-10,46429.0
Brown,忠孝復興,2018-08-10,42203.0
Brown,大安,2018-08-10,24357.0
Brown,科技大樓,2018-08-10,30066.0
Brown,六張犁,2018-08-10,25053.0
Brown,麟光,2018-08-10,8773.0
Brown,辛亥,2018-08-10,6430.0
Brown,萬芳醫院,2018-08-10,27491.0
Brown,萬芳社區,2018-08-10,5029.0
Brown,木柵,2018-08-10,8469.0
Brown,動物園,2018-08-10,14160.0
Brown,大直,2018-08-10,17862.0
Brown,劍南路,2018-08-10,24541.0
Brown,西湖,2018-08-10,36115.0
Brown,港墘,2018-08-10,34147.0
Brown,文德,2018-08-10,11121.0
Brown,內湖,2018-08-10,18902.0
Brown,大湖公園,2018-08-10,7102.0
Brown,葫洲,2018-08-10,16383.0
Brown,東湖,2018-08-10,16864.0
Brown,南港軟體園區,2018-08-10,11184.0
Brown,南港展覽館,2018-08-10,22658.0
Brown,松山機場,2018-08-11,10169.0
Brown,中山國中,2018-08-11,21363.0
Brown,南京復興,2018-08-11,26037.5
Brown,忠孝復興,2018-08-11,39607.5
Brown,大安,2018-08-11,14941.5
Brown,科技大樓,2018-08-11,20226.0
Brown,六張犁,2018-08-11,17402.0
Brown,麟光,2018-08-11,8670.0
Brown,辛亥,2018-08-11,4929.0
Brown,萬芳醫院,2018-08-11,18772.0
Brown,萬芳社區,2018-08-11,3790.0
Brown,木柵,2018-08-11,6437.0
Brown,動物園,2018-08-11,20091.0
Brown,大直,2018-08-11,13356.0
Brown,劍南路,2018-08-11,22693.0
Brown,西湖,2018-08-11,12392.0
Brown,港墘,2018-08-11,13886.0
Brown,文德,2018-08-11,8887.0
Brown,內湖,2018-08-11,16132.0
Brown,大湖公園,2018-08-11,6496.0
Brown,葫洲,2018-08-11,11672.0
Brown,東湖,2018-08-11,13575.0
Brown,南港軟體園區,2018-08-11,4900.0
Brown,南港展覽館,2018-08-11,13865.5
Brown,松山機場,2018-08-12,10248.0
Brown,中山國中,2018-08-12,16600.0
Brown,南京復興,2018-08-12,19913.5
Brown,忠孝復興,2018-08-12,31559.5
Brown,大安,2018-08-12,10951.0
Brown,科技大樓,2018-08-12,16222.0
Brown,六張犁,2018-08-12,13801.0
Brown,麟光,2018-08-12,7427.0
Brown,辛亥,2018-08-12,4175.0
Brown,萬芳醫院,2018-08-12,14836.0
Brown,萬芳社區,2018-08-12,3199.0
Brown,木柵,2018-08-12,5436.0
Brown,動物園,2018-08-12,15220.0
Brown,大直,2018-08-12,11389.0
Brown,劍南路,2018-08-12,18460.0
Brown,西湖,2018-08-12,9646.0
Brown,港墘,2018-08-12,10746.0
Brown,文德,2018-08-12,6668.0
Brown,內湖,2018-08-12,13514.0
Brown,大湖公園,2018-08-12,5588.0
Brown,葫洲,2018-08-12,9564.0
Brown,東湖,2018-08-12,11534.0
Brown,南港軟體園區,2018-08-12,4634.0
Brown,南港展覽館,2018-08-12,10375.0
Brown,松山機場,2018-08-13,12452.0
Brown,中山國中,2018-08-13,30026.0
Brown,南京復興,2018-08-13,43035.0
Brown,忠孝復興,2018-08-13,35575.0
Brown,大安,2018-08-13,22343.5
Brown,科技大樓,2018-08-13,27701.0
Brown,六張犁,2018-08-13,23061.0
Brown,麟光,2018-08-13,8152.0
Brown,辛亥,2018-08-13,6364.0
Brown,萬芳醫院,2018-08-13,26282.0
Brown,萬芳社區,2018-08-13,4574.0
Brown,木柵,2018-08-13,8178.0
Brown,動物園,2018-08-13,11844.0
Brown,大直,2018-08-13,16708.0
Brown,劍南路,2018-08-13,21443.0
Brown,西湖,2018-08-13,34002.0
Brown,港墘,2018-08-13,32042.0
Brown,文德,2018-08-13,10244.0
Brown,內湖,2018-08-13,17214.0
Brown,大湖公園,2018-08-13,6317.0
Brown,葫洲,2018-08-13,15339.0
Brown,東湖,2018-08-13,15679.0
Brown,南港軟體園區,2018-08-13,10670.0
Brown,南港展覽館,2018-08-13,22005.0
Brown,松山機場,2018-08-14,12513.0
Brown,中山國中,2018-08-14,32346.0
Brown,南京復興,2018-08-14,45742.0
Brown,忠孝復興,2018-08-14,37685.5
Brown,大安,2018-08-14,24117.5
Brown,科技大樓,2018-08-14,29904.0
Brown,六張犁,2018-08-14,24027.0
Brown,麟光,2018-08-14,8570.0
Brown,辛亥,2018-08-14,6185.0
Brown,萬芳醫院,2018-08-14,27002.0
Brown,萬芳社區,2018-08-14,4711.0
Brown,木柵,2018-08-14,8433.0
Brown,動物園,2018-08-14,14046.0
Brown,大直,2018-08-14,17905.0
Brown,劍南路,2018-08-14,21877.0
Brown,西湖,2018-08-14,37737.0
Brown,港墘,2018-08-14,33741.0
Brown,文德,2018-08-14,10756.0
Brown,內湖,2018-08-14,17988.0
Brown,大湖公園,2018-08-14,6390.0
Brown,葫洲,2018-08-14,16117.0
Brown,東湖,2018-08-14,16529.0
Brown,南港軟體園區,2018-08-14,11384.0
Brown,南港展覽館,2018-08-14,23143.0
Brown,松山機場,2018-08-15,12678.0
Brown,中山國中,2018-08-15,32520.0
Brown,南京復興,2018-08-15,45523.0
Brown,忠孝復興,2018-08-15,38876.5
Brown,大安,2018-08-15,23738.0
Brown,科技大樓,2018-08-15,29392.0
Brown,六張犁,2018-08-15,23704.0
Brown,麟光,2018-08-15,8726.0
Brown,辛亥,2018-08-15,6202.0
Brown,萬芳醫院,2018-08-15,27832.0
Brown,萬芳社區,2018-08-15,4919.0
Brown,木柵,2018-08-15,8509.0
Brown,動物園,2018-08-15,13799.0
Brown,大直,2018-08-15,17715.0
Brown,劍南路,2018-08-15,21720.0
Brown,西湖,2018-08-15,35680.0
Brown,港墘,2018-08-15,33295.0
Brown,文德,2018-08-15,10600.0
Brown,內湖,2018-08-15,18074.0
Brown,大湖公園,2018-08-15,6699.0
Brown,葫洲,2018-08-15,16658.0
Brown,東湖,2018-08-15,16550.0
Brown,南港軟體園區,2018-08-15,11414.0
Brown,南港展覽館,2018-08-15,24672.5
Brown,松山機場,2018-08-16,13033.0
Brown,中山國中,2018-08-16,32312.0
Brown,南京復興,2018-08-16,45607.0
Brown,忠孝復興,2018-08-16,39648.5
Brown,大安,2018-08-16,24436.5
Brown,科技大樓,2018-08-16,29734.0
Brown,六張犁,2018-08-16,23732.0
Brown,麟光,2018-08-16,8712.0
Brown,辛亥,2018-08-16,6170.0
Brown,萬芳醫院,2018-08-16,27067.0
Brown,萬芳社區,2018-08-16,4836.0
Brown,木柵,2018-08-16,8459.0
Brown,動物園,2018-08-16,14577.0
Brown,大直,2018-08-16,17258.0
Brown,劍南路,2018-08-16,21875.0
Brown,西湖,2018-08-16,35546.0
Brown,港墘,2018-08-16,33312.0
Brown,文德,2018-08-16,10671.0
Brown,內湖,2018-08-16,18143.0
Brown,大湖公園,2018-08-16,6950.0
Brown,葫洲,2018-08-16,16147.0
Brown,東湖,2018-08-16,16513.0
Brown,南港軟體園區,2018-08-16,11084.0
Brown,南港展覽館,2018-08-16,24962.5
Brown,松山機場,2018-08-17,14250.0
Brown,中山國中,2018-08-17,33165.0
Brown,南京復興,2018-08-17,46453.0
Brown,忠孝復興,2018-08-17,44241.5
Brown,大安,2018-08-17,25157.0
Brown,科技大樓,2018-08-17,30912.0
Brown,六張犁,2018-08-17,24821.0
Brown,麟光,2018-08-17,9003.0
Brown,辛亥,2018-08-17,6211.0
Brown,萬芳醫院,2018-08-17,27026.0
Brown,萬芳社區,2018-08-17,4926.0
Brown,木柵,2018-08-17,8242.0
Brown,動物園,2018-08-17,15039.0
Brown,大直,2018-08-17,17338.0
Brown,劍南路,2018-08-17,24870.0
Brown,西湖,2018-08-17,36371.0
Brown,港墘,2018-08-17,34278.0
Brown,文德,2018-08-17,11130.0
Brown,內湖,2018-08-17,19645.0
Brown,大湖公園,2018-08-17,7141.0
Brown,葫洲,2018-08-17,16754.0
Brown,東湖,2018-08-17,17267.0
Brown,南港軟體園區,2018-08-17,11489.0
Brown,南港展覽館,2018-08-17,25057.5
Brown,松山機場,2018-08-18,10533.0
Brown,中山國中,2018-08-18,23244.0
Brown,南京復興,2018-08-18,26457.0
Brown,忠孝復興,2018-08-18,41127.0
Brown,大安,2018-08-18,16030.5
Brown,科技大樓,2018-08-18,22507.0
Brown,六張犁,2018-08-18,17903.0
Brown,麟光,2018-08-18,9542.0
Brown,辛亥,2018-08-18,4875.0
Brown,萬芳醫院,2018-08-18,18245.0
Brown,萬芳社區,2018-08-18,3612.0
Brown,木柵,2018-08-18,6380.0
Brown,動物園,2018-08-18,19065.0
Brown,大直,2018-08-18,13963.0
Brown,劍南路,2018-08-18,21732.0
Brown,西湖,2018-08-18,12803.0
Brown,港墘,2018-08-18,13773.0
Brown,文德,2018-08-18,8078.0
Brown,內湖,2018-08-18,16403.0
Brown,大湖公園,2018-08-18,6213.0
Brown,葫洲,2018-08-18,12103.0
Brown,東湖,2018-08-18,13771.0
Brown,南港軟體園區,2018-08-18,4998.0
Brown,南港展覽館,2018-08-18,16572.0
Brown,松山機場,2018-08-19,10546.0
Brown,中山國中,2018-08-19,17000.0
Brown,南京復興,2018-08-19,20133.0
Brown,忠孝復興,2018-08-19,32728.0
Brown,大安,2018-08-19,13331.5
Brown,科技大樓,2018-08-19,16884.0
Brown,六張犁,2018-08-19,14171.0
Brown,麟光,2018-08-19,8249.0
Brown,辛亥,2018-08-19,4164.0
Brown,萬芳醫院,2018-08-19,14453.0
Brown,萬芳社區,2018-08-19,3051.0
Brown,木柵,2018-08-19,5619.0
Brown,動物園,2018-08-19,17698.0
Brown,大直,2018-08-19,11993.0
Brown,劍南路,2018-08-19,18345.0
Brown,西湖,2018-08-19,10058.0
Brown,港墘,2018-08-19,12047.0
Brown,文德,2018-08-19,6792.0
Brown,內湖,2018-08-19,13290.0
Brown,大湖公園,2018-08-19,6050.0
Brown,葫洲,2018-08-19,9787.0
Brown,東湖,2018-08-19,11308.0
Brown,南港軟體園區,2018-08-19,4530.0
Brown,南港展覽館,2018-08-19,11538.0
Brown,松山機場,2018-08-20,12365.0
Brown,中山國中,2018-08-20,30353.0
Brown,南京復興,2018-08-20,43711.5
Brown,忠孝復興,2018-08-20,35332.5
Brown,大安,2018-08-20,23134.5
Brown,科技大樓,2018-08-20,27555.0
Brown,六張犁,2018-08-20,22985.0
Brown,麟光,2018-08-20,8260.0
Brown,辛亥,2018-08-20,6022.0
Brown,萬芳醫院,2018-08-20,26173.0
Brown,萬芳社區,2018-08-20,4728.0
Brown,木柵,2018-08-20,7814.0
Brown,動物園,2018-08-20,11695.0
Brown,大直,2018-08-20,16327.0
Brown,劍南路,2018-08-20,20292.0
Brown,西湖,2018-08-20,33618.0
Brown,港墘,2018-08-20,31570.0
Brown,文德,2018-08-20,9989.0
Brown,內湖,2018-08-20,17030.0
Brown,大湖公園,2018-08-20,6330.0
Brown,葫洲,2018-08-20,15731.0
Brown,東湖,2018-08-20,15216.0
Brown,南港軟體園區,2018-08-20,10435.0
Brown,南港展覽館,2018-08-20,21650.0
Brown,松山機場,2018-08-21,11888.0
Brown,中山國中,2018-08-21,31068.0
Brown,南京復興,2018-08-21,45088.0
Brown,忠孝復興,2018-08-21,36994.0
Brown,大安,2018-08-21,23213.5
Brown,科技大樓,2018-08-21,28926.0
Brown,六張犁,2018-08-21,23501.0
Brown,麟光,2018-08-21,8491.0
Brown,辛亥,2018-08-21,7737.0
Brown,萬芳醫院,2018-08-21,26473.0
Brown,萬芳社區,2018-08-21,5047.0
Brown,木柵,2018-08-21,7999.0
Brown,動物園,2018-08-21,15909.0
Brown,大直,2018-08-21,16716.0
Brown,劍南路,2018-08-21,20898.0
Brown,西湖,2018-08-21,36296.0
Brown,港墘,2018-08-21,32146.0
Brown,文德,2018-08-21,10465.0
Brown,內湖,2018-08-21,17519.0
Brown,大湖公園,2018-08-21,6868.0
Brown,葫洲,2018-08-21,15737.0
Brown,東湖,2018-08-21,15855.0
Brown,南港軟體園區,2018-08-21,10861.0
Brown,南港展覽館,2018-08-21,22365.0
Brown,松山機場,2018-08-22,12142.0
Brown,中山國中,2018-08-22,31525.0
Brown,南京復興,2018-08-22,44988.5
Brown,忠孝復興,2018-08-22,37706.5
Brown,大安,2018-08-22,23425.5
Brown,科技大樓,2018-08-22,29001.0
Brown,六張犁,2018-08-22,23165.0
Brown,麟光,2018-08-22,8659.0
Brown,辛亥,2018-08-22,8156.0
Brown,萬芳醫院,2018-08-22,26830.0
Brown,萬芳社區,2018-08-22,4790.0
Brown,木柵,2018-08-22,8146.0
Brown,動物園,2018-08-22,14488.0
Brown,大直,2018-08-22,17172.0
Brown,劍南路,2018-08-22,25022.0
Brown,西湖,2018-08-22,36887.0
Brown,港墘,2018-08-22,33109.0
Brown,文德,2018-08-22,10581.0
Brown,內湖,2018-08-22,18007.0
Brown,大湖公園,2018-08-22,6793.0
Brown,葫洲,2018-08-22,16573.0
Brown,東湖,2018-08-22,15958.0
Brown,南港軟體園區,2018-08-22,10838.0
Brown,南港展覽館,2018-08-22,22800.0
Brown,松山機場,2018-08-23,12399.0
Brown,中山國中,2018-08-23,32104.0
Brown,南京復興,2018-08-23,45249.0
Brown,忠孝復興,2018-08-23,37874.5
Brown,大安,2018-08-23,24523.0
Brown,科技大樓,2018-08-23,29231.0
Brown,六張犁,2018-08-23,23990.0
Brown,麟光,2018-08-23,8603.0
Brown,辛亥,2018-08-23,7697.0
Brown,萬芳醫院,2018-08-23,26445.0
Brown,萬芳社區,2018-08-23,4898.0
Brown,木柵,2018-08-23,7966.0
Brown,動物園,2018-08-23,13805.0
Brown,大直,2018-08-23,17806.0
Brown,劍南路,2018-08-23,21873.0
Brown,西湖,2018-08-23,35832.0
Brown,港墘,2018-08-23,34380.0
Brown,文德,2018-08-23,10883.0
Brown,內湖,2018-08-23,17852.0
Brown,大湖公園,2018-08-23,6682.0
Brown,葫洲,2018-08-23,16215.0
Brown,東湖,2018-08-23,16763.0
Brown,南港軟體園區,2018-08-23,10955.0
Brown,南港展覽館,2018-08-23,23139.5
Brown,松山機場,2018-08-24,12996.0
Brown,中山國中,2018-08-24,32507.0
Brown,南京復興,2018-08-24,44645.0
Brown,忠孝復興,2018-08-24,40886.0
Brown,大安,2018-08-24,25331.5
Brown,科技大樓,2018-08-24,30403.0
Brown,六張犁,2018-08-24,24735.0
Brown,麟光,2018-08-24,8921.0
Brown,辛亥,2018-08-24,6292.0
Brown,萬芳醫院,2018-08-24,26672.0
Brown,萬芳社區,2018-08-24,4727.0
Brown,木柵,2018-08-24,7769.0
Brown,動物園,2018-08-24,11957.0
Brown,大直,2018-08-24,17111.0
Brown,劍南路,2018-08-24,23579.0
Brown,西湖,2018-08-24,36041.0
Brown,港墘,2018-08-24,34251.0
Brown,文德,2018-08-24,10812.0
Brown,內湖,2018-08-24,18381.0
Brown,大湖公園,2018-08-24,6310.0
Brown,葫洲,2018-08-24,16279.0
Brown,東湖,2018-08-24,17089.0
Brown,南港軟體園區,2018-08-24,11565.0
Brown,南港展覽館,2018-08-24,23239.5
Brown,松山機場,2018-08-25,9287.0
Brown,中山國中,2018-08-25,19091.0
Brown,南京復興,2018-08-25,23368.0
Brown,忠孝復興,2018-08-25,35399.0
Brown,大安,2018-08-25,14932.5
Brown,科技大樓,2018-08-25,20229.0
Brown,六張犁,2018-08-25,16208.0
Brown,麟光,2018-08-25,7519.0
Brown,辛亥,2018-08-25,4573.0
Brown,萬芳醫院,2018-08-25,16996.0
Brown,萬芳社區,2018-08-25,3143.0
Brown,木柵,2018-08-25,5519.0
Brown,動物園,2018-08-25,15104.0
Brown,大直,2018-08-25,12096.0
Brown,劍南路,2018-08-25,18323.0
Brown,西湖,2018-08-25,10782.0
Brown,港墘,2018-08-25,12648.0
Brown,文德,2018-08-25,7310.0
Brown,內湖,2018-08-25,14488.0
Brown,大湖公園,2018-08-25,5480.0
Brown,葫洲,2018-08-25,10363.0
Brown,東湖,2018-08-25,12604.0
Brown,南港軟體園區,2018-08-25,4379.0
Brown,南港展覽館,2018-08-25,11389.0
Brown,松山機場,2018-08-26,10058.0
Brown,中山國中,2018-08-26,16318.0
Brown,南京復興,2018-08-26,19847.5
Brown,忠孝復興,2018-08-26,31313.5
Brown,大安,2018-08-26,13814.5
Brown,科技大樓,2018-08-26,18148.0
Brown,六張犁,2018-08-26,13555.0
Brown,麟光,2018-08-26,6718.0
Brown,辛亥,2018-08-26,4241.0
Brown,萬芳醫院,2018-08-26,14201.0
Brown,萬芳社區,2018-08-26,3037.0
Brown,木柵,2018-08-26,5922.0
Brown,動物園,2018-08-26,16254.0
Brown,大直,2018-08-26,11469.0
Brown,劍南路,2018-08-26,18909.0
Brown,西湖,2018-08-26,10329.0
Brown,港墘,2018-08-26,11265.0
Brown,文德,2018-08-26,6797.0
Brown,內湖,2018-08-26,13094.0
Brown,大湖公園,2018-08-26,6087.0
Brown,葫洲,2018-08-26,9426.0
Brown,東湖,2018-08-26,10843.0
Brown,南港軟體園區,2018-08-26,4209.0
Brown,南港展覽館,2018-08-26,10282.5
Brown,松山機場,2018-08-27,12474.0
Brown,中山國中,2018-08-27,30114.0
Brown,南京復興,2018-08-27,42516.0
Brown,忠孝復興,2018-08-27,35747.0
Brown,大安,2018-08-27,22519.0
Brown,科技大樓,2018-08-27,27327.0
Brown,六張犁,2018-08-27,22454.0
Brown,麟光,2018-08-27,8179.0
Brown,辛亥,2018-08-27,5974.0
Brown,萬芳醫院,2018-08-27,25515.0
Brown,萬芳社區,2018-08-27,4653.0
Brown,木柵,2018-08-27,7343.0
Brown,動物園,2018-08-27,12093.0
Brown,大直,2018-08-27,15939.0
Brown,劍南路,2018-08-27,20065.0
Brown,西湖,2018-08-27,34454.0
Brown,港墘,2018-08-27,31259.0
Brown,文德,2018-08-27,9077.0
Brown,內湖,2018-08-27,17104.0
Brown,大湖公園,2018-08-27,6313.0
Brown,葫洲,2018-08-27,15524.0
Brown,東湖,2018-08-27,14759.0
Brown,南港軟體園區,2018-08-27,11133.0
Brown,南港展覽館,2018-08-27,21597.0
Brown,松山機場,2018-08-28,11952.0
Brown,中山國中,2018-08-28,31088.0
Brown,南京復興,2018-08-28,44076.0
Brown,忠孝復興,2018-08-28,36914.0
Brown,大安,2018-08-28,23839.0
Brown,科技大樓,2018-08-28,29195.0
Brown,六張犁,2018-08-28,23372.0
Brown,麟光,2018-08-28,8354.0
Brown,辛亥,2018-08-28,6152.0
Brown,萬芳醫院,2018-08-28,26225.0
Brown,萬芳社區,2018-08-28,4707.0
Brown,木柵,2018-08-28,8002.0
Brown,動物園,2018-08-28,14074.0
Brown,大直,2018-08-28,16520.0
Brown,劍南路,2018-08-28,21351.0
Brown,西湖,2018-08-28,35769.0
Brown,港墘,2018-08-28,32605.0
Brown,文德,2018-08-28,9495.0
Brown,內湖,2018-08-28,17349.0
Brown,大湖公園,2018-08-28,6265.0
Brown,葫洲,2018-08-28,15725.0
Brown,東湖,2018-08-28,15469.0
Brown,南港軟體園區,2018-08-28,11609.0
Brown,南港展覽館,2018-08-28,22666.5
Brown,松山機場,2018-08-29,11545.0
Brown,中山國中,2018-08-29,31153.0
Brown,南京復興,2018-08-29,44206.5
Brown,忠孝復興,2018-08-29,37628.5
Brown,大安,2018-08-29,22473.0
Brown,科技大樓,2018-08-29,31945.0
Brown,六張犁,2018-08-29,23496.0
Brown,麟光,2018-08-29,8382.0
Brown,辛亥,2018-08-29,6363.0
Brown,萬芳醫院,2018-08-29,27292.0
Brown,萬芳社區,2018-08-29,4713.0
Brown,木柵,2018-08-29,8074.0
Brown,動物園,2018-08-29,12493.0
Brown,大直,2018-08-29,17454.0
Brown,劍南路,2018-08-29,21238.0
Brown,西湖,2018-08-29,36010.0
Brown,港墘,2018-08-29,32811.0
Brown,文德,2018-08-29,9529.0
Brown,內湖,2018-08-29,17667.0
Brown,大湖公園,2018-08-29,6310.0
Brown,葫洲,2018-08-29,15988.0
Brown,東湖,2018-08-29,15443.0
Brown,南港軟體園區,2018-08-29,11115.0
Brown,南港展覽館,2018-08-29,25832.0
Brown,松山機場,2018-08-30,11345.0
Brown,中山國中,2018-08-30,31787.0
Brown,南京復興,2018-08-30,44648.5
Brown,忠孝復興,2018-08-30,37105.0
Brown,大安,2018-08-30,26970.0
Brown,科技大樓,2018-08-30,31695.0
Brown,六張犁,2018-08-30,23978.0
Brown,麟光,2018-08-30,8170.0
Brown,辛亥,2018-08-30,6035.0
Brown,萬芳醫院,2018-08-30,26711.0
Brown,萬芳社區,2018-08-30,4706.0
Brown,木柵,2018-08-30,9174.0
Brown,動物園,2018-08-30,10491.0
Brown,大直,2018-08-30,17459.0
Brown,劍南路,2018-08-30,19472.0
Brown,西湖,2018-08-30,35897.0
Brown,港墘,2018-08-30,35427.0
Brown,文德,2018-08-30,11743.0
Brown,內湖,2018-08-30,17908.0
Brown,大湖公園,2018-08-30,6144.0
Brown,葫洲,2018-08-30,16221.0
Brown,東湖,2018-08-30,17354.0
Brown,南港軟體園區,2018-08-30,11418.0
Brown,南港展覽館,2018-08-30,27398.5
Brown,松山機場,2018-08-31,12809.0
Brown,中山國中,2018-08-31,33403.0
Brown,南京復興,2018-08-31,46041.5
Brown,忠孝復興,2018-08-31,40712.0
Brown,大安,2018-08-31,27420.0
Brown,科技大樓,2018-08-31,33457.0
Brown,六張犁,2018-08-31,25187.0
Brown,麟光,2018-08-31,8750.0
Brown,辛亥,2018-08-31,6147.0
Brown,萬芳醫院,2018-08-31,28357.0
Brown,萬芳社區,2018-08-31,4822.0
Brown,木柵,2018-08-31,9401.0
Brown,動物園,2018-08-31,10987.0
Brown,大直,2018-08-31,18758.0
Brown,劍南路,2018-08-31,22677.0
Brown,西湖,2018-08-31,36932.0
Brown,港墘,2018-08-31,36492.0
Brown,文德,2018-08-31,13130.0
Brown,內湖,2018-08-31,19368.0
Brown,大湖公園,2018-08-31,6552.0
Brown,葫洲,2018-08-31,17057.0
Brown,東湖,2018-08-31,18340.0
Brown,南港軟體園區,2018-08-31,11769.0
Brown,南港展覽館,2018-08-31,28844.0
Brown,松山機場,2018-09-01,9425.0
Brown,中山國中,2018-09-01,20476.0
Brown,南京復興,2018-09-01,25469.0
Brown,忠孝復興,2018-09-01,38175.5
Brown,大安,2018-09-01,14918.0
Brown,科技大樓,2018-09-01,19922.0
Brown,六張犁,2018-09-01,16740.0
Brown,麟光,2018-09-01,7364.0
Brown,辛亥,2018-09-01,5037.0
Brown,萬芳醫院,2018-09-01,18343.0
Brown,萬芳社區,2018-09-01,3488.0
Brown,木柵,2018-09-01,6226.0
Brown,動物園,2018-09-01,14661.0
Brown,大直,2018-09-01,13267.0
Brown,劍南路,2018-09-01,21162.0
Brown,西湖,2018-09-01,11658.0
Brown,港墘,2018-09-01,13664.0
Brown,文德,2018-09-01,7992.0
Brown,內湖,2018-09-01,16036.0
Brown,大湖公園,2018-09-01,6595.0
Brown,葫洲,2018-09-01,11490.0
Brown,東湖,2018-09-01,12992.0
Brown,南港軟體園區,2018-09-01,4893.0
Brown,南港展覽館,2018-09-01,15899.5
Brown,松山機場,2018-09-02,9412.0
Brown,中山國中,2018-09-02,16238.0
Brown,南京復興,2018-09-02,20083.0
Brown,忠孝復興,2018-09-02,30274.5
Brown,大安,2018-09-02,11964.0
Brown,科技大樓,2018-09-02,16404.0
Brown,六張犁,2018-09-02,13115.0
Brown,麟光,2018-09-02,6631.0
Brown,辛亥,2018-09-02,4086.0
Brown,萬芳醫院,2018-09-02,13747.0
Brown,萬芳社區,2018-09-02,3267.0
Brown,木柵,2018-09-02,5241.0
Brown,動物園,2018-09-02,14775.0
Brown,大直,2018-09-02,11159.0
Brown,劍南路,2018-09-02,17434.0
Brown,西湖,2018-09-02,9779.0
Brown,港墘,2018-09-02,12129.0
Brown,文德,2018-09-02,6834.0
Brown,內湖,2018-09-02,13572.0
Brown,大湖公園,2018-09-02,6238.0
Brown,葫洲,2018-09-02,9161.0
Brown,東湖,2018-09-02,10915.0
Brown,南港軟體園區,2018-09-02,4575.0
Brown,南港展覽館,2018-09-02,10229.5
Brown,松山機場,2018-09-03,12366.0
Brown,中山國中,2018-09-03,29789.0
Brown,南京復興,2018-09-03,42255.0
Brown,忠孝復興,2018-09-03,33206.0
Brown,大安,2018-09-03,25432.0
Brown,科技大樓,2018-09-03,27165.0
Brown,六張犁,2018-09-03,22441.0
Brown,麟光,2018-09-03,7934.0
Brown,辛亥,2018-09-03,5984.0
Brown,萬芳醫院,2018-09-03,27292.0
Brown,萬芳社區,2018-09-03,4566.0
Brown,木柵,2018-09-03,9266.0
Brown,動物園,2018-09-03,10141.0
Brown,大直,2018-09-03,17455.0
Brown,劍南路,2018-09-03,19793.0
Brown,西湖,2018-09-03,34807.0
Brown,港墘,2018-09-03,34829.0
Brown,文德,2018-09-03,11381.0
Brown,內湖,2018-09-03,17101.0
Brown,大湖公園,2018-09-03,6999.0
Brown,葫洲,2018-09-03,15868.0
Brown,東湖,2018-09-03,16747.0
Brown,南港軟體園區,2018-09-03,10243.0
Brown,南港展覽館,2018-09-03,22957.5
Brown,松山機場,2018-09-04,11428.0
Brown,中山國中,2018-09-04,30594.0
Brown,南京復興,2018-09-04,44233.0
Brown,忠孝復興,2018-09-04,34207.0
Brown,大安,2018-09-04,26420.0
Brown,科技大樓,2018-09-04,28764.0
Brown,六張犁,2018-09-04,23536.0
Brown,麟光,2018-09-04,8104.0
Brown,辛亥,2018-09-04,6021.0
Brown,萬芳醫院,2018-09-04,27414.0
Brown,萬芳社區,2018-09-04,4769.0
Brown,木柵,2018-09-04,9207.0
Brown,動物園,2018-09-04,10975.0
Brown,大直,2018-09-04,19552.0
Brown,劍南路,2018-09-04,19906.0
Brown,西湖,2018-09-04,37101.0
Brown,港墘,2018-09-04,35271.0
Brown,文德,2018-09-04,11449.0
Brown,內湖,2018-09-04,17429.0
Brown,大湖公園,2018-09-04,6294.0
Brown,葫洲,2018-09-04,16537.0
Brown,東湖,2018-09-04,16985.0
Brown,南港軟體園區,2018-09-04,10648.0
Brown,南港展覽館,2018-09-04,23877.5
Brown,松山機場,2018-09-05,11697.0
Brown,中山國中,2018-09-05,30816.0
Brown,南京復興,2018-09-05,44161.5
Brown,忠孝復興,2018-09-05,35311.5
Brown,大安,2018-09-05,26609.0
Brown,科技大樓,2018-09-05,29108.0
Brown,六張犁,2018-09-05,23413.0
Brown,麟光,2018-09-05,8012.0
Brown,辛亥,2018-09-05,6153.0
Brown,萬芳醫院,2018-09-05,27312.0
Brown,萬芳社區,2018-09-05,4643.0
Brown,木柵,2018-09-05,9255.0
Brown,動物園,2018-09-05,10356.0
Brown,大直,2018-09-05,18737.0
Brown,劍南路,2018-09-05,22011.0
Brown,西湖,2018-09-05,37657.0
Brown,港墘,2018-09-05,35763.0
Brown,文德,2018-09-05,11498.0
Brown,內湖,2018-09-05,17693.0
Brown,大湖公園,2018-09-05,6327.0
Brown,葫洲,2018-09-05,17048.0
Brown,東湖,2018-09-05,16960.0
Brown,南港軟體園區,2018-09-05,10751.0
Brown,南港展覽館,2018-09-05,26941.5
Brown,松山機場,2018-09-06,11662.0
Brown,中山國中,2018-09-06,31306.0
Brown,南京復興,2018-09-06,44586.0
Brown,忠孝復興,2018-09-06,37031.5
Brown,大安,2018-09-06,26530.0
Brown,科技大樓,2018-09-06,29084.0
Brown,六張犁,2018-09-06,23877.0
Brown,麟光,2018-09-06,7984.0
Brown,辛亥,2018-09-06,6037.0
Brown,萬芳醫院,2018-09-06,27487.0
Brown,萬芳社區,2018-09-06,4847.0
Brown,木柵,2018-09-06,9377.0
Brown,動物園,2018-09-06,11080.0
Brown,大直,2018-09-06,18999.0
Brown,劍南路,2018-09-06,21258.0
Brown,西湖,2018-09-06,35332.0
Brown,港墘,2018-09-06,35568.0
Brown,文德,2018-09-06,11669.0
Brown,內湖,2018-09-06,17677.0
Brown,大湖公園,2018-09-06,6213.0
Brown,葫洲,2018-09-06,15737.0
Brown,東湖,2018-09-06,17029.0
Brown,南港軟體園區,2018-09-06,10824.0
Brown,南港展覽館,2018-09-06,26928.5
Brown,松山機場,2018-09-07,13427.0
Brown,中山國中,2018-09-07,32737.0
Brown,南京復興,2018-09-07,45859.5
Brown,忠孝復興,2018-09-07,41288.5
Brown,大安,2018-09-07,27112.0
Brown,科技大樓,2018-09-07,30757.0
Brown,六張犁,2018-09-07,24763.0
Brown,麟光,2018-09-07,8423.0
Brown,辛亥,2018-09-07,6226.0
Brown,萬芳醫院,2018-09-07,28028.0
Brown,萬芳社區,2018-09-07,4901.0
Brown,木柵,2018-09-07,9715.0
Brown,動物園,2018-09-07,11323.0
Brown,大直,2018-09-07,18950.0
Brown,劍南路,2018-09-07,22554.0
Brown,西湖,2018-09-07,37127.0
Brown,港墘,2018-09-07,36490.0
Brown,文德,2018-09-07,12806.0
Brown,內湖,2018-09-07,19310.0
Brown,大湖公園,2018-09-07,6465.0
Brown,葫洲,2018-09-07,16659.0
Brown,東湖,2018-09-07,18159.0
Brown,南港軟體園區,2018-09-07,11635.0
Brown,南港展覽館,2018-09-07,26961.5
Brown,松山機場,2018-09-08,9540.0
Brown,中山國中,2018-09-08,20178.0
Brown,南京復興,2018-09-08,26540.0
Brown,忠孝復興,2018-09-08,39908.5
Brown,大安,2018-09-08,14872.0
Brown,科技大樓,2018-09-08,22428.0
Brown,六張犁,2018-09-08,16722.0
Brown,麟光,2018-09-08,7273.0
Brown,辛亥,2018-09-08,4533.0
Brown,萬芳醫院,2018-09-08,18544.0
Brown,萬芳社區,2018-09-08,3599.0
Brown,木柵,2018-09-08,6072.0
Brown,動物園,2018-09-08,13898.0
Brown,大直,2018-09-08,13622.0
Brown,劍南路,2018-09-08,19717.0
Brown,西湖,2018-09-08,12284.0
Brown,港墘,2018-09-08,14018.0
Brown,文德,2018-09-08,7604.0
Brown,內湖,2018-09-08,16136.0
Brown,大湖公園,2018-09-08,5819.0
Brown,葫洲,2018-09-08,11419.0
Brown,東湖,2018-09-08,12906.0
Brown,南港軟體園區,2018-09-08,4726.0
Brown,南港展覽館,2018-09-08,12944.5
Brown,松山機場,2018-09-09,8898.0
Brown,中山國中,2018-09-09,15419.0
Brown,南京復興,2018-09-09,19184.0
Brown,忠孝復興,2018-09-09,29407.5
Brown,大安,2018-09-09,10891.5
Brown,科技大樓,2018-09-09,17973.0
Brown,六張犁,2018-09-09,12979.0
Brown,麟光,2018-09-09,6285.0
Brown,辛亥,2018-09-09,3697.0
Brown,萬芳醫院,2018-09-09,14882.0
Brown,萬芳社區,2018-09-09,2659.0
Brown,木柵,2018-09-09,4357.0
Brown,動物園,2018-09-09,6742.0
Brown,大直,2018-09-09,12223.0
Brown,劍南路,2018-09-09,16991.0
Brown,西湖,2018-09-09,10135.0
Brown,港墘,2018-09-09,10437.0
Brown,文德,2018-09-09,6310.0
Brown,內湖,2018-09-09,12608.0
Brown,大湖公園,2018-09-09,4544.0
Brown,葫洲,2018-09-09,8899.0
Brown,東湖,2018-09-09,9625.0
Brown,南港軟體園區,2018-09-09,4046.0
Brown,南港展覽館,2018-09-09,9693.5
Brown,松山機場,2018-09-10,12314.0
Brown,中山國中,2018-09-10,31434.0
Brown,南京復興,2018-09-10,44206.0
Brown,忠孝復興,2018-09-10,34433.5
Brown,大安,2018-09-10,26620.5
Brown,科技大樓,2018-09-10,32362.0
Brown,六張犁,2018-09-10,24254.0
Brown,麟光,2018-09-10,8505.0
Brown,辛亥,2018-09-10,6362.0
Brown,萬芳醫院,2018-09-10,27878.0
Brown,萬芳社區,2018-09-10,4565.0
Brown,木柵,2018-09-10,9017.0
Brown,動物園,2018-09-10,8792.0
Brown,大直,2018-09-10,22478.0
Brown,劍南路,2018-09-10,20041.0
Brown,西湖,2018-09-10,40036.0
Brown,港墘,2018-09-10,35526.0
Brown,文德,2018-09-10,11939.0
Brown,內湖,2018-09-10,17906.0
Brown,大湖公園,2018-09-10,5968.0
Brown,葫洲,2018-09-10,18068.0
Brown,東湖,2018-09-10,17156.0
Brown,南港軟體園區,2018-09-10,11227.0
Brown,南港展覽館,2018-09-10,23082.5
Brown,松山機場,2018-09-11,11226.0
Brown,中山國中,2018-09-11,31895.0
Brown,南京復興,2018-09-11,43927.5
Brown,忠孝復興,2018-09-11,35013.0
Brown,大安,2018-09-11,26888.5
Brown,科技大樓,2018-09-11,31922.0
Brown,六張犁,2018-09-11,23980.0
Brown,麟光,2018-09-11,8195.0
Brown,辛亥,2018-09-11,6429.0
Brown,萬芳醫院,2018-09-11,27854.0
Brown,萬芳社區,2018-09-11,4756.0
Brown,木柵,2018-09-11,9263.0
Brown,動物園,2018-09-11,11437.0
Brown,大直,2018-09-11,22699.0
Brown,劍南路,2018-09-11,20717.0
Brown,西湖,2018-09-11,39719.0
Brown,港墘,2018-09-11,35601.0
Brown,文德,2018-09-11,11798.0
Brown,內湖,2018-09-11,17794.0
Brown,大湖公園,2018-09-11,6144.0
Brown,葫洲,2018-09-11,17897.0
Brown,東湖,2018-09-11,17192.0
Brown,南港軟體園區,2018-09-11,10477.0
Brown,南港展覽館,2018-09-11,23738.5
Brown,松山機場,2018-09-12,11410.0
Brown,中山國中,2018-09-12,32005.0
Brown,南京復興,2018-09-12,43768.0
Brown,忠孝復興,2018-09-12,35660.0
Brown,大安,2018-09-12,26341.0
Brown,科技大樓,2018-09-12,32189.0
Brown,六張犁,2018-09-12,24199.0
Brown,麟光,2018-09-12,8266.0
Brown,辛亥,2018-09-12,6285.0
Brown,萬芳醫院,2018-09-12,28598.0
Brown,萬芳社區,2018-09-12,4824.0
Brown,木柵,2018-09-12,9330.0
Brown,動物園,2018-09-12,11614.0
Brown,大直,2018-09-12,23025.0
Brown,劍南路,2018-09-12,21140.0
Brown,西湖,2018-09-12,39355.0
Brown,港墘,2018-09-12,35513.0
Brown,文德,2018-09-12,11884.0
Brown,內湖,2018-09-12,17862.0
Brown,大湖公園,2018-09-12,6304.0
Brown,葫洲,2018-09-12,17724.0
Brown,東湖,2018-09-12,17318.0
Brown,南港軟體園區,2018-09-12,10708.0
Brown,南港展覽館,2018-09-12,23763.5
Brown,松山機場,2018-09-13,11817.0
Brown,中山國中,2018-09-13,32139.0
Brown,南京復興,2018-09-13,44625.0
Brown,忠孝復興,2018-09-13,35960.5
Brown,大安,2018-09-13,26646.5
Brown,科技大樓,2018-09-13,31691.0
Brown,六張犁,2018-09-13,24193.0
Brown,麟光,2018-09-13,8067.0
Brown,辛亥,2018-09-13,6479.0
Brown,萬芳醫院,2018-09-13,31749.0
Brown,萬芳社區,2018-09-13,4946.0
Brown,木柵,2018-09-13,9538.0
Brown,動物園,2018-09-13,11469.0
Brown,大直,2018-09-13,22555.0
Brown,劍南路,2018-09-13,20853.0
Brown,西湖,2018-09-13,39273.0
Brown,港墘,2018-09-13,35476.0
Brown,文德,2018-09-13,11813.0
Brown,內湖,2018-09-13,17781.0
Brown,大湖公園,2018-09-13,6285.0
Brown,葫洲,2018-09-13,17538.0
Brown,東湖,2018-09-13,17169.0
Brown,南港軟體園區,2018-09-13,10502.0
Brown,南港展覽館,2018-09-13,24433.0
Brown,松山機場,2018-09-14,13008.0
Brown,中山國中,2018-09-14,33523.0
Brown,南京復興,2018-09-14,45710.5
Brown,忠孝復興,2018-09-14,41216.5
Brown,大安,2018-09-14,27385.0
Brown,科技大樓,2018-09-14,33636.0
Brown,六張犁,2018-09-14,25499.0
Brown,麟光,2018-09-14,8651.0
Brown,辛亥,2018-09-14,6645.0
Brown,萬芳醫院,2018-09-14,31969.0
Brown,萬芳社區,2018-09-14,5043.0
Brown,木柵,2018-09-14,9879.0
Brown,動物園,2018-09-14,12546.0
Brown,大直,2018-09-14,23049.0
Brown,劍南路,2018-09-14,23905.0
Brown,西湖,2018-09-14,39916.0
Brown,港墘,2018-09-14,36148.0
Brown,文德,2018-09-14,14002.0
Brown,內湖,2018-09-14,19204.0
Brown,大湖公園,2018-09-14,6843.0
Brown,葫洲,2018-09-14,18701.0
Brown,東湖,2018-09-14,18157.0
Brown,南港軟體園區,2018-09-14,10758.0
Brown,南港展覽館,2018-09-14,24843.0
Brown,松山機場,2018-09-15,9053.0
Brown,中山國中,2018-09-15,22494.0
Brown,南京復興,2018-09-15,27090.0
Brown,忠孝復興,2018-09-15,39256.0
Brown,大安,2018-09-15,18856.5
Brown,科技大樓,2018-09-15,25042.0
Brown,六張犁,2018-09-15,17826.0
Brown,麟光,2018-09-15,7679.0
Brown,辛亥,2018-09-15,4744.0
Brown,萬芳醫院,2018-09-15,21006.0
Brown,萬芳社區,2018-09-15,3462.0
Brown,木柵,2018-09-15,6628.0
Brown,動物園,2018-09-15,10590.0
Brown,大直,2018-09-15,16443.0
Brown,劍南路,2018-09-15,24651.0
Brown,西湖,2018-09-15,12172.0
Brown,港墘,2018-09-15,16137.0
Brown,文德,2018-09-15,7916.0
Brown,內湖,2018-09-15,16122.0
Brown,大湖公園,2018-09-15,5365.0
Brown,葫洲,2018-09-15,11916.0
Brown,東湖,2018-09-15,14171.0
Brown,南港軟體園區,2018-09-15,5508.0
Brown,南港展覽館,2018-09-15,14848.0
Brown,松山機場,2018-09-16,9871.0
Brown,中山國中,2018-09-16,17830.0
Brown,南京復興,2018-09-16,19682.5
Brown,忠孝復興,2018-09-16,32099.0
Brown,大安,2018-09-16,12077.0
Brown,科技大樓,2018-09-16,17069.0
Brown,六張犁,2018-09-16,14069.0
Brown,麟光,2018-09-16,6812.0
Brown,辛亥,2018-09-16,4167.0
Brown,萬芳醫院,2018-09-16,21421.0
Brown,萬芳社區,2018-09-16,2932.0
Brown,木柵,2018-09-16,5455.0
Brown,動物園,2018-09-16,14515.0
Brown,大直,2018-09-16,12980.0
Brown,劍南路,2018-09-16,20493.0
Brown,西湖,2018-09-16,10405.0
Brown,港墘,2018-09-16,12192.0
Brown,文德,2018-09-16,7159.0
Brown,內湖,2018-09-16,13506.0
Brown,大湖公園,2018-09-16,5643.0
Brown,葫洲,2018-09-16,10025.0
Brown,東湖,2018-09-16,10896.0
Brown,南港軟體園區,2018-09-16,4210.0
Brown,南港展覽館,2018-09-16,10673.0
Brown,松山機場,2018-09-17,12021.0
Brown,中山國中,2018-09-17,30641.0
Brown,南京復興,2018-09-17,42459.5
Brown,忠孝復興,2018-09-17,33644.5
Brown,大安,2018-09-17,25595.0
Brown,科技大樓,2018-09-17,31031.0
Brown,六張犁,2018-09-17,23344.0
Brown,麟光,2018-09-17,8054.0
Brown,辛亥,2018-09-17,6158.0
Brown,萬芳醫院,2018-09-17,31885.0
Brown,萬芳社區,2018-09-17,4663.0
Brown,木柵,2018-09-17,9502.0
Brown,動物園,2018-09-17,11177.0
Brown,大直,2018-09-17,21967.0
Brown,劍南路,2018-09-17,19652.0
Brown,西湖,2018-09-17,38333.0
Brown,港墘,2018-09-17,34816.0
Brown,文德,2018-09-17,11461.0
Brown,內湖,2018-09-17,16883.0
Brown,大湖公園,2018-09-17,6311.0
Brown,葫洲,2018-09-17,17283.0
Brown,東湖,2018-09-17,16935.0
Brown,南港軟體園區,2018-09-17,10094.0
Brown,南港展覽館,2018-09-17,23672.5
Brown,松山機場,2018-09-18,11470.0
Brown,中山國中,2018-09-18,31655.0
Brown,南京復興,2018-09-18,44213.0
Brown,忠孝復興,2018-09-18,34557.0
Brown,大安,2018-09-18,26597.5
Brown,科技大樓,2018-09-18,32225.0
Brown,六張犁,2018-09-18,24293.0
Brown,麟光,2018-09-18,8296.0
Brown,辛亥,2018-09-18,6538.0
Brown,萬芳醫院,2018-09-18,31646.0
Brown,萬芳社區,2018-09-18,4756.0
Brown,木柵,2018-09-18,9381.0
Brown,動物園,2018-09-18,12791.0
Brown,大直,2018-09-18,22435.0
Brown,劍南路,2018-09-18,21569.0
Brown,西湖,2018-09-18,39197.0
Brown,港墘,2018-09-18,35491.0
Brown,文德,2018-09-18,11673.0
Brown,內湖,2018-09-18,17628.0
Brown,大湖公園,2018-09-18,6359.0
Brown,葫洲,2018-09-18,17434.0
Brown,東湖,2018-09-18,17147.0
Brown,南港軟體園區,2018-09-18,10638.0
Brown,南港展覽館,2018-09-18,24194.5
Brown,松山機場,2018-09-19,10753.0
Brown,中山國中,2018-09-19,32132.0
Brown,南京復興,2018-09-19,43735.0
Brown,忠孝復興,2018-09-19,35787.5
Brown,大安,2018-09-19,26708.0
Brown,科技大樓,2018-09-19,32346.0
Brown,六張犁,2018-09-19,24360.0
Brown,麟光,2018-09-19,8296.0
Brown,辛亥,2018-09-19,6307.0
Brown,萬芳醫院,2018-09-19,32051.0
Brown,萬芳社區,2018-09-19,4918.0
Brown,木柵,2018-09-19,9604.0
Brown,動物園,2018-09-19,12493.0
Brown,大直,2018-09-19,22771.0
Brown,劍南路,2018-09-19,21534.0
Brown,西湖,2018-09-19,39350.0
Brown,港墘,2018-09-19,35566.0
Brown,文德,2018-09-19,11909.0
Brown,內湖,2018-09-19,17796.0
Brown,大湖公園,2018-09-19,6971.0
Brown,葫洲,2018-09-19,17936.0
Brown,東湖,2018-09-19,17318.0
Brown,南港軟體園區,2018-09-19,10787.0
Brown,南港展覽館,2018-09-19,25743.0
Brown,松山機場,2018-09-20,12661.0
Brown,中山國中,2018-09-20,32425.0
Brown,南京復興,2018-09-20,43992.5
Brown,忠孝復興,2018-09-20,36711.5
Brown,大安,2018-09-20,26855.5
Brown,科技大樓,2018-09-20,32357.0
Brown,六張犁,2018-09-20,24241.0
Brown,麟光,2018-09-20,8451.0
Brown,辛亥,2018-09-20,6440.0
Brown,萬芳醫院,2018-09-20,32071.0
Brown,萬芳社區,2018-09-20,4752.0
Brown,木柵,2018-09-20,9510.0
Brown,動物園,2018-09-20,12044.0
Brown,大直,2018-09-20,22454.0
Brown,劍南路,2018-09-20,21803.0
Brown,西湖,2018-09-20,39138.0
Brown,港墘,2018-09-20,35463.0
Brown,文德,2018-09-20,11775.0
Brown,內湖,2018-09-20,18096.0
Brown,大湖公園,2018-09-20,6624.0
Brown,葫洲,2018-09-20,17259.0
Brown,東湖,2018-09-20,17485.0
Brown,南港軟體園區,2018-09-20,12508.0
Brown,南港展覽館,2018-09-20,26616.0
Brown,松山機場,2018-09-21,14274.0
Brown,中山國中,2018-09-21,32786.0
Brown,南京復興,2018-09-21,44519.0
Brown,忠孝復興,2018-09-21,40842.0
Brown,大安,2018-09-21,26847.0
Brown,科技大樓,2018-09-21,33467.0
Brown,六張犁,2018-09-21,25218.0
Brown,麟光,2018-09-21,8898.0
Brown,辛亥,2018-09-21,6532.0
Brown,萬芳醫院,2018-09-21,34143.0
Brown,萬芳社區,2018-09-21,5138.0
Brown,木柵,2018-09-21,10156.0
Brown,動物園,2018-09-21,14031.0
Brown,大直,2018-09-21,23497.0
Brown,劍南路,2018-09-21,23865.0
Brown,西湖,2018-09-21,39398.0
Brown,港墘,2018-09-21,36006.0
Brown,文德,2018-09-21,13506.0
Brown,內湖,2018-09-21,19069.0
Brown,大湖公園,2018-09-21,6692.0
Brown,葫洲,2018-09-21,18591.0
Brown,東湖,2018-09-21,18647.0
Brown,南港軟體園區,2018-09-21,10789.0
Brown,南港展覽館,2018-09-21,25556.5
Brown,松山機場,2018-09-22,9952.0
Brown,中山國中,2018-09-22,19489.0
Brown,南京復興,2018-09-22,22639.0
Brown,忠孝復興,2018-09-22,35088.0
Brown,大安,2018-09-22,13207.5
Brown,科技大樓,2018-09-22,18031.0
Brown,六張犁,2018-09-22,15557.0
Brown,麟光,2018-09-22,7362.0
Brown,辛亥,2018-09-22,4737.0
Brown,萬芳醫院,2018-09-22,17907.0
Brown,萬芳社區,2018-09-22,3550.0
Brown,木柵,2018-09-22,6528.0
Brown,動物園,2018-09-22,17010.0
Brown,大直,2018-09-22,12356.0
Brown,劍南路,2018-09-22,20258.0
Brown,西湖,2018-09-22,11295.0
Brown,港墘,2018-09-22,12814.0
Brown,文德,2018-09-22,7200.0
Brown,內湖,2018-09-22,15027.0
Brown,大湖公園,2018-09-22,5872.0
Brown,葫洲,2018-09-22,10960.0
Brown,東湖,2018-09-22,12401.0
Brown,南港軟體園區,2018-09-22,4467.0
Brown,南港展覽館,2018-09-22,12515.5
Brown,松山機場,2018-09-23,8395.0
Brown,中山國中,2018-09-23,15307.0
Brown,南京復興,2018-09-23,18283.5
Brown,忠孝復興,2018-09-23,30673.0
Brown,大安,2018-09-23,10357.0
Brown,科技大樓,2018-09-23,13873.0
Brown,六張犁,2018-09-23,12707.0
Brown,麟光,2018-09-23,6889.0
Brown,辛亥,2018-09-23,4062.0
Brown,萬芳醫院,2018-09-23,14116.0
Brown,萬芳社區,2018-09-23,3239.0
Brown,木柵,2018-09-23,5995.0
Brown,動物園,2018-09-23,18420.0
Brown,大直,2018-09-23,9767.0
Brown,劍南路,2018-09-23,18819.0
Brown,西湖,2018-09-23,8431.0
Brown,港墘,2018-09-23,10020.0
Brown,文德,2018-09-23,6285.0
Brown,內湖,2018-09-23,13078.0
Brown,大湖公園,2018-09-23,5995.0
Brown,葫洲,2018-09-23,9492.0
Brown,東湖,2018-09-23,10114.0
Brown,南港軟體園區,2018-09-23,4247.0
Brown,南港展覽館,2018-09-23,14928.0
Brown,松山機場,2018-09-24,9631.0
Brown,中山國中,2018-09-24,13339.0
Brown,南京復興,2018-09-24,15862.5
Brown,忠孝復興,2018-09-24,26700.0
Brown,大安,2018-09-24,9016.5
Brown,科技大樓,2018-09-24,14058.0
Brown,六張犁,2018-09-24,11774.0
Brown,麟光,2018-09-24,6183.0
Brown,辛亥,2018-09-24,3187.0
Brown,萬芳醫院,2018-09-24,14564.0
Brown,萬芳社區,2018-09-24,2791.0
Brown,木柵,2018-09-24,4785.0
Brown,動物園,2018-09-24,15873.0
Brown,大直,2018-09-24,9817.0
Brown,劍南路,2018-09-24,14846.0
Brown,西湖,2018-09-24,8522.0
Brown,港墘,2018-09-24,9773.0
Brown,文德,2018-09-24,6235.0
Brown,內湖,2018-09-24,11863.0
Brown,大湖公園,2018-09-24,4752.0
Brown,葫洲,2018-09-24,8879.0
Brown,東湖,2018-09-24,9273.0
Brown,南港軟體園區,2018-09-24,4131.0
Brown,南港展覽館,2018-09-24,8514.0
Brown,松山機場,2018-09-25,12644.0
Brown,中山國中,2018-09-25,31374.0
Brown,南京復興,2018-09-25,42215.5
Brown,忠孝復興,2018-09-25,33076.5
Brown,大安,2018-09-25,25934.0
Brown,科技大樓,2018-09-25,32139.0
Brown,六張犁,2018-09-25,23854.0
Brown,麟光,2018-09-25,8400.0
Brown,辛亥,2018-09-25,6344.0
Brown,萬芳醫院,2018-09-25,32039.0
Brown,萬芳社區,2018-09-25,4779.0
Brown,木柵,2018-09-25,9675.0
Brown,動物園,2018-09-25,12784.0
Brown,大直,2018-09-25,22258.0
Brown,劍南路,2018-09-25,19833.0
Brown,西湖,2018-09-25,38678.0
Brown,港墘,2018-09-25,35068.0
Brown,文德,2018-09-25,11694.0
Brown,內湖,2018-09-25,17501.0
Brown,大湖公園,2018-09-25,6139.0
Brown,葫洲,2018-09-25,17486.0
Brown,東湖,2018-09-25,16906.0
Brown,南港軟體園區,2018-09-25,10207.0
Brown,南港展覽館,2018-09-25,23656.5
Brown,松山機場,2018-09-26,11890.0
Brown,中山國中,2018-09-26,32741.0
Brown,南京復興,2018-09-26,44927.5
Brown,忠孝復興,2018-09-26,35418.5
Brown,大安,2018-09-26,27403.5
Brown,科技大樓,2018-09-26,33596.0
Brown,六張犁,2018-09-26,24900.0
Brown,麟光,2018-09-26,8726.0
Brown,辛亥,2018-09-26,6259.0
Brown,萬芳醫院,2018-09-26,32597.0
Brown,萬芳社區,2018-09-26,4788.0
Brown,木柵,2018-09-26,9626.0
Brown,動物園,2018-09-26,11131.0
Brown,大直,2018-09-26,22997.0
Brown,劍南路,2018-09-26,20653.0
Brown,西湖,2018-09-26,40847.0
Brown,港墘,2018-09-26,36517.0
Brown,文德,2018-09-26,11732.0
Brown,內湖,2018-09-26,18326.0
Brown,大湖公園,2018-09-26,6513.0
Brown,葫洲,2018-09-26,18181.0
Brown,東湖,2018-09-26,17703.0
Brown,南港軟體園區,2018-09-26,11572.0
Brown,南港展覽館,2018-09-26,24169.0
Brown,松山機場,2018-09-27,11784.0
Brown,中山國中,2018-09-27,33129.0
Brown,南京復興,2018-09-27,45824.0
Brown,忠孝復興,2018-09-27,35749.5
Brown,大安,2018-09-27,27274.5
Brown,科技大樓,2018-09-27,33590.0
Brown,六張犁,2018-09-27,25012.0
Brown,麟光,2018-09-27,8632.0
Brown,辛亥,2018-09-27,6417.0
Brown,萬芳醫院,2018-09-27,32768.0
Brown,萬芳社區,2018-09-27,4916.0
Brown,木柵,2018-09-27,9717.0
Brown,動物園,2018-09-27,12198.0
Brown,大直,2018-09-27,23304.0
Brown,劍南路,2018-09-27,22153.0
Brown,西湖,2018-09-27,40441.0
Brown,港墘,2018-09-27,36568.0
Brown,文德,2018-09-27,11836.0
Brown,內湖,2018-09-27,18441.0
Brown,大湖公園,2018-09-27,6300.0
Brown,葫洲,2018-09-27,17699.0
Brown,東湖,2018-09-27,17625.0
Brown,南港軟體園區,2018-09-27,11517.0
Brown,南港展覽館,2018-09-27,24519.0
Brown,松山機場,2018-09-28,12615.0
Brown,中山國中,2018-09-28,34029.0
Brown,南京復興,2018-09-28,46855.0
Brown,忠孝復興,2018-09-28,40914.0
Brown,大安,2018-09-28,28061.5
Brown,科技大樓,2018-09-28,35406.0
Brown,六張犁,2018-09-28,25506.0
Brown,麟光,2018-09-28,8975.0
Brown,辛亥,2018-09-28,6372.0
Brown,萬芳醫院,2018-09-28,35493.0
Brown,萬芳社區,2018-09-28,4951.0
Brown,木柵,2018-09-28,9802.0
Brown,動物園,2018-09-28,12082.0
Brown,大直,2018-09-28,22808.0
Brown,劍南路,2018-09-28,23084.0
Brown,西湖,2018-09-28,41020.0
Brown,港墘,2018-09-28,37570.0
Brown,文德,2018-09-28,14061.0
Brown,內湖,2018-09-28,19742.0
Brown,大湖公園,2018-09-28,6487.0
Brown,葫洲,2018-09-28,18932.0
Brown,東湖,2018-09-28,18673.0
Brown,南港軟體園區,2018-09-28,11791.0
Brown,南港展覽館,2018-09-28,24460.0
Brown,松山機場,2018-09-29,9159.0
Brown,中山國中,2018-09-29,22201.0
Brown,南京復興,2018-09-29,26482.5
Brown,忠孝復興,2018-09-29,38308.5
Brown,大安,2018-09-29,15848.0
Brown,科技大樓,2018-09-29,24170.0
Brown,六張犁,2018-09-29,17661.0
Brown,麟光,2018-09-29,7232.0
Brown,辛亥,2018-09-29,5105.0
Brown,萬芳醫院,2018-09-29,21324.0
Brown,萬芳社區,2018-09-29,3647.0
Brown,木柵,2018-09-29,6158.0
Brown,動物園,2018-09-29,12346.0
Brown,大直,2018-09-29,16807.0
Brown,劍南路,2018-09-29,20315.0
Brown,西湖,2018-09-29,13042.0
Brown,港墘,2018-09-29,15651.0
Brown,文德,2018-09-29,8094.0
Brown,內湖,2018-09-29,16087.0
Brown,大湖公園,2018-09-29,5751.0
Brown,葫洲,2018-09-29,11961.0
Brown,東湖,2018-09-29,13623.0
Brown,南港軟體園區,2018-09-29,4674.0
Brown,南港展覽館,2018-09-29,13359.5
Brown,松山機場,2018-09-30,9999.0
Brown,中山國中,2018-09-30,17315.0
Brown,南京復興,2018-09-30,21277.5
Brown,忠孝復興,2018-09-30,32057.5
Brown,大安,2018-09-30,13037.0
Brown,科技大樓,2018-09-30,18342.0
Brown,六張犁,2018-09-30,15559.0
Brown,麟光,2018-09-30,6907.0
Brown,辛亥,2018-09-30,5496.0
Brown,萬芳醫院,2018-09-30,18291.0
Brown,萬芳社區,2018-09-30,3934.0
Brown,木柵,2018-09-30,6766.0
Brown,動物園,2018-09-30,22905.0
Brown,大直,2018-09-30,13134.0
Brown,劍南路,2018-09-30,21757.0
Brown,西湖,2018-09-30,10956.0
Brown,港墘,2018-09-30,12693.0
Brown,文德,2018-09-30,7644.0
Brown,內湖,2018-09-30,13984.0
Brown,大湖公園,2018-09-30,7527.0
Brown,葫洲,2018-09-30,10886.0
Brown,東湖,2018-09-30,11399.0
Brown,南港軟體園區,2018-09-30,4534.0
Brown,南港展覽館,2018-09-30,11121.5
Brown,松山機場,2018-10-01,11285.0
Brown,中山國中,2018-10-01,31189.0
Brown,南京復興,2018-10-01,42634.0
Brown,忠孝復興,2018-10-01,32867.5
Brown,大安,2018-10-01,26032.0
Brown,科技大樓,2018-10-01,31042.0
Brown,六張犁,2018-10-01,23699.0
Brown,麟光,2018-10-01,8072.0
Brown,辛亥,2018-10-01,7131.0
Brown,萬芳醫院,2018-10-01,31512.0
Brown,萬芳社區,2018-10-01,4915.0
Brown,木柵,2018-10-01,9405.0
Brown,動物園,2018-10-01,13019.0
Brown,大直,2018-10-01,21644.0
Brown,劍南路,2018-10-01,19858.0
Brown,西湖,2018-10-01,38616.0
Brown,港墘,2018-10-01,35308.0
Brown,文德,2018-10-01,11301.0
Brown,內湖,2018-10-01,17698.0
Brown,大湖公園,2018-10-01,6455.0
Brown,葫洲,2018-10-01,17532.0
Brown,東湖,2018-10-01,17082.0
Brown,南港軟體園區,2018-10-01,10301.0
Brown,南港展覽館,2018-10-01,23506.5
Brown,松山機場,2018-10-02,11169.0
Brown,中山國中,2018-10-02,31982.0
Brown,南京復興,2018-10-02,44199.0
Brown,忠孝復興,2018-10-02,35750.0
Brown,大安,2018-10-02,26826.5
Brown,科技大樓,2018-10-02,32090.0
Brown,六張犁,2018-10-02,24598.0
Brown,麟光,2018-10-02,8393.0
Brown,辛亥,2018-10-02,7288.0
Brown,萬芳醫院,2018-10-02,31823.0
Brown,萬芳社區,2018-10-02,4996.0
Brown,木柵,2018-10-02,9863.0
Brown,動物園,2018-10-02,15487.0
Brown,大直,2018-10-02,22863.0
Brown,劍南路,2018-10-02,20863.0
Brown,西湖,2018-10-02,39516.0
Brown,港墘,2018-10-02,36049.0
Brown,文德,2018-10-02,11696.0
Brown,內湖,2018-10-02,17872.0
Brown,大湖公園,2018-10-02,6573.0
Brown,葫洲,2018-10-02,17897.0
Brown,東湖,2018-10-02,17386.0
Brown,南港軟體園區,2018-10-02,10604.0
Brown,南港展覽館,2018-10-02,24078.0
Brown,松山機場,2018-10-03,11478.0
Brown,中山國中,2018-10-03,32618.0
Brown,南京復興,2018-10-03,45101.5
Brown,忠孝復興,2018-10-03,36429.0
Brown,大安,2018-10-03,27193.5
Brown,科技大樓,2018-10-03,33217.0
Brown,六張犁,2018-10-03,24826.0
Brown,麟光,2018-10-03,8460.0
Brown,辛亥,2018-10-03,7357.0
Brown,萬芳醫院,2018-10-03,32669.0
Brown,萬芳社區,2018-10-03,5063.0
Brown,木柵,2018-10-03,9862.0
Brown,動物園,2018-10-03,15461.0
Brown,大直,2018-10-03,23464.0
Brown,劍南路,2018-10-03,22551.0
Brown,西湖,2018-10-03,39888.0
Brown,港墘,2018-10-03,36285.0
Brown,文德,2018-10-03,11896.0
Brown,內湖,2018-10-03,18307.0
Brown,大湖公園,2018-10-03,6725.0
Brown,葫洲,2018-10-03,18169.0
Brown,東湖,2018-10-03,17521.0
Brown,南港軟體園區,2018-10-03,10693.0
Brown,南港展覽館,2018-10-03,24343.5
Brown,松山機場,2018-10-04,11359.0
Brown,中山國中,2018-10-04,32773.0
Brown,南京復興,2018-10-04,46227.0
Brown,忠孝復興,2018-10-04,37069.0
Brown,大安,2018-10-04,27276.5
Brown,科技大樓,2018-10-04,32841.0
Brown,六張犁,2018-10-04,25194.0
Brown,麟光,2018-10-04,8625.0
Brown,辛亥,2018-10-04,6539.0
Brown,萬芳醫院,2018-10-04,32686.0
Brown,萬芳社區,2018-10-04,4891.0
Brown,木柵,2018-10-04,9524.0
Brown,動物園,2018-10-04,12679.0
Brown,大直,2018-10-04,22752.0
Brown,劍南路,2018-10-04,21886.0
Brown,西湖,2018-10-04,40914.0
Brown,港墘,2018-10-04,36959.0
Brown,文德,2018-10-04,11887.0
Brown,內湖,2018-10-04,18765.0
Brown,大湖公園,2018-10-04,6408.0
Brown,葫洲,2018-10-04,18116.0
Brown,東湖,2018-10-04,17760.0
Brown,南港軟體園區,2018-10-04,11697.0
Brown,南港展覽館,2018-10-04,24222.0
Brown,松山機場,2018-10-05,13091.0
Brown,中山國中,2018-10-05,34052.0
Brown,南京復興,2018-10-05,46897.5
Brown,忠孝復興,2018-10-05,41258.0
Brown,大安,2018-10-05,27324.0
Brown,科技大樓,2018-10-05,34075.0
Brown,六張犁,2018-10-05,26096.0
Brown,麟光,2018-10-05,8799.0
Brown,辛亥,2018-10-05,6568.0
Brown,萬芳醫院,2018-10-05,35674.0
Brown,萬芳社區,2018-10-05,5244.0
Brown,木柵,2018-10-05,10188.0
Brown,動物園,2018-10-05,15615.0
Brown,大直,2018-10-05,23280.0
Brown,劍南路,2018-10-05,25697.0
Brown,西湖,2018-10-05,40926.0
Brown,港墘,2018-10-05,37184.0
Brown,文德,2018-10-05,12865.0
Brown,內湖,2018-10-05,19848.0
Brown,大湖公園,2018-10-05,7216.0
Brown,葫洲,2018-10-05,19211.0
Brown,東湖,2018-10-05,18683.0
Brown,南港軟體園區,2018-10-05,11108.0
Brown,南港展覽館,2018-10-05,24813.5
Brown,松山機場,2018-10-06,9339.0
Brown,中山國中,2018-10-06,22434.0
Brown,南京復興,2018-10-06,27235.0
Brown,忠孝復興,2018-10-06,40559.0
Brown,大安,2018-10-06,16675.0
Brown,科技大樓,2018-10-06,22715.0
Brown,六張犁,2018-10-06,19026.0
Brown,麟光,2018-10-06,7683.0
Brown,辛亥,2018-10-06,5239.0
Brown,萬芳醫院,2018-10-06,22838.0
Brown,萬芳社區,2018-10-06,4598.0
Brown,木柵,2018-10-06,7670.0
Brown,動物園,2018-10-06,24287.0
Brown,大直,2018-10-06,16318.0
Brown,劍南路,2018-10-06,24474.0
Brown,西湖,2018-10-06,14082.0
Brown,港墘,2018-10-06,15094.0
Brown,文德,2018-10-06,9865.0
Brown,內湖,2018-10-06,17024.0
Brown,大湖公園,2018-10-06,8089.0
Brown,葫洲,2018-10-06,12846.0
Brown,東湖,2018-10-06,14058.0
Brown,南港軟體園區,2018-10-06,4841.0
Brown,南港展覽館,2018-10-06,15908.0
Brown,松山機場,2018-10-07,9947.0
Brown,中山國中,2018-10-07,17093.0
Brown,南京復興,2018-10-07,20857.5
Brown,忠孝復興,2018-10-07,30567.0
Brown,大安,2018-10-07,11858.5
Brown,科技大樓,2018-10-07,17105.0
Brown,六張犁,2018-10-07,14323.0
Brown,麟光,2018-10-07,6558.0
Brown,辛亥,2018-10-07,4570.0
Brown,萬芳醫院,2018-10-07,17486.0
Brown,萬芳社區,2018-10-07,3511.0
Brown,木柵,2018-10-07,5805.0
Brown,動物園,2018-10-07,19830.0
Brown,大直,2018-10-07,12058.0
Brown,劍南路,2018-10-07,23163.0
Brown,西湖,2018-10-07,11065.0
Brown,港墘,2018-10-07,13049.0
Brown,文德,2018-10-07,7195.0
Brown,內湖,2018-10-07,13913.0
Brown,大湖公園,2018-10-07,6696.0
Brown,葫洲,2018-10-07,10244.0
Brown,東湖,2018-10-07,11410.0
Brown,南港軟體園區,2018-10-07,4237.0
Brown,南港展覽館,2018-10-07,11035.5
Brown,松山機場,2018-10-08,11726.0
Brown,中山國中,2018-10-08,31131.0
Brown,南京復興,2018-10-08,42838.5
Brown,忠孝復興,2018-10-08,33965.0
Brown,大安,2018-10-08,26240.5
Brown,科技大樓,2018-10-08,30846.0
Brown,六張犁,2018-10-08,23617.0
Brown,麟光,2018-10-08,8191.0
Brown,辛亥,2018-10-08,6063.0
Brown,萬芳醫院,2018-10-08,31727.0
Brown,萬芳社區,2018-10-08,4697.0
Brown,木柵,2018-10-08,9481.0
Brown,動物園,2018-10-08,10918.0
Brown,大直,2018-10-08,21621.0
Brown,劍南路,2018-10-08,20742.0
Brown,西湖,2018-10-08,38494.0
Brown,港墘,2018-10-08,34921.0
Brown,文德,2018-10-08,11656.0
Brown,內湖,2018-10-08,17417.0
Brown,大湖公園,2018-10-08,6254.0
Brown,葫洲,2018-10-08,18013.0
Brown,東湖,2018-10-08,17161.0
Brown,南港軟體園區,2018-10-08,11024.0
Brown,南港展覽館,2018-10-08,23877.5
Brown,松山機場,2018-10-09,11501.0
Brown,中山國中,2018-10-09,33005.0
Brown,南京復興,2018-10-09,46097.0
Brown,忠孝復興,2018-10-09,38512.5
Brown,大安,2018-10-09,28376.5
Brown,科技大樓,2018-10-09,33914.0
Brown,六張犁,2018-10-09,26005.0
Brown,麟光,2018-10-09,8883.0
Brown,辛亥,2018-10-09,6601.0
Brown,萬芳醫院,2018-10-09,37249.0
Brown,萬芳社區,2018-10-09,4817.0
Brown,木柵,2018-10-09,10040.0
Brown,動物園,2018-10-09,16070.0
Brown,大直,2018-10-09,22747.0
Brown,劍南路,2018-10-09,22729.0
Brown,西湖,2018-10-09,41010.0
Brown,港墘,2018-10-09,37402.0
Brown,文德,2018-10-09,12457.0
Brown,內湖,2018-10-09,18918.0
Brown,大湖公園,2018-10-09,6421.0
Brown,葫洲,2018-10-09,19033.0
Brown,東湖,2018-10-09,18213.0
Brown,南港軟體園區,2018-10-09,11297.0
Brown,南港展覽館,2018-10-09,25572.5
Brown,松山機場,2018-10-10,9390.0
Brown,中山國中,2018-10-10,17538.0
Brown,南京復興,2018-10-10,21156.0
Brown,忠孝復興,2018-10-10,36713.0
Brown,大安,2018-10-10,12404.5
Brown,科技大樓,2018-10-10,17740.0
Brown,六張犁,2018-10-10,14472.0
Brown,麟光,2018-10-10,6629.0
Brown,辛亥,2018-10-10,4166.0
Brown,萬芳醫院,2018-10-10,19291.0
Brown,萬芳社區,2018-10-10,3417.0
Brown,木柵,2018-10-10,5796.0
Brown,動物園,2018-10-10,19706.0
Brown,大直,2018-10-10,13086.0
Brown,劍南路,2018-10-10,21575.0
Brown,西湖,2018-10-10,11136.0
Brown,港墘,2018-10-10,12492.0
Brown,文德,2018-10-10,7298.0
Brown,內湖,2018-10-10,14424.0
Brown,大湖公園,2018-10-10,5694.0
Brown,葫洲,2018-10-10,10306.0
Brown,東湖,2018-10-10,11133.0
Brown,南港軟體園區,2018-10-10,4849.0
Brown,南港展覽館,2018-10-10,11133.5
Brown,松山機場,2018-10-11,11295.0
Brown,中山國中,2018-10-11,32693.0
Brown,南京復興,2018-10-11,44753.0
Brown,忠孝復興,2018-10-11,35413.5
Brown,大安,2018-10-11,27220.0
Brown,科技大樓,2018-10-11,33789.0
Brown,六張犁,2018-10-11,24755.0
Brown,麟光,2018-10-11,8755.0
Brown,辛亥,2018-10-11,6270.0
Brown,萬芳醫院,2018-10-11,32688.0
Brown,萬芳社區,2018-10-11,4828.0
Brown,木柵,2018-10-11,9515.0
Brown,動物園,2018-10-11,11744.0
Brown,大直,2018-10-11,22383.0
Brown,劍南路,2018-10-11,22006.0
Brown,西湖,2018-10-11,39919.0
Brown,港墘,2018-10-11,36620.0
Brown,文德,2018-10-11,11847.0
Brown,內湖,2018-10-11,18455.0
Brown,大湖公園,2018-10-11,6228.0
Brown,葫洲,2018-10-11,18260.0
Brown,東湖,2018-10-11,17459.0
Brown,南港軟體園區,2018-10-11,11525.0
Brown,南港展覽館,2018-10-11,25315.0
Brown,松山機場,2018-10-12,13603.0
Brown,中山國中,2018-10-12,34923.0
Brown,南京復興,2018-10-12,47237.5
Brown,忠孝復興,2018-10-12,41889.0
Brown,大安,2018-10-12,28830.5
Brown,科技大樓,2018-10-12,35921.0
Brown,六張犁,2018-10-12,26738.0
Brown,麟光,2018-10-12,9339.0
Brown,辛亥,2018-10-12,6694.0
Brown,萬芳醫院,2018-10-12,35676.0
Brown,萬芳社區,2018-10-12,5025.0
Brown,木柵,2018-10-12,9829.0
Brown,動物園,2018-10-12,13542.0
Brown,大直,2018-10-12,22908.0
Brown,劍南路,2018-10-12,25132.0
Brown,西湖,2018-10-12,41109.0
Brown,港墘,2018-10-12,38816.0
Brown,文德,2018-10-12,13178.0
Brown,內湖,2018-10-12,20623.0
Brown,大湖公園,2018-10-12,6587.0
Brown,葫洲,2018-10-12,19479.0
Brown,東湖,2018-10-12,18878.0
Brown,南港軟體園區,2018-10-12,12078.0
Brown,南港展覽館,2018-10-12,25367.5
Brown,松山機場,2018-10-13,9284.0
Brown,中山國中,2018-10-13,21804.0
Brown,南京復興,2018-10-13,26049.0
Brown,忠孝復興,2018-10-13,40010.5
Brown,大安,2018-10-13,16188.0
Brown,科技大樓,2018-10-13,23937.0
Brown,六張犁,2018-10-13,17705.0
Brown,麟光,2018-10-13,7410.0
Brown,辛亥,2018-10-13,5279.0
Brown,萬芳醫院,2018-10-13,21387.0
Brown,萬芳社區,2018-10-13,3660.0
Brown,木柵,2018-10-13,6547.0
Brown,動物園,2018-10-13,15015.0
Brown,大直,2018-10-13,15101.0
Brown,劍南路,2018-10-13,23925.0
Brown,西湖,2018-10-13,13311.0
Brown,港墘,2018-10-13,15166.0
Brown,文德,2018-10-13,8600.0
Brown,內湖,2018-10-13,16976.0
Brown,大湖公園,2018-10-13,5965.0
Brown,葫洲,2018-10-13,12612.0
Brown,東湖,2018-10-13,14397.0
Brown,南港軟體園區,2018-10-13,4784.0
Brown,南港展覽館,2018-10-13,12460.0
Brown,松山機場,2018-10-14,10272.0
Brown,中山國中,2018-10-14,17438.0
Brown,南京復興,2018-10-14,21114.5
Brown,忠孝復興,2018-10-14,30786.0
Brown,大安,2018-10-14,12374.0
Brown,科技大樓,2018-10-14,18586.0
Brown,六張犁,2018-10-14,14672.0
Brown,麟光,2018-10-14,7427.0
Brown,辛亥,2018-10-14,4417.0
Brown,萬芳醫院,2018-10-14,17916.0
Brown,萬芳社區,2018-10-14,3457.0
Brown,木柵,2018-10-14,6387.0
Brown,動物園,2018-10-14,21773.0
Brown,大直,2018-10-14,13123.0
Brown,劍南路,2018-10-14,23578.0
Brown,西湖,2018-10-14,11629.0
Brown,港墘,2018-10-14,12199.0
Brown,文德,2018-10-14,7874.0
Brown,內湖,2018-10-14,14469.0
Brown,大湖公園,2018-10-14,7034.0
Brown,葫洲,2018-10-14,10849.0
Brown,東湖,2018-10-14,12017.0
Brown,南港軟體園區,2018-10-14,4260.0
Brown,南港展覽館,2018-10-14,10650.0
Brown,松山機場,2018-10-15,11752.0
Brown,中山國中,2018-10-15,30923.0
Brown,南京復興,2018-10-15,42974.0
Brown,忠孝復興,2018-10-15,32930.0
Brown,大安,2018-10-15,26218.0
Brown,科技大樓,2018-10-15,30985.0
Brown,六張犁,2018-10-15,23853.0
Brown,麟光,2018-10-15,8143.0
Brown,辛亥,2018-10-15,6230.0
Brown,萬芳醫院,2018-10-15,31286.0
Brown,萬芳社區,2018-10-15,4838.0
Brown,木柵,2018-10-15,9428.0
Brown,動物園,2018-10-15,11964.0
Brown,大直,2018-10-15,21570.0
Brown,劍南路,2018-10-15,20075.0
Brown,西湖,2018-10-15,38837.0
Brown,港墘,2018-10-15,35121.0
Brown,文德,2018-10-15,11560.0
Brown,內湖,2018-10-15,17429.0
Brown,大湖公園,2018-10-15,6641.0
Brown,葫洲,2018-10-15,17603.0
Brown,東湖,2018-10-15,17318.0
Brown,南港軟體園區,2018-10-15,10697.0
Brown,南港展覽館,2018-10-15,24067.0
Brown,松山機場,2018-10-16,11190.0
Brown,中山國中,2018-10-16,31837.0
Brown,南京復興,2018-10-16,44259.5
Brown,忠孝復興,2018-10-16,34551.0
Brown,大安,2018-10-16,27073.0
Brown,科技大樓,2018-10-16,33359.0
Brown,六張犁,2018-10-16,24584.0
Brown,麟光,2018-10-16,8568.0
Brown,辛亥,2018-10-16,6224.0
Brown,萬芳醫院,2018-10-16,32128.0
Brown,萬芳社區,2018-10-16,4891.0
Brown,木柵,2018-10-16,9681.0
Brown,動物園,2018-10-16,13855.0
Brown,大直,2018-10-16,22163.0
Brown,劍南路,2018-10-16,21865.0
Brown,西湖,2018-10-16,39805.0
Brown,港墘,2018-10-16,35882.0
Brown,文德,2018-10-16,11904.0
Brown,內湖,2018-10-16,17962.0
Brown,大湖公園,2018-10-16,6681.0
Brown,葫洲,2018-10-16,17810.0
Brown,東湖,2018-10-16,17726.0
Brown,南港軟體園區,2018-10-16,10942.0
Brown,南港展覽館,2018-10-16,26454.5
Brown,松山機場,2018-10-17,11168.0
Brown,中山國中,2018-10-17,33125.0
Brown,南京復興,2018-10-17,45320.0
Brown,忠孝復興,2018-10-17,35863.0
Brown,大安,2018-10-17,28232.5
Brown,科技大樓,2018-10-17,34225.0
Brown,六張犁,2018-10-17,25120.0
Brown,麟光,2018-10-17,9167.0
Brown,辛亥,2018-10-17,7839.0
Brown,萬芳醫院,2018-10-17,32980.0
Brown,萬芳社區,2018-10-17,4712.0
Brown,木柵,2018-10-17,9763.0
Brown,動物園,2018-10-17,12418.0
Brown,大直,2018-10-17,22386.0
Brown,劍南路,2018-10-17,21658.0
Brown,西湖,2018-10-17,40684.0
Brown,港墘,2018-10-17,36657.0
Brown,文德,2018-10-17,12346.0
Brown,內湖,2018-10-17,18483.0
Brown,大湖公園,2018-10-17,6484.0
Brown,葫洲,2018-10-17,18387.0
Brown,東湖,2018-10-17,17915.0
Brown,南港軟體園區,2018-10-17,11865.0
Brown,南港展覽館,2018-10-17,27460.0
Brown,松山機場,2018-10-18,11309.0
Brown,中山國中,2018-10-18,33055.0
Brown,南京復興,2018-10-18,45674.5
Brown,忠孝復興,2018-10-18,35093.5
Brown,大安,2018-10-18,27419.5
Brown,科技大樓,2018-10-18,33268.0
Brown,六張犁,2018-10-18,24847.0
Brown,麟光,2018-10-18,8306.0
Brown,辛亥,2018-10-18,7691.0
Brown,萬芳醫院,2018-10-18,32227.0
Brown,萬芳社區,2018-10-18,5020.0
Brown,木柵,2018-10-18,9818.0
Brown,動物園,2018-10-18,14230.0
Brown,大直,2018-10-18,22850.0
Brown,劍南路,2018-10-18,22625.0
Brown,西湖,2018-10-18,40163.0
Brown,港墘,2018-10-18,36647.0
Brown,文德,2018-10-18,12273.0
Brown,內湖,2018-10-18,18352.0
Brown,大湖公園,2018-10-18,6907.0
Brown,葫洲,2018-10-18,18008.0
Brown,東湖,2018-10-18,17941.0
Brown,南港軟體園區,2018-10-18,11053.0
Brown,南港展覽館,2018-10-18,29354.5
Brown,松山機場,2018-10-19,13196.0
Brown,中山國中,2018-10-19,34810.0
Brown,南京復興,2018-10-19,46950.5
Brown,忠孝復興,2018-10-19,40277.5
Brown,大安,2018-10-19,28148.5
Brown,科技大樓,2018-10-19,35331.0
Brown,六張犁,2018-10-19,26794.0
Brown,麟光,2018-10-19,8779.0
Brown,辛亥,2018-10-19,8094.0
Brown,萬芳醫院,2018-10-19,35037.0
Brown,萬芳社區,2018-10-19,5291.0
Brown,木柵,2018-10-19,10250.0
Brown,動物園,2018-10-19,14127.0
Brown,大直,2018-10-19,22887.0
Brown,劍南路,2018-10-19,26368.0
Brown,西湖,2018-10-19,40617.0
Brown,港墘,2018-10-19,37936.0
Brown,文德,2018-10-19,13220.0
Brown,內湖,2018-10-19,19646.0
Brown,大湖公園,2018-10-19,6897.0
Brown,葫洲,2018-10-19,19131.0
Brown,東湖,2018-10-19,18992.0
Brown,南港軟體園區,2018-10-19,11806.0
Brown,南港展覽館,2018-10-19,27414.0
Brown,松山機場,2018-10-20,9924.0
Brown,中山國中,2018-10-20,24005.0
Brown,南京復興,2018-10-20,28766.5
Brown,忠孝復興,2018-10-20,40134.0
Brown,大安,2018-10-20,20709.5
Brown,科技大樓,2018-10-20,25683.0
Brown,六張犁,2018-10-20,19116.0
Brown,麟光,2018-10-20,8106.0
Brown,辛亥,2018-10-20,6313.0
Brown,萬芳醫院,2018-10-20,25501.0
Brown,萬芳社區,2018-10-20,4199.0
Brown,木柵,2018-10-20,8661.0
Brown,動物園,2018-10-20,23313.0
Brown,大直,2018-10-20,15790.0
Brown,劍南路,2018-10-20,26693.0
Brown,西湖,2018-10-20,13869.0
Brown,港墘,2018-10-20,15374.0
Brown,文德,2018-10-20,8935.0
Brown,內湖,2018-10-20,17970.0
Brown,大湖公園,2018-10-20,7618.0
Brown,葫洲,2018-10-20,13593.0
Brown,東湖,2018-10-20,15046.0
Brown,南港軟體園區,2018-10-20,5688.0
Brown,南港展覽館,2018-10-20,18023.5
Brown,松山機場,2018-10-21,9886.0
Brown,中山國中,2018-10-21,19801.0
Brown,南京復興,2018-10-21,21530.5
Brown,忠孝復興,2018-10-21,30764.0
Brown,大安,2018-10-21,12748.0
Brown,科技大樓,2018-10-21,20971.0
Brown,六張犁,2018-10-21,15352.0
Brown,麟光,2018-10-21,7144.0
Brown,辛亥,2018-10-21,4830.0
Brown,萬芳醫院,2018-10-21,18788.0
Brown,萬芳社區,2018-10-21,3960.0
Brown,木柵,2018-10-21,6980.0
Brown,動物園,2018-10-21,25916.0
Brown,大直,2018-10-21,13781.0
Brown,劍南路,2018-10-21,25233.0
Brown,西湖,2018-10-21,11561.0
Brown,港墘,2018-10-21,13757.0
Brown,文德,2018-10-21,7654.0
Brown,內湖,2018-10-21,15158.0
Brown,大湖公園,2018-10-21,8889.0
Brown,葫洲,2018-10-21,11825.0
Brown,東湖,2018-10-21,12617.0
Brown,南港軟體園區,2018-10-21,4656.0
Brown,南港展覽館,2018-10-21,15511.0
Brown,松山機場,2018-10-22,11654.0
Brown,中山國中,2018-10-22,30585.0
Brown,南京復興,2018-10-22,42685.0
Brown,忠孝復興,2018-10-22,32957.0
Brown,大安,2018-10-22,26098.5
Brown,科技大樓,2018-10-22,30651.0
Brown,六張犁,2018-10-22,24081.0
Brown,麟光,2018-10-22,8161.0
Brown,辛亥,2018-10-22,6114.0
Brown,萬芳醫院,2018-10-22,31037.0
Brown,萬芳社區,2018-10-22,4824.0
Brown,木柵,2018-10-22,9712.0
Brown,動物園,2018-10-22,12477.0
Brown,大直,2018-10-22,21426.0
Brown,劍南路,2018-10-22,20197.0
Brown,西湖,2018-10-22,38326.0
Brown,港墘,2018-10-22,34963.0
Brown,文德,2018-10-22,11372.0
Brown,內湖,2018-10-22,17581.0
Brown,大湖公園,2018-10-22,6814.0
Brown,葫洲,2018-10-22,17634.0
Brown,東湖,2018-10-22,17020.0
Brown,南港軟體園區,2018-10-22,10387.0
Brown,南港展覽館,2018-10-22,24120.5
Brown,松山機場,2018-10-23,10987.0
Brown,中山國中,2018-10-23,31787.0
Brown,南京復興,2018-10-23,44092.5
Brown,忠孝復興,2018-10-23,33766.5
Brown,大安,2018-10-23,27638.0
Brown,科技大樓,2018-10-23,32175.0
Brown,六張犁,2018-10-23,24495.0
Brown,麟光,2018-10-23,8497.0
Brown,辛亥,2018-10-23,6080.0
Brown,萬芳醫院,2018-10-23,31846.0
Brown,萬芳社區,2018-10-23,4955.0
Brown,木柵,2018-10-23,9817.0
Brown,動物園,2018-10-23,13181.0
Brown,大直,2018-10-23,22212.0
Brown,劍南路,2018-10-23,20717.0
Brown,西湖,2018-10-23,39764.0
Brown,港墘,2018-10-23,35557.0
Brown,文德,2018-10-23,12006.0
Brown,內湖,2018-10-23,17979.0
Brown,大湖公園,2018-10-23,6613.0
Brown,葫洲,2018-10-23,17766.0
Brown,東湖,2018-10-23,17634.0
Brown,南港軟體園區,2018-10-23,11016.0
Brown,南港展覽館,2018-10-23,24478.0
Brown,松山機場,2018-10-24,11092.0
Brown,中山國中,2018-10-24,32433.0
Brown,南京復興,2018-10-24,44463.0
Brown,忠孝復興,2018-10-24,35186.0
Brown,大安,2018-10-24,26726.0
Brown,科技大樓,2018-10-24,31763.0
Brown,六張犁,2018-10-24,24551.0
Brown,麟光,2018-10-24,8229.0
Brown,辛亥,2018-10-24,6314.0
Brown,萬芳醫院,2018-10-24,31971.0
Brown,萬芳社區,2018-10-24,4892.0
Brown,木柵,2018-10-24,9785.0
Brown,動物園,2018-10-24,14580.0
Brown,大直,2018-10-24,22424.0
Brown,劍南路,2018-10-24,21368.0
Brown,西湖,2018-10-24,39606.0
Brown,港墘,2018-10-24,36112.0
Brown,文德,2018-10-24,11934.0
Brown,內湖,2018-10-24,18206.0
Brown,大湖公園,2018-10-24,7052.0
Brown,葫洲,2018-10-24,17794.0
Brown,東湖,2018-10-24,17654.0
Brown,南港軟體園區,2018-10-24,10617.0
Brown,南港展覽館,2018-10-24,25456.0
Brown,松山機場,2018-10-25,11628.0
Brown,中山國中,2018-10-25,31958.0
Brown,南京復興,2018-10-25,44977.0
Brown,忠孝復興,2018-10-25,35566.5
Brown,大安,2018-10-25,26996.5
Brown,科技大樓,2018-10-25,32014.0
Brown,六張犁,2018-10-25,24924.0
Brown,麟光,2018-10-25,8395.0
Brown,辛亥,2018-10-25,6382.0
Brown,萬芳醫院,2018-10-25,31830.0
Brown,萬芳社區,2018-10-25,4965.0
Brown,木柵,2018-10-25,9689.0
Brown,動物園,2018-10-25,15283.0
Brown,大直,2018-10-25,23165.0
Brown,劍南路,2018-10-25,21039.0
Brown,西湖,2018-10-25,39129.0
Brown,港墘,2018-10-25,35786.0
Brown,文德,2018-10-25,12078.0
Brown,內湖,2018-10-25,18331.0
Brown,大湖公園,2018-10-25,6987.0
Brown,葫洲,2018-10-25,17765.0
Brown,東湖,2018-10-25,17803.0
Brown,南港軟體園區,2018-10-25,10659.0
Brown,南港展覽館,2018-10-25,26893.0
Brown,松山機場,2018-10-26,12924.0
Brown,中山國中,2018-10-26,34126.0
Brown,南京復興,2018-10-26,45800.5
Brown,忠孝復興,2018-10-26,40265.5
Brown,大安,2018-10-26,27935.5
Brown,科技大樓,2018-10-26,33640.0
Brown,六張犁,2018-10-26,26512.0
Brown,麟光,2018-10-26,9044.0
Brown,辛亥,2018-10-26,6548.0
Brown,萬芳醫院,2018-10-26,33355.0
Brown,萬芳社區,2018-10-26,5319.0
Brown,木柵,2018-10-26,10200.0
Brown,動物園,2018-10-26,16689.0
Brown,大直,2018-10-26,22959.0
Brown,劍南路,2018-10-26,24585.0
Brown,西湖,2018-10-26,39882.0
Brown,港墘,2018-10-26,36602.0
Brown,文德,2018-10-26,13380.0
Brown,內湖,2018-10-26,19616.0
Brown,大湖公園,2018-10-26,7396.0
Brown,葫洲,2018-10-26,19478.0
Brown,東湖,2018-10-26,18857.0
Brown,南港軟體園區,2018-10-26,11036.0
Brown,南港展覽館,2018-10-26,25573.0
Brown,松山機場,2018-10-27,9494.0
Brown,中山國中,2018-10-27,22906.0
Brown,南京復興,2018-10-27,27442.5
Brown,忠孝復興,2018-10-27,38689.0
Brown,大安,2018-10-27,18447.5
Brown,科技大樓,2018-10-27,24153.0
Brown,六張犁,2018-10-27,19089.0
Brown,麟光,2018-10-27,8045.0
Brown,辛亥,2018-10-27,5274.0
Brown,萬芳醫院,2018-10-27,28835.0
Brown,萬芳社區,2018-10-27,4440.0
Brown,木柵,2018-10-27,8127.0
Brown,動物園,2018-10-27,24315.0
Brown,大直,2018-10-27,16482.0
Brown,劍南路,2018-10-27,23566.0
Brown,西湖,2018-10-27,13535.0
Brown,港墘,2018-10-27,15627.0
Brown,文德,2018-10-27,9027.0
Brown,內湖,2018-10-27,17586.0
Brown,大湖公園,2018-10-27,7797.0
Brown,葫洲,2018-10-27,13683.0
Brown,東湖,2018-10-27,14439.0
Brown,南港軟體園區,2018-10-27,4936.0
Brown,南港展覽館,2018-10-27,16234.0
Brown,松山機場,2018-10-28,10092.0
Brown,中山國中,2018-10-28,18815.0
Brown,南京復興,2018-10-28,21474.5
Brown,忠孝復興,2018-10-28,30867.5
Brown,大安,2018-10-28,12975.5
Brown,科技大樓,2018-10-28,18702.0
Brown,六張犁,2018-10-28,15269.0
Brown,麟光,2018-10-28,7243.0
Brown,辛亥,2018-10-28,4648.0
Brown,萬芳醫院,2018-10-28,19399.0
Brown,萬芳社區,2018-10-28,3792.0
Brown,木柵,2018-10-28,7201.0
Brown,動物園,2018-10-28,24018.0
Brown,大直,2018-10-28,14339.0
Brown,劍南路,2018-10-28,23449.0
Brown,西湖,2018-10-28,11151.0
Brown,港墘,2018-10-28,12469.0
Brown,文德,2018-10-28,8279.0
Brown,內湖,2018-10-28,14583.0
Brown,大湖公園,2018-10-28,8624.0
Brown,葫洲,2018-10-28,11657.0
Brown,東湖,2018-10-28,12274.0
Brown,南港軟體園區,2018-10-28,4635.0
Brown,南港展覽館,2018-10-28,11620.5
Brown,松山機場,2018-10-29,11384.0
Brown,中山國中,2018-10-29,31056.0
Brown,南京復興,2018-10-29,42613.5
Brown,忠孝復興,2018-10-29,33178.0
Brown,大安,2018-10-29,25536.5
Brown,科技大樓,2018-10-29,30640.0
Brown,六張犁,2018-10-29,23801.0
Brown,麟光,2018-10-29,8165.0
Brown,辛亥,2018-10-29,6094.0
Brown,萬芳醫院,2018-10-29,31109.0
Brown,萬芳社區,2018-10-29,4706.0
Brown,木柵,2018-10-29,10009.0
Brown,動物園,2018-10-29,12953.0
Brown,大直,2018-10-29,21400.0
Brown,劍南路,2018-10-29,20859.0
Brown,西湖,2018-10-29,38224.0
Brown,港墘,2018-10-29,34491.0
Brown,文德,2018-10-29,11581.0
Brown,內湖,2018-10-29,17460.0
Brown,大湖公園,2018-10-29,6760.0
Brown,葫洲,2018-10-29,17834.0
Brown,東湖,2018-10-29,17361.0
Brown,南港軟體園區,2018-10-29,10520.0
Brown,南港展覽館,2018-10-29,23798.0
Brown,松山機場,2018-10-30,10793.0
Brown,中山國中,2018-10-30,31607.0
Brown,南京復興,2018-10-30,44620.5
Brown,忠孝復興,2018-10-30,35299.5
Brown,大安,2018-10-30,26764.5
Brown,科技大樓,2018-10-30,31737.0
Brown,六張犁,2018-10-30,24766.0
Brown,麟光,2018-10-30,8454.0
Brown,辛亥,2018-10-30,6170.0
Brown,萬芳醫院,2018-10-30,31537.0
Brown,萬芳社區,2018-10-30,4938.0
Brown,木柵,2018-10-30,9581.0
Brown,動物園,2018-10-30,14335.0
Brown,大直,2018-10-30,22156.0
Brown,劍南路,2018-10-30,20741.0
Brown,西湖,2018-10-30,39052.0
Brown,港墘,2018-10-30,35576.0
Brown,文德,2018-10-30,12112.0
Brown,內湖,2018-10-30,17720.0
Brown,大湖公園,2018-10-30,6572.0
Brown,葫洲,2018-10-30,17992.0
Brown,東湖,2018-10-30,17525.0
Brown,南港軟體園區,2018-10-30,10717.0
Brown,南港展覽館,2018-10-30,25030.0
Brown,松山機場,2018-10-31,10745.0
Brown,中山國中,2018-10-31,33545.0
Brown,南京復興,2018-10-31,45611.0
Brown,忠孝復興,2018-10-31,37580.0
Brown,大安,2018-10-31,28055.5
Brown,科技大樓,2018-10-31,33359.0
Brown,六張犁,2018-10-31,25182.0
Brown,麟光,2018-10-31,8525.0
Brown,辛亥,2018-10-31,6215.0
Brown,萬芳醫院,2018-10-31,32322.0
Brown,萬芳社區,2018-10-31,4869.0
Brown,木柵,2018-10-31,9804.0
Brown,動物園,2018-10-31,12314.0
Brown,大直,2018-10-31,22287.0
Brown,劍南路,2018-10-31,22568.0
Brown,西湖,2018-10-31,40126.0
Brown,港墘,2018-10-31,36002.0
Brown,文德,2018-10-31,12227.0
Brown,內湖,2018-10-31,18228.0
Brown,大湖公園,2018-10-31,6298.0
Brown,葫洲,2018-10-31,18241.0
Brown,東湖,2018-10-31,17718.0
Brown,南港軟體園區,2018-10-31,11840.0
Brown,南港展覽館,2018-10-31,28107.5
Brown,松山機場,2018-11-01,10986.0
Brown,中山國中,2018-11-01,33101.0
Brown,南京復興,2018-11-01,46038.0
Brown,忠孝復興,2018-11-01,37939.5
Brown,大安,2018-11-01,27741.0
Brown,科技大樓,2018-11-01,33900.0
Brown,六張犁,2018-11-01,25224.0
Brown,麟光,2018-11-01,8434.0
Brown,辛亥,2018-11-01,6308.0
Brown,萬芳醫院,2018-11-01,32193.0
Brown,萬芳社區,2018-11-01,4936.0
Brown,木柵,2018-11-01,9507.0
Brown,動物園,2018-11-01,11175.0
Brown,大直,2018-11-01,22261.0
Brown,劍南路,2018-11-01,22164.0
Brown,西湖,2018-11-01,39756.0
Brown,港墘,2018-11-01,36361.0
Brown,文德,2018-11-01,12140.0
Brown,內湖,2018-11-01,18332.0
Brown,大湖公園,2018-11-01,6499.0
Brown,葫洲,2018-11-01,17998.0
Brown,東湖,2018-11-01,17530.0
Brown,南港軟體園區,2018-11-01,12039.0
Brown,南港展覽館,2018-11-01,28615.0
Brown,松山機場,2018-11-02,12605.0
Brown,中山國中,2018-11-02,34247.0
Brown,南京復興,2018-11-02,47780.0
Brown,忠孝復興,2018-11-02,43000.5
Brown,大安,2018-11-02,28552.5
Brown,科技大樓,2018-11-02,35768.0
Brown,六張犁,2018-11-02,26778.0
Brown,麟光,2018-11-02,9066.0
Brown,辛亥,2018-11-02,6546.0
Brown,萬芳醫院,2018-11-02,34714.0
Brown,萬芳社區,2018-11-02,4964.0
Brown,木柵,2018-11-02,9868.0
Brown,動物園,2018-11-02,12569.0
Brown,大直,2018-11-02,22649.0
Brown,劍南路,2018-11-02,24549.0
Brown,西湖,2018-11-02,40952.0
Brown,港墘,2018-11-02,36942.0
Brown,文德,2018-11-02,13288.0
Brown,內湖,2018-11-02,19784.0
Brown,大湖公園,2018-11-02,6519.0
Brown,葫洲,2018-11-02,19075.0
Brown,東湖,2018-11-02,18783.0
Brown,南港軟體園區,2018-11-02,12089.0
Brown,南港展覽館,2018-11-02,28520.5
Brown,松山機場,2018-11-03,8955.0
Brown,中山國中,2018-11-03,21676.0
Brown,南京復興,2018-11-03,26334.0
Brown,忠孝復興,2018-11-03,40157.0
Brown,大安,2018-11-03,17436.5
Brown,科技大樓,2018-11-03,24406.0
Brown,六張犁,2018-11-03,17984.0
Brown,麟光,2018-11-03,7529.0
Brown,辛亥,2018-11-03,5522.0
Brown,萬芳醫院,2018-11-03,21385.0
Brown,萬芳社區,2018-11-03,3807.0
Brown,木柵,2018-11-03,7481.0
Brown,動物園,2018-11-03,20509.0
Brown,大直,2018-11-03,17272.0
Brown,劍南路,2018-11-03,24237.0
Brown,西湖,2018-11-03,12658.0
Brown,港墘,2018-11-03,16896.0
Brown,文德,2018-11-03,8954.0
Brown,內湖,2018-11-03,17117.0
Brown,大湖公園,2018-11-03,6455.0
Brown,葫洲,2018-11-03,12907.0
Brown,東湖,2018-11-03,18925.0
Brown,南港軟體園區,2018-11-03,4982.0
Brown,南港展覽館,2018-11-03,16799.5
Brown,松山機場,2018-11-04,9410.0
Brown,中山國中,2018-11-04,17003.0
Brown,南京復興,2018-11-04,19704.0
Brown,忠孝復興,2018-11-04,31611.0
Brown,大安,2018-11-04,12045.0
Brown,科技大樓,2018-11-04,18362.0
Brown,六張犁,2018-11-04,14827.0
Brown,麟光,2018-11-04,6985.0
Brown,辛亥,2018-11-04,4666.0
Brown,萬芳醫院,2018-11-04,16966.0
Brown,萬芳社區,2018-11-04,3439.0
Brown,木柵,2018-11-04,6470.0
Brown,動物園,2018-11-04,21734.0
Brown,大直,2018-11-04,11904.0
Brown,劍南路,2018-11-04,22605.0
Brown,西湖,2018-11-04,10293.0
Brown,港墘,2018-11-04,14569.0
Brown,文德,2018-11-04,7114.0
Brown,內湖,2018-11-04,14097.0
Brown,大湖公園,2018-11-04,6839.0
Brown,葫洲,2018-11-04,10533.0
Brown,東湖,2018-11-04,11600.0
Brown,南港軟體園區,2018-11-04,4406.0
Brown,南港展覽館,2018-11-04,10859.0
Brown,松山機場,2018-11-05,11372.0
Brown,中山國中,2018-11-05,30869.0
Brown,南京復興,2018-11-05,43290.0
Brown,忠孝復興,2018-11-05,34493.5
Brown,大安,2018-11-05,26392.5
Brown,科技大樓,2018-11-05,31079.0
Brown,六張犁,2018-11-05,24031.0
Brown,麟光,2018-11-05,8178.0
Brown,辛亥,2018-11-05,6073.0
Brown,萬芳醫院,2018-11-05,31668.0
Brown,萬芳社區,2018-11-05,4708.0
Brown,木柵,2018-11-05,9588.0
Brown,動物園,2018-11-05,11684.0
Brown,大直,2018-11-05,20742.0
Brown,劍南路,2018-11-05,19956.0
Brown,西湖,2018-11-05,38670.0
Brown,港墘,2018-11-05,34669.0
Brown,文德,2018-11-05,11639.0
Brown,內湖,2018-11-05,17840.0
Brown,大湖公園,2018-11-05,6369.0
Brown,葫洲,2018-11-05,17539.0
Brown,東湖,2018-11-05,15706.0
Brown,南港軟體園區,2018-11-05,11030.0
Brown,南港展覽館,2018-11-05,23336.5
Brown,松山機場,2018-11-06,10484.0
Brown,中山國中,2018-11-06,32102.0
Brown,南京復興,2018-11-06,44232.5
Brown,忠孝復興,2018-11-06,35212.0
Brown,大安,2018-11-06,26814.5
Brown,科技大樓,2018-11-06,31675.0
Brown,六張犁,2018-11-06,24216.0
Brown,麟光,2018-11-06,8244.0
Brown,辛亥,2018-11-06,6356.0
Brown,萬芳醫院,2018-11-06,31694.0
Brown,萬芳社區,2018-11-06,4972.0
Brown,木柵,2018-11-06,9932.0
Brown,動物園,2018-11-06,14716.0
Brown,大直,2018-11-06,21850.0
Brown,劍南路,2018-11-06,21064.0
Brown,西湖,2018-11-06,39355.0
Brown,港墘,2018-11-06,35762.0
Brown,文德,2018-11-06,11893.0
Brown,內湖,2018-11-06,18007.0
Brown,大湖公園,2018-11-06,7031.0
Brown,葫洲,2018-11-06,17589.0
Brown,東湖,2018-11-06,17419.0
Brown,南港軟體園區,2018-11-06,10839.0
Brown,南港展覽館,2018-11-06,24089.0
Brown,松山機場,2018-11-07,10666.0
Brown,中山國中,2018-11-07,31912.0
Brown,南京復興,2018-11-07,44119.0
Brown,忠孝復興,2018-11-07,37098.5
Brown,大安,2018-11-07,26857.5
Brown,科技大樓,2018-11-07,31945.0
Brown,六張犁,2018-11-07,24648.0
Brown,麟光,2018-11-07,8458.0
Brown,辛亥,2018-11-07,6432.0
Brown,萬芳醫院,2018-11-07,31894.0
Brown,萬芳社區,2018-11-07,4988.0
Brown,木柵,2018-11-07,9737.0
Brown,動物園,2018-11-07,14669.0
Brown,大直,2018-11-07,22190.0
Brown,劍南路,2018-11-07,23215.0
Brown,西湖,2018-11-07,39613.0
Brown,港墘,2018-11-07,36166.0
Brown,文德,2018-11-07,12224.0
Brown,內湖,2018-11-07,18188.0
Brown,大湖公園,2018-11-07,6948.0
Brown,葫洲,2018-11-07,18510.0
Brown,東湖,2018-11-07,17539.0
Brown,南港軟體園區,2018-11-07,10779.0
Brown,南港展覽館,2018-11-07,24252.0
Brown,松山機場,2018-11-08,11303.0
Brown,中山國中,2018-11-08,33280.0
Brown,南京復興,2018-11-08,45625.0
Brown,忠孝復興,2018-11-08,51971.5
Brown,大安,2018-11-08,27309.0
Brown,科技大樓,2018-11-08,32754.0
Brown,六張犁,2018-11-08,25126.0
Brown,麟光,2018-11-08,8543.0
Brown,辛亥,2018-11-08,6516.0
Brown,萬芳醫院,2018-11-08,32506.0
Brown,萬芳社區,2018-11-08,5123.0
Brown,木柵,2018-11-08,9869.0
Brown,動物園,2018-11-08,15515.0
Brown,大直,2018-11-08,22789.0
Brown,劍南路,2018-11-08,22904.0
Brown,西湖,2018-11-08,39060.0
Brown,港墘,2018-11-08,35515.0
Brown,文德,2018-11-08,12153.0
Brown,內湖,2018-11-08,18622.0
Brown,大湖公園,2018-11-08,6856.0
Brown,葫洲,2018-11-08,17691.0
Brown,東湖,2018-11-08,17673.0
Brown,南港軟體園區,2018-11-08,10754.0
Brown,南港展覽館,2018-11-08,24819.0
Brown,松山機場,2018-11-09,12306.0
Brown,中山國中,2018-11-09,33965.0
Brown,南京復興,2018-11-09,47277.0
Brown,忠孝復興,2018-11-09,61068.0
Brown,大安,2018-11-09,28117.5
Brown,科技大樓,2018-11-09,35098.0
Brown,六張犁,2018-11-09,27220.0
Brown,麟光,2018-11-09,8821.0
Brown,辛亥,2018-11-09,6893.0
Brown,萬芳醫院,2018-11-09,35437.0
Brown,萬芳社區,2018-11-09,5260.0
Brown,木柵,2018-11-09,10330.0
Brown,動物園,2018-11-09,17333.0
Brown,大直,2018-11-09,23202.0
Brown,劍南路,2018-11-09,24428.0
Brown,西湖,2018-11-09,40437.0
Brown,港墘,2018-11-09,37474.0
Brown,文德,2018-11-09,13466.0
Brown,內湖,2018-11-09,19605.0
Brown,大湖公園,2018-11-09,7628.0
Brown,葫洲,2018-11-09,19282.0
Brown,東湖,2018-11-09,19007.0
Brown,南港軟體園區,2018-11-09,11687.0
Brown,南港展覽館,2018-11-09,28904.5
Brown,松山機場,2018-11-10,9079.0
Brown,中山國中,2018-11-10,24024.0
Brown,南京復興,2018-11-10,27311.0
Brown,忠孝復興,2018-11-10,57574.5
Brown,大安,2018-11-10,17895.5
Brown,科技大樓,2018-11-10,25927.0
Brown,六張犁,2018-11-10,21291.0
Brown,麟光,2018-11-10,8294.0
Brown,辛亥,2018-11-10,5908.0
Brown,萬芳醫院,2018-11-10,25097.0
Brown,萬芳社區,2018-11-10,4219.0
Brown,木柵,2018-11-10,10812.0
Brown,動物園,2018-11-10,23912.0
Brown,大直,2018-11-10,17604.0
Brown,劍南路,2018-11-10,24901.0
Brown,西湖,2018-11-10,14131.0
Brown,港墘,2018-11-10,16200.0
Brown,文德,2018-11-10,17234.0
Brown,內湖,2018-11-10,18469.0
Brown,大湖公園,2018-11-10,9830.0
Brown,葫洲,2018-11-10,14159.0
Brown,東湖,2018-11-10,15738.0
Brown,南港軟體園區,2018-11-10,5151.0
Brown,南港展覽館,2018-11-10,19521.0
Brown,松山機場,2018-11-11,9535.0
Brown,中山國中,2018-11-11,18055.0
Brown,南京復興,2018-11-11,20822.0
Brown,忠孝復興,2018-11-11,46256.0
Brown,大安,2018-11-11,12715.0
Brown,科技大樓,2018-11-11,19243.0
Brown,六張犁,2018-11-11,15910.0
Brown,麟光,2018-11-11,7345.0
Brown,辛亥,2018-11-11,4628.0
Brown,萬芳醫院,2018-11-11,18545.0
Brown,萬芳社區,2018-11-11,3915.0
Brown,木柵,2018-11-11,7187.0
Brown,動物園,2018-11-11,26239.0
Brown,大直,2018-11-11,14274.0
Brown,劍南路,2018-11-11,19643.0
Brown,西湖,2018-11-11,11870.0
Brown,港墘,2018-11-11,12677.0
Brown,文德,2018-11-11,7966.0
Brown,內湖,2018-11-11,15024.0
Brown,大湖公園,2018-11-11,7567.0
Brown,葫洲,2018-11-11,11215.0
Brown,東湖,2018-11-11,12062.0
Brown,南港軟體園區,2018-11-11,4495.0
Brown,南港展覽館,2018-11-11,15836.5
Brown,松山機場,2018-11-12,11334.0
Brown,中山國中,2018-11-12,31011.0
Brown,南京復興,2018-11-12,42576.5
Brown,忠孝復興,2018-11-12,49439.5
Brown,大安,2018-11-12,25454.0
Brown,科技大樓,2018-11-12,31242.0
Brown,六張犁,2018-11-12,23539.0
Brown,麟光,2018-11-12,8165.0
Brown,辛亥,2018-11-12,6396.0
Brown,萬芳醫院,2018-11-12,30391.0
Brown,萬芳社區,2018-11-12,4811.0
Brown,木柵,2018-11-12,7975.0
Brown,動物園,2018-11-12,12070.0
Brown,大直,2018-11-12,21725.0
Brown,劍南路,2018-11-12,20200.0
Brown,西湖,2018-11-12,37873.0
Brown,港墘,2018-11-12,34835.0
Brown,文德,2018-11-12,9422.0
Brown,內湖,2018-11-12,17661.0
Brown,大湖公園,2018-11-12,6541.0
Brown,葫洲,2018-11-12,17366.0
Brown,東湖,2018-11-12,16924.0
Brown,南港軟體園區,2018-11-12,10480.0
Brown,南港展覽館,2018-11-12,23784.5
Brown,松山機場,2018-11-13,10777.0
Brown,中山國中,2018-11-13,32153.0
Brown,南京復興,2018-11-13,44084.0
Brown,忠孝復興,2018-11-13,44374.0
Brown,大安,2018-11-13,27085.0
Brown,科技大樓,2018-11-13,32353.0
Brown,六張犁,2018-11-13,24822.0
Brown,麟光,2018-11-13,8285.0
Brown,辛亥,2018-11-13,6410.0
Brown,萬芳醫院,2018-11-13,32117.0
Brown,萬芳社區,2018-11-13,4731.0
Brown,木柵,2018-11-13,9784.0
Brown,動物園,2018-11-13,13961.0
Brown,大直,2018-11-13,21874.0
Brown,劍南路,2018-11-13,21174.0
Brown,西湖,2018-11-13,39173.0
Brown,港墘,2018-11-13,35440.0
Brown,文德,2018-11-13,11825.0
Brown,內湖,2018-11-13,18310.0
Brown,大湖公園,2018-11-13,6436.0
Brown,葫洲,2018-11-13,17632.0
Brown,東湖,2018-11-13,17752.0
Brown,南港軟體園區,2018-11-13,11069.0
Brown,南港展覽館,2018-11-13,24364.5
Brown,松山機場,2018-11-14,10633.0
Brown,中山國中,2018-11-14,32470.0
Brown,南京復興,2018-11-14,44377.5
Brown,忠孝復興,2018-11-14,48412.5
Brown,大安,2018-11-14,27936.5
Brown,科技大樓,2018-11-14,32801.0
Brown,六張犁,2018-11-14,25132.0
Brown,麟光,2018-11-14,8521.0
Brown,辛亥,2018-11-14,7787.0
Brown,萬芳醫院,2018-11-14,32827.0
Brown,萬芳社區,2018-11-14,5060.0
Brown,木柵,2018-11-14,10000.0
Brown,動物園,2018-11-14,14716.0
Brown,大直,2018-11-14,22432.0
Brown,劍南路,2018-11-14,23836.0
Brown,西湖,2018-11-14,39172.0
Brown,港墘,2018-11-14,35814.0
Brown,文德,2018-11-14,11932.0
Brown,內湖,2018-11-14,18204.0
Brown,大湖公園,2018-11-14,7053.0
Brown,葫洲,2018-11-14,18225.0
Brown,東湖,2018-11-14,17698.0
Brown,南港軟體園區,2018-11-14,10732.0
Brown,南港展覽館,2018-11-14,24472.5
Brown,松山機場,2018-11-15,11026.0
Brown,中山國中,2018-11-15,32641.0
Brown,南京復興,2018-11-15,45365.0
Brown,忠孝復興,2018-11-15,46790.5
Brown,大安,2018-11-15,27211.0
Brown,科技大樓,2018-11-15,32077.0
Brown,六張犁,2018-11-15,25059.0
Brown,麟光,2018-11-15,8269.0
Brown,辛亥,2018-11-15,7664.0
Brown,萬芳醫院,2018-11-15,32507.0
Brown,萬芳社區,2018-11-15,5086.0
Brown,木柵,2018-11-15,9940.0
Brown,動物園,2018-11-15,16053.0
Brown,大直,2018-11-15,22507.0
Brown,劍南路,2018-11-15,24332.0
Brown,西湖,2018-11-15,39362.0
Brown,港墘,2018-11-15,35856.0
Brown,文德,2018-11-15,12116.0
Brown,內湖,2018-11-15,18360.0
Brown,大湖公園,2018-11-15,7009.0
Brown,葫洲,2018-11-15,17922.0
Brown,東湖,2018-11-15,17359.0
Brown,南港軟體園區,2018-11-15,10728.0
Brown,南港展覽館,2018-11-15,25107.5
Brown,松山機場,2018-11-16,12911.0
Brown,中山國中,2018-11-16,34452.0
Brown,南京復興,2018-11-16,47259.5
Brown,忠孝復興,2018-11-16,54434.5
Brown,大安,2018-11-16,27919.0
Brown,科技大樓,2018-11-16,34605.0
Brown,六張犁,2018-11-16,27036.0
Brown,麟光,2018-11-16,8654.0
Brown,辛亥,2018-11-16,6978.0
Brown,萬芳醫院,2018-11-16,35613.0
Brown,萬芳社區,2018-11-16,5189.0
Brown,木柵,2018-11-16,10427.0
Brown,動物園,2018-11-16,17532.0
Brown,大直,2018-11-16,22814.0
Brown,劍南路,2018-11-16,25397.0
Brown,西湖,2018-11-16,39515.0
Brown,港墘,2018-11-16,36846.0
Brown,文德,2018-11-16,13028.0
Brown,內湖,2018-11-16,20193.0
Brown,大湖公園,2018-11-16,7579.0
Brown,葫洲,2018-11-16,19049.0
Brown,東湖,2018-11-16,19260.0
Brown,南港軟體園區,2018-11-16,11198.0
Brown,南港展覽館,2018-11-16,34647.0
Brown,松山機場,2018-11-17,9353.0
Brown,中山國中,2018-11-17,23580.0
Brown,南京復興,2018-11-17,28206.5
Brown,忠孝復興,2018-11-17,54290.5
Brown,大安,2018-11-17,16982.0
Brown,科技大樓,2018-11-17,24561.0
Brown,六張犁,2018-11-17,19627.0
Brown,麟光,2018-11-17,7833.0
Brown,辛亥,2018-11-17,5548.0
Brown,萬芳醫院,2018-11-17,24502.0
Brown,萬芳社區,2018-11-17,3996.0
Brown,木柵,2018-11-17,7046.0
Brown,動物園,2018-11-17,18753.0
Brown,大直,2018-11-17,16416.0
Brown,劍南路,2018-11-17,25139.0
Brown,西湖,2018-11-17,18877.0
Brown,港墘,2018-11-17,15826.0
Brown,文德,2018-11-17,8618.0
Brown,內湖,2018-11-17,17983.0
Brown,大湖公園,2018-11-17,6338.0
Brown,葫洲,2018-11-17,13771.0
Brown,東湖,2018-11-17,14958.0
Brown,南港軟體園區,2018-11-17,5996.0
Brown,南港展覽館,2018-11-17,27566.0
Brown,松山機場,2018-11-18,10209.0
Brown,中山國中,2018-11-18,18922.0
Brown,南京復興,2018-11-18,21963.5
Brown,忠孝復興,2018-11-18,44530.5
Brown,大安,2018-11-18,12936.0
Brown,科技大樓,2018-11-18,24045.0
Brown,六張犁,2018-11-18,16621.0
Brown,麟光,2018-11-18,7248.0
Brown,辛亥,2018-11-18,5058.0
Brown,萬芳醫院,2018-11-18,20474.0
Brown,萬芳社區,2018-11-18,3827.0
Brown,木柵,2018-11-18,6677.0
Brown,動物園,2018-11-18,23787.0
Brown,大直,2018-11-18,13730.0
Brown,劍南路,2018-11-18,24435.0
Brown,西湖,2018-11-18,11536.0
Brown,港墘,2018-11-18,13933.0
Brown,文德,2018-11-18,8082.0
Brown,內湖,2018-11-18,15297.0
Brown,大湖公園,2018-11-18,7950.0
Brown,葫洲,2018-11-18,11505.0
Brown,東湖,2018-11-18,12957.0
Brown,南港軟體園區,2018-11-18,5158.0
Brown,南港展覽館,2018-11-18,24156.0
Brown,松山機場,2018-11-19,11691.0
Brown,中山國中,2018-11-19,31595.0
Brown,南京復興,2018-11-19,43949.0
Brown,忠孝復興,2018-11-19,46934.5
Brown,大安,2018-11-19,26753.0
Brown,科技大樓,2018-11-19,31854.0
Brown,六張犁,2018-11-19,24931.0
Brown,麟光,2018-11-19,8315.0
Brown,辛亥,2018-11-19,6435.0
Brown,萬芳醫院,2018-11-19,32149.0
Brown,萬芳社區,2018-11-19,4673.0
Brown,木柵,2018-11-19,9546.0
Brown,動物園,2018-11-19,11458.0
Brown,大直,2018-11-19,21954.0
Brown,劍南路,2018-11-19,21079.0
Brown,西湖,2018-11-19,38958.0
Brown,港墘,2018-11-19,35672.0
Brown,文德,2018-11-19,11769.0
Brown,內湖,2018-11-19,18219.0
Brown,大湖公園,2018-11-19,6320.0
Brown,葫洲,2018-11-19,18137.0
Brown,東湖,2018-11-19,17747.0
Brown,南港軟體園區,2018-11-19,11235.0
Brown,南港展覽館,2018-11-19,32190.5
Brown,松山機場,2018-11-20,11145.0
Brown,中山國中,2018-11-20,31484.0
Brown,南京復興,2018-11-20,44692.5
Brown,忠孝復興,2018-11-20,35804.0
Brown,大安,2018-11-20,26931.0
Brown,科技大樓,2018-11-20,32158.0
Brown,六張犁,2018-11-20,24454.0
Brown,麟光,2018-11-20,8472.0
Brown,辛亥,2018-11-20,6578.0
Brown,萬芳醫院,2018-11-20,31180.0
Brown,萬芳社區,2018-11-20,4894.0
Brown,木柵,2018-11-20,9687.0
Brown,動物園,2018-11-20,15521.0
Brown,大直,2018-11-20,22034.0
Brown,劍南路,2018-11-20,21618.0
Brown,西湖,2018-11-20,38971.0
Brown,港墘,2018-11-20,35566.0
Brown,文德,2018-11-20,11904.0
Brown,內湖,2018-11-20,17994.0
Brown,大湖公園,2018-11-20,6544.0
Brown,葫洲,2018-11-20,17681.0
Brown,東湖,2018-11-20,17579.0
Brown,南港軟體園區,2018-11-20,10761.0
Brown,南港展覽館,2018-11-20,24246.0
Brown,松山機場,2018-11-21,11035.0
Brown,中山國中,2018-11-21,32004.0
Brown,南京復興,2018-11-21,44555.0
Brown,忠孝復興,2018-11-21,35075.0
Brown,大安,2018-11-21,26794.5
Brown,科技大樓,2018-11-21,31918.0
Brown,六張犁,2018-11-21,24761.0
Brown,麟光,2018-11-21,8342.0
Brown,辛亥,2018-11-21,6590.0
Brown,萬芳醫院,2018-11-21,31547.0
Brown,萬芳社區,2018-11-21,4902.0
Brown,木柵,2018-11-21,9866.0
Brown,動物園,2018-11-21,15485.0
Brown,大直,2018-11-21,22415.0
Brown,劍南路,2018-11-21,21215.0
Brown,西湖,2018-11-21,39097.0
Brown,港墘,2018-11-21,35980.0
Brown,文德,2018-11-21,11798.0
Brown,內湖,2018-11-21,18131.0
Brown,大湖公園,2018-11-21,6776.0
Brown,葫洲,2018-11-21,17860.0
Brown,東湖,2018-11-21,17544.0
Brown,南港軟體園區,2018-11-21,10725.0
Brown,南港展覽館,2018-11-21,24277.0
Brown,松山機場,2018-11-22,11708.0
Brown,中山國中,2018-11-22,33214.0
Brown,南京復興,2018-11-22,46681.0
Brown,忠孝復興,2018-11-22,36590.5
Brown,大安,2018-11-22,27374.0
Brown,科技大樓,2018-11-22,33527.0
Brown,六張犁,2018-11-22,25798.0
Brown,麟光,2018-11-22,8723.0
Brown,辛亥,2018-11-22,6646.0
Brown,萬芳醫院,2018-11-22,32094.0
Brown,萬芳社區,2018-11-22,4833.0
Brown,木柵,2018-11-22,9862.0
Brown,動物園,2018-11-22,12921.0
Brown,大直,2018-11-22,22607.0
Brown,劍南路,2018-11-22,22218.0
Brown,西湖,2018-11-22,39990.0
Brown,港墘,2018-11-22,36523.0
Brown,文德,2018-11-22,12054.0
Brown,內湖,2018-11-22,18839.0
Brown,大湖公園,2018-11-22,6379.0
Brown,葫洲,2018-11-22,18049.0
Brown,東湖,2018-11-22,17962.0
Brown,南港軟體園區,2018-11-22,11577.0
Brown,南港展覽館,2018-11-22,25391.5
Brown,松山機場,2018-11-23,13218.0
Brown,中山國中,2018-11-23,34680.0
Brown,南京復興,2018-11-23,48492.0
Brown,忠孝復興,2018-11-23,42729.5
Brown,大安,2018-11-23,28043.0
Brown,科技大樓,2018-11-23,35220.0
Brown,六張犁,2018-11-23,26492.0
Brown,麟光,2018-11-23,8971.0
Brown,辛亥,2018-11-23,7117.0
Brown,萬芳醫院,2018-11-23,35034.0
Brown,萬芳社區,2018-11-23,5061.0
Brown,木柵,2018-11-23,10110.0
Brown,動物園,2018-11-23,14399.0
Brown,大直,2018-11-23,23365.0
Brown,劍南路,2018-11-23,24714.0
Brown,西湖,2018-11-23,40896.0
Brown,港墘,2018-11-23,38019.0
Brown,文德,2018-11-23,13161.0
Brown,內湖,2018-11-23,20552.0
Brown,大湖公園,2018-11-23,6951.0
Brown,葫洲,2018-11-23,19672.0
Brown,東湖,2018-11-23,19730.0
Brown,南港軟體園區,2018-11-23,11942.0
Brown,南港展覽館,2018-11-23,34901.0
Brown,松山機場,2018-11-24,9442.0
Brown,中山國中,2018-11-24,19881.0
Brown,南京復興,2018-11-24,24633.5
Brown,忠孝復興,2018-11-24,34248.5
Brown,大安,2018-11-24,14707.5
Brown,科技大樓,2018-11-24,19272.0
Brown,六張犁,2018-11-24,17193.0
Brown,麟光,2018-11-24,7637.0
Brown,辛亥,2018-11-24,5221.0
Brown,萬芳醫院,2018-11-24,19694.0
Brown,萬芳社區,2018-11-24,3803.0
Brown,木柵,2018-11-24,6853.0
Brown,動物園,2018-11-24,17868.0
Brown,大直,2018-11-24,13142.0
Brown,劍南路,2018-11-24,20542.0
Brown,西湖,2018-11-24,11671.0
Brown,港墘,2018-11-24,13809.0
Brown,文德,2018-11-24,8310.0
Brown,內湖,2018-11-24,16400.0
Brown,大湖公園,2018-11-24,6653.0
Brown,葫洲,2018-11-24,12452.0
Brown,東湖,2018-11-24,13694.0
Brown,南港軟體園區,2018-11-24,4545.0
Brown,南港展覽館,2018-11-24,22551.0
Brown,松山機場,2018-11-25,9792.0
Brown,中山國中,2018-11-25,17649.0
Brown,南京復興,2018-11-25,20965.5
Brown,忠孝復興,2018-11-25,31121.0
Brown,大安,2018-11-25,11998.5
Brown,科技大樓,2018-11-25,18489.0
Brown,六張犁,2018-11-25,14905.0
Brown,麟光,2018-11-25,7545.0
Brown,辛亥,2018-11-25,4687.0
Brown,萬芳醫院,2018-11-25,17368.0
Brown,萬芳社區,2018-11-25,3758.0
Brown,木柵,2018-11-25,6738.0
Brown,動物園,2018-11-25,21404.0
Brown,大直,2018-11-25,11939.0
Brown,劍南路,2018-11-25,21609.0
Brown,西湖,2018-11-25,10839.0
Brown,港墘,2018-11-25,11802.0
Brown,文德,2018-11-25,7674.0
Brown,內湖,2018-11-25,14607.0
Brown,大湖公園,2018-11-25,7205.0
Brown,葫洲,2018-11-25,11037.0
Brown,東湖,2018-11-25,11915.0
Brown,南港軟體園區,2018-11-25,5110.0
Brown,南港展覽館,2018-11-25,23542.5
Brown,松山機場,2018-11-26,11271.0
Brown,中山國中,2018-11-26,31214.0
Brown,南京復興,2018-11-26,43596.0
Brown,忠孝復興,2018-11-26,34046.5
Brown,大安,2018-11-26,26283.5
Brown,科技大樓,2018-11-26,31658.0
Brown,六張犁,2018-11-26,24381.0
Brown,麟光,2018-11-26,8224.0
Brown,辛亥,2018-11-26,6396.0
Brown,萬芳醫院,2018-11-26,31170.0
Brown,萬芳社區,2018-11-26,4765.0
Brown,木柵,2018-11-26,9664.0
Brown,動物園,2018-11-26,11547.0
Brown,大直,2018-11-26,21443.0
Brown,劍南路,2018-11-26,20847.0
Brown,西湖,2018-11-26,38687.0
Brown,港墘,2018-11-26,35420.0
Brown,文德,2018-11-26,11563.0
Brown,內湖,2018-11-26,18128.0
Brown,大湖公園,2018-11-26,6417.0
Brown,葫洲,2018-11-26,18007.0
Brown,東湖,2018-11-26,17418.0
Brown,南港軟體園區,2018-11-26,11460.0
Brown,南港展覽館,2018-11-26,34527.0
Brown,松山機場,2018-11-27,10901.0
Brown,中山國中,2018-11-27,31508.0
Brown,南京復興,2018-11-27,44382.5
Brown,忠孝復興,2018-11-27,34667.5
Brown,大安,2018-11-27,26912.0
Brown,科技大樓,2018-11-27,32146.0
Brown,六張犁,2018-11-27,25015.0
Brown,麟光,2018-11-27,8301.0
Brown,辛亥,2018-11-27,6292.0
Brown,萬芳醫院,2018-11-27,31154.0
Brown,萬芳社區,2018-11-27,4979.0
Brown,木柵,2018-11-27,9496.0
Brown,動物園,2018-11-27,14069.0
Brown,大直,2018-11-27,21923.0
Brown,劍南路,2018-11-27,20702.0
Brown,西湖,2018-11-27,39242.0
Brown,港墘,2018-11-27,35829.0
Brown,文德,2018-11-27,11785.0
Brown,內湖,2018-11-27,18335.0
Brown,大湖公園,2018-11-27,6655.0
Brown,葫洲,2018-11-27,17809.0
Brown,東湖,2018-11-27,17702.0
Brown,南港軟體園區,2018-11-27,10985.0
Brown,南港展覽館,2018-11-27,24220.0
Brown,松山機場,2018-11-28,10941.0
Brown,中山國中,2018-11-28,32343.0
Brown,南京復興,2018-11-28,44376.5
Brown,忠孝復興,2018-11-28,35319.0
Brown,大安,2018-11-28,27285.5
Brown,科技大樓,2018-11-28,32488.0
Brown,六張犁,2018-11-28,24845.0
Brown,麟光,2018-11-28,8553.0
Brown,辛亥,2018-11-28,6599.0
Brown,萬芳醫院,2018-11-28,31385.0
Brown,萬芳社區,2018-11-28,4960.0
Brown,木柵,2018-11-28,9557.0
Brown,動物園,2018-11-28,12780.0
Brown,大直,2018-11-28,22125.0
Brown,劍南路,2018-11-28,21557.0
Brown,西湖,2018-11-28,39600.0
Brown,港墘,2018-11-28,36532.0
Brown,文德,2018-11-28,11839.0
Brown,內湖,2018-11-28,17823.0
Brown,大湖公園,2018-11-28,6676.0
Brown,葫洲,2018-11-28,18045.0
Brown,東湖,2018-11-28,17708.0
Brown,南港軟體園區,2018-11-28,11082.0
Brown,南港展覽館,2018-11-28,24724.0
Brown,松山機場,2018-11-29,11092.0
Brown,中山國中,2018-11-29,32108.0
Brown,南京復興,2018-11-29,45383.5
Brown,忠孝復興,2018-11-29,36326.0
Brown,大安,2018-11-29,27492.0
Brown,科技大樓,2018-11-29,33006.0
Brown,六張犁,2018-11-29,24946.0
Brown,麟光,2018-11-29,8590.0
Brown,辛亥,2018-11-29,6611.0
Brown,萬芳醫院,2018-11-29,31652.0
Brown,萬芳社區,2018-11-29,5026.0
Brown,木柵,2018-11-29,9795.0
Brown,動物園,2018-11-29,16010.0
Brown,大直,2018-11-29,22476.0
Brown,劍南路,2018-11-29,21885.0
Brown,西湖,2018-11-29,39733.0
Brown,港墘,2018-11-29,36239.0
Brown,文德,2018-11-29,12024.0
Brown,內湖,2018-11-29,18078.0
Brown,大湖公園,2018-11-29,7015.0
Brown,葫洲,2018-11-29,17984.0
Brown,東湖,2018-11-29,17783.0
Brown,南港軟體園區,2018-11-29,11203.0
Brown,南港展覽館,2018-11-29,27468.5
Brown,松山機場,2018-11-30,12431.0
Brown,中山國中,2018-11-30,33617.0
Brown,南京復興,2018-11-30,46364.5
Brown,忠孝復興,2018-11-30,40828.0
Brown,大安,2018-11-30,27519.0
Brown,科技大樓,2018-11-30,33769.0
Brown,六張犁,2018-11-30,26434.0
Brown,麟光,2018-11-30,8869.0
Brown,辛亥,2018-11-30,6791.0
Brown,萬芳醫院,2018-11-30,34560.0
Brown,萬芳社區,2018-11-30,5290.0
Brown,木柵,2018-11-30,10183.0
Brown,動物園,2018-11-30,17628.0
Brown,大直,2018-11-30,24599.0
Brown,劍南路,2018-11-30,26814.0
Brown,西湖,2018-11-30,40496.0
Brown,港墘,2018-11-30,37209.0
Brown,文德,2018-11-30,13015.0
Brown,內湖,2018-11-30,20134.0
Brown,大湖公園,2018-11-30,7815.0
Brown,葫洲,2018-11-30,19549.0
Brown,東湖,2018-11-30,19056.0
Brown,南港軟體園區,2018-11-30,11708.0
Brown,南港展覽館,2018-11-30,27933.0
Brown,松山機場,2018-12-01,10949.0
Brown,中山國中,2018-12-01,22537.0
Brown,南京復興,2018-12-01,28514.5
Brown,忠孝復興,2018-12-01,38644.5
Brown,大安,2018-12-01,16693.0
Brown,科技大樓,2018-12-01,25301.0
Brown,六張犁,2018-12-01,19414.0
Brown,麟光,2018-12-01,7980.0
Brown,辛亥,2018-12-01,5227.0
Brown,萬芳醫院,2018-12-01,22661.0
Brown,萬芳社區,2018-12-01,4251.0
Brown,木柵,2018-12-01,7408.0
Brown,動物園,2018-12-01,25324.0
Brown,大直,2018-12-01,16106.0
Brown,劍南路,2018-12-01,28988.0
Brown,西湖,2018-12-01,13631.0
Brown,港墘,2018-12-01,15648.0
Brown,文德,2018-12-01,9059.0
Brown,內湖,2018-12-01,17970.0
Brown,大湖公園,2018-12-01,7820.0
Brown,葫洲,2018-12-01,16295.0
Brown,東湖,2018-12-01,15148.0
Brown,南港軟體園區,2018-12-01,5168.0
Brown,南港展覽館,2018-12-01,17226.5
Brown,松山機場,2018-12-02,9942.0
Brown,中山國中,2018-12-02,18983.0
Brown,南京復興,2018-12-02,22092.5
Brown,忠孝復興,2018-12-02,30713.5
Brown,大安,2018-12-02,14165.0
Brown,科技大樓,2018-12-02,20906.0
Brown,六張犁,2018-12-02,15581.0
Brown,麟光,2018-12-02,7402.0
Brown,辛亥,2018-12-02,4672.0
Brown,萬芳醫院,2018-12-02,22650.0
Brown,萬芳社區,2018-12-02,4012.0
Brown,木柵,2018-12-02,7147.0
Brown,動物園,2018-12-02,26245.0
Brown,大直,2018-12-02,12675.0
Brown,劍南路,2018-12-02,21945.0
Brown,西湖,2018-12-02,11375.0
Brown,港墘,2018-12-02,13675.0
Brown,文德,2018-12-02,7755.0
Brown,內湖,2018-12-02,15439.0
Brown,大湖公園,2018-12-02,8053.0
Brown,葫洲,2018-12-02,12106.0
Brown,東湖,2018-12-02,13139.0
Brown,南港軟體園區,2018-12-02,4644.0
Brown,南港展覽館,2018-12-02,13706.5
Brown,松山機場,2018-12-03,11029.0
Brown,中山國中,2018-12-03,30576.0
Brown,南京復興,2018-12-03,42722.5
Brown,忠孝復興,2018-12-03,32236.0
Brown,大安,2018-12-03,25838.5
Brown,科技大樓,2018-12-03,30757.0
Brown,六張犁,2018-12-03,23650.0
Brown,麟光,2018-12-03,7992.0
Brown,辛亥,2018-12-03,6163.0
Brown,萬芳醫院,2018-12-03,27381.0
Brown,萬芳社區,2018-12-03,4845.0
Brown,木柵,2018-12-03,9589.0
Brown,動物園,2018-12-03,14304.0
Brown,大直,2018-12-03,21292.0
Brown,劍南路,2018-12-03,21288.0
Brown,西湖,2018-12-03,38380.0
Brown,港墘,2018-12-03,35152.0
Brown,文德,2018-12-03,11542.0
Brown,內湖,2018-12-03,17864.0
Brown,大湖公園,2018-12-03,6783.0
Brown,葫洲,2018-12-03,18209.0
Brown,東湖,2018-12-03,17668.0
Brown,南港軟體園區,2018-12-03,10352.0
Brown,南港展覽館,2018-12-03,23685.5
Brown,松山機場,2018-12-04,10402.0
Brown,中山國中,2018-12-04,31420.0
Brown,南京復興,2018-12-04,43917.5
Brown,忠孝復興,2018-12-04,33557.0
Brown,大安,2018-12-04,27940.5
Brown,科技大樓,2018-12-04,31407.0
Brown,六張犁,2018-12-04,24543.0
Brown,麟光,2018-12-04,8202.0
Brown,辛亥,2018-12-04,6330.0
Brown,萬芳醫院,2018-12-04,31620.0
Brown,萬芳社區,2018-12-04,4940.0
Brown,木柵,2018-12-04,9702.0
Brown,動物園,2018-12-04,15102.0
Brown,大直,2018-12-04,21784.0
Brown,劍南路,2018-12-04,21953.0
Brown,西湖,2018-12-04,38949.0
Brown,港墘,2018-12-04,35882.0
Brown,文德,2018-12-04,11817.0
Brown,內湖,2018-12-04,17928.0
Brown,大湖公園,2018-12-04,6782.0
Brown,葫洲,2018-12-04,17893.0
Brown,東湖,2018-12-04,17921.0
Brown,南港軟體園區,2018-12-04,10551.0
Brown,南港展覽館,2018-12-04,24101.5
Brown,松山機場,2018-12-05,10786.0
Brown,中山國中,2018-12-05,31589.0
Brown,南京復興,2018-12-05,44420.0
Brown,忠孝復興,2018-12-05,34924.5
Brown,大安,2018-12-05,27397.5
Brown,科技大樓,2018-12-05,31739.0
Brown,六張犁,2018-12-05,24665.0
Brown,麟光,2018-12-05,8334.0
Brown,辛亥,2018-12-05,6434.0
Brown,萬芳醫院,2018-12-05,31320.0
Brown,萬芳社區,2018-12-05,4836.0
Brown,木柵,2018-12-05,9684.0
Brown,動物園,2018-12-05,12903.0
Brown,大直,2018-12-05,21859.0
Brown,劍南路,2018-12-05,22032.0
Brown,西湖,2018-12-05,39330.0
Brown,港墘,2018-12-05,36285.0
Brown,文德,2018-12-05,11759.0
Brown,內湖,2018-12-05,18103.0
Brown,大湖公園,2018-12-05,6382.0
Brown,葫洲,2018-12-05,18096.0
Brown,東湖,2018-12-05,18021.0
Brown,南港軟體園區,2018-12-05,11168.0
Brown,南港展覽館,2018-12-05,24310.5
Brown,松山機場,2018-12-06,10738.0
Brown,中山國中,2018-12-06,32187.0
Brown,南京復興,2018-12-06,45577.5
Brown,忠孝復興,2018-12-06,35620.0
Brown,大安,2018-12-06,27719.5
Brown,科技大樓,2018-12-06,32487.0
Brown,六張犁,2018-12-06,24742.0
Brown,麟光,2018-12-06,8244.0
Brown,辛亥,2018-12-06,6286.0
Brown,萬芳醫院,2018-12-06,31868.0
Brown,萬芳社區,2018-12-06,5030.0
Brown,木柵,2018-12-06,9484.0
Brown,動物園,2018-12-06,14901.0
Brown,大直,2018-12-06,22233.0
Brown,劍南路,2018-12-06,22304.0
Brown,西湖,2018-12-06,39261.0
Brown,港墘,2018-12-06,36977.0
Brown,文德,2018-12-06,12131.0
Brown,內湖,2018-12-06,18424.0
Brown,大湖公園,2018-12-06,6619.0
Brown,葫洲,2018-12-06,17710.0
Brown,東湖,2018-12-06,17651.0
Brown,南港軟體園區,2018-12-06,11089.0
Brown,南港展覽館,2018-12-06,24626.0
Brown,松山機場,2018-12-07,12489.0
Brown,中山國中,2018-12-07,34915.0
Brown,南京復興,2018-12-07,47080.0
Brown,忠孝復興,2018-12-07,41500.0
Brown,大安,2018-12-07,28982.5
Brown,科技大樓,2018-12-07,35255.0
Brown,六張犁,2018-12-07,26890.0
Brown,麟光,2018-12-07,9263.0
Brown,辛亥,2018-12-07,6599.0
Brown,萬芳醫院,2018-12-07,34945.0
Brown,萬芳社區,2018-12-07,5091.0
Brown,木柵,2018-12-07,10136.0
Brown,動物園,2018-12-07,15007.0
Brown,大直,2018-12-07,23523.0
Brown,劍南路,2018-12-07,25474.0
Brown,西湖,2018-12-07,40516.0
Brown,港墘,2018-12-07,37477.0
Brown,文德,2018-12-07,13095.0
Brown,內湖,2018-12-07,20016.0
Brown,大湖公園,2018-12-07,7094.0
Brown,葫洲,2018-12-07,19403.0
Brown,東湖,2018-12-07,19115.0
Brown,南港軟體園區,2018-12-07,12313.0
Brown,南港展覽館,2018-12-07,26734.0
Brown,松山機場,2018-12-08,9028.0
Brown,中山國中,2018-12-08,25455.0
Brown,南京復興,2018-12-08,29849.0
Brown,忠孝復興,2018-12-08,41442.5
Brown,大安,2018-12-08,18067.0
Brown,科技大樓,2018-12-08,26798.0
Brown,六張犁,2018-12-08,19981.0
Brown,麟光,2018-12-08,8409.0
Brown,辛亥,2018-12-08,5404.0
Brown,萬芳醫院,2018-12-08,22714.0
Brown,萬芳社區,2018-12-08,4220.0
Brown,木柵,2018-12-08,7154.0
Brown,動物園,2018-12-08,21387.0
Brown,大直,2018-12-08,16417.0
Brown,劍南路,2018-12-08,26564.0
Brown,西湖,2018-12-08,13628.0
Brown,港墘,2018-12-08,16185.0
Brown,文德,2018-12-08,9472.0
Brown,內湖,2018-12-08,18723.0
Brown,大湖公園,2018-12-08,9130.0
Brown,葫洲,2018-12-08,13642.0
Brown,東湖,2018-12-08,15243.0
Brown,南港軟體園區,2018-12-08,5985.0
Brown,南港展覽館,2018-12-08,13803.5
Brown,松山機場,2018-12-09,8969.0
Brown,中山國中,2018-12-09,19918.0
Brown,南京復興,2018-12-09,22204.0
Brown,忠孝復興,2018-12-09,32708.5
Brown,大安,2018-12-09,13885.5
Brown,科技大樓,2018-12-09,20317.0
Brown,六張犁,2018-12-09,15935.0
Brown,麟光,2018-12-09,7410.0
Brown,辛亥,2018-12-09,4634.0
Brown,萬芳醫院,2018-12-09,18559.0
Brown,萬芳社區,2018-12-09,3291.0
Brown,木柵,2018-12-09,7571.0
Brown,動物園,2018-12-09,15470.0
Brown,大直,2018-12-09,13271.0
Brown,劍南路,2018-12-09,21916.0
Brown,西湖,2018-12-09,10659.0
Brown,港墘,2018-12-09,12456.0
Brown,文德,2018-12-09,7752.0
Brown,內湖,2018-12-09,15220.0
Brown,大湖公園,2018-12-09,5676.0
Brown,葫洲,2018-12-09,11543.0
Brown,東湖,2018-12-09,12374.0
Brown,南港軟體園區,2018-12-09,5766.0
Brown,南港展覽館,2018-12-09,14926.5
Brown,松山機場,2018-12-10,11002.0
Brown,中山國中,2018-12-10,31172.0
Brown,南京復興,2018-12-10,43300.0
Brown,忠孝復興,2018-12-10,34064.0
Brown,大安,2018-12-10,27179.0
Brown,科技大樓,2018-12-10,31937.0
Brown,六張犁,2018-12-10,24646.0
Brown,麟光,2018-12-10,8392.0
Brown,辛亥,2018-12-10,6196.0
Brown,萬芳醫院,2018-12-10,31678.0
Brown,萬芳社區,2018-12-10,4850.0
Brown,木柵,2018-12-10,9539.0
Brown,動物園,2018-12-10,12351.0
Brown,大直,2018-12-10,21360.0
Brown,劍南路,2018-12-10,22130.0
Brown,西湖,2018-12-10,38714.0
Brown,港墘,2018-12-10,36498.0
Brown,文德,2018-12-10,11550.0
Brown,內湖,2018-12-10,18002.0
Brown,大湖公園,2018-12-10,6447.0
Brown,葫洲,2018-12-10,17760.0
Brown,東湖,2018-12-10,17369.0
Brown,南港軟體園區,2018-12-10,11341.0
Brown,南港展覽館,2018-12-10,23753.0
Brown,松山機場,2018-12-11,10721.0
Brown,中山國中,2018-12-11,31588.0
Brown,南京復興,2018-12-11,44939.5
Brown,忠孝復興,2018-12-11,34598.0
Brown,大安,2018-12-11,27687.5
Brown,科技大樓,2018-12-11,32289.0
Brown,六張犁,2018-12-11,24875.0
Brown,麟光,2018-12-11,8463.0
Brown,辛亥,2018-12-11,6320.0
Brown,萬芳醫院,2018-12-11,31532.0
Brown,萬芳社區,2018-12-11,4989.0
Brown,木柵,2018-12-11,9554.0
Brown,動物園,2018-12-11,13342.0
Brown,大直,2018-12-11,22246.0
Brown,劍南路,2018-12-11,22347.0
Brown,西湖,2018-12-11,39437.0
Brown,港墘,2018-12-11,36396.0
Brown,文德,2018-12-11,12183.0
Brown,內湖,2018-12-11,17896.0
Brown,大湖公園,2018-12-11,6370.0
Brown,葫洲,2018-12-11,18230.0
Brown,東湖,2018-12-11,17583.0
Brown,南港軟體園區,2018-12-11,11398.0
Brown,南港展覽館,2018-12-11,24341.0
Brown,松山機場,2018-12-12,10684.0
Brown,中山國中,2018-12-12,32596.0
Brown,南京復興,2018-12-12,45301.0
Brown,忠孝復興,2018-12-12,36400.5
Brown,大安,2018-12-12,27220.0
Brown,科技大樓,2018-12-12,32538.0
Brown,六張犁,2018-12-12,25531.0
Brown,麟光,2018-12-12,8586.0
Brown,辛亥,2018-12-12,6694.0
Brown,萬芳醫院,2018-12-12,32016.0
Brown,萬芳社區,2018-12-12,4876.0
Brown,木柵,2018-12-12,9561.0
Brown,動物園,2018-12-12,13246.0
Brown,大直,2018-12-12,22168.0
Brown,劍南路,2018-12-12,24073.0
Brown,西湖,2018-12-12,39969.0
Brown,港墘,2018-12-12,36823.0
Brown,文德,2018-12-12,11942.0
Brown,內湖,2018-12-12,18007.0
Brown,大湖公園,2018-12-12,6403.0
Brown,葫洲,2018-12-12,18378.0
Brown,東湖,2018-12-12,18210.0
Brown,南港軟體園區,2018-12-12,11833.0
Brown,南港展覽館,2018-12-12,24621.5
Brown,松山機場,2018-12-13,11434.0
Brown,中山國中,2018-12-13,33048.0
Brown,南京復興,2018-12-13,46771.5
Brown,忠孝復興,2018-12-13,37887.5
Brown,大安,2018-12-13,28122.5
Brown,科技大樓,2018-12-13,33768.0
Brown,六張犁,2018-12-13,25633.0
Brown,麟光,2018-12-13,8602.0
Brown,辛亥,2018-12-13,6480.0
Brown,萬芳醫院,2018-12-13,31962.0
Brown,萬芳社區,2018-12-13,4952.0
Brown,木柵,2018-12-13,9663.0
Brown,動物園,2018-12-13,13919.0
Brown,大直,2018-12-13,22488.0
Brown,劍南路,2018-12-13,25038.0
Brown,西湖,2018-12-13,40535.0
Brown,港墘,2018-12-13,37319.0
Brown,文德,2018-12-13,12216.0
Brown,內湖,2018-12-13,18425.0
Brown,大湖公園,2018-12-13,6493.0
Brown,葫洲,2018-12-13,18229.0
Brown,東湖,2018-12-13,18217.0
Brown,南港軟體園區,2018-12-13,12310.0
Brown,南港展覽館,2018-12-13,27562.5
Brown,松山機場,2018-12-14,13157.0
Brown,中山國中,2018-12-14,35114.0
Brown,南京復興,2018-12-14,48933.5
Brown,忠孝復興,2018-12-14,43079.5
Brown,大安,2018-12-14,28364.0
Brown,科技大樓,2018-12-14,35207.0
Brown,六張犁,2018-12-14,27947.0
Brown,麟光,2018-12-14,9145.0
Brown,辛亥,2018-12-14,6717.0
Brown,萬芳醫院,2018-12-14,35402.0
Brown,萬芳社區,2018-12-14,5401.0
Brown,木柵,2018-12-14,9913.0
Brown,動物園,2018-12-14,15798.0
Brown,大直,2018-12-14,24019.0
Brown,劍南路,2018-12-14,26239.0
Brown,西湖,2018-12-14,41579.0
Brown,港墘,2018-12-14,39186.0
Brown,文德,2018-12-14,13337.0
Brown,內湖,2018-12-14,20782.0
Brown,大湖公園,2018-12-14,6687.0
Brown,葫洲,2018-12-14,19676.0
Brown,東湖,2018-12-14,19811.0
Brown,南港軟體園區,2018-12-14,12878.0
Brown,南港展覽館,2018-12-14,29014.0
Brown,松山機場,2018-12-15,9464.0
Brown,中山國中,2018-12-15,25685.0
Brown,南京復興,2018-12-15,31012.5
Brown,忠孝復興,2018-12-15,42544.5
Brown,大安,2018-12-15,17729.5
Brown,科技大樓,2018-12-15,25990.0
Brown,六張犁,2018-12-15,21145.0
Brown,麟光,2018-12-15,8383.0
Brown,辛亥,2018-12-15,5801.0
Brown,萬芳醫院,2018-12-15,26969.0
Brown,萬芳社區,2018-12-15,4510.0
Brown,木柵,2018-12-15,7910.0
Brown,動物園,2018-12-15,24715.0
Brown,大直,2018-12-15,16821.0
Brown,劍南路,2018-12-15,31246.0
Brown,西湖,2018-12-15,14487.0
Brown,港墘,2018-12-15,18732.0
Brown,文德,2018-12-15,9288.0
Brown,內湖,2018-12-15,20141.0
Brown,大湖公園,2018-12-15,7334.0
Brown,葫洲,2018-12-15,14060.0
Brown,東湖,2018-12-15,16247.0
Brown,南港軟體園區,2018-12-15,6925.0
Brown,南港展覽館,2018-12-15,20274.5
Brown,松山機場,2018-12-16,9237.0
Brown,中山國中,2018-12-16,19128.0
Brown,南京復興,2018-12-16,23112.5
Brown,忠孝復興,2018-12-16,33624.5
Brown,大安,2018-12-16,13881.0
Brown,科技大樓,2018-12-16,20395.0
Brown,六張犁,2018-12-16,16467.0
Brown,麟光,2018-12-16,7291.0
Brown,辛亥,2018-12-16,4926.0
Brown,萬芳醫院,2018-12-16,21291.0
Brown,萬芳社區,2018-12-16,3640.0
Brown,木柵,2018-12-16,6521.0
Brown,動物園,2018-12-16,23755.0
Brown,大直,2018-12-16,13872.0
Brown,劍南路,2018-12-16,24891.0
Brown,西湖,2018-12-16,11298.0
Brown,港墘,2018-12-16,16321.0
Brown,文德,2018-12-16,7978.0
Brown,內湖,2018-12-16,15268.0
Brown,大湖公園,2018-12-16,7263.0
Brown,葫洲,2018-12-16,11611.0
Brown,東湖,2018-12-16,13315.0
Brown,南港軟體園區,2018-12-16,6085.0
Brown,南港展覽館,2018-12-16,15916.0
Brown,松山機場,2018-12-17,11391.0
Brown,中山國中,2018-12-17,31439.0
Brown,南京復興,2018-12-17,43919.0
Brown,忠孝復興,2018-12-17,35073.0
Brown,大安,2018-12-17,26362.0
Brown,科技大樓,2018-12-17,31592.0
Brown,六張犁,2018-12-17,24621.0
Brown,麟光,2018-12-17,8438.0
Brown,辛亥,2018-12-17,6427.0
Brown,萬芳醫院,2018-12-17,31268.0
Brown,萬芳社區,2018-12-17,4837.0
Brown,木柵,2018-12-17,9530.0
Brown,動物園,2018-12-17,13449.0
Brown,大直,2018-12-17,21999.0
Brown,劍南路,2018-12-17,22450.0
Brown,西湖,2018-12-17,38451.0
Brown,港墘,2018-12-17,35993.0
Brown,文德,2018-12-17,11737.0
Brown,內湖,2018-12-17,18007.0
Brown,大湖公園,2018-12-17,6967.0
Brown,葫洲,2018-12-17,17705.0
Brown,東湖,2018-12-17,17512.0
Brown,南港軟體園區,2018-12-17,11129.0
Brown,南港展覽館,2018-12-17,24201.0
Brown,松山機場,2018-12-18,11063.0
Brown,中山國中,2018-12-18,32544.0
Brown,南京復興,2018-12-18,45372.5
Brown,忠孝復興,2018-12-18,36467.0
Brown,大安,2018-12-18,27481.5
Brown,科技大樓,2018-12-18,32874.0
Brown,六張犁,2018-12-18,25238.0
Brown,麟光,2018-12-18,8554.0
Brown,辛亥,2018-12-18,6378.0
Brown,萬芳醫院,2018-12-18,31798.0
Brown,萬芳社區,2018-12-18,4991.0
Brown,木柵,2018-12-18,9993.0
Brown,動物園,2018-12-18,16727.0
Brown,大直,2018-12-18,22056.0
Brown,劍南路,2018-12-18,23494.0
Brown,西湖,2018-12-18,39745.0
Brown,港墘,2018-12-18,36718.0
Brown,文德,2018-12-18,11935.0
Brown,內湖,2018-12-18,18415.0
Brown,大湖公園,2018-12-18,7149.0
Brown,葫洲,2018-12-18,18011.0
Brown,東湖,2018-12-18,18099.0
Brown,南港軟體園區,2018-12-18,11206.0
Brown,南港展覽館,2018-12-18,24516.0
Brown,松山機場,2018-12-19,10982.0
Brown,中山國中,2018-12-19,32996.0
Brown,南京復興,2018-12-19,45446.5
Brown,忠孝復興,2018-12-19,37947.5
Brown,大安,2018-12-19,27305.5
Brown,科技大樓,2018-12-19,32772.0
Brown,六張犁,2018-12-19,25527.0
Brown,麟光,2018-12-19,8742.0
Brown,辛亥,2018-12-19,6498.0
Brown,萬芳醫院,2018-12-19,32499.0
Brown,萬芳社區,2018-12-19,5199.0
Brown,木柵,2018-12-19,9779.0
Brown,動物園,2018-12-19,16295.0
Brown,大直,2018-12-19,22752.0
Brown,劍南路,2018-12-19,24650.0
Brown,西湖,2018-12-19,40010.0
Brown,港墘,2018-12-19,37206.0
Brown,文德,2018-12-19,12407.0
Brown,內湖,2018-12-19,18577.0
Brown,大湖公園,2018-12-19,7435.0
Brown,葫洲,2018-12-19,18478.0
Brown,東湖,2018-12-19,18294.0
Brown,南港軟體園區,2018-12-19,11506.0
Brown,南港展覽館,2018-12-19,24283.0
Brown,松山機場,2018-12-20,11424.0
Brown,中山國中,2018-12-20,33740.0
Brown,南京復興,2018-12-20,47014.0
Brown,忠孝復興,2018-12-20,38154.5
Brown,大安,2018-12-20,27552.5
Brown,科技大樓,2018-12-20,33343.0
Brown,六張犁,2018-12-20,25543.0
Brown,麟光,2018-12-20,8620.0
Brown,辛亥,2018-12-20,6548.0
Brown,萬芳醫院,2018-12-20,32311.0
Brown,萬芳社區,2018-12-20,5107.0
Brown,木柵,2018-12-20,9663.0
Brown,動物園,2018-12-20,17076.0
Brown,大直,2018-12-20,23394.0
Brown,劍南路,2018-12-20,24469.0
Brown,西湖,2018-12-20,40494.0
Brown,港墘,2018-12-20,37146.0
Brown,文德,2018-12-20,12292.0
Brown,內湖,2018-12-20,19205.0
Brown,大湖公園,2018-12-20,7682.0
Brown,葫洲,2018-12-20,18176.0
Brown,東湖,2018-12-20,18199.0
Brown,南港軟體園區,2018-12-20,11503.0
Brown,南港展覽館,2018-12-20,24495.0
Brown,松山機場,2018-12-21,12206.0
Brown,中山國中,2018-12-21,35037.0
Brown,南京復興,2018-12-21,47848.5
Brown,忠孝復興,2018-12-21,42592.0
Brown,大安,2018-12-21,27965.0
Brown,科技大樓,2018-12-21,34997.0
Brown,六張犁,2018-12-21,26450.0
Brown,麟光,2018-12-21,9099.0
Brown,辛亥,2018-12-21,6774.0
Brown,萬芳醫院,2018-12-21,32678.0
Brown,萬芳社區,2018-12-21,5309.0
Brown,木柵,2018-12-21,10044.0
Brown,動物園,2018-12-21,18584.0
Brown,大直,2018-12-21,23426.0
Brown,劍南路,2018-12-21,28222.0
Brown,西湖,2018-12-21,40081.0
Brown,港墘,2018-12-21,37137.0
Brown,文德,2018-12-21,12863.0
Brown,內湖,2018-12-21,19709.0
Brown,大湖公園,2018-12-21,7492.0
Brown,葫洲,2018-12-21,18893.0
Brown,東湖,2018-12-21,18931.0
Brown,南港軟體園區,2018-12-21,11810.0
Brown,南港展覽館,2018-12-21,25626.0
Brown,松山機場,2018-12-22,10670.0
Brown,中山國中,2018-12-22,29914.0
Brown,南京復興,2018-12-22,42059.5
Brown,忠孝復興,2018-12-22,43307.5
Brown,大安,2018-12-22,24326.0
Brown,科技大樓,2018-12-22,27159.0
Brown,六張犁,2018-12-22,24347.0
Brown,麟光,2018-12-22,9000.0
Brown,辛亥,2018-12-22,6262.0
Brown,萬芳醫院,2018-12-22,30866.0
Brown,萬芳社區,2018-12-22,5041.0
Brown,木柵,2018-12-22,9962.0
Brown,動物園,2018-12-22,23653.0
Brown,大直,2018-12-22,19059.0
Brown,劍南路,2018-12-22,27694.0
Brown,西湖,2018-12-22,27564.0
Brown,港墘,2018-12-22,29663.0
Brown,文德,2018-12-22,12378.0
Brown,內湖,2018-12-22,19238.0
Brown,大湖公園,2018-12-22,8144.0
Brown,葫洲,2018-12-22,16392.0
Brown,東湖,2018-12-22,18260.0
Brown,南港軟體園區,2018-12-22,10246.0
Brown,南港展覽館,2018-12-22,19305.0
Brown,松山機場,2018-12-23,8968.0
Brown,中山國中,2018-12-23,20873.0
Brown,南京復興,2018-12-23,24493.5
Brown,忠孝復興,2018-12-23,38065.0
Brown,大安,2018-12-23,14083.0
Brown,科技大樓,2018-12-23,20880.0
Brown,六張犁,2018-12-23,17348.0
Brown,麟光,2018-12-23,7689.0
Brown,辛亥,2018-12-23,4874.0
Brown,萬芳醫院,2018-12-23,20153.0
Brown,萬芳社區,2018-12-23,3436.0
Brown,木柵,2018-12-23,6097.0
Brown,動物園,2018-12-23,15927.0
Brown,大直,2018-12-23,14163.0
Brown,劍南路,2018-12-23,27298.0
Brown,西湖,2018-12-23,11622.0
Brown,港墘,2018-12-23,12605.0
Brown,文德,2018-12-23,8518.0
Brown,內湖,2018-12-23,15569.0
Brown,大湖公園,2018-12-23,5606.0
Brown,葫洲,2018-12-23,11270.0
Brown,東湖,2018-12-23,12249.0
Brown,南港軟體園區,2018-12-23,6133.0
Brown,南港展覽館,2018-12-23,12055.0
Brown,松山機場,2018-12-24,11023.0
Brown,中山國中,2018-12-24,33901.0
Brown,南京復興,2018-12-24,46564.0
Brown,忠孝復興,2018-12-24,40626.5
Brown,大安,2018-12-24,27169.0
Brown,科技大樓,2018-12-24,33819.0
Brown,六張犁,2018-12-24,25489.0
Brown,麟光,2018-12-24,8627.0
Brown,辛亥,2018-12-24,6364.0
Brown,萬芳醫院,2018-12-24,31974.0
Brown,萬芳社區,2018-12-24,4879.0
Brown,木柵,2018-12-24,9482.0
Brown,動物園,2018-12-24,12449.0
Brown,大直,2018-12-24,22652.0
Brown,劍南路,2018-12-24,25577.0
Brown,西湖,2018-12-24,39972.0
Brown,港墘,2018-12-24,36104.0
Brown,文德,2018-12-24,12469.0
Brown,內湖,2018-12-24,19014.0
Brown,大湖公園,2018-12-24,6802.0
Brown,葫洲,2018-12-24,18511.0
Brown,東湖,2018-12-24,18145.0
Brown,南港軟體園區,2018-12-24,12287.0
Brown,南港展覽館,2018-12-24,25702.0
Brown,松山機場,2018-12-25,11154.0
Brown,中山國中,2018-12-25,33558.0
Brown,南京復興,2018-12-25,47377.5
Brown,忠孝復興,2018-12-25,41525.5
Brown,大安,2018-12-25,27349.0
Brown,科技大樓,2018-12-25,33523.0
Brown,六張犁,2018-12-25,25913.0
Brown,麟光,2018-12-25,8736.0
Brown,辛亥,2018-12-25,6450.0
Brown,萬芳醫院,2018-12-25,32790.0
Brown,萬芳社區,2018-12-25,5132.0
Brown,木柵,2018-12-25,9770.0
Brown,動物園,2018-12-25,19195.0
Brown,大直,2018-12-25,22841.0
Brown,劍南路,2018-12-25,26273.0
Brown,西湖,2018-12-25,39837.0
Brown,港墘,2018-12-25,35498.0
Brown,文德,2018-12-25,12130.0
Brown,內湖,2018-12-25,18766.0
Brown,大湖公園,2018-12-25,7013.0
Brown,葫洲,2018-12-25,18303.0
Brown,東湖,2018-12-25,18290.0
Brown,南港軟體園區,2018-12-25,11656.0
Brown,南港展覽館,2018-12-25,25617.5
Brown,松山機場,2018-12-26,11659.0
Brown,中山國中,2018-12-26,33857.0
Brown,南京復興,2018-12-26,46788.5
Brown,忠孝復興,2018-12-26,39846.0
Brown,大安,2018-12-26,27499.5
Brown,科技大樓,2018-12-26,33571.0
Brown,六張犁,2018-12-26,26215.0
Brown,麟光,2018-12-26,8922.0
Brown,辛亥,2018-12-26,6394.0
Brown,萬芳醫院,2018-12-26,32262.0
Brown,萬芳社區,2018-12-26,4973.0
Brown,木柵,2018-12-26,9650.0
Brown,動物園,2018-12-26,15754.0
Brown,大直,2018-12-26,22590.0
Brown,劍南路,2018-12-26,24763.0
Brown,西湖,2018-12-26,39468.0
Brown,港墘,2018-12-26,37059.0
Brown,文德,2018-12-26,12329.0
Brown,內湖,2018-12-26,18827.0
Brown,大湖公園,2018-12-26,6856.0
Brown,葫洲,2018-12-26,18344.0
Brown,東湖,2018-12-26,18386.0
Brown,南港軟體園區,2018-12-26,11698.0
Brown,南港展覽館,2018-12-26,24080.5
Brown,松山機場,2018-12-27,12187.0
Brown,中山國中,2018-12-27,34533.0
Brown,南京復興,2018-12-27,47962.0
Brown,忠孝復興,2018-12-27,40602.0
Brown,大安,2018-12-27,28234.5
Brown,科技大樓,2018-12-27,34731.0
Brown,六張犁,2018-12-27,26475.0
Brown,麟光,2018-12-27,8907.0
Brown,辛亥,2018-12-27,6389.0
Brown,萬芳醫院,2018-12-27,34804.0
Brown,萬芳社區,2018-12-27,4892.0
Brown,木柵,2018-12-27,9544.0
Brown,動物園,2018-12-27,14571.0
Brown,大直,2018-12-27,22832.0
Brown,劍南路,2018-12-27,25908.0
Brown,西湖,2018-12-27,40566.0
Brown,港墘,2018-12-27,37330.0
Brown,文德,2018-12-27,12332.0
Brown,內湖,2018-12-27,19073.0
Brown,大湖公園,2018-12-27,6648.0
Brown,葫洲,2018-12-27,18635.0
Brown,東湖,2018-12-27,18424.0
Brown,南港軟體園區,2018-12-27,12039.0
Brown,南港展覽館,2018-12-27,24139.5
Brown,松山機場,2018-12-28,13615.0
Brown,中山國中,2018-12-28,34792.0
Brown,南京復興,2018-12-28,48353.0
Brown,忠孝復興,2018-12-28,45201.5
Brown,大安,2018-12-28,28431.5
Brown,科技大樓,2018-12-28,36003.0
Brown,六張犁,2018-12-28,27479.0
Brown,麟光,2018-12-28,9315.0
Brown,辛亥,2018-12-28,6603.0
Brown,萬芳醫院,2018-12-28,33020.0
Brown,萬芳社區,2018-12-28,5148.0
Brown,木柵,2018-12-28,9955.0
Brown,動物園,2018-12-28,16926.0
Brown,大直,2018-12-28,22884.0
Brown,劍南路,2018-12-28,28204.0
Brown,西湖,2018-12-28,40238.0
Brown,港墘,2018-12-28,38038.0
Brown,文德,2018-12-28,13956.0
Brown,內湖,2018-12-28,20841.0
Brown,大湖公園,2018-12-28,7085.0
Brown,葫洲,2018-12-28,19679.0
Brown,東湖,2018-12-28,19591.0
Brown,南港軟體園區,2018-12-28,12188.0
Brown,南港展覽館,2018-12-28,23926.5
Brown,松山機場,2018-12-29,10297.0
Brown,中山國中,2018-12-29,22817.0
Brown,南京復興,2018-12-29,27096.5
Brown,忠孝復興,2018-12-29,42671.0
Brown,大安,2018-12-29,15122.5
Brown,科技大樓,2018-12-29,21927.0
Brown,六張犁,2018-12-29,18593.0
Brown,麟光,2018-12-29,7862.0
Brown,辛亥,2018-12-29,5287.0
Brown,萬芳醫院,2018-12-29,19424.0
Brown,萬芳社區,2018-12-29,3578.0
Brown,木柵,2018-12-29,6501.0
Brown,動物園,2018-12-29,20824.0
Brown,大直,2018-12-29,14133.0
Brown,劍南路,2018-12-29,27285.0
Brown,西湖,2018-12-29,11931.0
Brown,港墘,2018-12-29,14059.0
Brown,文德,2018-12-29,8183.0
Brown,內湖,2018-12-29,16877.0
Brown,大湖公園,2018-12-29,5987.0
Brown,葫洲,2018-12-29,12116.0
Brown,東湖,2018-12-29,13813.0
Brown,南港軟體園區,2018-12-29,5807.0
Brown,南港展覽館,2018-12-29,12195.0
Brown,松山機場,2018-12-30,9375.0
Brown,中山國中,2018-12-30,19138.0
Brown,南京復興,2018-12-30,23625.0
Brown,忠孝復興,2018-12-30,39506.0
Brown,大安,2018-12-30,12227.5
Brown,科技大樓,2018-12-30,18515.0
Brown,六張犁,2018-12-30,16355.0
Brown,麟光,2018-12-30,7428.0
Brown,辛亥,2018-12-30,4462.0
Brown,萬芳醫院,2018-12-30,15738.0
Brown,萬芳社區,2018-12-30,3320.0
Brown,木柵,2018-12-30,5897.0
Brown,動物園,2018-12-30,22850.0
Brown,大直,2018-12-30,11412.0
Brown,劍南路,2018-12-30,29791.0
Brown,西湖,2018-12-30,9599.0
Brown,港墘,2018-12-30,11769.0
Brown,文德,2018-12-30,7287.0
Brown,內湖,2018-12-30,15214.0
Brown,大湖公園,2018-12-30,5486.0
Brown,葫洲,2018-12-30,10471.0
Brown,東湖,2018-12-30,11674.0
Brown,南港軟體園區,2018-12-30,5815.0
Brown,南港展覽館,2018-12-30,10658.5
Brown,松山機場,2018-12-31,9664.0
Brown,中山國中,2018-12-31,22859.0
Brown,南京復興,2018-12-31,27406.5
Brown,忠孝復興,2018-12-31,47133.5
Brown,大安,2018-12-31,17094.5
Brown,科技大樓,2018-12-31,20814.0
Brown,六張犁,2018-12-31,24163.0
Brown,麟光,2018-12-31,9101.0
Brown,辛亥,2018-12-31,5702.0
Brown,萬芳醫院,2018-12-31,20950.0
Brown,萬芳社區,2018-12-31,3997.0
Brown,木柵,2018-12-31,7264.0
Brown,動物園,2018-12-31,24212.0
Brown,大直,2018-12-31,15156.0
Brown,劍南路,2018-12-31,44462.0
Brown,西湖,2018-12-31,12177.0
Brown,港墘,2018-12-31,14412.0
Brown,文德,2018-12-31,9052.0
Brown,內湖,2018-12-31,17676.0
Brown,大湖公園,2018-12-31,6974.0
Brown,葫洲,2018-12-31,12478.0
Brown,東湖,2018-12-31,13980.0
Brown,南港軟體園區,2018-12-31,6616.0
Brown,南港展覽館,2018-12-31,11883.5
Brown,松山機場,2019-01-01,233.0
Brown,中山國中,2019-01-01,1148.0
Brown,南京復興,2019-01-01,1137.5
Brown,忠孝復興,2019-01-01,2067.5
Brown,大安,2019-01-01,901.0
Brown,科技大樓,2019-01-01,1144.0
Brown,六張犁,2019-01-01,2062.0
Brown,麟光,2019-01-01,507.0
Brown,辛亥,2019-01-01,328.0
Brown,萬芳醫院,2019-01-01,1034.0
Brown,萬芳社區,2019-01-01,257.0
Brown,木柵,2019-01-01,567.0
Brown,動物園,2019-01-01,1010.0
Brown,大直,2019-01-01,945.0
Brown,劍南路,2019-01-01,1879.0
Brown,西湖,2019-01-01,768.0
Brown,港墘,2019-01-01,870.0
Brown,文德,2019-01-01,466.0
Brown,內湖,2019-01-01,1091.0
Brown,大湖公園,2019-01-01,341.0
Brown,葫洲,2019-01-01,619.0
Brown,東湖,2019-01-01,1033.0
Brown,南港軟體園區,2019-01-01,154.0
Brown,南港展覽館,2019-01-01,773.0
