line,station,date,people
Green,小碧潭,2023-01-01,6855.0
Green,新店,2023-01-01,20821.0
Green,新店區公所,2023-01-01,15807.0
Green,七張,2023-01-01,20040.0
Green,大坪林,2023-01-01,16953.0
Green,景美,2023-01-01,22925.0
Green,萬隆,2023-01-01,14172.0
Green,公館,2023-01-01,36612.0
Green,台電大樓,2023-01-01,19341.0
Green,古亭,2023-01-01,16621.0
Green,中正紀念堂,2023-01-01,12155.5
Green,小南門,2023-01-01,6481.0
Green,中山,2023-01-01,37512.0
Green,西門,2023-01-01,53236.0
Green,北門,2023-01-01,20356.0
Green,松江南京,2023-01-01,14203.5
Green,台北小巨蛋,2023-01-01,26289.0
Green,南京三民,2023-01-01,21301.0
Green,松山,2023-01-01,32251.0
Green,南京復興,2023-01-01,16383.0
Green,小碧潭,2023-01-02,5720.0
Green,新店,2023-01-02,15990.0
Green,新店區公所,2023-01-02,14310.0
Green,七張,2023-01-02,18394.0
Green,大坪林,2023-01-02,16745.5
Green,景美,2023-01-02,18988.0
Green,萬隆,2023-01-02,12831.0
Green,公館,2023-01-02,31862.0
Green,台電大樓,2023-01-02,18196.0
Green,古亭,2023-01-02,16036.0
Green,中正紀念堂,2023-01-02,8724.0
Green,小南門,2023-01-02,5396.0
Green,中山,2023-01-02,32540.5
Green,西門,2023-01-02,40698.0
Green,北門,2023-01-02,16258.0
Green,松江南京,2023-01-02,13425.5
Green,台北小巨蛋,2023-01-02,25803.0
Green,南京三民,2023-01-02,20292.0
Green,松山,2023-01-02,25421.0
Green,南京復興,2023-01-02,16130.0
Green,小碧潭,2023-01-03,6234.0
Green,新店,2023-01-03,22229.0
Green,新店區公所,2023-01-03,24970.0
Green,七張,2023-01-03,29838.0
Green,大坪林,2023-01-03,30190.0
Green,景美,2023-01-03,32607.0
Green,萬隆,2023-01-03,19514.0
Green,公館,2023-01-03,45121.0
Green,台電大樓,2023-01-03,30506.0
Green,古亭,2023-01-03,29278.0
Green,中正紀念堂,2023-01-03,20457.5
Green,小南門,2023-01-03,19144.0
Green,中山,2023-01-03,34280.5
Green,西門,2023-01-03,43594.0
Green,北門,2023-01-03,23505.0
Green,松江南京,2023-01-03,33618.5
Green,台北小巨蛋,2023-01-03,42696.0
Green,南京三民,2023-01-03,47296.0
Green,松山,2023-01-03,45880.0
Green,南京復興,2023-01-03,39307.5
Green,小碧潭,2023-01-04,6151.0
Green,新店,2023-01-04,22640.0
Green,新店區公所,2023-01-04,25188.0
Green,七張,2023-01-04,29886.0
Green,大坪林,2023-01-04,30699.0
Green,景美,2023-01-04,32932.0
Green,萬隆,2023-01-04,19483.0
Green,公館,2023-01-04,44872.0
Green,台電大樓,2023-01-04,30637.0
Green,古亭,2023-01-04,29722.0
Green,中正紀念堂,2023-01-04,20949.0
Green,小南門,2023-01-04,19592.0
Green,中山,2023-01-04,36464.0
Green,西門,2023-01-04,45573.5
Green,北門,2023-01-04,23640.0
Green,松江南京,2023-01-04,34639.5
Green,台北小巨蛋,2023-01-04,43772.0
Green,南京三民,2023-01-04,48010.0
Green,松山,2023-01-04,46899.0
Green,南京復興,2023-01-04,40208.5
Green,小碧潭,2023-01-05,6353.0
Green,新店,2023-01-05,22897.0
Green,新店區公所,2023-01-05,25468.0
Green,七張,2023-01-05,30107.0
Green,大坪林,2023-01-05,30391.0
Green,景美,2023-01-05,33020.0
Green,萬隆,2023-01-05,19561.0
Green,公館,2023-01-05,45619.0
Green,台電大樓,2023-01-05,30982.0
Green,古亭,2023-01-05,29942.0
Green,中正紀念堂,2023-01-05,20903.5
Green,小南門,2023-01-05,19062.0
Green,中山,2023-01-05,37819.0
Green,西門,2023-01-05,45809.0
Green,北門,2023-01-05,24727.0
Green,松江南京,2023-01-05,34917.5
Green,台北小巨蛋,2023-01-05,44467.0
Green,南京三民,2023-01-05,48694.0
Green,松山,2023-01-05,46479.0
Green,南京復興,2023-01-05,40813.0
Green,小碧潭,2023-01-06,6435.0
Green,新店,2023-01-06,23302.0
Green,新店區公所,2023-01-06,25895.0
Green,七張,2023-01-06,30849.0
Green,大坪林,2023-01-06,31825.0
Green,景美,2023-01-06,34457.0
Green,萬隆,2023-01-06,20171.0
Green,公館,2023-01-06,48804.0
Green,台電大樓,2023-01-06,32535.0
Green,古亭,2023-01-06,31205.5
Green,中正紀念堂,2023-01-06,21801.5
Green,小南門,2023-01-06,19395.0
Green,中山,2023-01-06,42276.0
Green,西門,2023-01-06,50471.5
Green,北門,2023-01-06,26860.0
Green,松江南京,2023-01-06,37065.5
Green,台北小巨蛋,2023-01-06,54164.0
Green,南京三民,2023-01-06,50247.0
Green,松山,2023-01-06,49550.0
Green,南京復興,2023-01-06,43505.0
Green,小碧潭,2023-01-07,6742.0
Green,新店,2023-01-07,23425.0
Green,新店區公所,2023-01-07,23642.0
Green,七張,2023-01-07,28457.0
Green,大坪林,2023-01-07,27409.5
Green,景美,2023-01-07,31224.0
Green,萬隆,2023-01-07,19019.0
Green,公館,2023-01-07,48983.0
Green,台電大樓,2023-01-07,31034.0
Green,古亭,2023-01-07,27638.5
Green,中正紀念堂,2023-01-07,20117.0
Green,小南門,2023-01-07,15387.0
Green,中山,2023-01-07,46607.0
Green,西門,2023-01-07,54399.5
Green,北門,2023-01-07,29377.0
Green,松江南京,2023-01-07,31613.0
Green,台北小巨蛋,2023-01-07,45432.0
Green,南京三民,2023-01-07,42603.0
Green,松山,2023-01-07,44140.0
Green,南京復興,2023-01-07,36405.0
Green,小碧潭,2023-01-08,6122.0
Green,新店,2023-01-08,19998.0
Green,新店區公所,2023-01-08,16246.0
Green,七張,2023-01-08,20226.0
Green,大坪林,2023-01-08,19009.0
Green,景美,2023-01-08,24947.0
Green,萬隆,2023-01-08,14900.0
Green,公館,2023-01-08,44275.0
Green,台電大樓,2023-01-08,22314.0
Green,古亭,2023-01-08,18654.5
Green,中正紀念堂,2023-01-08,12315.0
Green,小南門,2023-01-08,6755.0
Green,中山,2023-01-08,36086.5
Green,西門,2023-01-08,44048.5
Green,北門,2023-01-08,22795.0
Green,松江南京,2023-01-08,15068.5
Green,台北小巨蛋,2023-01-08,28664.0
Green,南京三民,2023-01-08,24353.0
Green,松山,2023-01-08,29237.0
Green,南京復興,2023-01-08,18662.0
Green,小碧潭,2023-01-09,5957.0
Green,新店,2023-01-09,22220.0
Green,新店區公所,2023-01-09,24563.0
Green,七張,2023-01-09,29145.0
Green,大坪林,2023-01-09,29782.5
Green,景美,2023-01-09,30925.0
Green,萬隆,2023-01-09,18577.0
Green,公館,2023-01-09,42632.0
Green,台電大樓,2023-01-09,29737.0
Green,古亭,2023-01-09,28408.5
Green,中正紀念堂,2023-01-09,19489.0
Green,小南門,2023-01-09,18229.0
Green,中山,2023-01-09,35606.0
Green,西門,2023-01-09,44029.5
Green,北門,2023-01-09,25015.0
Green,松江南京,2023-01-09,33246.0
Green,台北小巨蛋,2023-01-09,43296.0
Green,南京三民,2023-01-09,47174.0
Green,松山,2023-01-09,45545.0
Green,南京復興,2023-01-09,39806.0
Green,小碧潭,2023-01-10,6118.0
Green,新店,2023-01-10,22979.0
Green,新店區公所,2023-01-10,25314.0
Green,七張,2023-01-10,29445.0
Green,大坪林,2023-01-10,30774.5
Green,景美,2023-01-10,29927.0
Green,萬隆,2023-01-10,18985.0
Green,公館,2023-01-10,43924.0
Green,台電大樓,2023-01-10,30703.0
Green,古亭,2023-01-10,29753.5
Green,中正紀念堂,2023-01-10,21341.5
Green,小南門,2023-01-10,18506.0
Green,中山,2023-01-10,37656.5
Green,西門,2023-01-10,45494.0
Green,北門,2023-01-10,26795.0
Green,松江南京,2023-01-10,34568.5
Green,台北小巨蛋,2023-01-10,44186.0
Green,南京三民,2023-01-10,47868.0
Green,松山,2023-01-10,46535.0
Green,南京復興,2023-01-10,40906.0
Green,小碧潭,2023-01-11,6350.0
Green,新店,2023-01-11,22938.0
Green,新店區公所,2023-01-11,25399.0
Green,七張,2023-01-11,29724.0
Green,大坪林,2023-01-11,31092.5
Green,景美,2023-01-11,31684.0
Green,萬隆,2023-01-11,19464.0
Green,公館,2023-01-11,45198.0
Green,台電大樓,2023-01-11,31912.0
Green,古亭,2023-01-11,30094.5
Green,中正紀念堂,2023-01-11,20642.5
Green,小南門,2023-01-11,18582.0
Green,中山,2023-01-11,38732.5
Green,西門,2023-01-11,46487.0
Green,北門,2023-01-11,26364.0
Green,松江南京,2023-01-11,35080.5
Green,台北小巨蛋,2023-01-11,44364.0
Green,南京三民,2023-01-11,48274.0
Green,松山,2023-01-11,47706.0
Green,南京復興,2023-01-11,41019.0
Green,小碧潭,2023-01-12,6242.0
Green,新店,2023-01-12,23563.0
Green,新店區公所,2023-01-12,25651.0
Green,七張,2023-01-12,30215.0
Green,大坪林,2023-01-12,30461.5
Green,景美,2023-01-12,30653.0
Green,萬隆,2023-01-12,19217.0
Green,公館,2023-01-12,46093.0
Green,台電大樓,2023-01-12,31734.0
Green,古亭,2023-01-12,30277.5
Green,中正紀念堂,2023-01-12,21380.0
Green,小南門,2023-01-12,17918.0
Green,中山,2023-01-12,40160.0
Green,西門,2023-01-12,47126.0
Green,北門,2023-01-12,27031.0
Green,松江南京,2023-01-12,35523.0
Green,台北小巨蛋,2023-01-12,44856.0
Green,南京三民,2023-01-12,48579.0
Green,松山,2023-01-12,47569.0
Green,南京復興,2023-01-12,41758.0
Green,小碧潭,2023-01-13,6740.0
Green,新店,2023-01-13,24707.0
Green,新店區公所,2023-01-13,26044.0
Green,七張,2023-01-13,31362.0
Green,大坪林,2023-01-13,32643.5
Green,景美,2023-01-13,32340.0
Green,萬隆,2023-01-13,20599.0
Green,公館,2023-01-13,49608.0
Green,台電大樓,2023-01-13,33747.0
Green,古亭,2023-01-13,31477.5
Green,中正紀念堂,2023-01-13,22577.0
Green,小南門,2023-01-13,18573.0
Green,中山,2023-01-13,45722.0
Green,西門,2023-01-13,52117.5
Green,北門,2023-01-13,30241.0
Green,松江南京,2023-01-13,37585.5
Green,台北小巨蛋,2023-01-13,46005.0
Green,南京三民,2023-01-13,50154.0
Green,松山,2023-01-13,50175.0
Green,南京復興,2023-01-13,43885.0
Green,小碧潭,2023-01-14,6695.0
Green,新店,2023-01-14,22235.0
Green,新店區公所,2023-01-14,19724.0
Green,七張,2023-01-14,24456.0
Green,大坪林,2023-01-14,22726.0
Green,景美,2023-01-14,27636.0
Green,萬隆,2023-01-14,17382.0
Green,公館,2023-01-14,47891.0
Green,台電大樓,2023-01-14,28705.0
Green,古亭,2023-01-14,25267.0
Green,中正紀念堂,2023-01-14,17662.0
Green,小南門,2023-01-14,8602.0
Green,中山,2023-01-14,45997.0
Green,西門,2023-01-14,52443.5
Green,北門,2023-01-14,29154.0
Green,松江南京,2023-01-14,20658.0
Green,台北小巨蛋,2023-01-14,33800.0
Green,南京三民,2023-01-14,29683.0
Green,松山,2023-01-14,35277.0
Green,南京復興,2023-01-14,24594.0
Green,小碧潭,2023-01-15,6817.0
Green,新店,2023-01-15,18151.0
Green,新店區公所,2023-01-15,16512.0
Green,七張,2023-01-15,20682.0
Green,大坪林,2023-01-15,18578.5
Green,景美,2023-01-15,22340.0
Green,萬隆,2023-01-15,14755.0
Green,公館,2023-01-15,38482.0
Green,台電大樓,2023-01-15,22782.0
Green,古亭,2023-01-15,19221.0
Green,中正紀念堂,2023-01-15,12256.5
Green,小南門,2023-01-15,6444.0
Green,中山,2023-01-15,38820.0
Green,西門,2023-01-15,44192.5
Green,北門,2023-01-15,23291.0
Green,松江南京,2023-01-15,16456.0
Green,台北小巨蛋,2023-01-15,24765.0
Green,南京三民,2023-01-15,23795.0
Green,松山,2023-01-15,26796.0
Green,南京復興,2023-01-15,18624.5
Green,小碧潭,2023-01-16,6766.0
Green,新店,2023-01-16,22218.0
Green,新店區公所,2023-01-16,25256.0
Green,七張,2023-01-16,30242.0
Green,大坪林,2023-01-16,31474.5
Green,景美,2023-01-16,29663.0
Green,萬隆,2023-01-16,19526.0
Green,公館,2023-01-16,44008.0
Green,台電大樓,2023-01-16,31259.0
Green,古亭,2023-01-16,29390.5
Green,中正紀念堂,2023-01-16,20776.5
Green,小南門,2023-01-16,18634.0
Green,中山,2023-01-16,39569.5
Green,西門,2023-01-16,48148.5
Green,北門,2023-01-16,26937.0
Green,松江南京,2023-01-16,35497.0
Green,台北小巨蛋,2023-01-16,44320.0
Green,南京三民,2023-01-16,49345.0
Green,松山,2023-01-16,46415.0
Green,南京復興,2023-01-16,41303.0
Green,小碧潭,2023-01-17,6332.0
Green,新店,2023-01-17,22868.0
Green,新店區公所,2023-01-17,25119.0
Green,七張,2023-01-17,29960.0
Green,大坪林,2023-01-17,31048.5
Green,景美,2023-01-17,30485.0
Green,萬隆,2023-01-17,19761.0
Green,公館,2023-01-17,44798.0
Green,台電大樓,2023-01-17,31518.0
Green,古亭,2023-01-17,30380.0
Green,中正紀念堂,2023-01-17,21860.0
Green,小南門,2023-01-17,19077.0
Green,中山,2023-01-17,41334.0
Green,西門,2023-01-17,47680.5
Green,北門,2023-01-17,27811.0
Green,松江南京,2023-01-17,36369.5
Green,台北小巨蛋,2023-01-17,44638.0
Green,南京三民,2023-01-17,50057.0
Green,松山,2023-01-17,46719.0
Green,南京復興,2023-01-17,41929.0
Green,小碧潭,2023-01-18,6464.0
Green,新店,2023-01-18,22132.0
Green,新店區公所,2023-01-18,25211.0
Green,七張,2023-01-18,30179.0
Green,大坪林,2023-01-18,31237.0
Green,景美,2023-01-18,30571.0
Green,萬隆,2023-01-18,20433.0
Green,公館,2023-01-18,45341.0
Green,台電大樓,2023-01-18,31918.0
Green,古亭,2023-01-18,30404.0
Green,中正紀念堂,2023-01-18,20570.0
Green,小南門,2023-01-18,18462.0
Green,中山,2023-01-18,43401.5
Green,西門,2023-01-18,49876.0
Green,北門,2023-01-18,28168.0
Green,松江南京,2023-01-18,36802.5
Green,台北小巨蛋,2023-01-18,44481.0
Green,南京三民,2023-01-18,50284.0
Green,松山,2023-01-18,47292.0
Green,南京復興,2023-01-18,42108.5
Green,小碧潭,2023-01-19,7277.0
Green,新店,2023-01-19,22687.0
Green,新店區公所,2023-01-19,25146.0
Green,七張,2023-01-19,31341.0
Green,大坪林,2023-01-19,31089.5
Green,景美,2023-01-19,30799.0
Green,萬隆,2023-01-19,20388.0
Green,公館,2023-01-19,44301.0
Green,台電大樓,2023-01-19,30798.0
Green,古亭,2023-01-19,29056.5
Green,中正紀念堂,2023-01-19,20634.0
Green,小南門,2023-01-19,17315.0
Green,中山,2023-01-19,47414.5
Green,西門,2023-01-19,58406.5
Green,北門,2023-01-19,30378.0
Green,松江南京,2023-01-19,34055.5
Green,台北小巨蛋,2023-01-19,43644.0
Green,南京三民,2023-01-19,47422.0
Green,松山,2023-01-19,46573.0
Green,南京復興,2023-01-19,39605.0
Green,小碧潭,2023-01-20,3889.0
Green,新店,2023-01-20,13692.0
Green,新店區公所,2023-01-20,13269.0
Green,七張,2023-01-20,16610.0
Green,大坪林,2023-01-20,15259.5
Green,景美,2023-01-20,19112.0
Green,萬隆,2023-01-20,12376.0
Green,公館,2023-01-20,25541.0
Green,台電大樓,2023-01-20,16969.0
Green,古亭,2023-01-20,15027.5
Green,中正紀念堂,2023-01-20,8621.5
Green,小南門,2023-01-20,4521.0
Green,中山,2023-01-20,29231.0
Green,西門,2023-01-20,33992.0
Green,北門,2023-01-20,20537.0
Green,松江南京,2023-01-20,11437.5
Green,台北小巨蛋,2023-01-20,14199.0
Green,南京三民,2023-01-20,18686.0
Green,松山,2023-01-20,21350.0
Green,南京復興,2023-01-20,13457.5
Green,小碧潭,2023-01-21,2771.0
Green,新店,2023-01-21,10287.0
Green,新店區公所,2023-01-21,9274.0
Green,七張,2023-01-21,11138.0
Green,大坪林,2023-01-21,9792.5
Green,景美,2023-01-21,12304.0
Green,萬隆,2023-01-21,8611.0
Green,公館,2023-01-21,12377.0
Green,台電大樓,2023-01-21,9191.0
Green,古亭,2023-01-21,8571.0
Green,中正紀念堂,2023-01-21,5246.0
Green,小南門,2023-01-21,2732.0
Green,中山,2023-01-21,11657.0
Green,西門,2023-01-21,18130.5
Green,北門,2023-01-21,8169.0
Green,松江南京,2023-01-21,5742.0
Green,台北小巨蛋,2023-01-21,7617.0
Green,南京三民,2023-01-21,11350.0
Green,松山,2023-01-21,13165.0
Green,南京復興,2023-01-21,8042.5
Green,小碧潭,2023-01-22,5087.0
Green,新店,2023-01-22,22009.0
Green,新店區公所,2023-01-22,12849.0
Green,七張,2023-01-22,16158.0
Green,大坪林,2023-01-22,12592.5
Green,景美,2023-01-22,15689.0
Green,萬隆,2023-01-22,10896.0
Green,公館,2023-01-22,22423.0
Green,台電大樓,2023-01-22,11106.0
Green,古亭,2023-01-22,10597.0
Green,中正紀念堂,2023-01-22,10061.5
Green,小南門,2023-01-22,4535.0
Green,中山,2023-01-22,22208.0
Green,西門,2023-01-22,37313.5
Green,北門,2023-01-22,14337.0
Green,松江南京,2023-01-22,8343.5
Green,台北小巨蛋,2023-01-22,10949.0
Green,南京三民,2023-01-22,13790.0
Green,松山,2023-01-22,34615.0
Green,南京復興,2023-01-22,9868.5
Green,小碧潭,2023-01-23,5130.0
Green,新店,2023-01-23,18782.0
Green,新店區公所,2023-01-23,12645.0
Green,七張,2023-01-23,15586.0
Green,大坪林,2023-01-23,11968.0
Green,景美,2023-01-23,14810.0
Green,萬隆,2023-01-23,10415.0
Green,公館,2023-01-23,19416.0
Green,台電大樓,2023-01-23,10826.0
Green,古亭,2023-01-23,10219.0
Green,中正紀念堂,2023-01-23,8281.0
Green,小南門,2023-01-23,3925.0
Green,中山,2023-01-23,21430.5
Green,西門,2023-01-23,35233.5
Green,北門,2023-01-23,13904.0
Green,松江南京,2023-01-23,8798.5
Green,台北小巨蛋,2023-01-23,11048.0
Green,南京三民,2023-01-23,14257.0
Green,松山,2023-01-23,27178.0
Green,南京復興,2023-01-23,10843.5
Green,小碧潭,2023-01-24,5265.0
Green,新店,2023-01-24,14971.0
Green,新店區公所,2023-01-24,11696.0
Green,七張,2023-01-24,14682.0
Green,大坪林,2023-01-24,11230.0
Green,景美,2023-01-24,14089.0
Green,萬隆,2023-01-24,9370.0
Green,公館,2023-01-24,20587.0
Green,台電大樓,2023-01-24,10940.0
Green,古亭,2023-01-24,10500.0
Green,中正紀念堂,2023-01-24,7379.0
Green,小南門,2023-01-24,3870.0
Green,中山,2023-01-24,26517.0
Green,西門,2023-01-24,41213.5
Green,北門,2023-01-24,14936.0
Green,松江南京,2023-01-24,10979.5
Green,台北小巨蛋,2023-01-24,12261.0
Green,南京三民,2023-01-24,14070.0
Green,松山,2023-01-24,27766.0
Green,南京復興,2023-01-24,12348.5
Green,小碧潭,2023-01-25,5820.0
Green,新店,2023-01-25,20650.0
Green,新店區公所,2023-01-25,14224.0
Green,七張,2023-01-25,17012.0
Green,大坪林,2023-01-25,13196.0
Green,景美,2023-01-25,16822.0
Green,萬隆,2023-01-25,11139.0
Green,公館,2023-01-25,25961.0
Green,台電大樓,2023-01-25,13647.0
Green,古亭,2023-01-25,12017.0
Green,中正紀念堂,2023-01-25,9864.5
Green,小南門,2023-01-25,4688.0
Green,中山,2023-01-25,31099.5
Green,西門,2023-01-25,47392.5
Green,北門,2023-01-25,18266.0
Green,松江南京,2023-01-25,12009.5
Green,台北小巨蛋,2023-01-25,14441.0
Green,南京三民,2023-01-25,16183.0
Green,松山,2023-01-25,32847.0
Green,南京復興,2023-01-25,13666.5
Green,小碧潭,2023-01-26,6654.0
Green,新店,2023-01-26,25396.0
Green,新店區公所,2023-01-26,16346.0
Green,七張,2023-01-26,19775.0
Green,大坪林,2023-01-26,16235.5
Green,景美,2023-01-26,20362.0
Green,萬隆,2023-01-26,13356.0
Green,公館,2023-01-26,32512.0
Green,台電大樓,2023-01-26,16539.0
Green,古亭,2023-01-26,15351.5
Green,中正紀念堂,2023-01-26,11909.0
Green,小南門,2023-01-26,5867.0
Green,中山,2023-01-26,34942.5
Green,西門,2023-01-26,49149.5
Green,北門,2023-01-26,19837.0
Green,松江南京,2023-01-26,14010.5
Green,台北小巨蛋,2023-01-26,16553.0
Green,南京三民,2023-01-26,20052.0
Green,松山,2023-01-26,37129.0
Green,南京復興,2023-01-26,16223.5
Green,小碧潭,2023-01-27,6007.0
Green,新店,2023-01-27,18871.0
Green,新店區公所,2023-01-27,15789.0
Green,七張,2023-01-27,18377.0
Green,大坪林,2023-01-27,16743.5
Green,景美,2023-01-27,19527.0
Green,萬隆,2023-01-27,12818.0
Green,公館,2023-01-27,31526.0
Green,台電大樓,2023-01-27,17296.0
Green,古亭,2023-01-27,15859.0
Green,中正紀念堂,2023-01-27,9727.5
Green,小南門,2023-01-27,5491.0
Green,中山,2023-01-27,36486.0
Green,西門,2023-01-27,47928.5
Green,北門,2023-01-27,18212.0
Green,松江南京,2023-01-27,14586.5
Green,台北小巨蛋,2023-01-27,18116.0
Green,南京三民,2023-01-27,21048.0
Green,松山,2023-01-27,30263.0
Green,南京復興,2023-01-27,17103.0
Green,小碧潭,2023-01-28,5977.0
Green,新店,2023-01-28,19233.0
Green,新店區公所,2023-01-28,16481.0
Green,七張,2023-01-28,19907.0
Green,大坪林,2023-01-28,17158.5
Green,景美,2023-01-28,21146.0
Green,萬隆,2023-01-28,14235.0
Green,公館,2023-01-28,49527.0
Green,台電大樓,2023-01-28,24466.0
Green,古亭,2023-01-28,17587.5
Green,中正紀念堂,2023-01-28,10803.0
Green,小南門,2023-01-28,5759.0
Green,中山,2023-01-28,38300.5
Green,西門,2023-01-28,51778.5
Green,北門,2023-01-28,19363.0
Green,松江南京,2023-01-28,14340.0
Green,台北小巨蛋,2023-01-28,18331.0
Green,南京三民,2023-01-28,22131.0
Green,松山,2023-01-28,29563.0
Green,南京復興,2023-01-28,17726.0
Green,小碧潭,2023-01-29,6501.0
Green,新店,2023-01-29,20980.0
Green,新店區公所,2023-01-29,16098.0
Green,七張,2023-01-29,19512.0
Green,大坪林,2023-01-29,16643.0
Green,景美,2023-01-29,21236.0
Green,萬隆,2023-01-29,13588.0
Green,公館,2023-01-29,45926.0
Green,台電大樓,2023-01-29,22638.0
Green,古亭,2023-01-29,16410.0
Green,中正紀念堂,2023-01-29,11920.5
Green,小南門,2023-01-29,5728.0
Green,中山,2023-01-29,33498.0
Green,西門,2023-01-29,44662.0
Green,北門,2023-01-29,18296.0
Green,松江南京,2023-01-29,13210.5
Green,台北小巨蛋,2023-01-29,18032.0
Green,南京三民,2023-01-29,20802.0
Green,松山,2023-01-29,27650.0
Green,南京復興,2023-01-29,16196.5
Green,小碧潭,2023-01-30,6217.0
Green,新店,2023-01-30,22814.0
Green,新店區公所,2023-01-30,24094.0
Green,七張,2023-01-30,28103.0
Green,大坪林,2023-01-30,27628.5
Green,景美,2023-01-30,26966.0
Green,萬隆,2023-01-30,18578.0
Green,公館,2023-01-30,39325.0
Green,台電大樓,2023-01-30,27858.0
Green,古亭,2023-01-30,27807.5
Green,中正紀念堂,2023-01-30,18113.0
Green,小南門,2023-01-30,15403.0
Green,中山,2023-01-30,36079.0
Green,西門,2023-01-30,47279.5
Green,北門,2023-01-30,23432.0
Green,松江南京,2023-01-30,31738.5
Green,台北小巨蛋,2023-01-30,40447.0
Green,南京三民,2023-01-30,43720.0
Green,松山,2023-01-30,46977.0
Green,南京復興,2023-01-30,38707.5
Green,小碧潭,2023-01-31,6505.0
Green,新店,2023-01-31,24473.0
Green,新店區公所,2023-01-31,24611.0
Green,七張,2023-01-31,28911.0
Green,大坪林,2023-01-31,28970.5
Green,景美,2023-01-31,28380.0
Green,萬隆,2023-01-31,19231.0
Green,公館,2023-01-31,44625.0
Green,台電大樓,2023-01-31,29401.0
Green,古亭,2023-01-31,29380.0
Green,中正紀念堂,2023-01-31,19400.5
Green,小南門,2023-01-31,15749.0
Green,中山,2023-01-31,37552.0
Green,西門,2023-01-31,47626.5
Green,北門,2023-01-31,24612.0
Green,松江南京,2023-01-31,32371.0
Green,台北小巨蛋,2023-01-31,42454.0
Green,南京三民,2023-01-31,44913.0
Green,松山,2023-01-31,47179.0
Green,南京復興,2023-01-31,39597.5
Green,小碧潭,2023-02-01,6095.0
Green,新店,2023-02-01,24195.0
Green,新店區公所,2023-02-01,24931.0
Green,七張,2023-02-01,28948.0
Green,大坪林,2023-02-01,28917.5
Green,景美,2023-02-01,28599.0
Green,萬隆,2023-02-01,18960.0
Green,公館,2023-02-01,49506.0
Green,台電大樓,2023-02-01,29697.0
Green,古亭,2023-02-01,29501.0
Green,中正紀念堂,2023-02-01,20199.0
Green,小南門,2023-02-01,15535.0
Green,中山,2023-02-01,37586.0
Green,西門,2023-02-01,48150.0
Green,北門,2023-02-01,24872.0
Green,松江南京,2023-02-01,33169.5
Green,台北小巨蛋,2023-02-01,42764.0
Green,南京三民,2023-02-01,45344.0
Green,松山,2023-02-01,47171.0
Green,南京復興,2023-02-01,40275.5
Green,小碧潭,2023-02-02,5826.0
Green,新店,2023-02-02,22148.0
Green,新店區公所,2023-02-02,24043.0
Green,七張,2023-02-02,28315.0
Green,大坪林,2023-02-02,28685.0
Green,景美,2023-02-02,28327.0
Green,萬隆,2023-02-02,18737.0
Green,公館,2023-02-02,42457.0
Green,台電大樓,2023-02-02,29699.0
Green,古亭,2023-02-02,30036.5
Green,中正紀念堂,2023-02-02,19173.5
Green,小南門,2023-02-02,16590.0
Green,中山,2023-02-02,36944.5
Green,西門,2023-02-02,47654.0
Green,北門,2023-02-02,24071.0
Green,松江南京,2023-02-02,33360.5
Green,台北小巨蛋,2023-02-02,42661.0
Green,南京三民,2023-02-02,45255.0
Green,松山,2023-02-02,46407.0
Green,南京復興,2023-02-02,40260.0
Green,小碧潭,2023-02-03,6104.0
Green,新店,2023-02-03,23150.0
Green,新店區公所,2023-02-03,25396.0
Green,七張,2023-02-03,29343.0
Green,大坪林,2023-02-03,30307.0
Green,景美,2023-02-03,30058.0
Green,萬隆,2023-02-03,19535.0
Green,公館,2023-02-03,47581.0
Green,台電大樓,2023-02-03,31049.0
Green,古亭,2023-02-03,31627.0
Green,中正紀念堂,2023-02-03,20004.5
Green,小南門,2023-02-03,16659.0
Green,中山,2023-02-03,41665.0
Green,西門,2023-02-03,52403.0
Green,北門,2023-02-03,25556.0
Green,松江南京,2023-02-03,35339.0
Green,台北小巨蛋,2023-02-03,45928.0
Green,南京三民,2023-02-03,47027.0
Green,松山,2023-02-03,49404.0
Green,南京復興,2023-02-03,42662.5
Green,小碧潭,2023-02-04,6768.0
Green,新店,2023-02-04,23362.0
Green,新店區公所,2023-02-04,24108.0
Green,七張,2023-02-04,27852.0
Green,大坪林,2023-02-04,26815.0
Green,景美,2023-02-04,29040.0
Green,萬隆,2023-02-04,19040.0
Green,公館,2023-02-04,53095.0
Green,台電大樓,2023-02-04,30889.0
Green,古亭,2023-02-04,28011.5
Green,中正紀念堂,2023-02-04,19543.0
Green,小南門,2023-02-04,13524.0
Green,中山,2023-02-04,45921.5
Green,西門,2023-02-04,59379.5
Green,北門,2023-02-04,25886.0
Green,松江南京,2023-02-04,30886.5
Green,台北小巨蛋,2023-02-04,41449.0
Green,南京三民,2023-02-04,40609.0
Green,松山,2023-02-04,44932.0
Green,南京復興,2023-02-04,37231.5
Green,小碧潭,2023-02-05,6249.0
Green,新店,2023-02-05,17230.0
Green,新店區公所,2023-02-05,16057.0
Green,七張,2023-02-05,20034.0
Green,大坪林,2023-02-05,17782.5
Green,景美,2023-02-05,22376.0
Green,萬隆,2023-02-05,14571.0
Green,公館,2023-02-05,42673.0
Green,台電大樓,2023-02-05,22163.0
Green,古亭,2023-02-05,19122.0
Green,中正紀念堂,2023-02-05,11363.0
Green,小南門,2023-02-05,5802.0
Green,中山,2023-02-05,34846.5
Green,西門,2023-02-05,44979.5
Green,北門,2023-02-05,17674.0
Green,松江南京,2023-02-05,15441.5
Green,台北小巨蛋,2023-02-05,25195.0
Green,南京三民,2023-02-05,21845.0
Green,松山,2023-02-05,27658.0
Green,南京復興,2023-02-05,18851.5
Green,小碧潭,2023-02-06,6239.0
Green,新店,2023-02-06,21962.0
Green,新店區公所,2023-02-06,24687.0
Green,七張,2023-02-06,29038.0
Green,大坪林,2023-02-06,29036.5
Green,景美,2023-02-06,28368.0
Green,萬隆,2023-02-06,18744.0
Green,公館,2023-02-06,48653.0
Green,台電大樓,2023-02-06,29395.0
Green,古亭,2023-02-06,29471.5
Green,中正紀念堂,2023-02-06,18408.0
Green,小南門,2023-02-06,16013.0
Green,中山,2023-02-06,36867.0
Green,西門,2023-02-06,48973.0
Green,北門,2023-02-06,24246.0
Green,松江南京,2023-02-06,33935.5
Green,台北小巨蛋,2023-02-06,42284.0
Green,南京三民,2023-02-06,45753.0
Green,松山,2023-02-06,47507.0
Green,南京復興,2023-02-06,41277.5
Green,小碧潭,2023-02-07,6109.0
Green,新店,2023-02-07,22995.0
Green,新店區公所,2023-02-07,24951.0
Green,七張,2023-02-07,29249.0
Green,大坪林,2023-02-07,29770.0
Green,景美,2023-02-07,29091.0
Green,萬隆,2023-02-07,19274.0
Green,公館,2023-02-07,49645.0
Green,台電大樓,2023-02-07,30268.0
Green,古亭,2023-02-07,30315.0
Green,中正紀念堂,2023-02-07,19663.5
Green,小南門,2023-02-07,16716.0
Green,中山,2023-02-07,38634.5
Green,西門,2023-02-07,49824.5
Green,北門,2023-02-07,25176.0
Green,松江南京,2023-02-07,34604.0
Green,台北小巨蛋,2023-02-07,44142.0
Green,南京三民,2023-02-07,45884.0
Green,松山,2023-02-07,49088.0
Green,南京復興,2023-02-07,41817.0
Green,小碧潭,2023-02-08,6382.0
Green,新店,2023-02-08,23686.0
Green,新店區公所,2023-02-08,25343.0
Green,七張,2023-02-08,30035.0
Green,大坪林,2023-02-08,30724.5
Green,景美,2023-02-08,29956.0
Green,萬隆,2023-02-08,19588.0
Green,公館,2023-02-08,52173.0
Green,台電大樓,2023-02-08,30830.0
Green,古亭,2023-02-08,30778.5
Green,中正紀念堂,2023-02-08,20586.5
Green,小南門,2023-02-08,17225.0
Green,中山,2023-02-08,39965.0
Green,西門,2023-02-08,51194.5
Green,北門,2023-02-08,25961.0
Green,松江南京,2023-02-08,35432.0
Green,台北小巨蛋,2023-02-08,44546.0
Green,南京三民,2023-02-08,46828.0
Green,松山,2023-02-08,49445.0
Green,南京復興,2023-02-08,42025.0
Green,小碧潭,2023-02-09,6397.0
Green,新店,2023-02-09,24184.0
Green,新店區公所,2023-02-09,25933.0
Green,七張,2023-02-09,30262.0
Green,大坪林,2023-02-09,30592.0
Green,景美,2023-02-09,29747.0
Green,萬隆,2023-02-09,19517.0
Green,公館,2023-02-09,48220.0
Green,台電大樓,2023-02-09,31155.0
Green,古亭,2023-02-09,30866.0
Green,中正紀念堂,2023-02-09,20704.0
Green,小南門,2023-02-09,16879.0
Green,中山,2023-02-09,40009.5
Green,西門,2023-02-09,50945.5
Green,北門,2023-02-09,25393.0
Green,松江南京,2023-02-09,34775.0
Green,台北小巨蛋,2023-02-09,44474.0
Green,南京三民,2023-02-09,46906.0
Green,松山,2023-02-09,48857.0
Green,南京復興,2023-02-09,42492.5
Green,小碧潭,2023-02-10,7387.0
Green,新店,2023-02-10,24226.0
Green,新店區公所,2023-02-10,26897.0
Green,七張,2023-02-10,31297.0
Green,大坪林,2023-02-10,32133.0
Green,景美,2023-02-10,31340.0
Green,萬隆,2023-02-10,20469.0
Green,公館,2023-02-10,56060.0
Green,台電大樓,2023-02-10,33719.0
Green,古亭,2023-02-10,32735.0
Green,中正紀念堂,2023-02-10,21234.5
Green,小南門,2023-02-10,17190.0
Green,中山,2023-02-10,45233.5
Green,西門,2023-02-10,56768.0
Green,北門,2023-02-10,26379.0
Green,松江南京,2023-02-10,37269.0
Green,台北小巨蛋,2023-02-10,45333.0
Green,南京三民,2023-02-10,49062.0
Green,松山,2023-02-10,50690.0
Green,南京復興,2023-02-10,45122.0
Green,小碧潭,2023-02-11,7661.0
Green,新店,2023-02-11,25113.0
Green,新店區公所,2023-02-11,21168.0
Green,七張,2023-02-11,26603.0
Green,大坪林,2023-02-11,24076.0
Green,景美,2023-02-11,29654.0
Green,萬隆,2023-02-11,18371.0
Green,公館,2023-02-11,53021.0
Green,台電大樓,2023-02-11,28441.0
Green,古亭,2023-02-11,26810.5
Green,中正紀念堂,2023-02-11,20633.0
Green,小南門,2023-02-11,8888.0
Green,中山,2023-02-11,45846.5
Green,西門,2023-02-11,57707.5
Green,北門,2023-02-11,23977.0
Green,松江南京,2023-02-11,21194.0
Green,台北小巨蛋,2023-02-11,25739.0
Green,南京三民,2023-02-11,29473.0
Green,松山,2023-02-11,38625.0
Green,南京復興,2023-02-11,25997.5
Green,小碧潭,2023-02-12,7427.0
Green,新店,2023-02-12,23600.0
Green,新店區公所,2023-02-12,17389.0
Green,七張,2023-02-12,21528.0
Green,大坪林,2023-02-12,19290.5
Green,景美,2023-02-12,24368.0
Green,萬隆,2023-02-12,15419.0
Green,公館,2023-02-12,41854.0
Green,台電大樓,2023-02-12,23184.0
Green,古亭,2023-02-12,19667.0
Green,中正紀念堂,2023-02-12,19228.5
Green,小南門,2023-02-12,6693.0
Green,中山,2023-02-12,34757.0
Green,西門,2023-02-12,45516.0
Green,北門,2023-02-12,18649.0
Green,松江南京,2023-02-12,15466.0
Green,台北小巨蛋,2023-02-12,19388.0
Green,南京三民,2023-02-12,23432.0
Green,松山,2023-02-12,29975.0
Green,南京復興,2023-02-12,18833.5
Green,小碧潭,2023-02-13,6830.0
Green,新店,2023-02-13,23405.0
Green,新店區公所,2023-02-13,24305.0
Green,七張,2023-02-13,30628.0
Green,大坪林,2023-02-13,30386.0
Green,景美,2023-02-13,31991.0
Green,萬隆,2023-02-13,18909.0
Green,公館,2023-02-13,42837.0
Green,台電大樓,2023-02-13,29561.0
Green,古亭,2023-02-13,28316.5
Green,中正紀念堂,2023-02-13,22580.5
Green,小南門,2023-02-13,22418.0
Green,中山,2023-02-13,35040.0
Green,西門,2023-02-13,46104.0
Green,北門,2023-02-13,23298.0
Green,松江南京,2023-02-13,33974.5
Green,台北小巨蛋,2023-02-13,41808.0
Green,南京三民,2023-02-13,46494.0
Green,松山,2023-02-13,46610.0
Green,南京復興,2023-02-13,40557.0
Green,小碧潭,2023-02-14,6909.0
Green,新店,2023-02-14,22895.0
Green,新店區公所,2023-02-14,24745.0
Green,七張,2023-02-14,31338.0
Green,大坪林,2023-02-14,31405.0
Green,景美,2023-02-14,33015.0
Green,萬隆,2023-02-14,19451.0
Green,公館,2023-02-14,45350.0
Green,台電大樓,2023-02-14,31437.0
Green,古亭,2023-02-14,29821.0
Green,中正紀念堂,2023-02-14,21478.5
Green,小南門,2023-02-14,22030.0
Green,中山,2023-02-14,38309.0
Green,西門,2023-02-14,48977.0
Green,北門,2023-02-14,24588.0
Green,松江南京,2023-02-14,36124.5
Green,台北小巨蛋,2023-02-14,44645.0
Green,南京三民,2023-02-14,48532.0
Green,松山,2023-02-14,46904.0
Green,南京復興,2023-02-14,42873.5
Green,小碧潭,2023-02-15,6528.0
Green,新店,2023-02-15,23283.0
Green,新店區公所,2023-02-15,24791.0
Green,七張,2023-02-15,30713.0
Green,大坪林,2023-02-15,31620.5
Green,景美,2023-02-15,32963.0
Green,萬隆,2023-02-15,19388.0
Green,公館,2023-02-15,45504.0
Green,台電大樓,2023-02-15,30703.0
Green,古亭,2023-02-15,30289.5
Green,中正紀念堂,2023-02-15,22778.0
Green,小南門,2023-02-15,21751.0
Green,中山,2023-02-15,37004.5
Green,西門,2023-02-15,48609.5
Green,北門,2023-02-15,24247.0
Green,松江南京,2023-02-15,36005.0
Green,台北小巨蛋,2023-02-15,44980.0
Green,南京三民,2023-02-15,48727.0
Green,松山,2023-02-15,47894.0
Green,南京復興,2023-02-15,42048.0
Green,小碧潭,2023-02-16,6820.0
Green,新店,2023-02-16,24330.0
Green,新店區公所,2023-02-16,25298.0
Green,七張,2023-02-16,30929.0
Green,大坪林,2023-02-16,30981.0
Green,景美,2023-02-16,33359.0
Green,萬隆,2023-02-16,19745.0
Green,公館,2023-02-16,46473.0
Green,台電大樓,2023-02-16,31372.0
Green,古亭,2023-02-16,30370.0
Green,中正紀念堂,2023-02-16,23855.5
Green,小南門,2023-02-16,22547.0
Green,中山,2023-02-16,37308.0
Green,西門,2023-02-16,48612.5
Green,北門,2023-02-16,24570.0
Green,松江南京,2023-02-16,35632.5
Green,台北小巨蛋,2023-02-16,47235.0
Green,南京三民,2023-02-16,48117.0
Green,松山,2023-02-16,48062.0
Green,南京復興,2023-02-16,42131.5
Green,小碧潭,2023-02-17,7105.0
Green,新店,2023-02-17,26168.0
Green,新店區公所,2023-02-17,26417.0
Green,七張,2023-02-17,32990.0
Green,大坪林,2023-02-17,32473.0
Green,景美,2023-02-17,34497.0
Green,萬隆,2023-02-17,20722.0
Green,公館,2023-02-17,51854.0
Green,台電大樓,2023-02-17,33473.0
Green,古亭,2023-02-17,31394.5
Green,中正紀念堂,2023-02-17,26185.0
Green,小南門,2023-02-17,22401.0
Green,中山,2023-02-17,41931.0
Green,西門,2023-02-17,54223.5
Green,北門,2023-02-17,26145.0
Green,松江南京,2023-02-17,37513.5
Green,台北小巨蛋,2023-02-17,49754.0
Green,南京三民,2023-02-17,49829.0
Green,松山,2023-02-17,50979.0
Green,南京復興,2023-02-17,44158.0
Green,小碧潭,2023-02-18,7595.0
Green,新店,2023-02-18,27438.0
Green,新店區公所,2023-02-18,24953.0
Green,七張,2023-02-18,30746.0
Green,大坪林,2023-02-18,29473.0
Green,景美,2023-02-18,32867.0
Green,萬隆,2023-02-18,20279.0
Green,公館,2023-02-18,53505.0
Green,台電大樓,2023-02-18,32237.0
Green,古亭,2023-02-18,28188.5
Green,中正紀念堂,2023-02-18,26705.0
Green,小南門,2023-02-18,16894.0
Green,中山,2023-02-18,48025.5
Green,西門,2023-02-18,59360.0
Green,北門,2023-02-18,26903.0
Green,松江南京,2023-02-18,33423.0
Green,台北小巨蛋,2023-02-18,50586.0
Green,南京三民,2023-02-18,43266.0
Green,松山,2023-02-18,47267.0
Green,南京復興,2023-02-18,38014.0
Green,小碧潭,2023-02-19,6869.0
Green,新店,2023-02-19,20482.0
Green,新店區公所,2023-02-19,16581.0
Green,七張,2023-02-19,21156.0
Green,大坪林,2023-02-19,18853.0
Green,景美,2023-02-19,25131.0
Green,萬隆,2023-02-19,15410.0
Green,公館,2023-02-19,48185.0
Green,台電大樓,2023-02-19,24956.0
Green,古亭,2023-02-19,20893.5
Green,中正紀念堂,2023-02-19,16689.0
Green,小南門,2023-02-19,6976.0
Green,中山,2023-02-19,38319.5
Green,西門,2023-02-19,50494.5
Green,北門,2023-02-19,18398.0
Green,松江南京,2023-02-19,16740.0
Green,台北小巨蛋,2023-02-19,32700.0
Green,南京三民,2023-02-19,23326.0
Green,松山,2023-02-19,29599.0
Green,南京復興,2023-02-19,20282.0
Green,小碧潭,2023-02-20,6275.0
Green,新店,2023-02-20,22892.0
Green,新店區公所,2023-02-20,24462.0
Green,七張,2023-02-20,30204.0
Green,大坪林,2023-02-20,30033.5
Green,景美,2023-02-20,31864.0
Green,萬隆,2023-02-20,18813.0
Green,公館,2023-02-20,50923.0
Green,台電大樓,2023-02-20,29854.0
Green,古亭,2023-02-20,29592.0
Green,中正紀念堂,2023-02-20,20359.5
Green,小南門,2023-02-20,22125.0
Green,中山,2023-02-20,34864.0
Green,西門,2023-02-20,46462.0
Green,北門,2023-02-20,23634.0
Green,松江南京,2023-02-20,34298.5
Green,台北小巨蛋,2023-02-20,42754.0
Green,南京三民,2023-02-20,47574.0
Green,松山,2023-02-20,47192.0
Green,南京復興,2023-02-20,40781.0
Green,小碧潭,2023-02-21,6388.0
Green,新店,2023-02-21,23008.0
Green,新店區公所,2023-02-21,25263.0
Green,七張,2023-02-21,30656.0
Green,大坪林,2023-02-21,31196.5
Green,景美,2023-02-21,33117.0
Green,萬隆,2023-02-21,19671.0
Green,公館,2023-02-21,53721.0
Green,台電大樓,2023-02-21,32590.0
Green,古亭,2023-02-21,31873.5
Green,中正紀念堂,2023-02-21,21330.5
Green,小南門,2023-02-21,22689.0
Green,中山,2023-02-21,35973.5
Green,西門,2023-02-21,46800.0
Green,北門,2023-02-21,24498.0
Green,松江南京,2023-02-21,36299.0
Green,台北小巨蛋,2023-02-21,45357.0
Green,南京三民,2023-02-21,50209.0
Green,松山,2023-02-21,47236.0
Green,南京復興,2023-02-21,43128.5
Green,小碧潭,2023-02-22,6831.0
Green,新店,2023-02-22,23749.0
Green,新店區公所,2023-02-22,26077.0
Green,七張,2023-02-22,31254.0
Green,大坪林,2023-02-22,31594.0
Green,景美,2023-02-22,33864.0
Green,萬隆,2023-02-22,20053.0
Green,公館,2023-02-22,54309.0
Green,台電大樓,2023-02-22,32274.0
Green,古亭,2023-02-22,31872.0
Green,中正紀念堂,2023-02-22,21862.5
Green,小南門,2023-02-22,22314.0
Green,中山,2023-02-22,38311.0
Green,西門,2023-02-22,48130.0
Green,北門,2023-02-22,24895.0
Green,松江南京,2023-02-22,36489.0
Green,台北小巨蛋,2023-02-22,45690.0
Green,南京三民,2023-02-22,50034.0
Green,松山,2023-02-22,48302.0
Green,南京復興,2023-02-22,42968.0
Green,小碧潭,2023-02-23,7196.0
Green,新店,2023-02-23,24003.0
Green,新店區公所,2023-02-23,26107.0
Green,七張,2023-02-23,31507.0
Green,大坪林,2023-02-23,31618.5
Green,景美,2023-02-23,33548.0
Green,萬隆,2023-02-23,20251.0
Green,公館,2023-02-23,54668.0
Green,台電大樓,2023-02-23,32444.0
Green,古亭,2023-02-23,31674.0
Green,中正紀念堂,2023-02-23,21228.0
Green,小南門,2023-02-23,22072.0
Green,中山,2023-02-23,37588.5
Green,西門,2023-02-23,48027.5
Green,北門,2023-02-23,24793.0
Green,松江南京,2023-02-23,35802.0
Green,台北小巨蛋,2023-02-23,44329.0
Green,南京三民,2023-02-23,49962.0
Green,松山,2023-02-23,47931.0
Green,南京復興,2023-02-23,42694.5
Green,小碧潭,2023-02-24,6888.0
Green,新店,2023-02-24,24938.0
Green,新店區公所,2023-02-24,26426.0
Green,七張,2023-02-24,32795.0
Green,大坪林,2023-02-24,32667.5
Green,景美,2023-02-24,34994.0
Green,萬隆,2023-02-24,21042.0
Green,公館,2023-02-24,59500.0
Green,台電大樓,2023-02-24,34604.0
Green,古亭,2023-02-24,32689.0
Green,中正紀念堂,2023-02-24,22549.0
Green,小南門,2023-02-24,22618.0
Green,中山,2023-02-24,42210.0
Green,西門,2023-02-24,54398.0
Green,北門,2023-02-24,26736.0
Green,松江南京,2023-02-24,37705.0
Green,台北小巨蛋,2023-02-24,45494.0
Green,南京三民,2023-02-24,50935.0
Green,松山,2023-02-24,51274.0
Green,南京復興,2023-02-24,43955.0
Green,小碧潭,2023-02-25,7347.0
Green,新店,2023-02-25,20359.0
Green,新店區公所,2023-02-25,18747.0
Green,七張,2023-02-25,23070.0
Green,大坪林,2023-02-25,21297.5
Green,景美,2023-02-25,25087.0
Green,萬隆,2023-02-25,16248.0
Green,公館,2023-02-25,48449.0
Green,台電大樓,2023-02-25,26124.0
Green,古亭,2023-02-25,23066.0
Green,中正紀念堂,2023-02-25,14952.0
Green,小南門,2023-02-25,7609.0
Green,中山,2023-02-25,43064.0
Green,西門,2023-02-25,57201.5
Green,北門,2023-02-25,21784.0
Green,松江南京,2023-02-25,19311.0
Green,台北小巨蛋,2023-02-25,32101.0
Green,南京三民,2023-02-25,26981.0
Green,松山,2023-02-25,34801.0
Green,南京復興,2023-02-25,23520.5
Green,小碧潭,2023-02-26,7372.0
Green,新店,2023-02-26,21791.0
Green,新店區公所,2023-02-26,16152.0
Green,七張,2023-02-26,20731.0
Green,大坪林,2023-02-26,18334.0
Green,景美,2023-02-26,22834.0
Green,萬隆,2023-02-26,14144.0
Green,公館,2023-02-26,44221.0
Green,台電大樓,2023-02-26,22700.0
Green,古亭,2023-02-26,18212.5
Green,中正紀念堂,2023-02-26,14460.5
Green,小南門,2023-02-26,6442.0
Green,中山,2023-02-26,38719.5
Green,西門,2023-02-26,55764.0
Green,北門,2023-02-26,21950.0
Green,松江南京,2023-02-26,16199.5
Green,台北小巨蛋,2023-02-26,21177.0
Green,南京三民,2023-02-26,23210.0
Green,松山,2023-02-26,34959.0
Green,南京復興,2023-02-26,18812.5
Green,小碧潭,2023-02-27,8375.0
Green,新店,2023-02-27,29954.0
Green,新店區公所,2023-02-27,18914.0
Green,七張,2023-02-27,23236.0
Green,大坪林,2023-02-27,20644.0
Green,景美,2023-02-27,24504.0
Green,萬隆,2023-02-27,15676.0
Green,公館,2023-02-27,45586.0
Green,台電大樓,2023-02-27,22340.0
Green,古亭,2023-02-27,18898.0
Green,中正紀念堂,2023-02-27,14533.0
Green,小南門,2023-02-27,7432.0
Green,中山,2023-02-27,39874.0
Green,西門,2023-02-27,56917.5
Green,北門,2023-02-27,24048.0
Green,松江南京,2023-02-27,16557.0
Green,台北小巨蛋,2023-02-27,23839.0
Green,南京三民,2023-02-27,24361.0
Green,松山,2023-02-27,38081.0
Green,南京復興,2023-02-27,19847.0
Green,小碧潭,2023-02-28,7043.0
Green,新店,2023-02-28,25508.0
Green,新店區公所,2023-02-28,16880.0
Green,七張,2023-02-28,21328.0
Green,大坪林,2023-02-28,18503.0
Green,景美,2023-02-28,23412.0
Green,萬隆,2023-02-28,15210.0
Green,公館,2023-02-28,44495.0
Green,台電大樓,2023-02-28,20646.0
Green,古亭,2023-02-28,18177.5
Green,中正紀念堂,2023-02-28,12671.5
Green,小南門,2023-02-28,7254.0
Green,中山,2023-02-28,33473.5
Green,西門,2023-02-28,44462.0
Green,北門,2023-02-28,19585.0
Green,松江南京,2023-02-28,14357.0
Green,台北小巨蛋,2023-02-28,21050.0
Green,南京三民,2023-02-28,22080.0
Green,松山,2023-02-28,29260.0
Green,南京復興,2023-02-28,17307.5
Green,小碧潭,2023-03-01,6169.0
Green,新店,2023-03-01,23801.0
Green,新店區公所,2023-03-01,25508.0
Green,七張,2023-03-01,31585.0
Green,大坪林,2023-03-01,30814.5
Green,景美,2023-03-01,33397.0
Green,萬隆,2023-03-01,19586.0
Green,公館,2023-03-01,53973.0
Green,台電大樓,2023-03-01,30861.0
Green,古亭,2023-03-01,30069.5
Green,中正紀念堂,2023-03-01,21464.5
Green,小南門,2023-03-01,21622.0
Green,中山,2023-03-01,33649.0
Green,西門,2023-03-01,45008.5
Green,北門,2023-03-01,24059.0
Green,松江南京,2023-03-01,34112.0
Green,台北小巨蛋,2023-03-01,44400.0
Green,南京三民,2023-03-01,48008.0
Green,松山,2023-03-01,47701.0
Green,南京復興,2023-03-01,40523.5
Green,小碧潭,2023-03-02,6748.0
Green,新店,2023-03-02,23263.0
Green,新店區公所,2023-03-02,25555.0
Green,七張,2023-03-02,30387.0
Green,大坪林,2023-03-02,31078.5
Green,景美,2023-03-02,33191.0
Green,萬隆,2023-03-02,19426.0
Green,公館,2023-03-02,53837.0
Green,台電大樓,2023-03-02,31484.0
Green,古亭,2023-03-02,30803.5
Green,中正紀念堂,2023-03-02,21742.5
Green,小南門,2023-03-02,21729.0
Green,中山,2023-03-02,35361.0
Green,西門,2023-03-02,46518.5
Green,北門,2023-03-02,24793.0
Green,松江南京,2023-03-02,35490.5
Green,台北小巨蛋,2023-03-02,44750.0
Green,南京三民,2023-03-02,49088.0
Green,松山,2023-03-02,47517.0
Green,南京復興,2023-03-02,41210.0
Green,小碧潭,2023-03-03,7029.0
Green,新店,2023-03-03,25523.0
Green,新店區公所,2023-03-03,26584.0
Green,七張,2023-03-03,32421.0
Green,大坪林,2023-03-03,32785.0
Green,景美,2023-03-03,35719.0
Green,萬隆,2023-03-03,20480.0
Green,公館,2023-03-03,59609.0
Green,台電大樓,2023-03-03,34334.0
Green,古亭,2023-03-03,32372.5
Green,中正紀念堂,2023-03-03,22898.0
Green,小南門,2023-03-03,22715.0
Green,中山,2023-03-03,41595.0
Green,西門,2023-03-03,54406.0
Green,北門,2023-03-03,26588.0
Green,松江南京,2023-03-03,37508.5
Green,台北小巨蛋,2023-03-03,48402.0
Green,南京三民,2023-03-03,51198.0
Green,松山,2023-03-03,52327.0
Green,南京復興,2023-03-03,43808.0
Green,小碧潭,2023-03-04,7281.0
Green,新店,2023-03-04,23732.0
Green,新店區公所,2023-03-04,19632.0
Green,七張,2023-03-04,24503.0
Green,大坪林,2023-03-04,22526.5
Green,景美,2023-03-04,28617.0
Green,萬隆,2023-03-04,16945.0
Green,公館,2023-03-04,66241.0
Green,台電大樓,2023-03-04,29987.0
Green,古亭,2023-03-04,26094.0
Green,中正紀念堂,2023-03-04,17108.5
Green,小南門,2023-03-04,8897.0
Green,中山,2023-03-04,43681.5
Green,西門,2023-03-04,57654.5
Green,北門,2023-03-04,23457.0
Green,松江南京,2023-03-04,19397.0
Green,台北小巨蛋,2023-03-04,27692.0
Green,南京三民,2023-03-04,27907.0
Green,松山,2023-03-04,37534.0
Green,南京復興,2023-03-04,23955.0
Green,小碧潭,2023-03-05,6854.0
Green,新店,2023-03-05,23803.0
Green,新店區公所,2023-03-05,16482.0
Green,七張,2023-03-05,20887.0
Green,大坪林,2023-03-05,19210.0
Green,景美,2023-03-05,25120.0
Green,萬隆,2023-03-05,14805.0
Green,公館,2023-03-05,47507.0
Green,台電大樓,2023-03-05,24230.0
Green,古亭,2023-03-05,20241.0
Green,中正紀念堂,2023-03-05,14068.0
Green,小南門,2023-03-05,7193.0
Green,中山,2023-03-05,35494.0
Green,西門,2023-03-05,47079.0
Green,北門,2023-03-05,19323.0
Green,松江南京,2023-03-05,14420.0
Green,台北小巨蛋,2023-03-05,30721.0
Green,南京三民,2023-03-05,23516.0
Green,松山,2023-03-05,31006.0
Green,南京復興,2023-03-05,19288.0
Green,小碧潭,2023-03-06,6301.0
Green,新店,2023-03-06,23495.0
Green,新店區公所,2023-03-06,24661.0
Green,七張,2023-03-06,30164.0
Green,大坪林,2023-03-06,30086.5
Green,景美,2023-03-06,31967.0
Green,萬隆,2023-03-06,19038.0
Green,公館,2023-03-06,50820.0
Green,台電大樓,2023-03-06,30461.0
Green,古亭,2023-03-06,29509.5
Green,中正紀念堂,2023-03-06,19485.0
Green,小南門,2023-03-06,22573.0
Green,中山,2023-03-06,33642.0
Green,西門,2023-03-06,45619.5
Green,北門,2023-03-06,23959.0
Green,松江南京,2023-03-06,34471.0
Green,台北小巨蛋,2023-03-06,42097.0
Green,南京三民,2023-03-06,47331.0
Green,松山,2023-03-06,48157.0
Green,南京復興,2023-03-06,40601.0
Green,小碧潭,2023-03-07,6322.0
Green,新店,2023-03-07,24709.0
Green,新店區公所,2023-03-07,25414.0
Green,七張,2023-03-07,31030.0
Green,大坪林,2023-03-07,30947.5
Green,景美,2023-03-07,33872.0
Green,萬隆,2023-03-07,19406.0
Green,公館,2023-03-07,52783.0
Green,台電大樓,2023-03-07,31637.0
Green,古亭,2023-03-07,30851.5
Green,中正紀念堂,2023-03-07,21022.0
Green,小南門,2023-03-07,23052.0
Green,中山,2023-03-07,35440.5
Green,西門,2023-03-07,47181.0
Green,北門,2023-03-07,24392.0
Green,松江南京,2023-03-07,35272.5
Green,台北小巨蛋,2023-03-07,43306.0
Green,南京三民,2023-03-07,48901.0
Green,松山,2023-03-07,48630.0
Green,南京復興,2023-03-07,41655.5
Green,小碧潭,2023-03-08,6299.0
Green,新店,2023-03-08,25080.0
Green,新店區公所,2023-03-08,25815.0
Green,七張,2023-03-08,31091.0
Green,大坪林,2023-03-08,32367.5
Green,景美,2023-03-08,34130.0
Green,萬隆,2023-03-08,19555.0
Green,公館,2023-03-08,53711.0
Green,台電大樓,2023-03-08,32152.0
Green,古亭,2023-03-08,31686.5
Green,中正紀念堂,2023-03-08,21853.5
Green,小南門,2023-03-08,22742.0
Green,中山,2023-03-08,37206.0
Green,西門,2023-03-08,49091.0
Green,北門,2023-03-08,25479.0
Green,松江南京,2023-03-08,35710.5
Green,台北小巨蛋,2023-03-08,43366.0
Green,南京三民,2023-03-08,49652.0
Green,松山,2023-03-08,49609.0
Green,南京復興,2023-03-08,42535.5
Green,小碧潭,2023-03-09,6409.0
Green,新店,2023-03-09,24602.0
Green,新店區公所,2023-03-09,25369.0
Green,七張,2023-03-09,30730.0
Green,大坪林,2023-03-09,31190.5
Green,景美,2023-03-09,33567.0
Green,萬隆,2023-03-09,19543.0
Green,公館,2023-03-09,53118.0
Green,台電大樓,2023-03-09,32007.0
Green,古亭,2023-03-09,31214.0
Green,中正紀念堂,2023-03-09,21773.0
Green,小南門,2023-03-09,22207.0
Green,中山,2023-03-09,37557.5
Green,西門,2023-03-09,48481.0
Green,北門,2023-03-09,25247.0
Green,松江南京,2023-03-09,35648.0
Green,台北小巨蛋,2023-03-09,44263.0
Green,南京三民,2023-03-09,49592.0
Green,松山,2023-03-09,49090.0
Green,南京復興,2023-03-09,41723.0
Green,小碧潭,2023-03-10,6895.0
Green,新店,2023-03-10,25779.0
Green,新店區公所,2023-03-10,26786.0
Green,七張,2023-03-10,33061.0
Green,大坪林,2023-03-10,33677.0
Green,景美,2023-03-10,35412.0
Green,萬隆,2023-03-10,21263.0
Green,公館,2023-03-10,60425.0
Green,台電大樓,2023-03-10,34430.0
Green,古亭,2023-03-10,33276.0
Green,中正紀念堂,2023-03-10,22694.0
Green,小南門,2023-03-10,22864.0
Green,中山,2023-03-10,42588.5
Green,西門,2023-03-10,56275.5
Green,北門,2023-03-10,27862.0
Green,松江南京,2023-03-10,38042.0
Green,台北小巨蛋,2023-03-10,45239.0
Green,南京三民,2023-03-10,51361.0
Green,松山,2023-03-10,53234.0
Green,南京復興,2023-03-10,43999.0
Green,小碧潭,2023-03-11,7103.0
Green,新店,2023-03-11,26311.0
Green,新店區公所,2023-03-11,20441.0
Green,七張,2023-03-11,25910.0
Green,大坪林,2023-03-11,23495.0
Green,景美,2023-03-11,30040.0
Green,萬隆,2023-03-11,18030.0
Green,公館,2023-03-11,66252.0
Green,台電大樓,2023-03-11,29209.0
Green,古亭,2023-03-11,25491.0
Green,中正紀念堂,2023-03-11,15786.5
Green,小南門,2023-03-11,9227.0
Green,中山,2023-03-11,44310.5
Green,西門,2023-03-11,59868.0
Green,北門,2023-03-11,23886.0
Green,松江南京,2023-03-11,19232.5
Green,台北小巨蛋,2023-03-11,37577.0
Green,南京三民,2023-03-11,29396.0
Green,松山,2023-03-11,39111.0
Green,南京復興,2023-03-11,25153.5
Green,小碧潭,2023-03-12,6779.0
Green,新店,2023-03-12,23125.0
Green,新店區公所,2023-03-12,16627.0
Green,七張,2023-03-12,20946.0
Green,大坪林,2023-03-12,19190.0
Green,景美,2023-03-12,25129.0
Green,萬隆,2023-03-12,15221.0
Green,公館,2023-03-12,57633.0
Green,台電大樓,2023-03-12,24140.0
Green,古亭,2023-03-12,19753.5
Green,中正紀念堂,2023-03-12,12833.5
Green,小南門,2023-03-12,7052.0
Green,中山,2023-03-12,34055.5
Green,西門,2023-03-12,47441.5
Green,北門,2023-03-12,18561.0
Green,松江南京,2023-03-12,14650.5
Green,台北小巨蛋,2023-03-12,32712.0
Green,南京三民,2023-03-12,22878.0
Green,松山,2023-03-12,29374.0
Green,南京復興,2023-03-12,18616.0
Green,小碧潭,2023-03-13,6084.0
Green,新店,2023-03-13,22183.0
Green,新店區公所,2023-03-13,24630.0
Green,七張,2023-03-13,30249.0
Green,大坪林,2023-03-13,30475.0
Green,景美,2023-03-13,31564.0
Green,萬隆,2023-03-13,18660.0
Green,公館,2023-03-13,49345.0
Green,台電大樓,2023-03-13,30024.0
Green,古亭,2023-03-13,29227.5
Green,中正紀念堂,2023-03-13,19535.0
Green,小南門,2023-03-13,22478.0
Green,中山,2023-03-13,34600.0
Green,西門,2023-03-13,45987.5
Green,北門,2023-03-13,23961.0
Green,松江南京,2023-03-13,34495.0
Green,台北小巨蛋,2023-03-13,43004.0
Green,南京三民,2023-03-13,47897.0
Green,松山,2023-03-13,47142.0
Green,南京復興,2023-03-13,40983.5
Green,小碧潭,2023-03-14,6286.0
Green,新店,2023-03-14,23431.0
Green,新店區公所,2023-03-14,24968.0
Green,七張,2023-03-14,30656.0
Green,大坪林,2023-03-14,31390.5
Green,景美,2023-03-14,33430.0
Green,萬隆,2023-03-14,19612.0
Green,公館,2023-03-14,52537.0
Green,台電大樓,2023-03-14,31879.0
Green,古亭,2023-03-14,31387.5
Green,中正紀念堂,2023-03-14,21056.5
Green,小南門,2023-03-14,22895.0
Green,中山,2023-03-14,36137.5
Green,西門,2023-03-14,47700.5
Green,北門,2023-03-14,24590.0
Green,松江南京,2023-03-14,35473.0
Green,台北小巨蛋,2023-03-14,44805.0
Green,南京三民,2023-03-14,48691.0
Green,松山,2023-03-14,48548.0
Green,南京復興,2023-03-14,42042.0
Green,小碧潭,2023-03-15,6430.0
Green,新店,2023-03-15,24312.0
Green,新店區公所,2023-03-15,25937.0
Green,七張,2023-03-15,31285.0
Green,大坪林,2023-03-15,31964.5
Green,景美,2023-03-15,33491.0
Green,萬隆,2023-03-15,19874.0
Green,公館,2023-03-15,54003.0
Green,台電大樓,2023-03-15,32287.0
Green,古亭,2023-03-15,31233.0
Green,中正紀念堂,2023-03-15,20914.0
Green,小南門,2023-03-15,22692.0
Green,中山,2023-03-15,36656.5
Green,西門,2023-03-15,48660.5
Green,北門,2023-03-15,25408.0
Green,松江南京,2023-03-15,35382.0
Green,台北小巨蛋,2023-03-15,44712.0
Green,南京三民,2023-03-15,49468.0
Green,松山,2023-03-15,49782.0
Green,南京復興,2023-03-15,41927.5
Green,小碧潭,2023-03-16,6425.0
Green,新店,2023-03-16,24185.0
Green,新店區公所,2023-03-16,25194.0
Green,七張,2023-03-16,31174.0
Green,大坪林,2023-03-16,31223.0
Green,景美,2023-03-16,33270.0
Green,萬隆,2023-03-16,19574.0
Green,公館,2023-03-16,52973.0
Green,台電大樓,2023-03-16,32586.0
Green,古亭,2023-03-16,31068.0
Green,中正紀念堂,2023-03-16,21278.5
Green,小南門,2023-03-16,22148.0
Green,中山,2023-03-16,36612.0
Green,西門,2023-03-16,49248.0
Green,北門,2023-03-16,25495.0
Green,松江南京,2023-03-16,35885.0
Green,台北小巨蛋,2023-03-16,44805.0
Green,南京三民,2023-03-16,49055.0
Green,松山,2023-03-16,49030.0
Green,南京復興,2023-03-16,41733.5
Green,小碧潭,2023-03-17,7067.0
Green,新店,2023-03-17,25104.0
Green,新店區公所,2023-03-17,26418.0
Green,七張,2023-03-17,33136.0
Green,大坪林,2023-03-17,33082.5
Green,景美,2023-03-17,34787.0
Green,萬隆,2023-03-17,20893.0
Green,公館,2023-03-17,58561.0
Green,台電大樓,2023-03-17,34616.0
Green,古亭,2023-03-17,33039.0
Green,中正紀念堂,2023-03-17,22361.0
Green,小南門,2023-03-17,22457.0
Green,中山,2023-03-17,43092.0
Green,西門,2023-03-17,55946.0
Green,北門,2023-03-17,27622.0
Green,松江南京,2023-03-17,37667.0
Green,台北小巨蛋,2023-03-17,45788.0
Green,南京三民,2023-03-17,51519.0
Green,松山,2023-03-17,53032.0
Green,南京復興,2023-03-17,44103.5
Green,小碧潭,2023-03-18,6305.0
Green,新店,2023-03-18,22675.0
Green,新店區公所,2023-03-18,19145.0
Green,七張,2023-03-18,24196.0
Green,大坪林,2023-03-18,23244.5
Green,景美,2023-03-18,27337.0
Green,萬隆,2023-03-18,17058.0
Green,公館,2023-03-18,52876.0
Green,台電大樓,2023-03-18,27968.0
Green,古亭,2023-03-18,25396.0
Green,中正紀念堂,2023-03-18,15275.5
Green,小南門,2023-03-18,9384.0
Green,中山,2023-03-18,43885.5
Green,西門,2023-03-18,55665.5
Green,北門,2023-03-18,23239.0
Green,松江南京,2023-03-18,19165.0
Green,台北小巨蛋,2023-03-18,32238.0
Green,南京三民,2023-03-18,28875.0
Green,松山,2023-03-18,36808.0
Green,南京復興,2023-03-18,24954.0
Green,小碧潭,2023-03-19,6003.0
Green,新店,2023-03-19,21587.0
Green,新店區公所,2023-03-19,16315.0
Green,七張,2023-03-19,20555.0
Green,大坪林,2023-03-19,18522.5
Green,景美,2023-03-19,23958.0
Green,萬隆,2023-03-19,14620.0
Green,公館,2023-03-19,48346.0
Green,台電大樓,2023-03-19,24676.0
Green,古亭,2023-03-19,19339.0
Green,中正紀念堂,2023-03-19,12845.0
Green,小南門,2023-03-19,7291.0
Green,中山,2023-03-19,33404.5
Green,西門,2023-03-19,44617.0
Green,北門,2023-03-19,19710.0
Green,松江南京,2023-03-19,14377.0
Green,台北小巨蛋,2023-03-19,17536.0
Green,南京三民,2023-03-19,22746.0
Green,松山,2023-03-19,30046.0
Green,南京復興,2023-03-19,18130.0
Green,小碧潭,2023-03-20,5729.0
Green,新店,2023-03-20,22857.0
Green,新店區公所,2023-03-20,24147.0
Green,七張,2023-03-20,29875.0
Green,大坪林,2023-03-20,29817.5
Green,景美,2023-03-20,31531.0
Green,萬隆,2023-03-20,18880.0
Green,公館,2023-03-20,48858.0
Green,台電大樓,2023-03-20,29360.0
Green,古亭,2023-03-20,28916.5
Green,中正紀念堂,2023-03-20,19072.0
Green,小南門,2023-03-20,22073.0
Green,中山,2023-03-20,33836.5
Green,西門,2023-03-20,44947.5
Green,北門,2023-03-20,24181.0
Green,松江南京,2023-03-20,33830.0
Green,台北小巨蛋,2023-03-20,41317.0
Green,南京三民,2023-03-20,47460.0
Green,松山,2023-03-20,47223.0
Green,南京復興,2023-03-20,40078.5
Green,小碧潭,2023-03-21,6227.0
Green,新店,2023-03-21,23635.0
Green,新店區公所,2023-03-21,24897.0
Green,七張,2023-03-21,30727.0
Green,大坪林,2023-03-21,30356.5
Green,景美,2023-03-21,33528.0
Green,萬隆,2023-03-21,19449.0
Green,公館,2023-03-21,51550.0
Green,台電大樓,2023-03-21,31202.0
Green,古亭,2023-03-21,30468.0
Green,中正紀念堂,2023-03-21,21254.5
Green,小南門,2023-03-21,22293.0
Green,中山,2023-03-21,34714.0
Green,西門,2023-03-21,47093.0
Green,北門,2023-03-21,24896.0
Green,松江南京,2023-03-21,35080.5
Green,台北小巨蛋,2023-03-21,44241.0
Green,南京三民,2023-03-21,48698.0
Green,松山,2023-03-21,48526.0
Green,南京復興,2023-03-21,41320.0
Green,小碧潭,2023-03-22,6322.0
Green,新店,2023-03-22,23712.0
Green,新店區公所,2023-03-22,25175.0
Green,七張,2023-03-22,30843.0
Green,大坪林,2023-03-22,31248.0
Green,景美,2023-03-22,33312.0
Green,萬隆,2023-03-22,19811.0
Green,公館,2023-03-22,52594.0
Green,台電大樓,2023-03-22,31839.0
Green,古亭,2023-03-22,31104.0
Green,中正紀念堂,2023-03-22,21202.0
Green,小南門,2023-03-22,21605.0
Green,中山,2023-03-22,36186.0
Green,西門,2023-03-22,48041.5
Green,北門,2023-03-22,25229.0
Green,松江南京,2023-03-22,35968.0
Green,台北小巨蛋,2023-03-22,43644.0
Green,南京三民,2023-03-22,48983.0
Green,松山,2023-03-22,49047.0
Green,南京復興,2023-03-22,41484.5
Green,小碧潭,2023-03-23,6462.0
Green,新店,2023-03-23,23797.0
Green,新店區公所,2023-03-23,25127.0
Green,七張,2023-03-23,30456.0
Green,大坪林,2023-03-23,30677.5
Green,景美,2023-03-23,32813.0
Green,萬隆,2023-03-23,19343.0
Green,公館,2023-03-23,51721.0
Green,台電大樓,2023-03-23,32275.0
Green,古亭,2023-03-23,30697.5
Green,中正紀念堂,2023-03-23,21122.5
Green,小南門,2023-03-23,22003.0
Green,中山,2023-03-23,36889.0
Green,西門,2023-03-23,48415.5
Green,北門,2023-03-23,25654.0
Green,松江南京,2023-03-23,35853.5
Green,台北小巨蛋,2023-03-23,44054.0
Green,南京三民,2023-03-23,49655.0
Green,松山,2023-03-23,48844.0
Green,南京復興,2023-03-23,41687.5
Green,小碧潭,2023-03-24,6403.0
Green,新店,2023-03-24,24403.0
Green,新店區公所,2023-03-24,25331.0
Green,七張,2023-03-24,31455.0
Green,大坪林,2023-03-24,32156.0
Green,景美,2023-03-24,34127.0
Green,萬隆,2023-03-24,20198.0
Green,公館,2023-03-24,56127.0
Green,台電大樓,2023-03-24,33776.0
Green,古亭,2023-03-24,32238.0
Green,中正紀念堂,2023-03-24,22374.0
Green,小南門,2023-03-24,22080.0
Green,中山,2023-03-24,41282.0
Green,西門,2023-03-24,54791.0
Green,北門,2023-03-24,27070.0
Green,松江南京,2023-03-24,37267.0
Green,台北小巨蛋,2023-03-24,47990.0
Green,南京三民,2023-03-24,50879.0
Green,松山,2023-03-24,51650.0
Green,南京復興,2023-03-24,43965.5
Green,小碧潭,2023-03-25,7012.0
Green,新店,2023-03-25,24011.0
Green,新店區公所,2023-03-25,23197.0
Green,七張,2023-03-25,29191.0
Green,大坪林,2023-03-25,27499.0
Green,景美,2023-03-25,29572.0
Green,萬隆,2023-03-25,19530.0
Green,公館,2023-03-25,53776.0
Green,台電大樓,2023-03-25,32726.0
Green,古亭,2023-03-25,27936.5
Green,中正紀念堂,2023-03-25,20777.0
Green,小南門,2023-03-25,16475.0
Green,中山,2023-03-25,45126.5
Green,西門,2023-03-25,57661.0
Green,北門,2023-03-25,26034.0
Green,松江南京,2023-03-25,32257.5
Green,台北小巨蛋,2023-03-25,49036.0
Green,南京三民,2023-03-25,43448.0
Green,松山,2023-03-25,42332.0
Green,南京復興,2023-03-25,37443.5
Green,小碧潭,2023-03-26,5969.0
Green,新店,2023-03-26,17433.0
Green,新店區公所,2023-03-26,15572.0
Green,七張,2023-03-26,19338.0
Green,大坪林,2023-03-26,17607.0
Green,景美,2023-03-26,22589.0
Green,萬隆,2023-03-26,13820.0
Green,公館,2023-03-26,44101.0
Green,台電大樓,2023-03-26,23180.0
Green,古亭,2023-03-26,19028.5
Green,中正紀念堂,2023-03-26,11744.0
Green,小南門,2023-03-26,6621.0
Green,中山,2023-03-26,34166.5
Green,西門,2023-03-26,45906.0
Green,北門,2023-03-26,17219.0
Green,松江南京,2023-03-26,14638.5
Green,台北小巨蛋,2023-03-26,32214.0
Green,南京三民,2023-03-26,22034.0
Green,松山,2023-03-26,28179.0
Green,南京復興,2023-03-26,18689.5
Green,小碧潭,2023-03-27,6207.0
Green,新店,2023-03-27,22644.0
Green,新店區公所,2023-03-27,25095.0
Green,七張,2023-03-27,30155.0
Green,大坪林,2023-03-27,30595.0
Green,景美,2023-03-27,31549.0
Green,萬隆,2023-03-27,19193.0
Green,公館,2023-03-27,49475.0
Green,台電大樓,2023-03-27,30397.0
Green,古亭,2023-03-27,29558.5
Green,中正紀念堂,2023-03-27,19603.0
Green,小南門,2023-03-27,22255.0
Green,中山,2023-03-27,33692.0
Green,西門,2023-03-27,45751.0
Green,北門,2023-03-27,24180.0
Green,松江南京,2023-03-27,34643.0
Green,台北小巨蛋,2023-03-27,43307.0
Green,南京三民,2023-03-27,48630.0
Green,松山,2023-03-27,46020.0
Green,南京復興,2023-03-27,41323.5
Green,小碧潭,2023-03-28,6128.0
Green,新店,2023-03-28,23417.0
Green,新店區公所,2023-03-28,25322.0
Green,七張,2023-03-28,30617.0
Green,大坪林,2023-03-28,31039.0
Green,景美,2023-03-28,33283.0
Green,萬隆,2023-03-28,19498.0
Green,公館,2023-03-28,51032.0
Green,台電大樓,2023-03-28,30942.0
Green,古亭,2023-03-28,31119.0
Green,中正紀念堂,2023-03-28,21208.0
Green,小南門,2023-03-28,22379.0
Green,中山,2023-03-28,35791.5
Green,西門,2023-03-28,46914.5
Green,北門,2023-03-28,24964.0
Green,松江南京,2023-03-28,35517.0
Green,台北小巨蛋,2023-03-28,44440.0
Green,南京三民,2023-03-28,49736.0
Green,松山,2023-03-28,47404.0
Green,南京復興,2023-03-28,42136.5
Green,小碧潭,2023-03-29,6285.0
Green,新店,2023-03-29,24261.0
Green,新店區公所,2023-03-29,25562.0
Green,七張,2023-03-29,31078.0
Green,大坪林,2023-03-29,31701.0
Green,景美,2023-03-29,33717.0
Green,萬隆,2023-03-29,19965.0
Green,公館,2023-03-29,52822.0
Green,台電大樓,2023-03-29,31902.0
Green,古亭,2023-03-29,31145.5
Green,中正紀念堂,2023-03-29,20890.0
Green,小南門,2023-03-29,22297.0
Green,中山,2023-03-29,36894.5
Green,西門,2023-03-29,47472.5
Green,北門,2023-03-29,25410.0
Green,松江南京,2023-03-29,35415.5
Green,台北小巨蛋,2023-03-29,45129.0
Green,南京三民,2023-03-29,49458.0
Green,松山,2023-03-29,47464.0
Green,南京復興,2023-03-29,41798.5
Green,小碧潭,2023-03-30,6346.0
Green,新店,2023-03-30,23501.0
Green,新店區公所,2023-03-30,25411.0
Green,七張,2023-03-30,31100.0
Green,大坪林,2023-03-30,31167.5
Green,景美,2023-03-30,33191.0
Green,萬隆,2023-03-30,19971.0
Green,公館,2023-03-30,52595.0
Green,台電大樓,2023-03-30,32060.0
Green,古亭,2023-03-30,31244.0
Green,中正紀念堂,2023-03-30,20828.5
Green,小南門,2023-03-30,19273.0
Green,中山,2023-03-30,36693.0
Green,西門,2023-03-30,46182.5
Green,北門,2023-03-30,24920.0
Green,松江南京,2023-03-30,35434.0
Green,台北小巨蛋,2023-03-30,44095.0
Green,南京三民,2023-03-30,48911.0
Green,松山,2023-03-30,47230.0
Green,南京復興,2023-03-30,41498.0
Green,小碧潭,2023-03-31,6626.0
Green,新店,2023-03-31,25690.0
Green,新店區公所,2023-03-31,26885.0
Green,七張,2023-03-31,33196.0
Green,大坪林,2023-03-31,32692.0
Green,景美,2023-03-31,35141.0
Green,萬隆,2023-03-31,20874.0
Green,公館,2023-03-31,61249.0
Green,台電大樓,2023-03-31,33890.0
Green,古亭,2023-03-31,32823.0
Green,中正紀念堂,2023-03-31,20593.0
Green,小南門,2023-03-31,19058.0
Green,中山,2023-03-31,41612.5
Green,西門,2023-03-31,52529.5
Green,北門,2023-03-31,27026.0
Green,松江南京,2023-03-31,36635.0
Green,台北小巨蛋,2023-03-31,44980.0
Green,南京三民,2023-03-31,49804.0
Green,松山,2023-03-31,50937.0
Green,南京復興,2023-03-31,42726.0
Green,小碧潭,2023-04-01,6424.0
Green,新店,2023-04-01,20750.0
Green,新店區公所,2023-04-01,17096.0
Green,七張,2023-04-01,21436.0
Green,大坪林,2023-04-01,18866.5
Green,景美,2023-04-01,22719.0
Green,萬隆,2023-04-01,14828.0
Green,公館,2023-04-01,38870.0
Green,台電大樓,2023-04-01,22508.0
Green,古亭,2023-04-01,20521.0
Green,中正紀念堂,2023-04-01,11342.0
Green,小南門,2023-04-01,6605.0
Green,中山,2023-04-01,36241.0
Green,西門,2023-04-01,48117.5
Green,北門,2023-04-01,19109.0
Green,松江南京,2023-04-01,16696.5
Green,台北小巨蛋,2023-04-01,27608.0
Green,南京三民,2023-04-01,24139.0
Green,松山,2023-04-01,28596.0
Green,南京復興,2023-04-01,20332.0
Green,小碧潭,2023-04-02,7366.0
Green,新店,2023-04-02,32796.0
Green,新店區公所,2023-04-02,16625.0
Green,七張,2023-04-02,20491.0
Green,大坪林,2023-04-02,17015.5
Green,景美,2023-04-02,22692.0
Green,萬隆,2023-04-02,13856.0
Green,公館,2023-04-02,42318.0
Green,台電大樓,2023-04-02,21311.0
Green,古亭,2023-04-02,17058.0
Green,中正紀念堂,2023-04-02,12149.5
Green,小南門,2023-04-02,6860.0
Green,中山,2023-04-02,34172.5
Green,西門,2023-04-02,50848.0
Green,北門,2023-04-02,20988.0
Green,松江南京,2023-04-02,13929.5
Green,台北小巨蛋,2023-04-02,19194.0
Green,南京三民,2023-04-02,21073.0
Green,松山,2023-04-02,33332.0
Green,南京復興,2023-04-02,16997.5
Green,小碧潭,2023-04-03,7119.0
Green,新店,2023-04-03,36319.0
Green,新店區公所,2023-04-03,16901.0
Green,七張,2023-04-03,20397.0
Green,大坪林,2023-04-03,18202.0
Green,景美,2023-04-03,21847.0
Green,萬隆,2023-04-03,13409.0
Green,公館,2023-04-03,41848.0
Green,台電大樓,2023-04-03,20035.0
Green,古亭,2023-04-03,17071.5
Green,中正紀念堂,2023-04-03,10316.0
Green,小南門,2023-04-03,6529.0
Green,中山,2023-04-03,33737.5
Green,西門,2023-04-03,51777.0
Green,北門,2023-04-03,21680.0
Green,松江南京,2023-04-03,14365.0
Green,台北小巨蛋,2023-04-03,19106.0
Green,南京三民,2023-04-03,21330.0
Green,松山,2023-04-03,34456.0
Green,南京復興,2023-04-03,17436.5
Green,小碧潭,2023-04-04,6876.0
Green,新店,2023-04-04,32341.0
Green,新店區公所,2023-04-04,16292.0
Green,七張,2023-04-04,19985.0
Green,大坪林,2023-04-04,16752.0
Green,景美,2023-04-04,22240.0
Green,萬隆,2023-04-04,13937.0
Green,公館,2023-04-04,42145.0
Green,台電大樓,2023-04-04,19402.0
Green,古亭,2023-04-04,16609.5
Green,中正紀念堂,2023-04-04,10357.0
Green,小南門,2023-04-04,6439.0
Green,中山,2023-04-04,33927.5
Green,西門,2023-04-04,49049.0
Green,北門,2023-04-04,20230.0
Green,松江南京,2023-04-04,14059.0
Green,台北小巨蛋,2023-04-04,18926.0
Green,南京三民,2023-04-04,21064.0
Green,松山,2023-04-04,32516.0
Green,南京復興,2023-04-04,17377.0
Green,小碧潭,2023-04-05,5509.0
Green,新店,2023-04-05,21019.0
Green,新店區公所,2023-04-05,14491.0
Green,七張,2023-04-05,17710.0
Green,大坪林,2023-04-05,15220.0
Green,景美,2023-04-05,19483.0
Green,萬隆,2023-04-05,13120.0
Green,公館,2023-04-05,36565.0
Green,台電大樓,2023-04-05,19016.0
Green,古亭,2023-04-05,15544.5
Green,中正紀念堂,2023-04-05,8312.5
Green,小南門,2023-04-05,5611.0
Green,中山,2023-04-05,28313.0
Green,西門,2023-04-05,40235.5
Green,北門,2023-04-05,15811.0
Green,松江南京,2023-04-05,12882.0
Green,台北小巨蛋,2023-04-05,16130.0
Green,南京三民,2023-04-05,19832.0
Green,松山,2023-04-05,23849.0
Green,南京復興,2023-04-05,14496.0
Green,小碧潭,2023-04-06,6133.0
Green,新店,2023-04-06,23324.0
Green,新店區公所,2023-04-06,24582.0
Green,七張,2023-04-06,29572.0
Green,大坪林,2023-04-06,30253.0
Green,景美,2023-04-06,31542.0
Green,萬隆,2023-04-06,18820.0
Green,公館,2023-04-06,52412.0
Green,台電大樓,2023-04-06,30727.0
Green,古亭,2023-04-06,29976.0
Green,中正紀念堂,2023-04-06,20614.0
Green,小南門,2023-04-06,21484.0
Green,中山,2023-04-06,35721.5
Green,西門,2023-04-06,47839.0
Green,北門,2023-04-06,25151.0
Green,松江南京,2023-04-06,34286.5
Green,台北小巨蛋,2023-04-06,43134.0
Green,南京三民,2023-04-06,47682.0
Green,松山,2023-04-06,48151.0
Green,南京復興,2023-04-06,40163.0
Green,小碧潭,2023-04-07,6629.0
Green,新店,2023-04-07,24197.0
Green,新店區公所,2023-04-07,25546.0
Green,七張,2023-04-07,31544.0
Green,大坪林,2023-04-07,32445.0
Green,景美,2023-04-07,33758.0
Green,萬隆,2023-04-07,20077.0
Green,公館,2023-04-07,55070.0
Green,台電大樓,2023-04-07,34059.0
Green,古亭,2023-04-07,32378.0
Green,中正紀念堂,2023-04-07,22259.0
Green,小南門,2023-04-07,21860.0
Green,中山,2023-04-07,41618.5
Green,西門,2023-04-07,55817.5
Green,北門,2023-04-07,27169.0
Green,松江南京,2023-04-07,38026.0
Green,台北小巨蛋,2023-04-07,46163.0
Green,南京三民,2023-04-07,50258.0
Green,松山,2023-04-07,51639.0
Green,南京復興,2023-04-07,43919.5
Green,小碧潭,2023-04-08,6819.0
Green,新店,2023-04-08,26148.0
Green,新店區公所,2023-04-08,18425.0
Green,七張,2023-04-08,22852.0
Green,大坪林,2023-04-08,22057.0
Green,景美,2023-04-08,27135.0
Green,萬隆,2023-04-08,16768.0
Green,公館,2023-04-08,50901.0
Green,台電大樓,2023-04-08,28340.0
Green,古亭,2023-04-08,24333.5
Green,中正紀念堂,2023-04-08,15207.0
Green,小南門,2023-04-08,9843.0
Green,中山,2023-04-08,41325.5
Green,西門,2023-04-08,55869.5
Green,北門,2023-04-08,22605.0
Green,松江南京,2023-04-08,19549.0
Green,台北小巨蛋,2023-04-08,35266.0
Green,南京三民,2023-04-08,28459.0
Green,松山,2023-04-08,37189.0
Green,南京復興,2023-04-08,23758.5
Green,小碧潭,2023-04-09,6439.0
Green,新店,2023-04-09,25019.0
Green,新店區公所,2023-04-09,16138.0
Green,七張,2023-04-09,19472.0
Green,大坪林,2023-04-09,18091.5
Green,景美,2023-04-09,23017.0
Green,萬隆,2023-04-09,14276.0
Green,公館,2023-04-09,45740.0
Green,台電大樓,2023-04-09,22988.0
Green,古亭,2023-04-09,18774.5
Green,中正紀念堂,2023-04-09,12467.5
Green,小南門,2023-04-09,7971.0
Green,中山,2023-04-09,33122.0
Green,西門,2023-04-09,44595.5
Green,北門,2023-04-09,18208.0
Green,松江南京,2023-04-09,14410.5
Green,台北小巨蛋,2023-04-09,29788.0
Green,南京三民,2023-04-09,22927.0
Green,松山,2023-04-09,29302.0
Green,南京復興,2023-04-09,18287.0
Green,小碧潭,2023-04-10,6214.0
Green,新店,2023-04-10,23996.0
Green,新店區公所,2023-04-10,24694.0
Green,七張,2023-04-10,30301.0
Green,大坪林,2023-04-10,30549.0
Green,景美,2023-04-10,31905.0
Green,萬隆,2023-04-10,18974.0
Green,公館,2023-04-10,47704.0
Green,台電大樓,2023-04-10,29998.0
Green,古亭,2023-04-10,29078.0
Green,中正紀念堂,2023-04-10,19680.5
Green,小南門,2023-04-10,21998.0
Green,中山,2023-04-10,33678.0
Green,西門,2023-04-10,46054.0
Green,北門,2023-04-10,24860.0
Green,松江南京,2023-04-10,34253.5
Green,台北小巨蛋,2023-04-10,42037.0
Green,南京三民,2023-04-10,47628.0
Green,松山,2023-04-10,47308.0
Green,南京復興,2023-04-10,40767.0
Green,小碧潭,2023-04-11,6260.0
Green,新店,2023-04-11,24643.0
Green,新店區公所,2023-04-11,24943.0
Green,七張,2023-04-11,30993.0
Green,大坪林,2023-04-11,31151.5
Green,景美,2023-04-11,33226.0
Green,萬隆,2023-04-11,19620.0
Green,公館,2023-04-11,50296.0
Green,台電大樓,2023-04-11,31466.0
Green,古亭,2023-04-11,30646.0
Green,中正紀念堂,2023-04-11,20800.5
Green,小南門,2023-04-11,22347.0
Green,中山,2023-04-11,35620.0
Green,西門,2023-04-11,47575.5
Green,北門,2023-04-11,25641.0
Green,松江南京,2023-04-11,35111.0
Green,台北小巨蛋,2023-04-11,44083.0
Green,南京三民,2023-04-11,48571.0
Green,松山,2023-04-11,48901.0
Green,南京復興,2023-04-11,41816.5
Green,小碧潭,2023-04-12,6143.0
Green,新店,2023-04-12,25112.0
Green,新店區公所,2023-04-12,25450.0
Green,七張,2023-04-12,31068.0
Green,大坪林,2023-04-12,31621.0
Green,景美,2023-04-12,33686.0
Green,萬隆,2023-04-12,20138.0
Green,公館,2023-04-12,52505.0
Green,台電大樓,2023-04-12,31742.0
Green,古亭,2023-04-12,31423.0
Green,中正紀念堂,2023-04-12,21602.0
Green,小南門,2023-04-12,21834.0
Green,中山,2023-04-12,36596.5
Green,西門,2023-04-12,48642.5
Green,北門,2023-04-12,26199.0
Green,松江南京,2023-04-12,36451.0
Green,台北小巨蛋,2023-04-12,45690.0
Green,南京三民,2023-04-12,50044.0
Green,松山,2023-04-12,48637.0
Green,南京復興,2023-04-12,42484.5
Green,小碧潭,2023-04-13,6390.0
Green,新店,2023-04-13,24752.0
Green,新店區公所,2023-04-13,25075.0
Green,七張,2023-04-13,30784.0
Green,大坪林,2023-04-13,31130.0
Green,景美,2023-04-13,33245.0
Green,萬隆,2023-04-13,19322.0
Green,公館,2023-04-13,50858.0
Green,台電大樓,2023-04-13,32564.0
Green,古亭,2023-04-13,31205.0
Green,中正紀念堂,2023-04-13,22123.0
Green,小南門,2023-04-13,22207.0
Green,中山,2023-04-13,37130.0
Green,西門,2023-04-13,50498.5
Green,北門,2023-04-13,26078.0
Green,松江南京,2023-04-13,36080.0
Green,台北小巨蛋,2023-04-13,43908.0
Green,南京三民,2023-04-13,48993.0
Green,松山,2023-04-13,50529.0
Green,南京復興,2023-04-13,41878.0
Green,小碧潭,2023-04-14,6640.0
Green,新店,2023-04-14,27371.0
Green,新店區公所,2023-04-14,26134.0
Green,七張,2023-04-14,32244.0
Green,大坪林,2023-04-14,32734.0
Green,景美,2023-04-14,34486.0
Green,萬隆,2023-04-14,21141.0
Green,公館,2023-04-14,57558.0
Green,台電大樓,2023-04-14,34338.0
Green,古亭,2023-04-14,33033.5
Green,中正紀念堂,2023-04-14,22717.5
Green,小南門,2023-04-14,22484.0
Green,中山,2023-04-14,43448.0
Green,西門,2023-04-14,58287.5
Green,北門,2023-04-14,28948.0
Green,松江南京,2023-04-14,37931.0
Green,台北小巨蛋,2023-04-14,45712.0
Green,南京三民,2023-04-14,50231.0
Green,松山,2023-04-14,53593.0
Green,南京復興,2023-04-14,44162.5
Green,小碧潭,2023-04-15,6856.0
Green,新店,2023-04-15,23408.0
Green,新店區公所,2023-04-15,18421.0
Green,七張,2023-04-15,23054.0
Green,大坪林,2023-04-15,22004.0
Green,景美,2023-04-15,26888.0
Green,萬隆,2023-04-15,16401.0
Green,公館,2023-04-15,48124.0
Green,台電大樓,2023-04-15,27346.0
Green,古亭,2023-04-15,24241.5
Green,中正紀念堂,2023-04-15,14146.0
Green,小南門,2023-04-15,8120.0
Green,中山,2023-04-15,44005.5
Green,西門,2023-04-15,57085.0
Green,北門,2023-04-15,20870.0
Green,松江南京,2023-04-15,19721.0
Green,台北小巨蛋,2023-04-15,32753.0
Green,南京三民,2023-04-15,28943.0
Green,松山,2023-04-15,36258.0
Green,南京復興,2023-04-15,24860.0
Green,小碧潭,2023-04-16,6468.0
Green,新店,2023-04-16,28311.0
Green,新店區公所,2023-04-16,18434.0
Green,七張,2023-04-16,21293.0
Green,大坪林,2023-04-16,19008.0
Green,景美,2023-04-16,25696.0
Green,萬隆,2023-04-16,15145.0
Green,公館,2023-04-16,47771.0
Green,台電大樓,2023-04-16,24626.0
Green,古亭,2023-04-16,20193.5
Green,中正紀念堂,2023-04-16,13554.5
Green,小南門,2023-04-16,7823.0
Green,中山,2023-04-16,35298.5
Green,西門,2023-04-16,48871.5
Green,北門,2023-04-16,19421.0
Green,松江南京,2023-04-16,15810.0
Green,台北小巨蛋,2023-04-16,21284.0
Green,南京三民,2023-04-16,23186.0
Green,松山,2023-04-16,30130.0
Green,南京復興,2023-04-16,18298.5
Green,小碧潭,2023-04-17,6038.0
Green,新店,2023-04-17,24451.0
Green,新店區公所,2023-04-17,24563.0
Green,七張,2023-04-17,29793.0
Green,大坪林,2023-04-17,30044.0
Green,景美,2023-04-17,31517.0
Green,萬隆,2023-04-17,18743.0
Green,公館,2023-04-17,48305.0
Green,台電大樓,2023-04-17,29676.0
Green,古亭,2023-04-17,28717.5
Green,中正紀念堂,2023-04-17,19145.5
Green,小南門,2023-04-17,22087.0
Green,中山,2023-04-17,34189.0
Green,西門,2023-04-17,46360.0
Green,北門,2023-04-17,24608.0
Green,松江南京,2023-04-17,34050.0
Green,台北小巨蛋,2023-04-17,41219.0
Green,南京三民,2023-04-17,47280.0
Green,松山,2023-04-17,47164.0
Green,南京復興,2023-04-17,40398.0
Green,小碧潭,2023-04-18,6142.0
Green,新店,2023-04-18,25135.0
Green,新店區公所,2023-04-18,25185.0
Green,七張,2023-04-18,30270.0
Green,大坪林,2023-04-18,30565.0
Green,景美,2023-04-18,33797.0
Green,萬隆,2023-04-18,19222.0
Green,公館,2023-04-18,50417.0
Green,台電大樓,2023-04-18,31121.0
Green,古亭,2023-04-18,30489.0
Green,中正紀念堂,2023-04-18,20283.5
Green,小南門,2023-04-18,22989.0
Green,中山,2023-04-18,35677.0
Green,西門,2023-04-18,47654.0
Green,北門,2023-04-18,25657.0
Green,松江南京,2023-04-18,34662.0
Green,台北小巨蛋,2023-04-18,43465.0
Green,南京三民,2023-04-18,48457.0
Green,松山,2023-04-18,47809.0
Green,南京復興,2023-04-18,41792.5
Green,小碧潭,2023-04-19,6270.0
Green,新店,2023-04-19,22897.0
Green,新店區公所,2023-04-19,25460.0
Green,七張,2023-04-19,30448.0
Green,大坪林,2023-04-19,31054.5
Green,景美,2023-04-19,32249.0
Green,萬隆,2023-04-19,19922.0
Green,公館,2023-04-19,51399.0
Green,台電大樓,2023-04-19,31355.0
Green,古亭,2023-04-19,31679.5
Green,中正紀念堂,2023-04-19,20392.5
Green,小南門,2023-04-19,22364.0
Green,中山,2023-04-19,36325.5
Green,西門,2023-04-19,45658.5
Green,北門,2023-04-19,25155.0
Green,松江南京,2023-04-19,36247.0
Green,台北小巨蛋,2023-04-19,44297.0
Green,南京三民,2023-04-19,49265.0
Green,松山,2023-04-19,45852.0
Green,南京復興,2023-04-19,42786.5
Green,小碧潭,2023-04-20,6419.0
Green,新店,2023-04-20,22631.0
Green,新店區公所,2023-04-20,24646.0
Green,七張,2023-04-20,30316.0
Green,大坪林,2023-04-20,30544.5
Green,景美,2023-04-20,31917.0
Green,萬隆,2023-04-20,19558.0
Green,公館,2023-04-20,50036.0
Green,台電大樓,2023-04-20,31996.0
Green,古亭,2023-04-20,30929.5
Green,中正紀念堂,2023-04-20,20463.5
Green,小南門,2023-04-20,22273.0
Green,中山,2023-04-20,37141.0
Green,西門,2023-04-20,48314.0
Green,北門,2023-04-20,25438.0
Green,松江南京,2023-04-20,35986.5
Green,台北小巨蛋,2023-04-20,43743.0
Green,南京三民,2023-04-20,49828.0
Green,松山,2023-04-20,48762.0
Green,南京復興,2023-04-20,42623.5
Green,小碧潭,2023-04-21,6654.0
Green,新店,2023-04-21,25249.0
Green,新店區公所,2023-04-21,26375.0
Green,七張,2023-04-21,32111.0
Green,大坪林,2023-04-21,32759.0
Green,景美,2023-04-21,34880.0
Green,萬隆,2023-04-21,20663.0
Green,公館,2023-04-21,58212.0
Green,台電大樓,2023-04-21,34527.0
Green,古亭,2023-04-21,33089.0
Green,中正紀念堂,2023-04-21,22710.0
Green,小南門,2023-04-21,22755.0
Green,中山,2023-04-21,43328.5
Green,西門,2023-04-21,55649.5
Green,北門,2023-04-21,27400.0
Green,松江南京,2023-04-21,37785.0
Green,台北小巨蛋,2023-04-21,45311.0
Green,南京三民,2023-04-21,50841.0
Green,松山,2023-04-21,52426.0
Green,南京復興,2023-04-21,44714.0
Green,小碧潭,2023-04-22,6628.0
Green,新店,2023-04-22,32624.0
Green,新店區公所,2023-04-22,20103.0
Green,七張,2023-04-22,24662.0
Green,大坪林,2023-04-22,22869.5
Green,景美,2023-04-22,30045.0
Green,萬隆,2023-04-22,17724.0
Green,公館,2023-04-22,53745.0
Green,台電大樓,2023-04-22,30953.0
Green,古亭,2023-04-22,26782.0
Green,中正紀念堂,2023-04-22,15770.5
Green,小南門,2023-04-22,10099.0
Green,中山,2023-04-22,46333.5
Green,西門,2023-04-22,59952.0
Green,北門,2023-04-22,24274.0
Green,松江南京,2023-04-22,19976.0
Green,台北小巨蛋,2023-04-22,34128.0
Green,南京三民,2023-04-22,29361.0
Green,松山,2023-04-22,41556.0
Green,南京復興,2023-04-22,25315.5
Green,小碧潭,2023-04-23,6404.0
Green,新店,2023-04-23,29473.0
Green,新店區公所,2023-04-23,17084.0
Green,七張,2023-04-23,21418.0
Green,大坪林,2023-04-23,19497.5
Green,景美,2023-04-23,24597.0
Green,萬隆,2023-04-23,15048.0
Green,公館,2023-04-23,47971.0
Green,台電大樓,2023-04-23,23481.0
Green,古亭,2023-04-23,20172.5
Green,中正紀念堂,2023-04-23,14325.0
Green,小南門,2023-04-23,7929.0
Green,中山,2023-04-23,37425.0
Green,西門,2023-04-23,50758.0
Green,北門,2023-04-23,20769.0
Green,松江南京,2023-04-23,15452.0
Green,台北小巨蛋,2023-04-23,27847.0
Green,南京三民,2023-04-23,23623.0
Green,松山,2023-04-23,32930.0
Green,南京復興,2023-04-23,19533.0
Green,小碧潭,2023-04-24,6028.0
Green,新店,2023-04-24,22785.0
Green,新店區公所,2023-04-24,24653.0
Green,七張,2023-04-24,29785.0
Green,大坪林,2023-04-24,30046.5
Green,景美,2023-04-24,31121.0
Green,萬隆,2023-04-24,18790.0
Green,公館,2023-04-24,48176.0
Green,台電大樓,2023-04-24,30201.0
Green,古亭,2023-04-24,28981.0
Green,中正紀念堂,2023-04-24,19594.0
Green,小南門,2023-04-24,22225.0
Green,中山,2023-04-24,33566.0
Green,西門,2023-04-24,45814.0
Green,北門,2023-04-24,24441.0
Green,松江南京,2023-04-24,34663.0
Green,台北小巨蛋,2023-04-24,41773.0
Green,南京三民,2023-04-24,47794.0
Green,松山,2023-04-24,46987.0
Green,南京復興,2023-04-24,40290.0
Green,小碧潭,2023-04-25,6174.0
Green,新店,2023-04-25,24521.0
Green,新店區公所,2023-04-25,25062.0
Green,七張,2023-04-25,31063.0
Green,大坪林,2023-04-25,30382.5
Green,景美,2023-04-25,33433.0
Green,萬隆,2023-04-25,19410.0
Green,公館,2023-04-25,50904.0
Green,台電大樓,2023-04-25,31972.0
Green,古亭,2023-04-25,30376.5
Green,中正紀念堂,2023-04-25,21408.5
Green,小南門,2023-04-25,22562.0
Green,中山,2023-04-25,35330.5
Green,西門,2023-04-25,47863.0
Green,北門,2023-04-25,25551.0
Green,松江南京,2023-04-25,35263.5
Green,台北小巨蛋,2023-04-25,43010.0
Green,南京三民,2023-04-25,48821.0
Green,松山,2023-04-25,48143.0
Green,南京復興,2023-04-25,41628.5
Green,小碧潭,2023-04-26,6329.0
Green,新店,2023-04-26,23746.0
Green,新店區公所,2023-04-26,25433.0
Green,七張,2023-04-26,31145.0
Green,大坪林,2023-04-26,31237.0
Green,景美,2023-04-26,32809.0
Green,萬隆,2023-04-26,19711.0
Green,公館,2023-04-26,51055.0
Green,台電大樓,2023-04-26,31982.0
Green,古亭,2023-04-26,31043.0
Green,中正紀念堂,2023-04-26,21862.0
Green,小南門,2023-04-26,22515.0
Green,中山,2023-04-26,36504.0
Green,西門,2023-04-26,48126.5
Green,北門,2023-04-26,25237.0
Green,松江南京,2023-04-26,35826.0
Green,台北小巨蛋,2023-04-26,43542.0
Green,南京三民,2023-04-26,49304.0
Green,松山,2023-04-26,48774.0
Green,南京復興,2023-04-26,42658.5
Green,小碧潭,2023-04-27,6242.0
Green,新店,2023-04-27,25557.0
Green,新店區公所,2023-04-27,25859.0
Green,七張,2023-04-27,30781.0
Green,大坪林,2023-04-27,31247.0
Green,景美,2023-04-27,33355.0
Green,萬隆,2023-04-27,19899.0
Green,公館,2023-04-27,52082.0
Green,台電大樓,2023-04-27,33143.0
Green,古亭,2023-04-27,31456.0
Green,中正紀念堂,2023-04-27,22476.0
Green,小南門,2023-04-27,23044.0
Green,中山,2023-04-27,37197.5
Green,西門,2023-04-27,48467.5
Green,北門,2023-04-27,26411.0
Green,松江南京,2023-04-27,36088.0
Green,台北小巨蛋,2023-04-27,43508.0
Green,南京三民,2023-04-27,49604.0
Green,松山,2023-04-27,49525.0
Green,南京復興,2023-04-27,42618.0
Green,小碧潭,2023-04-28,6598.0
Green,新店,2023-04-28,27305.0
Green,新店區公所,2023-04-28,26603.0
Green,七張,2023-04-28,32684.0
Green,大坪林,2023-04-28,33029.5
Green,景美,2023-04-28,35095.0
Green,萬隆,2023-04-28,20900.0
Green,公館,2023-04-28,59606.0
Green,台電大樓,2023-04-28,34877.0
Green,古亭,2023-04-28,32776.5
Green,中正紀念堂,2023-04-28,23341.5
Green,小南門,2023-04-28,23322.0
Green,中山,2023-04-28,42814.5
Green,西門,2023-04-28,56419.0
Green,北門,2023-04-28,28233.0
Green,松江南京,2023-04-28,38090.0
Green,台北小巨蛋,2023-04-28,44409.0
Green,南京三民,2023-04-28,50924.0
Green,松山,2023-04-28,52326.0
Green,南京復興,2023-04-28,44767.0
Green,小碧潭,2023-04-29,6963.0
Green,新店,2023-04-29,29527.0
Green,新店區公所,2023-04-29,19410.0
Green,七張,2023-04-29,24673.0
Green,大坪林,2023-04-29,22337.0
Green,景美,2023-04-29,28235.0
Green,萬隆,2023-04-29,17219.0
Green,公館,2023-04-29,54953.0
Green,台電大樓,2023-04-29,28328.0
Green,古亭,2023-04-29,24287.5
Green,中正紀念堂,2023-04-29,17821.5
Green,小南門,2023-04-29,9862.0
Green,中山,2023-04-29,42764.0
Green,西門,2023-04-29,58191.0
Green,北門,2023-04-29,23682.0
Green,松江南京,2023-04-29,19265.0
Green,台北小巨蛋,2023-04-29,24672.0
Green,南京三民,2023-04-29,27877.0
Green,松山,2023-04-29,37616.0
Green,南京復興,2023-04-29,24171.0
Green,小碧潭,2023-04-30,6988.0
Green,新店,2023-04-30,26915.0
Green,新店區公所,2023-04-30,16674.0
Green,七張,2023-04-30,20824.0
Green,大坪林,2023-04-30,18512.5
Green,景美,2023-04-30,24320.0
Green,萬隆,2023-04-30,14877.0
Green,公館,2023-04-30,49427.0
Green,台電大樓,2023-04-30,23931.0
Green,古亭,2023-04-30,19698.5
Green,中正紀念堂,2023-04-30,14713.0
Green,小南門,2023-04-30,7734.0
Green,中山,2023-04-30,37271.0
Green,西門,2023-04-30,52398.5
Green,北門,2023-04-30,21133.0
Green,松江南京,2023-04-30,15564.0
Green,台北小巨蛋,2023-04-30,27431.0
Green,南京三民,2023-04-30,23559.0
Green,松山,2023-04-30,33231.0
Green,南京復興,2023-04-30,20064.5
Green,小碧潭,2023-05-01,6479.0
Green,新店,2023-05-01,25051.0
Green,新店區公所,2023-05-01,19328.0
Green,七張,2023-05-01,23187.0
Green,大坪林,2023-05-01,21404.5
Green,景美,2023-05-01,27493.0
Green,萬隆,2023-05-01,15726.0
Green,公館,2023-05-01,45868.0
Green,台電大樓,2023-05-01,22215.0
Green,古亭,2023-05-01,21400.5
Green,中正紀念堂,2023-05-01,16360.5
Green,小南門,2023-05-01,15661.0
Green,中山,2023-05-01,31547.0
Green,西門,2023-05-01,44701.5
Green,北門,2023-05-01,21269.0
Green,松江南京,2023-05-01,17544.5
Green,台北小巨蛋,2023-05-01,20466.0
Green,南京三民,2023-05-01,27258.0
Green,松山,2023-05-01,30295.0
Green,南京復興,2023-05-01,20481.0
Green,小碧潭,2023-05-02,5921.0
Green,新店,2023-05-02,23825.0
Green,新店區公所,2023-05-02,24957.0
Green,七張,2023-05-02,30553.0
Green,大坪林,2023-05-02,30421.5
Green,景美,2023-05-02,32705.0
Green,萬隆,2023-05-02,19047.0
Green,公館,2023-05-02,49617.0
Green,台電大樓,2023-05-02,30420.0
Green,古亭,2023-05-02,30275.5
Green,中正紀念堂,2023-05-02,21350.5
Green,小南門,2023-05-02,22666.0
Green,中山,2023-05-02,34918.5
Green,西門,2023-05-02,46497.5
Green,北門,2023-05-02,26266.0
Green,松江南京,2023-05-02,34817.0
Green,台北小巨蛋,2023-05-02,43012.0
Green,南京三民,2023-05-02,48468.0
Green,松山,2023-05-02,48556.0
Green,南京復興,2023-05-02,41148.5
Green,小碧潭,2023-05-03,6239.0
Green,新店,2023-05-03,24154.0
Green,新店區公所,2023-05-03,24935.0
Green,七張,2023-05-03,30673.0
Green,大坪林,2023-05-03,30947.5
Green,景美,2023-05-03,32549.0
Green,萬隆,2023-05-03,19337.0
Green,公館,2023-05-03,51023.0
Green,台電大樓,2023-05-03,31584.0
Green,古亭,2023-05-03,31021.0
Green,中正紀念堂,2023-05-03,22262.5
Green,小南門,2023-05-03,22881.0
Green,中山,2023-05-03,37154.0
Green,西門,2023-05-03,49318.5
Green,北門,2023-05-03,26873.0
Green,松江南京,2023-05-03,35858.5
Green,台北小巨蛋,2023-05-03,44451.0
Green,南京三民,2023-05-03,49264.0
Green,松山,2023-05-03,49347.0
Green,南京復興,2023-05-03,42511.5
Green,小碧潭,2023-05-04,6333.0
Green,新店,2023-05-04,24622.0
Green,新店區公所,2023-05-04,25167.0
Green,七張,2023-05-04,30767.0
Green,大坪林,2023-05-04,30909.5
Green,景美,2023-05-04,32260.0
Green,萬隆,2023-05-04,19635.0
Green,公館,2023-05-04,51024.0
Green,台電大樓,2023-05-04,32254.0
Green,古亭,2023-05-04,31830.5
Green,中正紀念堂,2023-05-04,21926.5
Green,小南門,2023-05-04,22488.0
Green,中山,2023-05-04,37441.5
Green,西門,2023-05-04,49751.0
Green,北門,2023-05-04,27181.0
Green,松江南京,2023-05-04,36728.0
Green,台北小巨蛋,2023-05-04,44230.0
Green,南京三民,2023-05-04,49385.0
Green,松山,2023-05-04,50515.0
Green,南京復興,2023-05-04,42936.5
Green,小碧潭,2023-05-05,6607.0
Green,新店,2023-05-05,25865.0
Green,新店區公所,2023-05-05,26092.0
Green,七張,2023-05-05,32816.0
Green,大坪林,2023-05-05,32716.5
Green,景美,2023-05-05,33872.0
Green,萬隆,2023-05-05,20627.0
Green,公館,2023-05-05,57683.0
Green,台電大樓,2023-05-05,34657.0
Green,古亭,2023-05-05,33731.5
Green,中正紀念堂,2023-05-05,22969.0
Green,小南門,2023-05-05,22711.0
Green,中山,2023-05-05,43778.0
Green,西門,2023-05-05,57126.0
Green,北門,2023-05-05,28683.0
Green,松江南京,2023-05-05,38405.0
Green,台北小巨蛋,2023-05-05,45937.0
Green,南京三民,2023-05-05,51132.0
Green,松山,2023-05-05,53049.0
Green,南京復興,2023-05-05,45348.5
Green,小碧潭,2023-05-06,6721.0
Green,新店,2023-05-06,26298.0
Green,新店區公所,2023-05-06,19637.0
Green,七張,2023-05-06,24700.0
Green,大坪林,2023-05-06,22761.5
Green,景美,2023-05-06,27892.0
Green,萬隆,2023-05-06,17100.0
Green,公館,2023-05-06,54227.0
Green,台電大樓,2023-05-06,28247.0
Green,古亭,2023-05-06,26835.0
Green,中正紀念堂,2023-05-06,20654.0
Green,小南門,2023-05-06,10318.0
Green,中山,2023-05-06,44780.0
Green,西門,2023-05-06,56845.0
Green,北門,2023-05-06,23198.0
Green,松江南京,2023-05-06,21039.0
Green,台北小巨蛋,2023-05-06,33392.0
Green,南京三民,2023-05-06,28822.0
Green,松山,2023-05-06,36592.0
Green,南京復興,2023-05-06,25447.5
Green,小碧潭,2023-05-07,6619.0
Green,新店,2023-05-07,21987.0
Green,新店區公所,2023-05-07,15269.0
Green,七張,2023-05-07,19703.0
Green,大坪林,2023-05-07,18067.0
Green,景美,2023-05-07,23528.0
Green,萬隆,2023-05-07,14337.0
Green,公館,2023-05-07,42492.0
Green,台電大樓,2023-05-07,22554.0
Green,古亭,2023-05-07,19675.0
Green,中正紀念堂,2023-05-07,11866.0
Green,小南門,2023-05-07,6177.0
Green,中山,2023-05-07,33706.5
Green,西門,2023-05-07,41863.5
Green,北門,2023-05-07,16641.0
Green,松江南京,2023-05-07,15452.0
Green,台北小巨蛋,2023-05-07,28349.0
Green,南京三民,2023-05-07,22201.0
Green,松山,2023-05-07,25661.0
Green,南京復興,2023-05-07,19239.5
Green,小碧潭,2023-05-08,6170.0
Green,新店,2023-05-08,21743.0
Green,新店區公所,2023-05-08,24716.0
Green,七張,2023-05-08,30573.0
Green,大坪林,2023-05-08,30416.5
Green,景美,2023-05-08,31384.0
Green,萬隆,2023-05-08,18955.0
Green,公館,2023-05-08,46865.0
Green,台電大樓,2023-05-08,30124.0
Green,古亭,2023-05-08,29992.5
Green,中正紀念堂,2023-05-08,20207.0
Green,小南門,2023-05-08,22645.0
Green,中山,2023-05-08,34086.5
Green,西門,2023-05-08,46712.5
Green,北門,2023-05-08,24948.0
Green,松江南京,2023-05-08,34884.0
Green,台北小巨蛋,2023-05-08,42814.0
Green,南京三民,2023-05-08,48233.0
Green,松山,2023-05-08,46415.0
Green,南京復興,2023-05-08,41819.5
Green,小碧潭,2023-05-09,6063.0
Green,新店,2023-05-09,24041.0
Green,新店區公所,2023-05-09,24939.0
Green,七張,2023-05-09,31196.0
Green,大坪林,2023-05-09,30754.0
Green,景美,2023-05-09,33254.0
Green,萬隆,2023-05-09,19154.0
Green,公館,2023-05-09,50139.0
Green,台電大樓,2023-05-09,31909.0
Green,古亭,2023-05-09,30796.5
Green,中正紀念堂,2023-05-09,20719.5
Green,小南門,2023-05-09,22482.0
Green,中山,2023-05-09,35174.5
Green,西門,2023-05-09,46465.0
Green,北門,2023-05-09,25678.0
Green,松江南京,2023-05-09,34910.0
Green,台北小巨蛋,2023-05-09,43252.0
Green,南京三民,2023-05-09,48300.0
Green,松山,2023-05-09,48751.0
Green,南京復興,2023-05-09,41414.0
Green,小碧潭,2023-05-10,6271.0
Green,新店,2023-05-10,24578.0
Green,新店區公所,2023-05-10,25730.0
Green,七張,2023-05-10,31103.0
Green,大坪林,2023-05-10,31406.5
Green,景美,2023-05-10,32682.0
Green,萬隆,2023-05-10,19879.0
Green,公館,2023-05-10,51417.0
Green,台電大樓,2023-05-10,31696.0
Green,古亭,2023-05-10,31253.5
Green,中正紀念堂,2023-05-10,21107.0
Green,小南門,2023-05-10,21960.0
Green,中山,2023-05-10,37217.0
Green,西門,2023-05-10,48407.5
Green,北門,2023-05-10,25663.0
Green,松江南京,2023-05-10,35540.5
Green,台北小巨蛋,2023-05-10,43291.0
Green,南京三民,2023-05-10,48485.0
Green,松山,2023-05-10,48452.0
Green,南京復興,2023-05-10,41496.5
Green,小碧潭,2023-05-11,6234.0
Green,新店,2023-05-11,24281.0
Green,新店區公所,2023-05-11,25246.0
Green,七張,2023-05-11,30974.0
Green,大坪林,2023-05-11,30658.5
Green,景美,2023-05-11,33091.0
Green,萬隆,2023-05-11,19716.0
Green,公館,2023-05-11,51840.0
Green,台電大樓,2023-05-11,32062.0
Green,古亭,2023-05-11,31421.5
Green,中正紀念堂,2023-05-11,20949.0
Green,小南門,2023-05-11,21977.0
Green,中山,2023-05-11,37542.0
Green,西門,2023-05-11,48701.0
Green,北門,2023-05-11,26085.0
Green,松江南京,2023-05-11,35616.0
Green,台北小巨蛋,2023-05-11,43461.0
Green,南京三民,2023-05-11,49164.0
Green,松山,2023-05-11,48530.0
Green,南京復興,2023-05-11,41893.0
Green,小碧潭,2023-05-12,6882.0
Green,新店,2023-05-12,25565.0
Green,新店區公所,2023-05-12,26541.0
Green,七張,2023-05-12,33376.0
Green,大坪林,2023-05-12,33181.0
Green,景美,2023-05-12,35389.0
Green,萬隆,2023-05-12,21036.0
Green,公館,2023-05-12,58480.0
Green,台電大樓,2023-05-12,34391.0
Green,古亭,2023-05-12,33226.0
Green,中正紀念堂,2023-05-12,22154.0
Green,小南門,2023-05-12,22091.0
Green,中山,2023-05-12,43671.5
Green,西門,2023-05-12,55865.0
Green,北門,2023-05-12,28634.0
Green,松江南京,2023-05-12,37934.0
Green,台北小巨蛋,2023-05-12,45181.0
Green,南京三民,2023-05-12,50853.0
Green,松山,2023-05-12,53975.0
Green,南京復興,2023-05-12,44782.5
Green,小碧潭,2023-05-13,6339.0
Green,新店,2023-05-13,21985.0
Green,新店區公所,2023-05-13,18120.0
Green,七張,2023-05-13,23779.0
Green,大坪林,2023-05-13,21151.5
Green,景美,2023-05-13,26177.0
Green,萬隆,2023-05-13,16238.0
Green,公館,2023-05-13,48639.0
Green,台電大樓,2023-05-13,26908.0
Green,古亭,2023-05-13,23422.5
Green,中正紀念堂,2023-05-13,14269.5
Green,小南門,2023-05-13,8382.0
Green,中山,2023-05-13,41993.0
Green,西門,2023-05-13,52657.5
Green,北門,2023-05-13,20516.0
Green,松江南京,2023-05-13,18263.5
Green,台北小巨蛋,2023-05-13,29897.0
Green,南京三民,2023-05-13,27301.0
Green,松山,2023-05-13,36911.0
Green,南京復興,2023-05-13,23452.5
Green,小碧潭,2023-05-14,6103.0
Green,新店,2023-05-14,21099.0
Green,新店區公所,2023-05-14,15357.0
Green,七張,2023-05-14,19268.0
Green,大坪林,2023-05-14,18051.0
Green,景美,2023-05-14,22477.0
Green,萬隆,2023-05-14,13885.0
Green,公館,2023-05-14,41149.0
Green,台電大樓,2023-05-14,21169.0
Green,古亭,2023-05-14,17458.5
Green,中正紀念堂,2023-05-14,21204.5
Green,小南門,2023-05-14,6822.0
Green,中山,2023-05-14,32019.0
Green,西門,2023-05-14,42231.0
Green,北門,2023-05-14,16355.0
Green,松江南京,2023-05-14,13556.5
Green,台北小巨蛋,2023-05-14,23210.0
Green,南京三民,2023-05-14,20918.0
Green,松山,2023-05-14,27998.0
Green,南京復興,2023-05-14,17449.5
Green,小碧潭,2023-05-15,6111.0
Green,新店,2023-05-15,23263.0
Green,新店區公所,2023-05-15,24369.0
Green,七張,2023-05-15,29865.0
Green,大坪林,2023-05-15,29956.0
Green,景美,2023-05-15,30801.0
Green,萬隆,2023-05-15,18776.0
Green,公館,2023-05-15,48057.0
Green,台電大樓,2023-05-15,29362.0
Green,古亭,2023-05-15,28847.5
Green,中正紀念堂,2023-05-15,19432.0
Green,小南門,2023-05-15,21541.0
Green,中山,2023-05-15,33097.5
Green,西門,2023-05-15,45029.5
Green,北門,2023-05-15,24395.0
Green,松江南京,2023-05-15,33383.5
Green,台北小巨蛋,2023-05-15,40812.0
Green,南京三民,2023-05-15,46768.0
Green,松山,2023-05-15,46958.0
Green,南京復興,2023-05-15,39930.0
Green,小碧潭,2023-05-16,6099.0
Green,新店,2023-05-16,23569.0
Green,新店區公所,2023-05-16,25174.0
Green,七張,2023-05-16,30678.0
Green,大坪林,2023-05-16,30379.0
Green,景美,2023-05-16,32493.0
Green,萬隆,2023-05-16,19020.0
Green,公館,2023-05-16,49538.0
Green,台電大樓,2023-05-16,31103.0
Green,古亭,2023-05-16,30262.5
Green,中正紀念堂,2023-05-16,20930.0
Green,小南門,2023-05-16,22035.0
Green,中山,2023-05-16,35357.0
Green,西門,2023-05-16,46965.5
Green,北門,2023-05-16,25428.0
Green,松江南京,2023-05-16,34947.5
Green,台北小巨蛋,2023-05-16,42505.0
Green,南京三民,2023-05-16,47802.0
Green,松山,2023-05-16,47636.0
Green,南京復興,2023-05-16,41281.0
Green,小碧潭,2023-05-17,6113.0
Green,新店,2023-05-17,23661.0
Green,新店區公所,2023-05-17,25297.0
Green,七張,2023-05-17,30642.0
Green,大坪林,2023-05-17,30773.0
Green,景美,2023-05-17,32222.0
Green,萬隆,2023-05-17,19348.0
Green,公館,2023-05-17,50865.0
Green,台電大樓,2023-05-17,31805.0
Green,古亭,2023-05-17,30395.0
Green,中正紀念堂,2023-05-17,20465.0
Green,小南門,2023-05-17,21699.0
Green,中山,2023-05-17,36418.0
Green,西門,2023-05-17,47918.5
Green,北門,2023-05-17,25930.0
Green,松江南京,2023-05-17,35513.5
Green,台北小巨蛋,2023-05-17,42737.0
Green,南京三民,2023-05-17,48056.0
Green,松山,2023-05-17,47646.0
Green,南京復興,2023-05-17,41621.0
Green,小碧潭,2023-05-18,6400.0
Green,新店,2023-05-18,23743.0
Green,新店區公所,2023-05-18,25169.0
Green,七張,2023-05-18,31035.0
Green,大坪林,2023-05-18,30777.0
Green,景美,2023-05-18,32290.0
Green,萬隆,2023-05-18,19587.0
Green,公館,2023-05-18,51996.0
Green,台電大樓,2023-05-18,31892.0
Green,古亭,2023-05-18,31073.5
Green,中正紀念堂,2023-05-18,21007.0
Green,小南門,2023-05-18,21790.0
Green,中山,2023-05-18,36978.0
Green,西門,2023-05-18,48535.5
Green,北門,2023-05-18,26291.0
Green,松江南京,2023-05-18,35446.5
Green,台北小巨蛋,2023-05-18,42649.0
Green,南京三民,2023-05-18,48634.0
Green,松山,2023-05-18,48842.0
Green,南京復興,2023-05-18,42021.5
Green,小碧潭,2023-05-19,7314.0
Green,新店,2023-05-19,23160.0
Green,新店區公所,2023-05-19,25990.0
Green,七張,2023-05-19,32895.0
Green,大坪林,2023-05-19,32522.5
Green,景美,2023-05-19,33576.0
Green,萬隆,2023-05-19,20618.0
Green,公館,2023-05-19,57598.0
Green,台電大樓,2023-05-19,35327.0
Green,古亭,2023-05-19,32863.5
Green,中正紀念堂,2023-05-19,22046.0
Green,小南門,2023-05-19,22176.0
Green,中山,2023-05-19,44423.0
Green,西門,2023-05-19,58850.5
Green,北門,2023-05-19,28089.0
Green,松江南京,2023-05-19,38852.0
Green,台北小巨蛋,2023-05-19,45528.0
Green,南京三民,2023-05-19,51481.0
Green,松山,2023-05-19,51828.0
Green,南京復興,2023-05-19,45210.5
Green,小碧潭,2023-05-20,7060.0
Green,新店,2023-05-20,22448.0
Green,新店區公所,2023-05-20,19151.0
Green,七張,2023-05-20,24187.0
Green,大坪林,2023-05-20,22480.5
Green,景美,2023-05-20,28325.0
Green,萬隆,2023-05-20,17012.0
Green,公館,2023-05-20,52898.0
Green,台電大樓,2023-05-20,28776.0
Green,古亭,2023-05-20,24874.0
Green,中正紀念堂,2023-05-20,15594.0
Green,小南門,2023-05-20,9287.0
Green,中山,2023-05-20,45536.0
Green,西門,2023-05-20,59739.0
Green,北門,2023-05-20,24054.0
Green,松江南京,2023-05-20,20981.5
Green,台北小巨蛋,2023-05-20,32120.0
Green,南京三民,2023-05-20,29788.0
Green,松山,2023-05-20,37252.0
Green,南京復興,2023-05-20,25890.5
Green,小碧潭,2023-05-21,6911.0
Green,新店,2023-05-21,22801.0
Green,新店區公所,2023-05-21,16453.0
Green,七張,2023-05-21,21083.0
Green,大坪林,2023-05-21,18861.0
Green,景美,2023-05-21,24947.0
Green,萬隆,2023-05-21,14678.0
Green,公館,2023-05-21,49784.0
Green,台電大樓,2023-05-21,25308.0
Green,古亭,2023-05-21,19503.5
Green,中正紀念堂,2023-05-21,13174.0
Green,小南門,2023-05-21,8409.0
Green,中山,2023-05-21,36614.0
Green,西門,2023-05-21,50458.5
Green,北門,2023-05-21,19958.0
Green,松江南京,2023-05-21,15885.0
Green,台北小巨蛋,2023-05-21,24706.0
Green,南京三民,2023-05-21,23323.0
Green,松山,2023-05-21,30081.0
Green,南京復興,2023-05-21,19808.5
Green,小碧潭,2023-05-22,5880.0
Green,新店,2023-05-22,22583.0
Green,新店區公所,2023-05-22,24703.0
Green,七張,2023-05-22,30243.0
Green,大坪林,2023-05-22,29649.5
Green,景美,2023-05-22,30948.0
Green,萬隆,2023-05-22,18710.0
Green,公館,2023-05-22,48150.0
Green,台電大樓,2023-05-22,29816.0
Green,古亭,2023-05-22,29228.0
Green,中正紀念堂,2023-05-22,19398.5
Green,小南門,2023-05-22,19341.0
Green,中山,2023-05-22,33738.5
Green,西門,2023-05-22,45827.0
Green,北門,2023-05-22,25356.0
Green,松江南京,2023-05-22,34322.5
Green,台北小巨蛋,2023-05-22,41386.0
Green,南京三民,2023-05-22,46461.0
Green,松山,2023-05-22,46344.0
Green,南京復興,2023-05-22,40490.5
Green,小碧潭,2023-05-23,5852.0
Green,新店,2023-05-23,22272.0
Green,新店區公所,2023-05-23,24269.0
Green,七張,2023-05-23,29943.0
Green,大坪林,2023-05-23,28356.5
Green,景美,2023-05-23,31410.0
Green,萬隆,2023-05-23,18511.0
Green,公館,2023-05-23,49255.0
Green,台電大樓,2023-05-23,30907.0
Green,古亭,2023-05-23,30111.5
Green,中正紀念堂,2023-05-23,20377.5
Green,小南門,2023-05-23,22009.0
Green,中山,2023-05-23,34417.0
Green,西門,2023-05-23,47458.5
Green,北門,2023-05-23,25880.0
Green,松江南京,2023-05-23,34584.0
Green,台北小巨蛋,2023-05-23,41856.0
Green,南京三民,2023-05-23,47155.0
Green,松山,2023-05-23,47448.0
Green,南京復興,2023-05-23,41406.0
Green,小碧潭,2023-05-24,6155.0
Green,新店,2023-05-24,22925.0
Green,新店區公所,2023-05-24,24789.0
Green,七張,2023-05-24,30620.0
Green,大坪林,2023-05-24,29456.5
Green,景美,2023-05-24,32590.0
Green,萬隆,2023-05-24,19432.0
Green,公館,2023-05-24,50494.0
Green,台電大樓,2023-05-24,31266.0
Green,古亭,2023-05-24,30755.5
Green,中正紀念堂,2023-05-24,21430.0
Green,小南門,2023-05-24,21677.0
Green,中山,2023-05-24,35789.5
Green,西門,2023-05-24,52283.5
Green,北門,2023-05-24,26457.0
Green,松江南京,2023-05-24,36003.5
Green,台北小巨蛋,2023-05-24,43433.0
Green,南京三民,2023-05-24,49020.0
Green,松山,2023-05-24,48213.0
Green,南京復興,2023-05-24,42346.5
Green,小碧潭,2023-05-25,6314.0
Green,新店,2023-05-25,23157.0
Green,新店區公所,2023-05-25,25000.0
Green,七張,2023-05-25,30447.0
Green,大坪林,2023-05-25,28754.5
Green,景美,2023-05-25,31354.0
Green,萬隆,2023-05-25,19140.0
Green,公館,2023-05-25,50797.0
Green,台電大樓,2023-05-25,31889.0
Green,古亭,2023-05-25,31598.5
Green,中正紀念堂,2023-05-25,20899.0
Green,小南門,2023-05-25,21921.0
Green,中山,2023-05-25,37014.5
Green,西門,2023-05-25,51724.0
Green,北門,2023-05-25,26573.0
Green,松江南京,2023-05-25,35491.0
Green,台北小巨蛋,2023-05-25,43324.0
Green,南京三民,2023-05-25,49892.0
Green,松山,2023-05-25,49635.0
Green,南京復興,2023-05-25,42326.0
Green,小碧潭,2023-05-26,6428.0
Green,新店,2023-05-26,23869.0
Green,新店區公所,2023-05-26,25841.0
Green,七張,2023-05-26,31833.0
Green,大坪林,2023-05-26,30257.0
Green,景美,2023-05-26,33586.0
Green,萬隆,2023-05-26,20620.0
Green,公館,2023-05-26,57969.0
Green,台電大樓,2023-05-26,33493.0
Green,古亭,2023-05-26,32987.0
Green,中正紀念堂,2023-05-26,21469.0
Green,小南門,2023-05-26,22206.0
Green,中山,2023-05-26,43055.0
Green,西門,2023-05-26,58965.5
Green,北門,2023-05-26,28556.0
Green,松江南京,2023-05-26,38012.5
Green,台北小巨蛋,2023-05-26,44300.0
Green,南京三民,2023-05-26,50250.0
Green,松山,2023-05-26,52731.0
Green,南京復興,2023-05-26,43931.5
Green,小碧潭,2023-05-27,6850.0
Green,新店,2023-05-27,24816.0
Green,新店區公所,2023-05-27,18898.0
Green,七張,2023-05-27,25714.0
Green,大坪林,2023-05-27,22827.5
Green,景美,2023-05-27,28010.0
Green,萬隆,2023-05-27,16700.0
Green,公館,2023-05-27,61227.0
Green,台電大樓,2023-05-27,29111.0
Green,古亭,2023-05-27,25640.5
Green,中正紀念堂,2023-05-27,16054.5
Green,小南門,2023-05-27,9603.0
Green,中山,2023-05-27,45768.5
Green,西門,2023-05-27,61276.5
Green,北門,2023-05-27,23930.0
Green,松江南京,2023-05-27,20365.5
Green,台北小巨蛋,2023-05-27,35408.0
Green,南京三民,2023-05-27,28980.0
Green,松山,2023-05-27,39162.0
Green,南京復興,2023-05-27,25893.5
Green,小碧潭,2023-05-28,6356.0
Green,新店,2023-05-28,22195.0
Green,新店區公所,2023-05-28,15891.0
Green,七張,2023-05-28,20593.0
Green,大坪林,2023-05-28,17997.0
Green,景美,2023-05-28,23900.0
Green,萬隆,2023-05-28,14373.0
Green,公館,2023-05-28,44392.0
Green,台電大樓,2023-05-28,23814.0
Green,古亭,2023-05-28,19393.5
Green,中正紀念堂,2023-05-28,12080.5
Green,小南門,2023-05-28,7939.0
Green,中山,2023-05-28,35056.0
Green,西門,2023-05-28,47718.5
Green,北門,2023-05-28,19833.0
Green,松江南京,2023-05-28,15496.0
Green,台北小巨蛋,2023-05-28,20308.0
Green,南京三民,2023-05-28,22799.0
Green,松山,2023-05-28,30222.0
Green,南京復興,2023-05-28,18970.5
Green,小碧潭,2023-05-29,6052.0
Green,新店,2023-05-29,21702.0
Green,新店區公所,2023-05-29,23920.0
Green,七張,2023-05-29,28791.0
Green,大坪林,2023-05-29,27652.5
Green,景美,2023-05-29,29658.0
Green,萬隆,2023-05-29,18189.0
Green,公館,2023-05-29,46729.0
Green,台電大樓,2023-05-29,29691.0
Green,古亭,2023-05-29,28520.0
Green,中正紀念堂,2023-05-29,19102.5
Green,小南門,2023-05-29,21864.0
Green,中山,2023-05-29,33755.5
Green,西門,2023-05-29,48398.5
Green,北門,2023-05-29,25284.0
Green,松江南京,2023-05-29,34041.5
Green,台北小巨蛋,2023-05-29,41620.0
Green,南京三民,2023-05-29,47238.0
Green,松山,2023-05-29,47627.0
Green,南京復興,2023-05-29,40516.5
Green,小碧潭,2023-05-30,6096.0
Green,新店,2023-05-30,21552.0
Green,新店區公所,2023-05-30,24404.0
Green,七張,2023-05-30,29838.0
Green,大坪林,2023-05-30,28725.0
Green,景美,2023-05-30,31442.0
Green,萬隆,2023-05-30,19057.0
Green,公館,2023-05-30,49039.0
Green,台電大樓,2023-05-30,30580.0
Green,古亭,2023-05-30,30509.0
Green,中正紀念堂,2023-05-30,30734.5
Green,小南門,2023-05-30,21808.0
Green,中山,2023-05-30,34361.5
Green,西門,2023-05-30,48562.5
Green,北門,2023-05-30,25506.0
Green,松江南京,2023-05-30,35288.5
Green,台北小巨蛋,2023-05-30,43128.0
Green,南京三民,2023-05-30,48645.0
Green,松山,2023-05-30,47997.0
Green,南京復興,2023-05-30,41813.0
Green,小碧潭,2023-05-31,6097.0
Green,新店,2023-05-31,20485.0
Green,新店區公所,2023-05-31,23480.0
Green,七張,2023-05-31,29350.0
Green,大坪林,2023-05-31,28029.0
Green,景美,2023-05-31,30555.0
Green,萬隆,2023-05-31,18841.0
Green,公館,2023-05-31,48384.0
Green,台電大樓,2023-05-31,30674.0
Green,古亭,2023-05-31,29894.5
Green,中正紀念堂,2023-05-31,19789.5
Green,小南門,2023-05-31,21694.0
Green,中山,2023-05-31,34365.0
Green,西門,2023-05-31,46187.0
Green,北門,2023-05-31,24558.0
Green,松江南京,2023-05-31,35065.0
Green,台北小巨蛋,2023-05-31,43643.0
Green,南京三民,2023-05-31,48338.0
Green,松山,2023-05-31,46277.0
Green,南京復興,2023-05-31,41887.5
Green,小碧潭,2023-06-01,6483.0
Green,新店,2023-06-01,20963.0
Green,新店區公所,2023-06-01,23548.0
Green,七張,2023-06-01,29525.0
Green,大坪林,2023-06-01,28028.0
Green,景美,2023-06-01,31039.0
Green,萬隆,2023-06-01,18768.0
Green,公館,2023-06-01,49176.0
Green,台電大樓,2023-06-01,30742.0
Green,古亭,2023-06-01,30394.5
Green,中正紀念堂,2023-06-01,20602.5
Green,小南門,2023-06-01,22057.0
Green,中山,2023-06-01,36121.0
Green,西門,2023-06-01,50094.5
Green,北門,2023-06-01,25664.0
Green,松江南京,2023-06-01,35600.0
Green,台北小巨蛋,2023-06-01,44102.0
Green,南京三民,2023-06-01,49615.0
Green,松山,2023-06-01,47813.0
Green,南京復興,2023-06-01,42055.0
Green,小碧潭,2023-06-02,6411.0
Green,新店,2023-06-02,22839.0
Green,新店區公所,2023-06-02,25594.0
Green,七張,2023-06-02,32129.0
Green,大坪林,2023-06-02,29974.5
Green,景美,2023-06-02,33458.0
Green,萬隆,2023-06-02,20350.0
Green,公館,2023-06-02,54486.0
Green,台電大樓,2023-06-02,33142.0
Green,古亭,2023-06-02,32099.5
Green,中正紀念堂,2023-06-02,22283.0
Green,小南門,2023-06-02,22858.0
Green,中山,2023-06-02,42451.5
Green,西門,2023-06-02,57184.5
Green,北門,2023-06-02,27674.0
Green,松江南京,2023-06-02,37950.0
Green,台北小巨蛋,2023-06-02,44488.0
Green,南京三民,2023-06-02,50290.0
Green,松山,2023-06-02,51751.0
Green,南京復興,2023-06-02,43472.5
Green,小碧潭,2023-06-03,6768.0
Green,新店,2023-06-03,20894.0
Green,新店區公所,2023-06-03,18014.0
Green,七張,2023-06-03,23002.0
Green,大坪林,2023-06-03,21077.5
Green,景美,2023-06-03,28149.0
Green,萬隆,2023-06-03,16112.0
Green,公館,2023-06-03,46748.0
Green,台電大樓,2023-06-03,26802.0
Green,古亭,2023-06-03,23681.0
Green,中正紀念堂,2023-06-03,16531.5
Green,小南門,2023-06-03,9125.0
Green,中山,2023-06-03,41613.0
Green,西門,2023-06-03,57299.0
Green,北門,2023-06-03,22747.0
Green,松江南京,2023-06-03,19270.5
Green,台北小巨蛋,2023-06-03,33251.0
Green,南京三民,2023-06-03,28019.0
Green,松山,2023-06-03,36697.0
Green,南京復興,2023-06-03,25215.5
Green,小碧潭,2023-06-04,6378.0
Green,新店,2023-06-04,17826.0
Green,新店區公所,2023-06-04,14502.0
Green,七張,2023-06-04,18639.0
Green,大坪林,2023-06-04,16565.5
Green,景美,2023-06-04,23134.0
Green,萬隆,2023-06-04,13594.0
Green,公館,2023-06-04,38437.0
Green,台電大樓,2023-06-04,21735.0
Green,古亭,2023-06-04,18276.5
Green,中正紀念堂,2023-06-04,12062.0
Green,小南門,2023-06-04,6692.0
Green,中山,2023-06-04,32077.5
Green,西門,2023-06-04,44166.0
Green,北門,2023-06-04,17403.0
Green,松江南京,2023-06-04,14602.5
Green,台北小巨蛋,2023-06-04,18280.0
Green,南京三民,2023-06-04,21824.0
Green,松山,2023-06-04,26277.0
Green,南京復興,2023-06-04,17826.0
Green,小碧潭,2023-06-05,5663.0
Green,新店,2023-06-05,21101.0
Green,新店區公所,2023-06-05,23229.0
Green,七張,2023-06-05,28985.0
Green,大坪林,2023-06-05,27350.5
Green,景美,2023-06-05,30224.0
Green,萬隆,2023-06-05,17804.0
Green,公館,2023-06-05,44799.0
Green,台電大樓,2023-06-05,29058.0
Green,古亭,2023-06-05,28866.0
Green,中正紀念堂,2023-06-05,18975.0
Green,小南門,2023-06-05,20833.0
Green,中山,2023-06-05,34013.0
Green,西門,2023-06-05,48362.5
Green,北門,2023-06-05,24611.0
Green,松江南京,2023-06-05,34079.0
Green,台北小巨蛋,2023-06-05,41437.0
Green,南京三民,2023-06-05,46839.0
Green,松山,2023-06-05,48214.0
Green,南京復興,2023-06-05,40086.0
Green,小碧潭,2023-06-06,6018.0
Green,新店,2023-06-06,21923.0
Green,新店區公所,2023-06-06,24222.0
Green,七張,2023-06-06,29939.0
Green,大坪林,2023-06-06,28417.0
Green,景美,2023-06-06,31268.0
Green,萬隆,2023-06-06,18762.0
Green,公館,2023-06-06,47535.0
Green,台電大樓,2023-06-06,30168.0
Green,古亭,2023-06-06,29631.0
Green,中正紀念堂,2023-06-06,20774.0
Green,小南門,2023-06-06,21558.0
Green,中山,2023-06-06,35157.5
Green,西門,2023-06-06,48834.5
Green,北門,2023-06-06,25437.0
Green,松江南京,2023-06-06,35733.0
Green,台北小巨蛋,2023-06-06,42833.0
Green,南京三民,2023-06-06,48616.0
Green,松山,2023-06-06,48533.0
Green,南京復興,2023-06-06,41372.0
Green,小碧潭,2023-06-07,5939.0
Green,新店,2023-06-07,22285.0
Green,新店區公所,2023-06-07,24361.0
Green,七張,2023-06-07,29600.0
Green,大坪林,2023-06-07,28969.0
Green,景美,2023-06-07,31206.0
Green,萬隆,2023-06-07,18898.0
Green,公館,2023-06-07,48064.0
Green,台電大樓,2023-06-07,30197.0
Green,古亭,2023-06-07,29859.0
Green,中正紀念堂,2023-06-07,21262.5
Green,小南門,2023-06-07,21387.0
Green,中山,2023-06-07,36292.5
Green,西門,2023-06-07,49641.0
Green,北門,2023-06-07,25433.0
Green,松江南京,2023-06-07,35047.5
Green,台北小巨蛋,2023-06-07,43184.0
Green,南京三民,2023-06-07,48861.0
Green,松山,2023-06-07,48972.0
Green,南京復興,2023-06-07,41367.5
Green,小碧潭,2023-06-08,6402.0
Green,新店,2023-06-08,22218.0
Green,新店區公所,2023-06-08,24132.0
Green,七張,2023-06-08,29600.0
Green,大坪林,2023-06-08,28889.0
Green,景美,2023-06-08,31321.0
Green,萬隆,2023-06-08,18739.0
Green,公館,2023-06-08,48745.0
Green,台電大樓,2023-06-08,30980.0
Green,古亭,2023-06-08,30186.0
Green,中正紀念堂,2023-06-08,20484.0
Green,小南門,2023-06-08,21533.0
Green,中山,2023-06-08,37123.0
Green,西門,2023-06-08,50909.5
Green,北門,2023-06-08,25559.0
Green,松江南京,2023-06-08,34888.5
Green,台北小巨蛋,2023-06-08,43540.0
Green,南京三民,2023-06-08,48379.0
Green,松山,2023-06-08,47869.0
Green,南京復興,2023-06-08,40935.0
Green,小碧潭,2023-06-09,6924.0
Green,新店,2023-06-09,22630.0
Green,新店區公所,2023-06-09,25373.0
Green,七張,2023-06-09,31137.0
Green,大坪林,2023-06-09,30773.0
Green,景美,2023-06-09,32940.0
Green,萬隆,2023-06-09,19718.0
Green,公館,2023-06-09,56199.0
Green,台電大樓,2023-06-09,34608.0
Green,古亭,2023-06-09,32420.0
Green,中正紀念堂,2023-06-09,21661.5
Green,小南門,2023-06-09,22255.0
Green,中山,2023-06-09,43175.0
Green,西門,2023-06-09,57703.0
Green,北門,2023-06-09,27579.0
Green,松江南京,2023-06-09,37178.0
Green,台北小巨蛋,2023-06-09,44089.0
Green,南京三民,2023-06-09,49910.0
Green,松山,2023-06-09,51995.0
Green,南京復興,2023-06-09,43782.0
Green,小碧潭,2023-06-10,6719.0
Green,新店,2023-06-10,19337.0
Green,新店區公所,2023-06-10,18237.0
Green,七張,2023-06-10,22575.0
Green,大坪林,2023-06-10,21421.0
Green,景美,2023-06-10,25690.0
Green,萬隆,2023-06-10,16337.0
Green,公館,2023-06-10,53577.0
Green,台電大樓,2023-06-10,28180.0
Green,古亭,2023-06-10,24651.5
Green,中正紀念堂,2023-06-10,14174.0
Green,小南門,2023-06-10,9563.0
Green,中山,2023-06-10,41948.0
Green,西門,2023-06-10,56108.0
Green,北門,2023-06-10,22669.0
Green,松江南京,2023-06-10,20279.0
Green,台北小巨蛋,2023-06-10,33950.0
Green,南京三民,2023-06-10,28255.0
Green,松山,2023-06-10,35824.0
Green,南京復興,2023-06-10,25219.5
Green,小碧潭,2023-06-11,6370.0
Green,新店,2023-06-11,17372.0
Green,新店區公所,2023-06-11,15008.0
Green,七張,2023-06-11,19204.0
Green,大坪林,2023-06-11,16964.5
Green,景美,2023-06-11,22533.0
Green,萬隆,2023-06-11,14034.0
Green,公館,2023-06-11,43569.0
Green,台電大樓,2023-06-11,24083.0
Green,古亭,2023-06-11,19254.5
Green,中正紀念堂,2023-06-11,11679.0
Green,小南門,2023-06-11,8238.0
Green,中山,2023-06-11,34995.5
Green,西門,2023-06-11,47414.5
Green,北門,2023-06-11,18551.0
Green,松江南京,2023-06-11,15270.0
Green,台北小巨蛋,2023-06-11,29461.0
Green,南京三民,2023-06-11,22877.0
Green,松山,2023-06-11,28022.0
Green,南京復興,2023-06-11,19270.5
Green,小碧潭,2023-06-12,5926.0
Green,新店,2023-06-12,20980.0
Green,新店區公所,2023-06-12,23451.0
Green,七張,2023-06-12,28717.0
Green,大坪林,2023-06-12,27438.0
Green,景美,2023-06-12,28857.0
Green,萬隆,2023-06-12,18101.0
Green,公館,2023-06-12,44929.0
Green,台電大樓,2023-06-12,29362.0
Green,古亭,2023-06-12,28676.0
Green,中正紀念堂,2023-06-12,18835.5
Green,小南門,2023-06-12,19475.0
Green,中山,2023-06-12,35037.0
Green,西門,2023-06-12,48507.0
Green,北門,2023-06-12,25025.0
Green,松江南京,2023-06-12,33820.5
Green,台北小巨蛋,2023-06-12,42165.0
Green,南京三民,2023-06-12,46747.0
Green,松山,2023-06-12,46883.0
Green,南京復興,2023-06-12,40063.5
Green,小碧潭,2023-06-13,6124.0
Green,新店,2023-06-13,22140.0
Green,新店區公所,2023-06-13,23829.0
Green,七張,2023-06-13,29378.0
Green,大坪林,2023-06-13,28430.0
Green,景美,2023-06-13,29359.0
Green,萬隆,2023-06-13,18545.0
Green,公館,2023-06-13,46667.0
Green,台電大樓,2023-06-13,30350.0
Green,古亭,2023-06-13,29571.5
Green,中正紀念堂,2023-06-13,20788.0
Green,小南門,2023-06-13,19878.0
Green,中山,2023-06-13,36373.0
Green,西門,2023-06-13,49841.0
Green,北門,2023-06-13,25583.0
Green,松江南京,2023-06-13,35152.5
Green,台北小巨蛋,2023-06-13,42640.0
Green,南京三民,2023-06-13,49577.0
Green,松山,2023-06-13,47530.0
Green,南京復興,2023-06-13,41672.0
Green,小碧潭,2023-06-14,6420.0
Green,新店,2023-06-14,22184.0
Green,新店區公所,2023-06-14,24541.0
Green,七張,2023-06-14,30099.0
Green,大坪林,2023-06-14,29063.0
Green,景美,2023-06-14,30321.0
Green,萬隆,2023-06-14,19027.0
Green,公館,2023-06-14,47959.0
Green,台電大樓,2023-06-14,32408.0
Green,古亭,2023-06-14,30384.5
Green,中正紀念堂,2023-06-14,20853.5
Green,小南門,2023-06-14,19791.0
Green,中山,2023-06-14,37609.5
Green,西門,2023-06-14,51242.0
Green,北門,2023-06-14,26188.0
Green,松江南京,2023-06-14,35646.5
Green,台北小巨蛋,2023-06-14,44425.0
Green,南京三民,2023-06-14,49515.0
Green,松山,2023-06-14,48447.0
Green,南京復興,2023-06-14,42229.5
Green,小碧潭,2023-06-15,6371.0
Green,新店,2023-06-15,21577.0
Green,新店區公所,2023-06-15,23963.0
Green,七張,2023-06-15,29464.0
Green,大坪林,2023-06-15,28871.0
Green,景美,2023-06-15,29540.0
Green,萬隆,2023-06-15,18946.0
Green,公館,2023-06-15,47009.0
Green,台電大樓,2023-06-15,32434.0
Green,古亭,2023-06-15,30668.5
Green,中正紀念堂,2023-06-15,20199.0
Green,小南門,2023-06-15,19661.0
Green,中山,2023-06-15,37838.0
Green,西門,2023-06-15,49994.0
Green,北門,2023-06-15,26056.0
Green,松江南京,2023-06-15,35694.5
Green,台北小巨蛋,2023-06-15,44528.0
Green,南京三民,2023-06-15,49291.0
Green,松山,2023-06-15,48652.0
Green,南京復興,2023-06-15,42437.0
Green,小碧潭,2023-06-16,6629.0
Green,新店,2023-06-16,22451.0
Green,新店區公所,2023-06-16,24545.0
Green,七張,2023-06-16,29875.0
Green,大坪林,2023-06-16,29988.0
Green,景美,2023-06-16,29770.0
Green,萬隆,2023-06-16,19965.0
Green,公館,2023-06-16,49806.0
Green,台電大樓,2023-06-16,33254.0
Green,古亭,2023-06-16,32133.0
Green,中正紀念堂,2023-06-16,21908.0
Green,小南門,2023-06-16,19242.0
Green,中山,2023-06-16,41292.0
Green,西門,2023-06-16,52924.5
Green,北門,2023-06-16,26563.0
Green,松江南京,2023-06-16,38007.0
Green,台北小巨蛋,2023-06-16,44848.0
Green,南京三民,2023-06-16,49531.0
Green,松山,2023-06-16,48368.0
Green,南京復興,2023-06-16,43990.0
Green,小碧潭,2023-06-17,6603.0
Green,新店,2023-06-17,22577.0
Green,新店區公所,2023-06-17,22656.0
Green,七張,2023-06-17,26976.0
Green,大坪林,2023-06-17,24934.0
Green,景美,2023-06-17,28708.0
Green,萬隆,2023-06-17,18220.0
Green,公館,2023-06-17,49341.0
Green,台電大樓,2023-06-17,29806.0
Green,古亭,2023-06-17,26732.0
Green,中正紀念堂,2023-06-17,20482.0
Green,小南門,2023-06-17,15502.0
Green,中山,2023-06-17,45785.0
Green,西門,2023-06-17,58974.5
Green,北門,2023-06-17,27167.0
Green,松江南京,2023-06-17,31257.0
Green,台北小巨蛋,2023-06-17,45036.0
Green,南京三民,2023-06-17,42177.0
Green,松山,2023-06-17,44815.0
Green,南京復興,2023-06-17,36649.5
Green,小碧潭,2023-06-18,6385.0
Green,新店,2023-06-18,22185.0
Green,新店區公所,2023-06-18,15457.0
Green,七張,2023-06-18,19680.0
Green,大坪林,2023-06-18,17869.5
Green,景美,2023-06-18,22042.0
Green,萬隆,2023-06-18,14004.0
Green,公館,2023-06-18,42543.0
Green,台電大樓,2023-06-18,22283.0
Green,古亭,2023-06-18,19184.5
Green,中正紀念堂,2023-06-18,12922.0
Green,小南門,2023-06-18,7152.0
Green,中山,2023-06-18,34814.0
Green,西門,2023-06-18,47650.5
Green,北門,2023-06-18,18859.0
Green,松江南京,2023-06-18,15095.0
Green,台北小巨蛋,2023-06-18,27522.0
Green,南京三民,2023-06-18,22665.0
Green,松山,2023-06-18,30123.0
Green,南京復興,2023-06-18,19414.0
Green,小碧潭,2023-06-19,5903.0
Green,新店,2023-06-19,21611.0
Green,新店區公所,2023-06-19,23065.0
Green,七張,2023-06-19,28216.0
Green,大坪林,2023-06-19,27393.5
Green,景美,2023-06-19,26918.0
Green,萬隆,2023-06-19,18100.0
Green,公館,2023-06-19,43586.0
Green,台電大樓,2023-06-19,28749.0
Green,古亭,2023-06-19,28573.0
Green,中正紀念堂,2023-06-19,18601.5
Green,小南門,2023-06-19,18525.0
Green,中山,2023-06-19,35625.0
Green,西門,2023-06-19,47129.0
Green,北門,2023-06-19,24804.0
Green,松江南京,2023-06-19,33791.5
Green,台北小巨蛋,2023-06-19,41810.0
Green,南京三民,2023-06-19,47868.0
Green,松山,2023-06-19,46552.0
Green,南京復興,2023-06-19,40253.5
Green,小碧潭,2023-06-20,6156.0
Green,新店,2023-06-20,22376.0
Green,新店區公所,2023-06-20,24071.0
Green,七張,2023-06-20,28947.0
Green,大坪林,2023-06-20,28438.0
Green,景美,2023-06-20,28885.0
Green,萬隆,2023-06-20,18589.0
Green,公館,2023-06-20,45953.0
Green,台電大樓,2023-06-20,30304.0
Green,古亭,2023-06-20,29862.5
Green,中正紀念堂,2023-06-20,20358.5
Green,小南門,2023-06-20,19264.0
Green,中山,2023-06-20,37216.0
Green,西門,2023-06-20,48672.0
Green,北門,2023-06-20,25309.0
Green,松江南京,2023-06-20,35055.0
Green,台北小巨蛋,2023-06-20,43906.0
Green,南京三民,2023-06-20,48506.0
Green,松山,2023-06-20,47320.0
Green,南京復興,2023-06-20,42213.0
Green,小碧潭,2023-06-21,6603.0
Green,新店,2023-06-21,22716.0
Green,新店區公所,2023-06-21,24635.0
Green,七張,2023-06-21,29777.0
Green,大坪林,2023-06-21,28941.5
Green,景美,2023-06-21,29869.0
Green,萬隆,2023-06-21,19429.0
Green,公館,2023-06-21,46968.0
Green,台電大樓,2023-06-21,30966.0
Green,古亭,2023-06-21,29988.5
Green,中正紀念堂,2023-06-21,19619.0
Green,小南門,2023-06-21,18479.0
Green,中山,2023-06-21,39713.0
Green,西門,2023-06-21,51613.5
Green,北門,2023-06-21,25721.0
Green,松江南京,2023-06-21,35035.0
Green,台北小巨蛋,2023-06-21,43797.0
Green,南京三民,2023-06-21,48007.0
Green,松山,2023-06-21,48750.0
Green,南京復興,2023-06-21,41435.5
Green,小碧潭,2023-06-22,5666.0
Green,新店,2023-06-22,19627.0
Green,新店區公所,2023-06-22,13472.0
Green,七張,2023-06-22,16551.0
Green,大坪林,2023-06-22,14033.5
Green,景美,2023-06-22,18312.0
Green,萬隆,2023-06-22,12226.0
Green,公館,2023-06-22,30212.0
Green,台電大樓,2023-06-22,17403.0
Green,古亭,2023-06-22,14620.5
Green,中正紀念堂,2023-06-22,9115.0
Green,小南門,2023-06-22,5242.0
Green,中山,2023-06-22,29023.5
Green,西門,2023-06-22,41789.5
Green,北門,2023-06-22,16664.0
Green,松江南京,2023-06-22,12586.5
Green,台北小巨蛋,2023-06-22,15737.0
Green,南京三民,2023-06-22,19054.0
Green,松山,2023-06-22,26142.0
Green,南京復興,2023-06-22,15471.0
Green,小碧潭,2023-06-23,7120.0
Green,新店,2023-06-23,19619.0
Green,新店區公所,2023-06-23,14595.0
Green,七張,2023-06-23,18265.0
Green,大坪林,2023-06-23,15944.0
Green,景美,2023-06-23,18567.0
Green,萬隆,2023-06-23,12145.0
Green,公館,2023-06-23,33127.0
Green,台電大樓,2023-06-23,17939.0
Green,古亭,2023-06-23,15907.5
Green,中正紀念堂,2023-06-23,10360.5
Green,小南門,2023-06-23,5987.0
Green,中山,2023-06-23,32129.0
Green,西門,2023-06-23,44534.0
Green,北門,2023-06-23,18160.0
Green,松江南京,2023-06-23,14544.5
Green,台北小巨蛋,2023-06-23,17860.0
Green,南京三民,2023-06-23,20828.0
Green,松山,2023-06-23,28020.0
Green,南京復興,2023-06-23,17667.0
Green,小碧潭,2023-06-24,7416.0
Green,新店,2023-06-24,21059.0
Green,新店區公所,2023-06-24,15467.0
Green,七張,2023-06-24,19446.0
Green,大坪林,2023-06-24,16654.0
Green,景美,2023-06-24,20920.0
Green,萬隆,2023-06-24,13292.0
Green,公館,2023-06-24,36539.0
Green,台電大樓,2023-06-24,20134.0
Green,古亭,2023-06-24,17960.0
Green,中正紀念堂,2023-06-24,13004.0
Green,小南門,2023-06-24,6738.0
Green,中山,2023-06-24,36818.5
Green,西門,2023-06-24,49848.5
Green,北門,2023-06-24,20328.0
Green,松江南京,2023-06-24,15587.0
Green,台北小巨蛋,2023-06-24,34354.0
Green,南京三民,2023-06-24,22681.0
Green,松山,2023-06-24,30614.0
Green,南京復興,2023-06-24,18901.5
Green,小碧潭,2023-06-25,6499.0
Green,新店,2023-06-25,20685.0
Green,新店區公所,2023-06-25,14211.0
Green,七張,2023-06-25,18020.0
Green,大坪林,2023-06-25,15062.5
Green,景美,2023-06-25,19737.0
Green,萬隆,2023-06-25,12807.0
Green,公館,2023-06-25,34568.0
Green,台電大樓,2023-06-25,19148.0
Green,古亭,2023-06-25,16422.5
Green,中正紀念堂,2023-06-25,10936.0
Green,小南門,2023-06-25,5943.0
Green,中山,2023-06-25,30377.5
Green,西門,2023-06-25,42075.5
Green,北門,2023-06-25,17443.0
Green,松江南京,2023-06-25,13354.0
Green,台北小巨蛋,2023-06-25,16142.0
Green,南京三民,2023-06-25,19746.0
Green,松山,2023-06-25,25857.0
Green,南京復興,2023-06-25,15980.5
Green,小碧潭,2023-06-26,5981.0
Green,新店,2023-06-26,21538.0
Green,新店區公所,2023-06-26,23109.0
Green,七張,2023-06-26,27939.0
Green,大坪林,2023-06-26,27611.0
Green,景美,2023-06-26,27151.0
Green,萬隆,2023-06-26,18110.0
Green,公館,2023-06-26,42682.0
Green,台電大樓,2023-06-26,28217.0
Green,古亭,2023-06-26,28334.0
Green,中正紀念堂,2023-06-26,18678.5
Green,小南門,2023-06-26,18010.0
Green,中山,2023-06-26,34104.5
Green,西門,2023-06-26,45850.0
Green,北門,2023-06-26,23905.0
Green,松江南京,2023-06-26,33401.0
Green,台北小巨蛋,2023-06-26,41522.0
Green,南京三民,2023-06-26,46094.0
Green,松山,2023-06-26,45283.0
Green,南京復興,2023-06-26,39136.0
Green,小碧潭,2023-06-27,6183.0
Green,新店,2023-06-27,21838.0
Green,新店區公所,2023-06-27,23410.0
Green,七張,2023-06-27,28957.0
Green,大坪林,2023-06-27,27918.0
Green,景美,2023-06-27,28482.0
Green,萬隆,2023-06-27,18711.0
Green,公館,2023-06-27,46234.0
Green,台電大樓,2023-06-27,29261.0
Green,古亭,2023-06-27,29668.0
Green,中正紀念堂,2023-06-27,19871.5
Green,小南門,2023-06-27,18995.0
Green,中山,2023-06-27,36494.0
Green,西門,2023-06-27,47827.0
Green,北門,2023-06-27,25318.0
Green,松江南京,2023-06-27,35030.5
Green,台北小巨蛋,2023-06-27,42773.0
Green,南京三民,2023-06-27,47379.0
Green,松山,2023-06-27,47969.0
Green,南京復興,2023-06-27,41102.5
Green,小碧潭,2023-06-28,6217.0
Green,新店,2023-06-28,22246.0
Green,新店區公所,2023-06-28,23658.0
Green,七張,2023-06-28,29127.0
Green,大坪林,2023-06-28,28364.5
Green,景美,2023-06-28,28762.0
Green,萬隆,2023-06-28,19089.0
Green,公館,2023-06-28,45311.0
Green,台電大樓,2023-06-28,30260.0
Green,古亭,2023-06-28,30194.5
Green,中正紀念堂,2023-06-28,20585.0
Green,小南門,2023-06-28,18739.0
Green,中山,2023-06-28,38749.0
Green,西門,2023-06-28,49464.5
Green,北門,2023-06-28,26353.0
Green,松江南京,2023-06-28,35047.5
Green,台北小巨蛋,2023-06-28,44071.0
Green,南京三民,2023-06-28,48835.0
Green,松山,2023-06-28,48488.0
Green,南京復興,2023-06-28,41842.5
Green,小碧潭,2023-06-29,6848.0
Green,新店,2023-06-29,22322.0
Green,新店區公所,2023-06-29,24042.0
Green,七張,2023-06-29,29149.0
Green,大坪林,2023-06-29,28662.5
Green,景美,2023-06-29,29274.0
Green,萬隆,2023-06-29,19568.0
Green,公館,2023-06-29,47316.0
Green,台電大樓,2023-06-29,31105.0
Green,古亭,2023-06-29,30371.0
Green,中正紀念堂,2023-06-29,21516.5
Green,小南門,2023-06-29,19549.0
Green,中山,2023-06-29,39231.0
Green,西門,2023-06-29,50147.0
Green,北門,2023-06-29,27272.0
Green,松江南京,2023-06-29,36036.0
Green,台北小巨蛋,2023-06-29,45429.0
Green,南京三民,2023-06-29,49523.0
Green,松山,2023-06-29,48800.0
Green,南京復興,2023-06-29,42346.5
Green,小碧潭,2023-06-30,7751.0
Green,新店,2023-06-30,23210.0
Green,新店區公所,2023-06-30,26173.0
Green,七張,2023-06-30,31919.0
Green,大坪林,2023-06-30,30733.0
Green,景美,2023-06-30,30756.0
Green,萬隆,2023-06-30,20892.0
Green,公館,2023-06-30,51570.0
Green,台電大樓,2023-06-30,33244.0
Green,古亭,2023-06-30,32646.0
Green,中正紀念堂,2023-06-30,22001.0
Green,小南門,2023-06-30,18993.0
Green,中山,2023-06-30,45373.0
Green,西門,2023-06-30,60807.5
Green,北門,2023-06-30,28561.0
Green,松江南京,2023-06-30,39372.0
Green,台北小巨蛋,2023-06-30,49208.0
Green,南京三民,2023-06-30,51502.0
Green,松山,2023-06-30,52252.0
Green,南京復興,2023-06-30,45222.0
Green,小碧潭,2023-07-01,6786.0
Green,新店,2023-07-01,22255.0
Green,新店區公所,2023-07-01,18109.0
Green,七張,2023-07-01,22825.0
Green,大坪林,2023-07-01,20271.0
Green,景美,2023-07-01,25390.0
Green,萬隆,2023-07-01,16512.0
Green,公館,2023-07-01,47479.0
Green,台電大樓,2023-07-01,28359.0
Green,古亭,2023-07-01,23534.0
Green,中正紀念堂,2023-07-01,16379.0
Green,小南門,2023-07-01,8206.0
Green,中山,2023-07-01,43202.0
Green,西門,2023-07-01,55092.5
Green,北門,2023-07-01,24228.0
Green,松江南京,2023-07-01,20300.0
Green,台北小巨蛋,2023-07-01,34320.0
Green,南京三民,2023-07-01,27478.0
Green,松山,2023-07-01,36225.0
Green,南京復興,2023-07-01,23654.5
Green,小碧潭,2023-07-02,6919.0
Green,新店,2023-07-02,20515.0
Green,新店區公所,2023-07-02,15178.0
Green,七張,2023-07-02,19272.0
Green,大坪林,2023-07-02,16445.5
Green,景美,2023-07-02,21911.0
Green,萬隆,2023-07-02,14171.0
Green,公館,2023-07-02,45826.0
Green,台電大樓,2023-07-02,22903.0
Green,古亭,2023-07-02,19789.0
Green,中正紀念堂,2023-07-02,13019.5
Green,小南門,2023-07-02,6930.0
Green,中山,2023-07-02,34765.5
Green,西門,2023-07-02,46207.5
Green,北門,2023-07-02,19815.0
Green,松江南京,2023-07-02,15351.5
Green,台北小巨蛋,2023-07-02,21273.0
Green,南京三民,2023-07-02,22322.0
Green,松山,2023-07-02,29708.0
Green,南京復興,2023-07-02,17970.5
Green,小碧潭,2023-07-03,6212.0
Green,新店,2023-07-03,21349.0
Green,新店區公所,2023-07-03,23868.0
Green,七張,2023-07-03,28439.0
Green,大坪林,2023-07-03,28052.5
Green,景美,2023-07-03,27562.0
Green,萬隆,2023-07-03,18277.0
Green,公館,2023-07-03,46047.0
Green,台電大樓,2023-07-03,29641.0
Green,古亭,2023-07-03,29863.5
Green,中正紀念堂,2023-07-03,18904.5
Green,小南門,2023-07-03,17194.0
Green,中山,2023-07-03,37794.0
Green,西門,2023-07-03,51024.0
Green,北門,2023-07-03,27052.0
Green,松江南京,2023-07-03,35143.0
Green,台北小巨蛋,2023-07-03,44532.0
Green,南京三民,2023-07-03,46447.0
Green,松山,2023-07-03,48967.0
Green,南京復興,2023-07-03,41633.0
Green,小碧潭,2023-07-04,6335.0
Green,新店,2023-07-04,22322.0
Green,新店區公所,2023-07-04,24208.0
Green,七張,2023-07-04,29231.0
Green,大坪林,2023-07-04,28293.0
Green,景美,2023-07-04,28616.0
Green,萬隆,2023-07-04,19181.0
Green,公館,2023-07-04,48267.0
Green,台電大樓,2023-07-04,30973.0
Green,古亭,2023-07-04,31185.0
Green,中正紀念堂,2023-07-04,19151.0
Green,小南門,2023-07-04,17627.0
Green,中山,2023-07-04,39465.0
Green,西門,2023-07-04,51867.0
Green,北門,2023-07-04,27694.0
Green,松江南京,2023-07-04,35845.0
Green,台北小巨蛋,2023-07-04,46503.0
Green,南京三民,2023-07-04,48210.0
Green,松山,2023-07-04,50155.0
Green,南京復興,2023-07-04,42647.5
Green,小碧潭,2023-07-05,6439.0
Green,新店,2023-07-05,22647.0
Green,新店區公所,2023-07-05,24066.0
Green,七張,2023-07-05,29755.0
Green,大坪林,2023-07-05,28707.5
Green,景美,2023-07-05,28887.0
Green,萬隆,2023-07-05,19267.0
Green,公館,2023-07-05,49032.0
Green,台電大樓,2023-07-05,31469.0
Green,古亭,2023-07-05,31036.0
Green,中正紀念堂,2023-07-05,19474.5
Green,小南門,2023-07-05,17378.0
Green,中山,2023-07-05,41639.5
Green,西門,2023-07-05,53741.5
Green,北門,2023-07-05,38051.0
Green,松江南京,2023-07-05,36510.5
Green,台北小巨蛋,2023-07-05,53242.0
Green,南京三民,2023-07-05,48499.0
Green,松山,2023-07-05,51111.0
Green,南京復興,2023-07-05,43451.0
Green,小碧潭,2023-07-06,6502.0
Green,新店,2023-07-06,23023.0
Green,新店區公所,2023-07-06,24494.0
Green,七張,2023-07-06,29483.0
Green,大坪林,2023-07-06,29182.5
Green,景美,2023-07-06,28522.0
Green,萬隆,2023-07-06,18986.0
Green,公館,2023-07-06,47853.0
Green,台電大樓,2023-07-06,30709.0
Green,古亭,2023-07-06,31095.0
Green,中正紀念堂,2023-07-06,19371.0
Green,小南門,2023-07-06,17862.0
Green,中山,2023-07-06,40977.5
Green,西門,2023-07-06,53316.5
Green,北門,2023-07-06,28238.0
Green,松江南京,2023-07-06,36818.5
Green,台北小巨蛋,2023-07-06,46917.0
Green,南京三民,2023-07-06,48829.0
Green,松山,2023-07-06,51287.0
Green,南京復興,2023-07-06,43225.0
Green,小碧潭,2023-07-07,7094.0
Green,新店,2023-07-07,23292.0
Green,新店區公所,2023-07-07,24950.0
Green,七張,2023-07-07,30603.0
Green,大坪林,2023-07-07,30383.0
Green,景美,2023-07-07,30065.0
Green,萬隆,2023-07-07,20128.0
Green,公館,2023-07-07,51783.0
Green,台電大樓,2023-07-07,32358.0
Green,古亭,2023-07-07,32311.5
Green,中正紀念堂,2023-07-07,20154.0
Green,小南門,2023-07-07,18272.0
Green,中山,2023-07-07,45988.0
Green,西門,2023-07-07,58794.0
Green,北門,2023-07-07,29897.0
Green,松江南京,2023-07-07,38584.0
Green,台北小巨蛋,2023-07-07,47530.0
Green,南京三民,2023-07-07,49356.0
Green,松山,2023-07-07,53856.0
Green,南京復興,2023-07-07,44662.0
Green,小碧潭,2023-07-08,10245.0
Green,新店,2023-07-08,21767.0
Green,新店區公所,2023-07-08,18317.0
Green,七張,2023-07-08,23552.0
Green,大坪林,2023-07-08,20459.0
Green,景美,2023-07-08,26600.0
Green,萬隆,2023-07-08,16623.0
Green,公館,2023-07-08,46683.0
Green,台電大樓,2023-07-08,26535.0
Green,古亭,2023-07-08,23480.0
Green,中正紀念堂,2023-07-08,13834.5
Green,小南門,2023-07-08,8089.0
Green,中山,2023-07-08,42867.0
Green,西門,2023-07-08,57124.5
Green,北門,2023-07-08,25913.0
Green,松江南京,2023-07-08,20952.0
Green,台北小巨蛋,2023-07-08,28245.0
Green,南京三民,2023-07-08,28162.0
Green,松山,2023-07-08,36785.0
Green,南京復興,2023-07-08,24292.5
Green,小碧潭,2023-07-09,9861.0
Green,新店,2023-07-09,20410.0
Green,新店區公所,2023-07-09,15417.0
Green,七張,2023-07-09,19490.0
Green,大坪林,2023-07-09,16655.0
Green,景美,2023-07-09,23013.0
Green,萬隆,2023-07-09,14154.0
Green,公館,2023-07-09,38379.0
Green,台電大樓,2023-07-09,22141.0
Green,古亭,2023-07-09,17896.0
Green,中正紀念堂,2023-07-09,11027.5
Green,小南門,2023-07-09,6864.0
Green,中山,2023-07-09,34639.0
Green,西門,2023-07-09,48807.5
Green,北門,2023-07-09,21613.0
Green,松江南京,2023-07-09,16043.0
Green,台北小巨蛋,2023-07-09,21039.0
Green,南京三民,2023-07-09,22562.0
Green,松山,2023-07-09,29140.0
Green,南京復興,2023-07-09,18920.5
Green,小碧潭,2023-07-10,6658.0
Green,新店,2023-07-10,21268.0
Green,新店區公所,2023-07-10,23465.0
Green,七張,2023-07-10,28450.0
Green,大坪林,2023-07-10,28037.0
Green,景美,2023-07-10,28076.0
Green,萬隆,2023-07-10,18461.0
Green,公館,2023-07-10,45887.0
Green,台電大樓,2023-07-10,28716.0
Green,古亭,2023-07-10,29494.0
Green,中正紀念堂,2023-07-10,17755.5
Green,小南門,2023-07-10,17141.0
Green,中山,2023-07-10,36674.5
Green,西門,2023-07-10,49860.5
Green,北門,2023-07-10,26734.0
Green,松江南京,2023-07-10,34698.0
Green,台北小巨蛋,2023-07-10,44300.0
Green,南京三民,2023-07-10,45930.0
Green,松山,2023-07-10,48870.0
Green,南京復興,2023-07-10,40859.5
Green,小碧潭,2023-07-11,6669.0
Green,新店,2023-07-11,21517.0
Green,新店區公所,2023-07-11,24092.0
Green,七張,2023-07-11,28685.0
Green,大坪林,2023-07-11,28502.0
Green,景美,2023-07-11,29389.0
Green,萬隆,2023-07-11,18522.0
Green,公館,2023-07-11,45479.0
Green,台電大樓,2023-07-11,29918.0
Green,古亭,2023-07-11,31467.5
Green,中正紀念堂,2023-07-11,19087.5
Green,小南門,2023-07-11,17612.0
Green,中山,2023-07-11,37890.5
Green,西門,2023-07-11,50040.5
Green,北門,2023-07-11,27067.0
Green,松江南京,2023-07-11,36491.0
Green,台北小巨蛋,2023-07-11,45129.0
Green,南京三民,2023-07-11,46407.0
Green,松山,2023-07-11,49940.0
Green,南京復興,2023-07-11,42429.5
Green,小碧潭,2023-07-12,6538.0
Green,新店,2023-07-12,21947.0
Green,新店區公所,2023-07-12,24924.0
Green,七張,2023-07-12,29379.0
Green,大坪林,2023-07-12,28871.0
Green,景美,2023-07-12,28418.0
Green,萬隆,2023-07-12,19384.0
Green,公館,2023-07-12,48173.0
Green,台電大樓,2023-07-12,31563.0
Green,古亭,2023-07-12,32695.0
Green,中正紀念堂,2023-07-12,19975.0
Green,小南門,2023-07-12,18303.0
Green,中山,2023-07-12,40566.5
Green,西門,2023-07-12,55713.5
Green,北門,2023-07-12,41116.0
Green,松江南京,2023-07-12,37509.0
Green,台北小巨蛋,2023-07-12,46692.0
Green,南京三民,2023-07-12,48272.0
Green,松山,2023-07-12,51019.0
Green,南京復興,2023-07-12,43551.0
Green,小碧潭,2023-07-13,6941.0
Green,新店,2023-07-13,22264.0
Green,新店區公所,2023-07-13,24176.0
Green,七張,2023-07-13,29288.0
Green,大坪林,2023-07-13,28730.0
Green,景美,2023-07-13,28561.0
Green,萬隆,2023-07-13,18951.0
Green,公館,2023-07-13,48468.0
Green,台電大樓,2023-07-13,31321.0
Green,古亭,2023-07-13,32296.5
Green,中正紀念堂,2023-07-13,20456.5
Green,小南門,2023-07-13,17912.0
Green,中山,2023-07-13,40334.5
Green,西門,2023-07-13,53501.5
Green,北門,2023-07-13,28711.0
Green,松江南京,2023-07-13,36868.5
Green,台北小巨蛋,2023-07-13,46252.0
Green,南京三民,2023-07-13,47637.0
Green,松山,2023-07-13,50748.0
Green,南京復興,2023-07-13,42909.0
Green,小碧潭,2023-07-14,7366.0
Green,新店,2023-07-14,23709.0
Green,新店區公所,2023-07-14,25646.0
Green,七張,2023-07-14,31087.0
Green,大坪林,2023-07-14,30487.0
Green,景美,2023-07-14,30071.0
Green,萬隆,2023-07-14,20389.0
Green,公館,2023-07-14,52056.0
Green,台電大樓,2023-07-14,33385.0
Green,古亭,2023-07-14,32901.0
Green,中正紀念堂,2023-07-14,22277.5
Green,小南門,2023-07-14,18520.0
Green,中山,2023-07-14,46502.5
Green,西門,2023-07-14,60227.5
Green,北門,2023-07-14,30878.0
Green,松江南京,2023-07-14,40062.5
Green,台北小巨蛋,2023-07-14,46493.0
Green,南京三民,2023-07-14,49966.0
Green,松山,2023-07-14,53871.0
Green,南京復興,2023-07-14,44902.5
Green,小碧潭,2023-07-15,8375.0
Green,新店,2023-07-15,22407.0
Green,新店區公所,2023-07-15,18963.0
Green,七張,2023-07-15,23841.0
Green,大坪林,2023-07-15,21103.5
Green,景美,2023-07-15,25888.0
Green,萬隆,2023-07-15,16391.0
Green,公館,2023-07-15,47207.0
Green,台電大樓,2023-07-15,26114.0
Green,古亭,2023-07-15,23666.0
Green,中正紀念堂,2023-07-15,17071.5
Green,小南門,2023-07-15,7719.0
Green,中山,2023-07-15,44963.0
Green,西門,2023-07-15,60082.5
Green,北門,2023-07-15,27248.0
Green,松江南京,2023-07-15,21362.0
Green,台北小巨蛋,2023-07-15,32963.0
Green,南京三民,2023-07-15,28146.0
Green,松山,2023-07-15,38560.0
Green,南京復興,2023-07-15,25561.0
Green,小碧潭,2023-07-16,7169.0
Green,新店,2023-07-16,20690.0
Green,新店區公所,2023-07-16,16186.0
Green,七張,2023-07-16,20528.0
Green,大坪林,2023-07-16,17286.0
Green,景美,2023-07-16,22300.0
Green,萬隆,2023-07-16,14621.0
Green,公館,2023-07-16,43572.0
Green,台電大樓,2023-07-16,22536.0
Green,古亭,2023-07-16,18788.5
Green,中正紀念堂,2023-07-16,15372.0
Green,小南門,2023-07-16,6960.0
Green,中山,2023-07-16,36360.5
Green,西門,2023-07-16,51547.0
Green,北門,2023-07-16,23101.0
Green,松江南京,2023-07-16,16800.5
Green,台北小巨蛋,2023-07-16,27188.0
Green,南京三民,2023-07-16,23239.0
Green,松山,2023-07-16,30835.0
Green,南京復興,2023-07-16,20381.0
Green,小碧潭,2023-07-17,6507.0
Green,新店,2023-07-17,21425.0
Green,新店區公所,2023-07-17,23492.0
Green,七張,2023-07-17,27931.0
Green,大坪林,2023-07-17,27554.5
Green,景美,2023-07-17,27552.0
Green,萬隆,2023-07-17,18261.0
Green,公館,2023-07-17,44457.0
Green,台電大樓,2023-07-17,29065.0
Green,古亭,2023-07-17,29654.0
Green,中正紀念堂,2023-07-17,18395.0
Green,小南門,2023-07-17,17644.0
Green,中山,2023-07-17,36542.5
Green,西門,2023-07-17,50759.0
Green,北門,2023-07-17,27147.0
Green,松江南京,2023-07-17,35374.0
Green,台北小巨蛋,2023-07-17,43812.0
Green,南京三民,2023-07-17,47141.0
Green,松山,2023-07-17,48726.0
Green,南京復興,2023-07-17,41011.5
Green,小碧潭,2023-07-18,6427.0
Green,新店,2023-07-18,21344.0
Green,新店區公所,2023-07-18,24289.0
Green,七張,2023-07-18,28673.0
Green,大坪林,2023-07-18,28556.5
Green,景美,2023-07-18,28198.0
Green,萬隆,2023-07-18,19097.0
Green,公館,2023-07-18,47016.0
Green,台電大樓,2023-07-18,30958.0
Green,古亭,2023-07-18,30908.5
Green,中正紀念堂,2023-07-18,19189.5
Green,小南門,2023-07-18,17732.0
Green,中山,2023-07-18,38017.0
Green,西門,2023-07-18,51903.5
Green,北門,2023-07-18,28397.0
Green,松江南京,2023-07-18,36719.0
Green,台北小巨蛋,2023-07-18,52565.0
Green,南京三民,2023-07-18,48423.0
Green,松山,2023-07-18,50387.0
Green,南京復興,2023-07-18,43492.0
Green,小碧潭,2023-07-19,6861.0
Green,新店,2023-07-19,22051.0
Green,新店區公所,2023-07-19,24793.0
Green,七張,2023-07-19,29474.0
Green,大坪林,2023-07-19,29268.5
Green,景美,2023-07-19,28902.0
Green,萬隆,2023-07-19,19572.0
Green,公館,2023-07-19,48682.0
Green,台電大樓,2023-07-19,32163.0
Green,古亭,2023-07-19,31759.5
Green,中正紀念堂,2023-07-19,20075.5
Green,小南門,2023-07-19,17862.0
Green,中山,2023-07-19,41630.5
Green,西門,2023-07-19,55162.5
Green,北門,2023-07-19,39875.0
Green,松江南京,2023-07-19,37259.0
Green,台北小巨蛋,2023-07-19,52891.0
Green,南京三民,2023-07-19,49329.0
Green,松山,2023-07-19,52287.0
Green,南京復興,2023-07-19,43904.5
Green,小碧潭,2023-07-20,6739.0
Green,新店,2023-07-20,21699.0
Green,新店區公所,2023-07-20,24550.0
Green,七張,2023-07-20,28749.0
Green,大坪林,2023-07-20,28932.5
Green,景美,2023-07-20,28191.0
Green,萬隆,2023-07-20,19316.0
Green,公館,2023-07-20,46815.0
Green,台電大樓,2023-07-20,30866.0
Green,古亭,2023-07-20,31718.0
Green,中正紀念堂,2023-07-20,20004.5
Green,小南門,2023-07-20,18376.0
Green,中山,2023-07-20,40360.5
Green,西門,2023-07-20,52391.5
Green,北門,2023-07-20,28070.0
Green,松江南京,2023-07-20,36871.5
Green,台北小巨蛋,2023-07-20,45671.0
Green,南京三民,2023-07-20,49611.0
Green,松山,2023-07-20,50163.0
Green,南京復興,2023-07-20,43732.5
Green,小碧潭,2023-07-21,7291.0
Green,新店,2023-07-21,22924.0
Green,新店區公所,2023-07-21,25775.0
Green,七張,2023-07-21,30436.0
Green,大坪林,2023-07-21,30198.5
Green,景美,2023-07-21,30502.0
Green,萬隆,2023-07-21,20173.0
Green,公館,2023-07-21,51855.0
Green,台電大樓,2023-07-21,32314.0
Green,古亭,2023-07-21,32796.5
Green,中正紀念堂,2023-07-21,20598.0
Green,小南門,2023-07-21,18218.0
Green,中山,2023-07-21,46088.0
Green,西門,2023-07-21,59573.5
Green,北門,2023-07-21,29536.0
Green,松江南京,2023-07-21,38556.5
Green,台北小巨蛋,2023-07-21,52996.0
Green,南京三民,2023-07-21,49046.0
Green,松山,2023-07-21,54170.0
Green,南京復興,2023-07-21,44840.0
Green,小碧潭,2023-07-22,6709.0
Green,新店,2023-07-22,21556.0
Green,新店區公所,2023-07-22,18274.0
Green,七張,2023-07-22,22579.0
Green,大坪林,2023-07-22,20379.5
Green,景美,2023-07-22,25736.0
Green,萬隆,2023-07-22,16462.0
Green,公館,2023-07-22,45323.0
Green,台電大樓,2023-07-22,26179.0
Green,古亭,2023-07-22,22961.0
Green,中正紀念堂,2023-07-22,13632.0
Green,小南門,2023-07-22,7933.0
Green,中山,2023-07-22,42791.5
Green,西門,2023-07-22,56995.0
Green,北門,2023-07-22,23936.0
Green,松江南京,2023-07-22,20773.5
Green,台北小巨蛋,2023-07-22,31824.0
Green,南京三民,2023-07-22,27276.0
Green,松山,2023-07-22,35364.0
Green,南京復興,2023-07-22,24804.0
Green,小碧潭,2023-07-23,6446.0
Green,新店,2023-07-23,18971.0
Green,新店區公所,2023-07-23,15646.0
Green,七張,2023-07-23,19676.0
Green,大坪林,2023-07-23,16324.5
Green,景美,2023-07-23,22726.0
Green,萬隆,2023-07-23,14137.0
Green,公館,2023-07-23,41949.0
Green,台電大樓,2023-07-23,22800.0
Green,古亭,2023-07-23,18416.0
Green,中正紀念堂,2023-07-23,11481.0
Green,小南門,2023-07-23,6554.0
Green,中山,2023-07-23,34882.0
Green,西門,2023-07-23,50024.0
Green,北門,2023-07-23,20305.0
Green,松江南京,2023-07-23,15722.5
Green,台北小巨蛋,2023-07-23,27289.0
Green,南京三民,2023-07-23,22129.0
Green,松山,2023-07-23,30359.0
Green,南京復興,2023-07-23,19114.5
Green,小碧潭,2023-07-24,6439.0
Green,新店,2023-07-24,21543.0
Green,新店區公所,2023-07-24,23961.0
Green,七張,2023-07-24,28448.0
Green,大坪林,2023-07-24,27577.5
Green,景美,2023-07-24,27858.0
Green,萬隆,2023-07-24,18373.0
Green,公館,2023-07-24,44694.0
Green,台電大樓,2023-07-24,29365.0
Green,古亭,2023-07-24,29377.5
Green,中正紀念堂,2023-07-24,18488.0
Green,小南門,2023-07-24,17298.0
Green,中山,2023-07-24,36242.0
Green,西門,2023-07-24,50586.5
Green,北門,2023-07-24,26613.0
Green,松江南京,2023-07-24,34805.0
Green,台北小巨蛋,2023-07-24,43176.0
Green,南京三民,2023-07-24,46795.0
Green,松山,2023-07-24,49365.0
Green,南京復興,2023-07-24,41709.0
Green,小碧潭,2023-07-25,6553.0
Green,新店,2023-07-25,22151.0
Green,新店區公所,2023-07-25,24619.0
Green,七張,2023-07-25,29103.0
Green,大坪林,2023-07-25,29101.5
Green,景美,2023-07-25,29837.0
Green,萬隆,2023-07-25,19446.0
Green,公館,2023-07-25,47343.0
Green,台電大樓,2023-07-25,30614.0
Green,古亭,2023-07-25,30930.0
Green,中正紀念堂,2023-07-25,19572.5
Green,小南門,2023-07-25,18220.0
Green,中山,2023-07-25,38640.0
Green,西門,2023-07-25,51744.0
Green,北門,2023-07-25,28154.0
Green,松江南京,2023-07-25,36271.0
Green,台北小巨蛋,2023-07-25,45246.0
Green,南京三民,2023-07-25,48721.0
Green,松山,2023-07-25,49697.0
Green,南京復興,2023-07-25,43079.0
Green,小碧潭,2023-07-26,5830.0
Green,新店,2023-07-26,18524.0
Green,新店區公所,2023-07-26,22287.0
Green,七張,2023-07-26,26445.0
Green,大坪林,2023-07-26,26734.0
Green,景美,2023-07-26,25723.0
Green,萬隆,2023-07-26,17828.0
Green,公館,2023-07-26,41813.0
Green,台電大樓,2023-07-26,28576.0
Green,古亭,2023-07-26,29204.0
Green,中正紀念堂,2023-07-26,18300.0
Green,小南門,2023-07-26,17137.0
Green,中山,2023-07-26,34744.0
Green,西門,2023-07-26,45594.0
Green,北門,2023-07-26,25782.0
Green,松江南京,2023-07-26,34718.0
Green,台北小巨蛋,2023-07-26,42534.0
Green,南京三民,2023-07-26,46774.0
Green,松山,2023-07-26,45571.0
Green,南京復興,2023-07-26,41377.0
Green,小碧潭,2023-07-27,5777.0
Green,新店,2023-07-27,18592.0
Green,新店區公所,2023-07-27,22025.0
Green,七張,2023-07-27,26215.0
Green,大坪林,2023-07-27,26380.5
Green,景美,2023-07-27,26335.0
Green,萬隆,2023-07-27,17499.0
Green,公館,2023-07-27,42813.0
Green,台電大樓,2023-07-27,28385.0
Green,古亭,2023-07-27,28820.0
Green,中正紀念堂,2023-07-27,19758.5
Green,小南門,2023-07-27,17146.0
Green,中山,2023-07-27,36538.0
Green,西門,2023-07-27,49233.0
Green,北門,2023-07-27,25921.0
Green,松江南京,2023-07-27,34333.0
Green,台北小巨蛋,2023-07-27,42839.0
Green,南京三民,2023-07-27,46680.0
Green,松山,2023-07-27,46880.0
Green,南京復興,2023-07-27,41185.5
Green,小碧潭,2023-07-28,6906.0
Green,新店,2023-07-28,22076.0
Green,新店區公所,2023-07-28,25364.0
Green,七張,2023-07-28,30273.0
Green,大坪林,2023-07-28,30162.0
Green,景美,2023-07-28,30333.0
Green,萬隆,2023-07-28,19868.0
Green,公館,2023-07-28,50726.0
Green,台電大樓,2023-07-28,32877.0
Green,古亭,2023-07-28,32275.5
Green,中正紀念堂,2023-07-28,21803.0
Green,小南門,2023-07-28,18730.0
Green,中山,2023-07-28,45473.5
Green,西門,2023-07-28,59626.5
Green,北門,2023-07-28,29456.0
Green,松江南京,2023-07-28,38489.0
Green,台北小巨蛋,2023-07-28,46762.0
Green,南京三民,2023-07-28,49102.0
Green,松山,2023-07-28,53142.0
Green,南京復興,2023-07-28,45540.0
Green,小碧潭,2023-07-29,7362.0
Green,新店,2023-07-29,21749.0
Green,新店區公所,2023-07-29,18499.0
Green,七張,2023-07-29,23480.0
Green,大坪林,2023-07-29,20460.5
Green,景美,2023-07-29,27079.0
Green,萬隆,2023-07-29,16404.0
Green,公館,2023-07-29,49125.0
Green,台電大樓,2023-07-29,25763.0
Green,古亭,2023-07-29,23759.0
Green,中正紀念堂,2023-07-29,15627.5
Green,小南門,2023-07-29,8338.0
Green,中山,2023-07-29,45392.5
Green,西門,2023-07-29,60274.5
Green,北門,2023-07-29,25358.0
Green,松江南京,2023-07-29,20946.0
Green,台北小巨蛋,2023-07-29,35226.0
Green,南京三民,2023-07-29,27994.0
Green,松山,2023-07-29,38071.0
Green,南京復興,2023-07-29,25192.5
Green,小碧潭,2023-07-30,6988.0
Green,新店,2023-07-30,19365.0
Green,新店區公所,2023-07-30,15530.0
Green,七張,2023-07-30,19465.0
Green,大坪林,2023-07-30,16489.5
Green,景美,2023-07-30,23013.0
Green,萬隆,2023-07-30,14087.0
Green,公館,2023-07-30,40066.0
Green,台電大樓,2023-07-30,21298.0
Green,古亭,2023-07-30,18155.0
Green,中正紀念堂,2023-07-30,12681.0
Green,小南門,2023-07-30,6474.0
Green,中山,2023-07-30,35654.5
Green,西門,2023-07-30,48604.0
Green,北門,2023-07-30,20245.0
Green,松江南京,2023-07-30,16061.5
Green,台北小巨蛋,2023-07-30,29563.0
Green,南京三民,2023-07-30,21797.0
Green,松山,2023-07-30,30288.0
Green,南京復興,2023-07-30,20014.5
Green,小碧潭,2023-07-31,6484.0
Green,新店,2023-07-31,21837.0
Green,新店區公所,2023-07-31,24120.0
Green,七張,2023-07-31,28534.0
Green,大坪林,2023-07-31,28021.5
Green,景美,2023-07-31,28035.0
Green,萬隆,2023-07-31,18539.0
Green,公館,2023-07-31,45503.0
Green,台電大樓,2023-07-31,30147.0
Green,古亭,2023-07-31,29723.0
Green,中正紀念堂,2023-07-31,19055.0
Green,小南門,2023-07-31,18597.0
Green,中山,2023-07-31,37545.5
Green,西門,2023-07-31,50790.0
Green,北門,2023-07-31,27980.0
Green,松江南京,2023-07-31,35244.0
Green,台北小巨蛋,2023-07-31,43373.0
Green,南京三民,2023-07-31,46965.0
Green,松山,2023-07-31,49655.0
Green,南京復興,2023-07-31,42353.0
Green,小碧潭,2023-08-01,6418.0
Green,新店,2023-08-01,20918.0
Green,新店區公所,2023-08-01,24491.0
Green,七張,2023-08-01,28624.0
Green,大坪林,2023-08-01,28730.0
Green,景美,2023-08-01,28421.0
Green,萬隆,2023-08-01,19110.0
Green,公館,2023-08-01,45838.0
Green,台電大樓,2023-08-01,31010.0
Green,古亭,2023-08-01,31065.0
Green,中正紀念堂,2023-08-01,20783.5
Green,小南門,2023-08-01,18729.0
Green,中山,2023-08-01,37898.5
Green,西門,2023-08-01,49701.5
Green,北門,2023-08-01,27262.0
Green,松江南京,2023-08-01,36970.5
Green,台北小巨蛋,2023-08-01,45365.0
Green,南京三民,2023-08-01,49057.0
Green,松山,2023-08-01,49378.0
Green,南京復興,2023-08-01,44402.5
Green,小碧潭,2023-08-02,6249.0
Green,新店,2023-08-02,20915.0
Green,新店區公所,2023-08-02,24353.0
Green,七張,2023-08-02,28984.0
Green,大坪林,2023-08-02,29193.5
Green,景美,2023-08-02,28822.0
Green,萬隆,2023-08-02,19381.0
Green,公館,2023-08-02,45783.0
Green,台電大樓,2023-08-02,31445.0
Green,古亭,2023-08-02,32009.0
Green,中正紀念堂,2023-08-02,20663.0
Green,小南門,2023-08-02,18632.0
Green,中山,2023-08-02,39328.5
Green,西門,2023-08-02,51526.0
Green,北門,2023-08-02,28407.0
Green,松江南京,2023-08-02,37429.5
Green,台北小巨蛋,2023-08-02,47708.0
Green,南京三民,2023-08-02,50024.0
Green,松山,2023-08-02,49624.0
Green,南京復興,2023-08-02,45312.5
Green,小碧潭,2023-08-03,2636.0
Green,新店,2023-08-03,6140.0
Green,新店區公所,2023-08-03,6080.0
Green,七張,2023-08-03,8266.0
Green,大坪林,2023-08-03,7247.0
Green,景美,2023-08-03,8690.0
Green,萬隆,2023-08-03,6241.0
Green,公館,2023-08-03,14701.0
Green,台電大樓,2023-08-03,7644.0
Green,古亭,2023-08-03,7489.0
Green,中正紀念堂,2023-08-03,3949.0
Green,小南門,2023-08-03,2852.0
Green,中山,2023-08-03,11614.0
Green,西門,2023-08-03,21370.0
Green,北門,2023-08-03,7971.0
Green,松江南京,2023-08-03,7752.0
Green,台北小巨蛋,2023-08-03,7558.0
Green,南京三民,2023-08-03,9822.0
Green,松山,2023-08-03,10724.0
Green,南京復興,2023-08-03,8291.5
Green,小碧潭,2023-08-04,6572.0
Green,新店,2023-08-04,21554.0
Green,新店區公所,2023-08-04,24894.0
Green,七張,2023-08-04,29989.0
Green,大坪林,2023-08-04,30213.5
Green,景美,2023-08-04,29970.0
Green,萬隆,2023-08-04,19621.0
Green,公館,2023-08-04,49903.0
Green,台電大樓,2023-08-04,32675.0
Green,古亭,2023-08-04,32255.5
Green,中正紀念堂,2023-08-04,21468.5
Green,小南門,2023-08-04,18083.0
Green,中山,2023-08-04,44609.0
Green,西門,2023-08-04,56666.0
Green,北門,2023-08-04,29437.0
Green,松江南京,2023-08-04,38846.5
Green,台北小巨蛋,2023-08-04,47602.0
Green,南京三民,2023-08-04,49674.0
Green,松山,2023-08-04,53341.0
Green,南京復興,2023-08-04,45551.0
Green,小碧潭,2023-08-05,7169.0
Green,新店,2023-08-05,21486.0
Green,新店區公所,2023-08-05,18391.0
Green,七張,2023-08-05,23862.0
Green,大坪林,2023-08-05,21571.0
Green,景美,2023-08-05,27179.0
Green,萬隆,2023-08-05,16676.0
Green,公館,2023-08-05,46882.0
Green,台電大樓,2023-08-05,26202.0
Green,古亭,2023-08-05,23914.0
Green,中正紀念堂,2023-08-05,15563.0
Green,小南門,2023-08-05,8466.0
Green,中山,2023-08-05,45080.5
Green,西門,2023-08-05,58342.5
Green,北門,2023-08-05,24502.0
Green,松江南京,2023-08-05,21671.0
Green,台北小巨蛋,2023-08-05,36734.0
Green,南京三民,2023-08-05,28072.0
Green,松山,2023-08-05,38892.0
Green,南京復興,2023-08-05,26034.0
Green,小碧潭,2023-08-06,7107.0
Green,新店,2023-08-06,19053.0
Green,新店區公所,2023-08-06,16163.0
Green,七張,2023-08-06,20216.0
Green,大坪林,2023-08-06,17466.0
Green,景美,2023-08-06,23109.0
Green,萬隆,2023-08-06,14390.0
Green,公館,2023-08-06,40507.0
Green,台電大樓,2023-08-06,21999.0
Green,古亭,2023-08-06,18844.5
Green,中正紀念堂,2023-08-06,12169.5
Green,小南門,2023-08-06,6850.0
Green,中山,2023-08-06,37412.5
Green,西門,2023-08-06,48778.0
Green,北門,2023-08-06,20701.0
Green,松江南京,2023-08-06,16692.0
Green,台北小巨蛋,2023-08-06,32670.0
Green,南京三民,2023-08-06,22787.0
Green,松山,2023-08-06,31731.0
Green,南京復興,2023-08-06,21185.5
Green,小碧潭,2023-08-07,6571.0
Green,新店,2023-08-07,21563.0
Green,新店區公所,2023-08-07,24183.0
Green,七張,2023-08-07,29156.0
Green,大坪林,2023-08-07,28950.5
Green,景美,2023-08-07,28150.0
Green,萬隆,2023-08-07,18823.0
Green,公館,2023-08-07,45090.0
Green,台電大樓,2023-08-07,30244.0
Green,古亭,2023-08-07,30297.0
Green,中正紀念堂,2023-08-07,18699.0
Green,小南門,2023-08-07,18557.0
Green,中山,2023-08-07,38842.5
Green,西門,2023-08-07,50345.5
Green,北門,2023-08-07,27926.0
Green,松江南京,2023-08-07,36155.0
Green,台北小巨蛋,2023-08-07,45870.0
Green,南京三民,2023-08-07,48166.0
Green,松山,2023-08-07,50267.0
Green,南京復興,2023-08-07,43426.5
Green,小碧潭,2023-08-08,6673.0
Green,新店,2023-08-08,22206.0
Green,新店區公所,2023-08-08,24725.0
Green,七張,2023-08-08,29683.0
Green,大坪林,2023-08-08,29429.0
Green,景美,2023-08-08,28800.0
Green,萬隆,2023-08-08,19277.0
Green,公館,2023-08-08,45932.0
Green,台電大樓,2023-08-08,30623.0
Green,古亭,2023-08-08,31336.5
Green,中正紀念堂,2023-08-08,20429.5
Green,小南門,2023-08-08,18395.0
Green,中山,2023-08-08,39118.5
Green,西門,2023-08-08,50273.0
Green,北門,2023-08-08,28510.0
Green,松江南京,2023-08-08,35625.5
Green,台北小巨蛋,2023-08-08,46184.0
Green,南京三民,2023-08-08,48629.0
Green,松山,2023-08-08,50547.0
Green,南京復興,2023-08-08,44134.0
Green,小碧潭,2023-08-09,6768.0
Green,新店,2023-08-09,22498.0
Green,新店區公所,2023-08-09,24906.0
Green,七張,2023-08-09,30257.0
Green,大坪林,2023-08-09,29921.5
Green,景美,2023-08-09,29124.0
Green,萬隆,2023-08-09,19784.0
Green,公館,2023-08-09,47913.0
Green,台電大樓,2023-08-09,31573.0
Green,古亭,2023-08-09,32013.5
Green,中正紀念堂,2023-08-09,20609.0
Green,小南門,2023-08-09,18892.0
Green,中山,2023-08-09,42844.0
Green,西門,2023-08-09,54692.5
Green,北門,2023-08-09,43996.0
Green,松江南京,2023-08-09,37679.5
Green,台北小巨蛋,2023-08-09,48295.0
Green,南京三民,2023-08-09,51090.0
Green,松山,2023-08-09,52217.0
Green,南京復興,2023-08-09,45937.0
Green,小碧潭,2023-08-10,7092.0
Green,新店,2023-08-10,21921.0
Green,新店區公所,2023-08-10,25037.0
Green,七張,2023-08-10,30086.0
Green,大坪林,2023-08-10,29795.5
Green,景美,2023-08-10,28562.0
Green,萬隆,2023-08-10,19678.0
Green,公館,2023-08-10,46043.0
Green,台電大樓,2023-08-10,31784.0
Green,古亭,2023-08-10,32119.5
Green,中正紀念堂,2023-08-10,20938.5
Green,小南門,2023-08-10,18576.0
Green,中山,2023-08-10,41110.0
Green,西門,2023-08-10,50634.5
Green,北門,2023-08-10,29723.0
Green,松江南京,2023-08-10,37521.0
Green,台北小巨蛋,2023-08-10,48900.0
Green,南京三民,2023-08-10,50167.0
Green,松山,2023-08-10,52995.0
Green,南京復興,2023-08-10,46363.5
Green,小碧潭,2023-08-11,7027.0
Green,新店,2023-08-11,22294.0
Green,新店區公所,2023-08-11,25698.0
Green,七張,2023-08-11,30913.0
Green,大坪林,2023-08-11,30768.5
Green,景美,2023-08-11,30090.0
Green,萬隆,2023-08-11,20450.0
Green,公館,2023-08-11,50771.0
Green,台電大樓,2023-08-11,33442.0
Green,古亭,2023-08-11,33101.5
Green,中正紀念堂,2023-08-11,20993.0
Green,小南門,2023-08-11,18463.0
Green,中山,2023-08-11,47139.5
Green,西門,2023-08-11,59021.5
Green,北門,2023-08-11,31447.0
Green,松江南京,2023-08-11,40282.0
Green,台北小巨蛋,2023-08-11,60376.0
Green,南京三民,2023-08-11,51732.0
Green,松山,2023-08-11,53772.0
Green,南京復興,2023-08-11,48053.0
Green,小碧潭,2023-08-12,7458.0
Green,新店,2023-08-12,21086.0
Green,新店區公所,2023-08-12,19004.0
Green,七張,2023-08-12,24376.0
Green,大坪林,2023-08-12,21747.0
Green,景美,2023-08-12,26812.0
Green,萬隆,2023-08-12,16805.0
Green,公館,2023-08-12,65745.0
Green,台電大樓,2023-08-12,33636.0
Green,古亭,2023-08-12,24522.0
Green,中正紀念堂,2023-08-12,16222.5
Green,小南門,2023-08-12,8943.0
Green,中山,2023-08-12,48489.5
Green,西門,2023-08-12,64258.0
Green,北門,2023-08-12,27605.0
Green,松江南京,2023-08-12,22603.5
Green,台北小巨蛋,2023-08-12,40297.0
Green,南京三民,2023-08-12,29524.0
Green,松山,2023-08-12,40676.0
Green,南京復興,2023-08-12,27920.5
Green,小碧潭,2023-08-13,6712.0
Green,新店,2023-08-13,20859.0
Green,新店區公所,2023-08-13,16192.0
Green,七張,2023-08-13,20428.0
Green,大坪林,2023-08-13,17750.0
Green,景美,2023-08-13,23253.0
Green,萬隆,2023-08-13,14419.0
Green,公館,2023-08-13,53069.0
Green,台電大樓,2023-08-13,27173.0
Green,古亭,2023-08-13,18686.0
Green,中正紀念堂,2023-08-13,13512.5
Green,小南門,2023-08-13,7203.0
Green,中山,2023-08-13,38307.0
Green,西門,2023-08-13,53346.5
Green,北門,2023-08-13,22938.0
Green,松江南京,2023-08-13,17511.5
Green,台北小巨蛋,2023-08-13,33581.0
Green,南京三民,2023-08-13,24598.0
Green,松山,2023-08-13,34188.0
Green,南京復興,2023-08-13,21525.0
Green,小碧潭,2023-08-14,6562.0
Green,新店,2023-08-14,21600.0
Green,新店區公所,2023-08-14,23681.0
Green,七張,2023-08-14,28434.0
Green,大坪林,2023-08-14,28704.0
Green,景美,2023-08-14,28575.0
Green,萬隆,2023-08-14,19005.0
Green,公館,2023-08-14,45262.0
Green,台電大樓,2023-08-14,29421.0
Green,古亭,2023-08-14,30220.5
Green,中正紀念堂,2023-08-14,19521.5
Green,小南門,2023-08-14,17880.0
Green,中山,2023-08-14,39574.5
Green,西門,2023-08-14,52473.0
Green,北門,2023-08-14,29258.0
Green,松江南京,2023-08-14,35712.0
Green,台北小巨蛋,2023-08-14,44131.0
Green,南京三民,2023-08-14,47998.0
Green,松山,2023-08-14,51320.0
Green,南京復興,2023-08-14,43276.5
Green,小碧潭,2023-08-15,6908.0
Green,新店,2023-08-15,22241.0
Green,新店區公所,2023-08-15,24783.0
Green,七張,2023-08-15,29589.0
Green,大坪林,2023-08-15,30077.0
Green,景美,2023-08-15,29427.0
Green,萬隆,2023-08-15,19533.0
Green,公館,2023-08-15,47732.0
Green,台電大樓,2023-08-15,31764.0
Green,古亭,2023-08-15,31369.0
Green,中正紀念堂,2023-08-15,20640.5
Green,小南門,2023-08-15,18773.0
Green,中山,2023-08-15,40684.0
Green,西門,2023-08-15,53133.5
Green,北門,2023-08-15,29636.0
Green,松江南京,2023-08-15,37317.0
Green,台北小巨蛋,2023-08-15,45404.0
Green,南京三民,2023-08-15,49059.0
Green,松山,2023-08-15,52072.0
Green,南京復興,2023-08-15,44938.5
Green,小碧潭,2023-08-16,6222.0
Green,新店,2023-08-16,20997.0
Green,新店區公所,2023-08-16,23997.0
Green,七張,2023-08-16,28939.0
Green,大坪林,2023-08-16,29145.5
Green,景美,2023-08-16,27948.0
Green,萬隆,2023-08-16,19357.0
Green,公館,2023-08-16,46173.0
Green,台電大樓,2023-08-16,30982.0
Green,古亭,2023-08-16,31357.5
Green,中正紀念堂,2023-08-16,20107.5
Green,小南門,2023-08-16,17819.0
Green,中山,2023-08-16,40651.5
Green,西門,2023-08-16,51936.0
Green,北門,2023-08-16,41081.0
Green,松江南京,2023-08-16,36702.0
Green,台北小巨蛋,2023-08-16,46374.0
Green,南京三民,2023-08-16,50105.0
Green,松山,2023-08-16,51828.0
Green,南京復興,2023-08-16,45520.5
Green,小碧潭,2023-08-17,6820.0
Green,新店,2023-08-17,21287.0
Green,新店區公所,2023-08-17,24316.0
Green,七張,2023-08-17,29037.0
Green,大坪林,2023-08-17,29574.5
Green,景美,2023-08-17,28789.0
Green,萬隆,2023-08-17,19233.0
Green,公館,2023-08-17,47025.0
Green,台電大樓,2023-08-17,31147.0
Green,古亭,2023-08-17,31867.0
Green,中正紀念堂,2023-08-17,20993.5
Green,小南門,2023-08-17,17906.0
Green,中山,2023-08-17,41123.5
Green,西門,2023-08-17,52120.5
Green,北門,2023-08-17,29539.0
Green,松江南京,2023-08-17,36912.0
Green,台北小巨蛋,2023-08-17,45890.0
Green,南京三民,2023-08-17,49035.0
Green,松山,2023-08-17,51877.0
Green,南京復興,2023-08-17,45463.5
Green,小碧潭,2023-08-18,6832.0
Green,新店,2023-08-18,22780.0
Green,新店區公所,2023-08-18,25676.0
Green,七張,2023-08-18,30766.0
Green,大坪林,2023-08-18,31233.5
Green,景美,2023-08-18,31113.0
Green,萬隆,2023-08-18,20339.0
Green,公館,2023-08-18,52234.0
Green,台電大樓,2023-08-18,33169.0
Green,古亭,2023-08-18,32823.5
Green,中正紀念堂,2023-08-18,23032.5
Green,小南門,2023-08-18,18962.0
Green,中山,2023-08-18,47050.0
Green,西門,2023-08-18,59944.0
Green,北門,2023-08-18,31799.0
Green,松江南京,2023-08-18,39361.5
Green,台北小巨蛋,2023-08-18,47816.0
Green,南京三民,2023-08-18,50560.0
Green,松山,2023-08-18,54852.0
Green,南京復興,2023-08-18,47474.5
Green,小碧潭,2023-08-19,7475.0
Green,新店,2023-08-19,20752.0
Green,新店區公所,2023-08-19,18896.0
Green,七張,2023-08-19,23846.0
Green,大坪林,2023-08-19,21668.5
Green,景美,2023-08-19,26753.0
Green,萬隆,2023-08-19,16728.0
Green,公館,2023-08-19,49413.0
Green,台電大樓,2023-08-19,29568.0
Green,古亭,2023-08-19,24957.0
Green,中正紀念堂,2023-08-19,18004.5
Green,小南門,2023-08-19,8456.0
Green,中山,2023-08-19,46203.5
Green,西門,2023-08-19,60116.0
Green,北門,2023-08-19,27736.0
Green,松江南京,2023-08-19,22481.0
Green,台北小巨蛋,2023-08-19,34963.0
Green,南京三民,2023-08-19,29192.0
Green,松山,2023-08-19,38135.0
Green,南京復興,2023-08-19,26974.0
Green,小碧潭,2023-08-20,6675.0
Green,新店,2023-08-20,19200.0
Green,新店區公所,2023-08-20,16418.0
Green,七張,2023-08-20,20868.0
Green,大坪林,2023-08-20,17725.0
Green,景美,2023-08-20,23578.0
Green,萬隆,2023-08-20,14911.0
Green,公館,2023-08-20,39784.0
Green,台電大樓,2023-08-20,22884.0
Green,古亭,2023-08-20,19377.0
Green,中正紀念堂,2023-08-20,13056.5
Green,小南門,2023-08-20,7056.0
Green,中山,2023-08-20,39775.5
Green,西門,2023-08-20,54219.0
Green,北門,2023-08-20,57018.0
Green,松江南京,2023-08-20,17797.5
Green,台北小巨蛋,2023-08-20,23805.0
Green,南京三民,2023-08-20,23966.0
Green,松山,2023-08-20,30908.0
Green,南京復興,2023-08-20,21733.5
Green,小碧潭,2023-08-21,7864.0
Green,新店,2023-08-21,21460.0
Green,新店區公所,2023-08-21,23896.0
Green,七張,2023-08-21,29318.0
Green,大坪林,2023-08-21,28563.0
Green,景美,2023-08-21,27678.0
Green,萬隆,2023-08-21,18532.0
Green,公館,2023-08-21,45539.0
Green,台電大樓,2023-08-21,29393.0
Green,古亭,2023-08-21,29452.0
Green,中正紀念堂,2023-08-21,19016.5
Green,小南門,2023-08-21,18067.0
Green,中山,2023-08-21,39046.0
Green,西門,2023-08-21,53393.5
Green,北門,2023-08-21,28875.0
Green,松江南京,2023-08-21,35732.5
Green,台北小巨蛋,2023-08-21,43935.0
Green,南京三民,2023-08-21,47407.0
Green,松山,2023-08-21,50631.0
Green,南京復興,2023-08-21,43349.0
Green,小碧潭,2023-08-22,8704.0
Green,新店,2023-08-22,22210.0
Green,新店區公所,2023-08-22,24290.0
Green,七張,2023-08-22,30215.0
Green,大坪林,2023-08-22,29723.0
Green,景美,2023-08-22,29136.0
Green,萬隆,2023-08-22,19282.0
Green,公館,2023-08-22,47705.0
Green,台電大樓,2023-08-22,31024.0
Green,古亭,2023-08-22,30729.0
Green,中正紀念堂,2023-08-22,19541.5
Green,小南門,2023-08-22,18511.0
Green,中山,2023-08-22,40793.0
Green,西門,2023-08-22,53014.5
Green,北門,2023-08-22,30268.0
Green,松江南京,2023-08-22,37187.0
Green,台北小巨蛋,2023-08-22,46288.0
Green,南京三民,2023-08-22,48022.0
Green,松山,2023-08-22,52600.0
Green,南京復興,2023-08-22,45179.5
Green,小碧潭,2023-08-23,7782.0
Green,新店,2023-08-23,22060.0
Green,新店區公所,2023-08-23,24613.0
Green,七張,2023-08-23,29919.0
Green,大坪林,2023-08-23,29694.0
Green,景美,2023-08-23,29447.0
Green,萬隆,2023-08-23,19395.0
Green,公館,2023-08-23,46645.0
Green,台電大樓,2023-08-23,31354.0
Green,古亭,2023-08-23,31543.5
Green,中正紀念堂,2023-08-23,20240.0
Green,小南門,2023-08-23,18842.0
Green,中山,2023-08-23,40706.0
Green,西門,2023-08-23,52400.0
Green,北門,2023-08-23,29848.0
Green,松江南京,2023-08-23,37371.5
Green,台北小巨蛋,2023-08-23,46699.0
Green,南京三民,2023-08-23,48878.0
Green,松山,2023-08-23,51039.0
Green,南京復興,2023-08-23,45161.5
Green,小碧潭,2023-08-24,7613.0
Green,新店,2023-08-24,21892.0
Green,新店區公所,2023-08-24,24896.0
Green,七張,2023-08-24,29869.0
Green,大坪林,2023-08-24,29623.5
Green,景美,2023-08-24,29094.0
Green,萬隆,2023-08-24,19053.0
Green,公館,2023-08-24,48886.0
Green,台電大樓,2023-08-24,31353.0
Green,古亭,2023-08-24,31358.5
Green,中正紀念堂,2023-08-24,20030.5
Green,小南門,2023-08-24,18329.0
Green,中山,2023-08-24,40973.0
Green,西門,2023-08-24,53263.5
Green,北門,2023-08-24,29512.0
Green,松江南京,2023-08-24,36927.5
Green,台北小巨蛋,2023-08-24,46303.0
Green,南京三民,2023-08-24,48921.0
Green,松山,2023-08-24,51960.0
Green,南京復興,2023-08-24,44737.5
Green,小碧潭,2023-08-25,6964.0
Green,新店,2023-08-25,23243.0
Green,新店區公所,2023-08-25,25374.0
Green,七張,2023-08-25,30516.0
Green,大坪林,2023-08-25,30608.5
Green,景美,2023-08-25,30626.0
Green,萬隆,2023-08-25,20313.0
Green,公館,2023-08-25,53179.0
Green,台電大樓,2023-08-25,33167.0
Green,古亭,2023-08-25,31826.5
Green,中正紀念堂,2023-08-25,20850.5
Green,小南門,2023-08-25,17865.0
Green,中山,2023-08-25,45429.5
Green,西門,2023-08-25,58766.5
Green,北門,2023-08-25,31700.0
Green,松江南京,2023-08-25,38526.0
Green,台北小巨蛋,2023-08-25,46361.0
Green,南京三民,2023-08-25,48713.0
Green,松山,2023-08-25,54977.0
Green,南京復興,2023-08-25,45825.5
Green,小碧潭,2023-08-26,6926.0
Green,新店,2023-08-26,21349.0
Green,新店區公所,2023-08-26,18679.0
Green,七張,2023-08-26,23513.0
Green,大坪林,2023-08-26,19777.5
Green,景美,2023-08-26,25732.0
Green,萬隆,2023-08-26,16843.0
Green,公館,2023-08-26,49233.0
Green,台電大樓,2023-08-26,26795.0
Green,古亭,2023-08-26,24684.0
Green,中正紀念堂,2023-08-26,15868.0
Green,小南門,2023-08-26,8687.0
Green,中山,2023-08-26,43221.5
Green,西門,2023-08-26,54866.5
Green,北門,2023-08-26,24923.0
Green,松江南京,2023-08-26,20480.0
Green,台北小巨蛋,2023-08-26,26831.0
Green,南京三民,2023-08-26,28505.0
Green,松山,2023-08-26,38022.0
Green,南京復興,2023-08-26,25418.0
Green,小碧潭,2023-08-27,6566.0
Green,新店,2023-08-27,19343.0
Green,新店區公所,2023-08-27,15576.0
Green,七張,2023-08-27,19411.0
Green,大坪林,2023-08-27,16647.5
Green,景美,2023-08-27,21600.0
Green,萬隆,2023-08-27,14307.0
Green,公館,2023-08-27,44689.0
Green,台電大樓,2023-08-27,22477.0
Green,古亭,2023-08-27,19393.0
Green,中正紀念堂,2023-08-27,12328.0
Green,小南門,2023-08-27,6490.0
Green,中山,2023-08-27,34606.5
Green,西門,2023-08-27,46391.5
Green,北門,2023-08-27,21420.0
Green,松江南京,2023-08-27,15510.5
Green,台北小巨蛋,2023-08-27,22954.0
Green,南京三民,2023-08-27,22335.0
Green,松山,2023-08-27,31377.0
Green,南京復興,2023-08-27,19650.5
Green,小碧潭,2023-08-28,6345.0
Green,新店,2023-08-28,21555.0
Green,新店區公所,2023-08-28,24133.0
Green,七張,2023-08-28,28388.0
Green,大坪林,2023-08-28,28617.5
Green,景美,2023-08-28,27139.0
Green,萬隆,2023-08-28,18800.0
Green,公館,2023-08-28,48735.0
Green,台電大樓,2023-08-28,29592.0
Green,古亭,2023-08-28,29417.5
Green,中正紀念堂,2023-08-28,18062.5
Green,小南門,2023-08-28,17208.0
Green,中山,2023-08-28,37361.0
Green,西門,2023-08-28,50633.5
Green,北門,2023-08-28,28504.0
Green,松江南京,2023-08-28,35135.5
Green,台北小巨蛋,2023-08-28,46345.0
Green,南京三民,2023-08-28,45986.0
Green,松山,2023-08-28,49616.0
Green,南京復興,2023-08-28,42683.5
Green,小碧潭,2023-08-29,6371.0
Green,新店,2023-08-29,21326.0
Green,新店區公所,2023-08-29,23802.0
Green,七張,2023-08-29,28526.0
Green,大坪林,2023-08-29,29006.0
Green,景美,2023-08-29,28625.0
Green,萬隆,2023-08-29,19368.0
Green,公館,2023-08-29,50288.0
Green,台電大樓,2023-08-29,29924.0
Green,古亭,2023-08-29,30790.0
Green,中正紀念堂,2023-08-29,19414.5
Green,小南門,2023-08-29,17543.0
Green,中山,2023-08-29,38407.0
Green,西門,2023-08-29,50249.5
Green,北門,2023-08-29,28954.0
Green,松江南京,2023-08-29,35128.0
Green,台北小巨蛋,2023-08-29,45582.0
Green,南京三民,2023-08-29,47510.0
Green,松山,2023-08-29,49844.0
Green,南京復興,2023-08-29,43627.5
Green,小碧潭,2023-08-30,6564.0
Green,新店,2023-08-30,21223.0
Green,新店區公所,2023-08-30,23038.0
Green,七張,2023-08-30,28728.0
Green,大坪林,2023-08-30,29377.5
Green,景美,2023-08-30,27794.0
Green,萬隆,2023-08-30,18909.0
Green,公館,2023-08-30,49129.0
Green,台電大樓,2023-08-30,30522.0
Green,古亭,2023-08-30,29965.5
Green,中正紀念堂,2023-08-30,19933.5
Green,小南門,2023-08-30,18769.0
Green,中山,2023-08-30,36523.5
Green,西門,2023-08-30,47154.5
Green,北門,2023-08-30,27430.0
Green,松江南京,2023-08-30,35733.5
Green,台北小巨蛋,2023-08-30,45404.0
Green,南京三民,2023-08-30,48739.0
Green,松山,2023-08-30,48938.0
Green,南京復興,2023-08-30,42986.0
Green,小碧潭,2023-08-31,7044.0
Green,新店,2023-08-31,22292.0
Green,新店區公所,2023-08-31,24161.0
Green,七張,2023-08-31,29417.0
Green,大坪林,2023-08-31,29703.0
Green,景美,2023-08-31,28932.0
Green,萬隆,2023-08-31,19263.0
Green,公館,2023-08-31,50570.0
Green,台電大樓,2023-08-31,31498.0
Green,古亭,2023-08-31,31267.5
Green,中正紀念堂,2023-08-31,20527.5
Green,小南門,2023-08-31,19613.0
Green,中山,2023-08-31,38476.5
Green,西門,2023-08-31,48886.5
Green,北門,2023-08-31,28360.0
Green,松江南京,2023-08-31,37128.0
Green,台北小巨蛋,2023-08-31,46103.0
Green,南京三民,2023-08-31,49549.0
Green,松山,2023-08-31,49841.0
Green,南京復興,2023-08-31,44006.5
Green,小碧潭,2023-09-01,7397.0
Green,新店,2023-09-01,23297.0
Green,新店區公所,2023-09-01,25350.0
Green,七張,2023-09-01,31058.0
Green,大坪林,2023-09-01,31493.5
Green,景美,2023-09-01,30801.0
Green,萬隆,2023-09-01,20547.0
Green,公館,2023-09-01,55094.0
Green,台電大樓,2023-09-01,34740.0
Green,古亭,2023-09-01,33280.5
Green,中正紀念堂,2023-09-01,21696.0
Green,小南門,2023-09-01,20161.0
Green,中山,2023-09-01,43458.0
Green,西門,2023-09-01,54201.5
Green,北門,2023-09-01,29819.0
Green,松江南京,2023-09-01,40004.5
Green,台北小巨蛋,2023-09-01,47469.0
Green,南京三民,2023-09-01,51616.0
Green,松山,2023-09-01,52096.0
Green,南京復興,2023-09-01,46731.0
Green,小碧潭,2023-09-02,6276.0
Green,新店,2023-09-02,16578.0
Green,新店區公所,2023-09-02,16141.0
Green,七張,2023-09-02,20843.0
Green,大坪林,2023-09-02,19208.0
Green,景美,2023-09-02,24117.0
Green,萬隆,2023-09-02,15159.0
Green,公館,2023-09-02,44765.0
Green,台電大樓,2023-09-02,24914.0
Green,古亭,2023-09-02,22733.0
Green,中正紀念堂,2023-09-02,14835.5
Green,小南門,2023-09-02,7846.0
Green,中山,2023-09-02,39233.5
Green,西門,2023-09-02,48548.5
Green,北門,2023-09-02,21154.0
Green,松江南京,2023-09-02,18385.5
Green,台北小巨蛋,2023-09-02,23946.0
Green,南京三民,2023-09-02,25914.0
Green,松山,2023-09-02,30744.0
Green,南京復興,2023-09-02,23130.5
Green,小碧潭,2023-09-03,5824.0
Green,新店,2023-09-03,11325.0
Green,新店區公所,2023-09-03,11086.0
Green,七張,2023-09-03,14939.0
Green,大坪林,2023-09-03,13000.5
Green,景美,2023-09-03,16728.0
Green,萬隆,2023-09-03,10949.0
Green,公館,2023-09-03,33848.0
Green,台電大樓,2023-09-03,17893.0
Green,古亭,2023-09-03,15152.5
Green,中正紀念堂,2023-09-03,11267.5
Green,小南門,2023-09-03,5071.0
Green,中山,2023-09-03,27459.5
Green,西門,2023-09-03,36221.5
Green,北門,2023-09-03,15535.0
Green,松江南京,2023-09-03,12376.0
Green,台北小巨蛋,2023-09-03,15964.0
Green,南京三民,2023-09-03,18088.0
Green,松山,2023-09-03,20350.0
Green,南京復興,2023-09-03,16349.0
Green,小碧潭,2023-09-04,6729.0
Green,新店,2023-09-04,19764.0
Green,新店區公所,2023-09-04,23374.0
Green,七張,2023-09-04,28495.0
Green,大坪林,2023-09-04,29231.5
Green,景美,2023-09-04,27824.0
Green,萬隆,2023-09-04,18473.0
Green,公館,2023-09-04,54941.0
Green,台電大樓,2023-09-04,30131.0
Green,古亭,2023-09-04,30259.5
Green,中正紀念堂,2023-09-04,19961.0
Green,小南門,2023-09-04,21010.0
Green,中山,2023-09-04,35403.5
Green,西門,2023-09-04,47706.5
Green,北門,2023-09-04,27278.0
Green,松江南京,2023-09-04,35261.0
Green,台北小巨蛋,2023-09-04,44502.0
Green,南京三民,2023-09-04,48559.0
Green,松山,2023-09-04,47242.0
Green,南京復興,2023-09-04,42893.5
Green,小碧潭,2023-09-05,6734.0
Green,新店,2023-09-05,22087.0
Green,新店區公所,2023-09-05,24266.0
Green,七張,2023-09-05,30229.0
Green,大坪林,2023-09-05,30662.0
Green,景美,2023-09-05,30671.0
Green,萬隆,2023-09-05,19581.0
Green,公館,2023-09-05,56701.0
Green,台電大樓,2023-09-05,31632.0
Green,古亭,2023-09-05,32000.0
Green,中正紀念堂,2023-09-05,22107.0
Green,小南門,2023-09-05,19936.0
Green,中山,2023-09-05,37424.5
Green,西門,2023-09-05,48228.5
Green,北門,2023-09-05,28791.0
Green,松江南京,2023-09-05,36726.0
Green,台北小巨蛋,2023-09-05,46066.0
Green,南京三民,2023-09-05,50263.0
Green,松山,2023-09-05,50187.0
Green,南京復興,2023-09-05,44296.0
Green,小碧潭,2023-09-06,7285.0
Green,新店,2023-09-06,22239.0
Green,新店區公所,2023-09-06,24861.0
Green,七張,2023-09-06,30781.0
Green,大坪林,2023-09-06,31518.0
Green,景美,2023-09-06,29841.0
Green,萬隆,2023-09-06,20104.0
Green,公館,2023-09-06,57943.0
Green,台電大樓,2023-09-06,32633.0
Green,古亭,2023-09-06,32558.0
Green,中正紀念堂,2023-09-06,22058.0
Green,小南門,2023-09-06,20345.0
Green,中山,2023-09-06,38681.5
Green,西門,2023-09-06,48511.0
Green,北門,2023-09-06,28505.0
Green,松江南京,2023-09-06,37661.0
Green,台北小巨蛋,2023-09-06,46513.0
Green,南京三民,2023-09-06,51252.0
Green,松山,2023-09-06,48238.0
Green,南京復興,2023-09-06,45209.0
Green,小碧潭,2023-09-07,7015.0
Green,新店,2023-09-07,22854.0
Green,新店區公所,2023-09-07,24868.0
Green,七張,2023-09-07,30652.0
Green,大坪林,2023-09-07,31241.5
Green,景美,2023-09-07,30305.0
Green,萬隆,2023-09-07,19772.0
Green,公館,2023-09-07,58237.0
Green,台電大樓,2023-09-07,32912.0
Green,古亭,2023-09-07,33043.5
Green,中正紀念堂,2023-09-07,21737.0
Green,小南門,2023-09-07,20133.0
Green,中山,2023-09-07,40325.5
Green,西門,2023-09-07,50584.0
Green,北門,2023-09-07,29041.0
Green,松江南京,2023-09-07,37880.0
Green,台北小巨蛋,2023-09-07,46294.0
Green,南京三民,2023-09-07,50847.0
Green,松山,2023-09-07,50341.0
Green,南京復興,2023-09-07,44860.0
Green,小碧潭,2023-09-08,7316.0
Green,新店,2023-09-08,23826.0
Green,新店區公所,2023-09-08,25410.0
Green,七張,2023-09-08,32005.0
Green,大坪林,2023-09-08,32326.5
Green,景美,2023-09-08,31793.0
Green,萬隆,2023-09-08,21153.0
Green,公館,2023-09-08,63101.0
Green,台電大樓,2023-09-08,35678.0
Green,古亭,2023-09-08,33729.0
Green,中正紀念堂,2023-09-08,22558.0
Green,小南門,2023-09-08,20904.0
Green,中山,2023-09-08,45360.5
Green,西門,2023-09-08,57531.0
Green,北門,2023-09-08,30803.0
Green,松江南京,2023-09-08,39873.0
Green,台北小巨蛋,2023-09-08,47107.0
Green,南京三民,2023-09-08,51638.0
Green,松山,2023-09-08,53512.0
Green,南京復興,2023-09-08,46370.5
Green,小碧潭,2023-09-09,7423.0
Green,新店,2023-09-09,23728.0
Green,新店區公所,2023-09-09,19376.0
Green,七張,2023-09-09,25239.0
Green,大坪林,2023-09-09,22015.5
Green,景美,2023-09-09,28745.0
Green,萬隆,2023-09-09,17634.0
Green,公館,2023-09-09,57798.0
Green,台電大樓,2023-09-09,31082.0
Green,古亭,2023-09-09,25708.0
Green,中正紀念堂,2023-09-09,17930.5
Green,小南門,2023-09-09,9060.0
Green,中山,2023-09-09,46740.0
Green,西門,2023-09-09,60966.0
Green,北門,2023-09-09,26855.0
Green,松江南京,2023-09-09,21003.0
Green,台北小巨蛋,2023-09-09,35153.0
Green,南京三民,2023-09-09,30112.0
Green,松山,2023-09-09,41097.0
Green,南京復興,2023-09-09,27926.5
Green,小碧潭,2023-09-10,7182.0
Green,新店,2023-09-10,21247.0
Green,新店區公所,2023-09-10,16133.0
Green,七張,2023-09-10,21099.0
Green,大坪林,2023-09-10,17692.0
Green,景美,2023-09-10,24675.0
Green,萬隆,2023-09-10,15005.0
Green,公館,2023-09-10,48967.0
Green,台電大樓,2023-09-10,25307.0
Green,古亭,2023-09-10,19735.0
Green,中正紀念堂,2023-09-10,13018.5
Green,小南門,2023-09-10,7763.0
Green,中山,2023-09-10,37365.5
Green,西門,2023-09-10,49550.0
Green,北門,2023-09-10,22141.0
Green,松江南京,2023-09-10,16112.5
Green,台北小巨蛋,2023-09-10,28132.0
Green,南京三民,2023-09-10,23074.0
Green,松山,2023-09-10,32512.0
Green,南京復興,2023-09-10,20498.0
Green,小碧潭,2023-09-11,6574.0
Green,新店,2023-09-11,22783.0
Green,新店區公所,2023-09-11,24663.0
Green,七張,2023-09-11,30386.0
Green,大坪林,2023-09-11,29839.5
Green,景美,2023-09-11,32783.0
Green,萬隆,2023-09-11,19121.0
Green,公館,2023-09-11,54158.0
Green,台電大樓,2023-09-11,30228.0
Green,古亭,2023-09-11,30500.0
Green,中正紀念堂,2023-09-11,20232.5
Green,小南門,2023-09-11,23822.0
Green,中山,2023-09-11,35199.0
Green,西門,2023-09-11,47603.0
Green,北門,2023-09-11,28134.0
Green,松江南京,2023-09-11,35378.5
Green,台北小巨蛋,2023-09-11,43646.0
Green,南京三民,2023-09-11,48894.0
Green,松山,2023-09-11,49128.0
Green,南京復興,2023-09-11,42047.0
Green,小碧潭,2023-09-12,6499.0
Green,新店,2023-09-12,23348.0
Green,新店區公所,2023-09-12,24937.0
Green,七張,2023-09-12,30955.0
Green,大坪林,2023-09-12,30509.5
Green,景美,2023-09-12,34125.0
Green,萬隆,2023-09-12,19662.0
Green,公館,2023-09-12,55886.0
Green,台電大樓,2023-09-12,31409.0
Green,古亭,2023-09-12,31917.5
Green,中正紀念堂,2023-09-12,21220.0
Green,小南門,2023-09-12,24174.0
Green,中山,2023-09-12,36575.5
Green,西門,2023-09-12,47539.0
Green,北門,2023-09-12,28691.0
Green,松江南京,2023-09-12,36222.0
Green,台北小巨蛋,2023-09-12,45300.0
Green,南京三民,2023-09-12,50169.0
Green,松山,2023-09-12,49977.0
Green,南京復興,2023-09-12,43828.0
Green,小碧潭,2023-09-13,6619.0
Green,新店,2023-09-13,23665.0
Green,新店區公所,2023-09-13,24955.0
Green,七張,2023-09-13,31399.0
Green,大坪林,2023-09-13,30656.5
Green,景美,2023-09-13,34411.0
Green,萬隆,2023-09-13,19856.0
Green,公館,2023-09-13,56040.0
Green,台電大樓,2023-09-13,31914.0
Green,古亭,2023-09-13,32152.5
Green,中正紀念堂,2023-09-13,21617.5
Green,小南門,2023-09-13,24246.0
Green,中山,2023-09-13,38418.0
Green,西門,2023-09-13,48219.0
Green,北門,2023-09-13,28426.0
Green,松江南京,2023-09-13,36032.0
Green,台北小巨蛋,2023-09-13,45517.0
Green,南京三民,2023-09-13,50639.0
Green,松山,2023-09-13,50562.0
Green,南京復興,2023-09-13,43869.0
Green,小碧潭,2023-09-14,6691.0
Green,新店,2023-09-14,23002.0
Green,新店區公所,2023-09-14,25124.0
Green,七張,2023-09-14,30827.0
Green,大坪林,2023-09-14,30667.0
Green,景美,2023-09-14,34828.0
Green,萬隆,2023-09-14,19898.0
Green,公館,2023-09-14,56534.0
Green,台電大樓,2023-09-14,32015.0
Green,古亭,2023-09-14,32350.0
Green,中正紀念堂,2023-09-14,21975.0
Green,小南門,2023-09-14,24200.0
Green,中山,2023-09-14,38380.0
Green,西門,2023-09-14,48634.0
Green,北門,2023-09-14,28555.0
Green,松江南京,2023-09-14,36589.5
Green,台北小巨蛋,2023-09-14,44817.0
Green,南京三民,2023-09-14,50228.0
Green,松山,2023-09-14,51124.0
Green,南京復興,2023-09-14,43641.5
Green,小碧潭,2023-09-15,7091.0
Green,新店,2023-09-15,24048.0
Green,新店區公所,2023-09-15,26299.0
Green,七張,2023-09-15,32707.0
Green,大坪林,2023-09-15,32580.5
Green,景美,2023-09-15,35630.0
Green,萬隆,2023-09-15,21477.0
Green,公館,2023-09-15,62608.0
Green,台電大樓,2023-09-15,35627.0
Green,古亭,2023-09-15,34585.5
Green,中正紀念堂,2023-09-15,23239.0
Green,小南門,2023-09-15,25176.0
Green,中山,2023-09-15,44571.0
Green,西門,2023-09-15,56617.0
Green,北門,2023-09-15,31172.0
Green,松江南京,2023-09-15,39299.0
Green,台北小巨蛋,2023-09-15,47259.0
Green,南京三民,2023-09-15,52536.0
Green,松山,2023-09-15,54945.0
Green,南京復興,2023-09-15,46175.0
Green,小碧潭,2023-09-16,7429.0
Green,新店,2023-09-16,25492.0
Green,新店區公所,2023-09-16,20413.0
Green,七張,2023-09-16,25667.0
Green,大坪林,2023-09-16,22863.0
Green,景美,2023-09-16,29063.0
Green,萬隆,2023-09-16,17769.0
Green,公館,2023-09-16,55519.0
Green,台電大樓,2023-09-16,31177.0
Green,古亭,2023-09-16,27119.0
Green,中正紀念堂,2023-09-16,17486.5
Green,小南門,2023-09-16,10243.0
Green,中山,2023-09-16,46847.0
Green,西門,2023-09-16,60385.5
Green,北門,2023-09-16,26647.0
Green,松江南京,2023-09-16,22267.0
Green,台北小巨蛋,2023-09-16,34303.0
Green,南京三民,2023-09-16,30978.0
Green,松山,2023-09-16,41436.0
Green,南京復興,2023-09-16,27623.0
Green,小碧潭,2023-09-17,7029.0
Green,新店,2023-09-17,20730.0
Green,新店區公所,2023-09-17,16293.0
Green,七張,2023-09-17,20900.0
Green,大坪林,2023-09-17,18257.5
Green,景美,2023-09-17,24018.0
Green,萬隆,2023-09-17,15239.0
Green,公館,2023-09-17,45633.0
Green,台電大樓,2023-09-17,25061.0
Green,古亭,2023-09-17,21140.5
Green,中正紀念堂,2023-09-17,14405.5
Green,小南門,2023-09-17,7325.0
Green,中山,2023-09-17,36868.5
Green,西門,2023-09-17,49732.0
Green,北門,2023-09-17,22634.0
Green,松江南京,2023-09-17,16399.5
Green,台北小巨蛋,2023-09-17,22628.0
Green,南京三民,2023-09-17,23870.0
Green,松山,2023-09-17,31585.0
Green,南京復興,2023-09-17,20813.0
Green,小碧潭,2023-09-18,6093.0
Green,新店,2023-09-18,22159.0
Green,新店區公所,2023-09-18,24378.0
Green,七張,2023-09-18,30490.0
Green,大坪林,2023-09-18,29492.0
Green,景美,2023-09-18,32446.0
Green,萬隆,2023-09-18,18971.0
Green,公館,2023-09-18,52590.0
Green,台電大樓,2023-09-18,30280.0
Green,古亭,2023-09-18,30158.5
Green,中正紀念堂,2023-09-18,20676.5
Green,小南門,2023-09-18,23989.0
Green,中山,2023-09-18,35156.5
Green,西門,2023-09-18,46882.0
Green,北門,2023-09-18,27922.0
Green,松江南京,2023-09-18,35495.0
Green,台北小巨蛋,2023-09-18,42589.0
Green,南京三民,2023-09-18,48951.0
Green,松山,2023-09-18,48807.0
Green,南京復興,2023-09-18,42505.0
Green,小碧潭,2023-09-19,6500.0
Green,新店,2023-09-19,22892.0
Green,新店區公所,2023-09-19,24939.0
Green,七張,2023-09-19,31181.0
Green,大坪林,2023-09-19,30750.5
Green,景美,2023-09-19,34081.0
Green,萬隆,2023-09-19,19659.0
Green,公館,2023-09-19,55302.0
Green,台電大樓,2023-09-19,31994.0
Green,古亭,2023-09-19,31854.0
Green,中正紀念堂,2023-09-19,22130.0
Green,小南門,2023-09-19,24580.0
Green,中山,2023-09-19,36452.5
Green,西門,2023-09-19,48200.0
Green,北門,2023-09-19,28703.0
Green,松江南京,2023-09-19,36641.0
Green,台北小巨蛋,2023-09-19,45014.0
Green,南京三民,2023-09-19,50468.0
Green,松山,2023-09-19,50078.0
Green,南京復興,2023-09-19,44159.5
Green,小碧潭,2023-09-20,6642.0
Green,新店,2023-09-20,23218.0
Green,新店區公所,2023-09-20,24947.0
Green,七張,2023-09-20,32434.0
Green,大坪林,2023-09-20,31973.5
Green,景美,2023-09-20,34019.0
Green,萬隆,2023-09-20,20392.0
Green,公館,2023-09-20,55592.0
Green,台電大樓,2023-09-20,32469.0
Green,古亭,2023-09-20,32333.5
Green,中正紀念堂,2023-09-20,22666.0
Green,小南門,2023-09-20,25222.0
Green,中山,2023-09-20,39049.0
Green,西門,2023-09-20,50018.5
Green,北門,2023-09-20,29486.0
Green,松江南京,2023-09-20,37367.5
Green,台北小巨蛋,2023-09-20,45472.0
Green,南京三民,2023-09-20,51331.0
Green,松山,2023-09-20,50531.0
Green,南京復興,2023-09-20,44294.0
Green,小碧潭,2023-09-21,6641.0
Green,新店,2023-09-21,22888.0
Green,新店區公所,2023-09-21,24955.0
Green,七張,2023-09-21,31910.0
Green,大坪林,2023-09-21,31761.0
Green,景美,2023-09-21,33312.0
Green,萬隆,2023-09-21,19555.0
Green,公館,2023-09-21,55598.0
Green,台電大樓,2023-09-21,32158.0
Green,古亭,2023-09-21,32426.5
Green,中正紀念堂,2023-09-21,22633.5
Green,小南門,2023-09-21,24048.0
Green,中山,2023-09-21,38352.0
Green,西門,2023-09-21,49379.5
Green,北門,2023-09-21,29069.0
Green,松江南京,2023-09-21,36886.5
Green,台北小巨蛋,2023-09-21,45394.0
Green,南京三民,2023-09-21,50657.0
Green,松山,2023-09-21,50910.0
Green,南京復興,2023-09-21,44328.0
Green,小碧潭,2023-09-22,6848.0
Green,新店,2023-09-22,23847.0
Green,新店區公所,2023-09-22,25466.0
Green,七張,2023-09-22,33553.0
Green,大坪林,2023-09-22,33563.0
Green,景美,2023-09-22,34387.0
Green,萬隆,2023-09-22,20838.0
Green,公館,2023-09-22,60921.0
Green,台電大樓,2023-09-22,34350.0
Green,古亭,2023-09-22,33962.0
Green,中正紀念堂,2023-09-22,24041.5
Green,小南門,2023-09-22,24861.0
Green,中山,2023-09-22,43788.5
Green,西門,2023-09-22,55306.5
Green,北門,2023-09-22,30785.0
Green,松江南京,2023-09-22,38934.5
Green,台北小巨蛋,2023-09-22,46848.0
Green,南京三民,2023-09-22,53262.0
Green,松山,2023-09-22,53773.0
Green,南京復興,2023-09-22,46640.5
Green,小碧潭,2023-09-23,7097.0
Green,新店,2023-09-23,24034.0
Green,新店區公所,2023-09-23,22824.0
Green,七張,2023-09-23,31793.0
Green,大坪林,2023-09-23,30342.0
Green,景美,2023-09-23,30890.0
Green,萬隆,2023-09-23,19402.0
Green,公館,2023-09-23,53978.0
Green,台電大樓,2023-09-23,33084.0
Green,古亭,2023-09-23,28732.0
Green,中正紀念堂,2023-09-23,24365.5
Green,小南門,2023-09-23,17343.0
Green,中山,2023-09-23,49134.5
Green,西門,2023-09-23,60533.0
Green,北門,2023-09-23,30438.0
Green,松江南京,2023-09-23,33264.5
Green,台北小巨蛋,2023-09-23,47502.0
Green,南京三民,2023-09-23,44813.0
Green,松山,2023-09-23,49590.0
Green,南京復興,2023-09-23,39055.5
Green,小碧潭,2023-09-24,6410.0
Green,新店,2023-09-24,20460.0
Green,新店區公所,2023-09-24,15996.0
Green,七張,2023-09-24,24114.0
Green,大坪林,2023-09-24,21388.0
Green,景美,2023-09-24,24558.0
Green,萬隆,2023-09-24,15352.0
Green,公館,2023-09-24,48079.0
Green,台電大樓,2023-09-24,24131.0
Green,古亭,2023-09-24,20864.5
Green,中正紀念堂,2023-09-24,15936.5
Green,小南門,2023-09-24,7540.0
Green,中山,2023-09-24,38388.0
Green,西門,2023-09-24,50416.0
Green,北門,2023-09-24,21436.0
Green,松江南京,2023-09-24,16268.5
Green,台北小巨蛋,2023-09-24,31220.0
Green,南京三民,2023-09-24,25107.0
Green,松山,2023-09-24,32643.0
Green,南京復興,2023-09-24,20695.5
Green,小碧潭,2023-09-25,6337.0
Green,新店,2023-09-25,22451.0
Green,新店區公所,2023-09-25,24607.0
Green,七張,2023-09-25,31745.0
Green,大坪林,2023-09-25,31974.0
Green,景美,2023-09-25,32105.0
Green,萬隆,2023-09-25,19058.0
Green,公館,2023-09-25,52747.0
Green,台電大樓,2023-09-25,30319.0
Green,古亭,2023-09-25,30885.5
Green,中正紀念堂,2023-09-25,21436.0
Green,小南門,2023-09-25,24623.0
Green,中山,2023-09-25,36138.5
Green,西門,2023-09-25,47475.0
Green,北門,2023-09-25,28412.0
Green,松江南京,2023-09-25,36078.0
Green,台北小巨蛋,2023-09-25,43839.0
Green,南京三民,2023-09-25,50458.0
Green,松山,2023-09-25,49566.0
Green,南京復興,2023-09-25,42571.0
Green,小碧潭,2023-09-26,6551.0
Green,新店,2023-09-26,23479.0
Green,新店區公所,2023-09-26,25116.0
Green,七張,2023-09-26,32555.0
Green,大坪林,2023-09-26,33404.0
Green,景美,2023-09-26,34269.0
Green,萬隆,2023-09-26,20221.0
Green,公館,2023-09-26,56379.0
Green,台電大樓,2023-09-26,32877.0
Green,古亭,2023-09-26,32556.0
Green,中正紀念堂,2023-09-26,22941.0
Green,小南門,2023-09-26,24620.0
Green,中山,2023-09-26,37859.5
Green,西門,2023-09-26,49143.0
Green,北門,2023-09-26,29501.0
Green,松江南京,2023-09-26,37575.5
Green,台北小巨蛋,2023-09-26,46803.0
Green,南京三民,2023-09-26,52306.0
Green,松山,2023-09-26,51101.0
Green,南京復興,2023-09-26,44265.5
Green,小碧潭,2023-09-27,6719.0
Green,新店,2023-09-27,23074.0
Green,新店區公所,2023-09-27,25931.0
Green,七張,2023-09-27,33118.0
Green,大坪林,2023-09-27,33444.5
Green,景美,2023-09-27,34791.0
Green,萬隆,2023-09-27,20849.0
Green,公館,2023-09-27,58902.0
Green,台電大樓,2023-09-27,33380.0
Green,古亭,2023-09-27,33909.0
Green,中正紀念堂,2023-09-27,23096.0
Green,小南門,2023-09-27,24543.0
Green,中山,2023-09-27,39862.0
Green,西門,2023-09-27,51186.0
Green,北門,2023-09-27,30310.0
Green,松江南京,2023-09-27,38780.0
Green,台北小巨蛋,2023-09-27,47257.0
Green,南京三民,2023-09-27,53440.0
Green,松山,2023-09-27,52312.0
Green,南京復興,2023-09-27,45534.0
Green,小碧潭,2023-09-28,6862.0
Green,新店,2023-09-28,24224.0
Green,新店區公所,2023-09-28,26086.0
Green,七張,2023-09-28,34540.0
Green,大坪林,2023-09-28,35529.5
Green,景美,2023-09-28,35917.0
Green,萬隆,2023-09-28,20721.0
Green,公館,2023-09-28,57757.0
Green,台電大樓,2023-09-28,33069.0
Green,古亭,2023-09-28,33406.0
Green,中正紀念堂,2023-09-28,23024.5
Green,小南門,2023-09-28,21146.0
Green,中山,2023-09-28,42360.0
Green,西門,2023-09-28,53107.0
Green,北門,2023-09-28,30691.0
Green,松江南京,2023-09-28,38776.0
Green,台北小巨蛋,2023-09-28,45948.0
Green,南京三民,2023-09-28,53150.0
Green,松山,2023-09-28,54255.0
Green,南京復興,2023-09-28,44776.5
Green,小碧潭,2023-09-29,5936.0
Green,新店,2023-09-29,20514.0
Green,新店區公所,2023-09-29,15296.0
Green,七張,2023-09-29,23789.0
Green,大坪林,2023-09-29,22558.0
Green,景美,2023-09-29,21016.0
Green,萬隆,2023-09-29,14502.0
Green,公館,2023-09-29,34868.0
Green,台電大樓,2023-09-29,18767.0
Green,古亭,2023-09-29,17115.5
Green,中正紀念堂,2023-09-29,10425.0
Green,小南門,2023-09-29,5919.0
Green,中山,2023-09-29,32894.0
Green,西門,2023-09-29,46488.0
Green,北門,2023-09-29,20547.0
Green,松江南京,2023-09-29,15254.5
Green,台北小巨蛋,2023-09-29,19612.0
Green,南京三民,2023-09-29,22640.0
Green,松山,2023-09-29,31762.0
Green,南京復興,2023-09-29,18322.5
Green,小碧潭,2023-09-30,6283.0
Green,新店,2023-09-30,21203.0
Green,新店區公所,2023-09-30,16553.0
Green,七張,2023-09-30,25524.0
Green,大坪林,2023-09-30,25326.0
Green,景美,2023-09-30,21671.0
Green,萬隆,2023-09-30,14778.0
Green,公館,2023-09-30,37886.0
Green,台電大樓,2023-09-30,20598.0
Green,古亭,2023-09-30,18255.0
Green,中正紀念堂,2023-09-30,12674.0
Green,小南門,2023-09-30,6783.0
Green,中山,2023-09-30,36435.5
Green,西門,2023-09-30,51737.5
Green,北門,2023-09-30,21896.0
Green,松江南京,2023-09-30,15762.0
Green,台北小巨蛋,2023-09-30,28336.0
Green,南京三民,2023-09-30,24245.0
Green,松山,2023-09-30,35364.0
Green,南京復興,2023-09-30,20787.5
Green,小碧潭,2023-10-01,6252.0
Green,新店,2023-10-01,19241.0
Green,新店區公所,2023-10-01,14996.0
Green,七張,2023-10-01,22440.0
Green,大坪林,2023-10-01,21530.5
Green,景美,2023-10-01,21405.0
Green,萬隆,2023-10-01,14022.0
Green,公館,2023-10-01,39038.0
Green,台電大樓,2023-10-01,20698.0
Green,古亭,2023-10-01,16926.0
Green,中正紀念堂,2023-10-01,11637.0
Green,小南門,2023-10-01,6017.0
Green,中山,2023-10-01,31736.0
Green,西門,2023-10-01,42663.0
Green,北門,2023-10-01,18495.0
Green,松江南京,2023-10-01,14135.5
Green,台北小巨蛋,2023-10-01,17166.0
Green,南京三民,2023-10-01,22386.0
Green,松山,2023-10-01,27320.0
Green,南京復興,2023-10-01,17580.0
Green,小碧潭,2023-10-02,6121.0
Green,新店,2023-10-02,22110.0
Green,新店區公所,2023-10-02,24549.0
Green,七張,2023-10-02,31549.0
Green,大坪林,2023-10-02,32095.5
Green,景美,2023-10-02,32112.0
Green,萬隆,2023-10-02,19057.0
Green,公館,2023-10-02,53070.0
Green,台電大樓,2023-10-02,29932.0
Green,古亭,2023-10-02,30217.0
Green,中正紀念堂,2023-10-02,20945.5
Green,小南門,2023-10-02,24131.0
Green,中山,2023-10-02,34495.0
Green,西門,2023-10-02,46480.5
Green,北門,2023-10-02,28028.0
Green,松江南京,2023-10-02,35279.5
Green,台北小巨蛋,2023-10-02,42182.0
Green,南京三民,2023-10-02,48455.0
Green,松山,2023-10-02,49994.0
Green,南京復興,2023-10-02,41885.0
Green,小碧潭,2023-10-03,6285.0
Green,新店,2023-10-03,22330.0
Green,新店區公所,2023-10-03,25432.0
Green,七張,2023-10-03,31963.0
Green,大坪林,2023-10-03,32796.0
Green,景美,2023-10-03,33482.0
Green,萬隆,2023-10-03,19890.0
Green,公館,2023-10-03,55066.0
Green,台電大樓,2023-10-03,32421.0
Green,古亭,2023-10-03,33318.5
Green,中正紀念堂,2023-10-03,21826.0
Green,小南門,2023-10-03,24900.0
Green,中山,2023-10-03,36558.0
Green,西門,2023-10-03,46998.5
Green,北門,2023-10-03,28503.0
Green,松江南京,2023-10-03,37025.5
Green,台北小巨蛋,2023-10-03,44384.0
Green,南京三民,2023-10-03,50492.0
Green,松山,2023-10-03,49400.0
Green,南京復興,2023-10-03,44029.5
Green,小碧潭,2023-10-04,6678.0
Green,新店,2023-10-04,20858.0
Green,新店區公所,2023-10-04,24985.0
Green,七張,2023-10-04,31807.0
Green,大坪林,2023-10-04,32547.0
Green,景美,2023-10-04,33162.0
Green,萬隆,2023-10-04,20073.0
Green,公館,2023-10-04,54402.0
Green,台電大樓,2023-10-04,33100.0
Green,古亭,2023-10-04,32268.0
Green,中正紀念堂,2023-10-04,22136.5
Green,小南門,2023-10-04,24421.0
Green,中山,2023-10-04,36519.0
Green,西門,2023-10-04,46169.0
Green,北門,2023-10-04,28825.0
Green,松江南京,2023-10-04,37061.0
Green,台北小巨蛋,2023-10-04,45867.0
Green,南京三民,2023-10-04,51245.0
Green,松山,2023-10-04,47495.0
Green,南京復興,2023-10-04,44441.5
Green,小碧潭,2023-10-05,6771.0
Green,新店,2023-10-05,21106.0
Green,新店區公所,2023-10-05,24660.0
Green,七張,2023-10-05,31639.0
Green,大坪林,2023-10-05,32833.5
Green,景美,2023-10-05,32372.0
Green,萬隆,2023-10-05,19874.0
Green,公館,2023-10-05,55172.0
Green,台電大樓,2023-10-05,32640.0
Green,古亭,2023-10-05,32146.0
Green,中正紀念堂,2023-10-05,22759.0
Green,小南門,2023-10-05,24544.0
Green,中山,2023-10-05,41016.5
Green,西門,2023-10-05,48110.5
Green,北門,2023-10-05,28175.0
Green,松江南京,2023-10-05,36731.0
Green,台北小巨蛋,2023-10-05,44425.0
Green,南京三民,2023-10-05,50418.0
Green,松山,2023-10-05,48807.0
Green,南京復興,2023-10-05,43962.0
Green,小碧潭,2023-10-06,7163.0
Green,新店,2023-10-06,24013.0
Green,新店區公所,2023-10-06,26115.0
Green,七張,2023-10-06,34910.0
Green,大坪林,2023-10-06,35372.5
Green,景美,2023-10-06,35567.0
Green,萬隆,2023-10-06,21589.0
Green,公館,2023-10-06,63756.0
Green,台電大樓,2023-10-06,36716.0
Green,古亭,2023-10-06,34647.5
Green,中正紀念堂,2023-10-06,23407.0
Green,小南門,2023-10-06,24130.0
Green,中山,2023-10-06,47877.5
Green,西門,2023-10-06,57362.5
Green,北門,2023-10-06,31515.0
Green,松江南京,2023-10-06,39572.5
Green,台北小巨蛋,2023-10-06,46262.0
Green,南京三民,2023-10-06,52810.0
Green,松山,2023-10-06,54666.0
Green,南京復興,2023-10-06,45804.5
Green,小碧潭,2023-10-07,7141.0
Green,新店,2023-10-07,21192.0
Green,新店區公所,2023-10-07,18057.0
Green,七張,2023-10-07,26795.0
Green,大坪林,2023-10-07,26871.0
Green,景美,2023-10-07,25612.0
Green,萬隆,2023-10-07,17018.0
Green,公館,2023-10-07,45792.0
Green,台電大樓,2023-10-07,25280.0
Green,古亭,2023-10-07,23565.0
Green,中正紀念堂,2023-10-07,20287.0
Green,小南門,2023-10-07,8861.0
Green,中山,2023-10-07,48144.0
Green,西門,2023-10-07,58519.0
Green,北門,2023-10-07,25102.0
Green,松江南京,2023-10-07,20144.0
Green,台北小巨蛋,2023-10-07,32816.0
Green,南京三民,2023-10-07,27935.0
Green,松山,2023-10-07,36844.0
Green,南京復興,2023-10-07,24391.5
Green,小碧潭,2023-10-08,8013.0
Green,新店,2023-10-08,20914.0
Green,新店區公所,2023-10-08,15815.0
Green,七張,2023-10-08,25944.0
Green,大坪林,2023-10-08,26242.5
Green,景美,2023-10-08,22616.0
Green,萬隆,2023-10-08,14709.0
Green,公館,2023-10-08,41097.0
Green,台電大樓,2023-10-08,22426.0
Green,古亭,2023-10-08,18610.5
Green,中正紀念堂,2023-10-08,23708.0
Green,小南門,2023-10-08,7158.0
Green,中山,2023-10-08,44748.0
Green,西門,2023-10-08,56204.5
Green,北門,2023-10-08,24385.0
Green,松江南京,2023-10-08,16697.5
Green,台北小巨蛋,2023-10-08,21222.0
Green,南京三民,2023-10-08,23479.0
Green,松山,2023-10-08,33549.0
Green,南京復興,2023-10-08,21294.5
Green,小碧潭,2023-10-09,7846.0
Green,新店,2023-10-09,20641.0
Green,新店區公所,2023-10-09,16262.0
Green,七張,2023-10-09,26438.0
Green,大坪林,2023-10-09,28547.0
Green,景美,2023-10-09,22094.0
Green,萬隆,2023-10-09,14610.0
Green,公館,2023-10-09,40443.0
Green,台電大樓,2023-10-09,20508.0
Green,古亭,2023-10-09,19490.5
Green,中正紀念堂,2023-10-09,19037.5
Green,小南門,2023-10-09,7443.0
Green,中山,2023-10-09,44509.0
Green,西門,2023-10-09,56939.0
Green,北門,2023-10-09,24257.0
Green,松江南京,2023-10-09,17481.0
Green,台北小巨蛋,2023-10-09,29784.0
Green,南京三民,2023-10-09,23666.0
Green,松山,2023-10-09,33883.0
Green,南京復興,2023-10-09,21394.0
Green,小碧潭,2023-10-10,6234.0
Green,新店,2023-10-10,17003.0
Green,新店區公所,2023-10-10,14515.0
Green,七張,2023-10-10,22548.0
Green,大坪林,2023-10-10,21416.5
Green,景美,2023-10-10,20973.0
Green,萬隆,2023-10-10,14110.0
Green,公館,2023-10-10,38988.0
Green,台電大樓,2023-10-10,19980.0
Green,古亭,2023-10-10,18566.5
Green,中正紀念堂,2023-10-10,25279.0
Green,小南門,2023-10-10,7232.0
Green,中山,2023-10-10,36605.0
Green,西門,2023-10-10,47156.0
Green,北門,2023-10-10,19732.0
Green,松江南京,2023-10-10,14900.5
Green,台北小巨蛋,2023-10-10,18580.0
Green,南京三民,2023-10-10,21401.0
Green,松山,2023-10-10,27235.0
Green,南京復興,2023-10-10,17877.0
Green,小碧潭,2023-10-11,6102.0
Green,新店,2023-10-11,23084.0
Green,新店區公所,2023-10-11,25033.0
Green,七張,2023-10-11,32049.0
Green,大坪林,2023-10-11,32122.5
Green,景美,2023-10-11,34573.0
Green,萬隆,2023-10-11,19852.0
Green,公館,2023-10-11,55467.0
Green,台電大樓,2023-10-11,31853.0
Green,古亭,2023-10-11,31724.0
Green,中正紀念堂,2023-10-11,25177.5
Green,小南門,2023-10-11,23775.0
Green,中山,2023-10-11,37306.5
Green,西門,2023-10-11,48283.5
Green,北門,2023-10-11,28804.0
Green,松江南京,2023-10-11,36037.0
Green,台北小巨蛋,2023-10-11,43651.0
Green,南京三民,2023-10-11,49676.0
Green,松山,2023-10-11,50491.0
Green,南京復興,2023-10-11,42114.0
Green,小碧潭,2023-10-12,6388.0
Green,新店,2023-10-12,23606.0
Green,新店區公所,2023-10-12,24844.0
Green,七張,2023-10-12,32015.0
Green,大坪林,2023-10-12,32877.5
Green,景美,2023-10-12,33094.0
Green,萬隆,2023-10-12,20057.0
Green,公館,2023-10-12,54544.0
Green,台電大樓,2023-10-12,31840.0
Green,古亭,2023-10-12,31799.5
Green,中正紀念堂,2023-10-12,26905.5
Green,小南門,2023-10-12,24616.0
Green,中山,2023-10-12,39510.5
Green,西門,2023-10-12,49841.0
Green,北門,2023-10-12,29793.0
Green,松江南京,2023-10-12,36710.0
Green,台北小巨蛋,2023-10-12,44130.0
Green,南京三民,2023-10-12,50503.0
Green,松山,2023-10-12,52112.0
Green,南京復興,2023-10-12,43178.0
Green,小碧潭,2023-10-13,6883.0
Green,新店,2023-10-13,24785.0
Green,新店區公所,2023-10-13,25770.0
Green,七張,2023-10-13,33595.0
Green,大坪林,2023-10-13,34380.5
Green,景美,2023-10-13,35274.0
Green,萬隆,2023-10-13,21044.0
Green,公館,2023-10-13,60420.0
Green,台電大樓,2023-10-13,35120.0
Green,古亭,2023-10-13,33715.0
Green,中正紀念堂,2023-10-13,27585.0
Green,小南門,2023-10-13,24931.0
Green,中山,2023-10-13,46722.0
Green,西門,2023-10-13,58909.0
Green,北門,2023-10-13,32368.0
Green,松江南京,2023-10-13,39544.5
Green,台北小巨蛋,2023-10-13,45545.0
Green,南京三民,2023-10-13,52041.0
Green,松山,2023-10-13,56451.0
Green,南京復興,2023-10-13,46167.0
Green,小碧潭,2023-10-14,6567.0
Green,新店,2023-10-14,22766.0
Green,新店區公所,2023-10-14,19553.0
Green,七張,2023-10-14,26970.0
Green,大坪林,2023-10-14,26509.5
Green,景美,2023-10-14,29512.0
Green,萬隆,2023-10-14,17178.0
Green,公館,2023-10-14,52289.0
Green,台電大樓,2023-10-14,28557.0
Green,古亭,2023-10-14,26139.5
Green,中正紀念堂,2023-10-14,22984.5
Green,小南門,2023-10-14,10117.0
Green,中山,2023-10-14,48928.0
Green,西門,2023-10-14,61954.0
Green,北門,2023-10-14,26181.0
Green,松江南京,2023-10-14,20982.5
Green,台北小巨蛋,2023-10-14,34313.0
Green,南京三民,2023-10-14,30313.0
Green,松山,2023-10-14,41043.0
Green,南京復興,2023-10-14,26447.5
Green,小碧潭,2023-10-15,6302.0
Green,新店,2023-10-15,21625.0
Green,新店區公所,2023-10-15,15851.0
Green,七張,2023-10-15,23388.0
Green,大坪林,2023-10-15,22507.5
Green,景美,2023-10-15,25522.0
Green,萬隆,2023-10-15,15375.0
Green,公館,2023-10-15,48776.0
Green,台電大樓,2023-10-15,24191.0
Green,古亭,2023-10-15,20544.5
Green,中正紀念堂,2023-10-15,20909.0
Green,小南門,2023-10-15,7929.0
Green,中山,2023-10-15,39339.5
Green,西門,2023-10-15,51965.0
Green,北門,2023-10-15,22376.0
Green,松江南京,2023-10-15,15758.0
Green,台北小巨蛋,2023-10-15,22321.0
Green,南京三民,2023-10-15,23806.0
Green,松山,2023-10-15,32934.0
Green,南京復興,2023-10-15,19877.0
Green,小碧潭,2023-10-16,6069.0
Green,新店,2023-10-16,23031.0
Green,新店區公所,2023-10-16,24757.0
Green,七張,2023-10-16,31178.0
Green,大坪林,2023-10-16,31755.5
Green,景美,2023-10-16,32462.0
Green,萬隆,2023-10-16,18914.0
Green,公館,2023-10-16,50811.0
Green,台電大樓,2023-10-16,30156.0
Green,古亭,2023-10-16,29844.5
Green,中正紀念堂,2023-10-16,22058.0
Green,小南門,2023-10-16,23674.0
Green,中山,2023-10-16,36300.5
Green,西門,2023-10-16,48134.0
Green,北門,2023-10-16,28946.0
Green,松江南京,2023-10-16,35502.0
Green,台北小巨蛋,2023-10-16,41767.0
Green,南京三民,2023-10-16,49008.0
Green,松山,2023-10-16,50909.0
Green,南京復興,2023-10-16,41874.0
Green,小碧潭,2023-10-17,6264.0
Green,新店,2023-10-17,23757.0
Green,新店區公所,2023-10-17,25026.0
Green,七張,2023-10-17,32023.0
Green,大坪林,2023-10-17,32572.0
Green,景美,2023-10-17,34027.0
Green,萬隆,2023-10-17,20088.0
Green,公館,2023-10-17,53873.0
Green,台電大樓,2023-10-17,31655.0
Green,古亭,2023-10-17,32083.5
Green,中正紀念堂,2023-10-17,26106.5
Green,小南門,2023-10-17,23999.0
Green,中山,2023-10-17,37903.0
Green,西門,2023-10-17,49404.0
Green,北門,2023-10-17,29616.0
Green,松江南京,2023-10-17,36892.0
Green,台北小巨蛋,2023-10-17,44490.0
Green,南京三民,2023-10-17,50438.0
Green,松山,2023-10-17,53434.0
Green,南京復興,2023-10-17,43891.0
Green,小碧潭,2023-10-18,6121.0
Green,新店,2023-10-18,24119.0
Green,新店區公所,2023-10-18,25418.0
Green,七張,2023-10-18,32220.0
Green,大坪林,2023-10-18,33103.5
Green,景美,2023-10-18,33507.0
Green,萬隆,2023-10-18,20330.0
Green,公館,2023-10-18,55579.0
Green,台電大樓,2023-10-18,32144.0
Green,古亭,2023-10-18,32494.0
Green,中正紀念堂,2023-10-18,26398.0
Green,小南門,2023-10-18,24707.0
Green,中山,2023-10-18,38952.0
Green,西門,2023-10-18,51581.0
Green,北門,2023-10-18,30092.0
Green,松江南京,2023-10-18,37481.0
Green,台北小巨蛋,2023-10-18,49203.0
Green,南京三民,2023-10-18,51492.0
Green,松山,2023-10-18,53405.0
Green,南京復興,2023-10-18,44150.5
Green,小碧潭,2023-10-19,6596.0
Green,新店,2023-10-19,23773.0
Green,新店區公所,2023-10-19,25467.0
Green,七張,2023-10-19,32070.0
Green,大坪林,2023-10-19,32377.0
Green,景美,2023-10-19,33819.0
Green,萬隆,2023-10-19,20050.0
Green,公館,2023-10-19,55616.0
Green,台電大樓,2023-10-19,32265.0
Green,古亭,2023-10-19,32557.0
Green,中正紀念堂,2023-10-19,26694.5
Green,小南門,2023-10-19,24487.0
Green,中山,2023-10-19,39178.5
Green,西門,2023-10-19,51727.5
Green,北門,2023-10-19,30344.0
Green,松江南京,2023-10-19,37431.5
Green,台北小巨蛋,2023-10-19,51918.0
Green,南京三民,2023-10-19,51451.0
Green,松山,2023-10-19,54179.0
Green,南京復興,2023-10-19,44291.5
Green,小碧潭,2023-10-20,7013.0
Green,新店,2023-10-20,24833.0
Green,新店區公所,2023-10-20,26947.0
Green,七張,2023-10-20,34629.0
Green,大坪林,2023-10-20,35263.5
Green,景美,2023-10-20,35874.0
Green,萬隆,2023-10-20,21571.0
Green,公館,2023-10-20,61375.0
Green,台電大樓,2023-10-20,35265.0
Green,古亭,2023-10-20,35175.0
Green,中正紀念堂,2023-10-20,27591.0
Green,小南門,2023-10-20,24239.0
Green,中山,2023-10-20,46462.5
Green,西門,2023-10-20,59916.0
Green,北門,2023-10-20,31931.0
Green,松江南京,2023-10-20,40396.5
Green,台北小巨蛋,2023-10-20,64693.0
Green,南京三民,2023-10-20,53429.0
Green,松山,2023-10-20,58000.0
Green,南京復興,2023-10-20,46948.5
Green,小碧潭,2023-10-21,6448.0
Green,新店,2023-10-21,21019.0
Green,新店區公所,2023-10-21,19469.0
Green,七張,2023-10-21,26640.0
Green,大坪林,2023-10-21,26335.0
Green,景美,2023-10-21,28008.0
Green,萬隆,2023-10-21,17601.0
Green,公館,2023-10-21,50649.0
Green,台電大樓,2023-10-21,29703.0
Green,古亭,2023-10-21,27127.5
Green,中正紀念堂,2023-10-21,26110.5
Green,小南門,2023-10-21,10187.0
Green,中山,2023-10-21,50279.0
Green,西門,2023-10-21,65679.5
Green,北門,2023-10-21,27341.0
Green,松江南京,2023-10-21,23795.0
Green,台北小巨蛋,2023-10-21,52589.0
Green,南京三民,2023-10-21,31556.0
Green,松山,2023-10-21,43037.0
Green,南京復興,2023-10-21,28611.0
Green,小碧潭,2023-10-22,6145.0
Green,新店,2023-10-22,20214.0
Green,新店區公所,2023-10-22,16547.0
Green,七張,2023-10-22,22954.0
Green,大坪林,2023-10-22,22176.5
Green,景美,2023-10-22,26045.0
Green,萬隆,2023-10-22,15489.0
Green,公館,2023-10-22,47428.0
Green,台電大樓,2023-10-22,25451.0
Green,古亭,2023-10-22,21456.0
Green,中正紀念堂,2023-10-22,24575.0
Green,小南門,2023-10-22,8243.0
Green,中山,2023-10-22,40596.0
Green,西門,2023-10-22,54485.0
Green,北門,2023-10-22,22509.0
Green,松江南京,2023-10-22,16992.5
Green,台北小巨蛋,2023-10-22,42745.0
Green,南京三民,2023-10-22,24340.0
Green,松山,2023-10-22,35881.0
Green,南京復興,2023-10-22,21839.0
Green,小碧潭,2023-10-23,6286.0
Green,新店,2023-10-23,23395.0
Green,新店區公所,2023-10-23,24968.0
Green,七張,2023-10-23,31421.0
Green,大坪林,2023-10-23,31161.0
Green,景美,2023-10-23,32120.0
Green,萬隆,2023-10-23,19093.0
Green,公館,2023-10-23,49826.0
Green,台電大樓,2023-10-23,30075.0
Green,古亭,2023-10-23,30365.5
Green,中正紀念堂,2023-10-23,21626.0
Green,小南門,2023-10-23,23589.0
Green,中山,2023-10-23,35544.5
Green,西門,2023-10-23,49863.0
Green,北門,2023-10-23,29147.0
Green,松江南京,2023-10-23,35939.0
Green,台北小巨蛋,2023-10-23,53870.0
Green,南京三民,2023-10-23,49056.0
Green,松山,2023-10-23,53388.0
Green,南京復興,2023-10-23,42181.0
Green,小碧潭,2023-10-24,6092.0
Green,新店,2023-10-24,23828.0
Green,新店區公所,2023-10-24,24989.0
Green,七張,2023-10-24,31799.0
Green,大坪林,2023-10-24,31751.5
Green,景美,2023-10-24,33753.0
Green,萬隆,2023-10-24,19800.0
Green,公館,2023-10-24,52905.0
Green,台電大樓,2023-10-24,31126.0
Green,古亭,2023-10-24,31537.0
Green,中正紀念堂,2023-10-24,25354.0
Green,小南門,2023-10-24,24233.0
Green,中山,2023-10-24,36908.5
Green,西門,2023-10-24,51541.0
Green,北門,2023-10-24,30039.0
Green,松江南京,2023-10-24,37182.5
Green,台北小巨蛋,2023-10-24,44245.0
Green,南京三民,2023-10-24,50550.0
Green,松山,2023-10-24,52192.0
Green,南京復興,2023-10-24,44338.0
Green,小碧潭,2023-10-25,6294.0
Green,新店,2023-10-25,23999.0
Green,新店區公所,2023-10-25,25204.0
Green,七張,2023-10-25,32094.0
Green,大坪林,2023-10-25,33101.0
Green,景美,2023-10-25,33684.0
Green,萬隆,2023-10-25,19975.0
Green,公館,2023-10-25,54084.0
Green,台電大樓,2023-10-25,32277.0
Green,古亭,2023-10-25,32222.0
Green,中正紀念堂,2023-10-25,26247.5
Green,小南門,2023-10-25,24006.0
Green,中山,2023-10-25,38688.0
Green,西門,2023-10-25,53239.0
Green,北門,2023-10-25,30618.0
Green,松江南京,2023-10-25,37917.5
Green,台北小巨蛋,2023-10-25,43898.0
Green,南京三民,2023-10-25,51115.0
Green,松山,2023-10-25,52595.0
Green,南京復興,2023-10-25,44219.0
Green,小碧潭,2023-10-26,6510.0
Green,新店,2023-10-26,24131.0
Green,新店區公所,2023-10-26,25327.0
Green,七張,2023-10-26,31805.0
Green,大坪林,2023-10-26,32433.0
Green,景美,2023-10-26,33410.0
Green,萬隆,2023-10-26,20099.0
Green,公館,2023-10-26,54877.0
Green,台電大樓,2023-10-26,33376.0
Green,古亭,2023-10-26,31960.0
Green,中正紀念堂,2023-10-26,26543.5
Green,小南門,2023-10-26,24080.0
Green,中山,2023-10-26,39515.5
Green,西門,2023-10-26,54102.5
Green,北門,2023-10-26,30584.0
Green,松江南京,2023-10-26,37863.0
Green,台北小巨蛋,2023-10-26,44218.0
Green,南京三民,2023-10-26,50829.0
Green,松山,2023-10-26,53531.0
Green,南京復興,2023-10-26,44840.0
Green,小碧潭,2023-10-27,6958.0
Green,新店,2023-10-27,24441.0
Green,新店區公所,2023-10-27,26367.0
Green,七張,2023-10-27,34010.0
Green,大坪林,2023-10-27,34058.0
Green,景美,2023-10-27,35294.0
Green,萬隆,2023-10-27,21040.0
Green,公館,2023-10-27,61766.0
Green,台電大樓,2023-10-27,35330.0
Green,古亭,2023-10-27,34840.0
Green,中正紀念堂,2023-10-27,27450.5
Green,小南門,2023-10-27,24328.0
Green,中山,2023-10-27,47120.0
Green,西門,2023-10-27,65753.5
Green,北門,2023-10-27,32529.0
Green,松江南京,2023-10-27,40497.0
Green,台北小巨蛋,2023-10-27,45939.0
Green,南京三民,2023-10-27,52901.0
Green,松山,2023-10-27,57172.0
Green,南京復興,2023-10-27,47295.5
Green,小碧潭,2023-10-28,6473.0
Green,新店,2023-10-28,21343.0
Green,新店區公所,2023-10-28,18925.0
Green,七張,2023-10-28,27148.0
Green,大坪林,2023-10-28,25523.0
Green,景美,2023-10-28,27081.0
Green,萬隆,2023-10-28,17629.0
Green,公館,2023-10-28,52738.0
Green,台電大樓,2023-10-28,29798.0
Green,古亭,2023-10-28,27247.5
Green,中正紀念堂,2023-10-28,21563.0
Green,小南門,2023-10-28,9745.0
Green,中山,2023-10-28,49656.0
Green,西門,2023-10-28,66997.5
Green,北門,2023-10-28,25926.0
Green,松江南京,2023-10-28,21809.5
Green,台北小巨蛋,2023-10-28,32207.0
Green,南京三民,2023-10-28,30629.0
Green,松山,2023-10-28,40514.0
Green,南京復興,2023-10-28,28308.0
Green,小碧潭,2023-10-29,6299.0
Green,新店,2023-10-29,19476.0
Green,新店區公所,2023-10-29,16131.0
Green,七張,2023-10-29,22302.0
Green,大坪林,2023-10-29,21379.0
Green,景美,2023-10-29,23403.0
Green,萬隆,2023-10-29,15299.0
Green,公館,2023-10-29,45899.0
Green,台電大樓,2023-10-29,23297.0
Green,古亭,2023-10-29,20749.5
Green,中正紀念堂,2023-10-29,20117.0
Green,小南門,2023-10-29,8324.0
Green,中山,2023-10-29,39759.5
Green,西門,2023-10-29,55063.5
Green,北門,2023-10-29,22173.0
Green,松江南京,2023-10-29,16584.5
Green,台北小巨蛋,2023-10-29,24496.0
Green,南京三民,2023-10-29,24552.0
Green,松山,2023-10-29,33241.0
Green,南京復興,2023-10-29,20979.5
Green,小碧潭,2023-10-30,6144.0
Green,新店,2023-10-30,23071.0
Green,新店區公所,2023-10-30,24393.0
Green,七張,2023-10-30,31090.0
Green,大坪林,2023-10-30,31270.0
Green,景美,2023-10-30,30878.0
Green,萬隆,2023-10-30,19447.0
Green,公館,2023-10-30,52055.0
Green,台電大樓,2023-10-30,30158.0
Green,古亭,2023-10-30,30210.5
Green,中正紀念堂,2023-10-30,21571.0
Green,小南門,2023-10-30,23238.0
Green,中山,2023-10-30,35791.0
Green,西門,2023-10-30,50688.0
Green,北門,2023-10-30,29201.0
Green,松江南京,2023-10-30,35653.0
Green,台北小巨蛋,2023-10-30,41386.0
Green,南京三民,2023-10-30,49457.0
Green,松山,2023-10-30,50995.0
Green,南京復興,2023-10-30,42417.5
Green,小碧潭,2023-10-31,6438.0
Green,新店,2023-10-31,23883.0
Green,新店區公所,2023-10-31,25188.0
Green,七張,2023-10-31,31810.0
Green,大坪林,2023-10-31,32262.5
Green,景美,2023-10-31,33500.0
Green,萬隆,2023-10-31,20129.0
Green,公館,2023-10-31,55521.0
Green,台電大樓,2023-10-31,31933.0
Green,古亭,2023-10-31,32180.0
Green,中正紀念堂,2023-10-31,25799.5
Green,小南門,2023-10-31,23917.0
Green,中山,2023-10-31,37564.0
Green,西門,2023-10-31,52109.0
Green,北門,2023-10-31,29668.0
Green,松江南京,2023-10-31,37609.5
Green,台北小巨蛋,2023-10-31,44060.0
Green,南京三民,2023-10-31,50555.0
Green,松山,2023-10-31,51672.0
Green,南京復興,2023-10-31,43618.5
Green,小碧潭,2023-11-01,6119.0
Green,新店,2023-11-01,23469.0
Green,新店區公所,2023-11-01,25326.0
Green,七張,2023-11-01,31688.0
Green,大坪林,2023-11-01,32276.5
Green,景美,2023-11-01,33511.0
Green,萬隆,2023-11-01,19804.0
Green,公館,2023-11-01,54961.0
Green,台電大樓,2023-11-01,31664.0
Green,古亭,2023-11-01,31688.0
Green,中正紀念堂,2023-11-01,25027.5
Green,小南門,2023-11-01,23757.0
Green,中山,2023-11-01,37067.0
Green,西門,2023-11-01,51170.5
Green,北門,2023-11-01,29757.0
Green,松江南京,2023-11-01,37273.0
Green,台北小巨蛋,2023-11-01,44025.0
Green,南京三民,2023-11-01,50559.0
Green,松山,2023-11-01,52760.0
Green,南京復興,2023-11-01,44062.0
Green,小碧潭,2023-11-02,6478.0
Green,新店,2023-11-02,23563.0
Green,新店區公所,2023-11-02,25068.0
Green,七張,2023-11-02,31345.0
Green,大坪林,2023-11-02,31837.5
Green,景美,2023-11-02,31961.0
Green,萬隆,2023-11-02,19812.0
Green,公館,2023-11-02,54367.0
Green,台電大樓,2023-11-02,32300.0
Green,古亭,2023-11-02,32290.0
Green,中正紀念堂,2023-11-02,25624.5
Green,小南門,2023-11-02,23635.0
Green,中山,2023-11-02,37768.5
Green,西門,2023-11-02,51023.0
Green,北門,2023-11-02,30195.0
Green,松江南京,2023-11-02,38113.5
Green,台北小巨蛋,2023-11-02,43310.0
Green,南京三民,2023-11-02,50426.0
Green,松山,2023-11-02,53332.0
Green,南京復興,2023-11-02,44536.0
Green,小碧潭,2023-11-03,6598.0
Green,新店,2023-11-03,24938.0
Green,新店區公所,2023-11-03,26027.0
Green,七張,2023-11-03,33633.0
Green,大坪林,2023-11-03,34347.0
Green,景美,2023-11-03,32999.0
Green,萬隆,2023-11-03,21092.0
Green,公館,2023-11-03,61610.0
Green,台電大樓,2023-11-03,35254.0
Green,古亭,2023-11-03,33839.0
Green,中正紀念堂,2023-11-03,27125.5
Green,小南門,2023-11-03,24335.0
Green,中山,2023-11-03,44887.5
Green,西門,2023-11-03,60426.5
Green,北門,2023-11-03,32680.0
Green,松江南京,2023-11-03,40000.0
Green,台北小巨蛋,2023-11-03,44965.0
Green,南京三民,2023-11-03,52410.0
Green,松山,2023-11-03,57830.0
Green,南京復興,2023-11-03,46523.5
Green,小碧潭,2023-11-04,8108.0
Green,新店,2023-11-04,25109.0
Green,新店區公所,2023-11-04,19851.0
Green,七張,2023-11-04,27598.0
Green,大坪林,2023-11-04,26183.5
Green,景美,2023-11-04,28932.0
Green,萬隆,2023-11-04,17723.0
Green,公館,2023-11-04,55956.0
Green,台電大樓,2023-11-04,30488.0
Green,古亭,2023-11-04,26847.5
Green,中正紀念堂,2023-11-04,21578.0
Green,小南門,2023-11-04,10735.0
Green,中山,2023-11-04,45365.5
Green,西門,2023-11-04,63256.5
Green,北門,2023-11-04,28551.0
Green,松江南京,2023-11-04,21441.5
Green,台北小巨蛋,2023-11-04,35798.0
Green,南京三民,2023-11-04,32304.0
Green,松山,2023-11-04,46991.0
Green,南京復興,2023-11-04,27233.5
Green,小碧潭,2023-11-05,6410.0
Green,新店,2023-11-05,22935.0
Green,新店區公所,2023-11-05,16609.0
Green,七張,2023-11-05,23373.0
Green,大坪林,2023-11-05,20367.0
Green,景美,2023-11-05,24217.0
Green,萬隆,2023-11-05,15117.0
Green,公館,2023-11-05,47800.0
Green,台電大樓,2023-11-05,23820.0
Green,古亭,2023-11-05,20216.0
Green,中正紀念堂,2023-11-05,18379.0
Green,小南門,2023-11-05,9218.0
Green,中山,2023-11-05,36077.0
Green,西門,2023-11-05,50200.5
Green,北門,2023-11-05,24451.0
Green,松江南京,2023-11-05,16388.5
Green,台北小巨蛋,2023-11-05,29128.0
Green,南京三民,2023-11-05,23205.0
Green,松山,2023-11-05,34535.0
Green,南京復興,2023-11-05,20999.5
Green,小碧潭,2023-11-06,5547.0
Green,新店,2023-11-06,23015.0
Green,新店區公所,2023-11-06,24501.0
Green,七張,2023-11-06,30713.0
Green,大坪林,2023-11-06,30710.0
Green,景美,2023-11-06,31346.0
Green,萬隆,2023-11-06,19002.0
Green,公館,2023-11-06,51063.0
Green,台電大樓,2023-11-06,29438.0
Green,古亭,2023-11-06,30334.5
Green,中正紀念堂,2023-11-06,20875.5
Green,小南門,2023-11-06,22899.0
Green,中山,2023-11-06,34853.0
Green,西門,2023-11-06,48348.0
Green,北門,2023-11-06,28509.0
Green,松江南京,2023-11-06,35345.0
Green,台北小巨蛋,2023-11-06,41884.0
Green,南京三民,2023-11-06,49105.0
Green,松山,2023-11-06,51165.0
Green,南京復興,2023-11-06,41928.5
Green,小碧潭,2023-11-07,6226.0
Green,新店,2023-11-07,23794.0
Green,新店區公所,2023-11-07,25196.0
Green,七張,2023-11-07,31862.0
Green,大坪林,2023-11-07,31601.5
Green,景美,2023-11-07,33429.0
Green,萬隆,2023-11-07,19444.0
Green,公館,2023-11-07,53650.0
Green,台電大樓,2023-11-07,31511.0
Green,古亭,2023-11-07,31659.5
Green,中正紀念堂,2023-11-07,25042.5
Green,小南門,2023-11-07,23702.0
Green,中山,2023-11-07,36535.5
Green,西門,2023-11-07,50005.5
Green,北門,2023-11-07,30050.0
Green,松江南京,2023-11-07,37291.5
Green,台北小巨蛋,2023-11-07,43949.0
Green,南京三民,2023-11-07,49897.0
Green,松山,2023-11-07,52559.0
Green,南京復興,2023-11-07,43611.0
Green,小碧潭,2023-11-08,6486.0
Green,新店,2023-11-08,23881.0
Green,新店區公所,2023-11-08,25696.0
Green,七張,2023-11-08,31859.0
Green,大坪林,2023-11-08,31932.5
Green,景美,2023-11-08,33426.0
Green,萬隆,2023-11-08,19966.0
Green,公館,2023-11-08,53074.0
Green,台電大樓,2023-11-08,32028.0
Green,古亭,2023-11-08,31877.5
Green,中正紀念堂,2023-11-08,24858.5
Green,小南門,2023-11-08,23264.0
Green,中山,2023-11-08,37795.0
Green,西門,2023-11-08,51051.5
Green,北門,2023-11-08,30055.0
Green,松江南京,2023-11-08,37382.0
Green,台北小巨蛋,2023-11-08,43891.0
Green,南京三民,2023-11-08,51188.0
Green,松山,2023-11-08,53073.0
Green,南京復興,2023-11-08,43895.5
Green,小碧潭,2023-11-09,6435.0
Green,新店,2023-11-09,24235.0
Green,新店區公所,2023-11-09,25414.0
Green,七張,2023-11-09,31824.0
Green,大坪林,2023-11-09,31570.0
Green,景美,2023-11-09,33162.0
Green,萬隆,2023-11-09,19742.0
Green,公館,2023-11-09,53406.0
Green,台電大樓,2023-11-09,32662.0
Green,古亭,2023-11-09,32491.5
Green,中正紀念堂,2023-11-09,25189.0
Green,小南門,2023-11-09,23399.0
Green,中山,2023-11-09,38136.5
Green,西門,2023-11-09,52003.5
Green,北門,2023-11-09,30964.0
Green,松江南京,2023-11-09,37706.5
Green,台北小巨蛋,2023-11-09,43305.0
Green,南京三民,2023-11-09,51205.0
Green,松山,2023-11-09,53375.0
Green,南京復興,2023-11-09,43789.0
Green,小碧潭,2023-11-10,6996.0
Green,新店,2023-11-10,24480.0
Green,新店區公所,2023-11-10,26348.0
Green,七張,2023-11-10,33544.0
Green,大坪林,2023-11-10,33840.5
Green,景美,2023-11-10,35393.0
Green,萬隆,2023-11-10,21036.0
Green,公館,2023-11-10,57831.0
Green,台電大樓,2023-11-10,35374.0
Green,古亭,2023-11-10,34135.5
Green,中正紀念堂,2023-11-10,26136.0
Green,小南門,2023-11-10,23808.0
Green,中山,2023-11-10,46375.0
Green,西門,2023-11-10,60904.0
Green,北門,2023-11-10,32840.0
Green,松江南京,2023-11-10,40483.5
Green,台北小巨蛋,2023-11-10,45782.0
Green,南京三民,2023-11-10,52427.0
Green,松山,2023-11-10,56589.0
Green,南京復興,2023-11-10,46675.5
Green,小碧潭,2023-11-11,6590.0
Green,新店,2023-11-11,21441.0
Green,新店區公所,2023-11-11,19773.0
Green,七張,2023-11-11,27289.0
Green,大坪林,2023-11-11,27081.0
Green,景美,2023-11-11,29047.0
Green,萬隆,2023-11-11,17751.0
Green,公館,2023-11-11,52547.0
Green,台電大樓,2023-11-11,29000.0
Green,古亭,2023-11-11,27199.0
Green,中正紀念堂,2023-11-11,20624.0
Green,小南門,2023-11-11,11423.0
Green,中山,2023-11-11,48546.0
Green,西門,2023-11-11,66244.5
Green,北門,2023-11-11,28811.0
Green,松江南京,2023-11-11,24264.0
Green,台北小巨蛋,2023-11-11,37637.0
Green,南京三民,2023-11-11,32667.0
Green,松山,2023-11-11,41108.0
Green,南京復興,2023-11-11,28895.5
Green,小碧潭,2023-11-12,6445.0
Green,新店,2023-11-12,18555.0
Green,新店區公所,2023-11-12,16215.0
Green,七張,2023-11-12,22283.0
Green,大坪林,2023-11-12,20870.0
Green,景美,2023-11-12,23778.0
Green,萬隆,2023-11-12,15296.0
Green,公館,2023-11-12,43576.0
Green,台電大樓,2023-11-12,24743.0
Green,古亭,2023-11-12,20810.0
Green,中正紀念堂,2023-11-12,17203.0
Green,小南門,2023-11-12,7610.0
Green,中山,2023-11-12,38677.5
Green,西門,2023-11-12,52367.0
Green,北門,2023-11-12,22449.0
Green,松江南京,2023-11-12,17287.5
Green,台北小巨蛋,2023-11-12,32416.0
Green,南京三民,2023-11-12,24393.0
Green,松山,2023-11-12,33600.0
Green,南京復興,2023-11-12,21130.0
Green,小碧潭,2023-11-13,6172.0
Green,新店,2023-11-13,22393.0
Green,新店區公所,2023-11-13,24932.0
Green,七張,2023-11-13,31283.0
Green,大坪林,2023-11-13,30119.5
Green,景美,2023-11-13,32052.0
Green,萬隆,2023-11-13,19395.0
Green,公館,2023-11-13,48208.0
Green,台電大樓,2023-11-13,30315.0
Green,古亭,2023-11-13,30765.5
Green,中正紀念堂,2023-11-13,21873.0
Green,小南門,2023-11-13,22660.0
Green,中山,2023-11-13,37037.5
Green,西門,2023-11-13,52502.5
Green,北門,2023-11-13,29549.0
Green,松江南京,2023-11-13,36270.0
Green,台北小巨蛋,2023-11-13,42749.0
Green,南京三民,2023-11-13,48048.0
Green,松山,2023-11-13,52562.0
Green,南京復興,2023-11-13,42716.5
Green,小碧潭,2023-11-14,6326.0
Green,新店,2023-11-14,22869.0
Green,新店區公所,2023-11-14,25414.0
Green,七張,2023-11-14,31719.0
Green,大坪林,2023-11-14,31699.0
Green,景美,2023-11-14,33055.0
Green,萬隆,2023-11-14,19937.0
Green,公館,2023-11-14,49733.0
Green,台電大樓,2023-11-14,32340.0
Green,古亭,2023-11-14,32070.5
Green,中正紀念堂,2023-11-14,25231.0
Green,小南門,2023-11-14,23835.0
Green,中山,2023-11-14,37572.0
Green,西門,2023-11-14,52099.0
Green,北門,2023-11-14,30089.0
Green,松江南京,2023-11-14,37851.0
Green,台北小巨蛋,2023-11-14,44152.0
Green,南京三民,2023-11-14,51260.0
Green,松山,2023-11-14,51129.0
Green,南京復興,2023-11-14,44540.5
Green,小碧潭,2023-11-15,6467.0
Green,新店,2023-11-15,23867.0
Green,新店區公所,2023-11-15,25635.0
Green,七張,2023-11-15,32185.0
Green,大坪林,2023-11-15,32164.5
Green,景美,2023-11-15,33986.0
Green,萬隆,2023-11-15,20232.0
Green,公館,2023-11-15,50618.0
Green,台電大樓,2023-11-15,33590.0
Green,古亭,2023-11-15,32514.5
Green,中正紀念堂,2023-11-15,24939.0
Green,小南門,2023-11-15,23913.0
Green,中山,2023-11-15,39719.5
Green,西門,2023-11-15,52864.0
Green,北門,2023-11-15,31146.0
Green,松江南京,2023-11-15,37956.5
Green,台北小巨蛋,2023-11-15,44337.0
Green,南京三民,2023-11-15,51636.0
Green,松山,2023-11-15,53840.0
Green,南京復興,2023-11-15,44705.0
Green,小碧潭,2023-11-16,6775.0
Green,新店,2023-11-16,23610.0
Green,新店區公所,2023-11-16,25504.0
Green,七張,2023-11-16,32281.0
Green,大坪林,2023-11-16,32321.0
Green,景美,2023-11-16,33339.0
Green,萬隆,2023-11-16,20122.0
Green,公館,2023-11-16,52212.0
Green,台電大樓,2023-11-16,33338.0
Green,古亭,2023-11-16,33221.5
Green,中正紀念堂,2023-11-16,25565.5
Green,小南門,2023-11-16,24147.0
Green,中山,2023-11-16,39142.5
Green,西門,2023-11-16,52092.0
Green,北門,2023-11-16,31073.0
Green,松江南京,2023-11-16,39102.0
Green,台北小巨蛋,2023-11-16,45129.0
Green,南京三民,2023-11-16,51865.0
Green,松山,2023-11-16,51354.0
Green,南京復興,2023-11-16,45580.0
Green,小碧潭,2023-11-17,7114.0
Green,新店,2023-11-17,25255.0
Green,新店區公所,2023-11-17,26556.0
Green,七張,2023-11-17,34256.0
Green,大坪林,2023-11-17,34256.0
Green,景美,2023-11-17,36175.0
Green,萬隆,2023-11-17,21444.0
Green,公館,2023-11-17,58687.0
Green,台電大樓,2023-11-17,36184.0
Green,古亭,2023-11-17,34727.0
Green,中正紀念堂,2023-11-17,27156.0
Green,小南門,2023-11-17,24311.0
Green,中山,2023-11-17,46212.0
Green,西門,2023-11-17,61665.5
Green,北門,2023-11-17,33374.0
Green,松江南京,2023-11-17,40743.0
Green,台北小巨蛋,2023-11-17,45833.0
Green,南京三民,2023-11-17,52481.0
Green,松山,2023-11-17,57501.0
Green,南京復興,2023-11-17,47056.5
Green,小碧潭,2023-11-18,8871.0
Green,新店,2023-11-18,23547.0
Green,新店區公所,2023-11-18,20305.0
Green,七張,2023-11-18,27747.0
Green,大坪林,2023-11-18,26314.5
Green,景美,2023-11-18,30429.0
Green,萬隆,2023-11-18,18117.0
Green,公館,2023-11-18,54034.0
Green,台電大樓,2023-11-18,32280.0
Green,古亭,2023-11-18,27090.0
Green,中正紀念堂,2023-11-18,21916.0
Green,小南門,2023-11-18,9964.0
Green,中山,2023-11-18,47430.0
Green,西門,2023-11-18,64974.5
Green,北門,2023-11-18,28683.0
Green,松江南京,2023-11-18,22615.5
Green,台北小巨蛋,2023-11-18,38176.0
Green,南京三民,2023-11-18,31545.0
Green,松山,2023-11-18,46035.0
Green,南京復興,2023-11-18,28396.5
Green,小碧潭,2023-11-19,6038.0
Green,新店,2023-11-19,21762.0
Green,新店區公所,2023-11-19,16899.0
Green,七張,2023-11-19,22569.0
Green,大坪林,2023-11-19,21057.5
Green,景美,2023-11-19,25499.0
Green,萬隆,2023-11-19,15288.0
Green,公館,2023-11-19,44690.0
Green,台電大樓,2023-11-19,25811.0
Green,古亭,2023-11-19,21186.5
Green,中正紀念堂,2023-11-19,18780.0
Green,小南門,2023-11-19,8004.0
Green,中山,2023-11-19,38040.0
Green,西門,2023-11-19,53715.5
Green,北門,2023-11-19,24318.0
Green,松江南京,2023-11-19,16557.5
Green,台北小巨蛋,2023-11-19,21785.0
Green,南京三民,2023-11-19,24650.0
Green,松山,2023-11-19,34280.0
Green,南京復興,2023-11-19,20902.5
Green,小碧潭,2023-11-20,6139.0
Green,新店,2023-11-20,23587.0
Green,新店區公所,2023-11-20,24609.0
Green,七張,2023-11-20,30956.0
Green,大坪林,2023-11-20,30403.0
Green,景美,2023-11-20,32307.0
Green,萬隆,2023-11-20,19165.0
Green,公館,2023-11-20,50166.0
Green,台電大樓,2023-11-20,30266.0
Green,古亭,2023-11-20,30464.0
Green,中正紀念堂,2023-11-20,21935.0
Green,小南門,2023-11-20,22977.0
Green,中山,2023-11-20,36649.0
Green,西門,2023-11-20,49946.0
Green,北門,2023-11-20,30332.0
Green,松江南京,2023-11-20,36248.5
Green,台北小巨蛋,2023-11-20,43226.0
Green,南京三民,2023-11-20,49406.0
Green,松山,2023-11-20,51802.0
Green,南京復興,2023-11-20,42619.0
Green,小碧潭,2023-11-21,6234.0
Green,新店,2023-11-21,24180.0
Green,新店區公所,2023-11-21,25131.0
Green,七張,2023-11-21,31619.0
Green,大坪林,2023-11-21,31356.5
Green,景美,2023-11-21,33547.0
Green,萬隆,2023-11-21,20012.0
Green,公館,2023-11-21,54606.0
Green,台電大樓,2023-11-21,32485.0
Green,古亭,2023-11-21,32064.0
Green,中正紀念堂,2023-11-21,24585.0
Green,小南門,2023-11-21,24110.0
Green,中山,2023-11-21,37912.0
Green,西門,2023-11-21,50473.0
Green,北門,2023-11-21,31195.0
Green,松江南京,2023-11-21,37399.0
Green,台北小巨蛋,2023-11-21,52237.0
Green,南京三民,2023-11-21,50802.0
Green,松山,2023-11-21,53536.0
Green,南京復興,2023-11-21,44894.0
Green,小碧潭,2023-11-22,6301.0
Green,新店,2023-11-22,24167.0
Green,新店區公所,2023-11-22,25102.0
Green,七張,2023-11-22,32189.0
Green,大坪林,2023-11-22,31939.0
Green,景美,2023-11-22,33835.0
Green,萬隆,2023-11-22,19935.0
Green,公館,2023-11-22,55168.0
Green,台電大樓,2023-11-22,32944.0
Green,古亭,2023-11-22,32322.0
Green,中正紀念堂,2023-11-22,24367.5
Green,小南門,2023-11-22,23956.0
Green,中山,2023-11-22,39590.0
Green,西門,2023-11-22,51848.0
Green,北門,2023-11-22,31156.0
Green,松江南京,2023-11-22,37524.0
Green,台北小巨蛋,2023-11-22,45674.0
Green,南京三民,2023-11-22,51738.0
Green,松山,2023-11-22,53692.0
Green,南京復興,2023-11-22,44930.5
Green,小碧潭,2023-11-23,6641.0
Green,新店,2023-11-23,24079.0
Green,新店區公所,2023-11-23,25312.0
Green,七張,2023-11-23,32062.0
Green,大坪林,2023-11-23,31756.5
Green,景美,2023-11-23,33294.0
Green,萬隆,2023-11-23,20146.0
Green,公館,2023-11-23,55862.0
Green,台電大樓,2023-11-23,33387.0
Green,古亭,2023-11-23,32402.0
Green,中正紀念堂,2023-11-23,24460.0
Green,小南門,2023-11-23,24108.0
Green,中山,2023-11-23,40632.5
Green,西門,2023-11-23,52776.0
Green,北門,2023-11-23,31764.0
Green,松江南京,2023-11-23,38578.0
Green,台北小巨蛋,2023-11-23,45301.0
Green,南京三民,2023-11-23,51997.0
Green,松山,2023-11-23,55123.0
Green,南京復興,2023-11-23,45847.0
Green,小碧潭,2023-11-24,6561.0
Green,新店,2023-11-24,24749.0
Green,新店區公所,2023-11-24,26337.0
Green,七張,2023-11-24,33765.0
Green,大坪林,2023-11-24,33509.0
Green,景美,2023-11-24,35315.0
Green,萬隆,2023-11-24,21368.0
Green,公館,2023-11-24,60574.0
Green,台電大樓,2023-11-24,35430.0
Green,古亭,2023-11-24,34003.0
Green,中正紀念堂,2023-11-24,26702.5
Green,小南門,2023-11-24,23622.0
Green,中山,2023-11-24,46915.0
Green,西門,2023-11-24,61154.5
Green,北門,2023-11-24,33786.0
Green,松江南京,2023-11-24,41199.5
Green,台北小巨蛋,2023-11-24,46817.0
Green,南京三民,2023-11-24,53082.0
Green,松山,2023-11-24,58173.0
Green,南京復興,2023-11-24,47920.0
Green,小碧潭,2023-11-25,6394.0
Green,新店,2023-11-25,22460.0
Green,新店區公所,2023-11-25,19193.0
Green,七張,2023-11-25,27031.0
Green,大坪林,2023-11-25,25107.5
Green,景美,2023-11-25,27704.0
Green,萬隆,2023-11-25,17500.0
Green,公館,2023-11-25,56493.0
Green,台電大樓,2023-11-25,31238.0
Green,古亭,2023-11-25,26415.5
Green,中正紀念堂,2023-11-25,22205.5
Green,小南門,2023-11-25,9705.0
Green,中山,2023-11-25,47450.0
Green,西門,2023-11-25,61945.0
Green,北門,2023-11-25,28951.0
Green,松江南京,2023-11-25,22433.5
Green,台北小巨蛋,2023-11-25,36501.0
Green,南京三民,2023-11-25,30274.0
Green,松山,2023-11-25,42250.0
Green,南京復興,2023-11-25,27799.5
Green,小碧潭,2023-11-26,6001.0
Green,新店,2023-11-26,17620.0
Green,新店區公所,2023-11-26,15760.0
Green,七張,2023-11-26,21454.0
Green,大坪林,2023-11-26,20285.5
Green,景美,2023-11-26,23294.0
Green,萬隆,2023-11-26,14613.0
Green,公館,2023-11-26,43737.0
Green,台電大樓,2023-11-26,24061.0
Green,古亭,2023-11-26,19735.0
Green,中正紀念堂,2023-11-26,17196.0
Green,小南門,2023-11-26,7119.0
Green,中山,2023-11-26,37214.0
Green,西門,2023-11-26,48582.5
Green,北門,2023-11-26,22453.0
Green,松江南京,2023-11-26,16386.5
Green,台北小巨蛋,2023-11-26,20920.0
Green,南京三民,2023-11-26,23513.0
Green,松山,2023-11-26,35122.0
Green,南京復興,2023-11-26,20933.5
Green,小碧潭,2023-11-27,5961.0
Green,新店,2023-11-27,23404.0
Green,新店區公所,2023-11-27,24726.0
Green,七張,2023-11-27,30719.0
Green,大坪林,2023-11-27,30497.0
Green,景美,2023-11-27,32881.0
Green,萬隆,2023-11-27,18912.0
Green,公館,2023-11-27,52135.0
Green,台電大樓,2023-11-27,30085.0
Green,古亭,2023-11-27,29972.0
Green,中正紀念堂,2023-11-27,21115.5
Green,小南門,2023-11-27,23187.0
Green,中山,2023-11-27,35986.5
Green,西門,2023-11-27,49050.5
Green,北門,2023-11-27,29135.0
Green,松江南京,2023-11-27,35735.0
Green,台北小巨蛋,2023-11-27,43219.0
Green,南京三民,2023-11-27,48771.0
Green,松山,2023-11-27,52127.0
Green,南京復興,2023-11-27,42581.0
Green,小碧潭,2023-11-28,6155.0
Green,新店,2023-11-28,23943.0
Green,新店區公所,2023-11-28,25179.0
Green,七張,2023-11-28,31842.0
Green,大坪林,2023-11-28,31947.0
Green,景美,2023-11-28,34497.0
Green,萬隆,2023-11-28,19829.0
Green,公館,2023-11-28,56298.0
Green,台電大樓,2023-11-28,31920.0
Green,古亭,2023-11-28,31487.0
Green,中正紀念堂,2023-11-28,24809.5
Green,小南門,2023-11-28,24064.0
Green,中山,2023-11-28,38177.5
Green,西門,2023-11-28,51426.5
Green,北門,2023-11-28,30463.0
Green,松江南京,2023-11-28,37729.0
Green,台北小巨蛋,2023-11-28,44340.0
Green,南京三民,2023-11-28,51295.0
Green,松山,2023-11-28,53287.0
Green,南京復興,2023-11-28,43751.5
Green,小碧潭,2023-11-29,6491.0
Green,新店,2023-11-29,23895.0
Green,新店區公所,2023-11-29,25989.0
Green,七張,2023-11-29,31963.0
Green,大坪林,2023-11-29,32181.0
Green,景美,2023-11-29,33929.0
Green,萬隆,2023-11-29,20286.0
Green,公館,2023-11-29,56506.0
Green,台電大樓,2023-11-29,32349.0
Green,古亭,2023-11-29,32023.0
Green,中正紀念堂,2023-11-29,24709.0
Green,小南門,2023-11-29,23774.0
Green,中山,2023-11-29,39425.0
Green,西門,2023-11-29,51306.0
Green,北門,2023-11-29,30582.0
Green,松江南京,2023-11-29,37724.5
Green,台北小巨蛋,2023-11-29,45674.0
Green,南京三民,2023-11-29,51727.0
Green,松山,2023-11-29,54071.0
Green,南京復興,2023-11-29,44931.5
Green,小碧潭,2023-11-30,6643.0
Green,新店,2023-11-30,23809.0
Green,新店區公所,2023-11-30,25778.0
Green,七張,2023-11-30,32440.0
Green,大坪林,2023-11-30,31999.5
Green,景美,2023-11-30,34065.0
Green,萬隆,2023-11-30,20579.0
Green,公館,2023-11-30,57624.0
Green,台電大樓,2023-11-30,34343.0
Green,古亭,2023-11-30,33525.5
Green,中正紀念堂,2023-11-30,24657.5
Green,小南門,2023-11-30,24308.0
Green,中山,2023-11-30,40300.0
Green,西門,2023-11-30,51878.0
Green,北門,2023-11-30,30801.0
Green,松江南京,2023-11-30,39139.0
Green,台北小巨蛋,2023-11-30,46686.0
Green,南京三民,2023-11-30,53210.0
Green,松山,2023-11-30,52613.0
Green,南京復興,2023-11-30,45912.0
Green,小碧潭,2023-12-01,6997.0
Green,新店,2023-12-01,23958.0
Green,新店區公所,2023-12-01,26909.0
Green,七張,2023-12-01,33919.0
Green,大坪林,2023-12-01,34298.5
Green,景美,2023-12-01,35617.0
Green,萬隆,2023-12-01,21728.0
Green,公館,2023-12-01,63878.0
Green,台電大樓,2023-12-01,36502.0
Green,古亭,2023-12-01,34961.0
Green,中正紀念堂,2023-12-01,25913.0
Green,小南門,2023-12-01,24025.0
Green,中山,2023-12-01,46983.0
Green,西門,2023-12-01,60133.0
Green,北門,2023-12-01,32946.0
Green,松江南京,2023-12-01,41041.5
Green,台北小巨蛋,2023-12-01,47989.0
Green,南京三民,2023-12-01,53443.0
Green,松山,2023-12-01,56398.0
Green,南京復興,2023-12-01,47513.5
Green,小碧潭,2023-12-02,6505.0
Green,新店,2023-12-02,20784.0
Green,新店區公所,2023-12-02,19888.0
Green,七張,2023-12-02,26845.0
Green,大坪林,2023-12-02,25350.0
Green,景美,2023-12-02,29509.0
Green,萬隆,2023-12-02,18206.0
Green,公館,2023-12-02,53944.0
Green,台電大樓,2023-12-02,30164.0
Green,古亭,2023-12-02,26260.0
Green,中正紀念堂,2023-12-02,26369.0
Green,小南門,2023-12-02,12441.0
Green,中山,2023-12-02,50994.0
Green,西門,2023-12-02,63167.5
Green,北門,2023-12-02,27418.0
Green,松江南京,2023-12-02,27213.0
Green,台北小巨蛋,2023-12-02,38925.0
Green,南京三民,2023-12-02,30323.0
Green,松山,2023-12-02,43696.0
Green,南京復興,2023-12-02,27437.0
Green,小碧潭,2023-12-03,6110.0
Green,新店,2023-12-03,19342.0
Green,新店區公所,2023-12-03,16607.0
Green,七張,2023-12-03,22841.0
Green,大坪林,2023-12-03,21721.5
Green,景美,2023-12-03,26685.0
Green,萬隆,2023-12-03,15534.0
Green,公館,2023-12-03,55649.0
Green,台電大樓,2023-12-03,26058.0
Green,古亭,2023-12-03,21261.5
Green,中正紀念堂,2023-12-03,21145.0
Green,小南門,2023-12-03,7988.0
Green,中山,2023-12-03,40142.5
Green,西門,2023-12-03,52351.0
Green,北門,2023-12-03,22857.0
Green,松江南京,2023-12-03,17368.5
Green,台北小巨蛋,2023-12-03,30602.0
Green,南京三民,2023-12-03,24815.0
Green,松山,2023-12-03,33733.0
Green,南京復興,2023-12-03,21314.5
Green,小碧潭,2023-12-04,6389.0
Green,新店,2023-12-04,21643.0
Green,新店區公所,2023-12-04,25011.0
Green,七張,2023-12-04,30583.0
Green,大坪林,2023-12-04,30772.5
Green,景美,2023-12-04,31365.0
Green,萬隆,2023-12-04,19406.0
Green,公館,2023-12-04,51908.0
Green,台電大樓,2023-12-04,31207.0
Green,古亭,2023-12-04,31261.0
Green,中正紀念堂,2023-12-04,19999.0
Green,小南門,2023-12-04,23031.0
Green,中山,2023-12-04,35717.5
Green,西門,2023-12-04,48036.5
Green,北門,2023-12-04,29015.0
Green,松江南京,2023-12-04,36898.5
Green,台北小巨蛋,2023-12-04,43578.0
Green,南京三民,2023-12-04,50248.0
Green,松山,2023-12-04,49076.0
Green,南京復興,2023-12-04,44817.5
Green,小碧潭,2023-12-05,6454.0
Green,新店,2023-12-05,22962.0
Green,新店區公所,2023-12-05,25319.0
Green,七張,2023-12-05,31790.0
Green,大坪林,2023-12-05,32111.0
Green,景美,2023-12-05,34298.0
Green,萬隆,2023-12-05,20012.0
Green,公館,2023-12-05,54171.0
Green,台電大樓,2023-12-05,32760.0
Green,古亭,2023-12-05,32481.5
Green,中正紀念堂,2023-12-05,25063.5
Green,小南門,2023-12-05,24567.0
Green,中山,2023-12-05,37889.5
Green,西門,2023-12-05,52161.0
Green,北門,2023-12-05,30633.0
Green,松江南京,2023-12-05,38430.0
Green,台北小巨蛋,2023-12-05,44809.0
Green,南京三民,2023-12-05,51213.0
Green,松山,2023-12-05,53287.0
Green,南京復興,2023-12-05,45193.0
Green,小碧潭,2023-12-06,6495.0
Green,新店,2023-12-06,22589.0
Green,新店區公所,2023-12-06,25970.0
Green,七張,2023-12-06,32321.0
Green,大坪林,2023-12-06,32493.0
Green,景美,2023-12-06,33651.0
Green,萬隆,2023-12-06,20549.0
Green,公館,2023-12-06,55953.0
Green,台電大樓,2023-12-06,33615.0
Green,古亭,2023-12-06,33328.0
Green,中正紀念堂,2023-12-06,24590.5
Green,小南門,2023-12-06,23906.0
Green,中山,2023-12-06,39210.0
Green,西門,2023-12-06,52147.0
Green,北門,2023-12-06,30075.0
Green,松江南京,2023-12-06,39391.5
Green,台北小巨蛋,2023-12-06,46691.0
Green,南京三民,2023-12-06,52499.0
Green,松山,2023-12-06,52158.0
Green,南京復興,2023-12-06,46573.5
Green,小碧潭,2023-12-07,6540.0
Green,新店,2023-12-07,24089.0
Green,新店區公所,2023-12-07,26171.0
Green,七張,2023-12-07,32167.0
Green,大坪林,2023-12-07,32517.5
Green,景美,2023-12-07,34927.0
Green,萬隆,2023-12-07,20691.0
Green,公館,2023-12-07,57322.0
Green,台電大樓,2023-12-07,33735.0
Green,古亭,2023-12-07,33230.0
Green,中正紀念堂,2023-12-07,26080.0
Green,小南門,2023-12-07,24481.0
Green,中山,2023-12-07,41152.5
Green,西門,2023-12-07,54603.0
Green,北門,2023-12-07,31692.0
Green,松江南京,2023-12-07,39231.5
Green,台北小巨蛋,2023-12-07,46321.0
Green,南京三民,2023-12-07,51950.0
Green,松山,2023-12-07,55326.0
Green,南京復興,2023-12-07,45810.0
Green,小碧潭,2023-12-08,6956.0
Green,新店,2023-12-08,26125.0
Green,新店區公所,2023-12-08,27303.0
Green,七張,2023-12-08,34453.0
Green,大坪林,2023-12-08,34528.5
Green,景美,2023-12-08,36720.0
Green,萬隆,2023-12-08,21543.0
Green,公館,2023-12-08,64870.0
Green,台電大樓,2023-12-08,36680.0
Green,古亭,2023-12-08,35501.5
Green,中正紀念堂,2023-12-08,26619.0
Green,小南門,2023-12-08,24447.0
Green,中山,2023-12-08,48219.0
Green,西門,2023-12-08,61434.0
Green,北門,2023-12-08,34065.0
Green,松江南京,2023-12-08,42041.0
Green,台北小巨蛋,2023-12-08,48013.0
Green,南京三民,2023-12-08,53494.0
Green,松山,2023-12-08,59100.0
Green,南京復興,2023-12-08,48331.5
Green,小碧潭,2023-12-09,6667.0
Green,新店,2023-12-09,25380.0
Green,新店區公所,2023-12-09,21104.0
Green,七張,2023-12-09,28117.0
Green,大坪林,2023-12-09,26957.5
Green,景美,2023-12-09,33536.0
Green,萬隆,2023-12-09,19440.0
Green,公館,2023-12-09,75984.0
Green,台電大樓,2023-12-09,38459.0
Green,古亭,2023-12-09,28053.5
Green,中正紀念堂,2023-12-09,22535.0
Green,小南門,2023-12-09,11118.0
Green,中山,2023-12-09,52658.0
Green,西門,2023-12-09,69109.5
Green,北門,2023-12-09,31103.0
Green,松江南京,2023-12-09,23783.0
Green,台北小巨蛋,2023-12-09,41246.0
Green,南京三民,2023-12-09,31871.0
Green,松山,2023-12-09,46123.0
Green,南京復興,2023-12-09,29317.0
Green,小碧潭,2023-12-10,6154.0
Green,新店,2023-12-10,22383.0
Green,新店區公所,2023-12-10,17871.0
Green,七張,2023-12-10,23899.0
Green,大坪林,2023-12-10,22076.0
Green,景美,2023-12-10,28040.0
Green,萬隆,2023-12-10,16395.0
Green,公館,2023-12-10,62013.0
Green,台電大樓,2023-12-10,29342.0
Green,古亭,2023-12-10,21313.5
Green,中正紀念堂,2023-12-10,19160.0
Green,小南門,2023-12-10,9098.0
Green,中山,2023-12-10,41650.5
Green,西門,2023-12-10,56803.0
Green,北門,2023-12-10,26528.0
Green,松江南京,2023-12-10,17775.5
Green,台北小巨蛋,2023-12-10,31852.0
Green,南京三民,2023-12-10,25660.0
Green,松山,2023-12-10,37481.0
Green,南京復興,2023-12-10,22118.0
Green,小碧潭,2023-12-11,6169.0
Green,新店,2023-12-11,23693.0
Green,新店區公所,2023-12-11,25054.0
Green,七張,2023-12-11,30985.0
Green,大坪林,2023-12-11,31376.0
Green,景美,2023-12-11,34035.0
Green,萬隆,2023-12-11,19438.0
Green,公館,2023-12-11,52605.0
Green,台電大樓,2023-12-11,30635.0
Green,古亭,2023-12-11,30822.5
Green,中正紀念堂,2023-12-11,21924.5
Green,小南門,2023-12-11,23269.0
Green,中山,2023-12-11,37878.0
Green,西門,2023-12-11,51091.5
Green,北門,2023-12-11,30445.0
Green,松江南京,2023-12-11,36764.5
Green,台北小巨蛋,2023-12-11,43524.0
Green,南京三民,2023-12-11,49605.0
Green,松山,2023-12-11,52335.0
Green,南京復興,2023-12-11,43352.5
Green,小碧潭,2023-12-12,6251.0
Green,新店,2023-12-12,23302.0
Green,新店區公所,2023-12-12,25554.0
Green,七張,2023-12-12,31474.0
Green,大坪林,2023-12-12,32187.5
Green,景美,2023-12-12,34398.0
Green,萬隆,2023-12-12,19975.0
Green,公館,2023-12-12,54859.0
Green,台電大樓,2023-12-12,32554.0
Green,古亭,2023-12-12,32318.0
Green,中正紀念堂,2023-12-12,25289.5
Green,小南門,2023-12-12,25298.0
Green,中山,2023-12-12,39550.5
Green,西門,2023-12-12,53430.5
Green,北門,2023-12-12,30781.0
Green,松江南京,2023-12-12,38756.5
Green,台北小巨蛋,2023-12-12,46687.0
Green,南京三民,2023-12-12,51593.0
Green,松山,2023-12-12,52876.0
Green,南京復興,2023-12-12,45483.5
Green,小碧潭,2023-12-13,6363.0
Green,新店,2023-12-13,24045.0
Green,新店區公所,2023-12-13,26031.0
Green,七張,2023-12-13,31861.0
Green,大坪林,2023-12-13,32177.0
Green,景美,2023-12-13,34587.0
Green,萬隆,2023-12-13,20379.0
Green,公館,2023-12-13,54313.0
Green,台電大樓,2023-12-13,33235.0
Green,古亭,2023-12-13,33016.5
Green,中正紀念堂,2023-12-13,25133.5
Green,小南門,2023-12-13,24238.0
Green,中山,2023-12-13,40682.0
Green,西門,2023-12-13,53044.5
Green,北門,2023-12-13,31251.0
Green,松江南京,2023-12-13,38771.5
Green,台北小巨蛋,2023-12-13,45735.0
Green,南京三民,2023-12-13,52040.0
Green,松山,2023-12-13,54475.0
Green,南京復興,2023-12-13,45942.0
Green,小碧潭,2023-12-14,6606.0
Green,新店,2023-12-14,24036.0
Green,新店區公所,2023-12-14,26116.0
Green,七張,2023-12-14,32088.0
Green,大坪林,2023-12-14,32005.0
Green,景美,2023-12-14,33882.0
Green,萬隆,2023-12-14,20342.0
Green,公館,2023-12-14,55036.0
Green,台電大樓,2023-12-14,32819.0
Green,古亭,2023-12-14,32758.5
Green,中正紀念堂,2023-12-14,25101.0
Green,小南門,2023-12-14,24561.0
Green,中山,2023-12-14,40803.0
Green,西門,2023-12-14,52793.5
Green,北門,2023-12-14,31470.0
Green,松江南京,2023-12-14,39075.0
Green,台北小巨蛋,2023-12-14,46106.0
Green,南京三民,2023-12-14,51745.0
Green,松山,2023-12-14,54795.0
Green,南京復興,2023-12-14,45766.5
Green,小碧潭,2023-12-15,6956.0
Green,新店,2023-12-15,25603.0
Green,新店區公所,2023-12-15,27188.0
Green,七張,2023-12-15,34316.0
Green,大坪林,2023-12-15,35089.5
Green,景美,2023-12-15,36131.0
Green,萬隆,2023-12-15,22062.0
Green,公館,2023-12-15,59989.0
Green,台電大樓,2023-12-15,35700.0
Green,古亭,2023-12-15,35120.5
Green,中正紀念堂,2023-12-15,25887.5
Green,小南門,2023-12-15,24701.0
Green,中山,2023-12-15,48880.0
Green,西門,2023-12-15,62539.0
Green,北門,2023-12-15,33891.0
Green,松江南京,2023-12-15,41945.0
Green,台北小巨蛋,2023-12-15,54724.0
Green,南京三民,2023-12-15,54175.0
Green,松山,2023-12-15,59293.0
Green,南京復興,2023-12-15,48249.0
Green,小碧潭,2023-12-16,7804.0
Green,新店,2023-12-16,21852.0
Green,新店區公所,2023-12-16,20377.0
Green,七張,2023-12-16,28169.0
Green,大坪林,2023-12-16,27379.5
Green,景美,2023-12-16,30717.0
Green,萬隆,2023-12-16,18868.0
Green,公館,2023-12-16,57401.0
Green,台電大樓,2023-12-16,33214.0
Green,古亭,2023-12-16,28214.5
Green,中正紀念堂,2023-12-16,22870.0
Green,小南門,2023-12-16,10544.0
Green,中山,2023-12-16,54276.0
Green,西門,2023-12-16,68507.0
Green,北門,2023-12-16,29607.0
Green,松江南京,2023-12-16,24836.5
Green,台北小巨蛋,2023-12-16,40709.0
Green,南京三民,2023-12-16,32605.0
Green,松山,2023-12-16,42053.0
Green,南京復興,2023-12-16,30245.0
Green,小碧潭,2023-12-17,6964.0
Green,新店,2023-12-17,18074.0
Green,新店區公所,2023-12-17,17056.0
Green,七張,2023-12-17,22348.0
Green,大坪林,2023-12-17,21524.0
Green,景美,2023-12-17,25088.0
Green,萬隆,2023-12-17,15690.0
Green,公館,2023-12-17,44501.0
Green,台電大樓,2023-12-17,25946.0
Green,古亭,2023-12-17,22754.5
Green,中正紀念堂,2023-12-17,19742.5
Green,小南門,2023-12-17,9447.0
Green,中山,2023-12-17,46226.5
Green,西門,2023-12-17,56756.5
Green,北門,2023-12-17,24668.0
Green,松江南京,2023-12-17,20231.0
Green,台北小巨蛋,2023-12-17,50798.0
Green,南京三民,2023-12-17,29475.0
Green,松山,2023-12-17,35255.0
Green,南京復興,2023-12-17,25247.5
Green,小碧潭,2023-12-18,6382.0
Green,新店,2023-12-18,23481.0
Green,新店區公所,2023-12-18,25373.0
Green,七張,2023-12-18,31752.0
Green,大坪林,2023-12-18,31383.5
Green,景美,2023-12-18,32795.0
Green,萬隆,2023-12-18,19456.0
Green,公館,2023-12-18,50581.0
Green,台電大樓,2023-12-18,31216.0
Green,古亭,2023-12-18,30842.5
Green,中正紀念堂,2023-12-18,22105.5
Green,小南門,2023-12-18,24163.0
Green,中山,2023-12-18,39461.0
Green,西門,2023-12-18,52337.0
Green,北門,2023-12-18,30217.0
Green,松江南京,2023-12-18,37957.5
Green,台北小巨蛋,2023-12-18,41648.0
Green,南京三民,2023-12-18,50071.0
Green,松山,2023-12-18,52853.0
Green,南京復興,2023-12-18,44685.0
Green,小碧潭,2023-12-19,6246.0
Green,新店,2023-12-19,23082.0
Green,新店區公所,2023-12-19,25862.0
Green,七張,2023-12-19,31759.0
Green,大坪林,2023-12-19,32307.5
Green,景美,2023-12-19,34157.0
Green,萬隆,2023-12-19,20071.0
Green,公館,2023-12-19,52687.0
Green,台電大樓,2023-12-19,32818.0
Green,古亭,2023-12-19,32486.0
Green,中正紀念堂,2023-12-19,25195.0
Green,小南門,2023-12-19,23888.0
Green,中山,2023-12-19,41342.0
Green,西門,2023-12-19,53273.0
Green,北門,2023-12-19,30780.0
Green,松江南京,2023-12-19,39703.0
Green,台北小巨蛋,2023-12-19,44754.0
Green,南京三民,2023-12-19,51478.0
Green,松山,2023-12-19,53515.0
Green,南京復興,2023-12-19,45917.0
Green,小碧潭,2023-12-20,6426.0
Green,新店,2023-12-20,23083.0
Green,新店區公所,2023-12-20,25922.0
Green,七張,2023-12-20,32693.0
Green,大坪林,2023-12-20,33169.0
Green,景美,2023-12-20,34325.0
Green,萬隆,2023-12-20,21134.0
Green,公館,2023-12-20,54919.0
Green,台電大樓,2023-12-20,33545.0
Green,古亭,2023-12-20,33206.0
Green,中正紀念堂,2023-12-20,25867.5
Green,小南門,2023-12-20,24031.0
Green,中山,2023-12-20,42822.5
Green,西門,2023-12-20,55295.5
Green,北門,2023-12-20,30819.0
Green,松江南京,2023-12-20,40738.0
Green,台北小巨蛋,2023-12-20,46654.0
Green,南京三民,2023-12-20,52548.0
Green,松山,2023-12-20,53831.0
Green,南京復興,2023-12-20,46898.5
Green,小碧潭,2023-12-21,6811.0
Green,新店,2023-12-21,22755.0
Green,新店區公所,2023-12-21,26154.0
Green,七張,2023-12-21,32473.0
Green,大坪林,2023-12-21,32982.0
Green,景美,2023-12-21,34343.0
Green,萬隆,2023-12-21,20815.0
Green,公館,2023-12-21,56158.0
Green,台電大樓,2023-12-21,34590.0
Green,古亭,2023-12-21,33862.0
Green,中正紀念堂,2023-12-21,25178.5
Green,小南門,2023-12-21,25310.0
Green,中山,2023-12-21,43949.5
Green,西門,2023-12-21,55703.5
Green,北門,2023-12-21,30524.0
Green,松江南京,2023-12-21,41458.5
Green,台北小巨蛋,2023-12-21,46377.0
Green,南京三民,2023-12-21,52875.0
Green,松山,2023-12-21,53940.0
Green,南京復興,2023-12-21,47462.0
Green,小碧潭,2023-12-22,6723.0
Green,新店,2023-12-22,23900.0
Green,新店區公所,2023-12-22,26914.0
Green,七張,2023-12-22,33815.0
Green,大坪林,2023-12-22,34682.5
Green,景美,2023-12-22,36788.0
Green,萬隆,2023-12-22,21873.0
Green,公館,2023-12-22,65875.0
Green,台電大樓,2023-12-22,38515.0
Green,古亭,2023-12-22,36306.0
Green,中正紀念堂,2023-12-22,27380.5
Green,小南門,2023-12-22,25088.0
Green,中山,2023-12-22,51199.5
Green,西門,2023-12-22,65861.0
Green,北門,2023-12-22,33776.0
Green,松江南京,2023-12-22,43226.0
Green,台北小巨蛋,2023-12-22,47669.0
Green,南京三民,2023-12-22,54882.0
Green,松山,2023-12-22,58373.0
Green,南京復興,2023-12-22,50480.0
Green,小碧潭,2023-12-23,7671.0
Green,新店,2023-12-23,21908.0
Green,新店區公所,2023-12-23,20778.0
Green,七張,2023-12-23,28095.0
Green,大坪林,2023-12-23,26273.0
Green,景美,2023-12-23,29895.0
Green,萬隆,2023-12-23,19017.0
Green,公館,2023-12-23,62304.0
Green,台電大樓,2023-12-23,32122.0
Green,古亭,2023-12-23,29408.5
Green,中正紀念堂,2023-12-23,28407.5
Green,小南門,2023-12-23,10633.0
Green,中山,2023-12-23,55485.5
Green,西門,2023-12-23,70176.5
Green,北門,2023-12-23,29132.0
Green,松江南京,2023-12-23,25349.5
Green,台北小巨蛋,2023-12-23,39517.0
Green,南京三民,2023-12-23,32786.0
Green,松山,2023-12-23,39405.0
Green,南京復興,2023-12-23,31211.0
Green,小碧潭,2023-12-24,6980.0
Green,新店,2023-12-24,18192.0
Green,新店區公所,2023-12-24,16876.0
Green,七張,2023-12-24,22724.0
Green,大坪林,2023-12-24,20527.0
Green,景美,2023-12-24,24575.0
Green,萬隆,2023-12-24,15574.0
Green,公館,2023-12-24,50596.0
Green,台電大樓,2023-12-24,27061.0
Green,古亭,2023-12-24,21325.0
Green,中正紀念堂,2023-12-24,17914.5
Green,小南門,2023-12-24,7753.0
Green,中山,2023-12-24,47142.0
Green,西門,2023-12-24,59592.5
Green,北門,2023-12-24,23656.0
Green,松江南京,2023-12-24,19780.0
Green,台北小巨蛋,2023-12-24,31807.0
Green,南京三民,2023-12-24,25541.0
Green,松山,2023-12-24,34721.0
Green,南京復興,2023-12-24,24619.5
Green,小碧潭,2023-12-25,6737.0
Green,新店,2023-12-25,23551.0
Green,新店區公所,2023-12-25,25523.0
Green,七張,2023-12-25,31065.0
Green,大坪林,2023-12-25,31585.5
Green,景美,2023-12-25,33701.0
Green,萬隆,2023-12-25,19543.0
Green,公館,2023-12-25,52106.0
Green,台電大樓,2023-12-25,31889.0
Green,古亭,2023-12-25,31314.0
Green,中正紀念堂,2023-12-25,23440.0
Green,小南門,2023-12-25,21077.0
Green,中山,2023-12-25,46819.0
Green,西門,2023-12-25,60230.5
Green,北門,2023-12-25,32291.0
Green,松江南京,2023-12-25,39592.5
Green,台北小巨蛋,2023-12-25,43477.0
Green,南京三民,2023-12-25,50281.0
Green,松山,2023-12-25,54626.0
Green,南京復興,2023-12-25,46050.5
Green,小碧潭,2023-12-26,6444.0
Green,新店,2023-12-26,24602.0
Green,新店區公所,2023-12-26,25995.0
Green,七張,2023-12-26,32159.0
Green,大坪林,2023-12-26,32969.5
Green,景美,2023-12-26,35521.0
Green,萬隆,2023-12-26,20344.0
Green,公館,2023-12-26,51000.0
Green,台電大樓,2023-12-26,32527.0
Green,古亭,2023-12-26,32497.0
Green,中正紀念堂,2023-12-26,26895.5
Green,小南門,2023-12-26,24413.0
Green,中山,2023-12-26,42432.0
Green,西門,2023-12-26,59090.0
Green,北門,2023-12-26,32568.0
Green,松江南京,2023-12-26,40458.0
Green,台北小巨蛋,2023-12-26,45256.0
Green,南京三民,2023-12-26,51755.0
Green,松山,2023-12-26,56491.0
Green,南京復興,2023-12-26,47220.5
Green,小碧潭,2023-12-27,6441.0
Green,新店,2023-12-27,24848.0
Green,新店區公所,2023-12-27,26373.0
Green,七張,2023-12-27,32897.0
Green,大坪林,2023-12-27,33432.0
Green,景美,2023-12-27,36107.0
Green,萬隆,2023-12-27,21208.0
Green,公館,2023-12-27,52003.0
Green,台電大樓,2023-12-27,33392.0
Green,古亭,2023-12-27,32664.0
Green,中正紀念堂,2023-12-27,25993.5
Green,小南門,2023-12-27,24130.0
Green,中山,2023-12-27,44114.5
Green,西門,2023-12-27,57646.5
Green,北門,2023-12-27,32975.0
Green,松江南京,2023-12-27,40679.5
Green,台北小巨蛋,2023-12-27,46392.0
Green,南京三民,2023-12-27,52901.0
Green,松山,2023-12-27,57042.0
Green,南京復興,2023-12-27,47465.5
Green,小碧潭,2023-12-28,6857.0
Green,新店,2023-12-28,23479.0
Green,新店區公所,2023-12-28,26037.0
Green,七張,2023-12-28,32616.0
Green,大坪林,2023-12-28,32618.0
Green,景美,2023-12-28,34320.0
Green,萬隆,2023-12-28,20657.0
Green,公館,2023-12-28,51561.0
Green,台電大樓,2023-12-28,33507.0
Green,古亭,2023-12-28,32867.0
Green,中正紀念堂,2023-12-28,26240.5
Green,小南門,2023-12-28,24341.0
Green,中山,2023-12-28,45372.5
Green,西門,2023-12-28,58619.0
Green,北門,2023-12-28,32323.0
Green,松江南京,2023-12-28,41467.5
Green,台北小巨蛋,2023-12-28,47275.0
Green,南京三民,2023-12-28,53930.0
Green,松山,2023-12-28,56873.0
Green,南京復興,2023-12-28,49040.0
Green,小碧潭,2023-12-29,7058.0
Green,新店,2023-12-29,25109.0
Green,新店區公所,2023-12-29,26827.0
Green,七張,2023-12-29,34317.0
Green,大坪林,2023-12-29,34598.0
Green,景美,2023-12-29,36001.0
Green,萬隆,2023-12-29,21615.0
Green,公館,2023-12-29,55043.0
Green,台電大樓,2023-12-29,36032.0
Green,古亭,2023-12-29,33830.5
Green,中正紀念堂,2023-12-29,27567.0
Green,小南門,2023-12-29,23653.0
Green,中山,2023-12-29,52367.5
Green,西門,2023-12-29,67899.0
Green,北門,2023-12-29,35349.0
Green,松江南京,2023-12-29,42798.0
Green,台北小巨蛋,2023-12-29,47313.0
Green,南京三民,2023-12-29,54836.0
Green,松山,2023-12-29,61196.0
Green,南京復興,2023-12-29,48718.5
Green,小碧潭,2023-12-30,6346.0
Green,新店,2023-12-30,22382.0
Green,新店區公所,2023-12-30,18741.0
Green,七張,2023-12-30,25343.0
Green,大坪林,2023-12-30,25061.5
Green,景美,2023-12-30,27450.0
Green,萬隆,2023-12-30,17230.0
Green,公館,2023-12-30,48338.0
Green,台電大樓,2023-12-30,27676.0
Green,古亭,2023-12-30,24185.5
Green,中正紀念堂,2023-12-30,22234.0
Green,小南門,2023-12-30,9285.0
Green,中山,2023-12-30,51547.5
Green,西門,2023-12-30,70318.0
Green,北門,2023-12-30,30128.0
Green,松江南京,2023-12-30,22167.0
Green,台北小巨蛋,2023-12-30,30349.0
Green,南京三民,2023-12-30,29750.0
Green,松山,2023-12-30,46128.0
Green,南京復興,2023-12-30,27242.5
Green,小碧潭,2023-12-31,7049.0
Green,新店,2023-12-31,24593.0
Green,新店區公所,2023-12-31,18650.0
Green,七張,2023-12-31,26086.0
Green,大坪林,2023-12-31,23762.5
Green,景美,2023-12-31,26724.0
Green,萬隆,2023-12-31,16693.0
Green,公館,2023-12-31,50233.0
Green,台電大樓,2023-12-31,25694.0
Green,古亭,2023-12-31,22396.0
Green,中正紀念堂,2023-12-31,26466.0
Green,小南門,2023-12-31,9225.0
Green,中山,2023-12-31,50523.5
Green,西門,2023-12-31,76452.0
Green,北門,2023-12-31,31915.0
Green,松江南京,2023-12-31,22161.0
Green,台北小巨蛋,2023-12-31,30678.0
Green,南京三民,2023-12-31,33050.0
Green,松山,2023-12-31,52040.0
Green,南京復興,2023-12-31,26311.5
Green,小碧潭,2024-01-01,0.0
Green,新店,2024-01-01,1093.0
Green,新店區公所,2024-01-01,1318.0
Green,七張,2024-01-01,1695.0
Green,大坪林,2024-01-01,1323.5
Green,景美,2024-01-01,1866.0
Green,萬隆,2024-01-01,1190.0
Green,公館,2024-01-01,3878.0
Green,台電大樓,2024-01-01,1290.0
Green,古亭,2024-01-01,1118.5
Green,中正紀念堂,2024-01-01,683.0
Green,小南門,2024-01-01,637.0
Green,中山,2024-01-01,1352.5
Green,西門,2024-01-01,4383.0
Green,北門,2024-01-01,1509.0
Green,松江南京,2024-01-01,1038.5
Green,台北小巨蛋,2024-01-01,1640.0
Green,南京三民,2024-01-01,2952.0
Green,松山,2024-01-01,3283.0
Green,南京復興,2024-01-01,1633.5
