line,station,color,date,population
Green,新店,#008859,2024-01-01,1146
Green,新店區公所,#008859,2024-01-01,41915
Green,七張,#008859,2024-01-01,20328
Green,小碧潭,#008859,2024-01-01,4473
Green,大坪林,#008859,2024-01-01,36958
Green,景美,#008859,2024-01-01,67105
Green,萬隆,#008859,2024-01-01,8347
Green,公館,#008859,2024-01-01,27413
Green,台電大樓,#008859,2024-01-01,37246
Green,古亭,#008859,2024-01-01,36351
Green,中正紀念堂,#008859,2024-01-01,12314
Green,小南門,#008859,2024-01-01,4807
Green,西門,#008859,2024-01-01,5735
Green,北門,#008859,2024-01-01,83008
Green,中山,#008859,2024-01-01,79849
Green,新店,#008859,2024-01-02,49346
Green,新店區公所,#008859,2024-01-02,74225
Green,七張,#008859,2024-01-02,76574
Green,小碧潭,#008859,2024-01-02,40810
Green,大坪林,#008859,2024-01-02,49775
Green,景美,#008859,2024-01-02,28301
Green,萬隆,#008859,2024-01-02,4087
Green,公館,#008859,2024-01-02,75639
Green,台電大樓,#008859,2024-01-02,58531
Green,古亭,#008859,2024-01-02,28782
Green,中正紀念堂,#008859,2024-01-02,80778
Green,小南門,#008859,2024-01-02,60597
Green,西門,#008859,2024-01-02,31185
Green,北門,#008859,2024-01-02,14687
Green,中山,#008859,2024-01-02,3482
Green,新店,#008859,2024-01-03,37629
Green,新店區公所,#008859,2024-01-03,51508
Green,七張,#008859,2024-01-03,87640
Green,小碧潭,#008859,2024-01-03,34297
Green,大坪林,#008859,2024-01-03,19821
Green,景美,#008859,2024-01-03,20723
Green,萬隆,#008859,2024-01-03,64246
Green,公館,#008859,2024-01-03,39240
Green,台電大樓,#008859,2024-01-03,65303
Green,古亭,#008859,2024-01-03,8158
Green,中正紀念堂,#008859,2024-01-03,4626
Green,小南門,#008859,2024-01-03,31136
Green,西門,#008859,2024-01-03,1421
Green,北門,#008859,2024-01-03,23126
Green,中山,#008859,2024-01-03,25641
Green,新店,#008859,2024-01-04,77321
Green,新店區公所,#008859,2024-01-04,4183
Green,七張,#008859,2024-01-04,56711
Green,小碧潭,#008859,2024-01-04,62760
Green,大坪林,#008859,2024-01-04,10554
Green,景美,#008859,2024-01-04,14823
Green,萬隆,#008859,2024-01-04,46845
Green,公館,#008859,2024-01-04,81675
Green,台電大樓,#008859,2024-01-04,74927
Green,古亭,#008859,2024-01-04,83496
Green,中正紀念堂,#008859,2024-01-04,83910
Green,小南門,#008859,2024-01-04,32370
Green,西門,#008859,2024-01-04,23473
Green,北門,#008859,2024-01-04,69663
Green,中山,#008859,2024-01-04,27179
Green,新店,#008859,2024-01-05,33425
Green,新店區公所,#008859,2024-01-05,51941
Green,七張,#008859,2024-01-05,17204
Green,小碧潭,#008859,2024-01-05,17942
Green,大坪林,#008859,2024-01-05,81328
Green,景美,#008859,2024-01-05,3525
Green,萬隆,#008859,2024-01-05,35334
Green,公館,#008859,2024-01-05,15566
Green,台電大樓,#008859,2024-01-05,11633
Green,古亭,#008859,2024-01-05,38755
Green,中正紀念堂,#008859,2024-01-05,10869
Green,小南門,#008859,2024-01-05,56840
Green,西門,#008859,2024-01-05,12647
Green,北門,#008859,2024-01-05,17417
Green,中山,#008859,2024-01-05,8880
Green,新店,#008859,2024-01-06,11603
Green,新店區公所,#008859,2024-01-06,20235
Green,七張,#008859,2024-01-06,47576
Green,小碧潭,#008859,2024-01-06,85076
Green,大坪林,#008859,2024-01-06,4601
Green,景美,#008859,2024-01-06,38753
Green,萬隆,#008859,2024-01-06,74692
Green,公館,#008859,2024-01-06,19859
Green,台電大樓,#008859,2024-01-06,60558
Green,古亭,#008859,2024-01-06,13380
Green,中正紀念堂,#008859,2024-01-06,35126
Green,小南門,#008859,2024-01-06,80444
Green,西門,#008859,2024-01-06,80239
Green,北門,#008859,2024-01-06,41637
Green,中山,#008859,2024-01-06,41639
Green,新店,#008859,2024-01-07,56895
Green,新店區公所,#008859,2024-01-07,84161
Green,七張,#008859,2024-01-07,88974
Green,小碧潭,#008859,2024-01-07,46846
Green,大坪林,#008859,2024-01-07,38727
Green,景美,#008859,2024-01-07,14694
Green,萬隆,#008859,2024-01-07,69867
Green,公館,#008859,2024-01-07,47468
Green,台電大樓,#008859,2024-01-07,68012
Green,古亭,#008859,2024-01-07,28464
Green,中正紀念堂,#008859,2024-01-07,71994
Green,小南門,#008859,2024-01-07,51838
Green,西門,#008859,2024-01-07,47778
Green,北門,#008859,2024-01-07,37264
Green,中山,#008859,2024-01-07,32029
Green,新店,#008859,2024-01-08,62598
Green,新店區公所,#008859,2024-01-08,72487
Green,七張,#008859,2024-01-08,56777
Green,小碧潭,#008859,2024-01-08,85541
Green,大坪林,#008859,2024-01-08,48856
Green,景美,#008859,2024-01-08,48656
Green,萬隆,#008859,2024-01-08,44515
Green,公館,#008859,2024-01-08,89189
Green,台電大樓,#008859,2024-01-08,9593
Green,古亭,#008859,2024-01-08,19487
Green,中正紀念堂,#008859,2024-01-08,45573
Green,小南門,#008859,2024-01-08,73858
Green,西門,#008859,2024-01-08,20596
Green,北門,#008859,2024-01-08,57147
Green,中山,#008859,2024-01-08,15581
Green,新店,#008859,2024-01-09,17231
Green,新店區公所,#008859,2024-01-09,3096
Green,七張,#008859,2024-01-09,42161
Green,小碧潭,#008859,2024-01-09,19538
Green,大坪林,#008859,2024-01-09,34152
Green,景美,#008859,2024-01-09,59159
Green,萬隆,#008859,2024-01-09,58698
Green,公館,#008859,2024-01-09,51003
Green,台電大樓,#008859,2024-01-09,70393
Green,古亭,#008859,2024-01-09,68771
Green,中正紀念堂,#008859,2024-01-09,65272
Green,小南門,#008859,2024-01-09,53529
Green,西門,#008859,2024-01-09,52140
Green,北門,#008859,2024-01-09,33196
Green,中山,#008859,2024-01-09,67076
Green,新店,#008859,2024-01-10,33280
Green,新店區公所,#008859,2024-01-10,35141
Green,七張,#008859,2024-01-10,3565
Green,小碧潭,#008859,2024-01-10,84836
Green,大坪林,#008859,2024-01-10,23607
Green,景美,#008859,2024-01-10,87004
Green,萬隆,#008859,2024-01-10,36302
Green,公館,#008859,2024-01-10,30917
Green,台電大樓,#008859,2024-01-10,66908
Green,古亭,#008859,2024-01-10,24144
Green,中正紀念堂,#008859,2024-01-10,47246
Green,小南門,#008859,2024-01-10,9638
Green,西門,#008859,2024-01-10,29675
Green,北門,#008859,2024-01-10,31981
Green,中山,#008859,2024-01-10,23421
Green,新店,#008859,2024-01-11,7465
Green,新店區公所,#008859,2024-01-11,69888
Green,七張,#008859,2024-01-11,52359
Green,小碧潭,#008859,2024-01-11,66646
Green,大坪林,#008859,2024-01-11,6394
Green,景美,#008859,2024-01-11,82312
Green,萬隆,#008859,2024-01-11,18172
Green,公館,#008859,2024-01-11,29977
Green,台電大樓,#008859,2024-01-11,89170
Green,古亭,#008859,2024-01-11,64290
Green,中正紀念堂,#008859,2024-01-11,73452
Green,小南門,#008859,2024-01-11,40774
Green,西門,#008859,2024-01-11,10782
Green,北門,#008859,2024-01-11,44478
Green,中山,#008859,2024-01-11,39653
Green,新店,#008859,2024-01-12,33677
Green,新店區公所,#008859,2024-01-12,62544
Green,七張,#008859,2024-01-12,39497
Green,小碧潭,#008859,2024-01-12,86300
Green,大坪林,#008859,2024-01-12,46844
Green,景美,#008859,2024-01-12,61348
Green,萬隆,#008859,2024-01-12,44331
Green,公館,#008859,2024-01-12,64865
Green,台電大樓,#008859,2024-01-12,39952
Green,古亭,#008859,2024-01-12,58008
Green,中正紀念堂,#008859,2024-01-12,29250
Green,小南門,#008859,2024-01-12,26677
Green,西門,#008859,2024-01-12,4603
Green,北門,#008859,2024-01-12,26844
Green,中山,#008859,2024-01-12,71083
Green,新店,#008859,2024-01-13,69588
Green,新店區公所,#008859,2024-01-13,69747
Green,七張,#008859,2024-01-13,27673
Green,小碧潭,#008859,2024-01-13,20478
Green,大坪林,#008859,2024-01-13,45654
Green,景美,#008859,2024-01-13,50467
Green,萬隆,#008859,2024-01-13,68008
Green,公館,#008859,2024-01-13,60840
Green,台電大樓,#008859,2024-01-13,46412
Green,古亭,#008859,2024-01-13,24055
Green,中正紀念堂,#008859,2024-01-13,88482
Green,小南門,#008859,2024-01-13,6067
Green,西門,#008859,2024-01-13,14683
Green,北門,#008859,2024-01-13,48252
Green,中山,#008859,2024-01-13,66156
Green,新店,#008859,2024-01-14,73218
Green,新店區公所,#008859,2024-01-14,88939
Green,七張,#008859,2024-01-14,59126
Green,小碧潭,#008859,2024-01-14,30971
Green,大坪林,#008859,2024-01-14,22670
Green,景美,#008859,2024-01-14,2560
Green,萬隆,#008859,2024-01-14,88447
Green,公館,#008859,2024-01-14,33411
Green,台電大樓,#008859,2024-01-14,31520
Green,古亭,#008859,2024-01-14,27572
Green,中正紀念堂,#008859,2024-01-14,47899
Green,小南門,#008859,2024-01-14,7211
Green,西門,#008859,2024-01-14,79613
Green,北門,#008859,2024-01-14,10393
Green,中山,#008859,2024-01-14,84458
Green,新店,#008859,2024-01-15,31557
Green,新店區公所,#008859,2024-01-15,21006
Green,七張,#008859,2024-01-15,51840
Green,小碧潭,#008859,2024-01-15,13000
Green,大坪林,#008859,2024-01-15,11517
Green,景美,#008859,2024-01-15,57877
Green,萬隆,#008859,2024-01-15,47647
Green,公館,#008859,2024-01-15,67538
Green,台電大樓,#008859,2024-01-15,32593
Green,古亭,#008859,2024-01-15,67724
Green,中正紀念堂,#008859,2024-01-15,3939
Green,小南門,#008859,2024-01-15,14296
Green,西門,#008859,2024-01-15,67030
Green,北門,#008859,2024-01-15,87599
Green,中山,#008859,2024-01-15,74762
Green,新店,#008859,2024-01-16,12191
Green,新店區公所,#008859,2024-01-16,48442
Green,七張,#008859,2024-01-16,70999
Green,小碧潭,#008859,2024-01-16,60081
Green,大坪林,#008859,2024-01-16,77832
Green,景美,#008859,2024-01-16,47596
Green,萬隆,#008859,2024-01-16,26209
Green,公館,#008859,2024-01-16,21117
Green,台電大樓,#008859,2024-01-16,59422
Green,古亭,#008859,2024-01-16,37934
Green,中正紀念堂,#008859,2024-01-16,42761
Green,小南門,#008859,2024-01-16,78326
Green,西門,#008859,2024-01-16,5063
Green,北門,#008859,2024-01-16,31458
Green,中山,#008859,2024-01-16,81952
Green,新店,#008859,2024-01-17,20288
Green,新店區公所,#008859,2024-01-17,37236
Green,七張,#008859,2024-01-17,70739
Green,小碧潭,#008859,2024-01-17,14199
Green,大坪林,#008859,2024-01-17,39547
Green,景美,#008859,2024-01-17,36648
Green,萬隆,#008859,2024-01-17,49057
Green,公館,#008859,2024-01-17,47676
Green,台電大樓,#008859,2024-01-17,10760
Green,古亭,#008859,2024-01-17,10781
Green,中正紀念堂,#008859,2024-01-17,48124
Green,小南門,#008859,2024-01-17,9957
Green,西門,#008859,2024-01-17,52112
Green,北門,#008859,2024-01-17,23226
Green,中山,#008859,2024-01-17,66522
Green,新店,#008859,2024-01-18,71319
Green,新店區公所,#008859,2024-01-18,28374
Green,七張,#008859,2024-01-18,58380
Green,小碧潭,#008859,2024-01-18,29314
Green,大坪林,#008859,2024-01-18,37238
Green,景美,#008859,2024-01-18,75184
Green,萬隆,#008859,2024-01-18,49991
Green,公館,#008859,2024-01-18,53417
Green,台電大樓,#008859,2024-01-18,7492
Green,古亭,#008859,2024-01-18,68675
Green,中正紀念堂,#008859,2024-01-18,6703
Green,小南門,#008859,2024-01-18,47450
Green,西門,#008859,2024-01-18,88117
Green,北門,#008859,2024-01-18,8044
Green,中山,#008859,2024-01-18,45899
Green,新店,#008859,2024-01-19,45349
Green,新店區公所,#008859,2024-01-19,69709
Green,七張,#008859,2024-01-19,39949
Green,小碧潭,#008859,2024-01-19,4473
Green,大坪林,#008859,2024-01-19,84502
Green,景美,#008859,2024-01-19,55224
Green,萬隆,#008859,2024-01-19,65969
Green,公館,#008859,2024-01-19,65085
Green,台電大樓,#008859,2024-01-19,20632
Green,古亭,#008859,2024-01-19,19557
Green,中正紀念堂,#008859,2024-01-19,73591
Green,小南門,#008859,2024-01-19,49360
Green,西門,#008859,2024-01-19,48050
Green,北門,#008859,2024-01-19,89536
Green,中山,#008859,2024-01-19,26143
Green,新店,#008859,2024-01-20,89194
Green,新店區公所,#008859,2024-01-20,10931
Green,七張,#008859,2024-01-20,71648
Green,小碧潭,#008859,2024-01-20,34808
Green,大坪林,#008859,2024-01-20,22845
Green,景美,#008859,2024-01-20,54605
Green,萬隆,#008859,2024-01-20,53293
Green,公館,#008859,2024-01-20,71002
Green,台電大樓,#008859,2024-01-20,49852
Green,古亭,#008859,2024-01-20,69854
Green,中正紀念堂,#008859,2024-01-20,46191
Green,小南門,#008859,2024-01-20,64587
Green,西門,#008859,2024-01-20,14518
Green,北門,#008859,2024-01-20,53903
Green,中山,#008859,2024-01-20,30263
Green,新店,#008859,2024-01-21,59346
Green,新店區公所,#008859,2024-01-21,28110
Green,七張,#008859,2024-01-21,86573
Green,小碧潭,#008859,2024-01-21,14333
Green,大坪林,#008859,2024-01-21,44009
Green,景美,#008859,2024-01-21,58698
Green,萬隆,#008859,2024-01-21,5596
Green,公館,#008859,2024-01-21,52813
Green,台電大樓,#008859,2024-01-21,53591
Green,古亭,#008859,2024-01-21,21599
Green,中正紀念堂,#008859,2024-01-21,36730
Green,小南門,#008859,2024-01-21,45505
Green,西門,#008859,2024-01-21,40937
Green,北門,#008859,2024-01-21,38669
Green,中山,#008859,2024-01-21,23667
Green,新店,#008859,2024-01-22,8303
Green,新店區公所,#008859,2024-01-22,86124
Green,七張,#008859,2024-01-22,22368
Green,小碧潭,#008859,2024-01-22,87719
Green,大坪林,#008859,2024-01-22,3637
Green,景美,#008859,2024-01-22,71936
Green,萬隆,#008859,2024-01-22,76232
Green,公館,#008859,2024-01-22,46147
Green,台電大樓,#008859,2024-01-22,82064
Green,古亭,#008859,2024-01-22,3883
Green,中正紀念堂,#008859,2024-01-22,50560
Green,小南門,#008859,2024-01-22,48785
Green,西門,#008859,2024-01-22,44867
Green,北門,#008859,2024-01-22,54653
Green,中山,#008859,2024-01-22,66384
Green,新店,#008859,2024-01-23,85265
Green,新店區公所,#008859,2024-01-23,76867
Green,七張,#008859,2024-01-23,84258
Green,小碧潭,#008859,2024-01-23,58063
Green,大坪林,#008859,2024-01-23,2551
Green,景美,#008859,2024-01-23,53500
Green,萬隆,#008859,2024-01-23,54114
Green,公館,#008859,2024-01-23,62025
Green,台電大樓,#008859,2024-01-23,57660
Green,古亭,#008859,2024-01-23,28176
Green,中正紀念堂,#008859,2024-01-23,6302
Green,小南門,#008859,2024-01-23,1998
Green,西門,#008859,2024-01-23,33959
Green,北門,#008859,2024-01-23,49518
Green,中山,#008859,2024-01-23,50266
Green,新店,#008859,2024-01-24,69352
Green,新店區公所,#008859,2024-01-24,34731
Green,七張,#008859,2024-01-24,33304
Green,小碧潭,#008859,2024-01-24,79309
Green,大坪林,#008859,2024-01-24,68675
Green,景美,#008859,2024-01-24,21665
Green,萬隆,#008859,2024-01-24,22877
Green,公館,#008859,2024-01-24,47953
Green,台電大樓,#008859,2024-01-24,11950
Green,古亭,#008859,2024-01-24,26379
Green,中正紀念堂,#008859,2024-01-24,87603
Green,小南門,#008859,2024-01-24,60850
Green,西門,#008859,2024-01-24,89423
Green,北門,#008859,2024-01-24,43965
Green,中山,#008859,2024-01-24,74543
Green,新店,#008859,2024-01-25,72828
Green,新店區公所,#008859,2024-01-25,9792
Green,七張,#008859,2024-01-25,54717
Green,小碧潭,#008859,2024-01-25,71936
Green,大坪林,#008859,2024-01-25,8784
Green,景美,#008859,2024-01-25,39439
Green,萬隆,#008859,2024-01-25,56442
Green,公館,#008859,2024-01-25,88469
Green,台電大樓,#008859,2024-01-25,87076
Green,古亭,#008859,2024-01-25,22747
Green,中正紀念堂,#008859,2024-01-25,33201
Green,小南門,#008859,2024-01-25,63899
Green,西門,#008859,2024-01-25,19903
Green,北門,#008859,2024-01-25,59571
Green,中山,#008859,2024-01-25,2645
Green,新店,#008859,2024-01-26,42481
Green,新店區公所,#008859,2024-01-26,73916
Green,七張,#008859,2024-01-26,79298
Green,小碧潭,#008859,2024-01-26,34762
Green,大坪林,#008859,2024-01-26,61362
Green,景美,#008859,2024-01-26,37947
Green,萬隆,#008859,2024-01-26,59045
Green,公館,#008859,2024-01-26,48970
Green,台電大樓,#008859,2024-01-26,53765
Green,古亭,#008859,2024-01-26,86909
Green,中正紀念堂,#008859,2024-01-26,5762
Green,小南門,#008859,2024-01-26,68563
Green,西門,#008859,2024-01-26,8497
Green,北門,#008859,2024-01-26,12772
Green,中山,#008859,2024-01-26,24970
Green,新店,#008859,2024-01-27,2968
Green,新店區公所,#008859,2024-01-27,41018
Green,七張,#008859,2024-01-27,78306
Green,小碧潭,#008859,2024-01-27,17335
Green,大坪林,#008859,2024-01-27,62895
Green,景美,#008859,2024-01-27,70154
Green,萬隆,#008859,2024-01-27,15074
Green,公館,#008859,2024-01-27,53741
Green,台電大樓,#008859,2024-01-27,60614
Green,古亭,#008859,2024-01-27,88723
Green,中正紀念堂,#008859,2024-01-27,81964
Green,小南門,#008859,2024-01-27,25255
Green,西門,#008859,2024-01-27,84678
Green,北門,#008859,2024-01-27,18011
Green,中山,#008859,2024-01-27,42687
Green,新店,#008859,2024-01-28,57609
Green,新店區公所,#008859,2024-01-28,9309
Green,七張,#008859,2024-01-28,53113
Green,小碧潭,#008859,2024-01-28,51525
Green,大坪林,#008859,2024-01-28,83560
Green,景美,#008859,2024-01-28,47619
Green,萬隆,#008859,2024-01-28,62626
Green,公館,#008859,2024-01-28,44267
Green,台電大樓,#008859,2024-01-28,30736
Green,古亭,#008859,2024-01-28,34061
Green,中正紀念堂,#008859,2024-01-28,61027
Green,小南門,#008859,2024-01-28,63790
Green,西門,#008859,2024-01-28,23093
Green,北門,#008859,2024-01-28,1446
Green,中山,#008859,2024-01-28,80288
Green,新店,#008859,2024-01-29,26221
Green,新店區公所,#008859,2024-01-29,21477
Green,七張,#008859,2024-01-29,59201
Green,小碧潭,#008859,2024-01-29,24194
Green,大坪林,#008859,2024-01-29,2463
Green,景美,#008859,2024-01-29,20467
Green,萬隆,#008859,2024-01-29,10950
Green,公館,#008859,2024-01-29,25820
Green,台電大樓,#008859,2024-01-29,37604
Green,古亭,#008859,2024-01-29,48535
Green,中正紀念堂,#008859,2024-01-29,66482
Green,小南門,#008859,2024-01-29,17131
Green,西門,#008859,2024-01-29,54281
Green,北門,#008859,2024-01-29,78186
Green,中山,#008859,2024-01-29,16551
Green,新店,#008859,2024-01-30,24204
Green,新店區公所,#008859,2024-01-30,2569
Green,七張,#008859,2024-01-30,13338
Green,小碧潭,#008859,2024-01-30,10197
Green,大坪林,#008859,2024-01-30,52749
Green,景美,#008859,2024-01-30,88787
Green,萬隆,#008859,2024-01-30,77960
Green,公館,#008859,2024-01-30,79527
Green,台電大樓,#008859,2024-01-30,62636
Green,古亭,#008859,2024-01-30,38519
Green,中正紀念堂,#008859,2024-01-30,59405
Green,小南門,#008859,2024-01-30,43914
Green,西門,#008859,2024-01-30,66774
Green,北門,#008859,2024-01-30,50368
Green,中山,#008859,2024-01-30,50527
Green,新店,#008859,2024-01-31,77744
Green,新店區公所,#008859,2024-01-31,34870
Green,七張,#008859,2024-01-31,5637
Green,小碧潭,#008859,2024-01-31,87125
Green,大坪林,#008859,2024-01-31,7116
Green,景美,#008859,2024-01-31,85805
Green,萬隆,#008859,2024-01-31,49244
Green,公館,#008859,2024-01-31,43191
Green,台電大樓,#008859,2024-01-31,1454
Green,古亭,#008859,2024-01-31,47121
Green,中正紀念堂,#008859,2024-01-31,68429
Green,小南門,#008859,2024-01-31,46298
Green,西門,#008859,2024-01-31,3526
Green,北門,#008859,2024-01-31,17901
Green,中山,#008859,2024-01-31,88234
Green,新店,#008859,2024-02-01,72444
Green,新店區公所,#008859,2024-02-01,81972
Green,七張,#008859,2024-02-01,6883
Green,小碧潭,#008859,2024-02-01,27711
Green,大坪林,#008859,2024-02-01,58792
Green,景美,#008859,2024-02-01,71799
Green,萬隆,#008859,2024-02-01,45456
Green,公館,#008859,2024-02-01,65158
Green,台電大樓,#008859,2024-02-01,18376
Green,古亭,#008859,2024-02-01,59087
Green,中正紀念堂,#008859,2024-02-01,45239
Green,小南門,#008859,2024-02-01,21704
Green,西門,#008859,2024-02-01,53729
Green,北門,#008859,2024-02-01,5992
Green,中山,#008859,2024-02-01,32548
Green,新店,#008859,2024-02-02,84452
Green,新店區公所,#008859,2024-02-02,49610
Green,七張,#008859,2024-02-02,79535
Green,小碧潭,#008859,2024-02-02,59368
Green,大坪林,#008859,2024-02-02,11927
Green,景美,#008859,2024-02-02,36110
Green,萬隆,#008859,2024-02-02,88962
Green,公館,#008859,2024-02-02,14291
Green,台電大樓,#008859,2024-02-02,13209
Green,古亭,#008859,2024-02-02,15952
Green,中正紀念堂,#008859,2024-02-02,59716
Green,小南門,#008859,2024-02-02,33636
Green,西門,#008859,2024-02-02,59750
Green,北門,#008859,2024-02-02,63709
Green,中山,#008859,2024-02-02,55231
Green,新店,#008859,2024-02-03,31814
Green,新店區公所,#008859,2024-02-03,32152
Green,七張,#008859,2024-02-03,2554
Green,小碧潭,#008859,2024-02-03,43010
Green,大坪林,#008859,2024-02-03,1388
Green,景美,#008859,2024-02-03,4710
Green,萬隆,#008859,2024-02-03,65953
Green,公館,#008859,2024-02-03,87609
Green,台電大樓,#008859,2024-02-03,54684
Green,古亭,#008859,2024-02-03,61913
Green,中正紀念堂,#008859,2024-02-03,49111
Green,小南門,#008859,2024-02-03,69801
Green,西門,#008859,2024-02-03,45815
Green,北門,#008859,2024-02-03,23352
Green,中山,#008859,2024-02-03,89712
Green,新店,#008859,2024-02-04,79251
Green,新店區公所,#008859,2024-02-04,16616
Green,七張,#008859,2024-02-04,82843
Green,小碧潭,#008859,2024-02-04,20227
Green,大坪林,#008859,2024-02-04,13874
Green,景美,#008859,2024-02-04,51639
Green,萬隆,#008859,2024-02-04,41021
Green,公館,#008859,2024-02-04,89836
Green,台電大樓,#008859,2024-02-04,41263
Green,古亭,#008859,2024-02-04,11803
Green,中正紀念堂,#008859,2024-02-04,83268
Green,小南門,#008859,2024-02-04,79856
Green,西門,#008859,2024-02-04,16089
Green,北門,#008859,2024-02-04,26023
Green,中山,#008859,2024-02-04,79583
Green,新店,#008859,2024-02-05,76274
Green,新店區公所,#008859,2024-02-05,63044
Green,七張,#008859,2024-02-05,59930
Green,小碧潭,#008859,2024-02-05,67663
Green,大坪林,#008859,2024-02-05,12209
Green,景美,#008859,2024-02-05,24688
Green,萬隆,#008859,2024-02-05,88143
Green,公館,#008859,2024-02-05,59328
Green,台電大樓,#008859,2024-02-05,55909
Green,古亭,#008859,2024-02-05,16601
Green,中正紀念堂,#008859,2024-02-05,69836
Green,小南門,#008859,2024-02-05,1178
Green,西門,#008859,2024-02-05,4492
Green,北門,#008859,2024-02-05,25700
Green,中山,#008859,2024-02-05,52220
Green,新店,#008859,2024-02-06,33619
Green,新店區公所,#008859,2024-02-06,4004
Green,七張,#008859,2024-02-06,57667
Green,小碧潭,#008859,2024-02-06,46563
Green,大坪林,#008859,2024-02-06,18260
Green,景美,#008859,2024-02-06,19421
Green,萬隆,#008859,2024-02-06,30922
Green,公館,#008859,2024-02-06,39815
Green,台電大樓,#008859,2024-02-06,22181
Green,古亭,#008859,2024-02-06,34377
Green,中正紀念堂,#008859,2024-02-06,33905
Green,小南門,#008859,2024-02-06,14631
Green,西門,#008859,2024-02-06,21883
Green,北門,#008859,2024-02-06,14166
Green,中山,#008859,2024-02-06,16187
Green,新店,#008859,2024-02-07,39943
Green,新店區公所,#008859,2024-02-07,27743
Green,七張,#008859,2024-02-07,55847
Green,小碧潭,#008859,2024-02-07,16409
Green,大坪林,#008859,2024-02-07,15284
Green,景美,#008859,2024-02-07,23666
Green,萬隆,#008859,2024-02-07,21829
Green,公館,#008859,2024-02-07,49477
Green,台電大樓,#008859,2024-02-07,15735
Green,古亭,#008859,2024-02-07,38400
Green,中正紀念堂,#008859,2024-02-07,89134
Green,小南門,#008859,2024-02-07,86692
Green,西門,#008859,2024-02-07,85454
Green,北門,#008859,2024-02-07,84115
Green,中山,#008859,2024-02-07,28839
Green,新店,#008859,2024-02-08,50356
Green,新店區公所,#008859,2024-02-08,52213
Green,七張,#008859,2024-02-08,48774
Green,小碧潭,#008859,2024-02-08,36175
Green,大坪林,#008859,2024-02-08,82554
Green,景美,#008859,2024-02-08,34622
Green,萬隆,#008859,2024-02-08,77457
Green,公館,#008859,2024-02-08,60653
Green,台電大樓,#008859,2024-02-08,26308
Green,古亭,#008859,2024-02-08,53498
Green,中正紀念堂,#008859,2024-02-08,25896
Green,小南門,#008859,2024-02-08,33683
Green,西門,#008859,2024-02-08,21081
Green,北門,#008859,2024-02-08,36122
Green,中山,#008859,2024-02-08,23381
Green,新店,#008859,2024-02-09,24082
Green,新店區公所,#008859,2024-02-09,40431
Green,七張,#008859,2024-02-09,11600
Green,小碧潭,#008859,2024-02-09,14748
Green,大坪林,#008859,2024-02-09,51074
Green,景美,#008859,2024-02-09,18383
Green,萬隆,#008859,2024-02-09,60167
Green,公館,#008859,2024-02-09,13662
Green,台電大樓,#008859,2024-02-09,87618
Green,古亭,#008859,2024-02-09,49854
Green,中正紀念堂,#008859,2024-02-09,41741
Green,小南門,#008859,2024-02-09,64295
Green,西門,#008859,2024-02-09,16069
Green,北門,#008859,2024-02-09,69419
Green,中山,#008859,2024-02-09,85933
Green,新店,#008859,2024-02-10,80799
Green,新店區公所,#008859,2024-02-10,18466
Green,七張,#008859,2024-02-10,79390
Green,小碧潭,#008859,2024-02-10,21712
Green,大坪林,#008859,2024-02-10,42801
Green,景美,#008859,2024-02-10,46023
Green,萬隆,#008859,2024-02-10,87910
Green,公館,#008859,2024-02-10,41247
Green,台電大樓,#008859,2024-02-10,50376
Green,古亭,#008859,2024-02-10,73959
Green,中正紀念堂,#008859,2024-02-10,21176
Green,小南門,#008859,2024-02-10,23736
Green,西門,#008859,2024-02-10,55759
Green,北門,#008859,2024-02-10,57184
Green,中山,#008859,2024-02-10,79724
Green,新店,#008859,2024-02-11,22951
Green,新店區公所,#008859,2024-02-11,77940
Green,七張,#008859,2024-02-11,18503
Green,小碧潭,#008859,2024-02-11,43074
Green,大坪林,#008859,2024-02-11,22376
Green,景美,#008859,2024-02-11,3811
Green,萬隆,#008859,2024-02-11,7356
Green,公館,#008859,2024-02-11,20630
Green,台電大樓,#008859,2024-02-11,21274
Green,古亭,#008859,2024-02-11,87642
Green,中正紀念堂,#008859,2024-02-11,44123
Green,小南門,#008859,2024-02-11,15265
Green,西門,#008859,2024-02-11,84689
Green,北門,#008859,2024-02-11,26960
Green,中山,#008859,2024-02-11,34210
Green,新店,#008859,2024-02-12,89402
Green,新店區公所,#008859,2024-02-12,15193
Green,七張,#008859,2024-02-12,51449
Green,小碧潭,#008859,2024-02-12,85607
Green,大坪林,#008859,2024-02-12,68617
Green,景美,#008859,2024-02-12,11772
Green,萬隆,#008859,2024-02-12,80325
Green,公館,#008859,2024-02-12,68260
Green,台電大樓,#008859,2024-02-12,75313
Green,古亭,#008859,2024-02-12,81699
Green,中正紀念堂,#008859,2024-02-12,37847
Green,小南門,#008859,2024-02-12,78519
Green,西門,#008859,2024-02-12,83709
Green,北門,#008859,2024-02-12,3882
Green,中山,#008859,2024-02-12,39597
Green,新店,#008859,2024-02-13,16322
Green,新店區公所,#008859,2024-02-13,50298
Green,七張,#008859,2024-02-13,12866
Green,小碧潭,#008859,2024-02-13,50988
Green,大坪林,#008859,2024-02-13,18599
Green,景美,#008859,2024-02-13,69377
Green,萬隆,#008859,2024-02-13,2758
Green,公館,#008859,2024-02-13,61184
Green,台電大樓,#008859,2024-02-13,61210
Green,古亭,#008859,2024-02-13,46782
Green,中正紀念堂,#008859,2024-02-13,70542
Green,小南門,#008859,2024-02-13,2405
Green,西門,#008859,2024-02-13,18047
Green,北門,#008859,2024-02-13,87049
Green,中山,#008859,2024-02-13,43135
Green,新店,#008859,2024-02-14,25479
Green,新店區公所,#008859,2024-02-14,84346
Green,七張,#008859,2024-02-14,54087
Green,小碧潭,#008859,2024-02-14,52675
Green,大坪林,#008859,2024-02-14,15836
Green,景美,#008859,2024-02-14,61959
Green,萬隆,#008859,2024-02-14,73688
Green,公館,#008859,2024-02-14,63997
Green,台電大樓,#008859,2024-02-14,65543
Green,古亭,#008859,2024-02-14,33326
Green,中正紀念堂,#008859,2024-02-14,14365
Green,小南門,#008859,2024-02-14,52827
Green,西門,#008859,2024-02-14,87152
Green,北門,#008859,2024-02-14,46947
Green,中山,#008859,2024-02-14,6877
Green,新店,#008859,2024-02-15,45577
Green,新店區公所,#008859,2024-02-15,24986
Green,七張,#008859,2024-02-15,22685
Green,小碧潭,#008859,2024-02-15,33840
Green,大坪林,#008859,2024-02-15,54828
Green,景美,#008859,2024-02-15,52456
Green,萬隆,#008859,2024-02-15,64285
Green,公館,#008859,2024-02-15,67314
Green,台電大樓,#008859,2024-02-15,13963
Green,古亭,#008859,2024-02-15,28607
Green,中正紀念堂,#008859,2024-02-15,75959
Green,小南門,#008859,2024-02-15,16164
Green,西門,#008859,2024-02-15,21133
Green,北門,#008859,2024-02-15,68381
Green,中山,#008859,2024-02-15,6227
Green,新店,#008859,2024-02-16,52514
Green,新店區公所,#008859,2024-02-16,64054
Green,七張,#008859,2024-02-16,66032
Green,小碧潭,#008859,2024-02-16,36162
Green,大坪林,#008859,2024-02-16,37229
Green,景美,#008859,2024-02-16,6798
Green,萬隆,#008859,2024-02-16,4153
Green,公館,#008859,2024-02-16,2789
Green,台電大樓,#008859,2024-02-16,61034
Green,古亭,#008859,2024-02-16,74548
Green,中正紀念堂,#008859,2024-02-16,54970
Green,小南門,#008859,2024-02-16,22765
Green,西門,#008859,2024-02-16,51037
Green,北門,#008859,2024-02-16,32654
Green,中山,#008859,2024-02-16,74232
Green,新店,#008859,2024-02-17,9029
Green,新店區公所,#008859,2024-02-17,85757
Green,七張,#008859,2024-02-17,51022
Green,小碧潭,#008859,2024-02-17,78332
Green,大坪林,#008859,2024-02-17,48155
Green,景美,#008859,2024-02-17,31753
Green,萬隆,#008859,2024-02-17,62845
Green,公館,#008859,2024-02-17,22691
Green,台電大樓,#008859,2024-02-17,36595
Green,古亭,#008859,2024-02-17,44085
Green,中正紀念堂,#008859,2024-02-17,79638
Green,小南門,#008859,2024-02-17,52399
Green,西門,#008859,2024-02-17,63004
Green,北門,#008859,2024-02-17,85054
Green,中山,#008859,2024-02-17,74229
Green,新店,#008859,2024-02-18,63232
Green,新店區公所,#008859,2024-02-18,23092
Green,七張,#008859,2024-02-18,5570
Green,小碧潭,#008859,2024-02-18,25713
Green,大坪林,#008859,2024-02-18,60754
Green,景美,#008859,2024-02-18,1380
Green,萬隆,#008859,2024-02-18,38036
Green,公館,#008859,2024-02-18,18965
Green,台電大樓,#008859,2024-02-18,76092
Green,古亭,#008859,2024-02-18,42333
Green,中正紀念堂,#008859,2024-02-18,80454
Green,小南門,#008859,2024-02-18,1619
Green,西門,#008859,2024-02-18,63662
Green,北門,#008859,2024-02-18,59654
Green,中山,#008859,2024-02-18,14884
Green,新店,#008859,2024-02-19,46665
Green,新店區公所,#008859,2024-02-19,15582
Green,七張,#008859,2024-02-19,36569
Green,小碧潭,#008859,2024-02-19,49884
Green,大坪林,#008859,2024-02-19,85107
Green,景美,#008859,2024-02-19,61508
Green,萬隆,#008859,2024-02-19,23705
Green,公館,#008859,2024-02-19,45506
Green,台電大樓,#008859,2024-02-19,45853
Green,古亭,#008859,2024-02-19,20400
Green,中正紀念堂,#008859,2024-02-19,31541
Green,小南門,#008859,2024-02-19,57944
Green,西門,#008859,2024-02-19,32343
Green,北門,#008859,2024-02-19,7031
Green,中山,#008859,2024-02-19,44090
Green,新店,#008859,2024-02-20,31174
Green,新店區公所,#008859,2024-02-20,69406
Green,七張,#008859,2024-02-20,43091
Green,小碧潭,#008859,2024-02-20,1279
Green,大坪林,#008859,2024-02-20,85302
Green,景美,#008859,2024-02-20,59411
Green,萬隆,#008859,2024-02-20,50072
Green,公館,#008859,2024-02-20,76232
Green,台電大樓,#008859,2024-02-20,42268
Green,古亭,#008859,2024-02-20,24796
Green,中正紀念堂,#008859,2024-02-20,17076
Green,小南門,#008859,2024-02-20,30732
Green,西門,#008859,2024-02-20,40969
Green,北門,#008859,2024-02-20,43043
Green,中山,#008859,2024-02-20,26297
Green,新店,#008859,2024-02-21,13785
Green,新店區公所,#008859,2024-02-21,37673
Green,七張,#008859,2024-02-21,68047
Green,小碧潭,#008859,2024-02-21,71854
Green,大坪林,#008859,2024-02-21,15781
Green,景美,#008859,2024-02-21,47164
Green,萬隆,#008859,2024-02-21,53948
Green,公館,#008859,2024-02-21,22094
Green,台電大樓,#008859,2024-02-21,80221
Green,古亭,#008859,2024-02-21,76842
Green,中正紀念堂,#008859,2024-02-21,53877
Green,小南門,#008859,2024-02-21,74420
Green,西門,#008859,2024-02-21,21491
Green,北門,#008859,2024-02-21,48544
Green,中山,#008859,2024-02-21,42607
Green,新店,#008859,2024-02-22,52528
Green,新店區公所,#008859,2024-02-22,44860
Green,七張,#008859,2024-02-22,70851
Green,小碧潭,#008859,2024-02-22,35809
Green,大坪林,#008859,2024-02-22,51946
Green,景美,#008859,2024-02-22,59094
Green,萬隆,#008859,2024-02-22,87099
Green,公館,#008859,2024-02-22,79532
Green,台電大樓,#008859,2024-02-22,74236
Green,古亭,#008859,2024-02-22,1727
Green,中正紀念堂,#008859,2024-02-22,84141
Green,小南門,#008859,2024-02-22,84123
Green,西門,#008859,2024-02-22,78256
Green,北門,#008859,2024-02-22,65505
Green,中山,#008859,2024-02-22,54021
Green,新店,#008859,2024-02-23,60165
Green,新店區公所,#008859,2024-02-23,51796
Green,七張,#008859,2024-02-23,86700
Green,小碧潭,#008859,2024-02-23,58445
Green,大坪林,#008859,2024-02-23,25997
Green,景美,#008859,2024-02-23,67827
Green,萬隆,#008859,2024-02-23,70755
Green,公館,#008859,2024-02-23,41250
Green,台電大樓,#008859,2024-02-23,57632
Green,古亭,#008859,2024-02-23,53276
Green,中正紀念堂,#008859,2024-02-23,88968
Green,小南門,#008859,2024-02-23,42191
Green,西門,#008859,2024-02-23,15508
Green,北門,#008859,2024-02-23,72742
Green,中山,#008859,2024-02-23,83898
Green,新店,#008859,2024-02-24,85200
Green,新店區公所,#008859,2024-02-24,33184
Green,七張,#008859,2024-02-24,12195
Green,小碧潭,#008859,2024-02-24,55587
Green,大坪林,#008859,2024-02-24,8595
Green,景美,#008859,2024-02-24,34337
Green,萬隆,#008859,2024-02-24,59014
Green,公館,#008859,2024-02-24,79281
Green,台電大樓,#008859,2024-02-24,18761
Green,古亭,#008859,2024-02-24,28433
Green,中正紀念堂,#008859,2024-02-24,60979
Green,小南門,#008859,2024-02-24,68092
Green,西門,#008859,2024-02-24,18304
Green,北門,#008859,2024-02-24,81662
Green,中山,#008859,2024-02-24,25118
Green,新店,#008859,2024-02-25,49518
Green,新店區公所,#008859,2024-02-25,17745
Green,七張,#008859,2024-02-25,35240
Green,小碧潭,#008859,2024-02-25,59403
Green,大坪林,#008859,2024-02-25,4052
Green,景美,#008859,2024-02-25,32037
Green,萬隆,#008859,2024-02-25,49368
Green,公館,#008859,2024-02-25,27779
Green,台電大樓,#008859,2024-02-25,46642
Green,古亭,#008859,2024-02-25,77180
Green,中正紀念堂,#008859,2024-02-25,85258
Green,小南門,#008859,2024-02-25,27315
Green,西門,#008859,2024-02-25,73046
Green,北門,#008859,2024-02-25,19537
Green,中山,#008859,2024-02-25,3321
Green,新店,#008859,2024-02-26,8816
Green,新店區公所,#008859,2024-02-26,36595
Green,七張,#008859,2024-02-26,25451
Green,小碧潭,#008859,2024-02-26,28149
Green,大坪林,#008859,2024-02-26,52322
Green,景美,#008859,2024-02-26,42852
Green,萬隆,#008859,2024-02-26,15957
Green,公館,#008859,2024-02-26,50238
Green,台電大樓,#008859,2024-02-26,2423
Green,古亭,#008859,2024-02-26,42824
Green,中正紀念堂,#008859,2024-02-26,3387
Green,小南門,#008859,2024-02-26,63962
Green,西門,#008859,2024-02-26,55089
Green,北門,#008859,2024-02-26,57731
Green,中山,#008859,2024-02-26,37566
Green,新店,#008859,2024-02-27,53446
Green,新店區公所,#008859,2024-02-27,20293
Green,七張,#008859,2024-02-27,47664
Green,小碧潭,#008859,2024-02-27,50708
Green,大坪林,#008859,2024-02-27,57927
Green,景美,#008859,2024-02-27,15475
Green,萬隆,#008859,2024-02-27,58816
Green,公館,#008859,2024-02-27,35095
Green,台電大樓,#008859,2024-02-27,11400
Green,古亭,#008859,2024-02-27,69676
Green,中正紀念堂,#008859,2024-02-27,77423
Green,小南門,#008859,2024-02-27,65023
Green,西門,#008859,2024-02-27,74369
Green,北門,#008859,2024-02-27,3870
Green,中山,#008859,2024-02-27,39152
Green,新店,#008859,2024-02-28,63102
Green,新店區公所,#008859,2024-02-28,63146
Green,七張,#008859,2024-02-28,62119
Green,小碧潭,#008859,2024-02-28,29067
Green,大坪林,#008859,2024-02-28,2848
Green,景美,#008859,2024-02-28,48169
Green,萬隆,#008859,2024-02-28,52594
Green,公館,#008859,2024-02-28,27468
Green,台電大樓,#008859,2024-02-28,73707
Green,古亭,#008859,2024-02-28,26044
Green,中正紀念堂,#008859,2024-02-28,40827
Green,小南門,#008859,2024-02-28,9994
Green,西門,#008859,2024-02-28,39723
Green,北門,#008859,2024-02-28,59107
Green,中山,#008859,2024-02-28,33440
Green,新店,#008859,2024-02-29,47547
Green,新店區公所,#008859,2024-02-29,12526
Green,七張,#008859,2024-02-29,44928
Green,小碧潭,#008859,2024-02-29,26086
Green,大坪林,#008859,2024-02-29,81090
Green,景美,#008859,2024-02-29,22381
Green,萬隆,#008859,2024-02-29,3725
Green,公館,#008859,2024-02-29,54982
Green,台電大樓,#008859,2024-02-29,30958
Green,古亭,#008859,2024-02-29,27462
Green,中正紀念堂,#008859,2024-02-29,27486
Green,小南門,#008859,2024-02-29,75999
Green,西門,#008859,2024-02-29,49187
Green,北門,#008859,2024-02-29,18861
Green,中山,#008859,2024-02-29,85942
Green,新店,#008859,2024-03-01,31134
Green,新店區公所,#008859,2024-03-01,48989
Green,七張,#008859,2024-03-01,23435
Green,小碧潭,#008859,2024-03-01,68868
Green,大坪林,#008859,2024-03-01,12178
Green,景美,#008859,2024-03-01,69486
Green,萬隆,#008859,2024-03-01,81822
Green,公館,#008859,2024-03-01,77501
Green,台電大樓,#008859,2024-03-01,60236
Green,古亭,#008859,2024-03-01,55895
Green,中正紀念堂,#008859,2024-03-01,82549
Green,小南門,#008859,2024-03-01,86918
Green,西門,#008859,2024-03-01,36488
Green,北門,#008859,2024-03-01,11291
Green,中山,#008859,2024-03-01,77645
Green,新店,#008859,2024-03-02,57482
Green,新店區公所,#008859,2024-03-02,3622
Green,七張,#008859,2024-03-02,75192
Green,小碧潭,#008859,2024-03-02,80911
Green,大坪林,#008859,2024-03-02,55643
Green,景美,#008859,2024-03-02,46683
Green,萬隆,#008859,2024-03-02,56040
Green,公館,#008859,2024-03-02,59524
Green,台電大樓,#008859,2024-03-02,9810
Green,古亭,#008859,2024-03-02,29525
Green,中正紀念堂,#008859,2024-03-02,73513
Green,小南門,#008859,2024-03-02,84118
Green,西門,#008859,2024-03-02,45936
Green,北門,#008859,2024-03-02,58769
Green,中山,#008859,2024-03-02,29422
Green,新店,#008859,2024-03-03,15134
Green,新店區公所,#008859,2024-03-03,2761
Green,七張,#008859,2024-03-03,11714
Green,小碧潭,#008859,2024-03-03,74299
Green,大坪林,#008859,2024-03-03,7683
Green,景美,#008859,2024-03-03,89739
Green,萬隆,#008859,2024-03-03,76549
Green,公館,#008859,2024-03-03,16067
Green,台電大樓,#008859,2024-03-03,60982
Green,古亭,#008859,2024-03-03,25805
Green,中正紀念堂,#008859,2024-03-03,6351
Green,小南門,#008859,2024-03-03,48305
Green,西門,#008859,2024-03-03,58742
Green,北門,#008859,2024-03-03,29430
Green,中山,#008859,2024-03-03,88103
Green,新店,#008859,2024-03-04,50072
Green,新店區公所,#008859,2024-03-04,48383
Green,七張,#008859,2024-03-04,32050
Green,小碧潭,#008859,2024-03-04,15898
Green,大坪林,#008859,2024-03-04,56372
Green,景美,#008859,2024-03-04,57398
Green,萬隆,#008859,2024-03-04,6178
Green,公館,#008859,2024-03-04,76062
Green,台電大樓,#008859,2024-03-04,58323
Green,古亭,#008859,2024-03-04,67782
Green,中正紀念堂,#008859,2024-03-04,40228
Green,小南門,#008859,2024-03-04,49586
Green,西門,#008859,2024-03-04,46875
Green,北門,#008859,2024-03-04,72304
Green,中山,#008859,2024-03-04,22431
Green,新店,#008859,2024-03-05,21345
Green,新店區公所,#008859,2024-03-05,56125
Green,七張,#008859,2024-03-05,41941
Green,小碧潭,#008859,2024-03-05,24711
Green,大坪林,#008859,2024-03-05,21369
Green,景美,#008859,2024-03-05,60140
Green,萬隆,#008859,2024-03-05,47202
Green,公館,#008859,2024-03-05,27326
Green,台電大樓,#008859,2024-03-05,66947
Green,古亭,#008859,2024-03-05,26897
Green,中正紀念堂,#008859,2024-03-05,42038
Green,小南門,#008859,2024-03-05,5464
Green,西門,#008859,2024-03-05,37840
Green,北門,#008859,2024-03-05,28150
Green,中山,#008859,2024-03-05,1943
Green,新店,#008859,2024-03-06,52023
Green,新店區公所,#008859,2024-03-06,85909
Green,七張,#008859,2024-03-06,82722
Green,小碧潭,#008859,2024-03-06,11596
Green,大坪林,#008859,2024-03-06,60791
Green,景美,#008859,2024-03-06,86118
Green,萬隆,#008859,2024-03-06,4387
Green,公館,#008859,2024-03-06,40606
Green,台電大樓,#008859,2024-03-06,21167
Green,古亭,#008859,2024-03-06,78894
Green,中正紀念堂,#008859,2024-03-06,31786
Green,小南門,#008859,2024-03-06,77436
Green,西門,#008859,2024-03-06,69208
Green,北門,#008859,2024-03-06,52223
Green,中山,#008859,2024-03-06,28368
Green,新店,#008859,2024-03-07,14326
Green,新店區公所,#008859,2024-03-07,76045
Green,七張,#008859,2024-03-07,84435
Green,小碧潭,#008859,2024-03-07,64960
Green,大坪林,#008859,2024-03-07,18665
Green,景美,#008859,2024-03-07,23020
Green,萬隆,#008859,2024-03-07,21421
Green,公館,#008859,2024-03-07,29925
Green,台電大樓,#008859,2024-03-07,20247
Green,古亭,#008859,2024-03-07,71117
Green,中正紀念堂,#008859,2024-03-07,52808
Green,小南門,#008859,2024-03-07,61590
Green,西門,#008859,2024-03-07,29178
Green,北門,#008859,2024-03-07,70702
Green,中山,#008859,2024-03-07,52567
Green,新店,#008859,2024-03-08,32929
Green,新店區公所,#008859,2024-03-08,72807
Green,七張,#008859,2024-03-08,1555
Green,小碧潭,#008859,2024-03-08,26033
Green,大坪林,#008859,2024-03-08,47677
Green,景美,#008859,2024-03-08,61424
Green,萬隆,#008859,2024-03-08,8166
Green,公館,#008859,2024-03-08,54410
Green,台電大樓,#008859,2024-03-08,80814
Green,古亭,#008859,2024-03-08,74669
Green,中正紀念堂,#008859,2024-03-08,89020
Green,小南門,#008859,2024-03-08,72451
Green,西門,#008859,2024-03-08,85417
Green,北門,#008859,2024-03-08,23385
Green,中山,#008859,2024-03-08,75805
Green,新店,#008859,2024-03-09,34293
Green,新店區公所,#008859,2024-03-09,87228
Green,七張,#008859,2024-03-09,36222
Green,小碧潭,#008859,2024-03-09,82503
Green,大坪林,#008859,2024-03-09,42651
Green,景美,#008859,2024-03-09,74075
Green,萬隆,#008859,2024-03-09,63411
Green,公館,#008859,2024-03-09,84909
Green,台電大樓,#008859,2024-03-09,38667
Green,古亭,#008859,2024-03-09,78563
Green,中正紀念堂,#008859,2024-03-09,49401
Green,小南門,#008859,2024-03-09,79519
Green,西門,#008859,2024-03-09,71132
Green,北門,#008859,2024-03-09,34353
Green,中山,#008859,2024-03-09,10414
Green,新店,#008859,2024-03-10,59807
Green,新店區公所,#008859,2024-03-10,70462
Green,七張,#008859,2024-03-10,5233
Green,小碧潭,#008859,2024-03-10,13430
Green,大坪林,#008859,2024-03-10,32107
Green,景美,#008859,2024-03-10,62771
Green,萬隆,#008859,2024-03-10,48185
Green,公館,#008859,2024-03-10,58511
Green,台電大樓,#008859,2024-03-10,20470
Green,古亭,#008859,2024-03-10,14621
Green,中正紀念堂,#008859,2024-03-10,68077
Green,小南門,#008859,2024-03-10,17193
Green,西門,#008859,2024-03-10,27899
Green,北門,#008859,2024-03-10,36285
Green,中山,#008859,2024-03-10,81340
Green,新店,#008859,2024-03-11,16477
Green,新店區公所,#008859,2024-03-11,68503
Green,七張,#008859,2024-03-11,48650
Green,小碧潭,#008859,2024-03-11,12671
Green,大坪林,#008859,2024-03-11,45813
Green,景美,#008859,2024-03-11,5991
Green,萬隆,#008859,2024-03-11,11863
Green,公館,#008859,2024-03-11,2818
Green,台電大樓,#008859,2024-03-11,61737
Green,古亭,#008859,2024-03-11,6639
Green,中正紀念堂,#008859,2024-03-11,69292
Green,小南門,#008859,2024-03-11,6388
Green,西門,#008859,2024-03-11,4368
Green,北門,#008859,2024-03-11,56500
Green,中山,#008859,2024-03-11,8112
Green,新店,#008859,2024-03-12,83680
Green,新店區公所,#008859,2024-03-12,78503
Green,七張,#008859,2024-03-12,34096
Green,小碧潭,#008859,2024-03-12,88025
Green,大坪林,#008859,2024-03-12,87350
Green,景美,#008859,2024-03-12,26633
Green,萬隆,#008859,2024-03-12,47464
Green,公館,#008859,2024-03-12,65126
Green,台電大樓,#008859,2024-03-12,62044
Green,古亭,#008859,2024-03-12,33844
Green,中正紀念堂,#008859,2024-03-12,15152
Green,小南門,#008859,2024-03-12,60720
Green,西門,#008859,2024-03-12,76699
Green,北門,#008859,2024-03-12,15584
Green,中山,#008859,2024-03-12,14623
Green,新店,#008859,2024-03-13,1012
Green,新店區公所,#008859,2024-03-13,85403
Green,七張,#008859,2024-03-13,69483
Green,小碧潭,#008859,2024-03-13,47991
Green,大坪林,#008859,2024-03-13,35740
Green,景美,#008859,2024-03-13,31220
Green,萬隆,#008859,2024-03-13,16378
Green,公館,#008859,2024-03-13,3142
Green,台電大樓,#008859,2024-03-13,86898
Green,古亭,#008859,2024-03-13,45441
Green,中正紀念堂,#008859,2024-03-13,33804
Green,小南門,#008859,2024-03-13,61420
Green,西門,#008859,2024-03-13,11869
Green,北門,#008859,2024-03-13,11883
Green,中山,#008859,2024-03-13,2404
Green,新店,#008859,2024-03-14,72401
Green,新店區公所,#008859,2024-03-14,2989
Green,七張,#008859,2024-03-14,54139
Green,小碧潭,#008859,2024-03-14,33768
Green,大坪林,#008859,2024-03-14,72305
Green,景美,#008859,2024-03-14,39067
Green,萬隆,#008859,2024-03-14,78204
Green,公館,#008859,2024-03-14,53328
Green,台電大樓,#008859,2024-03-14,15637
Green,古亭,#008859,2024-03-14,13237
Green,中正紀念堂,#008859,2024-03-14,14665
Green,小南門,#008859,2024-03-14,10502
Green,西門,#008859,2024-03-14,44657
Green,北門,#008859,2024-03-14,36865
Green,中山,#008859,2024-03-14,45008
Green,新店,#008859,2024-03-15,47957
Green,新店區公所,#008859,2024-03-15,74025
Green,七張,#008859,2024-03-15,7019
Green,小碧潭,#008859,2024-03-15,16803
Green,大坪林,#008859,2024-03-15,87962
Green,景美,#008859,2024-03-15,43581
Green,萬隆,#008859,2024-03-15,28807
Green,公館,#008859,2024-03-15,38729
Green,台電大樓,#008859,2024-03-15,58720
Green,古亭,#008859,2024-03-15,47288
Green,中正紀念堂,#008859,2024-03-15,4243
Green,小南門,#008859,2024-03-15,70644
Green,西門,#008859,2024-03-15,7787
Green,北門,#008859,2024-03-15,73714
Green,中山,#008859,2024-03-15,69391
Green,新店,#008859,2024-03-16,21543
Green,新店區公所,#008859,2024-03-16,24346
Green,七張,#008859,2024-03-16,4944
Green,小碧潭,#008859,2024-03-16,64393
Green,大坪林,#008859,2024-03-16,87389
Green,景美,#008859,2024-03-16,43073
Green,萬隆,#008859,2024-03-16,60454
Green,公館,#008859,2024-03-16,69194
Green,台電大樓,#008859,2024-03-16,25452
Green,古亭,#008859,2024-03-16,26093
Green,中正紀念堂,#008859,2024-03-16,47064
Green,小南門,#008859,2024-03-16,21499
Green,西門,#008859,2024-03-16,51490
Green,北門,#008859,2024-03-16,36704
Green,中山,#008859,2024-03-16,26730
Green,新店,#008859,2024-03-17,82671
Green,新店區公所,#008859,2024-03-17,35182
Green,七張,#008859,2024-03-17,54537
Green,小碧潭,#008859,2024-03-17,51716
Green,大坪林,#008859,2024-03-17,25765
Green,景美,#008859,2024-03-17,77559
Green,萬隆,#008859,2024-03-17,47426
Green,公館,#008859,2024-03-17,86436
Green,台電大樓,#008859,2024-03-17,51748
Green,古亭,#008859,2024-03-17,15785
Green,中正紀念堂,#008859,2024-03-17,76167
Green,小南門,#008859,2024-03-17,66918
Green,西門,#008859,2024-03-17,33383
Green,北門,#008859,2024-03-17,83977
Green,中山,#008859,2024-03-17,85725
Green,新店,#008859,2024-03-18,75279
Green,新店區公所,#008859,2024-03-18,8274
Green,七張,#008859,2024-03-18,53117
Green,小碧潭,#008859,2024-03-18,59539
Green,大坪林,#008859,2024-03-18,6596
Green,景美,#008859,2024-03-18,82880
Green,萬隆,#008859,2024-03-18,23460
Green,公館,#008859,2024-03-18,51942
Green,台電大樓,#008859,2024-03-18,11334
Green,古亭,#008859,2024-03-18,5175
Green,中正紀念堂,#008859,2024-03-18,4881
Green,小南門,#008859,2024-03-18,71578
Green,西門,#008859,2024-03-18,38855
Green,北門,#008859,2024-03-18,61914
Green,中山,#008859,2024-03-18,19336
Green,新店,#008859,2024-03-19,89532
Green,新店區公所,#008859,2024-03-19,32663
Green,七張,#008859,2024-03-19,19026
Green,小碧潭,#008859,2024-03-19,59520
Green,大坪林,#008859,2024-03-19,53570
Green,景美,#008859,2024-03-19,89509
Green,萬隆,#008859,2024-03-19,77821
Green,公館,#008859,2024-03-19,16608
Green,台電大樓,#008859,2024-03-19,42646
Green,古亭,#008859,2024-03-19,20149
Green,中正紀念堂,#008859,2024-03-19,15525
Green,小南門,#008859,2024-03-19,41552
Green,西門,#008859,2024-03-19,63949
Green,北門,#008859,2024-03-19,52968
Green,中山,#008859,2024-03-19,38928
Green,新店,#008859,2024-03-20,5367
Green,新店區公所,#008859,2024-03-20,10315
Green,七張,#008859,2024-03-20,79608
Green,小碧潭,#008859,2024-03-20,54939
Green,大坪林,#008859,2024-03-20,4990
Green,景美,#008859,2024-03-20,69391
Green,萬隆,#008859,2024-03-20,14791
Green,公館,#008859,2024-03-20,56077
Green,台電大樓,#008859,2024-03-20,78394
Green,古亭,#008859,2024-03-20,20017
Green,中正紀念堂,#008859,2024-03-20,77640
Green,小南門,#008859,2024-03-20,78456
Green,西門,#008859,2024-03-20,84023
Green,北門,#008859,2024-03-20,5638
Green,中山,#008859,2024-03-20,47961
Green,新店,#008859,2024-03-21,62106
Green,新店區公所,#008859,2024-03-21,46011
Green,七張,#008859,2024-03-21,75819
Green,小碧潭,#008859,2024-03-21,24023
Green,大坪林,#008859,2024-03-21,34247
Green,景美,#008859,2024-03-21,52227
Green,萬隆,#008859,2024-03-21,2945
Green,公館,#008859,2024-03-21,79396
Green,台電大樓,#008859,2024-03-21,57381
Green,古亭,#008859,2024-03-21,73792
Green,中正紀念堂,#008859,2024-03-21,78297
Green,小南門,#008859,2024-03-21,82660
Green,西門,#008859,2024-03-21,13608
Green,北門,#008859,2024-03-21,8378
Green,中山,#008859,2024-03-21,58258
Green,新店,#008859,2024-03-22,24326
Green,新店區公所,#008859,2024-03-22,53372
Green,七張,#008859,2024-03-22,37891
Green,小碧潭,#008859,2024-03-22,8191
Green,大坪林,#008859,2024-03-22,26187
Green,景美,#008859,2024-03-22,42149
Green,萬隆,#008859,2024-03-22,11518
Green,公館,#008859,2024-03-22,60559
Green,台電大樓,#008859,2024-03-22,77035
Green,古亭,#008859,2024-03-22,30826
Green,中正紀念堂,#008859,2024-03-22,60636
Green,小南門,#008859,2024-03-22,37652
Green,西門,#008859,2024-03-22,42288
Green,北門,#008859,2024-03-22,87143
Green,中山,#008859,2024-03-22,80095
Green,新店,#008859,2024-03-23,34158
Green,新店區公所,#008859,2024-03-23,64579
Green,七張,#008859,2024-03-23,68706
Green,小碧潭,#008859,2024-03-23,23540
Green,大坪林,#008859,2024-03-23,51855
Green,景美,#008859,2024-03-23,66514
Green,萬隆,#008859,2024-03-23,26777
Green,公館,#008859,2024-03-23,57535
Green,台電大樓,#008859,2024-03-23,29534
Green,古亭,#008859,2024-03-23,23991
Green,中正紀念堂,#008859,2024-03-23,62148
Green,小南門,#008859,2024-03-23,66516
Green,西門,#008859,2024-03-23,51598
Green,北門,#008859,2024-03-23,43102
Green,中山,#008859,2024-03-23,51505
Green,新店,#008859,2024-03-24,46409
Green,新店區公所,#008859,2024-03-24,3719
Green,七張,#008859,2024-03-24,35342
Green,小碧潭,#008859,2024-03-24,38499
Green,大坪林,#008859,2024-03-24,62155
Green,景美,#008859,2024-03-24,35040
Green,萬隆,#008859,2024-03-24,79788
Green,公館,#008859,2024-03-24,71565
Green,台電大樓,#008859,2024-03-24,56760
Green,古亭,#008859,2024-03-24,18653
Green,中正紀念堂,#008859,2024-03-24,47404
Green,小南門,#008859,2024-03-24,3093
Green,西門,#008859,2024-03-24,61025
Green,北門,#008859,2024-03-24,48244
Green,中山,#008859,2024-03-24,22335
Green,新店,#008859,2024-03-25,16743
Green,新店區公所,#008859,2024-03-25,27203
Green,七張,#008859,2024-03-25,83606
Green,小碧潭,#008859,2024-03-25,89552
Green,大坪林,#008859,2024-03-25,41173
Green,景美,#008859,2024-03-25,61806
Green,萬隆,#008859,2024-03-25,24617
Green,公館,#008859,2024-03-25,1893
Green,台電大樓,#008859,2024-03-25,65291
Green,古亭,#008859,2024-03-25,89119
Green,中正紀念堂,#008859,2024-03-25,67299
Green,小南門,#008859,2024-03-25,11988
Green,西門,#008859,2024-03-25,8674
Green,北門,#008859,2024-03-25,49750
Green,中山,#008859,2024-03-25,87687
Green,新店,#008859,2024-03-26,60809
Green,新店區公所,#008859,2024-03-26,6789
Green,七張,#008859,2024-03-26,12705
Green,小碧潭,#008859,2024-03-26,78577
Green,大坪林,#008859,2024-03-26,30248
Green,景美,#008859,2024-03-26,77089
Green,萬隆,#008859,2024-03-26,11535
Green,公館,#008859,2024-03-26,76709
Green,台電大樓,#008859,2024-03-26,85003
Green,古亭,#008859,2024-03-26,6750
Green,中正紀念堂,#008859,2024-03-26,15944
Green,小南門,#008859,2024-03-26,38546
Green,西門,#008859,2024-03-26,87536
Green,北門,#008859,2024-03-26,66951
Green,中山,#008859,2024-03-26,59619
Green,新店,#008859,2024-03-27,6405
Green,新店區公所,#008859,2024-03-27,55742
Green,七張,#008859,2024-03-27,7912
Green,小碧潭,#008859,2024-03-27,52846
Green,大坪林,#008859,2024-03-27,78603
Green,景美,#008859,2024-03-27,61606
Green,萬隆,#008859,2024-03-27,35652
Green,公館,#008859,2024-03-27,33298
Green,台電大樓,#008859,2024-03-27,81453
Green,古亭,#008859,2024-03-27,62509
Green,中正紀念堂,#008859,2024-03-27,8615
Green,小南門,#008859,2024-03-27,49775
Green,西門,#008859,2024-03-27,47764
Green,北門,#008859,2024-03-27,10973
Green,中山,#008859,2024-03-27,79517
Green,新店,#008859,2024-03-28,4461
Green,新店區公所,#008859,2024-03-28,54254
Green,七張,#008859,2024-03-28,42633
Green,小碧潭,#008859,2024-03-28,77552
Green,大坪林,#008859,2024-03-28,20068
Green,景美,#008859,2024-03-28,58479
Green,萬隆,#008859,2024-03-28,23950
Green,公館,#008859,2024-03-28,87700
Green,台電大樓,#008859,2024-03-28,36330
Green,古亭,#008859,2024-03-28,17769
Green,中正紀念堂,#008859,2024-03-28,86624
Green,小南門,#008859,2024-03-28,23334
Green,西門,#008859,2024-03-28,19818
Green,北門,#008859,2024-03-28,19968
Green,中山,#008859,2024-03-28,44434
Green,新店,#008859,2024-03-29,45763
Green,新店區公所,#008859,2024-03-29,80293
Green,七張,#008859,2024-03-29,47941
Green,小碧潭,#008859,2024-03-29,33933
Green,大坪林,#008859,2024-03-29,75055
Green,景美,#008859,2024-03-29,71671
Green,萬隆,#008859,2024-03-29,82745
Green,公館,#008859,2024-03-29,78328
Green,台電大樓,#008859,2024-03-29,65477
Green,古亭,#008859,2024-03-29,7905
Green,中正紀念堂,#008859,2024-03-29,85899
Green,小南門,#008859,2024-03-29,21506
Green,西門,#008859,2024-03-29,25531
Green,北門,#008859,2024-03-29,55560
Green,中山,#008859,2024-03-29,64952
Green,新店,#008859,2024-03-30,24931
Green,新店區公所,#008859,2024-03-30,16950
Green,七張,#008859,2024-03-30,2520
Green,小碧潭,#008859,2024-03-30,72658
Green,大坪林,#008859,2024-03-30,37362
Green,景美,#008859,2024-03-30,36599
Green,萬隆,#008859,2024-03-30,17046
Green,公館,#008859,2024-03-30,42644
Green,台電大樓,#008859,2024-03-30,5431
Green,古亭,#008859,2024-03-30,36985
Green,中正紀念堂,#008859,2024-03-30,34420
Green,小南門,#008859,2024-03-30,70305
Green,西門,#008859,2024-03-30,70767
Green,北門,#008859,2024-03-30,31241
Green,中山,#008859,2024-03-30,2767
Green,新店,#008859,2024-03-31,2111
Green,新店區公所,#008859,2024-03-31,60724
Green,七張,#008859,2024-03-31,40886
Green,小碧潭,#008859,2024-03-31,17992
Green,大坪林,#008859,2024-03-31,61086
Green,景美,#008859,2024-03-31,71828
Green,萬隆,#008859,2024-03-31,44406
Green,公館,#008859,2024-03-31,21003
Green,台電大樓,#008859,2024-03-31,64193
Green,古亭,#008859,2024-03-31,47336
Green,中正紀念堂,#008859,2024-03-31,65157
Green,小南門,#008859,2024-03-31,32482
Green,西門,#008859,2024-03-31,80768
Green,北門,#008859,2024-03-31,56134
Green,中山,#008859,2024-03-31,53131
Green,新店,#008859,2024-04-01,38672
Green,新店區公所,#008859,2024-04-01,57562
Green,七張,#008859,2024-04-01,20467
Green,小碧潭,#008859,2024-04-01,37325
Green,大坪林,#008859,2024-04-01,45646
Green,景美,#008859,2024-04-01,5256
Green,萬隆,#008859,2024-04-01,27321
Green,公館,#008859,2024-04-01,89855
Green,台電大樓,#008859,2024-04-01,52939
Green,古亭,#008859,2024-04-01,50660
Green,中正紀念堂,#008859,2024-04-01,4619
Green,小南門,#008859,2024-04-01,3489
Green,西門,#008859,2024-04-01,56777
Green,北門,#008859,2024-04-01,34639
Green,中山,#008859,2024-04-01,72370
Green,新店,#008859,2024-04-02,84352
Green,新店區公所,#008859,2024-04-02,45368
Green,七張,#008859,2024-04-02,52430
Green,小碧潭,#008859,2024-04-02,38621
Green,大坪林,#008859,2024-04-02,25005
Green,景美,#008859,2024-04-02,80914
Green,萬隆,#008859,2024-04-02,38238
Green,公館,#008859,2024-04-02,68124
Green,台電大樓,#008859,2024-04-02,42251
Green,古亭,#008859,2024-04-02,86340
Green,中正紀念堂,#008859,2024-04-02,16294
Green,小南門,#008859,2024-04-02,88316
Green,西門,#008859,2024-04-02,39356
Green,北門,#008859,2024-04-02,72171
Green,中山,#008859,2024-04-02,43118
Green,新店,#008859,2024-04-03,21599
Green,新店區公所,#008859,2024-04-03,13682
Green,七張,#008859,2024-04-03,60574
Green,小碧潭,#008859,2024-04-03,11682
Green,大坪林,#008859,2024-04-03,57438
Green,景美,#008859,2024-04-03,60821
Green,萬隆,#008859,2024-04-03,75592
Green,公館,#008859,2024-04-03,77327
Green,台電大樓,#008859,2024-04-03,23425
Green,古亭,#008859,2024-04-03,60311
Green,中正紀念堂,#008859,2024-04-03,35786
Green,小南門,#008859,2024-04-03,83390
Green,西門,#008859,2024-04-03,23488
Green,北門,#008859,2024-04-03,14926
Green,中山,#008859,2024-04-03,28879
Green,新店,#008859,2024-04-04,34597
Green,新店區公所,#008859,2024-04-04,76249
Green,七張,#008859,2024-04-04,49554
Green,小碧潭,#008859,2024-04-04,73139
Green,大坪林,#008859,2024-04-04,31618
Green,景美,#008859,2024-04-04,8206
Green,萬隆,#008859,2024-04-04,5098
Green,公館,#008859,2024-04-04,51537
Green,台電大樓,#008859,2024-04-04,25442
Green,古亭,#008859,2024-04-04,8090
Green,中正紀念堂,#008859,2024-04-04,3785
Green,小南門,#008859,2024-04-04,88420
Green,西門,#008859,2024-04-04,31247
Green,北門,#008859,2024-04-04,2908
Green,中山,#008859,2024-04-04,21328
Green,新店,#008859,2024-04-05,77978
Green,新店區公所,#008859,2024-04-05,65202
Green,七張,#008859,2024-04-05,7549
Green,小碧潭,#008859,2024-04-05,36485
Green,大坪林,#008859,2024-04-05,8638
Green,景美,#008859,2024-04-05,7704
Green,萬隆,#008859,2024-04-05,78701
Green,公館,#008859,2024-04-05,18725
Green,台電大樓,#008859,2024-04-05,66294
Green,古亭,#008859,2024-04-05,64551
Green,中正紀念堂,#008859,2024-04-05,83306
Green,小南門,#008859,2024-04-05,6977
Green,西門,#008859,2024-04-05,62523
Green,北門,#008859,2024-04-05,33448
Green,中山,#008859,2024-04-05,7707
Green,新店,#008859,2024-04-06,49381
Green,新店區公所,#008859,2024-04-06,24730
Green,七張,#008859,2024-04-06,47774
Green,小碧潭,#008859,2024-04-06,25221
Green,大坪林,#008859,2024-04-06,57036
Green,景美,#008859,2024-04-06,39294
Green,萬隆,#008859,2024-04-06,6340
Green,公館,#008859,2024-04-06,52935
Green,台電大樓,#008859,2024-04-06,73442
Green,古亭,#008859,2024-04-06,70595
Green,中正紀念堂,#008859,2024-04-06,17310
Green,小南門,#008859,2024-04-06,60001
Green,西門,#008859,2024-04-06,45585
Green,北門,#008859,2024-04-06,43670
Green,中山,#008859,2024-04-06,38974
Green,新店,#008859,2024-04-07,35344
Green,新店區公所,#008859,2024-04-07,40000
Green,七張,#008859,2024-04-07,32594
Green,小碧潭,#008859,2024-04-07,42873
Green,大坪林,#008859,2024-04-07,23852
Green,景美,#008859,2024-04-07,71432
Green,萬隆,#008859,2024-04-07,79724
Green,公館,#008859,2024-04-07,16462
Green,台電大樓,#008859,2024-04-07,71659
Green,古亭,#008859,2024-04-07,44749
Green,中正紀念堂,#008859,2024-04-07,80784
Green,小南門,#008859,2024-04-07,35531
Green,西門,#008859,2024-04-07,6107
Green,北門,#008859,2024-04-07,7581
Green,中山,#008859,2024-04-07,74485
Green,新店,#008859,2024-04-08,40029
Green,新店區公所,#008859,2024-04-08,71568
Green,七張,#008859,2024-04-08,51777
Green,小碧潭,#008859,2024-04-08,73899
Green,大坪林,#008859,2024-04-08,83149
Green,景美,#008859,2024-04-08,73350
Green,萬隆,#008859,2024-04-08,32678
Green,公館,#008859,2024-04-08,50114
Green,台電大樓,#008859,2024-04-08,66557
Green,古亭,#008859,2024-04-08,39580
Green,中正紀念堂,#008859,2024-04-08,36127
Green,小南門,#008859,2024-04-08,22503
Green,西門,#008859,2024-04-08,20237
Green,北門,#008859,2024-04-08,46273
Green,中山,#008859,2024-04-08,68301
Green,新店,#008859,2024-04-09,11756
Green,新店區公所,#008859,2024-04-09,48718
Green,七張,#008859,2024-04-09,80535
Green,小碧潭,#008859,2024-04-09,76311
Green,大坪林,#008859,2024-04-09,74065
Green,景美,#008859,2024-04-09,67091
Green,萬隆,#008859,2024-04-09,57462
Green,公館,#008859,2024-04-09,74990
Green,台電大樓,#008859,2024-04-09,61308
Green,古亭,#008859,2024-04-09,21150
Green,中正紀念堂,#008859,2024-04-09,4379
Green,小南門,#008859,2024-04-09,29584
Green,西門,#008859,2024-04-09,57617
Green,北門,#008859,2024-04-09,25712
Green,中山,#008859,2024-04-09,3216
Green,新店,#008859,2024-04-10,24023
Green,新店區公所,#008859,2024-04-10,26810
Green,七張,#008859,2024-04-10,88470
Green,小碧潭,#008859,2024-04-10,72021
Green,大坪林,#008859,2024-04-10,36042
Green,景美,#008859,2024-04-10,45071
Green,萬隆,#008859,2024-04-10,79769
Green,公館,#008859,2024-04-10,36121
Green,台電大樓,#008859,2024-04-10,46070
Green,古亭,#008859,2024-04-10,53985
Green,中正紀念堂,#008859,2024-04-10,50750
Green,小南門,#008859,2024-04-10,46796
Green,西門,#008859,2024-04-10,9847
Green,北門,#008859,2024-04-10,40521
Green,中山,#008859,2024-04-10,13353
Green,新店,#008859,2024-04-11,68372
Green,新店區公所,#008859,2024-04-11,18787
Green,七張,#008859,2024-04-11,59715
Green,小碧潭,#008859,2024-04-11,23428
Green,大坪林,#008859,2024-04-11,60844
Green,景美,#008859,2024-04-11,36825
Green,萬隆,#008859,2024-04-11,51519
Green,公館,#008859,2024-04-11,28563
Green,台電大樓,#008859,2024-04-11,3819
Green,古亭,#008859,2024-04-11,24853
Green,中正紀念堂,#008859,2024-04-11,2001
Green,小南門,#008859,2024-04-11,7152
Green,西門,#008859,2024-04-11,62905
Green,北門,#008859,2024-04-11,31623
Green,中山,#008859,2024-04-11,83858
Green,新店,#008859,2024-04-12,32362
Green,新店區公所,#008859,2024-04-12,39580
Green,七張,#008859,2024-04-12,68956
Green,小碧潭,#008859,2024-04-12,53623
Green,大坪林,#008859,2024-04-12,85770
Green,景美,#008859,2024-04-12,52946
Green,萬隆,#008859,2024-04-12,81994
Green,公館,#008859,2024-04-12,48731
Green,台電大樓,#008859,2024-04-12,80792
Green,古亭,#008859,2024-04-12,3201
Green,中正紀念堂,#008859,2024-04-12,31205
Green,小南門,#008859,2024-04-12,76771
Green,西門,#008859,2024-04-12,55102
Green,北門,#008859,2024-04-12,5021
Green,中山,#008859,2024-04-12,56719
Green,新店,#008859,2024-04-13,30676
Green,新店區公所,#008859,2024-04-13,17588
Green,七張,#008859,2024-04-13,54352
Green,小碧潭,#008859,2024-04-13,25129
Green,大坪林,#008859,2024-04-13,34000
Green,景美,#008859,2024-04-13,4710
Green,萬隆,#008859,2024-04-13,86417
Green,公館,#008859,2024-04-13,76704
Green,台電大樓,#008859,2024-04-13,73966
Green,古亭,#008859,2024-04-13,59090
Green,中正紀念堂,#008859,2024-04-13,53479
Green,小南門,#008859,2024-04-13,88813
Green,西門,#008859,2024-04-13,88619
Green,北門,#008859,2024-04-13,52136
Green,中山,#008859,2024-04-13,81264
Green,新店,#008859,2024-04-14,4135
Green,新店區公所,#008859,2024-04-14,28713
Green,七張,#008859,2024-04-14,74841
Green,小碧潭,#008859,2024-04-14,84599
Green,大坪林,#008859,2024-04-14,24394
Green,景美,#008859,2024-04-14,29194
Green,萬隆,#008859,2024-04-14,6164
Green,公館,#008859,2024-04-14,22431
Green,台電大樓,#008859,2024-04-14,60310
Green,古亭,#008859,2024-04-14,51200
Green,中正紀念堂,#008859,2024-04-14,18305
Green,小南門,#008859,2024-04-14,5903
Green,西門,#008859,2024-04-14,36635
Green,北門,#008859,2024-04-14,31190
Green,中山,#008859,2024-04-14,36034
Green,新店,#008859,2024-04-15,29536
Green,新店區公所,#008859,2024-04-15,31002
Green,七張,#008859,2024-04-15,18129
Green,小碧潭,#008859,2024-04-15,4406
Green,大坪林,#008859,2024-04-15,57840
Green,景美,#008859,2024-04-15,34439
Green,萬隆,#008859,2024-04-15,74746
Green,公館,#008859,2024-04-15,4549
Green,台電大樓,#008859,2024-04-15,4307
Green,古亭,#008859,2024-04-15,38689
Green,中正紀念堂,#008859,2024-04-15,75987
Green,小南門,#008859,2024-04-15,52296
Green,西門,#008859,2024-04-15,88438
Green,北門,#008859,2024-04-15,54776
Green,中山,#008859,2024-04-15,24906
Green,新店,#008859,2024-04-16,16007
Green,新店區公所,#008859,2024-04-16,17959
Green,七張,#008859,2024-04-16,20791
Green,小碧潭,#008859,2024-04-16,71275
Green,大坪林,#008859,2024-04-16,49015
Green,景美,#008859,2024-04-16,81721
Green,萬隆,#008859,2024-04-16,59683
Green,公館,#008859,2024-04-16,27993
Green,台電大樓,#008859,2024-04-16,6105
Green,古亭,#008859,2024-04-16,62019
Green,中正紀念堂,#008859,2024-04-16,79352
Green,小南門,#008859,2024-04-16,18959
Green,西門,#008859,2024-04-16,53477
Green,北門,#008859,2024-04-16,6984
Green,中山,#008859,2024-04-16,54966
Green,新店,#008859,2024-04-17,75072
Green,新店區公所,#008859,2024-04-17,55880
Green,七張,#008859,2024-04-17,80797
Green,小碧潭,#008859,2024-04-17,35518
Green,大坪林,#008859,2024-04-17,77769
Green,景美,#008859,2024-04-17,38263
Green,萬隆,#008859,2024-04-17,40797
Green,公館,#008859,2024-04-17,41387
Green,台電大樓,#008859,2024-04-17,58139
Green,古亭,#008859,2024-04-17,26360
Green,中正紀念堂,#008859,2024-04-17,26602
Green,小南門,#008859,2024-04-17,50012
Green,西門,#008859,2024-04-17,5504
Green,北門,#008859,2024-04-17,4395
Green,中山,#008859,2024-04-17,71867
Green,新店,#008859,2024-04-18,15875
Green,新店區公所,#008859,2024-04-18,74493
Green,七張,#008859,2024-04-18,34896
Green,小碧潭,#008859,2024-04-18,36738
Green,大坪林,#008859,2024-04-18,76883
Green,景美,#008859,2024-04-18,74935
Green,萬隆,#008859,2024-04-18,63774
Green,公館,#008859,2024-04-18,84288
Green,台電大樓,#008859,2024-04-18,11175
Green,古亭,#008859,2024-04-18,63057
Green,中正紀念堂,#008859,2024-04-18,77485
Green,小南門,#008859,2024-04-18,45945
Green,西門,#008859,2024-04-18,70985
Green,北門,#008859,2024-04-18,33297
Green,中山,#008859,2024-04-18,18326
Green,新店,#008859,2024-04-19,81205
Green,新店區公所,#008859,2024-04-19,45413
Green,七張,#008859,2024-04-19,40963
Green,小碧潭,#008859,2024-04-19,18951
Green,大坪林,#008859,2024-04-19,3430
Green,景美,#008859,2024-04-19,14144
Green,萬隆,#008859,2024-04-19,25983
Green,公館,#008859,2024-04-19,15808
Green,台電大樓,#008859,2024-04-19,58692
Green,古亭,#008859,2024-04-19,61897
Green,中正紀念堂,#008859,2024-04-19,62032
Green,小南門,#008859,2024-04-19,52437
Green,西門,#008859,2024-04-19,4078
Green,北門,#008859,2024-04-19,17653
Green,中山,#008859,2024-04-19,57305
Green,新店,#008859,2024-04-20,89974
Green,新店區公所,#008859,2024-04-20,2127
Green,七張,#008859,2024-04-20,17205
Green,小碧潭,#008859,2024-04-20,23739
Green,大坪林,#008859,2024-04-20,86169
Green,景美,#008859,2024-04-20,60480
Green,萬隆,#008859,2024-04-20,46988
Green,公館,#008859,2024-04-20,36995
Green,台電大樓,#008859,2024-04-20,4508
Green,古亭,#008859,2024-04-20,1833
Green,中正紀念堂,#008859,2024-04-20,13591
Green,小南門,#008859,2024-04-20,69683
Green,西門,#008859,2024-04-20,29362
Green,北門,#008859,2024-04-20,48225
Green,中山,#008859,2024-04-20,49183
Green,新店,#008859,2024-04-21,81884
Green,新店區公所,#008859,2024-04-21,22926
Green,七張,#008859,2024-04-21,26719
Green,小碧潭,#008859,2024-04-21,83916
Green,大坪林,#008859,2024-04-21,78089
Green,景美,#008859,2024-04-21,69880
Green,萬隆,#008859,2024-04-21,64785
Green,公館,#008859,2024-04-21,81424
Green,台電大樓,#008859,2024-04-21,24106
Green,古亭,#008859,2024-04-21,17163
Green,中正紀念堂,#008859,2024-04-21,70589
Green,小南門,#008859,2024-04-21,89143
Green,西門,#008859,2024-04-21,69017
Green,北門,#008859,2024-04-21,53778
Green,中山,#008859,2024-04-21,86661
Green,新店,#008859,2024-04-22,2799
Green,新店區公所,#008859,2024-04-22,69432
Green,七張,#008859,2024-04-22,78940
Green,小碧潭,#008859,2024-04-22,26074
Green,大坪林,#008859,2024-04-22,68652
Green,景美,#008859,2024-04-22,73608
Green,萬隆,#008859,2024-04-22,62232
Green,公館,#008859,2024-04-22,82336
Green,台電大樓,#008859,2024-04-22,23175
Green,古亭,#008859,2024-04-22,68355
Green,中正紀念堂,#008859,2024-04-22,10131
Green,小南門,#008859,2024-04-22,43280
Green,西門,#008859,2024-04-22,72373
Green,北門,#008859,2024-04-22,13411
Green,中山,#008859,2024-04-22,55144
Green,新店,#008859,2024-04-23,86312
Green,新店區公所,#008859,2024-04-23,72571
Green,七張,#008859,2024-04-23,3918
Green,小碧潭,#008859,2024-04-23,61588
Green,大坪林,#008859,2024-04-23,56119
Green,景美,#008859,2024-04-23,38412
Green,萬隆,#008859,2024-04-23,62404
Green,公館,#008859,2024-04-23,83733
Green,台電大樓,#008859,2024-04-23,55017
Green,古亭,#008859,2024-04-23,30383
Green,中正紀念堂,#008859,2024-04-23,5405
Green,小南門,#008859,2024-04-23,76517
Green,西門,#008859,2024-04-23,43499
Green,北門,#008859,2024-04-23,68744
Green,中山,#008859,2024-04-23,65921
Green,新店,#008859,2024-04-24,46040
Green,新店區公所,#008859,2024-04-24,15783
Green,七張,#008859,2024-04-24,8998
Green,小碧潭,#008859,2024-04-24,80657
Green,大坪林,#008859,2024-04-24,70400
Green,景美,#008859,2024-04-24,87510
Green,萬隆,#008859,2024-04-24,11124
Green,公館,#008859,2024-04-24,85582
Green,台電大樓,#008859,2024-04-24,80587
Green,古亭,#008859,2024-04-24,30205
Green,中正紀念堂,#008859,2024-04-24,58039
Green,小南門,#008859,2024-04-24,35387
Green,西門,#008859,2024-04-24,73725
Green,北門,#008859,2024-04-24,50767
Green,中山,#008859,2024-04-24,4504
Green,新店,#008859,2024-04-25,54521
Green,新店區公所,#008859,2024-04-25,15290
Green,七張,#008859,2024-04-25,41731
Green,小碧潭,#008859,2024-04-25,88969
Green,大坪林,#008859,2024-04-25,45121
Green,景美,#008859,2024-04-25,57350
Green,萬隆,#008859,2024-04-25,46108
Green,公館,#008859,2024-04-25,24703
Green,台電大樓,#008859,2024-04-25,82682
Green,古亭,#008859,2024-04-25,41423
Green,中正紀念堂,#008859,2024-04-25,14848
Green,小南門,#008859,2024-04-25,69019
Green,西門,#008859,2024-04-25,17389
Green,北門,#008859,2024-04-25,83268
Green,中山,#008859,2024-04-25,24155
Green,新店,#008859,2024-04-26,49061
Green,新店區公所,#008859,2024-04-26,26406
Green,七張,#008859,2024-04-26,77161
Green,小碧潭,#008859,2024-04-26,75554
Green,大坪林,#008859,2024-04-26,11016
Green,景美,#008859,2024-04-26,25634
Green,萬隆,#008859,2024-04-26,64945
Green,公館,#008859,2024-04-26,16976
Green,台電大樓,#008859,2024-04-26,33994
Green,古亭,#008859,2024-04-26,5199
Green,中正紀念堂,#008859,2024-04-26,51978
Green,小南門,#008859,2024-04-26,57325
Green,西門,#008859,2024-04-26,58965
Green,北門,#008859,2024-04-26,17227
Green,中山,#008859,2024-04-26,39840
Green,新店,#008859,2024-04-27,28395
Green,新店區公所,#008859,2024-04-27,74155
Green,七張,#008859,2024-04-27,1953
Green,小碧潭,#008859,2024-04-27,38218
Green,大坪林,#008859,2024-04-27,50876
Green,景美,#008859,2024-04-27,56256
Green,萬隆,#008859,2024-04-27,2088
Green,公館,#008859,2024-04-27,89289
Green,台電大樓,#008859,2024-04-27,49128
Green,古亭,#008859,2024-04-27,61887
Green,中正紀念堂,#008859,2024-04-27,3106
Green,小南門,#008859,2024-04-27,71924
Green,西門,#008859,2024-04-27,78837
Green,北門,#008859,2024-04-27,86155
Green,中山,#008859,2024-04-27,35049
Green,新店,#008859,2024-04-28,81252
Green,新店區公所,#008859,2024-04-28,40062
Green,七張,#008859,2024-04-28,18636
Green,小碧潭,#008859,2024-04-28,61498
Green,大坪林,#008859,2024-04-28,26721
Green,景美,#008859,2024-04-28,41104
Green,萬隆,#008859,2024-04-28,78478
Green,公館,#008859,2024-04-28,63543
Green,台電大樓,#008859,2024-04-28,88933
Green,古亭,#008859,2024-04-28,5161
Green,中正紀念堂,#008859,2024-04-28,48834
Green,小南門,#008859,2024-04-28,84747
Green,西門,#008859,2024-04-28,37875
Green,北門,#008859,2024-04-28,32643
Green,中山,#008859,2024-04-28,87343
Green,新店,#008859,2024-04-29,31255
Green,新店區公所,#008859,2024-04-29,12116
Green,七張,#008859,2024-04-29,2548
Green,小碧潭,#008859,2024-04-29,43671
Green,大坪林,#008859,2024-04-29,6930
Green,景美,#008859,2024-04-29,24474
Green,萬隆,#008859,2024-04-29,24235
Green,公館,#008859,2024-04-29,62240
Green,台電大樓,#008859,2024-04-29,58016
Green,古亭,#008859,2024-04-29,38804
Green,中正紀念堂,#008859,2024-04-29,83972
Green,小南門,#008859,2024-04-29,8529
Green,西門,#008859,2024-04-29,77640
Green,北門,#008859,2024-04-29,35967
Green,中山,#008859,2024-04-29,46322
Green,新店,#008859,2024-04-30,76848
Green,新店區公所,#008859,2024-04-30,20335
Green,七張,#008859,2024-04-30,66247
Green,小碧潭,#008859,2024-04-30,74396
Green,大坪林,#008859,2024-04-30,18228
Green,景美,#008859,2024-04-30,3051
Green,萬隆,#008859,2024-04-30,80840
Green,公館,#008859,2024-04-30,8101
Green,台電大樓,#008859,2024-04-30,47197
Green,古亭,#008859,2024-04-30,41625
Green,中正紀念堂,#008859,2024-04-30,30410
Green,小南門,#008859,2024-04-30,20635
Green,西門,#008859,2024-04-30,13524
Green,北門,#008859,2024-04-30,33192
Green,中山,#008859,2024-04-30,43187
Green,新店,#008859,2024-05-01,17182
Green,新店區公所,#008859,2024-05-01,20683
Green,七張,#008859,2024-05-01,56087
Green,小碧潭,#008859,2024-05-01,44472
Green,大坪林,#008859,2024-05-01,87696
Green,景美,#008859,2024-05-01,3907
Green,萬隆,#008859,2024-05-01,6096
Green,公館,#008859,2024-05-01,70737
Green,台電大樓,#008859,2024-05-01,26845
Green,古亭,#008859,2024-05-01,79709
Green,中正紀念堂,#008859,2024-05-01,15528
Green,小南門,#008859,2024-05-01,4686
Green,西門,#008859,2024-05-01,52213
Green,北門,#008859,2024-05-01,13596
Green,中山,#008859,2024-05-01,22237
Green,新店,#008859,2024-05-02,33008
Green,新店區公所,#008859,2024-05-02,74673
Green,七張,#008859,2024-05-02,9423
Green,小碧潭,#008859,2024-05-02,48087
Green,大坪林,#008859,2024-05-02,29455
Green,景美,#008859,2024-05-02,2208
Green,萬隆,#008859,2024-05-02,21463
Green,公館,#008859,2024-05-02,13284
Green,台電大樓,#008859,2024-05-02,46001
Green,古亭,#008859,2024-05-02,48714
Green,中正紀念堂,#008859,2024-05-02,80733
Green,小南門,#008859,2024-05-02,30238
Green,西門,#008859,2024-05-02,26686
Green,北門,#008859,2024-05-02,16036
Green,中山,#008859,2024-05-02,10922
Green,新店,#008859,2024-05-03,44687
Green,新店區公所,#008859,2024-05-03,39488
Green,七張,#008859,2024-05-03,59572
Green,小碧潭,#008859,2024-05-03,6891
Green,大坪林,#008859,2024-05-03,9431
Green,景美,#008859,2024-05-03,55473
Green,萬隆,#008859,2024-05-03,17057
Green,公館,#008859,2024-05-03,64994
Green,台電大樓,#008859,2024-05-03,86039
Green,古亭,#008859,2024-05-03,1861
Green,中正紀念堂,#008859,2024-05-03,19979
Green,小南門,#008859,2024-05-03,80141
Green,西門,#008859,2024-05-03,87601
Green,北門,#008859,2024-05-03,18465
Green,中山,#008859,2024-05-03,67736
Green,新店,#008859,2024-05-04,37937
Green,新店區公所,#008859,2024-05-04,26301
Green,七張,#008859,2024-05-04,49327
Green,小碧潭,#008859,2024-05-04,75414
Green,大坪林,#008859,2024-05-04,10958
Green,景美,#008859,2024-05-04,68037
Green,萬隆,#008859,2024-05-04,19682
Green,公館,#008859,2024-05-04,38754
Green,台電大樓,#008859,2024-05-04,17617
Green,古亭,#008859,2024-05-04,33065
Green,中正紀念堂,#008859,2024-05-04,17528
Green,小南門,#008859,2024-05-04,8856
Green,西門,#008859,2024-05-04,4837
Green,北門,#008859,2024-05-04,86452
Green,中山,#008859,2024-05-04,2915
Green,新店,#008859,2024-05-05,8559
Green,新店區公所,#008859,2024-05-05,47605
Green,七張,#008859,2024-05-05,63301
Green,小碧潭,#008859,2024-05-05,85841
Green,大坪林,#008859,2024-05-05,7102
Green,景美,#008859,2024-05-05,25629
Green,萬隆,#008859,2024-05-05,5337
Green,公館,#008859,2024-05-05,42257
Green,台電大樓,#008859,2024-05-05,69350
Green,古亭,#008859,2024-05-05,80407
Green,中正紀念堂,#008859,2024-05-05,27676
Green,小南門,#008859,2024-05-05,10831
Green,西門,#008859,2024-05-05,55431
Green,北門,#008859,2024-05-05,6332
Green,中山,#008859,2024-05-05,62252
Green,新店,#008859,2024-05-06,47673
Green,新店區公所,#008859,2024-05-06,83048
Green,七張,#008859,2024-05-06,35647
Green,小碧潭,#008859,2024-05-06,23054
Green,大坪林,#008859,2024-05-06,72602
Green,景美,#008859,2024-05-06,50736
Green,萬隆,#008859,2024-05-06,49165
Green,公館,#008859,2024-05-06,29139
Green,台電大樓,#008859,2024-05-06,22693
Green,古亭,#008859,2024-05-06,34642
Green,中正紀念堂,#008859,2024-05-06,27081
Green,小南門,#008859,2024-05-06,57492
Green,西門,#008859,2024-05-06,53939
Green,北門,#008859,2024-05-06,21833
Green,中山,#008859,2024-05-06,5027
Green,新店,#008859,2024-05-07,51463
Green,新店區公所,#008859,2024-05-07,69738
Green,七張,#008859,2024-05-07,76739
Green,小碧潭,#008859,2024-05-07,3380
Green,大坪林,#008859,2024-05-07,76607
Green,景美,#008859,2024-05-07,65107
Green,萬隆,#008859,2024-05-07,73202
Green,公館,#008859,2024-05-07,31462
Green,台電大樓,#008859,2024-05-07,48477
Green,古亭,#008859,2024-05-07,41866
Green,中正紀念堂,#008859,2024-05-07,76709
Green,小南門,#008859,2024-05-07,38327
Green,西門,#008859,2024-05-07,69008
Green,北門,#008859,2024-05-07,72742
Green,中山,#008859,2024-05-07,32777
Green,新店,#008859,2024-05-08,84662
Green,新店區公所,#008859,2024-05-08,26610
Green,七張,#008859,2024-05-08,12075
Green,小碧潭,#008859,2024-05-08,53820
Green,大坪林,#008859,2024-05-08,56524
Green,景美,#008859,2024-05-08,63710
Green,萬隆,#008859,2024-05-08,46765
Green,公館,#008859,2024-05-08,47083
Green,台電大樓,#008859,2024-05-08,87759
Green,古亭,#008859,2024-05-08,21665
Green,中正紀念堂,#008859,2024-05-08,57785
Green,小南門,#008859,2024-05-08,81191
Green,西門,#008859,2024-05-08,76549
Green,北門,#008859,2024-05-08,9424
Green,中山,#008859,2024-05-08,27531
Green,新店,#008859,2024-05-09,66982
Green,新店區公所,#008859,2024-05-09,26201
Green,七張,#008859,2024-05-09,38659
Green,小碧潭,#008859,2024-05-09,58167
Green,大坪林,#008859,2024-05-09,15065
Green,景美,#008859,2024-05-09,11637
Green,萬隆,#008859,2024-05-09,34350
Green,公館,#008859,2024-05-09,10415
Green,台電大樓,#008859,2024-05-09,3883
Green,古亭,#008859,2024-05-09,30791
Green,中正紀念堂,#008859,2024-05-09,87927
Green,小南門,#008859,2024-05-09,39508
Green,西門,#008859,2024-05-09,50399
Green,北門,#008859,2024-05-09,54001
Green,中山,#008859,2024-05-09,4612
Green,新店,#008859,2024-05-10,70361
Green,新店區公所,#008859,2024-05-10,77817
Green,七張,#008859,2024-05-10,38114
Green,小碧潭,#008859,2024-05-10,71201
Green,大坪林,#008859,2024-05-10,64225
Green,景美,#008859,2024-05-10,77707
Green,萬隆,#008859,2024-05-10,64481
Green,公館,#008859,2024-05-10,75153
Green,台電大樓,#008859,2024-05-10,57850
Green,古亭,#008859,2024-05-10,73913
Green,中正紀念堂,#008859,2024-05-10,47190
Green,小南門,#008859,2024-05-10,38592
Green,西門,#008859,2024-05-10,84166
Green,北門,#008859,2024-05-10,31104
Green,中山,#008859,2024-05-10,45064
Green,新店,#008859,2024-05-11,27826
Green,新店區公所,#008859,2024-05-11,70671
Green,七張,#008859,2024-05-11,3688
Green,小碧潭,#008859,2024-05-11,39069
Green,大坪林,#008859,2024-05-11,72548
Green,景美,#008859,2024-05-11,3199
Green,萬隆,#008859,2024-05-11,46168
Green,公館,#008859,2024-05-11,79561
Green,台電大樓,#008859,2024-05-11,86796
Green,古亭,#008859,2024-05-11,28843
Green,中正紀念堂,#008859,2024-05-11,53719
Green,小南門,#008859,2024-05-11,42625
Green,西門,#008859,2024-05-11,65492
Green,北門,#008859,2024-05-11,89029
Green,中山,#008859,2024-05-11,44377
Green,新店,#008859,2024-05-12,21152
Green,新店區公所,#008859,2024-05-12,36785
Green,七張,#008859,2024-05-12,6132
Green,小碧潭,#008859,2024-05-12,73498
Green,大坪林,#008859,2024-05-12,68895
Green,景美,#008859,2024-05-12,33665
Green,萬隆,#008859,2024-05-12,53756
Green,公館,#008859,2024-05-12,11007
Green,台電大樓,#008859,2024-05-12,66506
Green,古亭,#008859,2024-05-12,10767
Green,中正紀念堂,#008859,2024-05-12,76533
Green,小南門,#008859,2024-05-12,81813
Green,西門,#008859,2024-05-12,81121
Green,北門,#008859,2024-05-12,60996
Green,中山,#008859,2024-05-12,79291
Green,新店,#008859,2024-05-13,63277
Green,新店區公所,#008859,2024-05-13,26381
Green,七張,#008859,2024-05-13,89044
Green,小碧潭,#008859,2024-05-13,11114
Green,大坪林,#008859,2024-05-13,89624
Green,景美,#008859,2024-05-13,10572
Green,萬隆,#008859,2024-05-13,71837
Green,公館,#008859,2024-05-13,43359
Green,台電大樓,#008859,2024-05-13,43176
Green,古亭,#008859,2024-05-13,39615
Green,中正紀念堂,#008859,2024-05-13,59023
Green,小南門,#008859,2024-05-13,2034
Green,西門,#008859,2024-05-13,42459
Green,北門,#008859,2024-05-13,64492
Green,中山,#008859,2024-05-13,71561
Green,新店,#008859,2024-05-14,65247
Green,新店區公所,#008859,2024-05-14,7028
Green,七張,#008859,2024-05-14,44145
Green,小碧潭,#008859,2024-05-14,86741
Green,大坪林,#008859,2024-05-14,14329
Green,景美,#008859,2024-05-14,62796
Green,萬隆,#008859,2024-05-14,48237
Green,公館,#008859,2024-05-14,33216
Green,台電大樓,#008859,2024-05-14,85636
Green,古亭,#008859,2024-05-14,78439
Green,中正紀念堂,#008859,2024-05-14,55587
Green,小南門,#008859,2024-05-14,77352
Green,西門,#008859,2024-05-14,41122
Green,北門,#008859,2024-05-14,26343
Green,中山,#008859,2024-05-14,58939
Green,新店,#008859,2024-05-15,22188
Green,新店區公所,#008859,2024-05-15,22086
Green,七張,#008859,2024-05-15,8700
Green,小碧潭,#008859,2024-05-15,55174
Green,大坪林,#008859,2024-05-15,4755
Green,景美,#008859,2024-05-15,54032
Green,萬隆,#008859,2024-05-15,57365
Green,公館,#008859,2024-05-15,13224
Green,台電大樓,#008859,2024-05-15,50904
Green,古亭,#008859,2024-05-15,9427
Green,中正紀念堂,#008859,2024-05-15,40322
Green,小南門,#008859,2024-05-15,15754
Green,西門,#008859,2024-05-15,10944
Green,北門,#008859,2024-05-15,59710
Green,中山,#008859,2024-05-15,19460
Green,新店,#008859,2024-05-16,56819
Green,新店區公所,#008859,2024-05-16,47296
Green,七張,#008859,2024-05-16,8624
Green,小碧潭,#008859,2024-05-16,45677
Green,大坪林,#008859,2024-05-16,77592
Green,景美,#008859,2024-05-16,8800
Green,萬隆,#008859,2024-05-16,46674
Green,公館,#008859,2024-05-16,19293
Green,台電大樓,#008859,2024-05-16,36051
Green,古亭,#008859,2024-05-16,5555
Green,中正紀念堂,#008859,2024-05-16,1663
Green,小南門,#008859,2024-05-16,33820
Green,西門,#008859,2024-05-16,12146
Green,北門,#008859,2024-05-16,25809
Green,中山,#008859,2024-05-16,86443
Green,新店,#008859,2024-05-17,30143
Green,新店區公所,#008859,2024-05-17,37597
Green,七張,#008859,2024-05-17,35807
Green,小碧潭,#008859,2024-05-17,45541
Green,大坪林,#008859,2024-05-17,59440
Green,景美,#008859,2024-05-17,73584
Green,萬隆,#008859,2024-05-17,56311
Green,公館,#008859,2024-05-17,20322
Green,台電大樓,#008859,2024-05-17,32438
Green,古亭,#008859,2024-05-17,77505
Green,中正紀念堂,#008859,2024-05-17,15003
Green,小南門,#008859,2024-05-17,82446
Green,西門,#008859,2024-05-17,88873
Green,北門,#008859,2024-05-17,64328
Green,中山,#008859,2024-05-17,28001
Green,新店,#008859,2024-05-18,26564
Green,新店區公所,#008859,2024-05-18,24560
Green,七張,#008859,2024-05-18,17014
Green,小碧潭,#008859,2024-05-18,34833
Green,大坪林,#008859,2024-05-18,88982
Green,景美,#008859,2024-05-18,89206
Green,萬隆,#008859,2024-05-18,89396
Green,公館,#008859,2024-05-18,32191
Green,台電大樓,#008859,2024-05-18,16737
Green,古亭,#008859,2024-05-18,19139
Green,中正紀念堂,#008859,2024-05-18,33176
Green,小南門,#008859,2024-05-18,44365
Green,西門,#008859,2024-05-18,22206
Green,北門,#008859,2024-05-18,3221
Green,中山,#008859,2024-05-18,34221
Green,新店,#008859,2024-05-19,72474
Green,新店區公所,#008859,2024-05-19,52171
Green,七張,#008859,2024-05-19,83713
Green,小碧潭,#008859,2024-05-19,53015
Green,大坪林,#008859,2024-05-19,75028
Green,景美,#008859,2024-05-19,19654
Green,萬隆,#008859,2024-05-19,18161
Green,公館,#008859,2024-05-19,82660
Green,台電大樓,#008859,2024-05-19,58679
Green,古亭,#008859,2024-05-19,10257
Green,中正紀念堂,#008859,2024-05-19,64805
Green,小南門,#008859,2024-05-19,14355
Green,西門,#008859,2024-05-19,33364
Green,北門,#008859,2024-05-19,72902
Green,中山,#008859,2024-05-19,26808
Green,新店,#008859,2024-05-20,74997
Green,新店區公所,#008859,2024-05-20,55115
Green,七張,#008859,2024-05-20,43187
Green,小碧潭,#008859,2024-05-20,46438
Green,大坪林,#008859,2024-05-20,64060
Green,景美,#008859,2024-05-20,12700
Green,萬隆,#008859,2024-05-20,2843
Green,公館,#008859,2024-05-20,19792
Green,台電大樓,#008859,2024-05-20,35878
Green,古亭,#008859,2024-05-20,41792
Green,中正紀念堂,#008859,2024-05-20,37075
Green,小南門,#008859,2024-05-20,35229
Green,西門,#008859,2024-05-20,45277
Green,北門,#008859,2024-05-20,15766
Green,中山,#008859,2024-05-20,37547
Green,新店,#008859,2024-05-21,80585
Green,新店區公所,#008859,2024-05-21,49633
Green,七張,#008859,2024-05-21,63837
Green,小碧潭,#008859,2024-05-21,17447
Green,大坪林,#008859,2024-05-21,53090
Green,景美,#008859,2024-05-21,59462
Green,萬隆,#008859,2024-05-21,45693
Green,公館,#008859,2024-05-21,64861
Green,台電大樓,#008859,2024-05-21,22929
Green,古亭,#008859,2024-05-21,61933
Green,中正紀念堂,#008859,2024-05-21,13171
Green,小南門,#008859,2024-05-21,21221
Green,西門,#008859,2024-05-21,6498
Green,北門,#008859,2024-05-21,75185
Green,中山,#008859,2024-05-21,24372
Green,新店,#008859,2024-05-22,80400
Green,新店區公所,#008859,2024-05-22,62019
Green,七張,#008859,2024-05-22,60562
Green,小碧潭,#008859,2024-05-22,8157
Green,大坪林,#008859,2024-05-22,80219
Green,景美,#008859,2024-05-22,34748
Green,萬隆,#008859,2024-05-22,33309
Green,公館,#008859,2024-05-22,26422
Green,台電大樓,#008859,2024-05-22,56086
Green,古亭,#008859,2024-05-22,78452
Green,中正紀念堂,#008859,2024-05-22,4934
Green,小南門,#008859,2024-05-22,21428
Green,西門,#008859,2024-05-22,85301
Green,北門,#008859,2024-05-22,18604
Green,中山,#008859,2024-05-22,70224
Green,新店,#008859,2024-05-23,14525
Green,新店區公所,#008859,2024-05-23,64224
Green,七張,#008859,2024-05-23,79657
Green,小碧潭,#008859,2024-05-23,58682
Green,大坪林,#008859,2024-05-23,54684
Green,景美,#008859,2024-05-23,34481
Green,萬隆,#008859,2024-05-23,22905
Green,公館,#008859,2024-05-23,88149
Green,台電大樓,#008859,2024-05-23,53297
Green,古亭,#008859,2024-05-23,53348
Green,中正紀念堂,#008859,2024-05-23,55829
Green,小南門,#008859,2024-05-23,47932
Green,西門,#008859,2024-05-23,45633
Green,北門,#008859,2024-05-23,17674
Green,中山,#008859,2024-05-23,76720
Green,新店,#008859,2024-05-24,22361
Green,新店區公所,#008859,2024-05-24,22462
Green,七張,#008859,2024-05-24,42713
Green,小碧潭,#008859,2024-05-24,61111
Green,大坪林,#008859,2024-05-24,52944
Green,景美,#008859,2024-05-24,34224
Green,萬隆,#008859,2024-05-24,57541
Green,公館,#008859,2024-05-24,2532
Green,台電大樓,#008859,2024-05-24,7768
Green,古亭,#008859,2024-05-24,20739
Green,中正紀念堂,#008859,2024-05-24,30414
Green,小南門,#008859,2024-05-24,85258
Green,西門,#008859,2024-05-24,63469
Green,北門,#008859,2024-05-24,70099
Green,中山,#008859,2024-05-24,78861
Green,新店,#008859,2024-05-25,46260
Green,新店區公所,#008859,2024-05-25,26343
Green,七張,#008859,2024-05-25,84974
Green,小碧潭,#008859,2024-05-25,9740
Green,大坪林,#008859,2024-05-25,14046
Green,景美,#008859,2024-05-25,81389
Green,萬隆,#008859,2024-05-25,27351
Green,公館,#008859,2024-05-25,51858
Green,台電大樓,#008859,2024-05-25,32158
Green,古亭,#008859,2024-05-25,40529
Green,中正紀念堂,#008859,2024-05-25,39192
Green,小南門,#008859,2024-05-25,7331
Green,西門,#008859,2024-05-25,19768
Green,北門,#008859,2024-05-25,82255
Green,中山,#008859,2024-05-25,82764
Green,新店,#008859,2024-05-26,71114
Green,新店區公所,#008859,2024-05-26,61070
Green,七張,#008859,2024-05-26,44854
Green,小碧潭,#008859,2024-05-26,45935
Green,大坪林,#008859,2024-05-26,50903
Green,景美,#008859,2024-05-26,13334
Green,萬隆,#008859,2024-05-26,26701
Green,公館,#008859,2024-05-26,56572
Green,台電大樓,#008859,2024-05-26,87318
Green,古亭,#008859,2024-05-26,80922
Green,中正紀念堂,#008859,2024-05-26,60032
Green,小南門,#008859,2024-05-26,19137
Green,西門,#008859,2024-05-26,51495
Green,北門,#008859,2024-05-26,44836
Green,中山,#008859,2024-05-26,24007
Green,新店,#008859,2024-05-27,21723
Green,新店區公所,#008859,2024-05-27,60712
Green,七張,#008859,2024-05-27,84261
Green,小碧潭,#008859,2024-05-27,85208
Green,大坪林,#008859,2024-05-27,9756
Green,景美,#008859,2024-05-27,45710
Green,萬隆,#008859,2024-05-27,44207
Green,公館,#008859,2024-05-27,12476
Green,台電大樓,#008859,2024-05-27,49115
Green,古亭,#008859,2024-05-27,15599
Green,中正紀念堂,#008859,2024-05-27,74700
Green,小南門,#008859,2024-05-27,34547
Green,西門,#008859,2024-05-27,26288
Green,北門,#008859,2024-05-27,42030
Green,中山,#008859,2024-05-27,64353
Green,新店,#008859,2024-05-28,56481
Green,新店區公所,#008859,2024-05-28,63716
Green,七張,#008859,2024-05-28,31817
Green,小碧潭,#008859,2024-05-28,5599
Green,大坪林,#008859,2024-05-28,30941
Green,景美,#008859,2024-05-28,4902
Green,萬隆,#008859,2024-05-28,63020
Green,公館,#008859,2024-05-28,13435
Green,台電大樓,#008859,2024-05-28,77014
Green,古亭,#008859,2024-05-28,57757
Green,中正紀念堂,#008859,2024-05-28,24343
Green,小南門,#008859,2024-05-28,65405
Green,西門,#008859,2024-05-28,34953
Green,北門,#008859,2024-05-28,4921
Green,中山,#008859,2024-05-28,31812
Green,新店,#008859,2024-05-29,59715
Green,新店區公所,#008859,2024-05-29,25704
Green,七張,#008859,2024-05-29,52968
Green,小碧潭,#008859,2024-05-29,36015
Green,大坪林,#008859,2024-05-29,78580
Green,景美,#008859,2024-05-29,7685
Green,萬隆,#008859,2024-05-29,3597
Green,公館,#008859,2024-05-29,81382
Green,台電大樓,#008859,2024-05-29,25632
Green,古亭,#008859,2024-05-29,37466
Green,中正紀念堂,#008859,2024-05-29,80050
Green,小南門,#008859,2024-05-29,45410
Green,西門,#008859,2024-05-29,1718
Green,北門,#008859,2024-05-29,32926
Green,中山,#008859,2024-05-29,77659
Green,新店,#008859,2024-05-30,76754
Green,新店區公所,#008859,2024-05-30,44141
Green,七張,#008859,2024-05-30,12919
Green,小碧潭,#008859,2024-05-30,10184
Green,大坪林,#008859,2024-05-30,12568
Green,景美,#008859,2024-05-30,54461
Green,萬隆,#008859,2024-05-30,14805
Green,公館,#008859,2024-05-30,78946
Green,台電大樓,#008859,2024-05-30,59384
Green,古亭,#008859,2024-05-30,36624
Green,中正紀念堂,#008859,2024-05-30,60182
Green,小南門,#008859,2024-05-30,88780
Green,西門,#008859,2024-05-30,59484
Green,北門,#008859,2024-05-30,55526
Green,中山,#008859,2024-05-30,36967
Green,新店,#008859,2024-05-31,29300
Green,新店區公所,#008859,2024-05-31,37622
Green,七張,#008859,2024-05-31,25609
Green,小碧潭,#008859,2024-05-31,11457
Green,大坪林,#008859,2024-05-31,86988
Green,景美,#008859,2024-05-31,5441
Green,萬隆,#008859,2024-05-31,19815
Green,公館,#008859,2024-05-31,66513
Green,台電大樓,#008859,2024-05-31,59388
Green,古亭,#008859,2024-05-31,39521
Green,中正紀念堂,#008859,2024-05-31,67236
Green,小南門,#008859,2024-05-31,41706
Green,西門,#008859,2024-05-31,1223
Green,北門,#008859,2024-05-31,45012
Green,中山,#008859,2024-05-31,37982
Green,新店,#008859,2024-06-01,52252
Green,新店區公所,#008859,2024-06-01,37929
Green,七張,#008859,2024-06-01,28206
Green,小碧潭,#008859,2024-06-01,22791
Green,大坪林,#008859,2024-06-01,4051
Green,景美,#008859,2024-06-01,50867
Green,萬隆,#008859,2024-06-01,56443
Green,公館,#008859,2024-06-01,11603
Green,台電大樓,#008859,2024-06-01,85208
Green,古亭,#008859,2024-06-01,4598
Green,中正紀念堂,#008859,2024-06-01,15897
Green,小南門,#008859,2024-06-01,16046
Green,西門,#008859,2024-06-01,89484
Green,北門,#008859,2024-06-01,17387
Green,中山,#008859,2024-06-01,65568
Green,新店,#008859,2024-06-02,82993
Green,新店區公所,#008859,2024-06-02,85317
Green,七張,#008859,2024-06-02,84339
Green,小碧潭,#008859,2024-06-02,88111
Green,大坪林,#008859,2024-06-02,22926
Green,景美,#008859,2024-06-02,62871
Green,萬隆,#008859,2024-06-02,3697
Green,公館,#008859,2024-06-02,82382
Green,台電大樓,#008859,2024-06-02,61417
Green,古亭,#008859,2024-06-02,36957
Green,中正紀念堂,#008859,2024-06-02,24924
Green,小南門,#008859,2024-06-02,53753
Green,西門,#008859,2024-06-02,58499
Green,北門,#008859,2024-06-02,37723
Green,中山,#008859,2024-06-02,37490
Green,新店,#008859,2024-06-03,76188
Green,新店區公所,#008859,2024-06-03,72014
Green,七張,#008859,2024-06-03,11491
Green,小碧潭,#008859,2024-06-03,65146
Green,大坪林,#008859,2024-06-03,72933
Green,景美,#008859,2024-06-03,51757
Green,萬隆,#008859,2024-06-03,13295
Green,公館,#008859,2024-06-03,11732
Green,台電大樓,#008859,2024-06-03,10954
Green,古亭,#008859,2024-06-03,79409
Green,中正紀念堂,#008859,2024-06-03,67748
Green,小南門,#008859,2024-06-03,41409
Green,西門,#008859,2024-06-03,78251
Green,北門,#008859,2024-06-03,36484
Green,中山,#008859,2024-06-03,45954
Green,新店,#008859,2024-06-04,9777
Green,新店區公所,#008859,2024-06-04,72081
Green,七張,#008859,2024-06-04,60800
Green,小碧潭,#008859,2024-06-04,1507
Green,大坪林,#008859,2024-06-04,39803
Green,景美,#008859,2024-06-04,69853
Green,萬隆,#008859,2024-06-04,57122
Green,公館,#008859,2024-06-04,47115
Green,台電大樓,#008859,2024-06-04,69152
Green,古亭,#008859,2024-06-04,54793
Green,中正紀念堂,#008859,2024-06-04,22370
Green,小南門,#008859,2024-06-04,49783
Green,西門,#008859,2024-06-04,72601
Green,北門,#008859,2024-06-04,7239
Green,中山,#008859,2024-06-04,16897
Green,新店,#008859,2024-06-05,58188
Green,新店區公所,#008859,2024-06-05,84068
Green,七張,#008859,2024-06-05,62148
Green,小碧潭,#008859,2024-06-05,15077
Green,大坪林,#008859,2024-06-05,84492
Green,景美,#008859,2024-06-05,31865
Green,萬隆,#008859,2024-06-05,46800
Green,公館,#008859,2024-06-05,63174
Green,台電大樓,#008859,2024-06-05,24551
Green,古亭,#008859,2024-06-05,14593
Green,中正紀念堂,#008859,2024-06-05,7073
Green,小南門,#008859,2024-06-05,58345
Green,西門,#008859,2024-06-05,28763
Green,北門,#008859,2024-06-05,88796
Green,中山,#008859,2024-06-05,56467
Green,新店,#008859,2024-06-06,11402
Green,新店區公所,#008859,2024-06-06,37250
Green,七張,#008859,2024-06-06,53765
Green,小碧潭,#008859,2024-06-06,46256
Green,大坪林,#008859,2024-06-06,26169
Green,景美,#008859,2024-06-06,72999
Green,萬隆,#008859,2024-06-06,41437
Green,公館,#008859,2024-06-06,57783
Green,台電大樓,#008859,2024-06-06,70402
Green,古亭,#008859,2024-06-06,87345
Green,中正紀念堂,#008859,2024-06-06,47789
Green,小南門,#008859,2024-06-06,64737
Green,西門,#008859,2024-06-06,22168
Green,北門,#008859,2024-06-06,3093
Green,中山,#008859,2024-06-06,6404
Green,新店,#008859,2024-06-07,74013
Green,新店區公所,#008859,2024-06-07,68786
Green,七張,#008859,2024-06-07,70194
Green,小碧潭,#008859,2024-06-07,40838
Green,大坪林,#008859,2024-06-07,82869
Green,景美,#008859,2024-06-07,11352
Green,萬隆,#008859,2024-06-07,76130
Green,公館,#008859,2024-06-07,70074
Green,台電大樓,#008859,2024-06-07,36841
Green,古亭,#008859,2024-06-07,31238
Green,中正紀念堂,#008859,2024-06-07,36379
Green,小南門,#008859,2024-06-07,46541
Green,西門,#008859,2024-06-07,49994
Green,北門,#008859,2024-06-07,66558
Green,中山,#008859,2024-06-07,89108
Green,新店,#008859,2024-06-08,34207
Green,新店區公所,#008859,2024-06-08,82926
Green,七張,#008859,2024-06-08,6418
Green,小碧潭,#008859,2024-06-08,60384
Green,大坪林,#008859,2024-06-08,75411
Green,景美,#008859,2024-06-08,82014
Green,萬隆,#008859,2024-06-08,16407
Green,公館,#008859,2024-06-08,21431
Green,台電大樓,#008859,2024-06-08,27428
Green,古亭,#008859,2024-06-08,89640
Green,中正紀念堂,#008859,2024-06-08,69308
Green,小南門,#008859,2024-06-08,45573
Green,西門,#008859,2024-06-08,12375
Green,北門,#008859,2024-06-08,72560
Green,中山,#008859,2024-06-08,60102
Green,新店,#008859,2024-06-09,69423
Green,新店區公所,#008859,2024-06-09,12258
Green,七張,#008859,2024-06-09,58587
Green,小碧潭,#008859,2024-06-09,35548
Green,大坪林,#008859,2024-06-09,54156
Green,景美,#008859,2024-06-09,66834
Green,萬隆,#008859,2024-06-09,39122
Green,公館,#008859,2024-06-09,70903
Green,台電大樓,#008859,2024-06-09,47391
Green,古亭,#008859,2024-06-09,43019
Green,中正紀念堂,#008859,2024-06-09,46076
Green,小南門,#008859,2024-06-09,35068
Green,西門,#008859,2024-06-09,11456
Green,北門,#008859,2024-06-09,9012
Green,中山,#008859,2024-06-09,45421
Green,新店,#008859,2024-06-10,50788
Green,新店區公所,#008859,2024-06-10,88778
Green,七張,#008859,2024-06-10,2592
Green,小碧潭,#008859,2024-06-10,59343
Green,大坪林,#008859,2024-06-10,28422
Green,景美,#008859,2024-06-10,70364
Green,萬隆,#008859,2024-06-10,86550
Green,公館,#008859,2024-06-10,30846
Green,台電大樓,#008859,2024-06-10,39974
Green,古亭,#008859,2024-06-10,33267
Green,中正紀念堂,#008859,2024-06-10,73754
Green,小南門,#008859,2024-06-10,75129
Green,西門,#008859,2024-06-10,53944
Green,北門,#008859,2024-06-10,24394
Green,中山,#008859,2024-06-10,45551
Green,新店,#008859,2024-06-11,48457
Green,新店區公所,#008859,2024-06-11,80338
Green,七張,#008859,2024-06-11,47853
Green,小碧潭,#008859,2024-06-11,37571
Green,大坪林,#008859,2024-06-11,31440
Green,景美,#008859,2024-06-11,26336
Green,萬隆,#008859,2024-06-11,89801
Green,公館,#008859,2024-06-11,44987
Green,台電大樓,#008859,2024-06-11,49168
Green,古亭,#008859,2024-06-11,59630
Green,中正紀念堂,#008859,2024-06-11,17968
Green,小南門,#008859,2024-06-11,72142
Green,西門,#008859,2024-06-11,51150
Green,北門,#008859,2024-06-11,34478
Green,中山,#008859,2024-06-11,3264
Green,新店,#008859,2024-06-12,55131
Green,新店區公所,#008859,2024-06-12,8532
Green,七張,#008859,2024-06-12,73178
Green,小碧潭,#008859,2024-06-12,14250
Green,大坪林,#008859,2024-06-12,8560
Green,景美,#008859,2024-06-12,34617
Green,萬隆,#008859,2024-06-12,80502
Green,公館,#008859,2024-06-12,71995
Green,台電大樓,#008859,2024-06-12,62406
Green,古亭,#008859,2024-06-12,34232
Green,中正紀念堂,#008859,2024-06-12,79788
Green,小南門,#008859,2024-06-12,74759
Green,西門,#008859,2024-06-12,28549
Green,北門,#008859,2024-06-12,45026
Green,中山,#008859,2024-06-12,1485
Green,新店,#008859,2024-06-13,32904
Green,新店區公所,#008859,2024-06-13,55855
Green,七張,#008859,2024-06-13,8017
Green,小碧潭,#008859,2024-06-13,52651
Green,大坪林,#008859,2024-06-13,1237
Green,景美,#008859,2024-06-13,62247
Green,萬隆,#008859,2024-06-13,43727
Green,公館,#008859,2024-06-13,15770
Green,台電大樓,#008859,2024-06-13,47896
Green,古亭,#008859,2024-06-13,45954
Green,中正紀念堂,#008859,2024-06-13,84659
Green,小南門,#008859,2024-06-13,70509
Green,西門,#008859,2024-06-13,6518
Green,北門,#008859,2024-06-13,16091
Green,中山,#008859,2024-06-13,27929
Green,新店,#008859,2024-06-14,59228
Green,新店區公所,#008859,2024-06-14,89182
Green,七張,#008859,2024-06-14,4289
Green,小碧潭,#008859,2024-06-14,5747
Green,大坪林,#008859,2024-06-14,82062
Green,景美,#008859,2024-06-14,50066
Green,萬隆,#008859,2024-06-14,68941
Green,公館,#008859,2024-06-14,85181
Green,台電大樓,#008859,2024-06-14,48387
Green,古亭,#008859,2024-06-14,61818
Green,中正紀念堂,#008859,2024-06-14,84707
Green,小南門,#008859,2024-06-14,15250
Green,西門,#008859,2024-06-14,70428
Green,北門,#008859,2024-06-14,8858
Green,中山,#008859,2024-06-14,50330
Green,新店,#008859,2024-06-15,45413
Green,新店區公所,#008859,2024-06-15,41306
Green,七張,#008859,2024-06-15,42378
Green,小碧潭,#008859,2024-06-15,77724
Green,大坪林,#008859,2024-06-15,3057
Green,景美,#008859,2024-06-15,15820
Green,萬隆,#008859,2024-06-15,12507
Green,公館,#008859,2024-06-15,47036
Green,台電大樓,#008859,2024-06-15,78760
Green,古亭,#008859,2024-06-15,21652
Green,中正紀念堂,#008859,2024-06-15,70716
Green,小南門,#008859,2024-06-15,27135
Green,西門,#008859,2024-06-15,68002
Green,北門,#008859,2024-06-15,30182
Green,中山,#008859,2024-06-15,46152
Green,新店,#008859,2024-06-16,59117
Green,新店區公所,#008859,2024-06-16,43971
Green,七張,#008859,2024-06-16,7046
Green,小碧潭,#008859,2024-06-16,21866
Green,大坪林,#008859,2024-06-16,10475
Green,景美,#008859,2024-06-16,60805
Green,萬隆,#008859,2024-06-16,30782
Green,公館,#008859,2024-06-16,70780
Green,台電大樓,#008859,2024-06-16,42682
Green,古亭,#008859,2024-06-16,59761
Green,中正紀念堂,#008859,2024-06-16,63683
Green,小南門,#008859,2024-06-16,45488
Green,西門,#008859,2024-06-16,20977
Green,北門,#008859,2024-06-16,86115
Green,中山,#008859,2024-06-16,22749
Green,新店,#008859,2024-06-17,26133
Green,新店區公所,#008859,2024-06-17,55921
Green,七張,#008859,2024-06-17,3622
Green,小碧潭,#008859,2024-06-17,19722
Green,大坪林,#008859,2024-06-17,31837
Green,景美,#008859,2024-06-17,67072
Green,萬隆,#008859,2024-06-17,84024
Green,公館,#008859,2024-06-17,74857
Green,台電大樓,#008859,2024-06-17,69344
Green,古亭,#008859,2024-06-17,21425
Green,中正紀念堂,#008859,2024-06-17,4747
Green,小南門,#008859,2024-06-17,81712
Green,西門,#008859,2024-06-17,29699
Green,北門,#008859,2024-06-17,22216
Green,中山,#008859,2024-06-17,14916
Green,新店,#008859,2024-06-18,52982
Green,新店區公所,#008859,2024-06-18,58017
Green,七張,#008859,2024-06-18,23651
Green,小碧潭,#008859,2024-06-18,59972
Green,大坪林,#008859,2024-06-18,12871
Green,景美,#008859,2024-06-18,76291
Green,萬隆,#008859,2024-06-18,46637
Green,公館,#008859,2024-06-18,6324
Green,台電大樓,#008859,2024-06-18,19738
Green,古亭,#008859,2024-06-18,58382
Green,中正紀念堂,#008859,2024-06-18,9915
Green,小南門,#008859,2024-06-18,89233
Green,西門,#008859,2024-06-18,53278
Green,北門,#008859,2024-06-18,39274
Green,中山,#008859,2024-06-18,49228
Green,新店,#008859,2024-06-19,5921
Green,新店區公所,#008859,2024-06-19,1653
Green,七張,#008859,2024-06-19,83683
Green,小碧潭,#008859,2024-06-19,24263
Green,大坪林,#008859,2024-06-19,25849
Green,景美,#008859,2024-06-19,1218
Green,萬隆,#008859,2024-06-19,3769
Green,公館,#008859,2024-06-19,18608
Green,台電大樓,#008859,2024-06-19,63149
Green,古亭,#008859,2024-06-19,45003
Green,中正紀念堂,#008859,2024-06-19,86754
Green,小南門,#008859,2024-06-19,55201
Green,西門,#008859,2024-06-19,76397
Green,北門,#008859,2024-06-19,19716
Green,中山,#008859,2024-06-19,8927
Green,新店,#008859,2024-06-20,29449
Green,新店區公所,#008859,2024-06-20,85855
Green,七張,#008859,2024-06-20,77595
Green,小碧潭,#008859,2024-06-20,2387
Green,大坪林,#008859,2024-06-20,13113
Green,景美,#008859,2024-06-20,25670
Green,萬隆,#008859,2024-06-20,52156
Green,公館,#008859,2024-06-20,73731
Green,台電大樓,#008859,2024-06-20,75949
Green,古亭,#008859,2024-06-20,74958
Green,中正紀念堂,#008859,2024-06-20,6126
Green,小南門,#008859,2024-06-20,88380
Green,西門,#008859,2024-06-20,19302
Green,北門,#008859,2024-06-20,27595
Green,中山,#008859,2024-06-20,46907
Green,新店,#008859,2024-06-21,8793
Green,新店區公所,#008859,2024-06-21,80532
Green,七張,#008859,2024-06-21,79701
Green,小碧潭,#008859,2024-06-21,82201
Green,大坪林,#008859,2024-06-21,42075
Green,景美,#008859,2024-06-21,70881
Green,萬隆,#008859,2024-06-21,88602
Green,公館,#008859,2024-06-21,3183
Green,台電大樓,#008859,2024-06-21,26224
Green,古亭,#008859,2024-06-21,34441
Green,中正紀念堂,#008859,2024-06-21,31271
Green,小南門,#008859,2024-06-21,24229
Green,西門,#008859,2024-06-21,9383
Green,北門,#008859,2024-06-21,80972
Green,中山,#008859,2024-06-21,4489
Green,新店,#008859,2024-06-22,24644
Green,新店區公所,#008859,2024-06-22,79189
Green,七張,#008859,2024-06-22,23856
Green,小碧潭,#008859,2024-06-22,74744
Green,大坪林,#008859,2024-06-22,7108
Green,景美,#008859,2024-06-22,23921
Green,萬隆,#008859,2024-06-22,76929
Green,公館,#008859,2024-06-22,66531
Green,台電大樓,#008859,2024-06-22,51096
Green,古亭,#008859,2024-06-22,39633
Green,中正紀念堂,#008859,2024-06-22,55874
Green,小南門,#008859,2024-06-22,5591
Green,西門,#008859,2024-06-22,45658
Green,北門,#008859,2024-06-22,50420
Green,中山,#008859,2024-06-22,40188
Green,新店,#008859,2024-06-23,20078
Green,新店區公所,#008859,2024-06-23,52450
Green,七張,#008859,2024-06-23,31709
Green,小碧潭,#008859,2024-06-23,4055
Green,大坪林,#008859,2024-06-23,40137
Green,景美,#008859,2024-06-23,78352
Green,萬隆,#008859,2024-06-23,87676
Green,公館,#008859,2024-06-23,46941
Green,台電大樓,#008859,2024-06-23,55035
Green,古亭,#008859,2024-06-23,35845
Green,中正紀念堂,#008859,2024-06-23,80665
Green,小南門,#008859,2024-06-23,7271
Green,西門,#008859,2024-06-23,67617
Green,北門,#008859,2024-06-23,13604
Green,中山,#008859,2024-06-23,55465
Green,新店,#008859,2024-06-24,64937
Green,新店區公所,#008859,2024-06-24,27622
Green,七張,#008859,2024-06-24,50039
Green,小碧潭,#008859,2024-06-24,59931
Green,大坪林,#008859,2024-06-24,74538
Green,景美,#008859,2024-06-24,3180
Green,萬隆,#008859,2024-06-24,31648
Green,公館,#008859,2024-06-24,25301
Green,台電大樓,#008859,2024-06-24,4597
Green,古亭,#008859,2024-06-24,84814
Green,中正紀念堂,#008859,2024-06-24,56406
Green,小南門,#008859,2024-06-24,22077
Green,西門,#008859,2024-06-24,65802
Green,北門,#008859,2024-06-24,28521
Green,中山,#008859,2024-06-24,83165
Green,新店,#008859,2024-06-25,73201
Green,新店區公所,#008859,2024-06-25,66948
Green,七張,#008859,2024-06-25,71878
Green,小碧潭,#008859,2024-06-25,25690
Green,大坪林,#008859,2024-06-25,33432
Green,景美,#008859,2024-06-25,21789
Green,萬隆,#008859,2024-06-25,73192
Green,公館,#008859,2024-06-25,38067
Green,台電大樓,#008859,2024-06-25,19344
Green,古亭,#008859,2024-06-25,61537
Green,中正紀念堂,#008859,2024-06-25,15542
Green,小南門,#008859,2024-06-25,33591
Green,西門,#008859,2024-06-25,17854
Green,北門,#008859,2024-06-25,3147
Green,中山,#008859,2024-06-25,82527
Green,新店,#008859,2024-06-26,82447
Green,新店區公所,#008859,2024-06-26,49391
Green,七張,#008859,2024-06-26,48621
Green,小碧潭,#008859,2024-06-26,53263
Green,大坪林,#008859,2024-06-26,32899
Green,景美,#008859,2024-06-26,65836
Green,萬隆,#008859,2024-06-26,26379
Green,公館,#008859,2024-06-26,84441
Green,台電大樓,#008859,2024-06-26,67099
Green,古亭,#008859,2024-06-26,21605
Green,中正紀念堂,#008859,2024-06-26,67790
Green,小南門,#008859,2024-06-26,15247
Green,西門,#008859,2024-06-26,48870
Green,北門,#008859,2024-06-26,24826
Green,中山,#008859,2024-06-26,74189
Green,新店,#008859,2024-06-27,53208
Green,新店區公所,#008859,2024-06-27,74978
Green,七張,#008859,2024-06-27,58896
Green,小碧潭,#008859,2024-06-27,8234
Green,大坪林,#008859,2024-06-27,85651
Green,景美,#008859,2024-06-27,44073
Green,萬隆,#008859,2024-06-27,55888
Green,公館,#008859,2024-06-27,68822
Green,台電大樓,#008859,2024-06-27,3215
Green,古亭,#008859,2024-06-27,54820
Green,中正紀念堂,#008859,2024-06-27,63938
Green,小南門,#008859,2024-06-27,31230
Green,西門,#008859,2024-06-27,44096
Green,北門,#008859,2024-06-27,35747
Green,中山,#008859,2024-06-27,62107
Green,新店,#008859,2024-06-28,62773
Green,新店區公所,#008859,2024-06-28,64851
Green,七張,#008859,2024-06-28,1134
Green,小碧潭,#008859,2024-06-28,29510
Green,大坪林,#008859,2024-06-28,60058
Green,景美,#008859,2024-06-28,82963
Green,萬隆,#008859,2024-06-28,59568
Green,公館,#008859,2024-06-28,71138
Green,台電大樓,#008859,2024-06-28,4949
Green,古亭,#008859,2024-06-28,24723
Green,中正紀念堂,#008859,2024-06-28,18647
Green,小南門,#008859,2024-06-28,65707
Green,西門,#008859,2024-06-28,35653
Green,北門,#008859,2024-06-28,76386
Green,中山,#008859,2024-06-28,16621
Green,新店,#008859,2024-06-29,49526
Green,新店區公所,#008859,2024-06-29,18218
Green,七張,#008859,2024-06-29,5439
Green,小碧潭,#008859,2024-06-29,85079
Green,大坪林,#008859,2024-06-29,58048
Green,景美,#008859,2024-06-29,18521
Green,萬隆,#008859,2024-06-29,41603
Green,公館,#008859,2024-06-29,88693
Green,台電大樓,#008859,2024-06-29,82729
Green,古亭,#008859,2024-06-29,51870
Green,中正紀念堂,#008859,2024-06-29,55349
Green,小南門,#008859,2024-06-29,79937
Green,西門,#008859,2024-06-29,61173
Green,北門,#008859,2024-06-29,73533
Green,中山,#008859,2024-06-29,20629
Green,新店,#008859,2024-06-30,11046
Green,新店區公所,#008859,2024-06-30,33978
Green,七張,#008859,2024-06-30,15563
Green,小碧潭,#008859,2024-06-30,13158
Green,大坪林,#008859,2024-06-30,53861
Green,景美,#008859,2024-06-30,79801
Green,萬隆,#008859,2024-06-30,30068
Green,公館,#008859,2024-06-30,33063
Green,台電大樓,#008859,2024-06-30,4208
Green,古亭,#008859,2024-06-30,63844
Green,中正紀念堂,#008859,2024-06-30,43421
Green,小南門,#008859,2024-06-30,80600
Green,西門,#008859,2024-06-30,71122
Green,北門,#008859,2024-06-30,5831
Green,中山,#008859,2024-06-30,18991
Green,新店,#008859,2024-07-01,55895
Green,新店區公所,#008859,2024-07-01,54333
Green,七張,#008859,2024-07-01,60969
Green,小碧潭,#008859,2024-07-01,78946
Green,大坪林,#008859,2024-07-01,18460
Green,景美,#008859,2024-07-01,20079
Green,萬隆,#008859,2024-07-01,32294
Green,公館,#008859,2024-07-01,72198
Green,台電大樓,#008859,2024-07-01,84906
Green,古亭,#008859,2024-07-01,78603
Green,中正紀念堂,#008859,2024-07-01,89475
Green,小南門,#008859,2024-07-01,41266
Green,西門,#008859,2024-07-01,32285
Green,北門,#008859,2024-07-01,53572
Green,中山,#008859,2024-07-01,73991
Green,新店,#008859,2024-07-02,10456
Green,新店區公所,#008859,2024-07-02,52744
Green,七張,#008859,2024-07-02,20332
Green,小碧潭,#008859,2024-07-02,47524
Green,大坪林,#008859,2024-07-02,16741
Green,景美,#008859,2024-07-02,67728
Green,萬隆,#008859,2024-07-02,17429
Green,公館,#008859,2024-07-02,56083
Green,台電大樓,#008859,2024-07-02,36016
Green,古亭,#008859,2024-07-02,18255
Green,中正紀念堂,#008859,2024-07-02,5177
Green,小南門,#008859,2024-07-02,3094
Green,西門,#008859,2024-07-02,48392
Green,北門,#008859,2024-07-02,45572
Green,中山,#008859,2024-07-02,16769
Green,新店,#008859,2024-07-03,31302
Green,新店區公所,#008859,2024-07-03,70689
Green,七張,#008859,2024-07-03,62270
Green,小碧潭,#008859,2024-07-03,75341
Green,大坪林,#008859,2024-07-03,86026
Green,景美,#008859,2024-07-03,33665
Green,萬隆,#008859,2024-07-03,84053
Green,公館,#008859,2024-07-03,57775
Green,台電大樓,#008859,2024-07-03,71223
Green,古亭,#008859,2024-07-03,37813
Green,中正紀念堂,#008859,2024-07-03,57224
Green,小南門,#008859,2024-07-03,49957
Green,西門,#008859,2024-07-03,36277
Green,北門,#008859,2024-07-03,68301
Green,中山,#008859,2024-07-03,33172
Green,新店,#008859,2024-07-04,89841
Green,新店區公所,#008859,2024-07-04,52164
Green,七張,#008859,2024-07-04,16877
Green,小碧潭,#008859,2024-07-04,59664
Green,大坪林,#008859,2024-07-04,36848
Green,景美,#008859,2024-07-04,68092
Green,萬隆,#008859,2024-07-04,42401
Green,公館,#008859,2024-07-04,18989
Green,台電大樓,#008859,2024-07-04,62624
Green,古亭,#008859,2024-07-04,36587
Green,中正紀念堂,#008859,2024-07-04,21068
Green,小南門,#008859,2024-07-04,61609
Green,西門,#008859,2024-07-04,45285
Green,北門,#008859,2024-07-04,60526
Green,中山,#008859,2024-07-04,13936
Green,新店,#008859,2024-07-05,82002
Green,新店區公所,#008859,2024-07-05,48360
Green,七張,#008859,2024-07-05,81262
Green,小碧潭,#008859,2024-07-05,8887
Green,大坪林,#008859,2024-07-05,45063
Green,景美,#008859,2024-07-05,83802
Green,萬隆,#008859,2024-07-05,77723
Green,公館,#008859,2024-07-05,71016
Green,台電大樓,#008859,2024-07-05,77731
Green,古亭,#008859,2024-07-05,22016
Green,中正紀念堂,#008859,2024-07-05,21626
Green,小南門,#008859,2024-07-05,66636
Green,西門,#008859,2024-07-05,64248
Green,北門,#008859,2024-07-05,57700
Green,中山,#008859,2024-07-05,58275
Green,新店,#008859,2024-07-06,48877
Green,新店區公所,#008859,2024-07-06,66372
Green,七張,#008859,2024-07-06,27910
Green,小碧潭,#008859,2024-07-06,82456
Green,大坪林,#008859,2024-07-06,35060
Green,景美,#008859,2024-07-06,13439
Green,萬隆,#008859,2024-07-06,53666
Green,公館,#008859,2024-07-06,68253
Green,台電大樓,#008859,2024-07-06,32120
Green,古亭,#008859,2024-07-06,17034
Green,中正紀念堂,#008859,2024-07-06,82450
Green,小南門,#008859,2024-07-06,89148
Green,西門,#008859,2024-07-06,41452
Green,北門,#008859,2024-07-06,23600
Green,中山,#008859,2024-07-06,59761
Green,新店,#008859,2024-07-07,75911
Green,新店區公所,#008859,2024-07-07,44782
Green,七張,#008859,2024-07-07,15697
Green,小碧潭,#008859,2024-07-07,67972
Green,大坪林,#008859,2024-07-07,10350
Green,景美,#008859,2024-07-07,49064
Green,萬隆,#008859,2024-07-07,67017
Green,公館,#008859,2024-07-07,8230
Green,台電大樓,#008859,2024-07-07,18495
Green,古亭,#008859,2024-07-07,25582
Green,中正紀念堂,#008859,2024-07-07,45114
Green,小南門,#008859,2024-07-07,62290
Green,西門,#008859,2024-07-07,33720
Green,北門,#008859,2024-07-07,26142
Green,中山,#008859,2024-07-07,66008
Green,新店,#008859,2024-07-08,86913
Green,新店區公所,#008859,2024-07-08,75951
Green,七張,#008859,2024-07-08,4531
Green,小碧潭,#008859,2024-07-08,44817
Green,大坪林,#008859,2024-07-08,59262
Green,景美,#008859,2024-07-08,20680
Green,萬隆,#008859,2024-07-08,34831
Green,公館,#008859,2024-07-08,51448
Green,台電大樓,#008859,2024-07-08,70751
Green,古亭,#008859,2024-07-08,36384
Green,中正紀念堂,#008859,2024-07-08,9987
Green,小南門,#008859,2024-07-08,82998
Green,西門,#008859,2024-07-08,12162
Green,北門,#008859,2024-07-08,72542
Green,中山,#008859,2024-07-08,6181
Green,新店,#008859,2024-07-09,58257
Green,新店區公所,#008859,2024-07-09,2104
Green,七張,#008859,2024-07-09,47584
Green,小碧潭,#008859,2024-07-09,21787
Green,大坪林,#008859,2024-07-09,82112
Green,景美,#008859,2024-07-09,37435
Green,萬隆,#008859,2024-07-09,66670
Green,公館,#008859,2024-07-09,63614
Green,台電大樓,#008859,2024-07-09,71361
Green,古亭,#008859,2024-07-09,64856
Green,中正紀念堂,#008859,2024-07-09,57943
Green,小南門,#008859,2024-07-09,36317
Green,西門,#008859,2024-07-09,62879
Green,北門,#008859,2024-07-09,87772
Green,中山,#008859,2024-07-09,41842
Green,新店,#008859,2024-07-10,1475
Green,新店區公所,#008859,2024-07-10,86027
Green,七張,#008859,2024-07-10,36915
Green,小碧潭,#008859,2024-07-10,25614
Green,大坪林,#008859,2024-07-10,7781
Green,景美,#008859,2024-07-10,33298
Green,萬隆,#008859,2024-07-10,55326
Green,公館,#008859,2024-07-10,24984
Green,台電大樓,#008859,2024-07-10,52958
Green,古亭,#008859,2024-07-10,70804
Green,中正紀念堂,#008859,2024-07-10,7506
Green,小南門,#008859,2024-07-10,85175
Green,西門,#008859,2024-07-10,17252
Green,北門,#008859,2024-07-10,30996
Green,中山,#008859,2024-07-10,1023
Green,新店,#008859,2024-07-11,80487
Green,新店區公所,#008859,2024-07-11,65891
Green,七張,#008859,2024-07-11,22775
Green,小碧潭,#008859,2024-07-11,47839
Green,大坪林,#008859,2024-07-11,54783
Green,景美,#008859,2024-07-11,63393
Green,萬隆,#008859,2024-07-11,7185
Green,公館,#008859,2024-07-11,34667
Green,台電大樓,#008859,2024-07-11,38030
Green,古亭,#008859,2024-07-11,17389
Green,中正紀念堂,#008859,2024-07-11,36434
Green,小南門,#008859,2024-07-11,5967
Green,西門,#008859,2024-07-11,1936
Green,北門,#008859,2024-07-11,14627
Green,中山,#008859,2024-07-11,57209
Green,新店,#008859,2024-07-12,40594
Green,新店區公所,#008859,2024-07-12,18283
Green,七張,#008859,2024-07-12,22227
Green,小碧潭,#008859,2024-07-12,66482
Green,大坪林,#008859,2024-07-12,71015
Green,景美,#008859,2024-07-12,82990
Green,萬隆,#008859,2024-07-12,74150
Green,公館,#008859,2024-07-12,53537
Green,台電大樓,#008859,2024-07-12,3650
Green,古亭,#008859,2024-07-12,53964
Green,中正紀念堂,#008859,2024-07-12,89652
Green,小南門,#008859,2024-07-12,59446
Green,西門,#008859,2024-07-12,78570
Green,北門,#008859,2024-07-12,4628
Green,中山,#008859,2024-07-12,89741
Green,新店,#008859,2024-07-13,6132
Green,新店區公所,#008859,2024-07-13,43136
Green,七張,#008859,2024-07-13,58156
Green,小碧潭,#008859,2024-07-13,37845
Green,大坪林,#008859,2024-07-13,24493
Green,景美,#008859,2024-07-13,25583
Green,萬隆,#008859,2024-07-13,22246
Green,公館,#008859,2024-07-13,6376
Green,台電大樓,#008859,2024-07-13,36380
Green,古亭,#008859,2024-07-13,78289
Green,中正紀念堂,#008859,2024-07-13,84145
Green,小南門,#008859,2024-07-13,60089
Green,西門,#008859,2024-07-13,66153
Green,北門,#008859,2024-07-13,69445
Green,中山,#008859,2024-07-13,88162
Green,新店,#008859,2024-07-14,85805
Green,新店區公所,#008859,2024-07-14,51425
Green,七張,#008859,2024-07-14,62878
Green,小碧潭,#008859,2024-07-14,79646
Green,大坪林,#008859,2024-07-14,53546
Green,景美,#008859,2024-07-14,89882
Green,萬隆,#008859,2024-07-14,43157
Green,公館,#008859,2024-07-14,47494
Green,台電大樓,#008859,2024-07-14,29854
Green,古亭,#008859,2024-07-14,70453
Green,中正紀念堂,#008859,2024-07-14,13166
Green,小南門,#008859,2024-07-14,13500
Green,西門,#008859,2024-07-14,37000
Green,北門,#008859,2024-07-14,60740
Green,中山,#008859,2024-07-14,71955
Green,新店,#008859,2024-07-15,77694
Green,新店區公所,#008859,2024-07-15,40331
Green,七張,#008859,2024-07-15,33656
Green,小碧潭,#008859,2024-07-15,16298
Green,大坪林,#008859,2024-07-15,6916
Green,景美,#008859,2024-07-15,32785
Green,萬隆,#008859,2024-07-15,18547
Green,公館,#008859,2024-07-15,30060
Green,台電大樓,#008859,2024-07-15,41300
Green,古亭,#008859,2024-07-15,15433
Green,中正紀念堂,#008859,2024-07-15,88454
Green,小南門,#008859,2024-07-15,47464
Green,西門,#008859,2024-07-15,62249
Green,北門,#008859,2024-07-15,82582
Green,中山,#008859,2024-07-15,53505
Green,新店,#008859,2024-07-16,18597
Green,新店區公所,#008859,2024-07-16,65841
Green,七張,#008859,2024-07-16,4733
Green,小碧潭,#008859,2024-07-16,49175
Green,大坪林,#008859,2024-07-16,16734
Green,景美,#008859,2024-07-16,4039
Green,萬隆,#008859,2024-07-16,37444
Green,公館,#008859,2024-07-16,12454
Green,台電大樓,#008859,2024-07-16,63897
Green,古亭,#008859,2024-07-16,3329
Green,中正紀念堂,#008859,2024-07-16,35173
Green,小南門,#008859,2024-07-16,46025
Green,西門,#008859,2024-07-16,5072
Green,北門,#008859,2024-07-16,38328
Green,中山,#008859,2024-07-16,22094
Green,新店,#008859,2024-07-17,54408
Green,新店區公所,#008859,2024-07-17,11793
Green,七張,#008859,2024-07-17,56521
Green,小碧潭,#008859,2024-07-17,87600
Green,大坪林,#008859,2024-07-17,62907
Green,景美,#008859,2024-07-17,44934
Green,萬隆,#008859,2024-07-17,34670
Green,公館,#008859,2024-07-17,64059
Green,台電大樓,#008859,2024-07-17,69956
Green,古亭,#008859,2024-07-17,49796
Green,中正紀念堂,#008859,2024-07-17,8169
Green,小南門,#008859,2024-07-17,53959
Green,西門,#008859,2024-07-17,49545
Green,北門,#008859,2024-07-17,79026
Green,中山,#008859,2024-07-17,3743
Green,新店,#008859,2024-07-18,33672
Green,新店區公所,#008859,2024-07-18,50447
Green,七張,#008859,2024-07-18,2543
Green,小碧潭,#008859,2024-07-18,89145
Green,大坪林,#008859,2024-07-18,69398
Green,景美,#008859,2024-07-18,31586
Green,萬隆,#008859,2024-07-18,44201
Green,公館,#008859,2024-07-18,87402
Green,台電大樓,#008859,2024-07-18,66791
Green,古亭,#008859,2024-07-18,9905
Green,中正紀念堂,#008859,2024-07-18,75689
Green,小南門,#008859,2024-07-18,84433
Green,西門,#008859,2024-07-18,70824
Green,北門,#008859,2024-07-18,28173
Green,中山,#008859,2024-07-18,45193
Green,新店,#008859,2024-07-19,9406
Green,新店區公所,#008859,2024-07-19,18433
Green,七張,#008859,2024-07-19,87029
Green,小碧潭,#008859,2024-07-19,66957
Green,大坪林,#008859,2024-07-19,29410
Green,景美,#008859,2024-07-19,28295
Green,萬隆,#008859,2024-07-19,25757
Green,公館,#008859,2024-07-19,58110
Green,台電大樓,#008859,2024-07-19,25827
Green,古亭,#008859,2024-07-19,2695
Green,中正紀念堂,#008859,2024-07-19,64751
Green,小南門,#008859,2024-07-19,18895
Green,西門,#008859,2024-07-19,64240
Green,北門,#008859,2024-07-19,66656
Green,中山,#008859,2024-07-19,34044
Green,新店,#008859,2024-07-20,52062
Green,新店區公所,#008859,2024-07-20,27488
Green,七張,#008859,2024-07-20,73312
Green,小碧潭,#008859,2024-07-20,46600
Green,大坪林,#008859,2024-07-20,33896
Green,景美,#008859,2024-07-20,71253
Green,萬隆,#008859,2024-07-20,67772
Green,公館,#008859,2024-07-20,17150
Green,台電大樓,#008859,2024-07-20,73378
Green,古亭,#008859,2024-07-20,38993
Green,中正紀念堂,#008859,2024-07-20,33988
Green,小南門,#008859,2024-07-20,8192
Green,西門,#008859,2024-07-20,84625
Green,北門,#008859,2024-07-20,59383
Green,中山,#008859,2024-07-20,79923
Green,新店,#008859,2024-07-21,87118
Green,新店區公所,#008859,2024-07-21,9560
Green,七張,#008859,2024-07-21,23999
Green,小碧潭,#008859,2024-07-21,14461
Green,大坪林,#008859,2024-07-21,84108
Green,景美,#008859,2024-07-21,33353
Green,萬隆,#008859,2024-07-21,41999
Green,公館,#008859,2024-07-21,46932
Green,台電大樓,#008859,2024-07-21,59991
Green,古亭,#008859,2024-07-21,13058
Green,中正紀念堂,#008859,2024-07-21,1553
Green,小南門,#008859,2024-07-21,30714
Green,西門,#008859,2024-07-21,16318
Green,北門,#008859,2024-07-21,17154
Green,中山,#008859,2024-07-21,89560
Green,新店,#008859,2024-07-22,2256
Green,新店區公所,#008859,2024-07-22,3852
Green,七張,#008859,2024-07-22,12171
Green,小碧潭,#008859,2024-07-22,4641
Green,大坪林,#008859,2024-07-22,66263
Green,景美,#008859,2024-07-22,33965
Green,萬隆,#008859,2024-07-22,63659
Green,公館,#008859,2024-07-22,79841
Green,台電大樓,#008859,2024-07-22,85187
Green,古亭,#008859,2024-07-22,40854
Green,中正紀念堂,#008859,2024-07-22,84028
Green,小南門,#008859,2024-07-22,78952
Green,西門,#008859,2024-07-22,24521
Green,北門,#008859,2024-07-22,32093
Green,中山,#008859,2024-07-22,86569
Green,新店,#008859,2024-07-23,74356
Green,新店區公所,#008859,2024-07-23,88437
Green,七張,#008859,2024-07-23,5190
Green,小碧潭,#008859,2024-07-23,20547
Green,大坪林,#008859,2024-07-23,69570
Green,景美,#008859,2024-07-23,45593
Green,萬隆,#008859,2024-07-23,71352
Green,公館,#008859,2024-07-23,76929
Green,台電大樓,#008859,2024-07-23,9358
Green,古亭,#008859,2024-07-23,23474
Green,中正紀念堂,#008859,2024-07-23,78592
Green,小南門,#008859,2024-07-23,13788
Green,西門,#008859,2024-07-23,23659
Green,北門,#008859,2024-07-23,5678
Green,中山,#008859,2024-07-23,63531
Green,新店,#008859,2024-07-24,41548
Green,新店區公所,#008859,2024-07-24,55286
Green,七張,#008859,2024-07-24,73226
Green,小碧潭,#008859,2024-07-24,10626
Green,大坪林,#008859,2024-07-24,48411
Green,景美,#008859,2024-07-24,75416
Green,萬隆,#008859,2024-07-24,26692
Green,公館,#008859,2024-07-24,26806
Green,台電大樓,#008859,2024-07-24,51756
Green,古亭,#008859,2024-07-24,50488
Green,中正紀念堂,#008859,2024-07-24,21357
Green,小南門,#008859,2024-07-24,59282
Green,西門,#008859,2024-07-24,2374
Green,北門,#008859,2024-07-24,55776
Green,中山,#008859,2024-07-24,77960
Green,新店,#008859,2024-07-25,89647
Green,新店區公所,#008859,2024-07-25,86765
Green,七張,#008859,2024-07-25,79219
Green,小碧潭,#008859,2024-07-25,44268
Green,大坪林,#008859,2024-07-25,61307
Green,景美,#008859,2024-07-25,35416
Green,萬隆,#008859,2024-07-25,53331
Green,公館,#008859,2024-07-25,50879
Green,台電大樓,#008859,2024-07-25,37731
Green,古亭,#008859,2024-07-25,57079
Green,中正紀念堂,#008859,2024-07-25,75489
Green,小南門,#008859,2024-07-25,64310
Green,西門,#008859,2024-07-25,62574
Green,北門,#008859,2024-07-25,10072
Green,中山,#008859,2024-07-25,29916
Green,新店,#008859,2024-07-26,10180
Green,新店區公所,#008859,2024-07-26,30037
Green,七張,#008859,2024-07-26,6130
Green,小碧潭,#008859,2024-07-26,28528
Green,大坪林,#008859,2024-07-26,79439
Green,景美,#008859,2024-07-26,82174
Green,萬隆,#008859,2024-07-26,66190
Green,公館,#008859,2024-07-26,43002
Green,台電大樓,#008859,2024-07-26,2215
Green,古亭,#008859,2024-07-26,11526
Green,中正紀念堂,#008859,2024-07-26,58266
Green,小南門,#008859,2024-07-26,2522
Green,西門,#008859,2024-07-26,36469
Green,北門,#008859,2024-07-26,18045
Green,中山,#008859,2024-07-26,37865
Green,新店,#008859,2024-07-27,54029
Green,新店區公所,#008859,2024-07-27,63414
Green,七張,#008859,2024-07-27,67051
Green,小碧潭,#008859,2024-07-27,56073
Green,大坪林,#008859,2024-07-27,20868
Green,景美,#008859,2024-07-27,67795
Green,萬隆,#008859,2024-07-27,10682
Green,公館,#008859,2024-07-27,74505
Green,台電大樓,#008859,2024-07-27,14077
Green,古亭,#008859,2024-07-27,89989
Green,中正紀念堂,#008859,2024-07-27,34901
Green,小南門,#008859,2024-07-27,21838
Green,西門,#008859,2024-07-27,50074
Green,北門,#008859,2024-07-27,86984
Green,中山,#008859,2024-07-27,66701
Green,新店,#008859,2024-07-28,66375
Green,新店區公所,#008859,2024-07-28,25054
Green,七張,#008859,2024-07-28,79361
Green,小碧潭,#008859,2024-07-28,75690
Green,大坪林,#008859,2024-07-28,65145
Green,景美,#008859,2024-07-28,59177
Green,萬隆,#008859,2024-07-28,33317
Green,公館,#008859,2024-07-28,69932
Green,台電大樓,#008859,2024-07-28,35259
Green,古亭,#008859,2024-07-28,83877
Green,中正紀念堂,#008859,2024-07-28,42928
Green,小南門,#008859,2024-07-28,68783
Green,西門,#008859,2024-07-28,28242
Green,北門,#008859,2024-07-28,37965
Green,中山,#008859,2024-07-28,23561
Green,新店,#008859,2024-07-29,28496
Green,新店區公所,#008859,2024-07-29,6359
Green,七張,#008859,2024-07-29,12283
Green,小碧潭,#008859,2024-07-29,73940
Green,大坪林,#008859,2024-07-29,25601
Green,景美,#008859,2024-07-29,3345
Green,萬隆,#008859,2024-07-29,48171
Green,公館,#008859,2024-07-29,18012
Green,台電大樓,#008859,2024-07-29,39131
Green,古亭,#008859,2024-07-29,68670
Green,中正紀念堂,#008859,2024-07-29,49282
Green,小南門,#008859,2024-07-29,20932
Green,西門,#008859,2024-07-29,72847
Green,北門,#008859,2024-07-29,19211
Green,中山,#008859,2024-07-29,37103
Green,新店,#008859,2024-07-30,37918
Green,新店區公所,#008859,2024-07-30,47243
Green,七張,#008859,2024-07-30,48886
Green,小碧潭,#008859,2024-07-30,4067
Green,大坪林,#008859,2024-07-30,21879
Green,景美,#008859,2024-07-30,65769
Green,萬隆,#008859,2024-07-30,49126
Green,公館,#008859,2024-07-30,84707
Green,台電大樓,#008859,2024-07-30,35320
Green,古亭,#008859,2024-07-30,47456
Green,中正紀念堂,#008859,2024-07-30,78031
Green,小南門,#008859,2024-07-30,59317
Green,西門,#008859,2024-07-30,2588
Green,北門,#008859,2024-07-30,39354
Green,中山,#008859,2024-07-30,13428
Green,新店,#008859,2024-07-31,32663
Green,新店區公所,#008859,2024-07-31,73090
Green,七張,#008859,2024-07-31,68660
Green,小碧潭,#008859,2024-07-31,81295
Green,大坪林,#008859,2024-07-31,40808
Green,景美,#008859,2024-07-31,44067
Green,萬隆,#008859,2024-07-31,78115
Green,公館,#008859,2024-07-31,41412
Green,台電大樓,#008859,2024-07-31,59809
Green,古亭,#008859,2024-07-31,12617
Green,中正紀念堂,#008859,2024-07-31,87720
Green,小南門,#008859,2024-07-31,66504
Green,西門,#008859,2024-07-31,44781
Green,北門,#008859,2024-07-31,52844
Green,中山,#008859,2024-07-31,68434
Green,新店,#008859,2024-08-01,77942
Green,新店區公所,#008859,2024-08-01,13384
Green,七張,#008859,2024-08-01,8518
Green,小碧潭,#008859,2024-08-01,83929
Green,大坪林,#008859,2024-08-01,71944
Green,景美,#008859,2024-08-01,64556
Green,萬隆,#008859,2024-08-01,62575
Green,公館,#008859,2024-08-01,27852
Green,台電大樓,#008859,2024-08-01,8890
Green,古亭,#008859,2024-08-01,44915
Green,中正紀念堂,#008859,2024-08-01,44903
Green,小南門,#008859,2024-08-01,67342
Green,西門,#008859,2024-08-01,39246
Green,北門,#008859,2024-08-01,39465
Green,中山,#008859,2024-08-01,69255
Green,新店,#008859,2024-08-02,20297
Green,新店區公所,#008859,2024-08-02,34280
Green,七張,#008859,2024-08-02,22749
Green,小碧潭,#008859,2024-08-02,41981
Green,大坪林,#008859,2024-08-02,79814
Green,景美,#008859,2024-08-02,31858
Green,萬隆,#008859,2024-08-02,42011
Green,公館,#008859,2024-08-02,41020
Green,台電大樓,#008859,2024-08-02,12798
Green,古亭,#008859,2024-08-02,9717
Green,中正紀念堂,#008859,2024-08-02,85631
Green,小南門,#008859,2024-08-02,32445
Green,西門,#008859,2024-08-02,68639
Green,北門,#008859,2024-08-02,39960
Green,中山,#008859,2024-08-02,35560
Green,新店,#008859,2024-08-03,34992
Green,新店區公所,#008859,2024-08-03,29522
Green,七張,#008859,2024-08-03,89267
Green,小碧潭,#008859,2024-08-03,51900
Green,大坪林,#008859,2024-08-03,21866
Green,景美,#008859,2024-08-03,4286
Green,萬隆,#008859,2024-08-03,50919
Green,公館,#008859,2024-08-03,85199
Green,台電大樓,#008859,2024-08-03,27737
Green,古亭,#008859,2024-08-03,53336
Green,中正紀念堂,#008859,2024-08-03,50170
Green,小南門,#008859,2024-08-03,56869
Green,西門,#008859,2024-08-03,22557
Green,北門,#008859,2024-08-03,82379
Green,中山,#008859,2024-08-03,12524
Green,新店,#008859,2024-08-04,41071
Green,新店區公所,#008859,2024-08-04,80072
Green,七張,#008859,2024-08-04,32119
Green,小碧潭,#008859,2024-08-04,61509
Green,大坪林,#008859,2024-08-04,51893
Green,景美,#008859,2024-08-04,51745
Green,萬隆,#008859,2024-08-04,22204
Green,公館,#008859,2024-08-04,70874
Green,台電大樓,#008859,2024-08-04,3045
Green,古亭,#008859,2024-08-04,28284
Green,中正紀念堂,#008859,2024-08-04,51645
Green,小南門,#008859,2024-08-04,86462
Green,西門,#008859,2024-08-04,42031
Green,北門,#008859,2024-08-04,80763
Green,中山,#008859,2024-08-04,45658
Green,新店,#008859,2024-08-05,50837
Green,新店區公所,#008859,2024-08-05,2788
Green,七張,#008859,2024-08-05,33901
Green,小碧潭,#008859,2024-08-05,35189
Green,大坪林,#008859,2024-08-05,46283
Green,景美,#008859,2024-08-05,66747
Green,萬隆,#008859,2024-08-05,10185
Green,公館,#008859,2024-08-05,75916
Green,台電大樓,#008859,2024-08-05,23491
Green,古亭,#008859,2024-08-05,14972
Green,中正紀念堂,#008859,2024-08-05,52823
Green,小南門,#008859,2024-08-05,84189
Green,西門,#008859,2024-08-05,12366
Green,北門,#008859,2024-08-05,24174
Green,中山,#008859,2024-08-05,25905
Green,新店,#008859,2024-08-06,52600
Green,新店區公所,#008859,2024-08-06,22987
Green,七張,#008859,2024-08-06,2062
Green,小碧潭,#008859,2024-08-06,11786
Green,大坪林,#008859,2024-08-06,58969
Green,景美,#008859,2024-08-06,66597
Green,萬隆,#008859,2024-08-06,2882
Green,公館,#008859,2024-08-06,73551
Green,台電大樓,#008859,2024-08-06,39010
Green,古亭,#008859,2024-08-06,51192
Green,中正紀念堂,#008859,2024-08-06,6447
Green,小南門,#008859,2024-08-06,13329
Green,西門,#008859,2024-08-06,16913
Green,北門,#008859,2024-08-06,78081
Green,中山,#008859,2024-08-06,6554
Green,新店,#008859,2024-08-07,26026
Green,新店區公所,#008859,2024-08-07,23871
Green,七張,#008859,2024-08-07,35397
Green,小碧潭,#008859,2024-08-07,70633
Green,大坪林,#008859,2024-08-07,57967
Green,景美,#008859,2024-08-07,31853
Green,萬隆,#008859,2024-08-07,81107
Green,公館,#008859,2024-08-07,20499
Green,台電大樓,#008859,2024-08-07,70835
Green,古亭,#008859,2024-08-07,60090
Green,中正紀念堂,#008859,2024-08-07,62529
Green,小南門,#008859,2024-08-07,15287
Green,西門,#008859,2024-08-07,6103
Green,北門,#008859,2024-08-07,6444
Green,中山,#008859,2024-08-07,64238
Green,新店,#008859,2024-08-08,51140
Green,新店區公所,#008859,2024-08-08,22970
Green,七張,#008859,2024-08-08,73807
Green,小碧潭,#008859,2024-08-08,25655
Green,大坪林,#008859,2024-08-08,89594
Green,景美,#008859,2024-08-08,82937
Green,萬隆,#008859,2024-08-08,52092
Green,公館,#008859,2024-08-08,54151
Green,台電大樓,#008859,2024-08-08,29392
Green,古亭,#008859,2024-08-08,10204
Green,中正紀念堂,#008859,2024-08-08,52486
Green,小南門,#008859,2024-08-08,8015
Green,西門,#008859,2024-08-08,6230
Green,北門,#008859,2024-08-08,76601
Green,中山,#008859,2024-08-08,67297
Green,新店,#008859,2024-08-09,43224
Green,新店區公所,#008859,2024-08-09,75662
Green,七張,#008859,2024-08-09,86593
Green,小碧潭,#008859,2024-08-09,47405
Green,大坪林,#008859,2024-08-09,20865
Green,景美,#008859,2024-08-09,85912
Green,萬隆,#008859,2024-08-09,28292
Green,公館,#008859,2024-08-09,54884
Green,台電大樓,#008859,2024-08-09,50644
Green,古亭,#008859,2024-08-09,53876
Green,中正紀念堂,#008859,2024-08-09,18287
Green,小南門,#008859,2024-08-09,23270
Green,西門,#008859,2024-08-09,49905
Green,北門,#008859,2024-08-09,58511
Green,中山,#008859,2024-08-09,3645
Green,新店,#008859,2024-08-10,37592
Green,新店區公所,#008859,2024-08-10,32904
Green,七張,#008859,2024-08-10,68999
Green,小碧潭,#008859,2024-08-10,47151
Green,大坪林,#008859,2024-08-10,1564
Green,景美,#008859,2024-08-10,17566
Green,萬隆,#008859,2024-08-10,74928
Green,公館,#008859,2024-08-10,70471
Green,台電大樓,#008859,2024-08-10,6553
Green,古亭,#008859,2024-08-10,44807
Green,中正紀念堂,#008859,2024-08-10,59573
Green,小南門,#008859,2024-08-10,42392
Green,西門,#008859,2024-08-10,87231
Green,北門,#008859,2024-08-10,67217
Green,中山,#008859,2024-08-10,68281
Green,新店,#008859,2024-08-11,5191
Green,新店區公所,#008859,2024-08-11,57104
Green,七張,#008859,2024-08-11,20549
Green,小碧潭,#008859,2024-08-11,26395
Green,大坪林,#008859,2024-08-11,64057
Green,景美,#008859,2024-08-11,11425
Green,萬隆,#008859,2024-08-11,69335
Green,公館,#008859,2024-08-11,81968
Green,台電大樓,#008859,2024-08-11,76630
Green,古亭,#008859,2024-08-11,89295
Green,中正紀念堂,#008859,2024-08-11,73098
Green,小南門,#008859,2024-08-11,80038
Green,西門,#008859,2024-08-11,5248
Green,北門,#008859,2024-08-11,14687
Green,中山,#008859,2024-08-11,35921
Green,新店,#008859,2024-08-12,34898
Green,新店區公所,#008859,2024-08-12,36165
Green,七張,#008859,2024-08-12,30032
Green,小碧潭,#008859,2024-08-12,14657
Green,大坪林,#008859,2024-08-12,72765
Green,景美,#008859,2024-08-12,65992
Green,萬隆,#008859,2024-08-12,85607
Green,公館,#008859,2024-08-12,59954
Green,台電大樓,#008859,2024-08-12,28536
Green,古亭,#008859,2024-08-12,73195
Green,中正紀念堂,#008859,2024-08-12,15266
Green,小南門,#008859,2024-08-12,24666
Green,西門,#008859,2024-08-12,38769
Green,北門,#008859,2024-08-12,34882
Green,中山,#008859,2024-08-12,77169
Green,新店,#008859,2024-08-13,74843
Green,新店區公所,#008859,2024-08-13,21634
Green,七張,#008859,2024-08-13,84242
Green,小碧潭,#008859,2024-08-13,87609
Green,大坪林,#008859,2024-08-13,55013
Green,景美,#008859,2024-08-13,77315
Green,萬隆,#008859,2024-08-13,42930
Green,公館,#008859,2024-08-13,42394
Green,台電大樓,#008859,2024-08-13,6210
Green,古亭,#008859,2024-08-13,8916
Green,中正紀念堂,#008859,2024-08-13,10663
Green,小南門,#008859,2024-08-13,51489
Green,西門,#008859,2024-08-13,84060
Green,北門,#008859,2024-08-13,19487
Green,中山,#008859,2024-08-13,7699
Green,新店,#008859,2024-08-14,80625
Green,新店區公所,#008859,2024-08-14,17504
Green,七張,#008859,2024-08-14,57275
Green,小碧潭,#008859,2024-08-14,86242
Green,大坪林,#008859,2024-08-14,19420
Green,景美,#008859,2024-08-14,30306
Green,萬隆,#008859,2024-08-14,17090
Green,公館,#008859,2024-08-14,47066
Green,台電大樓,#008859,2024-08-14,76973
Green,古亭,#008859,2024-08-14,19269
Green,中正紀念堂,#008859,2024-08-14,12148
Green,小南門,#008859,2024-08-14,42481
Green,西門,#008859,2024-08-14,13060
Green,北門,#008859,2024-08-14,14653
Green,中山,#008859,2024-08-14,75115
Green,新店,#008859,2024-08-15,52590
Green,新店區公所,#008859,2024-08-15,79062
Green,七張,#008859,2024-08-15,76370
Green,小碧潭,#008859,2024-08-15,47315
Green,大坪林,#008859,2024-08-15,73650
Green,景美,#008859,2024-08-15,61966
Green,萬隆,#008859,2024-08-15,80973
Green,公館,#008859,2024-08-15,29666
Green,台電大樓,#008859,2024-08-15,21428
Green,古亭,#008859,2024-08-15,71179
Green,中正紀念堂,#008859,2024-08-15,87809
Green,小南門,#008859,2024-08-15,26966
Green,西門,#008859,2024-08-15,68321
Green,北門,#008859,2024-08-15,59590
Green,中山,#008859,2024-08-15,10927
Green,新店,#008859,2024-08-16,38222
Green,新店區公所,#008859,2024-08-16,29376
Green,七張,#008859,2024-08-16,52777
Green,小碧潭,#008859,2024-08-16,3423
Green,大坪林,#008859,2024-08-16,83108
Green,景美,#008859,2024-08-16,18641
Green,萬隆,#008859,2024-08-16,81866
Green,公館,#008859,2024-08-16,74352
Green,台電大樓,#008859,2024-08-16,66484
Green,古亭,#008859,2024-08-16,62585
Green,中正紀念堂,#008859,2024-08-16,2284
Green,小南門,#008859,2024-08-16,44217
Green,西門,#008859,2024-08-16,8826
Green,北門,#008859,2024-08-16,50881
Green,中山,#008859,2024-08-16,70096
Green,新店,#008859,2024-08-17,23583
Green,新店區公所,#008859,2024-08-17,36711
Green,七張,#008859,2024-08-17,7684
Green,小碧潭,#008859,2024-08-17,53752
Green,大坪林,#008859,2024-08-17,45547
Green,景美,#008859,2024-08-17,88883
Green,萬隆,#008859,2024-08-17,51494
Green,公館,#008859,2024-08-17,30583
Green,台電大樓,#008859,2024-08-17,54932
Green,古亭,#008859,2024-08-17,88982
Green,中正紀念堂,#008859,2024-08-17,20420
Green,小南門,#008859,2024-08-17,86628
Green,西門,#008859,2024-08-17,81766
Green,北門,#008859,2024-08-17,22261
Green,中山,#008859,2024-08-17,38285
Green,新店,#008859,2024-08-18,63645
Green,新店區公所,#008859,2024-08-18,11362
Green,七張,#008859,2024-08-18,10430
Green,小碧潭,#008859,2024-08-18,80298
Green,大坪林,#008859,2024-08-18,11029
Green,景美,#008859,2024-08-18,83029
Green,萬隆,#008859,2024-08-18,57941
Green,公館,#008859,2024-08-18,21362
Green,台電大樓,#008859,2024-08-18,79045
Green,古亭,#008859,2024-08-18,37109
Green,中正紀念堂,#008859,2024-08-18,35640
Green,小南門,#008859,2024-08-18,64860
Green,西門,#008859,2024-08-18,79602
Green,北門,#008859,2024-08-18,72565
Green,中山,#008859,2024-08-18,38165
Green,新店,#008859,2024-08-19,42189
Green,新店區公所,#008859,2024-08-19,85341
Green,七張,#008859,2024-08-19,75975
Green,小碧潭,#008859,2024-08-19,56041
Green,大坪林,#008859,2024-08-19,51792
Green,景美,#008859,2024-08-19,45821
Green,萬隆,#008859,2024-08-19,66944
Green,公館,#008859,2024-08-19,68844
Green,台電大樓,#008859,2024-08-19,47648
Green,古亭,#008859,2024-08-19,25188
Green,中正紀念堂,#008859,2024-08-19,48410
Green,小南門,#008859,2024-08-19,32675
Green,西門,#008859,2024-08-19,22108
Green,北門,#008859,2024-08-19,1581
Green,中山,#008859,2024-08-19,16249
Green,新店,#008859,2024-08-20,63186
Green,新店區公所,#008859,2024-08-20,39501
Green,七張,#008859,2024-08-20,59991
Green,小碧潭,#008859,2024-08-20,15863
Green,大坪林,#008859,2024-08-20,26321
Green,景美,#008859,2024-08-20,23880
Green,萬隆,#008859,2024-08-20,44531
Green,公館,#008859,2024-08-20,88230
Green,台電大樓,#008859,2024-08-20,26859
Green,古亭,#008859,2024-08-20,40598
Green,中正紀念堂,#008859,2024-08-20,49776
Green,小南門,#008859,2024-08-20,61301
Green,西門,#008859,2024-08-20,64152
Green,北門,#008859,2024-08-20,37732
Green,中山,#008859,2024-08-20,9865
Green,新店,#008859,2024-08-21,49335
Green,新店區公所,#008859,2024-08-21,43873
Green,七張,#008859,2024-08-21,43466
Green,小碧潭,#008859,2024-08-21,7987
Green,大坪林,#008859,2024-08-21,54009
Green,景美,#008859,2024-08-21,88923
Green,萬隆,#008859,2024-08-21,31888
Green,公館,#008859,2024-08-21,76907
Green,台電大樓,#008859,2024-08-21,84906
Green,古亭,#008859,2024-08-21,42194
Green,中正紀念堂,#008859,2024-08-21,27201
Green,小南門,#008859,2024-08-21,53483
Green,西門,#008859,2024-08-21,41072
Green,北門,#008859,2024-08-21,73410
Green,中山,#008859,2024-08-21,39639
Green,新店,#008859,2024-08-22,25173
Green,新店區公所,#008859,2024-08-22,21682
Green,七張,#008859,2024-08-22,23741
Green,小碧潭,#008859,2024-08-22,25311
Green,大坪林,#008859,2024-08-22,40562
Green,景美,#008859,2024-08-22,73520
Green,萬隆,#008859,2024-08-22,38566
Green,公館,#008859,2024-08-22,25413
Green,台電大樓,#008859,2024-08-22,36531
Green,古亭,#008859,2024-08-22,42433
Green,中正紀念堂,#008859,2024-08-22,86267
Green,小南門,#008859,2024-08-22,63627
Green,西門,#008859,2024-08-22,59508
Green,北門,#008859,2024-08-22,63887
Green,中山,#008859,2024-08-22,53703
Green,新店,#008859,2024-08-23,62121
Green,新店區公所,#008859,2024-08-23,85650
Green,七張,#008859,2024-08-23,36516
Green,小碧潭,#008859,2024-08-23,12217
Green,大坪林,#008859,2024-08-23,56749
Green,景美,#008859,2024-08-23,37055
Green,萬隆,#008859,2024-08-23,50316
Green,公館,#008859,2024-08-23,75282
Green,台電大樓,#008859,2024-08-23,80737
Green,古亭,#008859,2024-08-23,25627
Green,中正紀念堂,#008859,2024-08-23,39191
Green,小南門,#008859,2024-08-23,50880
Green,西門,#008859,2024-08-23,7833
Green,北門,#008859,2024-08-23,39010
Green,中山,#008859,2024-08-23,33107
Green,新店,#008859,2024-08-24,71469
Green,新店區公所,#008859,2024-08-24,55415
Green,七張,#008859,2024-08-24,40020
Green,小碧潭,#008859,2024-08-24,83850
Green,大坪林,#008859,2024-08-24,36378
Green,景美,#008859,2024-08-24,89867
Green,萬隆,#008859,2024-08-24,50918
Green,公館,#008859,2024-08-24,51235
Green,台電大樓,#008859,2024-08-24,46476
Green,古亭,#008859,2024-08-24,41349
Green,中正紀念堂,#008859,2024-08-24,61937
Green,小南門,#008859,2024-08-24,8796
Green,西門,#008859,2024-08-24,77533
Green,北門,#008859,2024-08-24,3447
Green,中山,#008859,2024-08-24,53747
Green,新店,#008859,2024-08-25,61158
Green,新店區公所,#008859,2024-08-25,69910
Green,七張,#008859,2024-08-25,82141
Green,小碧潭,#008859,2024-08-25,35621
Green,大坪林,#008859,2024-08-25,27261
Green,景美,#008859,2024-08-25,26621
Green,萬隆,#008859,2024-08-25,74843
Green,公館,#008859,2024-08-25,30648
Green,台電大樓,#008859,2024-08-25,51115
Green,古亭,#008859,2024-08-25,2187
Green,中正紀念堂,#008859,2024-08-25,7815
Green,小南門,#008859,2024-08-25,22260
Green,西門,#008859,2024-08-25,44782
Green,北門,#008859,2024-08-25,8242
Green,中山,#008859,2024-08-25,45516
Green,新店,#008859,2024-08-26,24164
Green,新店區公所,#008859,2024-08-26,78070
Green,七張,#008859,2024-08-26,89342
Green,小碧潭,#008859,2024-08-26,63363
Green,大坪林,#008859,2024-08-26,34613
Green,景美,#008859,2024-08-26,7408
Green,萬隆,#008859,2024-08-26,2796
Green,公館,#008859,2024-08-26,70364
Green,台電大樓,#008859,2024-08-26,60846
Green,古亭,#008859,2024-08-26,46767
Green,中正紀念堂,#008859,2024-08-26,75262
Green,小南門,#008859,2024-08-26,15631
Green,西門,#008859,2024-08-26,24320
Green,北門,#008859,2024-08-26,47692
Green,中山,#008859,2024-08-26,43179
Green,新店,#008859,2024-08-27,45189
Green,新店區公所,#008859,2024-08-27,13381
Green,七張,#008859,2024-08-27,51165
Green,小碧潭,#008859,2024-08-27,73236
Green,大坪林,#008859,2024-08-27,20013
Green,景美,#008859,2024-08-27,22440
Green,萬隆,#008859,2024-08-27,62014
Green,公館,#008859,2024-08-27,23111
Green,台電大樓,#008859,2024-08-27,17944
Green,古亭,#008859,2024-08-27,10641
Green,中正紀念堂,#008859,2024-08-27,6380
Green,小南門,#008859,2024-08-27,31955
Green,西門,#008859,2024-08-27,21570
Green,北門,#008859,2024-08-27,69998
Green,中山,#008859,2024-08-27,46055
Green,新店,#008859,2024-08-28,5825
Green,新店區公所,#008859,2024-08-28,9343
Green,七張,#008859,2024-08-28,29063
Green,小碧潭,#008859,2024-08-28,45276
Green,大坪林,#008859,2024-08-28,85082
Green,景美,#008859,2024-08-28,57825
Green,萬隆,#008859,2024-08-28,52168
Green,公館,#008859,2024-08-28,1915
Green,台電大樓,#008859,2024-08-28,58883
Green,古亭,#008859,2024-08-28,57882
Green,中正紀念堂,#008859,2024-08-28,5679
Green,小南門,#008859,2024-08-28,12067
Green,西門,#008859,2024-08-28,30004
Green,北門,#008859,2024-08-28,21031
Green,中山,#008859,2024-08-28,25541
Green,新店,#008859,2024-08-29,69565
Green,新店區公所,#008859,2024-08-29,7199
Green,七張,#008859,2024-08-29,51789
Green,小碧潭,#008859,2024-08-29,74759
Green,大坪林,#008859,2024-08-29,55034
Green,景美,#008859,2024-08-29,82115
Green,萬隆,#008859,2024-08-29,85015
Green,公館,#008859,2024-08-29,53469
Green,台電大樓,#008859,2024-08-29,43213
Green,古亭,#008859,2024-08-29,43201
Green,中正紀念堂,#008859,2024-08-29,15066
Green,小南門,#008859,2024-08-29,65772
Green,西門,#008859,2024-08-29,26207
Green,北門,#008859,2024-08-29,33586
Green,中山,#008859,2024-08-29,41617
Green,新店,#008859,2024-08-30,88763
Green,新店區公所,#008859,2024-08-30,72591
Green,七張,#008859,2024-08-30,56859
Green,小碧潭,#008859,2024-08-30,86081
Green,大坪林,#008859,2024-08-30,38884
Green,景美,#008859,2024-08-30,37672
Green,萬隆,#008859,2024-08-30,68320
Green,公館,#008859,2024-08-30,67377
Green,台電大樓,#008859,2024-08-30,33270
Green,古亭,#008859,2024-08-30,65817
Green,中正紀念堂,#008859,2024-08-30,72111
Green,小南門,#008859,2024-08-30,52077
Green,西門,#008859,2024-08-30,64554
Green,北門,#008859,2024-08-30,52596
Green,中山,#008859,2024-08-30,36368
Green,新店,#008859,2024-08-31,75146
Green,新店區公所,#008859,2024-08-31,42499
Green,七張,#008859,2024-08-31,56087
Green,小碧潭,#008859,2024-08-31,18090
Green,大坪林,#008859,2024-08-31,7378
Green,景美,#008859,2024-08-31,61125
Green,萬隆,#008859,2024-08-31,78225
Green,公館,#008859,2024-08-31,65127
Green,台電大樓,#008859,2024-08-31,8360
Green,古亭,#008859,2024-08-31,64625
Green,中正紀念堂,#008859,2024-08-31,80741
Green,小南門,#008859,2024-08-31,55710
Green,西門,#008859,2024-08-31,24294
Green,北門,#008859,2024-08-31,83682
Green,中山,#008859,2024-08-31,11387
Green,新店,#008859,2024-09-01,76842
Green,新店區公所,#008859,2024-09-01,3849
Green,七張,#008859,2024-09-01,45173
Green,小碧潭,#008859,2024-09-01,9887
Green,大坪林,#008859,2024-09-01,42978
Green,景美,#008859,2024-09-01,31166
Green,萬隆,#008859,2024-09-01,56215
Green,公館,#008859,2024-09-01,66379
Green,台電大樓,#008859,2024-09-01,60158
Green,古亭,#008859,2024-09-01,16955
Green,中正紀念堂,#008859,2024-09-01,14100
Green,小南門,#008859,2024-09-01,83119
Green,西門,#008859,2024-09-01,23192
Green,北門,#008859,2024-09-01,9683
Green,中山,#008859,2024-09-01,29507
Green,新店,#008859,2024-09-02,32852
Green,新店區公所,#008859,2024-09-02,55682
Green,七張,#008859,2024-09-02,84763
Green,小碧潭,#008859,2024-09-02,53433
Green,大坪林,#008859,2024-09-02,48563
Green,景美,#008859,2024-09-02,20429
Green,萬隆,#008859,2024-09-02,86177
Green,公館,#008859,2024-09-02,48857
Green,台電大樓,#008859,2024-09-02,26885
Green,古亭,#008859,2024-09-02,60917
Green,中正紀念堂,#008859,2024-09-02,58763
Green,小南門,#008859,2024-09-02,84102
Green,西門,#008859,2024-09-02,78075
Green,北門,#008859,2024-09-02,7688
Green,中山,#008859,2024-09-02,12553
Green,新店,#008859,2024-09-03,32473
Green,新店區公所,#008859,2024-09-03,29328
Green,七張,#008859,2024-09-03,32435
Green,小碧潭,#008859,2024-09-03,13460
Green,大坪林,#008859,2024-09-03,1421
Green,景美,#008859,2024-09-03,18568
Green,萬隆,#008859,2024-09-03,42364
Green,公館,#008859,2024-09-03,66399
Green,台電大樓,#008859,2024-09-03,75562
Green,古亭,#008859,2024-09-03,51340
Green,中正紀念堂,#008859,2024-09-03,88261
Green,小南門,#008859,2024-09-03,50145
Green,西門,#008859,2024-09-03,85833
Green,北門,#008859,2024-09-03,86983
Green,中山,#008859,2024-09-03,58105
Green,新店,#008859,2024-09-04,32403
Green,新店區公所,#008859,2024-09-04,73049
Green,七張,#008859,2024-09-04,1035
Green,小碧潭,#008859,2024-09-04,37964
Green,大坪林,#008859,2024-09-04,63032
Green,景美,#008859,2024-09-04,88104
Green,萬隆,#008859,2024-09-04,18296
Green,公館,#008859,2024-09-04,11467
Green,台電大樓,#008859,2024-09-04,47839
Green,古亭,#008859,2024-09-04,10653
Green,中正紀念堂,#008859,2024-09-04,85745
Green,小南門,#008859,2024-09-04,41663
Green,西門,#008859,2024-09-04,4892
Green,北門,#008859,2024-09-04,37074
Green,中山,#008859,2024-09-04,54737
Green,新店,#008859,2024-09-05,48620
Green,新店區公所,#008859,2024-09-05,58018
Green,七張,#008859,2024-09-05,64300
Green,小碧潭,#008859,2024-09-05,66878
Green,大坪林,#008859,2024-09-05,56142
Green,景美,#008859,2024-09-05,75442
Green,萬隆,#008859,2024-09-05,70903
Green,公館,#008859,2024-09-05,67961
Green,台電大樓,#008859,2024-09-05,46517
Green,古亭,#008859,2024-09-05,24553
Green,中正紀念堂,#008859,2024-09-05,61574
Green,小南門,#008859,2024-09-05,49381
Green,西門,#008859,2024-09-05,46765
Green,北門,#008859,2024-09-05,73956
Green,中山,#008859,2024-09-05,63466
Green,新店,#008859,2024-09-06,25740
Green,新店區公所,#008859,2024-09-06,61918
Green,七張,#008859,2024-09-06,10900
Green,小碧潭,#008859,2024-09-06,32827
Green,大坪林,#008859,2024-09-06,9939
Green,景美,#008859,2024-09-06,45578
Green,萬隆,#008859,2024-09-06,6416
Green,公館,#008859,2024-09-06,52759
Green,台電大樓,#008859,2024-09-06,33511
Green,古亭,#008859,2024-09-06,22229
Green,中正紀念堂,#008859,2024-09-06,20940
Green,小南門,#008859,2024-09-06,28941
Green,西門,#008859,2024-09-06,34017
Green,北門,#008859,2024-09-06,7625
Green,中山,#008859,2024-09-06,24508
Green,新店,#008859,2024-09-07,1576
Green,新店區公所,#008859,2024-09-07,36054
Green,七張,#008859,2024-09-07,54222
Green,小碧潭,#008859,2024-09-07,21609
Green,大坪林,#008859,2024-09-07,51828
Green,景美,#008859,2024-09-07,89182
Green,萬隆,#008859,2024-09-07,2104
Green,公館,#008859,2024-09-07,3359
Green,台電大樓,#008859,2024-09-07,76408
Green,古亭,#008859,2024-09-07,84901
Green,中正紀念堂,#008859,2024-09-07,47223
Green,小南門,#008859,2024-09-07,4344
Green,西門,#008859,2024-09-07,87353
Green,北門,#008859,2024-09-07,55129
Green,中山,#008859,2024-09-07,78207
Green,新店,#008859,2024-09-08,80081
Green,新店區公所,#008859,2024-09-08,16012
Green,七張,#008859,2024-09-08,66859
Green,小碧潭,#008859,2024-09-08,62309
Green,大坪林,#008859,2024-09-08,59195
Green,景美,#008859,2024-09-08,16446
Green,萬隆,#008859,2024-09-08,25237
Green,公館,#008859,2024-09-08,65390
Green,台電大樓,#008859,2024-09-08,6478
Green,古亭,#008859,2024-09-08,54063
Green,中正紀念堂,#008859,2024-09-08,65878
Green,小南門,#008859,2024-09-08,19507
Green,西門,#008859,2024-09-08,68390
Green,北門,#008859,2024-09-08,81226
Green,中山,#008859,2024-09-08,87084
Green,新店,#008859,2024-09-09,67587
Green,新店區公所,#008859,2024-09-09,25865
Green,七張,#008859,2024-09-09,20299
Green,小碧潭,#008859,2024-09-09,58012
Green,大坪林,#008859,2024-09-09,5436
Green,景美,#008859,2024-09-09,76209
Green,萬隆,#008859,2024-09-09,24406
Green,公館,#008859,2024-09-09,60968
Green,台電大樓,#008859,2024-09-09,54952
Green,古亭,#008859,2024-09-09,49163
Green,中正紀念堂,#008859,2024-09-09,9242
Green,小南門,#008859,2024-09-09,76389
Green,西門,#008859,2024-09-09,44396
Green,北門,#008859,2024-09-09,59526
Green,中山,#008859,2024-09-09,7205
Green,新店,#008859,2024-09-10,65504
Green,新店區公所,#008859,2024-09-10,60964
Green,七張,#008859,2024-09-10,48026
Green,小碧潭,#008859,2024-09-10,44649
Green,大坪林,#008859,2024-09-10,75455
Green,景美,#008859,2024-09-10,83850
Green,萬隆,#008859,2024-09-10,48832
Green,公館,#008859,2024-09-10,34976
Green,台電大樓,#008859,2024-09-10,1408
Green,古亭,#008859,2024-09-10,7119
Green,中正紀念堂,#008859,2024-09-10,57105
Green,小南門,#008859,2024-09-10,21495
Green,西門,#008859,2024-09-10,40293
Green,北門,#008859,2024-09-10,69081
Green,中山,#008859,2024-09-10,87079
Green,新店,#008859,2024-09-11,9297
Green,新店區公所,#008859,2024-09-11,56459
Green,七張,#008859,2024-09-11,71152
Green,小碧潭,#008859,2024-09-11,81278
Green,大坪林,#008859,2024-09-11,52748
Green,景美,#008859,2024-09-11,53678
Green,萬隆,#008859,2024-09-11,74288
Green,公館,#008859,2024-09-11,69067
Green,台電大樓,#008859,2024-09-11,22213
Green,古亭,#008859,2024-09-11,48643
Green,中正紀念堂,#008859,2024-09-11,51426
Green,小南門,#008859,2024-09-11,62424
Green,西門,#008859,2024-09-11,80181
Green,北門,#008859,2024-09-11,38962
Green,中山,#008859,2024-09-11,74980
Green,新店,#008859,2024-09-12,74192
Green,新店區公所,#008859,2024-09-12,28395
Green,七張,#008859,2024-09-12,37115
Green,小碧潭,#008859,2024-09-12,83012
Green,大坪林,#008859,2024-09-12,74076
Green,景美,#008859,2024-09-12,88614
Green,萬隆,#008859,2024-09-12,20193
Green,公館,#008859,2024-09-12,6756
Green,台電大樓,#008859,2024-09-12,79089
Green,古亭,#008859,2024-09-12,89794
Green,中正紀念堂,#008859,2024-09-12,85019
Green,小南門,#008859,2024-09-12,57987
Green,西門,#008859,2024-09-12,67141
Green,北門,#008859,2024-09-12,20426
Green,中山,#008859,2024-09-12,66629
Green,新店,#008859,2024-09-13,87420
Green,新店區公所,#008859,2024-09-13,43069
Green,七張,#008859,2024-09-13,72315
Green,小碧潭,#008859,2024-09-13,52943
Green,大坪林,#008859,2024-09-13,1318
Green,景美,#008859,2024-09-13,38880
Green,萬隆,#008859,2024-09-13,23896
Green,公館,#008859,2024-09-13,70806
Green,台電大樓,#008859,2024-09-13,73228
Green,古亭,#008859,2024-09-13,5790
Green,中正紀念堂,#008859,2024-09-13,55101
Green,小南門,#008859,2024-09-13,70823
Green,西門,#008859,2024-09-13,11700
Green,北門,#008859,2024-09-13,81119
Green,中山,#008859,2024-09-13,48872
Green,新店,#008859,2024-09-14,29834
Green,新店區公所,#008859,2024-09-14,22388
Green,七張,#008859,2024-09-14,47055
Green,小碧潭,#008859,2024-09-14,30598
Green,大坪林,#008859,2024-09-14,2124
Green,景美,#008859,2024-09-14,15014
Green,萬隆,#008859,2024-09-14,66772
Green,公館,#008859,2024-09-14,41256
Green,台電大樓,#008859,2024-09-14,31379
Green,古亭,#008859,2024-09-14,2676
Green,中正紀念堂,#008859,2024-09-14,65001
Green,小南門,#008859,2024-09-14,28736
Green,西門,#008859,2024-09-14,62793
Green,北門,#008859,2024-09-14,8833
Green,中山,#008859,2024-09-14,89523
Green,新店,#008859,2024-09-15,49722
Green,新店區公所,#008859,2024-09-15,73670
Green,七張,#008859,2024-09-15,87905
Green,小碧潭,#008859,2024-09-15,17960
Green,大坪林,#008859,2024-09-15,18689
Green,景美,#008859,2024-09-15,33697
Green,萬隆,#008859,2024-09-15,75776
Green,公館,#008859,2024-09-15,30242
Green,台電大樓,#008859,2024-09-15,16289
Green,古亭,#008859,2024-09-15,53900
Green,中正紀念堂,#008859,2024-09-15,82024
Green,小南門,#008859,2024-09-15,47263
Green,西門,#008859,2024-09-15,80349
Green,北門,#008859,2024-09-15,88436
Green,中山,#008859,2024-09-15,31125
Green,新店,#008859,2024-09-16,84601
Green,新店區公所,#008859,2024-09-16,67378
Green,七張,#008859,2024-09-16,50479
Green,小碧潭,#008859,2024-09-16,30454
Green,大坪林,#008859,2024-09-16,29427
Green,景美,#008859,2024-09-16,13858
Green,萬隆,#008859,2024-09-16,10545
Green,公館,#008859,2024-09-16,41770
Green,台電大樓,#008859,2024-09-16,86195
Green,古亭,#008859,2024-09-16,16458
Green,中正紀念堂,#008859,2024-09-16,31883
Green,小南門,#008859,2024-09-16,81498
Green,西門,#008859,2024-09-16,36361
Green,北門,#008859,2024-09-16,70309
Green,中山,#008859,2024-09-16,13513
Green,新店,#008859,2024-09-17,39596
Green,新店區公所,#008859,2024-09-17,77413
Green,七張,#008859,2024-09-17,57897
Green,小碧潭,#008859,2024-09-17,54080
Green,大坪林,#008859,2024-09-17,4163
Green,景美,#008859,2024-09-17,82249
Green,萬隆,#008859,2024-09-17,1758
Green,公館,#008859,2024-09-17,71842
Green,台電大樓,#008859,2024-09-17,29451
Green,古亭,#008859,2024-09-17,56808
Green,中正紀念堂,#008859,2024-09-17,63482
Green,小南門,#008859,2024-09-17,45728
Green,西門,#008859,2024-09-17,41778
Green,北門,#008859,2024-09-17,79177
Green,中山,#008859,2024-09-17,82737
Green,新店,#008859,2024-09-18,30674
Green,新店區公所,#008859,2024-09-18,77222
Green,七張,#008859,2024-09-18,58889
Green,小碧潭,#008859,2024-09-18,63456
Green,大坪林,#008859,2024-09-18,9880
Green,景美,#008859,2024-09-18,27978
Green,萬隆,#008859,2024-09-18,50462
Green,公館,#008859,2024-09-18,34234
Green,台電大樓,#008859,2024-09-18,45430
Green,古亭,#008859,2024-09-18,52109
Green,中正紀念堂,#008859,2024-09-18,18741
Green,小南門,#008859,2024-09-18,88720
Green,西門,#008859,2024-09-18,78317
Green,北門,#008859,2024-09-18,88099
Green,中山,#008859,2024-09-18,20084
Green,新店,#008859,2024-09-19,37158
Green,新店區公所,#008859,2024-09-19,67000
Green,七張,#008859,2024-09-19,18819
Green,小碧潭,#008859,2024-09-19,42878
Green,大坪林,#008859,2024-09-19,70849
Green,景美,#008859,2024-09-19,36989
Green,萬隆,#008859,2024-09-19,28491
Green,公館,#008859,2024-09-19,20452
Green,台電大樓,#008859,2024-09-19,40027
Green,古亭,#008859,2024-09-19,77407
Green,中正紀念堂,#008859,2024-09-19,35978
Green,小南門,#008859,2024-09-19,5090
Green,西門,#008859,2024-09-19,24873
Green,北門,#008859,2024-09-19,67695
Green,中山,#008859,2024-09-19,75163
Green,新店,#008859,2024-09-20,43309
Green,新店區公所,#008859,2024-09-20,77489
Green,七張,#008859,2024-09-20,71115
Green,小碧潭,#008859,2024-09-20,31099
Green,大坪林,#008859,2024-09-20,50410
Green,景美,#008859,2024-09-20,65551
Green,萬隆,#008859,2024-09-20,76130
Green,公館,#008859,2024-09-20,80754
Green,台電大樓,#008859,2024-09-20,65116
Green,古亭,#008859,2024-09-20,1339
Green,中正紀念堂,#008859,2024-09-20,80959
Green,小南門,#008859,2024-09-20,31001
Green,西門,#008859,2024-09-20,39401
Green,北門,#008859,2024-09-20,17790
Green,中山,#008859,2024-09-20,25945
Green,新店,#008859,2024-09-21,27528
Green,新店區公所,#008859,2024-09-21,53350
Green,七張,#008859,2024-09-21,2437
Green,小碧潭,#008859,2024-09-21,23641
Green,大坪林,#008859,2024-09-21,30594
Green,景美,#008859,2024-09-21,77874
Green,萬隆,#008859,2024-09-21,49749
Green,公館,#008859,2024-09-21,61424
Green,台電大樓,#008859,2024-09-21,26369
Green,古亭,#008859,2024-09-21,10550
Green,中正紀念堂,#008859,2024-09-21,14604
Green,小南門,#008859,2024-09-21,27962
Green,西門,#008859,2024-09-21,19377
Green,北門,#008859,2024-09-21,70680
Green,中山,#008859,2024-09-21,61550
Green,新店,#008859,2024-09-22,23032
Green,新店區公所,#008859,2024-09-22,88131
Green,七張,#008859,2024-09-22,78318
Green,小碧潭,#008859,2024-09-22,45205
Green,大坪林,#008859,2024-09-22,71249
Green,景美,#008859,2024-09-22,14566
Green,萬隆,#008859,2024-09-22,31277
Green,公館,#008859,2024-09-22,23454
Green,台電大樓,#008859,2024-09-22,53191
Green,古亭,#008859,2024-09-22,58438
Green,中正紀念堂,#008859,2024-09-22,40710
Green,小南門,#008859,2024-09-22,20226
Green,西門,#008859,2024-09-22,54284
Green,北門,#008859,2024-09-22,76301
Green,中山,#008859,2024-09-22,14854
Green,新店,#008859,2024-09-23,61088
Green,新店區公所,#008859,2024-09-23,76451
Green,七張,#008859,2024-09-23,51805
Green,小碧潭,#008859,2024-09-23,17021
Green,大坪林,#008859,2024-09-23,85916
Green,景美,#008859,2024-09-23,68421
Green,萬隆,#008859,2024-09-23,42495
Green,公館,#008859,2024-09-23,74072
Green,台電大樓,#008859,2024-09-23,41812
Green,古亭,#008859,2024-09-23,9387
Green,中正紀念堂,#008859,2024-09-23,61847
Green,小南門,#008859,2024-09-23,80534
Green,西門,#008859,2024-09-23,59709
Green,北門,#008859,2024-09-23,87223
Green,中山,#008859,2024-09-23,47124
Green,新店,#008859,2024-09-24,81831
Green,新店區公所,#008859,2024-09-24,59792
Green,七張,#008859,2024-09-24,81966
Green,小碧潭,#008859,2024-09-24,2223
Green,大坪林,#008859,2024-09-24,13290
Green,景美,#008859,2024-09-24,8674
Green,萬隆,#008859,2024-09-24,61377
Green,公館,#008859,2024-09-24,8593
Green,台電大樓,#008859,2024-09-24,77711
Green,古亭,#008859,2024-09-24,16882
Green,中正紀念堂,#008859,2024-09-24,3451
Green,小南門,#008859,2024-09-24,37906
Green,西門,#008859,2024-09-24,14238
Green,北門,#008859,2024-09-24,9288
Green,中山,#008859,2024-09-24,79253
Green,新店,#008859,2024-09-25,9336
Green,新店區公所,#008859,2024-09-25,67193
Green,七張,#008859,2024-09-25,10975
Green,小碧潭,#008859,2024-09-25,70873
Green,大坪林,#008859,2024-09-25,31061
Green,景美,#008859,2024-09-25,35165
Green,萬隆,#008859,2024-09-25,89514
Green,公館,#008859,2024-09-25,7166
Green,台電大樓,#008859,2024-09-25,69394
Green,古亭,#008859,2024-09-25,83144
Green,中正紀念堂,#008859,2024-09-25,49816
Green,小南門,#008859,2024-09-25,79144
Green,西門,#008859,2024-09-25,78092
Green,北門,#008859,2024-09-25,82971
Green,中山,#008859,2024-09-25,10130
Green,新店,#008859,2024-09-26,43918
Green,新店區公所,#008859,2024-09-26,49232
Green,七張,#008859,2024-09-26,12902
Green,小碧潭,#008859,2024-09-26,74069
Green,大坪林,#008859,2024-09-26,32522
Green,景美,#008859,2024-09-26,62503
Green,萬隆,#008859,2024-09-26,11900
Green,公館,#008859,2024-09-26,25450
Green,台電大樓,#008859,2024-09-26,68713
Green,古亭,#008859,2024-09-26,25473
Green,中正紀念堂,#008859,2024-09-26,35320
Green,小南門,#008859,2024-09-26,46365
Green,西門,#008859,2024-09-26,2870
Green,北門,#008859,2024-09-26,35811
Green,中山,#008859,2024-09-26,56904
Green,新店,#008859,2024-09-27,24129
Green,新店區公所,#008859,2024-09-27,6399
Green,七張,#008859,2024-09-27,40909
Green,小碧潭,#008859,2024-09-27,72746
Green,大坪林,#008859,2024-09-27,47952
Green,景美,#008859,2024-09-27,42496
Green,萬隆,#008859,2024-09-27,28921
Green,公館,#008859,2024-09-27,26451
Green,台電大樓,#008859,2024-09-27,10951
Green,古亭,#008859,2024-09-27,74917
Green,中正紀念堂,#008859,2024-09-27,80131
Green,小南門,#008859,2024-09-27,38153
Green,西門,#008859,2024-09-27,20920
Green,北門,#008859,2024-09-27,35626
Green,中山,#008859,2024-09-27,55539
Green,新店,#008859,2024-09-28,81860
Green,新店區公所,#008859,2024-09-28,85311
Green,七張,#008859,2024-09-28,14642
Green,小碧潭,#008859,2024-09-28,24587
Green,大坪林,#008859,2024-09-28,56176
Green,景美,#008859,2024-09-28,3092
Green,萬隆,#008859,2024-09-28,46905
Green,公館,#008859,2024-09-28,51111
Green,台電大樓,#008859,2024-09-28,75287
Green,古亭,#008859,2024-09-28,48609
Green,中正紀念堂,#008859,2024-09-28,27532
Green,小南門,#008859,2024-09-28,88766
Green,西門,#008859,2024-09-28,9831
Green,北門,#008859,2024-09-28,25237
Green,中山,#008859,2024-09-28,24182
Green,新店,#008859,2024-09-29,82921
Green,新店區公所,#008859,2024-09-29,66882
Green,七張,#008859,2024-09-29,78368
Green,小碧潭,#008859,2024-09-29,82745
Green,大坪林,#008859,2024-09-29,86736
Green,景美,#008859,2024-09-29,76273
Green,萬隆,#008859,2024-09-29,27617
Green,公館,#008859,2024-09-29,31577
Green,台電大樓,#008859,2024-09-29,35659
Green,古亭,#008859,2024-09-29,68335
Green,中正紀念堂,#008859,2024-09-29,11941
Green,小南門,#008859,2024-09-29,56903
Green,西門,#008859,2024-09-29,34653
Green,北門,#008859,2024-09-29,69804
Green,中山,#008859,2024-09-29,65335
Green,新店,#008859,2024-09-30,63876
Green,新店區公所,#008859,2024-09-30,88190
Green,七張,#008859,2024-09-30,73044
Green,小碧潭,#008859,2024-09-30,86724
Green,大坪林,#008859,2024-09-30,60276
Green,景美,#008859,2024-09-30,45426
Green,萬隆,#008859,2024-09-30,64503
Green,公館,#008859,2024-09-30,63280
Green,台電大樓,#008859,2024-09-30,33771
Green,古亭,#008859,2024-09-30,78528
Green,中正紀念堂,#008859,2024-09-30,38523
Green,小南門,#008859,2024-09-30,89007
Green,西門,#008859,2024-09-30,31925
Green,北門,#008859,2024-09-30,28492
Green,中山,#008859,2024-09-30,12381
Green,新店,#008859,2024-10-01,70003
Green,新店區公所,#008859,2024-10-01,28981
Green,七張,#008859,2024-10-01,33558
Green,小碧潭,#008859,2024-10-01,86541
Green,大坪林,#008859,2024-10-01,52290
Green,景美,#008859,2024-10-01,30372
Green,萬隆,#008859,2024-10-01,20301
Green,公館,#008859,2024-10-01,18359
Green,台電大樓,#008859,2024-10-01,82793
Green,古亭,#008859,2024-10-01,26771
Green,中正紀念堂,#008859,2024-10-01,19064
Green,小南門,#008859,2024-10-01,52253
Green,西門,#008859,2024-10-01,25681
Green,北門,#008859,2024-10-01,22929
Green,中山,#008859,2024-10-01,10867
Green,新店,#008859,2024-10-02,21239
Green,新店區公所,#008859,2024-10-02,19029
Green,七張,#008859,2024-10-02,75689
Green,小碧潭,#008859,2024-10-02,32091
Green,大坪林,#008859,2024-10-02,75337
Green,景美,#008859,2024-10-02,7231
Green,萬隆,#008859,2024-10-02,36197
Green,公館,#008859,2024-10-02,38825
Green,台電大樓,#008859,2024-10-02,59109
Green,古亭,#008859,2024-10-02,85742
Green,中正紀念堂,#008859,2024-10-02,64835
Green,小南門,#008859,2024-10-02,32479
Green,西門,#008859,2024-10-02,52908
Green,北門,#008859,2024-10-02,27049
Green,中山,#008859,2024-10-02,58463
Green,新店,#008859,2024-10-03,82452
Green,新店區公所,#008859,2024-10-03,21521
Green,七張,#008859,2024-10-03,1393
Green,小碧潭,#008859,2024-10-03,66973
Green,大坪林,#008859,2024-10-03,43192
Green,景美,#008859,2024-10-03,54959
Green,萬隆,#008859,2024-10-03,55260
Green,公館,#008859,2024-10-03,44771
Green,台電大樓,#008859,2024-10-03,16213
Green,古亭,#008859,2024-10-03,76813
Green,中正紀念堂,#008859,2024-10-03,44246
Green,小南門,#008859,2024-10-03,40307
Green,西門,#008859,2024-10-03,12529
Green,北門,#008859,2024-10-03,39356
Green,中山,#008859,2024-10-03,81864
Green,新店,#008859,2024-10-04,24464
Green,新店區公所,#008859,2024-10-04,85078
Green,七張,#008859,2024-10-04,77250
Green,小碧潭,#008859,2024-10-04,64404
Green,大坪林,#008859,2024-10-04,8311
Green,景美,#008859,2024-10-04,2698
Green,萬隆,#008859,2024-10-04,8032
Green,公館,#008859,2024-10-04,56333
Green,台電大樓,#008859,2024-10-04,64564
Green,古亭,#008859,2024-10-04,18318
Green,中正紀念堂,#008859,2024-10-04,26812
Green,小南門,#008859,2024-10-04,5760
Green,西門,#008859,2024-10-04,27085
Green,北門,#008859,2024-10-04,30060
Green,中山,#008859,2024-10-04,27910
Green,新店,#008859,2024-10-05,56974
Green,新店區公所,#008859,2024-10-05,41709
Green,七張,#008859,2024-10-05,24877
Green,小碧潭,#008859,2024-10-05,86457
Green,大坪林,#008859,2024-10-05,8477
Green,景美,#008859,2024-10-05,54033
Green,萬隆,#008859,2024-10-05,71289
Green,公館,#008859,2024-10-05,5449
Green,台電大樓,#008859,2024-10-05,87099
Green,古亭,#008859,2024-10-05,15195
Green,中正紀念堂,#008859,2024-10-05,70232
Green,小南門,#008859,2024-10-05,2327
Green,西門,#008859,2024-10-05,6108
Green,北門,#008859,2024-10-05,47022
Green,中山,#008859,2024-10-05,29249
Green,新店,#008859,2024-10-06,23616
Green,新店區公所,#008859,2024-10-06,57250
Green,七張,#008859,2024-10-06,84599
Green,小碧潭,#008859,2024-10-06,76045
Green,大坪林,#008859,2024-10-06,11888
Green,景美,#008859,2024-10-06,2457
Green,萬隆,#008859,2024-10-06,39320
Green,公館,#008859,2024-10-06,20731
Green,台電大樓,#008859,2024-10-06,40195
Green,古亭,#008859,2024-10-06,31330
Green,中正紀念堂,#008859,2024-10-06,6087
Green,小南門,#008859,2024-10-06,1245
Green,西門,#008859,2024-10-06,1399
Green,北門,#008859,2024-10-06,3792
Green,中山,#008859,2024-10-06,82506
Green,新店,#008859,2024-10-07,22885
Green,新店區公所,#008859,2024-10-07,44411
Green,七張,#008859,2024-10-07,16952
Green,小碧潭,#008859,2024-10-07,83043
Green,大坪林,#008859,2024-10-07,5560
Green,景美,#008859,2024-10-07,51248
Green,萬隆,#008859,2024-10-07,70796
Green,公館,#008859,2024-10-07,80943
Green,台電大樓,#008859,2024-10-07,84519
Green,古亭,#008859,2024-10-07,61129
Green,中正紀念堂,#008859,2024-10-07,12685
Green,小南門,#008859,2024-10-07,47226
Green,西門,#008859,2024-10-07,67958
Green,北門,#008859,2024-10-07,86964
Green,中山,#008859,2024-10-07,58838
Green,新店,#008859,2024-10-08,70915
Green,新店區公所,#008859,2024-10-08,71485
Green,七張,#008859,2024-10-08,76607
Green,小碧潭,#008859,2024-10-08,49707
Green,大坪林,#008859,2024-10-08,56094
Green,景美,#008859,2024-10-08,19610
Green,萬隆,#008859,2024-10-08,10633
Green,公館,#008859,2024-10-08,38854
Green,台電大樓,#008859,2024-10-08,70630
Green,古亭,#008859,2024-10-08,15404
Green,中正紀念堂,#008859,2024-10-08,18256
Green,小南門,#008859,2024-10-08,11376
Green,西門,#008859,2024-10-08,64226
Green,北門,#008859,2024-10-08,11422
Green,中山,#008859,2024-10-08,47483
Green,新店,#008859,2024-10-09,9653
Green,新店區公所,#008859,2024-10-09,33100
Green,七張,#008859,2024-10-09,41117
Green,小碧潭,#008859,2024-10-09,3117
Green,大坪林,#008859,2024-10-09,28486
Green,景美,#008859,2024-10-09,73036
Green,萬隆,#008859,2024-10-09,65526
Green,公館,#008859,2024-10-09,86030
Green,台電大樓,#008859,2024-10-09,75862
Green,古亭,#008859,2024-10-09,16727
Green,中正紀念堂,#008859,2024-10-09,57242
Green,小南門,#008859,2024-10-09,43315
Green,西門,#008859,2024-10-09,82929
Green,北門,#008859,2024-10-09,44336
Green,中山,#008859,2024-10-09,80122
Green,新店,#008859,2024-10-10,88515
Green,新店區公所,#008859,2024-10-10,66768
Green,七張,#008859,2024-10-10,30896
Green,小碧潭,#008859,2024-10-10,8159
Green,大坪林,#008859,2024-10-10,73583
Green,景美,#008859,2024-10-10,71036
Green,萬隆,#008859,2024-10-10,3168
Green,公館,#008859,2024-10-10,87445
Green,台電大樓,#008859,2024-10-10,58239
Green,古亭,#008859,2024-10-10,50069
Green,中正紀念堂,#008859,2024-10-10,31845
Green,小南門,#008859,2024-10-10,8238
Green,西門,#008859,2024-10-10,13735
Green,北門,#008859,2024-10-10,19986
Green,中山,#008859,2024-10-10,68382
Green,新店,#008859,2024-10-11,75004
Green,新店區公所,#008859,2024-10-11,2218
Green,七張,#008859,2024-10-11,70385
Green,小碧潭,#008859,2024-10-11,28119
Green,大坪林,#008859,2024-10-11,56401
Green,景美,#008859,2024-10-11,37293
Green,萬隆,#008859,2024-10-11,24366
Green,公館,#008859,2024-10-11,22853
Green,台電大樓,#008859,2024-10-11,20671
Green,古亭,#008859,2024-10-11,70086
Green,中正紀念堂,#008859,2024-10-11,39058
Green,小南門,#008859,2024-10-11,4450
Green,西門,#008859,2024-10-11,26579
Green,北門,#008859,2024-10-11,72718
Green,中山,#008859,2024-10-11,3330
Green,新店,#008859,2024-10-12,61911
Green,新店區公所,#008859,2024-10-12,1825
Green,七張,#008859,2024-10-12,75625
Green,小碧潭,#008859,2024-10-12,38877
Green,大坪林,#008859,2024-10-12,14294
Green,景美,#008859,2024-10-12,63055
Green,萬隆,#008859,2024-10-12,7310
Green,公館,#008859,2024-10-12,58356
Green,台電大樓,#008859,2024-10-12,72483
Green,古亭,#008859,2024-10-12,49218
Green,中正紀念堂,#008859,2024-10-12,4812
Green,小南門,#008859,2024-10-12,44640
Green,西門,#008859,2024-10-12,53616
Green,北門,#008859,2024-10-12,76590
Green,中山,#008859,2024-10-12,53455
Green,新店,#008859,2024-10-13,41365
Green,新店區公所,#008859,2024-10-13,68112
Green,七張,#008859,2024-10-13,27502
Green,小碧潭,#008859,2024-10-13,85394
Green,大坪林,#008859,2024-10-13,6002
Green,景美,#008859,2024-10-13,85873
Green,萬隆,#008859,2024-10-13,82160
Green,公館,#008859,2024-10-13,81252
Green,台電大樓,#008859,2024-10-13,31841
Green,古亭,#008859,2024-10-13,89584
Green,中正紀念堂,#008859,2024-10-13,18875
Green,小南門,#008859,2024-10-13,11326
Green,西門,#008859,2024-10-13,56006
Green,北門,#008859,2024-10-13,34467
Green,中山,#008859,2024-10-13,81850
Green,新店,#008859,2024-10-14,24608
Green,新店區公所,#008859,2024-10-14,31610
Green,七張,#008859,2024-10-14,60270
Green,小碧潭,#008859,2024-10-14,7222
Green,大坪林,#008859,2024-10-14,32321
Green,景美,#008859,2024-10-14,76692
Green,萬隆,#008859,2024-10-14,61646
Green,公館,#008859,2024-10-14,8857
Green,台電大樓,#008859,2024-10-14,14370
Green,古亭,#008859,2024-10-14,68606
Green,中正紀念堂,#008859,2024-10-14,24087
Green,小南門,#008859,2024-10-14,65008
Green,西門,#008859,2024-10-14,15320
Green,北門,#008859,2024-10-14,42442
Green,中山,#008859,2024-10-14,5707
Green,新店,#008859,2024-10-15,35432
Green,新店區公所,#008859,2024-10-15,38722
Green,七張,#008859,2024-10-15,15621
Green,小碧潭,#008859,2024-10-15,10444
Green,大坪林,#008859,2024-10-15,33470
Green,景美,#008859,2024-10-15,74514
Green,萬隆,#008859,2024-10-15,53083
Green,公館,#008859,2024-10-15,69041
Green,台電大樓,#008859,2024-10-15,39526
Green,古亭,#008859,2024-10-15,60657
Green,中正紀念堂,#008859,2024-10-15,32613
Green,小南門,#008859,2024-10-15,14375
Green,西門,#008859,2024-10-15,80294
Green,北門,#008859,2024-10-15,5568
Green,中山,#008859,2024-10-15,46032
Green,新店,#008859,2024-10-16,8470
Green,新店區公所,#008859,2024-10-16,55842
Green,七張,#008859,2024-10-16,85514
Green,小碧潭,#008859,2024-10-16,73263
Green,大坪林,#008859,2024-10-16,72451
Green,景美,#008859,2024-10-16,12892
Green,萬隆,#008859,2024-10-16,32983
Green,公館,#008859,2024-10-16,40757
Green,台電大樓,#008859,2024-10-16,57170
Green,古亭,#008859,2024-10-16,79910
Green,中正紀念堂,#008859,2024-10-16,31874
Green,小南門,#008859,2024-10-16,85521
Green,西門,#008859,2024-10-16,26828
Green,北門,#008859,2024-10-16,86283
Green,中山,#008859,2024-10-16,38828
Green,新店,#008859,2024-10-17,60118
Green,新店區公所,#008859,2024-10-17,86347
Green,七張,#008859,2024-10-17,64829
Green,小碧潭,#008859,2024-10-17,72674
Green,大坪林,#008859,2024-10-17,50731
Green,景美,#008859,2024-10-17,77197
Green,萬隆,#008859,2024-10-17,48901
Green,公館,#008859,2024-10-17,40111
Green,台電大樓,#008859,2024-10-17,83169
Green,古亭,#008859,2024-10-17,64905
Green,中正紀念堂,#008859,2024-10-17,33019
Green,小南門,#008859,2024-10-17,63727
Green,西門,#008859,2024-10-17,68002
Green,北門,#008859,2024-10-17,83650
Green,中山,#008859,2024-10-17,87131
Green,新店,#008859,2024-10-18,66703
Green,新店區公所,#008859,2024-10-18,87405
Green,七張,#008859,2024-10-18,89649
Green,小碧潭,#008859,2024-10-18,26543
Green,大坪林,#008859,2024-10-18,65218
Green,景美,#008859,2024-10-18,81091
Green,萬隆,#008859,2024-10-18,47459
Green,公館,#008859,2024-10-18,48628
Green,台電大樓,#008859,2024-10-18,55547
Green,古亭,#008859,2024-10-18,25937
Green,中正紀念堂,#008859,2024-10-18,60074
Green,小南門,#008859,2024-10-18,27793
Green,西門,#008859,2024-10-18,87677
Green,北門,#008859,2024-10-18,41046
Green,中山,#008859,2024-10-18,14432
Green,新店,#008859,2024-10-19,73536
Green,新店區公所,#008859,2024-10-19,82019
Green,七張,#008859,2024-10-19,61839
Green,小碧潭,#008859,2024-10-19,5588
Green,大坪林,#008859,2024-10-19,84162
Green,景美,#008859,2024-10-19,53413
Green,萬隆,#008859,2024-10-19,41534
Green,公館,#008859,2024-10-19,49809
Green,台電大樓,#008859,2024-10-19,35990
Green,古亭,#008859,2024-10-19,61616
Green,中正紀念堂,#008859,2024-10-19,27593
Green,小南門,#008859,2024-10-19,16694
Green,西門,#008859,2024-10-19,43519
Green,北門,#008859,2024-10-19,45319
Green,中山,#008859,2024-10-19,80246
Green,新店,#008859,2024-10-20,73586
Green,新店區公所,#008859,2024-10-20,56086
Green,七張,#008859,2024-10-20,82776
Green,小碧潭,#008859,2024-10-20,52787
Green,大坪林,#008859,2024-10-20,60500
Green,景美,#008859,2024-10-20,54683
Green,萬隆,#008859,2024-10-20,48595
Green,公館,#008859,2024-10-20,41349
Green,台電大樓,#008859,2024-10-20,8836
Green,古亭,#008859,2024-10-20,71786
Green,中正紀念堂,#008859,2024-10-20,19305
Green,小南門,#008859,2024-10-20,2219
Green,西門,#008859,2024-10-20,56833
Green,北門,#008859,2024-10-20,21901
Green,中山,#008859,2024-10-20,56988
Green,新店,#008859,2024-10-21,60088
Green,新店區公所,#008859,2024-10-21,44145
Green,七張,#008859,2024-10-21,87959
Green,小碧潭,#008859,2024-10-21,25555
Green,大坪林,#008859,2024-10-21,80347
Green,景美,#008859,2024-10-21,37323
Green,萬隆,#008859,2024-10-21,34444
Green,公館,#008859,2024-10-21,38826
Green,台電大樓,#008859,2024-10-21,52996
Green,古亭,#008859,2024-10-21,83209
Green,中正紀念堂,#008859,2024-10-21,27991
Green,小南門,#008859,2024-10-21,71633
Green,西門,#008859,2024-10-21,37265
Green,北門,#008859,2024-10-21,82794
Green,中山,#008859,2024-10-21,89667
Green,新店,#008859,2024-10-22,54512
Green,新店區公所,#008859,2024-10-22,56566
Green,七張,#008859,2024-10-22,19604
Green,小碧潭,#008859,2024-10-22,14074
Green,大坪林,#008859,2024-10-22,59509
Green,景美,#008859,2024-10-22,58455
Green,萬隆,#008859,2024-10-22,65298
Green,公館,#008859,2024-10-22,75219
Green,台電大樓,#008859,2024-10-22,79798
Green,古亭,#008859,2024-10-22,54352
Green,中正紀念堂,#008859,2024-10-22,7948
Green,小南門,#008859,2024-10-22,54428
Green,西門,#008859,2024-10-22,10796
Green,北門,#008859,2024-10-22,48478
Green,中山,#008859,2024-10-22,18556
Green,新店,#008859,2024-10-23,69927
Green,新店區公所,#008859,2024-10-23,66577
Green,七張,#008859,2024-10-23,8223
Green,小碧潭,#008859,2024-10-23,13574
Green,大坪林,#008859,2024-10-23,21041
Green,景美,#008859,2024-10-23,9263
Green,萬隆,#008859,2024-10-23,50459
Green,公館,#008859,2024-10-23,23341
Green,台電大樓,#008859,2024-10-23,48173
Green,古亭,#008859,2024-10-23,15714
Green,中正紀念堂,#008859,2024-10-23,34684
Green,小南門,#008859,2024-10-23,69615
Green,西門,#008859,2024-10-23,62689
Green,北門,#008859,2024-10-23,23662
Green,中山,#008859,2024-10-23,78213
Green,新店,#008859,2024-10-24,24622
Green,新店區公所,#008859,2024-10-24,51653
Green,七張,#008859,2024-10-24,85443
Green,小碧潭,#008859,2024-10-24,54319
Green,大坪林,#008859,2024-10-24,39396
Green,景美,#008859,2024-10-24,83575
Green,萬隆,#008859,2024-10-24,49340
Green,公館,#008859,2024-10-24,17139
Green,台電大樓,#008859,2024-10-24,54960
Green,古亭,#008859,2024-10-24,70061
Green,中正紀念堂,#008859,2024-10-24,9923
Green,小南門,#008859,2024-10-24,6072
Green,西門,#008859,2024-10-24,82311
Green,北門,#008859,2024-10-24,61928
Green,中山,#008859,2024-10-24,61649
Green,新店,#008859,2024-10-25,88447
Green,新店區公所,#008859,2024-10-25,24945
Green,七張,#008859,2024-10-25,81883
Green,小碧潭,#008859,2024-10-25,73061
Green,大坪林,#008859,2024-10-25,62482
Green,景美,#008859,2024-10-25,17149
Green,萬隆,#008859,2024-10-25,63458
Green,公館,#008859,2024-10-25,15856
Green,台電大樓,#008859,2024-10-25,23195
Green,古亭,#008859,2024-10-25,37890
Green,中正紀念堂,#008859,2024-10-25,69434
Green,小南門,#008859,2024-10-25,4048
Green,西門,#008859,2024-10-25,15841
Green,北門,#008859,2024-10-25,79460
Green,中山,#008859,2024-10-25,71205
Green,新店,#008859,2024-10-26,64044
Green,新店區公所,#008859,2024-10-26,8015
Green,七張,#008859,2024-10-26,32607
Green,小碧潭,#008859,2024-10-26,19243
Green,大坪林,#008859,2024-10-26,78189
Green,景美,#008859,2024-10-26,4240
Green,萬隆,#008859,2024-10-26,62638
Green,公館,#008859,2024-10-26,3553
Green,台電大樓,#008859,2024-10-26,61294
Green,古亭,#008859,2024-10-26,42821
Green,中正紀念堂,#008859,2024-10-26,42921
Green,小南門,#008859,2024-10-26,86225
Green,西門,#008859,2024-10-26,62999
Green,北門,#008859,2024-10-26,47307
Green,中山,#008859,2024-10-26,77043
Green,新店,#008859,2024-10-27,67408
Green,新店區公所,#008859,2024-10-27,20062
Green,七張,#008859,2024-10-27,32520
Green,小碧潭,#008859,2024-10-27,8021
Green,大坪林,#008859,2024-10-27,64726
Green,景美,#008859,2024-10-27,87944
Green,萬隆,#008859,2024-10-27,31589
Green,公館,#008859,2024-10-27,13628
Green,台電大樓,#008859,2024-10-27,18714
Green,古亭,#008859,2024-10-27,27012
Green,中正紀念堂,#008859,2024-10-27,13942
Green,小南門,#008859,2024-10-27,64228
Green,西門,#008859,2024-10-27,50783
Green,北門,#008859,2024-10-27,3264
Green,中山,#008859,2024-10-27,44731
Green,新店,#008859,2024-10-28,77230
Green,新店區公所,#008859,2024-10-28,77114
Green,七張,#008859,2024-10-28,50560
Green,小碧潭,#008859,2024-10-28,51362
Green,大坪林,#008859,2024-10-28,44662
Green,景美,#008859,2024-10-28,34617
Green,萬隆,#008859,2024-10-28,24529
Green,公館,#008859,2024-10-28,34714
Green,台電大樓,#008859,2024-10-28,38056
Green,古亭,#008859,2024-10-28,68016
Green,中正紀念堂,#008859,2024-10-28,57138
Green,小南門,#008859,2024-10-28,78805
Green,西門,#008859,2024-10-28,22121
Green,北門,#008859,2024-10-28,31031
Green,中山,#008859,2024-10-28,73513
Green,新店,#008859,2024-10-29,13196
Green,新店區公所,#008859,2024-10-29,40318
Green,七張,#008859,2024-10-29,79877
Green,小碧潭,#008859,2024-10-29,89276
Green,大坪林,#008859,2024-10-29,84062
Green,景美,#008859,2024-10-29,42780
Green,萬隆,#008859,2024-10-29,74193
Green,公館,#008859,2024-10-29,16683
Green,台電大樓,#008859,2024-10-29,86195
Green,古亭,#008859,2024-10-29,39480
Green,中正紀念堂,#008859,2024-10-29,45027
Green,小南門,#008859,2024-10-29,27450
Green,西門,#008859,2024-10-29,28558
Green,北門,#008859,2024-10-29,66904
Green,中山,#008859,2024-10-29,47755
Green,新店,#008859,2024-10-30,62696
Green,新店區公所,#008859,2024-10-30,25050
Green,七張,#008859,2024-10-30,52013
Green,小碧潭,#008859,2024-10-30,23132
Green,大坪林,#008859,2024-10-30,37961
Green,景美,#008859,2024-10-30,50980
Green,萬隆,#008859,2024-10-30,80768
Green,公館,#008859,2024-10-30,22571
Green,台電大樓,#008859,2024-10-30,33088
Green,古亭,#008859,2024-10-30,44812
Green,中正紀念堂,#008859,2024-10-30,37425
Green,小南門,#008859,2024-10-30,43225
Green,西門,#008859,2024-10-30,66473
Green,北門,#008859,2024-10-30,22815
Green,中山,#008859,2024-10-30,54156
Green,新店,#008859,2024-10-31,61640
Green,新店區公所,#008859,2024-10-31,69969
Green,七張,#008859,2024-10-31,41880
Green,小碧潭,#008859,2024-10-31,60293
Green,大坪林,#008859,2024-10-31,83284
Green,景美,#008859,2024-10-31,65927
Green,萬隆,#008859,2024-10-31,49300
Green,公館,#008859,2024-10-31,18583
Green,台電大樓,#008859,2024-10-31,82347
Green,古亭,#008859,2024-10-31,80352
Green,中正紀念堂,#008859,2024-10-31,40731
Green,小南門,#008859,2024-10-31,4593
Green,西門,#008859,2024-10-31,89857
Green,北門,#008859,2024-10-31,40541
Green,中山,#008859,2024-10-31,74756
Green,新店,#008859,2024-11-01,68560
Green,新店區公所,#008859,2024-11-01,68816
Green,七張,#008859,2024-11-01,35941
Green,小碧潭,#008859,2024-11-01,3364
Green,大坪林,#008859,2024-11-01,61274
Green,景美,#008859,2024-11-01,5607
Green,萬隆,#008859,2024-11-01,84337
Green,公館,#008859,2024-11-01,72304
Green,台電大樓,#008859,2024-11-01,38752
Green,古亭,#008859,2024-11-01,9547
Green,中正紀念堂,#008859,2024-11-01,30515
Green,小南門,#008859,2024-11-01,42932
Green,西門,#008859,2024-11-01,70438
Green,北門,#008859,2024-11-01,27306
Green,中山,#008859,2024-11-01,15782
Green,新店,#008859,2024-11-02,54959
Green,新店區公所,#008859,2024-11-02,88208
Green,七張,#008859,2024-11-02,70219
Green,小碧潭,#008859,2024-11-02,27171
Green,大坪林,#008859,2024-11-02,11464
Green,景美,#008859,2024-11-02,25832
Green,萬隆,#008859,2024-11-02,48815
Green,公館,#008859,2024-11-02,53641
Green,台電大樓,#008859,2024-11-02,73981
Green,古亭,#008859,2024-11-02,47158
Green,中正紀念堂,#008859,2024-11-02,52372
Green,小南門,#008859,2024-11-02,61807
Green,西門,#008859,2024-11-02,72008
Green,北門,#008859,2024-11-02,1017
Green,中山,#008859,2024-11-02,1579
Green,新店,#008859,2024-11-03,36581
Green,新店區公所,#008859,2024-11-03,41159
Green,七張,#008859,2024-11-03,25036
Green,小碧潭,#008859,2024-11-03,82873
Green,大坪林,#008859,2024-11-03,59221
Green,景美,#008859,2024-11-03,87800
Green,萬隆,#008859,2024-11-03,62613
Green,公館,#008859,2024-11-03,48046
Green,台電大樓,#008859,2024-11-03,51832
Green,古亭,#008859,2024-11-03,23267
Green,中正紀念堂,#008859,2024-11-03,2612
Green,小南門,#008859,2024-11-03,77404
Green,西門,#008859,2024-11-03,12480
Green,北門,#008859,2024-11-03,48314
Green,中山,#008859,2024-11-03,50103
Green,新店,#008859,2024-11-04,25543
Green,新店區公所,#008859,2024-11-04,88866
Green,七張,#008859,2024-11-04,57200
Green,小碧潭,#008859,2024-11-04,72667
Green,大坪林,#008859,2024-11-04,11524
Green,景美,#008859,2024-11-04,13030
Green,萬隆,#008859,2024-11-04,55041
Green,公館,#008859,2024-11-04,33259
Green,台電大樓,#008859,2024-11-04,43316
Green,古亭,#008859,2024-11-04,26187
Green,中正紀念堂,#008859,2024-11-04,11792
Green,小南門,#008859,2024-11-04,73502
Green,西門,#008859,2024-11-04,75716
Green,北門,#008859,2024-11-04,6868
Green,中山,#008859,2024-11-04,49041
Green,新店,#008859,2024-11-05,85413
Green,新店區公所,#008859,2024-11-05,50686
Green,七張,#008859,2024-11-05,32560
Green,小碧潭,#008859,2024-11-05,51589
Green,大坪林,#008859,2024-11-05,68642
Green,景美,#008859,2024-11-05,16663
Green,萬隆,#008859,2024-11-05,57528
Green,公館,#008859,2024-11-05,77699
Green,台電大樓,#008859,2024-11-05,9227
Green,古亭,#008859,2024-11-05,80377
Green,中正紀念堂,#008859,2024-11-05,9227
Green,小南門,#008859,2024-11-05,73355
Green,西門,#008859,2024-11-05,26968
Green,北門,#008859,2024-11-05,7418
Green,中山,#008859,2024-11-05,73276
Green,新店,#008859,2024-11-06,77034
Green,新店區公所,#008859,2024-11-06,79423
Green,七張,#008859,2024-11-06,89826
Green,小碧潭,#008859,2024-11-06,47636
Green,大坪林,#008859,2024-11-06,34183
Green,景美,#008859,2024-11-06,56836
Green,萬隆,#008859,2024-11-06,58577
Green,公館,#008859,2024-11-06,6105
Green,台電大樓,#008859,2024-11-06,22946
Green,古亭,#008859,2024-11-06,19285
Green,中正紀念堂,#008859,2024-11-06,29273
Green,小南門,#008859,2024-11-06,60975
Green,西門,#008859,2024-11-06,2935
Green,北門,#008859,2024-11-06,15304
Green,中山,#008859,2024-11-06,9173
Green,新店,#008859,2024-11-07,25769
Green,新店區公所,#008859,2024-11-07,46096
Green,七張,#008859,2024-11-07,76170
Green,小碧潭,#008859,2024-11-07,39234
Green,大坪林,#008859,2024-11-07,57619
Green,景美,#008859,2024-11-07,39950
Green,萬隆,#008859,2024-11-07,39612
Green,公館,#008859,2024-11-07,56707
Green,台電大樓,#008859,2024-11-07,64626
Green,古亭,#008859,2024-11-07,62916
Green,中正紀念堂,#008859,2024-11-07,83750
Green,小南門,#008859,2024-11-07,12670
Green,西門,#008859,2024-11-07,89679
Green,北門,#008859,2024-11-07,37870
Green,中山,#008859,2024-11-07,6528
Green,新店,#008859,2024-11-08,82508
Green,新店區公所,#008859,2024-11-08,28295
Green,七張,#008859,2024-11-08,46399
Green,小碧潭,#008859,2024-11-08,55528
Green,大坪林,#008859,2024-11-08,52559
Green,景美,#008859,2024-11-08,3373
Green,萬隆,#008859,2024-11-08,43425
Green,公館,#008859,2024-11-08,88081
Green,台電大樓,#008859,2024-11-08,46622
Green,古亭,#008859,2024-11-08,19951
Green,中正紀念堂,#008859,2024-11-08,75161
Green,小南門,#008859,2024-11-08,1771
Green,西門,#008859,2024-11-08,47685
Green,北門,#008859,2024-11-08,89499
Green,中山,#008859,2024-11-08,56019
Green,新店,#008859,2024-11-09,64734
Green,新店區公所,#008859,2024-11-09,82062
Green,七張,#008859,2024-11-09,59188
Green,小碧潭,#008859,2024-11-09,30840
Green,大坪林,#008859,2024-11-09,67721
Green,景美,#008859,2024-11-09,22005
Green,萬隆,#008859,2024-11-09,8950
Green,公館,#008859,2024-11-09,7341
Green,台電大樓,#008859,2024-11-09,20788
Green,古亭,#008859,2024-11-09,31305
Green,中正紀念堂,#008859,2024-11-09,76068
Green,小南門,#008859,2024-11-09,38066
Green,西門,#008859,2024-11-09,48643
Green,北門,#008859,2024-11-09,48610
Green,中山,#008859,2024-11-09,44465
Green,新店,#008859,2024-11-10,80812
Green,新店區公所,#008859,2024-11-10,11159
Green,七張,#008859,2024-11-10,38374
Green,小碧潭,#008859,2024-11-10,26145
Green,大坪林,#008859,2024-11-10,85451
Green,景美,#008859,2024-11-10,29711
Green,萬隆,#008859,2024-11-10,73076
Green,公館,#008859,2024-11-10,16114
Green,台電大樓,#008859,2024-11-10,70932
Green,古亭,#008859,2024-11-10,87993
Green,中正紀念堂,#008859,2024-11-10,25972
Green,小南門,#008859,2024-11-10,88302
Green,西門,#008859,2024-11-10,44106
Green,北門,#008859,2024-11-10,27245
Green,中山,#008859,2024-11-10,6754
Green,新店,#008859,2024-11-11,42834
Green,新店區公所,#008859,2024-11-11,7385
Green,七張,#008859,2024-11-11,62593
Green,小碧潭,#008859,2024-11-11,59800
Green,大坪林,#008859,2024-11-11,12847
Green,景美,#008859,2024-11-11,9988
Green,萬隆,#008859,2024-11-11,50528
Green,公館,#008859,2024-11-11,3833
Green,台電大樓,#008859,2024-11-11,9832
Green,古亭,#008859,2024-11-11,5644
Green,中正紀念堂,#008859,2024-11-11,34618
Green,小南門,#008859,2024-11-11,21562
Green,西門,#008859,2024-11-11,29334
Green,北門,#008859,2024-11-11,67830
Green,中山,#008859,2024-11-11,30568
Green,新店,#008859,2024-11-12,85602
Green,新店區公所,#008859,2024-11-12,17196
Green,七張,#008859,2024-11-12,17611
Green,小碧潭,#008859,2024-11-12,10733
Green,大坪林,#008859,2024-11-12,88570
Green,景美,#008859,2024-11-12,12446
Green,萬隆,#008859,2024-11-12,41093
Green,公館,#008859,2024-11-12,36697
Green,台電大樓,#008859,2024-11-12,75997
Green,古亭,#008859,2024-11-12,35530
Green,中正紀念堂,#008859,2024-11-12,37194
Green,小南門,#008859,2024-11-12,12651
Green,西門,#008859,2024-11-12,19682
Green,北門,#008859,2024-11-12,72293
Green,中山,#008859,2024-11-12,7147
Green,新店,#008859,2024-11-13,40160
Green,新店區公所,#008859,2024-11-13,43911
Green,七張,#008859,2024-11-13,68025
Green,小碧潭,#008859,2024-11-13,23371
Green,大坪林,#008859,2024-11-13,85226
Green,景美,#008859,2024-11-13,42634
Green,萬隆,#008859,2024-11-13,83246
Green,公館,#008859,2024-11-13,54485
Green,台電大樓,#008859,2024-11-13,12609
Green,古亭,#008859,2024-11-13,1075
Green,中正紀念堂,#008859,2024-11-13,39242
Green,小南門,#008859,2024-11-13,33282
Green,西門,#008859,2024-11-13,46844
Green,北門,#008859,2024-11-13,67606
Green,中山,#008859,2024-11-13,83778
Green,新店,#008859,2024-11-14,44483
Green,新店區公所,#008859,2024-11-14,35934
Green,七張,#008859,2024-11-14,76636
Green,小碧潭,#008859,2024-11-14,75229
Green,大坪林,#008859,2024-11-14,18481
Green,景美,#008859,2024-11-14,51799
Green,萬隆,#008859,2024-11-14,18118
Green,公館,#008859,2024-11-14,55012
Green,台電大樓,#008859,2024-11-14,7134
Green,古亭,#008859,2024-11-14,13783
Green,中正紀念堂,#008859,2024-11-14,41383
Green,小南門,#008859,2024-11-14,54164
Green,西門,#008859,2024-11-14,11729
Green,北門,#008859,2024-11-14,82786
Green,中山,#008859,2024-11-14,41490
Green,新店,#008859,2024-11-15,75898
Green,新店區公所,#008859,2024-11-15,75796
Green,七張,#008859,2024-11-15,36417
Green,小碧潭,#008859,2024-11-15,37633
Green,大坪林,#008859,2024-11-15,40891
Green,景美,#008859,2024-11-15,38564
Green,萬隆,#008859,2024-11-15,67053
Green,公館,#008859,2024-11-15,56720
Green,台電大樓,#008859,2024-11-15,28364
Green,古亭,#008859,2024-11-15,18375
Green,中正紀念堂,#008859,2024-11-15,48573
Green,小南門,#008859,2024-11-15,34661
Green,西門,#008859,2024-11-15,19192
Green,北門,#008859,2024-11-15,75468
Green,中山,#008859,2024-11-15,47580
Green,新店,#008859,2024-11-16,67740
Green,新店區公所,#008859,2024-11-16,81759
Green,七張,#008859,2024-11-16,7660
Green,小碧潭,#008859,2024-11-16,33378
Green,大坪林,#008859,2024-11-16,78235
Green,景美,#008859,2024-11-16,59418
Green,萬隆,#008859,2024-11-16,36670
Green,公館,#008859,2024-11-16,46906
Green,台電大樓,#008859,2024-11-16,42097
Green,古亭,#008859,2024-11-16,40742
Green,中正紀念堂,#008859,2024-11-16,59713
Green,小南門,#008859,2024-11-16,35798
Green,西門,#008859,2024-11-16,2467
Green,北門,#008859,2024-11-16,85538
Green,中山,#008859,2024-11-16,55732
Green,新店,#008859,2024-11-17,26383
Green,新店區公所,#008859,2024-11-17,19549
Green,七張,#008859,2024-11-17,45075
Green,小碧潭,#008859,2024-11-17,51366
Green,大坪林,#008859,2024-11-17,52627
Green,景美,#008859,2024-11-17,85039
Green,萬隆,#008859,2024-11-17,70259
Green,公館,#008859,2024-11-17,64438
Green,台電大樓,#008859,2024-11-17,17720
Green,古亭,#008859,2024-11-17,34988
Green,中正紀念堂,#008859,2024-11-17,52172
Green,小南門,#008859,2024-11-17,76004
Green,西門,#008859,2024-11-17,7623
Green,北門,#008859,2024-11-17,57132
Green,中山,#008859,2024-11-17,69541
Green,新店,#008859,2024-11-18,50845
Green,新店區公所,#008859,2024-11-18,15329
Green,七張,#008859,2024-11-18,29026
Green,小碧潭,#008859,2024-11-18,65471
Green,大坪林,#008859,2024-11-18,36023
Green,景美,#008859,2024-11-18,83217
Green,萬隆,#008859,2024-11-18,5782
Green,公館,#008859,2024-11-18,57035
Green,台電大樓,#008859,2024-11-18,61884
Green,古亭,#008859,2024-11-18,40320
Green,中正紀念堂,#008859,2024-11-18,44660
Green,小南門,#008859,2024-11-18,88180
Green,西門,#008859,2024-11-18,56254
Green,北門,#008859,2024-11-18,50911
Green,中山,#008859,2024-11-18,89947
Green,新店,#008859,2024-11-19,2412
Green,新店區公所,#008859,2024-11-19,61872
Green,七張,#008859,2024-11-19,81837
Green,小碧潭,#008859,2024-11-19,63891
Green,大坪林,#008859,2024-11-19,74487
Green,景美,#008859,2024-11-19,13185
Green,萬隆,#008859,2024-11-19,72743
Green,公館,#008859,2024-11-19,60392
Green,台電大樓,#008859,2024-11-19,1586
Green,古亭,#008859,2024-11-19,52862
Green,中正紀念堂,#008859,2024-11-19,43776
Green,小南門,#008859,2024-11-19,79331
Green,西門,#008859,2024-11-19,69864
Green,北門,#008859,2024-11-19,59962
Green,中山,#008859,2024-11-19,63037
Green,新店,#008859,2024-11-20,85886
Green,新店區公所,#008859,2024-11-20,50443
Green,七張,#008859,2024-11-20,82300
Green,小碧潭,#008859,2024-11-20,53037
Green,大坪林,#008859,2024-11-20,89483
Green,景美,#008859,2024-11-20,83897
Green,萬隆,#008859,2024-11-20,55711
Green,公館,#008859,2024-11-20,52540
Green,台電大樓,#008859,2024-11-20,73265
Green,古亭,#008859,2024-11-20,77123
Green,中正紀念堂,#008859,2024-11-20,3018
Green,小南門,#008859,2024-11-20,74519
Green,西門,#008859,2024-11-20,26341
Green,北門,#008859,2024-11-20,84525
Green,中山,#008859,2024-11-20,24406
Green,新店,#008859,2024-11-21,31325
Green,新店區公所,#008859,2024-11-21,42408
Green,七張,#008859,2024-11-21,40542
Green,小碧潭,#008859,2024-11-21,40070
Green,大坪林,#008859,2024-11-21,21282
Green,景美,#008859,2024-11-21,42815
Green,萬隆,#008859,2024-11-21,22557
Green,公館,#008859,2024-11-21,81177
Green,台電大樓,#008859,2024-11-21,32910
Green,古亭,#008859,2024-11-21,26294
Green,中正紀念堂,#008859,2024-11-21,28346
Green,小南門,#008859,2024-11-21,46116
Green,西門,#008859,2024-11-21,56564
Green,北門,#008859,2024-11-21,60805
Green,中山,#008859,2024-11-21,64701
Green,新店,#008859,2024-11-22,25489
Green,新店區公所,#008859,2024-11-22,10581
Green,七張,#008859,2024-11-22,32963
Green,小碧潭,#008859,2024-11-22,62999
Green,大坪林,#008859,2024-11-22,26832
Green,景美,#008859,2024-11-22,56893
Green,萬隆,#008859,2024-11-22,24658
Green,公館,#008859,2024-11-22,58680
Green,台電大樓,#008859,2024-11-22,27690
Green,古亭,#008859,2024-11-22,4616
Green,中正紀念堂,#008859,2024-11-22,13253
Green,小南門,#008859,2024-11-22,18750
Green,西門,#008859,2024-11-22,49537
Green,北門,#008859,2024-11-22,21928
Green,中山,#008859,2024-11-22,62561
Green,新店,#008859,2024-11-23,14643
Green,新店區公所,#008859,2024-11-23,53478
Green,七張,#008859,2024-11-23,11407
Green,小碧潭,#008859,2024-11-23,89231
Green,大坪林,#008859,2024-11-23,61639
Green,景美,#008859,2024-11-23,55690
Green,萬隆,#008859,2024-11-23,64459
Green,公館,#008859,2024-11-23,87412
Green,台電大樓,#008859,2024-11-23,28570
Green,古亭,#008859,2024-11-23,19900
Green,中正紀念堂,#008859,2024-11-23,57488
Green,小南門,#008859,2024-11-23,2448
Green,西門,#008859,2024-11-23,14531
Green,北門,#008859,2024-11-23,59328
Green,中山,#008859,2024-11-23,61736
Green,新店,#008859,2024-11-24,29014
Green,新店區公所,#008859,2024-11-24,79250
Green,七張,#008859,2024-11-24,77604
Green,小碧潭,#008859,2024-11-24,33573
Green,大坪林,#008859,2024-11-24,71286
Green,景美,#008859,2024-11-24,47218
Green,萬隆,#008859,2024-11-24,44782
Green,公館,#008859,2024-11-24,61400
Green,台電大樓,#008859,2024-11-24,33313
Green,古亭,#008859,2024-11-24,56591
Green,中正紀念堂,#008859,2024-11-24,18149
Green,小南門,#008859,2024-11-24,54589
Green,西門,#008859,2024-11-24,81608
Green,北門,#008859,2024-11-24,45954
Green,中山,#008859,2024-11-24,47819
Green,新店,#008859,2024-11-25,17148
Green,新店區公所,#008859,2024-11-25,85803
Green,七張,#008859,2024-11-25,62893
Green,小碧潭,#008859,2024-11-25,66490
Green,大坪林,#008859,2024-11-25,41657
Green,景美,#008859,2024-11-25,76714
Green,萬隆,#008859,2024-11-25,84773
Green,公館,#008859,2024-11-25,66183
Green,台電大樓,#008859,2024-11-25,80515
Green,古亭,#008859,2024-11-25,81130
Green,中正紀念堂,#008859,2024-11-25,51679
Green,小南門,#008859,2024-11-25,33595
Green,西門,#008859,2024-11-25,59529
Green,北門,#008859,2024-11-25,35182
Green,中山,#008859,2024-11-25,4003
Green,新店,#008859,2024-11-26,67714
Green,新店區公所,#008859,2024-11-26,78726
Green,七張,#008859,2024-11-26,73810
Green,小碧潭,#008859,2024-11-26,33316
Green,大坪林,#008859,2024-11-26,62887
Green,景美,#008859,2024-11-26,41234
Green,萬隆,#008859,2024-11-26,71689
Green,公館,#008859,2024-11-26,40431
Green,台電大樓,#008859,2024-11-26,61425
Green,古亭,#008859,2024-11-26,80903
Green,中正紀念堂,#008859,2024-11-26,18620
Green,小南門,#008859,2024-11-26,84698
Green,西門,#008859,2024-11-26,30027
Green,北門,#008859,2024-11-26,60743
Green,中山,#008859,2024-11-26,39857
Green,新店,#008859,2024-11-27,13429
Green,新店區公所,#008859,2024-11-27,13176
Green,七張,#008859,2024-11-27,53560
Green,小碧潭,#008859,2024-11-27,86253
Green,大坪林,#008859,2024-11-27,22470
Green,景美,#008859,2024-11-27,48168
Green,萬隆,#008859,2024-11-27,8133
Green,公館,#008859,2024-11-27,55949
Green,台電大樓,#008859,2024-11-27,81014
Green,古亭,#008859,2024-11-27,10172
Green,中正紀念堂,#008859,2024-11-27,72823
Green,小南門,#008859,2024-11-27,47785
Green,西門,#008859,2024-11-27,5934
Green,北門,#008859,2024-11-27,71366
Green,中山,#008859,2024-11-27,61114
Green,新店,#008859,2024-11-28,11430
Green,新店區公所,#008859,2024-11-28,44099
Green,七張,#008859,2024-11-28,81235
Green,小碧潭,#008859,2024-11-28,68021
Green,大坪林,#008859,2024-11-28,83337
Green,景美,#008859,2024-11-28,55396
Green,萬隆,#008859,2024-11-28,13796
Green,公館,#008859,2024-11-28,43449
Green,台電大樓,#008859,2024-11-28,52609
Green,古亭,#008859,2024-11-28,76220
Green,中正紀念堂,#008859,2024-11-28,48823
Green,小南門,#008859,2024-11-28,32338
Green,西門,#008859,2024-11-28,57576
Green,北門,#008859,2024-11-28,25098
Green,中山,#008859,2024-11-28,31421
Green,新店,#008859,2024-11-29,74853
Green,新店區公所,#008859,2024-11-29,17588
Green,七張,#008859,2024-11-29,27222
Green,小碧潭,#008859,2024-11-29,39460
Green,大坪林,#008859,2024-11-29,22820
Green,景美,#008859,2024-11-29,81553
Green,萬隆,#008859,2024-11-29,4646
Green,公館,#008859,2024-11-29,42875
Green,台電大樓,#008859,2024-11-29,78824
Green,古亭,#008859,2024-11-29,87270
Green,中正紀念堂,#008859,2024-11-29,55868
Green,小南門,#008859,2024-11-29,41408
Green,西門,#008859,2024-11-29,51630
Green,北門,#008859,2024-11-29,31520
Green,中山,#008859,2024-11-29,46161
Green,新店,#008859,2024-11-30,89908
Green,新店區公所,#008859,2024-11-30,39831
Green,七張,#008859,2024-11-30,28919
Green,小碧潭,#008859,2024-11-30,64422
Green,大坪林,#008859,2024-11-30,12035
Green,景美,#008859,2024-11-30,85396
Green,萬隆,#008859,2024-11-30,10802
Green,公館,#008859,2024-11-30,7583
Green,台電大樓,#008859,2024-11-30,25293
Green,古亭,#008859,2024-11-30,6257
Green,中正紀念堂,#008859,2024-11-30,84830
Green,小南門,#008859,2024-11-30,68431
Green,西門,#008859,2024-11-30,24221
Green,北門,#008859,2024-11-30,20971
Green,中山,#008859,2024-11-30,88824
Green,新店,#008859,2024-12-01,83795
Green,新店區公所,#008859,2024-12-01,40967
Green,七張,#008859,2024-12-01,44642
Green,小碧潭,#008859,2024-12-01,59164
Green,大坪林,#008859,2024-12-01,3830
Green,景美,#008859,2024-12-01,26449
Green,萬隆,#008859,2024-12-01,48208
Green,公館,#008859,2024-12-01,5284
Green,台電大樓,#008859,2024-12-01,34864
Green,古亭,#008859,2024-12-01,66338
Green,中正紀念堂,#008859,2024-12-01,2175
Green,小南門,#008859,2024-12-01,35077
Green,西門,#008859,2024-12-01,31209
Green,北門,#008859,2024-12-01,1174
Green,中山,#008859,2024-12-01,64156
Green,新店,#008859,2024-12-02,39520
Green,新店區公所,#008859,2024-12-02,19547
Green,七張,#008859,2024-12-02,83817
Green,小碧潭,#008859,2024-12-02,81549
Green,大坪林,#008859,2024-12-02,76323
Green,景美,#008859,2024-12-02,20265
Green,萬隆,#008859,2024-12-02,13532
Green,公館,#008859,2024-12-02,78925
Green,台電大樓,#008859,2024-12-02,1429
Green,古亭,#008859,2024-12-02,15442
Green,中正紀念堂,#008859,2024-12-02,38633
Green,小南門,#008859,2024-12-02,66553
Green,西門,#008859,2024-12-02,27888
Green,北門,#008859,2024-12-02,65410
Green,中山,#008859,2024-12-02,54118
Green,新店,#008859,2024-12-03,27570
Green,新店區公所,#008859,2024-12-03,24200
Green,七張,#008859,2024-12-03,58858
Green,小碧潭,#008859,2024-12-03,24147
Green,大坪林,#008859,2024-12-03,73802
Green,景美,#008859,2024-12-03,49438
Green,萬隆,#008859,2024-12-03,7574
Green,公館,#008859,2024-12-03,89653
Green,台電大樓,#008859,2024-12-03,46031
Green,古亭,#008859,2024-12-03,53743
Green,中正紀念堂,#008859,2024-12-03,7546
Green,小南門,#008859,2024-12-03,2216
Green,西門,#008859,2024-12-03,25671
Green,北門,#008859,2024-12-03,56240
Green,中山,#008859,2024-12-03,53033
Green,新店,#008859,2024-12-04,39713
Green,新店區公所,#008859,2024-12-04,86131
Green,七張,#008859,2024-12-04,70875
Green,小碧潭,#008859,2024-12-04,63689
Green,大坪林,#008859,2024-12-04,68489
Green,景美,#008859,2024-12-04,25421
Green,萬隆,#008859,2024-12-04,46881
Green,公館,#008859,2024-12-04,74316
Green,台電大樓,#008859,2024-12-04,72520
Green,古亭,#008859,2024-12-04,88391
Green,中正紀念堂,#008859,2024-12-04,75201
Green,小南門,#008859,2024-12-04,60122
Green,西門,#008859,2024-12-04,86751
Green,北門,#008859,2024-12-04,47164
Green,中山,#008859,2024-12-04,17936
Green,新店,#008859,2024-12-05,58103
Green,新店區公所,#008859,2024-12-05,38268
Green,七張,#008859,2024-12-05,1504
Green,小碧潭,#008859,2024-12-05,36096
Green,大坪林,#008859,2024-12-05,84322
Green,景美,#008859,2024-12-05,6239
Green,萬隆,#008859,2024-12-05,2672
Green,公館,#008859,2024-12-05,68443
Green,台電大樓,#008859,2024-12-05,30152
Green,古亭,#008859,2024-12-05,66138
Green,中正紀念堂,#008859,2024-12-05,35024
Green,小南門,#008859,2024-12-05,55623
Green,西門,#008859,2024-12-05,77200
Green,北門,#008859,2024-12-05,57966
Green,中山,#008859,2024-12-05,39548
Green,新店,#008859,2024-12-06,57343
Green,新店區公所,#008859,2024-12-06,80195
Green,七張,#008859,2024-12-06,41512
Green,小碧潭,#008859,2024-12-06,74455
Green,大坪林,#008859,2024-12-06,10055
Green,景美,#008859,2024-12-06,76130
Green,萬隆,#008859,2024-12-06,85967
Green,公館,#008859,2024-12-06,81649
Green,台電大樓,#008859,2024-12-06,33576
Green,古亭,#008859,2024-12-06,69702
Green,中正紀念堂,#008859,2024-12-06,12854
Green,小南門,#008859,2024-12-06,53180
Green,西門,#008859,2024-12-06,14103
Green,北門,#008859,2024-12-06,35823
Green,中山,#008859,2024-12-06,28986
Green,新店,#008859,2024-12-07,55053
Green,新店區公所,#008859,2024-12-07,60608
Green,七張,#008859,2024-12-07,35939
Green,小碧潭,#008859,2024-12-07,46263
Green,大坪林,#008859,2024-12-07,41103
Green,景美,#008859,2024-12-07,41077
Green,萬隆,#008859,2024-12-07,82133
Green,公館,#008859,2024-12-07,83983
Green,台電大樓,#008859,2024-12-07,59031
Green,古亭,#008859,2024-12-07,31950
Green,中正紀念堂,#008859,2024-12-07,47313
Green,小南門,#008859,2024-12-07,46358
Green,西門,#008859,2024-12-07,6445
Green,北門,#008859,2024-12-07,68016
Green,中山,#008859,2024-12-07,7778
Green,新店,#008859,2024-12-08,28248
Green,新店區公所,#008859,2024-12-08,20152
Green,七張,#008859,2024-12-08,10522
Green,小碧潭,#008859,2024-12-08,17441
Green,大坪林,#008859,2024-12-08,80367
Green,景美,#008859,2024-12-08,51416
Green,萬隆,#008859,2024-12-08,88420
Green,公館,#008859,2024-12-08,5361
Green,台電大樓,#008859,2024-12-08,71387
Green,古亭,#008859,2024-12-08,40743
Green,中正紀念堂,#008859,2024-12-08,38883
Green,小南門,#008859,2024-12-08,47027
Green,西門,#008859,2024-12-08,58634
Green,北門,#008859,2024-12-08,67734
Green,中山,#008859,2024-12-08,22813
Green,新店,#008859,2024-12-09,80705
Green,新店區公所,#008859,2024-12-09,22719
Green,七張,#008859,2024-12-09,64275
Green,小碧潭,#008859,2024-12-09,84367
Green,大坪林,#008859,2024-12-09,6927
Green,景美,#008859,2024-12-09,73048
Green,萬隆,#008859,2024-12-09,86839
Green,公館,#008859,2024-12-09,65444
Green,台電大樓,#008859,2024-12-09,81280
Green,古亭,#008859,2024-12-09,81352
Green,中正紀念堂,#008859,2024-12-09,43848
Green,小南門,#008859,2024-12-09,16830
Green,西門,#008859,2024-12-09,42043
Green,北門,#008859,2024-12-09,39021
Green,中山,#008859,2024-12-09,49458
Green,新店,#008859,2024-12-10,70255
Green,新店區公所,#008859,2024-12-10,75915
Green,七張,#008859,2024-12-10,70155
Green,小碧潭,#008859,2024-12-10,46319
Green,大坪林,#008859,2024-12-10,77436
Green,景美,#008859,2024-12-10,62756
Green,萬隆,#008859,2024-12-10,19392
Green,公館,#008859,2024-12-10,74461
Green,台電大樓,#008859,2024-12-10,48904
Green,古亭,#008859,2024-12-10,85990
Green,中正紀念堂,#008859,2024-12-10,16045
Green,小南門,#008859,2024-12-10,23571
Green,西門,#008859,2024-12-10,74670
Green,北門,#008859,2024-12-10,56731
Green,中山,#008859,2024-12-10,42953
Green,新店,#008859,2024-12-11,43205
Green,新店區公所,#008859,2024-12-11,69710
Green,七張,#008859,2024-12-11,70904
Green,小碧潭,#008859,2024-12-11,24056
Green,大坪林,#008859,2024-12-11,13314
Green,景美,#008859,2024-12-11,6933
Green,萬隆,#008859,2024-12-11,59493
Green,公館,#008859,2024-12-11,73335
Green,台電大樓,#008859,2024-12-11,11245
Green,古亭,#008859,2024-12-11,78864
Green,中正紀念堂,#008859,2024-12-11,59684
Green,小南門,#008859,2024-12-11,65073
Green,西門,#008859,2024-12-11,78087
Green,北門,#008859,2024-12-11,77440
Green,中山,#008859,2024-12-11,38780
Green,新店,#008859,2024-12-12,56180
Green,新店區公所,#008859,2024-12-12,12014
Green,七張,#008859,2024-12-12,34060
Green,小碧潭,#008859,2024-12-12,58837
Green,大坪林,#008859,2024-12-12,66196
Green,景美,#008859,2024-12-12,64286
Green,萬隆,#008859,2024-12-12,29763
Green,公館,#008859,2024-12-12,40043
Green,台電大樓,#008859,2024-12-12,9578
Green,古亭,#008859,2024-12-12,18052
Green,中正紀念堂,#008859,2024-12-12,1678
Green,小南門,#008859,2024-12-12,82528
Green,西門,#008859,2024-12-12,65704
Green,北門,#008859,2024-12-12,26809
Green,中山,#008859,2024-12-12,60750
Green,新店,#008859,2024-12-13,31045
Green,新店區公所,#008859,2024-12-13,71821
Green,七張,#008859,2024-12-13,65216
Green,小碧潭,#008859,2024-12-13,15415
Green,大坪林,#008859,2024-12-13,80233
Green,景美,#008859,2024-12-13,41061
Green,萬隆,#008859,2024-12-13,57817
Green,公館,#008859,2024-12-13,11887
Green,台電大樓,#008859,2024-12-13,18159
Green,古亭,#008859,2024-12-13,32754
Green,中正紀念堂,#008859,2024-12-13,88223
Green,小南門,#008859,2024-12-13,33307
Green,西門,#008859,2024-12-13,84433
Green,北門,#008859,2024-12-13,69153
Green,中山,#008859,2024-12-13,23309
Green,新店,#008859,2024-12-14,13117
Green,新店區公所,#008859,2024-12-14,12600
Green,七張,#008859,2024-12-14,67670
Green,小碧潭,#008859,2024-12-14,41060
Green,大坪林,#008859,2024-12-14,78656
Green,景美,#008859,2024-12-14,1834
Green,萬隆,#008859,2024-12-14,81706
Green,公館,#008859,2024-12-14,81400
Green,台電大樓,#008859,2024-12-14,81931
Green,古亭,#008859,2024-12-14,15774
Green,中正紀念堂,#008859,2024-12-14,42736
Green,小南門,#008859,2024-12-14,45867
Green,西門,#008859,2024-12-14,20662
Green,北門,#008859,2024-12-14,1912
Green,中山,#008859,2024-12-14,81377
Green,新店,#008859,2024-12-15,4468
Green,新店區公所,#008859,2024-12-15,74708
Green,七張,#008859,2024-12-15,65868
Green,小碧潭,#008859,2024-12-15,88164
Green,大坪林,#008859,2024-12-15,34040
Green,景美,#008859,2024-12-15,43117
Green,萬隆,#008859,2024-12-15,43085
Green,公館,#008859,2024-12-15,87595
Green,台電大樓,#008859,2024-12-15,30579
Green,古亭,#008859,2024-12-15,63323
Green,中正紀念堂,#008859,2024-12-15,31487
Green,小南門,#008859,2024-12-15,67313
Green,西門,#008859,2024-12-15,53615
Green,北門,#008859,2024-12-15,43796
Green,中山,#008859,2024-12-15,20530
Green,新店,#008859,2024-12-16,52487
Green,新店區公所,#008859,2024-12-16,16576
Green,七張,#008859,2024-12-16,56988
Green,小碧潭,#008859,2024-12-16,83776
Green,大坪林,#008859,2024-12-16,8603
Green,景美,#008859,2024-12-16,4629
Green,萬隆,#008859,2024-12-16,64785
Green,公館,#008859,2024-12-16,34839
Green,台電大樓,#008859,2024-12-16,60652
Green,古亭,#008859,2024-12-16,24251
Green,中正紀念堂,#008859,2024-12-16,72095
Green,小南門,#008859,2024-12-16,20758
Green,西門,#008859,2024-12-16,4505
Green,北門,#008859,2024-12-16,62093
Green,中山,#008859,2024-12-16,10633
Green,新店,#008859,2024-12-17,16192
Green,新店區公所,#008859,2024-12-17,76812
Green,七張,#008859,2024-12-17,33457
Green,小碧潭,#008859,2024-12-17,13116
Green,大坪林,#008859,2024-12-17,56702
Green,景美,#008859,2024-12-17,27192
Green,萬隆,#008859,2024-12-17,73410
Green,公館,#008859,2024-12-17,12175
Green,台電大樓,#008859,2024-12-17,48752
Green,古亭,#008859,2024-12-17,56254
Green,中正紀念堂,#008859,2024-12-17,86281
Green,小南門,#008859,2024-12-17,85344
Green,西門,#008859,2024-12-17,41794
Green,北門,#008859,2024-12-17,19470
Green,中山,#008859,2024-12-17,4960
Green,新店,#008859,2024-12-18,70350
Green,新店區公所,#008859,2024-12-18,43500
Green,七張,#008859,2024-12-18,16159
Green,小碧潭,#008859,2024-12-18,20286
Green,大坪林,#008859,2024-12-18,11068
Green,景美,#008859,2024-12-18,34815
Green,萬隆,#008859,2024-12-18,49664
Green,公館,#008859,2024-12-18,22904
Green,台電大樓,#008859,2024-12-18,38638
Green,古亭,#008859,2024-12-18,20784
Green,中正紀念堂,#008859,2024-12-18,28723
Green,小南門,#008859,2024-12-18,23642
Green,西門,#008859,2024-12-18,84383
Green,北門,#008859,2024-12-18,48436
Green,中山,#008859,2024-12-18,14327
Green,新店,#008859,2024-12-19,16761
Green,新店區公所,#008859,2024-12-19,3244
Green,七張,#008859,2024-12-19,59032
Green,小碧潭,#008859,2024-12-19,33263
Green,大坪林,#008859,2024-12-19,32836
Green,景美,#008859,2024-12-19,83505
Green,萬隆,#008859,2024-12-19,82041
Green,公館,#008859,2024-12-19,65051
Green,台電大樓,#008859,2024-12-19,79952
Green,古亭,#008859,2024-12-19,70521
Green,中正紀念堂,#008859,2024-12-19,44788
Green,小南門,#008859,2024-12-19,72316
Green,西門,#008859,2024-12-19,49725
Green,北門,#008859,2024-12-19,63775
Green,中山,#008859,2024-12-19,28624
Green,新店,#008859,2024-12-20,57470
Green,新店區公所,#008859,2024-12-20,43591
Green,七張,#008859,2024-12-20,77572
Green,小碧潭,#008859,2024-12-20,54094
Green,大坪林,#008859,2024-12-20,48444
Green,景美,#008859,2024-12-20,88199
Green,萬隆,#008859,2024-12-20,31777
Green,公館,#008859,2024-12-20,76097
Green,台電大樓,#008859,2024-12-20,37544
Green,古亭,#008859,2024-12-20,70146
Green,中正紀念堂,#008859,2024-12-20,85384
Green,小南門,#008859,2024-12-20,88180
Green,西門,#008859,2024-12-20,87052
Green,北門,#008859,2024-12-20,40799
Green,中山,#008859,2024-12-20,70204
Green,新店,#008859,2024-12-21,45770
Green,新店區公所,#008859,2024-12-21,24937
Green,七張,#008859,2024-12-21,2792
Green,小碧潭,#008859,2024-12-21,57849
Green,大坪林,#008859,2024-12-21,10166
Green,景美,#008859,2024-12-21,67582
Green,萬隆,#008859,2024-12-21,12077
Green,公館,#008859,2024-12-21,80154
Green,台電大樓,#008859,2024-12-21,21061
Green,古亭,#008859,2024-12-21,34566
Green,中正紀念堂,#008859,2024-12-21,31648
Green,小南門,#008859,2024-12-21,21211
Green,西門,#008859,2024-12-21,26196
Green,北門,#008859,2024-12-21,23243
Green,中山,#008859,2024-12-21,24400
Green,新店,#008859,2024-12-22,33570
Green,新店區公所,#008859,2024-12-22,19388
Green,七張,#008859,2024-12-22,58670
Green,小碧潭,#008859,2024-12-22,35060
Green,大坪林,#008859,2024-12-22,55402
Green,景美,#008859,2024-12-22,85634
Green,萬隆,#008859,2024-12-22,21161
Green,公館,#008859,2024-12-22,41371
Green,台電大樓,#008859,2024-12-22,11392
Green,古亭,#008859,2024-12-22,73843
Green,中正紀念堂,#008859,2024-12-22,83773
Green,小南門,#008859,2024-12-22,41947
Green,西門,#008859,2024-12-22,51925
Green,北門,#008859,2024-12-22,35208
Green,中山,#008859,2024-12-22,1396
Green,新店,#008859,2024-12-23,49429
Green,新店區公所,#008859,2024-12-23,19137
Green,七張,#008859,2024-12-23,72745
Green,小碧潭,#008859,2024-12-23,75637
Green,大坪林,#008859,2024-12-23,80260
Green,景美,#008859,2024-12-23,59116
Green,萬隆,#008859,2024-12-23,66759
Green,公館,#008859,2024-12-23,88456
Green,台電大樓,#008859,2024-12-23,18953
Green,古亭,#008859,2024-12-23,67921
Green,中正紀念堂,#008859,2024-12-23,54253
Green,小南門,#008859,2024-12-23,38939
Green,西門,#008859,2024-12-23,65287
Green,北門,#008859,2024-12-23,88486
Green,中山,#008859,2024-12-23,18153
Green,新店,#008859,2024-12-24,63450
Green,新店區公所,#008859,2024-12-24,50285
Green,七張,#008859,2024-12-24,85860
Green,小碧潭,#008859,2024-12-24,17362
Green,大坪林,#008859,2024-12-24,3208
Green,景美,#008859,2024-12-24,3362
Green,萬隆,#008859,2024-12-24,47433
Green,公館,#008859,2024-12-24,61245
Green,台電大樓,#008859,2024-12-24,24616
Green,古亭,#008859,2024-12-24,60817
Green,中正紀念堂,#008859,2024-12-24,20995
Green,小南門,#008859,2024-12-24,83145
Green,西門,#008859,2024-12-24,9199
Green,北門,#008859,2024-12-24,34104
Green,中山,#008859,2024-12-24,16060
Green,新店,#008859,2024-12-25,38202
Green,新店區公所,#008859,2024-12-25,73722
Green,七張,#008859,2024-12-25,88548
Green,小碧潭,#008859,2024-12-25,46724
Green,大坪林,#008859,2024-12-25,16432
Green,景美,#008859,2024-12-25,2283
Green,萬隆,#008859,2024-12-25,42943
Green,公館,#008859,2024-12-25,69781
Green,台電大樓,#008859,2024-12-25,26798
Green,古亭,#008859,2024-12-25,77931
Green,中正紀念堂,#008859,2024-12-25,39794
Green,小南門,#008859,2024-12-25,26102
Green,西門,#008859,2024-12-25,84089
Green,北門,#008859,2024-12-25,22687
Green,中山,#008859,2024-12-25,70834
Green,新店,#008859,2024-12-26,61244
Green,新店區公所,#008859,2024-12-26,80204
Green,七張,#008859,2024-12-26,39696
Green,小碧潭,#008859,2024-12-26,11581
Green,大坪林,#008859,2024-12-26,75366
Green,景美,#008859,2024-12-26,23885
Green,萬隆,#008859,2024-12-26,3207
Green,公館,#008859,2024-12-26,35646
Green,台電大樓,#008859,2024-12-26,62875
Green,古亭,#008859,2024-12-26,68321
Green,中正紀念堂,#008859,2024-12-26,44898
Green,小南門,#008859,2024-12-26,82287
Green,西門,#008859,2024-12-26,74028
Green,北門,#008859,2024-12-26,4502
Green,中山,#008859,2024-12-26,7194
Green,新店,#008859,2024-12-27,46348
Green,新店區公所,#008859,2024-12-27,38545
Green,七張,#008859,2024-12-27,52912
Green,小碧潭,#008859,2024-12-27,41544
Green,大坪林,#008859,2024-12-27,2628
Green,景美,#008859,2024-12-27,64703
Green,萬隆,#008859,2024-12-27,80652
Green,公館,#008859,2024-12-27,22164
Green,台電大樓,#008859,2024-12-27,62720
Green,古亭,#008859,2024-12-27,56544
Green,中正紀念堂,#008859,2024-12-27,83282
Green,小南門,#008859,2024-12-27,73617
Green,西門,#008859,2024-12-27,37574
Green,北門,#008859,2024-12-27,56858
Green,中山,#008859,2024-12-27,81425
Green,新店,#008859,2024-12-28,62948
Green,新店區公所,#008859,2024-12-28,24529
Green,七張,#008859,2024-12-28,16563
Green,小碧潭,#008859,2024-12-28,84003
Green,大坪林,#008859,2024-12-28,13234
Green,景美,#008859,2024-12-28,84592
Green,萬隆,#008859,2024-12-28,47790
Green,公館,#008859,2024-12-28,33233
Green,台電大樓,#008859,2024-12-28,23061
Green,古亭,#008859,2024-12-28,3577
Green,中正紀念堂,#008859,2024-12-28,33865
Green,小南門,#008859,2024-12-28,8219
Green,西門,#008859,2024-12-28,60742
Green,北門,#008859,2024-12-28,88843
Green,中山,#008859,2024-12-28,70128
Green,新店,#008859,2024-12-29,24921
Green,新店區公所,#008859,2024-12-29,20193
Green,七張,#008859,2024-12-29,39660
Green,小碧潭,#008859,2024-12-29,25474
Green,大坪林,#008859,2024-12-29,46381
Green,景美,#008859,2024-12-29,22867
Green,萬隆,#008859,2024-12-29,79073
Green,公館,#008859,2024-12-29,87448
Green,台電大樓,#008859,2024-12-29,22417
Green,古亭,#008859,2024-12-29,84509
Green,中正紀念堂,#008859,2024-12-29,1955
Green,小南門,#008859,2024-12-29,69181
Green,西門,#008859,2024-12-29,11711
Green,北門,#008859,2024-12-29,36734
Green,中山,#008859,2024-12-29,72263
Green,新店,#008859,2024-12-30,32957
Green,新店區公所,#008859,2024-12-30,1456
Green,七張,#008859,2024-12-30,22385
Green,小碧潭,#008859,2024-12-30,12363
Green,大坪林,#008859,2024-12-30,25006
Green,景美,#008859,2024-12-30,86889
Green,萬隆,#008859,2024-12-30,83635
Green,公館,#008859,2024-12-30,30028
Green,台電大樓,#008859,2024-12-30,79133
Green,古亭,#008859,2024-12-30,53257
Green,中正紀念堂,#008859,2024-12-30,31364
Green,小南門,#008859,2024-12-30,30970
Green,西門,#008859,2024-12-30,4884
Green,北門,#008859,2024-12-30,4439
Green,中山,#008859,2024-12-30,75375
Green,新店,#008859,2024-12-31,55400
Green,新店區公所,#008859,2024-12-31,69552
Green,七張,#008859,2024-12-31,61501
Green,小碧潭,#008859,2024-12-31,56162
Green,大坪林,#008859,2024-12-31,48843
Green,景美,#008859,2024-12-31,20305
Green,萬隆,#008859,2024-12-31,44461
Green,公館,#008859,2024-12-31,49792
Green,台電大樓,#008859,2024-12-31,20673
Green,古亭,#008859,2024-12-31,82879
Green,中正紀念堂,#008859,2024-12-31,33565
Green,小南門,#008859,2024-12-31,9754
Green,西門,#008859,2024-12-31,36341
Green,北門,#008859,2024-12-31,66316
Green,中山,#008859,2024-12-31,14154
