line,station,date,people
Orange,古亭,2020-01-01,19283.5
Orange,頂溪,2020-01-01,56997.0
Orange,永安市場,2020-01-01,38701.0
Orange,景安,2020-01-01,35403.0
Orange,南勢角,2020-01-01,32780.0
Orange,民權西路,2020-01-01,11470.5
Orange,忠孝新生,2020-01-01,21244.5
Orange,松江南京,2020-01-01,19656.0
Orange,輔大,2020-01-01,13612.0
Orange,新莊,2020-01-01,14588.0
Orange,頭前庄,2020-01-01,6021.5
Orange,先嗇宮,2020-01-01,4491.0
Orange,三重,2020-01-01,12004.0
Orange,菜寮,2020-01-01,13860.0
Orange,台北橋,2020-01-01,17621.0
Orange,大橋頭站,2020-01-01,22321.0
Orange,中山國小,2020-01-01,25452.0
Orange,行天宮,2020-01-01,41763.0
Orange,東門,2020-01-01,19997.0
Orange,蘆洲,2020-01-01,18965.0
Orange,三民高中,2020-01-01,17479.0
Orange,徐匯中學,2020-01-01,18534.0
Orange,三和國中,2020-01-01,17828.0
Orange,三重國小,2020-01-01,18519.0
Orange,迴龍,2020-01-01,13349.0
Orange,丹鳳,2020-01-01,13158.0
Orange,古亭,2020-01-02,36697.0
Orange,頂溪,2020-01-02,78994.0
Orange,永安市場,2020-01-02,58080.0
Orange,景安,2020-01-02,54913.0
Orange,南勢角,2020-01-02,47208.0
Orange,民權西路,2020-01-02,21691.5
Orange,忠孝新生,2020-01-02,29947.5
Orange,松江南京,2020-01-02,48230.5
Orange,輔大,2020-01-02,28928.0
Orange,新莊,2020-01-02,23239.0
Orange,頭前庄,2020-01-02,9357.0
Orange,先嗇宮,2020-01-02,10505.0
Orange,三重,2020-01-02,14411.0
Orange,菜寮,2020-01-02,21886.0
Orange,台北橋,2020-01-02,20272.0
Orange,大橋頭站,2020-01-02,28761.0
Orange,中山國小,2020-01-02,39736.0
Orange,行天宮,2020-01-02,67536.0
Orange,東門,2020-01-02,27455.0
Orange,蘆洲,2020-01-02,30425.0
Orange,三民高中,2020-01-02,26410.0
Orange,徐匯中學,2020-01-02,26806.0
Orange,三和國中,2020-01-02,26692.0
Orange,三重國小,2020-01-02,25265.0
Orange,迴龍,2020-01-02,23212.0
Orange,丹鳳,2020-01-02,20288.0
Orange,古亭,2020-01-03,38646.0
Orange,頂溪,2020-01-03,83184.0
Orange,永安市場,2020-01-03,61336.0
Orange,景安,2020-01-03,58100.0
Orange,南勢角,2020-01-03,49402.0
Orange,民權西路,2020-01-03,21845.0
Orange,忠孝新生,2020-01-03,31692.0
Orange,松江南京,2020-01-03,49539.0
Orange,輔大,2020-01-03,29528.0
Orange,新莊,2020-01-03,25207.0
Orange,頭前庄,2020-01-03,10061.5
Orange,先嗇宮,2020-01-03,11081.0
Orange,三重,2020-01-03,15611.0
Orange,菜寮,2020-01-03,22930.0
Orange,台北橋,2020-01-03,21738.0
Orange,大橋頭站,2020-01-03,31166.0
Orange,中山國小,2020-01-03,41552.0
Orange,行天宮,2020-01-03,69276.0
Orange,東門,2020-01-03,29453.5
Orange,蘆洲,2020-01-03,31894.0
Orange,三民高中,2020-01-03,27483.0
Orange,徐匯中學,2020-01-03,28898.0
Orange,三和國中,2020-01-03,28034.0
Orange,三重國小,2020-01-03,26788.0
Orange,迴龍,2020-01-03,24574.0
Orange,丹鳳,2020-01-03,21560.0
Orange,古亭,2020-01-04,29583.5
Orange,頂溪,2020-01-04,70865.0
Orange,永安市場,2020-01-04,50820.0
Orange,景安,2020-01-04,45297.0
Orange,南勢角,2020-01-04,40430.0
Orange,民權西路,2020-01-04,15969.0
Orange,忠孝新生,2020-01-04,27125.5
Orange,松江南京,2020-01-04,26004.5
Orange,輔大,2020-01-04,18567.0
Orange,新莊,2020-01-04,20951.0
Orange,頭前庄,2020-01-04,7642.0
Orange,先嗇宮,2020-01-04,6160.0
Orange,三重,2020-01-04,14654.0
Orange,菜寮,2020-01-04,18365.0
Orange,台北橋,2020-01-04,20318.0
Orange,大橋頭站,2020-01-04,27620.0
Orange,中山國小,2020-01-04,33205.0
Orange,行天宮,2020-01-04,50858.0
Orange,東門,2020-01-04,24914.0
Orange,蘆洲,2020-01-04,25448.0
Orange,三民高中,2020-01-04,23255.0
Orange,徐匯中學,2020-01-04,24585.0
Orange,三和國中,2020-01-04,23088.0
Orange,三重國小,2020-01-04,23071.0
Orange,迴龍,2020-01-04,18219.0
Orange,丹鳳,2020-01-04,18075.0
Orange,古亭,2020-01-05,23870.5
Orange,頂溪,2020-01-05,58649.0
Orange,永安市場,2020-01-05,41990.0
Orange,景安,2020-01-05,37452.0
Orange,南勢角,2020-01-05,34150.0
Orange,民權西路,2020-01-05,13796.0
Orange,忠孝新生,2020-01-05,22346.0
Orange,松江南京,2020-01-05,18555.0
Orange,輔大,2020-01-05,14035.0
Orange,新莊,2020-01-05,21796.0
Orange,頭前庄,2020-01-05,6588.5
Orange,先嗇宮,2020-01-05,4861.0
Orange,三重,2020-01-05,12158.0
Orange,菜寮,2020-01-05,14189.0
Orange,台北橋,2020-01-05,16137.0
Orange,大橋頭站,2020-01-05,23531.0
Orange,中山國小,2020-01-05,25182.0
Orange,行天宮,2020-01-05,39982.0
Orange,東門,2020-01-05,20529.0
Orange,蘆洲,2020-01-05,20459.0
Orange,三民高中,2020-01-05,18067.0
Orange,徐匯中學,2020-01-05,19882.0
Orange,三和國中,2020-01-05,18230.0
Orange,三重國小,2020-01-05,19380.0
Orange,迴龍,2020-01-05,15037.0
Orange,丹鳳,2020-01-05,14211.0
Orange,古亭,2020-01-06,36212.0
Orange,頂溪,2020-01-06,78039.0
Orange,永安市場,2020-01-06,57314.0
Orange,景安,2020-01-06,55208.0
Orange,南勢角,2020-01-06,47066.0
Orange,民權西路,2020-01-06,20981.5
Orange,忠孝新生,2020-01-06,28832.0
Orange,松江南京,2020-01-06,47539.5
Orange,輔大,2020-01-06,27923.0
Orange,新莊,2020-01-06,23340.0
Orange,頭前庄,2020-01-06,9383.5
Orange,先嗇宮,2020-01-06,10498.0
Orange,三重,2020-01-06,13964.0
Orange,菜寮,2020-01-06,21764.0
Orange,台北橋,2020-01-06,19436.0
Orange,大橋頭站,2020-01-06,27098.0
Orange,中山國小,2020-01-06,37914.0
Orange,行天宮,2020-01-06,63929.0
Orange,東門,2020-01-06,25353.5
Orange,蘆洲,2020-01-06,30170.0
Orange,三民高中,2020-01-06,26133.0
Orange,徐匯中學,2020-01-06,26452.0
Orange,三和國中,2020-01-06,26440.0
Orange,三重國小,2020-01-06,25076.0
Orange,迴龍,2020-01-06,23217.0
Orange,丹鳳,2020-01-06,20257.0
Orange,古亭,2020-01-07,37598.0
Orange,頂溪,2020-01-07,79061.0
Orange,永安市場,2020-01-07,59013.0
Orange,景安,2020-01-07,56007.0
Orange,南勢角,2020-01-07,48042.0
Orange,民權西路,2020-01-07,21514.5
Orange,忠孝新生,2020-01-07,29316.5
Orange,松江南京,2020-01-07,48307.5
Orange,輔大,2020-01-07,28907.0
Orange,新莊,2020-01-07,23838.0
Orange,頭前庄,2020-01-07,9531.0
Orange,先嗇宮,2020-01-07,10828.0
Orange,三重,2020-01-07,14140.0
Orange,菜寮,2020-01-07,21931.0
Orange,台北橋,2020-01-07,20009.0
Orange,大橋頭站,2020-01-07,27650.0
Orange,中山國小,2020-01-07,38350.0
Orange,行天宮,2020-01-07,65353.0
Orange,東門,2020-01-07,26712.0
Orange,蘆洲,2020-01-07,30590.0
Orange,三民高中,2020-01-07,26538.0
Orange,徐匯中學,2020-01-07,26956.0
Orange,三和國中,2020-01-07,26842.0
Orange,三重國小,2020-01-07,25456.0
Orange,迴龍,2020-01-07,23350.0
Orange,丹鳳,2020-01-07,20304.0
Orange,古亭,2020-01-08,38002.0
Orange,頂溪,2020-01-08,80003.0
Orange,永安市場,2020-01-08,59867.0
Orange,景安,2020-01-08,56471.0
Orange,南勢角,2020-01-08,48332.0
Orange,民權西路,2020-01-08,21390.5
Orange,忠孝新生,2020-01-08,30080.0
Orange,松江南京,2020-01-08,49352.0
Orange,輔大,2020-01-08,28634.0
Orange,新莊,2020-01-08,23876.0
Orange,頭前庄,2020-01-08,9640.5
Orange,先嗇宮,2020-01-08,11101.0
Orange,三重,2020-01-08,14405.0
Orange,菜寮,2020-01-08,22211.0
Orange,台北橋,2020-01-08,20560.0
Orange,大橋頭站,2020-01-08,28204.0
Orange,中山國小,2020-01-08,39049.0
Orange,行天宮,2020-01-08,66294.0
Orange,東門,2020-01-08,27543.0
Orange,蘆洲,2020-01-08,30389.0
Orange,三民高中,2020-01-08,27014.0
Orange,徐匯中學,2020-01-08,27480.0
Orange,三和國中,2020-01-08,27069.0
Orange,三重國小,2020-01-08,25785.0
Orange,迴龍,2020-01-08,23458.0
Orange,丹鳳,2020-01-08,20392.0
Orange,古亭,2020-01-09,39534.0
Orange,頂溪,2020-01-09,87065.0
Orange,永安市場,2020-01-09,64230.0
Orange,景安,2020-01-09,60357.0
Orange,南勢角,2020-01-09,52249.0
Orange,民權西路,2020-01-09,21192.0
Orange,忠孝新生,2020-01-09,31253.5
Orange,松江南京,2020-01-09,50156.5
Orange,輔大,2020-01-09,30390.0
Orange,新莊,2020-01-09,25141.0
Orange,頭前庄,2020-01-09,9651.5
Orange,先嗇宮,2020-01-09,11184.0
Orange,三重,2020-01-09,14875.0
Orange,菜寮,2020-01-09,23184.0
Orange,台北橋,2020-01-09,20964.0
Orange,大橋頭站,2020-01-09,29812.0
Orange,中山國小,2020-01-09,39756.0
Orange,行天宮,2020-01-09,69613.0
Orange,東門,2020-01-09,30701.5
Orange,蘆洲,2020-01-09,31666.0
Orange,三民高中,2020-01-09,27630.0
Orange,徐匯中學,2020-01-09,28224.0
Orange,三和國中,2020-01-09,27683.0
Orange,三重國小,2020-01-09,26380.0
Orange,迴龍,2020-01-09,24487.0
Orange,丹鳳,2020-01-09,21407.0
Orange,古亭,2020-01-10,39481.0
Orange,頂溪,2020-01-10,86918.0
Orange,永安市場,2020-01-10,64403.0
Orange,景安,2020-01-10,60658.0
Orange,南勢角,2020-01-10,51580.0
Orange,民權西路,2020-01-10,21500.0
Orange,忠孝新生,2020-01-10,31341.0
Orange,松江南京,2020-01-10,50515.0
Orange,輔大,2020-01-10,30925.0
Orange,新莊,2020-01-10,26311.0
Orange,頭前庄,2020-01-10,10490.5
Orange,先嗇宮,2020-01-10,11342.0
Orange,三重,2020-01-10,15778.0
Orange,菜寮,2020-01-10,23676.0
Orange,台北橋,2020-01-10,22305.0
Orange,大橋頭站,2020-01-10,33609.0
Orange,中山國小,2020-01-10,41624.0
Orange,行天宮,2020-01-10,70814.0
Orange,東門,2020-01-10,29585.0
Orange,蘆洲,2020-01-10,33246.0
Orange,三民高中,2020-01-10,28741.0
Orange,徐匯中學,2020-01-10,30079.0
Orange,三和國中,2020-01-10,28859.0
Orange,三重國小,2020-01-10,27673.0
Orange,迴龍,2020-01-10,24410.0
Orange,丹鳳,2020-01-10,22741.0
Orange,古亭,2020-01-11,26511.0
Orange,頂溪,2020-01-11,64982.0
Orange,永安市場,2020-01-11,46561.0
Orange,景安,2020-01-11,42204.0
Orange,南勢角,2020-01-11,38719.0
Orange,民權西路,2020-01-11,12717.5
Orange,忠孝新生,2020-01-11,22700.0
Orange,松江南京,2020-01-11,20402.0
Orange,輔大,2020-01-11,14886.0
Orange,新莊,2020-01-11,17457.0
Orange,頭前庄,2020-01-11,6801.5
Orange,先嗇宮,2020-01-11,4712.0
Orange,三重,2020-01-11,12623.0
Orange,菜寮,2020-01-11,15543.0
Orange,台北橋,2020-01-11,18615.0
Orange,大橋頭站,2020-01-11,28092.0
Orange,中山國小,2020-01-11,29689.0
Orange,行天宮,2020-01-11,38865.0
Orange,東門,2020-01-11,22100.5
Orange,蘆洲,2020-01-11,22962.0
Orange,三民高中,2020-01-11,20344.0
Orange,徐匯中學,2020-01-11,21562.0
Orange,三和國中,2020-01-11,20318.0
Orange,三重國小,2020-01-11,21489.0
Orange,迴龍,2020-01-11,16659.0
Orange,丹鳳,2020-01-11,16177.0
Orange,古亭,2020-01-12,23049.0
Orange,頂溪,2020-01-12,60203.0
Orange,永安市場,2020-01-12,42166.0
Orange,景安,2020-01-12,37464.0
Orange,南勢角,2020-01-12,35035.0
Orange,民權西路,2020-01-12,13878.0
Orange,忠孝新生,2020-01-12,21135.0
Orange,松江南京,2020-01-12,18635.5
Orange,輔大,2020-01-12,14384.0
Orange,新莊,2020-01-12,15869.0
Orange,頭前庄,2020-01-12,7343.5
Orange,先嗇宮,2020-01-12,5177.0
Orange,三重,2020-01-12,11393.0
Orange,菜寮,2020-01-12,14222.0
Orange,台北橋,2020-01-12,16265.0
Orange,大橋頭站,2020-01-12,26958.0
Orange,中山國小,2020-01-12,26383.0
Orange,行天宮,2020-01-12,40005.0
Orange,東門,2020-01-12,20408.5
Orange,蘆洲,2020-01-12,21010.0
Orange,三民高中,2020-01-12,18083.0
Orange,徐匯中學,2020-01-12,20700.0
Orange,三和國中,2020-01-12,18321.0
Orange,三重國小,2020-01-12,19268.0
Orange,迴龍,2020-01-12,14499.0
Orange,丹鳳,2020-01-12,14612.0
Orange,古亭,2020-01-13,36040.5
Orange,頂溪,2020-01-13,80125.0
Orange,永安市場,2020-01-13,58411.0
Orange,景安,2020-01-13,56151.0
Orange,南勢角,2020-01-13,45687.0
Orange,民權西路,2020-01-13,21346.0
Orange,忠孝新生,2020-01-13,27862.0
Orange,松江南京,2020-01-13,49684.0
Orange,輔大,2020-01-13,18815.0
Orange,新莊,2020-01-13,23068.0
Orange,頭前庄,2020-01-13,9200.0
Orange,先嗇宮,2020-01-13,11239.0
Orange,三重,2020-01-13,14157.0
Orange,菜寮,2020-01-13,22081.0
Orange,台北橋,2020-01-13,21046.0
Orange,大橋頭站,2020-01-13,29811.0
Orange,中山國小,2020-01-13,38670.0
Orange,行天宮,2020-01-13,67538.0
Orange,東門,2020-01-13,26771.0
Orange,蘆洲,2020-01-13,30110.0
Orange,三民高中,2020-01-13,26074.0
Orange,徐匯中學,2020-01-13,27398.0
Orange,三和國中,2020-01-13,27042.0
Orange,三重國小,2020-01-13,25482.0
Orange,迴龍,2020-01-13,20581.0
Orange,丹鳳,2020-01-13,20089.0
Orange,古亭,2020-01-14,36354.5
Orange,頂溪,2020-01-14,79864.0
Orange,永安市場,2020-01-14,58565.0
Orange,景安,2020-01-14,56332.0
Orange,南勢角,2020-01-14,46325.0
Orange,民權西路,2020-01-14,21492.0
Orange,忠孝新生,2020-01-14,28605.5
Orange,松江南京,2020-01-14,49111.0
Orange,輔大,2020-01-14,19362.0
Orange,新莊,2020-01-14,23742.0
Orange,頭前庄,2020-01-14,9612.5
Orange,先嗇宮,2020-01-14,11208.0
Orange,三重,2020-01-14,14119.0
Orange,菜寮,2020-01-14,21654.0
Orange,台北橋,2020-01-14,20696.0
Orange,大橋頭站,2020-01-14,28953.0
Orange,中山國小,2020-01-14,39334.0
Orange,行天宮,2020-01-14,67141.0
Orange,東門,2020-01-14,28013.0
Orange,蘆洲,2020-01-14,30422.0
Orange,三民高中,2020-01-14,26346.0
Orange,徐匯中學,2020-01-14,26818.0
Orange,三和國中,2020-01-14,26773.0
Orange,三重國小,2020-01-14,25325.0
Orange,迴龍,2020-01-14,20890.0
Orange,丹鳳,2020-01-14,20493.0
Orange,古亭,2020-01-15,37166.0
Orange,頂溪,2020-01-15,81167.0
Orange,永安市場,2020-01-15,60260.0
Orange,景安,2020-01-15,56656.0
Orange,南勢角,2020-01-15,47128.0
Orange,民權西路,2020-01-15,21244.5
Orange,忠孝新生,2020-01-15,28727.0
Orange,松江南京,2020-01-15,49706.5
Orange,輔大,2020-01-15,18648.0
Orange,新莊,2020-01-15,23934.0
Orange,頭前庄,2020-01-15,9593.0
Orange,先嗇宮,2020-01-15,11285.0
Orange,三重,2020-01-15,14084.0
Orange,菜寮,2020-01-15,22298.0
Orange,台北橋,2020-01-15,20522.0
Orange,大橋頭站,2020-01-15,29614.0
Orange,中山國小,2020-01-15,38482.0
Orange,行天宮,2020-01-15,67887.0
Orange,東門,2020-01-15,28267.0
Orange,蘆洲,2020-01-15,30795.0
Orange,三民高中,2020-01-15,26535.0
Orange,徐匯中學,2020-01-15,27359.0
Orange,三和國中,2020-01-15,26684.0
Orange,三重國小,2020-01-15,25688.0
Orange,迴龍,2020-01-15,20806.0
Orange,丹鳳,2020-01-15,20409.0
Orange,古亭,2020-01-16,37443.5
Orange,頂溪,2020-01-16,84579.0
Orange,永安市場,2020-01-16,62351.0
Orange,景安,2020-01-16,58732.0
Orange,南勢角,2020-01-16,48557.0
Orange,民權西路,2020-01-16,22006.0
Orange,忠孝新生,2020-01-16,29537.0
Orange,松江南京,2020-01-16,51278.0
Orange,輔大,2020-01-16,19523.0
Orange,新莊,2020-01-16,26030.0
Orange,頭前庄,2020-01-16,10060.5
Orange,先嗇宮,2020-01-16,11256.0
Orange,三重,2020-01-16,15458.0
Orange,菜寮,2020-01-16,23344.0
Orange,台北橋,2020-01-16,22770.0
Orange,大橋頭站,2020-01-16,31929.0
Orange,中山國小,2020-01-16,39611.0
Orange,行天宮,2020-01-16,68556.0
Orange,東門,2020-01-16,28592.0
Orange,蘆洲,2020-01-16,33047.0
Orange,三民高中,2020-01-16,28956.0
Orange,徐匯中學,2020-01-16,29067.0
Orange,三和國中,2020-01-16,27902.0
Orange,三重國小,2020-01-16,26405.0
Orange,迴龍,2020-01-16,21802.0
Orange,丹鳳,2020-01-16,21369.0
Orange,古亭,2020-01-17,37817.0
Orange,頂溪,2020-01-17,84770.0
Orange,永安市場,2020-01-17,61982.0
Orange,景安,2020-01-17,59879.0
Orange,南勢角,2020-01-17,49172.0
Orange,民權西路,2020-01-17,21632.5
Orange,忠孝新生,2020-01-17,31411.5
Orange,松江南京,2020-01-17,52143.5
Orange,輔大,2020-01-17,19507.0
Orange,新莊,2020-01-17,25428.0
Orange,頭前庄,2020-01-17,10283.5
Orange,先嗇宮,2020-01-17,11537.0
Orange,三重,2020-01-17,15884.0
Orange,菜寮,2020-01-17,22532.0
Orange,台北橋,2020-01-17,23211.0
Orange,大橋頭站,2020-01-17,32517.0
Orange,中山國小,2020-01-17,40732.0
Orange,行天宮,2020-01-17,69754.0
Orange,東門,2020-01-17,28733.0
Orange,蘆洲,2020-01-17,31848.0
Orange,三民高中,2020-01-17,27995.0
Orange,徐匯中學,2020-01-17,29279.0
Orange,三和國中,2020-01-17,28298.0
Orange,三重國小,2020-01-17,26939.0
Orange,迴龍,2020-01-17,21191.0
Orange,丹鳳,2020-01-17,20621.0
Orange,古亭,2020-01-18,30870.5
Orange,頂溪,2020-01-18,72504.0
Orange,永安市場,2020-01-18,50717.0
Orange,景安,2020-01-18,46713.0
Orange,南勢角,2020-01-18,40612.0
Orange,民權西路,2020-01-18,16828.0
Orange,忠孝新生,2020-01-18,27402.0
Orange,松江南京,2020-01-18,28026.5
Orange,輔大,2020-01-18,16036.0
Orange,新莊,2020-01-18,21941.0
Orange,頭前庄,2020-01-18,9126.5
Orange,先嗇宮,2020-01-18,6109.0
Orange,三重,2020-01-18,13860.0
Orange,菜寮,2020-01-18,18269.0
Orange,台北橋,2020-01-18,21080.0
Orange,大橋頭站,2020-01-18,33893.0
Orange,中山國小,2020-01-18,32208.0
Orange,行天宮,2020-01-18,50061.0
Orange,東門,2020-01-18,24466.5
Orange,蘆洲,2020-01-18,26172.0
Orange,三民高中,2020-01-18,25253.0
Orange,徐匯中學,2020-01-18,25455.0
Orange,三和國中,2020-01-18,22782.0
Orange,三重國小,2020-01-18,23718.0
Orange,迴龍,2020-01-18,17248.0
Orange,丹鳳,2020-01-18,17859.0
Orange,古亭,2020-01-19,24205.0
Orange,頂溪,2020-01-19,62378.0
Orange,永安市場,2020-01-19,43343.0
Orange,景安,2020-01-19,46647.0
Orange,南勢角,2020-01-19,35022.0
Orange,民權西路,2020-01-19,13590.5
Orange,忠孝新生,2020-01-19,23624.0
Orange,松江南京,2020-01-19,20072.5
Orange,輔大,2020-01-19,13782.0
Orange,新莊,2020-01-19,17864.0
Orange,頭前庄,2020-01-19,8940.5
Orange,先嗇宮,2020-01-19,5005.0
Orange,三重,2020-01-19,12864.0
Orange,菜寮,2020-01-19,15327.0
Orange,台北橋,2020-01-19,18149.0
Orange,大橋頭站,2020-01-19,30062.0
Orange,中山國小,2020-01-19,26926.0
Orange,行天宮,2020-01-19,41363.0
Orange,東門,2020-01-19,21447.5
Orange,蘆洲,2020-01-19,21871.0
Orange,三民高中,2020-01-19,19496.0
Orange,徐匯中學,2020-01-19,21011.0
Orange,三和國中,2020-01-19,19397.0
Orange,三重國小,2020-01-19,19879.0
Orange,迴龍,2020-01-19,15394.0
Orange,丹鳳,2020-01-19,15404.0
Orange,古亭,2020-01-20,36697.5
Orange,頂溪,2020-01-20,81666.0
Orange,永安市場,2020-01-20,59146.0
Orange,景安,2020-01-20,61069.0
Orange,南勢角,2020-01-20,47105.0
Orange,民權西路,2020-01-20,20139.0
Orange,忠孝新生,2020-01-20,29784.0
Orange,松江南京,2020-01-20,49616.0
Orange,輔大,2020-01-20,19012.0
Orange,新莊,2020-01-20,23983.0
Orange,頭前庄,2020-01-20,11334.0
Orange,先嗇宮,2020-01-20,11241.0
Orange,三重,2020-01-20,14697.0
Orange,菜寮,2020-01-20,21243.0
Orange,台北橋,2020-01-20,21927.0
Orange,大橋頭站,2020-01-20,30677.0
Orange,中山國小,2020-01-20,38229.0
Orange,行天宮,2020-01-20,66519.0
Orange,東門,2020-01-20,26680.0
Orange,蘆洲,2020-01-20,30813.0
Orange,三民高中,2020-01-20,25714.0
Orange,徐匯中學,2020-01-20,27565.0
Orange,三和國中,2020-01-20,27575.0
Orange,三重國小,2020-01-20,26192.0
Orange,迴龍,2020-01-20,20521.0
Orange,丹鳳,2020-01-20,20436.0
Orange,古亭,2020-01-21,37059.0
Orange,頂溪,2020-01-21,81512.0
Orange,永安市場,2020-01-21,59848.0
Orange,景安,2020-01-21,61464.0
Orange,南勢角,2020-01-21,47356.0
Orange,民權西路,2020-01-21,20186.0
Orange,忠孝新生,2020-01-21,28925.0
Orange,松江南京,2020-01-21,49702.5
Orange,輔大,2020-01-21,18644.0
Orange,新莊,2020-01-21,23385.0
Orange,頭前庄,2020-01-21,11099.5
Orange,先嗇宮,2020-01-21,11172.0
Orange,三重,2020-01-21,15718.0
Orange,菜寮,2020-01-21,21052.0
Orange,台北橋,2020-01-21,21864.0
Orange,大橋頭站,2020-01-21,30188.0
Orange,中山國小,2020-01-21,38445.0
Orange,行天宮,2020-01-21,67013.0
Orange,東門,2020-01-21,27948.0
Orange,蘆洲,2020-01-21,30470.0
Orange,三民高中,2020-01-21,25451.0
Orange,徐匯中學,2020-01-21,27413.0
Orange,三和國中,2020-01-21,26616.0
Orange,三重國小,2020-01-21,26020.0
Orange,迴龍,2020-01-21,20420.0
Orange,丹鳳,2020-01-21,20440.0
Orange,古亭,2020-01-22,34423.0
Orange,頂溪,2020-01-22,78414.0
Orange,永安市場,2020-01-22,56615.0
Orange,景安,2020-01-22,57722.0
Orange,南勢角,2020-01-22,45497.0
Orange,民權西路,2020-01-22,18580.5
Orange,忠孝新生,2020-01-22,27169.0
Orange,松江南京,2020-01-22,43644.5
Orange,輔大,2020-01-22,16202.0
Orange,新莊,2020-01-22,22642.0
Orange,頭前庄,2020-01-22,10627.5
Orange,先嗇宮,2020-01-22,10355.0
Orange,三重,2020-01-22,14132.0
Orange,菜寮,2020-01-22,19821.0
Orange,台北橋,2020-01-22,21546.0
Orange,大橋頭站,2020-01-22,29459.0
Orange,中山國小,2020-01-22,35202.0
Orange,行天宮,2020-01-22,62427.0
Orange,東門,2020-01-22,26388.5
Orange,蘆洲,2020-01-22,28950.0
Orange,三民高中,2020-01-22,24285.0
Orange,徐匯中學,2020-01-22,26157.0
Orange,三和國中,2020-01-22,25485.0
Orange,三重國小,2020-01-22,24819.0
Orange,迴龍,2020-01-22,19626.0
Orange,丹鳳,2020-01-22,19630.0
Orange,古亭,2020-01-23,18065.0
Orange,頂溪,2020-01-23,49551.0
Orange,永安市場,2020-01-23,33379.0
Orange,景安,2020-01-23,34785.0
Orange,南勢角,2020-01-23,28801.0
Orange,民權西路,2020-01-23,8389.0
Orange,忠孝新生,2020-01-23,15596.0
Orange,松江南京,2020-01-23,14571.5
Orange,輔大,2020-01-23,9375.0
Orange,新莊,2020-01-23,12823.0
Orange,頭前庄,2020-01-23,6540.5
Orange,先嗇宮,2020-01-23,3928.0
Orange,三重,2020-01-23,9246.0
Orange,菜寮,2020-01-23,11154.0
Orange,台北橋,2020-01-23,15343.0
Orange,大橋頭站,2020-01-23,21014.0
Orange,中山國小,2020-01-23,19383.0
Orange,行天宮,2020-01-23,28439.0
Orange,東門,2020-01-23,16871.5
Orange,蘆洲,2020-01-23,16051.0
Orange,三民高中,2020-01-23,15037.0
Orange,徐匯中學,2020-01-23,15569.0
Orange,三和國中,2020-01-23,14871.0
Orange,三重國小,2020-01-23,15698.0
Orange,迴龍,2020-01-23,11291.0
Orange,丹鳳,2020-01-23,11769.0
Orange,古亭,2020-01-24,10446.0
Orange,頂溪,2020-01-24,32901.0
Orange,永安市場,2020-01-24,22238.0
Orange,景安,2020-01-24,23215.0
Orange,南勢角,2020-01-24,20081.0
Orange,民權西路,2020-01-24,4610.5
Orange,忠孝新生,2020-01-24,6988.0
Orange,松江南京,2020-01-24,8200.5
Orange,輔大,2020-01-24,5501.0
Orange,新莊,2020-01-24,7826.0
Orange,頭前庄,2020-01-24,3822.0
Orange,先嗇宮,2020-01-24,2489.0
Orange,三重,2020-01-24,6286.0
Orange,菜寮,2020-01-24,7801.0
Orange,台北橋,2020-01-24,10129.0
Orange,大橋頭站,2020-01-24,10983.0
Orange,中山國小,2020-01-24,13080.0
Orange,行天宮,2020-01-24,17851.0
Orange,東門,2020-01-24,9022.0
Orange,蘆洲,2020-01-24,10152.0
Orange,三民高中,2020-01-24,9221.0
Orange,徐匯中學,2020-01-24,10581.0
Orange,三和國中,2020-01-24,9704.0
Orange,三重國小,2020-01-24,11309.0
Orange,迴龍,2020-01-24,8742.0
Orange,丹鳳,2020-01-24,7768.0
Orange,古亭,2020-01-25,10987.0
Orange,頂溪,2020-01-25,42130.0
Orange,永安市場,2020-01-25,28179.0
Orange,景安,2020-01-25,31837.0
Orange,南勢角,2020-01-25,29761.0
Orange,民權西路,2020-01-25,6647.5
Orange,忠孝新生,2020-01-25,10806.5
Orange,松江南京,2020-01-25,9013.0
Orange,輔大,2020-01-25,6977.0
Orange,新莊,2020-01-25,12738.0
Orange,頭前庄,2020-01-25,6688.5
Orange,先嗇宮,2020-01-25,3539.0
Orange,三重,2020-01-25,9913.0
Orange,菜寮,2020-01-25,10247.0
Orange,台北橋,2020-01-25,13919.0
Orange,大橋頭站,2020-01-25,14990.0
Orange,中山國小,2020-01-25,14471.0
Orange,行天宮,2020-01-25,66071.0
Orange,東門,2020-01-25,8763.0
Orange,蘆洲,2020-01-25,13546.0
Orange,三民高中,2020-01-25,16878.0
Orange,徐匯中學,2020-01-25,13362.0
Orange,三和國中,2020-01-25,14109.0
Orange,三重國小,2020-01-25,15415.0
Orange,迴龍,2020-01-25,11012.0
Orange,丹鳳,2020-01-25,10833.0
Orange,古亭,2020-01-26,10532.0
Orange,頂溪,2020-01-26,38227.0
Orange,永安市場,2020-01-26,25089.0
Orange,景安,2020-01-26,27944.0
Orange,南勢角,2020-01-26,24980.0
Orange,民權西路,2020-01-26,6560.0
Orange,忠孝新生,2020-01-26,9703.5
Orange,松江南京,2020-01-26,10173.5
Orange,輔大,2020-01-26,6616.0
Orange,新莊,2020-01-26,10331.0
Orange,頭前庄,2020-01-26,4756.0
Orange,先嗇宮,2020-01-26,3135.0
Orange,三重,2020-01-26,7720.0
Orange,菜寮,2020-01-26,9455.0
Orange,台北橋,2020-01-26,12672.0
Orange,大橋頭站,2020-01-26,13604.0
Orange,中山國小,2020-01-26,15188.0
Orange,行天宮,2020-01-26,26330.0
Orange,東門,2020-01-26,9997.5
Orange,蘆洲,2020-01-26,13386.0
Orange,三民高中,2020-01-26,12219.0
Orange,徐匯中學,2020-01-26,14868.0
Orange,三和國中,2020-01-26,13052.0
Orange,三重國小,2020-01-26,14453.0
Orange,迴龍,2020-01-26,9725.0
Orange,丹鳳,2020-01-26,8826.0
Orange,古亭,2020-01-27,11238.5
Orange,頂溪,2020-01-27,43006.0
Orange,永安市場,2020-01-27,28656.0
Orange,景安,2020-01-27,31830.0
Orange,南勢角,2020-01-27,28653.0
Orange,民權西路,2020-01-27,6980.0
Orange,忠孝新生,2020-01-27,14206.5
Orange,松江南京,2020-01-27,11323.0
Orange,輔大,2020-01-27,7898.0
Orange,新莊,2020-01-27,11665.0
Orange,頭前庄,2020-01-27,6551.0
Orange,先嗇宮,2020-01-27,3548.0
Orange,三重,2020-01-27,9412.0
Orange,菜寮,2020-01-27,10433.0
Orange,台北橋,2020-01-27,15367.0
Orange,大橋頭站,2020-01-27,17007.0
Orange,中山國小,2020-01-27,16803.0
Orange,行天宮,2020-01-27,32778.0
Orange,東門,2020-01-27,11603.0
Orange,蘆洲,2020-01-27,14548.0
Orange,三民高中,2020-01-27,15084.0
Orange,徐匯中學,2020-01-27,16117.0
Orange,三和國中,2020-01-27,14572.0
Orange,三重國小,2020-01-27,15642.0
Orange,迴龍,2020-01-27,10970.0
Orange,丹鳳,2020-01-27,10473.0
Orange,古亭,2020-01-28,12709.5
Orange,頂溪,2020-01-28,45695.0
Orange,永安市場,2020-01-28,31091.0
Orange,景安,2020-01-28,34412.0
Orange,南勢角,2020-01-28,30507.0
Orange,民權西路,2020-01-28,7620.5
Orange,忠孝新生,2020-01-28,14649.0
Orange,松江南京,2020-01-28,12977.5
Orange,輔大,2020-01-28,8742.0
Orange,新莊,2020-01-28,12355.0
Orange,頭前庄,2020-01-28,6294.5
Orange,先嗇宮,2020-01-28,3582.0
Orange,三重,2020-01-28,9629.0
Orange,菜寮,2020-01-28,11307.0
Orange,台北橋,2020-01-28,14855.0
Orange,大橋頭站,2020-01-28,17631.0
Orange,中山國小,2020-01-28,18622.0
Orange,行天宮,2020-01-28,35578.0
Orange,東門,2020-01-28,12557.5
Orange,蘆洲,2020-01-28,15623.0
Orange,三民高中,2020-01-28,15216.0
Orange,徐匯中學,2020-01-28,16389.0
Orange,三和國中,2020-01-28,14993.0
Orange,三重國小,2020-01-28,16238.0
Orange,迴龍,2020-01-28,11562.0
Orange,丹鳳,2020-01-28,11332.0
Orange,古亭,2020-01-29,13757.5
Orange,頂溪,2020-01-29,46023.0
Orange,永安市場,2020-01-29,31699.0
Orange,景安,2020-01-29,32842.0
Orange,南勢角,2020-01-29,27732.0
Orange,民權西路,2020-01-29,7944.0
Orange,忠孝新生,2020-01-29,15680.0
Orange,松江南京,2020-01-29,13619.0
Orange,輔大,2020-01-29,8969.0
Orange,新莊,2020-01-29,11794.0
Orange,頭前庄,2020-01-29,6228.5
Orange,先嗇宮,2020-01-29,3731.0
Orange,三重,2020-01-29,9085.0
Orange,菜寮,2020-01-29,11623.0
Orange,台北橋,2020-01-29,14783.0
Orange,大橋頭站,2020-01-29,16502.0
Orange,中山國小,2020-01-29,18561.0
Orange,行天宮,2020-01-29,31356.0
Orange,東門,2020-01-29,12828.5
Orange,蘆洲,2020-01-29,15560.0
Orange,三民高中,2020-01-29,14747.0
Orange,徐匯中學,2020-01-29,15601.0
Orange,三和國中,2020-01-29,14728.0
Orange,三重國小,2020-01-29,15593.0
Orange,迴龍,2020-01-29,10760.0
Orange,丹鳳,2020-01-29,10961.0
Orange,古亭,2020-01-30,27928.5
Orange,頂溪,2020-01-30,66220.0
Orange,永安市場,2020-01-30,48836.0
Orange,景安,2020-01-30,49763.0
Orange,南勢角,2020-01-30,40551.0
Orange,民權西路,2020-01-30,16075.0
Orange,忠孝新生,2020-01-30,24027.5
Orange,松江南京,2020-01-30,40297.0
Orange,輔大,2020-01-30,13670.0
Orange,新莊,2020-01-30,19396.0
Orange,頭前庄,2020-01-30,8649.5
Orange,先嗇宮,2020-01-30,9248.0
Orange,三重,2020-01-30,11613.0
Orange,菜寮,2020-01-30,17447.0
Orange,台北橋,2020-01-30,18243.0
Orange,大橋頭站,2020-01-30,22164.0
Orange,中山國小,2020-01-30,29669.0
Orange,行天宮,2020-01-30,56313.0
Orange,東門,2020-01-30,20451.5
Orange,蘆洲,2020-01-30,25436.0
Orange,三民高中,2020-01-30,21858.0
Orange,徐匯中學,2020-01-30,23104.0
Orange,三和國中,2020-01-30,22691.0
Orange,三重國小,2020-01-30,21948.0
Orange,迴龍,2020-01-30,16975.0
Orange,丹鳳,2020-01-30,16841.0
Orange,古亭,2020-01-31,29216.0
Orange,頂溪,2020-01-31,70512.0
Orange,永安市場,2020-01-31,51222.0
Orange,景安,2020-01-31,52915.0
Orange,南勢角,2020-01-31,40891.0
Orange,民權西路,2020-01-31,16777.5
Orange,忠孝新生,2020-01-31,25456.5
Orange,松江南京,2020-01-31,41234.5
Orange,輔大,2020-01-31,14800.0
Orange,新莊,2020-01-31,20569.0
Orange,頭前庄,2020-01-31,9337.5
Orange,先嗇宮,2020-01-31,9462.0
Orange,三重,2020-01-31,12853.0
Orange,菜寮,2020-01-31,18312.0
Orange,台北橋,2020-01-31,19385.0
Orange,大橋頭站,2020-01-31,23624.0
Orange,中山國小,2020-01-31,31954.0
Orange,行天宮,2020-01-31,58002.0
Orange,東門,2020-01-31,22107.0
Orange,蘆洲,2020-01-31,26391.0
Orange,三民高中,2020-01-31,23014.0
Orange,徐匯中學,2020-01-31,24039.0
Orange,三和國中,2020-01-31,22993.0
Orange,三重國小,2020-01-31,22639.0
Orange,迴龍,2020-01-31,18173.0
Orange,丹鳳,2020-01-31,18437.0
Orange,古亭,2020-02-01,22777.0
Orange,頂溪,2020-02-01,56588.0
Orange,永安市場,2020-02-01,38856.0
Orange,景安,2020-02-01,41778.0
Orange,南勢角,2020-02-01,32048.0
Orange,民權西路,2020-02-01,11520.5
Orange,忠孝新生,2020-02-01,21760.0
Orange,松江南京,2020-02-01,17922.5
Orange,輔大,2020-02-01,11795.0
Orange,新莊,2020-02-01,16363.0
Orange,頭前庄,2020-02-01,7379.0
Orange,先嗇宮,2020-02-01,4778.0
Orange,三重,2020-02-01,11626.0
Orange,菜寮,2020-02-01,14618.0
Orange,台北橋,2020-02-01,17495.0
Orange,大橋頭站,2020-02-01,20556.0
Orange,中山國小,2020-02-01,23966.0
Orange,行天宮,2020-02-01,38633.0
Orange,東門,2020-02-01,17540.0
Orange,蘆洲,2020-02-01,20496.0
Orange,三民高中,2020-02-01,18358.0
Orange,徐匯中學,2020-02-01,19249.0
Orange,三和國中,2020-02-01,18433.0
Orange,三重國小,2020-02-01,19008.0
Orange,迴龍,2020-02-01,14088.0
Orange,丹鳳,2020-02-01,14735.0
Orange,古亭,2020-02-02,18188.5
Orange,頂溪,2020-02-02,49621.0
Orange,永安市場,2020-02-02,34573.0
Orange,景安,2020-02-02,36865.0
Orange,南勢角,2020-02-02,29074.0
Orange,民權西路,2020-02-02,11039.0
Orange,忠孝新生,2020-02-02,18123.5
Orange,松江南京,2020-02-02,14442.0
Orange,輔大,2020-02-02,10842.0
Orange,新莊,2020-02-02,13896.0
Orange,頭前庄,2020-02-02,6145.5
Orange,先嗇宮,2020-02-02,3798.0
Orange,三重,2020-02-02,10569.0
Orange,菜寮,2020-02-02,12705.0
Orange,台北橋,2020-02-02,15170.0
Orange,大橋頭站,2020-02-02,18059.0
Orange,中山國小,2020-02-02,20739.0
Orange,行天宮,2020-02-02,33105.0
Orange,東門,2020-02-02,15585.0
Orange,蘆洲,2020-02-02,17406.0
Orange,三民高中,2020-02-02,15537.0
Orange,徐匯中學,2020-02-02,16402.0
Orange,三和國中,2020-02-02,15529.0
Orange,三重國小,2020-02-02,16794.0
Orange,迴龍,2020-02-02,12563.0
Orange,丹鳳,2020-02-02,13057.0
Orange,古亭,2020-02-03,31710.0
Orange,頂溪,2020-02-03,68374.0
Orange,永安市場,2020-02-03,50443.0
Orange,景安,2020-02-03,52863.0
Orange,南勢角,2020-02-03,39695.0
Orange,民權西路,2020-02-03,17506.0
Orange,忠孝新生,2020-02-03,25182.5
Orange,松江南京,2020-02-03,43056.5
Orange,輔大,2020-02-03,16182.0
Orange,新莊,2020-02-03,20119.0
Orange,頭前庄,2020-02-03,8292.5
Orange,先嗇宮,2020-02-03,9899.0
Orange,三重,2020-02-03,12147.0
Orange,菜寮,2020-02-03,18453.0
Orange,台北橋,2020-02-03,18677.0
Orange,大橋頭站,2020-02-03,22225.0
Orange,中山國小,2020-02-03,31810.0
Orange,行天宮,2020-02-03,57953.0
Orange,東門,2020-02-03,20640.5
Orange,蘆洲,2020-02-03,26550.0
Orange,三民高中,2020-02-03,22584.0
Orange,徐匯中學,2020-02-03,23347.0
Orange,三和國中,2020-02-03,23623.0
Orange,三重國小,2020-02-03,22673.0
Orange,迴龍,2020-02-03,18631.0
Orange,丹鳳,2020-02-03,18487.0
Orange,古亭,2020-02-04,32183.5
Orange,頂溪,2020-02-04,69523.0
Orange,永安市場,2020-02-04,51182.0
Orange,景安,2020-02-04,53230.0
Orange,南勢角,2020-02-04,40129.0
Orange,民權西路,2020-02-04,17515.5
Orange,忠孝新生,2020-02-04,26110.5
Orange,松江南京,2020-02-04,43856.0
Orange,輔大,2020-02-04,15873.0
Orange,新莊,2020-02-04,20018.0
Orange,頭前庄,2020-02-04,7878.0
Orange,先嗇宮,2020-02-04,10084.0
Orange,三重,2020-02-04,12099.0
Orange,菜寮,2020-02-04,19168.0
Orange,台北橋,2020-02-04,19307.0
Orange,大橋頭站,2020-02-04,22788.0
Orange,中山國小,2020-02-04,32961.0
Orange,行天宮,2020-02-04,58696.0
Orange,東門,2020-02-04,21616.0
Orange,蘆洲,2020-02-04,26694.0
Orange,三民高中,2020-02-04,21920.0
Orange,徐匯中學,2020-02-04,23787.0
Orange,三和國中,2020-02-04,23612.0
Orange,三重國小,2020-02-04,23143.0
Orange,迴龍,2020-02-04,18423.0
Orange,丹鳳,2020-02-04,18530.0
Orange,古亭,2020-02-05,32872.0
Orange,頂溪,2020-02-05,68899.0
Orange,永安市場,2020-02-05,51206.0
Orange,景安,2020-02-05,53546.0
Orange,南勢角,2020-02-05,40021.0
Orange,民權西路,2020-02-05,17785.5
Orange,忠孝新生,2020-02-05,26470.0
Orange,松江南京,2020-02-05,44052.5
Orange,輔大,2020-02-05,16097.0
Orange,新莊,2020-02-05,20012.0
Orange,頭前庄,2020-02-05,8202.5
Orange,先嗇宮,2020-02-05,10324.0
Orange,三重,2020-02-05,12198.0
Orange,菜寮,2020-02-05,18998.0
Orange,台北橋,2020-02-05,19993.0
Orange,大橋頭站,2020-02-05,22723.0
Orange,中山國小,2020-02-05,33178.0
Orange,行天宮,2020-02-05,59390.0
Orange,東門,2020-02-05,21812.0
Orange,蘆洲,2020-02-05,26532.0
Orange,三民高中,2020-02-05,22219.0
Orange,徐匯中學,2020-02-05,23679.0
Orange,三和國中,2020-02-05,23543.0
Orange,三重國小,2020-02-05,23057.0
Orange,迴龍,2020-02-05,18129.0
Orange,丹鳳,2020-02-05,18215.0
Orange,古亭,2020-02-06,32254.0
Orange,頂溪,2020-02-06,69303.0
Orange,永安市場,2020-02-06,51142.0
Orange,景安,2020-02-06,53591.0
Orange,南勢角,2020-02-06,40189.0
Orange,民權西路,2020-02-06,17637.5
Orange,忠孝新生,2020-02-06,26591.5
Orange,松江南京,2020-02-06,42800.5
Orange,輔大,2020-02-06,16155.0
Orange,新莊,2020-02-06,20690.0
Orange,頭前庄,2020-02-06,8329.0
Orange,先嗇宮,2020-02-06,9999.0
Orange,三重,2020-02-06,13103.0
Orange,菜寮,2020-02-06,18557.0
Orange,台北橋,2020-02-06,19250.0
Orange,大橋頭站,2020-02-06,23337.0
Orange,中山國小,2020-02-06,32736.0
Orange,行天宮,2020-02-06,59621.0
Orange,東門,2020-02-06,22026.0
Orange,蘆洲,2020-02-06,26624.0
Orange,三民高中,2020-02-06,22215.0
Orange,徐匯中學,2020-02-06,24021.0
Orange,三和國中,2020-02-06,23489.0
Orange,三重國小,2020-02-06,22771.0
Orange,迴龍,2020-02-06,18681.0
Orange,丹鳳,2020-02-06,18195.0
Orange,古亭,2020-02-07,33499.5
Orange,頂溪,2020-02-07,71357.0
Orange,永安市場,2020-02-07,52422.0
Orange,景安,2020-02-07,54506.0
Orange,南勢角,2020-02-07,40898.0
Orange,民權西路,2020-02-07,17759.0
Orange,忠孝新生,2020-02-07,27333.0
Orange,松江南京,2020-02-07,44442.0
Orange,輔大,2020-02-07,16585.0
Orange,新莊,2020-02-07,20667.0
Orange,頭前庄,2020-02-07,8331.0
Orange,先嗇宮,2020-02-07,10425.0
Orange,三重,2020-02-07,14599.0
Orange,菜寮,2020-02-07,18874.0
Orange,台北橋,2020-02-07,19789.0
Orange,大橋頭站,2020-02-07,24174.0
Orange,中山國小,2020-02-07,34421.0
Orange,行天宮,2020-02-07,59778.0
Orange,東門,2020-02-07,22993.5
Orange,蘆洲,2020-02-07,27047.0
Orange,三民高中,2020-02-07,22630.0
Orange,徐匯中學,2020-02-07,24228.0
Orange,三和國中,2020-02-07,24151.0
Orange,三重國小,2020-02-07,23169.0
Orange,迴龍,2020-02-07,18928.0
Orange,丹鳳,2020-02-07,18583.0
Orange,古亭,2020-02-08,22883.5
Orange,頂溪,2020-02-08,52283.0
Orange,永安市場,2020-02-08,35391.0
Orange,景安,2020-02-08,37510.0
Orange,南勢角,2020-02-08,29314.0
Orange,民權西路,2020-02-08,11031.5
Orange,忠孝新生,2020-02-08,19765.0
Orange,松江南京,2020-02-08,17176.0
Orange,輔大,2020-02-08,11412.0
Orange,新莊,2020-02-08,14450.0
Orange,頭前庄,2020-02-08,5922.0
Orange,先嗇宮,2020-02-08,4143.0
Orange,三重,2020-02-08,15778.0
Orange,菜寮,2020-02-08,13463.0
Orange,台北橋,2020-02-08,15783.0
Orange,大橋頭站,2020-02-08,18919.0
Orange,中山國小,2020-02-08,22969.0
Orange,行天宮,2020-02-08,34655.0
Orange,東門,2020-02-08,16324.5
Orange,蘆洲,2020-02-08,17903.0
Orange,三民高中,2020-02-08,16151.0
Orange,徐匯中學,2020-02-08,16860.0
Orange,三和國中,2020-02-08,16364.0
Orange,三重國小,2020-02-08,17254.0
Orange,迴龍,2020-02-08,12852.0
Orange,丹鳳,2020-02-08,13447.0
Orange,古亭,2020-02-09,17952.5
Orange,頂溪,2020-02-09,45576.0
Orange,永安市場,2020-02-09,31086.0
Orange,景安,2020-02-09,32811.0
Orange,南勢角,2020-02-09,25817.0
Orange,民權西路,2020-02-09,10830.0
Orange,忠孝新生,2020-02-09,16283.5
Orange,松江南京,2020-02-09,13347.5
Orange,輔大,2020-02-09,10266.0
Orange,新莊,2020-02-09,12504.0
Orange,頭前庄,2020-02-09,5753.0
Orange,先嗇宮,2020-02-09,3767.0
Orange,三重,2020-02-09,14628.0
Orange,菜寮,2020-02-09,11352.0
Orange,台北橋,2020-02-09,13622.0
Orange,大橋頭站,2020-02-09,17183.0
Orange,中山國小,2020-02-09,20056.0
Orange,行天宮,2020-02-09,28879.0
Orange,東門,2020-02-09,13671.5
Orange,蘆洲,2020-02-09,15413.0
Orange,三民高中,2020-02-09,13639.0
Orange,徐匯中學,2020-02-09,15215.0
Orange,三和國中,2020-02-09,13903.0
Orange,三重國小,2020-02-09,14900.0
Orange,迴龍,2020-02-09,11305.0
Orange,丹鳳,2020-02-09,11613.0
Orange,古亭,2020-02-10,30627.5
Orange,頂溪,2020-02-10,65920.0
Orange,永安市場,2020-02-10,48360.0
Orange,景安,2020-02-10,51182.0
Orange,南勢角,2020-02-10,38791.0
Orange,民權西路,2020-02-10,17570.5
Orange,忠孝新生,2020-02-10,23916.0
Orange,松江南京,2020-02-10,41486.0
Orange,輔大,2020-02-10,16214.0
Orange,新莊,2020-02-10,19423.0
Orange,頭前庄,2020-02-10,7877.5
Orange,先嗇宮,2020-02-10,9800.0
Orange,三重,2020-02-10,14616.0
Orange,菜寮,2020-02-10,18030.0
Orange,台北橋,2020-02-10,18479.0
Orange,大橋頭站,2020-02-10,22213.0
Orange,中山國小,2020-02-10,31609.0
Orange,行天宮,2020-02-10,56450.0
Orange,東門,2020-02-10,20143.5
Orange,蘆洲,2020-02-10,25638.0
Orange,三民高中,2020-02-10,21792.0
Orange,徐匯中學,2020-02-10,22435.0
Orange,三和國中,2020-02-10,22490.0
Orange,三重國小,2020-02-10,22141.0
Orange,迴龍,2020-02-10,17834.0
Orange,丹鳳,2020-02-10,17724.0
Orange,古亭,2020-02-11,31380.5
Orange,頂溪,2020-02-11,67357.0
Orange,永安市場,2020-02-11,49825.0
Orange,景安,2020-02-11,51408.0
Orange,南勢角,2020-02-11,39129.0
Orange,民權西路,2020-02-11,17067.5
Orange,忠孝新生,2020-02-11,24139.0
Orange,松江南京,2020-02-11,42171.0
Orange,輔大,2020-02-11,16147.0
Orange,新莊,2020-02-11,19825.0
Orange,頭前庄,2020-02-11,7956.5
Orange,先嗇宮,2020-02-11,9773.0
Orange,三重,2020-02-11,15398.0
Orange,菜寮,2020-02-11,18322.0
Orange,台北橋,2020-02-11,18317.0
Orange,大橋頭站,2020-02-11,21616.0
Orange,中山國小,2020-02-11,31906.0
Orange,行天宮,2020-02-11,57126.0
Orange,東門,2020-02-11,21421.0
Orange,蘆洲,2020-02-11,25959.0
Orange,三民高中,2020-02-11,21701.0
Orange,徐匯中學,2020-02-11,22723.0
Orange,三和國中,2020-02-11,22696.0
Orange,三重國小,2020-02-11,22554.0
Orange,迴龍,2020-02-11,18110.0
Orange,丹鳳,2020-02-11,18009.0
Orange,古亭,2020-02-12,32126.5
Orange,頂溪,2020-02-12,68499.0
Orange,永安市場,2020-02-12,50479.0
Orange,景安,2020-02-12,53108.0
Orange,南勢角,2020-02-12,39743.0
Orange,民權西路,2020-02-12,17379.5
Orange,忠孝新生,2020-02-12,25144.5
Orange,松江南京,2020-02-12,42456.5
Orange,輔大,2020-02-12,16354.0
Orange,新莊,2020-02-12,20209.0
Orange,頭前庄,2020-02-12,8440.0
Orange,先嗇宮,2020-02-12,9954.0
Orange,三重,2020-02-12,16383.0
Orange,菜寮,2020-02-12,18744.0
Orange,台北橋,2020-02-12,18798.0
Orange,大橋頭站,2020-02-12,22492.0
Orange,中山國小,2020-02-12,32287.0
Orange,行天宮,2020-02-12,58857.0
Orange,東門,2020-02-12,21668.0
Orange,蘆洲,2020-02-12,26359.0
Orange,三民高中,2020-02-12,22278.0
Orange,徐匯中學,2020-02-12,23088.0
Orange,三和國中,2020-02-12,22838.0
Orange,三重國小,2020-02-12,22693.0
Orange,迴龍,2020-02-12,18508.0
Orange,丹鳳,2020-02-12,18291.0
Orange,古亭,2020-02-13,32195.5
Orange,頂溪,2020-02-13,67608.0
Orange,永安市場,2020-02-13,50387.0
Orange,景安,2020-02-13,52202.0
Orange,南勢角,2020-02-13,39129.0
Orange,民權西路,2020-02-13,17360.0
Orange,忠孝新生,2020-02-13,25422.0
Orange,松江南京,2020-02-13,42798.5
Orange,輔大,2020-02-13,16261.0
Orange,新莊,2020-02-13,19830.0
Orange,頭前庄,2020-02-13,7990.0
Orange,先嗇宮,2020-02-13,10052.0
Orange,三重,2020-02-13,13876.0
Orange,菜寮,2020-02-13,18381.0
Orange,台北橋,2020-02-13,18438.0
Orange,大橋頭站,2020-02-13,22313.0
Orange,中山國小,2020-02-13,32732.0
Orange,行天宮,2020-02-13,57642.0
Orange,東門,2020-02-13,21632.0
Orange,蘆洲,2020-02-13,26032.0
Orange,三民高中,2020-02-13,21852.0
Orange,徐匯中學,2020-02-13,23067.0
Orange,三和國中,2020-02-13,22954.0
Orange,三重國小,2020-02-13,22491.0
Orange,迴龍,2020-02-13,18226.0
Orange,丹鳳,2020-02-13,18066.0
Orange,古亭,2020-02-14,32797.5
Orange,頂溪,2020-02-14,70641.0
Orange,永安市場,2020-02-14,52367.0
Orange,景安,2020-02-14,54229.0
Orange,南勢角,2020-02-14,40488.0
Orange,民權西路,2020-02-14,17851.0
Orange,忠孝新生,2020-02-14,26684.0
Orange,松江南京,2020-02-14,43971.0
Orange,輔大,2020-02-14,16546.0
Orange,新莊,2020-02-14,20831.0
Orange,頭前庄,2020-02-14,8566.0
Orange,先嗇宮,2020-02-14,10238.0
Orange,三重,2020-02-14,15219.0
Orange,菜寮,2020-02-14,19142.0
Orange,台北橋,2020-02-14,19659.0
Orange,大橋頭站,2020-02-14,24109.0
Orange,中山國小,2020-02-14,34134.0
Orange,行天宮,2020-02-14,60360.0
Orange,東門,2020-02-14,23221.0
Orange,蘆洲,2020-02-14,27165.0
Orange,三民高中,2020-02-14,22666.0
Orange,徐匯中學,2020-02-14,24328.0
Orange,三和國中,2020-02-14,24034.0
Orange,三重國小,2020-02-14,23674.0
Orange,迴龍,2020-02-14,18994.0
Orange,丹鳳,2020-02-14,18908.0
Orange,古亭,2020-02-15,29403.5
Orange,頂溪,2020-02-15,64989.0
Orange,永安市場,2020-02-15,46383.0
Orange,景安,2020-02-15,48806.0
Orange,南勢角,2020-02-15,37121.0
Orange,民權西路,2020-02-15,14985.5
Orange,忠孝新生,2020-02-15,24810.5
Orange,松江南京,2020-02-15,33806.5
Orange,輔大,2020-02-15,14578.0
Orange,新莊,2020-02-15,19164.0
Orange,頭前庄,2020-02-15,8155.5
Orange,先嗇宮,2020-02-15,7737.0
Orange,三重,2020-02-15,18949.0
Orange,菜寮,2020-02-15,17356.0
Orange,台北橋,2020-02-15,19464.0
Orange,大橋頭站,2020-02-15,22928.0
Orange,中山國小,2020-02-15,29674.0
Orange,行天宮,2020-02-15,50411.0
Orange,東門,2020-02-15,21576.0
Orange,蘆洲,2020-02-15,24171.0
Orange,三民高中,2020-02-15,20682.0
Orange,徐匯中學,2020-02-15,22055.0
Orange,三和國中,2020-02-15,21470.0
Orange,三重國小,2020-02-15,21532.0
Orange,迴龍,2020-02-15,17047.0
Orange,丹鳳,2020-02-15,17251.0
Orange,古亭,2020-02-16,18586.0
Orange,頂溪,2020-02-16,46199.0
Orange,永安市場,2020-02-16,30991.0
Orange,景安,2020-02-16,32691.0
Orange,南勢角,2020-02-16,25771.0
Orange,民權西路,2020-02-16,11101.0
Orange,忠孝新生,2020-02-16,16558.5
Orange,松江南京,2020-02-16,14142.5
Orange,輔大,2020-02-16,10489.0
Orange,新莊,2020-02-16,11927.0
Orange,頭前庄,2020-02-16,5672.0
Orange,先嗇宮,2020-02-16,3798.0
Orange,三重,2020-02-16,9443.0
Orange,菜寮,2020-02-16,12649.0
Orange,台北橋,2020-02-16,13826.0
Orange,大橋頭站,2020-02-16,16628.0
Orange,中山國小,2020-02-16,20296.0
Orange,行天宮,2020-02-16,29999.0
Orange,東門,2020-02-16,14885.0
Orange,蘆洲,2020-02-16,15506.0
Orange,三民高中,2020-02-16,13723.0
Orange,徐匯中學,2020-02-16,15686.0
Orange,三和國中,2020-02-16,14100.0
Orange,三重國小,2020-02-16,15394.0
Orange,迴龍,2020-02-16,11038.0
Orange,丹鳳,2020-02-16,11075.0
Orange,古亭,2020-02-17,30819.0
Orange,頂溪,2020-02-17,65181.0
Orange,永安市場,2020-02-17,47682.0
Orange,景安,2020-02-17,50841.0
Orange,南勢角,2020-02-17,38232.0
Orange,民權西路,2020-02-17,17098.5
Orange,忠孝新生,2020-02-17,23681.5
Orange,松江南京,2020-02-17,41587.5
Orange,輔大,2020-02-17,16212.0
Orange,新莊,2020-02-17,18782.0
Orange,頭前庄,2020-02-17,7712.5
Orange,先嗇宮,2020-02-17,9660.0
Orange,三重,2020-02-17,12758.0
Orange,菜寮,2020-02-17,17989.0
Orange,台北橋,2020-02-17,18004.0
Orange,大橋頭站,2020-02-17,21720.0
Orange,中山國小,2020-02-17,31310.0
Orange,行天宮,2020-02-17,56519.0
Orange,東門,2020-02-17,20157.0
Orange,蘆洲,2020-02-17,25267.0
Orange,三民高中,2020-02-17,21701.0
Orange,徐匯中學,2020-02-17,22506.0
Orange,三和國中,2020-02-17,22603.0
Orange,三重國小,2020-02-17,21790.0
Orange,迴龍,2020-02-17,17857.0
Orange,丹鳳,2020-02-17,17509.0
Orange,古亭,2020-02-18,32065.5
Orange,頂溪,2020-02-18,67382.0
Orange,永安市場,2020-02-18,49956.0
Orange,景安,2020-02-18,52285.0
Orange,南勢角,2020-02-18,38910.0
Orange,民權西路,2020-02-18,17204.0
Orange,忠孝新生,2020-02-18,24303.0
Orange,松江南京,2020-02-18,42226.5
Orange,輔大,2020-02-18,16119.0
Orange,新莊,2020-02-18,19685.0
Orange,頭前庄,2020-02-18,7901.0
Orange,先嗇宮,2020-02-18,10008.0
Orange,三重,2020-02-18,13821.0
Orange,菜寮,2020-02-18,18541.0
Orange,台北橋,2020-02-18,18377.0
Orange,大橋頭站,2020-02-18,21730.0
Orange,中山國小,2020-02-18,32187.0
Orange,行天宮,2020-02-18,57841.0
Orange,東門,2020-02-18,21159.0
Orange,蘆洲,2020-02-18,25754.0
Orange,三民高中,2020-02-18,22101.0
Orange,徐匯中學,2020-02-18,23130.0
Orange,三和國中,2020-02-18,22921.0
Orange,三重國小,2020-02-18,22419.0
Orange,迴龍,2020-02-18,18061.0
Orange,丹鳳,2020-02-18,18014.0
Orange,古亭,2020-02-19,32454.5
Orange,頂溪,2020-02-19,67583.0
Orange,永安市場,2020-02-19,50436.0
Orange,景安,2020-02-19,53016.0
Orange,南勢角,2020-02-19,39769.0
Orange,民權西路,2020-02-19,17524.0
Orange,忠孝新生,2020-02-19,24791.5
Orange,松江南京,2020-02-19,42575.0
Orange,輔大,2020-02-19,16448.0
Orange,新莊,2020-02-19,20436.0
Orange,頭前庄,2020-02-19,8092.5
Orange,先嗇宮,2020-02-19,10098.0
Orange,三重,2020-02-19,13867.0
Orange,菜寮,2020-02-19,18933.0
Orange,台北橋,2020-02-19,18518.0
Orange,大橋頭站,2020-02-19,22254.0
Orange,中山國小,2020-02-19,32142.0
Orange,行天宮,2020-02-19,57988.0
Orange,東門,2020-02-19,21705.5
Orange,蘆洲,2020-02-19,26661.0
Orange,三民高中,2020-02-19,22675.0
Orange,徐匯中學,2020-02-19,23344.0
Orange,三和國中,2020-02-19,22740.0
Orange,三重國小,2020-02-19,22593.0
Orange,迴龍,2020-02-19,18282.0
Orange,丹鳳,2020-02-19,18113.0
Orange,古亭,2020-02-20,32118.0
Orange,頂溪,2020-02-20,67515.0
Orange,永安市場,2020-02-20,49912.0
Orange,景安,2020-02-20,52485.0
Orange,南勢角,2020-02-20,39279.0
Orange,民權西路,2020-02-20,17428.0
Orange,忠孝新生,2020-02-20,25163.0
Orange,松江南京,2020-02-20,42500.0
Orange,輔大,2020-02-20,16372.0
Orange,新莊,2020-02-20,20227.0
Orange,頭前庄,2020-02-20,8022.0
Orange,先嗇宮,2020-02-20,10006.0
Orange,三重,2020-02-20,13885.0
Orange,菜寮,2020-02-20,18655.0
Orange,台北橋,2020-02-20,19089.0
Orange,大橋頭站,2020-02-20,22103.0
Orange,中山國小,2020-02-20,32199.0
Orange,行天宮,2020-02-20,57351.0
Orange,東門,2020-02-20,21879.5
Orange,蘆洲,2020-02-20,26177.0
Orange,三民高中,2020-02-20,22315.0
Orange,徐匯中學,2020-02-20,22913.0
Orange,三和國中,2020-02-20,23148.0
Orange,三重國小,2020-02-20,22091.0
Orange,迴龍,2020-02-20,18148.0
Orange,丹鳳,2020-02-20,18176.0
Orange,古亭,2020-02-21,32845.0
Orange,頂溪,2020-02-21,69413.0
Orange,永安市場,2020-02-21,51564.0
Orange,景安,2020-02-21,53944.0
Orange,南勢角,2020-02-21,39736.0
Orange,民權西路,2020-02-21,17515.0
Orange,忠孝新生,2020-02-21,26087.5
Orange,松江南京,2020-02-21,42435.0
Orange,輔大,2020-02-21,16111.0
Orange,新莊,2020-02-21,20251.0
Orange,頭前庄,2020-02-21,8307.0
Orange,先嗇宮,2020-02-21,10116.0
Orange,三重,2020-02-21,14824.0
Orange,菜寮,2020-02-21,18877.0
Orange,台北橋,2020-02-21,19549.0
Orange,大橋頭站,2020-02-21,24193.0
Orange,中山國小,2020-02-21,32864.0
Orange,行天宮,2020-02-21,58467.0
Orange,東門,2020-02-21,22699.0
Orange,蘆洲,2020-02-21,26686.0
Orange,三民高中,2020-02-21,22545.0
Orange,徐匯中學,2020-02-21,23900.0
Orange,三和國中,2020-02-21,23219.0
Orange,三重國小,2020-02-21,23215.0
Orange,迴龍,2020-02-21,18842.0
Orange,丹鳳,2020-02-21,18781.0
Orange,古亭,2020-02-22,25159.0
Orange,頂溪,2020-02-22,54806.0
Orange,永安市場,2020-02-22,37645.0
Orange,景安,2020-02-22,38906.0
Orange,南勢角,2020-02-22,30189.0
Orange,民權西路,2020-02-22,11403.0
Orange,忠孝新生,2020-02-22,20891.5
Orange,松江南京,2020-02-22,17792.5
Orange,輔大,2020-02-22,12280.0
Orange,新莊,2020-02-22,15310.0
Orange,頭前庄,2020-02-22,6525.0
Orange,先嗇宮,2020-02-22,4362.0
Orange,三重,2020-02-22,14322.0
Orange,菜寮,2020-02-22,13833.0
Orange,台北橋,2020-02-22,16819.0
Orange,大橋頭站,2020-02-22,20306.0
Orange,中山國小,2020-02-22,23874.0
Orange,行天宮,2020-02-22,37172.0
Orange,東門,2020-02-22,18192.5
Orange,蘆洲,2020-02-22,19444.0
Orange,三民高中,2020-02-22,17071.0
Orange,徐匯中學,2020-02-22,18379.0
Orange,三和國中,2020-02-22,17500.0
Orange,三重國小,2020-02-22,18170.0
Orange,迴龍,2020-02-22,13479.0
Orange,丹鳳,2020-02-22,14290.0
Orange,古亭,2020-02-23,17873.5
Orange,頂溪,2020-02-23,46312.0
Orange,永安市場,2020-02-23,31122.0
Orange,景安,2020-02-23,32892.0
Orange,南勢角,2020-02-23,25833.0
Orange,民權西路,2020-02-23,10789.0
Orange,忠孝新生,2020-02-23,17613.0
Orange,松江南京,2020-02-23,13268.0
Orange,輔大,2020-02-23,10847.0
Orange,新莊,2020-02-23,12574.0
Orange,頭前庄,2020-02-23,5464.5
Orange,先嗇宮,2020-02-23,3543.0
Orange,三重,2020-02-23,14072.0
Orange,菜寮,2020-02-23,12018.0
Orange,台北橋,2020-02-23,14014.0
Orange,大橋頭站,2020-02-23,17682.0
Orange,中山國小,2020-02-23,19746.0
Orange,行天宮,2020-02-23,29564.0
Orange,東門,2020-02-23,15343.0
Orange,蘆洲,2020-02-23,15646.0
Orange,三民高中,2020-02-23,13653.0
Orange,徐匯中學,2020-02-23,14548.0
Orange,三和國中,2020-02-23,14038.0
Orange,三重國小,2020-02-23,15368.0
Orange,迴龍,2020-02-23,11619.0
Orange,丹鳳,2020-02-23,11883.0
Orange,古亭,2020-02-24,30087.0
Orange,頂溪,2020-02-24,65329.0
Orange,永安市場,2020-02-24,47666.0
Orange,景安,2020-02-24,50565.0
Orange,南勢角,2020-02-24,38457.0
Orange,民權西路,2020-02-24,17267.5
Orange,忠孝新生,2020-02-24,23994.0
Orange,松江南京,2020-02-24,40702.5
Orange,輔大,2020-02-24,16004.0
Orange,新莊,2020-02-24,18904.0
Orange,頭前庄,2020-02-24,7654.5
Orange,先嗇宮,2020-02-24,9443.0
Orange,三重,2020-02-24,12825.0
Orange,菜寮,2020-02-24,18001.0
Orange,台北橋,2020-02-24,17486.0
Orange,大橋頭站,2020-02-24,22521.0
Orange,中山國小,2020-02-24,31027.0
Orange,行天宮,2020-02-24,55658.0
Orange,東門,2020-02-24,20221.5
Orange,蘆洲,2020-02-24,25381.0
Orange,三民高中,2020-02-24,21613.0
Orange,徐匯中學,2020-02-24,22460.0
Orange,三和國中,2020-02-24,22257.0
Orange,三重國小,2020-02-24,21939.0
Orange,迴龍,2020-02-24,18099.0
Orange,丹鳳,2020-02-24,18134.0
Orange,古亭,2020-02-25,31928.5
Orange,頂溪,2020-02-25,69015.0
Orange,永安市場,2020-02-25,51023.0
Orange,景安,2020-02-25,52170.0
Orange,南勢角,2020-02-25,39571.0
Orange,民權西路,2020-02-25,18586.5
Orange,忠孝新生,2020-02-25,23816.0
Orange,松江南京,2020-02-25,42909.5
Orange,輔大,2020-02-25,16893.0
Orange,新莊,2020-02-25,21431.0
Orange,頭前庄,2020-02-25,8112.5
Orange,先嗇宮,2020-02-25,9954.0
Orange,三重,2020-02-25,13437.0
Orange,菜寮,2020-02-25,20278.0
Orange,台北橋,2020-02-25,18267.0
Orange,大橋頭站,2020-02-25,23779.0
Orange,中山國小,2020-02-25,33618.0
Orange,行天宮,2020-02-25,57236.0
Orange,東門,2020-02-25,22598.0
Orange,蘆洲,2020-02-25,27705.0
Orange,三民高中,2020-02-25,23926.0
Orange,徐匯中學,2020-02-25,23865.0
Orange,三和國中,2020-02-25,24495.0
Orange,三重國小,2020-02-25,23366.0
Orange,迴龍,2020-02-25,19201.0
Orange,丹鳳,2020-02-25,19125.0
Orange,古亭,2020-02-26,32556.0
Orange,頂溪,2020-02-26,69458.0
Orange,永安市場,2020-02-26,51488.0
Orange,景安,2020-02-26,52165.0
Orange,南勢角,2020-02-26,39561.0
Orange,民權西路,2020-02-26,18308.5
Orange,忠孝新生,2020-02-26,24303.5
Orange,松江南京,2020-02-26,42989.5
Orange,輔大,2020-02-26,17300.0
Orange,新莊,2020-02-26,21635.0
Orange,頭前庄,2020-02-26,8200.5
Orange,先嗇宮,2020-02-26,10400.0
Orange,三重,2020-02-26,13490.0
Orange,菜寮,2020-02-26,20179.0
Orange,台北橋,2020-02-26,17987.0
Orange,大橋頭站,2020-02-26,24487.0
Orange,中山國小,2020-02-26,33115.0
Orange,行天宮,2020-02-26,56649.0
Orange,東門,2020-02-26,23333.0
Orange,蘆洲,2020-02-26,27886.0
Orange,三民高中,2020-02-26,24268.0
Orange,徐匯中學,2020-02-26,23986.0
Orange,三和國中,2020-02-26,24338.0
Orange,三重國小,2020-02-26,23165.0
Orange,迴龍,2020-02-26,19635.0
Orange,丹鳳,2020-02-26,19160.0
Orange,古亭,2020-02-27,32377.5
Orange,頂溪,2020-02-27,71710.0
Orange,永安市場,2020-02-27,52488.0
Orange,景安,2020-02-27,52991.0
Orange,南勢角,2020-02-27,40683.0
Orange,民權西路,2020-02-27,18860.0
Orange,忠孝新生,2020-02-27,24713.5
Orange,松江南京,2020-02-27,43872.5
Orange,輔大,2020-02-27,17705.0
Orange,新莊,2020-02-27,22008.0
Orange,頭前庄,2020-02-27,8457.5
Orange,先嗇宮,2020-02-27,10401.0
Orange,三重,2020-02-27,13749.0
Orange,菜寮,2020-02-27,20588.0
Orange,台北橋,2020-02-27,18805.0
Orange,大橋頭站,2020-02-27,25810.0
Orange,中山國小,2020-02-27,34203.0
Orange,行天宮,2020-02-27,58207.0
Orange,東門,2020-02-27,23150.0
Orange,蘆洲,2020-02-27,28386.0
Orange,三民高中,2020-02-27,24973.0
Orange,徐匯中學,2020-02-27,24603.0
Orange,三和國中,2020-02-27,25162.0
Orange,三重國小,2020-02-27,24151.0
Orange,迴龍,2020-02-27,19660.0
Orange,丹鳳,2020-02-27,20001.0
Orange,古亭,2020-02-28,17405.0
Orange,頂溪,2020-02-28,47027.0
Orange,永安市場,2020-02-28,32370.0
Orange,景安,2020-02-28,33492.0
Orange,南勢角,2020-02-28,26216.0
Orange,民權西路,2020-02-28,9153.5
Orange,忠孝新生,2020-02-28,17563.0
Orange,松江南京,2020-02-28,14481.0
Orange,輔大,2020-02-28,11842.0
Orange,新莊,2020-02-28,12930.0
Orange,頭前庄,2020-02-28,6034.5
Orange,先嗇宮,2020-02-28,3668.0
Orange,三重,2020-02-28,13526.0
Orange,菜寮,2020-02-28,12176.0
Orange,台北橋,2020-02-28,14769.0
Orange,大橋頭站,2020-02-28,17761.0
Orange,中山國小,2020-02-28,20175.0
Orange,行天宮,2020-02-28,27137.0
Orange,東門,2020-02-28,14705.0
Orange,蘆洲,2020-02-28,16746.0
Orange,三民高中,2020-02-28,14737.0
Orange,徐匯中學,2020-02-28,15667.0
Orange,三和國中,2020-02-28,15109.0
Orange,三重國小,2020-02-28,16054.0
Orange,迴龍,2020-02-28,11779.0
Orange,丹鳳,2020-02-28,12571.0
Orange,古亭,2020-02-29,18586.0
Orange,頂溪,2020-02-29,46806.0
Orange,永安市場,2020-02-29,32176.0
Orange,景安,2020-02-29,33102.0
Orange,南勢角,2020-02-29,25892.0
Orange,民權西路,2020-02-29,8990.0
Orange,忠孝新生,2020-02-29,17030.0
Orange,松江南京,2020-02-29,13542.5
Orange,輔大,2020-02-29,11913.0
Orange,新莊,2020-02-29,13430.0
Orange,頭前庄,2020-02-29,5739.0
Orange,先嗇宮,2020-02-29,3605.0
Orange,三重,2020-02-29,13790.0
Orange,菜寮,2020-02-29,11868.0
Orange,台北橋,2020-02-29,14512.0
Orange,大橋頭站,2020-02-29,17711.0
Orange,中山國小,2020-02-29,19364.0
Orange,行天宮,2020-02-29,27230.0
Orange,東門,2020-02-29,15240.0
Orange,蘆洲,2020-02-29,16552.0
Orange,三民高中,2020-02-29,14778.0
Orange,徐匯中學,2020-02-29,15154.0
Orange,三和國中,2020-02-29,14970.0
Orange,三重國小,2020-02-29,15903.0
Orange,迴龍,2020-02-29,11792.0
Orange,丹鳳,2020-02-29,12121.0
Orange,古亭,2020-03-01,16118.5
Orange,頂溪,2020-03-01,40792.0
Orange,永安市場,2020-03-01,28041.0
Orange,景安,2020-03-01,26586.0
Orange,南勢角,2020-03-01,23147.0
Orange,民權西路,2020-03-01,8764.5
Orange,忠孝新生,2020-03-01,14712.5
Orange,松江南京,2020-03-01,11174.0
Orange,輔大,2020-03-01,12056.0
Orange,新莊,2020-03-01,10485.0
Orange,頭前庄,2020-03-01,4733.5
Orange,先嗇宮,2020-03-01,3335.0
Orange,三重,2020-03-01,9868.0
Orange,菜寮,2020-03-01,10202.0
Orange,台北橋,2020-03-01,12118.0
Orange,大橋頭站,2020-03-01,15993.0
Orange,中山國小,2020-03-01,16756.0
Orange,行天宮,2020-03-01,23886.0
Orange,東門,2020-03-01,12762.0
Orange,蘆洲,2020-03-01,14026.0
Orange,三民高中,2020-03-01,12602.0
Orange,徐匯中學,2020-03-01,13442.0
Orange,三和國中,2020-03-01,12957.0
Orange,三重國小,2020-03-01,14110.0
Orange,迴龍,2020-03-01,10408.0
Orange,丹鳳,2020-03-01,10681.0
Orange,古亭,2020-03-02,31562.0
Orange,頂溪,2020-03-02,67003.0
Orange,永安市場,2020-03-02,48999.0
Orange,景安,2020-03-02,48875.0
Orange,南勢角,2020-03-02,39850.0
Orange,民權西路,2020-03-02,19071.5
Orange,忠孝新生,2020-03-02,24456.5
Orange,松江南京,2020-03-02,40532.5
Orange,輔大,2020-03-02,28270.0
Orange,新莊,2020-03-02,21071.0
Orange,頭前庄,2020-03-02,7819.0
Orange,先嗇宮,2020-03-02,9930.0
Orange,三重,2020-03-02,11756.0
Orange,菜寮,2020-03-02,19925.0
Orange,台北橋,2020-03-02,17827.0
Orange,大橋頭站,2020-03-02,23222.0
Orange,中山國小,2020-03-02,31734.0
Orange,行天宮,2020-03-02,53496.0
Orange,東門,2020-03-02,20478.5
Orange,蘆洲,2020-03-02,27617.0
Orange,三民高中,2020-03-02,23565.0
Orange,徐匯中學,2020-03-02,23344.0
Orange,三和國中,2020-03-02,24049.0
Orange,三重國小,2020-03-02,22722.0
Orange,迴龍,2020-03-02,21676.0
Orange,丹鳳,2020-03-02,18934.0
Orange,古亭,2020-03-03,32962.0
Orange,頂溪,2020-03-03,68006.0
Orange,永安市場,2020-03-03,50499.0
Orange,景安,2020-03-03,49924.0
Orange,南勢角,2020-03-03,40378.0
Orange,民權西路,2020-03-03,19330.5
Orange,忠孝新生,2020-03-03,25226.5
Orange,松江南京,2020-03-03,41356.0
Orange,輔大,2020-03-03,28577.0
Orange,新莊,2020-03-03,21282.0
Orange,頭前庄,2020-03-03,7810.0
Orange,先嗇宮,2020-03-03,9960.0
Orange,三重,2020-03-03,11946.0
Orange,菜寮,2020-03-03,20493.0
Orange,台北橋,2020-03-03,17464.0
Orange,大橋頭站,2020-03-03,23084.0
Orange,中山國小,2020-03-03,32494.0
Orange,行天宮,2020-03-03,54528.0
Orange,東門,2020-03-03,21188.0
Orange,蘆洲,2020-03-03,28052.0
Orange,三民高中,2020-03-03,23871.0
Orange,徐匯中學,2020-03-03,23831.0
Orange,三和國中,2020-03-03,24248.0
Orange,三重國小,2020-03-03,23166.0
Orange,迴龍,2020-03-03,21923.0
Orange,丹鳳,2020-03-03,19146.0
Orange,古亭,2020-03-04,33754.0
Orange,頂溪,2020-03-04,68591.0
Orange,永安市場,2020-03-04,50333.0
Orange,景安,2020-03-04,49964.0
Orange,南勢角,2020-03-04,40575.0
Orange,民權西路,2020-03-04,19406.5
Orange,忠孝新生,2020-03-04,25858.0
Orange,松江南京,2020-03-04,42277.0
Orange,輔大,2020-03-04,28315.0
Orange,新莊,2020-03-04,21204.0
Orange,頭前庄,2020-03-04,7954.0
Orange,先嗇宮,2020-03-04,10043.0
Orange,三重,2020-03-04,11977.0
Orange,菜寮,2020-03-04,20475.0
Orange,台北橋,2020-03-04,17958.0
Orange,大橋頭站,2020-03-04,23137.0
Orange,中山國小,2020-03-04,32909.0
Orange,行天宮,2020-03-04,55948.0
Orange,東門,2020-03-04,21927.0
Orange,蘆洲,2020-03-04,28189.0
Orange,三民高中,2020-03-04,23936.0
Orange,徐匯中學,2020-03-04,23834.0
Orange,三和國中,2020-03-04,24570.0
Orange,三重國小,2020-03-04,23469.0
Orange,迴龍,2020-03-04,21667.0
Orange,丹鳳,2020-03-04,19059.0
Orange,古亭,2020-03-05,33823.0
Orange,頂溪,2020-03-05,70126.0
Orange,永安市場,2020-03-05,51147.0
Orange,景安,2020-03-05,50967.0
Orange,南勢角,2020-03-05,40972.0
Orange,民權西路,2020-03-05,19831.0
Orange,忠孝新生,2020-03-05,26758.0
Orange,松江南京,2020-03-05,43320.0
Orange,輔大,2020-03-05,28827.0
Orange,新莊,2020-03-05,21352.0
Orange,頭前庄,2020-03-05,7855.0
Orange,先嗇宮,2020-03-05,10585.0
Orange,三重,2020-03-05,12165.0
Orange,菜寮,2020-03-05,21363.0
Orange,台北橋,2020-03-05,18644.0
Orange,大橋頭站,2020-03-05,23834.0
Orange,中山國小,2020-03-05,33926.0
Orange,行天宮,2020-03-05,56428.0
Orange,東門,2020-03-05,22456.5
Orange,蘆洲,2020-03-05,28252.0
Orange,三民高中,2020-03-05,24446.0
Orange,徐匯中學,2020-03-05,24422.0
Orange,三和國中,2020-03-05,25201.0
Orange,三重國小,2020-03-05,23660.0
Orange,迴龍,2020-03-05,21589.0
Orange,丹鳳,2020-03-05,19357.0
Orange,古亭,2020-03-06,34895.0
Orange,頂溪,2020-03-06,71559.0
Orange,永安市場,2020-03-06,53201.0
Orange,景安,2020-03-06,51869.0
Orange,南勢角,2020-03-06,41468.0
Orange,民權西路,2020-03-06,19562.0
Orange,忠孝新生,2020-03-06,27138.5
Orange,松江南京,2020-03-06,42406.5
Orange,輔大,2020-03-06,30448.0
Orange,新莊,2020-03-06,22653.0
Orange,頭前庄,2020-03-06,8216.0
Orange,先嗇宮,2020-03-06,10381.0
Orange,三重,2020-03-06,12708.0
Orange,菜寮,2020-03-06,20866.0
Orange,台北橋,2020-03-06,19023.0
Orange,大橋頭站,2020-03-06,26147.0
Orange,中山國小,2020-03-06,34292.0
Orange,行天宮,2020-03-06,57542.0
Orange,東門,2020-03-06,23398.0
Orange,蘆洲,2020-03-06,28974.0
Orange,三民高中,2020-03-06,25027.0
Orange,徐匯中學,2020-03-06,24821.0
Orange,三和國中,2020-03-06,25178.0
Orange,三重國小,2020-03-06,24399.0
Orange,迴龍,2020-03-06,23063.0
Orange,丹鳳,2020-03-06,20384.0
Orange,古亭,2020-03-07,25134.5
Orange,頂溪,2020-03-07,52926.0
Orange,永安市場,2020-03-07,36768.0
Orange,景安,2020-03-07,34696.0
Orange,南勢角,2020-03-07,29505.0
Orange,民權西路,2020-03-07,11297.0
Orange,忠孝新生,2020-03-07,21056.5
Orange,松江南京,2020-03-07,16474.0
Orange,輔大,2020-03-07,16038.0
Orange,新莊,2020-03-07,15158.0
Orange,頭前庄,2020-03-07,6114.5
Orange,先嗇宮,2020-03-07,4150.0
Orange,三重,2020-03-07,10340.0
Orange,菜寮,2020-03-07,14728.0
Orange,台北橋,2020-03-07,15468.0
Orange,大橋頭站,2020-03-07,19477.0
Orange,中山國小,2020-03-07,22840.0
Orange,行天宮,2020-03-07,32516.0
Orange,東門,2020-03-07,17374.5
Orange,蘆洲,2020-03-07,19039.0
Orange,三民高中,2020-03-07,16838.0
Orange,徐匯中學,2020-03-07,17348.0
Orange,三和國中,2020-03-07,17005.0
Orange,三重國小,2020-03-07,17603.0
Orange,迴龍,2020-03-07,13506.0
Orange,丹鳳,2020-03-07,13788.0
Orange,古亭,2020-03-08,19168.5
Orange,頂溪,2020-03-08,44179.0
Orange,永安市場,2020-03-08,30228.0
Orange,景安,2020-03-08,29218.0
Orange,南勢角,2020-03-08,24634.0
Orange,民權西路,2020-03-08,9836.5
Orange,忠孝新生,2020-03-08,16197.5
Orange,松江南京,2020-03-08,12070.5
Orange,輔大,2020-03-08,12455.0
Orange,新莊,2020-03-08,12067.0
Orange,頭前庄,2020-03-08,5031.5
Orange,先嗇宮,2020-03-08,3447.0
Orange,三重,2020-03-08,8819.0
Orange,菜寮,2020-03-08,11146.0
Orange,台北橋,2020-03-08,12543.0
Orange,大橋頭站,2020-03-08,16862.0
Orange,中山國小,2020-03-08,17614.0
Orange,行天宮,2020-03-08,27403.0
Orange,東門,2020-03-08,13871.5
Orange,蘆洲,2020-03-08,15862.0
Orange,三民高中,2020-03-08,13440.0
Orange,徐匯中學,2020-03-08,14071.0
Orange,三和國中,2020-03-08,13377.0
Orange,三重國小,2020-03-08,14519.0
Orange,迴龍,2020-03-08,11367.0
Orange,丹鳳,2020-03-08,11434.0
Orange,古亭,2020-03-09,32069.0
Orange,頂溪,2020-03-09,67282.0
Orange,永安市場,2020-03-09,49264.0
Orange,景安,2020-03-09,49291.0
Orange,南勢角,2020-03-09,40090.0
Orange,民權西路,2020-03-09,18832.5
Orange,忠孝新生,2020-03-09,25011.0
Orange,松江南京,2020-03-09,40358.0
Orange,輔大,2020-03-09,28019.0
Orange,新莊,2020-03-09,21190.0
Orange,頭前庄,2020-03-09,7708.5
Orange,先嗇宮,2020-03-09,9864.0
Orange,三重,2020-03-09,11705.0
Orange,菜寮,2020-03-09,20038.0
Orange,台北橋,2020-03-09,17303.0
Orange,大橋頭站,2020-03-09,23314.0
Orange,中山國小,2020-03-09,31874.0
Orange,行天宮,2020-03-09,54173.0
Orange,東門,2020-03-09,20636.0
Orange,蘆洲,2020-03-09,27554.0
Orange,三民高中,2020-03-09,23896.0
Orange,徐匯中學,2020-03-09,23316.0
Orange,三和國中,2020-03-09,24017.0
Orange,三重國小,2020-03-09,22758.0
Orange,迴龍,2020-03-09,21811.0
Orange,丹鳳,2020-03-09,18939.0
Orange,古亭,2020-03-10,33752.5
Orange,頂溪,2020-03-10,70368.0
Orange,永安市場,2020-03-10,51872.0
Orange,景安,2020-03-10,51002.0
Orange,南勢角,2020-03-10,40785.0
Orange,民權西路,2020-03-10,19712.0
Orange,忠孝新生,2020-03-10,26554.5
Orange,松江南京,2020-03-10,43160.5
Orange,輔大,2020-03-10,29298.0
Orange,新莊,2020-03-10,21561.0
Orange,頭前庄,2020-03-10,7712.0
Orange,先嗇宮,2020-03-10,10477.0
Orange,三重,2020-03-10,12124.0
Orange,菜寮,2020-03-10,21378.0
Orange,台北橋,2020-03-10,18981.0
Orange,大橋頭站,2020-03-10,23879.0
Orange,中山國小,2020-03-10,33800.0
Orange,行天宮,2020-03-10,56794.0
Orange,東門,2020-03-10,21708.5
Orange,蘆洲,2020-03-10,28192.0
Orange,三民高中,2020-03-10,23883.0
Orange,徐匯中學,2020-03-10,24659.0
Orange,三和國中,2020-03-10,25257.0
Orange,三重國小,2020-03-10,23871.0
Orange,迴龍,2020-03-10,22066.0
Orange,丹鳳,2020-03-10,19316.0
Orange,古亭,2020-03-11,34079.5
Orange,頂溪,2020-03-11,69683.0
Orange,永安市場,2020-03-11,51465.0
Orange,景安,2020-03-11,50694.0
Orange,南勢角,2020-03-11,41090.0
Orange,民權西路,2020-03-11,19430.0
Orange,忠孝新生,2020-03-11,26504.5
Orange,松江南京,2020-03-11,42835.0
Orange,輔大,2020-03-11,28153.0
Orange,新莊,2020-03-11,21858.0
Orange,頭前庄,2020-03-11,7898.0
Orange,先嗇宮,2020-03-11,10295.0
Orange,三重,2020-03-11,12180.0
Orange,菜寮,2020-03-11,20804.0
Orange,台北橋,2020-03-11,18403.0
Orange,大橋頭站,2020-03-11,23916.0
Orange,中山國小,2020-03-11,32981.0
Orange,行天宮,2020-03-11,57532.0
Orange,東門,2020-03-11,22532.0
Orange,蘆洲,2020-03-11,28061.0
Orange,三民高中,2020-03-11,24717.0
Orange,徐匯中學,2020-03-11,24214.0
Orange,三和國中,2020-03-11,24555.0
Orange,三重國小,2020-03-11,23625.0
Orange,迴龍,2020-03-11,22364.0
Orange,丹鳳,2020-03-11,19654.0
Orange,古亭,2020-03-12,33601.5
Orange,頂溪,2020-03-12,69699.0
Orange,永安市場,2020-03-12,51036.0
Orange,景安,2020-03-12,50844.0
Orange,南勢角,2020-03-12,40861.0
Orange,民權西路,2020-03-12,19618.5
Orange,忠孝新生,2020-03-12,26334.5
Orange,松江南京,2020-03-12,42423.5
Orange,輔大,2020-03-12,28372.0
Orange,新莊,2020-03-12,21683.0
Orange,頭前庄,2020-03-12,7785.0
Orange,先嗇宮,2020-03-12,10272.0
Orange,三重,2020-03-12,12102.0
Orange,菜寮,2020-03-12,20806.0
Orange,台北橋,2020-03-12,18153.0
Orange,大橋頭站,2020-03-12,24175.0
Orange,中山國小,2020-03-12,33543.0
Orange,行天宮,2020-03-12,56481.0
Orange,東門,2020-03-12,22111.5
Orange,蘆洲,2020-03-12,28134.0
Orange,三民高中,2020-03-12,24417.0
Orange,徐匯中學,2020-03-12,24212.0
Orange,三和國中,2020-03-12,24997.0
Orange,三重國小,2020-03-12,23608.0
Orange,迴龍,2020-03-12,22205.0
Orange,丹鳳,2020-03-12,19455.0
Orange,古亭,2020-03-13,34774.5
Orange,頂溪,2020-03-13,73353.0
Orange,永安市場,2020-03-13,54012.0
Orange,景安,2020-03-13,53319.0
Orange,南勢角,2020-03-13,41906.0
Orange,民權西路,2020-03-13,19832.5
Orange,忠孝新生,2020-03-13,27861.5
Orange,松江南京,2020-03-13,43955.5
Orange,輔大,2020-03-13,29861.0
Orange,新莊,2020-03-13,22415.0
Orange,頭前庄,2020-03-13,8273.0
Orange,先嗇宮,2020-03-13,10750.0
Orange,三重,2020-03-13,12768.0
Orange,菜寮,2020-03-13,22182.0
Orange,台北橋,2020-03-13,19780.0
Orange,大橋頭站,2020-03-13,26971.0
Orange,中山國小,2020-03-13,35208.0
Orange,行天宮,2020-03-13,58659.0
Orange,東門,2020-03-13,23603.0
Orange,蘆洲,2020-03-13,29405.0
Orange,三民高中,2020-03-13,25011.0
Orange,徐匯中學,2020-03-13,26093.0
Orange,三和國中,2020-03-13,26431.0
Orange,三重國小,2020-03-13,24981.0
Orange,迴龍,2020-03-13,22566.0
Orange,丹鳳,2020-03-13,20553.0
Orange,古亭,2020-03-14,24386.5
Orange,頂溪,2020-03-14,51946.0
Orange,永安市場,2020-03-14,36057.0
Orange,景安,2020-03-14,34423.0
Orange,南勢角,2020-03-14,28974.0
Orange,民權西路,2020-03-14,11097.5
Orange,忠孝新生,2020-03-14,20473.0
Orange,松江南京,2020-03-14,16946.5
Orange,輔大,2020-03-14,15475.0
Orange,新莊,2020-03-14,14598.0
Orange,頭前庄,2020-03-14,5438.0
Orange,先嗇宮,2020-03-14,4403.0
Orange,三重,2020-03-14,9195.0
Orange,菜寮,2020-03-14,13443.0
Orange,台北橋,2020-03-14,16198.0
Orange,大橋頭站,2020-03-14,18732.0
Orange,中山國小,2020-03-14,22181.0
Orange,行天宮,2020-03-14,32099.0
Orange,東門,2020-03-14,17115.5
Orange,蘆洲,2020-03-14,18767.0
Orange,三民高中,2020-03-14,16300.0
Orange,徐匯中學,2020-03-14,17424.0
Orange,三和國中,2020-03-14,16779.0
Orange,三重國小,2020-03-14,17794.0
Orange,迴龍,2020-03-14,13049.0
Orange,丹鳳,2020-03-14,13561.0
Orange,古亭,2020-03-15,19978.5
Orange,頂溪,2020-03-15,46076.0
Orange,永安市場,2020-03-15,31496.0
Orange,景安,2020-03-15,30269.0
Orange,南勢角,2020-03-15,25757.0
Orange,民權西路,2020-03-15,10331.0
Orange,忠孝新生,2020-03-15,17905.0
Orange,松江南京,2020-03-15,12526.0
Orange,輔大,2020-03-15,12512.0
Orange,新莊,2020-03-15,12786.0
Orange,頭前庄,2020-03-15,4891.0
Orange,先嗇宮,2020-03-15,3364.0
Orange,三重,2020-03-15,9545.0
Orange,菜寮,2020-03-15,11513.0
Orange,台北橋,2020-03-15,13673.0
Orange,大橋頭站,2020-03-15,17843.0
Orange,中山國小,2020-03-15,18436.0
Orange,行天宮,2020-03-15,26106.0
Orange,東門,2020-03-15,14975.0
Orange,蘆洲,2020-03-15,16439.0
Orange,三民高中,2020-03-15,13993.0
Orange,徐匯中學,2020-03-15,14638.0
Orange,三和國中,2020-03-15,14201.0
Orange,三重國小,2020-03-15,15486.0
Orange,迴龍,2020-03-15,12124.0
Orange,丹鳳,2020-03-15,11922.0
Orange,古亭,2020-03-16,31527.0
Orange,頂溪,2020-03-16,66903.0
Orange,永安市場,2020-03-16,48969.0
Orange,景安,2020-03-16,48661.0
Orange,南勢角,2020-03-16,39673.0
Orange,民權西路,2020-03-16,18976.0
Orange,忠孝新生,2020-03-16,24491.0
Orange,松江南京,2020-03-16,40258.0
Orange,輔大,2020-03-16,27722.0
Orange,新莊,2020-03-16,21149.0
Orange,頭前庄,2020-03-16,7742.0
Orange,先嗇宮,2020-03-16,9893.0
Orange,三重,2020-03-16,11685.0
Orange,菜寮,2020-03-16,19931.0
Orange,台北橋,2020-03-16,17369.0
Orange,大橋頭站,2020-03-16,23212.0
Orange,中山國小,2020-03-16,31442.0
Orange,行天宮,2020-03-16,54288.0
Orange,東門,2020-03-16,20361.5
Orange,蘆洲,2020-03-16,27585.0
Orange,三民高中,2020-03-16,23502.0
Orange,徐匯中學,2020-03-16,23373.0
Orange,三和國中,2020-03-16,24115.0
Orange,三重國小,2020-03-16,22844.0
Orange,迴龍,2020-03-16,21650.0
Orange,丹鳳,2020-03-16,18857.0
Orange,古亭,2020-03-17,32939.5
Orange,頂溪,2020-03-17,67491.0
Orange,永安市場,2020-03-17,49986.0
Orange,景安,2020-03-17,49724.0
Orange,南勢角,2020-03-17,40230.0
Orange,民權西路,2020-03-17,19406.0
Orange,忠孝新生,2020-03-17,24670.0
Orange,松江南京,2020-03-17,40586.5
Orange,輔大,2020-03-17,28231.0
Orange,新莊,2020-03-17,21291.0
Orange,頭前庄,2020-03-17,7656.5
Orange,先嗇宮,2020-03-17,10001.0
Orange,三重,2020-03-17,11793.0
Orange,菜寮,2020-03-17,20200.0
Orange,台北橋,2020-03-17,17435.0
Orange,大橋頭站,2020-03-17,22848.0
Orange,中山國小,2020-03-17,32327.0
Orange,行天宮,2020-03-17,54647.0
Orange,東門,2020-03-17,21274.0
Orange,蘆洲,2020-03-17,27623.0
Orange,三民高中,2020-03-17,23773.0
Orange,徐匯中學,2020-03-17,23708.0
Orange,三和國中,2020-03-17,24372.0
Orange,三重國小,2020-03-17,23075.0
Orange,迴龍,2020-03-17,21779.0
Orange,丹鳳,2020-03-17,19073.0
Orange,古亭,2020-03-18,32926.0
Orange,頂溪,2020-03-18,67026.0
Orange,永安市場,2020-03-18,49485.0
Orange,景安,2020-03-18,49250.0
Orange,南勢角,2020-03-18,40014.0
Orange,民權西路,2020-03-18,18993.5
Orange,忠孝新生,2020-03-18,25167.5
Orange,松江南京,2020-03-18,41055.5
Orange,輔大,2020-03-18,27724.0
Orange,新莊,2020-03-18,20975.0
Orange,頭前庄,2020-03-18,7638.5
Orange,先嗇宮,2020-03-18,10008.0
Orange,三重,2020-03-18,11719.0
Orange,菜寮,2020-03-18,19961.0
Orange,台北橋,2020-03-18,17723.0
Orange,大橋頭站,2020-03-18,22882.0
Orange,中山國小,2020-03-18,32003.0
Orange,行天宮,2020-03-18,55479.0
Orange,東門,2020-03-18,21385.0
Orange,蘆洲,2020-03-18,27530.0
Orange,三民高中,2020-03-18,23358.0
Orange,徐匯中學,2020-03-18,23860.0
Orange,三和國中,2020-03-18,24064.0
Orange,三重國小,2020-03-18,23257.0
Orange,迴龍,2020-03-18,21525.0
Orange,丹鳳,2020-03-18,18850.0
Orange,古亭,2020-03-19,32506.0
Orange,頂溪,2020-03-19,66491.0
Orange,永安市場,2020-03-19,48930.0
Orange,景安,2020-03-19,48912.0
Orange,南勢角,2020-03-19,39082.0
Orange,民權西路,2020-03-19,18931.0
Orange,忠孝新生,2020-03-19,24862.0
Orange,松江南京,2020-03-19,40684.5
Orange,輔大,2020-03-19,27116.0
Orange,新莊,2020-03-19,20463.0
Orange,頭前庄,2020-03-19,7251.0
Orange,先嗇宮,2020-03-19,10019.0
Orange,三重,2020-03-19,11357.0
Orange,菜寮,2020-03-19,19817.0
Orange,台北橋,2020-03-19,17249.0
Orange,大橋頭站,2020-03-19,22378.0
Orange,中山國小,2020-03-19,31762.0
Orange,行天宮,2020-03-19,54467.0
Orange,東門,2020-03-19,20934.5
Orange,蘆洲,2020-03-19,26944.0
Orange,三民高中,2020-03-19,22937.0
Orange,徐匯中學,2020-03-19,23050.0
Orange,三和國中,2020-03-19,24112.0
Orange,三重國小,2020-03-19,22713.0
Orange,迴龍,2020-03-19,21236.0
Orange,丹鳳,2020-03-19,18633.0
Orange,古亭,2020-03-20,32483.5
Orange,頂溪,2020-03-20,68219.0
Orange,永安市場,2020-03-20,50218.0
Orange,景安,2020-03-20,49651.0
Orange,南勢角,2020-03-20,39844.0
Orange,民權西路,2020-03-20,18714.5
Orange,忠孝新生,2020-03-20,25430.5
Orange,松江南京,2020-03-20,40030.5
Orange,輔大,2020-03-20,27585.0
Orange,新莊,2020-03-20,21281.0
Orange,頭前庄,2020-03-20,7528.5
Orange,先嗇宮,2020-03-20,9924.0
Orange,三重,2020-03-20,11814.0
Orange,菜寮,2020-03-20,19890.0
Orange,台北橋,2020-03-20,17773.0
Orange,大橋頭站,2020-03-20,24865.0
Orange,中山國小,2020-03-20,32218.0
Orange,行天宮,2020-03-20,55362.0
Orange,東門,2020-03-20,21880.0
Orange,蘆洲,2020-03-20,27330.0
Orange,三民高中,2020-03-20,23939.0
Orange,徐匯中學,2020-03-20,23714.0
Orange,三和國中,2020-03-20,24167.0
Orange,三重國小,2020-03-20,23332.0
Orange,迴龍,2020-03-20,21846.0
Orange,丹鳳,2020-03-20,19675.0
Orange,古亭,2020-03-21,22012.0
Orange,頂溪,2020-03-21,46538.0
Orange,永安市場,2020-03-21,32510.0
Orange,景安,2020-03-21,30903.0
Orange,南勢角,2020-03-21,26336.0
Orange,民權西路,2020-03-21,9713.0
Orange,忠孝新生,2020-03-21,17697.5
Orange,松江南京,2020-03-21,13990.0
Orange,輔大,2020-03-21,14159.0
Orange,新莊,2020-03-21,13314.0
Orange,頭前庄,2020-03-21,4586.5
Orange,先嗇宮,2020-03-21,3524.0
Orange,三重,2020-03-21,8573.0
Orange,菜寮,2020-03-21,11774.0
Orange,台北橋,2020-03-21,13744.0
Orange,大橋頭站,2020-03-21,16760.0
Orange,中山國小,2020-03-21,19416.0
Orange,行天宮,2020-03-21,26647.0
Orange,東門,2020-03-21,15355.0
Orange,蘆洲,2020-03-21,16584.0
Orange,三民高中,2020-03-21,14669.0
Orange,徐匯中學,2020-03-21,15184.0
Orange,三和國中,2020-03-21,15282.0
Orange,三重國小,2020-03-21,15858.0
Orange,迴龍,2020-03-21,12030.0
Orange,丹鳳,2020-03-21,11928.0
Orange,古亭,2020-03-22,16504.0
Orange,頂溪,2020-03-22,38428.0
Orange,永安市場,2020-03-22,25807.0
Orange,景安,2020-03-22,25299.0
Orange,南勢角,2020-03-22,21436.0
Orange,民權西路,2020-03-22,8374.0
Orange,忠孝新生,2020-03-22,13986.0
Orange,松江南京,2020-03-22,10261.5
Orange,輔大,2020-03-22,11134.0
Orange,新莊,2020-03-22,10248.0
Orange,頭前庄,2020-03-22,4097.0
Orange,先嗇宮,2020-03-22,2968.0
Orange,三重,2020-03-22,7244.0
Orange,菜寮,2020-03-22,9443.0
Orange,台北橋,2020-03-22,11126.0
Orange,大橋頭站,2020-03-22,14594.0
Orange,中山國小,2020-03-22,15900.0
Orange,行天宮,2020-03-22,22353.0
Orange,東門,2020-03-22,12048.5
Orange,蘆洲,2020-03-22,13245.0
Orange,三民高中,2020-03-22,11646.0
Orange,徐匯中學,2020-03-22,11945.0
Orange,三和國中,2020-03-22,11888.0
Orange,三重國小,2020-03-22,12970.0
Orange,迴龍,2020-03-22,10201.0
Orange,丹鳳,2020-03-22,9850.0
Orange,古亭,2020-03-23,29668.5
Orange,頂溪,2020-03-23,62184.0
Orange,永安市場,2020-03-23,45969.0
Orange,景安,2020-03-23,45785.0
Orange,南勢角,2020-03-23,37392.0
Orange,民權西路,2020-03-23,17725.0
Orange,忠孝新生,2020-03-23,22851.5
Orange,松江南京,2020-03-23,36991.5
Orange,輔大,2020-03-23,25846.0
Orange,新莊,2020-03-23,19606.0
Orange,頭前庄,2020-03-23,7069.5
Orange,先嗇宮,2020-03-23,9351.0
Orange,三重,2020-03-23,10780.0
Orange,菜寮,2020-03-23,18484.0
Orange,台北橋,2020-03-23,16127.0
Orange,大橋頭站,2020-03-23,21472.0
Orange,中山國小,2020-03-23,29512.0
Orange,行天宮,2020-03-23,49961.0
Orange,東門,2020-03-23,18565.0
Orange,蘆洲,2020-03-23,25675.0
Orange,三民高中,2020-03-23,22467.0
Orange,徐匯中學,2020-03-23,21980.0
Orange,三和國中,2020-03-23,22763.0
Orange,三重國小,2020-03-23,21502.0
Orange,迴龍,2020-03-23,20585.0
Orange,丹鳳,2020-03-23,17951.0
Orange,古亭,2020-03-24,30845.5
Orange,頂溪,2020-03-24,63610.0
Orange,永安市場,2020-03-24,47079.0
Orange,景安,2020-03-24,46639.0
Orange,南勢角,2020-03-24,37973.0
Orange,民權西路,2020-03-24,18175.5
Orange,忠孝新生,2020-03-24,23437.5
Orange,松江南京,2020-03-24,38077.5
Orange,輔大,2020-03-24,26901.0
Orange,新莊,2020-03-24,20148.0
Orange,頭前庄,2020-03-24,7085.5
Orange,先嗇宮,2020-03-24,9463.0
Orange,三重,2020-03-24,11090.0
Orange,菜寮,2020-03-24,19025.0
Orange,台北橋,2020-03-24,16354.0
Orange,大橋頭站,2020-03-24,21496.0
Orange,中山國小,2020-03-24,30309.0
Orange,行天宮,2020-03-24,52178.0
Orange,東門,2020-03-24,19910.5
Orange,蘆洲,2020-03-24,26199.0
Orange,三民高中,2020-03-24,22627.0
Orange,徐匯中學,2020-03-24,22340.0
Orange,三和國中,2020-03-24,23224.0
Orange,三重國小,2020-03-24,21776.0
Orange,迴龍,2020-03-24,20813.0
Orange,丹鳳,2020-03-24,17923.0
Orange,古亭,2020-03-25,30803.0
Orange,頂溪,2020-03-25,63997.0
Orange,永安市場,2020-03-25,46954.0
Orange,景安,2020-03-25,46615.0
Orange,南勢角,2020-03-25,37904.0
Orange,民權西路,2020-03-25,18080.5
Orange,忠孝新生,2020-03-25,24026.5
Orange,松江南京,2020-03-25,38372.0
Orange,輔大,2020-03-25,26352.0
Orange,新莊,2020-03-25,20154.0
Orange,頭前庄,2020-03-25,7242.5
Orange,先嗇宮,2020-03-25,9410.0
Orange,三重,2020-03-25,11113.0
Orange,菜寮,2020-03-25,18948.0
Orange,台北橋,2020-03-25,16489.0
Orange,大橋頭站,2020-03-25,21787.0
Orange,中山國小,2020-03-25,30142.0
Orange,行天宮,2020-03-25,51349.0
Orange,東門,2020-03-25,20226.0
Orange,蘆洲,2020-03-25,26025.0
Orange,三民高中,2020-03-25,22624.0
Orange,徐匯中學,2020-03-25,22205.0
Orange,三和國中,2020-03-25,22968.0
Orange,三重國小,2020-03-25,21894.0
Orange,迴龍,2020-03-25,20597.0
Orange,丹鳳,2020-03-25,17864.0
Orange,古亭,2020-03-26,30435.0
Orange,頂溪,2020-03-26,63770.0
Orange,永安市場,2020-03-26,46683.0
Orange,景安,2020-03-26,46467.0
Orange,南勢角,2020-03-26,37760.0
Orange,民權西路,2020-03-26,18132.0
Orange,忠孝新生,2020-03-26,23553.0
Orange,松江南京,2020-03-26,37948.5
Orange,輔大,2020-03-26,26174.0
Orange,新莊,2020-03-26,20042.0
Orange,頭前庄,2020-03-26,7216.0
Orange,先嗇宮,2020-03-26,9459.0
Orange,三重,2020-03-26,10884.0
Orange,菜寮,2020-03-26,18853.0
Orange,台北橋,2020-03-26,16257.0
Orange,大橋頭站,2020-03-26,21762.0
Orange,中山國小,2020-03-26,29590.0
Orange,行天宮,2020-03-26,50386.0
Orange,東門,2020-03-26,20215.5
Orange,蘆洲,2020-03-26,25865.0
Orange,三民高中,2020-03-26,22471.0
Orange,徐匯中學,2020-03-26,21925.0
Orange,三和國中,2020-03-26,22795.0
Orange,三重國小,2020-03-26,21800.0
Orange,迴龍,2020-03-26,20635.0
Orange,丹鳳,2020-03-26,18003.0
Orange,古亭,2020-03-27,31241.0
Orange,頂溪,2020-03-27,65995.0
Orange,永安市場,2020-03-27,48212.0
Orange,景安,2020-03-27,47619.0
Orange,南勢角,2020-03-27,37999.0
Orange,民權西路,2020-03-27,18238.5
Orange,忠孝新生,2020-03-27,24668.5
Orange,松江南京,2020-03-27,38625.0
Orange,輔大,2020-03-27,27314.0
Orange,新莊,2020-03-27,20637.0
Orange,頭前庄,2020-03-27,7247.0
Orange,先嗇宮,2020-03-27,9548.0
Orange,三重,2020-03-27,11426.0
Orange,菜寮,2020-03-27,19209.0
Orange,台北橋,2020-03-27,17314.0
Orange,大橋頭站,2020-03-27,23923.0
Orange,中山國小,2020-03-27,31442.0
Orange,行天宮,2020-03-27,52014.0
Orange,東門,2020-03-27,20861.0
Orange,蘆洲,2020-03-27,26671.0
Orange,三民高中,2020-03-27,23143.0
Orange,徐匯中學,2020-03-27,23082.0
Orange,三和國中,2020-03-27,23534.0
Orange,三重國小,2020-03-27,22261.0
Orange,迴龍,2020-03-27,21201.0
Orange,丹鳳,2020-03-27,18893.0
Orange,古亭,2020-03-28,20546.5
Orange,頂溪,2020-03-28,42473.0
Orange,永安市場,2020-03-28,28833.0
Orange,景安,2020-03-28,28397.0
Orange,南勢角,2020-03-28,23733.0
Orange,民權西路,2020-03-28,9131.5
Orange,忠孝新生,2020-03-28,15989.0
Orange,松江南京,2020-03-28,13854.5
Orange,輔大,2020-03-28,12610.0
Orange,新莊,2020-03-28,11205.0
Orange,頭前庄,2020-03-28,4224.5
Orange,先嗇宮,2020-03-28,3354.0
Orange,三重,2020-03-28,6920.0
Orange,菜寮,2020-03-28,11118.0
Orange,台北橋,2020-03-28,13094.0
Orange,大橋頭站,2020-03-28,14699.0
Orange,中山國小,2020-03-28,18812.0
Orange,行天宮,2020-03-28,25867.0
Orange,東門,2020-03-28,13605.0
Orange,蘆洲,2020-03-28,15112.0
Orange,三民高中,2020-03-28,13154.0
Orange,徐匯中學,2020-03-28,14460.0
Orange,三和國中,2020-03-28,13992.0
Orange,三重國小,2020-03-28,14659.0
Orange,迴龍,2020-03-28,10572.0
Orange,丹鳳,2020-03-28,10872.0
Orange,古亭,2020-03-29,16182.0
Orange,頂溪,2020-03-29,38490.0
Orange,永安市場,2020-03-29,25587.0
Orange,景安,2020-03-29,25513.0
Orange,南勢角,2020-03-29,21635.0
Orange,民權西路,2020-03-29,8156.0
Orange,忠孝新生,2020-03-29,13391.5
Orange,松江南京,2020-03-29,10343.0
Orange,輔大,2020-03-29,9244.0
Orange,新莊,2020-03-29,9932.0
Orange,頭前庄,2020-03-29,3789.5
Orange,先嗇宮,2020-03-29,2872.0
Orange,三重,2020-03-29,6761.0
Orange,菜寮,2020-03-29,9144.0
Orange,台北橋,2020-03-29,10931.0
Orange,大橋頭站,2020-03-29,14005.0
Orange,中山國小,2020-03-29,15046.0
Orange,行天宮,2020-03-29,22246.0
Orange,東門,2020-03-29,12361.0
Orange,蘆洲,2020-03-29,12949.0
Orange,三民高中,2020-03-29,11224.0
Orange,徐匯中學,2020-03-29,11680.0
Orange,三和國中,2020-03-29,11710.0
Orange,三重國小,2020-03-29,12977.0
Orange,迴龍,2020-03-29,9533.0
Orange,丹鳳,2020-03-29,9786.0
Orange,古亭,2020-03-30,29569.5
Orange,頂溪,2020-03-30,62242.0
Orange,永安市場,2020-03-30,45838.0
Orange,景安,2020-03-30,45977.0
Orange,南勢角,2020-03-30,36670.0
Orange,民權西路,2020-03-30,17691.0
Orange,忠孝新生,2020-03-30,22976.0
Orange,松江南京,2020-03-30,37565.5
Orange,輔大,2020-03-30,14746.0
Orange,新莊,2020-03-30,19451.0
Orange,頭前庄,2020-03-30,6803.5
Orange,先嗇宮,2020-03-30,9410.0
Orange,三重,2020-03-30,10527.0
Orange,菜寮,2020-03-30,18645.0
Orange,台北橋,2020-03-30,16236.0
Orange,大橋頭站,2020-03-30,21288.0
Orange,中山國小,2020-03-30,29353.0
Orange,行天宮,2020-03-30,50157.0
Orange,東門,2020-03-30,18575.5
Orange,蘆洲,2020-03-30,25525.0
Orange,三民高中,2020-03-30,22313.0
Orange,徐匯中學,2020-03-30,22015.0
Orange,三和國中,2020-03-30,22643.0
Orange,三重國小,2020-03-30,21519.0
Orange,迴龍,2020-03-30,20563.0
Orange,丹鳳,2020-03-30,18002.0
Orange,古亭,2020-03-31,30842.0
Orange,頂溪,2020-03-31,63640.0
Orange,永安市場,2020-03-31,46888.0
Orange,景安,2020-03-31,46999.0
Orange,南勢角,2020-03-31,37803.0
Orange,民權西路,2020-03-31,18114.0
Orange,忠孝新生,2020-03-31,23504.0
Orange,松江南京,2020-03-31,38286.5
Orange,輔大,2020-03-31,14732.0
Orange,新莊,2020-03-31,19708.0
Orange,頭前庄,2020-03-31,6858.5
Orange,先嗇宮,2020-03-31,9541.0
Orange,三重,2020-03-31,10738.0
Orange,菜寮,2020-03-31,19142.0
Orange,台北橋,2020-03-31,16604.0
Orange,大橋頭站,2020-03-31,21563.0
Orange,中山國小,2020-03-31,30399.0
Orange,行天宮,2020-03-31,51840.0
Orange,東門,2020-03-31,19997.5
Orange,蘆洲,2020-03-31,25966.0
Orange,三民高中,2020-03-31,22729.0
Orange,徐匯中學,2020-03-31,22471.0
Orange,三和國中,2020-03-31,23154.0
Orange,三重國小,2020-03-31,21874.0
Orange,迴龍,2020-03-31,20713.0
Orange,丹鳳,2020-03-31,18378.0
Orange,古亭,2020-04-01,29893.0
Orange,頂溪,2020-04-01,64640.0
Orange,永安市場,2020-04-01,47334.0
Orange,景安,2020-04-01,47241.0
Orange,南勢角,2020-04-01,37892.0
Orange,民權西路,2020-04-01,18023.5
Orange,忠孝新生,2020-04-01,23887.0
Orange,松江南京,2020-04-01,37959.0
Orange,輔大,2020-04-01,14725.0
Orange,新莊,2020-04-01,19851.0
Orange,頭前庄,2020-04-01,6833.5
Orange,先嗇宮,2020-04-01,9602.0
Orange,三重,2020-04-01,10954.0
Orange,菜寮,2020-04-01,18886.0
Orange,台北橋,2020-04-01,16989.0
Orange,大橋頭站,2020-04-01,23244.0
Orange,中山國小,2020-04-01,30529.0
Orange,行天宮,2020-04-01,51851.0
Orange,東門,2020-04-01,19974.0
Orange,蘆洲,2020-04-01,25784.0
Orange,三民高中,2020-04-01,22710.0
Orange,徐匯中學,2020-04-01,22549.0
Orange,三和國中,2020-04-01,23178.0
Orange,三重國小,2020-04-01,22056.0
Orange,迴龍,2020-04-01,19844.0
Orange,丹鳳,2020-04-01,18285.0
Orange,古亭,2020-04-02,14117.5
Orange,頂溪,2020-04-02,36847.0
Orange,永安市場,2020-04-02,25273.0
Orange,景安,2020-04-02,25196.0
Orange,南勢角,2020-04-02,20758.0
Orange,民權西路,2020-04-02,7328.5
Orange,忠孝新生,2020-04-02,12411.5
Orange,松江南京,2020-04-02,11339.5
Orange,輔大,2020-04-02,8319.0
Orange,新莊,2020-04-02,9521.0
Orange,頭前庄,2020-04-02,3690.0
Orange,先嗇宮,2020-04-02,2846.0
Orange,三重,2020-04-02,5965.0
Orange,菜寮,2020-04-02,9174.0
Orange,台北橋,2020-04-02,11200.0
Orange,大橋頭站,2020-04-02,12899.0
Orange,中山國小,2020-04-02,15565.0
Orange,行天宮,2020-04-02,20739.0
Orange,東門,2020-04-02,10939.5
Orange,蘆洲,2020-04-02,13008.0
Orange,三民高中,2020-04-02,11368.0
Orange,徐匯中學,2020-04-02,12212.0
Orange,三和國中,2020-04-02,12163.0
Orange,三重國小,2020-04-02,12838.0
Orange,迴龍,2020-04-02,8728.0
Orange,丹鳳,2020-04-02,9393.0
Orange,古亭,2020-04-03,12860.5
Orange,頂溪,2020-04-03,34617.0
Orange,永安市場,2020-04-03,23325.0
Orange,景安,2020-04-03,23096.0
Orange,南勢角,2020-04-03,19778.0
Orange,民權西路,2020-04-03,6833.5
Orange,忠孝新生,2020-04-03,11636.0
Orange,松江南京,2020-04-03,10151.0
Orange,輔大,2020-04-03,7669.0
Orange,新莊,2020-04-03,9088.0
Orange,頭前庄,2020-04-03,3569.5
Orange,先嗇宮,2020-04-03,2537.0
Orange,三重,2020-04-03,6015.0
Orange,菜寮,2020-04-03,8599.0
Orange,台北橋,2020-04-03,10699.0
Orange,大橋頭站,2020-04-03,12090.0
Orange,中山國小,2020-04-03,14907.0
Orange,行天宮,2020-04-03,19719.0
Orange,東門,2020-04-03,10888.5
Orange,蘆洲,2020-04-03,12653.0
Orange,三民高中,2020-04-03,11072.0
Orange,徐匯中學,2020-04-03,11701.0
Orange,三和國中,2020-04-03,11121.0
Orange,三重國小,2020-04-03,12307.0
Orange,迴龍,2020-04-03,8479.0
Orange,丹鳳,2020-04-03,8657.0
Orange,古亭,2020-04-04,11824.5
Orange,頂溪,2020-04-04,31543.0
Orange,永安市場,2020-04-04,21433.0
Orange,景安,2020-04-04,20985.0
Orange,南勢角,2020-04-04,18143.0
Orange,民權西路,2020-04-04,6129.5
Orange,忠孝新生,2020-04-04,10414.0
Orange,松江南京,2020-04-04,8527.5
Orange,輔大,2020-04-04,6955.0
Orange,新莊,2020-04-04,8181.0
Orange,頭前庄,2020-04-04,3072.0
Orange,先嗇宮,2020-04-04,2411.0
Orange,三重,2020-04-04,5416.0
Orange,菜寮,2020-04-04,7815.0
Orange,台北橋,2020-04-04,9441.0
Orange,大橋頭站,2020-04-04,10522.0
Orange,中山國小,2020-04-04,13319.0
Orange,行天宮,2020-04-04,16623.0
Orange,東門,2020-04-04,9677.0
Orange,蘆洲,2020-04-04,11154.0
Orange,三民高中,2020-04-04,10043.0
Orange,徐匯中學,2020-04-04,10166.0
Orange,三和國中,2020-04-04,10308.0
Orange,三重國小,2020-04-04,11159.0
Orange,迴龍,2020-04-04,7732.0
Orange,丹鳳,2020-04-04,7943.0
Orange,古亭,2020-04-05,12249.5
Orange,頂溪,2020-04-05,32009.0
Orange,永安市場,2020-04-05,21363.0
Orange,景安,2020-04-05,21332.0
Orange,南勢角,2020-04-05,18270.0
Orange,民權西路,2020-04-05,6886.0
Orange,忠孝新生,2020-04-05,10029.5
Orange,松江南京,2020-04-05,8492.0
Orange,輔大,2020-04-05,9115.0
Orange,新莊,2020-04-05,7896.0
Orange,頭前庄,2020-04-05,3094.0
Orange,先嗇宮,2020-04-05,2471.0
Orange,三重,2020-04-05,5437.0
Orange,菜寮,2020-04-05,7882.0
Orange,台北橋,2020-04-05,9241.0
Orange,大橋頭站,2020-04-05,11979.0
Orange,中山國小,2020-04-05,13167.0
Orange,行天宮,2020-04-05,17298.0
Orange,東門,2020-04-05,9112.0
Orange,蘆洲,2020-04-05,10854.0
Orange,三民高中,2020-04-05,9478.0
Orange,徐匯中學,2020-04-05,9876.0
Orange,三和國中,2020-04-05,10207.0
Orange,三重國小,2020-04-05,10996.0
Orange,迴龍,2020-04-05,7916.0
Orange,丹鳳,2020-04-05,8262.0
Orange,古亭,2020-04-06,26176.5
Orange,頂溪,2020-04-06,60288.0
Orange,永安市場,2020-04-06,44107.0
Orange,景安,2020-04-06,44194.0
Orange,南勢角,2020-04-06,34858.0
Orange,民權西路,2020-04-06,16455.0
Orange,忠孝新生,2020-04-06,21708.0
Orange,松江南京,2020-04-06,35848.5
Orange,輔大,2020-04-06,25263.0
Orange,新莊,2020-04-06,18611.0
Orange,頭前庄,2020-04-06,6719.5
Orange,先嗇宮,2020-04-06,9276.0
Orange,三重,2020-04-06,10249.0
Orange,菜寮,2020-04-06,18242.0
Orange,台北橋,2020-04-06,15741.0
Orange,大橋頭站,2020-04-06,20834.0
Orange,中山國小,2020-04-06,28691.0
Orange,行天宮,2020-04-06,47908.0
Orange,東門,2020-04-06,18256.5
Orange,蘆洲,2020-04-06,24929.0
Orange,三民高中,2020-04-06,21600.0
Orange,徐匯中學,2020-04-06,21212.0
Orange,三和國中,2020-04-06,21976.0
Orange,三重國小,2020-04-06,20690.0
Orange,迴龍,2020-04-06,19151.0
Orange,丹鳳,2020-04-06,17046.0
Orange,古亭,2020-04-07,27336.0
Orange,頂溪,2020-04-07,60477.0
Orange,永安市場,2020-04-07,44640.0
Orange,景安,2020-04-07,44688.0
Orange,南勢角,2020-04-07,36457.0
Orange,民權西路,2020-04-07,17594.0
Orange,忠孝新生,2020-04-07,22289.5
Orange,松江南京,2020-04-07,35777.0
Orange,輔大,2020-04-07,25429.0
Orange,新莊,2020-04-07,18911.0
Orange,頭前庄,2020-04-07,6728.0
Orange,先嗇宮,2020-04-07,9189.0
Orange,三重,2020-04-07,10503.0
Orange,菜寮,2020-04-07,18571.0
Orange,台北橋,2020-04-07,15841.0
Orange,大橋頭站,2020-04-07,20424.0
Orange,中山國小,2020-04-07,29199.0
Orange,行天宮,2020-04-07,48856.0
Orange,東門,2020-04-07,19201.5
Orange,蘆洲,2020-04-07,25005.0
Orange,三民高中,2020-04-07,21643.0
Orange,徐匯中學,2020-04-07,21395.0
Orange,三和國中,2020-04-07,22078.0
Orange,三重國小,2020-04-07,21103.0
Orange,迴龍,2020-04-07,19906.0
Orange,丹鳳,2020-04-07,17345.0
Orange,古亭,2020-04-08,27313.0
Orange,頂溪,2020-04-08,60615.0
Orange,永安市場,2020-04-08,44577.0
Orange,景安,2020-04-08,44577.0
Orange,南勢角,2020-04-08,36331.0
Orange,民權西路,2020-04-08,17300.5
Orange,忠孝新生,2020-04-08,22187.0
Orange,松江南京,2020-04-08,35616.5
Orange,輔大,2020-04-08,24366.0
Orange,新莊,2020-04-08,19124.0
Orange,頭前庄,2020-04-08,6847.0
Orange,先嗇宮,2020-04-08,9164.0
Orange,三重,2020-04-08,10556.0
Orange,菜寮,2020-04-08,18512.0
Orange,台北橋,2020-04-08,15726.0
Orange,大橋頭站,2020-04-08,20649.0
Orange,中山國小,2020-04-08,28904.0
Orange,行天宮,2020-04-08,47905.0
Orange,東門,2020-04-08,19395.0
Orange,蘆洲,2020-04-08,25112.0
Orange,三民高中,2020-04-08,21452.0
Orange,徐匯中學,2020-04-08,21137.0
Orange,三和國中,2020-04-08,22042.0
Orange,三重國小,2020-04-08,20912.0
Orange,迴龍,2020-04-08,19970.0
Orange,丹鳳,2020-04-08,17371.0
Orange,古亭,2020-04-09,26928.0
Orange,頂溪,2020-04-09,60424.0
Orange,永安市場,2020-04-09,44704.0
Orange,景安,2020-04-09,43981.0
Orange,南勢角,2020-04-09,36261.0
Orange,民權西路,2020-04-09,17257.5
Orange,忠孝新生,2020-04-09,22307.5
Orange,松江南京,2020-04-09,35332.0
Orange,輔大,2020-04-09,24398.0
Orange,新莊,2020-04-09,18847.0
Orange,頭前庄,2020-04-09,6858.5
Orange,先嗇宮,2020-04-09,9221.0
Orange,三重,2020-04-09,10773.0
Orange,菜寮,2020-04-09,18239.0
Orange,台北橋,2020-04-09,15662.0
Orange,大橋頭站,2020-04-09,20609.0
Orange,中山國小,2020-04-09,28265.0
Orange,行天宮,2020-04-09,48227.0
Orange,東門,2020-04-09,19291.0
Orange,蘆洲,2020-04-09,24988.0
Orange,三民高中,2020-04-09,21810.0
Orange,徐匯中學,2020-04-09,21094.0
Orange,三和國中,2020-04-09,22120.0
Orange,三重國小,2020-04-09,20921.0
Orange,迴龍,2020-04-09,19697.0
Orange,丹鳳,2020-04-09,17481.0
Orange,古亭,2020-04-10,28147.0
Orange,頂溪,2020-04-10,63989.0
Orange,永安市場,2020-04-10,47543.0
Orange,景安,2020-04-10,46659.0
Orange,南勢角,2020-04-10,37539.0
Orange,民權西路,2020-04-10,17700.5
Orange,忠孝新生,2020-04-10,23883.5
Orange,松江南京,2020-04-10,36190.5
Orange,輔大,2020-04-10,22424.0
Orange,新莊,2020-04-10,19959.0
Orange,頭前庄,2020-04-10,7208.5
Orange,先嗇宮,2020-04-10,9422.0
Orange,三重,2020-04-10,11479.0
Orange,菜寮,2020-04-10,18856.0
Orange,台北橋,2020-04-10,16993.0
Orange,大橋頭站,2020-04-10,22927.0
Orange,中山國小,2020-04-10,29636.0
Orange,行天宮,2020-04-10,50462.0
Orange,東門,2020-04-10,20547.5
Orange,蘆洲,2020-04-10,26034.0
Orange,三民高中,2020-04-10,22775.0
Orange,徐匯中學,2020-04-10,22471.0
Orange,三和國中,2020-04-10,22599.0
Orange,三重國小,2020-04-10,21600.0
Orange,迴龍,2020-04-10,20688.0
Orange,丹鳳,2020-04-10,18616.0
Orange,古亭,2020-04-11,18995.0
Orange,頂溪,2020-04-11,43402.0
Orange,永安市場,2020-04-11,29184.0
Orange,景安,2020-04-11,28366.0
Orange,南勢角,2020-04-11,23482.0
Orange,民權西路,2020-04-11,9268.5
Orange,忠孝新生,2020-04-11,15648.0
Orange,松江南京,2020-04-11,12525.5
Orange,輔大,2020-04-11,12758.0
Orange,新莊,2020-04-11,11506.0
Orange,頭前庄,2020-04-11,4111.0
Orange,先嗇宮,2020-04-11,3328.0
Orange,三重,2020-04-11,7806.0
Orange,菜寮,2020-04-11,11023.0
Orange,台北橋,2020-04-11,12312.0
Orange,大橋頭站,2020-04-11,14812.0
Orange,中山國小,2020-04-11,17821.0
Orange,行天宮,2020-04-11,26539.0
Orange,東門,2020-04-11,13633.5
Orange,蘆洲,2020-04-11,15302.0
Orange,三民高中,2020-04-11,13003.0
Orange,徐匯中學,2020-04-11,14075.0
Orange,三和國中,2020-04-11,13766.0
Orange,三重國小,2020-04-11,14441.0
Orange,迴龍,2020-04-11,10814.0
Orange,丹鳳,2020-04-11,10976.0
Orange,古亭,2020-04-12,14102.0
Orange,頂溪,2020-04-12,34390.0
Orange,永安市場,2020-04-12,22638.0
Orange,景安,2020-04-12,22337.0
Orange,南勢角,2020-04-12,19100.0
Orange,民權西路,2020-04-12,7895.0
Orange,忠孝新生,2020-04-12,11682.5
Orange,松江南京,2020-04-12,9076.5
Orange,輔大,2020-04-12,9688.0
Orange,新莊,2020-04-12,8833.0
Orange,頭前庄,2020-04-12,3679.0
Orange,先嗇宮,2020-04-12,2764.0
Orange,三重,2020-04-12,6088.0
Orange,菜寮,2020-04-12,8753.0
Orange,台北橋,2020-04-12,9920.0
Orange,大橋頭站,2020-04-12,12219.0
Orange,中山國小,2020-04-12,13861.0
Orange,行天宮,2020-04-12,19796.0
Orange,東門,2020-04-12,10746.5
Orange,蘆洲,2020-04-12,11851.0
Orange,三民高中,2020-04-12,10291.0
Orange,徐匯中學,2020-04-12,10746.0
Orange,三和國中,2020-04-12,10842.0
Orange,三重國小,2020-04-12,11583.0
Orange,迴龍,2020-04-12,8534.0
Orange,丹鳳,2020-04-12,8828.0
Orange,古亭,2020-04-13,26311.5
Orange,頂溪,2020-04-13,59852.0
Orange,永安市場,2020-04-13,44570.0
Orange,景安,2020-04-13,44539.0
Orange,南勢角,2020-04-13,35476.0
Orange,民權西路,2020-04-13,17307.0
Orange,忠孝新生,2020-04-13,21675.5
Orange,松江南京,2020-04-13,35187.5
Orange,輔大,2020-04-13,24364.0
Orange,新莊,2020-04-13,18995.0
Orange,頭前庄,2020-04-13,6883.0
Orange,先嗇宮,2020-04-13,9254.0
Orange,三重,2020-04-13,10931.0
Orange,菜寮,2020-04-13,18079.0
Orange,台北橋,2020-04-13,15858.0
Orange,大橋頭站,2020-04-13,21021.0
Orange,中山國小,2020-04-13,27929.0
Orange,行天宮,2020-04-13,48249.0
Orange,東門,2020-04-13,18511.0
Orange,蘆洲,2020-04-13,24964.0
Orange,三民高中,2020-04-13,21485.0
Orange,徐匯中學,2020-04-13,21162.0
Orange,三和國中,2020-04-13,21756.0
Orange,三重國小,2020-04-13,20637.0
Orange,迴龍,2020-04-13,19791.0
Orange,丹鳳,2020-04-13,17199.0
Orange,古亭,2020-04-14,27123.0
Orange,頂溪,2020-04-14,61606.0
Orange,永安市場,2020-04-14,45278.0
Orange,景安,2020-04-14,45280.0
Orange,南勢角,2020-04-14,36254.0
Orange,民權西路,2020-04-14,17367.5
Orange,忠孝新生,2020-04-14,22311.5
Orange,松江南京,2020-04-14,35556.5
Orange,輔大,2020-04-14,25168.0
Orange,新莊,2020-04-14,19390.0
Orange,頭前庄,2020-04-14,6995.5
Orange,先嗇宮,2020-04-14,9236.0
Orange,三重,2020-04-14,10952.0
Orange,菜寮,2020-04-14,18149.0
Orange,台北橋,2020-04-14,16111.0
Orange,大橋頭站,2020-04-14,20831.0
Orange,中山國小,2020-04-14,28582.0
Orange,行天宮,2020-04-14,48768.0
Orange,東門,2020-04-14,19546.0
Orange,蘆洲,2020-04-14,25528.0
Orange,三民高中,2020-04-14,21860.0
Orange,徐匯中學,2020-04-14,21472.0
Orange,三和國中,2020-04-14,22159.0
Orange,三重國小,2020-04-14,21245.0
Orange,迴龍,2020-04-14,20288.0
Orange,丹鳳,2020-04-14,17477.0
Orange,古亭,2020-04-15,28109.5
Orange,頂溪,2020-04-15,62088.0
Orange,永安市場,2020-04-15,45716.0
Orange,景安,2020-04-15,45326.0
Orange,南勢角,2020-04-15,36909.0
Orange,民權西路,2020-04-15,17685.5
Orange,忠孝新生,2020-04-15,22614.0
Orange,松江南京,2020-04-15,36045.0
Orange,輔大,2020-04-15,24956.0
Orange,新莊,2020-04-15,19628.0
Orange,頭前庄,2020-04-15,7074.0
Orange,先嗇宮,2020-04-15,9313.0
Orange,三重,2020-04-15,11254.0
Orange,菜寮,2020-04-15,18580.0
Orange,台北橋,2020-04-15,16148.0
Orange,大橋頭站,2020-04-15,21562.0
Orange,中山國小,2020-04-15,29077.0
Orange,行天宮,2020-04-15,49040.0
Orange,東門,2020-04-15,20099.5
Orange,蘆洲,2020-04-15,25495.0
Orange,三民高中,2020-04-15,22155.0
Orange,徐匯中學,2020-04-15,21735.0
Orange,三和國中,2020-04-15,22305.0
Orange,三重國小,2020-04-15,21484.0
Orange,迴龍,2020-04-15,19925.0
Orange,丹鳳,2020-04-15,17773.0
Orange,古亭,2020-04-16,27611.0
Orange,頂溪,2020-04-16,61865.0
Orange,永安市場,2020-04-16,45800.0
Orange,景安,2020-04-16,45239.0
Orange,南勢角,2020-04-16,36458.0
Orange,民權西路,2020-04-16,17759.5
Orange,忠孝新生,2020-04-16,22638.0
Orange,松江南京,2020-04-16,35675.5
Orange,輔大,2020-04-16,26449.0
Orange,新莊,2020-04-16,19398.0
Orange,頭前庄,2020-04-16,6906.5
Orange,先嗇宮,2020-04-16,9292.0
Orange,三重,2020-04-16,11105.0
Orange,菜寮,2020-04-16,18274.0
Orange,台北橋,2020-04-16,16102.0
Orange,大橋頭站,2020-04-16,21332.0
Orange,中山國小,2020-04-16,28697.0
Orange,行天宮,2020-04-16,49160.0
Orange,東門,2020-04-16,20189.5
Orange,蘆洲,2020-04-16,25322.0
Orange,三民高中,2020-04-16,21967.0
Orange,徐匯中學,2020-04-16,21871.0
Orange,三和國中,2020-04-16,22035.0
Orange,三重國小,2020-04-16,21107.0
Orange,迴龍,2020-04-16,20428.0
Orange,丹鳳,2020-04-16,17513.0
Orange,古亭,2020-04-17,28547.5
Orange,頂溪,2020-04-17,64814.0
Orange,永安市場,2020-04-17,47452.0
Orange,景安,2020-04-17,46825.0
Orange,南勢角,2020-04-17,37649.0
Orange,民權西路,2020-04-17,17485.0
Orange,忠孝新生,2020-04-17,23643.0
Orange,松江南京,2020-04-17,36849.0
Orange,輔大,2020-04-17,27364.0
Orange,新莊,2020-04-17,20275.0
Orange,頭前庄,2020-04-17,7410.0
Orange,先嗇宮,2020-04-17,9421.0
Orange,三重,2020-04-17,11824.0
Orange,菜寮,2020-04-17,18998.0
Orange,台北橋,2020-04-17,16887.0
Orange,大橋頭站,2020-04-17,23983.0
Orange,中山國小,2020-04-17,30187.0
Orange,行天宮,2020-04-17,51729.0
Orange,東門,2020-04-17,21413.5
Orange,蘆洲,2020-04-17,26270.0
Orange,三民高中,2020-04-17,22771.0
Orange,徐匯中學,2020-04-17,22736.0
Orange,三和國中,2020-04-17,22996.0
Orange,三重國小,2020-04-17,21981.0
Orange,迴龍,2020-04-17,20741.0
Orange,丹鳳,2020-04-17,18705.0
Orange,古亭,2020-04-18,20048.5
Orange,頂溪,2020-04-18,45954.0
Orange,永安市場,2020-04-18,32011.0
Orange,景安,2020-04-18,30735.0
Orange,南勢角,2020-04-18,26286.0
Orange,民權西路,2020-04-18,9934.0
Orange,忠孝新生,2020-04-18,16265.5
Orange,松江南京,2020-04-18,13481.0
Orange,輔大,2020-04-18,14321.0
Orange,新莊,2020-04-18,12878.0
Orange,頭前庄,2020-04-18,4760.0
Orange,先嗇宮,2020-04-18,4135.0
Orange,三重,2020-04-18,9552.0
Orange,菜寮,2020-04-18,11311.0
Orange,台北橋,2020-04-18,13627.0
Orange,大橋頭站,2020-04-18,16885.0
Orange,中山國小,2020-04-18,19139.0
Orange,行天宮,2020-04-18,27957.0
Orange,東門,2020-04-18,15223.0
Orange,蘆洲,2020-04-18,16727.0
Orange,三民高中,2020-04-18,14580.0
Orange,徐匯中學,2020-04-18,15450.0
Orange,三和國中,2020-04-18,14912.0
Orange,三重國小,2020-04-18,15271.0
Orange,迴龍,2020-04-18,12192.0
Orange,丹鳳,2020-04-18,11866.0
Orange,古亭,2020-04-19,15292.5
Orange,頂溪,2020-04-19,37810.0
Orange,永安市場,2020-04-19,25081.0
Orange,景安,2020-04-19,25288.0
Orange,南勢角,2020-04-19,21092.0
Orange,民權西路,2020-04-19,8127.0
Orange,忠孝新生,2020-04-19,12115.0
Orange,松江南京,2020-04-19,9648.5
Orange,輔大,2020-04-19,10483.0
Orange,新莊,2020-04-19,10158.0
Orange,頭前庄,2020-04-19,3980.5
Orange,先嗇宮,2020-04-19,2870.0
Orange,三重,2020-04-19,8113.0
Orange,菜寮,2020-04-19,9190.0
Orange,台北橋,2020-04-19,10603.0
Orange,大橋頭站,2020-04-19,13956.0
Orange,中山國小,2020-04-19,14910.0
Orange,行天宮,2020-04-19,22035.0
Orange,東門,2020-04-19,12065.5
Orange,蘆洲,2020-04-19,13004.0
Orange,三民高中,2020-04-19,11339.0
Orange,徐匯中學,2020-04-19,11975.0
Orange,三和國中,2020-04-19,11617.0
Orange,三重國小,2020-04-19,12759.0
Orange,迴龍,2020-04-19,9724.0
Orange,丹鳳,2020-04-19,9562.0
Orange,古亭,2020-04-20,27088.5
Orange,頂溪,2020-04-20,61046.0
Orange,永安市場,2020-04-20,45144.0
Orange,景安,2020-04-20,45233.0
Orange,南勢角,2020-04-20,36828.0
Orange,民權西路,2020-04-20,17554.0
Orange,忠孝新生,2020-04-20,21859.0
Orange,松江南京,2020-04-20,35982.0
Orange,輔大,2020-04-20,25625.0
Orange,新莊,2020-04-20,19197.0
Orange,頭前庄,2020-04-20,7119.5
Orange,先嗇宮,2020-04-20,9248.0
Orange,三重,2020-04-20,10858.0
Orange,菜寮,2020-04-20,18202.0
Orange,台北橋,2020-04-20,15866.0
Orange,大橋頭站,2020-04-20,21365.0
Orange,中山國小,2020-04-20,28398.0
Orange,行天宮,2020-04-20,48597.0
Orange,東門,2020-04-20,18709.5
Orange,蘆洲,2020-04-20,25265.0
Orange,三民高中,2020-04-20,21521.0
Orange,徐匯中學,2020-04-20,21748.0
Orange,三和國中,2020-04-20,22158.0
Orange,三重國小,2020-04-20,20883.0
Orange,迴龍,2020-04-20,19961.0
Orange,丹鳳,2020-04-20,17569.0
Orange,古亭,2020-04-21,27974.5
Orange,頂溪,2020-04-21,61621.0
Orange,永安市場,2020-04-21,45928.0
Orange,景安,2020-04-21,45804.0
Orange,南勢角,2020-04-21,37065.0
Orange,民權西路,2020-04-21,17636.5
Orange,忠孝新生,2020-04-21,22070.0
Orange,松江南京,2020-04-21,36184.0
Orange,輔大,2020-04-21,25791.0
Orange,新莊,2020-04-21,19317.0
Orange,頭前庄,2020-04-21,6871.0
Orange,先嗇宮,2020-04-21,9307.0
Orange,三重,2020-04-21,10916.0
Orange,菜寮,2020-04-21,18311.0
Orange,台北橋,2020-04-21,15974.0
Orange,大橋頭站,2020-04-21,21216.0
Orange,中山國小,2020-04-21,28734.0
Orange,行天宮,2020-04-21,49675.0
Orange,東門,2020-04-21,19659.0
Orange,蘆洲,2020-04-21,25547.0
Orange,三民高中,2020-04-21,22074.0
Orange,徐匯中學,2020-04-21,21944.0
Orange,三和國中,2020-04-21,22454.0
Orange,三重國小,2020-04-21,21065.0
Orange,迴龍,2020-04-21,20155.0
Orange,丹鳳,2020-04-21,17605.0
Orange,古亭,2020-04-22,28375.0
Orange,頂溪,2020-04-22,62206.0
Orange,永安市場,2020-04-22,46307.0
Orange,景安,2020-04-22,45804.0
Orange,南勢角,2020-04-22,36210.0
Orange,民權西路,2020-04-22,17524.0
Orange,忠孝新生,2020-04-22,22797.5
Orange,松江南京,2020-04-22,36995.5
Orange,輔大,2020-04-22,24566.0
Orange,新莊,2020-04-22,19402.0
Orange,頭前庄,2020-04-22,6940.5
Orange,先嗇宮,2020-04-22,9409.0
Orange,三重,2020-04-22,10823.0
Orange,菜寮,2020-04-22,18566.0
Orange,台北橋,2020-04-22,16250.0
Orange,大橋頭站,2020-04-22,21558.0
Orange,中山國小,2020-04-22,29276.0
Orange,行天宮,2020-04-22,50247.0
Orange,東門,2020-04-22,20330.0
Orange,蘆洲,2020-04-22,25508.0
Orange,三民高中,2020-04-22,22124.0
Orange,徐匯中學,2020-04-22,22098.0
Orange,三和國中,2020-04-22,22654.0
Orange,三重國小,2020-04-22,21371.0
Orange,迴龍,2020-04-22,20020.0
Orange,丹鳳,2020-04-22,17738.0
Orange,古亭,2020-04-23,28916.5
Orange,頂溪,2020-04-23,63834.0
Orange,永安市場,2020-04-23,47191.0
Orange,景安,2020-04-23,47160.0
Orange,南勢角,2020-04-23,37503.0
Orange,民權西路,2020-04-23,17783.5
Orange,忠孝新生,2020-04-23,23349.5
Orange,松江南京,2020-04-23,37920.5
Orange,輔大,2020-04-23,25310.0
Orange,新莊,2020-04-23,19632.0
Orange,頭前庄,2020-04-23,7099.0
Orange,先嗇宮,2020-04-23,9670.0
Orange,三重,2020-04-23,11054.0
Orange,菜寮,2020-04-23,19125.0
Orange,台北橋,2020-04-23,16784.0
Orange,大橋頭站,2020-04-23,22174.0
Orange,中山國小,2020-04-23,29820.0
Orange,行天宮,2020-04-23,52314.0
Orange,東門,2020-04-23,20710.0
Orange,蘆洲,2020-04-23,25885.0
Orange,三民高中,2020-04-23,22265.0
Orange,徐匯中學,2020-04-23,22416.0
Orange,三和國中,2020-04-23,23135.0
Orange,三重國小,2020-04-23,21727.0
Orange,迴龍,2020-04-23,20343.0
Orange,丹鳳,2020-04-23,17950.0
Orange,古亭,2020-04-24,29704.0
Orange,頂溪,2020-04-24,65511.0
Orange,永安市場,2020-04-24,49324.0
Orange,景安,2020-04-24,48297.0
Orange,南勢角,2020-04-24,38289.0
Orange,民權西路,2020-04-24,17984.5
Orange,忠孝新生,2020-04-24,24583.0
Orange,松江南京,2020-04-24,38342.0
Orange,輔大,2020-04-24,25593.0
Orange,新莊,2020-04-24,20225.0
Orange,頭前庄,2020-04-24,7260.5
Orange,先嗇宮,2020-04-24,9750.0
Orange,三重,2020-04-24,11427.0
Orange,菜寮,2020-04-24,19274.0
Orange,台北橋,2020-04-24,17515.0
Orange,大橋頭站,2020-04-24,23824.0
Orange,中山國小,2020-04-24,31053.0
Orange,行天宮,2020-04-24,52714.0
Orange,東門,2020-04-24,21599.5
Orange,蘆洲,2020-04-24,26317.0
Orange,三民高中,2020-04-24,22882.0
Orange,徐匯中學,2020-04-24,23173.0
Orange,三和國中,2020-04-24,23198.0
Orange,三重國小,2020-04-24,22283.0
Orange,迴龍,2020-04-24,20871.0
Orange,丹鳳,2020-04-24,18787.0
Orange,古亭,2020-04-25,20420.0
Orange,頂溪,2020-04-25,44890.0
Orange,永安市場,2020-04-25,31314.0
Orange,景安,2020-04-25,29825.0
Orange,南勢角,2020-04-25,25536.0
Orange,民權西路,2020-04-25,9338.5
Orange,忠孝新生,2020-04-25,16443.5
Orange,松江南京,2020-04-25,13712.0
Orange,輔大,2020-04-25,12582.0
Orange,新莊,2020-04-25,12491.0
Orange,頭前庄,2020-04-25,4449.5
Orange,先嗇宮,2020-04-25,3565.0
Orange,三重,2020-04-25,8213.0
Orange,菜寮,2020-04-25,11276.0
Orange,台北橋,2020-04-25,12984.0
Orange,大橋頭站,2020-04-25,16036.0
Orange,中山國小,2020-04-25,18230.0
Orange,行天宮,2020-04-25,26404.0
Orange,東門,2020-04-25,15044.0
Orange,蘆洲,2020-04-25,15600.0
Orange,三民高中,2020-04-25,13994.0
Orange,徐匯中學,2020-04-25,15049.0
Orange,三和國中,2020-04-25,14686.0
Orange,三重國小,2020-04-25,15187.0
Orange,迴龍,2020-04-25,11224.0
Orange,丹鳳,2020-04-25,11252.0
Orange,古亭,2020-04-26,15661.0
Orange,頂溪,2020-04-26,35744.0
Orange,永安市場,2020-04-26,24047.0
Orange,景安,2020-04-26,24033.0
Orange,南勢角,2020-04-26,20397.0
Orange,民權西路,2020-04-26,7966.5
Orange,忠孝新生,2020-04-26,12047.0
Orange,松江南京,2020-04-26,9833.0
Orange,輔大,2020-04-26,8788.0
Orange,新莊,2020-04-26,9533.0
Orange,頭前庄,2020-04-26,3565.0
Orange,先嗇宮,2020-04-26,2866.0
Orange,三重,2020-04-26,6743.0
Orange,菜寮,2020-04-26,8766.0
Orange,台北橋,2020-04-26,10347.0
Orange,大橋頭站,2020-04-26,13488.0
Orange,中山國小,2020-04-26,14433.0
Orange,行天宮,2020-04-26,20965.0
Orange,東門,2020-04-26,11822.5
Orange,蘆洲,2020-04-26,12317.0
Orange,三民高中,2020-04-26,10906.0
Orange,徐匯中學,2020-04-26,11297.0
Orange,三和國中,2020-04-26,11163.0
Orange,三重國小,2020-04-26,12456.0
Orange,迴龍,2020-04-26,8775.0
Orange,丹鳳,2020-04-26,9076.0
Orange,古亭,2020-04-27,29199.5
Orange,頂溪,2020-04-27,61931.0
Orange,永安市場,2020-04-27,45388.0
Orange,景安,2020-04-27,45734.0
Orange,南勢角,2020-04-27,36531.0
Orange,民權西路,2020-04-27,17429.5
Orange,忠孝新生,2020-04-27,22124.5
Orange,松江南京,2020-04-27,36387.5
Orange,輔大,2020-04-27,24361.0
Orange,新莊,2020-04-27,19055.0
Orange,頭前庄,2020-04-27,6915.0
Orange,先嗇宮,2020-04-27,9137.0
Orange,三重,2020-04-27,10676.0
Orange,菜寮,2020-04-27,18510.0
Orange,台北橋,2020-04-27,16178.0
Orange,大橋頭站,2020-04-27,21157.0
Orange,中山國小,2020-04-27,28526.0
Orange,行天宮,2020-04-27,50202.0
Orange,東門,2020-04-27,19026.0
Orange,蘆洲,2020-04-27,25460.0
Orange,三民高中,2020-04-27,21934.0
Orange,徐匯中學,2020-04-27,21748.0
Orange,三和國中,2020-04-27,22413.0
Orange,三重國小,2020-04-27,21121.0
Orange,迴龍,2020-04-27,19995.0
Orange,丹鳳,2020-04-27,17620.0
Orange,古亭,2020-04-28,30357.5
Orange,頂溪,2020-04-28,63930.0
Orange,永安市場,2020-04-28,47208.0
Orange,景安,2020-04-28,46339.0
Orange,南勢角,2020-04-28,37428.0
Orange,民權西路,2020-04-28,17604.5
Orange,忠孝新生,2020-04-28,22869.0
Orange,松江南京,2020-04-28,37023.0
Orange,輔大,2020-04-28,25501.0
Orange,新莊,2020-04-28,19984.0
Orange,頭前庄,2020-04-28,7123.5
Orange,先嗇宮,2020-04-28,9468.0
Orange,三重,2020-04-28,11058.0
Orange,菜寮,2020-04-28,18744.0
Orange,台北橋,2020-04-28,16479.0
Orange,大橋頭站,2020-04-28,21479.0
Orange,中山國小,2020-04-28,29595.0
Orange,行天宮,2020-04-28,50652.0
Orange,東門,2020-04-28,20330.0
Orange,蘆洲,2020-04-28,26003.0
Orange,三民高中,2020-04-28,22426.0
Orange,徐匯中學,2020-04-28,22351.0
Orange,三和國中,2020-04-28,22649.0
Orange,三重國小,2020-04-28,21808.0
Orange,迴龍,2020-04-28,20688.0
Orange,丹鳳,2020-04-28,18195.0
Orange,古亭,2020-04-29,30855.0
Orange,頂溪,2020-04-29,64713.0
Orange,永安市場,2020-04-29,47422.0
Orange,景安,2020-04-29,47400.0
Orange,南勢角,2020-04-29,38195.0
Orange,民權西路,2020-04-29,18048.5
Orange,忠孝新生,2020-04-29,23394.0
Orange,松江南京,2020-04-29,37510.5
Orange,輔大,2020-04-29,24220.0
Orange,新莊,2020-04-29,19814.0
Orange,頭前庄,2020-04-29,7147.5
Orange,先嗇宮,2020-04-29,9301.0
Orange,三重,2020-04-29,11278.0
Orange,菜寮,2020-04-29,18688.0
Orange,台北橋,2020-04-29,16781.0
Orange,大橋頭站,2020-04-29,22143.0
Orange,中山國小,2020-04-29,29780.0
Orange,行天宮,2020-04-29,51128.0
Orange,東門,2020-04-29,21040.5
Orange,蘆洲,2020-04-29,26162.0
Orange,三民高中,2020-04-29,22953.0
Orange,徐匯中學,2020-04-29,22395.0
Orange,三和國中,2020-04-29,23036.0
Orange,三重國小,2020-04-29,21957.0
Orange,迴龍,2020-04-29,20687.0
Orange,丹鳳,2020-04-29,18149.0
Orange,古亭,2020-04-30,31212.0
Orange,頂溪,2020-04-30,66249.0
Orange,永安市場,2020-04-30,48705.0
Orange,景安,2020-04-30,47867.0
Orange,南勢角,2020-04-30,38559.0
Orange,民權西路,2020-04-30,18056.5
Orange,忠孝新生,2020-04-30,23885.5
Orange,松江南京,2020-04-30,38044.0
Orange,輔大,2020-04-30,25943.0
Orange,新莊,2020-04-30,20353.0
Orange,頭前庄,2020-04-30,7432.5
Orange,先嗇宮,2020-04-30,9518.0
Orange,三重,2020-04-30,11503.0
Orange,菜寮,2020-04-30,19440.0
Orange,台北橋,2020-04-30,16981.0
Orange,大橋頭站,2020-04-30,23245.0
Orange,中山國小,2020-04-30,30642.0
Orange,行天宮,2020-04-30,53212.0
Orange,東門,2020-04-30,21640.5
Orange,蘆洲,2020-04-30,26686.0
Orange,三民高中,2020-04-30,23087.0
Orange,徐匯中學,2020-04-30,22385.0
Orange,三和國中,2020-04-30,23188.0
Orange,三重國小,2020-04-30,22402.0
Orange,迴龍,2020-04-30,20785.0
Orange,丹鳳,2020-04-30,18370.0
Orange,古亭,2020-05-01,22478.0
Orange,頂溪,2020-05-01,52135.0
Orange,永安市場,2020-05-01,36803.0
Orange,景安,2020-05-01,35761.0
Orange,南勢角,2020-05-01,29715.0
Orange,民權西路,2020-05-01,11665.0
Orange,忠孝新生,2020-05-01,17338.0
Orange,松江南京,2020-05-01,16395.5
Orange,輔大,2020-05-01,22854.0
Orange,新莊,2020-05-01,15944.0
Orange,頭前庄,2020-05-01,5552.0
Orange,先嗇宮,2020-05-01,3837.0
Orange,三重,2020-05-01,9851.0
Orange,菜寮,2020-05-01,14695.0
Orange,台北橋,2020-05-01,14643.0
Orange,大橋頭站,2020-05-01,20112.0
Orange,中山國小,2020-05-01,20928.0
Orange,行天宮,2020-05-01,28461.0
Orange,東門,2020-05-01,16846.0
Orange,蘆洲,2020-05-01,19938.0
Orange,三民高中,2020-05-01,17901.0
Orange,徐匯中學,2020-05-01,17807.0
Orange,三和國中,2020-05-01,17240.0
Orange,三重國小,2020-05-01,17417.0
Orange,迴龍,2020-05-01,16015.0
Orange,丹鳳,2020-05-01,14004.0
Orange,古亭,2020-05-02,20104.0
Orange,頂溪,2020-05-02,45788.0
Orange,永安市場,2020-05-02,31150.0
Orange,景安,2020-05-02,30543.0
Orange,南勢角,2020-05-02,25703.0
Orange,民權西路,2020-05-02,8781.5
Orange,忠孝新生,2020-05-02,16503.0
Orange,松江南京,2020-05-02,12726.5
Orange,輔大,2020-05-02,12687.0
Orange,新莊,2020-05-02,12630.0
Orange,頭前庄,2020-05-02,4754.5
Orange,先嗇宮,2020-05-02,3505.0
Orange,三重,2020-05-02,8738.0
Orange,菜寮,2020-05-02,11384.0
Orange,台北橋,2020-05-02,13290.0
Orange,大橋頭站,2020-05-02,16186.0
Orange,中山國小,2020-05-02,17538.0
Orange,行天宮,2020-05-02,25675.0
Orange,東門,2020-05-02,14901.5
Orange,蘆洲,2020-05-02,16436.0
Orange,三民高中,2020-05-02,14361.0
Orange,徐匯中學,2020-05-02,15316.0
Orange,三和國中,2020-05-02,14877.0
Orange,三重國小,2020-05-02,15509.0
Orange,迴龍,2020-05-02,11812.0
Orange,丹鳳,2020-05-02,11672.0
Orange,古亭,2020-05-03,16045.5
Orange,頂溪,2020-05-03,40256.0
Orange,永安市場,2020-05-03,26760.0
Orange,景安,2020-05-03,26000.0
Orange,南勢角,2020-05-03,21913.0
Orange,民權西路,2020-05-03,8076.5
Orange,忠孝新生,2020-05-03,13708.0
Orange,松江南京,2020-05-03,10125.0
Orange,輔大,2020-05-03,10670.0
Orange,新莊,2020-05-03,10095.0
Orange,頭前庄,2020-05-03,3824.0
Orange,先嗇宮,2020-05-03,3133.0
Orange,三重,2020-05-03,7583.0
Orange,菜寮,2020-05-03,9782.0
Orange,台北橋,2020-05-03,11226.0
Orange,大橋頭站,2020-05-03,14418.0
Orange,中山國小,2020-05-03,15426.0
Orange,行天宮,2020-05-03,21644.0
Orange,東門,2020-05-03,12325.0
Orange,蘆洲,2020-05-03,13748.0
Orange,三民高中,2020-05-03,12173.0
Orange,徐匯中學,2020-05-03,12507.0
Orange,三和國中,2020-05-03,12240.0
Orange,三重國小,2020-05-03,13275.0
Orange,迴龍,2020-05-03,10170.0
Orange,丹鳳,2020-05-03,10064.0
Orange,古亭,2020-05-04,29678.5
Orange,頂溪,2020-05-04,63282.0
Orange,永安市場,2020-05-04,46542.0
Orange,景安,2020-05-04,46398.0
Orange,南勢角,2020-05-04,37446.0
Orange,民權西路,2020-05-04,17645.5
Orange,忠孝新生,2020-05-04,22432.0
Orange,松江南京,2020-05-04,36605.5
Orange,輔大,2020-05-04,25425.0
Orange,新莊,2020-05-04,19353.0
Orange,頭前庄,2020-05-04,6961.0
Orange,先嗇宮,2020-05-04,9120.0
Orange,三重,2020-05-04,10968.0
Orange,菜寮,2020-05-04,18451.0
Orange,台北橋,2020-05-04,16525.0
Orange,大橋頭站,2020-05-04,21779.0
Orange,中山國小,2020-05-04,29132.0
Orange,行天宮,2020-05-04,50640.0
Orange,東門,2020-05-04,19483.0
Orange,蘆洲,2020-05-04,25755.0
Orange,三民高中,2020-05-04,22569.0
Orange,徐匯中學,2020-05-04,21922.0
Orange,三和國中,2020-05-04,22343.0
Orange,三重國小,2020-05-04,21466.0
Orange,迴龍,2020-05-04,20223.0
Orange,丹鳳,2020-05-04,17763.0
Orange,古亭,2020-05-05,31088.0
Orange,頂溪,2020-05-05,64498.0
Orange,永安市場,2020-05-05,48115.0
Orange,景安,2020-05-05,47036.0
Orange,南勢角,2020-05-05,38883.0
Orange,民權西路,2020-05-05,18198.5
Orange,忠孝新生,2020-05-05,23559.0
Orange,松江南京,2020-05-05,37416.5
Orange,輔大,2020-05-05,26538.0
Orange,新莊,2020-05-05,20099.0
Orange,頭前庄,2020-05-05,6997.0
Orange,先嗇宮,2020-05-05,9313.0
Orange,三重,2020-05-05,11099.0
Orange,菜寮,2020-05-05,19137.0
Orange,台北橋,2020-05-05,16795.0
Orange,大橋頭站,2020-05-05,21469.0
Orange,中山國小,2020-05-05,30226.0
Orange,行天宮,2020-05-05,51326.0
Orange,東門,2020-05-05,20971.5
Orange,蘆洲,2020-05-05,26730.0
Orange,三民高中,2020-05-05,22748.0
Orange,徐匯中學,2020-05-05,22361.0
Orange,三和國中,2020-05-05,22985.0
Orange,三重國小,2020-05-05,22019.0
Orange,迴龍,2020-05-05,20850.0
Orange,丹鳳,2020-05-05,18202.0
Orange,古亭,2020-05-06,31345.5
Orange,頂溪,2020-05-06,65508.0
Orange,永安市場,2020-05-06,48349.0
Orange,景安,2020-05-06,47954.0
Orange,南勢角,2020-05-06,38841.0
Orange,民權西路,2020-05-06,18126.0
Orange,忠孝新生,2020-05-06,23329.0
Orange,松江南京,2020-05-06,38185.5
Orange,輔大,2020-05-06,26011.0
Orange,新莊,2020-05-06,20280.0
Orange,頭前庄,2020-05-06,7297.0
Orange,先嗇宮,2020-05-06,9469.0
Orange,三重,2020-05-06,11184.0
Orange,菜寮,2020-05-06,19357.0
Orange,台北橋,2020-05-06,17114.0
Orange,大橋頭站,2020-05-06,22444.0
Orange,中山國小,2020-05-06,30326.0
Orange,行天宮,2020-05-06,52081.0
Orange,東門,2020-05-06,21261.5
Orange,蘆洲,2020-05-06,26774.0
Orange,三民高中,2020-05-06,22962.0
Orange,徐匯中學,2020-05-06,22633.0
Orange,三和國中,2020-05-06,23374.0
Orange,三重國小,2020-05-06,22095.0
Orange,迴龍,2020-05-06,20838.0
Orange,丹鳳,2020-05-06,18409.0
Orange,古亭,2020-05-07,31649.0
Orange,頂溪,2020-05-07,66075.0
Orange,永安市場,2020-05-07,48616.0
Orange,景安,2020-05-07,48043.0
Orange,南勢角,2020-05-07,38748.0
Orange,民權西路,2020-05-07,18339.5
Orange,忠孝新生,2020-05-07,23783.0
Orange,松江南京,2020-05-07,38119.0
Orange,輔大,2020-05-07,25891.0
Orange,新莊,2020-05-07,20216.0
Orange,頭前庄,2020-05-07,7151.5
Orange,先嗇宮,2020-05-07,9645.0
Orange,三重,2020-05-07,11382.0
Orange,菜寮,2020-05-07,19002.0
Orange,台北橋,2020-05-07,16843.0
Orange,大橋頭站,2020-05-07,22442.0
Orange,中山國小,2020-05-07,30326.0
Orange,行天宮,2020-05-07,54035.0
Orange,東門,2020-05-07,20885.5
Orange,蘆洲,2020-05-07,26758.0
Orange,三民高中,2020-05-07,23250.0
Orange,徐匯中學,2020-05-07,22966.0
Orange,三和國中,2020-05-07,23385.0
Orange,三重國小,2020-05-07,22150.0
Orange,迴龍,2020-05-07,20884.0
Orange,丹鳳,2020-05-07,18383.0
Orange,古亭,2020-05-08,32759.5
Orange,頂溪,2020-05-08,69176.0
Orange,永安市場,2020-05-08,51127.0
Orange,景安,2020-05-08,50487.0
Orange,南勢角,2020-05-08,40554.0
Orange,民權西路,2020-05-08,18829.5
Orange,忠孝新生,2020-05-08,24792.5
Orange,松江南京,2020-05-08,39094.5
Orange,輔大,2020-05-08,27451.0
Orange,新莊,2020-05-08,22100.0
Orange,頭前庄,2020-05-08,7482.5
Orange,先嗇宮,2020-05-08,9784.0
Orange,三重,2020-05-08,12040.0
Orange,菜寮,2020-05-08,19661.0
Orange,台北橋,2020-05-08,18216.0
Orange,大橋頭站,2020-05-08,24989.0
Orange,中山國小,2020-05-08,32242.0
Orange,行天宮,2020-05-08,54700.0
Orange,東門,2020-05-08,22446.5
Orange,蘆洲,2020-05-08,28181.0
Orange,三民高中,2020-05-08,24395.0
Orange,徐匯中學,2020-05-08,24018.0
Orange,三和國中,2020-05-08,24123.0
Orange,三重國小,2020-05-08,23101.0
Orange,迴龍,2020-05-08,22034.0
Orange,丹鳳,2020-05-08,19448.0
Orange,古亭,2020-05-09,22362.0
Orange,頂溪,2020-05-09,49671.0
Orange,永安市場,2020-05-09,34933.0
Orange,景安,2020-05-09,34098.0
Orange,南勢角,2020-05-09,27977.0
Orange,民權西路,2020-05-09,9789.5
Orange,忠孝新生,2020-05-09,16990.0
Orange,松江南京,2020-05-09,14754.0
Orange,輔大,2020-05-09,14117.0
Orange,新莊,2020-05-09,13779.0
Orange,頭前庄,2020-05-09,4774.0
Orange,先嗇宮,2020-05-09,3940.0
Orange,三重,2020-05-09,9014.0
Orange,菜寮,2020-05-09,12182.0
Orange,台北橋,2020-05-09,14499.0
Orange,大橋頭站,2020-05-09,17586.0
Orange,中山國小,2020-05-09,20272.0
Orange,行天宮,2020-05-09,28621.0
Orange,東門,2020-05-09,16423.5
Orange,蘆洲,2020-05-09,18066.0
Orange,三民高中,2020-05-09,15740.0
Orange,徐匯中學,2020-05-09,17060.0
Orange,三和國中,2020-05-09,16139.0
Orange,三重國小,2020-05-09,16526.0
Orange,迴龍,2020-05-09,12828.0
Orange,丹鳳,2020-05-09,13431.0
Orange,古亭,2020-05-10,16309.0
Orange,頂溪,2020-05-10,40216.0
Orange,永安市場,2020-05-10,27881.0
Orange,景安,2020-05-10,27272.0
Orange,南勢角,2020-05-10,22941.0
Orange,民權西路,2020-05-10,8420.0
Orange,忠孝新生,2020-05-10,11792.0
Orange,松江南京,2020-05-10,10498.5
Orange,輔大,2020-05-10,10403.0
Orange,新莊,2020-05-10,9904.0
Orange,頭前庄,2020-05-10,3827.5
Orange,先嗇宮,2020-05-10,3021.0
Orange,三重,2020-05-10,7037.0
Orange,菜寮,2020-05-10,9550.0
Orange,台北橋,2020-05-10,11500.0
Orange,大橋頭站,2020-05-10,14916.0
Orange,中山國小,2020-05-10,15804.0
Orange,行天宮,2020-05-10,22562.0
Orange,東門,2020-05-10,12473.0
Orange,蘆洲,2020-05-10,13602.0
Orange,三民高中,2020-05-10,12201.0
Orange,徐匯中學,2020-05-10,12814.0
Orange,三和國中,2020-05-10,12306.0
Orange,三重國小,2020-05-10,13556.0
Orange,迴龍,2020-05-10,10507.0
Orange,丹鳳,2020-05-10,10274.0
Orange,古亭,2020-05-11,30278.0
Orange,頂溪,2020-05-11,64518.0
Orange,永安市場,2020-05-11,47269.0
Orange,景安,2020-05-11,47322.0
Orange,南勢角,2020-05-11,38345.0
Orange,民權西路,2020-05-11,17881.5
Orange,忠孝新生,2020-05-11,22579.0
Orange,松江南京,2020-05-11,37555.0
Orange,輔大,2020-05-11,25955.0
Orange,新莊,2020-05-11,20009.0
Orange,頭前庄,2020-05-11,7152.0
Orange,先嗇宮,2020-05-11,9422.0
Orange,三重,2020-05-11,11183.0
Orange,菜寮,2020-05-11,18484.0
Orange,台北橋,2020-05-11,16793.0
Orange,大橋頭站,2020-05-11,22477.0
Orange,中山國小,2020-05-11,30017.0
Orange,行天宮,2020-05-11,52302.0
Orange,東門,2020-05-11,19399.0
Orange,蘆洲,2020-05-11,26290.0
Orange,三民高中,2020-05-11,22531.0
Orange,徐匯中學,2020-05-11,22088.0
Orange,三和國中,2020-05-11,22837.0
Orange,三重國小,2020-05-11,21566.0
Orange,迴龍,2020-05-11,20804.0
Orange,丹鳳,2020-05-11,18254.0
Orange,古亭,2020-05-12,31785.0
Orange,頂溪,2020-05-12,66188.0
Orange,永安市場,2020-05-12,49292.0
Orange,景安,2020-05-12,48873.0
Orange,南勢角,2020-05-12,38599.0
Orange,民權西路,2020-05-12,18617.0
Orange,忠孝新生,2020-05-12,24178.0
Orange,松江南京,2020-05-12,38500.0
Orange,輔大,2020-05-12,26420.0
Orange,新莊,2020-05-12,20315.0
Orange,頭前庄,2020-05-12,7072.0
Orange,先嗇宮,2020-05-12,9557.0
Orange,三重,2020-05-12,11268.0
Orange,菜寮,2020-05-12,19379.0
Orange,台北橋,2020-05-12,17052.0
Orange,大橋頭站,2020-05-12,22336.0
Orange,中山國小,2020-05-12,30311.0
Orange,行天宮,2020-05-12,52641.0
Orange,東門,2020-05-12,20614.0
Orange,蘆洲,2020-05-12,26729.0
Orange,三民高中,2020-05-12,23162.0
Orange,徐匯中學,2020-05-12,22988.0
Orange,三和國中,2020-05-12,23657.0
Orange,三重國小,2020-05-12,22112.0
Orange,迴龍,2020-05-12,20951.0
Orange,丹鳳,2020-05-12,18365.0
Orange,古亭,2020-05-13,32178.0
Orange,頂溪,2020-05-13,67123.0
Orange,永安市場,2020-05-13,49502.0
Orange,景安,2020-05-13,48562.0
Orange,南勢角,2020-05-13,39998.0
Orange,民權西路,2020-05-13,18431.5
Orange,忠孝新生,2020-05-13,22954.5
Orange,松江南京,2020-05-13,38819.5
Orange,輔大,2020-05-13,26197.0
Orange,新莊,2020-05-13,21127.0
Orange,頭前庄,2020-05-13,7453.0
Orange,先嗇宮,2020-05-13,9774.0
Orange,三重,2020-05-13,11608.0
Orange,菜寮,2020-05-13,19746.0
Orange,台北橋,2020-05-13,17283.0
Orange,大橋頭站,2020-05-13,23283.0
Orange,中山國小,2020-05-13,31105.0
Orange,行天宮,2020-05-13,54200.0
Orange,東門,2020-05-13,21531.5
Orange,蘆洲,2020-05-13,27097.0
Orange,三民高中,2020-05-13,23321.0
Orange,徐匯中學,2020-05-13,22991.0
Orange,三和國中,2020-05-13,23481.0
Orange,三重國小,2020-05-13,22076.0
Orange,迴龍,2020-05-13,21207.0
Orange,丹鳳,2020-05-13,18967.0
Orange,古亭,2020-05-14,32131.5
Orange,頂溪,2020-05-14,67144.0
Orange,永安市場,2020-05-14,49488.0
Orange,景安,2020-05-14,48417.0
Orange,南勢角,2020-05-14,38934.0
Orange,民權西路,2020-05-14,18400.0
Orange,忠孝新生,2020-05-14,24175.0
Orange,松江南京,2020-05-14,38706.5
Orange,輔大,2020-05-14,26414.0
Orange,新莊,2020-05-14,20895.0
Orange,頭前庄,2020-05-14,7225.5
Orange,先嗇宮,2020-05-14,9431.0
Orange,三重,2020-05-14,11623.0
Orange,菜寮,2020-05-14,19778.0
Orange,台北橋,2020-05-14,17143.0
Orange,大橋頭站,2020-05-14,22957.0
Orange,中山國小,2020-05-14,30986.0
Orange,行天宮,2020-05-14,53388.0
Orange,東門,2020-05-14,21508.5
Orange,蘆洲,2020-05-14,27060.0
Orange,三民高中,2020-05-14,23118.0
Orange,徐匯中學,2020-05-14,23049.0
Orange,三和國中,2020-05-14,23474.0
Orange,三重國小,2020-05-14,21999.0
Orange,迴龍,2020-05-14,21181.0
Orange,丹鳳,2020-05-14,18624.0
Orange,古亭,2020-05-15,33070.0
Orange,頂溪,2020-05-15,71337.0
Orange,永安市場,2020-05-15,52314.0
Orange,景安,2020-05-15,51581.0
Orange,南勢角,2020-05-15,40584.0
Orange,民權西路,2020-05-15,18798.5
Orange,忠孝新生,2020-05-15,26091.5
Orange,松江南京,2020-05-15,40806.5
Orange,輔大,2020-05-15,27838.0
Orange,新莊,2020-05-15,22840.0
Orange,頭前庄,2020-05-15,7968.0
Orange,先嗇宮,2020-05-15,10041.0
Orange,三重,2020-05-15,12529.0
Orange,菜寮,2020-05-15,20172.0
Orange,台北橋,2020-05-15,19548.0
Orange,大橋頭站,2020-05-15,26047.0
Orange,中山國小,2020-05-15,33294.0
Orange,行天宮,2020-05-15,56491.0
Orange,東門,2020-05-15,23095.0
Orange,蘆洲,2020-05-15,28873.0
Orange,三民高中,2020-05-15,25227.0
Orange,徐匯中學,2020-05-15,24918.0
Orange,三和國中,2020-05-15,24328.0
Orange,三重國小,2020-05-15,23630.0
Orange,迴龍,2020-05-15,22489.0
Orange,丹鳳,2020-05-15,20351.0
Orange,古亭,2020-05-16,22523.0
Orange,頂溪,2020-05-16,51178.0
Orange,永安市場,2020-05-16,35264.0
Orange,景安,2020-05-16,34036.0
Orange,南勢角,2020-05-16,28160.0
Orange,民權西路,2020-05-16,10344.0
Orange,忠孝新生,2020-05-16,18041.0
Orange,松江南京,2020-05-16,16649.5
Orange,輔大,2020-05-16,15211.0
Orange,新莊,2020-05-16,14709.0
Orange,頭前庄,2020-05-16,5266.0
Orange,先嗇宮,2020-05-16,4018.0
Orange,三重,2020-05-16,9237.0
Orange,菜寮,2020-05-16,12734.0
Orange,台北橋,2020-05-16,14677.0
Orange,大橋頭站,2020-05-16,18715.0
Orange,中山國小,2020-05-16,21328.0
Orange,行天宮,2020-05-16,31001.0
Orange,東門,2020-05-16,16911.0
Orange,蘆洲,2020-05-16,18739.0
Orange,三民高中,2020-05-16,16403.0
Orange,徐匯中學,2020-05-16,17020.0
Orange,三和國中,2020-05-16,16706.0
Orange,三重國小,2020-05-16,16708.0
Orange,迴龍,2020-05-16,13250.0
Orange,丹鳳,2020-05-16,12973.0
Orange,古亭,2020-05-17,17839.5
Orange,頂溪,2020-05-17,43511.0
Orange,永安市場,2020-05-17,29799.0
Orange,景安,2020-05-17,28309.0
Orange,南勢角,2020-05-17,24224.0
Orange,民權西路,2020-05-17,9669.0
Orange,忠孝新生,2020-05-17,15021.0
Orange,松江南京,2020-05-17,12766.5
Orange,輔大,2020-05-17,11935.0
Orange,新莊,2020-05-17,12217.0
Orange,頭前庄,2020-05-17,4438.0
Orange,先嗇宮,2020-05-17,3624.0
Orange,三重,2020-05-17,8363.0
Orange,菜寮,2020-05-17,10668.0
Orange,台北橋,2020-05-17,12815.0
Orange,大橋頭站,2020-05-17,16358.0
Orange,中山國小,2020-05-17,17496.0
Orange,行天宮,2020-05-17,26270.0
Orange,東門,2020-05-17,14090.5
Orange,蘆洲,2020-05-17,15399.0
Orange,三民高中,2020-05-17,13240.0
Orange,徐匯中學,2020-05-17,13958.0
Orange,三和國中,2020-05-17,13363.0
Orange,三重國小,2020-05-17,14519.0
Orange,迴龍,2020-05-17,11198.0
Orange,丹鳳,2020-05-17,10897.0
Orange,古亭,2020-05-18,30516.0
Orange,頂溪,2020-05-18,65581.0
Orange,永安市場,2020-05-18,48159.0
Orange,景安,2020-05-18,48308.0
Orange,南勢角,2020-05-18,38312.0
Orange,民權西路,2020-05-18,17841.0
Orange,忠孝新生,2020-05-18,23045.0
Orange,松江南京,2020-05-18,37932.0
Orange,輔大,2020-05-18,25765.0
Orange,新莊,2020-05-18,20027.0
Orange,頭前庄,2020-05-18,6934.0
Orange,先嗇宮,2020-05-18,9416.0
Orange,三重,2020-05-18,11198.0
Orange,菜寮,2020-05-18,18836.0
Orange,台北橋,2020-05-18,17118.0
Orange,大橋頭站,2020-05-18,22273.0
Orange,中山國小,2020-05-18,29985.0
Orange,行天宮,2020-05-18,53300.0
Orange,東門,2020-05-18,19738.5
Orange,蘆洲,2020-05-18,26407.0
Orange,三民高中,2020-05-18,22759.0
Orange,徐匯中學,2020-05-18,22573.0
Orange,三和國中,2020-05-18,23010.0
Orange,三重國小,2020-05-18,21880.0
Orange,迴龍,2020-05-18,20796.0
Orange,丹鳳,2020-05-18,18018.0
Orange,古亭,2020-05-19,32274.5
Orange,頂溪,2020-05-19,67769.0
Orange,永安市場,2020-05-19,50217.0
Orange,景安,2020-05-19,49779.0
Orange,南勢角,2020-05-19,39508.0
Orange,民權西路,2020-05-19,18751.0
Orange,忠孝新生,2020-05-19,22969.5
Orange,松江南京,2020-05-19,39960.0
Orange,輔大,2020-05-19,27335.0
Orange,新莊,2020-05-19,20255.0
Orange,頭前庄,2020-05-19,7087.0
Orange,先嗇宮,2020-05-19,9885.0
Orange,三重,2020-05-19,11525.0
Orange,菜寮,2020-05-19,20033.0
Orange,台北橋,2020-05-19,17529.0
Orange,大橋頭站,2020-05-19,22402.0
Orange,中山國小,2020-05-19,31805.0
Orange,行天宮,2020-05-19,55553.0
Orange,東門,2020-05-19,21386.5
Orange,蘆洲,2020-05-19,27146.0
Orange,三民高中,2020-05-19,23057.0
Orange,徐匯中學,2020-05-19,23485.0
Orange,三和國中,2020-05-19,24167.0
Orange,三重國小,2020-05-19,22787.0
Orange,迴龍,2020-05-19,20921.0
Orange,丹鳳,2020-05-19,18539.0
Orange,古亭,2020-05-20,32896.0
Orange,頂溪,2020-05-20,68943.0
Orange,永安市場,2020-05-20,51092.0
Orange,景安,2020-05-20,50037.0
Orange,南勢角,2020-05-20,40268.0
Orange,民權西路,2020-05-20,18918.0
Orange,忠孝新生,2020-05-20,25004.5
Orange,松江南京,2020-05-20,40189.5
Orange,輔大,2020-05-20,27535.0
Orange,新莊,2020-05-20,20986.0
Orange,頭前庄,2020-05-20,7517.5
Orange,先嗇宮,2020-05-20,9891.0
Orange,三重,2020-05-20,11929.0
Orange,菜寮,2020-05-20,19946.0
Orange,台北橋,2020-05-20,18004.0
Orange,大橋頭站,2020-05-20,22976.0
Orange,中山國小,2020-05-20,32030.0
Orange,行天宮,2020-05-20,55371.0
Orange,東門,2020-05-20,22262.5
Orange,蘆洲,2020-05-20,27818.0
Orange,三民高中,2020-05-20,23493.0
Orange,徐匯中學,2020-05-20,23556.0
Orange,三和國中,2020-05-20,24298.0
Orange,三重國小,2020-05-20,22813.0
Orange,迴龍,2020-05-20,21319.0
Orange,丹鳳,2020-05-20,18903.0
Orange,古亭,2020-05-21,32828.5
Orange,頂溪,2020-05-21,69104.0
Orange,永安市場,2020-05-21,50350.0
Orange,景安,2020-05-21,49694.0
Orange,南勢角,2020-05-21,39380.0
Orange,民權西路,2020-05-21,18774.5
Orange,忠孝新生,2020-05-21,23317.5
Orange,松江南京,2020-05-21,40020.5
Orange,輔大,2020-05-21,27234.0
Orange,新莊,2020-05-21,20754.0
Orange,頭前庄,2020-05-21,7268.0
Orange,先嗇宮,2020-05-21,10115.0
Orange,三重,2020-05-21,11607.0
Orange,菜寮,2020-05-21,20210.0
Orange,台北橋,2020-05-21,17626.0
Orange,大橋頭站,2020-05-21,23250.0
Orange,中山國小,2020-05-21,32191.0
Orange,行天宮,2020-05-21,56718.0
Orange,東門,2020-05-21,21862.0
Orange,蘆洲,2020-05-21,27577.0
Orange,三民高中,2020-05-21,23172.0
Orange,徐匯中學,2020-05-21,23711.0
Orange,三和國中,2020-05-21,24256.0
Orange,三重國小,2020-05-21,22696.0
Orange,迴龍,2020-05-21,21174.0
Orange,丹鳳,2020-05-21,18556.0
Orange,古亭,2020-05-22,33429.0
Orange,頂溪,2020-05-22,71210.0
Orange,永安市場,2020-05-22,52317.0
Orange,景安,2020-05-22,51623.0
Orange,南勢角,2020-05-22,40063.0
Orange,民權西路,2020-05-22,18990.5
Orange,忠孝新生,2020-05-22,25692.5
Orange,松江南京,2020-05-22,41753.0
Orange,輔大,2020-05-22,27373.0
Orange,新莊,2020-05-22,20917.0
Orange,頭前庄,2020-05-22,7614.0
Orange,先嗇宮,2020-05-22,10239.0
Orange,三重,2020-05-22,12105.0
Orange,菜寮,2020-05-22,20711.0
Orange,台北橋,2020-05-22,19687.0
Orange,大橋頭站,2020-05-22,25561.0
Orange,中山國小,2020-05-22,34018.0
Orange,行天宮,2020-05-22,57586.0
Orange,東門,2020-05-22,23088.0
Orange,蘆洲,2020-05-22,28570.0
Orange,三民高中,2020-05-22,23636.0
Orange,徐匯中學,2020-05-22,25332.0
Orange,三和國中,2020-05-22,25272.0
Orange,三重國小,2020-05-22,23881.0
Orange,迴龍,2020-05-22,21633.0
Orange,丹鳳,2020-05-22,19463.0
Orange,古亭,2020-05-23,23846.0
Orange,頂溪,2020-05-23,52443.0
Orange,永安市場,2020-05-23,35920.0
Orange,景安,2020-05-23,36665.0
Orange,南勢角,2020-05-23,28387.0
Orange,民權西路,2020-05-23,10538.0
Orange,忠孝新生,2020-05-23,19206.0
Orange,松江南京,2020-05-23,16815.0
Orange,輔大,2020-05-23,15324.0
Orange,新莊,2020-05-23,13630.0
Orange,頭前庄,2020-05-23,5197.0
Orange,先嗇宮,2020-05-23,4256.0
Orange,三重,2020-05-23,8896.0
Orange,菜寮,2020-05-23,13662.0
Orange,台北橋,2020-05-23,16182.0
Orange,大橋頭站,2020-05-23,18340.0
Orange,中山國小,2020-05-23,22988.0
Orange,行天宮,2020-05-23,32117.0
Orange,東門,2020-05-23,17331.5
Orange,蘆洲,2020-05-23,18158.0
Orange,三民高中,2020-05-23,15672.0
Orange,徐匯中學,2020-05-23,17480.0
Orange,三和國中,2020-05-23,16966.0
Orange,三重國小,2020-05-23,17596.0
Orange,迴龍,2020-05-23,12553.0
Orange,丹鳳,2020-05-23,13001.0
Orange,古亭,2020-05-24,18401.5
Orange,頂溪,2020-05-24,47346.0
Orange,永安市場,2020-05-24,31678.0
Orange,景安,2020-05-24,30420.0
Orange,南勢角,2020-05-24,25896.0
Orange,民權西路,2020-05-24,9881.0
Orange,忠孝新生,2020-05-24,15795.5
Orange,松江南京,2020-05-24,12283.5
Orange,輔大,2020-05-24,12722.0
Orange,新莊,2020-05-24,12843.0
Orange,頭前庄,2020-05-24,4901.0
Orange,先嗇宮,2020-05-24,3702.0
Orange,三重,2020-05-24,9318.0
Orange,菜寮,2020-05-24,10841.0
Orange,台北橋,2020-05-24,13568.0
Orange,大橋頭站,2020-05-24,17716.0
Orange,中山國小,2020-05-24,18182.0
Orange,行天宮,2020-05-24,27415.0
Orange,東門,2020-05-24,15333.0
Orange,蘆洲,2020-05-24,15827.0
Orange,三民高中,2020-05-24,13444.0
Orange,徐匯中學,2020-05-24,14688.0
Orange,三和國中,2020-05-24,13614.0
Orange,三重國小,2020-05-24,15021.0
Orange,迴龍,2020-05-24,11756.0
Orange,丹鳳,2020-05-24,11875.0
Orange,古亭,2020-05-25,31175.5
Orange,頂溪,2020-05-25,67275.0
Orange,永安市場,2020-05-25,49214.0
Orange,景安,2020-05-25,48919.0
Orange,南勢角,2020-05-25,38991.0
Orange,民權西路,2020-05-25,18404.0
Orange,忠孝新生,2020-05-25,22374.0
Orange,松江南京,2020-05-25,38569.5
Orange,輔大,2020-05-25,26505.0
Orange,新莊,2020-05-25,20532.0
Orange,頭前庄,2020-05-25,7364.0
Orange,先嗇宮,2020-05-25,9695.0
Orange,三重,2020-05-25,11884.0
Orange,菜寮,2020-05-25,19157.0
Orange,台北橋,2020-05-25,17563.0
Orange,大橋頭站,2020-05-25,23078.0
Orange,中山國小,2020-05-25,31135.0
Orange,行天宮,2020-05-25,53821.0
Orange,東門,2020-05-25,20287.5
Orange,蘆洲,2020-05-25,26971.0
Orange,三民高中,2020-05-25,23247.0
Orange,徐匯中學,2020-05-25,23142.0
Orange,三和國中,2020-05-25,23740.0
Orange,三重國小,2020-05-25,22357.0
Orange,迴龍,2020-05-25,21012.0
Orange,丹鳳,2020-05-25,18834.0
Orange,古亭,2020-05-26,32595.0
Orange,頂溪,2020-05-26,67890.0
Orange,永安市場,2020-05-26,50299.0
Orange,景安,2020-05-26,49670.0
Orange,南勢角,2020-05-26,39458.0
Orange,民權西路,2020-05-26,18864.5
Orange,忠孝新生,2020-05-26,24159.0
Orange,松江南京,2020-05-26,39216.5
Orange,輔大,2020-05-26,27488.0
Orange,新莊,2020-05-26,20792.0
Orange,頭前庄,2020-05-26,7401.5
Orange,先嗇宮,2020-05-26,9769.0
Orange,三重,2020-05-26,11612.0
Orange,菜寮,2020-05-26,19534.0
Orange,台北橋,2020-05-26,17776.0
Orange,大橋頭站,2020-05-26,23007.0
Orange,中山國小,2020-05-26,31837.0
Orange,行天宮,2020-05-26,54057.0
Orange,東門,2020-05-26,21311.0
Orange,蘆洲,2020-05-26,27352.0
Orange,三民高中,2020-05-26,23526.0
Orange,徐匯中學,2020-05-26,23412.0
Orange,三和國中,2020-05-26,23735.0
Orange,三重國小,2020-05-26,22362.0
Orange,迴龍,2020-05-26,21426.0
Orange,丹鳳,2020-05-26,18886.0
Orange,古亭,2020-05-27,33657.5
Orange,頂溪,2020-05-27,70430.0
Orange,永安市場,2020-05-27,51681.0
Orange,景安,2020-05-27,51187.0
Orange,南勢角,2020-05-27,40633.0
Orange,民權西路,2020-05-27,18814.0
Orange,忠孝新生,2020-05-27,25447.5
Orange,松江南京,2020-05-27,41203.5
Orange,輔大,2020-05-27,27307.0
Orange,新莊,2020-05-27,21069.0
Orange,頭前庄,2020-05-27,7639.0
Orange,先嗇宮,2020-05-27,10221.0
Orange,三重,2020-05-27,12102.0
Orange,菜寮,2020-05-27,20709.0
Orange,台北橋,2020-05-27,18883.0
Orange,大橋頭站,2020-05-27,23663.0
Orange,中山國小,2020-05-27,32698.0
Orange,行天宮,2020-05-27,56692.0
Orange,東門,2020-05-27,22279.5
Orange,蘆洲,2020-05-27,27586.0
Orange,三民高中,2020-05-27,23699.0
Orange,徐匯中學,2020-05-27,24462.0
Orange,三和國中,2020-05-27,24525.0
Orange,三重國小,2020-05-27,23417.0
Orange,迴龍,2020-05-27,21241.0
Orange,丹鳳,2020-05-27,18985.0
Orange,古亭,2020-05-28,32375.5
Orange,頂溪,2020-05-28,69846.0
Orange,永安市場,2020-05-28,51066.0
Orange,景安,2020-05-28,50576.0
Orange,南勢角,2020-05-28,39249.0
Orange,民權西路,2020-05-28,19018.0
Orange,忠孝新生,2020-05-28,25072.5
Orange,松江南京,2020-05-28,41054.5
Orange,輔大,2020-05-28,27031.0
Orange,新莊,2020-05-28,20919.0
Orange,頭前庄,2020-05-28,7465.5
Orange,先嗇宮,2020-05-28,10031.0
Orange,三重,2020-05-28,11945.0
Orange,菜寮,2020-05-28,20949.0
Orange,台北橋,2020-05-28,18787.0
Orange,大橋頭站,2020-05-28,23462.0
Orange,中山國小,2020-05-28,32781.0
Orange,行天宮,2020-05-28,54969.0
Orange,東門,2020-05-28,21598.5
Orange,蘆洲,2020-05-28,27800.0
Orange,三民高中,2020-05-28,23354.0
Orange,徐匯中學,2020-05-28,24097.0
Orange,三和國中,2020-05-28,24644.0
Orange,三重國小,2020-05-28,23535.0
Orange,迴龍,2020-05-28,20926.0
Orange,丹鳳,2020-05-28,18991.0
Orange,古亭,2020-05-29,33392.0
Orange,頂溪,2020-05-29,73025.0
Orange,永安市場,2020-05-29,53103.0
Orange,景安,2020-05-29,52482.0
Orange,南勢角,2020-05-29,41015.0
Orange,民權西路,2020-05-29,18926.0
Orange,忠孝新生,2020-05-29,24594.5
Orange,松江南京,2020-05-29,41258.5
Orange,輔大,2020-05-29,27570.0
Orange,新莊,2020-05-29,22126.0
Orange,頭前庄,2020-05-29,7974.0
Orange,先嗇宮,2020-05-29,10143.0
Orange,三重,2020-05-29,12659.0
Orange,菜寮,2020-05-29,20389.0
Orange,台北橋,2020-05-29,19510.0
Orange,大橋頭站,2020-05-29,26493.0
Orange,中山國小,2020-05-29,34621.0
Orange,行天宮,2020-05-29,57287.0
Orange,東門,2020-05-29,23140.0
Orange,蘆洲,2020-05-29,28659.0
Orange,三民高中,2020-05-29,24568.0
Orange,徐匯中學,2020-05-29,25109.0
Orange,三和國中,2020-05-29,25007.0
Orange,三重國小,2020-05-29,23972.0
Orange,迴龍,2020-05-29,22491.0
Orange,丹鳳,2020-05-29,20245.0
Orange,古亭,2020-05-30,25320.5
Orange,頂溪,2020-05-30,57531.0
Orange,永安市場,2020-05-30,40169.0
Orange,景安,2020-05-30,38995.0
Orange,南勢角,2020-05-30,32266.0
Orange,民權西路,2020-05-30,11262.5
Orange,忠孝新生,2020-05-30,20293.5
Orange,松江南京,2020-05-30,17362.0
Orange,輔大,2020-05-30,17103.0
Orange,新莊,2020-05-30,17161.0
Orange,頭前庄,2020-05-30,5929.0
Orange,先嗇宮,2020-05-30,4347.0
Orange,三重,2020-05-30,10610.0
Orange,菜寮,2020-05-30,14223.0
Orange,台北橋,2020-05-30,17366.0
Orange,大橋頭站,2020-05-30,21446.0
Orange,中山國小,2020-05-30,23993.0
Orange,行天宮,2020-05-30,35198.0
Orange,東門,2020-05-30,18716.5
Orange,蘆洲,2020-05-30,20844.0
Orange,三民高中,2020-05-30,18086.0
Orange,徐匯中學,2020-05-30,19241.0
Orange,三和國中,2020-05-30,17895.0
Orange,三重國小,2020-05-30,18490.0
Orange,迴龍,2020-05-30,14909.0
Orange,丹鳳,2020-05-30,14841.0
Orange,古亭,2020-05-31,18783.5
Orange,頂溪,2020-05-31,48405.0
Orange,永安市場,2020-05-31,33428.0
Orange,景安,2020-05-31,32006.0
Orange,南勢角,2020-05-31,27083.0
Orange,民權西路,2020-05-31,10041.5
Orange,忠孝新生,2020-05-31,15715.5
Orange,松江南京,2020-05-31,12643.5
Orange,輔大,2020-05-31,12962.0
Orange,新莊,2020-05-31,13694.0
Orange,頭前庄,2020-05-31,4969.5
Orange,先嗇宮,2020-05-31,3635.0
Orange,三重,2020-05-31,9659.0
Orange,菜寮,2020-05-31,11475.0
Orange,台北橋,2020-05-31,13706.0
Orange,大橋頭站,2020-05-31,18066.0
Orange,中山國小,2020-05-31,18648.0
Orange,行天宮,2020-05-31,26865.0
Orange,東門,2020-05-31,15024.5
Orange,蘆洲,2020-05-31,16341.0
Orange,三民高中,2020-05-31,14662.0
Orange,徐匯中學,2020-05-31,15426.0
Orange,三和國中,2020-05-31,14903.0
Orange,三重國小,2020-05-31,15098.0
Orange,迴龍,2020-05-31,12373.0
Orange,丹鳳,2020-05-31,12145.0
Orange,古亭,2020-06-01,31417.5
Orange,頂溪,2020-06-01,67501.0
Orange,永安市場,2020-06-01,48918.0
Orange,景安,2020-06-01,49360.0
Orange,南勢角,2020-06-01,39395.0
Orange,民權西路,2020-06-01,18207.5
Orange,忠孝新生,2020-06-01,23332.5
Orange,松江南京,2020-06-01,39305.0
Orange,輔大,2020-06-01,26365.0
Orange,新莊,2020-06-01,20390.0
Orange,頭前庄,2020-06-01,7391.5
Orange,先嗇宮,2020-06-01,9668.0
Orange,三重,2020-06-01,11561.0
Orange,菜寮,2020-06-01,19207.0
Orange,台北橋,2020-06-01,17583.0
Orange,大橋頭站,2020-06-01,23280.0
Orange,中山國小,2020-06-01,30957.0
Orange,行天宮,2020-06-01,52672.0
Orange,東門,2020-06-01,20132.5
Orange,蘆洲,2020-06-01,27071.0
Orange,三民高中,2020-06-01,23130.0
Orange,徐匯中學,2020-06-01,23232.0
Orange,三和國中,2020-06-01,23720.0
Orange,三重國小,2020-06-01,22237.0
Orange,迴龍,2020-06-01,21197.0
Orange,丹鳳,2020-06-01,18429.0
Orange,古亭,2020-06-02,32511.0
Orange,頂溪,2020-06-02,68907.0
Orange,永安市場,2020-06-02,50742.0
Orange,景安,2020-06-02,49838.0
Orange,南勢角,2020-06-02,40053.0
Orange,民權西路,2020-06-02,18673.0
Orange,忠孝新生,2020-06-02,24378.0
Orange,松江南京,2020-06-02,39772.0
Orange,輔大,2020-06-02,27373.0
Orange,新莊,2020-06-02,20952.0
Orange,頭前庄,2020-06-02,7526.5
Orange,先嗇宮,2020-06-02,9974.0
Orange,三重,2020-06-02,12075.0
Orange,菜寮,2020-06-02,19681.0
Orange,台北橋,2020-06-02,17480.0
Orange,大橋頭站,2020-06-02,23083.0
Orange,中山國小,2020-06-02,31812.0
Orange,行天宮,2020-06-02,54183.0
Orange,東門,2020-06-02,21425.5
Orange,蘆洲,2020-06-02,27251.0
Orange,三民高中,2020-06-02,23278.0
Orange,徐匯中學,2020-06-02,23576.0
Orange,三和國中,2020-06-02,23974.0
Orange,三重國小,2020-06-02,22495.0
Orange,迴龍,2020-06-02,21685.0
Orange,丹鳳,2020-06-02,18941.0
Orange,古亭,2020-06-03,33125.0
Orange,頂溪,2020-06-03,69775.0
Orange,永安市場,2020-06-03,51590.0
Orange,景安,2020-06-03,50743.0
Orange,南勢角,2020-06-03,40554.0
Orange,民權西路,2020-06-03,18981.5
Orange,忠孝新生,2020-06-03,24681.0
Orange,松江南京,2020-06-03,39898.5
Orange,輔大,2020-06-03,26962.0
Orange,新莊,2020-06-03,21589.0
Orange,頭前庄,2020-06-03,7706.5
Orange,先嗇宮,2020-06-03,9929.0
Orange,三重,2020-06-03,12079.0
Orange,菜寮,2020-06-03,20032.0
Orange,台北橋,2020-06-03,18485.0
Orange,大橋頭站,2020-06-03,23852.0
Orange,中山國小,2020-06-03,32442.0
Orange,行天宮,2020-06-03,55403.0
Orange,東門,2020-06-03,22452.5
Orange,蘆洲,2020-06-03,27640.0
Orange,三民高中,2020-06-03,23762.0
Orange,徐匯中學,2020-06-03,24030.0
Orange,三和國中,2020-06-03,24326.0
Orange,三重國小,2020-06-03,22871.0
Orange,迴龍,2020-06-03,21696.0
Orange,丹鳳,2020-06-03,19046.0
Orange,古亭,2020-06-04,32942.5
Orange,頂溪,2020-06-04,69574.0
Orange,永安市場,2020-06-04,51378.0
Orange,景安,2020-06-04,50576.0
Orange,南勢角,2020-06-04,40279.0
Orange,民權西路,2020-06-04,18889.0
Orange,忠孝新生,2020-06-04,24873.5
Orange,松江南京,2020-06-04,40660.0
Orange,輔大,2020-06-04,26715.0
Orange,新莊,2020-06-04,21681.0
Orange,頭前庄,2020-06-04,7681.5
Orange,先嗇宮,2020-06-04,9965.0
Orange,三重,2020-06-04,12173.0
Orange,菜寮,2020-06-04,20010.0
Orange,台北橋,2020-06-04,18002.0
Orange,大橋頭站,2020-06-04,24028.0
Orange,中山國小,2020-06-04,32227.0
Orange,行天宮,2020-06-04,54664.0
Orange,東門,2020-06-04,22366.5
Orange,蘆洲,2020-06-04,27891.0
Orange,三民高中,2020-06-04,23564.0
Orange,徐匯中學,2020-06-04,23825.0
Orange,三和國中,2020-06-04,24377.0
Orange,三重國小,2020-06-04,22745.0
Orange,迴龍,2020-06-04,21463.0
Orange,丹鳳,2020-06-04,19002.0
Orange,古亭,2020-06-05,33969.5
Orange,頂溪,2020-06-05,72417.0
Orange,永安市場,2020-06-05,53539.0
Orange,景安,2020-06-05,52560.0
Orange,南勢角,2020-06-05,41340.0
Orange,民權西路,2020-06-05,19508.5
Orange,忠孝新生,2020-06-05,25868.0
Orange,松江南京,2020-06-05,40988.0
Orange,輔大,2020-06-05,28792.0
Orange,新莊,2020-06-05,22404.0
Orange,頭前庄,2020-06-05,8237.5
Orange,先嗇宮,2020-06-05,10302.0
Orange,三重,2020-06-05,12565.0
Orange,菜寮,2020-06-05,20512.0
Orange,台北橋,2020-06-05,19618.0
Orange,大橋頭站,2020-06-05,26614.0
Orange,中山國小,2020-06-05,34272.0
Orange,行天宮,2020-06-05,57795.0
Orange,東門,2020-06-05,23849.0
Orange,蘆洲,2020-06-05,28954.0
Orange,三民高中,2020-06-05,24730.0
Orange,徐匯中學,2020-06-05,25133.0
Orange,三和國中,2020-06-05,25290.0
Orange,三重國小,2020-06-05,23732.0
Orange,迴龍,2020-06-05,22428.0
Orange,丹鳳,2020-06-05,20367.0
Orange,古亭,2020-06-06,25562.5
Orange,頂溪,2020-06-06,56931.0
Orange,永安市場,2020-06-06,40459.0
Orange,景安,2020-06-06,38872.0
Orange,南勢角,2020-06-06,31534.0
Orange,民權西路,2020-06-06,12038.5
Orange,忠孝新生,2020-06-06,21225.5
Orange,松江南京,2020-06-06,17561.5
Orange,輔大,2020-06-06,22035.0
Orange,新莊,2020-06-06,16669.0
Orange,頭前庄,2020-06-06,6354.5
Orange,先嗇宮,2020-06-06,4777.0
Orange,三重,2020-06-06,10832.0
Orange,菜寮,2020-06-06,14381.0
Orange,台北橋,2020-06-06,17059.0
Orange,大橋頭站,2020-06-06,21658.0
Orange,中山國小,2020-06-06,24054.0
Orange,行天宮,2020-06-06,36069.0
Orange,東門,2020-06-06,19090.5
Orange,蘆洲,2020-06-06,21840.0
Orange,三民高中,2020-06-06,18422.0
Orange,徐匯中學,2020-06-06,19503.0
Orange,三和國中,2020-06-06,18425.0
Orange,三重國小,2020-06-06,18334.0
Orange,迴龍,2020-06-06,15770.0
Orange,丹鳳,2020-06-06,14943.0
Orange,古亭,2020-06-07,18724.5
Orange,頂溪,2020-06-07,45118.0
Orange,永安市場,2020-06-07,30890.0
Orange,景安,2020-06-07,30830.0
Orange,南勢角,2020-06-07,24813.0
Orange,民權西路,2020-06-07,10034.5
Orange,忠孝新生,2020-06-07,14632.5
Orange,松江南京,2020-06-07,12542.0
Orange,輔大,2020-06-07,12486.0
Orange,新莊,2020-06-07,11520.0
Orange,頭前庄,2020-06-07,4744.0
Orange,先嗇宮,2020-06-07,3501.0
Orange,三重,2020-06-07,8335.0
Orange,菜寮,2020-06-07,10830.0
Orange,台北橋,2020-06-07,12994.0
Orange,大橋頭站,2020-06-07,16885.0
Orange,中山國小,2020-06-07,18322.0
Orange,行天宮,2020-06-07,26111.0
Orange,東門,2020-06-07,13965.0
Orange,蘆洲,2020-06-07,16159.0
Orange,三民高中,2020-06-07,13344.0
Orange,徐匯中學,2020-06-07,14951.0
Orange,三和國中,2020-06-07,14212.0
Orange,三重國小,2020-06-07,14746.0
Orange,迴龍,2020-06-07,11584.0
Orange,丹鳳,2020-06-07,11482.0
Orange,古亭,2020-06-08,31941.0
Orange,頂溪,2020-06-08,68359.0
Orange,永安市場,2020-06-08,50208.0
Orange,景安,2020-06-08,49392.0
Orange,南勢角,2020-06-08,39435.0
Orange,民權西路,2020-06-08,18281.5
Orange,忠孝新生,2020-06-08,23949.0
Orange,松江南京,2020-06-08,39711.5
Orange,輔大,2020-06-08,26309.0
Orange,新莊,2020-06-08,20294.0
Orange,頭前庄,2020-06-08,7588.0
Orange,先嗇宮,2020-06-08,9972.0
Orange,三重,2020-06-08,11588.0
Orange,菜寮,2020-06-08,19417.0
Orange,台北橋,2020-06-08,17849.0
Orange,大橋頭站,2020-06-08,23218.0
Orange,中山國小,2020-06-08,31804.0
Orange,行天宮,2020-06-08,53655.0
Orange,東門,2020-06-08,21023.5
Orange,蘆洲,2020-06-08,27426.0
Orange,三民高中,2020-06-08,23203.0
Orange,徐匯中學,2020-06-08,23558.0
Orange,三和國中,2020-06-08,23828.0
Orange,三重國小,2020-06-08,22483.0
Orange,迴龍,2020-06-08,21374.0
Orange,丹鳳,2020-06-08,18579.0
Orange,古亭,2020-06-09,33203.0
Orange,頂溪,2020-06-09,69417.0
Orange,永安市場,2020-06-09,51546.0
Orange,景安,2020-06-09,50706.0
Orange,南勢角,2020-06-09,40259.0
Orange,民權西路,2020-06-09,19177.0
Orange,忠孝新生,2020-06-09,24768.0
Orange,松江南京,2020-06-09,40299.0
Orange,輔大,2020-06-09,27059.0
Orange,新莊,2020-06-09,21226.0
Orange,頭前庄,2020-06-09,7673.5
Orange,先嗇宮,2020-06-09,9926.0
Orange,三重,2020-06-09,12162.0
Orange,菜寮,2020-06-09,19639.0
Orange,台北橋,2020-06-09,18481.0
Orange,大橋頭站,2020-06-09,23370.0
Orange,中山國小,2020-06-09,32474.0
Orange,行天宮,2020-06-09,55692.0
Orange,東門,2020-06-09,22001.0
Orange,蘆洲,2020-06-09,27803.0
Orange,三民高中,2020-06-09,23399.0
Orange,徐匯中學,2020-06-09,24049.0
Orange,三和國中,2020-06-09,24468.0
Orange,三重國小,2020-06-09,22660.0
Orange,迴龍,2020-06-09,21818.0
Orange,丹鳳,2020-06-09,19186.0
Orange,古亭,2020-06-10,33899.5
Orange,頂溪,2020-06-10,71235.0
Orange,永安市場,2020-06-10,51997.0
Orange,景安,2020-06-10,50999.0
Orange,南勢角,2020-06-10,41013.0
Orange,民權西路,2020-06-10,19076.5
Orange,忠孝新生,2020-06-10,25652.0
Orange,松江南京,2020-06-10,40668.0
Orange,輔大,2020-06-10,26638.0
Orange,新莊,2020-06-10,21579.0
Orange,頭前庄,2020-06-10,7867.5
Orange,先嗇宮,2020-06-10,10084.0
Orange,三重,2020-06-10,12032.0
Orange,菜寮,2020-06-10,20131.0
Orange,台北橋,2020-06-10,18623.0
Orange,大橋頭站,2020-06-10,24424.0
Orange,中山國小,2020-06-10,32430.0
Orange,行天宮,2020-06-10,57685.0
Orange,東門,2020-06-10,23125.5
Orange,蘆洲,2020-06-10,27954.0
Orange,三民高中,2020-06-10,24357.0
Orange,徐匯中學,2020-06-10,24525.0
Orange,三和國中,2020-06-10,24415.0
Orange,三重國小,2020-06-10,23206.0
Orange,迴龍,2020-06-10,22018.0
Orange,丹鳳,2020-06-10,19191.0
Orange,古亭,2020-06-11,33529.5
Orange,頂溪,2020-06-11,70498.0
Orange,永安市場,2020-06-11,51985.0
Orange,景安,2020-06-11,51043.0
Orange,南勢角,2020-06-11,40785.0
Orange,民權西路,2020-06-11,19528.5
Orange,忠孝新生,2020-06-11,25206.0
Orange,松江南京,2020-06-11,41394.0
Orange,輔大,2020-06-11,27183.0
Orange,新莊,2020-06-11,21537.0
Orange,頭前庄,2020-06-11,7791.5
Orange,先嗇宮,2020-06-11,10031.0
Orange,三重,2020-06-11,12253.0
Orange,菜寮,2020-06-11,20340.0
Orange,台北橋,2020-06-11,18514.0
Orange,大橋頭站,2020-06-11,24150.0
Orange,中山國小,2020-06-11,32792.0
Orange,行天宮,2020-06-11,55797.0
Orange,東門,2020-06-11,22682.0
Orange,蘆洲,2020-06-11,28083.0
Orange,三民高中,2020-06-11,23984.0
Orange,徐匯中學,2020-06-11,24214.0
Orange,三和國中,2020-06-11,24661.0
Orange,三重國小,2020-06-11,22995.0
Orange,迴龍,2020-06-11,21791.0
Orange,丹鳳,2020-06-11,19214.0
Orange,古亭,2020-06-12,34651.0
Orange,頂溪,2020-06-12,73961.0
Orange,永安市場,2020-06-12,54387.0
Orange,景安,2020-06-12,53591.0
Orange,南勢角,2020-06-12,41840.0
Orange,民權西路,2020-06-12,19905.5
Orange,忠孝新生,2020-06-12,26726.0
Orange,松江南京,2020-06-12,41687.0
Orange,輔大,2020-06-12,27495.0
Orange,新莊,2020-06-12,22651.0
Orange,頭前庄,2020-06-12,8168.5
Orange,先嗇宮,2020-06-12,10429.0
Orange,三重,2020-06-12,13055.0
Orange,菜寮,2020-06-12,20665.0
Orange,台北橋,2020-06-12,20209.0
Orange,大橋頭站,2020-06-12,26853.0
Orange,中山國小,2020-06-12,35002.0
Orange,行天宮,2020-06-12,58867.0
Orange,東門,2020-06-12,24218.5
Orange,蘆洲,2020-06-12,29456.0
Orange,三民高中,2020-06-12,25354.0
Orange,徐匯中學,2020-06-12,26575.0
Orange,三和國中,2020-06-12,25476.0
Orange,三重國小,2020-06-12,24317.0
Orange,迴龍,2020-06-12,22885.0
Orange,丹鳳,2020-06-12,20465.0
Orange,古亭,2020-06-13,27108.5
Orange,頂溪,2020-06-13,59321.0
Orange,永安市場,2020-06-13,43329.0
Orange,景安,2020-06-13,40959.0
Orange,南勢角,2020-06-13,33778.0
Orange,民權西路,2020-06-13,13230.0
Orange,忠孝新生,2020-06-13,22132.5
Orange,松江南京,2020-06-13,19237.0
Orange,輔大,2020-06-13,16707.0
Orange,新莊,2020-06-13,17471.0
Orange,頭前庄,2020-06-13,6084.0
Orange,先嗇宮,2020-06-13,4573.0
Orange,三重,2020-06-13,11442.0
Orange,菜寮,2020-06-13,16468.0
Orange,台北橋,2020-06-13,18143.0
Orange,大橋頭站,2020-06-13,22022.0
Orange,中山國小,2020-06-13,25289.0
Orange,行天宮,2020-06-13,36650.0
Orange,東門,2020-06-13,19253.0
Orange,蘆洲,2020-06-13,24191.0
Orange,三民高中,2020-06-13,20404.0
Orange,徐匯中學,2020-06-13,21007.0
Orange,三和國中,2020-06-13,22794.0
Orange,三重國小,2020-06-13,20455.0
Orange,迴龍,2020-06-13,15204.0
Orange,丹鳳,2020-06-13,15206.0
Orange,古亭,2020-06-14,19155.0
Orange,頂溪,2020-06-14,47756.0
Orange,永安市場,2020-06-14,32968.0
Orange,景安,2020-06-14,31799.0
Orange,南勢角,2020-06-14,26376.0
Orange,民權西路,2020-06-14,10864.0
Orange,忠孝新生,2020-06-14,16718.0
Orange,松江南京,2020-06-14,13425.5
Orange,輔大,2020-06-14,12218.0
Orange,新莊,2020-06-14,12705.0
Orange,頭前庄,2020-06-14,4588.0
Orange,先嗇宮,2020-06-14,3461.0
Orange,三重,2020-06-14,8728.0
Orange,菜寮,2020-06-14,11752.0
Orange,台北橋,2020-06-14,13393.0
Orange,大橋頭站,2020-06-14,17323.0
Orange,中山國小,2020-06-14,19251.0
Orange,行天宮,2020-06-14,27253.0
Orange,東門,2020-06-14,14783.5
Orange,蘆洲,2020-06-14,17110.0
Orange,三民高中,2020-06-14,14218.0
Orange,徐匯中學,2020-06-14,15782.0
Orange,三和國中,2020-06-14,14855.0
Orange,三重國小,2020-06-14,15441.0
Orange,迴龍,2020-06-14,12270.0
Orange,丹鳳,2020-06-14,12164.0
Orange,古亭,2020-06-15,32095.5
Orange,頂溪,2020-06-15,68611.0
Orange,永安市場,2020-06-15,49865.0
Orange,景安,2020-06-15,50119.0
Orange,南勢角,2020-06-15,40358.0
Orange,民權西路,2020-06-15,18470.5
Orange,忠孝新生,2020-06-15,24168.5
Orange,松江南京,2020-06-15,39394.0
Orange,輔大,2020-06-15,26561.0
Orange,新莊,2020-06-15,20665.0
Orange,頭前庄,2020-06-15,7498.5
Orange,先嗇宮,2020-06-15,9991.0
Orange,三重,2020-06-15,11710.0
Orange,菜寮,2020-06-15,19859.0
Orange,台北橋,2020-06-15,18424.0
Orange,大橋頭站,2020-06-15,23734.0
Orange,中山國小,2020-06-15,32406.0
Orange,行天宮,2020-06-15,53932.0
Orange,東門,2020-06-15,21043.0
Orange,蘆洲,2020-06-15,27584.0
Orange,三民高中,2020-06-15,23662.0
Orange,徐匯中學,2020-06-15,24049.0
Orange,三和國中,2020-06-15,24119.0
Orange,三重國小,2020-06-15,22705.0
Orange,迴龍,2020-06-15,21539.0
Orange,丹鳳,2020-06-15,18897.0
Orange,古亭,2020-06-16,33400.5
Orange,頂溪,2020-06-16,70319.0
Orange,永安市場,2020-06-16,51711.0
Orange,景安,2020-06-16,51244.0
Orange,南勢角,2020-06-16,40983.0
Orange,民權西路,2020-06-16,18940.0
Orange,忠孝新生,2020-06-16,24652.5
Orange,松江南京,2020-06-16,40327.5
Orange,輔大,2020-06-16,27148.0
Orange,新莊,2020-06-16,22003.0
Orange,頭前庄,2020-06-16,7557.0
Orange,先嗇宮,2020-06-16,10059.0
Orange,三重,2020-06-16,12349.0
Orange,菜寮,2020-06-16,19832.0
Orange,台北橋,2020-06-16,18184.0
Orange,大橋頭站,2020-06-16,23901.0
Orange,中山國小,2020-06-16,32566.0
Orange,行天宮,2020-06-16,56535.0
Orange,東門,2020-06-16,22134.5
Orange,蘆洲,2020-06-16,28196.0
Orange,三民高中,2020-06-16,23663.0
Orange,徐匯中學,2020-06-16,24280.0
Orange,三和國中,2020-06-16,24503.0
Orange,三重國小,2020-06-16,22936.0
Orange,迴龍,2020-06-16,21810.0
Orange,丹鳳,2020-06-16,18713.0
Orange,古亭,2020-06-17,34277.0
Orange,頂溪,2020-06-17,69915.0
Orange,永安市場,2020-06-17,51851.0
Orange,景安,2020-06-17,51270.0
Orange,南勢角,2020-06-17,40841.0
Orange,民權西路,2020-06-17,18807.5
Orange,忠孝新生,2020-06-17,25242.0
Orange,松江南京,2020-06-17,40390.5
Orange,輔大,2020-06-17,25959.0
Orange,新莊,2020-06-17,21837.0
Orange,頭前庄,2020-06-17,7795.5
Orange,先嗇宮,2020-06-17,10123.0
Orange,三重,2020-06-17,12159.0
Orange,菜寮,2020-06-17,19886.0
Orange,台北橋,2020-06-17,19015.0
Orange,大橋頭站,2020-06-17,24009.0
Orange,中山國小,2020-06-17,32671.0
Orange,行天宮,2020-06-17,55849.0
Orange,東門,2020-06-17,22775.0
Orange,蘆洲,2020-06-17,27816.0
Orange,三民高中,2020-06-17,23749.0
Orange,徐匯中學,2020-06-17,24396.0
Orange,三和國中,2020-06-17,24449.0
Orange,三重國小,2020-06-17,23250.0
Orange,迴龍,2020-06-17,22072.0
Orange,丹鳳,2020-06-17,19061.0
Orange,古亭,2020-06-18,34130.5
Orange,頂溪,2020-06-18,70507.0
Orange,永安市場,2020-06-18,52215.0
Orange,景安,2020-06-18,50870.0
Orange,南勢角,2020-06-18,40780.0
Orange,民權西路,2020-06-18,19146.0
Orange,忠孝新生,2020-06-18,25373.0
Orange,松江南京,2020-06-18,40608.0
Orange,輔大,2020-06-18,26491.0
Orange,新莊,2020-06-18,21071.0
Orange,頭前庄,2020-06-18,7634.5
Orange,先嗇宮,2020-06-18,9993.0
Orange,三重,2020-06-18,12075.0
Orange,菜寮,2020-06-18,19959.0
Orange,台北橋,2020-06-18,18469.0
Orange,大橋頭站,2020-06-18,24353.0
Orange,中山國小,2020-06-18,32465.0
Orange,行天宮,2020-06-18,56611.0
Orange,東門,2020-06-18,21994.0
Orange,蘆洲,2020-06-18,27907.0
Orange,三民高中,2020-06-18,23686.0
Orange,徐匯中學,2020-06-18,24307.0
Orange,三和國中,2020-06-18,24542.0
Orange,三重國小,2020-06-18,22859.0
Orange,迴龍,2020-06-18,21728.0
Orange,丹鳳,2020-06-18,19051.0
Orange,古亭,2020-06-19,34603.0
Orange,頂溪,2020-06-19,71904.0
Orange,永安市場,2020-06-19,53086.0
Orange,景安,2020-06-19,52151.0
Orange,南勢角,2020-06-19,41338.0
Orange,民權西路,2020-06-19,19171.0
Orange,忠孝新生,2020-06-19,26701.0
Orange,松江南京,2020-06-19,41443.0
Orange,輔大,2020-06-19,27040.0
Orange,新莊,2020-06-19,22301.0
Orange,頭前庄,2020-06-19,7856.0
Orange,先嗇宮,2020-06-19,10035.0
Orange,三重,2020-06-19,12658.0
Orange,菜寮,2020-06-19,20310.0
Orange,台北橋,2020-06-19,19757.0
Orange,大橋頭站,2020-06-19,25790.0
Orange,中山國小,2020-06-19,34146.0
Orange,行天宮,2020-06-19,57556.0
Orange,東門,2020-06-19,23203.0
Orange,蘆洲,2020-06-19,28353.0
Orange,三民高中,2020-06-19,24203.0
Orange,徐匯中學,2020-06-19,25209.0
Orange,三和國中,2020-06-19,25140.0
Orange,三重國小,2020-06-19,23627.0
Orange,迴龍,2020-06-19,22028.0
Orange,丹鳳,2020-06-19,19604.0
Orange,古亭,2020-06-20,28414.5
Orange,頂溪,2020-06-20,66480.0
Orange,永安市場,2020-06-20,48395.0
Orange,景安,2020-06-20,47026.0
Orange,南勢角,2020-06-20,37861.0
Orange,民權西路,2020-06-20,16403.5
Orange,忠孝新生,2020-06-20,24192.0
Orange,松江南京,2020-06-20,33115.5
Orange,輔大,2020-06-20,17693.0
Orange,新莊,2020-06-20,22161.0
Orange,頭前庄,2020-06-20,7493.5
Orange,先嗇宮,2020-06-20,7986.0
Orange,三重,2020-06-20,12259.0
Orange,菜寮,2020-06-20,18723.0
Orange,台北橋,2020-06-20,19557.0
Orange,大橋頭站,2020-06-20,24634.0
Orange,中山國小,2020-06-20,30955.0
Orange,行天宮,2020-06-20,52076.0
Orange,東門,2020-06-20,22118.0
Orange,蘆洲,2020-06-20,26022.0
Orange,三民高中,2020-06-20,22510.0
Orange,徐匯中學,2020-06-20,23561.0
Orange,三和國中,2020-06-20,23049.0
Orange,三重國小,2020-06-20,22135.0
Orange,迴龍,2020-06-20,19342.0
Orange,丹鳳,2020-06-20,18293.0
Orange,古亭,2020-06-21,19940.0
Orange,頂溪,2020-06-21,48568.0
Orange,永安市場,2020-06-21,32870.0
Orange,景安,2020-06-21,32422.0
Orange,南勢角,2020-06-21,27210.0
Orange,民權西路,2020-06-21,10923.0
Orange,忠孝新生,2020-06-21,16725.5
Orange,松江南京,2020-06-21,13883.0
Orange,輔大,2020-06-21,12566.0
Orange,新莊,2020-06-21,13761.0
Orange,頭前庄,2020-06-21,5097.0
Orange,先嗇宮,2020-06-21,3820.0
Orange,三重,2020-06-21,9863.0
Orange,菜寮,2020-06-21,11852.0
Orange,台北橋,2020-06-21,13977.0
Orange,大橋頭站,2020-06-21,17973.0
Orange,中山國小,2020-06-21,19931.0
Orange,行天宮,2020-06-21,30602.0
Orange,東門,2020-06-21,15700.0
Orange,蘆洲,2020-06-21,16934.0
Orange,三民高中,2020-06-21,16104.0
Orange,徐匯中學,2020-06-21,16018.0
Orange,三和國中,2020-06-21,14908.0
Orange,三重國小,2020-06-21,15670.0
Orange,迴龍,2020-06-21,12859.0
Orange,丹鳳,2020-06-21,12279.0
Orange,古亭,2020-06-22,32153.0
Orange,頂溪,2020-06-22,68411.0
Orange,永安市場,2020-06-22,50632.0
Orange,景安,2020-06-22,50659.0
Orange,南勢角,2020-06-22,39680.0
Orange,民權西路,2020-06-22,18440.5
Orange,忠孝新生,2020-06-22,24409.5
Orange,松江南京,2020-06-22,39651.0
Orange,輔大,2020-06-22,25970.0
Orange,新莊,2020-06-22,20315.0
Orange,頭前庄,2020-06-22,7397.5
Orange,先嗇宮,2020-06-22,9903.0
Orange,三重,2020-06-22,11650.0
Orange,菜寮,2020-06-22,19573.0
Orange,台北橋,2020-06-22,18839.0
Orange,大橋頭站,2020-06-22,24198.0
Orange,中山國小,2020-06-22,32223.0
Orange,行天宮,2020-06-22,55179.0
Orange,東門,2020-06-22,20743.5
Orange,蘆洲,2020-06-22,27529.0
Orange,三民高中,2020-06-22,23138.0
Orange,徐匯中學,2020-06-22,23926.0
Orange,三和國中,2020-06-22,23944.0
Orange,三重國小,2020-06-22,22660.0
Orange,迴龍,2020-06-22,21385.0
Orange,丹鳳,2020-06-22,18635.0
Orange,古亭,2020-06-23,34135.5
Orange,頂溪,2020-06-23,70490.0
Orange,永安市場,2020-06-23,52023.0
Orange,景安,2020-06-23,51384.0
Orange,南勢角,2020-06-23,40810.0
Orange,民權西路,2020-06-23,18991.0
Orange,忠孝新生,2020-06-23,25433.5
Orange,松江南京,2020-06-23,40775.5
Orange,輔大,2020-06-23,27385.0
Orange,新莊,2020-06-23,21241.0
Orange,頭前庄,2020-06-23,7758.0
Orange,先嗇宮,2020-06-23,10029.0
Orange,三重,2020-06-23,12075.0
Orange,菜寮,2020-06-23,20018.0
Orange,台北橋,2020-06-23,18846.0
Orange,大橋頭站,2020-06-23,24404.0
Orange,中山國小,2020-06-23,32782.0
Orange,行天宮,2020-06-23,56792.0
Orange,東門,2020-06-23,22074.5
Orange,蘆洲,2020-06-23,28142.0
Orange,三民高中,2020-06-23,23850.0
Orange,徐匯中學,2020-06-23,24449.0
Orange,三和國中,2020-06-23,24614.0
Orange,三重國小,2020-06-23,22959.0
Orange,迴龍,2020-06-23,21967.0
Orange,丹鳳,2020-06-23,19088.0
Orange,古亭,2020-06-24,33836.0
Orange,頂溪,2020-06-24,71987.0
Orange,永安市場,2020-06-24,52745.0
Orange,景安,2020-06-24,52568.0
Orange,南勢角,2020-06-24,41320.0
Orange,民權西路,2020-06-24,18920.0
Orange,忠孝新生,2020-06-24,25566.5
Orange,松江南京,2020-06-24,40821.5
Orange,輔大,2020-06-24,28194.0
Orange,新莊,2020-06-24,21742.0
Orange,頭前庄,2020-06-24,7932.5
Orange,先嗇宮,2020-06-24,10218.0
Orange,三重,2020-06-24,12697.0
Orange,菜寮,2020-06-24,20399.0
Orange,台北橋,2020-06-24,19938.0
Orange,大橋頭站,2020-06-24,25502.0
Orange,中山國小,2020-06-24,33566.0
Orange,行天宮,2020-06-24,56971.0
Orange,東門,2020-06-24,22578.0
Orange,蘆洲,2020-06-24,28884.0
Orange,三民高中,2020-06-24,24395.0
Orange,徐匯中學,2020-06-24,24922.0
Orange,三和國中,2020-06-24,24965.0
Orange,三重國小,2020-06-24,23610.0
Orange,迴龍,2020-06-24,22523.0
Orange,丹鳳,2020-06-24,19957.0
Orange,古亭,2020-06-25,15392.0
Orange,頂溪,2020-06-25,44238.0
Orange,永安市場,2020-06-25,29646.0
Orange,景安,2020-06-25,29569.0
Orange,南勢角,2020-06-25,25092.0
Orange,民權西路,2020-06-25,7863.5
Orange,忠孝新生,2020-06-25,13853.0
Orange,松江南京,2020-06-25,11912.5
Orange,輔大,2020-06-25,11178.0
Orange,新莊,2020-06-25,10850.0
Orange,頭前庄,2020-06-25,4223.0
Orange,先嗇宮,2020-06-25,3218.0
Orange,三重,2020-06-25,8112.0
Orange,菜寮,2020-06-25,10314.0
Orange,台北橋,2020-06-25,13705.0
Orange,大橋頭站,2020-06-25,15563.0
Orange,中山國小,2020-06-25,18219.0
Orange,行天宮,2020-06-25,23931.0
Orange,東門,2020-06-25,13377.5
Orange,蘆洲,2020-06-25,15741.0
Orange,三民高中,2020-06-25,13032.0
Orange,徐匯中學,2020-06-25,14210.0
Orange,三和國中,2020-06-25,13951.0
Orange,三重國小,2020-06-25,14523.0
Orange,迴龍,2020-06-25,11407.0
Orange,丹鳳,2020-06-25,11345.0
Orange,古亭,2020-06-26,16573.0
Orange,頂溪,2020-06-26,46807.0
Orange,永安市場,2020-06-26,32691.0
Orange,景安,2020-06-26,32432.0
Orange,南勢角,2020-06-26,26147.0
Orange,民權西路,2020-06-26,8727.0
Orange,忠孝新生,2020-06-26,15773.0
Orange,松江南京,2020-06-26,14018.5
Orange,輔大,2020-06-26,11780.0
Orange,新莊,2020-06-26,13403.0
Orange,頭前庄,2020-06-26,5227.0
Orange,先嗇宮,2020-06-26,3795.0
Orange,三重,2020-06-26,9010.0
Orange,菜寮,2020-06-26,11462.0
Orange,台北橋,2020-06-26,15347.0
Orange,大橋頭站,2020-06-26,17510.0
Orange,中山國小,2020-06-26,19680.0
Orange,行天宮,2020-06-26,27956.0
Orange,東門,2020-06-26,13962.0
Orange,蘆洲,2020-06-26,17950.0
Orange,三民高中,2020-06-26,15229.0
Orange,徐匯中學,2020-06-26,16989.0
Orange,三和國中,2020-06-26,15453.0
Orange,三重國小,2020-06-26,16069.0
Orange,迴龍,2020-06-26,12602.0
Orange,丹鳳,2020-06-26,12906.0
Orange,古亭,2020-06-27,18744.5
Orange,頂溪,2020-06-27,50354.0
Orange,永安市場,2020-06-27,35026.0
Orange,景安,2020-06-27,33874.0
Orange,南勢角,2020-06-27,28189.0
Orange,民權西路,2020-06-27,9659.5
Orange,忠孝新生,2020-06-27,17056.5
Orange,松江南京,2020-06-27,14064.0
Orange,輔大,2020-06-27,12298.0
Orange,新莊,2020-06-27,13943.0
Orange,頭前庄,2020-06-27,5415.5
Orange,先嗇宮,2020-06-27,4076.0
Orange,三重,2020-06-27,10200.0
Orange,菜寮,2020-06-27,12135.0
Orange,台北橋,2020-06-27,15889.0
Orange,大橋頭站,2020-06-27,19111.0
Orange,中山國小,2020-06-27,20410.0
Orange,行天宮,2020-06-27,29522.0
Orange,東門,2020-06-27,15397.0
Orange,蘆洲,2020-06-27,18740.0
Orange,三民高中,2020-06-27,16001.0
Orange,徐匯中學,2020-06-27,17512.0
Orange,三和國中,2020-06-27,16472.0
Orange,三重國小,2020-06-27,16946.0
Orange,迴龍,2020-06-27,13297.0
Orange,丹鳳,2020-06-27,13476.0
Orange,古亭,2020-06-28,17068.0
Orange,頂溪,2020-06-28,45204.0
Orange,永安市場,2020-06-28,31748.0
Orange,景安,2020-06-28,30111.0
Orange,南勢角,2020-06-28,25650.0
Orange,民權西路,2020-06-28,10040.0
Orange,忠孝新生,2020-06-28,14651.5
Orange,松江南京,2020-06-28,11917.5
Orange,輔大,2020-06-28,10984.0
Orange,新莊,2020-06-28,11651.0
Orange,頭前庄,2020-06-28,4742.0
Orange,先嗇宮,2020-06-28,3567.0
Orange,三重,2020-06-28,8516.0
Orange,菜寮,2020-06-28,10663.0
Orange,台北橋,2020-06-28,12807.0
Orange,大橋頭站,2020-06-28,16791.0
Orange,中山國小,2020-06-28,18114.0
Orange,行天宮,2020-06-28,26228.0
Orange,東門,2020-06-28,13415.0
Orange,蘆洲,2020-06-28,16034.0
Orange,三民高中,2020-06-28,13867.0
Orange,徐匯中學,2020-06-28,15504.0
Orange,三和國中,2020-06-28,14374.0
Orange,三重國小,2020-06-28,14537.0
Orange,迴龍,2020-06-28,11732.0
Orange,丹鳳,2020-06-28,11355.0
Orange,古亭,2020-06-29,32285.0
Orange,頂溪,2020-06-29,68271.0
Orange,永安市場,2020-06-29,49626.0
Orange,景安,2020-06-29,50483.0
Orange,南勢角,2020-06-29,39798.0
Orange,民權西路,2020-06-29,17996.5
Orange,忠孝新生,2020-06-29,24751.5
Orange,松江南京,2020-06-29,40042.0
Orange,輔大,2020-06-29,21095.0
Orange,新莊,2020-06-29,20425.0
Orange,頭前庄,2020-06-29,7454.0
Orange,先嗇宮,2020-06-29,9814.0
Orange,三重,2020-06-29,11641.0
Orange,菜寮,2020-06-29,19215.0
Orange,台北橋,2020-06-29,18602.0
Orange,大橋頭站,2020-06-29,23755.0
Orange,中山國小,2020-06-29,32079.0
Orange,行天宮,2020-06-29,55227.0
Orange,東門,2020-06-29,20469.0
Orange,蘆洲,2020-06-29,27085.0
Orange,三民高中,2020-06-29,23212.0
Orange,徐匯中學,2020-06-29,23810.0
Orange,三和國中,2020-06-29,23572.0
Orange,三重國小,2020-06-29,22022.0
Orange,迴龍,2020-06-29,21189.0
Orange,丹鳳,2020-06-29,18672.0
Orange,古亭,2020-06-30,33295.5
Orange,頂溪,2020-06-30,70568.0
Orange,永安市場,2020-06-30,52033.0
Orange,景安,2020-06-30,51346.0
Orange,南勢角,2020-06-30,39823.0
Orange,民權西路,2020-06-30,18506.0
Orange,忠孝新生,2020-06-30,24993.0
Orange,松江南京,2020-06-30,40959.5
Orange,輔大,2020-06-30,21527.0
Orange,新莊,2020-06-30,20866.0
Orange,頭前庄,2020-06-30,7443.5
Orange,先嗇宮,2020-06-30,9923.0
Orange,三重,2020-06-30,11742.0
Orange,菜寮,2020-06-30,19841.0
Orange,台北橋,2020-06-30,18877.0
Orange,大橋頭站,2020-06-30,24180.0
Orange,中山國小,2020-06-30,33327.0
Orange,行天宮,2020-06-30,56421.0
Orange,東門,2020-06-30,22039.5
Orange,蘆洲,2020-06-30,27572.0
Orange,三民高中,2020-06-30,23533.0
Orange,徐匯中學,2020-06-30,24309.0
Orange,三和國中,2020-06-30,24094.0
Orange,三重國小,2020-06-30,22552.0
Orange,迴龍,2020-06-30,21328.0
Orange,丹鳳,2020-06-30,18815.0
Orange,古亭,2020-07-01,32803.5
Orange,頂溪,2020-07-01,69096.0
Orange,永安市場,2020-07-01,50845.0
Orange,景安,2020-07-01,51041.0
Orange,南勢角,2020-07-01,38938.0
Orange,民權西路,2020-07-01,17902.5
Orange,忠孝新生,2020-07-01,25265.0
Orange,松江南京,2020-07-01,40708.0
Orange,輔大,2020-07-01,20359.0
Orange,新莊,2020-07-01,20753.0
Orange,頭前庄,2020-07-01,7487.5
Orange,先嗇宮,2020-07-01,9905.0
Orange,三重,2020-07-01,11846.0
Orange,菜寮,2020-07-01,19737.0
Orange,台北橋,2020-07-01,18301.0
Orange,大橋頭站,2020-07-01,23412.0
Orange,中山國小,2020-07-01,32431.0
Orange,行天宮,2020-07-01,56255.0
Orange,東門,2020-07-01,21882.0
Orange,蘆洲,2020-07-01,27259.0
Orange,三民高中,2020-07-01,23534.0
Orange,徐匯中學,2020-07-01,23931.0
Orange,三和國中,2020-07-01,23554.0
Orange,三重國小,2020-07-01,22375.0
Orange,迴龍,2020-07-01,20413.0
Orange,丹鳳,2020-07-01,18769.0
Orange,古亭,2020-07-02,33396.0
Orange,頂溪,2020-07-02,70211.0
Orange,永安市場,2020-07-02,50858.0
Orange,景安,2020-07-02,50970.0
Orange,南勢角,2020-07-02,38909.0
Orange,民權西路,2020-07-02,17867.5
Orange,忠孝新生,2020-07-02,25646.0
Orange,松江南京,2020-07-02,42180.0
Orange,輔大,2020-07-02,20010.0
Orange,新莊,2020-07-02,20475.0
Orange,頭前庄,2020-07-02,7420.0
Orange,先嗇宮,2020-07-02,10037.0
Orange,三重,2020-07-02,11787.0
Orange,菜寮,2020-07-02,19778.0
Orange,台北橋,2020-07-02,18358.0
Orange,大橋頭站,2020-07-02,24000.0
Orange,中山國小,2020-07-02,33219.0
Orange,行天宮,2020-07-02,55725.0
Orange,東門,2020-07-02,22004.0
Orange,蘆洲,2020-07-02,27659.0
Orange,三民高中,2020-07-02,23240.0
Orange,徐匯中學,2020-07-02,24234.0
Orange,三和國中,2020-07-02,24102.0
Orange,三重國小,2020-07-02,22733.0
Orange,迴龍,2020-07-02,20297.0
Orange,丹鳳,2020-07-02,18742.0
Orange,古亭,2020-07-03,34891.5
Orange,頂溪,2020-07-03,73597.0
Orange,永安市場,2020-07-03,53876.0
Orange,景安,2020-07-03,53293.0
Orange,南勢角,2020-07-03,41258.0
Orange,民權西路,2020-07-03,18699.0
Orange,忠孝新生,2020-07-03,27797.5
Orange,松江南京,2020-07-03,43028.5
Orange,輔大,2020-07-03,20305.0
Orange,新莊,2020-07-03,22719.0
Orange,頭前庄,2020-07-03,8060.0
Orange,先嗇宮,2020-07-03,10493.0
Orange,三重,2020-07-03,12818.0
Orange,菜寮,2020-07-03,20208.0
Orange,台北橋,2020-07-03,20085.0
Orange,大橋頭站,2020-07-03,26249.0
Orange,中山國小,2020-07-03,35520.0
Orange,行天宮,2020-07-03,58127.0
Orange,東門,2020-07-03,23889.5
Orange,蘆洲,2020-07-03,29020.0
Orange,三民高中,2020-07-03,24525.0
Orange,徐匯中學,2020-07-03,25422.0
Orange,三和國中,2020-07-03,25310.0
Orange,三重國小,2020-07-03,23978.0
Orange,迴龍,2020-07-03,21237.0
Orange,丹鳳,2020-07-03,19590.0
Orange,古亭,2020-07-04,26537.0
Orange,頂溪,2020-07-04,59182.0
Orange,永安市場,2020-07-04,41675.0
Orange,景安,2020-07-04,39539.0
Orange,南勢角,2020-07-04,32569.0
Orange,民權西路,2020-07-04,11866.5
Orange,忠孝新生,2020-07-04,23011.0
Orange,松江南京,2020-07-04,19187.0
Orange,輔大,2020-07-04,15157.0
Orange,新莊,2020-07-04,17520.0
Orange,頭前庄,2020-07-04,6216.0
Orange,先嗇宮,2020-07-04,4878.0
Orange,三重,2020-07-04,11059.0
Orange,菜寮,2020-07-04,14607.0
Orange,台北橋,2020-07-04,17935.0
Orange,大橋頭站,2020-07-04,21722.0
Orange,中山國小,2020-07-04,26036.0
Orange,行天宮,2020-07-04,36602.0
Orange,東門,2020-07-04,19376.5
Orange,蘆洲,2020-07-04,21289.0
Orange,三民高中,2020-07-04,18318.0
Orange,徐匯中學,2020-07-04,20386.0
Orange,三和國中,2020-07-04,18840.0
Orange,三重國小,2020-07-04,19125.0
Orange,迴龍,2020-07-04,14853.0
Orange,丹鳳,2020-07-04,15363.0
Orange,古亭,2020-07-05,19510.0
Orange,頂溪,2020-07-05,49132.0
Orange,永安市場,2020-07-05,34250.0
Orange,景安,2020-07-05,32545.0
Orange,南勢角,2020-07-05,27567.0
Orange,民權西路,2020-07-05,10758.0
Orange,忠孝新生,2020-07-05,17925.5
Orange,松江南京,2020-07-05,14098.5
Orange,輔大,2020-07-05,12292.0
Orange,新莊,2020-07-05,14182.0
Orange,頭前庄,2020-07-05,5028.5
Orange,先嗇宮,2020-07-05,3869.0
Orange,三重,2020-07-05,9088.0
Orange,菜寮,2020-07-05,12962.0
Orange,台北橋,2020-07-05,14227.0
Orange,大橋頭站,2020-07-05,17868.0
Orange,中山國小,2020-07-05,19982.0
Orange,行天宮,2020-07-05,31792.0
Orange,東門,2020-07-05,15547.0
Orange,蘆洲,2020-07-05,17867.0
Orange,三民高中,2020-07-05,14870.0
Orange,徐匯中學,2020-07-05,15851.0
Orange,三和國中,2020-07-05,15298.0
Orange,三重國小,2020-07-05,15539.0
Orange,迴龍,2020-07-05,12526.0
Orange,丹鳳,2020-07-05,12613.0
Orange,古亭,2020-07-06,31539.0
Orange,頂溪,2020-07-06,68293.0
Orange,永安市場,2020-07-06,50277.0
Orange,景安,2020-07-06,50107.0
Orange,南勢角,2020-07-06,38464.0
Orange,民權西路,2020-07-06,17823.5
Orange,忠孝新生,2020-07-06,23687.5
Orange,松江南京,2020-07-06,40129.5
Orange,輔大,2020-07-06,18733.0
Orange,新莊,2020-07-06,20821.0
Orange,頭前庄,2020-07-06,7396.5
Orange,先嗇宮,2020-07-06,9899.0
Orange,三重,2020-07-06,11723.0
Orange,菜寮,2020-07-06,19356.0
Orange,台北橋,2020-07-06,18180.0
Orange,大橋頭站,2020-07-06,23172.0
Orange,中山國小,2020-07-06,32218.0
Orange,行天宮,2020-07-06,55479.0
Orange,東門,2020-07-06,20400.5
Orange,蘆洲,2020-07-06,27423.0
Orange,三民高中,2020-07-06,23250.0
Orange,徐匯中學,2020-07-06,23689.0
Orange,三和國中,2020-07-06,23850.0
Orange,三重國小,2020-07-06,22262.0
Orange,迴龍,2020-07-06,19426.0
Orange,丹鳳,2020-07-06,18781.0
Orange,古亭,2020-07-07,32631.5
Orange,頂溪,2020-07-07,69535.0
Orange,永安市場,2020-07-07,51821.0
Orange,景安,2020-07-07,51594.0
Orange,南勢角,2020-07-07,39605.0
Orange,民權西路,2020-07-07,18274.5
Orange,忠孝新生,2020-07-07,23841.0
Orange,松江南京,2020-07-07,41090.0
Orange,輔大,2020-07-07,18139.0
Orange,新莊,2020-07-07,20933.0
Orange,頭前庄,2020-07-07,7532.0
Orange,先嗇宮,2020-07-07,10036.0
Orange,三重,2020-07-07,11956.0
Orange,菜寮,2020-07-07,19316.0
Orange,台北橋,2020-07-07,18322.0
Orange,大橋頭站,2020-07-07,23457.0
Orange,中山國小,2020-07-07,33273.0
Orange,行天宮,2020-07-07,56487.0
Orange,東門,2020-07-07,21595.5
Orange,蘆洲,2020-07-07,27831.0
Orange,三民高中,2020-07-07,23418.0
Orange,徐匯中學,2020-07-07,24007.0
Orange,三和國中,2020-07-07,24057.0
Orange,三重國小,2020-07-07,22823.0
Orange,迴龍,2020-07-07,19404.0
Orange,丹鳳,2020-07-07,19026.0
Orange,古亭,2020-07-08,33327.5
Orange,頂溪,2020-07-08,69788.0
Orange,永安市場,2020-07-08,51981.0
Orange,景安,2020-07-08,51543.0
Orange,南勢角,2020-07-08,39618.0
Orange,民權西路,2020-07-08,18182.5
Orange,忠孝新生,2020-07-08,24319.5
Orange,松江南京,2020-07-08,41333.0
Orange,輔大,2020-07-08,19089.0
Orange,新莊,2020-07-08,21020.0
Orange,頭前庄,2020-07-08,7506.0
Orange,先嗇宮,2020-07-08,10050.0
Orange,三重,2020-07-08,12185.0
Orange,菜寮,2020-07-08,19503.0
Orange,台北橋,2020-07-08,18643.0
Orange,大橋頭站,2020-07-08,23843.0
Orange,中山國小,2020-07-08,33072.0
Orange,行天宮,2020-07-08,57959.0
Orange,東門,2020-07-08,22010.5
Orange,蘆洲,2020-07-08,28086.0
Orange,三民高中,2020-07-08,23578.0
Orange,徐匯中學,2020-07-08,24246.0
Orange,三和國中,2020-07-08,24177.0
Orange,三重國小,2020-07-08,22845.0
Orange,迴龍,2020-07-08,19644.0
Orange,丹鳳,2020-07-08,19089.0
Orange,古亭,2020-07-09,32774.5
Orange,頂溪,2020-07-09,70479.0
Orange,永安市場,2020-07-09,52473.0
Orange,景安,2020-07-09,51459.0
Orange,南勢角,2020-07-09,39844.0
Orange,民權西路,2020-07-09,18500.0
Orange,忠孝新生,2020-07-09,24648.0
Orange,松江南京,2020-07-09,41246.0
Orange,輔大,2020-07-09,18116.0
Orange,新莊,2020-07-09,20847.0
Orange,頭前庄,2020-07-09,7586.5
Orange,先嗇宮,2020-07-09,9962.0
Orange,三重,2020-07-09,12438.0
Orange,菜寮,2020-07-09,19530.0
Orange,台北橋,2020-07-09,18637.0
Orange,大橋頭站,2020-07-09,23910.0
Orange,中山國小,2020-07-09,32925.0
Orange,行天宮,2020-07-09,56845.0
Orange,東門,2020-07-09,22902.0
Orange,蘆洲,2020-07-09,28134.0
Orange,三民高中,2020-07-09,23797.0
Orange,徐匯中學,2020-07-09,24404.0
Orange,三和國中,2020-07-09,24097.0
Orange,三重國小,2020-07-09,22527.0
Orange,迴龍,2020-07-09,19632.0
Orange,丹鳳,2020-07-09,19100.0
Orange,古亭,2020-07-10,33878.0
Orange,頂溪,2020-07-10,73334.0
Orange,永安市場,2020-07-10,54777.0
Orange,景安,2020-07-10,54540.0
Orange,南勢角,2020-07-10,41876.0
Orange,民權西路,2020-07-10,19106.0
Orange,忠孝新生,2020-07-10,25337.0
Orange,松江南京,2020-07-10,42749.0
Orange,輔大,2020-07-10,18498.0
Orange,新莊,2020-07-10,22929.0
Orange,頭前庄,2020-07-10,7953.0
Orange,先嗇宮,2020-07-10,10433.0
Orange,三重,2020-07-10,13253.0
Orange,菜寮,2020-07-10,20352.0
Orange,台北橋,2020-07-10,20436.0
Orange,大橋頭站,2020-07-10,26535.0
Orange,中山國小,2020-07-10,34743.0
Orange,行天宮,2020-07-10,59795.0
Orange,東門,2020-07-10,24075.0
Orange,蘆洲,2020-07-10,29786.0
Orange,三民高中,2020-07-10,25693.0
Orange,徐匯中學,2020-07-10,26107.0
Orange,三和國中,2020-07-10,25186.0
Orange,三重國小,2020-07-10,24385.0
Orange,迴龍,2020-07-10,20540.0
Orange,丹鳳,2020-07-10,20343.0
Orange,古亭,2020-07-11,25115.5
Orange,頂溪,2020-07-11,60454.0
Orange,永安市場,2020-07-11,41228.0
Orange,景安,2020-07-11,40159.0
Orange,南勢角,2020-07-11,33799.0
Orange,民權西路,2020-07-11,12500.0
Orange,忠孝新生,2020-07-11,21412.5
Orange,松江南京,2020-07-11,18365.0
Orange,輔大,2020-07-11,14370.0
Orange,新莊,2020-07-11,16343.0
Orange,頭前庄,2020-07-11,6427.0
Orange,先嗇宮,2020-07-11,4569.0
Orange,三重,2020-07-11,11745.0
Orange,菜寮,2020-07-11,14254.0
Orange,台北橋,2020-07-11,18130.0
Orange,大橋頭站,2020-07-11,21709.0
Orange,中山國小,2020-07-11,25198.0
Orange,行天宮,2020-07-11,37059.0
Orange,東門,2020-07-11,17948.5
Orange,蘆洲,2020-07-11,21571.0
Orange,三民高中,2020-07-11,18870.0
Orange,徐匯中學,2020-07-11,20335.0
Orange,三和國中,2020-07-11,18551.0
Orange,三重國小,2020-07-11,19100.0
Orange,迴龍,2020-07-11,14989.0
Orange,丹鳳,2020-07-11,15241.0
Orange,古亭,2020-07-12,20094.0
Orange,頂溪,2020-07-12,50236.0
Orange,永安市場,2020-07-12,34370.0
Orange,景安,2020-07-12,33936.0
Orange,南勢角,2020-07-12,27129.0
Orange,民權西路,2020-07-12,11465.0
Orange,忠孝新生,2020-07-12,17254.0
Orange,松江南京,2020-07-12,13941.0
Orange,輔大,2020-07-12,12340.0
Orange,新莊,2020-07-12,13098.0
Orange,頭前庄,2020-07-12,4867.0
Orange,先嗇宮,2020-07-12,3898.0
Orange,三重,2020-07-12,9902.0
Orange,菜寮,2020-07-12,12594.0
Orange,台北橋,2020-07-12,14330.0
Orange,大橋頭站,2020-07-12,18440.0
Orange,中山國小,2020-07-12,20435.0
Orange,行天宮,2020-07-12,28946.0
Orange,東門,2020-07-12,15345.5
Orange,蘆洲,2020-07-12,17791.0
Orange,三民高中,2020-07-12,15158.0
Orange,徐匯中學,2020-07-12,16367.0
Orange,三和國中,2020-07-12,15397.0
Orange,三重國小,2020-07-12,15498.0
Orange,迴龍,2020-07-12,12496.0
Orange,丹鳳,2020-07-12,12740.0
Orange,古亭,2020-07-13,31698.0
Orange,頂溪,2020-07-13,68327.0
Orange,永安市場,2020-07-13,50190.0
Orange,景安,2020-07-13,50908.0
Orange,南勢角,2020-07-13,38732.0
Orange,民權西路,2020-07-13,18049.0
Orange,忠孝新生,2020-07-13,23901.0
Orange,松江南京,2020-07-13,40209.5
Orange,輔大,2020-07-13,21724.0
Orange,新莊,2020-07-13,20480.0
Orange,頭前庄,2020-07-13,7624.0
Orange,先嗇宮,2020-07-13,9979.0
Orange,三重,2020-07-13,11920.0
Orange,菜寮,2020-07-13,19394.0
Orange,台北橋,2020-07-13,18939.0
Orange,大橋頭站,2020-07-13,23824.0
Orange,中山國小,2020-07-13,32470.0
Orange,行天宮,2020-07-13,54734.0
Orange,東門,2020-07-13,20936.0
Orange,蘆洲,2020-07-13,27695.0
Orange,三民高中,2020-07-13,23436.0
Orange,徐匯中學,2020-07-13,23754.0
Orange,三和國中,2020-07-13,23993.0
Orange,三重國小,2020-07-13,22274.0
Orange,迴龍,2020-07-13,19482.0
Orange,丹鳳,2020-07-13,18740.0
Orange,古亭,2020-07-14,33742.5
Orange,頂溪,2020-07-14,72749.0
Orange,永安市場,2020-07-14,53181.0
Orange,景安,2020-07-14,53410.0
Orange,南勢角,2020-07-14,40991.0
Orange,民權西路,2020-07-14,18897.5
Orange,忠孝新生,2020-07-14,24952.5
Orange,松江南京,2020-07-14,41904.5
Orange,輔大,2020-07-14,19350.0
Orange,新莊,2020-07-14,22421.0
Orange,頭前庄,2020-07-14,8138.5
Orange,先嗇宮,2020-07-14,10559.0
Orange,三重,2020-07-14,12710.0
Orange,菜寮,2020-07-14,20786.0
Orange,台北橋,2020-07-14,21043.0
Orange,大橋頭站,2020-07-14,24496.0
Orange,中山國小,2020-07-14,34178.0
Orange,行天宮,2020-07-14,57023.0
Orange,東門,2020-07-14,22852.5
Orange,蘆洲,2020-07-14,29739.0
Orange,三民高中,2020-07-14,24741.0
Orange,徐匯中學,2020-07-14,26212.0
Orange,三和國中,2020-07-14,25316.0
Orange,三重國小,2020-07-14,23555.0
Orange,迴龍,2020-07-14,20382.0
Orange,丹鳳,2020-07-14,19808.0
Orange,古亭,2020-07-15,33809.0
Orange,頂溪,2020-07-15,70767.0
Orange,永安市場,2020-07-15,51911.0
Orange,景安,2020-07-15,52392.0
Orange,南勢角,2020-07-15,40996.0
Orange,民權西路,2020-07-15,17798.5
Orange,忠孝新生,2020-07-15,25783.5
Orange,松江南京,2020-07-15,41316.0
Orange,輔大,2020-07-15,18478.0
Orange,新莊,2020-07-15,20627.0
Orange,頭前庄,2020-07-15,7546.0
Orange,先嗇宮,2020-07-15,10195.0
Orange,三重,2020-07-15,12306.0
Orange,菜寮,2020-07-15,19642.0
Orange,台北橋,2020-07-15,19219.0
Orange,大橋頭站,2020-07-15,23416.0
Orange,中山國小,2020-07-15,33552.0
Orange,行天宮,2020-07-15,57448.0
Orange,東門,2020-07-15,22451.5
Orange,蘆洲,2020-07-15,28534.0
Orange,三民高中,2020-07-15,23676.0
Orange,徐匯中學,2020-07-15,24708.0
Orange,三和國中,2020-07-15,24195.0
Orange,三重國小,2020-07-15,22756.0
Orange,迴龍,2020-07-15,19391.0
Orange,丹鳳,2020-07-15,18782.0
Orange,古亭,2020-07-16,34153.5
Orange,頂溪,2020-07-16,70640.0
Orange,永安市場,2020-07-16,52290.0
Orange,景安,2020-07-16,52050.0
Orange,南勢角,2020-07-16,40431.0
Orange,民權西路,2020-07-16,18008.0
Orange,忠孝新生,2020-07-16,25335.5
Orange,松江南京,2020-07-16,40746.5
Orange,輔大,2020-07-16,17695.0
Orange,新莊,2020-07-16,21414.0
Orange,頭前庄,2020-07-16,7502.5
Orange,先嗇宮,2020-07-16,10076.0
Orange,三重,2020-07-16,12206.0
Orange,菜寮,2020-07-16,19577.0
Orange,台北橋,2020-07-16,18924.0
Orange,大橋頭站,2020-07-16,23496.0
Orange,中山國小,2020-07-16,33163.0
Orange,行天宮,2020-07-16,57504.0
Orange,東門,2020-07-16,22135.5
Orange,蘆洲,2020-07-16,28148.0
Orange,三民高中,2020-07-16,23202.0
Orange,徐匯中學,2020-07-16,24794.0
Orange,三和國中,2020-07-16,24090.0
Orange,三重國小,2020-07-16,22366.0
Orange,迴龍,2020-07-16,19315.0
Orange,丹鳳,2020-07-16,19064.0
Orange,古亭,2020-07-17,34524.5
Orange,頂溪,2020-07-17,73370.0
Orange,永安市場,2020-07-17,54130.0
Orange,景安,2020-07-17,53658.0
Orange,南勢角,2020-07-17,41086.0
Orange,民權西路,2020-07-17,17704.0
Orange,忠孝新生,2020-07-17,26391.5
Orange,松江南京,2020-07-17,40649.5
Orange,輔大,2020-07-17,18051.0
Orange,新莊,2020-07-17,21388.0
Orange,頭前庄,2020-07-17,7628.5
Orange,先嗇宮,2020-07-17,10083.0
Orange,三重,2020-07-17,12908.0
Orange,菜寮,2020-07-17,19816.0
Orange,台北橋,2020-07-17,20150.0
Orange,大橋頭站,2020-07-17,25247.0
Orange,中山國小,2020-07-17,35219.0
Orange,行天宮,2020-07-17,59365.0
Orange,東門,2020-07-17,23098.5
Orange,蘆洲,2020-07-17,28895.0
Orange,三民高中,2020-07-17,24163.0
Orange,徐匯中學,2020-07-17,25575.0
Orange,三和國中,2020-07-17,24806.0
Orange,三重國小,2020-07-17,23046.0
Orange,迴龍,2020-07-17,19403.0
Orange,丹鳳,2020-07-17,19495.0
Orange,古亭,2020-07-18,25524.0
Orange,頂溪,2020-07-18,59459.0
Orange,永安市場,2020-07-18,42092.0
Orange,景安,2020-07-18,41055.0
Orange,南勢角,2020-07-18,33152.0
Orange,民權西路,2020-07-18,12082.5
Orange,忠孝新生,2020-07-18,23164.0
Orange,松江南京,2020-07-18,18827.5
Orange,輔大,2020-07-18,15102.0
Orange,新莊,2020-07-18,17503.0
Orange,頭前庄,2020-07-18,6281.0
Orange,先嗇宮,2020-07-18,4853.0
Orange,三重,2020-07-18,11987.0
Orange,菜寮,2020-07-18,16248.0
Orange,台北橋,2020-07-18,18491.0
Orange,大橋頭站,2020-07-18,22395.0
Orange,中山國小,2020-07-18,25888.0
Orange,行天宮,2020-07-18,36786.0
Orange,東門,2020-07-18,18256.5
Orange,蘆洲,2020-07-18,22080.0
Orange,三民高中,2020-07-18,19168.0
Orange,徐匯中學,2020-07-18,21187.0
Orange,三和國中,2020-07-18,19267.0
Orange,三重國小,2020-07-18,19544.0
Orange,迴龍,2020-07-18,15439.0
Orange,丹鳳,2020-07-18,15642.0
Orange,古亭,2020-07-19,19621.5
Orange,頂溪,2020-07-19,49886.0
Orange,永安市場,2020-07-19,33356.0
Orange,景安,2020-07-19,34525.0
Orange,南勢角,2020-07-19,28441.0
Orange,民權西路,2020-07-19,11127.0
Orange,忠孝新生,2020-07-19,17695.0
Orange,松江南京,2020-07-19,14437.5
Orange,輔大,2020-07-19,11909.0
Orange,新莊,2020-07-19,13166.0
Orange,頭前庄,2020-07-19,5158.0
Orange,先嗇宮,2020-07-19,4137.0
Orange,三重,2020-07-19,9997.0
Orange,菜寮,2020-07-19,12042.0
Orange,台北橋,2020-07-19,14302.0
Orange,大橋頭站,2020-07-19,18639.0
Orange,中山國小,2020-07-19,20341.0
Orange,行天宮,2020-07-19,29582.0
Orange,東門,2020-07-19,14995.5
Orange,蘆洲,2020-07-19,18287.0
Orange,三民高中,2020-07-19,15354.0
Orange,徐匯中學,2020-07-19,17056.0
Orange,三和國中,2020-07-19,15974.0
Orange,三重國小,2020-07-19,16276.0
Orange,迴龍,2020-07-19,12685.0
Orange,丹鳳,2020-07-19,12775.0
Orange,古亭,2020-07-20,32613.5
Orange,頂溪,2020-07-20,68373.0
Orange,永安市場,2020-07-20,50135.0
Orange,景安,2020-07-20,51478.0
Orange,南勢角,2020-07-20,39374.0
Orange,民權西路,2020-07-20,16942.0
Orange,忠孝新生,2020-07-20,24210.5
Orange,松江南京,2020-07-20,39603.5
Orange,輔大,2020-07-20,18214.0
Orange,新莊,2020-07-20,19395.0
Orange,頭前庄,2020-07-20,7189.5
Orange,先嗇宮,2020-07-20,9720.0
Orange,三重,2020-07-20,12311.0
Orange,菜寮,2020-07-20,18431.0
Orange,台北橋,2020-07-20,18273.0
Orange,大橋頭站,2020-07-20,22181.0
Orange,中山國小,2020-07-20,31639.0
Orange,行天宮,2020-07-20,54353.0
Orange,東門,2020-07-20,20428.0
Orange,蘆洲,2020-07-20,27145.0
Orange,三民高中,2020-07-20,22156.0
Orange,徐匯中學,2020-07-20,24342.0
Orange,三和國中,2020-07-20,23286.0
Orange,三重國小,2020-07-20,21884.0
Orange,迴龍,2020-07-20,18708.0
Orange,丹鳳,2020-07-20,18579.0
Orange,古亭,2020-07-21,34669.5
Orange,頂溪,2020-07-21,71178.0
Orange,永安市場,2020-07-21,52216.0
Orange,景安,2020-07-21,53229.0
Orange,南勢角,2020-07-21,40560.0
Orange,民權西路,2020-07-21,17667.0
Orange,忠孝新生,2020-07-21,25754.5
Orange,松江南京,2020-07-21,40827.5
Orange,輔大,2020-07-21,18587.0
Orange,新莊,2020-07-21,20482.0
Orange,頭前庄,2020-07-21,7526.5
Orange,先嗇宮,2020-07-21,10029.0
Orange,三重,2020-07-21,13415.0
Orange,菜寮,2020-07-21,18960.0
Orange,台北橋,2020-07-21,19094.0
Orange,大橋頭站,2020-07-21,22798.0
Orange,中山國小,2020-07-21,33338.0
Orange,行天宮,2020-07-21,58590.0
Orange,東門,2020-07-21,21577.5
Orange,蘆洲,2020-07-21,27887.0
Orange,三民高中,2020-07-21,23119.0
Orange,徐匯中學,2020-07-21,25084.0
Orange,三和國中,2020-07-21,23692.0
Orange,三重國小,2020-07-21,22967.0
Orange,迴龍,2020-07-21,19092.0
Orange,丹鳳,2020-07-21,18950.0
Orange,古亭,2020-07-22,34794.5
Orange,頂溪,2020-07-22,70887.0
Orange,永安市場,2020-07-22,52222.0
Orange,景安,2020-07-22,52706.0
Orange,南勢角,2020-07-22,40787.0
Orange,民權西路,2020-07-22,17770.0
Orange,忠孝新生,2020-07-22,26020.0
Orange,松江南京,2020-07-22,41669.5
Orange,輔大,2020-07-22,18474.0
Orange,新莊,2020-07-22,20511.0
Orange,頭前庄,2020-07-22,7812.0
Orange,先嗇宮,2020-07-22,10369.0
Orange,三重,2020-07-22,12596.0
Orange,菜寮,2020-07-22,19147.0
Orange,台北橋,2020-07-22,18838.0
Orange,大橋頭站,2020-07-22,22828.0
Orange,中山國小,2020-07-22,33050.0
Orange,行天宮,2020-07-22,58165.0
Orange,東門,2020-07-22,22580.0
Orange,蘆洲,2020-07-22,27959.0
Orange,三民高中,2020-07-22,23287.0
Orange,徐匯中學,2020-07-22,24790.0
Orange,三和國中,2020-07-22,23705.0
Orange,三重國小,2020-07-22,22730.0
Orange,迴龍,2020-07-22,19414.0
Orange,丹鳳,2020-07-22,18928.0
Orange,古亭,2020-07-23,34193.0
Orange,頂溪,2020-07-23,70294.0
Orange,永安市場,2020-07-23,51544.0
Orange,景安,2020-07-23,51785.0
Orange,南勢角,2020-07-23,40121.0
Orange,民權西路,2020-07-23,17537.0
Orange,忠孝新生,2020-07-23,25680.0
Orange,松江南京,2020-07-23,41317.0
Orange,輔大,2020-07-23,18216.0
Orange,新莊,2020-07-23,20728.0
Orange,頭前庄,2020-07-23,7455.0
Orange,先嗇宮,2020-07-23,10136.0
Orange,三重,2020-07-23,12701.0
Orange,菜寮,2020-07-23,18956.0
Orange,台北橋,2020-07-23,18543.0
Orange,大橋頭站,2020-07-23,22880.0
Orange,中山國小,2020-07-23,32633.0
Orange,行天宮,2020-07-23,56870.0
Orange,東門,2020-07-23,22379.0
Orange,蘆洲,2020-07-23,27860.0
Orange,三民高中,2020-07-23,23268.0
Orange,徐匯中學,2020-07-23,24742.0
Orange,三和國中,2020-07-23,23995.0
Orange,三重國小,2020-07-23,22232.0
Orange,迴龍,2020-07-23,19135.0
Orange,丹鳳,2020-07-23,18992.0
Orange,古亭,2020-07-24,34345.5
Orange,頂溪,2020-07-24,72111.0
Orange,永安市場,2020-07-24,53447.0
Orange,景安,2020-07-24,53208.0
Orange,南勢角,2020-07-24,41298.0
Orange,民權西路,2020-07-24,17685.0
Orange,忠孝新生,2020-07-24,26653.5
Orange,松江南京,2020-07-24,41078.0
Orange,輔大,2020-07-24,17360.0
Orange,新莊,2020-07-24,21855.0
Orange,頭前庄,2020-07-24,7716.0
Orange,先嗇宮,2020-07-24,10263.0
Orange,三重,2020-07-24,13444.0
Orange,菜寮,2020-07-24,19070.0
Orange,台北橋,2020-07-24,19984.0
Orange,大橋頭站,2020-07-24,25062.0
Orange,中山國小,2020-07-24,33465.0
Orange,行天宮,2020-07-24,58032.0
Orange,東門,2020-07-24,23644.0
Orange,蘆洲,2020-07-24,28360.0
Orange,三民高中,2020-07-24,24383.0
Orange,徐匯中學,2020-07-24,25498.0
Orange,三和國中,2020-07-24,24511.0
Orange,三重國小,2020-07-24,23318.0
Orange,迴龍,2020-07-24,19505.0
Orange,丹鳳,2020-07-24,19667.0
Orange,古亭,2020-07-25,25975.5
Orange,頂溪,2020-07-25,59861.0
Orange,永安市場,2020-07-25,41290.0
Orange,景安,2020-07-25,40656.0
Orange,南勢角,2020-07-25,32815.0
Orange,民權西路,2020-07-25,12028.5
Orange,忠孝新生,2020-07-25,22613.0
Orange,松江南京,2020-07-25,18907.0
Orange,輔大,2020-07-25,14403.0
Orange,新莊,2020-07-25,19723.0
Orange,頭前庄,2020-07-25,6567.5
Orange,先嗇宮,2020-07-25,4866.0
Orange,三重,2020-07-25,13738.0
Orange,菜寮,2020-07-25,15386.0
Orange,台北橋,2020-07-25,18182.0
Orange,大橋頭站,2020-07-25,21721.0
Orange,中山國小,2020-07-25,24915.0
Orange,行天宮,2020-07-25,37679.0
Orange,東門,2020-07-25,18859.0
Orange,蘆洲,2020-07-25,21646.0
Orange,三民高中,2020-07-25,18618.0
Orange,徐匯中學,2020-07-25,20274.0
Orange,三和國中,2020-07-25,18724.0
Orange,三重國小,2020-07-25,19449.0
Orange,迴龍,2020-07-25,14612.0
Orange,丹鳳,2020-07-25,15249.0
Orange,古亭,2020-07-26,19998.5
Orange,頂溪,2020-07-26,49170.0
Orange,永安市場,2020-07-26,33845.0
Orange,景安,2020-07-26,32922.0
Orange,南勢角,2020-07-26,27124.0
Orange,民權西路,2020-07-26,11227.5
Orange,忠孝新生,2020-07-26,17788.0
Orange,松江南京,2020-07-26,14109.5
Orange,輔大,2020-07-26,12162.0
Orange,新莊,2020-07-26,13439.0
Orange,頭前庄,2020-07-26,5282.5
Orange,先嗇宮,2020-07-26,4462.0
Orange,三重,2020-07-26,10262.0
Orange,菜寮,2020-07-26,12627.0
Orange,台北橋,2020-07-26,14198.0
Orange,大橋頭站,2020-07-26,18736.0
Orange,中山國小,2020-07-26,19967.0
Orange,行天宮,2020-07-26,30383.0
Orange,東門,2020-07-26,14692.0
Orange,蘆洲,2020-07-26,17816.0
Orange,三民高中,2020-07-26,14992.0
Orange,徐匯中學,2020-07-26,16635.0
Orange,三和國中,2020-07-26,16064.0
Orange,三重國小,2020-07-26,15185.0
Orange,迴龍,2020-07-26,12330.0
Orange,丹鳳,2020-07-26,12443.0
Orange,古亭,2020-07-27,33022.0
Orange,頂溪,2020-07-27,68363.0
Orange,永安市場,2020-07-27,49968.0
Orange,景安,2020-07-27,50390.0
Orange,南勢角,2020-07-27,38542.0
Orange,民權西路,2020-07-27,17333.0
Orange,忠孝新生,2020-07-27,24025.5
Orange,松江南京,2020-07-27,39475.0
Orange,輔大,2020-07-27,17548.0
Orange,新莊,2020-07-27,19588.0
Orange,頭前庄,2020-07-27,7252.5
Orange,先嗇宮,2020-07-27,9930.0
Orange,三重,2020-07-27,12064.0
Orange,菜寮,2020-07-27,18697.0
Orange,台北橋,2020-07-27,18136.0
Orange,大橋頭站,2020-07-27,22507.0
Orange,中山國小,2020-07-27,31983.0
Orange,行天宮,2020-07-27,55120.0
Orange,東門,2020-07-27,20611.5
Orange,蘆洲,2020-07-27,26927.0
Orange,三民高中,2020-07-27,22577.0
Orange,徐匯中學,2020-07-27,23315.0
Orange,三和國中,2020-07-27,23513.0
Orange,三重國小,2020-07-27,21777.0
Orange,迴龍,2020-07-27,18616.0
Orange,丹鳳,2020-07-27,18183.0
Orange,古亭,2020-07-28,34216.5
Orange,頂溪,2020-07-28,70056.0
Orange,永安市場,2020-07-28,51933.0
Orange,景安,2020-07-28,51580.0
Orange,南勢角,2020-07-28,39801.0
Orange,民權西路,2020-07-28,17555.0
Orange,忠孝新生,2020-07-28,24778.5
Orange,松江南京,2020-07-28,40561.5
Orange,輔大,2020-07-28,18044.0
Orange,新莊,2020-07-28,20174.0
Orange,頭前庄,2020-07-28,7476.5
Orange,先嗇宮,2020-07-28,10076.0
Orange,三重,2020-07-28,12829.0
Orange,菜寮,2020-07-28,18634.0
Orange,台北橋,2020-07-28,18959.0
Orange,大橋頭站,2020-07-28,22939.0
Orange,中山國小,2020-07-28,32353.0
Orange,行天宮,2020-07-28,57266.0
Orange,東門,2020-07-28,22254.0
Orange,蘆洲,2020-07-28,27739.0
Orange,三民高中,2020-07-28,22909.0
Orange,徐匯中學,2020-07-28,24450.0
Orange,三和國中,2020-07-28,23486.0
Orange,三重國小,2020-07-28,22537.0
Orange,迴龍,2020-07-28,19214.0
Orange,丹鳳,2020-07-28,18781.0
Orange,古亭,2020-07-29,34700.0
Orange,頂溪,2020-07-29,70363.0
Orange,永安市場,2020-07-29,52537.0
Orange,景安,2020-07-29,52575.0
Orange,南勢角,2020-07-29,40031.0
Orange,民權西路,2020-07-29,18126.0
Orange,忠孝新生,2020-07-29,24632.0
Orange,松江南京,2020-07-29,41623.0
Orange,輔大,2020-07-29,18643.0
Orange,新莊,2020-07-29,21626.0
Orange,頭前庄,2020-07-29,7627.0
Orange,先嗇宮,2020-07-29,10261.0
Orange,三重,2020-07-29,13376.0
Orange,菜寮,2020-07-29,19236.0
Orange,台北橋,2020-07-29,19146.0
Orange,大橋頭站,2020-07-29,23748.0
Orange,中山國小,2020-07-29,33378.0
Orange,行天宮,2020-07-29,57664.0
Orange,東門,2020-07-29,22329.5
Orange,蘆洲,2020-07-29,28387.0
Orange,三民高中,2020-07-29,23698.0
Orange,徐匯中學,2020-07-29,24679.0
Orange,三和國中,2020-07-29,24003.0
Orange,三重國小,2020-07-29,22627.0
Orange,迴龍,2020-07-29,19519.0
Orange,丹鳳,2020-07-29,19073.0
Orange,古亭,2020-07-30,34690.0
Orange,頂溪,2020-07-30,71173.0
Orange,永安市場,2020-07-30,53382.0
Orange,景安,2020-07-30,52788.0
Orange,南勢角,2020-07-30,40269.0
Orange,民權西路,2020-07-30,18186.5
Orange,忠孝新生,2020-07-30,25047.5
Orange,松江南京,2020-07-30,41277.0
Orange,輔大,2020-07-30,18241.0
Orange,新莊,2020-07-30,21826.0
Orange,頭前庄,2020-07-30,7560.5
Orange,先嗇宮,2020-07-30,10102.0
Orange,三重,2020-07-30,13973.0
Orange,菜寮,2020-07-30,20098.0
Orange,台北橋,2020-07-30,18961.0
Orange,大橋頭站,2020-07-30,24254.0
Orange,中山國小,2020-07-30,33547.0
Orange,行天宮,2020-07-30,56649.0
Orange,東門,2020-07-30,22665.5
Orange,蘆洲,2020-07-30,28858.0
Orange,三民高中,2020-07-30,23981.0
Orange,徐匯中學,2020-07-30,24629.0
Orange,三和國中,2020-07-30,24516.0
Orange,三重國小,2020-07-30,23181.0
Orange,迴龍,2020-07-30,19567.0
Orange,丹鳳,2020-07-30,19395.0
Orange,古亭,2020-07-31,35281.5
Orange,頂溪,2020-07-31,73968.0
Orange,永安市場,2020-07-31,54590.0
Orange,景安,2020-07-31,54525.0
Orange,南勢角,2020-07-31,41786.0
Orange,民權西路,2020-07-31,18306.5
Orange,忠孝新生,2020-07-31,26880.0
Orange,松江南京,2020-07-31,42191.0
Orange,輔大,2020-07-31,17921.0
Orange,新莊,2020-07-31,22380.0
Orange,頭前庄,2020-07-31,7815.0
Orange,先嗇宮,2020-07-31,10577.0
Orange,三重,2020-07-31,15030.0
Orange,菜寮,2020-07-31,19787.0
Orange,台北橋,2020-07-31,20211.0
Orange,大橋頭站,2020-07-31,25760.0
Orange,中山國小,2020-07-31,35189.0
Orange,行天宮,2020-07-31,58864.0
Orange,東門,2020-07-31,24324.5
Orange,蘆洲,2020-07-31,29436.0
Orange,三民高中,2020-07-31,24564.0
Orange,徐匯中學,2020-07-31,26066.0
Orange,三和國中,2020-07-31,24835.0
Orange,三重國小,2020-07-31,23487.0
Orange,迴龍,2020-07-31,20097.0
Orange,丹鳳,2020-07-31,19959.0
Orange,古亭,2020-08-01,26188.5
Orange,頂溪,2020-08-01,60225.0
Orange,永安市場,2020-08-01,42186.0
Orange,景安,2020-08-01,42608.0
Orange,南勢角,2020-08-01,33909.0
Orange,民權西路,2020-08-01,12027.5
Orange,忠孝新生,2020-08-01,22992.5
Orange,松江南京,2020-08-01,18996.0
Orange,輔大,2020-08-01,14195.0
Orange,新莊,2020-08-01,16738.0
Orange,頭前庄,2020-08-01,5916.5
Orange,先嗇宮,2020-08-01,4648.0
Orange,三重,2020-08-01,14727.0
Orange,菜寮,2020-08-01,15652.0
Orange,台北橋,2020-08-01,18097.0
Orange,大橋頭站,2020-08-01,22266.0
Orange,中山國小,2020-08-01,26096.0
Orange,行天宮,2020-08-01,38432.0
Orange,東門,2020-08-01,19504.5
Orange,蘆洲,2020-08-01,22223.0
Orange,三民高中,2020-08-01,19150.0
Orange,徐匯中學,2020-08-01,20786.0
Orange,三和國中,2020-08-01,19023.0
Orange,三重國小,2020-08-01,19549.0
Orange,迴龍,2020-08-01,15052.0
Orange,丹鳳,2020-08-01,15660.0
Orange,古亭,2020-08-02,20623.5
Orange,頂溪,2020-08-02,49827.0
Orange,永安市場,2020-08-02,34907.0
Orange,景安,2020-08-02,33580.0
Orange,南勢角,2020-08-02,27781.0
Orange,民權西路,2020-08-02,10724.5
Orange,忠孝新生,2020-08-02,17613.0
Orange,松江南京,2020-08-02,13958.0
Orange,輔大,2020-08-02,11627.0
Orange,新莊,2020-08-02,12934.0
Orange,頭前庄,2020-08-02,5082.0
Orange,先嗇宮,2020-08-02,3817.0
Orange,三重,2020-08-02,12087.0
Orange,菜寮,2020-08-02,12378.0
Orange,台北橋,2020-08-02,14214.0
Orange,大橋頭站,2020-08-02,18152.0
Orange,中山國小,2020-08-02,20375.0
Orange,行天宮,2020-08-02,29491.0
Orange,東門,2020-08-02,15167.5
Orange,蘆洲,2020-08-02,18141.0
Orange,三民高中,2020-08-02,15444.0
Orange,徐匯中學,2020-08-02,16627.0
Orange,三和國中,2020-08-02,15749.0
Orange,三重國小,2020-08-02,15915.0
Orange,迴龍,2020-08-02,12750.0
Orange,丹鳳,2020-08-02,12515.0
Orange,古亭,2020-08-03,30666.5
Orange,頂溪,2020-08-03,64447.0
Orange,永安市場,2020-08-03,47772.0
Orange,景安,2020-08-03,48254.0
Orange,南勢角,2020-08-03,36354.0
Orange,民權西路,2020-08-03,16211.0
Orange,忠孝新生,2020-08-03,22145.0
Orange,松江南京,2020-08-03,39377.5
Orange,輔大,2020-08-03,16594.0
Orange,新莊,2020-08-03,18929.0
Orange,頭前庄,2020-08-03,6679.0
Orange,先嗇宮,2020-08-03,9638.0
Orange,三重,2020-08-03,11563.0
Orange,菜寮,2020-08-03,18150.0
Orange,台北橋,2020-08-03,17731.0
Orange,大橋頭站,2020-08-03,21466.0
Orange,中山國小,2020-08-03,30288.0
Orange,行天宮,2020-08-03,51890.0
Orange,東門,2020-08-03,20039.5
Orange,蘆洲,2020-08-03,25618.0
Orange,三民高中,2020-08-03,21134.0
Orange,徐匯中學,2020-08-03,23025.0
Orange,三和國中,2020-08-03,22696.0
Orange,三重國小,2020-08-03,21232.0
Orange,迴龍,2020-08-03,17715.0
Orange,丹鳳,2020-08-03,17647.0
Orange,古亭,2020-08-04,34219.5
Orange,頂溪,2020-08-04,69963.0
Orange,永安市場,2020-08-04,51718.0
Orange,景安,2020-08-04,51801.0
Orange,南勢角,2020-08-04,39670.0
Orange,民權西路,2020-08-04,17605.5
Orange,忠孝新生,2020-08-04,24981.5
Orange,松江南京,2020-08-04,41562.5
Orange,輔大,2020-08-04,17711.0
Orange,新莊,2020-08-04,21072.0
Orange,頭前庄,2020-08-04,7305.0
Orange,先嗇宮,2020-08-04,10216.0
Orange,三重,2020-08-04,12604.0
Orange,菜寮,2020-08-04,19474.0
Orange,台北橋,2020-08-04,18518.0
Orange,大橋頭站,2020-08-04,23089.0
Orange,中山國小,2020-08-04,32968.0
Orange,行天宮,2020-08-04,58477.0
Orange,東門,2020-08-04,22634.5
Orange,蘆洲,2020-08-04,27815.0
Orange,三民高中,2020-08-04,23319.0
Orange,徐匯中學,2020-08-04,24415.0
Orange,三和國中,2020-08-04,23773.0
Orange,三重國小,2020-08-04,22666.0
Orange,迴龍,2020-08-04,19143.0
Orange,丹鳳,2020-08-04,18783.0
Orange,古亭,2020-08-05,34653.0
Orange,頂溪,2020-08-05,70854.0
Orange,永安市場,2020-08-05,52827.0
Orange,景安,2020-08-05,52257.0
Orange,南勢角,2020-08-05,40150.0
Orange,民權西路,2020-08-05,18198.0
Orange,忠孝新生,2020-08-05,25484.0
Orange,松江南京,2020-08-05,41712.0
Orange,輔大,2020-08-05,18628.0
Orange,新莊,2020-08-05,21318.0
Orange,頭前庄,2020-08-05,7620.5
Orange,先嗇宮,2020-08-05,10340.0
Orange,三重,2020-08-05,13003.0
Orange,菜寮,2020-08-05,19670.0
Orange,台北橋,2020-08-05,19126.0
Orange,大橋頭站,2020-08-05,23618.0
Orange,中山國小,2020-08-05,33580.0
Orange,行天宮,2020-08-05,58471.0
Orange,東門,2020-08-05,23338.5
Orange,蘆洲,2020-08-05,28387.0
Orange,三民高中,2020-08-05,23523.0
Orange,徐匯中學,2020-08-05,25092.0
Orange,三和國中,2020-08-05,24185.0
Orange,三重國小,2020-08-05,22935.0
Orange,迴龍,2020-08-05,19586.0
Orange,丹鳳,2020-08-05,19198.0
Orange,古亭,2020-08-06,34706.5
Orange,頂溪,2020-08-06,71383.0
Orange,永安市場,2020-08-06,52956.0
Orange,景安,2020-08-06,52494.0
Orange,南勢角,2020-08-06,40368.0
Orange,民權西路,2020-08-06,18259.5
Orange,忠孝新生,2020-08-06,25455.5
Orange,松江南京,2020-08-06,42014.5
Orange,輔大,2020-08-06,18015.0
Orange,新莊,2020-08-06,21783.0
Orange,頭前庄,2020-08-06,7592.5
Orange,先嗇宮,2020-08-06,10124.0
Orange,三重,2020-08-06,13464.0
Orange,菜寮,2020-08-06,19354.0
Orange,台北橋,2020-08-06,19191.0
Orange,大橋頭站,2020-08-06,24181.0
Orange,中山國小,2020-08-06,33085.0
Orange,行天宮,2020-08-06,57940.0
Orange,東門,2020-08-06,23636.0
Orange,蘆洲,2020-08-06,28628.0
Orange,三民高中,2020-08-06,23680.0
Orange,徐匯中學,2020-08-06,25222.0
Orange,三和國中,2020-08-06,23937.0
Orange,三重國小,2020-08-06,22825.0
Orange,迴龍,2020-08-06,19732.0
Orange,丹鳳,2020-08-06,19092.0
Orange,古亭,2020-08-07,34962.5
Orange,頂溪,2020-08-07,73339.0
Orange,永安市場,2020-08-07,53771.0
Orange,景安,2020-08-07,53278.0
Orange,南勢角,2020-08-07,41312.0
Orange,民權西路,2020-08-07,17943.5
Orange,忠孝新生,2020-08-07,26151.0
Orange,松江南京,2020-08-07,41279.5
Orange,輔大,2020-08-07,17074.0
Orange,新莊,2020-08-07,23241.0
Orange,頭前庄,2020-08-07,7900.0
Orange,先嗇宮,2020-08-07,10492.0
Orange,三重,2020-08-07,13642.0
Orange,菜寮,2020-08-07,20010.0
Orange,台北橋,2020-08-07,20212.0
Orange,大橋頭站,2020-08-07,25294.0
Orange,中山國小,2020-08-07,34173.0
Orange,行天宮,2020-08-07,60774.0
Orange,東門,2020-08-07,23986.5
Orange,蘆洲,2020-08-07,29177.0
Orange,三民高中,2020-08-07,24007.0
Orange,徐匯中學,2020-08-07,25760.0
Orange,三和國中,2020-08-07,24525.0
Orange,三重國小,2020-08-07,23267.0
Orange,迴龍,2020-08-07,20357.0
Orange,丹鳳,2020-08-07,19847.0
Orange,古亭,2020-08-08,23693.5
Orange,頂溪,2020-08-08,54875.0
Orange,永安市場,2020-08-08,38335.0
Orange,景安,2020-08-08,38036.0
Orange,南勢角,2020-08-08,31235.0
Orange,民權西路,2020-08-08,10406.5
Orange,忠孝新生,2020-08-08,19021.0
Orange,松江南京,2020-08-08,16613.0
Orange,輔大,2020-08-08,12711.0
Orange,新莊,2020-08-08,16667.0
Orange,頭前庄,2020-08-08,5417.0
Orange,先嗇宮,2020-08-08,4405.0
Orange,三重,2020-08-08,11670.0
Orange,菜寮,2020-08-08,13389.0
Orange,台北橋,2020-08-08,15899.0
Orange,大橋頭站,2020-08-08,20114.0
Orange,中山國小,2020-08-08,22700.0
Orange,行天宮,2020-08-08,35122.0
Orange,東門,2020-08-08,17445.5
Orange,蘆洲,2020-08-08,19554.0
Orange,三民高中,2020-08-08,17967.0
Orange,徐匯中學,2020-08-08,18941.0
Orange,三和國中,2020-08-08,17610.0
Orange,三重國小,2020-08-08,18173.0
Orange,迴龍,2020-08-08,14043.0
Orange,丹鳳,2020-08-08,14106.0
Orange,古亭,2020-08-09,20219.5
Orange,頂溪,2020-08-09,49779.0
Orange,永安市場,2020-08-09,33610.0
Orange,景安,2020-08-09,35308.0
Orange,南勢角,2020-08-09,28323.0
Orange,民權西路,2020-08-09,10901.5
Orange,忠孝新生,2020-08-09,17651.5
Orange,松江南京,2020-08-09,14171.0
Orange,輔大,2020-08-09,11566.0
Orange,新莊,2020-08-09,14047.0
Orange,頭前庄,2020-08-09,5199.5
Orange,先嗇宮,2020-08-09,3777.0
Orange,三重,2020-08-09,11688.0
Orange,菜寮,2020-08-09,12584.0
Orange,台北橋,2020-08-09,14508.0
Orange,大橋頭站,2020-08-09,18490.0
Orange,中山國小,2020-08-09,20150.0
Orange,行天宮,2020-08-09,34064.0
Orange,東門,2020-08-09,15349.5
Orange,蘆洲,2020-08-09,17819.0
Orange,三民高中,2020-08-09,15382.0
Orange,徐匯中學,2020-08-09,16622.0
Orange,三和國中,2020-08-09,15872.0
Orange,三重國小,2020-08-09,15846.0
Orange,迴龍,2020-08-09,12970.0
Orange,丹鳳,2020-08-09,12826.0
Orange,古亭,2020-08-10,32554.5
Orange,頂溪,2020-08-10,68889.0
Orange,永安市場,2020-08-10,50608.0
Orange,景安,2020-08-10,51068.0
Orange,南勢角,2020-08-10,39183.0
Orange,民權西路,2020-08-10,17420.5
Orange,忠孝新生,2020-08-10,23501.0
Orange,松江南京,2020-08-10,40489.0
Orange,輔大,2020-08-10,17985.0
Orange,新莊,2020-08-10,20418.0
Orange,頭前庄,2020-08-10,7115.5
Orange,先嗇宮,2020-08-10,9782.0
Orange,三重,2020-08-10,12645.0
Orange,菜寮,2020-08-10,18420.0
Orange,台北橋,2020-08-10,18039.0
Orange,大橋頭站,2020-08-10,22715.0
Orange,中山國小,2020-08-10,31700.0
Orange,行天宮,2020-08-10,56627.0
Orange,東門,2020-08-10,21320.5
Orange,蘆洲,2020-08-10,27524.0
Orange,三民高中,2020-08-10,22881.0
Orange,徐匯中學,2020-08-10,24154.0
Orange,三和國中,2020-08-10,23509.0
Orange,三重國小,2020-08-10,22532.0
Orange,迴龍,2020-08-10,18888.0
Orange,丹鳳,2020-08-10,18818.0
Orange,古亭,2020-08-11,33553.5
Orange,頂溪,2020-08-11,69112.0
Orange,永安市場,2020-08-11,52011.0
Orange,景安,2020-08-11,51385.0
Orange,南勢角,2020-08-11,39234.0
Orange,民權西路,2020-08-11,17550.5
Orange,忠孝新生,2020-08-11,24310.0
Orange,松江南京,2020-08-11,41286.0
Orange,輔大,2020-08-11,17394.0
Orange,新莊,2020-08-11,20451.0
Orange,頭前庄,2020-08-11,7024.0
Orange,先嗇宮,2020-08-11,10087.0
Orange,三重,2020-08-11,12247.0
Orange,菜寮,2020-08-11,18842.0
Orange,台北橋,2020-08-11,18509.0
Orange,大橋頭站,2020-08-11,22421.0
Orange,中山國小,2020-08-11,32448.0
Orange,行天宮,2020-08-11,56433.0
Orange,東門,2020-08-11,22145.5
Orange,蘆洲,2020-08-11,27019.0
Orange,三民高中,2020-08-11,22656.0
Orange,徐匯中學,2020-08-11,23958.0
Orange,三和國中,2020-08-11,23381.0
Orange,三重國小,2020-08-11,22181.0
Orange,迴龍,2020-08-11,18889.0
Orange,丹鳳,2020-08-11,18768.0
Orange,古亭,2020-08-12,34213.5
Orange,頂溪,2020-08-12,70541.0
Orange,永安市場,2020-08-12,52726.0
Orange,景安,2020-08-12,51532.0
Orange,南勢角,2020-08-12,40515.0
Orange,民權西路,2020-08-12,18080.5
Orange,忠孝新生,2020-08-12,25497.0
Orange,松江南京,2020-08-12,41701.5
Orange,輔大,2020-08-12,18169.0
Orange,新莊,2020-08-12,22041.0
Orange,頭前庄,2020-08-12,7767.5
Orange,先嗇宮,2020-08-12,10363.0
Orange,三重,2020-08-12,13009.0
Orange,菜寮,2020-08-12,19664.0
Orange,台北橋,2020-08-12,19571.0
Orange,大橋頭站,2020-08-12,23444.0
Orange,中山國小,2020-08-12,33118.0
Orange,行天宮,2020-08-12,60471.0
Orange,東門,2020-08-12,23319.0
Orange,蘆洲,2020-08-12,28013.0
Orange,三民高中,2020-08-12,23479.0
Orange,徐匯中學,2020-08-12,24485.0
Orange,三和國中,2020-08-12,24404.0
Orange,三重國小,2020-08-12,22858.0
Orange,迴龍,2020-08-12,19459.0
Orange,丹鳳,2020-08-12,19034.0
Orange,古亭,2020-08-13,34836.0
Orange,頂溪,2020-08-13,71511.0
Orange,永安市場,2020-08-13,53285.0
Orange,景安,2020-08-13,52860.0
Orange,南勢角,2020-08-13,40645.0
Orange,民權西路,2020-08-13,18467.5
Orange,忠孝新生,2020-08-13,25626.5
Orange,松江南京,2020-08-13,42713.0
Orange,輔大,2020-08-13,19099.0
Orange,新莊,2020-08-13,21972.0
Orange,頭前庄,2020-08-13,7822.0
Orange,先嗇宮,2020-08-13,10246.0
Orange,三重,2020-08-13,13330.0
Orange,菜寮,2020-08-13,20166.0
Orange,台北橋,2020-08-13,19094.0
Orange,大橋頭站,2020-08-13,23851.0
Orange,中山國小,2020-08-13,33400.0
Orange,行天宮,2020-08-13,71567.0
Orange,東門,2020-08-13,23420.5
Orange,蘆洲,2020-08-13,28502.0
Orange,三民高中,2020-08-13,23672.0
Orange,徐匯中學,2020-08-13,25065.0
Orange,三和國中,2020-08-13,24375.0
Orange,三重國小,2020-08-13,22933.0
Orange,迴龍,2020-08-13,19993.0
Orange,丹鳳,2020-08-13,19061.0
Orange,古亭,2020-08-14,35339.0
Orange,頂溪,2020-08-14,73235.0
Orange,永安市場,2020-08-14,53834.0
Orange,景安,2020-08-14,53846.0
Orange,南勢角,2020-08-14,41238.0
Orange,民權西路,2020-08-14,18219.0
Orange,忠孝新生,2020-08-14,26856.5
Orange,松江南京,2020-08-14,42044.5
Orange,輔大,2020-08-14,17810.0
Orange,新莊,2020-08-14,21976.0
Orange,頭前庄,2020-08-14,8065.0
Orange,先嗇宮,2020-08-14,10346.0
Orange,三重,2020-08-14,14006.0
Orange,菜寮,2020-08-14,19616.0
Orange,台北橋,2020-08-14,20236.0
Orange,大橋頭站,2020-08-14,25480.0
Orange,中山國小,2020-08-14,34683.0
Orange,行天宮,2020-08-14,60697.0
Orange,東門,2020-08-14,23856.5
Orange,蘆洲,2020-08-14,29153.0
Orange,三民高中,2020-08-14,24303.0
Orange,徐匯中學,2020-08-14,25941.0
Orange,三和國中,2020-08-14,25058.0
Orange,三重國小,2020-08-14,23478.0
Orange,迴龍,2020-08-14,20247.0
Orange,丹鳳,2020-08-14,19682.0
Orange,古亭,2020-08-15,27317.0
Orange,頂溪,2020-08-15,61134.0
Orange,永安市場,2020-08-15,42464.0
Orange,景安,2020-08-15,42258.0
Orange,南勢角,2020-08-15,34385.0
Orange,民權西路,2020-08-15,12068.0
Orange,忠孝新生,2020-08-15,21635.5
Orange,松江南京,2020-08-15,19246.5
Orange,輔大,2020-08-15,15979.0
Orange,新莊,2020-08-15,16698.0
Orange,頭前庄,2020-08-15,6020.5
Orange,先嗇宮,2020-08-15,5080.0
Orange,三重,2020-08-15,13255.0
Orange,菜寮,2020-08-15,15318.0
Orange,台北橋,2020-08-15,18185.0
Orange,大橋頭站,2020-08-15,22640.0
Orange,中山國小,2020-08-15,25862.0
Orange,行天宮,2020-08-15,39509.0
Orange,東門,2020-08-15,18987.0
Orange,蘆洲,2020-08-15,22191.0
Orange,三民高中,2020-08-15,19318.0
Orange,徐匯中學,2020-08-15,20809.0
Orange,三和國中,2020-08-15,19255.0
Orange,三重國小,2020-08-15,19454.0
Orange,迴龍,2020-08-15,15656.0
Orange,丹鳳,2020-08-15,15226.0
Orange,古亭,2020-08-16,21497.0
Orange,頂溪,2020-08-16,51848.0
Orange,永安市場,2020-08-16,35660.0
Orange,景安,2020-08-16,36168.0
Orange,南勢角,2020-08-16,28982.0
Orange,民權西路,2020-08-16,11435.5
Orange,忠孝新生,2020-08-16,17706.5
Orange,松江南京,2020-08-16,14694.5
Orange,輔大,2020-08-16,13093.0
Orange,新莊,2020-08-16,13894.0
Orange,頭前庄,2020-08-16,5386.0
Orange,先嗇宮,2020-08-16,3946.0
Orange,三重,2020-08-16,11213.0
Orange,菜寮,2020-08-16,12443.0
Orange,台北橋,2020-08-16,15124.0
Orange,大橋頭站,2020-08-16,19719.0
Orange,中山國小,2020-08-16,20757.0
Orange,行天宮,2020-08-16,32522.0
Orange,東門,2020-08-16,15971.0
Orange,蘆洲,2020-08-16,18881.0
Orange,三民高中,2020-08-16,15818.0
Orange,徐匯中學,2020-08-16,17110.0
Orange,三和國中,2020-08-16,16088.0
Orange,三重國小,2020-08-16,16470.0
Orange,迴龍,2020-08-16,13517.0
Orange,丹鳳,2020-08-16,12890.0
Orange,古亭,2020-08-17,32419.5
Orange,頂溪,2020-08-17,68598.0
Orange,永安市場,2020-08-17,49593.0
Orange,景安,2020-08-17,50221.0
Orange,南勢角,2020-08-17,38984.0
Orange,民權西路,2020-08-17,17001.5
Orange,忠孝新生,2020-08-17,23758.0
Orange,松江南京,2020-08-17,39818.5
Orange,輔大,2020-08-17,16337.0
Orange,新莊,2020-08-17,20824.0
Orange,頭前庄,2020-08-17,7422.0
Orange,先嗇宮,2020-08-17,9957.0
Orange,三重,2020-08-17,12885.0
Orange,菜寮,2020-08-17,18590.0
Orange,台北橋,2020-08-17,18519.0
Orange,大橋頭站,2020-08-17,22824.0
Orange,中山國小,2020-08-17,31415.0
Orange,行天宮,2020-08-17,56578.0
Orange,東門,2020-08-17,20631.0
Orange,蘆洲,2020-08-17,27244.0
Orange,三民高中,2020-08-17,22974.0
Orange,徐匯中學,2020-08-17,23565.0
Orange,三和國中,2020-08-17,23527.0
Orange,三重國小,2020-08-17,22127.0
Orange,迴龍,2020-08-17,18948.0
Orange,丹鳳,2020-08-17,18495.0
Orange,古亭,2020-08-18,34088.5
Orange,頂溪,2020-08-18,71070.0
Orange,永安市場,2020-08-18,52475.0
Orange,景安,2020-08-18,52285.0
Orange,南勢角,2020-08-18,40523.0
Orange,民權西路,2020-08-18,17777.0
Orange,忠孝新生,2020-08-18,24630.0
Orange,松江南京,2020-08-18,41361.0
Orange,輔大,2020-08-18,16448.0
Orange,新莊,2020-08-18,21648.0
Orange,頭前庄,2020-08-18,7729.0
Orange,先嗇宮,2020-08-18,10243.0
Orange,三重,2020-08-18,13047.0
Orange,菜寮,2020-08-18,19026.0
Orange,台北橋,2020-08-18,18964.0
Orange,大橋頭站,2020-08-18,23247.0
Orange,中山國小,2020-08-18,32171.0
Orange,行天宮,2020-08-18,59524.0
Orange,東門,2020-08-18,22205.5
Orange,蘆洲,2020-08-18,28063.0
Orange,三民高中,2020-08-18,24366.0
Orange,徐匯中學,2020-08-18,24783.0
Orange,三和國中,2020-08-18,23914.0
Orange,三重國小,2020-08-18,22750.0
Orange,迴龍,2020-08-18,19745.0
Orange,丹鳳,2020-08-18,19147.0
Orange,古亭,2020-08-19,34403.0
Orange,頂溪,2020-08-19,70712.0
Orange,永安市場,2020-08-19,52356.0
Orange,景安,2020-08-19,52594.0
Orange,南勢角,2020-08-19,40332.0
Orange,民權西路,2020-08-19,17594.0
Orange,忠孝新生,2020-08-19,25167.5
Orange,松江南京,2020-08-19,41750.5
Orange,輔大,2020-08-19,16557.0
Orange,新莊,2020-08-19,21845.0
Orange,頭前庄,2020-08-19,7634.5
Orange,先嗇宮,2020-08-19,10526.0
Orange,三重,2020-08-19,13230.0
Orange,菜寮,2020-08-19,19303.0
Orange,台北橋,2020-08-19,19206.0
Orange,大橋頭站,2020-08-19,23692.0
Orange,中山國小,2020-08-19,32898.0
Orange,行天宮,2020-08-19,57609.0
Orange,東門,2020-08-19,23004.0
Orange,蘆洲,2020-08-19,28312.0
Orange,三民高中,2020-08-19,24023.0
Orange,徐匯中學,2020-08-19,24735.0
Orange,三和國中,2020-08-19,24342.0
Orange,三重國小,2020-08-19,22588.0
Orange,迴龍,2020-08-19,19756.0
Orange,丹鳳,2020-08-19,19478.0
Orange,古亭,2020-08-20,34318.5
Orange,頂溪,2020-08-20,70973.0
Orange,永安市場,2020-08-20,52687.0
Orange,景安,2020-08-20,52252.0
Orange,南勢角,2020-08-20,39829.0
Orange,民權西路,2020-08-20,17513.5
Orange,忠孝新生,2020-08-20,25191.5
Orange,松江南京,2020-08-20,42189.5
Orange,輔大,2020-08-20,16906.0
Orange,新莊,2020-08-20,21695.0
Orange,頭前庄,2020-08-20,7777.0
Orange,先嗇宮,2020-08-20,10294.0
Orange,三重,2020-08-20,13160.0
Orange,菜寮,2020-08-20,19270.0
Orange,台北橋,2020-08-20,19022.0
Orange,大橋頭站,2020-08-20,23787.0
Orange,中山國小,2020-08-20,33971.0
Orange,行天宮,2020-08-20,57032.0
Orange,東門,2020-08-20,22829.5
Orange,蘆洲,2020-08-20,28278.0
Orange,三民高中,2020-08-20,23452.0
Orange,徐匯中學,2020-08-20,24800.0
Orange,三和國中,2020-08-20,24441.0
Orange,三重國小,2020-08-20,23021.0
Orange,迴龍,2020-08-20,19801.0
Orange,丹鳳,2020-08-20,19142.0
Orange,古亭,2020-08-21,34638.5
Orange,頂溪,2020-08-21,73358.0
Orange,永安市場,2020-08-21,54498.0
Orange,景安,2020-08-21,53779.0
Orange,南勢角,2020-08-21,40775.0
Orange,民權西路,2020-08-21,17976.5
Orange,忠孝新生,2020-08-21,26314.5
Orange,松江南京,2020-08-21,42160.0
Orange,輔大,2020-08-21,17127.0
Orange,新莊,2020-08-21,23309.0
Orange,頭前庄,2020-08-21,7988.0
Orange,先嗇宮,2020-08-21,10564.0
Orange,三重,2020-08-21,13840.0
Orange,菜寮,2020-08-21,20028.0
Orange,台北橋,2020-08-21,20277.0
Orange,大橋頭站,2020-08-21,25902.0
Orange,中山國小,2020-08-21,35074.0
Orange,行天宮,2020-08-21,58855.0
Orange,東門,2020-08-21,24299.0
Orange,蘆洲,2020-08-21,29811.0
Orange,三民高中,2020-08-21,24506.0
Orange,徐匯中學,2020-08-21,26443.0
Orange,三和國中,2020-08-21,25428.0
Orange,三重國小,2020-08-21,23583.0
Orange,迴龍,2020-08-21,20165.0
Orange,丹鳳,2020-08-21,19969.0
Orange,古亭,2020-08-22,26064.0
Orange,頂溪,2020-08-22,60114.0
Orange,永安市場,2020-08-22,41404.0
Orange,景安,2020-08-22,40917.0
Orange,南勢角,2020-08-22,32614.0
Orange,民權西路,2020-08-22,12887.5
Orange,忠孝新生,2020-08-22,22448.5
Orange,松江南京,2020-08-22,20070.0
Orange,輔大,2020-08-22,13943.0
Orange,新莊,2020-08-22,17284.0
Orange,頭前庄,2020-08-22,6200.0
Orange,先嗇宮,2020-08-22,4959.0
Orange,三重,2020-08-22,13193.0
Orange,菜寮,2020-08-22,15725.0
Orange,台北橋,2020-08-22,19685.0
Orange,大橋頭站,2020-08-22,27533.0
Orange,中山國小,2020-08-22,27329.0
Orange,行天宮,2020-08-22,37401.0
Orange,東門,2020-08-22,19445.0
Orange,蘆洲,2020-08-22,22124.0
Orange,三民高中,2020-08-22,18986.0
Orange,徐匯中學,2020-08-22,21009.0
Orange,三和國中,2020-08-22,19565.0
Orange,三重國小,2020-08-22,19352.0
Orange,迴龍,2020-08-22,15143.0
Orange,丹鳳,2020-08-22,15880.0
Orange,古亭,2020-08-23,20166.0
Orange,頂溪,2020-08-23,50317.0
Orange,永安市場,2020-08-23,34439.0
Orange,景安,2020-08-23,34094.0
Orange,南勢角,2020-08-23,27722.0
Orange,民權西路,2020-08-23,11767.5
Orange,忠孝新生,2020-08-23,19125.5
Orange,松江南京,2020-08-23,15135.5
Orange,輔大,2020-08-23,11668.0
Orange,新莊,2020-08-23,13568.0
Orange,頭前庄,2020-08-23,5279.5
Orange,先嗇宮,2020-08-23,4255.0
Orange,三重,2020-08-23,10932.0
Orange,菜寮,2020-08-23,12064.0
Orange,台北橋,2020-08-23,15069.0
Orange,大橋頭站,2020-08-23,19911.0
Orange,中山國小,2020-08-23,21972.0
Orange,行天宮,2020-08-23,30030.0
Orange,東門,2020-08-23,16589.5
Orange,蘆洲,2020-08-23,18387.0
Orange,三民高中,2020-08-23,15010.0
Orange,徐匯中學,2020-08-23,17395.0
Orange,三和國中,2020-08-23,16073.0
Orange,三重國小,2020-08-23,15909.0
Orange,迴龍,2020-08-23,12329.0
Orange,丹鳳,2020-08-23,12932.0
Orange,古亭,2020-08-24,31741.0
Orange,頂溪,2020-08-24,67776.0
Orange,永安市場,2020-08-24,50117.0
Orange,景安,2020-08-24,50547.0
Orange,南勢角,2020-08-24,38395.0
Orange,民權西路,2020-08-24,17388.5
Orange,忠孝新生,2020-08-24,23959.5
Orange,松江南京,2020-08-24,40349.0
Orange,輔大,2020-08-24,17639.0
Orange,新莊,2020-08-24,19932.0
Orange,頭前庄,2020-08-24,7228.5
Orange,先嗇宮,2020-08-24,9756.0
Orange,三重,2020-08-24,12675.0
Orange,菜寮,2020-08-24,18074.0
Orange,台北橋,2020-08-24,18571.0
Orange,大橋頭站,2020-08-24,22938.0
Orange,中山國小,2020-08-24,31475.0
Orange,行天宮,2020-08-24,54064.0
Orange,東門,2020-08-24,20752.5
Orange,蘆洲,2020-08-24,27650.0
Orange,三民高中,2020-08-24,22473.0
Orange,徐匯中學,2020-08-24,23703.0
Orange,三和國中,2020-08-24,23475.0
Orange,三重國小,2020-08-24,21805.0
Orange,迴龍,2020-08-24,18758.0
Orange,丹鳳,2020-08-24,18471.0
Orange,古亭,2020-08-25,33673.0
Orange,頂溪,2020-08-25,70867.0
Orange,永安市場,2020-08-25,52728.0
Orange,景安,2020-08-25,52443.0
Orange,南勢角,2020-08-25,39940.0
Orange,民權西路,2020-08-25,18303.5
Orange,忠孝新生,2020-08-25,24848.5
Orange,松江南京,2020-08-25,42407.5
Orange,輔大,2020-08-25,18540.0
Orange,新莊,2020-08-25,20717.0
Orange,頭前庄,2020-08-25,7658.5
Orange,先嗇宮,2020-08-25,10165.0
Orange,三重,2020-08-25,13202.0
Orange,菜寮,2020-08-25,19523.0
Orange,台北橋,2020-08-25,19044.0
Orange,大橋頭站,2020-08-25,24825.0
Orange,中山國小,2020-08-25,32951.0
Orange,行天宮,2020-08-25,57053.0
Orange,東門,2020-08-25,23004.0
Orange,蘆洲,2020-08-25,28590.0
Orange,三民高中,2020-08-25,23380.0
Orange,徐匯中學,2020-08-25,24798.0
Orange,三和國中,2020-08-25,24268.0
Orange,三重國小,2020-08-25,23206.0
Orange,迴龍,2020-08-25,19233.0
Orange,丹鳳,2020-08-25,19278.0
Orange,古亭,2020-08-26,33418.0
Orange,頂溪,2020-08-26,70310.0
Orange,永安市場,2020-08-26,52927.0
Orange,景安,2020-08-26,52874.0
Orange,南勢角,2020-08-26,40027.0
Orange,民權西路,2020-08-26,17662.0
Orange,忠孝新生,2020-08-26,25470.5
Orange,松江南京,2020-08-26,41620.0
Orange,輔大,2020-08-26,17966.0
Orange,新莊,2020-08-26,21812.0
Orange,頭前庄,2020-08-26,7567.5
Orange,先嗇宮,2020-08-26,10371.0
Orange,三重,2020-08-26,13201.0
Orange,菜寮,2020-08-26,19370.0
Orange,台北橋,2020-08-26,19479.0
Orange,大橋頭站,2020-08-26,23756.0
Orange,中山國小,2020-08-26,33290.0
Orange,行天宮,2020-08-26,57089.0
Orange,東門,2020-08-26,22762.5
Orange,蘆洲,2020-08-26,28316.0
Orange,三民高中,2020-08-26,23204.0
Orange,徐匯中學,2020-08-26,24705.0
Orange,三和國中,2020-08-26,24255.0
Orange,三重國小,2020-08-26,23211.0
Orange,迴龍,2020-08-26,19701.0
Orange,丹鳳,2020-08-26,19000.0
Orange,古亭,2020-08-27,32317.5
Orange,頂溪,2020-08-27,70246.0
Orange,永安市場,2020-08-27,52353.0
Orange,景安,2020-08-27,51953.0
Orange,南勢角,2020-08-27,39259.0
Orange,民權西路,2020-08-27,17166.0
Orange,忠孝新生,2020-08-27,25019.5
Orange,松江南京,2020-08-27,41353.0
Orange,輔大,2020-08-27,17984.0
Orange,新莊,2020-08-27,20081.0
Orange,頭前庄,2020-08-27,7296.0
Orange,先嗇宮,2020-08-27,10069.0
Orange,三重,2020-08-27,12244.0
Orange,菜寮,2020-08-27,18840.0
Orange,台北橋,2020-08-27,19022.0
Orange,大橋頭站,2020-08-27,23073.0
Orange,中山國小,2020-08-27,32412.0
Orange,行天宮,2020-08-27,55414.0
Orange,東門,2020-08-27,21767.0
Orange,蘆洲,2020-08-27,27705.0
Orange,三民高中,2020-08-27,22213.0
Orange,徐匯中學,2020-08-27,23937.0
Orange,三和國中,2020-08-27,24044.0
Orange,三重國小,2020-08-27,22408.0
Orange,迴龍,2020-08-27,18786.0
Orange,丹鳳,2020-08-27,18732.0
Orange,古亭,2020-08-28,33070.0
Orange,頂溪,2020-08-28,71920.0
Orange,永安市場,2020-08-28,53563.0
Orange,景安,2020-08-28,52840.0
Orange,南勢角,2020-08-28,40960.0
Orange,民權西路,2020-08-28,17339.0
Orange,忠孝新生,2020-08-28,27012.5
Orange,松江南京,2020-08-28,41915.5
Orange,輔大,2020-08-28,17141.0
Orange,新莊,2020-08-28,23270.0
Orange,頭前庄,2020-08-28,7702.5
Orange,先嗇宮,2020-08-28,10502.0
Orange,三重,2020-08-28,13203.0
Orange,菜寮,2020-08-28,19327.0
Orange,台北橋,2020-08-28,20350.0
Orange,大橋頭站,2020-08-28,25799.0
Orange,中山國小,2020-08-28,34686.0
Orange,行天宮,2020-08-28,59521.0
Orange,東門,2020-08-28,23529.5
Orange,蘆洲,2020-08-28,28558.0
Orange,三民高中,2020-08-28,23749.0
Orange,徐匯中學,2020-08-28,24879.0
Orange,三和國中,2020-08-28,24563.0
Orange,三重國小,2020-08-28,23458.0
Orange,迴龍,2020-08-28,18955.0
Orange,丹鳳,2020-08-28,19245.0
Orange,古亭,2020-08-29,25770.5
Orange,頂溪,2020-08-29,58917.0
Orange,永安市場,2020-08-29,41957.0
Orange,景安,2020-08-29,41025.0
Orange,南勢角,2020-08-29,33143.0
Orange,民權西路,2020-08-29,12620.0
Orange,忠孝新生,2020-08-29,23320.0
Orange,松江南京,2020-08-29,18811.0
Orange,輔大,2020-08-29,13795.0
Orange,新莊,2020-08-29,18758.0
Orange,頭前庄,2020-08-29,6468.0
Orange,先嗇宮,2020-08-29,5385.0
Orange,三重,2020-08-29,12886.0
Orange,菜寮,2020-08-29,15579.0
Orange,台北橋,2020-08-29,25747.0
Orange,大橋頭站,2020-08-29,36839.0
Orange,中山國小,2020-08-29,25483.0
Orange,行天宮,2020-08-29,37591.0
Orange,東門,2020-08-29,18979.0
Orange,蘆洲,2020-08-29,21640.0
Orange,三民高中,2020-08-29,18827.0
Orange,徐匯中學,2020-08-29,20019.0
Orange,三和國中,2020-08-29,19369.0
Orange,三重國小,2020-08-29,19396.0
Orange,迴龍,2020-08-29,15240.0
Orange,丹鳳,2020-08-29,15549.0
Orange,古亭,2020-08-30,20191.5
Orange,頂溪,2020-08-30,49530.0
Orange,永安市場,2020-08-30,34385.0
Orange,景安,2020-08-30,33700.0
Orange,南勢角,2020-08-30,27694.0
Orange,民權西路,2020-08-30,11019.5
Orange,忠孝新生,2020-08-30,18723.5
Orange,松江南京,2020-08-30,14054.0
Orange,輔大,2020-08-30,11148.0
Orange,新莊,2020-08-30,14614.0
Orange,頭前庄,2020-08-30,5012.0
Orange,先嗇宮,2020-08-30,3872.0
Orange,三重,2020-08-30,10226.0
Orange,菜寮,2020-08-30,12088.0
Orange,台北橋,2020-08-30,14742.0
Orange,大橋頭站,2020-08-30,18808.0
Orange,中山國小,2020-08-30,20105.0
Orange,行天宮,2020-08-30,28634.0
Orange,東門,2020-08-30,15560.5
Orange,蘆洲,2020-08-30,17520.0
Orange,三民高中,2020-08-30,14566.0
Orange,徐匯中學,2020-08-30,15998.0
Orange,三和國中,2020-08-30,15530.0
Orange,三重國小,2020-08-30,15681.0
Orange,迴龍,2020-08-30,12058.0
Orange,丹鳳,2020-08-30,12355.0
Orange,古亭,2020-08-31,30894.5
Orange,頂溪,2020-08-31,69430.0
Orange,永安市場,2020-08-31,50396.0
Orange,景安,2020-08-31,50183.0
Orange,南勢角,2020-08-31,38471.0
Orange,民權西路,2020-08-31,17899.0
Orange,忠孝新生,2020-08-31,22390.0
Orange,松江南京,2020-08-31,40652.5
Orange,輔大,2020-08-31,16987.0
Orange,新莊,2020-08-31,21168.0
Orange,頭前庄,2020-08-31,7464.0
Orange,先嗇宮,2020-08-31,9954.0
Orange,三重,2020-08-31,12228.0
Orange,菜寮,2020-08-31,19572.0
Orange,台北橋,2020-08-31,18177.0
Orange,大橋頭站,2020-08-31,24322.0
Orange,中山國小,2020-08-31,33333.0
Orange,行天宮,2020-08-31,54011.0
Orange,東門,2020-08-31,21662.5
Orange,蘆洲,2020-08-31,27762.0
Orange,三民高中,2020-08-31,24038.0
Orange,徐匯中學,2020-08-31,24082.0
Orange,三和國中,2020-08-31,24259.0
Orange,三重國小,2020-08-31,22422.0
Orange,迴龍,2020-08-31,19387.0
Orange,丹鳳,2020-08-31,18790.0
Orange,古亭,2020-09-01,32552.5
Orange,頂溪,2020-09-01,70326.0
Orange,永安市場,2020-09-01,51592.0
Orange,景安,2020-09-01,51055.0
Orange,南勢角,2020-09-01,39975.0
Orange,民權西路,2020-09-01,18420.0
Orange,忠孝新生,2020-09-01,23578.0
Orange,松江南京,2020-09-01,42596.0
Orange,輔大,2020-09-01,17594.0
Orange,新莊,2020-09-01,21455.0
Orange,頭前庄,2020-09-01,7459.0
Orange,先嗇宮,2020-09-01,10288.0
Orange,三重,2020-09-01,12275.0
Orange,菜寮,2020-09-01,19981.0
Orange,台北橋,2020-09-01,18652.0
Orange,大橋頭站,2020-09-01,24239.0
Orange,中山國小,2020-09-01,33944.0
Orange,行天宮,2020-09-01,56162.0
Orange,東門,2020-09-01,22795.5
Orange,蘆洲,2020-09-01,27844.0
Orange,三民高中,2020-09-01,24122.0
Orange,徐匯中學,2020-09-01,24377.0
Orange,三和國中,2020-09-01,24453.0
Orange,三重國小,2020-09-01,22953.0
Orange,迴龍,2020-09-01,19659.0
Orange,丹鳳,2020-09-01,19193.0
Orange,古亭,2020-09-02,32702.0
Orange,頂溪,2020-09-02,69247.0
Orange,永安市場,2020-09-02,51073.0
Orange,景安,2020-09-02,50451.0
Orange,南勢角,2020-09-02,39604.0
Orange,民權西路,2020-09-02,17996.0
Orange,忠孝新生,2020-09-02,23153.0
Orange,松江南京,2020-09-02,41621.0
Orange,輔大,2020-09-02,17378.0
Orange,新莊,2020-09-02,21441.0
Orange,頭前庄,2020-09-02,7335.0
Orange,先嗇宮,2020-09-02,10068.0
Orange,三重,2020-09-02,12170.0
Orange,菜寮,2020-09-02,19586.0
Orange,台北橋,2020-09-02,18161.0
Orange,大橋頭站,2020-09-02,23832.0
Orange,中山國小,2020-09-02,33068.0
Orange,行天宮,2020-09-02,55326.0
Orange,東門,2020-09-02,22573.5
Orange,蘆洲,2020-09-02,27763.0
Orange,三民高中,2020-09-02,24080.0
Orange,徐匯中學,2020-09-02,23821.0
Orange,三和國中,2020-09-02,24350.0
Orange,三重國小,2020-09-02,22492.0
Orange,迴龍,2020-09-02,19742.0
Orange,丹鳳,2020-09-02,18937.0
Orange,古亭,2020-09-03,32839.0
Orange,頂溪,2020-09-03,70753.0
Orange,永安市場,2020-09-03,51296.0
Orange,景安,2020-09-03,51236.0
Orange,南勢角,2020-09-03,39513.0
Orange,民權西路,2020-09-03,18420.0
Orange,忠孝新生,2020-09-03,24111.0
Orange,松江南京,2020-09-03,42848.5
Orange,輔大,2020-09-03,17827.0
Orange,新莊,2020-09-03,21291.0
Orange,頭前庄,2020-09-03,7470.5
Orange,先嗇宮,2020-09-03,10325.0
Orange,三重,2020-09-03,12268.0
Orange,菜寮,2020-09-03,20044.0
Orange,台北橋,2020-09-03,18893.0
Orange,大橋頭站,2020-09-03,25058.0
Orange,中山國小,2020-09-03,34004.0
Orange,行天宮,2020-09-03,56288.0
Orange,東門,2020-09-03,22544.5
Orange,蘆洲,2020-09-03,28329.0
Orange,三民高中,2020-09-03,24128.0
Orange,徐匯中學,2020-09-03,24491.0
Orange,三和國中,2020-09-03,24449.0
Orange,三重國小,2020-09-03,22892.0
Orange,迴龍,2020-09-03,19799.0
Orange,丹鳳,2020-09-03,19196.0
Orange,古亭,2020-09-04,33771.5
Orange,頂溪,2020-09-04,74029.0
Orange,永安市場,2020-09-04,53979.0
Orange,景安,2020-09-04,53119.0
Orange,南勢角,2020-09-04,41124.0
Orange,民權西路,2020-09-04,18835.0
Orange,忠孝新生,2020-09-04,25444.0
Orange,松江南京,2020-09-04,43084.5
Orange,輔大,2020-09-04,17586.0
Orange,新莊,2020-09-04,22658.0
Orange,頭前庄,2020-09-04,7891.0
Orange,先嗇宮,2020-09-04,10731.0
Orange,三重,2020-09-04,12988.0
Orange,菜寮,2020-09-04,20479.0
Orange,台北橋,2020-09-04,20004.0
Orange,大橋頭站,2020-09-04,26784.0
Orange,中山國小,2020-09-04,35857.0
Orange,行天宮,2020-09-04,57733.0
Orange,東門,2020-09-04,23900.5
Orange,蘆洲,2020-09-04,29575.0
Orange,三民高中,2020-09-04,25141.0
Orange,徐匯中學,2020-09-04,25414.0
Orange,三和國中,2020-09-04,26031.0
Orange,三重國小,2020-09-04,24352.0
Orange,迴龍,2020-09-04,20734.0
Orange,丹鳳,2020-09-04,20270.0
Orange,古亭,2020-09-05,27065.0
Orange,頂溪,2020-09-05,60130.0
Orange,永安市場,2020-09-05,42084.0
Orange,景安,2020-09-05,40577.0
Orange,南勢角,2020-09-05,33480.0
Orange,民權西路,2020-09-05,11928.5
Orange,忠孝新生,2020-09-05,23129.0
Orange,松江南京,2020-09-05,19347.0
Orange,輔大,2020-09-05,14314.0
Orange,新莊,2020-09-05,16332.0
Orange,頭前庄,2020-09-05,6273.0
Orange,先嗇宮,2020-09-05,4856.0
Orange,三重,2020-09-05,12231.0
Orange,菜寮,2020-09-05,15284.0
Orange,台北橋,2020-09-05,17769.0
Orange,大橋頭站,2020-09-05,22176.0
Orange,中山國小,2020-09-05,25480.0
Orange,行天宮,2020-09-05,38545.0
Orange,東門,2020-09-05,18910.0
Orange,蘆洲,2020-09-05,21835.0
Orange,三民高中,2020-09-05,18630.0
Orange,徐匯中學,2020-09-05,19966.0
Orange,三和國中,2020-09-05,19389.0
Orange,三重國小,2020-09-05,19239.0
Orange,迴龍,2020-09-05,14789.0
Orange,丹鳳,2020-09-05,15333.0
Orange,古亭,2020-09-06,20645.5
Orange,頂溪,2020-09-06,50294.0
Orange,永安市場,2020-09-06,34251.0
Orange,景安,2020-09-06,33490.0
Orange,南勢角,2020-09-06,27898.0
Orange,民權西路,2020-09-06,10980.0
Orange,忠孝新生,2020-09-06,19625.5
Orange,松江南京,2020-09-06,14438.5
Orange,輔大,2020-09-06,12460.0
Orange,新莊,2020-09-06,13295.0
Orange,頭前庄,2020-09-06,5299.5
Orange,先嗇宮,2020-09-06,3882.0
Orange,三重,2020-09-06,10737.0
Orange,菜寮,2020-09-06,11900.0
Orange,台北橋,2020-09-06,14504.0
Orange,大橋頭站,2020-09-06,19301.0
Orange,中山國小,2020-09-06,20221.0
Orange,行天宮,2020-09-06,31302.0
Orange,東門,2020-09-06,15517.0
Orange,蘆洲,2020-09-06,17765.0
Orange,三民高中,2020-09-06,15280.0
Orange,徐匯中學,2020-09-06,16640.0
Orange,三和國中,2020-09-06,16007.0
Orange,三重國小,2020-09-06,16613.0
Orange,迴龍,2020-09-06,13705.0
Orange,丹鳳,2020-09-06,12787.0
Orange,古亭,2020-09-07,32272.0
Orange,頂溪,2020-09-07,69191.0
Orange,永安市場,2020-09-07,50430.0
Orange,景安,2020-09-07,51066.0
Orange,南勢角,2020-09-07,39623.0
Orange,民權西路,2020-09-07,17989.0
Orange,忠孝新生,2020-09-07,23897.5
Orange,松江南京,2020-09-07,40907.0
Orange,輔大,2020-09-07,19184.0
Orange,新莊,2020-09-07,21217.0
Orange,頭前庄,2020-09-07,7683.0
Orange,先嗇宮,2020-09-07,10197.0
Orange,三重,2020-09-07,12452.0
Orange,菜寮,2020-09-07,19924.0
Orange,台北橋,2020-09-07,18198.0
Orange,大橋頭站,2020-09-07,24234.0
Orange,中山國小,2020-09-07,33640.0
Orange,行天宮,2020-09-07,54926.0
Orange,東門,2020-09-07,21394.0
Orange,蘆洲,2020-09-07,28397.0
Orange,三民高中,2020-09-07,24113.0
Orange,徐匯中學,2020-09-07,24066.0
Orange,三和國中,2020-09-07,24477.0
Orange,三重國小,2020-09-07,23053.0
Orange,迴龍,2020-09-07,19998.0
Orange,丹鳳,2020-09-07,19037.0
Orange,古亭,2020-09-08,33337.5
Orange,頂溪,2020-09-08,71300.0
Orange,永安市場,2020-09-08,52181.0
Orange,景安,2020-09-08,51478.0
Orange,南勢角,2020-09-08,40167.0
Orange,民權西路,2020-09-08,18405.5
Orange,忠孝新生,2020-09-08,24562.0
Orange,松江南京,2020-09-08,42149.0
Orange,輔大,2020-09-08,19828.0
Orange,新莊,2020-09-08,22023.0
Orange,頭前庄,2020-09-08,7765.5
Orange,先嗇宮,2020-09-08,10342.0
Orange,三重,2020-09-08,12502.0
Orange,菜寮,2020-09-08,20229.0
Orange,台北橋,2020-09-08,18413.0
Orange,大橋頭站,2020-09-08,25165.0
Orange,中山國小,2020-09-08,34233.0
Orange,行天宮,2020-09-08,55848.0
Orange,東門,2020-09-08,22711.0
Orange,蘆洲,2020-09-08,28894.0
Orange,三民高中,2020-09-08,24563.0
Orange,徐匯中學,2020-09-08,24515.0
Orange,三和國中,2020-09-08,24860.0
Orange,三重國小,2020-09-08,23464.0
Orange,迴龍,2020-09-08,20393.0
Orange,丹鳳,2020-09-08,19462.0
Orange,古亭,2020-09-09,34186.0
Orange,頂溪,2020-09-09,71680.0
Orange,永安市場,2020-09-09,52901.0
Orange,景安,2020-09-09,52666.0
Orange,南勢角,2020-09-09,40793.0
Orange,民權西路,2020-09-09,18473.0
Orange,忠孝新生,2020-09-09,24782.5
Orange,松江南京,2020-09-09,42404.0
Orange,輔大,2020-09-09,19990.0
Orange,新莊,2020-09-09,22352.0
Orange,頭前庄,2020-09-09,7816.5
Orange,先嗇宮,2020-09-09,10433.0
Orange,三重,2020-09-09,12924.0
Orange,菜寮,2020-09-09,20454.0
Orange,台北橋,2020-09-09,18930.0
Orange,大橋頭站,2020-09-09,25208.0
Orange,中山國小,2020-09-09,34416.0
Orange,行天宮,2020-09-09,55598.0
Orange,東門,2020-09-09,22928.5
Orange,蘆洲,2020-09-09,29019.0
Orange,三民高中,2020-09-09,24674.0
Orange,徐匯中學,2020-09-09,24431.0
Orange,三和國中,2020-09-09,24818.0
Orange,三重國小,2020-09-09,23581.0
Orange,迴龍,2020-09-09,20631.0
Orange,丹鳳,2020-09-09,19390.0
Orange,古亭,2020-09-10,34394.0
Orange,頂溪,2020-09-10,72184.0
Orange,永安市場,2020-09-10,53106.0
Orange,景安,2020-09-10,52276.0
Orange,南勢角,2020-09-10,40986.0
Orange,民權西路,2020-09-10,19455.5
Orange,忠孝新生,2020-09-10,24947.0
Orange,松江南京,2020-09-10,43127.0
Orange,輔大,2020-09-10,21184.0
Orange,新莊,2020-09-10,22247.0
Orange,頭前庄,2020-09-10,7962.5
Orange,先嗇宮,2020-09-10,10313.0
Orange,三重,2020-09-10,12955.0
Orange,菜寮,2020-09-10,20568.0
Orange,台北橋,2020-09-10,18838.0
Orange,大橋頭站,2020-09-10,25328.0
Orange,中山國小,2020-09-10,34413.0
Orange,行天宮,2020-09-10,56847.0
Orange,東門,2020-09-10,22975.0
Orange,蘆洲,2020-09-10,29056.0
Orange,三民高中,2020-09-10,24742.0
Orange,徐匯中學,2020-09-10,24907.0
Orange,三和國中,2020-09-10,25245.0
Orange,三重國小,2020-09-10,23294.0
Orange,迴龍,2020-09-10,20646.0
Orange,丹鳳,2020-09-10,19902.0
Orange,古亭,2020-09-11,35362.0
Orange,頂溪,2020-09-11,75023.0
Orange,永安市場,2020-09-11,55109.0
Orange,景安,2020-09-11,54142.0
Orange,南勢角,2020-09-11,42362.0
Orange,民權西路,2020-09-11,19475.0
Orange,忠孝新生,2020-09-11,28221.0
Orange,松江南京,2020-09-11,42992.0
Orange,輔大,2020-09-11,25445.0
Orange,新莊,2020-09-11,24362.0
Orange,頭前庄,2020-09-11,8413.5
Orange,先嗇宮,2020-09-11,10715.0
Orange,三重,2020-09-11,13472.0
Orange,菜寮,2020-09-11,21299.0
Orange,台北橋,2020-09-11,20508.0
Orange,大橋頭站,2020-09-11,27826.0
Orange,中山國小,2020-09-11,36516.0
Orange,行天宮,2020-09-11,58411.0
Orange,東門,2020-09-11,24416.5
Orange,蘆洲,2020-09-11,30258.0
Orange,三民高中,2020-09-11,25801.0
Orange,徐匯中學,2020-09-11,26134.0
Orange,三和國中,2020-09-11,25966.0
Orange,三重國小,2020-09-11,24243.0
Orange,迴龍,2020-09-11,21461.0
Orange,丹鳳,2020-09-11,20513.0
Orange,古亭,2020-09-12,27166.0
Orange,頂溪,2020-09-12,60921.0
Orange,永安市場,2020-09-12,42976.0
Orange,景安,2020-09-12,41418.0
Orange,南勢角,2020-09-12,33589.0
Orange,民權西路,2020-09-12,13061.0
Orange,忠孝新生,2020-09-12,24551.0
Orange,松江南京,2020-09-12,20590.5
Orange,輔大,2020-09-12,18127.0
Orange,新莊,2020-09-12,19521.0
Orange,頭前庄,2020-09-12,6969.5
Orange,先嗇宮,2020-09-12,5251.0
Orange,三重,2020-09-12,12442.0
Orange,菜寮,2020-09-12,15438.0
Orange,台北橋,2020-09-12,18543.0
Orange,大橋頭站,2020-09-12,23204.0
Orange,中山國小,2020-09-12,26444.0
Orange,行天宮,2020-09-12,39372.0
Orange,東門,2020-09-12,19076.5
Orange,蘆洲,2020-09-12,23070.0
Orange,三民高中,2020-09-12,20017.0
Orange,徐匯中學,2020-09-12,20909.0
Orange,三和國中,2020-09-12,19923.0
Orange,三重國小,2020-09-12,20169.0
Orange,迴龍,2020-09-12,15824.0
Orange,丹鳳,2020-09-12,16335.0
Orange,古亭,2020-09-13,20959.5
Orange,頂溪,2020-09-13,51258.0
Orange,永安市場,2020-09-13,35103.0
Orange,景安,2020-09-13,34736.0
Orange,南勢角,2020-09-13,29055.0
Orange,民權西路,2020-09-13,12211.0
Orange,忠孝新生,2020-09-13,20749.5
Orange,松江南京,2020-09-13,14672.5
Orange,輔大,2020-09-13,16171.0
Orange,新莊,2020-09-13,14378.0
Orange,頭前庄,2020-09-13,5519.5
Orange,先嗇宮,2020-09-13,4304.0
Orange,三重,2020-09-13,10590.0
Orange,菜寮,2020-09-13,12539.0
Orange,台北橋,2020-09-13,15257.0
Orange,大橋頭站,2020-09-13,19830.0
Orange,中山國小,2020-09-13,20898.0
Orange,行天宮,2020-09-13,28864.0
Orange,東門,2020-09-13,15901.0
Orange,蘆洲,2020-09-13,18000.0
Orange,三民高中,2020-09-13,15484.0
Orange,徐匯中學,2020-09-13,16774.0
Orange,三和國中,2020-09-13,15523.0
Orange,三重國小,2020-09-13,15766.0
Orange,迴龍,2020-09-13,13286.0
Orange,丹鳳,2020-09-13,13394.0
Orange,古亭,2020-09-14,33497.5
Orange,頂溪,2020-09-14,70463.0
Orange,永安市場,2020-09-14,51137.0
Orange,景安,2020-09-14,51490.0
Orange,南勢角,2020-09-14,41314.0
Orange,民權西路,2020-09-14,18970.0
Orange,忠孝新生,2020-09-14,25677.5
Orange,松江南京,2020-09-14,40197.0
Orange,輔大,2020-09-14,31217.0
Orange,新莊,2020-09-14,22258.0
Orange,頭前庄,2020-09-14,8355.5
Orange,先嗇宮,2020-09-14,10223.0
Orange,三重,2020-09-14,12612.0
Orange,菜寮,2020-09-14,20743.0
Orange,台北橋,2020-09-14,18874.0
Orange,大橋頭站,2020-09-14,24674.0
Orange,中山國小,2020-09-14,33472.0
Orange,行天宮,2020-09-14,54609.0
Orange,東門,2020-09-14,21300.5
Orange,蘆洲,2020-09-14,28880.0
Orange,三民高中,2020-09-14,24602.0
Orange,徐匯中學,2020-09-14,24748.0
Orange,三和國中,2020-09-14,24764.0
Orange,三重國小,2020-09-14,23243.0
Orange,迴龍,2020-09-14,21979.0
Orange,丹鳳,2020-09-14,19730.0
Orange,古亭,2020-09-15,35368.0
Orange,頂溪,2020-09-15,72332.0
Orange,永安市場,2020-09-15,53084.0
Orange,景安,2020-09-15,52660.0
Orange,南勢角,2020-09-15,42061.0
Orange,民權西路,2020-09-15,19808.5
Orange,忠孝新生,2020-09-15,26449.0
Orange,松江南京,2020-09-15,41570.5
Orange,輔大,2020-09-15,31245.0
Orange,新莊,2020-09-15,22676.0
Orange,頭前庄,2020-09-15,8266.0
Orange,先嗇宮,2020-09-15,10405.0
Orange,三重,2020-09-15,12777.0
Orange,菜寮,2020-09-15,20749.0
Orange,台北橋,2020-09-15,19092.0
Orange,大橋頭站,2020-09-15,24725.0
Orange,中山國小,2020-09-15,34562.0
Orange,行天宮,2020-09-15,55754.0
Orange,東門,2020-09-15,22691.5
Orange,蘆洲,2020-09-15,29319.0
Orange,三民高中,2020-09-15,25094.0
Orange,徐匯中學,2020-09-15,24904.0
Orange,三和國中,2020-09-15,25524.0
Orange,三重國小,2020-09-15,23716.0
Orange,迴龍,2020-09-15,22358.0
Orange,丹鳳,2020-09-15,20184.0
Orange,古亭,2020-09-16,35591.5
Orange,頂溪,2020-09-16,72696.0
Orange,永安市場,2020-09-16,52625.0
Orange,景安,2020-09-16,52991.0
Orange,南勢角,2020-09-16,42510.0
Orange,民權西路,2020-09-16,19683.5
Orange,忠孝新生,2020-09-16,26447.5
Orange,松江南京,2020-09-16,42168.0
Orange,輔大,2020-09-16,31672.0
Orange,新莊,2020-09-16,23786.0
Orange,頭前庄,2020-09-16,8431.5
Orange,先嗇宮,2020-09-16,10216.0
Orange,三重,2020-09-16,13192.0
Orange,菜寮,2020-09-16,20932.0
Orange,台北橋,2020-09-16,18995.0
Orange,大橋頭站,2020-09-16,25122.0
Orange,中山國小,2020-09-16,34407.0
Orange,行天宮,2020-09-16,56546.0
Orange,東門,2020-09-16,22873.5
Orange,蘆洲,2020-09-16,29348.0
Orange,三民高中,2020-09-16,25131.0
Orange,徐匯中學,2020-09-16,25269.0
Orange,三和國中,2020-09-16,25595.0
Orange,三重國小,2020-09-16,23827.0
Orange,迴龍,2020-09-16,21926.0
Orange,丹鳳,2020-09-16,20288.0
Orange,古亭,2020-09-17,35425.5
Orange,頂溪,2020-09-17,73535.0
Orange,永安市場,2020-09-17,53641.0
Orange,景安,2020-09-17,52900.0
Orange,南勢角,2020-09-17,42763.0
Orange,民權西路,2020-09-17,19756.0
Orange,忠孝新生,2020-09-17,26413.5
Orange,松江南京,2020-09-17,41724.0
Orange,輔大,2020-09-17,31492.0
Orange,新莊,2020-09-17,23637.0
Orange,頭前庄,2020-09-17,8146.5
Orange,先嗇宮,2020-09-17,10528.0
Orange,三重,2020-09-17,13267.0
Orange,菜寮,2020-09-17,21415.0
Orange,台北橋,2020-09-17,19098.0
Orange,大橋頭站,2020-09-17,25431.0
Orange,中山國小,2020-09-17,34665.0
Orange,行天宮,2020-09-17,60753.0
Orange,東門,2020-09-17,22988.0
Orange,蘆洲,2020-09-17,29702.0
Orange,三民高中,2020-09-17,25210.0
Orange,徐匯中學,2020-09-17,25244.0
Orange,三和國中,2020-09-17,25722.0
Orange,三重國小,2020-09-17,24178.0
Orange,迴龍,2020-09-17,23848.0
Orange,丹鳳,2020-09-17,20455.0
Orange,古亭,2020-09-18,36188.5
Orange,頂溪,2020-09-18,76138.0
Orange,永安市場,2020-09-18,55660.0
Orange,景安,2020-09-18,55290.0
Orange,南勢角,2020-09-18,43929.0
Orange,民權西路,2020-09-18,19711.5
Orange,忠孝新生,2020-09-18,28400.0
Orange,松江南京,2020-09-18,42151.0
Orange,輔大,2020-09-18,32634.0
Orange,新莊,2020-09-18,24931.0
Orange,頭前庄,2020-09-18,8416.5
Orange,先嗇宮,2020-09-18,10641.0
Orange,三重,2020-09-18,14224.0
Orange,菜寮,2020-09-18,21770.0
Orange,台北橋,2020-09-18,20339.0
Orange,大橋頭站,2020-09-18,28761.0
Orange,中山國小,2020-09-18,35931.0
Orange,行天宮,2020-09-18,60788.0
Orange,東門,2020-09-18,24256.5
Orange,蘆洲,2020-09-18,30756.0
Orange,三民高中,2020-09-18,26530.0
Orange,徐匯中學,2020-09-18,26842.0
Orange,三和國中,2020-09-18,26701.0
Orange,三重國小,2020-09-18,25006.0
Orange,迴龍,2020-09-18,24970.0
Orange,丹鳳,2020-09-18,21394.0
Orange,古亭,2020-09-19,27622.0
Orange,頂溪,2020-09-19,63544.0
Orange,永安市場,2020-09-19,44830.0
Orange,景安,2020-09-19,42986.0
Orange,南勢角,2020-09-19,35655.0
Orange,民權西路,2020-09-19,13301.0
Orange,忠孝新生,2020-09-19,24670.0
Orange,松江南京,2020-09-19,20517.5
Orange,輔大,2020-09-19,19822.0
Orange,新莊,2020-09-19,20952.0
Orange,頭前庄,2020-09-19,7157.0
Orange,先嗇宮,2020-09-19,5218.0
Orange,三重,2020-09-19,16243.0
Orange,菜寮,2020-09-19,16818.0
Orange,台北橋,2020-09-19,18883.0
Orange,大橋頭站,2020-09-19,24075.0
Orange,中山國小,2020-09-19,26999.0
Orange,行天宮,2020-09-19,42615.0
Orange,東門,2020-09-19,20116.0
Orange,蘆洲,2020-09-19,25267.0
Orange,三民高中,2020-09-19,20578.0
Orange,徐匯中學,2020-09-19,21794.0
Orange,三和國中,2020-09-19,20369.0
Orange,三重國小,2020-09-19,20440.0
Orange,迴龍,2020-09-19,17020.0
Orange,丹鳳,2020-09-19,16930.0
Orange,古亭,2020-09-20,21713.0
Orange,頂溪,2020-09-20,51221.0
Orange,永安市場,2020-09-20,35083.0
Orange,景安,2020-09-20,34035.0
Orange,南勢角,2020-09-20,29006.0
Orange,民權西路,2020-09-20,12218.0
Orange,忠孝新生,2020-09-20,19177.5
Orange,松江南京,2020-09-20,14463.0
Orange,輔大,2020-09-20,15385.0
Orange,新莊,2020-09-20,15366.0
Orange,頭前庄,2020-09-20,5511.0
Orange,先嗇宮,2020-09-20,4034.0
Orange,三重,2020-09-20,13356.0
Orange,菜寮,2020-09-20,12917.0
Orange,台北橋,2020-09-20,14970.0
Orange,大橋頭站,2020-09-20,19412.0
Orange,中山國小,2020-09-20,21408.0
Orange,行天宮,2020-09-20,35196.0
Orange,東門,2020-09-20,15423.0
Orange,蘆洲,2020-09-20,18530.0
Orange,三民高中,2020-09-20,15532.0
Orange,徐匯中學,2020-09-20,16636.0
Orange,三和國中,2020-09-20,15882.0
Orange,三重國小,2020-09-20,16261.0
Orange,迴龍,2020-09-20,13309.0
Orange,丹鳳,2020-09-20,13034.0
Orange,古亭,2020-09-21,33595.5
Orange,頂溪,2020-09-21,70236.0
Orange,永安市場,2020-09-21,51097.0
Orange,景安,2020-09-21,51836.0
Orange,南勢角,2020-09-21,41470.0
Orange,民權西路,2020-09-21,18792.0
Orange,忠孝新生,2020-09-21,25301.0
Orange,松江南京,2020-09-21,40073.5
Orange,輔大,2020-09-21,31002.0
Orange,新莊,2020-09-21,22109.0
Orange,頭前庄,2020-09-21,7642.0
Orange,先嗇宮,2020-09-21,10199.0
Orange,三重,2020-09-21,12776.0
Orange,菜寮,2020-09-21,20402.0
Orange,台北橋,2020-09-21,18473.0
Orange,大橋頭站,2020-09-21,24703.0
Orange,中山國小,2020-09-21,33190.0
Orange,行天宮,2020-09-21,57760.0
Orange,東門,2020-09-21,20920.0
Orange,蘆洲,2020-09-21,28704.0
Orange,三民高中,2020-09-21,24696.0
Orange,徐匯中學,2020-09-21,24487.0
Orange,三和國中,2020-09-21,24886.0
Orange,三重國小,2020-09-21,23525.0
Orange,迴龍,2020-09-21,22839.0
Orange,丹鳳,2020-09-21,19774.0
Orange,古亭,2020-09-22,35202.0
Orange,頂溪,2020-09-22,72648.0
Orange,永安市場,2020-09-22,52968.0
Orange,景安,2020-09-22,53210.0
Orange,南勢角,2020-09-22,42591.0
Orange,民權西路,2020-09-22,19318.0
Orange,忠孝新生,2020-09-22,26271.0
Orange,松江南京,2020-09-22,41486.5
Orange,輔大,2020-09-22,31064.0
Orange,新莊,2020-09-22,22845.0
Orange,頭前庄,2020-09-22,8014.0
Orange,先嗇宮,2020-09-22,10375.0
Orange,三重,2020-09-22,13245.0
Orange,菜寮,2020-09-22,21124.0
Orange,台北橋,2020-09-22,18807.0
Orange,大橋頭站,2020-09-22,25286.0
Orange,中山國小,2020-09-22,34297.0
Orange,行天宮,2020-09-22,57391.0
Orange,東門,2020-09-22,22613.5
Orange,蘆洲,2020-09-22,29331.0
Orange,三民高中,2020-09-22,25306.0
Orange,徐匯中學,2020-09-22,25259.0
Orange,三和國中,2020-09-22,25556.0
Orange,三重國小,2020-09-22,23825.0
Orange,迴龍,2020-09-22,23707.0
Orange,丹鳳,2020-09-22,20055.0
Orange,古亭,2020-09-23,35460.0
Orange,頂溪,2020-09-23,73557.0
Orange,永安市場,2020-09-23,53819.0
Orange,景安,2020-09-23,53620.0
Orange,南勢角,2020-09-23,43164.0
Orange,民權西路,2020-09-23,19533.5
Orange,忠孝新生,2020-09-23,26708.5
Orange,松江南京,2020-09-23,42434.0
Orange,輔大,2020-09-23,31030.0
Orange,新莊,2020-09-23,23173.0
Orange,頭前庄,2020-09-23,8171.0
Orange,先嗇宮,2020-09-23,10505.0
Orange,三重,2020-09-23,13600.0
Orange,菜寮,2020-09-23,21321.0
Orange,台北橋,2020-09-23,19010.0
Orange,大橋頭站,2020-09-23,26032.0
Orange,中山國小,2020-09-23,34451.0
Orange,行天宮,2020-09-23,58164.0
Orange,東門,2020-09-23,23053.5
Orange,蘆洲,2020-09-23,29531.0
Orange,三民高中,2020-09-23,25232.0
Orange,徐匯中學,2020-09-23,25557.0
Orange,三和國中,2020-09-23,25831.0
Orange,三重國小,2020-09-23,24163.0
Orange,迴龍,2020-09-23,23728.0
Orange,丹鳳,2020-09-23,20233.0
Orange,古亭,2020-09-24,36069.0
Orange,頂溪,2020-09-24,74206.0
Orange,永安市場,2020-09-24,54411.0
Orange,景安,2020-09-24,54333.0
Orange,南勢角,2020-09-24,42760.0
Orange,民權西路,2020-09-24,19333.5
Orange,忠孝新生,2020-09-24,27155.0
Orange,松江南京,2020-09-24,43562.5
Orange,輔大,2020-09-24,31711.0
Orange,新莊,2020-09-24,23025.0
Orange,頭前庄,2020-09-24,8008.5
Orange,先嗇宮,2020-09-24,10490.0
Orange,三重,2020-09-24,13319.0
Orange,菜寮,2020-09-24,21399.0
Orange,台北橋,2020-09-24,19224.0
Orange,大橋頭站,2020-09-24,26382.0
Orange,中山國小,2020-09-24,35363.0
Orange,行天宮,2020-09-24,58676.0
Orange,東門,2020-09-24,23251.5
Orange,蘆洲,2020-09-24,29697.0
Orange,三民高中,2020-09-24,25179.0
Orange,徐匯中學,2020-09-24,25656.0
Orange,三和國中,2020-09-24,26452.0
Orange,三重國小,2020-09-24,24348.0
Orange,迴龍,2020-09-24,23593.0
Orange,丹鳳,2020-09-24,20464.0
Orange,古亭,2020-09-25,36771.5
Orange,頂溪,2020-09-25,76540.0
Orange,永安市場,2020-09-25,56474.0
Orange,景安,2020-09-25,56204.0
Orange,南勢角,2020-09-25,43713.0
Orange,民權西路,2020-09-25,20025.5
Orange,忠孝新生,2020-09-25,28849.0
Orange,松江南京,2020-09-25,44034.5
Orange,輔大,2020-09-25,32841.0
Orange,新莊,2020-09-25,23597.0
Orange,頭前庄,2020-09-25,8455.5
Orange,先嗇宮,2020-09-25,10810.0
Orange,三重,2020-09-25,14372.0
Orange,菜寮,2020-09-25,21993.0
Orange,台北橋,2020-09-25,20529.0
Orange,大橋頭站,2020-09-25,28540.0
Orange,中山國小,2020-09-25,37008.0
Orange,行天宮,2020-09-25,60137.0
Orange,東門,2020-09-25,24777.0
Orange,蘆洲,2020-09-25,30541.0
Orange,三民高中,2020-09-25,25852.0
Orange,徐匯中學,2020-09-25,26985.0
Orange,三和國中,2020-09-25,26567.0
Orange,三重國小,2020-09-25,25120.0
Orange,迴龍,2020-09-25,24463.0
Orange,丹鳳,2020-09-25,21297.0
Orange,古亭,2020-09-26,30051.0
Orange,頂溪,2020-09-26,71914.0
Orange,永安市場,2020-09-26,51237.0
Orange,景安,2020-09-26,49824.0
Orange,南勢角,2020-09-26,39275.0
Orange,民權西路,2020-09-26,17928.5
Orange,忠孝新生,2020-09-26,25408.0
Orange,松江南京,2020-09-26,36781.0
Orange,輔大,2020-09-26,20305.0
Orange,新莊,2020-09-26,22280.0
Orange,頭前庄,2020-09-26,8050.5
Orange,先嗇宮,2020-09-26,8519.0
Orange,三重,2020-09-26,13825.0
Orange,菜寮,2020-09-26,20047.0
Orange,台北橋,2020-09-26,20029.0
Orange,大橋頭站,2020-09-26,27521.0
Orange,中山國小,2020-09-26,33226.0
Orange,行天宮,2020-09-26,53804.0
Orange,東門,2020-09-26,23346.0
Orange,蘆洲,2020-09-26,28305.0
Orange,三民高中,2020-09-26,24476.0
Orange,徐匯中學,2020-09-26,25142.0
Orange,三和國中,2020-09-26,25338.0
Orange,三重國小,2020-09-26,24035.0
Orange,迴龍,2020-09-26,21527.0
Orange,丹鳳,2020-09-26,19766.0
Orange,古亭,2020-09-27,21411.0
Orange,頂溪,2020-09-27,50963.0
Orange,永安市場,2020-09-27,34968.0
Orange,景安,2020-09-27,34815.0
Orange,南勢角,2020-09-27,27478.0
Orange,民權西路,2020-09-27,11317.0
Orange,忠孝新生,2020-09-27,17945.5
Orange,松江南京,2020-09-27,16249.5
Orange,輔大,2020-09-27,13702.0
Orange,新莊,2020-09-27,12536.0
Orange,頭前庄,2020-09-27,5021.0
Orange,先嗇宮,2020-09-27,4017.0
Orange,三重,2020-09-27,9756.0
Orange,菜寮,2020-09-27,12678.0
Orange,台北橋,2020-09-27,14575.0
Orange,大橋頭站,2020-09-27,18869.0
Orange,中山國小,2020-09-27,22068.0
Orange,行天宮,2020-09-27,31491.0
Orange,東門,2020-09-27,15428.0
Orange,蘆洲,2020-09-27,17363.0
Orange,三民高中,2020-09-27,14234.0
Orange,徐匯中學,2020-09-27,17551.0
Orange,三和國中,2020-09-27,16457.0
Orange,三重國小,2020-09-27,16833.0
Orange,迴龍,2020-09-27,12412.0
Orange,丹鳳,2020-09-27,12367.0
Orange,古亭,2020-09-28,35479.0
Orange,頂溪,2020-09-28,74504.0
Orange,永安市場,2020-09-28,53345.0
Orange,景安,2020-09-28,54066.0
Orange,南勢角,2020-09-28,42196.0
Orange,民權西路,2020-09-28,18639.5
Orange,忠孝新生,2020-09-28,26750.0
Orange,松江南京,2020-09-28,44029.5
Orange,輔大,2020-09-28,20706.0
Orange,新莊,2020-09-28,22476.0
Orange,頭前庄,2020-09-28,7766.0
Orange,先嗇宮,2020-09-28,10781.0
Orange,三重,2020-09-28,13182.0
Orange,菜寮,2020-09-28,21806.0
Orange,台北橋,2020-09-28,19880.0
Orange,大橋頭站,2020-09-28,25955.0
Orange,中山國小,2020-09-28,35874.0
Orange,行天宮,2020-09-28,58592.0
Orange,東門,2020-09-28,22645.0
Orange,蘆洲,2020-09-28,29686.0
Orange,三民高中,2020-09-28,24847.0
Orange,徐匯中學,2020-09-28,25970.0
Orange,三和國中,2020-09-28,26301.0
Orange,三重國小,2020-09-28,25124.0
Orange,迴龍,2020-09-28,23211.0
Orange,丹鳳,2020-09-28,20327.0
Orange,古亭,2020-09-29,36416.0
Orange,頂溪,2020-09-29,75553.0
Orange,永安市場,2020-09-29,55381.0
Orange,景安,2020-09-29,55097.0
Orange,南勢角,2020-09-29,43397.0
Orange,民權西路,2020-09-29,20166.5
Orange,忠孝新生,2020-09-29,26526.0
Orange,松江南京,2020-09-29,43426.0
Orange,輔大,2020-09-29,32011.0
Orange,新莊,2020-09-29,23579.0
Orange,頭前庄,2020-09-29,8274.5
Orange,先嗇宮,2020-09-29,10891.0
Orange,三重,2020-09-29,13414.0
Orange,菜寮,2020-09-29,21960.0
Orange,台北橋,2020-09-29,19851.0
Orange,大橋頭站,2020-09-29,26521.0
Orange,中山國小,2020-09-29,35483.0
Orange,行天宮,2020-09-29,58342.0
Orange,東門,2020-09-29,23945.0
Orange,蘆洲,2020-09-29,29674.0
Orange,三民高中,2020-09-29,25730.0
Orange,徐匯中學,2020-09-29,26209.0
Orange,三和國中,2020-09-29,25990.0
Orange,三重國小,2020-09-29,24777.0
Orange,迴龍,2020-09-29,24205.0
Orange,丹鳳,2020-09-29,20589.0
Orange,古亭,2020-09-30,36848.5
Orange,頂溪,2020-09-30,77662.0
Orange,永安市場,2020-09-30,56277.0
Orange,景安,2020-09-30,56826.0
Orange,南勢角,2020-09-30,44898.0
Orange,民權西路,2020-09-30,20089.5
Orange,忠孝新生,2020-09-30,27199.0
Orange,松江南京,2020-09-30,43725.0
Orange,輔大,2020-09-30,34005.0
Orange,新莊,2020-09-30,24905.0
Orange,頭前庄,2020-09-30,8793.5
Orange,先嗇宮,2020-09-30,11191.0
Orange,三重,2020-09-30,14343.0
Orange,菜寮,2020-09-30,22583.0
Orange,台北橋,2020-09-30,21244.0
Orange,大橋頭站,2020-09-30,28838.0
Orange,中山國小,2020-09-30,36965.0
Orange,行天宮,2020-09-30,59630.0
Orange,東門,2020-09-30,23895.0
Orange,蘆洲,2020-09-30,31290.0
Orange,三民高中,2020-09-30,26806.0
Orange,徐匯中學,2020-09-30,27379.0
Orange,三和國中,2020-09-30,27259.0
Orange,三重國小,2020-09-30,26196.0
Orange,迴龍,2020-09-30,25707.0
Orange,丹鳳,2020-09-30,22141.0
Orange,古亭,2020-10-01,16480.0
Orange,頂溪,2020-10-01,48550.0
Orange,永安市場,2020-10-01,33824.0
Orange,景安,2020-10-01,33868.0
Orange,南勢角,2020-10-01,28359.0
Orange,民權西路,2020-10-01,8044.5
Orange,忠孝新生,2020-10-01,14276.5
Orange,松江南京,2020-10-01,13149.0
Orange,輔大,2020-10-01,11400.0
Orange,新莊,2020-10-01,13561.0
Orange,頭前庄,2020-10-01,4649.0
Orange,先嗇宮,2020-10-01,3871.0
Orange,三重,2020-10-01,10877.0
Orange,菜寮,2020-10-01,11837.0
Orange,台北橋,2020-10-01,14012.0
Orange,大橋頭站,2020-10-01,18556.0
Orange,中山國小,2020-10-01,19328.0
Orange,行天宮,2020-10-01,28377.0
Orange,東門,2020-10-01,13017.5
Orange,蘆洲,2020-10-01,18176.0
Orange,三民高中,2020-10-01,15355.0
Orange,徐匯中學,2020-10-01,16418.0
Orange,三和國中,2020-10-01,15902.0
Orange,三重國小,2020-10-01,16871.0
Orange,迴龍,2020-10-01,12933.0
Orange,丹鳳,2020-10-01,12210.0
Orange,古亭,2020-10-02,17486.0
Orange,頂溪,2020-10-02,51311.0
Orange,永安市場,2020-10-02,35704.0
Orange,景安,2020-10-02,35625.0
Orange,南勢角,2020-10-02,29939.0
Orange,民權西路,2020-10-02,8931.5
Orange,忠孝新生,2020-10-02,15846.5
Orange,松江南京,2020-10-02,13917.5
Orange,輔大,2020-10-02,11293.0
Orange,新莊,2020-10-02,16131.0
Orange,頭前庄,2020-10-02,5341.0
Orange,先嗇宮,2020-10-02,3971.0
Orange,三重,2020-10-02,11942.0
Orange,菜寮,2020-10-02,12330.0
Orange,台北橋,2020-10-02,15370.0
Orange,大橋頭站,2020-10-02,19289.0
Orange,中山國小,2020-10-02,20078.0
Orange,行天宮,2020-10-02,29676.0
Orange,東門,2020-10-02,13257.5
Orange,蘆洲,2020-10-02,19648.0
Orange,三民高中,2020-10-02,16883.0
Orange,徐匯中學,2020-10-02,18004.0
Orange,三和國中,2020-10-02,16999.0
Orange,三重國小,2020-10-02,16697.0
Orange,迴龍,2020-10-02,13617.0
Orange,丹鳳,2020-10-02,13291.0
Orange,古亭,2020-10-03,19364.0
Orange,頂溪,2020-10-03,53305.0
Orange,永安市場,2020-10-03,37069.0
Orange,景安,2020-10-03,36291.0
Orange,南勢角,2020-10-03,30951.0
Orange,民權西路,2020-10-03,9685.5
Orange,忠孝新生,2020-10-03,16938.0
Orange,松江南京,2020-10-03,14301.5
Orange,輔大,2020-10-03,12227.0
Orange,新莊,2020-10-03,16537.0
Orange,頭前庄,2020-10-03,5386.5
Orange,先嗇宮,2020-10-03,3985.0
Orange,三重,2020-10-03,12223.0
Orange,菜寮,2020-10-03,12587.0
Orange,台北橋,2020-10-03,15828.0
Orange,大橋頭站,2020-10-03,20117.0
Orange,中山國小,2020-10-03,21662.0
Orange,行天宮,2020-10-03,30089.0
Orange,東門,2020-10-03,14440.5
Orange,蘆洲,2020-10-03,20485.0
Orange,三民高中,2020-10-03,17458.0
Orange,徐匯中學,2020-10-03,17995.0
Orange,三和國中,2020-10-03,17380.0
Orange,三重國小,2020-10-03,18100.0
Orange,迴龍,2020-10-03,13957.0
Orange,丹鳳,2020-10-03,13890.0
Orange,古亭,2020-10-04,17934.5
Orange,頂溪,2020-10-04,48334.0
Orange,永安市場,2020-10-04,34212.0
Orange,景安,2020-10-04,32942.0
Orange,南勢角,2020-10-04,28319.0
Orange,民權西路,2020-10-04,10045.5
Orange,忠孝新生,2020-10-04,15230.0
Orange,松江南京,2020-10-04,12902.5
Orange,輔大,2020-10-04,14525.0
Orange,新莊,2020-10-04,13813.0
Orange,頭前庄,2020-10-04,5320.5
Orange,先嗇宮,2020-10-04,3879.0
Orange,三重,2020-10-04,16366.0
Orange,菜寮,2020-10-04,11641.0
Orange,台北橋,2020-10-04,13949.0
Orange,大橋頭站,2020-10-04,18844.0
Orange,中山國小,2020-10-04,19462.0
Orange,行天宮,2020-10-04,28860.0
Orange,東門,2020-10-04,13817.5
Orange,蘆洲,2020-10-04,17533.0
Orange,三民高中,2020-10-04,14513.0
Orange,徐匯中學,2020-10-04,16275.0
Orange,三和國中,2020-10-04,15232.0
Orange,三重國小,2020-10-04,16331.0
Orange,迴龍,2020-10-04,12441.0
Orange,丹鳳,2020-10-04,12552.0
Orange,古亭,2020-10-05,34023.5
Orange,頂溪,2020-10-05,72332.0
Orange,永安市場,2020-10-05,51902.0
Orange,景安,2020-10-05,52762.0
Orange,南勢角,2020-10-05,41756.0
Orange,民權西路,2020-10-05,19190.5
Orange,忠孝新生,2020-10-05,25627.0
Orange,松江南京,2020-10-05,40915.0
Orange,輔大,2020-10-05,31270.0
Orange,新莊,2020-10-05,21984.0
Orange,頭前庄,2020-10-05,7698.0
Orange,先嗇宮,2020-10-05,10313.0
Orange,三重,2020-10-05,12905.0
Orange,菜寮,2020-10-05,21128.0
Orange,台北橋,2020-10-05,18756.0
Orange,大橋頭站,2020-10-05,24933.0
Orange,中山國小,2020-10-05,33834.0
Orange,行天宮,2020-10-05,55974.0
Orange,東門,2020-10-05,21557.5
Orange,蘆洲,2020-10-05,28834.0
Orange,三民高中,2020-10-05,24870.0
Orange,徐匯中學,2020-10-05,25215.0
Orange,三和國中,2020-10-05,25282.0
Orange,三重國小,2020-10-05,23590.0
Orange,迴龍,2020-10-05,23220.0
Orange,丹鳳,2020-10-05,19913.0
Orange,古亭,2020-10-06,35388.5
Orange,頂溪,2020-10-06,73274.0
Orange,永安市場,2020-10-06,54054.0
Orange,景安,2020-10-06,53673.0
Orange,南勢角,2020-10-06,42798.0
Orange,民權西路,2020-10-06,20144.5
Orange,忠孝新生,2020-10-06,27718.5
Orange,松江南京,2020-10-06,42101.5
Orange,輔大,2020-10-06,30930.0
Orange,新莊,2020-10-06,23457.0
Orange,頭前庄,2020-10-06,7935.0
Orange,先嗇宮,2020-10-06,10486.0
Orange,三重,2020-10-06,13125.0
Orange,菜寮,2020-10-06,21197.0
Orange,台北橋,2020-10-06,18914.0
Orange,大橋頭站,2020-10-06,25163.0
Orange,中山國小,2020-10-06,34892.0
Orange,行天宮,2020-10-06,57124.0
Orange,東門,2020-10-06,22796.5
Orange,蘆洲,2020-10-06,29403.0
Orange,三民高中,2020-10-06,25418.0
Orange,徐匯中學,2020-10-06,25407.0
Orange,三和國中,2020-10-06,25635.0
Orange,三重國小,2020-10-06,24105.0
Orange,迴龍,2020-10-06,23723.0
Orange,丹鳳,2020-10-06,20113.0
Orange,古亭,2020-10-07,35902.0
Orange,頂溪,2020-10-07,73664.0
Orange,永安市場,2020-10-07,53897.0
Orange,景安,2020-10-07,53856.0
Orange,南勢角,2020-10-07,43735.0
Orange,民權西路,2020-10-07,20054.0
Orange,忠孝新生,2020-10-07,26605.5
Orange,松江南京,2020-10-07,42399.0
Orange,輔大,2020-10-07,31414.0
Orange,新莊,2020-10-07,24483.0
Orange,頭前庄,2020-10-07,8223.5
Orange,先嗇宮,2020-10-07,10688.0
Orange,三重,2020-10-07,13355.0
Orange,菜寮,2020-10-07,21459.0
Orange,台北橋,2020-10-07,19165.0
Orange,大橋頭站,2020-10-07,25834.0
Orange,中山國小,2020-10-07,35384.0
Orange,行天宮,2020-10-07,58627.0
Orange,東門,2020-10-07,23141.5
Orange,蘆洲,2020-10-07,30034.0
Orange,三民高中,2020-10-07,25558.0
Orange,徐匯中學,2020-10-07,25521.0
Orange,三和國中,2020-10-07,25757.0
Orange,三重國小,2020-10-07,24296.0
Orange,迴龍,2020-10-07,23806.0
Orange,丹鳳,2020-10-07,20358.0
Orange,古亭,2020-10-08,36574.5
Orange,頂溪,2020-10-08,77055.0
Orange,永安市場,2020-10-08,56455.0
Orange,景安,2020-10-08,56283.0
Orange,南勢角,2020-10-08,44508.0
Orange,民權西路,2020-10-08,20560.0
Orange,忠孝新生,2020-10-08,27345.0
Orange,松江南京,2020-10-08,42951.0
Orange,輔大,2020-10-08,33195.0
Orange,新莊,2020-10-08,24784.0
Orange,頭前庄,2020-10-08,8714.5
Orange,先嗇宮,2020-10-08,10708.0
Orange,三重,2020-10-08,14133.0
Orange,菜寮,2020-10-08,22150.0
Orange,台北橋,2020-10-08,20115.0
Orange,大橋頭站,2020-10-08,27846.0
Orange,中山國小,2020-10-08,36222.0
Orange,行天宮,2020-10-08,59106.0
Orange,東門,2020-10-08,23865.5
Orange,蘆洲,2020-10-08,30882.0
Orange,三民高中,2020-10-08,26591.0
Orange,徐匯中學,2020-10-08,26867.0
Orange,三和國中,2020-10-08,26765.0
Orange,三重國小,2020-10-08,25360.0
Orange,迴龍,2020-10-08,24962.0
Orange,丹鳳,2020-10-08,21774.0
Orange,古亭,2020-10-09,22012.0
Orange,頂溪,2020-10-09,58561.0
Orange,永安市場,2020-10-09,40447.0
Orange,景安,2020-10-09,39819.0
Orange,南勢角,2020-10-09,32584.0
Orange,民權西路,2020-10-09,11161.5
Orange,忠孝新生,2020-10-09,22062.0
Orange,松江南京,2020-10-09,17550.5
Orange,輔大,2020-10-09,15162.0
Orange,新莊,2020-10-09,15580.0
Orange,頭前庄,2020-10-09,5947.5
Orange,先嗇宮,2020-10-09,4349.0
Orange,三重,2020-10-09,11378.0
Orange,菜寮,2020-10-09,14518.0
Orange,台北橋,2020-10-09,18409.0
Orange,大橋頭站,2020-10-09,21416.0
Orange,中山國小,2020-10-09,25149.0
Orange,行天宮,2020-10-09,35079.0
Orange,東門,2020-10-09,16352.5
Orange,蘆洲,2020-10-09,21356.0
Orange,三民高中,2020-10-09,17090.0
Orange,徐匯中學,2020-10-09,19196.0
Orange,三和國中,2020-10-09,18520.0
Orange,三重國小,2020-10-09,18726.0
Orange,迴龍,2020-10-09,14546.0
Orange,丹鳳,2020-10-09,14677.0
Orange,古亭,2020-10-10,20291.5
Orange,頂溪,2020-10-10,57607.0
Orange,永安市場,2020-10-10,39256.0
Orange,景安,2020-10-10,37455.0
Orange,南勢角,2020-10-10,32318.0
Orange,民權西路,2020-10-10,10803.0
Orange,忠孝新生,2020-10-10,21518.5
Orange,松江南京,2020-10-10,16168.0
Orange,輔大,2020-10-10,14035.0
Orange,新莊,2020-10-10,15650.0
Orange,頭前庄,2020-10-10,6241.5
Orange,先嗇宮,2020-10-10,6236.0
Orange,三重,2020-10-10,12759.0
Orange,菜寮,2020-10-10,13637.0
Orange,台北橋,2020-10-10,18270.0
Orange,大橋頭站,2020-10-10,21427.0
Orange,中山國小,2020-10-10,22860.0
Orange,行天宮,2020-10-10,32618.0
Orange,東門,2020-10-10,16640.0
Orange,蘆洲,2020-10-10,20187.0
Orange,三民高中,2020-10-10,17358.0
Orange,徐匯中學,2020-10-10,18918.0
Orange,三和國中,2020-10-10,17846.0
Orange,三重國小,2020-10-10,19096.0
Orange,迴龍,2020-10-10,14754.0
Orange,丹鳳,2020-10-10,14596.0
Orange,古亭,2020-10-11,18980.0
Orange,頂溪,2020-10-11,49613.0
Orange,永安市場,2020-10-11,33847.0
Orange,景安,2020-10-11,32635.0
Orange,南勢角,2020-10-11,28108.0
Orange,民權西路,2020-10-11,10932.5
Orange,忠孝新生,2020-10-11,17819.0
Orange,松江南京,2020-10-11,13601.0
Orange,輔大,2020-10-11,14097.0
Orange,新莊,2020-10-11,13472.0
Orange,頭前庄,2020-10-11,4892.5
Orange,先嗇宮,2020-10-11,4654.0
Orange,三重,2020-10-11,10873.0
Orange,菜寮,2020-10-11,11878.0
Orange,台北橋,2020-10-11,14564.0
Orange,大橋頭站,2020-10-11,19156.0
Orange,中山國小,2020-10-11,20318.0
Orange,行天宮,2020-10-11,29152.0
Orange,東門,2020-10-11,14323.5
Orange,蘆洲,2020-10-11,17520.0
Orange,三民高中,2020-10-11,14902.0
Orange,徐匯中學,2020-10-11,15702.0
Orange,三和國中,2020-10-11,15500.0
Orange,三重國小,2020-10-11,16009.0
Orange,迴龍,2020-10-11,12885.0
Orange,丹鳳,2020-10-11,12965.0
Orange,古亭,2020-10-12,33587.5
Orange,頂溪,2020-10-12,71184.0
Orange,永安市場,2020-10-12,51975.0
Orange,景安,2020-10-12,52572.0
Orange,南勢角,2020-10-12,41042.0
Orange,民權西路,2020-10-12,19146.0
Orange,忠孝新生,2020-10-12,25625.5
Orange,松江南京,2020-10-12,40559.5
Orange,輔大,2020-10-12,30243.0
Orange,新莊,2020-10-12,22360.0
Orange,頭前庄,2020-10-12,7921.0
Orange,先嗇宮,2020-10-12,10175.0
Orange,三重,2020-10-12,12814.0
Orange,菜寮,2020-10-12,20697.0
Orange,台北橋,2020-10-12,18790.0
Orange,大橋頭站,2020-10-12,25206.0
Orange,中山國小,2020-10-12,34251.0
Orange,行天宮,2020-10-12,55803.0
Orange,東門,2020-10-12,20638.5
Orange,蘆洲,2020-10-12,28988.0
Orange,三民高中,2020-10-12,24567.0
Orange,徐匯中學,2020-10-12,24696.0
Orange,三和國中,2020-10-12,25249.0
Orange,三重國小,2020-10-12,23535.0
Orange,迴龍,2020-10-12,23242.0
Orange,丹鳳,2020-10-12,19904.0
Orange,古亭,2020-10-13,35538.0
Orange,頂溪,2020-10-13,74335.0
Orange,永安市場,2020-10-13,54649.0
Orange,景安,2020-10-13,55113.0
Orange,南勢角,2020-10-13,42945.0
Orange,民權西路,2020-10-13,19974.5
Orange,忠孝新生,2020-10-13,27055.0
Orange,松江南京,2020-10-13,43106.0
Orange,輔大,2020-10-13,31461.0
Orange,新莊,2020-10-13,23972.0
Orange,頭前庄,2020-10-13,8097.0
Orange,先嗇宮,2020-10-13,10605.0
Orange,三重,2020-10-13,13112.0
Orange,菜寮,2020-10-13,21570.0
Orange,台北橋,2020-10-13,19557.0
Orange,大橋頭站,2020-10-13,25909.0
Orange,中山國小,2020-10-13,35554.0
Orange,行天宮,2020-10-13,59260.0
Orange,東門,2020-10-13,22993.5
Orange,蘆洲,2020-10-13,29693.0
Orange,三民高中,2020-10-13,25195.0
Orange,徐匯中學,2020-10-13,25336.0
Orange,三和國中,2020-10-13,25942.0
Orange,三重國小,2020-10-13,24320.0
Orange,迴龍,2020-10-13,23868.0
Orange,丹鳳,2020-10-13,20413.0
Orange,古亭,2020-10-14,35365.5
Orange,頂溪,2020-10-14,73486.0
Orange,永安市場,2020-10-14,54113.0
Orange,景安,2020-10-14,54016.0
Orange,南勢角,2020-10-14,43239.0
Orange,民權西路,2020-10-14,19757.5
Orange,忠孝新生,2020-10-14,26415.0
Orange,松江南京,2020-10-14,42409.0
Orange,輔大,2020-10-14,30381.0
Orange,新莊,2020-10-14,24719.0
Orange,頭前庄,2020-10-14,8208.0
Orange,先嗇宮,2020-10-14,10479.0
Orange,三重,2020-10-14,13404.0
Orange,菜寮,2020-10-14,21923.0
Orange,台北橋,2020-10-14,19635.0
Orange,大橋頭站,2020-10-14,25771.0
Orange,中山國小,2020-10-14,34810.0
Orange,行天宮,2020-10-14,58884.0
Orange,東門,2020-10-14,23081.0
Orange,蘆洲,2020-10-14,29862.0
Orange,三民高中,2020-10-14,25547.0
Orange,徐匯中學,2020-10-14,25538.0
Orange,三和國中,2020-10-14,25771.0
Orange,三重國小,2020-10-14,24254.0
Orange,迴龍,2020-10-14,23954.0
Orange,丹鳳,2020-10-14,20485.0
Orange,古亭,2020-10-15,35535.0
Orange,頂溪,2020-10-15,74188.0
Orange,永安市場,2020-10-15,53889.0
Orange,景安,2020-10-15,54150.0
Orange,南勢角,2020-10-15,43111.0
Orange,民權西路,2020-10-15,19440.0
Orange,忠孝新生,2020-10-15,26611.0
Orange,松江南京,2020-10-15,42604.0
Orange,輔大,2020-10-15,31499.0
Orange,新莊,2020-10-15,23180.0
Orange,頭前庄,2020-10-15,7995.5
Orange,先嗇宮,2020-10-15,10705.0
Orange,三重,2020-10-15,13468.0
Orange,菜寮,2020-10-15,21770.0
Orange,台北橋,2020-10-15,19458.0
Orange,大橋頭站,2020-10-15,25647.0
Orange,中山國小,2020-10-15,34656.0
Orange,行天宮,2020-10-15,59469.0
Orange,東門,2020-10-15,22931.0
Orange,蘆洲,2020-10-15,30010.0
Orange,三民高中,2020-10-15,25471.0
Orange,徐匯中學,2020-10-15,25330.0
Orange,三和國中,2020-10-15,26142.0
Orange,三重國小,2020-10-15,24439.0
Orange,迴龍,2020-10-15,23780.0
Orange,丹鳳,2020-10-15,20567.0
Orange,古亭,2020-10-16,37280.5
Orange,頂溪,2020-10-16,78653.0
Orange,永安市場,2020-10-16,57887.0
Orange,景安,2020-10-16,56329.0
Orange,南勢角,2020-10-16,44418.0
Orange,民權西路,2020-10-16,20076.5
Orange,忠孝新生,2020-10-16,28892.0
Orange,松江南京,2020-10-16,43477.0
Orange,輔大,2020-10-16,32027.0
Orange,新莊,2020-10-16,24255.0
Orange,頭前庄,2020-10-16,8533.5
Orange,先嗇宮,2020-10-16,10885.0
Orange,三重,2020-10-16,14115.0
Orange,菜寮,2020-10-16,23027.0
Orange,台北橋,2020-10-16,20958.0
Orange,大橋頭站,2020-10-16,28790.0
Orange,中山國小,2020-10-16,37143.0
Orange,行天宮,2020-10-16,61363.0
Orange,東門,2020-10-16,24688.5
Orange,蘆洲,2020-10-16,31127.0
Orange,三民高中,2020-10-16,26361.0
Orange,徐匯中學,2020-10-16,26806.0
Orange,三和國中,2020-10-16,27239.0
Orange,三重國小,2020-10-16,25204.0
Orange,迴龍,2020-10-16,24903.0
Orange,丹鳳,2020-10-16,21558.0
Orange,古亭,2020-10-17,30768.5
Orange,頂溪,2020-10-17,64249.0
Orange,永安市場,2020-10-17,45629.0
Orange,景安,2020-10-17,44250.0
Orange,南勢角,2020-10-17,36719.0
Orange,民權西路,2020-10-17,13342.0
Orange,忠孝新生,2020-10-17,26120.5
Orange,松江南京,2020-10-17,20127.0
Orange,輔大,2020-10-17,21919.0
Orange,新莊,2020-10-17,18342.0
Orange,頭前庄,2020-10-17,6608.5
Orange,先嗇宮,2020-10-17,5148.0
Orange,三重,2020-10-17,12056.0
Orange,菜寮,2020-10-17,19148.0
Orange,台北橋,2020-10-17,19264.0
Orange,大橋頭站,2020-10-17,24549.0
Orange,中山國小,2020-10-17,27193.0
Orange,行天宮,2020-10-17,43307.0
Orange,東門,2020-10-17,19606.5
Orange,蘆洲,2020-10-17,24189.0
Orange,三民高中,2020-10-17,20932.0
Orange,徐匯中學,2020-10-17,22096.0
Orange,三和國中,2020-10-17,20918.0
Orange,三重國小,2020-10-17,21170.0
Orange,迴龍,2020-10-17,16648.0
Orange,丹鳳,2020-10-17,16984.0
Orange,古亭,2020-10-18,22560.0
Orange,頂溪,2020-10-18,53357.0
Orange,永安市場,2020-10-18,36016.0
Orange,景安,2020-10-18,36762.0
Orange,南勢角,2020-10-18,30136.0
Orange,民權西路,2020-10-18,12437.0
Orange,忠孝新生,2020-10-18,19155.0
Orange,松江南京,2020-10-18,14778.5
Orange,輔大,2020-10-18,17066.0
Orange,新莊,2020-10-18,15267.0
Orange,頭前庄,2020-10-18,5888.0
Orange,先嗇宮,2020-10-18,4242.0
Orange,三重,2020-10-18,12000.0
Orange,菜寮,2020-10-18,13708.0
Orange,台北橋,2020-10-18,15690.0
Orange,大橋頭站,2020-10-18,21378.0
Orange,中山國小,2020-10-18,21354.0
Orange,行天宮,2020-10-18,33271.0
Orange,東門,2020-10-18,15222.0
Orange,蘆洲,2020-10-18,19662.0
Orange,三民高中,2020-10-18,17110.0
Orange,徐匯中學,2020-10-18,18287.0
Orange,三和國中,2020-10-18,16894.0
Orange,三重國小,2020-10-18,18019.0
Orange,迴龍,2020-10-18,14250.0
Orange,丹鳳,2020-10-18,13820.0
Orange,古亭,2020-10-19,33716.0
Orange,頂溪,2020-10-19,71447.0
Orange,永安市場,2020-10-19,51664.0
Orange,景安,2020-10-19,52834.0
Orange,南勢角,2020-10-19,42363.0
Orange,民權西路,2020-10-19,18747.0
Orange,忠孝新生,2020-10-19,25171.0
Orange,松江南京,2020-10-19,40975.5
Orange,輔大,2020-10-19,29599.0
Orange,新莊,2020-10-19,22405.0
Orange,頭前庄,2020-10-19,7931.5
Orange,先嗇宮,2020-10-19,10306.0
Orange,三重,2020-10-19,12866.0
Orange,菜寮,2020-10-19,20790.0
Orange,台北橋,2020-10-19,18548.0
Orange,大橋頭站,2020-10-19,25021.0
Orange,中山國小,2020-10-19,33491.0
Orange,行天宮,2020-10-19,56612.0
Orange,東門,2020-10-19,21364.5
Orange,蘆洲,2020-10-19,28928.0
Orange,三民高中,2020-10-19,24622.0
Orange,徐匯中學,2020-10-19,24910.0
Orange,三和國中,2020-10-19,25391.0
Orange,三重國小,2020-10-19,23494.0
Orange,迴龍,2020-10-19,22980.0
Orange,丹鳳,2020-10-19,19741.0
Orange,古亭,2020-10-20,35904.5
Orange,頂溪,2020-10-20,74196.0
Orange,永安市場,2020-10-20,54404.0
Orange,景安,2020-10-20,53994.0
Orange,南勢角,2020-10-20,42891.0
Orange,民權西路,2020-10-20,19729.0
Orange,忠孝新生,2020-10-20,26785.5
Orange,松江南京,2020-10-20,42627.0
Orange,輔大,2020-10-20,30724.0
Orange,新莊,2020-10-20,22751.0
Orange,頭前庄,2020-10-20,7955.0
Orange,先嗇宮,2020-10-20,10706.0
Orange,三重,2020-10-20,13074.0
Orange,菜寮,2020-10-20,21478.0
Orange,台北橋,2020-10-20,19593.0
Orange,大橋頭站,2020-10-20,25535.0
Orange,中山國小,2020-10-20,35279.0
Orange,行天宮,2020-10-20,58984.0
Orange,東門,2020-10-20,22429.0
Orange,蘆洲,2020-10-20,29572.0
Orange,三民高中,2020-10-20,25120.0
Orange,徐匯中學,2020-10-20,25652.0
Orange,三和國中,2020-10-20,25449.0
Orange,三重國小,2020-10-20,24308.0
Orange,迴龍,2020-10-20,23884.0
Orange,丹鳳,2020-10-20,20373.0
Orange,古亭,2020-10-21,36473.5
Orange,頂溪,2020-10-21,74347.0
Orange,永安市場,2020-10-21,54123.0
Orange,景安,2020-10-21,54344.0
Orange,南勢角,2020-10-21,43005.0
Orange,民權西路,2020-10-21,19966.0
Orange,忠孝新生,2020-10-21,27036.0
Orange,松江南京,2020-10-21,42782.5
Orange,輔大,2020-10-21,30461.0
Orange,新莊,2020-10-21,23927.0
Orange,頭前庄,2020-10-21,8254.0
Orange,先嗇宮,2020-10-21,10802.0
Orange,三重,2020-10-21,13280.0
Orange,菜寮,2020-10-21,21734.0
Orange,台北橋,2020-10-21,19586.0
Orange,大橋頭站,2020-10-21,25607.0
Orange,中山國小,2020-10-21,35631.0
Orange,行天宮,2020-10-21,59021.0
Orange,東門,2020-10-21,23282.0
Orange,蘆洲,2020-10-21,29844.0
Orange,三民高中,2020-10-21,25381.0
Orange,徐匯中學,2020-10-21,25489.0
Orange,三和國中,2020-10-21,25756.0
Orange,三重國小,2020-10-21,24405.0
Orange,迴龍,2020-10-21,23859.0
Orange,丹鳳,2020-10-21,20598.0
Orange,古亭,2020-10-22,35693.5
Orange,頂溪,2020-10-22,75006.0
Orange,永安市場,2020-10-22,54445.0
Orange,景安,2020-10-22,54470.0
Orange,南勢角,2020-10-22,43188.0
Orange,民權西路,2020-10-22,19941.5
Orange,忠孝新生,2020-10-22,26937.0
Orange,松江南京,2020-10-22,42663.5
Orange,輔大,2020-10-22,30997.0
Orange,新莊,2020-10-22,23130.0
Orange,頭前庄,2020-10-22,8062.5
Orange,先嗇宮,2020-10-22,10740.0
Orange,三重,2020-10-22,13337.0
Orange,菜寮,2020-10-22,22004.0
Orange,台北橋,2020-10-22,19291.0
Orange,大橋頭站,2020-10-22,25941.0
Orange,中山國小,2020-10-22,35488.0
Orange,行天宮,2020-10-22,58359.0
Orange,東門,2020-10-22,22769.5
Orange,蘆洲,2020-10-22,29949.0
Orange,三民高中,2020-10-22,25267.0
Orange,徐匯中學,2020-10-22,26054.0
Orange,三和國中,2020-10-22,26157.0
Orange,三重國小,2020-10-22,24306.0
Orange,迴龍,2020-10-22,23760.0
Orange,丹鳳,2020-10-22,20385.0
Orange,古亭,2020-10-23,37128.5
Orange,頂溪,2020-10-23,79023.0
Orange,永安市場,2020-10-23,57725.0
Orange,景安,2020-10-23,57218.0
Orange,南勢角,2020-10-23,44080.0
Orange,民權西路,2020-10-23,20483.5
Orange,忠孝新生,2020-10-23,28868.5
Orange,松江南京,2020-10-23,44024.5
Orange,輔大,2020-10-23,32115.0
Orange,新莊,2020-10-23,26570.0
Orange,頭前庄,2020-10-23,8555.0
Orange,先嗇宮,2020-10-23,11241.0
Orange,三重,2020-10-23,14623.0
Orange,菜寮,2020-10-23,22274.0
Orange,台北橋,2020-10-23,21618.0
Orange,大橋頭站,2020-10-23,29210.0
Orange,中山國小,2020-10-23,37188.0
Orange,行天宮,2020-10-23,62088.0
Orange,東門,2020-10-23,24740.5
Orange,蘆洲,2020-10-23,31631.0
Orange,三民高中,2020-10-23,26390.0
Orange,徐匯中學,2020-10-23,27971.0
Orange,三和國中,2020-10-23,27603.0
Orange,三重國小,2020-10-23,25854.0
Orange,迴龍,2020-10-23,24913.0
Orange,丹鳳,2020-10-23,22176.0
Orange,古亭,2020-10-24,28752.5
Orange,頂溪,2020-10-24,65474.0
Orange,永安市場,2020-10-24,45590.0
Orange,景安,2020-10-24,44121.0
Orange,南勢角,2020-10-24,36117.0
Orange,民權西路,2020-10-24,14708.5
Orange,忠孝新生,2020-10-24,23574.0
Orange,松江南京,2020-10-24,21348.0
Orange,輔大,2020-10-24,19500.0
Orange,新莊,2020-10-24,19669.0
Orange,頭前庄,2020-10-24,6824.5
Orange,先嗇宮,2020-10-24,5143.0
Orange,三重,2020-10-24,13329.0
Orange,菜寮,2020-10-24,17137.0
Orange,台北橋,2020-10-24,19471.0
Orange,大橋頭站,2020-10-24,24974.0
Orange,中山國小,2020-10-24,26534.0
Orange,行天宮,2020-10-24,41604.0
Orange,東門,2020-10-24,19867.0
Orange,蘆洲,2020-10-24,25716.0
Orange,三民高中,2020-10-24,21006.0
Orange,徐匯中學,2020-10-24,23337.0
Orange,三和國中,2020-10-24,21175.0
Orange,三重國小,2020-10-24,21190.0
Orange,迴龍,2020-10-24,16509.0
Orange,丹鳳,2020-10-24,17198.0
Orange,古亭,2020-10-25,22585.0
Orange,頂溪,2020-10-25,54782.0
Orange,永安市場,2020-10-25,38166.0
Orange,景安,2020-10-25,36702.0
Orange,南勢角,2020-10-25,30855.0
Orange,民權西路,2020-10-25,11767.0
Orange,忠孝新生,2020-10-25,19339.0
Orange,松江南京,2020-10-25,14887.0
Orange,輔大,2020-10-25,15445.0
Orange,新莊,2020-10-25,15016.0
Orange,頭前庄,2020-10-25,5620.0
Orange,先嗇宮,2020-10-25,4105.0
Orange,三重,2020-10-25,16717.0
Orange,菜寮,2020-10-25,12974.0
Orange,台北橋,2020-10-25,15252.0
Orange,大橋頭站,2020-10-25,20532.0
Orange,中山國小,2020-10-25,21695.0
Orange,行天宮,2020-10-25,32608.0
Orange,東門,2020-10-25,17422.0
Orange,蘆洲,2020-10-25,19395.0
Orange,三民高中,2020-10-25,16576.0
Orange,徐匯中學,2020-10-25,17155.0
Orange,三和國中,2020-10-25,16720.0
Orange,三重國小,2020-10-25,17434.0
Orange,迴龍,2020-10-25,14413.0
Orange,丹鳳,2020-10-25,14683.0
Orange,古亭,2020-10-26,33460.0
Orange,頂溪,2020-10-26,71622.0
Orange,永安市場,2020-10-26,51962.0
Orange,景安,2020-10-26,53119.0
Orange,南勢角,2020-10-26,41798.0
Orange,民權西路,2020-10-26,19184.0
Orange,忠孝新生,2020-10-26,25266.5
Orange,松江南京,2020-10-26,40241.0
Orange,輔大,2020-10-26,30004.0
Orange,新莊,2020-10-26,22609.0
Orange,頭前庄,2020-10-26,7796.0
Orange,先嗇宮,2020-10-26,10298.0
Orange,三重,2020-10-26,13484.0
Orange,菜寮,2020-10-26,20849.0
Orange,台北橋,2020-10-26,18746.0
Orange,大橋頭站,2020-10-26,25452.0
Orange,中山國小,2020-10-26,33788.0
Orange,行天宮,2020-10-26,56193.0
Orange,東門,2020-10-26,20990.5
Orange,蘆洲,2020-10-26,29138.0
Orange,三民高中,2020-10-26,24874.0
Orange,徐匯中學,2020-10-26,24907.0
Orange,三和國中,2020-10-26,25127.0
Orange,三重國小,2020-10-26,23499.0
Orange,迴龍,2020-10-26,23071.0
Orange,丹鳳,2020-10-26,21033.0
Orange,古亭,2020-10-27,34985.0
Orange,頂溪,2020-10-27,73560.0
Orange,永安市場,2020-10-27,53893.0
Orange,景安,2020-10-27,54256.0
Orange,南勢角,2020-10-27,42947.0
Orange,民權西路,2020-10-27,19904.5
Orange,忠孝新生,2020-10-27,26117.0
Orange,松江南京,2020-10-27,41167.5
Orange,輔大,2020-10-27,30556.0
Orange,新莊,2020-10-27,23039.0
Orange,頭前庄,2020-10-27,8038.0
Orange,先嗇宮,2020-10-27,10698.0
Orange,三重,2020-10-27,13279.0
Orange,菜寮,2020-10-27,21452.0
Orange,台北橋,2020-10-27,19229.0
Orange,大橋頭站,2020-10-27,25828.0
Orange,中山國小,2020-10-27,34412.0
Orange,行天宮,2020-10-27,58546.0
Orange,東門,2020-10-27,22779.5
Orange,蘆洲,2020-10-27,29756.0
Orange,三民高中,2020-10-27,25498.0
Orange,徐匯中學,2020-10-27,25264.0
Orange,三和國中,2020-10-27,25651.0
Orange,三重國小,2020-10-27,24055.0
Orange,迴龍,2020-10-27,23882.0
Orange,丹鳳,2020-10-27,21142.0
Orange,古亭,2020-10-28,35425.5
Orange,頂溪,2020-10-28,73504.0
Orange,永安市場,2020-10-28,53963.0
Orange,景安,2020-10-28,54098.0
Orange,南勢角,2020-10-28,43212.0
Orange,民權西路,2020-10-28,19848.0
Orange,忠孝新生,2020-10-28,26626.5
Orange,松江南京,2020-10-28,41899.0
Orange,輔大,2020-10-28,30424.0
Orange,新莊,2020-10-28,23591.0
Orange,頭前庄,2020-10-28,8141.0
Orange,先嗇宮,2020-10-28,10710.0
Orange,三重,2020-10-28,13654.0
Orange,菜寮,2020-10-28,21512.0
Orange,台北橋,2020-10-28,19354.0
Orange,大橋頭站,2020-10-28,26151.0
Orange,中山國小,2020-10-28,34612.0
Orange,行天宮,2020-10-28,58336.0
Orange,東門,2020-10-28,22943.0
Orange,蘆洲,2020-10-28,29904.0
Orange,三民高中,2020-10-28,25369.0
Orange,徐匯中學,2020-10-28,25886.0
Orange,三和國中,2020-10-28,25662.0
Orange,三重國小,2020-10-28,24524.0
Orange,迴龍,2020-10-28,23813.0
Orange,丹鳳,2020-10-28,21272.0
Orange,古亭,2020-10-29,35254.0
Orange,頂溪,2020-10-29,73193.0
Orange,永安市場,2020-10-29,53390.0
Orange,景安,2020-10-29,53737.0
Orange,南勢角,2020-10-29,42406.0
Orange,民權西路,2020-10-29,19854.0
Orange,忠孝新生,2020-10-29,25723.5
Orange,松江南京,2020-10-29,41973.5
Orange,輔大,2020-10-29,29862.0
Orange,新莊,2020-10-29,23086.0
Orange,頭前庄,2020-10-29,8079.5
Orange,先嗇宮,2020-10-29,10278.0
Orange,三重,2020-10-29,13442.0
Orange,菜寮,2020-10-29,21331.0
Orange,台北橋,2020-10-29,18972.0
Orange,大橋頭站,2020-10-29,25751.0
Orange,中山國小,2020-10-29,34221.0
Orange,行天宮,2020-10-29,57285.0
Orange,東門,2020-10-29,22764.0
Orange,蘆洲,2020-10-29,29494.0
Orange,三民高中,2020-10-29,25190.0
Orange,徐匯中學,2020-10-29,25085.0
Orange,三和國中,2020-10-29,25827.0
Orange,三重國小,2020-10-29,24106.0
Orange,迴龍,2020-10-29,23591.0
Orange,丹鳳,2020-10-29,20932.0
Orange,古亭,2020-10-30,36197.0
Orange,頂溪,2020-10-30,77628.0
Orange,永安市場,2020-10-30,56096.0
Orange,景安,2020-10-30,56045.0
Orange,南勢角,2020-10-30,44517.0
Orange,民權西路,2020-10-30,20288.0
Orange,忠孝新生,2020-10-30,28190.5
Orange,松江南京,2020-10-30,42716.0
Orange,輔大,2020-10-30,31383.0
Orange,新莊,2020-10-30,24299.0
Orange,頭前庄,2020-10-30,8396.5
Orange,先嗇宮,2020-10-30,10806.0
Orange,三重,2020-10-30,14512.0
Orange,菜寮,2020-10-30,22045.0
Orange,台北橋,2020-10-30,20591.0
Orange,大橋頭站,2020-10-30,28982.0
Orange,中山國小,2020-10-30,36857.0
Orange,行天宮,2020-10-30,60389.0
Orange,東門,2020-10-30,23968.0
Orange,蘆洲,2020-10-30,31006.0
Orange,三民高中,2020-10-30,26633.0
Orange,徐匯中學,2020-10-30,27196.0
Orange,三和國中,2020-10-30,26859.0
Orange,三重國小,2020-10-30,25558.0
Orange,迴龍,2020-10-30,24964.0
Orange,丹鳳,2020-10-30,21783.0
Orange,古亭,2020-10-31,28700.5
Orange,頂溪,2020-10-31,65749.0
Orange,永安市場,2020-10-31,46565.0
Orange,景安,2020-10-31,44515.0
Orange,南勢角,2020-10-31,38043.0
Orange,民權西路,2020-10-31,13206.0
Orange,忠孝新生,2020-10-31,25249.5
Orange,松江南京,2020-10-31,20247.0
Orange,輔大,2020-10-31,19265.0
Orange,新莊,2020-10-31,18448.0
Orange,頭前庄,2020-10-31,6085.5
Orange,先嗇宮,2020-10-31,5012.0
Orange,三重,2020-10-31,13765.0
Orange,菜寮,2020-10-31,16487.0
Orange,台北橋,2020-10-31,19586.0
Orange,大橋頭站,2020-10-31,25345.0
Orange,中山國小,2020-10-31,27175.0
Orange,行天宮,2020-10-31,43055.0
Orange,東門,2020-10-31,19886.5
Orange,蘆洲,2020-10-31,24280.0
Orange,三民高中,2020-10-31,21205.0
Orange,徐匯中學,2020-10-31,21632.0
Orange,三和國中,2020-10-31,21395.0
Orange,三重國小,2020-10-31,20986.0
Orange,迴龍,2020-10-31,16946.0
Orange,丹鳳,2020-10-31,17318.0
Orange,古亭,2020-11-01,21508.0
Orange,頂溪,2020-11-01,52843.0
Orange,永安市場,2020-11-01,36551.0
Orange,景安,2020-11-01,36450.0
Orange,南勢角,2020-11-01,30004.0
Orange,民權西路,2020-11-01,11369.0
Orange,忠孝新生,2020-11-01,18032.5
Orange,松江南京,2020-11-01,14415.5
Orange,輔大,2020-11-01,14072.0
Orange,新莊,2020-11-01,14466.0
Orange,頭前庄,2020-11-01,5115.0
Orange,先嗇宮,2020-11-01,4319.0
Orange,三重,2020-11-01,10956.0
Orange,菜寮,2020-11-01,13734.0
Orange,台北橋,2020-11-01,15209.0
Orange,大橋頭站,2020-11-01,20752.0
Orange,中山國小,2020-11-01,20154.0
Orange,行天宮,2020-11-01,32207.0
Orange,東門,2020-11-01,15973.0
Orange,蘆洲,2020-11-01,19205.0
Orange,三民高中,2020-11-01,16964.0
Orange,徐匯中學,2020-11-01,17294.0
Orange,三和國中,2020-11-01,16721.0
Orange,三重國小,2020-11-01,17202.0
Orange,迴龍,2020-11-01,13900.0
Orange,丹鳳,2020-11-01,13999.0
Orange,古亭,2020-11-02,33403.0
Orange,頂溪,2020-11-02,70750.0
Orange,永安市場,2020-11-02,51542.0
Orange,景安,2020-11-02,52777.0
Orange,南勢角,2020-11-02,41692.0
Orange,民權西路,2020-11-02,19098.5
Orange,忠孝新生,2020-11-02,24577.0
Orange,松江南京,2020-11-02,40556.5
Orange,輔大,2020-11-02,29364.0
Orange,新莊,2020-11-02,21992.0
Orange,頭前庄,2020-11-02,7721.0
Orange,先嗇宮,2020-11-02,10033.0
Orange,三重,2020-11-02,12667.0
Orange,菜寮,2020-11-02,20788.0
Orange,台北橋,2020-11-02,18606.0
Orange,大橋頭站,2020-11-02,24770.0
Orange,中山國小,2020-11-02,33483.0
Orange,行天宮,2020-11-02,55923.0
Orange,東門,2020-11-02,20994.0
Orange,蘆洲,2020-11-02,29260.0
Orange,三民高中,2020-11-02,24710.0
Orange,徐匯中學,2020-11-02,24857.0
Orange,三和國中,2020-11-02,25073.0
Orange,三重國小,2020-11-02,23477.0
Orange,迴龍,2020-11-02,23110.0
Orange,丹鳳,2020-11-02,19893.0
Orange,古亭,2020-11-03,35113.0
Orange,頂溪,2020-11-03,72867.0
Orange,永安市場,2020-11-03,53161.0
Orange,景安,2020-11-03,53565.0
Orange,南勢角,2020-11-03,42296.0
Orange,民權西路,2020-11-03,19698.0
Orange,忠孝新生,2020-11-03,26220.5
Orange,松江南京,2020-11-03,41745.0
Orange,輔大,2020-11-03,30142.0
Orange,新莊,2020-11-03,22608.0
Orange,頭前庄,2020-11-03,7949.5
Orange,先嗇宮,2020-11-03,10449.0
Orange,三重,2020-11-03,12913.0
Orange,菜寮,2020-11-03,21457.0
Orange,台北橋,2020-11-03,18835.0
Orange,大橋頭站,2020-11-03,25001.0
Orange,中山國小,2020-11-03,34688.0
Orange,行天宮,2020-11-03,57152.0
Orange,東門,2020-11-03,22286.5
Orange,蘆洲,2020-11-03,29345.0
Orange,三民高中,2020-11-03,25310.0
Orange,徐匯中學,2020-11-03,25346.0
Orange,三和國中,2020-11-03,25403.0
Orange,三重國小,2020-11-03,24011.0
Orange,迴龍,2020-11-03,23549.0
Orange,丹鳳,2020-11-03,20416.0
Orange,古亭,2020-11-04,35368.5
Orange,頂溪,2020-11-04,73349.0
Orange,永安市場,2020-11-04,53517.0
Orange,景安,2020-11-04,53954.0
Orange,南勢角,2020-11-04,43131.0
Orange,民權西路,2020-11-04,19963.0
Orange,忠孝新生,2020-11-04,26180.0
Orange,松江南京,2020-11-04,42241.5
Orange,輔大,2020-11-04,29681.0
Orange,新莊,2020-11-04,23028.0
Orange,頭前庄,2020-11-04,8074.0
Orange,先嗇宮,2020-11-04,10527.0
Orange,三重,2020-11-04,13102.0
Orange,菜寮,2020-11-04,21629.0
Orange,台北橋,2020-11-04,19422.0
Orange,大橋頭站,2020-11-04,25857.0
Orange,中山國小,2020-11-04,34819.0
Orange,行天宮,2020-11-04,58031.0
Orange,東門,2020-11-04,22838.0
Orange,蘆洲,2020-11-04,29591.0
Orange,三民高中,2020-11-04,25856.0
Orange,徐匯中學,2020-11-04,25490.0
Orange,三和國中,2020-11-04,25847.0
Orange,三重國小,2020-11-04,23970.0
Orange,迴龍,2020-11-04,23765.0
Orange,丹鳳,2020-11-04,20568.0
Orange,古亭,2020-11-05,35360.0
Orange,頂溪,2020-11-05,74288.0
Orange,永安市場,2020-11-05,54671.0
Orange,景安,2020-11-05,54407.0
Orange,南勢角,2020-11-05,43167.0
Orange,民權西路,2020-11-05,20063.0
Orange,忠孝新生,2020-11-05,26217.5
Orange,松江南京,2020-11-05,42260.5
Orange,輔大,2020-11-05,29971.0
Orange,新莊,2020-11-05,22882.0
Orange,頭前庄,2020-11-05,7980.5
Orange,先嗇宮,2020-11-05,10423.0
Orange,三重,2020-11-05,13256.0
Orange,菜寮,2020-11-05,21340.0
Orange,台北橋,2020-11-05,19293.0
Orange,大橋頭站,2020-11-05,25716.0
Orange,中山國小,2020-11-05,34990.0
Orange,行天宮,2020-11-05,57879.0
Orange,東門,2020-11-05,22679.5
Orange,蘆洲,2020-11-05,29872.0
Orange,三民高中,2020-11-05,25789.0
Orange,徐匯中學,2020-11-05,25537.0
Orange,三和國中,2020-11-05,26010.0
Orange,三重國小,2020-11-05,24133.0
Orange,迴龍,2020-11-05,23857.0
Orange,丹鳳,2020-11-05,20662.0
Orange,古亭,2020-11-06,36164.0
Orange,頂溪,2020-11-06,76503.0
Orange,永安市場,2020-11-06,55887.0
Orange,景安,2020-11-06,56427.0
Orange,南勢角,2020-11-06,44325.0
Orange,民權西路,2020-11-06,20034.5
Orange,忠孝新生,2020-11-06,28120.0
Orange,松江南京,2020-11-06,42803.5
Orange,輔大,2020-11-06,30719.0
Orange,新莊,2020-11-06,24096.0
Orange,頭前庄,2020-11-06,8445.0
Orange,先嗇宮,2020-11-06,10877.0
Orange,三重,2020-11-06,14286.0
Orange,菜寮,2020-11-06,22077.0
Orange,台北橋,2020-11-06,20913.0
Orange,大橋頭站,2020-11-06,28492.0
Orange,中山國小,2020-11-06,36578.0
Orange,行天宮,2020-11-06,60709.0
Orange,東門,2020-11-06,24163.0
Orange,蘆洲,2020-11-06,31121.0
Orange,三民高中,2020-11-06,27073.0
Orange,徐匯中學,2020-11-06,27632.0
Orange,三和國中,2020-11-06,27137.0
Orange,三重國小,2020-11-06,25348.0
Orange,迴龍,2020-11-06,24934.0
Orange,丹鳳,2020-11-06,21943.0
Orange,古亭,2020-11-07,28213.0
Orange,頂溪,2020-11-07,64121.0
Orange,永安市場,2020-11-07,45071.0
Orange,景安,2020-11-07,44278.0
Orange,南勢角,2020-11-07,35597.0
Orange,民權西路,2020-11-07,12831.0
Orange,忠孝新生,2020-11-07,23320.5
Orange,松江南京,2020-11-07,20287.0
Orange,輔大,2020-11-07,18098.0
Orange,新莊,2020-11-07,19148.0
Orange,頭前庄,2020-11-07,6641.0
Orange,先嗇宮,2020-11-07,5349.0
Orange,三重,2020-11-07,13167.0
Orange,菜寮,2020-11-07,16114.0
Orange,台北橋,2020-11-07,18720.0
Orange,大橋頭站,2020-11-07,23283.0
Orange,中山國小,2020-11-07,26468.0
Orange,行天宮,2020-11-07,39743.0
Orange,東門,2020-11-07,19151.0
Orange,蘆洲,2020-11-07,24424.0
Orange,三民高中,2020-11-07,24338.0
Orange,徐匯中學,2020-11-07,22420.0
Orange,三和國中,2020-11-07,21199.0
Orange,三重國小,2020-11-07,21222.0
Orange,迴龍,2020-11-07,17182.0
Orange,丹鳳,2020-11-07,17281.0
Orange,古亭,2020-11-08,21251.0
Orange,頂溪,2020-11-08,53113.0
Orange,永安市場,2020-11-08,36264.0
Orange,景安,2020-11-08,36253.0
Orange,南勢角,2020-11-08,29200.0
Orange,民權西路,2020-11-08,12109.5
Orange,忠孝新生,2020-11-08,18418.5
Orange,松江南京,2020-11-08,15433.5
Orange,輔大,2020-11-08,13525.0
Orange,新莊,2020-11-08,16764.0
Orange,頭前庄,2020-11-08,5161.0
Orange,先嗇宮,2020-11-08,3920.0
Orange,三重,2020-11-08,10378.0
Orange,菜寮,2020-11-08,12969.0
Orange,台北橋,2020-11-08,15367.0
Orange,大橋頭站,2020-11-08,20043.0
Orange,中山國小,2020-11-08,21404.0
Orange,行天宮,2020-11-08,31107.0
Orange,東門,2020-11-08,15496.0
Orange,蘆洲,2020-11-08,19446.0
Orange,三民高中,2020-11-08,17262.0
Orange,徐匯中學,2020-11-08,18126.0
Orange,三和國中,2020-11-08,16929.0
Orange,三重國小,2020-11-08,17246.0
Orange,迴龍,2020-11-08,13426.0
Orange,丹鳳,2020-11-08,13880.0
Orange,古亭,2020-11-09,33693.0
Orange,頂溪,2020-11-09,70613.0
Orange,永安市場,2020-11-09,52086.0
Orange,景安,2020-11-09,52985.0
Orange,南勢角,2020-11-09,42036.0
Orange,民權西路,2020-11-09,19334.0
Orange,忠孝新生,2020-11-09,24967.5
Orange,松江南京,2020-11-09,40682.5
Orange,輔大,2020-11-09,28952.0
Orange,新莊,2020-11-09,22121.0
Orange,頭前庄,2020-11-09,7876.5
Orange,先嗇宮,2020-11-09,10022.0
Orange,三重,2020-11-09,13340.0
Orange,菜寮,2020-11-09,20648.0
Orange,台北橋,2020-11-09,19387.0
Orange,大橋頭站,2020-11-09,24943.0
Orange,中山國小,2020-11-09,33267.0
Orange,行天宮,2020-11-09,56699.0
Orange,東門,2020-11-09,21108.5
Orange,蘆洲,2020-11-09,29091.0
Orange,三民高中,2020-11-09,24067.0
Orange,徐匯中學,2020-11-09,25004.0
Orange,三和國中,2020-11-09,25159.0
Orange,三重國小,2020-11-09,23553.0
Orange,迴龍,2020-11-09,23064.0
Orange,丹鳳,2020-11-09,20081.0
Orange,古亭,2020-11-10,34820.0
Orange,頂溪,2020-11-10,73326.0
Orange,永安市場,2020-11-10,53673.0
Orange,景安,2020-11-10,54414.0
Orange,南勢角,2020-11-10,43035.0
Orange,民權西路,2020-11-10,19747.0
Orange,忠孝新生,2020-11-10,25603.0
Orange,松江南京,2020-11-10,42089.5
Orange,輔大,2020-11-10,29337.0
Orange,新莊,2020-11-10,22635.0
Orange,頭前庄,2020-11-10,7775.5
Orange,先嗇宮,2020-11-10,10739.0
Orange,三重,2020-11-10,13220.0
Orange,菜寮,2020-11-10,21374.0
Orange,台北橋,2020-11-10,19570.0
Orange,大橋頭站,2020-11-10,25612.0
Orange,中山國小,2020-11-10,35167.0
Orange,行天宮,2020-11-10,58531.0
Orange,東門,2020-11-10,22571.0
Orange,蘆洲,2020-11-10,29728.0
Orange,三民高中,2020-11-10,25594.0
Orange,徐匯中學,2020-11-10,25871.0
Orange,三和國中,2020-11-10,25768.0
Orange,三重國小,2020-11-10,24172.0
Orange,迴龍,2020-11-10,23923.0
Orange,丹鳳,2020-11-10,20613.0
Orange,古亭,2020-11-11,35599.0
Orange,頂溪,2020-11-11,74709.0
Orange,永安市場,2020-11-11,54941.0
Orange,景安,2020-11-11,54642.0
Orange,南勢角,2020-11-11,42703.0
Orange,民權西路,2020-11-11,19684.0
Orange,忠孝新生,2020-11-11,26756.5
Orange,松江南京,2020-11-11,42569.5
Orange,輔大,2020-11-11,28735.0
Orange,新莊,2020-11-11,23190.0
Orange,頭前庄,2020-11-11,8241.0
Orange,先嗇宮,2020-11-11,10700.0
Orange,三重,2020-11-11,13682.0
Orange,菜寮,2020-11-11,21540.0
Orange,台北橋,2020-11-11,19807.0
Orange,大橋頭站,2020-11-11,26230.0
Orange,中山國小,2020-11-11,35016.0
Orange,行天宮,2020-11-11,60014.0
Orange,東門,2020-11-11,22603.0
Orange,蘆洲,2020-11-11,30125.0
Orange,三民高中,2020-11-11,25748.0
Orange,徐匯中學,2020-11-11,26057.0
Orange,三和國中,2020-11-11,25938.0
Orange,三重國小,2020-11-11,24618.0
Orange,迴龍,2020-11-11,24088.0
Orange,丹鳳,2020-11-11,20801.0
Orange,古亭,2020-11-12,35571.5
Orange,頂溪,2020-11-12,73917.0
Orange,永安市場,2020-11-12,54560.0
Orange,景安,2020-11-12,54402.0
Orange,南勢角,2020-11-12,43391.0
Orange,民權西路,2020-11-12,19701.0
Orange,忠孝新生,2020-11-12,26527.0
Orange,松江南京,2020-11-12,42577.5
Orange,輔大,2020-11-12,30082.0
Orange,新莊,2020-11-12,22994.0
Orange,頭前庄,2020-11-12,8132.5
Orange,先嗇宮,2020-11-12,10447.0
Orange,三重,2020-11-12,13238.0
Orange,菜寮,2020-11-12,21687.0
Orange,台北橋,2020-11-12,19599.0
Orange,大橋頭站,2020-11-12,26111.0
Orange,中山國小,2020-11-12,35188.0
Orange,行天宮,2020-11-12,59221.0
Orange,東門,2020-11-12,22913.5
Orange,蘆洲,2020-11-12,29889.0
Orange,三民高中,2020-11-12,25687.0
Orange,徐匯中學,2020-11-12,25569.0
Orange,三和國中,2020-11-12,25682.0
Orange,三重國小,2020-11-12,24322.0
Orange,迴龍,2020-11-12,23658.0
Orange,丹鳳,2020-11-12,20506.0
Orange,古亭,2020-11-13,37488.5
Orange,頂溪,2020-11-13,79570.0
Orange,永安市場,2020-11-13,57772.0
Orange,景安,2020-11-13,57955.0
Orange,南勢角,2020-11-13,44513.0
Orange,民權西路,2020-11-13,19967.5
Orange,忠孝新生,2020-11-13,29858.0
Orange,松江南京,2020-11-13,44230.5
Orange,輔大,2020-11-13,32776.0
Orange,新莊,2020-11-13,24830.0
Orange,頭前庄,2020-11-13,8482.0
Orange,先嗇宮,2020-11-13,10968.0
Orange,三重,2020-11-13,14242.0
Orange,菜寮,2020-11-13,22490.0
Orange,台北橋,2020-11-13,21765.0
Orange,大橋頭站,2020-11-13,29373.0
Orange,中山國小,2020-11-13,37715.0
Orange,行天宮,2020-11-13,62190.0
Orange,東門,2020-11-13,24780.0
Orange,蘆洲,2020-11-13,31529.0
Orange,三民高中,2020-11-13,26836.0
Orange,徐匯中學,2020-11-13,27685.0
Orange,三和國中,2020-11-13,27589.0
Orange,三重國小,2020-11-13,26028.0
Orange,迴龍,2020-11-13,24828.0
Orange,丹鳳,2020-11-13,21854.0
Orange,古亭,2020-11-14,28637.5
Orange,頂溪,2020-11-14,65710.0
Orange,永安市場,2020-11-14,46227.0
Orange,景安,2020-11-14,44727.0
Orange,南勢角,2020-11-14,36819.0
Orange,民權西路,2020-11-14,15676.5
Orange,忠孝新生,2020-11-14,25354.0
Orange,松江南京,2020-11-14,22146.0
Orange,輔大,2020-11-14,19087.0
Orange,新莊,2020-11-14,19581.0
Orange,頭前庄,2020-11-14,7370.5
Orange,先嗇宮,2020-11-14,5330.0
Orange,三重,2020-11-14,14019.0
Orange,菜寮,2020-11-14,16495.0
Orange,台北橋,2020-11-14,19786.0
Orange,大橋頭站,2020-11-14,24827.0
Orange,中山國小,2020-11-14,28149.0
Orange,行天宮,2020-11-14,43996.0
Orange,東門,2020-11-14,19659.0
Orange,蘆洲,2020-11-14,25101.0
Orange,三民高中,2020-11-14,21777.0
Orange,徐匯中學,2020-11-14,24055.0
Orange,三和國中,2020-11-14,21777.0
Orange,三重國小,2020-11-14,22043.0
Orange,迴龍,2020-11-14,17255.0
Orange,丹鳳,2020-11-14,17442.0
Orange,古亭,2020-11-15,23219.0
Orange,頂溪,2020-11-15,56362.0
Orange,永安市場,2020-11-15,39187.0
Orange,景安,2020-11-15,39137.0
Orange,南勢角,2020-11-15,32382.0
Orange,民權西路,2020-11-15,12812.5
Orange,忠孝新生,2020-11-15,19948.5
Orange,松江南京,2020-11-15,15866.5
Orange,輔大,2020-11-15,15680.0
Orange,新莊,2020-11-15,16069.0
Orange,頭前庄,2020-11-15,5882.5
Orange,先嗇宮,2020-11-15,4969.0
Orange,三重,2020-11-15,12650.0
Orange,菜寮,2020-11-15,14551.0
Orange,台北橋,2020-11-15,15828.0
Orange,大橋頭站,2020-11-15,22310.0
Orange,中山國小,2020-11-15,22007.0
Orange,行天宮,2020-11-15,33990.0
Orange,東門,2020-11-15,16279.0
Orange,蘆洲,2020-11-15,21049.0
Orange,三民高中,2020-11-15,17661.0
Orange,徐匯中學,2020-11-15,18851.0
Orange,三和國中,2020-11-15,17840.0
Orange,三重國小,2020-11-15,18458.0
Orange,迴龍,2020-11-15,15358.0
Orange,丹鳳,2020-11-15,14837.0
Orange,古亭,2020-11-16,34080.5
Orange,頂溪,2020-11-16,71846.0
Orange,永安市場,2020-11-16,52031.0
Orange,景安,2020-11-16,53607.0
Orange,南勢角,2020-11-16,42607.0
Orange,民權西路,2020-11-16,18291.0
Orange,忠孝新生,2020-11-16,25017.0
Orange,松江南京,2020-11-16,40294.5
Orange,輔大,2020-11-16,30442.0
Orange,新莊,2020-11-16,22452.0
Orange,頭前庄,2020-11-16,7923.5
Orange,先嗇宮,2020-11-16,10349.0
Orange,三重,2020-11-16,13070.0
Orange,菜寮,2020-11-16,20816.0
Orange,台北橋,2020-11-16,19400.0
Orange,大橋頭站,2020-11-16,25660.0
Orange,中山國小,2020-11-16,32862.0
Orange,行天宮,2020-11-16,56353.0
Orange,東門,2020-11-16,21011.0
Orange,蘆洲,2020-11-16,29479.0
Orange,三民高中,2020-11-16,25039.0
Orange,徐匯中學,2020-11-16,24647.0
Orange,三和國中,2020-11-16,25345.0
Orange,三重國小,2020-11-16,23744.0
Orange,迴龍,2020-11-16,23723.0
Orange,丹鳳,2020-11-16,20338.0
Orange,古亭,2020-11-17,35187.0
Orange,頂溪,2020-11-17,73490.0
Orange,永安市場,2020-11-17,54077.0
Orange,景安,2020-11-17,54173.0
Orange,南勢角,2020-11-17,42873.0
Orange,民權西路,2020-11-17,19834.5
Orange,忠孝新生,2020-11-17,25907.0
Orange,松江南京,2020-11-17,42250.0
Orange,輔大,2020-11-17,30766.0
Orange,新莊,2020-11-17,23087.0
Orange,頭前庄,2020-11-17,8043.5
Orange,先嗇宮,2020-11-17,10573.0
Orange,三重,2020-11-17,13184.0
Orange,菜寮,2020-11-17,21576.0
Orange,台北橋,2020-11-17,19284.0
Orange,大橋頭站,2020-11-17,25785.0
Orange,中山國小,2020-11-17,34666.0
Orange,行天宮,2020-11-17,58217.0
Orange,東門,2020-11-17,22154.5
Orange,蘆洲,2020-11-17,29610.0
Orange,三民高中,2020-11-17,25369.0
Orange,徐匯中學,2020-11-17,25655.0
Orange,三和國中,2020-11-17,25674.0
Orange,三重國小,2020-11-17,24090.0
Orange,迴龍,2020-11-17,24143.0
Orange,丹鳳,2020-11-17,20537.0
Orange,古亭,2020-11-18,35996.5
Orange,頂溪,2020-11-18,73798.0
Orange,永安市場,2020-11-18,53841.0
Orange,景安,2020-11-18,54758.0
Orange,南勢角,2020-11-18,43356.0
Orange,民權西路,2020-11-18,19848.0
Orange,忠孝新生,2020-11-18,26275.5
Orange,松江南京,2020-11-18,42524.0
Orange,輔大,2020-11-18,30865.0
Orange,新莊,2020-11-18,23501.0
Orange,頭前庄,2020-11-18,8249.0
Orange,先嗇宮,2020-11-18,10766.0
Orange,三重,2020-11-18,13597.0
Orange,菜寮,2020-11-18,21605.0
Orange,台北橋,2020-11-18,19646.0
Orange,大橋頭站,2020-11-18,26243.0
Orange,中山國小,2020-11-18,34921.0
Orange,行天宮,2020-11-18,58529.0
Orange,東門,2020-11-18,22681.5
Orange,蘆洲,2020-11-18,29538.0
Orange,三民高中,2020-11-18,25809.0
Orange,徐匯中學,2020-11-18,25426.0
Orange,三和國中,2020-11-18,25779.0
Orange,三重國小,2020-11-18,24706.0
Orange,迴龍,2020-11-18,24072.0
Orange,丹鳳,2020-11-18,20967.0
Orange,古亭,2020-11-19,35576.0
Orange,頂溪,2020-11-19,73972.0
Orange,永安市場,2020-11-19,54335.0
Orange,景安,2020-11-19,54474.0
Orange,南勢角,2020-11-19,43354.0
Orange,民權西路,2020-11-19,19780.0
Orange,忠孝新生,2020-11-19,26847.0
Orange,松江南京,2020-11-19,42517.5
Orange,輔大,2020-11-19,30891.0
Orange,新莊,2020-11-19,23023.0
Orange,頭前庄,2020-11-19,8126.5
Orange,先嗇宮,2020-11-19,10564.0
Orange,三重,2020-11-19,13391.0
Orange,菜寮,2020-11-19,21788.0
Orange,台北橋,2020-11-19,19431.0
Orange,大橋頭站,2020-11-19,26547.0
Orange,中山國小,2020-11-19,34605.0
Orange,行天宮,2020-11-19,58741.0
Orange,東門,2020-11-19,22662.5
Orange,蘆洲,2020-11-19,29758.0
Orange,三民高中,2020-11-19,25721.0
Orange,徐匯中學,2020-11-19,25621.0
Orange,三和國中,2020-11-19,26065.0
Orange,三重國小,2020-11-19,24051.0
Orange,迴龍,2020-11-19,23922.0
Orange,丹鳳,2020-11-19,20769.0
Orange,古亭,2020-11-20,36473.5
Orange,頂溪,2020-11-20,76747.0
Orange,永安市場,2020-11-20,56632.0
Orange,景安,2020-11-20,56936.0
Orange,南勢角,2020-11-20,44243.0
Orange,民權西路,2020-11-20,19915.0
Orange,忠孝新生,2020-11-20,30209.0
Orange,松江南京,2020-11-20,43293.5
Orange,輔大,2020-11-20,32909.0
Orange,新莊,2020-11-20,24630.0
Orange,頭前庄,2020-11-20,8480.5
Orange,先嗇宮,2020-11-20,11020.0
Orange,三重,2020-11-20,14424.0
Orange,菜寮,2020-11-20,22295.0
Orange,台北橋,2020-11-20,21069.0
Orange,大橋頭站,2020-11-20,29309.0
Orange,中山國小,2020-11-20,36957.0
Orange,行天宮,2020-11-20,60895.0
Orange,東門,2020-11-20,24111.5
Orange,蘆洲,2020-11-20,31226.0
Orange,三民高中,2020-11-20,27297.0
Orange,徐匯中學,2020-11-20,27500.0
Orange,三和國中,2020-11-20,26924.0
Orange,三重國小,2020-11-20,24991.0
Orange,迴龍,2020-11-20,25182.0
Orange,丹鳳,2020-11-20,21751.0
Orange,古亭,2020-11-21,28327.5
Orange,頂溪,2020-11-21,63409.0
Orange,永安市場,2020-11-21,44381.0
Orange,景安,2020-11-21,45441.0
Orange,南勢角,2020-11-21,35664.0
Orange,民權西路,2020-11-21,13261.0
Orange,忠孝新生,2020-11-21,26558.0
Orange,松江南京,2020-11-21,19881.5
Orange,輔大,2020-11-21,20162.0
Orange,新莊,2020-11-21,18878.0
Orange,頭前庄,2020-11-21,6899.0
Orange,先嗇宮,2020-11-21,5075.0
Orange,三重,2020-11-21,13857.0
Orange,菜寮,2020-11-21,18680.0
Orange,台北橋,2020-11-21,19423.0
Orange,大橋頭站,2020-11-21,24813.0
Orange,中山國小,2020-11-21,26672.0
Orange,行天宮,2020-11-21,41398.0
Orange,東門,2020-11-21,19729.5
Orange,蘆洲,2020-11-21,23874.0
Orange,三民高中,2020-11-21,21314.0
Orange,徐匯中學,2020-11-21,22725.0
Orange,三和國中,2020-11-21,20957.0
Orange,三重國小,2020-11-21,21653.0
Orange,迴龍,2020-11-21,16874.0
Orange,丹鳳,2020-11-21,16979.0
Orange,古亭,2020-11-22,21826.0
Orange,頂溪,2020-11-22,55966.0
Orange,永安市場,2020-11-22,39439.0
Orange,景安,2020-11-22,39446.0
Orange,南勢角,2020-11-22,31329.0
Orange,民權西路,2020-11-22,12064.0
Orange,忠孝新生,2020-11-22,21550.0
Orange,松江南京,2020-11-22,15379.5
Orange,輔大,2020-11-22,17063.0
Orange,新莊,2020-11-22,15289.0
Orange,頭前庄,2020-11-22,5743.0
Orange,先嗇宮,2020-11-22,4236.0
Orange,三重,2020-11-22,12234.0
Orange,菜寮,2020-11-22,13343.0
Orange,台北橋,2020-11-22,15626.0
Orange,大橋頭站,2020-11-22,21160.0
Orange,中山國小,2020-11-22,21786.0
Orange,行天宮,2020-11-22,33616.0
Orange,東門,2020-11-22,16719.0
Orange,蘆洲,2020-11-22,20238.0
Orange,三民高中,2020-11-22,17202.0
Orange,徐匯中學,2020-11-22,18020.0
Orange,三和國中,2020-11-22,17011.0
Orange,三重國小,2020-11-22,17425.0
Orange,迴龍,2020-11-22,14993.0
Orange,丹鳳,2020-11-22,14071.0
Orange,古亭,2020-11-23,33666.5
Orange,頂溪,2020-11-23,70738.0
Orange,永安市場,2020-11-23,51610.0
Orange,景安,2020-11-23,52779.0
Orange,南勢角,2020-11-23,41422.0
Orange,民權西路,2020-11-23,19484.5
Orange,忠孝新生,2020-11-23,25144.5
Orange,松江南京,2020-11-23,40637.5
Orange,輔大,2020-11-23,30514.0
Orange,新莊,2020-11-23,22286.0
Orange,頭前庄,2020-11-23,7826.0
Orange,先嗇宮,2020-11-23,10038.0
Orange,三重,2020-11-23,12992.0
Orange,菜寮,2020-11-23,21053.0
Orange,台北橋,2020-11-23,18590.0
Orange,大橋頭站,2020-11-23,25372.0
Orange,中山國小,2020-11-23,33523.0
Orange,行天宮,2020-11-23,56063.0
Orange,東門,2020-11-23,21061.5
Orange,蘆洲,2020-11-23,28858.0
Orange,三民高中,2020-11-23,25029.0
Orange,徐匯中學,2020-11-23,24623.0
Orange,三和國中,2020-11-23,25107.0
Orange,三重國小,2020-11-23,23631.0
Orange,迴龍,2020-11-23,23252.0
Orange,丹鳳,2020-11-23,20145.0
Orange,古亭,2020-11-24,35185.0
Orange,頂溪,2020-11-24,72512.0
Orange,永安市場,2020-11-24,53739.0
Orange,景安,2020-11-24,53937.0
Orange,南勢角,2020-11-24,42910.0
Orange,民權西路,2020-11-24,19922.0
Orange,忠孝新生,2020-11-24,25935.0
Orange,松江南京,2020-11-24,42008.5
Orange,輔大,2020-11-24,30304.0
Orange,新莊,2020-11-24,22920.0
Orange,頭前庄,2020-11-24,8191.5
Orange,先嗇宮,2020-11-24,10705.0
Orange,三重,2020-11-24,13337.0
Orange,菜寮,2020-11-24,21390.0
Orange,台北橋,2020-11-24,19374.0
Orange,大橋頭站,2020-11-24,25790.0
Orange,中山國小,2020-11-24,34402.0
Orange,行天宮,2020-11-24,57742.0
Orange,東門,2020-11-24,22635.0
Orange,蘆洲,2020-11-24,29839.0
Orange,三民高中,2020-11-24,25214.0
Orange,徐匯中學,2020-11-24,25392.0
Orange,三和國中,2020-11-24,25561.0
Orange,三重國小,2020-11-24,24295.0
Orange,迴龍,2020-11-24,23912.0
Orange,丹鳳,2020-11-24,20432.0
Orange,古亭,2020-11-25,35250.5
Orange,頂溪,2020-11-25,73586.0
Orange,永安市場,2020-11-25,54845.0
Orange,景安,2020-11-25,54688.0
Orange,南勢角,2020-11-25,43886.0
Orange,民權西路,2020-11-25,19918.5
Orange,忠孝新生,2020-11-25,26266.0
Orange,松江南京,2020-11-25,42568.5
Orange,輔大,2020-11-25,31120.0
Orange,新莊,2020-11-25,23077.0
Orange,頭前庄,2020-11-25,8262.5
Orange,先嗇宮,2020-11-25,10891.0
Orange,三重,2020-11-25,13685.0
Orange,菜寮,2020-11-25,21841.0
Orange,台北橋,2020-11-25,19502.0
Orange,大橋頭站,2020-11-25,26328.0
Orange,中山國小,2020-11-25,34762.0
Orange,行天宮,2020-11-25,58259.0
Orange,東門,2020-11-25,22913.0
Orange,蘆洲,2020-11-25,30105.0
Orange,三民高中,2020-11-25,25779.0
Orange,徐匯中學,2020-11-25,25901.0
Orange,三和國中,2020-11-25,25805.0
Orange,三重國小,2020-11-25,24272.0
Orange,迴龍,2020-11-25,24055.0
Orange,丹鳳,2020-11-25,20625.0
Orange,古亭,2020-11-26,35185.0
Orange,頂溪,2020-11-26,74112.0
Orange,永安市場,2020-11-26,54543.0
Orange,景安,2020-11-26,54378.0
Orange,南勢角,2020-11-26,43408.0
Orange,民權西路,2020-11-26,20469.0
Orange,忠孝新生,2020-11-26,26723.0
Orange,松江南京,2020-11-26,42985.5
Orange,輔大,2020-11-26,31076.0
Orange,新莊,2020-11-26,23215.0
Orange,頭前庄,2020-11-26,8138.0
Orange,先嗇宮,2020-11-26,10675.0
Orange,三重,2020-11-26,13906.0
Orange,菜寮,2020-11-26,21394.0
Orange,台北橋,2020-11-26,19491.0
Orange,大橋頭站,2020-11-26,26320.0
Orange,中山國小,2020-11-26,34510.0
Orange,行天宮,2020-11-26,58486.0
Orange,東門,2020-11-26,23415.5
Orange,蘆洲,2020-11-26,29995.0
Orange,三民高中,2020-11-26,25872.0
Orange,徐匯中學,2020-11-26,25890.0
Orange,三和國中,2020-11-26,26110.0
Orange,三重國小,2020-11-26,24418.0
Orange,迴龍,2020-11-26,23634.0
Orange,丹鳳,2020-11-26,20644.0
Orange,古亭,2020-11-27,36466.5
Orange,頂溪,2020-11-27,78522.0
Orange,永安市場,2020-11-27,56910.0
Orange,景安,2020-11-27,56723.0
Orange,南勢角,2020-11-27,44400.0
Orange,民權西路,2020-11-27,20281.0
Orange,忠孝新生,2020-11-27,28910.0
Orange,松江南京,2020-11-27,43767.5
Orange,輔大,2020-11-27,33385.0
Orange,新莊,2020-11-27,24421.0
Orange,頭前庄,2020-11-27,8510.5
Orange,先嗇宮,2020-11-27,11068.0
Orange,三重,2020-11-27,14493.0
Orange,菜寮,2020-11-27,22685.0
Orange,台北橋,2020-11-27,20938.0
Orange,大橋頭站,2020-11-27,29304.0
Orange,中山國小,2020-11-27,36710.0
Orange,行天宮,2020-11-27,61226.0
Orange,東門,2020-11-27,24206.5
Orange,蘆洲,2020-11-27,31085.0
Orange,三民高中,2020-11-27,26653.0
Orange,徐匯中學,2020-11-27,27108.0
Orange,三和國中,2020-11-27,26898.0
Orange,三重國小,2020-11-27,25431.0
Orange,迴龍,2020-11-27,25241.0
Orange,丹鳳,2020-11-27,21699.0
Orange,古亭,2020-11-28,28672.0
Orange,頂溪,2020-11-28,63256.0
Orange,永安市場,2020-11-28,44635.0
Orange,景安,2020-11-28,43557.0
Orange,南勢角,2020-11-28,35289.0
Orange,民權西路,2020-11-28,13224.5
Orange,忠孝新生,2020-11-28,23684.0
Orange,松江南京,2020-11-28,20631.0
Orange,輔大,2020-11-28,19712.0
Orange,新莊,2020-11-28,17943.0
Orange,頭前庄,2020-11-28,6672.0
Orange,先嗇宮,2020-11-28,5007.0
Orange,三重,2020-11-28,12485.0
Orange,菜寮,2020-11-28,17595.0
Orange,台北橋,2020-11-28,19312.0
Orange,大橋頭站,2020-11-28,24488.0
Orange,中山國小,2020-11-28,27070.0
Orange,行天宮,2020-11-28,41350.0
Orange,東門,2020-11-28,19526.0
Orange,蘆洲,2020-11-28,23238.0
Orange,三民高中,2020-11-28,20427.0
Orange,徐匯中學,2020-11-28,22166.0
Orange,三和國中,2020-11-28,20472.0
Orange,三重國小,2020-11-28,20931.0
Orange,迴龍,2020-11-28,16949.0
Orange,丹鳳,2020-11-28,17063.0
Orange,古亭,2020-11-29,21992.0
Orange,頂溪,2020-11-29,52966.0
Orange,永安市場,2020-11-29,35989.0
Orange,景安,2020-11-29,36431.0
Orange,南勢角,2020-11-29,29618.0
Orange,民權西路,2020-11-29,11830.5
Orange,忠孝新生,2020-11-29,17653.5
Orange,松江南京,2020-11-29,15740.5
Orange,輔大,2020-11-29,15175.0
Orange,新莊,2020-11-29,14211.0
Orange,頭前庄,2020-11-29,5600.5
Orange,先嗇宮,2020-11-29,3961.0
Orange,三重,2020-11-29,10884.0
Orange,菜寮,2020-11-29,13055.0
Orange,台北橋,2020-11-29,15499.0
Orange,大橋頭站,2020-11-29,20332.0
Orange,中山國小,2020-11-29,21445.0
Orange,行天宮,2020-11-29,35116.0
Orange,東門,2020-11-29,16241.0
Orange,蘆洲,2020-11-29,18937.0
Orange,三民高中,2020-11-29,17132.0
Orange,徐匯中學,2020-11-29,17519.0
Orange,三和國中,2020-11-29,16397.0
Orange,三重國小,2020-11-29,17118.0
Orange,迴龍,2020-11-29,13996.0
Orange,丹鳳,2020-11-29,13823.0
Orange,古亭,2020-11-30,33683.0
Orange,頂溪,2020-11-30,71690.0
Orange,永安市場,2020-11-30,52531.0
Orange,景安,2020-11-30,53605.0
Orange,南勢角,2020-11-30,42291.0
Orange,民權西路,2020-11-30,19501.0
Orange,忠孝新生,2020-11-30,25023.5
Orange,松江南京,2020-11-30,41399.5
Orange,輔大,2020-11-30,29915.0
Orange,新莊,2020-11-30,22280.0
Orange,頭前庄,2020-11-30,8147.0
Orange,先嗇宮,2020-11-30,10331.0
Orange,三重,2020-11-30,13012.0
Orange,菜寮,2020-11-30,21419.0
Orange,台北橋,2020-11-30,19158.0
Orange,大橋頭站,2020-11-30,25756.0
Orange,中山國小,2020-11-30,33864.0
Orange,行天宮,2020-11-30,56668.0
Orange,東門,2020-11-30,21282.0
Orange,蘆洲,2020-11-30,29108.0
Orange,三民高中,2020-11-30,24821.0
Orange,徐匯中學,2020-11-30,25657.0
Orange,三和國中,2020-11-30,25506.0
Orange,三重國小,2020-11-30,23800.0
Orange,迴龍,2020-11-30,23370.0
Orange,丹鳳,2020-11-30,20106.0
Orange,古亭,2020-12-01,35511.5
Orange,頂溪,2020-12-01,75369.0
Orange,永安市場,2020-12-01,54306.0
Orange,景安,2020-12-01,54957.0
Orange,南勢角,2020-12-01,42736.0
Orange,民權西路,2020-12-01,20299.0
Orange,忠孝新生,2020-12-01,26640.0
Orange,松江南京,2020-12-01,43614.5
Orange,輔大,2020-12-01,30745.0
Orange,新莊,2020-12-01,22766.0
Orange,頭前庄,2020-12-01,8204.5
Orange,先嗇宮,2020-12-01,10843.0
Orange,三重,2020-12-01,13256.0
Orange,菜寮,2020-12-01,22215.0
Orange,台北橋,2020-12-01,19939.0
Orange,大橋頭站,2020-12-01,25979.0
Orange,中山國小,2020-12-01,35614.0
Orange,行天宮,2020-12-01,58835.0
Orange,東門,2020-12-01,22803.0
Orange,蘆洲,2020-12-01,29369.0
Orange,三民高中,2020-12-01,24851.0
Orange,徐匯中學,2020-12-01,25642.0
Orange,三和國中,2020-12-01,25863.0
Orange,三重國小,2020-12-01,24604.0
Orange,迴龍,2020-12-01,23598.0
Orange,丹鳳,2020-12-01,20302.0
Orange,古亭,2020-12-02,36351.5
Orange,頂溪,2020-12-02,76842.0
Orange,永安市場,2020-12-02,55612.0
Orange,景安,2020-12-02,55918.0
Orange,南勢角,2020-12-02,43684.0
Orange,民權西路,2020-12-02,20532.5
Orange,忠孝新生,2020-12-02,27082.0
Orange,松江南京,2020-12-02,44012.0
Orange,輔大,2020-12-02,30854.0
Orange,新莊,2020-12-02,23246.0
Orange,頭前庄,2020-12-02,8331.0
Orange,先嗇宮,2020-12-02,10884.0
Orange,三重,2020-12-02,13450.0
Orange,菜寮,2020-12-02,22298.0
Orange,台北橋,2020-12-02,20052.0
Orange,大橋頭站,2020-12-02,26677.0
Orange,中山國小,2020-12-02,35705.0
Orange,行天宮,2020-12-02,61137.0
Orange,東門,2020-12-02,23868.0
Orange,蘆洲,2020-12-02,29836.0
Orange,三民高中,2020-12-02,25684.0
Orange,徐匯中學,2020-12-02,26012.0
Orange,三和國中,2020-12-02,25918.0
Orange,三重國小,2020-12-02,24617.0
Orange,迴龍,2020-12-02,24033.0
Orange,丹鳳,2020-12-02,20616.0
Orange,古亭,2020-12-03,35964.0
Orange,頂溪,2020-12-03,76269.0
Orange,永安市場,2020-12-03,55596.0
Orange,景安,2020-12-03,55818.0
Orange,南勢角,2020-12-03,43399.0
Orange,民權西路,2020-12-03,20112.0
Orange,忠孝新生,2020-12-03,27169.0
Orange,松江南京,2020-12-03,43886.0
Orange,輔大,2020-12-03,30887.0
Orange,新莊,2020-12-03,23048.0
Orange,頭前庄,2020-12-03,8195.5
Orange,先嗇宮,2020-12-03,10743.0
Orange,三重,2020-12-03,13245.0
Orange,菜寮,2020-12-03,22404.0
Orange,台北橋,2020-12-03,20060.0
Orange,大橋頭站,2020-12-03,26714.0
Orange,中山國小,2020-12-03,35863.0
Orange,行天宮,2020-12-03,60375.0
Orange,東門,2020-12-03,23658.0
Orange,蘆洲,2020-12-03,30137.0
Orange,三民高中,2020-12-03,25488.0
Orange,徐匯中學,2020-12-03,26578.0
Orange,三和國中,2020-12-03,26644.0
Orange,三重國小,2020-12-03,24690.0
Orange,迴龍,2020-12-03,23629.0
Orange,丹鳳,2020-12-03,20476.0
Orange,古亭,2020-12-04,37539.0
Orange,頂溪,2020-12-04,80375.0
Orange,永安市場,2020-12-04,57844.0
Orange,景安,2020-12-04,58218.0
Orange,南勢角,2020-12-04,44963.0
Orange,民權西路,2020-12-04,20960.5
Orange,忠孝新生,2020-12-04,29750.5
Orange,松江南京,2020-12-04,45221.0
Orange,輔大,2020-12-04,32201.0
Orange,新莊,2020-12-04,25088.0
Orange,頭前庄,2020-12-04,8871.5
Orange,先嗇宮,2020-12-04,11274.0
Orange,三重,2020-12-04,14394.0
Orange,菜寮,2020-12-04,22825.0
Orange,台北橋,2020-12-04,21642.0
Orange,大橋頭站,2020-12-04,30226.0
Orange,中山國小,2020-12-04,38399.0
Orange,行天宮,2020-12-04,62903.0
Orange,東門,2020-12-04,25328.5
Orange,蘆洲,2020-12-04,31491.0
Orange,三民高中,2020-12-04,27168.0
Orange,徐匯中學,2020-12-04,28275.0
Orange,三和國中,2020-12-04,27673.0
Orange,三重國小,2020-12-04,25946.0
Orange,迴龍,2020-12-04,25234.0
Orange,丹鳳,2020-12-04,22069.0
Orange,古亭,2020-12-05,28913.0
Orange,頂溪,2020-12-05,66312.0
Orange,永安市場,2020-12-05,46258.0
Orange,景安,2020-12-05,45849.0
Orange,南勢角,2020-12-05,36792.0
Orange,民權西路,2020-12-05,13448.0
Orange,忠孝新生,2020-12-05,24637.5
Orange,松江南京,2020-12-05,24663.5
Orange,輔大,2020-12-05,28715.0
Orange,新莊,2020-12-05,23089.0
Orange,頭前庄,2020-12-05,8337.0
Orange,先嗇宮,2020-12-05,5495.0
Orange,三重,2020-12-05,14211.0
Orange,菜寮,2020-12-05,19120.0
Orange,台北橋,2020-12-05,20082.0
Orange,大橋頭站,2020-12-05,25202.0
Orange,中山國小,2020-12-05,28919.0
Orange,行天宮,2020-12-05,42868.0
Orange,東門,2020-12-05,20442.5
Orange,蘆洲,2020-12-05,25075.0
Orange,三民高中,2020-12-05,21489.0
Orange,徐匯中學,2020-12-05,24407.0
Orange,三和國中,2020-12-05,22333.0
Orange,三重國小,2020-12-05,21950.0
Orange,迴龍,2020-12-05,18546.0
Orange,丹鳳,2020-12-05,18470.0
Orange,古亭,2020-12-06,23346.5
Orange,頂溪,2020-12-06,55906.0
Orange,永安市場,2020-12-06,38442.0
Orange,景安,2020-12-06,38138.0
Orange,南勢角,2020-12-06,30752.0
Orange,民權西路,2020-12-06,12282.5
Orange,忠孝新生,2020-12-06,19842.0
Orange,松江南京,2020-12-06,15901.0
Orange,輔大,2020-12-06,15270.0
Orange,新莊,2020-12-06,15725.0
Orange,頭前庄,2020-12-06,6216.0
Orange,先嗇宮,2020-12-06,4343.0
Orange,三重,2020-12-06,11384.0
Orange,菜寮,2020-12-06,13889.0
Orange,台北橋,2020-12-06,16559.0
Orange,大橋頭站,2020-12-06,21538.0
Orange,中山國小,2020-12-06,22456.0
Orange,行天宮,2020-12-06,33418.0
Orange,東門,2020-12-06,16089.5
Orange,蘆洲,2020-12-06,20141.0
Orange,三民高中,2020-12-06,17818.0
Orange,徐匯中學,2020-12-06,19110.0
Orange,三和國中,2020-12-06,18206.0
Orange,三重國小,2020-12-06,18668.0
Orange,迴龍,2020-12-06,14703.0
Orange,丹鳳,2020-12-06,14801.0
Orange,古亭,2020-12-07,34301.0
Orange,頂溪,2020-12-07,72999.0
Orange,永安市場,2020-12-07,53007.0
Orange,景安,2020-12-07,54273.0
Orange,南勢角,2020-12-07,42664.0
Orange,民權西路,2020-12-07,19511.0
Orange,忠孝新生,2020-12-07,25493.0
Orange,松江南京,2020-12-07,40727.5
Orange,輔大,2020-12-07,20033.0
Orange,新莊,2020-12-07,21507.0
Orange,頭前庄,2020-12-07,7919.5
Orange,先嗇宮,2020-12-07,10336.0
Orange,三重,2020-12-07,12904.0
Orange,菜寮,2020-12-07,20291.0
Orange,台北橋,2020-12-07,19415.0
Orange,大橋頭站,2020-12-07,25807.0
Orange,中山國小,2020-12-07,34193.0
Orange,行天宮,2020-12-07,57689.0
Orange,東門,2020-12-07,21496.0
Orange,蘆洲,2020-12-07,29425.0
Orange,三民高中,2020-12-07,25109.0
Orange,徐匯中學,2020-12-07,25327.0
Orange,三和國中,2020-12-07,25501.0
Orange,三重國小,2020-12-07,23933.0
Orange,迴龍,2020-12-07,23291.0
Orange,丹鳳,2020-12-07,20214.0
Orange,古亭,2020-12-08,36386.0
Orange,頂溪,2020-12-08,75785.0
Orange,永安市場,2020-12-08,55363.0
Orange,景安,2020-12-08,55225.0
Orange,南勢角,2020-12-08,43569.0
Orange,民權西路,2020-12-08,20416.5
Orange,忠孝新生,2020-12-08,26747.5
Orange,松江南京,2020-12-08,44144.0
Orange,輔大,2020-12-08,31017.0
Orange,新莊,2020-12-08,23118.0
Orange,頭前庄,2020-12-08,8287.5
Orange,先嗇宮,2020-12-08,11216.0
Orange,三重,2020-12-08,13436.0
Orange,菜寮,2020-12-08,22047.0
Orange,台北橋,2020-12-08,20040.0
Orange,大橋頭站,2020-12-08,26073.0
Orange,中山國小,2020-12-08,35820.0
Orange,行天宮,2020-12-08,59344.0
Orange,東門,2020-12-08,23147.5
Orange,蘆洲,2020-12-08,29677.0
Orange,三民高中,2020-12-08,25435.0
Orange,徐匯中學,2020-12-08,26298.0
Orange,三和國中,2020-12-08,26090.0
Orange,三重國小,2020-12-08,24524.0
Orange,迴龍,2020-12-08,24018.0
Orange,丹鳳,2020-12-08,20651.0
Orange,古亭,2020-12-09,37299.5
Orange,頂溪,2020-12-09,77025.0
Orange,永安市場,2020-12-09,56124.0
Orange,景安,2020-12-09,56230.0
Orange,南勢角,2020-12-09,43952.0
Orange,民權西路,2020-12-09,20632.5
Orange,忠孝新生,2020-12-09,27604.5
Orange,松江南京,2020-12-09,45250.0
Orange,輔大,2020-12-09,30735.0
Orange,新莊,2020-12-09,23578.0
Orange,頭前庄,2020-12-09,8464.0
Orange,先嗇宮,2020-12-09,11203.0
Orange,三重,2020-12-09,13521.0
Orange,菜寮,2020-12-09,22731.0
Orange,台北橋,2020-12-09,21045.0
Orange,大橋頭站,2020-12-09,26748.0
Orange,中山國小,2020-12-09,36838.0
Orange,行天宮,2020-12-09,61751.0
Orange,東門,2020-12-09,24072.0
Orange,蘆洲,2020-12-09,30307.0
Orange,三民高中,2020-12-09,25630.0
Orange,徐匯中學,2020-12-09,26660.0
Orange,三和國中,2020-12-09,27013.0
Orange,三重國小,2020-12-09,25028.0
Orange,迴龍,2020-12-09,24055.0
Orange,丹鳳,2020-12-09,20686.0
Orange,古亭,2020-12-10,36860.5
Orange,頂溪,2020-12-10,76589.0
Orange,永安市場,2020-12-10,54951.0
Orange,景安,2020-12-10,55919.0
Orange,南勢角,2020-12-10,43673.0
Orange,民權西路,2020-12-10,20384.5
Orange,忠孝新生,2020-12-10,27203.5
Orange,松江南京,2020-12-10,44432.5
Orange,輔大,2020-12-10,30419.0
Orange,新莊,2020-12-10,23895.0
Orange,頭前庄,2020-12-10,8277.5
Orange,先嗇宮,2020-12-10,10968.0
Orange,三重,2020-12-10,13655.0
Orange,菜寮,2020-12-10,22366.0
Orange,台北橋,2020-12-10,20353.0
Orange,大橋頭站,2020-12-10,26502.0
Orange,中山國小,2020-12-10,36103.0
Orange,行天宮,2020-12-10,60102.0
Orange,東門,2020-12-10,23698.5
Orange,蘆洲,2020-12-10,30283.0
Orange,三民高中,2020-12-10,26040.0
Orange,徐匯中學,2020-12-10,26626.0
Orange,三和國中,2020-12-10,26400.0
Orange,三重國小,2020-12-10,24869.0
Orange,迴龍,2020-12-10,24280.0
Orange,丹鳳,2020-12-10,20856.0
Orange,古亭,2020-12-11,37381.5
Orange,頂溪,2020-12-11,79497.0
Orange,永安市場,2020-12-11,58134.0
Orange,景安,2020-12-11,58335.0
Orange,南勢角,2020-12-11,44549.0
Orange,民權西路,2020-12-11,21006.5
Orange,忠孝新生,2020-12-11,28916.5
Orange,松江南京,2020-12-11,45186.0
Orange,輔大,2020-12-11,32252.0
Orange,新莊,2020-12-11,24900.0
Orange,頭前庄,2020-12-11,8702.5
Orange,先嗇宮,2020-12-11,11385.0
Orange,三重,2020-12-11,14639.0
Orange,菜寮,2020-12-11,23224.0
Orange,台北橋,2020-12-11,21720.0
Orange,大橋頭站,2020-12-11,29899.0
Orange,中山國小,2020-12-11,38903.0
Orange,行天宮,2020-12-11,64791.0
Orange,東門,2020-12-11,25054.0
Orange,蘆洲,2020-12-11,31706.0
Orange,三民高中,2020-12-11,27301.0
Orange,徐匯中學,2020-12-11,28306.0
Orange,三和國中,2020-12-11,27677.0
Orange,三重國小,2020-12-11,25828.0
Orange,迴龍,2020-12-11,25567.0
Orange,丹鳳,2020-12-11,22055.0
Orange,古亭,2020-12-12,30076.5
Orange,頂溪,2020-12-12,68312.0
Orange,永安市場,2020-12-12,47577.0
Orange,景安,2020-12-12,47379.0
Orange,南勢角,2020-12-12,38317.0
Orange,民權西路,2020-12-12,13997.0
Orange,忠孝新生,2020-12-12,27574.5
Orange,松江南京,2020-12-12,22583.5
Orange,輔大,2020-12-12,21324.0
Orange,新莊,2020-12-12,20329.0
Orange,頭前庄,2020-12-12,8043.0
Orange,先嗇宮,2020-12-12,5790.0
Orange,三重,2020-12-12,14905.0
Orange,菜寮,2020-12-12,18038.0
Orange,台北橋,2020-12-12,21517.0
Orange,大橋頭站,2020-12-12,27052.0
Orange,中山國小,2020-12-12,30535.0
Orange,行天宮,2020-12-12,46079.0
Orange,東門,2020-12-12,21839.5
Orange,蘆洲,2020-12-12,26320.0
Orange,三民高中,2020-12-12,23316.0
Orange,徐匯中學,2020-12-12,25455.0
Orange,三和國中,2020-12-12,23827.0
Orange,三重國小,2020-12-12,22971.0
Orange,迴龍,2020-12-12,19251.0
Orange,丹鳳,2020-12-12,18937.0
Orange,古亭,2020-12-13,23594.0
Orange,頂溪,2020-12-13,57661.0
Orange,永安市場,2020-12-13,39579.0
Orange,景安,2020-12-13,39477.0
Orange,南勢角,2020-12-13,32692.0
Orange,民權西路,2020-12-13,12802.5
Orange,忠孝新生,2020-12-13,23350.5
Orange,松江南京,2020-12-13,16132.5
Orange,輔大,2020-12-13,17379.0
Orange,新莊,2020-12-13,16546.0
Orange,頭前庄,2020-12-13,6617.5
Orange,先嗇宮,2020-12-13,4630.0
Orange,三重,2020-12-13,12889.0
Orange,菜寮,2020-12-13,14294.0
Orange,台北橋,2020-12-13,17214.0
Orange,大橋頭站,2020-12-13,22493.0
Orange,中山國小,2020-12-13,23353.0
Orange,行天宮,2020-12-13,36000.0
Orange,東門,2020-12-13,17167.0
Orange,蘆洲,2020-12-13,21349.0
Orange,三民高中,2020-12-13,18263.0
Orange,徐匯中學,2020-12-13,19887.0
Orange,三和國中,2020-12-13,18372.0
Orange,三重國小,2020-12-13,18674.0
Orange,迴龍,2020-12-13,15877.0
Orange,丹鳳,2020-12-13,15642.0
Orange,古亭,2020-12-14,34220.0
Orange,頂溪,2020-12-14,73233.0
Orange,永安市場,2020-12-14,52374.0
Orange,景安,2020-12-14,54280.0
Orange,南勢角,2020-12-14,42741.0
Orange,民權西路,2020-12-14,19823.0
Orange,忠孝新生,2020-12-14,25618.5
Orange,松江南京,2020-12-14,42224.5
Orange,輔大,2020-12-14,30381.0
Orange,新莊,2020-12-14,22635.0
Orange,頭前庄,2020-12-14,8067.5
Orange,先嗇宮,2020-12-14,10622.0
Orange,三重,2020-12-14,13034.0
Orange,菜寮,2020-12-14,20935.0
Orange,台北橋,2020-12-14,20110.0
Orange,大橋頭站,2020-12-14,25658.0
Orange,中山國小,2020-12-14,34549.0
Orange,行天宮,2020-12-14,57261.0
Orange,東門,2020-12-14,21528.5
Orange,蘆洲,2020-12-14,29548.0
Orange,三民高中,2020-12-14,25148.0
Orange,徐匯中學,2020-12-14,25799.0
Orange,三和國中,2020-12-14,25721.0
Orange,三重國小,2020-12-14,23943.0
Orange,迴龍,2020-12-14,22482.0
Orange,丹鳳,2020-12-14,20426.0
Orange,古亭,2020-12-15,36414.5
Orange,頂溪,2020-12-15,76465.0
Orange,永安市場,2020-12-15,55209.0
Orange,景安,2020-12-15,56063.0
Orange,南勢角,2020-12-15,43552.0
Orange,民權西路,2020-12-15,20813.0
Orange,忠孝新生,2020-12-15,27214.5
Orange,松江南京,2020-12-15,44814.5
Orange,輔大,2020-12-15,30816.0
Orange,新莊,2020-12-15,23754.0
Orange,頭前庄,2020-12-15,8413.5
Orange,先嗇宮,2020-12-15,11226.0
Orange,三重,2020-12-15,13420.0
Orange,菜寮,2020-12-15,22371.0
Orange,台北橋,2020-12-15,20320.0
Orange,大橋頭站,2020-12-15,26522.0
Orange,中山國小,2020-12-15,36739.0
Orange,行天宮,2020-12-15,61915.0
Orange,東門,2020-12-15,23608.5
Orange,蘆洲,2020-12-15,30365.0
Orange,三民高中,2020-12-15,25728.0
Orange,徐匯中學,2020-12-15,26426.0
Orange,三和國中,2020-12-15,26694.0
Orange,三重國小,2020-12-15,25199.0
Orange,迴龍,2020-12-15,24809.0
Orange,丹鳳,2020-12-15,20975.0
Orange,古亭,2020-12-16,36870.0
Orange,頂溪,2020-12-16,77090.0
Orange,永安市場,2020-12-16,56042.0
Orange,景安,2020-12-16,56466.0
Orange,南勢角,2020-12-16,43798.0
Orange,民權西路,2020-12-16,21050.5
Orange,忠孝新生,2020-12-16,28092.0
Orange,松江南京,2020-12-16,45563.0
Orange,輔大,2020-12-16,31085.0
Orange,新莊,2020-12-16,23664.0
Orange,頭前庄,2020-12-16,8641.0
Orange,先嗇宮,2020-12-16,11588.0
Orange,三重,2020-12-16,13763.0
Orange,菜寮,2020-12-16,22929.0
Orange,台北橋,2020-12-16,20946.0
Orange,大橋頭站,2020-12-16,27258.0
Orange,中山國小,2020-12-16,37265.0
Orange,行天宮,2020-12-16,62072.0
Orange,東門,2020-12-16,24609.0
Orange,蘆洲,2020-12-16,30226.0
Orange,三民高中,2020-12-16,26081.0
Orange,徐匯中學,2020-12-16,27066.0
Orange,三和國中,2020-12-16,27419.0
Orange,三重國小,2020-12-16,25416.0
Orange,迴龍,2020-12-16,24495.0
Orange,丹鳳,2020-12-16,20907.0
Orange,古亭,2020-12-17,36781.0
Orange,頂溪,2020-12-17,77420.0
Orange,永安市場,2020-12-17,55962.0
Orange,景安,2020-12-17,56704.0
Orange,南勢角,2020-12-17,44278.0
Orange,民權西路,2020-12-17,21112.0
Orange,忠孝新生,2020-12-17,28340.5
Orange,松江南京,2020-12-17,44799.5
Orange,輔大,2020-12-17,30936.0
Orange,新莊,2020-12-17,23788.0
Orange,頭前庄,2020-12-17,8511.0
Orange,先嗇宮,2020-12-17,10969.0
Orange,三重,2020-12-17,13792.0
Orange,菜寮,2020-12-17,22375.0
Orange,台北橋,2020-12-17,20666.0
Orange,大橋頭站,2020-12-17,27704.0
Orange,中山國小,2020-12-17,36832.0
Orange,行天宮,2020-12-17,61136.0
Orange,東門,2020-12-17,24220.5
Orange,蘆洲,2020-12-17,30545.0
Orange,三民高中,2020-12-17,26343.0
Orange,徐匯中學,2020-12-17,26987.0
Orange,三和國中,2020-12-17,26925.0
Orange,三重國小,2020-12-17,25512.0
Orange,迴龍,2020-12-17,24106.0
Orange,丹鳳,2020-12-17,21293.0
Orange,古亭,2020-12-18,37421.0
Orange,頂溪,2020-12-18,80572.0
Orange,永安市場,2020-12-18,57593.0
Orange,景安,2020-12-18,58590.0
Orange,南勢角,2020-12-18,45069.0
Orange,民權西路,2020-12-18,20758.0
Orange,忠孝新生,2020-12-18,29138.0
Orange,松江南京,2020-12-18,45109.0
Orange,輔大,2020-12-18,32724.0
Orange,新莊,2020-12-18,25155.0
Orange,頭前庄,2020-12-18,8766.0
Orange,先嗇宮,2020-12-18,11584.0
Orange,三重,2020-12-18,14677.0
Orange,菜寮,2020-12-18,22905.0
Orange,台北橋,2020-12-18,21863.0
Orange,大橋頭站,2020-12-18,30418.0
Orange,中山國小,2020-12-18,38679.0
Orange,行天宮,2020-12-18,64663.0
Orange,東門,2020-12-18,25929.0
Orange,蘆洲,2020-12-18,31658.0
Orange,三民高中,2020-12-18,27306.0
Orange,徐匯中學,2020-12-18,28681.0
Orange,三和國中,2020-12-18,27942.0
Orange,三重國小,2020-12-18,26187.0
Orange,迴龍,2020-12-18,25601.0
Orange,丹鳳,2020-12-18,22536.0
Orange,古亭,2020-12-19,29942.0
Orange,頂溪,2020-12-19,70701.0
Orange,永安市場,2020-12-19,47819.0
Orange,景安,2020-12-19,48135.0
Orange,南勢角,2020-12-19,39338.0
Orange,民權西路,2020-12-19,14429.0
Orange,忠孝新生,2020-12-19,24599.5
Orange,松江南京,2020-12-19,24044.0
Orange,輔大,2020-12-19,20952.0
Orange,新莊,2020-12-19,19835.0
Orange,頭前庄,2020-12-19,8223.5
Orange,先嗇宮,2020-12-19,5415.0
Orange,三重,2020-12-19,13712.0
Orange,菜寮,2020-12-19,18243.0
Orange,台北橋,2020-12-19,20648.0
Orange,大橋頭站,2020-12-19,25795.0
Orange,中山國小,2020-12-19,31380.0
Orange,行天宮,2020-12-19,46758.0
Orange,東門,2020-12-19,21999.5
Orange,蘆洲,2020-12-19,25148.0
Orange,三民高中,2020-12-19,22299.0
Orange,徐匯中學,2020-12-19,24689.0
Orange,三和國中,2020-12-19,24810.0
Orange,三重國小,2020-12-19,22769.0
Orange,迴龍,2020-12-19,19269.0
Orange,丹鳳,2020-12-19,17933.0
Orange,古亭,2020-12-20,23752.5
Orange,頂溪,2020-12-20,57159.0
Orange,永安市場,2020-12-20,39082.0
Orange,景安,2020-12-20,39253.0
Orange,南勢角,2020-12-20,32750.0
Orange,民權西路,2020-12-20,13624.5
Orange,忠孝新生,2020-12-20,19548.5
Orange,松江南京,2020-12-20,18123.0
Orange,輔大,2020-12-20,16102.0
Orange,新莊,2020-12-20,15571.0
Orange,頭前庄,2020-12-20,6077.0
Orange,先嗇宮,2020-12-20,4633.0
Orange,三重,2020-12-20,11636.0
Orange,菜寮,2020-12-20,15443.0
Orange,台北橋,2020-12-20,16905.0
Orange,大橋頭站,2020-12-20,23111.0
Orange,中山國小,2020-12-20,25644.0
Orange,行天宮,2020-12-20,36218.0
Orange,東門,2020-12-20,18449.0
Orange,蘆洲,2020-12-20,20334.0
Orange,三民高中,2020-12-20,17923.0
Orange,徐匯中學,2020-12-20,19994.0
Orange,三和國中,2020-12-20,20754.0
Orange,三重國小,2020-12-20,18658.0
Orange,迴龍,2020-12-20,15320.0
Orange,丹鳳,2020-12-20,14663.0
Orange,古亭,2020-12-21,35170.5
Orange,頂溪,2020-12-21,75010.0
Orange,永安市場,2020-12-21,53340.0
Orange,景安,2020-12-21,54934.0
Orange,南勢角,2020-12-21,43872.0
Orange,民權西路,2020-12-21,19759.0
Orange,忠孝新生,2020-12-21,26339.5
Orange,松江南京,2020-12-21,42345.5
Orange,輔大,2020-12-21,30584.0
Orange,新莊,2020-12-21,22839.0
Orange,頭前庄,2020-12-21,8101.5
Orange,先嗇宮,2020-12-21,10548.0
Orange,三重,2020-12-21,13515.0
Orange,菜寮,2020-12-21,21433.0
Orange,台北橋,2020-12-21,19981.0
Orange,大橋頭站,2020-12-21,26742.0
Orange,中山國小,2020-12-21,36293.0
Orange,行天宮,2020-12-21,58809.0
Orange,東門,2020-12-21,22806.5
Orange,蘆洲,2020-12-21,29540.0
Orange,三民高中,2020-12-21,25010.0
Orange,徐匯中學,2020-12-21,26071.0
Orange,三和國中,2020-12-21,27736.0
Orange,三重國小,2020-12-21,24666.0
Orange,迴龍,2020-12-21,23268.0
Orange,丹鳳,2020-12-21,20456.0
Orange,古亭,2020-12-22,36550.0
Orange,頂溪,2020-12-22,76497.0
Orange,永安市場,2020-12-22,54884.0
Orange,景安,2020-12-22,55944.0
Orange,南勢角,2020-12-22,43482.0
Orange,民權西路,2020-12-22,20710.5
Orange,忠孝新生,2020-12-22,27260.0
Orange,松江南京,2020-12-22,43895.5
Orange,輔大,2020-12-22,31170.0
Orange,新莊,2020-12-22,23954.0
Orange,頭前庄,2020-12-22,8365.5
Orange,先嗇宮,2020-12-22,11115.0
Orange,三重,2020-12-22,13917.0
Orange,菜寮,2020-12-22,22047.0
Orange,台北橋,2020-12-22,20175.0
Orange,大橋頭站,2020-12-22,26596.0
Orange,中山國小,2020-12-22,36131.0
Orange,行天宮,2020-12-22,60483.0
Orange,東門,2020-12-22,24139.0
Orange,蘆洲,2020-12-22,30038.0
Orange,三民高中,2020-12-22,25956.0
Orange,徐匯中學,2020-12-22,26436.0
Orange,三和國中,2020-12-22,26574.0
Orange,三重國小,2020-12-22,24789.0
Orange,迴龍,2020-12-22,24469.0
Orange,丹鳳,2020-12-22,20768.0
Orange,古亭,2020-12-23,37258.5
Orange,頂溪,2020-12-23,77392.0
Orange,永安市場,2020-12-23,56139.0
Orange,景安,2020-12-23,56384.0
Orange,南勢角,2020-12-23,43415.0
Orange,民權西路,2020-12-23,21068.5
Orange,忠孝新生,2020-12-23,28317.0
Orange,松江南京,2020-12-23,45581.5
Orange,輔大,2020-12-23,31043.0
Orange,新莊,2020-12-23,23529.0
Orange,頭前庄,2020-12-23,8336.5
Orange,先嗇宮,2020-12-23,11443.0
Orange,三重,2020-12-23,13675.0
Orange,菜寮,2020-12-23,22710.0
Orange,台北橋,2020-12-23,20856.0
Orange,大橋頭站,2020-12-23,27047.0
Orange,中山國小,2020-12-23,37033.0
Orange,行天宮,2020-12-23,62081.0
Orange,東門,2020-12-23,24474.5
Orange,蘆洲,2020-12-23,30369.0
Orange,三民高中,2020-12-23,25651.0
Orange,徐匯中學,2020-12-23,27049.0
Orange,三和國中,2020-12-23,27056.0
Orange,三重國小,2020-12-23,25177.0
Orange,迴龍,2020-12-23,24183.0
Orange,丹鳳,2020-12-23,20911.0
Orange,古亭,2020-12-24,36777.0
Orange,頂溪,2020-12-24,77169.0
Orange,永安市場,2020-12-24,54508.0
Orange,景安,2020-12-24,56320.0
Orange,南勢角,2020-12-24,43741.0
Orange,民權西路,2020-12-24,21043.0
Orange,忠孝新生,2020-12-24,28755.0
Orange,松江南京,2020-12-24,44490.0
Orange,輔大,2020-12-24,31666.0
Orange,新莊,2020-12-24,23723.0
Orange,頭前庄,2020-12-24,8314.5
Orange,先嗇宮,2020-12-24,10995.0
Orange,三重,2020-12-24,13586.0
Orange,菜寮,2020-12-24,22151.0
Orange,台北橋,2020-12-24,20393.0
Orange,大橋頭站,2020-12-24,27619.0
Orange,中山國小,2020-12-24,37185.0
Orange,行天宮,2020-12-24,60324.0
Orange,東門,2020-12-24,24842.0
Orange,蘆洲,2020-12-24,30168.0
Orange,三民高中,2020-12-24,25807.0
Orange,徐匯中學,2020-12-24,26787.0
Orange,三和國中,2020-12-24,26802.0
Orange,三重國小,2020-12-24,25154.0
Orange,迴龍,2020-12-24,24337.0
Orange,丹鳳,2020-12-24,20802.0
Orange,古亭,2020-12-25,36611.0
Orange,頂溪,2020-12-25,79495.0
Orange,永安市場,2020-12-25,57617.0
Orange,景安,2020-12-25,57934.0
Orange,南勢角,2020-12-25,44588.0
Orange,民權西路,2020-12-25,20827.5
Orange,忠孝新生,2020-12-25,29328.5
Orange,松江南京,2020-12-25,44420.0
Orange,輔大,2020-12-25,21757.0
Orange,新莊,2020-12-25,24771.0
Orange,頭前庄,2020-12-25,8657.0
Orange,先嗇宮,2020-12-25,11015.0
Orange,三重,2020-12-25,14653.0
Orange,菜寮,2020-12-25,21854.0
Orange,台北橋,2020-12-25,22440.0
Orange,大橋頭站,2020-12-25,29700.0
Orange,中山國小,2020-12-25,38813.0
Orange,行天宮,2020-12-25,62238.0
Orange,東門,2020-12-25,25569.5
Orange,蘆洲,2020-12-25,31383.0
Orange,三民高中,2020-12-25,26723.0
Orange,徐匯中學,2020-12-25,28588.0
Orange,三和國中,2020-12-25,27415.0
Orange,三重國小,2020-12-25,25614.0
Orange,迴龍,2020-12-25,25352.0
Orange,丹鳳,2020-12-25,22221.0
Orange,古亭,2020-12-26,27975.5
Orange,頂溪,2020-12-26,66686.0
Orange,永安市場,2020-12-26,46661.0
Orange,景安,2020-12-26,45326.0
Orange,南勢角,2020-12-26,36316.0
Orange,民權西路,2020-12-26,13473.0
Orange,忠孝新生,2020-12-26,23561.5
Orange,松江南京,2020-12-26,20703.0
Orange,輔大,2020-12-26,18209.0
Orange,新莊,2020-12-26,18568.0
Orange,頭前庄,2020-12-26,6898.5
Orange,先嗇宮,2020-12-26,5607.0
Orange,三重,2020-12-26,14143.0
Orange,菜寮,2020-12-26,16196.0
Orange,台北橋,2020-12-26,19774.0
Orange,大橋頭站,2020-12-26,25486.0
Orange,中山國小,2020-12-26,28123.0
Orange,行天宮,2020-12-26,41787.0
Orange,東門,2020-12-26,20587.0
Orange,蘆洲,2020-12-26,24011.0
Orange,三民高中,2020-12-26,20822.0
Orange,徐匯中學,2020-12-26,22755.0
Orange,三和國中,2020-12-26,21202.0
Orange,三重國小,2020-12-26,21185.0
Orange,迴龍,2020-12-26,17172.0
Orange,丹鳳,2020-12-26,17065.0
Orange,古亭,2020-12-27,21958.0
Orange,頂溪,2020-12-27,53877.0
Orange,永安市場,2020-12-27,37900.0
Orange,景安,2020-12-27,36509.0
Orange,南勢角,2020-12-27,30243.0
Orange,民權西路,2020-12-27,12743.0
Orange,忠孝新生,2020-12-27,20182.5
Orange,松江南京,2020-12-27,16102.0
Orange,輔大,2020-12-27,14990.0
Orange,新莊,2020-12-27,14573.0
Orange,頭前庄,2020-12-27,5455.0
Orange,先嗇宮,2020-12-27,4354.0
Orange,三重,2020-12-27,11079.0
Orange,菜寮,2020-12-27,13701.0
Orange,台北橋,2020-12-27,15309.0
Orange,大橋頭站,2020-12-27,21062.0
Orange,中山國小,2020-12-27,22416.0
Orange,行天宮,2020-12-27,33594.0
Orange,東門,2020-12-27,16676.5
Orange,蘆洲,2020-12-27,19243.0
Orange,三民高中,2020-12-27,16967.0
Orange,徐匯中學,2020-12-27,18561.0
Orange,三和國中,2020-12-27,17394.0
Orange,三重國小,2020-12-27,17335.0
Orange,迴龍,2020-12-27,14308.0
Orange,丹鳳,2020-12-27,13916.0
Orange,古亭,2020-12-28,34514.5
Orange,頂溪,2020-12-28,73124.0
Orange,永安市場,2020-12-28,53005.0
Orange,景安,2020-12-28,53888.0
Orange,南勢角,2020-12-28,42291.0
Orange,民權西路,2020-12-28,19700.0
Orange,忠孝新生,2020-12-28,26012.0
Orange,松江南京,2020-12-28,42253.5
Orange,輔大,2020-12-28,29848.0
Orange,新莊,2020-12-28,22927.0
Orange,頭前庄,2020-12-28,8097.5
Orange,先嗇宮,2020-12-28,10552.0
Orange,三重,2020-12-28,13004.0
Orange,菜寮,2020-12-28,21254.0
Orange,台北橋,2020-12-28,19323.0
Orange,大橋頭站,2020-12-28,26045.0
Orange,中山國小,2020-12-28,34919.0
Orange,行天宮,2020-12-28,58222.0
Orange,東門,2020-12-28,21955.0
Orange,蘆洲,2020-12-28,29410.0
Orange,三民高中,2020-12-28,24808.0
Orange,徐匯中學,2020-12-28,25793.0
Orange,三和國中,2020-12-28,25802.0
Orange,三重國小,2020-12-28,23890.0
Orange,迴龍,2020-12-28,23416.0
Orange,丹鳳,2020-12-28,20327.0
Orange,古亭,2020-12-29,36175.0
Orange,頂溪,2020-12-29,75152.0
Orange,永安市場,2020-12-29,55550.0
Orange,景安,2020-12-29,55523.0
Orange,南勢角,2020-12-29,43576.0
Orange,民權西路,2020-12-29,20713.0
Orange,忠孝新生,2020-12-29,26748.5
Orange,松江南京,2020-12-29,42766.5
Orange,輔大,2020-12-29,30333.0
Orange,新莊,2020-12-29,23682.0
Orange,頭前庄,2020-12-29,8160.0
Orange,先嗇宮,2020-12-29,10694.0
Orange,三重,2020-12-29,13632.0
Orange,菜寮,2020-12-29,21702.0
Orange,台北橋,2020-12-29,19889.0
Orange,大橋頭站,2020-12-29,26659.0
Orange,中山國小,2020-12-29,35228.0
Orange,行天宮,2020-12-29,61003.0
Orange,東門,2020-12-29,23835.5
Orange,蘆洲,2020-12-29,29945.0
Orange,三民高中,2020-12-29,25531.0
Orange,徐匯中學,2020-12-29,25942.0
Orange,三和國中,2020-12-29,26183.0
Orange,三重國小,2020-12-29,24353.0
Orange,迴龍,2020-12-29,24370.0
Orange,丹鳳,2020-12-29,20565.0
Orange,古亭,2020-12-30,36275.5
Orange,頂溪,2020-12-30,75686.0
Orange,永安市場,2020-12-30,55249.0
Orange,景安,2020-12-30,55421.0
Orange,南勢角,2020-12-30,43389.0
Orange,民權西路,2020-12-30,20647.5
Orange,忠孝新生,2020-12-30,27865.5
Orange,松江南京,2020-12-30,43601.0
Orange,輔大,2020-12-30,30554.0
Orange,新莊,2020-12-30,23879.0
Orange,頭前庄,2020-12-30,8412.0
Orange,先嗇宮,2020-12-30,11033.0
Orange,三重,2020-12-30,13531.0
Orange,菜寮,2020-12-30,22276.0
Orange,台北橋,2020-12-30,20459.0
Orange,大橋頭站,2020-12-30,26876.0
Orange,中山國小,2020-12-30,36406.0
Orange,行天宮,2020-12-30,60847.0
Orange,東門,2020-12-30,23955.0
Orange,蘆洲,2020-12-30,30011.0
Orange,三民高中,2020-12-30,25755.0
Orange,徐匯中學,2020-12-30,26771.0
Orange,三和國中,2020-12-30,26194.0
Orange,三重國小,2020-12-30,24776.0
Orange,迴龍,2020-12-30,23963.0
Orange,丹鳳,2020-12-30,20659.0
Orange,古亭,2020-12-31,35450.5
Orange,頂溪,2020-12-31,80407.0
Orange,永安市場,2020-12-31,57985.0
Orange,景安,2020-12-31,58029.0
Orange,南勢角,2020-12-31,45398.0
Orange,民權西路,2020-12-31,20737.5
Orange,忠孝新生,2020-12-31,28138.0
Orange,松江南京,2020-12-31,43263.5
Orange,輔大,2020-12-31,33137.0
Orange,新莊,2020-12-31,26018.0
Orange,頭前庄,2020-12-31,8867.5
Orange,先嗇宮,2020-12-31,11655.0
Orange,三重,2020-12-31,15646.0
Orange,菜寮,2020-12-31,23625.0
Orange,台北橋,2020-12-31,23742.0
Orange,大橋頭站,2020-12-31,29242.0
Orange,中山國小,2020-12-31,39161.0
Orange,行天宮,2020-12-31,60845.0
Orange,東門,2020-12-31,24773.0
Orange,蘆洲,2020-12-31,31833.0
Orange,三民高中,2020-12-31,27557.0
Orange,徐匯中學,2020-12-31,29546.0
Orange,三和國中,2020-12-31,28234.0
Orange,三重國小,2020-12-31,27600.0
Orange,迴龍,2020-12-31,26327.0
Orange,丹鳳,2020-12-31,23069.0
Orange,古亭,2021-01-01,725.0
Orange,頂溪,2021-01-01,2558.0
Orange,永安市場,2021-01-01,1813.0
Orange,景安,2021-01-01,1574.0
Orange,南勢角,2021-01-01,1332.0
Orange,民權西路,2021-01-01,400.0
Orange,忠孝新生,2021-01-01,703.5
Orange,松江南京,2021-01-01,668.5
Orange,輔大,2021-01-01,1076.0
Orange,新莊,2021-01-01,1038.0
Orange,頭前庄,2021-01-01,215.0
Orange,先嗇宮,2021-01-01,212.0
Orange,三重,2021-01-01,995.0
Orange,菜寮,2021-01-01,861.0
Orange,台北橋,2021-01-01,1087.0
Orange,大橋頭站,2021-01-01,670.0
Orange,中山國小,2021-01-01,1283.0
Orange,行天宮,2021-01-01,1190.0
Orange,東門,2021-01-01,480.0
Orange,蘆洲,2021-01-01,932.0
Orange,三民高中,2021-01-01,976.0
Orange,徐匯中學,2021-01-01,1105.0
Orange,三和國中,2021-01-01,980.0
Orange,三重國小,2021-01-01,945.0
Orange,迴龍,2021-01-01,850.0
Orange,丹鳳,2021-01-01,1037.0
