line,station,date,people
Orange,古亭,2022-01-01,15499.5
Orange,頂溪,2022-01-01,47108.0
Orange,永安市場,2022-01-01,30990.0
Orange,景安,2022-01-01,30715.0
Orange,南勢角,2022-01-01,27193.0
Orange,民權西路,2022-01-01,7765.5
Orange,忠孝新生,2022-01-01,15500.0
Orange,松江南京,2022-01-01,13077.5
Orange,輔大,2022-01-01,10662.0
Orange,新莊,2022-01-01,13112.0
Orange,頭前庄,2022-01-01,5178.0
Orange,先嗇宮,2022-01-01,6820.0
Orange,三重,2022-01-01,13836.0
Orange,菜寮,2022-01-01,11726.0
Orange,台北橋,2022-01-01,16563.0
Orange,大橋頭站,2022-01-01,18863.0
Orange,中山國小,2022-01-01,18787.0
Orange,行天宮,2022-01-01,28106.0
Orange,東門,2022-01-01,12824.5
Orange,蘆洲,2022-01-01,16993.0
Orange,三民高中,2022-01-01,15572.0
Orange,徐匯中學,2022-01-01,16295.0
Orange,三和國中,2022-01-01,15108.0
Orange,三重國小,2022-01-01,15845.0
Orange,迴龍,2022-01-01,12852.0
Orange,丹鳳,2022-01-01,12254.0
Orange,古亭,2022-01-02,15319.0
Orange,頂溪,2022-01-02,41527.0
Orange,永安市場,2022-01-02,28466.0
Orange,景安,2022-01-02,27604.0
Orange,南勢角,2022-01-02,24745.0
Orange,民權西路,2022-01-02,8412.0
Orange,忠孝新生,2022-01-02,13492.0
Orange,松江南京,2022-01-02,11332.5
Orange,輔大,2022-01-02,10328.0
Orange,新莊,2022-01-02,10671.0
Orange,頭前庄,2022-01-02,4397.0
Orange,先嗇宮,2022-01-02,7162.0
Orange,三重,2022-01-02,11234.0
Orange,菜寮,2022-01-02,10153.0
Orange,台北橋,2022-01-02,12912.0
Orange,大橋頭站,2022-01-02,16948.0
Orange,中山國小,2022-01-02,17262.0
Orange,行天宮,2022-01-02,23488.0
Orange,東門,2022-01-02,13038.5
Orange,蘆洲,2022-01-02,14431.0
Orange,三民高中,2022-01-02,13593.0
Orange,徐匯中學,2022-01-02,14243.0
Orange,三和國中,2022-01-02,13575.0
Orange,三重國小,2022-01-02,13507.0
Orange,迴龍,2022-01-02,11575.0
Orange,丹鳳,2022-01-02,10834.0
Orange,古亭,2022-01-03,28684.5
Orange,頂溪,2022-01-03,63019.0
Orange,永安市場,2022-01-03,46113.0
Orange,景安,2022-01-03,47085.0
Orange,南勢角,2022-01-03,38069.0
Orange,民權西路,2022-01-03,17266.5
Orange,忠孝新生,2022-01-03,23031.5
Orange,松江南京,2022-01-03,37015.5
Orange,輔大,2022-01-03,26823.0
Orange,新莊,2022-01-03,20536.0
Orange,頭前庄,2022-01-03,7429.0
Orange,先嗇宮,2022-01-03,9682.0
Orange,三重,2022-01-03,12341.0
Orange,菜寮,2022-01-03,19394.0
Orange,台北橋,2022-01-03,17215.0
Orange,大橋頭站,2022-01-03,22985.0
Orange,中山國小,2022-01-03,29799.0
Orange,行天宮,2022-01-03,51128.0
Orange,東門,2022-01-03,18187.0
Orange,蘆洲,2022-01-03,26345.0
Orange,三民高中,2022-01-03,23132.0
Orange,徐匯中學,2022-01-03,22889.0
Orange,三和國中,2022-01-03,23287.0
Orange,三重國小,2022-01-03,21635.0
Orange,迴龍,2022-01-03,22256.0
Orange,丹鳳,2022-01-03,18421.0
Orange,古亭,2022-01-04,30839.5
Orange,頂溪,2022-01-04,65018.0
Orange,永安市場,2022-01-04,48240.0
Orange,景安,2022-01-04,48372.0
Orange,南勢角,2022-01-04,38959.0
Orange,民權西路,2022-01-04,17798.5
Orange,忠孝新生,2022-01-04,24144.0
Orange,松江南京,2022-01-04,37980.0
Orange,輔大,2022-01-04,27103.0
Orange,新莊,2022-01-04,21093.0
Orange,頭前庄,2022-01-04,7590.5
Orange,先嗇宮,2022-01-04,9761.0
Orange,三重,2022-01-04,12611.0
Orange,菜寮,2022-01-04,19871.0
Orange,台北橋,2022-01-04,17567.0
Orange,大橋頭站,2022-01-04,23122.0
Orange,中山國小,2022-01-04,30908.0
Orange,行天宮,2022-01-04,51159.0
Orange,東門,2022-01-04,19877.5
Orange,蘆洲,2022-01-04,26881.0
Orange,三民高中,2022-01-04,23533.0
Orange,徐匯中學,2022-01-04,23314.0
Orange,三和國中,2022-01-04,23709.0
Orange,三重國小,2022-01-04,21946.0
Orange,迴龍,2022-01-04,22790.0
Orange,丹鳳,2022-01-04,18722.0
Orange,古亭,2022-01-05,31177.5
Orange,頂溪,2022-01-05,65868.0
Orange,永安市場,2022-01-05,48417.0
Orange,景安,2022-01-05,48715.0
Orange,南勢角,2022-01-05,39901.0
Orange,民權西路,2022-01-05,18634.0
Orange,忠孝新生,2022-01-05,24796.5
Orange,松江南京,2022-01-05,38725.0
Orange,輔大,2022-01-05,26608.0
Orange,新莊,2022-01-05,20543.0
Orange,頭前庄,2022-01-05,7811.5
Orange,先嗇宮,2022-01-05,10048.0
Orange,三重,2022-01-05,12928.0
Orange,菜寮,2022-01-05,20140.0
Orange,台北橋,2022-01-05,18242.0
Orange,大橋頭站,2022-01-05,23759.0
Orange,中山國小,2022-01-05,31815.0
Orange,行天宮,2022-01-05,52782.0
Orange,東門,2022-01-05,20577.5
Orange,蘆洲,2022-01-05,27569.0
Orange,三民高中,2022-01-05,23758.0
Orange,徐匯中學,2022-01-05,23885.0
Orange,三和國中,2022-01-05,23481.0
Orange,三重國小,2022-01-05,22152.0
Orange,迴龍,2022-01-05,22792.0
Orange,丹鳳,2022-01-05,19149.0
Orange,古亭,2022-01-06,31445.0
Orange,頂溪,2022-01-06,66332.0
Orange,永安市場,2022-01-06,48768.0
Orange,景安,2022-01-06,49201.0
Orange,南勢角,2022-01-06,39725.0
Orange,民權西路,2022-01-06,18214.5
Orange,忠孝新生,2022-01-06,25065.5
Orange,松江南京,2022-01-06,39878.5
Orange,輔大,2022-01-06,27389.0
Orange,新莊,2022-01-06,20388.0
Orange,頭前庄,2022-01-06,7823.0
Orange,先嗇宮,2022-01-06,10033.0
Orange,三重,2022-01-06,13015.0
Orange,菜寮,2022-01-06,20058.0
Orange,台北橋,2022-01-06,17932.0
Orange,大橋頭站,2022-01-06,23113.0
Orange,中山國小,2022-01-06,31944.0
Orange,行天宮,2022-01-06,52752.0
Orange,東門,2022-01-06,20389.0
Orange,蘆洲,2022-01-06,27263.0
Orange,三民高中,2022-01-06,23648.0
Orange,徐匯中學,2022-01-06,24042.0
Orange,三和國中,2022-01-06,23807.0
Orange,三重國小,2022-01-06,22396.0
Orange,迴龍,2022-01-06,22756.0
Orange,丹鳳,2022-01-06,18809.0
Orange,古亭,2022-01-07,32436.5
Orange,頂溪,2022-01-07,69547.0
Orange,永安市場,2022-01-07,50500.0
Orange,景安,2022-01-07,51203.0
Orange,南勢角,2022-01-07,40942.0
Orange,民權西路,2022-01-07,18737.5
Orange,忠孝新生,2022-01-07,26729.5
Orange,松江南京,2022-01-07,40488.0
Orange,輔大,2022-01-07,27693.0
Orange,新莊,2022-01-07,22347.0
Orange,頭前庄,2022-01-07,8299.5
Orange,先嗇宮,2022-01-07,10028.0
Orange,三重,2022-01-07,14028.0
Orange,菜寮,2022-01-07,21162.0
Orange,台北橋,2022-01-07,19498.0
Orange,大橋頭站,2022-01-07,25218.0
Orange,中山國小,2022-01-07,33788.0
Orange,行天宮,2022-01-07,55725.0
Orange,東門,2022-01-07,21508.0
Orange,蘆洲,2022-01-07,28646.0
Orange,三民高中,2022-01-07,24907.0
Orange,徐匯中學,2022-01-07,25599.0
Orange,三和國中,2022-01-07,24956.0
Orange,三重國小,2022-01-07,23273.0
Orange,迴龍,2022-01-07,23830.0
Orange,丹鳳,2022-01-07,20031.0
Orange,古亭,2022-01-08,23659.5
Orange,頂溪,2022-01-08,52252.0
Orange,永安市場,2022-01-08,36193.0
Orange,景安,2022-01-08,35554.0
Orange,南勢角,2022-01-08,30492.0
Orange,民權西路,2022-01-08,11153.0
Orange,忠孝新生,2022-01-08,21160.0
Orange,松江南京,2022-01-08,17459.5
Orange,輔大,2022-01-08,14757.0
Orange,新莊,2022-01-08,17690.0
Orange,頭前庄,2022-01-08,5924.0
Orange,先嗇宮,2022-01-08,4897.0
Orange,三重,2022-01-08,10694.0
Orange,菜寮,2022-01-08,13614.0
Orange,台北橋,2022-01-08,16304.0
Orange,大橋頭站,2022-01-08,20642.0
Orange,中山國小,2022-01-08,23299.0
Orange,行天宮,2022-01-08,34434.0
Orange,東門,2022-01-08,16240.0
Orange,蘆洲,2022-01-08,19254.0
Orange,三民高中,2022-01-08,17508.0
Orange,徐匯中學,2022-01-08,18800.0
Orange,三和國中,2022-01-08,17235.0
Orange,三重國小,2022-01-08,17518.0
Orange,迴龍,2022-01-08,14084.0
Orange,丹鳳,2022-01-08,14148.0
Orange,古亭,2022-01-09,17560.5
Orange,頂溪,2022-01-09,42088.0
Orange,永安市場,2022-01-09,29573.0
Orange,景安,2022-01-09,28475.0
Orange,南勢角,2022-01-09,24238.0
Orange,民權西路,2022-01-09,9426.0
Orange,忠孝新生,2022-01-09,16419.5
Orange,松江南京,2022-01-09,12138.5
Orange,輔大,2022-01-09,10202.0
Orange,新莊,2022-01-09,13817.0
Orange,頭前庄,2022-01-09,4378.5
Orange,先嗇宮,2022-01-09,3595.0
Orange,三重,2022-01-09,8834.0
Orange,菜寮,2022-01-09,10382.0
Orange,台北橋,2022-01-09,12903.0
Orange,大橋頭站,2022-01-09,16989.0
Orange,中山國小,2022-01-09,17596.0
Orange,行天宮,2022-01-09,26089.0
Orange,東門,2022-01-09,14208.0
Orange,蘆洲,2022-01-09,15131.0
Orange,三民高中,2022-01-09,13454.0
Orange,徐匯中學,2022-01-09,14417.0
Orange,三和國中,2022-01-09,13221.0
Orange,三重國小,2022-01-09,14223.0
Orange,迴龍,2022-01-09,11390.0
Orange,丹鳳,2022-01-09,10830.0
Orange,古亭,2022-01-10,29075.0
Orange,頂溪,2022-01-10,63627.0
Orange,永安市場,2022-01-10,47033.0
Orange,景安,2022-01-10,47543.0
Orange,南勢角,2022-01-10,38565.0
Orange,民權西路,2022-01-10,17699.5
Orange,忠孝新生,2022-01-10,23563.5
Orange,松江南京,2022-01-10,37489.5
Orange,輔大,2022-01-10,25944.0
Orange,新莊,2022-01-10,20674.0
Orange,頭前庄,2022-01-10,7612.5
Orange,先嗇宮,2022-01-10,9499.0
Orange,三重,2022-01-10,12177.0
Orange,菜寮,2022-01-10,19424.0
Orange,台北橋,2022-01-10,17517.0
Orange,大橋頭站,2022-01-10,23018.0
Orange,中山國小,2022-01-10,30144.0
Orange,行天宮,2022-01-10,51037.0
Orange,東門,2022-01-10,18693.0
Orange,蘆洲,2022-01-10,26506.0
Orange,三民高中,2022-01-10,23240.0
Orange,徐匯中學,2022-01-10,23262.0
Orange,三和國中,2022-01-10,23286.0
Orange,三重國小,2022-01-10,21672.0
Orange,迴龍,2022-01-10,22179.0
Orange,丹鳳,2022-01-10,18398.0
Orange,古亭,2022-01-11,31005.5
Orange,頂溪,2022-01-11,65473.0
Orange,永安市場,2022-01-11,48485.0
Orange,景安,2022-01-11,49086.0
Orange,南勢角,2022-01-11,39050.0
Orange,民權西路,2022-01-11,17950.5
Orange,忠孝新生,2022-01-11,24430.5
Orange,松江南京,2022-01-11,39328.0
Orange,輔大,2022-01-11,26954.0
Orange,新莊,2022-01-11,20971.0
Orange,頭前庄,2022-01-11,8022.5
Orange,先嗇宮,2022-01-11,9885.0
Orange,三重,2022-01-11,12406.0
Orange,菜寮,2022-01-11,20248.0
Orange,台北橋,2022-01-11,18297.0
Orange,大橋頭站,2022-01-11,23341.0
Orange,中山國小,2022-01-11,31244.0
Orange,行天宮,2022-01-11,53118.0
Orange,東門,2022-01-11,20080.5
Orange,蘆洲,2022-01-11,26943.0
Orange,三民高中,2022-01-11,23647.0
Orange,徐匯中學,2022-01-11,23918.0
Orange,三和國中,2022-01-11,23781.0
Orange,三重國小,2022-01-11,22702.0
Orange,迴龍,2022-01-11,22321.0
Orange,丹鳳,2022-01-11,19133.0
Orange,古亭,2022-01-12,29945.0
Orange,頂溪,2022-01-12,64715.0
Orange,永安市場,2022-01-12,47614.0
Orange,景安,2022-01-12,48100.0
Orange,南勢角,2022-01-12,39116.0
Orange,民權西路,2022-01-12,18296.0
Orange,忠孝新生,2022-01-12,24955.5
Orange,松江南京,2022-01-12,38630.0
Orange,輔大,2022-01-12,25571.0
Orange,新莊,2022-01-12,20782.0
Orange,頭前庄,2022-01-12,7826.5
Orange,先嗇宮,2022-01-12,9781.0
Orange,三重,2022-01-12,12452.0
Orange,菜寮,2022-01-12,19748.0
Orange,台北橋,2022-01-12,17817.0
Orange,大橋頭站,2022-01-12,23461.0
Orange,中山國小,2022-01-12,31120.0
Orange,行天宮,2022-01-12,51333.0
Orange,東門,2022-01-12,19913.5
Orange,蘆洲,2022-01-12,26741.0
Orange,三民高中,2022-01-12,23321.0
Orange,徐匯中學,2022-01-12,23701.0
Orange,三和國中,2022-01-12,23233.0
Orange,三重國小,2022-01-12,21849.0
Orange,迴龍,2022-01-12,22176.0
Orange,丹鳳,2022-01-12,19006.0
Orange,古亭,2022-01-13,29715.0
Orange,頂溪,2022-01-13,64910.0
Orange,永安市場,2022-01-13,47431.0
Orange,景安,2022-01-13,48068.0
Orange,南勢角,2022-01-13,38515.0
Orange,民權西路,2022-01-13,17816.0
Orange,忠孝新生,2022-01-13,25310.5
Orange,松江南京,2022-01-13,38738.0
Orange,輔大,2022-01-13,26710.0
Orange,新莊,2022-01-13,20755.0
Orange,頭前庄,2022-01-13,7796.5
Orange,先嗇宮,2022-01-13,9903.0
Orange,三重,2022-01-13,12355.0
Orange,菜寮,2022-01-13,20426.0
Orange,台北橋,2022-01-13,17589.0
Orange,大橋頭站,2022-01-13,23482.0
Orange,中山國小,2022-01-13,31346.0
Orange,行天宮,2022-01-13,51161.0
Orange,東門,2022-01-13,19579.0
Orange,蘆洲,2022-01-13,26502.0
Orange,三民高中,2022-01-13,23387.0
Orange,徐匯中學,2022-01-13,23465.0
Orange,三和國中,2022-01-13,23528.0
Orange,三重國小,2022-01-13,22013.0
Orange,迴龍,2022-01-13,21752.0
Orange,丹鳳,2022-01-13,18704.0
Orange,古亭,2022-01-14,31201.0
Orange,頂溪,2022-01-14,67590.0
Orange,永安市場,2022-01-14,49485.0
Orange,景安,2022-01-14,49419.0
Orange,南勢角,2022-01-14,39596.0
Orange,民權西路,2022-01-14,17705.0
Orange,忠孝新生,2022-01-14,26080.0
Orange,松江南京,2022-01-14,39339.5
Orange,輔大,2022-01-14,28398.0
Orange,新莊,2022-01-14,21851.0
Orange,頭前庄,2022-01-14,8565.5
Orange,先嗇宮,2022-01-14,9902.0
Orange,三重,2022-01-14,13586.0
Orange,菜寮,2022-01-14,20929.0
Orange,台北橋,2022-01-14,18844.0
Orange,大橋頭站,2022-01-14,25192.0
Orange,中山國小,2022-01-14,32805.0
Orange,行天宮,2022-01-14,54957.0
Orange,東門,2022-01-14,21328.5
Orange,蘆洲,2022-01-14,27490.0
Orange,三民高中,2022-01-14,24016.0
Orange,徐匯中學,2022-01-14,25073.0
Orange,三和國中,2022-01-14,23942.0
Orange,三重國小,2022-01-14,22704.0
Orange,迴龍,2022-01-14,22388.0
Orange,丹鳳,2022-01-14,19427.0
Orange,古亭,2022-01-15,21878.0
Orange,頂溪,2022-01-15,48510.0
Orange,永安市場,2022-01-15,34033.0
Orange,景安,2022-01-15,33220.0
Orange,南勢角,2022-01-15,28132.0
Orange,民權西路,2022-01-15,9808.5
Orange,忠孝新生,2022-01-15,18168.0
Orange,松江南京,2022-01-15,15593.5
Orange,輔大,2022-01-15,14184.0
Orange,新莊,2022-01-15,15074.0
Orange,頭前庄,2022-01-15,5740.0
Orange,先嗇宮,2022-01-15,4471.0
Orange,三重,2022-01-15,9845.0
Orange,菜寮,2022-01-15,13211.0
Orange,台北橋,2022-01-15,15192.0
Orange,大橋頭站,2022-01-15,19863.0
Orange,中山國小,2022-01-15,21233.0
Orange,行天宮,2022-01-15,33163.0
Orange,東門,2022-01-15,15929.0
Orange,蘆洲,2022-01-15,17392.0
Orange,三民高中,2022-01-15,15667.0
Orange,徐匯中學,2022-01-15,17040.0
Orange,三和國中,2022-01-15,15112.0
Orange,三重國小,2022-01-15,15886.0
Orange,迴龍,2022-01-15,12910.0
Orange,丹鳳,2022-01-15,12926.0
Orange,古亭,2022-01-16,17039.5
Orange,頂溪,2022-01-16,40631.0
Orange,永安市場,2022-01-16,27301.0
Orange,景安,2022-01-16,26817.0
Orange,南勢角,2022-01-16,23703.0
Orange,民權西路,2022-01-16,8970.0
Orange,忠孝新生,2022-01-16,14582.0
Orange,松江南京,2022-01-16,11416.5
Orange,輔大,2022-01-16,10678.0
Orange,新莊,2022-01-16,11113.0
Orange,頭前庄,2022-01-16,4843.5
Orange,先嗇宮,2022-01-16,3408.0
Orange,三重,2022-01-16,8534.0
Orange,菜寮,2022-01-16,9787.0
Orange,台北橋,2022-01-16,11850.0
Orange,大橋頭站,2022-01-16,16790.0
Orange,中山國小,2022-01-16,16740.0
Orange,行天宮,2022-01-16,24500.0
Orange,東門,2022-01-16,13335.0
Orange,蘆洲,2022-01-16,13627.0
Orange,三民高中,2022-01-16,12614.0
Orange,徐匯中學,2022-01-16,13541.0
Orange,三和國中,2022-01-16,12390.0
Orange,三重國小,2022-01-16,13332.0
Orange,迴龍,2022-01-16,10453.0
Orange,丹鳳,2022-01-16,10490.0
Orange,古亭,2022-01-17,28115.0
Orange,頂溪,2022-01-17,62782.0
Orange,永安市場,2022-01-17,45916.0
Orange,景安,2022-01-17,46164.0
Orange,南勢角,2022-01-17,36331.0
Orange,民權西路,2022-01-17,17088.5
Orange,忠孝新生,2022-01-17,23441.5
Orange,松江南京,2022-01-17,37237.0
Orange,輔大,2022-01-17,18130.0
Orange,新莊,2022-01-17,19588.0
Orange,頭前庄,2022-01-17,7345.0
Orange,先嗇宮,2022-01-17,9498.0
Orange,三重,2022-01-17,11858.0
Orange,菜寮,2022-01-17,18923.0
Orange,台北橋,2022-01-17,17578.0
Orange,大橋頭站,2022-01-17,22560.0
Orange,中山國小,2022-01-17,29682.0
Orange,行天宮,2022-01-17,51236.0
Orange,東門,2022-01-17,18652.0
Orange,蘆洲,2022-01-17,25161.0
Orange,三民高中,2022-01-17,21934.0
Orange,徐匯中學,2022-01-17,22487.0
Orange,三和國中,2022-01-17,22697.0
Orange,三重國小,2022-01-17,21225.0
Orange,迴龍,2022-01-17,18904.0
Orange,丹鳳,2022-01-17,17876.0
Orange,古亭,2022-01-18,29597.0
Orange,頂溪,2022-01-18,62922.0
Orange,永安市場,2022-01-18,45289.0
Orange,景安,2022-01-18,46436.0
Orange,南勢角,2022-01-18,36661.0
Orange,民權西路,2022-01-18,17143.5
Orange,忠孝新生,2022-01-18,24373.0
Orange,松江南京,2022-01-18,37999.0
Orange,輔大,2022-01-18,18235.0
Orange,新莊,2022-01-18,19590.0
Orange,頭前庄,2022-01-18,7349.0
Orange,先嗇宮,2022-01-18,9584.0
Orange,三重,2022-01-18,11695.0
Orange,菜寮,2022-01-18,18816.0
Orange,台北橋,2022-01-18,17875.0
Orange,大橋頭站,2022-01-18,22786.0
Orange,中山國小,2022-01-18,30349.0
Orange,行天宮,2022-01-18,50043.0
Orange,東門,2022-01-18,19550.0
Orange,蘆洲,2022-01-18,25089.0
Orange,三民高中,2022-01-18,22292.0
Orange,徐匯中學,2022-01-18,22444.0
Orange,三和國中,2022-01-18,22434.0
Orange,三重國小,2022-01-18,21608.0
Orange,迴龍,2022-01-18,18659.0
Orange,丹鳳,2022-01-18,18001.0
Orange,古亭,2022-01-19,29642.5
Orange,頂溪,2022-01-19,64390.0
Orange,永安市場,2022-01-19,46820.0
Orange,景安,2022-01-19,46734.0
Orange,南勢角,2022-01-19,37005.0
Orange,民權西路,2022-01-19,17688.0
Orange,忠孝新生,2022-01-19,24798.0
Orange,松江南京,2022-01-19,38588.5
Orange,輔大,2022-01-19,18311.0
Orange,新莊,2022-01-19,19965.0
Orange,頭前庄,2022-01-19,7368.5
Orange,先嗇宮,2022-01-19,9724.0
Orange,三重,2022-01-19,12071.0
Orange,菜寮,2022-01-19,18843.0
Orange,台北橋,2022-01-19,17951.0
Orange,大橋頭站,2022-01-19,22691.0
Orange,中山國小,2022-01-19,30302.0
Orange,行天宮,2022-01-19,50814.0
Orange,東門,2022-01-19,20053.0
Orange,蘆洲,2022-01-19,25770.0
Orange,三民高中,2022-01-19,22628.0
Orange,徐匯中學,2022-01-19,22619.0
Orange,三和國中,2022-01-19,22996.0
Orange,三重國小,2022-01-19,21660.0
Orange,迴龍,2022-01-19,18869.0
Orange,丹鳳,2022-01-19,17786.0
Orange,古亭,2022-01-20,29368.0
Orange,頂溪,2022-01-20,66086.0
Orange,永安市場,2022-01-20,48001.0
Orange,景安,2022-01-20,47883.0
Orange,南勢角,2022-01-20,37438.0
Orange,民權西路,2022-01-20,17060.0
Orange,忠孝新生,2022-01-20,26255.0
Orange,松江南京,2022-01-20,39081.0
Orange,輔大,2022-01-20,17576.0
Orange,新莊,2022-01-20,21515.0
Orange,頭前庄,2022-01-20,7955.0
Orange,先嗇宮,2022-01-20,10024.0
Orange,三重,2022-01-20,13172.0
Orange,菜寮,2022-01-20,19510.0
Orange,台北橋,2022-01-20,19396.0
Orange,大橋頭站,2022-01-20,24202.0
Orange,中山國小,2022-01-20,31526.0
Orange,行天宮,2022-01-20,51070.0
Orange,東門,2022-01-20,20645.0
Orange,蘆洲,2022-01-20,26557.0
Orange,三民高中,2022-01-20,23976.0
Orange,徐匯中學,2022-01-20,23842.0
Orange,三和國中,2022-01-20,23920.0
Orange,三重國小,2022-01-20,22368.0
Orange,迴龍,2022-01-20,19427.0
Orange,丹鳳,2022-01-20,18727.0
Orange,古亭,2022-01-21,30209.5
Orange,頂溪,2022-01-21,64935.0
Orange,永安市場,2022-01-21,47210.0
Orange,景安,2022-01-21,47981.0
Orange,南勢角,2022-01-21,36921.0
Orange,民權西路,2022-01-21,16671.5
Orange,忠孝新生,2022-01-21,27074.5
Orange,松江南京,2022-01-21,39020.5
Orange,輔大,2022-01-21,16493.0
Orange,新莊,2022-01-21,19930.0
Orange,頭前庄,2022-01-21,7319.5
Orange,先嗇宮,2022-01-21,9426.0
Orange,三重,2022-01-21,12181.0
Orange,菜寮,2022-01-21,18644.0
Orange,台北橋,2022-01-21,18825.0
Orange,大橋頭站,2022-01-21,21829.0
Orange,中山國小,2022-01-21,31448.0
Orange,行天宮,2022-01-21,52514.0
Orange,東門,2022-01-21,20147.5
Orange,蘆洲,2022-01-21,24972.0
Orange,三民高中,2022-01-21,21220.0
Orange,徐匯中學,2022-01-21,22784.0
Orange,三和國中,2022-01-21,22689.0
Orange,三重國小,2022-01-21,21975.0
Orange,迴龍,2022-01-21,17906.0
Orange,丹鳳,2022-01-21,17979.0
Orange,古亭,2022-01-22,25378.5
Orange,頂溪,2022-01-22,58102.0
Orange,永安市場,2022-01-22,40728.0
Orange,景安,2022-01-22,40568.0
Orange,南勢角,2022-01-22,31956.0
Orange,民權西路,2022-01-22,14197.0
Orange,忠孝新生,2022-01-22,23184.0
Orange,松江南京,2022-01-22,30159.5
Orange,輔大,2022-01-22,12878.0
Orange,新莊,2022-01-22,17646.0
Orange,頭前庄,2022-01-22,6098.5
Orange,先嗇宮,2022-01-22,7478.0
Orange,三重,2022-01-22,10498.0
Orange,菜寮,2022-01-22,16012.0
Orange,台北橋,2022-01-22,17047.0
Orange,大橋頭站,2022-01-22,20985.0
Orange,中山國小,2022-01-22,27028.0
Orange,行天宮,2022-01-22,42369.0
Orange,東門,2022-01-22,18835.0
Orange,蘆洲,2022-01-22,21554.0
Orange,三民高中,2022-01-22,19273.0
Orange,徐匯中學,2022-01-22,20522.0
Orange,三和國中,2022-01-22,20442.0
Orange,三重國小,2022-01-22,19584.0
Orange,迴龍,2022-01-22,15166.0
Orange,丹鳳,2022-01-22,15508.0
Orange,古亭,2022-01-23,15863.0
Orange,頂溪,2022-01-23,39429.0
Orange,永安市場,2022-01-23,25816.0
Orange,景安,2022-01-23,25840.0
Orange,南勢角,2022-01-23,21554.0
Orange,民權西路,2022-01-23,9033.5
Orange,忠孝新生,2022-01-23,15896.0
Orange,松江南京,2022-01-23,12060.0
Orange,輔大,2022-01-23,8784.0
Orange,新莊,2022-01-23,11480.0
Orange,頭前庄,2022-01-23,4023.0
Orange,先嗇宮,2022-01-23,3249.0
Orange,三重,2022-01-23,7372.0
Orange,菜寮,2022-01-23,9682.0
Orange,台北橋,2022-01-23,12069.0
Orange,大橋頭站,2022-01-23,15411.0
Orange,中山國小,2022-01-23,16596.0
Orange,行天宮,2022-01-23,23218.0
Orange,東門,2022-01-23,12994.5
Orange,蘆洲,2022-01-23,13283.0
Orange,三民高中,2022-01-23,12497.0
Orange,徐匯中學,2022-01-23,12996.0
Orange,三和國中,2022-01-23,12092.0
Orange,三重國小,2022-01-23,12840.0
Orange,迴龍,2022-01-23,9606.0
Orange,丹鳳,2022-01-23,10084.0
Orange,古亭,2022-01-24,27963.0
Orange,頂溪,2022-01-24,59338.0
Orange,永安市場,2022-01-24,42761.0
Orange,景安,2022-01-24,44576.0
Orange,南勢角,2022-01-24,33930.0
Orange,民權西路,2022-01-24,14939.0
Orange,忠孝新生,2022-01-24,22329.5
Orange,松江南京,2022-01-24,35475.5
Orange,輔大,2022-01-24,14380.0
Orange,新莊,2022-01-24,17448.0
Orange,頭前庄,2022-01-24,6886.0
Orange,先嗇宮,2022-01-24,8949.0
Orange,三重,2022-01-24,11084.0
Orange,菜寮,2022-01-24,17045.0
Orange,台北橋,2022-01-24,16947.0
Orange,大橋頭站,2022-01-24,20385.0
Orange,中山國小,2022-01-24,28067.0
Orange,行天宮,2022-01-24,47413.0
Orange,東門,2022-01-24,17362.0
Orange,蘆洲,2022-01-24,23030.0
Orange,三民高中,2022-01-24,19459.0
Orange,徐匯中學,2022-01-24,20922.0
Orange,三和國中,2022-01-24,20427.0
Orange,三重國小,2022-01-24,20126.0
Orange,迴龍,2022-01-24,16655.0
Orange,丹鳳,2022-01-24,16164.0
Orange,古亭,2022-01-25,28848.5
Orange,頂溪,2022-01-25,60014.0
Orange,永安市場,2022-01-25,43539.0
Orange,景安,2022-01-25,44238.0
Orange,南勢角,2022-01-25,34580.0
Orange,民權西路,2022-01-25,14699.0
Orange,忠孝新生,2022-01-25,22492.5
Orange,松江南京,2022-01-25,35569.0
Orange,輔大,2022-01-25,14054.0
Orange,新莊,2022-01-25,17958.0
Orange,頭前庄,2022-01-25,6777.0
Orange,先嗇宮,2022-01-25,8925.0
Orange,三重,2022-01-25,11186.0
Orange,菜寮,2022-01-25,16947.0
Orange,台北橋,2022-01-25,16981.0
Orange,大橋頭站,2022-01-25,20733.0
Orange,中山國小,2022-01-25,27638.0
Orange,行天宮,2022-01-25,48229.0
Orange,東門,2022-01-25,19068.0
Orange,蘆洲,2022-01-25,23432.0
Orange,三民高中,2022-01-25,19751.0
Orange,徐匯中學,2022-01-25,21171.0
Orange,三和國中,2022-01-25,20379.0
Orange,三重國小,2022-01-25,19792.0
Orange,迴龍,2022-01-25,17635.0
Orange,丹鳳,2022-01-25,16368.0
Orange,古亭,2022-01-26,28928.5
Orange,頂溪,2022-01-26,59270.0
Orange,永安市場,2022-01-26,43236.0
Orange,景安,2022-01-26,43511.0
Orange,南勢角,2022-01-26,34376.0
Orange,民權西路,2022-01-26,14737.0
Orange,忠孝新生,2022-01-26,22133.0
Orange,松江南京,2022-01-26,35091.5
Orange,輔大,2022-01-26,14042.0
Orange,新莊,2022-01-26,17572.0
Orange,頭前庄,2022-01-26,6843.0
Orange,先嗇宮,2022-01-26,9025.0
Orange,三重,2022-01-26,11647.0
Orange,菜寮,2022-01-26,16778.0
Orange,台北橋,2022-01-26,16805.0
Orange,大橋頭站,2022-01-26,20544.0
Orange,中山國小,2022-01-26,27841.0
Orange,行天宮,2022-01-26,48086.0
Orange,東門,2022-01-26,18919.5
Orange,蘆洲,2022-01-26,23204.0
Orange,三民高中,2022-01-26,20038.0
Orange,徐匯中學,2022-01-26,20788.0
Orange,三和國中,2022-01-26,20287.0
Orange,三重國小,2022-01-26,19679.0
Orange,迴龍,2022-01-26,16698.0
Orange,丹鳳,2022-01-26,16219.0
Orange,古亭,2022-01-27,28597.5
Orange,頂溪,2022-01-27,59256.0
Orange,永安市場,2022-01-27,42665.0
Orange,景安,2022-01-27,43310.0
Orange,南勢角,2022-01-27,34163.0
Orange,民權西路,2022-01-27,14452.0
Orange,忠孝新生,2022-01-27,22218.0
Orange,松江南京,2022-01-27,34709.5
Orange,輔大,2022-01-27,13361.0
Orange,新莊,2022-01-27,17843.0
Orange,頭前庄,2022-01-27,6784.0
Orange,先嗇宮,2022-01-27,8662.0
Orange,三重,2022-01-27,11396.0
Orange,菜寮,2022-01-27,16859.0
Orange,台北橋,2022-01-27,16590.0
Orange,大橋頭站,2022-01-27,20430.0
Orange,中山國小,2022-01-27,27865.0
Orange,行天宮,2022-01-27,46893.0
Orange,東門,2022-01-27,18845.0
Orange,蘆洲,2022-01-27,22962.0
Orange,三民高中,2022-01-27,19436.0
Orange,徐匯中學,2022-01-27,20514.0
Orange,三和國中,2022-01-27,20135.0
Orange,三重國小,2022-01-27,19728.0
Orange,迴龍,2022-01-27,16564.0
Orange,丹鳳,2022-01-27,16059.0
Orange,古亭,2022-01-28,26839.0
Orange,頂溪,2022-01-28,58756.0
Orange,永安市場,2022-01-28,41208.0
Orange,景安,2022-01-28,42541.0
Orange,南勢角,2022-01-28,33497.0
Orange,民權西路,2022-01-28,13873.5
Orange,忠孝新生,2022-01-28,22519.5
Orange,松江南京,2022-01-28,32639.0
Orange,輔大,2022-01-28,12289.0
Orange,新莊,2022-01-28,17027.0
Orange,頭前庄,2022-01-28,6674.5
Orange,先嗇宮,2022-01-28,8474.0
Orange,三重,2022-01-28,10836.0
Orange,菜寮,2022-01-28,16860.0
Orange,台北橋,2022-01-28,16993.0
Orange,大橋頭站,2022-01-28,20551.0
Orange,中山國小,2022-01-28,27916.0
Orange,行天宮,2022-01-28,44387.0
Orange,東門,2022-01-28,18680.0
Orange,蘆洲,2022-01-28,22498.0
Orange,三民高中,2022-01-28,19703.0
Orange,徐匯中學,2022-01-28,20247.0
Orange,三和國中,2022-01-28,19610.0
Orange,三重國小,2022-01-28,19634.0
Orange,迴龍,2022-01-28,15712.0
Orange,丹鳳,2022-01-28,15542.0
Orange,古亭,2022-01-29,15117.0
Orange,頂溪,2022-01-29,36647.0
Orange,永安市場,2022-01-29,24994.0
Orange,景安,2022-01-29,24104.0
Orange,南勢角,2022-01-29,20909.0
Orange,民權西路,2022-01-29,6717.0
Orange,忠孝新生,2022-01-29,13988.5
Orange,松江南京,2022-01-29,10850.0
Orange,輔大,2022-01-29,6685.0
Orange,新莊,2022-01-29,9378.0
Orange,頭前庄,2022-01-29,3585.0
Orange,先嗇宮,2022-01-29,2972.0
Orange,三重,2022-01-29,6633.0
Orange,菜寮,2022-01-29,9024.0
Orange,台北橋,2022-01-29,11819.0
Orange,大橋頭站,2022-01-29,14364.0
Orange,中山國小,2022-01-29,15887.0
Orange,行天宮,2022-01-29,20523.0
Orange,東門,2022-01-29,12052.5
Orange,蘆洲,2022-01-29,12683.0
Orange,三民高中,2022-01-29,11433.0
Orange,徐匯中學,2022-01-29,11982.0
Orange,三和國中,2022-01-29,11663.0
Orange,三重國小,2022-01-29,12542.0
Orange,迴龍,2022-01-29,8754.0
Orange,丹鳳,2022-01-29,8968.0
Orange,古亭,2022-01-30,10282.0
Orange,頂溪,2022-01-30,27394.0
Orange,永安市場,2022-01-30,17958.0
Orange,景安,2022-01-30,17587.0
Orange,南勢角,2022-01-30,16178.0
Orange,民權西路,2022-01-30,5065.5
Orange,忠孝新生,2022-01-30,10870.0
Orange,松江南京,2022-01-30,7544.0
Orange,輔大,2022-01-30,5031.0
Orange,新莊,2022-01-30,6855.0
Orange,頭前庄,2022-01-30,2598.5
Orange,先嗇宮,2022-01-30,2386.0
Orange,三重,2022-01-30,4868.0
Orange,菜寮,2022-01-30,6806.0
Orange,台北橋,2022-01-30,9302.0
Orange,大橋頭站,2022-01-30,10276.0
Orange,中山國小,2022-01-30,11827.0
Orange,行天宮,2022-01-30,14757.0
Orange,東門,2022-01-30,9493.0
Orange,蘆洲,2022-01-30,9528.0
Orange,三民高中,2022-01-30,8610.0
Orange,徐匯中學,2022-01-30,9400.0
Orange,三和國中,2022-01-30,8768.0
Orange,三重國小,2022-01-30,9800.0
Orange,迴龍,2022-01-30,6690.0
Orange,丹鳳,2022-01-30,6872.0
Orange,古亭,2022-01-31,7312.5
Orange,頂溪,2022-01-31,21817.0
Orange,永安市場,2022-01-31,14470.0
Orange,景安,2022-01-31,14816.0
Orange,南勢角,2022-01-31,13866.0
Orange,民權西路,2022-01-31,3230.0
Orange,忠孝新生,2022-01-31,5861.5
Orange,松江南京,2022-01-31,5321.5
Orange,輔大,2022-01-31,3612.0
Orange,新莊,2022-01-31,5242.0
Orange,頭前庄,2022-01-31,2232.5
Orange,先嗇宮,2022-01-31,1856.0
Orange,三重,2022-01-31,4212.0
Orange,菜寮,2022-01-31,5654.0
Orange,台北橋,2022-01-31,7303.0
Orange,大橋頭站,2022-01-31,7517.0
Orange,中山國小,2022-01-31,8885.0
Orange,行天宮,2022-01-31,10975.0
Orange,東門,2022-01-31,5981.5
Orange,蘆洲,2022-01-31,6830.0
Orange,三民高中,2022-01-31,6668.0
Orange,徐匯中學,2022-01-31,7097.0
Orange,三和國中,2022-01-31,6860.0
Orange,三重國小,2022-01-31,7850.0
Orange,迴龍,2022-01-31,6182.0
Orange,丹鳳,2022-01-31,5535.0
Orange,古亭,2022-02-01,6230.0
Orange,頂溪,2022-02-01,21193.0
Orange,永安市場,2022-02-01,13759.0
Orange,景安,2022-02-01,14850.0
Orange,南勢角,2022-02-01,15622.0
Orange,民權西路,2022-02-01,3394.0
Orange,忠孝新生,2022-02-01,7308.0
Orange,松江南京,2022-02-01,4710.5
Orange,輔大,2022-02-01,3088.0
Orange,新莊,2022-02-01,5333.0
Orange,頭前庄,2022-02-01,2327.5
Orange,先嗇宮,2022-02-01,1683.0
Orange,三重,2022-02-01,4113.0
Orange,菜寮,2022-02-01,5745.0
Orange,台北橋,2022-02-01,7001.0
Orange,大橋頭站,2022-02-01,7904.0
Orange,中山國小,2022-02-01,8121.0
Orange,行天宮,2022-02-01,26160.0
Orange,東門,2022-02-01,4200.5
Orange,蘆洲,2022-02-01,7001.0
Orange,三民高中,2022-02-01,7658.0
Orange,徐匯中學,2022-02-01,7292.0
Orange,三和國中,2022-02-01,7074.0
Orange,三重國小,2022-02-01,7969.0
Orange,迴龍,2022-02-01,5469.0
Orange,丹鳳,2022-02-01,5178.0
Orange,古亭,2022-02-02,7636.5
Orange,頂溪,2022-02-02,27325.0
Orange,永安市場,2022-02-02,18153.0
Orange,景安,2022-02-02,18876.0
Orange,南勢角,2022-02-02,19437.0
Orange,民權西路,2022-02-02,3949.0
Orange,忠孝新生,2022-02-02,9249.5
Orange,松江南京,2022-02-02,5671.0
Orange,輔大,2022-02-02,4215.0
Orange,新莊,2022-02-02,7041.0
Orange,頭前庄,2022-02-02,2857.5
Orange,先嗇宮,2022-02-02,2229.0
Orange,三重,2022-02-02,5652.0
Orange,菜寮,2022-02-02,7420.0
Orange,台北橋,2022-02-02,9730.0
Orange,大橋頭站,2022-02-02,9824.0
Orange,中山國小,2022-02-02,9484.0
Orange,行天宮,2022-02-02,19030.0
Orange,東門,2022-02-02,5767.0
Orange,蘆洲,2022-02-02,8982.0
Orange,三民高中,2022-02-02,9780.0
Orange,徐匯中學,2022-02-02,9878.0
Orange,三和國中,2022-02-02,9375.0
Orange,三重國小,2022-02-02,10619.0
Orange,迴龍,2022-02-02,7390.0
Orange,丹鳳,2022-02-02,6912.0
Orange,古亭,2022-02-03,7167.5
Orange,頂溪,2022-02-03,24469.0
Orange,永安市場,2022-02-03,15771.0
Orange,景安,2022-02-03,16471.0
Orange,南勢角,2022-02-03,16344.0
Orange,民權西路,2022-02-03,3793.5
Orange,忠孝新生,2022-02-03,9303.0
Orange,松江南京,2022-02-03,6584.5
Orange,輔大,2022-02-03,3762.0
Orange,新莊,2022-02-03,5634.0
Orange,頭前庄,2022-02-03,2446.5
Orange,先嗇宮,2022-02-03,1865.0
Orange,三重,2022-02-03,4618.0
Orange,菜寮,2022-02-03,5983.0
Orange,台北橋,2022-02-03,8402.0
Orange,大橋頭站,2022-02-03,8925.0
Orange,中山國小,2022-02-03,9605.0
Orange,行天宮,2022-02-03,14474.0
Orange,東門,2022-02-03,5371.5
Orange,蘆洲,2022-02-03,8233.0
Orange,三民高中,2022-02-03,7866.0
Orange,徐匯中學,2022-02-03,8718.0
Orange,三和國中,2022-02-03,8167.0
Orange,三重國小,2022-02-03,8572.0
Orange,迴龍,2022-02-03,6129.0
Orange,丹鳳,2022-02-03,5801.0
Orange,古亭,2022-02-04,10024.5
Orange,頂溪,2022-02-04,31218.0
Orange,永安市場,2022-02-04,21314.0
Orange,景安,2022-02-04,22107.0
Orange,南勢角,2022-02-04,21068.0
Orange,民權西路,2022-02-04,5430.0
Orange,忠孝新生,2022-02-04,13278.5
Orange,松江南京,2022-02-04,8543.0
Orange,輔大,2022-02-04,5678.0
Orange,新莊,2022-02-04,8141.0
Orange,頭前庄,2022-02-04,3616.0
Orange,先嗇宮,2022-02-04,2674.0
Orange,三重,2022-02-04,7557.0
Orange,菜寮,2022-02-04,8287.0
Orange,台北橋,2022-02-04,11652.0
Orange,大橋頭站,2022-02-04,11979.0
Orange,中山國小,2022-02-04,12590.0
Orange,行天宮,2022-02-04,20949.0
Orange,東門,2022-02-04,7875.0
Orange,蘆洲,2022-02-04,11330.0
Orange,三民高中,2022-02-04,11107.0
Orange,徐匯中學,2022-02-04,11481.0
Orange,三和國中,2022-02-04,10606.0
Orange,三重國小,2022-02-04,11619.0
Orange,迴龍,2022-02-04,7870.0
Orange,丹鳳,2022-02-04,8249.0
Orange,古亭,2022-02-05,12129.5
Orange,頂溪,2022-02-05,36716.0
Orange,永安市場,2022-02-05,24880.0
Orange,景安,2022-02-05,24803.0
Orange,南勢角,2022-02-05,23917.0
Orange,民權西路,2022-02-05,6603.0
Orange,忠孝新生,2022-02-05,15599.5
Orange,松江南京,2022-02-05,9935.5
Orange,輔大,2022-02-05,6729.0
Orange,新莊,2022-02-05,10050.0
Orange,頭前庄,2022-02-05,3934.0
Orange,先嗇宮,2022-02-05,2955.0
Orange,三重,2022-02-05,11682.0
Orange,菜寮,2022-02-05,9560.0
Orange,台北橋,2022-02-05,13003.0
Orange,大橋頭站,2022-02-05,13896.0
Orange,中山國小,2022-02-05,14696.0
Orange,行天宮,2022-02-05,23612.0
Orange,東門,2022-02-05,9614.5
Orange,蘆洲,2022-02-05,12462.0
Orange,三民高中,2022-02-05,12272.0
Orange,徐匯中學,2022-02-05,12466.0
Orange,三和國中,2022-02-05,11952.0
Orange,三重國小,2022-02-05,12882.0
Orange,迴龍,2022-02-05,9164.0
Orange,丹鳳,2022-02-05,9446.0
Orange,古亭,2022-02-06,12667.0
Orange,頂溪,2022-02-06,36239.0
Orange,永安市場,2022-02-06,24363.0
Orange,景安,2022-02-06,23886.0
Orange,南勢角,2022-02-06,22238.0
Orange,民權西路,2022-02-06,7349.5
Orange,忠孝新生,2022-02-06,15048.5
Orange,松江南京,2022-02-06,9825.0
Orange,輔大,2022-02-06,6770.0
Orange,新莊,2022-02-06,9480.0
Orange,頭前庄,2022-02-06,4041.5
Orange,先嗇宮,2022-02-06,2937.0
Orange,三重,2022-02-06,11506.0
Orange,菜寮,2022-02-06,9073.0
Orange,台北橋,2022-02-06,12124.0
Orange,大橋頭站,2022-02-06,14058.0
Orange,中山國小,2022-02-06,14770.0
Orange,行天宮,2022-02-06,23847.0
Orange,東門,2022-02-06,10522.0
Orange,蘆洲,2022-02-06,12161.0
Orange,三民高中,2022-02-06,11621.0
Orange,徐匯中學,2022-02-06,11726.0
Orange,三和國中,2022-02-06,11923.0
Orange,三重國小,2022-02-06,12150.0
Orange,迴龍,2022-02-06,9174.0
Orange,丹鳳,2022-02-06,8940.0
Orange,古亭,2022-02-07,25617.5
Orange,頂溪,2022-02-07,56464.0
Orange,永安市場,2022-02-07,41817.0
Orange,景安,2022-02-07,42774.0
Orange,南勢角,2022-02-07,33329.0
Orange,民權西路,2022-02-07,14133.0
Orange,忠孝新生,2022-02-07,20835.0
Orange,松江南京,2022-02-07,33397.5
Orange,輔大,2022-02-07,12433.0
Orange,新莊,2022-02-07,16936.0
Orange,頭前庄,2022-02-07,6386.0
Orange,先嗇宮,2022-02-07,8702.0
Orange,三重,2022-02-07,11959.0
Orange,菜寮,2022-02-07,16253.0
Orange,台北橋,2022-02-07,16431.0
Orange,大橋頭站,2022-02-07,19031.0
Orange,中山國小,2022-02-07,27361.0
Orange,行天宮,2022-02-07,47396.0
Orange,東門,2022-02-07,16299.5
Orange,蘆洲,2022-02-07,22484.0
Orange,三民高中,2022-02-07,19165.0
Orange,徐匯中學,2022-02-07,20093.0
Orange,三和國中,2022-02-07,19939.0
Orange,三重國小,2022-02-07,19386.0
Orange,迴龍,2022-02-07,16283.0
Orange,丹鳳,2022-02-07,15536.0
Orange,古亭,2022-02-08,27006.5
Orange,頂溪,2022-02-08,57852.0
Orange,永安市場,2022-02-08,43296.0
Orange,景安,2022-02-08,43556.0
Orange,南勢角,2022-02-08,33913.0
Orange,民權西路,2022-02-08,15094.5
Orange,忠孝新生,2022-02-08,22241.0
Orange,松江南京,2022-02-08,33971.0
Orange,輔大,2022-02-08,13243.0
Orange,新莊,2022-02-08,17383.0
Orange,頭前庄,2022-02-08,6630.5
Orange,先嗇宮,2022-02-08,8732.0
Orange,三重,2022-02-08,12725.0
Orange,菜寮,2022-02-08,16653.0
Orange,台北橋,2022-02-08,17032.0
Orange,大橋頭站,2022-02-08,19210.0
Orange,中山國小,2022-02-08,27279.0
Orange,行天宮,2022-02-08,47585.0
Orange,東門,2022-02-08,17056.0
Orange,蘆洲,2022-02-08,23318.0
Orange,三民高中,2022-02-08,19688.0
Orange,徐匯中學,2022-02-08,20733.0
Orange,三和國中,2022-02-08,20048.0
Orange,三重國小,2022-02-08,19801.0
Orange,迴龍,2022-02-08,17063.0
Orange,丹鳳,2022-02-08,16176.0
Orange,古亭,2022-02-09,27744.5
Orange,頂溪,2022-02-09,57853.0
Orange,永安市場,2022-02-09,42433.0
Orange,景安,2022-02-09,43538.0
Orange,南勢角,2022-02-09,33596.0
Orange,民權西路,2022-02-09,14806.5
Orange,忠孝新生,2022-02-09,22400.5
Orange,松江南京,2022-02-09,34242.0
Orange,輔大,2022-02-09,13009.0
Orange,新莊,2022-02-09,17217.0
Orange,頭前庄,2022-02-09,6573.0
Orange,先嗇宮,2022-02-09,8838.0
Orange,三重,2022-02-09,11765.0
Orange,菜寮,2022-02-09,16648.0
Orange,台北橋,2022-02-09,17322.0
Orange,大橋頭站,2022-02-09,19540.0
Orange,中山國小,2022-02-09,27386.0
Orange,行天宮,2022-02-09,47315.0
Orange,東門,2022-02-09,17357.0
Orange,蘆洲,2022-02-09,23609.0
Orange,三民高中,2022-02-09,19640.0
Orange,徐匯中學,2022-02-09,20960.0
Orange,三和國中,2022-02-09,20638.0
Orange,三重國小,2022-02-09,19821.0
Orange,迴龍,2022-02-09,16506.0
Orange,丹鳳,2022-02-09,16044.0
Orange,古亭,2022-02-10,27700.0
Orange,頂溪,2022-02-10,58922.0
Orange,永安市場,2022-02-10,43294.0
Orange,景安,2022-02-10,43861.0
Orange,南勢角,2022-02-10,34262.0
Orange,民權西路,2022-02-10,14878.5
Orange,忠孝新生,2022-02-10,22749.0
Orange,松江南京,2022-02-10,34509.5
Orange,輔大,2022-02-10,13405.0
Orange,新莊,2022-02-10,17558.0
Orange,頭前庄,2022-02-10,6573.5
Orange,先嗇宮,2022-02-10,9023.0
Orange,三重,2022-02-10,12619.0
Orange,菜寮,2022-02-10,17041.0
Orange,台北橋,2022-02-10,17342.0
Orange,大橋頭站,2022-02-10,20676.0
Orange,中山國小,2022-02-10,27721.0
Orange,行天宮,2022-02-10,47973.0
Orange,東門,2022-02-10,17480.5
Orange,蘆洲,2022-02-10,23542.0
Orange,三民高中,2022-02-10,19912.0
Orange,徐匯中學,2022-02-10,21393.0
Orange,三和國中,2022-02-10,20591.0
Orange,三重國小,2022-02-10,20025.0
Orange,迴龍,2022-02-10,16825.0
Orange,丹鳳,2022-02-10,16266.0
Orange,古亭,2022-02-11,28020.5
Orange,頂溪,2022-02-11,64098.0
Orange,永安市場,2022-02-11,47032.0
Orange,景安,2022-02-11,46188.0
Orange,南勢角,2022-02-11,36447.0
Orange,民權西路,2022-02-11,16288.5
Orange,忠孝新生,2022-02-11,23487.0
Orange,松江南京,2022-02-11,36079.0
Orange,輔大,2022-02-11,13675.0
Orange,新莊,2022-02-11,20359.0
Orange,頭前庄,2022-02-11,7510.5
Orange,先嗇宮,2022-02-11,9269.0
Orange,三重,2022-02-11,15334.0
Orange,菜寮,2022-02-11,19420.0
Orange,台北橋,2022-02-11,18218.0
Orange,大橋頭站,2022-02-11,24211.0
Orange,中山國小,2022-02-11,30684.0
Orange,行天宮,2022-02-11,49646.0
Orange,東門,2022-02-11,19737.5
Orange,蘆洲,2022-02-11,25577.0
Orange,三民高中,2022-02-11,22941.0
Orange,徐匯中學,2022-02-11,22817.0
Orange,三和國中,2022-02-11,22496.0
Orange,三重國小,2022-02-11,21473.0
Orange,迴龍,2022-02-11,18758.0
Orange,丹鳳,2022-02-11,17773.0
Orange,古亭,2022-02-12,21162.5
Orange,頂溪,2022-02-12,48294.0
Orange,永安市場,2022-02-12,33748.0
Orange,景安,2022-02-12,32734.0
Orange,南勢角,2022-02-12,27981.0
Orange,民權西路,2022-02-12,9713.0
Orange,忠孝新生,2022-02-12,21169.5
Orange,松江南京,2022-02-12,15133.0
Orange,輔大,2022-02-12,9776.0
Orange,新莊,2022-02-12,14001.0
Orange,頭前庄,2022-02-12,5309.5
Orange,先嗇宮,2022-02-12,4041.0
Orange,三重,2022-02-12,15837.0
Orange,菜寮,2022-02-12,12830.0
Orange,台北橋,2022-02-12,16280.0
Orange,大橋頭站,2022-02-12,18629.0
Orange,中山國小,2022-02-12,21760.0
Orange,行天宮,2022-02-12,29815.0
Orange,東門,2022-02-12,15298.0
Orange,蘆洲,2022-02-12,17816.0
Orange,三民高中,2022-02-12,15862.0
Orange,徐匯中學,2022-02-12,16673.0
Orange,三和國中,2022-02-12,15468.0
Orange,三重國小,2022-02-12,16576.0
Orange,迴龍,2022-02-12,12207.0
Orange,丹鳳,2022-02-12,12443.0
Orange,古亭,2022-02-13,16838.5
Orange,頂溪,2022-02-13,41419.0
Orange,永安市場,2022-02-13,28346.0
Orange,景安,2022-02-13,27134.0
Orange,南勢角,2022-02-13,23522.0
Orange,民權西路,2022-02-13,8755.5
Orange,忠孝新生,2022-02-13,16450.5
Orange,松江南京,2022-02-13,11770.5
Orange,輔大,2022-02-13,8615.0
Orange,新莊,2022-02-13,12633.0
Orange,頭前庄,2022-02-13,4083.0
Orange,先嗇宮,2022-02-13,3419.0
Orange,三重,2022-02-13,12473.0
Orange,菜寮,2022-02-13,10188.0
Orange,台北橋,2022-02-13,12600.0
Orange,大橋頭站,2022-02-13,16443.0
Orange,中山國小,2022-02-13,16945.0
Orange,行天宮,2022-02-13,24752.0
Orange,東門,2022-02-13,13270.5
Orange,蘆洲,2022-02-13,14187.0
Orange,三民高中,2022-02-13,12577.0
Orange,徐匯中學,2022-02-13,14185.0
Orange,三和國中,2022-02-13,12590.0
Orange,三重國小,2022-02-13,13693.0
Orange,迴龍,2022-02-13,10490.0
Orange,丹鳳,2022-02-13,10328.0
Orange,古亭,2022-02-14,29397.5
Orange,頂溪,2022-02-14,62869.0
Orange,永安市場,2022-02-14,45266.0
Orange,景安,2022-02-14,46338.0
Orange,南勢角,2022-02-14,35726.0
Orange,民權西路,2022-02-14,16560.5
Orange,忠孝新生,2022-02-14,22280.5
Orange,松江南京,2022-02-14,37356.0
Orange,輔大,2022-02-14,14718.0
Orange,新莊,2022-02-14,20396.0
Orange,頭前庄,2022-02-14,7275.5
Orange,先嗇宮,2022-02-14,9415.0
Orange,三重,2022-02-14,12830.0
Orange,菜寮,2022-02-14,19426.0
Orange,台北橋,2022-02-14,18173.0
Orange,大橋頭站,2022-02-14,22923.0
Orange,中山國小,2022-02-14,30501.0
Orange,行天宮,2022-02-14,49432.0
Orange,東門,2022-02-14,18772.5
Orange,蘆洲,2022-02-14,25471.0
Orange,三民高中,2022-02-14,22192.0
Orange,徐匯中學,2022-02-14,22967.0
Orange,三和國中,2022-02-14,22944.0
Orange,三重國小,2022-02-14,21673.0
Orange,迴龍,2022-02-14,18734.0
Orange,丹鳳,2022-02-14,17755.0
Orange,古亭,2022-02-15,29907.5
Orange,頂溪,2022-02-15,62315.0
Orange,永安市場,2022-02-15,45402.0
Orange,景安,2022-02-15,45837.0
Orange,南勢角,2022-02-15,36142.0
Orange,民權西路,2022-02-15,16254.0
Orange,忠孝新生,2022-02-15,21884.0
Orange,松江南京,2022-02-15,36651.5
Orange,輔大,2022-02-15,14578.0
Orange,新莊,2022-02-15,20429.0
Orange,頭前庄,2022-02-15,7052.0
Orange,先嗇宮,2022-02-15,9321.0
Orange,三重,2022-02-15,13205.0
Orange,菜寮,2022-02-15,18549.0
Orange,台北橋,2022-02-15,17066.0
Orange,大橋頭站,2022-02-15,22423.0
Orange,中山國小,2022-02-15,29836.0
Orange,行天宮,2022-02-15,49936.0
Orange,東門,2022-02-15,18863.5
Orange,蘆洲,2022-02-15,25262.0
Orange,三民高中,2022-02-15,22440.0
Orange,徐匯中學,2022-02-15,22052.0
Orange,三和國中,2022-02-15,22463.0
Orange,三重國小,2022-02-15,21295.0
Orange,迴龍,2022-02-15,18739.0
Orange,丹鳳,2022-02-15,17686.0
Orange,古亭,2022-02-16,29822.5
Orange,頂溪,2022-02-16,63045.0
Orange,永安市場,2022-02-16,46055.0
Orange,景安,2022-02-16,46452.0
Orange,南勢角,2022-02-16,36476.0
Orange,民權西路,2022-02-16,16746.0
Orange,忠孝新生,2022-02-16,22192.0
Orange,松江南京,2022-02-16,37430.5
Orange,輔大,2022-02-16,14780.0
Orange,新莊,2022-02-16,21040.0
Orange,頭前庄,2022-02-16,7234.5
Orange,先嗇宮,2022-02-16,9355.0
Orange,三重,2022-02-16,13682.0
Orange,菜寮,2022-02-16,18723.0
Orange,台北橋,2022-02-16,17347.0
Orange,大橋頭站,2022-02-16,22799.0
Orange,中山國小,2022-02-16,30127.0
Orange,行天宮,2022-02-16,50202.0
Orange,東門,2022-02-16,19116.5
Orange,蘆洲,2022-02-16,25508.0
Orange,三民高中,2022-02-16,22804.0
Orange,徐匯中學,2022-02-16,22682.0
Orange,三和國中,2022-02-16,22649.0
Orange,三重國小,2022-02-16,21662.0
Orange,迴龍,2022-02-16,18664.0
Orange,丹鳳,2022-02-16,17790.0
Orange,古亭,2022-02-17,30242.5
Orange,頂溪,2022-02-17,63150.0
Orange,永安市場,2022-02-17,46366.0
Orange,景安,2022-02-17,46262.0
Orange,南勢角,2022-02-17,36368.0
Orange,民權西路,2022-02-17,16490.5
Orange,忠孝新生,2022-02-17,22634.5
Orange,松江南京,2022-02-17,37153.5
Orange,輔大,2022-02-17,14793.0
Orange,新莊,2022-02-17,20210.0
Orange,頭前庄,2022-02-17,7287.0
Orange,先嗇宮,2022-02-17,9493.0
Orange,三重,2022-02-17,12950.0
Orange,菜寮,2022-02-17,18890.0
Orange,台北橋,2022-02-17,17437.0
Orange,大橋頭站,2022-02-17,22896.0
Orange,中山國小,2022-02-17,30154.0
Orange,行天宮,2022-02-17,50453.0
Orange,東門,2022-02-17,19542.5
Orange,蘆洲,2022-02-17,25477.0
Orange,三民高中,2022-02-17,22634.0
Orange,徐匯中學,2022-02-17,22514.0
Orange,三和國中,2022-02-17,22603.0
Orange,三重國小,2022-02-17,21363.0
Orange,迴龍,2022-02-17,18816.0
Orange,丹鳳,2022-02-17,17845.0
Orange,古亭,2022-02-18,31695.0
Orange,頂溪,2022-02-18,65840.0
Orange,永安市場,2022-02-18,48244.0
Orange,景安,2022-02-18,48928.0
Orange,南勢角,2022-02-18,37407.0
Orange,民權西路,2022-02-18,16953.0
Orange,忠孝新生,2022-02-18,24682.5
Orange,松江南京,2022-02-18,38435.5
Orange,輔大,2022-02-18,15950.0
Orange,新莊,2022-02-18,21888.0
Orange,頭前庄,2022-02-18,7736.5
Orange,先嗇宮,2022-02-18,9575.0
Orange,三重,2022-02-18,12869.0
Orange,菜寮,2022-02-18,20153.0
Orange,台北橋,2022-02-18,18616.0
Orange,大橋頭站,2022-02-18,25147.0
Orange,中山國小,2022-02-18,32167.0
Orange,行天宮,2022-02-18,53466.0
Orange,東門,2022-02-18,21471.0
Orange,蘆洲,2022-02-18,26734.0
Orange,三民高中,2022-02-18,23290.0
Orange,徐匯中學,2022-02-18,24218.0
Orange,三和國中,2022-02-18,23382.0
Orange,三重國小,2022-02-18,22580.0
Orange,迴龍,2022-02-18,19187.0
Orange,丹鳳,2022-02-18,18575.0
Orange,古亭,2022-02-19,24083.0
Orange,頂溪,2022-02-19,49330.0
Orange,永安市場,2022-02-19,33933.0
Orange,景安,2022-02-19,33438.0
Orange,南勢角,2022-02-19,27874.0
Orange,民權西路,2022-02-19,9729.0
Orange,忠孝新生,2022-02-19,20846.0
Orange,松江南京,2022-02-19,16242.5
Orange,輔大,2022-02-19,11766.0
Orange,新莊,2022-02-19,16042.0
Orange,頭前庄,2022-02-19,5400.0
Orange,先嗇宮,2022-02-19,4049.0
Orange,三重,2022-02-19,10329.0
Orange,菜寮,2022-02-19,12613.0
Orange,台北橋,2022-02-19,15782.0
Orange,大橋頭站,2022-02-19,18592.0
Orange,中山國小,2022-02-19,22536.0
Orange,行天宮,2022-02-19,32255.0
Orange,東門,2022-02-19,15739.0
Orange,蘆洲,2022-02-19,17414.0
Orange,三民高中,2022-02-19,15657.0
Orange,徐匯中學,2022-02-19,17499.0
Orange,三和國中,2022-02-19,15917.0
Orange,三重國小,2022-02-19,17019.0
Orange,迴龍,2022-02-19,11675.0
Orange,丹鳳,2022-02-19,11917.0
Orange,古亭,2022-02-20,16247.5
Orange,頂溪,2022-02-20,38588.0
Orange,永安市場,2022-02-20,25481.0
Orange,景安,2022-02-20,25362.0
Orange,南勢角,2022-02-20,21239.0
Orange,民權西路,2022-02-20,8268.0
Orange,忠孝新生,2022-02-20,16180.5
Orange,松江南京,2022-02-20,12268.5
Orange,輔大,2022-02-20,10616.0
Orange,新莊,2022-02-20,12184.0
Orange,頭前庄,2022-02-20,4164.0
Orange,先嗇宮,2022-02-20,3185.0
Orange,三重,2022-02-20,7350.0
Orange,菜寮,2022-02-20,9790.0
Orange,台北橋,2022-02-20,12394.0
Orange,大橋頭站,2022-02-20,14720.0
Orange,中山國小,2022-02-20,17171.0
Orange,行天宮,2022-02-20,22490.0
Orange,東門,2022-02-20,11699.0
Orange,蘆洲,2022-02-20,13113.0
Orange,三民高中,2022-02-20,11552.0
Orange,徐匯中學,2022-02-20,13428.0
Orange,三和國中,2022-02-20,11992.0
Orange,三重國小,2022-02-20,13037.0
Orange,迴龍,2022-02-20,9146.0
Orange,丹鳳,2022-02-20,9683.0
Orange,古亭,2022-02-21,30323.0
Orange,頂溪,2022-02-21,65073.0
Orange,永安市場,2022-02-21,46964.0
Orange,景安,2022-02-21,48281.0
Orange,南勢角,2022-02-21,37256.0
Orange,民權西路,2022-02-21,17879.0
Orange,忠孝新生,2022-02-21,25511.5
Orange,松江南京,2022-02-21,38529.0
Orange,輔大,2022-02-21,28346.0
Orange,新莊,2022-02-21,20550.0
Orange,頭前庄,2022-02-21,7918.5
Orange,先嗇宮,2022-02-21,9869.0
Orange,三重,2022-02-21,12741.0
Orange,菜寮,2022-02-21,20754.0
Orange,台北橋,2022-02-21,19010.0
Orange,大橋頭站,2022-02-21,23412.0
Orange,中山國小,2022-02-21,31151.0
Orange,行天宮,2022-02-21,51062.0
Orange,東門,2022-02-21,19006.5
Orange,蘆洲,2022-02-21,26813.0
Orange,三民高中,2022-02-21,23082.0
Orange,徐匯中學,2022-02-21,23752.0
Orange,三和國中,2022-02-21,24319.0
Orange,三重國小,2022-02-21,22758.0
Orange,迴龍,2022-02-21,20213.0
Orange,丹鳳,2022-02-21,18422.0
Orange,古亭,2022-02-22,31734.5
Orange,頂溪,2022-02-22,67366.0
Orange,永安市場,2022-02-22,48853.0
Orange,景安,2022-02-22,50114.0
Orange,南勢角,2022-02-22,37894.0
Orange,民權西路,2022-02-22,18535.0
Orange,忠孝新生,2022-02-22,26108.0
Orange,松江南京,2022-02-22,39585.0
Orange,輔大,2022-02-22,28667.0
Orange,新莊,2022-02-22,21102.0
Orange,頭前庄,2022-02-22,7977.5
Orange,先嗇宮,2022-02-22,9974.0
Orange,三重,2022-02-22,13044.0
Orange,菜寮,2022-02-22,21476.0
Orange,台北橋,2022-02-22,19436.0
Orange,大橋頭站,2022-02-22,23836.0
Orange,中山國小,2022-02-22,32580.0
Orange,行天宮,2022-02-22,52633.0
Orange,東門,2022-02-22,20266.5
Orange,蘆洲,2022-02-22,27209.0
Orange,三民高中,2022-02-22,23728.0
Orange,徐匯中學,2022-02-22,24410.0
Orange,三和國中,2022-02-22,24529.0
Orange,三重國小,2022-02-22,23358.0
Orange,迴龍,2022-02-22,22393.0
Orange,丹鳳,2022-02-22,18643.0
Orange,古亭,2022-02-23,32003.0
Orange,頂溪,2022-02-23,67279.0
Orange,永安市場,2022-02-23,48816.0
Orange,景安,2022-02-23,49957.0
Orange,南勢角,2022-02-23,38650.0
Orange,民權西路,2022-02-23,18664.5
Orange,忠孝新生,2022-02-23,26929.0
Orange,松江南京,2022-02-23,40213.0
Orange,輔大,2022-02-23,28268.0
Orange,新莊,2022-02-23,21255.0
Orange,頭前庄,2022-02-23,7941.5
Orange,先嗇宮,2022-02-23,10194.0
Orange,三重,2022-02-23,13204.0
Orange,菜寮,2022-02-23,21484.0
Orange,台北橋,2022-02-23,19479.0
Orange,大橋頭站,2022-02-23,23833.0
Orange,中山國小,2022-02-23,32890.0
Orange,行天宮,2022-02-23,53698.0
Orange,東門,2022-02-23,20739.0
Orange,蘆洲,2022-02-23,27656.0
Orange,三民高中,2022-02-23,23482.0
Orange,徐匯中學,2022-02-23,24629.0
Orange,三和國中,2022-02-23,24843.0
Orange,三重國小,2022-02-23,23479.0
Orange,迴龍,2022-02-23,22255.0
Orange,丹鳳,2022-02-23,18841.0
Orange,古亭,2022-02-24,31281.5
Orange,頂溪,2022-02-24,66553.0
Orange,永安市場,2022-02-24,48265.0
Orange,景安,2022-02-24,48970.0
Orange,南勢角,2022-02-24,38565.0
Orange,民權西路,2022-02-24,18443.5
Orange,忠孝新生,2022-02-24,25913.5
Orange,松江南京,2022-02-24,39533.5
Orange,輔大,2022-02-24,28512.0
Orange,新莊,2022-02-24,21294.0
Orange,頭前庄,2022-02-24,7771.5
Orange,先嗇宮,2022-02-24,9683.0
Orange,三重,2022-02-24,13363.0
Orange,菜寮,2022-02-24,20498.0
Orange,台北橋,2022-02-24,18720.0
Orange,大橋頭站,2022-02-24,24152.0
Orange,中山國小,2022-02-24,31979.0
Orange,行天宮,2022-02-24,52182.0
Orange,東門,2022-02-24,20248.5
Orange,蘆洲,2022-02-24,27274.0
Orange,三民高中,2022-02-24,23951.0
Orange,徐匯中學,2022-02-24,24046.0
Orange,三和國中,2022-02-24,23842.0
Orange,三重國小,2022-02-24,22570.0
Orange,迴龍,2022-02-24,22404.0
Orange,丹鳳,2022-02-24,18660.0
Orange,古亭,2022-02-25,32148.5
Orange,頂溪,2022-02-25,69411.0
Orange,永安市場,2022-02-25,50580.0
Orange,景安,2022-02-25,50850.0
Orange,南勢角,2022-02-25,39766.0
Orange,民權西路,2022-02-25,18177.0
Orange,忠孝新生,2022-02-25,27015.5
Orange,松江南京,2022-02-25,38894.5
Orange,輔大,2022-02-25,28735.0
Orange,新莊,2022-02-25,22221.0
Orange,頭前庄,2022-02-25,8462.0
Orange,先嗇宮,2022-02-25,9755.0
Orange,三重,2022-02-25,15418.0
Orange,菜寮,2022-02-25,21007.0
Orange,台北橋,2022-02-25,19773.0
Orange,大橋頭站,2022-02-25,26428.0
Orange,中山國小,2022-02-25,33164.0
Orange,行天宮,2022-02-25,54395.0
Orange,東門,2022-02-25,21497.5
Orange,蘆洲,2022-02-25,27910.0
Orange,三民高中,2022-02-25,24909.0
Orange,徐匯中學,2022-02-25,25016.0
Orange,三和國中,2022-02-25,24507.0
Orange,三重國小,2022-02-25,23394.0
Orange,迴龍,2022-02-25,23359.0
Orange,丹鳳,2022-02-25,19853.0
Orange,古亭,2022-02-26,21199.0
Orange,頂溪,2022-02-26,52153.0
Orange,永安市場,2022-02-26,36729.0
Orange,景安,2022-02-26,35655.0
Orange,南勢角,2022-02-26,30446.0
Orange,民權西路,2022-02-26,9657.5
Orange,忠孝新生,2022-02-26,21304.0
Orange,松江南京,2022-02-26,15626.0
Orange,輔大,2022-02-26,13331.0
Orange,新莊,2022-02-26,15102.0
Orange,頭前庄,2022-02-26,5749.5
Orange,先嗇宮,2022-02-26,4149.0
Orange,三重,2022-02-26,18729.0
Orange,菜寮,2022-02-26,13709.0
Orange,台北橋,2022-02-26,17641.0
Orange,大橋頭站,2022-02-26,21039.0
Orange,中山國小,2022-02-26,21605.0
Orange,行天宮,2022-02-26,31222.0
Orange,東門,2022-02-26,16450.0
Orange,蘆洲,2022-02-26,19040.0
Orange,三民高中,2022-02-26,17415.0
Orange,徐匯中學,2022-02-26,18109.0
Orange,三和國中,2022-02-26,16574.0
Orange,三重國小,2022-02-26,17653.0
Orange,迴龍,2022-02-26,13408.0
Orange,丹鳳,2022-02-26,13712.0
Orange,古亭,2022-02-27,16514.5
Orange,頂溪,2022-02-27,48172.0
Orange,永安市場,2022-02-27,32789.0
Orange,景安,2022-02-27,32543.0
Orange,南勢角,2022-02-27,27827.0
Orange,民權西路,2022-02-27,9499.5
Orange,忠孝新生,2022-02-27,19972.5
Orange,松江南京,2022-02-27,12535.0
Orange,輔大,2022-02-27,11203.0
Orange,新莊,2022-02-27,14003.0
Orange,頭前庄,2022-02-27,5229.5
Orange,先嗇宮,2022-02-27,3756.0
Orange,三重,2022-02-27,21061.0
Orange,菜寮,2022-02-27,12108.0
Orange,台北橋,2022-02-27,16455.0
Orange,大橋頭站,2022-02-27,19591.0
Orange,中山國小,2022-02-27,18550.0
Orange,行天宮,2022-02-27,27272.0
Orange,東門,2022-02-27,14612.0
Orange,蘆洲,2022-02-27,17259.0
Orange,三民高中,2022-02-27,15787.0
Orange,徐匯中學,2022-02-27,16067.0
Orange,三和國中,2022-02-27,15090.0
Orange,三重國小,2022-02-27,16159.0
Orange,迴龍,2022-02-27,12700.0
Orange,丹鳳,2022-02-27,13094.0
Orange,古亭,2022-02-28,15865.0
Orange,頂溪,2022-02-28,45461.0
Orange,永安市場,2022-02-28,31304.0
Orange,景安,2022-02-28,30617.0
Orange,南勢角,2022-02-28,26403.0
Orange,民權西路,2022-02-28,7836.5
Orange,忠孝新生,2022-02-28,17107.0
Orange,松江南京,2022-02-28,12184.5
Orange,輔大,2022-02-28,12132.0
Orange,新莊,2022-02-28,12391.0
Orange,頭前庄,2022-02-28,4779.5
Orange,先嗇宮,2022-02-28,3223.0
Orange,三重,2022-02-28,15610.0
Orange,菜寮,2022-02-28,11637.0
Orange,台北橋,2022-02-28,14233.0
Orange,大橋頭站,2022-02-28,18435.0
Orange,中山國小,2022-02-28,17652.0
Orange,行天宮,2022-02-28,24509.0
Orange,東門,2022-02-28,12832.0
Orange,蘆洲,2022-02-28,15469.0
Orange,三民高中,2022-02-28,14020.0
Orange,徐匯中學,2022-02-28,14696.0
Orange,三和國中,2022-02-28,13974.0
Orange,三重國小,2022-02-28,15213.0
Orange,迴龍,2022-02-28,11580.0
Orange,丹鳳,2022-02-28,11753.0
Orange,古亭,2022-03-01,30256.5
Orange,頂溪,2022-03-01,64108.0
Orange,永安市場,2022-03-01,47692.0
Orange,景安,2022-03-01,48272.0
Orange,南勢角,2022-03-01,38461.0
Orange,民權西路,2022-03-01,17697.0
Orange,忠孝新生,2022-03-01,23897.0
Orange,松江南京,2022-03-01,37274.5
Orange,輔大,2022-03-01,28100.0
Orange,新莊,2022-03-01,21376.0
Orange,頭前庄,2022-03-01,7723.5
Orange,先嗇宮,2022-03-01,9536.0
Orange,三重,2022-03-01,12993.0
Orange,菜寮,2022-03-01,19807.0
Orange,台北橋,2022-03-01,17658.0
Orange,大橋頭站,2022-03-01,23351.0
Orange,中山國小,2022-03-01,30851.0
Orange,行天宮,2022-03-01,50297.0
Orange,東門,2022-03-01,19500.5
Orange,蘆洲,2022-03-01,26845.0
Orange,三民高中,2022-03-01,23428.0
Orange,徐匯中學,2022-03-01,23620.0
Orange,三和國中,2022-03-01,23656.0
Orange,三重國小,2022-03-01,22514.0
Orange,迴龍,2022-03-01,22134.0
Orange,丹鳳,2022-03-01,18369.0
Orange,古亭,2022-03-02,30438.0
Orange,頂溪,2022-03-02,64383.0
Orange,永安市場,2022-03-02,47830.0
Orange,景安,2022-03-02,48395.0
Orange,南勢角,2022-03-02,38993.0
Orange,民權西路,2022-03-02,18100.0
Orange,忠孝新生,2022-03-02,24926.0
Orange,松江南京,2022-03-02,38205.5
Orange,輔大,2022-03-02,27405.0
Orange,新莊,2022-03-02,21159.0
Orange,頭前庄,2022-03-02,7774.0
Orange,先嗇宮,2022-03-02,9757.0
Orange,三重,2022-03-02,13095.0
Orange,菜寮,2022-03-02,20209.0
Orange,台北橋,2022-03-02,18188.0
Orange,大橋頭站,2022-03-02,23343.0
Orange,中山國小,2022-03-02,31369.0
Orange,行天宮,2022-03-02,51104.0
Orange,東門,2022-03-02,20153.5
Orange,蘆洲,2022-03-02,26950.0
Orange,三民高中,2022-03-02,23378.0
Orange,徐匯中學,2022-03-02,23476.0
Orange,三和國中,2022-03-02,23515.0
Orange,三重國小,2022-03-02,22328.0
Orange,迴龍,2022-03-02,22312.0
Orange,丹鳳,2022-03-02,18552.0
Orange,古亭,2022-03-03,30473.5
Orange,頂溪,2022-03-03,65142.0
Orange,永安市場,2022-03-03,47941.0
Orange,景安,2022-03-03,48250.0
Orange,南勢角,2022-03-03,39449.0
Orange,民權西路,2022-03-03,18183.5
Orange,忠孝新生,2022-03-03,25324.0
Orange,松江南京,2022-03-03,38522.5
Orange,輔大,2022-03-03,28187.0
Orange,新莊,2022-03-03,21298.0
Orange,頭前庄,2022-03-03,7955.0
Orange,先嗇宮,2022-03-03,9633.0
Orange,三重,2022-03-03,13004.0
Orange,菜寮,2022-03-03,19886.0
Orange,台北橋,2022-03-03,18018.0
Orange,大橋頭站,2022-03-03,23513.0
Orange,中山國小,2022-03-03,31436.0
Orange,行天宮,2022-03-03,52195.0
Orange,東門,2022-03-03,20089.5
Orange,蘆洲,2022-03-03,27165.0
Orange,三民高中,2022-03-03,23809.0
Orange,徐匯中學,2022-03-03,23734.0
Orange,三和國中,2022-03-03,23629.0
Orange,三重國小,2022-03-03,22424.0
Orange,迴龍,2022-03-03,22843.0
Orange,丹鳳,2022-03-03,18744.0
Orange,古亭,2022-03-04,32098.5
Orange,頂溪,2022-03-04,68673.0
Orange,永安市場,2022-03-04,50336.0
Orange,景安,2022-03-04,50550.0
Orange,南勢角,2022-03-04,41221.0
Orange,民權西路,2022-03-04,18676.0
Orange,忠孝新生,2022-03-04,26694.5
Orange,松江南京,2022-03-04,39334.0
Orange,輔大,2022-03-04,29404.0
Orange,新莊,2022-03-04,23082.0
Orange,頭前庄,2022-03-04,8342.5
Orange,先嗇宮,2022-03-04,9836.0
Orange,三重,2022-03-04,13970.0
Orange,菜寮,2022-03-04,20664.0
Orange,台北橋,2022-03-04,19479.0
Orange,大橋頭站,2022-03-04,26069.0
Orange,中山國小,2022-03-04,33609.0
Orange,行天宮,2022-03-04,53133.0
Orange,東門,2022-03-04,21724.0
Orange,蘆洲,2022-03-04,28105.0
Orange,三民高中,2022-03-04,24794.0
Orange,徐匯中學,2022-03-04,25095.0
Orange,三和國中,2022-03-04,24581.0
Orange,三重國小,2022-03-04,23329.0
Orange,迴龍,2022-03-04,23514.0
Orange,丹鳳,2022-03-04,19870.0
Orange,古亭,2022-03-05,23574.5
Orange,頂溪,2022-03-05,53195.0
Orange,永安市場,2022-03-05,37116.0
Orange,景安,2022-03-05,36214.0
Orange,南勢角,2022-03-05,30660.0
Orange,民權西路,2022-03-05,10803.5
Orange,忠孝新生,2022-03-05,21546.5
Orange,松江南京,2022-03-05,17009.0
Orange,輔大,2022-03-05,15598.0
Orange,新莊,2022-03-05,17170.0
Orange,頭前庄,2022-03-05,5865.5
Orange,先嗇宮,2022-03-05,4374.0
Orange,三重,2022-03-05,12356.0
Orange,菜寮,2022-03-05,13583.0
Orange,台北橋,2022-03-05,16846.0
Orange,大橋頭站,2022-03-05,20693.0
Orange,中山國小,2022-03-05,22956.0
Orange,行天宮,2022-03-05,32782.0
Orange,東門,2022-03-05,17255.0
Orange,蘆洲,2022-03-05,20739.0
Orange,三民高中,2022-03-05,18212.0
Orange,徐匯中學,2022-03-05,18544.0
Orange,三和國中,2022-03-05,17386.0
Orange,三重國小,2022-03-05,17634.0
Orange,迴龍,2022-03-05,14442.0
Orange,丹鳳,2022-03-05,14033.0
Orange,古亭,2022-03-06,17398.5
Orange,頂溪,2022-03-06,42388.0
Orange,永安市場,2022-03-06,29441.0
Orange,景安,2022-03-06,28791.0
Orange,南勢角,2022-03-06,25077.0
Orange,民權西路,2022-03-06,9094.5
Orange,忠孝新生,2022-03-06,16762.5
Orange,松江南京,2022-03-06,12119.5
Orange,輔大,2022-03-06,12198.0
Orange,新莊,2022-03-06,12790.0
Orange,頭前庄,2022-03-06,4847.5
Orange,先嗇宮,2022-03-06,3493.0
Orange,三重,2022-03-06,10223.0
Orange,菜寮,2022-03-06,10573.0
Orange,台北橋,2022-03-06,13080.0
Orange,大橋頭站,2022-03-06,16362.0
Orange,中山國小,2022-03-06,18157.0
Orange,行天宮,2022-03-06,24808.0
Orange,東門,2022-03-06,13899.5
Orange,蘆洲,2022-03-06,15287.0
Orange,三民高中,2022-03-06,13695.0
Orange,徐匯中學,2022-03-06,14195.0
Orange,三和國中,2022-03-06,13435.0
Orange,三重國小,2022-03-06,14026.0
Orange,迴龍,2022-03-06,11567.0
Orange,丹鳳,2022-03-06,11019.0
Orange,古亭,2022-03-07,30387.5
Orange,頂溪,2022-03-07,65881.0
Orange,永安市場,2022-03-07,47685.0
Orange,景安,2022-03-07,49377.0
Orange,南勢角,2022-03-07,38324.0
Orange,民權西路,2022-03-07,18196.0
Orange,忠孝新生,2022-03-07,25314.5
Orange,松江南京,2022-03-07,39412.0
Orange,輔大,2022-03-07,27591.0
Orange,新莊,2022-03-07,20484.0
Orange,頭前庄,2022-03-07,7591.5
Orange,先嗇宮,2022-03-07,9954.0
Orange,三重,2022-03-07,13030.0
Orange,菜寮,2022-03-07,21086.0
Orange,台北橋,2022-03-07,18804.0
Orange,大橋頭站,2022-03-07,23230.0
Orange,中山國小,2022-03-07,31066.0
Orange,行天宮,2022-03-07,51527.0
Orange,東門,2022-03-07,19180.0
Orange,蘆洲,2022-03-07,27302.0
Orange,三民高中,2022-03-07,23274.0
Orange,徐匯中學,2022-03-07,24209.0
Orange,三和國中,2022-03-07,24809.0
Orange,三重國小,2022-03-07,23045.0
Orange,迴龍,2022-03-07,22158.0
Orange,丹鳳,2022-03-07,18360.0
Orange,古亭,2022-03-08,31319.5
Orange,頂溪,2022-03-08,66418.0
Orange,永安市場,2022-03-08,48849.0
Orange,景安,2022-03-08,49402.0
Orange,南勢角,2022-03-08,39645.0
Orange,民權西路,2022-03-08,18311.5
Orange,忠孝新生,2022-03-08,25048.5
Orange,松江南京,2022-03-08,38304.0
Orange,輔大,2022-03-08,27721.0
Orange,新莊,2022-03-08,21675.0
Orange,頭前庄,2022-03-08,8038.0
Orange,先嗇宮,2022-03-08,9808.0
Orange,三重,2022-03-08,13254.0
Orange,菜寮,2022-03-08,20220.0
Orange,台北橋,2022-03-08,18423.0
Orange,大橋頭站,2022-03-08,23867.0
Orange,中山國小,2022-03-08,32662.0
Orange,行天宮,2022-03-08,52167.0
Orange,東門,2022-03-08,20512.0
Orange,蘆洲,2022-03-08,27639.0
Orange,三民高中,2022-03-08,24062.0
Orange,徐匯中學,2022-03-08,24085.0
Orange,三和國中,2022-03-08,24065.0
Orange,三重國小,2022-03-08,22512.0
Orange,迴龍,2022-03-08,23033.0
Orange,丹鳳,2022-03-08,18936.0
Orange,古亭,2022-03-09,31461.5
Orange,頂溪,2022-03-09,66581.0
Orange,永安市場,2022-03-09,49159.0
Orange,景安,2022-03-09,49592.0
Orange,南勢角,2022-03-09,40112.0
Orange,民權西路,2022-03-09,18316.0
Orange,忠孝新生,2022-03-09,25460.5
Orange,松江南京,2022-03-09,38917.0
Orange,輔大,2022-03-09,27605.0
Orange,新莊,2022-03-09,21665.0
Orange,頭前庄,2022-03-09,7959.5
Orange,先嗇宮,2022-03-09,9768.0
Orange,三重,2022-03-09,13524.0
Orange,菜寮,2022-03-09,20456.0
Orange,台北橋,2022-03-09,18544.0
Orange,大橋頭站,2022-03-09,23882.0
Orange,中山國小,2022-03-09,32635.0
Orange,行天宮,2022-03-09,52502.0
Orange,東門,2022-03-09,20883.0
Orange,蘆洲,2022-03-09,27566.0
Orange,三民高中,2022-03-09,24101.0
Orange,徐匯中學,2022-03-09,24200.0
Orange,三和國中,2022-03-09,24127.0
Orange,三重國小,2022-03-09,22718.0
Orange,迴龍,2022-03-09,22814.0
Orange,丹鳳,2022-03-09,18801.0
Orange,古亭,2022-03-10,31501.0
Orange,頂溪,2022-03-10,66472.0
Orange,永安市場,2022-03-10,49168.0
Orange,景安,2022-03-10,49409.0
Orange,南勢角,2022-03-10,40040.0
Orange,民權西路,2022-03-10,18635.0
Orange,忠孝新生,2022-03-10,25976.0
Orange,松江南京,2022-03-10,38777.0
Orange,輔大,2022-03-10,27914.0
Orange,新莊,2022-03-10,21532.0
Orange,頭前庄,2022-03-10,7951.0
Orange,先嗇宮,2022-03-10,9779.0
Orange,三重,2022-03-10,13414.0
Orange,菜寮,2022-03-10,20678.0
Orange,台北橋,2022-03-10,18437.0
Orange,大橋頭站,2022-03-10,24100.0
Orange,中山國小,2022-03-10,32635.0
Orange,行天宮,2022-03-10,53061.0
Orange,東門,2022-03-10,20301.0
Orange,蘆洲,2022-03-10,27537.0
Orange,三民高中,2022-03-10,24123.0
Orange,徐匯中學,2022-03-10,24179.0
Orange,三和國中,2022-03-10,24223.0
Orange,三重國小,2022-03-10,22723.0
Orange,迴龍,2022-03-10,22988.0
Orange,丹鳳,2022-03-10,18821.0
Orange,古亭,2022-03-11,32606.5
Orange,頂溪,2022-03-11,70218.0
Orange,永安市場,2022-03-11,51585.0
Orange,景安,2022-03-11,51703.0
Orange,南勢角,2022-03-11,41140.0
Orange,民權西路,2022-03-11,18603.0
Orange,忠孝新生,2022-03-11,27625.0
Orange,松江南京,2022-03-11,39526.5
Orange,輔大,2022-03-11,28952.0
Orange,新莊,2022-03-11,22767.0
Orange,頭前庄,2022-03-11,8391.5
Orange,先嗇宮,2022-03-11,10041.0
Orange,三重,2022-03-11,14190.0
Orange,菜寮,2022-03-11,21068.0
Orange,台北橋,2022-03-11,19987.0
Orange,大橋頭站,2022-03-11,26438.0
Orange,中山國小,2022-03-11,34279.0
Orange,行天宮,2022-03-11,54484.0
Orange,東門,2022-03-11,21909.0
Orange,蘆洲,2022-03-11,28815.0
Orange,三民高中,2022-03-11,25342.0
Orange,徐匯中學,2022-03-11,25844.0
Orange,三和國中,2022-03-11,25018.0
Orange,三重國小,2022-03-11,23665.0
Orange,迴龍,2022-03-11,23820.0
Orange,丹鳳,2022-03-11,19768.0
Orange,古亭,2022-03-12,26245.5
Orange,頂溪,2022-03-12,56201.0
Orange,永安市場,2022-03-12,40043.0
Orange,景安,2022-03-12,37895.0
Orange,南勢角,2022-03-12,32548.0
Orange,民權西路,2022-03-12,11091.0
Orange,忠孝新生,2022-03-12,23665.5
Orange,松江南京,2022-03-12,17165.5
Orange,輔大,2022-03-12,16026.0
Orange,新莊,2022-03-12,16544.0
Orange,頭前庄,2022-03-12,6043.0
Orange,先嗇宮,2022-03-12,4681.0
Orange,三重,2022-03-12,13459.0
Orange,菜寮,2022-03-12,17012.0
Orange,台北橋,2022-03-12,18436.0
Orange,大橋頭站,2022-03-12,22657.0
Orange,中山國小,2022-03-12,24160.0
Orange,行天宮,2022-03-12,33867.0
Orange,東門,2022-03-12,19085.5
Orange,蘆洲,2022-03-12,21292.0
Orange,三民高中,2022-03-12,18640.0
Orange,徐匯中學,2022-03-12,19976.0
Orange,三和國中,2022-03-12,18190.0
Orange,三重國小,2022-03-12,18825.0
Orange,迴龍,2022-03-12,14781.0
Orange,丹鳳,2022-03-12,14915.0
Orange,古亭,2022-03-13,19856.0
Orange,頂溪,2022-03-13,46427.0
Orange,永安市場,2022-03-13,32035.0
Orange,景安,2022-03-13,31617.0
Orange,南勢角,2022-03-13,26716.0
Orange,民權西路,2022-03-13,9914.5
Orange,忠孝新生,2022-03-13,17450.5
Orange,松江南京,2022-03-13,12495.5
Orange,輔大,2022-03-13,12758.0
Orange,新莊,2022-03-13,13140.0
Orange,頭前庄,2022-03-13,5072.0
Orange,先嗇宮,2022-03-13,3749.0
Orange,三重,2022-03-13,11713.0
Orange,菜寮,2022-03-13,11780.0
Orange,台北橋,2022-03-13,14064.0
Orange,大橋頭站,2022-03-13,18194.0
Orange,中山國小,2022-03-13,19577.0
Orange,行天宮,2022-03-13,26149.0
Orange,東門,2022-03-13,15148.0
Orange,蘆洲,2022-03-13,16701.0
Orange,三民高中,2022-03-13,14708.0
Orange,徐匯中學,2022-03-13,16173.0
Orange,三和國中,2022-03-13,14662.0
Orange,三重國小,2022-03-13,15669.0
Orange,迴龍,2022-03-13,12687.0
Orange,丹鳳,2022-03-13,12090.0
Orange,古亭,2022-03-14,29702.5
Orange,頂溪,2022-03-14,63964.0
Orange,永安市場,2022-03-14,47248.0
Orange,景安,2022-03-14,48292.0
Orange,南勢角,2022-03-14,38724.0
Orange,民權西路,2022-03-14,17897.5
Orange,忠孝新生,2022-03-14,24333.0
Orange,松江南京,2022-03-14,37384.5
Orange,輔大,2022-03-14,27142.0
Orange,新莊,2022-03-14,20844.0
Orange,頭前庄,2022-03-14,7638.5
Orange,先嗇宮,2022-03-14,9475.0
Orange,三重,2022-03-14,13012.0
Orange,菜寮,2022-03-14,19748.0
Orange,台北橋,2022-03-14,17812.0
Orange,大橋頭站,2022-03-14,23174.0
Orange,中山國小,2022-03-14,31059.0
Orange,行天宮,2022-03-14,50383.0
Orange,東門,2022-03-14,18734.5
Orange,蘆洲,2022-03-14,26955.0
Orange,三民高中,2022-03-14,23536.0
Orange,徐匯中學,2022-03-14,23476.0
Orange,三和國中,2022-03-14,23487.0
Orange,三重國小,2022-03-14,22072.0
Orange,迴龍,2022-03-14,22523.0
Orange,丹鳳,2022-03-14,18268.0
Orange,古亭,2022-03-15,31280.5
Orange,頂溪,2022-03-15,65771.0
Orange,永安市場,2022-03-15,48590.0
Orange,景安,2022-03-15,49161.0
Orange,南勢角,2022-03-15,39179.0
Orange,民權西路,2022-03-15,18008.5
Orange,忠孝新生,2022-03-15,24668.5
Orange,松江南京,2022-03-15,38273.0
Orange,輔大,2022-03-15,27740.0
Orange,新莊,2022-03-15,21484.0
Orange,頭前庄,2022-03-15,7984.0
Orange,先嗇宮,2022-03-15,9804.0
Orange,三重,2022-03-15,13212.0
Orange,菜寮,2022-03-15,20357.0
Orange,台北橋,2022-03-15,18365.0
Orange,大橋頭站,2022-03-15,23865.0
Orange,中山國小,2022-03-15,31986.0
Orange,行天宮,2022-03-15,51911.0
Orange,東門,2022-03-15,20376.0
Orange,蘆洲,2022-03-15,27481.0
Orange,三民高中,2022-03-15,23988.0
Orange,徐匯中學,2022-03-15,23768.0
Orange,三和國中,2022-03-15,23755.0
Orange,三重國小,2022-03-15,22514.0
Orange,迴龍,2022-03-15,22758.0
Orange,丹鳳,2022-03-15,18640.0
Orange,古亭,2022-03-16,31304.0
Orange,頂溪,2022-03-16,66301.0
Orange,永安市場,2022-03-16,49196.0
Orange,景安,2022-03-16,49166.0
Orange,南勢角,2022-03-16,39555.0
Orange,民權西路,2022-03-16,18390.0
Orange,忠孝新生,2022-03-16,25158.5
Orange,松江南京,2022-03-16,38801.5
Orange,輔大,2022-03-16,27202.0
Orange,新莊,2022-03-16,21805.0
Orange,頭前庄,2022-03-16,8135.5
Orange,先嗇宮,2022-03-16,9858.0
Orange,三重,2022-03-16,13301.0
Orange,菜寮,2022-03-16,20823.0
Orange,台北橋,2022-03-16,18550.0
Orange,大橋頭站,2022-03-16,23914.0
Orange,中山國小,2022-03-16,32221.0
Orange,行天宮,2022-03-16,51751.0
Orange,東門,2022-03-16,20933.5
Orange,蘆洲,2022-03-16,27639.0
Orange,三民高中,2022-03-16,24026.0
Orange,徐匯中學,2022-03-16,24092.0
Orange,三和國中,2022-03-16,23960.0
Orange,三重國小,2022-03-16,22605.0
Orange,迴龍,2022-03-16,22647.0
Orange,丹鳳,2022-03-16,18895.0
Orange,古亭,2022-03-17,31748.5
Orange,頂溪,2022-03-17,66654.0
Orange,永安市場,2022-03-17,49037.0
Orange,景安,2022-03-17,49599.0
Orange,南勢角,2022-03-17,39454.0
Orange,民權西路,2022-03-17,18552.5
Orange,忠孝新生,2022-03-17,25743.5
Orange,松江南京,2022-03-17,39133.5
Orange,輔大,2022-03-17,27625.0
Orange,新莊,2022-03-17,22179.0
Orange,頭前庄,2022-03-17,8028.5
Orange,先嗇宮,2022-03-17,9660.0
Orange,三重,2022-03-17,13349.0
Orange,菜寮,2022-03-17,20650.0
Orange,台北橋,2022-03-17,18377.0
Orange,大橋頭站,2022-03-17,24635.0
Orange,中山國小,2022-03-17,32089.0
Orange,行天宮,2022-03-17,54583.0
Orange,東門,2022-03-17,20594.5
Orange,蘆洲,2022-03-17,27646.0
Orange,三民高中,2022-03-17,24305.0
Orange,徐匯中學,2022-03-17,24302.0
Orange,三和國中,2022-03-17,23968.0
Orange,三重國小,2022-03-17,22627.0
Orange,迴龍,2022-03-17,22562.0
Orange,丹鳳,2022-03-17,18810.0
Orange,古亭,2022-03-18,32569.0
Orange,頂溪,2022-03-18,69113.0
Orange,永安市場,2022-03-18,51633.0
Orange,景安,2022-03-18,51018.0
Orange,南勢角,2022-03-18,40401.0
Orange,民權西路,2022-03-18,18754.5
Orange,忠孝新生,2022-03-18,27299.0
Orange,松江南京,2022-03-18,39517.0
Orange,輔大,2022-03-18,28496.0
Orange,新莊,2022-03-18,22989.0
Orange,頭前庄,2022-03-18,8139.0
Orange,先嗇宮,2022-03-18,10028.0
Orange,三重,2022-03-18,14206.0
Orange,菜寮,2022-03-18,20907.0
Orange,台北橋,2022-03-18,19592.0
Orange,大橋頭站,2022-03-18,26376.0
Orange,中山國小,2022-03-18,33961.0
Orange,行天宮,2022-03-18,54061.0
Orange,東門,2022-03-18,21689.0
Orange,蘆洲,2022-03-18,28629.0
Orange,三民高中,2022-03-18,25050.0
Orange,徐匯中學,2022-03-18,25591.0
Orange,三和國中,2022-03-18,24899.0
Orange,三重國小,2022-03-18,23488.0
Orange,迴龍,2022-03-18,23568.0
Orange,丹鳳,2022-03-18,19547.0
Orange,古亭,2022-03-19,23975.5
Orange,頂溪,2022-03-19,54521.0
Orange,永安市場,2022-03-19,39091.0
Orange,景安,2022-03-19,38055.0
Orange,南勢角,2022-03-19,31523.0
Orange,民權西路,2022-03-19,11071.0
Orange,忠孝新生,2022-03-19,23340.0
Orange,松江南京,2022-03-19,16758.0
Orange,輔大,2022-03-19,15650.0
Orange,新莊,2022-03-19,17307.0
Orange,頭前庄,2022-03-19,6291.5
Orange,先嗇宮,2022-03-19,4436.0
Orange,三重,2022-03-19,12922.0
Orange,菜寮,2022-03-19,14156.0
Orange,台北橋,2022-03-19,17323.0
Orange,大橋頭站,2022-03-19,21468.0
Orange,中山國小,2022-03-19,23784.0
Orange,行天宮,2022-03-19,33658.0
Orange,東門,2022-03-19,18201.0
Orange,蘆洲,2022-03-19,20893.0
Orange,三民高中,2022-03-19,18037.0
Orange,徐匯中學,2022-03-19,19291.0
Orange,三和國中,2022-03-19,17539.0
Orange,三重國小,2022-03-19,18474.0
Orange,迴龍,2022-03-19,14968.0
Orange,丹鳳,2022-03-19,14626.0
Orange,古亭,2022-03-20,18412.0
Orange,頂溪,2022-03-20,46584.0
Orange,永安市場,2022-03-20,31455.0
Orange,景安,2022-03-20,30774.0
Orange,南勢角,2022-03-20,27136.0
Orange,民權西路,2022-03-20,10075.0
Orange,忠孝新生,2022-03-20,17434.5
Orange,松江南京,2022-03-20,12288.5
Orange,輔大,2022-03-20,13733.0
Orange,新莊,2022-03-20,12866.0
Orange,頭前庄,2022-03-20,4746.0
Orange,先嗇宮,2022-03-20,3493.0
Orange,三重,2022-03-20,10657.0
Orange,菜寮,2022-03-20,11553.0
Orange,台北橋,2022-03-20,13544.0
Orange,大橋頭站,2022-03-20,18737.0
Orange,中山國小,2022-03-20,19144.0
Orange,行天宮,2022-03-20,27043.0
Orange,東門,2022-03-20,14560.0
Orange,蘆洲,2022-03-20,16935.0
Orange,三民高中,2022-03-20,14948.0
Orange,徐匯中學,2022-03-20,15080.0
Orange,三和國中,2022-03-20,14586.0
Orange,三重國小,2022-03-20,15132.0
Orange,迴龍,2022-03-20,12584.0
Orange,丹鳳,2022-03-20,12067.0
Orange,古亭,2022-03-21,29736.5
Orange,頂溪,2022-03-21,64787.0
Orange,永安市場,2022-03-21,47540.0
Orange,景安,2022-03-21,48509.0
Orange,南勢角,2022-03-21,38840.0
Orange,民權西路,2022-03-21,18129.5
Orange,忠孝新生,2022-03-21,24417.0
Orange,松江南京,2022-03-21,37675.5
Orange,輔大,2022-03-21,26823.0
Orange,新莊,2022-03-21,20927.0
Orange,頭前庄,2022-03-21,7732.5
Orange,先嗇宮,2022-03-21,9382.0
Orange,三重,2022-03-21,12956.0
Orange,菜寮,2022-03-21,20235.0
Orange,台北橋,2022-03-21,18169.0
Orange,大橋頭站,2022-03-21,23475.0
Orange,中山國小,2022-03-21,30796.0
Orange,行天宮,2022-03-21,52103.0
Orange,東門,2022-03-21,19094.0
Orange,蘆洲,2022-03-21,26967.0
Orange,三民高中,2022-03-21,23923.0
Orange,徐匯中學,2022-03-21,23687.0
Orange,三和國中,2022-03-21,23764.0
Orange,三重國小,2022-03-21,22097.0
Orange,迴龍,2022-03-21,22168.0
Orange,丹鳳,2022-03-21,18394.0
Orange,古亭,2022-03-22,31412.0
Orange,頂溪,2022-03-22,65933.0
Orange,永安市場,2022-03-22,48820.0
Orange,景安,2022-03-22,49555.0
Orange,南勢角,2022-03-22,39557.0
Orange,民權西路,2022-03-22,18461.0
Orange,忠孝新生,2022-03-22,25261.5
Orange,松江南京,2022-03-22,39181.5
Orange,輔大,2022-03-22,27558.0
Orange,新莊,2022-03-22,21341.0
Orange,頭前庄,2022-03-22,8012.5
Orange,先嗇宮,2022-03-22,10028.0
Orange,三重,2022-03-22,13013.0
Orange,菜寮,2022-03-22,20625.0
Orange,台北橋,2022-03-22,18454.0
Orange,大橋頭站,2022-03-22,23485.0
Orange,中山國小,2022-03-22,31467.0
Orange,行天宮,2022-03-22,52913.0
Orange,東門,2022-03-22,20058.0
Orange,蘆洲,2022-03-22,27728.0
Orange,三民高中,2022-03-22,24094.0
Orange,徐匯中學,2022-03-22,24688.0
Orange,三和國中,2022-03-22,24250.0
Orange,三重國小,2022-03-22,22944.0
Orange,迴龍,2022-03-22,22348.0
Orange,丹鳳,2022-03-22,18716.0
Orange,古亭,2022-03-23,32136.0
Orange,頂溪,2022-03-23,68216.0
Orange,永安市場,2022-03-23,49599.0
Orange,景安,2022-03-23,50348.0
Orange,南勢角,2022-03-23,39549.0
Orange,民權西路,2022-03-23,18785.5
Orange,忠孝新生,2022-03-23,25868.5
Orange,松江南京,2022-03-23,40091.5
Orange,輔大,2022-03-23,27809.0
Orange,新莊,2022-03-23,21612.0
Orange,頭前庄,2022-03-23,8031.0
Orange,先嗇宮,2022-03-23,10294.0
Orange,三重,2022-03-23,13370.0
Orange,菜寮,2022-03-23,21403.0
Orange,台北橋,2022-03-23,19348.0
Orange,大橋頭站,2022-03-23,24066.0
Orange,中山國小,2022-03-23,32688.0
Orange,行天宮,2022-03-23,55173.0
Orange,東門,2022-03-23,21184.5
Orange,蘆洲,2022-03-23,28171.0
Orange,三民高中,2022-03-23,23974.0
Orange,徐匯中學,2022-03-23,25050.0
Orange,三和國中,2022-03-23,24891.0
Orange,三重國小,2022-03-23,23359.0
Orange,迴龍,2022-03-23,22644.0
Orange,丹鳳,2022-03-23,18939.0
Orange,古亭,2022-03-24,31487.0
Orange,頂溪,2022-03-24,66796.0
Orange,永安市場,2022-03-24,49074.0
Orange,景安,2022-03-24,49493.0
Orange,南勢角,2022-03-24,39609.0
Orange,民權西路,2022-03-24,18628.5
Orange,忠孝新生,2022-03-24,26077.5
Orange,松江南京,2022-03-24,39354.0
Orange,輔大,2022-03-24,27591.0
Orange,新莊,2022-03-24,21514.0
Orange,頭前庄,2022-03-24,7733.0
Orange,先嗇宮,2022-03-24,9891.0
Orange,三重,2022-03-24,13241.0
Orange,菜寮,2022-03-24,20286.0
Orange,台北橋,2022-03-24,18483.0
Orange,大橋頭站,2022-03-24,23553.0
Orange,中山國小,2022-03-24,32077.0
Orange,行天宮,2022-03-24,52472.0
Orange,東門,2022-03-24,20590.5
Orange,蘆洲,2022-03-24,27586.0
Orange,三民高中,2022-03-24,24242.0
Orange,徐匯中學,2022-03-24,24515.0
Orange,三和國中,2022-03-24,24146.0
Orange,三重國小,2022-03-24,22338.0
Orange,迴龍,2022-03-24,22620.0
Orange,丹鳳,2022-03-24,18838.0
Orange,古亭,2022-03-25,32923.0
Orange,頂溪,2022-03-25,70538.0
Orange,永安市場,2022-03-25,52151.0
Orange,景安,2022-03-25,51809.0
Orange,南勢角,2022-03-25,41028.0
Orange,民權西路,2022-03-25,18694.0
Orange,忠孝新生,2022-03-25,28020.0
Orange,松江南京,2022-03-25,39522.5
Orange,輔大,2022-03-25,28417.0
Orange,新莊,2022-03-25,22714.0
Orange,頭前庄,2022-03-25,8255.5
Orange,先嗇宮,2022-03-25,9925.0
Orange,三重,2022-03-25,14425.0
Orange,菜寮,2022-03-25,21627.0
Orange,台北橋,2022-03-25,19945.0
Orange,大橋頭站,2022-03-25,25969.0
Orange,中山國小,2022-03-25,34164.0
Orange,行天宮,2022-03-25,55627.0
Orange,東門,2022-03-25,22152.5
Orange,蘆洲,2022-03-25,29050.0
Orange,三民高中,2022-03-25,25735.0
Orange,徐匯中學,2022-03-25,25798.0
Orange,三和國中,2022-03-25,25105.0
Orange,三重國小,2022-03-25,23889.0
Orange,迴龍,2022-03-25,23806.0
Orange,丹鳳,2022-03-25,19679.0
Orange,古亭,2022-03-26,24131.0
Orange,頂溪,2022-03-26,53276.0
Orange,永安市場,2022-03-26,38348.0
Orange,景安,2022-03-26,36903.0
Orange,南勢角,2022-03-26,30751.0
Orange,民權西路,2022-03-26,10730.5
Orange,忠孝新生,2022-03-26,22521.0
Orange,松江南京,2022-03-26,18162.5
Orange,輔大,2022-03-26,15217.0
Orange,新莊,2022-03-26,18216.0
Orange,頭前庄,2022-03-26,5749.5
Orange,先嗇宮,2022-03-26,4112.0
Orange,三重,2022-03-26,10586.0
Orange,菜寮,2022-03-26,14073.0
Orange,台北橋,2022-03-26,16771.0
Orange,大橋頭站,2022-03-26,20810.0
Orange,中山國小,2022-03-26,23755.0
Orange,行天宮,2022-03-26,33390.0
Orange,東門,2022-03-26,17446.0
Orange,蘆洲,2022-03-26,21620.0
Orange,三民高中,2022-03-26,17636.0
Orange,徐匯中學,2022-03-26,19281.0
Orange,三和國中,2022-03-26,17619.0
Orange,三重國小,2022-03-26,17772.0
Orange,迴龍,2022-03-26,14162.0
Orange,丹鳳,2022-03-26,13917.0
Orange,古亭,2022-03-27,17483.5
Orange,頂溪,2022-03-27,42127.0
Orange,永安市場,2022-03-27,28627.0
Orange,景安,2022-03-27,28301.0
Orange,南勢角,2022-03-27,23491.0
Orange,民權西路,2022-03-27,9396.0
Orange,忠孝新生,2022-03-27,16757.5
Orange,松江南京,2022-03-27,12913.0
Orange,輔大,2022-03-27,11265.0
Orange,新莊,2022-03-27,12375.0
Orange,頭前庄,2022-03-27,4414.5
Orange,先嗇宮,2022-03-27,3194.0
Orange,三重,2022-03-27,8020.0
Orange,菜寮,2022-03-27,10546.0
Orange,台北橋,2022-03-27,13799.0
Orange,大橋頭站,2022-03-27,16368.0
Orange,中山國小,2022-03-27,18921.0
Orange,行天宮,2022-03-27,25982.0
Orange,東門,2022-03-27,13459.0
Orange,蘆洲,2022-03-27,15613.0
Orange,三民高中,2022-03-27,13319.0
Orange,徐匯中學,2022-03-27,15145.0
Orange,三和國中,2022-03-27,13878.0
Orange,三重國小,2022-03-27,14448.0
Orange,迴龍,2022-03-27,10987.0
Orange,丹鳳,2022-03-27,10597.0
Orange,古亭,2022-03-28,30620.0
Orange,頂溪,2022-03-28,67194.0
Orange,永安市場,2022-03-28,48101.0
Orange,景安,2022-03-28,49868.0
Orange,南勢角,2022-03-28,38290.0
Orange,民權西路,2022-03-28,18367.5
Orange,忠孝新生,2022-03-28,25797.0
Orange,松江南京,2022-03-28,39779.0
Orange,輔大,2022-03-28,27190.0
Orange,新莊,2022-03-28,20708.0
Orange,頭前庄,2022-03-28,7775.0
Orange,先嗇宮,2022-03-28,10144.0
Orange,三重,2022-03-28,12855.0
Orange,菜寮,2022-03-28,21501.0
Orange,台北橋,2022-03-28,19379.0
Orange,大橋頭站,2022-03-28,23845.0
Orange,中山國小,2022-03-28,31851.0
Orange,行天宮,2022-03-28,53370.0
Orange,東門,2022-03-28,19656.0
Orange,蘆洲,2022-03-28,27356.0
Orange,三民高中,2022-03-28,23060.0
Orange,徐匯中學,2022-03-28,24423.0
Orange,三和國中,2022-03-28,24640.0
Orange,三重國小,2022-03-28,23340.0
Orange,迴龍,2022-03-28,22035.0
Orange,丹鳳,2022-03-28,18136.0
Orange,古亭,2022-03-29,30838.0
Orange,頂溪,2022-03-29,65733.0
Orange,永安市場,2022-03-29,48522.0
Orange,景安,2022-03-29,48906.0
Orange,南勢角,2022-03-29,38884.0
Orange,民權西路,2022-03-29,18036.0
Orange,忠孝新生,2022-03-29,24834.0
Orange,松江南京,2022-03-29,38088.0
Orange,輔大,2022-03-29,27481.0
Orange,新莊,2022-03-29,21252.0
Orange,頭前庄,2022-03-29,7859.0
Orange,先嗇宮,2022-03-29,10016.0
Orange,三重,2022-03-29,12939.0
Orange,菜寮,2022-03-29,20500.0
Orange,台北橋,2022-03-29,18317.0
Orange,大橋頭站,2022-03-29,23327.0
Orange,中山國小,2022-03-29,31860.0
Orange,行天宮,2022-03-29,52426.0
Orange,東門,2022-03-29,20112.5
Orange,蘆洲,2022-03-29,27425.0
Orange,三民高中,2022-03-29,23985.0
Orange,徐匯中學,2022-03-29,24171.0
Orange,三和國中,2022-03-29,23790.0
Orange,三重國小,2022-03-29,22676.0
Orange,迴龍,2022-03-29,22348.0
Orange,丹鳳,2022-03-29,18648.0
Orange,古亭,2022-03-30,30936.5
Orange,頂溪,2022-03-30,65555.0
Orange,永安市場,2022-03-30,48499.0
Orange,景安,2022-03-30,48529.0
Orange,南勢角,2022-03-30,37787.0
Orange,民權西路,2022-03-30,18023.0
Orange,忠孝新生,2022-03-30,25478.5
Orange,松江南京,2022-03-30,38417.0
Orange,輔大,2022-03-30,27229.0
Orange,新莊,2022-03-30,21718.0
Orange,頭前庄,2022-03-30,7920.5
Orange,先嗇宮,2022-03-30,9734.0
Orange,三重,2022-03-30,13382.0
Orange,菜寮,2022-03-30,20425.0
Orange,台北橋,2022-03-30,18564.0
Orange,大橋頭站,2022-03-30,23727.0
Orange,中山國小,2022-03-30,31249.0
Orange,行天宮,2022-03-30,53101.0
Orange,東門,2022-03-30,20589.5
Orange,蘆洲,2022-03-30,27667.0
Orange,三民高中,2022-03-30,23967.0
Orange,徐匯中學,2022-03-30,24295.0
Orange,三和國中,2022-03-30,23594.0
Orange,三重國小,2022-03-30,22601.0
Orange,迴龍,2022-03-30,22539.0
Orange,丹鳳,2022-03-30,18851.0
Orange,古亭,2022-03-31,31154.0
Orange,頂溪,2022-03-31,65371.0
Orange,永安市場,2022-03-31,48602.0
Orange,景安,2022-03-31,48181.0
Orange,南勢角,2022-03-31,37570.0
Orange,民權西路,2022-03-31,17910.0
Orange,忠孝新生,2022-03-31,25714.5
Orange,松江南京,2022-03-31,38880.0
Orange,輔大,2022-03-31,27577.0
Orange,新莊,2022-03-31,21369.0
Orange,頭前庄,2022-03-31,7685.0
Orange,先嗇宮,2022-03-31,9640.0
Orange,三重,2022-03-31,12926.0
Orange,菜寮,2022-03-31,20087.0
Orange,台北橋,2022-03-31,18090.0
Orange,大橋頭站,2022-03-31,23590.0
Orange,中山國小,2022-03-31,31283.0
Orange,行天宮,2022-03-31,52276.0
Orange,東門,2022-03-31,20274.0
Orange,蘆洲,2022-03-31,27266.0
Orange,三民高中,2022-03-31,24134.0
Orange,徐匯中學,2022-03-31,23943.0
Orange,三和國中,2022-03-31,23690.0
Orange,三重國小,2022-03-31,22479.0
Orange,迴龍,2022-03-31,22414.0
Orange,丹鳳,2022-03-31,18809.0
Orange,古亭,2022-04-01,30547.0
Orange,頂溪,2022-04-01,65801.0
Orange,永安市場,2022-04-01,48781.0
Orange,景安,2022-04-01,48864.0
Orange,南勢角,2022-04-01,37628.0
Orange,民權西路,2022-04-01,17547.0
Orange,忠孝新生,2022-04-01,25672.0
Orange,松江南京,2022-04-01,38305.0
Orange,輔大,2022-04-01,27577.0
Orange,新莊,2022-04-01,21810.0
Orange,頭前庄,2022-04-01,7933.0
Orange,先嗇宮,2022-04-01,9725.0
Orange,三重,2022-04-01,13008.0
Orange,菜寮,2022-04-01,20343.0
Orange,台北橋,2022-04-01,19219.0
Orange,大橋頭站,2022-04-01,24849.0
Orange,中山國小,2022-04-01,31658.0
Orange,行天宮,2022-04-01,53210.0
Orange,東門,2022-04-01,20545.0
Orange,蘆洲,2022-04-01,27569.0
Orange,三民高中,2022-04-01,24548.0
Orange,徐匯中學,2022-04-01,24744.0
Orange,三和國中,2022-04-01,23966.0
Orange,三重國小,2022-04-01,22886.0
Orange,迴龍,2022-04-01,21932.0
Orange,丹鳳,2022-04-01,19036.0
Orange,古亭,2022-04-02,17440.0
Orange,頂溪,2022-04-02,42375.0
Orange,永安市場,2022-04-02,27917.0
Orange,景安,2022-04-02,27987.0
Orange,南勢角,2022-04-02,22243.0
Orange,民權西路,2022-04-02,7669.0
Orange,忠孝新生,2022-04-02,16323.5
Orange,松江南京,2022-04-02,13927.0
Orange,輔大,2022-04-02,10631.0
Orange,新莊,2022-04-02,13258.0
Orange,頭前庄,2022-04-02,4145.5
Orange,先嗇宮,2022-04-02,3456.0
Orange,三重,2022-04-02,7741.0
Orange,菜寮,2022-04-02,11081.0
Orange,台北橋,2022-04-02,13894.0
Orange,大橋頭站,2022-04-02,15829.0
Orange,中山國小,2022-04-02,18679.0
Orange,行天宮,2022-04-02,23776.0
Orange,東門,2022-04-02,12987.5
Orange,蘆洲,2022-04-02,15724.0
Orange,三民高中,2022-04-02,13446.0
Orange,徐匯中學,2022-04-02,15057.0
Orange,三和國中,2022-04-02,13990.0
Orange,三重國小,2022-04-02,14751.0
Orange,迴龍,2022-04-02,10360.0
Orange,丹鳳,2022-04-02,10557.0
Orange,古亭,2022-04-03,12637.0
Orange,頂溪,2022-04-03,34708.0
Orange,永安市場,2022-04-03,23268.0
Orange,景安,2022-04-03,22239.0
Orange,南勢角,2022-04-03,19146.0
Orange,民權西路,2022-04-03,7259.5
Orange,忠孝新生,2022-04-03,14338.0
Orange,松江南京,2022-04-03,10272.0
Orange,輔大,2022-04-03,7160.0
Orange,新莊,2022-04-03,9265.0
Orange,頭前庄,2022-04-03,3668.0
Orange,先嗇宮,2022-04-03,2681.0
Orange,三重,2022-04-03,7194.0
Orange,菜寮,2022-04-03,9086.0
Orange,台北橋,2022-04-03,12286.0
Orange,大橋頭站,2022-04-03,13216.0
Orange,中山國小,2022-04-03,15016.0
Orange,行天宮,2022-04-03,19868.0
Orange,東門,2022-04-03,10623.0
Orange,蘆洲,2022-04-03,12665.0
Orange,三民高中,2022-04-03,11589.0
Orange,徐匯中學,2022-04-03,12618.0
Orange,三和國中,2022-04-03,11272.0
Orange,三重國小,2022-04-03,12089.0
Orange,迴龍,2022-04-03,8951.0
Orange,丹鳳,2022-04-03,9165.0
Orange,古亭,2022-04-04,13110.0
Orange,頂溪,2022-04-04,37353.0
Orange,永安市場,2022-04-04,25516.0
Orange,景安,2022-04-04,24154.0
Orange,南勢角,2022-04-04,20217.0
Orange,民權西路,2022-04-04,6836.5
Orange,忠孝新生,2022-04-04,13965.5
Orange,松江南京,2022-04-04,10759.0
Orange,輔大,2022-04-04,7400.0
Orange,新莊,2022-04-04,13347.0
Orange,頭前庄,2022-04-04,4199.0
Orange,先嗇宮,2022-04-04,3073.0
Orange,三重,2022-04-04,9666.0
Orange,菜寮,2022-04-04,9648.0
Orange,台北橋,2022-04-04,12611.0
Orange,大橋頭站,2022-04-04,14936.0
Orange,中山國小,2022-04-04,15103.0
Orange,行天宮,2022-04-04,20528.0
Orange,東門,2022-04-04,10616.5
Orange,蘆洲,2022-04-04,14488.0
Orange,三民高中,2022-04-04,12412.0
Orange,徐匯中學,2022-04-04,12703.0
Orange,三和國中,2022-04-04,11989.0
Orange,三重國小,2022-04-04,12995.0
Orange,迴龍,2022-04-04,10198.0
Orange,丹鳳,2022-04-04,9695.0
Orange,古亭,2022-04-05,12993.5
Orange,頂溪,2022-04-05,35239.0
Orange,永安市場,2022-04-05,24767.0
Orange,景安,2022-04-05,23363.0
Orange,南勢角,2022-04-05,19842.0
Orange,民權西路,2022-04-05,6235.5
Orange,忠孝新生,2022-04-05,12186.0
Orange,松江南京,2022-04-05,9599.0
Orange,輔大,2022-04-05,6946.0
Orange,新莊,2022-04-05,8726.0
Orange,頭前庄,2022-04-05,3475.5
Orange,先嗇宮,2022-04-05,2668.0
Orange,三重,2022-04-05,8370.0
Orange,菜寮,2022-04-05,8887.0
Orange,台北橋,2022-04-05,10918.0
Orange,大橋頭站,2022-04-05,13279.0
Orange,中山國小,2022-04-05,14406.0
Orange,行天宮,2022-04-05,18675.0
Orange,東門,2022-04-05,10468.0
Orange,蘆洲,2022-04-05,12683.0
Orange,三民高中,2022-04-05,10904.0
Orange,徐匯中學,2022-04-05,11410.0
Orange,三和國中,2022-04-05,10834.0
Orange,三重國小,2022-04-05,12340.0
Orange,迴龍,2022-04-05,9132.0
Orange,丹鳳,2022-04-05,8808.0
Orange,古亭,2022-04-06,28261.5
Orange,頂溪,2022-04-06,59182.0
Orange,永安市場,2022-04-06,43110.0
Orange,景安,2022-04-06,44056.0
Orange,南勢角,2022-04-06,33792.0
Orange,民權西路,2022-04-06,15839.5
Orange,忠孝新生,2022-04-06,20786.5
Orange,松江南京,2022-04-06,36154.0
Orange,輔大,2022-04-06,13676.0
Orange,新莊,2022-04-06,19139.0
Orange,頭前庄,2022-04-06,6876.5
Orange,先嗇宮,2022-04-06,9078.0
Orange,三重,2022-04-06,12057.0
Orange,菜寮,2022-04-06,18435.0
Orange,台北橋,2022-04-06,16474.0
Orange,大橋頭站,2022-04-06,22237.0
Orange,中山國小,2022-04-06,29131.0
Orange,行天宮,2022-04-06,47612.0
Orange,東門,2022-04-06,18089.5
Orange,蘆洲,2022-04-06,25410.0
Orange,三民高中,2022-04-06,22092.0
Orange,徐匯中學,2022-04-06,21876.0
Orange,三和國中,2022-04-06,21766.0
Orange,三重國小,2022-04-06,20604.0
Orange,迴龍,2022-04-06,18602.0
Orange,丹鳳,2022-04-06,16967.0
Orange,古亭,2022-04-07,28551.0
Orange,頂溪,2022-04-07,58737.0
Orange,永安市場,2022-04-07,42844.0
Orange,景安,2022-04-07,43799.0
Orange,南勢角,2022-04-07,33648.0
Orange,民權西路,2022-04-07,16878.5
Orange,忠孝新生,2022-04-07,23084.0
Orange,松江南京,2022-04-07,36056.0
Orange,輔大,2022-04-07,13310.0
Orange,新莊,2022-04-07,19347.0
Orange,頭前庄,2022-04-07,6820.0
Orange,先嗇宮,2022-04-07,9074.0
Orange,三重,2022-04-07,11702.0
Orange,菜寮,2022-04-07,18285.0
Orange,台北橋,2022-04-07,16418.0
Orange,大橋頭站,2022-04-07,21407.0
Orange,中山國小,2022-04-07,28947.0
Orange,行天宮,2022-04-07,47434.0
Orange,東門,2022-04-07,18286.5
Orange,蘆洲,2022-04-07,24970.0
Orange,三民高中,2022-04-07,21983.0
Orange,徐匯中學,2022-04-07,21564.0
Orange,三和國中,2022-04-07,21604.0
Orange,三重國小,2022-04-07,20488.0
Orange,迴龍,2022-04-07,18880.0
Orange,丹鳳,2022-04-07,16821.0
Orange,古亭,2022-04-08,28231.5
Orange,頂溪,2022-04-08,61117.0
Orange,永安市場,2022-04-08,45486.0
Orange,景安,2022-04-08,45476.0
Orange,南勢角,2022-04-08,34613.0
Orange,民權西路,2022-04-08,17025.0
Orange,忠孝新生,2022-04-08,24408.5
Orange,松江南京,2022-04-08,36636.0
Orange,輔大,2022-04-08,14124.0
Orange,新莊,2022-04-08,21045.0
Orange,頭前庄,2022-04-08,7146.5
Orange,先嗇宮,2022-04-08,9121.0
Orange,三重,2022-04-08,12358.0
Orange,菜寮,2022-04-08,18953.0
Orange,台北橋,2022-04-08,17353.0
Orange,大橋頭站,2022-04-08,23080.0
Orange,中山國小,2022-04-08,30673.0
Orange,行天宮,2022-04-08,49341.0
Orange,東門,2022-04-08,19404.5
Orange,蘆洲,2022-04-08,25631.0
Orange,三民高中,2022-04-08,22883.0
Orange,徐匯中學,2022-04-08,22839.0
Orange,三和國中,2022-04-08,22237.0
Orange,三重國小,2022-04-08,21214.0
Orange,迴龍,2022-04-08,19354.0
Orange,丹鳳,2022-04-08,17270.0
Orange,古亭,2022-04-09,19985.0
Orange,頂溪,2022-04-09,44060.0
Orange,永安市場,2022-04-09,31889.0
Orange,景安,2022-04-09,29727.0
Orange,南勢角,2022-04-09,24698.0
Orange,民權西路,2022-04-09,8913.5
Orange,忠孝新生,2022-04-09,17030.0
Orange,松江南京,2022-04-09,13791.5
Orange,輔大,2022-04-09,9960.0
Orange,新莊,2022-04-09,14616.0
Orange,頭前庄,2022-04-09,4640.5
Orange,先嗇宮,2022-04-09,3792.0
Orange,三重,2022-04-09,9899.0
Orange,菜寮,2022-04-09,11618.0
Orange,台北橋,2022-04-09,13703.0
Orange,大橋頭站,2022-04-09,17419.0
Orange,中山國小,2022-04-09,19603.0
Orange,行天宮,2022-04-09,26833.0
Orange,東門,2022-04-09,14493.5
Orange,蘆洲,2022-04-09,16466.0
Orange,三民高中,2022-04-09,14646.0
Orange,徐匯中學,2022-04-09,14981.0
Orange,三和國中,2022-04-09,14344.0
Orange,三重國小,2022-04-09,15275.0
Orange,迴龍,2022-04-09,11489.0
Orange,丹鳳,2022-04-09,11697.0
Orange,古亭,2022-04-10,15160.0
Orange,頂溪,2022-04-10,36426.0
Orange,永安市場,2022-04-10,25409.0
Orange,景安,2022-04-10,24587.0
Orange,南勢角,2022-04-10,20300.0
Orange,民權西路,2022-04-10,8347.5
Orange,忠孝新生,2022-04-10,13259.5
Orange,松江南京,2022-04-10,10165.0
Orange,輔大,2022-04-10,8923.0
Orange,新莊,2022-04-10,12591.0
Orange,頭前庄,2022-04-10,3775.5
Orange,先嗇宮,2022-04-10,3262.0
Orange,三重,2022-04-10,8607.0
Orange,菜寮,2022-04-10,9525.0
Orange,台北橋,2022-04-10,10936.0
Orange,大橋頭站,2022-04-10,14420.0
Orange,中山國小,2022-04-10,15577.0
Orange,行天宮,2022-04-10,20875.0
Orange,東門,2022-04-10,11710.0
Orange,蘆洲,2022-04-10,13709.0
Orange,三民高中,2022-04-10,11375.0
Orange,徐匯中學,2022-04-10,12439.0
Orange,三和國中,2022-04-10,11466.0
Orange,三重國小,2022-04-10,12470.0
Orange,迴龍,2022-04-10,9734.0
Orange,丹鳳,2022-04-10,9277.0
Orange,古亭,2022-04-11,25100.0
Orange,頂溪,2022-04-11,55997.0
Orange,永安市場,2022-04-11,41123.0
Orange,景安,2022-04-11,42635.0
Orange,南勢角,2022-04-11,32482.0
Orange,民權西路,2022-04-11,16262.5
Orange,忠孝新生,2022-04-11,19210.5
Orange,松江南京,2022-04-11,34764.5
Orange,輔大,2022-04-11,13804.0
Orange,新莊,2022-04-11,18024.0
Orange,頭前庄,2022-04-11,6562.0
Orange,先嗇宮,2022-04-11,8580.0
Orange,三重,2022-04-11,11131.0
Orange,菜寮,2022-04-11,17542.0
Orange,台北橋,2022-04-11,15491.0
Orange,大橋頭站,2022-04-11,20416.0
Orange,中山國小,2022-04-11,27621.0
Orange,行天宮,2022-04-11,45526.0
Orange,東門,2022-04-11,16809.5
Orange,蘆洲,2022-04-11,23799.0
Orange,三民高中,2022-04-11,21122.0
Orange,徐匯中學,2022-04-11,20660.0
Orange,三和國中,2022-04-11,20550.0
Orange,三重國小,2022-04-11,19742.0
Orange,迴龍,2022-04-11,18291.0
Orange,丹鳳,2022-04-11,16094.0
Orange,古亭,2022-04-12,26542.5
Orange,頂溪,2022-04-12,58782.0
Orange,永安市場,2022-04-12,43425.0
Orange,景安,2022-04-12,43626.0
Orange,南勢角,2022-04-12,33256.0
Orange,民權西路,2022-04-12,16446.5
Orange,忠孝新生,2022-04-12,20088.5
Orange,松江南京,2022-04-12,35342.0
Orange,輔大,2022-04-12,13676.0
Orange,新莊,2022-04-12,18826.0
Orange,頭前庄,2022-04-12,6710.0
Orange,先嗇宮,2022-04-12,8937.0
Orange,三重,2022-04-12,11467.0
Orange,菜寮,2022-04-12,17879.0
Orange,台北橋,2022-04-12,16194.0
Orange,大橋頭站,2022-04-12,20847.0
Orange,中山國小,2022-04-12,28517.0
Orange,行天宮,2022-04-12,46112.0
Orange,東門,2022-04-12,18163.0
Orange,蘆洲,2022-04-12,24257.0
Orange,三民高中,2022-04-12,21393.0
Orange,徐匯中學,2022-04-12,21379.0
Orange,三和國中,2022-04-12,21166.0
Orange,三重國小,2022-04-12,20137.0
Orange,迴龍,2022-04-12,17757.0
Orange,丹鳳,2022-04-12,16655.0
Orange,古亭,2022-04-13,26851.5
Orange,頂溪,2022-04-13,58510.0
Orange,永安市場,2022-04-13,43090.0
Orange,景安,2022-04-13,43108.0
Orange,南勢角,2022-04-13,33300.0
Orange,民權西路,2022-04-13,16483.5
Orange,忠孝新生,2022-04-13,20191.5
Orange,松江南京,2022-04-13,35517.5
Orange,輔大,2022-04-13,14157.0
Orange,新莊,2022-04-13,18899.0
Orange,頭前庄,2022-04-13,6816.5
Orange,先嗇宮,2022-04-13,8947.0
Orange,三重,2022-04-13,11860.0
Orange,菜寮,2022-04-13,17882.0
Orange,台北橋,2022-04-13,16242.0
Orange,大橋頭站,2022-04-13,20761.0
Orange,中山國小,2022-04-13,28283.0
Orange,行天宮,2022-04-13,47147.0
Orange,東門,2022-04-13,18339.0
Orange,蘆洲,2022-04-13,24465.0
Orange,三民高中,2022-04-13,21444.0
Orange,徐匯中學,2022-04-13,21023.0
Orange,三和國中,2022-04-13,21491.0
Orange,三重國小,2022-04-13,20236.0
Orange,迴龍,2022-04-13,17743.0
Orange,丹鳳,2022-04-13,16531.0
Orange,古亭,2022-04-14,26896.5
Orange,頂溪,2022-04-14,59940.0
Orange,永安市場,2022-04-14,43715.0
Orange,景安,2022-04-14,44117.0
Orange,南勢角,2022-04-14,33423.0
Orange,民權西路,2022-04-14,16578.5
Orange,忠孝新生,2022-04-14,23347.0
Orange,松江南京,2022-04-14,36503.0
Orange,輔大,2022-04-14,14026.0
Orange,新莊,2022-04-14,18792.0
Orange,頭前庄,2022-04-14,6852.5
Orange,先嗇宮,2022-04-14,9232.0
Orange,三重,2022-04-14,11662.0
Orange,菜寮,2022-04-14,18667.0
Orange,台北橋,2022-04-14,16677.0
Orange,大橋頭站,2022-04-14,21583.0
Orange,中山國小,2022-04-14,28486.0
Orange,行天宮,2022-04-14,47508.0
Orange,東門,2022-04-14,18317.5
Orange,蘆洲,2022-04-14,24276.0
Orange,三民高中,2022-04-14,21276.0
Orange,徐匯中學,2022-04-14,21625.0
Orange,三和國中,2022-04-14,21489.0
Orange,三重國小,2022-04-14,20482.0
Orange,迴龍,2022-04-14,17455.0
Orange,丹鳳,2022-04-14,16319.0
Orange,古亭,2022-04-15,27565.5
Orange,頂溪,2022-04-15,60978.0
Orange,永安市場,2022-04-15,44659.0
Orange,景安,2022-04-15,44535.0
Orange,南勢角,2022-04-15,33658.0
Orange,民權西路,2022-04-15,16678.5
Orange,忠孝新生,2022-04-15,23689.0
Orange,松江南京,2022-04-15,36241.5
Orange,輔大,2022-04-15,14599.0
Orange,新莊,2022-04-15,19413.0
Orange,頭前庄,2022-04-15,6831.5
Orange,先嗇宮,2022-04-15,8946.0
Orange,三重,2022-04-15,11991.0
Orange,菜寮,2022-04-15,18435.0
Orange,台北橋,2022-04-15,17098.0
Orange,大橋頭站,2022-04-15,22797.0
Orange,中山國小,2022-04-15,29665.0
Orange,行天宮,2022-04-15,48631.0
Orange,東門,2022-04-15,19092.5
Orange,蘆洲,2022-04-15,25083.0
Orange,三民高中,2022-04-15,22201.0
Orange,徐匯中學,2022-04-15,21721.0
Orange,三和國中,2022-04-15,21827.0
Orange,三重國小,2022-04-15,20781.0
Orange,迴龍,2022-04-15,18016.0
Orange,丹鳳,2022-04-15,16838.0
Orange,古亭,2022-04-16,19625.5
Orange,頂溪,2022-04-16,42754.0
Orange,永安市場,2022-04-16,29377.0
Orange,景安,2022-04-16,28365.0
Orange,南勢角,2022-04-16,23669.0
Orange,民權西路,2022-04-16,8726.0
Orange,忠孝新生,2022-04-16,16178.5
Orange,松江南京,2022-04-16,13486.5
Orange,輔大,2022-04-16,9231.0
Orange,新莊,2022-04-16,12994.0
Orange,頭前庄,2022-04-16,4202.5
Orange,先嗇宮,2022-04-16,3463.0
Orange,三重,2022-04-16,8669.0
Orange,菜寮,2022-04-16,10786.0
Orange,台北橋,2022-04-16,13065.0
Orange,大橋頭站,2022-04-16,16124.0
Orange,中山國小,2022-04-16,18714.0
Orange,行天宮,2022-04-16,25547.0
Orange,東門,2022-04-16,13888.0
Orange,蘆洲,2022-04-16,15396.0
Orange,三民高中,2022-04-16,13797.0
Orange,徐匯中學,2022-04-16,13789.0
Orange,三和國中,2022-04-16,13514.0
Orange,三重國小,2022-04-16,14306.0
Orange,迴龍,2022-04-16,10497.0
Orange,丹鳳,2022-04-16,10583.0
Orange,古亭,2022-04-17,14826.0
Orange,頂溪,2022-04-17,33477.0
Orange,永安市場,2022-04-17,22925.0
Orange,景安,2022-04-17,22581.0
Orange,南勢角,2022-04-17,19177.0
Orange,民權西路,2022-04-17,8365.5
Orange,忠孝新生,2022-04-17,12662.0
Orange,松江南京,2022-04-17,9763.0
Orange,輔大,2022-04-17,8419.0
Orange,新莊,2022-04-17,10013.0
Orange,頭前庄,2022-04-17,3332.0
Orange,先嗇宮,2022-04-17,2660.0
Orange,三重,2022-04-17,6993.0
Orange,菜寮,2022-04-17,8536.0
Orange,台北橋,2022-04-17,10112.0
Orange,大橋頭站,2022-04-17,13438.0
Orange,中山國小,2022-04-17,14260.0
Orange,行天宮,2022-04-17,19702.0
Orange,東門,2022-04-17,10745.5
Orange,蘆洲,2022-04-17,12161.0
Orange,三民高中,2022-04-17,10492.0
Orange,徐匯中學,2022-04-17,11003.0
Orange,三和國中,2022-04-17,10613.0
Orange,三重國小,2022-04-17,11386.0
Orange,迴龍,2022-04-17,8598.0
Orange,丹鳳,2022-04-17,8473.0
Orange,古亭,2022-04-18,26017.5
Orange,頂溪,2022-04-18,55622.0
Orange,永安市場,2022-04-18,41261.0
Orange,景安,2022-04-18,42544.0
Orange,南勢角,2022-04-18,33646.0
Orange,民權西路,2022-04-18,15643.0
Orange,忠孝新生,2022-04-18,21124.0
Orange,松江南京,2022-04-18,33297.5
Orange,輔大,2022-04-18,23562.0
Orange,新莊,2022-04-18,18208.0
Orange,頭前庄,2022-04-18,6654.5
Orange,先嗇宮,2022-04-18,8433.0
Orange,三重,2022-04-18,11041.0
Orange,菜寮,2022-04-18,17683.0
Orange,台北橋,2022-04-18,15734.0
Orange,大橋頭站,2022-04-18,20179.0
Orange,中山國小,2022-04-18,26612.0
Orange,行天宮,2022-04-18,44040.0
Orange,東門,2022-04-18,16374.0
Orange,蘆洲,2022-04-18,23620.0
Orange,三民高中,2022-04-18,20813.0
Orange,徐匯中學,2022-04-18,20502.0
Orange,三和國中,2022-04-18,20645.0
Orange,三重國小,2022-04-18,19493.0
Orange,迴龍,2022-04-18,19589.0
Orange,丹鳳,2022-04-18,15792.0
Orange,古亭,2022-04-19,28032.5
Orange,頂溪,2022-04-19,58496.0
Orange,永安市場,2022-04-19,42900.0
Orange,景安,2022-04-19,43744.0
Orange,南勢角,2022-04-19,34369.0
Orange,民權西路,2022-04-19,16023.5
Orange,忠孝新生,2022-04-19,22531.5
Orange,松江南京,2022-04-19,35067.5
Orange,輔大,2022-04-19,24533.0
Orange,新莊,2022-04-19,18067.0
Orange,頭前庄,2022-04-19,6839.5
Orange,先嗇宮,2022-04-19,8749.0
Orange,三重,2022-04-19,11255.0
Orange,菜寮,2022-04-19,18422.0
Orange,台北橋,2022-04-19,16597.0
Orange,大橋頭站,2022-04-19,20669.0
Orange,中山國小,2022-04-19,27048.0
Orange,行天宮,2022-04-19,46160.0
Orange,東門,2022-04-19,17656.0
Orange,蘆洲,2022-04-19,24140.0
Orange,三民高中,2022-04-19,21222.0
Orange,徐匯中學,2022-04-19,21315.0
Orange,三和國中,2022-04-19,21484.0
Orange,三重國小,2022-04-19,20381.0
Orange,迴龍,2022-04-19,19706.0
Orange,丹鳳,2022-04-19,16256.0
Orange,古亭,2022-04-20,27795.5
Orange,頂溪,2022-04-20,57470.0
Orange,永安市場,2022-04-20,42406.0
Orange,景安,2022-04-20,43071.0
Orange,南勢角,2022-04-20,33572.0
Orange,民權西路,2022-04-20,16102.0
Orange,忠孝新生,2022-04-20,22365.5
Orange,松江南京,2022-04-20,33432.5
Orange,輔大,2022-04-20,22696.0
Orange,新莊,2022-04-20,18429.0
Orange,頭前庄,2022-04-20,6750.5
Orange,先嗇宮,2022-04-20,8485.0
Orange,三重,2022-04-20,11224.0
Orange,菜寮,2022-04-20,18262.0
Orange,台北橋,2022-04-20,16511.0
Orange,大橋頭站,2022-04-20,20404.0
Orange,中山國小,2022-04-20,26580.0
Orange,行天宮,2022-04-20,45309.0
Orange,東門,2022-04-20,17755.5
Orange,蘆洲,2022-04-20,23688.0
Orange,三民高中,2022-04-20,20941.0
Orange,徐匯中學,2022-04-20,20917.0
Orange,三和國中,2022-04-20,20988.0
Orange,三重國小,2022-04-20,20055.0
Orange,迴龍,2022-04-20,19351.0
Orange,丹鳳,2022-04-20,16055.0
Orange,古亭,2022-04-21,26537.5
Orange,頂溪,2022-04-21,55682.0
Orange,永安市場,2022-04-21,40643.0
Orange,景安,2022-04-21,41767.0
Orange,南勢角,2022-04-21,33225.0
Orange,民權西路,2022-04-21,15489.5
Orange,忠孝新生,2022-04-21,20912.5
Orange,松江南京,2022-04-21,32350.5
Orange,輔大,2022-04-21,23084.0
Orange,新莊,2022-04-21,17939.0
Orange,頭前庄,2022-04-21,6668.0
Orange,先嗇宮,2022-04-21,8260.0
Orange,三重,2022-04-21,11157.0
Orange,菜寮,2022-04-21,17507.0
Orange,台北橋,2022-04-21,15640.0
Orange,大橋頭站,2022-04-21,19812.0
Orange,中山國小,2022-04-21,25570.0
Orange,行天宮,2022-04-21,42857.0
Orange,東門,2022-04-21,16993.0
Orange,蘆洲,2022-04-21,22815.0
Orange,三民高中,2022-04-21,20425.0
Orange,徐匯中學,2022-04-21,20356.0
Orange,三和國中,2022-04-21,19998.0
Orange,三重國小,2022-04-21,19294.0
Orange,迴龍,2022-04-21,19009.0
Orange,丹鳳,2022-04-21,15769.0
Orange,古亭,2022-04-22,26916.0
Orange,頂溪,2022-04-22,55821.0
Orange,永安市場,2022-04-22,41691.0
Orange,景安,2022-04-22,41683.0
Orange,南勢角,2022-04-22,33010.0
Orange,民權西路,2022-04-22,15111.5
Orange,忠孝新生,2022-04-22,21365.0
Orange,松江南京,2022-04-22,31726.0
Orange,輔大,2022-04-22,23473.0
Orange,新莊,2022-04-22,18820.0
Orange,頭前庄,2022-04-22,6680.5
Orange,先嗇宮,2022-04-22,8400.0
Orange,三重,2022-04-22,11497.0
Orange,菜寮,2022-04-22,17119.0
Orange,台北橋,2022-04-22,15686.0
Orange,大橋頭站,2022-04-22,21111.0
Orange,中山國小,2022-04-22,26378.0
Orange,行天宮,2022-04-22,43209.0
Orange,東門,2022-04-22,17282.0
Orange,蘆洲,2022-04-22,22703.0
Orange,三民高中,2022-04-22,20487.0
Orange,徐匯中學,2022-04-22,20714.0
Orange,三和國中,2022-04-22,20277.0
Orange,三重國小,2022-04-22,19202.0
Orange,迴龍,2022-04-22,19168.0
Orange,丹鳳,2022-04-22,15995.0
Orange,古亭,2022-04-23,17812.5
Orange,頂溪,2022-04-23,36996.0
Orange,永安市場,2022-04-23,26214.0
Orange,景安,2022-04-23,25046.0
Orange,南勢角,2022-04-23,21627.0
Orange,民權西路,2022-04-23,8032.5
Orange,忠孝新生,2022-04-23,15112.0
Orange,松江南京,2022-04-23,11887.5
Orange,輔大,2022-04-23,10588.0
Orange,新莊,2022-04-23,12806.0
Orange,頭前庄,2022-04-23,3866.0
Orange,先嗇宮,2022-04-23,3131.0
Orange,三重,2022-04-23,13582.0
Orange,菜寮,2022-04-23,10598.0
Orange,台北橋,2022-04-23,11792.0
Orange,大橋頭站,2022-04-23,14704.0
Orange,中山國小,2022-04-23,16673.0
Orange,行天宮,2022-04-23,22195.0
Orange,東門,2022-04-23,11936.0
Orange,蘆洲,2022-04-23,13421.0
Orange,三民高中,2022-04-23,11769.0
Orange,徐匯中學,2022-04-23,12699.0
Orange,三和國中,2022-04-23,12190.0
Orange,三重國小,2022-04-23,12804.0
Orange,迴龍,2022-04-23,9602.0
Orange,丹鳳,2022-04-23,9606.0
Orange,古亭,2022-04-24,12943.0
Orange,頂溪,2022-04-24,29524.0
Orange,永安市場,2022-04-24,20170.0
Orange,景安,2022-04-24,19591.0
Orange,南勢角,2022-04-24,16541.0
Orange,民權西路,2022-04-24,6888.5
Orange,忠孝新生,2022-04-24,10700.0
Orange,松江南京,2022-04-24,8324.0
Orange,輔大,2022-04-24,8111.0
Orange,新莊,2022-04-24,9229.0
Orange,頭前庄,2022-04-24,3239.0
Orange,先嗇宮,2022-04-24,2466.0
Orange,三重,2022-04-24,6305.0
Orange,菜寮,2022-04-24,7767.0
Orange,台北橋,2022-04-24,9279.0
Orange,大橋頭站,2022-04-24,11750.0
Orange,中山國小,2022-04-24,12736.0
Orange,行天宮,2022-04-24,16734.0
Orange,東門,2022-04-24,9836.0
Orange,蘆洲,2022-04-24,10621.0
Orange,三民高中,2022-04-24,9188.0
Orange,徐匯中學,2022-04-24,10020.0
Orange,三和國中,2022-04-24,9123.0
Orange,三重國小,2022-04-24,9930.0
Orange,迴龍,2022-04-24,7931.0
Orange,丹鳳,2022-04-24,7460.0
Orange,古亭,2022-04-25,23823.5
Orange,頂溪,2022-04-25,49723.0
Orange,永安市場,2022-04-25,36761.0
Orange,景安,2022-04-25,38086.0
Orange,南勢角,2022-04-25,30415.0
Orange,民權西路,2022-04-25,13436.0
Orange,忠孝新生,2022-04-25,19546.5
Orange,松江南京,2022-04-25,28898.0
Orange,輔大,2022-04-25,21640.0
Orange,新莊,2022-04-25,15847.0
Orange,頭前庄,2022-04-25,6002.5
Orange,先嗇宮,2022-04-25,7754.0
Orange,三重,2022-04-25,9727.0
Orange,菜寮,2022-04-25,15440.0
Orange,台北橋,2022-04-25,13971.0
Orange,大橋頭站,2022-04-25,16743.0
Orange,中山國小,2022-04-25,23237.0
Orange,行天宮,2022-04-25,38592.0
Orange,東門,2022-04-25,13621.5
Orange,蘆洲,2022-04-25,19993.0
Orange,三民高中,2022-04-25,18232.0
Orange,徐匯中學,2022-04-25,18044.0
Orange,三和國中,2022-04-25,18154.0
Orange,三重國小,2022-04-25,17455.0
Orange,迴龍,2022-04-25,17462.0
Orange,丹鳳,2022-04-25,14187.0
Orange,古亭,2022-04-26,24825.5
Orange,頂溪,2022-04-26,50849.0
Orange,永安市場,2022-04-26,37928.0
Orange,景安,2022-04-26,38221.0
Orange,南勢角,2022-04-26,31096.0
Orange,民權西路,2022-04-26,13462.0
Orange,忠孝新生,2022-04-26,19692.5
Orange,松江南京,2022-04-26,29509.5
Orange,輔大,2022-04-26,22258.0
Orange,新莊,2022-04-26,16417.0
Orange,頭前庄,2022-04-26,6133.0
Orange,先嗇宮,2022-04-26,7930.0
Orange,三重,2022-04-26,10068.0
Orange,菜寮,2022-04-26,15637.0
Orange,台北橋,2022-04-26,14321.0
Orange,大橋頭站,2022-04-26,16961.0
Orange,中山國小,2022-04-26,24252.0
Orange,行天宮,2022-04-26,39178.0
Orange,東門,2022-04-26,14825.0
Orange,蘆洲,2022-04-26,20522.0
Orange,三民高中,2022-04-26,18469.0
Orange,徐匯中學,2022-04-26,18489.0
Orange,三和國中,2022-04-26,18324.0
Orange,三重國小,2022-04-26,17617.0
Orange,迴龍,2022-04-26,17903.0
Orange,丹鳳,2022-04-26,14321.0
Orange,古亭,2022-04-27,24660.5
Orange,頂溪,2022-04-27,50833.0
Orange,永安市場,2022-04-27,37561.0
Orange,景安,2022-04-27,38229.0
Orange,南勢角,2022-04-27,30778.0
Orange,民權西路,2022-04-27,13372.5
Orange,忠孝新生,2022-04-27,20171.5
Orange,松江南京,2022-04-27,29687.0
Orange,輔大,2022-04-27,21379.0
Orange,新莊,2022-04-27,16529.0
Orange,頭前庄,2022-04-27,6130.5
Orange,先嗇宮,2022-04-27,7791.0
Orange,三重,2022-04-27,10185.0
Orange,菜寮,2022-04-27,15592.0
Orange,台北橋,2022-04-27,14308.0
Orange,大橋頭站,2022-04-27,16797.0
Orange,中山國小,2022-04-27,24040.0
Orange,行天宮,2022-04-27,39800.0
Orange,東門,2022-04-27,14923.5
Orange,蘆洲,2022-04-27,20254.0
Orange,三民高中,2022-04-27,18223.0
Orange,徐匯中學,2022-04-27,18120.0
Orange,三和國中,2022-04-27,17820.0
Orange,三重國小,2022-04-27,17615.0
Orange,迴龍,2022-04-27,17634.0
Orange,丹鳳,2022-04-27,14697.0
Orange,古亭,2022-04-28,23969.0
Orange,頂溪,2022-04-28,49767.0
Orange,永安市場,2022-04-28,36969.0
Orange,景安,2022-04-28,37298.0
Orange,南勢角,2022-04-28,29850.0
Orange,民權西路,2022-04-28,12833.0
Orange,忠孝新生,2022-04-28,19522.5
Orange,松江南京,2022-04-28,29067.5
Orange,輔大,2022-04-28,21306.0
Orange,新莊,2022-04-28,16236.0
Orange,頭前庄,2022-04-28,5994.5
Orange,先嗇宮,2022-04-28,7669.0
Orange,三重,2022-04-28,9829.0
Orange,菜寮,2022-04-28,15364.0
Orange,台北橋,2022-04-28,13898.0
Orange,大橋頭站,2022-04-28,16845.0
Orange,中山國小,2022-04-28,23487.0
Orange,行天宮,2022-04-28,38036.0
Orange,東門,2022-04-28,14737.0
Orange,蘆洲,2022-04-28,19952.0
Orange,三民高中,2022-04-28,17832.0
Orange,徐匯中學,2022-04-28,17776.0
Orange,三和國中,2022-04-28,17232.0
Orange,三重國小,2022-04-28,17135.0
Orange,迴龍,2022-04-28,17478.0
Orange,丹鳳,2022-04-28,14134.0
Orange,古亭,2022-04-29,24260.0
Orange,頂溪,2022-04-29,47404.0
Orange,永安市場,2022-04-29,37570.0
Orange,景安,2022-04-29,37902.0
Orange,南勢角,2022-04-29,29997.0
Orange,民權西路,2022-04-29,13011.0
Orange,忠孝新生,2022-04-29,19593.5
Orange,松江南京,2022-04-29,28854.5
Orange,輔大,2022-04-29,21178.0
Orange,新莊,2022-04-29,16225.0
Orange,頭前庄,2022-04-29,6098.5
Orange,先嗇宮,2022-04-29,7576.0
Orange,三重,2022-04-29,10077.0
Orange,菜寮,2022-04-29,15266.0
Orange,台北橋,2022-04-29,14503.0
Orange,大橋頭站,2022-04-29,17725.0
Orange,中山國小,2022-04-29,24497.0
Orange,行天宮,2022-04-29,39379.0
Orange,東門,2022-04-29,15057.0
Orange,蘆洲,2022-04-29,19754.0
Orange,三民高中,2022-04-29,17979.0
Orange,徐匯中學,2022-04-29,18166.0
Orange,三和國中,2022-04-29,17508.0
Orange,三重國小,2022-04-29,17288.0
Orange,迴龍,2022-04-29,17564.0
Orange,丹鳳,2022-04-29,14378.0
Orange,古亭,2022-04-30,15860.0
Orange,頂溪,2022-04-30,34915.0
Orange,永安市場,2022-04-30,23969.0
Orange,景安,2022-04-30,23004.0
Orange,南勢角,2022-04-30,19901.0
Orange,民權西路,2022-04-30,6764.5
Orange,忠孝新生,2022-04-30,14123.0
Orange,松江南京,2022-04-30,10572.5
Orange,輔大,2022-04-30,10044.0
Orange,新莊,2022-04-30,9463.0
Orange,頭前庄,2022-04-30,3603.5
Orange,先嗇宮,2022-04-30,2791.0
Orange,三重,2022-04-30,7374.0
Orange,菜寮,2022-04-30,9214.0
Orange,台北橋,2022-04-30,10499.0
Orange,大橋頭站,2022-04-30,13254.0
Orange,中山國小,2022-04-30,14937.0
Orange,行天宮,2022-04-30,19265.0
Orange,東門,2022-04-30,11310.0
Orange,蘆洲,2022-04-30,12092.0
Orange,三民高中,2022-04-30,10961.0
Orange,徐匯中學,2022-04-30,11524.0
Orange,三和國中,2022-04-30,11172.0
Orange,三重國小,2022-04-30,11651.0
Orange,迴龍,2022-04-30,8983.0
Orange,丹鳳,2022-04-30,8761.0
Orange,古亭,2022-05-01,11198.5
Orange,頂溪,2022-05-01,27261.0
Orange,永安市場,2022-05-01,18401.0
Orange,景安,2022-05-01,18307.0
Orange,南勢角,2022-05-01,15922.0
Orange,民權西路,2022-05-01,6096.0
Orange,忠孝新生,2022-05-01,11682.0
Orange,松江南京,2022-05-01,8023.0
Orange,輔大,2022-05-01,7582.0
Orange,新莊,2022-05-01,7573.0
Orange,頭前庄,2022-05-01,2893.0
Orange,先嗇宮,2022-05-01,2152.0
Orange,三重,2022-05-01,5628.0
Orange,菜寮,2022-05-01,7183.0
Orange,台北橋,2022-05-01,8488.0
Orange,大橋頭站,2022-05-01,10992.0
Orange,中山國小,2022-05-01,11973.0
Orange,行天宮,2022-05-01,16076.0
Orange,東門,2022-05-01,8947.0
Orange,蘆洲,2022-05-01,9310.0
Orange,三民高中,2022-05-01,7801.0
Orange,徐匯中學,2022-05-01,8905.0
Orange,三和國中,2022-05-01,8458.0
Orange,三重國小,2022-05-01,9259.0
Orange,迴龍,2022-05-01,7757.0
Orange,丹鳳,2022-05-01,6946.0
Orange,古亭,2022-05-02,15659.0
Orange,頂溪,2022-05-02,35032.0
Orange,永安市場,2022-05-02,23306.0
Orange,景安,2022-05-02,24492.0
Orange,南勢角,2022-05-02,19641.0
Orange,民權西路,2022-05-02,7545.5
Orange,忠孝新生,2022-05-02,12674.0
Orange,松江南京,2022-05-02,11903.5
Orange,輔大,2022-05-02,14506.0
Orange,新莊,2022-05-02,9766.0
Orange,頭前庄,2022-05-02,3750.5
Orange,先嗇宮,2022-05-02,2828.0
Orange,三重,2022-05-02,6245.0
Orange,菜寮,2022-05-02,10641.0
Orange,台北橋,2022-05-02,10281.0
Orange,大橋頭站,2022-05-02,12778.0
Orange,中山國小,2022-05-02,15047.0
Orange,行天宮,2022-05-02,20041.0
Orange,東門,2022-05-02,10537.5
Orange,蘆洲,2022-05-02,12895.0
Orange,三民高中,2022-05-02,11587.0
Orange,徐匯中學,2022-05-02,11576.0
Orange,三和國中,2022-05-02,11524.0
Orange,三重國小,2022-05-02,12250.0
Orange,迴龍,2022-05-02,10688.0
Orange,丹鳳,2022-05-02,8760.0
Orange,古亭,2022-05-03,22618.5
Orange,頂溪,2022-05-03,46705.0
Orange,永安市場,2022-05-03,34917.0
Orange,景安,2022-05-03,35529.0
Orange,南勢角,2022-05-03,28402.0
Orange,民權西路,2022-05-03,13173.0
Orange,忠孝新生,2022-05-03,18374.0
Orange,松江南京,2022-05-03,29204.0
Orange,輔大,2022-05-03,17156.0
Orange,新莊,2022-05-03,14588.0
Orange,頭前庄,2022-05-03,5491.5
Orange,先嗇宮,2022-05-03,7398.0
Orange,三重,2022-05-03,9301.0
Orange,菜寮,2022-05-03,14370.0
Orange,台北橋,2022-05-03,13357.0
Orange,大橋頭站,2022-05-03,16896.0
Orange,中山國小,2022-05-03,22443.0
Orange,行天宮,2022-05-03,37265.0
Orange,東門,2022-05-03,14670.0
Orange,蘆洲,2022-05-03,20117.0
Orange,三民高中,2022-05-03,16448.0
Orange,徐匯中學,2022-05-03,17348.0
Orange,三和國中,2022-05-03,17216.0
Orange,三重國小,2022-05-03,16804.0
Orange,迴龍,2022-05-03,15833.0
Orange,丹鳳,2022-05-03,13381.0
Orange,古亭,2022-05-04,22306.5
Orange,頂溪,2022-05-04,46433.0
Orange,永安市場,2022-05-04,34546.0
Orange,景安,2022-05-04,35558.0
Orange,南勢角,2022-05-04,28164.0
Orange,民權西路,2022-05-04,13038.0
Orange,忠孝新生,2022-05-04,18433.0
Orange,松江南京,2022-05-04,28941.0
Orange,輔大,2022-05-04,16257.0
Orange,新莊,2022-05-04,14128.0
Orange,頭前庄,2022-05-04,5493.5
Orange,先嗇宮,2022-05-04,7263.0
Orange,三重,2022-05-04,9065.0
Orange,菜寮,2022-05-04,13719.0
Orange,台北橋,2022-05-04,13214.0
Orange,大橋頭站,2022-05-04,17070.0
Orange,中山國小,2022-05-04,22066.0
Orange,行天宮,2022-05-04,37335.0
Orange,東門,2022-05-04,14513.0
Orange,蘆洲,2022-05-04,19677.0
Orange,三民高中,2022-05-04,16276.0
Orange,徐匯中學,2022-05-04,17085.0
Orange,三和國中,2022-05-04,17025.0
Orange,三重國小,2022-05-04,16562.0
Orange,迴龍,2022-05-04,15721.0
Orange,丹鳳,2022-05-04,13042.0
Orange,古亭,2022-05-05,21906.5
Orange,頂溪,2022-05-05,44551.0
Orange,永安市場,2022-05-05,33185.0
Orange,景安,2022-05-05,34096.0
Orange,南勢角,2022-05-05,27355.0
Orange,民權西路,2022-05-05,12424.0
Orange,忠孝新生,2022-05-05,18003.5
Orange,松江南京,2022-05-05,28501.0
Orange,輔大,2022-05-05,16474.0
Orange,新莊,2022-05-05,13663.0
Orange,頭前庄,2022-05-05,5398.5
Orange,先嗇宮,2022-05-05,7173.0
Orange,三重,2022-05-05,8947.0
Orange,菜寮,2022-05-05,13325.0
Orange,台北橋,2022-05-05,12649.0
Orange,大橋頭站,2022-05-05,16654.0
Orange,中山國小,2022-05-05,21723.0
Orange,行天宮,2022-05-05,36232.0
Orange,東門,2022-05-05,14293.5
Orange,蘆洲,2022-05-05,18842.0
Orange,三民高中,2022-05-05,15710.0
Orange,徐匯中學,2022-05-05,16461.0
Orange,三和國中,2022-05-05,16342.0
Orange,三重國小,2022-05-05,15874.0
Orange,迴龍,2022-05-05,14398.0
Orange,丹鳳,2022-05-05,12636.0
Orange,古亭,2022-05-06,21842.0
Orange,頂溪,2022-05-06,45140.0
Orange,永安市場,2022-05-06,33295.0
Orange,景安,2022-05-06,34396.0
Orange,南勢角,2022-05-06,27081.0
Orange,民權西路,2022-05-06,12258.5
Orange,忠孝新生,2022-05-06,18011.5
Orange,松江南京,2022-05-06,27222.5
Orange,輔大,2022-05-06,15715.0
Orange,新莊,2022-05-06,14010.0
Orange,頭前庄,2022-05-06,5295.0
Orange,先嗇宮,2022-05-06,6944.0
Orange,三重,2022-05-06,8680.0
Orange,菜寮,2022-05-06,13390.0
Orange,台北橋,2022-05-06,13038.0
Orange,大橋頭站,2022-05-06,16586.0
Orange,中山國小,2022-05-06,21772.0
Orange,行天宮,2022-05-06,34680.0
Orange,東門,2022-05-06,14544.0
Orange,蘆洲,2022-05-06,18480.0
Orange,三民高中,2022-05-06,15407.0
Orange,徐匯中學,2022-05-06,16796.0
Orange,三和國中,2022-05-06,16149.0
Orange,三重國小,2022-05-06,15892.0
Orange,迴龍,2022-05-06,14143.0
Orange,丹鳳,2022-05-06,12684.0
Orange,古亭,2022-05-07,13821.0
Orange,頂溪,2022-05-07,30363.0
Orange,永安市場,2022-05-07,20955.0
Orange,景安,2022-05-07,20045.0
Orange,南勢角,2022-05-07,17186.0
Orange,民權西路,2022-05-07,6139.5
Orange,忠孝新生,2022-05-07,11185.0
Orange,松江南京,2022-05-07,9355.0
Orange,輔大,2022-05-07,7444.0
Orange,新莊,2022-05-07,7818.0
Orange,頭前庄,2022-05-07,3117.5
Orange,先嗇宮,2022-05-07,2329.0
Orange,三重,2022-05-07,6077.0
Orange,菜寮,2022-05-07,7776.0
Orange,台北橋,2022-05-07,9143.0
Orange,大橋頭站,2022-05-07,10967.0
Orange,中山國小,2022-05-07,13503.0
Orange,行天宮,2022-05-07,17932.0
Orange,東門,2022-05-07,9727.0
Orange,蘆洲,2022-05-07,10725.0
Orange,三民高中,2022-05-07,9405.0
Orange,徐匯中學,2022-05-07,9745.0
Orange,三和國中,2022-05-07,9544.0
Orange,三重國小,2022-05-07,10089.0
Orange,迴龍,2022-05-07,8308.0
Orange,丹鳳,2022-05-07,7618.0
Orange,古亭,2022-05-08,9653.5
Orange,頂溪,2022-05-08,23149.0
Orange,永安市場,2022-05-08,15916.0
Orange,景安,2022-05-08,15370.0
Orange,南勢角,2022-05-08,13587.0
Orange,民權西路,2022-05-08,5118.0
Orange,忠孝新生,2022-05-08,8281.5
Orange,松江南京,2022-05-08,6471.5
Orange,輔大,2022-05-08,5605.0
Orange,新莊,2022-05-08,5764.0
Orange,頭前庄,2022-05-08,2391.5
Orange,先嗇宮,2022-05-08,1910.0
Orange,三重,2022-05-08,4725.0
Orange,菜寮,2022-05-08,5722.0
Orange,台北橋,2022-05-08,6962.0
Orange,大橋頭站,2022-05-08,8723.0
Orange,中山國小,2022-05-08,9969.0
Orange,行天宮,2022-05-08,13047.0
Orange,東門,2022-05-08,7315.5
Orange,蘆洲,2022-05-08,7849.0
Orange,三民高中,2022-05-08,6974.0
Orange,徐匯中學,2022-05-08,7407.0
Orange,三和國中,2022-05-08,7125.0
Orange,三重國小,2022-05-08,7934.0
Orange,迴龍,2022-05-08,6158.0
Orange,丹鳳,2022-05-08,5865.0
Orange,古亭,2022-05-09,18729.0
Orange,頂溪,2022-05-09,40542.0
Orange,永安市場,2022-05-09,30201.0
Orange,景安,2022-05-09,30722.0
Orange,南勢角,2022-05-09,24244.0
Orange,民權西路,2022-05-09,10853.0
Orange,忠孝新生,2022-05-09,14780.0
Orange,松江南京,2022-05-09,25311.5
Orange,輔大,2022-05-09,10530.0
Orange,新莊,2022-05-09,12969.0
Orange,頭前庄,2022-05-09,4878.0
Orange,先嗇宮,2022-05-09,6575.0
Orange,三重,2022-05-09,7968.0
Orange,菜寮,2022-05-09,12055.0
Orange,台北橋,2022-05-09,11399.0
Orange,大橋頭站,2022-05-09,13771.0
Orange,中山國小,2022-05-09,19370.0
Orange,行天宮,2022-05-09,32550.0
Orange,東門,2022-05-09,11531.5
Orange,蘆洲,2022-05-09,16624.0
Orange,三民高中,2022-05-09,14320.0
Orange,徐匯中學,2022-05-09,14770.0
Orange,三和國中,2022-05-09,14710.0
Orange,三重國小,2022-05-09,14299.0
Orange,迴龍,2022-05-09,12983.0
Orange,丹鳳,2022-05-09,11698.0
Orange,古亭,2022-05-10,19455.0
Orange,頂溪,2022-05-10,41393.0
Orange,永安市場,2022-05-10,31005.0
Orange,景安,2022-05-10,31283.0
Orange,南勢角,2022-05-10,24623.0
Orange,民權西路,2022-05-10,10849.0
Orange,忠孝新生,2022-05-10,15397.0
Orange,松江南京,2022-05-10,25966.5
Orange,輔大,2022-05-10,10254.0
Orange,新莊,2022-05-10,13306.0
Orange,頭前庄,2022-05-10,4893.5
Orange,先嗇宮,2022-05-10,6683.0
Orange,三重,2022-05-10,8141.0
Orange,菜寮,2022-05-10,12591.0
Orange,台北橋,2022-05-10,11727.0
Orange,大橋頭站,2022-05-10,14096.0
Orange,中山國小,2022-05-10,20642.0
Orange,行天宮,2022-05-10,32970.0
Orange,東門,2022-05-10,12670.0
Orange,蘆洲,2022-05-10,16722.0
Orange,三民高中,2022-05-10,14914.0
Orange,徐匯中學,2022-05-10,14916.0
Orange,三和國中,2022-05-10,14865.0
Orange,三重國小,2022-05-10,14618.0
Orange,迴龍,2022-05-10,13103.0
Orange,丹鳳,2022-05-10,11714.0
Orange,古亭,2022-05-11,19519.5
Orange,頂溪,2022-05-11,41795.0
Orange,永安市場,2022-05-11,31459.0
Orange,景安,2022-05-11,31791.0
Orange,南勢角,2022-05-11,24816.0
Orange,民權西路,2022-05-11,10865.5
Orange,忠孝新生,2022-05-11,15536.0
Orange,松江南京,2022-05-11,26323.5
Orange,輔大,2022-05-11,10803.0
Orange,新莊,2022-05-11,13147.0
Orange,頭前庄,2022-05-11,4981.0
Orange,先嗇宮,2022-05-11,6632.0
Orange,三重,2022-05-11,8136.0
Orange,菜寮,2022-05-11,12759.0
Orange,台北橋,2022-05-11,11918.0
Orange,大橋頭站,2022-05-11,14229.0
Orange,中山國小,2022-05-11,20585.0
Orange,行天宮,2022-05-11,33350.0
Orange,東門,2022-05-11,12631.0
Orange,蘆洲,2022-05-11,17030.0
Orange,三民高中,2022-05-11,15106.0
Orange,徐匯中學,2022-05-11,15149.0
Orange,三和國中,2022-05-11,14983.0
Orange,三重國小,2022-05-11,14772.0
Orange,迴龍,2022-05-11,13079.0
Orange,丹鳳,2022-05-11,11815.0
Orange,古亭,2022-05-12,18978.5
Orange,頂溪,2022-05-12,41491.0
Orange,永安市場,2022-05-12,30283.0
Orange,景安,2022-05-12,31412.0
Orange,南勢角,2022-05-12,24499.0
Orange,民權西路,2022-05-12,11267.0
Orange,忠孝新生,2022-05-12,15170.5
Orange,松江南京,2022-05-12,26608.0
Orange,輔大,2022-05-12,10490.0
Orange,新莊,2022-05-12,12945.0
Orange,頭前庄,2022-05-12,4793.0
Orange,先嗇宮,2022-05-12,6660.0
Orange,三重,2022-05-12,8090.0
Orange,菜寮,2022-05-12,12347.0
Orange,台北橋,2022-05-12,11508.0
Orange,大橋頭站,2022-05-12,13578.0
Orange,中山國小,2022-05-12,20287.0
Orange,行天宮,2022-05-12,33625.0
Orange,東門,2022-05-12,12010.5
Orange,蘆洲,2022-05-12,16821.0
Orange,三民高中,2022-05-12,14844.0
Orange,徐匯中學,2022-05-12,14874.0
Orange,三和國中,2022-05-12,14911.0
Orange,三重國小,2022-05-12,14235.0
Orange,迴龍,2022-05-12,12761.0
Orange,丹鳳,2022-05-12,11622.0
Orange,古亭,2022-05-13,19952.0
Orange,頂溪,2022-05-13,42188.0
Orange,永安市場,2022-05-13,31273.0
Orange,景安,2022-05-13,31896.0
Orange,南勢角,2022-05-13,25045.0
Orange,民權西路,2022-05-13,11627.0
Orange,忠孝新生,2022-05-13,15944.0
Orange,松江南京,2022-05-13,26473.5
Orange,輔大,2022-05-13,10916.0
Orange,新莊,2022-05-13,13685.0
Orange,頭前庄,2022-05-13,5038.0
Orange,先嗇宮,2022-05-13,6577.0
Orange,三重,2022-05-13,8203.0
Orange,菜寮,2022-05-13,12086.0
Orange,台北橋,2022-05-13,12148.0
Orange,大橋頭站,2022-05-13,14932.0
Orange,中山國小,2022-05-13,20943.0
Orange,行天宮,2022-05-13,33891.0
Orange,東門,2022-05-13,12506.0
Orange,蘆洲,2022-05-13,17057.0
Orange,三民高中,2022-05-13,14963.0
Orange,徐匯中學,2022-05-13,15262.0
Orange,三和國中,2022-05-13,14827.0
Orange,三重國小,2022-05-13,14616.0
Orange,迴龍,2022-05-13,12663.0
Orange,丹鳳,2022-05-13,11724.0
Orange,古亭,2022-05-14,12908.5
Orange,頂溪,2022-05-14,27651.0
Orange,永安市場,2022-05-14,18793.0
Orange,景安,2022-05-14,18000.0
Orange,南勢角,2022-05-14,15533.0
Orange,民權西路,2022-05-14,5606.5
Orange,忠孝新生,2022-05-14,10713.0
Orange,松江南京,2022-05-14,8978.5
Orange,輔大,2022-05-14,6572.0
Orange,新莊,2022-05-14,7583.0
Orange,頭前庄,2022-05-14,3058.0
Orange,先嗇宮,2022-05-14,2467.0
Orange,三重,2022-05-14,5220.0
Orange,菜寮,2022-05-14,7641.0
Orange,台北橋,2022-05-14,8928.0
Orange,大橋頭站,2022-05-14,9683.0
Orange,中山國小,2022-05-14,13153.0
Orange,行天宮,2022-05-14,16529.0
Orange,東門,2022-05-14,9103.5
Orange,蘆洲,2022-05-14,9105.0
Orange,三民高中,2022-05-14,8286.0
Orange,徐匯中學,2022-05-14,8779.0
Orange,三和國中,2022-05-14,8954.0
Orange,三重國小,2022-05-14,9347.0
Orange,迴龍,2022-05-14,6454.0
Orange,丹鳳,2022-05-14,6719.0
Orange,古亭,2022-05-15,9702.0
Orange,頂溪,2022-05-15,22722.0
Orange,永安市場,2022-05-15,15042.0
Orange,景安,2022-05-15,14769.0
Orange,南勢角,2022-05-15,12516.0
Orange,民權西路,2022-05-15,5036.0
Orange,忠孝新生,2022-05-15,8780.5
Orange,松江南京,2022-05-15,6706.5
Orange,輔大,2022-05-15,5879.0
Orange,新莊,2022-05-15,6571.0
Orange,頭前庄,2022-05-15,2597.5
Orange,先嗇宮,2022-05-15,1853.0
Orange,三重,2022-05-15,4323.0
Orange,菜寮,2022-05-15,5574.0
Orange,台北橋,2022-05-15,6962.0
Orange,大橋頭站,2022-05-15,8607.0
Orange,中山國小,2022-05-15,10269.0
Orange,行天宮,2022-05-15,14048.0
Orange,東門,2022-05-15,7833.5
Orange,蘆洲,2022-05-15,7366.0
Orange,三民高中,2022-05-15,6465.0
Orange,徐匯中學,2022-05-15,7306.0
Orange,三和國中,2022-05-15,7164.0
Orange,三重國小,2022-05-15,7578.0
Orange,迴龍,2022-05-15,5292.0
Orange,丹鳳,2022-05-15,5558.0
Orange,古亭,2022-05-16,18679.5
Orange,頂溪,2022-05-16,41668.0
Orange,永安市場,2022-05-16,30678.0
Orange,景安,2022-05-16,31239.0
Orange,南勢角,2022-05-16,23949.0
Orange,民權西路,2022-05-16,10251.0
Orange,忠孝新生,2022-05-16,15282.5
Orange,松江南京,2022-05-16,25871.5
Orange,輔大,2022-05-16,10606.0
Orange,新莊,2022-05-16,11630.0
Orange,頭前庄,2022-05-16,4733.0
Orange,先嗇宮,2022-05-16,6625.0
Orange,三重,2022-05-16,7690.0
Orange,菜寮,2022-05-16,12289.0
Orange,台北橋,2022-05-16,11569.0
Orange,大橋頭站,2022-05-16,14602.0
Orange,中山國小,2022-05-16,19890.0
Orange,行天宮,2022-05-16,32439.0
Orange,東門,2022-05-16,12752.5
Orange,蘆洲,2022-05-16,15957.0
Orange,三民高中,2022-05-16,13734.0
Orange,徐匯中學,2022-05-16,14692.0
Orange,三和國中,2022-05-16,14702.0
Orange,三重國小,2022-05-16,14425.0
Orange,迴龍,2022-05-16,12029.0
Orange,丹鳳,2022-05-16,11068.0
Orange,古亭,2022-05-17,18646.0
Orange,頂溪,2022-05-17,40412.0
Orange,永安市場,2022-05-17,30791.0
Orange,景安,2022-05-17,30666.0
Orange,南勢角,2022-05-17,23901.0
Orange,民權西路,2022-05-17,10465.5
Orange,忠孝新生,2022-05-17,14917.0
Orange,松江南京,2022-05-17,24966.0
Orange,輔大,2022-05-17,10653.0
Orange,新莊,2022-05-17,11943.0
Orange,頭前庄,2022-05-17,4728.5
Orange,先嗇宮,2022-05-17,6566.0
Orange,三重,2022-05-17,7871.0
Orange,菜寮,2022-05-17,11972.0
Orange,台北橋,2022-05-17,11373.0
Orange,大橋頭站,2022-05-17,14156.0
Orange,中山國小,2022-05-17,19791.0
Orange,行天宮,2022-05-17,31784.0
Orange,東門,2022-05-17,13118.5
Orange,蘆洲,2022-05-17,16178.0
Orange,三民高中,2022-05-17,13903.0
Orange,徐匯中學,2022-05-17,14506.0
Orange,三和國中,2022-05-17,14133.0
Orange,三重國小,2022-05-17,13993.0
Orange,迴龍,2022-05-17,12030.0
Orange,丹鳳,2022-05-17,11030.0
Orange,古亭,2022-05-18,18942.5
Orange,頂溪,2022-05-18,40914.0
Orange,永安市場,2022-05-18,30820.0
Orange,景安,2022-05-18,30975.0
Orange,南勢角,2022-05-18,24358.0
Orange,民權西路,2022-05-18,10639.0
Orange,忠孝新生,2022-05-18,14874.0
Orange,松江南京,2022-05-18,25103.0
Orange,輔大,2022-05-18,11229.0
Orange,新莊,2022-05-18,12822.0
Orange,頭前庄,2022-05-18,4766.0
Orange,先嗇宮,2022-05-18,6396.0
Orange,三重,2022-05-18,8085.0
Orange,菜寮,2022-05-18,12053.0
Orange,台北橋,2022-05-18,11529.0
Orange,大橋頭站,2022-05-18,14486.0
Orange,中山國小,2022-05-18,20038.0
Orange,行天宮,2022-05-18,32111.0
Orange,東門,2022-05-18,12268.0
Orange,蘆洲,2022-05-18,16231.0
Orange,三民高中,2022-05-18,14255.0
Orange,徐匯中學,2022-05-18,14691.0
Orange,三和國中,2022-05-18,14083.0
Orange,三重國小,2022-05-18,14217.0
Orange,迴龍,2022-05-18,12473.0
Orange,丹鳳,2022-05-18,11329.0
Orange,古亭,2022-05-19,18535.5
Orange,頂溪,2022-05-19,40018.0
Orange,永安市場,2022-05-19,29724.0
Orange,景安,2022-05-19,30553.0
Orange,南勢角,2022-05-19,24162.0
Orange,民權西路,2022-05-19,10289.0
Orange,忠孝新生,2022-05-19,14934.0
Orange,松江南京,2022-05-19,24867.0
Orange,輔大,2022-05-19,10650.0
Orange,新莊,2022-05-19,12266.0
Orange,頭前庄,2022-05-19,4714.0
Orange,先嗇宮,2022-05-19,6453.0
Orange,三重,2022-05-19,7870.0
Orange,菜寮,2022-05-19,11796.0
Orange,台北橋,2022-05-19,11167.0
Orange,大橋頭站,2022-05-19,14097.0
Orange,中山國小,2022-05-19,19574.0
Orange,行天宮,2022-05-19,31987.0
Orange,東門,2022-05-19,12184.0
Orange,蘆洲,2022-05-19,16042.0
Orange,三民高中,2022-05-19,13952.0
Orange,徐匯中學,2022-05-19,14383.0
Orange,三和國中,2022-05-19,13862.0
Orange,三重國小,2022-05-19,13870.0
Orange,迴龍,2022-05-19,12283.0
Orange,丹鳳,2022-05-19,10999.0
Orange,古亭,2022-05-20,19481.5
Orange,頂溪,2022-05-20,42001.0
Orange,永安市場,2022-05-20,31309.0
Orange,景安,2022-05-20,31270.0
Orange,南勢角,2022-05-20,25065.0
Orange,民權西路,2022-05-20,10885.0
Orange,忠孝新生,2022-05-20,15726.0
Orange,松江南京,2022-05-20,25481.0
Orange,輔大,2022-05-20,12884.0
Orange,新莊,2022-05-20,12470.0
Orange,頭前庄,2022-05-20,4803.0
Orange,先嗇宮,2022-05-20,6428.0
Orange,三重,2022-05-20,8395.0
Orange,菜寮,2022-05-20,12119.0
Orange,台北橋,2022-05-20,12117.0
Orange,大橋頭站,2022-05-20,15527.0
Orange,中山國小,2022-05-20,20314.0
Orange,行天宮,2022-05-20,32946.0
Orange,東門,2022-05-20,12839.5
Orange,蘆洲,2022-05-20,16662.0
Orange,三民高中,2022-05-20,14624.0
Orange,徐匯中學,2022-05-20,14951.0
Orange,三和國中,2022-05-20,14441.0
Orange,三重國小,2022-05-20,14455.0
Orange,迴龍,2022-05-20,12542.0
Orange,丹鳳,2022-05-20,11522.0
Orange,古亭,2022-05-21,13743.5
Orange,頂溪,2022-05-21,29621.0
Orange,永安市場,2022-05-21,20473.0
Orange,景安,2022-05-21,19759.0
Orange,南勢角,2022-05-21,16737.0
Orange,民權西路,2022-05-21,5981.0
Orange,忠孝新生,2022-05-21,12198.0
Orange,松江南京,2022-05-21,9571.0
Orange,輔大,2022-05-21,8282.0
Orange,新莊,2022-05-21,7564.0
Orange,頭前庄,2022-05-21,2988.0
Orange,先嗇宮,2022-05-21,2522.0
Orange,三重,2022-05-21,6195.0
Orange,菜寮,2022-05-21,7521.0
Orange,台北橋,2022-05-21,9141.0
Orange,大橋頭站,2022-05-21,11073.0
Orange,中山國小,2022-05-21,13328.0
Orange,行天宮,2022-05-21,17594.0
Orange,東門,2022-05-21,9966.0
Orange,蘆洲,2022-05-21,10563.0
Orange,三民高中,2022-05-21,9408.0
Orange,徐匯中學,2022-05-21,9592.0
Orange,三和國中,2022-05-21,9204.0
Orange,三重國小,2022-05-21,10070.0
Orange,迴龍,2022-05-21,7456.0
Orange,丹鳳,2022-05-21,7455.0
Orange,古亭,2022-05-22,9681.0
Orange,頂溪,2022-05-22,23402.0
Orange,永安市場,2022-05-22,16209.0
Orange,景安,2022-05-22,15351.0
Orange,南勢角,2022-05-22,13292.0
Orange,民權西路,2022-05-22,5054.5
Orange,忠孝新生,2022-05-22,9414.0
Orange,松江南京,2022-05-22,7058.5
Orange,輔大,2022-05-22,6202.0
Orange,新莊,2022-05-22,6002.0
Orange,頭前庄,2022-05-22,2593.0
Orange,先嗇宮,2022-05-22,1989.0
Orange,三重,2022-05-22,4851.0
Orange,菜寮,2022-05-22,5901.0
Orange,台北橋,2022-05-22,7761.0
Orange,大橋頭站,2022-05-22,9140.0
Orange,中山國小,2022-05-22,10298.0
Orange,行天宮,2022-05-22,13223.0
Orange,東門,2022-05-22,7752.5
Orange,蘆洲,2022-05-22,7889.0
Orange,三民高中,2022-05-22,7350.0
Orange,徐匯中學,2022-05-22,7404.0
Orange,三和國中,2022-05-22,7459.0
Orange,三重國小,2022-05-22,8066.0
Orange,迴龍,2022-05-22,5802.0
Orange,丹鳳,2022-05-22,5712.0
Orange,古亭,2022-05-23,18273.0
Orange,頂溪,2022-05-23,38952.0
Orange,永安市場,2022-05-23,29566.0
Orange,景安,2022-05-23,30044.0
Orange,南勢角,2022-05-23,23780.0
Orange,民權西路,2022-05-23,10328.5
Orange,忠孝新生,2022-05-23,14841.5
Orange,松江南京,2022-05-23,25062.5
Orange,輔大,2022-05-23,10280.0
Orange,新莊,2022-05-23,11474.0
Orange,頭前庄,2022-05-23,4562.5
Orange,先嗇宮,2022-05-23,6364.0
Orange,三重,2022-05-23,7699.0
Orange,菜寮,2022-05-23,11610.0
Orange,台北橋,2022-05-23,11316.0
Orange,大橋頭站,2022-05-23,13216.0
Orange,中山國小,2022-05-23,19426.0
Orange,行天宮,2022-05-23,32016.0
Orange,東門,2022-05-23,11313.0
Orange,蘆洲,2022-05-23,15979.0
Orange,三民高中,2022-05-23,13684.0
Orange,徐匯中學,2022-05-23,14245.0
Orange,三和國中,2022-05-23,13965.0
Orange,三重國小,2022-05-23,13640.0
Orange,迴龍,2022-05-23,11761.0
Orange,丹鳳,2022-05-23,10929.0
Orange,古亭,2022-05-24,19250.5
Orange,頂溪,2022-05-24,40448.0
Orange,永安市場,2022-05-24,30350.0
Orange,景安,2022-05-24,31238.0
Orange,南勢角,2022-05-24,24270.0
Orange,民權西路,2022-05-24,10582.0
Orange,忠孝新生,2022-05-24,15146.5
Orange,松江南京,2022-05-24,25836.0
Orange,輔大,2022-05-24,10347.0
Orange,新莊,2022-05-24,11777.0
Orange,頭前庄,2022-05-24,4464.5
Orange,先嗇宮,2022-05-24,6530.0
Orange,三重,2022-05-24,7657.0
Orange,菜寮,2022-05-24,11943.0
Orange,台北橋,2022-05-24,11501.0
Orange,大橋頭站,2022-05-24,13672.0
Orange,中山國小,2022-05-24,19875.0
Orange,行天宮,2022-05-24,32922.0
Orange,東門,2022-05-24,12323.0
Orange,蘆洲,2022-05-24,16364.0
Orange,三民高中,2022-05-24,13688.0
Orange,徐匯中學,2022-05-24,14708.0
Orange,三和國中,2022-05-24,14232.0
Orange,三重國小,2022-05-24,14417.0
Orange,迴龍,2022-05-24,11865.0
Orange,丹鳳,2022-05-24,11022.0
Orange,古亭,2022-05-25,19716.5
Orange,頂溪,2022-05-25,41876.0
Orange,永安市場,2022-05-25,30937.0
Orange,景安,2022-05-25,31845.0
Orange,南勢角,2022-05-25,24392.0
Orange,民權西路,2022-05-25,10937.0
Orange,忠孝新生,2022-05-25,15782.0
Orange,松江南京,2022-05-25,26986.0
Orange,輔大,2022-05-25,11511.0
Orange,新莊,2022-05-25,11668.0
Orange,頭前庄,2022-05-25,4491.0
Orange,先嗇宮,2022-05-25,6760.0
Orange,三重,2022-05-25,7856.0
Orange,菜寮,2022-05-25,12416.0
Orange,台北橋,2022-05-25,12183.0
Orange,大橋頭站,2022-05-25,13750.0
Orange,中山國小,2022-05-25,20632.0
Orange,行天宮,2022-05-25,34587.0
Orange,東門,2022-05-25,12500.5
Orange,蘆洲,2022-05-25,16533.0
Orange,三民高中,2022-05-25,13672.0
Orange,徐匯中學,2022-05-25,15082.0
Orange,三和國中,2022-05-25,14850.0
Orange,三重國小,2022-05-25,14505.0
Orange,迴龍,2022-05-25,11885.0
Orange,丹鳳,2022-05-25,11040.0
Orange,古亭,2022-05-26,19912.5
Orange,頂溪,2022-05-26,41893.0
Orange,永安市場,2022-05-26,31080.0
Orange,景安,2022-05-26,31802.0
Orange,南勢角,2022-05-26,24615.0
Orange,民權西路,2022-05-26,10876.5
Orange,忠孝新生,2022-05-26,16519.0
Orange,松江南京,2022-05-26,27071.0
Orange,輔大,2022-05-26,11020.0
Orange,新莊,2022-05-26,12116.0
Orange,頭前庄,2022-05-26,4740.5
Orange,先嗇宮,2022-05-26,6844.0
Orange,三重,2022-05-26,8059.0
Orange,菜寮,2022-05-26,12223.0
Orange,台北橋,2022-05-26,12090.0
Orange,大橋頭站,2022-05-26,14016.0
Orange,中山國小,2022-05-26,20691.0
Orange,行天宮,2022-05-26,34136.0
Orange,東門,2022-05-26,12636.0
Orange,蘆洲,2022-05-26,16610.0
Orange,三民高中,2022-05-26,13997.0
Orange,徐匯中學,2022-05-26,15166.0
Orange,三和國中,2022-05-26,15003.0
Orange,三重國小,2022-05-26,14466.0
Orange,迴龍,2022-05-26,11835.0
Orange,丹鳳,2022-05-26,10992.0
Orange,古亭,2022-05-27,20893.5
Orange,頂溪,2022-05-27,44264.0
Orange,永安市場,2022-05-27,32405.0
Orange,景安,2022-05-27,33079.0
Orange,南勢角,2022-05-27,25917.0
Orange,民權西路,2022-05-27,11393.0
Orange,忠孝新生,2022-05-27,18297.5
Orange,松江南京,2022-05-27,27151.0
Orange,輔大,2022-05-27,11592.0
Orange,新莊,2022-05-27,12265.0
Orange,頭前庄,2022-05-27,4925.5
Orange,先嗇宮,2022-05-27,6898.0
Orange,三重,2022-05-27,8655.0
Orange,菜寮,2022-05-27,13097.0
Orange,台北橋,2022-05-27,13094.0
Orange,大橋頭站,2022-05-27,15573.0
Orange,中山國小,2022-05-27,21362.0
Orange,行天宮,2022-05-27,35684.0
Orange,東門,2022-05-27,13733.0
Orange,蘆洲,2022-05-27,17211.0
Orange,三民高中,2022-05-27,14499.0
Orange,徐匯中學,2022-05-27,15787.0
Orange,三和國中,2022-05-27,15648.0
Orange,三重國小,2022-05-27,15429.0
Orange,迴龍,2022-05-27,12885.0
Orange,丹鳳,2022-05-27,11625.0
Orange,古亭,2022-05-28,14201.0
Orange,頂溪,2022-05-28,31800.0
Orange,永安市場,2022-05-28,21804.0
Orange,景安,2022-05-28,20956.0
Orange,南勢角,2022-05-28,18025.0
Orange,民權西路,2022-05-28,6270.5
Orange,忠孝新生,2022-05-28,14786.0
Orange,松江南京,2022-05-28,10292.0
Orange,輔大,2022-05-28,7609.0
Orange,新莊,2022-05-28,8750.0
Orange,頭前庄,2022-05-28,3417.5
Orange,先嗇宮,2022-05-28,2583.0
Orange,三重,2022-05-28,6349.0
Orange,菜寮,2022-05-28,8397.0
Orange,台北橋,2022-05-28,10523.0
Orange,大橋頭站,2022-05-28,11776.0
Orange,中山國小,2022-05-28,14913.0
Orange,行天宮,2022-05-28,19063.0
Orange,東門,2022-05-28,10282.5
Orange,蘆洲,2022-05-28,11227.0
Orange,三民高中,2022-05-28,9566.0
Orange,徐匯中學,2022-05-28,10340.0
Orange,三和國中,2022-05-28,9957.0
Orange,三重國小,2022-05-28,10928.0
Orange,迴龍,2022-05-28,7958.0
Orange,丹鳳,2022-05-28,7691.0
Orange,古亭,2022-05-29,10717.0
Orange,頂溪,2022-05-29,26665.0
Orange,永安市場,2022-05-29,18565.0
Orange,景安,2022-05-29,17546.0
Orange,南勢角,2022-05-29,15485.0
Orange,民權西路,2022-05-29,5723.0
Orange,忠孝新生,2022-05-29,11758.0
Orange,松江南京,2022-05-29,7714.5
Orange,輔大,2022-05-29,6841.0
Orange,新莊,2022-05-29,7173.0
Orange,頭前庄,2022-05-29,2963.5
Orange,先嗇宮,2022-05-29,2123.0
Orange,三重,2022-05-29,6120.0
Orange,菜寮,2022-05-29,6727.0
Orange,台北橋,2022-05-29,8565.0
Orange,大橋頭站,2022-05-29,10364.0
Orange,中山國小,2022-05-29,11569.0
Orange,行天宮,2022-05-29,16169.0
Orange,東門,2022-05-29,8836.5
Orange,蘆洲,2022-05-29,9154.0
Orange,三民高中,2022-05-29,7744.0
Orange,徐匯中學,2022-05-29,8553.0
Orange,三和國中,2022-05-29,8223.0
Orange,三重國小,2022-05-29,8886.0
Orange,迴龍,2022-05-29,6379.0
Orange,丹鳳,2022-05-29,6324.0
Orange,古亭,2022-05-30,19404.5
Orange,頂溪,2022-05-30,42543.0
Orange,永安市場,2022-05-30,31670.0
Orange,景安,2022-05-30,32151.0
Orange,南勢角,2022-05-30,25302.0
Orange,民權西路,2022-05-30,11285.5
Orange,忠孝新生,2022-05-30,15523.5
Orange,松江南京,2022-05-30,26355.5
Orange,輔大,2022-05-30,10810.0
Orange,新莊,2022-05-30,12819.0
Orange,頭前庄,2022-05-30,5181.5
Orange,先嗇宮,2022-05-30,6759.0
Orange,三重,2022-05-30,8295.0
Orange,菜寮,2022-05-30,12284.0
Orange,台北橋,2022-05-30,12077.0
Orange,大橋頭站,2022-05-30,14156.0
Orange,中山國小,2022-05-30,20438.0
Orange,行天宮,2022-05-30,34426.0
Orange,東門,2022-05-30,11972.0
Orange,蘆洲,2022-05-30,16917.0
Orange,三民高中,2022-05-30,14529.0
Orange,徐匯中學,2022-05-30,15367.0
Orange,三和國中,2022-05-30,15057.0
Orange,三重國小,2022-05-30,14934.0
Orange,迴龍,2022-05-30,12890.0
Orange,丹鳳,2022-05-30,11555.0
Orange,古亭,2022-05-31,20279.0
Orange,頂溪,2022-05-31,43877.0
Orange,永安市場,2022-05-31,32174.0
Orange,景安,2022-05-31,33035.0
Orange,南勢角,2022-05-31,25878.0
Orange,民權西路,2022-05-31,11606.5
Orange,忠孝新生,2022-05-31,16103.5
Orange,松江南京,2022-05-31,27445.5
Orange,輔大,2022-05-31,10828.0
Orange,新莊,2022-05-31,12943.0
Orange,頭前庄,2022-05-31,4857.5
Orange,先嗇宮,2022-05-31,7015.0
Orange,三重,2022-05-31,8508.0
Orange,菜寮,2022-05-31,12813.0
Orange,台北橋,2022-05-31,12607.0
Orange,大橋頭站,2022-05-31,14704.0
Orange,中山國小,2022-05-31,21386.0
Orange,行天宮,2022-05-31,35474.0
Orange,東門,2022-05-31,12870.0
Orange,蘆洲,2022-05-31,17520.0
Orange,三民高中,2022-05-31,15070.0
Orange,徐匯中學,2022-05-31,16110.0
Orange,三和國中,2022-05-31,15280.0
Orange,三重國小,2022-05-31,15259.0
Orange,迴龍,2022-05-31,13042.0
Orange,丹鳳,2022-05-31,11723.0
Orange,古亭,2022-06-01,20488.0
Orange,頂溪,2022-06-01,45298.0
Orange,永安市場,2022-06-01,32989.0
Orange,景安,2022-06-01,33622.0
Orange,南勢角,2022-06-01,26727.0
Orange,民權西路,2022-06-01,11742.5
Orange,忠孝新生,2022-06-01,16518.0
Orange,松江南京,2022-06-01,28093.5
Orange,輔大,2022-06-01,11597.0
Orange,新莊,2022-06-01,13578.0
Orange,頭前庄,2022-06-01,5069.5
Orange,先嗇宮,2022-06-01,7036.0
Orange,三重,2022-06-01,8997.0
Orange,菜寮,2022-06-01,13185.0
Orange,台北橋,2022-06-01,13014.0
Orange,大橋頭站,2022-06-01,15223.0
Orange,中山國小,2022-06-01,21992.0
Orange,行天宮,2022-06-01,35423.0
Orange,東門,2022-06-01,13528.0
Orange,蘆洲,2022-06-01,17965.0
Orange,三民高中,2022-06-01,15668.0
Orange,徐匯中學,2022-06-01,16530.0
Orange,三和國中,2022-06-01,15479.0
Orange,三重國小,2022-06-01,15706.0
Orange,迴龍,2022-06-01,13459.0
Orange,丹鳳,2022-06-01,12144.0
Orange,古亭,2022-06-02,20545.5
Orange,頂溪,2022-06-02,45523.0
Orange,永安市場,2022-06-02,33401.0
Orange,景安,2022-06-02,33736.0
Orange,南勢角,2022-06-02,26879.0
Orange,民權西路,2022-06-02,11562.0
Orange,忠孝新生,2022-06-02,16760.5
Orange,松江南京,2022-06-02,27627.5
Orange,輔大,2022-06-02,11410.0
Orange,新莊,2022-06-02,13295.0
Orange,頭前庄,2022-06-02,5001.0
Orange,先嗇宮,2022-06-02,6933.0
Orange,三重,2022-06-02,8640.0
Orange,菜寮,2022-06-02,12786.0
Orange,台北橋,2022-06-02,12917.0
Orange,大橋頭站,2022-06-02,15486.0
Orange,中山國小,2022-06-02,21875.0
Orange,行天宮,2022-06-02,35296.0
Orange,東門,2022-06-02,13678.5
Orange,蘆洲,2022-06-02,18050.0
Orange,三民高中,2022-06-02,15468.0
Orange,徐匯中學,2022-06-02,16382.0
Orange,三和國中,2022-06-02,15611.0
Orange,三重國小,2022-06-02,15714.0
Orange,迴龍,2022-06-02,13375.0
Orange,丹鳳,2022-06-02,12346.0
Orange,古亭,2022-06-03,10548.5
Orange,頂溪,2022-06-03,26805.0
Orange,永安市場,2022-06-03,18854.0
Orange,景安,2022-06-03,17782.0
Orange,南勢角,2022-06-03,15651.0
Orange,民權西路,2022-06-03,5194.0
Orange,忠孝新生,2022-06-03,10330.5
Orange,松江南京,2022-06-03,7907.0
Orange,輔大,2022-06-03,6680.0
Orange,新莊,2022-06-03,6581.0
Orange,頭前庄,2022-06-03,2935.5
Orange,先嗇宮,2022-06-03,2278.0
Orange,三重,2022-06-03,5550.0
Orange,菜寮,2022-06-03,6809.0
Orange,台北橋,2022-06-03,8628.0
Orange,大橋頭站,2022-06-03,9798.0
Orange,中山國小,2022-06-03,12455.0
Orange,行天宮,2022-06-03,14594.0
Orange,東門,2022-06-03,8685.0
Orange,蘆洲,2022-06-03,9956.0
Orange,三民高中,2022-06-03,8115.0
Orange,徐匯中學,2022-06-03,9035.0
Orange,三和國中,2022-06-03,8578.0
Orange,三重國小,2022-06-03,9253.0
Orange,迴龍,2022-06-03,7003.0
Orange,丹鳳,2022-06-03,6566.0
Orange,古亭,2022-06-04,11833.0
Orange,頂溪,2022-06-04,29555.0
Orange,永安市場,2022-06-04,20212.0
Orange,景安,2022-06-04,19713.0
Orange,南勢角,2022-06-04,17490.0
Orange,民權西路,2022-06-04,5800.0
Orange,忠孝新生,2022-06-04,11742.5
Orange,松江南京,2022-06-04,8894.0
Orange,輔大,2022-06-04,6745.0
Orange,新莊,2022-06-04,8695.0
Orange,頭前庄,2022-06-04,3331.5
Orange,先嗇宮,2022-06-04,2538.0
Orange,三重,2022-06-04,6954.0
Orange,菜寮,2022-06-04,7863.0
Orange,台北橋,2022-06-04,9644.0
Orange,大橋頭站,2022-06-04,11342.0
Orange,中山國小,2022-06-04,13292.0
Orange,行天宮,2022-06-04,16761.0
Orange,東門,2022-06-04,9219.5
Orange,蘆洲,2022-06-04,10978.0
Orange,三民高中,2022-06-04,9385.0
Orange,徐匯中學,2022-06-04,9992.0
Orange,三和國中,2022-06-04,9481.0
Orange,三重國小,2022-06-04,10532.0
Orange,迴龍,2022-06-04,7581.0
Orange,丹鳳,2022-06-04,7454.0
Orange,古亭,2022-06-05,10140.5
Orange,頂溪,2022-06-05,27609.0
Orange,永安市場,2022-06-05,18559.0
Orange,景安,2022-06-05,18086.0
Orange,南勢角,2022-06-05,15946.0
Orange,民權西路,2022-06-05,5938.5
Orange,忠孝新生,2022-06-05,9987.5
Orange,松江南京,2022-06-05,7265.5
Orange,輔大,2022-06-05,6420.0
Orange,新莊,2022-06-05,7813.0
Orange,頭前庄,2022-06-05,2971.0
Orange,先嗇宮,2022-06-05,2188.0
Orange,三重,2022-06-05,6201.0
Orange,菜寮,2022-06-05,6590.0
Orange,台北橋,2022-06-05,8565.0
Orange,大橋頭站,2022-06-05,10563.0
Orange,中山國小,2022-06-05,11636.0
Orange,行天宮,2022-06-05,14799.0
Orange,東門,2022-06-05,7983.5
Orange,蘆洲,2022-06-05,9426.0
Orange,三民高中,2022-06-05,8097.0
Orange,徐匯中學,2022-06-05,8886.0
Orange,三和國中,2022-06-05,8444.0
Orange,三重國小,2022-06-05,9418.0
Orange,迴龍,2022-06-05,6872.0
Orange,丹鳳,2022-06-05,6441.0
Orange,古亭,2022-06-06,21026.5
Orange,頂溪,2022-06-06,47539.0
Orange,永安市場,2022-06-06,34811.0
Orange,景安,2022-06-06,35405.0
Orange,南勢角,2022-06-06,27517.0
Orange,民權西路,2022-06-06,12908.0
Orange,忠孝新生,2022-06-06,16873.5
Orange,松江南京,2022-06-06,29209.0
Orange,輔大,2022-06-06,11704.0
Orange,新莊,2022-06-06,13295.0
Orange,頭前庄,2022-06-06,5304.0
Orange,先嗇宮,2022-06-06,7327.0
Orange,三重,2022-06-06,9237.0
Orange,菜寮,2022-06-06,13981.0
Orange,台北橋,2022-06-06,13634.0
Orange,大橋頭站,2022-06-06,16354.0
Orange,中山國小,2022-06-06,23672.0
Orange,行天宮,2022-06-06,37058.0
Orange,東門,2022-06-06,13715.5
Orange,蘆洲,2022-06-06,19372.0
Orange,三民高中,2022-06-06,17084.0
Orange,徐匯中學,2022-06-06,17126.0
Orange,三和國中,2022-06-06,17564.0
Orange,三重國小,2022-06-06,16490.0
Orange,迴龍,2022-06-06,13718.0
Orange,丹鳳,2022-06-06,12783.0
Orange,古亭,2022-06-07,22446.0
Orange,頂溪,2022-06-07,48374.0
Orange,永安市場,2022-06-07,36036.0
Orange,景安,2022-06-07,36262.0
Orange,南勢角,2022-06-07,27902.0
Orange,民權西路,2022-06-07,12466.0
Orange,忠孝新生,2022-06-07,17872.5
Orange,松江南京,2022-06-07,30825.0
Orange,輔大,2022-06-07,11647.0
Orange,新莊,2022-06-07,13589.0
Orange,頭前庄,2022-06-07,5105.0
Orange,先嗇宮,2022-06-07,7458.0
Orange,三重,2022-06-07,9265.0
Orange,菜寮,2022-06-07,14816.0
Orange,台北橋,2022-06-07,13927.0
Orange,大橋頭站,2022-06-07,16227.0
Orange,中山國小,2022-06-07,24275.0
Orange,行天宮,2022-06-07,37666.0
Orange,東門,2022-06-07,14580.5
Orange,蘆洲,2022-06-07,19526.0
Orange,三民高中,2022-06-07,17111.0
Orange,徐匯中學,2022-06-07,17527.0
Orange,三和國中,2022-06-07,17830.0
Orange,三重國小,2022-06-07,16843.0
Orange,迴龍,2022-06-07,14068.0
Orange,丹鳳,2022-06-07,13101.0
Orange,古亭,2022-06-08,23262.5
Orange,頂溪,2022-06-08,49646.0
Orange,永安市場,2022-06-08,35931.0
Orange,景安,2022-06-08,36926.0
Orange,南勢角,2022-06-08,28376.0
Orange,民權西路,2022-06-08,12695.5
Orange,忠孝新生,2022-06-08,18155.0
Orange,松江南京,2022-06-08,31265.0
Orange,輔大,2022-06-08,12202.0
Orange,新莊,2022-06-08,14265.0
Orange,頭前庄,2022-06-08,5502.0
Orange,先嗇宮,2022-06-08,7703.0
Orange,三重,2022-06-08,9575.0
Orange,菜寮,2022-06-08,14948.0
Orange,台北橋,2022-06-08,14426.0
Orange,大橋頭站,2022-06-08,17086.0
Orange,中山國小,2022-06-08,24640.0
Orange,行天宮,2022-06-08,38605.0
Orange,東門,2022-06-08,15780.5
Orange,蘆洲,2022-06-08,20013.0
Orange,三民高中,2022-06-08,17324.0
Orange,徐匯中學,2022-06-08,17971.0
Orange,三和國中,2022-06-08,17853.0
Orange,三重國小,2022-06-08,17224.0
Orange,迴龍,2022-06-08,13993.0
Orange,丹鳳,2022-06-08,13187.0
Orange,古亭,2022-06-09,22523.5
Orange,頂溪,2022-06-09,49289.0
Orange,永安市場,2022-06-09,36173.0
Orange,景安,2022-06-09,36509.0
Orange,南勢角,2022-06-09,28472.0
Orange,民權西路,2022-06-09,13556.0
Orange,忠孝新生,2022-06-09,18480.0
Orange,松江南京,2022-06-09,30587.5
Orange,輔大,2022-06-09,11995.0
Orange,新莊,2022-06-09,16892.0
Orange,頭前庄,2022-06-09,5608.5
Orange,先嗇宮,2022-06-09,7519.0
Orange,三重,2022-06-09,9672.0
Orange,菜寮,2022-06-09,14483.0
Orange,台北橋,2022-06-09,14198.0
Orange,大橋頭站,2022-06-09,16743.0
Orange,中山國小,2022-06-09,24559.0
Orange,行天宮,2022-06-09,38480.0
Orange,東門,2022-06-09,15259.0
Orange,蘆洲,2022-06-09,19739.0
Orange,三民高中,2022-06-09,17261.0
Orange,徐匯中學,2022-06-09,17786.0
Orange,三和國中,2022-06-09,17423.0
Orange,三重國小,2022-06-09,17185.0
Orange,迴龍,2022-06-09,14277.0
Orange,丹鳳,2022-06-09,13078.0
Orange,古亭,2022-06-10,23565.5
Orange,頂溪,2022-06-10,51874.0
Orange,永安市場,2022-06-10,37513.0
Orange,景安,2022-06-10,38050.0
Orange,南勢角,2022-06-10,29792.0
Orange,民權西路,2022-06-10,13149.0
Orange,忠孝新生,2022-06-10,20151.0
Orange,松江南京,2022-06-10,31242.5
Orange,輔大,2022-06-10,12759.0
Orange,新莊,2022-06-10,16326.0
Orange,頭前庄,2022-06-10,5856.0
Orange,先嗇宮,2022-06-10,7685.0
Orange,三重,2022-06-10,10007.0
Orange,菜寮,2022-06-10,14895.0
Orange,台北橋,2022-06-10,15376.0
Orange,大橋頭站,2022-06-10,18642.0
Orange,中山國小,2022-06-10,26115.0
Orange,行天宮,2022-06-10,40699.0
Orange,東門,2022-06-10,16331.0
Orange,蘆洲,2022-06-10,20963.0
Orange,三民高中,2022-06-10,18009.0
Orange,徐匯中學,2022-06-10,18481.0
Orange,三和國中,2022-06-10,18570.0
Orange,三重國小,2022-06-10,18053.0
Orange,迴龍,2022-06-10,14931.0
Orange,丹鳳,2022-06-10,13864.0
Orange,古亭,2022-06-11,17535.5
Orange,頂溪,2022-06-11,37763.0
Orange,永安市場,2022-06-11,25991.0
Orange,景安,2022-06-11,25199.0
Orange,南勢角,2022-06-11,21905.0
Orange,民權西路,2022-06-11,8110.5
Orange,忠孝新生,2022-06-11,15765.0
Orange,松江南京,2022-06-11,12413.5
Orange,輔大,2022-06-11,8837.0
Orange,新莊,2022-06-11,13096.0
Orange,頭前庄,2022-06-11,4203.0
Orange,先嗇宮,2022-06-11,3096.0
Orange,三重,2022-06-11,8009.0
Orange,菜寮,2022-06-11,11728.0
Orange,台北橋,2022-06-11,12138.0
Orange,大橋頭站,2022-06-11,14703.0
Orange,中山國小,2022-06-11,16985.0
Orange,行天宮,2022-06-11,22793.0
Orange,東門,2022-06-11,12028.5
Orange,蘆洲,2022-06-11,14591.0
Orange,三民高中,2022-06-11,12350.0
Orange,徐匯中學,2022-06-11,13149.0
Orange,三和國中,2022-06-11,12311.0
Orange,三重國小,2022-06-11,12843.0
Orange,迴龍,2022-06-11,9529.0
Orange,丹鳳,2022-06-11,9193.0
Orange,古亭,2022-06-12,12418.5
Orange,頂溪,2022-06-12,30549.0
Orange,永安市場,2022-06-12,20712.0
Orange,景安,2022-06-12,19362.0
Orange,南勢角,2022-06-12,17059.0
Orange,民權西路,2022-06-12,6788.0
Orange,忠孝新生,2022-06-12,11963.0
Orange,松江南京,2022-06-12,8734.5
Orange,輔大,2022-06-12,6951.0
Orange,新莊,2022-06-12,7346.0
Orange,頭前庄,2022-06-12,3223.0
Orange,先嗇宮,2022-06-12,2461.0
Orange,三重,2022-06-12,7001.0
Orange,菜寮,2022-06-12,7712.0
Orange,台北橋,2022-06-12,9848.0
Orange,大橋頭站,2022-06-12,11476.0
Orange,中山國小,2022-06-12,13214.0
Orange,行天宮,2022-06-12,17691.0
Orange,東門,2022-06-12,9316.0
Orange,蘆洲,2022-06-12,10209.0
Orange,三民高中,2022-06-12,9082.0
Orange,徐匯中學,2022-06-12,9706.0
Orange,三和國中,2022-06-12,9433.0
Orange,三重國小,2022-06-12,10475.0
Orange,迴龍,2022-06-12,7396.0
Orange,丹鳳,2022-06-12,7066.0
Orange,古亭,2022-06-13,22146.5
Orange,頂溪,2022-06-13,49355.0
Orange,永安市場,2022-06-13,36512.0
Orange,景安,2022-06-13,36933.0
Orange,南勢角,2022-06-13,29220.0
Orange,民權西路,2022-06-13,13511.5
Orange,忠孝新生,2022-06-13,17383.0
Orange,松江南京,2022-06-13,30067.0
Orange,輔大,2022-06-13,12198.0
Orange,新莊,2022-06-13,15835.0
Orange,頭前庄,2022-06-13,5668.5
Orange,先嗇宮,2022-06-13,7777.0
Orange,三重,2022-06-13,9978.0
Orange,菜寮,2022-06-13,14688.0
Orange,台北橋,2022-06-13,14072.0
Orange,大橋頭站,2022-06-13,17351.0
Orange,中山國小,2022-06-13,23501.0
Orange,行天宮,2022-06-13,39494.0
Orange,東門,2022-06-13,14664.0
Orange,蘆洲,2022-06-13,20194.0
Orange,三民高中,2022-06-13,17523.0
Orange,徐匯中學,2022-06-13,17836.0
Orange,三和國中,2022-06-13,17785.0
Orange,三重國小,2022-06-13,17172.0
Orange,迴龍,2022-06-13,15194.0
Orange,丹鳳,2022-06-13,13651.0
Orange,古亭,2022-06-14,23320.5
Orange,頂溪,2022-06-14,50561.0
Orange,永安市場,2022-06-14,37304.0
Orange,景安,2022-06-14,37546.0
Orange,南勢角,2022-06-14,29739.0
Orange,民權西路,2022-06-14,13470.5
Orange,忠孝新生,2022-06-14,18224.5
Orange,松江南京,2022-06-14,30842.0
Orange,輔大,2022-06-14,12155.0
Orange,新莊,2022-06-14,15599.0
Orange,頭前庄,2022-06-14,5770.5
Orange,先嗇宮,2022-06-14,7808.0
Orange,三重,2022-06-14,9823.0
Orange,菜寮,2022-06-14,14961.0
Orange,台北橋,2022-06-14,14443.0
Orange,大橋頭站,2022-06-14,18091.0
Orange,中山國小,2022-06-14,24703.0
Orange,行天宮,2022-06-14,39479.0
Orange,東門,2022-06-14,15774.0
Orange,蘆洲,2022-06-14,20829.0
Orange,三民高中,2022-06-14,17787.0
Orange,徐匯中學,2022-06-14,18255.0
Orange,三和國中,2022-06-14,18101.0
Orange,三重國小,2022-06-14,17576.0
Orange,迴龍,2022-06-14,15449.0
Orange,丹鳳,2022-06-14,13740.0
Orange,古亭,2022-06-15,23882.5
Orange,頂溪,2022-06-15,51016.0
Orange,永安市場,2022-06-15,37552.0
Orange,景安,2022-06-15,38343.0
Orange,南勢角,2022-06-15,29743.0
Orange,民權西路,2022-06-15,13821.5
Orange,忠孝新生,2022-06-15,18532.5
Orange,松江南京,2022-06-15,31910.5
Orange,輔大,2022-06-15,12932.0
Orange,新莊,2022-06-15,15431.0
Orange,頭前庄,2022-06-15,5861.5
Orange,先嗇宮,2022-06-15,7697.0
Orange,三重,2022-06-15,10216.0
Orange,菜寮,2022-06-15,15573.0
Orange,台北橋,2022-06-15,14897.0
Orange,大橋頭站,2022-06-15,18260.0
Orange,中山國小,2022-06-15,25308.0
Orange,行天宮,2022-06-15,40519.0
Orange,東門,2022-06-15,15545.5
Orange,蘆洲,2022-06-15,21114.0
Orange,三民高中,2022-06-15,17942.0
Orange,徐匯中學,2022-06-15,18495.0
Orange,三和國中,2022-06-15,18324.0
Orange,三重國小,2022-06-15,17846.0
Orange,迴龍,2022-06-15,15405.0
Orange,丹鳳,2022-06-15,14005.0
Orange,古亭,2022-06-16,23390.0
Orange,頂溪,2022-06-16,51275.0
Orange,永安市場,2022-06-16,37734.0
Orange,景安,2022-06-16,37861.0
Orange,南勢角,2022-06-16,29741.0
Orange,民權西路,2022-06-16,13694.0
Orange,忠孝新生,2022-06-16,18837.5
Orange,松江南京,2022-06-16,31806.5
Orange,輔大,2022-06-16,12453.0
Orange,新莊,2022-06-16,15789.0
Orange,頭前庄,2022-06-16,5771.0
Orange,先嗇宮,2022-06-16,7587.0
Orange,三重,2022-06-16,9880.0
Orange,菜寮,2022-06-16,15120.0
Orange,台北橋,2022-06-16,14868.0
Orange,大橋頭站,2022-06-16,18348.0
Orange,中山國小,2022-06-16,25181.0
Orange,行天宮,2022-06-16,40940.0
Orange,東門,2022-06-16,15804.0
Orange,蘆洲,2022-06-16,20950.0
Orange,三民高中,2022-06-16,17635.0
Orange,徐匯中學,2022-06-16,18373.0
Orange,三和國中,2022-06-16,18465.0
Orange,三重國小,2022-06-16,17654.0
Orange,迴龍,2022-06-16,15045.0
Orange,丹鳳,2022-06-16,13855.0
Orange,古亭,2022-06-17,23892.5
Orange,頂溪,2022-06-17,53108.0
Orange,永安市場,2022-06-17,38593.0
Orange,景安,2022-06-17,38835.0
Orange,南勢角,2022-06-17,30412.0
Orange,民權西路,2022-06-17,13975.0
Orange,忠孝新生,2022-06-17,20173.0
Orange,松江南京,2022-06-17,31403.0
Orange,輔大,2022-06-17,13243.0
Orange,新莊,2022-06-17,16935.0
Orange,頭前庄,2022-06-17,6069.5
Orange,先嗇宮,2022-06-17,7645.0
Orange,三重,2022-06-17,10507.0
Orange,菜寮,2022-06-17,15520.0
Orange,台北橋,2022-06-17,15382.0
Orange,大橋頭站,2022-06-17,19212.0
Orange,中山國小,2022-06-17,25637.0
Orange,行天宮,2022-06-17,42587.0
Orange,東門,2022-06-17,16356.0
Orange,蘆洲,2022-06-17,21453.0
Orange,三民高中,2022-06-17,19095.0
Orange,徐匯中學,2022-06-17,19039.0
Orange,三和國中,2022-06-17,18766.0
Orange,三重國小,2022-06-17,18025.0
Orange,迴龍,2022-06-17,15867.0
Orange,丹鳳,2022-06-17,14142.0
Orange,古亭,2022-06-18,16501.0
Orange,頂溪,2022-06-18,38632.0
Orange,永安市場,2022-06-18,26810.0
Orange,景安,2022-06-18,26795.0
Orange,南勢角,2022-06-18,22006.0
Orange,民權西路,2022-06-18,7724.0
Orange,忠孝新生,2022-06-18,15231.0
Orange,松江南京,2022-06-18,12265.0
Orange,輔大,2022-06-18,10772.0
Orange,新莊,2022-06-18,11803.0
Orange,頭前庄,2022-06-18,4214.5
Orange,先嗇宮,2022-06-18,3237.0
Orange,三重,2022-06-18,8275.0
Orange,菜寮,2022-06-18,10249.0
Orange,台北橋,2022-06-18,12370.0
Orange,大橋頭站,2022-06-18,14712.0
Orange,中山國小,2022-06-18,17142.0
Orange,行天宮,2022-06-18,24330.0
Orange,東門,2022-06-18,12539.0
Orange,蘆洲,2022-06-18,15455.0
Orange,三民高中,2022-06-18,12476.0
Orange,徐匯中學,2022-06-18,13042.0
Orange,三和國中,2022-06-18,12428.0
Orange,三重國小,2022-06-18,13319.0
Orange,迴龍,2022-06-18,9964.0
Orange,丹鳳,2022-06-18,9620.0
Orange,古亭,2022-06-19,12608.0
Orange,頂溪,2022-06-19,31542.0
Orange,永安市場,2022-06-19,21479.0
Orange,景安,2022-06-19,20840.0
Orange,南勢角,2022-06-19,17849.0
Orange,民權西路,2022-06-19,6989.0
Orange,忠孝新生,2022-06-19,12128.5
Orange,松江南京,2022-06-19,8843.0
Orange,輔大,2022-06-19,6924.0
Orange,新莊,2022-06-19,9349.0
Orange,頭前庄,2022-06-19,3379.5
Orange,先嗇宮,2022-06-19,2623.0
Orange,三重,2022-06-19,7155.0
Orange,菜寮,2022-06-19,7986.0
Orange,台北橋,2022-06-19,10003.0
Orange,大橋頭站,2022-06-19,12406.0
Orange,中山國小,2022-06-19,13556.0
Orange,行天宮,2022-06-19,18336.0
Orange,東門,2022-06-19,9735.5
Orange,蘆洲,2022-06-19,11018.0
Orange,三民高中,2022-06-19,9564.0
Orange,徐匯中學,2022-06-19,10222.0
Orange,三和國中,2022-06-19,9949.0
Orange,三重國小,2022-06-19,10646.0
Orange,迴龍,2022-06-19,7922.0
Orange,丹鳳,2022-06-19,7766.0
Orange,古亭,2022-06-20,22293.0
Orange,頂溪,2022-06-20,49799.0
Orange,永安市場,2022-06-20,36460.0
Orange,景安,2022-06-20,37586.0
Orange,南勢角,2022-06-20,29345.0
Orange,民權西路,2022-06-20,13646.0
Orange,忠孝新生,2022-06-20,17870.0
Orange,松江南京,2022-06-20,30646.5
Orange,輔大,2022-06-20,12102.0
Orange,新莊,2022-06-20,15558.0
Orange,頭前庄,2022-06-20,5755.0
Orange,先嗇宮,2022-06-20,7699.0
Orange,三重,2022-06-20,10117.0
Orange,菜寮,2022-06-20,15265.0
Orange,台北橋,2022-06-20,14800.0
Orange,大橋頭站,2022-06-20,17412.0
Orange,中山國小,2022-06-20,24302.0
Orange,行天宮,2022-06-20,39559.0
Orange,東門,2022-06-20,14765.5
Orange,蘆洲,2022-06-20,20488.0
Orange,三民高中,2022-06-20,17750.0
Orange,徐匯中學,2022-06-20,17862.0
Orange,三和國中,2022-06-20,18148.0
Orange,三重國小,2022-06-20,17405.0
Orange,迴龍,2022-06-20,15360.0
Orange,丹鳳,2022-06-20,13965.0
Orange,古亭,2022-06-21,23601.0
Orange,頂溪,2022-06-21,51422.0
Orange,永安市場,2022-06-21,38124.0
Orange,景安,2022-06-21,38328.0
Orange,南勢角,2022-06-21,30259.0
Orange,民權西路,2022-06-21,13986.5
Orange,忠孝新生,2022-06-21,18758.0
Orange,松江南京,2022-06-21,31554.0
Orange,輔大,2022-06-21,12274.0
Orange,新莊,2022-06-21,16274.0
Orange,頭前庄,2022-06-21,5834.5
Orange,先嗇宮,2022-06-21,7818.0
Orange,三重,2022-06-21,10365.0
Orange,菜寮,2022-06-21,15648.0
Orange,台北橋,2022-06-21,14716.0
Orange,大橋頭站,2022-06-21,18024.0
Orange,中山國小,2022-06-21,25278.0
Orange,行天宮,2022-06-21,40277.0
Orange,東門,2022-06-21,15627.5
Orange,蘆洲,2022-06-21,20926.0
Orange,三民高中,2022-06-21,18053.0
Orange,徐匯中學,2022-06-21,18555.0
Orange,三和國中,2022-06-21,18594.0
Orange,三重國小,2022-06-21,17827.0
Orange,迴龍,2022-06-21,15439.0
Orange,丹鳳,2022-06-21,14177.0
Orange,古亭,2022-06-22,23797.0
Orange,頂溪,2022-06-22,52252.0
Orange,永安市場,2022-06-22,38574.0
Orange,景安,2022-06-22,39106.0
Orange,南勢角,2022-06-22,30624.0
Orange,民權西路,2022-06-22,13948.0
Orange,忠孝新生,2022-06-22,19259.0
Orange,松江南京,2022-06-22,32070.0
Orange,輔大,2022-06-22,12737.0
Orange,新莊,2022-06-22,16263.0
Orange,頭前庄,2022-06-22,5942.0
Orange,先嗇宮,2022-06-22,8017.0
Orange,三重,2022-06-22,10455.0
Orange,菜寮,2022-06-22,15753.0
Orange,台北橋,2022-06-22,15008.0
Orange,大橋頭站,2022-06-22,18081.0
Orange,中山國小,2022-06-22,25589.0
Orange,行天宮,2022-06-22,41307.0
Orange,東門,2022-06-22,16055.0
Orange,蘆洲,2022-06-22,21447.0
Orange,三民高中,2022-06-22,17882.0
Orange,徐匯中學,2022-06-22,18621.0
Orange,三和國中,2022-06-22,18912.0
Orange,三重國小,2022-06-22,18458.0
Orange,迴龍,2022-06-22,15368.0
Orange,丹鳳,2022-06-22,14386.0
Orange,古亭,2022-06-23,23802.0
Orange,頂溪,2022-06-23,51768.0
Orange,永安市場,2022-06-23,37888.0
Orange,景安,2022-06-23,38596.0
Orange,南勢角,2022-06-23,30541.0
Orange,民權西路,2022-06-23,13957.5
Orange,忠孝新生,2022-06-23,19588.0
Orange,松江南京,2022-06-23,32266.5
Orange,輔大,2022-06-23,12657.0
Orange,新莊,2022-06-23,15914.0
Orange,頭前庄,2022-06-23,5987.5
Orange,先嗇宮,2022-06-23,7881.0
Orange,三重,2022-06-23,10419.0
Orange,菜寮,2022-06-23,15766.0
Orange,台北橋,2022-06-23,14947.0
Orange,大橋頭站,2022-06-23,18576.0
Orange,中山國小,2022-06-23,25560.0
Orange,行天宮,2022-06-23,41636.0
Orange,東門,2022-06-23,15993.0
Orange,蘆洲,2022-06-23,21353.0
Orange,三民高中,2022-06-23,17851.0
Orange,徐匯中學,2022-06-23,18732.0
Orange,三和國中,2022-06-23,18783.0
Orange,三重國小,2022-06-23,18014.0
Orange,迴龍,2022-06-23,15584.0
Orange,丹鳳,2022-06-23,14203.0
Orange,古亭,2022-06-24,24179.0
Orange,頂溪,2022-06-24,53265.0
Orange,永安市場,2022-06-24,39010.0
Orange,景安,2022-06-24,39831.0
Orange,南勢角,2022-06-24,31193.0
Orange,民權西路,2022-06-24,13574.5
Orange,忠孝新生,2022-06-24,21305.5
Orange,松江南京,2022-06-24,31747.5
Orange,輔大,2022-06-24,13864.0
Orange,新莊,2022-06-24,16450.0
Orange,頭前庄,2022-06-24,6205.0
Orange,先嗇宮,2022-06-24,7848.0
Orange,三重,2022-06-24,10566.0
Orange,菜寮,2022-06-24,15933.0
Orange,台北橋,2022-06-24,15788.0
Orange,大橋頭站,2022-06-24,19632.0
Orange,中山國小,2022-06-24,26330.0
Orange,行天宮,2022-06-24,43010.0
Orange,東門,2022-06-24,17082.0
Orange,蘆洲,2022-06-24,21920.0
Orange,三民高中,2022-06-24,18369.0
Orange,徐匯中學,2022-06-24,19161.0
Orange,三和國中,2022-06-24,19070.0
Orange,三重國小,2022-06-24,18643.0
Orange,迴龍,2022-06-24,16036.0
Orange,丹鳳,2022-06-24,14421.0
Orange,古亭,2022-06-25,16669.0
Orange,頂溪,2022-06-25,39388.0
Orange,永安市場,2022-06-25,27288.0
Orange,景安,2022-06-25,27732.0
Orange,南勢角,2022-06-25,22421.0
Orange,民權西路,2022-06-25,7816.0
Orange,忠孝新生,2022-06-25,16296.0
Orange,松江南京,2022-06-25,12869.5
Orange,輔大,2022-06-25,9788.0
Orange,新莊,2022-06-25,10323.0
Orange,頭前庄,2022-06-25,4235.0
Orange,先嗇宮,2022-06-25,3168.0
Orange,三重,2022-06-25,8126.0
Orange,菜寮,2022-06-25,10214.0
Orange,台北橋,2022-06-25,13080.0
Orange,大橋頭站,2022-06-25,15254.0
Orange,中山國小,2022-06-25,18011.0
Orange,行天宮,2022-06-25,24707.0
Orange,東門,2022-06-25,12775.0
Orange,蘆洲,2022-06-25,14258.0
Orange,三民高中,2022-06-25,12431.0
Orange,徐匯中學,2022-06-25,13487.0
Orange,三和國中,2022-06-25,12885.0
Orange,三重國小,2022-06-25,13763.0
Orange,迴龍,2022-06-25,10488.0
Orange,丹鳳,2022-06-25,9605.0
Orange,古亭,2022-06-26,12717.0
Orange,頂溪,2022-06-26,33516.0
Orange,永安市場,2022-06-26,22926.0
Orange,景安,2022-06-26,21952.0
Orange,南勢角,2022-06-26,19319.0
Orange,民權西路,2022-06-26,7138.0
Orange,忠孝新生,2022-06-26,13436.0
Orange,松江南京,2022-06-26,9588.0
Orange,輔大,2022-06-26,8028.0
Orange,新莊,2022-06-26,8218.0
Orange,頭前庄,2022-06-26,3642.5
Orange,先嗇宮,2022-06-26,2712.0
Orange,三重,2022-06-26,7331.0
Orange,菜寮,2022-06-26,8439.0
Orange,台北橋,2022-06-26,10910.0
Orange,大橋頭站,2022-06-26,12816.0
Orange,中山國小,2022-06-26,14214.0
Orange,行天宮,2022-06-26,20125.0
Orange,東門,2022-06-26,10211.0
Orange,蘆洲,2022-06-26,11498.0
Orange,三民高中,2022-06-26,10360.0
Orange,徐匯中學,2022-06-26,10790.0
Orange,三和國中,2022-06-26,10527.0
Orange,三重國小,2022-06-26,11334.0
Orange,迴龍,2022-06-26,8371.0
Orange,丹鳳,2022-06-26,8241.0
Orange,古亭,2022-06-27,22528.5
Orange,頂溪,2022-06-27,49925.0
Orange,永安市場,2022-06-27,37446.0
Orange,景安,2022-06-27,37640.0
Orange,南勢角,2022-06-27,29785.0
Orange,民權西路,2022-06-27,13017.0
Orange,忠孝新生,2022-06-27,18480.5
Orange,松江南京,2022-06-27,30337.0
Orange,輔大,2022-06-27,13216.0
Orange,新莊,2022-06-27,14515.0
Orange,頭前庄,2022-06-27,6044.0
Orange,先嗇宮,2022-06-27,7651.0
Orange,三重,2022-06-27,10116.0
Orange,菜寮,2022-06-27,14582.0
Orange,台北橋,2022-06-27,15058.0
Orange,大橋頭站,2022-06-27,18054.0
Orange,中山國小,2022-06-27,24475.0
Orange,行天宮,2022-06-27,40423.0
Orange,東門,2022-06-27,14213.0
Orange,蘆洲,2022-06-27,20434.0
Orange,三民高中,2022-06-27,17256.0
Orange,徐匯中學,2022-06-27,17991.0
Orange,三和國中,2022-06-27,17801.0
Orange,三重國小,2022-06-27,17247.0
Orange,迴龍,2022-06-27,15172.0
Orange,丹鳳,2022-06-27,13698.0
Orange,古亭,2022-06-28,24185.0
Orange,頂溪,2022-06-28,52500.0
Orange,永安市場,2022-06-28,39350.0
Orange,景安,2022-06-28,40139.0
Orange,南勢角,2022-06-28,31331.0
Orange,民權西路,2022-06-28,14600.0
Orange,忠孝新生,2022-06-28,19257.0
Orange,松江南京,2022-06-28,32624.5
Orange,輔大,2022-06-28,13073.0
Orange,新莊,2022-06-28,16683.0
Orange,頭前庄,2022-06-28,6210.0
Orange,先嗇宮,2022-06-28,8121.0
Orange,三重,2022-06-28,10821.0
Orange,菜寮,2022-06-28,16087.0
Orange,台北橋,2022-06-28,15308.0
Orange,大橋頭站,2022-06-28,19121.0
Orange,中山國小,2022-06-28,25969.0
Orange,行天宮,2022-06-28,42150.0
Orange,東門,2022-06-28,16410.0
Orange,蘆洲,2022-06-28,22079.0
Orange,三民高中,2022-06-28,18691.0
Orange,徐匯中學,2022-06-28,19155.0
Orange,三和國中,2022-06-28,18637.0
Orange,三重國小,2022-06-28,18196.0
Orange,迴龍,2022-06-28,16389.0
Orange,丹鳳,2022-06-28,14909.0
Orange,古亭,2022-06-29,24696.5
Orange,頂溪,2022-06-29,54700.0
Orange,永安市場,2022-06-29,40747.0
Orange,景安,2022-06-29,40755.0
Orange,南勢角,2022-06-29,31754.0
Orange,民權西路,2022-06-29,14304.5
Orange,忠孝新生,2022-06-29,19727.5
Orange,松江南京,2022-06-29,32835.5
Orange,輔大,2022-06-29,13188.0
Orange,新莊,2022-06-29,16983.0
Orange,頭前庄,2022-06-29,6475.0
Orange,先嗇宮,2022-06-29,8166.0
Orange,三重,2022-06-29,11268.0
Orange,菜寮,2022-06-29,16788.0
Orange,台北橋,2022-06-29,16318.0
Orange,大橋頭站,2022-06-29,19442.0
Orange,中山國小,2022-06-29,26481.0
Orange,行天宮,2022-06-29,44701.0
Orange,東門,2022-06-29,16623.5
Orange,蘆洲,2022-06-29,22676.0
Orange,三民高中,2022-06-29,19056.0
Orange,徐匯中學,2022-06-29,19694.0
Orange,三和國中,2022-06-29,19537.0
Orange,三重國小,2022-06-29,18901.0
Orange,迴龍,2022-06-29,16459.0
Orange,丹鳳,2022-06-29,14971.0
Orange,古亭,2022-06-30,24495.0
Orange,頂溪,2022-06-30,56804.0
Orange,永安市場,2022-06-30,41982.0
Orange,景安,2022-06-30,41710.0
Orange,南勢角,2022-06-30,32662.0
Orange,民權西路,2022-06-30,14133.0
Orange,忠孝新生,2022-06-30,20984.5
Orange,松江南京,2022-06-30,33348.0
Orange,輔大,2022-06-30,13615.0
Orange,新莊,2022-06-30,17666.0
Orange,頭前庄,2022-06-30,6676.0
Orange,先嗇宮,2022-06-30,8218.0
Orange,三重,2022-06-30,11933.0
Orange,菜寮,2022-06-30,17026.0
Orange,台北橋,2022-06-30,17572.0
Orange,大橋頭站,2022-06-30,20190.0
Orange,中山國小,2022-06-30,26463.0
Orange,行天宮,2022-06-30,43411.0
Orange,東門,2022-06-30,17276.0
Orange,蘆洲,2022-06-30,23283.0
Orange,三民高中,2022-06-30,20091.0
Orange,徐匯中學,2022-06-30,20885.0
Orange,三和國中,2022-06-30,20321.0
Orange,三重國小,2022-06-30,19732.0
Orange,迴龍,2022-06-30,16923.0
Orange,丹鳳,2022-06-30,15430.0
Orange,古亭,2022-07-01,24704.0
Orange,頂溪,2022-07-01,55032.0
Orange,永安市場,2022-07-01,41449.0
Orange,景安,2022-07-01,41628.0
Orange,南勢角,2022-07-01,32135.0
Orange,民權西路,2022-07-01,13838.0
Orange,忠孝新生,2022-07-01,21221.0
Orange,松江南京,2022-07-01,32368.0
Orange,輔大,2022-07-01,13153.0
Orange,新莊,2022-07-01,16469.0
Orange,頭前庄,2022-07-01,6370.0
Orange,先嗇宮,2022-07-01,8045.0
Orange,三重,2022-07-01,11616.0
Orange,菜寮,2022-07-01,15633.0
Orange,台北橋,2022-07-01,16358.0
Orange,大橋頭站,2022-07-01,19512.0
Orange,中山國小,2022-07-01,26543.0
Orange,行天宮,2022-07-01,44401.0
Orange,東門,2022-07-01,17100.5
Orange,蘆洲,2022-07-01,22792.0
Orange,三民高中,2022-07-01,19015.0
Orange,徐匯中學,2022-07-01,19952.0
Orange,三和國中,2022-07-01,19526.0
Orange,三重國小,2022-07-01,18838.0
Orange,迴龍,2022-07-01,16320.0
Orange,丹鳳,2022-07-01,14975.0
Orange,古亭,2022-07-02,17087.5
Orange,頂溪,2022-07-02,40277.0
Orange,永安市場,2022-07-02,28064.0
Orange,景安,2022-07-02,27389.0
Orange,南勢角,2022-07-02,23018.0
Orange,民權西路,2022-07-02,8149.5
Orange,忠孝新生,2022-07-02,16674.5
Orange,松江南京,2022-07-02,13114.0
Orange,輔大,2022-07-02,8678.0
Orange,新莊,2022-07-02,10964.0
Orange,頭前庄,2022-07-02,4573.0
Orange,先嗇宮,2022-07-02,3357.0
Orange,三重,2022-07-02,8634.0
Orange,菜寮,2022-07-02,10860.0
Orange,台北橋,2022-07-02,13144.0
Orange,大橋頭站,2022-07-02,15141.0
Orange,中山國小,2022-07-02,18132.0
Orange,行天宮,2022-07-02,25404.0
Orange,東門,2022-07-02,12825.0
Orange,蘆洲,2022-07-02,15005.0
Orange,三民高中,2022-07-02,12886.0
Orange,徐匯中學,2022-07-02,13818.0
Orange,三和國中,2022-07-02,13942.0
Orange,三重國小,2022-07-02,13825.0
Orange,迴龍,2022-07-02,10230.0
Orange,丹鳳,2022-07-02,10260.0
Orange,古亭,2022-07-03,13434.5
Orange,頂溪,2022-07-03,35129.0
Orange,永安市場,2022-07-03,23875.0
Orange,景安,2022-07-03,22634.0
Orange,南勢角,2022-07-03,20140.0
Orange,民權西路,2022-07-03,7426.0
Orange,忠孝新生,2022-07-03,14862.5
Orange,松江南京,2022-07-03,9608.0
Orange,輔大,2022-07-03,7298.0
Orange,新莊,2022-07-03,9222.0
Orange,頭前庄,2022-07-03,3948.5
Orange,先嗇宮,2022-07-03,2927.0
Orange,三重,2022-07-03,8083.0
Orange,菜寮,2022-07-03,8827.0
Orange,台北橋,2022-07-03,11189.0
Orange,大橋頭站,2022-07-03,13381.0
Orange,中山國小,2022-07-03,14694.0
Orange,行天宮,2022-07-03,20051.0
Orange,東門,2022-07-03,11512.5
Orange,蘆洲,2022-07-03,12186.0
Orange,三民高中,2022-07-03,10944.0
Orange,徐匯中學,2022-07-03,11630.0
Orange,三和國中,2022-07-03,10988.0
Orange,三重國小,2022-07-03,12220.0
Orange,迴龍,2022-07-03,8749.0
Orange,丹鳳,2022-07-03,8468.0
Orange,古亭,2022-07-04,24242.5
Orange,頂溪,2022-07-04,52377.0
Orange,永安市場,2022-07-04,38970.0
Orange,景安,2022-07-04,40000.0
Orange,南勢角,2022-07-04,30719.0
Orange,民權西路,2022-07-04,13755.5
Orange,忠孝新生,2022-07-04,19815.0
Orange,松江南京,2022-07-04,32468.5
Orange,輔大,2022-07-04,13021.0
Orange,新莊,2022-07-04,15501.0
Orange,頭前庄,2022-07-04,6003.0
Orange,先嗇宮,2022-07-04,7898.0
Orange,三重,2022-07-04,10579.0
Orange,菜寮,2022-07-04,15447.0
Orange,台北橋,2022-07-04,15212.0
Orange,大橋頭站,2022-07-04,17642.0
Orange,中山國小,2022-07-04,25265.0
Orange,行天宮,2022-07-04,42893.0
Orange,東門,2022-07-04,15006.5
Orange,蘆洲,2022-07-04,22281.0
Orange,三民高中,2022-07-04,18483.0
Orange,徐匯中學,2022-07-04,19236.0
Orange,三和國中,2022-07-04,18632.0
Orange,三重國小,2022-07-04,18521.0
Orange,迴龍,2022-07-04,15810.0
Orange,丹鳳,2022-07-04,14309.0
Orange,古亭,2022-07-05,25439.5
Orange,頂溪,2022-07-05,53842.0
Orange,永安市場,2022-07-05,40300.0
Orange,景安,2022-07-05,40142.0
Orange,南勢角,2022-07-05,31499.0
Orange,民權西路,2022-07-05,13923.0
Orange,忠孝新生,2022-07-05,20438.0
Orange,松江南京,2022-07-05,33317.5
Orange,輔大,2022-07-05,13132.0
Orange,新莊,2022-07-05,17016.0
Orange,頭前庄,2022-07-05,6148.5
Orange,先嗇宮,2022-07-05,8301.0
Orange,三重,2022-07-05,10970.0
Orange,菜寮,2022-07-05,16040.0
Orange,台北橋,2022-07-05,15965.0
Orange,大橋頭站,2022-07-05,18059.0
Orange,中山國小,2022-07-05,26247.0
Orange,行天宮,2022-07-05,44026.0
Orange,東門,2022-07-05,16104.0
Orange,蘆洲,2022-07-05,22517.0
Orange,三民高中,2022-07-05,18452.0
Orange,徐匯中學,2022-07-05,19451.0
Orange,三和國中,2022-07-05,19039.0
Orange,三重國小,2022-07-05,18891.0
Orange,迴龍,2022-07-05,16103.0
Orange,丹鳳,2022-07-05,14505.0
Orange,古亭,2022-07-06,25967.5
Orange,頂溪,2022-07-06,54910.0
Orange,永安市場,2022-07-06,41220.0
Orange,景安,2022-07-06,41562.0
Orange,南勢角,2022-07-06,32356.0
Orange,民權西路,2022-07-06,14445.0
Orange,忠孝新生,2022-07-06,21026.0
Orange,松江南京,2022-07-06,33714.0
Orange,輔大,2022-07-06,13344.0
Orange,新莊,2022-07-06,16463.0
Orange,頭前庄,2022-07-06,6364.5
Orange,先嗇宮,2022-07-06,8309.0
Orange,三重,2022-07-06,11354.0
Orange,菜寮,2022-07-06,17119.0
Orange,台北橋,2022-07-06,16421.0
Orange,大橋頭站,2022-07-06,18616.0
Orange,中山國小,2022-07-06,26609.0
Orange,行天宮,2022-07-06,45470.0
Orange,東門,2022-07-06,16453.5
Orange,蘆洲,2022-07-06,22975.0
Orange,三民高中,2022-07-06,19213.0
Orange,徐匯中學,2022-07-06,20278.0
Orange,三和國中,2022-07-06,19590.0
Orange,三重國小,2022-07-06,19183.0
Orange,迴龍,2022-07-06,16531.0
Orange,丹鳳,2022-07-06,15092.0
Orange,古亭,2022-07-07,25524.5
Orange,頂溪,2022-07-07,54729.0
Orange,永安市場,2022-07-07,40881.0
Orange,景安,2022-07-07,40956.0
Orange,南勢角,2022-07-07,31640.0
Orange,民權西路,2022-07-07,14340.0
Orange,忠孝新生,2022-07-07,21036.5
Orange,松江南京,2022-07-07,33689.0
Orange,輔大,2022-07-07,13301.0
Orange,新莊,2022-07-07,16528.0
Orange,頭前庄,2022-07-07,6453.0
Orange,先嗇宮,2022-07-07,8359.0
Orange,三重,2022-07-07,11183.0
Orange,菜寮,2022-07-07,16089.0
Orange,台北橋,2022-07-07,16256.0
Orange,大橋頭站,2022-07-07,18693.0
Orange,中山國小,2022-07-07,26707.0
Orange,行天宮,2022-07-07,44113.0
Orange,東門,2022-07-07,16878.5
Orange,蘆洲,2022-07-07,22667.0
Orange,三民高中,2022-07-07,18904.0
Orange,徐匯中學,2022-07-07,19997.0
Orange,三和國中,2022-07-07,19600.0
Orange,三重國小,2022-07-07,19150.0
Orange,迴龍,2022-07-07,16410.0
Orange,丹鳳,2022-07-07,15071.0
Orange,古亭,2022-07-08,26146.5
Orange,頂溪,2022-07-08,57201.0
Orange,永安市場,2022-07-08,42175.0
Orange,景安,2022-07-08,41886.0
Orange,南勢角,2022-07-08,32825.0
Orange,民權西路,2022-07-08,14151.0
Orange,忠孝新生,2022-07-08,21996.0
Orange,松江南京,2022-07-08,33934.0
Orange,輔大,2022-07-08,12825.0
Orange,新莊,2022-07-08,17137.0
Orange,頭前庄,2022-07-08,6705.5
Orange,先嗇宮,2022-07-08,8168.0
Orange,三重,2022-07-08,11469.0
Orange,菜寮,2022-07-08,16314.0
Orange,台北橋,2022-07-08,17015.0
Orange,大橋頭站,2022-07-08,20259.0
Orange,中山國小,2022-07-08,27832.0
Orange,行天宮,2022-07-08,45684.0
Orange,東門,2022-07-08,17491.5
Orange,蘆洲,2022-07-08,23886.0
Orange,三民高中,2022-07-08,19655.0
Orange,徐匯中學,2022-07-08,20416.0
Orange,三和國中,2022-07-08,20166.0
Orange,三重國小,2022-07-08,19663.0
Orange,迴龍,2022-07-08,16805.0
Orange,丹鳳,2022-07-08,15404.0
Orange,古亭,2022-07-09,18035.0
Orange,頂溪,2022-07-09,43366.0
Orange,永安市場,2022-07-09,30705.0
Orange,景安,2022-07-09,30014.0
Orange,南勢角,2022-07-09,24623.0
Orange,民權西路,2022-07-09,8571.0
Orange,忠孝新生,2022-07-09,18383.0
Orange,松江南京,2022-07-09,13948.5
Orange,輔大,2022-07-09,8957.0
Orange,新莊,2022-07-09,12366.0
Orange,頭前庄,2022-07-09,4814.0
Orange,先嗇宮,2022-07-09,3572.0
Orange,三重,2022-07-09,9858.0
Orange,菜寮,2022-07-09,11423.0
Orange,台北橋,2022-07-09,14341.0
Orange,大橋頭站,2022-07-09,16399.0
Orange,中山國小,2022-07-09,19478.0
Orange,行天宮,2022-07-09,27645.0
Orange,東門,2022-07-09,13842.5
Orange,蘆洲,2022-07-09,16221.0
Orange,三民高中,2022-07-09,14297.0
Orange,徐匯中學,2022-07-09,14899.0
Orange,三和國中,2022-07-09,14486.0
Orange,三重國小,2022-07-09,15079.0
Orange,迴龍,2022-07-09,11509.0
Orange,丹鳳,2022-07-09,10908.0
Orange,古亭,2022-07-10,13926.0
Orange,頂溪,2022-07-10,36261.0
Orange,永安市場,2022-07-10,25118.0
Orange,景安,2022-07-10,23990.0
Orange,南勢角,2022-07-10,21148.0
Orange,民權西路,2022-07-10,7844.5
Orange,忠孝新生,2022-07-10,14531.0
Orange,松江南京,2022-07-10,10739.5
Orange,輔大,2022-07-10,7615.0
Orange,新莊,2022-07-10,9677.0
Orange,頭前庄,2022-07-10,4005.0
Orange,先嗇宮,2022-07-10,3039.0
Orange,三重,2022-07-10,9348.0
Orange,菜寮,2022-07-10,9423.0
Orange,台北橋,2022-07-10,11697.0
Orange,大橋頭站,2022-07-10,13917.0
Orange,中山國小,2022-07-10,15350.0
Orange,行天宮,2022-07-10,21796.0
Orange,東門,2022-07-10,11193.5
Orange,蘆洲,2022-07-10,13281.0
Orange,三民高中,2022-07-10,11558.0
Orange,徐匯中學,2022-07-10,12423.0
Orange,三和國中,2022-07-10,11525.0
Orange,三重國小,2022-07-10,12453.0
Orange,迴龍,2022-07-10,9893.0
Orange,丹鳳,2022-07-10,8970.0
Orange,古亭,2022-07-11,24608.0
Orange,頂溪,2022-07-11,54008.0
Orange,永安市場,2022-07-11,39308.0
Orange,景安,2022-07-11,40860.0
Orange,南勢角,2022-07-11,31468.0
Orange,民權西路,2022-07-11,13672.5
Orange,忠孝新生,2022-07-11,20252.5
Orange,松江南京,2022-07-11,33157.5
Orange,輔大,2022-07-11,13346.0
Orange,新莊,2022-07-11,15727.0
Orange,頭前庄,2022-07-11,6129.0
Orange,先嗇宮,2022-07-11,8185.0
Orange,三重,2022-07-11,11055.0
Orange,菜寮,2022-07-11,15799.0
Orange,台北橋,2022-07-11,15644.0
Orange,大橋頭站,2022-07-11,18352.0
Orange,中山國小,2022-07-11,25636.0
Orange,行天宮,2022-07-11,43482.0
Orange,東門,2022-07-11,15465.0
Orange,蘆洲,2022-07-11,22353.0
Orange,三民高中,2022-07-11,18472.0
Orange,徐匯中學,2022-07-11,19416.0
Orange,三和國中,2022-07-11,19173.0
Orange,三重國小,2022-07-11,18424.0
Orange,迴龍,2022-07-11,16085.0
Orange,丹鳳,2022-07-11,14981.0
Orange,古亭,2022-07-12,26130.5
Orange,頂溪,2022-07-12,54843.0
Orange,永安市場,2022-07-12,41486.0
Orange,景安,2022-07-12,42238.0
Orange,南勢角,2022-07-12,32445.0
Orange,民權西路,2022-07-12,14279.0
Orange,忠孝新生,2022-07-12,21394.5
Orange,松江南京,2022-07-12,33620.5
Orange,輔大,2022-07-12,13156.0
Orange,新莊,2022-07-12,17870.0
Orange,頭前庄,2022-07-12,6450.0
Orange,先嗇宮,2022-07-12,8297.0
Orange,三重,2022-07-12,11572.0
Orange,菜寮,2022-07-12,16174.0
Orange,台北橋,2022-07-12,16254.0
Orange,大橋頭站,2022-07-12,19325.0
Orange,中山國小,2022-07-12,26387.0
Orange,行天宮,2022-07-12,44820.0
Orange,東門,2022-07-12,16856.0
Orange,蘆洲,2022-07-12,23000.0
Orange,三民高中,2022-07-12,18897.0
Orange,徐匯中學,2022-07-12,20133.0
Orange,三和國中,2022-07-12,19333.0
Orange,三重國小,2022-07-12,19123.0
Orange,迴龍,2022-07-12,16696.0
Orange,丹鳳,2022-07-12,15081.0
Orange,古亭,2022-07-13,26289.5
Orange,頂溪,2022-07-13,55647.0
Orange,永安市場,2022-07-13,41397.0
Orange,景安,2022-07-13,42098.0
Orange,南勢角,2022-07-13,32674.0
Orange,民權西路,2022-07-13,14381.0
Orange,忠孝新生,2022-07-13,20734.5
Orange,松江南京,2022-07-13,33792.5
Orange,輔大,2022-07-13,13449.0
Orange,新莊,2022-07-13,16583.0
Orange,頭前庄,2022-07-13,6415.5
Orange,先嗇宮,2022-07-13,8248.0
Orange,三重,2022-07-13,11630.0
Orange,菜寮,2022-07-13,16569.0
Orange,台北橋,2022-07-13,15977.0
Orange,大橋頭站,2022-07-13,19208.0
Orange,中山國小,2022-07-13,26556.0
Orange,行天宮,2022-07-13,46591.0
Orange,東門,2022-07-13,16361.0
Orange,蘆洲,2022-07-13,23026.0
Orange,三民高中,2022-07-13,19280.0
Orange,徐匯中學,2022-07-13,20043.0
Orange,三和國中,2022-07-13,19696.0
Orange,三重國小,2022-07-13,18887.0
Orange,迴龍,2022-07-13,16492.0
Orange,丹鳳,2022-07-13,15092.0
Orange,古亭,2022-07-14,26374.5
Orange,頂溪,2022-07-14,55731.0
Orange,永安市場,2022-07-14,41375.0
Orange,景安,2022-07-14,42075.0
Orange,南勢角,2022-07-14,31979.0
Orange,民權西路,2022-07-14,14433.0
Orange,忠孝新生,2022-07-14,21282.5
Orange,松江南京,2022-07-14,33759.0
Orange,輔大,2022-07-14,13494.0
Orange,新莊,2022-07-14,16774.0
Orange,頭前庄,2022-07-14,6260.5
Orange,先嗇宮,2022-07-14,8309.0
Orange,三重,2022-07-14,11490.0
Orange,菜寮,2022-07-14,16177.0
Orange,台北橋,2022-07-14,15807.0
Orange,大橋頭站,2022-07-14,18999.0
Orange,中山國小,2022-07-14,26529.0
Orange,行天宮,2022-07-14,45665.0
Orange,東門,2022-07-14,16783.5
Orange,蘆洲,2022-07-14,23555.0
Orange,三民高中,2022-07-14,19085.0
Orange,徐匯中學,2022-07-14,20375.0
Orange,三和國中,2022-07-14,19874.0
Orange,三重國小,2022-07-14,18935.0
Orange,迴龍,2022-07-14,16745.0
Orange,丹鳳,2022-07-14,15255.0
Orange,古亭,2022-07-15,26709.5
Orange,頂溪,2022-07-15,57408.0
Orange,永安市場,2022-07-15,42657.0
Orange,景安,2022-07-15,43441.0
Orange,南勢角,2022-07-15,33506.0
Orange,民權西路,2022-07-15,14365.0
Orange,忠孝新生,2022-07-15,22267.0
Orange,松江南京,2022-07-15,34440.0
Orange,輔大,2022-07-15,13203.0
Orange,新莊,2022-07-15,17950.0
Orange,頭前庄,2022-07-15,6636.0
Orange,先嗇宮,2022-07-15,8522.0
Orange,三重,2022-07-15,12223.0
Orange,菜寮,2022-07-15,16594.0
Orange,台北橋,2022-07-15,17088.0
Orange,大橋頭站,2022-07-15,20357.0
Orange,中山國小,2022-07-15,27782.0
Orange,行天宮,2022-07-15,46863.0
Orange,東門,2022-07-15,17555.5
Orange,蘆洲,2022-07-15,23725.0
Orange,三民高中,2022-07-15,19710.0
Orange,徐匯中學,2022-07-15,20978.0
Orange,三和國中,2022-07-15,20194.0
Orange,三重國小,2022-07-15,19755.0
Orange,迴龍,2022-07-15,16940.0
Orange,丹鳳,2022-07-15,15666.0
Orange,古亭,2022-07-16,18798.5
Orange,頂溪,2022-07-16,45495.0
Orange,永安市場,2022-07-16,31602.0
Orange,景安,2022-07-16,30126.0
Orange,南勢角,2022-07-16,25126.0
Orange,民權西路,2022-07-16,9015.5
Orange,忠孝新生,2022-07-16,19828.0
Orange,松江南京,2022-07-16,14824.0
Orange,輔大,2022-07-16,9584.0
Orange,新莊,2022-07-16,12927.0
Orange,頭前庄,2022-07-16,5252.5
Orange,先嗇宮,2022-07-16,3678.0
Orange,三重,2022-07-16,10193.0
Orange,菜寮,2022-07-16,11675.0
Orange,台北橋,2022-07-16,14927.0
Orange,大橋頭站,2022-07-16,16897.0
Orange,中山國小,2022-07-16,20060.0
Orange,行天宮,2022-07-16,28963.0
Orange,東門,2022-07-16,14407.5
Orange,蘆洲,2022-07-16,17031.0
Orange,三民高中,2022-07-16,15177.0
Orange,徐匯中學,2022-07-16,15825.0
Orange,三和國中,2022-07-16,14898.0
Orange,三重國小,2022-07-16,15300.0
Orange,迴龍,2022-07-16,11861.0
Orange,丹鳳,2022-07-16,11651.0
Orange,古亭,2022-07-17,14136.5
Orange,頂溪,2022-07-17,37985.0
Orange,永安市場,2022-07-17,26055.0
Orange,景安,2022-07-17,25018.0
Orange,南勢角,2022-07-17,21328.0
Orange,民權西路,2022-07-17,8564.5
Orange,忠孝新生,2022-07-17,15820.0
Orange,松江南京,2022-07-17,10973.5
Orange,輔大,2022-07-17,8290.0
Orange,新莊,2022-07-17,11336.0
Orange,頭前庄,2022-07-17,4156.0
Orange,先嗇宮,2022-07-17,2991.0
Orange,三重,2022-07-17,8602.0
Orange,菜寮,2022-07-17,9763.0
Orange,台北橋,2022-07-17,12082.0
Orange,大橋頭站,2022-07-17,14309.0
Orange,中山國小,2022-07-17,16229.0
Orange,行天宮,2022-07-17,23577.0
Orange,東門,2022-07-17,11182.0
Orange,蘆洲,2022-07-17,13732.0
Orange,三民高中,2022-07-17,12072.0
Orange,徐匯中學,2022-07-17,12838.0
Orange,三和國中,2022-07-17,12273.0
Orange,三重國小,2022-07-17,12832.0
Orange,迴龍,2022-07-17,9920.0
Orange,丹鳳,2022-07-17,9411.0
Orange,古亭,2022-07-18,25244.5
Orange,頂溪,2022-07-18,54762.0
Orange,永安市場,2022-07-18,39717.0
Orange,景安,2022-07-18,40946.0
Orange,南勢角,2022-07-18,31653.0
Orange,民權西路,2022-07-18,13900.5
Orange,忠孝新生,2022-07-18,20074.5
Orange,松江南京,2022-07-18,33086.5
Orange,輔大,2022-07-18,15637.0
Orange,新莊,2022-07-18,16768.0
Orange,頭前庄,2022-07-18,6530.0
Orange,先嗇宮,2022-07-18,8299.0
Orange,三重,2022-07-18,11204.0
Orange,菜寮,2022-07-18,15711.0
Orange,台北橋,2022-07-18,15759.0
Orange,大橋頭站,2022-07-18,18890.0
Orange,中山國小,2022-07-18,25923.0
Orange,行天宮,2022-07-18,44918.0
Orange,東門,2022-07-18,15883.0
Orange,蘆洲,2022-07-18,22786.0
Orange,三民高中,2022-07-18,19070.0
Orange,徐匯中學,2022-07-18,20114.0
Orange,三和國中,2022-07-18,19594.0
Orange,三重國小,2022-07-18,18514.0
Orange,迴龍,2022-07-18,16087.0
Orange,丹鳳,2022-07-18,15094.0
Orange,古亭,2022-07-19,26443.0
Orange,頂溪,2022-07-19,55430.0
Orange,永安市場,2022-07-19,41438.0
Orange,景安,2022-07-19,41961.0
Orange,南勢角,2022-07-19,32112.0
Orange,民權西路,2022-07-19,14141.5
Orange,忠孝新生,2022-07-19,20863.0
Orange,松江南京,2022-07-19,34154.0
Orange,輔大,2022-07-19,13508.0
Orange,新莊,2022-07-19,16573.0
Orange,頭前庄,2022-07-19,6515.0
Orange,先嗇宮,2022-07-19,8650.0
Orange,三重,2022-07-19,11425.0
Orange,菜寮,2022-07-19,16165.0
Orange,台北橋,2022-07-19,16113.0
Orange,大橋頭站,2022-07-19,18785.0
Orange,中山國小,2022-07-19,26429.0
Orange,行天宮,2022-07-19,46101.0
Orange,東門,2022-07-19,16720.5
Orange,蘆洲,2022-07-19,22972.0
Orange,三民高中,2022-07-19,19645.0
Orange,徐匯中學,2022-07-19,20517.0
Orange,三和國中,2022-07-19,19962.0
Orange,三重國小,2022-07-19,19330.0
Orange,迴龍,2022-07-19,16521.0
Orange,丹鳳,2022-07-19,15267.0
Orange,古亭,2022-07-20,27034.5
Orange,頂溪,2022-07-20,55978.0
Orange,永安市場,2022-07-20,41947.0
Orange,景安,2022-07-20,42449.0
Orange,南勢角,2022-07-20,32683.0
Orange,民權西路,2022-07-20,14285.5
Orange,忠孝新生,2022-07-20,21108.0
Orange,松江南京,2022-07-20,35094.0
Orange,輔大,2022-07-20,13451.0
Orange,新莊,2022-07-20,16727.0
Orange,頭前庄,2022-07-20,6504.0
Orange,先嗇宮,2022-07-20,8621.0
Orange,三重,2022-07-20,11474.0
Orange,菜寮,2022-07-20,16614.0
Orange,台北橋,2022-07-20,16410.0
Orange,大橋頭站,2022-07-20,19125.0
Orange,中山國小,2022-07-20,26832.0
Orange,行天宮,2022-07-20,47270.0
Orange,東門,2022-07-20,17365.0
Orange,蘆洲,2022-07-20,23471.0
Orange,三民高中,2022-07-20,19878.0
Orange,徐匯中學,2022-07-20,20696.0
Orange,三和國中,2022-07-20,20002.0
Orange,三重國小,2022-07-20,19510.0
Orange,迴龍,2022-07-20,16932.0
Orange,丹鳳,2022-07-20,15765.0
Orange,古亭,2022-07-21,26717.0
Orange,頂溪,2022-07-21,56733.0
Orange,永安市場,2022-07-21,42113.0
Orange,景安,2022-07-21,42687.0
Orange,南勢角,2022-07-21,32692.0
Orange,民權西路,2022-07-21,14586.0
Orange,忠孝新生,2022-07-21,21874.5
Orange,松江南京,2022-07-21,35240.5
Orange,輔大,2022-07-21,13531.0
Orange,新莊,2022-07-21,17083.0
Orange,頭前庄,2022-07-21,6709.5
Orange,先嗇宮,2022-07-21,8626.0
Orange,三重,2022-07-21,11753.0
Orange,菜寮,2022-07-21,16817.0
Orange,台北橋,2022-07-21,16407.0
Orange,大橋頭站,2022-07-21,19747.0
Orange,中山國小,2022-07-21,27213.0
Orange,行天宮,2022-07-21,48721.0
Orange,東門,2022-07-21,17347.0
Orange,蘆洲,2022-07-21,23902.0
Orange,三民高中,2022-07-21,20654.0
Orange,徐匯中學,2022-07-21,21056.0
Orange,三和國中,2022-07-21,20357.0
Orange,三重國小,2022-07-21,19310.0
Orange,迴龍,2022-07-21,17003.0
Orange,丹鳳,2022-07-21,15770.0
Orange,古亭,2022-07-22,27072.5
Orange,頂溪,2022-07-22,58618.0
Orange,永安市場,2022-07-22,43092.0
Orange,景安,2022-07-22,43422.0
Orange,南勢角,2022-07-22,33348.0
Orange,民權西路,2022-07-22,14361.0
Orange,忠孝新生,2022-07-22,22284.5
Orange,松江南京,2022-07-22,34516.0
Orange,輔大,2022-07-22,13433.0
Orange,新莊,2022-07-22,17535.0
Orange,頭前庄,2022-07-22,6699.0
Orange,先嗇宮,2022-07-22,8745.0
Orange,三重,2022-07-22,12268.0
Orange,菜寮,2022-07-22,16592.0
Orange,台北橋,2022-07-22,17026.0
Orange,大橋頭站,2022-07-22,20757.0
Orange,中山國小,2022-07-22,28094.0
Orange,行天宮,2022-07-22,57220.0
Orange,東門,2022-07-22,18003.0
Orange,蘆洲,2022-07-22,24029.0
Orange,三民高中,2022-07-22,20078.0
Orange,徐匯中學,2022-07-22,21459.0
Orange,三和國中,2022-07-22,20336.0
Orange,三重國小,2022-07-22,19679.0
Orange,迴龍,2022-07-22,16904.0
Orange,丹鳳,2022-07-22,15741.0
Orange,古亭,2022-07-23,18700.5
Orange,頂溪,2022-07-23,43996.0
Orange,永安市場,2022-07-23,30539.0
Orange,景安,2022-07-23,30186.0
Orange,南勢角,2022-07-23,25392.0
Orange,民權西路,2022-07-23,8653.5
Orange,忠孝新生,2022-07-23,19286.0
Orange,松江南京,2022-07-23,14199.0
Orange,輔大,2022-07-23,9701.0
Orange,新莊,2022-07-23,11962.0
Orange,頭前庄,2022-07-23,4751.5
Orange,先嗇宮,2022-07-23,3858.0
Orange,三重,2022-07-23,9264.0
Orange,菜寮,2022-07-23,11499.0
Orange,台北橋,2022-07-23,14211.0
Orange,大橋頭站,2022-07-23,17609.0
Orange,中山國小,2022-07-23,20167.0
Orange,行天宮,2022-07-23,27901.0
Orange,東門,2022-07-23,14381.0
Orange,蘆洲,2022-07-23,16406.0
Orange,三民高中,2022-07-23,14274.0
Orange,徐匯中學,2022-07-23,15466.0
Orange,三和國中,2022-07-23,14439.0
Orange,三重國小,2022-07-23,15090.0
Orange,迴龍,2022-07-23,11435.0
Orange,丹鳳,2022-07-23,11121.0
Orange,古亭,2022-07-24,14407.0
Orange,頂溪,2022-07-24,36113.0
Orange,永安市場,2022-07-24,25433.0
Orange,景安,2022-07-24,24154.0
Orange,南勢角,2022-07-24,20880.0
Orange,民權西路,2022-07-24,7723.0
Orange,忠孝新生,2022-07-24,14772.0
Orange,松江南京,2022-07-24,10595.5
Orange,輔大,2022-07-24,7826.0
Orange,新莊,2022-07-24,9491.0
Orange,頭前庄,2022-07-24,4043.0
Orange,先嗇宮,2022-07-24,2825.0
Orange,三重,2022-07-24,8443.0
Orange,菜寮,2022-07-24,8961.0
Orange,台北橋,2022-07-24,11667.0
Orange,大橋頭站,2022-07-24,13918.0
Orange,中山國小,2022-07-24,15804.0
Orange,行天宮,2022-07-24,22547.0
Orange,東門,2022-07-24,10924.5
Orange,蘆洲,2022-07-24,13112.0
Orange,三民高中,2022-07-24,11619.0
Orange,徐匯中學,2022-07-24,12758.0
Orange,三和國中,2022-07-24,11571.0
Orange,三重國小,2022-07-24,11905.0
Orange,迴龍,2022-07-24,9260.0
Orange,丹鳳,2022-07-24,8845.0
Orange,古亭,2022-07-25,24433.0
Orange,頂溪,2022-07-25,53490.0
Orange,永安市場,2022-07-25,39528.0
Orange,景安,2022-07-25,40941.0
Orange,南勢角,2022-07-25,31710.0
Orange,民權西路,2022-07-25,14033.5
Orange,忠孝新生,2022-07-25,20342.0
Orange,松江南京,2022-07-25,32454.0
Orange,輔大,2022-07-25,13325.0
Orange,新莊,2022-07-25,16382.0
Orange,頭前庄,2022-07-25,6426.5
Orange,先嗇宮,2022-07-25,8309.0
Orange,三重,2022-07-25,11161.0
Orange,菜寮,2022-07-25,15867.0
Orange,台北橋,2022-07-25,15749.0
Orange,大橋頭站,2022-07-25,18290.0
Orange,中山國小,2022-07-25,25575.0
Orange,行天宮,2022-07-25,45034.0
Orange,東門,2022-07-25,15588.0
Orange,蘆洲,2022-07-25,22430.0
Orange,三民高中,2022-07-25,19132.0
Orange,徐匯中學,2022-07-25,19959.0
Orange,三和國中,2022-07-25,19226.0
Orange,三重國小,2022-07-25,18679.0
Orange,迴龍,2022-07-25,16274.0
Orange,丹鳳,2022-07-25,14883.0
Orange,古亭,2022-07-26,26379.5
Orange,頂溪,2022-07-26,55976.0
Orange,永安市場,2022-07-26,41542.0
Orange,景安,2022-07-26,42182.0
Orange,南勢角,2022-07-26,32920.0
Orange,民權西路,2022-07-26,14474.0
Orange,忠孝新生,2022-07-26,21083.5
Orange,松江南京,2022-07-26,34484.0
Orange,輔大,2022-07-26,13680.0
Orange,新莊,2022-07-26,17039.0
Orange,頭前庄,2022-07-26,6450.0
Orange,先嗇宮,2022-07-26,8608.0
Orange,三重,2022-07-26,11707.0
Orange,菜寮,2022-07-26,16380.0
Orange,台北橋,2022-07-26,16508.0
Orange,大橋頭站,2022-07-26,19060.0
Orange,中山國小,2022-07-26,26808.0
Orange,行天宮,2022-07-26,45528.0
Orange,東門,2022-07-26,17090.0
Orange,蘆洲,2022-07-26,23493.0
Orange,三民高中,2022-07-26,19516.0
Orange,徐匯中學,2022-07-26,20660.0
Orange,三和國中,2022-07-26,19838.0
Orange,三重國小,2022-07-26,19087.0
Orange,迴龍,2022-07-26,16767.0
Orange,丹鳳,2022-07-26,15193.0
Orange,古亭,2022-07-27,26763.5
Orange,頂溪,2022-07-27,57083.0
Orange,永安市場,2022-07-27,42096.0
Orange,景安,2022-07-27,42860.0
Orange,南勢角,2022-07-27,33159.0
Orange,民權西路,2022-07-27,14765.0
Orange,忠孝新生,2022-07-27,21515.5
Orange,松江南京,2022-07-27,34906.0
Orange,輔大,2022-07-27,13702.0
Orange,新莊,2022-07-27,17355.0
Orange,頭前庄,2022-07-27,6500.5
Orange,先嗇宮,2022-07-27,8683.0
Orange,三重,2022-07-27,11652.0
Orange,菜寮,2022-07-27,17401.0
Orange,台北橋,2022-07-27,16531.0
Orange,大橋頭站,2022-07-27,19209.0
Orange,中山國小,2022-07-27,27750.0
Orange,行天宮,2022-07-27,47745.0
Orange,東門,2022-07-27,17355.5
Orange,蘆洲,2022-07-27,23544.0
Orange,三民高中,2022-07-27,20084.0
Orange,徐匯中學,2022-07-27,21098.0
Orange,三和國中,2022-07-27,20506.0
Orange,三重國小,2022-07-27,19303.0
Orange,迴龍,2022-07-27,17186.0
Orange,丹鳳,2022-07-27,15543.0
Orange,古亭,2022-07-28,26451.0
Orange,頂溪,2022-07-28,57309.0
Orange,永安市場,2022-07-28,42710.0
Orange,景安,2022-07-28,42598.0
Orange,南勢角,2022-07-28,33371.0
Orange,民權西路,2022-07-28,14520.5
Orange,忠孝新生,2022-07-28,21699.5
Orange,松江南京,2022-07-28,34959.5
Orange,輔大,2022-07-28,13768.0
Orange,新莊,2022-07-28,17217.0
Orange,頭前庄,2022-07-28,6803.5
Orange,先嗇宮,2022-07-28,8671.0
Orange,三重,2022-07-28,12026.0
Orange,菜寮,2022-07-28,16750.0
Orange,台北橋,2022-07-28,16618.0
Orange,大橋頭站,2022-07-28,19716.0
Orange,中山國小,2022-07-28,27142.0
Orange,行天宮,2022-07-28,46959.0
Orange,東門,2022-07-28,17450.5
Orange,蘆洲,2022-07-28,24385.0
Orange,三民高中,2022-07-28,20226.0
Orange,徐匯中學,2022-07-28,21143.0
Orange,三和國中,2022-07-28,20608.0
Orange,三重國小,2022-07-28,19584.0
Orange,迴龍,2022-07-28,17166.0
Orange,丹鳳,2022-07-28,15705.0
Orange,古亭,2022-07-29,27249.0
Orange,頂溪,2022-07-29,59121.0
Orange,永安市場,2022-07-29,43912.0
Orange,景安,2022-07-29,43922.0
Orange,南勢角,2022-07-29,34193.0
Orange,民權西路,2022-07-29,14995.0
Orange,忠孝新生,2022-07-29,22624.5
Orange,松江南京,2022-07-29,35544.0
Orange,輔大,2022-07-29,13510.0
Orange,新莊,2022-07-29,18701.0
Orange,頭前庄,2022-07-29,6766.5
Orange,先嗇宮,2022-07-29,8870.0
Orange,三重,2022-07-29,12242.0
Orange,菜寮,2022-07-29,16954.0
Orange,台北橋,2022-07-29,17943.0
Orange,大橋頭站,2022-07-29,21040.0
Orange,中山國小,2022-07-29,28793.0
Orange,行天宮,2022-07-29,47717.0
Orange,東門,2022-07-29,18037.5
Orange,蘆洲,2022-07-29,24517.0
Orange,三民高中,2022-07-29,20888.0
Orange,徐匯中學,2022-07-29,21958.0
Orange,三和國中,2022-07-29,21023.0
Orange,三重國小,2022-07-29,20127.0
Orange,迴龍,2022-07-29,17451.0
Orange,丹鳳,2022-07-29,16034.0
Orange,古亭,2022-07-30,19113.0
Orange,頂溪,2022-07-30,47003.0
Orange,永安市場,2022-07-30,32781.0
Orange,景安,2022-07-30,32182.0
Orange,南勢角,2022-07-30,26654.0
Orange,民權西路,2022-07-30,9460.5
Orange,忠孝新生,2022-07-30,19075.5
Orange,松江南京,2022-07-30,14976.0
Orange,輔大,2022-07-30,9946.0
Orange,新莊,2022-07-30,13433.0
Orange,頭前庄,2022-07-30,5032.0
Orange,先嗇宮,2022-07-30,3971.0
Orange,三重,2022-07-30,10973.0
Orange,菜寮,2022-07-30,13548.0
Orange,台北橋,2022-07-30,20568.0
Orange,大橋頭站,2022-07-30,28706.0
Orange,中山國小,2022-07-30,21391.0
Orange,行天宮,2022-07-30,27907.0
Orange,東門,2022-07-30,15059.5
Orange,蘆洲,2022-07-30,17967.0
Orange,三民高中,2022-07-30,15197.0
Orange,徐匯中學,2022-07-30,16575.0
Orange,三和國中,2022-07-30,15347.0
Orange,三重國小,2022-07-30,16269.0
Orange,迴龍,2022-07-30,12363.0
Orange,丹鳳,2022-07-30,11994.0
Orange,古亭,2022-07-31,14848.0
Orange,頂溪,2022-07-31,38312.0
Orange,永安市場,2022-07-31,26786.0
Orange,景安,2022-07-31,24993.0
Orange,南勢角,2022-07-31,22022.0
Orange,民權西路,2022-07-31,8068.0
Orange,忠孝新生,2022-07-31,15470.5
Orange,松江南京,2022-07-31,11122.5
Orange,輔大,2022-07-31,8438.0
Orange,新莊,2022-07-31,10225.0
Orange,頭前庄,2022-07-31,4045.0
Orange,先嗇宮,2022-07-31,3122.0
Orange,三重,2022-07-31,8470.0
Orange,菜寮,2022-07-31,10801.0
Orange,台北橋,2022-07-31,12398.0
Orange,大橋頭站,2022-07-31,14691.0
Orange,中山國小,2022-07-31,16347.0
Orange,行天宮,2022-07-31,21625.0
Orange,東門,2022-07-31,12075.0
Orange,蘆洲,2022-07-31,14094.0
Orange,三民高中,2022-07-31,12122.0
Orange,徐匯中學,2022-07-31,12858.0
Orange,三和國中,2022-07-31,12602.0
Orange,三重國小,2022-07-31,12930.0
Orange,迴龍,2022-07-31,9896.0
Orange,丹鳳,2022-07-31,9359.0
Orange,古亭,2022-08-01,24936.5
Orange,頂溪,2022-08-01,54819.0
Orange,永安市場,2022-08-01,40866.0
Orange,景安,2022-08-01,41678.0
Orange,南勢角,2022-08-01,32178.0
Orange,民權西路,2022-08-01,14441.0
Orange,忠孝新生,2022-08-01,20632.0
Orange,松江南京,2022-08-01,33946.0
Orange,輔大,2022-08-01,13571.0
Orange,新莊,2022-08-01,17118.0
Orange,頭前庄,2022-08-01,6441.0
Orange,先嗇宮,2022-08-01,8547.0
Orange,三重,2022-08-01,11243.0
Orange,菜寮,2022-08-01,16606.0
Orange,台北橋,2022-08-01,16008.0
Orange,大橋頭站,2022-08-01,19097.0
Orange,中山國小,2022-08-01,25932.0
Orange,行天宮,2022-08-01,43998.0
Orange,東門,2022-08-01,16033.0
Orange,蘆洲,2022-08-01,23094.0
Orange,三民高中,2022-08-01,19528.0
Orange,徐匯中學,2022-08-01,20263.0
Orange,三和國中,2022-08-01,19867.0
Orange,三重國小,2022-08-01,19190.0
Orange,迴龍,2022-08-01,16759.0
Orange,丹鳳,2022-08-01,15211.0
Orange,古亭,2022-08-02,26312.5
Orange,頂溪,2022-08-02,56108.0
Orange,永安市場,2022-08-02,42106.0
Orange,景安,2022-08-02,42298.0
Orange,南勢角,2022-08-02,32724.0
Orange,民權西路,2022-08-02,14658.5
Orange,忠孝新生,2022-08-02,21496.5
Orange,松江南京,2022-08-02,35108.0
Orange,輔大,2022-08-02,13361.0
Orange,新莊,2022-08-02,18092.0
Orange,頭前庄,2022-08-02,6119.5
Orange,先嗇宮,2022-08-02,8698.0
Orange,三重,2022-08-02,11631.0
Orange,菜寮,2022-08-02,17366.0
Orange,台北橋,2022-08-02,16393.0
Orange,大橋頭站,2022-08-02,19130.0
Orange,中山國小,2022-08-02,27040.0
Orange,行天宮,2022-08-02,44797.0
Orange,東門,2022-08-02,17293.0
Orange,蘆洲,2022-08-02,23743.0
Orange,三民高中,2022-08-02,19527.0
Orange,徐匯中學,2022-08-02,21143.0
Orange,三和國中,2022-08-02,20159.0
Orange,三重國小,2022-08-02,19452.0
Orange,迴龍,2022-08-02,16732.0
Orange,丹鳳,2022-08-02,15462.0
Orange,古亭,2022-08-03,27243.0
Orange,頂溪,2022-08-03,57105.0
Orange,永安市場,2022-08-03,42684.0
Orange,景安,2022-08-03,43089.0
Orange,南勢角,2022-08-03,33506.0
Orange,民權西路,2022-08-03,15095.0
Orange,忠孝新生,2022-08-03,21711.0
Orange,松江南京,2022-08-03,35560.5
Orange,輔大,2022-08-03,13588.0
Orange,新莊,2022-08-03,18776.0
Orange,頭前庄,2022-08-03,6650.0
Orange,先嗇宮,2022-08-03,8609.0
Orange,三重,2022-08-03,11903.0
Orange,菜寮,2022-08-03,16986.0
Orange,台北橋,2022-08-03,16620.0
Orange,大橋頭站,2022-08-03,19486.0
Orange,中山國小,2022-08-03,27108.0
Orange,行天宮,2022-08-03,46102.0
Orange,東門,2022-08-03,17926.0
Orange,蘆洲,2022-08-03,24062.0
Orange,三民高中,2022-08-03,19971.0
Orange,徐匯中學,2022-08-03,20906.0
Orange,三和國中,2022-08-03,20623.0
Orange,三重國小,2022-08-03,19562.0
Orange,迴龍,2022-08-03,17451.0
Orange,丹鳳,2022-08-03,15704.0
Orange,古亭,2022-08-04,27019.0
Orange,頂溪,2022-08-04,57449.0
Orange,永安市場,2022-08-04,42770.0
Orange,景安,2022-08-04,43080.0
Orange,南勢角,2022-08-04,33610.0
Orange,民權西路,2022-08-04,14732.0
Orange,忠孝新生,2022-08-04,21996.5
Orange,松江南京,2022-08-04,35399.5
Orange,輔大,2022-08-04,13793.0
Orange,新莊,2022-08-04,18740.0
Orange,頭前庄,2022-08-04,6671.5
Orange,先嗇宮,2022-08-04,8874.0
Orange,三重,2022-08-04,11968.0
Orange,菜寮,2022-08-04,17250.0
Orange,台北橋,2022-08-04,16544.0
Orange,大橋頭站,2022-08-04,19874.0
Orange,中山國小,2022-08-04,27721.0
Orange,行天宮,2022-08-04,45943.0
Orange,東門,2022-08-04,18395.0
Orange,蘆洲,2022-08-04,24134.0
Orange,三民高中,2022-08-04,20104.0
Orange,徐匯中學,2022-08-04,21230.0
Orange,三和國中,2022-08-04,20594.0
Orange,三重國小,2022-08-04,19680.0
Orange,迴龍,2022-08-04,17237.0
Orange,丹鳳,2022-08-04,15671.0
Orange,古亭,2022-08-05,26935.5
Orange,頂溪,2022-08-05,58681.0
Orange,永安市場,2022-08-05,44167.0
Orange,景安,2022-08-05,43997.0
Orange,南勢角,2022-08-05,34457.0
Orange,民權西路,2022-08-05,14968.5
Orange,忠孝新生,2022-08-05,23143.5
Orange,松江南京,2022-08-05,35880.5
Orange,輔大,2022-08-05,13336.0
Orange,新莊,2022-08-05,19765.0
Orange,頭前庄,2022-08-05,6761.0
Orange,先嗇宮,2022-08-05,8872.0
Orange,三重,2022-08-05,12693.0
Orange,菜寮,2022-08-05,17598.0
Orange,台北橋,2022-08-05,17661.0
Orange,大橋頭站,2022-08-05,20963.0
Orange,中山國小,2022-08-05,28316.0
Orange,行天宮,2022-08-05,47782.0
Orange,東門,2022-08-05,18807.0
Orange,蘆洲,2022-08-05,24524.0
Orange,三民高中,2022-08-05,20778.0
Orange,徐匯中學,2022-08-05,22021.0
Orange,三和國中,2022-08-05,21141.0
Orange,三重國小,2022-08-05,20336.0
Orange,迴龍,2022-08-05,17502.0
Orange,丹鳳,2022-08-05,16340.0
Orange,古亭,2022-08-06,19050.0
Orange,頂溪,2022-08-06,45447.0
Orange,永安市場,2022-08-06,32004.0
Orange,景安,2022-08-06,30572.0
Orange,南勢角,2022-08-06,25960.0
Orange,民權西路,2022-08-06,8616.5
Orange,忠孝新生,2022-08-06,18313.0
Orange,松江南京,2022-08-06,14360.0
Orange,輔大,2022-08-06,9521.0
Orange,新莊,2022-08-06,12577.0
Orange,頭前庄,2022-08-06,4786.0
Orange,先嗇宮,2022-08-06,3710.0
Orange,三重,2022-08-06,10103.0
Orange,菜寮,2022-08-06,12495.0
Orange,台北橋,2022-08-06,14400.0
Orange,大橋頭站,2022-08-06,17264.0
Orange,中山國小,2022-08-06,19598.0
Orange,行天宮,2022-08-06,26762.0
Orange,東門,2022-08-06,14707.0
Orange,蘆洲,2022-08-06,17260.0
Orange,三民高中,2022-08-06,14843.0
Orange,徐匯中學,2022-08-06,16164.0
Orange,三和國中,2022-08-06,15080.0
Orange,三重國小,2022-08-06,15155.0
Orange,迴龍,2022-08-06,11516.0
Orange,丹鳳,2022-08-06,11260.0
Orange,古亭,2022-08-07,14588.0
Orange,頂溪,2022-08-07,38313.0
Orange,永安市場,2022-08-07,26317.0
Orange,景安,2022-08-07,24934.0
Orange,南勢角,2022-08-07,21923.0
Orange,民權西路,2022-08-07,7934.5
Orange,忠孝新生,2022-08-07,14889.0
Orange,松江南京,2022-08-07,11237.5
Orange,輔大,2022-08-07,7678.0
Orange,新莊,2022-08-07,9493.0
Orange,頭前庄,2022-08-07,3888.5
Orange,先嗇宮,2022-08-07,3007.0
Orange,三重,2022-08-07,8381.0
Orange,菜寮,2022-08-07,9322.0
Orange,台北橋,2022-08-07,11859.0
Orange,大橋頭站,2022-08-07,14314.0
Orange,中山國小,2022-08-07,16186.0
Orange,行天宮,2022-08-07,20927.0
Orange,東門,2022-08-07,12297.0
Orange,蘆洲,2022-08-07,13578.0
Orange,三民高中,2022-08-07,11569.0
Orange,徐匯中學,2022-08-07,12745.0
Orange,三和國中,2022-08-07,12376.0
Orange,三重國小,2022-08-07,12794.0
Orange,迴龍,2022-08-07,9681.0
Orange,丹鳳,2022-08-07,9113.0
Orange,古亭,2022-08-08,25483.5
Orange,頂溪,2022-08-08,54750.0
Orange,永安市場,2022-08-08,40847.0
Orange,景安,2022-08-08,41654.0
Orange,南勢角,2022-08-08,32173.0
Orange,民權西路,2022-08-08,14095.5
Orange,忠孝新生,2022-08-08,20772.5
Orange,松江南京,2022-08-08,33854.0
Orange,輔大,2022-08-08,13196.0
Orange,新莊,2022-08-08,17268.0
Orange,頭前庄,2022-08-08,6458.5
Orange,先嗇宮,2022-08-08,8463.0
Orange,三重,2022-08-08,11229.0
Orange,菜寮,2022-08-08,16051.0
Orange,台北橋,2022-08-08,16138.0
Orange,大橋頭站,2022-08-08,18621.0
Orange,中山國小,2022-08-08,26145.0
Orange,行天宮,2022-08-08,43785.0
Orange,東門,2022-08-08,16193.5
Orange,蘆洲,2022-08-08,22928.0
Orange,三民高中,2022-08-08,19401.0
Orange,徐匯中學,2022-08-08,20567.0
Orange,三和國中,2022-08-08,19980.0
Orange,三重國小,2022-08-08,19244.0
Orange,迴龍,2022-08-08,16808.0
Orange,丹鳳,2022-08-08,15058.0
Orange,古亭,2022-08-09,26891.0
Orange,頂溪,2022-08-09,57578.0
Orange,永安市場,2022-08-09,43511.0
Orange,景安,2022-08-09,43559.0
Orange,南勢角,2022-08-09,33502.0
Orange,民權西路,2022-08-09,15087.0
Orange,忠孝新生,2022-08-09,22172.0
Orange,松江南京,2022-08-09,35437.0
Orange,輔大,2022-08-09,13915.0
Orange,新莊,2022-08-09,18427.0
Orange,頭前庄,2022-08-09,6617.5
Orange,先嗇宮,2022-08-09,8763.0
Orange,三重,2022-08-09,12054.0
Orange,菜寮,2022-08-09,16788.0
Orange,台北橋,2022-08-09,16922.0
Orange,大橋頭站,2022-08-09,19626.0
Orange,中山國小,2022-08-09,27618.0
Orange,行天宮,2022-08-09,45640.0
Orange,東門,2022-08-09,17674.5
Orange,蘆洲,2022-08-09,24224.0
Orange,三民高中,2022-08-09,20118.0
Orange,徐匯中學,2022-08-09,21164.0
Orange,三和國中,2022-08-09,20624.0
Orange,三重國小,2022-08-09,19578.0
Orange,迴龍,2022-08-09,17444.0
Orange,丹鳳,2022-08-09,15779.0
Orange,古亭,2022-08-10,27195.0
Orange,頂溪,2022-08-10,57681.0
Orange,永安市場,2022-08-10,42928.0
Orange,景安,2022-08-10,43761.0
Orange,南勢角,2022-08-10,33881.0
Orange,民權西路,2022-08-10,15133.0
Orange,忠孝新生,2022-08-10,22240.5
Orange,松江南京,2022-08-10,35785.0
Orange,輔大,2022-08-10,13708.0
Orange,新莊,2022-08-10,18590.0
Orange,頭前庄,2022-08-10,6625.5
Orange,先嗇宮,2022-08-10,8865.0
Orange,三重,2022-08-10,12161.0
Orange,菜寮,2022-08-10,16913.0
Orange,台北橋,2022-08-10,17041.0
Orange,大橋頭站,2022-08-10,19789.0
Orange,中山國小,2022-08-10,28001.0
Orange,行天宮,2022-08-10,46968.0
Orange,東門,2022-08-10,17857.0
Orange,蘆洲,2022-08-10,24426.0
Orange,三民高中,2022-08-10,20529.0
Orange,徐匯中學,2022-08-10,21232.0
Orange,三和國中,2022-08-10,20758.0
Orange,三重國小,2022-08-10,19752.0
Orange,迴龍,2022-08-10,17844.0
Orange,丹鳳,2022-08-10,16022.0
Orange,古亭,2022-08-11,27182.0
Orange,頂溪,2022-08-11,57521.0
Orange,永安市場,2022-08-11,43459.0
Orange,景安,2022-08-11,43168.0
Orange,南勢角,2022-08-11,33758.0
Orange,民權西路,2022-08-11,15424.0
Orange,忠孝新生,2022-08-11,22035.0
Orange,松江南京,2022-08-11,35412.5
Orange,輔大,2022-08-11,13784.0
Orange,新莊,2022-08-11,19224.0
Orange,頭前庄,2022-08-11,6685.5
Orange,先嗇宮,2022-08-11,8922.0
Orange,三重,2022-08-11,12234.0
Orange,菜寮,2022-08-11,17409.0
Orange,台北橋,2022-08-11,16700.0
Orange,大橋頭站,2022-08-11,19800.0
Orange,中山國小,2022-08-11,27250.0
Orange,行天宮,2022-08-11,45886.0
Orange,東門,2022-08-11,17913.0
Orange,蘆洲,2022-08-11,24155.0
Orange,三民高中,2022-08-11,20218.0
Orange,徐匯中學,2022-08-11,20955.0
Orange,三和國中,2022-08-11,20847.0
Orange,三重國小,2022-08-11,19604.0
Orange,迴龍,2022-08-11,17561.0
Orange,丹鳳,2022-08-11,15607.0
Orange,古亭,2022-08-12,27072.5
Orange,頂溪,2022-08-12,58545.0
Orange,永安市場,2022-08-12,44133.0
Orange,景安,2022-08-12,43809.0
Orange,南勢角,2022-08-12,33710.0
Orange,民權西路,2022-08-12,15037.5
Orange,忠孝新生,2022-08-12,23442.5
Orange,松江南京,2022-08-12,35006.5
Orange,輔大,2022-08-12,12895.0
Orange,新莊,2022-08-12,18092.0
Orange,頭前庄,2022-08-12,6636.0
Orange,先嗇宮,2022-08-12,8894.0
Orange,三重,2022-08-12,12140.0
Orange,菜寮,2022-08-12,16663.0
Orange,台北橋,2022-08-12,17201.0
Orange,大橋頭站,2022-08-12,20645.0
Orange,中山國小,2022-08-12,28162.0
Orange,行天宮,2022-08-12,46514.0
Orange,東門,2022-08-12,18077.5
Orange,蘆洲,2022-08-12,24223.0
Orange,三民高中,2022-08-12,20242.0
Orange,徐匯中學,2022-08-12,20947.0
Orange,三和國中,2022-08-12,20635.0
Orange,三重國小,2022-08-12,19459.0
Orange,迴龍,2022-08-12,17709.0
Orange,丹鳳,2022-08-12,15794.0
Orange,古亭,2022-08-13,20203.5
Orange,頂溪,2022-08-13,46369.0
Orange,永安市場,2022-08-13,32841.0
Orange,景安,2022-08-13,32178.0
Orange,南勢角,2022-08-13,26078.0
Orange,民權西路,2022-08-13,9185.0
Orange,忠孝新生,2022-08-13,20624.0
Orange,松江南京,2022-08-13,15348.0
Orange,輔大,2022-08-13,9737.0
Orange,新莊,2022-08-13,15781.0
Orange,頭前庄,2022-08-13,5080.5
Orange,先嗇宮,2022-08-13,3969.0
Orange,三重,2022-08-13,10181.0
Orange,菜寮,2022-08-13,12720.0
Orange,台北橋,2022-08-13,15611.0
Orange,大橋頭站,2022-08-13,17964.0
Orange,中山國小,2022-08-13,20979.0
Orange,行天宮,2022-08-13,28076.0
Orange,東門,2022-08-13,14835.5
Orange,蘆洲,2022-08-13,17468.0
Orange,三民高中,2022-08-13,15273.0
Orange,徐匯中學,2022-08-13,16223.0
Orange,三和國中,2022-08-13,15215.0
Orange,三重國小,2022-08-13,15694.0
Orange,迴龍,2022-08-13,12418.0
Orange,丹鳳,2022-08-13,11880.0
Orange,古亭,2022-08-14,15527.5
Orange,頂溪,2022-08-14,39303.0
Orange,永安市場,2022-08-14,26981.0
Orange,景安,2022-08-14,26213.0
Orange,南勢角,2022-08-14,22141.0
Orange,民權西路,2022-08-14,8713.5
Orange,忠孝新生,2022-08-14,16397.0
Orange,松江南京,2022-08-14,11771.0
Orange,輔大,2022-08-14,8381.0
Orange,新莊,2022-08-14,11837.0
Orange,頭前庄,2022-08-14,4103.5
Orange,先嗇宮,2022-08-14,3287.0
Orange,三重,2022-08-14,9130.0
Orange,菜寮,2022-08-14,9709.0
Orange,台北橋,2022-08-14,12505.0
Orange,大橋頭站,2022-08-14,14749.0
Orange,中山國小,2022-08-14,17108.0
Orange,行天宮,2022-08-14,21544.0
Orange,東門,2022-08-14,11953.5
Orange,蘆洲,2022-08-14,14281.0
Orange,三民高中,2022-08-14,12064.0
Orange,徐匯中學,2022-08-14,13295.0
Orange,三和國中,2022-08-14,12332.0
Orange,三重國小,2022-08-14,13176.0
Orange,迴龍,2022-08-14,10408.0
Orange,丹鳳,2022-08-14,9884.0
Orange,古亭,2022-08-15,25417.0
Orange,頂溪,2022-08-15,55869.0
Orange,永安市場,2022-08-15,41353.0
Orange,景安,2022-08-15,42153.0
Orange,南勢角,2022-08-15,32471.0
Orange,民權西路,2022-08-15,14422.0
Orange,忠孝新生,2022-08-15,21492.5
Orange,松江南京,2022-08-15,33791.5
Orange,輔大,2022-08-15,13061.0
Orange,新莊,2022-08-15,17378.0
Orange,頭前庄,2022-08-15,6347.0
Orange,先嗇宮,2022-08-15,8476.0
Orange,三重,2022-08-15,11673.0
Orange,菜寮,2022-08-15,16025.0
Orange,台北橋,2022-08-15,16057.0
Orange,大橋頭站,2022-08-15,19483.0
Orange,中山國小,2022-08-15,26263.0
Orange,行天宮,2022-08-15,44447.0
Orange,東門,2022-08-15,16283.5
Orange,蘆洲,2022-08-15,23186.0
Orange,三民高中,2022-08-15,19222.0
Orange,徐匯中學,2022-08-15,20434.0
Orange,三和國中,2022-08-15,20122.0
Orange,三重國小,2022-08-15,18729.0
Orange,迴龍,2022-08-15,16759.0
Orange,丹鳳,2022-08-15,15266.0
Orange,古亭,2022-08-16,26945.5
Orange,頂溪,2022-08-16,56978.0
Orange,永安市場,2022-08-16,42777.0
Orange,景安,2022-08-16,43315.0
Orange,南勢角,2022-08-16,32655.0
Orange,民權西路,2022-08-16,14555.0
Orange,忠孝新生,2022-08-16,22236.0
Orange,松江南京,2022-08-16,35161.5
Orange,輔大,2022-08-16,12941.0
Orange,新莊,2022-08-16,18125.0
Orange,頭前庄,2022-08-16,6557.5
Orange,先嗇宮,2022-08-16,8731.0
Orange,三重,2022-08-16,12151.0
Orange,菜寮,2022-08-16,16909.0
Orange,台北橋,2022-08-16,16627.0
Orange,大橋頭站,2022-08-16,19341.0
Orange,中山國小,2022-08-16,27189.0
Orange,行天宮,2022-08-16,45610.0
Orange,東門,2022-08-16,17592.0
Orange,蘆洲,2022-08-16,24149.0
Orange,三民高中,2022-08-16,20041.0
Orange,徐匯中學,2022-08-16,20892.0
Orange,三和國中,2022-08-16,20372.0
Orange,三重國小,2022-08-16,19548.0
Orange,迴龍,2022-08-16,17488.0
Orange,丹鳳,2022-08-16,15685.0
Orange,古亭,2022-08-17,27518.5
Orange,頂溪,2022-08-17,57663.0
Orange,永安市場,2022-08-17,43107.0
Orange,景安,2022-08-17,43470.0
Orange,南勢角,2022-08-17,33594.0
Orange,民權西路,2022-08-17,14761.0
Orange,忠孝新生,2022-08-17,21965.0
Orange,松江南京,2022-08-17,35709.5
Orange,輔大,2022-08-17,12763.0
Orange,新莊,2022-08-17,18458.0
Orange,頭前庄,2022-08-17,6842.5
Orange,先嗇宮,2022-08-17,8952.0
Orange,三重,2022-08-17,12346.0
Orange,菜寮,2022-08-17,16718.0
Orange,台北橋,2022-08-17,17017.0
Orange,大橋頭站,2022-08-17,19494.0
Orange,中山國小,2022-08-17,27761.0
Orange,行天宮,2022-08-17,46338.0
Orange,東門,2022-08-17,18267.5
Orange,蘆洲,2022-08-17,23696.0
Orange,三民高中,2022-08-17,20376.0
Orange,徐匯中學,2022-08-17,21542.0
Orange,三和國中,2022-08-17,20827.0
Orange,三重國小,2022-08-17,19606.0
Orange,迴龍,2022-08-17,17853.0
Orange,丹鳳,2022-08-17,15812.0
Orange,古亭,2022-08-18,27211.0
Orange,頂溪,2022-08-18,57242.0
Orange,永安市場,2022-08-18,43150.0
Orange,景安,2022-08-18,43074.0
Orange,南勢角,2022-08-18,33741.0
Orange,民權西路,2022-08-18,14565.5
Orange,忠孝新生,2022-08-18,22269.0
Orange,松江南京,2022-08-18,35459.0
Orange,輔大,2022-08-18,12955.0
Orange,新莊,2022-08-18,17979.0
Orange,頭前庄,2022-08-18,6809.0
Orange,先嗇宮,2022-08-18,8838.0
Orange,三重,2022-08-18,12065.0
Orange,菜寮,2022-08-18,16549.0
Orange,台北橋,2022-08-18,16627.0
Orange,大橋頭站,2022-08-18,19763.0
Orange,中山國小,2022-08-18,27631.0
Orange,行天宮,2022-08-18,46626.0
Orange,東門,2022-08-18,17608.5
Orange,蘆洲,2022-08-18,23418.0
Orange,三民高中,2022-08-18,20425.0
Orange,徐匯中學,2022-08-18,21523.0
Orange,三和國中,2022-08-18,20655.0
Orange,三重國小,2022-08-18,19587.0
Orange,迴龍,2022-08-18,17382.0
Orange,丹鳳,2022-08-18,15573.0
Orange,古亭,2022-08-19,27474.5
Orange,頂溪,2022-08-19,59246.0
Orange,永安市場,2022-08-19,44822.0
Orange,景安,2022-08-19,44835.0
Orange,南勢角,2022-08-19,34599.0
Orange,民權西路,2022-08-19,15008.5
Orange,忠孝新生,2022-08-19,23183.5
Orange,松江南京,2022-08-19,36068.0
Orange,輔大,2022-08-19,13123.0
Orange,新莊,2022-08-19,19055.0
Orange,頭前庄,2022-08-19,6893.0
Orange,先嗇宮,2022-08-19,8973.0
Orange,三重,2022-08-19,12799.0
Orange,菜寮,2022-08-19,17184.0
Orange,台北橋,2022-08-19,17983.0
Orange,大橋頭站,2022-08-19,21103.0
Orange,中山國小,2022-08-19,29356.0
Orange,行天宮,2022-08-19,48102.0
Orange,東門,2022-08-19,18680.0
Orange,蘆洲,2022-08-19,24896.0
Orange,三民高中,2022-08-19,21328.0
Orange,徐匯中學,2022-08-19,21875.0
Orange,三和國中,2022-08-19,21273.0
Orange,三重國小,2022-08-19,20126.0
Orange,迴龍,2022-08-19,17771.0
Orange,丹鳳,2022-08-19,15990.0
Orange,古亭,2022-08-20,19953.0
Orange,頂溪,2022-08-20,47093.0
Orange,永安市場,2022-08-20,33693.0
Orange,景安,2022-08-20,31941.0
Orange,南勢角,2022-08-20,26938.0
Orange,民權西路,2022-08-20,9022.0
Orange,忠孝新生,2022-08-20,19894.5
Orange,松江南京,2022-08-20,16298.0
Orange,輔大,2022-08-20,10016.0
Orange,新莊,2022-08-20,13438.0
Orange,頭前庄,2022-08-20,5108.0
Orange,先嗇宮,2022-08-20,3957.0
Orange,三重,2022-08-20,10379.0
Orange,菜寮,2022-08-20,12434.0
Orange,台北橋,2022-08-20,15323.0
Orange,大橋頭站,2022-08-20,18525.0
Orange,中山國小,2022-08-20,21360.0
Orange,行天宮,2022-08-20,29123.0
Orange,東門,2022-08-20,15231.0
Orange,蘆洲,2022-08-20,17491.0
Orange,三民高中,2022-08-20,16194.0
Orange,徐匯中學,2022-08-20,16645.0
Orange,三和國中,2022-08-20,15437.0
Orange,三重國小,2022-08-20,16081.0
Orange,迴龍,2022-08-20,12490.0
Orange,丹鳳,2022-08-20,11854.0
Orange,古亭,2022-08-21,15385.5
Orange,頂溪,2022-08-21,39231.0
Orange,永安市場,2022-08-21,27070.0
Orange,景安,2022-08-21,26252.0
Orange,南勢角,2022-08-21,22515.0
Orange,民權西路,2022-08-21,8540.0
Orange,忠孝新生,2022-08-21,16403.0
Orange,松江南京,2022-08-21,11989.0
Orange,輔大,2022-08-21,8453.0
Orange,新莊,2022-08-21,10458.0
Orange,頭前庄,2022-08-21,4299.0
Orange,先嗇宮,2022-08-21,3264.0
Orange,三重,2022-08-21,9246.0
Orange,菜寮,2022-08-21,9680.0
Orange,台北橋,2022-08-21,12597.0
Orange,大橋頭站,2022-08-21,15328.0
Orange,中山國小,2022-08-21,17077.0
Orange,行天宮,2022-08-21,22409.0
Orange,東門,2022-08-21,11975.5
Orange,蘆洲,2022-08-21,14282.0
Orange,三民高中,2022-08-21,12436.0
Orange,徐匯中學,2022-08-21,13814.0
Orange,三和國中,2022-08-21,12778.0
Orange,三重國小,2022-08-21,12992.0
Orange,迴龍,2022-08-21,10521.0
Orange,丹鳳,2022-08-21,9818.0
Orange,古亭,2022-08-22,25078.5
Orange,頂溪,2022-08-22,55683.0
Orange,永安市場,2022-08-22,40889.0
Orange,景安,2022-08-22,42178.0
Orange,南勢角,2022-08-22,32058.0
Orange,民權西路,2022-08-22,14161.0
Orange,忠孝新生,2022-08-22,21618.0
Orange,松江南京,2022-08-22,34346.5
Orange,輔大,2022-08-22,14143.0
Orange,新莊,2022-08-22,16581.0
Orange,頭前庄,2022-08-22,6740.5
Orange,先嗇宮,2022-08-22,8445.0
Orange,三重,2022-08-22,11725.0
Orange,菜寮,2022-08-22,15966.0
Orange,台北橋,2022-08-22,16256.0
Orange,大橋頭站,2022-08-22,18861.0
Orange,中山國小,2022-08-22,26362.0
Orange,行天宮,2022-08-22,44754.0
Orange,東門,2022-08-22,15792.0
Orange,蘆洲,2022-08-22,22934.0
Orange,三民高中,2022-08-22,19955.0
Orange,徐匯中學,2022-08-22,20402.0
Orange,三和國中,2022-08-22,19940.0
Orange,三重國小,2022-08-22,18913.0
Orange,迴龍,2022-08-22,16701.0
Orange,丹鳳,2022-08-22,15108.0
Orange,古亭,2022-08-23,26627.0
Orange,頂溪,2022-08-23,57869.0
Orange,永安市場,2022-08-23,43628.0
Orange,景安,2022-08-23,43180.0
Orange,南勢角,2022-08-23,32852.0
Orange,民權西路,2022-08-23,15073.5
Orange,忠孝新生,2022-08-23,22065.0
Orange,松江南京,2022-08-23,36112.0
Orange,輔大,2022-08-23,14024.0
Orange,新莊,2022-08-23,18368.0
Orange,頭前庄,2022-08-23,6781.5
Orange,先嗇宮,2022-08-23,8459.0
Orange,三重,2022-08-23,12012.0
Orange,菜寮,2022-08-23,17170.0
Orange,台北橋,2022-08-23,16821.0
Orange,大橋頭站,2022-08-23,19257.0
Orange,中山國小,2022-08-23,27275.0
Orange,行天宮,2022-08-23,46322.0
Orange,東門,2022-08-23,17416.5
Orange,蘆洲,2022-08-23,23736.0
Orange,三民高中,2022-08-23,20702.0
Orange,徐匯中學,2022-08-23,21103.0
Orange,三和國中,2022-08-23,20326.0
Orange,三重國小,2022-08-23,19202.0
Orange,迴龍,2022-08-23,17294.0
Orange,丹鳳,2022-08-23,15819.0
Orange,古亭,2022-08-24,27056.5
Orange,頂溪,2022-08-24,58147.0
Orange,永安市場,2022-08-24,43530.0
Orange,景安,2022-08-24,43605.0
Orange,南勢角,2022-08-24,33687.0
Orange,民權西路,2022-08-24,15372.0
Orange,忠孝新生,2022-08-24,22314.0
Orange,松江南京,2022-08-24,36506.0
Orange,輔大,2022-08-24,14450.0
Orange,新莊,2022-08-24,18472.0
Orange,頭前庄,2022-08-24,7010.0
Orange,先嗇宮,2022-08-24,8703.0
Orange,三重,2022-08-24,12203.0
Orange,菜寮,2022-08-24,17573.0
Orange,台北橋,2022-08-24,16941.0
Orange,大橋頭站,2022-08-24,20149.0
Orange,中山國小,2022-08-24,28584.0
Orange,行天宮,2022-08-24,47334.0
Orange,東門,2022-08-24,17816.5
Orange,蘆洲,2022-08-24,24291.0
Orange,三民高中,2022-08-24,20367.0
Orange,徐匯中學,2022-08-24,21333.0
Orange,三和國中,2022-08-24,21096.0
Orange,三重國小,2022-08-24,19962.0
Orange,迴龍,2022-08-24,17953.0
Orange,丹鳳,2022-08-24,15834.0
Orange,古亭,2022-08-25,26140.0
Orange,頂溪,2022-08-25,57413.0
Orange,永安市場,2022-08-25,43061.0
Orange,景安,2022-08-25,42872.0
Orange,南勢角,2022-08-25,33284.0
Orange,民權西路,2022-08-25,14662.0
Orange,忠孝新生,2022-08-25,22224.0
Orange,松江南京,2022-08-25,35459.5
Orange,輔大,2022-08-25,14539.0
Orange,新莊,2022-08-25,18591.0
Orange,頭前庄,2022-08-25,6695.5
Orange,先嗇宮,2022-08-25,8847.0
Orange,三重,2022-08-25,11815.0
Orange,菜寮,2022-08-25,17202.0
Orange,台北橋,2022-08-25,16777.0
Orange,大橋頭站,2022-08-25,19903.0
Orange,中山國小,2022-08-25,27236.0
Orange,行天宮,2022-08-25,46334.0
Orange,東門,2022-08-25,17419.0
Orange,蘆洲,2022-08-25,23122.0
Orange,三民高中,2022-08-25,20410.0
Orange,徐匯中學,2022-08-25,21009.0
Orange,三和國中,2022-08-25,20867.0
Orange,三重國小,2022-08-25,19386.0
Orange,迴龍,2022-08-25,17215.0
Orange,丹鳳,2022-08-25,15850.0
Orange,古亭,2022-08-26,27226.5
Orange,頂溪,2022-08-26,60091.0
Orange,永安市場,2022-08-26,45034.0
Orange,景安,2022-08-26,44511.0
Orange,南勢角,2022-08-26,34279.0
Orange,民權西路,2022-08-26,14575.5
Orange,忠孝新生,2022-08-26,23612.0
Orange,松江南京,2022-08-26,36076.5
Orange,輔大,2022-08-26,13908.0
Orange,新莊,2022-08-26,18992.0
Orange,頭前庄,2022-08-26,7168.5
Orange,先嗇宮,2022-08-26,8913.0
Orange,三重,2022-08-26,12895.0
Orange,菜寮,2022-08-26,17742.0
Orange,台北橋,2022-08-26,17897.0
Orange,大橋頭站,2022-08-26,21665.0
Orange,中山國小,2022-08-26,29100.0
Orange,行天宮,2022-08-26,48239.0
Orange,東門,2022-08-26,18718.0
Orange,蘆洲,2022-08-26,23963.0
Orange,三民高中,2022-08-26,20667.0
Orange,徐匯中學,2022-08-26,21742.0
Orange,三和國中,2022-08-26,21259.0
Orange,三重國小,2022-08-26,20064.0
Orange,迴龍,2022-08-26,17745.0
Orange,丹鳳,2022-08-26,15907.0
Orange,古亭,2022-08-27,20543.0
Orange,頂溪,2022-08-27,47449.0
Orange,永安市場,2022-08-27,33397.0
Orange,景安,2022-08-27,32208.0
Orange,南勢角,2022-08-27,27147.0
Orange,民權西路,2022-08-27,9771.5
Orange,忠孝新生,2022-08-27,21134.0
Orange,松江南京,2022-08-27,16098.0
Orange,輔大,2022-08-27,10788.0
Orange,新莊,2022-08-27,13493.0
Orange,頭前庄,2022-08-27,5351.0
Orange,先嗇宮,2022-08-27,4041.0
Orange,三重,2022-08-27,23451.0
Orange,菜寮,2022-08-27,14970.0
Orange,台北橋,2022-08-27,16444.0
Orange,大橋頭站,2022-08-27,19481.0
Orange,中山國小,2022-08-27,21694.0
Orange,行天宮,2022-08-27,33422.0
Orange,東門,2022-08-27,15579.0
Orange,蘆洲,2022-08-27,17182.0
Orange,三民高中,2022-08-27,16052.0
Orange,徐匯中學,2022-08-27,16555.0
Orange,三和國中,2022-08-27,15643.0
Orange,三重國小,2022-08-27,15980.0
Orange,迴龍,2022-08-27,12732.0
Orange,丹鳳,2022-08-27,12040.0
Orange,古亭,2022-08-28,15915.5
Orange,頂溪,2022-08-28,39602.0
Orange,永安市場,2022-08-28,27067.0
Orange,景安,2022-08-28,25877.0
Orange,南勢角,2022-08-28,22331.0
Orange,民權西路,2022-08-28,8651.5
Orange,忠孝新生,2022-08-28,16416.5
Orange,松江南京,2022-08-28,11915.5
Orange,輔大,2022-08-28,8926.0
Orange,新莊,2022-08-28,10653.0
Orange,頭前庄,2022-08-28,4513.0
Orange,先嗇宮,2022-08-28,3099.0
Orange,三重,2022-08-28,20504.0
Orange,菜寮,2022-08-28,10723.0
Orange,台北橋,2022-08-28,13119.0
Orange,大橋頭站,2022-08-28,15480.0
Orange,中山國小,2022-08-28,17103.0
Orange,行天宮,2022-08-28,26134.0
Orange,東門,2022-08-28,12689.5
Orange,蘆洲,2022-08-28,13469.0
Orange,三民高中,2022-08-28,12347.0
Orange,徐匯中學,2022-08-28,13333.0
Orange,三和國中,2022-08-28,12331.0
Orange,三重國小,2022-08-28,12973.0
Orange,迴龍,2022-08-28,10056.0
Orange,丹鳳,2022-08-28,9491.0
Orange,古亭,2022-08-29,25219.5
Orange,頂溪,2022-08-29,55413.0
Orange,永安市場,2022-08-29,40761.0
Orange,景安,2022-08-29,41875.0
Orange,南勢角,2022-08-29,32844.0
Orange,民權西路,2022-08-29,14238.0
Orange,忠孝新生,2022-08-29,21061.0
Orange,松江南京,2022-08-29,33528.5
Orange,輔大,2022-08-29,15044.0
Orange,新莊,2022-08-29,17036.0
Orange,頭前庄,2022-08-29,6516.0
Orange,先嗇宮,2022-08-29,8477.0
Orange,三重,2022-08-29,11185.0
Orange,菜寮,2022-08-29,15959.0
Orange,台北橋,2022-08-29,16450.0
Orange,大橋頭站,2022-08-29,19490.0
Orange,中山國小,2022-08-29,26351.0
Orange,行天宮,2022-08-29,45801.0
Orange,東門,2022-08-29,15811.5
Orange,蘆洲,2022-08-29,22665.0
Orange,三民高中,2022-08-29,19801.0
Orange,徐匯中學,2022-08-29,20174.0
Orange,三和國中,2022-08-29,19963.0
Orange,三重國小,2022-08-29,19214.0
Orange,迴龍,2022-08-29,16566.0
Orange,丹鳳,2022-08-29,15090.0
Orange,古亭,2022-08-30,27016.0
Orange,頂溪,2022-08-30,58805.0
Orange,永安市場,2022-08-30,44143.0
Orange,景安,2022-08-30,43506.0
Orange,南勢角,2022-08-30,33900.0
Orange,民權西路,2022-08-30,15591.5
Orange,忠孝新生,2022-08-30,20922.0
Orange,松江南京,2022-08-30,36226.5
Orange,輔大,2022-08-30,15594.0
Orange,新莊,2022-08-30,19530.0
Orange,頭前庄,2022-08-30,7219.0
Orange,先嗇宮,2022-08-30,8895.0
Orange,三重,2022-08-30,11920.0
Orange,菜寮,2022-08-30,18070.0
Orange,台北橋,2022-08-30,16571.0
Orange,大橋頭站,2022-08-30,21468.0
Orange,中山國小,2022-08-30,28665.0
Orange,行天宮,2022-08-30,47428.0
Orange,東門,2022-08-30,18426.5
Orange,蘆洲,2022-08-30,24677.0
Orange,三民高中,2022-08-30,21833.0
Orange,徐匯中學,2022-08-30,21694.0
Orange,三和國中,2022-08-30,21507.0
Orange,三重國小,2022-08-30,20516.0
Orange,迴龍,2022-08-30,18575.0
Orange,丹鳳,2022-08-30,16419.0
Orange,古亭,2022-08-31,27597.5
Orange,頂溪,2022-08-31,60768.0
Orange,永安市場,2022-08-31,44791.0
Orange,景安,2022-08-31,44728.0
Orange,南勢角,2022-08-31,34435.0
Orange,民權西路,2022-08-31,15957.5
Orange,忠孝新生,2022-08-31,22043.5
Orange,松江南京,2022-08-31,36726.5
Orange,輔大,2022-08-31,15505.0
Orange,新莊,2022-08-31,19679.0
Orange,頭前庄,2022-08-31,7289.5
Orange,先嗇宮,2022-08-31,9021.0
Orange,三重,2022-08-31,12133.0
Orange,菜寮,2022-08-31,18565.0
Orange,台北橋,2022-08-31,17058.0
Orange,大橋頭站,2022-08-31,21778.0
Orange,中山國小,2022-08-31,29435.0
Orange,行天宮,2022-08-31,48930.0
Orange,東門,2022-08-31,18973.5
Orange,蘆洲,2022-08-31,25133.0
Orange,三民高中,2022-08-31,22152.0
Orange,徐匯中學,2022-08-31,21762.0
Orange,三和國中,2022-08-31,21942.0
Orange,三重國小,2022-08-31,20615.0
Orange,迴龍,2022-08-31,18368.0
Orange,丹鳳,2022-08-31,16622.0
Orange,古亭,2022-09-01,27561.5
Orange,頂溪,2022-09-01,60281.0
Orange,永安市場,2022-09-01,44106.0
Orange,景安,2022-09-01,43991.0
Orange,南勢角,2022-09-01,34353.0
Orange,民權西路,2022-09-01,16073.5
Orange,忠孝新生,2022-09-01,22174.5
Orange,松江南京,2022-09-01,36917.5
Orange,輔大,2022-09-01,16169.0
Orange,新莊,2022-09-01,19325.0
Orange,頭前庄,2022-09-01,6992.0
Orange,先嗇宮,2022-09-01,9076.0
Orange,三重,2022-09-01,11961.0
Orange,菜寮,2022-09-01,18152.0
Orange,台北橋,2022-09-01,16973.0
Orange,大橋頭站,2022-09-01,21498.0
Orange,中山國小,2022-09-01,29713.0
Orange,行天宮,2022-09-01,47224.0
Orange,東門,2022-09-01,18776.0
Orange,蘆洲,2022-09-01,24783.0
Orange,三民高中,2022-09-01,21641.0
Orange,徐匯中學,2022-09-01,21852.0
Orange,三和國中,2022-09-01,21886.0
Orange,三重國小,2022-09-01,20529.0
Orange,迴龍,2022-09-01,18310.0
Orange,丹鳳,2022-09-01,16418.0
Orange,古亭,2022-09-02,27733.0
Orange,頂溪,2022-09-02,61168.0
Orange,永安市場,2022-09-02,44210.0
Orange,景安,2022-09-02,44808.0
Orange,南勢角,2022-09-02,33996.0
Orange,民權西路,2022-09-02,16284.0
Orange,忠孝新生,2022-09-02,22655.0
Orange,松江南京,2022-09-02,37814.5
Orange,輔大,2022-09-02,19793.0
Orange,新莊,2022-09-02,19290.0
Orange,頭前庄,2022-09-02,7362.0
Orange,先嗇宮,2022-09-02,9201.0
Orange,三重,2022-09-02,12550.0
Orange,菜寮,2022-09-02,18895.0
Orange,台北橋,2022-09-02,18218.0
Orange,大橋頭站,2022-09-02,21826.0
Orange,中山國小,2022-09-02,30933.0
Orange,行天宮,2022-09-02,48940.0
Orange,東門,2022-09-02,18831.5
Orange,蘆洲,2022-09-02,24702.0
Orange,三民高中,2022-09-02,21162.0
Orange,徐匯中學,2022-09-02,22132.0
Orange,三和國中,2022-09-02,22577.0
Orange,三重國小,2022-09-02,21337.0
Orange,迴龍,2022-09-02,18316.0
Orange,丹鳳,2022-09-02,16224.0
Orange,古亭,2022-09-03,17683.0
Orange,頂溪,2022-09-03,37816.0
Orange,永安市場,2022-09-03,26272.0
Orange,景安,2022-09-03,25052.0
Orange,南勢角,2022-09-03,21282.0
Orange,民權西路,2022-09-03,7231.0
Orange,忠孝新生,2022-09-03,14879.0
Orange,松江南京,2022-09-03,12758.0
Orange,輔大,2022-09-03,9719.0
Orange,新莊,2022-09-03,9671.0
Orange,頭前庄,2022-09-03,4121.0
Orange,先嗇宮,2022-09-03,3329.0
Orange,三重,2022-09-03,7192.0
Orange,菜寮,2022-09-03,9935.0
Orange,台北橋,2022-09-03,12012.0
Orange,大橋頭站,2022-09-03,12589.0
Orange,中山國小,2022-09-03,17722.0
Orange,行天宮,2022-09-03,23177.0
Orange,東門,2022-09-03,12343.0
Orange,蘆洲,2022-09-03,12738.0
Orange,三民高中,2022-09-03,11410.0
Orange,徐匯中學,2022-09-03,12767.0
Orange,三和國中,2022-09-03,12418.0
Orange,三重國小,2022-09-03,12844.0
Orange,迴龍,2022-09-03,8637.0
Orange,丹鳳,2022-09-03,8702.0
Orange,古亭,2022-09-04,13038.5
Orange,頂溪,2022-09-04,32419.0
Orange,永安市場,2022-09-04,22219.0
Orange,景安,2022-09-04,21460.0
Orange,南勢角,2022-09-04,18675.0
Orange,民權西路,2022-09-04,6737.5
Orange,忠孝新生,2022-09-04,13591.0
Orange,松江南京,2022-09-04,10206.0
Orange,輔大,2022-09-04,10303.0
Orange,新莊,2022-09-04,8267.0
Orange,頭前庄,2022-09-04,3587.0
Orange,先嗇宮,2022-09-04,2636.0
Orange,三重,2022-09-04,6154.0
Orange,菜寮,2022-09-04,8050.0
Orange,台北橋,2022-09-04,10171.0
Orange,大橋頭站,2022-09-04,11984.0
Orange,中山國小,2022-09-04,14260.0
Orange,行天宮,2022-09-04,18462.0
Orange,東門,2022-09-04,10100.5
Orange,蘆洲,2022-09-04,10397.0
Orange,三民高中,2022-09-04,9445.0
Orange,徐匯中學,2022-09-04,11061.0
Orange,三和國中,2022-09-04,10276.0
Orange,三重國小,2022-09-04,10957.0
Orange,迴龍,2022-09-04,8045.0
Orange,丹鳳,2022-09-04,7857.0
Orange,古亭,2022-09-05,27871.0
Orange,頂溪,2022-09-05,60053.0
Orange,永安市場,2022-09-05,43969.0
Orange,景安,2022-09-05,44446.0
Orange,南勢角,2022-09-05,34404.0
Orange,民權西路,2022-09-05,16976.0
Orange,忠孝新生,2022-09-05,22364.0
Orange,松江南京,2022-09-05,36508.0
Orange,輔大,2022-09-05,28306.0
Orange,新莊,2022-09-05,22738.0
Orange,頭前庄,2022-09-05,7598.0
Orange,先嗇宮,2022-09-05,9094.0
Orange,三重,2022-09-05,12292.0
Orange,菜寮,2022-09-05,18157.0
Orange,台北橋,2022-09-05,17326.0
Orange,大橋頭站,2022-09-05,21767.0
Orange,中山國小,2022-09-05,29231.0
Orange,行天宮,2022-09-05,48691.0
Orange,東門,2022-09-05,17768.5
Orange,蘆洲,2022-09-05,24945.0
Orange,三民高中,2022-09-05,22029.0
Orange,徐匯中學,2022-09-05,21880.0
Orange,三和國中,2022-09-05,21854.0
Orange,三重國小,2022-09-05,20711.0
Orange,迴龍,2022-09-05,19968.0
Orange,丹鳳,2022-09-05,16810.0
Orange,古亭,2022-09-06,29712.5
Orange,頂溪,2022-09-06,63002.0
Orange,永安市場,2022-09-06,46087.0
Orange,景安,2022-09-06,45863.0
Orange,南勢角,2022-09-06,35542.0
Orange,民權西路,2022-09-06,17659.5
Orange,忠孝新生,2022-09-06,23009.0
Orange,松江南京,2022-09-06,38364.0
Orange,輔大,2022-09-06,28633.0
Orange,新莊,2022-09-06,20413.0
Orange,頭前庄,2022-09-06,7420.0
Orange,先嗇宮,2022-09-06,9342.0
Orange,三重,2022-09-06,12914.0
Orange,菜寮,2022-09-06,19266.0
Orange,台北橋,2022-09-06,17698.0
Orange,大橋頭站,2022-09-06,21715.0
Orange,中山國小,2022-09-06,30313.0
Orange,行天宮,2022-09-06,49082.0
Orange,東門,2022-09-06,19623.5
Orange,蘆洲,2022-09-06,25506.0
Orange,三民高中,2022-09-06,22756.0
Orange,徐匯中學,2022-09-06,22699.0
Orange,三和國中,2022-09-06,22601.0
Orange,三重國小,2022-09-06,21442.0
Orange,迴龍,2022-09-06,20348.0
Orange,丹鳳,2022-09-06,17366.0
Orange,古亭,2022-09-07,29606.0
Orange,頂溪,2022-09-07,61949.0
Orange,永安市場,2022-09-07,45539.0
Orange,景安,2022-09-07,45947.0
Orange,南勢角,2022-09-07,35771.0
Orange,民權西路,2022-09-07,17192.5
Orange,忠孝新生,2022-09-07,23136.5
Orange,松江南京,2022-09-07,37409.5
Orange,輔大,2022-09-07,27976.0
Orange,新莊,2022-09-07,20324.0
Orange,頭前庄,2022-09-07,7595.5
Orange,先嗇宮,2022-09-07,9243.0
Orange,三重,2022-09-07,12993.0
Orange,菜寮,2022-09-07,19360.0
Orange,台北橋,2022-09-07,17515.0
Orange,大橋頭站,2022-09-07,22005.0
Orange,中山國小,2022-09-07,30243.0
Orange,行天宮,2022-09-07,49275.0
Orange,東門,2022-09-07,19498.0
Orange,蘆洲,2022-09-07,25768.0
Orange,三民高中,2022-09-07,23094.0
Orange,徐匯中學,2022-09-07,22808.0
Orange,三和國中,2022-09-07,22630.0
Orange,三重國小,2022-09-07,21277.0
Orange,迴龍,2022-09-07,21615.0
Orange,丹鳳,2022-09-07,17116.0
Orange,古亭,2022-09-08,29781.0
Orange,頂溪,2022-09-08,63470.0
Orange,永安市場,2022-09-08,45975.0
Orange,景安,2022-09-08,46033.0
Orange,南勢角,2022-09-08,36667.0
Orange,民權西路,2022-09-08,17169.0
Orange,忠孝新生,2022-09-08,23138.5
Orange,松江南京,2022-09-08,37010.5
Orange,輔大,2022-09-08,29822.0
Orange,新莊,2022-09-08,20920.0
Orange,頭前庄,2022-09-08,7640.5
Orange,先嗇宮,2022-09-08,9136.0
Orange,三重,2022-09-08,13366.0
Orange,菜寮,2022-09-08,19298.0
Orange,台北橋,2022-09-08,18230.0
Orange,大橋頭站,2022-09-08,23776.0
Orange,中山國小,2022-09-08,30717.0
Orange,行天宮,2022-09-08,48797.0
Orange,東門,2022-09-08,19737.0
Orange,蘆洲,2022-09-08,26069.0
Orange,三民高中,2022-09-08,23086.0
Orange,徐匯中學,2022-09-08,23124.0
Orange,三和國中,2022-09-08,22843.0
Orange,三重國小,2022-09-08,21698.0
Orange,迴龍,2022-09-08,22428.0
Orange,丹鳳,2022-09-08,17378.0
Orange,古亭,2022-09-09,16242.0
Orange,頂溪,2022-09-09,43886.0
Orange,永安市場,2022-09-09,29978.0
Orange,景安,2022-09-09,29591.0
Orange,南勢角,2022-09-09,24827.0
Orange,民權西路,2022-09-09,7785.0
Orange,忠孝新生,2022-09-09,16127.0
Orange,松江南京,2022-09-09,12939.0
Orange,輔大,2022-09-09,10999.0
Orange,新莊,2022-09-09,12268.0
Orange,頭前庄,2022-09-09,4637.5
Orange,先嗇宮,2022-09-09,3566.0
Orange,三重,2022-09-09,9850.0
Orange,菜寮,2022-09-09,10969.0
Orange,台北橋,2022-09-09,13643.0
Orange,大橋頭站,2022-09-09,16082.0
Orange,中山國小,2022-09-09,18331.0
Orange,行天宮,2022-09-09,24485.0
Orange,東門,2022-09-09,13051.5
Orange,蘆洲,2022-09-09,15831.0
Orange,三民高中,2022-09-09,14143.0
Orange,徐匯中學,2022-09-09,15006.0
Orange,三和國中,2022-09-09,14086.0
Orange,三重國小,2022-09-09,14837.0
Orange,迴龍,2022-09-09,11884.0
Orange,丹鳳,2022-09-09,11031.0
Orange,古亭,2022-09-10,13399.5
Orange,頂溪,2022-09-10,38296.0
Orange,永安市場,2022-09-10,25683.0
Orange,景安,2022-09-10,25417.0
Orange,南勢角,2022-09-10,23065.0
Orange,民權西路,2022-09-10,6546.5
Orange,忠孝新生,2022-09-10,14877.0
Orange,松江南京,2022-09-10,10431.0
Orange,輔大,2022-09-10,8261.0
Orange,新莊,2022-09-10,10865.0
Orange,頭前庄,2022-09-10,4206.5
Orange,先嗇宮,2022-09-10,3249.0
Orange,三重,2022-09-10,8930.0
Orange,菜寮,2022-09-10,9630.0
Orange,台北橋,2022-09-10,12404.0
Orange,大橋頭站,2022-09-10,14874.0
Orange,中山國小,2022-09-10,15740.0
Orange,行天宮,2022-09-10,20709.0
Orange,東門,2022-09-10,11590.0
Orange,蘆洲,2022-09-10,13593.0
Orange,三民高中,2022-09-10,12581.0
Orange,徐匯中學,2022-09-10,13068.0
Orange,三和國中,2022-09-10,12515.0
Orange,三重國小,2022-09-10,13303.0
Orange,迴龍,2022-09-10,10619.0
Orange,丹鳳,2022-09-10,9836.0
Orange,古亭,2022-09-11,12250.0
Orange,頂溪,2022-09-11,33779.0
Orange,永安市場,2022-09-11,22396.0
Orange,景安,2022-09-11,22741.0
Orange,南勢角,2022-09-11,19268.0
Orange,民權西路,2022-09-11,6952.5
Orange,忠孝新生,2022-09-11,12303.5
Orange,松江南京,2022-09-11,9327.0
Orange,輔大,2022-09-11,9132.0
Orange,新莊,2022-09-11,8277.0
Orange,頭前庄,2022-09-11,3530.0
Orange,先嗇宮,2022-09-11,2844.0
Orange,三重,2022-09-11,7558.0
Orange,菜寮,2022-09-11,8301.0
Orange,台北橋,2022-09-11,10596.0
Orange,大橋頭站,2022-09-11,12969.0
Orange,中山國小,2022-09-11,14946.0
Orange,行天宮,2022-09-11,18189.0
Orange,東門,2022-09-11,9240.0
Orange,蘆洲,2022-09-11,11827.0
Orange,三民高中,2022-09-11,10438.0
Orange,徐匯中學,2022-09-11,11591.0
Orange,三和國中,2022-09-11,11106.0
Orange,三重國小,2022-09-11,11740.0
Orange,迴龍,2022-09-11,9113.0
Orange,丹鳳,2022-09-11,8134.0
Orange,古亭,2022-09-12,27489.0
Orange,頂溪,2022-09-12,60343.0
Orange,永安市場,2022-09-12,43658.0
Orange,景安,2022-09-12,45199.0
Orange,南勢角,2022-09-12,35547.0
Orange,民權西路,2022-09-12,16768.0
Orange,忠孝新生,2022-09-12,24149.5
Orange,松江南京,2022-09-12,36282.5
Orange,輔大,2022-09-12,27634.0
Orange,新莊,2022-09-12,19273.0
Orange,頭前庄,2022-09-12,7141.0
Orange,先嗇宮,2022-09-12,9026.0
Orange,三重,2022-09-12,12183.0
Orange,菜寮,2022-09-12,19019.0
Orange,台北橋,2022-09-12,17189.0
Orange,大橋頭站,2022-09-12,21317.0
Orange,中山國小,2022-09-12,28683.0
Orange,行天宮,2022-09-12,46931.0
Orange,東門,2022-09-12,17202.0
Orange,蘆洲,2022-09-12,25611.0
Orange,三民高中,2022-09-12,21897.0
Orange,徐匯中學,2022-09-12,22303.0
Orange,三和國中,2022-09-12,22729.0
Orange,三重國小,2022-09-12,21177.0
Orange,迴龍,2022-09-12,21164.0
Orange,丹鳳,2022-09-12,16737.0
Orange,古亭,2022-09-13,29346.5
Orange,頂溪,2022-09-13,61966.0
Orange,永安市場,2022-09-13,45745.0
Orange,景安,2022-09-13,45912.0
Orange,南勢角,2022-09-13,36085.0
Orange,民權西路,2022-09-13,17463.5
Orange,忠孝新生,2022-09-13,24966.5
Orange,松江南京,2022-09-13,37590.5
Orange,輔大,2022-09-13,28174.0
Orange,新莊,2022-09-13,20172.0
Orange,頭前庄,2022-09-13,7329.0
Orange,先嗇宮,2022-09-13,9214.0
Orange,三重,2022-09-13,12708.0
Orange,菜寮,2022-09-13,19712.0
Orange,台北橋,2022-09-13,17555.0
Orange,大橋頭站,2022-09-13,21702.0
Orange,中山國小,2022-09-13,30711.0
Orange,行天宮,2022-09-13,48671.0
Orange,東門,2022-09-13,18634.0
Orange,蘆洲,2022-09-13,26138.0
Orange,三民高中,2022-09-13,22525.0
Orange,徐匯中學,2022-09-13,22749.0
Orange,三和國中,2022-09-13,22886.0
Orange,三重國小,2022-09-13,21737.0
Orange,迴龍,2022-09-13,21433.0
Orange,丹鳳,2022-09-13,17107.0
Orange,古亭,2022-09-14,29677.0
Orange,頂溪,2022-09-14,61962.0
Orange,永安市場,2022-09-14,45483.0
Orange,景安,2022-09-14,45948.0
Orange,南勢角,2022-09-14,36988.0
Orange,民權西路,2022-09-14,17117.0
Orange,忠孝新生,2022-09-14,25363.5
Orange,松江南京,2022-09-14,36685.5
Orange,輔大,2022-09-14,27424.0
Orange,新莊,2022-09-14,20382.0
Orange,頭前庄,2022-09-14,7606.5
Orange,先嗇宮,2022-09-14,9166.0
Orange,三重,2022-09-14,12959.0
Orange,菜寮,2022-09-14,19408.0
Orange,台北橋,2022-09-14,17588.0
Orange,大橋頭站,2022-09-14,21851.0
Orange,中山國小,2022-09-14,29937.0
Orange,行天宮,2022-09-14,49983.0
Orange,東門,2022-09-14,19550.5
Orange,蘆洲,2022-09-14,25949.0
Orange,三民高中,2022-09-14,22975.0
Orange,徐匯中學,2022-09-14,23072.0
Orange,三和國中,2022-09-14,22823.0
Orange,三重國小,2022-09-14,21713.0
Orange,迴龍,2022-09-14,21626.0
Orange,丹鳳,2022-09-14,17635.0
Orange,古亭,2022-09-15,29443.5
Orange,頂溪,2022-09-15,61885.0
Orange,永安市場,2022-09-15,45889.0
Orange,景安,2022-09-15,45877.0
Orange,南勢角,2022-09-15,36713.0
Orange,民權西路,2022-09-15,17313.0
Orange,忠孝新生,2022-09-15,25140.5
Orange,松江南京,2022-09-15,36743.5
Orange,輔大,2022-09-15,28054.0
Orange,新莊,2022-09-15,20232.0
Orange,頭前庄,2022-09-15,7451.5
Orange,先嗇宮,2022-09-15,9146.0
Orange,三重,2022-09-15,12929.0
Orange,菜寮,2022-09-15,19295.0
Orange,台北橋,2022-09-15,17518.0
Orange,大橋頭站,2022-09-15,22323.0
Orange,中山國小,2022-09-15,29414.0
Orange,行天宮,2022-09-15,48697.0
Orange,東門,2022-09-15,19596.5
Orange,蘆洲,2022-09-15,25942.0
Orange,三民高中,2022-09-15,22850.0
Orange,徐匯中學,2022-09-15,22836.0
Orange,三和國中,2022-09-15,23032.0
Orange,三重國小,2022-09-15,21352.0
Orange,迴龍,2022-09-15,21959.0
Orange,丹鳳,2022-09-15,17334.0
Orange,古亭,2022-09-16,30435.0
Orange,頂溪,2022-09-16,65043.0
Orange,永安市場,2022-09-16,47771.0
Orange,景安,2022-09-16,47585.0
Orange,南勢角,2022-09-16,38129.0
Orange,民權西路,2022-09-16,17345.5
Orange,忠孝新生,2022-09-16,27116.5
Orange,松江南京,2022-09-16,37329.5
Orange,輔大,2022-09-16,28526.0
Orange,新莊,2022-09-16,21474.0
Orange,頭前庄,2022-09-16,7730.5
Orange,先嗇宮,2022-09-16,9226.0
Orange,三重,2022-09-16,13793.0
Orange,菜寮,2022-09-16,19881.0
Orange,台北橋,2022-09-16,18858.0
Orange,大橋頭站,2022-09-16,23768.0
Orange,中山國小,2022-09-16,32102.0
Orange,行天宮,2022-09-16,51010.0
Orange,東門,2022-09-16,20450.5
Orange,蘆洲,2022-09-16,26863.0
Orange,三民高中,2022-09-16,23984.0
Orange,徐匯中學,2022-09-16,23759.0
Orange,三和國中,2022-09-16,23427.0
Orange,三重國小,2022-09-16,22224.0
Orange,迴龍,2022-09-16,22635.0
Orange,丹鳳,2022-09-16,18322.0
Orange,古亭,2022-09-17,22183.0
Orange,頂溪,2022-09-17,49609.0
Orange,永安市場,2022-09-17,34612.0
Orange,景安,2022-09-17,33782.0
Orange,南勢角,2022-09-17,29251.0
Orange,民權西路,2022-09-17,10329.0
Orange,忠孝新生,2022-09-17,23185.5
Orange,松江南京,2022-09-17,16628.5
Orange,輔大,2022-09-17,14366.0
Orange,新莊,2022-09-17,14885.0
Orange,頭前庄,2022-09-17,5696.5
Orange,先嗇宮,2022-09-17,4129.0
Orange,三重,2022-09-17,11650.0
Orange,菜寮,2022-09-17,15968.0
Orange,台北橋,2022-09-17,15845.0
Orange,大橋頭站,2022-09-17,19170.0
Orange,中山國小,2022-09-17,22468.0
Orange,行天宮,2022-09-17,31368.0
Orange,東門,2022-09-17,17481.0
Orange,蘆洲,2022-09-17,18385.0
Orange,三民高中,2022-09-17,16777.0
Orange,徐匯中學,2022-09-17,17520.0
Orange,三和國中,2022-09-17,16053.0
Orange,三重國小,2022-09-17,16493.0
Orange,迴龍,2022-09-17,13806.0
Orange,丹鳳,2022-09-17,12814.0
Orange,古亭,2022-09-18,16657.0
Orange,頂溪,2022-09-18,40718.0
Orange,永安市場,2022-09-18,28028.0
Orange,景安,2022-09-18,26631.0
Orange,南勢角,2022-09-18,23733.0
Orange,民權西路,2022-09-18,8916.0
Orange,忠孝新生,2022-09-18,19313.5
Orange,松江南京,2022-09-18,11588.0
Orange,輔大,2022-09-18,11307.0
Orange,新莊,2022-09-18,10936.0
Orange,頭前庄,2022-09-18,4204.0
Orange,先嗇宮,2022-09-18,3171.0
Orange,三重,2022-09-18,9383.0
Orange,菜寮,2022-09-18,10229.0
Orange,台北橋,2022-09-18,12337.0
Orange,大橋頭站,2022-09-18,15685.0
Orange,中山國小,2022-09-18,17300.0
Orange,行天宮,2022-09-18,24997.0
Orange,東門,2022-09-18,13748.0
Orange,蘆洲,2022-09-18,13998.0
Orange,三民高中,2022-09-18,12804.0
Orange,徐匯中學,2022-09-18,13625.0
Orange,三和國中,2022-09-18,12559.0
Orange,三重國小,2022-09-18,13065.0
Orange,迴龍,2022-09-18,11199.0
Orange,丹鳳,2022-09-18,10162.0
Orange,古亭,2022-09-19,27275.0
Orange,頂溪,2022-09-19,58864.0
Orange,永安市場,2022-09-19,43259.0
Orange,景安,2022-09-19,44322.0
Orange,南勢角,2022-09-19,35251.0
Orange,民權西路,2022-09-19,16330.5
Orange,忠孝新生,2022-09-19,23306.5
Orange,松江南京,2022-09-19,34516.0
Orange,輔大,2022-09-19,26622.0
Orange,新莊,2022-09-19,19488.0
Orange,頭前庄,2022-09-19,7021.5
Orange,先嗇宮,2022-09-19,8822.0
Orange,三重,2022-09-19,12484.0
Orange,菜寮,2022-09-19,18451.0
Orange,台北橋,2022-09-19,16648.0
Orange,大橋頭站,2022-09-19,21401.0
Orange,中山國小,2022-09-19,28241.0
Orange,行天宮,2022-09-19,47097.0
Orange,東門,2022-09-19,17564.0
Orange,蘆洲,2022-09-19,25323.0
Orange,三民高中,2022-09-19,22112.0
Orange,徐匯中學,2022-09-19,21509.0
Orange,三和國中,2022-09-19,22086.0
Orange,三重國小,2022-09-19,20533.0
Orange,迴龍,2022-09-19,21043.0
Orange,丹鳳,2022-09-19,16858.0
Orange,古亭,2022-09-20,29222.0
Orange,頂溪,2022-09-20,61641.0
Orange,永安市場,2022-09-20,44813.0
Orange,景安,2022-09-20,45478.0
Orange,南勢角,2022-09-20,36539.0
Orange,民權西路,2022-09-20,17029.0
Orange,忠孝新生,2022-09-20,23934.5
Orange,松江南京,2022-09-20,36698.0
Orange,輔大,2022-09-20,27530.0
Orange,新莊,2022-09-20,21121.0
Orange,頭前庄,2022-09-20,7251.5
Orange,先嗇宮,2022-09-20,9012.0
Orange,三重,2022-09-20,12990.0
Orange,菜寮,2022-09-20,19150.0
Orange,台北橋,2022-09-20,17024.0
Orange,大橋頭站,2022-09-20,22104.0
Orange,中山國小,2022-09-20,29886.0
Orange,行天宮,2022-09-20,48685.0
Orange,東門,2022-09-20,19374.0
Orange,蘆洲,2022-09-20,25966.0
Orange,三民高中,2022-09-20,22739.0
Orange,徐匯中學,2022-09-20,22518.0
Orange,三和國中,2022-09-20,22164.0
Orange,三重國小,2022-09-20,21309.0
Orange,迴龍,2022-09-20,21533.0
Orange,丹鳳,2022-09-20,17506.0
Orange,古亭,2022-09-21,29393.5
Orange,頂溪,2022-09-21,61723.0
Orange,永安市場,2022-09-21,45286.0
Orange,景安,2022-09-21,45869.0
Orange,南勢角,2022-09-21,36631.0
Orange,民權西路,2022-09-21,17114.0
Orange,忠孝新生,2022-09-21,24545.5
Orange,松江南京,2022-09-21,36460.0
Orange,輔大,2022-09-21,27016.0
Orange,新莊,2022-09-21,21152.0
Orange,頭前庄,2022-09-21,7594.0
Orange,先嗇宮,2022-09-21,9299.0
Orange,三重,2022-09-21,12888.0
Orange,菜寮,2022-09-21,19423.0
Orange,台北橋,2022-09-21,17730.0
Orange,大橋頭站,2022-09-21,22166.0
Orange,中山國小,2022-09-21,29665.0
Orange,行天宮,2022-09-21,49832.0
Orange,東門,2022-09-21,19375.5
Orange,蘆洲,2022-09-21,26266.0
Orange,三民高中,2022-09-21,22590.0
Orange,徐匯中學,2022-09-21,22357.0
Orange,三和國中,2022-09-21,22403.0
Orange,三重國小,2022-09-21,21169.0
Orange,迴龍,2022-09-21,21649.0
Orange,丹鳳,2022-09-21,17653.0
Orange,古亭,2022-09-22,29529.5
Orange,頂溪,2022-09-22,61842.0
Orange,永安市場,2022-09-22,45031.0
Orange,景安,2022-09-22,45727.0
Orange,南勢角,2022-09-22,36456.0
Orange,民權西路,2022-09-22,17224.5
Orange,忠孝新生,2022-09-22,24852.5
Orange,松江南京,2022-09-22,36614.0
Orange,輔大,2022-09-22,27099.0
Orange,新莊,2022-09-22,21129.0
Orange,頭前庄,2022-09-22,7273.0
Orange,先嗇宮,2022-09-22,9159.0
Orange,三重,2022-09-22,13048.0
Orange,菜寮,2022-09-22,19527.0
Orange,台北橋,2022-09-22,17647.0
Orange,大橋頭站,2022-09-22,22210.0
Orange,中山國小,2022-09-22,29989.0
Orange,行天宮,2022-09-22,48656.0
Orange,東門,2022-09-22,19342.5
Orange,蘆洲,2022-09-22,26022.0
Orange,三民高中,2022-09-22,22680.0
Orange,徐匯中學,2022-09-22,22475.0
Orange,三和國中,2022-09-22,22731.0
Orange,三重國小,2022-09-22,21243.0
Orange,迴龍,2022-09-22,21805.0
Orange,丹鳳,2022-09-22,17615.0
Orange,古亭,2022-09-23,30233.0
Orange,頂溪,2022-09-23,64229.0
Orange,永安市場,2022-09-23,47773.0
Orange,景安,2022-09-23,47004.0
Orange,南勢角,2022-09-23,37496.0
Orange,民權西路,2022-09-23,16959.5
Orange,忠孝新生,2022-09-23,25829.5
Orange,松江南京,2022-09-23,36991.0
Orange,輔大,2022-09-23,27550.0
Orange,新莊,2022-09-23,21277.0
Orange,頭前庄,2022-09-23,7535.0
Orange,先嗇宮,2022-09-23,9313.0
Orange,三重,2022-09-23,13663.0
Orange,菜寮,2022-09-23,19846.0
Orange,台北橋,2022-09-23,18605.0
Orange,大橋頭站,2022-09-23,24552.0
Orange,中山國小,2022-09-23,31678.0
Orange,行天宮,2022-09-23,50373.0
Orange,東門,2022-09-23,20575.5
Orange,蘆洲,2022-09-23,27008.0
Orange,三民高中,2022-09-23,23771.0
Orange,徐匯中學,2022-09-23,23300.0
Orange,三和國中,2022-09-23,23258.0
Orange,三重國小,2022-09-23,21947.0
Orange,迴龍,2022-09-23,22772.0
Orange,丹鳳,2022-09-23,18405.0
Orange,古亭,2022-09-24,22166.5
Orange,頂溪,2022-09-24,49531.0
Orange,永安市場,2022-09-24,34909.0
Orange,景安,2022-09-24,33566.0
Orange,南勢角,2022-09-24,27813.0
Orange,民權西路,2022-09-24,10702.0
Orange,忠孝新生,2022-09-24,22400.5
Orange,松江南京,2022-09-24,16462.5
Orange,輔大,2022-09-24,14637.0
Orange,新莊,2022-09-24,16577.0
Orange,頭前庄,2022-09-24,5507.5
Orange,先嗇宮,2022-09-24,4021.0
Orange,三重,2022-09-24,10565.0
Orange,菜寮,2022-09-24,13340.0
Orange,台北橋,2022-09-24,15786.0
Orange,大橋頭站,2022-09-24,19380.0
Orange,中山國小,2022-09-24,21971.0
Orange,行天宮,2022-09-24,33200.0
Orange,東門,2022-09-24,16567.0
Orange,蘆洲,2022-09-24,18453.0
Orange,三民高中,2022-09-24,16334.0
Orange,徐匯中學,2022-09-24,17203.0
Orange,三和國中,2022-09-24,16082.0
Orange,三重國小,2022-09-24,16849.0
Orange,迴龍,2022-09-24,12860.0
Orange,丹鳳,2022-09-24,12207.0
Orange,古亭,2022-09-25,16961.5
Orange,頂溪,2022-09-25,41028.0
Orange,永安市場,2022-09-25,27589.0
Orange,景安,2022-09-25,26591.0
Orange,南勢角,2022-09-25,22988.0
Orange,民權西路,2022-09-25,9100.5
Orange,忠孝新生,2022-09-25,17207.5
Orange,松江南京,2022-09-25,12128.5
Orange,輔大,2022-09-25,11283.0
Orange,新莊,2022-09-25,12091.0
Orange,頭前庄,2022-09-25,4592.5
Orange,先嗇宮,2022-09-25,3560.0
Orange,三重,2022-09-25,8992.0
Orange,菜寮,2022-09-25,10623.0
Orange,台北橋,2022-09-25,12898.0
Orange,大橋頭站,2022-09-25,16016.0
Orange,中山國小,2022-09-25,18177.0
Orange,行天宮,2022-09-25,24614.0
Orange,東門,2022-09-25,13139.5
Orange,蘆洲,2022-09-25,14453.0
Orange,三民高中,2022-09-25,12663.0
Orange,徐匯中學,2022-09-25,14451.0
Orange,三和國中,2022-09-25,13484.0
Orange,三重國小,2022-09-25,13851.0
Orange,迴龍,2022-09-25,11020.0
Orange,丹鳳,2022-09-25,10296.0
Orange,古亭,2022-09-26,27428.5
Orange,頂溪,2022-09-26,59867.0
Orange,永安市場,2022-09-26,43649.0
Orange,景安,2022-09-26,44421.0
Orange,南勢角,2022-09-26,35556.0
Orange,民權西路,2022-09-26,16633.5
Orange,忠孝新生,2022-09-26,22735.5
Orange,松江南京,2022-09-26,35457.0
Orange,輔大,2022-09-26,25914.0
Orange,新莊,2022-09-26,19631.0
Orange,頭前庄,2022-09-26,7207.5
Orange,先嗇宮,2022-09-26,8851.0
Orange,三重,2022-09-26,12375.0
Orange,菜寮,2022-09-26,18506.0
Orange,台北橋,2022-09-26,16790.0
Orange,大橋頭站,2022-09-26,21290.0
Orange,中山國小,2022-09-26,28648.0
Orange,行天宮,2022-09-26,48973.0
Orange,東門,2022-09-26,17809.5
Orange,蘆洲,2022-09-26,25586.0
Orange,三民高中,2022-09-26,22249.0
Orange,徐匯中學,2022-09-26,21677.0
Orange,三和國中,2022-09-26,21792.0
Orange,三重國小,2022-09-26,20881.0
Orange,迴龍,2022-09-26,21268.0
Orange,丹鳳,2022-09-26,16941.0
Orange,古亭,2022-09-27,29293.0
Orange,頂溪,2022-09-27,61483.0
Orange,永安市場,2022-09-27,45618.0
Orange,景安,2022-09-27,45509.0
Orange,南勢角,2022-09-27,36766.0
Orange,民權西路,2022-09-27,17041.0
Orange,忠孝新生,2022-09-27,23726.5
Orange,松江南京,2022-09-27,36689.5
Orange,輔大,2022-09-27,27786.0
Orange,新莊,2022-09-27,20490.0
Orange,頭前庄,2022-09-27,7358.5
Orange,先嗇宮,2022-09-27,9051.0
Orange,三重,2022-09-27,12932.0
Orange,菜寮,2022-09-27,19136.0
Orange,台北橋,2022-09-27,17375.0
Orange,大橋頭站,2022-09-27,22047.0
Orange,中山國小,2022-09-27,29049.0
Orange,行天宮,2022-09-27,48383.0
Orange,東門,2022-09-27,19510.5
Orange,蘆洲,2022-09-27,25935.0
Orange,三民高中,2022-09-27,22697.0
Orange,徐匯中學,2022-09-27,22489.0
Orange,三和國中,2022-09-27,22391.0
Orange,三重國小,2022-09-27,21248.0
Orange,迴龍,2022-09-27,21714.0
Orange,丹鳳,2022-09-27,17338.0
Orange,古亭,2022-09-28,29170.5
Orange,頂溪,2022-09-28,61668.0
Orange,永安市場,2022-09-28,45417.0
Orange,景安,2022-09-28,45629.0
Orange,南勢角,2022-09-28,36541.0
Orange,民權西路,2022-09-28,16150.5
Orange,忠孝新生,2022-09-28,24723.0
Orange,松江南京,2022-09-28,36577.0
Orange,輔大,2022-09-28,18311.0
Orange,新莊,2022-09-28,20504.0
Orange,頭前庄,2022-09-28,7339.0
Orange,先嗇宮,2022-09-28,9063.0
Orange,三重,2022-09-28,12840.0
Orange,菜寮,2022-09-28,19151.0
Orange,台北橋,2022-09-28,17649.0
Orange,大橋頭站,2022-09-28,21950.0
Orange,中山國小,2022-09-28,29744.0
Orange,行天宮,2022-09-28,49862.0
Orange,東門,2022-09-28,19746.5
Orange,蘆洲,2022-09-28,26108.0
Orange,三民高中,2022-09-28,22788.0
Orange,徐匯中學,2022-09-28,22357.0
Orange,三和國中,2022-09-28,22342.0
Orange,三重國小,2022-09-28,21228.0
Orange,迴龍,2022-09-28,21666.0
Orange,丹鳳,2022-09-28,17495.0
Orange,古亭,2022-09-29,29022.5
Orange,頂溪,2022-09-29,62291.0
Orange,永安市場,2022-09-29,45488.0
Orange,景安,2022-09-29,45761.0
Orange,南勢角,2022-09-29,36662.0
Orange,民權西路,2022-09-29,17023.0
Orange,忠孝新生,2022-09-29,23996.5
Orange,松江南京,2022-09-29,36667.5
Orange,輔大,2022-09-29,26862.0
Orange,新莊,2022-09-29,20437.0
Orange,頭前庄,2022-09-29,7458.5
Orange,先嗇宮,2022-09-29,9041.0
Orange,三重,2022-09-29,13284.0
Orange,菜寮,2022-09-29,19253.0
Orange,台北橋,2022-09-29,17513.0
Orange,大橋頭站,2022-09-29,22678.0
Orange,中山國小,2022-09-29,29629.0
Orange,行天宮,2022-09-29,48906.0
Orange,東門,2022-09-29,19264.0
Orange,蘆洲,2022-09-29,26293.0
Orange,三民高中,2022-09-29,22819.0
Orange,徐匯中學,2022-09-29,22336.0
Orange,三和國中,2022-09-29,22410.0
Orange,三重國小,2022-09-29,21353.0
Orange,迴龍,2022-09-29,21683.0
Orange,丹鳳,2022-09-29,17642.0
Orange,古亭,2022-09-30,30287.5
Orange,頂溪,2022-09-30,64832.0
Orange,永安市場,2022-09-30,47279.0
Orange,景安,2022-09-30,47674.0
Orange,南勢角,2022-09-30,38011.0
Orange,民權西路,2022-09-30,17269.0
Orange,忠孝新生,2022-09-30,25604.0
Orange,松江南京,2022-09-30,37412.0
Orange,輔大,2022-09-30,27346.0
Orange,新莊,2022-09-30,21316.0
Orange,頭前庄,2022-09-30,7735.5
Orange,先嗇宮,2022-09-30,9443.0
Orange,三重,2022-09-30,13906.0
Orange,菜寮,2022-09-30,19653.0
Orange,台北橋,2022-09-30,18941.0
Orange,大橋頭站,2022-09-30,24166.0
Orange,中山國小,2022-09-30,31789.0
Orange,行天宮,2022-09-30,50635.0
Orange,東門,2022-09-30,20435.0
Orange,蘆洲,2022-09-30,27059.0
Orange,三民高中,2022-09-30,24057.0
Orange,徐匯中學,2022-09-30,23644.0
Orange,三和國中,2022-09-30,22942.0
Orange,三重國小,2022-09-30,22197.0
Orange,迴龍,2022-09-30,22562.0
Orange,丹鳳,2022-09-30,18225.0
Orange,古亭,2022-10-01,21741.0
Orange,頂溪,2022-10-01,49717.0
Orange,永安市場,2022-10-01,34604.0
Orange,景安,2022-10-01,33216.0
Orange,南勢角,2022-10-01,29055.0
Orange,民權西路,2022-10-01,9809.0
Orange,忠孝新生,2022-10-01,21084.5
Orange,松江南京,2022-10-01,15975.0
Orange,輔大,2022-10-01,14341.0
Orange,新莊,2022-10-01,15645.0
Orange,頭前庄,2022-10-01,5411.0
Orange,先嗇宮,2022-10-01,4170.0
Orange,三重,2022-10-01,11200.0
Orange,菜寮,2022-10-01,12997.0
Orange,台北橋,2022-10-01,15904.0
Orange,大橋頭站,2022-10-01,19624.0
Orange,中山國小,2022-10-01,21762.0
Orange,行天宮,2022-10-01,32852.0
Orange,東門,2022-10-01,16869.0
Orange,蘆洲,2022-10-01,18356.0
Orange,三民高中,2022-10-01,16658.0
Orange,徐匯中學,2022-10-01,17217.0
Orange,三和國中,2022-10-01,15838.0
Orange,三重國小,2022-10-01,16581.0
Orange,迴龍,2022-10-01,13459.0
Orange,丹鳳,2022-10-01,12868.0
Orange,古亭,2022-10-02,16370.0
Orange,頂溪,2022-10-02,39108.0
Orange,永安市場,2022-10-02,27931.0
Orange,景安,2022-10-02,26277.0
Orange,南勢角,2022-10-02,23337.0
Orange,民權西路,2022-10-02,8339.0
Orange,忠孝新生,2022-10-02,15019.5
Orange,松江南京,2022-10-02,11133.5
Orange,輔大,2022-10-02,10844.0
Orange,新莊,2022-10-02,12648.0
Orange,頭前庄,2022-10-02,4381.0
Orange,先嗇宮,2022-10-02,3134.0
Orange,三重,2022-10-02,8989.0
Orange,菜寮,2022-10-02,9823.0
Orange,台北橋,2022-10-02,12121.0
Orange,大橋頭站,2022-10-02,15617.0
Orange,中山國小,2022-10-02,16582.0
Orange,行天宮,2022-10-02,22925.0
Orange,東門,2022-10-02,13232.0
Orange,蘆洲,2022-10-02,13840.0
Orange,三民高中,2022-10-02,12434.0
Orange,徐匯中學,2022-10-02,13117.0
Orange,三和國中,2022-10-02,12284.0
Orange,三重國小,2022-10-02,12903.0
Orange,迴龍,2022-10-02,10700.0
Orange,丹鳳,2022-10-02,9841.0
Orange,古亭,2022-10-03,27324.5
Orange,頂溪,2022-10-03,59732.0
Orange,永安市場,2022-10-03,43132.0
Orange,景安,2022-10-03,44484.0
Orange,南勢角,2022-10-03,35645.0
Orange,民權西路,2022-10-03,16656.5
Orange,忠孝新生,2022-10-03,22790.5
Orange,松江南京,2022-10-03,35165.5
Orange,輔大,2022-10-03,26094.0
Orange,新莊,2022-10-03,19949.0
Orange,頭前庄,2022-10-03,7091.0
Orange,先嗇宮,2022-10-03,8822.0
Orange,三重,2022-10-03,12306.0
Orange,菜寮,2022-10-03,18512.0
Orange,台北橋,2022-10-03,16845.0
Orange,大橋頭站,2022-10-03,21425.0
Orange,中山國小,2022-10-03,28543.0
Orange,行天宮,2022-10-03,47867.0
Orange,東門,2022-10-03,17638.5
Orange,蘆洲,2022-10-03,25504.0
Orange,三民高中,2022-10-03,22180.0
Orange,徐匯中學,2022-10-03,21689.0
Orange,三和國中,2022-10-03,22029.0
Orange,三重國小,2022-10-03,20572.0
Orange,迴龍,2022-10-03,21610.0
Orange,丹鳳,2022-10-03,16820.0
Orange,古亭,2022-10-04,28777.0
Orange,頂溪,2022-10-04,60547.0
Orange,永安市場,2022-10-04,44945.0
Orange,景安,2022-10-04,44965.0
Orange,南勢角,2022-10-04,36375.0
Orange,民權西路,2022-10-04,16701.0
Orange,忠孝新生,2022-10-04,23053.0
Orange,松江南京,2022-10-04,35840.0
Orange,輔大,2022-10-04,26478.0
Orange,新莊,2022-10-04,20072.0
Orange,頭前庄,2022-10-04,7191.0
Orange,先嗇宮,2022-10-04,9159.0
Orange,三重,2022-10-04,12576.0
Orange,菜寮,2022-10-04,19031.0
Orange,台北橋,2022-10-04,17099.0
Orange,大橋頭站,2022-10-04,21473.0
Orange,中山國小,2022-10-04,29480.0
Orange,行天宮,2022-10-04,47996.0
Orange,東門,2022-10-04,19140.5
Orange,蘆洲,2022-10-04,25731.0
Orange,三民高中,2022-10-04,22341.0
Orange,徐匯中學,2022-10-04,22077.0
Orange,三和國中,2022-10-04,22199.0
Orange,三重國小,2022-10-04,21063.0
Orange,迴龍,2022-10-04,21439.0
Orange,丹鳳,2022-10-04,17130.0
Orange,古亭,2022-10-05,30056.0
Orange,頂溪,2022-10-05,63153.0
Orange,永安市場,2022-10-05,46269.0
Orange,景安,2022-10-05,47011.0
Orange,南勢角,2022-10-05,37091.0
Orange,民權西路,2022-10-05,17483.5
Orange,忠孝新生,2022-10-05,24678.5
Orange,松江南京,2022-10-05,37286.5
Orange,輔大,2022-10-05,26490.0
Orange,新莊,2022-10-05,20655.0
Orange,頭前庄,2022-10-05,7453.5
Orange,先嗇宮,2022-10-05,9257.0
Orange,三重,2022-10-05,12766.0
Orange,菜寮,2022-10-05,19538.0
Orange,台北橋,2022-10-05,17868.0
Orange,大橋頭站,2022-10-05,22159.0
Orange,中山國小,2022-10-05,30281.0
Orange,行天宮,2022-10-05,49057.0
Orange,東門,2022-10-05,19638.5
Orange,蘆洲,2022-10-05,26141.0
Orange,三民高中,2022-10-05,22829.0
Orange,徐匯中學,2022-10-05,22717.0
Orange,三和國中,2022-10-05,22667.0
Orange,三重國小,2022-10-05,21250.0
Orange,迴龍,2022-10-05,21668.0
Orange,丹鳳,2022-10-05,17523.0
Orange,古亭,2022-10-06,29430.0
Orange,頂溪,2022-10-06,62616.0
Orange,永安市場,2022-10-06,46224.0
Orange,景安,2022-10-06,46276.0
Orange,南勢角,2022-10-06,37288.0
Orange,民權西路,2022-10-06,17331.5
Orange,忠孝新生,2022-10-06,24895.0
Orange,松江南京,2022-10-06,36974.0
Orange,輔大,2022-10-06,27100.0
Orange,新莊,2022-10-06,21090.0
Orange,頭前庄,2022-10-06,7516.0
Orange,先嗇宮,2022-10-06,9001.0
Orange,三重,2022-10-06,12910.0
Orange,菜寮,2022-10-06,19410.0
Orange,台北橋,2022-10-06,17643.0
Orange,大橋頭站,2022-10-06,22504.0
Orange,中山國小,2022-10-06,29364.0
Orange,行天宮,2022-10-06,49891.0
Orange,東門,2022-10-06,19467.5
Orange,蘆洲,2022-10-06,26048.0
Orange,三民高中,2022-10-06,23107.0
Orange,徐匯中學,2022-10-06,22535.0
Orange,三和國中,2022-10-06,22766.0
Orange,三重國小,2022-10-06,21406.0
Orange,迴龍,2022-10-06,21771.0
Orange,丹鳳,2022-10-06,17441.0
Orange,古亭,2022-10-07,30718.5
Orange,頂溪,2022-10-07,65311.0
Orange,永安市場,2022-10-07,47682.0
Orange,景安,2022-10-07,48390.0
Orange,南勢角,2022-10-07,37846.0
Orange,民權西路,2022-10-07,17739.0
Orange,忠孝新生,2022-10-07,25802.0
Orange,松江南京,2022-10-07,37666.5
Orange,輔大,2022-10-07,27634.0
Orange,新莊,2022-10-07,21540.0
Orange,頭前庄,2022-10-07,7682.5
Orange,先嗇宮,2022-10-07,9238.0
Orange,三重,2022-10-07,13447.0
Orange,菜寮,2022-10-07,19819.0
Orange,台北橋,2022-10-07,18559.0
Orange,大橋頭站,2022-10-07,24377.0
Orange,中山國小,2022-10-07,31923.0
Orange,行天宮,2022-10-07,50637.0
Orange,東門,2022-10-07,20022.0
Orange,蘆洲,2022-10-07,27341.0
Orange,三民高中,2022-10-07,24195.0
Orange,徐匯中學,2022-10-07,23972.0
Orange,三和國中,2022-10-07,23528.0
Orange,三重國小,2022-10-07,22417.0
Orange,迴龍,2022-10-07,22517.0
Orange,丹鳳,2022-10-07,18281.0
Orange,古亭,2022-10-08,19327.0
Orange,頂溪,2022-10-08,46452.0
Orange,永安市場,2022-10-08,32494.0
Orange,景安,2022-10-08,32174.0
Orange,南勢角,2022-10-08,27046.0
Orange,民權西路,2022-10-08,9427.0
Orange,忠孝新生,2022-10-08,20390.5
Orange,松江南京,2022-10-08,14900.5
Orange,輔大,2022-10-08,13889.0
Orange,新莊,2022-10-08,15842.0
Orange,頭前庄,2022-10-08,5605.5
Orange,先嗇宮,2022-10-08,3792.0
Orange,三重,2022-10-08,10979.0
Orange,菜寮,2022-10-08,11962.0
Orange,台北橋,2022-10-08,15669.0
Orange,大橋頭站,2022-10-08,18872.0
Orange,中山國小,2022-10-08,21432.0
Orange,行天宮,2022-10-08,29754.0
Orange,東門,2022-10-08,15071.0
Orange,蘆洲,2022-10-08,17361.0
Orange,三民高中,2022-10-08,15443.0
Orange,徐匯中學,2022-10-08,16991.0
Orange,三和國中,2022-10-08,15413.0
Orange,三重國小,2022-10-08,15942.0
Orange,迴龍,2022-10-08,12537.0
Orange,丹鳳,2022-10-08,11885.0
Orange,古亭,2022-10-09,15088.0
Orange,頂溪,2022-10-09,42613.0
Orange,永安市場,2022-10-09,29107.0
Orange,景安,2022-10-09,27636.0
Orange,南勢角,2022-10-09,24149.0
Orange,民權西路,2022-10-09,8896.0
Orange,忠孝新生,2022-10-09,18839.5
Orange,松江南京,2022-10-09,12214.0
Orange,輔大,2022-10-09,10575.0
Orange,新莊,2022-10-09,11579.0
Orange,頭前庄,2022-10-09,4783.5
Orange,先嗇宮,2022-10-09,3386.0
Orange,三重,2022-10-09,10089.0
Orange,菜寮,2022-10-09,10645.0
Orange,台北橋,2022-10-09,14259.0
Orange,大橋頭站,2022-10-09,16886.0
Orange,中山國小,2022-10-09,18216.0
Orange,行天宮,2022-10-09,24492.0
Orange,東門,2022-10-09,13665.0
Orange,蘆洲,2022-10-09,15720.0
Orange,三民高中,2022-10-09,13552.0
Orange,徐匯中學,2022-10-09,14509.0
Orange,三和國中,2022-10-09,13524.0
Orange,三重國小,2022-10-09,14302.0
Orange,迴龍,2022-10-09,11561.0
Orange,丹鳳,2022-10-09,10735.0
Orange,古亭,2022-10-10,13840.5
Orange,頂溪,2022-10-10,37808.0
Orange,永安市場,2022-10-10,25578.0
Orange,景安,2022-10-10,25246.0
Orange,南勢角,2022-10-10,23194.0
Orange,民權西路,2022-10-10,7208.5
Orange,忠孝新生,2022-10-10,14584.5
Orange,松江南京,2022-10-10,10771.5
Orange,輔大,2022-10-10,10493.0
Orange,新莊,2022-10-10,10520.0
Orange,頭前庄,2022-10-10,4000.0
Orange,先嗇宮,2022-10-10,2942.0
Orange,三重,2022-10-10,10060.0
Orange,菜寮,2022-10-10,9189.0
Orange,台北橋,2022-10-10,11953.0
Orange,大橋頭站,2022-10-10,14545.0
Orange,中山國小,2022-10-10,16475.0
Orange,行天宮,2022-10-10,24747.0
Orange,東門,2022-10-10,11128.5
Orange,蘆洲,2022-10-10,12858.0
Orange,三民高中,2022-10-10,11891.0
Orange,徐匯中學,2022-10-10,12787.0
Orange,三和國中,2022-10-10,12169.0
Orange,三重國小,2022-10-10,13056.0
Orange,迴龍,2022-10-10,9978.0
Orange,丹鳳,2022-10-10,9253.0
Orange,古亭,2022-10-11,28526.0
Orange,頂溪,2022-10-11,61313.0
Orange,永安市場,2022-10-11,45269.0
Orange,景安,2022-10-11,46024.0
Orange,南勢角,2022-10-11,36847.0
Orange,民權西路,2022-10-11,17280.5
Orange,忠孝新生,2022-10-11,23114.0
Orange,松江南京,2022-10-11,36439.0
Orange,輔大,2022-10-11,27249.0
Orange,新莊,2022-10-11,20472.0
Orange,頭前庄,2022-10-11,7342.0
Orange,先嗇宮,2022-10-11,9060.0
Orange,三重,2022-10-11,12766.0
Orange,菜寮,2022-10-11,19260.0
Orange,台北橋,2022-10-11,17383.0
Orange,大橋頭站,2022-10-11,22194.0
Orange,中山國小,2022-10-11,29991.0
Orange,行天宮,2022-10-11,48354.0
Orange,東門,2022-10-11,18681.0
Orange,蘆洲,2022-10-11,25844.0
Orange,三民高中,2022-10-11,22872.0
Orange,徐匯中學,2022-10-11,22440.0
Orange,三和國中,2022-10-11,22387.0
Orange,三重國小,2022-10-11,21118.0
Orange,迴龍,2022-10-11,21769.0
Orange,丹鳳,2022-10-11,17777.0
Orange,古亭,2022-10-12,29781.0
Orange,頂溪,2022-10-12,63464.0
Orange,永安市場,2022-10-12,46632.0
Orange,景安,2022-10-12,47278.0
Orange,南勢角,2022-10-12,37551.0
Orange,民權西路,2022-10-12,17580.0
Orange,忠孝新生,2022-10-12,24829.0
Orange,松江南京,2022-10-12,37910.0
Orange,輔大,2022-10-12,26256.0
Orange,新莊,2022-10-12,22398.0
Orange,頭前庄,2022-10-12,7660.0
Orange,先嗇宮,2022-10-12,9272.0
Orange,三重,2022-10-12,13192.0
Orange,菜寮,2022-10-12,19546.0
Orange,台北橋,2022-10-12,17883.0
Orange,大橋頭站,2022-10-12,22285.0
Orange,中山國小,2022-10-12,30811.0
Orange,行天宮,2022-10-12,50410.0
Orange,東門,2022-10-12,19542.5
Orange,蘆洲,2022-10-12,26254.0
Orange,三民高中,2022-10-12,22975.0
Orange,徐匯中學,2022-10-12,23511.0
Orange,三和國中,2022-10-12,23090.0
Orange,三重國小,2022-10-12,21578.0
Orange,迴龍,2022-10-12,21902.0
Orange,丹鳳,2022-10-12,17614.0
Orange,古亭,2022-10-13,29814.0
Orange,頂溪,2022-10-13,63410.0
Orange,永安市場,2022-10-13,46719.0
Orange,景安,2022-10-13,46917.0
Orange,南勢角,2022-10-13,37420.0
Orange,民權西路,2022-10-13,17627.0
Orange,忠孝新生,2022-10-13,25043.5
Orange,松江南京,2022-10-13,37699.5
Orange,輔大,2022-10-13,27129.0
Orange,新莊,2022-10-13,20617.0
Orange,頭前庄,2022-10-13,7627.0
Orange,先嗇宮,2022-10-13,9137.0
Orange,三重,2022-10-13,13048.0
Orange,菜寮,2022-10-13,19823.0
Orange,台北橋,2022-10-13,18019.0
Orange,大橋頭站,2022-10-13,22731.0
Orange,中山國小,2022-10-13,30859.0
Orange,行天宮,2022-10-13,49759.0
Orange,東門,2022-10-13,19553.0
Orange,蘆洲,2022-10-13,26589.0
Orange,三民高中,2022-10-13,23773.0
Orange,徐匯中學,2022-10-13,23127.0
Orange,三和國中,2022-10-13,23238.0
Orange,三重國小,2022-10-13,21849.0
Orange,迴龍,2022-10-13,21583.0
Orange,丹鳳,2022-10-13,17801.0
Orange,古亭,2022-10-14,31336.0
Orange,頂溪,2022-10-14,67322.0
Orange,永安市場,2022-10-14,49336.0
Orange,景安,2022-10-14,49375.0
Orange,南勢角,2022-10-14,38815.0
Orange,民權西路,2022-10-14,17876.5
Orange,忠孝新生,2022-10-14,26492.0
Orange,松江南京,2022-10-14,38886.0
Orange,輔大,2022-10-14,27820.0
Orange,新莊,2022-10-14,21862.0
Orange,頭前庄,2022-10-14,8029.5
Orange,先嗇宮,2022-10-14,9495.0
Orange,三重,2022-10-14,14055.0
Orange,菜寮,2022-10-14,20700.0
Orange,台北橋,2022-10-14,18998.0
Orange,大橋頭站,2022-10-14,24603.0
Orange,中山國小,2022-10-14,32664.0
Orange,行天宮,2022-10-14,54271.0
Orange,東門,2022-10-14,21176.5
Orange,蘆洲,2022-10-14,27266.0
Orange,三民高中,2022-10-14,24628.0
Orange,徐匯中學,2022-10-14,24479.0
Orange,三和國中,2022-10-14,23975.0
Orange,三重國小,2022-10-14,22723.0
Orange,迴龍,2022-10-14,22616.0
Orange,丹鳳,2022-10-14,18657.0
Orange,古亭,2022-10-15,22296.0
Orange,頂溪,2022-10-15,49235.0
Orange,永安市場,2022-10-15,34742.0
Orange,景安,2022-10-15,34098.0
Orange,南勢角,2022-10-15,28901.0
Orange,民權西路,2022-10-15,10425.0
Orange,忠孝新生,2022-10-15,20227.0
Orange,松江南京,2022-10-15,17010.0
Orange,輔大,2022-10-15,14664.0
Orange,新莊,2022-10-15,14504.0
Orange,頭前庄,2022-10-15,5350.0
Orange,先嗇宮,2022-10-15,4115.0
Orange,三重,2022-10-15,10493.0
Orange,菜寮,2022-10-15,15443.0
Orange,台北橋,2022-10-15,16114.0
Orange,大橋頭站,2022-10-15,19262.0
Orange,中山國小,2022-10-15,23457.0
Orange,行天宮,2022-10-15,32233.0
Orange,東門,2022-10-15,16424.0
Orange,蘆洲,2022-10-15,18039.0
Orange,三民高中,2022-10-15,16002.0
Orange,徐匯中學,2022-10-15,17349.0
Orange,三和國中,2022-10-15,16277.0
Orange,三重國小,2022-10-15,16785.0
Orange,迴龍,2022-10-15,12543.0
Orange,丹鳳,2022-10-15,12217.0
Orange,古亭,2022-10-16,14919.0
Orange,頂溪,2022-10-16,34809.0
Orange,永安市場,2022-10-16,24423.0
Orange,景安,2022-10-16,24522.0
Orange,南勢角,2022-10-16,20049.0
Orange,民權西路,2022-10-16,7830.0
Orange,忠孝新生,2022-10-16,13048.0
Orange,松江南京,2022-10-16,11253.0
Orange,輔大,2022-10-16,9414.0
Orange,新莊,2022-10-16,9432.0
Orange,頭前庄,2022-10-16,3374.0
Orange,先嗇宮,2022-10-16,2867.0
Orange,三重,2022-10-16,7068.0
Orange,菜寮,2022-10-16,9188.0
Orange,台北橋,2022-10-16,10867.0
Orange,大橋頭站,2022-10-16,12642.0
Orange,中山國小,2022-10-16,16030.0
Orange,行天宮,2022-10-16,20806.0
Orange,東門,2022-10-16,10738.0
Orange,蘆洲,2022-10-16,12790.0
Orange,三民高中,2022-10-16,10342.0
Orange,徐匯中學,2022-10-16,12248.0
Orange,三和國中,2022-10-16,11508.0
Orange,三重國小,2022-10-16,11817.0
Orange,迴龍,2022-10-16,8802.0
Orange,丹鳳,2022-10-16,8565.0
Orange,古亭,2022-10-17,28166.0
Orange,頂溪,2022-10-17,62257.0
Orange,永安市場,2022-10-17,45051.0
Orange,景安,2022-10-17,46672.0
Orange,南勢角,2022-10-17,36483.0
Orange,民權西路,2022-10-17,17053.5
Orange,忠孝新生,2022-10-17,24047.0
Orange,松江南京,2022-10-17,37653.5
Orange,輔大,2022-10-17,26270.0
Orange,新莊,2022-10-17,20683.0
Orange,頭前庄,2022-10-17,7822.0
Orange,先嗇宮,2022-10-17,9742.0
Orange,三重,2022-10-17,12835.0
Orange,菜寮,2022-10-17,19683.0
Orange,台北橋,2022-10-17,17754.0
Orange,大橋頭站,2022-10-17,22315.0
Orange,中山國小,2022-10-17,30208.0
Orange,行天宮,2022-10-17,49228.0
Orange,東門,2022-10-17,18217.5
Orange,蘆洲,2022-10-17,26123.0
Orange,三民高中,2022-10-17,22469.0
Orange,徐匯中學,2022-10-17,22910.0
Orange,三和國中,2022-10-17,23040.0
Orange,三重國小,2022-10-17,21309.0
Orange,迴龍,2022-10-17,21361.0
Orange,丹鳳,2022-10-17,17532.0
Orange,古亭,2022-10-18,30238.5
Orange,頂溪,2022-10-18,64274.0
Orange,永安市場,2022-10-18,47140.0
Orange,景安,2022-10-18,47738.0
Orange,南勢角,2022-10-18,38190.0
Orange,民權西路,2022-10-18,17850.0
Orange,忠孝新生,2022-10-18,25058.0
Orange,松江南京,2022-10-18,38839.5
Orange,輔大,2022-10-18,27531.0
Orange,新莊,2022-10-18,21276.0
Orange,頭前庄,2022-10-18,7783.5
Orange,先嗇宮,2022-10-18,9601.0
Orange,三重,2022-10-18,12881.0
Orange,菜寮,2022-10-18,20013.0
Orange,台北橋,2022-10-18,18398.0
Orange,大橋頭站,2022-10-18,22926.0
Orange,中山國小,2022-10-18,31984.0
Orange,行天宮,2022-10-18,50174.0
Orange,東門,2022-10-18,19940.0
Orange,蘆洲,2022-10-18,26722.0
Orange,三民高中,2022-10-18,23221.0
Orange,徐匯中學,2022-10-18,23191.0
Orange,三和國中,2022-10-18,22963.0
Orange,三重國小,2022-10-18,22093.0
Orange,迴龍,2022-10-18,21840.0
Orange,丹鳳,2022-10-18,17909.0
Orange,古亭,2022-10-19,29844.0
Orange,頂溪,2022-10-19,63682.0
Orange,永安市場,2022-10-19,46778.0
Orange,景安,2022-10-19,47305.0
Orange,南勢角,2022-10-19,38053.0
Orange,民權西路,2022-10-19,17752.5
Orange,忠孝新生,2022-10-19,24897.0
Orange,松江南京,2022-10-19,38153.5
Orange,輔大,2022-10-19,26366.0
Orange,新莊,2022-10-19,21043.0
Orange,頭前庄,2022-10-19,7725.5
Orange,先嗇宮,2022-10-19,9322.0
Orange,三重,2022-10-19,13298.0
Orange,菜寮,2022-10-19,19870.0
Orange,台北橋,2022-10-19,18311.0
Orange,大橋頭站,2022-10-19,22898.0
Orange,中山國小,2022-10-19,31242.0
Orange,行天宮,2022-10-19,50705.0
Orange,東門,2022-10-19,19757.0
Orange,蘆洲,2022-10-19,26705.0
Orange,三民高中,2022-10-19,23360.0
Orange,徐匯中學,2022-10-19,23382.0
Orange,三和國中,2022-10-19,23211.0
Orange,三重國小,2022-10-19,21903.0
Orange,迴龍,2022-10-19,22005.0
Orange,丹鳳,2022-10-19,17958.0
Orange,古亭,2022-10-20,30007.5
Orange,頂溪,2022-10-20,63832.0
Orange,永安市場,2022-10-20,47043.0
Orange,景安,2022-10-20,47836.0
Orange,南勢角,2022-10-20,38016.0
Orange,民權西路,2022-10-20,17820.0
Orange,忠孝新生,2022-10-20,25176.0
Orange,松江南京,2022-10-20,38087.5
Orange,輔大,2022-10-20,27188.0
Orange,新莊,2022-10-20,21093.0
Orange,頭前庄,2022-10-20,7813.0
Orange,先嗇宮,2022-10-20,9348.0
Orange,三重,2022-10-20,13297.0
Orange,菜寮,2022-10-20,19932.0
Orange,台北橋,2022-10-20,18146.0
Orange,大橋頭站,2022-10-20,23021.0
Orange,中山國小,2022-10-20,30914.0
Orange,行天宮,2022-10-20,51180.0
Orange,東門,2022-10-20,19780.5
Orange,蘆洲,2022-10-20,26717.0
Orange,三民高中,2022-10-20,23719.0
Orange,徐匯中學,2022-10-20,23210.0
Orange,三和國中,2022-10-20,23088.0
Orange,三重國小,2022-10-20,21767.0
Orange,迴龍,2022-10-20,22013.0
Orange,丹鳳,2022-10-20,18287.0
Orange,古亭,2022-10-21,31390.5
Orange,頂溪,2022-10-21,67624.0
Orange,永安市場,2022-10-21,49714.0
Orange,景安,2022-10-21,49992.0
Orange,南勢角,2022-10-21,39185.0
Orange,民權西路,2022-10-21,17916.0
Orange,忠孝新生,2022-10-21,26670.0
Orange,松江南京,2022-10-21,39294.5
Orange,輔大,2022-10-21,28035.0
Orange,新莊,2022-10-21,22947.0
Orange,頭前庄,2022-10-21,8021.0
Orange,先嗇宮,2022-10-21,9608.0
Orange,三重,2022-10-21,14450.0
Orange,菜寮,2022-10-21,20491.0
Orange,台北橋,2022-10-21,19519.0
Orange,大橋頭站,2022-10-21,25109.0
Orange,中山國小,2022-10-21,32598.0
Orange,行天宮,2022-10-21,53595.0
Orange,東門,2022-10-21,21965.0
Orange,蘆洲,2022-10-21,27937.0
Orange,三民高中,2022-10-21,24742.0
Orange,徐匯中學,2022-10-21,24584.0
Orange,三和國中,2022-10-21,24192.0
Orange,三重國小,2022-10-21,22859.0
Orange,迴龍,2022-10-21,23184.0
Orange,丹鳳,2022-10-21,18934.0
Orange,古亭,2022-10-22,22915.0
Orange,頂溪,2022-10-22,52653.0
Orange,永安市場,2022-10-22,37054.0
Orange,景安,2022-10-22,35590.0
Orange,南勢角,2022-10-22,29977.0
Orange,民權西路,2022-10-22,11418.0
Orange,忠孝新生,2022-10-22,21206.0
Orange,松江南京,2022-10-22,18948.0
Orange,輔大,2022-10-22,14827.0
Orange,新莊,2022-10-22,17349.0
Orange,頭前庄,2022-10-22,5755.0
Orange,先嗇宮,2022-10-22,4287.0
Orange,三重,2022-10-22,12308.0
Orange,菜寮,2022-10-22,14154.0
Orange,台北橋,2022-10-22,16694.0
Orange,大橋頭站,2022-10-22,19828.0
Orange,中山國小,2022-10-22,24158.0
Orange,行天宮,2022-10-22,33742.0
Orange,東門,2022-10-22,18097.5
Orange,蘆洲,2022-10-22,19421.0
Orange,三民高中,2022-10-22,17481.0
Orange,徐匯中學,2022-10-22,18541.0
Orange,三和國中,2022-10-22,18125.0
Orange,三重國小,2022-10-22,17354.0
Orange,迴龍,2022-10-22,14262.0
Orange,丹鳳,2022-10-22,13080.0
Orange,古亭,2022-10-23,17697.5
Orange,頂溪,2022-10-23,41829.0
Orange,永安市場,2022-10-23,29174.0
Orange,景安,2022-10-23,27332.0
Orange,南勢角,2022-10-23,24090.0
Orange,民權西路,2022-10-23,9249.0
Orange,忠孝新生,2022-10-23,16750.5
Orange,松江南京,2022-10-23,12675.0
Orange,輔大,2022-10-23,10566.0
Orange,新莊,2022-10-23,12227.0
Orange,頭前庄,2022-10-23,4271.5
Orange,先嗇宮,2022-10-23,3440.0
Orange,三重,2022-10-23,8466.0
Orange,菜寮,2022-10-23,10496.0
Orange,台北橋,2022-10-23,12763.0
Orange,大橋頭站,2022-10-23,15803.0
Orange,中山國小,2022-10-23,18890.0
Orange,行天宮,2022-10-23,23998.0
Orange,東門,2022-10-23,13538.0
Orange,蘆洲,2022-10-23,14833.0
Orange,三民高中,2022-10-23,12958.0
Orange,徐匯中學,2022-10-23,14284.0
Orange,三和國中,2022-10-23,14479.0
Orange,三重國小,2022-10-23,14153.0
Orange,迴龍,2022-10-23,10700.0
Orange,丹鳳,2022-10-23,10454.0
Orange,古亭,2022-10-24,28208.0
Orange,頂溪,2022-10-24,61640.0
Orange,永安市場,2022-10-24,44919.0
Orange,景安,2022-10-24,46211.0
Orange,南勢角,2022-10-24,36726.0
Orange,民權西路,2022-10-24,16846.0
Orange,忠孝新生,2022-10-24,23358.0
Orange,松江南京,2022-10-24,36458.5
Orange,輔大,2022-10-24,26252.0
Orange,新莊,2022-10-24,20945.0
Orange,頭前庄,2022-10-24,7613.5
Orange,先嗇宮,2022-10-24,8936.0
Orange,三重,2022-10-24,13004.0
Orange,菜寮,2022-10-24,19215.0
Orange,台北橋,2022-10-24,17127.0
Orange,大橋頭站,2022-10-24,22196.0
Orange,中山國小,2022-10-24,29631.0
Orange,行天宮,2022-10-24,49308.0
Orange,東門,2022-10-24,18419.0
Orange,蘆洲,2022-10-24,26101.0
Orange,三民高中,2022-10-24,22796.0
Orange,徐匯中學,2022-10-24,22442.0
Orange,三和國中,2022-10-24,22780.0
Orange,三重國小,2022-10-24,21594.0
Orange,迴龍,2022-10-24,21625.0
Orange,丹鳳,2022-10-24,17454.0
Orange,古亭,2022-10-25,30217.0
Orange,頂溪,2022-10-25,63779.0
Orange,永安市場,2022-10-25,47205.0
Orange,景安,2022-10-25,47512.0
Orange,南勢角,2022-10-25,37813.0
Orange,民權西路,2022-10-25,17727.5
Orange,忠孝新生,2022-10-25,24297.5
Orange,松江南京,2022-10-25,37868.0
Orange,輔大,2022-10-25,26678.0
Orange,新莊,2022-10-25,21070.0
Orange,頭前庄,2022-10-25,7650.0
Orange,先嗇宮,2022-10-25,9466.0
Orange,三重,2022-10-25,13162.0
Orange,菜寮,2022-10-25,19557.0
Orange,台北橋,2022-10-25,17941.0
Orange,大橋頭站,2022-10-25,22866.0
Orange,中山國小,2022-10-25,30679.0
Orange,行天宮,2022-10-25,51197.0
Orange,東門,2022-10-25,19884.5
Orange,蘆洲,2022-10-25,26852.0
Orange,三民高中,2022-10-25,23512.0
Orange,徐匯中學,2022-10-25,23049.0
Orange,三和國中,2022-10-25,23314.0
Orange,三重國小,2022-10-25,21901.0
Orange,迴龍,2022-10-25,21875.0
Orange,丹鳳,2022-10-25,18056.0
Orange,古亭,2022-10-26,30233.5
Orange,頂溪,2022-10-26,64338.0
Orange,永安市場,2022-10-26,47717.0
Orange,景安,2022-10-26,47635.0
Orange,南勢角,2022-10-26,38229.0
Orange,民權西路,2022-10-26,17690.0
Orange,忠孝新生,2022-10-26,25333.0
Orange,松江南京,2022-10-26,37568.5
Orange,輔大,2022-10-26,26068.0
Orange,新莊,2022-10-26,21374.0
Orange,頭前庄,2022-10-26,7925.0
Orange,先嗇宮,2022-10-26,9449.0
Orange,三重,2022-10-26,13738.0
Orange,菜寮,2022-10-26,19907.0
Orange,台北橋,2022-10-26,18504.0
Orange,大橋頭站,2022-10-26,23305.0
Orange,中山國小,2022-10-26,31397.0
Orange,行天宮,2022-10-26,51170.0
Orange,東門,2022-10-26,20484.0
Orange,蘆洲,2022-10-26,26921.0
Orange,三民高中,2022-10-26,23792.0
Orange,徐匯中學,2022-10-26,23220.0
Orange,三和國中,2022-10-26,23445.0
Orange,三重國小,2022-10-26,22156.0
Orange,迴龍,2022-10-26,22236.0
Orange,丹鳳,2022-10-26,18051.0
Orange,古亭,2022-10-27,30149.0
Orange,頂溪,2022-10-27,64419.0
Orange,永安市場,2022-10-27,47731.0
Orange,景安,2022-10-27,47817.0
Orange,南勢角,2022-10-27,38386.0
Orange,民權西路,2022-10-27,17470.5
Orange,忠孝新生,2022-10-27,25183.0
Orange,松江南京,2022-10-27,37950.0
Orange,輔大,2022-10-27,26562.0
Orange,新莊,2022-10-27,20932.0
Orange,頭前庄,2022-10-27,7816.0
Orange,先嗇宮,2022-10-27,9446.0
Orange,三重,2022-10-27,13635.0
Orange,菜寮,2022-10-27,20085.0
Orange,台北橋,2022-10-27,18080.0
Orange,大橋頭站,2022-10-27,23762.0
Orange,中山國小,2022-10-27,31390.0
Orange,行天宮,2022-10-27,50768.0
Orange,東門,2022-10-27,20561.5
Orange,蘆洲,2022-10-27,27092.0
Orange,三民高中,2022-10-27,23577.0
Orange,徐匯中學,2022-10-27,23375.0
Orange,三和國中,2022-10-27,23352.0
Orange,三重國小,2022-10-27,22139.0
Orange,迴龍,2022-10-27,22292.0
Orange,丹鳳,2022-10-27,17953.0
Orange,古亭,2022-10-28,32512.0
Orange,頂溪,2022-10-28,68356.0
Orange,永安市場,2022-10-28,49613.0
Orange,景安,2022-10-28,49963.0
Orange,南勢角,2022-10-28,39107.0
Orange,民權西路,2022-10-28,18011.5
Orange,忠孝新生,2022-10-28,27014.0
Orange,松江南京,2022-10-28,39548.0
Orange,輔大,2022-10-28,27085.0
Orange,新莊,2022-10-28,22242.0
Orange,頭前庄,2022-10-28,7997.0
Orange,先嗇宮,2022-10-28,10045.0
Orange,三重,2022-10-28,14213.0
Orange,菜寮,2022-10-28,21066.0
Orange,台北橋,2022-10-28,19898.0
Orange,大橋頭站,2022-10-28,26043.0
Orange,中山國小,2022-10-28,34171.0
Orange,行天宮,2022-10-28,54941.0
Orange,東門,2022-10-28,21499.0
Orange,蘆洲,2022-10-28,28125.0
Orange,三民高中,2022-10-28,24588.0
Orange,徐匯中學,2022-10-28,24832.0
Orange,三和國中,2022-10-28,24726.0
Orange,三重國小,2022-10-28,23250.0
Orange,迴龍,2022-10-28,22880.0
Orange,丹鳳,2022-10-28,19023.0
Orange,古亭,2022-10-29,23118.0
Orange,頂溪,2022-10-29,52550.0
Orange,永安市場,2022-10-29,37294.0
Orange,景安,2022-10-29,35253.0
Orange,南勢角,2022-10-29,29532.0
Orange,民權西路,2022-10-29,10473.0
Orange,忠孝新生,2022-10-29,22614.0
Orange,松江南京,2022-10-29,17508.5
Orange,輔大,2022-10-29,13906.0
Orange,新莊,2022-10-29,17063.0
Orange,頭前庄,2022-10-29,5560.0
Orange,先嗇宮,2022-10-29,4275.0
Orange,三重,2022-10-29,11116.0
Orange,菜寮,2022-10-29,13627.0
Orange,台北橋,2022-10-29,16693.0
Orange,大橋頭站,2022-10-29,20663.0
Orange,中山國小,2022-10-29,24240.0
Orange,行天宮,2022-10-29,32984.0
Orange,東門,2022-10-29,17613.0
Orange,蘆洲,2022-10-29,18880.0
Orange,三民高中,2022-10-29,16713.0
Orange,徐匯中學,2022-10-29,18283.0
Orange,三和國中,2022-10-29,17255.0
Orange,三重國小,2022-10-29,17208.0
Orange,迴龍,2022-10-29,13759.0
Orange,丹鳳,2022-10-29,13201.0
Orange,古亭,2022-10-30,16621.5
Orange,頂溪,2022-10-30,40451.0
Orange,永安市場,2022-10-30,28207.0
Orange,景安,2022-10-30,26965.0
Orange,南勢角,2022-10-30,23264.0
Orange,民權西路,2022-10-30,8943.5
Orange,忠孝新生,2022-10-30,15212.0
Orange,松江南京,2022-10-30,12461.0
Orange,輔大,2022-10-30,9304.0
Orange,新莊,2022-10-30,11694.0
Orange,頭前庄,2022-10-30,3988.0
Orange,先嗇宮,2022-10-30,3319.0
Orange,三重,2022-10-30,8403.0
Orange,菜寮,2022-10-30,11160.0
Orange,台北橋,2022-10-30,12864.0
Orange,大橋頭站,2022-10-30,15145.0
Orange,中山國小,2022-10-30,17506.0
Orange,行天宮,2022-10-30,24204.0
Orange,東門,2022-10-30,13197.0
Orange,蘆洲,2022-10-30,14502.0
Orange,三民高中,2022-10-30,12625.0
Orange,徐匯中學,2022-10-30,13762.0
Orange,三和國中,2022-10-30,13324.0
Orange,三重國小,2022-10-30,13284.0
Orange,迴龍,2022-10-30,10133.0
Orange,丹鳳,2022-10-30,9915.0
Orange,古亭,2022-10-31,29209.0
Orange,頂溪,2022-10-31,64272.0
Orange,永安市場,2022-10-31,45873.0
Orange,景安,2022-10-31,47321.0
Orange,南勢角,2022-10-31,36836.0
Orange,民權西路,2022-10-31,17351.5
Orange,忠孝新生,2022-10-31,21419.0
Orange,松江南京,2022-10-31,38090.5
Orange,輔大,2022-10-31,26639.0
Orange,新莊,2022-10-31,20138.0
Orange,頭前庄,2022-10-31,7628.5
Orange,先嗇宮,2022-10-31,9563.0
Orange,三重,2022-10-31,13177.0
Orange,菜寮,2022-10-31,19992.0
Orange,台北橋,2022-10-31,18066.0
Orange,大橋頭站,2022-10-31,22751.0
Orange,中山國小,2022-10-31,30528.0
Orange,行天宮,2022-10-31,49819.0
Orange,東門,2022-10-31,18990.5
Orange,蘆洲,2022-10-31,26165.0
Orange,三民高中,2022-10-31,22683.0
Orange,徐匯中學,2022-10-31,23062.0
Orange,三和國中,2022-10-31,23216.0
Orange,三重國小,2022-10-31,21940.0
Orange,迴龍,2022-10-31,21653.0
Orange,丹鳳,2022-10-31,17486.0
Orange,古亭,2022-11-01,31146.5
Orange,頂溪,2022-11-01,65379.0
Orange,永安市場,2022-11-01,47628.0
Orange,景安,2022-11-01,48571.0
Orange,南勢角,2022-11-01,38102.0
Orange,民權西路,2022-11-01,18052.0
Orange,忠孝新生,2022-11-01,25048.5
Orange,松江南京,2022-11-01,39333.5
Orange,輔大,2022-11-01,27195.0
Orange,新莊,2022-11-01,20816.0
Orange,頭前庄,2022-11-01,7820.0
Orange,先嗇宮,2022-11-01,9808.0
Orange,三重,2022-11-01,13628.0
Orange,菜寮,2022-11-01,20599.0
Orange,台北橋,2022-11-01,18702.0
Orange,大橋頭站,2022-11-01,22798.0
Orange,中山國小,2022-11-01,32459.0
Orange,行天宮,2022-11-01,52721.0
Orange,東門,2022-11-01,20145.5
Orange,蘆洲,2022-11-01,27250.0
Orange,三民高中,2022-11-01,23549.0
Orange,徐匯中學,2022-11-01,23678.0
Orange,三和國中,2022-11-01,23846.0
Orange,三重國小,2022-11-01,22453.0
Orange,迴龍,2022-11-01,21946.0
Orange,丹鳳,2022-11-01,18079.0
Orange,古亭,2022-11-02,31163.0
Orange,頂溪,2022-11-02,65418.0
Orange,永安市場,2022-11-02,47369.0
Orange,景安,2022-11-02,47803.0
Orange,南勢角,2022-11-02,38460.0
Orange,民權西路,2022-11-02,17826.5
Orange,忠孝新生,2022-11-02,25385.0
Orange,松江南京,2022-11-02,38839.5
Orange,輔大,2022-11-02,25555.0
Orange,新莊,2022-11-02,21217.0
Orange,頭前庄,2022-11-02,7876.5
Orange,先嗇宮,2022-11-02,9553.0
Orange,三重,2022-11-02,13620.0
Orange,菜寮,2022-11-02,20056.0
Orange,台北橋,2022-11-02,18441.0
Orange,大橋頭站,2022-11-02,23095.0
Orange,中山國小,2022-11-02,31801.0
Orange,行天宮,2022-11-02,52457.0
Orange,東門,2022-11-02,20493.0
Orange,蘆洲,2022-11-02,27066.0
Orange,三民高中,2022-11-02,23921.0
Orange,徐匯中學,2022-11-02,23475.0
Orange,三和國中,2022-11-02,23658.0
Orange,三重國小,2022-11-02,22237.0
Orange,迴龍,2022-11-02,22193.0
Orange,丹鳳,2022-11-02,17983.0
Orange,古亭,2022-11-03,31134.0
Orange,頂溪,2022-11-03,64956.0
Orange,永安市場,2022-11-03,47758.0
Orange,景安,2022-11-03,47853.0
Orange,南勢角,2022-11-03,38558.0
Orange,民權西路,2022-11-03,17886.5
Orange,忠孝新生,2022-11-03,25844.5
Orange,松江南京,2022-11-03,39049.0
Orange,輔大,2022-11-03,26828.0
Orange,新莊,2022-11-03,21308.0
Orange,頭前庄,2022-11-03,7881.0
Orange,先嗇宮,2022-11-03,9605.0
Orange,三重,2022-11-03,13731.0
Orange,菜寮,2022-11-03,20046.0
Orange,台北橋,2022-11-03,18587.0
Orange,大橋頭站,2022-11-03,23615.0
Orange,中山國小,2022-11-03,31342.0
Orange,行天宮,2022-11-03,51462.0
Orange,東門,2022-11-03,20701.5
Orange,蘆洲,2022-11-03,27202.0
Orange,三民高中,2022-11-03,23636.0
Orange,徐匯中學,2022-11-03,23245.0
Orange,三和國中,2022-11-03,23468.0
Orange,三重國小,2022-11-03,22386.0
Orange,迴龍,2022-11-03,22072.0
Orange,丹鳳,2022-11-03,18179.0
Orange,古亭,2022-11-04,31782.5
Orange,頂溪,2022-11-04,67854.0
Orange,永安市場,2022-11-04,50496.0
Orange,景安,2022-11-04,49955.0
Orange,南勢角,2022-11-04,39264.0
Orange,民權西路,2022-11-04,17969.5
Orange,忠孝新生,2022-11-04,27219.5
Orange,松江南京,2022-11-04,39893.5
Orange,輔大,2022-11-04,28379.0
Orange,新莊,2022-11-04,22303.0
Orange,頭前庄,2022-11-04,8282.5
Orange,先嗇宮,2022-11-04,9769.0
Orange,三重,2022-11-04,14574.0
Orange,菜寮,2022-11-04,20641.0
Orange,台北橋,2022-11-04,19497.0
Orange,大橋頭站,2022-11-04,25704.0
Orange,中山國小,2022-11-04,33699.0
Orange,行天宮,2022-11-04,53874.0
Orange,東門,2022-11-04,21620.5
Orange,蘆洲,2022-11-04,28066.0
Orange,三民高中,2022-11-04,24892.0
Orange,徐匯中學,2022-11-04,24632.0
Orange,三和國中,2022-11-04,24155.0
Orange,三重國小,2022-11-04,23081.0
Orange,迴龍,2022-11-04,23111.0
Orange,丹鳳,2022-11-04,19056.0
Orange,古亭,2022-11-05,23907.0
Orange,頂溪,2022-11-05,53339.0
Orange,永安市場,2022-11-05,37243.0
Orange,景安,2022-11-05,35870.0
Orange,南勢角,2022-11-05,30463.0
Orange,民權西路,2022-11-05,11213.5
Orange,忠孝新生,2022-11-05,22935.5
Orange,松江南京,2022-11-05,16823.0
Orange,輔大,2022-11-05,14882.0
Orange,新莊,2022-11-05,15582.0
Orange,頭前庄,2022-11-05,6225.0
Orange,先嗇宮,2022-11-05,4897.0
Orange,三重,2022-11-05,13170.0
Orange,菜寮,2022-11-05,14222.0
Orange,台北橋,2022-11-05,17481.0
Orange,大橋頭站,2022-11-05,19777.0
Orange,中山國小,2022-11-05,23272.0
Orange,行天宮,2022-11-05,32802.0
Orange,東門,2022-11-05,17650.5
Orange,蘆洲,2022-11-05,20164.0
Orange,三民高中,2022-11-05,18327.0
Orange,徐匯中學,2022-11-05,18358.0
Orange,三和國中,2022-11-05,18045.0
Orange,三重國小,2022-11-05,18059.0
Orange,迴龍,2022-11-05,14345.0
Orange,丹鳳,2022-11-05,13825.0
Orange,古亭,2022-11-06,18398.5
Orange,頂溪,2022-11-06,44568.0
Orange,永安市場,2022-11-06,31313.0
Orange,景安,2022-11-06,29694.0
Orange,南勢角,2022-11-06,25848.0
Orange,民權西路,2022-11-06,9735.5
Orange,忠孝新生,2022-11-06,19356.5
Orange,松江南京,2022-11-06,12522.5
Orange,輔大,2022-11-06,11991.0
Orange,新莊,2022-11-06,13102.0
Orange,頭前庄,2022-11-06,4824.5
Orange,先嗇宮,2022-11-06,3796.0
Orange,三重,2022-11-06,11789.0
Orange,菜寮,2022-11-06,11620.0
Orange,台北橋,2022-11-06,13620.0
Orange,大橋頭站,2022-11-06,17546.0
Orange,中山國小,2022-11-06,18370.0
Orange,行天宮,2022-11-06,25439.0
Orange,東門,2022-11-06,14738.0
Orange,蘆洲,2022-11-06,16074.0
Orange,三民高中,2022-11-06,14677.0
Orange,徐匯中學,2022-11-06,15349.0
Orange,三和國中,2022-11-06,14600.0
Orange,三重國小,2022-11-06,14611.0
Orange,迴龍,2022-11-06,12498.0
Orange,丹鳳,2022-11-06,11209.0
Orange,古亭,2022-11-07,29042.5
Orange,頂溪,2022-11-07,63176.0
Orange,永安市場,2022-11-07,45814.0
Orange,景安,2022-11-07,47026.0
Orange,南勢角,2022-11-07,37279.0
Orange,民權西路,2022-11-07,17612.5
Orange,忠孝新生,2022-11-07,23630.0
Orange,松江南京,2022-11-07,37179.0
Orange,輔大,2022-11-07,26983.0
Orange,新莊,2022-11-07,20935.0
Orange,頭前庄,2022-11-07,7633.5
Orange,先嗇宮,2022-11-07,9288.0
Orange,三重,2022-11-07,13512.0
Orange,菜寮,2022-11-07,19426.0
Orange,台北橋,2022-11-07,17792.0
Orange,大橋頭站,2022-11-07,23258.0
Orange,中山國小,2022-11-07,30522.0
Orange,行天宮,2022-11-07,51165.0
Orange,東門,2022-11-07,18871.5
Orange,蘆洲,2022-11-07,26667.0
Orange,三民高中,2022-11-07,23425.0
Orange,徐匯中學,2022-11-07,23013.0
Orange,三和國中,2022-11-07,23168.0
Orange,三重國小,2022-11-07,22019.0
Orange,迴龍,2022-11-07,22065.0
Orange,丹鳳,2022-11-07,17773.0
Orange,古亭,2022-11-08,30699.5
Orange,頂溪,2022-11-08,64817.0
Orange,永安市場,2022-11-08,47643.0
Orange,景安,2022-11-08,48196.0
Orange,南勢角,2022-11-08,38094.0
Orange,民權西路,2022-11-08,18223.5
Orange,忠孝新生,2022-11-08,24722.5
Orange,松江南京,2022-11-08,39121.0
Orange,輔大,2022-11-08,27262.0
Orange,新莊,2022-11-08,21091.0
Orange,頭前庄,2022-11-08,7606.5
Orange,先嗇宮,2022-11-08,9687.0
Orange,三重,2022-11-08,14029.0
Orange,菜寮,2022-11-08,19854.0
Orange,台北橋,2022-11-08,18638.0
Orange,大橋頭站,2022-11-08,23085.0
Orange,中山國小,2022-11-08,32199.0
Orange,行天宮,2022-11-08,53024.0
Orange,東門,2022-11-08,20586.5
Orange,蘆洲,2022-11-08,27306.0
Orange,三民高中,2022-11-08,23789.0
Orange,徐匯中學,2022-11-08,23875.0
Orange,三和國中,2022-11-08,23624.0
Orange,三重國小,2022-11-08,22435.0
Orange,迴龍,2022-11-08,22344.0
Orange,丹鳳,2022-11-08,18118.0
Orange,古亭,2022-11-09,30967.5
Orange,頂溪,2022-11-09,65988.0
Orange,永安市場,2022-11-09,47919.0
Orange,景安,2022-11-09,48371.0
Orange,南勢角,2022-11-09,38174.0
Orange,民權西路,2022-11-09,18213.0
Orange,忠孝新生,2022-11-09,25269.5
Orange,松江南京,2022-11-09,38708.0
Orange,輔大,2022-11-09,27327.0
Orange,新莊,2022-11-09,21889.0
Orange,頭前庄,2022-11-09,8160.0
Orange,先嗇宮,2022-11-09,9753.0
Orange,三重,2022-11-09,14157.0
Orange,菜寮,2022-11-09,20446.0
Orange,台北橋,2022-11-09,18529.0
Orange,大橋頭站,2022-11-09,23667.0
Orange,中山國小,2022-11-09,31968.0
Orange,行天宮,2022-11-09,52727.0
Orange,東門,2022-11-09,20926.5
Orange,蘆洲,2022-11-09,27367.0
Orange,三民高中,2022-11-09,24336.0
Orange,徐匯中學,2022-11-09,23595.0
Orange,三和國中,2022-11-09,23879.0
Orange,三重國小,2022-11-09,22385.0
Orange,迴龍,2022-11-09,22453.0
Orange,丹鳳,2022-11-09,18175.0
Orange,古亭,2022-11-10,31127.0
Orange,頂溪,2022-11-10,65712.0
Orange,永安市場,2022-11-10,48870.0
Orange,景安,2022-11-10,48675.0
Orange,南勢角,2022-11-10,38933.0
Orange,民權西路,2022-11-10,17952.0
Orange,忠孝新生,2022-11-10,25608.0
Orange,松江南京,2022-11-10,38611.0
Orange,輔大,2022-11-10,27675.0
Orange,新莊,2022-11-10,21706.0
Orange,頭前庄,2022-11-10,7902.0
Orange,先嗇宮,2022-11-10,9837.0
Orange,三重,2022-11-10,14058.0
Orange,菜寮,2022-11-10,20237.0
Orange,台北橋,2022-11-10,18654.0
Orange,大橋頭站,2022-11-10,24150.0
Orange,中山國小,2022-11-10,32225.0
Orange,行天宮,2022-11-10,52575.0
Orange,東門,2022-11-10,20892.5
Orange,蘆洲,2022-11-10,27525.0
Orange,三民高中,2022-11-10,24144.0
Orange,徐匯中學,2022-11-10,23609.0
Orange,三和國中,2022-11-10,24070.0
Orange,三重國小,2022-11-10,22457.0
Orange,迴龍,2022-11-10,22717.0
Orange,丹鳳,2022-11-10,18673.0
Orange,古亭,2022-11-11,31651.0
Orange,頂溪,2022-11-11,68809.0
Orange,永安市場,2022-11-11,50695.0
Orange,景安,2022-11-11,50629.0
Orange,南勢角,2022-11-11,40308.0
Orange,民權西路,2022-11-11,18151.0
Orange,忠孝新生,2022-11-11,27078.5
Orange,松江南京,2022-11-11,39557.0
Orange,輔大,2022-11-11,28701.0
Orange,新莊,2022-11-11,22642.0
Orange,頭前庄,2022-11-11,8434.5
Orange,先嗇宮,2022-11-11,9769.0
Orange,三重,2022-11-11,15240.0
Orange,菜寮,2022-11-11,21143.0
Orange,台北橋,2022-11-11,19993.0
Orange,大橋頭站,2022-11-11,26411.0
Orange,中山國小,2022-11-11,33983.0
Orange,行天宮,2022-11-11,55241.0
Orange,東門,2022-11-11,22099.0
Orange,蘆洲,2022-11-11,28874.0
Orange,三民高中,2022-11-11,25308.0
Orange,徐匯中學,2022-11-11,25351.0
Orange,三和國中,2022-11-11,25247.0
Orange,三重國小,2022-11-11,23467.0
Orange,迴龍,2022-11-11,23597.0
Orange,丹鳳,2022-11-11,20150.0
Orange,古亭,2022-11-12,24792.0
Orange,頂溪,2022-11-12,58049.0
Orange,永安市場,2022-11-12,40821.0
Orange,景安,2022-11-12,39588.0
Orange,南勢角,2022-11-12,34651.0
Orange,民權西路,2022-11-12,12930.5
Orange,忠孝新生,2022-11-12,24589.5
Orange,松江南京,2022-11-12,20145.5
Orange,輔大,2022-11-12,15953.0
Orange,新莊,2022-11-12,18343.0
Orange,頭前庄,2022-11-12,6550.5
Orange,先嗇宮,2022-11-12,4545.0
Orange,三重,2022-11-12,16772.0
Orange,菜寮,2022-11-12,16540.0
Orange,台北橋,2022-11-12,18695.0
Orange,大橋頭站,2022-11-12,22813.0
Orange,中山國小,2022-11-12,25830.0
Orange,行天宮,2022-11-12,36214.0
Orange,東門,2022-11-12,19369.5
Orange,蘆洲,2022-11-12,23272.0
Orange,三民高中,2022-11-12,19628.0
Orange,徐匯中學,2022-11-12,21098.0
Orange,三和國中,2022-11-12,19239.0
Orange,三重國小,2022-11-12,19048.0
Orange,迴龍,2022-11-12,16429.0
Orange,丹鳳,2022-11-12,15293.0
Orange,古亭,2022-11-13,18422.5
Orange,頂溪,2022-11-13,46119.0
Orange,永安市場,2022-11-13,32792.0
Orange,景安,2022-11-13,31395.0
Orange,南勢角,2022-11-13,27616.0
Orange,民權西路,2022-11-13,9764.5
Orange,忠孝新生,2022-11-13,19014.5
Orange,松江南京,2022-11-13,13291.5
Orange,輔大,2022-11-13,12616.0
Orange,新莊,2022-11-13,13962.0
Orange,頭前庄,2022-11-13,5150.5
Orange,先嗇宮,2022-11-13,3938.0
Orange,三重,2022-11-13,11741.0
Orange,菜寮,2022-11-13,11856.0
Orange,台北橋,2022-11-13,13835.0
Orange,大橋頭站,2022-11-13,18517.0
Orange,中山國小,2022-11-13,19145.0
Orange,行天宮,2022-11-13,27105.0
Orange,東門,2022-11-13,14992.0
Orange,蘆洲,2022-11-13,16986.0
Orange,三民高中,2022-11-13,14590.0
Orange,徐匯中學,2022-11-13,15467.0
Orange,三和國中,2022-11-13,15430.0
Orange,三重國小,2022-11-13,15305.0
Orange,迴龍,2022-11-13,13014.0
Orange,丹鳳,2022-11-13,12141.0
Orange,古亭,2022-11-14,28908.0
Orange,頂溪,2022-11-14,63213.0
Orange,永安市場,2022-11-14,45805.0
Orange,景安,2022-11-14,46921.0
Orange,南勢角,2022-11-14,37396.0
Orange,民權西路,2022-11-14,16648.5
Orange,忠孝新生,2022-11-14,24150.5
Orange,松江南京,2022-11-14,36561.0
Orange,輔大,2022-11-14,26583.0
Orange,新莊,2022-11-14,20609.0
Orange,頭前庄,2022-11-14,7677.5
Orange,先嗇宮,2022-11-14,9400.0
Orange,三重,2022-11-14,13213.0
Orange,菜寮,2022-11-14,19790.0
Orange,台北橋,2022-11-14,17914.0
Orange,大橋頭站,2022-11-14,22697.0
Orange,中山國小,2022-11-14,29510.0
Orange,行天宮,2022-11-14,48952.0
Orange,東門,2022-11-14,19201.5
Orange,蘆洲,2022-11-14,26413.0
Orange,三民高中,2022-11-14,23029.0
Orange,徐匯中學,2022-11-14,22648.0
Orange,三和國中,2022-11-14,23311.0
Orange,三重國小,2022-11-14,21812.0
Orange,迴龍,2022-11-14,22180.0
Orange,丹鳳,2022-11-14,17993.0
Orange,古亭,2022-11-15,30957.5
Orange,頂溪,2022-11-15,64765.0
Orange,永安市場,2022-11-15,47616.0
Orange,景安,2022-11-15,48663.0
Orange,南勢角,2022-11-15,38527.0
Orange,民權西路,2022-11-15,18267.0
Orange,忠孝新生,2022-11-15,24967.0
Orange,松江南京,2022-11-15,38725.0
Orange,輔大,2022-11-15,27310.0
Orange,新莊,2022-11-15,21474.0
Orange,頭前庄,2022-11-15,7911.0
Orange,先嗇宮,2022-11-15,9572.0
Orange,三重,2022-11-15,13886.0
Orange,菜寮,2022-11-15,20218.0
Orange,台北橋,2022-11-15,18087.0
Orange,大橋頭站,2022-11-15,23798.0
Orange,中山國小,2022-11-15,31642.0
Orange,行天宮,2022-11-15,51176.0
Orange,東門,2022-11-15,20625.0
Orange,蘆洲,2022-11-15,27242.0
Orange,三民高中,2022-11-15,23836.0
Orange,徐匯中學,2022-11-15,23891.0
Orange,三和國中,2022-11-15,23720.0
Orange,三重國小,2022-11-15,22062.0
Orange,迴龍,2022-11-15,22864.0
Orange,丹鳳,2022-11-15,18300.0
Orange,古亭,2022-11-16,31461.5
Orange,頂溪,2022-11-16,66163.0
Orange,永安市場,2022-11-16,48481.0
Orange,景安,2022-11-16,48712.0
Orange,南勢角,2022-11-16,39136.0
Orange,民權西路,2022-11-16,18161.0
Orange,忠孝新生,2022-11-16,26087.5
Orange,松江南京,2022-11-16,39522.0
Orange,輔大,2022-11-16,27541.0
Orange,新莊,2022-11-16,21522.0
Orange,頭前庄,2022-11-16,7951.0
Orange,先嗇宮,2022-11-16,9639.0
Orange,三重,2022-11-16,13917.0
Orange,菜寮,2022-11-16,21084.0
Orange,台北橋,2022-11-16,18554.0
Orange,大橋頭站,2022-11-16,23776.0
Orange,中山國小,2022-11-16,31870.0
Orange,行天宮,2022-11-16,53737.0
Orange,東門,2022-11-16,21473.0
Orange,蘆洲,2022-11-16,27237.0
Orange,三民高中,2022-11-16,24261.0
Orange,徐匯中學,2022-11-16,23833.0
Orange,三和國中,2022-11-16,24177.0
Orange,三重國小,2022-11-16,22630.0
Orange,迴龍,2022-11-16,22597.0
Orange,丹鳳,2022-11-16,18385.0
Orange,古亭,2022-11-17,31032.0
Orange,頂溪,2022-11-17,65719.0
Orange,永安市場,2022-11-17,48478.0
Orange,景安,2022-11-17,48783.0
Orange,南勢角,2022-11-17,39554.0
Orange,民權西路,2022-11-17,18260.0
Orange,忠孝新生,2022-11-17,25522.0
Orange,松江南京,2022-11-17,38889.0
Orange,輔大,2022-11-17,27416.0
Orange,新莊,2022-11-17,21901.0
Orange,頭前庄,2022-11-17,7983.0
Orange,先嗇宮,2022-11-17,9526.0
Orange,三重,2022-11-17,14082.0
Orange,菜寮,2022-11-17,20529.0
Orange,台北橋,2022-11-17,18620.0
Orange,大橋頭站,2022-11-17,24095.0
Orange,中山國小,2022-11-17,31676.0
Orange,行天宮,2022-11-17,52711.0
Orange,東門,2022-11-17,20966.0
Orange,蘆洲,2022-11-17,27680.0
Orange,三民高中,2022-11-17,24436.0
Orange,徐匯中學,2022-11-17,23862.0
Orange,三和國中,2022-11-17,23933.0
Orange,三重國小,2022-11-17,22451.0
Orange,迴龍,2022-11-17,22769.0
Orange,丹鳳,2022-11-17,18337.0
Orange,古亭,2022-11-18,32498.5
Orange,頂溪,2022-11-18,69170.0
Orange,永安市場,2022-11-18,51220.0
Orange,景安,2022-11-18,50849.0
Orange,南勢角,2022-11-18,40188.0
Orange,民權西路,2022-11-18,18391.0
Orange,忠孝新生,2022-11-18,27112.0
Orange,松江南京,2022-11-18,39825.5
Orange,輔大,2022-11-18,28646.0
Orange,新莊,2022-11-18,22894.0
Orange,頭前庄,2022-11-18,8467.0
Orange,先嗇宮,2022-11-18,9922.0
Orange,三重,2022-11-18,14972.0
Orange,菜寮,2022-11-18,21030.0
Orange,台北橋,2022-11-18,20366.0
Orange,大橋頭站,2022-11-18,26545.0
Orange,中山國小,2022-11-18,34283.0
Orange,行天宮,2022-11-18,54621.0
Orange,東門,2022-11-18,22538.0
Orange,蘆洲,2022-11-18,28827.0
Orange,三民高中,2022-11-18,25654.0
Orange,徐匯中學,2022-11-18,25506.0
Orange,三和國中,2022-11-18,25179.0
Orange,三重國小,2022-11-18,23942.0
Orange,迴龍,2022-11-18,23635.0
Orange,丹鳳,2022-11-18,19406.0
Orange,古亭,2022-11-19,25026.5
Orange,頂溪,2022-11-19,56683.0
Orange,永安市場,2022-11-19,40328.0
Orange,景安,2022-11-19,39040.0
Orange,南勢角,2022-11-19,33134.0
Orange,民權西路,2022-11-19,11030.5
Orange,忠孝新生,2022-11-19,22130.5
Orange,松江南京,2022-11-19,18446.0
Orange,輔大,2022-11-19,16700.0
Orange,新莊,2022-11-19,16797.0
Orange,頭前庄,2022-11-19,6231.0
Orange,先嗇宮,2022-11-19,5007.0
Orange,三重,2022-11-19,14964.0
Orange,菜寮,2022-11-19,15461.0
Orange,台北橋,2022-11-19,18470.0
Orange,大橋頭站,2022-11-19,22870.0
Orange,中山國小,2022-11-19,25674.0
Orange,行天宮,2022-11-19,35560.0
Orange,東門,2022-11-19,19738.5
Orange,蘆洲,2022-11-19,21284.0
Orange,三民高中,2022-11-19,19158.0
Orange,徐匯中學,2022-11-19,19986.0
Orange,三和國中,2022-11-19,19394.0
Orange,三重國小,2022-11-19,19258.0
Orange,迴龍,2022-11-19,15791.0
Orange,丹鳳,2022-11-19,14743.0
Orange,古亭,2022-11-20,18638.5
Orange,頂溪,2022-11-20,46662.0
Orange,永安市場,2022-11-20,32295.0
Orange,景安,2022-11-20,31639.0
Orange,南勢角,2022-11-20,26644.0
Orange,民權西路,2022-11-20,10228.5
Orange,忠孝新生,2022-11-20,17553.5
Orange,松江南京,2022-11-20,13497.5
Orange,輔大,2022-11-20,12613.0
Orange,新莊,2022-11-20,12933.0
Orange,頭前庄,2022-11-20,4885.5
Orange,先嗇宮,2022-11-20,3691.0
Orange,三重,2022-11-20,11781.0
Orange,菜寮,2022-11-20,11486.0
Orange,台北橋,2022-11-20,14216.0
Orange,大橋頭站,2022-11-20,18795.0
Orange,中山國小,2022-11-20,19826.0
Orange,行天宮,2022-11-20,28499.0
Orange,東門,2022-11-20,15354.0
Orange,蘆洲,2022-11-20,16856.0
Orange,三民高中,2022-11-20,14826.0
Orange,徐匯中學,2022-11-20,15803.0
Orange,三和國中,2022-11-20,15335.0
Orange,三重國小,2022-11-20,15293.0
Orange,迴龍,2022-11-20,13417.0
Orange,丹鳳,2022-11-20,11796.0
Orange,古亭,2022-11-21,29298.0
Orange,頂溪,2022-11-21,63885.0
Orange,永安市場,2022-11-21,46304.0
Orange,景安,2022-11-21,47404.0
Orange,南勢角,2022-11-21,37862.0
Orange,民權西路,2022-11-21,17571.0
Orange,忠孝新生,2022-11-21,24060.5
Orange,松江南京,2022-11-21,36800.0
Orange,輔大,2022-11-21,26601.0
Orange,新莊,2022-11-21,21110.0
Orange,頭前庄,2022-11-21,7770.0
Orange,先嗇宮,2022-11-21,9396.0
Orange,三重,2022-11-21,13831.0
Orange,菜寮,2022-11-21,19720.0
Orange,台北橋,2022-11-21,17884.0
Orange,大橋頭站,2022-11-21,23130.0
Orange,中山國小,2022-11-21,30561.0
Orange,行天宮,2022-11-21,51017.0
Orange,東門,2022-11-21,19540.5
Orange,蘆洲,2022-11-21,26778.0
Orange,三民高中,2022-11-21,23555.0
Orange,徐匯中學,2022-11-21,23241.0
Orange,三和國中,2022-11-21,23331.0
Orange,三重國小,2022-11-21,21893.0
Orange,迴龍,2022-11-21,22424.0
Orange,丹鳳,2022-11-21,18217.0
Orange,古亭,2022-11-22,30942.5
Orange,頂溪,2022-11-22,64759.0
Orange,永安市場,2022-11-22,48158.0
Orange,景安,2022-11-22,48611.0
Orange,南勢角,2022-11-22,38104.0
Orange,民權西路,2022-11-22,18068.0
Orange,忠孝新生,2022-11-22,24936.0
Orange,松江南京,2022-11-22,38840.0
Orange,輔大,2022-11-22,27154.0
Orange,新莊,2022-11-22,21685.0
Orange,頭前庄,2022-11-22,7955.5
Orange,先嗇宮,2022-11-22,9582.0
Orange,三重,2022-11-22,13616.0
Orange,菜寮,2022-11-22,20224.0
Orange,台北橋,2022-11-22,18291.0
Orange,大橋頭站,2022-11-22,23501.0
Orange,中山國小,2022-11-22,31121.0
Orange,行天宮,2022-11-22,52739.0
Orange,東門,2022-11-22,20732.0
Orange,蘆洲,2022-11-22,27343.0
Orange,三民高中,2022-11-22,23838.0
Orange,徐匯中學,2022-11-22,23557.0
Orange,三和國中,2022-11-22,23524.0
Orange,三重國小,2022-11-22,22101.0
Orange,迴龍,2022-11-22,22485.0
Orange,丹鳳,2022-11-22,18142.0
Orange,古亭,2022-11-23,31996.5
Orange,頂溪,2022-11-23,67320.0
Orange,永安市場,2022-11-23,49335.0
Orange,景安,2022-11-23,50171.0
Orange,南勢角,2022-11-23,38994.0
Orange,民權西路,2022-11-23,18833.5
Orange,忠孝新生,2022-11-23,27061.5
Orange,松江南京,2022-11-23,40557.5
Orange,輔大,2022-11-23,27870.0
Orange,新莊,2022-11-23,21953.0
Orange,頭前庄,2022-11-23,7954.0
Orange,先嗇宮,2022-11-23,9965.0
Orange,三重,2022-11-23,14138.0
Orange,菜寮,2022-11-23,21203.0
Orange,台北橋,2022-11-23,19417.0
Orange,大橋頭站,2022-11-23,23731.0
Orange,中山國小,2022-11-23,33398.0
Orange,行天宮,2022-11-23,54867.0
Orange,東門,2022-11-23,21706.5
Orange,蘆洲,2022-11-23,28055.0
Orange,三民高中,2022-11-23,24046.0
Orange,徐匯中學,2022-11-23,24060.0
Orange,三和國中,2022-11-23,24512.0
Orange,三重國小,2022-11-23,23067.0
Orange,迴龍,2022-11-23,22383.0
Orange,丹鳳,2022-11-23,18312.0
Orange,古亭,2022-11-24,32131.5
Orange,頂溪,2022-11-24,68293.0
Orange,永安市場,2022-11-24,49634.0
Orange,景安,2022-11-24,50059.0
Orange,南勢角,2022-11-24,38978.0
Orange,民權西路,2022-11-24,18976.5
Orange,忠孝新生,2022-11-24,26845.0
Orange,松江南京,2022-11-24,41466.0
Orange,輔大,2022-11-24,28816.0
Orange,新莊,2022-11-24,21694.0
Orange,頭前庄,2022-11-24,8035.5
Orange,先嗇宮,2022-11-24,9987.0
Orange,三重,2022-11-24,14102.0
Orange,菜寮,2022-11-24,21387.0
Orange,台北橋,2022-11-24,19685.0
Orange,大橋頭站,2022-11-24,24639.0
Orange,中山國小,2022-11-24,34204.0
Orange,行天宮,2022-11-24,55554.0
Orange,東門,2022-11-24,21496.5
Orange,蘆洲,2022-11-24,28072.0
Orange,三民高中,2022-11-24,24055.0
Orange,徐匯中學,2022-11-24,24603.0
Orange,三和國中,2022-11-24,25008.0
Orange,三重國小,2022-11-24,23175.0
Orange,迴龍,2022-11-24,22638.0
Orange,丹鳳,2022-11-24,18516.0
Orange,古亭,2022-11-25,32776.5
Orange,頂溪,2022-11-25,70316.0
Orange,永安市場,2022-11-25,51561.0
Orange,景安,2022-11-25,52423.0
Orange,南勢角,2022-11-25,41094.0
Orange,民權西路,2022-11-25,18758.0
Orange,忠孝新生,2022-11-25,27952.0
Orange,松江南京,2022-11-25,41453.5
Orange,輔大,2022-11-25,29247.0
Orange,新莊,2022-11-25,25256.0
Orange,頭前庄,2022-11-25,8302.0
Orange,先嗇宮,2022-11-25,10080.0
Orange,三重,2022-11-25,15644.0
Orange,菜寮,2022-11-25,21378.0
Orange,台北橋,2022-11-25,20223.0
Orange,大橋頭站,2022-11-25,27008.0
Orange,中山國小,2022-11-25,35895.0
Orange,行天宮,2022-11-25,57580.0
Orange,東門,2022-11-25,22702.5
Orange,蘆洲,2022-11-25,29352.0
Orange,三民高中,2022-11-25,25669.0
Orange,徐匯中學,2022-11-25,25855.0
Orange,三和國中,2022-11-25,25336.0
Orange,三重國小,2022-11-25,23947.0
Orange,迴龍,2022-11-25,23719.0
Orange,丹鳳,2022-11-25,19633.0
Orange,古亭,2022-11-26,23022.0
Orange,頂溪,2022-11-26,49946.0
Orange,永安市場,2022-11-26,35324.0
Orange,景安,2022-11-26,34522.0
Orange,南勢角,2022-11-26,28931.0
Orange,民權西路,2022-11-26,10495.5
Orange,忠孝新生,2022-11-26,19605.5
Orange,松江南京,2022-11-26,16995.5
Orange,輔大,2022-11-26,11917.0
Orange,新莊,2022-11-26,14187.0
Orange,頭前庄,2022-11-26,5292.0
Orange,先嗇宮,2022-11-26,3943.0
Orange,三重,2022-11-26,10637.0
Orange,菜寮,2022-11-26,12833.0
Orange,台北橋,2022-11-26,16486.0
Orange,大橋頭站,2022-11-26,20515.0
Orange,中山國小,2022-11-26,25347.0
Orange,行天宮,2022-11-26,31852.0
Orange,東門,2022-11-26,17020.5
Orange,蘆洲,2022-11-26,18433.0
Orange,三民高中,2022-11-26,16482.0
Orange,徐匯中學,2022-11-26,17598.0
Orange,三和國中,2022-11-26,17004.0
Orange,三重國小,2022-11-26,17044.0
Orange,迴龍,2022-11-26,13714.0
Orange,丹鳳,2022-11-26,12740.0
Orange,古亭,2022-11-27,18131.5
Orange,頂溪,2022-11-27,44437.0
Orange,永安市場,2022-11-27,31428.0
Orange,景安,2022-11-27,30488.0
Orange,南勢角,2022-11-27,25687.0
Orange,民權西路,2022-11-27,10445.5
Orange,忠孝新生,2022-11-27,17021.0
Orange,松江南京,2022-11-27,12980.5
Orange,輔大,2022-11-27,12856.0
Orange,新莊,2022-11-27,13975.0
Orange,頭前庄,2022-11-27,4557.5
Orange,先嗇宮,2022-11-27,3598.0
Orange,三重,2022-11-27,11854.0
Orange,菜寮,2022-11-27,11157.0
Orange,台北橋,2022-11-27,13840.0
Orange,大橋頭站,2022-11-27,18448.0
Orange,中山國小,2022-11-27,19387.0
Orange,行天宮,2022-11-27,25582.0
Orange,東門,2022-11-27,14779.5
Orange,蘆洲,2022-11-27,15801.0
Orange,三民高中,2022-11-27,14240.0
Orange,徐匯中學,2022-11-27,15216.0
Orange,三和國中,2022-11-27,14687.0
Orange,三重國小,2022-11-27,14465.0
Orange,迴龍,2022-11-27,12279.0
Orange,丹鳳,2022-11-27,11533.0
Orange,古亭,2022-11-28,29226.0
Orange,頂溪,2022-11-28,64153.0
Orange,永安市場,2022-11-28,46921.0
Orange,景安,2022-11-28,47927.0
Orange,南勢角,2022-11-28,37980.0
Orange,民權西路,2022-11-28,17770.0
Orange,忠孝新生,2022-11-28,24482.0
Orange,松江南京,2022-11-28,37093.5
Orange,輔大,2022-11-28,26997.0
Orange,新莊,2022-11-28,21290.0
Orange,頭前庄,2022-11-28,7808.0
Orange,先嗇宮,2022-11-28,9388.0
Orange,三重,2022-11-28,13795.0
Orange,菜寮,2022-11-28,19830.0
Orange,台北橋,2022-11-28,17964.0
Orange,大橋頭站,2022-11-28,23531.0
Orange,中山國小,2022-11-28,30643.0
Orange,行天宮,2022-11-28,51217.0
Orange,東門,2022-11-28,19402.5
Orange,蘆洲,2022-11-28,27336.0
Orange,三民高中,2022-11-28,23901.0
Orange,徐匯中學,2022-11-28,23178.0
Orange,三和國中,2022-11-28,23546.0
Orange,三重國小,2022-11-28,22027.0
Orange,迴龍,2022-11-28,22441.0
Orange,丹鳳,2022-11-28,18102.0
Orange,古亭,2022-11-29,30955.5
Orange,頂溪,2022-11-29,65194.0
Orange,永安市場,2022-11-29,48709.0
Orange,景安,2022-11-29,49141.0
Orange,南勢角,2022-11-29,38836.0
Orange,民權西路,2022-11-29,18279.0
Orange,忠孝新生,2022-11-29,25033.0
Orange,松江南京,2022-11-29,38674.0
Orange,輔大,2022-11-29,27824.0
Orange,新莊,2022-11-29,21929.0
Orange,頭前庄,2022-11-29,8096.5
Orange,先嗇宮,2022-11-29,9678.0
Orange,三重,2022-11-29,14404.0
Orange,菜寮,2022-11-29,20401.0
Orange,台北橋,2022-11-29,18539.0
Orange,大橋頭站,2022-11-29,23639.0
Orange,中山國小,2022-11-29,32030.0
Orange,行天宮,2022-11-29,52962.0
Orange,東門,2022-11-29,21010.0
Orange,蘆洲,2022-11-29,27415.0
Orange,三民高中,2022-11-29,24152.0
Orange,徐匯中學,2022-11-29,23881.0
Orange,三和國中,2022-11-29,23934.0
Orange,三重國小,2022-11-29,22449.0
Orange,迴龍,2022-11-29,22543.0
Orange,丹鳳,2022-11-29,18352.0
Orange,古亭,2022-11-30,31334.0
Orange,頂溪,2022-11-30,67170.0
Orange,永安市場,2022-11-30,49302.0
Orange,景安,2022-11-30,49902.0
Orange,南勢角,2022-11-30,39379.0
Orange,民權西路,2022-11-30,18442.0
Orange,忠孝新生,2022-11-30,26238.5
Orange,松江南京,2022-11-30,39709.5
Orange,輔大,2022-11-30,27980.0
Orange,新莊,2022-11-30,21671.0
Orange,頭前庄,2022-11-30,7888.0
Orange,先嗇宮,2022-11-30,9758.0
Orange,三重,2022-11-30,14140.0
Orange,菜寮,2022-11-30,20662.0
Orange,台北橋,2022-11-30,19076.0
Orange,大橋頭站,2022-11-30,23857.0
Orange,中山國小,2022-11-30,32883.0
Orange,行天宮,2022-11-30,53471.0
Orange,東門,2022-11-30,21290.0
Orange,蘆洲,2022-11-30,27877.0
Orange,三民高中,2022-11-30,24517.0
Orange,徐匯中學,2022-11-30,24675.0
Orange,三和國中,2022-11-30,24678.0
Orange,三重國小,2022-11-30,22975.0
Orange,迴龍,2022-11-30,22525.0
Orange,丹鳳,2022-11-30,18528.0
Orange,古亭,2022-12-01,31734.0
Orange,頂溪,2022-12-01,68367.0
Orange,永安市場,2022-12-01,49939.0
Orange,景安,2022-12-01,50680.0
Orange,南勢角,2022-12-01,39970.0
Orange,民權西路,2022-12-01,18948.5
Orange,忠孝新生,2022-12-01,27794.5
Orange,松江南京,2022-12-01,40698.5
Orange,輔大,2022-12-01,28025.0
Orange,新莊,2022-12-01,22071.0
Orange,頭前庄,2022-12-01,8310.0
Orange,先嗇宮,2022-12-01,10201.0
Orange,三重,2022-12-01,14248.0
Orange,菜寮,2022-12-01,20882.0
Orange,台北橋,2022-12-01,18985.0
Orange,大橋頭站,2022-12-01,24336.0
Orange,中山國小,2022-12-01,33271.0
Orange,行天宮,2022-12-01,54975.0
Orange,東門,2022-12-01,21844.5
Orange,蘆洲,2022-12-01,27927.0
Orange,三民高中,2022-12-01,24465.0
Orange,徐匯中學,2022-12-01,24617.0
Orange,三和國中,2022-12-01,24949.0
Orange,三重國小,2022-12-01,23023.0
Orange,迴龍,2022-12-01,22660.0
Orange,丹鳳,2022-12-01,18705.0
Orange,古亭,2022-12-02,33343.0
Orange,頂溪,2022-12-02,71092.0
Orange,永安市場,2022-12-02,52078.0
Orange,景安,2022-12-02,52264.0
Orange,南勢角,2022-12-02,40694.0
Orange,民權西路,2022-12-02,19116.5
Orange,忠孝新生,2022-12-02,28809.5
Orange,松江南京,2022-12-02,41833.0
Orange,輔大,2022-12-02,28577.0
Orange,新莊,2022-12-02,24054.0
Orange,頭前庄,2022-12-02,8587.0
Orange,先嗇宮,2022-12-02,10310.0
Orange,三重,2022-12-02,15006.0
Orange,菜寮,2022-12-02,21645.0
Orange,台北橋,2022-12-02,20929.0
Orange,大橋頭站,2022-12-02,26827.0
Orange,中山國小,2022-12-02,34873.0
Orange,行天宮,2022-12-02,59724.0
Orange,東門,2022-12-02,22931.0
Orange,蘆洲,2022-12-02,28932.0
Orange,三民高中,2022-12-02,25391.0
Orange,徐匯中學,2022-12-02,25882.0
Orange,三和國中,2022-12-02,25498.0
Orange,三重國小,2022-12-02,24033.0
Orange,迴龍,2022-12-02,23877.0
Orange,丹鳳,2022-12-02,19330.0
Orange,古亭,2022-12-03,25088.5
Orange,頂溪,2022-12-03,58445.0
Orange,永安市場,2022-12-03,42056.0
Orange,景安,2022-12-03,40717.0
Orange,南勢角,2022-12-03,34052.0
Orange,民權西路,2022-12-03,12710.5
Orange,忠孝新生,2022-12-03,24266.0
Orange,松江南京,2022-12-03,22436.0
Orange,輔大,2022-12-03,24506.0
Orange,新莊,2022-12-03,19721.0
Orange,頭前庄,2022-12-03,7224.5
Orange,先嗇宮,2022-12-03,5006.0
Orange,三重,2022-12-03,15269.0
Orange,菜寮,2022-12-03,17055.0
Orange,台北橋,2022-12-03,18714.0
Orange,大橋頭站,2022-12-03,22809.0
Orange,中山國小,2022-12-03,27145.0
Orange,行天宮,2022-12-03,41183.0
Orange,東門,2022-12-03,19843.0
Orange,蘆洲,2022-12-03,21791.0
Orange,三民高中,2022-12-03,19981.0
Orange,徐匯中學,2022-12-03,21231.0
Orange,三和國中,2022-12-03,20041.0
Orange,三重國小,2022-12-03,19681.0
Orange,迴龍,2022-12-03,16774.0
Orange,丹鳳,2022-12-03,15264.0
Orange,古亭,2022-12-04,20088.5
Orange,頂溪,2022-12-04,46864.0
Orange,永安市場,2022-12-04,33877.0
Orange,景安,2022-12-04,32059.0
Orange,南勢角,2022-12-04,27532.0
Orange,民權西路,2022-12-04,10594.5
Orange,忠孝新生,2022-12-04,19343.5
Orange,松江南京,2022-12-04,13899.0
Orange,輔大,2022-12-04,12105.0
Orange,新莊,2022-12-04,13182.0
Orange,頭前庄,2022-12-04,5353.5
Orange,先嗇宮,2022-12-04,4171.0
Orange,三重,2022-12-04,10541.0
Orange,菜寮,2022-12-04,11948.0
Orange,台北橋,2022-12-04,14452.0
Orange,大橋頭站,2022-12-04,18213.0
Orange,中山國小,2022-12-04,20225.0
Orange,行天宮,2022-12-04,29948.0
Orange,東門,2022-12-04,15735.5
Orange,蘆洲,2022-12-04,16790.0
Orange,三民高中,2022-12-04,15465.0
Orange,徐匯中學,2022-12-04,16131.0
Orange,三和國中,2022-12-04,15849.0
Orange,三重國小,2022-12-04,15829.0
Orange,迴龍,2022-12-04,12981.0
Orange,丹鳳,2022-12-04,12154.0
Orange,古亭,2022-12-05,29781.5
Orange,頂溪,2022-12-05,64923.0
Orange,永安市場,2022-12-05,47082.0
Orange,景安,2022-12-05,48730.0
Orange,南勢角,2022-12-05,38303.0
Orange,民權西路,2022-12-05,17660.5
Orange,忠孝新生,2022-12-05,24901.0
Orange,松江南京,2022-12-05,37414.0
Orange,輔大,2022-12-05,17495.0
Orange,新莊,2022-12-05,20396.0
Orange,頭前庄,2022-12-05,7799.5
Orange,先嗇宮,2022-12-05,9570.0
Orange,三重,2022-12-05,13589.0
Orange,菜寮,2022-12-05,19278.0
Orange,台北橋,2022-12-05,18313.0
Orange,大橋頭站,2022-12-05,23099.0
Orange,中山國小,2022-12-05,31316.0
Orange,行天宮,2022-12-05,53102.0
Orange,東門,2022-12-05,19896.0
Orange,蘆洲,2022-12-05,27129.0
Orange,三民高中,2022-12-05,24010.0
Orange,徐匯中學,2022-12-05,23531.0
Orange,三和國中,2022-12-05,23638.0
Orange,三重國小,2022-12-05,22016.0
Orange,迴龍,2022-12-05,21875.0
Orange,丹鳳,2022-12-05,17959.0
Orange,古亭,2022-12-06,31711.0
Orange,頂溪,2022-12-06,67404.0
Orange,永安市場,2022-12-06,49124.0
Orange,景安,2022-12-06,50065.0
Orange,南勢角,2022-12-06,39724.0
Orange,民權西路,2022-12-06,18748.5
Orange,忠孝新生,2022-12-06,25787.0
Orange,松江南京,2022-12-06,40201.5
Orange,輔大,2022-12-06,27619.0
Orange,新莊,2022-12-06,22450.0
Orange,頭前庄,2022-12-06,8241.5
Orange,先嗇宮,2022-12-06,9937.0
Orange,三重,2022-12-06,14080.0
Orange,菜寮,2022-12-06,20538.0
Orange,台北橋,2022-12-06,18779.0
Orange,大橋頭站,2022-12-06,23637.0
Orange,中山國小,2022-12-06,32593.0
Orange,行天宮,2022-12-06,54874.0
Orange,東門,2022-12-06,21424.5
Orange,蘆洲,2022-12-06,27742.0
Orange,三民高中,2022-12-06,24480.0
Orange,徐匯中學,2022-12-06,24151.0
Orange,三和國中,2022-12-06,24268.0
Orange,三重國小,2022-12-06,22756.0
Orange,迴龍,2022-12-06,22577.0
Orange,丹鳳,2022-12-06,18751.0
Orange,古亭,2022-12-07,32555.5
Orange,頂溪,2022-12-07,68252.0
Orange,永安市場,2022-12-07,49738.0
Orange,景安,2022-12-07,50133.0
Orange,南勢角,2022-12-07,39772.0
Orange,民權西路,2022-12-07,18789.0
Orange,忠孝新生,2022-12-07,26449.0
Orange,松江南京,2022-12-07,40411.5
Orange,輔大,2022-12-07,27345.0
Orange,新莊,2022-12-07,22358.0
Orange,頭前庄,2022-12-07,8310.0
Orange,先嗇宮,2022-12-07,10017.0
Orange,三重,2022-12-07,14090.0
Orange,菜寮,2022-12-07,21223.0
Orange,台北橋,2022-12-07,18846.0
Orange,大橋頭站,2022-12-07,23736.0
Orange,中山國小,2022-12-07,33121.0
Orange,行天宮,2022-12-07,56206.0
Orange,東門,2022-12-07,21605.0
Orange,蘆洲,2022-12-07,28320.0
Orange,三民高中,2022-12-07,24655.0
Orange,徐匯中學,2022-12-07,24704.0
Orange,三和國中,2022-12-07,24367.0
Orange,三重國小,2022-12-07,22957.0
Orange,迴龍,2022-12-07,23138.0
Orange,丹鳳,2022-12-07,18664.0
Orange,古亭,2022-12-08,32170.5
Orange,頂溪,2022-12-08,69176.0
Orange,永安市場,2022-12-08,49687.0
Orange,景安,2022-12-08,50699.0
Orange,南勢角,2022-12-08,39873.0
Orange,民權西路,2022-12-08,19350.0
Orange,忠孝新生,2022-12-08,26493.0
Orange,松江南京,2022-12-08,41256.5
Orange,輔大,2022-12-08,27814.0
Orange,新莊,2022-12-08,21927.0
Orange,頭前庄,2022-12-08,8600.0
Orange,先嗇宮,2022-12-08,9770.0
Orange,三重,2022-12-08,14415.0
Orange,菜寮,2022-12-08,21162.0
Orange,台北橋,2022-12-08,19185.0
Orange,大橋頭站,2022-12-08,24698.0
Orange,中山國小,2022-12-08,33969.0
Orange,行天宮,2022-12-08,56885.0
Orange,東門,2022-12-08,21937.0
Orange,蘆洲,2022-12-08,27881.0
Orange,三民高中,2022-12-08,24780.0
Orange,徐匯中學,2022-12-08,24782.0
Orange,三和國中,2022-12-08,24589.0
Orange,三重國小,2022-12-08,23141.0
Orange,迴龍,2022-12-08,23066.0
Orange,丹鳳,2022-12-08,18883.0
Orange,古亭,2022-12-09,34141.5
Orange,頂溪,2022-12-09,72885.0
Orange,永安市場,2022-12-09,53081.0
Orange,景安,2022-12-09,53406.0
Orange,南勢角,2022-12-09,41427.0
Orange,民權西路,2022-12-09,19979.0
Orange,忠孝新生,2022-12-09,28208.5
Orange,松江南京,2022-12-09,42802.5
Orange,輔大,2022-12-09,29478.0
Orange,新莊,2022-12-09,22874.0
Orange,頭前庄,2022-12-09,8994.0
Orange,先嗇宮,2022-12-09,10692.0
Orange,三重,2022-12-09,15761.0
Orange,菜寮,2022-12-09,22313.0
Orange,台北橋,2022-12-09,21064.0
Orange,大橋頭站,2022-12-09,27041.0
Orange,中山國小,2022-12-09,37058.0
Orange,行天宮,2022-12-09,59718.0
Orange,東門,2022-12-09,23792.0
Orange,蘆洲,2022-12-09,29678.0
Orange,三民高中,2022-12-09,26038.0
Orange,徐匯中學,2022-12-09,26469.0
Orange,三和國中,2022-12-09,25828.0
Orange,三重國小,2022-12-09,24195.0
Orange,迴龍,2022-12-09,24031.0
Orange,丹鳳,2022-12-09,20028.0
Orange,古亭,2022-12-10,25620.5
Orange,頂溪,2022-12-10,60220.0
Orange,永安市場,2022-12-10,41625.0
Orange,景安,2022-12-10,41773.0
Orange,南勢角,2022-12-10,34004.0
Orange,民權西路,2022-12-10,12846.5
Orange,忠孝新生,2022-12-10,22965.5
Orange,松江南京,2022-12-10,19993.5
Orange,輔大,2022-12-10,17728.0
Orange,新莊,2022-12-10,17553.0
Orange,頭前庄,2022-12-10,7081.0
Orange,先嗇宮,2022-12-10,5309.0
Orange,三重,2022-12-10,16389.0
Orange,菜寮,2022-12-10,16727.0
Orange,台北橋,2022-12-10,19154.0
Orange,大橋頭站,2022-12-10,23477.0
Orange,中山國小,2022-12-10,27471.0
Orange,行天宮,2022-12-10,41000.0
Orange,東門,2022-12-10,19665.0
Orange,蘆洲,2022-12-10,22796.0
Orange,三民高中,2022-12-10,20261.0
Orange,徐匯中學,2022-12-10,21980.0
Orange,三和國中,2022-12-10,20474.0
Orange,三重國小,2022-12-10,20096.0
Orange,迴龍,2022-12-10,16716.0
Orange,丹鳳,2022-12-10,15395.0
Orange,古亭,2022-12-11,19031.0
Orange,頂溪,2022-12-11,48377.0
Orange,永安市場,2022-12-11,33363.0
Orange,景安,2022-12-11,33187.0
Orange,南勢角,2022-12-11,28032.0
Orange,民權西路,2022-12-11,10804.5
Orange,忠孝新生,2022-12-11,18514.5
Orange,松江南京,2022-12-11,15033.0
Orange,輔大,2022-12-11,13175.0
Orange,新莊,2022-12-11,12640.0
Orange,頭前庄,2022-12-11,5337.0
Orange,先嗇宮,2022-12-11,4397.0
Orange,三重,2022-12-11,9985.0
Orange,菜寮,2022-12-11,12064.0
Orange,台北橋,2022-12-11,14815.0
Orange,大橋頭站,2022-12-11,18738.0
Orange,中山國小,2022-12-11,21676.0
Orange,行天宮,2022-12-11,30423.0
Orange,東門,2022-12-11,15721.0
Orange,蘆洲,2022-12-11,17305.0
Orange,三民高中,2022-12-11,15782.0
Orange,徐匯中學,2022-12-11,17196.0
Orange,三和國中,2022-12-11,16204.0
Orange,三重國小,2022-12-11,16007.0
Orange,迴龍,2022-12-11,13266.0
Orange,丹鳳,2022-12-11,11853.0
Orange,古亭,2022-12-12,30246.5
Orange,頂溪,2022-12-12,66693.0
Orange,永安市場,2022-12-12,48406.0
Orange,景安,2022-12-12,49736.0
Orange,南勢角,2022-12-12,39824.0
Orange,民權西路,2022-12-12,18559.5
Orange,忠孝新生,2022-12-12,25974.0
Orange,松江南京,2022-12-12,39550.5
Orange,輔大,2022-12-12,27134.0
Orange,新莊,2022-12-12,21164.0
Orange,頭前庄,2022-12-12,8068.5
Orange,先嗇宮,2022-12-12,9985.0
Orange,三重,2022-12-12,13988.0
Orange,菜寮,2022-12-12,20690.0
Orange,台北橋,2022-12-12,18792.0
Orange,大橋頭站,2022-12-12,24102.0
Orange,中山國小,2022-12-12,32240.0
Orange,行天宮,2022-12-12,55261.0
Orange,東門,2022-12-12,20576.0
Orange,蘆洲,2022-12-12,27545.0
Orange,三民高中,2022-12-12,24000.0
Orange,徐匯中學,2022-12-12,24277.0
Orange,三和國中,2022-12-12,24504.0
Orange,三重國小,2022-12-12,22803.0
Orange,迴龍,2022-12-12,22648.0
Orange,丹鳳,2022-12-12,18393.0
Orange,古亭,2022-12-13,32165.0
Orange,頂溪,2022-12-13,68358.0
Orange,永安市場,2022-12-13,49817.0
Orange,景安,2022-12-13,51031.0
Orange,南勢角,2022-12-13,39695.0
Orange,民權西路,2022-12-13,18875.0
Orange,忠孝新生,2022-12-13,26638.0
Orange,松江南京,2022-12-13,41029.5
Orange,輔大,2022-12-13,28094.0
Orange,新莊,2022-12-13,22020.0
Orange,頭前庄,2022-12-13,8334.0
Orange,先嗇宮,2022-12-13,10076.0
Orange,三重,2022-12-13,14281.0
Orange,菜寮,2022-12-13,21284.0
Orange,台北橋,2022-12-13,18927.0
Orange,大橋頭站,2022-12-13,24591.0
Orange,中山國小,2022-12-13,34001.0
Orange,行天宮,2022-12-13,56375.0
Orange,東門,2022-12-13,22241.0
Orange,蘆洲,2022-12-13,27958.0
Orange,三民高中,2022-12-13,24518.0
Orange,徐匯中學,2022-12-13,24940.0
Orange,三和國中,2022-12-13,24659.0
Orange,三重國小,2022-12-13,23036.0
Orange,迴龍,2022-12-13,22824.0
Orange,丹鳳,2022-12-13,18600.0
Orange,古亭,2022-12-14,32855.0
Orange,頂溪,2022-12-14,70047.0
Orange,永安市場,2022-12-14,50545.0
Orange,景安,2022-12-14,51284.0
Orange,南勢角,2022-12-14,40427.0
Orange,民權西路,2022-12-14,19178.5
Orange,忠孝新生,2022-12-14,27471.0
Orange,松江南京,2022-12-14,41699.0
Orange,輔大,2022-12-14,27527.0
Orange,新莊,2022-12-14,22333.0
Orange,頭前庄,2022-12-14,8590.5
Orange,先嗇宮,2022-12-14,10390.0
Orange,三重,2022-12-14,14607.0
Orange,菜寮,2022-12-14,21677.0
Orange,台北橋,2022-12-14,19968.0
Orange,大橋頭站,2022-12-14,24563.0
Orange,中山國小,2022-12-14,34918.0
Orange,行天宮,2022-12-14,57680.0
Orange,東門,2022-12-14,22742.0
Orange,蘆洲,2022-12-14,28185.0
Orange,三民高中,2022-12-14,25120.0
Orange,徐匯中學,2022-12-14,24889.0
Orange,三和國中,2022-12-14,24792.0
Orange,三重國小,2022-12-14,23433.0
Orange,迴龍,2022-12-14,22878.0
Orange,丹鳳,2022-12-14,18781.0
Orange,古亭,2022-12-15,33122.5
Orange,頂溪,2022-12-15,69941.0
Orange,永安市場,2022-12-15,50617.0
Orange,景安,2022-12-15,51453.0
Orange,南勢角,2022-12-15,40697.0
Orange,民權西路,2022-12-15,19343.5
Orange,忠孝新生,2022-12-15,27587.5
Orange,松江南京,2022-12-15,42310.0
Orange,輔大,2022-12-15,27928.0
Orange,新莊,2022-12-15,22426.0
Orange,頭前庄,2022-12-15,8625.0
Orange,先嗇宮,2022-12-15,10393.0
Orange,三重,2022-12-15,14873.0
Orange,菜寮,2022-12-15,21640.0
Orange,台北橋,2022-12-15,19983.0
Orange,大橋頭站,2022-12-15,25059.0
Orange,中山國小,2022-12-15,34892.0
Orange,行天宮,2022-12-15,57244.0
Orange,東門,2022-12-15,22489.5
Orange,蘆洲,2022-12-15,29003.0
Orange,三民高中,2022-12-15,24793.0
Orange,徐匯中學,2022-12-15,25658.0
Orange,三和國中,2022-12-15,25301.0
Orange,三重國小,2022-12-15,23789.0
Orange,迴龍,2022-12-15,23188.0
Orange,丹鳳,2022-12-15,18930.0
Orange,古亭,2022-12-16,34464.0
Orange,頂溪,2022-12-16,73364.0
Orange,永安市場,2022-12-16,53384.0
Orange,景安,2022-12-16,53622.0
Orange,南勢角,2022-12-16,42047.0
Orange,民權西路,2022-12-16,19654.0
Orange,忠孝新生,2022-12-16,29587.0
Orange,松江南京,2022-12-16,43561.5
Orange,輔大,2022-12-16,29830.0
Orange,新莊,2022-12-16,23589.0
Orange,頭前庄,2022-12-16,9023.0
Orange,先嗇宮,2022-12-16,10867.0
Orange,三重,2022-12-16,15997.0
Orange,菜寮,2022-12-16,22554.0
Orange,台北橋,2022-12-16,21149.0
Orange,大橋頭站,2022-12-16,27780.0
Orange,中山國小,2022-12-16,38395.0
Orange,行天宮,2022-12-16,60254.0
Orange,東門,2022-12-16,24566.5
Orange,蘆洲,2022-12-16,29676.0
Orange,三民高中,2022-12-16,25909.0
Orange,徐匯中學,2022-12-16,26969.0
Orange,三和國中,2022-12-16,26256.0
Orange,三重國小,2022-12-16,24662.0
Orange,迴龍,2022-12-16,24480.0
Orange,丹鳳,2022-12-16,20214.0
Orange,古亭,2022-12-17,25792.5
Orange,頂溪,2022-12-17,57933.0
Orange,永安市場,2022-12-17,40315.0
Orange,景安,2022-12-17,40407.0
Orange,南勢角,2022-12-17,32220.0
Orange,民權西路,2022-12-17,12525.0
Orange,忠孝新生,2022-12-17,24646.0
Orange,松江南京,2022-12-17,21476.5
Orange,輔大,2022-12-17,16080.0
Orange,新莊,2022-12-17,20220.0
Orange,頭前庄,2022-12-17,6767.0
Orange,先嗇宮,2022-12-17,5146.0
Orange,三重,2022-12-17,12472.0
Orange,菜寮,2022-12-17,16342.0
Orange,台北橋,2022-12-17,19087.0
Orange,大橋頭站,2022-12-17,22354.0
Orange,中山國小,2022-12-17,28773.0
Orange,行天宮,2022-12-17,38999.0
Orange,東門,2022-12-17,19951.5
Orange,蘆洲,2022-12-17,20986.0
Orange,三民高中,2022-12-17,18908.0
Orange,徐匯中學,2022-12-17,22088.0
Orange,三和國中,2022-12-17,19785.0
Orange,三重國小,2022-12-17,20073.0
Orange,迴龍,2022-12-17,16140.0
Orange,丹鳳,2022-12-17,14609.0
Orange,古亭,2022-12-18,20492.5
Orange,頂溪,2022-12-18,50256.0
Orange,永安市場,2022-12-18,35147.0
Orange,景安,2022-12-18,33393.0
Orange,南勢角,2022-12-18,28175.0
Orange,民權西路,2022-12-18,11796.0
Orange,忠孝新生,2022-12-18,19931.5
Orange,松江南京,2022-12-18,16192.5
Orange,輔大,2022-12-18,12716.0
Orange,新莊,2022-12-18,14865.0
Orange,頭前庄,2022-12-18,5900.0
Orange,先嗇宮,2022-12-18,4378.0
Orange,三重,2022-12-18,11558.0
Orange,菜寮,2022-12-18,13371.0
Orange,台北橋,2022-12-18,15926.0
Orange,大橋頭站,2022-12-18,20532.0
Orange,中山國小,2022-12-18,24205.0
Orange,行天宮,2022-12-18,33749.0
Orange,東門,2022-12-18,17640.5
Orange,蘆洲,2022-12-18,17425.0
Orange,三民高中,2022-12-18,16729.0
Orange,徐匯中學,2022-12-18,17888.0
Orange,三和國中,2022-12-18,17112.0
Orange,三重國小,2022-12-18,17050.0
Orange,迴龍,2022-12-18,13276.0
Orange,丹鳳,2022-12-18,12317.0
Orange,古亭,2022-12-19,29715.0
Orange,頂溪,2022-12-19,65928.0
Orange,永安市場,2022-12-19,47246.0
Orange,景安,2022-12-19,48897.0
Orange,南勢角,2022-12-19,38405.0
Orange,民權西路,2022-12-19,17950.5
Orange,忠孝新生,2022-12-19,25106.0
Orange,松江南京,2022-12-19,38833.0
Orange,輔大,2022-12-19,26718.0
Orange,新莊,2022-12-19,21400.0
Orange,頭前庄,2022-12-19,8173.0
Orange,先嗇宮,2022-12-19,9768.0
Orange,三重,2022-12-19,14291.0
Orange,菜寮,2022-12-19,19950.0
Orange,台北橋,2022-12-19,18935.0
Orange,大橋頭站,2022-12-19,24377.0
Orange,中山國小,2022-12-19,32053.0
Orange,行天宮,2022-12-19,53445.0
Orange,東門,2022-12-19,20509.0
Orange,蘆洲,2022-12-19,27199.0
Orange,三民高中,2022-12-19,24064.0
Orange,徐匯中學,2022-12-19,23965.0
Orange,三和國中,2022-12-19,24106.0
Orange,三重國小,2022-12-19,22515.0
Orange,迴龍,2022-12-19,22442.0
Orange,丹鳳,2022-12-19,18392.0
Orange,古亭,2022-12-20,31608.5
Orange,頂溪,2022-12-20,68355.0
Orange,永安市場,2022-12-20,49774.0
Orange,景安,2022-12-20,50430.0
Orange,南勢角,2022-12-20,39833.0
Orange,民權西路,2022-12-20,18816.0
Orange,忠孝新生,2022-12-20,25961.0
Orange,松江南京,2022-12-20,40311.5
Orange,輔大,2022-12-20,27350.0
Orange,新莊,2022-12-20,22320.0
Orange,頭前庄,2022-12-20,8471.5
Orange,先嗇宮,2022-12-20,9937.0
Orange,三重,2022-12-20,14626.0
Orange,菜寮,2022-12-20,20777.0
Orange,台北橋,2022-12-20,19109.0
Orange,大橋頭站,2022-12-20,24405.0
Orange,中山國小,2022-12-20,33700.0
Orange,行天宮,2022-12-20,56277.0
Orange,東門,2022-12-20,22520.0
Orange,蘆洲,2022-12-20,28012.0
Orange,三民高中,2022-12-20,24622.0
Orange,徐匯中學,2022-12-20,24994.0
Orange,三和國中,2022-12-20,24307.0
Orange,三重國小,2022-12-20,23095.0
Orange,迴龍,2022-12-20,23160.0
Orange,丹鳳,2022-12-20,18916.0
Orange,古亭,2022-12-21,32053.0
Orange,頂溪,2022-12-21,68208.0
Orange,永安市場,2022-12-21,49645.0
Orange,景安,2022-12-21,49929.0
Orange,南勢角,2022-12-21,39555.0
Orange,民權西路,2022-12-21,18639.5
Orange,忠孝新生,2022-12-21,27025.0
Orange,松江南京,2022-12-21,41078.0
Orange,輔大,2022-12-21,26463.0
Orange,新莊,2022-12-21,21992.0
Orange,頭前庄,2022-12-21,8499.0
Orange,先嗇宮,2022-12-21,10185.0
Orange,三重,2022-12-21,14393.0
Orange,菜寮,2022-12-21,20853.0
Orange,台北橋,2022-12-21,19537.0
Orange,大橋頭站,2022-12-21,24337.0
Orange,中山國小,2022-12-21,34255.0
Orange,行天宮,2022-12-21,56250.0
Orange,東門,2022-12-21,22201.5
Orange,蘆洲,2022-12-21,28195.0
Orange,三民高中,2022-12-21,24598.0
Orange,徐匯中學,2022-12-21,24982.0
Orange,三和國中,2022-12-21,24794.0
Orange,三重國小,2022-12-21,23373.0
Orange,迴龍,2022-12-21,22909.0
Orange,丹鳳,2022-12-21,18670.0
Orange,古亭,2022-12-22,32442.0
Orange,頂溪,2022-12-22,68388.0
Orange,永安市場,2022-12-22,49720.0
Orange,景安,2022-12-22,50535.0
Orange,南勢角,2022-12-22,40065.0
Orange,民權西路,2022-12-22,18937.0
Orange,忠孝新生,2022-12-22,27080.0
Orange,松江南京,2022-12-22,40836.0
Orange,輔大,2022-12-22,27037.0
Orange,新莊,2022-12-22,21756.0
Orange,頭前庄,2022-12-22,8458.5
Orange,先嗇宮,2022-12-22,9881.0
Orange,三重,2022-12-22,14548.0
Orange,菜寮,2022-12-22,20598.0
Orange,台北橋,2022-12-22,19938.0
Orange,大橋頭站,2022-12-22,25182.0
Orange,中山國小,2022-12-22,33941.0
Orange,行天宮,2022-12-22,56412.0
Orange,東門,2022-12-22,22958.0
Orange,蘆洲,2022-12-22,27693.0
Orange,三民高中,2022-12-22,24563.0
Orange,徐匯中學,2022-12-22,24984.0
Orange,三和國中,2022-12-22,24518.0
Orange,三重國小,2022-12-22,22824.0
Orange,迴龍,2022-12-22,23153.0
Orange,丹鳳,2022-12-22,18646.0
Orange,古亭,2022-12-23,33609.0
Orange,頂溪,2022-12-23,73268.0
Orange,永安市場,2022-12-23,53414.0
Orange,景安,2022-12-23,53430.0
Orange,南勢角,2022-12-23,42074.0
Orange,民權西路,2022-12-23,19732.0
Orange,忠孝新生,2022-12-23,28724.5
Orange,松江南京,2022-12-23,42378.5
Orange,輔大,2022-12-23,28451.0
Orange,新莊,2022-12-23,23390.0
Orange,頭前庄,2022-12-23,9161.0
Orange,先嗇宮,2022-12-23,10779.0
Orange,三重,2022-12-23,16166.0
Orange,菜寮,2022-12-23,21888.0
Orange,台北橋,2022-12-23,21258.0
Orange,大橋頭站,2022-12-23,27503.0
Orange,中山國小,2022-12-23,37599.0
Orange,行天宮,2022-12-23,61639.0
Orange,東門,2022-12-23,24370.5
Orange,蘆洲,2022-12-23,29870.0
Orange,三民高中,2022-12-23,26209.0
Orange,徐匯中學,2022-12-23,27024.0
Orange,三和國中,2022-12-23,26592.0
Orange,三重國小,2022-12-23,24706.0
Orange,迴龍,2022-12-23,24231.0
Orange,丹鳳,2022-12-23,20275.0
Orange,古亭,2022-12-24,25868.5
Orange,頂溪,2022-12-24,60466.0
Orange,永安市場,2022-12-24,42930.0
Orange,景安,2022-12-24,40623.0
Orange,南勢角,2022-12-24,34073.0
Orange,民權西路,2022-12-24,12055.0
Orange,忠孝新生,2022-12-24,23255.0
Orange,松江南京,2022-12-24,20335.5
Orange,輔大,2022-12-24,15604.0
Orange,新莊,2022-12-24,19416.0
Orange,頭前庄,2022-12-24,6769.0
Orange,先嗇宮,2022-12-24,5145.0
Orange,三重,2022-12-24,15161.0
Orange,菜寮,2022-12-24,16270.0
Orange,台北橋,2022-12-24,19623.0
Orange,大橋頭站,2022-12-24,23874.0
Orange,中山國小,2022-12-24,28517.0
Orange,行天宮,2022-12-24,39971.0
Orange,東門,2022-12-24,21303.0
Orange,蘆洲,2022-12-24,21784.0
Orange,三民高中,2022-12-24,19929.0
Orange,徐匯中學,2022-12-24,22085.0
Orange,三和國中,2022-12-24,20450.0
Orange,三重國小,2022-12-24,20222.0
Orange,迴龍,2022-12-24,16225.0
Orange,丹鳳,2022-12-24,15287.0
Orange,古亭,2022-12-25,19504.0
Orange,頂溪,2022-12-25,49706.0
Orange,永安市場,2022-12-25,34285.0
Orange,景安,2022-12-25,33021.0
Orange,南勢角,2022-12-25,28586.0
Orange,民權西路,2022-12-25,11380.5
Orange,忠孝新生,2022-12-25,19357.5
Orange,松江南京,2022-12-25,15190.5
Orange,輔大,2022-12-25,11931.0
Orange,新莊,2022-12-25,14947.0
Orange,頭前庄,2022-12-25,5804.0
Orange,先嗇宮,2022-12-25,4039.0
Orange,三重,2022-12-25,12330.0
Orange,菜寮,2022-12-25,12714.0
Orange,台北橋,2022-12-25,15909.0
Orange,大橋頭站,2022-12-25,19753.0
Orange,中山國小,2022-12-25,22256.0
Orange,行天宮,2022-12-25,30864.0
Orange,東門,2022-12-25,16417.0
Orange,蘆洲,2022-12-25,17404.0
Orange,三民高中,2022-12-25,15940.0
Orange,徐匯中學,2022-12-25,18114.0
Orange,三和國中,2022-12-25,16573.0
Orange,三重國小,2022-12-25,16150.0
Orange,迴龍,2022-12-25,13750.0
Orange,丹鳳,2022-12-25,12357.0
Orange,古亭,2022-12-26,28929.0
Orange,頂溪,2022-12-26,65741.0
Orange,永安市場,2022-12-26,47894.0
Orange,景安,2022-12-26,48633.0
Orange,南勢角,2022-12-26,38589.0
Orange,民權西路,2022-12-26,18148.0
Orange,忠孝新生,2022-12-26,26003.0
Orange,松江南京,2022-12-26,39015.5
Orange,輔大,2022-12-26,25947.0
Orange,新莊,2022-12-26,21296.0
Orange,頭前庄,2022-12-26,8289.0
Orange,先嗇宮,2022-12-26,9682.0
Orange,三重,2022-12-26,13783.0
Orange,菜寮,2022-12-26,20060.0
Orange,台北橋,2022-12-26,18782.0
Orange,大橋頭站,2022-12-26,24221.0
Orange,中山國小,2022-12-26,32597.0
Orange,行天宮,2022-12-26,53561.0
Orange,東門,2022-12-26,20852.5
Orange,蘆洲,2022-12-26,27366.0
Orange,三民高中,2022-12-26,23864.0
Orange,徐匯中學,2022-12-26,23786.0
Orange,三和國中,2022-12-26,23676.0
Orange,三重國小,2022-12-26,22389.0
Orange,迴龍,2022-12-26,22995.0
Orange,丹鳳,2022-12-26,18473.0
Orange,古亭,2022-12-27,30724.0
Orange,頂溪,2022-12-27,67466.0
Orange,永安市場,2022-12-27,49571.0
Orange,景安,2022-12-27,49898.0
Orange,南勢角,2022-12-27,39586.0
Orange,民權西路,2022-12-27,18848.5
Orange,忠孝新生,2022-12-27,26990.5
Orange,松江南京,2022-12-27,40694.0
Orange,輔大,2022-12-27,26631.0
Orange,新莊,2022-12-27,22001.0
Orange,頭前庄,2022-12-27,8759.0
Orange,先嗇宮,2022-12-27,9933.0
Orange,三重,2022-12-27,14554.0
Orange,菜寮,2022-12-27,20800.0
Orange,台北橋,2022-12-27,18991.0
Orange,大橋頭站,2022-12-27,24498.0
Orange,中山國小,2022-12-27,33413.0
Orange,行天宮,2022-12-27,54629.0
Orange,東門,2022-12-27,22193.5
Orange,蘆洲,2022-12-27,27954.0
Orange,三民高中,2022-12-27,24433.0
Orange,徐匯中學,2022-12-27,24553.0
Orange,三和國中,2022-12-27,24130.0
Orange,三重國小,2022-12-27,22741.0
Orange,迴龍,2022-12-27,23041.0
Orange,丹鳳,2022-12-27,18752.0
Orange,古亭,2022-12-28,30894.0
Orange,頂溪,2022-12-28,68007.0
Orange,永安市場,2022-12-28,50208.0
Orange,景安,2022-12-28,50071.0
Orange,南勢角,2022-12-28,39530.0
Orange,民權西路,2022-12-28,18667.0
Orange,忠孝新生,2022-12-28,27557.0
Orange,松江南京,2022-12-28,40885.0
Orange,輔大,2022-12-28,25365.0
Orange,新莊,2022-12-28,21833.0
Orange,頭前庄,2022-12-28,8168.5
Orange,先嗇宮,2022-12-28,9964.0
Orange,三重,2022-12-28,14234.0
Orange,菜寮,2022-12-28,21033.0
Orange,台北橋,2022-12-28,19180.0
Orange,大橋頭站,2022-12-28,24685.0
Orange,中山國小,2022-12-28,33638.0
Orange,行天宮,2022-12-28,56235.0
Orange,東門,2022-12-28,22984.5
Orange,蘆洲,2022-12-28,27664.0
Orange,三民高中,2022-12-28,24516.0
Orange,徐匯中學,2022-12-28,24688.0
Orange,三和國中,2022-12-28,24114.0
Orange,三重國小,2022-12-28,23106.0
Orange,迴龍,2022-12-28,22866.0
Orange,丹鳳,2022-12-28,18705.0
Orange,古亭,2022-12-29,31969.5
Orange,頂溪,2022-12-29,69792.0
Orange,永安市場,2022-12-29,50782.0
Orange,景安,2022-12-29,51545.0
Orange,南勢角,2022-12-29,40055.0
Orange,民權西路,2022-12-29,19131.0
Orange,忠孝新生,2022-12-29,28772.5
Orange,松江南京,2022-12-29,42421.5
Orange,輔大,2022-12-29,27476.0
Orange,新莊,2022-12-29,22001.0
Orange,頭前庄,2022-12-29,8446.5
Orange,先嗇宮,2022-12-29,10263.0
Orange,三重,2022-12-29,14664.0
Orange,菜寮,2022-12-29,21316.0
Orange,台北橋,2022-12-29,19951.0
Orange,大橋頭站,2022-12-29,26107.0
Orange,中山國小,2022-12-29,35279.0
Orange,行天宮,2022-12-29,57624.0
Orange,東門,2022-12-29,23380.0
Orange,蘆洲,2022-12-29,28015.0
Orange,三民高中,2022-12-29,24737.0
Orange,徐匯中學,2022-12-29,25267.0
Orange,三和國中,2022-12-29,25157.0
Orange,三重國小,2022-12-29,23510.0
Orange,迴龍,2022-12-29,23211.0
Orange,丹鳳,2022-12-29,18999.0
Orange,古亭,2022-12-30,31818.0
Orange,頂溪,2022-12-30,72892.0
Orange,永安市場,2022-12-30,52430.0
Orange,景安,2022-12-30,52778.0
Orange,南勢角,2022-12-30,40238.0
Orange,民權西路,2022-12-30,19238.0
Orange,忠孝新生,2022-12-30,30545.5
Orange,松江南京,2022-12-30,41822.0
Orange,輔大,2022-12-30,29408.0
Orange,新莊,2022-12-30,22919.0
Orange,頭前庄,2022-12-30,8884.5
Orange,先嗇宮,2022-12-30,10207.0
Orange,三重,2022-12-30,15826.0
Orange,菜寮,2022-12-30,21465.0
Orange,台北橋,2022-12-30,21241.0
Orange,大橋頭站,2022-12-30,27731.0
Orange,中山國小,2022-12-30,36991.0
Orange,行天宮,2022-12-30,57365.0
Orange,東門,2022-12-30,23834.5
Orange,蘆洲,2022-12-30,28790.0
Orange,三民高中,2022-12-30,25987.0
Orange,徐匯中學,2022-12-30,26169.0
Orange,三和國中,2022-12-30,25621.0
Orange,三重國小,2022-12-30,24115.0
Orange,迴龍,2022-12-30,23973.0
Orange,丹鳳,2022-12-30,20070.0
Orange,古亭,2022-12-31,22695.0
Orange,頂溪,2022-12-31,58526.0
Orange,永安市場,2022-12-31,40196.0
Orange,景安,2022-12-31,39026.0
Orange,南勢角,2022-12-31,32937.0
Orange,民權西路,2022-12-31,11378.0
Orange,忠孝新生,2022-12-31,24721.0
Orange,松江南京,2022-12-31,20070.5
Orange,輔大,2022-12-31,16784.0
Orange,新莊,2022-12-31,18791.0
Orange,頭前庄,2022-12-31,6200.5
Orange,先嗇宮,2022-12-31,5238.0
Orange,三重,2022-12-31,14353.0
Orange,菜寮,2022-12-31,15259.0
Orange,台北橋,2022-12-31,21431.0
Orange,大橋頭站,2022-12-31,23942.0
Orange,中山國小,2022-12-31,29212.0
Orange,行天宮,2022-12-31,36900.0
Orange,東門,2022-12-31,19645.0
Orange,蘆洲,2022-12-31,21530.0
Orange,三民高中,2022-12-31,19018.0
Orange,徐匯中學,2022-12-31,21731.0
Orange,三和國中,2022-12-31,20382.0
Orange,三重國小,2022-12-31,20018.0
Orange,迴龍,2022-12-31,16617.0
Orange,丹鳳,2022-12-31,15859.0
Orange,古亭,2023-01-01,969.5
Orange,頂溪,2023-01-01,3089.0
Orange,永安市場,2023-01-01,2256.0
Orange,景安,2023-01-01,2038.0
Orange,南勢角,2023-01-01,1892.0
Orange,民權西路,2023-01-01,466.0
Orange,忠孝新生,2023-01-01,1002.5
Orange,松江南京,2023-01-01,814.0
Orange,輔大,2023-01-01,1649.0
Orange,新莊,2023-01-01,1589.0
Orange,頭前庄,2023-01-01,384.0
Orange,先嗇宮,2023-01-01,372.0
Orange,三重,2023-01-01,1509.0
Orange,菜寮,2023-01-01,1117.0
Orange,台北橋,2023-01-01,1464.0
Orange,大橋頭站,2023-01-01,1030.0
Orange,中山國小,2023-01-01,1733.0
Orange,行天宮,2023-01-01,1493.0
Orange,東門,2023-01-01,576.5
Orange,蘆洲,2023-01-01,1486.0
Orange,三民高中,2023-01-01,1256.0
Orange,徐匯中學,2023-01-01,1495.0
Orange,三和國中,2023-01-01,1483.0
Orange,三重國小,2023-01-01,1208.0
Orange,迴龍,2023-01-01,1852.0
Orange,丹鳳,2023-01-01,1500.0
