line,station,date,people
Orange,古亭,2021-01-01,15877.5
Orange,頂溪,2021-01-01,48688.0
Orange,永安市場,2021-01-01,32551.0
Orange,景安,2021-01-01,32725.0
Orange,南勢角,2021-01-01,27671.0
Orange,民權西路,2021-01-01,8442.5
Orange,忠孝新生,2021-01-01,15433.5
Orange,松江南京,2021-01-01,14096.5
Orange,輔大,2021-01-01,11625.0
Orange,新莊,2021-01-01,12627.0
Orange,頭前庄,2021-01-01,5008.5
Orange,先嗇宮,2021-01-01,3883.0
Orange,三重,2021-01-01,10927.0
Orange,菜寮,2021-01-01,11504.0
Orange,台北橋,2021-01-01,16316.0
Orange,大橋頭站,2021-01-01,18322.0
Orange,中山國小,2021-01-01,20248.0
Orange,行天宮,2021-01-01,34852.0
Orange,東門,2021-01-01,13581.5
Orange,蘆洲,2021-01-01,16718.0
Orange,三民高中,2021-01-01,15065.0
Orange,徐匯中學,2021-01-01,16174.0
Orange,三和國中,2021-01-01,15124.0
Orange,三重國小,2021-01-01,15944.0
Orange,迴龍,2021-01-01,12264.0
Orange,丹鳳,2021-01-01,12367.0
Orange,古亭,2021-01-02,19556.5
Orange,頂溪,2021-01-02,53327.0
Orange,永安市場,2021-01-02,36031.0
Orange,景安,2021-01-02,35151.0
Orange,南勢角,2021-01-02,30037.0
Orange,民權西路,2021-01-02,9936.5
Orange,忠孝新生,2021-01-02,18170.0
Orange,松江南京,2021-01-02,15572.5
Orange,輔大,2021-01-02,12647.0
Orange,新莊,2021-01-02,13981.0
Orange,頭前庄,2021-01-02,5516.0
Orange,先嗇宮,2021-01-02,3954.0
Orange,三重,2021-01-02,11461.0
Orange,菜寮,2021-01-02,12863.0
Orange,台北橋,2021-01-02,16700.0
Orange,大橋頭站,2021-01-02,19980.0
Orange,中山國小,2021-01-02,21047.0
Orange,行天宮,2021-01-02,35139.0
Orange,東門,2021-01-02,15682.5
Orange,蘆洲,2021-01-02,18733.0
Orange,三民高中,2021-01-02,16746.0
Orange,徐匯中學,2021-01-02,18115.0
Orange,三和國中,2021-01-02,16507.0
Orange,三重國小,2021-01-02,17718.0
Orange,迴龍,2021-01-02,13307.0
Orange,丹鳳,2021-01-02,13564.0
Orange,古亭,2021-01-03,18538.5
Orange,頂溪,2021-01-03,49106.0
Orange,永安市場,2021-01-03,34152.0
Orange,景安,2021-01-03,32973.0
Orange,南勢角,2021-01-03,27758.0
Orange,民權西路,2021-01-03,10279.0
Orange,忠孝新生,2021-01-03,16090.5
Orange,松江南京,2021-01-03,13673.0
Orange,輔大,2021-01-03,12413.0
Orange,新莊,2021-01-03,12777.0
Orange,頭前庄,2021-01-03,4898.0
Orange,先嗇宮,2021-01-03,3947.0
Orange,三重,2021-01-03,11356.0
Orange,菜寮,2021-01-03,11497.0
Orange,台北橋,2021-01-03,14153.0
Orange,大橋頭站,2021-01-03,19150.0
Orange,中山國小,2021-01-03,19174.0
Orange,行天宮,2021-01-03,29848.0
Orange,東門,2021-01-03,14786.0
Orange,蘆洲,2021-01-03,16706.0
Orange,三民高中,2021-01-03,14737.0
Orange,徐匯中學,2021-01-03,15874.0
Orange,三和國中,2021-01-03,15017.0
Orange,三重國小,2021-01-03,15665.0
Orange,迴龍,2021-01-03,12828.0
Orange,丹鳳,2021-01-03,12502.0
Orange,古亭,2021-01-04,34449.0
Orange,頂溪,2021-01-04,73039.0
Orange,永安市場,2021-01-04,52683.0
Orange,景安,2021-01-04,54165.0
Orange,南勢角,2021-01-04,42311.0
Orange,民權西路,2021-01-04,19504.5
Orange,忠孝新生,2021-01-04,25685.5
Orange,松江南京,2021-01-04,41925.5
Orange,輔大,2021-01-04,29169.0
Orange,新莊,2021-01-04,22548.0
Orange,頭前庄,2021-01-04,7641.5
Orange,先嗇宮,2021-01-04,10465.0
Orange,三重,2021-01-04,12833.0
Orange,菜寮,2021-01-04,21332.0
Orange,台北橋,2021-01-04,19331.0
Orange,大橋頭站,2021-01-04,25854.0
Orange,中山國小,2021-01-04,34149.0
Orange,行天宮,2021-01-04,59963.0
Orange,東門,2021-01-04,21688.5
Orange,蘆洲,2021-01-04,29502.0
Orange,三民高中,2021-01-04,24752.0
Orange,徐匯中學,2021-01-04,24982.0
Orange,三和國中,2021-01-04,25339.0
Orange,三重國小,2021-01-04,23646.0
Orange,迴龍,2021-01-04,23498.0
Orange,丹鳳,2021-01-04,20059.0
Orange,古亭,2021-01-05,35741.5
Orange,頂溪,2021-01-05,74538.0
Orange,永安市場,2021-01-05,54302.0
Orange,景安,2021-01-05,54667.0
Orange,南勢角,2021-01-05,42926.0
Orange,民權西路,2021-01-05,20180.5
Orange,忠孝新生,2021-01-05,26694.5
Orange,松江南京,2021-01-05,42899.0
Orange,輔大,2021-01-05,29683.0
Orange,新莊,2021-01-05,23182.0
Orange,頭前庄,2021-01-05,7983.0
Orange,先嗇宮,2021-01-05,10727.0
Orange,三重,2021-01-05,13039.0
Orange,菜寮,2021-01-05,21580.0
Orange,台北橋,2021-01-05,19867.0
Orange,大橋頭站,2021-01-05,25918.0
Orange,中山國小,2021-01-05,35054.0
Orange,行天宮,2021-01-05,59556.0
Orange,東門,2021-01-05,23357.0
Orange,蘆洲,2021-01-05,29838.0
Orange,三民高中,2021-01-05,25224.0
Orange,徐匯中學,2021-01-05,25692.0
Orange,三和國中,2021-01-05,25937.0
Orange,三重國小,2021-01-05,24439.0
Orange,迴龍,2021-01-05,24154.0
Orange,丹鳳,2021-01-05,20448.0
Orange,古亭,2021-01-06,36383.5
Orange,頂溪,2021-01-06,75539.0
Orange,永安市場,2021-01-06,54578.0
Orange,景安,2021-01-06,55270.0
Orange,南勢角,2021-01-06,43498.0
Orange,民權西路,2021-01-06,20593.5
Orange,忠孝新生,2021-01-06,27123.0
Orange,松江南京,2021-01-06,43626.0
Orange,輔大,2021-01-06,28726.0
Orange,新莊,2021-01-06,23716.0
Orange,頭前庄,2021-01-06,8330.0
Orange,先嗇宮,2021-01-06,11029.0
Orange,三重,2021-01-06,13167.0
Orange,菜寮,2021-01-06,22003.0
Orange,台北橋,2021-01-06,20613.0
Orange,大橋頭站,2021-01-06,26357.0
Orange,中山國小,2021-01-06,35668.0
Orange,行天宮,2021-01-06,61782.0
Orange,東門,2021-01-06,23891.0
Orange,蘆洲,2021-01-06,30008.0
Orange,三民高中,2021-01-06,25710.0
Orange,徐匯中學,2021-01-06,26282.0
Orange,三和國中,2021-01-06,25991.0
Orange,三重國小,2021-01-06,24950.0
Orange,迴龍,2021-01-06,24166.0
Orange,丹鳳,2021-01-06,20533.0
Orange,古亭,2021-01-07,35761.0
Orange,頂溪,2021-01-07,75088.0
Orange,永安市場,2021-01-07,54560.0
Orange,景安,2021-01-07,55180.0
Orange,南勢角,2021-01-07,42934.0
Orange,民權西路,2021-01-07,20670.0
Orange,忠孝新生,2021-01-07,27181.0
Orange,松江南京,2021-01-07,44080.5
Orange,輔大,2021-01-07,29519.0
Orange,新莊,2021-01-07,23466.0
Orange,頭前庄,2021-01-07,8317.5
Orange,先嗇宮,2021-01-07,10973.0
Orange,三重,2021-01-07,13565.0
Orange,菜寮,2021-01-07,22034.0
Orange,台北橋,2021-01-07,20235.0
Orange,大橋頭站,2021-01-07,25717.0
Orange,中山國小,2021-01-07,35874.0
Orange,行天宮,2021-01-07,61085.0
Orange,東門,2021-01-07,23615.5
Orange,蘆洲,2021-01-07,30137.0
Orange,三民高中,2021-01-07,25270.0
Orange,徐匯中學,2021-01-07,26044.0
Orange,三和國中,2021-01-07,26184.0
Orange,三重國小,2021-01-07,24563.0
Orange,迴龍,2021-01-07,24080.0
Orange,丹鳳,2021-01-07,20591.0
Orange,古亭,2021-01-08,36046.0
Orange,頂溪,2021-01-08,78000.0
Orange,永安市場,2021-01-08,56330.0
Orange,景安,2021-01-08,57121.0
Orange,南勢角,2021-01-08,43196.0
Orange,民權西路,2021-01-08,20735.0
Orange,忠孝新生,2021-01-08,28514.5
Orange,松江南京,2021-01-08,44885.0
Orange,輔大,2021-01-08,30274.0
Orange,新莊,2021-01-08,24167.0
Orange,頭前庄,2021-01-08,8615.5
Orange,先嗇宮,2021-01-08,11444.0
Orange,三重,2021-01-08,14362.0
Orange,菜寮,2021-01-08,22893.0
Orange,台北橋,2021-01-08,21734.0
Orange,大橋頭站,2021-01-08,27735.0
Orange,中山國小,2021-01-08,38228.0
Orange,行天宮,2021-01-08,63521.0
Orange,東門,2021-01-08,24624.5
Orange,蘆洲,2021-01-08,30567.0
Orange,三民高中,2021-01-08,26145.0
Orange,徐匯中學,2021-01-08,27980.0
Orange,三和國中,2021-01-08,27414.0
Orange,三重國小,2021-01-08,25863.0
Orange,迴龍,2021-01-08,24901.0
Orange,丹鳳,2021-01-08,21459.0
Orange,古亭,2021-01-09,27212.0
Orange,頂溪,2021-01-09,59936.0
Orange,永安市場,2021-01-09,41817.0
Orange,景安,2021-01-09,40419.0
Orange,南勢角,2021-01-09,32643.0
Orange,民權西路,2021-01-09,12715.0
Orange,忠孝新生,2021-01-09,22328.5
Orange,松江南京,2021-01-09,19171.0
Orange,輔大,2021-01-09,16883.0
Orange,新莊,2021-01-09,16534.0
Orange,頭前庄,2021-01-09,6156.0
Orange,先嗇宮,2021-01-09,4858.0
Orange,三重,2021-01-09,11202.0
Orange,菜寮,2021-01-09,14779.0
Orange,台北橋,2021-01-09,17776.0
Orange,大橋頭站,2021-01-09,21847.0
Orange,中山國小,2021-01-09,25278.0
Orange,行天宮,2021-01-09,39652.0
Orange,東門,2021-01-09,19226.5
Orange,蘆洲,2021-01-09,21374.0
Orange,三民高中,2021-01-09,18698.0
Orange,徐匯中學,2021-01-09,20141.0
Orange,三和國中,2021-01-09,19036.0
Orange,三重國小,2021-01-09,19607.0
Orange,迴龍,2021-01-09,14809.0
Orange,丹鳳,2021-01-09,15285.0
Orange,古亭,2021-01-10,20099.5
Orange,頂溪,2021-01-10,50682.0
Orange,永安市場,2021-01-10,33831.0
Orange,景安,2021-01-10,34134.0
Orange,南勢角,2021-01-10,28712.0
Orange,民權西路,2021-01-10,11739.0
Orange,忠孝新生,2021-01-10,18062.5
Orange,松江南京,2021-01-10,14709.5
Orange,輔大,2021-01-10,12517.0
Orange,新莊,2021-01-10,13342.0
Orange,頭前庄,2021-01-10,5333.0
Orange,先嗇宮,2021-01-10,3900.0
Orange,三重,2021-01-10,10325.0
Orange,菜寮,2021-01-10,12222.0
Orange,台北橋,2021-01-10,14935.0
Orange,大橋頭站,2021-01-10,18928.0
Orange,中山國小,2021-01-10,20926.0
Orange,行天宮,2021-01-10,33496.0
Orange,東門,2021-01-10,16086.0
Orange,蘆洲,2021-01-10,17586.0
Orange,三民高中,2021-01-10,15784.0
Orange,徐匯中學,2021-01-10,17023.0
Orange,三和國中,2021-01-10,15175.0
Orange,三重國小,2021-01-10,16719.0
Orange,迴龍,2021-01-10,13190.0
Orange,丹鳳,2021-01-10,12717.0
Orange,古亭,2021-01-11,34247.5
Orange,頂溪,2021-01-11,74381.0
Orange,永安市場,2021-01-11,53304.0
Orange,景安,2021-01-11,54736.0
Orange,南勢角,2021-01-11,42407.0
Orange,民權西路,2021-01-11,20108.0
Orange,忠孝新生,2021-01-11,26145.0
Orange,松江南京,2021-01-11,43582.0
Orange,輔大,2021-01-11,28907.0
Orange,新莊,2021-01-11,22550.0
Orange,頭前庄,2021-01-11,7989.0
Orange,先嗇宮,2021-01-11,11031.0
Orange,三重,2021-01-11,13097.0
Orange,菜寮,2021-01-11,22281.0
Orange,台北橋,2021-01-11,20514.0
Orange,大橋頭站,2021-01-11,25794.0
Orange,中山國小,2021-01-11,35566.0
Orange,行天宮,2021-01-11,59535.0
Orange,東門,2021-01-11,22204.0
Orange,蘆洲,2021-01-11,29768.0
Orange,三民高中,2021-01-11,24708.0
Orange,徐匯中學,2021-01-11,26289.0
Orange,三和國中,2021-01-11,26432.0
Orange,三重國小,2021-01-11,24762.0
Orange,迴龍,2021-01-11,23381.0
Orange,丹鳳,2021-01-11,20195.0
Orange,古亭,2021-01-12,34924.5
Orange,頂溪,2021-01-12,74555.0
Orange,永安市場,2021-01-12,51776.0
Orange,景安,2021-01-12,54372.0
Orange,南勢角,2021-01-12,42848.0
Orange,民權西路,2021-01-12,20053.5
Orange,忠孝新生,2021-01-12,26215.5
Orange,松江南京,2021-01-12,43652.0
Orange,輔大,2021-01-12,29344.0
Orange,新莊,2021-01-12,23111.0
Orange,頭前庄,2021-01-12,8036.0
Orange,先嗇宮,2021-01-12,11021.0
Orange,三重,2021-01-12,13267.0
Orange,菜寮,2021-01-12,21922.0
Orange,台北橋,2021-01-12,20247.0
Orange,大橋頭站,2021-01-12,25920.0
Orange,中山國小,2021-01-12,35913.0
Orange,行天宮,2021-01-12,61176.0
Orange,東門,2021-01-12,23339.0
Orange,蘆洲,2021-01-12,29541.0
Orange,三民高中,2021-01-12,25168.0
Orange,徐匯中學,2021-01-12,26314.0
Orange,三和國中,2021-01-12,25883.0
Orange,三重國小,2021-01-12,24933.0
Orange,迴龍,2021-01-12,23883.0
Orange,丹鳳,2021-01-12,20281.0
Orange,古亭,2021-01-13,35506.5
Orange,頂溪,2021-01-13,75278.0
Orange,永安市場,2021-01-13,55252.0
Orange,景安,2021-01-13,55052.0
Orange,南勢角,2021-01-13,43473.0
Orange,民權西路,2021-01-13,21942.0
Orange,忠孝新生,2021-01-13,26741.0
Orange,松江南京,2021-01-13,43919.5
Orange,輔大,2021-01-13,27912.0
Orange,新莊,2021-01-13,23522.0
Orange,頭前庄,2021-01-13,8539.0
Orange,先嗇宮,2021-01-13,11008.0
Orange,三重,2021-01-13,13902.0
Orange,菜寮,2021-01-13,21862.0
Orange,台北橋,2021-01-13,20491.0
Orange,大橋頭站,2021-01-13,26149.0
Orange,中山國小,2021-01-13,35922.0
Orange,行天宮,2021-01-13,63272.0
Orange,東門,2021-01-13,24610.0
Orange,蘆洲,2021-01-13,29949.0
Orange,三民高中,2021-01-13,25747.0
Orange,徐匯中學,2021-01-13,25824.0
Orange,三和國中,2021-01-13,25842.0
Orange,三重國小,2021-01-13,24390.0
Orange,迴龍,2021-01-13,24089.0
Orange,丹鳳,2021-01-13,20927.0
Orange,古亭,2021-01-14,35320.0
Orange,頂溪,2021-01-14,75990.0
Orange,永安市場,2021-01-14,54997.0
Orange,景安,2021-01-14,55072.0
Orange,南勢角,2021-01-14,43874.0
Orange,民權西路,2021-01-14,20258.5
Orange,忠孝新生,2021-01-14,26971.0
Orange,松江南京,2021-01-14,43844.5
Orange,輔大,2021-01-14,29678.0
Orange,新莊,2021-01-14,23022.0
Orange,頭前庄,2021-01-14,8385.5
Orange,先嗇宮,2021-01-14,11101.0
Orange,三重,2021-01-14,13912.0
Orange,菜寮,2021-01-14,21597.0
Orange,台北橋,2021-01-14,20483.0
Orange,大橋頭站,2021-01-14,26120.0
Orange,中山國小,2021-01-14,36267.0
Orange,行天宮,2021-01-14,61700.0
Orange,東門,2021-01-14,24145.0
Orange,蘆洲,2021-01-14,29837.0
Orange,三民高中,2021-01-14,25606.0
Orange,徐匯中學,2021-01-14,26033.0
Orange,三和國中,2021-01-14,26113.0
Orange,三重國小,2021-01-14,24631.0
Orange,迴龍,2021-01-14,23831.0
Orange,丹鳳,2021-01-14,20921.0
Orange,古亭,2021-01-15,36964.5
Orange,頂溪,2021-01-15,79830.0
Orange,永安市場,2021-01-15,58626.0
Orange,景安,2021-01-15,57668.0
Orange,南勢角,2021-01-15,45223.0
Orange,民權西路,2021-01-15,20392.5
Orange,忠孝新生,2021-01-15,28633.0
Orange,松江南京,2021-01-15,44712.5
Orange,輔大,2021-01-15,32189.0
Orange,新莊,2021-01-15,24718.0
Orange,頭前庄,2021-01-15,8916.0
Orange,先嗇宮,2021-01-15,11316.0
Orange,三重,2021-01-15,15002.0
Orange,菜寮,2021-01-15,22660.0
Orange,台北橋,2021-01-15,22489.0
Orange,大橋頭站,2021-01-15,29847.0
Orange,中山國小,2021-01-15,38565.0
Orange,行天宮,2021-01-15,65194.0
Orange,東門,2021-01-15,25494.5
Orange,蘆洲,2021-01-15,31608.0
Orange,三民高中,2021-01-15,27078.0
Orange,徐匯中學,2021-01-15,28134.0
Orange,三和國中,2021-01-15,27141.0
Orange,三重國小,2021-01-15,25771.0
Orange,迴龍,2021-01-15,24677.0
Orange,丹鳳,2021-01-15,22195.0
Orange,古亭,2021-01-16,27387.5
Orange,頂溪,2021-01-16,62398.0
Orange,永安市場,2021-01-16,43477.0
Orange,景安,2021-01-16,42057.0
Orange,南勢角,2021-01-16,34841.0
Orange,民權西路,2021-01-16,12682.0
Orange,忠孝新生,2021-01-16,23582.0
Orange,松江南京,2021-01-16,20036.5
Orange,輔大,2021-01-16,18893.0
Orange,新莊,2021-01-16,17671.0
Orange,頭前庄,2021-01-16,6474.0
Orange,先嗇宮,2021-01-16,5342.0
Orange,三重,2021-01-16,13081.0
Orange,菜寮,2021-01-16,15394.0
Orange,台北橋,2021-01-16,18871.0
Orange,大橋頭站,2021-01-16,24315.0
Orange,中山國小,2021-01-16,26476.0
Orange,行天宮,2021-01-16,43465.0
Orange,東門,2021-01-16,19990.5
Orange,蘆洲,2021-01-16,21994.0
Orange,三民高中,2021-01-16,19628.0
Orange,徐匯中學,2021-01-16,21481.0
Orange,三和國中,2021-01-16,20018.0
Orange,三重國小,2021-01-16,20167.0
Orange,迴龍,2021-01-16,15410.0
Orange,丹鳳,2021-01-16,15725.0
Orange,古亭,2021-01-17,20687.5
Orange,頂溪,2021-01-17,49173.0
Orange,永安市場,2021-01-17,33215.0
Orange,景安,2021-01-17,32870.0
Orange,南勢角,2021-01-17,27197.0
Orange,民權西路,2021-01-17,11269.0
Orange,忠孝新生,2021-01-17,17739.5
Orange,松江南京,2021-01-17,15081.5
Orange,輔大,2021-01-17,12309.0
Orange,新莊,2021-01-17,13372.0
Orange,頭前庄,2021-01-17,5429.0
Orange,先嗇宮,2021-01-17,3913.0
Orange,三重,2021-01-17,9335.0
Orange,菜寮,2021-01-17,11613.0
Orange,台北橋,2021-01-17,14877.0
Orange,大橋頭站,2021-01-17,18849.0
Orange,中山國小,2021-01-17,20376.0
Orange,行天宮,2021-01-17,32371.0
Orange,東門,2021-01-17,15799.5
Orange,蘆洲,2021-01-17,17026.0
Orange,三民高中,2021-01-17,14968.0
Orange,徐匯中學,2021-01-17,16390.0
Orange,三和國中,2021-01-17,15366.0
Orange,三重國小,2021-01-17,15485.0
Orange,迴龍,2021-01-17,12425.0
Orange,丹鳳,2021-01-17,12694.0
Orange,古亭,2021-01-18,32535.5
Orange,頂溪,2021-01-18,71453.0
Orange,永安市場,2021-01-18,52286.0
Orange,景安,2021-01-18,52284.0
Orange,南勢角,2021-01-18,40590.0
Orange,民權西路,2021-01-18,19094.0
Orange,忠孝新生,2021-01-18,23886.0
Orange,松江南京,2021-01-18,41946.5
Orange,輔大,2021-01-18,19501.0
Orange,新莊,2021-01-18,21930.0
Orange,頭前庄,2021-01-18,7640.0
Orange,先嗇宮,2021-01-18,10563.0
Orange,三重,2021-01-18,12812.0
Orange,菜寮,2021-01-18,20402.0
Orange,台北橋,2021-01-18,19345.0
Orange,大橋頭站,2021-01-18,25723.0
Orange,中山國小,2021-01-18,34658.0
Orange,行天宮,2021-01-18,59465.0
Orange,東門,2021-01-18,22074.5
Orange,蘆洲,2021-01-18,28699.0
Orange,三民高中,2021-01-18,24802.0
Orange,徐匯中學,2021-01-18,24935.0
Orange,三和國中,2021-01-18,24708.0
Orange,三重國小,2021-01-18,23343.0
Orange,迴龍,2021-01-18,20698.0
Orange,丹鳳,2021-01-18,19770.0
Orange,古亭,2021-01-19,34377.5
Orange,頂溪,2021-01-19,72615.0
Orange,永安市場,2021-01-19,53328.0
Orange,景安,2021-01-19,54027.0
Orange,南勢角,2021-01-19,41335.0
Orange,民權西路,2021-01-19,19487.5
Orange,忠孝新生,2021-01-19,24659.0
Orange,松江南京,2021-01-19,42796.0
Orange,輔大,2021-01-19,19212.0
Orange,新莊,2021-01-19,22626.0
Orange,頭前庄,2021-01-19,7927.5
Orange,先嗇宮,2021-01-19,10753.0
Orange,三重,2021-01-19,13469.0
Orange,菜寮,2021-01-19,20806.0
Orange,台北橋,2021-01-19,19925.0
Orange,大橋頭站,2021-01-19,26365.0
Orange,中山國小,2021-01-19,35268.0
Orange,行天宮,2021-01-19,60800.0
Orange,東門,2021-01-19,23605.5
Orange,蘆洲,2021-01-19,29401.0
Orange,三民高中,2021-01-19,25173.0
Orange,徐匯中學,2021-01-19,25291.0
Orange,三和國中,2021-01-19,25133.0
Orange,三重國小,2021-01-19,23720.0
Orange,迴龍,2021-01-19,21205.0
Orange,丹鳳,2021-01-19,20191.0
Orange,古亭,2021-01-20,34891.0
Orange,頂溪,2021-01-20,76358.0
Orange,永安市場,2021-01-20,55829.0
Orange,景安,2021-01-20,55145.0
Orange,南勢角,2021-01-20,42732.0
Orange,民權西路,2021-01-20,20341.5
Orange,忠孝新生,2021-01-20,25996.5
Orange,松江南京,2021-01-20,43306.5
Orange,輔大,2021-01-20,19636.0
Orange,新莊,2021-01-20,24163.0
Orange,頭前庄,2021-01-20,8568.0
Orange,先嗇宮,2021-01-20,11168.0
Orange,三重,2021-01-20,14327.0
Orange,菜寮,2021-01-20,22078.0
Orange,台北橋,2021-01-20,22453.0
Orange,大橋頭站,2021-01-20,27809.0
Orange,中山國小,2021-01-20,35972.0
Orange,行天宮,2021-01-20,61869.0
Orange,東門,2021-01-20,24602.5
Orange,蘆洲,2021-01-20,30660.0
Orange,三民高中,2021-01-20,26040.0
Orange,徐匯中學,2021-01-20,27041.0
Orange,三和國中,2021-01-20,26744.0
Orange,三重國小,2021-01-20,24889.0
Orange,迴龍,2021-01-20,21695.0
Orange,丹鳳,2021-01-20,21291.0
Orange,古亭,2021-01-21,34572.5
Orange,頂溪,2021-01-21,72142.0
Orange,永安市場,2021-01-21,53582.0
Orange,景安,2021-01-21,52557.0
Orange,南勢角,2021-01-21,40800.0
Orange,民權西路,2021-01-21,18581.5
Orange,忠孝新生,2021-01-21,25361.0
Orange,松江南京,2021-01-21,42599.0
Orange,輔大,2021-01-21,18696.0
Orange,新莊,2021-01-21,22350.0
Orange,頭前庄,2021-01-21,7748.0
Orange,先嗇宮,2021-01-21,10738.0
Orange,三重,2021-01-21,13845.0
Orange,菜寮,2021-01-21,19572.0
Orange,台北橋,2021-01-21,19767.0
Orange,大橋頭站,2021-01-21,24363.0
Orange,中山國小,2021-01-21,33522.0
Orange,行天宮,2021-01-21,59464.0
Orange,東門,2021-01-21,23054.5
Orange,蘆洲,2021-01-21,28479.0
Orange,三民高中,2021-01-21,23721.0
Orange,徐匯中學,2021-01-21,24610.0
Orange,三和國中,2021-01-21,24643.0
Orange,三重國小,2021-01-21,23043.0
Orange,迴龍,2021-01-21,20053.0
Orange,丹鳳,2021-01-21,19244.0
Orange,古亭,2021-01-22,35218.5
Orange,頂溪,2021-01-22,73158.0
Orange,永安市場,2021-01-22,53271.0
Orange,景安,2021-01-22,53957.0
Orange,南勢角,2021-01-22,41352.0
Orange,民權西路,2021-01-22,19215.0
Orange,忠孝新生,2021-01-22,25780.0
Orange,松江南京,2021-01-22,43331.5
Orange,輔大,2021-01-22,18558.0
Orange,新莊,2021-01-22,23121.0
Orange,頭前庄,2021-01-22,7931.5
Orange,先嗇宮,2021-01-22,10828.0
Orange,三重,2021-01-22,13708.0
Orange,菜寮,2021-01-22,20000.0
Orange,台北橋,2021-01-22,20363.0
Orange,大橋頭站,2021-01-22,26260.0
Orange,中山國小,2021-01-22,35237.0
Orange,行天宮,2021-01-22,61612.0
Orange,東門,2021-01-22,24183.5
Orange,蘆洲,2021-01-22,28965.0
Orange,三民高中,2021-01-22,24744.0
Orange,徐匯中學,2021-01-22,26016.0
Orange,三和國中,2021-01-22,24513.0
Orange,三重國小,2021-01-22,23966.0
Orange,迴龍,2021-01-22,20098.0
Orange,丹鳳,2021-01-22,20259.0
Orange,古亭,2021-01-23,25688.5
Orange,頂溪,2021-01-23,58990.0
Orange,永安市場,2021-01-23,39986.0
Orange,景安,2021-01-23,39285.0
Orange,南勢角,2021-01-23,32107.0
Orange,民權西路,2021-01-23,12879.5
Orange,忠孝新生,2021-01-23,21667.5
Orange,松江南京,2021-01-23,20480.0
Orange,輔大,2021-01-23,13513.0
Orange,新莊,2021-01-23,17290.0
Orange,頭前庄,2021-01-23,5820.5
Orange,先嗇宮,2021-01-23,4823.0
Orange,三重,2021-01-23,10968.0
Orange,菜寮,2021-01-23,15097.0
Orange,台北橋,2021-01-23,17471.0
Orange,大橋頭站,2021-01-23,22801.0
Orange,中山國小,2021-01-23,25577.0
Orange,行天宮,2021-01-23,37892.0
Orange,東門,2021-01-23,19580.0
Orange,蘆洲,2021-01-23,21302.0
Orange,三民高中,2021-01-23,19590.0
Orange,徐匯中學,2021-01-23,20281.0
Orange,三和國中,2021-01-23,18232.0
Orange,三重國小,2021-01-23,18973.0
Orange,迴龍,2021-01-23,13837.0
Orange,丹鳳,2021-01-23,14852.0
Orange,古亭,2021-01-24,20638.5
Orange,頂溪,2021-01-24,49838.0
Orange,永安市場,2021-01-24,34762.0
Orange,景安,2021-01-24,33718.0
Orange,南勢角,2021-01-24,28348.0
Orange,民權西路,2021-01-24,11263.0
Orange,忠孝新生,2021-01-24,18033.0
Orange,松江南京,2021-01-24,14903.0
Orange,輔大,2021-01-24,11884.0
Orange,新莊,2021-01-24,13738.0
Orange,頭前庄,2021-01-24,5554.0
Orange,先嗇宮,2021-01-24,4301.0
Orange,三重,2021-01-24,10502.0
Orange,菜寮,2021-01-24,12265.0
Orange,台北橋,2021-01-24,14477.0
Orange,大橋頭站,2021-01-24,19741.0
Orange,中山國小,2021-01-24,20470.0
Orange,行天宮,2021-01-24,31997.0
Orange,東門,2021-01-24,15945.0
Orange,蘆洲,2021-01-24,17970.0
Orange,三民高中,2021-01-24,15057.0
Orange,徐匯中學,2021-01-24,16675.0
Orange,三和國中,2021-01-24,15015.0
Orange,三重國小,2021-01-24,16100.0
Orange,迴龍,2021-01-24,12749.0
Orange,丹鳳,2021-01-24,12687.0
Orange,古亭,2021-01-25,32830.5
Orange,頂溪,2021-01-25,68596.0
Orange,永安市場,2021-01-25,50480.0
Orange,景安,2021-01-25,50774.0
Orange,南勢角,2021-01-25,38866.0
Orange,民權西路,2021-01-25,17859.5
Orange,忠孝新生,2021-01-25,24784.0
Orange,松江南京,2021-01-25,40446.0
Orange,輔大,2021-01-25,17612.0
Orange,新莊,2021-01-25,20952.0
Orange,頭前庄,2021-01-25,7591.5
Orange,先嗇宮,2021-01-25,10257.0
Orange,三重,2021-01-25,12853.0
Orange,菜寮,2021-01-25,18876.0
Orange,台北橋,2021-01-25,18767.0
Orange,大橋頭站,2021-01-25,24141.0
Orange,中山國小,2021-01-25,32590.0
Orange,行天宮,2021-01-25,56960.0
Orange,東門,2021-01-25,21216.5
Orange,蘆洲,2021-01-25,27484.0
Orange,三民高中,2021-01-25,22725.0
Orange,徐匯中學,2021-01-25,24002.0
Orange,三和國中,2021-01-25,23372.0
Orange,三重國小,2021-01-25,22448.0
Orange,迴龍,2021-01-25,19390.0
Orange,丹鳳,2021-01-25,19028.0
Orange,古亭,2021-01-26,34361.0
Orange,頂溪,2021-01-26,70573.0
Orange,永安市場,2021-01-26,52288.0
Orange,景安,2021-01-26,52063.0
Orange,南勢角,2021-01-26,40016.0
Orange,民權西路,2021-01-26,17776.5
Orange,忠孝新生,2021-01-26,25603.0
Orange,松江南京,2021-01-26,41199.5
Orange,輔大,2021-01-26,17533.0
Orange,新莊,2021-01-26,21597.0
Orange,頭前庄,2021-01-26,7490.5
Orange,先嗇宮,2021-01-26,10493.0
Orange,三重,2021-01-26,13563.0
Orange,菜寮,2021-01-26,19690.0
Orange,台北橋,2021-01-26,19378.0
Orange,大橋頭站,2021-01-26,24810.0
Orange,中山國小,2021-01-26,33366.0
Orange,行天宮,2021-01-26,57533.0
Orange,東門,2021-01-26,22864.0
Orange,蘆洲,2021-01-26,27907.0
Orange,三民高中,2021-01-26,23340.0
Orange,徐匯中學,2021-01-26,24592.0
Orange,三和國中,2021-01-26,23765.0
Orange,三重國小,2021-01-26,22804.0
Orange,迴龍,2021-01-26,19577.0
Orange,丹鳳,2021-01-26,19275.0
Orange,古亭,2021-01-27,34597.0
Orange,頂溪,2021-01-27,70341.0
Orange,永安市場,2021-01-27,51078.0
Orange,景安,2021-01-27,51884.0
Orange,南勢角,2021-01-27,40186.0
Orange,民權西路,2021-01-27,17807.0
Orange,忠孝新生,2021-01-27,26025.5
Orange,松江南京,2021-01-27,41229.0
Orange,輔大,2021-01-27,17481.0
Orange,新莊,2021-01-27,21779.0
Orange,頭前庄,2021-01-27,7467.5
Orange,先嗇宮,2021-01-27,10842.0
Orange,三重,2021-01-27,12965.0
Orange,菜寮,2021-01-27,19790.0
Orange,台北橋,2021-01-27,19886.0
Orange,大橋頭站,2021-01-27,25224.0
Orange,中山國小,2021-01-27,32934.0
Orange,行天宮,2021-01-27,60470.0
Orange,東門,2021-01-27,23186.5
Orange,蘆洲,2021-01-27,28083.0
Orange,三民高中,2021-01-27,23455.0
Orange,徐匯中學,2021-01-27,24617.0
Orange,三和國中,2021-01-27,23770.0
Orange,三重國小,2021-01-27,22627.0
Orange,迴龍,2021-01-27,19565.0
Orange,丹鳳,2021-01-27,19495.0
Orange,古亭,2021-01-28,34425.0
Orange,頂溪,2021-01-28,70685.0
Orange,永安市場,2021-01-28,51714.0
Orange,景安,2021-01-28,51634.0
Orange,南勢角,2021-01-28,39737.0
Orange,民權西路,2021-01-28,17908.0
Orange,忠孝新生,2021-01-28,26004.5
Orange,松江南京,2021-01-28,42133.0
Orange,輔大,2021-01-28,17830.0
Orange,新莊,2021-01-28,21772.0
Orange,頭前庄,2021-01-28,7464.5
Orange,先嗇宮,2021-01-28,10555.0
Orange,三重,2021-01-28,12702.0
Orange,菜寮,2021-01-28,19541.0
Orange,台北橋,2021-01-28,19247.0
Orange,大橋頭站,2021-01-28,24779.0
Orange,中山國小,2021-01-28,34050.0
Orange,行天宮,2021-01-28,58403.0
Orange,東門,2021-01-28,23113.5
Orange,蘆洲,2021-01-28,28065.0
Orange,三民高中,2021-01-28,22635.0
Orange,徐匯中學,2021-01-28,24714.0
Orange,三和國中,2021-01-28,23856.0
Orange,三重國小,2021-01-28,22946.0
Orange,迴龍,2021-01-28,19063.0
Orange,丹鳳,2021-01-28,19304.0
Orange,古亭,2021-01-29,35726.5
Orange,頂溪,2021-01-29,73677.0
Orange,永安市場,2021-01-29,53687.0
Orange,景安,2021-01-29,53950.0
Orange,南勢角,2021-01-29,40964.0
Orange,民權西路,2021-01-29,18419.5
Orange,忠孝新生,2021-01-29,28384.5
Orange,松江南京,2021-01-29,42319.0
Orange,輔大,2021-01-29,17416.0
Orange,新莊,2021-01-29,21790.0
Orange,頭前庄,2021-01-29,7808.0
Orange,先嗇宮,2021-01-29,10735.0
Orange,三重,2021-01-29,13391.0
Orange,菜寮,2021-01-29,20070.0
Orange,台北橋,2021-01-29,20527.0
Orange,大橋頭站,2021-01-29,26521.0
Orange,中山國小,2021-01-29,35858.0
Orange,行天宮,2021-01-29,60754.0
Orange,東門,2021-01-29,24263.5
Orange,蘆洲,2021-01-29,29074.0
Orange,三民高中,2021-01-29,24190.0
Orange,徐匯中學,2021-01-29,25910.0
Orange,三和國中,2021-01-29,24638.0
Orange,三重國小,2021-01-29,24128.0
Orange,迴龍,2021-01-29,20111.0
Orange,丹鳳,2021-01-29,20312.0
Orange,古亭,2021-01-30,26410.0
Orange,頂溪,2021-01-30,59870.0
Orange,永安市場,2021-01-30,41148.0
Orange,景安,2021-01-30,40245.0
Orange,南勢角,2021-01-30,33293.0
Orange,民權西路,2021-01-30,11755.5
Orange,忠孝新生,2021-01-30,22945.5
Orange,松江南京,2021-01-30,18970.0
Orange,輔大,2021-01-30,13652.0
Orange,新莊,2021-01-30,16402.0
Orange,頭前庄,2021-01-30,6103.0
Orange,先嗇宮,2021-01-30,4913.0
Orange,三重,2021-01-30,12241.0
Orange,菜寮,2021-01-30,14775.0
Orange,台北橋,2021-01-30,17781.0
Orange,大橋頭站,2021-01-30,24718.0
Orange,中山國小,2021-01-30,25482.0
Orange,行天宮,2021-01-30,39843.0
Orange,東門,2021-01-30,19684.5
Orange,蘆洲,2021-01-30,21356.0
Orange,三民高中,2021-01-30,18851.0
Orange,徐匯中學,2021-01-30,19853.0
Orange,三和國中,2021-01-30,18975.0
Orange,三重國小,2021-01-30,19816.0
Orange,迴龍,2021-01-30,14552.0
Orange,丹鳳,2021-01-30,15133.0
Orange,古亭,2021-01-31,20616.0
Orange,頂溪,2021-01-31,50944.0
Orange,永安市場,2021-01-31,34628.0
Orange,景安,2021-01-31,33248.0
Orange,南勢角,2021-01-31,28148.0
Orange,民權西路,2021-01-31,10727.5
Orange,忠孝新生,2021-01-31,19048.0
Orange,松江南京,2021-01-31,14167.0
Orange,輔大,2021-01-31,11372.0
Orange,新莊,2021-01-31,14823.0
Orange,頭前庄,2021-01-31,5092.0
Orange,先嗇宮,2021-01-31,4140.0
Orange,三重,2021-01-31,10334.0
Orange,菜寮,2021-01-31,12073.0
Orange,台北橋,2021-01-31,14476.0
Orange,大橋頭站,2021-01-31,20192.0
Orange,中山國小,2021-01-31,20564.0
Orange,行天宮,2021-01-31,31500.0
Orange,東門,2021-01-31,16953.0
Orange,蘆洲,2021-01-31,17772.0
Orange,三民高中,2021-01-31,15251.0
Orange,徐匯中學,2021-01-31,16234.0
Orange,三和國中,2021-01-31,15180.0
Orange,三重國小,2021-01-31,15983.0
Orange,迴龍,2021-01-31,11998.0
Orange,丹鳳,2021-01-31,12620.0
Orange,古亭,2021-02-01,32974.5
Orange,頂溪,2021-02-01,68242.0
Orange,永安市場,2021-02-01,50624.0
Orange,景安,2021-02-01,51235.0
Orange,南勢角,2021-02-01,39376.0
Orange,民權西路,2021-02-01,17470.0
Orange,忠孝新生,2021-02-01,25277.0
Orange,松江南京,2021-02-01,40787.0
Orange,輔大,2021-02-01,17518.0
Orange,新莊,2021-02-01,21540.0
Orange,頭前庄,2021-02-01,7266.5
Orange,先嗇宮,2021-02-01,10350.0
Orange,三重,2021-02-01,12763.0
Orange,菜寮,2021-02-01,18829.0
Orange,台北橋,2021-02-01,18877.0
Orange,大橋頭站,2021-02-01,24293.0
Orange,中山國小,2021-02-01,33106.0
Orange,行天宮,2021-02-01,55719.0
Orange,東門,2021-02-01,22062.0
Orange,蘆洲,2021-02-01,27652.0
Orange,三民高中,2021-02-01,22567.0
Orange,徐匯中學,2021-02-01,23752.0
Orange,三和國中,2021-02-01,23519.0
Orange,三重國小,2021-02-01,22701.0
Orange,迴龍,2021-02-01,19156.0
Orange,丹鳳,2021-02-01,19164.0
Orange,古亭,2021-02-02,34324.5
Orange,頂溪,2021-02-02,69589.0
Orange,永安市場,2021-02-02,52079.0
Orange,景安,2021-02-02,52166.0
Orange,南勢角,2021-02-02,39902.0
Orange,民權西路,2021-02-02,17757.5
Orange,忠孝新生,2021-02-02,26305.0
Orange,松江南京,2021-02-02,41690.0
Orange,輔大,2021-02-02,17202.0
Orange,新莊,2021-02-02,21811.0
Orange,頭前庄,2021-02-02,7460.5
Orange,先嗇宮,2021-02-02,10481.0
Orange,三重,2021-02-02,12830.0
Orange,菜寮,2021-02-02,19348.0
Orange,台北橋,2021-02-02,19384.0
Orange,大橋頭站,2021-02-02,24393.0
Orange,中山國小,2021-02-02,33598.0
Orange,行天宮,2021-02-02,58653.0
Orange,東門,2021-02-02,23773.0
Orange,蘆洲,2021-02-02,27768.0
Orange,三民高中,2021-02-02,23343.0
Orange,徐匯中學,2021-02-02,24511.0
Orange,三和國中,2021-02-02,23640.0
Orange,三重國小,2021-02-02,23009.0
Orange,迴龍,2021-02-02,19261.0
Orange,丹鳳,2021-02-02,18907.0
Orange,古亭,2021-02-03,34689.5
Orange,頂溪,2021-02-03,72519.0
Orange,永安市場,2021-02-03,53411.0
Orange,景安,2021-02-03,53043.0
Orange,南勢角,2021-02-03,40589.0
Orange,民權西路,2021-02-03,18132.5
Orange,忠孝新生,2021-02-03,26858.5
Orange,松江南京,2021-02-03,42217.0
Orange,輔大,2021-02-03,17681.0
Orange,新莊,2021-02-03,22669.0
Orange,頭前庄,2021-02-03,7647.5
Orange,先嗇宮,2021-02-03,10456.0
Orange,三重,2021-02-03,13270.0
Orange,菜寮,2021-02-03,19624.0
Orange,台北橋,2021-02-03,19660.0
Orange,大橋頭站,2021-02-03,25751.0
Orange,中山國小,2021-02-03,34074.0
Orange,行天宮,2021-02-03,59071.0
Orange,東門,2021-02-03,24093.0
Orange,蘆洲,2021-02-03,28075.0
Orange,三民高中,2021-02-03,23013.0
Orange,徐匯中學,2021-02-03,24719.0
Orange,三和國中,2021-02-03,23968.0
Orange,三重國小,2021-02-03,22926.0
Orange,迴龍,2021-02-03,19720.0
Orange,丹鳳,2021-02-03,19388.0
Orange,古亭,2021-02-04,34819.0
Orange,頂溪,2021-02-04,71394.0
Orange,永安市場,2021-02-04,53479.0
Orange,景安,2021-02-04,52808.0
Orange,南勢角,2021-02-04,40702.0
Orange,民權西路,2021-02-04,17945.5
Orange,忠孝新生,2021-02-04,26723.0
Orange,松江南京,2021-02-04,41563.5
Orange,輔大,2021-02-04,17504.0
Orange,新莊,2021-02-04,21469.0
Orange,頭前庄,2021-02-04,7584.5
Orange,先嗇宮,2021-02-04,10351.0
Orange,三重,2021-02-04,13417.0
Orange,菜寮,2021-02-04,19238.0
Orange,台北橋,2021-02-04,19714.0
Orange,大橋頭站,2021-02-04,25624.0
Orange,中山國小,2021-02-04,34032.0
Orange,行天宮,2021-02-04,59033.0
Orange,東門,2021-02-04,23839.0
Orange,蘆洲,2021-02-04,28289.0
Orange,三民高中,2021-02-04,23572.0
Orange,徐匯中學,2021-02-04,24826.0
Orange,三和國中,2021-02-04,23557.0
Orange,三重國小,2021-02-04,23053.0
Orange,迴龍,2021-02-04,19172.0
Orange,丹鳳,2021-02-04,19276.0
Orange,古亭,2021-02-05,35325.0
Orange,頂溪,2021-02-05,74455.0
Orange,永安市場,2021-02-05,54684.0
Orange,景安,2021-02-05,54786.0
Orange,南勢角,2021-02-05,41473.0
Orange,民權西路,2021-02-05,18453.5
Orange,忠孝新生,2021-02-05,27901.0
Orange,松江南京,2021-02-05,42678.0
Orange,輔大,2021-02-05,17296.0
Orange,新莊,2021-02-05,23417.0
Orange,頭前庄,2021-02-05,8115.5
Orange,先嗇宮,2021-02-05,10951.0
Orange,三重,2021-02-05,14030.0
Orange,菜寮,2021-02-05,20064.0
Orange,台北橋,2021-02-05,21139.0
Orange,大橋頭站,2021-02-05,26847.0
Orange,中山國小,2021-02-05,35873.0
Orange,行天宮,2021-02-05,60812.0
Orange,東門,2021-02-05,24984.0
Orange,蘆洲,2021-02-05,28986.0
Orange,三民高中,2021-02-05,24596.0
Orange,徐匯中學,2021-02-05,25866.0
Orange,三和國中,2021-02-05,24959.0
Orange,三重國小,2021-02-05,23585.0
Orange,迴龍,2021-02-05,20074.0
Orange,丹鳳,2021-02-05,20544.0
Orange,古亭,2021-02-06,25679.5
Orange,頂溪,2021-02-06,59619.0
Orange,永安市場,2021-02-06,40851.0
Orange,景安,2021-02-06,39046.0
Orange,南勢角,2021-02-06,32578.0
Orange,民權西路,2021-02-06,11604.5
Orange,忠孝新生,2021-02-06,22889.0
Orange,松江南京,2021-02-06,18587.5
Orange,輔大,2021-02-06,12695.0
Orange,新莊,2021-02-06,17901.0
Orange,頭前庄,2021-02-06,5822.0
Orange,先嗇宮,2021-02-06,4686.0
Orange,三重,2021-02-06,11565.0
Orange,菜寮,2021-02-06,14787.0
Orange,台北橋,2021-02-06,17997.0
Orange,大橋頭站,2021-02-06,23020.0
Orange,中山國小,2021-02-06,25309.0
Orange,行天宮,2021-02-06,38166.0
Orange,東門,2021-02-06,20004.0
Orange,蘆洲,2021-02-06,20375.0
Orange,三民高中,2021-02-06,18588.0
Orange,徐匯中學,2021-02-06,19669.0
Orange,三和國中,2021-02-06,18165.0
Orange,三重國小,2021-02-06,18878.0
Orange,迴龍,2021-02-06,14356.0
Orange,丹鳳,2021-02-06,15166.0
Orange,古亭,2021-02-07,21288.0
Orange,頂溪,2021-02-07,49893.0
Orange,永安市場,2021-02-07,33414.0
Orange,景安,2021-02-07,32429.0
Orange,南勢角,2021-02-07,27228.0
Orange,民權西路,2021-02-07,10263.5
Orange,忠孝新生,2021-02-07,18798.5
Orange,松江南京,2021-02-07,13962.5
Orange,輔大,2021-02-07,10290.0
Orange,新莊,2021-02-07,14520.0
Orange,頭前庄,2021-02-07,4532.0
Orange,先嗇宮,2021-02-07,3780.0
Orange,三重,2021-02-07,9894.0
Orange,菜寮,2021-02-07,11781.0
Orange,台北橋,2021-02-07,14725.0
Orange,大橋頭站,2021-02-07,19730.0
Orange,中山國小,2021-02-07,20172.0
Orange,行天宮,2021-02-07,29774.0
Orange,東門,2021-02-07,17182.5
Orange,蘆洲,2021-02-07,17082.0
Orange,三民高中,2021-02-07,15166.0
Orange,徐匯中學,2021-02-07,15774.0
Orange,三和國中,2021-02-07,14937.0
Orange,三重國小,2021-02-07,15617.0
Orange,迴龍,2021-02-07,12038.0
Orange,丹鳳,2021-02-07,12062.0
Orange,古亭,2021-02-08,31649.5
Orange,頂溪,2021-02-08,68929.0
Orange,永安市場,2021-02-08,49932.0
Orange,景安,2021-02-08,50203.0
Orange,南勢角,2021-02-08,38982.0
Orange,民權西路,2021-02-08,17081.5
Orange,忠孝新生,2021-02-08,24471.0
Orange,松江南京,2021-02-08,40598.0
Orange,輔大,2021-02-08,16460.0
Orange,新莊,2021-02-08,20116.0
Orange,頭前庄,2021-02-08,7330.0
Orange,先嗇宮,2021-02-08,9893.0
Orange,三重,2021-02-08,12445.0
Orange,菜寮,2021-02-08,18323.0
Orange,台北橋,2021-02-08,20041.0
Orange,大橋頭站,2021-02-08,24104.0
Orange,中山國小,2021-02-08,32877.0
Orange,行天宮,2021-02-08,57009.0
Orange,東門,2021-02-08,22447.5
Orange,蘆洲,2021-02-08,26574.0
Orange,三民高中,2021-02-08,22133.0
Orange,徐匯中學,2021-02-08,23937.0
Orange,三和國中,2021-02-08,22745.0
Orange,三重國小,2021-02-08,22357.0
Orange,迴龍,2021-02-08,18366.0
Orange,丹鳳,2021-02-08,18593.0
Orange,古亭,2021-02-09,29739.5
Orange,頂溪,2021-02-09,67081.0
Orange,永安市場,2021-02-09,47769.0
Orange,景安,2021-02-09,48184.0
Orange,南勢角,2021-02-09,37744.0
Orange,民權西路,2021-02-09,16457.5
Orange,忠孝新生,2021-02-09,23401.0
Orange,松江南京,2021-02-09,37778.0
Orange,輔大,2021-02-09,14515.0
Orange,新莊,2021-02-09,19359.0
Orange,頭前庄,2021-02-09,7120.5
Orange,先嗇宮,2021-02-09,9540.0
Orange,三重,2021-02-09,12114.0
Orange,菜寮,2021-02-09,17620.0
Orange,台北橋,2021-02-09,20018.0
Orange,大橋頭站,2021-02-09,23473.0
Orange,中山國小,2021-02-09,32143.0
Orange,行天宮,2021-02-09,54282.0
Orange,東門,2021-02-09,23392.0
Orange,蘆洲,2021-02-09,25671.0
Orange,三民高中,2021-02-09,21937.0
Orange,徐匯中學,2021-02-09,22985.0
Orange,三和國中,2021-02-09,22310.0
Orange,三重國小,2021-02-09,21595.0
Orange,迴龍,2021-02-09,17886.0
Orange,丹鳳,2021-02-09,17882.0
Orange,古亭,2021-02-10,15526.5
Orange,頂溪,2021-02-10,42343.0
Orange,永安市場,2021-02-10,27906.0
Orange,景安,2021-02-10,27536.0
Orange,南勢角,2021-02-10,23521.0
Orange,民權西路,2021-02-10,7157.5
Orange,忠孝新生,2021-02-10,13403.0
Orange,松江南京,2021-02-10,12226.5
Orange,輔大,2021-02-10,8435.0
Orange,新莊,2021-02-10,10271.0
Orange,頭前庄,2021-02-10,3859.0
Orange,先嗇宮,2021-02-10,3133.0
Orange,三重,2021-02-10,7364.0
Orange,菜寮,2021-02-10,9846.0
Orange,台北橋,2021-02-10,12585.0
Orange,大橋頭站,2021-02-10,15153.0
Orange,中山國小,2021-02-10,17177.0
Orange,行天宮,2021-02-10,23629.0
Orange,東門,2021-02-10,14157.0
Orange,蘆洲,2021-02-10,13863.0
Orange,三民高中,2021-02-10,12423.0
Orange,徐匯中學,2021-02-10,13535.0
Orange,三和國中,2021-02-10,12570.0
Orange,三重國小,2021-02-10,13386.0
Orange,迴龍,2021-02-10,10055.0
Orange,丹鳳,2021-02-10,9989.0
Orange,古亭,2021-02-11,9225.5
Orange,頂溪,2021-02-11,27656.0
Orange,永安市場,2021-02-11,18650.0
Orange,景安,2021-02-11,18979.0
Orange,南勢角,2021-02-11,17061.0
Orange,民權西路,2021-02-11,3815.0
Orange,忠孝新生,2021-02-11,5813.5
Orange,松江南京,2021-02-11,6699.0
Orange,輔大,2021-02-11,5037.0
Orange,新莊,2021-02-11,6407.0
Orange,頭前庄,2021-02-11,2389.5
Orange,先嗇宮,2021-02-11,2242.0
Orange,三重,2021-02-11,4700.0
Orange,菜寮,2021-02-11,6748.0
Orange,台北橋,2021-02-11,8711.0
Orange,大橋頭站,2021-02-11,9501.0
Orange,中山國小,2021-02-11,11771.0
Orange,行天宮,2021-02-11,14469.0
Orange,東門,2021-02-11,7322.5
Orange,蘆洲,2021-02-11,8785.0
Orange,三民高中,2021-02-11,8104.0
Orange,徐匯中學,2021-02-11,9344.0
Orange,三和國中,2021-02-11,8415.0
Orange,三重國小,2021-02-11,9717.0
Orange,迴龍,2021-02-11,7670.0
Orange,丹鳳,2021-02-11,6727.0
Orange,古亭,2021-02-12,9589.5
Orange,頂溪,2021-02-12,34161.0
Orange,永安市場,2021-02-12,23409.0
Orange,景安,2021-02-12,23761.0
Orange,南勢角,2021-02-12,23607.0
Orange,民權西路,2021-02-12,5169.0
Orange,忠孝新生,2021-02-12,9878.0
Orange,松江南京,2021-02-12,7400.0
Orange,輔大,2021-02-12,5599.0
Orange,新莊,2021-02-12,9558.0
Orange,頭前庄,2021-02-12,3744.0
Orange,先嗇宮,2021-02-12,2908.0
Orange,三重,2021-02-12,7638.0
Orange,菜寮,2021-02-12,8608.0
Orange,台北橋,2021-02-12,11549.0
Orange,大橋頭站,2021-02-12,12907.0
Orange,中山國小,2021-02-12,12229.0
Orange,行天宮,2021-02-12,54521.0
Orange,東門,2021-02-12,7442.5
Orange,蘆洲,2021-02-12,11705.0
Orange,三民高中,2021-02-12,13333.0
Orange,徐匯中學,2021-02-12,10989.0
Orange,三和國中,2021-02-12,11214.0
Orange,三重國小,2021-02-12,12497.0
Orange,迴龍,2021-02-12,9287.0
Orange,丹鳳,2021-02-12,8971.0
Orange,古亭,2021-02-13,10077.0
Orange,頂溪,2021-02-13,35348.0
Orange,永安市場,2021-02-13,23387.0
Orange,景安,2021-02-13,24929.0
Orange,南勢角,2021-02-13,23465.0
Orange,民權西路,2021-02-13,4979.0
Orange,忠孝新生,2021-02-13,9618.0
Orange,松江南京,2021-02-13,8186.5
Orange,輔大,2021-02-13,6173.0
Orange,新莊,2021-02-13,8893.0
Orange,頭前庄,2021-02-13,3502.0
Orange,先嗇宮,2021-02-13,2845.0
Orange,三重,2021-02-13,7017.0
Orange,菜寮,2021-02-13,9109.0
Orange,台北橋,2021-02-13,12288.0
Orange,大橋頭站,2021-02-13,13168.0
Orange,中山國小,2021-02-13,13255.0
Orange,行天宮,2021-02-13,26922.0
Orange,東門,2021-02-13,7919.5
Orange,蘆洲,2021-02-13,12658.0
Orange,三民高中,2021-02-13,12596.0
Orange,徐匯中學,2021-02-13,13364.0
Orange,三和國中,2021-02-13,12605.0
Orange,三重國小,2021-02-13,13717.0
Orange,迴龍,2021-02-13,9687.0
Orange,丹鳳,2021-02-13,8649.0
Orange,古亭,2021-02-14,12007.5
Orange,頂溪,2021-02-14,43426.0
Orange,永安市場,2021-02-14,29556.0
Orange,景安,2021-02-14,29711.0
Orange,南勢角,2021-02-14,28845.0
Orange,民權西路,2021-02-14,7771.0
Orange,忠孝新生,2021-02-14,14588.5
Orange,松江南京,2021-02-14,10176.5
Orange,輔大,2021-02-14,7925.0
Orange,新莊,2021-02-14,11973.0
Orange,頭前庄,2021-02-14,4443.5
Orange,先嗇宮,2021-02-14,3552.0
Orange,三重,2021-02-14,11112.0
Orange,菜寮,2021-02-14,10538.0
Orange,台北橋,2021-02-14,14170.0
Orange,大橋頭站,2021-02-14,17009.0
Orange,中山國小,2021-02-14,15228.0
Orange,行天宮,2021-02-14,32130.0
Orange,東門,2021-02-14,10598.0
Orange,蘆洲,2021-02-14,15621.0
Orange,三民高中,2021-02-14,15474.0
Orange,徐匯中學,2021-02-14,14906.0
Orange,三和國中,2021-02-14,14163.0
Orange,三重國小,2021-02-14,14716.0
Orange,迴龍,2021-02-14,12018.0
Orange,丹鳳,2021-02-14,11523.0
Orange,古亭,2021-02-15,14225.0
Orange,頂溪,2021-02-15,48918.0
Orange,永安市場,2021-02-15,33137.0
Orange,景安,2021-02-15,34087.0
Orange,南勢角,2021-02-15,31528.0
Orange,民權西路,2021-02-15,7793.0
Orange,忠孝新生,2021-02-15,16145.0
Orange,松江南京,2021-02-15,12576.5
Orange,輔大,2021-02-15,9606.0
Orange,新莊,2021-02-15,13351.0
Orange,頭前庄,2021-02-15,5085.0
Orange,先嗇宮,2021-02-15,4171.0
Orange,三重,2021-02-15,12511.0
Orange,菜寮,2021-02-15,11869.0
Orange,台北橋,2021-02-15,15884.0
Orange,大橋頭站,2021-02-15,18876.0
Orange,中山國小,2021-02-15,17498.0
Orange,行天宮,2021-02-15,35894.0
Orange,東門,2021-02-15,12779.5
Orange,蘆洲,2021-02-15,17322.0
Orange,三民高中,2021-02-15,16459.0
Orange,徐匯中學,2021-02-15,16330.0
Orange,三和國中,2021-02-15,15846.0
Orange,三重國小,2021-02-15,16263.0
Orange,迴龍,2021-02-15,12869.0
Orange,丹鳳,2021-02-15,12253.0
Orange,古亭,2021-02-16,15241.0
Orange,頂溪,2021-02-16,48501.0
Orange,永安市場,2021-02-16,33370.0
Orange,景安,2021-02-16,32742.0
Orange,南勢角,2021-02-16,29546.0
Orange,民權西路,2021-02-16,8117.5
Orange,忠孝新生,2021-02-16,16839.5
Orange,松江南京,2021-02-16,13212.5
Orange,輔大,2021-02-16,10040.0
Orange,新莊,2021-02-16,12559.0
Orange,頭前庄,2021-02-16,4885.5
Orange,先嗇宮,2021-02-16,3769.0
Orange,三重,2021-02-16,10825.0
Orange,菜寮,2021-02-16,11556.0
Orange,台北橋,2021-02-16,14804.0
Orange,大橋頭站,2021-02-16,17805.0
Orange,中山國小,2021-02-16,18219.0
Orange,行天宮,2021-02-16,33300.0
Orange,東門,2021-02-16,13563.5
Orange,蘆洲,2021-02-16,16393.0
Orange,三民高中,2021-02-16,15413.0
Orange,徐匯中學,2021-02-16,15727.0
Orange,三和國中,2021-02-16,15250.0
Orange,三重國小,2021-02-16,15969.0
Orange,迴龍,2021-02-16,11841.0
Orange,丹鳳,2021-02-16,11787.0
Orange,古亭,2021-02-17,29294.5
Orange,頂溪,2021-02-17,65866.0
Orange,永安市場,2021-02-17,48322.0
Orange,景安,2021-02-17,49347.0
Orange,南勢角,2021-02-17,38410.0
Orange,民權西路,2021-02-17,16410.5
Orange,忠孝新生,2021-02-17,24049.0
Orange,松江南京,2021-02-17,38818.5
Orange,輔大,2021-02-17,14771.0
Orange,新莊,2021-02-17,19065.0
Orange,頭前庄,2021-02-17,6912.5
Orange,先嗇宮,2021-02-17,9835.0
Orange,三重,2021-02-17,11889.0
Orange,菜寮,2021-02-17,17987.0
Orange,台北橋,2021-02-17,19235.0
Orange,大橋頭站,2021-02-17,22269.0
Orange,中山國小,2021-02-17,30576.0
Orange,行天宮,2021-02-17,56298.0
Orange,東門,2021-02-17,19935.0
Orange,蘆洲,2021-02-17,25796.0
Orange,三民高中,2021-02-17,21735.0
Orange,徐匯中學,2021-02-17,22994.0
Orange,三和國中,2021-02-17,22130.0
Orange,三重國小,2021-02-17,21605.0
Orange,迴龍,2021-02-17,18180.0
Orange,丹鳳,2021-02-17,17552.0
Orange,古亭,2021-02-18,31966.5
Orange,頂溪,2021-02-18,69243.0
Orange,永安市場,2021-02-18,50934.0
Orange,景安,2021-02-18,51735.0
Orange,南勢角,2021-02-18,39809.0
Orange,民權西路,2021-02-18,17796.0
Orange,忠孝新生,2021-02-18,25719.5
Orange,松江南京,2021-02-18,40215.5
Orange,輔大,2021-02-18,17148.0
Orange,新莊,2021-02-18,20486.0
Orange,頭前庄,2021-02-18,7404.5
Orange,先嗇宮,2021-02-18,10174.0
Orange,三重,2021-02-18,13600.0
Orange,菜寮,2021-02-18,19219.0
Orange,台北橋,2021-02-18,20006.0
Orange,大橋頭站,2021-02-18,23642.0
Orange,中山國小,2021-02-18,32218.0
Orange,行天宮,2021-02-18,59146.0
Orange,東門,2021-02-18,21804.0
Orange,蘆洲,2021-02-18,27435.0
Orange,三民高中,2021-02-18,23097.0
Orange,徐匯中學,2021-02-18,24321.0
Orange,三和國中,2021-02-18,23241.0
Orange,三重國小,2021-02-18,22845.0
Orange,迴龍,2021-02-18,19358.0
Orange,丹鳳,2021-02-18,18718.0
Orange,古亭,2021-02-19,33350.5
Orange,頂溪,2021-02-19,71689.0
Orange,永安市場,2021-02-19,53784.0
Orange,景安,2021-02-19,53361.0
Orange,南勢角,2021-02-19,41722.0
Orange,民權西路,2021-02-19,18073.0
Orange,忠孝新生,2021-02-19,26637.5
Orange,松江南京,2021-02-19,41276.0
Orange,輔大,2021-02-19,18382.0
Orange,新莊,2021-02-19,21326.0
Orange,頭前庄,2021-02-19,7578.5
Orange,先嗇宮,2021-02-19,10399.0
Orange,三重,2021-02-19,14153.0
Orange,菜寮,2021-02-19,19446.0
Orange,台北橋,2021-02-19,20457.0
Orange,大橋頭站,2021-02-19,24689.0
Orange,中山國小,2021-02-19,33902.0
Orange,行天宮,2021-02-19,61307.0
Orange,東門,2021-02-19,22975.0
Orange,蘆洲,2021-02-19,28011.0
Orange,三民高中,2021-02-19,23773.0
Orange,徐匯中學,2021-02-19,25156.0
Orange,三和國中,2021-02-19,23857.0
Orange,三重國小,2021-02-19,23366.0
Orange,迴龍,2021-02-19,19817.0
Orange,丹鳳,2021-02-19,19236.0
Orange,古亭,2021-02-20,29742.0
Orange,頂溪,2021-02-20,69056.0
Orange,永安市場,2021-02-20,49893.0
Orange,景安,2021-02-20,49258.0
Orange,南勢角,2021-02-20,39921.0
Orange,民權西路,2021-02-20,15772.0
Orange,忠孝新生,2021-02-20,26795.5
Orange,松江南京,2021-02-20,33752.5
Orange,輔大,2021-02-20,16487.0
Orange,新莊,2021-02-20,20195.0
Orange,頭前庄,2021-02-20,7254.0
Orange,先嗇宮,2021-02-20,8434.0
Orange,三重,2021-02-20,14521.0
Orange,菜寮,2021-02-20,17681.0
Orange,台北橋,2021-02-20,20241.0
Orange,大橋頭站,2021-02-20,25048.0
Orange,中山國小,2021-02-20,31313.0
Orange,行天宮,2021-02-20,56973.0
Orange,東門,2021-02-20,22904.5
Orange,蘆洲,2021-02-20,25755.0
Orange,三民高中,2021-02-20,22572.0
Orange,徐匯中學,2021-02-20,23845.0
Orange,三和國中,2021-02-20,22616.0
Orange,三重國小,2021-02-20,22663.0
Orange,迴龍,2021-02-20,18346.0
Orange,丹鳳,2021-02-20,18127.0
Orange,古亭,2021-02-21,21868.0
Orange,頂溪,2021-02-21,53239.0
Orange,永安市場,2021-02-21,36439.0
Orange,景安,2021-02-21,35557.0
Orange,南勢角,2021-02-21,30162.0
Orange,民權西路,2021-02-21,11931.0
Orange,忠孝新生,2021-02-21,20287.5
Orange,松江南京,2021-02-21,14726.0
Orange,輔大,2021-02-21,14833.0
Orange,新莊,2021-02-21,14452.0
Orange,頭前庄,2021-02-21,5522.5
Orange,先嗇宮,2021-02-21,4774.0
Orange,三重,2021-02-21,11653.0
Orange,菜寮,2021-02-21,14042.0
Orange,台北橋,2021-02-21,15383.0
Orange,大橋頭站,2021-02-21,20340.0
Orange,中山國小,2021-02-21,21473.0
Orange,行天宮,2021-02-21,34971.0
Orange,東門,2021-02-21,17161.5
Orange,蘆洲,2021-02-21,18173.0
Orange,三民高中,2021-02-21,16102.0
Orange,徐匯中學,2021-02-21,17566.0
Orange,三和國中,2021-02-21,15666.0
Orange,三重國小,2021-02-21,16786.0
Orange,迴龍,2021-02-21,13241.0
Orange,丹鳳,2021-02-21,13676.0
Orange,古亭,2021-02-22,34072.5
Orange,頂溪,2021-02-22,72536.0
Orange,永安市場,2021-02-22,52123.0
Orange,景安,2021-02-22,53514.0
Orange,南勢角,2021-02-22,42148.0
Orange,民權西路,2021-02-22,19739.5
Orange,忠孝新生,2021-02-22,26257.5
Orange,松江南京,2021-02-22,41128.0
Orange,輔大,2021-02-22,29741.0
Orange,新莊,2021-02-22,22907.0
Orange,頭前庄,2021-02-22,8140.0
Orange,先嗇宮,2021-02-22,10475.0
Orange,三重,2021-02-22,13226.0
Orange,菜寮,2021-02-22,21428.0
Orange,台北橋,2021-02-22,19303.0
Orange,大橋頭站,2021-02-22,25668.0
Orange,中山國小,2021-02-22,34309.0
Orange,行天宮,2021-02-22,58119.0
Orange,東門,2021-02-22,21983.5
Orange,蘆洲,2021-02-22,29552.0
Orange,三民高中,2021-02-22,25249.0
Orange,徐匯中學,2021-02-22,25184.0
Orange,三和國中,2021-02-22,25508.0
Orange,三重國小,2021-02-22,24118.0
Orange,迴龍,2021-02-22,22177.0
Orange,丹鳳,2021-02-22,20243.0
Orange,古亭,2021-02-23,35243.0
Orange,頂溪,2021-02-23,73236.0
Orange,永安市場,2021-02-23,54134.0
Orange,景安,2021-02-23,54382.0
Orange,南勢角,2021-02-23,42463.0
Orange,民權西路,2021-02-23,19884.0
Orange,忠孝新生,2021-02-23,26720.5
Orange,松江南京,2021-02-23,42057.0
Orange,輔大,2021-02-23,30292.0
Orange,新莊,2021-02-23,23443.0
Orange,頭前庄,2021-02-23,8174.5
Orange,先嗇宮,2021-02-23,10785.0
Orange,三重,2021-02-23,13640.0
Orange,菜寮,2021-02-23,21499.0
Orange,台北橋,2021-02-23,19296.0
Orange,大橋頭站,2021-02-23,25786.0
Orange,中山國小,2021-02-23,34776.0
Orange,行天宮,2021-02-23,59656.0
Orange,東門,2021-02-23,23238.0
Orange,蘆洲,2021-02-23,29655.0
Orange,三民高中,2021-02-23,25481.0
Orange,徐匯中學,2021-02-23,25676.0
Orange,三和國中,2021-02-23,25527.0
Orange,三重國小,2021-02-23,24187.0
Orange,迴龍,2021-02-23,22725.0
Orange,丹鳳,2021-02-23,20397.0
Orange,古亭,2021-02-24,35484.0
Orange,頂溪,2021-02-24,73695.0
Orange,永安市場,2021-02-24,52471.0
Orange,景安,2021-02-24,54219.0
Orange,南勢角,2021-02-24,43189.0
Orange,民權西路,2021-02-24,19985.5
Orange,忠孝新生,2021-02-24,27071.0
Orange,松江南京,2021-02-24,42455.5
Orange,輔大,2021-02-24,29764.0
Orange,新莊,2021-02-24,23837.0
Orange,頭前庄,2021-02-24,8243.0
Orange,先嗇宮,2021-02-24,10916.0
Orange,三重,2021-02-24,13972.0
Orange,菜寮,2021-02-24,21593.0
Orange,台北橋,2021-02-24,19642.0
Orange,大橋頭站,2021-02-24,26483.0
Orange,中山國小,2021-02-24,35103.0
Orange,行天宮,2021-02-24,61110.0
Orange,東門,2021-02-24,23766.5
Orange,蘆洲,2021-02-24,29739.0
Orange,三民高中,2021-02-24,25633.0
Orange,徐匯中學,2021-02-24,26063.0
Orange,三和國中,2021-02-24,25593.0
Orange,三重國小,2021-02-24,24233.0
Orange,迴龍,2021-02-24,22435.0
Orange,丹鳳,2021-02-24,20379.0
Orange,古亭,2021-02-25,35545.5
Orange,頂溪,2021-02-25,74281.0
Orange,永安市場,2021-02-25,53816.0
Orange,景安,2021-02-25,54354.0
Orange,南勢角,2021-02-25,42876.0
Orange,民權西路,2021-02-25,20047.0
Orange,忠孝新生,2021-02-25,27234.0
Orange,松江南京,2021-02-25,42585.5
Orange,輔大,2021-02-25,30115.0
Orange,新莊,2021-02-25,23454.0
Orange,頭前庄,2021-02-25,8099.5
Orange,先嗇宮,2021-02-25,10837.0
Orange,三重,2021-02-25,13479.0
Orange,菜寮,2021-02-25,21765.0
Orange,台北橋,2021-02-25,19503.0
Orange,大橋頭站,2021-02-25,26688.0
Orange,中山國小,2021-02-25,35324.0
Orange,行天宮,2021-02-25,59450.0
Orange,東門,2021-02-25,23793.0
Orange,蘆洲,2021-02-25,29671.0
Orange,三民高中,2021-02-25,25404.0
Orange,徐匯中學,2021-02-25,25605.0
Orange,三和國中,2021-02-25,26085.0
Orange,三重國小,2021-02-25,24277.0
Orange,迴龍,2021-02-25,22405.0
Orange,丹鳳,2021-02-25,20530.0
Orange,古亭,2021-02-26,35961.0
Orange,頂溪,2021-02-26,76720.0
Orange,永安市場,2021-02-26,55277.0
Orange,景安,2021-02-26,56112.0
Orange,南勢角,2021-02-26,43969.0
Orange,民權西路,2021-02-26,20258.0
Orange,忠孝新生,2021-02-26,27593.0
Orange,松江南京,2021-02-26,42447.5
Orange,輔大,2021-02-26,30608.0
Orange,新莊,2021-02-26,25233.0
Orange,頭前庄,2021-02-26,8336.0
Orange,先嗇宮,2021-02-26,11014.0
Orange,三重,2021-02-26,13964.0
Orange,菜寮,2021-02-26,21728.0
Orange,台北橋,2021-02-26,20516.0
Orange,大橋頭站,2021-02-26,29117.0
Orange,中山國小,2021-02-26,36471.0
Orange,行天宮,2021-02-26,62101.0
Orange,東門,2021-02-26,24950.0
Orange,蘆洲,2021-02-26,30608.0
Orange,三民高中,2021-02-26,26389.0
Orange,徐匯中學,2021-02-26,26793.0
Orange,三和國中,2021-02-26,26517.0
Orange,三重國小,2021-02-26,25083.0
Orange,迴龍,2021-02-26,23205.0
Orange,丹鳳,2021-02-26,21479.0
Orange,古亭,2021-02-27,24661.5
Orange,頂溪,2021-02-27,59637.0
Orange,永安市場,2021-02-27,41345.0
Orange,景安,2021-02-27,41141.0
Orange,南勢角,2021-02-27,33839.0
Orange,民權西路,2021-02-27,11976.5
Orange,忠孝新生,2021-02-27,23492.5
Orange,松江南京,2021-02-27,18998.5
Orange,輔大,2021-02-27,16589.0
Orange,新莊,2021-02-27,17618.0
Orange,頭前庄,2021-02-27,6521.0
Orange,先嗇宮,2021-02-27,4876.0
Orange,三重,2021-02-27,10730.0
Orange,菜寮,2021-02-27,15439.0
Orange,台北橋,2021-02-27,18364.0
Orange,大橋頭站,2021-02-27,23397.0
Orange,中山國小,2021-02-27,26294.0
Orange,行天宮,2021-02-27,37916.0
Orange,東門,2021-02-27,18743.5
Orange,蘆洲,2021-02-27,21492.0
Orange,三民高中,2021-02-27,18258.0
Orange,徐匯中學,2021-02-27,20962.0
Orange,三和國中,2021-02-27,19039.0
Orange,三重國小,2021-02-27,19385.0
Orange,迴龍,2021-02-27,14428.0
Orange,丹鳳,2021-02-27,15253.0
Orange,古亭,2021-02-28,21097.0
Orange,頂溪,2021-02-28,58347.0
Orange,永安市場,2021-02-28,39390.0
Orange,景安,2021-02-28,39672.0
Orange,南勢角,2021-02-28,33207.0
Orange,民權西路,2021-02-28,12258.5
Orange,忠孝新生,2021-02-28,22256.0
Orange,松江南京,2021-02-28,15093.0
Orange,輔大,2021-02-28,13724.0
Orange,新莊,2021-02-28,17364.0
Orange,頭前庄,2021-02-28,5979.0
Orange,先嗇宮,2021-02-28,4526.0
Orange,三重,2021-02-28,14209.0
Orange,菜寮,2021-02-28,14953.0
Orange,台北橋,2021-02-28,17736.0
Orange,大橋頭站,2021-02-28,22676.0
Orange,中山國小,2021-02-28,22352.0
Orange,行天宮,2021-02-28,34901.0
Orange,東門,2021-02-28,17498.5
Orange,蘆洲,2021-02-28,20884.0
Orange,三民高中,2021-02-28,18485.0
Orange,徐匯中學,2021-02-28,19291.0
Orange,三和國中,2021-02-28,17609.0
Orange,三重國小,2021-02-28,18241.0
Orange,迴龍,2021-02-28,15365.0
Orange,丹鳳,2021-02-28,15563.0
Orange,古亭,2021-03-01,19422.0
Orange,頂溪,2021-03-01,52868.0
Orange,永安市場,2021-03-01,36192.0
Orange,景安,2021-03-01,36540.0
Orange,南勢角,2021-03-01,30510.0
Orange,民權西路,2021-03-01,10561.0
Orange,忠孝新生,2021-03-01,18554.5
Orange,松江南京,2021-03-01,15201.0
Orange,輔大,2021-03-01,14912.0
Orange,新莊,2021-03-01,14630.0
Orange,頭前庄,2021-03-01,5409.5
Orange,先嗇宮,2021-03-01,4074.0
Orange,三重,2021-03-01,12591.0
Orange,菜寮,2021-03-01,12764.0
Orange,台北橋,2021-03-01,15923.0
Orange,大橋頭站,2021-03-01,20444.0
Orange,中山國小,2021-03-01,20620.0
Orange,行天宮,2021-03-01,32763.0
Orange,東門,2021-03-01,15272.5
Orange,蘆洲,2021-03-01,18706.0
Orange,三民高中,2021-03-01,16692.0
Orange,徐匯中學,2021-03-01,16906.0
Orange,三和國中,2021-03-01,16823.0
Orange,三重國小,2021-03-01,17392.0
Orange,迴龍,2021-03-01,13535.0
Orange,丹鳳,2021-03-01,14189.0
Orange,古亭,2021-03-02,35508.5
Orange,頂溪,2021-03-02,74660.0
Orange,永安市場,2021-03-02,54319.0
Orange,景安,2021-03-02,55134.0
Orange,南勢角,2021-03-02,42354.0
Orange,民權西路,2021-03-02,20179.0
Orange,忠孝新生,2021-03-02,26710.5
Orange,松江南京,2021-03-02,44031.5
Orange,輔大,2021-03-02,30741.0
Orange,新莊,2021-03-02,23944.0
Orange,頭前庄,2021-03-02,8157.5
Orange,先嗇宮,2021-03-02,11053.0
Orange,三重,2021-03-02,13338.0
Orange,菜寮,2021-03-02,22160.0
Orange,台北橋,2021-03-02,19936.0
Orange,大橋頭站,2021-03-02,25999.0
Orange,中山國小,2021-03-02,35191.0
Orange,行天宮,2021-03-02,60018.0
Orange,東門,2021-03-02,22858.5
Orange,蘆洲,2021-03-02,29860.0
Orange,三民高中,2021-03-02,25162.0
Orange,徐匯中學,2021-03-02,26079.0
Orange,三和國中,2021-03-02,26258.0
Orange,三重國小,2021-03-02,24395.0
Orange,迴龍,2021-03-02,24027.0
Orange,丹鳳,2021-03-02,20563.0
Orange,古亭,2021-03-03,35685.5
Orange,頂溪,2021-03-03,73565.0
Orange,永安市場,2021-03-03,53848.0
Orange,景安,2021-03-03,54297.0
Orange,南勢角,2021-03-03,42908.0
Orange,民權西路,2021-03-03,20359.0
Orange,忠孝新生,2021-03-03,26748.5
Orange,松江南京,2021-03-03,43749.5
Orange,輔大,2021-03-03,29561.0
Orange,新莊,2021-03-03,24266.0
Orange,頭前庄,2021-03-03,8371.5
Orange,先嗇宮,2021-03-03,11054.0
Orange,三重,2021-03-03,13166.0
Orange,菜寮,2021-03-03,21735.0
Orange,台北橋,2021-03-03,19404.0
Orange,大橋頭站,2021-03-03,26108.0
Orange,中山國小,2021-03-03,34975.0
Orange,行天宮,2021-03-03,59442.0
Orange,東門,2021-03-03,23224.0
Orange,蘆洲,2021-03-03,29888.0
Orange,三民高中,2021-03-03,25428.0
Orange,徐匯中學,2021-03-03,25894.0
Orange,三和國中,2021-03-03,25841.0
Orange,三重國小,2021-03-03,24334.0
Orange,迴龍,2021-03-03,24156.0
Orange,丹鳳,2021-03-03,20964.0
Orange,古亭,2021-03-04,35923.0
Orange,頂溪,2021-03-04,73850.0
Orange,永安市場,2021-03-04,54529.0
Orange,景安,2021-03-04,54946.0
Orange,南勢角,2021-03-04,42774.0
Orange,民權西路,2021-03-04,20371.0
Orange,忠孝新生,2021-03-04,27712.5
Orange,松江南京,2021-03-04,43881.0
Orange,輔大,2021-03-04,29988.0
Orange,新莊,2021-03-04,24142.0
Orange,頭前庄,2021-03-04,8159.0
Orange,先嗇宮,2021-03-04,11072.0
Orange,三重,2021-03-04,13443.0
Orange,菜寮,2021-03-04,21649.0
Orange,台北橋,2021-03-04,19519.0
Orange,大橋頭站,2021-03-04,26378.0
Orange,中山國小,2021-03-04,35253.0
Orange,行天宮,2021-03-04,59834.0
Orange,東門,2021-03-04,23378.0
Orange,蘆洲,2021-03-04,30095.0
Orange,三民高中,2021-03-04,25550.0
Orange,徐匯中學,2021-03-04,25784.0
Orange,三和國中,2021-03-04,25778.0
Orange,三重國小,2021-03-04,24397.0
Orange,迴龍,2021-03-04,24063.0
Orange,丹鳳,2021-03-04,20508.0
Orange,古亭,2021-03-05,37323.0
Orange,頂溪,2021-03-05,78316.0
Orange,永安市場,2021-03-05,57364.0
Orange,景安,2021-03-05,57086.0
Orange,南勢角,2021-03-05,44138.0
Orange,民權西路,2021-03-05,21053.5
Orange,忠孝新生,2021-03-05,29103.5
Orange,松江南京,2021-03-05,44347.5
Orange,輔大,2021-03-05,32571.0
Orange,新莊,2021-03-05,26558.0
Orange,頭前庄,2021-03-05,8956.0
Orange,先嗇宮,2021-03-05,11503.0
Orange,三重,2021-03-05,14526.0
Orange,菜寮,2021-03-05,22592.0
Orange,台北橋,2021-03-05,21290.0
Orange,大橋頭站,2021-03-05,29503.0
Orange,中山國小,2021-03-05,37669.0
Orange,行天宮,2021-03-05,62941.0
Orange,東門,2021-03-05,25178.5
Orange,蘆洲,2021-03-05,31008.0
Orange,三民高中,2021-03-05,26775.0
Orange,徐匯中學,2021-03-05,27365.0
Orange,三和國中,2021-03-05,27120.0
Orange,三重國小,2021-03-05,25577.0
Orange,迴龍,2021-03-05,25345.0
Orange,丹鳳,2021-03-05,21974.0
Orange,古亭,2021-03-06,27048.5
Orange,頂溪,2021-03-06,59375.0
Orange,永安市場,2021-03-06,41226.0
Orange,景安,2021-03-06,40409.0
Orange,南勢角,2021-03-06,32617.0
Orange,民權西路,2021-03-06,12239.0
Orange,忠孝新生,2021-03-06,23081.0
Orange,松江南京,2021-03-06,19332.5
Orange,輔大,2021-03-06,17748.0
Orange,新莊,2021-03-06,16161.0
Orange,頭前庄,2021-03-06,5954.0
Orange,先嗇宮,2021-03-06,5100.0
Orange,三重,2021-03-06,10593.0
Orange,菜寮,2021-03-06,15215.0
Orange,台北橋,2021-03-06,18048.0
Orange,大橋頭站,2021-03-06,22148.0
Orange,中山國小,2021-03-06,26015.0
Orange,行天宮,2021-03-06,38821.0
Orange,東門,2021-03-06,19190.0
Orange,蘆洲,2021-03-06,21008.0
Orange,三民高中,2021-03-06,18097.0
Orange,徐匯中學,2021-03-06,20326.0
Orange,三和國中,2021-03-06,19079.0
Orange,三重國小,2021-03-06,19012.0
Orange,迴龍,2021-03-06,14558.0
Orange,丹鳳,2021-03-06,15338.0
Orange,古亭,2021-03-07,22357.0
Orange,頂溪,2021-03-07,51719.0
Orange,永安市場,2021-03-07,34663.0
Orange,景安,2021-03-07,34476.0
Orange,南勢角,2021-03-07,29141.0
Orange,民權西路,2021-03-07,11616.5
Orange,忠孝新生,2021-03-07,20126.5
Orange,松江南京,2021-03-07,14673.5
Orange,輔大,2021-03-07,14157.0
Orange,新莊,2021-03-07,13878.0
Orange,頭前庄,2021-03-07,5484.5
Orange,先嗇宮,2021-03-07,4325.0
Orange,三重,2021-03-07,9802.0
Orange,菜寮,2021-03-07,12060.0
Orange,台北橋,2021-03-07,15308.0
Orange,大橋頭站,2021-03-07,20079.0
Orange,中山國小,2021-03-07,20910.0
Orange,行天宮,2021-03-07,31442.0
Orange,東門,2021-03-07,16653.5
Orange,蘆洲,2021-03-07,18285.0
Orange,三民高中,2021-03-07,15601.0
Orange,徐匯中學,2021-03-07,17273.0
Orange,三和國中,2021-03-07,15634.0
Orange,三重國小,2021-03-07,16670.0
Orange,迴龍,2021-03-07,13042.0
Orange,丹鳳,2021-03-07,12908.0
Orange,古亭,2021-03-08,34008.5
Orange,頂溪,2021-03-08,72322.0
Orange,永安市場,2021-03-08,52380.0
Orange,景安,2021-03-08,53697.0
Orange,南勢角,2021-03-08,42255.0
Orange,民權西路,2021-03-08,19882.5
Orange,忠孝新生,2021-03-08,25659.0
Orange,松江南京,2021-03-08,42478.0
Orange,輔大,2021-03-08,29259.0
Orange,新莊,2021-03-08,22990.0
Orange,頭前庄,2021-03-08,8100.0
Orange,先嗇宮,2021-03-08,10598.0
Orange,三重,2021-03-08,13074.0
Orange,菜寮,2021-03-08,21262.0
Orange,台北橋,2021-03-08,19093.0
Orange,大橋頭站,2021-03-08,25643.0
Orange,中山國小,2021-03-08,35010.0
Orange,行天宮,2021-03-08,57965.0
Orange,東門,2021-03-08,21926.0
Orange,蘆洲,2021-03-08,29633.0
Orange,三民高中,2021-03-08,24955.0
Orange,徐匯中學,2021-03-08,25063.0
Orange,三和國中,2021-03-08,25617.0
Orange,三重國小,2021-03-08,23948.0
Orange,迴龍,2021-03-08,23763.0
Orange,丹鳳,2021-03-08,20154.0
Orange,古亭,2021-03-09,35360.0
Orange,頂溪,2021-03-09,73682.0
Orange,永安市場,2021-03-09,53759.0
Orange,景安,2021-03-09,54324.0
Orange,南勢角,2021-03-09,42821.0
Orange,民權西路,2021-03-09,20406.5
Orange,忠孝新生,2021-03-09,26810.5
Orange,松江南京,2021-03-09,43072.0
Orange,輔大,2021-03-09,29512.0
Orange,新莊,2021-03-09,23429.0
Orange,頭前庄,2021-03-09,8362.5
Orange,先嗇宮,2021-03-09,10957.0
Orange,三重,2021-03-09,13471.0
Orange,菜寮,2021-03-09,21532.0
Orange,台北橋,2021-03-09,19564.0
Orange,大橋頭站,2021-03-09,26414.0
Orange,中山國小,2021-03-09,35826.0
Orange,行天宮,2021-03-09,58885.0
Orange,東門,2021-03-09,23146.0
Orange,蘆洲,2021-03-09,29662.0
Orange,三民高中,2021-03-09,25488.0
Orange,徐匯中學,2021-03-09,25743.0
Orange,三和國中,2021-03-09,25758.0
Orange,三重國小,2021-03-09,24203.0
Orange,迴龍,2021-03-09,24291.0
Orange,丹鳳,2021-03-09,20429.0
Orange,古亭,2021-03-10,36239.5
Orange,頂溪,2021-03-10,74276.0
Orange,永安市場,2021-03-10,54575.0
Orange,景安,2021-03-10,55057.0
Orange,南勢角,2021-03-10,43359.0
Orange,民權西路,2021-03-10,20655.5
Orange,忠孝新生,2021-03-10,27272.0
Orange,松江南京,2021-03-10,43554.0
Orange,輔大,2021-03-10,29753.0
Orange,新莊,2021-03-10,23858.0
Orange,頭前庄,2021-03-10,8471.0
Orange,先嗇宮,2021-03-10,11091.0
Orange,三重,2021-03-10,13719.0
Orange,菜寮,2021-03-10,22007.0
Orange,台北橋,2021-03-10,20040.0
Orange,大橋頭站,2021-03-10,27022.0
Orange,中山國小,2021-03-10,36117.0
Orange,行天宮,2021-03-10,60352.0
Orange,東門,2021-03-10,23643.0
Orange,蘆洲,2021-03-10,30222.0
Orange,三民高中,2021-03-10,25820.0
Orange,徐匯中學,2021-03-10,26158.0
Orange,三和國中,2021-03-10,26122.0
Orange,三重國小,2021-03-10,24501.0
Orange,迴龍,2021-03-10,24133.0
Orange,丹鳳,2021-03-10,21027.0
Orange,古亭,2021-03-11,36073.5
Orange,頂溪,2021-03-11,74370.0
Orange,永安市場,2021-03-11,54570.0
Orange,景安,2021-03-11,54518.0
Orange,南勢角,2021-03-11,43319.0
Orange,民權西路,2021-03-11,20667.5
Orange,忠孝新生,2021-03-11,27584.0
Orange,松江南京,2021-03-11,43860.0
Orange,輔大,2021-03-11,29701.0
Orange,新莊,2021-03-11,23506.0
Orange,頭前庄,2021-03-11,8149.5
Orange,先嗇宮,2021-03-11,10898.0
Orange,三重,2021-03-11,13726.0
Orange,菜寮,2021-03-11,21883.0
Orange,台北橋,2021-03-11,19644.0
Orange,大橋頭站,2021-03-11,26867.0
Orange,中山國小,2021-03-11,35724.0
Orange,行天宮,2021-03-11,59506.0
Orange,東門,2021-03-11,23686.0
Orange,蘆洲,2021-03-11,30181.0
Orange,三民高中,2021-03-11,25891.0
Orange,徐匯中學,2021-03-11,25776.0
Orange,三和國中,2021-03-11,26007.0
Orange,三重國小,2021-03-11,24685.0
Orange,迴龍,2021-03-11,24179.0
Orange,丹鳳,2021-03-11,20958.0
Orange,古亭,2021-03-12,35783.5
Orange,頂溪,2021-03-12,76623.0
Orange,永安市場,2021-03-12,57065.0
Orange,景安,2021-03-12,56687.0
Orange,南勢角,2021-03-12,44433.0
Orange,民權西路,2021-03-12,21247.5
Orange,忠孝新生,2021-03-12,28257.5
Orange,松江南京,2021-03-12,43896.0
Orange,輔大,2021-03-12,30604.0
Orange,新莊,2021-03-12,24646.0
Orange,頭前庄,2021-03-12,8685.0
Orange,先嗇宮,2021-03-12,11228.0
Orange,三重,2021-03-12,14969.0
Orange,菜寮,2021-03-12,22186.0
Orange,台北橋,2021-03-12,21295.0
Orange,大橋頭站,2021-03-12,29275.0
Orange,中山國小,2021-03-12,38030.0
Orange,行天宮,2021-03-12,63462.0
Orange,東門,2021-03-12,25431.0
Orange,蘆洲,2021-03-12,31030.0
Orange,三民高中,2021-03-12,26645.0
Orange,徐匯中學,2021-03-12,27197.0
Orange,三和國中,2021-03-12,27255.0
Orange,三重國小,2021-03-12,25762.0
Orange,迴龍,2021-03-12,25229.0
Orange,丹鳳,2021-03-12,21734.0
Orange,古亭,2021-03-13,28643.5
Orange,頂溪,2021-03-13,64039.0
Orange,永安市場,2021-03-13,45326.0
Orange,景安,2021-03-13,44220.0
Orange,南勢角,2021-03-13,36111.0
Orange,民權西路,2021-03-13,13486.5
Orange,忠孝新生,2021-03-13,26224.0
Orange,松江南京,2021-03-13,19652.5
Orange,輔大,2021-03-13,18587.0
Orange,新莊,2021-03-13,18473.0
Orange,頭前庄,2021-03-13,6600.0
Orange,先嗇宮,2021-03-13,5320.0
Orange,三重,2021-03-13,14052.0
Orange,菜寮,2021-03-13,18149.0
Orange,台北橋,2021-03-13,19559.0
Orange,大橋頭站,2021-03-13,25559.0
Orange,中山國小,2021-03-13,27817.0
Orange,行天宮,2021-03-13,43251.0
Orange,東門,2021-03-13,21222.0
Orange,蘆洲,2021-03-13,23481.0
Orange,三民高中,2021-03-13,20563.0
Orange,徐匯中學,2021-03-13,21669.0
Orange,三和國中,2021-03-13,20788.0
Orange,三重國小,2021-03-13,20889.0
Orange,迴龍,2021-03-13,16596.0
Orange,丹鳳,2021-03-13,16987.0
Orange,古亭,2021-03-14,22923.5
Orange,頂溪,2021-03-14,54358.0
Orange,永安市場,2021-03-14,37757.0
Orange,景安,2021-03-14,37275.0
Orange,南勢角,2021-03-14,32105.0
Orange,民權西路,2021-03-14,12849.0
Orange,忠孝新生,2021-03-14,22089.5
Orange,松江南京,2021-03-14,15010.0
Orange,輔大,2021-03-14,15397.0
Orange,新莊,2021-03-14,15394.0
Orange,頭前庄,2021-03-14,5744.5
Orange,先嗇宮,2021-03-14,4563.0
Orange,三重,2021-03-14,13053.0
Orange,菜寮,2021-03-14,13173.0
Orange,台北橋,2021-03-14,16011.0
Orange,大橋頭站,2021-03-14,22211.0
Orange,中山國小,2021-03-14,23072.0
Orange,行天宮,2021-03-14,33170.0
Orange,東門,2021-03-14,17476.0
Orange,蘆洲,2021-03-14,19381.0
Orange,三民高中,2021-03-14,17263.0
Orange,徐匯中學,2021-03-14,17954.0
Orange,三和國中,2021-03-14,17113.0
Orange,三重國小,2021-03-14,17737.0
Orange,迴龍,2021-03-14,14851.0
Orange,丹鳳,2021-03-14,14173.0
Orange,古亭,2021-03-15,33827.5
Orange,頂溪,2021-03-15,71230.0
Orange,永安市場,2021-03-15,51948.0
Orange,景安,2021-03-15,53198.0
Orange,南勢角,2021-03-15,41804.0
Orange,民權西路,2021-03-15,19960.5
Orange,忠孝新生,2021-03-15,25400.5
Orange,松江南京,2021-03-15,41563.5
Orange,輔大,2021-03-15,28492.0
Orange,新莊,2021-03-15,22834.0
Orange,頭前庄,2021-03-15,8027.0
Orange,先嗇宮,2021-03-15,10667.0
Orange,三重,2021-03-15,13146.0
Orange,菜寮,2021-03-15,21008.0
Orange,台北橋,2021-03-15,19247.0
Orange,大橋頭站,2021-03-15,25687.0
Orange,中山國小,2021-03-15,34923.0
Orange,行天宮,2021-03-15,57109.0
Orange,東門,2021-03-15,21864.5
Orange,蘆洲,2021-03-15,29377.0
Orange,三民高中,2021-03-15,25212.0
Orange,徐匯中學,2021-03-15,25198.0
Orange,三和國中,2021-03-15,25309.0
Orange,三重國小,2021-03-15,23604.0
Orange,迴龍,2021-03-15,23814.0
Orange,丹鳳,2021-03-15,20289.0
Orange,古亭,2021-03-16,35449.0
Orange,頂溪,2021-03-16,73246.0
Orange,永安市場,2021-03-16,53918.0
Orange,景安,2021-03-16,54771.0
Orange,南勢角,2021-03-16,42703.0
Orange,民權西路,2021-03-16,20497.5
Orange,忠孝新生,2021-03-16,25167.0
Orange,松江南京,2021-03-16,42610.5
Orange,輔大,2021-03-16,29183.0
Orange,新莊,2021-03-16,23484.0
Orange,頭前庄,2021-03-16,8219.0
Orange,先嗇宮,2021-03-16,10692.0
Orange,三重,2021-03-16,13673.0
Orange,菜寮,2021-03-16,21468.0
Orange,台北橋,2021-03-16,19698.0
Orange,大橋頭站,2021-03-16,26056.0
Orange,中山國小,2021-03-16,35885.0
Orange,行天宮,2021-03-16,59352.0
Orange,東門,2021-03-16,23573.0
Orange,蘆洲,2021-03-16,29824.0
Orange,三民高中,2021-03-16,25498.0
Orange,徐匯中學,2021-03-16,25444.0
Orange,三和國中,2021-03-16,25591.0
Orange,三重國小,2021-03-16,24258.0
Orange,迴龍,2021-03-16,24109.0
Orange,丹鳳,2021-03-16,20742.0
Orange,古亭,2021-03-17,35591.0
Orange,頂溪,2021-03-17,74194.0
Orange,永安市場,2021-03-17,54044.0
Orange,景安,2021-03-17,54667.0
Orange,南勢角,2021-03-17,42817.0
Orange,民權西路,2021-03-17,20683.5
Orange,忠孝新生,2021-03-17,25357.5
Orange,松江南京,2021-03-17,43524.0
Orange,輔大,2021-03-17,29010.0
Orange,新莊,2021-03-17,24129.0
Orange,頭前庄,2021-03-17,8266.0
Orange,先嗇宮,2021-03-17,11037.0
Orange,三重,2021-03-17,13730.0
Orange,菜寮,2021-03-17,21922.0
Orange,台北橋,2021-03-17,19760.0
Orange,大橋頭站,2021-03-17,26607.0
Orange,中山國小,2021-03-17,36058.0
Orange,行天宮,2021-03-17,60180.0
Orange,東門,2021-03-17,23839.5
Orange,蘆洲,2021-03-17,30136.0
Orange,三民高中,2021-03-17,25741.0
Orange,徐匯中學,2021-03-17,26042.0
Orange,三和國中,2021-03-17,25982.0
Orange,三重國小,2021-03-17,24316.0
Orange,迴龍,2021-03-17,24043.0
Orange,丹鳳,2021-03-17,20639.0
Orange,古亭,2021-03-18,35893.0
Orange,頂溪,2021-03-18,73707.0
Orange,永安市場,2021-03-18,54340.0
Orange,景安,2021-03-18,54673.0
Orange,南勢角,2021-03-18,42808.0
Orange,民權西路,2021-03-18,20465.5
Orange,忠孝新生,2021-03-18,26911.0
Orange,松江南京,2021-03-18,43384.5
Orange,輔大,2021-03-18,29345.0
Orange,新莊,2021-03-18,23498.0
Orange,頭前庄,2021-03-18,8204.5
Orange,先嗇宮,2021-03-18,10952.0
Orange,三重,2021-03-18,13594.0
Orange,菜寮,2021-03-18,21743.0
Orange,台北橋,2021-03-18,19343.0
Orange,大橋頭站,2021-03-18,26333.0
Orange,中山國小,2021-03-18,36183.0
Orange,行天宮,2021-03-18,59622.0
Orange,東門,2021-03-18,23198.0
Orange,蘆洲,2021-03-18,30118.0
Orange,三民高中,2021-03-18,25745.0
Orange,徐匯中學,2021-03-18,25641.0
Orange,三和國中,2021-03-18,25950.0
Orange,三重國小,2021-03-18,24216.0
Orange,迴龍,2021-03-18,24011.0
Orange,丹鳳,2021-03-18,20806.0
Orange,古亭,2021-03-19,36784.0
Orange,頂溪,2021-03-19,77370.0
Orange,永安市場,2021-03-19,56829.0
Orange,景安,2021-03-19,56638.0
Orange,南勢角,2021-03-19,43375.0
Orange,民權西路,2021-03-19,20900.0
Orange,忠孝新生,2021-03-19,28364.0
Orange,松江南京,2021-03-19,44013.5
Orange,輔大,2021-03-19,30228.0
Orange,新莊,2021-03-19,26040.0
Orange,頭前庄,2021-03-19,8614.0
Orange,先嗇宮,2021-03-19,11328.0
Orange,三重,2021-03-19,14469.0
Orange,菜寮,2021-03-19,22201.0
Orange,台北橋,2021-03-19,21343.0
Orange,大橋頭站,2021-03-19,28924.0
Orange,中山國小,2021-03-19,38044.0
Orange,行天宮,2021-03-19,61943.0
Orange,東門,2021-03-19,25368.5
Orange,蘆洲,2021-03-19,31003.0
Orange,三民高中,2021-03-19,27030.0
Orange,徐匯中學,2021-03-19,27028.0
Orange,三和國中,2021-03-19,26803.0
Orange,三重國小,2021-03-19,25350.0
Orange,迴龍,2021-03-19,25151.0
Orange,丹鳳,2021-03-19,21927.0
Orange,古亭,2021-03-20,29057.5
Orange,頂溪,2021-03-20,63166.0
Orange,永安市場,2021-03-20,45550.0
Orange,景安,2021-03-20,43943.0
Orange,南勢角,2021-03-20,36109.0
Orange,民權西路,2021-03-20,13245.5
Orange,忠孝新生,2021-03-20,25695.5
Orange,松江南京,2021-03-20,19758.0
Orange,輔大,2021-03-20,18293.0
Orange,新莊,2021-03-20,21210.0
Orange,頭前庄,2021-03-20,6529.5
Orange,先嗇宮,2021-03-20,5306.0
Orange,三重,2021-03-20,13693.0
Orange,菜寮,2021-03-20,16471.0
Orange,台北橋,2021-03-20,19264.0
Orange,大橋頭站,2021-03-20,24917.0
Orange,中山國小,2021-03-20,27245.0
Orange,行天宮,2021-03-20,42572.0
Orange,東門,2021-03-20,21086.0
Orange,蘆洲,2021-03-20,23801.0
Orange,三民高中,2021-03-20,20550.0
Orange,徐匯中學,2021-03-20,21582.0
Orange,三和國中,2021-03-20,19885.0
Orange,三重國小,2021-03-20,20742.0
Orange,迴龍,2021-03-20,16790.0
Orange,丹鳳,2021-03-20,17113.0
Orange,古亭,2021-03-21,22140.0
Orange,頂溪,2021-03-21,51093.0
Orange,永安市場,2021-03-21,35334.0
Orange,景安,2021-03-21,34708.0
Orange,南勢角,2021-03-21,30347.0
Orange,民權西路,2021-03-21,11960.0
Orange,忠孝新生,2021-03-21,22444.0
Orange,松江南京,2021-03-21,14815.0
Orange,輔大,2021-03-21,14139.0
Orange,新莊,2021-03-21,15672.0
Orange,頭前庄,2021-03-21,5184.5
Orange,先嗇宮,2021-03-21,4116.0
Orange,三重,2021-03-21,10608.0
Orange,菜寮,2021-03-21,13017.0
Orange,台北橋,2021-03-21,15184.0
Orange,大橋頭站,2021-03-21,19810.0
Orange,中山國小,2021-03-21,21611.0
Orange,行天宮,2021-03-21,31540.0
Orange,東門,2021-03-21,16922.0
Orange,蘆洲,2021-03-21,18347.0
Orange,三民高中,2021-03-21,15852.0
Orange,徐匯中學,2021-03-21,17048.0
Orange,三和國中,2021-03-21,16185.0
Orange,三重國小,2021-03-21,16733.0
Orange,迴龍,2021-03-21,13696.0
Orange,丹鳳,2021-03-21,13710.0
Orange,古亭,2021-03-22,34141.0
Orange,頂溪,2021-03-22,72950.0
Orange,永安市場,2021-03-22,52401.0
Orange,景安,2021-03-22,54015.0
Orange,南勢角,2021-03-22,41560.0
Orange,民權西路,2021-03-22,19873.5
Orange,忠孝新生,2021-03-22,24535.0
Orange,松江南京,2021-03-22,43329.0
Orange,輔大,2021-03-22,28467.0
Orange,新莊,2021-03-22,22525.0
Orange,頭前庄,2021-03-22,7957.5
Orange,先嗇宮,2021-03-22,10929.0
Orange,三重,2021-03-22,12914.0
Orange,菜寮,2021-03-22,21390.0
Orange,台北橋,2021-03-22,19646.0
Orange,大橋頭站,2021-03-22,25653.0
Orange,中山國小,2021-03-22,34889.0
Orange,行天宮,2021-03-22,58387.0
Orange,東門,2021-03-22,22161.5
Orange,蘆洲,2021-03-22,28950.0
Orange,三民高中,2021-03-22,24710.0
Orange,徐匯中學,2021-03-22,25416.0
Orange,三和國中,2021-03-22,25948.0
Orange,三重國小,2021-03-22,24154.0
Orange,迴龍,2021-03-22,22945.0
Orange,丹鳳,2021-03-22,20167.0
Orange,古亭,2021-03-23,35482.5
Orange,頂溪,2021-03-23,73259.0
Orange,永安市場,2021-03-23,54013.0
Orange,景安,2021-03-23,54294.0
Orange,南勢角,2021-03-23,41974.0
Orange,民權西路,2021-03-23,20488.0
Orange,忠孝新生,2021-03-23,26543.5
Orange,松江南京,2021-03-23,43217.5
Orange,輔大,2021-03-23,28913.0
Orange,新莊,2021-03-23,23472.0
Orange,頭前庄,2021-03-23,8143.5
Orange,先嗇宮,2021-03-23,11035.0
Orange,三重,2021-03-23,13403.0
Orange,菜寮,2021-03-23,21535.0
Orange,台北橋,2021-03-23,19934.0
Orange,大橋頭站,2021-03-23,26104.0
Orange,中山國小,2021-03-23,36254.0
Orange,行天宮,2021-03-23,59261.0
Orange,東門,2021-03-23,23418.5
Orange,蘆洲,2021-03-23,29588.0
Orange,三民高中,2021-03-23,25504.0
Orange,徐匯中學,2021-03-23,25661.0
Orange,三和國中,2021-03-23,25706.0
Orange,三重國小,2021-03-23,24117.0
Orange,迴龍,2021-03-23,23859.0
Orange,丹鳳,2021-03-23,20488.0
Orange,古亭,2021-03-24,36345.5
Orange,頂溪,2021-03-24,74546.0
Orange,永安市場,2021-03-24,54959.0
Orange,景安,2021-03-24,55466.0
Orange,南勢角,2021-03-24,43157.0
Orange,民權西路,2021-03-24,20783.0
Orange,忠孝新生,2021-03-24,28137.0
Orange,松江南京,2021-03-24,44891.0
Orange,輔大,2021-03-24,29382.0
Orange,新莊,2021-03-24,23680.0
Orange,頭前庄,2021-03-24,8524.5
Orange,先嗇宮,2021-03-24,11350.0
Orange,三重,2021-03-24,13606.0
Orange,菜寮,2021-03-24,22371.0
Orange,台北橋,2021-03-24,20464.0
Orange,大橋頭站,2021-03-24,26712.0
Orange,中山國小,2021-03-24,37043.0
Orange,行天宮,2021-03-24,61048.0
Orange,東門,2021-03-24,24052.0
Orange,蘆洲,2021-03-24,30012.0
Orange,三民高中,2021-03-24,25402.0
Orange,徐匯中學,2021-03-24,26436.0
Orange,三和國中,2021-03-24,26754.0
Orange,三重國小,2021-03-24,24808.0
Orange,迴龍,2021-03-24,23613.0
Orange,丹鳳,2021-03-24,20615.0
Orange,古亭,2021-03-25,35509.0
Orange,頂溪,2021-03-25,74774.0
Orange,永安市場,2021-03-25,54874.0
Orange,景安,2021-03-25,55073.0
Orange,南勢角,2021-03-25,43127.0
Orange,民權西路,2021-03-25,20489.5
Orange,忠孝新生,2021-03-25,25197.0
Orange,松江南京,2021-03-25,44252.0
Orange,輔大,2021-03-25,29485.0
Orange,新莊,2021-03-25,23964.0
Orange,頭前庄,2021-03-25,8443.5
Orange,先嗇宮,2021-03-25,10915.0
Orange,三重,2021-03-25,13834.0
Orange,菜寮,2021-03-25,21778.0
Orange,台北橋,2021-03-25,19857.0
Orange,大橋頭站,2021-03-25,26686.0
Orange,中山國小,2021-03-25,36458.0
Orange,行天宮,2021-03-25,60467.0
Orange,東門,2021-03-25,23474.5
Orange,蘆洲,2021-03-25,30252.0
Orange,三民高中,2021-03-25,25959.0
Orange,徐匯中學,2021-03-25,26100.0
Orange,三和國中,2021-03-25,26290.0
Orange,三重國小,2021-03-25,24479.0
Orange,迴龍,2021-03-25,23948.0
Orange,丹鳳,2021-03-25,21025.0
Orange,古亭,2021-03-26,36703.0
Orange,頂溪,2021-03-26,77719.0
Orange,永安市場,2021-03-26,56913.0
Orange,景安,2021-03-26,56906.0
Orange,南勢角,2021-03-26,44175.0
Orange,民權西路,2021-03-26,20564.0
Orange,忠孝新生,2021-03-26,27140.0
Orange,松江南京,2021-03-26,43971.5
Orange,輔大,2021-03-26,30343.0
Orange,新莊,2021-03-26,25754.0
Orange,頭前庄,2021-03-26,8733.5
Orange,先嗇宮,2021-03-26,11469.0
Orange,三重,2021-03-26,14699.0
Orange,菜寮,2021-03-26,22221.0
Orange,台北橋,2021-03-26,21733.0
Orange,大橋頭站,2021-03-26,29268.0
Orange,中山國小,2021-03-26,38600.0
Orange,行天宮,2021-03-26,62939.0
Orange,東門,2021-03-26,25162.0
Orange,蘆洲,2021-03-26,30923.0
Orange,三民高中,2021-03-26,26807.0
Orange,徐匯中學,2021-03-26,27003.0
Orange,三和國中,2021-03-26,26733.0
Orange,三重國小,2021-03-26,25198.0
Orange,迴龍,2021-03-26,25149.0
Orange,丹鳳,2021-03-26,21706.0
Orange,古亭,2021-03-27,27933.5
Orange,頂溪,2021-03-27,62527.0
Orange,永安市場,2021-03-27,44243.0
Orange,景安,2021-03-27,43286.0
Orange,南勢角,2021-03-27,35962.0
Orange,民權西路,2021-03-27,13139.5
Orange,忠孝新生,2021-03-27,24270.5
Orange,松江南京,2021-03-27,19293.5
Orange,輔大,2021-03-27,18608.0
Orange,新莊,2021-03-27,19168.0
Orange,頭前庄,2021-03-27,6544.0
Orange,先嗇宮,2021-03-27,5020.0
Orange,三重,2021-03-27,13938.0
Orange,菜寮,2021-03-27,17389.0
Orange,台北橋,2021-03-27,19274.0
Orange,大橋頭站,2021-03-27,24469.0
Orange,中山國小,2021-03-27,26993.0
Orange,行天宮,2021-03-27,41452.0
Orange,東門,2021-03-27,20200.5
Orange,蘆洲,2021-03-27,23525.0
Orange,三民高中,2021-03-27,20442.0
Orange,徐匯中學,2021-03-27,21200.0
Orange,三和國中,2021-03-27,20329.0
Orange,三重國小,2021-03-27,20775.0
Orange,迴龍,2021-03-27,16369.0
Orange,丹鳳,2021-03-27,16818.0
Orange,古亭,2021-03-28,21885.0
Orange,頂溪,2021-03-28,54399.0
Orange,永安市場,2021-03-28,35857.0
Orange,景安,2021-03-28,35722.0
Orange,南勢角,2021-03-28,31350.0
Orange,民權西路,2021-03-28,12183.0
Orange,忠孝新生,2021-03-28,19441.5
Orange,松江南京,2021-03-28,14545.5
Orange,輔大,2021-03-28,14589.0
Orange,新莊,2021-03-28,16110.0
Orange,頭前庄,2021-03-28,5332.0
Orange,先嗇宮,2021-03-28,4144.0
Orange,三重,2021-03-28,11968.0
Orange,菜寮,2021-03-28,12743.0
Orange,台北橋,2021-03-28,15289.0
Orange,大橋頭站,2021-03-28,20485.0
Orange,中山國小,2021-03-28,22225.0
Orange,行天宮,2021-03-28,32763.0
Orange,東門,2021-03-28,16104.5
Orange,蘆洲,2021-03-28,19991.0
Orange,三民高中,2021-03-28,16864.0
Orange,徐匯中學,2021-03-28,17564.0
Orange,三和國中,2021-03-28,16876.0
Orange,三重國小,2021-03-28,17072.0
Orange,迴龍,2021-03-28,14009.0
Orange,丹鳳,2021-03-28,13987.0
Orange,古亭,2021-03-29,33284.0
Orange,頂溪,2021-03-29,72061.0
Orange,永安市場,2021-03-29,52342.0
Orange,景安,2021-03-29,53392.0
Orange,南勢角,2021-03-29,41901.0
Orange,民權西路,2021-03-29,19990.5
Orange,忠孝新生,2021-03-29,25349.0
Orange,松江南京,2021-03-29,41741.0
Orange,輔大,2021-03-29,28117.0
Orange,新莊,2021-03-29,22672.0
Orange,頭前庄,2021-03-29,8145.5
Orange,先嗇宮,2021-03-29,10607.0
Orange,三重,2021-03-29,13302.0
Orange,菜寮,2021-03-29,20956.0
Orange,台北橋,2021-03-29,19120.0
Orange,大橋頭站,2021-03-29,25999.0
Orange,中山國小,2021-03-29,34710.0
Orange,行天宮,2021-03-29,56699.0
Orange,東門,2021-03-29,21318.5
Orange,蘆洲,2021-03-29,29740.0
Orange,三民高中,2021-03-29,25295.0
Orange,徐匯中學,2021-03-29,25174.0
Orange,三和國中,2021-03-29,25133.0
Orange,三重國小,2021-03-29,23827.0
Orange,迴龍,2021-03-29,23368.0
Orange,丹鳳,2021-03-29,20016.0
Orange,古亭,2021-03-30,35081.0
Orange,頂溪,2021-03-30,72946.0
Orange,永安市場,2021-03-30,54211.0
Orange,景安,2021-03-30,54201.0
Orange,南勢角,2021-03-30,42359.0
Orange,民權西路,2021-03-30,20367.5
Orange,忠孝新生,2021-03-30,26436.0
Orange,松江南京,2021-03-30,43216.5
Orange,輔大,2021-03-30,29522.0
Orange,新莊,2021-03-30,24206.0
Orange,頭前庄,2021-03-30,8165.0
Orange,先嗇宮,2021-03-30,11010.0
Orange,三重,2021-03-30,13610.0
Orange,菜寮,2021-03-30,21600.0
Orange,台北橋,2021-03-30,19714.0
Orange,大橋頭站,2021-03-30,26374.0
Orange,中山國小,2021-03-30,35892.0
Orange,行天宮,2021-03-30,59877.0
Orange,東門,2021-03-30,23134.5
Orange,蘆洲,2021-03-30,29506.0
Orange,三民高中,2021-03-30,25691.0
Orange,徐匯中學,2021-03-30,25879.0
Orange,三和國中,2021-03-30,25351.0
Orange,三重國小,2021-03-30,24054.0
Orange,迴龍,2021-03-30,24115.0
Orange,丹鳳,2021-03-30,20572.0
Orange,古亭,2021-03-31,36328.5
Orange,頂溪,2021-03-31,74350.0
Orange,永安市場,2021-03-31,54680.0
Orange,景安,2021-03-31,55093.0
Orange,南勢角,2021-03-31,43454.0
Orange,民權西路,2021-03-31,20683.5
Orange,忠孝新生,2021-03-31,27500.0
Orange,松江南京,2021-03-31,43209.0
Orange,輔大,2021-03-31,30518.0
Orange,新莊,2021-03-31,24756.0
Orange,頭前庄,2021-03-31,8570.0
Orange,先嗇宮,2021-03-31,11124.0
Orange,三重,2021-03-31,14014.0
Orange,菜寮,2021-03-31,21812.0
Orange,台北橋,2021-03-31,20425.0
Orange,大橋頭站,2021-03-31,26821.0
Orange,中山國小,2021-03-31,36404.0
Orange,行天宮,2021-03-31,61994.0
Orange,東門,2021-03-31,23627.0
Orange,蘆洲,2021-03-31,30393.0
Orange,三民高中,2021-03-31,26903.0
Orange,徐匯中學,2021-03-31,26170.0
Orange,三和國中,2021-03-31,25962.0
Orange,三重國小,2021-03-31,24373.0
Orange,迴龍,2021-03-31,24398.0
Orange,丹鳳,2021-03-31,20625.0
Orange,古亭,2021-04-01,33057.0
Orange,頂溪,2021-04-01,74481.0
Orange,永安市場,2021-04-01,54656.0
Orange,景安,2021-04-01,54417.0
Orange,南勢角,2021-04-01,42981.0
Orange,民權西路,2021-04-01,20423.5
Orange,忠孝新生,2021-04-01,27707.5
Orange,松江南京,2021-04-01,42901.5
Orange,輔大,2021-04-01,18165.0
Orange,新莊,2021-04-01,25183.0
Orange,頭前庄,2021-04-01,8187.5
Orange,先嗇宮,2021-04-01,10724.0
Orange,三重,2021-04-01,14771.0
Orange,菜寮,2021-04-01,21230.0
Orange,台北橋,2021-04-01,20590.0
Orange,大橋頭站,2021-04-01,27957.0
Orange,中山國小,2021-04-01,36374.0
Orange,行天宮,2021-04-01,58782.0
Orange,東門,2021-04-01,23239.5
Orange,蘆洲,2021-04-01,30404.0
Orange,三民高中,2021-04-01,26042.0
Orange,徐匯中學,2021-04-01,26527.0
Orange,三和國中,2021-04-01,25914.0
Orange,三重國小,2021-04-01,24815.0
Orange,迴龍,2021-04-01,23710.0
Orange,丹鳳,2021-04-01,20914.0
Orange,古亭,2021-04-02,20246.5
Orange,頂溪,2021-04-02,54715.0
Orange,永安市場,2021-04-02,38286.0
Orange,景安,2021-04-02,38527.0
Orange,南勢角,2021-04-02,31317.0
Orange,民權西路,2021-04-02,10484.5
Orange,忠孝新生,2021-04-02,19471.0
Orange,松江南京,2021-04-02,16487.5
Orange,輔大,2021-04-02,12565.0
Orange,新莊,2021-04-02,18035.0
Orange,頭前庄,2021-04-02,5557.0
Orange,先嗇宮,2021-04-02,4246.0
Orange,三重,2021-04-02,13557.0
Orange,菜寮,2021-04-02,13403.0
Orange,台北橋,2021-04-02,17276.0
Orange,大橋頭站,2021-04-02,21235.0
Orange,中山國小,2021-04-02,22969.0
Orange,行天宮,2021-04-02,33228.0
Orange,東門,2021-04-02,16113.5
Orange,蘆洲,2021-04-02,20863.0
Orange,三民高中,2021-04-02,18197.0
Orange,徐匯中學,2021-04-02,18645.0
Orange,三和國中,2021-04-02,17742.0
Orange,三重國小,2021-04-02,18601.0
Orange,迴龍,2021-04-02,14626.0
Orange,丹鳳,2021-04-02,14558.0
Orange,古亭,2021-04-03,18708.0
Orange,頂溪,2021-04-03,51484.0
Orange,永安市場,2021-04-03,35025.0
Orange,景安,2021-04-03,35391.0
Orange,南勢角,2021-04-03,30147.0
Orange,民權西路,2021-04-03,9642.0
Orange,忠孝新生,2021-04-03,18327.0
Orange,松江南京,2021-04-03,14612.5
Orange,輔大,2021-04-03,10892.0
Orange,新莊,2021-04-03,14209.0
Orange,頭前庄,2021-04-03,5045.0
Orange,先嗇宮,2021-04-03,3864.0
Orange,三重,2021-04-03,13853.0
Orange,菜寮,2021-04-03,12136.0
Orange,台北橋,2021-04-03,16800.0
Orange,大橋頭站,2021-04-03,20110.0
Orange,中山國小,2021-04-03,21062.0
Orange,行天宮,2021-04-03,29705.0
Orange,東門,2021-04-03,15975.5
Orange,蘆洲,2021-04-03,19841.0
Orange,三民高中,2021-04-03,16699.0
Orange,徐匯中學,2021-04-03,17282.0
Orange,三和國中,2021-04-03,17014.0
Orange,三重國小,2021-04-03,17204.0
Orange,迴龍,2021-04-03,14046.0
Orange,丹鳳,2021-04-03,13914.0
Orange,古亭,2021-04-04,16348.5
Orange,頂溪,2021-04-04,47097.0
Orange,永安市場,2021-04-04,31928.0
Orange,景安,2021-04-04,31592.0
Orange,南勢角,2021-04-04,27438.0
Orange,民權西路,2021-04-04,9694.5
Orange,忠孝新生,2021-04-04,17163.0
Orange,松江南京,2021-04-04,12467.5
Orange,輔大,2021-04-04,9751.0
Orange,新莊,2021-04-04,12180.0
Orange,頭前庄,2021-04-04,4823.0
Orange,先嗇宮,2021-04-04,3494.0
Orange,三重,2021-04-04,12646.0
Orange,菜寮,2021-04-04,11365.0
Orange,台北橋,2021-04-04,15060.0
Orange,大橋頭站,2021-04-04,17922.0
Orange,中山國小,2021-04-04,18668.0
Orange,行天宮,2021-04-04,25432.0
Orange,東門,2021-04-04,13970.0
Orange,蘆洲,2021-04-04,17391.0
Orange,三民高中,2021-04-04,14651.0
Orange,徐匯中學,2021-04-04,15240.0
Orange,三和國中,2021-04-04,14738.0
Orange,三重國小,2021-04-04,15550.0
Orange,迴龍,2021-04-04,12642.0
Orange,丹鳳,2021-04-04,12438.0
Orange,古亭,2021-04-05,17256.5
Orange,頂溪,2021-04-05,49043.0
Orange,永安市場,2021-04-05,34504.0
Orange,景安,2021-04-05,33948.0
Orange,南勢角,2021-04-05,27780.0
Orange,民權西路,2021-04-05,9497.5
Orange,忠孝新生,2021-04-05,16383.0
Orange,松江南京,2021-04-05,14151.5
Orange,輔大,2021-04-05,11067.0
Orange,新莊,2021-04-05,13170.0
Orange,頭前庄,2021-04-05,5177.5
Orange,先嗇宮,2021-04-05,3699.0
Orange,三重,2021-04-05,12583.0
Orange,菜寮,2021-04-05,11848.0
Orange,台北橋,2021-04-05,15220.0
Orange,大橋頭站,2021-04-05,18652.0
Orange,中山國小,2021-04-05,19287.0
Orange,行天宮,2021-04-05,28833.0
Orange,東門,2021-04-05,13545.0
Orange,蘆洲,2021-04-05,17994.0
Orange,三民高中,2021-04-05,15352.0
Orange,徐匯中學,2021-04-05,15889.0
Orange,三和國中,2021-04-05,15385.0
Orange,三重國小,2021-04-05,16394.0
Orange,迴龍,2021-04-05,12769.0
Orange,丹鳳,2021-04-05,12993.0
Orange,古亭,2021-04-06,31955.5
Orange,頂溪,2021-04-06,71215.0
Orange,永安市場,2021-04-06,52443.0
Orange,景安,2021-04-06,52225.0
Orange,南勢角,2021-04-06,40364.0
Orange,民權西路,2021-04-06,19097.0
Orange,忠孝新生,2021-04-06,22742.0
Orange,松江南京,2021-04-06,42379.0
Orange,輔大,2021-04-06,16725.0
Orange,新莊,2021-04-06,23268.0
Orange,頭前庄,2021-04-06,7835.0
Orange,先嗇宮,2021-04-06,10569.0
Orange,三重,2021-04-06,13037.0
Orange,菜寮,2021-04-06,20906.0
Orange,台北橋,2021-04-06,19205.0
Orange,大橋頭站,2021-04-06,25739.0
Orange,中山國小,2021-04-06,34705.0
Orange,行天宮,2021-04-06,58279.0
Orange,東門,2021-04-06,22201.0
Orange,蘆洲,2021-04-06,28883.0
Orange,三民高中,2021-04-06,24953.0
Orange,徐匯中學,2021-04-06,25347.0
Orange,三和國中,2021-04-06,25047.0
Orange,三重國小,2021-04-06,23842.0
Orange,迴龍,2021-04-06,22654.0
Orange,丹鳳,2021-04-06,20092.0
Orange,古亭,2021-04-07,35382.5
Orange,頂溪,2021-04-07,73204.0
Orange,永安市場,2021-04-07,53458.0
Orange,景安,2021-04-07,53955.0
Orange,南勢角,2021-04-07,42726.0
Orange,民權西路,2021-04-07,20379.5
Orange,忠孝新生,2021-04-07,23750.0
Orange,松江南京,2021-04-07,43031.0
Orange,輔大,2021-04-07,19329.0
Orange,新莊,2021-04-07,23915.0
Orange,頭前庄,2021-04-07,7930.5
Orange,先嗇宮,2021-04-07,10731.0
Orange,三重,2021-04-07,13374.0
Orange,菜寮,2021-04-07,21152.0
Orange,台北橋,2021-04-07,19791.0
Orange,大橋頭站,2021-04-07,26503.0
Orange,中山國小,2021-04-07,35359.0
Orange,行天宮,2021-04-07,59803.0
Orange,東門,2021-04-07,23269.0
Orange,蘆洲,2021-04-07,29475.0
Orange,三民高中,2021-04-07,25699.0
Orange,徐匯中學,2021-04-07,25224.0
Orange,三和國中,2021-04-07,25568.0
Orange,三重國小,2021-04-07,24148.0
Orange,迴龍,2021-04-07,23756.0
Orange,丹鳳,2021-04-07,20570.0
Orange,古亭,2021-04-08,35611.0
Orange,頂溪,2021-04-08,73796.0
Orange,永安市場,2021-04-08,54098.0
Orange,景安,2021-04-08,54276.0
Orange,南勢角,2021-04-08,42140.0
Orange,民權西路,2021-04-08,20894.0
Orange,忠孝新生,2021-04-08,26911.5
Orange,松江南京,2021-04-08,43818.0
Orange,輔大,2021-04-08,29322.0
Orange,新莊,2021-04-08,23989.0
Orange,頭前庄,2021-04-08,8452.0
Orange,先嗇宮,2021-04-08,11028.0
Orange,三重,2021-04-08,13564.0
Orange,菜寮,2021-04-08,21473.0
Orange,台北橋,2021-04-08,19663.0
Orange,大橋頭站,2021-04-08,26501.0
Orange,中山國小,2021-04-08,35950.0
Orange,行天宮,2021-04-08,60171.0
Orange,東門,2021-04-08,23264.5
Orange,蘆洲,2021-04-08,29684.0
Orange,三民高中,2021-04-08,25451.0
Orange,徐匯中學,2021-04-08,25938.0
Orange,三和國中,2021-04-08,25856.0
Orange,三重國小,2021-04-08,24230.0
Orange,迴龍,2021-04-08,23926.0
Orange,丹鳳,2021-04-08,20385.0
Orange,古亭,2021-04-09,37307.0
Orange,頂溪,2021-04-09,77422.0
Orange,永安市場,2021-04-09,57330.0
Orange,景安,2021-04-09,56825.0
Orange,南勢角,2021-04-09,44216.0
Orange,民權西路,2021-04-09,21309.0
Orange,忠孝新生,2021-04-09,28476.0
Orange,松江南京,2021-04-09,45025.5
Orange,輔大,2021-04-09,30095.0
Orange,新莊,2021-04-09,24455.0
Orange,頭前庄,2021-04-09,8789.0
Orange,先嗇宮,2021-04-09,11228.0
Orange,三重,2021-04-09,14090.0
Orange,菜寮,2021-04-09,22149.0
Orange,台北橋,2021-04-09,21613.0
Orange,大橋頭站,2021-04-09,29054.0
Orange,中山國小,2021-04-09,38018.0
Orange,行天宮,2021-04-09,62216.0
Orange,東門,2021-04-09,24892.0
Orange,蘆洲,2021-04-09,30909.0
Orange,三民高中,2021-04-09,26834.0
Orange,徐匯中學,2021-04-09,27159.0
Orange,三和國中,2021-04-09,27137.0
Orange,三重國小,2021-04-09,25513.0
Orange,迴龍,2021-04-09,25076.0
Orange,丹鳳,2021-04-09,21526.0
Orange,古亭,2021-04-10,28637.0
Orange,頂溪,2021-04-10,65961.0
Orange,永安市場,2021-04-10,44824.0
Orange,景安,2021-04-10,42905.0
Orange,南勢角,2021-04-10,35109.0
Orange,民權西路,2021-04-10,14007.5
Orange,忠孝新生,2021-04-10,22875.0
Orange,松江南京,2021-04-10,22011.5
Orange,輔大,2021-04-10,20290.0
Orange,新莊,2021-04-10,20068.0
Orange,頭前庄,2021-04-10,6533.5
Orange,先嗇宮,2021-04-10,5253.0
Orange,三重,2021-04-10,12862.0
Orange,菜寮,2021-04-10,16621.0
Orange,台北橋,2021-04-10,19270.0
Orange,大橋頭站,2021-04-10,25129.0
Orange,中山國小,2021-04-10,28120.0
Orange,行天宮,2021-04-10,42118.0
Orange,東門,2021-04-10,20376.5
Orange,蘆洲,2021-04-10,23569.0
Orange,三民高中,2021-04-10,20781.0
Orange,徐匯中學,2021-04-10,21405.0
Orange,三和國中,2021-04-10,20325.0
Orange,三重國小,2021-04-10,21034.0
Orange,迴龍,2021-04-10,16497.0
Orange,丹鳳,2021-04-10,16584.0
Orange,古亭,2021-04-11,22406.0
Orange,頂溪,2021-04-11,54314.0
Orange,永安市場,2021-04-11,37489.0
Orange,景安,2021-04-11,36298.0
Orange,南勢角,2021-04-11,30364.0
Orange,民權西路,2021-04-11,12485.5
Orange,忠孝新生,2021-04-11,18600.0
Orange,松江南京,2021-04-11,15515.5
Orange,輔大,2021-04-11,17515.0
Orange,新莊,2021-04-11,17715.0
Orange,頭前庄,2021-04-11,5447.0
Orange,先嗇宮,2021-04-11,4558.0
Orange,三重,2021-04-11,12661.0
Orange,菜寮,2021-04-11,13719.0
Orange,台北橋,2021-04-11,16171.0
Orange,大橋頭站,2021-04-11,21765.0
Orange,中山國小,2021-04-11,22166.0
Orange,行天宮,2021-04-11,33389.0
Orange,東門,2021-04-11,17169.0
Orange,蘆洲,2021-04-11,20322.0
Orange,三民高中,2021-04-11,17541.0
Orange,徐匯中學,2021-04-11,18124.0
Orange,三和國中,2021-04-11,17319.0
Orange,三重國小,2021-04-11,18071.0
Orange,迴龍,2021-04-11,14311.0
Orange,丹鳳,2021-04-11,14212.0
Orange,古亭,2021-04-12,33591.0
Orange,頂溪,2021-04-12,71609.0
Orange,永安市場,2021-04-12,52071.0
Orange,景安,2021-04-12,52836.0
Orange,南勢角,2021-04-12,42030.0
Orange,民權西路,2021-04-12,20075.5
Orange,忠孝新生,2021-04-12,25312.5
Orange,松江南京,2021-04-12,41975.0
Orange,輔大,2021-04-12,28173.0
Orange,新莊,2021-04-12,23032.0
Orange,頭前庄,2021-04-12,8014.0
Orange,先嗇宮,2021-04-12,10768.0
Orange,三重,2021-04-12,13336.0
Orange,菜寮,2021-04-12,21131.0
Orange,台北橋,2021-04-12,19227.0
Orange,大橋頭站,2021-04-12,25617.0
Orange,中山國小,2021-04-12,34839.0
Orange,行天宮,2021-04-12,60523.0
Orange,東門,2021-04-12,21594.5
Orange,蘆洲,2021-04-12,29980.0
Orange,三民高中,2021-04-12,25421.0
Orange,徐匯中學,2021-04-12,25409.0
Orange,三和國中,2021-04-12,25558.0
Orange,三重國小,2021-04-12,24050.0
Orange,迴龍,2021-04-12,23871.0
Orange,丹鳳,2021-04-12,20144.0
Orange,古亭,2021-04-13,35224.0
Orange,頂溪,2021-04-13,72999.0
Orange,永安市場,2021-04-13,53654.0
Orange,景安,2021-04-13,54199.0
Orange,南勢角,2021-04-13,42323.0
Orange,民權西路,2021-04-13,20336.0
Orange,忠孝新生,2021-04-13,26064.0
Orange,松江南京,2021-04-13,43053.5
Orange,輔大,2021-04-13,29099.0
Orange,新莊,2021-04-13,23474.0
Orange,頭前庄,2021-04-13,8292.5
Orange,先嗇宮,2021-04-13,11060.0
Orange,三重,2021-04-13,13537.0
Orange,菜寮,2021-04-13,21404.0
Orange,台北橋,2021-04-13,19369.0
Orange,大橋頭站,2021-04-13,25660.0
Orange,中山國小,2021-04-13,35640.0
Orange,行天宮,2021-04-13,59951.0
Orange,東門,2021-04-13,23305.5
Orange,蘆洲,2021-04-13,29910.0
Orange,三民高中,2021-04-13,25100.0
Orange,徐匯中學,2021-04-13,25654.0
Orange,三和國中,2021-04-13,25600.0
Orange,三重國小,2021-04-13,24254.0
Orange,迴龍,2021-04-13,24213.0
Orange,丹鳳,2021-04-13,20572.0
Orange,古亭,2021-04-14,35326.5
Orange,頂溪,2021-04-14,73673.0
Orange,永安市場,2021-04-14,54108.0
Orange,景安,2021-04-14,54823.0
Orange,南勢角,2021-04-14,42484.0
Orange,民權西路,2021-04-14,20482.0
Orange,忠孝新生,2021-04-14,26381.5
Orange,松江南京,2021-04-14,43396.0
Orange,輔大,2021-04-14,28879.0
Orange,新莊,2021-04-14,23609.0
Orange,頭前庄,2021-04-14,8296.0
Orange,先嗇宮,2021-04-14,11007.0
Orange,三重,2021-04-14,13422.0
Orange,菜寮,2021-04-14,21713.0
Orange,台北橋,2021-04-14,19804.0
Orange,大橋頭站,2021-04-14,26159.0
Orange,中山國小,2021-04-14,35941.0
Orange,行天宮,2021-04-14,59798.0
Orange,東門,2021-04-14,23416.0
Orange,蘆洲,2021-04-14,30191.0
Orange,三民高中,2021-04-14,25520.0
Orange,徐匯中學,2021-04-14,25876.0
Orange,三和國中,2021-04-14,25909.0
Orange,三重國小,2021-04-14,24393.0
Orange,迴龍,2021-04-14,23980.0
Orange,丹鳳,2021-04-14,20560.0
Orange,古亭,2021-04-15,35392.0
Orange,頂溪,2021-04-15,74075.0
Orange,永安市場,2021-04-15,54150.0
Orange,景安,2021-04-15,54647.0
Orange,南勢角,2021-04-15,42366.0
Orange,民權西路,2021-04-15,20104.0
Orange,忠孝新生,2021-04-15,27151.5
Orange,松江南京,2021-04-15,43591.5
Orange,輔大,2021-04-15,29992.0
Orange,新莊,2021-04-15,23325.0
Orange,頭前庄,2021-04-15,8226.5
Orange,先嗇宮,2021-04-15,10957.0
Orange,三重,2021-04-15,13566.0
Orange,菜寮,2021-04-15,21464.0
Orange,台北橋,2021-04-15,19851.0
Orange,大橋頭站,2021-04-15,26065.0
Orange,中山國小,2021-04-15,35414.0
Orange,行天宮,2021-04-15,59705.0
Orange,東門,2021-04-15,23361.0
Orange,蘆洲,2021-04-15,30123.0
Orange,三民高中,2021-04-15,25718.0
Orange,徐匯中學,2021-04-15,25863.0
Orange,三和國中,2021-04-15,26008.0
Orange,三重國小,2021-04-15,24211.0
Orange,迴龍,2021-04-15,24245.0
Orange,丹鳳,2021-04-15,20419.0
Orange,古亭,2021-04-16,36456.0
Orange,頂溪,2021-04-16,77148.0
Orange,永安市場,2021-04-16,56389.0
Orange,景安,2021-04-16,56716.0
Orange,南勢角,2021-04-16,43996.0
Orange,民權西路,2021-04-16,20872.5
Orange,忠孝新生,2021-04-16,28429.0
Orange,松江南京,2021-04-16,43824.0
Orange,輔大,2021-04-16,30858.0
Orange,新莊,2021-04-16,24803.0
Orange,頭前庄,2021-04-16,8684.0
Orange,先嗇宮,2021-04-16,10977.0
Orange,三重,2021-04-16,14691.0
Orange,菜寮,2021-04-16,22140.0
Orange,台北橋,2021-04-16,21103.0
Orange,大橋頭站,2021-04-16,29116.0
Orange,中山國小,2021-04-16,38076.0
Orange,行天宮,2021-04-16,62310.0
Orange,東門,2021-04-16,24959.0
Orange,蘆洲,2021-04-16,30835.0
Orange,三民高中,2021-04-16,26539.0
Orange,徐匯中學,2021-04-16,27187.0
Orange,三和國中,2021-04-16,26854.0
Orange,三重國小,2021-04-16,25467.0
Orange,迴龍,2021-04-16,24752.0
Orange,丹鳳,2021-04-16,21237.0
Orange,古亭,2021-04-17,28867.5
Orange,頂溪,2021-04-17,64289.0
Orange,永安市場,2021-04-17,44862.0
Orange,景安,2021-04-17,43820.0
Orange,南勢角,2021-04-17,35057.0
Orange,民權西路,2021-04-17,13502.0
Orange,忠孝新生,2021-04-17,25264.5
Orange,松江南京,2021-04-17,20437.5
Orange,輔大,2021-04-17,18561.0
Orange,新莊,2021-04-17,18855.0
Orange,頭前庄,2021-04-17,6506.5
Orange,先嗇宮,2021-04-17,5530.0
Orange,三重,2021-04-17,13661.0
Orange,菜寮,2021-04-17,18917.0
Orange,台北橋,2021-04-17,19773.0
Orange,大橋頭站,2021-04-17,25091.0
Orange,中山國小,2021-04-17,27384.0
Orange,行天宮,2021-04-17,41285.0
Orange,東門,2021-04-17,20616.5
Orange,蘆洲,2021-04-17,23887.0
Orange,三民高中,2021-04-17,20554.0
Orange,徐匯中學,2021-04-17,21705.0
Orange,三和國中,2021-04-17,20670.0
Orange,三重國小,2021-04-17,20723.0
Orange,迴龍,2021-04-17,16340.0
Orange,丹鳳,2021-04-17,16744.0
Orange,古亭,2021-04-18,21573.5
Orange,頂溪,2021-04-18,52277.0
Orange,永安市場,2021-04-18,36713.0
Orange,景安,2021-04-18,35350.0
Orange,南勢角,2021-04-18,29638.0
Orange,民權西路,2021-04-18,12344.5
Orange,忠孝新生,2021-04-18,18629.0
Orange,松江南京,2021-04-18,15082.5
Orange,輔大,2021-04-18,13418.0
Orange,新莊,2021-04-18,14811.0
Orange,頭前庄,2021-04-18,5343.5
Orange,先嗇宮,2021-04-18,4259.0
Orange,三重,2021-04-18,11480.0
Orange,菜寮,2021-04-18,12997.0
Orange,台北橋,2021-04-18,15747.0
Orange,大橋頭站,2021-04-18,21749.0
Orange,中山國小,2021-04-18,21735.0
Orange,行天宮,2021-04-18,33567.0
Orange,東門,2021-04-18,16358.5
Orange,蘆洲,2021-04-18,19452.0
Orange,三民高中,2021-04-18,16709.0
Orange,徐匯中學,2021-04-18,17121.0
Orange,三和國中,2021-04-18,16595.0
Orange,三重國小,2021-04-18,16849.0
Orange,迴龍,2021-04-18,13799.0
Orange,丹鳳,2021-04-18,13615.0
Orange,古亭,2021-04-19,33243.5
Orange,頂溪,2021-04-19,70565.0
Orange,永安市場,2021-04-19,51428.0
Orange,景安,2021-04-19,52505.0
Orange,南勢角,2021-04-19,41422.0
Orange,民權西路,2021-04-19,19746.5
Orange,忠孝新生,2021-04-19,25225.5
Orange,松江南京,2021-04-19,41259.0
Orange,輔大,2021-04-19,28452.0
Orange,新莊,2021-04-19,23030.0
Orange,頭前庄,2021-04-19,7977.0
Orange,先嗇宮,2021-04-19,10592.0
Orange,三重,2021-04-19,13009.0
Orange,菜寮,2021-04-19,20941.0
Orange,台北橋,2021-04-19,19037.0
Orange,大橋頭站,2021-04-19,26198.0
Orange,中山國小,2021-04-19,34178.0
Orange,行天宮,2021-04-19,57970.0
Orange,東門,2021-04-19,21637.0
Orange,蘆洲,2021-04-19,29181.0
Orange,三民高中,2021-04-19,25021.0
Orange,徐匯中學,2021-04-19,24781.0
Orange,三和國中,2021-04-19,25189.0
Orange,三重國小,2021-04-19,23639.0
Orange,迴龍,2021-04-19,23245.0
Orange,丹鳳,2021-04-19,19950.0
Orange,古亭,2021-04-20,34956.5
Orange,頂溪,2021-04-20,73005.0
Orange,永安市場,2021-04-20,53658.0
Orange,景安,2021-04-20,53977.0
Orange,南勢角,2021-04-20,42276.0
Orange,民權西路,2021-04-20,20233.5
Orange,忠孝新生,2021-04-20,26670.0
Orange,松江南京,2021-04-20,43225.0
Orange,輔大,2021-04-20,28819.0
Orange,新莊,2021-04-20,23935.0
Orange,頭前庄,2021-04-20,8170.5
Orange,先嗇宮,2021-04-20,10821.0
Orange,三重,2021-04-20,13545.0
Orange,菜寮,2021-04-20,21586.0
Orange,台北橋,2021-04-20,19588.0
Orange,大橋頭站,2021-04-20,26461.0
Orange,中山國小,2021-04-20,35679.0
Orange,行天宮,2021-04-20,58886.0
Orange,東門,2021-04-20,23208.0
Orange,蘆洲,2021-04-20,29965.0
Orange,三民高中,2021-04-20,25332.0
Orange,徐匯中學,2021-04-20,25760.0
Orange,三和國中,2021-04-20,25869.0
Orange,三重國小,2021-04-20,24104.0
Orange,迴龍,2021-04-20,23609.0
Orange,丹鳳,2021-04-20,20448.0
Orange,古亭,2021-04-21,35293.0
Orange,頂溪,2021-04-21,72944.0
Orange,永安市場,2021-04-21,53717.0
Orange,景安,2021-04-21,54116.0
Orange,南勢角,2021-04-21,41944.0
Orange,民權西路,2021-04-21,20140.0
Orange,忠孝新生,2021-04-21,26963.5
Orange,松江南京,2021-04-21,42819.5
Orange,輔大,2021-04-21,27385.0
Orange,新莊,2021-04-21,24428.0
Orange,頭前庄,2021-04-21,8274.5
Orange,先嗇宮,2021-04-21,11016.0
Orange,三重,2021-04-21,13774.0
Orange,菜寮,2021-04-21,21685.0
Orange,台北橋,2021-04-21,19925.0
Orange,大橋頭站,2021-04-21,26521.0
Orange,中山國小,2021-04-21,35882.0
Orange,行天宮,2021-04-21,59111.0
Orange,東門,2021-04-21,23518.0
Orange,蘆洲,2021-04-21,30043.0
Orange,三民高中,2021-04-21,25308.0
Orange,徐匯中學,2021-04-21,25826.0
Orange,三和國中,2021-04-21,25819.0
Orange,三重國小,2021-04-21,24041.0
Orange,迴龍,2021-04-21,23812.0
Orange,丹鳳,2021-04-21,20655.0
Orange,古亭,2021-04-22,35416.0
Orange,頂溪,2021-04-22,73897.0
Orange,永安市場,2021-04-22,53875.0
Orange,景安,2021-04-22,54120.0
Orange,南勢角,2021-04-22,42743.0
Orange,民權西路,2021-04-22,20202.5
Orange,忠孝新生,2021-04-22,27564.0
Orange,松江南京,2021-04-22,43591.0
Orange,輔大,2021-04-22,29130.0
Orange,新莊,2021-04-22,23964.0
Orange,頭前庄,2021-04-22,8213.5
Orange,先嗇宮,2021-04-22,11045.0
Orange,三重,2021-04-22,13788.0
Orange,菜寮,2021-04-22,21437.0
Orange,台北橋,2021-04-22,19882.0
Orange,大橋頭站,2021-04-22,27269.0
Orange,中山國小,2021-04-22,36025.0
Orange,行天宮,2021-04-22,60716.0
Orange,東門,2021-04-22,23229.0
Orange,蘆洲,2021-04-22,30415.0
Orange,三民高中,2021-04-22,25761.0
Orange,徐匯中學,2021-04-22,25848.0
Orange,三和國中,2021-04-22,25663.0
Orange,三重國小,2021-04-22,24010.0
Orange,迴龍,2021-04-22,23897.0
Orange,丹鳳,2021-04-22,20512.0
Orange,古亭,2021-04-23,36839.5
Orange,頂溪,2021-04-23,77172.0
Orange,永安市場,2021-04-23,56410.0
Orange,景安,2021-04-23,56054.0
Orange,南勢角,2021-04-23,44079.0
Orange,民權西路,2021-04-23,20365.5
Orange,忠孝新生,2021-04-23,29635.5
Orange,松江南京,2021-04-23,43841.0
Orange,輔大,2021-04-23,30241.0
Orange,新莊,2021-04-23,25589.0
Orange,頭前庄,2021-04-23,8581.5
Orange,先嗇宮,2021-04-23,11147.0
Orange,三重,2021-04-23,14739.0
Orange,菜寮,2021-04-23,21991.0
Orange,台北橋,2021-04-23,21296.0
Orange,大橋頭站,2021-04-23,29721.0
Orange,中山國小,2021-04-23,37822.0
Orange,行天宮,2021-04-23,63013.0
Orange,東門,2021-04-23,24652.0
Orange,蘆洲,2021-04-23,30806.0
Orange,三民高中,2021-04-23,26401.0
Orange,徐匯中學,2021-04-23,27522.0
Orange,三和國中,2021-04-23,26466.0
Orange,三重國小,2021-04-23,25307.0
Orange,迴龍,2021-04-23,24479.0
Orange,丹鳳,2021-04-23,21792.0
Orange,古亭,2021-04-24,29560.5
Orange,頂溪,2021-04-24,65595.0
Orange,永安市場,2021-04-24,45819.0
Orange,景安,2021-04-24,45180.0
Orange,南勢角,2021-04-24,37509.0
Orange,民權西路,2021-04-24,14948.0
Orange,忠孝新生,2021-04-24,26230.5
Orange,松江南京,2021-04-24,20645.5
Orange,輔大,2021-04-24,19496.0
Orange,新莊,2021-04-24,20352.0
Orange,頭前庄,2021-04-24,6941.5
Orange,先嗇宮,2021-04-24,5127.0
Orange,三重,2021-04-24,27152.0
Orange,菜寮,2021-04-24,17337.0
Orange,台北橋,2021-04-24,21695.0
Orange,大橋頭站,2021-04-24,26703.0
Orange,中山國小,2021-04-24,28797.0
Orange,行天宮,2021-04-24,42399.0
Orange,東門,2021-04-24,20975.0
Orange,蘆洲,2021-04-24,24215.0
Orange,三民高中,2021-04-24,21551.0
Orange,徐匯中學,2021-04-24,22480.0
Orange,三和國中,2021-04-24,21590.0
Orange,三重國小,2021-04-24,21002.0
Orange,迴龍,2021-04-24,17612.0
Orange,丹鳳,2021-04-24,17653.0
Orange,古亭,2021-04-25,22197.5
Orange,頂溪,2021-04-25,52204.0
Orange,永安市場,2021-04-25,36309.0
Orange,景安,2021-04-25,35916.0
Orange,南勢角,2021-04-25,30032.0
Orange,民權西路,2021-04-25,13029.0
Orange,忠孝新生,2021-04-25,20660.0
Orange,松江南京,2021-04-25,15675.0
Orange,輔大,2021-04-25,15127.0
Orange,新莊,2021-04-25,15585.0
Orange,頭前庄,2021-04-25,5794.5
Orange,先嗇宮,2021-04-25,4368.0
Orange,三重,2021-04-25,11165.0
Orange,菜寮,2021-04-25,14647.0
Orange,台北橋,2021-04-25,15685.0
Orange,大橋頭站,2021-04-25,22391.0
Orange,中山國小,2021-04-25,22014.0
Orange,行天宮,2021-04-25,33719.0
Orange,東門,2021-04-25,16500.5
Orange,蘆洲,2021-04-25,19637.0
Orange,三民高中,2021-04-25,16718.0
Orange,徐匯中學,2021-04-25,18301.0
Orange,三和國中,2021-04-25,16984.0
Orange,三重國小,2021-04-25,17274.0
Orange,迴龍,2021-04-25,13983.0
Orange,丹鳳,2021-04-25,13556.0
Orange,古亭,2021-04-26,33622.5
Orange,頂溪,2021-04-26,71575.0
Orange,永安市場,2021-04-26,51653.0
Orange,景安,2021-04-26,52885.0
Orange,南勢角,2021-04-26,41638.0
Orange,民權西路,2021-04-26,20194.5
Orange,忠孝新生,2021-04-26,25262.0
Orange,松江南京,2021-04-26,41712.0
Orange,輔大,2021-04-26,28056.0
Orange,新莊,2021-04-26,22289.0
Orange,頭前庄,2021-04-26,8029.5
Orange,先嗇宮,2021-04-26,10679.0
Orange,三重,2021-04-26,13186.0
Orange,菜寮,2021-04-26,20733.0
Orange,台北橋,2021-04-26,19286.0
Orange,大橋頭站,2021-04-26,25793.0
Orange,中山國小,2021-04-26,34293.0
Orange,行天宮,2021-04-26,58724.0
Orange,東門,2021-04-26,21725.0
Orange,蘆洲,2021-04-26,29094.0
Orange,三民高中,2021-04-26,25104.0
Orange,徐匯中學,2021-04-26,25334.0
Orange,三和國中,2021-04-26,25475.0
Orange,三重國小,2021-04-26,23563.0
Orange,迴龍,2021-04-26,23225.0
Orange,丹鳳,2021-04-26,19879.0
Orange,古亭,2021-04-27,35081.5
Orange,頂溪,2021-04-27,72879.0
Orange,永安市場,2021-04-27,53066.0
Orange,景安,2021-04-27,53380.0
Orange,南勢角,2021-04-27,41947.0
Orange,民權西路,2021-04-27,20688.0
Orange,忠孝新生,2021-04-27,25809.0
Orange,松江南京,2021-04-27,42713.5
Orange,輔大,2021-04-27,28367.0
Orange,新莊,2021-04-27,23232.0
Orange,頭前庄,2021-04-27,8224.0
Orange,先嗇宮,2021-04-27,10905.0
Orange,三重,2021-04-27,13317.0
Orange,菜寮,2021-04-27,21268.0
Orange,台北橋,2021-04-27,19205.0
Orange,大橋頭站,2021-04-27,25767.0
Orange,中山國小,2021-04-27,35075.0
Orange,行天宮,2021-04-27,58164.0
Orange,東門,2021-04-27,22885.5
Orange,蘆洲,2021-04-27,29522.0
Orange,三民高中,2021-04-27,25302.0
Orange,徐匯中學,2021-04-27,25760.0
Orange,三和國中,2021-04-27,25455.0
Orange,三重國小,2021-04-27,24098.0
Orange,迴龍,2021-04-27,23746.0
Orange,丹鳳,2021-04-27,20235.0
Orange,古亭,2021-04-28,37404.0
Orange,頂溪,2021-04-28,75863.0
Orange,永安市場,2021-04-28,55524.0
Orange,景安,2021-04-28,55813.0
Orange,南勢角,2021-04-28,42803.0
Orange,民權西路,2021-04-28,20930.5
Orange,忠孝新生,2021-04-28,28069.5
Orange,松江南京,2021-04-28,45434.0
Orange,輔大,2021-04-28,29474.0
Orange,新莊,2021-04-28,23457.0
Orange,頭前庄,2021-04-28,8537.5
Orange,先嗇宮,2021-04-28,11481.0
Orange,三重,2021-04-28,13495.0
Orange,菜寮,2021-04-28,23044.0
Orange,台北橋,2021-04-28,21116.0
Orange,大橋頭站,2021-04-28,27085.0
Orange,中山國小,2021-04-28,37500.0
Orange,行天宮,2021-04-28,61492.0
Orange,東門,2021-04-28,24228.0
Orange,蘆洲,2021-04-28,30341.0
Orange,三民高中,2021-04-28,25232.0
Orange,徐匯中學,2021-04-28,27027.0
Orange,三和國中,2021-04-28,27183.0
Orange,三重國小,2021-04-28,25427.0
Orange,迴龍,2021-04-28,23838.0
Orange,丹鳳,2021-04-28,20710.0
Orange,古亭,2021-04-29,36319.5
Orange,頂溪,2021-04-29,75562.0
Orange,永安市場,2021-04-29,54799.0
Orange,景安,2021-04-29,54872.0
Orange,南勢角,2021-04-29,42863.0
Orange,民權西路,2021-04-29,20899.5
Orange,忠孝新生,2021-04-29,27984.0
Orange,松江南京,2021-04-29,44557.5
Orange,輔大,2021-04-29,29559.0
Orange,新莊,2021-04-29,23410.0
Orange,頭前庄,2021-04-29,8505.5
Orange,先嗇宮,2021-04-29,11321.0
Orange,三重,2021-04-29,13565.0
Orange,菜寮,2021-04-29,22710.0
Orange,台北橋,2021-04-29,21259.0
Orange,大橋頭站,2021-04-29,27870.0
Orange,中山國小,2021-04-29,37092.0
Orange,行天宮,2021-04-29,61581.0
Orange,東門,2021-04-29,23900.0
Orange,蘆洲,2021-04-29,30097.0
Orange,三民高中,2021-04-29,25780.0
Orange,徐匯中學,2021-04-29,26649.0
Orange,三和國中,2021-04-29,26710.0
Orange,三重國小,2021-04-29,24873.0
Orange,迴龍,2021-04-29,23618.0
Orange,丹鳳,2021-04-29,20713.0
Orange,古亭,2021-04-30,29183.0
Orange,頂溪,2021-04-30,67130.0
Orange,永安市場,2021-04-30,46896.0
Orange,景安,2021-04-30,46799.0
Orange,南勢角,2021-04-30,37531.0
Orange,民權西路,2021-04-30,15164.5
Orange,忠孝新生,2021-04-30,23056.0
Orange,松江南京,2021-04-30,23237.5
Orange,輔大,2021-04-30,27114.0
Orange,新莊,2021-04-30,21820.0
Orange,頭前庄,2021-04-30,7150.0
Orange,先嗇宮,2021-04-30,5541.0
Orange,三重,2021-04-30,12504.0
Orange,菜寮,2021-04-30,18677.0
Orange,台北橋,2021-04-30,19396.0
Orange,大橋頭站,2021-04-30,27541.0
Orange,中山國小,2021-04-30,29506.0
Orange,行天宮,2021-04-30,42495.0
Orange,東門,2021-04-30,21311.5
Orange,蘆洲,2021-04-30,25211.0
Orange,三民高中,2021-04-30,23360.0
Orange,徐匯中學,2021-04-30,22817.0
Orange,三和國中,2021-04-30,21965.0
Orange,三重國小,2021-04-30,22236.0
Orange,迴龍,2021-04-30,20270.0
Orange,丹鳳,2021-04-30,17691.0
Orange,古亭,2021-05-01,24619.0
Orange,頂溪,2021-05-01,58055.0
Orange,永安市場,2021-05-01,39715.0
Orange,景安,2021-05-01,39623.0
Orange,南勢角,2021-05-01,32982.0
Orange,民權西路,2021-05-01,11745.5
Orange,忠孝新生,2021-05-01,21789.0
Orange,松江南京,2021-05-01,17858.0
Orange,輔大,2021-05-01,16587.0
Orange,新莊,2021-05-01,18555.0
Orange,頭前庄,2021-05-01,6005.5
Orange,先嗇宮,2021-05-01,4404.0
Orange,三重,2021-05-01,11247.0
Orange,菜寮,2021-05-01,15067.0
Orange,台北橋,2021-05-01,16683.0
Orange,大橋頭站,2021-05-01,23328.0
Orange,中山國小,2021-05-01,24019.0
Orange,行天宮,2021-05-01,35273.0
Orange,東門,2021-05-01,18267.5
Orange,蘆洲,2021-05-01,21087.0
Orange,三民高中,2021-05-01,19065.0
Orange,徐匯中學,2021-05-01,19778.0
Orange,三和國中,2021-05-01,18611.0
Orange,三重國小,2021-05-01,18831.0
Orange,迴龍,2021-05-01,15503.0
Orange,丹鳳,2021-05-01,15502.0
Orange,古亭,2021-05-02,20084.5
Orange,頂溪,2021-05-02,48610.0
Orange,永安市場,2021-05-02,33905.0
Orange,景安,2021-05-02,33519.0
Orange,南勢角,2021-05-02,28728.0
Orange,民權西路,2021-05-02,10673.5
Orange,忠孝新生,2021-05-02,18056.5
Orange,松江南京,2021-05-02,13975.5
Orange,輔大,2021-05-02,13558.0
Orange,新莊,2021-05-02,15332.0
Orange,頭前庄,2021-05-02,5014.0
Orange,先嗇宮,2021-05-02,3878.0
Orange,三重,2021-05-02,9313.0
Orange,菜寮,2021-05-02,12650.0
Orange,台北橋,2021-05-02,13800.0
Orange,大橋頭站,2021-05-02,20135.0
Orange,中山國小,2021-05-02,20246.0
Orange,行天宮,2021-05-02,29216.0
Orange,東門,2021-05-02,15317.0
Orange,蘆洲,2021-05-02,18309.0
Orange,三民高中,2021-05-02,15792.0
Orange,徐匯中學,2021-05-02,17076.0
Orange,三和國中,2021-05-02,15338.0
Orange,三重國小,2021-05-02,16020.0
Orange,迴龍,2021-05-02,13238.0
Orange,丹鳳,2021-05-02,12994.0
Orange,古亭,2021-05-03,31173.0
Orange,頂溪,2021-05-03,64534.0
Orange,永安市場,2021-05-03,48752.0
Orange,景安,2021-05-03,50450.0
Orange,南勢角,2021-05-03,39330.0
Orange,民權西路,2021-05-03,18907.0
Orange,忠孝新生,2021-05-03,23919.5
Orange,松江南京,2021-05-03,39778.0
Orange,輔大,2021-05-03,27539.0
Orange,新莊,2021-05-03,22390.0
Orange,頭前庄,2021-05-03,7681.0
Orange,先嗇宮,2021-05-03,9889.0
Orange,三重,2021-05-03,12199.0
Orange,菜寮,2021-05-03,19932.0
Orange,台北橋,2021-05-03,18139.0
Orange,大橋頭站,2021-05-03,24575.0
Orange,中山國小,2021-05-03,32582.0
Orange,行天宮,2021-05-03,53337.0
Orange,東門,2021-05-03,20533.0
Orange,蘆洲,2021-05-03,28253.0
Orange,三民高中,2021-05-03,24080.0
Orange,徐匯中學,2021-05-03,24138.0
Orange,三和國中,2021-05-03,24259.0
Orange,三重國小,2021-05-03,23029.0
Orange,迴龍,2021-05-03,22452.0
Orange,丹鳳,2021-05-03,19392.0
Orange,古亭,2021-05-04,33011.0
Orange,頂溪,2021-05-04,65570.0
Orange,永安市場,2021-05-04,49871.0
Orange,景安,2021-05-04,50987.0
Orange,南勢角,2021-05-04,39955.0
Orange,民權西路,2021-05-04,19455.5
Orange,忠孝新生,2021-05-04,24814.0
Orange,松江南京,2021-05-04,40913.0
Orange,輔大,2021-05-04,27954.0
Orange,新莊,2021-05-04,23387.0
Orange,頭前庄,2021-05-04,7891.0
Orange,先嗇宮,2021-05-04,10250.0
Orange,三重,2021-05-04,12466.0
Orange,菜寮,2021-05-04,20756.0
Orange,台北橋,2021-05-04,18354.0
Orange,大橋頭站,2021-05-04,24843.0
Orange,中山國小,2021-05-04,33805.0
Orange,行天宮,2021-05-04,55280.0
Orange,東門,2021-05-04,21802.5
Orange,蘆洲,2021-05-04,28566.0
Orange,三民高中,2021-05-04,24339.0
Orange,徐匯中學,2021-05-04,24686.0
Orange,三和國中,2021-05-04,24690.0
Orange,三重國小,2021-05-04,23538.0
Orange,迴龍,2021-05-04,22979.0
Orange,丹鳳,2021-05-04,19686.0
Orange,古亭,2021-05-05,33914.0
Orange,頂溪,2021-05-05,67742.0
Orange,永安市場,2021-05-05,50964.0
Orange,景安,2021-05-05,51401.0
Orange,南勢角,2021-05-05,40357.0
Orange,民權西路,2021-05-05,19816.5
Orange,忠孝新生,2021-05-05,26227.5
Orange,松江南京,2021-05-05,42760.5
Orange,輔大,2021-05-05,28268.0
Orange,新莊,2021-05-05,23270.0
Orange,頭前庄,2021-05-05,8145.5
Orange,先嗇宮,2021-05-05,10461.0
Orange,三重,2021-05-05,12647.0
Orange,菜寮,2021-05-05,21436.0
Orange,台北橋,2021-05-05,19036.0
Orange,大橋頭站,2021-05-05,25119.0
Orange,中山國小,2021-05-05,34583.0
Orange,行天宮,2021-05-05,57419.0
Orange,東門,2021-05-05,22481.0
Orange,蘆洲,2021-05-05,28878.0
Orange,三民高中,2021-05-05,24367.0
Orange,徐匯中學,2021-05-05,24827.0
Orange,三和國中,2021-05-05,25258.0
Orange,三重國小,2021-05-05,23891.0
Orange,迴龍,2021-05-05,23197.0
Orange,丹鳳,2021-05-05,19786.0
Orange,古亭,2021-05-06,34087.0
Orange,頂溪,2021-05-06,67586.0
Orange,永安市場,2021-05-06,51396.0
Orange,景安,2021-05-06,51692.0
Orange,南勢角,2021-05-06,40906.0
Orange,民權西路,2021-05-06,20074.0
Orange,忠孝新生,2021-05-06,26506.0
Orange,松江南京,2021-05-06,41596.0
Orange,輔大,2021-05-06,28774.0
Orange,新莊,2021-05-06,23160.0
Orange,頭前庄,2021-05-06,8170.0
Orange,先嗇宮,2021-05-06,10282.0
Orange,三重,2021-05-06,12694.0
Orange,菜寮,2021-05-06,21131.0
Orange,台北橋,2021-05-06,18571.0
Orange,大橋頭站,2021-05-06,25636.0
Orange,中山國小,2021-05-06,34294.0
Orange,行天宮,2021-05-06,57412.0
Orange,東門,2021-05-06,22497.5
Orange,蘆洲,2021-05-06,28849.0
Orange,三民高中,2021-05-06,24667.0
Orange,徐匯中學,2021-05-06,24787.0
Orange,三和國中,2021-05-06,24600.0
Orange,三重國小,2021-05-06,23339.0
Orange,迴龍,2021-05-06,23250.0
Orange,丹鳳,2021-05-06,19821.0
Orange,古亭,2021-05-07,35357.0
Orange,頂溪,2021-05-07,70764.0
Orange,永安市場,2021-05-07,53063.0
Orange,景安,2021-05-07,53455.0
Orange,南勢角,2021-05-07,41893.0
Orange,民權西路,2021-05-07,20005.0
Orange,忠孝新生,2021-05-07,27278.5
Orange,松江南京,2021-05-07,42437.0
Orange,輔大,2021-05-07,29544.0
Orange,新莊,2021-05-07,24217.0
Orange,頭前庄,2021-05-07,8322.0
Orange,先嗇宮,2021-05-07,10436.0
Orange,三重,2021-05-07,13580.0
Orange,菜寮,2021-05-07,21260.0
Orange,台北橋,2021-05-07,20413.0
Orange,大橋頭站,2021-05-07,28179.0
Orange,中山國小,2021-05-07,36318.0
Orange,行天宮,2021-05-07,60813.0
Orange,東門,2021-05-07,24008.5
Orange,蘆洲,2021-05-07,29711.0
Orange,三民高中,2021-05-07,25816.0
Orange,徐匯中學,2021-05-07,26246.0
Orange,三和國中,2021-05-07,25726.0
Orange,三重國小,2021-05-07,24535.0
Orange,迴龍,2021-05-07,24250.0
Orange,丹鳳,2021-05-07,21253.0
Orange,古亭,2021-05-08,25148.5
Orange,頂溪,2021-05-08,53941.0
Orange,永安市場,2021-05-08,38260.0
Orange,景安,2021-05-08,37210.0
Orange,南勢角,2021-05-08,31250.0
Orange,民權西路,2021-05-08,11445.5
Orange,忠孝新生,2021-05-08,20399.5
Orange,松江南京,2021-05-08,17444.5
Orange,輔大,2021-05-08,16314.0
Orange,新莊,2021-05-08,15586.0
Orange,頭前庄,2021-05-08,5755.5
Orange,先嗇宮,2021-05-08,4331.0
Orange,三重,2021-05-08,9878.0
Orange,菜寮,2021-05-08,13654.0
Orange,台北橋,2021-05-08,15831.0
Orange,大橋頭站,2021-05-08,21391.0
Orange,中山國小,2021-05-08,23869.0
Orange,行天宮,2021-05-08,34309.0
Orange,東門,2021-05-08,17967.0
Orange,蘆洲,2021-05-08,19811.0
Orange,三民高中,2021-05-08,19048.0
Orange,徐匯中學,2021-05-08,18833.0
Orange,三和國中,2021-05-08,17767.0
Orange,三重國小,2021-05-08,18448.0
Orange,迴龍,2021-05-08,14320.0
Orange,丹鳳,2021-05-08,14269.0
Orange,古亭,2021-05-09,18764.0
Orange,頂溪,2021-05-09,43872.0
Orange,永安市場,2021-05-09,30986.0
Orange,景安,2021-05-09,30317.0
Orange,南勢角,2021-05-09,26034.0
Orange,民權西路,2021-05-09,10349.5
Orange,忠孝新生,2021-05-09,16242.5
Orange,松江南京,2021-05-09,13747.0
Orange,輔大,2021-05-09,11826.0
Orange,新莊,2021-05-09,11765.0
Orange,頭前庄,2021-05-09,4394.5
Orange,先嗇宮,2021-05-09,3537.0
Orange,三重,2021-05-09,8256.0
Orange,菜寮,2021-05-09,10769.0
Orange,台北橋,2021-05-09,12457.0
Orange,大橋頭站,2021-05-09,17906.0
Orange,中山國小,2021-05-09,18868.0
Orange,行天宮,2021-05-09,26481.0
Orange,東門,2021-05-09,14453.0
Orange,蘆洲,2021-05-09,15834.0
Orange,三民高中,2021-05-09,13790.0
Orange,徐匯中學,2021-05-09,14837.0
Orange,三和國中,2021-05-09,14008.0
Orange,三重國小,2021-05-09,14953.0
Orange,迴龍,2021-05-09,11792.0
Orange,丹鳳,2021-05-09,11503.0
Orange,古亭,2021-05-10,32344.5
Orange,頂溪,2021-05-10,66659.0
Orange,永安市場,2021-05-10,49314.0
Orange,景安,2021-05-10,50338.0
Orange,南勢角,2021-05-10,39778.0
Orange,民權西路,2021-05-10,19144.5
Orange,忠孝新生,2021-05-10,24475.0
Orange,松江南京,2021-05-10,40395.5
Orange,輔大,2021-05-10,28184.0
Orange,新莊,2021-05-10,21738.0
Orange,頭前庄,2021-05-10,7914.5
Orange,先嗇宮,2021-05-10,10165.0
Orange,三重,2021-05-10,12291.0
Orange,菜寮,2021-05-10,20080.0
Orange,台北橋,2021-05-10,18273.0
Orange,大橋頭站,2021-05-10,24757.0
Orange,中山國小,2021-05-10,33684.0
Orange,行天宮,2021-05-10,56000.0
Orange,東門,2021-05-10,20767.5
Orange,蘆洲,2021-05-10,27880.0
Orange,三民高中,2021-05-10,23914.0
Orange,徐匯中學,2021-05-10,24264.0
Orange,三和國中,2021-05-10,24394.0
Orange,三重國小,2021-05-10,22761.0
Orange,迴龍,2021-05-10,22760.0
Orange,丹鳳,2021-05-10,19620.0
Orange,古亭,2021-05-11,33021.5
Orange,頂溪,2021-05-11,67057.0
Orange,永安市場,2021-05-11,50097.0
Orange,景安,2021-05-11,51288.0
Orange,南勢角,2021-05-11,39973.0
Orange,民權西路,2021-05-11,19425.5
Orange,忠孝新生,2021-05-11,24999.0
Orange,松江南京,2021-05-11,41016.0
Orange,輔大,2021-05-11,27823.0
Orange,新莊,2021-05-11,22076.0
Orange,頭前庄,2021-05-11,7893.0
Orange,先嗇宮,2021-05-11,10364.0
Orange,三重,2021-05-11,12523.0
Orange,菜寮,2021-05-11,20415.0
Orange,台北橋,2021-05-11,18360.0
Orange,大橋頭站,2021-05-11,24439.0
Orange,中山國小,2021-05-11,34103.0
Orange,行天宮,2021-05-11,55117.0
Orange,東門,2021-05-11,21698.5
Orange,蘆洲,2021-05-11,28261.0
Orange,三民高中,2021-05-11,24050.0
Orange,徐匯中學,2021-05-11,24196.0
Orange,三和國中,2021-05-11,24370.0
Orange,三重國小,2021-05-11,23031.0
Orange,迴龍,2021-05-11,23310.0
Orange,丹鳳,2021-05-11,19478.0
Orange,古亭,2021-05-12,31275.0
Orange,頂溪,2021-05-12,63169.0
Orange,永安市場,2021-05-12,47009.0
Orange,景安,2021-05-12,48357.0
Orange,南勢角,2021-05-12,38171.0
Orange,民權西路,2021-05-12,18333.0
Orange,忠孝新生,2021-05-12,23590.0
Orange,松江南京,2021-05-12,38500.5
Orange,輔大,2021-05-12,25996.0
Orange,新莊,2021-05-12,20688.0
Orange,頭前庄,2021-05-12,7503.0
Orange,先嗇宮,2021-05-12,9899.0
Orange,三重,2021-05-12,11818.0
Orange,菜寮,2021-05-12,19591.0
Orange,台北橋,2021-05-12,17537.0
Orange,大橋頭站,2021-05-12,22468.0
Orange,中山國小,2021-05-12,31563.0
Orange,行天宮,2021-05-12,53826.0
Orange,東門,2021-05-12,20270.0
Orange,蘆洲,2021-05-12,26741.0
Orange,三民高中,2021-05-12,22332.0
Orange,徐匯中學,2021-05-12,22713.0
Orange,三和國中,2021-05-12,23099.0
Orange,三重國小,2021-05-12,21924.0
Orange,迴龍,2021-05-12,22075.0
Orange,丹鳳,2021-05-12,18902.0
Orange,古亭,2021-05-13,28848.0
Orange,頂溪,2021-05-13,59371.0
Orange,永安市場,2021-05-13,44057.0
Orange,景安,2021-05-13,45051.0
Orange,南勢角,2021-05-13,36135.0
Orange,民權西路,2021-05-13,17232.0
Orange,忠孝新生,2021-05-13,22459.0
Orange,松江南京,2021-05-13,35829.0
Orange,輔大,2021-05-13,24944.0
Orange,新莊,2021-05-13,19462.0
Orange,頭前庄,2021-05-13,6942.0
Orange,先嗇宮,2021-05-13,9504.0
Orange,三重,2021-05-13,10991.0
Orange,菜寮,2021-05-13,18057.0
Orange,台北橋,2021-05-13,15894.0
Orange,大橋頭站,2021-05-13,20968.0
Orange,中山國小,2021-05-13,29375.0
Orange,行天宮,2021-05-13,48310.0
Orange,東門,2021-05-13,19146.0
Orange,蘆洲,2021-05-13,24585.0
Orange,三民高中,2021-05-13,21225.0
Orange,徐匯中學,2021-05-13,20955.0
Orange,三和國中,2021-05-13,22110.0
Orange,三重國小,2021-05-13,20789.0
Orange,迴龍,2021-05-13,20747.0
Orange,丹鳳,2021-05-13,17691.0
Orange,古亭,2021-05-14,28135.0
Orange,頂溪,2021-05-14,58151.0
Orange,永安市場,2021-05-14,43277.0
Orange,景安,2021-05-14,44846.0
Orange,南勢角,2021-05-14,35213.0
Orange,民權西路,2021-05-14,17181.5
Orange,忠孝新生,2021-05-14,22013.5
Orange,松江南京,2021-05-14,35129.5
Orange,輔大,2021-05-14,23651.0
Orange,新莊,2021-05-14,19563.0
Orange,頭前庄,2021-05-14,6930.0
Orange,先嗇宮,2021-05-14,9180.0
Orange,三重,2021-05-14,10957.0
Orange,菜寮,2021-05-14,17937.0
Orange,台北橋,2021-05-14,15947.0
Orange,大橋頭站,2021-05-14,21325.0
Orange,中山國小,2021-05-14,29348.0
Orange,行天宮,2021-05-14,46886.0
Orange,東門,2021-05-14,19000.0
Orange,蘆洲,2021-05-14,24643.0
Orange,三民高中,2021-05-14,21604.0
Orange,徐匯中學,2021-05-14,21009.0
Orange,三和國中,2021-05-14,21587.0
Orange,三重國小,2021-05-14,20515.0
Orange,迴龍,2021-05-14,20841.0
Orange,丹鳳,2021-05-14,17815.0
Orange,古亭,2021-05-15,10445.0
Orange,頂溪,2021-05-15,22220.0
Orange,永安市場,2021-05-15,15067.0
Orange,景安,2021-05-15,15819.0
Orange,南勢角,2021-05-15,13954.0
Orange,民權西路,2021-05-15,5226.5
Orange,忠孝新生,2021-05-15,6891.0
Orange,松江南京,2021-05-15,7113.5
Orange,輔大,2021-05-15,6221.0
Orange,新莊,2021-05-15,6161.0
Orange,頭前庄,2021-05-15,2162.5
Orange,先嗇宮,2021-05-15,2168.0
Orange,三重,2021-05-15,3980.0
Orange,菜寮,2021-05-15,6151.0
Orange,台北橋,2021-05-15,6826.0
Orange,大橋頭站,2021-05-15,7551.0
Orange,中山國小,2021-05-15,9644.0
Orange,行天宮,2021-05-15,12692.0
Orange,東門,2021-05-15,7170.0
Orange,蘆洲,2021-05-15,7865.0
Orange,三民高中,2021-05-15,7396.0
Orange,徐匯中學,2021-05-15,7204.0
Orange,三和國中,2021-05-15,7568.0
Orange,三重國小,2021-05-15,8312.0
Orange,迴龍,2021-05-15,6468.0
Orange,丹鳳,2021-05-15,6175.0
Orange,古亭,2021-05-16,4855.0
Orange,頂溪,2021-05-16,12185.0
Orange,永安市場,2021-05-16,8105.0
Orange,景安,2021-05-16,8797.0
Orange,南勢角,2021-05-16,7905.0
Orange,民權西路,2021-05-16,2873.5
Orange,忠孝新生,2021-05-16,3599.5
Orange,松江南京,2021-05-16,3609.5
Orange,輔大,2021-05-16,2791.0
Orange,新莊,2021-05-16,3306.0
Orange,頭前庄,2021-05-16,1151.0
Orange,先嗇宮,2021-05-16,1193.0
Orange,三重,2021-05-16,2202.0
Orange,菜寮,2021-05-16,3506.0
Orange,台北橋,2021-05-16,3790.0
Orange,大橋頭站,2021-05-16,4235.0
Orange,中山國小,2021-05-16,5396.0
Orange,行天宮,2021-05-16,6533.0
Orange,東門,2021-05-16,3995.0
Orange,蘆洲,2021-05-16,4211.0
Orange,三民高中,2021-05-16,4041.0
Orange,徐匯中學,2021-05-16,3951.0
Orange,三和國中,2021-05-16,4260.0
Orange,三重國小,2021-05-16,4859.0
Orange,迴龍,2021-05-16,3653.0
Orange,丹鳳,2021-05-16,3422.0
Orange,古亭,2021-05-17,13118.0
Orange,頂溪,2021-05-17,30279.0
Orange,永安市場,2021-05-17,23146.0
Orange,景安,2021-05-17,24985.0
Orange,南勢角,2021-05-17,19761.0
Orange,民權西路,2021-05-17,8538.0
Orange,忠孝新生,2021-05-17,10121.5
Orange,松江南京,2021-05-17,20251.5
Orange,輔大,2021-05-17,7310.0
Orange,新莊,2021-05-17,10312.0
Orange,頭前庄,2021-05-17,3705.0
Orange,先嗇宮,2021-05-17,5933.0
Orange,三重,2021-05-17,5682.0
Orange,菜寮,2021-05-17,9830.0
Orange,台北橋,2021-05-17,8310.0
Orange,大橋頭站,2021-05-17,10533.0
Orange,中山國小,2021-05-17,14419.0
Orange,行天宮,2021-05-17,24575.0
Orange,東門,2021-05-17,9029.0
Orange,蘆洲,2021-05-17,12733.0
Orange,三民高中,2021-05-17,11416.0
Orange,徐匯中學,2021-05-17,11032.0
Orange,三和國中,2021-05-17,11951.0
Orange,三重國小,2021-05-17,11558.0
Orange,迴龍,2021-05-17,10846.0
Orange,丹鳳,2021-05-17,9993.0
Orange,古亭,2021-05-18,10364.5
Orange,頂溪,2021-05-18,23351.0
Orange,永安市場,2021-05-18,17731.0
Orange,景安,2021-05-18,19162.0
Orange,南勢角,2021-05-18,15704.0
Orange,民權西路,2021-05-18,6422.0
Orange,忠孝新生,2021-05-18,8383.0
Orange,松江南京,2021-05-18,15842.5
Orange,輔大,2021-05-18,5904.0
Orange,新莊,2021-05-18,7351.0
Orange,頭前庄,2021-05-18,2885.5
Orange,先嗇宮,2021-05-18,4627.0
Orange,三重,2021-05-18,4205.0
Orange,菜寮,2021-05-18,7539.0
Orange,台北橋,2021-05-18,6726.0
Orange,大橋頭站,2021-05-18,7842.0
Orange,中山國小,2021-05-18,11314.0
Orange,行天宮,2021-05-18,19425.0
Orange,東門,2021-05-18,7339.0
Orange,蘆洲,2021-05-18,9139.0
Orange,三民高中,2021-05-18,8097.0
Orange,徐匯中學,2021-05-18,8465.0
Orange,三和國中,2021-05-18,9039.0
Orange,三重國小,2021-05-18,9145.0
Orange,迴龍,2021-05-18,8151.0
Orange,丹鳳,2021-05-18,7670.0
Orange,古亭,2021-05-19,9760.5
Orange,頂溪,2021-05-19,21630.0
Orange,永安市場,2021-05-19,16225.0
Orange,景安,2021-05-19,16859.0
Orange,南勢角,2021-05-19,14370.0
Orange,民權西路,2021-05-19,6071.0
Orange,忠孝新生,2021-05-19,7859.5
Orange,松江南京,2021-05-19,14765.0
Orange,輔大,2021-05-19,5422.0
Orange,新莊,2021-05-19,6942.0
Orange,頭前庄,2021-05-19,2753.5
Orange,先嗇宮,2021-05-19,4408.0
Orange,三重,2021-05-19,4101.0
Orange,菜寮,2021-05-19,7006.0
Orange,台北橋,2021-05-19,6162.0
Orange,大橋頭站,2021-05-19,7423.0
Orange,中山國小,2021-05-19,10597.0
Orange,行天宮,2021-05-19,18440.0
Orange,東門,2021-05-19,6842.5
Orange,蘆洲,2021-05-19,8584.0
Orange,三民高中,2021-05-19,7567.0
Orange,徐匯中學,2021-05-19,7858.0
Orange,三和國中,2021-05-19,8592.0
Orange,三重國小,2021-05-19,8457.0
Orange,迴龍,2021-05-19,7572.0
Orange,丹鳳,2021-05-19,7192.0
Orange,古亭,2021-05-20,9300.0
Orange,頂溪,2021-05-20,20438.0
Orange,永安市場,2021-05-20,15355.0
Orange,景安,2021-05-20,15854.0
Orange,南勢角,2021-05-20,13594.0
Orange,民權西路,2021-05-20,5753.5
Orange,忠孝新生,2021-05-20,7671.5
Orange,松江南京,2021-05-20,13996.0
Orange,輔大,2021-05-20,5252.0
Orange,新莊,2021-05-20,6513.0
Orange,頭前庄,2021-05-20,2666.5
Orange,先嗇宮,2021-05-20,4171.0
Orange,三重,2021-05-20,3906.0
Orange,菜寮,2021-05-20,6619.0
Orange,台北橋,2021-05-20,5908.0
Orange,大橋頭站,2021-05-20,7024.0
Orange,中山國小,2021-05-20,10188.0
Orange,行天宮,2021-05-20,17278.0
Orange,東門,2021-05-20,6559.0
Orange,蘆洲,2021-05-20,8229.0
Orange,三民高中,2021-05-20,7377.0
Orange,徐匯中學,2021-05-20,7432.0
Orange,三和國中,2021-05-20,8121.0
Orange,三重國小,2021-05-20,8054.0
Orange,迴龍,2021-05-20,7308.0
Orange,丹鳳,2021-05-20,6887.0
Orange,古亭,2021-05-21,9250.0
Orange,頂溪,2021-05-21,19846.0
Orange,永安市場,2021-05-21,14790.0
Orange,景安,2021-05-21,15285.0
Orange,南勢角,2021-05-21,12907.0
Orange,民權西路,2021-05-21,5609.5
Orange,忠孝新生,2021-05-21,7553.0
Orange,松江南京,2021-05-21,13609.0
Orange,輔大,2021-05-21,5040.0
Orange,新莊,2021-05-21,6535.0
Orange,頭前庄,2021-05-21,2566.5
Orange,先嗇宮,2021-05-21,3983.0
Orange,三重,2021-05-21,3909.0
Orange,菜寮,2021-05-21,6497.0
Orange,台北橋,2021-05-21,5897.0
Orange,大橋頭站,2021-05-21,6951.0
Orange,中山國小,2021-05-21,9951.0
Orange,行天宮,2021-05-21,16552.0
Orange,東門,2021-05-21,6462.5
Orange,蘆洲,2021-05-21,7915.0
Orange,三民高中,2021-05-21,7178.0
Orange,徐匯中學,2021-05-21,7442.0
Orange,三和國中,2021-05-21,7878.0
Orange,三重國小,2021-05-21,7784.0
Orange,迴龍,2021-05-21,6965.0
Orange,丹鳳,2021-05-21,6722.0
Orange,古亭,2021-05-22,3479.5
Orange,頂溪,2021-05-22,7758.0
Orange,永安市場,2021-05-22,5063.0
Orange,景安,2021-05-22,5361.0
Orange,南勢角,2021-05-22,5140.0
Orange,民權西路,2021-05-22,1747.5
Orange,忠孝新生,2021-05-22,2874.0
Orange,松江南京,2021-05-22,2555.0
Orange,輔大,2021-05-22,1879.0
Orange,新莊,2021-05-22,2198.0
Orange,頭前庄,2021-05-22,853.0
Orange,先嗇宮,2021-05-22,1044.0
Orange,三重,2021-05-22,1500.0
Orange,菜寮,2021-05-22,2646.0
Orange,台北橋,2021-05-22,2776.0
Orange,大橋頭站,2021-05-22,2778.0
Orange,中山國小,2021-05-22,3962.0
Orange,行天宮,2021-05-22,4649.0
Orange,東門,2021-05-22,2947.0
Orange,蘆洲,2021-05-22,2919.0
Orange,三民高中,2021-05-22,2730.0
Orange,徐匯中學,2021-05-22,2696.0
Orange,三和國中,2021-05-22,3076.0
Orange,三重國小,2021-05-22,3373.0
Orange,迴龍,2021-05-22,2335.0
Orange,丹鳳,2021-05-22,2591.0
Orange,古亭,2021-05-23,2341.5
Orange,頂溪,2021-05-23,5886.0
Orange,永安市場,2021-05-23,3725.0
Orange,景安,2021-05-23,3939.0
Orange,南勢角,2021-05-23,3930.0
Orange,民權西路,2021-05-23,1200.5
Orange,忠孝新生,2021-05-23,2141.0
Orange,松江南京,2021-05-23,1669.5
Orange,輔大,2021-05-23,1274.0
Orange,新莊,2021-05-23,1644.0
Orange,頭前庄,2021-05-23,613.0
Orange,先嗇宮,2021-05-23,709.0
Orange,三重,2021-05-23,1167.0
Orange,菜寮,2021-05-23,1904.0
Orange,台北橋,2021-05-23,2063.0
Orange,大橋頭站,2021-05-23,2104.0
Orange,中山國小,2021-05-23,2740.0
Orange,行天宮,2021-05-23,3361.0
Orange,東門,2021-05-23,2222.0
Orange,蘆洲,2021-05-23,2071.0
Orange,三民高中,2021-05-23,1948.0
Orange,徐匯中學,2021-05-23,2099.0
Orange,三和國中,2021-05-23,2252.0
Orange,三重國小,2021-05-23,2525.0
Orange,迴龍,2021-05-23,1715.0
Orange,丹鳳,2021-05-23,1797.0
Orange,古亭,2021-05-24,8282.0
Orange,頂溪,2021-05-24,18388.0
Orange,永安市場,2021-05-24,13866.0
Orange,景安,2021-05-24,14579.0
Orange,南勢角,2021-05-24,12146.0
Orange,民權西路,2021-05-24,5257.5
Orange,忠孝新生,2021-05-24,6940.0
Orange,松江南京,2021-05-24,12920.5
Orange,輔大,2021-05-24,4832.0
Orange,新莊,2021-05-24,5888.0
Orange,頭前庄,2021-05-24,2442.0
Orange,先嗇宮,2021-05-24,3863.0
Orange,三重,2021-05-24,3566.0
Orange,菜寮,2021-05-24,6070.0
Orange,台北橋,2021-05-24,5485.0
Orange,大橋頭站,2021-05-24,6561.0
Orange,中山國小,2021-05-24,9575.0
Orange,行天宮,2021-05-24,15793.0
Orange,東門,2021-05-24,5649.5
Orange,蘆洲,2021-05-24,7790.0
Orange,三民高中,2021-05-24,6867.0
Orange,徐匯中學,2021-05-24,7033.0
Orange,三和國中,2021-05-24,7489.0
Orange,三重國小,2021-05-24,7568.0
Orange,迴龍,2021-05-24,6539.0
Orange,丹鳳,2021-05-24,6424.0
Orange,古亭,2021-05-25,8357.0
Orange,頂溪,2021-05-25,17828.0
Orange,永安市場,2021-05-25,13387.0
Orange,景安,2021-05-25,14055.0
Orange,南勢角,2021-05-25,11767.0
Orange,民權西路,2021-05-25,5095.0
Orange,忠孝新生,2021-05-25,6734.5
Orange,松江南京,2021-05-25,12560.5
Orange,輔大,2021-05-25,4702.0
Orange,新莊,2021-05-25,5668.0
Orange,頭前庄,2021-05-25,2351.0
Orange,先嗇宮,2021-05-25,3763.0
Orange,三重,2021-05-25,3468.0
Orange,菜寮,2021-05-25,6005.0
Orange,台北橋,2021-05-25,5445.0
Orange,大橋頭站,2021-05-25,6180.0
Orange,中山國小,2021-05-25,8936.0
Orange,行天宮,2021-05-25,15038.0
Orange,東門,2021-05-25,5619.5
Orange,蘆洲,2021-05-25,7550.0
Orange,三民高中,2021-05-25,6636.0
Orange,徐匯中學,2021-05-25,6872.0
Orange,三和國中,2021-05-25,7172.0
Orange,三重國小,2021-05-25,7216.0
Orange,迴龍,2021-05-25,6292.0
Orange,丹鳳,2021-05-25,6106.0
Orange,古亭,2021-05-26,7968.5
Orange,頂溪,2021-05-26,17666.0
Orange,永安市場,2021-05-26,12934.0
Orange,景安,2021-05-26,13692.0
Orange,南勢角,2021-05-26,11709.0
Orange,民權西路,2021-05-26,4931.0
Orange,忠孝新生,2021-05-26,6709.5
Orange,松江南京,2021-05-26,12246.0
Orange,輔大,2021-05-26,4645.0
Orange,新莊,2021-05-26,5707.0
Orange,頭前庄,2021-05-26,2315.0
Orange,先嗇宮,2021-05-26,3642.0
Orange,三重,2021-05-26,3356.0
Orange,菜寮,2021-05-26,5807.0
Orange,台北橋,2021-05-26,5406.0
Orange,大橋頭站,2021-05-26,6136.0
Orange,中山國小,2021-05-26,8924.0
Orange,行天宮,2021-05-26,14844.0
Orange,東門,2021-05-26,5515.5
Orange,蘆洲,2021-05-26,7409.0
Orange,三民高中,2021-05-26,6815.0
Orange,徐匯中學,2021-05-26,6816.0
Orange,三和國中,2021-05-26,7110.0
Orange,三重國小,2021-05-26,7183.0
Orange,迴龍,2021-05-26,6269.0
Orange,丹鳳,2021-05-26,6074.0
Orange,古亭,2021-05-27,7985.5
Orange,頂溪,2021-05-27,17306.0
Orange,永安市場,2021-05-27,12993.0
Orange,景安,2021-05-27,13737.0
Orange,南勢角,2021-05-27,11559.0
Orange,民權西路,2021-05-27,4982.5
Orange,忠孝新生,2021-05-27,6722.5
Orange,松江南京,2021-05-27,12079.0
Orange,輔大,2021-05-27,4463.0
Orange,新莊,2021-05-27,5578.0
Orange,頭前庄,2021-05-27,2308.5
Orange,先嗇宮,2021-05-27,3703.0
Orange,三重,2021-05-27,3176.0
Orange,菜寮,2021-05-27,5655.0
Orange,台北橋,2021-05-27,5159.0
Orange,大橋頭站,2021-05-27,6097.0
Orange,中山國小,2021-05-27,8749.0
Orange,行天宮,2021-05-27,14369.0
Orange,東門,2021-05-27,5505.5
Orange,蘆洲,2021-05-27,7280.0
Orange,三民高中,2021-05-27,6522.0
Orange,徐匯中學,2021-05-27,6649.0
Orange,三和國中,2021-05-27,7008.0
Orange,三重國小,2021-05-27,7059.0
Orange,迴龍,2021-05-27,6176.0
Orange,丹鳳,2021-05-27,5931.0
Orange,古亭,2021-05-28,8265.5
Orange,頂溪,2021-05-28,17905.0
Orange,永安市場,2021-05-28,13172.0
Orange,景安,2021-05-28,13926.0
Orange,南勢角,2021-05-28,11701.0
Orange,民權西路,2021-05-28,5159.5
Orange,忠孝新生,2021-05-28,6679.5
Orange,松江南京,2021-05-28,11954.0
Orange,輔大,2021-05-28,4782.0
Orange,新莊,2021-05-28,5740.0
Orange,頭前庄,2021-05-28,2269.5
Orange,先嗇宮,2021-05-28,3561.0
Orange,三重,2021-05-28,3346.0
Orange,菜寮,2021-05-28,5722.0
Orange,台北橋,2021-05-28,5398.0
Orange,大橋頭站,2021-05-28,6296.0
Orange,中山國小,2021-05-28,9104.0
Orange,行天宮,2021-05-28,14457.0
Orange,東門,2021-05-28,5885.5
Orange,蘆洲,2021-05-28,7318.0
Orange,三民高中,2021-05-28,6579.0
Orange,徐匯中學,2021-05-28,6887.0
Orange,三和國中,2021-05-28,7148.0
Orange,三重國小,2021-05-28,7231.0
Orange,迴龍,2021-05-28,6204.0
Orange,丹鳳,2021-05-28,6192.0
Orange,古亭,2021-05-29,3571.0
Orange,頂溪,2021-05-29,8150.0
Orange,永安市場,2021-05-29,5373.0
Orange,景安,2021-05-29,5550.0
Orange,南勢角,2021-05-29,5100.0
Orange,民權西路,2021-05-29,1769.0
Orange,忠孝新生,2021-05-29,2786.5
Orange,松江南京,2021-05-29,2509.5
Orange,輔大,2021-05-29,1886.0
Orange,新莊,2021-05-29,2179.0
Orange,頭前庄,2021-05-29,886.0
Orange,先嗇宮,2021-05-29,1002.0
Orange,三重,2021-05-29,1411.0
Orange,菜寮,2021-05-29,2521.0
Orange,台北橋,2021-05-29,2897.0
Orange,大橋頭站,2021-05-29,2808.0
Orange,中山國小,2021-05-29,4014.0
Orange,行天宮,2021-05-29,4559.0
Orange,東門,2021-05-29,2890.5
Orange,蘆洲,2021-05-29,2859.0
Orange,三民高中,2021-05-29,2706.0
Orange,徐匯中學,2021-05-29,2745.0
Orange,三和國中,2021-05-29,3165.0
Orange,三重國小,2021-05-29,3504.0
Orange,迴龍,2021-05-29,2333.0
Orange,丹鳳,2021-05-29,2482.0
Orange,古亭,2021-05-30,2400.5
Orange,頂溪,2021-05-30,5923.0
Orange,永安市場,2021-05-30,3812.0
Orange,景安,2021-05-30,4115.0
Orange,南勢角,2021-05-30,3895.0
Orange,民權西路,2021-05-30,1243.5
Orange,忠孝新生,2021-05-30,2013.5
Orange,松江南京,2021-05-30,1629.0
Orange,輔大,2021-05-30,1368.0
Orange,新莊,2021-05-30,1402.0
Orange,頭前庄,2021-05-30,642.0
Orange,先嗇宮,2021-05-30,634.0
Orange,三重,2021-05-30,1043.0
Orange,菜寮,2021-05-30,1738.0
Orange,台北橋,2021-05-30,2073.0
Orange,大橋頭站,2021-05-30,2069.0
Orange,中山國小,2021-05-30,2927.0
Orange,行天宮,2021-05-30,3343.0
Orange,東門,2021-05-30,2077.0
Orange,蘆洲,2021-05-30,2183.0
Orange,三民高中,2021-05-30,2001.0
Orange,徐匯中學,2021-05-30,1957.0
Orange,三和國中,2021-05-30,2266.0
Orange,三重國小,2021-05-30,2536.0
Orange,迴龍,2021-05-30,1731.0
Orange,丹鳳,2021-05-30,1764.0
Orange,古亭,2021-05-31,8472.0
Orange,頂溪,2021-05-31,18670.0
Orange,永安市場,2021-05-31,13778.0
Orange,景安,2021-05-31,14665.0
Orange,南勢角,2021-05-31,11927.0
Orange,民權西路,2021-05-31,5114.5
Orange,忠孝新生,2021-05-31,7173.0
Orange,松江南京,2021-05-31,13175.0
Orange,輔大,2021-05-31,4733.0
Orange,新莊,2021-05-31,5789.0
Orange,頭前庄,2021-05-31,2355.5
Orange,先嗇宮,2021-05-31,3904.0
Orange,三重,2021-05-31,3488.0
Orange,菜寮,2021-05-31,6147.0
Orange,台北橋,2021-05-31,5734.0
Orange,大橋頭站,2021-05-31,6547.0
Orange,中山國小,2021-05-31,9423.0
Orange,行天宮,2021-05-31,15618.0
Orange,東門,2021-05-31,5552.5
Orange,蘆洲,2021-05-31,7689.0
Orange,三民高中,2021-05-31,6892.0
Orange,徐匯中學,2021-05-31,7117.0
Orange,三和國中,2021-05-31,7514.0
Orange,三重國小,2021-05-31,7416.0
Orange,迴龍,2021-05-31,6269.0
Orange,丹鳳,2021-05-31,6179.0
Orange,古亭,2021-06-01,8253.5
Orange,頂溪,2021-06-01,18357.0
Orange,永安市場,2021-06-01,13079.0
Orange,景安,2021-06-01,14000.0
Orange,南勢角,2021-06-01,11721.0
Orange,民權西路,2021-06-01,5084.0
Orange,忠孝新生,2021-06-01,7028.0
Orange,松江南京,2021-06-01,12621.5
Orange,輔大,2021-06-01,4494.0
Orange,新莊,2021-06-01,5732.0
Orange,頭前庄,2021-06-01,2383.5
Orange,先嗇宮,2021-06-01,3757.0
Orange,三重,2021-06-01,3403.0
Orange,菜寮,2021-06-01,5982.0
Orange,台北橋,2021-06-01,5541.0
Orange,大橋頭站,2021-06-01,6404.0
Orange,中山國小,2021-06-01,9153.0
Orange,行天宮,2021-06-01,14867.0
Orange,東門,2021-06-01,5839.0
Orange,蘆洲,2021-06-01,7517.0
Orange,三民高中,2021-06-01,6696.0
Orange,徐匯中學,2021-06-01,6862.0
Orange,三和國中,2021-06-01,7345.0
Orange,三重國小,2021-06-01,7247.0
Orange,迴龍,2021-06-01,6267.0
Orange,丹鳳,2021-06-01,6052.0
Orange,古亭,2021-06-02,8267.5
Orange,頂溪,2021-06-02,17937.0
Orange,永安市場,2021-06-02,13029.0
Orange,景安,2021-06-02,14012.0
Orange,南勢角,2021-06-02,11627.0
Orange,民權西路,2021-06-02,4910.0
Orange,忠孝新生,2021-06-02,7121.0
Orange,松江南京,2021-06-02,12364.0
Orange,輔大,2021-06-02,4621.0
Orange,新莊,2021-06-02,5702.0
Orange,頭前庄,2021-06-02,2341.0
Orange,先嗇宮,2021-06-02,3808.0
Orange,三重,2021-06-02,3317.0
Orange,菜寮,2021-06-02,6092.0
Orange,台北橋,2021-06-02,5544.0
Orange,大橋頭站,2021-06-02,6348.0
Orange,中山國小,2021-06-02,9031.0
Orange,行天宮,2021-06-02,14473.0
Orange,東門,2021-06-02,5631.0
Orange,蘆洲,2021-06-02,7448.0
Orange,三民高中,2021-06-02,6737.0
Orange,徐匯中學,2021-06-02,6821.0
Orange,三和國中,2021-06-02,7189.0
Orange,三重國小,2021-06-02,7205.0
Orange,迴龍,2021-06-02,6350.0
Orange,丹鳳,2021-06-02,5953.0
Orange,古亭,2021-06-03,8013.5
Orange,頂溪,2021-06-03,17499.0
Orange,永安市場,2021-06-03,12747.0
Orange,景安,2021-06-03,13563.0
Orange,南勢角,2021-06-03,11472.0
Orange,民權西路,2021-06-03,4769.5
Orange,忠孝新生,2021-06-03,6810.5
Orange,松江南京,2021-06-03,11867.5
Orange,輔大,2021-06-03,4624.0
Orange,新莊,2021-06-03,5757.0
Orange,頭前庄,2021-06-03,2316.0
Orange,先嗇宮,2021-06-03,3741.0
Orange,三重,2021-06-03,3353.0
Orange,菜寮,2021-06-03,6009.0
Orange,台北橋,2021-06-03,5441.0
Orange,大橋頭站,2021-06-03,6133.0
Orange,中山國小,2021-06-03,8811.0
Orange,行天宮,2021-06-03,14078.0
Orange,東門,2021-06-03,5384.5
Orange,蘆洲,2021-06-03,7176.0
Orange,三民高中,2021-06-03,6585.0
Orange,徐匯中學,2021-06-03,6701.0
Orange,三和國中,2021-06-03,7058.0
Orange,三重國小,2021-06-03,7047.0
Orange,迴龍,2021-06-03,6247.0
Orange,丹鳳,2021-06-03,5907.0
Orange,古亭,2021-06-04,8117.0
Orange,頂溪,2021-06-04,17562.0
Orange,永安市場,2021-06-04,12654.0
Orange,景安,2021-06-04,13881.0
Orange,南勢角,2021-06-04,11230.0
Orange,民權西路,2021-06-04,4670.0
Orange,忠孝新生,2021-06-04,6758.5
Orange,松江南京,2021-06-04,12129.5
Orange,輔大,2021-06-04,4594.0
Orange,新莊,2021-06-04,5546.0
Orange,頭前庄,2021-06-04,2172.0
Orange,先嗇宮,2021-06-04,3697.0
Orange,三重,2021-06-04,3339.0
Orange,菜寮,2021-06-04,6093.0
Orange,台北橋,2021-06-04,5494.0
Orange,大橋頭站,2021-06-04,6306.0
Orange,中山國小,2021-06-04,8877.0
Orange,行天宮,2021-06-04,14172.0
Orange,東門,2021-06-04,5697.5
Orange,蘆洲,2021-06-04,7127.0
Orange,三民高中,2021-06-04,6676.0
Orange,徐匯中學,2021-06-04,6800.0
Orange,三和國中,2021-06-04,7110.0
Orange,三重國小,2021-06-04,7185.0
Orange,迴龍,2021-06-04,6125.0
Orange,丹鳳,2021-06-04,5896.0
Orange,古亭,2021-06-05,3673.0
Orange,頂溪,2021-06-05,8168.0
Orange,永安市場,2021-06-05,5457.0
Orange,景安,2021-06-05,5577.0
Orange,南勢角,2021-06-05,5288.0
Orange,民權西路,2021-06-05,1867.0
Orange,忠孝新生,2021-06-05,2916.0
Orange,松江南京,2021-06-05,2712.0
Orange,輔大,2021-06-05,1865.0
Orange,新莊,2021-06-05,2196.0
Orange,頭前庄,2021-06-05,945.0
Orange,先嗇宮,2021-06-05,1031.0
Orange,三重,2021-06-05,1527.0
Orange,菜寮,2021-06-05,2672.0
Orange,台北橋,2021-06-05,3023.0
Orange,大橋頭站,2021-06-05,2975.0
Orange,中山國小,2021-06-05,4253.0
Orange,行天宮,2021-06-05,4914.0
Orange,東門,2021-06-05,2948.0
Orange,蘆洲,2021-06-05,2906.0
Orange,三民高中,2021-06-05,2739.0
Orange,徐匯中學,2021-06-05,2856.0
Orange,三和國中,2021-06-05,3178.0
Orange,三重國小,2021-06-05,3630.0
Orange,迴龍,2021-06-05,2358.0
Orange,丹鳳,2021-06-05,2435.0
Orange,古亭,2021-06-06,2481.5
Orange,頂溪,2021-06-06,6475.0
Orange,永安市場,2021-06-06,4009.0
Orange,景安,2021-06-06,4254.0
Orange,南勢角,2021-06-06,4090.0
Orange,民權西路,2021-06-06,1464.5
Orange,忠孝新生,2021-06-06,2185.5
Orange,松江南京,2021-06-06,1814.0
Orange,輔大,2021-06-06,1445.0
Orange,新莊,2021-06-06,1590.0
Orange,頭前庄,2021-06-06,740.0
Orange,先嗇宮,2021-06-06,731.0
Orange,三重,2021-06-06,1102.0
Orange,菜寮,2021-06-06,1975.0
Orange,台北橋,2021-06-06,2262.0
Orange,大橋頭站,2021-06-06,2170.0
Orange,中山國小,2021-06-06,3176.0
Orange,行天宮,2021-06-06,3601.0
Orange,東門,2021-06-06,2139.5
Orange,蘆洲,2021-06-06,2077.0
Orange,三民高中,2021-06-06,2039.0
Orange,徐匯中學,2021-06-06,2118.0
Orange,三和國中,2021-06-06,2383.0
Orange,三重國小,2021-06-06,2732.0
Orange,迴龍,2021-06-06,1735.0
Orange,丹鳳,2021-06-06,1892.0
Orange,古亭,2021-06-07,8006.5
Orange,頂溪,2021-06-07,18243.0
Orange,永安市場,2021-06-07,13136.0
Orange,景安,2021-06-07,14110.0
Orange,南勢角,2021-06-07,11819.0
Orange,民權西路,2021-06-07,5061.5
Orange,忠孝新生,2021-06-07,6930.0
Orange,松江南京,2021-06-07,12554.5
Orange,輔大,2021-06-07,4590.0
Orange,新莊,2021-06-07,5780.0
Orange,頭前庄,2021-06-07,2389.5
Orange,先嗇宮,2021-06-07,3741.0
Orange,三重,2021-06-07,3482.0
Orange,菜寮,2021-06-07,6024.0
Orange,台北橋,2021-06-07,5661.0
Orange,大橋頭站,2021-06-07,6307.0
Orange,中山國小,2021-06-07,9192.0
Orange,行天宮,2021-06-07,14779.0
Orange,東門,2021-06-07,5357.0
Orange,蘆洲,2021-06-07,7482.0
Orange,三民高中,2021-06-07,6937.0
Orange,徐匯中學,2021-06-07,7021.0
Orange,三和國中,2021-06-07,7324.0
Orange,三重國小,2021-06-07,7320.0
Orange,迴龍,2021-06-07,6080.0
Orange,丹鳳,2021-06-07,6018.0
Orange,古亭,2021-06-08,8124.0
Orange,頂溪,2021-06-08,17996.0
Orange,永安市場,2021-06-08,12929.0
Orange,景安,2021-06-08,14114.0
Orange,南勢角,2021-06-08,11525.0
Orange,民權西路,2021-06-08,4862.5
Orange,忠孝新生,2021-06-08,6856.5
Orange,松江南京,2021-06-08,12471.5
Orange,輔大,2021-06-08,4583.0
Orange,新莊,2021-06-08,5784.0
Orange,頭前庄,2021-06-08,2371.5
Orange,先嗇宮,2021-06-08,3807.0
Orange,三重,2021-06-08,3369.0
Orange,菜寮,2021-06-08,5947.0
Orange,台北橋,2021-06-08,5528.0
Orange,大橋頭站,2021-06-08,6338.0
Orange,中山國小,2021-06-08,9086.0
Orange,行天宮,2021-06-08,14519.0
Orange,東門,2021-06-08,5545.5
Orange,蘆洲,2021-06-08,7466.0
Orange,三民高中,2021-06-08,6837.0
Orange,徐匯中學,2021-06-08,6891.0
Orange,三和國中,2021-06-08,7253.0
Orange,三重國小,2021-06-08,7266.0
Orange,迴龍,2021-06-08,6141.0
Orange,丹鳳,2021-06-08,6167.0
Orange,古亭,2021-06-09,8179.5
Orange,頂溪,2021-06-09,17815.0
Orange,永安市場,2021-06-09,12832.0
Orange,景安,2021-06-09,13842.0
Orange,南勢角,2021-06-09,11735.0
Orange,民權西路,2021-06-09,4897.0
Orange,忠孝新生,2021-06-09,6765.5
Orange,松江南京,2021-06-09,12217.5
Orange,輔大,2021-06-09,4485.0
Orange,新莊,2021-06-09,5690.0
Orange,頭前庄,2021-06-09,2309.5
Orange,先嗇宮,2021-06-09,3726.0
Orange,三重,2021-06-09,3340.0
Orange,菜寮,2021-06-09,5865.0
Orange,台北橋,2021-06-09,5443.0
Orange,大橋頭站,2021-06-09,6218.0
Orange,中山國小,2021-06-09,8933.0
Orange,行天宮,2021-06-09,14580.0
Orange,東門,2021-06-09,5468.0
Orange,蘆洲,2021-06-09,7490.0
Orange,三民高中,2021-06-09,6933.0
Orange,徐匯中學,2021-06-09,6842.0
Orange,三和國中,2021-06-09,7290.0
Orange,三重國小,2021-06-09,7167.0
Orange,迴龍,2021-06-09,6141.0
Orange,丹鳳,2021-06-09,6031.0
Orange,古亭,2021-06-10,8197.5
Orange,頂溪,2021-06-10,18064.0
Orange,永安市場,2021-06-10,12983.0
Orange,景安,2021-06-10,14023.0
Orange,南勢角,2021-06-10,11615.0
Orange,民權西路,2021-06-10,4955.5
Orange,忠孝新生,2021-06-10,6959.5
Orange,松江南京,2021-06-10,12272.0
Orange,輔大,2021-06-10,4650.0
Orange,新莊,2021-06-10,5737.0
Orange,頭前庄,2021-06-10,2354.5
Orange,先嗇宮,2021-06-10,3786.0
Orange,三重,2021-06-10,3343.0
Orange,菜寮,2021-06-10,5892.0
Orange,台北橋,2021-06-10,5631.0
Orange,大橋頭站,2021-06-10,6290.0
Orange,中山國小,2021-06-10,9113.0
Orange,行天宮,2021-06-10,14746.0
Orange,東門,2021-06-10,5537.5
Orange,蘆洲,2021-06-10,7449.0
Orange,三民高中,2021-06-10,6761.0
Orange,徐匯中學,2021-06-10,6854.0
Orange,三和國中,2021-06-10,7127.0
Orange,三重國小,2021-06-10,7348.0
Orange,迴龍,2021-06-10,6153.0
Orange,丹鳳,2021-06-10,6023.0
Orange,古亭,2021-06-11,8522.5
Orange,頂溪,2021-06-11,18398.0
Orange,永安市場,2021-06-11,13240.0
Orange,景安,2021-06-11,14205.0
Orange,南勢角,2021-06-11,11687.0
Orange,民權西路,2021-06-11,4930.0
Orange,忠孝新生,2021-06-11,7068.5
Orange,松江南京,2021-06-11,12234.5
Orange,輔大,2021-06-11,4646.0
Orange,新莊,2021-06-11,5745.0
Orange,頭前庄,2021-06-11,2412.0
Orange,先嗇宮,2021-06-11,3744.0
Orange,三重,2021-06-11,3429.0
Orange,菜寮,2021-06-11,5915.0
Orange,台北橋,2021-06-11,5707.0
Orange,大橋頭站,2021-06-11,6363.0
Orange,中山國小,2021-06-11,9125.0
Orange,行天宮,2021-06-11,14562.0
Orange,東門,2021-06-11,5909.0
Orange,蘆洲,2021-06-11,7388.0
Orange,三民高中,2021-06-11,6819.0
Orange,徐匯中學,2021-06-11,6966.0
Orange,三和國中,2021-06-11,7253.0
Orange,三重國小,2021-06-11,7272.0
Orange,迴龍,2021-06-11,6112.0
Orange,丹鳳,2021-06-11,6181.0
Orange,古亭,2021-06-12,3763.5
Orange,頂溪,2021-06-12,8984.0
Orange,永安市場,2021-06-12,5484.0
Orange,景安,2021-06-12,5901.0
Orange,南勢角,2021-06-12,5630.0
Orange,民權西路,2021-06-12,1993.5
Orange,忠孝新生,2021-06-12,3102.0
Orange,松江南京,2021-06-12,2785.0
Orange,輔大,2021-06-12,1968.0
Orange,新莊,2021-06-12,2360.0
Orange,頭前庄,2021-06-12,1034.0
Orange,先嗇宮,2021-06-12,1106.0
Orange,三重,2021-06-12,1582.0
Orange,菜寮,2021-06-12,2956.0
Orange,台北橋,2021-06-12,3234.0
Orange,大橋頭站,2021-06-12,2975.0
Orange,中山國小,2021-06-12,4311.0
Orange,行天宮,2021-06-12,4852.0
Orange,東門,2021-06-12,3093.0
Orange,蘆洲,2021-06-12,2995.0
Orange,三民高中,2021-06-12,2972.0
Orange,徐匯中學,2021-06-12,3157.0
Orange,三和國中,2021-06-12,3322.0
Orange,三重國小,2021-06-12,3768.0
Orange,迴龍,2021-06-12,2539.0
Orange,丹鳳,2021-06-12,2579.0
Orange,古亭,2021-06-13,2608.0
Orange,頂溪,2021-06-13,6621.0
Orange,永安市場,2021-06-13,4051.0
Orange,景安,2021-06-13,4452.0
Orange,南勢角,2021-06-13,4258.0
Orange,民權西路,2021-06-13,1457.0
Orange,忠孝新生,2021-06-13,2380.5
Orange,松江南京,2021-06-13,1977.0
Orange,輔大,2021-06-13,1478.0
Orange,新莊,2021-06-13,1779.0
Orange,頭前庄,2021-06-13,800.5
Orange,先嗇宮,2021-06-13,759.0
Orange,三重,2021-06-13,1239.0
Orange,菜寮,2021-06-13,2131.0
Orange,台北橋,2021-06-13,2497.0
Orange,大橋頭站,2021-06-13,2211.0
Orange,中山國小,2021-06-13,3247.0
Orange,行天宮,2021-06-13,3630.0
Orange,東門,2021-06-13,2378.0
Orange,蘆洲,2021-06-13,2318.0
Orange,三民高中,2021-06-13,2224.0
Orange,徐匯中學,2021-06-13,2296.0
Orange,三和國中,2021-06-13,2517.0
Orange,三重國小,2021-06-13,2878.0
Orange,迴龍,2021-06-13,1864.0
Orange,丹鳳,2021-06-13,2006.0
Orange,古亭,2021-06-14,2636.5
Orange,頂溪,2021-06-14,6805.0
Orange,永安市場,2021-06-14,4395.0
Orange,景安,2021-06-14,4773.0
Orange,南勢角,2021-06-14,4468.0
Orange,民權西路,2021-06-14,1424.5
Orange,忠孝新生,2021-06-14,2261.5
Orange,松江南京,2021-06-14,2092.5
Orange,輔大,2021-06-14,1643.0
Orange,新莊,2021-06-14,1909.0
Orange,頭前庄,2021-06-14,827.5
Orange,先嗇宮,2021-06-14,820.0
Orange,三重,2021-06-14,1367.0
Orange,菜寮,2021-06-14,2289.0
Orange,台北橋,2021-06-14,2712.0
Orange,大橋頭站,2021-06-14,2367.0
Orange,中山國小,2021-06-14,3608.0
Orange,行天宮,2021-06-14,3853.0
Orange,東門,2021-06-14,2103.0
Orange,蘆洲,2021-06-14,2478.0
Orange,三民高中,2021-06-14,2290.0
Orange,徐匯中學,2021-06-14,2481.0
Orange,三和國中,2021-06-14,2680.0
Orange,三重國小,2021-06-14,3111.0
Orange,迴龍,2021-06-14,2022.0
Orange,丹鳳,2021-06-14,2072.0
Orange,古亭,2021-06-15,8785.5
Orange,頂溪,2021-06-15,19437.0
Orange,永安市場,2021-06-15,14182.0
Orange,景安,2021-06-15,15162.0
Orange,南勢角,2021-06-15,12452.0
Orange,民權西路,2021-06-15,5359.0
Orange,忠孝新生,2021-06-15,7316.0
Orange,松江南京,2021-06-15,13428.5
Orange,輔大,2021-06-15,4941.0
Orange,新莊,2021-06-15,6230.0
Orange,頭前庄,2021-06-15,2653.5
Orange,先嗇宮,2021-06-15,4060.0
Orange,三重,2021-06-15,3670.0
Orange,菜寮,2021-06-15,6428.0
Orange,台北橋,2021-06-15,5975.0
Orange,大橋頭站,2021-06-15,6662.0
Orange,中山國小,2021-06-15,9663.0
Orange,行天宮,2021-06-15,15944.0
Orange,東門,2021-06-15,5841.0
Orange,蘆洲,2021-06-15,7882.0
Orange,三民高中,2021-06-15,7276.0
Orange,徐匯中學,2021-06-15,7409.0
Orange,三和國中,2021-06-15,7899.0
Orange,三重國小,2021-06-15,7785.0
Orange,迴龍,2021-06-15,6526.0
Orange,丹鳳,2021-06-15,6429.0
Orange,古亭,2021-06-16,8582.0
Orange,頂溪,2021-06-16,19064.0
Orange,永安市場,2021-06-16,14049.0
Orange,景安,2021-06-16,14773.0
Orange,南勢角,2021-06-16,12373.0
Orange,民權西路,2021-06-16,5192.0
Orange,忠孝新生,2021-06-16,7303.0
Orange,松江南京,2021-06-16,13080.5
Orange,輔大,2021-06-16,5003.0
Orange,新莊,2021-06-16,6100.0
Orange,頭前庄,2021-06-16,2566.0
Orange,先嗇宮,2021-06-16,4051.0
Orange,三重,2021-06-16,3606.0
Orange,菜寮,2021-06-16,6209.0
Orange,台北橋,2021-06-16,5946.0
Orange,大橋頭站,2021-06-16,6501.0
Orange,中山國小,2021-06-16,9577.0
Orange,行天宮,2021-06-16,15815.0
Orange,東門,2021-06-16,5837.5
Orange,蘆洲,2021-06-16,7867.0
Orange,三民高中,2021-06-16,7301.0
Orange,徐匯中學,2021-06-16,7277.0
Orange,三和國中,2021-06-16,7719.0
Orange,三重國小,2021-06-16,7633.0
Orange,迴龍,2021-06-16,6524.0
Orange,丹鳳,2021-06-16,6447.0
Orange,古亭,2021-06-17,8691.0
Orange,頂溪,2021-06-17,18889.0
Orange,永安市場,2021-06-17,13908.0
Orange,景安,2021-06-17,14730.0
Orange,南勢角,2021-06-17,12231.0
Orange,民權西路,2021-06-17,5284.5
Orange,忠孝新生,2021-06-17,7344.5
Orange,松江南京,2021-06-17,13072.0
Orange,輔大,2021-06-17,5005.0
Orange,新莊,2021-06-17,6179.0
Orange,頭前庄,2021-06-17,2483.0
Orange,先嗇宮,2021-06-17,4043.0
Orange,三重,2021-06-17,3684.0
Orange,菜寮,2021-06-17,6403.0
Orange,台北橋,2021-06-17,5988.0
Orange,大橋頭站,2021-06-17,6507.0
Orange,中山國小,2021-06-17,9577.0
Orange,行天宮,2021-06-17,15829.0
Orange,東門,2021-06-17,5937.0
Orange,蘆洲,2021-06-17,7824.0
Orange,三民高中,2021-06-17,7269.0
Orange,徐匯中學,2021-06-17,7047.0
Orange,三和國中,2021-06-17,7665.0
Orange,三重國小,2021-06-17,7574.0
Orange,迴龍,2021-06-17,6456.0
Orange,丹鳳,2021-06-17,6467.0
Orange,古亭,2021-06-18,8920.0
Orange,頂溪,2021-06-18,19708.0
Orange,永安市場,2021-06-18,14164.0
Orange,景安,2021-06-18,15187.0
Orange,南勢角,2021-06-18,12578.0
Orange,民權西路,2021-06-18,5179.5
Orange,忠孝新生,2021-06-18,7430.0
Orange,松江南京,2021-06-18,13045.0
Orange,輔大,2021-06-18,4976.0
Orange,新莊,2021-06-18,6073.0
Orange,頭前庄,2021-06-18,2573.5
Orange,先嗇宮,2021-06-18,4028.0
Orange,三重,2021-06-18,3794.0
Orange,菜寮,2021-06-18,6551.0
Orange,台北橋,2021-06-18,6188.0
Orange,大橋頭站,2021-06-18,6895.0
Orange,中山國小,2021-06-18,9678.0
Orange,行天宮,2021-06-18,16040.0
Orange,東門,2021-06-18,6263.5
Orange,蘆洲,2021-06-18,7812.0
Orange,三民高中,2021-06-18,7305.0
Orange,徐匯中學,2021-06-18,7479.0
Orange,三和國中,2021-06-18,7649.0
Orange,三重國小,2021-06-18,7865.0
Orange,迴龍,2021-06-18,6515.0
Orange,丹鳳,2021-06-18,6655.0
Orange,古亭,2021-06-19,4139.0
Orange,頂溪,2021-06-19,9822.0
Orange,永安市場,2021-06-19,6383.0
Orange,景安,2021-06-19,6841.0
Orange,南勢角,2021-06-19,6281.0
Orange,民權西路,2021-06-19,2182.0
Orange,忠孝新生,2021-06-19,3471.0
Orange,松江南京,2021-06-19,3198.0
Orange,輔大,2021-06-19,2270.0
Orange,新莊,2021-06-19,2804.0
Orange,頭前庄,2021-06-19,1112.0
Orange,先嗇宮,2021-06-19,1230.0
Orange,三重,2021-06-19,1854.0
Orange,菜寮,2021-06-19,3452.0
Orange,台北橋,2021-06-19,3761.0
Orange,大橋頭站,2021-06-19,3348.0
Orange,中山國小,2021-06-19,4972.0
Orange,行天宮,2021-06-19,5727.0
Orange,東門,2021-06-19,3428.0
Orange,蘆洲,2021-06-19,3527.0
Orange,三民高中,2021-06-19,3325.0
Orange,徐匯中學,2021-06-19,3360.0
Orange,三和國中,2021-06-19,3613.0
Orange,三重國小,2021-06-19,4162.0
Orange,迴龍,2021-06-19,2814.0
Orange,丹鳳,2021-06-19,3064.0
Orange,古亭,2021-06-20,2921.5
Orange,頂溪,2021-06-20,7434.0
Orange,永安市場,2021-06-20,4718.0
Orange,景安,2021-06-20,5040.0
Orange,南勢角,2021-06-20,4769.0
Orange,民權西路,2021-06-20,1703.5
Orange,忠孝新生,2021-06-20,2667.0
Orange,松江南京,2021-06-20,2107.5
Orange,輔大,2021-06-20,1661.0
Orange,新莊,2021-06-20,2069.0
Orange,頭前庄,2021-06-20,895.5
Orange,先嗇宮,2021-06-20,877.0
Orange,三重,2021-06-20,1420.0
Orange,菜寮,2021-06-20,2387.0
Orange,台北橋,2021-06-20,2850.0
Orange,大橋頭站,2021-06-20,2724.0
Orange,中山國小,2021-06-20,3712.0
Orange,行天宮,2021-06-20,4117.0
Orange,東門,2021-06-20,2618.0
Orange,蘆洲,2021-06-20,2685.0
Orange,三民高中,2021-06-20,2325.0
Orange,徐匯中學,2021-06-20,2556.0
Orange,三和國中,2021-06-20,2760.0
Orange,三重國小,2021-06-20,3341.0
Orange,迴龍,2021-06-20,2149.0
Orange,丹鳳,2021-06-20,2273.0
Orange,古亭,2021-06-21,8975.5
Orange,頂溪,2021-06-21,20164.0
Orange,永安市場,2021-06-21,14344.0
Orange,景安,2021-06-21,15712.0
Orange,南勢角,2021-06-21,12867.0
Orange,民權西路,2021-06-21,5504.0
Orange,忠孝新生,2021-06-21,7427.0
Orange,松江南京,2021-06-21,13612.0
Orange,輔大,2021-06-21,4979.0
Orange,新莊,2021-06-21,6459.0
Orange,頭前庄,2021-06-21,2530.5
Orange,先嗇宮,2021-06-21,4193.0
Orange,三重,2021-06-21,3718.0
Orange,菜寮,2021-06-21,6460.0
Orange,台北橋,2021-06-21,6237.0
Orange,大橋頭站,2021-06-21,7016.0
Orange,中山國小,2021-06-21,10105.0
Orange,行天宮,2021-06-21,16371.0
Orange,東門,2021-06-21,5796.0
Orange,蘆洲,2021-06-21,8043.0
Orange,三民高中,2021-06-21,7643.0
Orange,徐匯中學,2021-06-21,7505.0
Orange,三和國中,2021-06-21,7908.0
Orange,三重國小,2021-06-21,8000.0
Orange,迴龍,2021-06-21,6731.0
Orange,丹鳳,2021-06-21,6681.0
Orange,古亭,2021-06-22,9526.5
Orange,頂溪,2021-06-22,21039.0
Orange,永安市場,2021-06-22,14686.0
Orange,景安,2021-06-22,15996.0
Orange,南勢角,2021-06-22,13104.0
Orange,民權西路,2021-06-22,5510.5
Orange,忠孝新生,2021-06-22,7727.5
Orange,松江南京,2021-06-22,14081.5
Orange,輔大,2021-06-22,5128.0
Orange,新莊,2021-06-22,6297.0
Orange,頭前庄,2021-06-22,2669.5
Orange,先嗇宮,2021-06-22,4184.0
Orange,三重,2021-06-22,3760.0
Orange,菜寮,2021-06-22,6623.0
Orange,台北橋,2021-06-22,6282.0
Orange,大橋頭站,2021-06-22,7128.0
Orange,中山國小,2021-06-22,10251.0
Orange,行天宮,2021-06-22,16875.0
Orange,東門,2021-06-22,6237.5
Orange,蘆洲,2021-06-22,8317.0
Orange,三民高中,2021-06-22,7446.0
Orange,徐匯中學,2021-06-22,7725.0
Orange,三和國中,2021-06-22,8225.0
Orange,三重國小,2021-06-22,8408.0
Orange,迴龍,2021-06-22,6796.0
Orange,丹鳳,2021-06-22,6720.0
Orange,古亭,2021-06-23,9340.0
Orange,頂溪,2021-06-23,20781.0
Orange,永安市場,2021-06-23,14669.0
Orange,景安,2021-06-23,16265.0
Orange,南勢角,2021-06-23,12968.0
Orange,民權西路,2021-06-23,5622.0
Orange,忠孝新生,2021-06-23,7725.5
Orange,松江南京,2021-06-23,14042.0
Orange,輔大,2021-06-23,5209.0
Orange,新莊,2021-06-23,6303.0
Orange,頭前庄,2021-06-23,2612.5
Orange,先嗇宮,2021-06-23,4232.0
Orange,三重,2021-06-23,3752.0
Orange,菜寮,2021-06-23,6649.0
Orange,台北橋,2021-06-23,6395.0
Orange,大橋頭站,2021-06-23,7248.0
Orange,中山國小,2021-06-23,10281.0
Orange,行天宮,2021-06-23,17040.0
Orange,東門,2021-06-23,6303.5
Orange,蘆洲,2021-06-23,8335.0
Orange,三民高中,2021-06-23,7561.0
Orange,徐匯中學,2021-06-23,7672.0
Orange,三和國中,2021-06-23,8226.0
Orange,三重國小,2021-06-23,8289.0
Orange,迴龍,2021-06-23,6850.0
Orange,丹鳳,2021-06-23,6751.0
Orange,古亭,2021-06-24,9245.5
Orange,頂溪,2021-06-24,20489.0
Orange,永安市場,2021-06-24,14772.0
Orange,景安,2021-06-24,15685.0
Orange,南勢角,2021-06-24,13181.0
Orange,民權西路,2021-06-24,5608.0
Orange,忠孝新生,2021-06-24,7800.0
Orange,松江南京,2021-06-24,13988.0
Orange,輔大,2021-06-24,5107.0
Orange,新莊,2021-06-24,6366.0
Orange,頭前庄,2021-06-24,2568.5
Orange,先嗇宮,2021-06-24,4118.0
Orange,三重,2021-06-24,3835.0
Orange,菜寮,2021-06-24,6697.0
Orange,台北橋,2021-06-24,6412.0
Orange,大橋頭站,2021-06-24,7236.0
Orange,中山國小,2021-06-24,10037.0
Orange,行天宮,2021-06-24,17181.0
Orange,東門,2021-06-24,6263.5
Orange,蘆洲,2021-06-24,8347.0
Orange,三民高中,2021-06-24,7604.0
Orange,徐匯中學,2021-06-24,7702.0
Orange,三和國中,2021-06-24,8046.0
Orange,三重國小,2021-06-24,8183.0
Orange,迴龍,2021-06-24,6816.0
Orange,丹鳳,2021-06-24,6820.0
Orange,古亭,2021-06-25,9891.0
Orange,頂溪,2021-06-25,21383.0
Orange,永安市場,2021-06-25,15364.0
Orange,景安,2021-06-25,16170.0
Orange,南勢角,2021-06-25,13393.0
Orange,民權西路,2021-06-25,5810.5
Orange,忠孝新生,2021-06-25,8198.0
Orange,松江南京,2021-06-25,14216.0
Orange,輔大,2021-06-25,5485.0
Orange,新莊,2021-06-25,6714.0
Orange,頭前庄,2021-06-25,2673.0
Orange,先嗇宮,2021-06-25,4173.0
Orange,三重,2021-06-25,3999.0
Orange,菜寮,2021-06-25,6751.0
Orange,台北橋,2021-06-25,6777.0
Orange,大橋頭站,2021-06-25,7626.0
Orange,中山國小,2021-06-25,10551.0
Orange,行天宮,2021-06-25,17217.0
Orange,東門,2021-06-25,6801.5
Orange,蘆洲,2021-06-25,8561.0
Orange,三民高中,2021-06-25,7997.0
Orange,徐匯中學,2021-06-25,8050.0
Orange,三和國中,2021-06-25,8189.0
Orange,三重國小,2021-06-25,8453.0
Orange,迴龍,2021-06-25,6982.0
Orange,丹鳳,2021-06-25,6922.0
Orange,古亭,2021-06-26,4788.5
Orange,頂溪,2021-06-26,11109.0
Orange,永安市場,2021-06-26,7060.0
Orange,景安,2021-06-26,7462.0
Orange,南勢角,2021-06-26,6926.0
Orange,民權西路,2021-06-26,2323.5
Orange,忠孝新生,2021-06-26,4033.5
Orange,松江南京,2021-06-26,3436.0
Orange,輔大,2021-06-26,2596.0
Orange,新莊,2021-06-26,3209.0
Orange,頭前庄,2021-06-26,1427.5
Orange,先嗇宮,2021-06-26,1284.0
Orange,三重,2021-06-26,2096.0
Orange,菜寮,2021-06-26,3547.0
Orange,台北橋,2021-06-26,4066.0
Orange,大橋頭站,2021-06-26,3987.0
Orange,中山國小,2021-06-26,5287.0
Orange,行天宮,2021-06-26,6141.0
Orange,東門,2021-06-26,3886.0
Orange,蘆洲,2021-06-26,3748.0
Orange,三民高中,2021-06-26,3616.0
Orange,徐匯中學,2021-06-26,3703.0
Orange,三和國中,2021-06-26,4026.0
Orange,三重國小,2021-06-26,4518.0
Orange,迴龍,2021-06-26,3011.0
Orange,丹鳳,2021-06-26,3336.0
Orange,古亭,2021-06-27,3179.5
Orange,頂溪,2021-06-27,8277.0
Orange,永安市場,2021-06-27,5192.0
Orange,景安,2021-06-27,5577.0
Orange,南勢角,2021-06-27,5278.0
Orange,民權西路,2021-06-27,1783.0
Orange,忠孝新生,2021-06-27,2837.5
Orange,松江南京,2021-06-27,2316.5
Orange,輔大,2021-06-27,1888.0
Orange,新莊,2021-06-27,2361.0
Orange,頭前庄,2021-06-27,1086.5
Orange,先嗇宮,2021-06-27,888.0
Orange,三重,2021-06-27,1524.0
Orange,菜寮,2021-06-27,2666.0
Orange,台北橋,2021-06-27,3041.0
Orange,大橋頭站,2021-06-27,2961.0
Orange,中山國小,2021-06-27,4048.0
Orange,行天宮,2021-06-27,4559.0
Orange,東門,2021-06-27,2761.0
Orange,蘆洲,2021-06-27,2751.0
Orange,三民高中,2021-06-27,2593.0
Orange,徐匯中學,2021-06-27,2868.0
Orange,三和國中,2021-06-27,3011.0
Orange,三重國小,2021-06-27,3556.0
Orange,迴龍,2021-06-27,2269.0
Orange,丹鳳,2021-06-27,2414.0
Orange,古亭,2021-06-28,9708.0
Orange,頂溪,2021-06-28,21448.0
Orange,永安市場,2021-06-28,15535.0
Orange,景安,2021-06-28,16872.0
Orange,南勢角,2021-06-28,13611.0
Orange,民權西路,2021-06-28,5851.0
Orange,忠孝新生,2021-06-28,7971.0
Orange,松江南京,2021-06-28,14759.0
Orange,輔大,2021-06-28,5560.0
Orange,新莊,2021-06-28,6856.0
Orange,頭前庄,2021-06-28,2760.5
Orange,先嗇宮,2021-06-28,4296.0
Orange,三重,2021-06-28,3958.0
Orange,菜寮,2021-06-28,6855.0
Orange,台北橋,2021-06-28,6721.0
Orange,大橋頭站,2021-06-28,7422.0
Orange,中山國小,2021-06-28,10683.0
Orange,行天宮,2021-06-28,17703.0
Orange,東門,2021-06-28,6209.5
Orange,蘆洲,2021-06-28,8776.0
Orange,三民高中,2021-06-28,7903.0
Orange,徐匯中學,2021-06-28,8128.0
Orange,三和國中,2021-06-28,8449.0
Orange,三重國小,2021-06-28,8542.0
Orange,迴龍,2021-06-28,7245.0
Orange,丹鳳,2021-06-28,7005.0
Orange,古亭,2021-06-29,9892.5
Orange,頂溪,2021-06-29,21806.0
Orange,永安市場,2021-06-29,15824.0
Orange,景安,2021-06-29,16864.0
Orange,南勢角,2021-06-29,13922.0
Orange,民權西路,2021-06-29,5973.5
Orange,忠孝新生,2021-06-29,8189.0
Orange,松江南京,2021-06-29,14799.5
Orange,輔大,2021-06-29,5585.0
Orange,新莊,2021-06-29,7021.0
Orange,頭前庄,2021-06-29,2864.0
Orange,先嗇宮,2021-06-29,4330.0
Orange,三重,2021-06-29,4144.0
Orange,菜寮,2021-06-29,7101.0
Orange,台北橋,2021-06-29,6861.0
Orange,大橋頭站,2021-06-29,7725.0
Orange,中山國小,2021-06-29,10726.0
Orange,行天宮,2021-06-29,18183.0
Orange,東門,2021-06-29,6683.0
Orange,蘆洲,2021-06-29,8769.0
Orange,三民高中,2021-06-29,7977.0
Orange,徐匯中學,2021-06-29,8198.0
Orange,三和國中,2021-06-29,8514.0
Orange,三重國小,2021-06-29,8744.0
Orange,迴龍,2021-06-29,7318.0
Orange,丹鳳,2021-06-29,7183.0
Orange,古亭,2021-06-30,10065.0
Orange,頂溪,2021-06-30,22279.0
Orange,永安市場,2021-06-30,16137.0
Orange,景安,2021-06-30,17350.0
Orange,南勢角,2021-06-30,14155.0
Orange,民權西路,2021-06-30,6114.5
Orange,忠孝新生,2021-06-30,8527.5
Orange,松江南京,2021-06-30,15157.0
Orange,輔大,2021-06-30,5624.0
Orange,新莊,2021-06-30,7126.0
Orange,頭前庄,2021-06-30,3000.5
Orange,先嗇宮,2021-06-30,4242.0
Orange,三重,2021-06-30,4192.0
Orange,菜寮,2021-06-30,7179.0
Orange,台北橋,2021-06-30,7078.0
Orange,大橋頭站,2021-06-30,7652.0
Orange,中山國小,2021-06-30,11008.0
Orange,行天宮,2021-06-30,18352.0
Orange,東門,2021-06-30,6607.5
Orange,蘆洲,2021-06-30,8965.0
Orange,三民高中,2021-06-30,8358.0
Orange,徐匯中學,2021-06-30,8428.0
Orange,三和國中,2021-06-30,8694.0
Orange,三重國小,2021-06-30,8650.0
Orange,迴龍,2021-06-30,7586.0
Orange,丹鳳,2021-06-30,7341.0
Orange,古亭,2021-07-01,10052.0
Orange,頂溪,2021-07-01,22325.0
Orange,永安市場,2021-07-01,16034.0
Orange,景安,2021-07-01,17190.0
Orange,南勢角,2021-07-01,14260.0
Orange,民權西路,2021-07-01,6208.5
Orange,忠孝新生,2021-07-01,8338.0
Orange,松江南京,2021-07-01,15225.5
Orange,輔大,2021-07-01,5588.0
Orange,新莊,2021-07-01,7094.0
Orange,頭前庄,2021-07-01,2840.5
Orange,先嗇宮,2021-07-01,4264.0
Orange,三重,2021-07-01,4251.0
Orange,菜寮,2021-07-01,7194.0
Orange,台北橋,2021-07-01,7015.0
Orange,大橋頭站,2021-07-01,7615.0
Orange,中山國小,2021-07-01,10882.0
Orange,行天宮,2021-07-01,18344.0
Orange,東門,2021-07-01,6855.0
Orange,蘆洲,2021-07-01,8942.0
Orange,三民高中,2021-07-01,8361.0
Orange,徐匯中學,2021-07-01,8349.0
Orange,三和國中,2021-07-01,8599.0
Orange,三重國小,2021-07-01,8938.0
Orange,迴龍,2021-07-01,7319.0
Orange,丹鳳,2021-07-01,7364.0
Orange,古亭,2021-07-02,10428.5
Orange,頂溪,2021-07-02,22759.0
Orange,永安市場,2021-07-02,16208.0
Orange,景安,2021-07-02,17609.0
Orange,南勢角,2021-07-02,14321.0
Orange,民權西路,2021-07-02,6149.0
Orange,忠孝新生,2021-07-02,8642.5
Orange,松江南京,2021-07-02,14950.0
Orange,輔大,2021-07-02,5668.0
Orange,新莊,2021-07-02,7141.0
Orange,頭前庄,2021-07-02,2836.5
Orange,先嗇宮,2021-07-02,4118.0
Orange,三重,2021-07-02,4374.0
Orange,菜寮,2021-07-02,7417.0
Orange,台北橋,2021-07-02,7198.0
Orange,大橋頭站,2021-07-02,7867.0
Orange,中山國小,2021-07-02,11139.0
Orange,行天宮,2021-07-02,18202.0
Orange,東門,2021-07-02,7014.5
Orange,蘆洲,2021-07-02,8940.0
Orange,三民高中,2021-07-02,8307.0
Orange,徐匯中學,2021-07-02,8530.0
Orange,三和國中,2021-07-02,8697.0
Orange,三重國小,2021-07-02,8795.0
Orange,迴龍,2021-07-02,7515.0
Orange,丹鳳,2021-07-02,7286.0
Orange,古亭,2021-07-03,4668.0
Orange,頂溪,2021-07-03,11634.0
Orange,永安市場,2021-07-03,7591.0
Orange,景安,2021-07-03,8163.0
Orange,南勢角,2021-07-03,7429.0
Orange,民權西路,2021-07-03,2518.5
Orange,忠孝新生,2021-07-03,4301.5
Orange,松江南京,2021-07-03,3656.0
Orange,輔大,2021-07-03,2667.0
Orange,新莊,2021-07-03,3310.0
Orange,頭前庄,2021-07-03,1473.0
Orange,先嗇宮,2021-07-03,1287.0
Orange,三重,2021-07-03,2073.0
Orange,菜寮,2021-07-03,3652.0
Orange,台北橋,2021-07-03,4412.0
Orange,大橋頭站,2021-07-03,4048.0
Orange,中山國小,2021-07-03,5825.0
Orange,行天宮,2021-07-03,6564.0
Orange,東門,2021-07-03,4106.5
Orange,蘆洲,2021-07-03,4004.0
Orange,三民高中,2021-07-03,3837.0
Orange,徐匯中學,2021-07-03,4030.0
Orange,三和國中,2021-07-03,4269.0
Orange,三重國小,2021-07-03,4805.0
Orange,迴龍,2021-07-03,3417.0
Orange,丹鳳,2021-07-03,3549.0
Orange,古亭,2021-07-04,3365.0
Orange,頂溪,2021-07-04,8759.0
Orange,永安市場,2021-07-04,5641.0
Orange,景安,2021-07-04,5948.0
Orange,南勢角,2021-07-04,5499.0
Orange,民權西路,2021-07-04,1907.5
Orange,忠孝新生,2021-07-04,3108.0
Orange,松江南京,2021-07-04,2400.0
Orange,輔大,2021-07-04,1990.0
Orange,新莊,2021-07-04,2484.0
Orange,頭前庄,2021-07-04,1159.0
Orange,先嗇宮,2021-07-04,1037.0
Orange,三重,2021-07-04,1720.0
Orange,菜寮,2021-07-04,2849.0
Orange,台北橋,2021-07-04,3398.0
Orange,大橋頭站,2021-07-04,3139.0
Orange,中山國小,2021-07-04,4360.0
Orange,行天宮,2021-07-04,4865.0
Orange,東門,2021-07-04,2816.0
Orange,蘆洲,2021-07-04,2990.0
Orange,三民高中,2021-07-04,2714.0
Orange,徐匯中學,2021-07-04,3052.0
Orange,三和國中,2021-07-04,3270.0
Orange,三重國小,2021-07-04,3721.0
Orange,迴龍,2021-07-04,2410.0
Orange,丹鳳,2021-07-04,2670.0
Orange,古亭,2021-07-05,10005.0
Orange,頂溪,2021-07-05,23100.0
Orange,永安市場,2021-07-05,16565.0
Orange,景安,2021-07-05,18085.0
Orange,南勢角,2021-07-05,14635.0
Orange,民權西路,2021-07-05,6359.5
Orange,忠孝新生,2021-07-05,8692.0
Orange,松江南京,2021-07-05,15726.0
Orange,輔大,2021-07-05,5826.0
Orange,新莊,2021-07-05,7305.0
Orange,頭前庄,2021-07-05,2998.0
Orange,先嗇宮,2021-07-05,4548.0
Orange,三重,2021-07-05,4411.0
Orange,菜寮,2021-07-05,7519.0
Orange,台北橋,2021-07-05,7258.0
Orange,大橋頭站,2021-07-05,8100.0
Orange,中山國小,2021-07-05,11555.0
Orange,行天宮,2021-07-05,18910.0
Orange,東門,2021-07-05,6654.0
Orange,蘆洲,2021-07-05,9385.0
Orange,三民高中,2021-07-05,8563.0
Orange,徐匯中學,2021-07-05,8809.0
Orange,三和國中,2021-07-05,9023.0
Orange,三重國小,2021-07-05,9293.0
Orange,迴龍,2021-07-05,7792.0
Orange,丹鳳,2021-07-05,7692.0
Orange,古亭,2021-07-06,10291.0
Orange,頂溪,2021-07-06,23277.0
Orange,永安市場,2021-07-06,16864.0
Orange,景安,2021-07-06,18043.0
Orange,南勢角,2021-07-06,14633.0
Orange,民權西路,2021-07-06,6295.0
Orange,忠孝新生,2021-07-06,8764.0
Orange,松江南京,2021-07-06,15896.5
Orange,輔大,2021-07-06,6006.0
Orange,新莊,2021-07-06,7219.0
Orange,頭前庄,2021-07-06,3041.5
Orange,先嗇宮,2021-07-06,4423.0
Orange,三重,2021-07-06,4452.0
Orange,菜寮,2021-07-06,7483.0
Orange,台北橋,2021-07-06,7206.0
Orange,大橋頭站,2021-07-06,8046.0
Orange,中山國小,2021-07-06,11397.0
Orange,行天宮,2021-07-06,18878.0
Orange,東門,2021-07-06,6768.0
Orange,蘆洲,2021-07-06,9615.0
Orange,三民高中,2021-07-06,8643.0
Orange,徐匯中學,2021-07-06,8958.0
Orange,三和國中,2021-07-06,9269.0
Orange,三重國小,2021-07-06,9232.0
Orange,迴龍,2021-07-06,7915.0
Orange,丹鳳,2021-07-06,7686.0
Orange,古亭,2021-07-07,10330.0
Orange,頂溪,2021-07-07,23324.0
Orange,永安市場,2021-07-07,16746.0
Orange,景安,2021-07-07,18494.0
Orange,南勢角,2021-07-07,15155.0
Orange,民權西路,2021-07-07,6352.0
Orange,忠孝新生,2021-07-07,8802.0
Orange,松江南京,2021-07-07,15703.5
Orange,輔大,2021-07-07,5838.0
Orange,新莊,2021-07-07,7365.0
Orange,頭前庄,2021-07-07,2996.0
Orange,先嗇宮,2021-07-07,4336.0
Orange,三重,2021-07-07,4524.0
Orange,菜寮,2021-07-07,7594.0
Orange,台北橋,2021-07-07,7296.0
Orange,大橋頭站,2021-07-07,8040.0
Orange,中山國小,2021-07-07,11373.0
Orange,行天宮,2021-07-07,19021.0
Orange,東門,2021-07-07,6824.5
Orange,蘆洲,2021-07-07,9503.0
Orange,三民高中,2021-07-07,8821.0
Orange,徐匯中學,2021-07-07,8842.0
Orange,三和國中,2021-07-07,9297.0
Orange,三重國小,2021-07-07,9201.0
Orange,迴龍,2021-07-07,7894.0
Orange,丹鳳,2021-07-07,7635.0
Orange,古亭,2021-07-08,10296.0
Orange,頂溪,2021-07-08,23450.0
Orange,永安市場,2021-07-08,16678.0
Orange,景安,2021-07-08,17998.0
Orange,南勢角,2021-07-08,14787.0
Orange,民權西路,2021-07-08,6246.5
Orange,忠孝新生,2021-07-08,8929.5
Orange,松江南京,2021-07-08,15553.5
Orange,輔大,2021-07-08,5936.0
Orange,新莊,2021-07-08,7349.0
Orange,頭前庄,2021-07-08,3021.5
Orange,先嗇宮,2021-07-08,4367.0
Orange,三重,2021-07-08,4441.0
Orange,菜寮,2021-07-08,7566.0
Orange,台北橋,2021-07-08,7361.0
Orange,大橋頭站,2021-07-08,8036.0
Orange,中山國小,2021-07-08,11449.0
Orange,行天宮,2021-07-08,18782.0
Orange,東門,2021-07-08,6920.0
Orange,蘆洲,2021-07-08,9477.0
Orange,三民高中,2021-07-08,8598.0
Orange,徐匯中學,2021-07-08,8818.0
Orange,三和國中,2021-07-08,9074.0
Orange,三重國小,2021-07-08,9213.0
Orange,迴龍,2021-07-08,7803.0
Orange,丹鳳,2021-07-08,7646.0
Orange,古亭,2021-07-09,10599.0
Orange,頂溪,2021-07-09,23995.0
Orange,永安市場,2021-07-09,16920.0
Orange,景安,2021-07-09,18768.0
Orange,南勢角,2021-07-09,15315.0
Orange,民權西路,2021-07-09,6551.0
Orange,忠孝新生,2021-07-09,9027.5
Orange,松江南京,2021-07-09,15668.5
Orange,輔大,2021-07-09,5838.0
Orange,新莊,2021-07-09,7539.0
Orange,頭前庄,2021-07-09,2977.0
Orange,先嗇宮,2021-07-09,4369.0
Orange,三重,2021-07-09,4630.0
Orange,菜寮,2021-07-09,7743.0
Orange,台北橋,2021-07-09,7841.0
Orange,大橋頭站,2021-07-09,8384.0
Orange,中山國小,2021-07-09,11804.0
Orange,行天宮,2021-07-09,19119.0
Orange,東門,2021-07-09,7277.5
Orange,蘆洲,2021-07-09,9679.0
Orange,三民高中,2021-07-09,8808.0
Orange,徐匯中學,2021-07-09,8937.0
Orange,三和國中,2021-07-09,9315.0
Orange,三重國小,2021-07-09,9445.0
Orange,迴龍,2021-07-09,7957.0
Orange,丹鳳,2021-07-09,7873.0
Orange,古亭,2021-07-10,5413.0
Orange,頂溪,2021-07-10,13306.0
Orange,永安市場,2021-07-10,8457.0
Orange,景安,2021-07-10,8919.0
Orange,南勢角,2021-07-10,7901.0
Orange,民權西路,2021-07-10,2807.0
Orange,忠孝新生,2021-07-10,4723.0
Orange,松江南京,2021-07-10,3964.5
Orange,輔大,2021-07-10,2953.0
Orange,新莊,2021-07-10,3637.0
Orange,頭前庄,2021-07-10,1613.0
Orange,先嗇宮,2021-07-10,1394.0
Orange,三重,2021-07-10,2663.0
Orange,菜寮,2021-07-10,4044.0
Orange,台北橋,2021-07-10,4854.0
Orange,大橋頭站,2021-07-10,4586.0
Orange,中山國小,2021-07-10,6463.0
Orange,行天宮,2021-07-10,7413.0
Orange,東門,2021-07-10,4234.0
Orange,蘆洲,2021-07-10,4582.0
Orange,三民高中,2021-07-10,4210.0
Orange,徐匯中學,2021-07-10,4617.0
Orange,三和國中,2021-07-10,4805.0
Orange,三重國小,2021-07-10,5399.0
Orange,迴龍,2021-07-10,3650.0
Orange,丹鳳,2021-07-10,3893.0
Orange,古亭,2021-07-11,3700.5
Orange,頂溪,2021-07-11,10002.0
Orange,永安市場,2021-07-11,6448.0
Orange,景安,2021-07-11,6711.0
Orange,南勢角,2021-07-11,6261.0
Orange,民權西路,2021-07-11,2206.5
Orange,忠孝新生,2021-07-11,3496.0
Orange,松江南京,2021-07-11,2607.0
Orange,輔大,2021-07-11,2209.0
Orange,新莊,2021-07-11,2755.0
Orange,頭前庄,2021-07-11,1270.5
Orange,先嗇宮,2021-07-11,1122.0
Orange,三重,2021-07-11,2018.0
Orange,菜寮,2021-07-11,3040.0
Orange,台北橋,2021-07-11,3796.0
Orange,大橋頭站,2021-07-11,3626.0
Orange,中山國小,2021-07-11,4862.0
Orange,行天宮,2021-07-11,5507.0
Orange,東門,2021-07-11,3155.5
Orange,蘆洲,2021-07-11,3298.0
Orange,三民高中,2021-07-11,3047.0
Orange,徐匯中學,2021-07-11,3412.0
Orange,三和國中,2021-07-11,3613.0
Orange,三重國小,2021-07-11,4147.0
Orange,迴龍,2021-07-11,2878.0
Orange,丹鳳,2021-07-11,2981.0
Orange,古亭,2021-07-12,10935.0
Orange,頂溪,2021-07-12,24606.0
Orange,永安市場,2021-07-12,17912.0
Orange,景安,2021-07-12,19368.0
Orange,南勢角,2021-07-12,15760.0
Orange,民權西路,2021-07-12,6804.0
Orange,忠孝新生,2021-07-12,9218.5
Orange,松江南京,2021-07-12,16711.0
Orange,輔大,2021-07-12,6424.0
Orange,新莊,2021-07-12,7739.0
Orange,頭前庄,2021-07-12,3052.5
Orange,先嗇宮,2021-07-12,4818.0
Orange,三重,2021-07-12,4911.0
Orange,菜寮,2021-07-12,8045.0
Orange,台北橋,2021-07-12,7796.0
Orange,大橋頭站,2021-07-12,8320.0
Orange,中山國小,2021-07-12,12075.0
Orange,行天宮,2021-07-12,20026.0
Orange,東門,2021-07-12,6896.5
Orange,蘆洲,2021-07-12,10039.0
Orange,三民高中,2021-07-12,9132.0
Orange,徐匯中學,2021-07-12,9322.0
Orange,三和國中,2021-07-12,9727.0
Orange,三重國小,2021-07-12,9687.0
Orange,迴龍,2021-07-12,8247.0
Orange,丹鳳,2021-07-12,8135.0
Orange,古亭,2021-07-13,11352.5
Orange,頂溪,2021-07-13,25937.0
Orange,永安市場,2021-07-13,18724.0
Orange,景安,2021-07-13,20382.0
Orange,南勢角,2021-07-13,16330.0
Orange,民權西路,2021-07-13,7232.5
Orange,忠孝新生,2021-07-13,9784.5
Orange,松江南京,2021-07-13,17692.0
Orange,輔大,2021-07-13,6804.0
Orange,新莊,2021-07-13,8259.0
Orange,頭前庄,2021-07-13,3233.5
Orange,先嗇宮,2021-07-13,4948.0
Orange,三重,2021-07-13,4944.0
Orange,菜寮,2021-07-13,8641.0
Orange,台北橋,2021-07-13,8126.0
Orange,大橋頭站,2021-07-13,8887.0
Orange,中山國小,2021-07-13,12791.0
Orange,行天宮,2021-07-13,21236.0
Orange,東門,2021-07-13,7620.0
Orange,蘆洲,2021-07-13,10799.0
Orange,三民高中,2021-07-13,9490.0
Orange,徐匯中學,2021-07-13,9712.0
Orange,三和國中,2021-07-13,10142.0
Orange,三重國小,2021-07-13,10182.0
Orange,迴龍,2021-07-13,8609.0
Orange,丹鳳,2021-07-13,8453.0
Orange,古亭,2021-07-14,11564.0
Orange,頂溪,2021-07-14,26350.0
Orange,永安市場,2021-07-14,18981.0
Orange,景安,2021-07-14,20838.0
Orange,南勢角,2021-07-14,16640.0
Orange,民權西路,2021-07-14,7243.0
Orange,忠孝新生,2021-07-14,9819.5
Orange,松江南京,2021-07-14,17798.5
Orange,輔大,2021-07-14,6904.0
Orange,新莊,2021-07-14,8279.0
Orange,頭前庄,2021-07-14,3388.0
Orange,先嗇宮,2021-07-14,4968.0
Orange,三重,2021-07-14,5161.0
Orange,菜寮,2021-07-14,8634.0
Orange,台北橋,2021-07-14,8032.0
Orange,大橋頭站,2021-07-14,8962.0
Orange,中山國小,2021-07-14,13219.0
Orange,行天宮,2021-07-14,21390.0
Orange,東門,2021-07-14,7493.5
Orange,蘆洲,2021-07-14,10908.0
Orange,三民高中,2021-07-14,9662.0
Orange,徐匯中學,2021-07-14,9912.0
Orange,三和國中,2021-07-14,10294.0
Orange,三重國小,2021-07-14,10422.0
Orange,迴龍,2021-07-14,8758.0
Orange,丹鳳,2021-07-14,8461.0
Orange,古亭,2021-07-15,11407.5
Orange,頂溪,2021-07-15,26428.0
Orange,永安市場,2021-07-15,18999.0
Orange,景安,2021-07-15,20512.0
Orange,南勢角,2021-07-15,16639.0
Orange,民權西路,2021-07-15,7303.0
Orange,忠孝新生,2021-07-15,9801.5
Orange,松江南京,2021-07-15,17954.5
Orange,輔大,2021-07-15,6862.0
Orange,新莊,2021-07-15,8323.0
Orange,頭前庄,2021-07-15,3319.5
Orange,先嗇宮,2021-07-15,4951.0
Orange,三重,2021-07-15,5094.0
Orange,菜寮,2021-07-15,8537.0
Orange,台北橋,2021-07-15,8032.0
Orange,大橋頭站,2021-07-15,9165.0
Orange,中山國小,2021-07-15,13000.0
Orange,行天宮,2021-07-15,21468.0
Orange,東門,2021-07-15,7654.0
Orange,蘆洲,2021-07-15,10717.0
Orange,三民高中,2021-07-15,9494.0
Orange,徐匯中學,2021-07-15,9677.0
Orange,三和國中,2021-07-15,10259.0
Orange,三重國小,2021-07-15,10086.0
Orange,迴龍,2021-07-15,8716.0
Orange,丹鳳,2021-07-15,8307.0
Orange,古亭,2021-07-16,11586.0
Orange,頂溪,2021-07-16,26881.0
Orange,永安市場,2021-07-16,19172.0
Orange,景安,2021-07-16,20691.0
Orange,南勢角,2021-07-16,16685.0
Orange,民權西路,2021-07-16,7123.0
Orange,忠孝新生,2021-07-16,9784.5
Orange,松江南京,2021-07-16,17213.0
Orange,輔大,2021-07-16,6609.0
Orange,新莊,2021-07-16,8357.0
Orange,頭前庄,2021-07-16,3345.0
Orange,先嗇宮,2021-07-16,4888.0
Orange,三重,2021-07-16,5169.0
Orange,菜寮,2021-07-16,8412.0
Orange,台北橋,2021-07-16,8411.0
Orange,大橋頭站,2021-07-16,9347.0
Orange,中山國小,2021-07-16,12769.0
Orange,行天宮,2021-07-16,21338.0
Orange,東門,2021-07-16,7804.5
Orange,蘆洲,2021-07-16,10808.0
Orange,三民高中,2021-07-16,9732.0
Orange,徐匯中學,2021-07-16,9954.0
Orange,三和國中,2021-07-16,10217.0
Orange,三重國小,2021-07-16,10334.0
Orange,迴龍,2021-07-16,8755.0
Orange,丹鳳,2021-07-16,8406.0
Orange,古亭,2021-07-17,6219.5
Orange,頂溪,2021-07-17,14995.0
Orange,永安市場,2021-07-17,10023.0
Orange,景安,2021-07-17,10140.0
Orange,南勢角,2021-07-17,9184.0
Orange,民權西路,2021-07-17,3043.0
Orange,忠孝新生,2021-07-17,5266.0
Orange,松江南京,2021-07-17,4486.5
Orange,輔大,2021-07-17,3348.0
Orange,新莊,2021-07-17,4110.0
Orange,頭前庄,2021-07-17,1884.5
Orange,先嗇宮,2021-07-17,1583.0
Orange,三重,2021-07-17,2875.0
Orange,菜寮,2021-07-17,4758.0
Orange,台北橋,2021-07-17,5365.0
Orange,大橋頭站,2021-07-17,5133.0
Orange,中山國小,2021-07-17,6795.0
Orange,行天宮,2021-07-17,8316.0
Orange,東門,2021-07-17,4764.5
Orange,蘆洲,2021-07-17,4988.0
Orange,三民高中,2021-07-17,4654.0
Orange,徐匯中學,2021-07-17,4931.0
Orange,三和國中,2021-07-17,5211.0
Orange,三重國小,2021-07-17,6082.0
Orange,迴龍,2021-07-17,4237.0
Orange,丹鳳,2021-07-17,4242.0
Orange,古亭,2021-07-18,4377.0
Orange,頂溪,2021-07-18,11596.0
Orange,永安市場,2021-07-18,7507.0
Orange,景安,2021-07-18,7585.0
Orange,南勢角,2021-07-18,7151.0
Orange,民權西路,2021-07-18,2652.0
Orange,忠孝新生,2021-07-18,3876.5
Orange,松江南京,2021-07-18,3106.0
Orange,輔大,2021-07-18,2712.0
Orange,新莊,2021-07-18,3150.0
Orange,頭前庄,2021-07-18,1444.0
Orange,先嗇宮,2021-07-18,1271.0
Orange,三重,2021-07-18,2382.0
Orange,菜寮,2021-07-18,3368.0
Orange,台北橋,2021-07-18,4268.0
Orange,大橋頭站,2021-07-18,4240.0
Orange,中山國小,2021-07-18,5285.0
Orange,行天宮,2021-07-18,6518.0
Orange,東門,2021-07-18,3559.0
Orange,蘆洲,2021-07-18,3859.0
Orange,三民高中,2021-07-18,3570.0
Orange,徐匯中學,2021-07-18,3729.0
Orange,三和國中,2021-07-18,4074.0
Orange,三重國小,2021-07-18,4743.0
Orange,迴龍,2021-07-18,3145.0
Orange,丹鳳,2021-07-18,3255.0
Orange,古亭,2021-07-19,11695.5
Orange,頂溪,2021-07-19,26992.0
Orange,永安市場,2021-07-19,19619.0
Orange,景安,2021-07-19,21386.0
Orange,南勢角,2021-07-19,16843.0
Orange,民權西路,2021-07-19,7461.0
Orange,忠孝新生,2021-07-19,10017.5
Orange,松江南京,2021-07-19,18010.5
Orange,輔大,2021-07-19,7091.0
Orange,新莊,2021-07-19,8676.0
Orange,頭前庄,2021-07-19,3396.5
Orange,先嗇宮,2021-07-19,5157.0
Orange,三重,2021-07-19,5215.0
Orange,菜寮,2021-07-19,8633.0
Orange,台北橋,2021-07-19,8118.0
Orange,大橋頭站,2021-07-19,9420.0
Orange,中山國小,2021-07-19,13287.0
Orange,行天宮,2021-07-19,22166.0
Orange,東門,2021-07-19,7527.5
Orange,蘆洲,2021-07-19,10996.0
Orange,三民高中,2021-07-19,9949.0
Orange,徐匯中學,2021-07-19,10285.0
Orange,三和國中,2021-07-19,10559.0
Orange,三重國小,2021-07-19,10361.0
Orange,迴龍,2021-07-19,8966.0
Orange,丹鳳,2021-07-19,8775.0
Orange,古亭,2021-07-20,12329.5
Orange,頂溪,2021-07-20,27840.0
Orange,永安市場,2021-07-20,20172.0
Orange,景安,2021-07-20,21562.0
Orange,南勢角,2021-07-20,17308.0
Orange,民權西路,2021-07-20,7439.0
Orange,忠孝新生,2021-07-20,10343.0
Orange,松江南京,2021-07-20,18274.0
Orange,輔大,2021-07-20,7219.0
Orange,新莊,2021-07-20,8792.0
Orange,頭前庄,2021-07-20,3484.0
Orange,先嗇宮,2021-07-20,5240.0
Orange,三重,2021-07-20,5420.0
Orange,菜寮,2021-07-20,8745.0
Orange,台北橋,2021-07-20,8383.0
Orange,大橋頭站,2021-07-20,9473.0
Orange,中山國小,2021-07-20,13309.0
Orange,行天宮,2021-07-20,22519.0
Orange,東門,2021-07-20,8039.0
Orange,蘆洲,2021-07-20,11153.0
Orange,三民高中,2021-07-20,9957.0
Orange,徐匯中學,2021-07-20,10439.0
Orange,三和國中,2021-07-20,10545.0
Orange,三重國小,2021-07-20,10819.0
Orange,迴龍,2021-07-20,9064.0
Orange,丹鳳,2021-07-20,8930.0
Orange,古亭,2021-07-21,12362.0
Orange,頂溪,2021-07-21,28087.0
Orange,永安市場,2021-07-21,19763.0
Orange,景安,2021-07-21,21740.0
Orange,南勢角,2021-07-21,17356.0
Orange,民權西路,2021-07-21,7579.5
Orange,忠孝新生,2021-07-21,10264.0
Orange,松江南京,2021-07-21,18586.0
Orange,輔大,2021-07-21,7272.0
Orange,新莊,2021-07-21,8661.0
Orange,頭前庄,2021-07-21,3421.0
Orange,先嗇宮,2021-07-21,5256.0
Orange,三重,2021-07-21,5217.0
Orange,菜寮,2021-07-21,8754.0
Orange,台北橋,2021-07-21,8523.0
Orange,大橋頭站,2021-07-21,9620.0
Orange,中山國小,2021-07-21,13437.0
Orange,行天宮,2021-07-21,22640.0
Orange,東門,2021-07-21,8061.5
Orange,蘆洲,2021-07-21,11029.0
Orange,三民高中,2021-07-21,9855.0
Orange,徐匯中學,2021-07-21,10393.0
Orange,三和國中,2021-07-21,10892.0
Orange,三重國小,2021-07-21,10704.0
Orange,迴龍,2021-07-21,9125.0
Orange,丹鳳,2021-07-21,8683.0
Orange,古亭,2021-07-22,12015.0
Orange,頂溪,2021-07-22,27706.0
Orange,永安市場,2021-07-22,19737.0
Orange,景安,2021-07-22,21320.0
Orange,南勢角,2021-07-22,16707.0
Orange,民權西路,2021-07-22,7155.5
Orange,忠孝新生,2021-07-22,10027.0
Orange,松江南京,2021-07-22,18511.5
Orange,輔大,2021-07-22,7118.0
Orange,新莊,2021-07-22,8231.0
Orange,頭前庄,2021-07-22,3334.0
Orange,先嗇宮,2021-07-22,5255.0
Orange,三重,2021-07-22,5138.0
Orange,菜寮,2021-07-22,9074.0
Orange,台北橋,2021-07-22,8196.0
Orange,大橋頭站,2021-07-22,9205.0
Orange,中山國小,2021-07-22,13063.0
Orange,行天宮,2021-07-22,22352.0
Orange,東門,2021-07-22,7879.5
Orange,蘆洲,2021-07-22,10701.0
Orange,三民高中,2021-07-22,9723.0
Orange,徐匯中學,2021-07-22,10035.0
Orange,三和國中,2021-07-22,10493.0
Orange,三重國小,2021-07-22,10376.0
Orange,迴龍,2021-07-22,8606.0
Orange,丹鳳,2021-07-22,8419.0
Orange,古亭,2021-07-23,11200.5
Orange,頂溪,2021-07-23,26137.0
Orange,永安市場,2021-07-23,18736.0
Orange,景安,2021-07-23,20350.0
Orange,南勢角,2021-07-23,16321.0
Orange,民權西路,2021-07-23,6808.0
Orange,忠孝新生,2021-07-23,9356.0
Orange,松江南京,2021-07-23,17350.0
Orange,輔大,2021-07-23,6306.0
Orange,新莊,2021-07-23,7683.0
Orange,頭前庄,2021-07-23,3221.5
Orange,先嗇宮,2021-07-23,5011.0
Orange,三重,2021-07-23,4784.0
Orange,菜寮,2021-07-23,8244.0
Orange,台北橋,2021-07-23,7947.0
Orange,大橋頭站,2021-07-23,8769.0
Orange,中山國小,2021-07-23,12501.0
Orange,行天宮,2021-07-23,20720.0
Orange,東門,2021-07-23,7695.0
Orange,蘆洲,2021-07-23,10313.0
Orange,三民高中,2021-07-23,9279.0
Orange,徐匯中學,2021-07-23,9594.0
Orange,三和國中,2021-07-23,10075.0
Orange,三重國小,2021-07-23,9800.0
Orange,迴龍,2021-07-23,8295.0
Orange,丹鳳,2021-07-23,8093.0
Orange,古亭,2021-07-24,5282.5
Orange,頂溪,2021-07-24,13032.0
Orange,永安市場,2021-07-24,8551.0
Orange,景安,2021-07-24,8473.0
Orange,南勢角,2021-07-24,8014.0
Orange,民權西路,2021-07-24,2615.0
Orange,忠孝新生,2021-07-24,4576.5
Orange,松江南京,2021-07-24,3864.0
Orange,輔大,2021-07-24,2871.0
Orange,新莊,2021-07-24,3425.0
Orange,頭前庄,2021-07-24,1522.5
Orange,先嗇宮,2021-07-24,1353.0
Orange,三重,2021-07-24,2384.0
Orange,菜寮,2021-07-24,4113.0
Orange,台北橋,2021-07-24,4796.0
Orange,大橋頭站,2021-07-24,4250.0
Orange,中山國小,2021-07-24,6075.0
Orange,行天宮,2021-07-24,7357.0
Orange,東門,2021-07-24,4077.0
Orange,蘆洲,2021-07-24,4280.0
Orange,三民高中,2021-07-24,4213.0
Orange,徐匯中學,2021-07-24,4350.0
Orange,三和國中,2021-07-24,4512.0
Orange,三重國小,2021-07-24,5226.0
Orange,迴龍,2021-07-24,3467.0
Orange,丹鳳,2021-07-24,3689.0
Orange,古亭,2021-07-25,4818.5
Orange,頂溪,2021-07-25,13171.0
Orange,永安市場,2021-07-25,8306.0
Orange,景安,2021-07-25,8719.0
Orange,南勢角,2021-07-25,8092.0
Orange,民權西路,2021-07-25,2695.0
Orange,忠孝新生,2021-07-25,4519.5
Orange,松江南京,2021-07-25,3294.0
Orange,輔大,2021-07-25,2941.0
Orange,新莊,2021-07-25,3478.0
Orange,頭前庄,2021-07-25,1776.0
Orange,先嗇宮,2021-07-25,1386.0
Orange,三重,2021-07-25,2688.0
Orange,菜寮,2021-07-25,3988.0
Orange,台北橋,2021-07-25,4604.0
Orange,大橋頭站,2021-07-25,4558.0
Orange,中山國小,2021-07-25,5876.0
Orange,行天宮,2021-07-25,7268.0
Orange,東門,2021-07-25,4122.5
Orange,蘆洲,2021-07-25,4284.0
Orange,三民高中,2021-07-25,3985.0
Orange,徐匯中學,2021-07-25,4310.0
Orange,三和國中,2021-07-25,4441.0
Orange,三重國小,2021-07-25,5215.0
Orange,迴龍,2021-07-25,3548.0
Orange,丹鳳,2021-07-25,3657.0
Orange,古亭,2021-07-26,12982.0
Orange,頂溪,2021-07-26,29463.0
Orange,永安市場,2021-07-26,21306.0
Orange,景安,2021-07-26,23017.0
Orange,南勢角,2021-07-26,18212.0
Orange,民權西路,2021-07-26,7788.0
Orange,忠孝新生,2021-07-26,10875.0
Orange,松江南京,2021-07-26,19657.5
Orange,輔大,2021-07-26,7905.0
Orange,新莊,2021-07-26,8991.0
Orange,頭前庄,2021-07-26,3761.0
Orange,先嗇宮,2021-07-26,5598.0
Orange,三重,2021-07-26,5621.0
Orange,菜寮,2021-07-26,9484.0
Orange,台北橋,2021-07-26,8705.0
Orange,大橋頭站,2021-07-26,9855.0
Orange,中山國小,2021-07-26,14302.0
Orange,行天宮,2021-07-26,23817.0
Orange,東門,2021-07-26,7928.0
Orange,蘆洲,2021-07-26,11772.0
Orange,三民高中,2021-07-26,10530.0
Orange,徐匯中學,2021-07-26,10811.0
Orange,三和國中,2021-07-26,11151.0
Orange,三重國小,2021-07-26,11198.0
Orange,迴龍,2021-07-26,9585.0
Orange,丹鳳,2021-07-26,9246.0
Orange,古亭,2021-07-27,14376.0
Orange,頂溪,2021-07-27,33136.0
Orange,永安市場,2021-07-27,24249.0
Orange,景安,2021-07-27,25861.0
Orange,南勢角,2021-07-27,20224.0
Orange,民權西路,2021-07-27,8638.0
Orange,忠孝新生,2021-07-27,11787.0
Orange,松江南京,2021-07-27,21814.0
Orange,輔大,2021-07-27,8520.0
Orange,新莊,2021-07-27,10041.0
Orange,頭前庄,2021-07-27,4090.5
Orange,先嗇宮,2021-07-27,6055.0
Orange,三重,2021-07-27,6203.0
Orange,菜寮,2021-07-27,10322.0
Orange,台北橋,2021-07-27,9607.0
Orange,大橋頭站,2021-07-27,10934.0
Orange,中山國小,2021-07-27,15671.0
Orange,行天宮,2021-07-27,26550.0
Orange,東門,2021-07-27,9163.5
Orange,蘆洲,2021-07-27,13266.0
Orange,三民高中,2021-07-27,11662.0
Orange,徐匯中學,2021-07-27,12083.0
Orange,三和國中,2021-07-27,12457.0
Orange,三重國小,2021-07-27,12130.0
Orange,迴龍,2021-07-27,10616.0
Orange,丹鳳,2021-07-27,10229.0
Orange,古亭,2021-07-28,14515.0
Orange,頂溪,2021-07-28,32908.0
Orange,永安市場,2021-07-28,23755.0
Orange,景安,2021-07-28,25539.0
Orange,南勢角,2021-07-28,19977.0
Orange,民權西路,2021-07-28,8724.5
Orange,忠孝新生,2021-07-28,12097.5
Orange,松江南京,2021-07-28,22383.0
Orange,輔大,2021-07-28,8270.0
Orange,新莊,2021-07-28,10135.0
Orange,頭前庄,2021-07-28,4116.0
Orange,先嗇宮,2021-07-28,6271.0
Orange,三重,2021-07-28,6320.0
Orange,菜寮,2021-07-28,10130.0
Orange,台北橋,2021-07-28,9572.0
Orange,大橋頭站,2021-07-28,11340.0
Orange,中山國小,2021-07-28,15653.0
Orange,行天宮,2021-07-28,27002.0
Orange,東門,2021-07-28,9159.5
Orange,蘆洲,2021-07-28,13214.0
Orange,三民高中,2021-07-28,11730.0
Orange,徐匯中學,2021-07-28,12339.0
Orange,三和國中,2021-07-28,12535.0
Orange,三重國小,2021-07-28,12197.0
Orange,迴龍,2021-07-28,10617.0
Orange,丹鳳,2021-07-28,10254.0
Orange,古亭,2021-07-29,14554.5
Orange,頂溪,2021-07-29,32789.0
Orange,永安市場,2021-07-29,24125.0
Orange,景安,2021-07-29,25743.0
Orange,南勢角,2021-07-29,20226.0
Orange,民權西路,2021-07-29,8998.0
Orange,忠孝新生,2021-07-29,11862.5
Orange,松江南京,2021-07-29,22234.5
Orange,輔大,2021-07-29,8344.0
Orange,新莊,2021-07-29,10488.0
Orange,頭前庄,2021-07-29,4080.5
Orange,先嗇宮,2021-07-29,6052.0
Orange,三重,2021-07-29,6418.0
Orange,菜寮,2021-07-29,10203.0
Orange,台北橋,2021-07-29,9432.0
Orange,大橋頭站,2021-07-29,10960.0
Orange,中山國小,2021-07-29,15593.0
Orange,行天宮,2021-07-29,26825.0
Orange,東門,2021-07-29,9194.5
Orange,蘆洲,2021-07-29,13090.0
Orange,三民高中,2021-07-29,11490.0
Orange,徐匯中學,2021-07-29,12395.0
Orange,三和國中,2021-07-29,12431.0
Orange,三重國小,2021-07-29,12196.0
Orange,迴龍,2021-07-29,10665.0
Orange,丹鳳,2021-07-29,10302.0
Orange,古亭,2021-07-30,15097.5
Orange,頂溪,2021-07-30,34329.0
Orange,永安市場,2021-07-30,25048.0
Orange,景安,2021-07-30,26347.0
Orange,南勢角,2021-07-30,20749.0
Orange,民權西路,2021-07-30,9040.5
Orange,忠孝新生,2021-07-30,12130.0
Orange,松江南京,2021-07-30,22059.0
Orange,輔大,2021-07-30,8216.0
Orange,新莊,2021-07-30,10560.0
Orange,頭前庄,2021-07-30,4268.5
Orange,先嗇宮,2021-07-30,6078.0
Orange,三重,2021-07-30,6441.0
Orange,菜寮,2021-07-30,10412.0
Orange,台北橋,2021-07-30,10145.0
Orange,大橋頭站,2021-07-30,11658.0
Orange,中山國小,2021-07-30,16172.0
Orange,行天宮,2021-07-30,27334.0
Orange,東門,2021-07-30,9706.0
Orange,蘆洲,2021-07-30,13484.0
Orange,三民高中,2021-07-30,12169.0
Orange,徐匯中學,2021-07-30,12506.0
Orange,三和國中,2021-07-30,12730.0
Orange,三重國小,2021-07-30,12460.0
Orange,迴龍,2021-07-30,10738.0
Orange,丹鳳,2021-07-30,10658.0
Orange,古亭,2021-07-31,7881.0
Orange,頂溪,2021-07-31,19920.0
Orange,永安市場,2021-07-31,13043.0
Orange,景安,2021-07-31,13489.0
Orange,南勢角,2021-07-31,11621.0
Orange,民權西路,2021-07-31,3753.5
Orange,忠孝新生,2021-07-31,6701.5
Orange,松江南京,2021-07-31,5290.5
Orange,輔大,2021-07-31,4361.0
Orange,新莊,2021-07-31,5214.0
Orange,頭前庄,2021-07-31,2357.5
Orange,先嗇宮,2021-07-31,1977.0
Orange,三重,2021-07-31,3586.0
Orange,菜寮,2021-07-31,5931.0
Orange,台北橋,2021-07-31,6552.0
Orange,大橋頭站,2021-07-31,6718.0
Orange,中山國小,2021-07-31,8588.0
Orange,行天宮,2021-07-31,11358.0
Orange,東門,2021-07-31,5613.0
Orange,蘆洲,2021-07-31,6601.0
Orange,三民高中,2021-07-31,5848.0
Orange,徐匯中學,2021-07-31,6364.0
Orange,三和國中,2021-07-31,6490.0
Orange,三重國小,2021-07-31,7089.0
Orange,迴龍,2021-07-31,5264.0
Orange,丹鳳,2021-07-31,5605.0
Orange,古亭,2021-08-01,6062.0
Orange,頂溪,2021-08-01,16280.0
Orange,永安市場,2021-08-01,10648.0
Orange,景安,2021-08-01,11100.0
Orange,南勢角,2021-08-01,9778.0
Orange,民權西路,2021-08-01,3386.0
Orange,忠孝新生,2021-08-01,5646.5
Orange,松江南京,2021-08-01,4023.5
Orange,輔大,2021-08-01,3522.0
Orange,新莊,2021-08-01,4156.0
Orange,頭前庄,2021-08-01,1955.0
Orange,先嗇宮,2021-08-01,1568.0
Orange,三重,2021-08-01,3094.0
Orange,菜寮,2021-08-01,4355.0
Orange,台北橋,2021-08-01,5654.0
Orange,大橋頭站,2021-08-01,5886.0
Orange,中山國小,2021-08-01,6982.0
Orange,行天宮,2021-08-01,10136.0
Orange,東門,2021-08-01,4959.0
Orange,蘆洲,2021-08-01,5303.0
Orange,三民高中,2021-08-01,5265.0
Orange,徐匯中學,2021-08-01,5279.0
Orange,三和國中,2021-08-01,5470.0
Orange,三重國小,2021-08-01,6228.0
Orange,迴龍,2021-08-01,4399.0
Orange,丹鳳,2021-08-01,4713.0
Orange,古亭,2021-08-02,15748.5
Orange,頂溪,2021-08-02,35536.0
Orange,永安市場,2021-08-02,26143.0
Orange,景安,2021-08-02,28208.0
Orange,南勢角,2021-08-02,21772.0
Orange,民權西路,2021-08-02,9598.0
Orange,忠孝新生,2021-08-02,12988.0
Orange,松江南京,2021-08-02,23992.5
Orange,輔大,2021-08-02,9299.0
Orange,新莊,2021-08-02,11179.0
Orange,頭前庄,2021-08-02,4423.0
Orange,先嗇宮,2021-08-02,6646.0
Orange,三重,2021-08-02,6962.0
Orange,菜寮,2021-08-02,11008.0
Orange,台北橋,2021-08-02,10379.0
Orange,大橋頭站,2021-08-02,12263.0
Orange,中山國小,2021-08-02,17301.0
Orange,行天宮,2021-08-02,33001.0
Orange,東門,2021-08-02,9703.5
Orange,蘆洲,2021-08-02,14681.0
Orange,三民高中,2021-08-02,13277.0
Orange,徐匯中學,2021-08-02,13234.0
Orange,三和國中,2021-08-02,13701.0
Orange,三重國小,2021-08-02,13429.0
Orange,迴龍,2021-08-02,11747.0
Orange,丹鳳,2021-08-02,11258.0
Orange,古亭,2021-08-03,16748.0
Orange,頂溪,2021-08-03,37358.0
Orange,永安市場,2021-08-03,27744.0
Orange,景安,2021-08-03,29076.0
Orange,南勢角,2021-08-03,22878.0
Orange,民權西路,2021-08-03,9778.5
Orange,忠孝新生,2021-08-03,13704.5
Orange,松江南京,2021-08-03,25078.0
Orange,輔大,2021-08-03,9351.0
Orange,新莊,2021-08-03,11506.0
Orange,頭前庄,2021-08-03,4426.5
Orange,先嗇宮,2021-08-03,6716.0
Orange,三重,2021-08-03,7082.0
Orange,菜寮,2021-08-03,11438.0
Orange,台北橋,2021-08-03,10929.0
Orange,大橋頭站,2021-08-03,12145.0
Orange,中山國小,2021-08-03,18007.0
Orange,行天宮,2021-08-03,30899.0
Orange,東門,2021-08-03,10799.5
Orange,蘆洲,2021-08-03,15469.0
Orange,三民高中,2021-08-03,13083.0
Orange,徐匯中學,2021-08-03,13848.0
Orange,三和國中,2021-08-03,14172.0
Orange,三重國小,2021-08-03,13900.0
Orange,迴龍,2021-08-03,11909.0
Orange,丹鳳,2021-08-03,11611.0
Orange,古亭,2021-08-04,16878.5
Orange,頂溪,2021-08-04,37905.0
Orange,永安市場,2021-08-04,28040.0
Orange,景安,2021-08-04,29789.0
Orange,南勢角,2021-08-04,23197.0
Orange,民權西路,2021-08-04,9984.0
Orange,忠孝新生,2021-08-04,14136.0
Orange,松江南京,2021-08-04,25199.5
Orange,輔大,2021-08-04,9550.0
Orange,新莊,2021-08-04,11728.0
Orange,頭前庄,2021-08-04,4629.5
Orange,先嗇宮,2021-08-04,6769.0
Orange,三重,2021-08-04,7277.0
Orange,菜寮,2021-08-04,11460.0
Orange,台北橋,2021-08-04,11123.0
Orange,大橋頭站,2021-08-04,12773.0
Orange,中山國小,2021-08-04,18153.0
Orange,行天宮,2021-08-04,31767.0
Orange,東門,2021-08-04,11198.0
Orange,蘆洲,2021-08-04,15493.0
Orange,三民高中,2021-08-04,13332.0
Orange,徐匯中學,2021-08-04,13924.0
Orange,三和國中,2021-08-04,14224.0
Orange,三重國小,2021-08-04,14028.0
Orange,迴龍,2021-08-04,12064.0
Orange,丹鳳,2021-08-04,11808.0
Orange,古亭,2021-08-05,17045.5
Orange,頂溪,2021-08-05,37846.0
Orange,永安市場,2021-08-05,28245.0
Orange,景安,2021-08-05,29323.0
Orange,南勢角,2021-08-05,23336.0
Orange,民權西路,2021-08-05,10064.5
Orange,忠孝新生,2021-08-05,14130.0
Orange,松江南京,2021-08-05,25056.0
Orange,輔大,2021-08-05,9500.0
Orange,新莊,2021-08-05,11710.0
Orange,頭前庄,2021-08-05,4488.5
Orange,先嗇宮,2021-08-05,6818.0
Orange,三重,2021-08-05,7336.0
Orange,菜寮,2021-08-05,11713.0
Orange,台北橋,2021-08-05,11037.0
Orange,大橋頭站,2021-08-05,12910.0
Orange,中山國小,2021-08-05,18235.0
Orange,行天宮,2021-08-05,31283.0
Orange,東門,2021-08-05,10954.5
Orange,蘆洲,2021-08-05,15398.0
Orange,三民高中,2021-08-05,13347.0
Orange,徐匯中學,2021-08-05,13882.0
Orange,三和國中,2021-08-05,14078.0
Orange,三重國小,2021-08-05,13929.0
Orange,迴龍,2021-08-05,11928.0
Orange,丹鳳,2021-08-05,11682.0
Orange,古亭,2021-08-06,16969.5
Orange,頂溪,2021-08-06,38064.0
Orange,永安市場,2021-08-06,28262.0
Orange,景安,2021-08-06,29139.0
Orange,南勢角,2021-08-06,23227.0
Orange,民權西路,2021-08-06,9797.5
Orange,忠孝新生,2021-08-06,13853.5
Orange,松江南京,2021-08-06,24510.5
Orange,輔大,2021-08-06,9155.0
Orange,新莊,2021-08-06,11521.0
Orange,頭前庄,2021-08-06,4519.0
Orange,先嗇宮,2021-08-06,6750.0
Orange,三重,2021-08-06,7276.0
Orange,菜寮,2021-08-06,11808.0
Orange,台北橋,2021-08-06,11421.0
Orange,大橋頭站,2021-08-06,13308.0
Orange,中山國小,2021-08-06,18916.0
Orange,行天宮,2021-08-06,30972.0
Orange,東門,2021-08-06,11188.5
Orange,蘆洲,2021-08-06,15151.0
Orange,三民高中,2021-08-06,13298.0
Orange,徐匯中學,2021-08-06,13993.0
Orange,三和國中,2021-08-06,14171.0
Orange,三重國小,2021-08-06,13797.0
Orange,迴龍,2021-08-06,11710.0
Orange,丹鳳,2021-08-06,11457.0
Orange,古亭,2021-08-07,8248.5
Orange,頂溪,2021-08-07,20426.0
Orange,永安市場,2021-08-07,13534.0
Orange,景安,2021-08-07,14134.0
Orange,南勢角,2021-08-07,11997.0
Orange,民權西路,2021-08-07,4092.5
Orange,忠孝新生,2021-08-07,7033.5
Orange,松江南京,2021-08-07,6406.0
Orange,輔大,2021-08-07,4442.0
Orange,新莊,2021-08-07,5432.0
Orange,頭前庄,2021-08-07,2369.0
Orange,先嗇宮,2021-08-07,1930.0
Orange,三重,2021-08-07,3797.0
Orange,菜寮,2021-08-07,6119.0
Orange,台北橋,2021-08-07,7105.0
Orange,大橋頭站,2021-08-07,7045.0
Orange,中山國小,2021-08-07,9679.0
Orange,行天宮,2021-08-07,12391.0
Orange,東門,2021-08-07,6162.5
Orange,蘆洲,2021-08-07,7036.0
Orange,三民高中,2021-08-07,6496.0
Orange,徐匯中學,2021-08-07,7168.0
Orange,三和國中,2021-08-07,7239.0
Orange,三重國小,2021-08-07,7804.0
Orange,迴龍,2021-08-07,5476.0
Orange,丹鳳,2021-08-07,5560.0
Orange,古亭,2021-08-08,7319.5
Orange,頂溪,2021-08-08,19919.0
Orange,永安市場,2021-08-08,12935.0
Orange,景安,2021-08-08,13383.0
Orange,南勢角,2021-08-08,11517.0
Orange,民權西路,2021-08-08,4053.0
Orange,忠孝新生,2021-08-08,6799.5
Orange,松江南京,2021-08-08,4959.0
Orange,輔大,2021-08-08,4332.0
Orange,新莊,2021-08-08,5130.0
Orange,頭前庄,2021-08-08,2278.0
Orange,先嗇宮,2021-08-08,1964.0
Orange,三重,2021-08-08,3946.0
Orange,菜寮,2021-08-08,5083.0
Orange,台北橋,2021-08-08,6349.0
Orange,大橋頭站,2021-08-08,7000.0
Orange,中山國小,2021-08-08,8290.0
Orange,行天宮,2021-08-08,10694.0
Orange,東門,2021-08-08,5900.5
Orange,蘆洲,2021-08-08,6331.0
Orange,三民高中,2021-08-08,5768.0
Orange,徐匯中學,2021-08-08,6401.0
Orange,三和國中,2021-08-08,6183.0
Orange,三重國小,2021-08-08,7287.0
Orange,迴龍,2021-08-08,5434.0
Orange,丹鳳,2021-08-08,5326.0
Orange,古亭,2021-08-09,17314.0
Orange,頂溪,2021-08-09,38132.0
Orange,永安市場,2021-08-09,28347.0
Orange,景安,2021-08-09,29954.0
Orange,南勢角,2021-08-09,23887.0
Orange,民權西路,2021-08-09,10227.0
Orange,忠孝新生,2021-08-09,14159.5
Orange,松江南京,2021-08-09,25655.5
Orange,輔大,2021-08-09,9870.0
Orange,新莊,2021-08-09,12063.0
Orange,頭前庄,2021-08-09,4720.0
Orange,先嗇宮,2021-08-09,6977.0
Orange,三重,2021-08-09,7457.0
Orange,菜寮,2021-08-09,11851.0
Orange,台北橋,2021-08-09,11161.0
Orange,大橋頭站,2021-08-09,13152.0
Orange,中山國小,2021-08-09,18874.0
Orange,行天宮,2021-08-09,31906.0
Orange,東門,2021-08-09,10752.0
Orange,蘆洲,2021-08-09,15794.0
Orange,三民高中,2021-08-09,13925.0
Orange,徐匯中學,2021-08-09,14324.0
Orange,三和國中,2021-08-09,14556.0
Orange,三重國小,2021-08-09,14155.0
Orange,迴龍,2021-08-09,12375.0
Orange,丹鳳,2021-08-09,11855.0
Orange,古亭,2021-08-10,18078.0
Orange,頂溪,2021-08-10,39999.0
Orange,永安市場,2021-08-10,30071.0
Orange,景安,2021-08-10,31266.0
Orange,南勢角,2021-08-10,24621.0
Orange,民權西路,2021-08-10,10576.5
Orange,忠孝新生,2021-08-10,14841.0
Orange,松江南京,2021-08-10,26620.0
Orange,輔大,2021-08-10,10218.0
Orange,新莊,2021-08-10,12596.0
Orange,頭前庄,2021-08-10,4883.5
Orange,先嗇宮,2021-08-10,7121.0
Orange,三重,2021-08-10,7748.0
Orange,菜寮,2021-08-10,12253.0
Orange,台北橋,2021-08-10,11752.0
Orange,大橋頭站,2021-08-10,13344.0
Orange,中山國小,2021-08-10,20159.0
Orange,行天宮,2021-08-10,33637.0
Orange,東門,2021-08-10,11658.0
Orange,蘆洲,2021-08-10,16438.0
Orange,三民高中,2021-08-10,14140.0
Orange,徐匯中學,2021-08-10,14984.0
Orange,三和國中,2021-08-10,15020.0
Orange,三重國小,2021-08-10,14535.0
Orange,迴龍,2021-08-10,12935.0
Orange,丹鳳,2021-08-10,12479.0
Orange,古亭,2021-08-11,18150.0
Orange,頂溪,2021-08-11,38952.0
Orange,永安市場,2021-08-11,29745.0
Orange,景安,2021-08-11,31200.0
Orange,南勢角,2021-08-11,24628.0
Orange,民權西路,2021-08-11,10592.5
Orange,忠孝新生,2021-08-11,14897.5
Orange,松江南京,2021-08-11,26989.0
Orange,輔大,2021-08-11,9981.0
Orange,新莊,2021-08-11,12837.0
Orange,頭前庄,2021-08-11,4923.5
Orange,先嗇宮,2021-08-11,7161.0
Orange,三重,2021-08-11,7732.0
Orange,菜寮,2021-08-11,12151.0
Orange,台北橋,2021-08-11,11797.0
Orange,大橋頭站,2021-08-11,13141.0
Orange,中山國小,2021-08-11,19726.0
Orange,行天宮,2021-08-11,33433.0
Orange,東門,2021-08-11,11754.0
Orange,蘆洲,2021-08-11,16447.0
Orange,三民高中,2021-08-11,14283.0
Orange,徐匯中學,2021-08-11,14957.0
Orange,三和國中,2021-08-11,15125.0
Orange,三重國小,2021-08-11,14514.0
Orange,迴龍,2021-08-11,12958.0
Orange,丹鳳,2021-08-11,12443.0
Orange,古亭,2021-08-12,18348.5
Orange,頂溪,2021-08-12,39499.0
Orange,永安市場,2021-08-12,29939.0
Orange,景安,2021-08-12,31184.0
Orange,南勢角,2021-08-12,24486.0
Orange,民權西路,2021-08-12,10553.5
Orange,忠孝新生,2021-08-12,15041.0
Orange,松江南京,2021-08-12,26877.5
Orange,輔大,2021-08-12,10198.0
Orange,新莊,2021-08-12,12690.0
Orange,頭前庄,2021-08-12,4984.0
Orange,先嗇宮,2021-08-12,7179.0
Orange,三重,2021-08-12,8106.0
Orange,菜寮,2021-08-12,12069.0
Orange,台北橋,2021-08-12,11910.0
Orange,大橋頭站,2021-08-12,13568.0
Orange,中山國小,2021-08-12,19925.0
Orange,行天宮,2021-08-12,33084.0
Orange,東門,2021-08-12,11853.0
Orange,蘆洲,2021-08-12,16523.0
Orange,三民高中,2021-08-12,14198.0
Orange,徐匯中學,2021-08-12,15080.0
Orange,三和國中,2021-08-12,15107.0
Orange,三重國小,2021-08-12,14769.0
Orange,迴龍,2021-08-12,12863.0
Orange,丹鳳,2021-08-12,12344.0
Orange,古亭,2021-08-13,18359.5
Orange,頂溪,2021-08-13,40086.0
Orange,永安市場,2021-08-13,30272.0
Orange,景安,2021-08-13,31353.0
Orange,南勢角,2021-08-13,24525.0
Orange,民權西路,2021-08-13,10455.5
Orange,忠孝新生,2021-08-13,14890.0
Orange,松江南京,2021-08-13,26564.5
Orange,輔大,2021-08-13,9850.0
Orange,新莊,2021-08-13,12959.0
Orange,頭前庄,2021-08-13,4834.5
Orange,先嗇宮,2021-08-13,7181.0
Orange,三重,2021-08-13,7965.0
Orange,菜寮,2021-08-13,12355.0
Orange,台北橋,2021-08-13,12118.0
Orange,大橋頭站,2021-08-13,14145.0
Orange,中山國小,2021-08-13,20193.0
Orange,行天宮,2021-08-13,33211.0
Orange,東門,2021-08-13,12059.5
Orange,蘆洲,2021-08-13,16781.0
Orange,三民高中,2021-08-13,14338.0
Orange,徐匯中學,2021-08-13,15211.0
Orange,三和國中,2021-08-13,15159.0
Orange,三重國小,2021-08-13,14840.0
Orange,迴龍,2021-08-13,13044.0
Orange,丹鳳,2021-08-13,12283.0
Orange,古亭,2021-08-14,10998.5
Orange,頂溪,2021-08-14,26336.0
Orange,永安市場,2021-08-14,18493.0
Orange,景安,2021-08-14,18721.0
Orange,南勢角,2021-08-14,16088.0
Orange,民權西路,2021-08-14,5417.5
Orange,忠孝新生,2021-08-14,10342.5
Orange,松江南京,2021-08-14,8546.0
Orange,輔大,2021-08-14,6376.0
Orange,新莊,2021-08-14,7868.0
Orange,頭前庄,2021-08-14,3401.5
Orange,先嗇宮,2021-08-14,2592.0
Orange,三重,2021-08-14,5524.0
Orange,菜寮,2021-08-14,7622.0
Orange,台北橋,2021-08-14,8879.0
Orange,大橋頭站,2021-08-14,10101.0
Orange,中山國小,2021-08-14,12347.0
Orange,行天宮,2021-08-14,15553.0
Orange,東門,2021-08-14,8509.0
Orange,蘆洲,2021-08-14,9624.0
Orange,三民高中,2021-08-14,8547.0
Orange,徐匯中學,2021-08-14,9569.0
Orange,三和國中,2021-08-14,9067.0
Orange,三重國小,2021-08-14,9741.0
Orange,迴龍,2021-08-14,7540.0
Orange,丹鳳,2021-08-14,7620.0
Orange,古亭,2021-08-15,8560.5
Orange,頂溪,2021-08-15,21924.0
Orange,永安市場,2021-08-15,14343.0
Orange,景安,2021-08-15,15131.0
Orange,南勢角,2021-08-15,13335.0
Orange,民權西路,2021-08-15,4769.5
Orange,忠孝新生,2021-08-15,7896.0
Orange,松江南京,2021-08-15,5876.5
Orange,輔大,2021-08-15,5093.0
Orange,新莊,2021-08-15,6304.0
Orange,頭前庄,2021-08-15,2618.0
Orange,先嗇宮,2021-08-15,2244.0
Orange,三重,2021-08-15,4878.0
Orange,菜寮,2021-08-15,6182.0
Orange,台北橋,2021-08-15,7560.0
Orange,大橋頭站,2021-08-15,8731.0
Orange,中山國小,2021-08-15,9846.0
Orange,行天宮,2021-08-15,12217.0
Orange,東門,2021-08-15,6818.5
Orange,蘆洲,2021-08-15,7604.0
Orange,三民高中,2021-08-15,7026.0
Orange,徐匯中學,2021-08-15,7686.0
Orange,三和國中,2021-08-15,7158.0
Orange,三重國小,2021-08-15,7906.0
Orange,迴龍,2021-08-15,5967.0
Orange,丹鳳,2021-08-15,6055.0
Orange,古亭,2021-08-16,18478.5
Orange,頂溪,2021-08-16,40527.0
Orange,永安市場,2021-08-16,30658.0
Orange,景安,2021-08-16,32141.0
Orange,南勢角,2021-08-16,25031.0
Orange,民權西路,2021-08-16,10818.5
Orange,忠孝新生,2021-08-16,14898.0
Orange,松江南京,2021-08-16,27721.5
Orange,輔大,2021-08-16,10354.0
Orange,新莊,2021-08-16,12672.0
Orange,頭前庄,2021-08-16,5014.5
Orange,先嗇宮,2021-08-16,7185.0
Orange,三重,2021-08-16,7983.0
Orange,菜寮,2021-08-16,12628.0
Orange,台北橋,2021-08-16,12081.0
Orange,大橋頭站,2021-08-16,13811.0
Orange,中山國小,2021-08-16,20092.0
Orange,行天宮,2021-08-16,34434.0
Orange,東門,2021-08-16,11530.5
Orange,蘆洲,2021-08-16,16734.0
Orange,三民高中,2021-08-16,14584.0
Orange,徐匯中學,2021-08-16,15229.0
Orange,三和國中,2021-08-16,15418.0
Orange,三重國小,2021-08-16,14992.0
Orange,迴龍,2021-08-16,13110.0
Orange,丹鳳,2021-08-16,12479.0
Orange,古亭,2021-08-17,19395.0
Orange,頂溪,2021-08-17,41358.0
Orange,永安市場,2021-08-17,31180.0
Orange,景安,2021-08-17,32883.0
Orange,南勢角,2021-08-17,25673.0
Orange,民權西路,2021-08-17,11137.0
Orange,忠孝新生,2021-08-17,15335.5
Orange,松江南京,2021-08-17,27651.5
Orange,輔大,2021-08-17,10624.0
Orange,新莊,2021-08-17,13202.0
Orange,頭前庄,2021-08-17,5099.5
Orange,先嗇宮,2021-08-17,7328.0
Orange,三重,2021-08-17,8318.0
Orange,菜寮,2021-08-17,13066.0
Orange,台北橋,2021-08-17,12254.0
Orange,大橋頭站,2021-08-17,14240.0
Orange,中山國小,2021-08-17,20694.0
Orange,行天宮,2021-08-17,35069.0
Orange,東門,2021-08-17,12168.5
Orange,蘆洲,2021-08-17,17685.0
Orange,三民高中,2021-08-17,15071.0
Orange,徐匯中學,2021-08-17,15505.0
Orange,三和國中,2021-08-17,15749.0
Orange,三重國小,2021-08-17,15323.0
Orange,迴龍,2021-08-17,13538.0
Orange,丹鳳,2021-08-17,12971.0
Orange,古亭,2021-08-18,19176.0
Orange,頂溪,2021-08-18,41455.0
Orange,永安市場,2021-08-18,30981.0
Orange,景安,2021-08-18,32885.0
Orange,南勢角,2021-08-18,25532.0
Orange,民權西路,2021-08-18,11015.5
Orange,忠孝新生,2021-08-18,15340.0
Orange,松江南京,2021-08-18,27859.0
Orange,輔大,2021-08-18,10687.0
Orange,新莊,2021-08-18,13132.0
Orange,頭前庄,2021-08-18,5155.0
Orange,先嗇宮,2021-08-18,7437.0
Orange,三重,2021-08-18,8290.0
Orange,菜寮,2021-08-18,12610.0
Orange,台北橋,2021-08-18,12269.0
Orange,大橋頭站,2021-08-18,14024.0
Orange,中山國小,2021-08-18,20361.0
Orange,行天宮,2021-08-18,34488.0
Orange,東門,2021-08-18,12087.0
Orange,蘆洲,2021-08-18,17516.0
Orange,三民高中,2021-08-18,14808.0
Orange,徐匯中學,2021-08-18,15569.0
Orange,三和國中,2021-08-18,15811.0
Orange,三重國小,2021-08-18,15327.0
Orange,迴龍,2021-08-18,13521.0
Orange,丹鳳,2021-08-18,13022.0
Orange,古亭,2021-08-19,18741.5
Orange,頂溪,2021-08-19,41087.0
Orange,永安市場,2021-08-19,30605.0
Orange,景安,2021-08-19,32078.0
Orange,南勢角,2021-08-19,25429.0
Orange,民權西路,2021-08-19,10905.5
Orange,忠孝新生,2021-08-19,15186.0
Orange,松江南京,2021-08-19,27362.5
Orange,輔大,2021-08-19,10611.0
Orange,新莊,2021-08-19,13062.0
Orange,頭前庄,2021-08-19,5043.0
Orange,先嗇宮,2021-08-19,7429.0
Orange,三重,2021-08-19,8160.0
Orange,菜寮,2021-08-19,12512.0
Orange,台北橋,2021-08-19,12173.0
Orange,大橋頭站,2021-08-19,14211.0
Orange,中山國小,2021-08-19,20367.0
Orange,行天宮,2021-08-19,34183.0
Orange,東門,2021-08-19,12085.5
Orange,蘆洲,2021-08-19,17008.0
Orange,三民高中,2021-08-19,14835.0
Orange,徐匯中學,2021-08-19,15467.0
Orange,三和國中,2021-08-19,15497.0
Orange,三重國小,2021-08-19,14967.0
Orange,迴龍,2021-08-19,13126.0
Orange,丹鳳,2021-08-19,12665.0
Orange,古亭,2021-08-20,18973.0
Orange,頂溪,2021-08-20,42744.0
Orange,永安市場,2021-08-20,31731.0
Orange,景安,2021-08-20,33219.0
Orange,南勢角,2021-08-20,26084.0
Orange,民權西路,2021-08-20,11008.5
Orange,忠孝新生,2021-08-20,15781.0
Orange,松江南京,2021-08-20,27469.0
Orange,輔大,2021-08-20,10086.0
Orange,新莊,2021-08-20,13092.0
Orange,頭前庄,2021-08-20,5194.5
Orange,先嗇宮,2021-08-20,7352.0
Orange,三重,2021-08-20,8431.0
Orange,菜寮,2021-08-20,12812.0
Orange,台北橋,2021-08-20,12590.0
Orange,大橋頭站,2021-08-20,15077.0
Orange,中山國小,2021-08-20,21086.0
Orange,行天宮,2021-08-20,34825.0
Orange,東門,2021-08-20,12760.0
Orange,蘆洲,2021-08-20,17559.0
Orange,三民高中,2021-08-20,15058.0
Orange,徐匯中學,2021-08-20,16034.0
Orange,三和國中,2021-08-20,15940.0
Orange,三重國小,2021-08-20,15415.0
Orange,迴龍,2021-08-20,13174.0
Orange,丹鳳,2021-08-20,12889.0
Orange,古亭,2021-08-21,11648.0
Orange,頂溪,2021-08-21,27615.0
Orange,永安市場,2021-08-21,18436.0
Orange,景安,2021-08-21,18904.0
Orange,南勢角,2021-08-21,16104.0
Orange,民權西路,2021-08-21,5423.0
Orange,忠孝新生,2021-08-21,10259.0
Orange,松江南京,2021-08-21,8233.0
Orange,輔大,2021-08-21,6076.0
Orange,新莊,2021-08-21,7839.0
Orange,頭前庄,2021-08-21,3181.5
Orange,先嗇宮,2021-08-21,2734.0
Orange,三重,2021-08-21,5776.0
Orange,菜寮,2021-08-21,7821.0
Orange,台北橋,2021-08-21,8887.0
Orange,大橋頭站,2021-08-21,9977.0
Orange,中山國小,2021-08-21,12245.0
Orange,行天宮,2021-08-21,16168.0
Orange,東門,2021-08-21,8567.0
Orange,蘆洲,2021-08-21,9844.0
Orange,三民高中,2021-08-21,8843.0
Orange,徐匯中學,2021-08-21,9599.0
Orange,三和國中,2021-08-21,9253.0
Orange,三重國小,2021-08-21,10089.0
Orange,迴龍,2021-08-21,7453.0
Orange,丹鳳,2021-08-21,7481.0
Orange,古亭,2021-08-22,8880.5
Orange,頂溪,2021-08-22,23585.0
Orange,永安市場,2021-08-22,15169.0
Orange,景安,2021-08-22,16185.0
Orange,南勢角,2021-08-22,13867.0
Orange,民權西路,2021-08-22,4936.5
Orange,忠孝新生,2021-08-22,8058.0
Orange,松江南京,2021-08-22,5976.5
Orange,輔大,2021-08-22,4969.0
Orange,新莊,2021-08-22,6452.0
Orange,頭前庄,2021-08-22,2743.0
Orange,先嗇宮,2021-08-22,2244.0
Orange,三重,2021-08-22,4956.0
Orange,菜寮,2021-08-22,6207.0
Orange,台北橋,2021-08-22,7485.0
Orange,大橋頭站,2021-08-22,8595.0
Orange,中山國小,2021-08-22,10085.0
Orange,行天宮,2021-08-22,12731.0
Orange,東門,2021-08-22,7259.0
Orange,蘆洲,2021-08-22,7926.0
Orange,三民高中,2021-08-22,7163.0
Orange,徐匯中學,2021-08-22,7737.0
Orange,三和國中,2021-08-22,7720.0
Orange,三重國小,2021-08-22,8081.0
Orange,迴龍,2021-08-22,6292.0
Orange,丹鳳,2021-08-22,6142.0
Orange,古亭,2021-08-23,19288.5
Orange,頂溪,2021-08-23,42188.0
Orange,永安市場,2021-08-23,31649.0
Orange,景安,2021-08-23,33060.0
Orange,南勢角,2021-08-23,25790.0
Orange,民權西路,2021-08-23,11389.0
Orange,忠孝新生,2021-08-23,15213.0
Orange,松江南京,2021-08-23,28176.0
Orange,輔大,2021-08-23,9871.0
Orange,新莊,2021-08-23,13059.0
Orange,頭前庄,2021-08-23,5021.0
Orange,先嗇宮,2021-08-23,7372.0
Orange,三重,2021-08-23,8147.0
Orange,菜寮,2021-08-23,12750.0
Orange,台北橋,2021-08-23,12274.0
Orange,大橋頭站,2021-08-23,14544.0
Orange,中山國小,2021-08-23,20566.0
Orange,行天宮,2021-08-23,34970.0
Orange,東門,2021-08-23,11786.5
Orange,蘆洲,2021-08-23,17583.0
Orange,三民高中,2021-08-23,15198.0
Orange,徐匯中學,2021-08-23,15796.0
Orange,三和國中,2021-08-23,15746.0
Orange,三重國小,2021-08-23,15236.0
Orange,迴龍,2021-08-23,13232.0
Orange,丹鳳,2021-08-23,12789.0
Orange,古亭,2021-08-24,20026.0
Orange,頂溪,2021-08-24,43079.0
Orange,永安市場,2021-08-24,32123.0
Orange,景安,2021-08-24,34000.0
Orange,南勢角,2021-08-24,26110.0
Orange,民權西路,2021-08-24,11396.5
Orange,忠孝新生,2021-08-24,15848.0
Orange,松江南京,2021-08-24,28563.5
Orange,輔大,2021-08-24,10033.0
Orange,新莊,2021-08-24,13942.0
Orange,頭前庄,2021-08-24,5157.0
Orange,先嗇宮,2021-08-24,7143.0
Orange,三重,2021-08-24,8563.0
Orange,菜寮,2021-08-24,13094.0
Orange,台北橋,2021-08-24,12510.0
Orange,大橋頭站,2021-08-24,14567.0
Orange,中山國小,2021-08-24,21106.0
Orange,行天宮,2021-08-24,35303.0
Orange,東門,2021-08-24,12809.5
Orange,蘆洲,2021-08-24,18078.0
Orange,三民高中,2021-08-24,15558.0
Orange,徐匯中學,2021-08-24,16029.0
Orange,三和國中,2021-08-24,16179.0
Orange,三重國小,2021-08-24,15495.0
Orange,迴龍,2021-08-24,13501.0
Orange,丹鳳,2021-08-24,13144.0
Orange,古亭,2021-08-25,20171.5
Orange,頂溪,2021-08-25,43702.0
Orange,永安市場,2021-08-25,33001.0
Orange,景安,2021-08-25,34490.0
Orange,南勢角,2021-08-25,26795.0
Orange,民權西路,2021-08-25,11679.0
Orange,忠孝新生,2021-08-25,16202.5
Orange,松江南京,2021-08-25,28967.0
Orange,輔大,2021-08-25,10152.0
Orange,新莊,2021-08-25,14550.0
Orange,頭前庄,2021-08-25,5505.0
Orange,先嗇宮,2021-08-25,7546.0
Orange,三重,2021-08-25,8554.0
Orange,菜寮,2021-08-25,13234.0
Orange,台北橋,2021-08-25,12893.0
Orange,大橋頭站,2021-08-25,15011.0
Orange,中山國小,2021-08-25,21332.0
Orange,行天宮,2021-08-25,36381.0
Orange,東門,2021-08-25,12876.0
Orange,蘆洲,2021-08-25,18355.0
Orange,三民高中,2021-08-25,15442.0
Orange,徐匯中學,2021-08-25,16345.0
Orange,三和國中,2021-08-25,16188.0
Orange,三重國小,2021-08-25,15990.0
Orange,迴龍,2021-08-25,13642.0
Orange,丹鳳,2021-08-25,13305.0
Orange,古亭,2021-08-26,20551.0
Orange,頂溪,2021-08-26,45324.0
Orange,永安市場,2021-08-26,33673.0
Orange,景安,2021-08-26,35050.0
Orange,南勢角,2021-08-26,27086.0
Orange,民權西路,2021-08-26,11564.5
Orange,忠孝新生,2021-08-26,16276.0
Orange,松江南京,2021-08-26,28665.5
Orange,輔大,2021-08-26,10449.0
Orange,新莊,2021-08-26,13961.0
Orange,頭前庄,2021-08-26,5494.5
Orange,先嗇宮,2021-08-26,7471.0
Orange,三重,2021-08-26,8757.0
Orange,菜寮,2021-08-26,13476.0
Orange,台北橋,2021-08-26,12864.0
Orange,大橋頭站,2021-08-26,15717.0
Orange,中山國小,2021-08-26,21363.0
Orange,行天宮,2021-08-26,36469.0
Orange,東門,2021-08-26,13147.0
Orange,蘆洲,2021-08-26,18277.0
Orange,三民高中,2021-08-26,15401.0
Orange,徐匯中學,2021-08-26,16618.0
Orange,三和國中,2021-08-26,16281.0
Orange,三重國小,2021-08-26,15889.0
Orange,迴龍,2021-08-26,14030.0
Orange,丹鳳,2021-08-26,13386.0
Orange,古亭,2021-08-27,20636.0
Orange,頂溪,2021-08-27,45357.0
Orange,永安市場,2021-08-27,33673.0
Orange,景安,2021-08-27,35510.0
Orange,南勢角,2021-08-27,27804.0
Orange,民權西路,2021-08-27,11474.5
Orange,忠孝新生,2021-08-27,16851.5
Orange,松江南京,2021-08-27,28445.5
Orange,輔大,2021-08-27,10568.0
Orange,新莊,2021-08-27,14055.0
Orange,頭前庄,2021-08-27,5501.0
Orange,先嗇宮,2021-08-27,7251.0
Orange,三重,2021-08-27,8872.0
Orange,菜寮,2021-08-27,13378.0
Orange,台北橋,2021-08-27,13267.0
Orange,大橋頭站,2021-08-27,16126.0
Orange,中山國小,2021-08-27,22115.0
Orange,行天宮,2021-08-27,36742.0
Orange,東門,2021-08-27,13708.0
Orange,蘆洲,2021-08-27,18387.0
Orange,三民高中,2021-08-27,16389.0
Orange,徐匯中學,2021-08-27,17257.0
Orange,三和國中,2021-08-27,16586.0
Orange,三重國小,2021-08-27,16128.0
Orange,迴龍,2021-08-27,14081.0
Orange,丹鳳,2021-08-27,13548.0
Orange,古亭,2021-08-28,13147.5
Orange,頂溪,2021-08-28,31607.0
Orange,永安市場,2021-08-28,21619.0
Orange,景安,2021-08-28,21829.0
Orange,南勢角,2021-08-28,18772.0
Orange,民權西路,2021-08-28,6023.5
Orange,忠孝新生,2021-08-28,11785.0
Orange,松江南京,2021-08-28,9217.0
Orange,輔大,2021-08-28,6749.0
Orange,新莊,2021-08-28,9531.0
Orange,頭前庄,2021-08-28,3710.5
Orange,先嗇宮,2021-08-28,2834.0
Orange,三重,2021-08-28,6861.0
Orange,菜寮,2021-08-28,8610.0
Orange,台北橋,2021-08-28,9846.0
Orange,大橋頭站,2021-08-28,11511.0
Orange,中山國小,2021-08-28,14063.0
Orange,行天宮,2021-08-28,18952.0
Orange,東門,2021-08-28,9911.0
Orange,蘆洲,2021-08-28,11284.0
Orange,三民高中,2021-08-28,10013.0
Orange,徐匯中學,2021-08-28,10600.0
Orange,三和國中,2021-08-28,10804.0
Orange,三重國小,2021-08-28,11322.0
Orange,迴龍,2021-08-28,8573.0
Orange,丹鳳,2021-08-28,8419.0
Orange,古亭,2021-08-29,9785.0
Orange,頂溪,2021-08-29,26262.0
Orange,永安市場,2021-08-29,17477.0
Orange,景安,2021-08-29,17782.0
Orange,南勢角,2021-08-29,15746.0
Orange,民權西路,2021-08-29,5271.0
Orange,忠孝新生,2021-08-29,9276.0
Orange,松江南京,2021-08-29,6876.0
Orange,輔大,2021-08-29,5674.0
Orange,新莊,2021-08-29,7778.0
Orange,頭前庄,2021-08-29,2938.0
Orange,先嗇宮,2021-08-29,2247.0
Orange,三重,2021-08-29,5653.0
Orange,菜寮,2021-08-29,6979.0
Orange,台北橋,2021-08-29,8418.0
Orange,大橋頭站,2021-08-29,10052.0
Orange,中山國小,2021-08-29,11099.0
Orange,行天宮,2021-08-29,14624.0
Orange,東門,2021-08-29,7822.0
Orange,蘆洲,2021-08-29,8862.0
Orange,三民高中,2021-08-29,7935.0
Orange,徐匯中學,2021-08-29,8715.0
Orange,三和國中,2021-08-29,8584.0
Orange,三重國小,2021-08-29,9339.0
Orange,迴龍,2021-08-29,6929.0
Orange,丹鳳,2021-08-29,6982.0
Orange,古亭,2021-08-30,19749.5
Orange,頂溪,2021-08-30,44913.0
Orange,永安市場,2021-08-30,33435.0
Orange,景安,2021-08-30,34711.0
Orange,南勢角,2021-08-30,26933.0
Orange,民權西路,2021-08-30,11556.5
Orange,忠孝新生,2021-08-30,15331.0
Orange,松江南京,2021-08-30,29269.0
Orange,輔大,2021-08-30,11414.0
Orange,新莊,2021-08-30,14105.0
Orange,頭前庄,2021-08-30,5536.0
Orange,先嗇宮,2021-08-30,7492.0
Orange,三重,2021-08-30,8789.0
Orange,菜寮,2021-08-30,13112.0
Orange,台北橋,2021-08-30,13128.0
Orange,大橋頭站,2021-08-30,15530.0
Orange,中山國小,2021-08-30,21711.0
Orange,行天宮,2021-08-30,36463.0
Orange,東門,2021-08-30,12613.5
Orange,蘆洲,2021-08-30,18463.0
Orange,三民高中,2021-08-30,15819.0
Orange,徐匯中學,2021-08-30,16537.0
Orange,三和國中,2021-08-30,16587.0
Orange,三重國小,2021-08-30,16295.0
Orange,迴龍,2021-08-30,13987.0
Orange,丹鳳,2021-08-30,13365.0
Orange,古亭,2021-08-31,20811.0
Orange,頂溪,2021-08-31,45810.0
Orange,永安市場,2021-08-31,34139.0
Orange,景安,2021-08-31,35098.0
Orange,南勢角,2021-08-31,27752.0
Orange,民權西路,2021-08-31,11775.0
Orange,忠孝新生,2021-08-31,15996.5
Orange,松江南京,2021-08-31,29197.5
Orange,輔大,2021-08-31,11591.0
Orange,新莊,2021-08-31,15276.0
Orange,頭前庄,2021-08-31,5420.0
Orange,先嗇宮,2021-08-31,7654.0
Orange,三重,2021-08-31,8841.0
Orange,菜寮,2021-08-31,13749.0
Orange,台北橋,2021-08-31,13164.0
Orange,大橋頭站,2021-08-31,15970.0
Orange,中山國小,2021-08-31,22413.0
Orange,行天宮,2021-08-31,36997.0
Orange,東門,2021-08-31,13382.5
Orange,蘆洲,2021-08-31,18658.0
Orange,三民高中,2021-08-31,16135.0
Orange,徐匯中學,2021-08-31,16615.0
Orange,三和國中,2021-08-31,17170.0
Orange,三重國小,2021-08-31,16398.0
Orange,迴龍,2021-08-31,14491.0
Orange,丹鳳,2021-08-31,13717.0
Orange,古亭,2021-09-01,22328.5
Orange,頂溪,2021-09-01,49957.0
Orange,永安市場,2021-09-01,37380.0
Orange,景安,2021-09-01,37738.0
Orange,南勢角,2021-09-01,29694.0
Orange,民權西路,2021-09-01,13578.0
Orange,忠孝新生,2021-09-01,16953.0
Orange,松江南京,2021-09-01,32243.0
Orange,輔大,2021-09-01,12002.0
Orange,新莊,2021-09-01,16958.0
Orange,頭前庄,2021-09-01,6047.0
Orange,先嗇宮,2021-09-01,8205.0
Orange,三重,2021-09-01,9684.0
Orange,菜寮,2021-09-01,15829.0
Orange,台北橋,2021-09-01,14023.0
Orange,大橋頭站,2021-09-01,18181.0
Orange,中山國小,2021-09-01,24338.0
Orange,行天宮,2021-09-01,38969.0
Orange,東門,2021-09-01,15620.5
Orange,蘆洲,2021-09-01,21191.0
Orange,三民高中,2021-09-01,18877.0
Orange,徐匯中學,2021-09-01,18659.0
Orange,三和國中,2021-09-01,19076.0
Orange,三重國小,2021-09-01,17843.0
Orange,迴龍,2021-09-01,16081.0
Orange,丹鳳,2021-09-01,15146.0
Orange,古亭,2021-09-02,22363.0
Orange,頂溪,2021-09-02,50602.0
Orange,永安市場,2021-09-02,37732.0
Orange,景安,2021-09-02,37971.0
Orange,南勢角,2021-09-02,29649.0
Orange,民權西路,2021-09-02,13837.0
Orange,忠孝新生,2021-09-02,17189.0
Orange,松江南京,2021-09-02,32370.0
Orange,輔大,2021-09-02,12160.0
Orange,新莊,2021-09-02,17032.0
Orange,頭前庄,2021-09-02,5989.0
Orange,先嗇宮,2021-09-02,8234.0
Orange,三重,2021-09-02,9812.0
Orange,菜寮,2021-09-02,15895.0
Orange,台北橋,2021-09-02,14139.0
Orange,大橋頭站,2021-09-02,18201.0
Orange,中山國小,2021-09-02,24494.0
Orange,行天宮,2021-09-02,39129.0
Orange,東門,2021-09-02,15470.5
Orange,蘆洲,2021-09-02,21458.0
Orange,三民高中,2021-09-02,18899.0
Orange,徐匯中學,2021-09-02,18538.0
Orange,三和國中,2021-09-02,19299.0
Orange,三重國小,2021-09-02,17881.0
Orange,迴龍,2021-09-02,16023.0
Orange,丹鳳,2021-09-02,15323.0
Orange,古亭,2021-09-03,22871.5
Orange,頂溪,2021-09-03,51855.0
Orange,永安市場,2021-09-03,38490.0
Orange,景安,2021-09-03,38892.0
Orange,南勢角,2021-09-03,30168.0
Orange,民權西路,2021-09-03,13648.5
Orange,忠孝新生,2021-09-03,17813.5
Orange,松江南京,2021-09-03,32104.0
Orange,輔大,2021-09-03,11801.0
Orange,新莊,2021-09-03,17371.0
Orange,頭前庄,2021-09-03,6155.0
Orange,先嗇宮,2021-09-03,8176.0
Orange,三重,2021-09-03,10135.0
Orange,菜寮,2021-09-03,15991.0
Orange,台北橋,2021-09-03,14585.0
Orange,大橋頭站,2021-09-03,19307.0
Orange,中山國小,2021-09-03,24986.0
Orange,行天宮,2021-09-03,40177.0
Orange,東門,2021-09-03,16227.5
Orange,蘆洲,2021-09-03,21826.0
Orange,三民高中,2021-09-03,19228.0
Orange,徐匯中學,2021-09-03,18835.0
Orange,三和國中,2021-09-03,19496.0
Orange,三重國小,2021-09-03,18153.0
Orange,迴龍,2021-09-03,16220.0
Orange,丹鳳,2021-09-03,15438.0
Orange,古亭,2021-09-04,14439.0
Orange,頂溪,2021-09-04,31513.0
Orange,永安市場,2021-09-04,21980.0
Orange,景安,2021-09-04,21378.0
Orange,南勢角,2021-09-04,18378.0
Orange,民權西路,2021-09-04,6495.5
Orange,忠孝新生,2021-09-04,11352.0
Orange,松江南京,2021-09-04,9735.0
Orange,輔大,2021-09-04,6779.0
Orange,新莊,2021-09-04,8792.0
Orange,頭前庄,2021-09-04,3555.0
Orange,先嗇宮,2021-09-04,2901.0
Orange,三重,2021-09-04,6358.0
Orange,菜寮,2021-09-04,8677.0
Orange,台北橋,2021-09-04,10013.0
Orange,大橋頭站,2021-09-04,11778.0
Orange,中山國小,2021-09-04,14201.0
Orange,行天宮,2021-09-04,18744.0
Orange,東門,2021-09-04,10120.0
Orange,蘆洲,2021-09-04,11693.0
Orange,三民高中,2021-09-04,10517.0
Orange,徐匯中學,2021-09-04,11202.0
Orange,三和國中,2021-09-04,10896.0
Orange,三重國小,2021-09-04,11078.0
Orange,迴龍,2021-09-04,8517.0
Orange,丹鳳,2021-09-04,8412.0
Orange,古亭,2021-09-05,11069.5
Orange,頂溪,2021-09-05,26677.0
Orange,永安市場,2021-09-05,18259.0
Orange,景安,2021-09-05,18004.0
Orange,南勢角,2021-09-05,15963.0
Orange,民權西路,2021-09-05,5750.5
Orange,忠孝新生,2021-09-05,9345.5
Orange,松江南京,2021-09-05,7241.0
Orange,輔大,2021-09-05,5839.0
Orange,新莊,2021-09-05,7045.0
Orange,頭前庄,2021-09-05,3035.0
Orange,先嗇宮,2021-09-05,2360.0
Orange,三重,2021-09-05,5514.0
Orange,菜寮,2021-09-05,6780.0
Orange,台北橋,2021-09-05,8627.0
Orange,大橋頭站,2021-09-05,10360.0
Orange,中山國小,2021-09-05,11499.0
Orange,行天宮,2021-09-05,14960.0
Orange,東門,2021-09-05,8432.5
Orange,蘆洲,2021-09-05,9489.0
Orange,三民高中,2021-09-05,8143.0
Orange,徐匯中學,2021-09-05,9198.0
Orange,三和國中,2021-09-05,8782.0
Orange,三重國小,2021-09-05,9070.0
Orange,迴龍,2021-09-05,6952.0
Orange,丹鳳,2021-09-05,6922.0
Orange,古亭,2021-09-06,21748.5
Orange,頂溪,2021-09-06,49357.0
Orange,永安市場,2021-09-06,36530.0
Orange,景安,2021-09-06,37252.0
Orange,南勢角,2021-09-06,29257.0
Orange,民權西路,2021-09-06,13528.5
Orange,忠孝新生,2021-09-06,16590.5
Orange,松江南京,2021-09-06,31702.0
Orange,輔大,2021-09-06,12311.0
Orange,新莊,2021-09-06,16592.0
Orange,頭前庄,2021-09-06,5940.5
Orange,先嗇宮,2021-09-06,8035.0
Orange,三重,2021-09-06,9462.0
Orange,菜寮,2021-09-06,15904.0
Orange,台北橋,2021-09-06,14051.0
Orange,大橋頭站,2021-09-06,18126.0
Orange,中山國小,2021-09-06,24178.0
Orange,行天宮,2021-09-06,38582.0
Orange,東門,2021-09-06,14878.0
Orange,蘆洲,2021-09-06,21244.0
Orange,三民高中,2021-09-06,18730.0
Orange,徐匯中學,2021-09-06,18461.0
Orange,三和國中,2021-09-06,18934.0
Orange,三重國小,2021-09-06,17627.0
Orange,迴龍,2021-09-06,15946.0
Orange,丹鳳,2021-09-06,15102.0
Orange,古亭,2021-09-07,22916.5
Orange,頂溪,2021-09-07,50858.0
Orange,永安市場,2021-09-07,37699.0
Orange,景安,2021-09-07,38092.0
Orange,南勢角,2021-09-07,29983.0
Orange,民權西路,2021-09-07,13651.5
Orange,忠孝新生,2021-09-07,17014.5
Orange,松江南京,2021-09-07,32419.5
Orange,輔大,2021-09-07,12470.0
Orange,新莊,2021-09-07,16650.0
Orange,頭前庄,2021-09-07,5915.5
Orange,先嗇宮,2021-09-07,8111.0
Orange,三重,2021-09-07,9591.0
Orange,菜寮,2021-09-07,15998.0
Orange,台北橋,2021-09-07,14283.0
Orange,大橋頭站,2021-09-07,18014.0
Orange,中山國小,2021-09-07,24514.0
Orange,行天宮,2021-09-07,40888.0
Orange,東門,2021-09-07,15826.5
Orange,蘆洲,2021-09-07,21787.0
Orange,三民高中,2021-09-07,19145.0
Orange,徐匯中學,2021-09-07,18827.0
Orange,三和國中,2021-09-07,19335.0
Orange,三重國小,2021-09-07,17933.0
Orange,迴龍,2021-09-07,16117.0
Orange,丹鳳,2021-09-07,15267.0
Orange,古亭,2021-09-08,22626.0
Orange,頂溪,2021-09-08,50073.0
Orange,永安市場,2021-09-08,37283.0
Orange,景安,2021-09-08,37841.0
Orange,南勢角,2021-09-08,29758.0
Orange,民權西路,2021-09-08,13336.0
Orange,忠孝新生,2021-09-08,16966.5
Orange,松江南京,2021-09-08,32122.5
Orange,輔大,2021-09-08,12300.0
Orange,新莊,2021-09-08,16815.0
Orange,頭前庄,2021-09-08,6010.0
Orange,先嗇宮,2021-09-08,7993.0
Orange,三重,2021-09-08,9572.0
Orange,菜寮,2021-09-08,16035.0
Orange,台北橋,2021-09-08,14008.0
Orange,大橋頭站,2021-09-08,17860.0
Orange,中山國小,2021-09-08,24510.0
Orange,行天宮,2021-09-08,39980.0
Orange,東門,2021-09-08,15428.0
Orange,蘆洲,2021-09-08,21555.0
Orange,三民高中,2021-09-08,18991.0
Orange,徐匯中學,2021-09-08,18629.0
Orange,三和國中,2021-09-08,19348.0
Orange,三重國小,2021-09-08,17729.0
Orange,迴龍,2021-09-08,16141.0
Orange,丹鳳,2021-09-08,15098.0
Orange,古亭,2021-09-09,21817.0
Orange,頂溪,2021-09-09,48360.0
Orange,永安市場,2021-09-09,36075.0
Orange,景安,2021-09-09,36643.0
Orange,南勢角,2021-09-09,28900.0
Orange,民權西路,2021-09-09,13077.0
Orange,忠孝新生,2021-09-09,16399.5
Orange,松江南京,2021-09-09,31159.5
Orange,輔大,2021-09-09,11459.0
Orange,新莊,2021-09-09,15788.0
Orange,頭前庄,2021-09-09,5725.0
Orange,先嗇宮,2021-09-09,7866.0
Orange,三重,2021-09-09,9221.0
Orange,菜寮,2021-09-09,16196.0
Orange,台北橋,2021-09-09,13346.0
Orange,大橋頭站,2021-09-09,17974.0
Orange,中山國小,2021-09-09,23602.0
Orange,行天宮,2021-09-09,38534.0
Orange,東門,2021-09-09,15052.0
Orange,蘆洲,2021-09-09,20503.0
Orange,三民高中,2021-09-09,18117.0
Orange,徐匯中學,2021-09-09,17768.0
Orange,三和國中,2021-09-09,18698.0
Orange,三重國小,2021-09-09,17132.0
Orange,迴龍,2021-09-09,15467.0
Orange,丹鳳,2021-09-09,14718.0
Orange,古亭,2021-09-10,21741.0
Orange,頂溪,2021-09-10,48808.0
Orange,永安市場,2021-09-10,35802.0
Orange,景安,2021-09-10,36627.0
Orange,南勢角,2021-09-10,28790.0
Orange,民權西路,2021-09-10,13168.5
Orange,忠孝新生,2021-09-10,16401.5
Orange,松江南京,2021-09-10,30508.5
Orange,輔大,2021-09-10,11336.0
Orange,新莊,2021-09-10,16335.0
Orange,頭前庄,2021-09-10,5736.0
Orange,先嗇宮,2021-09-10,7542.0
Orange,三重,2021-09-10,9342.0
Orange,菜寮,2021-09-10,16204.0
Orange,台北橋,2021-09-10,13382.0
Orange,大橋頭站,2021-09-10,18280.0
Orange,中山國小,2021-09-10,23898.0
Orange,行天宮,2021-09-10,37707.0
Orange,東門,2021-09-10,15477.0
Orange,蘆洲,2021-09-10,20426.0
Orange,三民高中,2021-09-10,18205.0
Orange,徐匯中學,2021-09-10,17628.0
Orange,三和國中,2021-09-10,18324.0
Orange,三重國小,2021-09-10,17190.0
Orange,迴龍,2021-09-10,15193.0
Orange,丹鳳,2021-09-10,14422.0
Orange,古亭,2021-09-11,17336.0
Orange,頂溪,2021-09-11,39673.0
Orange,永安市場,2021-09-11,28798.0
Orange,景安,2021-09-11,28954.0
Orange,南勢角,2021-09-11,23551.0
Orange,民權西路,2021-09-11,10396.5
Orange,忠孝新生,2021-09-11,13843.5
Orange,松江南京,2021-09-11,22396.5
Orange,輔大,2021-09-11,8372.0
Orange,新莊,2021-09-11,13279.0
Orange,頭前庄,2021-09-11,4568.5
Orange,先嗇宮,2021-09-11,5446.0
Orange,三重,2021-09-11,7711.0
Orange,菜寮,2021-09-11,12786.0
Orange,台北橋,2021-09-11,11649.0
Orange,大橋頭站,2021-09-11,15437.0
Orange,中山國小,2021-09-11,19553.0
Orange,行天宮,2021-09-11,28348.0
Orange,東門,2021-09-11,13891.0
Orange,蘆洲,2021-09-11,16433.0
Orange,三民高中,2021-09-11,15195.0
Orange,徐匯中學,2021-09-11,14458.0
Orange,三和國中,2021-09-11,15267.0
Orange,三重國小,2021-09-11,14416.0
Orange,迴龍,2021-09-11,12312.0
Orange,丹鳳,2021-09-11,11972.0
Orange,古亭,2021-09-12,3554.0
Orange,頂溪,2021-09-12,8785.0
Orange,永安市場,2021-09-12,5435.0
Orange,景安,2021-09-12,5780.0
Orange,南勢角,2021-09-12,5542.0
Orange,民權西路,2021-09-12,2301.5
Orange,忠孝新生,2021-09-12,2366.0
Orange,松江南京,2021-09-12,2867.5
Orange,輔大,2021-09-12,1995.0
Orange,新莊,2021-09-12,2279.0
Orange,頭前庄,2021-09-12,1001.0
Orange,先嗇宮,2021-09-12,954.0
Orange,三重,2021-09-12,1795.0
Orange,菜寮,2021-09-12,2588.0
Orange,台北橋,2021-09-12,3054.0
Orange,大橋頭站,2021-09-12,3279.0
Orange,中山國小,2021-09-12,4801.0
Orange,行天宮,2021-09-12,5291.0
Orange,東門,2021-09-12,2840.5
Orange,蘆洲,2021-09-12,2826.0
Orange,三民高中,2021-09-12,2580.0
Orange,徐匯中學,2021-09-12,2963.0
Orange,三和國中,2021-09-12,3019.0
Orange,三重國小,2021-09-12,3319.0
Orange,迴龍,2021-09-12,2616.0
Orange,丹鳳,2021-09-12,2557.0
Orange,古亭,2021-09-13,22530.0
Orange,頂溪,2021-09-13,48687.0
Orange,永安市場,2021-09-13,36122.0
Orange,景安,2021-09-13,37034.0
Orange,南勢角,2021-09-13,28625.0
Orange,民權西路,2021-09-13,13328.5
Orange,忠孝新生,2021-09-13,17036.0
Orange,松江南京,2021-09-13,31402.0
Orange,輔大,2021-09-13,11993.0
Orange,新莊,2021-09-13,15900.0
Orange,頭前庄,2021-09-13,5692.0
Orange,先嗇宮,2021-09-13,7784.0
Orange,三重,2021-09-13,9251.0
Orange,菜寮,2021-09-13,15583.0
Orange,台北橋,2021-09-13,13442.0
Orange,大橋頭站,2021-09-13,17808.0
Orange,中山國小,2021-09-13,23707.0
Orange,行天宮,2021-09-13,39195.0
Orange,東門,2021-09-13,15028.5
Orange,蘆洲,2021-09-13,20623.0
Orange,三民高中,2021-09-13,18169.0
Orange,徐匯中學,2021-09-13,17647.0
Orange,三和國中,2021-09-13,18824.0
Orange,三重國小,2021-09-13,17274.0
Orange,迴龍,2021-09-13,15682.0
Orange,丹鳳,2021-09-13,14722.0
Orange,古亭,2021-09-14,23357.0
Orange,頂溪,2021-09-14,50560.0
Orange,永安市場,2021-09-14,37521.0
Orange,景安,2021-09-14,38182.0
Orange,南勢角,2021-09-14,29596.0
Orange,民權西路,2021-09-14,13824.5
Orange,忠孝新生,2021-09-14,17466.5
Orange,松江南京,2021-09-14,32552.0
Orange,輔大,2021-09-14,12359.0
Orange,新莊,2021-09-14,16684.0
Orange,頭前庄,2021-09-14,5962.0
Orange,先嗇宮,2021-09-14,7917.0
Orange,三重,2021-09-14,9672.0
Orange,菜寮,2021-09-14,15785.0
Orange,台北橋,2021-09-14,13909.0
Orange,大橋頭站,2021-09-14,18042.0
Orange,中山國小,2021-09-14,24508.0
Orange,行天宮,2021-09-14,40515.0
Orange,東門,2021-09-14,15940.5
Orange,蘆洲,2021-09-14,21329.0
Orange,三民高中,2021-09-14,18880.0
Orange,徐匯中學,2021-09-14,18417.0
Orange,三和國中,2021-09-14,19245.0
Orange,三重國小,2021-09-14,17896.0
Orange,迴龍,2021-09-14,16130.0
Orange,丹鳳,2021-09-14,15284.0
Orange,古亭,2021-09-15,23595.5
Orange,頂溪,2021-09-15,50520.0
Orange,永安市場,2021-09-15,37740.0
Orange,景安,2021-09-15,38752.0
Orange,南勢角,2021-09-15,30049.0
Orange,民權西路,2021-09-15,14162.5
Orange,忠孝新生,2021-09-15,17650.5
Orange,松江南京,2021-09-15,32971.5
Orange,輔大,2021-09-15,12524.0
Orange,新莊,2021-09-15,16894.0
Orange,頭前庄,2021-09-15,6011.0
Orange,先嗇宮,2021-09-15,8154.0
Orange,三重,2021-09-15,9766.0
Orange,菜寮,2021-09-15,16066.0
Orange,台北橋,2021-09-15,14199.0
Orange,大橋頭站,2021-09-15,18690.0
Orange,中山國小,2021-09-15,25205.0
Orange,行天宮,2021-09-15,41018.0
Orange,東門,2021-09-15,16468.5
Orange,蘆洲,2021-09-15,21756.0
Orange,三民高中,2021-09-15,19256.0
Orange,徐匯中學,2021-09-15,18819.0
Orange,三和國中,2021-09-15,19454.0
Orange,三重國小,2021-09-15,18147.0
Orange,迴龍,2021-09-15,16477.0
Orange,丹鳳,2021-09-15,15367.0
Orange,古亭,2021-09-16,23069.5
Orange,頂溪,2021-09-16,51474.0
Orange,永安市場,2021-09-16,37804.0
Orange,景安,2021-09-16,38622.0
Orange,南勢角,2021-09-16,30235.0
Orange,民權西路,2021-09-16,13735.0
Orange,忠孝新生,2021-09-16,17525.0
Orange,松江南京,2021-09-16,33013.0
Orange,輔大,2021-09-16,12468.0
Orange,新莊,2021-09-16,17002.0
Orange,頭前庄,2021-09-16,5978.5
Orange,先嗇宮,2021-09-16,8265.0
Orange,三重,2021-09-16,9936.0
Orange,菜寮,2021-09-16,16023.0
Orange,台北橋,2021-09-16,14053.0
Orange,大橋頭站,2021-09-16,18716.0
Orange,中山國小,2021-09-16,25037.0
Orange,行天宮,2021-09-16,41001.0
Orange,東門,2021-09-16,16244.5
Orange,蘆洲,2021-09-16,21532.0
Orange,三民高中,2021-09-16,19137.0
Orange,徐匯中學,2021-09-16,19011.0
Orange,三和國中,2021-09-16,19215.0
Orange,三重國小,2021-09-16,17928.0
Orange,迴龍,2021-09-16,16066.0
Orange,丹鳳,2021-09-16,15312.0
Orange,古亭,2021-09-17,23757.0
Orange,頂溪,2021-09-17,52845.0
Orange,永安市場,2021-09-17,38970.0
Orange,景安,2021-09-17,39657.0
Orange,南勢角,2021-09-17,30806.0
Orange,民權西路,2021-09-17,13861.5
Orange,忠孝新生,2021-09-17,18256.0
Orange,松江南京,2021-09-17,32628.0
Orange,輔大,2021-09-17,12616.0
Orange,新莊,2021-09-17,17311.0
Orange,頭前庄,2021-09-17,6262.0
Orange,先嗇宮,2021-09-17,8327.0
Orange,三重,2021-09-17,10390.0
Orange,菜寮,2021-09-17,16302.0
Orange,台北橋,2021-09-17,14818.0
Orange,大橋頭站,2021-09-17,19774.0
Orange,中山國小,2021-09-17,26101.0
Orange,行天宮,2021-09-17,41184.0
Orange,東門,2021-09-17,16681.0
Orange,蘆洲,2021-09-17,22138.0
Orange,三民高中,2021-09-17,20097.0
Orange,徐匯中學,2021-09-17,19576.0
Orange,三和國中,2021-09-17,19946.0
Orange,三重國小,2021-09-17,18717.0
Orange,迴龍,2021-09-17,16590.0
Orange,丹鳳,2021-09-17,15528.0
Orange,古亭,2021-09-18,13242.0
Orange,頂溪,2021-09-18,32660.0
Orange,永安市場,2021-09-18,22695.0
Orange,景安,2021-09-18,22476.0
Orange,南勢角,2021-09-18,19470.0
Orange,民權西路,2021-09-18,6157.0
Orange,忠孝新生,2021-09-18,11263.0
Orange,松江南京,2021-09-18,9506.0
Orange,輔大,2021-09-18,7104.0
Orange,新莊,2021-09-18,8938.0
Orange,頭前庄,2021-09-18,3502.0
Orange,先嗇宮,2021-09-18,2853.0
Orange,三重,2021-09-18,6503.0
Orange,菜寮,2021-09-18,8437.0
Orange,台北橋,2021-09-18,10242.0
Orange,大橋頭站,2021-09-18,12044.0
Orange,中山國小,2021-09-18,13948.0
Orange,行天宮,2021-09-18,18210.0
Orange,東門,2021-09-18,10004.0
Orange,蘆洲,2021-09-18,12249.0
Orange,三民高中,2021-09-18,10815.0
Orange,徐匯中學,2021-09-18,11207.0
Orange,三和國中,2021-09-18,11279.0
Orange,三重國小,2021-09-18,11526.0
Orange,迴龍,2021-09-18,8865.0
Orange,丹鳳,2021-09-18,8564.0
Orange,古亭,2021-09-19,10071.5
Orange,頂溪,2021-09-19,29123.0
Orange,永安市場,2021-09-19,19466.0
Orange,景安,2021-09-19,19060.0
Orange,南勢角,2021-09-19,16998.0
Orange,民權西路,2021-09-19,5676.0
Orange,忠孝新生,2021-09-19,9817.5
Orange,松江南京,2021-09-19,7332.5
Orange,輔大,2021-09-19,6020.0
Orange,新莊,2021-09-19,7670.0
Orange,頭前庄,2021-09-19,3188.0
Orange,先嗇宮,2021-09-19,2459.0
Orange,三重,2021-09-19,6260.0
Orange,菜寮,2021-09-19,7362.0
Orange,台北橋,2021-09-19,9028.0
Orange,大橋頭站,2021-09-19,10277.0
Orange,中山國小,2021-09-19,11450.0
Orange,行天宮,2021-09-19,15462.0
Orange,東門,2021-09-19,8065.5
Orange,蘆洲,2021-09-19,10707.0
Orange,三民高中,2021-09-19,8982.0
Orange,徐匯中學,2021-09-19,9443.0
Orange,三和國中,2021-09-19,9440.0
Orange,三重國小,2021-09-19,9941.0
Orange,迴龍,2021-09-19,7839.0
Orange,丹鳳,2021-09-19,7697.0
Orange,古亭,2021-09-20,10935.5
Orange,頂溪,2021-09-20,30443.0
Orange,永安市場,2021-09-20,20594.0
Orange,景安,2021-09-20,20856.0
Orange,南勢角,2021-09-20,18110.0
Orange,民權西路,2021-09-20,5347.0
Orange,忠孝新生,2021-09-20,10163.5
Orange,松江南京,2021-09-20,8170.5
Orange,輔大,2021-09-20,6896.0
Orange,新莊,2021-09-20,8478.0
Orange,頭前庄,2021-09-20,3617.5
Orange,先嗇宮,2021-09-20,2443.0
Orange,三重,2021-09-20,6016.0
Orange,菜寮,2021-09-20,7918.0
Orange,台北橋,2021-09-20,9420.0
Orange,大橋頭站,2021-09-20,10892.0
Orange,中山國小,2021-09-20,12461.0
Orange,行天宮,2021-09-20,15975.0
Orange,東門,2021-09-20,8084.0
Orange,蘆洲,2021-09-20,11309.0
Orange,三民高中,2021-09-20,9824.0
Orange,徐匯中學,2021-09-20,9986.0
Orange,三和國中,2021-09-20,10288.0
Orange,三重國小,2021-09-20,10633.0
Orange,迴龍,2021-09-20,8399.0
Orange,丹鳳,2021-09-20,8148.0
Orange,古亭,2021-09-21,9515.5
Orange,頂溪,2021-09-21,26964.0
Orange,永安市場,2021-09-21,18302.0
Orange,景安,2021-09-21,17828.0
Orange,南勢角,2021-09-21,16196.0
Orange,民權西路,2021-09-21,4420.0
Orange,忠孝新生,2021-09-21,8695.5
Orange,松江南京,2021-09-21,6751.5
Orange,輔大,2021-09-21,5887.0
Orange,新莊,2021-09-21,6524.0
Orange,頭前庄,2021-09-21,2819.0
Orange,先嗇宮,2021-09-21,2295.0
Orange,三重,2021-09-21,5293.0
Orange,菜寮,2021-09-21,6722.0
Orange,台北橋,2021-09-21,8205.0
Orange,大橋頭站,2021-09-21,10072.0
Orange,中山國小,2021-09-21,11424.0
Orange,行天宮,2021-09-21,15259.0
Orange,東門,2021-09-21,7365.5
Orange,蘆洲,2021-09-21,9593.0
Orange,三民高中,2021-09-21,8279.0
Orange,徐匯中學,2021-09-21,8743.0
Orange,三和國中,2021-09-21,8559.0
Orange,三重國小,2021-09-21,9594.0
Orange,迴龍,2021-09-21,7017.0
Orange,丹鳳,2021-09-21,6887.0
Orange,古亭,2021-09-22,23003.0
Orange,頂溪,2021-09-22,51017.0
Orange,永安市場,2021-09-22,37824.0
Orange,景安,2021-09-22,38285.0
Orange,南勢角,2021-09-22,30174.0
Orange,民權西路,2021-09-22,13569.0
Orange,忠孝新生,2021-09-22,17259.5
Orange,松江南京,2021-09-22,32154.0
Orange,輔大,2021-09-22,12737.0
Orange,新莊,2021-09-22,16884.0
Orange,頭前庄,2021-09-22,5857.0
Orange,先嗇宮,2021-09-22,8085.0
Orange,三重,2021-09-22,9742.0
Orange,菜寮,2021-09-22,16034.0
Orange,台北橋,2021-09-22,13978.0
Orange,大橋頭站,2021-09-22,18515.0
Orange,中山國小,2021-09-22,24576.0
Orange,行天宮,2021-09-22,40764.0
Orange,東門,2021-09-22,15165.5
Orange,蘆洲,2021-09-22,21642.0
Orange,三民高中,2021-09-22,19244.0
Orange,徐匯中學,2021-09-22,18508.0
Orange,三和國中,2021-09-22,19200.0
Orange,三重國小,2021-09-22,18046.0
Orange,迴龍,2021-09-22,16238.0
Orange,丹鳳,2021-09-22,15198.0
Orange,古亭,2021-09-23,23252.5
Orange,頂溪,2021-09-23,51220.0
Orange,永安市場,2021-09-23,37767.0
Orange,景安,2021-09-23,38555.0
Orange,南勢角,2021-09-23,30306.0
Orange,民權西路,2021-09-23,13753.0
Orange,忠孝新生,2021-09-23,17553.0
Orange,松江南京,2021-09-23,32450.0
Orange,輔大,2021-09-23,12494.0
Orange,新莊,2021-09-23,17060.0
Orange,頭前庄,2021-09-23,6002.5
Orange,先嗇宮,2021-09-23,8107.0
Orange,三重,2021-09-23,10056.0
Orange,菜寮,2021-09-23,16077.0
Orange,台北橋,2021-09-23,14337.0
Orange,大橋頭站,2021-09-23,18565.0
Orange,中山國小,2021-09-23,24902.0
Orange,行天宮,2021-09-23,41155.0
Orange,東門,2021-09-23,15403.5
Orange,蘆洲,2021-09-23,21620.0
Orange,三民高中,2021-09-23,19105.0
Orange,徐匯中學,2021-09-23,18796.0
Orange,三和國中,2021-09-23,19448.0
Orange,三重國小,2021-09-23,18151.0
Orange,迴龍,2021-09-23,16348.0
Orange,丹鳳,2021-09-23,15320.0
Orange,古亭,2021-09-24,24232.0
Orange,頂溪,2021-09-24,53507.0
Orange,永安市場,2021-09-24,39703.0
Orange,景安,2021-09-24,40001.0
Orange,南勢角,2021-09-24,31256.0
Orange,民權西路,2021-09-24,13941.5
Orange,忠孝新生,2021-09-24,19215.5
Orange,松江南京,2021-09-24,32901.0
Orange,輔大,2021-09-24,13273.0
Orange,新莊,2021-09-24,16501.0
Orange,頭前庄,2021-09-24,6263.5
Orange,先嗇宮,2021-09-24,8273.0
Orange,三重,2021-09-24,10340.0
Orange,菜寮,2021-09-24,16557.0
Orange,台北橋,2021-09-24,14826.0
Orange,大橋頭站,2021-09-24,20079.0
Orange,中山國小,2021-09-24,26165.0
Orange,行天宮,2021-09-24,42413.0
Orange,東門,2021-09-24,16284.5
Orange,蘆洲,2021-09-24,22222.0
Orange,三民高中,2021-09-24,19814.0
Orange,徐匯中學,2021-09-24,19476.0
Orange,三和國中,2021-09-24,19493.0
Orange,三重國小,2021-09-24,18612.0
Orange,迴龍,2021-09-24,16023.0
Orange,丹鳳,2021-09-24,15568.0
Orange,古亭,2021-09-25,16227.0
Orange,頂溪,2021-09-25,36810.0
Orange,永安市場,2021-09-25,25530.0
Orange,景安,2021-09-25,25082.0
Orange,南勢角,2021-09-25,21290.0
Orange,民權西路,2021-09-25,7264.0
Orange,忠孝新生,2021-09-25,13970.0
Orange,松江南京,2021-09-25,11465.0
Orange,輔大,2021-09-25,8504.0
Orange,新莊,2021-09-25,10781.0
Orange,頭前庄,2021-09-25,3899.5
Orange,先嗇宮,2021-09-25,3071.0
Orange,三重,2021-09-25,7210.0
Orange,菜寮,2021-09-25,9513.0
Orange,台北橋,2021-09-25,11224.0
Orange,大橋頭站,2021-09-25,14107.0
Orange,中山國小,2021-09-25,16221.0
Orange,行天宮,2021-09-25,21915.0
Orange,東門,2021-09-25,11547.0
Orange,蘆洲,2021-09-25,13086.0
Orange,三民高中,2021-09-25,11710.0
Orange,徐匯中學,2021-09-25,12539.0
Orange,三和國中,2021-09-25,13415.0
Orange,三重國小,2021-09-25,12770.0
Orange,迴龍,2021-09-25,9534.0
Orange,丹鳳,2021-09-25,9579.0
Orange,古亭,2021-09-26,12270.5
Orange,頂溪,2021-09-26,30504.0
Orange,永安市場,2021-09-26,20702.0
Orange,景安,2021-09-26,20437.0
Orange,南勢角,2021-09-26,17461.0
Orange,民權西路,2021-09-26,6573.5
Orange,忠孝新生,2021-09-26,11166.0
Orange,松江南京,2021-09-26,8415.5
Orange,輔大,2021-09-26,7383.0
Orange,新莊,2021-09-26,8969.0
Orange,頭前庄,2021-09-26,3427.5
Orange,先嗇宮,2021-09-26,2616.0
Orange,三重,2021-09-26,6551.0
Orange,菜寮,2021-09-26,7896.0
Orange,台北橋,2021-09-26,9169.0
Orange,大橋頭站,2021-09-26,11858.0
Orange,中山國小,2021-09-26,12692.0
Orange,行天宮,2021-09-26,18230.0
Orange,東門,2021-09-26,9398.0
Orange,蘆洲,2021-09-26,10709.0
Orange,三民高中,2021-09-26,9297.0
Orange,徐匯中學,2021-09-26,10017.0
Orange,三和國中,2021-09-26,9687.0
Orange,三重國小,2021-09-26,10600.0
Orange,迴龍,2021-09-26,8093.0
Orange,丹鳳,2021-09-26,8282.0
Orange,古亭,2021-09-27,23105.0
Orange,頂溪,2021-09-27,51526.0
Orange,永安市場,2021-09-27,38345.0
Orange,景安,2021-09-27,38485.0
Orange,南勢角,2021-09-27,30501.0
Orange,民權西路,2021-09-27,13700.5
Orange,忠孝新生,2021-09-27,17896.5
Orange,松江南京,2021-09-27,32319.5
Orange,輔大,2021-09-27,12612.0
Orange,新莊,2021-09-27,17118.0
Orange,頭前庄,2021-09-27,6033.0
Orange,先嗇宮,2021-09-27,8135.0
Orange,三重,2021-09-27,9826.0
Orange,菜寮,2021-09-27,16239.0
Orange,台北橋,2021-09-27,14030.0
Orange,大橋頭站,2021-09-27,18635.0
Orange,中山國小,2021-09-27,24475.0
Orange,行天宮,2021-09-27,41287.0
Orange,東門,2021-09-27,15178.0
Orange,蘆洲,2021-09-27,21756.0
Orange,三民高中,2021-09-27,19137.0
Orange,徐匯中學,2021-09-27,18876.0
Orange,三和國中,2021-09-27,19424.0
Orange,三重國小,2021-09-27,18383.0
Orange,迴龍,2021-09-27,16408.0
Orange,丹鳳,2021-09-27,15456.0
Orange,古亭,2021-09-28,23358.5
Orange,頂溪,2021-09-28,52764.0
Orange,永安市場,2021-09-28,38928.0
Orange,景安,2021-09-28,39135.0
Orange,南勢角,2021-09-28,30704.0
Orange,民權西路,2021-09-28,13959.0
Orange,忠孝新生,2021-09-28,18089.0
Orange,松江南京,2021-09-28,32613.5
Orange,輔大,2021-09-28,12936.0
Orange,新莊,2021-09-28,17790.0
Orange,頭前庄,2021-09-28,5981.0
Orange,先嗇宮,2021-09-28,8154.0
Orange,三重,2021-09-28,9999.0
Orange,菜寮,2021-09-28,15640.0
Orange,台北橋,2021-09-28,14516.0
Orange,大橋頭站,2021-09-28,18490.0
Orange,中山國小,2021-09-28,25331.0
Orange,行天宮,2021-09-28,41866.0
Orange,東門,2021-09-28,16346.5
Orange,蘆洲,2021-09-28,21749.0
Orange,三民高中,2021-09-28,19610.0
Orange,徐匯中學,2021-09-28,19119.0
Orange,三和國中,2021-09-28,19376.0
Orange,三重國小,2021-09-28,18499.0
Orange,迴龍,2021-09-28,16841.0
Orange,丹鳳,2021-09-28,15765.0
Orange,古亭,2021-09-29,23833.5
Orange,頂溪,2021-09-29,52457.0
Orange,永安市場,2021-09-29,39106.0
Orange,景安,2021-09-29,39406.0
Orange,南勢角,2021-09-29,30828.0
Orange,民權西路,2021-09-29,13967.5
Orange,忠孝新生,2021-09-29,18855.0
Orange,松江南京,2021-09-29,32856.5
Orange,輔大,2021-09-29,13186.0
Orange,新莊,2021-09-29,17469.0
Orange,頭前庄,2021-09-29,6064.5
Orange,先嗇宮,2021-09-29,8271.0
Orange,三重,2021-09-29,9916.0
Orange,菜寮,2021-09-29,15811.0
Orange,台北橋,2021-09-29,14341.0
Orange,大橋頭站,2021-09-29,18755.0
Orange,中山國小,2021-09-29,24810.0
Orange,行天宮,2021-09-29,42660.0
Orange,東門,2021-09-29,16565.5
Orange,蘆洲,2021-09-29,21792.0
Orange,三民高中,2021-09-29,19350.0
Orange,徐匯中學,2021-09-29,18944.0
Orange,三和國中,2021-09-29,19340.0
Orange,三重國小,2021-09-29,18441.0
Orange,迴龍,2021-09-29,16858.0
Orange,丹鳳,2021-09-29,15674.0
Orange,古亭,2021-09-30,23996.0
Orange,頂溪,2021-09-30,51884.0
Orange,永安市場,2021-09-30,38923.0
Orange,景安,2021-09-30,39067.0
Orange,南勢角,2021-09-30,30611.0
Orange,民權西路,2021-09-30,14157.5
Orange,忠孝新生,2021-09-30,18508.5
Orange,松江南京,2021-09-30,33338.5
Orange,輔大,2021-09-30,12828.0
Orange,新莊,2021-09-30,17349.0
Orange,頭前庄,2021-09-30,6294.5
Orange,先嗇宮,2021-09-30,8220.0
Orange,三重,2021-09-30,9961.0
Orange,菜寮,2021-09-30,16462.0
Orange,台北橋,2021-09-30,14315.0
Orange,大橋頭站,2021-09-30,19121.0
Orange,中山國小,2021-09-30,25070.0
Orange,行天宮,2021-09-30,42002.0
Orange,東門,2021-09-30,16360.0
Orange,蘆洲,2021-09-30,21659.0
Orange,三民高中,2021-09-30,19393.0
Orange,徐匯中學,2021-09-30,18885.0
Orange,三和國中,2021-09-30,19493.0
Orange,三重國小,2021-09-30,18249.0
Orange,迴龍,2021-09-30,17107.0
Orange,丹鳳,2021-09-30,15495.0
Orange,古亭,2021-10-01,24552.0
Orange,頂溪,2021-10-01,53834.0
Orange,永安市場,2021-10-01,40975.0
Orange,景安,2021-10-01,40532.0
Orange,南勢角,2021-10-01,31940.0
Orange,民權西路,2021-10-01,12953.5
Orange,忠孝新生,2021-10-01,19517.5
Orange,松江南京,2021-10-01,33368.0
Orange,輔大,2021-10-01,13791.0
Orange,新莊,2021-10-01,17692.0
Orange,頭前庄,2021-10-01,6407.0
Orange,先嗇宮,2021-10-01,8225.0
Orange,三重,2021-10-01,10600.0
Orange,菜寮,2021-10-01,16600.0
Orange,台北橋,2021-10-01,15352.0
Orange,大橋頭站,2021-10-01,20626.0
Orange,中山國小,2021-10-01,26567.0
Orange,行天宮,2021-10-01,43221.0
Orange,東門,2021-10-01,16693.0
Orange,蘆洲,2021-10-01,22382.0
Orange,三民高中,2021-10-01,19896.0
Orange,徐匯中學,2021-10-01,19460.0
Orange,三和國中,2021-10-01,20150.0
Orange,三重國小,2021-10-01,18833.0
Orange,迴龍,2021-10-01,17156.0
Orange,丹鳳,2021-10-01,15955.0
Orange,古亭,2021-10-02,17577.5
Orange,頂溪,2021-10-02,39418.0
Orange,永安市場,2021-10-02,27942.0
Orange,景安,2021-10-02,26602.0
Orange,南勢角,2021-10-02,22306.0
Orange,民權西路,2021-10-02,7595.0
Orange,忠孝新生,2021-10-02,15482.0
Orange,松江南京,2021-10-02,11869.5
Orange,輔大,2021-10-02,10552.0
Orange,新莊,2021-10-02,11418.0
Orange,頭前庄,2021-10-02,4559.0
Orange,先嗇宮,2021-10-02,3316.0
Orange,三重,2021-10-02,8203.0
Orange,菜寮,2021-10-02,10053.0
Orange,台北橋,2021-10-02,11987.0
Orange,大橋頭站,2021-10-02,14584.0
Orange,中山國小,2021-10-02,16525.0
Orange,行天宮,2021-10-02,24001.0
Orange,東門,2021-10-02,12327.5
Orange,蘆洲,2021-10-02,14056.0
Orange,三民高中,2021-10-02,12607.0
Orange,徐匯中學,2021-10-02,13016.0
Orange,三和國中,2021-10-02,12882.0
Orange,三重國小,2021-10-02,13179.0
Orange,迴龍,2021-10-02,10248.0
Orange,丹鳳,2021-10-02,10154.0
Orange,古亭,2021-10-03,13093.5
Orange,頂溪,2021-10-03,32403.0
Orange,永安市場,2021-10-03,22149.0
Orange,景安,2021-10-03,21316.0
Orange,南勢角,2021-10-03,18982.0
Orange,民權西路,2021-10-03,6838.5
Orange,忠孝新生,2021-10-03,12281.0
Orange,松江南京,2021-10-03,8464.5
Orange,輔大,2021-10-03,10089.0
Orange,新莊,2021-10-03,8688.0
Orange,頭前庄,2021-10-03,4078.0
Orange,先嗇宮,2021-10-03,2676.0
Orange,三重,2021-10-03,7019.0
Orange,菜寮,2021-10-03,8172.0
Orange,台北橋,2021-10-03,9870.0
Orange,大橋頭站,2021-10-03,12411.0
Orange,中山國小,2021-10-03,13157.0
Orange,行天宮,2021-10-03,19503.0
Orange,東門,2021-10-03,9934.5
Orange,蘆洲,2021-10-03,11369.0
Orange,三民高中,2021-10-03,10023.0
Orange,徐匯中學,2021-10-03,10542.0
Orange,三和國中,2021-10-03,10587.0
Orange,三重國小,2021-10-03,11033.0
Orange,迴龍,2021-10-03,8623.0
Orange,丹鳳,2021-10-03,8387.0
Orange,古亭,2021-10-04,23889.5
Orange,頂溪,2021-10-04,53697.0
Orange,永安市場,2021-10-04,39743.0
Orange,景安,2021-10-04,40479.0
Orange,南勢角,2021-10-04,32362.0
Orange,民權西路,2021-10-04,14370.5
Orange,忠孝新生,2021-10-04,18638.5
Orange,松江南京,2021-10-04,33222.0
Orange,輔大,2021-10-04,25432.0
Orange,新莊,2021-10-04,18352.0
Orange,頭前庄,2021-10-04,6809.0
Orange,先嗇宮,2021-10-04,8481.0
Orange,三重,2021-10-04,10816.0
Orange,菜寮,2021-10-04,17053.0
Orange,台北橋,2021-10-04,14993.0
Orange,大橋頭站,2021-10-04,19403.0
Orange,中山國小,2021-10-04,25729.0
Orange,行天宮,2021-10-04,42757.0
Orange,東門,2021-10-04,15637.0
Orange,蘆洲,2021-10-04,22830.0
Orange,三民高中,2021-10-04,20201.0
Orange,徐匯中學,2021-10-04,19783.0
Orange,三和國中,2021-10-04,20160.0
Orange,三重國小,2021-10-04,18758.0
Orange,迴龍,2021-10-04,17647.0
Orange,丹鳳,2021-10-04,16530.0
Orange,古亭,2021-10-05,24679.0
Orange,頂溪,2021-10-05,55766.0
Orange,永安市場,2021-10-05,41388.0
Orange,景安,2021-10-05,41210.0
Orange,南勢角,2021-10-05,33170.0
Orange,民權西路,2021-10-05,14567.0
Orange,忠孝新生,2021-10-05,19592.5
Orange,松江南京,2021-10-05,34138.5
Orange,輔大,2021-10-05,25825.0
Orange,新莊,2021-10-05,18501.0
Orange,頭前庄,2021-10-05,6905.0
Orange,先嗇宮,2021-10-05,8629.0
Orange,三重,2021-10-05,10776.0
Orange,菜寮,2021-10-05,17755.0
Orange,台北橋,2021-10-05,15176.0
Orange,大橋頭站,2021-10-05,19597.0
Orange,中山國小,2021-10-05,26656.0
Orange,行天宮,2021-10-05,44212.0
Orange,東門,2021-10-05,17074.0
Orange,蘆洲,2021-10-05,23589.0
Orange,三民高中,2021-10-05,20654.0
Orange,徐匯中學,2021-10-05,20214.0
Orange,三和國中,2021-10-05,20454.0
Orange,三重國小,2021-10-05,19130.0
Orange,迴龍,2021-10-05,17982.0
Orange,丹鳳,2021-10-05,16625.0
Orange,古亭,2021-10-06,25371.0
Orange,頂溪,2021-10-06,56257.0
Orange,永安市場,2021-10-06,41983.0
Orange,景安,2021-10-06,42358.0
Orange,南勢角,2021-10-06,33865.0
Orange,民權西路,2021-10-06,14924.0
Orange,忠孝新生,2021-10-06,19974.0
Orange,松江南京,2021-10-06,34598.0
Orange,輔大,2021-10-06,26771.0
Orange,新莊,2021-10-06,18964.0
Orange,頭前庄,2021-10-06,6933.0
Orange,先嗇宮,2021-10-06,8780.0
Orange,三重,2021-10-06,11218.0
Orange,菜寮,2021-10-06,17959.0
Orange,台北橋,2021-10-06,15758.0
Orange,大橋頭站,2021-10-06,19307.0
Orange,中山國小,2021-10-06,27152.0
Orange,行天宮,2021-10-06,46800.0
Orange,東門,2021-10-06,17510.0
Orange,蘆洲,2021-10-06,23853.0
Orange,三民高中,2021-10-06,20870.0
Orange,徐匯中學,2021-10-06,20576.0
Orange,三和國中,2021-10-06,20927.0
Orange,三重國小,2021-10-06,19521.0
Orange,迴龍,2021-10-06,18162.0
Orange,丹鳳,2021-10-06,16929.0
Orange,古亭,2021-10-07,25294.5
Orange,頂溪,2021-10-07,56913.0
Orange,永安市場,2021-10-07,41658.0
Orange,景安,2021-10-07,42517.0
Orange,南勢角,2021-10-07,33761.0
Orange,民權西路,2021-10-07,15020.5
Orange,忠孝新生,2021-10-07,19974.5
Orange,松江南京,2021-10-07,34515.0
Orange,輔大,2021-10-07,27044.0
Orange,新莊,2021-10-07,18884.0
Orange,頭前庄,2021-10-07,7208.5
Orange,先嗇宮,2021-10-07,8742.0
Orange,三重,2021-10-07,11219.0
Orange,菜寮,2021-10-07,17885.0
Orange,台北橋,2021-10-07,15660.0
Orange,大橋頭站,2021-10-07,19356.0
Orange,中山國小,2021-10-07,27161.0
Orange,行天宮,2021-10-07,45422.0
Orange,東門,2021-10-07,17485.5
Orange,蘆洲,2021-10-07,23625.0
Orange,三民高中,2021-10-07,20736.0
Orange,徐匯中學,2021-10-07,20693.0
Orange,三和國中,2021-10-07,21086.0
Orange,三重國小,2021-10-07,19476.0
Orange,迴龍,2021-10-07,18420.0
Orange,丹鳳,2021-10-07,16918.0
Orange,古亭,2021-10-08,26376.5
Orange,頂溪,2021-10-08,60448.0
Orange,永安市場,2021-10-08,43937.0
Orange,景安,2021-10-08,44566.0
Orange,南勢角,2021-10-08,35231.0
Orange,民權西路,2021-10-08,15750.5
Orange,忠孝新生,2021-10-08,21522.5
Orange,松江南京,2021-10-08,34555.0
Orange,輔大,2021-10-08,28214.0
Orange,新莊,2021-10-08,20476.0
Orange,頭前庄,2021-10-08,7407.0
Orange,先嗇宮,2021-10-08,8953.0
Orange,三重,2021-10-08,11791.0
Orange,菜寮,2021-10-08,18290.0
Orange,台北橋,2021-10-08,16916.0
Orange,大橋頭站,2021-10-08,22519.0
Orange,中山國小,2021-10-08,28551.0
Orange,行天宮,2021-10-08,46770.0
Orange,東門,2021-10-08,18154.5
Orange,蘆洲,2021-10-08,25040.0
Orange,三民高中,2021-10-08,22041.0
Orange,徐匯中學,2021-10-08,21842.0
Orange,三和國中,2021-10-08,22124.0
Orange,三重國小,2021-10-08,20601.0
Orange,迴龍,2021-10-08,19157.0
Orange,丹鳳,2021-10-08,17794.0
Orange,古亭,2021-10-09,17068.5
Orange,頂溪,2021-10-09,44061.0
Orange,永安市場,2021-10-09,30683.0
Orange,景安,2021-10-09,29899.0
Orange,南勢角,2021-10-09,25696.0
Orange,民權西路,2021-10-09,8006.0
Orange,忠孝新生,2021-10-09,17309.5
Orange,松江南京,2021-10-09,12419.5
Orange,輔大,2021-10-09,12660.0
Orange,新莊,2021-10-09,13238.0
Orange,頭前庄,2021-10-09,5097.5
Orange,先嗇宮,2021-10-09,3575.0
Orange,三重,2021-10-09,9445.0
Orange,菜寮,2021-10-09,11049.0
Orange,台北橋,2021-10-09,13696.0
Orange,大橋頭站,2021-10-09,16544.0
Orange,中山國小,2021-10-09,17717.0
Orange,行天宮,2021-10-09,24978.0
Orange,東門,2021-10-09,12586.5
Orange,蘆洲,2021-10-09,17613.0
Orange,三民高中,2021-10-09,14025.0
Orange,徐匯中學,2021-10-09,15444.0
Orange,三和國中,2021-10-09,16221.0
Orange,三重國小,2021-10-09,14691.0
Orange,迴龍,2021-10-09,11636.0
Orange,丹鳳,2021-10-09,11707.0
Orange,古亭,2021-10-10,13755.0
Orange,頂溪,2021-10-10,40068.0
Orange,永安市場,2021-10-10,26667.0
Orange,景安,2021-10-10,26525.0
Orange,南勢角,2021-10-10,23400.0
Orange,民權西路,2021-10-10,7657.0
Orange,忠孝新生,2021-10-10,15537.5
Orange,松江南京,2021-10-10,9751.0
Orange,輔大,2021-10-10,9476.0
Orange,新莊,2021-10-10,11997.0
Orange,頭前庄,2021-10-10,4538.5
Orange,先嗇宮,2021-10-10,2968.0
Orange,三重,2021-10-10,9381.0
Orange,菜寮,2021-10-10,9716.0
Orange,台北橋,2021-10-10,12294.0
Orange,大橋頭站,2021-10-10,14921.0
Orange,中山國小,2021-10-10,15220.0
Orange,行天宮,2021-10-10,20898.0
Orange,東門,2021-10-10,11109.0
Orange,蘆洲,2021-10-10,15682.0
Orange,三民高中,2021-10-10,12393.0
Orange,徐匯中學,2021-10-10,13840.0
Orange,三和國中,2021-10-10,14417.0
Orange,三重國小,2021-10-10,13019.0
Orange,迴龍,2021-10-10,11203.0
Orange,丹鳳,2021-10-10,10760.0
Orange,古亭,2021-10-11,10979.0
Orange,頂溪,2021-10-11,31108.0
Orange,永安市場,2021-10-11,20082.0
Orange,景安,2021-10-11,20850.0
Orange,南勢角,2021-10-11,17623.0
Orange,民權西路,2021-10-11,5816.0
Orange,忠孝新生,2021-10-11,10640.5
Orange,松江南京,2021-10-11,9112.0
Orange,輔大,2021-10-11,9965.0
Orange,新莊,2021-10-11,7710.0
Orange,頭前庄,2021-10-11,3505.0
Orange,先嗇宮,2021-10-11,2599.0
Orange,三重,2021-10-11,5500.0
Orange,菜寮,2021-10-11,7892.0
Orange,台北橋,2021-10-11,9831.0
Orange,大橋頭站,2021-10-11,11395.0
Orange,中山國小,2021-10-11,13120.0
Orange,行天宮,2021-10-11,17398.0
Orange,東門,2021-10-11,7822.5
Orange,蘆洲,2021-10-11,12436.0
Orange,三民高中,2021-10-11,9882.0
Orange,徐匯中學,2021-10-11,11412.0
Orange,三和國中,2021-10-11,12339.0
Orange,三重國小,2021-10-11,11073.0
Orange,迴龍,2021-10-11,8124.0
Orange,丹鳳,2021-10-11,8111.0
Orange,古亭,2021-10-12,26577.0
Orange,頂溪,2021-10-12,60126.0
Orange,永安市場,2021-10-12,43248.0
Orange,景安,2021-10-12,45052.0
Orange,南勢角,2021-10-12,34774.0
Orange,民權西路,2021-10-12,16645.5
Orange,忠孝新生,2021-10-12,22904.0
Orange,松江南京,2021-10-12,35761.5
Orange,輔大,2021-10-12,28533.0
Orange,新莊,2021-10-12,19084.0
Orange,頭前庄,2021-10-12,7476.0
Orange,先嗇宮,2021-10-12,9177.0
Orange,三重,2021-10-12,11225.0
Orange,菜寮,2021-10-12,19463.0
Orange,台北橋,2021-10-12,16646.0
Orange,大橋頭站,2021-10-12,21286.0
Orange,中山國小,2021-10-12,28195.0
Orange,行天宮,2021-10-12,46469.0
Orange,東門,2021-10-12,17731.0
Orange,蘆洲,2021-10-12,24950.0
Orange,三民高中,2021-10-12,21269.0
Orange,徐匯中學,2021-10-12,21806.0
Orange,三和國中,2021-10-12,22457.0
Orange,三重國小,2021-10-12,20775.0
Orange,迴龍,2021-10-12,21221.0
Orange,丹鳳,2021-10-12,17465.0
Orange,古亭,2021-10-13,28481.5
Orange,頂溪,2021-10-13,60285.0
Orange,永安市場,2021-10-13,44278.0
Orange,景安,2021-10-13,45033.0
Orange,南勢角,2021-10-13,35876.0
Orange,民權西路,2021-10-13,16723.5
Orange,忠孝新生,2021-10-13,23102.5
Orange,松江南京,2021-10-13,35871.0
Orange,輔大,2021-10-13,28001.0
Orange,新莊,2021-10-13,19827.0
Orange,頭前庄,2021-10-13,7432.5
Orange,先嗇宮,2021-10-13,8992.0
Orange,三重,2021-10-13,11503.0
Orange,菜寮,2021-10-13,18934.0
Orange,台北橋,2021-10-13,16706.0
Orange,大橋頭站,2021-10-13,21342.0
Orange,中山國小,2021-10-13,28199.0
Orange,行天宮,2021-10-13,48612.0
Orange,東門,2021-10-13,18141.5
Orange,蘆洲,2021-10-13,25436.0
Orange,三民高中,2021-10-13,21816.0
Orange,徐匯中學,2021-10-13,21977.0
Orange,三和國中,2021-10-13,22332.0
Orange,三重國小,2021-10-13,20726.0
Orange,迴龍,2021-10-13,21522.0
Orange,丹鳳,2021-10-13,17905.0
Orange,古亭,2021-10-14,27975.0
Orange,頂溪,2021-10-14,59907.0
Orange,永安市場,2021-10-14,44406.0
Orange,景安,2021-10-14,44720.0
Orange,南勢角,2021-10-14,35379.0
Orange,民權西路,2021-10-14,16476.5
Orange,忠孝新生,2021-10-14,23039.0
Orange,松江南京,2021-10-14,35085.5
Orange,輔大,2021-10-14,27657.0
Orange,新莊,2021-10-14,19826.0
Orange,頭前庄,2021-10-14,7321.0
Orange,先嗇宮,2021-10-14,8695.0
Orange,三重,2021-10-14,11570.0
Orange,菜寮,2021-10-14,18451.0
Orange,台北橋,2021-10-14,16558.0
Orange,大橋頭站,2021-10-14,21175.0
Orange,中山國小,2021-10-14,27944.0
Orange,行天宮,2021-10-14,46840.0
Orange,東門,2021-10-14,17953.0
Orange,蘆洲,2021-10-14,25282.0
Orange,三民高中,2021-10-14,22003.0
Orange,徐匯中學,2021-10-14,21864.0
Orange,三和國中,2021-10-14,22270.0
Orange,三重國小,2021-10-14,20558.0
Orange,迴龍,2021-10-14,21164.0
Orange,丹鳳,2021-10-14,17629.0
Orange,古亭,2021-10-15,29118.0
Orange,頂溪,2021-10-15,62932.0
Orange,永安市場,2021-10-15,46038.0
Orange,景安,2021-10-15,46342.0
Orange,南勢角,2021-10-15,36868.0
Orange,民權西路,2021-10-15,16659.0
Orange,忠孝新生,2021-10-15,24458.0
Orange,松江南京,2021-10-15,36025.0
Orange,輔大,2021-10-15,28660.0
Orange,新莊,2021-10-15,21042.0
Orange,頭前庄,2021-10-15,7596.0
Orange,先嗇宮,2021-10-15,8972.0
Orange,三重,2021-10-15,12581.0
Orange,菜寮,2021-10-15,19351.0
Orange,台北橋,2021-10-15,17449.0
Orange,大橋頭站,2021-10-15,23335.0
Orange,中山國小,2021-10-15,29337.0
Orange,行天宮,2021-10-15,48889.0
Orange,東門,2021-10-15,18958.0
Orange,蘆洲,2021-10-15,26201.0
Orange,三民高中,2021-10-15,22716.0
Orange,徐匯中學,2021-10-15,22944.0
Orange,三和國中,2021-10-15,23267.0
Orange,三重國小,2021-10-15,21338.0
Orange,迴龍,2021-10-15,22609.0
Orange,丹鳳,2021-10-15,18608.0
Orange,古亭,2021-10-16,20713.5
Orange,頂溪,2021-10-16,47253.0
Orange,永安市場,2021-10-16,33642.0
Orange,景安,2021-10-16,32634.0
Orange,南勢角,2021-10-16,27275.0
Orange,民權西路,2021-10-16,9323.0
Orange,忠孝新生,2021-10-16,19893.5
Orange,松江南京,2021-10-16,14390.5
Orange,輔大,2021-10-16,14506.0
Orange,新莊,2021-10-16,14584.0
Orange,頭前庄,2021-10-16,5539.5
Orange,先嗇宮,2021-10-16,3685.0
Orange,三重,2021-10-16,9943.0
Orange,菜寮,2021-10-16,12818.0
Orange,台北橋,2021-10-16,17606.0
Orange,大橋頭站,2021-10-16,21480.0
Orange,中山國小,2021-10-16,20052.0
Orange,行天宮,2021-10-16,29400.0
Orange,東門,2021-10-16,14513.5
Orange,蘆洲,2021-10-16,17845.0
Orange,三民高中,2021-10-16,15349.0
Orange,徐匯中學,2021-10-16,16314.0
Orange,三和國中,2021-10-16,15882.0
Orange,三重國小,2021-10-16,16205.0
Orange,迴龍,2021-10-16,12593.0
Orange,丹鳳,2021-10-16,12814.0
Orange,古亭,2021-10-17,15083.0
Orange,頂溪,2021-10-17,38811.0
Orange,永安市場,2021-10-17,26063.0
Orange,景安,2021-10-17,25723.0
Orange,南勢角,2021-10-17,22112.0
Orange,民權西路,2021-10-17,8442.5
Orange,忠孝新生,2021-10-17,15288.5
Orange,松江南京,2021-10-17,10571.0
Orange,輔大,2021-10-17,11268.0
Orange,新莊,2021-10-17,10029.0
Orange,頭前庄,2021-10-17,4344.0
Orange,先嗇宮,2021-10-17,3108.0
Orange,三重,2021-10-17,7871.0
Orange,菜寮,2021-10-17,9939.0
Orange,台北橋,2021-10-17,11893.0
Orange,大橋頭站,2021-10-17,14977.0
Orange,中山國小,2021-10-17,15736.0
Orange,行天宮,2021-10-17,22174.0
Orange,東門,2021-10-17,11628.5
Orange,蘆洲,2021-10-17,13451.0
Orange,三民高中,2021-10-17,12356.0
Orange,徐匯中學,2021-10-17,13023.0
Orange,三和國中,2021-10-17,12200.0
Orange,三重國小,2021-10-17,12833.0
Orange,迴龍,2021-10-17,9926.0
Orange,丹鳳,2021-10-17,9991.0
Orange,古亭,2021-10-18,26909.0
Orange,頂溪,2021-10-18,58830.0
Orange,永安市場,2021-10-18,42958.0
Orange,景安,2021-10-18,44026.0
Orange,南勢角,2021-10-18,35444.0
Orange,民權西路,2021-10-18,16216.0
Orange,忠孝新生,2021-10-18,21930.0
Orange,松江南京,2021-10-18,34390.5
Orange,輔大,2021-10-18,27074.0
Orange,新莊,2021-10-18,19575.0
Orange,頭前庄,2021-10-18,7288.5
Orange,先嗇宮,2021-10-18,8939.0
Orange,三重,2021-10-18,11599.0
Orange,菜寮,2021-10-18,18698.0
Orange,台北橋,2021-10-18,16096.0
Orange,大橋頭站,2021-10-18,21041.0
Orange,中山國小,2021-10-18,27469.0
Orange,行天宮,2021-10-18,46132.0
Orange,東門,2021-10-18,17027.0
Orange,蘆洲,2021-10-18,25138.0
Orange,三民高中,2021-10-18,21747.0
Orange,徐匯中學,2021-10-18,21812.0
Orange,三和國中,2021-10-18,22206.0
Orange,三重國小,2021-10-18,20305.0
Orange,迴龍,2021-10-18,21367.0
Orange,丹鳳,2021-10-18,17312.0
Orange,古亭,2021-10-19,27976.0
Orange,頂溪,2021-10-19,60117.0
Orange,永安市場,2021-10-19,44537.0
Orange,景安,2021-10-19,44194.0
Orange,南勢角,2021-10-19,36088.0
Orange,民權西路,2021-10-19,16716.0
Orange,忠孝新生,2021-10-19,22375.0
Orange,松江南京,2021-10-19,35292.5
Orange,輔大,2021-10-19,27515.0
Orange,新莊,2021-10-19,19870.0
Orange,頭前庄,2021-10-19,7477.0
Orange,先嗇宮,2021-10-19,9178.0
Orange,三重,2021-10-19,11380.0
Orange,菜寮,2021-10-19,18782.0
Orange,台北橋,2021-10-19,16781.0
Orange,大橋頭站,2021-10-19,21124.0
Orange,中山國小,2021-10-19,28272.0
Orange,行天宮,2021-10-19,47186.0
Orange,東門,2021-10-19,18036.5
Orange,蘆洲,2021-10-19,25383.0
Orange,三民高中,2021-10-19,22147.0
Orange,徐匯中學,2021-10-19,21756.0
Orange,三和國中,2021-10-19,21967.0
Orange,三重國小,2021-10-19,20606.0
Orange,迴龍,2021-10-19,21654.0
Orange,丹鳳,2021-10-19,17632.0
Orange,古亭,2021-10-20,28276.5
Orange,頂溪,2021-10-20,61169.0
Orange,永安市場,2021-10-20,44277.0
Orange,景安,2021-10-20,45318.0
Orange,南勢角,2021-10-20,36675.0
Orange,民權西路,2021-10-20,16799.0
Orange,忠孝新生,2021-10-20,22847.0
Orange,松江南京,2021-10-20,36221.5
Orange,輔大,2021-10-20,27930.0
Orange,新莊,2021-10-20,20192.0
Orange,頭前庄,2021-10-20,7486.0
Orange,先嗇宮,2021-10-20,9378.0
Orange,三重,2021-10-20,12034.0
Orange,菜寮,2021-10-20,19124.0
Orange,台北橋,2021-10-20,16752.0
Orange,大橋頭站,2021-10-20,21630.0
Orange,中山國小,2021-10-20,28132.0
Orange,行天宮,2021-10-20,48833.0
Orange,東門,2021-10-20,18529.5
Orange,蘆洲,2021-10-20,25813.0
Orange,三民高中,2021-10-20,22451.0
Orange,徐匯中學,2021-10-20,21993.0
Orange,三和國中,2021-10-20,22163.0
Orange,三重國小,2021-10-20,20748.0
Orange,迴龍,2021-10-20,21696.0
Orange,丹鳳,2021-10-20,18142.0
Orange,古亭,2021-10-21,28804.5
Orange,頂溪,2021-10-21,62403.0
Orange,永安市場,2021-10-21,44959.0
Orange,景安,2021-10-21,45707.0
Orange,南勢角,2021-10-21,36391.0
Orange,民權西路,2021-10-21,16954.0
Orange,忠孝新生,2021-10-21,23625.5
Orange,松江南京,2021-10-21,36466.5
Orange,輔大,2021-10-21,28426.0
Orange,新莊,2021-10-21,20319.0
Orange,頭前庄,2021-10-21,7419.0
Orange,先嗇宮,2021-10-21,9260.0
Orange,三重,2021-10-21,11887.0
Orange,菜寮,2021-10-21,19709.0
Orange,台北橋,2021-10-21,16938.0
Orange,大橋頭站,2021-10-21,21848.0
Orange,中山國小,2021-10-21,29250.0
Orange,行天宮,2021-10-21,48331.0
Orange,東門,2021-10-21,18404.0
Orange,蘆洲,2021-10-21,25964.0
Orange,三民高中,2021-10-21,22371.0
Orange,徐匯中學,2021-10-21,22373.0
Orange,三和國中,2021-10-21,22877.0
Orange,三重國小,2021-10-21,20975.0
Orange,迴龍,2021-10-21,21662.0
Orange,丹鳳,2021-10-21,18139.0
Orange,古亭,2021-10-22,30806.5
Orange,頂溪,2021-10-22,66295.0
Orange,永安市場,2021-10-22,48110.0
Orange,景安,2021-10-22,48200.0
Orange,南勢角,2021-10-22,36986.0
Orange,民權西路,2021-10-22,17568.5
Orange,忠孝新生,2021-10-22,25334.0
Orange,松江南京,2021-10-22,38232.5
Orange,輔大,2021-10-22,29376.0
Orange,新莊,2021-10-22,21052.0
Orange,頭前庄,2021-10-22,7891.5
Orange,先嗇宮,2021-10-22,9604.0
Orange,三重,2021-10-22,12759.0
Orange,菜寮,2021-10-22,20976.0
Orange,台北橋,2021-10-22,18813.0
Orange,大橋頭站,2021-10-22,24280.0
Orange,中山國小,2021-10-22,31154.0
Orange,行天宮,2021-10-22,52077.0
Orange,東門,2021-10-22,19598.5
Orange,蘆洲,2021-10-22,26634.0
Orange,三民高中,2021-10-22,22986.0
Orange,徐匯中學,2021-10-22,24141.0
Orange,三和國中,2021-10-22,24436.0
Orange,三重國小,2021-10-22,22280.0
Orange,迴龍,2021-10-22,22495.0
Orange,丹鳳,2021-10-22,18811.0
Orange,古亭,2021-10-23,20848.5
Orange,頂溪,2021-10-23,48672.0
Orange,永安市場,2021-10-23,31690.0
Orange,景安,2021-10-23,31708.0
Orange,南勢角,2021-10-23,26736.0
Orange,民權西路,2021-10-23,9309.5
Orange,忠孝新生,2021-10-23,19421.5
Orange,松江南京,2021-10-23,16381.0
Orange,輔大,2021-10-23,14869.0
Orange,新莊,2021-10-23,13186.0
Orange,頭前庄,2021-10-23,5561.0
Orange,先嗇宮,2021-10-23,3830.0
Orange,三重,2021-10-23,9009.0
Orange,菜寮,2021-10-23,13257.0
Orange,台北橋,2021-10-23,14960.0
Orange,大橋頭站,2021-10-23,16892.0
Orange,中山國小,2021-10-23,20695.0
Orange,行天宮,2021-10-23,28754.0
Orange,東門,2021-10-23,15046.5
Orange,蘆洲,2021-10-23,17296.0
Orange,三民高中,2021-10-23,15023.0
Orange,徐匯中學,2021-10-23,16984.0
Orange,三和國中,2021-10-23,16191.0
Orange,三重國小,2021-10-23,16155.0
Orange,迴龍,2021-10-23,11926.0
Orange,丹鳳,2021-10-23,12390.0
Orange,古亭,2021-10-24,15159.0
Orange,頂溪,2021-10-24,38044.0
Orange,永安市場,2021-10-24,24864.0
Orange,景安,2021-10-24,24482.0
Orange,南勢角,2021-10-24,20929.0
Orange,民權西路,2021-10-24,7692.0
Orange,忠孝新生,2021-10-24,13977.0
Orange,松江南京,2021-10-24,10456.0
Orange,輔大,2021-10-24,10921.0
Orange,新莊,2021-10-24,9420.0
Orange,頭前庄,2021-10-24,4564.0
Orange,先嗇宮,2021-10-24,3374.0
Orange,三重,2021-10-24,6980.0
Orange,菜寮,2021-10-24,9221.0
Orange,台北橋,2021-10-24,11547.0
Orange,大橋頭站,2021-10-24,13486.0
Orange,中山國小,2021-10-24,15900.0
Orange,行天宮,2021-10-24,21715.0
Orange,東門,2021-10-24,10697.5
Orange,蘆洲,2021-10-24,12554.0
Orange,三民高中,2021-10-24,11045.0
Orange,徐匯中學,2021-10-24,12988.0
Orange,三和國中,2021-10-24,12405.0
Orange,三重國小,2021-10-24,12860.0
Orange,迴龍,2021-10-24,9258.0
Orange,丹鳳,2021-10-24,9213.0
Orange,古亭,2021-10-25,27669.5
Orange,頂溪,2021-10-25,60759.0
Orange,永安市場,2021-10-25,44076.0
Orange,景安,2021-10-25,44926.0
Orange,南勢角,2021-10-25,35524.0
Orange,民權西路,2021-10-25,16470.5
Orange,忠孝新生,2021-10-25,22745.0
Orange,松江南京,2021-10-25,35128.0
Orange,輔大,2021-10-25,27520.0
Orange,新莊,2021-10-25,19440.0
Orange,頭前庄,2021-10-25,7205.0
Orange,先嗇宮,2021-10-25,9025.0
Orange,三重,2021-10-25,11626.0
Orange,菜寮,2021-10-25,19178.0
Orange,台北橋,2021-10-25,16526.0
Orange,大橋頭站,2021-10-25,21376.0
Orange,中山國小,2021-10-25,28528.0
Orange,行天宮,2021-10-25,47003.0
Orange,東門,2021-10-25,17601.0
Orange,蘆洲,2021-10-25,24791.0
Orange,三民高中,2021-10-25,21637.0
Orange,徐匯中學,2021-10-25,21770.0
Orange,三和國中,2021-10-25,22529.0
Orange,三重國小,2021-10-25,20703.0
Orange,迴龍,2021-10-25,21277.0
Orange,丹鳳,2021-10-25,17812.0
Orange,古亭,2021-10-26,28635.5
Orange,頂溪,2021-10-26,61137.0
Orange,永安市場,2021-10-26,44664.0
Orange,景安,2021-10-26,45044.0
Orange,南勢角,2021-10-26,36414.0
Orange,民權西路,2021-10-26,16768.0
Orange,忠孝新生,2021-10-26,22529.5
Orange,松江南京,2021-10-26,35421.0
Orange,輔大,2021-10-26,27426.0
Orange,新莊,2021-10-26,20325.0
Orange,頭前庄,2021-10-26,7318.0
Orange,先嗇宮,2021-10-26,9137.0
Orange,三重,2021-10-26,11852.0
Orange,菜寮,2021-10-26,19381.0
Orange,台北橋,2021-10-26,16647.0
Orange,大橋頭站,2021-10-26,21563.0
Orange,中山國小,2021-10-26,28728.0
Orange,行天宮,2021-10-26,47149.0
Orange,東門,2021-10-26,18466.0
Orange,蘆洲,2021-10-26,25410.0
Orange,三民高中,2021-10-26,22220.0
Orange,徐匯中學,2021-10-26,22091.0
Orange,三和國中,2021-10-26,22317.0
Orange,三重國小,2021-10-26,20870.0
Orange,迴龍,2021-10-26,21547.0
Orange,丹鳳,2021-10-26,17847.0
Orange,古亭,2021-10-27,28985.0
Orange,頂溪,2021-10-27,62084.0
Orange,永安市場,2021-10-27,44988.0
Orange,景安,2021-10-27,45671.0
Orange,南勢角,2021-10-27,36824.0
Orange,民權西路,2021-10-27,16872.0
Orange,忠孝新生,2021-10-27,22976.0
Orange,松江南京,2021-10-27,35952.5
Orange,輔大,2021-10-27,27326.0
Orange,新莊,2021-10-27,20342.0
Orange,頭前庄,2021-10-27,7317.0
Orange,先嗇宮,2021-10-27,9244.0
Orange,三重,2021-10-27,12024.0
Orange,菜寮,2021-10-27,19276.0
Orange,台北橋,2021-10-27,16802.0
Orange,大橋頭站,2021-10-27,21706.0
Orange,中山國小,2021-10-27,28490.0
Orange,行天宮,2021-10-27,47862.0
Orange,東門,2021-10-27,18827.5
Orange,蘆洲,2021-10-27,25914.0
Orange,三民高中,2021-10-27,22529.0
Orange,徐匯中學,2021-10-27,22119.0
Orange,三和國中,2021-10-27,22538.0
Orange,三重國小,2021-10-27,21156.0
Orange,迴龍,2021-10-27,21933.0
Orange,丹鳳,2021-10-27,18141.0
Orange,古亭,2021-10-28,29113.0
Orange,頂溪,2021-10-28,61516.0
Orange,永安市場,2021-10-28,45515.0
Orange,景安,2021-10-28,45763.0
Orange,南勢角,2021-10-28,36750.0
Orange,民權西路,2021-10-28,16624.0
Orange,忠孝新生,2021-10-28,23652.0
Orange,松江南京,2021-10-28,35858.5
Orange,輔大,2021-10-28,27511.0
Orange,新莊,2021-10-28,20460.0
Orange,頭前庄,2021-10-28,7600.0
Orange,先嗇宮,2021-10-28,8996.0
Orange,三重,2021-10-28,12295.0
Orange,菜寮,2021-10-28,19158.0
Orange,台北橋,2021-10-28,16773.0
Orange,大橋頭站,2021-10-28,22108.0
Orange,中山國小,2021-10-28,28597.0
Orange,行天宮,2021-10-28,47403.0
Orange,東門,2021-10-28,18854.5
Orange,蘆洲,2021-10-28,25486.0
Orange,三民高中,2021-10-28,22532.0
Orange,徐匯中學,2021-10-28,22366.0
Orange,三和國中,2021-10-28,22575.0
Orange,三重國小,2021-10-28,20860.0
Orange,迴龍,2021-10-28,21627.0
Orange,丹鳳,2021-10-28,18138.0
Orange,古亭,2021-10-29,29914.0
Orange,頂溪,2021-10-29,64552.0
Orange,永安市場,2021-10-29,47639.0
Orange,景安,2021-10-29,47227.0
Orange,南勢角,2021-10-29,37826.0
Orange,民權西路,2021-10-29,17051.0
Orange,忠孝新生,2021-10-29,24437.0
Orange,松江南京,2021-10-29,36270.5
Orange,輔大,2021-10-29,28182.0
Orange,新莊,2021-10-29,21713.0
Orange,頭前庄,2021-10-29,7657.5
Orange,先嗇宮,2021-10-29,9368.0
Orange,三重,2021-10-29,12945.0
Orange,菜寮,2021-10-29,20139.0
Orange,台北橋,2021-10-29,18186.0
Orange,大橋頭站,2021-10-29,24176.0
Orange,中山國小,2021-10-29,29795.0
Orange,行天宮,2021-10-29,49077.0
Orange,東門,2021-10-29,19594.0
Orange,蘆洲,2021-10-29,26613.0
Orange,三民高中,2021-10-29,23747.0
Orange,徐匯中學,2021-10-29,23658.0
Orange,三和國中,2021-10-29,23543.0
Orange,三重國小,2021-10-29,21692.0
Orange,迴龍,2021-10-29,22506.0
Orange,丹鳳,2021-10-29,18768.0
Orange,古亭,2021-10-30,21146.5
Orange,頂溪,2021-10-30,48633.0
Orange,永安市場,2021-10-30,33949.0
Orange,景安,2021-10-30,33068.0
Orange,南勢角,2021-10-30,27931.0
Orange,民權西路,2021-10-30,9347.5
Orange,忠孝新生,2021-10-30,19912.0
Orange,松江南京,2021-10-30,14683.5
Orange,輔大,2021-10-30,14085.0
Orange,新莊,2021-10-30,15300.0
Orange,頭前庄,2021-10-30,5469.0
Orange,先嗇宮,2021-10-30,3835.0
Orange,三重,2021-10-30,10451.0
Orange,菜寮,2021-10-30,13473.0
Orange,台北橋,2021-10-30,14940.0
Orange,大橋頭站,2021-10-30,18535.0
Orange,中山國小,2021-10-30,20326.0
Orange,行天宮,2021-10-30,30463.0
Orange,東門,2021-10-30,14729.5
Orange,蘆洲,2021-10-30,17840.0
Orange,三民高中,2021-10-30,16048.0
Orange,徐匯中學,2021-10-30,17048.0
Orange,三和國中,2021-10-30,16358.0
Orange,三重國小,2021-10-30,16285.0
Orange,迴龍,2021-10-30,13173.0
Orange,丹鳳,2021-10-30,12867.0
Orange,古亭,2021-10-31,15739.0
Orange,頂溪,2021-10-31,40497.0
Orange,永安市場,2021-10-31,27529.0
Orange,景安,2021-10-31,27133.0
Orange,南勢角,2021-10-31,23486.0
Orange,民權西路,2021-10-31,8441.5
Orange,忠孝新生,2021-10-31,15346.5
Orange,松江南京,2021-10-31,10898.5
Orange,輔大,2021-10-31,11015.0
Orange,新莊,2021-10-31,11669.0
Orange,頭前庄,2021-10-31,4540.5
Orange,先嗇宮,2021-10-31,3196.0
Orange,三重,2021-10-31,9200.0
Orange,菜寮,2021-10-31,10400.0
Orange,台北橋,2021-10-31,11850.0
Orange,大橋頭站,2021-10-31,15968.0
Orange,中山國小,2021-10-31,16331.0
Orange,行天宮,2021-10-31,24416.0
Orange,東門,2021-10-31,12279.0
Orange,蘆洲,2021-10-31,14585.0
Orange,三民高中,2021-10-31,13299.0
Orange,徐匯中學,2021-10-31,13637.0
Orange,三和國中,2021-10-31,12982.0
Orange,三重國小,2021-10-31,13664.0
Orange,迴龍,2021-10-31,11096.0
Orange,丹鳳,2021-10-31,10855.0
Orange,古亭,2021-11-01,27577.0
Orange,頂溪,2021-11-01,60152.0
Orange,永安市場,2021-11-01,44068.0
Orange,景安,2021-11-01,44933.0
Orange,南勢角,2021-11-01,36013.0
Orange,民權西路,2021-11-01,16616.0
Orange,忠孝新生,2021-11-01,22454.5
Orange,松江南京,2021-11-01,35079.0
Orange,輔大,2021-11-01,26863.0
Orange,新莊,2021-11-01,19698.0
Orange,頭前庄,2021-11-01,7224.5
Orange,先嗇宮,2021-11-01,9202.0
Orange,三重,2021-11-01,11843.0
Orange,菜寮,2021-11-01,18956.0
Orange,台北橋,2021-11-01,16373.0
Orange,大橋頭站,2021-11-01,21601.0
Orange,中山國小,2021-11-01,27707.0
Orange,行天宮,2021-11-01,46921.0
Orange,東門,2021-11-01,17339.5
Orange,蘆洲,2021-11-01,25170.0
Orange,三民高中,2021-11-01,22179.0
Orange,徐匯中學,2021-11-01,21836.0
Orange,三和國中,2021-11-01,22112.0
Orange,三重國小,2021-11-01,20373.0
Orange,迴龍,2021-11-01,21371.0
Orange,丹鳳,2021-11-01,17777.0
Orange,古亭,2021-11-02,28941.0
Orange,頂溪,2021-11-02,61657.0
Orange,永安市場,2021-11-02,45392.0
Orange,景安,2021-11-02,46128.0
Orange,南勢角,2021-11-02,36957.0
Orange,民權西路,2021-11-02,16882.5
Orange,忠孝新生,2021-11-02,23118.0
Orange,松江南京,2021-11-02,36537.0
Orange,輔大,2021-11-02,27559.0
Orange,新莊,2021-11-02,20150.0
Orange,頭前庄,2021-11-02,7443.5
Orange,先嗇宮,2021-11-02,9304.0
Orange,三重,2021-11-02,12096.0
Orange,菜寮,2021-11-02,19621.0
Orange,台北橋,2021-11-02,16671.0
Orange,大橋頭站,2021-11-02,21893.0
Orange,中山國小,2021-11-02,28568.0
Orange,行天宮,2021-11-02,47912.0
Orange,東門,2021-11-02,18765.5
Orange,蘆洲,2021-11-02,25708.0
Orange,三民高中,2021-11-02,22491.0
Orange,徐匯中學,2021-11-02,22304.0
Orange,三和國中,2021-11-02,22750.0
Orange,三重國小,2021-11-02,20940.0
Orange,迴龍,2021-11-02,21910.0
Orange,丹鳳,2021-11-02,18161.0
Orange,古亭,2021-11-03,29368.5
Orange,頂溪,2021-11-03,62244.0
Orange,永安市場,2021-11-03,45766.0
Orange,景安,2021-11-03,46418.0
Orange,南勢角,2021-11-03,37369.0
Orange,民權西路,2021-11-03,17240.0
Orange,忠孝新生,2021-11-03,23284.5
Orange,松江南京,2021-11-03,37049.5
Orange,輔大,2021-11-03,27279.0
Orange,新莊,2021-11-03,20312.0
Orange,頭前庄,2021-11-03,7659.0
Orange,先嗇宮,2021-11-03,9298.0
Orange,三重,2021-11-03,12293.0
Orange,菜寮,2021-11-03,19658.0
Orange,台北橋,2021-11-03,17024.0
Orange,大橋頭站,2021-11-03,22030.0
Orange,中山國小,2021-11-03,28987.0
Orange,行天宮,2021-11-03,49572.0
Orange,東門,2021-11-03,18896.0
Orange,蘆洲,2021-11-03,25928.0
Orange,三民高中,2021-11-03,22607.0
Orange,徐匯中學,2021-11-03,22555.0
Orange,三和國中,2021-11-03,22894.0
Orange,三重國小,2021-11-03,21107.0
Orange,迴龍,2021-11-03,21848.0
Orange,丹鳳,2021-11-03,18141.0
Orange,古亭,2021-11-04,29589.5
Orange,頂溪,2021-11-04,62394.0
Orange,永安市場,2021-11-04,46012.0
Orange,景安,2021-11-04,46408.0
Orange,南勢角,2021-11-04,37239.0
Orange,民權西路,2021-11-04,17239.5
Orange,忠孝新生,2021-11-04,23603.5
Orange,松江南京,2021-11-04,37346.0
Orange,輔大,2021-11-04,27206.0
Orange,新莊,2021-11-04,20302.0
Orange,頭前庄,2021-11-04,7647.5
Orange,先嗇宮,2021-11-04,9422.0
Orange,三重,2021-11-04,12213.0
Orange,菜寮,2021-11-04,19736.0
Orange,台北橋,2021-11-04,17091.0
Orange,大橋頭站,2021-11-04,22249.0
Orange,中山國小,2021-11-04,29164.0
Orange,行天宮,2021-11-04,48610.0
Orange,東門,2021-11-04,19046.5
Orange,蘆洲,2021-11-04,26094.0
Orange,三民高中,2021-11-04,22951.0
Orange,徐匯中學,2021-11-04,22520.0
Orange,三和國中,2021-11-04,23210.0
Orange,三重國小,2021-11-04,21167.0
Orange,迴龍,2021-11-04,21990.0
Orange,丹鳳,2021-11-04,18403.0
Orange,古亭,2021-11-05,30902.5
Orange,頂溪,2021-11-05,66768.0
Orange,永安市場,2021-11-05,48806.0
Orange,景安,2021-11-05,48712.0
Orange,南勢角,2021-11-05,38851.0
Orange,民權西路,2021-11-05,17584.0
Orange,忠孝新生,2021-11-05,25194.5
Orange,松江南京,2021-11-05,38138.0
Orange,輔大,2021-11-05,27707.0
Orange,新莊,2021-11-05,21573.0
Orange,頭前庄,2021-11-05,7963.0
Orange,先嗇宮,2021-11-05,9715.0
Orange,三重,2021-11-05,13359.0
Orange,菜寮,2021-11-05,20612.0
Orange,台北橋,2021-11-05,18359.0
Orange,大橋頭站,2021-11-05,25128.0
Orange,中山國小,2021-11-05,31341.0
Orange,行天宮,2021-11-05,52575.0
Orange,東門,2021-11-05,20418.0
Orange,蘆洲,2021-11-05,27431.0
Orange,三民高中,2021-11-05,23944.0
Orange,徐匯中學,2021-11-05,23801.0
Orange,三和國中,2021-11-05,24087.0
Orange,三重國小,2021-11-05,22233.0
Orange,迴龍,2021-11-05,22952.0
Orange,丹鳳,2021-11-05,19704.0
Orange,古亭,2021-11-06,22563.0
Orange,頂溪,2021-11-06,51286.0
Orange,永安市場,2021-11-06,36040.0
Orange,景安,2021-11-06,34764.0
Orange,南勢角,2021-11-06,29807.0
Orange,民權西路,2021-11-06,10318.5
Orange,忠孝新生,2021-11-06,20354.0
Orange,松江南京,2021-11-06,16314.5
Orange,輔大,2021-11-06,14587.0
Orange,新莊,2021-11-06,15980.0
Orange,頭前庄,2021-11-06,5957.0
Orange,先嗇宮,2021-11-06,4347.0
Orange,三重,2021-11-06,11908.0
Orange,菜寮,2021-11-06,13255.0
Orange,台北橋,2021-11-06,16069.0
Orange,大橋頭站,2021-11-06,19650.0
Orange,中山國小,2021-11-06,20947.0
Orange,行天宮,2021-11-06,31081.0
Orange,東門,2021-11-06,15569.5
Orange,蘆洲,2021-11-06,18962.0
Orange,三民高中,2021-11-06,17274.0
Orange,徐匯中學,2021-11-06,17376.0
Orange,三和國中,2021-11-06,17040.0
Orange,三重國小,2021-11-06,16911.0
Orange,迴龍,2021-11-06,13739.0
Orange,丹鳳,2021-11-06,14140.0
Orange,古亭,2021-11-07,16593.5
Orange,頂溪,2021-11-07,42336.0
Orange,永安市場,2021-11-07,29477.0
Orange,景安,2021-11-07,28615.0
Orange,南勢角,2021-11-07,25272.0
Orange,民權西路,2021-11-07,9190.5
Orange,忠孝新生,2021-11-07,15790.0
Orange,松江南京,2021-11-07,12222.0
Orange,輔大,2021-11-07,11169.0
Orange,新莊,2021-11-07,13748.0
Orange,頭前庄,2021-11-07,4654.0
Orange,先嗇宮,2021-11-07,3251.0
Orange,三重,2021-11-07,9978.0
Orange,菜寮,2021-11-07,10489.0
Orange,台北橋,2021-11-07,12673.0
Orange,大橋頭站,2021-11-07,16685.0
Orange,中山國小,2021-11-07,16954.0
Orange,行天宮,2021-11-07,23787.0
Orange,東門,2021-11-07,12871.5
Orange,蘆洲,2021-11-07,15953.0
Orange,三民高中,2021-11-07,13897.0
Orange,徐匯中學,2021-11-07,14506.0
Orange,三和國中,2021-11-07,13864.0
Orange,三重國小,2021-11-07,13862.0
Orange,迴龍,2021-11-07,11413.0
Orange,丹鳳,2021-11-07,11123.0
Orange,古亭,2021-11-08,28745.5
Orange,頂溪,2021-11-08,62970.0
Orange,永安市場,2021-11-08,45460.0
Orange,景安,2021-11-08,46919.0
Orange,南勢角,2021-11-08,37050.0
Orange,民權西路,2021-11-08,17153.0
Orange,忠孝新生,2021-11-08,23221.0
Orange,松江南京,2021-11-08,37058.5
Orange,輔大,2021-11-08,27001.0
Orange,新莊,2021-11-08,20217.0
Orange,頭前庄,2021-11-08,7186.0
Orange,先嗇宮,2021-11-08,9305.0
Orange,三重,2021-11-08,12195.0
Orange,菜寮,2021-11-08,19968.0
Orange,台北橋,2021-11-08,17389.0
Orange,大橋頭站,2021-11-08,22426.0
Orange,中山國小,2021-11-08,29560.0
Orange,行天宮,2021-11-08,49258.0
Orange,東門,2021-11-08,18163.0
Orange,蘆洲,2021-11-08,25866.0
Orange,三民高中,2021-11-08,22306.0
Orange,徐匯中學,2021-11-08,23051.0
Orange,三和國中,2021-11-08,23470.0
Orange,三重國小,2021-11-08,21539.0
Orange,迴龍,2021-11-08,21520.0
Orange,丹鳳,2021-11-08,18284.0
Orange,古亭,2021-11-09,29646.0
Orange,頂溪,2021-11-09,62637.0
Orange,永安市場,2021-11-09,46708.0
Orange,景安,2021-11-09,46612.0
Orange,南勢角,2021-11-09,38047.0
Orange,民權西路,2021-11-09,17305.0
Orange,忠孝新生,2021-11-09,23016.5
Orange,松江南京,2021-11-09,37204.0
Orange,輔大,2021-11-09,27315.0
Orange,新莊,2021-11-09,20278.0
Orange,頭前庄,2021-11-09,7509.0
Orange,先嗇宮,2021-11-09,9341.0
Orange,三重,2021-11-09,12227.0
Orange,菜寮,2021-11-09,19876.0
Orange,台北橋,2021-11-09,17157.0
Orange,大橋頭站,2021-11-09,22169.0
Orange,中山國小,2021-11-09,29715.0
Orange,行天宮,2021-11-09,49430.0
Orange,東門,2021-11-09,19076.5
Orange,蘆洲,2021-11-09,26195.0
Orange,三民高中,2021-11-09,23066.0
Orange,徐匯中學,2021-11-09,22934.0
Orange,三和國中,2021-11-09,23159.0
Orange,三重國小,2021-11-09,21196.0
Orange,迴龍,2021-11-09,22207.0
Orange,丹鳳,2021-11-09,18539.0
Orange,古亭,2021-11-10,30148.5
Orange,頂溪,2021-11-10,63780.0
Orange,永安市場,2021-11-10,46676.0
Orange,景安,2021-11-10,47472.0
Orange,南勢角,2021-11-10,37594.0
Orange,民權西路,2021-11-10,17228.0
Orange,忠孝新生,2021-11-10,23772.5
Orange,松江南京,2021-11-10,37523.5
Orange,輔大,2021-11-10,26750.0
Orange,新莊,2021-11-10,20603.0
Orange,頭前庄,2021-11-10,7569.5
Orange,先嗇宮,2021-11-10,9469.0
Orange,三重,2021-11-10,12574.0
Orange,菜寮,2021-11-10,19929.0
Orange,台北橋,2021-11-10,17401.0
Orange,大橋頭站,2021-11-10,22533.0
Orange,中山國小,2021-11-10,29438.0
Orange,行天宮,2021-11-10,50222.0
Orange,東門,2021-11-10,19348.5
Orange,蘆洲,2021-11-10,26404.0
Orange,三民高中,2021-11-10,23194.0
Orange,徐匯中學,2021-11-10,23372.0
Orange,三和國中,2021-11-10,23170.0
Orange,三重國小,2021-11-10,21807.0
Orange,迴龍,2021-11-10,22162.0
Orange,丹鳳,2021-11-10,18784.0
Orange,古亭,2021-11-11,30022.5
Orange,頂溪,2021-11-11,64520.0
Orange,永安市場,2021-11-11,47667.0
Orange,景安,2021-11-11,47744.0
Orange,南勢角,2021-11-11,38777.0
Orange,民權西路,2021-11-11,17397.5
Orange,忠孝新生,2021-11-11,24291.0
Orange,松江南京,2021-11-11,37422.5
Orange,輔大,2021-11-11,27704.0
Orange,新莊,2021-11-11,20862.0
Orange,頭前庄,2021-11-11,7687.0
Orange,先嗇宮,2021-11-11,9484.0
Orange,三重,2021-11-11,12533.0
Orange,菜寮,2021-11-11,19952.0
Orange,台北橋,2021-11-11,17394.0
Orange,大橋頭站,2021-11-11,22944.0
Orange,中山國小,2021-11-11,30059.0
Orange,行天宮,2021-11-11,49498.0
Orange,東門,2021-11-11,19020.5
Orange,蘆洲,2021-11-11,26556.0
Orange,三民高中,2021-11-11,23527.0
Orange,徐匯中學,2021-11-11,23190.0
Orange,三和國中,2021-11-11,23789.0
Orange,三重國小,2021-11-11,21936.0
Orange,迴龍,2021-11-11,22096.0
Orange,丹鳳,2021-11-11,18591.0
Orange,古亭,2021-11-12,31376.5
Orange,頂溪,2021-11-12,67873.0
Orange,永安市場,2021-11-12,49926.0
Orange,景安,2021-11-12,50458.0
Orange,南勢角,2021-11-12,39789.0
Orange,民權西路,2021-11-12,17772.5
Orange,忠孝新生,2021-11-12,25655.5
Orange,松江南京,2021-11-12,38853.5
Orange,輔大,2021-11-12,28940.0
Orange,新莊,2021-11-12,21712.0
Orange,頭前庄,2021-11-12,7947.5
Orange,先嗇宮,2021-11-12,9673.0
Orange,三重,2021-11-12,13439.0
Orange,菜寮,2021-11-12,21080.0
Orange,台北橋,2021-11-12,19133.0
Orange,大橋頭站,2021-11-12,25476.0
Orange,中山國小,2021-11-12,32192.0
Orange,行天宮,2021-11-12,53513.0
Orange,東門,2021-11-12,20444.0
Orange,蘆洲,2021-11-12,27940.0
Orange,三民高中,2021-11-12,24335.0
Orange,徐匯中學,2021-11-12,24840.0
Orange,三和國中,2021-11-12,24579.0
Orange,三重國小,2021-11-12,23166.0
Orange,迴龍,2021-11-12,22537.0
Orange,丹鳳,2021-11-12,19744.0
Orange,古亭,2021-11-13,22616.5
Orange,頂溪,2021-11-13,51414.0
Orange,永安市場,2021-11-13,36199.0
Orange,景安,2021-11-13,35158.0
Orange,南勢角,2021-11-13,29451.0
Orange,民權西路,2021-11-13,11564.0
Orange,忠孝新生,2021-11-13,18906.5
Orange,松江南京,2021-11-13,16143.0
Orange,輔大,2021-11-13,15202.0
Orange,新莊,2021-11-13,14667.0
Orange,頭前庄,2021-11-13,5706.5
Orange,先嗇宮,2021-11-13,4221.0
Orange,三重,2021-11-13,10701.0
Orange,菜寮,2021-11-13,13546.0
Orange,台北橋,2021-11-13,15757.0
Orange,大橋頭站,2021-11-13,19448.0
Orange,中山國小,2021-11-13,21557.0
Orange,行天宮,2021-11-13,30822.0
Orange,東門,2021-11-13,15919.0
Orange,蘆洲,2021-11-13,19393.0
Orange,三民高中,2021-11-13,17206.0
Orange,徐匯中學,2021-11-13,19014.0
Orange,三和國中,2021-11-13,17607.0
Orange,三重國小,2021-11-13,17397.0
Orange,迴龍,2021-11-13,13303.0
Orange,丹鳳,2021-11-13,13875.0
Orange,古亭,2021-11-14,17508.5
Orange,頂溪,2021-11-14,43526.0
Orange,永安市場,2021-11-14,30918.0
Orange,景安,2021-11-14,29731.0
Orange,南勢角,2021-11-14,25057.0
Orange,民權西路,2021-11-14,9324.0
Orange,忠孝新生,2021-11-14,15247.5
Orange,松江南京,2021-11-14,11851.0
Orange,輔大,2021-11-14,12058.0
Orange,新莊,2021-11-14,13325.0
Orange,頭前庄,2021-11-14,4938.5
Orange,先嗇宮,2021-11-14,3678.0
Orange,三重,2021-11-14,10027.0
Orange,菜寮,2021-11-14,10938.0
Orange,台北橋,2021-11-14,13270.0
Orange,大橋頭站,2021-11-14,17242.0
Orange,中山國小,2021-11-14,17138.0
Orange,行天宮,2021-11-14,26634.0
Orange,東門,2021-11-14,13016.5
Orange,蘆洲,2021-11-14,15806.0
Orange,三民高中,2021-11-14,14185.0
Orange,徐匯中學,2021-11-14,14900.0
Orange,三和國中,2021-11-14,14086.0
Orange,三重國小,2021-11-14,14869.0
Orange,迴龍,2021-11-14,11888.0
Orange,丹鳳,2021-11-14,11873.0
Orange,古亭,2021-11-15,28413.5
Orange,頂溪,2021-11-15,61582.0
Orange,永安市場,2021-11-15,45184.0
Orange,景安,2021-11-15,46675.0
Orange,南勢角,2021-11-15,37359.0
Orange,民權西路,2021-11-15,15703.0
Orange,忠孝新生,2021-11-15,22193.5
Orange,松江南京,2021-11-15,35942.0
Orange,輔大,2021-11-15,27128.0
Orange,新莊,2021-11-15,20236.0
Orange,頭前庄,2021-11-15,7341.0
Orange,先嗇宮,2021-11-15,9358.0
Orange,三重,2021-11-15,12625.0
Orange,菜寮,2021-11-15,19379.0
Orange,台北橋,2021-11-15,17025.0
Orange,大橋頭站,2021-11-15,22350.0
Orange,中山國小,2021-11-15,29494.0
Orange,行天宮,2021-11-15,48958.0
Orange,東門,2021-11-15,18075.0
Orange,蘆洲,2021-11-15,26046.0
Orange,三民高中,2021-11-15,22754.0
Orange,徐匯中學,2021-11-15,22319.0
Orange,三和國中,2021-11-15,22647.0
Orange,三重國小,2021-11-15,21080.0
Orange,迴龍,2021-11-15,22016.0
Orange,丹鳳,2021-11-15,18155.0
Orange,古亭,2021-11-16,29686.5
Orange,頂溪,2021-11-16,64021.0
Orange,永安市場,2021-11-16,46991.0
Orange,景安,2021-11-16,47079.0
Orange,南勢角,2021-11-16,38289.0
Orange,民權西路,2021-11-16,17147.0
Orange,忠孝新生,2021-11-16,22755.0
Orange,松江南京,2021-11-16,37240.5
Orange,輔大,2021-11-16,27623.0
Orange,新莊,2021-11-16,21482.0
Orange,頭前庄,2021-11-16,7503.5
Orange,先嗇宮,2021-11-16,9539.0
Orange,三重,2021-11-16,12672.0
Orange,菜寮,2021-11-16,19709.0
Orange,台北橋,2021-11-16,17598.0
Orange,大橋頭站,2021-11-16,22758.0
Orange,中山國小,2021-11-16,30246.0
Orange,行天宮,2021-11-16,50094.0
Orange,東門,2021-11-16,18939.5
Orange,蘆洲,2021-11-16,26660.0
Orange,三民高中,2021-11-16,23364.0
Orange,徐匯中學,2021-11-16,23277.0
Orange,三和國中,2021-11-16,23079.0
Orange,三重國小,2021-11-16,21785.0
Orange,迴龍,2021-11-16,22296.0
Orange,丹鳳,2021-11-16,18619.0
Orange,古亭,2021-11-17,30291.5
Orange,頂溪,2021-11-17,63945.0
Orange,永安市場,2021-11-17,47097.0
Orange,景安,2021-11-17,48007.0
Orange,南勢角,2021-11-17,38865.0
Orange,民權西路,2021-11-17,17270.0
Orange,忠孝新生,2021-11-17,23243.5
Orange,松江南京,2021-11-17,38243.0
Orange,輔大,2021-11-17,28129.0
Orange,新莊,2021-11-17,21623.0
Orange,頭前庄,2021-11-17,7772.5
Orange,先嗇宮,2021-11-17,9567.0
Orange,三重,2021-11-17,12826.0
Orange,菜寮,2021-11-17,19398.0
Orange,台北橋,2021-11-17,17583.0
Orange,大橋頭站,2021-11-17,22920.0
Orange,中山國小,2021-11-17,30449.0
Orange,行天宮,2021-11-17,50525.0
Orange,東門,2021-11-17,19271.5
Orange,蘆洲,2021-11-17,26761.0
Orange,三民高中,2021-11-17,23547.0
Orange,徐匯中學,2021-11-17,23164.0
Orange,三和國中,2021-11-17,23342.0
Orange,三重國小,2021-11-17,21864.0
Orange,迴龍,2021-11-17,22386.0
Orange,丹鳳,2021-11-17,19116.0
Orange,古亭,2021-11-18,30492.0
Orange,頂溪,2021-11-18,64590.0
Orange,永安市場,2021-11-18,47916.0
Orange,景安,2021-11-18,48207.0
Orange,南勢角,2021-11-18,38457.0
Orange,民權西路,2021-11-18,17092.0
Orange,忠孝新生,2021-11-18,24109.5
Orange,松江南京,2021-11-18,38288.0
Orange,輔大,2021-11-18,28316.0
Orange,新莊,2021-11-18,22967.0
Orange,頭前庄,2021-11-18,7599.5
Orange,先嗇宮,2021-11-18,9536.0
Orange,三重,2021-11-18,12592.0
Orange,菜寮,2021-11-18,19555.0
Orange,台北橋,2021-11-18,17791.0
Orange,大橋頭站,2021-11-18,22940.0
Orange,中山國小,2021-11-18,31041.0
Orange,行天宮,2021-11-18,50624.0
Orange,東門,2021-11-18,19515.5
Orange,蘆洲,2021-11-18,26680.0
Orange,三民高中,2021-11-18,23189.0
Orange,徐匯中學,2021-11-18,23312.0
Orange,三和國中,2021-11-18,23582.0
Orange,三重國小,2021-11-18,21547.0
Orange,迴龍,2021-11-18,22094.0
Orange,丹鳳,2021-11-18,18768.0
Orange,古亭,2021-11-19,31022.0
Orange,頂溪,2021-11-19,67958.0
Orange,永安市場,2021-11-19,49900.0
Orange,景安,2021-11-19,49858.0
Orange,南勢角,2021-11-19,40038.0
Orange,民權西路,2021-11-19,17151.5
Orange,忠孝新生,2021-11-19,25747.5
Orange,松江南京,2021-11-19,37852.5
Orange,輔大,2021-11-19,29335.0
Orange,新莊,2021-11-19,23367.0
Orange,頭前庄,2021-11-19,8112.0
Orange,先嗇宮,2021-11-19,9886.0
Orange,三重,2021-11-19,13482.0
Orange,菜寮,2021-11-19,20876.0
Orange,台北橋,2021-11-19,18904.0
Orange,大橋頭站,2021-11-19,25578.0
Orange,中山國小,2021-11-19,32597.0
Orange,行天宮,2021-11-19,53017.0
Orange,東門,2021-11-19,20493.0
Orange,蘆洲,2021-11-19,27798.0
Orange,三民高中,2021-11-19,24519.0
Orange,徐匯中學,2021-11-19,24829.0
Orange,三和國中,2021-11-19,24710.0
Orange,三重國小,2021-11-19,22641.0
Orange,迴龍,2021-11-19,23370.0
Orange,丹鳳,2021-11-19,19758.0
Orange,古亭,2021-11-20,23806.0
Orange,頂溪,2021-11-20,52535.0
Orange,永安市場,2021-11-20,36909.0
Orange,景安,2021-11-20,35761.0
Orange,南勢角,2021-11-20,29662.0
Orange,民權西路,2021-11-20,10347.5
Orange,忠孝新生,2021-11-20,20329.5
Orange,松江南京,2021-11-20,16801.5
Orange,輔大,2021-11-20,15985.0
Orange,新莊,2021-11-20,16522.0
Orange,頭前庄,2021-11-20,5895.5
Orange,先嗇宮,2021-11-20,4440.0
Orange,三重,2021-11-20,10733.0
Orange,菜寮,2021-11-20,14029.0
Orange,台北橋,2021-11-20,16507.0
Orange,大橋頭站,2021-11-20,20971.0
Orange,中山國小,2021-11-20,22819.0
Orange,行天宮,2021-11-20,32288.0
Orange,東門,2021-11-20,16296.0
Orange,蘆洲,2021-11-20,20163.0
Orange,三民高中,2021-11-20,18154.0
Orange,徐匯中學,2021-11-20,19087.0
Orange,三和國中,2021-11-20,17599.0
Orange,三重國小,2021-11-20,17881.0
Orange,迴龍,2021-11-20,14437.0
Orange,丹鳳,2021-11-20,14739.0
Orange,古亭,2021-11-21,18008.5
Orange,頂溪,2021-11-21,45511.0
Orange,永安市場,2021-11-21,33048.0
Orange,景安,2021-11-21,31004.0
Orange,南勢角,2021-11-21,26135.0
Orange,民權西路,2021-11-21,9739.0
Orange,忠孝新生,2021-11-21,16386.5
Orange,松江南京,2021-11-21,12172.0
Orange,輔大,2021-11-21,12729.0
Orange,新莊,2021-11-21,12865.0
Orange,頭前庄,2021-11-21,5047.0
Orange,先嗇宮,2021-11-21,3743.0
Orange,三重,2021-11-21,11056.0
Orange,菜寮,2021-11-21,11160.0
Orange,台北橋,2021-11-21,13937.0
Orange,大橋頭站,2021-11-21,18136.0
Orange,中山國小,2021-11-21,18312.0
Orange,行天宮,2021-11-21,25831.0
Orange,東門,2021-11-21,13330.5
Orange,蘆洲,2021-11-21,16605.0
Orange,三民高中,2021-11-21,14418.0
Orange,徐匯中學,2021-11-21,15523.0
Orange,三和國中,2021-11-21,14466.0
Orange,三重國小,2021-11-21,14851.0
Orange,迴龍,2021-11-21,12445.0
Orange,丹鳳,2021-11-21,12658.0
Orange,古亭,2021-11-22,28938.5
Orange,頂溪,2021-11-22,63921.0
Orange,永安市場,2021-11-22,46767.0
Orange,景安,2021-11-22,47384.0
Orange,南勢角,2021-11-22,37381.0
Orange,民權西路,2021-11-22,17242.0
Orange,忠孝新生,2021-11-22,23434.0
Orange,松江南京,2021-11-22,36645.0
Orange,輔大,2021-11-22,27962.0
Orange,新莊,2021-11-22,20238.0
Orange,頭前庄,2021-11-22,7658.0
Orange,先嗇宮,2021-11-22,9369.0
Orange,三重,2021-11-22,12311.0
Orange,菜寮,2021-11-22,20137.0
Orange,台北橋,2021-11-22,17527.0
Orange,大橋頭站,2021-11-22,22885.0
Orange,中山國小,2021-11-22,29974.0
Orange,行天宮,2021-11-22,49318.0
Orange,東門,2021-11-22,18193.5
Orange,蘆洲,2021-11-22,25872.0
Orange,三民高中,2021-11-22,22897.0
Orange,徐匯中學,2021-11-22,23003.0
Orange,三和國中,2021-11-22,23437.0
Orange,三重國小,2021-11-22,21892.0
Orange,迴龍,2021-11-22,21609.0
Orange,丹鳳,2021-11-22,18558.0
Orange,古亭,2021-11-23,30711.0
Orange,頂溪,2021-11-23,65078.0
Orange,永安市場,2021-11-23,47566.0
Orange,景安,2021-11-23,48396.0
Orange,南勢角,2021-11-23,38333.0
Orange,民權西路,2021-11-23,17804.5
Orange,忠孝新生,2021-11-23,24247.0
Orange,松江南京,2021-11-23,38151.5
Orange,輔大,2021-11-23,28677.0
Orange,新莊,2021-11-23,20533.0
Orange,頭前庄,2021-11-23,7758.5
Orange,先嗇宮,2021-11-23,9645.0
Orange,三重,2021-11-23,12632.0
Orange,菜寮,2021-11-23,20083.0
Orange,台北橋,2021-11-23,17936.0
Orange,大橋頭站,2021-11-23,22809.0
Orange,中山國小,2021-11-23,30872.0
Orange,行天宮,2021-11-23,51307.0
Orange,東門,2021-11-23,19467.5
Orange,蘆洲,2021-11-23,26637.0
Orange,三民高中,2021-11-23,23235.0
Orange,徐匯中學,2021-11-23,23520.0
Orange,三和國中,2021-11-23,23733.0
Orange,三重國小,2021-11-23,22013.0
Orange,迴龍,2021-11-23,22027.0
Orange,丹鳳,2021-11-23,18972.0
Orange,古亭,2021-11-24,30821.5
Orange,頂溪,2021-11-24,64976.0
Orange,永安市場,2021-11-24,47833.0
Orange,景安,2021-11-24,47685.0
Orange,南勢角,2021-11-24,38561.0
Orange,民權西路,2021-11-24,17617.0
Orange,忠孝新生,2021-11-24,23881.0
Orange,松江南京,2021-11-24,37719.5
Orange,輔大,2021-11-24,28431.0
Orange,新莊,2021-11-24,21189.0
Orange,頭前庄,2021-11-24,7947.0
Orange,先嗇宮,2021-11-24,9747.0
Orange,三重,2021-11-24,12914.0
Orange,菜寮,2021-11-24,20369.0
Orange,台北橋,2021-11-24,17640.0
Orange,大橋頭站,2021-11-24,23478.0
Orange,中山國小,2021-11-24,30676.0
Orange,行天宮,2021-11-24,52111.0
Orange,東門,2021-11-24,19506.5
Orange,蘆洲,2021-11-24,26815.0
Orange,三民高中,2021-11-24,23564.0
Orange,徐匯中學,2021-11-24,23510.0
Orange,三和國中,2021-11-24,23463.0
Orange,三重國小,2021-11-24,21939.0
Orange,迴龍,2021-11-24,22433.0
Orange,丹鳳,2021-11-24,19541.0
Orange,古亭,2021-11-25,30652.0
Orange,頂溪,2021-11-25,65105.0
Orange,永安市場,2021-11-25,48396.0
Orange,景安,2021-11-25,48092.0
Orange,南勢角,2021-11-25,38735.0
Orange,民權西路,2021-11-25,17625.0
Orange,忠孝新生,2021-11-25,24404.0
Orange,松江南京,2021-11-25,37924.0
Orange,輔大,2021-11-25,28057.0
Orange,新莊,2021-11-25,21312.0
Orange,頭前庄,2021-11-25,7684.0
Orange,先嗇宮,2021-11-25,9519.0
Orange,三重,2021-11-25,12946.0
Orange,菜寮,2021-11-25,20267.0
Orange,台北橋,2021-11-25,17565.0
Orange,大橋頭站,2021-11-25,23313.0
Orange,中山國小,2021-11-25,30820.0
Orange,行天宮,2021-11-25,51027.0
Orange,東門,2021-11-25,19476.5
Orange,蘆洲,2021-11-25,27028.0
Orange,三民高中,2021-11-25,23605.0
Orange,徐匯中學,2021-11-25,23550.0
Orange,三和國中,2021-11-25,23631.0
Orange,三重國小,2021-11-25,21827.0
Orange,迴龍,2021-11-25,22209.0
Orange,丹鳳,2021-11-25,19094.0
Orange,古亭,2021-11-26,32253.5
Orange,頂溪,2021-11-26,69391.0
Orange,永安市場,2021-11-26,51344.0
Orange,景安,2021-11-26,51244.0
Orange,南勢角,2021-11-26,40619.0
Orange,民權西路,2021-11-26,17973.0
Orange,忠孝新生,2021-11-26,26283.0
Orange,松江南京,2021-11-26,39197.0
Orange,輔大,2021-11-26,30247.0
Orange,新莊,2021-11-26,21855.0
Orange,頭前庄,2021-11-26,8202.5
Orange,先嗇宮,2021-11-26,9888.0
Orange,三重,2021-11-26,13337.0
Orange,菜寮,2021-11-26,21507.0
Orange,台北橋,2021-11-26,19112.0
Orange,大橋頭站,2021-11-26,26029.0
Orange,中山國小,2021-11-26,32834.0
Orange,行天宮,2021-11-26,54908.0
Orange,東門,2021-11-26,20890.5
Orange,蘆洲,2021-11-26,27991.0
Orange,三民高中,2021-11-26,24419.0
Orange,徐匯中學,2021-11-26,25156.0
Orange,三和國中,2021-11-26,24786.0
Orange,三重國小,2021-11-26,23064.0
Orange,迴龍,2021-11-26,23061.0
Orange,丹鳳,2021-11-26,20130.0
Orange,古亭,2021-11-27,23325.5
Orange,頂溪,2021-11-27,51347.0
Orange,永安市場,2021-11-27,37059.0
Orange,景安,2021-11-27,35312.0
Orange,南勢角,2021-11-27,29285.0
Orange,民權西路,2021-11-27,10431.5
Orange,忠孝新生,2021-11-27,19000.5
Orange,松江南京,2021-11-27,17412.5
Orange,輔大,2021-11-27,16792.0
Orange,新莊,2021-11-27,13857.0
Orange,頭前庄,2021-11-27,5752.0
Orange,先嗇宮,2021-11-27,4230.0
Orange,三重,2021-11-27,9978.0
Orange,菜寮,2021-11-27,13982.0
Orange,台北橋,2021-11-27,16207.0
Orange,大橋頭站,2021-11-27,19767.0
Orange,中山國小,2021-11-27,23084.0
Orange,行天宮,2021-11-27,32757.0
Orange,東門,2021-11-27,15833.5
Orange,蘆洲,2021-11-27,19065.0
Orange,三民高中,2021-11-27,16700.0
Orange,徐匯中學,2021-11-27,18943.0
Orange,三和國中,2021-11-27,17417.0
Orange,三重國小,2021-11-27,17586.0
Orange,迴龍,2021-11-27,13709.0
Orange,丹鳳,2021-11-27,13721.0
Orange,古亭,2021-11-28,17370.5
Orange,頂溪,2021-11-28,43372.0
Orange,永安市場,2021-11-28,30506.0
Orange,景安,2021-11-28,29109.0
Orange,南勢角,2021-11-28,25589.0
Orange,民權西路,2021-11-28,9519.0
Orange,忠孝新生,2021-11-28,15355.5
Orange,松江南京,2021-11-28,12269.5
Orange,輔大,2021-11-28,14015.0
Orange,新莊,2021-11-28,12179.0
Orange,頭前庄,2021-11-28,4796.5
Orange,先嗇宮,2021-11-28,3540.0
Orange,三重,2021-11-28,9762.0
Orange,菜寮,2021-11-28,10933.0
Orange,台北橋,2021-11-28,13538.0
Orange,大橋頭站,2021-11-28,17893.0
Orange,中山國小,2021-11-28,17788.0
Orange,行天宮,2021-11-28,26816.0
Orange,東門,2021-11-28,12946.0
Orange,蘆洲,2021-11-28,15443.0
Orange,三民高中,2021-11-28,14146.0
Orange,徐匯中學,2021-11-28,15084.0
Orange,三和國中,2021-11-28,14206.0
Orange,三重國小,2021-11-28,14766.0
Orange,迴龍,2021-11-28,12069.0
Orange,丹鳳,2021-11-28,11842.0
Orange,古亭,2021-11-29,28662.5
Orange,頂溪,2021-11-29,63145.0
Orange,永安市場,2021-11-29,46941.0
Orange,景安,2021-11-29,47018.0
Orange,南勢角,2021-11-29,37965.0
Orange,民權西路,2021-11-29,17076.0
Orange,忠孝新生,2021-11-29,23060.0
Orange,松江南京,2021-11-29,36843.0
Orange,輔大,2021-11-29,28378.0
Orange,新莊,2021-11-29,20582.0
Orange,頭前庄,2021-11-29,7624.0
Orange,先嗇宮,2021-11-29,9507.0
Orange,三重,2021-11-29,12873.0
Orange,菜寮,2021-11-29,20091.0
Orange,台北橋,2021-11-29,17603.0
Orange,大橋頭站,2021-11-29,23334.0
Orange,中山國小,2021-11-29,29953.0
Orange,行天宮,2021-11-29,49536.0
Orange,東門,2021-11-29,18009.0
Orange,蘆洲,2021-11-29,26357.0
Orange,三民高中,2021-11-29,22959.0
Orange,徐匯中學,2021-11-29,22652.0
Orange,三和國中,2021-11-29,23234.0
Orange,三重國小,2021-11-29,21562.0
Orange,迴龍,2021-11-29,22252.0
Orange,丹鳳,2021-11-29,18933.0
Orange,古亭,2021-11-30,30357.0
Orange,頂溪,2021-11-30,64813.0
Orange,永安市場,2021-11-30,48408.0
Orange,景安,2021-11-30,47466.0
Orange,南勢角,2021-11-30,38403.0
Orange,民權西路,2021-11-30,17674.0
Orange,忠孝新生,2021-11-30,23190.5
Orange,松江南京,2021-11-30,38099.0
Orange,輔大,2021-11-30,28260.0
Orange,新莊,2021-11-30,20597.0
Orange,頭前庄,2021-11-30,7878.5
Orange,先嗇宮,2021-11-30,10119.0
Orange,三重,2021-11-30,12519.0
Orange,菜寮,2021-11-30,20571.0
Orange,台北橋,2021-11-30,17790.0
Orange,大橋頭站,2021-11-30,23200.0
Orange,中山國小,2021-11-30,31477.0
Orange,行天宮,2021-11-30,51646.0
Orange,東門,2021-11-30,19455.0
Orange,蘆洲,2021-11-30,26988.0
Orange,三民高中,2021-11-30,23410.0
Orange,徐匯中學,2021-11-30,23720.0
Orange,三和國中,2021-11-30,23556.0
Orange,三重國小,2021-11-30,21854.0
Orange,迴龍,2021-11-30,22430.0
Orange,丹鳳,2021-11-30,18941.0
Orange,古亭,2021-12-01,30585.5
Orange,頂溪,2021-12-01,64961.0
Orange,永安市場,2021-12-01,47994.0
Orange,景安,2021-12-01,47876.0
Orange,南勢角,2021-12-01,38351.0
Orange,民權西路,2021-12-01,17662.5
Orange,忠孝新生,2021-12-01,24153.5
Orange,松江南京,2021-12-01,38272.0
Orange,輔大,2021-12-01,28413.0
Orange,新莊,2021-12-01,20969.0
Orange,頭前庄,2021-12-01,7890.5
Orange,先嗇宮,2021-12-01,9674.0
Orange,三重,2021-12-01,12862.0
Orange,菜寮,2021-12-01,20212.0
Orange,台北橋,2021-12-01,17948.0
Orange,大橋頭站,2021-12-01,23218.0
Orange,中山國小,2021-12-01,30959.0
Orange,行天宮,2021-12-01,51420.0
Orange,東門,2021-12-01,19789.0
Orange,蘆洲,2021-12-01,26932.0
Orange,三民高中,2021-12-01,23632.0
Orange,徐匯中學,2021-12-01,23839.0
Orange,三和國中,2021-12-01,23548.0
Orange,三重國小,2021-12-01,22056.0
Orange,迴龍,2021-12-01,22603.0
Orange,丹鳳,2021-12-01,19020.0
Orange,古亭,2021-12-02,30570.5
Orange,頂溪,2021-12-02,65464.0
Orange,永安市場,2021-12-02,48599.0
Orange,景安,2021-12-02,48208.0
Orange,南勢角,2021-12-02,38394.0
Orange,民權西路,2021-12-02,17936.5
Orange,忠孝新生,2021-12-02,24027.5
Orange,松江南京,2021-12-02,38287.0
Orange,輔大,2021-12-02,28172.0
Orange,新莊,2021-12-02,21057.0
Orange,頭前庄,2021-12-02,7647.5
Orange,先嗇宮,2021-12-02,9559.0
Orange,三重,2021-12-02,13209.0
Orange,菜寮,2021-12-02,20030.0
Orange,台北橋,2021-12-02,17452.0
Orange,大橋頭站,2021-12-02,23813.0
Orange,中山國小,2021-12-02,30962.0
Orange,行天宮,2021-12-02,51079.0
Orange,東門,2021-12-02,19620.0
Orange,蘆洲,2021-12-02,27181.0
Orange,三民高中,2021-12-02,23529.0
Orange,徐匯中學,2021-12-02,23688.0
Orange,三和國中,2021-12-02,23633.0
Orange,三重國小,2021-12-02,22027.0
Orange,迴龍,2021-12-02,22400.0
Orange,丹鳳,2021-12-02,19044.0
Orange,古亭,2021-12-03,31724.0
Orange,頂溪,2021-12-03,69380.0
Orange,永安市場,2021-12-03,51312.0
Orange,景安,2021-12-03,50464.0
Orange,南勢角,2021-12-03,40472.0
Orange,民權西路,2021-12-03,18084.0
Orange,忠孝新生,2021-12-03,25992.5
Orange,松江南京,2021-12-03,39261.5
Orange,輔大,2021-12-03,29048.0
Orange,新莊,2021-12-03,22134.0
Orange,頭前庄,2021-12-03,8197.0
Orange,先嗇宮,2021-12-03,10007.0
Orange,三重,2021-12-03,14162.0
Orange,菜寮,2021-12-03,21046.0
Orange,台北橋,2021-12-03,19603.0
Orange,大橋頭站,2021-12-03,26446.0
Orange,中山國小,2021-12-03,33506.0
Orange,行天宮,2021-12-03,53895.0
Orange,東門,2021-12-03,20899.5
Orange,蘆洲,2021-12-03,28175.0
Orange,三民高中,2021-12-03,24997.0
Orange,徐匯中學,2021-12-03,25277.0
Orange,三和國中,2021-12-03,25063.0
Orange,三重國小,2021-12-03,23337.0
Orange,迴龍,2021-12-03,23566.0
Orange,丹鳳,2021-12-03,20285.0
Orange,古亭,2021-12-04,25007.5
Orange,頂溪,2021-12-04,57412.0
Orange,永安市場,2021-12-04,41400.0
Orange,景安,2021-12-04,39463.0
Orange,南勢角,2021-12-04,32667.0
Orange,民權西路,2021-12-04,11192.0
Orange,忠孝新生,2021-12-04,21624.5
Orange,松江南京,2021-12-04,18650.5
Orange,輔大,2021-12-04,25891.0
Orange,新莊,2021-12-04,20340.0
Orange,頭前庄,2021-12-04,6632.5
Orange,先嗇宮,2021-12-04,4744.0
Orange,三重,2021-12-04,12970.0
Orange,菜寮,2021-12-04,16146.0
Orange,台北橋,2021-12-04,17891.0
Orange,大橋頭站,2021-12-04,23118.0
Orange,中山國小,2021-12-04,24120.0
Orange,行天宮,2021-12-04,35460.0
Orange,東門,2021-12-04,17516.5
Orange,蘆洲,2021-12-04,21454.0
Orange,三民高中,2021-12-04,19069.0
Orange,徐匯中學,2021-12-04,20436.0
Orange,三和國中,2021-12-04,19363.0
Orange,三重國小,2021-12-04,19045.0
Orange,迴龍,2021-12-04,16205.0
Orange,丹鳳,2021-12-04,15825.0
Orange,古亭,2021-12-05,19808.5
Orange,頂溪,2021-12-05,45903.0
Orange,永安市場,2021-12-05,31895.0
Orange,景安,2021-12-05,31673.0
Orange,南勢角,2021-12-05,26837.0
Orange,民權西路,2021-12-05,9667.0
Orange,忠孝新生,2021-12-05,17462.5
Orange,松江南京,2021-12-05,12979.0
Orange,輔大,2021-12-05,11929.0
Orange,新莊,2021-12-05,14225.0
Orange,頭前庄,2021-12-05,5207.0
Orange,先嗇宮,2021-12-05,3738.0
Orange,三重,2021-12-05,10055.0
Orange,菜寮,2021-12-05,12131.0
Orange,台北橋,2021-12-05,13974.0
Orange,大橋頭站,2021-12-05,18797.0
Orange,中山國小,2021-12-05,20097.0
Orange,行天宮,2021-12-05,26754.0
Orange,東門,2021-12-05,13942.0
Orange,蘆洲,2021-12-05,16674.0
Orange,三民高中,2021-12-05,14952.0
Orange,徐匯中學,2021-12-05,15701.0
Orange,三和國中,2021-12-05,15276.0
Orange,三重國小,2021-12-05,15536.0
Orange,迴龍,2021-12-05,13035.0
Orange,丹鳳,2021-12-05,12361.0
Orange,古亭,2021-12-06,29575.0
Orange,頂溪,2021-12-06,64501.0
Orange,永安市場,2021-12-06,46856.0
Orange,景安,2021-12-06,47649.0
Orange,南勢角,2021-12-06,38871.0
Orange,民權西路,2021-12-06,17445.0
Orange,忠孝新生,2021-12-06,23644.5
Orange,松江南京,2021-12-06,37235.0
Orange,輔大,2021-12-06,17803.0
Orange,新莊,2021-12-06,19458.0
Orange,頭前庄,2021-12-06,7589.0
Orange,先嗇宮,2021-12-06,9760.0
Orange,三重,2021-12-06,12275.0
Orange,菜寮,2021-12-06,18844.0
Orange,台北橋,2021-12-06,18140.0
Orange,大橋頭站,2021-12-06,23395.0
Orange,中山國小,2021-12-06,30846.0
Orange,行天宮,2021-12-06,51365.0
Orange,東門,2021-12-06,18562.5
Orange,蘆洲,2021-12-06,26967.0
Orange,三民高中,2021-12-06,23121.0
Orange,徐匯中學,2021-12-06,23549.0
Orange,三和國中,2021-12-06,24213.0
Orange,三重國小,2021-12-06,22125.0
Orange,迴龍,2021-12-06,22026.0
Orange,丹鳳,2021-12-06,18551.0
Orange,古亭,2021-12-07,30731.0
Orange,頂溪,2021-12-07,65090.0
Orange,永安市場,2021-12-07,48195.0
Orange,景安,2021-12-07,48531.0
Orange,南勢角,2021-12-07,39245.0
Orange,民權西路,2021-12-07,17640.0
Orange,忠孝新生,2021-12-07,23912.0
Orange,松江南京,2021-12-07,38481.0
Orange,輔大,2021-12-07,28321.0
Orange,新莊,2021-12-07,20937.0
Orange,頭前庄,2021-12-07,7926.5
Orange,先嗇宮,2021-12-07,10218.0
Orange,三重,2021-12-07,12701.0
Orange,菜寮,2021-12-07,20236.0
Orange,台北橋,2021-12-07,17870.0
Orange,大橋頭站,2021-12-07,23304.0
Orange,中山國小,2021-12-07,31109.0
Orange,行天宮,2021-12-07,51010.0
Orange,東門,2021-12-07,19553.0
Orange,蘆洲,2021-12-07,27058.0
Orange,三民高中,2021-12-07,23628.0
Orange,徐匯中學,2021-12-07,23604.0
Orange,三和國中,2021-12-07,23814.0
Orange,三重國小,2021-12-07,22216.0
Orange,迴龍,2021-12-07,22399.0
Orange,丹鳳,2021-12-07,18912.0
Orange,古亭,2021-12-08,31329.0
Orange,頂溪,2021-12-08,66731.0
Orange,永安市場,2021-12-08,48893.0
Orange,景安,2021-12-08,49055.0
Orange,南勢角,2021-12-08,40180.0
Orange,民權西路,2021-12-08,18213.0
Orange,忠孝新生,2021-12-08,24659.5
Orange,松江南京,2021-12-08,39126.5
Orange,輔大,2021-12-08,28289.0
Orange,新莊,2021-12-08,21557.0
Orange,頭前庄,2021-12-08,8089.0
Orange,先嗇宮,2021-12-08,9740.0
Orange,三重,2021-12-08,13394.0
Orange,菜寮,2021-12-08,20378.0
Orange,台北橋,2021-12-08,18226.0
Orange,大橋頭站,2021-12-08,24123.0
Orange,中山國小,2021-12-08,31299.0
Orange,行天宮,2021-12-08,52543.0
Orange,東門,2021-12-08,20222.0
Orange,蘆洲,2021-12-08,27323.0
Orange,三民高中,2021-12-08,23920.0
Orange,徐匯中學,2021-12-08,24126.0
Orange,三和國中,2021-12-08,24274.0
Orange,三重國小,2021-12-08,22425.0
Orange,迴龍,2021-12-08,22992.0
Orange,丹鳳,2021-12-08,19377.0
Orange,古亭,2021-12-09,31174.5
Orange,頂溪,2021-12-09,66530.0
Orange,永安市場,2021-12-09,48961.0
Orange,景安,2021-12-09,49088.0
Orange,南勢角,2021-12-09,39299.0
Orange,民權西路,2021-12-09,17805.5
Orange,忠孝新生,2021-12-09,24825.0
Orange,松江南京,2021-12-09,38413.5
Orange,輔大,2021-12-09,28186.0
Orange,新莊,2021-12-09,21918.0
Orange,頭前庄,2021-12-09,7737.5
Orange,先嗇宮,2021-12-09,9732.0
Orange,三重,2021-12-09,13039.0
Orange,菜寮,2021-12-09,20359.0
Orange,台北橋,2021-12-09,17824.0
Orange,大橋頭站,2021-12-09,24468.0
Orange,中山國小,2021-12-09,31269.0
Orange,行天宮,2021-12-09,51833.0
Orange,東門,2021-12-09,19746.5
Orange,蘆洲,2021-12-09,27555.0
Orange,三民高中,2021-12-09,23950.0
Orange,徐匯中學,2021-12-09,23809.0
Orange,三和國中,2021-12-09,24173.0
Orange,三重國小,2021-12-09,22412.0
Orange,迴龍,2021-12-09,22760.0
Orange,丹鳳,2021-12-09,19273.0
Orange,古亭,2021-12-10,31294.0
Orange,頂溪,2021-12-10,69513.0
Orange,永安市場,2021-12-10,50392.0
Orange,景安,2021-12-10,50847.0
Orange,南勢角,2021-12-10,40791.0
Orange,民權西路,2021-12-10,18155.0
Orange,忠孝新生,2021-12-10,26855.0
Orange,松江南京,2021-12-10,39678.5
Orange,輔大,2021-12-10,29516.0
Orange,新莊,2021-12-10,22312.0
Orange,頭前庄,2021-12-10,8353.0
Orange,先嗇宮,2021-12-10,10024.0
Orange,三重,2021-12-10,14045.0
Orange,菜寮,2021-12-10,21052.0
Orange,台北橋,2021-12-10,19502.0
Orange,大橋頭站,2021-12-10,27239.0
Orange,中山國小,2021-12-10,34048.0
Orange,行天宮,2021-12-10,54952.0
Orange,東門,2021-12-10,21157.5
Orange,蘆洲,2021-12-10,28401.0
Orange,三民高中,2021-12-10,25221.0
Orange,徐匯中學,2021-12-10,25618.0
Orange,三和國中,2021-12-10,24951.0
Orange,三重國小,2021-12-10,23289.0
Orange,迴龍,2021-12-10,23724.0
Orange,丹鳳,2021-12-10,20342.0
Orange,古亭,2021-12-11,24733.5
Orange,頂溪,2021-12-11,59688.0
Orange,永安市場,2021-12-11,40935.0
Orange,景安,2021-12-11,40399.0
Orange,南勢角,2021-12-11,34636.0
Orange,民權西路,2021-12-11,11791.5
Orange,忠孝新生,2021-12-11,21648.5
Orange,松江南京,2021-12-11,18914.5
Orange,輔大,2021-12-11,17415.0
Orange,新莊,2021-12-11,19101.0
Orange,頭前庄,2021-12-11,7037.0
Orange,先嗇宮,2021-12-11,4830.0
Orange,三重,2021-12-11,14091.0
Orange,菜寮,2021-12-11,15858.0
Orange,台北橋,2021-12-11,18669.0
Orange,大橋頭站,2021-12-11,23845.0
Orange,中山國小,2021-12-11,25518.0
Orange,行天宮,2021-12-11,35491.0
Orange,東門,2021-12-11,17929.0
Orange,蘆洲,2021-12-11,22247.0
Orange,三民高中,2021-12-11,19838.0
Orange,徐匯中學,2021-12-11,21488.0
Orange,三和國中,2021-12-11,19757.0
Orange,三重國小,2021-12-11,19888.0
Orange,迴龍,2021-12-11,16629.0
Orange,丹鳳,2021-12-11,16266.0
Orange,古亭,2021-12-12,18780.0
Orange,頂溪,2021-12-12,46317.0
Orange,永安市場,2021-12-12,32011.0
Orange,景安,2021-12-12,31128.0
Orange,南勢角,2021-12-12,26209.0
Orange,民權西路,2021-12-12,10240.0
Orange,忠孝新生,2021-12-12,16625.0
Orange,松江南京,2021-12-12,14023.0
Orange,輔大,2021-12-12,15006.0
Orange,新莊,2021-12-12,13647.0
Orange,頭前庄,2021-12-12,5146.0
Orange,先嗇宮,2021-12-12,3734.0
Orange,三重,2021-12-12,9939.0
Orange,菜寮,2021-12-12,11670.0
Orange,台北橋,2021-12-12,14050.0
Orange,大橋頭站,2021-12-12,18056.0
Orange,中山國小,2021-12-12,19544.0
Orange,行天宮,2021-12-12,27453.0
Orange,東門,2021-12-12,13196.0
Orange,蘆洲,2021-12-12,16516.0
Orange,三民高中,2021-12-12,14649.0
Orange,徐匯中學,2021-12-12,16068.0
Orange,三和國中,2021-12-12,14681.0
Orange,三重國小,2021-12-12,15069.0
Orange,迴龍,2021-12-12,12427.0
Orange,丹鳳,2021-12-12,12271.0
Orange,古亭,2021-12-13,29751.5
Orange,頂溪,2021-12-13,64625.0
Orange,永安市場,2021-12-13,47239.0
Orange,景安,2021-12-13,48019.0
Orange,南勢角,2021-12-13,38085.0
Orange,民權西路,2021-12-13,17849.0
Orange,忠孝新生,2021-12-13,23887.5
Orange,松江南京,2021-12-13,38405.0
Orange,輔大,2021-12-13,28135.0
Orange,新莊,2021-12-13,20565.0
Orange,頭前庄,2021-12-13,7974.0
Orange,先嗇宮,2021-12-13,9735.0
Orange,三重,2021-12-13,12843.0
Orange,菜寮,2021-12-13,20171.0
Orange,台北橋,2021-12-13,18284.0
Orange,大橋頭站,2021-12-13,23518.0
Orange,中山國小,2021-12-13,30803.0
Orange,行天宮,2021-12-13,50895.0
Orange,東門,2021-12-13,17979.5
Orange,蘆洲,2021-12-13,26621.0
Orange,三民高中,2021-12-13,23458.0
Orange,徐匯中學,2021-12-13,23588.0
Orange,三和國中,2021-12-13,23909.0
Orange,三重國小,2021-12-13,21880.0
Orange,迴龍,2021-12-13,21992.0
Orange,丹鳳,2021-12-13,18586.0
Orange,古亭,2021-12-14,30932.5
Orange,頂溪,2021-12-14,65970.0
Orange,永安市場,2021-12-14,48663.0
Orange,景安,2021-12-14,48260.0
Orange,南勢角,2021-12-14,39010.0
Orange,民權西路,2021-12-14,17942.5
Orange,忠孝新生,2021-12-14,24434.0
Orange,松江南京,2021-12-14,38510.0
Orange,輔大,2021-12-14,27992.0
Orange,新莊,2021-12-14,21040.0
Orange,頭前庄,2021-12-14,7902.5
Orange,先嗇宮,2021-12-14,9716.0
Orange,三重,2021-12-14,13179.0
Orange,菜寮,2021-12-14,19912.0
Orange,台北橋,2021-12-14,18014.0
Orange,大橋頭站,2021-12-14,23814.0
Orange,中山國小,2021-12-14,31316.0
Orange,行天宮,2021-12-14,51806.0
Orange,東門,2021-12-14,19618.5
Orange,蘆洲,2021-12-14,27246.0
Orange,三民高中,2021-12-14,23710.0
Orange,徐匯中學,2021-12-14,23849.0
Orange,三和國中,2021-12-14,23750.0
Orange,三重國小,2021-12-14,21833.0
Orange,迴龍,2021-12-14,22918.0
Orange,丹鳳,2021-12-14,19071.0
Orange,古亭,2021-12-15,31538.0
Orange,頂溪,2021-12-15,67440.0
Orange,永安市場,2021-12-15,49206.0
Orange,景安,2021-12-15,49575.0
Orange,南勢角,2021-12-15,39922.0
Orange,民權西路,2021-12-15,18281.5
Orange,忠孝新生,2021-12-15,24703.5
Orange,松江南京,2021-12-15,39214.5
Orange,輔大,2021-12-15,28511.0
Orange,新莊,2021-12-15,21543.0
Orange,頭前庄,2021-12-15,8123.0
Orange,先嗇宮,2021-12-15,10021.0
Orange,三重,2021-12-15,13321.0
Orange,菜寮,2021-12-15,20532.0
Orange,台北橋,2021-12-15,18547.0
Orange,大橋頭站,2021-12-15,24365.0
Orange,中山國小,2021-12-15,31663.0
Orange,行天宮,2021-12-15,53260.0
Orange,東門,2021-12-15,20293.5
Orange,蘆洲,2021-12-15,27665.0
Orange,三民高中,2021-12-15,24349.0
Orange,徐匯中學,2021-12-15,24119.0
Orange,三和國中,2021-12-15,24344.0
Orange,三重國小,2021-12-15,22540.0
Orange,迴龍,2021-12-15,23038.0
Orange,丹鳳,2021-12-15,19522.0
Orange,古亭,2021-12-16,31305.0
Orange,頂溪,2021-12-16,67268.0
Orange,永安市場,2021-12-16,49904.0
Orange,景安,2021-12-16,49396.0
Orange,南勢角,2021-12-16,39843.0
Orange,民權西路,2021-12-16,18201.0
Orange,忠孝新生,2021-12-16,25117.0
Orange,松江南京,2021-12-16,38786.5
Orange,輔大,2021-12-16,28574.0
Orange,新莊,2021-12-16,21704.0
Orange,頭前庄,2021-12-16,8000.5
Orange,先嗇宮,2021-12-16,10114.0
Orange,三重,2021-12-16,13438.0
Orange,菜寮,2021-12-16,20146.0
Orange,台北橋,2021-12-16,18364.0
Orange,大橋頭站,2021-12-16,24431.0
Orange,中山國小,2021-12-16,31803.0
Orange,行天宮,2021-12-16,52643.0
Orange,東門,2021-12-16,19966.5
Orange,蘆洲,2021-12-16,27541.0
Orange,三民高中,2021-12-16,24404.0
Orange,徐匯中學,2021-12-16,24261.0
Orange,三和國中,2021-12-16,24262.0
Orange,三重國小,2021-12-16,22778.0
Orange,迴龍,2021-12-16,23191.0
Orange,丹鳳,2021-12-16,19443.0
Orange,古亭,2021-12-17,32360.5
Orange,頂溪,2021-12-17,70924.0
Orange,永安市場,2021-12-17,51419.0
Orange,景安,2021-12-17,51599.0
Orange,南勢角,2021-12-17,40491.0
Orange,民權西路,2021-12-17,18517.0
Orange,忠孝新生,2021-12-17,26123.5
Orange,松江南京,2021-12-17,40405.5
Orange,輔大,2021-12-17,30001.0
Orange,新莊,2021-12-17,22983.0
Orange,頭前庄,2021-12-17,8394.0
Orange,先嗇宮,2021-12-17,10288.0
Orange,三重,2021-12-17,14207.0
Orange,菜寮,2021-12-17,21023.0
Orange,台北橋,2021-12-17,19890.0
Orange,大橋頭站,2021-12-17,26933.0
Orange,中山國小,2021-12-17,34578.0
Orange,行天宮,2021-12-17,55450.0
Orange,東門,2021-12-17,21955.0
Orange,蘆洲,2021-12-17,28826.0
Orange,三民高中,2021-12-17,25539.0
Orange,徐匯中學,2021-12-17,26160.0
Orange,三和國中,2021-12-17,25527.0
Orange,三重國小,2021-12-17,23846.0
Orange,迴龍,2021-12-17,24301.0
Orange,丹鳳,2021-12-17,20562.0
Orange,古亭,2021-12-18,24956.0
Orange,頂溪,2021-12-18,57337.0
Orange,永安市場,2021-12-18,39601.0
Orange,景安,2021-12-18,38716.0
Orange,南勢角,2021-12-18,31872.0
Orange,民權西路,2021-12-18,11284.5
Orange,忠孝新生,2021-12-18,19126.5
Orange,松江南京,2021-12-18,18923.5
Orange,輔大,2021-12-18,14482.0
Orange,新莊,2021-12-18,19057.0
Orange,頭前庄,2021-12-18,6492.0
Orange,先嗇宮,2021-12-18,10010.0
Orange,三重,2021-12-18,12569.0
Orange,菜寮,2021-12-18,14756.0
Orange,台北橋,2021-12-18,18502.0
Orange,大橋頭站,2021-12-18,23040.0
Orange,中山國小,2021-12-18,25669.0
Orange,行天宮,2021-12-18,36066.0
Orange,東門,2021-12-18,16724.0
Orange,蘆洲,2021-12-18,21768.0
Orange,三民高中,2021-12-18,19842.0
Orange,徐匯中學,2021-12-18,21027.0
Orange,三和國中,2021-12-18,19263.0
Orange,三重國小,2021-12-18,19444.0
Orange,迴龍,2021-12-18,15522.0
Orange,丹鳳,2021-12-18,15334.0
Orange,古亭,2021-12-19,19705.0
Orange,頂溪,2021-12-19,50198.0
Orange,永安市場,2021-12-19,34095.0
Orange,景安,2021-12-19,33521.0
Orange,南勢角,2021-12-19,28566.0
Orange,民權西路,2021-12-19,11290.0
Orange,忠孝新生,2021-12-19,17206.5
Orange,松江南京,2021-12-19,15016.0
Orange,輔大,2021-12-19,14040.0
Orange,新莊,2021-12-19,15802.0
Orange,頭前庄,2021-12-19,5773.0
Orange,先嗇宮,2021-12-19,9243.0
Orange,三重,2021-12-19,12800.0
Orange,菜寮,2021-12-19,13155.0
Orange,台北橋,2021-12-19,15690.0
Orange,大橋頭站,2021-12-19,20860.0
Orange,中山國小,2021-12-19,21746.0
Orange,行天宮,2021-12-19,30645.0
Orange,東門,2021-12-19,15308.0
Orange,蘆洲,2021-12-19,18020.0
Orange,三民高中,2021-12-19,16259.0
Orange,徐匯中學,2021-12-19,18095.0
Orange,三和國中,2021-12-19,16777.0
Orange,三重國小,2021-12-19,17375.0
Orange,迴龍,2021-12-19,13647.0
Orange,丹鳳,2021-12-19,13340.0
Orange,古亭,2021-12-20,29388.5
Orange,頂溪,2021-12-20,64161.0
Orange,永安市場,2021-12-20,46761.0
Orange,景安,2021-12-20,48009.0
Orange,南勢角,2021-12-20,38433.0
Orange,民權西路,2021-12-20,17354.0
Orange,忠孝新生,2021-12-20,23342.0
Orange,松江南京,2021-12-20,37139.5
Orange,輔大,2021-12-20,27772.0
Orange,新莊,2021-12-20,20670.0
Orange,頭前庄,2021-12-20,7695.0
Orange,先嗇宮,2021-12-20,9507.0
Orange,三重,2021-12-20,12429.0
Orange,菜寮,2021-12-20,19881.0
Orange,台北橋,2021-12-20,17843.0
Orange,大橋頭站,2021-12-20,23491.0
Orange,中山國小,2021-12-20,30446.0
Orange,行天宮,2021-12-20,51722.0
Orange,東門,2021-12-20,18316.5
Orange,蘆洲,2021-12-20,26856.0
Orange,三民高中,2021-12-20,23463.0
Orange,徐匯中學,2021-12-20,23441.0
Orange,三和國中,2021-12-20,23547.0
Orange,三重國小,2021-12-20,22182.0
Orange,迴龍,2021-12-20,22535.0
Orange,丹鳳,2021-12-20,18561.0
Orange,古亭,2021-12-21,31544.0
Orange,頂溪,2021-12-21,67805.0
Orange,永安市場,2021-12-21,49247.0
Orange,景安,2021-12-21,49962.0
Orange,南勢角,2021-12-21,39335.0
Orange,民權西路,2021-12-21,18208.5
Orange,忠孝新生,2021-12-21,25275.0
Orange,松江南京,2021-12-21,40131.5
Orange,輔大,2021-12-21,28879.0
Orange,新莊,2021-12-21,20979.0
Orange,頭前庄,2021-12-21,7716.0
Orange,先嗇宮,2021-12-21,10093.0
Orange,三重,2021-12-21,12848.0
Orange,菜寮,2021-12-21,20840.0
Orange,台北橋,2021-12-21,18731.0
Orange,大橋頭站,2021-12-21,23820.0
Orange,中山國小,2021-12-21,32581.0
Orange,行天宮,2021-12-21,53514.0
Orange,東門,2021-12-21,20494.0
Orange,蘆洲,2021-12-21,27636.0
Orange,三民高中,2021-12-21,23510.0
Orange,徐匯中學,2021-12-21,24322.0
Orange,三和國中,2021-12-21,24870.0
Orange,三重國小,2021-12-21,22717.0
Orange,迴龍,2021-12-21,22461.0
Orange,丹鳳,2021-12-21,19074.0
Orange,古亭,2021-12-22,32255.0
Orange,頂溪,2021-12-22,69180.0
Orange,永安市場,2021-12-22,49825.0
Orange,景安,2021-12-22,50275.0
Orange,南勢角,2021-12-22,40344.0
Orange,民權西路,2021-12-22,18471.0
Orange,忠孝新生,2021-12-22,25672.5
Orange,松江南京,2021-12-22,40753.0
Orange,輔大,2021-12-22,29183.0
Orange,新莊,2021-12-22,21614.0
Orange,頭前庄,2021-12-22,8172.5
Orange,先嗇宮,2021-12-22,10438.0
Orange,三重,2021-12-22,13300.0
Orange,菜寮,2021-12-22,20935.0
Orange,台北橋,2021-12-22,19258.0
Orange,大橋頭站,2021-12-22,24633.0
Orange,中山國小,2021-12-22,32758.0
Orange,行天宮,2021-12-22,56452.0
Orange,東門,2021-12-22,20812.0
Orange,蘆洲,2021-12-22,28170.0
Orange,三民高中,2021-12-22,24158.0
Orange,徐匯中學,2021-12-22,24656.0
Orange,三和國中,2021-12-22,25140.0
Orange,三重國小,2021-12-22,23235.0
Orange,迴龍,2021-12-22,22942.0
Orange,丹鳳,2021-12-22,19516.0
Orange,古亭,2021-12-23,31569.5
Orange,頂溪,2021-12-23,66957.0
Orange,永安市場,2021-12-23,48611.0
Orange,景安,2021-12-23,49298.0
Orange,南勢角,2021-12-23,39901.0
Orange,民權西路,2021-12-23,17277.5
Orange,忠孝新生,2021-12-23,25322.5
Orange,松江南京,2021-12-23,39849.5
Orange,輔大,2021-12-23,28916.0
Orange,新莊,2021-12-23,21236.0
Orange,頭前庄,2021-12-23,7807.5
Orange,先嗇宮,2021-12-23,9803.0
Orange,三重,2021-12-23,13344.0
Orange,菜寮,2021-12-23,19661.0
Orange,台北橋,2021-12-23,18349.0
Orange,大橋頭站,2021-12-23,24850.0
Orange,中山國小,2021-12-23,32180.0
Orange,行天宮,2021-12-23,53858.0
Orange,東門,2021-12-23,20500.0
Orange,蘆洲,2021-12-23,27564.0
Orange,三民高中,2021-12-23,23899.0
Orange,徐匯中學,2021-12-23,24130.0
Orange,三和國中,2021-12-23,24688.0
Orange,三重國小,2021-12-23,22584.0
Orange,迴龍,2021-12-23,22774.0
Orange,丹鳳,2021-12-23,19097.0
Orange,古亭,2021-12-24,33218.5
Orange,頂溪,2021-12-24,73045.0
Orange,永安市場,2021-12-24,53054.0
Orange,景安,2021-12-24,52741.0
Orange,南勢角,2021-12-24,41288.0
Orange,民權西路,2021-12-24,18323.5
Orange,忠孝新生,2021-12-24,28099.0
Orange,松江南京,2021-12-24,41612.5
Orange,輔大,2021-12-24,29709.0
Orange,新莊,2021-12-24,24063.0
Orange,頭前庄,2021-12-24,8517.0
Orange,先嗇宮,2021-12-24,10092.0
Orange,三重,2021-12-24,14436.0
Orange,菜寮,2021-12-24,21009.0
Orange,台北橋,2021-12-24,20875.0
Orange,大橋頭站,2021-12-24,27797.0
Orange,中山國小,2021-12-24,35737.0
Orange,行天宮,2021-12-24,59259.0
Orange,東門,2021-12-24,22238.5
Orange,蘆洲,2021-12-24,29172.0
Orange,三民高中,2021-12-24,25414.0
Orange,徐匯中學,2021-12-24,26422.0
Orange,三和國中,2021-12-24,26224.0
Orange,三重國小,2021-12-24,24005.0
Orange,迴龍,2021-12-24,23891.0
Orange,丹鳳,2021-12-24,20262.0
Orange,古亭,2021-12-25,24495.0
Orange,頂溪,2021-12-25,59247.0
Orange,永安市場,2021-12-25,42513.0
Orange,景安,2021-12-25,40104.0
Orange,南勢角,2021-12-25,32339.0
Orange,民權西路,2021-12-25,11161.0
Orange,忠孝新生,2021-12-25,21190.5
Orange,松江南京,2021-12-25,19405.5
Orange,輔大,2021-12-25,16313.0
Orange,新莊,2021-12-25,16473.0
Orange,頭前庄,2021-12-25,6900.5
Orange,先嗇宮,2021-12-25,7869.0
Orange,三重,2021-12-25,11870.0
Orange,菜寮,2021-12-25,15262.0
Orange,台北橋,2021-12-25,19361.0
Orange,大橋頭站,2021-12-25,22288.0
Orange,中山國小,2021-12-25,26073.0
Orange,行天宮,2021-12-25,36939.0
Orange,東門,2021-12-25,17805.5
Orange,蘆洲,2021-12-25,21378.0
Orange,三民高中,2021-12-25,18981.0
Orange,徐匯中學,2021-12-25,21493.0
Orange,三和國中,2021-12-25,19711.0
Orange,三重國小,2021-12-25,19562.0
Orange,迴龍,2021-12-25,16235.0
Orange,丹鳳,2021-12-25,15622.0
Orange,古亭,2021-12-26,18813.5
Orange,頂溪,2021-12-26,46552.0
Orange,永安市場,2021-12-26,31676.0
Orange,景安,2021-12-26,31381.0
Orange,南勢角,2021-12-26,26303.0
Orange,民權西路,2021-12-26,10864.5
Orange,忠孝新生,2021-12-26,16869.5
Orange,松江南京,2021-12-26,14508.0
Orange,輔大,2021-12-26,12942.0
Orange,新莊,2021-12-26,12788.0
Orange,頭前庄,2021-12-26,5018.0
Orange,先嗇宮,2021-12-26,6214.0
Orange,三重,2021-12-26,9976.0
Orange,菜寮,2021-12-26,12088.0
Orange,台北橋,2021-12-26,14504.0
Orange,大橋頭站,2021-12-26,18430.0
Orange,中山國小,2021-12-26,19796.0
Orange,行天宮,2021-12-26,29772.0
Orange,東門,2021-12-26,14071.5
Orange,蘆洲,2021-12-26,16486.0
Orange,三民高中,2021-12-26,14961.0
Orange,徐匯中學,2021-12-26,17462.0
Orange,三和國中,2021-12-26,15747.0
Orange,三重國小,2021-12-26,15450.0
Orange,迴龍,2021-12-26,12198.0
Orange,丹鳳,2021-12-26,12507.0
Orange,古亭,2021-12-27,30442.5
Orange,頂溪,2021-12-27,66666.0
Orange,永安市場,2021-12-27,48115.0
Orange,景安,2021-12-27,49561.0
Orange,南勢角,2021-12-27,38570.0
Orange,民權西路,2021-12-27,17731.0
Orange,忠孝新生,2021-12-27,24662.5
Orange,松江南京,2021-12-27,39442.0
Orange,輔大,2021-12-27,27647.0
Orange,新莊,2021-12-27,20614.0
Orange,頭前庄,2021-12-27,7768.5
Orange,先嗇宮,2021-12-27,9827.0
Orange,三重,2021-12-27,12709.0
Orange,菜寮,2021-12-27,20268.0
Orange,台北橋,2021-12-27,18608.0
Orange,大橋頭站,2021-12-27,23692.0
Orange,中山國小,2021-12-27,31357.0
Orange,行天宮,2021-12-27,53681.0
Orange,東門,2021-12-27,19163.5
Orange,蘆洲,2021-12-27,26925.0
Orange,三民高中,2021-12-27,23367.0
Orange,徐匯中學,2021-12-27,24334.0
Orange,三和國中,2021-12-27,24247.0
Orange,三重國小,2021-12-27,22591.0
Orange,迴龍,2021-12-27,22164.0
Orange,丹鳳,2021-12-27,19020.0
Orange,古亭,2021-12-28,31530.0
Orange,頂溪,2021-12-28,66315.0
Orange,永安市場,2021-12-28,49471.0
Orange,景安,2021-12-28,49198.0
Orange,南勢角,2021-12-28,39505.0
Orange,民權西路,2021-12-28,17831.0
Orange,忠孝新生,2021-12-28,25074.0
Orange,松江南京,2021-12-28,39363.5
Orange,輔大,2021-12-28,28221.0
Orange,新莊,2021-12-28,21468.0
Orange,頭前庄,2021-12-28,7831.5
Orange,先嗇宮,2021-12-28,9910.0
Orange,三重,2021-12-28,13019.0
Orange,菜寮,2021-12-28,20258.0
Orange,台北橋,2021-12-28,18380.0
Orange,大橋頭站,2021-12-28,24355.0
Orange,中山國小,2021-12-28,32053.0
Orange,行天宮,2021-12-28,54328.0
Orange,東門,2021-12-28,20145.5
Orange,蘆洲,2021-12-28,27489.0
Orange,三民高中,2021-12-28,24262.0
Orange,徐匯中學,2021-12-28,24020.0
Orange,三和國中,2021-12-28,24071.0
Orange,三重國小,2021-12-28,22496.0
Orange,迴龍,2021-12-28,22817.0
Orange,丹鳳,2021-12-28,19262.0
Orange,古亭,2021-12-29,32015.0
Orange,頂溪,2021-12-29,67116.0
Orange,永安市場,2021-12-29,49550.0
Orange,景安,2021-12-29,49550.0
Orange,南勢角,2021-12-29,40092.0
Orange,民權西路,2021-12-29,18418.0
Orange,忠孝新生,2021-12-29,25267.5
Orange,松江南京,2021-12-29,39715.0
Orange,輔大,2021-12-29,28397.0
Orange,新莊,2021-12-29,21628.0
Orange,頭前庄,2021-12-29,8169.0
Orange,先嗇宮,2021-12-29,10088.0
Orange,三重,2021-12-29,13307.0
Orange,菜寮,2021-12-29,20344.0
Orange,台北橋,2021-12-29,18681.0
Orange,大橋頭站,2021-12-29,24739.0
Orange,中山國小,2021-12-29,31431.0
Orange,行天宮,2021-12-29,55327.0
Orange,東門,2021-12-29,20937.0
Orange,蘆洲,2021-12-29,27719.0
Orange,三民高中,2021-12-29,24254.0
Orange,徐匯中學,2021-12-29,24461.0
Orange,三和國中,2021-12-29,24190.0
Orange,三重國小,2021-12-29,22730.0
Orange,迴龍,2021-12-29,22852.0
Orange,丹鳳,2021-12-29,19327.0
Orange,古亭,2021-12-30,32231.5
Orange,頂溪,2021-12-30,69270.0
Orange,永安市場,2021-12-30,49591.0
Orange,景安,2021-12-30,50459.0
Orange,南勢角,2021-12-30,39217.0
Orange,民權西路,2021-12-30,18707.0
Orange,忠孝新生,2021-12-30,26117.5
Orange,松江南京,2021-12-30,39455.0
Orange,輔大,2021-12-30,30019.0
Orange,新莊,2021-12-30,21849.0
Orange,頭前庄,2021-12-30,8255.5
Orange,先嗇宮,2021-12-30,10186.0
Orange,三重,2021-12-30,13793.0
Orange,菜寮,2021-12-30,20125.0
Orange,台北橋,2021-12-30,20203.0
Orange,大橋頭站,2021-12-30,25972.0
Orange,中山國小,2021-12-30,32894.0
Orange,行天宮,2021-12-30,55320.0
Orange,東門,2021-12-30,20982.5
Orange,蘆洲,2021-12-30,28283.0
Orange,三民高中,2021-12-30,24787.0
Orange,徐匯中學,2021-12-30,25349.0
Orange,三和國中,2021-12-30,24859.0
Orange,三重國小,2021-12-30,23348.0
Orange,迴龍,2021-12-30,23158.0
Orange,丹鳳,2021-12-30,20019.0
Orange,古亭,2021-12-31,20652.5
Orange,頂溪,2021-12-31,58118.0
Orange,永安市場,2021-12-31,39139.0
Orange,景安,2021-12-31,38940.0
Orange,南勢角,2021-12-31,32984.0
Orange,民權西路,2021-12-31,10501.0
Orange,忠孝新生,2021-12-31,18687.0
Orange,松江南京,2021-12-31,18543.5
Orange,輔大,2021-12-31,15778.0
Orange,新莊,2021-12-31,16789.0
Orange,頭前庄,2021-12-31,6416.0
Orange,先嗇宮,2021-12-31,5137.0
Orange,三重,2021-12-31,13455.0
Orange,菜寮,2021-12-31,15066.0
Orange,台北橋,2021-12-31,20547.0
Orange,大橋頭站,2021-12-31,22593.0
Orange,中山國小,2021-12-31,26008.0
Orange,行天宮,2021-12-31,34464.0
Orange,東門,2021-12-31,16229.0
Orange,蘆洲,2021-12-31,21747.0
Orange,三民高中,2021-12-31,18850.0
Orange,徐匯中學,2021-12-31,21012.0
Orange,三和國中,2021-12-31,19595.0
Orange,三重國小,2021-12-31,19999.0
Orange,迴龍,2021-12-31,16828.0
Orange,丹鳳,2021-12-31,16491.0
Orange,古亭,2022-01-01,843.0
Orange,頂溪,2022-01-01,2830.0
Orange,永安市場,2022-01-01,1919.0
Orange,景安,2022-01-01,1850.0
Orange,南勢角,2022-01-01,1693.0
Orange,民權西路,2022-01-01,391.0
Orange,忠孝新生,2022-01-01,788.0
Orange,松江南京,2022-01-01,662.5
Orange,輔大,2022-01-01,1367.0
Orange,新莊,2022-01-01,1289.0
Orange,頭前庄,2022-01-01,315.5
Orange,先嗇宮,2022-01-01,278.0
Orange,三重,2022-01-01,1017.0
Orange,菜寮,2022-01-01,1027.0
Orange,台北橋,2022-01-01,1257.0
Orange,大橋頭站,2022-01-01,952.0
Orange,中山國小,2022-01-01,1535.0
Orange,行天宮,2022-01-01,1253.0
Orange,東門,2022-01-01,532.5
Orange,蘆洲,2022-01-01,1259.0
Orange,三民高中,2022-01-01,1117.0
Orange,徐匯中學,2022-01-01,1245.0
Orange,三和國中,2022-01-01,1187.0
Orange,三重國小,2022-01-01,1096.0
Orange,迴龍,2022-01-01,1485.0
Orange,丹鳳,2022-01-01,1347.0
