line,station,date,people
Red,中正紀念堂,2017-01-01,48612.0
Red,台大醫院,2017-01-01,26473.0
Red,台北車站,2017-01-01,191671.0
Red,中山,2017-01-01,44239.5
Red,雙連,2017-01-01,34032.0
Red,民權西路,2017-01-01,24993.0
Red,圓山,2017-01-01,79344.0
Red,劍潭,2017-01-01,94012.0
Red,士林,2017-01-01,59409.0
Red,芝山,2017-01-01,38526.0
Red,明德,2017-01-01,15583.0
Red,石牌,2017-01-01,43561.0
Red,唭哩岸,2017-01-01,11331.0
Red,奇岩,2017-01-01,12738.0
Red,北投,2017-01-01,30652.0
Red,新北投,2017-01-01,24567.0
Red,復興崗,2017-01-01,5915.0
Red,忠義,2017-01-01,4024.0
Red,關渡,2017-01-01,18405.0
Red,竹圍,2017-01-01,17042.0
Red,紅樹林,2017-01-01,13343.0
Red,淡水,2017-01-01,150289.0
Red,象山,2017-01-01,26524.0
Red,台北101/世貿,2017-01-01,68522.0
Red,信義安和,2017-01-01,24224.0
Red,大安森林公園,2017-01-01,21788.0
Red,東門,2017-01-01,29423.5
Red,大安,2017-01-01,14470.0
Red,中正紀念堂,2017-01-02,24314.5
Red,台大醫院,2017-01-02,20394.0
Red,台北車站,2017-01-02,168027.5
Red,中山,2017-01-02,39273.5
Red,雙連,2017-01-02,30626.0
Red,民權西路,2017-01-02,21082.0
Red,圓山,2017-01-02,50936.0
Red,劍潭,2017-01-02,67858.0
Red,士林,2017-01-02,47957.0
Red,芝山,2017-01-02,34670.0
Red,明德,2017-01-02,16980.0
Red,石牌,2017-01-02,43703.0
Red,唭哩岸,2017-01-02,10223.0
Red,奇岩,2017-01-02,11369.0
Red,北投,2017-01-02,27493.0
Red,新北投,2017-01-02,17036.0
Red,復興崗,2017-01-02,5170.0
Red,忠義,2017-01-02,4590.0
Red,關渡,2017-01-02,17364.0
Red,竹圍,2017-01-02,14992.0
Red,紅樹林,2017-01-02,9937.0
Red,淡水,2017-01-02,102477.0
Red,象山,2017-01-02,19849.0
Red,台北101/世貿,2017-01-02,48350.0
Red,信義安和,2017-01-02,22045.0
Red,大安森林公園,2017-01-02,15671.0
Red,東門,2017-01-02,23975.0
Red,大安,2017-01-02,13563.0
Red,中正紀念堂,2017-01-03,34077.0
Red,台大醫院,2017-01-03,51731.0
Red,台北車站,2017-01-03,143592.5
Red,中山,2017-01-03,40530.5
Red,雙連,2017-01-03,44841.0
Red,民權西路,2017-01-03,29538.5
Red,圓山,2017-01-03,53735.0
Red,劍潭,2017-01-03,69596.0
Red,士林,2017-01-03,58589.0
Red,芝山,2017-01-03,45932.0
Red,明德,2017-01-03,26292.0
Red,石牌,2017-01-03,63107.0
Red,唭哩岸,2017-01-03,15146.0
Red,奇岩,2017-01-03,18018.0
Red,北投,2017-01-03,36777.0
Red,新北投,2017-01-03,13838.0
Red,復興崗,2017-01-03,6817.0
Red,忠義,2017-01-03,5920.0
Red,關渡,2017-01-03,27792.0
Red,竹圍,2017-01-03,19323.0
Red,紅樹林,2017-01-03,13875.0
Red,淡水,2017-01-03,74758.0
Red,象山,2017-01-03,21852.0
Red,台北101/世貿,2017-01-03,55623.0
Red,信義安和,2017-01-03,34843.0
Red,大安森林公園,2017-01-03,14438.0
Red,東門,2017-01-03,27227.0
Red,大安,2017-01-03,26714.5
Red,中正紀念堂,2017-01-04,34790.5
Red,台大醫院,2017-01-04,51400.0
Red,台北車站,2017-01-04,135012.0
Red,中山,2017-01-04,41538.0
Red,雙連,2017-01-04,47698.0
Red,民權西路,2017-01-04,30313.5
Red,圓山,2017-01-04,54545.0
Red,劍潭,2017-01-04,72596.0
Red,士林,2017-01-04,58860.0
Red,芝山,2017-01-04,50411.0
Red,明德,2017-01-04,26410.0
Red,石牌,2017-01-04,64766.0
Red,唭哩岸,2017-01-04,15325.0
Red,奇岩,2017-01-04,18531.0
Red,北投,2017-01-04,37233.0
Red,新北投,2017-01-04,13260.0
Red,復興崗,2017-01-04,7037.0
Red,忠義,2017-01-04,6070.0
Red,關渡,2017-01-04,28341.0
Red,竹圍,2017-01-04,20277.0
Red,紅樹林,2017-01-04,13697.0
Red,淡水,2017-01-04,75877.0
Red,象山,2017-01-04,23392.0
Red,台北101/世貿,2017-01-04,55880.0
Red,信義安和,2017-01-04,34835.0
Red,大安森林公園,2017-01-04,15494.0
Red,東門,2017-01-04,26797.0
Red,大安,2017-01-04,26966.5
Red,中正紀念堂,2017-01-05,35730.0
Red,台大醫院,2017-01-05,51025.0
Red,台北車站,2017-01-05,138757.0
Red,中山,2017-01-05,41717.5
Red,雙連,2017-01-05,46749.0
Red,民權西路,2017-01-05,30900.5
Red,圓山,2017-01-05,54920.0
Red,劍潭,2017-01-05,70685.0
Red,士林,2017-01-05,58980.0
Red,芝山,2017-01-05,47799.0
Red,明德,2017-01-05,26213.0
Red,石牌,2017-01-05,65036.0
Red,唭哩岸,2017-01-05,15224.0
Red,奇岩,2017-01-05,18972.0
Red,北投,2017-01-05,37465.0
Red,新北投,2017-01-05,13346.0
Red,復興崗,2017-01-05,6988.0
Red,忠義,2017-01-05,5979.0
Red,關渡,2017-01-05,28412.0
Red,竹圍,2017-01-05,20209.0
Red,紅樹林,2017-01-05,14406.0
Red,淡水,2017-01-05,75600.0
Red,象山,2017-01-05,23156.0
Red,台北101/世貿,2017-01-05,56396.0
Red,信義安和,2017-01-05,35446.0
Red,大安森林公園,2017-01-05,15474.0
Red,東門,2017-01-05,27190.0
Red,大安,2017-01-05,27241.0
Red,中正紀念堂,2017-01-06,37975.5
Red,台大醫院,2017-01-06,52275.0
Red,台北車站,2017-01-06,168953.5
Red,中山,2017-01-06,48235.0
Red,雙連,2017-01-06,49662.0
Red,民權西路,2017-01-06,33438.0
Red,圓山,2017-01-06,58527.0
Red,劍潭,2017-01-06,77647.0
Red,士林,2017-01-06,63705.0
Red,芝山,2017-01-06,52078.0
Red,明德,2017-01-06,27461.0
Red,石牌,2017-01-06,67489.0
Red,唭哩岸,2017-01-06,16082.0
Red,奇岩,2017-01-06,19794.0
Red,北投,2017-01-06,39860.0
Red,新北投,2017-01-06,14182.0
Red,復興崗,2017-01-06,7625.0
Red,忠義,2017-01-06,6290.0
Red,關渡,2017-01-06,28564.0
Red,竹圍,2017-01-06,20733.0
Red,紅樹林,2017-01-06,15269.0
Red,淡水,2017-01-06,81120.0
Red,象山,2017-01-06,24564.0
Red,台北101/世貿,2017-01-06,64338.0
Red,信義安和,2017-01-06,38312.0
Red,大安森林公園,2017-01-06,16357.0
Red,東門,2017-01-06,29381.0
Red,大安,2017-01-06,28601.5
Red,中正紀念堂,2017-01-07,30996.0
Red,台大醫院,2017-01-07,29983.0
Red,台北車站,2017-01-07,165394.5
Red,中山,2017-01-07,47706.5
Red,雙連,2017-01-07,42905.0
Red,民權西路,2017-01-07,25366.5
Red,圓山,2017-01-07,58311.0
Red,劍潭,2017-01-07,78396.0
Red,士林,2017-01-07,57592.0
Red,芝山,2017-01-07,44467.0
Red,明德,2017-01-07,19822.0
Red,石牌,2017-01-07,52888.0
Red,唭哩岸,2017-01-07,12705.0
Red,奇岩,2017-01-07,13580.0
Red,北投,2017-01-07,34126.0
Red,新北投,2017-01-07,16197.0
Red,復興崗,2017-01-07,6894.0
Red,忠義,2017-01-07,4853.0
Red,關渡,2017-01-07,18378.0
Red,竹圍,2017-01-07,17725.0
Red,紅樹林,2017-01-07,11470.0
Red,淡水,2017-01-07,81373.0
Red,象山,2017-01-07,18491.0
Red,台北101/世貿,2017-01-07,53589.0
Red,信義安和,2017-01-07,27780.0
Red,大安森林公園,2017-01-07,19556.0
Red,東門,2017-01-07,28796.0
Red,大安,2017-01-07,17810.0
Red,中正紀念堂,2017-01-08,28050.5
Red,台大醫院,2017-01-08,22709.0
Red,台北車站,2017-01-08,152065.0
Red,中山,2017-01-08,39210.5
Red,雙連,2017-01-08,30884.0
Red,民權西路,2017-01-08,22769.5
Red,圓山,2017-01-08,51718.0
Red,劍潭,2017-01-08,61554.0
Red,士林,2017-01-08,44209.0
Red,芝山,2017-01-08,35263.0
Red,明德,2017-01-08,14730.0
Red,石牌,2017-01-08,40309.0
Red,唭哩岸,2017-01-08,10147.0
Red,奇岩,2017-01-08,12450.0
Red,北投,2017-01-08,27561.0
Red,新北投,2017-01-08,14561.0
Red,復興崗,2017-01-08,5469.0
Red,忠義,2017-01-08,3335.0
Red,關渡,2017-01-08,15247.0
Red,竹圍,2017-01-08,14616.0
Red,紅樹林,2017-01-08,11352.0
Red,淡水,2017-01-08,71338.0
Red,象山,2017-01-08,15965.0
Red,台北101/世貿,2017-01-08,47715.0
Red,信義安和,2017-01-08,21213.0
Red,大安森林公園,2017-01-08,16993.0
Red,東門,2017-01-08,24825.0
Red,大安,2017-01-08,14187.5
Red,中正紀念堂,2017-01-09,33159.0
Red,台大醫院,2017-01-09,51868.0
Red,台北車站,2017-01-09,138154.5
Red,中山,2017-01-09,39636.0
Red,雙連,2017-01-09,46757.0
Red,民權西路,2017-01-09,29762.5
Red,圓山,2017-01-09,51973.0
Red,劍潭,2017-01-09,63113.0
Red,士林,2017-01-09,55609.0
Red,芝山,2017-01-09,45614.0
Red,明德,2017-01-09,25641.0
Red,石牌,2017-01-09,63471.0
Red,唭哩岸,2017-01-09,15025.0
Red,奇岩,2017-01-09,18373.0
Red,北投,2017-01-09,35641.0
Red,新北投,2017-01-09,12546.0
Red,復興崗,2017-01-09,6724.0
Red,忠義,2017-01-09,5824.0
Red,關渡,2017-01-09,24113.0
Red,竹圍,2017-01-09,19247.0
Red,紅樹林,2017-01-09,13705.0
Red,淡水,2017-01-09,70495.0
Red,象山,2017-01-09,22569.0
Red,台北101/世貿,2017-01-09,53585.0
Red,信義安和,2017-01-09,33638.0
Red,大安森林公園,2017-01-09,13770.0
Red,東門,2017-01-09,25753.0
Red,大安,2017-01-09,26270.5
Red,中正紀念堂,2017-01-10,35248.0
Red,台大醫院,2017-01-10,51815.0
Red,台北車站,2017-01-10,134954.0
Red,中山,2017-01-10,40707.5
Red,雙連,2017-01-10,46635.0
Red,民權西路,2017-01-10,30424.5
Red,圓山,2017-01-10,53578.0
Red,劍潭,2017-01-10,65572.0
Red,士林,2017-01-10,58144.0
Red,芝山,2017-01-10,46971.0
Red,明德,2017-01-10,26453.0
Red,石牌,2017-01-10,63507.0
Red,唭哩岸,2017-01-10,15289.0
Red,奇岩,2017-01-10,18485.0
Red,北投,2017-01-10,36821.0
Red,新北投,2017-01-10,13622.0
Red,復興崗,2017-01-10,6947.0
Red,忠義,2017-01-10,6215.0
Red,關渡,2017-01-10,24232.0
Red,竹圍,2017-01-10,19622.0
Red,紅樹林,2017-01-10,14069.0
Red,淡水,2017-01-10,73212.0
Red,象山,2017-01-10,22850.0
Red,台北101/世貿,2017-01-10,53044.0
Red,信義安和,2017-01-10,34741.0
Red,大安森林公園,2017-01-10,14867.0
Red,東門,2017-01-10,26026.0
Red,大安,2017-01-10,26635.5
Red,中正紀念堂,2017-01-11,35358.5
Red,台大醫院,2017-01-11,51500.0
Red,台北車站,2017-01-11,136180.5
Red,中山,2017-01-11,41764.5
Red,雙連,2017-01-11,47357.0
Red,民權西路,2017-01-11,30456.5
Red,圓山,2017-01-11,54186.0
Red,劍潭,2017-01-11,67032.0
Red,士林,2017-01-11,58184.0
Red,芝山,2017-01-11,47545.0
Red,明德,2017-01-11,26092.0
Red,石牌,2017-01-11,64603.0
Red,唭哩岸,2017-01-11,15245.0
Red,奇岩,2017-01-11,18764.0
Red,北投,2017-01-11,36818.0
Red,新北投,2017-01-11,13140.0
Red,復興崗,2017-01-11,6769.0
Red,忠義,2017-01-11,6191.0
Red,關渡,2017-01-11,24285.0
Red,竹圍,2017-01-11,19545.0
Red,紅樹林,2017-01-11,14136.0
Red,淡水,2017-01-11,73446.0
Red,象山,2017-01-11,23267.0
Red,台北101/世貿,2017-01-11,55584.0
Red,信義安和,2017-01-11,34934.0
Red,大安森林公園,2017-01-11,14586.0
Red,東門,2017-01-11,26167.0
Red,大安,2017-01-11,26303.5
Red,中正紀念堂,2017-01-12,34997.0
Red,台大醫院,2017-01-12,50284.0
Red,台北車站,2017-01-12,140264.5
Red,中山,2017-01-12,42292.0
Red,雙連,2017-01-12,46461.0
Red,民權西路,2017-01-12,30408.0
Red,圓山,2017-01-12,54424.0
Red,劍潭,2017-01-12,67580.0
Red,士林,2017-01-12,57850.0
Red,芝山,2017-01-12,47805.0
Red,明德,2017-01-12,25870.0
Red,石牌,2017-01-12,64995.0
Red,唭哩岸,2017-01-12,15512.0
Red,奇岩,2017-01-12,18698.0
Red,北投,2017-01-12,37617.0
Red,新北投,2017-01-12,12866.0
Red,復興崗,2017-01-12,6997.0
Red,忠義,2017-01-12,6182.0
Red,關渡,2017-01-12,24367.0
Red,竹圍,2017-01-12,19810.0
Red,紅樹林,2017-01-12,14131.0
Red,淡水,2017-01-12,74231.0
Red,象山,2017-01-12,23071.0
Red,台北101/世貿,2017-01-12,59691.0
Red,信義安和,2017-01-12,35414.0
Red,大安森林公園,2017-01-12,14883.0
Red,東門,2017-01-12,26285.0
Red,大安,2017-01-12,27207.0
Red,中正紀念堂,2017-01-13,37785.0
Red,台大醫院,2017-01-13,52848.0
Red,台北車站,2017-01-13,170774.5
Red,中山,2017-01-13,48753.5
Red,雙連,2017-01-13,50723.0
Red,民權西路,2017-01-13,32806.0
Red,圓山,2017-01-13,55678.0
Red,劍潭,2017-01-13,67835.0
Red,士林,2017-01-13,61757.0
Red,芝山,2017-01-13,51253.0
Red,明德,2017-01-13,27203.0
Red,石牌,2017-01-13,67967.0
Red,唭哩岸,2017-01-13,16644.0
Red,奇岩,2017-01-13,19180.0
Red,北投,2017-01-13,37842.0
Red,新北投,2017-01-13,15088.0
Red,復興崗,2017-01-13,7482.0
Red,忠義,2017-01-13,6057.0
Red,關渡,2017-01-13,25408.0
Red,竹圍,2017-01-13,19862.0
Red,紅樹林,2017-01-13,14714.0
Red,淡水,2017-01-13,76576.0
Red,象山,2017-01-13,22236.0
Red,台北101/世貿,2017-01-13,64324.0
Red,信義安和,2017-01-13,40277.0
Red,大安森林公園,2017-01-13,15126.0
Red,東門,2017-01-13,29329.0
Red,大安,2017-01-13,28965.5
Red,中正紀念堂,2017-01-14,29178.5
Red,台大醫院,2017-01-14,28280.0
Red,台北車站,2017-01-14,164681.0
Red,中山,2017-01-14,50386.0
Red,雙連,2017-01-14,43357.0
Red,民權西路,2017-01-14,24240.0
Red,圓山,2017-01-14,51705.0
Red,劍潭,2017-01-14,70314.0
Red,士林,2017-01-14,52440.0
Red,芝山,2017-01-14,42776.0
Red,明德,2017-01-14,19349.0
Red,石牌,2017-01-14,52717.0
Red,唭哩岸,2017-01-14,12145.0
Red,奇岩,2017-01-14,13115.0
Red,北投,2017-01-14,30803.0
Red,新北投,2017-01-14,16492.0
Red,復興崗,2017-01-14,6739.0
Red,忠義,2017-01-14,3611.0
Red,關渡,2017-01-14,17222.0
Red,竹圍,2017-01-14,16782.0
Red,紅樹林,2017-01-14,11492.0
Red,淡水,2017-01-14,67137.0
Red,象山,2017-01-14,14740.0
Red,台北101/世貿,2017-01-14,60776.0
Red,信義安和,2017-01-14,28982.0
Red,大安森林公園,2017-01-14,16449.0
Red,東門,2017-01-14,27569.0
Red,大安,2017-01-14,17955.5
Red,中正紀念堂,2017-01-15,27446.0
Red,台大醫院,2017-01-15,20631.0
Red,台北車站,2017-01-15,161822.0
Red,中山,2017-01-15,41569.0
Red,雙連,2017-01-15,33118.0
Red,民權西路,2017-01-15,22848.5
Red,圓山,2017-01-15,46878.0
Red,劍潭,2017-01-15,61449.0
Red,士林,2017-01-15,46621.0
Red,芝山,2017-01-15,37610.0
Red,明德,2017-01-15,15658.0
Red,石牌,2017-01-15,44329.0
Red,唭哩岸,2017-01-15,10999.0
Red,奇岩,2017-01-15,11773.0
Red,北投,2017-01-15,28047.0
Red,新北投,2017-01-15,16599.0
Red,復興崗,2017-01-15,5670.0
Red,忠義,2017-01-15,3246.0
Red,關渡,2017-01-15,15085.0
Red,竹圍,2017-01-15,14518.0
Red,紅樹林,2017-01-15,11737.0
Red,淡水,2017-01-15,65386.0
Red,象山,2017-01-15,13453.0
Red,台北101/世貿,2017-01-15,54707.0
Red,信義安和,2017-01-15,22561.0
Red,大安森林公園,2017-01-15,16393.0
Red,東門,2017-01-15,24040.5
Red,大安,2017-01-15,14019.0
Red,中正紀念堂,2017-01-16,33134.0
Red,台大醫院,2017-01-16,51333.0
Red,台北車站,2017-01-16,147059.5
Red,中山,2017-01-16,41384.5
Red,雙連,2017-01-16,48713.0
Red,民權西路,2017-01-16,30037.5
Red,圓山,2017-01-16,50914.0
Red,劍潭,2017-01-16,62556.0
Red,士林,2017-01-16,53168.0
Red,芝山,2017-01-16,46663.0
Red,明德,2017-01-16,26057.0
Red,石牌,2017-01-16,63332.0
Red,唭哩岸,2017-01-16,14150.0
Red,奇岩,2017-01-16,18408.0
Red,北投,2017-01-16,36419.0
Red,新北投,2017-01-16,13615.0
Red,復興崗,2017-01-16,6833.0
Red,忠義,2017-01-16,5214.0
Red,關渡,2017-01-16,22263.0
Red,竹圍,2017-01-16,18985.0
Red,紅樹林,2017-01-16,13811.0
Red,淡水,2017-01-16,67290.0
Red,象山,2017-01-16,21693.0
Red,台北101/世貿,2017-01-16,60952.0
Red,信義安和,2017-01-16,34405.0
Red,大安森林公園,2017-01-16,13925.0
Red,東門,2017-01-16,26134.0
Red,大安,2017-01-16,26250.0
Red,中正紀念堂,2017-01-17,36291.5
Red,台大醫院,2017-01-17,52584.0
Red,台北車站,2017-01-17,143667.0
Red,中山,2017-01-17,43493.0
Red,雙連,2017-01-17,51033.0
Red,民權西路,2017-01-17,30158.0
Red,圓山,2017-01-17,54271.0
Red,劍潭,2017-01-17,65063.0
Red,士林,2017-01-17,55628.0
Red,芝山,2017-01-17,48788.0
Red,明德,2017-01-17,26911.0
Red,石牌,2017-01-17,64408.0
Red,唭哩岸,2017-01-17,16322.0
Red,奇岩,2017-01-17,19387.0
Red,北投,2017-01-17,37335.0
Red,新北投,2017-01-17,15127.0
Red,復興崗,2017-01-17,7291.0
Red,忠義,2017-01-17,5932.0
Red,關渡,2017-01-17,25151.0
Red,竹圍,2017-01-17,19294.0
Red,紅樹林,2017-01-17,14510.0
Red,淡水,2017-01-17,73108.0
Red,象山,2017-01-17,23364.0
Red,台北101/世貿,2017-01-17,55937.0
Red,信義安和,2017-01-17,36119.0
Red,大安森林公園,2017-01-17,15861.0
Red,東門,2017-01-17,27345.0
Red,大安,2017-01-17,27003.5
Red,中正紀念堂,2017-01-18,37113.5
Red,台大醫院,2017-01-18,52669.0
Red,台北車站,2017-01-18,145457.0
Red,中山,2017-01-18,44111.5
Red,雙連,2017-01-18,52853.0
Red,民權西路,2017-01-18,30879.0
Red,圓山,2017-01-18,56090.0
Red,劍潭,2017-01-18,64902.0
Red,士林,2017-01-18,55437.0
Red,芝山,2017-01-18,53020.0
Red,明德,2017-01-18,26859.0
Red,石牌,2017-01-18,65387.0
Red,唭哩岸,2017-01-18,15267.0
Red,奇岩,2017-01-18,17174.0
Red,北投,2017-01-18,37104.0
Red,新北投,2017-01-18,13355.0
Red,復興崗,2017-01-18,7193.0
Red,忠義,2017-01-18,5895.0
Red,關渡,2017-01-18,21900.0
Red,竹圍,2017-01-18,19600.0
Red,紅樹林,2017-01-18,14547.0
Red,淡水,2017-01-18,70511.0
Red,象山,2017-01-18,23034.0
Red,台北101/世貿,2017-01-18,58012.0
Red,信義安和,2017-01-18,36266.0
Red,大安森林公園,2017-01-18,15416.0
Red,東門,2017-01-18,26285.5
Red,大安,2017-01-18,27358.5
Red,中正紀念堂,2017-01-19,40222.0
Red,台大醫院,2017-01-19,52527.0
Red,台北車站,2017-01-19,156712.0
Red,中山,2017-01-19,46806.0
Red,雙連,2017-01-19,55831.0
Red,民權西路,2017-01-19,32867.0
Red,圓山,2017-01-19,57193.0
Red,劍潭,2017-01-19,72416.0
Red,士林,2017-01-19,60077.0
Red,芝山,2017-01-19,50759.0
Red,明德,2017-01-19,27624.0
Red,石牌,2017-01-19,66913.0
Red,唭哩岸,2017-01-19,16736.0
Red,奇岩,2017-01-19,19999.0
Red,北投,2017-01-19,38790.0
Red,新北投,2017-01-19,14451.0
Red,復興崗,2017-01-19,7737.0
Red,忠義,2017-01-19,6150.0
Red,關渡,2017-01-19,25443.0
Red,竹圍,2017-01-19,20636.0
Red,紅樹林,2017-01-19,14642.0
Red,淡水,2017-01-19,73354.0
Red,象山,2017-01-19,23863.0
Red,台北101/世貿,2017-01-19,61836.0
Red,信義安和,2017-01-19,37962.0
Red,大安森林公園,2017-01-19,16665.0
Red,東門,2017-01-19,29115.5
Red,大安,2017-01-19,29800.0
Red,中正紀念堂,2017-01-20,41552.5
Red,台大醫院,2017-01-20,55218.0
Red,台北車站,2017-01-20,184569.5
Red,中山,2017-01-20,51069.0
Red,雙連,2017-01-20,52714.0
Red,民權西路,2017-01-20,34212.0
Red,圓山,2017-01-20,57202.0
Red,劍潭,2017-01-20,72745.0
Red,士林,2017-01-20,57243.0
Red,芝山,2017-01-20,52980.0
Red,明德,2017-01-20,26844.0
Red,石牌,2017-01-20,65827.0
Red,唭哩岸,2017-01-20,16891.0
Red,奇岩,2017-01-20,19934.0
Red,北投,2017-01-20,37669.0
Red,新北投,2017-01-20,15695.0
Red,復興崗,2017-01-20,7867.0
Red,忠義,2017-01-20,5831.0
Red,關渡,2017-01-20,24598.0
Red,竹圍,2017-01-20,20177.0
Red,紅樹林,2017-01-20,14408.0
Red,淡水,2017-01-20,68795.0
Red,象山,2017-01-20,22741.0
Red,台北101/世貿,2017-01-20,95649.0
Red,信義安和,2017-01-20,40019.0
Red,大安森林公園,2017-01-20,15963.0
Red,東門,2017-01-20,30247.0
Red,大安,2017-01-20,29477.0
Red,中正紀念堂,2017-01-21,34708.0
Red,台大醫院,2017-01-21,30116.0
Red,台北車站,2017-01-21,177768.5
Red,中山,2017-01-21,50912.0
Red,雙連,2017-01-21,44149.0
Red,民權西路,2017-01-21,26517.5
Red,圓山,2017-01-21,55486.0
Red,劍潭,2017-01-21,77544.0
Red,士林,2017-01-21,53763.0
Red,芝山,2017-01-21,44274.0
Red,明德,2017-01-21,20790.0
Red,石牌,2017-01-21,52861.0
Red,唭哩岸,2017-01-21,12884.0
Red,奇岩,2017-01-21,13572.0
Red,北投,2017-01-21,32204.0
Red,新北投,2017-01-21,16977.0
Red,復興崗,2017-01-21,6624.0
Red,忠義,2017-01-21,3611.0
Red,關渡,2017-01-21,17837.0
Red,竹圍,2017-01-21,17293.0
Red,紅樹林,2017-01-21,11548.0
Red,淡水,2017-01-21,70740.0
Red,象山,2017-01-21,18079.0
Red,台北101/世貿,2017-01-21,99183.0
Red,信義安和,2017-01-21,29553.0
Red,大安森林公園,2017-01-21,20089.0
Red,東門,2017-01-21,29133.5
Red,大安,2017-01-21,21015.5
Red,中正紀念堂,2017-01-22,37772.5
Red,台大醫院,2017-01-22,35599.0
Red,台北車站,2017-01-22,176396.5
Red,中山,2017-01-22,45773.5
Red,雙連,2017-01-22,35229.0
Red,民權西路,2017-01-22,24346.0
Red,圓山,2017-01-22,51779.0
Red,劍潭,2017-01-22,69566.0
Red,士林,2017-01-22,49400.0
Red,芝山,2017-01-22,45213.0
Red,明德,2017-01-22,15841.0
Red,石牌,2017-01-22,43444.0
Red,唭哩岸,2017-01-22,11190.0
Red,奇岩,2017-01-22,11974.0
Red,北投,2017-01-22,28571.0
Red,新北投,2017-01-22,16308.0
Red,復興崗,2017-01-22,5518.0
Red,忠義,2017-01-22,3014.0
Red,關渡,2017-01-22,15394.0
Red,竹圍,2017-01-22,14922.0
Red,紅樹林,2017-01-22,10996.0
Red,淡水,2017-01-22,73518.0
Red,象山,2017-01-22,17929.0
Red,台北101/世貿,2017-01-22,91652.0
Red,信義安和,2017-01-22,24190.0
Red,大安森林公園,2017-01-22,23328.0
Red,東門,2017-01-22,27822.0
Red,大安,2017-01-22,15960.5
Red,中正紀念堂,2017-01-23,38788.5
Red,台大醫院,2017-01-23,53056.0
Red,台北車站,2017-01-23,169877.0
Red,中山,2017-01-23,46335.0
Red,雙連,2017-01-23,51042.0
Red,民權西路,2017-01-23,30131.0
Red,圓山,2017-01-23,52707.0
Red,劍潭,2017-01-23,66146.0
Red,士林,2017-01-23,54123.0
Red,芝山,2017-01-23,49025.0
Red,明德,2017-01-23,25248.0
Red,石牌,2017-01-23,63852.0
Red,唭哩岸,2017-01-23,15794.0
Red,奇岩,2017-01-23,18930.0
Red,北投,2017-01-23,36034.0
Red,新北投,2017-01-23,13807.0
Red,復興崗,2017-01-23,7028.0
Red,忠義,2017-01-23,5831.0
Red,關渡,2017-01-23,23148.0
Red,竹圍,2017-01-23,18813.0
Red,紅樹林,2017-01-23,13611.0
Red,淡水,2017-01-23,66904.0
Red,象山,2017-01-23,22217.0
Red,台北101/世貿,2017-01-23,86997.0
Red,信義安和,2017-01-23,36525.0
Red,大安森林公園,2017-01-23,16959.0
Red,東門,2017-01-23,26952.5
Red,大安,2017-01-23,25031.5
Red,中正紀念堂,2017-01-24,41467.5
Red,台大醫院,2017-01-24,53257.0
Red,台北車站,2017-01-24,169241.0
Red,中山,2017-01-24,47825.0
Red,雙連,2017-01-24,51122.0
Red,民權西路,2017-01-24,30460.5
Red,圓山,2017-01-24,53147.0
Red,劍潭,2017-01-24,66522.0
Red,士林,2017-01-24,58664.0
Red,芝山,2017-01-24,50254.0
Red,明德,2017-01-24,25358.0
Red,石牌,2017-01-24,64225.0
Red,唭哩岸,2017-01-24,15893.0
Red,奇岩,2017-01-24,19122.0
Red,北投,2017-01-24,36996.0
Red,新北投,2017-01-24,14950.0
Red,復興崗,2017-01-24,7181.0
Red,忠義,2017-01-24,5734.0
Red,關渡,2017-01-24,23304.0
Red,竹圍,2017-01-24,19212.0
Red,紅樹林,2017-01-24,14162.0
Red,淡水,2017-01-24,66075.0
Red,象山,2017-01-24,22969.0
Red,台北101/世貿,2017-01-24,83452.0
Red,信義安和,2017-01-24,37349.0
Red,大安森林公園,2017-01-24,18281.0
Red,東門,2017-01-24,28053.5
Red,大安,2017-01-24,25629.5
Red,中正紀念堂,2017-01-25,40378.5
Red,台大醫院,2017-01-25,50589.0
Red,台北車站,2017-01-25,163033.5
Red,中山,2017-01-25,47743.0
Red,雙連,2017-01-25,50610.0
Red,民權西路,2017-01-25,29624.5
Red,圓山,2017-01-25,51355.0
Red,劍潭,2017-01-25,63032.0
Red,士林,2017-01-25,54409.0
Red,芝山,2017-01-25,50239.0
Red,明德,2017-01-25,24716.0
Red,石牌,2017-01-25,61729.0
Red,唭哩岸,2017-01-25,15812.0
Red,奇岩,2017-01-25,18813.0
Red,北投,2017-01-25,37254.0
Red,新北投,2017-01-25,12971.0
Red,復興崗,2017-01-25,6936.0
Red,忠義,2017-01-25,5923.0
Red,關渡,2017-01-25,22174.0
Red,竹圍,2017-01-25,18709.0
Red,紅樹林,2017-01-25,13493.0
Red,淡水,2017-01-25,62115.0
Red,象山,2017-01-25,21547.0
Red,台北101/世貿,2017-01-25,56666.0
Red,信義安和,2017-01-25,37029.0
Red,大安森林公園,2017-01-25,17762.0
Red,東門,2017-01-25,27247.0
Red,大安,2017-01-25,24531.0
Red,中正紀念堂,2017-01-26,34152.0
Red,台大醫院,2017-01-26,39233.0
Red,台北車站,2017-01-26,152867.5
Red,中山,2017-01-26,42946.5
Red,雙連,2017-01-26,42440.0
Red,民權西路,2017-01-26,25398.0
Red,圓山,2017-01-26,43426.0
Red,劍潭,2017-01-26,57652.0
Red,士林,2017-01-26,45944.0
Red,芝山,2017-01-26,45497.0
Red,明德,2017-01-26,20239.0
Red,石牌,2017-01-26,51220.0
Red,唭哩岸,2017-01-26,14190.0
Red,奇岩,2017-01-26,16320.0
Red,北投,2017-01-26,32348.0
Red,新北投,2017-01-26,10425.0
Red,復興崗,2017-01-26,6098.0
Red,忠義,2017-01-26,4858.0
Red,關渡,2017-01-26,19174.0
Red,竹圍,2017-01-26,16729.0
Red,紅樹林,2017-01-26,12023.0
Red,淡水,2017-01-26,57136.0
Red,象山,2017-01-26,18939.0
Red,台北101/世貿,2017-01-26,49808.0
Red,信義安和,2017-01-26,31002.0
Red,大安森林公園,2017-01-26,16401.0
Red,東門,2017-01-26,23744.5
Red,大安,2017-01-26,19138.0
Red,中正紀念堂,2017-01-27,14028.5
Red,台大醫院,2017-01-27,7569.0
Red,台北車站,2017-01-27,87734.0
Red,中山,2017-01-27,15743.5
Red,雙連,2017-01-27,15079.0
Red,民權西路,2017-01-27,9280.0
Red,圓山,2017-01-27,19493.0
Red,劍潭,2017-01-27,29138.0
Red,士林,2017-01-27,21740.0
Red,芝山,2017-01-27,19601.0
Red,明德,2017-01-27,9225.0
Red,石牌,2017-01-27,21489.0
Red,唭哩岸,2017-01-27,6689.0
Red,奇岩,2017-01-27,6094.0
Red,北投,2017-01-27,15575.0
Red,新北投,2017-01-27,6931.0
Red,復興崗,2017-01-27,3390.0
Red,忠義,2017-01-27,1640.0
Red,關渡,2017-01-27,8048.0
Red,竹圍,2017-01-27,8866.0
Red,紅樹林,2017-01-27,7008.0
Red,淡水,2017-01-27,37593.0
Red,象山,2017-01-27,8631.0
Red,台北101/世貿,2017-01-27,24318.0
Red,信義安和,2017-01-27,11459.0
Red,大安森林公園,2017-01-27,10771.0
Red,東門,2017-01-27,11095.5
Red,大安,2017-01-27,6517.5
Red,中正紀念堂,2017-01-28,18837.5
Red,台大醫院,2017-01-28,9781.0
Red,台北車站,2017-01-28,126049.0
Red,中山,2017-01-28,27790.5
Red,雙連,2017-01-28,24219.0
Red,民權西路,2017-01-28,16194.0
Red,圓山,2017-01-28,52127.0
Red,劍潭,2017-01-28,69132.0
Red,士林,2017-01-28,42390.0
Red,芝山,2017-01-28,27629.0
Red,明德,2017-01-28,11175.0
Red,石牌,2017-01-28,28558.0
Red,唭哩岸,2017-01-28,9848.0
Red,奇岩,2017-01-28,15084.0
Red,北投,2017-01-28,22730.0
Red,新北投,2017-01-28,16571.0
Red,復興崗,2017-01-28,5782.0
Red,忠義,2017-01-28,5854.0
Red,關渡,2017-01-28,41725.0
Red,竹圍,2017-01-28,13074.0
Red,紅樹林,2017-01-28,11004.0
Red,淡水,2017-01-28,131255.0
Red,象山,2017-01-28,17427.0
Red,台北101/世貿,2017-01-28,48268.0
Red,信義安和,2017-01-28,14643.0
Red,大安森林公園,2017-01-28,12837.0
Red,東門,2017-01-28,14207.0
Red,大安,2017-01-28,7845.0
Red,中正紀念堂,2017-01-29,26108.0
Red,台大醫院,2017-01-29,11509.0
Red,台北車站,2017-01-29,154332.0
Red,中山,2017-01-29,28519.5
Red,雙連,2017-01-29,23249.0
Red,民權西路,2017-01-29,18588.5
Red,圓山,2017-01-29,50400.0
Red,劍潭,2017-01-29,72488.0
Red,士林,2017-01-29,45383.0
Red,芝山,2017-01-29,30818.0
Red,明德,2017-01-29,12411.0
Red,石牌,2017-01-29,32320.0
Red,唭哩岸,2017-01-29,10091.0
Red,奇岩,2017-01-29,12920.0
Red,北投,2017-01-29,25179.0
Red,新北投,2017-01-29,19139.0
Red,復興崗,2017-01-29,5244.0
Red,忠義,2017-01-29,3873.0
Red,關渡,2017-01-29,29323.0
Red,竹圍,2017-01-29,13393.0
Red,紅樹林,2017-01-29,10741.0
Red,淡水,2017-01-29,137139.0
Red,象山,2017-01-29,17547.0
Red,台北101/世貿,2017-01-29,50290.0
Red,信義安和,2017-01-29,16449.0
Red,大安森林公園,2017-01-29,13553.0
Red,東門,2017-01-29,17987.5
Red,大安,2017-01-29,9287.5
Red,中正紀念堂,2017-01-30,23898.0
Red,台大醫院,2017-01-30,11837.0
Red,台北車站,2017-01-30,158868.5
Red,中山,2017-01-30,34142.5
Red,雙連,2017-01-30,25455.0
Red,民權西路,2017-01-30,17653.0
Red,圓山,2017-01-30,47544.0
Red,劍潭,2017-01-30,72533.0
Red,士林,2017-01-30,46003.0
Red,芝山,2017-01-30,31301.0
Red,明德,2017-01-30,12178.0
Red,石牌,2017-01-30,33388.0
Red,唭哩岸,2017-01-30,9263.0
Red,奇岩,2017-01-30,12036.0
Red,北投,2017-01-30,25559.0
Red,新北投,2017-01-30,21984.0
Red,復興崗,2017-01-30,5546.0
Red,忠義,2017-01-30,3686.0
Red,關渡,2017-01-30,26451.0
Red,竹圍,2017-01-30,12880.0
Red,紅樹林,2017-01-30,10364.0
Red,淡水,2017-01-30,110900.0
Red,象山,2017-01-30,13950.0
Red,台北101/世貿,2017-01-30,56574.0
Red,信義安和,2017-01-30,16865.0
Red,大安森林公園,2017-01-30,10865.0
Red,東門,2017-01-30,19018.5
Red,大安,2017-01-30,9501.0
Red,中正紀念堂,2017-01-31,24372.0
Red,台大醫院,2017-01-31,15923.0
Red,台北車站,2017-01-31,159618.5
Red,中山,2017-01-31,36928.5
Red,雙連,2017-01-31,28419.0
Red,民權西路,2017-01-31,19157.5
Red,圓山,2017-01-31,55808.0
Red,劍潭,2017-01-31,77757.0
Red,士林,2017-01-31,51149.0
Red,芝山,2017-01-31,35129.0
Red,明德,2017-01-31,13787.0
Red,石牌,2017-01-31,38525.0
Red,唭哩岸,2017-01-31,10750.0
Red,奇岩,2017-01-31,12318.0
Red,北投,2017-01-31,28789.0
Red,新北投,2017-01-31,24498.0
Red,復興崗,2017-01-31,5907.0
Red,忠義,2017-01-31,4909.0
Red,關渡,2017-01-31,30424.0
Red,竹圍,2017-01-31,14920.0
Red,紅樹林,2017-01-31,11692.0
Red,淡水,2017-01-31,123655.0
Red,象山,2017-01-31,17831.0
Red,台北101/世貿,2017-01-31,53531.0
Red,信義安和,2017-01-31,19819.0
Red,大安森林公園,2017-01-31,12801.0
Red,東門,2017-01-31,19759.5
Red,大安,2017-01-31,11007.0
Red,中正紀念堂,2017-02-01,22504.5
Red,台大醫院,2017-02-01,21930.0
Red,台北車站,2017-02-01,151213.0
Red,中山,2017-02-01,36661.5
Red,雙連,2017-02-01,31203.0
Red,民權西路,2017-02-01,18602.5
Red,圓山,2017-02-01,50601.0
Red,劍潭,2017-02-01,67072.0
Red,士林,2017-02-01,48315.0
Red,芝山,2017-02-01,34523.0
Red,明德,2017-02-01,15740.0
Red,石牌,2017-02-01,40326.0
Red,唭哩岸,2017-02-01,10566.0
Red,奇岩,2017-02-01,11678.0
Red,北投,2017-02-01,27925.0
Red,新北投,2017-02-01,18839.0
Red,復興崗,2017-02-01,5846.0
Red,忠義,2017-02-01,4353.0
Red,關渡,2017-02-01,23307.0
Red,竹圍,2017-02-01,14363.0
Red,紅樹林,2017-02-01,10095.0
Red,淡水,2017-02-01,94758.0
Red,象山,2017-02-01,16396.0
Red,台北101/世貿,2017-02-01,46660.0
Red,信義安和,2017-02-01,20551.0
Red,大安森林公園,2017-02-01,11831.0
Red,東門,2017-02-01,20069.0
Red,大安,2017-02-01,11870.5
Red,中正紀念堂,2017-02-02,33119.5
Red,台大醫院,2017-02-02,43055.0
Red,台北車站,2017-02-02,157081.5
Red,中山,2017-02-02,42308.5
Red,雙連,2017-02-02,41915.0
Red,民權西路,2017-02-02,26229.5
Red,圓山,2017-02-02,52536.0
Red,劍潭,2017-02-02,67913.0
Red,士林,2017-02-02,54094.0
Red,芝山,2017-02-02,43419.0
Red,明德,2017-02-02,21727.0
Red,石牌,2017-02-02,54536.0
Red,唭哩岸,2017-02-02,12986.0
Red,奇岩,2017-02-02,17047.0
Red,北投,2017-02-02,33214.0
Red,新北投,2017-02-02,16855.0
Red,復興崗,2017-02-02,6612.0
Red,忠義,2017-02-02,4653.0
Red,關渡,2017-02-02,21232.0
Red,竹圍,2017-02-02,17222.0
Red,紅樹林,2017-02-02,12189.0
Red,淡水,2017-02-02,75174.0
Red,象山,2017-02-02,20751.0
Red,台北101/世貿,2017-02-02,58408.0
Red,信義安和,2017-02-02,31464.0
Red,大安森林公園,2017-02-02,13461.0
Red,東門,2017-02-02,23256.5
Red,大安,2017-02-02,20181.5
Red,中正紀念堂,2017-02-03,36012.0
Red,台大醫院,2017-02-03,47790.0
Red,台北車站,2017-02-03,169210.5
Red,中山,2017-02-03,46779.0
Red,雙連,2017-02-03,45509.0
Red,民權西路,2017-02-03,28121.0
Red,圓山,2017-02-03,58208.0
Red,劍潭,2017-02-03,77440.0
Red,士林,2017-02-03,60714.0
Red,芝山,2017-02-03,46915.0
Red,明德,2017-02-03,22612.0
Red,石牌,2017-02-03,57948.0
Red,唭哩岸,2017-02-03,14630.0
Red,奇岩,2017-02-03,17744.0
Red,北投,2017-02-03,36084.0
Red,新北投,2017-02-03,17670.0
Red,復興崗,2017-02-03,6969.0
Red,忠義,2017-02-03,5240.0
Red,關渡,2017-02-03,23487.0
Red,竹圍,2017-02-03,18265.0
Red,紅樹林,2017-02-03,13464.0
Red,淡水,2017-02-03,87020.0
Red,象山,2017-02-03,23486.0
Red,台北101/世貿,2017-02-03,60915.0
Red,信義安和,2017-02-03,34497.0
Red,大安森林公園,2017-02-03,16712.0
Red,東門,2017-02-03,25962.0
Red,大安,2017-02-03,22010.5
Red,中正紀念堂,2017-02-04,28737.0
Red,台大醫院,2017-02-04,26835.0
Red,台北車站,2017-02-04,169561.0
Red,中山,2017-02-04,44715.0
Red,雙連,2017-02-04,36808.0
Red,民權西路,2017-02-04,23926.5
Red,圓山,2017-02-04,62284.0
Red,劍潭,2017-02-04,79176.0
Red,士林,2017-02-04,57003.0
Red,芝山,2017-02-04,41774.0
Red,明德,2017-02-04,18725.0
Red,石牌,2017-02-04,49304.0
Red,唭哩岸,2017-02-04,12420.0
Red,奇岩,2017-02-04,14384.0
Red,北投,2017-02-04,32760.0
Red,新北投,2017-02-04,18530.0
Red,復興崗,2017-02-04,6308.0
Red,忠義,2017-02-04,3843.0
Red,關渡,2017-02-04,20710.0
Red,竹圍,2017-02-04,17337.0
Red,紅樹林,2017-02-04,11811.0
Red,淡水,2017-02-04,94589.0
Red,象山,2017-02-04,21073.0
Red,台北101/世貿,2017-02-04,51641.0
Red,信義安和,2017-02-04,26242.0
Red,大安森林公園,2017-02-04,18795.0
Red,東門,2017-02-04,24509.0
Red,大安,2017-02-04,16888.5
Red,中正紀念堂,2017-02-05,26312.5
Red,台大醫院,2017-02-05,20029.0
Red,台北車站,2017-02-05,160391.5
Red,中山,2017-02-05,37277.5
Red,雙連,2017-02-05,28185.0
Red,民權西路,2017-02-05,22481.5
Red,圓山,2017-02-05,55703.0
Red,劍潭,2017-02-05,65070.0
Red,士林,2017-02-05,48204.0
Red,芝山,2017-02-05,36798.0
Red,明德,2017-02-05,15541.0
Red,石牌,2017-02-05,41670.0
Red,唭哩岸,2017-02-05,11314.0
Red,奇岩,2017-02-05,11992.0
Red,北投,2017-02-05,30125.0
Red,新北投,2017-02-05,16445.0
Red,復興崗,2017-02-05,5861.0
Red,忠義,2017-02-05,3562.0
Red,關渡,2017-02-05,19753.0
Red,竹圍,2017-02-05,14992.0
Red,紅樹林,2017-02-05,10704.0
Red,淡水,2017-02-05,85380.0
Red,象山,2017-02-05,18172.0
Red,台北101/世貿,2017-02-05,41822.0
Red,信義安和,2017-02-05,20869.0
Red,大安森林公園,2017-02-05,17529.0
Red,東門,2017-02-05,21602.0
Red,大安,2017-02-05,13396.5
Red,中正紀念堂,2017-02-06,34538.5
Red,台大醫院,2017-02-06,52583.0
Red,台北車站,2017-02-06,158018.0
Red,中山,2017-02-06,41158.5
Red,雙連,2017-02-06,46609.0
Red,民權西路,2017-02-06,29417.5
Red,圓山,2017-02-06,54776.0
Red,劍潭,2017-02-06,67233.0
Red,士林,2017-02-06,54802.0
Red,芝山,2017-02-06,46865.0
Red,明德,2017-02-06,24243.0
Red,石牌,2017-02-06,62367.0
Red,唭哩岸,2017-02-06,15287.0
Red,奇岩,2017-02-06,18927.0
Red,北投,2017-02-06,34825.0
Red,新北投,2017-02-06,13006.0
Red,復興崗,2017-02-06,6984.0
Red,忠義,2017-02-06,5650.0
Red,關渡,2017-02-06,24097.0
Red,竹圍,2017-02-06,19163.0
Red,紅樹林,2017-02-06,13458.0
Red,淡水,2017-02-06,73381.0
Red,象山,2017-02-06,22934.0
Red,台北101/世貿,2017-02-06,56625.0
Red,信義安和,2017-02-06,34775.0
Red,大安森林公園,2017-02-06,15833.0
Red,東門,2017-02-06,24625.0
Red,大安,2017-02-06,22853.5
Red,中正紀念堂,2017-02-07,37134.5
Red,台大醫院,2017-02-07,53751.0
Red,台北車站,2017-02-07,159857.5
Red,中山,2017-02-07,44198.0
Red,雙連,2017-02-07,48235.0
Red,民權西路,2017-02-07,29729.0
Red,圓山,2017-02-07,57953.0
Red,劍潭,2017-02-07,72334.0
Red,士林,2017-02-07,58125.0
Red,芝山,2017-02-07,48773.0
Red,明德,2017-02-07,25352.0
Red,石牌,2017-02-07,63756.0
Red,唭哩岸,2017-02-07,15819.0
Red,奇岩,2017-02-07,20198.0
Red,北投,2017-02-07,36932.0
Red,新北投,2017-02-07,16064.0
Red,復興崗,2017-02-07,7092.0
Red,忠義,2017-02-07,5915.0
Red,關渡,2017-02-07,24567.0
Red,竹圍,2017-02-07,19954.0
Red,紅樹林,2017-02-07,13913.0
Red,淡水,2017-02-07,77349.0
Red,象山,2017-02-07,24178.0
Red,台北101/世貿,2017-02-07,58985.0
Red,信義安和,2017-02-07,36555.0
Red,大安森林公園,2017-02-07,17192.0
Red,東門,2017-02-07,26196.5
Red,大安,2017-02-07,24202.5
Red,中正紀念堂,2017-02-08,38203.5
Red,台大醫院,2017-02-08,54149.0
Red,台北車站,2017-02-08,164752.0
Red,中山,2017-02-08,45035.5
Red,雙連,2017-02-08,48936.0
Red,民權西路,2017-02-08,30710.0
Red,圓山,2017-02-08,57124.0
Red,劍潭,2017-02-08,73596.0
Red,士林,2017-02-08,59360.0
Red,芝山,2017-02-08,52974.0
Red,明德,2017-02-08,25731.0
Red,石牌,2017-02-08,65269.0
Red,唭哩岸,2017-02-08,15731.0
Red,奇岩,2017-02-08,19758.0
Red,北投,2017-02-08,36979.0
Red,新北投,2017-02-08,15514.0
Red,復興崗,2017-02-08,7617.0
Red,忠義,2017-02-08,6009.0
Red,關渡,2017-02-08,25266.0
Red,竹圍,2017-02-08,19682.0
Red,紅樹林,2017-02-08,14369.0
Red,淡水,2017-02-08,78734.0
Red,象山,2017-02-08,24090.0
Red,台北101/世貿,2017-02-08,72736.0
Red,信義安和,2017-02-08,36531.0
Red,大安森林公園,2017-02-08,17178.0
Red,東門,2017-02-08,27572.5
Red,大安,2017-02-08,25701.0
Red,中正紀念堂,2017-02-09,37387.0
Red,台大醫院,2017-02-09,52455.0
Red,台北車站,2017-02-09,160084.5
Red,中山,2017-02-09,45550.0
Red,雙連,2017-02-09,47887.0
Red,民權西路,2017-02-09,29613.0
Red,圓山,2017-02-09,53284.0
Red,劍潭,2017-02-09,66809.0
Red,士林,2017-02-09,54951.0
Red,芝山,2017-02-09,48528.0
Red,明德,2017-02-09,24577.0
Red,石牌,2017-02-09,62536.0
Red,唭哩岸,2017-02-09,15413.0
Red,奇岩,2017-02-09,19346.0
Red,北投,2017-02-09,35545.0
Red,新北投,2017-02-09,15256.0
Red,復興崗,2017-02-09,7152.0
Red,忠義,2017-02-09,5812.0
Red,關渡,2017-02-09,22806.0
Red,竹圍,2017-02-09,18452.0
Red,紅樹林,2017-02-09,13223.0
Red,淡水,2017-02-09,65302.0
Red,象山,2017-02-09,22640.0
Red,台北101/世貿,2017-02-09,80284.0
Red,信義安和,2017-02-09,37189.0
Red,大安森林公園,2017-02-09,16280.0
Red,東門,2017-02-09,27654.5
Red,大安,2017-02-09,24915.0
Red,中正紀念堂,2017-02-10,37895.5
Red,台大醫院,2017-02-10,53350.0
Red,台北車站,2017-02-10,184887.5
Red,中山,2017-02-10,50258.5
Red,雙連,2017-02-10,51522.0
Red,民權西路,2017-02-10,31811.5
Red,圓山,2017-02-10,59198.0
Red,劍潭,2017-02-10,73896.0
Red,士林,2017-02-10,58039.0
Red,芝山,2017-02-10,51339.0
Red,明德,2017-02-10,24968.0
Red,石牌,2017-02-10,64038.0
Red,唭哩岸,2017-02-10,16131.0
Red,奇岩,2017-02-10,20165.0
Red,北投,2017-02-10,37261.0
Red,新北投,2017-02-10,16704.0
Red,復興崗,2017-02-10,7427.0
Red,忠義,2017-02-10,5954.0
Red,關渡,2017-02-10,22796.0
Red,竹圍,2017-02-10,19863.0
Red,紅樹林,2017-02-10,13835.0
Red,淡水,2017-02-10,70627.0
Red,象山,2017-02-10,23614.0
Red,台北101/世貿,2017-02-10,87946.0
Red,信義安和,2017-02-10,39768.0
Red,大安森林公園,2017-02-10,16454.0
Red,東門,2017-02-10,29668.5
Red,大安,2017-02-10,26978.5
Red,中正紀念堂,2017-02-11,31388.0
Red,台大醫院,2017-02-11,31242.0
Red,台北車站,2017-02-11,183842.5
Red,中山,2017-02-11,47478.0
Red,雙連,2017-02-11,40500.0
Red,民權西路,2017-02-11,25339.0
Red,圓山,2017-02-11,60978.0
Red,劍潭,2017-02-11,74281.0
Red,士林,2017-02-11,52548.0
Red,芝山,2017-02-11,42323.0
Red,明德,2017-02-11,19028.0
Red,石牌,2017-02-11,52711.0
Red,唭哩岸,2017-02-11,12548.0
Red,奇岩,2017-02-11,13816.0
Red,北投,2017-02-11,32055.0
Red,新北投,2017-02-11,17768.0
Red,復興崗,2017-02-11,6308.0
Red,忠義,2017-02-11,3991.0
Red,關渡,2017-02-11,18892.0
Red,竹圍,2017-02-11,16682.0
Red,紅樹林,2017-02-11,10695.0
Red,淡水,2017-02-11,72882.0
Red,象山,2017-02-11,18230.0
Red,台北101/世貿,2017-02-11,83910.0
Red,信義安和,2017-02-11,28600.0
Red,大安森林公園,2017-02-11,17109.0
Red,東門,2017-02-11,28139.0
Red,大安,2017-02-11,19523.5
Red,中正紀念堂,2017-02-12,29047.5
Red,台大醫院,2017-02-12,23269.0
Red,台北車站,2017-02-12,189862.0
Red,中山,2017-02-12,41383.0
Red,雙連,2017-02-12,29737.0
Red,民權西路,2017-02-12,24423.0
Red,圓山,2017-02-12,65339.0
Red,劍潭,2017-02-12,70237.0
Red,士林,2017-02-12,47621.0
Red,芝山,2017-02-12,44251.0
Red,明德,2017-02-12,15583.0
Red,石牌,2017-02-12,46314.0
Red,唭哩岸,2017-02-12,11470.0
Red,奇岩,2017-02-12,12417.0
Red,北投,2017-02-12,29960.0
Red,新北投,2017-02-12,18298.0
Red,復興崗,2017-02-12,5447.0
Red,忠義,2017-02-12,3436.0
Red,關渡,2017-02-12,17208.0
Red,竹圍,2017-02-12,14819.0
Red,紅樹林,2017-02-12,10085.0
Red,淡水,2017-02-12,79388.0
Red,象山,2017-02-12,16847.0
Red,台北101/世貿,2017-02-12,82423.0
Red,信義安和,2017-02-12,22983.0
Red,大安森林公園,2017-02-12,15778.0
Red,東門,2017-02-12,25272.0
Red,大安,2017-02-12,14652.0
Red,中正紀念堂,2017-02-13,31978.5
Red,台大醫院,2017-02-13,51661.0
Red,台北車站,2017-02-13,154143.5
Red,中山,2017-02-13,42093.0
Red,雙連,2017-02-13,46950.0
Red,民權西路,2017-02-13,30451.5
Red,圓山,2017-02-13,54748.0
Red,劍潭,2017-02-13,70345.0
Red,士林,2017-02-13,54293.0
Red,芝山,2017-02-13,46530.0
Red,明德,2017-02-13,26324.0
Red,石牌,2017-02-13,62711.0
Red,唭哩岸,2017-02-13,15314.0
Red,奇岩,2017-02-13,18679.0
Red,北投,2017-02-13,36560.0
Red,新北投,2017-02-13,13997.0
Red,復興崗,2017-02-13,6841.0
Red,忠義,2017-02-13,6084.0
Red,關渡,2017-02-13,23333.0
Red,竹圍,2017-02-13,19431.0
Red,紅樹林,2017-02-13,13326.0
Red,淡水,2017-02-13,75216.0
Red,象山,2017-02-13,22629.0
Red,台北101/世貿,2017-02-13,72521.0
Red,信義安和,2017-02-13,35227.0
Red,大安森林公園,2017-02-13,13522.0
Red,東門,2017-02-13,26216.5
Red,大安,2017-02-13,27378.0
Red,中正紀念堂,2017-02-14,34903.0
Red,台大醫院,2017-02-14,53452.0
Red,台北車站,2017-02-14,152158.5
Red,中山,2017-02-14,45373.5
Red,雙連,2017-02-14,48090.0
Red,民權西路,2017-02-14,31113.0
Red,圓山,2017-02-14,58022.0
Red,劍潭,2017-02-14,74536.0
Red,士林,2017-02-14,57586.0
Red,芝山,2017-02-14,49408.0
Red,明德,2017-02-14,26795.0
Red,石牌,2017-02-14,64610.0
Red,唭哩岸,2017-02-14,15808.0
Red,奇岩,2017-02-14,19070.0
Red,北投,2017-02-14,37585.0
Red,新北投,2017-02-14,15649.0
Red,復興崗,2017-02-14,6975.0
Red,忠義,2017-02-14,6233.0
Red,關渡,2017-02-14,23834.0
Red,竹圍,2017-02-14,19988.0
Red,紅樹林,2017-02-14,13711.0
Red,淡水,2017-02-14,81221.0
Red,象山,2017-02-14,24118.0
Red,台北101/世貿,2017-02-14,57690.0
Red,信義安和,2017-02-14,36817.0
Red,大安森林公園,2017-02-14,14273.0
Red,東門,2017-02-14,27523.5
Red,大安,2017-02-14,27914.5
Red,中正紀念堂,2017-02-15,35199.0
Red,台大醫院,2017-02-15,52164.0
Red,台北車站,2017-02-15,150082.0
Red,中山,2017-02-15,43121.5
Red,雙連,2017-02-15,48055.0
Red,民權西路,2017-02-15,30558.5
Red,圓山,2017-02-15,55579.0
Red,劍潭,2017-02-15,72462.0
Red,士林,2017-02-15,56450.0
Red,芝山,2017-02-15,48350.0
Red,明德,2017-02-15,26202.0
Red,石牌,2017-02-15,64469.0
Red,唭哩岸,2017-02-15,15420.0
Red,奇岩,2017-02-15,19002.0
Red,北投,2017-02-15,37679.0
Red,新北投,2017-02-15,13932.0
Red,復興崗,2017-02-15,7058.0
Red,忠義,2017-02-15,6304.0
Red,關渡,2017-02-15,24170.0
Red,竹圍,2017-02-15,19387.0
Red,紅樹林,2017-02-15,13836.0
Red,淡水,2017-02-15,79022.0
Red,象山,2017-02-15,23331.0
Red,台北101/世貿,2017-02-15,57869.0
Red,信義安和,2017-02-15,35795.0
Red,大安森林公園,2017-02-15,14378.0
Red,東門,2017-02-15,27461.0
Red,大安,2017-02-15,27626.0
Red,中正紀念堂,2017-02-16,35578.5
Red,台大醫院,2017-02-16,51568.0
Red,台北車站,2017-02-16,153509.0
Red,中山,2017-02-16,43452.5
Red,雙連,2017-02-16,47239.0
Red,民權西路,2017-02-16,30980.5
Red,圓山,2017-02-16,55405.0
Red,劍潭,2017-02-16,74041.0
Red,士林,2017-02-16,56579.0
Red,芝山,2017-02-16,47889.0
Red,明德,2017-02-16,26245.0
Red,石牌,2017-02-16,63842.0
Red,唭哩岸,2017-02-16,15499.0
Red,奇岩,2017-02-16,19000.0
Red,北投,2017-02-16,37830.0
Red,新北投,2017-02-16,13964.0
Red,復興崗,2017-02-16,7231.0
Red,忠義,2017-02-16,6054.0
Red,關渡,2017-02-16,23488.0
Red,竹圍,2017-02-16,19563.0
Red,紅樹林,2017-02-16,13609.0
Red,淡水,2017-02-16,79097.0
Red,象山,2017-02-16,23615.0
Red,台北101/世貿,2017-02-16,56164.0
Red,信義安和,2017-02-16,36163.0
Red,大安森林公園,2017-02-16,14422.0
Red,東門,2017-02-16,28036.0
Red,大安,2017-02-16,28332.0
Red,中正紀念堂,2017-02-17,36691.5
Red,台大醫院,2017-02-17,53213.0
Red,台北車站,2017-02-17,170558.5
Red,中山,2017-02-17,47773.0
Red,雙連,2017-02-17,49577.0
Red,民權西路,2017-02-17,32203.5
Red,圓山,2017-02-17,57618.0
Red,劍潭,2017-02-17,78392.0
Red,士林,2017-02-17,59788.0
Red,芝山,2017-02-17,50655.0
Red,明德,2017-02-17,26773.0
Red,石牌,2017-02-17,64809.0
Red,唭哩岸,2017-02-17,15805.0
Red,奇岩,2017-02-17,19608.0
Red,北投,2017-02-17,38854.0
Red,新北投,2017-02-17,14423.0
Red,復興崗,2017-02-17,7281.0
Red,忠義,2017-02-17,6179.0
Red,關渡,2017-02-17,23603.0
Red,竹圍,2017-02-17,19991.0
Red,紅樹林,2017-02-17,14082.0
Red,淡水,2017-02-17,82371.0
Red,象山,2017-02-17,24579.0
Red,台北101/世貿,2017-02-17,78972.0
Red,信義安和,2017-02-17,37584.0
Red,大安森林公園,2017-02-17,16683.0
Red,東門,2017-02-17,29633.5
Red,大安,2017-02-17,29348.5
Red,中正紀念堂,2017-02-18,35657.5
Red,台大醫院,2017-02-18,36291.0
Red,台北車站,2017-02-18,177247.5
Red,中山,2017-02-18,51344.0
Red,雙連,2017-02-18,44612.0
Red,民權西路,2017-02-18,29977.0
Red,圓山,2017-02-18,60525.0
Red,劍潭,2017-02-18,80510.0
Red,士林,2017-02-18,61537.0
Red,芝山,2017-02-18,48431.0
Red,明德,2017-02-18,23714.0
Red,石牌,2017-02-18,60135.0
Red,唭哩岸,2017-02-18,13754.0
Red,奇岩,2017-02-18,15424.0
Red,北投,2017-02-18,39277.0
Red,新北投,2017-02-18,17463.0
Red,復興崗,2017-02-18,7480.0
Red,忠義,2017-02-18,4498.0
Red,關渡,2017-02-18,18563.0
Red,竹圍,2017-02-18,19628.0
Red,紅樹林,2017-02-18,13133.0
Red,淡水,2017-02-18,87098.0
Red,象山,2017-02-18,23409.0
Red,台北101/世貿,2017-02-18,86557.0
Red,信義安和,2017-02-18,35587.0
Red,大安森林公園,2017-02-18,20652.0
Red,東門,2017-02-18,31898.0
Red,大安,2017-02-18,26488.0
Red,中正紀念堂,2017-02-19,29594.0
Red,台大醫院,2017-02-19,24951.0
Red,台北車站,2017-02-19,190234.0
Red,中山,2017-02-19,44056.0
Red,雙連,2017-02-19,31719.0
Red,民權西路,2017-02-19,25786.0
Red,圓山,2017-02-19,62139.0
Red,劍潭,2017-02-19,79726.0
Red,士林,2017-02-19,53672.0
Red,芝山,2017-02-19,40360.0
Red,明德,2017-02-19,16533.0
Red,石牌,2017-02-19,49386.0
Red,唭哩岸,2017-02-19,11795.0
Red,奇岩,2017-02-19,12161.0
Red,北投,2017-02-19,32779.0
Red,新北投,2017-02-19,18470.0
Red,復興崗,2017-02-19,5938.0
Red,忠義,2017-02-19,3757.0
Red,關渡,2017-02-19,17967.0
Red,竹圍,2017-02-19,16229.0
Red,紅樹林,2017-02-19,11685.0
Red,淡水,2017-02-19,103347.0
Red,象山,2017-02-19,20463.0
Red,台北101/世貿,2017-02-19,84797.0
Red,信義安和,2017-02-19,24071.0
Red,大安森林公園,2017-02-19,23253.0
Red,東門,2017-02-19,27894.0
Red,大安,2017-02-19,16110.5
Red,中正紀念堂,2017-02-20,33722.5
Red,台大醫院,2017-02-20,52189.0
Red,台北車站,2017-02-20,152581.5
Red,中山,2017-02-20,40621.0
Red,雙連,2017-02-20,46113.0
Red,民權西路,2017-02-20,30398.5
Red,圓山,2017-02-20,53865.0
Red,劍潭,2017-02-20,71353.0
Red,士林,2017-02-20,57397.0
Red,芝山,2017-02-20,46249.0
Red,明德,2017-02-20,26531.0
Red,石牌,2017-02-20,64929.0
Red,唭哩岸,2017-02-20,15153.0
Red,奇岩,2017-02-20,18381.0
Red,北投,2017-02-20,36420.0
Red,新北投,2017-02-20,12010.0
Red,復興崗,2017-02-20,6924.0
Red,忠義,2017-02-20,6146.0
Red,關渡,2017-02-20,26553.0
Red,竹圍,2017-02-20,19377.0
Red,紅樹林,2017-02-20,13692.0
Red,淡水,2017-02-20,75263.0
Red,象山,2017-02-20,22538.0
Red,台北101/世貿,2017-02-20,72496.0
Red,信義安和,2017-02-20,34567.0
Red,大安森林公園,2017-02-20,15784.0
Red,東門,2017-02-20,26883.5
Red,大安,2017-02-20,26860.0
Red,中正紀念堂,2017-02-21,34563.0
Red,台大醫院,2017-02-21,53807.0
Red,台北車站,2017-02-21,148436.5
Red,中山,2017-02-21,42259.0
Red,雙連,2017-02-21,47732.0
Red,民權西路,2017-02-21,30948.0
Red,圓山,2017-02-21,55977.0
Red,劍潭,2017-02-21,72999.0
Red,士林,2017-02-21,59446.0
Red,芝山,2017-02-21,48278.0
Red,明德,2017-02-21,27159.0
Red,石牌,2017-02-21,65537.0
Red,唭哩岸,2017-02-21,15421.0
Red,奇岩,2017-02-21,19263.0
Red,北投,2017-02-21,37817.0
Red,新北投,2017-02-21,13689.0
Red,復興崗,2017-02-21,7394.0
Red,忠義,2017-02-21,6201.0
Red,關渡,2017-02-21,27365.0
Red,竹圍,2017-02-21,20104.0
Red,紅樹林,2017-02-21,14337.0
Red,淡水,2017-02-21,76388.0
Red,象山,2017-02-21,22621.0
Red,台北101/世貿,2017-02-21,61012.0
Red,信義安和,2017-02-21,35723.0
Red,大安森林公園,2017-02-21,15633.0
Red,東門,2017-02-21,26863.0
Red,大安,2017-02-21,27229.5
Red,中正紀念堂,2017-02-22,33508.0
Red,台大醫院,2017-02-22,52646.0
Red,台北車站,2017-02-22,145822.0
Red,中山,2017-02-22,41285.5
Red,雙連,2017-02-22,46433.0
Red,民權西路,2017-02-22,30576.0
Red,圓山,2017-02-22,53477.0
Red,劍潭,2017-02-22,68019.0
Red,士林,2017-02-22,57732.0
Red,芝山,2017-02-22,48235.0
Red,明德,2017-02-22,26705.0
Red,石牌,2017-02-22,65067.0
Red,唭哩岸,2017-02-22,15633.0
Red,奇岩,2017-02-22,18694.0
Red,北投,2017-02-22,36272.0
Red,新北投,2017-02-22,12385.0
Red,復興崗,2017-02-22,7454.0
Red,忠義,2017-02-22,6032.0
Red,關渡,2017-02-22,27246.0
Red,竹圍,2017-02-22,19249.0
Red,紅樹林,2017-02-22,13916.0
Red,淡水,2017-02-22,69872.0
Red,象山,2017-02-22,21741.0
Red,台北101/世貿,2017-02-22,51814.0
Red,信義安和,2017-02-22,35499.0
Red,大安森林公園,2017-02-22,14837.0
Red,東門,2017-02-22,26443.5
Red,大安,2017-02-22,27173.0
Red,中正紀念堂,2017-02-23,34489.0
Red,台大醫院,2017-02-23,51753.0
Red,台北車站,2017-02-23,146956.0
Red,中山,2017-02-23,41574.0
Red,雙連,2017-02-23,46122.0
Red,民權西路,2017-02-23,30639.5
Red,圓山,2017-02-23,53486.0
Red,劍潭,2017-02-23,69755.0
Red,士林,2017-02-23,57538.0
Red,芝山,2017-02-23,48646.0
Red,明德,2017-02-23,26374.0
Red,石牌,2017-02-23,64709.0
Red,唭哩岸,2017-02-23,15569.0
Red,奇岩,2017-02-23,18945.0
Red,北投,2017-02-23,36921.0
Red,新北投,2017-02-23,13244.0
Red,復興崗,2017-02-23,7306.0
Red,忠義,2017-02-23,6132.0
Red,關渡,2017-02-23,26840.0
Red,竹圍,2017-02-23,19415.0
Red,紅樹林,2017-02-23,13892.0
Red,淡水,2017-02-23,70027.0
Red,象山,2017-02-23,21782.0
Red,台北101/世貿,2017-02-23,52678.0
Red,信義安和,2017-02-23,36280.0
Red,大安森林公園,2017-02-23,15127.0
Red,東門,2017-02-23,26268.0
Red,大安,2017-02-23,27036.5
Red,中正紀念堂,2017-02-24,36444.5
Red,台大醫院,2017-02-24,52203.0
Red,台北車站,2017-02-24,192551.5
Red,中山,2017-02-24,46178.5
Red,雙連,2017-02-24,48181.0
Red,民權西路,2017-02-24,32089.0
Red,圓山,2017-02-24,56873.0
Red,劍潭,2017-02-24,70941.0
Red,士林,2017-02-24,60723.0
Red,芝山,2017-02-24,49738.0
Red,明德,2017-02-24,27105.0
Red,石牌,2017-02-24,67000.0
Red,唭哩岸,2017-02-24,16716.0
Red,奇岩,2017-02-24,19102.0
Red,北投,2017-02-24,37742.0
Red,新北投,2017-02-24,13755.0
Red,復興崗,2017-02-24,7475.0
Red,忠義,2017-02-24,6162.0
Red,關渡,2017-02-24,26127.0
Red,竹圍,2017-02-24,19267.0
Red,紅樹林,2017-02-24,14393.0
Red,淡水,2017-02-24,72956.0
Red,象山,2017-02-24,21018.0
Red,台北101/世貿,2017-02-24,57890.0
Red,信義安和,2017-02-24,39798.0
Red,大安森林公園,2017-02-24,15653.0
Red,東門,2017-02-24,28584.5
Red,大安,2017-02-24,29257.0
Red,中正紀念堂,2017-02-25,25835.0
Red,台大醫院,2017-02-25,25677.0
Red,台北車站,2017-02-25,187380.5
Red,中山,2017-02-25,45781.5
Red,雙連,2017-02-25,37004.0
Red,民權西路,2017-02-25,22313.0
Red,圓山,2017-02-25,48193.0
Red,劍潭,2017-02-25,62688.0
Red,士林,2017-02-25,48740.0
Red,芝山,2017-02-25,36697.0
Red,明德,2017-02-25,17666.0
Red,石牌,2017-02-25,45673.0
Red,唭哩岸,2017-02-25,11517.0
Red,奇岩,2017-02-25,11305.0
Red,北投,2017-02-25,27439.0
Red,新北投,2017-02-25,16814.0
Red,復興崗,2017-02-25,5955.0
Red,忠義,2017-02-25,3422.0
Red,關渡,2017-02-25,14283.0
Red,竹圍,2017-02-25,14756.0
Red,紅樹林,2017-02-25,9695.0
Red,淡水,2017-02-25,60977.0
Red,象山,2017-02-25,11931.0
Red,台北101/世貿,2017-02-25,58161.0
Red,信義安和,2017-02-25,26457.0
Red,大安森林公園,2017-02-25,14381.0
Red,東門,2017-02-25,26597.5
Red,大安,2017-02-25,16742.0
Red,中正紀念堂,2017-02-26,27463.5
Red,台大醫院,2017-02-26,21041.0
Red,台北車站,2017-02-26,181814.5
Red,中山,2017-02-26,43467.0
Red,雙連,2017-02-26,31263.0
Red,民權西路,2017-02-26,22707.5
Red,圓山,2017-02-26,52272.0
Red,劍潭,2017-02-26,75498.0
Red,士林,2017-02-26,48188.0
Red,芝山,2017-02-26,41773.0
Red,明德,2017-02-26,14553.0
Red,石牌,2017-02-26,40666.0
Red,唭哩岸,2017-02-26,10441.0
Red,奇岩,2017-02-26,11247.0
Red,北投,2017-02-26,27701.0
Red,新北投,2017-02-26,21986.0
Red,復興崗,2017-02-26,5518.0
Red,忠義,2017-02-26,2960.0
Red,關渡,2017-02-26,13127.0
Red,竹圍,2017-02-26,13728.0
Red,紅樹林,2017-02-26,9625.0
Red,淡水,2017-02-26,71385.0
Red,象山,2017-02-26,13401.0
Red,台北101/世貿,2017-02-26,62792.0
Red,信義安和,2017-02-26,23215.0
Red,大安森林公園,2017-02-26,16161.0
Red,東門,2017-02-26,25750.0
Red,大安,2017-02-26,13932.0
Red,中正紀念堂,2017-02-27,27426.5
Red,台大醫院,2017-02-27,34848.0
Red,台北車站,2017-02-27,199294.5
Red,中山,2017-02-27,43345.0
Red,雙連,2017-02-27,41529.0
Red,民權西路,2017-02-27,23106.5
Red,圓山,2017-02-27,57071.0
Red,劍潭,2017-02-27,85088.0
Red,士林,2017-02-27,53928.0
Red,芝山,2017-02-27,38041.0
Red,明德,2017-02-27,18968.0
Red,石牌,2017-02-27,48603.0
Red,唭哩岸,2017-02-27,11337.0
Red,奇岩,2017-02-27,12472.0
Red,北投,2017-02-27,30994.0
Red,新北投,2017-02-27,23281.0
Red,復興崗,2017-02-27,5819.0
Red,忠義,2017-02-27,4616.0
Red,關渡,2017-02-27,17281.0
Red,竹圍,2017-02-27,16327.0
Red,紅樹林,2017-02-27,11086.0
Red,淡水,2017-02-27,100039.0
Red,象山,2017-02-27,18289.0
Red,台北101/世貿,2017-02-27,71916.0
Red,信義安和,2017-02-27,25329.0
Red,大安森林公園,2017-02-27,14923.0
Red,東門,2017-02-27,24652.5
Red,大安,2017-02-27,15193.0
Red,中正紀念堂,2017-02-28,22801.0
Red,台大醫院,2017-02-28,24034.0
Red,台北車站,2017-02-28,181688.5
Red,中山,2017-02-28,38595.0
Red,雙連,2017-02-28,30533.0
Red,民權西路,2017-02-28,20379.0
Red,圓山,2017-02-28,42267.0
Red,劍潭,2017-02-28,61897.0
Red,士林,2017-02-28,44736.0
Red,芝山,2017-02-28,34504.0
Red,明德,2017-02-28,17951.0
Red,石牌,2017-02-28,44555.0
Red,唭哩岸,2017-02-28,10344.0
Red,奇岩,2017-02-28,10408.0
Red,北投,2017-02-28,28174.0
Red,新北投,2017-02-28,17449.0
Red,復興崗,2017-02-28,5100.0
Red,忠義,2017-02-28,4397.0
Red,關渡,2017-02-28,15638.0
Red,竹圍,2017-02-28,14552.0
Red,紅樹林,2017-02-28,9199.0
Red,淡水,2017-02-28,75544.0
Red,象山,2017-02-28,13922.0
Red,台北101/世貿,2017-02-28,48757.0
Red,信義安和,2017-02-28,21446.0
Red,大安森林公園,2017-02-28,11108.0
Red,東門,2017-02-28,21788.5
Red,大安,2017-02-28,13843.0
Red,中正紀念堂,2017-03-01,33906.0
Red,台大醫院,2017-03-01,52761.0
Red,台北車站,2017-03-01,149277.5
Red,中山,2017-03-01,38834.5
Red,雙連,2017-03-01,45481.0
Red,民權西路,2017-03-01,30084.5
Red,圓山,2017-03-01,50979.0
Red,劍潭,2017-03-01,68303.0
Red,士林,2017-03-01,57674.0
Red,芝山,2017-03-01,46795.0
Red,明德,2017-03-01,26921.0
Red,石牌,2017-03-01,64929.0
Red,唭哩岸,2017-03-01,15539.0
Red,奇岩,2017-03-01,18415.0
Red,北投,2017-03-01,36949.0
Red,新北投,2017-03-01,12070.0
Red,復興崗,2017-03-01,7147.0
Red,忠義,2017-03-01,6237.0
Red,關渡,2017-03-01,28305.0
Red,竹圍,2017-03-01,19556.0
Red,紅樹林,2017-03-01,14193.0
Red,淡水,2017-03-01,73827.0
Red,象山,2017-03-01,22012.0
Red,台北101/世貿,2017-03-01,49859.0
Red,信義安和,2017-03-01,34840.0
Red,大安森林公園,2017-03-01,14835.0
Red,東門,2017-03-01,24256.5
Red,大安,2017-03-01,27022.5
Red,中正紀念堂,2017-03-02,34221.0
Red,台大醫院,2017-03-02,50438.0
Red,台北車站,2017-03-02,137112.5
Red,中山,2017-03-02,39369.5
Red,雙連,2017-03-02,45229.0
Red,民權西路,2017-03-02,29915.0
Red,圓山,2017-03-02,49116.0
Red,劍潭,2017-03-02,70249.0
Red,士林,2017-03-02,56538.0
Red,芝山,2017-03-02,47005.0
Red,明德,2017-03-02,26423.0
Red,石牌,2017-03-02,64329.0
Red,唭哩岸,2017-03-02,15293.0
Red,奇岩,2017-03-02,18666.0
Red,北投,2017-03-02,37056.0
Red,新北投,2017-03-02,12597.0
Red,復興崗,2017-03-02,7181.0
Red,忠義,2017-03-02,6123.0
Red,關渡,2017-03-02,27444.0
Red,竹圍,2017-03-02,19633.0
Red,紅樹林,2017-03-02,13883.0
Red,淡水,2017-03-02,71362.0
Red,象山,2017-03-02,21481.0
Red,台北101/世貿,2017-03-02,51796.0
Red,信義安和,2017-03-02,34955.0
Red,大安森林公園,2017-03-02,15119.0
Red,東門,2017-03-02,24696.0
Red,大安,2017-03-02,27357.5
Red,中正紀念堂,2017-03-03,38110.0
Red,台大醫院,2017-03-03,53136.0
Red,台北車站,2017-03-03,169129.5
Red,中山,2017-03-03,45942.5
Red,雙連,2017-03-03,48273.0
Red,民權西路,2017-03-03,32348.0
Red,圓山,2017-03-03,54566.0
Red,劍潭,2017-03-03,80806.0
Red,士林,2017-03-03,62635.0
Red,芝山,2017-03-03,50360.0
Red,明德,2017-03-03,27477.0
Red,石牌,2017-03-03,67854.0
Red,唭哩岸,2017-03-03,16137.0
Red,奇岩,2017-03-03,19928.0
Red,北投,2017-03-03,40391.0
Red,新北投,2017-03-03,14299.0
Red,復興崗,2017-03-03,7376.0
Red,忠義,2017-03-03,6262.0
Red,關渡,2017-03-03,28756.0
Red,竹圍,2017-03-03,20756.0
Red,紅樹林,2017-03-03,14745.0
Red,淡水,2017-03-03,81358.0
Red,象山,2017-03-03,23291.0
Red,台北101/世貿,2017-03-03,57418.0
Red,信義安和,2017-03-03,37992.0
Red,大安森林公園,2017-03-03,17037.0
Red,東門,2017-03-03,28466.5
Red,大安,2017-03-03,29798.0
Red,中正紀念堂,2017-03-04,34625.0
Red,台大醫院,2017-03-04,31151.0
Red,台北車站,2017-03-04,178603.0
Red,中山,2017-03-04,48502.0
Red,雙連,2017-03-04,39733.0
Red,民權西路,2017-03-04,25288.5
Red,圓山,2017-03-04,56648.0
Red,劍潭,2017-03-04,89341.0
Red,士林,2017-03-04,60080.0
Red,芝山,2017-03-04,43795.0
Red,明德,2017-03-04,21243.0
Red,石牌,2017-03-04,56386.0
Red,唭哩岸,2017-03-04,12950.0
Red,奇岩,2017-03-04,13450.0
Red,北投,2017-03-04,34483.0
Red,新北投,2017-03-04,18365.0
Red,復興崗,2017-03-04,6375.0
Red,忠義,2017-03-04,4134.0
Red,關渡,2017-03-04,19325.0
Red,竹圍,2017-03-04,18330.0
Red,紅樹林,2017-03-04,12356.0
Red,淡水,2017-03-04,96689.0
Red,象山,2017-03-04,20417.0
Red,台北101/世貿,2017-03-04,54865.0
Red,信義安和,2017-03-04,28622.0
Red,大安森林公園,2017-03-04,24166.0
Red,東門,2017-03-04,28714.0
Red,大安,2017-03-04,19620.0
Red,中正紀念堂,2017-03-05,34701.5
Red,台大醫院,2017-03-05,22943.0
Red,台北車站,2017-03-05,178734.5
Red,中山,2017-03-05,40336.0
Red,雙連,2017-03-05,29249.0
Red,民權西路,2017-03-05,23682.5
Red,圓山,2017-03-05,54220.0
Red,劍潭,2017-03-05,74691.0
Red,士林,2017-03-05,50125.0
Red,芝山,2017-03-05,38892.0
Red,明德,2017-03-05,17031.0
Red,石牌,2017-03-05,47477.0
Red,唭哩岸,2017-03-05,11785.0
Red,奇岩,2017-03-05,11867.0
Red,北投,2017-03-05,31569.0
Red,新北投,2017-03-05,16986.0
Red,復興崗,2017-03-05,5921.0
Red,忠義,2017-03-05,3923.0
Red,關渡,2017-03-05,18144.0
Red,竹圍,2017-03-05,16776.0
Red,紅樹林,2017-03-05,11581.0
Red,淡水,2017-03-05,101957.0
Red,象山,2017-03-05,18990.0
Red,台北101/世貿,2017-03-05,44708.0
Red,信義安和,2017-03-05,21141.0
Red,大安森林公園,2017-03-05,25114.0
Red,東門,2017-03-05,24707.0
Red,大安,2017-03-05,17469.0
Red,中正紀念堂,2017-03-06,32895.0
Red,台大醫院,2017-03-06,52785.0
Red,台北車站,2017-03-06,143703.5
Red,中山,2017-03-06,40017.0
Red,雙連,2017-03-06,46643.0
Red,民權西路,2017-03-06,30053.0
Red,圓山,2017-03-06,48525.0
Red,劍潭,2017-03-06,68540.0
Red,士林,2017-03-06,55930.0
Red,芝山,2017-03-06,45865.0
Red,明德,2017-03-06,27079.0
Red,石牌,2017-03-06,64531.0
Red,唭哩岸,2017-03-06,15557.0
Red,奇岩,2017-03-06,18240.0
Red,北投,2017-03-06,36457.0
Red,新北投,2017-03-06,11567.0
Red,復興崗,2017-03-06,6872.0
Red,忠義,2017-03-06,6029.0
Red,關渡,2017-03-06,27036.0
Red,竹圍,2017-03-06,19347.0
Red,紅樹林,2017-03-06,13765.0
Red,淡水,2017-03-06,69782.0
Red,象山,2017-03-06,21111.0
Red,台北101/世貿,2017-03-06,54510.0
Red,信義安和,2017-03-06,35294.0
Red,大安森林公園,2017-03-06,14458.0
Red,東門,2017-03-06,25502.5
Red,大安,2017-03-06,26858.0
Red,中正紀念堂,2017-03-07,35017.5
Red,台大醫院,2017-03-07,54087.0
Red,台北車站,2017-03-07,143862.5
Red,中山,2017-03-07,41740.0
Red,雙連,2017-03-07,48440.0
Red,民權西路,2017-03-07,30363.5
Red,圓山,2017-03-07,50590.0
Red,劍潭,2017-03-07,67344.0
Red,士林,2017-03-07,56948.0
Red,芝山,2017-03-07,47358.0
Red,明德,2017-03-07,27489.0
Red,石牌,2017-03-07,65349.0
Red,唭哩岸,2017-03-07,15811.0
Red,奇岩,2017-03-07,18814.0
Red,北投,2017-03-07,36962.0
Red,新北投,2017-03-07,12604.0
Red,復興崗,2017-03-07,7157.0
Red,忠義,2017-03-07,6222.0
Red,關渡,2017-03-07,28425.0
Red,竹圍,2017-03-07,19836.0
Red,紅樹林,2017-03-07,14092.0
Red,淡水,2017-03-07,69480.0
Red,象山,2017-03-07,21263.0
Red,台北101/世貿,2017-03-07,61942.0
Red,信義安和,2017-03-07,36522.0
Red,大安森林公園,2017-03-07,15091.0
Red,東門,2017-03-07,26832.0
Red,大安,2017-03-07,28318.5
Red,中正紀念堂,2017-03-08,36422.0
Red,台大醫院,2017-03-08,53775.0
Red,台北車站,2017-03-08,147162.5
Red,中山,2017-03-08,44487.5
Red,雙連,2017-03-08,47389.0
Red,民權西路,2017-03-08,31115.5
Red,圓山,2017-03-08,51824.0
Red,劍潭,2017-03-08,71873.0
Red,士林,2017-03-08,59476.0
Red,芝山,2017-03-08,49954.0
Red,明德,2017-03-08,27069.0
Red,石牌,2017-03-08,66145.0
Red,唭哩岸,2017-03-08,15879.0
Red,奇岩,2017-03-08,18487.0
Red,北投,2017-03-08,37315.0
Red,新北投,2017-03-08,12801.0
Red,復興崗,2017-03-08,7582.0
Red,忠義,2017-03-08,6266.0
Red,關渡,2017-03-08,28139.0
Red,竹圍,2017-03-08,20088.0
Red,紅樹林,2017-03-08,14293.0
Red,淡水,2017-03-08,70566.0
Red,象山,2017-03-08,21931.0
Red,台北101/世貿,2017-03-08,66829.0
Red,信義安和,2017-03-08,37547.0
Red,大安森林公園,2017-03-08,15351.0
Red,東門,2017-03-08,27524.0
Red,大安,2017-03-08,28548.5
Red,中正紀念堂,2017-03-09,36996.5
Red,台大醫院,2017-03-09,52375.0
Red,台北車站,2017-03-09,149729.0
Red,中山,2017-03-09,43727.0
Red,雙連,2017-03-09,47283.0
Red,民權西路,2017-03-09,31464.0
Red,圓山,2017-03-09,51128.0
Red,劍潭,2017-03-09,72386.0
Red,士林,2017-03-09,58984.0
Red,芝山,2017-03-09,47763.0
Red,明德,2017-03-09,27061.0
Red,石牌,2017-03-09,65664.0
Red,唭哩岸,2017-03-09,15822.0
Red,奇岩,2017-03-09,18838.0
Red,北投,2017-03-09,37778.0
Red,新北投,2017-03-09,13142.0
Red,復興崗,2017-03-09,7398.0
Red,忠義,2017-03-09,6044.0
Red,關渡,2017-03-09,27939.0
Red,竹圍,2017-03-09,20138.0
Red,紅樹林,2017-03-09,14342.0
Red,淡水,2017-03-09,72902.0
Red,象山,2017-03-09,22405.0
Red,台北101/世貿,2017-03-09,65341.0
Red,信義安和,2017-03-09,37229.0
Red,大安森林公園,2017-03-09,15934.0
Red,東門,2017-03-09,28425.0
Red,大安,2017-03-09,29516.0
Red,中正紀念堂,2017-03-10,39590.5
Red,台大醫院,2017-03-10,55237.0
Red,台北車站,2017-03-10,184319.5
Red,中山,2017-03-10,49563.5
Red,雙連,2017-03-10,50069.0
Red,民權西路,2017-03-10,33753.5
Red,圓山,2017-03-10,55188.0
Red,劍潭,2017-03-10,75147.0
Red,士林,2017-03-10,63388.0
Red,芝山,2017-03-10,50720.0
Red,明德,2017-03-10,28244.0
Red,石牌,2017-03-10,68096.0
Red,唭哩岸,2017-03-10,16986.0
Red,奇岩,2017-03-10,19704.0
Red,北投,2017-03-10,39016.0
Red,新北投,2017-03-10,14255.0
Red,復興崗,2017-03-10,7642.0
Red,忠義,2017-03-10,6406.0
Red,關渡,2017-03-10,28494.0
Red,竹圍,2017-03-10,20506.0
Red,紅樹林,2017-03-10,14979.0
Red,淡水,2017-03-10,77131.0
Red,象山,2017-03-10,22629.0
Red,台北101/世貿,2017-03-10,69810.0
Red,信義安和,2017-03-10,40439.0
Red,大安森林公園,2017-03-10,16408.0
Red,東門,2017-03-10,30791.0
Red,大安,2017-03-10,30938.5
Red,中正紀念堂,2017-03-11,35835.5
Red,台大醫院,2017-03-11,32119.0
Red,台北車站,2017-03-11,193530.0
Red,中山,2017-03-11,51495.5
Red,雙連,2017-03-11,42540.0
Red,民權西路,2017-03-11,26131.5
Red,圓山,2017-03-11,57540.0
Red,劍潭,2017-03-11,90458.0
Red,士林,2017-03-11,62900.0
Red,芝山,2017-03-11,45461.0
Red,明德,2017-03-11,20745.0
Red,石牌,2017-03-11,55998.0
Red,唭哩岸,2017-03-11,13030.0
Red,奇岩,2017-03-11,14482.0
Red,北投,2017-03-11,34852.0
Red,新北投,2017-03-11,17660.0
Red,復興崗,2017-03-11,7020.0
Red,忠義,2017-03-11,4235.0
Red,關渡,2017-03-11,19677.0
Red,竹圍,2017-03-11,19356.0
Red,紅樹林,2017-03-11,12583.0
Red,淡水,2017-03-11,96076.0
Red,象山,2017-03-11,19601.0
Red,台北101/世貿,2017-03-11,70511.0
Red,信義安和,2017-03-11,30283.0
Red,大安森林公園,2017-03-11,27644.0
Red,東門,2017-03-11,30452.5
Red,大安,2017-03-11,22023.5
Red,中正紀念堂,2017-03-12,31991.5
Red,台大醫院,2017-03-12,23468.0
Red,台北車站,2017-03-12,193029.0
Red,中山,2017-03-12,42817.0
Red,雙連,2017-03-12,30753.0
Red,民權西路,2017-03-12,25304.0
Red,圓山,2017-03-12,55426.0
Red,劍潭,2017-03-12,78666.0
Red,士林,2017-03-12,53450.0
Red,芝山,2017-03-12,39792.0
Red,明德,2017-03-12,15960.0
Red,石牌,2017-03-12,46652.0
Red,唭哩岸,2017-03-12,11697.0
Red,奇岩,2017-03-12,12419.0
Red,北投,2017-03-12,31907.0
Red,新北投,2017-03-12,15748.0
Red,復興崗,2017-03-12,6003.0
Red,忠義,2017-03-12,4181.0
Red,關渡,2017-03-12,18721.0
Red,竹圍,2017-03-12,16854.0
Red,紅樹林,2017-03-12,12564.0
Red,淡水,2017-03-12,107217.0
Red,象山,2017-03-12,20289.0
Red,台北101/世貿,2017-03-12,56106.0
Red,信義安和,2017-03-12,22492.0
Red,大安森林公園,2017-03-12,28988.0
Red,東門,2017-03-12,26923.0
Red,大安,2017-03-12,15974.5
Red,中正紀念堂,2017-03-13,32873.5
Red,台大醫院,2017-03-13,52667.0
Red,台北車站,2017-03-13,150383.0
Red,中山,2017-03-13,40570.5
Red,雙連,2017-03-13,47339.0
Red,民權西路,2017-03-13,30420.0
Red,圓山,2017-03-13,49003.0
Red,劍潭,2017-03-13,69506.0
Red,士林,2017-03-13,56907.0
Red,芝山,2017-03-13,46410.0
Red,明德,2017-03-13,26616.0
Red,石牌,2017-03-13,64646.0
Red,唭哩岸,2017-03-13,15736.0
Red,奇岩,2017-03-13,18480.0
Red,北投,2017-03-13,36057.0
Red,新北投,2017-03-13,11619.0
Red,復興崗,2017-03-13,7193.0
Red,忠義,2017-03-13,6179.0
Red,關渡,2017-03-13,27359.0
Red,竹圍,2017-03-13,19895.0
Red,紅樹林,2017-03-13,14383.0
Red,淡水,2017-03-13,72600.0
Red,象山,2017-03-13,21613.0
Red,台北101/世貿,2017-03-13,54684.0
Red,信義安和,2017-03-13,35790.0
Red,大安森林公園,2017-03-13,14946.0
Red,東門,2017-03-13,26291.0
Red,大安,2017-03-13,27415.0
Red,中正紀念堂,2017-03-14,34902.0
Red,台大醫院,2017-03-14,53376.0
Red,台北車站,2017-03-14,142332.0
Red,中山,2017-03-14,42670.5
Red,雙連,2017-03-14,47512.0
Red,民權西路,2017-03-14,31260.5
Red,圓山,2017-03-14,51207.0
Red,劍潭,2017-03-14,72446.0
Red,士林,2017-03-14,58171.0
Red,芝山,2017-03-14,48054.0
Red,明德,2017-03-14,27175.0
Red,石牌,2017-03-14,65075.0
Red,唭哩岸,2017-03-14,15977.0
Red,奇岩,2017-03-14,19212.0
Red,北投,2017-03-14,37009.0
Red,新北投,2017-03-14,13089.0
Red,復興崗,2017-03-14,7288.0
Red,忠義,2017-03-14,6148.0
Red,關渡,2017-03-14,27889.0
Red,竹圍,2017-03-14,19626.0
Red,紅樹林,2017-03-14,13954.0
Red,淡水,2017-03-14,70051.0
Red,象山,2017-03-14,22472.0
Red,台北101/世貿,2017-03-14,59608.0
Red,信義安和,2017-03-14,36809.0
Red,大安森林公園,2017-03-14,15218.0
Red,東門,2017-03-14,27536.5
Red,大安,2017-03-14,28491.5
Red,中正紀念堂,2017-03-15,36685.5
Red,台大醫院,2017-03-15,52757.0
Red,台北車站,2017-03-15,145368.5
Red,中山,2017-03-15,43164.5
Red,雙連,2017-03-15,48094.0
Red,民權西路,2017-03-15,31101.5
Red,圓山,2017-03-15,51399.0
Red,劍潭,2017-03-15,74628.0
Red,士林,2017-03-15,59317.0
Red,芝山,2017-03-15,51136.0
Red,明德,2017-03-15,26930.0
Red,石牌,2017-03-15,66303.0
Red,唭哩岸,2017-03-15,15740.0
Red,奇岩,2017-03-15,18793.0
Red,北投,2017-03-15,37821.0
Red,新北投,2017-03-15,13259.0
Red,復興崗,2017-03-15,7274.0
Red,忠義,2017-03-15,6344.0
Red,關渡,2017-03-15,28241.0
Red,竹圍,2017-03-15,20423.0
Red,紅樹林,2017-03-15,14284.0
Red,淡水,2017-03-15,73914.0
Red,象山,2017-03-15,22755.0
Red,台北101/世貿,2017-03-15,57967.0
Red,信義安和,2017-03-15,36744.0
Red,大安森林公園,2017-03-15,16381.0
Red,東門,2017-03-15,27435.0
Red,大安,2017-03-15,28418.5
Red,中正紀念堂,2017-03-16,35781.0
Red,台大醫院,2017-03-16,52337.0
Red,台北車站,2017-03-16,151334.0
Red,中山,2017-03-16,43010.5
Red,雙連,2017-03-16,47453.0
Red,民權西路,2017-03-16,30829.0
Red,圓山,2017-03-16,50469.0
Red,劍潭,2017-03-16,69575.0
Red,士林,2017-03-16,59024.0
Red,芝山,2017-03-16,47484.0
Red,明德,2017-03-16,26882.0
Red,石牌,2017-03-16,65483.0
Red,唭哩岸,2017-03-16,16205.0
Red,奇岩,2017-03-16,19029.0
Red,北投,2017-03-16,36705.0
Red,新北投,2017-03-16,13078.0
Red,復興崗,2017-03-16,7500.0
Red,忠義,2017-03-16,6367.0
Red,關渡,2017-03-16,27773.0
Red,竹圍,2017-03-16,20113.0
Red,紅樹林,2017-03-16,14735.0
Red,淡水,2017-03-16,71451.0
Red,象山,2017-03-16,21836.0
Red,台北101/世貿,2017-03-16,75241.0
Red,信義安和,2017-03-16,37545.0
Red,大安森林公園,2017-03-16,16053.0
Red,東門,2017-03-16,28572.0
Red,大安,2017-03-16,29304.0
Red,中正紀念堂,2017-03-17,40099.0
Red,台大醫院,2017-03-17,54347.0
Red,台北車站,2017-03-17,187705.0
Red,中山,2017-03-17,49901.0
Red,雙連,2017-03-17,51244.0
Red,民權西路,2017-03-17,34321.5
Red,圓山,2017-03-17,56773.0
Red,劍潭,2017-03-17,84648.0
Red,士林,2017-03-17,66131.0
Red,芝山,2017-03-17,51508.0
Red,明德,2017-03-17,27897.0
Red,石牌,2017-03-17,69687.0
Red,唭哩岸,2017-03-17,16761.0
Red,奇岩,2017-03-17,19463.0
Red,北投,2017-03-17,40855.0
Red,新北投,2017-03-17,14809.0
Red,復興崗,2017-03-17,7721.0
Red,忠義,2017-03-17,6323.0
Red,關渡,2017-03-17,28775.0
Red,竹圍,2017-03-17,21613.0
Red,紅樹林,2017-03-17,15716.0
Red,淡水,2017-03-17,86244.0
Red,象山,2017-03-17,24513.0
Red,台北101/世貿,2017-03-17,80335.0
Red,信義安和,2017-03-17,40575.0
Red,大安森林公園,2017-03-17,19156.0
Red,東門,2017-03-17,31313.5
Red,大安,2017-03-17,30794.0
Red,中正紀念堂,2017-03-18,36852.0
Red,台大醫院,2017-03-18,31712.0
Red,台北車站,2017-03-18,194817.0
Red,中山,2017-03-18,51460.0
Red,雙連,2017-03-18,42401.0
Red,民權西路,2017-03-18,27121.0
Red,圓山,2017-03-18,68172.0
Red,劍潭,2017-03-18,89378.0
Red,士林,2017-03-18,60555.0
Red,芝山,2017-03-18,44894.0
Red,明德,2017-03-18,21415.0
Red,石牌,2017-03-18,56962.0
Red,唭哩岸,2017-03-18,13525.0
Red,奇岩,2017-03-18,14901.0
Red,北投,2017-03-18,35150.0
Red,新北投,2017-03-18,17308.0
Red,復興崗,2017-03-18,6474.0
Red,忠義,2017-03-18,4446.0
Red,關渡,2017-03-18,21661.0
Red,竹圍,2017-03-18,18971.0
Red,紅樹林,2017-03-18,14589.0
Red,淡水,2017-03-18,99976.0
Red,象山,2017-03-18,21020.0
Red,台北101/世貿,2017-03-18,89554.0
Red,信義安和,2017-03-18,30013.0
Red,大安森林公園,2017-03-18,43525.0
Red,東門,2017-03-18,32717.5
Red,大安,2017-03-18,20673.5
Red,中正紀念堂,2017-03-19,29665.0
Red,台大醫院,2017-03-19,24167.0
Red,台北車站,2017-03-19,186587.0
Red,中山,2017-03-19,41872.5
Red,雙連,2017-03-19,29731.0
Red,民權西路,2017-03-19,24113.5
Red,圓山,2017-03-19,51752.0
Red,劍潭,2017-03-19,69029.0
Red,士林,2017-03-19,47887.0
Red,芝山,2017-03-19,42969.0
Red,明德,2017-03-19,15539.0
Red,石牌,2017-03-19,46468.0
Red,唭哩岸,2017-03-19,10684.0
Red,奇岩,2017-03-19,11738.0
Red,北投,2017-03-19,29435.0
Red,新北投,2017-03-19,14958.0
Red,復興崗,2017-03-19,5466.0
Red,忠義,2017-03-19,3283.0
Red,關渡,2017-03-19,17352.0
Red,竹圍,2017-03-19,14887.0
Red,紅樹林,2017-03-19,12167.0
Red,淡水,2017-03-19,83766.0
Red,象山,2017-03-19,15869.0
Red,台北101/世貿,2017-03-19,81360.0
Red,信義安和,2017-03-19,22624.0
Red,大安森林公園,2017-03-19,22539.0
Red,東門,2017-03-19,26597.5
Red,大安,2017-03-19,15791.0
Red,中正紀念堂,2017-03-20,33818.0
Red,台大醫院,2017-03-20,51823.0
Red,台北車站,2017-03-20,149203.5
Red,中山,2017-03-20,39970.0
Red,雙連,2017-03-20,45684.0
Red,民權西路,2017-03-20,30062.5
Red,圓山,2017-03-20,50311.0
Red,劍潭,2017-03-20,70376.0
Red,士林,2017-03-20,56786.0
Red,芝山,2017-03-20,45891.0
Red,明德,2017-03-20,26199.0
Red,石牌,2017-03-20,64554.0
Red,唭哩岸,2017-03-20,15384.0
Red,奇岩,2017-03-20,18088.0
Red,北投,2017-03-20,36806.0
Red,新北投,2017-03-20,11808.0
Red,復興崗,2017-03-20,7019.0
Red,忠義,2017-03-20,6071.0
Red,關渡,2017-03-20,27165.0
Red,竹圍,2017-03-20,19844.0
Red,紅樹林,2017-03-20,14330.0
Red,淡水,2017-03-20,76076.0
Red,象山,2017-03-20,22280.0
Red,台北101/世貿,2017-03-20,54197.0
Red,信義安和,2017-03-20,33983.0
Red,大安森林公園,2017-03-20,16576.0
Red,東門,2017-03-20,25881.0
Red,大安,2017-03-20,26366.5
Red,中正紀念堂,2017-03-21,36221.5
Red,台大醫院,2017-03-21,52141.0
Red,台北車站,2017-03-21,142699.0
Red,中山,2017-03-21,41020.0
Red,雙連,2017-03-21,46625.0
Red,民權西路,2017-03-21,30268.5
Red,圓山,2017-03-21,52810.0
Red,劍潭,2017-03-21,71415.0
Red,士林,2017-03-21,58353.0
Red,芝山,2017-03-21,47883.0
Red,明德,2017-03-21,27316.0
Red,石牌,2017-03-21,64838.0
Red,唭哩岸,2017-03-21,15387.0
Red,奇岩,2017-03-21,18731.0
Red,北投,2017-03-21,37079.0
Red,新北投,2017-03-21,13118.0
Red,復興崗,2017-03-21,7450.0
Red,忠義,2017-03-21,6162.0
Red,關渡,2017-03-21,28252.0
Red,竹圍,2017-03-21,19988.0
Red,紅樹林,2017-03-21,14755.0
Red,淡水,2017-03-21,72598.0
Red,象山,2017-03-21,22010.0
Red,台北101/世貿,2017-03-21,54876.0
Red,信義安和,2017-03-21,35938.0
Red,大安森林公園,2017-03-21,15916.0
Red,東門,2017-03-21,26741.0
Red,大安,2017-03-21,27932.0
Red,中正紀念堂,2017-03-22,37214.0
Red,台大醫院,2017-03-22,52346.0
Red,台北車站,2017-03-22,146350.5
Red,中山,2017-03-22,42336.0
Red,雙連,2017-03-22,47305.0
Red,民權西路,2017-03-22,31010.0
Red,圓山,2017-03-22,53805.0
Red,劍潭,2017-03-22,74518.0
Red,士林,2017-03-22,59521.0
Red,芝山,2017-03-22,51854.0
Red,明德,2017-03-22,27616.0
Red,石牌,2017-03-22,66406.0
Red,唭哩岸,2017-03-22,15888.0
Red,奇岩,2017-03-22,18935.0
Red,北投,2017-03-22,38511.0
Red,新北投,2017-03-22,13518.0
Red,復興崗,2017-03-22,7609.0
Red,忠義,2017-03-22,6353.0
Red,關渡,2017-03-22,28286.0
Red,竹圍,2017-03-22,19979.0
Red,紅樹林,2017-03-22,15066.0
Red,淡水,2017-03-22,76744.0
Red,象山,2017-03-22,22847.0
Red,台北101/世貿,2017-03-22,59954.0
Red,信義安和,2017-03-22,36591.0
Red,大安森林公園,2017-03-22,18104.0
Red,東門,2017-03-22,26541.5
Red,大安,2017-03-22,27544.5
Red,中正紀念堂,2017-03-23,36756.5
Red,台大醫院,2017-03-23,51657.0
Red,台北車站,2017-03-23,146501.5
Red,中山,2017-03-23,43494.0
Red,雙連,2017-03-23,46730.0
Red,民權西路,2017-03-23,30434.5
Red,圓山,2017-03-23,51871.0
Red,劍潭,2017-03-23,73431.0
Red,士林,2017-03-23,59146.0
Red,芝山,2017-03-23,47977.0
Red,明德,2017-03-23,26546.0
Red,石牌,2017-03-23,65765.0
Red,唭哩岸,2017-03-23,16091.0
Red,奇岩,2017-03-23,19488.0
Red,北投,2017-03-23,37563.0
Red,新北投,2017-03-23,13067.0
Red,復興崗,2017-03-23,7427.0
Red,忠義,2017-03-23,6240.0
Red,關渡,2017-03-23,29405.0
Red,竹圍,2017-03-23,19961.0
Red,紅樹林,2017-03-23,14828.0
Red,淡水,2017-03-23,73929.0
Red,象山,2017-03-23,22658.0
Red,台北101/世貿,2017-03-23,59891.0
Red,信義安和,2017-03-23,37710.0
Red,大安森林公園,2017-03-23,17233.0
Red,東門,2017-03-23,27295.0
Red,大安,2017-03-23,28286.5
Red,中正紀念堂,2017-03-24,42638.5
Red,台大醫院,2017-03-24,54307.0
Red,台北車站,2017-03-24,185381.5
Red,中山,2017-03-24,49244.0
Red,雙連,2017-03-24,49078.0
Red,民權西路,2017-03-24,33401.0
Red,圓山,2017-03-24,57729.0
Red,劍潭,2017-03-24,84800.0
Red,士林,2017-03-24,66794.0
Red,芝山,2017-03-24,51547.0
Red,明德,2017-03-24,28159.0
Red,石牌,2017-03-24,68785.0
Red,唭哩岸,2017-03-24,16874.0
Red,奇岩,2017-03-24,19629.0
Red,北投,2017-03-24,40957.0
Red,新北投,2017-03-24,14770.0
Red,復興崗,2017-03-24,7635.0
Red,忠義,2017-03-24,6451.0
Red,關渡,2017-03-24,30617.0
Red,竹圍,2017-03-24,21207.0
Red,紅樹林,2017-03-24,16631.0
Red,淡水,2017-03-24,91004.0
Red,象山,2017-03-24,24964.0
Red,台北101/世貿,2017-03-24,66386.0
Red,信義安和,2017-03-24,39394.0
Red,大安森林公園,2017-03-24,19764.0
Red,東門,2017-03-24,30077.5
Red,大安,2017-03-24,29384.0
Red,中正紀念堂,2017-03-25,32076.5
Red,台大醫院,2017-03-25,27580.0
Red,台北車站,2017-03-25,183306.0
Red,中山,2017-03-25,48457.0
Red,雙連,2017-03-25,38990.0
Red,民權西路,2017-03-25,23638.0
Red,圓山,2017-03-25,50996.0
Red,劍潭,2017-03-25,70119.0
Red,士林,2017-03-25,55168.0
Red,芝山,2017-03-25,41848.0
Red,明德,2017-03-25,18932.0
Red,石牌,2017-03-25,54140.0
Red,唭哩岸,2017-03-25,12616.0
Red,奇岩,2017-03-25,12798.0
Red,北投,2017-03-25,31906.0
Red,新北投,2017-03-25,16137.0
Red,復興崗,2017-03-25,6703.0
Red,忠義,2017-03-25,3942.0
Red,關渡,2017-03-25,19006.0
Red,竹圍,2017-03-25,16966.0
Red,紅樹林,2017-03-25,17074.0
Red,淡水,2017-03-25,71966.0
Red,象山,2017-03-25,14601.0
Red,台北101/世貿,2017-03-25,59641.0
Red,信義安和,2017-03-25,29467.0
Red,大安森林公園,2017-03-25,19239.0
Red,東門,2017-03-25,27396.0
Red,大安,2017-03-25,18557.0
Red,中正紀念堂,2017-03-26,31952.5
Red,台大醫院,2017-03-26,21976.0
Red,台北車站,2017-03-26,173565.0
Red,中山,2017-03-26,41178.5
Red,雙連,2017-03-26,28878.0
Red,民權西路,2017-03-26,23039.5
Red,圓山,2017-03-26,42706.0
Red,劍潭,2017-03-26,63672.0
Red,士林,2017-03-26,46026.0
Red,芝山,2017-03-26,41215.0
Red,明德,2017-03-26,15093.0
Red,石牌,2017-03-26,43994.0
Red,唭哩岸,2017-03-26,10606.0
Red,奇岩,2017-03-26,11036.0
Red,北投,2017-03-26,28137.0
Red,新北投,2017-03-26,14494.0
Red,復興崗,2017-03-26,5748.0
Red,忠義,2017-03-26,3276.0
Red,關渡,2017-03-26,16360.0
Red,竹圍,2017-03-26,14756.0
Red,紅樹林,2017-03-26,15369.0
Red,淡水,2017-03-26,67827.0
Red,象山,2017-03-26,13268.0
Red,台北101/世貿,2017-03-26,46903.0
Red,信義安和,2017-03-26,22378.0
Red,大安森林公園,2017-03-26,18307.0
Red,東門,2017-03-26,24784.0
Red,大安,2017-03-26,14994.0
Red,中正紀念堂,2017-03-27,40451.0
Red,台大醫院,2017-03-27,50949.0
Red,台北車站,2017-03-27,147432.5
Red,中山,2017-03-27,40784.0
Red,雙連,2017-03-27,45285.0
Red,民權西路,2017-03-27,29842.0
Red,圓山,2017-03-27,50600.0
Red,劍潭,2017-03-27,70734.0
Red,士林,2017-03-27,58475.0
Red,芝山,2017-03-27,46145.0
Red,明德,2017-03-27,26284.0
Red,石牌,2017-03-27,64700.0
Red,唭哩岸,2017-03-27,15497.0
Red,奇岩,2017-03-27,18717.0
Red,北投,2017-03-27,37175.0
Red,新北投,2017-03-27,12106.0
Red,復興崗,2017-03-27,6969.0
Red,忠義,2017-03-27,5824.0
Red,關渡,2017-03-27,27324.0
Red,竹圍,2017-03-27,19618.0
Red,紅樹林,2017-03-27,15193.0
Red,淡水,2017-03-27,78545.0
Red,象山,2017-03-27,23171.0
Red,台北101/世貿,2017-03-27,55035.0
Red,信義安和,2017-03-27,34715.0
Red,大安森林公園,2017-03-27,17665.0
Red,東門,2017-03-27,26011.0
Red,大安,2017-03-27,26429.0
Red,中正紀念堂,2017-03-28,43691.5
Red,台大醫院,2017-03-28,51829.0
Red,台北車站,2017-03-28,143489.0
Red,中山,2017-03-28,41017.5
Red,雙連,2017-03-28,46375.0
Red,民權西路,2017-03-28,30635.5
Red,圓山,2017-03-28,52952.0
Red,劍潭,2017-03-28,71968.0
Red,士林,2017-03-28,60171.0
Red,芝山,2017-03-28,47329.0
Red,明德,2017-03-28,27302.0
Red,石牌,2017-03-28,65692.0
Red,唭哩岸,2017-03-28,15859.0
Red,奇岩,2017-03-28,19267.0
Red,北投,2017-03-28,37557.0
Red,新北投,2017-03-28,12192.0
Red,復興崗,2017-03-28,7296.0
Red,忠義,2017-03-28,6199.0
Red,關渡,2017-03-28,28069.0
Red,竹圍,2017-03-28,20150.0
Red,紅樹林,2017-03-28,15460.0
Red,淡水,2017-03-28,76939.0
Red,象山,2017-03-28,23207.0
Red,台北101/世貿,2017-03-28,52976.0
Red,信義安和,2017-03-28,35337.0
Red,大安森林公園,2017-03-28,18765.0
Red,東門,2017-03-28,26291.5
Red,大安,2017-03-28,27428.0
Red,中正紀念堂,2017-03-29,46203.5
Red,台大醫院,2017-03-29,58238.0
Red,台北車站,2017-03-29,164028.0
Red,中山,2017-03-29,42935.5
Red,雙連,2017-03-29,47412.0
Red,民權西路,2017-03-29,31954.0
Red,圓山,2017-03-29,54978.0
Red,劍潭,2017-03-29,76139.0
Red,士林,2017-03-29,62817.0
Red,芝山,2017-03-29,48540.0
Red,明德,2017-03-29,27454.0
Red,石牌,2017-03-29,66855.0
Red,唭哩岸,2017-03-29,16048.0
Red,奇岩,2017-03-29,19511.0
Red,北投,2017-03-29,37503.0
Red,新北投,2017-03-29,12959.0
Red,復興崗,2017-03-29,7044.0
Red,忠義,2017-03-29,6417.0
Red,關渡,2017-03-29,28586.0
Red,竹圍,2017-03-29,20253.0
Red,紅樹林,2017-03-29,15561.0
Red,淡水,2017-03-29,79166.0
Red,象山,2017-03-29,24572.0
Red,台北101/世貿,2017-03-29,56712.0
Red,信義安和,2017-03-29,37261.0
Red,大安森林公園,2017-03-29,85835.0
Red,東門,2017-03-29,34359.0
Red,大安,2017-03-29,30989.5
Red,中正紀念堂,2017-03-30,41215.0
Red,台大醫院,2017-03-30,51721.0
Red,台北車站,2017-03-30,154096.5
Red,中山,2017-03-30,42456.0
Red,雙連,2017-03-30,46260.0
Red,民權西路,2017-03-30,30379.5
Red,圓山,2017-03-30,52308.0
Red,劍潭,2017-03-30,74639.0
Red,士林,2017-03-30,57845.0
Red,芝山,2017-03-30,47799.0
Red,明德,2017-03-30,26649.0
Red,石牌,2017-03-30,66087.0
Red,唭哩岸,2017-03-30,15617.0
Red,奇岩,2017-03-30,19423.0
Red,北投,2017-03-30,37565.0
Red,新北投,2017-03-30,11957.0
Red,復興崗,2017-03-30,7466.0
Red,忠義,2017-03-30,6026.0
Red,關渡,2017-03-30,28406.0
Red,竹圍,2017-03-30,19944.0
Red,紅樹林,2017-03-30,15314.0
Red,淡水,2017-03-30,78696.0
Red,象山,2017-03-30,23353.0
Red,台北101/世貿,2017-03-30,55237.0
Red,信義安和,2017-03-30,36304.0
Red,大安森林公園,2017-03-30,17505.0
Red,東門,2017-03-30,26342.5
Red,大安,2017-03-30,27735.0
Red,中正紀念堂,2017-03-31,40609.0
Red,台大醫院,2017-03-31,53114.0
Red,台北車站,2017-03-31,200159.0
Red,中山,2017-03-31,46145.0
Red,雙連,2017-03-31,48627.0
Red,民權西路,2017-03-31,32120.0
Red,圓山,2017-03-31,53926.0
Red,劍潭,2017-03-31,71342.0
Red,士林,2017-03-31,58491.0
Red,芝山,2017-03-31,49706.0
Red,明德,2017-03-31,27789.0
Red,石牌,2017-03-31,66992.0
Red,唭哩岸,2017-03-31,16312.0
Red,奇岩,2017-03-31,19512.0
Red,北投,2017-03-31,39064.0
Red,新北投,2017-03-31,13085.0
Red,復興崗,2017-03-31,7315.0
Red,忠義,2017-03-31,6052.0
Red,關渡,2017-03-31,28283.0
Red,竹圍,2017-03-31,20129.0
Red,紅樹林,2017-03-31,15847.0
Red,淡水,2017-03-31,77509.0
Red,象山,2017-03-31,21637.0
Red,台北101/世貿,2017-03-31,67615.0
Red,信義安和,2017-03-31,38575.0
Red,大安森林公園,2017-03-31,16746.0
Red,東門,2017-03-31,28687.0
Red,大安,2017-03-31,29643.5
Red,中正紀念堂,2017-04-01,31684.5
Red,台大醫院,2017-04-01,23953.0
Red,台北車站,2017-04-01,189172.5
Red,中山,2017-04-01,43253.0
Red,雙連,2017-04-01,36909.0
Red,民權西路,2017-04-01,22258.5
Red,圓山,2017-04-01,61417.0
Red,劍潭,2017-04-01,75909.0
Red,士林,2017-04-01,54045.0
Red,芝山,2017-04-01,39091.0
Red,明德,2017-04-01,18128.0
Red,石牌,2017-04-01,49708.0
Red,唭哩岸,2017-04-01,11772.0
Red,奇岩,2017-04-01,12757.0
Red,北投,2017-04-01,30693.0
Red,新北投,2017-04-01,20962.0
Red,復興崗,2017-04-01,5762.0
Red,忠義,2017-04-01,3744.0
Red,關渡,2017-04-01,17430.0
Red,竹圍,2017-04-01,17361.0
Red,紅樹林,2017-04-01,17387.0
Red,淡水,2017-04-01,90556.0
Red,象山,2017-04-01,16566.0
Red,台北101/世貿,2017-04-01,66141.0
Red,信義安和,2017-04-01,24997.0
Red,大安森林公園,2017-04-01,20385.0
Red,東門,2017-04-01,24876.0
Red,大安,2017-04-01,16960.5
Red,中正紀念堂,2017-04-02,34719.5
Red,台大醫院,2017-04-02,19754.0
Red,台北車站,2017-04-02,186224.0
Red,中山,2017-04-02,40139.5
Red,雙連,2017-04-02,31482.0
Red,民權西路,2017-04-02,23827.5
Red,圓山,2017-04-02,67399.0
Red,劍潭,2017-04-02,86032.0
Red,士林,2017-04-02,57254.0
Red,芝山,2017-04-02,37343.0
Red,明德,2017-04-02,15473.0
Red,石牌,2017-04-02,46823.0
Red,唭哩岸,2017-04-02,11134.0
Red,奇岩,2017-04-02,11805.0
Red,北投,2017-04-02,32538.0
Red,新北投,2017-04-02,25474.0
Red,復興崗,2017-04-02,5870.0
Red,忠義,2017-04-02,3976.0
Red,關渡,2017-04-02,18043.0
Red,竹圍,2017-04-02,16777.0
Red,紅樹林,2017-04-02,19075.0
Red,淡水,2017-04-02,119532.0
Red,象山,2017-04-02,20709.0
Red,台北101/世貿,2017-04-02,70329.0
Red,信義安和,2017-04-02,22066.0
Red,大安森林公園,2017-04-02,31495.0
Red,東門,2017-04-02,24952.5
Red,大安,2017-04-02,14551.0
Red,中正紀念堂,2017-04-03,30355.5
Red,台大醫院,2017-04-03,17823.0
Red,台北車站,2017-04-03,177330.5
Red,中山,2017-04-03,38770.5
Red,雙連,2017-04-03,37502.0
Red,民權西路,2017-04-03,21376.5
Red,圓山,2017-04-03,63155.0
Red,劍潭,2017-04-03,84662.0
Red,士林,2017-04-03,58613.0
Red,芝山,2017-04-03,36051.0
Red,明德,2017-04-03,17620.0
Red,石牌,2017-04-03,45969.0
Red,唭哩岸,2017-04-03,11049.0
Red,奇岩,2017-04-03,12346.0
Red,北投,2017-04-03,32377.0
Red,新北投,2017-04-03,25354.0
Red,復興崗,2017-04-03,5827.0
Red,忠義,2017-04-03,4965.0
Red,關渡,2017-04-03,18405.0
Red,竹圍,2017-04-03,17571.0
Red,紅樹林,2017-04-03,15742.0
Red,淡水,2017-04-03,121496.0
Red,象山,2017-04-03,21595.0
Red,台北101/世貿,2017-04-03,65740.0
Red,信義安和,2017-04-03,22531.0
Red,大安森林公園,2017-04-03,21586.0
Red,東門,2017-04-03,23280.0
Red,大安,2017-04-03,13999.5
Red,中正紀念堂,2017-04-04,24702.0
Red,台大醫院,2017-04-04,16333.0
Red,台北車站,2017-04-04,160190.0
Red,中山,2017-04-04,32034.5
Red,雙連,2017-04-04,25902.0
Red,民權西路,2017-04-04,18586.5
Red,圓山,2017-04-04,53073.0
Red,劍潭,2017-04-04,62169.0
Red,士林,2017-04-04,47449.0
Red,芝山,2017-04-04,32053.0
Red,明德,2017-04-04,14110.0
Red,石牌,2017-04-04,40213.0
Red,唭哩岸,2017-04-04,10027.0
Red,奇岩,2017-04-04,10297.0
Red,北投,2017-04-04,27688.0
Red,新北投,2017-04-04,17858.0
Red,復興崗,2017-04-04,5146.0
Red,忠義,2017-04-04,3154.0
Red,關渡,2017-04-04,15029.0
Red,竹圍,2017-04-04,13935.0
Red,紅樹林,2017-04-04,11927.0
Red,淡水,2017-04-04,82978.0
Red,象山,2017-04-04,17065.0
Red,台北101/世貿,2017-04-04,43850.0
Red,信義安和,2017-04-04,20162.0
Red,大安森林公園,2017-04-04,16224.0
Red,東門,2017-04-04,19441.0
Red,大安,2017-04-04,12536.0
Red,中正紀念堂,2017-04-05,34376.5
Red,台大醫院,2017-04-05,51819.0
Red,台北車站,2017-04-05,157948.5
Red,中山,2017-04-05,39072.5
Red,雙連,2017-04-05,45181.0
Red,民權西路,2017-04-05,29163.5
Red,圓山,2017-04-05,51705.0
Red,劍潭,2017-04-05,62974.0
Red,士林,2017-04-05,55449.0
Red,芝山,2017-04-05,45388.0
Red,明德,2017-04-05,26728.0
Red,石牌,2017-04-05,64127.0
Red,唭哩岸,2017-04-05,14232.0
Red,奇岩,2017-04-05,18224.0
Red,北投,2017-04-05,37478.0
Red,新北投,2017-04-05,13442.0
Red,復興崗,2017-04-05,6796.0
Red,忠義,2017-04-05,5318.0
Red,關渡,2017-04-05,25660.0
Red,竹圍,2017-04-05,19202.0
Red,紅樹林,2017-04-05,14048.0
Red,淡水,2017-04-05,68954.0
Red,象山,2017-04-05,22373.0
Red,台北101/世貿,2017-04-05,51523.0
Red,信義安和,2017-04-05,34614.0
Red,大安森林公園,2017-04-05,16558.0
Red,東門,2017-04-05,23226.5
Red,大安,2017-04-05,27046.0
Red,中正紀念堂,2017-04-06,34657.5
Red,台大醫院,2017-04-06,51994.0
Red,台北車站,2017-04-06,145602.5
Red,中山,2017-04-06,40826.0
Red,雙連,2017-04-06,45654.0
Red,民權西路,2017-04-06,30051.0
Red,圓山,2017-04-06,51527.0
Red,劍潭,2017-04-06,65814.0
Red,士林,2017-04-06,58782.0
Red,芝山,2017-04-06,47454.0
Red,明德,2017-04-06,26394.0
Red,石牌,2017-04-06,64704.0
Red,唭哩岸,2017-04-06,15240.0
Red,奇岩,2017-04-06,18759.0
Red,北投,2017-04-06,37357.0
Red,新北投,2017-04-06,12833.0
Red,復興崗,2017-04-06,7082.0
Red,忠義,2017-04-06,6078.0
Red,關渡,2017-04-06,27168.0
Red,竹圍,2017-04-06,20059.0
Red,紅樹林,2017-04-06,14368.0
Red,淡水,2017-04-06,66212.0
Red,象山,2017-04-06,22538.0
Red,台北101/世貿,2017-04-06,52983.0
Red,信義安和,2017-04-06,35850.0
Red,大安森林公園,2017-04-06,15830.0
Red,東門,2017-04-06,24205.0
Red,大安,2017-04-06,27464.5
Red,中正紀念堂,2017-04-07,37824.5
Red,台大醫院,2017-04-07,53795.0
Red,台北車站,2017-04-07,169699.5
Red,中山,2017-04-07,46096.0
Red,雙連,2017-04-07,49724.0
Red,民權西路,2017-04-07,32638.0
Red,圓山,2017-04-07,56270.0
Red,劍潭,2017-04-07,76358.0
Red,士林,2017-04-07,64601.0
Red,芝山,2017-04-07,50310.0
Red,明德,2017-04-07,27910.0
Red,石牌,2017-04-07,67706.0
Red,唭哩岸,2017-04-07,16290.0
Red,奇岩,2017-04-07,20097.0
Red,北投,2017-04-07,39736.0
Red,新北投,2017-04-07,14101.0
Red,復興崗,2017-04-07,7575.0
Red,忠義,2017-04-07,6286.0
Red,關渡,2017-04-07,28614.0
Red,竹圍,2017-04-07,20792.0
Red,紅樹林,2017-04-07,15073.0
Red,淡水,2017-04-07,71892.0
Red,象山,2017-04-07,23905.0
Red,台北101/世貿,2017-04-07,63269.0
Red,信義安和,2017-04-07,39202.0
Red,大安森林公園,2017-04-07,17280.0
Red,東門,2017-04-07,27918.5
Red,大安,2017-04-07,29305.0
Red,中正紀念堂,2017-04-08,33598.5
Red,台大醫院,2017-04-08,30158.0
Red,台北車站,2017-04-08,182129.0
Red,中山,2017-04-08,48017.5
Red,雙連,2017-04-08,41147.0
Red,民權西路,2017-04-08,25804.0
Red,圓山,2017-04-08,64647.0
Red,劍潭,2017-04-08,87669.0
Red,士林,2017-04-08,67306.0
Red,芝山,2017-04-08,43775.0
Red,明德,2017-04-08,19794.0
Red,石牌,2017-04-08,54963.0
Red,唭哩岸,2017-04-08,12786.0
Red,奇岩,2017-04-08,13916.0
Red,北投,2017-04-08,34902.0
Red,新北投,2017-04-08,18375.0
Red,復興崗,2017-04-08,7004.0
Red,忠義,2017-04-08,4264.0
Red,關渡,2017-04-08,20555.0
Red,竹圍,2017-04-08,18789.0
Red,紅樹林,2017-04-08,13451.0
Red,淡水,2017-04-08,94157.0
Red,象山,2017-04-08,19901.0
Red,台北101/世貿,2017-04-08,65065.0
Red,信義安和,2017-04-08,28737.0
Red,大安森林公園,2017-04-08,25080.0
Red,東門,2017-04-08,28006.5
Red,大安,2017-04-08,21321.0
Red,中正紀念堂,2017-04-09,31644.0
Red,台大醫院,2017-04-09,24019.0
Red,台北車站,2017-04-09,193215.0
Red,中山,2017-04-09,39709.0
Red,雙連,2017-04-09,29011.0
Red,民權西路,2017-04-09,24113.5
Red,圓山,2017-04-09,58753.0
Red,劍潭,2017-04-09,72293.0
Red,士林,2017-04-09,56532.0
Red,芝山,2017-04-09,37174.0
Red,明德,2017-04-09,15739.0
Red,石牌,2017-04-09,44949.0
Red,唭哩岸,2017-04-09,10946.0
Red,奇岩,2017-04-09,11640.0
Red,北投,2017-04-09,30553.0
Red,新北投,2017-04-09,15397.0
Red,復興崗,2017-04-09,6017.0
Red,忠義,2017-04-09,3312.0
Red,關渡,2017-04-09,17613.0
Red,竹圍,2017-04-09,15999.0
Red,紅樹林,2017-04-09,14161.0
Red,淡水,2017-04-09,96309.0
Red,象山,2017-04-09,18039.0
Red,台北101/世貿,2017-04-09,70614.0
Red,信義安和,2017-04-09,21842.0
Red,大安森林公園,2017-04-09,23946.0
Red,東門,2017-04-09,23876.5
Red,大安,2017-04-09,22714.5
Red,中正紀念堂,2017-04-10,33846.0
Red,台大醫院,2017-04-10,53341.0
Red,台北車站,2017-04-10,145035.0
Red,中山,2017-04-10,38769.5
Red,雙連,2017-04-10,46624.0
Red,民權西路,2017-04-10,29517.5
Red,圓山,2017-04-10,52468.0
Red,劍潭,2017-04-10,69032.0
Red,士林,2017-04-10,55543.0
Red,芝山,2017-04-10,46135.0
Red,明德,2017-04-10,26811.0
Red,石牌,2017-04-10,64509.0
Red,唭哩岸,2017-04-10,14936.0
Red,奇岩,2017-04-10,18613.0
Red,北投,2017-04-10,37207.0
Red,新北投,2017-04-10,11470.0
Red,復興崗,2017-04-10,7017.0
Red,忠義,2017-04-10,5900.0
Red,關渡,2017-04-10,26906.0
Red,竹圍,2017-04-10,19783.0
Red,紅樹林,2017-04-10,14546.0
Red,淡水,2017-04-10,79028.0
Red,象山,2017-04-10,22670.0
Red,台北101/世貿,2017-04-10,57101.0
Red,信義安和,2017-04-10,34958.0
Red,大安森林公園,2017-04-10,15708.0
Red,東門,2017-04-10,24374.0
Red,大安,2017-04-10,24574.0
Red,中正紀念堂,2017-04-11,34777.0
Red,台大醫院,2017-04-11,53756.0
Red,台北車站,2017-04-11,145606.0
Red,中山,2017-04-11,40347.5
Red,雙連,2017-04-11,46411.0
Red,民權西路,2017-04-11,29318.5
Red,圓山,2017-04-11,52573.0
Red,劍潭,2017-04-11,68219.0
Red,士林,2017-04-11,57333.0
Red,芝山,2017-04-11,47353.0
Red,明德,2017-04-11,26585.0
Red,石牌,2017-04-11,65181.0
Red,唭哩岸,2017-04-11,16074.0
Red,奇岩,2017-04-11,19339.0
Red,北投,2017-04-11,36020.0
Red,新北投,2017-04-11,12093.0
Red,復興崗,2017-04-11,7605.0
Red,忠義,2017-04-11,6434.0
Red,關渡,2017-04-11,28312.0
Red,竹圍,2017-04-11,19765.0
Red,紅樹林,2017-04-11,14323.0
Red,淡水,2017-04-11,69273.0
Red,象山,2017-04-11,21989.0
Red,台北101/世貿,2017-04-11,55151.0
Red,信義安和,2017-04-11,34282.0
Red,大安森林公園,2017-04-11,15141.0
Red,東門,2017-04-11,24988.5
Red,大安,2017-04-11,27997.0
Red,中正紀念堂,2017-04-12,35853.0
Red,台大醫院,2017-04-12,53219.0
Red,台北車站,2017-04-12,150815.5
Red,中山,2017-04-12,41977.0
Red,雙連,2017-04-12,46522.0
Red,民權西路,2017-04-12,29870.5
Red,圓山,2017-04-12,52001.0
Red,劍潭,2017-04-12,69696.0
Red,士林,2017-04-12,59467.0
Red,芝山,2017-04-12,48769.0
Red,明德,2017-04-12,27377.0
Red,石牌,2017-04-12,66203.0
Red,唭哩岸,2017-04-12,15788.0
Red,奇岩,2017-04-12,18992.0
Red,北投,2017-04-12,37184.0
Red,新北投,2017-04-12,12950.0
Red,復興崗,2017-04-12,7468.0
Red,忠義,2017-04-12,6245.0
Red,關渡,2017-04-12,28202.0
Red,竹圍,2017-04-12,19805.0
Red,紅樹林,2017-04-12,14518.0
Red,淡水,2017-04-12,73181.0
Red,象山,2017-04-12,22361.0
Red,台北101/世貿,2017-04-12,54719.0
Red,信義安和,2017-04-12,34625.0
Red,大安森林公園,2017-04-12,15408.0
Red,東門,2017-04-12,26162.5
Red,大安,2017-04-12,28585.0
Red,中正紀念堂,2017-04-13,36194.0
Red,台大醫院,2017-04-13,53562.0
Red,台北車站,2017-04-13,148714.0
Red,中山,2017-04-13,42593.5
Red,雙連,2017-04-13,47213.0
Red,民權西路,2017-04-13,30629.0
Red,圓山,2017-04-13,52319.0
Red,劍潭,2017-04-13,72162.0
Red,士林,2017-04-13,60110.0
Red,芝山,2017-04-13,47833.0
Red,明德,2017-04-13,26857.0
Red,石牌,2017-04-13,66231.0
Red,唭哩岸,2017-04-13,15570.0
Red,奇岩,2017-04-13,19146.0
Red,北投,2017-04-13,37982.0
Red,新北投,2017-04-13,13771.0
Red,復興崗,2017-04-13,7390.0
Red,忠義,2017-04-13,6032.0
Red,關渡,2017-04-13,27616.0
Red,竹圍,2017-04-13,19853.0
Red,紅樹林,2017-04-13,14144.0
Red,淡水,2017-04-13,78096.0
Red,象山,2017-04-13,22743.0
Red,台北101/世貿,2017-04-13,67648.0
Red,信義安和,2017-04-13,34064.0
Red,大安森林公園,2017-04-13,15663.0
Red,東門,2017-04-13,27311.5
Red,大安,2017-04-13,28611.5
Red,中正紀念堂,2017-04-14,40707.0
Red,台大醫院,2017-04-14,59507.0
Red,台北車站,2017-04-14,179258.5
Red,中山,2017-04-14,47958.0
Red,雙連,2017-04-14,49569.0
Red,民權西路,2017-04-14,32774.0
Red,圓山,2017-04-14,57900.0
Red,劍潭,2017-04-14,82235.0
Red,士林,2017-04-14,66124.0
Red,芝山,2017-04-14,51102.0
Red,明德,2017-04-14,27804.0
Red,石牌,2017-04-14,68660.0
Red,唭哩岸,2017-04-14,16211.0
Red,奇岩,2017-04-14,19342.0
Red,北投,2017-04-14,40795.0
Red,新北投,2017-04-14,15518.0
Red,復興崗,2017-04-14,7774.0
Red,忠義,2017-04-14,6318.0
Red,關渡,2017-04-14,29427.0
Red,竹圍,2017-04-14,21620.0
Red,紅樹林,2017-04-14,15045.0
Red,淡水,2017-04-14,87854.0
Red,象山,2017-04-14,25462.0
Red,台北101/世貿,2017-04-14,72179.0
Red,信義安和,2017-04-14,35818.0
Red,大安森林公園,2017-04-14,17405.0
Red,東門,2017-04-14,29936.5
Red,大安,2017-04-14,29055.5
Red,中正紀念堂,2017-04-15,34871.5
Red,台大醫院,2017-04-15,34587.0
Red,台北車站,2017-04-15,187478.5
Red,中山,2017-04-15,50516.0
Red,雙連,2017-04-15,41181.0
Red,民權西路,2017-04-15,25536.5
Red,圓山,2017-04-15,71541.0
Red,劍潭,2017-04-15,84653.0
Red,士林,2017-04-15,62869.0
Red,芝山,2017-04-15,44817.0
Red,明德,2017-04-15,20365.0
Red,石牌,2017-04-15,57920.0
Red,唭哩岸,2017-04-15,13038.0
Red,奇岩,2017-04-15,14415.0
Red,北投,2017-04-15,34820.0
Red,新北投,2017-04-15,17644.0
Red,復興崗,2017-04-15,6454.0
Red,忠義,2017-04-15,4091.0
Red,關渡,2017-04-15,19589.0
Red,竹圍,2017-04-15,18508.0
Red,紅樹林,2017-04-15,12503.0
Red,淡水,2017-04-15,99260.0
Red,象山,2017-04-15,20287.0
Red,台北101/世貿,2017-04-15,72392.0
Red,信義安和,2017-04-15,26594.0
Red,大安森林公園,2017-04-15,24619.0
Red,東門,2017-04-15,29456.0
Red,大安,2017-04-15,23509.0
Red,中正紀念堂,2017-04-16,29331.0
Red,台大醫院,2017-04-16,22409.0
Red,台北車站,2017-04-16,182558.5
Red,中山,2017-04-16,40168.5
Red,雙連,2017-04-16,30777.0
Red,民權西路,2017-04-16,23661.0
Red,圓山,2017-04-16,63318.0
Red,劍潭,2017-04-16,70291.0
Red,士林,2017-04-16,51870.0
Red,芝山,2017-04-16,38165.0
Red,明德,2017-04-16,16401.0
Red,石牌,2017-04-16,43169.0
Red,唭哩岸,2017-04-16,11221.0
Red,奇岩,2017-04-16,12226.0
Red,北投,2017-04-16,30417.0
Red,新北投,2017-04-16,15837.0
Red,復興崗,2017-04-16,5351.0
Red,忠義,2017-04-16,3346.0
Red,關渡,2017-04-16,17578.0
Red,竹圍,2017-04-16,16115.0
Red,紅樹林,2017-04-16,12274.0
Red,淡水,2017-04-16,98262.0
Red,象山,2017-04-16,17666.0
Red,台北101/世貿,2017-04-16,65575.0
Red,信義安和,2017-04-16,19490.0
Red,大安森林公園,2017-04-16,22309.0
Red,東門,2017-04-16,24972.5
Red,大安,2017-04-16,15197.5
Red,中正紀念堂,2017-04-17,32598.5
Red,台大醫院,2017-04-17,51161.0
Red,台北車站,2017-04-17,145307.5
Red,中山,2017-04-17,38596.0
Red,雙連,2017-04-17,44959.0
Red,民權西路,2017-04-17,29112.0
Red,圓山,2017-04-17,50707.0
Red,劍潭,2017-04-17,67776.0
Red,士林,2017-04-17,56846.0
Red,芝山,2017-04-17,45458.0
Red,明德,2017-04-17,26134.0
Red,石牌,2017-04-17,63484.0
Red,唭哩岸,2017-04-17,14839.0
Red,奇岩,2017-04-17,18213.0
Red,北投,2017-04-17,35747.0
Red,新北投,2017-04-17,11238.0
Red,復興崗,2017-04-17,6938.0
Red,忠義,2017-04-17,5936.0
Red,關渡,2017-04-17,27068.0
Red,竹圍,2017-04-17,19599.0
Red,紅樹林,2017-04-17,14170.0
Red,淡水,2017-04-17,78643.0
Red,象山,2017-04-17,22627.0
Red,台北101/世貿,2017-04-17,53580.0
Red,信義安和,2017-04-17,31508.0
Red,大安森林公園,2017-04-17,15824.0
Red,東門,2017-04-17,24771.5
Red,大安,2017-04-17,24128.0
Red,中正紀念堂,2017-04-18,34517.0
Red,台大醫院,2017-04-18,54255.0
Red,台北車站,2017-04-18,139612.5
Red,中山,2017-04-18,39410.0
Red,雙連,2017-04-18,46033.0
Red,民權西路,2017-04-18,29563.0
Red,圓山,2017-04-18,52961.0
Red,劍潭,2017-04-18,67872.0
Red,士林,2017-04-18,57732.0
Red,芝山,2017-04-18,46486.0
Red,明德,2017-04-18,26793.0
Red,石牌,2017-04-18,62937.0
Red,唭哩岸,2017-04-18,15252.0
Red,奇岩,2017-04-18,18410.0
Red,北投,2017-04-18,36265.0
Red,新北投,2017-04-18,12425.0
Red,復興崗,2017-04-18,7166.0
Red,忠義,2017-04-18,5908.0
Red,關渡,2017-04-18,27685.0
Red,竹圍,2017-04-18,19404.0
Red,紅樹林,2017-04-18,14067.0
Red,淡水,2017-04-18,72692.0
Red,象山,2017-04-18,22324.0
Red,台北101/世貿,2017-04-18,52012.0
Red,信義安和,2017-04-18,32860.0
Red,大安森林公園,2017-04-18,15092.0
Red,東門,2017-04-18,25545.0
Red,大安,2017-04-18,27667.0
Red,中正紀念堂,2017-04-19,34869.5
Red,台大醫院,2017-04-19,54042.0
Red,台北車站,2017-04-19,142187.0
Red,中山,2017-04-19,40677.5
Red,雙連,2017-04-19,46804.0
Red,民權西路,2017-04-19,30115.5
Red,圓山,2017-04-19,53277.0
Red,劍潭,2017-04-19,70603.0
Red,士林,2017-04-19,59069.0
Red,芝山,2017-04-19,49974.0
Red,明德,2017-04-19,27222.0
Red,石牌,2017-04-19,63680.0
Red,唭哩岸,2017-04-19,15449.0
Red,奇岩,2017-04-19,18423.0
Red,北投,2017-04-19,37164.0
Red,新北投,2017-04-19,12134.0
Red,復興崗,2017-04-19,7142.0
Red,忠義,2017-04-19,6191.0
Red,關渡,2017-04-19,29484.0
Red,竹圍,2017-04-19,19856.0
Red,紅樹林,2017-04-19,14332.0
Red,淡水,2017-04-19,73714.0
Red,象山,2017-04-19,22056.0
Red,台北101/世貿,2017-04-19,55384.0
Red,信義安和,2017-04-19,35262.0
Red,大安森林公園,2017-04-19,15161.0
Red,東門,2017-04-19,25512.5
Red,大安,2017-04-19,27486.0
Red,中正紀念堂,2017-04-20,35527.5
Red,台大醫院,2017-04-20,52455.0
Red,台北車站,2017-04-20,146466.5
Red,中山,2017-04-20,41338.5
Red,雙連,2017-04-20,46085.0
Red,民權西路,2017-04-20,29590.0
Red,圓山,2017-04-20,53995.0
Red,劍潭,2017-04-20,73900.0
Red,士林,2017-04-20,59305.0
Red,芝山,2017-04-20,47587.0
Red,明德,2017-04-20,26686.0
Red,石牌,2017-04-20,63836.0
Red,唭哩岸,2017-04-20,15447.0
Red,奇岩,2017-04-20,18609.0
Red,北投,2017-04-20,36629.0
Red,新北投,2017-04-20,12379.0
Red,復興崗,2017-04-20,7222.0
Red,忠義,2017-04-20,6026.0
Red,關渡,2017-04-20,27669.0
Red,竹圍,2017-04-20,19611.0
Red,紅樹林,2017-04-20,14327.0
Red,淡水,2017-04-20,75217.0
Red,象山,2017-04-20,23001.0
Red,台北101/世貿,2017-04-20,61213.0
Red,信義安和,2017-04-20,35703.0
Red,大安森林公園,2017-04-20,15600.0
Red,東門,2017-04-20,26259.5
Red,大安,2017-04-20,27645.0
Red,中正紀念堂,2017-04-21,39506.0
Red,台大醫院,2017-04-21,52663.0
Red,台北車站,2017-04-21,186492.5
Red,中山,2017-04-21,48016.0
Red,雙連,2017-04-21,49693.0
Red,民權西路,2017-04-21,31726.5
Red,圓山,2017-04-21,65666.0
Red,劍潭,2017-04-21,75666.0
Red,士林,2017-04-21,65657.0
Red,芝山,2017-04-21,50298.0
Red,明德,2017-04-21,27756.0
Red,石牌,2017-04-21,66395.0
Red,唭哩岸,2017-04-21,16416.0
Red,奇岩,2017-04-21,19543.0
Red,北投,2017-04-21,39649.0
Red,新北投,2017-04-21,13608.0
Red,復興崗,2017-04-21,7257.0
Red,忠義,2017-04-21,6288.0
Red,關渡,2017-04-21,28720.0
Red,竹圍,2017-04-21,20797.0
Red,紅樹林,2017-04-21,15333.0
Red,淡水,2017-04-21,83790.0
Red,象山,2017-04-21,23301.0
Red,台北101/世貿,2017-04-21,68405.0
Red,信義安和,2017-04-21,38753.0
Red,大安森林公園,2017-04-21,16971.0
Red,東門,2017-04-21,29506.0
Red,大安,2017-04-21,29730.0
Red,中正紀念堂,2017-04-22,30961.0
Red,台大醫院,2017-04-22,28547.0
Red,台北車站,2017-04-22,182028.0
Red,中山,2017-04-22,49613.5
Red,雙連,2017-04-22,40020.0
Red,民權西路,2017-04-22,24255.5
Red,圓山,2017-04-22,73128.0
Red,劍潭,2017-04-22,71337.0
Red,士林,2017-04-22,59131.0
Red,芝山,2017-04-22,41994.0
Red,明德,2017-04-22,19964.0
Red,石牌,2017-04-22,54186.0
Red,唭哩岸,2017-04-22,12494.0
Red,奇岩,2017-04-22,14212.0
Red,北投,2017-04-22,31137.0
Red,新北投,2017-04-22,15856.0
Red,復興崗,2017-04-22,6564.0
Red,忠義,2017-04-22,4129.0
Red,關渡,2017-04-22,18342.0
Red,竹圍,2017-04-22,17396.0
Red,紅樹林,2017-04-22,11222.0
Red,淡水,2017-04-22,71557.0
Red,象山,2017-04-22,14680.0
Red,台北101/世貿,2017-04-22,71004.0
Red,信義安和,2017-04-22,28677.0
Red,大安森林公園,2017-04-22,18505.0
Red,東門,2017-04-22,26895.5
Red,大安,2017-04-22,20133.5
Red,中正紀念堂,2017-04-23,31828.5
Red,台大醫院,2017-04-23,23410.0
Red,台北車站,2017-04-23,184533.5
Red,中山,2017-04-23,41482.5
Red,雙連,2017-04-23,31270.0
Red,民權西路,2017-04-23,24223.5
Red,圓山,2017-04-23,74122.0
Red,劍潭,2017-04-23,71934.0
Red,士林,2017-04-23,52698.0
Red,芝山,2017-04-23,43851.0
Red,明德,2017-04-23,15780.0
Red,石牌,2017-04-23,46445.0
Red,唭哩岸,2017-04-23,11113.0
Red,奇岩,2017-04-23,11533.0
Red,北投,2017-04-23,29682.0
Red,新北投,2017-04-23,15326.0
Red,復興崗,2017-04-23,6111.0
Red,忠義,2017-04-23,3110.0
Red,關渡,2017-04-23,17422.0
Red,竹圍,2017-04-23,15790.0
Red,紅樹林,2017-04-23,10794.0
Red,淡水,2017-04-23,89922.0
Red,象山,2017-04-23,17750.0
Red,台北101/世貿,2017-04-23,63936.0
Red,信義安和,2017-04-23,23219.0
Red,大安森林公園,2017-04-23,22931.0
Red,東門,2017-04-23,24857.5
Red,大安,2017-04-23,15678.0
Red,中正紀念堂,2017-04-24,31940.5
Red,台大醫院,2017-04-24,50756.0
Red,台北車站,2017-04-24,141911.5
Red,中山,2017-04-24,37223.5
Red,雙連,2017-04-24,44951.0
Red,民權西路,2017-04-24,28849.5
Red,圓山,2017-04-24,49921.0
Red,劍潭,2017-04-24,65930.0
Red,士林,2017-04-24,54887.0
Red,芝山,2017-04-24,45148.0
Red,明德,2017-04-24,25612.0
Red,石牌,2017-04-24,62254.0
Red,唭哩岸,2017-04-24,15278.0
Red,奇岩,2017-04-24,18169.0
Red,北投,2017-04-24,35757.0
Red,新北投,2017-04-24,11087.0
Red,復興崗,2017-04-24,6889.0
Red,忠義,2017-04-24,5729.0
Red,關渡,2017-04-24,26679.0
Red,竹圍,2017-04-24,19416.0
Red,紅樹林,2017-04-24,14134.0
Red,淡水,2017-04-24,71646.0
Red,象山,2017-04-24,21902.0
Red,台北101/世貿,2017-04-24,53633.0
Red,信義安和,2017-04-24,34178.0
Red,大安森林公園,2017-04-24,14684.0
Red,東門,2017-04-24,24265.0
Red,大安,2017-04-24,26114.5
Red,中正紀念堂,2017-04-25,35528.5
Red,台大醫院,2017-04-25,51616.0
Red,台北車站,2017-04-25,139218.0
Red,中山,2017-04-25,39464.0
Red,雙連,2017-04-25,45639.0
Red,民權西路,2017-04-25,29054.0
Red,圓山,2017-04-25,52983.0
Red,劍潭,2017-04-25,69741.0
Red,士林,2017-04-25,58790.0
Red,芝山,2017-04-25,47035.0
Red,明德,2017-04-25,26562.0
Red,石牌,2017-04-25,63734.0
Red,唭哩岸,2017-04-25,15683.0
Red,奇岩,2017-04-25,18703.0
Red,北投,2017-04-25,37724.0
Red,新北投,2017-04-25,12702.0
Red,復興崗,2017-04-25,7692.0
Red,忠義,2017-04-25,6125.0
Red,關渡,2017-04-25,27899.0
Red,竹圍,2017-04-25,19612.0
Red,紅樹林,2017-04-25,14603.0
Red,淡水,2017-04-25,74382.0
Red,象山,2017-04-25,22128.0
Red,台北101/世貿,2017-04-25,53303.0
Red,信義安和,2017-04-25,34908.0
Red,大安森林公園,2017-04-25,15820.0
Red,東門,2017-04-25,24854.5
Red,大安,2017-04-25,27146.0
Red,中正紀念堂,2017-04-26,35800.5
Red,台大醫院,2017-04-26,50742.0
Red,台北車站,2017-04-26,139921.0
Red,中山,2017-04-26,40375.0
Red,雙連,2017-04-26,46056.0
Red,民權西路,2017-04-26,29806.0
Red,圓山,2017-04-26,52072.0
Red,劍潭,2017-04-26,69114.0
Red,士林,2017-04-26,58562.0
Red,芝山,2017-04-26,47005.0
Red,明德,2017-04-26,26009.0
Red,石牌,2017-04-26,65387.0
Red,唭哩岸,2017-04-26,15749.0
Red,奇岩,2017-04-26,19071.0
Red,北投,2017-04-26,36903.0
Red,新北投,2017-04-26,11714.0
Red,復興崗,2017-04-26,7653.0
Red,忠義,2017-04-26,6194.0
Red,關渡,2017-04-26,27927.0
Red,竹圍,2017-04-26,19691.0
Red,紅樹林,2017-04-26,14282.0
Red,淡水,2017-04-26,72568.0
Red,象山,2017-04-26,22295.0
Red,台北101/世貿,2017-04-26,57251.0
Red,信義安和,2017-04-26,35266.0
Red,大安森林公園,2017-04-26,15687.0
Red,東門,2017-04-26,25559.0
Red,大安,2017-04-26,26767.0
Red,中正紀念堂,2017-04-27,34586.5
Red,台大醫院,2017-04-27,51246.0
Red,台北車站,2017-04-27,144747.5
Red,中山,2017-04-27,41767.5
Red,雙連,2017-04-27,45311.0
Red,民權西路,2017-04-27,29614.5
Red,圓山,2017-04-27,54265.0
Red,劍潭,2017-04-27,65594.0
Red,士林,2017-04-27,57799.0
Red,芝山,2017-04-27,46487.0
Red,明德,2017-04-27,26225.0
Red,石牌,2017-04-27,64554.0
Red,唭哩岸,2017-04-27,16087.0
Red,奇岩,2017-04-27,18929.0
Red,北投,2017-04-27,35752.0
Red,新北投,2017-04-27,12072.0
Red,復興崗,2017-04-27,7208.0
Red,忠義,2017-04-27,6007.0
Red,關渡,2017-04-27,27283.0
Red,竹圍,2017-04-27,19304.0
Red,紅樹林,2017-04-27,14015.0
Red,淡水,2017-04-27,67810.0
Red,象山,2017-04-27,21157.0
Red,台北101/世貿,2017-04-27,60190.0
Red,信義安和,2017-04-27,36846.0
Red,大安森林公園,2017-04-27,14801.0
Red,東門,2017-04-27,26298.0
Red,大安,2017-04-27,27739.0
Red,中正紀念堂,2017-04-28,39478.0
Red,台大醫院,2017-04-28,53420.0
Red,台北車站,2017-04-28,185978.0
Red,中山,2017-04-28,47614.0
Red,雙連,2017-04-28,50149.0
Red,民權西路,2017-04-28,32465.5
Red,圓山,2017-04-28,62675.0
Red,劍潭,2017-04-28,81986.0
Red,士林,2017-04-28,66527.0
Red,芝山,2017-04-28,51290.0
Red,明德,2017-04-28,27851.0
Red,石牌,2017-04-28,67715.0
Red,唭哩岸,2017-04-28,16448.0
Red,奇岩,2017-04-28,19629.0
Red,北投,2017-04-28,40789.0
Red,新北投,2017-04-28,14063.0
Red,復興崗,2017-04-28,7585.0
Red,忠義,2017-04-28,6363.0
Red,關渡,2017-04-28,28432.0
Red,竹圍,2017-04-28,21124.0
Red,紅樹林,2017-04-28,15132.0
Red,淡水,2017-04-28,85776.0
Red,象山,2017-04-28,25011.0
Red,台北101/世貿,2017-04-28,66276.0
Red,信義安和,2017-04-28,38619.0
Red,大安森林公園,2017-04-28,18615.0
Red,東門,2017-04-28,29481.5
Red,大安,2017-04-28,29259.0
Red,中正紀念堂,2017-04-29,32150.0
Red,台大醫院,2017-04-29,29600.0
Red,台北車站,2017-04-29,184711.5
Red,中山,2017-04-29,49403.0
Red,雙連,2017-04-29,42671.0
Red,民權西路,2017-04-29,25142.0
Red,圓山,2017-04-29,63452.0
Red,劍潭,2017-04-29,88364.0
Red,士林,2017-04-29,63546.0
Red,芝山,2017-04-29,42840.0
Red,明德,2017-04-29,20015.0
Red,石牌,2017-04-29,53676.0
Red,唭哩岸,2017-04-29,13019.0
Red,奇岩,2017-04-29,14407.0
Red,北投,2017-04-29,33253.0
Red,新北投,2017-04-29,17997.0
Red,復興崗,2017-04-29,6478.0
Red,忠義,2017-04-29,4100.0
Red,關渡,2017-04-29,19847.0
Red,竹圍,2017-04-29,18503.0
Red,紅樹林,2017-04-29,13087.0
Red,淡水,2017-04-29,102387.0
Red,象山,2017-04-29,21455.0
Red,台北101/世貿,2017-04-29,61802.0
Red,信義安和,2017-04-29,28275.0
Red,大安森林公園,2017-04-29,25890.0
Red,東門,2017-04-29,29044.5
Red,大安,2017-04-29,18905.0
Red,中正紀念堂,2017-04-30,29871.0
Red,台大醫院,2017-04-30,22610.0
Red,台北車站,2017-04-30,184817.0
Red,中山,2017-04-30,44285.0
Red,雙連,2017-04-30,33650.0
Red,民權西路,2017-04-30,23967.0
Red,圓山,2017-04-30,55786.0
Red,劍潭,2017-04-30,80606.0
Red,士林,2017-04-30,56076.0
Red,芝山,2017-04-30,38567.0
Red,明德,2017-04-30,15951.0
Red,石牌,2017-04-30,45723.0
Red,唭哩岸,2017-04-30,10995.0
Red,奇岩,2017-04-30,11915.0
Red,北投,2017-04-30,31398.0
Red,新北投,2017-04-30,17409.0
Red,復興崗,2017-04-30,5974.0
Red,忠義,2017-04-30,3310.0
Red,關渡,2017-04-30,17785.0
Red,竹圍,2017-04-30,16066.0
Red,紅樹林,2017-04-30,11796.0
Red,淡水,2017-04-30,113001.0
Red,象山,2017-04-30,20620.0
Red,台北101/世貿,2017-04-30,54706.0
Red,信義安和,2017-04-30,22683.0
Red,大安森林公園,2017-04-30,25550.0
Red,東門,2017-04-30,27492.5
Red,大安,2017-04-30,15697.5
Red,中正紀念堂,2017-05-01,30623.0
Red,台大醫院,2017-05-01,43505.0
Red,台北車站,2017-05-01,155564.5
Red,中山,2017-05-01,39881.0
Red,雙連,2017-05-01,39908.0
Red,民權西路,2017-05-01,23979.0
Red,圓山,2017-05-01,44403.0
Red,劍潭,2017-05-01,72499.0
Red,士林,2017-05-01,60379.0
Red,芝山,2017-05-01,38655.0
Red,明德,2017-05-01,22522.0
Red,石牌,2017-05-01,55493.0
Red,唭哩岸,2017-05-01,11654.0
Red,奇岩,2017-05-01,12200.0
Red,北投,2017-05-01,33424.0
Red,新北投,2017-05-01,14406.0
Red,復興崗,2017-05-01,5567.0
Red,忠義,2017-05-01,4817.0
Red,關渡,2017-05-01,21987.0
Red,竹圍,2017-05-01,17821.0
Red,紅樹林,2017-05-01,11305.0
Red,淡水,2017-05-01,93969.0
Red,象山,2017-05-01,19257.0
Red,台北101/世貿,2017-05-01,45410.0
Red,信義安和,2017-05-01,23881.0
Red,大安森林公園,2017-05-01,17084.0
Red,東門,2017-05-01,26590.5
Red,大安,2017-05-01,21195.0
Red,中正紀念堂,2017-05-02,35871.5
Red,台大醫院,2017-05-02,52347.0
Red,台北車站,2017-05-02,139529.0
Red,中山,2017-05-02,41697.5
Red,雙連,2017-05-02,46564.0
Red,民權西路,2017-05-02,29816.0
Red,圓山,2017-05-02,51367.0
Red,劍潭,2017-05-02,71408.0
Red,士林,2017-05-02,59696.0
Red,芝山,2017-05-02,46227.0
Red,明德,2017-05-02,26837.0
Red,石牌,2017-05-02,62123.0
Red,唭哩岸,2017-05-02,15484.0
Red,奇岩,2017-05-02,18827.0
Red,北投,2017-05-02,36815.0
Red,新北投,2017-05-02,12641.0
Red,復興崗,2017-05-02,6864.0
Red,忠義,2017-05-02,5883.0
Red,關渡,2017-05-02,26618.0
Red,竹圍,2017-05-02,19742.0
Red,紅樹林,2017-05-02,13942.0
Red,淡水,2017-05-02,73791.0
Red,象山,2017-05-02,22350.0
Red,台北101/世貿,2017-05-02,56757.0
Red,信義安和,2017-05-02,34736.0
Red,大安森林公園,2017-05-02,15552.0
Red,東門,2017-05-02,28408.0
Red,大安,2017-05-02,27387.0
Red,中正紀念堂,2017-05-03,36476.5
Red,台大醫院,2017-05-03,53268.0
Red,台北車站,2017-05-03,142131.5
Red,中山,2017-05-03,43243.5
Red,雙連,2017-05-03,49842.0
Red,民權西路,2017-05-03,30177.5
Red,圓山,2017-05-03,52682.0
Red,劍潭,2017-05-03,74956.0
Red,士林,2017-05-03,60434.0
Red,芝山,2017-05-03,50576.0
Red,明德,2017-05-03,27379.0
Red,石牌,2017-05-03,63812.0
Red,唭哩岸,2017-05-03,15480.0
Red,奇岩,2017-05-03,18460.0
Red,北投,2017-05-03,36930.0
Red,新北投,2017-05-03,12089.0
Red,復興崗,2017-05-03,7221.0
Red,忠義,2017-05-03,6148.0
Red,關渡,2017-05-03,27211.0
Red,竹圍,2017-05-03,19599.0
Red,紅樹林,2017-05-03,14373.0
Red,淡水,2017-05-03,74809.0
Red,象山,2017-05-03,23106.0
Red,台北101/世貿,2017-05-03,57922.0
Red,信義安和,2017-05-03,35725.0
Red,大安森林公園,2017-05-03,16516.0
Red,東門,2017-05-03,29594.5
Red,大安,2017-05-03,27497.5
Red,中正紀念堂,2017-05-04,37821.0
Red,台大醫院,2017-05-04,52165.0
Red,台北車站,2017-05-04,146084.5
Red,中山,2017-05-04,45297.0
Red,雙連,2017-05-04,48275.0
Red,民權西路,2017-05-04,30282.0
Red,圓山,2017-05-04,52970.0
Red,劍潭,2017-05-04,75422.0
Red,士林,2017-05-04,61101.0
Red,芝山,2017-05-04,47155.0
Red,明德,2017-05-04,27126.0
Red,石牌,2017-05-04,63003.0
Red,唭哩岸,2017-05-04,15251.0
Red,奇岩,2017-05-04,18975.0
Red,北投,2017-05-04,37314.0
Red,新北投,2017-05-04,12707.0
Red,復興崗,2017-05-04,7075.0
Red,忠義,2017-05-04,5955.0
Red,關渡,2017-05-04,27067.0
Red,竹圍,2017-05-04,19624.0
Red,紅樹林,2017-05-04,14219.0
Red,淡水,2017-05-04,76209.0
Red,象山,2017-05-04,23458.0
Red,台北101/世貿,2017-05-04,59821.0
Red,信義安和,2017-05-04,35728.0
Red,大安森林公園,2017-05-04,15986.0
Red,東門,2017-05-04,30625.5
Red,大安,2017-05-04,28106.0
Red,中正紀念堂,2017-05-05,41127.5
Red,台大醫院,2017-05-05,53633.0
Red,台北車站,2017-05-05,183267.5
Red,中山,2017-05-05,52061.0
Red,雙連,2017-05-05,52989.0
Red,民權西路,2017-05-05,32890.0
Red,圓山,2017-05-05,55803.0
Red,劍潭,2017-05-05,81772.0
Red,士林,2017-05-05,67086.0
Red,芝山,2017-05-05,50638.0
Red,明德,2017-05-05,27795.0
Red,石牌,2017-05-05,66876.0
Red,唭哩岸,2017-05-05,16090.0
Red,奇岩,2017-05-05,20291.0
Red,北投,2017-05-05,40025.0
Red,新北投,2017-05-05,13670.0
Red,復興崗,2017-05-05,7344.0
Red,忠義,2017-05-05,6208.0
Red,關渡,2017-05-05,29191.0
Red,竹圍,2017-05-05,20718.0
Red,紅樹林,2017-05-05,15049.0
Red,淡水,2017-05-05,84612.0
Red,象山,2017-05-05,24430.0
Red,台北101/世貿,2017-05-05,82715.0
Red,信義安和,2017-05-05,38851.0
Red,大安森林公園,2017-05-05,16860.0
Red,東門,2017-05-05,33415.5
Red,大安,2017-05-05,29168.5
Red,中正紀念堂,2017-05-06,34099.5
Red,台大醫院,2017-05-06,27446.0
Red,台北車站,2017-05-06,178347.5
Red,中山,2017-05-06,50655.0
Red,雙連,2017-05-06,41903.0
Red,民權西路,2017-05-06,26759.0
Red,圓山,2017-05-06,56555.0
Red,劍潭,2017-05-06,79536.0
Red,士林,2017-05-06,60434.0
Red,芝山,2017-05-06,43811.0
Red,明德,2017-05-06,20341.0
Red,石牌,2017-05-06,53709.0
Red,唭哩岸,2017-05-06,12908.0
Red,奇岩,2017-05-06,14039.0
Red,北投,2017-05-06,32494.0
Red,新北投,2017-05-06,14956.0
Red,復興崗,2017-05-06,6922.0
Red,忠義,2017-05-06,4443.0
Red,關渡,2017-05-06,19251.0
Red,竹圍,2017-05-06,18126.0
Red,紅樹林,2017-05-06,12715.0
Red,淡水,2017-05-06,86538.0
Red,象山,2017-05-06,19126.0
Red,台北101/世貿,2017-05-06,84108.0
Red,信義安和,2017-05-06,28444.0
Red,大安森林公園,2017-05-06,22397.0
Red,東門,2017-05-06,29848.5
Red,大安,2017-05-06,21343.5
Red,中正紀念堂,2017-05-07,33974.5
Red,台大醫院,2017-05-07,22290.0
Red,台北車站,2017-05-07,177974.0
Red,中山,2017-05-07,39571.0
Red,雙連,2017-05-07,31277.0
Red,民權西路,2017-05-07,24997.5
Red,圓山,2017-05-07,57165.0
Red,劍潭,2017-05-07,69632.0
Red,士林,2017-05-07,53065.0
Red,芝山,2017-05-07,45460.0
Red,明德,2017-05-07,16082.0
Red,石牌,2017-05-07,44033.0
Red,唭哩岸,2017-05-07,11266.0
Red,奇岩,2017-05-07,12022.0
Red,北投,2017-05-07,29561.0
Red,新北投,2017-05-07,13110.0
Red,復興崗,2017-05-07,5489.0
Red,忠義,2017-05-07,3096.0
Red,關渡,2017-05-07,16236.0
Red,竹圍,2017-05-07,15801.0
Red,紅樹林,2017-05-07,10401.0
Red,淡水,2017-05-07,85640.0
Red,象山,2017-05-07,17937.0
Red,台北101/世貿,2017-05-07,79379.0
Red,信義安和,2017-05-07,22199.0
Red,大安森林公園,2017-05-07,22413.0
Red,東門,2017-05-07,24683.5
Red,大安,2017-05-07,16640.5
Red,中正紀念堂,2017-05-08,32536.5
Red,台大醫院,2017-05-08,51016.0
Red,台北車站,2017-05-08,144735.0
Red,中山,2017-05-08,37660.0
Red,雙連,2017-05-08,45310.0
Red,民權西路,2017-05-08,28803.0
Red,圓山,2017-05-08,49467.0
Red,劍潭,2017-05-08,67118.0
Red,士林,2017-05-08,56239.0
Red,芝山,2017-05-08,46269.0
Red,明德,2017-05-08,26435.0
Red,石牌,2017-05-08,62419.0
Red,唭哩岸,2017-05-08,15214.0
Red,奇岩,2017-05-08,18059.0
Red,北投,2017-05-08,36038.0
Red,新北投,2017-05-08,10468.0
Red,復興崗,2017-05-08,6753.0
Red,忠義,2017-05-08,5935.0
Red,關渡,2017-05-08,26275.0
Red,竹圍,2017-05-08,19337.0
Red,紅樹林,2017-05-08,13898.0
Red,淡水,2017-05-08,73497.0
Red,象山,2017-05-08,22106.0
Red,台北101/世貿,2017-05-08,71001.0
Red,信義安和,2017-05-08,33813.0
Red,大安森林公園,2017-05-08,14756.0
Red,東門,2017-05-08,24552.5
Red,大安,2017-05-08,26042.0
Red,中正紀念堂,2017-05-09,34324.5
Red,台大醫院,2017-05-09,51785.0
Red,台北車站,2017-05-09,134679.0
Red,中山,2017-05-09,39612.5
Red,雙連,2017-05-09,45670.0
Red,民權西路,2017-05-09,29000.0
Red,圓山,2017-05-09,51356.0
Red,劍潭,2017-05-09,67063.0
Red,士林,2017-05-09,57401.0
Red,芝山,2017-05-09,48260.0
Red,明德,2017-05-09,27104.0
Red,石牌,2017-05-09,62828.0
Red,唭哩岸,2017-05-09,15217.0
Red,奇岩,2017-05-09,18571.0
Red,北投,2017-05-09,36823.0
Red,新北投,2017-05-09,11250.0
Red,復興崗,2017-05-09,7223.0
Red,忠義,2017-05-09,6197.0
Red,關渡,2017-05-09,26990.0
Red,竹圍,2017-05-09,20168.0
Red,紅樹林,2017-05-09,14341.0
Red,淡水,2017-05-09,70877.0
Red,象山,2017-05-09,22488.0
Red,台北101/世貿,2017-05-09,51665.0
Red,信義安和,2017-05-09,34958.0
Red,大安森林公園,2017-05-09,14959.0
Red,東門,2017-05-09,25122.5
Red,大安,2017-05-09,27298.5
Red,中正紀念堂,2017-05-10,35154.0
Red,台大醫院,2017-05-10,52525.0
Red,台北車站,2017-05-10,139611.5
Red,中山,2017-05-10,41056.0
Red,雙連,2017-05-10,46255.0
Red,民權西路,2017-05-10,29303.0
Red,圓山,2017-05-10,52317.0
Red,劍潭,2017-05-10,69527.0
Red,士林,2017-05-10,58464.0
Red,芝山,2017-05-10,47974.0
Red,明德,2017-05-10,26823.0
Red,石牌,2017-05-10,64214.0
Red,唭哩岸,2017-05-10,15460.0
Red,奇岩,2017-05-10,18784.0
Red,北投,2017-05-10,37570.0
Red,新北投,2017-05-10,10876.0
Red,復興崗,2017-05-10,7061.0
Red,忠義,2017-05-10,6140.0
Red,關渡,2017-05-10,27638.0
Red,竹圍,2017-05-10,19786.0
Red,紅樹林,2017-05-10,14359.0
Red,淡水,2017-05-10,73010.0
Red,象山,2017-05-10,22857.0
Red,台北101/世貿,2017-05-10,53219.0
Red,信義安和,2017-05-10,35132.0
Red,大安森林公園,2017-05-10,15524.0
Red,東門,2017-05-10,24834.5
Red,大安,2017-05-10,27503.0
Red,中正紀念堂,2017-05-11,36113.0
Red,台大醫院,2017-05-11,50802.0
Red,台北車站,2017-05-11,143909.0
Red,中山,2017-05-11,42126.0
Red,雙連,2017-05-11,45673.0
Red,民權西路,2017-05-11,29680.0
Red,圓山,2017-05-11,51237.0
Red,劍潭,2017-05-11,70124.0
Red,士林,2017-05-11,58105.0
Red,芝山,2017-05-11,47691.0
Red,明德,2017-05-11,26716.0
Red,石牌,2017-05-11,63268.0
Red,唭哩岸,2017-05-11,15272.0
Red,奇岩,2017-05-11,18617.0
Red,北投,2017-05-11,36718.0
Red,新北投,2017-05-11,10899.0
Red,復興崗,2017-05-11,7147.0
Red,忠義,2017-05-11,5945.0
Red,關渡,2017-05-11,26942.0
Red,竹圍,2017-05-11,19790.0
Red,紅樹林,2017-05-11,14121.0
Red,淡水,2017-05-11,72889.0
Red,象山,2017-05-11,23135.0
Red,台北101/世貿,2017-05-11,58188.0
Red,信義安和,2017-05-11,35398.0
Red,大安森林公園,2017-05-11,15504.0
Red,東門,2017-05-11,25413.0
Red,大安,2017-05-11,27707.5
Red,中正紀念堂,2017-05-12,38465.5
Red,台大醫院,2017-05-12,52797.0
Red,台北車站,2017-05-12,187578.5
Red,中山,2017-05-12,47259.0
Red,雙連,2017-05-12,49121.0
Red,民權西路,2017-05-12,31968.5
Red,圓山,2017-05-12,55031.0
Red,劍潭,2017-05-12,78252.0
Red,士林,2017-05-12,64542.0
Red,芝山,2017-05-12,51882.0
Red,明德,2017-05-12,27674.0
Red,石牌,2017-05-12,66261.0
Red,唭哩岸,2017-05-12,16368.0
Red,奇岩,2017-05-12,19157.0
Red,北投,2017-05-12,39676.0
Red,新北投,2017-05-12,12119.0
Red,復興崗,2017-05-12,7358.0
Red,忠義,2017-05-12,6214.0
Red,關渡,2017-05-12,29005.0
Red,竹圍,2017-05-12,21253.0
Red,紅樹林,2017-05-12,14804.0
Red,淡水,2017-05-12,82671.0
Red,象山,2017-05-12,23342.0
Red,台北101/世貿,2017-05-12,64993.0
Red,信義安和,2017-05-12,38016.0
Red,大安森林公園,2017-05-12,17202.0
Red,東門,2017-05-12,28494.5
Red,大安,2017-05-12,29528.0
Red,中正紀念堂,2017-05-13,28867.0
Red,台大醫院,2017-05-13,25855.0
Red,台北車站,2017-05-13,175623.0
Red,中山,2017-05-13,47175.5
Red,雙連,2017-05-13,39655.0
Red,民權西路,2017-05-13,23422.0
Red,圓山,2017-05-13,69825.0
Red,劍潭,2017-05-13,71146.0
Red,士林,2017-05-13,59721.0
Red,芝山,2017-05-13,43123.0
Red,明德,2017-05-13,19832.0
Red,石牌,2017-05-13,50111.0
Red,唭哩岸,2017-05-13,13171.0
Red,奇岩,2017-05-13,13325.0
Red,北投,2017-05-13,32279.0
Red,新北投,2017-05-13,14000.0
Red,復興崗,2017-05-13,6235.0
Red,忠義,2017-05-13,3926.0
Red,關渡,2017-05-13,18128.0
Red,竹圍,2017-05-13,17458.0
Red,紅樹林,2017-05-13,11828.0
Red,淡水,2017-05-13,75920.0
Red,象山,2017-05-13,15270.0
Red,台北101/世貿,2017-05-13,54523.0
Red,信義安和,2017-05-13,27352.0
Red,大安森林公園,2017-05-13,19041.0
Red,東門,2017-05-13,25788.0
Red,大安,2017-05-13,18094.0
Red,中正紀念堂,2017-05-14,39831.0
Red,台大醫院,2017-05-14,23265.0
Red,台北車站,2017-05-14,172680.5
Red,中山,2017-05-14,38148.5
Red,雙連,2017-05-14,28237.0
Red,民權西路,2017-05-14,21668.5
Red,圓山,2017-05-14,48432.0
Red,劍潭,2017-05-14,61561.0
Red,士林,2017-05-14,46471.0
Red,芝山,2017-05-14,37225.0
Red,明德,2017-05-14,14806.0
Red,石牌,2017-05-14,40482.0
Red,唭哩岸,2017-05-14,10690.0
Red,奇岩,2017-05-14,10634.0
Red,北投,2017-05-14,27410.0
Red,新北投,2017-05-14,11196.0
Red,復興崗,2017-05-14,5342.0
Red,忠義,2017-05-14,3213.0
Red,關渡,2017-05-14,15356.0
Red,竹圍,2017-05-14,15093.0
Red,紅樹林,2017-05-14,10062.0
Red,淡水,2017-05-14,83762.0
Red,象山,2017-05-14,15125.0
Red,台北101/世貿,2017-05-14,43949.0
Red,信義安和,2017-05-14,20017.0
Red,大安森林公園,2017-05-14,19092.0
Red,東門,2017-05-14,22173.5
Red,大安,2017-05-14,13225.0
Red,中正紀念堂,2017-05-15,31870.0
Red,台大醫院,2017-05-15,51346.0
Red,台北車站,2017-05-15,148294.5
Red,中山,2017-05-15,37229.0
Red,雙連,2017-05-15,45934.0
Red,民權西路,2017-05-15,28298.5
Red,圓山,2017-05-15,48833.0
Red,劍潭,2017-05-15,62952.0
Red,士林,2017-05-15,53559.0
Red,芝山,2017-05-15,44271.0
Red,明德,2017-05-15,25696.0
Red,石牌,2017-05-15,61842.0
Red,唭哩岸,2017-05-15,14976.0
Red,奇岩,2017-05-15,17670.0
Red,北投,2017-05-15,33180.0
Red,新北投,2017-05-15,9506.0
Red,復興崗,2017-05-15,6760.0
Red,忠義,2017-05-15,5888.0
Red,關渡,2017-05-15,25150.0
Red,竹圍,2017-05-15,18899.0
Red,紅樹林,2017-05-15,13637.0
Red,淡水,2017-05-15,70449.0
Red,象山,2017-05-15,20793.0
Red,台北101/世貿,2017-05-15,50562.0
Red,信義安和,2017-05-15,34137.0
Red,大安森林公園,2017-05-15,13908.0
Red,東門,2017-05-15,23863.0
Red,大安,2017-05-15,25958.5
Red,中正紀念堂,2017-05-16,33340.0
Red,台大醫院,2017-05-16,53066.0
Red,台北車站,2017-05-16,136186.0
Red,中山,2017-05-16,39293.0
Red,雙連,2017-05-16,45433.0
Red,民權西路,2017-05-16,28412.0
Red,圓山,2017-05-16,49655.0
Red,劍潭,2017-05-16,63607.0
Red,士林,2017-05-16,55657.0
Red,芝山,2017-05-16,45683.0
Red,明德,2017-05-16,26245.0
Red,石牌,2017-05-16,61889.0
Red,唭哩岸,2017-05-16,15485.0
Red,奇岩,2017-05-16,18589.0
Red,北投,2017-05-16,34407.0
Red,新北投,2017-05-16,10506.0
Red,復興崗,2017-05-16,7434.0
Red,忠義,2017-05-16,6100.0
Red,關渡,2017-05-16,27054.0
Red,竹圍,2017-05-16,19143.0
Red,紅樹林,2017-05-16,13774.0
Red,淡水,2017-05-16,64205.0
Red,象山,2017-05-16,21019.0
Red,台北101/世貿,2017-05-16,52545.0
Red,信義安和,2017-05-16,36397.0
Red,大安森林公園,2017-05-16,14186.0
Red,東門,2017-05-16,25036.5
Red,大安,2017-05-16,27149.0
Red,中正紀念堂,2017-05-17,35653.5
Red,台大醫院,2017-05-17,52946.0
Red,台北車站,2017-05-17,139477.0
Red,中山,2017-05-17,41227.0
Red,雙連,2017-05-17,48382.0
Red,民權西路,2017-05-17,28991.5
Red,圓山,2017-05-17,52107.0
Red,劍潭,2017-05-17,70484.0
Red,士林,2017-05-17,58301.0
Red,芝山,2017-05-17,50437.0
Red,明德,2017-05-17,26525.0
Red,石牌,2017-05-17,64323.0
Red,唭哩岸,2017-05-17,15485.0
Red,奇岩,2017-05-17,18651.0
Red,北投,2017-05-17,37070.0
Red,新北投,2017-05-17,11359.0
Red,復興崗,2017-05-17,7128.0
Red,忠義,2017-05-17,6374.0
Red,關渡,2017-05-17,27959.0
Red,竹圍,2017-05-17,19935.0
Red,紅樹林,2017-05-17,14084.0
Red,淡水,2017-05-17,73514.0
Red,象山,2017-05-17,23173.0
Red,台北101/世貿,2017-05-17,56290.0
Red,信義安和,2017-05-17,35251.0
Red,大安森林公園,2017-05-17,15837.0
Red,東門,2017-05-17,24889.5
Red,大安,2017-05-17,26723.0
Red,中正紀念堂,2017-05-18,36261.5
Red,台大醫院,2017-05-18,52041.0
Red,台北車站,2017-05-18,146760.5
Red,中山,2017-05-18,41228.0
Red,雙連,2017-05-18,47538.0
Red,民權西路,2017-05-18,28948.0
Red,圓山,2017-05-18,52063.0
Red,劍潭,2017-05-18,71524.0
Red,士林,2017-05-18,59530.0
Red,芝山,2017-05-18,47022.0
Red,明德,2017-05-18,26136.0
Red,石牌,2017-05-18,63637.0
Red,唭哩岸,2017-05-18,15171.0
Red,奇岩,2017-05-18,18528.0
Red,北投,2017-05-18,36688.0
Red,新北投,2017-05-18,10767.0
Red,復興崗,2017-05-18,7097.0
Red,忠義,2017-05-18,6022.0
Red,關渡,2017-05-18,27506.0
Red,竹圍,2017-05-18,19454.0
Red,紅樹林,2017-05-18,14342.0
Red,淡水,2017-05-18,73364.0
Red,象山,2017-05-18,23523.0
Red,台北101/世貿,2017-05-18,64980.0
Red,信義安和,2017-05-18,35881.0
Red,大安森林公園,2017-05-18,15951.0
Red,東門,2017-05-18,25676.0
Red,大安,2017-05-18,27026.5
Red,中正紀念堂,2017-05-19,40927.5
Red,台大醫院,2017-05-19,54096.0
Red,台北車站,2017-05-19,193529.0
Red,中山,2017-05-19,48575.5
Red,雙連,2017-05-19,52906.0
Red,民權西路,2017-05-19,32293.0
Red,圓山,2017-05-19,57073.0
Red,劍潭,2017-05-19,79017.0
Red,士林,2017-05-19,65885.0
Red,芝山,2017-05-19,51384.0
Red,明德,2017-05-19,27151.0
Red,石牌,2017-05-19,66733.0
Red,唭哩岸,2017-05-19,16539.0
Red,奇岩,2017-05-19,19528.0
Red,北投,2017-05-19,38614.0
Red,新北投,2017-05-19,12687.0
Red,復興崗,2017-05-19,7346.0
Red,忠義,2017-05-19,6301.0
Red,關渡,2017-05-19,28991.0
Red,竹圍,2017-05-19,21069.0
Red,紅樹林,2017-05-19,15043.0
Red,淡水,2017-05-19,81920.0
Red,象山,2017-05-19,23432.0
Red,台北101/世貿,2017-05-19,100722.0
Red,信義安和,2017-05-19,39960.0
Red,大安森林公園,2017-05-19,17682.0
Red,東門,2017-05-19,30385.5
Red,大安,2017-05-19,29927.0
Red,中正紀念堂,2017-05-20,33174.0
Red,台大醫院,2017-05-20,29481.0
Red,台北車站,2017-05-20,197023.5
Red,中山,2017-05-20,51005.0
Red,雙連,2017-05-20,42136.0
Red,民權西路,2017-05-20,26726.0
Red,圓山,2017-05-20,57645.0
Red,劍潭,2017-05-20,90011.0
Red,士林,2017-05-20,63014.0
Red,芝山,2017-05-20,44735.0
Red,明德,2017-05-20,20802.0
Red,石牌,2017-05-20,55778.0
Red,唭哩岸,2017-05-20,12699.0
Red,奇岩,2017-05-20,14579.0
Red,北投,2017-05-20,33312.0
Red,新北投,2017-05-20,15368.0
Red,復興崗,2017-05-20,6406.0
Red,忠義,2017-05-20,3932.0
Red,關渡,2017-05-20,19823.0
Red,竹圍,2017-05-20,18450.0
Red,紅樹林,2017-05-20,12210.0
Red,淡水,2017-05-20,92232.0
Red,象山,2017-05-20,20356.0
Red,台北101/世貿,2017-05-20,106252.0
Red,信義安和,2017-05-20,29810.0
Red,大安森林公園,2017-05-20,25170.0
Red,東門,2017-05-20,29201.5
Red,大安,2017-05-20,22051.0
Red,中正紀念堂,2017-05-21,32112.5
Red,台大醫院,2017-05-21,24240.0
Red,台北車站,2017-05-21,194269.0
Red,中山,2017-05-21,42102.0
Red,雙連,2017-05-21,31121.0
Red,民權西路,2017-05-21,24689.0
Red,圓山,2017-05-21,51680.0
Red,劍潭,2017-05-21,75613.0
Red,士林,2017-05-21,54384.0
Red,芝山,2017-05-21,44593.0
Red,明德,2017-05-21,16805.0
Red,石牌,2017-05-21,44552.0
Red,唭哩岸,2017-05-21,11161.0
Red,奇岩,2017-05-21,11602.0
Red,北投,2017-05-21,29669.0
Red,新北投,2017-05-21,14086.0
Red,復興崗,2017-05-21,5995.0
Red,忠義,2017-05-21,3288.0
Red,關渡,2017-05-21,17170.0
Red,竹圍,2017-05-21,15922.0
Red,紅樹林,2017-05-21,10640.0
Red,淡水,2017-05-21,90001.0
Red,象山,2017-05-21,16900.0
Red,台北101/世貿,2017-05-21,87310.0
Red,信義安和,2017-05-21,23268.0
Red,大安森林公園,2017-05-21,22536.0
Red,東門,2017-05-21,25867.5
Red,大安,2017-05-21,16565.5
Red,中正紀念堂,2017-05-22,33056.5
Red,台大醫院,2017-05-22,52616.0
Red,台北車站,2017-05-22,148223.0
Red,中山,2017-05-22,38588.5
Red,雙連,2017-05-22,44620.0
Red,民權西路,2017-05-22,28979.0
Red,圓山,2017-05-22,49756.0
Red,劍潭,2017-05-22,67553.0
Red,士林,2017-05-22,55733.0
Red,芝山,2017-05-22,45550.0
Red,明德,2017-05-22,25685.0
Red,石牌,2017-05-22,62428.0
Red,唭哩岸,2017-05-22,14989.0
Red,奇岩,2017-05-22,18127.0
Red,北投,2017-05-22,35302.0
Red,新北投,2017-05-22,10249.0
Red,復興崗,2017-05-22,6937.0
Red,忠義,2017-05-22,5935.0
Red,關渡,2017-05-22,26472.0
Red,竹圍,2017-05-22,19225.0
Red,紅樹林,2017-05-22,14082.0
Red,淡水,2017-05-22,73420.0
Red,象山,2017-05-22,22623.0
Red,台北101/世貿,2017-05-22,77441.0
Red,信義安和,2017-05-22,33879.0
Red,大安森林公園,2017-05-22,15030.0
Red,東門,2017-05-22,24097.5
Red,大安,2017-05-22,25883.5
Red,中正紀念堂,2017-05-23,35054.0
Red,台大醫院,2017-05-23,52785.0
Red,台北車站,2017-05-23,138730.5
Red,中山,2017-05-23,39444.0
Red,雙連,2017-05-23,45777.0
Red,民權西路,2017-05-23,29132.5
Red,圓山,2017-05-23,52163.0
Red,劍潭,2017-05-23,67225.0
Red,士林,2017-05-23,55872.0
Red,芝山,2017-05-23,47144.0
Red,明德,2017-05-23,26308.0
Red,石牌,2017-05-23,63346.0
Red,唭哩岸,2017-05-23,15198.0
Red,奇岩,2017-05-23,18501.0
Red,北投,2017-05-23,35817.0
Red,新北投,2017-05-23,10650.0
Red,復興崗,2017-05-23,7319.0
Red,忠義,2017-05-23,5976.0
Red,關渡,2017-05-23,26870.0
Red,竹圍,2017-05-23,19721.0
Red,紅樹林,2017-05-23,13985.0
Red,淡水,2017-05-23,71072.0
Red,象山,2017-05-23,22356.0
Red,台北101/世貿,2017-05-23,55405.0
Red,信義安和,2017-05-23,34732.0
Red,大安森林公園,2017-05-23,15627.0
Red,東門,2017-05-23,24756.5
Red,大安,2017-05-23,27020.0
Red,中正紀念堂,2017-05-24,36087.0
Red,台大醫院,2017-05-24,53274.0
Red,台北車站,2017-05-24,139683.5
Red,中山,2017-05-24,39171.5
Red,雙連,2017-05-24,45090.0
Red,民權西路,2017-05-24,28807.0
Red,圓山,2017-05-24,50832.0
Red,劍潭,2017-05-24,63134.0
Red,士林,2017-05-24,57374.0
Red,芝山,2017-05-24,46872.0
Red,明德,2017-05-24,26436.0
Red,石牌,2017-05-24,63820.0
Red,唭哩岸,2017-05-24,15502.0
Red,奇岩,2017-05-24,18436.0
Red,北投,2017-05-24,35495.0
Red,新北投,2017-05-24,10382.0
Red,復興崗,2017-05-24,6899.0
Red,忠義,2017-05-24,6229.0
Red,關渡,2017-05-24,27319.0
Red,竹圍,2017-05-24,18932.0
Red,紅樹林,2017-05-24,13802.0
Red,淡水,2017-05-24,69113.0
Red,象山,2017-05-24,21494.0
Red,台北101/世貿,2017-05-24,52677.0
Red,信義安和,2017-05-24,35416.0
Red,大安森林公園,2017-05-24,15496.0
Red,東門,2017-05-24,24576.5
Red,大安,2017-05-24,27173.0
Red,中正紀念堂,2017-05-25,35892.5
Red,台大醫院,2017-05-25,53097.0
Red,台北車站,2017-05-25,146527.0
Red,中山,2017-05-25,39923.0
Red,雙連,2017-05-25,45403.0
Red,民權西路,2017-05-25,29353.0
Red,圓山,2017-05-25,51425.0
Red,劍潭,2017-05-25,69216.0
Red,士林,2017-05-25,57742.0
Red,芝山,2017-05-25,46776.0
Red,明德,2017-05-25,26574.0
Red,石牌,2017-05-25,63536.0
Red,唭哩岸,2017-05-25,15768.0
Red,奇岩,2017-05-25,19092.0
Red,北投,2017-05-25,35501.0
Red,新北投,2017-05-25,10535.0
Red,復興崗,2017-05-25,7164.0
Red,忠義,2017-05-25,5994.0
Red,關渡,2017-05-25,27243.0
Red,竹圍,2017-05-25,19335.0
Red,紅樹林,2017-05-25,14046.0
Red,淡水,2017-05-25,69640.0
Red,象山,2017-05-25,22181.0
Red,台北101/世貿,2017-05-25,53902.0
Red,信義安和,2017-05-25,35619.0
Red,大安森林公園,2017-05-25,14913.0
Red,東門,2017-05-25,25023.0
Red,大安,2017-05-25,27785.0
Red,中正紀念堂,2017-05-26,38318.5
Red,台大醫院,2017-05-26,54873.0
Red,台北車站,2017-05-26,190208.0
Red,中山,2017-05-26,44225.0
Red,雙連,2017-05-26,48577.0
Red,民權西路,2017-05-26,31386.5
Red,圓山,2017-05-26,55416.0
Red,劍潭,2017-05-26,76358.0
Red,士林,2017-05-26,63946.0
Red,芝山,2017-05-26,50300.0
Red,明德,2017-05-26,27261.0
Red,石牌,2017-05-26,65972.0
Red,唭哩岸,2017-05-26,16198.0
Red,奇岩,2017-05-26,19160.0
Red,北投,2017-05-26,39553.0
Red,新北投,2017-05-26,11459.0
Red,復興崗,2017-05-26,7349.0
Red,忠義,2017-05-26,6369.0
Red,關渡,2017-05-26,28002.0
Red,竹圍,2017-05-26,20477.0
Red,紅樹林,2017-05-26,15483.0
Red,淡水,2017-05-26,81285.0
Red,象山,2017-05-26,23317.0
Red,台北101/世貿,2017-05-26,57372.0
Red,信義安和,2017-05-26,37145.0
Red,大安森林公園,2017-05-26,17266.0
Red,東門,2017-05-26,27149.0
Red,大安,2017-05-26,28082.0
Red,中正紀念堂,2017-05-27,28013.5
Red,台大醫院,2017-05-27,23506.0
Red,台北車站,2017-05-27,182720.5
Red,中山,2017-05-27,42828.5
Red,雙連,2017-05-27,36576.0
Red,民權西路,2017-05-27,21813.0
Red,圓山,2017-05-27,56581.0
Red,劍潭,2017-05-27,70649.0
Red,士林,2017-05-27,54356.0
Red,芝山,2017-05-27,37675.0
Red,明德,2017-05-27,18410.0
Red,石牌,2017-05-27,48166.0
Red,唭哩岸,2017-05-27,11810.0
Red,奇岩,2017-05-27,12271.0
Red,北投,2017-05-27,28671.0
Red,新北投,2017-05-27,13409.0
Red,復興崗,2017-05-27,6131.0
Red,忠義,2017-05-27,3605.0
Red,關渡,2017-05-27,16218.0
Red,竹圍,2017-05-27,16047.0
Red,紅樹林,2017-05-27,10711.0
Red,淡水,2017-05-27,72769.0
Red,象山,2017-05-27,14597.0
Red,台北101/世貿,2017-05-27,47656.0
Red,信義安和,2017-05-27,25258.0
Red,大安森林公園,2017-05-27,16294.0
Red,東門,2017-05-27,24650.5
Red,大安,2017-05-27,16068.5
Red,中正紀念堂,2017-05-28,30094.5
Red,台大醫院,2017-05-28,20527.0
Red,台北車站,2017-05-28,174797.5
Red,中山,2017-05-28,40387.5
Red,雙連,2017-05-28,31525.0
Red,民權西路,2017-05-28,22719.5
Red,圓山,2017-05-28,61558.0
Red,劍潭,2017-05-28,80611.0
Red,士林,2017-05-28,54062.0
Red,芝山,2017-05-28,36756.0
Red,明德,2017-05-28,15281.0
Red,石牌,2017-05-28,39956.0
Red,唭哩岸,2017-05-28,10754.0
Red,奇岩,2017-05-28,12225.0
Red,北投,2017-05-28,28909.0
Red,新北投,2017-05-28,16944.0
Red,復興崗,2017-05-28,5688.0
Red,忠義,2017-05-28,3593.0
Red,關渡,2017-05-28,16897.0
Red,竹圍,2017-05-28,15585.0
Red,紅樹林,2017-05-28,11775.0
Red,淡水,2017-05-28,109548.0
Red,象山,2017-05-28,18994.0
Red,台北101/世貿,2017-05-28,52058.0
Red,信義安和,2017-05-28,21328.0
Red,大安森林公園,2017-05-28,21494.0
Red,東門,2017-05-28,24075.0
Red,大安,2017-05-28,13197.0
Red,中正紀念堂,2017-05-29,24580.5
Red,台大醫院,2017-05-29,31602.0
Red,台北車站,2017-05-29,167419.0
Red,中山,2017-05-29,38713.0
Red,雙連,2017-05-29,38047.0
Red,民權西路,2017-05-29,20251.5
Red,圓山,2017-05-29,51764.0
Red,劍潭,2017-05-29,77636.0
Red,士林,2017-05-29,54702.0
Red,芝山,2017-05-29,35790.0
Red,明德,2017-05-29,18048.0
Red,石牌,2017-05-29,44658.0
Red,唭哩岸,2017-05-29,10307.0
Red,奇岩,2017-05-29,12247.0
Red,北投,2017-05-29,27802.0
Red,新北投,2017-05-29,14910.0
Red,復興崗,2017-05-29,5562.0
Red,忠義,2017-05-29,4699.0
Red,關渡,2017-05-29,16761.0
Red,竹圍,2017-05-29,16508.0
Red,紅樹林,2017-05-29,11288.0
Red,淡水,2017-05-29,115217.0
Red,象山,2017-05-29,19680.0
Red,台北101/世貿,2017-05-29,51649.0
Red,信義安和,2017-05-29,22721.0
Red,大安森林公園,2017-05-29,17153.0
Red,東門,2017-05-29,22882.0
Red,大安,2017-05-29,13072.0
Red,中正紀念堂,2017-05-30,19089.5
Red,台大醫院,2017-05-30,15765.0
Red,台北車站,2017-05-30,155468.5
Red,中山,2017-05-30,30298.5
Red,雙連,2017-05-30,23705.0
Red,民權西路,2017-05-30,16115.0
Red,圓山,2017-05-30,39118.0
Red,劍潭,2017-05-30,51116.0
Red,士林,2017-05-30,39051.0
Red,芝山,2017-05-30,30077.0
Red,明德,2017-05-30,12843.0
Red,石牌,2017-05-30,34361.0
Red,唭哩岸,2017-05-30,9072.0
Red,奇岩,2017-05-30,9531.0
Red,北投,2017-05-30,23356.0
Red,新北投,2017-05-30,10039.0
Red,復興崗,2017-05-30,4520.0
Red,忠義,2017-05-30,2908.0
Red,關渡,2017-05-30,13612.0
Red,竹圍,2017-05-30,14595.0
Red,紅樹林,2017-05-30,11886.0
Red,淡水,2017-05-30,79254.0
Red,象山,2017-05-30,12940.0
Red,台北101/世貿,2017-05-30,47748.0
Red,信義安和,2017-05-30,18048.0
Red,大安森林公園,2017-05-30,10615.0
Red,東門,2017-05-30,18031.5
Red,大安,2017-05-30,11660.5
Red,中正紀念堂,2017-05-31,33338.5
Red,台大醫院,2017-05-31,53263.0
Red,台北車站,2017-05-31,152783.5
Red,中山,2017-05-31,38784.5
Red,雙連,2017-05-31,44326.0
Red,民權西路,2017-05-31,28770.0
Red,圓山,2017-05-31,50632.0
Red,劍潭,2017-05-31,65939.0
Red,士林,2017-05-31,57366.0
Red,芝山,2017-05-31,47897.0
Red,明德,2017-05-31,26003.0
Red,石牌,2017-05-31,63979.0
Red,唭哩岸,2017-05-31,15328.0
Red,奇岩,2017-05-31,17977.0
Red,北投,2017-05-31,36817.0
Red,新北投,2017-05-31,10520.0
Red,復興崗,2017-05-31,7095.0
Red,忠義,2017-05-31,6091.0
Red,關渡,2017-05-31,27394.0
Red,竹圍,2017-05-31,20798.0
Red,紅樹林,2017-05-31,18471.0
Red,淡水,2017-05-31,76808.0
Red,象山,2017-05-31,22367.0
Red,台北101/世貿,2017-05-31,63930.0
Red,信義安和,2017-05-31,34398.0
Red,大安森林公園,2017-05-31,15606.0
Red,東門,2017-05-31,23628.0
Red,大安,2017-05-31,26685.5
Red,中正紀念堂,2017-06-01,34195.0
Red,台大醫院,2017-06-01,53022.0
Red,台北車站,2017-06-01,141022.0
Red,中山,2017-06-01,40111.5
Red,雙連,2017-06-01,45729.0
Red,民權西路,2017-06-01,29234.0
Red,圓山,2017-06-01,51563.0
Red,劍潭,2017-06-01,67284.0
Red,士林,2017-06-01,57636.0
Red,芝山,2017-06-01,46712.0
Red,明德,2017-06-01,26145.0
Red,石牌,2017-06-01,63350.0
Red,唭哩岸,2017-06-01,15226.0
Red,奇岩,2017-06-01,17978.0
Red,北投,2017-06-01,36241.0
Red,新北投,2017-06-01,10823.0
Red,復興崗,2017-06-01,7162.0
Red,忠義,2017-06-01,6031.0
Red,關渡,2017-06-01,27000.0
Red,竹圍,2017-06-01,19062.0
Red,紅樹林,2017-06-01,13943.0
Red,淡水,2017-06-01,70405.0
Red,象山,2017-06-01,22552.0
Red,台北101/世貿,2017-06-01,66536.0
Red,信義安和,2017-06-01,35501.0
Red,大安森林公園,2017-06-01,15459.0
Red,東門,2017-06-01,24961.5
Red,大安,2017-06-01,27622.5
Red,中正紀念堂,2017-06-02,32873.0
Red,台大醫院,2017-06-02,50107.0
Red,台北車站,2017-06-02,146425.5
Red,中山,2017-06-02,38752.0
Red,雙連,2017-06-02,44170.0
Red,民權西路,2017-06-02,26971.0
Red,圓山,2017-06-02,46223.0
Red,劍潭,2017-06-02,60954.0
Red,士林,2017-06-02,51748.0
Red,芝山,2017-06-02,44308.0
Red,明德,2017-06-02,25249.0
Red,石牌,2017-06-02,58611.0
Red,唭哩岸,2017-06-02,14786.0
Red,奇岩,2017-06-02,17430.0
Red,北投,2017-06-02,32821.0
Red,新北投,2017-06-02,10457.0
Red,復興崗,2017-06-02,6959.0
Red,忠義,2017-06-02,5807.0
Red,關渡,2017-06-02,24877.0
Red,竹圍,2017-06-02,18358.0
Red,紅樹林,2017-06-02,13773.0
Red,淡水,2017-06-02,58905.0
Red,象山,2017-06-02,19895.0
Red,台北101/世貿,2017-06-02,64794.0
Red,信義安和,2017-06-02,35228.0
Red,大安森林公園,2017-06-02,13980.0
Red,東門,2017-06-02,24816.5
Red,大安,2017-06-02,26427.5
Red,中正紀念堂,2017-06-03,34579.5
Red,台大醫院,2017-06-03,31515.0
Red,台北車站,2017-06-03,150245.0
Red,中山,2017-06-03,42555.5
Red,雙連,2017-06-03,41103.0
Red,民權西路,2017-06-03,25546.0
Red,圓山,2017-06-03,45352.0
Red,劍潭,2017-06-03,56287.0
Red,士林,2017-06-03,54048.0
Red,芝山,2017-06-03,40593.0
Red,明德,2017-06-03,21639.0
Red,石牌,2017-06-03,51988.0
Red,唭哩岸,2017-06-03,12211.0
Red,奇岩,2017-06-03,12710.0
Red,北投,2017-06-03,31250.0
Red,新北投,2017-06-03,10565.0
Red,復興崗,2017-06-03,6400.0
Red,忠義,2017-06-03,3721.0
Red,關渡,2017-06-03,17397.0
Red,竹圍,2017-06-03,16616.0
Red,紅樹林,2017-06-03,11423.0
Red,淡水,2017-06-03,56621.0
Red,象山,2017-06-03,17023.0
Red,台北101/世貿,2017-06-03,61111.0
Red,信義安和,2017-06-03,32170.0
Red,大安森林公園,2017-06-03,14973.0
Red,東門,2017-06-03,26188.0
Red,大安,2017-06-03,24162.5
Red,中正紀念堂,2017-06-04,25955.5
Red,台大醫院,2017-06-04,23508.0
Red,台北車站,2017-06-04,144463.0
Red,中山,2017-06-04,37117.5
Red,雙連,2017-06-04,26965.0
Red,民權西路,2017-06-04,19969.5
Red,圓山,2017-06-04,38562.0
Red,劍潭,2017-06-04,53133.0
Red,士林,2017-06-04,43140.0
Red,芝山,2017-06-04,32944.0
Red,明德,2017-06-04,13993.0
Red,石牌,2017-06-04,42295.0
Red,唭哩岸,2017-06-04,9742.0
Red,奇岩,2017-06-04,9265.0
Red,北投,2017-06-04,24180.0
Red,新北投,2017-06-04,9735.0
Red,復興崗,2017-06-04,4756.0
Red,忠義,2017-06-04,2839.0
Red,關渡,2017-06-04,13592.0
Red,竹圍,2017-06-04,12679.0
Red,紅樹林,2017-06-04,8146.0
Red,淡水,2017-06-04,51417.0
Red,象山,2017-06-04,11017.0
Red,台北101/世貿,2017-06-04,43486.0
Red,信義安和,2017-06-04,20337.0
Red,大安森林公園,2017-06-04,15518.0
Red,東門,2017-06-04,22156.0
Red,大安,2017-06-04,16194.0
Red,中正紀念堂,2017-06-05,31094.5
Red,台大醫院,2017-06-05,53214.0
Red,台北車站,2017-06-05,137869.5
Red,中山,2017-06-05,38162.0
Red,雙連,2017-06-05,45782.0
Red,民權西路,2017-06-05,28050.5
Red,圓山,2017-06-05,49033.0
Red,劍潭,2017-06-05,66853.0
Red,士林,2017-06-05,54839.0
Red,芝山,2017-06-05,45235.0
Red,明德,2017-06-05,25771.0
Red,石牌,2017-06-05,61956.0
Red,唭哩岸,2017-06-05,15225.0
Red,奇岩,2017-06-05,18037.0
Red,北投,2017-06-05,34211.0
Red,新北投,2017-06-05,9955.0
Red,復興崗,2017-06-05,6871.0
Red,忠義,2017-06-05,5989.0
Red,關渡,2017-06-05,26776.0
Red,竹圍,2017-06-05,19129.0
Red,紅樹林,2017-06-05,14058.0
Red,淡水,2017-06-05,71552.0
Red,象山,2017-06-05,21742.0
Red,台北101/世貿,2017-06-05,51820.0
Red,信義安和,2017-06-05,33950.0
Red,大安森林公園,2017-06-05,14431.0
Red,東門,2017-06-05,24190.0
Red,大安,2017-06-05,25091.5
Red,中正紀念堂,2017-06-06,33784.0
Red,台大醫院,2017-06-06,53863.0
Red,台北車站,2017-06-06,138029.0
Red,中山,2017-06-06,39711.0
Red,雙連,2017-06-06,46863.0
Red,民權西路,2017-06-06,28601.0
Red,圓山,2017-06-06,52127.0
Red,劍潭,2017-06-06,68670.0
Red,士林,2017-06-06,56987.0
Red,芝山,2017-06-06,46861.0
Red,明德,2017-06-06,26732.0
Red,石牌,2017-06-06,63521.0
Red,唭哩岸,2017-06-06,15120.0
Red,奇岩,2017-06-06,18396.0
Red,北投,2017-06-06,35606.0
Red,新北投,2017-06-06,10509.0
Red,復興崗,2017-06-06,7021.0
Red,忠義,2017-06-06,6013.0
Red,關渡,2017-06-06,27403.0
Red,竹圍,2017-06-06,19803.0
Red,紅樹林,2017-06-06,14118.0
Red,淡水,2017-06-06,70550.0
Red,象山,2017-06-06,21652.0
Red,台北101/世貿,2017-06-06,52105.0
Red,信義安和,2017-06-06,34724.0
Red,大安森林公園,2017-06-06,15277.0
Red,東門,2017-06-06,25026.5
Red,大安,2017-06-06,26062.5
Red,中正紀念堂,2017-06-07,34157.5
Red,台大醫院,2017-06-07,52153.0
Red,台北車站,2017-06-07,141447.0
Red,中山,2017-06-07,41275.0
Red,雙連,2017-06-07,47180.0
Red,民權西路,2017-06-07,29121.5
Red,圓山,2017-06-07,54194.0
Red,劍潭,2017-06-07,70128.0
Red,士林,2017-06-07,58080.0
Red,芝山,2017-06-07,46675.0
Red,明德,2017-06-07,26563.0
Red,石牌,2017-06-07,63719.0
Red,唭哩岸,2017-06-07,15621.0
Red,奇岩,2017-06-07,18299.0
Red,北投,2017-06-07,35974.0
Red,新北投,2017-06-07,10625.0
Red,復興崗,2017-06-07,7077.0
Red,忠義,2017-06-07,6187.0
Red,關渡,2017-06-07,27170.0
Red,竹圍,2017-06-07,19049.0
Red,紅樹林,2017-06-07,14099.0
Red,淡水,2017-06-07,71139.0
Red,象山,2017-06-07,21954.0
Red,台北101/世貿,2017-06-07,55129.0
Red,信義安和,2017-06-07,35081.0
Red,大安森林公園,2017-06-07,15880.0
Red,東門,2017-06-07,25590.0
Red,大安,2017-06-07,26182.0
Red,中正紀念堂,2017-06-08,34022.5
Red,台大醫院,2017-06-08,50924.0
Red,台北車站,2017-06-08,143409.0
Red,中山,2017-06-08,41868.5
Red,雙連,2017-06-08,46247.0
Red,民權西路,2017-06-08,28984.5
Red,圓山,2017-06-08,50914.0
Red,劍潭,2017-06-08,67791.0
Red,士林,2017-06-08,58563.0
Red,芝山,2017-06-08,47164.0
Red,明德,2017-06-08,25762.0
Red,石牌,2017-06-08,63461.0
Red,唭哩岸,2017-06-08,15432.0
Red,奇岩,2017-06-08,18277.0
Red,北投,2017-06-08,35502.0
Red,新北投,2017-06-08,10514.0
Red,復興崗,2017-06-08,7153.0
Red,忠義,2017-06-08,5918.0
Red,關渡,2017-06-08,27597.0
Red,竹圍,2017-06-08,19084.0
Red,紅樹林,2017-06-08,13959.0
Red,淡水,2017-06-08,72310.0
Red,象山,2017-06-08,23013.0
Red,台北101/世貿,2017-06-08,56869.0
Red,信義安和,2017-06-08,35415.0
Red,大安森林公園,2017-06-08,14972.0
Red,東門,2017-06-08,25481.0
Red,大安,2017-06-08,25519.5
Red,中正紀念堂,2017-06-09,37200.0
Red,台大醫院,2017-06-09,53181.0
Red,台北車站,2017-06-09,176689.5
Red,中山,2017-06-09,47632.0
Red,雙連,2017-06-09,50237.0
Red,民權西路,2017-06-09,31025.5
Red,圓山,2017-06-09,57027.0
Red,劍潭,2017-06-09,77550.0
Red,士林,2017-06-09,63743.0
Red,芝山,2017-06-09,50266.0
Red,明德,2017-06-09,26744.0
Red,石牌,2017-06-09,66188.0
Red,唭哩岸,2017-06-09,16088.0
Red,奇岩,2017-06-09,18955.0
Red,北投,2017-06-09,38413.0
Red,新北投,2017-06-09,12158.0
Red,復興崗,2017-06-09,7214.0
Red,忠義,2017-06-09,6100.0
Red,關渡,2017-06-09,27927.0
Red,竹圍,2017-06-09,20210.0
Red,紅樹林,2017-06-09,14815.0
Red,淡水,2017-06-09,80904.0
Red,象山,2017-06-09,23257.0
Red,台北101/世貿,2017-06-09,66795.0
Red,信義安和,2017-06-09,37624.0
Red,大安森林公園,2017-06-09,17064.0
Red,東門,2017-06-09,28155.0
Red,大安,2017-06-09,27500.5
Red,中正紀念堂,2017-06-10,35265.5
Red,台大醫院,2017-06-10,27707.0
Red,台北車站,2017-06-10,190621.5
Red,中山,2017-06-10,49354.5
Red,雙連,2017-06-10,40264.0
Red,民權西路,2017-06-10,25313.5
Red,圓山,2017-06-10,56831.0
Red,劍潭,2017-06-10,78287.0
Red,士林,2017-06-10,63977.0
Red,芝山,2017-06-10,44975.0
Red,明德,2017-06-10,19873.0
Red,石牌,2017-06-10,58780.0
Red,唭哩岸,2017-06-10,12515.0
Red,奇岩,2017-06-10,12957.0
Red,北投,2017-06-10,32295.0
Red,新北投,2017-06-10,12411.0
Red,復興崗,2017-06-10,6484.0
Red,忠義,2017-06-10,4161.0
Red,關渡,2017-06-10,19098.0
Red,竹圍,2017-06-10,17635.0
Red,紅樹林,2017-06-10,12089.0
Red,淡水,2017-06-10,88598.0
Red,象山,2017-06-10,18219.0
Red,台北101/世貿,2017-06-10,67770.0
Red,信義安和,2017-06-10,27635.0
Red,大安森林公園,2017-06-10,22473.0
Red,東門,2017-06-10,28460.0
Red,大安,2017-06-10,20339.0
Red,中正紀念堂,2017-06-11,26052.5
Red,台大醫院,2017-06-11,21336.0
Red,台北車站,2017-06-11,180922.0
Red,中山,2017-06-11,40416.0
Red,雙連,2017-06-11,28513.0
Red,民權西路,2017-06-11,22996.5
Red,圓山,2017-06-11,48120.0
Red,劍潭,2017-06-11,67296.0
Red,士林,2017-06-11,51214.0
Red,芝山,2017-06-11,35946.0
Red,明德,2017-06-11,15257.0
Red,石牌,2017-06-11,46656.0
Red,唭哩岸,2017-06-11,10428.0
Red,奇岩,2017-06-11,10760.0
Red,北投,2017-06-11,27956.0
Red,新北投,2017-06-11,10770.0
Red,復興崗,2017-06-11,5606.0
Red,忠義,2017-06-11,4131.0
Red,關渡,2017-06-11,15544.0
Red,竹圍,2017-06-11,14764.0
Red,紅樹林,2017-06-11,9938.0
Red,淡水,2017-06-11,72101.0
Red,象山,2017-06-11,14071.0
Red,台北101/世貿,2017-06-11,57549.0
Red,信義安和,2017-06-11,20840.0
Red,大安森林公園,2017-06-11,20231.0
Red,東門,2017-06-11,23462.0
Red,大安,2017-06-11,14334.0
Red,中正紀念堂,2017-06-12,31657.0
Red,台大醫院,2017-06-12,51354.0
Red,台北車站,2017-06-12,146693.0
Red,中山,2017-06-12,38157.5
Red,雙連,2017-06-12,45682.0
Red,民權西路,2017-06-12,27852.5
Red,圓山,2017-06-12,47729.0
Red,劍潭,2017-06-12,62587.0
Red,士林,2017-06-12,54075.0
Red,芝山,2017-06-12,44854.0
Red,明德,2017-06-12,25130.0
Red,石牌,2017-06-12,60591.0
Red,唭哩岸,2017-06-12,15021.0
Red,奇岩,2017-06-12,17711.0
Red,北投,2017-06-12,33723.0
Red,新北投,2017-06-12,9228.0
Red,復興崗,2017-06-12,6787.0
Red,忠義,2017-06-12,5944.0
Red,關渡,2017-06-12,25974.0
Red,竹圍,2017-06-12,18827.0
Red,紅樹林,2017-06-12,13451.0
Red,淡水,2017-06-12,67886.0
Red,象山,2017-06-12,20375.0
Red,台北101/世貿,2017-06-12,60467.0
Red,信義安和,2017-06-12,34029.0
Red,大安森林公園,2017-06-12,13856.0
Red,東門,2017-06-12,23834.5
Red,大安,2017-06-12,25529.5
Red,中正紀念堂,2017-06-13,33883.0
Red,台大醫院,2017-06-13,52306.0
Red,台北車站,2017-06-13,140345.0
Red,中山,2017-06-13,40078.5
Red,雙連,2017-06-13,46822.0
Red,民權西路,2017-06-13,28640.0
Red,圓山,2017-06-13,50128.0
Red,劍潭,2017-06-13,64757.0
Red,士林,2017-06-13,54688.0
Red,芝山,2017-06-13,45497.0
Red,明德,2017-06-13,26014.0
Red,石牌,2017-06-13,61537.0
Red,唭哩岸,2017-06-13,14940.0
Red,奇岩,2017-06-13,17771.0
Red,北投,2017-06-13,34556.0
Red,新北投,2017-06-13,9705.0
Red,復興崗,2017-06-13,6916.0
Red,忠義,2017-06-13,5767.0
Red,關渡,2017-06-13,26403.0
Red,竹圍,2017-06-13,19020.0
Red,紅樹林,2017-06-13,13723.0
Red,淡水,2017-06-13,66684.0
Red,象山,2017-06-13,21402.0
Red,台北101/世貿,2017-06-13,52540.0
Red,信義安和,2017-06-13,34766.0
Red,大安森林公園,2017-06-13,14586.0
Red,東門,2017-06-13,24490.5
Red,大安,2017-06-13,25639.0
Red,中正紀念堂,2017-06-14,32451.5
Red,台大醫院,2017-06-14,50678.0
Red,台北車站,2017-06-14,136212.5
Red,中山,2017-06-14,38980.0
Red,雙連,2017-06-14,45316.0
Red,民權西路,2017-06-14,26861.0
Red,圓山,2017-06-14,46099.0
Red,劍潭,2017-06-14,59299.0
Red,士林,2017-06-14,52403.0
Red,芝山,2017-06-14,43604.0
Red,明德,2017-06-14,24831.0
Red,石牌,2017-06-14,59033.0
Red,唭哩岸,2017-06-14,15185.0
Red,奇岩,2017-06-14,17489.0
Red,北投,2017-06-14,31855.0
Red,新北投,2017-06-14,9536.0
Red,復興崗,2017-06-14,6794.0
Red,忠義,2017-06-14,5790.0
Red,關渡,2017-06-14,26228.0
Red,竹圍,2017-06-14,17600.0
Red,紅樹林,2017-06-14,12864.0
Red,淡水,2017-06-14,59705.0
Red,象山,2017-06-14,20225.0
Red,台北101/世貿,2017-06-14,53801.0
Red,信義安和,2017-06-14,35636.0
Red,大安森林公園,2017-06-14,14122.0
Red,東門,2017-06-14,24451.5
Red,大安,2017-06-14,26039.5
Red,中正紀念堂,2017-06-15,36299.5
Red,台大醫院,2017-06-15,58244.0
Red,台北車站,2017-06-15,146683.0
Red,中山,2017-06-15,41849.0
Red,雙連,2017-06-15,47104.0
Red,民權西路,2017-06-15,28516.0
Red,圓山,2017-06-15,48702.0
Red,劍潭,2017-06-15,62550.0
Red,士林,2017-06-15,54121.0
Red,芝山,2017-06-15,45669.0
Red,明德,2017-06-15,25815.0
Red,石牌,2017-06-15,62810.0
Red,唭哩岸,2017-06-15,15738.0
Red,奇岩,2017-06-15,18012.0
Red,北投,2017-06-15,33344.0
Red,新北投,2017-06-15,10585.0
Red,復興崗,2017-06-15,7137.0
Red,忠義,2017-06-15,5944.0
Red,關渡,2017-06-15,27156.0
Red,竹圍,2017-06-15,18517.0
Red,紅樹林,2017-06-15,13270.0
Red,淡水,2017-06-15,63305.0
Red,象山,2017-06-15,21746.0
Red,台北101/世貿,2017-06-15,59309.0
Red,信義安和,2017-06-15,36825.0
Red,大安森林公園,2017-06-15,14621.0
Red,東門,2017-06-15,26921.0
Red,大安,2017-06-15,27002.0
Red,中正紀念堂,2017-06-16,36321.5
Red,台大醫院,2017-06-16,52766.0
Red,台北車站,2017-06-16,172094.5
Red,中山,2017-06-16,46918.5
Red,雙連,2017-06-16,49741.0
Red,民權西路,2017-06-16,29963.0
Red,圓山,2017-06-16,51616.0
Red,劍潭,2017-06-16,68421.0
Red,士林,2017-06-16,58627.0
Red,芝山,2017-06-16,48147.0
Red,明德,2017-06-16,26090.0
Red,石牌,2017-06-16,63334.0
Red,唭哩岸,2017-06-16,16198.0
Red,奇岩,2017-06-16,18657.0
Red,北投,2017-06-16,35790.0
Red,新北投,2017-06-16,11310.0
Red,復興崗,2017-06-16,7407.0
Red,忠義,2017-06-16,5969.0
Red,關渡,2017-06-16,27242.0
Red,竹圍,2017-06-16,19008.0
Red,紅樹林,2017-06-16,14005.0
Red,淡水,2017-06-16,71313.0
Red,象山,2017-06-16,22101.0
Red,台北101/世貿,2017-06-16,66760.0
Red,信義安和,2017-06-16,38526.0
Red,大安森林公園,2017-06-16,15497.0
Red,東門,2017-06-16,27842.5
Red,大安,2017-06-16,27551.0
Red,中正紀念堂,2017-06-17,26938.5
Red,台大醫院,2017-06-17,24369.0
Red,台北車站,2017-06-17,155528.0
Red,中山,2017-06-17,44431.5
Red,雙連,2017-06-17,38043.0
Red,民權西路,2017-06-17,20849.5
Red,圓山,2017-06-17,42257.0
Red,劍潭,2017-06-17,54938.0
Red,士林,2017-06-17,49806.0
Red,芝山,2017-06-17,36998.0
Red,明德,2017-06-17,17952.0
Red,石牌,2017-06-17,45442.0
Red,唭哩岸,2017-06-17,11262.0
Red,奇岩,2017-06-17,11097.0
Red,北投,2017-06-17,25836.0
Red,新北投,2017-06-17,11924.0
Red,復興崗,2017-06-17,5800.0
Red,忠義,2017-06-17,3422.0
Red,關渡,2017-06-17,16208.0
Red,竹圍,2017-06-17,15017.0
Red,紅樹林,2017-06-17,9582.0
Red,淡水,2017-06-17,55710.0
Red,象山,2017-06-17,12995.0
Red,台北101/世貿,2017-06-17,53773.0
Red,信義安和,2017-06-17,26167.0
Red,大安森林公園,2017-06-17,15239.0
Red,東門,2017-06-17,25841.5
Red,大安,2017-06-17,18795.5
Red,中正紀念堂,2017-06-18,24027.5
Red,台大醫院,2017-06-18,21248.0
Red,台北車站,2017-06-18,150600.5
Red,中山,2017-06-18,38381.5
Red,雙連,2017-06-18,27567.0
Red,民權西路,2017-06-18,20226.5
Red,圓山,2017-06-18,36880.0
Red,劍潭,2017-06-18,49205.0
Red,士林,2017-06-18,39996.0
Red,芝山,2017-06-18,37931.0
Red,明德,2017-06-18,13711.0
Red,石牌,2017-06-18,37564.0
Red,唭哩岸,2017-06-18,9572.0
Red,奇岩,2017-06-18,9041.0
Red,北投,2017-06-18,22923.0
Red,新北投,2017-06-18,10175.0
Red,復興崗,2017-06-18,4741.0
Red,忠義,2017-06-18,2784.0
Red,關渡,2017-06-18,14186.0
Red,竹圍,2017-06-18,12450.0
Red,紅樹林,2017-06-18,8330.0
Red,淡水,2017-06-18,57007.0
Red,象山,2017-06-18,11592.0
Red,台北101/世貿,2017-06-18,47545.0
Red,信義安和,2017-06-18,20103.0
Red,大安森林公園,2017-06-18,14359.0
Red,東門,2017-06-18,22106.5
Red,大安,2017-06-18,14350.5
Red,中正紀念堂,2017-06-19,32056.5
Red,台大醫院,2017-06-19,51117.0
Red,台北車站,2017-06-19,141742.5
Red,中山,2017-06-19,38359.0
Red,雙連,2017-06-19,46277.0
Red,民權西路,2017-06-19,28487.5
Red,圓山,2017-06-19,49079.0
Red,劍潭,2017-06-19,61541.0
Red,士林,2017-06-19,54348.0
Red,芝山,2017-06-19,44932.0
Red,明德,2017-06-19,25052.0
Red,石牌,2017-06-19,60813.0
Red,唭哩岸,2017-06-19,15057.0
Red,奇岩,2017-06-19,18034.0
Red,北投,2017-06-19,33927.0
Red,新北投,2017-06-19,9913.0
Red,復興崗,2017-06-19,6981.0
Red,忠義,2017-06-19,5836.0
Red,關渡,2017-06-19,25784.0
Red,竹圍,2017-06-19,19066.0
Red,紅樹林,2017-06-19,13644.0
Red,淡水,2017-06-19,66593.0
Red,象山,2017-06-19,21676.0
Red,台北101/世貿,2017-06-19,53134.0
Red,信義安和,2017-06-19,34186.0
Red,大安森林公園,2017-06-19,14572.0
Red,東門,2017-06-19,24274.5
Red,大安,2017-06-19,25040.0
Red,中正紀念堂,2017-06-20,32905.5
Red,台大醫院,2017-06-20,51672.0
Red,台北車站,2017-06-20,139563.5
Red,中山,2017-06-20,40365.0
Red,雙連,2017-06-20,46529.0
Red,民權西路,2017-06-20,28351.0
Red,圓山,2017-06-20,51426.0
Red,劍潭,2017-06-20,63660.0
Red,士林,2017-06-20,55969.0
Red,芝山,2017-06-20,46363.0
Red,明德,2017-06-20,25528.0
Red,石牌,2017-06-20,61677.0
Red,唭哩岸,2017-06-20,15247.0
Red,奇岩,2017-06-20,17876.0
Red,北投,2017-06-20,35377.0
Red,新北投,2017-06-20,11155.0
Red,復興崗,2017-06-20,7161.0
Red,忠義,2017-06-20,5779.0
Red,關渡,2017-06-20,26166.0
Red,竹圍,2017-06-20,19331.0
Red,紅樹林,2017-06-20,13944.0
Red,淡水,2017-06-20,68539.0
Red,象山,2017-06-20,22377.0
Red,台北101/世貿,2017-06-20,53936.0
Red,信義安和,2017-06-20,34623.0
Red,大安森林公園,2017-06-20,14905.0
Red,東門,2017-06-20,25181.5
Red,大安,2017-06-20,26021.0
Red,中正紀念堂,2017-06-21,33087.5
Red,台大醫院,2017-06-21,51704.0
Red,台北車站,2017-06-21,144917.0
Red,中山,2017-06-21,41360.5
Red,雙連,2017-06-21,47042.0
Red,民權西路,2017-06-21,28451.5
Red,圓山,2017-06-21,51306.0
Red,劍潭,2017-06-21,64637.0
Red,士林,2017-06-21,56152.0
Red,芝山,2017-06-21,47314.0
Red,明德,2017-06-21,25739.0
Red,石牌,2017-06-21,62371.0
Red,唭哩岸,2017-06-21,15270.0
Red,奇岩,2017-06-21,17882.0
Red,北投,2017-06-21,35207.0
Red,新北投,2017-06-21,10387.0
Red,復興崗,2017-06-21,7069.0
Red,忠義,2017-06-21,6179.0
Red,關渡,2017-06-21,25733.0
Red,竹圍,2017-06-21,19116.0
Red,紅樹林,2017-06-21,13913.0
Red,淡水,2017-06-21,68458.0
Red,象山,2017-06-21,22322.0
Red,台北101/世貿,2017-06-21,65290.0
Red,信義安和,2017-06-21,35182.0
Red,大安森林公園,2017-06-21,15300.0
Red,東門,2017-06-21,25234.0
Red,大安,2017-06-21,26125.0
Red,中正紀念堂,2017-06-22,34277.0
Red,台大醫院,2017-06-22,51727.0
Red,台北車站,2017-06-22,149819.5
Red,中山,2017-06-22,42286.5
Red,雙連,2017-06-22,47075.0
Red,民權西路,2017-06-22,28993.5
Red,圓山,2017-06-22,51540.0
Red,劍潭,2017-06-22,65311.0
Red,士林,2017-06-22,56948.0
Red,芝山,2017-06-22,46140.0
Red,明德,2017-06-22,25841.0
Red,石牌,2017-06-22,62216.0
Red,唭哩岸,2017-06-22,15183.0
Red,奇岩,2017-06-22,18328.0
Red,北投,2017-06-22,35576.0
Red,新北投,2017-06-22,10375.0
Red,復興崗,2017-06-22,6833.0
Red,忠義,2017-06-22,5835.0
Red,關渡,2017-06-22,25699.0
Red,竹圍,2017-06-22,19148.0
Red,紅樹林,2017-06-22,14201.0
Red,淡水,2017-06-22,70191.0
Red,象山,2017-06-22,23084.0
Red,台北101/世貿,2017-06-22,65823.0
Red,信義安和,2017-06-22,35390.0
Red,大安森林公園,2017-06-22,15572.0
Red,東門,2017-06-22,26225.0
Red,大安,2017-06-22,26384.5
Red,中正紀念堂,2017-06-23,35667.0
Red,台大醫院,2017-06-23,53166.0
Red,台北車站,2017-06-23,177467.5
Red,中山,2017-06-23,47593.0
Red,雙連,2017-06-23,49780.0
Red,民權西路,2017-06-23,30374.5
Red,圓山,2017-06-23,53432.0
Red,劍潭,2017-06-23,71743.0
Red,士林,2017-06-23,63234.0
Red,芝山,2017-06-23,49806.0
Red,明德,2017-06-23,26205.0
Red,石牌,2017-06-23,63753.0
Red,唭哩岸,2017-06-23,15876.0
Red,奇岩,2017-06-23,18340.0
Red,北投,2017-06-23,38061.0
Red,新北投,2017-06-23,11629.0
Red,復興崗,2017-06-23,7354.0
Red,忠義,2017-06-23,6174.0
Red,關渡,2017-06-23,27839.0
Red,竹圍,2017-06-23,19841.0
Red,紅樹林,2017-06-23,14609.0
Red,淡水,2017-06-23,76184.0
Red,象山,2017-06-23,23519.0
Red,台北101/世貿,2017-06-23,70292.0
Red,信義安和,2017-06-23,38047.0
Red,大安森林公園,2017-06-23,16443.0
Red,東門,2017-06-23,28703.0
Red,大安,2017-06-23,27260.0
Red,中正紀念堂,2017-06-24,29995.5
Red,台大醫院,2017-06-24,27391.0
Red,台北車站,2017-06-24,178486.0
Red,中山,2017-06-24,47538.0
Red,雙連,2017-06-24,41397.0
Red,民權西路,2017-06-24,23419.0
Red,圓山,2017-06-24,51484.0
Red,劍潭,2017-06-24,74790.0
Red,士林,2017-06-24,56695.0
Red,芝山,2017-06-24,40811.0
Red,明德,2017-06-24,19229.0
Red,石牌,2017-06-24,50115.0
Red,唭哩岸,2017-06-24,12245.0
Red,奇岩,2017-06-24,13125.0
Red,北投,2017-06-24,30858.0
Red,新北投,2017-06-24,11831.0
Red,復興崗,2017-06-24,6410.0
Red,忠義,2017-06-24,4251.0
Red,關渡,2017-06-24,18719.0
Red,竹圍,2017-06-24,16834.0
Red,紅樹林,2017-06-24,11150.0
Red,淡水,2017-06-24,83336.0
Red,象山,2017-06-24,18013.0
Red,台北101/世貿,2017-06-24,63094.0
Red,信義安和,2017-06-24,27725.0
Red,大安森林公園,2017-06-24,20062.0
Red,東門,2017-06-24,27783.5
Red,大安,2017-06-24,18896.0
Red,中正紀念堂,2017-06-25,33078.0
Red,台大醫院,2017-06-25,22842.0
Red,台北車站,2017-06-25,196619.0
Red,中山,2017-06-25,39919.0
Red,雙連,2017-06-25,30255.0
Red,民權西路,2017-06-25,21956.5
Red,圓山,2017-06-25,49157.0
Red,劍潭,2017-06-25,63450.0
Red,士林,2017-06-25,48561.0
Red,芝山,2017-06-25,36277.0
Red,明德,2017-06-25,15563.0
Red,石牌,2017-06-25,43634.0
Red,唭哩岸,2017-06-25,10581.0
Red,奇岩,2017-06-25,10470.0
Red,北投,2017-06-25,27685.0
Red,新北投,2017-06-25,11158.0
Red,復興崗,2017-06-25,5179.0
Red,忠義,2017-06-25,3082.0
Red,關渡,2017-06-25,14935.0
Red,竹圍,2017-06-25,14464.0
Red,紅樹林,2017-06-25,10084.0
Red,淡水,2017-06-25,83978.0
Red,象山,2017-06-25,16108.0
Red,台北101/世貿,2017-06-25,49958.0
Red,信義安和,2017-06-25,22204.0
Red,大安森林公園,2017-06-25,21879.0
Red,東門,2017-06-25,24541.0
Red,大安,2017-06-25,14415.5
Red,中正紀念堂,2017-06-26,30571.5
Red,台大醫院,2017-06-26,50286.0
Red,台北車站,2017-06-26,152551.5
Red,中山,2017-06-26,40049.5
Red,雙連,2017-06-26,46659.0
Red,民權西路,2017-06-26,27396.5
Red,圓山,2017-06-26,47472.0
Red,劍潭,2017-06-26,60912.0
Red,士林,2017-06-26,52806.0
Red,芝山,2017-06-26,44504.0
Red,明德,2017-06-26,24416.0
Red,石牌,2017-06-26,58866.0
Red,唭哩岸,2017-06-26,14666.0
Red,奇岩,2017-06-26,17531.0
Red,北投,2017-06-26,34102.0
Red,新北投,2017-06-26,9321.0
Red,復興崗,2017-06-26,6721.0
Red,忠義,2017-06-26,5787.0
Red,關渡,2017-06-26,22179.0
Red,竹圍,2017-06-26,18280.0
Red,紅樹林,2017-06-26,13020.0
Red,淡水,2017-06-26,66845.0
Red,象山,2017-06-26,22090.0
Red,台北101/世貿,2017-06-26,54417.0
Red,信義安和,2017-06-26,33482.0
Red,大安森林公園,2017-06-26,14474.0
Red,東門,2017-06-26,24859.0
Red,大安,2017-06-26,24841.0
Red,中正紀念堂,2017-06-27,32394.5
Red,台大醫院,2017-06-27,51458.0
Red,台北車站,2017-06-27,148575.5
Red,中山,2017-06-27,41172.5
Red,雙連,2017-06-27,46435.0
Red,民權西路,2017-06-27,27892.0
Red,圓山,2017-06-27,50605.0
Red,劍潭,2017-06-27,62998.0
Red,士林,2017-06-27,54394.0
Red,芝山,2017-06-27,45271.0
Red,明德,2017-06-27,25275.0
Red,石牌,2017-06-27,58945.0
Red,唭哩岸,2017-06-27,14708.0
Red,奇岩,2017-06-27,17651.0
Red,北投,2017-06-27,34855.0
Red,新北投,2017-06-27,10612.0
Red,復興崗,2017-06-27,6943.0
Red,忠義,2017-06-27,5709.0
Red,關渡,2017-06-27,22839.0
Red,竹圍,2017-06-27,18599.0
Red,紅樹林,2017-06-27,13412.0
Red,淡水,2017-06-27,67742.0
Red,象山,2017-06-27,22354.0
Red,台北101/世貿,2017-06-27,55930.0
Red,信義安和,2017-06-27,34787.0
Red,大安森林公園,2017-06-27,15839.0
Red,東門,2017-06-27,26452.5
Red,大安,2017-06-27,25482.5
Red,中正紀念堂,2017-06-28,32896.5
Red,台大醫院,2017-06-28,51874.0
Red,台北車站,2017-06-28,149926.5
Red,中山,2017-06-28,42397.0
Red,雙連,2017-06-28,48333.0
Red,民權西路,2017-06-28,28214.5
Red,圓山,2017-06-28,50486.0
Red,劍潭,2017-06-28,61448.0
Red,士林,2017-06-28,54329.0
Red,芝山,2017-06-28,46285.0
Red,明德,2017-06-28,26085.0
Red,石牌,2017-06-28,60927.0
Red,唭哩岸,2017-06-28,15168.0
Red,奇岩,2017-06-28,17894.0
Red,北投,2017-06-28,35290.0
Red,新北投,2017-06-28,9794.0
Red,復興崗,2017-06-28,6821.0
Red,忠義,2017-06-28,5666.0
Red,關渡,2017-06-28,22586.0
Red,竹圍,2017-06-28,18841.0
Red,紅樹林,2017-06-28,13304.0
Red,淡水,2017-06-28,66322.0
Red,象山,2017-06-28,22481.0
Red,台北101/世貿,2017-06-28,55567.0
Red,信義安和,2017-06-28,34713.0
Red,大安森林公園,2017-06-28,15218.0
Red,東門,2017-06-28,26685.5
Red,大安,2017-06-28,25570.0
Red,中正紀念堂,2017-06-29,33663.0
Red,台大醫院,2017-06-29,51128.0
Red,台北車站,2017-06-29,151507.0
Red,中山,2017-06-29,42855.5
Red,雙連,2017-06-29,47065.0
Red,民權西路,2017-06-29,28740.0
Red,圓山,2017-06-29,49884.0
Red,劍潭,2017-06-29,63842.0
Red,士林,2017-06-29,55033.0
Red,芝山,2017-06-29,46057.0
Red,明德,2017-06-29,24472.0
Red,石牌,2017-06-29,60559.0
Red,唭哩岸,2017-06-29,14826.0
Red,奇岩,2017-06-29,17896.0
Red,北投,2017-06-29,35486.0
Red,新北投,2017-06-29,9915.0
Red,復興崗,2017-06-29,7222.0
Red,忠義,2017-06-29,5587.0
Red,關渡,2017-06-29,22825.0
Red,竹圍,2017-06-29,18480.0
Red,紅樹林,2017-06-29,13306.0
Red,淡水,2017-06-29,65974.0
Red,象山,2017-06-29,22432.0
Red,台北101/世貿,2017-06-29,58032.0
Red,信義安和,2017-06-29,35697.0
Red,大安森林公園,2017-06-29,15129.0
Red,東門,2017-06-29,26566.0
Red,大安,2017-06-29,25647.5
Red,中正紀念堂,2017-06-30,38188.5
Red,台大醫院,2017-06-30,52965.0
Red,台北車站,2017-06-30,184028.5
Red,中山,2017-06-30,49205.5
Red,雙連,2017-06-30,52005.0
Red,民權西路,2017-06-30,30485.0
Red,圓山,2017-06-30,54615.0
Red,劍潭,2017-06-30,68089.0
Red,士林,2017-06-30,59845.0
Red,芝山,2017-06-30,49421.0
Red,明德,2017-06-30,26152.0
Red,石牌,2017-06-30,63405.0
Red,唭哩岸,2017-06-30,15814.0
Red,奇岩,2017-06-30,18853.0
Red,北投,2017-06-30,40792.0
Red,新北投,2017-06-30,10885.0
Red,復興崗,2017-06-30,8450.0
Red,忠義,2017-06-30,6121.0
Red,關渡,2017-06-30,24338.0
Red,竹圍,2017-06-30,19569.0
Red,紅樹林,2017-06-30,13787.0
Red,淡水,2017-06-30,72431.0
Red,象山,2017-06-30,23352.0
Red,台北101/世貿,2017-06-30,75185.0
Red,信義安和,2017-06-30,38584.0
Red,大安森林公園,2017-06-30,17717.0
Red,東門,2017-06-30,29842.0
Red,大安,2017-06-30,27660.0
Red,中正紀念堂,2017-07-01,31321.0
Red,台大醫院,2017-07-01,26624.0
Red,台北車站,2017-07-01,173712.0
Red,中山,2017-07-01,45183.5
Red,雙連,2017-07-01,39224.0
Red,民權西路,2017-07-01,22668.0
Red,圓山,2017-07-01,47513.0
Red,劍潭,2017-07-01,62333.0
Red,士林,2017-07-01,54022.0
Red,芝山,2017-07-01,38648.0
Red,明德,2017-07-01,17974.0
Red,石牌,2017-07-01,46873.0
Red,唭哩岸,2017-07-01,11636.0
Red,奇岩,2017-07-01,12335.0
Red,北投,2017-07-01,29072.0
Red,新北投,2017-07-01,12061.0
Red,復興崗,2017-07-01,5840.0
Red,忠義,2017-07-01,3650.0
Red,關渡,2017-07-01,15837.0
Red,竹圍,2017-07-01,16484.0
Red,紅樹林,2017-07-01,10376.0
Red,淡水,2017-07-01,69505.0
Red,象山,2017-07-01,15699.0
Red,台北101/世貿,2017-07-01,86074.0
Red,信義安和,2017-07-01,26861.0
Red,大安森林公園,2017-07-01,17135.0
Red,東門,2017-07-01,27247.0
Red,大安,2017-07-01,18010.0
Red,中正紀念堂,2017-07-02,30157.0
Red,台大醫院,2017-07-02,22027.0
Red,台北車站,2017-07-02,172424.0
Red,中山,2017-07-02,38550.5
Red,雙連,2017-07-02,28807.0
Red,民權西路,2017-07-02,21359.0
Red,圓山,2017-07-02,44734.0
Red,劍潭,2017-07-02,60848.0
Red,士林,2017-07-02,48346.0
Red,芝山,2017-07-02,35260.0
Red,明德,2017-07-02,14962.0
Red,石牌,2017-07-02,40220.0
Red,唭哩岸,2017-07-02,10616.0
Red,奇岩,2017-07-02,10797.0
Red,北投,2017-07-02,26786.0
Red,新北投,2017-07-02,11551.0
Red,復興崗,2017-07-02,5280.0
Red,忠義,2017-07-02,3199.0
Red,關渡,2017-07-02,14962.0
Red,竹圍,2017-07-02,15271.0
Red,紅樹林,2017-07-02,9719.0
Red,淡水,2017-07-02,72907.0
Red,象山,2017-07-02,15719.0
Red,台北101/世貿,2017-07-02,77584.0
Red,信義安和,2017-07-02,21583.0
Red,大安森林公園,2017-07-02,17993.0
Red,東門,2017-07-02,24490.5
Red,大安,2017-07-02,14982.0
Red,中正紀念堂,2017-07-03,32236.5
Red,台大醫院,2017-07-03,50975.0
Red,台北車站,2017-07-03,157018.5
Red,中山,2017-07-03,39598.0
Red,雙連,2017-07-03,46880.0
Red,民權西路,2017-07-03,26915.5
Red,圓山,2017-07-03,46095.0
Red,劍潭,2017-07-03,60114.0
Red,士林,2017-07-03,52863.0
Red,芝山,2017-07-03,44084.0
Red,明德,2017-07-03,23194.0
Red,石牌,2017-07-03,59285.0
Red,唭哩岸,2017-07-03,14210.0
Red,奇岩,2017-07-03,17649.0
Red,北投,2017-07-03,32212.0
Red,新北投,2017-07-03,8918.0
Red,復興崗,2017-07-03,6932.0
Red,忠義,2017-07-03,5632.0
Red,關渡,2017-07-03,22556.0
Red,竹圍,2017-07-03,18084.0
Red,紅樹林,2017-07-03,12816.0
Red,淡水,2017-07-03,64663.0
Red,象山,2017-07-03,21446.0
Red,台北101/世貿,2017-07-03,72086.0
Red,信義安和,2017-07-03,34220.0
Red,大安森林公園,2017-07-03,15309.0
Red,東門,2017-07-03,25032.0
Red,大安,2017-07-03,25254.5
Red,中正紀念堂,2017-07-04,34046.5
Red,台大醫院,2017-07-04,53345.0
Red,台北車站,2017-07-04,151928.5
Red,中山,2017-07-04,41323.0
Red,雙連,2017-07-04,47393.0
Red,民權西路,2017-07-04,27420.5
Red,圓山,2017-07-04,49348.0
Red,劍潭,2017-07-04,60960.0
Red,士林,2017-07-04,53341.0
Red,芝山,2017-07-04,45536.0
Red,明德,2017-07-04,23164.0
Red,石牌,2017-07-04,60075.0
Red,唭哩岸,2017-07-04,14834.0
Red,奇岩,2017-07-04,17696.0
Red,北投,2017-07-04,32387.0
Red,新北投,2017-07-04,9458.0
Red,復興崗,2017-07-04,6994.0
Red,忠義,2017-07-04,5625.0
Red,關渡,2017-07-04,23068.0
Red,竹圍,2017-07-04,18119.0
Red,紅樹林,2017-07-04,13271.0
Red,淡水,2017-07-04,64409.0
Red,象山,2017-07-04,21291.0
Red,台北101/世貿,2017-07-04,58237.0
Red,信義安和,2017-07-04,35473.0
Red,大安森林公園,2017-07-04,15663.0
Red,東門,2017-07-04,25595.5
Red,大安,2017-07-04,24401.0
Red,中正紀念堂,2017-07-05,34407.5
Red,台大醫院,2017-07-05,52827.0
Red,台北車站,2017-07-05,155272.5
Red,中山,2017-07-05,42870.5
Red,雙連,2017-07-05,48115.0
Red,民權西路,2017-07-05,28117.5
Red,圓山,2017-07-05,49742.0
Red,劍潭,2017-07-05,64192.0
Red,士林,2017-07-05,54546.0
Red,芝山,2017-07-05,49096.0
Red,明德,2017-07-05,23953.0
Red,石牌,2017-07-05,62090.0
Red,唭哩岸,2017-07-05,15369.0
Red,奇岩,2017-07-05,17972.0
Red,北投,2017-07-05,33532.0
Red,新北投,2017-07-05,9725.0
Red,復興崗,2017-07-05,7246.0
Red,忠義,2017-07-05,5750.0
Red,關渡,2017-07-05,23751.0
Red,竹圍,2017-07-05,18192.0
Red,紅樹林,2017-07-05,13501.0
Red,淡水,2017-07-05,68485.0
Red,象山,2017-07-05,22082.0
Red,台北101/世貿,2017-07-05,61337.0
Red,信義安和,2017-07-05,35892.0
Red,大安森林公園,2017-07-05,16389.0
Red,東門,2017-07-05,25808.0
Red,大安,2017-07-05,24518.0
Red,中正紀念堂,2017-07-06,35527.5
Red,台大醫院,2017-07-06,51898.0
Red,台北車站,2017-07-06,159397.5
Red,中山,2017-07-06,43690.5
Red,雙連,2017-07-06,47330.0
Red,民權西路,2017-07-06,28242.0
Red,圓山,2017-07-06,49883.0
Red,劍潭,2017-07-06,65813.0
Red,士林,2017-07-06,55765.0
Red,芝山,2017-07-06,46110.0
Red,明德,2017-07-06,23592.0
Red,石牌,2017-07-06,61948.0
Red,唭哩岸,2017-07-06,15210.0
Red,奇岩,2017-07-06,18649.0
Red,北投,2017-07-06,33737.0
Red,新北投,2017-07-06,10020.0
Red,復興崗,2017-07-06,7221.0
Red,忠義,2017-07-06,5943.0
Red,關渡,2017-07-06,23418.0
Red,竹圍,2017-07-06,18229.0
Red,紅樹林,2017-07-06,13236.0
Red,淡水,2017-07-06,67788.0
Red,象山,2017-07-06,22824.0
Red,台北101/世貿,2017-07-06,62888.0
Red,信義安和,2017-07-06,36335.0
Red,大安森林公園,2017-07-06,15719.0
Red,東門,2017-07-06,26485.5
Red,大安,2017-07-06,25152.5
Red,中正紀念堂,2017-07-07,37366.5
Red,台大醫院,2017-07-07,51945.0
Red,台北車站,2017-07-07,183234.0
Red,中山,2017-07-07,47139.5
Red,雙連,2017-07-07,49182.0
Red,民權西路,2017-07-07,29506.5
Red,圓山,2017-07-07,50715.0
Red,劍潭,2017-07-07,62556.0
Red,士林,2017-07-07,58032.0
Red,芝山,2017-07-07,47722.0
Red,明德,2017-07-07,25049.0
Red,石牌,2017-07-07,62105.0
Red,唭哩岸,2017-07-07,15760.0
Red,奇岩,2017-07-07,19735.0
Red,北投,2017-07-07,35367.0
Red,新北投,2017-07-07,11246.0
Red,復興崗,2017-07-07,7342.0
Red,忠義,2017-07-07,5656.0
Red,關渡,2017-07-07,23308.0
Red,竹圍,2017-07-07,18500.0
Red,紅樹林,2017-07-07,13727.0
Red,淡水,2017-07-07,70183.0
Red,象山,2017-07-07,22267.0
Red,台北101/世貿,2017-07-07,71716.0
Red,信義安和,2017-07-07,38288.0
Red,大安森林公園,2017-07-07,16317.0
Red,東門,2017-07-07,29086.5
Red,大安,2017-07-07,27985.5
Red,中正紀念堂,2017-07-08,34733.0
Red,台大醫院,2017-07-08,25924.0
Red,台北車站,2017-07-08,179984.0
Red,中山,2017-07-08,46815.5
Red,雙連,2017-07-08,38582.0
Red,民權西路,2017-07-08,23041.5
Red,圓山,2017-07-08,56776.0
Red,劍潭,2017-07-08,69335.0
Red,士林,2017-07-08,55586.0
Red,芝山,2017-07-08,39918.0
Red,明德,2017-07-08,18441.0
Red,石牌,2017-07-08,47632.0
Red,唭哩岸,2017-07-08,12035.0
Red,奇岩,2017-07-08,13627.0
Red,北投,2017-07-08,29781.0
Red,新北投,2017-07-08,11469.0
Red,復興崗,2017-07-08,6099.0
Red,忠義,2017-07-08,3932.0
Red,關渡,2017-07-08,18549.0
Red,竹圍,2017-07-08,16524.0
Red,紅樹林,2017-07-08,11454.0
Red,淡水,2017-07-08,79129.0
Red,象山,2017-07-08,17811.0
Red,台北101/世貿,2017-07-08,67087.0
Red,信義安和,2017-07-08,26925.0
Red,大安森林公園,2017-07-08,19000.0
Red,東門,2017-07-08,27169.0
Red,大安,2017-07-08,19200.0
Red,中正紀念堂,2017-07-09,30021.5
Red,台大醫院,2017-07-09,23954.0
Red,台北車站,2017-07-09,180595.5
Red,中山,2017-07-09,38431.0
Red,雙連,2017-07-09,29003.0
Red,民權西路,2017-07-09,21489.5
Red,圓山,2017-07-09,42030.0
Red,劍潭,2017-07-09,62648.0
Red,士林,2017-07-09,49806.0
Red,芝山,2017-07-09,40479.0
Red,明德,2017-07-09,14696.0
Red,石牌,2017-07-09,41596.0
Red,唭哩岸,2017-07-09,10495.0
Red,奇岩,2017-07-09,10461.0
Red,北投,2017-07-09,26311.0
Red,新北投,2017-07-09,10818.0
Red,復興崗,2017-07-09,5575.0
Red,忠義,2017-07-09,3190.0
Red,關渡,2017-07-09,15821.0
Red,竹圍,2017-07-09,13929.0
Red,紅樹林,2017-07-09,10052.0
Red,淡水,2017-07-09,74162.0
Red,象山,2017-07-09,16771.0
Red,台北101/世貿,2017-07-09,66193.0
Red,信義安和,2017-07-09,21881.0
Red,大安森林公園,2017-07-09,16258.0
Red,東門,2017-07-09,24471.5
Red,大安,2017-07-09,15482.0
Red,中正紀念堂,2017-07-10,31792.5
Red,台大醫院,2017-07-10,52097.0
Red,台北車站,2017-07-10,161655.5
Red,中山,2017-07-10,40374.5
Red,雙連,2017-07-10,46596.0
Red,民權西路,2017-07-10,27371.0
Red,圓山,2017-07-10,47456.0
Red,劍潭,2017-07-10,61803.0
Red,士林,2017-07-10,51612.0
Red,芝山,2017-07-10,43787.0
Red,明德,2017-07-10,23571.0
Red,石牌,2017-07-10,60242.0
Red,唭哩岸,2017-07-10,14571.0
Red,奇岩,2017-07-10,18101.0
Red,北投,2017-07-10,32145.0
Red,新北投,2017-07-10,8941.0
Red,復興崗,2017-07-10,6980.0
Red,忠義,2017-07-10,5860.0
Red,關渡,2017-07-10,21626.0
Red,竹圍,2017-07-10,18118.0
Red,紅樹林,2017-07-10,12949.0
Red,淡水,2017-07-10,64140.0
Red,象山,2017-07-10,24163.0
Red,台北101/世貿,2017-07-10,64296.0
Red,信義安和,2017-07-10,35063.0
Red,大安森林公園,2017-07-10,15275.0
Red,東門,2017-07-10,25446.5
Red,大安,2017-07-10,25121.0
Red,中正紀念堂,2017-07-11,34103.5
Red,台大醫院,2017-07-11,53458.0
Red,台北車站,2017-07-11,156791.5
Red,中山,2017-07-11,42469.5
Red,雙連,2017-07-11,48256.0
Red,民權西路,2017-07-11,27650.0
Red,圓山,2017-07-11,50058.0
Red,劍潭,2017-07-11,64216.0
Red,士林,2017-07-11,54151.0
Red,芝山,2017-07-11,47205.0
Red,明德,2017-07-11,24626.0
Red,石牌,2017-07-11,60325.0
Red,唭哩岸,2017-07-11,15024.0
Red,奇岩,2017-07-11,18264.0
Red,北投,2017-07-11,33141.0
Red,新北投,2017-07-11,9716.0
Red,復興崗,2017-07-11,7257.0
Red,忠義,2017-07-11,5970.0
Red,關渡,2017-07-11,21973.0
Red,竹圍,2017-07-11,18507.0
Red,紅樹林,2017-07-11,13248.0
Red,淡水,2017-07-11,65722.0
Red,象山,2017-07-11,23169.0
Red,台北101/世貿,2017-07-11,57213.0
Red,信義安和,2017-07-11,36010.0
Red,大安森林公園,2017-07-11,16135.0
Red,東門,2017-07-11,26234.0
Red,大安,2017-07-11,25694.5
Red,中正紀念堂,2017-07-12,33647.0
Red,台大醫院,2017-07-12,52954.0
Red,台北車站,2017-07-12,160601.0
Red,中山,2017-07-12,43534.0
Red,雙連,2017-07-12,48381.0
Red,民權西路,2017-07-12,28195.0
Red,圓山,2017-07-12,50324.0
Red,劍潭,2017-07-12,63909.0
Red,士林,2017-07-12,55613.0
Red,芝山,2017-07-12,46453.0
Red,明德,2017-07-12,24131.0
Red,石牌,2017-07-12,61373.0
Red,唭哩岸,2017-07-12,14943.0
Red,奇岩,2017-07-12,18587.0
Red,北投,2017-07-12,33927.0
Red,新北投,2017-07-12,9965.0
Red,復興崗,2017-07-12,6905.0
Red,忠義,2017-07-12,6549.0
Red,關渡,2017-07-12,24877.0
Red,竹圍,2017-07-12,18625.0
Red,紅樹林,2017-07-12,13364.0
Red,淡水,2017-07-12,66371.0
Red,象山,2017-07-12,23357.0
Red,台北101/世貿,2017-07-12,59843.0
Red,信義安和,2017-07-12,36928.0
Red,大安森林公園,2017-07-12,16366.0
Red,東門,2017-07-12,26744.0
Red,大安,2017-07-12,26078.5
Red,中正紀念堂,2017-07-13,37004.0
Red,台大醫院,2017-07-13,53419.0
Red,台北車站,2017-07-13,162642.5
Red,中山,2017-07-13,44652.0
Red,雙連,2017-07-13,47638.0
Red,民權西路,2017-07-13,29275.5
Red,圓山,2017-07-13,51583.0
Red,劍潭,2017-07-13,65609.0
Red,士林,2017-07-13,56782.0
Red,芝山,2017-07-13,46805.0
Red,明德,2017-07-13,24283.0
Red,石牌,2017-07-13,60983.0
Red,唭哩岸,2017-07-13,15341.0
Red,奇岩,2017-07-13,18880.0
Red,北投,2017-07-13,33989.0
Red,新北投,2017-07-13,10191.0
Red,復興崗,2017-07-13,7080.0
Red,忠義,2017-07-13,6041.0
Red,關渡,2017-07-13,23020.0
Red,竹圍,2017-07-13,18602.0
Red,紅樹林,2017-07-13,13493.0
Red,淡水,2017-07-13,68476.0
Red,象山,2017-07-13,24560.0
Red,台北101/世貿,2017-07-13,60462.0
Red,信義安和,2017-07-13,37041.0
Red,大安森林公園,2017-07-13,16370.0
Red,東門,2017-07-13,26829.5
Red,大安,2017-07-13,28187.0
Red,中正紀念堂,2017-07-14,37347.5
Red,台大醫院,2017-07-14,52469.0
Red,台北車站,2017-07-14,185809.5
Red,中山,2017-07-14,48234.5
Red,雙連,2017-07-14,49125.0
Red,民權西路,2017-07-14,29705.5
Red,圓山,2017-07-14,52494.0
Red,劍潭,2017-07-14,69198.0
Red,士林,2017-07-14,58621.0
Red,芝山,2017-07-14,48813.0
Red,明德,2017-07-14,24870.0
Red,石牌,2017-07-14,61447.0
Red,唭哩岸,2017-07-14,15682.0
Red,奇岩,2017-07-14,18580.0
Red,北投,2017-07-14,34715.0
Red,新北投,2017-07-14,10618.0
Red,復興崗,2017-07-14,7182.0
Red,忠義,2017-07-14,5878.0
Red,關渡,2017-07-14,21759.0
Red,竹圍,2017-07-14,18697.0
Red,紅樹林,2017-07-14,13836.0
Red,淡水,2017-07-14,71409.0
Red,象山,2017-07-14,23804.0
Red,台北101/世貿,2017-07-14,76555.0
Red,信義安和,2017-07-14,38636.0
Red,大安森林公園,2017-07-14,17097.0
Red,東門,2017-07-14,29092.5
Red,大安,2017-07-14,25878.5
Red,中正紀念堂,2017-07-15,36459.5
Red,台大醫院,2017-07-15,25751.0
Red,台北車站,2017-07-15,182141.0
Red,中山,2017-07-15,49101.5
Red,雙連,2017-07-15,40891.0
Red,民權西路,2017-07-15,23302.5
Red,圓山,2017-07-15,49899.0
Red,劍潭,2017-07-15,74648.0
Red,士林,2017-07-15,57933.0
Red,芝山,2017-07-15,40550.0
Red,明德,2017-07-15,18168.0
Red,石牌,2017-07-15,50362.0
Red,唭哩岸,2017-07-15,12212.0
Red,奇岩,2017-07-15,12877.0
Red,北投,2017-07-15,30185.0
Red,新北投,2017-07-15,12288.0
Red,復興崗,2017-07-15,6751.0
Red,忠義,2017-07-15,3740.0
Red,關渡,2017-07-15,16928.0
Red,竹圍,2017-07-15,16700.0
Red,紅樹林,2017-07-15,11374.0
Red,淡水,2017-07-15,80707.0
Red,象山,2017-07-15,18273.0
Red,台北101/世貿,2017-07-15,80190.0
Red,信義安和,2017-07-15,27504.0
Red,大安森林公園,2017-07-15,18008.0
Red,東門,2017-07-15,28198.5
Red,大安,2017-07-15,17792.5
Red,中正紀念堂,2017-07-16,26937.5
Red,台大醫院,2017-07-16,22174.0
Red,台北車站,2017-07-16,180269.5
Red,中山,2017-07-16,42194.0
Red,雙連,2017-07-16,31971.0
Red,民權西路,2017-07-16,22339.5
Red,圓山,2017-07-16,44096.0
Red,劍潭,2017-07-16,62391.0
Red,士林,2017-07-16,50115.0
Red,芝山,2017-07-16,34864.0
Red,明德,2017-07-16,14617.0
Red,石牌,2017-07-16,40132.0
Red,唭哩岸,2017-07-16,10737.0
Red,奇岩,2017-07-16,10580.0
Red,北投,2017-07-16,26281.0
Red,新北投,2017-07-16,10408.0
Red,復興崗,2017-07-16,5451.0
Red,忠義,2017-07-16,3143.0
Red,關渡,2017-07-16,14064.0
Red,竹圍,2017-07-16,13808.0
Red,紅樹林,2017-07-16,9864.0
Red,淡水,2017-07-16,78101.0
Red,象山,2017-07-16,16442.0
Red,台北101/世貿,2017-07-16,76204.0
Red,信義安和,2017-07-16,22071.0
Red,大安森林公園,2017-07-16,17736.0
Red,東門,2017-07-16,25201.5
Red,大安,2017-07-16,14392.0
Red,中正紀念堂,2017-07-17,32428.5
Red,台大醫院,2017-07-17,51867.0
Red,台北車站,2017-07-17,160135.5
Red,中山,2017-07-17,40905.5
Red,雙連,2017-07-17,46290.0
Red,民權西路,2017-07-17,27666.5
Red,圓山,2017-07-17,47871.0
Red,劍潭,2017-07-17,60776.0
Red,士林,2017-07-17,51828.0
Red,芝山,2017-07-17,43639.0
Red,明德,2017-07-17,23626.0
Red,石牌,2017-07-17,59739.0
Red,唭哩岸,2017-07-17,14636.0
Red,奇岩,2017-07-17,18076.0
Red,北投,2017-07-17,33187.0
Red,新北投,2017-07-17,9305.0
Red,復興崗,2017-07-17,7210.0
Red,忠義,2017-07-17,5903.0
Red,關渡,2017-07-17,21766.0
Red,竹圍,2017-07-17,18618.0
Red,紅樹林,2017-07-17,13089.0
Red,淡水,2017-07-17,65866.0
Red,象山,2017-07-17,21964.0
Red,台北101/世貿,2017-07-17,72682.0
Red,信義安和,2017-07-17,34361.0
Red,大安森林公園,2017-07-17,15643.0
Red,東門,2017-07-17,25634.0
Red,大安,2017-07-17,23790.5
Red,中正紀念堂,2017-07-18,33108.5
Red,台大醫院,2017-07-18,53438.0
Red,台北車站,2017-07-18,155489.5
Red,中山,2017-07-18,42931.5
Red,雙連,2017-07-18,46244.0
Red,民權西路,2017-07-18,28186.0
Red,圓山,2017-07-18,51846.0
Red,劍潭,2017-07-18,63158.0
Red,士林,2017-07-18,54714.0
Red,芝山,2017-07-18,45398.0
Red,明德,2017-07-18,25193.0
Red,石牌,2017-07-18,59600.0
Red,唭哩岸,2017-07-18,14796.0
Red,奇岩,2017-07-18,18363.0
Red,北投,2017-07-18,33682.0
Red,新北投,2017-07-18,9389.0
Red,復興崗,2017-07-18,6765.0
Red,忠義,2017-07-18,5879.0
Red,關渡,2017-07-18,21653.0
Red,竹圍,2017-07-18,18720.0
Red,紅樹林,2017-07-18,13271.0
Red,淡水,2017-07-18,66185.0
Red,象山,2017-07-18,22786.0
Red,台北101/世貿,2017-07-18,57178.0
Red,信義安和,2017-07-18,35459.0
Red,大安森林公園,2017-07-18,15792.0
Red,東門,2017-07-18,25816.0
Red,大安,2017-07-18,24451.0
Red,中正紀念堂,2017-07-19,34427.0
Red,台大醫院,2017-07-19,52347.0
Red,台北車站,2017-07-19,154061.0
Red,中山,2017-07-19,42996.0
Red,雙連,2017-07-19,46925.0
Red,民權西路,2017-07-19,27709.0
Red,圓山,2017-07-19,49707.0
Red,劍潭,2017-07-19,62121.0
Red,士林,2017-07-19,55081.0
Red,芝山,2017-07-19,45942.0
Red,明德,2017-07-19,24637.0
Red,石牌,2017-07-19,60393.0
Red,唭哩岸,2017-07-19,14853.0
Red,奇岩,2017-07-19,18512.0
Red,北投,2017-07-19,33845.0
Red,新北投,2017-07-19,9595.0
Red,復興崗,2017-07-19,6917.0
Red,忠義,2017-07-19,5639.0
Red,關渡,2017-07-19,22254.0
Red,竹圍,2017-07-19,18175.0
Red,紅樹林,2017-07-19,13923.0
Red,淡水,2017-07-19,66545.0
Red,象山,2017-07-19,22060.0
Red,台北101/世貿,2017-07-19,56272.0
Red,信義安和,2017-07-19,36062.0
Red,大安森林公園,2017-07-19,16405.0
Red,東門,2017-07-19,25845.5
Red,大安,2017-07-19,24740.0
Red,中正紀念堂,2017-07-20,34055.0
Red,台大醫院,2017-07-20,53925.0
Red,台北車站,2017-07-20,157399.5
Red,中山,2017-07-20,43976.0
Red,雙連,2017-07-20,46733.0
Red,民權西路,2017-07-20,28035.0
Red,圓山,2017-07-20,50447.0
Red,劍潭,2017-07-20,63031.0
Red,士林,2017-07-20,55727.0
Red,芝山,2017-07-20,45828.0
Red,明德,2017-07-20,24697.0
Red,石牌,2017-07-20,60648.0
Red,唭哩岸,2017-07-20,15122.0
Red,奇岩,2017-07-20,18514.0
Red,北投,2017-07-20,33792.0
Red,新北投,2017-07-20,10710.0
Red,復興崗,2017-07-20,7034.0
Red,忠義,2017-07-20,5636.0
Red,關渡,2017-07-20,21759.0
Red,竹圍,2017-07-20,18725.0
Red,紅樹林,2017-07-20,13359.0
Red,淡水,2017-07-20,69004.0
Red,象山,2017-07-20,22570.0
Red,台北101/世貿,2017-07-20,58410.0
Red,信義安和,2017-07-20,36437.0
Red,大安森林公園,2017-07-20,15708.0
Red,東門,2017-07-20,26946.5
Red,大安,2017-07-20,25211.5
Red,中正紀念堂,2017-07-21,37127.5
Red,台大醫院,2017-07-21,53535.0
Red,台北車站,2017-07-21,184644.5
Red,中山,2017-07-21,48829.5
Red,雙連,2017-07-21,49137.0
Red,民權西路,2017-07-21,29200.0
Red,圓山,2017-07-21,53064.0
Red,劍潭,2017-07-21,66896.0
Red,士林,2017-07-21,58002.0
Red,芝山,2017-07-21,48383.0
Red,明德,2017-07-21,25385.0
Red,石牌,2017-07-21,60522.0
Red,唭哩岸,2017-07-21,15561.0
Red,奇岩,2017-07-21,19004.0
Red,北投,2017-07-21,35716.0
Red,新北投,2017-07-21,11214.0
Red,復興崗,2017-07-21,7156.0
Red,忠義,2017-07-21,5671.0
Red,關渡,2017-07-21,22252.0
Red,竹圍,2017-07-21,18876.0
Red,紅樹林,2017-07-21,13934.0
Red,淡水,2017-07-21,71355.0
Red,象山,2017-07-21,23736.0
Red,台北101/世貿,2017-07-21,74938.0
Red,信義安和,2017-07-21,38323.0
Red,大安森林公園,2017-07-21,16940.0
Red,東門,2017-07-21,29054.5
Red,大安,2017-07-21,25311.0
Red,中正紀念堂,2017-07-22,30105.0
Red,台大醫院,2017-07-22,25926.0
Red,台北車站,2017-07-22,178587.5
Red,中山,2017-07-22,48593.0
Red,雙連,2017-07-22,40289.0
Red,民權西路,2017-07-22,22958.5
Red,圓山,2017-07-22,51501.0
Red,劍潭,2017-07-22,73200.0
Red,士林,2017-07-22,56504.0
Red,芝山,2017-07-22,39590.0
Red,明德,2017-07-22,18239.0
Red,石牌,2017-07-22,46637.0
Red,唭哩岸,2017-07-22,11743.0
Red,奇岩,2017-07-22,12778.0
Red,北投,2017-07-22,28830.0
Red,新北投,2017-07-22,11954.0
Red,復興崗,2017-07-22,6319.0
Red,忠義,2017-07-22,3700.0
Red,關渡,2017-07-22,15654.0
Red,竹圍,2017-07-22,17073.0
Red,紅樹林,2017-07-22,11365.0
Red,淡水,2017-07-22,80664.0
Red,象山,2017-07-22,18184.0
Red,台北101/世貿,2017-07-22,70765.0
Red,信義安和,2017-07-22,27925.0
Red,大安森林公園,2017-07-22,21414.0
Red,東門,2017-07-22,26661.0
Red,大安,2017-07-22,19537.5
Red,中正紀念堂,2017-07-23,34640.0
Red,台大醫院,2017-07-23,23910.0
Red,台北車站,2017-07-23,177345.5
Red,中山,2017-07-23,41484.5
Red,雙連,2017-07-23,29936.0
Red,民權西路,2017-07-23,21365.0
Red,圓山,2017-07-23,45070.0
Red,劍潭,2017-07-23,59079.0
Red,士林,2017-07-23,48143.0
Red,芝山,2017-07-23,33859.0
Red,明德,2017-07-23,14217.0
Red,石牌,2017-07-23,37969.0
Red,唭哩岸,2017-07-23,10032.0
Red,奇岩,2017-07-23,11223.0
Red,北投,2017-07-23,25241.0
Red,新北投,2017-07-23,10220.0
Red,復興崗,2017-07-23,5211.0
Red,忠義,2017-07-23,3062.0
Red,關渡,2017-07-23,13685.0
Red,竹圍,2017-07-23,13906.0
Red,紅樹林,2017-07-23,9403.0
Red,淡水,2017-07-23,73566.0
Red,象山,2017-07-23,16078.0
Red,台北101/世貿,2017-07-23,64737.0
Red,信義安和,2017-07-23,21815.0
Red,大安森林公園,2017-07-23,18466.0
Red,東門,2017-07-23,24319.5
Red,大安,2017-07-23,13988.0
Red,中正紀念堂,2017-07-24,31717.0
Red,台大醫院,2017-07-24,52126.0
Red,台北車站,2017-07-24,157400.0
Red,中山,2017-07-24,40954.5
Red,雙連,2017-07-24,45511.0
Red,民權西路,2017-07-24,27489.5
Red,圓山,2017-07-24,47370.0
Red,劍潭,2017-07-24,61688.0
Red,士林,2017-07-24,51944.0
Red,芝山,2017-07-24,43002.0
Red,明德,2017-07-24,24850.0
Red,石牌,2017-07-24,57990.0
Red,唭哩岸,2017-07-24,14881.0
Red,奇岩,2017-07-24,17728.0
Red,北投,2017-07-24,32526.0
Red,新北投,2017-07-24,9710.0
Red,復興崗,2017-07-24,6573.0
Red,忠義,2017-07-24,5517.0
Red,關渡,2017-07-24,20822.0
Red,竹圍,2017-07-24,17787.0
Red,紅樹林,2017-07-24,13065.0
Red,淡水,2017-07-24,65163.0
Red,象山,2017-07-24,21759.0
Red,台北101/世貿,2017-07-24,68391.0
Red,信義安和,2017-07-24,34403.0
Red,大安森林公園,2017-07-24,15473.0
Red,東門,2017-07-24,24987.0
Red,大安,2017-07-24,23992.5
Red,中正紀念堂,2017-07-25,34936.0
Red,台大醫院,2017-07-25,54587.0
Red,台北車站,2017-07-25,151901.0
Red,中山,2017-07-25,43240.5
Red,雙連,2017-07-25,48724.0
Red,民權西路,2017-07-25,27674.5
Red,圓山,2017-07-25,51573.0
Red,劍潭,2017-07-25,61789.0
Red,士林,2017-07-25,54713.0
Red,芝山,2017-07-25,45508.0
Red,明德,2017-07-25,25024.0
Red,石牌,2017-07-25,58818.0
Red,唭哩岸,2017-07-25,14759.0
Red,奇岩,2017-07-25,17754.0
Red,北投,2017-07-25,33490.0
Red,新北投,2017-07-25,10169.0
Red,復興崗,2017-07-25,6943.0
Red,忠義,2017-07-25,5794.0
Red,關渡,2017-07-25,21412.0
Red,竹圍,2017-07-25,18242.0
Red,紅樹林,2017-07-25,13134.0
Red,淡水,2017-07-25,65287.0
Red,象山,2017-07-25,22557.0
Red,台北101/世貿,2017-07-25,58038.0
Red,信義安和,2017-07-25,35673.0
Red,大安森林公園,2017-07-25,15959.0
Red,東門,2017-07-25,25629.0
Red,大安,2017-07-25,24624.0
Red,中正紀念堂,2017-07-26,34273.0
Red,台大醫院,2017-07-26,53321.0
Red,台北車站,2017-07-26,152120.5
Red,中山,2017-07-26,43252.5
Red,雙連,2017-07-26,48249.0
Red,民權西路,2017-07-26,27390.5
Red,圓山,2017-07-26,50677.0
Red,劍潭,2017-07-26,61653.0
Red,士林,2017-07-26,53436.0
Red,芝山,2017-07-26,45658.0
Red,明德,2017-07-26,24951.0
Red,石牌,2017-07-26,60336.0
Red,唭哩岸,2017-07-26,14873.0
Red,奇岩,2017-07-26,18878.0
Red,北投,2017-07-26,33974.0
Red,新北投,2017-07-26,10808.0
Red,復興崗,2017-07-26,7139.0
Red,忠義,2017-07-26,5611.0
Red,關渡,2017-07-26,21437.0
Red,竹圍,2017-07-26,18267.0
Red,紅樹林,2017-07-26,13578.0
Red,淡水,2017-07-26,66187.0
Red,象山,2017-07-26,22294.0
Red,台北101/世貿,2017-07-26,58191.0
Red,信義安和,2017-07-26,35461.0
Red,大安森林公園,2017-07-26,16133.0
Red,東門,2017-07-26,26025.5
Red,大安,2017-07-26,24906.5
Red,中正紀念堂,2017-07-27,34405.5
Red,台大醫院,2017-07-27,52326.0
Red,台北車站,2017-07-27,156679.5
Red,中山,2017-07-27,44531.5
Red,雙連,2017-07-27,47800.0
Red,民權西路,2017-07-27,27977.0
Red,圓山,2017-07-27,50939.0
Red,劍潭,2017-07-27,62521.0
Red,士林,2017-07-27,54816.0
Red,芝山,2017-07-27,45510.0
Red,明德,2017-07-27,24605.0
Red,石牌,2017-07-27,60753.0
Red,唭哩岸,2017-07-27,15233.0
Red,奇岩,2017-07-27,18401.0
Red,北投,2017-07-27,33823.0
Red,新北投,2017-07-27,10349.0
Red,復興崗,2017-07-27,7146.0
Red,忠義,2017-07-27,6020.0
Red,關渡,2017-07-27,21163.0
Red,竹圍,2017-07-27,18606.0
Red,紅樹林,2017-07-27,13255.0
Red,淡水,2017-07-27,66567.0
Red,象山,2017-07-27,22568.0
Red,台北101/世貿,2017-07-27,58742.0
Red,信義安和,2017-07-27,36239.0
Red,大安森林公園,2017-07-27,16505.0
Red,東門,2017-07-27,26598.0
Red,大安,2017-07-27,25076.0
Red,中正紀念堂,2017-07-28,35621.5
Red,台大醫院,2017-07-28,52606.0
Red,台北車站,2017-07-28,179447.0
Red,中山,2017-07-28,48058.5
Red,雙連,2017-07-28,49422.0
Red,民權西路,2017-07-28,28952.0
Red,圓山,2017-07-28,52204.0
Red,劍潭,2017-07-28,64020.0
Red,士林,2017-07-28,56382.0
Red,芝山,2017-07-28,47860.0
Red,明德,2017-07-28,25211.0
Red,石牌,2017-07-28,60208.0
Red,唭哩岸,2017-07-28,15480.0
Red,奇岩,2017-07-28,18735.0
Red,北投,2017-07-28,35578.0
Red,新北投,2017-07-28,11638.0
Red,復興崗,2017-07-28,7372.0
Red,忠義,2017-07-28,5803.0
Red,關渡,2017-07-28,22075.0
Red,竹圍,2017-07-28,19156.0
Red,紅樹林,2017-07-28,13685.0
Red,淡水,2017-07-28,69900.0
Red,象山,2017-07-28,22817.0
Red,台北101/世貿,2017-07-28,64325.0
Red,信義安和,2017-07-28,37760.0
Red,大安森林公園,2017-07-28,17228.0
Red,東門,2017-07-28,28699.0
Red,大安,2017-07-28,25598.5
Red,中正紀念堂,2017-07-29,21011.5
Red,台大醫院,2017-07-29,19784.0
Red,台北車站,2017-07-29,130959.0
Red,中山,2017-07-29,35148.0
Red,雙連,2017-07-29,29326.0
Red,民權西路,2017-07-29,17434.5
Red,圓山,2017-07-29,66421.0
Red,劍潭,2017-07-29,33212.0
Red,士林,2017-07-29,35875.0
Red,芝山,2017-07-29,26849.0
Red,明德,2017-07-29,13132.0
Red,石牌,2017-07-29,32231.0
Red,唭哩岸,2017-07-29,8305.0
Red,奇岩,2017-07-29,8325.0
Red,北投,2017-07-29,19165.0
Red,新北投,2017-07-29,7519.0
Red,復興崗,2017-07-29,4422.0
Red,忠義,2017-07-29,2809.0
Red,關渡,2017-07-29,10873.0
Red,竹圍,2017-07-29,11249.0
Red,紅樹林,2017-07-29,7040.0
Red,淡水,2017-07-29,41230.0
Red,象山,2017-07-29,9724.0
Red,台北101/世貿,2017-07-29,45095.0
Red,信義安和,2017-07-29,19479.0
Red,大安森林公園,2017-07-29,12257.0
Red,東門,2017-07-29,19881.0
Red,大安,2017-07-29,13442.5
Red,中正紀念堂,2017-07-30,15932.5
Red,台大醫院,2017-07-30,13388.0
Red,台北車站,2017-07-30,98460.0
Red,中山,2017-07-30,29012.0
Red,雙連,2017-07-30,21957.0
Red,民權西路,2017-07-30,14488.5
Red,圓山,2017-07-30,25553.0
Red,劍潭,2017-07-30,38231.0
Red,士林,2017-07-30,26503.0
Red,芝山,2017-07-30,24978.0
Red,明德,2017-07-30,9929.0
Red,石牌,2017-07-30,25763.0
Red,唭哩岸,2017-07-30,7475.0
Red,奇岩,2017-07-30,6842.0
Red,北投,2017-07-30,17118.0
Red,新北投,2017-07-30,7104.0
Red,復興崗,2017-07-30,3365.0
Red,忠義,2017-07-30,2090.0
Red,關渡,2017-07-30,9352.0
Red,竹圍,2017-07-30,9516.0
Red,紅樹林,2017-07-30,6276.0
Red,淡水,2017-07-30,49551.0
Red,象山,2017-07-30,9833.0
Red,台北101/世貿,2017-07-30,43611.0
Red,信義安和,2017-07-30,15197.0
Red,大安森林公園,2017-07-30,10306.0
Red,東門,2017-07-30,18533.0
Red,大安,2017-07-30,8304.5
Red,中正紀念堂,2017-07-31,31513.0
Red,台大醫院,2017-07-31,51827.0
Red,台北車站,2017-07-31,142743.0
Red,中山,2017-07-31,40380.5
Red,雙連,2017-07-31,46816.0
Red,民權西路,2017-07-31,26309.5
Red,圓山,2017-07-31,46430.0
Red,劍潭,2017-07-31,56400.0
Red,士林,2017-07-31,49969.0
Red,芝山,2017-07-31,43239.0
Red,明德,2017-07-31,24024.0
Red,石牌,2017-07-31,57049.0
Red,唭哩岸,2017-07-31,14559.0
Red,奇岩,2017-07-31,17669.0
Red,北投,2017-07-31,31740.0
Red,新北投,2017-07-31,9699.0
Red,復興崗,2017-07-31,6824.0
Red,忠義,2017-07-31,5591.0
Red,關渡,2017-07-31,21134.0
Red,竹圍,2017-07-31,17719.0
Red,紅樹林,2017-07-31,12323.0
Red,淡水,2017-07-31,59982.0
Red,象山,2017-07-31,20954.0
Red,台北101/世貿,2017-07-31,56988.0
Red,信義安和,2017-07-31,34858.0
Red,大安森林公園,2017-07-31,14128.0
Red,東門,2017-07-31,24224.5
Red,大安,2017-07-31,23303.5
Red,中正紀念堂,2017-08-01,34053.5
Red,台大醫院,2017-08-01,53386.0
Red,台北車站,2017-08-01,147006.0
Red,中山,2017-08-01,42505.0
Red,雙連,2017-08-01,48021.0
Red,民權西路,2017-08-01,27929.5
Red,圓山,2017-08-01,54348.0
Red,劍潭,2017-08-01,61248.0
Red,士林,2017-08-01,53921.0
Red,芝山,2017-08-01,46175.0
Red,明德,2017-08-01,25300.0
Red,石牌,2017-08-01,59694.0
Red,唭哩岸,2017-08-01,15100.0
Red,奇岩,2017-08-01,18075.0
Red,北投,2017-08-01,33813.0
Red,新北投,2017-08-01,11075.0
Red,復興崗,2017-08-01,6885.0
Red,忠義,2017-08-01,5864.0
Red,關渡,2017-08-01,22333.0
Red,竹圍,2017-08-01,18562.0
Red,紅樹林,2017-08-01,13263.0
Red,淡水,2017-08-01,64976.0
Red,象山,2017-08-01,21779.0
Red,台北101/世貿,2017-08-01,56657.0
Red,信義安和,2017-08-01,35631.0
Red,大安森林公園,2017-08-01,15221.0
Red,東門,2017-08-01,26537.0
Red,大安,2017-08-01,24466.5
Red,中正紀念堂,2017-08-02,33944.5
Red,台大醫院,2017-08-02,52148.0
Red,台北車站,2017-08-02,148947.5
Red,中山,2017-08-02,42979.0
Red,雙連,2017-08-02,47370.0
Red,民權西路,2017-08-02,27809.5
Red,圓山,2017-08-02,49458.0
Red,劍潭,2017-08-02,60201.0
Red,士林,2017-08-02,52828.0
Red,芝山,2017-08-02,45533.0
Red,明德,2017-08-02,24958.0
Red,石牌,2017-08-02,59586.0
Red,唭哩岸,2017-08-02,14971.0
Red,奇岩,2017-08-02,17675.0
Red,北投,2017-08-02,33199.0
Red,新北投,2017-08-02,10452.0
Red,復興崗,2017-08-02,6978.0
Red,忠義,2017-08-02,5695.0
Red,關渡,2017-08-02,22242.0
Red,竹圍,2017-08-02,18190.0
Red,紅樹林,2017-08-02,13227.0
Red,淡水,2017-08-02,62753.0
Red,象山,2017-08-02,21334.0
Red,台北101/世貿,2017-08-02,56715.0
Red,信義安和,2017-08-02,35314.0
Red,大安森林公園,2017-08-02,14757.0
Red,東門,2017-08-02,26148.5
Red,大安,2017-08-02,23877.0
Red,中正紀念堂,2017-08-03,35979.5
Red,台大醫院,2017-08-03,53110.0
Red,台北車站,2017-08-03,154554.5
Red,中山,2017-08-03,44901.0
Red,雙連,2017-08-03,47788.0
Red,民權西路,2017-08-03,28082.0
Red,圓山,2017-08-03,52064.0
Red,劍潭,2017-08-03,63744.0
Red,士林,2017-08-03,55665.0
Red,芝山,2017-08-03,46027.0
Red,明德,2017-08-03,25169.0
Red,石牌,2017-08-03,60306.0
Red,唭哩岸,2017-08-03,14969.0
Red,奇岩,2017-08-03,19018.0
Red,北投,2017-08-03,33809.0
Red,新北投,2017-08-03,11099.0
Red,復興崗,2017-08-03,7087.0
Red,忠義,2017-08-03,5638.0
Red,關渡,2017-08-03,22347.0
Red,竹圍,2017-08-03,18590.0
Red,紅樹林,2017-08-03,13173.0
Red,淡水,2017-08-03,67673.0
Red,象山,2017-08-03,22064.0
Red,台北101/世貿,2017-08-03,62426.0
Red,信義安和,2017-08-03,36558.0
Red,大安森林公園,2017-08-03,14752.0
Red,東門,2017-08-03,28023.5
Red,大安,2017-08-03,24992.5
Red,中正紀念堂,2017-08-04,36267.5
Red,台大醫院,2017-08-04,52134.0
Red,台北車站,2017-08-04,182703.5
Red,中山,2017-08-04,49377.0
Red,雙連,2017-08-04,50719.0
Red,民權西路,2017-08-04,29541.0
Red,圓山,2017-08-04,52418.0
Red,劍潭,2017-08-04,67528.0
Red,士林,2017-08-04,58863.0
Red,芝山,2017-08-04,48559.0
Red,明德,2017-08-04,25232.0
Red,石牌,2017-08-04,61235.0
Red,唭哩岸,2017-08-04,15593.0
Red,奇岩,2017-08-04,19845.0
Red,北投,2017-08-04,35404.0
Red,新北投,2017-08-04,11666.0
Red,復興崗,2017-08-04,7134.0
Red,忠義,2017-08-04,5785.0
Red,關渡,2017-08-04,21968.0
Red,竹圍,2017-08-04,19266.0
Red,紅樹林,2017-08-04,13557.0
Red,淡水,2017-08-04,70254.0
Red,象山,2017-08-04,22986.0
Red,台北101/世貿,2017-08-04,64568.0
Red,信義安和,2017-08-04,38479.0
Red,大安森林公園,2017-08-04,15722.0
Red,東門,2017-08-04,29205.0
Red,大安,2017-08-04,25458.5
Red,中正紀念堂,2017-08-05,29950.0
Red,台大醫院,2017-08-05,26404.0
Red,台北車站,2017-08-05,183704.0
Red,中山,2017-08-05,49247.5
Red,雙連,2017-08-05,40885.0
Red,民權西路,2017-08-05,22988.5
Red,圓山,2017-08-05,53034.0
Red,劍潭,2017-08-05,71584.0
Red,士林,2017-08-05,56151.0
Red,芝山,2017-08-05,41332.0
Red,明德,2017-08-05,18558.0
Red,石牌,2017-08-05,51911.0
Red,唭哩岸,2017-08-05,12457.0
Red,奇岩,2017-08-05,13608.0
Red,北投,2017-08-05,29822.0
Red,新北投,2017-08-05,11788.0
Red,復興崗,2017-08-05,6287.0
Red,忠義,2017-08-05,4155.0
Red,關渡,2017-08-05,16792.0
Red,竹圍,2017-08-05,16896.0
Red,紅樹林,2017-08-05,11220.0
Red,淡水,2017-08-05,80903.0
Red,象山,2017-08-05,18974.0
Red,台北101/世貿,2017-08-05,60424.0
Red,信義安和,2017-08-05,27928.0
Red,大安森林公園,2017-08-05,21172.0
Red,東門,2017-08-05,27548.5
Red,大安,2017-08-05,17509.5
Red,中正紀念堂,2017-08-06,26820.0
Red,台大醫院,2017-08-06,20624.0
Red,台北車站,2017-08-06,177148.5
Red,中山,2017-08-06,40950.5
Red,雙連,2017-08-06,29302.0
Red,民權西路,2017-08-06,21465.5
Red,圓山,2017-08-06,42845.0
Red,劍潭,2017-08-06,59527.0
Red,士林,2017-08-06,46417.0
Red,芝山,2017-08-06,35654.0
Red,明德,2017-08-06,15094.0
Red,石牌,2017-08-06,39337.0
Red,唭哩岸,2017-08-06,10196.0
Red,奇岩,2017-08-06,10437.0
Red,北投,2017-08-06,26088.0
Red,新北投,2017-08-06,10297.0
Red,復興崗,2017-08-06,5384.0
Red,忠義,2017-08-06,3952.0
Red,關渡,2017-08-06,13686.0
Red,竹圍,2017-08-06,14340.0
Red,紅樹林,2017-08-06,9583.0
Red,淡水,2017-08-06,73403.0
Red,象山,2017-08-06,15047.0
Red,台北101/世貿,2017-08-06,54593.0
Red,信義安和,2017-08-06,21905.0
Red,大安森林公園,2017-08-06,18868.0
Red,東門,2017-08-06,24504.0
Red,大安,2017-08-06,15219.0
Red,中正紀念堂,2017-08-07,32679.5
Red,台大醫院,2017-08-07,51875.0
Red,台北車站,2017-08-07,159363.5
Red,中山,2017-08-07,42664.0
Red,雙連,2017-08-07,47832.0
Red,民權西路,2017-08-07,27761.0
Red,圓山,2017-08-07,47211.0
Red,劍潭,2017-08-07,60650.0
Red,士林,2017-08-07,52211.0
Red,芝山,2017-08-07,44236.0
Red,明德,2017-08-07,24204.0
Red,石牌,2017-08-07,59691.0
Red,唭哩岸,2017-08-07,14553.0
Red,奇岩,2017-08-07,18109.0
Red,北投,2017-08-07,33391.0
Red,新北投,2017-08-07,9781.0
Red,復興崗,2017-08-07,6628.0
Red,忠義,2017-08-07,5552.0
Red,關渡,2017-08-07,21734.0
Red,竹圍,2017-08-07,18310.0
Red,紅樹林,2017-08-07,13199.0
Red,淡水,2017-08-07,66157.0
Red,象山,2017-08-07,22068.0
Red,台北101/世貿,2017-08-07,58397.0
Red,信義安和,2017-08-07,35050.0
Red,大安森林公園,2017-08-07,14678.0
Red,東門,2017-08-07,26180.0
Red,大安,2017-08-07,24044.5
Red,中正紀念堂,2017-08-08,33993.0
Red,台大醫院,2017-08-08,52077.0
Red,台北車站,2017-08-08,148432.5
Red,中山,2017-08-08,42904.5
Red,雙連,2017-08-08,47465.0
Red,民權西路,2017-08-08,27008.0
Red,圓山,2017-08-08,49778.0
Red,劍潭,2017-08-08,60464.0
Red,士林,2017-08-08,53429.0
Red,芝山,2017-08-08,46361.0
Red,明德,2017-08-08,24547.0
Red,石牌,2017-08-08,59035.0
Red,唭哩岸,2017-08-08,14858.0
Red,奇岩,2017-08-08,18074.0
Red,北投,2017-08-08,33487.0
Red,新北投,2017-08-08,10111.0
Red,復興崗,2017-08-08,7005.0
Red,忠義,2017-08-08,5539.0
Red,關渡,2017-08-08,23170.0
Red,竹圍,2017-08-08,18598.0
Red,紅樹林,2017-08-08,13073.0
Red,淡水,2017-08-08,64430.0
Red,象山,2017-08-08,22208.0
Red,台北101/世貿,2017-08-08,57218.0
Red,信義安和,2017-08-08,35261.0
Red,大安森林公園,2017-08-08,14961.0
Red,東門,2017-08-08,26118.0
Red,大安,2017-08-08,24620.0
Red,中正紀念堂,2017-08-09,34329.0
Red,台大醫院,2017-08-09,52679.0
Red,台北車站,2017-08-09,157777.0
Red,中山,2017-08-09,46001.0
Red,雙連,2017-08-09,49896.0
Red,民權西路,2017-08-09,28431.5
Red,圓山,2017-08-09,50377.0
Red,劍潭,2017-08-09,63860.0
Red,士林,2017-08-09,54983.0
Red,芝山,2017-08-09,46343.0
Red,明德,2017-08-09,24989.0
Red,石牌,2017-08-09,60776.0
Red,唭哩岸,2017-08-09,15047.0
Red,奇岩,2017-08-09,18488.0
Red,北投,2017-08-09,34354.0
Red,新北投,2017-08-09,10661.0
Red,復興崗,2017-08-09,6921.0
Red,忠義,2017-08-09,5820.0
Red,關渡,2017-08-09,22633.0
Red,竹圍,2017-08-09,18630.0
Red,紅樹林,2017-08-09,12968.0
Red,淡水,2017-08-09,67488.0
Red,象山,2017-08-09,22615.0
Red,台北101/世貿,2017-08-09,61773.0
Red,信義安和,2017-08-09,36169.0
Red,大安森林公園,2017-08-09,15485.0
Red,東門,2017-08-09,27226.5
Red,大安,2017-08-09,24015.0
Red,中正紀念堂,2017-08-10,36167.0
Red,台大醫院,2017-08-10,52653.0
Red,台北車站,2017-08-10,169401.5
Red,中山,2017-08-10,46743.0
Red,雙連,2017-08-10,48740.0
Red,民權西路,2017-08-10,28393.5
Red,圓山,2017-08-10,51400.0
Red,劍潭,2017-08-10,66607.0
Red,士林,2017-08-10,55819.0
Red,芝山,2017-08-10,46804.0
Red,明德,2017-08-10,24335.0
Red,石牌,2017-08-10,60831.0
Red,唭哩岸,2017-08-10,15174.0
Red,奇岩,2017-08-10,18598.0
Red,北投,2017-08-10,34402.0
Red,新北投,2017-08-10,10806.0
Red,復興崗,2017-08-10,7121.0
Red,忠義,2017-08-10,5625.0
Red,關渡,2017-08-10,22239.0
Red,竹圍,2017-08-10,18583.0
Red,紅樹林,2017-08-10,13206.0
Red,淡水,2017-08-10,67271.0
Red,象山,2017-08-10,22706.0
Red,台北101/世貿,2017-08-10,82743.0
Red,信義安和,2017-08-10,36960.0
Red,大安森林公園,2017-08-10,15131.0
Red,東門,2017-08-10,27990.5
Red,大安,2017-08-10,25072.0
Red,中正紀念堂,2017-08-11,37643.0
Red,台大醫院,2017-08-11,52815.0
Red,台北車站,2017-08-11,195332.5
Red,中山,2017-08-11,52588.0
Red,雙連,2017-08-11,51137.0
Red,民權西路,2017-08-11,30422.5
Red,圓山,2017-08-11,53631.0
Red,劍潭,2017-08-11,69510.0
Red,士林,2017-08-11,59860.0
Red,芝山,2017-08-11,49252.0
Red,明德,2017-08-11,25415.0
Red,石牌,2017-08-11,61643.0
Red,唭哩岸,2017-08-11,15614.0
Red,奇岩,2017-08-11,18736.0
Red,北投,2017-08-11,36002.0
Red,新北投,2017-08-11,12083.0
Red,復興崗,2017-08-11,6977.0
Red,忠義,2017-08-11,5592.0
Red,關渡,2017-08-11,22163.0
Red,竹圍,2017-08-11,19380.0
Red,紅樹林,2017-08-11,13709.0
Red,淡水,2017-08-11,72648.0
Red,象山,2017-08-11,22933.0
Red,台北101/世貿,2017-08-11,90830.0
Red,信義安和,2017-08-11,38535.0
Red,大安森林公園,2017-08-11,15971.0
Red,東門,2017-08-11,30133.5
Red,大安,2017-08-11,25945.5
Red,中正紀念堂,2017-08-12,34294.0
Red,台大醫院,2017-08-12,26452.0
Red,台北車站,2017-08-12,202327.0
Red,中山,2017-08-12,52966.0
Red,雙連,2017-08-12,42280.0
Red,民權西路,2017-08-12,24113.5
Red,圓山,2017-08-12,50341.0
Red,劍潭,2017-08-12,79940.0
Red,士林,2017-08-12,60430.0
Red,芝山,2017-08-12,41624.0
Red,明德,2017-08-12,19824.0
Red,石牌,2017-08-12,52244.0
Red,唭哩岸,2017-08-12,12005.0
Red,奇岩,2017-08-12,13454.0
Red,北投,2017-08-12,29938.0
Red,新北投,2017-08-12,13009.0
Red,復興崗,2017-08-12,6386.0
Red,忠義,2017-08-12,4076.0
Red,關渡,2017-08-12,16573.0
Red,竹圍,2017-08-12,16693.0
Red,紅樹林,2017-08-12,11639.0
Red,淡水,2017-08-12,84789.0
Red,象山,2017-08-12,19040.0
Red,台北101/世貿,2017-08-12,101809.0
Red,信義安和,2017-08-12,28740.0
Red,大安森林公園,2017-08-12,21668.0
Red,東門,2017-08-12,30085.5
Red,大安,2017-08-12,18331.5
Red,中正紀念堂,2017-08-13,29795.0
Red,台大醫院,2017-08-13,22897.0
Red,台北車站,2017-08-13,196533.5
Red,中山,2017-08-13,45318.5
Red,雙連,2017-08-13,31857.0
Red,民權西路,2017-08-13,22253.0
Red,圓山,2017-08-13,44833.0
Red,劍潭,2017-08-13,67356.0
Red,士林,2017-08-13,50577.0
Red,芝山,2017-08-13,35053.0
Red,明德,2017-08-13,15428.0
Red,石牌,2017-08-13,38510.0
Red,唭哩岸,2017-08-13,10065.0
Red,奇岩,2017-08-13,10691.0
Red,北投,2017-08-13,26278.0
Red,新北投,2017-08-13,11543.0
Red,復興崗,2017-08-13,5114.0
Red,忠義,2017-08-13,3347.0
Red,關渡,2017-08-13,14948.0
Red,竹圍,2017-08-13,14073.0
Red,紅樹林,2017-08-13,10834.0
Red,淡水,2017-08-13,79073.0
Red,象山,2017-08-13,16383.0
Red,台北101/世貿,2017-08-13,85712.0
Red,信義安和,2017-08-13,22571.0
Red,大安森林公園,2017-08-13,16826.0
Red,東門,2017-08-13,26928.0
Red,大安,2017-08-13,14585.5
Red,中正紀念堂,2017-08-14,33104.0
Red,台大醫院,2017-08-14,51000.0
Red,台北車站,2017-08-14,168403.0
Red,中山,2017-08-14,44214.5
Red,雙連,2017-08-14,48403.0
Red,民權西路,2017-08-14,27739.0
Red,圓山,2017-08-14,47788.0
Red,劍潭,2017-08-14,62722.0
Red,士林,2017-08-14,53026.0
Red,芝山,2017-08-14,43539.0
Red,明德,2017-08-14,23756.0
Red,石牌,2017-08-14,58820.0
Red,唭哩岸,2017-08-14,14575.0
Red,奇岩,2017-08-14,17713.0
Red,北投,2017-08-14,32229.0
Red,新北投,2017-08-14,10419.0
Red,復興崗,2017-08-14,6419.0
Red,忠義,2017-08-14,5553.0
Red,關渡,2017-08-14,21545.0
Red,竹圍,2017-08-14,17929.0
Red,紅樹林,2017-08-14,12881.0
Red,淡水,2017-08-14,68046.0
Red,象山,2017-08-14,22018.0
Red,台北101/世貿,2017-08-14,75653.0
Red,信義安和,2017-08-14,34137.0
Red,大安森林公園,2017-08-14,14318.0
Red,東門,2017-08-14,27466.0
Red,大安,2017-08-14,24200.0
Red,中正紀念堂,2017-08-15,35388.5
Red,台大醫院,2017-08-15,51980.0
Red,台北車站,2017-08-15,162099.0
Red,中山,2017-08-15,46968.0
Red,雙連,2017-08-15,49027.0
Red,民權西路,2017-08-15,28693.5
Red,圓山,2017-08-15,52434.0
Red,劍潭,2017-08-15,66337.0
Red,士林,2017-08-15,55896.0
Red,芝山,2017-08-15,46913.0
Red,明德,2017-08-15,24639.0
Red,石牌,2017-08-15,60382.0
Red,唭哩岸,2017-08-15,14898.0
Red,奇岩,2017-08-15,18371.0
Red,北投,2017-08-15,34142.0
Red,新北投,2017-08-15,10965.0
Red,復興崗,2017-08-15,7275.0
Red,忠義,2017-08-15,5473.0
Red,關渡,2017-08-15,21534.0
Red,竹圍,2017-08-15,18386.0
Red,紅樹林,2017-08-15,13544.0
Red,淡水,2017-08-15,68499.0
Red,象山,2017-08-15,22024.0
Red,台北101/世貿,2017-08-15,60726.0
Red,信義安和,2017-08-15,36029.0
Red,大安森林公園,2017-08-15,14847.0
Red,東門,2017-08-15,27832.5
Red,大安,2017-08-15,25047.0
Red,中正紀念堂,2017-08-16,34544.0
Red,台大醫院,2017-08-16,51856.0
Red,台北車站,2017-08-16,159291.0
Red,中山,2017-08-16,46296.0
Red,雙連,2017-08-16,49931.0
Red,民權西路,2017-08-16,28320.5
Red,圓山,2017-08-16,50818.0
Red,劍潭,2017-08-16,64333.0
Red,士林,2017-08-16,54715.0
Red,芝山,2017-08-16,46489.0
Red,明德,2017-08-16,24496.0
Red,石牌,2017-08-16,60399.0
Red,唭哩岸,2017-08-16,14908.0
Red,奇岩,2017-08-16,18332.0
Red,北投,2017-08-16,33857.0
Red,新北投,2017-08-16,10798.0
Red,復興崗,2017-08-16,7012.0
Red,忠義,2017-08-16,5660.0
Red,關渡,2017-08-16,22365.0
Red,竹圍,2017-08-16,18455.0
Red,紅樹林,2017-08-16,13040.0
Red,淡水,2017-08-16,67727.0
Red,象山,2017-08-16,22194.0
Red,台北101/世貿,2017-08-16,59998.0
Red,信義安和,2017-08-16,35380.0
Red,大安森林公園,2017-08-16,15057.0
Red,東門,2017-08-16,27620.0
Red,大安,2017-08-16,25139.5
Red,中正紀念堂,2017-08-17,36226.5
Red,台大醫院,2017-08-17,52371.0
Red,台北車站,2017-08-17,162876.0
Red,中山,2017-08-17,47146.5
Red,雙連,2017-08-17,48567.0
Red,民權西路,2017-08-17,28783.0
Red,圓山,2017-08-17,52191.0
Red,劍潭,2017-08-17,66162.0
Red,士林,2017-08-17,56797.0
Red,芝山,2017-08-17,46494.0
Red,明德,2017-08-17,24282.0
Red,石牌,2017-08-17,60318.0
Red,唭哩岸,2017-08-17,15012.0
Red,奇岩,2017-08-17,18363.0
Red,北投,2017-08-17,33533.0
Red,新北投,2017-08-17,10866.0
Red,復興崗,2017-08-17,7085.0
Red,忠義,2017-08-17,5673.0
Red,關渡,2017-08-17,21919.0
Red,竹圍,2017-08-17,18347.0
Red,紅樹林,2017-08-17,12862.0
Red,淡水,2017-08-17,68963.0
Red,象山,2017-08-17,22378.0
Red,台北101/世貿,2017-08-17,63844.0
Red,信義安和,2017-08-17,35653.0
Red,大安森林公園,2017-08-17,15515.0
Red,東門,2017-08-17,28879.5
Red,大安,2017-08-17,25689.5
Red,中正紀念堂,2017-08-18,38032.0
Red,台大醫院,2017-08-18,51794.0
Red,台北車站,2017-08-18,186994.0
Red,中山,2017-08-18,51782.5
Red,雙連,2017-08-18,51005.0
Red,民權西路,2017-08-18,30335.0
Red,圓山,2017-08-18,56124.0
Red,劍潭,2017-08-18,68800.0
Red,士林,2017-08-18,59788.0
Red,芝山,2017-08-18,49101.0
Red,明德,2017-08-18,25110.0
Red,石牌,2017-08-18,60827.0
Red,唭哩岸,2017-08-18,15675.0
Red,奇岩,2017-08-18,18831.0
Red,北投,2017-08-18,35664.0
Red,新北投,2017-08-18,11069.0
Red,復興崗,2017-08-18,7466.0
Red,忠義,2017-08-18,5610.0
Red,關渡,2017-08-18,21974.0
Red,竹圍,2017-08-18,19366.0
Red,紅樹林,2017-08-18,13702.0
Red,淡水,2017-08-18,73281.0
Red,象山,2017-08-18,23548.0
Red,台北101/世貿,2017-08-18,72054.0
Red,信義安和,2017-08-18,37960.0
Red,大安森林公園,2017-08-18,17900.0
Red,東門,2017-08-18,30565.5
Red,大安,2017-08-18,26871.0
Red,中正紀念堂,2017-08-19,33241.5
Red,台大醫院,2017-08-19,25998.0
Red,台北車站,2017-08-19,185938.5
Red,中山,2017-08-19,51496.5
Red,雙連,2017-08-19,41276.0
Red,民權西路,2017-08-19,24216.0
Red,圓山,2017-08-19,53508.0
Red,劍潭,2017-08-19,76900.0
Red,士林,2017-08-19,59323.0
Red,芝山,2017-08-19,41057.0
Red,明德,2017-08-19,18867.0
Red,石牌,2017-08-19,48566.0
Red,唭哩岸,2017-08-19,11866.0
Red,奇岩,2017-08-19,12929.0
Red,北投,2017-08-19,29326.0
Red,新北投,2017-08-19,12261.0
Red,復興崗,2017-08-19,6126.0
Red,忠義,2017-08-19,3849.0
Red,關渡,2017-08-19,17767.0
Red,竹圍,2017-08-19,17356.0
Red,紅樹林,2017-08-19,11321.0
Red,淡水,2017-08-19,86837.0
Red,象山,2017-08-19,19182.0
Red,台北101/世貿,2017-08-19,70550.0
Red,信義安和,2017-08-19,28360.0
Red,大安森林公園,2017-08-19,18796.0
Red,東門,2017-08-19,29106.0
Red,大安,2017-08-19,19539.5
Red,中正紀念堂,2017-08-20,30072.5
Red,台大醫院,2017-08-20,22368.0
Red,台北車站,2017-08-20,188011.5
Red,中山,2017-08-20,42307.5
Red,雙連,2017-08-20,30560.0
Red,民權西路,2017-08-20,23084.5
Red,圓山,2017-08-20,47279.0
Red,劍潭,2017-08-20,68131.0
Red,士林,2017-08-20,50956.0
Red,芝山,2017-08-20,39739.0
Red,明德,2017-08-20,14795.0
Red,石牌,2017-08-20,40273.0
Red,唭哩岸,2017-08-20,10126.0
Red,奇岩,2017-08-20,15997.0
Red,北投,2017-08-20,25935.0
Red,新北投,2017-08-20,11110.0
Red,復興崗,2017-08-20,5683.0
Red,忠義,2017-08-20,3185.0
Red,關渡,2017-08-20,14339.0
Red,竹圍,2017-08-20,14768.0
Red,紅樹林,2017-08-20,10352.0
Red,淡水,2017-08-20,78588.0
Red,象山,2017-08-20,16764.0
Red,台北101/世貿,2017-08-20,57126.0
Red,信義安和,2017-08-20,22447.0
Red,大安森林公園,2017-08-20,18125.0
Red,東門,2017-08-20,24986.5
Red,大安,2017-08-20,15587.5
Red,中正紀念堂,2017-08-21,31848.5
Red,台大醫院,2017-08-21,50545.0
Red,台北車站,2017-08-21,162571.0
Red,中山,2017-08-21,41959.0
Red,雙連,2017-08-21,46600.0
Red,民權西路,2017-08-21,27662.0
Red,圓山,2017-08-21,48020.0
Red,劍潭,2017-08-21,63831.0
Red,士林,2017-08-21,52282.0
Red,芝山,2017-08-21,44767.0
Red,明德,2017-08-21,23371.0
Red,石牌,2017-08-21,58289.0
Red,唭哩岸,2017-08-21,14712.0
Red,奇岩,2017-08-21,21819.0
Red,北投,2017-08-21,31696.0
Red,新北投,2017-08-21,9853.0
Red,復興崗,2017-08-21,6602.0
Red,忠義,2017-08-21,5406.0
Red,關渡,2017-08-21,20890.0
Red,竹圍,2017-08-21,17950.0
Red,紅樹林,2017-08-21,13022.0
Red,淡水,2017-08-21,67266.0
Red,象山,2017-08-21,21617.0
Red,台北101/世貿,2017-08-21,59363.0
Red,信義安和,2017-08-21,34445.0
Red,大安森林公園,2017-08-21,14641.0
Red,東門,2017-08-21,25950.0
Red,大安,2017-08-21,23895.0
Red,中正紀念堂,2017-08-22,34292.5
Red,台大醫院,2017-08-22,51010.0
Red,台北車站,2017-08-22,151211.5
Red,中山,2017-08-22,43426.0
Red,雙連,2017-08-22,46703.0
Red,民權西路,2017-08-22,27588.0
Red,圓山,2017-08-22,52358.0
Red,劍潭,2017-08-22,62523.0
Red,士林,2017-08-22,53811.0
Red,芝山,2017-08-22,49312.0
Red,明德,2017-08-22,23557.0
Red,石牌,2017-08-22,58581.0
Red,唭哩岸,2017-08-22,14813.0
Red,奇岩,2017-08-22,21627.0
Red,北投,2017-08-22,32181.0
Red,新北投,2017-08-22,10859.0
Red,復興崗,2017-08-22,6948.0
Red,忠義,2017-08-22,5744.0
Red,關渡,2017-08-22,21380.0
Red,竹圍,2017-08-22,18062.0
Red,紅樹林,2017-08-22,13254.0
Red,淡水,2017-08-22,64624.0
Red,象山,2017-08-22,22242.0
Red,台北101/世貿,2017-08-22,58951.0
Red,信義安和,2017-08-22,34678.0
Red,大安森林公園,2017-08-22,14891.0
Red,東門,2017-08-22,26231.5
Red,大安,2017-08-22,24906.0
Red,中正紀念堂,2017-08-23,35477.5
Red,台大醫院,2017-08-23,51336.0
Red,台北車站,2017-08-23,159198.5
Red,中山,2017-08-23,45305.0
Red,雙連,2017-08-23,48135.0
Red,民權西路,2017-08-23,28712.5
Red,圓山,2017-08-23,51105.0
Red,劍潭,2017-08-23,63085.0
Red,士林,2017-08-23,54421.0
Red,芝山,2017-08-23,52382.0
Red,明德,2017-08-23,23827.0
Red,石牌,2017-08-23,60219.0
Red,唭哩岸,2017-08-23,15232.0
Red,奇岩,2017-08-23,21831.0
Red,北投,2017-08-23,32934.0
Red,新北投,2017-08-23,9162.0
Red,復興崗,2017-08-23,7132.0
Red,忠義,2017-08-23,5620.0
Red,關渡,2017-08-23,21658.0
Red,竹圍,2017-08-23,18244.0
Red,紅樹林,2017-08-23,13275.0
Red,淡水,2017-08-23,68031.0
Red,象山,2017-08-23,22268.0
Red,台北101/世貿,2017-08-23,61296.0
Red,信義安和,2017-08-23,35975.0
Red,大安森林公園,2017-08-23,15386.0
Red,東門,2017-08-23,27072.5
Red,大安,2017-08-23,25951.0
Red,中正紀念堂,2017-08-24,34134.0
Red,台大醫院,2017-08-24,51364.0
Red,台北車站,2017-08-24,161791.0
Red,中山,2017-08-24,45478.0
Red,雙連,2017-08-24,47869.0
Red,民權西路,2017-08-24,27706.5
Red,圓山,2017-08-24,51807.0
Red,劍潭,2017-08-24,66238.0
Red,士林,2017-08-24,54993.0
Red,芝山,2017-08-24,46932.0
Red,明德,2017-08-24,24503.0
Red,石牌,2017-08-24,60080.0
Red,唭哩岸,2017-08-24,14964.0
Red,奇岩,2017-08-24,22345.0
Red,北投,2017-08-24,32933.0
Red,新北投,2017-08-24,9347.0
Red,復興崗,2017-08-24,7012.0
Red,忠義,2017-08-24,5550.0
Red,關渡,2017-08-24,21526.0
Red,竹圍,2017-08-24,18019.0
Red,紅樹林,2017-08-24,13424.0
Red,淡水,2017-08-24,67922.0
Red,象山,2017-08-24,22485.0
Red,台北101/世貿,2017-08-24,62000.0
Red,信義安和,2017-08-24,36543.0
Red,大安森林公園,2017-08-24,15548.0
Red,東門,2017-08-24,27165.5
Red,大安,2017-08-24,25678.0
Red,中正紀念堂,2017-08-25,35239.0
Red,台大醫院,2017-08-25,52157.0
Red,台北車站,2017-08-25,187062.5
Red,中山,2017-08-25,50961.0
Red,雙連,2017-08-25,49887.0
Red,民權西路,2017-08-25,29871.0
Red,圓山,2017-08-25,55023.0
Red,劍潭,2017-08-25,70474.0
Red,士林,2017-08-25,60582.0
Red,芝山,2017-08-25,52863.0
Red,明德,2017-08-25,25317.0
Red,石牌,2017-08-25,60525.0
Red,唭哩岸,2017-08-25,15418.0
Red,奇岩,2017-08-25,22800.0
Red,北投,2017-08-25,35731.0
Red,新北投,2017-08-25,10050.0
Red,復興崗,2017-08-25,7155.0
Red,忠義,2017-08-25,5612.0
Red,關渡,2017-08-25,21336.0
Red,竹圍,2017-08-25,19074.0
Red,紅樹林,2017-08-25,14087.0
Red,淡水,2017-08-25,72642.0
Red,象山,2017-08-25,23604.0
Red,台北101/世貿,2017-08-25,86101.0
Red,信義安和,2017-08-25,38817.0
Red,大安森林公園,2017-08-25,17054.0
Red,東門,2017-08-25,29433.5
Red,大安,2017-08-25,26863.0
Red,中正紀念堂,2017-08-26,37736.5
Red,台大醫院,2017-08-26,29211.0
Red,台北車站,2017-08-26,199678.0
Red,中山,2017-08-26,52615.5
Red,雙連,2017-08-26,56603.0
Red,民權西路,2017-08-26,24845.0
Red,圓山,2017-08-26,62301.0
Red,劍潭,2017-08-26,77032.0
Red,士林,2017-08-26,58199.0
Red,芝山,2017-08-26,44580.0
Red,明德,2017-08-26,18691.0
Red,石牌,2017-08-26,49206.0
Red,唭哩岸,2017-08-26,12611.0
Red,奇岩,2017-08-26,18296.0
Red,北投,2017-08-26,30204.0
Red,新北投,2017-08-26,12645.0
Red,復興崗,2017-08-26,6375.0
Red,忠義,2017-08-26,3580.0
Red,關渡,2017-08-26,16579.0
Red,竹圍,2017-08-26,17365.0
Red,紅樹林,2017-08-26,13419.0
Red,淡水,2017-08-26,84413.0
Red,象山,2017-08-26,19535.0
Red,台北101/世貿,2017-08-26,91736.0
Red,信義安和,2017-08-26,29323.0
Red,大安森林公園,2017-08-26,20793.0
Red,東門,2017-08-26,30239.0
Red,大安,2017-08-26,19971.0
Red,中正紀念堂,2017-08-27,28580.5
Red,台大醫院,2017-08-27,21270.0
Red,台北車站,2017-08-27,182032.5
Red,中山,2017-08-27,42742.0
Red,雙連,2017-08-27,29856.0
Red,民權西路,2017-08-27,22533.0
Red,圓山,2017-08-27,50414.0
Red,劍潭,2017-08-27,61433.0
Red,士林,2017-08-27,49279.0
Red,芝山,2017-08-27,36828.0
Red,明德,2017-08-27,14754.0
Red,石牌,2017-08-27,38261.0
Red,唭哩岸,2017-08-27,10199.0
Red,奇岩,2017-08-27,10780.0
Red,北投,2017-08-27,26396.0
Red,新北投,2017-08-27,10803.0
Red,復興崗,2017-08-27,5050.0
Red,忠義,2017-08-27,3021.0
Red,關渡,2017-08-27,13596.0
Red,竹圍,2017-08-27,13689.0
Red,紅樹林,2017-08-27,11213.0
Red,淡水,2017-08-27,80113.0
Red,象山,2017-08-27,15301.0
Red,台北101/世貿,2017-08-27,81007.0
Red,信義安和,2017-08-27,22135.0
Red,大安森林公園,2017-08-27,17707.0
Red,東門,2017-08-27,25460.0
Red,大安,2017-08-27,15431.5
Red,中正紀念堂,2017-08-28,32153.0
Red,台大醫院,2017-08-28,50123.0
Red,台北車站,2017-08-28,170032.0
Red,中山,2017-08-28,44816.5
Red,雙連,2017-08-28,47577.0
Red,民權西路,2017-08-28,28318.5
Red,圓山,2017-08-28,50226.0
Red,劍潭,2017-08-28,66017.0
Red,士林,2017-08-28,55514.0
Red,芝山,2017-08-28,47615.0
Red,明德,2017-08-28,23431.0
Red,石牌,2017-08-28,58951.0
Red,唭哩岸,2017-08-28,14443.0
Red,奇岩,2017-08-28,17802.0
Red,北投,2017-08-28,31851.0
Red,新北投,2017-08-28,8676.0
Red,復興崗,2017-08-28,6562.0
Red,忠義,2017-08-28,5602.0
Red,關渡,2017-08-28,21211.0
Red,竹圍,2017-08-28,18044.0
Red,紅樹林,2017-08-28,12690.0
Red,淡水,2017-08-28,70867.0
Red,象山,2017-08-28,22792.0
Red,台北101/世貿,2017-08-28,80927.0
Red,信義安和,2017-08-28,34867.0
Red,大安森林公園,2017-08-28,15083.0
Red,東門,2017-08-28,25690.5
Red,大安,2017-08-28,23235.0
Red,中正紀念堂,2017-08-29,33168.0
Red,台大醫院,2017-08-29,50747.0
Red,台北車站,2017-08-29,154106.5
Red,中山,2017-08-29,43593.5
Red,雙連,2017-08-29,47389.0
Red,民權西路,2017-08-29,26953.0
Red,圓山,2017-08-29,52427.0
Red,劍潭,2017-08-29,61724.0
Red,士林,2017-08-29,50621.0
Red,芝山,2017-08-29,47953.0
Red,明德,2017-08-29,23842.0
Red,石牌,2017-08-29,58984.0
Red,唭哩岸,2017-08-29,14875.0
Red,奇岩,2017-08-29,18027.0
Red,北投,2017-08-29,31874.0
Red,新北投,2017-08-29,8941.0
Red,復興崗,2017-08-29,6578.0
Red,忠義,2017-08-29,5626.0
Red,關渡,2017-08-29,21020.0
Red,竹圍,2017-08-29,17938.0
Red,紅樹林,2017-08-29,12933.0
Red,淡水,2017-08-29,64687.0
Red,象山,2017-08-29,22194.0
Red,台北101/世貿,2017-08-29,60389.0
Red,信義安和,2017-08-29,34528.0
Red,大安森林公園,2017-08-29,14945.0
Red,東門,2017-08-29,25740.5
Red,大安,2017-08-29,23627.5
Red,中正紀念堂,2017-08-30,33012.5
Red,台大醫院,2017-08-30,49756.0
Red,台北車站,2017-08-30,141498.0
Red,中山,2017-08-30,41744.0
Red,雙連,2017-08-30,45879.0
Red,民權西路,2017-08-30,28090.0
Red,圓山,2017-08-30,51831.0
Red,劍潭,2017-08-30,58511.0
Red,士林,2017-08-30,51207.0
Red,芝山,2017-08-30,45128.0
Red,明德,2017-08-30,26198.0
Red,石牌,2017-08-30,59336.0
Red,唭哩岸,2017-08-30,14954.0
Red,奇岩,2017-08-30,18203.0
Red,北投,2017-08-30,34364.0
Red,新北投,2017-08-30,9018.0
Red,復興崗,2017-08-30,6609.0
Red,忠義,2017-08-30,5659.0
Red,關渡,2017-08-30,21760.0
Red,竹圍,2017-08-30,18118.0
Red,紅樹林,2017-08-30,12952.0
Red,淡水,2017-08-30,62472.0
Red,象山,2017-08-30,21956.0
Red,台北101/世貿,2017-08-30,56046.0
Red,信義安和,2017-08-30,35309.0
Red,大安森林公園,2017-08-30,15394.0
Red,東門,2017-08-30,25634.5
Red,大安,2017-08-30,28664.5
Red,中正紀念堂,2017-08-31,33848.0
Red,台大醫院,2017-08-31,53326.0
Red,台北車站,2017-08-31,143609.0
Red,中山,2017-08-31,43252.0
Red,雙連,2017-08-31,45551.0
Red,民權西路,2017-08-31,28737.0
Red,圓山,2017-08-31,50755.0
Red,劍潭,2017-08-31,58463.0
Red,士林,2017-08-31,50740.0
Red,芝山,2017-08-31,45024.0
Red,明德,2017-08-31,26300.0
Red,石牌,2017-08-31,59201.0
Red,唭哩岸,2017-08-31,14811.0
Red,奇岩,2017-08-31,18850.0
Red,北投,2017-08-31,34776.0
Red,新北投,2017-08-31,10031.0
Red,復興崗,2017-08-31,6758.0
Red,忠義,2017-08-31,5679.0
Red,關渡,2017-08-31,21701.0
Red,竹圍,2017-08-31,18207.0
Red,紅樹林,2017-08-31,13161.0
Red,淡水,2017-08-31,61373.0
Red,象山,2017-08-31,21976.0
Red,台北101/世貿,2017-08-31,59283.0
Red,信義安和,2017-08-31,35031.0
Red,大安森林公園,2017-08-31,15174.0
Red,東門,2017-08-31,25587.5
Red,大安,2017-08-31,28463.0
Red,中正紀念堂,2017-09-01,36622.0
Red,台大醫院,2017-09-01,50145.0
Red,台北車站,2017-09-01,171003.0
Red,中山,2017-09-01,45833.5
Red,雙連,2017-09-01,48171.0
Red,民權西路,2017-09-01,29392.5
Red,圓山,2017-09-01,51708.0
Red,劍潭,2017-09-01,56877.0
Red,士林,2017-09-01,52009.0
Red,芝山,2017-09-01,46495.0
Red,明德,2017-09-01,26260.0
Red,石牌,2017-09-01,60065.0
Red,唭哩岸,2017-09-01,15920.0
Red,奇岩,2017-09-01,18163.0
Red,北投,2017-09-01,36646.0
Red,新北投,2017-09-01,10406.0
Red,復興崗,2017-09-01,6761.0
Red,忠義,2017-09-01,5612.0
Red,關渡,2017-09-01,21071.0
Red,竹圍,2017-09-01,18604.0
Red,紅樹林,2017-09-01,13416.0
Red,淡水,2017-09-01,61153.0
Red,象山,2017-09-01,21069.0
Red,台北101/世貿,2017-09-01,73039.0
Red,信義安和,2017-09-01,37599.0
Red,大安森林公園,2017-09-01,16236.0
Red,東門,2017-09-01,27852.5
Red,大安,2017-09-01,29810.0
Red,中正紀念堂,2017-09-02,31537.5
Red,台大醫院,2017-09-02,24644.0
Red,台北車站,2017-09-02,160307.5
Red,中山,2017-09-02,45705.5
Red,雙連,2017-09-02,37805.0
Red,民權西路,2017-09-02,22076.0
Red,圓山,2017-09-02,46652.0
Red,劍潭,2017-09-02,58578.0
Red,士林,2017-09-02,47121.0
Red,芝山,2017-09-02,38621.0
Red,明德,2017-09-02,17962.0
Red,石牌,2017-09-02,46090.0
Red,唭哩岸,2017-09-02,11715.0
Red,奇岩,2017-09-02,11822.0
Red,北投,2017-09-02,27182.0
Red,新北投,2017-09-02,10793.0
Red,復興崗,2017-09-02,5595.0
Red,忠義,2017-09-02,3787.0
Red,關渡,2017-09-02,15812.0
Red,竹圍,2017-09-02,16472.0
Red,紅樹林,2017-09-02,12118.0
Red,淡水,2017-09-02,66454.0
Red,象山,2017-09-02,14304.0
Red,台北101/世貿,2017-09-02,74427.0
Red,信義安和,2017-09-02,26097.0
Red,大安森林公園,2017-09-02,17189.0
Red,東門,2017-09-02,26270.0
Red,大安,2017-09-02,17409.0
Red,中正紀念堂,2017-09-03,26482.0
Red,台大醫院,2017-09-03,19987.0
Red,台北車站,2017-09-03,155415.5
Red,中山,2017-09-03,38357.0
Red,雙連,2017-09-03,27398.0
Red,民權西路,2017-09-03,19903.0
Red,圓山,2017-09-03,41157.0
Red,劍潭,2017-09-03,46074.0
Red,士林,2017-09-03,37567.0
Red,芝山,2017-09-03,32194.0
Red,明德,2017-09-03,13799.0
Red,石牌,2017-09-03,36537.0
Red,唭哩岸,2017-09-03,9553.0
Red,奇岩,2017-09-03,8978.0
Red,北投,2017-09-03,22049.0
Red,新北投,2017-09-03,8875.0
Red,復興崗,2017-09-03,4441.0
Red,忠義,2017-09-03,2722.0
Red,關渡,2017-09-03,12704.0
Red,竹圍,2017-09-03,12958.0
Red,紅樹林,2017-09-03,10225.0
Red,淡水,2017-09-03,50670.0
Red,象山,2017-09-03,10501.0
Red,台北101/世貿,2017-09-03,68337.0
Red,信義安和,2017-09-03,19908.0
Red,大安森林公園,2017-09-03,14281.0
Red,東門,2017-09-03,22502.5
Red,大安,2017-09-03,13781.0
Red,中正紀念堂,2017-09-04,31500.0
Red,台大醫院,2017-09-04,49874.0
Red,台北車站,2017-09-04,146609.0
Red,中山,2017-09-04,40254.0
Red,雙連,2017-09-04,44688.0
Red,民權西路,2017-09-04,27318.0
Red,圓山,2017-09-04,50068.0
Red,劍潭,2017-09-04,55986.0
Red,士林,2017-09-04,49084.0
Red,芝山,2017-09-04,43546.0
Red,明德,2017-09-04,25678.0
Red,石牌,2017-09-04,60375.0
Red,唭哩岸,2017-09-04,14696.0
Red,奇岩,2017-09-04,17569.0
Red,北投,2017-09-04,34698.0
Red,新北投,2017-09-04,9456.0
Red,復興崗,2017-09-04,6633.0
Red,忠義,2017-09-04,5536.0
Red,關渡,2017-09-04,21646.0
Red,竹圍,2017-09-04,18635.0
Red,紅樹林,2017-09-04,12873.0
Red,淡水,2017-09-04,60959.0
Red,象山,2017-09-04,22070.0
Red,台北101/世貿,2017-09-04,69058.0
Red,信義安和,2017-09-04,33711.0
Red,大安森林公園,2017-09-04,14167.0
Red,東門,2017-09-04,25102.5
Red,大安,2017-09-04,27287.5
Red,中正紀念堂,2017-09-05,32726.5
Red,台大醫院,2017-09-05,49153.0
Red,台北車站,2017-09-05,134526.5
Red,中山,2017-09-05,40588.0
Red,雙連,2017-09-05,44122.0
Red,民權西路,2017-09-05,27041.5
Red,圓山,2017-09-05,49766.0
Red,劍潭,2017-09-05,56251.0
Red,士林,2017-09-05,48406.0
Red,芝山,2017-09-05,43534.0
Red,明德,2017-09-05,25509.0
Red,石牌,2017-09-05,59503.0
Red,唭哩岸,2017-09-05,14636.0
Red,奇岩,2017-09-05,17821.0
Red,北投,2017-09-05,33415.0
Red,新北投,2017-09-05,9319.0
Red,復興崗,2017-09-05,6564.0
Red,忠義,2017-09-05,5744.0
Red,關渡,2017-09-05,21263.0
Red,竹圍,2017-09-05,18717.0
Red,紅樹林,2017-09-05,12870.0
Red,淡水,2017-09-05,59123.0
Red,象山,2017-09-05,21812.0
Red,台北101/世貿,2017-09-05,52222.0
Red,信義安和,2017-09-05,33779.0
Red,大安森林公園,2017-09-05,14398.0
Red,東門,2017-09-05,25086.5
Red,大安,2017-09-05,27350.5
Red,中正紀念堂,2017-09-06,33154.0
Red,台大醫院,2017-09-06,50730.0
Red,台北車站,2017-09-06,146492.0
Red,中山,2017-09-06,43377.0
Red,雙連,2017-09-06,46787.0
Red,民權西路,2017-09-06,28617.5
Red,圓山,2017-09-06,51582.0
Red,劍潭,2017-09-06,59586.0
Red,士林,2017-09-06,51147.0
Red,芝山,2017-09-06,45563.0
Red,明德,2017-09-06,26395.0
Red,石牌,2017-09-06,63176.0
Red,唭哩岸,2017-09-06,14987.0
Red,奇岩,2017-09-06,18064.0
Red,北投,2017-09-06,35028.0
Red,新北投,2017-09-06,9969.0
Red,復興崗,2017-09-06,6718.0
Red,忠義,2017-09-06,5821.0
Red,關渡,2017-09-06,21931.0
Red,竹圍,2017-09-06,19064.0
Red,紅樹林,2017-09-06,13255.0
Red,淡水,2017-09-06,63000.0
Red,象山,2017-09-06,22477.0
Red,台北101/世貿,2017-09-06,58766.0
Red,信義安和,2017-09-06,34791.0
Red,大安森林公園,2017-09-06,14933.0
Red,東門,2017-09-06,26088.0
Red,大安,2017-09-06,28189.5
Red,中正紀念堂,2017-09-07,34098.0
Red,台大醫院,2017-09-07,49327.0
Red,台北車站,2017-09-07,146841.0
Red,中山,2017-09-07,43251.5
Red,雙連,2017-09-07,45773.0
Red,民權西路,2017-09-07,28299.0
Red,圓山,2017-09-07,51588.0
Red,劍潭,2017-09-07,60422.0
Red,士林,2017-09-07,51679.0
Red,芝山,2017-09-07,45313.0
Red,明德,2017-09-07,26685.0
Red,石牌,2017-09-07,61905.0
Red,唭哩岸,2017-09-07,14941.0
Red,奇岩,2017-09-07,18880.0
Red,北投,2017-09-07,35118.0
Red,新北投,2017-09-07,10029.0
Red,復興崗,2017-09-07,6884.0
Red,忠義,2017-09-07,5672.0
Red,關渡,2017-09-07,22086.0
Red,竹圍,2017-09-07,18839.0
Red,紅樹林,2017-09-07,13040.0
Red,淡水,2017-09-07,63530.0
Red,象山,2017-09-07,22492.0
Red,台北101/世貿,2017-09-07,55782.0
Red,信義安和,2017-09-07,35189.0
Red,大安森林公園,2017-09-07,15067.0
Red,東門,2017-09-07,26049.0
Red,大安,2017-09-07,28653.5
Red,中正紀念堂,2017-09-08,36477.5
Red,台大醫院,2017-09-08,50618.0
Red,台北車站,2017-09-08,174471.5
Red,中山,2017-09-08,46977.5
Red,雙連,2017-09-08,48167.0
Red,民權西路,2017-09-08,30193.0
Red,圓山,2017-09-08,57816.0
Red,劍潭,2017-09-08,62049.0
Red,士林,2017-09-08,54480.0
Red,芝山,2017-09-08,47926.0
Red,明德,2017-09-08,26858.0
Red,石牌,2017-09-08,60794.0
Red,唭哩岸,2017-09-08,15709.0
Red,奇岩,2017-09-08,19292.0
Red,北投,2017-09-08,37127.0
Red,新北投,2017-09-08,10804.0
Red,復興崗,2017-09-08,7288.0
Red,忠義,2017-09-08,5955.0
Red,關渡,2017-09-08,23305.0
Red,竹圍,2017-09-08,19302.0
Red,紅樹林,2017-09-08,13751.0
Red,淡水,2017-09-08,66005.0
Red,象山,2017-09-08,22113.0
Red,台北101/世貿,2017-09-08,63156.0
Red,信義安和,2017-09-08,36866.0
Red,大安森林公園,2017-09-08,15644.0
Red,東門,2017-09-08,27705.0
Red,大安,2017-09-08,29257.0
Red,中正紀念堂,2017-09-09,34981.0
Red,台大醫院,2017-09-09,26042.0
Red,台北車站,2017-09-09,171393.5
Red,中山,2017-09-09,48977.0
Red,雙連,2017-09-09,40270.0
Red,民權西路,2017-09-09,23745.5
Red,圓山,2017-09-09,56670.0
Red,劍潭,2017-09-09,72141.0
Red,士林,2017-09-09,55006.0
Red,芝山,2017-09-09,41595.0
Red,明德,2017-09-09,18697.0
Red,石牌,2017-09-09,48541.0
Red,唭哩岸,2017-09-09,12183.0
Red,奇岩,2017-09-09,12604.0
Red,北投,2017-09-09,30210.0
Red,新北投,2017-09-09,14708.0
Red,復興崗,2017-09-09,6579.0
Red,忠義,2017-09-09,3827.0
Red,關渡,2017-09-09,17640.0
Red,竹圍,2017-09-09,17104.0
Red,紅樹林,2017-09-09,11251.0
Red,淡水,2017-09-09,76455.0
Red,象山,2017-09-09,17976.0
Red,台北101/世貿,2017-09-09,56545.0
Red,信義安和,2017-09-09,27469.0
Red,大安森林公園,2017-09-09,20808.0
Red,東門,2017-09-09,27964.5
Red,大安,2017-09-09,18174.5
Red,中正紀念堂,2017-09-10,31047.5
Red,台大醫院,2017-09-10,21643.0
Red,台北車站,2017-09-10,175769.5
Red,中山,2017-09-10,40300.5
Red,雙連,2017-09-10,28811.0
Red,民權西路,2017-09-10,22507.5
Red,圓山,2017-09-10,56354.0
Red,劍潭,2017-09-10,63288.0
Red,士林,2017-09-10,44527.0
Red,芝山,2017-09-10,35638.0
Red,明德,2017-09-10,15322.0
Red,石牌,2017-09-10,40055.0
Red,唭哩岸,2017-09-10,10317.0
Red,奇岩,2017-09-10,10289.0
Red,北投,2017-09-10,25973.0
Red,新北投,2017-09-10,10549.0
Red,復興崗,2017-09-10,4974.0
Red,忠義,2017-09-10,3185.0
Red,關渡,2017-09-10,15913.0
Red,竹圍,2017-09-10,14562.0
Red,紅樹林,2017-09-10,11567.0
Red,淡水,2017-09-10,78260.0
Red,象山,2017-09-10,16027.0
Red,台北101/世貿,2017-09-10,51722.0
Red,信義安和,2017-09-10,20714.0
Red,大安森林公園,2017-09-10,19442.0
Red,東門,2017-09-10,23391.5
Red,大安,2017-09-10,13787.5
Red,中正紀念堂,2017-09-11,31525.0
Red,台大醫院,2017-09-11,49662.0
Red,台北車站,2017-09-11,147542.5
Red,中山,2017-09-11,40382.5
Red,雙連,2017-09-11,45504.0
Red,民權西路,2017-09-11,27987.0
Red,圓山,2017-09-11,51199.0
Red,劍潭,2017-09-11,59402.0
Red,士林,2017-09-11,51087.0
Red,芝山,2017-09-11,44705.0
Red,明德,2017-09-11,26160.0
Red,石牌,2017-09-11,61401.0
Red,唭哩岸,2017-09-11,14392.0
Red,奇岩,2017-09-11,17739.0
Red,北投,2017-09-11,33772.0
Red,新北投,2017-09-11,9253.0
Red,復興崗,2017-09-11,6545.0
Red,忠義,2017-09-11,5854.0
Red,關渡,2017-09-11,23599.0
Red,竹圍,2017-09-11,18636.0
Red,紅樹林,2017-09-11,13283.0
Red,淡水,2017-09-11,65824.0
Red,象山,2017-09-11,22493.0
Red,台北101/世貿,2017-09-11,60871.0
Red,信義安和,2017-09-11,33822.0
Red,大安森林公園,2017-09-11,14301.0
Red,東門,2017-09-11,24154.5
Red,大安,2017-09-11,27220.5
Red,中正紀念堂,2017-09-12,33002.5
Red,台大醫院,2017-09-12,51618.0
Red,台北車站,2017-09-12,143044.5
Red,中山,2017-09-12,41894.0
Red,雙連,2017-09-12,46405.0
Red,民權西路,2017-09-12,28530.5
Red,圓山,2017-09-12,52224.0
Red,劍潭,2017-09-12,61114.0
Red,士林,2017-09-12,54367.0
Red,芝山,2017-09-12,47417.0
Red,明德,2017-09-12,26803.0
Red,石牌,2017-09-12,62435.0
Red,唭哩岸,2017-09-12,15203.0
Red,奇岩,2017-09-12,18461.0
Red,北投,2017-09-12,34874.0
Red,新北投,2017-09-12,9739.0
Red,復興崗,2017-09-12,6550.0
Red,忠義,2017-09-12,5922.0
Red,關渡,2017-09-12,23770.0
Red,竹圍,2017-09-12,19113.0
Red,紅樹林,2017-09-12,13770.0
Red,淡水,2017-09-12,65078.0
Red,象山,2017-09-12,22410.0
Red,台北101/世貿,2017-09-12,59376.0
Red,信義安和,2017-09-12,34448.0
Red,大安森林公園,2017-09-12,14876.0
Red,東門,2017-09-12,25579.5
Red,大安,2017-09-12,28242.5
Red,中正紀念堂,2017-09-13,30344.0
Red,台大醫院,2017-09-13,48150.0
Red,台北車站,2017-09-13,123536.0
Red,中山,2017-09-13,37892.5
Red,雙連,2017-09-13,42942.0
Red,民權西路,2017-09-13,26302.0
Red,圓山,2017-09-13,45958.0
Red,劍潭,2017-09-13,53368.0
Red,士林,2017-09-13,49248.0
Red,芝山,2017-09-13,41877.0
Red,明德,2017-09-13,24797.0
Red,石牌,2017-09-13,57373.0
Red,唭哩岸,2017-09-13,14637.0
Red,奇岩,2017-09-13,17280.0
Red,北投,2017-09-13,31389.0
Red,新北投,2017-09-13,9058.0
Red,復興崗,2017-09-13,6577.0
Red,忠義,2017-09-13,5656.0
Red,關渡,2017-09-13,22102.0
Red,竹圍,2017-09-13,16990.0
Red,紅樹林,2017-09-13,12608.0
Red,淡水,2017-09-13,53933.0
Red,象山,2017-09-13,19719.0
Red,台北101/世貿,2017-09-13,54249.0
Red,信義安和,2017-09-13,33164.0
Red,大安森林公園,2017-09-13,13334.0
Red,東門,2017-09-13,23156.0
Red,大安,2017-09-13,26937.5
Red,中正紀念堂,2017-09-14,31932.5
Red,台大醫院,2017-09-14,47168.0
Red,台北車站,2017-09-14,126108.5
Red,中山,2017-09-14,39204.5
Red,雙連,2017-09-14,43147.0
Red,民權西路,2017-09-14,26560.0
Red,圓山,2017-09-14,48339.0
Red,劍潭,2017-09-14,55999.0
Red,士林,2017-09-14,50362.0
Red,芝山,2017-09-14,43622.0
Red,明德,2017-09-14,24646.0
Red,石牌,2017-09-14,58510.0
Red,唭哩岸,2017-09-14,14694.0
Red,奇岩,2017-09-14,17788.0
Red,北投,2017-09-14,32237.0
Red,新北投,2017-09-14,9585.0
Red,復興崗,2017-09-14,6699.0
Red,忠義,2017-09-14,5418.0
Red,關渡,2017-09-14,22693.0
Red,竹圍,2017-09-14,17510.0
Red,紅樹林,2017-09-14,12827.0
Red,淡水,2017-09-14,59607.0
Red,象山,2017-09-14,20847.0
Red,台北101/世貿,2017-09-14,52613.0
Red,信義安和,2017-09-14,33585.0
Red,大安森林公園,2017-09-14,14273.0
Red,東門,2017-09-14,24043.0
Red,大安,2017-09-14,27190.5
Red,中正紀念堂,2017-09-15,37444.5
Red,台大醫院,2017-09-15,51581.0
Red,台北車站,2017-09-15,171848.0
Red,中山,2017-09-15,47450.0
Red,雙連,2017-09-15,48180.0
Red,民權西路,2017-09-15,30546.0
Red,圓山,2017-09-15,55147.0
Red,劍潭,2017-09-15,72687.0
Red,士林,2017-09-15,57063.0
Red,芝山,2017-09-15,50728.0
Red,明德,2017-09-15,27291.0
Red,石牌,2017-09-15,65751.0
Red,唭哩岸,2017-09-15,15887.0
Red,奇岩,2017-09-15,18930.0
Red,北投,2017-09-15,37845.0
Red,新北投,2017-09-15,11684.0
Red,復興崗,2017-09-15,7137.0
Red,忠義,2017-09-15,6058.0
Red,關渡,2017-09-15,25324.0
Red,竹圍,2017-09-15,19981.0
Red,紅樹林,2017-09-15,15172.0
Red,淡水,2017-09-15,76549.0
Red,象山,2017-09-15,23387.0
Red,台北101/世貿,2017-09-15,60176.0
Red,信義安和,2017-09-15,37088.0
Red,大安森林公園,2017-09-15,16129.0
Red,東門,2017-09-15,27974.0
Red,大安,2017-09-15,29254.5
Red,中正紀念堂,2017-09-16,32127.0
Red,台大醫院,2017-09-16,31440.0
Red,台北車站,2017-09-16,175509.5
Red,中山,2017-09-16,49671.5
Red,雙連,2017-09-16,41190.0
Red,民權西路,2017-09-16,24164.0
Red,圓山,2017-09-16,56323.0
Red,劍潭,2017-09-16,80110.0
Red,士林,2017-09-16,59244.0
Red,芝山,2017-09-16,45991.0
Red,明德,2017-09-16,20769.0
Red,石牌,2017-09-16,50802.0
Red,唭哩岸,2017-09-16,12187.0
Red,奇岩,2017-09-16,13885.0
Red,北投,2017-09-16,31199.0
Red,新北投,2017-09-16,12811.0
Red,復興崗,2017-09-16,6231.0
Red,忠義,2017-09-16,3753.0
Red,關渡,2017-09-16,18371.0
Red,竹圍,2017-09-16,18111.0
Red,紅樹林,2017-09-16,11976.0
Red,淡水,2017-09-16,89148.0
Red,象山,2017-09-16,19857.0
Red,台北101/世貿,2017-09-16,57923.0
Red,信義安和,2017-09-16,27978.0
Red,大安森林公園,2017-09-16,20989.0
Red,東門,2017-09-16,27790.5
Red,大安,2017-09-16,19597.5
Red,中正紀念堂,2017-09-17,27944.0
Red,台大醫院,2017-09-17,21753.0
Red,台北車站,2017-09-17,175326.5
Red,中山,2017-09-17,41216.5
Red,雙連,2017-09-17,29241.0
Red,民權西路,2017-09-17,22683.5
Red,圓山,2017-09-17,49877.0
Red,劍潭,2017-09-17,67817.0
Red,士林,2017-09-17,48802.0
Red,芝山,2017-09-17,36829.0
Red,明德,2017-09-17,14751.0
Red,石牌,2017-09-17,40498.0
Red,唭哩岸,2017-09-17,10318.0
Red,奇岩,2017-09-17,11079.0
Red,北投,2017-09-17,26593.0
Red,新北投,2017-09-17,11529.0
Red,復興崗,2017-09-17,5483.0
Red,忠義,2017-09-17,3185.0
Red,關渡,2017-09-17,16754.0
Red,竹圍,2017-09-17,14695.0
Red,紅樹林,2017-09-17,10275.0
Red,淡水,2017-09-17,88356.0
Red,象山,2017-09-17,16910.0
Red,台北101/世貿,2017-09-17,46979.0
Red,信義安和,2017-09-17,21468.0
Red,大安森林公園,2017-09-17,18904.0
Red,東門,2017-09-17,23978.5
Red,大安,2017-09-17,14042.0
Red,中正紀念堂,2017-09-18,31795.5
Red,台大醫院,2017-09-18,49943.0
Red,台北車站,2017-09-18,141823.0
Red,中山,2017-09-18,39365.5
Red,雙連,2017-09-18,44664.0
Red,民權西路,2017-09-18,28564.5
Red,圓山,2017-09-18,50204.0
Red,劍潭,2017-09-18,67876.0
Red,士林,2017-09-18,55126.0
Red,芝山,2017-09-18,43979.0
Red,明德,2017-09-18,26498.0
Red,石牌,2017-09-18,61044.0
Red,唭哩岸,2017-09-18,14874.0
Red,奇岩,2017-09-18,17552.0
Red,北投,2017-09-18,34285.0
Red,新北投,2017-09-18,9666.0
Red,復興崗,2017-09-18,6802.0
Red,忠義,2017-09-18,5751.0
Red,關渡,2017-09-18,27282.0
Red,竹圍,2017-09-18,19004.0
Red,紅樹林,2017-09-18,13309.0
Red,淡水,2017-09-18,71291.0
Red,象山,2017-09-18,21775.0
Red,台北101/世貿,2017-09-18,51291.0
Red,信義安和,2017-09-18,33228.0
Red,大安森林公園,2017-09-18,14626.0
Red,東門,2017-09-18,24149.5
Red,大安,2017-09-18,26802.0
Red,中正紀念堂,2017-09-19,34131.0
Red,台大醫院,2017-09-19,50960.0
Red,台北車站,2017-09-19,135754.5
Red,中山,2017-09-19,40995.5
Red,雙連,2017-09-19,45227.0
Red,民權西路,2017-09-19,28259.5
Red,圓山,2017-09-19,52824.0
Red,劍潭,2017-09-19,68355.0
Red,士林,2017-09-19,55893.0
Red,芝山,2017-09-19,45705.0
Red,明德,2017-09-19,26740.0
Red,石牌,2017-09-19,61445.0
Red,唭哩岸,2017-09-19,15139.0
Red,奇岩,2017-09-19,18146.0
Red,北投,2017-09-19,35116.0
Red,新北投,2017-09-19,9713.0
Red,復興崗,2017-09-19,6777.0
Red,忠義,2017-09-19,5968.0
Red,關渡,2017-09-19,27641.0
Red,竹圍,2017-09-19,18821.0
Red,紅樹林,2017-09-19,13622.0
Red,淡水,2017-09-19,70155.0
Red,象山,2017-09-19,22036.0
Red,台北101/世貿,2017-09-19,52220.0
Red,信義安和,2017-09-19,34048.0
Red,大安森林公園,2017-09-19,14726.0
Red,東門,2017-09-19,25218.0
Red,大安,2017-09-19,27619.5
Red,中正紀念堂,2017-09-20,33504.0
Red,台大醫院,2017-09-20,52702.0
Red,台北車站,2017-09-20,140658.5
Red,中山,2017-09-20,41877.0
Red,雙連,2017-09-20,47195.0
Red,民權西路,2017-09-20,29047.5
Red,圓山,2017-09-20,52730.0
Red,劍潭,2017-09-20,70343.0
Red,士林,2017-09-20,57495.0
Red,芝山,2017-09-20,45483.0
Red,明德,2017-09-20,27144.0
Red,石牌,2017-09-20,63140.0
Red,唭哩岸,2017-09-20,15311.0
Red,奇岩,2017-09-20,18271.0
Red,北投,2017-09-20,35709.0
Red,新北投,2017-09-20,9969.0
Red,復興崗,2017-09-20,6933.0
Red,忠義,2017-09-20,6084.0
Red,關渡,2017-09-20,28610.0
Red,竹圍,2017-09-20,19102.0
Red,紅樹林,2017-09-20,13941.0
Red,淡水,2017-09-20,71298.0
Red,象山,2017-09-20,22569.0
Red,台北101/世貿,2017-09-20,55129.0
Red,信義安和,2017-09-20,34054.0
Red,大安森林公園,2017-09-20,15135.0
Red,東門,2017-09-20,25290.0
Red,大安,2017-09-20,27713.0
Red,中正紀念堂,2017-09-21,34684.5
Red,台大醫院,2017-09-21,50499.0
Red,台北車站,2017-09-21,144340.5
Red,中山,2017-09-21,42746.0
Red,雙連,2017-09-21,45019.0
Red,民權西路,2017-09-21,29086.5
Red,圓山,2017-09-21,52652.0
Red,劍潭,2017-09-21,69516.0
Red,士林,2017-09-21,58147.0
Red,芝山,2017-09-21,45876.0
Red,明德,2017-09-21,26882.0
Red,石牌,2017-09-21,62678.0
Red,唭哩岸,2017-09-21,15160.0
Red,奇岩,2017-09-21,18308.0
Red,北投,2017-09-21,35205.0
Red,新北投,2017-09-21,10388.0
Red,復興崗,2017-09-21,6819.0
Red,忠義,2017-09-21,6196.0
Red,關渡,2017-09-21,27975.0
Red,竹圍,2017-09-21,19239.0
Red,紅樹林,2017-09-21,13992.0
Red,淡水,2017-09-21,72031.0
Red,象山,2017-09-21,22763.0
Red,台北101/世貿,2017-09-21,64698.0
Red,信義安和,2017-09-21,35076.0
Red,大安森林公園,2017-09-21,15281.0
Red,東門,2017-09-21,25778.0
Red,大安,2017-09-21,28028.0
Red,中正紀念堂,2017-09-22,38859.0
Red,台大醫院,2017-09-22,52095.0
Red,台北車站,2017-09-22,182615.5
Red,中山,2017-09-22,48859.5
Red,雙連,2017-09-22,48493.0
Red,民權西路,2017-09-22,31119.0
Red,圓山,2017-09-22,56757.0
Red,劍潭,2017-09-22,77102.0
Red,士林,2017-09-22,62402.0
Red,芝山,2017-09-22,49784.0
Red,明德,2017-09-22,27858.0
Red,石牌,2017-09-22,65901.0
Red,唭哩岸,2017-09-22,16121.0
Red,奇岩,2017-09-22,18502.0
Red,北投,2017-09-22,38123.0
Red,新北投,2017-09-22,11309.0
Red,復興崗,2017-09-22,7195.0
Red,忠義,2017-09-22,5968.0
Red,關渡,2017-09-22,28633.0
Red,竹圍,2017-09-22,20201.0
Red,紅樹林,2017-09-22,14866.0
Red,淡水,2017-09-22,81481.0
Red,象山,2017-09-22,23688.0
Red,台北101/世貿,2017-09-22,72722.0
Red,信義安和,2017-09-22,36883.0
Red,大安森林公園,2017-09-22,16212.0
Red,東門,2017-09-22,28596.0
Red,大安,2017-09-22,29474.0
Red,中正紀念堂,2017-09-23,30676.0
Red,台大醫院,2017-09-23,28026.0
Red,台北車站,2017-09-23,179862.5
Red,中山,2017-09-23,49978.0
Red,雙連,2017-09-23,40481.0
Red,民權西路,2017-09-23,24106.5
Red,圓山,2017-09-23,54038.0
Red,劍潭,2017-09-23,79199.0
Red,士林,2017-09-23,56996.0
Red,芝山,2017-09-23,43653.0
Red,明德,2017-09-23,19292.0
Red,石牌,2017-09-23,50432.0
Red,唭哩岸,2017-09-23,12613.0
Red,奇岩,2017-09-23,13000.0
Red,北投,2017-09-23,30936.0
Red,新北投,2017-09-23,13670.0
Red,復興崗,2017-09-23,6461.0
Red,忠義,2017-09-23,3807.0
Red,關渡,2017-09-23,19925.0
Red,竹圍,2017-09-23,17540.0
Red,紅樹林,2017-09-23,11578.0
Red,淡水,2017-09-23,86937.0
Red,象山,2017-09-23,18584.0
Red,台北101/世貿,2017-09-23,69583.0
Red,信義安和,2017-09-23,27735.0
Red,大安森林公園,2017-09-23,20682.0
Red,東門,2017-09-23,28055.0
Red,大安,2017-09-23,19387.5
Red,中正紀念堂,2017-09-24,26776.5
Red,台大醫院,2017-09-24,22532.0
Red,台北車站,2017-09-24,178612.0
Red,中山,2017-09-24,41759.5
Red,雙連,2017-09-24,29071.0
Red,民權西路,2017-09-24,22122.0
Red,圓山,2017-09-24,48779.0
Red,劍潭,2017-09-24,66357.0
Red,士林,2017-09-24,46717.0
Red,芝山,2017-09-24,36263.0
Red,明德,2017-09-24,15429.0
Red,石牌,2017-09-24,40288.0
Red,唭哩岸,2017-09-24,10703.0
Red,奇岩,2017-09-24,10594.0
Red,北投,2017-09-24,26444.0
Red,新北投,2017-09-24,10381.0
Red,復興崗,2017-09-24,5428.0
Red,忠義,2017-09-24,3132.0
Red,關渡,2017-09-24,16506.0
Red,竹圍,2017-09-24,14496.0
Red,紅樹林,2017-09-24,9706.0
Red,淡水,2017-09-24,80738.0
Red,象山,2017-09-24,16313.0
Red,台北101/世貿,2017-09-24,61135.0
Red,信義安和,2017-09-24,21378.0
Red,大安森林公園,2017-09-24,18830.0
Red,東門,2017-09-24,23577.0
Red,大安,2017-09-24,14116.0
Red,中正紀念堂,2017-09-25,31954.0
Red,台大醫院,2017-09-25,51177.0
Red,台北車站,2017-09-25,145801.0
Red,中山,2017-09-25,39590.5
Red,雙連,2017-09-25,44117.0
Red,民權西路,2017-09-25,28472.0
Red,圓山,2017-09-25,50004.0
Red,劍潭,2017-09-25,66918.0
Red,士林,2017-09-25,54335.0
Red,芝山,2017-09-25,43534.0
Red,明德,2017-09-25,26290.0
Red,石牌,2017-09-25,62544.0
Red,唭哩岸,2017-09-25,14700.0
Red,奇岩,2017-09-25,17281.0
Red,北投,2017-09-25,33907.0
Red,新北投,2017-09-25,9661.0
Red,復興崗,2017-09-25,6590.0
Red,忠義,2017-09-25,5810.0
Red,關渡,2017-09-25,26969.0
Red,竹圍,2017-09-25,18737.0
Red,紅樹林,2017-09-25,13339.0
Red,淡水,2017-09-25,69989.0
Red,象山,2017-09-25,21134.0
Red,台北101/世貿,2017-09-25,64116.0
Red,信義安和,2017-09-25,32936.0
Red,大安森林公園,2017-09-25,14354.0
Red,東門,2017-09-25,23891.0
Red,大安,2017-09-25,26787.0
Red,中正紀念堂,2017-09-26,33925.0
Red,台大醫院,2017-09-26,51551.0
Red,台北車站,2017-09-26,137716.0
Red,中山,2017-09-26,41168.5
Red,雙連,2017-09-26,45265.0
Red,民權西路,2017-09-26,28723.0
Red,圓山,2017-09-26,51916.0
Red,劍潭,2017-09-26,68586.0
Red,士林,2017-09-26,55154.0
Red,芝山,2017-09-26,45403.0
Red,明德,2017-09-26,26735.0
Red,石牌,2017-09-26,62135.0
Red,唭哩岸,2017-09-26,14856.0
Red,奇岩,2017-09-26,18242.0
Red,北投,2017-09-26,34853.0
Red,新北投,2017-09-26,10051.0
Red,復興崗,2017-09-26,6852.0
Red,忠義,2017-09-26,5817.0
Red,關渡,2017-09-26,27634.0
Red,竹圍,2017-09-26,19347.0
Red,紅樹林,2017-09-26,13719.0
Red,淡水,2017-09-26,69510.0
Red,象山,2017-09-26,21680.0
Red,台北101/世貿,2017-09-26,53604.0
Red,信義安和,2017-09-26,34708.0
Red,大安森林公園,2017-09-26,14604.0
Red,東門,2017-09-26,24913.5
Red,大安,2017-09-26,27541.5
Red,中正紀念堂,2017-09-27,34497.5
Red,台大醫院,2017-09-27,53226.0
Red,台北車站,2017-09-27,140763.5
Red,中山,2017-09-27,42231.5
Red,雙連,2017-09-27,46892.0
Red,民權西路,2017-09-27,29242.0
Red,圓山,2017-09-27,52923.0
Red,劍潭,2017-09-27,68834.0
Red,士林,2017-09-27,57215.0
Red,芝山,2017-09-27,46300.0
Red,明德,2017-09-27,26704.0
Red,石牌,2017-09-27,63730.0
Red,唭哩岸,2017-09-27,15252.0
Red,奇岩,2017-09-27,18039.0
Red,北投,2017-09-27,35104.0
Red,新北投,2017-09-27,9875.0
Red,復興崗,2017-09-27,6948.0
Red,忠義,2017-09-27,6107.0
Red,關渡,2017-09-27,28028.0
Red,竹圍,2017-09-27,19460.0
Red,紅樹林,2017-09-27,13724.0
Red,淡水,2017-09-27,70892.0
Red,象山,2017-09-27,23048.0
Red,台北101/世貿,2017-09-27,55819.0
Red,信義安和,2017-09-27,34647.0
Red,大安森林公園,2017-09-27,15140.0
Red,東門,2017-09-27,25613.5
Red,大安,2017-09-27,27947.0
Red,中正紀念堂,2017-09-28,33961.0
Red,台大醫院,2017-09-28,51520.0
Red,台北車站,2017-09-28,145400.5
Red,中山,2017-09-28,42604.0
Red,雙連,2017-09-28,46780.0
Red,民權西路,2017-09-28,29396.5
Red,圓山,2017-09-28,53148.0
Red,劍潭,2017-09-28,68906.0
Red,士林,2017-09-28,53750.0
Red,芝山,2017-09-28,45798.0
Red,明德,2017-09-28,26910.0
Red,石牌,2017-09-28,63013.0
Red,唭哩岸,2017-09-28,15139.0
Red,奇岩,2017-09-28,18359.0
Red,北投,2017-09-28,35053.0
Red,新北投,2017-09-28,10411.0
Red,復興崗,2017-09-28,6874.0
Red,忠義,2017-09-28,6014.0
Red,關渡,2017-09-28,27574.0
Red,竹圍,2017-09-28,19377.0
Red,紅樹林,2017-09-28,13650.0
Red,淡水,2017-09-28,70313.0
Red,象山,2017-09-28,22125.0
Red,台北101/世貿,2017-09-28,62377.0
Red,信義安和,2017-09-28,35232.0
Red,大安森林公園,2017-09-28,15817.0
Red,東門,2017-09-28,26145.0
Red,大安,2017-09-28,28574.0
Red,中正紀念堂,2017-09-29,37232.5
Red,台大醫院,2017-09-29,52566.0
Red,台北車站,2017-09-29,164675.5
Red,中山,2017-09-29,47071.0
Red,雙連,2017-09-29,48377.0
Red,民權西路,2017-09-29,31343.0
Red,圓山,2017-09-29,57138.0
Red,劍潭,2017-09-29,74663.0
Red,士林,2017-09-29,61596.0
Red,芝山,2017-09-29,48216.0
Red,明德,2017-09-29,27370.0
Red,石牌,2017-09-29,64863.0
Red,唭哩岸,2017-09-29,15766.0
Red,奇岩,2017-09-29,18822.0
Red,北投,2017-09-29,36712.0
Red,新北投,2017-09-29,11351.0
Red,復興崗,2017-09-29,7278.0
Red,忠義,2017-09-29,6192.0
Red,關渡,2017-09-29,28265.0
Red,竹圍,2017-09-29,20268.0
Red,紅樹林,2017-09-29,14614.0
Red,淡水,2017-09-29,77644.0
Red,象山,2017-09-29,24014.0
Red,台北101/世貿,2017-09-29,67106.0
Red,信義安和,2017-09-29,36449.0
Red,大安森林公園,2017-09-29,16449.0
Red,東門,2017-09-29,27939.0
Red,大安,2017-09-29,29552.5
Red,中正紀念堂,2017-09-30,38182.5
Red,台大醫院,2017-09-30,34929.0
Red,台北車站,2017-09-30,169582.0
Red,中山,2017-09-30,50878.0
Red,雙連,2017-09-30,42918.0
Red,民權西路,2017-09-30,28710.0
Red,圓山,2017-09-30,58845.0
Red,劍潭,2017-09-30,72806.0
Red,士林,2017-09-30,59534.0
Red,芝山,2017-09-30,46304.0
Red,明德,2017-09-30,24253.0
Red,石牌,2017-09-30,58152.0
Red,唭哩岸,2017-09-30,13704.0
Red,奇岩,2017-09-30,15976.0
Red,北投,2017-09-30,36382.0
Red,新北投,2017-09-30,13402.0
Red,復興崗,2017-09-30,7129.0
Red,忠義,2017-09-30,3968.0
Red,關渡,2017-09-30,20500.0
Red,竹圍,2017-09-30,19157.0
Red,紅樹林,2017-09-30,13414.0
Red,淡水,2017-09-30,83850.0
Red,象山,2017-09-30,23824.0
Red,台北101/世貿,2017-09-30,70327.0
Red,信義安和,2017-09-30,33440.0
Red,大安森林公園,2017-09-30,19854.0
Red,東門,2017-09-30,28803.0
Red,大安,2017-09-30,26407.5
Red,中正紀念堂,2017-10-01,27756.5
Red,台大醫院,2017-10-01,23141.0
Red,台北車站,2017-10-01,168899.0
Red,中山,2017-10-01,43994.5
Red,雙連,2017-10-01,29540.0
Red,民權西路,2017-10-01,21183.0
Red,圓山,2017-10-01,52876.0
Red,劍潭,2017-10-01,63863.0
Red,士林,2017-10-01,48373.0
Red,芝山,2017-10-01,35631.0
Red,明德,2017-10-01,15467.0
Red,石牌,2017-10-01,41499.0
Red,唭哩岸,2017-10-01,10721.0
Red,奇岩,2017-10-01,10680.0
Red,北投,2017-10-01,27405.0
Red,新北投,2017-10-01,11156.0
Red,復興崗,2017-10-01,5506.0
Red,忠義,2017-10-01,5500.0
Red,關渡,2017-10-01,16692.0
Red,竹圍,2017-10-01,15257.0
Red,紅樹林,2017-10-01,11079.0
Red,淡水,2017-10-01,82063.0
Red,象山,2017-10-01,16876.0
Red,台北101/世貿,2017-10-01,53072.0
Red,信義安和,2017-10-01,21702.0
Red,大安森林公園,2017-10-01,18497.0
Red,東門,2017-10-01,24187.5
Red,大安,2017-10-01,14288.0
Red,中正紀念堂,2017-10-02,34059.0
Red,台大醫院,2017-10-02,52085.0
Red,台北車站,2017-10-02,145851.0
Red,中山,2017-10-02,41724.5
Red,雙連,2017-10-02,46554.0
Red,民權西路,2017-10-02,29199.5
Red,圓山,2017-10-02,51332.0
Red,劍潭,2017-10-02,67969.0
Red,士林,2017-10-02,58990.0
Red,芝山,2017-10-02,44002.0
Red,明德,2017-10-02,26251.0
Red,石牌,2017-10-02,62151.0
Red,唭哩岸,2017-10-02,14762.0
Red,奇岩,2017-10-02,17296.0
Red,北投,2017-10-02,34519.0
Red,新北投,2017-10-02,9949.0
Red,復興崗,2017-10-02,6871.0
Red,忠義,2017-10-02,5735.0
Red,關渡,2017-10-02,27154.0
Red,竹圍,2017-10-02,19082.0
Red,紅樹林,2017-10-02,13786.0
Red,淡水,2017-10-02,74041.0
Red,象山,2017-10-02,22772.0
Red,台北101/世貿,2017-10-02,57428.0
Red,信義安和,2017-10-02,33873.0
Red,大安森林公園,2017-10-02,15232.0
Red,東門,2017-10-02,26075.5
Red,大安,2017-10-02,27398.0
Red,中正紀念堂,2017-10-03,37212.5
Red,台大醫院,2017-10-03,52542.0
Red,台北車站,2017-10-03,153641.0
Red,中山,2017-10-03,45978.0
Red,雙連,2017-10-03,48755.0
Red,民權西路,2017-10-03,29577.0
Red,圓山,2017-10-03,54726.0
Red,劍潭,2017-10-03,73466.0
Red,士林,2017-10-03,64554.0
Red,芝山,2017-10-03,48390.0
Red,明德,2017-10-03,28135.0
Red,石牌,2017-10-03,64989.0
Red,唭哩岸,2017-10-03,15808.0
Red,奇岩,2017-10-03,18676.0
Red,北投,2017-10-03,36947.0
Red,新北投,2017-10-03,11443.0
Red,復興崗,2017-10-03,7079.0
Red,忠義,2017-10-03,6070.0
Red,關渡,2017-10-03,28349.0
Red,竹圍,2017-10-03,20212.0
Red,紅樹林,2017-10-03,14508.0
Red,淡水,2017-10-03,79483.0
Red,象山,2017-10-03,23804.0
Red,台北101/世貿,2017-10-03,62845.0
Red,信義安和,2017-10-03,36989.0
Red,大安森林公園,2017-10-03,15803.0
Red,東門,2017-10-03,27652.0
Red,大安,2017-10-03,29273.0
Red,中正紀念堂,2017-10-04,20501.5
Red,台大醫院,2017-10-04,16400.0
Red,台北車站,2017-10-04,121171.0
Red,中山,2017-10-04,40186.0
Red,雙連,2017-10-04,26113.0
Red,民權西路,2017-10-04,16250.5
Red,圓山,2017-10-04,35247.0
Red,劍潭,2017-10-04,54735.0
Red,士林,2017-10-04,44750.0
Red,芝山,2017-10-04,31842.0
Red,明德,2017-10-04,13216.0
Red,石牌,2017-10-04,37527.0
Red,唭哩岸,2017-10-04,9779.0
Red,奇岩,2017-10-04,9518.0
Red,北投,2017-10-04,23909.0
Red,新北投,2017-10-04,10445.0
Red,復興崗,2017-10-04,4761.0
Red,忠義,2017-10-04,2940.0
Red,關渡,2017-10-04,15264.0
Red,竹圍,2017-10-04,13644.0
Red,紅樹林,2017-10-04,8898.0
Red,淡水,2017-10-04,70191.0
Red,象山,2017-10-04,12477.0
Red,台北101/世貿,2017-10-04,44652.0
Red,信義安和,2017-10-04,19375.0
Red,大安森林公園,2017-10-04,10633.0
Red,東門,2017-10-04,20999.5
Red,大安,2017-10-04,11716.0
Red,中正紀念堂,2017-10-05,35747.0
Red,台大醫院,2017-10-05,51730.0
Red,台北車站,2017-10-05,151166.0
Red,中山,2017-10-05,54971.0
Red,雙連,2017-10-05,45681.0
Red,民權西路,2017-10-05,28819.0
Red,圓山,2017-10-05,52833.0
Red,劍潭,2017-10-05,72116.0
Red,士林,2017-10-05,61316.0
Red,芝山,2017-10-05,45905.0
Red,明德,2017-10-05,26983.0
Red,石牌,2017-10-05,63137.0
Red,唭哩岸,2017-10-05,15000.0
Red,奇岩,2017-10-05,18120.0
Red,北投,2017-10-05,35927.0
Red,新北投,2017-10-05,12402.0
Red,復興崗,2017-10-05,6847.0
Red,忠義,2017-10-05,5805.0
Red,關渡,2017-10-05,26575.0
Red,竹圍,2017-10-05,18959.0
Red,紅樹林,2017-10-05,13994.0
Red,淡水,2017-10-05,79480.0
Red,象山,2017-10-05,23930.0
Red,台北101/世貿,2017-10-05,60417.0
Red,信義安和,2017-10-05,34959.0
Red,大安森林公園,2017-10-05,15059.0
Red,東門,2017-10-05,27146.0
Red,大安,2017-10-05,28022.5
Red,中正紀念堂,2017-10-06,37360.0
Red,台大醫院,2017-10-06,51480.0
Red,台北車站,2017-10-06,198733.0
Red,中山,2017-10-06,57469.5
Red,雙連,2017-10-06,48781.0
Red,民權西路,2017-10-06,31078.5
Red,圓山,2017-10-06,57351.0
Red,劍潭,2017-10-06,76562.0
Red,士林,2017-10-06,65871.0
Red,芝山,2017-10-06,48827.0
Red,明德,2017-10-06,27738.0
Red,石牌,2017-10-06,65808.0
Red,唭哩岸,2017-10-06,15643.0
Red,奇岩,2017-10-06,19354.0
Red,北投,2017-10-06,38718.0
Red,新北投,2017-10-06,12890.0
Red,復興崗,2017-10-06,7345.0
Red,忠義,2017-10-06,6151.0
Red,關渡,2017-10-06,28498.0
Red,竹圍,2017-10-06,20198.0
Red,紅樹林,2017-10-06,14334.0
Red,淡水,2017-10-06,86454.0
Red,象山,2017-10-06,23636.0
Red,台北101/世貿,2017-10-06,71350.0
Red,信義安和,2017-10-06,37099.0
Red,大安森林公園,2017-10-06,16706.0
Red,東門,2017-10-06,28650.5
Red,大安,2017-10-06,29220.5
Red,中正紀念堂,2017-10-07,30664.5
Red,台大醫院,2017-10-07,25125.0
Red,台北車站,2017-10-07,189563.0
Red,中山,2017-10-07,58054.0
Red,雙連,2017-10-07,37198.0
Red,民權西路,2017-10-07,21818.5
Red,圓山,2017-10-07,59556.0
Red,劍潭,2017-10-07,73043.0
Red,士林,2017-10-07,55366.0
Red,芝山,2017-10-07,38705.0
Red,明德,2017-10-07,17775.0
Red,石牌,2017-10-07,44294.0
Red,唭哩岸,2017-10-07,11569.0
Red,奇岩,2017-10-07,9717.0
Red,北投,2017-10-07,28893.0
Red,新北投,2017-10-07,14873.0
Red,復興崗,2017-10-07,5928.0
Red,忠義,2017-10-07,3846.0
Red,關渡,2017-10-07,16920.0
Red,竹圍,2017-10-07,16346.0
Red,紅樹林,2017-10-07,11247.0
Red,淡水,2017-10-07,89391.0
Red,象山,2017-10-07,16618.0
Red,台北101/世貿,2017-10-07,65186.0
Red,信義安和,2017-10-07,24442.0
Red,大安森林公園,2017-10-07,17469.0
Red,東門,2017-10-07,26239.5
Red,大安,2017-10-07,16321.0
Red,中正紀念堂,2017-10-08,29918.5
Red,台大醫院,2017-10-08,24197.0
Red,台北車站,2017-10-08,182603.0
Red,中山,2017-10-08,54937.5
Red,雙連,2017-10-08,30073.0
Red,民權西路,2017-10-08,22172.0
Red,圓山,2017-10-08,57109.0
Red,劍潭,2017-10-08,70720.0
Red,士林,2017-10-08,50299.0
Red,芝山,2017-10-08,35024.0
Red,明德,2017-10-08,14649.0
Red,石牌,2017-10-08,36482.0
Red,唭哩岸,2017-10-08,9967.0
Red,奇岩,2017-10-08,8640.0
Red,北投,2017-10-08,25646.0
Red,新北投,2017-10-08,16516.0
Red,復興崗,2017-10-08,5069.0
Red,忠義,2017-10-08,3271.0
Red,關渡,2017-10-08,15150.0
Red,竹圍,2017-10-08,14360.0
Red,紅樹林,2017-10-08,10937.0
Red,淡水,2017-10-08,102457.0
Red,象山,2017-10-08,17355.0
Red,台北101/世貿,2017-10-08,67846.0
Red,信義安和,2017-10-08,20983.0
Red,大安森林公園,2017-10-08,18449.0
Red,東門,2017-10-08,24803.5
Red,大安,2017-10-08,13299.0
Red,中正紀念堂,2017-10-09,25259.5
Red,台大醫院,2017-10-09,36607.0
Red,台北車站,2017-10-09,176909.0
Red,中山,2017-10-09,52224.5
Red,雙連,2017-10-09,37670.0
Red,民權西路,2017-10-09,20520.5
Red,圓山,2017-10-09,51821.0
Red,劍潭,2017-10-09,72482.0
Red,士林,2017-10-09,51405.0
Red,芝山,2017-10-09,38016.0
Red,明德,2017-10-09,17712.0
Red,石牌,2017-10-09,42820.0
Red,唭哩岸,2017-10-09,10654.0
Red,奇岩,2017-10-09,9598.0
Red,北投,2017-10-09,26513.0
Red,新北投,2017-10-09,14497.0
Red,復興崗,2017-10-09,5242.0
Red,忠義,2017-10-09,4965.0
Red,關渡,2017-10-09,17227.0
Red,竹圍,2017-10-09,15986.0
Red,紅樹林,2017-10-09,10837.0
Red,淡水,2017-10-09,114003.0
Red,象山,2017-10-09,20676.0
Red,台北101/世貿,2017-10-09,62421.0
Red,信義安和,2017-10-09,22553.0
Red,大安森林公園,2017-10-09,14258.0
Red,東門,2017-10-09,22181.5
Red,大安,2017-10-09,14311.0
Red,中正紀念堂,2017-10-10,27123.0
Red,台大醫院,2017-10-10,29178.0
Red,台北車站,2017-10-10,174355.5
Red,中山,2017-10-10,44836.5
Red,雙連,2017-10-10,26378.0
Red,民權西路,2017-10-10,18151.5
Red,圓山,2017-10-10,46601.0
Red,劍潭,2017-10-10,57771.0
Red,士林,2017-10-10,43878.0
Red,芝山,2017-10-10,33814.0
Red,明德,2017-10-10,13615.0
Red,石牌,2017-10-10,36809.0
Red,唭哩岸,2017-10-10,9601.0
Red,奇岩,2017-10-10,8186.0
Red,北投,2017-10-10,25062.0
Red,新北投,2017-10-10,10879.0
Red,復興崗,2017-10-10,4397.0
Red,忠義,2017-10-10,4284.0
Red,關渡,2017-10-10,15341.0
Red,竹圍,2017-10-10,13448.0
Red,紅樹林,2017-10-10,9345.0
Red,淡水,2017-10-10,84280.0
Red,象山,2017-10-10,16007.0
Red,台北101/世貿,2017-10-10,43362.0
Red,信義安和,2017-10-10,19697.0
Red,大安森林公園,2017-10-10,11869.0
Red,東門,2017-10-10,19433.0
Red,大安,2017-10-10,12464.0
Red,中正紀念堂,2017-10-11,32502.5
Red,台大醫院,2017-10-11,50788.0
Red,台北車站,2017-10-11,144240.0
Red,中山,2017-10-11,41424.0
Red,雙連,2017-10-11,44447.0
Red,民權西路,2017-10-11,28221.0
Red,圓山,2017-10-11,50189.0
Red,劍潭,2017-10-11,65240.0
Red,士林,2017-10-11,54566.0
Red,芝山,2017-10-11,43964.0
Red,明德,2017-10-11,26817.0
Red,石牌,2017-10-11,62820.0
Red,唭哩岸,2017-10-11,15155.0
Red,奇岩,2017-10-11,14655.0
Red,北投,2017-10-11,35083.0
Red,新北投,2017-10-11,10144.0
Red,復興崗,2017-10-11,6849.0
Red,忠義,2017-10-11,5862.0
Red,關渡,2017-10-11,26887.0
Red,竹圍,2017-10-11,18825.0
Red,紅樹林,2017-10-11,13761.0
Red,淡水,2017-10-11,70985.0
Red,象山,2017-10-11,21407.0
Red,台北101/世貿,2017-10-11,50193.0
Red,信義安和,2017-10-11,33856.0
Red,大安森林公園,2017-10-11,14321.0
Red,東門,2017-10-11,23747.5
Red,大安,2017-10-11,27224.0
Red,中正紀念堂,2017-10-12,32399.0
Red,台大醫院,2017-10-12,49898.0
Red,台北車站,2017-10-12,135597.0
Red,中山,2017-10-12,42507.5
Red,雙連,2017-10-12,43979.0
Red,民權西路,2017-10-12,27887.0
Red,圓山,2017-10-12,49139.0
Red,劍潭,2017-10-12,61366.0
Red,士林,2017-10-12,53010.0
Red,芝山,2017-10-12,43916.0
Red,明德,2017-10-12,26300.0
Red,石牌,2017-10-12,61619.0
Red,唭哩岸,2017-10-12,15271.0
Red,奇岩,2017-10-12,14858.0
Red,北投,2017-10-12,33634.0
Red,新北投,2017-10-12,9854.0
Red,復興崗,2017-10-12,7118.0
Red,忠義,2017-10-12,5915.0
Red,關渡,2017-10-12,26834.0
Red,竹圍,2017-10-12,18870.0
Red,紅樹林,2017-10-12,13567.0
Red,淡水,2017-10-12,65363.0
Red,象山,2017-10-12,20327.0
Red,台北101/世貿,2017-10-12,55330.0
Red,信義安和,2017-10-12,34861.0
Red,大安森林公園,2017-10-12,14167.0
Red,東門,2017-10-12,23566.5
Red,大安,2017-10-12,28262.5
Red,中正紀念堂,2017-10-13,34391.5
Red,台大醫院,2017-10-13,51720.0
Red,台北車站,2017-10-13,166073.5
Red,中山,2017-10-13,48395.0
Red,雙連,2017-10-13,46896.0
Red,民權西路,2017-10-13,29939.0
Red,圓山,2017-10-13,52397.0
Red,劍潭,2017-10-13,64425.0
Red,士林,2017-10-13,57830.0
Red,芝山,2017-10-13,46477.0
Red,明德,2017-10-13,26931.0
Red,石牌,2017-10-13,62530.0
Red,唭哩岸,2017-10-13,15728.0
Red,奇岩,2017-10-13,14895.0
Red,北投,2017-10-13,34779.0
Red,新北投,2017-10-13,10644.0
Red,復興崗,2017-10-13,7097.0
Red,忠義,2017-10-13,5922.0
Red,關渡,2017-10-13,27513.0
Red,竹圍,2017-10-13,19266.0
Red,紅樹林,2017-10-13,14735.0
Red,淡水,2017-10-13,69204.0
Red,象山,2017-10-13,20323.0
Red,台北101/世貿,2017-10-13,60771.0
Red,信義安和,2017-10-13,37396.0
Red,大安森林公園,2017-10-13,14990.0
Red,東門,2017-10-13,27041.0
Red,大安,2017-10-13,30270.0
Red,中正紀念堂,2017-10-14,27031.0
Red,台大醫院,2017-10-14,24621.0
Red,台北車站,2017-10-14,151319.0
Red,中山,2017-10-14,48767.0
Red,雙連,2017-10-14,36721.0
Red,民權西路,2017-10-14,20412.5
Red,圓山,2017-10-14,45979.0
Red,劍潭,2017-10-14,53752.0
Red,士林,2017-10-14,44209.0
Red,芝山,2017-10-14,36217.0
Red,明德,2017-10-14,16448.0
Red,石牌,2017-10-14,43846.0
Red,唭哩岸,2017-10-14,10770.0
Red,奇岩,2017-10-14,11895.0
Red,北投,2017-10-14,24043.0
Red,新北投,2017-10-14,10515.0
Red,復興崗,2017-10-14,5555.0
Red,忠義,2017-10-14,3390.0
Red,關渡,2017-10-14,16024.0
Red,竹圍,2017-10-14,14859.0
Red,紅樹林,2017-10-14,9783.0
Red,淡水,2017-10-14,52980.0
Red,象山,2017-10-14,13294.0
Red,台北101/世貿,2017-10-14,55509.0
Red,信義安和,2017-10-14,24971.0
Red,大安森林公園,2017-10-14,14262.0
Red,東門,2017-10-14,23966.0
Red,大安,2017-10-14,17135.5
Red,中正紀念堂,2017-10-15,24433.0
Red,台大醫院,2017-10-15,22445.0
Red,台北車站,2017-10-15,157305.0
Red,中山,2017-10-15,44436.0
Red,雙連,2017-10-15,27135.0
Red,民權西路,2017-10-15,20873.0
Red,圓山,2017-10-15,42340.0
Red,劍潭,2017-10-15,51924.0
Red,士林,2017-10-15,40498.0
Red,芝山,2017-10-15,32488.0
Red,明德,2017-10-15,13925.0
Red,石牌,2017-10-15,38227.0
Red,唭哩岸,2017-10-15,9587.0
Red,奇岩,2017-10-15,9617.0
Red,北投,2017-10-15,23207.0
Red,新北投,2017-10-15,10470.0
Red,復興崗,2017-10-15,5181.0
Red,忠義,2017-10-15,2780.0
Red,關渡,2017-10-15,14734.0
Red,竹圍,2017-10-15,12935.0
Red,紅樹林,2017-10-15,8570.0
Red,淡水,2017-10-15,55929.0
Red,象山,2017-10-15,11096.0
Red,台北101/世貿,2017-10-15,54062.0
Red,信義安和,2017-10-15,20076.0
Red,大安森林公園,2017-10-15,13263.0
Red,東門,2017-10-15,21772.0
Red,大安,2017-10-15,13717.5
Red,中正紀念堂,2017-10-16,32695.5
Red,台大醫院,2017-10-16,52288.0
Red,台北車站,2017-10-16,141833.0
Red,中山,2017-10-16,43272.5
Red,雙連,2017-10-16,45643.0
Red,民權西路,2017-10-16,28740.5
Red,圓山,2017-10-16,49834.0
Red,劍潭,2017-10-16,67406.0
Red,士林,2017-10-16,54299.0
Red,芝山,2017-10-16,45302.0
Red,明德,2017-10-16,26424.0
Red,石牌,2017-10-16,64035.0
Red,唭哩岸,2017-10-16,14896.0
Red,奇岩,2017-10-16,18029.0
Red,北投,2017-10-16,34481.0
Red,新北投,2017-10-16,10196.0
Red,復興崗,2017-10-16,6860.0
Red,忠義,2017-10-16,6066.0
Red,關渡,2017-10-16,27428.0
Red,竹圍,2017-10-16,19217.0
Red,紅樹林,2017-10-16,13833.0
Red,淡水,2017-10-16,73459.0
Red,象山,2017-10-16,22609.0
Red,台北101/世貿,2017-10-16,53306.0
Red,信義安和,2017-10-16,33608.0
Red,大安森林公園,2017-10-16,14805.0
Red,東門,2017-10-16,24486.5
Red,大安,2017-10-16,27842.0
Red,中正紀念堂,2017-10-17,34373.0
Red,台大醫院,2017-10-17,52150.0
Red,台北車站,2017-10-17,137273.0
Red,中山,2017-10-17,42992.5
Red,雙連,2017-10-17,46088.0
Red,民權西路,2017-10-17,28729.5
Red,圓山,2017-10-17,51411.0
Red,劍潭,2017-10-17,66809.0
Red,士林,2017-10-17,56703.0
Red,芝山,2017-10-17,46407.0
Red,明德,2017-10-17,26878.0
Red,石牌,2017-10-17,63522.0
Red,唭哩岸,2017-10-17,15426.0
Red,奇岩,2017-10-17,18586.0
Red,北投,2017-10-17,34168.0
Red,新北投,2017-10-17,11696.0
Red,復興崗,2017-10-17,7392.0
Red,忠義,2017-10-17,6075.0
Red,關渡,2017-10-17,27724.0
Red,竹圍,2017-10-17,19445.0
Red,紅樹林,2017-10-17,13716.0
Red,淡水,2017-10-17,68697.0
Red,象山,2017-10-17,21770.0
Red,台北101/世貿,2017-10-17,52067.0
Red,信義安和,2017-10-17,35302.0
Red,大安森林公園,2017-10-17,14533.0
Red,東門,2017-10-17,25350.5
Red,大安,2017-10-17,28191.5
Red,中正紀念堂,2017-10-18,34955.0
Red,台大醫院,2017-10-18,52461.0
Red,台北車站,2017-10-18,140192.0
Red,中山,2017-10-18,43662.5
Red,雙連,2017-10-18,46275.0
Red,民權西路,2017-10-18,29452.5
Red,圓山,2017-10-18,51612.0
Red,劍潭,2017-10-18,67666.0
Red,士林,2017-10-18,57580.0
Red,芝山,2017-10-18,48317.0
Red,明德,2017-10-18,26934.0
Red,石牌,2017-10-18,64917.0
Red,唭哩岸,2017-10-18,15621.0
Red,奇岩,2017-10-18,18471.0
Red,北投,2017-10-18,34772.0
Red,新北投,2017-10-18,11048.0
Red,復興崗,2017-10-18,7174.0
Red,忠義,2017-10-18,6261.0
Red,關渡,2017-10-18,27907.0
Red,竹圍,2017-10-18,19491.0
Red,紅樹林,2017-10-18,13828.0
Red,淡水,2017-10-18,69691.0
Red,象山,2017-10-18,21443.0
Red,台北101/世貿,2017-10-18,54971.0
Red,信義安和,2017-10-18,35410.0
Red,大安森林公園,2017-10-18,14947.0
Red,東門,2017-10-18,25772.5
Red,大安,2017-10-18,28559.0
Red,中正紀念堂,2017-10-19,35584.5
Red,台大醫院,2017-10-19,51412.0
Red,台北車站,2017-10-19,142221.5
Red,中山,2017-10-19,43802.0
Red,雙連,2017-10-19,46011.0
Red,民權西路,2017-10-19,29383.5
Red,圓山,2017-10-19,51670.0
Red,劍潭,2017-10-19,67786.0
Red,士林,2017-10-19,57301.0
Red,芝山,2017-10-19,46388.0
Red,明德,2017-10-19,26644.0
Red,石牌,2017-10-19,64488.0
Red,唭哩岸,2017-10-19,15500.0
Red,奇岩,2017-10-19,18597.0
Red,北投,2017-10-19,35113.0
Red,新北投,2017-10-19,12106.0
Red,復興崗,2017-10-19,7147.0
Red,忠義,2017-10-19,6070.0
Red,關渡,2017-10-19,27763.0
Red,竹圍,2017-10-19,19486.0
Red,紅樹林,2017-10-19,13880.0
Red,淡水,2017-10-19,69513.0
Red,象山,2017-10-19,22658.0
Red,台北101/世貿,2017-10-19,60670.0
Red,信義安和,2017-10-19,35471.0
Red,大安森林公園,2017-10-19,14618.0
Red,東門,2017-10-19,26603.5
Red,大安,2017-10-19,29023.0
Red,中正紀念堂,2017-10-20,37796.0
Red,台大醫院,2017-10-20,52303.0
Red,台北車站,2017-10-20,177497.5
Red,中山,2017-10-20,50184.5
Red,雙連,2017-10-20,48460.0
Red,民權西路,2017-10-20,31711.5
Red,圓山,2017-10-20,55868.0
Red,劍潭,2017-10-20,76044.0
Red,士林,2017-10-20,61944.0
Red,芝山,2017-10-20,49778.0
Red,明德,2017-10-20,27365.0
Red,石牌,2017-10-20,67213.0
Red,唭哩岸,2017-10-20,16555.0
Red,奇岩,2017-10-20,19500.0
Red,北投,2017-10-20,38340.0
Red,新北投,2017-10-20,13415.0
Red,復興崗,2017-10-20,7782.0
Red,忠義,2017-10-20,6337.0
Red,關渡,2017-10-20,29030.0
Red,竹圍,2017-10-20,20240.0
Red,紅樹林,2017-10-20,14432.0
Red,淡水,2017-10-20,79095.0
Red,象山,2017-10-20,23317.0
Red,台北101/世貿,2017-10-20,67756.0
Red,信義安和,2017-10-20,37996.0
Red,大安森林公園,2017-10-20,15715.0
Red,東門,2017-10-20,28755.5
Red,大安,2017-10-20,30145.0
Red,中正紀念堂,2017-10-21,37828.0
Red,台大醫院,2017-10-21,27093.0
Red,台北車站,2017-10-21,184444.0
Red,中山,2017-10-21,54722.0
Red,雙連,2017-10-21,41243.0
Red,民權西路,2017-10-21,24975.0
Red,圓山,2017-10-21,71356.0
Red,劍潭,2017-10-21,78682.0
Red,士林,2017-10-21,58176.0
Red,芝山,2017-10-21,44587.0
Red,明德,2017-10-21,21971.0
Red,石牌,2017-10-21,54305.0
Red,唭哩岸,2017-10-21,12888.0
Red,奇岩,2017-10-21,14016.0
Red,北投,2017-10-21,32380.0
Red,新北投,2017-10-21,18756.0
Red,復興崗,2017-10-21,6466.0
Red,忠義,2017-10-21,3872.0
Red,關渡,2017-10-21,20372.0
Red,竹圍,2017-10-21,18208.0
Red,紅樹林,2017-10-21,11073.0
Red,淡水,2017-10-21,77939.0
Red,象山,2017-10-21,17561.0
Red,台北101/世貿,2017-10-21,66418.0
Red,信義安和,2017-10-21,28586.0
Red,大安森林公園,2017-10-21,20785.0
Red,東門,2017-10-21,28294.5
Red,大安,2017-10-21,22321.5
Red,中正紀念堂,2017-10-22,31501.5
Red,台大醫院,2017-10-22,25012.0
Red,台北車站,2017-10-22,183913.5
Red,中山,2017-10-22,45054.0
Red,雙連,2017-10-22,30197.0
Red,民權西路,2017-10-22,24172.0
Red,圓山,2017-10-22,64691.0
Red,劍潭,2017-10-22,71080.0
Red,士林,2017-10-22,51420.0
Red,芝山,2017-10-22,42098.0
Red,明德,2017-10-22,16682.0
Red,石牌,2017-10-22,43565.0
Red,唭哩岸,2017-10-22,11220.0
Red,奇岩,2017-10-22,12088.0
Red,北投,2017-10-22,30418.0
Red,新北投,2017-10-22,19355.0
Red,復興崗,2017-10-22,5699.0
Red,忠義,2017-10-22,3465.0
Red,關渡,2017-10-22,20778.0
Red,竹圍,2017-10-22,16001.0
Red,紅樹林,2017-10-22,10420.0
Red,淡水,2017-10-22,92280.0
Red,象山,2017-10-22,18050.0
Red,台北101/世貿,2017-10-22,60229.0
Red,信義安和,2017-10-22,22247.0
Red,大安森林公園,2017-10-22,21917.0
Red,東門,2017-10-22,24760.0
Red,大安,2017-10-22,15157.0
Red,中正紀念堂,2017-10-23,33170.0
Red,台大醫院,2017-10-23,50647.0
Red,台北車站,2017-10-23,145223.0
Red,中山,2017-10-23,39211.5
Red,雙連,2017-10-23,45066.0
Red,民權西路,2017-10-23,28525.5
Red,圓山,2017-10-23,50499.0
Red,劍潭,2017-10-23,68872.0
Red,士林,2017-10-23,55431.0
Red,芝山,2017-10-23,45817.0
Red,明德,2017-10-23,26268.0
Red,石牌,2017-10-23,62532.0
Red,唭哩岸,2017-10-23,14893.0
Red,奇岩,2017-10-23,17843.0
Red,北投,2017-10-23,35237.0
Red,新北投,2017-10-23,12072.0
Red,復興崗,2017-10-23,6905.0
Red,忠義,2017-10-23,6172.0
Red,關渡,2017-10-23,27124.0
Red,竹圍,2017-10-23,19129.0
Red,紅樹林,2017-10-23,13534.0
Red,淡水,2017-10-23,74227.0
Red,象山,2017-10-23,22952.0
Red,台北101/世貿,2017-10-23,58762.0
Red,信義安和,2017-10-23,33843.0
Red,大安森林公園,2017-10-23,15578.0
Red,東門,2017-10-23,24610.0
Red,大安,2017-10-23,27697.5
Red,中正紀念堂,2017-10-24,34287.5
Red,台大醫院,2017-10-24,51582.0
Red,台北車站,2017-10-24,137905.0
Red,中山,2017-10-24,40270.5
Red,雙連,2017-10-24,46009.0
Red,民權西路,2017-10-24,28875.5
Red,圓山,2017-10-24,51924.0
Red,劍潭,2017-10-24,68800.0
Red,士林,2017-10-24,56906.0
Red,芝山,2017-10-24,46988.0
Red,明德,2017-10-24,26939.0
Red,石牌,2017-10-24,62962.0
Red,唭哩岸,2017-10-24,15532.0
Red,奇岩,2017-10-24,18726.0
Red,北投,2017-10-24,35927.0
Red,新北投,2017-10-24,12419.0
Red,復興崗,2017-10-24,7147.0
Red,忠義,2017-10-24,6099.0
Red,關渡,2017-10-24,27215.0
Red,竹圍,2017-10-24,19680.0
Red,紅樹林,2017-10-24,14046.0
Red,淡水,2017-10-24,71712.0
Red,象山,2017-10-24,22510.0
Red,台北101/世貿,2017-10-24,54688.0
Red,信義安和,2017-10-24,34680.0
Red,大安森林公園,2017-10-24,15525.0
Red,東門,2017-10-24,25904.0
Red,大安,2017-10-24,28483.5
Red,中正紀念堂,2017-10-25,35289.5
Red,台大醫院,2017-10-25,51329.0
Red,台北車站,2017-10-25,141040.0
Red,中山,2017-10-25,42331.0
Red,雙連,2017-10-25,46632.0
Red,民權西路,2017-10-25,29699.5
Red,圓山,2017-10-25,53093.0
Red,劍潭,2017-10-25,71792.0
Red,士林,2017-10-25,58259.0
Red,芝山,2017-10-25,48378.0
Red,明德,2017-10-25,27025.0
Red,石牌,2017-10-25,64933.0
Red,唭哩岸,2017-10-25,15626.0
Red,奇岩,2017-10-25,18695.0
Red,北投,2017-10-25,36671.0
Red,新北投,2017-10-25,12336.0
Red,復興崗,2017-10-25,7105.0
Red,忠義,2017-10-25,6189.0
Red,關渡,2017-10-25,28033.0
Red,竹圍,2017-10-25,19740.0
Red,紅樹林,2017-10-25,14338.0
Red,淡水,2017-10-25,75706.0
Red,象山,2017-10-25,23458.0
Red,台北101/世貿,2017-10-25,56047.0
Red,信義安和,2017-10-25,35114.0
Red,大安森林公園,2017-10-25,16636.0
Red,東門,2017-10-25,25425.5
Red,大安,2017-10-25,28717.0
Red,中正紀念堂,2017-10-26,36271.5
Red,台大醫院,2017-10-26,50719.0
Red,台北車站,2017-10-26,144003.0
Red,中山,2017-10-26,42332.0
Red,雙連,2017-10-26,45666.0
Red,民權西路,2017-10-26,29583.0
Red,圓山,2017-10-26,53325.0
Red,劍潭,2017-10-26,72573.0
Red,士林,2017-10-26,58198.0
Red,芝山,2017-10-26,48207.0
Red,明德,2017-10-26,27375.0
Red,石牌,2017-10-26,63930.0
Red,唭哩岸,2017-10-26,15548.0
Red,奇岩,2017-10-26,18556.0
Red,北投,2017-10-26,36769.0
Red,新北投,2017-10-26,12594.0
Red,復興崗,2017-10-26,7136.0
Red,忠義,2017-10-26,6218.0
Red,關渡,2017-10-26,27929.0
Red,竹圍,2017-10-26,19811.0
Red,紅樹林,2017-10-26,14487.0
Red,淡水,2017-10-26,75828.0
Red,象山,2017-10-26,23709.0
Red,台北101/世貿,2017-10-26,61647.0
Red,信義安和,2017-10-26,35590.0
Red,大安森林公園,2017-10-26,16982.0
Red,東門,2017-10-26,27402.5
Red,大安,2017-10-26,28864.5
Red,中正紀念堂,2017-10-27,39405.0
Red,台大醫院,2017-10-27,51460.0
Red,台北車站,2017-10-27,184803.0
Red,中山,2017-10-27,48311.5
Red,雙連,2017-10-27,49647.0
Red,民權西路,2017-10-27,32333.0
Red,圓山,2017-10-27,56233.0
Red,劍潭,2017-10-27,82183.0
Red,士林,2017-10-27,64156.0
Red,芝山,2017-10-27,53307.0
Red,明德,2017-10-27,27815.0
Red,石牌,2017-10-27,67982.0
Red,唭哩岸,2017-10-27,16340.0
Red,奇岩,2017-10-27,18942.0
Red,北投,2017-10-27,39357.0
Red,新北投,2017-10-27,13702.0
Red,復興崗,2017-10-27,7397.0
Red,忠義,2017-10-27,6227.0
Red,關渡,2017-10-27,28325.0
Red,竹圍,2017-10-27,20654.0
Red,紅樹林,2017-10-27,15995.0
Red,淡水,2017-10-27,84016.0
Red,象山,2017-10-27,24913.0
Red,台北101/世貿,2017-10-27,88578.0
Red,信義安和,2017-10-27,37988.0
Red,大安森林公園,2017-10-27,19810.0
Red,東門,2017-10-27,29971.5
Red,大安,2017-10-27,30349.0
Red,中正紀念堂,2017-10-28,39704.0
Red,台大醫院,2017-10-28,56599.0
Red,台北車站,2017-10-28,185144.5
Red,中山,2017-10-28,50111.5
Red,雙連,2017-10-28,40952.0
Red,民權西路,2017-10-28,25562.5
Red,圓山,2017-10-28,59392.0
Red,劍潭,2017-10-28,91016.0
Red,士林,2017-10-28,58292.0
Red,芝山,2017-10-28,50359.0
Red,明德,2017-10-28,20110.0
Red,石牌,2017-10-28,55934.0
Red,唭哩岸,2017-10-28,13314.0
Red,奇岩,2017-10-28,13750.0
Red,北投,2017-10-28,32034.0
Red,新北投,2017-10-28,17172.0
Red,復興崗,2017-10-28,6832.0
Red,忠義,2017-10-28,4597.0
Red,關渡,2017-10-28,21029.0
Red,竹圍,2017-10-28,18171.0
Red,紅樹林,2017-10-28,14499.0
Red,淡水,2017-10-28,90455.0
Red,象山,2017-10-28,21138.0
Red,台北101/世貿,2017-10-28,91870.0
Red,信義安和,2017-10-28,29812.0
Red,大安森林公園,2017-10-28,25054.0
Red,東門,2017-10-28,30352.5
Red,大安,2017-10-28,19926.5
Red,中正紀念堂,2017-10-29,29655.0
Red,台大醫院,2017-10-29,23025.0
Red,台北車站,2017-10-29,181646.5
Red,中山,2017-10-29,41292.0
Red,雙連,2017-10-29,30273.0
Red,民權西路,2017-10-29,23883.5
Red,圓山,2017-10-29,51437.0
Red,劍潭,2017-10-29,69381.0
Red,士林,2017-10-29,50170.0
Red,芝山,2017-10-29,42464.0
Red,明德,2017-10-29,16122.0
Red,石牌,2017-10-29,44426.0
Red,唭哩岸,2017-10-29,11027.0
Red,奇岩,2017-10-29,12087.0
Red,北投,2017-10-29,29012.0
Red,新北投,2017-10-29,15068.0
Red,復興崗,2017-10-29,5580.0
Red,忠義,2017-10-29,3578.0
Red,關渡,2017-10-29,19974.0
Red,竹圍,2017-10-29,17399.0
Red,紅樹林,2017-10-29,11494.0
Red,淡水,2017-10-29,91556.0
Red,象山,2017-10-29,19727.0
Red,台北101/世貿,2017-10-29,87975.0
Red,信義安和,2017-10-29,22341.0
Red,大安森林公園,2017-10-29,27755.0
Red,東門,2017-10-29,25752.5
Red,大安,2017-10-29,16062.0
Red,中正紀念堂,2017-10-30,32897.0
Red,台大醫院,2017-10-30,50771.0
Red,台北車站,2017-10-30,146726.5
Red,中山,2017-10-30,39210.0
Red,雙連,2017-10-30,44850.0
Red,民權西路,2017-10-30,29077.5
Red,圓山,2017-10-30,50328.0
Red,劍潭,2017-10-30,67368.0
Red,士林,2017-10-30,55936.0
Red,芝山,2017-10-30,45409.0
Red,明德,2017-10-30,27054.0
Red,石牌,2017-10-30,64423.0
Red,唭哩岸,2017-10-30,15113.0
Red,奇岩,2017-10-30,18057.0
Red,北投,2017-10-30,35919.0
Red,新北投,2017-10-30,11988.0
Red,復興崗,2017-10-30,6875.0
Red,忠義,2017-10-30,5900.0
Red,關渡,2017-10-30,26747.0
Red,竹圍,2017-10-30,18875.0
Red,紅樹林,2017-10-30,13713.0
Red,淡水,2017-10-30,71309.0
Red,象山,2017-10-30,22587.0
Red,台北101/世貿,2017-10-30,82013.0
Red,信義安和,2017-10-30,34007.0
Red,大安森林公園,2017-10-30,15646.0
Red,東門,2017-10-30,25286.0
Red,大安,2017-10-30,28196.0
Red,中正紀念堂,2017-10-31,35669.5
Red,台大醫院,2017-10-31,51014.0
Red,台北車站,2017-10-31,135658.0
Red,中山,2017-10-31,39803.5
Red,雙連,2017-10-31,44910.0
Red,民權西路,2017-10-31,29168.5
Red,圓山,2017-10-31,52115.0
Red,劍潭,2017-10-31,68199.0
Red,士林,2017-10-31,57060.0
Red,芝山,2017-10-31,47289.0
Red,明德,2017-10-31,27426.0
Red,石牌,2017-10-31,64566.0
Red,唭哩岸,2017-10-31,15322.0
Red,奇岩,2017-10-31,18799.0
Red,北投,2017-10-31,36364.0
Red,新北投,2017-10-31,12987.0
Red,復興崗,2017-10-31,7282.0
Red,忠義,2017-10-31,6137.0
Red,關渡,2017-10-31,27809.0
Red,竹圍,2017-10-31,19593.0
Red,紅樹林,2017-10-31,14061.0
Red,淡水,2017-10-31,72923.0
Red,象山,2017-10-31,22790.0
Red,台北101/世貿,2017-10-31,57111.0
Red,信義安和,2017-10-31,35069.0
Red,大安森林公園,2017-10-31,16381.0
Red,東門,2017-10-31,25385.0
Red,大安,2017-10-31,28592.5
Red,中正紀念堂,2017-11-01,34024.5
Red,台大醫院,2017-11-01,51024.0
Red,台北車站,2017-11-01,133417.0
Red,中山,2017-11-01,40088.5
Red,雙連,2017-11-01,45068.0
Red,民權西路,2017-11-01,28924.5
Red,圓山,2017-11-01,51803.0
Red,劍潭,2017-11-01,69199.0
Red,士林,2017-11-01,56960.0
Red,芝山,2017-11-01,47045.0
Red,明德,2017-11-01,27092.0
Red,石牌,2017-11-01,65110.0
Red,唭哩岸,2017-11-01,15579.0
Red,奇岩,2017-11-01,18640.0
Red,北投,2017-11-01,36803.0
Red,新北投,2017-11-01,11881.0
Red,復興崗,2017-11-01,7016.0
Red,忠義,2017-11-01,6027.0
Red,關渡,2017-11-01,27909.0
Red,竹圍,2017-11-01,19699.0
Red,紅樹林,2017-11-01,14190.0
Red,淡水,2017-11-01,73122.0
Red,象山,2017-11-01,23245.0
Red,台北101/世貿,2017-11-01,54954.0
Red,信義安和,2017-11-01,35263.0
Red,大安森林公園,2017-11-01,16861.0
Red,東門,2017-11-01,25381.0
Red,大安,2017-11-01,28259.0
Red,中正紀念堂,2017-11-02,34813.5
Red,台大醫院,2017-11-02,49678.0
Red,台北車站,2017-11-02,137677.5
Red,中山,2017-11-02,41542.0
Red,雙連,2017-11-02,45822.0
Red,民權西路,2017-11-02,29291.0
Red,圓山,2017-11-02,52534.0
Red,劍潭,2017-11-02,70162.0
Red,士林,2017-11-02,58033.0
Red,芝山,2017-11-02,47847.0
Red,明德,2017-11-02,26842.0
Red,石牌,2017-11-02,64033.0
Red,唭哩岸,2017-11-02,15317.0
Red,奇岩,2017-11-02,18647.0
Red,北投,2017-11-02,36533.0
Red,新北投,2017-11-02,12424.0
Red,復興崗,2017-11-02,6884.0
Red,忠義,2017-11-02,5939.0
Red,關渡,2017-11-02,27789.0
Red,竹圍,2017-11-02,20041.0
Red,紅樹林,2017-11-02,14046.0
Red,淡水,2017-11-02,74727.0
Red,象山,2017-11-02,23429.0
Red,台北101/世貿,2017-11-02,57279.0
Red,信義安和,2017-11-02,35228.0
Red,大安森林公園,2017-11-02,15732.0
Red,東門,2017-11-02,26019.5
Red,大安,2017-11-02,28471.0
Red,中正紀念堂,2017-11-03,37118.0
Red,台大醫院,2017-11-03,51589.0
Red,台北車站,2017-11-03,177008.5
Red,中山,2017-11-03,47844.5
Red,雙連,2017-11-03,48754.0
Red,民權西路,2017-11-03,31760.0
Red,圓山,2017-11-03,55716.0
Red,劍潭,2017-11-03,77580.0
Red,士林,2017-11-03,63080.0
Red,芝山,2017-11-03,50900.0
Red,明德,2017-11-03,28204.0
Red,石牌,2017-11-03,66940.0
Red,唭哩岸,2017-11-03,16234.0
Red,奇岩,2017-11-03,20061.0
Red,北投,2017-11-03,38558.0
Red,新北投,2017-11-03,13303.0
Red,復興崗,2017-11-03,7367.0
Red,忠義,2017-11-03,6336.0
Red,關渡,2017-11-03,28702.0
Red,竹圍,2017-11-03,20335.0
Red,紅樹林,2017-11-03,15051.0
Red,淡水,2017-11-03,78614.0
Red,象山,2017-11-03,23633.0
Red,台北101/世貿,2017-11-03,70685.0
Red,信義安和,2017-11-03,38398.0
Red,大安森林公園,2017-11-03,16228.0
Red,東門,2017-11-03,29440.5
Red,大安,2017-11-03,30198.5
Red,中正紀念堂,2017-11-04,31676.0
Red,台大醫院,2017-11-04,29043.0
Red,台北車站,2017-11-04,176181.5
Red,中山,2017-11-04,50551.5
Red,雙連,2017-11-04,39595.0
Red,民權西路,2017-11-04,26304.0
Red,圓山,2017-11-04,61965.0
Red,劍潭,2017-11-04,74666.0
Red,士林,2017-11-04,55753.0
Red,芝山,2017-11-04,42860.0
Red,明德,2017-11-04,19912.0
Red,石牌,2017-11-04,51224.0
Red,唭哩岸,2017-11-04,12396.0
Red,奇岩,2017-11-04,13115.0
Red,北投,2017-11-04,32627.0
Red,新北投,2017-11-04,17041.0
Red,復興崗,2017-11-04,6063.0
Red,忠義,2017-11-04,3914.0
Red,關渡,2017-11-04,18017.0
Red,竹圍,2017-11-04,17490.0
Red,紅樹林,2017-11-04,10823.0
Red,淡水,2017-11-04,74366.0
Red,象山,2017-11-04,17546.0
Red,台北101/世貿,2017-11-04,67545.0
Red,信義安和,2017-11-04,27290.0
Red,大安森林公園,2017-11-04,18811.0
Red,東門,2017-11-04,27762.0
Red,大安,2017-11-04,19759.0
Red,中正紀念堂,2017-11-05,28433.0
Red,台大醫院,2017-11-05,23135.0
Red,台北車站,2017-11-05,170494.5
Red,中山,2017-11-05,40867.5
Red,雙連,2017-11-05,29475.0
Red,民權西路,2017-11-05,23434.5
Red,圓山,2017-11-05,51063.0
Red,劍潭,2017-11-05,66663.0
Red,士林,2017-11-05,47548.0
Red,芝山,2017-11-05,43996.0
Red,明德,2017-11-05,16390.0
Red,石牌,2017-11-05,44064.0
Red,唭哩岸,2017-11-05,10945.0
Red,奇岩,2017-11-05,11544.0
Red,北投,2017-11-05,29390.0
Red,新北投,2017-11-05,15604.0
Red,復興崗,2017-11-05,5476.0
Red,忠義,2017-11-05,3330.0
Red,關渡,2017-11-05,18193.0
Red,竹圍,2017-11-05,15327.0
Red,紅樹林,2017-11-05,10200.0
Red,淡水,2017-11-05,82297.0
Red,象山,2017-11-05,17095.0
Red,台北101/世貿,2017-11-05,52920.0
Red,信義安和,2017-11-05,21639.0
Red,大安森林公園,2017-11-05,19839.0
Red,東門,2017-11-05,23373.0
Red,大安,2017-11-05,15118.0
Red,中正紀念堂,2017-11-06,32405.5
Red,台大醫院,2017-11-06,50421.0
Red,台北車站,2017-11-06,142529.5
Red,中山,2017-11-06,39331.0
Red,雙連,2017-11-06,45032.0
Red,民權西路,2017-11-06,28269.0
Red,圓山,2017-11-06,50807.0
Red,劍潭,2017-11-06,66050.0
Red,士林,2017-11-06,55531.0
Red,芝山,2017-11-06,45565.0
Red,明德,2017-11-06,26868.0
Red,石牌,2017-11-06,62605.0
Red,唭哩岸,2017-11-06,15006.0
Red,奇岩,2017-11-06,17959.0
Red,北投,2017-11-06,35799.0
Red,新北投,2017-11-06,11527.0
Red,復興崗,2017-11-06,6719.0
Red,忠義,2017-11-06,6023.0
Red,關渡,2017-11-06,27493.0
Red,竹圍,2017-11-06,19355.0
Red,紅樹林,2017-11-06,13928.0
Red,淡水,2017-11-06,74441.0
Red,象山,2017-11-06,22540.0
Red,台北101/世貿,2017-11-06,57051.0
Red,信義安和,2017-11-06,33788.0
Red,大安森林公園,2017-11-06,15287.0
Red,東門,2017-11-06,24637.0
Red,大安,2017-11-06,27486.0
Red,中正紀念堂,2017-11-07,34875.5
Red,台大醫院,2017-11-07,51109.0
Red,台北車站,2017-11-07,136840.0
Red,中山,2017-11-07,40501.0
Red,雙連,2017-11-07,45257.0
Red,民權西路,2017-11-07,29219.0
Red,圓山,2017-11-07,54511.0
Red,劍潭,2017-11-07,70684.0
Red,士林,2017-11-07,56576.0
Red,芝山,2017-11-07,47087.0
Red,明德,2017-11-07,27606.0
Red,石牌,2017-11-07,63087.0
Red,唭哩岸,2017-11-07,15542.0
Red,奇岩,2017-11-07,18673.0
Red,北投,2017-11-07,36109.0
Red,新北投,2017-11-07,12335.0
Red,復興崗,2017-11-07,7406.0
Red,忠義,2017-11-07,6283.0
Red,關渡,2017-11-07,28265.0
Red,竹圍,2017-11-07,19836.0
Red,紅樹林,2017-11-07,14164.0
Red,淡水,2017-11-07,74329.0
Red,象山,2017-11-07,23174.0
Red,台北101/世貿,2017-11-07,54624.0
Red,信義安和,2017-11-07,35507.0
Red,大安森林公園,2017-11-07,15631.0
Red,東門,2017-11-07,26081.0
Red,大安,2017-11-07,28354.0
Red,中正紀念堂,2017-11-08,34660.0
Red,台大醫院,2017-11-08,52893.0
Red,台北車站,2017-11-08,138190.0
Red,中山,2017-11-08,41387.0
Red,雙連,2017-11-08,45782.0
Red,民權西路,2017-11-08,29756.0
Red,圓山,2017-11-08,52326.0
Red,劍潭,2017-11-08,68748.0
Red,士林,2017-11-08,57506.0
Red,芝山,2017-11-08,47497.0
Red,明德,2017-11-08,27631.0
Red,石牌,2017-11-08,64852.0
Red,唭哩岸,2017-11-08,15765.0
Red,奇岩,2017-11-08,18692.0
Red,北投,2017-11-08,37314.0
Red,新北投,2017-11-08,12298.0
Red,復興崗,2017-11-08,7053.0
Red,忠義,2017-11-08,6124.0
Red,關渡,2017-11-08,28200.0
Red,竹圍,2017-11-08,19649.0
Red,紅樹林,2017-11-08,14419.0
Red,淡水,2017-11-08,71833.0
Red,象山,2017-11-08,22195.0
Red,台北101/世貿,2017-11-08,57483.0
Red,信義安和,2017-11-08,35079.0
Red,大安森林公園,2017-11-08,14964.0
Red,東門,2017-11-08,25956.0
Red,大安,2017-11-08,28225.5
Red,中正紀念堂,2017-11-09,34939.0
Red,台大醫院,2017-11-09,52147.0
Red,台北車站,2017-11-09,141155.5
Red,中山,2017-11-09,42144.0
Red,雙連,2017-11-09,45044.0
Red,民權西路,2017-11-09,29816.5
Red,圓山,2017-11-09,52560.0
Red,劍潭,2017-11-09,71266.0
Red,士林,2017-11-09,58403.0
Red,芝山,2017-11-09,47744.0
Red,明德,2017-11-09,27176.0
Red,石牌,2017-11-09,64808.0
Red,唭哩岸,2017-11-09,15721.0
Red,奇岩,2017-11-09,18647.0
Red,北投,2017-11-09,36642.0
Red,新北投,2017-11-09,12620.0
Red,復興崗,2017-11-09,7399.0
Red,忠義,2017-11-09,6109.0
Red,關渡,2017-11-09,28301.0
Red,竹圍,2017-11-09,19495.0
Red,紅樹林,2017-11-09,14632.0
Red,淡水,2017-11-09,74496.0
Red,象山,2017-11-09,22891.0
Red,台北101/世貿,2017-11-09,57589.0
Red,信義安和,2017-11-09,35683.0
Red,大安森林公園,2017-11-09,15343.0
Red,東門,2017-11-09,26964.5
Red,大安,2017-11-09,28074.0
Red,中正紀念堂,2017-11-10,37814.0
Red,台大醫院,2017-11-10,53514.0
Red,台北車站,2017-11-10,180772.0
Red,中山,2017-11-10,47586.5
Red,雙連,2017-11-10,48904.0
Red,民權西路,2017-11-10,31919.5
Red,圓山,2017-11-10,57646.0
Red,劍潭,2017-11-10,80989.0
Red,士林,2017-11-10,63683.0
Red,芝山,2017-11-10,52688.0
Red,明德,2017-11-10,28122.0
Red,石牌,2017-11-10,68672.0
Red,唭哩岸,2017-11-10,16783.0
Red,奇岩,2017-11-10,19354.0
Red,北投,2017-11-10,40273.0
Red,新北投,2017-11-10,13634.0
Red,復興崗,2017-11-10,7490.0
Red,忠義,2017-11-10,6312.0
Red,關渡,2017-11-10,29228.0
Red,竹圍,2017-11-10,20727.0
Red,紅樹林,2017-11-10,15007.0
Red,淡水,2017-11-10,87372.0
Red,象山,2017-11-10,25267.0
Red,台北101/世貿,2017-11-10,65568.0
Red,信義安和,2017-11-10,38043.0
Red,大安森林公園,2017-11-10,17900.0
Red,東門,2017-11-10,29451.0
Red,大安,2017-11-10,29785.5
Red,中正紀念堂,2017-11-11,33116.0
Red,台大醫院,2017-11-11,26905.0
Red,台北車站,2017-11-11,180056.5
Red,中山,2017-11-11,50934.5
Red,雙連,2017-11-11,40932.0
Red,民權西路,2017-11-11,25054.0
Red,圓山,2017-11-11,61645.0
Red,劍潭,2017-11-11,78497.0
Red,士林,2017-11-11,61193.0
Red,芝山,2017-11-11,45974.0
Red,明德,2017-11-11,24009.0
Red,石牌,2017-11-11,56534.0
Red,唭哩岸,2017-11-11,13037.0
Red,奇岩,2017-11-11,13910.0
Red,北投,2017-11-11,32868.0
Red,新北投,2017-11-11,18503.0
Red,復興崗,2017-11-11,7750.0
Red,忠義,2017-11-11,9060.0
Red,關渡,2017-11-11,18967.0
Red,竹圍,2017-11-11,18753.0
Red,紅樹林,2017-11-11,11875.0
Red,淡水,2017-11-11,82328.0
Red,象山,2017-11-11,18596.0
Red,台北101/世貿,2017-11-11,63705.0
Red,信義安和,2017-11-11,28831.0
Red,大安森林公園,2017-11-11,21167.0
Red,東門,2017-11-11,29464.0
Red,大安,2017-11-11,21014.0
Red,中正紀念堂,2017-11-12,30490.0
Red,台大醫院,2017-11-12,22099.0
Red,台北車站,2017-11-12,189626.0
Red,中山,2017-11-12,41569.5
Red,雙連,2017-11-12,29639.0
Red,民權西路,2017-11-12,23302.0
Red,圓山,2017-11-12,56406.0
Red,劍潭,2017-11-12,67077.0
Red,士林,2017-11-12,47879.0
Red,芝山,2017-11-12,44259.0
Red,明德,2017-11-12,16174.0
Red,石牌,2017-11-12,43391.0
Red,唭哩岸,2017-11-12,11038.0
Red,奇岩,2017-11-12,11538.0
Red,北投,2017-11-12,29622.0
Red,新北投,2017-11-12,15983.0
Red,復興崗,2017-11-12,6414.0
Red,忠義,2017-11-12,6806.0
Red,關渡,2017-11-12,17645.0
Red,竹圍,2017-11-12,15803.0
Red,紅樹林,2017-11-12,11359.0
Red,淡水,2017-11-12,86651.0
Red,象山,2017-11-12,16713.0
Red,台北101/世貿,2017-11-12,54690.0
Red,信義安和,2017-11-12,21233.0
Red,大安森林公園,2017-11-12,19609.0
Red,東門,2017-11-12,24632.5
Red,大安,2017-11-12,15079.0
Red,中正紀念堂,2017-11-13,32690.0
Red,台大醫院,2017-11-13,51257.0
Red,台北車站,2017-11-13,148646.5
Red,中山,2017-11-13,40187.0
Red,雙連,2017-11-13,45455.0
Red,民權西路,2017-11-13,28788.5
Red,圓山,2017-11-13,49223.0
Red,劍潭,2017-11-13,63914.0
Red,士林,2017-11-13,55285.0
Red,芝山,2017-11-13,44971.0
Red,明德,2017-11-13,24793.0
Red,石牌,2017-11-13,62181.0
Red,唭哩岸,2017-11-13,15335.0
Red,奇岩,2017-11-13,17924.0
Red,北投,2017-11-13,35032.0
Red,新北投,2017-11-13,11825.0
Red,復興崗,2017-11-13,6825.0
Red,忠義,2017-11-13,5940.0
Red,關渡,2017-11-13,27137.0
Red,竹圍,2017-11-13,18979.0
Red,紅樹林,2017-11-13,13786.0
Red,淡水,2017-11-13,70900.0
Red,象山,2017-11-13,21426.0
Red,台北101/世貿,2017-11-13,54686.0
Red,信義安和,2017-11-13,34749.0
Red,大安森林公園,2017-11-13,13821.0
Red,東門,2017-11-13,24840.5
Red,大安,2017-11-13,27410.5
Red,中正紀念堂,2017-11-14,34674.5
Red,台大醫院,2017-11-14,51594.0
Red,台北車站,2017-11-14,138304.5
Red,中山,2017-11-14,40716.0
Red,雙連,2017-11-14,45727.0
Red,民權西路,2017-11-14,29001.5
Red,圓山,2017-11-14,51189.0
Red,劍潭,2017-11-14,68785.0
Red,士林,2017-11-14,58126.0
Red,芝山,2017-11-14,46871.0
Red,明德,2017-11-14,26853.0
Red,石牌,2017-11-14,63608.0
Red,唭哩岸,2017-11-14,15552.0
Red,奇岩,2017-11-14,18529.0
Red,北投,2017-11-14,35770.0
Red,新北投,2017-11-14,11863.0
Red,復興崗,2017-11-14,6843.0
Red,忠義,2017-11-14,6003.0
Red,關渡,2017-11-14,27834.0
Red,竹圍,2017-11-14,19388.0
Red,紅樹林,2017-11-14,14264.0
Red,淡水,2017-11-14,71024.0
Red,象山,2017-11-14,22623.0
Red,台北101/世貿,2017-11-14,54127.0
Red,信義安和,2017-11-14,35464.0
Red,大安森林公園,2017-11-14,15410.0
Red,東門,2017-11-14,26515.5
Red,大安,2017-11-14,29033.5
Red,中正紀念堂,2017-11-15,34706.0
Red,台大醫院,2017-11-15,50816.0
Red,台北車站,2017-11-15,139488.5
Red,中山,2017-11-15,41775.0
Red,雙連,2017-11-15,46820.0
Red,民權西路,2017-11-15,29357.5
Red,圓山,2017-11-15,52995.0
Red,劍潭,2017-11-15,70578.0
Red,士林,2017-11-15,59197.0
Red,芝山,2017-11-15,47869.0
Red,明德,2017-11-15,27252.0
Red,石牌,2017-11-15,65604.0
Red,唭哩岸,2017-11-15,15806.0
Red,奇岩,2017-11-15,18680.0
Red,北投,2017-11-15,37357.0
Red,新北投,2017-11-15,12586.0
Red,復興崗,2017-11-15,7062.0
Red,忠義,2017-11-15,6288.0
Red,關渡,2017-11-15,28373.0
Red,竹圍,2017-11-15,19826.0
Red,紅樹林,2017-11-15,14702.0
Red,淡水,2017-11-15,74387.0
Red,象山,2017-11-15,23347.0
Red,台北101/世貿,2017-11-15,54991.0
Red,信義安和,2017-11-15,34864.0
Red,大安森林公園,2017-11-15,15724.0
Red,東門,2017-11-15,26772.5
Red,大安,2017-11-15,28605.0
Red,中正紀念堂,2017-11-16,37234.5
Red,台大醫院,2017-11-16,51851.0
Red,台北車站,2017-11-16,147781.5
Red,中山,2017-11-16,42530.5
Red,雙連,2017-11-16,45984.0
Red,民權西路,2017-11-16,30293.5
Red,圓山,2017-11-16,57250.0
Red,劍潭,2017-11-16,72751.0
Red,士林,2017-11-16,60666.0
Red,芝山,2017-11-16,48449.0
Red,明德,2017-11-16,27557.0
Red,石牌,2017-11-16,64828.0
Red,唭哩岸,2017-11-16,15621.0
Red,奇岩,2017-11-16,18772.0
Red,北投,2017-11-16,37105.0
Red,新北投,2017-11-16,12378.0
Red,復興崗,2017-11-16,7344.0
Red,忠義,2017-11-16,6224.0
Red,關渡,2017-11-16,28213.0
Red,竹圍,2017-11-16,20030.0
Red,紅樹林,2017-11-16,15838.0
Red,淡水,2017-11-16,78331.0
Red,象山,2017-11-16,24436.0
Red,台北101/世貿,2017-11-16,59806.0
Red,信義安和,2017-11-16,35504.0
Red,大安森林公園,2017-11-16,16438.0
Red,東門,2017-11-16,28204.5
Red,大安,2017-11-16,28697.0
Red,中正紀念堂,2017-11-17,39177.5
Red,台大醫院,2017-11-17,51447.0
Red,台北車站,2017-11-17,186536.0
Red,中山,2017-11-17,48960.5
Red,雙連,2017-11-17,49499.0
Red,民權西路,2017-11-17,31960.5
Red,圓山,2017-11-17,61694.0
Red,劍潭,2017-11-17,82653.0
Red,士林,2017-11-17,67180.0
Red,芝山,2017-11-17,52639.0
Red,明德,2017-11-17,28029.0
Red,石牌,2017-11-17,68310.0
Red,唭哩岸,2017-11-17,16423.0
Red,奇岩,2017-11-17,19042.0
Red,北投,2017-11-17,39428.0
Red,新北投,2017-11-17,13670.0
Red,復興崗,2017-11-17,7499.0
Red,忠義,2017-11-17,6270.0
Red,關渡,2017-11-17,29770.0
Red,竹圍,2017-11-17,20962.0
Red,紅樹林,2017-11-17,15685.0
Red,淡水,2017-11-17,87343.0
Red,象山,2017-11-17,25332.0
Red,台北101/世貿,2017-11-17,67989.0
Red,信義安和,2017-11-17,38504.0
Red,大安森林公園,2017-11-17,18006.0
Red,東門,2017-11-17,30597.0
Red,大安,2017-11-17,29394.5
Red,中正紀念堂,2017-11-18,31628.5
Red,台大醫院,2017-11-18,27148.0
Red,台北車站,2017-11-18,180160.5
Red,中山,2017-11-18,50099.0
Red,雙連,2017-11-18,39469.0
Red,民權西路,2017-11-18,24139.5
Red,圓山,2017-11-18,62571.0
Red,劍潭,2017-11-18,75267.0
Red,士林,2017-11-18,59766.0
Red,芝山,2017-11-18,44688.0
Red,明德,2017-11-18,21756.0
Red,石牌,2017-11-18,53359.0
Red,唭哩岸,2017-11-18,13173.0
Red,奇岩,2017-11-18,14137.0
Red,北投,2017-11-18,33491.0
Red,新北投,2017-11-18,16445.0
Red,復興崗,2017-11-18,6853.0
Red,忠義,2017-11-18,4456.0
Red,關渡,2017-11-18,19782.0
Red,竹圍,2017-11-18,17897.0
Red,紅樹林,2017-11-18,11528.0
Red,淡水,2017-11-18,73569.0
Red,象山,2017-11-18,16870.0
Red,台北101/世貿,2017-11-18,66780.0
Red,信義安和,2017-11-18,29310.0
Red,大安森林公園,2017-11-18,24878.0
Red,東門,2017-11-18,28614.5
Red,大安,2017-11-18,21001.0
Red,中正紀念堂,2017-11-19,29001.0
Red,台大醫院,2017-11-19,21651.0
Red,台北車站,2017-11-19,182665.0
Red,中山,2017-11-19,42236.0
Red,雙連,2017-11-19,29438.0
Red,民權西路,2017-11-19,22994.5
Red,圓山,2017-11-19,51806.0
Red,劍潭,2017-11-19,64430.0
Red,士林,2017-11-19,51123.0
Red,芝山,2017-11-19,42898.0
Red,明德,2017-11-19,15425.0
Red,石牌,2017-11-19,43344.0
Red,唭哩岸,2017-11-19,10802.0
Red,奇岩,2017-11-19,10776.0
Red,北投,2017-11-19,28286.0
Red,新北投,2017-11-19,15236.0
Red,復興崗,2017-11-19,5369.0
Red,忠義,2017-11-19,3180.0
Red,關渡,2017-11-19,16086.0
Red,竹圍,2017-11-19,14625.0
Red,紅樹林,2017-11-19,10388.0
Red,淡水,2017-11-19,68250.0
Red,象山,2017-11-19,14273.0
Red,台北101/世貿,2017-11-19,54415.0
Red,信義安和,2017-11-19,22271.0
Red,大安森林公園,2017-11-19,18643.0
Red,東門,2017-11-19,24638.5
Red,大安,2017-11-19,15463.5
Red,中正紀念堂,2017-11-20,32624.5
Red,台大醫院,2017-11-20,51056.0
Red,台北車站,2017-11-20,147829.0
Red,中山,2017-11-20,40069.0
Red,雙連,2017-11-20,45966.0
Red,民權西路,2017-11-20,29327.0
Red,圓山,2017-11-20,50843.0
Red,劍潭,2017-11-20,67470.0
Red,士林,2017-11-20,56865.0
Red,芝山,2017-11-20,46140.0
Red,明德,2017-11-20,26197.0
Red,石牌,2017-11-20,64246.0
Red,唭哩岸,2017-11-20,15532.0
Red,奇岩,2017-11-20,17961.0
Red,北投,2017-11-20,35578.0
Red,新北投,2017-11-20,12203.0
Red,復興崗,2017-11-20,6674.0
Red,忠義,2017-11-20,6081.0
Red,關渡,2017-11-20,26910.0
Red,竹圍,2017-11-20,19056.0
Red,紅樹林,2017-11-20,13974.0
Red,淡水,2017-11-20,69090.0
Red,象山,2017-11-20,21643.0
Red,台北101/世貿,2017-11-20,56606.0
Red,信義安和,2017-11-20,34736.0
Red,大安森林公園,2017-11-20,14820.0
Red,東門,2017-11-20,25562.5
Red,大安,2017-11-20,27429.5
Red,中正紀念堂,2017-11-21,35705.5
Red,台大醫院,2017-11-21,52532.0
Red,台北車站,2017-11-21,139864.0
Red,中山,2017-11-21,41376.0
Red,雙連,2017-11-21,46327.0
Red,民權西路,2017-11-21,29560.5
Red,圓山,2017-11-21,52835.0
Red,劍潭,2017-11-21,69979.0
Red,士林,2017-11-21,58824.0
Red,芝山,2017-11-21,47404.0
Red,明德,2017-11-21,27649.0
Red,石牌,2017-11-21,64548.0
Red,唭哩岸,2017-11-21,15798.0
Red,奇岩,2017-11-21,18394.0
Red,北投,2017-11-21,36282.0
Red,新北投,2017-11-21,13260.0
Red,復興崗,2017-11-21,7191.0
Red,忠義,2017-11-21,6194.0
Red,關渡,2017-11-21,27880.0
Red,竹圍,2017-11-21,19611.0
Red,紅樹林,2017-11-21,14113.0
Red,淡水,2017-11-21,71389.0
Red,象山,2017-11-21,23259.0
Red,台北101/世貿,2017-11-21,56275.0
Red,信義安和,2017-11-21,35393.0
Red,大安森林公園,2017-11-21,15609.0
Red,東門,2017-11-21,26552.0
Red,大安,2017-11-21,28268.5
Red,中正紀念堂,2017-11-22,34655.5
Red,台大醫院,2017-11-22,51804.0
Red,台北車站,2017-11-22,145317.0
Red,中山,2017-11-22,42301.0
Red,雙連,2017-11-22,47000.0
Red,民權西路,2017-11-22,29677.5
Red,圓山,2017-11-22,52488.0
Red,劍潭,2017-11-22,69836.0
Red,士林,2017-11-22,60223.0
Red,芝山,2017-11-22,48094.0
Red,明德,2017-11-22,27556.0
Red,石牌,2017-11-22,66037.0
Red,唭哩岸,2017-11-22,15684.0
Red,奇岩,2017-11-22,18243.0
Red,北投,2017-11-22,36816.0
Red,新北投,2017-11-22,12902.0
Red,復興崗,2017-11-22,7130.0
Red,忠義,2017-11-22,6191.0
Red,關渡,2017-11-22,28451.0
Red,竹圍,2017-11-22,19823.0
Red,紅樹林,2017-11-22,14012.0
Red,淡水,2017-11-22,70296.0
Red,象山,2017-11-22,22446.0
Red,台北101/世貿,2017-11-22,56016.0
Red,信義安和,2017-11-22,35521.0
Red,大安森林公園,2017-11-22,15661.0
Red,東門,2017-11-22,26174.0
Red,大安,2017-11-22,28412.0
Red,中正紀念堂,2017-11-23,35804.0
Red,台大醫院,2017-11-23,52210.0
Red,台北車站,2017-11-23,151083.0
Red,中山,2017-11-23,44143.5
Red,雙連,2017-11-23,46700.0
Red,民權西路,2017-11-23,29796.5
Red,圓山,2017-11-23,56192.0
Red,劍潭,2017-11-23,73657.0
Red,士林,2017-11-23,61100.0
Red,芝山,2017-11-23,48785.0
Red,明德,2017-11-23,27360.0
Red,石牌,2017-11-23,66483.0
Red,唭哩岸,2017-11-23,15513.0
Red,奇岩,2017-11-23,18324.0
Red,北投,2017-11-23,36638.0
Red,新北投,2017-11-23,13814.0
Red,復興崗,2017-11-23,7083.0
Red,忠義,2017-11-23,6020.0
Red,關渡,2017-11-23,27473.0
Red,竹圍,2017-11-23,19777.0
Red,紅樹林,2017-11-23,14347.0
Red,淡水,2017-11-23,72522.0
Red,象山,2017-11-23,23234.0
Red,台北101/世貿,2017-11-23,58517.0
Red,信義安和,2017-11-23,36901.0
Red,大安森林公園,2017-11-23,15610.0
Red,東門,2017-11-23,27886.5
Red,大安,2017-11-23,29037.5
Red,中正紀念堂,2017-11-24,39559.0
Red,台大醫院,2017-11-24,51194.0
Red,台北車站,2017-11-24,190839.0
Red,中山,2017-11-24,49999.5
Red,雙連,2017-11-24,50049.0
Red,民權西路,2017-11-24,31865.5
Red,圓山,2017-11-24,63662.0
Red,劍潭,2017-11-24,82493.0
Red,士林,2017-11-24,68733.0
Red,芝山,2017-11-24,53650.0
Red,明德,2017-11-24,28288.0
Red,石牌,2017-11-24,69605.0
Red,唭哩岸,2017-11-24,16698.0
Red,奇岩,2017-11-24,19356.0
Red,北投,2017-11-24,40589.0
Red,新北投,2017-11-24,16210.0
Red,復興崗,2017-11-24,7420.0
Red,忠義,2017-11-24,6763.0
Red,關渡,2017-11-24,30985.0
Red,竹圍,2017-11-24,20927.0
Red,紅樹林,2017-11-24,15455.0
Red,淡水,2017-11-24,83958.0
Red,象山,2017-11-24,25079.0
Red,台北101/世貿,2017-11-24,66314.0
Red,信義安和,2017-11-24,39118.0
Red,大安森林公園,2017-11-24,17811.0
Red,東門,2017-11-24,30388.5
Red,大安,2017-11-24,30554.0
Red,中正紀念堂,2017-11-25,32167.0
Red,台大醫院,2017-11-25,26547.0
Red,台北車站,2017-11-25,182416.5
Red,中山,2017-11-25,52116.5
Red,雙連,2017-11-25,39725.0
Red,民權西路,2017-11-25,23262.0
Red,圓山,2017-11-25,58673.0
Red,劍潭,2017-11-25,70788.0
Red,士林,2017-11-25,65634.0
Red,芝山,2017-11-25,43695.0
Red,明德,2017-11-25,18845.0
Red,石牌,2017-11-25,51326.0
Red,唭哩岸,2017-11-25,12320.0
Red,奇岩,2017-11-25,12489.0
Red,北投,2017-11-25,30268.0
Red,新北投,2017-11-25,18728.0
Red,復興崗,2017-11-25,6401.0
Red,忠義,2017-11-25,3776.0
Red,關渡,2017-11-25,17505.0
Red,竹圍,2017-11-25,17216.0
Red,紅樹林,2017-11-25,10812.0
Red,淡水,2017-11-25,66930.0
Red,象山,2017-11-25,15304.0
Red,台北101/世貿,2017-11-25,58928.0
Red,信義安和,2017-11-25,28230.0
Red,大安森林公園,2017-11-25,18526.0
Red,東門,2017-11-25,27981.5
Red,大安,2017-11-25,18928.5
Red,中正紀念堂,2017-11-26,27553.0
Red,台大醫院,2017-11-26,23776.0
Red,台北車站,2017-11-26,184150.5
Red,中山,2017-11-26,43007.5
Red,雙連,2017-11-26,28369.0
Red,民權西路,2017-11-26,22865.5
Red,圓山,2017-11-26,55449.0
Red,劍潭,2017-11-26,64188.0
Red,士林,2017-11-26,62706.0
Red,芝山,2017-11-26,44371.0
Red,明德,2017-11-26,14943.0
Red,石牌,2017-11-26,42653.0
Red,唭哩岸,2017-11-26,10622.0
Red,奇岩,2017-11-26,11244.0
Red,北投,2017-11-26,28270.0
Red,新北投,2017-11-26,17301.0
Red,復興崗,2017-11-26,5693.0
Red,忠義,2017-11-26,3200.0
Red,關渡,2017-11-26,16506.0
Red,竹圍,2017-11-26,14855.0
Red,紅樹林,2017-11-26,9817.0
Red,淡水,2017-11-26,78917.0
Red,象山,2017-11-26,15509.0
Red,台北101/世貿,2017-11-26,50264.0
Red,信義安和,2017-11-26,22058.0
Red,大安森林公園,2017-11-26,18277.0
Red,東門,2017-11-26,24150.0
Red,大安,2017-11-26,16278.5
Red,中正紀念堂,2017-11-27,32253.5
Red,台大醫院,2017-11-27,50830.0
Red,台北車站,2017-11-27,146480.0
Red,中山,2017-11-27,40133.5
Red,雙連,2017-11-27,44567.0
Red,民權西路,2017-11-27,29142.0
Red,圓山,2017-11-27,51580.0
Red,劍潭,2017-11-27,68979.0
Red,士林,2017-11-27,62243.0
Red,芝山,2017-11-27,46407.0
Red,明德,2017-11-27,26693.0
Red,石牌,2017-11-27,64456.0
Red,唭哩岸,2017-11-27,15490.0
Red,奇岩,2017-11-27,18126.0
Red,北投,2017-11-27,35571.0
Red,新北投,2017-11-27,12884.0
Red,復興崗,2017-11-27,6922.0
Red,忠義,2017-11-27,5920.0
Red,關渡,2017-11-27,27327.0
Red,竹圍,2017-11-27,19471.0
Red,紅樹林,2017-11-27,14052.0
Red,淡水,2017-11-27,75865.0
Red,象山,2017-11-27,22696.0
Red,台北101/世貿,2017-11-27,54950.0
Red,信義安和,2017-11-27,33836.0
Red,大安森林公園,2017-11-27,15703.0
Red,東門,2017-11-27,24859.5
Red,大安,2017-11-27,27304.5
Red,中正紀念堂,2017-11-28,35633.0
Red,台大醫院,2017-11-28,51740.0
Red,台北車站,2017-11-28,142970.0
Red,中山,2017-11-28,41733.0
Red,雙連,2017-11-28,45729.0
Red,民權西路,2017-11-28,29825.5
Red,圓山,2017-11-28,55168.0
Red,劍潭,2017-11-28,72825.0
Red,士林,2017-11-28,72074.0
Red,芝山,2017-11-28,48686.0
Red,明德,2017-11-28,27269.0
Red,石牌,2017-11-28,64615.0
Red,唭哩岸,2017-11-28,15763.0
Red,奇岩,2017-11-28,18393.0
Red,北投,2017-11-28,37018.0
Red,新北投,2017-11-28,13139.0
Red,復興崗,2017-11-28,7113.0
Red,忠義,2017-11-28,6159.0
Red,關渡,2017-11-28,27893.0
Red,竹圍,2017-11-28,20172.0
Red,紅樹林,2017-11-28,14404.0
Red,淡水,2017-11-28,78704.0
Red,象山,2017-11-28,23849.0
Red,台北101/世貿,2017-11-28,56510.0
Red,信義安和,2017-11-28,35617.0
Red,大安森林公園,2017-11-28,16677.0
Red,東門,2017-11-28,26312.0
Red,大安,2017-11-28,27992.5
Red,中正紀念堂,2017-11-29,36123.0
Red,台大醫院,2017-11-29,50935.0
Red,台北車站,2017-11-29,141946.0
Red,中山,2017-11-29,42469.5
Red,雙連,2017-11-29,46872.0
Red,民權西路,2017-11-29,30443.5
Red,圓山,2017-11-29,55096.0
Red,劍潭,2017-11-29,73812.0
Red,士林,2017-11-29,71974.0
Red,芝山,2017-11-29,60260.0
Red,明德,2017-11-29,27396.0
Red,石牌,2017-11-29,66078.0
Red,唭哩岸,2017-11-29,15935.0
Red,奇岩,2017-11-29,19123.0
Red,北投,2017-11-29,37389.0
Red,新北投,2017-11-29,13384.0
Red,復興崗,2017-11-29,7473.0
Red,忠義,2017-11-29,6280.0
Red,關渡,2017-11-29,28919.0
Red,竹圍,2017-11-29,20632.0
Red,紅樹林,2017-11-29,14377.0
Red,淡水,2017-11-29,79821.0
Red,象山,2017-11-29,24630.0
Red,台北101/世貿,2017-11-29,56387.0
Red,信義安和,2017-11-29,36285.0
Red,大安森林公園,2017-11-29,17224.0
Red,東門,2017-11-29,25838.0
Red,大安,2017-11-29,28645.0
Red,中正紀念堂,2017-11-30,35860.0
Red,台大醫院,2017-11-30,50479.0
Red,台北車站,2017-11-30,146174.0
Red,中山,2017-11-30,43409.0
Red,雙連,2017-11-30,46130.0
Red,民權西路,2017-11-30,29591.0
Red,圓山,2017-11-30,54393.0
Red,劍潭,2017-11-30,71721.0
Red,士林,2017-11-30,66677.0
Red,芝山,2017-11-30,54417.0
Red,明德,2017-11-30,27395.0
Red,石牌,2017-11-30,65495.0
Red,唭哩岸,2017-11-30,15990.0
Red,奇岩,2017-11-30,18858.0
Red,北投,2017-11-30,37329.0
Red,新北投,2017-11-30,13642.0
Red,復興崗,2017-11-30,7261.0
Red,忠義,2017-11-30,6149.0
Red,關渡,2017-11-30,28150.0
Red,竹圍,2017-11-30,19559.0
Red,紅樹林,2017-11-30,14211.0
Red,淡水,2017-11-30,74468.0
Red,象山,2017-11-30,23091.0
Red,台北101/世貿,2017-11-30,63049.0
Red,信義安和,2017-11-30,36380.0
Red,大安森林公園,2017-11-30,15680.0
Red,東門,2017-11-30,27064.5
Red,大安,2017-11-30,28776.0
Red,中正紀念堂,2017-12-01,38694.5
Red,台大醫院,2017-12-01,51989.0
Red,台北車站,2017-12-01,183845.5
Red,中山,2017-12-01,47902.0
Red,雙連,2017-12-01,49836.0
Red,民權西路,2017-12-01,31903.5
Red,圓山,2017-12-01,62685.0
Red,劍潭,2017-12-01,78406.0
Red,士林,2017-12-01,69030.0
Red,芝山,2017-12-01,57204.0
Red,明德,2017-12-01,28137.0
Red,石牌,2017-12-01,68645.0
Red,唭哩岸,2017-12-01,16766.0
Red,奇岩,2017-12-01,19572.0
Red,北投,2017-12-01,39627.0
Red,新北投,2017-12-01,14443.0
Red,復興崗,2017-12-01,7336.0
Red,忠義,2017-12-01,6234.0
Red,關渡,2017-12-01,28753.0
Red,竹圍,2017-12-01,20638.0
Red,紅樹林,2017-12-01,15273.0
Red,淡水,2017-12-01,79809.0
Red,象山,2017-12-01,23456.0
Red,台北101/世貿,2017-12-01,68216.0
Red,信義安和,2017-12-01,39259.0
Red,大安森林公園,2017-12-01,17150.0
Red,東門,2017-12-01,29453.5
Red,大安,2017-12-01,30308.5
Red,中正紀念堂,2017-12-02,37047.5
Red,台大醫院,2017-12-02,31060.0
Red,台北車站,2017-12-02,186519.0
Red,中山,2017-12-02,49446.0
Red,雙連,2017-12-02,40831.0
Red,民權西路,2017-12-02,24583.5
Red,圓山,2017-12-02,65072.0
Red,劍潭,2017-12-02,79345.0
Red,士林,2017-12-02,70983.0
Red,芝山,2017-12-02,55518.0
Red,明德,2017-12-02,20346.0
Red,石牌,2017-12-02,54268.0
Red,唭哩岸,2017-12-02,13364.0
Red,奇岩,2017-12-02,13591.0
Red,北投,2017-12-02,32981.0
Red,新北投,2017-12-02,17587.0
Red,復興崗,2017-12-02,6398.0
Red,忠義,2017-12-02,4269.0
Red,關渡,2017-12-02,20853.0
Red,竹圍,2017-12-02,18358.0
Red,紅樹林,2017-12-02,11523.0
Red,淡水,2017-12-02,80062.0
Red,象山,2017-12-02,17137.0
Red,台北101/世貿,2017-12-02,75635.0
Red,信義安和,2017-12-02,29034.0
Red,大安森林公園,2017-12-02,21158.0
Red,東門,2017-12-02,29002.0
Red,大安,2017-12-02,20134.5
Red,中正紀念堂,2017-12-03,31734.5
Red,台大醫院,2017-12-03,24698.0
Red,台北車站,2017-12-03,189711.5
Red,中山,2017-12-03,41494.0
Red,雙連,2017-12-03,31027.0
Red,民權西路,2017-12-03,23588.5
Red,圓山,2017-12-03,62520.0
Red,劍潭,2017-12-03,69731.0
Red,士林,2017-12-03,65706.0
Red,芝山,2017-12-03,51471.0
Red,明德,2017-12-03,16220.0
Red,石牌,2017-12-03,46270.0
Red,唭哩岸,2017-12-03,11936.0
Red,奇岩,2017-12-03,11983.0
Red,北投,2017-12-03,30506.0
Red,新北投,2017-12-03,15704.0
Red,復興崗,2017-12-03,5567.0
Red,忠義,2017-12-03,3409.0
Red,關渡,2017-12-03,17113.0
Red,竹圍,2017-12-03,15838.0
Red,紅樹林,2017-12-03,10800.0
Red,淡水,2017-12-03,83541.0
Red,象山,2017-12-03,17336.0
Red,台北101/世貿,2017-12-03,62781.0
Red,信義安和,2017-12-03,22091.0
Red,大安森林公園,2017-12-03,19303.0
Red,東門,2017-12-03,24775.0
Red,大安,2017-12-03,16423.5
Red,中正紀念堂,2017-12-04,31399.0
Red,台大醫院,2017-12-04,51112.0
Red,台北車站,2017-12-04,148399.5
Red,中山,2017-12-04,39141.5
Red,雙連,2017-12-04,45409.0
Red,民權西路,2017-12-04,29180.0
Red,圓山,2017-12-04,57970.0
Red,劍潭,2017-12-04,70624.0
Red,士林,2017-12-04,63588.0
Red,芝山,2017-12-04,49875.0
Red,明德,2017-12-04,26790.0
Red,石牌,2017-12-04,63704.0
Red,唭哩岸,2017-12-04,15245.0
Red,奇岩,2017-12-04,18190.0
Red,北投,2017-12-04,36078.0
Red,新北投,2017-12-04,11933.0
Red,復興崗,2017-12-04,6529.0
Red,忠義,2017-12-04,6182.0
Red,關渡,2017-12-04,27271.0
Red,竹圍,2017-12-04,18917.0
Red,紅樹林,2017-12-04,14190.0
Red,淡水,2017-12-04,72569.0
Red,象山,2017-12-04,22748.0
Red,台北101/世貿,2017-12-04,59205.0
Red,信義安和,2017-12-04,34273.0
Red,大安森林公園,2017-12-04,16033.0
Red,東門,2017-12-04,25096.0
Red,大安,2017-12-04,27530.5
Red,中正紀念堂,2017-12-05,34902.0
Red,台大醫院,2017-12-05,51952.0
Red,台北車站,2017-12-05,141511.5
Red,中山,2017-12-05,39997.5
Red,雙連,2017-12-05,45643.0
Red,民權西路,2017-12-05,29618.0
Red,圓山,2017-12-05,52660.0
Red,劍潭,2017-12-05,72550.0
Red,士林,2017-12-05,62709.0
Red,芝山,2017-12-05,52204.0
Red,明德,2017-12-05,27088.0
Red,石牌,2017-12-05,64834.0
Red,唭哩岸,2017-12-05,15961.0
Red,奇岩,2017-12-05,18776.0
Red,北投,2017-12-05,36225.0
Red,新北投,2017-12-05,13432.0
Red,復興崗,2017-12-05,7356.0
Red,忠義,2017-12-05,6202.0
Red,關渡,2017-12-05,27912.0
Red,竹圍,2017-12-05,19770.0
Red,紅樹林,2017-12-05,14275.0
Red,淡水,2017-12-05,69811.0
Red,象山,2017-12-05,22586.0
Red,台北101/世貿,2017-12-05,60014.0
Red,信義安和,2017-12-05,36164.0
Red,大安森林公園,2017-12-05,15517.0
Red,東門,2017-12-05,25977.0
Red,大安,2017-12-05,29300.5
Red,中正紀念堂,2017-12-06,36323.0
Red,台大醫院,2017-12-06,52481.0
Red,台北車站,2017-12-06,144966.5
Red,中山,2017-12-06,41653.5
Red,雙連,2017-12-06,47077.0
Red,民權西路,2017-12-06,30041.5
Red,圓山,2017-12-06,52906.0
Red,劍潭,2017-12-06,71389.0
Red,士林,2017-12-06,64740.0
Red,芝山,2017-12-06,51775.0
Red,明德,2017-12-06,27774.0
Red,石牌,2017-12-06,66600.0
Red,唭哩岸,2017-12-06,16099.0
Red,奇岩,2017-12-06,18788.0
Red,北投,2017-12-06,37707.0
Red,新北投,2017-12-06,13616.0
Red,復興崗,2017-12-06,7286.0
Red,忠義,2017-12-06,6211.0
Red,關渡,2017-12-06,28128.0
Red,竹圍,2017-12-06,19948.0
Red,紅樹林,2017-12-06,14458.0
Red,淡水,2017-12-06,72365.0
Red,象山,2017-12-06,22847.0
Red,台北101/世貿,2017-12-06,66820.0
Red,信義安和,2017-12-06,36877.0
Red,大安森林公園,2017-12-06,15245.0
Red,東門,2017-12-06,26422.5
Red,大安,2017-12-06,29382.0
Red,中正紀念堂,2017-12-07,35472.0
Red,台大醫院,2017-12-07,52873.0
Red,台北車站,2017-12-07,156310.5
Red,中山,2017-12-07,43814.0
Red,雙連,2017-12-07,46978.0
Red,民權西路,2017-12-07,30161.0
Red,圓山,2017-12-07,52405.0
Red,劍潭,2017-12-07,68882.0
Red,士林,2017-12-07,62858.0
Red,芝山,2017-12-07,50857.0
Red,明德,2017-12-07,27448.0
Red,石牌,2017-12-07,65393.0
Red,唭哩岸,2017-12-07,16416.0
Red,奇岩,2017-12-07,19094.0
Red,北投,2017-12-07,37374.0
Red,新北投,2017-12-07,14168.0
Red,復興崗,2017-12-07,7347.0
Red,忠義,2017-12-07,6280.0
Red,關渡,2017-12-07,27723.0
Red,竹圍,2017-12-07,19235.0
Red,紅樹林,2017-12-07,14343.0
Red,淡水,2017-12-07,70819.0
Red,象山,2017-12-07,22523.0
Red,台北101/世貿,2017-12-07,69541.0
Red,信義安和,2017-12-07,37306.0
Red,大安森林公園,2017-12-07,15130.0
Red,東門,2017-12-07,28932.5
Red,大安,2017-12-07,29959.5
Red,中正紀念堂,2017-12-08,39702.5
Red,台大醫院,2017-12-08,52852.0
Red,台北車站,2017-12-08,196491.0
Red,中山,2017-12-08,49175.5
Red,雙連,2017-12-08,50221.0
Red,民權西路,2017-12-08,33409.0
Red,圓山,2017-12-08,57243.0
Red,劍潭,2017-12-08,82757.0
Red,士林,2017-12-08,69136.0
Red,芝山,2017-12-08,59198.0
Red,明德,2017-12-08,28323.0
Red,石牌,2017-12-08,70404.0
Red,唭哩岸,2017-12-08,17119.0
Red,奇岩,2017-12-08,20358.0
Red,北投,2017-12-08,40981.0
Red,新北投,2017-12-08,15624.0
Red,復興崗,2017-12-08,7457.0
Red,忠義,2017-12-08,6616.0
Red,關渡,2017-12-08,29159.0
Red,竹圍,2017-12-08,20863.0
Red,紅樹林,2017-12-08,15413.0
Red,淡水,2017-12-08,81922.0
Red,象山,2017-12-08,24265.0
Red,台北101/世貿,2017-12-08,84622.0
Red,信義安和,2017-12-08,40436.0
Red,大安森林公園,2017-12-08,16786.0
Red,東門,2017-12-08,29957.5
Red,大安,2017-12-08,32641.5
Red,中正紀念堂,2017-12-09,35998.5
Red,台大醫院,2017-12-09,28484.0
Red,台北車站,2017-12-09,203752.5
Red,中山,2017-12-09,52040.0
Red,雙連,2017-12-09,40848.0
Red,民權西路,2017-12-09,25711.0
Red,圓山,2017-12-09,64035.0
Red,劍潭,2017-12-09,81473.0
Red,士林,2017-12-09,66579.0
Red,芝山,2017-12-09,52056.0
Red,明德,2017-12-09,22676.0
Red,石牌,2017-12-09,61142.0
Red,唭哩岸,2017-12-09,13508.0
Red,奇岩,2017-12-09,15219.0
Red,北投,2017-12-09,32919.0
Red,新北投,2017-12-09,19820.0
Red,復興崗,2017-12-09,6391.0
Red,忠義,2017-12-09,4089.0
Red,關渡,2017-12-09,19048.0
Red,竹圍,2017-12-09,18488.0
Red,紅樹林,2017-12-09,11566.0
Red,淡水,2017-12-09,75480.0
Red,象山,2017-12-09,19945.0
Red,台北101/世貿,2017-12-09,98527.0
Red,信義安和,2017-12-09,30106.0
Red,大安森林公園,2017-12-09,18102.0
Red,東門,2017-12-09,29408.5
Red,大安,2017-12-09,23086.0
Red,中正紀念堂,2017-12-10,34064.0
Red,台大醫院,2017-12-10,25675.0
Red,台北車站,2017-12-10,211647.5
Red,中山,2017-12-10,44922.0
Red,雙連,2017-12-10,31768.0
Red,民權西路,2017-12-10,26350.0
Red,圓山,2017-12-10,70838.0
Red,劍潭,2017-12-10,78331.0
Red,士林,2017-12-10,74180.0
Red,芝山,2017-12-10,50821.0
Red,明德,2017-12-10,17004.0
Red,石牌,2017-12-10,52600.0
Red,唭哩岸,2017-12-10,12141.0
Red,奇岩,2017-12-10,12419.0
Red,北投,2017-12-10,32509.0
Red,新北投,2017-12-10,19334.0
Red,復興崗,2017-12-10,5888.0
Red,忠義,2017-12-10,3691.0
Red,關渡,2017-12-10,18690.0
Red,竹圍,2017-12-10,17429.0
Red,紅樹林,2017-12-10,11725.0
Red,淡水,2017-12-10,99915.0
Red,象山,2017-12-10,21010.0
Red,台北101/世貿,2017-12-10,90286.0
Red,信義安和,2017-12-10,24468.0
Red,大安森林公園,2017-12-10,23246.0
Red,東門,2017-12-10,27538.0
Red,大安,2017-12-10,18470.0
Red,中正紀念堂,2017-12-11,33140.0
Red,台大醫院,2017-12-11,50119.0
Red,台北車站,2017-12-11,158767.5
Red,中山,2017-12-11,40243.5
Red,雙連,2017-12-11,46655.0
Red,民權西路,2017-12-11,29936.0
Red,圓山,2017-12-11,49876.0
Red,劍潭,2017-12-11,72988.0
Red,士林,2017-12-11,60349.0
Red,芝山,2017-12-11,47388.0
Red,明德,2017-12-11,27130.0
Red,石牌,2017-12-11,64785.0
Red,唭哩岸,2017-12-11,15458.0
Red,奇岩,2017-12-11,18257.0
Red,北投,2017-12-11,36592.0
Red,新北投,2017-12-11,13269.0
Red,復興崗,2017-12-11,6919.0
Red,忠義,2017-12-11,5989.0
Red,關渡,2017-12-11,27135.0
Red,竹圍,2017-12-11,19843.0
Red,紅樹林,2017-12-11,14118.0
Red,淡水,2017-12-11,75400.0
Red,象山,2017-12-11,23524.0
Red,台北101/世貿,2017-12-11,71174.0
Red,信義安和,2017-12-11,35232.0
Red,大安森林公園,2017-12-11,15351.0
Red,東門,2017-12-11,25621.5
Red,大安,2017-12-11,28224.5
Red,中正紀念堂,2017-12-12,36499.5
Red,台大醫院,2017-12-12,54278.0
Red,台北車站,2017-12-12,149366.0
Red,中山,2017-12-12,42753.0
Red,雙連,2017-12-12,46768.0
Red,民權西路,2017-12-12,30156.5
Red,圓山,2017-12-12,52022.0
Red,劍潭,2017-12-12,68120.0
Red,士林,2017-12-12,58276.0
Red,芝山,2017-12-12,47486.0
Red,明德,2017-12-12,27730.0
Red,石牌,2017-12-12,64787.0
Red,唭哩岸,2017-12-12,15915.0
Red,奇岩,2017-12-12,19276.0
Red,北投,2017-12-12,36051.0
Red,新北投,2017-12-12,14026.0
Red,復興崗,2017-12-12,7333.0
Red,忠義,2017-12-12,6196.0
Red,關渡,2017-12-12,27790.0
Red,竹圍,2017-12-12,19363.0
Red,紅樹林,2017-12-12,14371.0
Red,淡水,2017-12-12,68521.0
Red,象山,2017-12-12,22198.0
Red,台北101/世貿,2017-12-12,61247.0
Red,信義安和,2017-12-12,37267.0
Red,大安森林公園,2017-12-12,15130.0
Red,東門,2017-12-12,27395.0
Red,大安,2017-12-12,30003.0
Red,中正紀念堂,2017-12-13,36494.0
Red,台大醫院,2017-12-13,53100.0
Red,台北車站,2017-12-13,148439.5
Red,中山,2017-12-13,43129.5
Red,雙連,2017-12-13,47464.0
Red,民權西路,2017-12-13,30565.0
Red,圓山,2017-12-13,53334.0
Red,劍潭,2017-12-13,71615.0
Red,士林,2017-12-13,60253.0
Red,芝山,2017-12-13,49232.0
Red,明德,2017-12-13,27708.0
Red,石牌,2017-12-13,67165.0
Red,唭哩岸,2017-12-13,16197.0
Red,奇岩,2017-12-13,18720.0
Red,北投,2017-12-13,37787.0
Red,新北投,2017-12-13,13879.0
Red,復興崗,2017-12-13,7616.0
Red,忠義,2017-12-13,6372.0
Red,關渡,2017-12-13,28139.0
Red,竹圍,2017-12-13,20193.0
Red,紅樹林,2017-12-13,14201.0
Red,淡水,2017-12-13,72280.0
Red,象山,2017-12-13,22664.0
Red,台北101/世貿,2017-12-13,62286.0
Red,信義安和,2017-12-13,37665.0
Red,大安森林公園,2017-12-13,15368.0
Red,東門,2017-12-13,27752.5
Red,大安,2017-12-13,29768.0
Red,中正紀念堂,2017-12-14,37176.0
Red,台大醫院,2017-12-14,52152.0
Red,台北車站,2017-12-14,154902.0
Red,中山,2017-12-14,44481.5
Red,雙連,2017-12-14,47237.0
Red,民權西路,2017-12-14,31544.5
Red,圓山,2017-12-14,58533.0
Red,劍潭,2017-12-14,75685.0
Red,士林,2017-12-14,63252.0
Red,芝山,2017-12-14,49300.0
Red,明德,2017-12-14,27861.0
Red,石牌,2017-12-14,67065.0
Red,唭哩岸,2017-12-14,16029.0
Red,奇岩,2017-12-14,19228.0
Red,北投,2017-12-14,38467.0
Red,新北投,2017-12-14,14947.0
Red,復興崗,2017-12-14,7579.0
Red,忠義,2017-12-14,6461.0
Red,關渡,2017-12-14,28696.0
Red,竹圍,2017-12-14,20277.0
Red,紅樹林,2017-12-14,14699.0
Red,淡水,2017-12-14,78178.0
Red,象山,2017-12-14,24910.0
Red,台北101/世貿,2017-12-14,69313.0
Red,信義安和,2017-12-14,36896.0
Red,大安森林公園,2017-12-14,16776.0
Red,東門,2017-12-14,28660.0
Red,大安,2017-12-14,29157.5
Red,中正紀念堂,2017-12-15,40970.5
Red,台大醫院,2017-12-15,53434.0
Red,台北車站,2017-12-15,196924.5
Red,中山,2017-12-15,50341.5
Red,雙連,2017-12-15,51678.0
Red,民權西路,2017-12-15,33701.5
Red,圓山,2017-12-15,63914.0
Red,劍潭,2017-12-15,86931.0
Red,士林,2017-12-15,70244.0
Red,芝山,2017-12-15,54246.0
Red,明德,2017-12-15,28966.0
Red,石牌,2017-12-15,70156.0
Red,唭哩岸,2017-12-15,17283.0
Red,奇岩,2017-12-15,19882.0
Red,北投,2017-12-15,42019.0
Red,新北投,2017-12-15,16314.0
Red,復興崗,2017-12-15,7656.0
Red,忠義,2017-12-15,6644.0
Red,關渡,2017-12-15,29776.0
Red,竹圍,2017-12-15,21377.0
Red,紅樹林,2017-12-15,15660.0
Red,淡水,2017-12-15,89949.0
Red,象山,2017-12-15,27829.0
Red,台北101/世貿,2017-12-15,75850.0
Red,信義安和,2017-12-15,40244.0
Red,大安森林公園,2017-12-15,18334.0
Red,東門,2017-12-15,31304.5
Red,大安,2017-12-15,31285.0
Red,中正紀念堂,2017-12-16,35904.5
Red,台大醫院,2017-12-16,29332.0
Red,台北車站,2017-12-16,205571.5
Red,中山,2017-12-16,54185.5
Red,雙連,2017-12-16,45426.0
Red,民權西路,2017-12-16,26798.0
Red,圓山,2017-12-16,69099.0
Red,劍潭,2017-12-16,83021.0
Red,士林,2017-12-16,65425.0
Red,芝山,2017-12-16,45960.0
Red,明德,2017-12-16,21817.0
Red,石牌,2017-12-16,56702.0
Red,唭哩岸,2017-12-16,13638.0
Red,奇岩,2017-12-16,14216.0
Red,北投,2017-12-16,33683.0
Red,新北投,2017-12-16,20615.0
Red,復興崗,2017-12-16,6641.0
Red,忠義,2017-12-16,4102.0
Red,關渡,2017-12-16,18650.0
Red,竹圍,2017-12-16,17951.0
Red,紅樹林,2017-12-16,11271.0
Red,淡水,2017-12-16,76348.0
Red,象山,2017-12-16,19515.0
Red,台北101/世貿,2017-12-16,85923.0
Red,信義安和,2017-12-16,31638.0
Red,大安森林公園,2017-12-16,19494.0
Red,東門,2017-12-16,30439.0
Red,大安,2017-12-16,22429.0
Red,中正紀念堂,2017-12-17,33477.5
Red,台大醫院,2017-12-17,32890.0
Red,台北車站,2017-12-17,217438.5
Red,中山,2017-12-17,46271.0
Red,雙連,2017-12-17,31536.0
Red,民權西路,2017-12-17,24542.5
Red,圓山,2017-12-17,49108.0
Red,劍潭,2017-12-17,68720.0
Red,士林,2017-12-17,55219.0
Red,芝山,2017-12-17,43834.0
Red,明德,2017-12-17,16318.0
Red,石牌,2017-12-17,46170.0
Red,唭哩岸,2017-12-17,11320.0
Red,奇岩,2017-12-17,11498.0
Red,北投,2017-12-17,29891.0
Red,新北投,2017-12-17,18307.0
Red,復興崗,2017-12-17,5493.0
Red,忠義,2017-12-17,3343.0
Red,關渡,2017-12-17,16424.0
Red,竹圍,2017-12-17,18065.0
Red,紅樹林,2017-12-17,10039.0
Red,淡水,2017-12-17,73821.0
Red,象山,2017-12-17,17143.0
Red,台北101/世貿,2017-12-17,81819.0
Red,信義安和,2017-12-17,26556.0
Red,大安森林公園,2017-12-17,19177.0
Red,東門,2017-12-17,29645.5
Red,大安,2017-12-17,18057.5
Red,中正紀念堂,2017-12-18,35054.0
Red,台大醫院,2017-12-18,56625.0
Red,台北車站,2017-12-18,159092.0
Red,中山,2017-12-18,42293.0
Red,雙連,2017-12-18,46725.0
Red,民權西路,2017-12-18,30008.0
Red,圓山,2017-12-18,51503.0
Red,劍潭,2017-12-18,71726.0
Red,士林,2017-12-18,58569.0
Red,芝山,2017-12-18,46083.0
Red,明德,2017-12-18,27051.0
Red,石牌,2017-12-18,65790.0
Red,唭哩岸,2017-12-18,15733.0
Red,奇岩,2017-12-18,18089.0
Red,北投,2017-12-18,36445.0
Red,新北投,2017-12-18,14032.0
Red,復興崗,2017-12-18,7204.0
Red,忠義,2017-12-18,6121.0
Red,關渡,2017-12-18,27654.0
Red,竹圍,2017-12-18,19442.0
Red,紅樹林,2017-12-18,14167.0
Red,淡水,2017-12-18,71765.0
Red,象山,2017-12-18,23847.0
Red,台北101/世貿,2017-12-18,64536.0
Red,信義安和,2017-12-18,36747.0
Red,大安森林公園,2017-12-18,14890.0
Red,東門,2017-12-18,26814.0
Red,大安,2017-12-18,28930.5
Red,中正紀念堂,2017-12-19,37246.5
Red,台大醫院,2017-12-19,58395.0
Red,台北車站,2017-12-19,150328.5
Red,中山,2017-12-19,43307.5
Red,雙連,2017-12-19,47458.0
Red,民權西路,2017-12-19,30086.5
Red,圓山,2017-12-19,53093.0
Red,劍潭,2017-12-19,70976.0
Red,士林,2017-12-19,59287.0
Red,芝山,2017-12-19,47707.0
Red,明德,2017-12-19,27518.0
Red,石牌,2017-12-19,64633.0
Red,唭哩岸,2017-12-19,15912.0
Red,奇岩,2017-12-19,19023.0
Red,北投,2017-12-19,36302.0
Red,新北投,2017-12-19,14467.0
Red,復興崗,2017-12-19,7469.0
Red,忠義,2017-12-19,6137.0
Red,關渡,2017-12-19,27730.0
Red,竹圍,2017-12-19,19997.0
Red,紅樹林,2017-12-19,14089.0
Red,淡水,2017-12-19,68501.0
Red,象山,2017-12-19,22167.0
Red,台北101/世貿,2017-12-19,62399.0
Red,信義安和,2017-12-19,38323.0
Red,大安森林公園,2017-12-19,15269.0
Red,東門,2017-12-19,28039.5
Red,大安,2017-12-19,29671.0
Red,中正紀念堂,2017-12-20,36950.0
Red,台大醫院,2017-12-20,53248.0
Red,台北車站,2017-12-20,153979.0
Red,中山,2017-12-20,45215.5
Red,雙連,2017-12-20,49385.0
Red,民權西路,2017-12-20,31201.5
Red,圓山,2017-12-20,55207.0
Red,劍潭,2017-12-20,76762.0
Red,士林,2017-12-20,62969.0
Red,芝山,2017-12-20,50005.0
Red,明德,2017-12-20,28257.0
Red,石牌,2017-12-20,68822.0
Red,唭哩岸,2017-12-20,16249.0
Red,奇岩,2017-12-20,19255.0
Red,北投,2017-12-20,38756.0
Red,新北投,2017-12-20,15051.0
Red,復興崗,2017-12-20,7522.0
Red,忠義,2017-12-20,6425.0
Red,關渡,2017-12-20,28632.0
Red,竹圍,2017-12-20,20524.0
Red,紅樹林,2017-12-20,14816.0
Red,淡水,2017-12-20,78170.0
Red,象山,2017-12-20,26194.0
Red,台北101/世貿,2017-12-20,69275.0
Red,信義安和,2017-12-20,38099.0
Red,大安森林公園,2017-12-20,17391.0
Red,東門,2017-12-20,28183.5
Red,大安,2017-12-20,29975.5
Red,中正紀念堂,2017-12-21,38298.5
Red,台大醫院,2017-12-21,51585.0
Red,台北車站,2017-12-21,156230.5
Red,中山,2017-12-21,45438.0
Red,雙連,2017-12-21,47286.0
Red,民權西路,2017-12-21,30687.5
Red,圓山,2017-12-21,54648.0
Red,劍潭,2017-12-21,77933.0
Red,士林,2017-12-21,62486.0
Red,芝山,2017-12-21,49363.0
Red,明德,2017-12-21,27755.0
Red,石牌,2017-12-21,66702.0
Red,唭哩岸,2017-12-21,16213.0
Red,奇岩,2017-12-21,18964.0
Red,北投,2017-12-21,38597.0
Red,新北投,2017-12-21,15528.0
Red,復興崗,2017-12-21,7478.0
Red,忠義,2017-12-21,6432.0
Red,關渡,2017-12-21,27976.0
Red,竹圍,2017-12-21,20261.0
Red,紅樹林,2017-12-21,14644.0
Red,淡水,2017-12-21,76927.0
Red,象山,2017-12-21,25047.0
Red,台北101/世貿,2017-12-21,69450.0
Red,信義安和,2017-12-21,38201.0
Red,大安森林公園,2017-12-21,16437.0
Red,東門,2017-12-21,28504.0
Red,大安,2017-12-21,29966.5
Red,中正紀念堂,2017-12-22,40923.0
Red,台大醫院,2017-12-22,52585.0
Red,台北車站,2017-12-22,194702.0
Red,中山,2017-12-22,50955.5
Red,雙連,2017-12-22,51658.0
Red,民權西路,2017-12-22,33751.0
Red,圓山,2017-12-22,60229.0
Red,劍潭,2017-12-22,85443.0
Red,士林,2017-12-22,69066.0
Red,芝山,2017-12-22,54201.0
Red,明德,2017-12-22,28853.0
Red,石牌,2017-12-22,70648.0
Red,唭哩岸,2017-12-22,17165.0
Red,奇岩,2017-12-22,19497.0
Red,北投,2017-12-22,41027.0
Red,新北投,2017-12-22,16954.0
Red,復興崗,2017-12-22,7963.0
Red,忠義,2017-12-22,6085.0
Red,關渡,2017-12-22,29132.0
Red,竹圍,2017-12-22,21051.0
Red,紅樹林,2017-12-22,15377.0
Red,淡水,2017-12-22,90638.0
Red,象山,2017-12-22,27640.0
Red,台北101/世貿,2017-12-22,80073.0
Red,信義安和,2017-12-22,41706.0
Red,大安森林公園,2017-12-22,18729.0
Red,東門,2017-12-22,31403.0
Red,大安,2017-12-22,30835.5
Red,中正紀念堂,2017-12-23,38658.5
Red,台大醫院,2017-12-23,33761.0
Red,台北車站,2017-12-23,222334.0
Red,中山,2017-12-23,56298.5
Red,雙連,2017-12-23,44341.0
Red,民權西路,2017-12-23,27835.0
Red,圓山,2017-12-23,69030.0
Red,劍潭,2017-12-23,94556.0
Red,士林,2017-12-23,71032.0
Red,芝山,2017-12-23,48840.0
Red,明德,2017-12-23,22081.0
Red,石牌,2017-12-23,58514.0
Red,唭哩岸,2017-12-23,14259.0
Red,奇岩,2017-12-23,15071.0
Red,北投,2017-12-23,36110.0
Red,新北投,2017-12-23,19937.0
Red,復興崗,2017-12-23,7637.0
Red,忠義,2017-12-23,4256.0
Red,關渡,2017-12-23,21501.0
Red,竹圍,2017-12-23,20423.0
Red,紅樹林,2017-12-23,13877.0
Red,淡水,2017-12-23,110055.0
Red,象山,2017-12-23,26516.0
Red,台北101/世貿,2017-12-23,104688.0
Red,信義安和,2017-12-23,34272.0
Red,大安森林公園,2017-12-23,28449.0
Red,東門,2017-12-23,33944.0
Red,大安,2017-12-23,23510.0
Red,中正紀念堂,2017-12-24,33211.0
Red,台大醫院,2017-12-24,22984.0
Red,台北車站,2017-12-24,208564.0
Red,中山,2017-12-24,47974.5
Red,雙連,2017-12-24,33750.0
Red,民權西路,2017-12-24,27021.5
Red,圓山,2017-12-24,59367.0
Red,劍潭,2017-12-24,78489.0
Red,士林,2017-12-24,59936.0
Red,芝山,2017-12-24,45351.0
Red,明德,2017-12-24,17340.0
Red,石牌,2017-12-24,47808.0
Red,唭哩岸,2017-12-24,12026.0
Red,奇岩,2017-12-24,12723.0
Red,北投,2017-12-24,31967.0
Red,新北投,2017-12-24,19004.0
Red,復興崗,2017-12-24,6128.0
Red,忠義,2017-12-24,3404.0
Red,關渡,2017-12-24,18150.0
Red,竹圍,2017-12-24,16224.0
Red,紅樹林,2017-12-24,11615.0
Red,淡水,2017-12-24,101059.0
Red,象山,2017-12-24,21739.0
Red,台北101/世貿,2017-12-24,98063.0
Red,信義安和,2017-12-24,27609.0
Red,大安森林公園,2017-12-24,22535.0
Red,東門,2017-12-24,29126.0
Red,大安,2017-12-24,18263.0
Red,中正紀念堂,2017-12-25,36629.5
Red,台大醫院,2017-12-25,51950.0
Red,台北車站,2017-12-25,169534.0
Red,中山,2017-12-25,46912.0
Red,雙連,2017-12-25,48310.0
Red,民權西路,2017-12-25,30639.5
Red,圓山,2017-12-25,54472.0
Red,劍潭,2017-12-25,78521.0
Red,士林,2017-12-25,59475.0
Red,芝山,2017-12-25,47772.0
Red,明德,2017-12-25,27418.0
Red,石牌,2017-12-25,66981.0
Red,唭哩岸,2017-12-25,14549.0
Red,奇岩,2017-12-25,18839.0
Red,北投,2017-12-25,38117.0
Red,新北投,2017-12-25,15873.0
Red,復興崗,2017-12-25,6934.0
Red,忠義,2017-12-25,5369.0
Red,關渡,2017-12-25,26045.0
Red,竹圍,2017-12-25,19789.0
Red,紅樹林,2017-12-25,14193.0
Red,淡水,2017-12-25,82473.0
Red,象山,2017-12-25,25045.0
Red,台北101/世貿,2017-12-25,83493.0
Red,信義安和,2017-12-25,37261.0
Red,大安森林公園,2017-12-25,16911.0
Red,東門,2017-12-25,29649.0
Red,大安,2017-12-25,29486.0
Red,中正紀念堂,2017-12-26,37978.0
Red,台大醫院,2017-12-26,52596.0
Red,台北車站,2017-12-26,155607.5
Red,中山,2017-12-26,45391.0
Red,雙連,2017-12-26,47491.0
Red,民權西路,2017-12-26,30756.5
Red,圓山,2017-12-26,55633.0
Red,劍潭,2017-12-26,77094.0
Red,士林,2017-12-26,62513.0
Red,芝山,2017-12-26,48820.0
Red,明德,2017-12-26,27756.0
Red,石牌,2017-12-26,66513.0
Red,唭哩岸,2017-12-26,15883.0
Red,奇岩,2017-12-26,19454.0
Red,北投,2017-12-26,38650.0
Red,新北投,2017-12-26,15921.0
Red,復興崗,2017-12-26,7137.0
Red,忠義,2017-12-26,6110.0
Red,關渡,2017-12-26,27691.0
Red,竹圍,2017-12-26,19725.0
Red,紅樹林,2017-12-26,14368.0
Red,淡水,2017-12-26,79367.0
Red,象山,2017-12-26,24944.0
Red,台北101/世貿,2017-12-26,64056.0
Red,信義安和,2017-12-26,37969.0
Red,大安森林公園,2017-12-26,16603.0
Red,東門,2017-12-26,29377.5
Red,大安,2017-12-26,29787.5
Red,中正紀念堂,2017-12-27,37928.5
Red,台大醫院,2017-12-27,51881.0
Red,台北車站,2017-12-27,157144.5
Red,中山,2017-12-27,46753.5
Red,雙連,2017-12-27,49115.0
Red,民權西路,2017-12-27,31191.0
Red,圓山,2017-12-27,55434.0
Red,劍潭,2017-12-27,77263.0
Red,士林,2017-12-27,62802.0
Red,芝山,2017-12-27,49768.0
Red,明德,2017-12-27,27925.0
Red,石牌,2017-12-27,67480.0
Red,唭哩岸,2017-12-27,16363.0
Red,奇岩,2017-12-27,19356.0
Red,北投,2017-12-27,38914.0
Red,新北投,2017-12-27,15907.0
Red,復興崗,2017-12-27,7363.0
Red,忠義,2017-12-27,6269.0
Red,關渡,2017-12-27,28199.0
Red,竹圍,2017-12-27,20325.0
Red,紅樹林,2017-12-27,14919.0
Red,淡水,2017-12-27,79729.0
Red,象山,2017-12-27,25021.0
Red,台北101/世貿,2017-12-27,65825.0
Red,信義安和,2017-12-27,37768.0
Red,大安森林公園,2017-12-27,16870.0
Red,東門,2017-12-27,29841.5
Red,大安,2017-12-27,29922.0
Red,中正紀念堂,2017-12-28,37729.0
Red,台大醫院,2017-12-28,52631.0
Red,台北車站,2017-12-28,163094.5
Red,中山,2017-12-28,47643.5
Red,雙連,2017-12-28,48076.0
Red,民權西路,2017-12-28,31246.5
Red,圓山,2017-12-28,55840.0
Red,劍潭,2017-12-28,80171.0
Red,士林,2017-12-28,64941.0
Red,芝山,2017-12-28,49238.0
Red,明德,2017-12-28,27889.0
Red,石牌,2017-12-28,67535.0
Red,唭哩岸,2017-12-28,16133.0
Red,奇岩,2017-12-28,19312.0
Red,北投,2017-12-28,38989.0
Red,新北投,2017-12-28,16364.0
Red,復興崗,2017-12-28,7218.0
Red,忠義,2017-12-28,6149.0
Red,關渡,2017-12-28,27907.0
Red,竹圍,2017-12-28,20045.0
Red,紅樹林,2017-12-28,15142.0
Red,淡水,2017-12-28,83184.0
Red,象山,2017-12-28,24909.0
Red,台北101/世貿,2017-12-28,68218.0
Red,信義安和,2017-12-28,38753.0
Red,大安森林公園,2017-12-28,17464.0
Red,東門,2017-12-28,30215.0
Red,大安,2017-12-28,30285.5
Red,中正紀念堂,2017-12-29,41510.0
Red,台大醫院,2017-12-29,52641.0
Red,台北車站,2017-12-29,207464.0
Red,中山,2017-12-29,54450.0
Red,雙連,2017-12-29,50843.0
Red,民權西路,2017-12-29,33522.0
Red,圓山,2017-12-29,59590.0
Red,劍潭,2017-12-29,85635.0
Red,士林,2017-12-29,70800.0
Red,芝山,2017-12-29,53148.0
Red,明德,2017-12-29,28848.0
Red,石牌,2017-12-29,67547.0
Red,唭哩岸,2017-12-29,17112.0
Red,奇岩,2017-12-29,20167.0
Red,北投,2017-12-29,42185.0
Red,新北投,2017-12-29,18258.0
Red,復興崗,2017-12-29,7322.0
Red,忠義,2017-12-29,6011.0
Red,關渡,2017-12-29,28267.0
Red,竹圍,2017-12-29,20903.0
Red,紅樹林,2017-12-29,15436.0
Red,淡水,2017-12-29,91650.0
Red,象山,2017-12-29,26589.0
Red,台北101/世貿,2017-12-29,76321.0
Red,信義安和,2017-12-29,41772.0
Red,大安森林公園,2017-12-29,18519.0
Red,東門,2017-12-29,34286.0
Red,大安,2017-12-29,32256.0
Red,中正紀念堂,2017-12-30,33307.5
Red,台大醫院,2017-12-30,26028.0
Red,台北車站,2017-12-30,200477.5
Red,中山,2017-12-30,54591.0
Red,雙連,2017-12-30,46070.0
Red,民權西路,2017-12-30,25589.0
Red,圓山,2017-12-30,59029.0
Red,劍潭,2017-12-30,90516.0
Red,士林,2017-12-30,65191.0
Red,芝山,2017-12-30,44106.0
Red,明德,2017-12-30,19743.0
Red,石牌,2017-12-30,52340.0
Red,唭哩岸,2017-12-30,13133.0
Red,奇岩,2017-12-30,14351.0
Red,北投,2017-12-30,33858.0
Red,新北投,2017-12-30,21531.0
Red,復興崗,2017-12-30,6482.0
Red,忠義,2017-12-30,4026.0
Red,關渡,2017-12-30,18641.0
Red,竹圍,2017-12-30,17805.0
Red,紅樹林,2017-12-30,12022.0
Red,淡水,2017-12-30,101677.0
Red,象山,2017-12-30,21704.0
Red,台北101/世貿,2017-12-30,81100.0
Red,信義安和,2017-12-30,30503.0
Red,大安森林公園,2017-12-30,21495.0
Red,東門,2017-12-30,31863.0
Red,大安,2017-12-30,19647.5
Red,中正紀念堂,2017-12-31,38553.0
Red,台大醫院,2017-12-31,22349.0
Red,台北車站,2017-12-31,230353.0
Red,中山,2017-12-31,55757.5
Red,雙連,2017-12-31,37534.0
Red,民權西路,2017-12-31,26817.0
Red,圓山,2017-12-31,56122.0
Red,劍潭,2017-12-31,88129.0
Red,士林,2017-12-31,62846.0
Red,芝山,2017-12-31,44867.0
Red,明德,2017-12-31,17065.0
Red,石牌,2017-12-31,46816.0
Red,唭哩岸,2017-12-31,12484.0
Red,奇岩,2017-12-31,14330.0
Red,北投,2017-12-31,33433.0
Red,新北投,2017-12-31,23440.0
Red,復興崗,2017-12-31,6203.0
Red,忠義,2017-12-31,3621.0
Red,關渡,2017-12-31,17846.0
Red,竹圍,2017-12-31,16513.0
Red,紅樹林,2017-12-31,11977.0
Red,淡水,2017-12-31,104560.0
Red,象山,2017-12-31,59344.0
Red,台北101/世貿,2017-12-31,189735.0
Red,信義安和,2017-12-31,58145.0
Red,大安森林公園,2017-12-31,25570.0
Red,東門,2017-12-31,34857.5
Red,大安,2017-12-31,22732.5
Red,中正紀念堂,2018-01-01,1496.5
Red,台大醫院,2018-01-01,3975.0
Red,台北車站,2018-01-01,17172.5
Red,中山,2018-01-01,2064.0
Red,雙連,2018-01-01,1409.0
Red,民權西路,2018-01-01,1205.5
Red,圓山,2018-01-01,2326.0
Red,劍潭,2018-01-01,4994.0
Red,士林,2018-01-01,2756.0
Red,芝山,2018-01-01,2462.0
Red,明德,2018-01-01,1091.0
Red,石牌,2018-01-01,2722.0
Red,唭哩岸,2018-01-01,810.0
Red,奇岩,2018-01-01,1014.0
Red,北投,2018-01-01,2494.0
Red,新北投,2018-01-01,2.0
Red,復興崗,2018-01-01,354.0
Red,忠義,2018-01-01,195.0
Red,關渡,2018-01-01,1208.0
Red,竹圍,2018-01-01,1097.0
Red,紅樹林,2018-01-01,1155.0
Red,淡水,2018-01-01,6975.0
Red,象山,2018-01-01,12876.0
Red,台北101/世貿,2018-01-01,23217.0
Red,信義安和,2018-01-01,10687.0
Red,大安森林公園,2018-01-01,1893.0
Red,東門,2018-01-01,1317.5
Red,大安,2018-01-01,2998.0
