line,station,date,people
Red,中正紀念堂,2018-01-01,27932.0
Red,台大醫院,2018-01-01,22606.0
Red,台北車站,2018-01-01,198708.0
Red,中山,2018-01-01,40305.5
Red,雙連,2018-01-01,32536.0
Red,民權西路,2018-01-01,20894.0
Red,圓山,2018-01-01,67585.0
Red,劍潭,2018-01-01,73553.0
Red,士林,2018-01-01,53081.0
Red,芝山,2018-01-01,35814.0
Red,明德,2018-01-01,14586.0
Red,石牌,2018-01-01,41148.0
Red,唭哩岸,2018-01-01,10678.0
Red,奇岩,2018-01-01,12064.0
Red,北投,2018-01-01,29279.0
Red,新北投,2018-01-01,17515.0
Red,復興崗,2018-01-01,4949.0
Red,忠義,2018-01-01,3617.0
Red,關渡,2018-01-01,17807.0
Red,竹圍,2018-01-01,15290.0
Red,紅樹林,2018-01-01,11361.0
Red,淡水,2018-01-01,112209.0
Red,象山,2018-01-01,23749.0
Red,台北101/世貿,2018-01-01,59721.0
Red,信義安和,2018-01-01,23454.0
Red,大安森林公園,2018-01-01,15326.0
Red,東門,2018-01-01,25682.0
Red,大安,2018-01-01,13948.5
Red,中正紀念堂,2018-01-02,36118.5
Red,台大醫院,2018-01-02,49748.0
Red,台北車站,2018-01-02,153673.5
Red,中山,2018-01-02,43251.5
Red,雙連,2018-01-02,45832.0
Red,民權西路,2018-01-02,29666.0
Red,圓山,2018-01-02,54514.0
Red,劍潭,2018-01-02,73679.0
Red,士林,2018-01-02,60387.0
Red,芝山,2018-01-02,46513.0
Red,明德,2018-01-02,26639.0
Red,石牌,2018-01-02,63339.0
Red,唭哩岸,2018-01-02,15357.0
Red,奇岩,2018-01-02,18208.0
Red,北投,2018-01-02,37388.0
Red,新北投,2018-01-02,15059.0
Red,復興崗,2018-01-02,6976.0
Red,忠義,2018-01-02,5834.0
Red,關渡,2018-01-02,27061.0
Red,竹圍,2018-01-02,19483.0
Red,紅樹林,2018-01-02,14281.0
Red,淡水,2018-01-02,80198.0
Red,象山,2018-01-02,24350.0
Red,台北101/世貿,2018-01-02,60594.0
Red,信義安和,2018-01-02,35768.0
Red,大安森林公園,2018-01-02,16672.0
Red,東門,2018-01-02,28607.5
Red,大安,2018-01-02,28203.5
Red,中正紀念堂,2018-01-03,35838.0
Red,台大醫院,2018-01-03,52083.0
Red,台北車站,2018-01-03,142282.0
Red,中山,2018-01-03,43249.5
Red,雙連,2018-01-03,48400.0
Red,民權西路,2018-01-03,30463.5
Red,圓山,2018-01-03,54549.0
Red,劍潭,2018-01-03,72924.0
Red,士林,2018-01-03,60033.0
Red,芝山,2018-01-03,47539.0
Red,明德,2018-01-03,27563.0
Red,石牌,2018-01-03,65635.0
Red,唭哩岸,2018-01-03,16189.0
Red,奇岩,2018-01-03,18739.0
Red,北投,2018-01-03,37979.0
Red,新北投,2018-01-03,14016.0
Red,復興崗,2018-01-03,7025.0
Red,忠義,2018-01-03,6348.0
Red,關渡,2018-01-03,27606.0
Red,竹圍,2018-01-03,20026.0
Red,紅樹林,2018-01-03,14355.0
Red,淡水,2018-01-03,76929.0
Red,象山,2018-01-03,24383.0
Red,台北101/世貿,2018-01-03,59550.0
Red,信義安和,2018-01-03,36596.0
Red,大安森林公園,2018-01-03,16890.0
Red,東門,2018-01-03,28039.5
Red,大安,2018-01-03,28384.0
Red,中正紀念堂,2018-01-04,37231.0
Red,台大醫院,2018-01-04,52146.0
Red,台北車站,2018-01-04,143313.0
Red,中山,2018-01-04,43912.0
Red,雙連,2018-01-04,47055.0
Red,民權西路,2018-01-04,30185.5
Red,圓山,2018-01-04,54214.0
Red,劍潭,2018-01-04,73358.0
Red,士林,2018-01-04,60648.0
Red,芝山,2018-01-04,47815.0
Red,明德,2018-01-04,27665.0
Red,石牌,2018-01-04,66234.0
Red,唭哩岸,2018-01-04,16059.0
Red,奇岩,2018-01-04,19032.0
Red,北投,2018-01-04,37286.0
Red,新北投,2018-01-04,13830.0
Red,復興崗,2018-01-04,7105.0
Red,忠義,2018-01-04,6186.0
Red,關渡,2018-01-04,27885.0
Red,竹圍,2018-01-04,19872.0
Red,紅樹林,2018-01-04,14463.0
Red,淡水,2018-01-04,75539.0
Red,象山,2018-01-04,24098.0
Red,台北101/世貿,2018-01-04,61249.0
Red,信義安和,2018-01-04,36975.0
Red,大安森林公園,2018-01-04,16158.0
Red,東門,2018-01-04,28202.0
Red,大安,2018-01-04,28924.0
Red,中正紀念堂,2018-01-05,39074.0
Red,台大醫院,2018-01-05,53113.0
Red,台北車站,2018-01-05,175504.0
Red,中山,2018-01-05,50029.5
Red,雙連,2018-01-05,51223.0
Red,民權西路,2018-01-05,32365.0
Red,圓山,2018-01-05,56260.0
Red,劍潭,2018-01-05,76402.0
Red,士林,2018-01-05,64789.0
Red,芝山,2018-01-05,51964.0
Red,明德,2018-01-05,28716.0
Red,石牌,2018-01-05,68718.0
Red,唭哩岸,2018-01-05,16699.0
Red,奇岩,2018-01-05,19842.0
Red,北投,2018-01-05,40488.0
Red,新北投,2018-01-05,14663.0
Red,復興崗,2018-01-05,7633.0
Red,忠義,2018-01-05,6365.0
Red,關渡,2018-01-05,28006.0
Red,竹圍,2018-01-05,20368.0
Red,紅樹林,2018-01-05,15068.0
Red,淡水,2018-01-05,76506.0
Red,象山,2018-01-05,23761.0
Red,台北101/世貿,2018-01-05,80944.0
Red,信義安和,2018-01-05,40985.0
Red,大安森林公園,2018-01-05,16615.0
Red,東門,2018-01-05,31485.5
Red,大安,2018-01-05,31116.0
Red,中正紀念堂,2018-01-06,29181.0
Red,台大醫院,2018-01-06,25531.0
Red,台北車站,2018-01-06,168611.0
Red,中山,2018-01-06,49026.0
Red,雙連,2018-01-06,39482.0
Red,民權西路,2018-01-06,22848.5
Red,圓山,2018-01-06,45378.0
Red,劍潭,2018-01-06,58808.0
Red,士林,2018-01-06,53038.0
Red,芝山,2018-01-06,39473.0
Red,明德,2018-01-06,18477.0
Red,石牌,2018-01-06,51287.0
Red,唭哩岸,2018-01-06,11844.0
Red,奇岩,2018-01-06,12017.0
Red,北投,2018-01-06,28897.0
Red,新北投,2018-01-06,15157.0
Red,復興崗,2018-01-06,6704.0
Red,忠義,2018-01-06,3638.0
Red,關渡,2018-01-06,16583.0
Red,竹圍,2018-01-06,15570.0
Red,紅樹林,2018-01-06,10083.0
Red,淡水,2018-01-06,58169.0
Red,象山,2018-01-06,14293.0
Red,台北101/世貿,2018-01-06,78485.0
Red,信義安和,2018-01-06,28408.0
Red,大安森林公園,2018-01-06,16542.0
Red,東門,2018-01-06,28961.0
Red,大安,2018-01-06,20585.0
Red,中正紀念堂,2018-01-07,24165.5
Red,台大醫院,2018-01-07,19609.0
Red,台北車站,2018-01-07,154677.5
Red,中山,2018-01-07,39078.5
Red,雙連,2018-01-07,27417.0
Red,民權西路,2018-01-07,19737.5
Red,圓山,2018-01-07,35196.0
Red,劍潭,2018-01-07,47170.0
Red,士林,2018-01-07,39977.0
Red,芝山,2018-01-07,30980.0
Red,明德,2018-01-07,13878.0
Red,石牌,2018-01-07,34799.0
Red,唭哩岸,2018-01-07,9390.0
Red,奇岩,2018-01-07,9303.0
Red,北投,2018-01-07,22801.0
Red,新北投,2018-01-07,11835.0
Red,復興崗,2018-01-07,4908.0
Red,忠義,2018-01-07,2572.0
Red,關渡,2018-01-07,12283.0
Red,竹圍,2018-01-07,11915.0
Red,紅樹林,2018-01-07,7944.0
Red,淡水,2018-01-07,48097.0
Red,象山,2018-01-07,10874.0
Red,台北101/世貿,2018-01-07,68086.0
Red,信義安和,2018-01-07,20917.0
Red,大安森林公園,2018-01-07,13211.0
Red,東門,2018-01-07,23827.5
Red,大安,2018-01-07,14847.0
Red,中正紀念堂,2018-01-08,32421.5
Red,台大醫院,2018-01-08,53791.0
Red,台北車站,2018-01-08,143940.5
Red,中山,2018-01-08,40240.0
Red,雙連,2018-01-08,46600.0
Red,民權西路,2018-01-08,28771.5
Red,圓山,2018-01-08,49572.0
Red,劍潭,2018-01-08,62342.0
Red,士林,2018-01-08,55273.0
Red,芝山,2018-01-08,44895.0
Red,明德,2018-01-08,26793.0
Red,石牌,2018-01-08,63578.0
Red,唭哩岸,2018-01-08,15857.0
Red,奇岩,2018-01-08,18091.0
Red,北投,2018-01-08,34366.0
Red,新北投,2018-01-08,11656.0
Red,復興崗,2018-01-08,6870.0
Red,忠義,2018-01-08,6059.0
Red,關渡,2018-01-08,27263.0
Red,竹圍,2018-01-08,18802.0
Red,紅樹林,2018-01-08,13665.0
Red,淡水,2018-01-08,64317.0
Red,象山,2018-01-08,21024.0
Red,台北101/世貿,2018-01-08,71411.0
Red,信義安和,2018-01-08,36598.0
Red,大安森林公園,2018-01-08,14188.0
Red,東門,2018-01-08,26618.0
Red,大安,2018-01-08,28345.5
Red,中正紀念堂,2018-01-09,33771.0
Red,台大醫院,2018-01-09,52593.0
Red,台北車站,2018-01-09,134368.5
Red,中山,2018-01-09,41023.5
Red,雙連,2018-01-09,46899.0
Red,民權西路,2018-01-09,28788.0
Red,圓山,2018-01-09,51282.0
Red,劍潭,2018-01-09,66340.0
Red,士林,2018-01-09,56880.0
Red,芝山,2018-01-09,47056.0
Red,明德,2018-01-09,27184.0
Red,石牌,2018-01-09,64443.0
Red,唭哩岸,2018-01-09,15970.0
Red,奇岩,2018-01-09,18460.0
Red,北投,2018-01-09,36029.0
Red,新北投,2018-01-09,13520.0
Red,復興崗,2018-01-09,7098.0
Red,忠義,2018-01-09,6326.0
Red,關渡,2018-01-09,27730.0
Red,竹圍,2018-01-09,19593.0
Red,紅樹林,2018-01-09,14024.0
Red,淡水,2018-01-09,66559.0
Red,象山,2018-01-09,21813.0
Red,台北101/世貿,2018-01-09,55948.0
Red,信義安和,2018-01-09,37200.0
Red,大安森林公園,2018-01-09,15016.0
Red,東門,2018-01-09,27425.0
Red,大安,2018-01-09,29108.5
Red,中正紀念堂,2018-01-10,34743.5
Red,台大醫院,2018-01-10,52775.0
Red,台北車站,2018-01-10,138038.5
Red,中山,2018-01-10,42560.0
Red,雙連,2018-01-10,47477.0
Red,民權西路,2018-01-10,29735.5
Red,圓山,2018-01-10,52840.0
Red,劍潭,2018-01-10,71887.0
Red,士林,2018-01-10,59489.0
Red,芝山,2018-01-10,48462.0
Red,明德,2018-01-10,27387.0
Red,石牌,2018-01-10,66514.0
Red,唭哩岸,2018-01-10,16046.0
Red,奇岩,2018-01-10,18700.0
Red,北投,2018-01-10,37741.0
Red,新北投,2018-01-10,13947.0
Red,復興崗,2018-01-10,7031.0
Red,忠義,2018-01-10,6426.0
Red,關渡,2018-01-10,28839.0
Red,竹圍,2018-01-10,20243.0
Red,紅樹林,2018-01-10,14226.0
Red,淡水,2018-01-10,73626.0
Red,象山,2018-01-10,23644.0
Red,台北101/世貿,2018-01-10,57523.0
Red,信義安和,2018-01-10,37063.0
Red,大安森林公園,2018-01-10,15714.0
Red,東門,2018-01-10,26967.5
Red,大安,2018-01-10,28411.0
Red,中正紀念堂,2018-01-11,34326.0
Red,台大醫院,2018-01-11,51678.0
Red,台北車站,2018-01-11,140504.5
Red,中山,2018-01-11,42891.5
Red,雙連,2018-01-11,46368.0
Red,民權西路,2018-01-11,30259.5
Red,圓山,2018-01-11,53019.0
Red,劍潭,2018-01-11,68185.0
Red,士林,2018-01-11,59544.0
Red,芝山,2018-01-11,48374.0
Red,明德,2018-01-11,27244.0
Red,石牌,2018-01-11,66279.0
Red,唭哩岸,2018-01-11,16040.0
Red,奇岩,2018-01-11,18884.0
Red,北投,2018-01-11,37482.0
Red,新北投,2018-01-11,14201.0
Red,復興崗,2018-01-11,7254.0
Red,忠義,2018-01-11,6296.0
Red,關渡,2018-01-11,28305.0
Red,竹圍,2018-01-11,19913.0
Red,紅樹林,2018-01-11,14386.0
Red,淡水,2018-01-11,72120.0
Red,象山,2018-01-11,23564.0
Red,台北101/世貿,2018-01-11,58771.0
Red,信義安和,2018-01-11,37332.0
Red,大安森林公園,2018-01-11,15836.0
Red,東門,2018-01-11,27366.0
Red,大安,2018-01-11,28310.5
Red,中正紀念堂,2018-01-12,37739.5
Red,台大醫院,2018-01-12,52241.0
Red,台北車站,2018-01-12,172527.0
Red,中山,2018-01-12,48406.5
Red,雙連,2018-01-12,49675.0
Red,民權西路,2018-01-12,31376.5
Red,圓山,2018-01-12,56258.0
Red,劍潭,2018-01-12,75885.0
Red,士林,2018-01-12,63725.0
Red,芝山,2018-01-12,51763.0
Red,明德,2018-01-12,28044.0
Red,石牌,2018-01-12,69787.0
Red,唭哩岸,2018-01-12,16815.0
Red,奇岩,2018-01-12,19274.0
Red,北投,2018-01-12,40666.0
Red,新北投,2018-01-12,15842.0
Red,復興崗,2018-01-12,7520.0
Red,忠義,2018-01-12,6286.0
Red,關渡,2018-01-12,29309.0
Red,竹圍,2018-01-12,20635.0
Red,紅樹林,2018-01-12,14730.0
Red,淡水,2018-01-12,76430.0
Red,象山,2018-01-12,24828.0
Red,台北101/世貿,2018-01-12,68854.0
Red,信義安和,2018-01-12,39745.0
Red,大安森林公園,2018-01-12,17037.0
Red,東門,2018-01-12,30556.0
Red,大安,2018-01-12,30146.5
Red,中正紀念堂,2018-01-13,28799.5
Red,台大醫院,2018-01-13,24925.0
Red,台北車站,2018-01-13,167446.5
Red,中山,2018-01-13,48866.5
Red,雙連,2018-01-13,40743.0
Red,民權西路,2018-01-13,23168.0
Red,圓山,2018-01-13,52892.0
Red,劍潭,2018-01-13,75530.0
Red,士林,2018-01-13,60595.0
Red,芝山,2018-01-13,43446.0
Red,明德,2018-01-13,19316.0
Red,石牌,2018-01-13,53350.0
Red,唭哩岸,2018-01-13,12383.0
Red,奇岩,2018-01-13,13211.0
Red,北投,2018-01-13,32521.0
Red,新北投,2018-01-13,18624.0
Red,復興崗,2018-01-13,6050.0
Red,忠義,2018-01-13,3915.0
Red,關渡,2018-01-13,19309.0
Red,竹圍,2018-01-13,17263.0
Red,紅樹林,2018-01-13,11108.0
Red,淡水,2018-01-13,75604.0
Red,象山,2018-01-13,18126.0
Red,台北101/世貿,2018-01-13,61765.0
Red,信義安和,2018-01-13,28221.0
Red,大安森林公園,2018-01-13,18697.0
Red,東門,2018-01-13,26511.0
Red,大安,2018-01-13,18768.5
Red,中正紀念堂,2018-01-14,27188.0
Red,台大醫院,2018-01-14,20863.0
Red,台北車站,2018-01-14,163564.0
Red,中山,2018-01-14,40667.0
Red,雙連,2018-01-14,30143.0
Red,民權西路,2018-01-14,22503.0
Red,圓山,2018-01-14,53502.0
Red,劍潭,2018-01-14,66565.0
Red,士林,2018-01-14,52202.0
Red,芝山,2018-01-14,41465.0
Red,明德,2018-01-14,15208.0
Red,石牌,2018-01-14,44025.0
Red,唭哩岸,2018-01-14,10829.0
Red,奇岩,2018-01-14,11382.0
Red,北投,2018-01-14,29974.0
Red,新北投,2018-01-14,17319.0
Red,復興崗,2018-01-14,5143.0
Red,忠義,2018-01-14,3245.0
Red,關渡,2018-01-14,17142.0
Red,竹圍,2018-01-14,15374.0
Red,紅樹林,2018-01-14,11113.0
Red,淡水,2018-01-14,84448.0
Red,象山,2018-01-14,19191.0
Red,台北101/世貿,2018-01-14,53665.0
Red,信義安和,2018-01-14,22580.0
Red,大安森林公園,2018-01-14,20772.0
Red,東門,2018-01-14,24223.0
Red,大安,2018-01-14,14919.0
Red,中正紀念堂,2018-01-15,31568.0
Red,台大醫院,2018-01-15,51618.0
Red,台北車站,2018-01-15,142529.0
Red,中山,2018-01-15,39639.0
Red,雙連,2018-01-15,45674.0
Red,民權西路,2018-01-15,29043.0
Red,圓山,2018-01-15,51149.0
Red,劍潭,2018-01-15,65868.0
Red,士林,2018-01-15,57677.0
Red,芝山,2018-01-15,46658.0
Red,明德,2018-01-15,26596.0
Red,石牌,2018-01-15,63645.0
Red,唭哩岸,2018-01-15,15471.0
Red,奇岩,2018-01-15,18104.0
Red,北投,2018-01-15,36661.0
Red,新北投,2018-01-15,12159.0
Red,復興崗,2018-01-15,6958.0
Red,忠義,2018-01-15,6159.0
Red,關渡,2018-01-15,26084.0
Red,竹圍,2018-01-15,19462.0
Red,紅樹林,2018-01-15,13266.0
Red,淡水,2018-01-15,72567.0
Red,象山,2018-01-15,23617.0
Red,台北101/世貿,2018-01-15,56197.0
Red,信義安和,2018-01-15,34913.0
Red,大安森林公園,2018-01-15,15852.0
Red,東門,2018-01-15,25212.5
Red,大安,2018-01-15,27163.0
Red,中正紀念堂,2018-01-16,33883.0
Red,台大醫院,2018-01-16,52577.0
Red,台北車站,2018-01-16,138786.0
Red,中山,2018-01-16,42116.0
Red,雙連,2018-01-16,46904.0
Red,民權西路,2018-01-16,29154.5
Red,圓山,2018-01-16,53769.0
Red,劍潭,2018-01-16,70257.0
Red,士林,2018-01-16,60449.0
Red,芝山,2018-01-16,48225.0
Red,明德,2018-01-16,27073.0
Red,石牌,2018-01-16,63708.0
Red,唭哩岸,2018-01-16,15878.0
Red,奇岩,2018-01-16,18708.0
Red,北投,2018-01-16,36697.0
Red,新北投,2018-01-16,13339.0
Red,復興崗,2018-01-16,7301.0
Red,忠義,2018-01-16,6167.0
Red,關渡,2018-01-16,26601.0
Red,竹圍,2018-01-16,19897.0
Red,紅樹林,2018-01-16,13651.0
Red,淡水,2018-01-16,73904.0
Red,象山,2018-01-16,24061.0
Red,台北101/世貿,2018-01-16,54541.0
Red,信義安和,2018-01-16,35917.0
Red,大安森林公園,2018-01-16,16177.0
Red,東門,2018-01-16,26595.5
Red,大安,2018-01-16,27858.5
Red,中正紀念堂,2018-01-17,34787.5
Red,台大醫院,2018-01-17,50571.0
Red,台北車站,2018-01-17,140122.0
Red,中山,2018-01-17,42104.0
Red,雙連,2018-01-17,47243.0
Red,民權西路,2018-01-17,29599.5
Red,圓山,2018-01-17,53770.0
Red,劍潭,2018-01-17,68719.0
Red,士林,2018-01-17,59299.0
Red,芝山,2018-01-17,47731.0
Red,明德,2018-01-17,27068.0
Red,石牌,2018-01-17,64662.0
Red,唭哩岸,2018-01-17,16071.0
Red,奇岩,2018-01-17,18501.0
Red,北投,2018-01-17,36724.0
Red,新北投,2018-01-17,12738.0
Red,復興崗,2018-01-17,7161.0
Red,忠義,2018-01-17,6267.0
Red,關渡,2018-01-17,26481.0
Red,竹圍,2018-01-17,19457.0
Red,紅樹林,2018-01-17,13877.0
Red,淡水,2018-01-17,72971.0
Red,象山,2018-01-17,23641.0
Red,台北101/世貿,2018-01-17,56584.0
Red,信義安和,2018-01-17,36120.0
Red,大安森林公園,2018-01-17,16160.0
Red,東門,2018-01-17,26420.0
Red,大安,2018-01-17,28046.5
Red,中正紀念堂,2018-01-18,35567.5
Red,台大醫院,2018-01-18,51293.0
Red,台北車站,2018-01-18,145165.5
Red,中山,2018-01-18,42896.0
Red,雙連,2018-01-18,46184.0
Red,民權西路,2018-01-18,29412.5
Red,圓山,2018-01-18,53852.0
Red,劍潭,2018-01-18,69992.0
Red,士林,2018-01-18,60738.0
Red,芝山,2018-01-18,48017.0
Red,明德,2018-01-18,27030.0
Red,石牌,2018-01-18,64972.0
Red,唭哩岸,2018-01-18,15887.0
Red,奇岩,2018-01-18,18609.0
Red,北投,2018-01-18,37571.0
Red,新北投,2018-01-18,13489.0
Red,復興崗,2018-01-18,7394.0
Red,忠義,2018-01-18,6108.0
Red,關渡,2018-01-18,26456.0
Red,竹圍,2018-01-18,19732.0
Red,紅樹林,2018-01-18,14050.0
Red,淡水,2018-01-18,74532.0
Red,象山,2018-01-18,23220.0
Red,台北101/世貿,2018-01-18,60525.0
Red,信義安和,2018-01-18,37312.0
Red,大安森林公園,2018-01-18,16533.0
Red,東門,2018-01-18,26816.5
Red,大安,2018-01-18,28832.0
Red,中正紀念堂,2018-01-19,37014.0
Red,台大醫院,2018-01-19,52086.0
Red,台北車站,2018-01-19,178288.5
Red,中山,2018-01-19,51125.0
Red,雙連,2018-01-19,52060.0
Red,民權西路,2018-01-19,32530.0
Red,圓山,2018-01-19,57258.0
Red,劍潭,2018-01-19,74620.0
Red,士林,2018-01-19,66346.0
Red,芝山,2018-01-19,53434.0
Red,明德,2018-01-19,28132.0
Red,石牌,2018-01-19,67841.0
Red,唭哩岸,2018-01-19,17033.0
Red,奇岩,2018-01-19,19614.0
Red,北投,2018-01-19,40278.0
Red,新北投,2018-01-19,15087.0
Red,復興崗,2018-01-19,8104.0
Red,忠義,2018-01-19,6208.0
Red,關渡,2018-01-19,26483.0
Red,竹圍,2018-01-19,20610.0
Red,紅樹林,2018-01-19,14591.0
Red,淡水,2018-01-19,78338.0
Red,象山,2018-01-19,24632.0
Red,台北101/世貿,2018-01-19,71420.0
Red,信義安和,2018-01-19,40668.0
Red,大安森林公園,2018-01-19,16907.0
Red,東門,2018-01-19,30532.5
Red,大安,2018-01-19,31376.5
Red,中正紀念堂,2018-01-20,30380.0
Red,台大醫院,2018-01-20,26063.0
Red,台北車站,2018-01-20,168736.0
Red,中山,2018-01-20,50607.5
Red,雙連,2018-01-20,41842.0
Red,民權西路,2018-01-20,23660.5
Red,圓山,2018-01-20,53775.0
Red,劍潭,2018-01-20,74645.0
Red,士林,2018-01-20,59733.0
Red,芝山,2018-01-20,42918.0
Red,明德,2018-01-20,19829.0
Red,石牌,2018-01-20,50704.0
Red,唭哩岸,2018-01-20,12542.0
Red,奇岩,2018-01-20,13399.0
Red,北投,2018-01-20,32059.0
Red,新北投,2018-01-20,16302.0
Red,復興崗,2018-01-20,6215.0
Red,忠義,2018-01-20,3797.0
Red,關渡,2018-01-20,18104.0
Red,竹圍,2018-01-20,17190.0
Red,紅樹林,2018-01-20,11564.0
Red,淡水,2018-01-20,79694.0
Red,象山,2018-01-20,18382.0
Red,台北101/世貿,2018-01-20,67778.0
Red,信義安和,2018-01-20,28414.0
Red,大安森林公園,2018-01-20,18952.0
Red,東門,2018-01-20,27267.0
Red,大安,2018-01-20,18560.5
Red,中正紀念堂,2018-01-21,28618.5
Red,台大醫院,2018-01-21,20286.0
Red,台北車站,2018-01-21,165454.0
Red,中山,2018-01-21,41108.0
Red,雙連,2018-01-21,30243.0
Red,民權西路,2018-01-21,22823.5
Red,圓山,2018-01-21,52590.0
Red,劍潭,2018-01-21,66587.0
Red,士林,2018-01-21,54098.0
Red,芝山,2018-01-21,41151.0
Red,明德,2018-01-21,15914.0
Red,石牌,2018-01-21,42845.0
Red,唭哩岸,2018-01-21,10858.0
Red,奇岩,2018-01-21,13376.0
Red,北投,2018-01-21,29516.0
Red,新北投,2018-01-21,15177.0
Red,復興崗,2018-01-21,5817.0
Red,忠義,2018-01-21,3437.0
Red,關渡,2018-01-21,15969.0
Red,竹圍,2018-01-21,14643.0
Red,紅樹林,2018-01-21,10262.0
Red,淡水,2018-01-21,79739.0
Red,象山,2018-01-21,18074.0
Red,台北101/世貿,2018-01-21,58194.0
Red,信義安和,2018-01-21,22360.0
Red,大安森林公園,2018-01-21,19527.0
Red,東門,2018-01-21,23623.0
Red,大安,2018-01-21,14585.5
Red,中正紀念堂,2018-01-22,33077.0
Red,台大醫院,2018-01-22,51230.0
Red,台北車站,2018-01-22,147845.5
Red,中山,2018-01-22,41714.0
Red,雙連,2018-01-22,46921.0
Red,民權西路,2018-01-22,28675.0
Red,圓山,2018-01-22,49832.0
Red,劍潭,2018-01-22,62178.0
Red,士林,2018-01-22,55259.0
Red,芝山,2018-01-22,46182.0
Red,明德,2018-01-22,26710.0
Red,石牌,2018-01-22,63064.0
Red,唭哩岸,2018-01-22,15234.0
Red,奇岩,2018-01-22,18294.0
Red,北投,2018-01-22,35724.0
Red,新北投,2018-01-22,12548.0
Red,復興崗,2018-01-22,6900.0
Red,忠義,2018-01-22,5756.0
Red,關渡,2018-01-22,22317.0
Red,竹圍,2018-01-22,18843.0
Red,紅樹林,2018-01-22,13437.0
Red,淡水,2018-01-22,67136.0
Red,象山,2018-01-22,23739.0
Red,台北101/世貿,2018-01-22,63862.0
Red,信義安和,2018-01-22,35066.0
Red,大安森林公園,2018-01-22,15497.0
Red,東門,2018-01-22,25500.5
Red,大安,2018-01-22,28003.0
Red,中正紀念堂,2018-01-23,35425.0
Red,台大醫院,2018-01-23,53327.0
Red,台北車站,2018-01-23,147861.5
Red,中山,2018-01-23,42986.0
Red,雙連,2018-01-23,50100.0
Red,民權西路,2018-01-23,29183.0
Red,圓山,2018-01-23,52024.0
Red,劍潭,2018-01-23,66100.0
Red,士林,2018-01-23,57961.0
Red,芝山,2018-01-23,47763.0
Red,明德,2018-01-23,26795.0
Red,石牌,2018-01-23,64270.0
Red,唭哩岸,2018-01-23,15741.0
Red,奇岩,2018-01-23,18578.0
Red,北投,2018-01-23,37382.0
Red,新北投,2018-01-23,15125.0
Red,復興崗,2018-01-23,7543.0
Red,忠義,2018-01-23,6052.0
Red,關渡,2018-01-23,22984.0
Red,竹圍,2018-01-23,19420.0
Red,紅樹林,2018-01-23,14179.0
Red,淡水,2018-01-23,70732.0
Red,象山,2018-01-23,25151.0
Red,台北101/世貿,2018-01-23,57223.0
Red,信義安和,2018-01-23,36654.0
Red,大安森林公園,2018-01-23,17474.0
Red,東門,2018-01-23,26474.0
Red,大安,2018-01-23,29085.0
Red,中正紀念堂,2018-01-24,34086.5
Red,台大醫院,2018-01-24,52788.0
Red,台北車站,2018-01-24,149392.0
Red,中山,2018-01-24,43769.5
Red,雙連,2018-01-24,50881.0
Red,民權西路,2018-01-24,28930.0
Red,圓山,2018-01-24,53338.0
Red,劍潭,2018-01-24,65071.0
Red,士林,2018-01-24,58045.0
Red,芝山,2018-01-24,48702.0
Red,明德,2018-01-24,27748.0
Red,石牌,2018-01-24,65109.0
Red,唭哩岸,2018-01-24,15791.0
Red,奇岩,2018-01-24,18715.0
Red,北投,2018-01-24,36935.0
Red,新北投,2018-01-24,13515.0
Red,復興崗,2018-01-24,7400.0
Red,忠義,2018-01-24,6170.0
Red,關渡,2018-01-24,23706.0
Red,竹圍,2018-01-24,19664.0
Red,紅樹林,2018-01-24,13979.0
Red,淡水,2018-01-24,68535.0
Red,象山,2018-01-24,23555.0
Red,台北101/世貿,2018-01-24,58371.0
Red,信義安和,2018-01-24,36353.0
Red,大安森林公園,2018-01-24,16895.0
Red,東門,2018-01-24,27203.5
Red,大安,2018-01-24,28898.0
Red,中正紀念堂,2018-01-25,35564.5
Red,台大醫院,2018-01-25,52661.0
Red,台北車站,2018-01-25,160601.0
Red,中山,2018-01-25,46045.0
Red,雙連,2018-01-25,52836.0
Red,民權西路,2018-01-25,30155.5
Red,圓山,2018-01-25,53584.0
Red,劍潭,2018-01-25,68915.0
Red,士林,2018-01-25,58581.0
Red,芝山,2018-01-25,49242.0
Red,明德,2018-01-25,25711.0
Red,石牌,2018-01-25,64961.0
Red,唭哩岸,2018-01-25,16232.0
Red,奇岩,2018-01-25,18986.0
Red,北投,2018-01-25,35992.0
Red,新北投,2018-01-25,13651.0
Red,復興崗,2018-01-25,7465.0
Red,忠義,2018-01-25,5954.0
Red,關渡,2018-01-25,22364.0
Red,竹圍,2018-01-25,19381.0
Red,紅樹林,2018-01-25,14075.0
Red,淡水,2018-01-25,72927.0
Red,象山,2018-01-25,24786.0
Red,台北101/世貿,2018-01-25,65741.0
Red,信義安和,2018-01-25,37373.0
Red,大安森林公園,2018-01-25,17430.0
Red,東門,2018-01-25,27447.5
Red,大安,2018-01-25,27419.5
Red,中正紀念堂,2018-01-26,37283.5
Red,台大醫院,2018-01-26,52983.0
Red,台北車站,2018-01-26,194829.5
Red,中山,2018-01-26,50578.5
Red,雙連,2018-01-26,51105.0
Red,民權西路,2018-01-26,33282.5
Red,圓山,2018-01-26,56906.0
Red,劍潭,2018-01-26,72514.0
Red,士林,2018-01-26,61245.0
Red,芝山,2018-01-26,52325.0
Red,明德,2018-01-26,27269.0
Red,石牌,2018-01-26,65846.0
Red,唭哩岸,2018-01-26,16879.0
Red,奇岩,2018-01-26,19681.0
Red,北投,2018-01-26,38237.0
Red,新北投,2018-01-26,15105.0
Red,復興崗,2018-01-26,7751.0
Red,忠義,2018-01-26,6195.0
Red,關渡,2018-01-26,23210.0
Red,竹圍,2018-01-26,19890.0
Red,紅樹林,2018-01-26,14861.0
Red,淡水,2018-01-26,74120.0
Red,象山,2018-01-26,24806.0
Red,台北101/世貿,2018-01-26,118022.0
Red,信義安和,2018-01-26,40870.0
Red,大安森林公園,2018-01-26,17253.0
Red,東門,2018-01-26,30257.5
Red,大安,2018-01-26,30545.0
Red,中正紀念堂,2018-01-27,32491.0
Red,台大醫院,2018-01-27,26863.0
Red,台北車站,2018-01-27,195408.0
Red,中山,2018-01-27,50474.5
Red,雙連,2018-01-27,41361.0
Red,民權西路,2018-01-27,27800.0
Red,圓山,2018-01-27,59601.0
Red,劍潭,2018-01-27,82338.0
Red,士林,2018-01-27,64314.0
Red,芝山,2018-01-27,43961.0
Red,明德,2018-01-27,21081.0
Red,石牌,2018-01-27,53443.0
Red,唭哩岸,2018-01-27,13318.0
Red,奇岩,2018-01-27,14062.0
Red,北投,2018-01-27,33133.0
Red,新北投,2018-01-27,16896.0
Red,復興崗,2018-01-27,6924.0
Red,忠義,2018-01-27,4675.0
Red,關渡,2018-01-27,17654.0
Red,竹圍,2018-01-27,18054.0
Red,紅樹林,2018-01-27,12563.0
Red,淡水,2018-01-27,92701.0
Red,象山,2018-01-27,21844.0
Red,台北101/世貿,2018-01-27,124359.0
Red,信義安和,2018-01-27,29526.0
Red,大安森林公園,2018-01-27,21850.0
Red,東門,2018-01-27,27624.5
Red,大安,2018-01-27,23171.5
Red,中正紀念堂,2018-01-28,25075.5
Red,台大醫院,2018-01-28,21869.0
Red,台北車站,2018-01-28,187286.0
Red,中山,2018-01-28,42344.0
Red,雙連,2018-01-28,29633.0
Red,民權西路,2018-01-28,22054.5
Red,圓山,2018-01-28,49903.0
Red,劍潭,2018-01-28,56007.0
Red,士林,2018-01-28,48564.0
Red,芝山,2018-01-28,38034.0
Red,明德,2018-01-28,15702.0
Red,石牌,2018-01-28,40222.0
Red,唭哩岸,2018-01-28,10683.0
Red,奇岩,2018-01-28,11402.0
Red,北投,2018-01-28,27618.0
Red,新北投,2018-01-28,15135.0
Red,復興崗,2018-01-28,5614.0
Red,忠義,2018-01-28,3094.0
Red,關渡,2018-01-28,13237.0
Red,竹圍,2018-01-28,13627.0
Red,紅樹林,2018-01-28,11421.0
Red,淡水,2018-01-28,60786.0
Red,象山,2018-01-28,14121.0
Red,台北101/世貿,2018-01-28,104477.0
Red,信義安和,2018-01-28,22202.0
Red,大安森林公園,2018-01-28,15807.0
Red,東門,2018-01-28,24262.0
Red,大安,2018-01-28,16716.5
Red,中正紀念堂,2018-01-29,32192.5
Red,台大醫院,2018-01-29,52360.0
Red,台北車站,2018-01-29,166022.5
Red,中山,2018-01-29,43613.5
Red,雙連,2018-01-29,47696.0
Red,民權西路,2018-01-29,28556.0
Red,圓山,2018-01-29,47215.0
Red,劍潭,2018-01-29,55258.0
Red,士林,2018-01-29,52968.0
Red,芝山,2018-01-29,45802.0
Red,明德,2018-01-29,24213.0
Red,石牌,2018-01-29,61193.0
Red,唭哩岸,2018-01-29,15519.0
Red,奇岩,2018-01-29,18616.0
Red,北投,2018-01-29,33783.0
Red,新北投,2018-01-29,12609.0
Red,復興崗,2018-01-29,7205.0
Red,忠義,2018-01-29,5675.0
Red,關渡,2018-01-29,21494.0
Red,竹圍,2018-01-29,18176.0
Red,紅樹林,2018-01-29,12869.0
Red,淡水,2018-01-29,59999.0
Red,象山,2018-01-29,21073.0
Red,台北101/世貿,2018-01-29,93439.0
Red,信義安和,2018-01-29,37398.0
Red,大安森林公園,2018-01-29,15144.0
Red,東門,2018-01-29,26435.0
Red,大安,2018-01-29,25695.5
Red,中正紀念堂,2018-01-30,34253.0
Red,台大醫院,2018-01-30,53782.0
Red,台北車站,2018-01-30,151010.0
Red,中山,2018-01-30,45116.5
Red,雙連,2018-01-30,49396.0
Red,民權西路,2018-01-30,28372.0
Red,圓山,2018-01-30,50104.0
Red,劍潭,2018-01-30,59010.0
Red,士林,2018-01-30,55561.0
Red,芝山,2018-01-30,47350.0
Red,明德,2018-01-30,24935.0
Red,石牌,2018-01-30,62684.0
Red,唭哩岸,2018-01-30,15723.0
Red,奇岩,2018-01-30,18768.0
Red,北投,2018-01-30,34970.0
Red,新北投,2018-01-30,13687.0
Red,復興崗,2018-01-30,7469.0
Red,忠義,2018-01-30,5646.0
Red,關渡,2018-01-30,21668.0
Red,竹圍,2018-01-30,18976.0
Red,紅樹林,2018-01-30,13387.0
Red,淡水,2018-01-30,61208.0
Red,象山,2018-01-30,21772.0
Red,台北101/世貿,2018-01-30,58565.0
Red,信義安和,2018-01-30,38209.0
Red,大安森林公園,2018-01-30,16034.0
Red,東門,2018-01-30,27076.0
Red,大安,2018-01-30,26332.0
Red,中正紀念堂,2018-01-31,35339.0
Red,台大醫院,2018-01-31,52986.0
Red,台北車站,2018-01-31,152026.5
Red,中山,2018-01-31,44436.5
Red,雙連,2018-01-31,49225.0
Red,民權西路,2018-01-31,28597.5
Red,圓山,2018-01-31,50710.0
Red,劍潭,2018-01-31,57320.0
Red,士林,2018-01-31,55124.0
Red,芝山,2018-01-31,49488.0
Red,明德,2018-01-31,25052.0
Red,石牌,2018-01-31,64438.0
Red,唭哩岸,2018-01-31,16107.0
Red,奇岩,2018-01-31,18924.0
Red,北投,2018-01-31,34917.0
Red,新北投,2018-01-31,13235.0
Red,復興崗,2018-01-31,7812.0
Red,忠義,2018-01-31,6069.0
Red,關渡,2018-01-31,23832.0
Red,竹圍,2018-01-31,19341.0
Red,紅樹林,2018-01-31,13641.0
Red,淡水,2018-01-31,62031.0
Red,象山,2018-01-31,22018.0
Red,台北101/世貿,2018-01-31,59595.0
Red,信義安和,2018-01-31,37974.0
Red,大安森林公園,2018-01-31,15991.0
Red,東門,2018-01-31,27199.0
Red,大安,2018-01-31,26344.5
Red,中正紀念堂,2018-02-01,34903.0
Red,台大醫院,2018-02-01,52565.0
Red,台北車站,2018-02-01,149857.0
Red,中山,2018-02-01,45145.0
Red,雙連,2018-02-01,48487.0
Red,民權西路,2018-02-01,28463.5
Red,圓山,2018-02-01,49738.0
Red,劍潭,2018-02-01,61342.0
Red,士林,2018-02-01,54552.0
Red,芝山,2018-02-01,48188.0
Red,明德,2018-02-01,24906.0
Red,石牌,2018-02-01,64235.0
Red,唭哩岸,2018-02-01,16567.0
Red,奇岩,2018-02-01,19455.0
Red,北投,2018-02-01,35216.0
Red,新北投,2018-02-01,13572.0
Red,復興崗,2018-02-01,7331.0
Red,忠義,2018-02-01,5883.0
Red,關渡,2018-02-01,22434.0
Red,竹圍,2018-02-01,18781.0
Red,紅樹林,2018-02-01,13576.0
Red,淡水,2018-02-01,61396.0
Red,象山,2018-02-01,22313.0
Red,台北101/世貿,2018-02-01,62251.0
Red,信義安和,2018-02-01,37932.0
Red,大安森林公園,2018-02-01,14943.0
Red,東門,2018-02-01,27508.5
Red,大安,2018-02-01,26139.0
Red,中正紀念堂,2018-02-02,36757.0
Red,台大醫院,2018-02-02,53336.0
Red,台北車站,2018-02-02,173947.0
Red,中山,2018-02-02,50480.0
Red,雙連,2018-02-02,51441.0
Red,民權西路,2018-02-02,30240.0
Red,圓山,2018-02-02,52089.0
Red,劍潭,2018-02-02,64834.0
Red,士林,2018-02-02,58315.0
Red,芝山,2018-02-02,51256.0
Red,明德,2018-02-02,25350.0
Red,石牌,2018-02-02,65029.0
Red,唭哩岸,2018-02-02,15703.0
Red,奇岩,2018-02-02,18299.0
Red,北投,2018-02-02,37932.0
Red,新北投,2018-02-02,15000.0
Red,復興崗,2018-02-02,7803.0
Red,忠義,2018-02-02,5799.0
Red,關渡,2018-02-02,20278.0
Red,竹圍,2018-02-02,19532.0
Red,紅樹林,2018-02-02,13951.0
Red,淡水,2018-02-02,63990.0
Red,象山,2018-02-02,23553.0
Red,台北101/世貿,2018-02-02,64873.0
Red,信義安和,2018-02-02,40652.0
Red,大安森林公園,2018-02-02,16368.0
Red,東門,2018-02-02,29443.0
Red,大安,2018-02-02,28289.5
Red,中正紀念堂,2018-02-03,28082.0
Red,台大醫院,2018-02-03,24706.0
Red,台北車站,2018-02-03,158603.0
Red,中山,2018-02-03,47504.0
Red,雙連,2018-02-03,38939.0
Red,民權西路,2018-02-03,21971.0
Red,圓山,2018-02-03,41365.0
Red,劍潭,2018-02-03,58049.0
Red,士林,2018-02-03,51351.0
Red,芝山,2018-02-03,38368.0
Red,明德,2018-02-03,17723.0
Red,石牌,2018-02-03,46232.0
Red,唭哩岸,2018-02-03,12055.0
Red,奇岩,2018-02-03,11883.0
Red,北投,2018-02-03,29000.0
Red,新北投,2018-02-03,16373.0
Red,復興崗,2018-02-03,5734.0
Red,忠義,2018-02-03,3388.0
Red,關渡,2018-02-03,13554.0
Red,竹圍,2018-02-03,15575.0
Red,紅樹林,2018-02-03,9443.0
Red,淡水,2018-02-03,51900.0
Red,象山,2018-02-03,12897.0
Red,台北101/世貿,2018-02-03,57640.0
Red,信義安和,2018-02-03,27939.0
Red,大安森林公園,2018-02-03,15525.0
Red,東門,2018-02-03,25894.5
Red,大安,2018-02-03,18550.5
Red,中正紀念堂,2018-02-04,25063.0
Red,台大醫院,2018-02-04,25238.0
Red,台北車站,2018-02-04,150444.0
Red,中山,2018-02-04,41560.5
Red,雙連,2018-02-04,29670.0
Red,民權西路,2018-02-04,20212.0
Red,圓山,2018-02-04,37359.0
Red,劍潭,2018-02-04,49670.0
Red,士林,2018-02-04,45154.0
Red,芝山,2018-02-04,34042.0
Red,明德,2018-02-04,14220.0
Red,石牌,2018-02-04,38528.0
Red,唭哩岸,2018-02-04,10020.0
Red,奇岩,2018-02-04,10214.0
Red,北投,2018-02-04,25705.0
Red,新北投,2018-02-04,14470.0
Red,復興崗,2018-02-04,5357.0
Red,忠義,2018-02-04,2851.0
Red,關渡,2018-02-04,12220.0
Red,竹圍,2018-02-04,12271.0
Red,紅樹林,2018-02-04,10001.0
Red,淡水,2018-02-04,46815.0
Red,象山,2018-02-04,11170.0
Red,台北101/世貿,2018-02-04,48596.0
Red,信義安和,2018-02-04,21091.0
Red,大安森林公園,2018-02-04,14089.0
Red,東門,2018-02-04,22778.0
Red,大安,2018-02-04,13815.5
Red,中正紀念堂,2018-02-05,31596.5
Red,台大醫院,2018-02-05,52494.0
Red,台北車站,2018-02-05,155308.0
Red,中山,2018-02-05,44534.0
Red,雙連,2018-02-05,49278.0
Red,民權西路,2018-02-05,28254.0
Red,圓山,2018-02-05,46134.0
Red,劍潭,2018-02-05,58876.0
Red,士林,2018-02-05,52889.0
Red,芝山,2018-02-05,45623.0
Red,明德,2018-02-05,23465.0
Red,石牌,2018-02-05,61132.0
Red,唭哩岸,2018-02-05,14628.0
Red,奇岩,2018-02-05,18392.0
Red,北投,2018-02-05,33204.0
Red,新北投,2018-02-05,13901.0
Red,復興崗,2018-02-05,7059.0
Red,忠義,2018-02-05,5002.0
Red,關渡,2018-02-05,19073.0
Red,竹圍,2018-02-05,17695.0
Red,紅樹林,2018-02-05,12802.0
Red,淡水,2018-02-05,54748.0
Red,象山,2018-02-05,21270.0
Red,台北101/世貿,2018-02-05,65621.0
Red,信義安和,2018-02-05,37761.0
Red,大安森林公園,2018-02-05,14150.0
Red,東門,2018-02-05,26801.0
Red,大安,2018-02-05,25251.0
Red,中正紀念堂,2018-02-06,36648.0
Red,台大醫院,2018-02-06,53759.0
Red,台北車站,2018-02-06,160127.0
Red,中山,2018-02-06,46742.5
Red,雙連,2018-02-06,52164.0
Red,民權西路,2018-02-06,29787.5
Red,圓山,2018-02-06,50691.0
Red,劍潭,2018-02-06,68596.0
Red,士林,2018-02-06,57205.0
Red,芝山,2018-02-06,49920.0
Red,明德,2018-02-06,24282.0
Red,石牌,2018-02-06,62629.0
Red,唭哩岸,2018-02-06,15777.0
Red,奇岩,2018-02-06,19241.0
Red,北投,2018-02-06,35495.0
Red,新北投,2018-02-06,15295.0
Red,復興崗,2018-02-06,7329.0
Red,忠義,2018-02-06,5911.0
Red,關渡,2018-02-06,21539.0
Red,竹圍,2018-02-06,18811.0
Red,紅樹林,2018-02-06,13487.0
Red,淡水,2018-02-06,63075.0
Red,象山,2018-02-06,23423.0
Red,台北101/世貿,2018-02-06,75827.0
Red,信義安和,2018-02-06,38625.0
Red,大安森林公園,2018-02-06,15043.0
Red,東門,2018-02-06,28643.5
Red,大安,2018-02-06,25772.5
Red,中正紀念堂,2018-02-07,35849.0
Red,台大醫院,2018-02-07,53550.0
Red,台北車站,2018-02-07,163464.5
Red,中山,2018-02-07,47432.0
Red,雙連,2018-02-07,51189.0
Red,民權西路,2018-02-07,28836.0
Red,圓山,2018-02-07,48354.0
Red,劍潭,2018-02-07,58156.0
Red,士林,2018-02-07,55001.0
Red,芝山,2018-02-07,49505.0
Red,明德,2018-02-07,24424.0
Red,石牌,2018-02-07,63715.0
Red,唭哩岸,2018-02-07,16230.0
Red,奇岩,2018-02-07,18769.0
Red,北投,2018-02-07,33945.0
Red,新北投,2018-02-07,13609.0
Red,復興崗,2018-02-07,7429.0
Red,忠義,2018-02-07,5894.0
Red,關渡,2018-02-07,21574.0
Red,竹圍,2018-02-07,18507.0
Red,紅樹林,2018-02-07,13602.0
Red,淡水,2018-02-07,58335.0
Red,象山,2018-02-07,21723.0
Red,台北101/世貿,2018-02-07,79150.0
Red,信義安和,2018-02-07,39158.0
Red,大安森林公園,2018-02-07,14808.0
Red,東門,2018-02-07,28724.5
Red,大安,2018-02-07,26465.0
Red,中正紀念堂,2018-02-08,37724.5
Red,台大醫院,2018-02-08,54747.0
Red,台北車站,2018-02-08,167298.5
Red,中山,2018-02-08,49920.5
Red,雙連,2018-02-08,52059.0
Red,民權西路,2018-02-08,30158.0
Red,圓山,2018-02-08,50768.0
Red,劍潭,2018-02-08,63865.0
Red,士林,2018-02-08,58539.0
Red,芝山,2018-02-08,50373.0
Red,明德,2018-02-08,25350.0
Red,石牌,2018-02-08,64990.0
Red,唭哩岸,2018-02-08,16512.0
Red,奇岩,2018-02-08,19364.0
Red,北投,2018-02-08,36632.0
Red,新北投,2018-02-08,14962.0
Red,復興崗,2018-02-08,7558.0
Red,忠義,2018-02-08,5889.0
Red,關渡,2018-02-08,22501.0
Red,竹圍,2018-02-08,19235.0
Red,紅樹林,2018-02-08,13994.0
Red,淡水,2018-02-08,64323.0
Red,象山,2018-02-08,23458.0
Red,台北101/世貿,2018-02-08,84631.0
Red,信義安和,2018-02-08,40638.0
Red,大安森林公園,2018-02-08,16228.0
Red,東門,2018-02-08,29977.5
Red,大安,2018-02-08,28918.0
Red,中正紀念堂,2018-02-09,40285.0
Red,台大醫院,2018-02-09,56186.0
Red,台北車站,2018-02-09,187646.5
Red,中山,2018-02-09,55030.0
Red,雙連,2018-02-09,54985.0
Red,民權西路,2018-02-09,31499.0
Red,圓山,2018-02-09,54001.0
Red,劍潭,2018-02-09,66747.0
Red,士林,2018-02-09,60881.0
Red,芝山,2018-02-09,52931.0
Red,明德,2018-02-09,25683.0
Red,石牌,2018-02-09,65756.0
Red,唭哩岸,2018-02-09,16937.0
Red,奇岩,2018-02-09,20202.0
Red,北投,2018-02-09,38203.0
Red,新北投,2018-02-09,14755.0
Red,復興崗,2018-02-09,7549.0
Red,忠義,2018-02-09,5818.0
Red,關渡,2018-02-09,22807.0
Red,竹圍,2018-02-09,20012.0
Red,紅樹林,2018-02-09,14582.0
Red,淡水,2018-02-09,67491.0
Red,象山,2018-02-09,23900.0
Red,台北101/世貿,2018-02-09,93549.0
Red,信義安和,2018-02-09,43311.0
Red,大安森林公園,2018-02-09,16853.0
Red,東門,2018-02-09,31347.5
Red,大安,2018-02-09,28788.5
Red,中正紀念堂,2018-02-10,31896.0
Red,台大醫院,2018-02-10,24506.0
Red,台北車站,2018-02-10,177583.5
Red,中山,2018-02-10,53702.0
Red,雙連,2018-02-10,42428.0
Red,民權西路,2018-02-10,23505.5
Red,圓山,2018-02-10,46542.0
Red,劍潭,2018-02-10,65219.0
Red,士林,2018-02-10,56283.0
Red,芝山,2018-02-10,40857.0
Red,明德,2018-02-10,19423.0
Red,石牌,2018-02-10,49936.0
Red,唭哩岸,2018-02-10,12435.0
Red,奇岩,2018-02-10,12368.0
Red,北投,2018-02-10,30079.0
Red,新北投,2018-02-10,15334.0
Red,復興崗,2018-02-10,5937.0
Red,忠義,2018-02-10,3678.0
Red,關渡,2018-02-10,15559.0
Red,竹圍,2018-02-10,15755.0
Red,紅樹林,2018-02-10,10860.0
Red,淡水,2018-02-10,58841.0
Red,象山,2018-02-10,15331.0
Red,台北101/世貿,2018-02-10,94195.0
Red,信義安和,2018-02-10,30691.0
Red,大安森林公園,2018-02-10,19336.0
Red,東門,2018-02-10,27770.5
Red,大安,2018-02-10,19691.0
Red,中正紀念堂,2018-02-11,31724.0
Red,台大醫院,2018-02-11,20313.0
Red,台北車站,2018-02-11,163020.5
Red,中山,2018-02-11,46718.5
Red,雙連,2018-02-11,34597.0
Red,民權西路,2018-02-11,21823.5
Red,圓山,2018-02-11,41693.0
Red,劍潭,2018-02-11,63450.0
Red,士林,2018-02-11,50479.0
Red,芝山,2018-02-11,39835.0
Red,明德,2018-02-11,15130.0
Red,石牌,2018-02-11,39849.0
Red,唭哩岸,2018-02-11,10715.0
Red,奇岩,2018-02-11,10466.0
Red,北投,2018-02-11,27585.0
Red,新北投,2018-02-11,14552.0
Red,復興崗,2018-02-11,4851.0
Red,忠義,2018-02-11,2898.0
Red,關渡,2018-02-11,13262.0
Red,竹圍,2018-02-11,13665.0
Red,紅樹林,2018-02-11,9550.0
Red,淡水,2018-02-11,57363.0
Red,象山,2018-02-11,14212.0
Red,台北101/世貿,2018-02-11,78488.0
Red,信義安和,2018-02-11,24107.0
Red,大安森林公園,2018-02-11,19718.0
Red,東門,2018-02-11,26455.5
Red,大安,2018-02-11,16161.5
Red,中正紀念堂,2018-02-12,37594.0
Red,台大醫院,2018-02-12,53744.0
Red,台北車站,2018-02-12,163926.0
Red,中山,2018-02-12,49756.5
Red,雙連,2018-02-12,51515.0
Red,民權西路,2018-02-12,29811.0
Red,圓山,2018-02-12,49312.0
Red,劍潭,2018-02-12,65817.0
Red,士林,2018-02-12,58021.0
Red,芝山,2018-02-12,50037.0
Red,明德,2018-02-12,24834.0
Red,石牌,2018-02-12,63086.0
Red,唭哩岸,2018-02-12,16028.0
Red,奇岩,2018-02-12,19069.0
Red,北投,2018-02-12,35723.0
Red,新北投,2018-02-12,12424.0
Red,復興崗,2018-02-12,6847.0
Red,忠義,2018-02-12,5827.0
Red,關渡,2018-02-12,21474.0
Red,竹圍,2018-02-12,19190.0
Red,紅樹林,2018-02-12,13686.0
Red,淡水,2018-02-12,68611.0
Red,象山,2018-02-12,23972.0
Red,台北101/世貿,2018-02-12,63987.0
Red,信義安和,2018-02-12,39012.0
Red,大安森林公園,2018-02-12,19131.0
Red,東門,2018-02-12,27767.5
Red,大安,2018-02-12,24936.5
Red,中正紀念堂,2018-02-13,38973.5
Red,台大醫院,2018-02-13,50225.0
Red,台北車站,2018-02-13,162852.5
Red,中山,2018-02-13,49363.0
Red,雙連,2018-02-13,49567.0
Red,民權西路,2018-02-13,27961.0
Red,圓山,2018-02-13,48780.0
Red,劍潭,2018-02-13,65019.0
Red,士林,2018-02-13,60910.0
Red,芝山,2018-02-13,50142.0
Red,明德,2018-02-13,23947.0
Red,石牌,2018-02-13,60625.0
Red,唭哩岸,2018-02-13,16104.0
Red,奇岩,2018-02-13,18335.0
Red,北投,2018-02-13,35410.0
Red,新北投,2018-02-13,12914.0
Red,復興崗,2018-02-13,7076.0
Red,忠義,2018-02-13,5794.0
Red,關渡,2018-02-13,21730.0
Red,竹圍,2018-02-13,18811.0
Red,紅樹林,2018-02-13,13719.0
Red,淡水,2018-02-13,64845.0
Red,象山,2018-02-13,23002.0
Red,台北101/世貿,2018-02-13,60118.0
Red,信義安和,2018-02-13,38747.0
Red,大安森林公園,2018-02-13,18940.0
Red,東門,2018-02-13,27450.0
Red,大安,2018-02-13,23897.5
Red,中正紀念堂,2018-02-14,34817.5
Red,台大醫院,2018-02-14,40400.0
Red,台北車站,2018-02-14,161087.5
Red,中山,2018-02-14,46715.0
Red,雙連,2018-02-14,44162.0
Red,民權西路,2018-02-14,24626.0
Red,圓山,2018-02-14,43913.0
Red,劍潭,2018-02-14,60039.0
Red,士林,2018-02-14,56360.0
Red,芝山,2018-02-14,45828.0
Red,明德,2018-02-14,21289.0
Red,石牌,2018-02-14,52975.0
Red,唭哩岸,2018-02-14,14830.0
Red,奇岩,2018-02-14,16272.0
Red,北投,2018-02-14,33328.0
Red,新北投,2018-02-14,11252.0
Red,復興崗,2018-02-14,6335.0
Red,忠義,2018-02-14,4918.0
Red,關渡,2018-02-14,19722.0
Red,竹圍,2018-02-14,17169.0
Red,紅樹林,2018-02-14,12332.0
Red,淡水,2018-02-14,63260.0
Red,象山,2018-02-14,20145.0
Red,台北101/世貿,2018-02-14,56221.0
Red,信義安和,2018-02-14,33660.0
Red,大安森林公園,2018-02-14,18538.0
Red,東門,2018-02-14,25648.0
Red,大安,2018-02-14,20039.0
Red,中正紀念堂,2018-02-15,15609.0
Red,台大醫院,2018-02-15,8281.0
Red,台北車站,2018-02-15,91935.0
Red,中山,2018-02-15,17072.5
Red,雙連,2018-02-15,15241.0
Red,民權西路,2018-02-15,9487.5
Red,圓山,2018-02-15,19666.0
Red,劍潭,2018-02-15,28980.0
Red,士林,2018-02-15,25976.0
Red,芝山,2018-02-15,20768.0
Red,明德,2018-02-15,9487.0
Red,石牌,2018-02-15,22235.0
Red,唭哩岸,2018-02-15,6761.0
Red,奇岩,2018-02-15,6095.0
Red,北投,2018-02-15,16356.0
Red,新北投,2018-02-15,7248.0
Red,復興崗,2018-02-15,3293.0
Red,忠義,2018-02-15,1930.0
Red,關渡,2018-02-15,8355.0
Red,竹圍,2018-02-15,9054.0
Red,紅樹林,2018-02-15,6955.0
Red,淡水,2018-02-15,40198.0
Red,象山,2018-02-15,9158.0
Red,台北101/世貿,2018-02-15,26464.0
Red,信義安和,2018-02-15,12471.0
Red,大安森林公園,2018-02-15,10029.0
Red,東門,2018-02-15,12320.5
Red,大安,2018-02-15,6838.0
Red,中正紀念堂,2018-02-16,19761.0
Red,台大醫院,2018-02-16,10516.0
Red,台北車站,2018-02-16,134913.0
Red,中山,2018-02-16,28635.0
Red,雙連,2018-02-16,25163.0
Red,民權西路,2018-02-16,16392.0
Red,圓山,2018-02-16,48532.0
Red,劍潭,2018-02-16,70850.0
Red,士林,2018-02-16,66829.0
Red,芝山,2018-02-16,27235.0
Red,明德,2018-02-16,11516.0
Red,石牌,2018-02-16,29754.0
Red,唭哩岸,2018-02-16,10261.0
Red,奇岩,2018-02-16,16249.0
Red,北投,2018-02-16,23334.0
Red,新北投,2018-02-16,15448.0
Red,復興崗,2018-02-16,5790.0
Red,忠義,2018-02-16,5784.0
Red,關渡,2018-02-16,40994.0
Red,竹圍,2018-02-16,13058.0
Red,紅樹林,2018-02-16,10181.0
Red,淡水,2018-02-16,123071.0
Red,象山,2018-02-16,17629.0
Red,台北101/世貿,2018-02-16,50316.0
Red,信義安和,2018-02-16,15429.0
Red,大安森林公園,2018-02-16,14355.0
Red,東門,2018-02-16,14306.5
Red,大安,2018-02-16,8254.0
Red,中正紀念堂,2018-02-17,27172.5
Red,台大醫院,2018-02-17,17840.0
Red,台北車站,2018-02-17,157618.0
Red,中山,2018-02-17,31260.5
Red,雙連,2018-02-17,23917.0
Red,民權西路,2018-02-17,16892.0
Red,圓山,2018-02-17,45617.0
Red,劍潭,2018-02-17,72830.0
Red,士林,2018-02-17,66405.0
Red,芝山,2018-02-17,31241.0
Red,明德,2018-02-17,12568.0
Red,石牌,2018-02-17,32495.0
Red,唭哩岸,2018-02-17,10378.0
Red,奇岩,2018-02-17,13883.0
Red,北投,2018-02-17,26145.0
Red,新北投,2018-02-17,19548.0
Red,復興崗,2018-02-17,5515.0
Red,忠義,2018-02-17,3710.0
Red,關渡,2018-02-17,27875.0
Red,竹圍,2018-02-17,13890.0
Red,紅樹林,2018-02-17,10572.0
Red,淡水,2018-02-17,120632.0
Red,象山,2018-02-17,16731.0
Red,台北101/世貿,2018-02-17,54387.0
Red,信義安和,2018-02-17,17718.0
Red,大安森林公園,2018-02-17,13781.0
Red,東門,2018-02-17,18701.0
Red,大安,2018-02-17,9490.5
Red,中正紀念堂,2018-02-18,31198.5
Red,台大醫院,2018-02-18,13965.0
Red,台北車站,2018-02-18,194620.5
Red,中山,2018-02-18,38506.5
Red,雙連,2018-02-18,27988.0
Red,民權西路,2018-02-18,22019.0
Red,圓山,2018-02-18,59589.0
Red,劍潭,2018-02-18,90612.0
Red,士林,2018-02-18,93412.0
Red,芝山,2018-02-18,36596.0
Red,明德,2018-02-18,13925.0
Red,石牌,2018-02-18,38570.0
Red,唭哩岸,2018-02-18,11405.0
Red,奇岩,2018-02-18,15596.0
Red,北投,2018-02-18,30092.0
Red,新北投,2018-02-18,22453.0
Red,復興崗,2018-02-18,6090.0
Red,忠義,2018-02-18,4694.0
Red,關渡,2018-02-18,34028.0
Red,竹圍,2018-02-18,15650.0
Red,紅樹林,2018-02-18,12892.0
Red,淡水,2018-02-18,169377.0
Red,象山,2018-02-18,23376.0
Red,台北101/世貿,2018-02-18,63040.0
Red,信義安和,2018-02-18,19342.0
Red,大安森林公園,2018-02-18,17330.0
Red,東門,2018-02-18,21764.0
Red,大安,2018-02-18,11343.5
Red,中正紀念堂,2018-02-19,25911.0
Red,台大醫院,2018-02-19,16145.0
Red,台北車站,2018-02-19,181142.0
Red,中山,2018-02-19,40154.5
Red,雙連,2018-02-19,29843.0
Red,民權西路,2018-02-19,20490.5
Red,圓山,2018-02-19,58038.0
Red,劍潭,2018-02-19,83932.0
Red,士林,2018-02-19,82616.0
Red,芝山,2018-02-19,37900.0
Red,明德,2018-02-19,15057.0
Red,石牌,2018-02-19,41471.0
Red,唭哩岸,2018-02-19,11728.0
Red,奇岩,2018-02-19,13724.0
Red,北投,2018-02-19,29875.0
Red,新北投,2018-02-19,19148.0
Red,復興崗,2018-02-19,6290.0
Red,忠義,2018-02-19,5224.0
Red,關渡,2018-02-19,34408.0
Red,竹圍,2018-02-19,17052.0
Red,紅樹林,2018-02-19,12952.0
Red,淡水,2018-02-19,147166.0
Red,象山,2018-02-19,23973.0
Red,台北101/世貿,2018-02-19,55904.0
Red,信義安和,2018-02-19,21756.0
Red,大安森林公園,2018-02-19,16117.0
Red,東門,2018-02-19,22189.5
Red,大安,2018-02-19,12868.5
Red,中正紀念堂,2018-02-20,22814.5
Red,台大醫院,2018-02-20,23769.0
Red,台北車站,2018-02-20,161456.0
Red,中山,2018-02-20,38216.0
Red,雙連,2018-02-20,32314.0
Red,民權西路,2018-02-20,18937.0
Red,圓山,2018-02-20,49724.0
Red,劍潭,2018-02-20,65153.0
Red,士林,2018-02-20,66648.0
Red,芝山,2018-02-20,35959.0
Red,明德,2018-02-20,17544.0
Red,石牌,2018-02-20,43509.0
Red,唭哩岸,2018-02-20,10845.0
Red,奇岩,2018-02-20,11476.0
Red,北投,2018-02-20,28313.0
Red,新北投,2018-02-20,15923.0
Red,復興崗,2018-02-20,5472.0
Red,忠義,2018-02-20,4423.0
Red,關渡,2018-02-20,23909.0
Red,竹圍,2018-02-20,15473.0
Red,紅樹林,2018-02-20,10493.0
Red,淡水,2018-02-20,93167.0
Red,象山,2018-02-20,17531.0
Red,台北101/世貿,2018-02-20,43236.0
Red,信義安和,2018-02-20,21846.0
Red,大安森林公園,2018-02-20,13711.0
Red,東門,2018-02-20,20504.0
Red,大安,2018-02-20,12854.0
Red,中正紀念堂,2018-02-21,31180.5
Red,台大醫院,2018-02-21,48816.0
Red,台北車站,2018-02-21,153115.5
Red,中山,2018-02-21,42208.0
Red,雙連,2018-02-21,44142.0
Red,民權西路,2018-02-21,27292.0
Red,圓山,2018-02-21,49802.0
Red,劍潭,2018-02-21,64031.0
Red,士林,2018-02-21,59833.0
Red,芝山,2018-02-21,44776.0
Red,明德,2018-02-21,25657.0
Red,石牌,2018-02-21,60854.0
Red,唭哩岸,2018-02-21,14336.0
Red,奇岩,2018-02-21,17446.0
Red,北投,2018-02-21,36594.0
Red,新北投,2018-02-21,14334.0
Red,復興崗,2018-02-21,6837.0
Red,忠義,2018-02-21,5449.0
Red,關渡,2018-02-21,22093.0
Red,竹圍,2018-02-21,18388.0
Red,紅樹林,2018-02-21,13015.0
Red,淡水,2018-02-21,66124.0
Red,象山,2018-02-21,21732.0
Red,台北101/世貿,2018-02-21,56824.0
Red,信義安和,2018-02-21,34425.0
Red,大安森林公園,2018-02-21,14808.0
Red,東門,2018-02-21,24707.5
Red,大安,2018-02-21,27921.5
Red,中正紀念堂,2018-02-22,32336.5
Red,台大醫院,2018-02-22,51827.0
Red,台北車站,2018-02-22,151718.5
Red,中山,2018-02-22,44098.5
Red,雙連,2018-02-22,46222.0
Red,民權西路,2018-02-22,28917.5
Red,圓山,2018-02-22,50734.0
Red,劍潭,2018-02-22,60370.0
Red,士林,2018-02-22,56131.0
Red,芝山,2018-02-22,45740.0
Red,明德,2018-02-22,26222.0
Red,石牌,2018-02-22,62780.0
Red,唭哩岸,2018-02-22,15852.0
Red,奇岩,2018-02-22,18022.0
Red,北投,2018-02-22,36092.0
Red,新北投,2018-02-22,14011.0
Red,復興崗,2018-02-22,6791.0
Red,忠義,2018-02-22,6075.0
Red,關渡,2018-02-22,26150.0
Red,竹圍,2018-02-22,18622.0
Red,紅樹林,2018-02-22,13185.0
Red,淡水,2018-02-22,59929.0
Red,象山,2018-02-22,21256.0
Red,台北101/世貿,2018-02-22,60793.0
Red,信義安和,2018-02-22,37004.0
Red,大安森林公園,2018-02-22,15434.0
Red,東門,2018-02-22,26251.0
Red,大安,2018-02-22,29576.0
Red,中正紀念堂,2018-02-23,36856.5
Red,台大醫院,2018-02-23,52379.0
Red,台北車站,2018-02-23,172064.5
Red,中山,2018-02-23,49484.0
Red,雙連,2018-02-23,50205.0
Red,民權西路,2018-02-23,30946.0
Red,圓山,2018-02-23,57093.0
Red,劍潭,2018-02-23,75111.0
Red,士林,2018-02-23,66173.0
Red,芝山,2018-02-23,51078.0
Red,明德,2018-02-23,27878.0
Red,石牌,2018-02-23,66378.0
Red,唭哩岸,2018-02-23,16298.0
Red,奇岩,2018-02-23,18955.0
Red,北投,2018-02-23,40082.0
Red,新北投,2018-02-23,14864.0
Red,復興崗,2018-02-23,7183.0
Red,忠義,2018-02-23,6405.0
Red,關渡,2018-02-23,26279.0
Red,竹圍,2018-02-23,20220.0
Red,紅樹林,2018-02-23,14227.0
Red,淡水,2018-02-23,72880.0
Red,象山,2018-02-23,24415.0
Red,台北101/世貿,2018-02-23,64721.0
Red,信義安和,2018-02-23,39594.0
Red,大安森林公園,2018-02-23,17682.0
Red,東門,2018-02-23,28928.0
Red,大安,2018-02-23,30580.0
Red,中正紀念堂,2018-02-24,30486.5
Red,台大醫院,2018-02-24,26474.0
Red,台北車站,2018-02-24,175802.0
Red,中山,2018-02-24,49209.5
Red,雙連,2018-02-24,40040.0
Red,民權西路,2018-02-24,24411.5
Red,圓山,2018-02-24,64826.0
Red,劍潭,2018-02-24,80527.0
Red,士林,2018-02-24,69176.0
Red,芝山,2018-02-24,44238.0
Red,明德,2018-02-24,20175.0
Red,石牌,2018-02-24,53592.0
Red,唭哩岸,2018-02-24,12964.0
Red,奇岩,2018-02-24,14481.0
Red,北投,2018-02-24,33893.0
Red,新北投,2018-02-24,17089.0
Red,復興崗,2018-02-24,6839.0
Red,忠義,2018-02-24,4269.0
Red,關渡,2018-02-24,21749.0
Red,竹圍,2018-02-24,17947.0
Red,紅樹林,2018-02-24,11815.0
Red,淡水,2018-02-24,85271.0
Red,象山,2018-02-24,20950.0
Red,台北101/世貿,2018-02-24,60514.0
Red,信義安和,2018-02-24,29369.0
Red,大安森林公園,2018-02-24,24272.0
Red,東門,2018-02-24,27199.5
Red,大安,2018-02-24,18864.5
Red,中正紀念堂,2018-02-25,28161.0
Red,台大醫院,2018-02-25,20549.0
Red,台北車站,2018-02-25,181640.0
Red,中山,2018-02-25,41256.0
Red,雙連,2018-02-25,27834.0
Red,民權西路,2018-02-25,22648.5
Red,圓山,2018-02-25,43525.0
Red,劍潭,2018-02-25,61569.0
Red,士林,2018-02-25,58427.0
Red,芝山,2018-02-25,39053.0
Red,明德,2018-02-25,15169.0
Red,石牌,2018-02-25,42116.0
Red,唭哩岸,2018-02-25,10684.0
Red,奇岩,2018-02-25,11772.0
Red,北投,2018-02-25,27351.0
Red,新北投,2018-02-25,13908.0
Red,復興崗,2018-02-25,5370.0
Red,忠義,2018-02-25,3216.0
Red,關渡,2018-02-25,17433.0
Red,竹圍,2018-02-25,14354.0
Red,紅樹林,2018-02-25,9766.0
Red,淡水,2018-02-25,71137.0
Red,象山,2018-02-25,13715.0
Red,台北101/世貿,2018-02-25,50649.0
Red,信義安和,2018-02-25,21839.0
Red,大安森林公園,2018-02-25,16114.0
Red,東門,2018-02-25,23190.0
Red,大安,2018-02-25,16208.5
Red,中正紀念堂,2018-02-26,34267.0
Red,台大醫院,2018-02-26,53209.0
Red,台北車站,2018-02-26,149245.0
Red,中山,2018-02-26,41464.5
Red,雙連,2018-02-26,47275.0
Red,民權西路,2018-02-26,30079.5
Red,圓山,2018-02-26,53945.0
Red,劍潭,2018-02-26,71569.0
Red,士林,2018-02-26,62730.0
Red,芝山,2018-02-26,47663.0
Red,明德,2018-02-26,27634.0
Red,石牌,2018-02-26,66720.0
Red,唭哩岸,2018-02-26,15688.0
Red,奇岩,2018-02-26,19585.0
Red,北投,2018-02-26,38081.0
Red,新北投,2018-02-26,12685.0
Red,復興崗,2018-02-26,6991.0
Red,忠義,2018-02-26,6193.0
Red,關渡,2018-02-26,29807.0
Red,竹圍,2018-02-26,20125.0
Red,紅樹林,2018-02-26,14305.0
Red,淡水,2018-02-26,74721.0
Red,象山,2018-02-26,22953.0
Red,台北101/世貿,2018-02-26,60190.0
Red,信義安和,2018-02-26,35714.0
Red,大安森林公園,2018-02-26,15572.0
Red,東門,2018-02-26,25726.0
Red,大安,2018-02-26,29120.0
Red,中正紀念堂,2018-02-27,38878.5
Red,台大醫院,2018-02-27,55707.0
Red,台北車站,2018-02-27,159865.5
Red,中山,2018-02-27,46122.0
Red,雙連,2018-02-27,49630.0
Red,民權西路,2018-02-27,31629.0
Red,圓山,2018-02-27,60409.0
Red,劍潭,2018-02-27,79649.0
Red,士林,2018-02-27,72251.0
Red,芝山,2018-02-27,51609.0
Red,明德,2018-02-27,28407.0
Red,石牌,2018-02-27,69910.0
Red,唭哩岸,2018-02-27,16801.0
Red,奇岩,2018-02-27,19730.0
Red,北投,2018-02-27,40301.0
Red,新北投,2018-02-27,13540.0
Red,復興崗,2018-02-27,7706.0
Red,忠義,2018-02-27,6597.0
Red,關渡,2018-02-27,31355.0
Red,竹圍,2018-02-27,20884.0
Red,紅樹林,2018-02-27,15200.0
Red,淡水,2018-02-27,82815.0
Red,象山,2018-02-27,25152.0
Red,台北101/世貿,2018-02-27,58098.0
Red,信義安和,2018-02-27,38609.0
Red,大安森林公園,2018-02-27,16956.0
Red,東門,2018-02-27,28701.0
Red,大安,2018-02-27,30920.5
Red,中正紀念堂,2018-02-28,22574.5
Red,台大醫院,2018-02-28,24101.0
Red,台北車站,2018-02-28,148156.0
Red,中山,2018-02-28,44765.0
Red,雙連,2018-02-28,31376.0
Red,民權西路,2018-02-28,21252.5
Red,圓山,2018-02-28,43022.0
Red,劍潭,2018-02-28,62507.0
Red,士林,2018-02-28,53977.0
Red,芝山,2018-02-28,36334.0
Red,明德,2018-02-28,15730.0
Red,石牌,2018-02-28,43805.0
Red,唭哩岸,2018-02-28,11032.0
Red,奇岩,2018-02-28,11160.0
Red,北投,2018-02-28,29175.0
Red,新北投,2018-02-28,13415.0
Red,復興崗,2018-02-28,5224.0
Red,忠義,2018-02-28,4801.0
Red,關渡,2018-02-28,18711.0
Red,竹圍,2018-02-28,15100.0
Red,紅樹林,2018-02-28,9844.0
Red,淡水,2018-02-28,68535.0
Red,象山,2018-02-28,14526.0
Red,台北101/世貿,2018-02-28,46689.0
Red,信義安和,2018-02-28,24054.0
Red,大安森林公園,2018-02-28,11179.0
Red,東門,2018-02-28,22309.5
Red,大安,2018-02-28,16308.0
Red,中正紀念堂,2018-03-01,37036.0
Red,台大醫院,2018-03-01,53452.0
Red,台北車站,2018-03-01,145821.0
Red,中山,2018-03-01,43125.5
Red,雙連,2018-03-01,47183.0
Red,民權西路,2018-03-01,29912.5
Red,圓山,2018-03-01,56314.0
Red,劍潭,2018-03-01,72642.0
Red,士林,2018-03-01,60340.0
Red,芝山,2018-03-01,48102.0
Red,明德,2018-03-01,27494.0
Red,石牌,2018-03-01,66207.0
Red,唭哩岸,2018-03-01,16258.0
Red,奇岩,2018-03-01,19352.0
Red,北投,2018-03-01,38351.0
Red,新北投,2018-03-01,11863.0
Red,復興崗,2018-03-01,7263.0
Red,忠義,2018-03-01,6436.0
Red,關渡,2018-03-01,28868.0
Red,竹圍,2018-03-01,20189.0
Red,紅樹林,2018-03-01,14882.0
Red,淡水,2018-03-01,78225.0
Red,象山,2018-03-01,24578.0
Red,台北101/世貿,2018-03-01,61641.0
Red,信義安和,2018-03-01,36336.0
Red,大安森林公園,2018-03-01,16232.0
Red,東門,2018-03-01,27048.0
Red,大安,2018-03-01,29484.5
Red,中正紀念堂,2018-03-02,38476.0
Red,台大醫院,2018-03-02,53922.0
Red,台北車站,2018-03-02,175796.0
Red,中山,2018-03-02,47387.0
Red,雙連,2018-03-02,49678.0
Red,民權西路,2018-03-02,31113.5
Red,圓山,2018-03-02,58539.0
Red,劍潭,2018-03-02,76644.0
Red,士林,2018-03-02,63548.0
Red,芝山,2018-03-02,50658.0
Red,明德,2018-03-02,27374.0
Red,石牌,2018-03-02,69460.0
Red,唭哩岸,2018-03-02,16691.0
Red,奇岩,2018-03-02,20086.0
Red,北投,2018-03-02,40187.0
Red,新北投,2018-03-02,12143.0
Red,復興崗,2018-03-02,7854.0
Red,忠義,2018-03-02,6557.0
Red,關渡,2018-03-02,29544.0
Red,竹圍,2018-03-02,20456.0
Red,紅樹林,2018-03-02,15345.0
Red,淡水,2018-03-02,82451.0
Red,象山,2018-03-02,25059.0
Red,台北101/世貿,2018-03-02,65218.0
Red,信義安和,2018-03-02,39308.0
Red,大安森林公園,2018-03-02,17200.0
Red,東門,2018-03-02,29476.5
Red,大安,2018-03-02,31464.0
Red,中正紀念堂,2018-03-03,34707.0
Red,台大醫院,2018-03-03,31958.0
Red,台北車站,2018-03-03,189279.5
Red,中山,2018-03-03,52431.0
Red,雙連,2018-03-03,42255.0
Red,民權西路,2018-03-03,25014.0
Red,圓山,2018-03-03,60509.0
Red,劍潭,2018-03-03,83485.0
Red,士林,2018-03-03,61389.0
Red,芝山,2018-03-03,44578.0
Red,明德,2018-03-03,21278.0
Red,石牌,2018-03-03,57020.0
Red,唭哩岸,2018-03-03,13334.0
Red,奇岩,2018-03-03,14134.0
Red,北投,2018-03-03,34625.0
Red,新北投,2018-03-03,15051.0
Red,復興崗,2018-03-03,7010.0
Red,忠義,2018-03-03,5706.0
Red,關渡,2018-03-03,22416.0
Red,竹圍,2018-03-03,18324.0
Red,紅樹林,2018-03-03,12598.0
Red,淡水,2018-03-03,92536.0
Red,象山,2018-03-03,21437.0
Red,台北101/世貿,2018-03-03,64664.0
Red,信義安和,2018-03-03,29932.0
Red,大安森林公園,2018-03-03,22040.0
Red,東門,2018-03-03,29484.5
Red,大安,2018-03-03,19788.0
Red,中正紀念堂,2018-03-04,30756.5
Red,台大醫院,2018-03-04,22109.0
Red,台北車站,2018-03-04,176873.0
Red,中山,2018-03-04,42818.0
Red,雙連,2018-03-04,29382.0
Red,民權西路,2018-03-04,23361.5
Red,圓山,2018-03-04,55049.0
Red,劍潭,2018-03-04,71167.0
Red,士林,2018-03-04,51013.0
Red,芝山,2018-03-04,42058.0
Red,明德,2018-03-04,15962.0
Red,石牌,2018-03-04,44867.0
Red,唭哩岸,2018-03-04,11647.0
Red,奇岩,2018-03-04,11974.0
Red,北投,2018-03-04,30533.0
Red,新北投,2018-03-04,13198.0
Red,復興崗,2018-03-04,5546.0
Red,忠義,2018-03-04,3451.0
Red,關渡,2018-03-04,18937.0
Red,竹圍,2018-03-04,14875.0
Red,紅樹林,2018-03-04,10866.0
Red,淡水,2018-03-04,91677.0
Red,象山,2018-03-04,18809.0
Red,台北101/世貿,2018-03-04,59023.0
Red,信義安和,2018-03-04,22220.0
Red,大安森林公園,2018-03-04,20912.0
Red,東門,2018-03-04,24743.5
Red,大安,2018-03-04,16907.5
Red,中正紀念堂,2018-03-05,33724.0
Red,台大醫院,2018-03-05,53012.0
Red,台北車站,2018-03-05,144150.5
Red,中山,2018-03-05,40766.5
Red,雙連,2018-03-05,46595.0
Red,民權西路,2018-03-05,29495.0
Red,圓山,2018-03-05,51969.0
Red,劍潭,2018-03-05,67651.0
Red,士林,2018-03-05,56123.0
Red,芝山,2018-03-05,46127.0
Red,明德,2018-03-05,27444.0
Red,石牌,2018-03-05,65861.0
Red,唭哩岸,2018-03-05,15915.0
Red,奇岩,2018-03-05,18366.0
Red,北投,2018-03-05,36237.0
Red,新北投,2018-03-05,11139.0
Red,復興崗,2018-03-05,7161.0
Red,忠義,2018-03-05,6317.0
Red,關渡,2018-03-05,27396.0
Red,竹圍,2018-03-05,19518.0
Red,紅樹林,2018-03-05,14097.0
Red,淡水,2018-03-05,71224.0
Red,象山,2018-03-05,22401.0
Red,台北101/世貿,2018-03-05,54914.0
Red,信義安和,2018-03-05,35582.0
Red,大安森林公園,2018-03-05,15139.0
Red,東門,2018-03-05,26390.5
Red,大安,2018-03-05,28005.5
Red,中正紀念堂,2018-03-06,34568.5
Red,台大醫院,2018-03-06,53976.0
Red,台北車站,2018-03-06,140209.5
Red,中山,2018-03-06,42828.0
Red,雙連,2018-03-06,47957.0
Red,民權西路,2018-03-06,29804.0
Red,圓山,2018-03-06,53575.0
Red,劍潭,2018-03-06,70504.0
Red,士林,2018-03-06,57824.0
Red,芝山,2018-03-06,48289.0
Red,明德,2018-03-06,27721.0
Red,石牌,2018-03-06,66175.0
Red,唭哩岸,2018-03-06,16036.0
Red,奇岩,2018-03-06,19184.0
Red,北投,2018-03-06,37642.0
Red,新北投,2018-03-06,12415.0
Red,復興崗,2018-03-06,7386.0
Red,忠義,2018-03-06,6372.0
Red,關渡,2018-03-06,28209.0
Red,竹圍,2018-03-06,20139.0
Red,紅樹林,2018-03-06,14451.0
Red,淡水,2018-03-06,71399.0
Red,象山,2018-03-06,23775.0
Red,台北101/世貿,2018-03-06,55633.0
Red,信義安和,2018-03-06,36981.0
Red,大安森林公園,2018-03-06,15713.0
Red,東門,2018-03-06,27367.0
Red,大安,2018-03-06,28621.0
Red,中正紀念堂,2018-03-07,36383.5
Red,台大醫院,2018-03-07,55731.0
Red,台北車站,2018-03-07,144609.0
Red,中山,2018-03-07,44444.0
Red,雙連,2018-03-07,48716.0
Red,民權西路,2018-03-07,30596.0
Red,圓山,2018-03-07,54360.0
Red,劍潭,2018-03-07,72051.0
Red,士林,2018-03-07,58835.0
Red,芝山,2018-03-07,49285.0
Red,明德,2018-03-07,28434.0
Red,石牌,2018-03-07,68696.0
Red,唭哩岸,2018-03-07,16333.0
Red,奇岩,2018-03-07,18995.0
Red,北投,2018-03-07,38431.0
Red,新北投,2018-03-07,11870.0
Red,復興崗,2018-03-07,7539.0
Red,忠義,2018-03-07,6487.0
Red,關渡,2018-03-07,28500.0
Red,竹圍,2018-03-07,20192.0
Red,紅樹林,2018-03-07,14978.0
Red,淡水,2018-03-07,75593.0
Red,象山,2018-03-07,24071.0
Red,台北101/世貿,2018-03-07,55939.0
Red,信義安和,2018-03-07,36850.0
Red,大安森林公園,2018-03-07,16157.0
Red,東門,2018-03-07,27193.5
Red,大安,2018-03-07,28838.0
Red,中正紀念堂,2018-03-08,35976.5
Red,台大醫院,2018-03-08,53910.0
Red,台北車站,2018-03-08,148457.0
Red,中山,2018-03-08,45285.5
Red,雙連,2018-03-08,47395.0
Red,民權西路,2018-03-08,30233.5
Red,圓山,2018-03-08,52086.0
Red,劍潭,2018-03-08,68133.0
Red,士林,2018-03-08,58459.0
Red,芝山,2018-03-08,48112.0
Red,明德,2018-03-08,27237.0
Red,石牌,2018-03-08,66218.0
Red,唭哩岸,2018-03-08,16537.0
Red,奇岩,2018-03-08,19310.0
Red,北投,2018-03-08,35988.0
Red,新北投,2018-03-08,12993.0
Red,復興崗,2018-03-08,7280.0
Red,忠義,2018-03-08,6145.0
Red,關渡,2018-03-08,27569.0
Red,竹圍,2018-03-08,19751.0
Red,紅樹林,2018-03-08,14744.0
Red,淡水,2018-03-08,67622.0
Red,象山,2018-03-08,22426.0
Red,台北101/世貿,2018-03-08,61875.0
Red,信義安和,2018-03-08,37930.0
Red,大安森林公園,2018-03-08,15024.0
Red,東門,2018-03-08,28744.5
Red,大安,2018-03-08,29663.5
Red,中正紀念堂,2018-03-09,40322.0
Red,台大醫院,2018-03-09,54476.0
Red,台北車站,2018-03-09,183406.0
Red,中山,2018-03-09,51306.0
Red,雙連,2018-03-09,51738.0
Red,民權西路,2018-03-09,33124.5
Red,圓山,2018-03-09,57644.0
Red,劍潭,2018-03-09,82003.0
Red,士林,2018-03-09,64548.0
Red,芝山,2018-03-09,52681.0
Red,明德,2018-03-09,28441.0
Red,石牌,2018-03-09,70034.0
Red,唭哩岸,2018-03-09,16876.0
Red,奇岩,2018-03-09,19539.0
Red,北投,2018-03-09,41204.0
Red,新北投,2018-03-09,14852.0
Red,復興崗,2018-03-09,7969.0
Red,忠義,2018-03-09,6486.0
Red,關渡,2018-03-09,29274.0
Red,竹圍,2018-03-09,21131.0
Red,紅樹林,2018-03-09,15551.0
Red,淡水,2018-03-09,82033.0
Red,象山,2018-03-09,25482.0
Red,台北101/世貿,2018-03-09,66670.0
Red,信義安和,2018-03-09,40511.0
Red,大安森林公園,2018-03-09,17826.0
Red,東門,2018-03-09,30562.5
Red,大安,2018-03-09,30975.5
Red,中正紀念堂,2018-03-10,36876.5
Red,台大醫院,2018-03-10,29671.0
Red,台北車站,2018-03-10,188992.0
Red,中山,2018-03-10,55115.5
Red,雙連,2018-03-10,42551.0
Red,民權西路,2018-03-10,26434.5
Red,圓山,2018-03-10,72007.0
Red,劍潭,2018-03-10,90780.0
Red,士林,2018-03-10,62519.0
Red,芝山,2018-03-10,47500.0
Red,明德,2018-03-10,20676.0
Red,石牌,2018-03-10,60010.0
Red,唭哩岸,2018-03-10,13881.0
Red,奇岩,2018-03-10,14162.0
Red,北投,2018-03-10,36415.0
Red,新北投,2018-03-10,18862.0
Red,復興崗,2018-03-10,7014.0
Red,忠義,2018-03-10,4550.0
Red,關渡,2018-03-10,20324.0
Red,竹圍,2018-03-10,19421.0
Red,紅樹林,2018-03-10,13269.0
Red,淡水,2018-03-10,101659.0
Red,象山,2018-03-10,24009.0
Red,台北101/世貿,2018-03-10,60591.0
Red,信義安和,2018-03-10,30607.0
Red,大安森林公園,2018-03-10,26662.0
Red,東門,2018-03-10,31412.0
Red,大安,2018-03-10,20865.5
Red,中正紀念堂,2018-03-11,35161.5
Red,台大醫院,2018-03-11,24403.0
Red,台北車站,2018-03-11,188734.0
Red,中山,2018-03-11,45233.5
Red,雙連,2018-03-11,30993.0
Red,民權西路,2018-03-11,24799.5
Red,圓山,2018-03-11,58521.0
Red,劍潭,2018-03-11,76503.0
Red,士林,2018-03-11,54886.0
Red,芝山,2018-03-11,46041.0
Red,明德,2018-03-11,16804.0
Red,石牌,2018-03-11,46753.0
Red,唭哩岸,2018-03-11,11859.0
Red,奇岩,2018-03-11,11962.0
Red,北投,2018-03-11,31882.0
Red,新北投,2018-03-11,14572.0
Red,復興崗,2018-03-11,5474.0
Red,忠義,2018-03-11,3798.0
Red,關渡,2018-03-11,18929.0
Red,竹圍,2018-03-11,16898.0
Red,紅樹林,2018-03-11,12295.0
Red,淡水,2018-03-11,105255.0
Red,象山,2018-03-11,21775.0
Red,台北101/世貿,2018-03-11,48123.0
Red,信義安和,2018-03-11,23262.0
Red,大安森林公園,2018-03-11,25688.0
Red,東門,2018-03-11,26760.0
Red,大安,2018-03-11,16849.5
Red,中正紀念堂,2018-03-12,34623.0
Red,台大醫院,2018-03-12,52828.0
Red,台北車站,2018-03-12,148532.0
Red,中山,2018-03-12,42212.0
Red,雙連,2018-03-12,47926.0
Red,民權西路,2018-03-12,30434.0
Red,圓山,2018-03-12,53499.0
Red,劍潭,2018-03-12,73128.0
Red,士林,2018-03-12,58172.0
Red,芝山,2018-03-12,46996.0
Red,明德,2018-03-12,27615.0
Red,石牌,2018-03-12,66530.0
Red,唭哩岸,2018-03-12,15573.0
Red,奇岩,2018-03-12,18393.0
Red,北投,2018-03-12,37092.0
Red,新北投,2018-03-12,10766.0
Red,復興崗,2018-03-12,6987.0
Red,忠義,2018-03-12,6290.0
Red,關渡,2018-03-12,27601.0
Red,竹圍,2018-03-12,20027.0
Red,紅樹林,2018-03-12,14733.0
Red,淡水,2018-03-12,78426.0
Red,象山,2018-03-12,24078.0
Red,台北101/世貿,2018-03-12,54783.0
Red,信義安和,2018-03-12,35379.0
Red,大安森林公園,2018-03-12,16043.0
Red,東門,2018-03-12,26918.0
Red,大安,2018-03-12,28447.0
Red,中正紀念堂,2018-03-13,36203.5
Red,台大醫院,2018-03-13,54015.0
Red,台北車站,2018-03-13,144035.0
Red,中山,2018-03-13,43709.0
Red,雙連,2018-03-13,47945.0
Red,民權西路,2018-03-13,30860.0
Red,圓山,2018-03-13,56784.0
Red,劍潭,2018-03-13,74757.0
Red,士林,2018-03-13,59606.0
Red,芝山,2018-03-13,48751.0
Red,明德,2018-03-13,27729.0
Red,石牌,2018-03-13,66965.0
Red,唭哩岸,2018-03-13,15981.0
Red,奇岩,2018-03-13,18769.0
Red,北投,2018-03-13,37720.0
Red,新北投,2018-03-13,12727.0
Red,復興崗,2018-03-13,7485.0
Red,忠義,2018-03-13,6126.0
Red,關渡,2018-03-13,28415.0
Red,竹圍,2018-03-13,20241.0
Red,紅樹林,2018-03-13,14848.0
Red,淡水,2018-03-13,77529.0
Red,象山,2018-03-13,24222.0
Red,台北101/世貿,2018-03-13,56990.0
Red,信義安和,2018-03-13,36997.0
Red,大安森林公園,2018-03-13,16808.0
Red,東門,2018-03-13,27677.5
Red,大安,2018-03-13,29749.0
Red,中正紀念堂,2018-03-14,36691.5
Red,台大醫院,2018-03-14,54633.0
Red,台北車站,2018-03-14,148000.0
Red,中山,2018-03-14,44916.0
Red,雙連,2018-03-14,48904.0
Red,民權西路,2018-03-14,31016.0
Red,圓山,2018-03-14,56114.0
Red,劍潭,2018-03-14,75611.0
Red,士林,2018-03-14,60300.0
Red,芝山,2018-03-14,49734.0
Red,明德,2018-03-14,28079.0
Red,石牌,2018-03-14,67470.0
Red,唭哩岸,2018-03-14,16268.0
Red,奇岩,2018-03-14,18554.0
Red,北投,2018-03-14,38095.0
Red,新北投,2018-03-14,12192.0
Red,復興崗,2018-03-14,7513.0
Red,忠義,2018-03-14,6302.0
Red,關渡,2018-03-14,28425.0
Red,竹圍,2018-03-14,20060.0
Red,紅樹林,2018-03-14,15287.0
Red,淡水,2018-03-14,78268.0
Red,象山,2018-03-14,23785.0
Red,台北101/世貿,2018-03-14,59621.0
Red,信義安和,2018-03-14,37054.0
Red,大安森林公園,2018-03-14,16929.0
Red,東門,2018-03-14,28541.5
Red,大安,2018-03-14,29832.0
Red,中正紀念堂,2018-03-15,36359.5
Red,台大醫院,2018-03-15,53131.0
Red,台北車站,2018-03-15,150403.0
Red,中山,2018-03-15,44602.0
Red,雙連,2018-03-15,47339.0
Red,民權西路,2018-03-15,31448.0
Red,圓山,2018-03-15,54809.0
Red,劍潭,2018-03-15,73160.0
Red,士林,2018-03-15,59758.0
Red,芝山,2018-03-15,49388.0
Red,明德,2018-03-15,27636.0
Red,石牌,2018-03-15,66534.0
Red,唭哩岸,2018-03-15,16196.0
Red,奇岩,2018-03-15,19298.0
Red,北投,2018-03-15,38003.0
Red,新北投,2018-03-15,12581.0
Red,復興崗,2018-03-15,7300.0
Red,忠義,2018-03-15,6539.0
Red,關渡,2018-03-15,27549.0
Red,竹圍,2018-03-15,20307.0
Red,紅樹林,2018-03-15,15218.0
Red,淡水,2018-03-15,77086.0
Red,象山,2018-03-15,23570.0
Red,台北101/世貿,2018-03-15,60244.0
Red,信義安和,2018-03-15,37734.0
Red,大安森林公園,2018-03-15,16833.0
Red,東門,2018-03-15,28734.0
Red,大安,2018-03-15,30225.0
Red,中正紀念堂,2018-03-16,40656.5
Red,台大醫院,2018-03-16,53860.0
Red,台北車站,2018-03-16,186129.0
Red,中山,2018-03-16,51212.0
Red,雙連,2018-03-16,51449.0
Red,民權西路,2018-03-16,33139.0
Red,圓山,2018-03-16,58718.0
Red,劍潭,2018-03-16,81200.0
Red,士林,2018-03-16,65109.0
Red,芝山,2018-03-16,53447.0
Red,明德,2018-03-16,28279.0
Red,石牌,2018-03-16,68999.0
Red,唭哩岸,2018-03-16,16934.0
Red,奇岩,2018-03-16,19555.0
Red,北投,2018-03-16,41031.0
Red,新北投,2018-03-16,13798.0
Red,復興崗,2018-03-16,7684.0
Red,忠義,2018-03-16,6763.0
Red,關渡,2018-03-16,28423.0
Red,竹圍,2018-03-16,21219.0
Red,紅樹林,2018-03-16,15958.0
Red,淡水,2018-03-16,82677.0
Red,象山,2018-03-16,25050.0
Red,台北101/世貿,2018-03-16,81346.0
Red,信義安和,2018-03-16,40934.0
Red,大安森林公園,2018-03-16,18192.0
Red,東門,2018-03-16,31617.0
Red,大安,2018-03-16,32421.0
Red,中正紀念堂,2018-03-17,37304.0
Red,台大醫院,2018-03-17,28650.0
Red,台北車站,2018-03-17,189726.0
Red,中山,2018-03-17,53168.0
Red,雙連,2018-03-17,42442.0
Red,民權西路,2018-03-17,25376.5
Red,圓山,2018-03-17,57535.0
Red,劍潭,2018-03-17,84523.0
Red,士林,2018-03-17,62310.0
Red,芝山,2018-03-17,47707.0
Red,明德,2018-03-17,20251.0
Red,石牌,2018-03-17,58197.0
Red,唭哩岸,2018-03-17,12803.0
Red,奇岩,2018-03-17,14355.0
Red,北投,2018-03-17,33927.0
Red,新北投,2018-03-17,15357.0
Red,復興崗,2018-03-17,6705.0
Red,忠義,2018-03-17,4349.0
Red,關渡,2018-03-17,20246.0
Red,竹圍,2018-03-17,19352.0
Red,紅樹林,2018-03-17,14791.0
Red,淡水,2018-03-17,99200.0
Red,象山,2018-03-17,21576.0
Red,台北101/世貿,2018-03-17,86760.0
Red,信義安和,2018-03-17,31270.0
Red,大安森林公園,2018-03-17,23682.0
Red,東門,2018-03-17,30208.5
Red,大安,2018-03-17,22180.0
Red,中正紀念堂,2018-03-18,33651.0
Red,台大醫院,2018-03-18,25197.0
Red,台北車站,2018-03-18,194598.5
Red,中山,2018-03-18,44878.0
Red,雙連,2018-03-18,31381.0
Red,民權西路,2018-03-18,26208.5
Red,圓山,2018-03-18,75220.0
Red,劍潭,2018-03-18,77760.0
Red,士林,2018-03-18,53356.0
Red,芝山,2018-03-18,42196.0
Red,明德,2018-03-18,16251.0
Red,石牌,2018-03-18,47471.0
Red,唭哩岸,2018-03-18,11657.0
Red,奇岩,2018-03-18,12217.0
Red,北投,2018-03-18,31460.0
Red,新北投,2018-03-18,13877.0
Red,復興崗,2018-03-18,5965.0
Red,忠義,2018-03-18,3500.0
Red,關渡,2018-03-18,18016.0
Red,竹圍,2018-03-18,17051.0
Red,紅樹林,2018-03-18,13371.0
Red,淡水,2018-03-18,117245.0
Red,象山,2018-03-18,21213.0
Red,台北101/世貿,2018-03-18,76417.0
Red,信義安和,2018-03-18,23985.0
Red,大安森林公園,2018-03-18,24600.0
Red,東門,2018-03-18,27174.0
Red,大安,2018-03-18,17563.0
Red,中正紀念堂,2018-03-19,33932.0
Red,台大醫院,2018-03-19,52873.0
Red,台北車站,2018-03-19,153200.5
Red,中山,2018-03-19,41729.0
Red,雙連,2018-03-19,48683.0
Red,民權西路,2018-03-19,30731.5
Red,圓山,2018-03-19,55704.0
Red,劍潭,2018-03-19,71368.0
Red,士林,2018-03-19,58136.0
Red,芝山,2018-03-19,47463.0
Red,明德,2018-03-19,27543.0
Red,石牌,2018-03-19,66338.0
Red,唭哩岸,2018-03-19,15735.0
Red,奇岩,2018-03-19,18762.0
Red,北投,2018-03-19,37084.0
Red,新北投,2018-03-19,11315.0
Red,復興崗,2018-03-19,6965.0
Red,忠義,2018-03-19,6080.0
Red,關渡,2018-03-19,27198.0
Red,竹圍,2018-03-19,20167.0
Red,紅樹林,2018-03-19,15199.0
Red,淡水,2018-03-19,89356.0
Red,象山,2018-03-19,23737.0
Red,台北101/世貿,2018-03-19,73222.0
Red,信義安和,2018-03-19,35583.0
Red,大安森林公園,2018-03-19,16447.0
Red,東門,2018-03-19,26905.0
Red,大安,2018-03-19,28483.0
Red,中正紀念堂,2018-03-20,35816.0
Red,台大醫院,2018-03-20,52913.0
Red,台北車站,2018-03-20,141343.0
Red,中山,2018-03-20,42949.0
Red,雙連,2018-03-20,47660.0
Red,民權西路,2018-03-20,29951.0
Red,圓山,2018-03-20,53315.0
Red,劍潭,2018-03-20,67497.0
Red,士林,2018-03-20,57903.0
Red,芝山,2018-03-20,47433.0
Red,明德,2018-03-20,27710.0
Red,石牌,2018-03-20,64994.0
Red,唭哩岸,2018-03-20,16150.0
Red,奇岩,2018-03-20,18773.0
Red,北投,2018-03-20,36086.0
Red,新北投,2018-03-20,12046.0
Red,復興崗,2018-03-20,7134.0
Red,忠義,2018-03-20,6074.0
Red,關渡,2018-03-20,26827.0
Red,竹圍,2018-03-20,19710.0
Red,紅樹林,2018-03-20,14253.0
Red,淡水,2018-03-20,70629.0
Red,象山,2018-03-20,22661.0
Red,台北101/世貿,2018-03-20,57133.0
Red,信義安和,2018-03-20,37157.0
Red,大安森林公園,2018-03-20,15260.0
Red,東門,2018-03-20,27972.0
Red,大安,2018-03-20,29202.0
Red,中正紀念堂,2018-03-21,36286.5
Red,台大醫院,2018-03-21,53821.0
Red,台北車站,2018-03-21,145295.5
Red,中山,2018-03-21,44302.5
Red,雙連,2018-03-21,47890.0
Red,民權西路,2018-03-21,30767.5
Red,圓山,2018-03-21,53137.0
Red,劍潭,2018-03-21,72434.0
Red,士林,2018-03-21,59776.0
Red,芝山,2018-03-21,49177.0
Red,明德,2018-03-21,27576.0
Red,石牌,2018-03-21,67427.0
Red,唭哩岸,2018-03-21,15999.0
Red,奇岩,2018-03-21,18980.0
Red,北投,2018-03-21,38559.0
Red,新北投,2018-03-21,13493.0
Red,復興崗,2018-03-21,7295.0
Red,忠義,2018-03-21,6508.0
Red,關渡,2018-03-21,27628.0
Red,竹圍,2018-03-21,20242.0
Red,紅樹林,2018-03-21,15244.0
Red,淡水,2018-03-21,78538.0
Red,象山,2018-03-21,23956.0
Red,台北101/世貿,2018-03-21,56963.0
Red,信義安和,2018-03-21,37283.0
Red,大安森林公園,2018-03-21,16442.0
Red,東門,2018-03-21,27633.0
Red,大安,2018-03-21,29311.0
Red,中正紀念堂,2018-03-22,37192.0
Red,台大醫院,2018-03-22,53614.0
Red,台北車站,2018-03-22,148784.5
Red,中山,2018-03-22,44784.5
Red,雙連,2018-03-22,47743.0
Red,民權西路,2018-03-22,31097.5
Red,圓山,2018-03-22,55089.0
Red,劍潭,2018-03-22,75412.0
Red,士林,2018-03-22,60984.0
Red,芝山,2018-03-22,48813.0
Red,明德,2018-03-22,27614.0
Red,石牌,2018-03-22,67004.0
Red,唭哩岸,2018-03-22,16448.0
Red,奇岩,2018-03-22,19367.0
Red,北投,2018-03-22,38724.0
Red,新北投,2018-03-22,13675.0
Red,復興崗,2018-03-22,6995.0
Red,忠義,2018-03-22,6303.0
Red,關渡,2018-03-22,28070.0
Red,竹圍,2018-03-22,20255.0
Red,紅樹林,2018-03-22,15696.0
Red,淡水,2018-03-22,83602.0
Red,象山,2018-03-22,24947.0
Red,台北101/世貿,2018-03-22,58473.0
Red,信義安和,2018-03-22,37398.0
Red,大安森林公園,2018-03-22,17330.0
Red,東門,2018-03-22,27709.5
Red,大安,2018-03-22,29871.0
Red,中正紀念堂,2018-03-23,39489.5
Red,台大醫院,2018-03-23,53165.0
Red,台北車站,2018-03-23,186460.5
Red,中山,2018-03-23,50453.5
Red,雙連,2018-03-23,49915.0
Red,民權西路,2018-03-23,33126.5
Red,圓山,2018-03-23,59292.0
Red,劍潭,2018-03-23,82933.0
Red,士林,2018-03-23,65922.0
Red,芝山,2018-03-23,52682.0
Red,明德,2018-03-23,28339.0
Red,石牌,2018-03-23,71017.0
Red,唭哩岸,2018-03-23,16982.0
Red,奇岩,2018-03-23,19836.0
Red,北投,2018-03-23,41254.0
Red,新北投,2018-03-23,14496.0
Red,復興崗,2018-03-23,7522.0
Red,忠義,2018-03-23,6407.0
Red,關渡,2018-03-23,29384.0
Red,竹圍,2018-03-23,21424.0
Red,紅樹林,2018-03-23,16616.0
Red,淡水,2018-03-23,92703.0
Red,象山,2018-03-23,26309.0
Red,台北101/世貿,2018-03-23,71954.0
Red,信義安和,2018-03-23,40532.0
Red,大安森林公園,2018-03-23,19028.0
Red,東門,2018-03-23,31070.5
Red,大安,2018-03-23,30770.0
Red,中正紀念堂,2018-03-24,34041.0
Red,台大醫院,2018-03-24,28739.0
Red,台北車站,2018-03-24,190742.5
Red,中山,2018-03-24,52046.5
Red,雙連,2018-03-24,42260.0
Red,民權西路,2018-03-24,26224.0
Red,圓山,2018-03-24,64318.0
Red,劍潭,2018-03-24,92828.0
Red,士林,2018-03-24,61531.0
Red,芝山,2018-03-24,44247.0
Red,明德,2018-03-24,20657.0
Red,石牌,2018-03-24,58381.0
Red,唭哩岸,2018-03-24,13592.0
Red,奇岩,2018-03-24,13829.0
Red,北投,2018-03-24,36115.0
Red,新北投,2018-03-24,17126.0
Red,復興崗,2018-03-24,7238.0
Red,忠義,2018-03-24,4213.0
Red,關渡,2018-03-24,21659.0
Red,竹圍,2018-03-24,19627.0
Red,紅樹林,2018-03-24,15807.0
Red,淡水,2018-03-24,107645.0
Red,象山,2018-03-24,23934.0
Red,台北101/世貿,2018-03-24,67800.0
Red,信義安和,2018-03-24,30190.0
Red,大安森林公園,2018-03-24,28239.0
Red,東門,2018-03-24,29562.5
Red,大安,2018-03-24,23636.0
Red,中正紀念堂,2018-03-25,31691.0
Red,台大醫院,2018-03-25,23702.0
Red,台北車站,2018-03-25,183397.0
Red,中山,2018-03-25,42719.0
Red,雙連,2018-03-25,29451.0
Red,民權西路,2018-03-25,24938.5
Red,圓山,2018-03-25,56664.0
Red,劍潭,2018-03-25,72033.0
Red,士林,2018-03-25,50950.0
Red,芝山,2018-03-25,40385.0
Red,明德,2018-03-25,16311.0
Red,石牌,2018-03-25,45962.0
Red,唭哩岸,2018-03-25,11215.0
Red,奇岩,2018-03-25,12294.0
Red,北投,2018-03-25,30728.0
Red,新北投,2018-03-25,13696.0
Red,復興崗,2018-03-25,5346.0
Red,忠義,2018-03-25,3528.0
Red,關渡,2018-03-25,18599.0
Red,竹圍,2018-03-25,16600.0
Red,紅樹林,2018-03-25,14512.0
Red,淡水,2018-03-25,104941.0
Red,象山,2018-03-25,20455.0
Red,台北101/世貿,2018-03-25,59555.0
Red,信義安和,2018-03-25,23302.0
Red,大安森林公園,2018-03-25,25890.0
Red,東門,2018-03-25,25721.0
Red,大安,2018-03-25,15311.0
Red,中正紀念堂,2018-03-26,34107.0
Red,台大醫院,2018-03-26,51193.0
Red,台北車站,2018-03-26,149517.0
Red,中山,2018-03-26,41671.5
Red,雙連,2018-03-26,46764.0
Red,民權西路,2018-03-26,29698.5
Red,圓山,2018-03-26,52507.0
Red,劍潭,2018-03-26,70665.0
Red,士林,2018-03-26,57129.0
Red,芝山,2018-03-26,45897.0
Red,明德,2018-03-26,27139.0
Red,石牌,2018-03-26,65208.0
Red,唭哩岸,2018-03-26,15777.0
Red,奇岩,2018-03-26,18431.0
Red,北投,2018-03-26,37195.0
Red,新北投,2018-03-26,11098.0
Red,復興崗,2018-03-26,6828.0
Red,忠義,2018-03-26,6133.0
Red,關渡,2018-03-26,27207.0
Red,竹圍,2018-03-26,20041.0
Red,紅樹林,2018-03-26,15250.0
Red,淡水,2018-03-26,79094.0
Red,象山,2018-03-26,23451.0
Red,台北101/世貿,2018-03-26,66564.0
Red,信義安和,2018-03-26,35731.0
Red,大安森林公園,2018-03-26,16434.0
Red,東門,2018-03-26,26725.0
Red,大安,2018-03-26,27921.5
Red,中正紀念堂,2018-03-27,35067.0
Red,台大醫院,2018-03-27,52807.0
Red,台北車站,2018-03-27,143961.5
Red,中山,2018-03-27,42548.5
Red,雙連,2018-03-27,47474.0
Red,民權西路,2018-03-27,30526.5
Red,圓山,2018-03-27,54901.0
Red,劍潭,2018-03-27,72808.0
Red,士林,2018-03-27,58410.0
Red,芝山,2018-03-27,47671.0
Red,明德,2018-03-27,27100.0
Red,石牌,2018-03-27,66232.0
Red,唭哩岸,2018-03-27,16286.0
Red,奇岩,2018-03-27,18992.0
Red,北投,2018-03-27,37361.0
Red,新北投,2018-03-27,12245.0
Red,復興崗,2018-03-27,7167.0
Red,忠義,2018-03-27,6024.0
Red,關渡,2018-03-27,27680.0
Red,竹圍,2018-03-27,20397.0
Red,紅樹林,2018-03-27,15603.0
Red,淡水,2018-03-27,76258.0
Red,象山,2018-03-27,23585.0
Red,台北101/世貿,2018-03-27,64877.0
Red,信義安和,2018-03-27,36828.0
Red,大安森林公園,2018-03-27,16472.0
Red,東門,2018-03-27,26742.0
Red,大安,2018-03-27,29247.5
Red,中正紀念堂,2018-03-28,35422.0
Red,台大醫院,2018-03-28,54524.0
Red,台北車站,2018-03-28,146212.5
Red,中山,2018-03-28,43812.0
Red,雙連,2018-03-28,48013.0
Red,民權西路,2018-03-28,30597.5
Red,圓山,2018-03-28,54976.0
Red,劍潭,2018-03-28,73037.0
Red,士林,2018-03-28,59487.0
Red,芝山,2018-03-28,48812.0
Red,明德,2018-03-28,27958.0
Red,石牌,2018-03-28,67580.0
Red,唭哩岸,2018-03-28,16449.0
Red,奇岩,2018-03-28,18868.0
Red,北投,2018-03-28,37830.0
Red,新北投,2018-03-28,12250.0
Red,復興崗,2018-03-28,7301.0
Red,忠義,2018-03-28,6257.0
Red,關渡,2018-03-28,28124.0
Red,竹圍,2018-03-28,20562.0
Red,紅樹林,2018-03-28,16520.0
Red,淡水,2018-03-28,79156.0
Red,象山,2018-03-28,24382.0
Red,台北101/世貿,2018-03-28,56309.0
Red,信義安和,2018-03-28,37170.0
Red,大安森林公園,2018-03-28,17172.0
Red,東門,2018-03-28,26952.5
Red,大安,2018-03-28,29559.0
Red,中正紀念堂,2018-03-29,35676.0
Red,台大醫院,2018-03-29,54046.0
Red,台北車站,2018-03-29,148597.0
Red,中山,2018-03-29,44334.0
Red,雙連,2018-03-29,47559.0
Red,民權西路,2018-03-29,30507.5
Red,圓山,2018-03-29,54734.0
Red,劍潭,2018-03-29,73802.0
Red,士林,2018-03-29,60357.0
Red,芝山,2018-03-29,48761.0
Red,明德,2018-03-29,27634.0
Red,石牌,2018-03-29,67262.0
Red,唭哩岸,2018-03-29,15847.0
Red,奇岩,2018-03-29,18930.0
Red,北投,2018-03-29,38169.0
Red,新北投,2018-03-29,12308.0
Red,復興崗,2018-03-29,7782.0
Red,忠義,2018-03-29,6262.0
Red,關渡,2018-03-29,27752.0
Red,竹圍,2018-03-29,19931.0
Red,紅樹林,2018-03-29,15828.0
Red,淡水,2018-03-29,79141.0
Red,象山,2018-03-29,24897.0
Red,台北101/世貿,2018-03-29,58511.0
Red,信義安和,2018-03-29,37583.0
Red,大安森林公園,2018-03-29,17577.0
Red,東門,2018-03-29,27010.0
Red,大安,2018-03-29,29520.0
Red,中正紀念堂,2018-03-30,38739.0
Red,台大醫院,2018-03-30,53581.0
Red,台北車站,2018-03-30,165403.0
Red,中山,2018-03-30,48339.5
Red,雙連,2018-03-30,49376.0
Red,民權西路,2018-03-30,31574.0
Red,圓山,2018-03-30,56292.0
Red,劍潭,2018-03-30,76836.0
Red,士林,2018-03-30,62540.0
Red,芝山,2018-03-30,51451.0
Red,明德,2018-03-30,27454.0
Red,石牌,2018-03-30,68037.0
Red,唭哩岸,2018-03-30,16514.0
Red,奇岩,2018-03-30,19220.0
Red,北投,2018-03-30,39457.0
Red,新北投,2018-03-30,13267.0
Red,復興崗,2018-03-30,7504.0
Red,忠義,2018-03-30,6298.0
Red,關渡,2018-03-30,27908.0
Red,竹圍,2018-03-30,20796.0
Red,紅樹林,2018-03-30,15967.0
Red,淡水,2018-03-30,83480.0
Red,象山,2018-03-30,25061.0
Red,台北101/世貿,2018-03-30,61178.0
Red,信義安和,2018-03-30,38902.0
Red,大安森林公園,2018-03-30,18082.0
Red,東門,2018-03-30,28460.5
Red,大安,2018-03-30,30399.5
Red,中正紀念堂,2018-03-31,37773.5
Red,台大醫院,2018-03-31,34786.0
Red,台北車站,2018-03-31,171512.5
Red,中山,2018-03-31,50554.5
Red,雙連,2018-03-31,43756.0
Red,民權西路,2018-03-31,29719.5
Red,圓山,2018-03-31,58248.0
Red,劍潭,2018-03-31,74776.0
Red,士林,2018-03-31,62767.0
Red,芝山,2018-03-31,49074.0
Red,明德,2018-03-31,24653.0
Red,石牌,2018-03-31,62444.0
Red,唭哩岸,2018-03-31,14180.0
Red,奇岩,2018-03-31,15774.0
Red,北投,2018-03-31,39504.0
Red,新北投,2018-03-31,15576.0
Red,復興崗,2018-03-31,7297.0
Red,忠義,2018-03-31,4241.0
Red,關渡,2018-03-31,21874.0
Red,竹圍,2018-03-31,19589.0
Red,紅樹林,2018-03-31,18192.0
Red,淡水,2018-03-31,86637.0
Red,象山,2018-03-31,25390.0
Red,台北101/世貿,2018-03-31,65923.0
Red,信義安和,2018-03-31,36083.0
Red,大安森林公園,2018-03-31,22827.0
Red,東門,2018-03-31,29535.0
Red,大安,2018-03-31,27712.0
Red,中正紀念堂,2018-04-01,28335.5
Red,台大醫院,2018-04-01,23009.0
Red,台北車站,2018-04-01,165412.5
Red,中山,2018-04-01,40785.5
Red,雙連,2018-04-01,28628.0
Red,民權西路,2018-04-01,23152.0
Red,圓山,2018-04-01,53357.0
Red,劍潭,2018-04-01,64041.0
Red,士林,2018-04-01,50182.0
Red,芝山,2018-04-01,41847.0
Red,明德,2018-04-01,16198.0
Red,石牌,2018-04-01,47640.0
Red,唭哩岸,2018-04-01,10965.0
Red,奇岩,2018-04-01,11644.0
Red,北投,2018-04-01,29871.0
Red,新北投,2018-04-01,13814.0
Red,復興崗,2018-04-01,5743.0
Red,忠義,2018-04-01,3502.0
Red,關渡,2018-04-01,18074.0
Red,竹圍,2018-04-01,16147.0
Red,紅樹林,2018-04-01,17730.0
Red,淡水,2018-04-01,87346.0
Red,象山,2018-04-01,19173.0
Red,台北101/世貿,2018-04-01,50243.0
Red,信義安和,2018-04-01,22294.0
Red,大安森林公園,2018-04-01,27495.0
Red,東門,2018-04-01,23800.0
Red,大安,2018-04-01,14953.5
Red,中正紀念堂,2018-04-02,33126.5
Red,台大醫院,2018-04-02,52358.0
Red,台北車站,2018-04-02,150549.0
Red,中山,2018-04-02,39991.0
Red,雙連,2018-04-02,46275.0
Red,民權西路,2018-04-02,29271.5
Red,圓山,2018-04-02,52373.0
Red,劍潭,2018-04-02,59320.0
Red,士林,2018-04-02,53353.0
Red,芝山,2018-04-02,45002.0
Red,明德,2018-04-02,26801.0
Red,石牌,2018-04-02,65572.0
Red,唭哩岸,2018-04-02,15441.0
Red,奇岩,2018-04-02,18535.0
Red,北投,2018-04-02,36388.0
Red,新北投,2018-04-02,11276.0
Red,復興崗,2018-04-02,6649.0
Red,忠義,2018-04-02,6029.0
Red,關渡,2018-04-02,26321.0
Red,竹圍,2018-04-02,19370.0
Red,紅樹林,2018-04-02,15282.0
Red,淡水,2018-04-02,69394.0
Red,象山,2018-04-02,23174.0
Red,台北101/世貿,2018-04-02,54599.0
Red,信義安和,2018-04-02,35031.0
Red,大安森林公園,2018-04-02,16651.0
Red,東門,2018-04-02,24206.0
Red,大安,2018-04-02,28144.5
Red,中正紀念堂,2018-04-03,37078.0
Red,台大醫院,2018-04-03,52125.0
Red,台北車站,2018-04-03,179015.5
Red,中山,2018-04-03,43768.5
Red,雙連,2018-04-03,47727.0
Red,民權西路,2018-04-03,30379.5
Red,圓山,2018-04-03,57185.0
Red,劍潭,2018-04-03,64014.0
Red,士林,2018-04-03,57273.0
Red,芝山,2018-04-03,48001.0
Red,明德,2018-04-03,27898.0
Red,石牌,2018-04-03,67534.0
Red,唭哩岸,2018-04-03,16063.0
Red,奇岩,2018-04-03,19154.0
Red,北投,2018-04-03,39534.0
Red,新北投,2018-04-03,12733.0
Red,復興崗,2018-04-03,6955.0
Red,忠義,2018-04-03,6024.0
Red,關渡,2018-04-03,28169.0
Red,竹圍,2018-04-03,20004.0
Red,紅樹林,2018-04-03,15701.0
Red,淡水,2018-04-03,70154.0
Red,象山,2018-04-03,24111.0
Red,台北101/世貿,2018-04-03,55966.0
Red,信義安和,2018-04-03,37112.0
Red,大安森林公園,2018-04-03,16695.0
Red,東門,2018-04-03,25267.0
Red,大安,2018-04-03,29029.5
Red,中正紀念堂,2018-04-04,24919.5
Red,台大醫院,2018-04-04,19109.0
Red,台北車站,2018-04-04,175174.5
Red,中山,2018-04-04,40220.0
Red,雙連,2018-04-04,29637.0
Red,民權西路,2018-04-04,20149.0
Red,圓山,2018-04-04,49565.0
Red,劍潭,2018-04-04,74709.0
Red,士林,2018-04-04,53796.0
Red,芝山,2018-04-04,36433.0
Red,明德,2018-04-04,15568.0
Red,石牌,2018-04-04,45335.0
Red,唭哩岸,2018-04-04,10776.0
Red,奇岩,2018-04-04,11970.0
Red,北投,2018-04-04,29672.0
Red,新北投,2018-04-04,14167.0
Red,復興崗,2018-04-04,5323.0
Red,忠義,2018-04-04,4717.0
Red,關渡,2018-04-04,16896.0
Red,竹圍,2018-04-04,15483.0
Red,紅樹林,2018-04-04,16018.0
Red,淡水,2018-04-04,98694.0
Red,象山,2018-04-04,19920.0
Red,台北101/世貿,2018-04-04,46798.0
Red,信義安和,2018-04-04,23286.0
Red,大安森林公園,2018-04-04,15988.0
Red,東門,2018-04-04,21903.0
Red,大安,2018-04-04,14366.0
Red,中正紀念堂,2018-04-05,21914.5
Red,台大醫院,2018-04-05,16479.0
Red,台北車站,2018-04-05,160100.0
Red,中山,2018-04-05,36717.5
Red,雙連,2018-04-05,27618.0
Red,民權西路,2018-04-05,18535.5
Red,圓山,2018-04-05,44112.0
Red,劍潭,2018-04-05,71982.0
Red,士林,2018-04-05,50938.0
Red,芝山,2018-04-05,32964.0
Red,明德,2018-04-05,13135.0
Red,石牌,2018-04-05,39427.0
Red,唭哩岸,2018-04-05,9602.0
Red,奇岩,2018-04-05,10955.0
Red,北投,2018-04-05,26160.0
Red,新北投,2018-04-05,14673.0
Red,復興崗,2018-04-05,4968.0
Red,忠義,2018-04-05,2909.0
Red,關渡,2018-04-05,13893.0
Red,竹圍,2018-04-05,13780.0
Red,紅樹林,2018-04-05,15538.0
Red,淡水,2018-04-05,101154.0
Red,象山,2018-04-05,19399.0
Red,台北101/世貿,2018-04-05,69854.0
Red,信義安和,2018-04-05,21058.0
Red,大安森林公園,2018-04-05,14733.0
Red,東門,2018-04-05,20527.5
Red,大安,2018-04-05,12929.5
Red,中正紀念堂,2018-04-06,26767.5
Red,台大醫院,2018-04-06,34215.0
Red,台北車站,2018-04-06,179313.0
Red,中山,2018-04-06,42831.0
Red,雙連,2018-04-06,39217.0
Red,民權西路,2018-04-06,21811.0
Red,圓山,2018-04-06,46541.0
Red,劍潭,2018-04-06,69461.0
Red,士林,2018-04-06,54514.0
Red,芝山,2018-04-06,38735.0
Red,明德,2018-04-06,18246.0
Red,石牌,2018-04-06,46240.0
Red,唭哩岸,2018-04-06,10705.0
Red,奇岩,2018-04-06,11857.0
Red,北投,2018-04-06,28201.0
Red,新北投,2018-04-06,17370.0
Red,復興崗,2018-04-06,5226.0
Red,忠義,2018-04-06,4247.0
Red,關渡,2018-04-06,15314.0
Red,竹圍,2018-04-06,14679.0
Red,紅樹林,2018-04-06,12045.0
Red,淡水,2018-04-06,81575.0
Red,象山,2018-04-06,16903.0
Red,台北101/世貿,2018-04-06,77096.0
Red,信義安和,2018-04-06,24532.0
Red,大安森林公園,2018-04-06,15387.0
Red,東門,2018-04-06,22314.5
Red,大安,2018-04-06,15807.0
Red,中正紀念堂,2018-04-07,28676.5
Red,台大醫院,2018-04-07,22488.0
Red,台北車站,2018-04-07,178156.0
Red,中山,2018-04-07,43587.5
Red,雙連,2018-04-07,35914.0
Red,民權西路,2018-04-07,21116.5
Red,圓山,2018-04-07,49045.0
Red,劍潭,2018-04-07,69019.0
Red,士林,2018-04-07,51914.0
Red,芝山,2018-04-07,39438.0
Red,明德,2018-04-07,16617.0
Red,石牌,2018-04-07,44656.0
Red,唭哩岸,2018-04-07,11219.0
Red,奇岩,2018-04-07,12332.0
Red,北投,2018-04-07,28976.0
Red,新北投,2018-04-07,16346.0
Red,復興崗,2018-04-07,5604.0
Red,忠義,2018-04-07,3323.0
Red,關渡,2018-04-07,15445.0
Red,竹圍,2018-04-07,15382.0
Red,紅樹林,2018-04-07,12550.0
Red,淡水,2018-04-07,81251.0
Red,象山,2018-04-07,17193.0
Red,台北101/世貿,2018-04-07,75663.0
Red,信義安和,2018-04-07,25036.0
Red,大安森林公園,2018-04-07,21571.0
Red,東門,2018-04-07,22921.5
Red,大安,2018-04-07,16464.0
Red,中正紀念堂,2018-04-08,26936.5
Red,台大醫院,2018-04-08,20063.0
Red,台北車站,2018-04-08,186173.0
Red,中山,2018-04-08,37146.5
Red,雙連,2018-04-08,27986.0
Red,民權西路,2018-04-08,22795.0
Red,圓山,2018-04-08,56957.0
Red,劍潭,2018-04-08,64754.0
Red,士林,2018-04-08,52641.0
Red,芝山,2018-04-08,38344.0
Red,明德,2018-04-08,15045.0
Red,石牌,2018-04-08,44446.0
Red,唭哩岸,2018-04-08,11112.0
Red,奇岩,2018-04-08,11332.0
Red,北投,2018-04-08,29737.0
Red,新北投,2018-04-08,13521.0
Red,復興崗,2018-04-08,5224.0
Red,忠義,2018-04-08,3326.0
Red,關渡,2018-04-08,16606.0
Red,竹圍,2018-04-08,15648.0
Red,紅樹林,2018-04-08,15189.0
Red,淡水,2018-04-08,95288.0
Red,象山,2018-04-08,19410.0
Red,台北101/世貿,2018-04-08,66951.0
Red,信義安和,2018-04-08,21104.0
Red,大安森林公園,2018-04-08,23164.0
Red,東門,2018-04-08,21069.0
Red,大安,2018-04-08,13916.5
Red,中正紀念堂,2018-04-09,31130.0
Red,台大醫院,2018-04-09,52788.0
Red,台北車站,2018-04-09,145175.5
Red,中山,2018-04-09,36795.5
Red,雙連,2018-04-09,44187.0
Red,民權西路,2018-04-09,28885.5
Red,圓山,2018-04-09,53818.0
Red,劍潭,2018-04-09,64641.0
Red,士林,2018-04-09,55676.0
Red,芝山,2018-04-09,46196.0
Red,明德,2018-04-09,27259.0
Red,石牌,2018-04-09,65436.0
Red,唭哩岸,2018-04-09,15367.0
Red,奇岩,2018-04-09,18046.0
Red,北投,2018-04-09,36349.0
Red,新北投,2018-04-09,10384.0
Red,復興崗,2018-04-09,6864.0
Red,忠義,2018-04-09,6070.0
Red,關渡,2018-04-09,26603.0
Red,竹圍,2018-04-09,19589.0
Red,紅樹林,2018-04-09,14416.0
Red,淡水,2018-04-09,71867.0
Red,象山,2018-04-09,23032.0
Red,台北101/世貿,2018-04-09,49263.0
Red,信義安和,2018-04-09,34363.0
Red,大安森林公園,2018-04-09,15650.0
Red,東門,2018-04-09,22537.0
Red,大安,2018-04-09,27983.0
Red,中正紀念堂,2018-04-10,33428.0
Red,台大醫院,2018-04-10,53597.0
Red,台北車站,2018-04-10,136554.0
Red,中山,2018-04-10,39485.0
Red,雙連,2018-04-10,45328.0
Red,民權西路,2018-04-10,29578.0
Red,圓山,2018-04-10,53876.0
Red,劍潭,2018-04-10,65972.0
Red,士林,2018-04-10,58342.0
Red,芝山,2018-04-10,49543.0
Red,明德,2018-04-10,27654.0
Red,石牌,2018-04-10,65854.0
Red,唭哩岸,2018-04-10,16234.0
Red,奇岩,2018-04-10,18902.0
Red,北投,2018-04-10,37617.0
Red,新北投,2018-04-10,10992.0
Red,復興崗,2018-04-10,7143.0
Red,忠義,2018-04-10,6148.0
Red,關渡,2018-04-10,27445.0
Red,竹圍,2018-04-10,19996.0
Red,紅樹林,2018-04-10,14981.0
Red,淡水,2018-04-10,70995.0
Red,象山,2018-04-10,23477.0
Red,台北101/世貿,2018-04-10,50441.0
Red,信義安和,2018-04-10,36192.0
Red,大安森林公園,2018-04-10,16324.0
Red,東門,2018-04-10,23986.0
Red,大安,2018-04-10,28810.0
Red,中正紀念堂,2018-04-11,33921.5
Red,台大醫院,2018-04-11,53791.0
Red,台北車站,2018-04-11,139795.5
Red,中山,2018-04-11,40991.5
Red,雙連,2018-04-11,46526.0
Red,民權西路,2018-04-11,29788.0
Red,圓山,2018-04-11,53407.0
Red,劍潭,2018-04-11,68283.0
Red,士林,2018-04-11,58443.0
Red,芝山,2018-04-11,48550.0
Red,明德,2018-04-11,27580.0
Red,石牌,2018-04-11,67634.0
Red,唭哩岸,2018-04-11,16049.0
Red,奇岩,2018-04-11,18609.0
Red,北投,2018-04-11,37557.0
Red,新北投,2018-04-11,10929.0
Red,復興崗,2018-04-11,7232.0
Red,忠義,2018-04-11,6349.0
Red,關渡,2018-04-11,28002.0
Red,竹圍,2018-04-11,19883.0
Red,紅樹林,2018-04-11,15060.0
Red,淡水,2018-04-11,72499.0
Red,象山,2018-04-11,23576.0
Red,台北101/世貿,2018-04-11,52925.0
Red,信義安和,2018-04-11,36220.0
Red,大安森林公園,2018-04-11,16719.0
Red,東門,2018-04-11,24584.5
Red,大安,2018-04-11,28869.0
Red,中正紀念堂,2018-04-12,34232.5
Red,台大醫院,2018-04-12,53696.0
Red,台北車站,2018-04-12,141309.0
Red,中山,2018-04-12,40818.5
Red,雙連,2018-04-12,45394.0
Red,民權西路,2018-04-12,28998.0
Red,圓山,2018-04-12,51583.0
Red,劍潭,2018-04-12,65280.0
Red,士林,2018-04-12,56974.0
Red,芝山,2018-04-12,47036.0
Red,明德,2018-04-12,27084.0
Red,石牌,2018-04-12,65813.0
Red,唭哩岸,2018-04-12,15940.0
Red,奇岩,2018-04-12,18836.0
Red,北投,2018-04-12,35952.0
Red,新北投,2018-04-12,10837.0
Red,復興崗,2018-04-12,7123.0
Red,忠義,2018-04-12,6153.0
Red,關渡,2018-04-12,27106.0
Red,竹圍,2018-04-12,19381.0
Red,紅樹林,2018-04-12,14534.0
Red,淡水,2018-04-12,69314.0
Red,象山,2018-04-12,22780.0
Red,台北101/世貿,2018-04-12,56943.0
Red,信義安和,2018-04-12,36751.0
Red,大安森林公園,2018-04-12,15958.0
Red,東門,2018-04-12,25051.0
Red,大安,2018-04-12,29271.0
Red,中正紀念堂,2018-04-13,38433.5
Red,台大醫院,2018-04-13,52685.0
Red,台北車站,2018-04-13,175197.5
Red,中山,2018-04-13,48553.0
Red,雙連,2018-04-13,49851.0
Red,民權西路,2018-04-13,31863.5
Red,圓山,2018-04-13,56656.0
Red,劍潭,2018-04-13,78482.0
Red,士林,2018-04-13,63500.0
Red,芝山,2018-04-13,51688.0
Red,明德,2018-04-13,28065.0
Red,石牌,2018-04-13,68646.0
Red,唭哩岸,2018-04-13,16704.0
Red,奇岩,2018-04-13,20017.0
Red,北投,2018-04-13,40106.0
Red,新北投,2018-04-13,12833.0
Red,復興崗,2018-04-13,7203.0
Red,忠義,2018-04-13,6354.0
Red,關渡,2018-04-13,28701.0
Red,竹圍,2018-04-13,20686.0
Red,紅樹林,2018-04-13,15320.0
Red,淡水,2018-04-13,79383.0
Red,象山,2018-04-13,25059.0
Red,台北101/世貿,2018-04-13,65446.0
Red,信義安和,2018-04-13,39645.0
Red,大安森林公園,2018-04-13,17540.0
Red,東門,2018-04-13,28789.0
Red,大安,2018-04-13,30419.0
Red,中正紀念堂,2018-04-14,31878.5
Red,台大醫院,2018-04-14,29839.0
Red,台北車站,2018-04-14,177937.0
Red,中山,2018-04-14,51399.5
Red,雙連,2018-04-14,41699.0
Red,民權西路,2018-04-14,24875.0
Red,圓山,2018-04-14,59036.0
Red,劍潭,2018-04-14,70862.0
Red,士林,2018-04-14,58883.0
Red,芝山,2018-04-14,42114.0
Red,明德,2018-04-14,20591.0
Red,石牌,2018-04-14,53829.0
Red,唭哩岸,2018-04-14,12325.0
Red,奇岩,2018-04-14,13687.0
Red,北投,2018-04-14,32233.0
Red,新北投,2018-04-14,15270.0
Red,復興崗,2018-04-14,6629.0
Red,忠義,2018-04-14,3955.0
Red,關渡,2018-04-14,21704.0
Red,竹圍,2018-04-14,17995.0
Red,紅樹林,2018-04-14,12533.0
Red,淡水,2018-04-14,77413.0
Red,象山,2018-04-14,18863.0
Red,台北101/世貿,2018-04-14,61322.0
Red,信義安和,2018-04-14,29215.0
Red,大安森林公園,2018-04-14,21246.0
Red,東門,2018-04-14,27342.5
Red,大安,2018-04-14,23829.0
Red,中正紀念堂,2018-04-15,29767.5
Red,台大醫院,2018-04-15,23238.0
Red,台北車站,2018-04-15,168337.0
Red,中山,2018-04-15,41580.0
Red,雙連,2018-04-15,30703.0
Red,民權西路,2018-04-15,22669.0
Red,圓山,2018-04-15,54904.0
Red,劍潭,2018-04-15,60514.0
Red,士林,2018-04-15,49488.0
Red,芝山,2018-04-15,36082.0
Red,明德,2018-04-15,15052.0
Red,石牌,2018-04-15,41631.0
Red,唭哩岸,2018-04-15,10441.0
Red,奇岩,2018-04-15,11430.0
Red,北投,2018-04-15,27851.0
Red,新北投,2018-04-15,13207.0
Red,復興崗,2018-04-15,5418.0
Red,忠義,2018-04-15,2957.0
Red,關渡,2018-04-15,15772.0
Red,竹圍,2018-04-15,14526.0
Red,紅樹林,2018-04-15,10203.0
Red,淡水,2018-04-15,71945.0
Red,象山,2018-04-15,15894.0
Red,台北101/世貿,2018-04-15,50644.0
Red,信義安和,2018-04-15,22263.0
Red,大安森林公園,2018-04-15,21535.0
Red,東門,2018-04-15,22915.5
Red,大安,2018-04-15,18463.0
Red,中正紀念堂,2018-04-16,32228.0
Red,台大醫院,2018-04-16,51866.0
Red,台北車站,2018-04-16,142287.5
Red,中山,2018-04-16,38962.0
Red,雙連,2018-04-16,46156.0
Red,民權西路,2018-04-16,29553.5
Red,圓山,2018-04-16,51978.0
Red,劍潭,2018-04-16,64442.0
Red,士林,2018-04-16,54084.0
Red,芝山,2018-04-16,46092.0
Red,明德,2018-04-16,27150.0
Red,石牌,2018-04-16,65059.0
Red,唭哩岸,2018-04-16,15728.0
Red,奇岩,2018-04-16,18405.0
Red,北投,2018-04-16,36601.0
Red,新北投,2018-04-16,11250.0
Red,復興崗,2018-04-16,7117.0
Red,忠義,2018-04-16,6217.0
Red,關渡,2018-04-16,27331.0
Red,竹圍,2018-04-16,19688.0
Red,紅樹林,2018-04-16,14234.0
Red,淡水,2018-04-16,72454.0
Red,象山,2018-04-16,23318.0
Red,台北101/世貿,2018-04-16,54144.0
Red,信義安和,2018-04-16,35556.0
Red,大安森林公園,2018-04-16,15834.0
Red,東門,2018-04-16,24825.5
Red,大安,2018-04-16,26097.0
Red,中正紀念堂,2018-04-17,34222.5
Red,台大醫院,2018-04-17,53248.0
Red,台北車站,2018-04-17,137356.5
Red,中山,2018-04-17,41270.5
Red,雙連,2018-04-17,47307.0
Red,民權西路,2018-04-17,29332.0
Red,圓山,2018-04-17,53362.0
Red,劍潭,2018-04-17,66462.0
Red,士林,2018-04-17,56552.0
Red,芝山,2018-04-17,47581.0
Red,明德,2018-04-17,27157.0
Red,石牌,2018-04-17,65878.0
Red,唭哩岸,2018-04-17,16178.0
Red,奇岩,2018-04-17,19175.0
Red,北投,2018-04-17,37437.0
Red,新北投,2018-04-17,12147.0
Red,復興崗,2018-04-17,7416.0
Red,忠義,2018-04-17,6044.0
Red,關渡,2018-04-17,28114.0
Red,竹圍,2018-04-17,19842.0
Red,紅樹林,2018-04-17,14450.0
Red,淡水,2018-04-17,69739.0
Red,象山,2018-04-17,22910.0
Red,台北101/世貿,2018-04-17,54373.0
Red,信義安和,2018-04-17,36861.0
Red,大安森林公園,2018-04-17,15935.0
Red,東門,2018-04-17,25856.5
Red,大安,2018-04-17,29127.5
Red,中正紀念堂,2018-04-18,35463.5
Red,台大醫院,2018-04-18,53819.0
Red,台北車站,2018-04-18,141506.5
Red,中山,2018-04-18,42112.5
Red,雙連,2018-04-18,47493.0
Red,民權西路,2018-04-18,30294.5
Red,圓山,2018-04-18,55380.0
Red,劍潭,2018-04-18,68550.0
Red,士林,2018-04-18,59033.0
Red,芝山,2018-04-18,48975.0
Red,明德,2018-04-18,27495.0
Red,石牌,2018-04-18,67296.0
Red,唭哩岸,2018-04-18,16105.0
Red,奇岩,2018-04-18,19008.0
Red,北投,2018-04-18,38377.0
Red,新北投,2018-04-18,11804.0
Red,復興崗,2018-04-18,7627.0
Red,忠義,2018-04-18,6128.0
Red,關渡,2018-04-18,28317.0
Red,竹圍,2018-04-18,20474.0
Red,紅樹林,2018-04-18,14893.0
Red,淡水,2018-04-18,75203.0
Red,象山,2018-04-18,23852.0
Red,台北101/世貿,2018-04-18,55846.0
Red,信義安和,2018-04-18,36676.0
Red,大安森林公園,2018-04-18,16969.0
Red,東門,2018-04-18,25795.5
Red,大安,2018-04-18,28883.0
Red,中正紀念堂,2018-04-19,35509.5
Red,台大醫院,2018-04-19,52837.0
Red,台北車站,2018-04-19,145384.0
Red,中山,2018-04-19,43218.5
Red,雙連,2018-04-19,46324.0
Red,民權西路,2018-04-19,30069.0
Red,圓山,2018-04-19,55867.0
Red,劍潭,2018-04-19,70417.0
Red,士林,2018-04-19,59254.0
Red,芝山,2018-04-19,48491.0
Red,明德,2018-04-19,26701.0
Red,石牌,2018-04-19,66066.0
Red,唭哩岸,2018-04-19,16360.0
Red,奇岩,2018-04-19,18982.0
Red,北投,2018-04-19,37862.0
Red,新北投,2018-04-19,11532.0
Red,復興崗,2018-04-19,7419.0
Red,忠義,2018-04-19,6093.0
Red,關渡,2018-04-19,27576.0
Red,竹圍,2018-04-19,20431.0
Red,紅樹林,2018-04-19,14703.0
Red,淡水,2018-04-19,76778.0
Red,象山,2018-04-19,24070.0
Red,台北101/世貿,2018-04-19,59201.0
Red,信義安和,2018-04-19,36805.0
Red,大安森林公園,2018-04-19,16939.0
Red,東門,2018-04-19,27215.5
Red,大安,2018-04-19,29292.0
Red,中正紀念堂,2018-04-20,38300.5
Red,台大醫院,2018-04-20,52825.0
Red,台北車站,2018-04-20,178393.5
Red,中山,2018-04-20,49115.0
Red,雙連,2018-04-20,50761.0
Red,民權西路,2018-04-20,31846.5
Red,圓山,2018-04-20,65304.0
Red,劍潭,2018-04-20,77317.0
Red,士林,2018-04-20,64921.0
Red,芝山,2018-04-20,52885.0
Red,明德,2018-04-20,27970.0
Red,石牌,2018-04-20,68670.0
Red,唭哩岸,2018-04-20,16853.0
Red,奇岩,2018-04-20,19619.0
Red,北投,2018-04-20,40792.0
Red,新北投,2018-04-20,13009.0
Red,復興崗,2018-04-20,7519.0
Red,忠義,2018-04-20,6373.0
Red,關渡,2018-04-20,28250.0
Red,竹圍,2018-04-20,21002.0
Red,紅樹林,2018-04-20,15194.0
Red,淡水,2018-04-20,85127.0
Red,象山,2018-04-20,25361.0
Red,台北101/世貿,2018-04-20,63081.0
Red,信義安和,2018-04-20,39796.0
Red,大安森林公園,2018-04-20,18388.0
Red,東門,2018-04-20,29346.5
Red,大安,2018-04-20,30263.5
Red,中正紀念堂,2018-04-21,35216.0
Red,台大醫院,2018-04-21,31289.0
Red,台北車站,2018-04-21,184408.0
Red,中山,2018-04-21,51550.5
Red,雙連,2018-04-21,43142.0
Red,民權西路,2018-04-21,25473.5
Red,圓山,2018-04-21,77663.0
Red,劍潭,2018-04-21,83089.0
Red,士林,2018-04-21,62363.0
Red,芝山,2018-04-21,45048.0
Red,明德,2018-04-21,20852.0
Red,石牌,2018-04-21,58158.0
Red,唭哩岸,2018-04-21,13425.0
Red,奇岩,2018-04-21,15599.0
Red,北投,2018-04-21,36042.0
Red,新北投,2018-04-21,14718.0
Red,復興崗,2018-04-21,6651.0
Red,忠義,2018-04-21,4613.0
Red,關渡,2018-04-21,21391.0
Red,竹圍,2018-04-21,18928.0
Red,紅樹林,2018-04-21,12406.0
Red,淡水,2018-04-21,96401.0
Red,象山,2018-04-21,21630.0
Red,台北101/世貿,2018-04-21,57816.0
Red,信義安和,2018-04-21,29944.0
Red,大安森林公園,2018-04-21,25393.0
Red,東門,2018-04-21,30108.5
Red,大安,2018-04-21,23782.0
Red,中正紀念堂,2018-04-22,29620.5
Red,台大醫院,2018-04-22,26208.0
Red,台北車站,2018-04-22,184842.0
Red,中山,2018-04-22,40862.0
Red,雙連,2018-04-22,31108.0
Red,民權西路,2018-04-22,24260.0
Red,圓山,2018-04-22,71100.0
Red,劍潭,2018-04-22,69494.0
Red,士林,2018-04-22,49408.0
Red,芝山,2018-04-22,43790.0
Red,明德,2018-04-22,15582.0
Red,石牌,2018-04-22,47908.0
Red,唭哩岸,2018-04-22,12242.0
Red,奇岩,2018-04-22,12595.0
Red,北投,2018-04-22,29865.0
Red,新北投,2018-04-22,13073.0
Red,復興崗,2018-04-22,5530.0
Red,忠義,2018-04-22,3437.0
Red,關渡,2018-04-22,17512.0
Red,竹圍,2018-04-22,16091.0
Red,紅樹林,2018-04-22,11019.0
Red,淡水,2018-04-22,95459.0
Red,象山,2018-04-22,19323.0
Red,台北101/世貿,2018-04-22,54276.0
Red,信義安和,2018-04-22,22360.0
Red,大安森林公園,2018-04-22,24101.0
Red,東門,2018-04-22,24849.5
Red,大安,2018-04-22,16533.5
Red,中正紀念堂,2018-04-23,34144.5
Red,台大醫院,2018-04-23,58733.0
Red,台北車站,2018-04-23,142932.5
Red,中山,2018-04-23,38867.0
Red,雙連,2018-04-23,46494.0
Red,民權西路,2018-04-23,29315.0
Red,圓山,2018-04-23,52317.0
Red,劍潭,2018-04-23,65524.0
Red,士林,2018-04-23,53764.0
Red,芝山,2018-04-23,45708.0
Red,明德,2018-04-23,27230.0
Red,石牌,2018-04-23,64088.0
Red,唭哩岸,2018-04-23,15646.0
Red,奇岩,2018-04-23,18157.0
Red,北投,2018-04-23,33294.0
Red,新北投,2018-04-23,10381.0
Red,復興崗,2018-04-23,6856.0
Red,忠義,2018-04-23,6183.0
Red,關渡,2018-04-23,26805.0
Red,竹圍,2018-04-23,19622.0
Red,紅樹林,2018-04-23,14177.0
Red,淡水,2018-04-23,71925.0
Red,象山,2018-04-23,22523.0
Red,台北101/世貿,2018-04-23,53056.0
Red,信義安和,2018-04-23,35220.0
Red,大安森林公園,2018-04-23,16199.0
Red,東門,2018-04-23,25655.0
Red,大安,2018-04-23,25838.0
Red,中正紀念堂,2018-04-24,35460.0
Red,台大醫院,2018-04-24,58642.0
Red,台北車站,2018-04-24,137975.0
Red,中山,2018-04-24,39681.5
Red,雙連,2018-04-24,46300.0
Red,民權西路,2018-04-24,29225.0
Red,圓山,2018-04-24,52035.0
Red,劍潭,2018-04-24,62338.0
Red,士林,2018-04-24,54748.0
Red,芝山,2018-04-24,46014.0
Red,明德,2018-04-24,27407.0
Red,石牌,2018-04-24,64207.0
Red,唭哩岸,2018-04-24,15904.0
Red,奇岩,2018-04-24,18601.0
Red,北投,2018-04-24,35335.0
Red,新北投,2018-04-24,11216.0
Red,復興崗,2018-04-24,7152.0
Red,忠義,2018-04-24,5956.0
Red,關渡,2018-04-24,27543.0
Red,竹圍,2018-04-24,19264.0
Red,紅樹林,2018-04-24,13939.0
Red,淡水,2018-04-24,66146.0
Red,象山,2018-04-24,21800.0
Red,台北101/世貿,2018-04-24,53769.0
Red,信義安和,2018-04-24,37193.0
Red,大安森林公園,2018-04-24,15839.0
Red,東門,2018-04-24,25417.5
Red,大安,2018-04-24,29087.5
Red,中正紀念堂,2018-04-25,38140.5
Red,台大醫院,2018-04-25,64625.0
Red,台北車站,2018-04-25,146200.5
Red,中山,2018-04-25,42737.0
Red,雙連,2018-04-25,47975.0
Red,民權西路,2018-04-25,30530.5
Red,圓山,2018-04-25,55537.0
Red,劍潭,2018-04-25,68163.0
Red,士林,2018-04-25,57977.0
Red,芝山,2018-04-25,48565.0
Red,明德,2018-04-25,28320.0
Red,石牌,2018-04-25,67056.0
Red,唭哩岸,2018-04-25,16400.0
Red,奇岩,2018-04-25,18759.0
Red,北投,2018-04-25,38335.0
Red,新北投,2018-04-25,11693.0
Red,復興崗,2018-04-25,7489.0
Red,忠義,2018-04-25,6180.0
Red,關渡,2018-04-25,28172.0
Red,竹圍,2018-04-25,20118.0
Red,紅樹林,2018-04-25,14915.0
Red,淡水,2018-04-25,73609.0
Red,象山,2018-04-25,24268.0
Red,台北101/世貿,2018-04-25,57100.0
Red,信義安和,2018-04-25,37471.0
Red,大安森林公園,2018-04-25,17534.0
Red,東門,2018-04-25,27649.5
Red,大安,2018-04-25,30036.5
Red,中正紀念堂,2018-04-26,37763.5
Red,台大醫院,2018-04-26,60560.0
Red,台北車站,2018-04-26,151131.0
Red,中山,2018-04-26,43267.0
Red,雙連,2018-04-26,48171.0
Red,民權西路,2018-04-26,30770.0
Red,圓山,2018-04-26,58791.0
Red,劍潭,2018-04-26,69886.0
Red,士林,2018-04-26,58448.0
Red,芝山,2018-04-26,49675.0
Red,明德,2018-04-26,27969.0
Red,石牌,2018-04-26,65915.0
Red,唭哩岸,2018-04-26,16557.0
Red,奇岩,2018-04-26,18987.0
Red,北投,2018-04-26,38173.0
Red,新北投,2018-04-26,11715.0
Red,復興崗,2018-04-26,7322.0
Red,忠義,2018-04-26,6303.0
Red,關渡,2018-04-26,28185.0
Red,竹圍,2018-04-26,20445.0
Red,紅樹林,2018-04-26,14752.0
Red,淡水,2018-04-26,76960.0
Red,象山,2018-04-26,24718.0
Red,台北101/世貿,2018-04-26,60649.0
Red,信義安和,2018-04-26,37528.0
Red,大安森林公園,2018-04-26,17566.0
Red,東門,2018-04-26,27741.5
Red,大安,2018-04-26,29945.0
Red,中正紀念堂,2018-04-27,38062.0
Red,台大醫院,2018-04-27,55080.0
Red,台北車站,2018-04-27,181867.0
Red,中山,2018-04-27,48731.5
Red,雙連,2018-04-27,50586.0
Red,民權西路,2018-04-27,32501.0
Red,圓山,2018-04-27,63021.0
Red,劍潭,2018-04-27,75012.0
Red,士林,2018-04-27,64309.0
Red,芝山,2018-04-27,52289.0
Red,明德,2018-04-27,28165.0
Red,石牌,2018-04-27,69375.0
Red,唭哩岸,2018-04-27,16726.0
Red,奇岩,2018-04-27,19673.0
Red,北投,2018-04-27,40859.0
Red,新北投,2018-04-27,12626.0
Red,復興崗,2018-04-27,7693.0
Red,忠義,2018-04-27,6269.0
Red,關渡,2018-04-27,28142.0
Red,竹圍,2018-04-27,21089.0
Red,紅樹林,2018-04-27,15346.0
Red,淡水,2018-04-27,80303.0
Red,象山,2018-04-27,25653.0
Red,台北101/世貿,2018-04-27,67266.0
Red,信義安和,2018-04-27,39604.0
Red,大安森林公園,2018-04-27,18733.0
Red,東門,2018-04-27,29214.0
Red,大安,2018-04-27,30869.5
Red,中正紀念堂,2018-04-28,31478.0
Red,台大醫院,2018-04-28,29690.0
Red,台北車站,2018-04-28,182037.5
Red,中山,2018-04-28,50990.5
Red,雙連,2018-04-28,42376.0
Red,民權西路,2018-04-28,25371.5
Red,圓山,2018-04-28,64366.0
Red,劍潭,2018-04-28,79072.0
Red,士林,2018-04-28,58194.0
Red,芝山,2018-04-28,44486.0
Red,明德,2018-04-28,20491.0
Red,石牌,2018-04-28,56386.0
Red,唭哩岸,2018-04-28,13223.0
Red,奇岩,2018-04-28,13658.0
Red,北投,2018-04-28,33787.0
Red,新北投,2018-04-28,16163.0
Red,復興崗,2018-04-28,7058.0
Red,忠義,2018-04-28,4063.0
Red,關渡,2018-04-28,20441.0
Red,竹圍,2018-04-28,19121.0
Red,紅樹林,2018-04-28,12888.0
Red,淡水,2018-04-28,93795.0
Red,象山,2018-04-28,21887.0
Red,台北101/世貿,2018-04-28,63892.0
Red,信義安和,2018-04-28,29416.0
Red,大安森林公園,2018-04-28,26384.0
Red,東門,2018-04-28,28517.5
Red,大安,2018-04-28,19988.0
Red,中正紀念堂,2018-04-29,31787.0
Red,台大醫院,2018-04-29,23604.0
Red,台北車站,2018-04-29,180163.5
Red,中山,2018-04-29,43800.5
Red,雙連,2018-04-29,32752.0
Red,民權西路,2018-04-29,23611.5
Red,圓山,2018-04-29,57289.0
Red,劍潭,2018-04-29,67266.0
Red,士林,2018-04-29,49903.0
Red,芝山,2018-04-29,42980.0
Red,明德,2018-04-29,15754.0
Red,石牌,2018-04-29,45152.0
Red,唭哩岸,2018-04-29,11083.0
Red,奇岩,2018-04-29,11168.0
Red,北投,2018-04-29,29740.0
Red,新北投,2018-04-29,13541.0
Red,復興崗,2018-04-29,5619.0
Red,忠義,2018-04-29,3398.0
Red,關渡,2018-04-29,17318.0
Red,竹圍,2018-04-29,15634.0
Red,紅樹林,2018-04-29,11522.0
Red,淡水,2018-04-29,85621.0
Red,象山,2018-04-29,19421.0
Red,台北101/世貿,2018-04-29,60351.0
Red,信義安和,2018-04-29,22479.0
Red,大安森林公園,2018-04-29,26667.0
Red,東門,2018-04-29,26469.5
Red,大安,2018-04-29,18213.0
Red,中正紀念堂,2018-04-30,34789.5
Red,台大醫院,2018-04-30,52646.0
Red,台北車站,2018-04-30,155495.5
Red,中山,2018-04-30,44712.5
Red,雙連,2018-04-30,48664.0
Red,民權西路,2018-04-30,30009.0
Red,圓山,2018-04-30,54606.0
Red,劍潭,2018-04-30,70926.0
Red,士林,2018-04-30,60622.0
Red,芝山,2018-04-30,46895.0
Red,明德,2018-04-30,26914.0
Red,石牌,2018-04-30,64569.0
Red,唭哩岸,2018-04-30,14466.0
Red,奇岩,2018-04-30,17879.0
Red,北投,2018-04-30,37265.0
Red,新北投,2018-04-30,11642.0
Red,復興崗,2018-04-30,6952.0
Red,忠義,2018-04-30,5507.0
Red,關渡,2018-04-30,24998.0
Red,竹圍,2018-04-30,19678.0
Red,紅樹林,2018-04-30,14176.0
Red,淡水,2018-04-30,77839.0
Red,象山,2018-04-30,23964.0
Red,台北101/世貿,2018-04-30,63639.0
Red,信義安和,2018-04-30,36091.0
Red,大安森林公園,2018-04-30,17102.0
Red,東門,2018-04-30,28436.0
Red,大安,2018-04-30,28144.5
Red,中正紀念堂,2018-05-01,31445.5
Red,台大醫院,2018-05-01,47071.0
Red,台北車站,2018-05-01,141048.5
Red,中山,2018-05-01,43763.5
Red,雙連,2018-05-01,42071.0
Red,民權西路,2018-05-01,24614.0
Red,圓山,2018-05-01,49304.0
Red,劍潭,2018-05-01,68084.0
Red,士林,2018-05-01,55982.0
Red,芝山,2018-05-01,40506.0
Red,明德,2018-05-01,23907.0
Red,石牌,2018-05-01,59899.0
Red,唭哩岸,2018-05-01,12212.0
Red,奇岩,2018-05-01,12546.0
Red,北投,2018-05-01,34409.0
Red,新北投,2018-05-01,13441.0
Red,復興崗,2018-05-01,5855.0
Red,忠義,2018-05-01,5088.0
Red,關渡,2018-05-01,23315.0
Red,竹圍,2018-05-01,18051.0
Red,紅樹林,2018-05-01,11995.0
Red,淡水,2018-05-01,82986.0
Red,象山,2018-05-01,20683.0
Red,台北101/世貿,2018-05-01,45353.0
Red,信義安和,2018-05-01,25670.0
Red,大安森林公園,2018-05-01,16319.0
Red,東門,2018-05-01,26300.5
Red,大安,2018-05-01,21462.5
Red,中正紀念堂,2018-05-02,34714.0
Red,台大醫院,2018-05-02,52737.0
Red,台北車站,2018-05-02,140731.5
Red,中山,2018-05-02,43868.0
Red,雙連,2018-05-02,48492.0
Red,民權西路,2018-05-02,30508.5
Red,圓山,2018-05-02,53263.0
Red,劍潭,2018-05-02,68893.0
Red,士林,2018-05-02,58460.0
Red,芝山,2018-05-02,48088.0
Red,明德,2018-05-02,27496.0
Red,石牌,2018-05-02,65583.0
Red,唭哩岸,2018-05-02,16106.0
Red,奇岩,2018-05-02,18652.0
Red,北投,2018-05-02,37019.0
Red,新北投,2018-05-02,10751.0
Red,復興崗,2018-05-02,7066.0
Red,忠義,2018-05-02,6086.0
Red,關渡,2018-05-02,27145.0
Red,竹圍,2018-05-02,19835.0
Red,紅樹林,2018-05-02,14421.0
Red,淡水,2018-05-02,71618.0
Red,象山,2018-05-02,23745.0
Red,台北101/世貿,2018-05-02,57585.0
Red,信義安和,2018-05-02,36115.0
Red,大安森林公園,2018-05-02,16703.0
Red,東門,2018-05-02,27430.5
Red,大安,2018-05-02,28293.5
Red,中正紀念堂,2018-05-03,35483.0
Red,台大醫院,2018-05-03,53402.0
Red,台北車站,2018-05-03,143524.0
Red,中山,2018-05-03,45525.0
Red,雙連,2018-05-03,48840.0
Red,民權西路,2018-05-03,30416.0
Red,圓山,2018-05-03,52782.0
Red,劍潭,2018-05-03,70417.0
Red,士林,2018-05-03,60040.0
Red,芝山,2018-05-03,48015.0
Red,明德,2018-05-03,27309.0
Red,石牌,2018-05-03,65105.0
Red,唭哩岸,2018-05-03,15966.0
Red,奇岩,2018-05-03,18563.0
Red,北投,2018-05-03,36784.0
Red,新北投,2018-05-03,11668.0
Red,復興崗,2018-05-03,7357.0
Red,忠義,2018-05-03,6338.0
Red,關渡,2018-05-03,27182.0
Red,竹圍,2018-05-03,19590.0
Red,紅樹林,2018-05-03,14546.0
Red,淡水,2018-05-03,69664.0
Red,象山,2018-05-03,23294.0
Red,台北101/世貿,2018-05-03,59995.0
Red,信義安和,2018-05-03,37045.0
Red,大安森林公園,2018-05-03,15904.0
Red,東門,2018-05-03,29157.5
Red,大安,2018-05-03,29621.5
Red,中正紀念堂,2018-05-04,40629.0
Red,台大醫院,2018-05-04,54380.0
Red,台北車站,2018-05-04,183937.5
Red,中山,2018-05-04,52490.5
Red,雙連,2018-05-04,53790.0
Red,民權西路,2018-05-04,33557.5
Red,圓山,2018-05-04,59165.0
Red,劍潭,2018-05-04,77993.0
Red,士林,2018-05-04,66468.0
Red,芝山,2018-05-04,53397.0
Red,明德,2018-05-04,28160.0
Red,石牌,2018-05-04,69673.0
Red,唭哩岸,2018-05-04,16847.0
Red,奇岩,2018-05-04,19912.0
Red,北投,2018-05-04,40992.0
Red,新北投,2018-05-04,13008.0
Red,復興崗,2018-05-04,7660.0
Red,忠義,2018-05-04,6311.0
Red,關渡,2018-05-04,29213.0
Red,竹圍,2018-05-04,21098.0
Red,紅樹林,2018-05-04,15546.0
Red,淡水,2018-05-04,84485.0
Red,象山,2018-05-04,26473.0
Red,台北101/世貿,2018-05-04,82085.0
Red,信義安和,2018-05-04,39867.0
Red,大安森林公園,2018-05-04,18764.0
Red,東門,2018-05-04,32273.5
Red,大安,2018-05-04,31247.0
Red,中正紀念堂,2018-05-05,35615.0
Red,台大醫院,2018-05-05,27834.0
Red,台北車站,2018-05-05,185338.0
Red,中山,2018-05-05,53570.5
Red,雙連,2018-05-05,42306.0
Red,民權西路,2018-05-05,27458.0
Red,圓山,2018-05-05,73569.0
Red,劍潭,2018-05-05,78007.0
Red,士林,2018-05-05,61095.0
Red,芝山,2018-05-05,45185.0
Red,明德,2018-05-05,19818.0
Red,石牌,2018-05-05,54236.0
Red,唭哩岸,2018-05-05,13318.0
Red,奇岩,2018-05-05,13884.0
Red,北投,2018-05-05,34038.0
Red,新北投,2018-05-05,13379.0
Red,復興崗,2018-05-05,6500.0
Red,忠義,2018-05-05,4333.0
Red,關渡,2018-05-05,20412.0
Red,竹圍,2018-05-05,19204.0
Red,紅樹林,2018-05-05,14807.0
Red,淡水,2018-05-05,93006.0
Red,象山,2018-05-05,21309.0
Red,台北101/世貿,2018-05-05,87523.0
Red,信義安和,2018-05-05,29847.0
Red,大安森林公園,2018-05-05,24152.0
Red,東門,2018-05-05,31686.0
Red,大安,2018-05-05,23602.0
Red,中正紀念堂,2018-05-06,33994.0
Red,台大醫院,2018-05-06,22347.0
Red,台北車站,2018-05-06,179851.5
Red,中山,2018-05-06,41807.5
Red,雙連,2018-05-06,30753.0
Red,民權西路,2018-05-06,24489.5
Red,圓山,2018-05-06,52979.0
Red,劍潭,2018-05-06,63907.0
Red,士林,2018-05-06,49768.0
Red,芝山,2018-05-06,43347.0
Red,明德,2018-05-06,16744.0
Red,石牌,2018-05-06,45939.0
Red,唭哩岸,2018-05-06,11597.0
Red,奇岩,2018-05-06,11905.0
Red,北投,2018-05-06,29729.0
Red,新北投,2018-05-06,11638.0
Red,復興崗,2018-05-06,5541.0
Red,忠義,2018-05-06,3756.0
Red,關渡,2018-05-06,16539.0
Red,竹圍,2018-05-06,15605.0
Red,紅樹林,2018-05-06,10758.0
Red,淡水,2018-05-06,83731.0
Red,象山,2018-05-06,18718.0
Red,台北101/世貿,2018-05-06,73480.0
Red,信義安和,2018-05-06,22788.0
Red,大安森林公園,2018-05-06,21650.0
Red,東門,2018-05-06,24466.5
Red,大安,2018-05-06,18753.0
Red,中正紀念堂,2018-05-07,32076.0
Red,台大醫院,2018-05-07,52839.0
Red,台北車站,2018-05-07,145426.0
Red,中山,2018-05-07,39589.5
Red,雙連,2018-05-07,46242.0
Red,民權西路,2018-05-07,29523.5
Red,圓山,2018-05-07,52609.0
Red,劍潭,2018-05-07,65747.0
Red,士林,2018-05-07,57063.0
Red,芝山,2018-05-07,46353.0
Red,明德,2018-05-07,27330.0
Red,石牌,2018-05-07,65382.0
Red,唭哩岸,2018-05-07,15720.0
Red,奇岩,2018-05-07,18277.0
Red,北投,2018-05-07,36496.0
Red,新北投,2018-05-07,10060.0
Red,復興崗,2018-05-07,7087.0
Red,忠義,2018-05-07,5984.0
Red,關渡,2018-05-07,27560.0
Red,竹圍,2018-05-07,19403.0
Red,紅樹林,2018-05-07,14498.0
Red,淡水,2018-05-07,74258.0
Red,象山,2018-05-07,23228.0
Red,台北101/世貿,2018-05-07,72661.0
Red,信義安和,2018-05-07,35720.0
Red,大安森林公園,2018-05-07,15904.0
Red,東門,2018-05-07,24701.5
Red,大安,2018-05-07,27868.0
Red,中正紀念堂,2018-05-08,34011.5
Red,台大醫院,2018-05-08,56177.0
Red,台北車站,2018-05-08,134285.5
Red,中山,2018-05-08,41349.5
Red,雙連,2018-05-08,46681.0
Red,民權西路,2018-05-08,29225.5
Red,圓山,2018-05-08,53247.0
Red,劍潭,2018-05-08,64478.0
Red,士林,2018-05-08,56728.0
Red,芝山,2018-05-08,48126.0
Red,明德,2018-05-08,27330.0
Red,石牌,2018-05-08,65118.0
Red,唭哩岸,2018-05-08,16170.0
Red,奇岩,2018-05-08,19187.0
Red,北投,2018-05-08,36256.0
Red,新北投,2018-05-08,10955.0
Red,復興崗,2018-05-08,7327.0
Red,忠義,2018-05-08,6341.0
Red,關渡,2018-05-08,29006.0
Red,竹圍,2018-05-08,19747.0
Red,紅樹林,2018-05-08,14589.0
Red,淡水,2018-05-08,69867.0
Red,象山,2018-05-08,22624.0
Red,台北101/世貿,2018-05-08,53673.0
Red,信義安和,2018-05-08,37013.0
Red,大安森林公園,2018-05-08,15311.0
Red,東門,2018-05-08,25603.0
Red,大安,2018-05-08,28942.5
Red,中正紀念堂,2018-05-09,34775.0
Red,台大醫院,2018-05-09,59949.0
Red,台北車站,2018-05-09,138260.5
Red,中山,2018-05-09,42253.5
Red,雙連,2018-05-09,47368.0
Red,民權西路,2018-05-09,29546.0
Red,圓山,2018-05-09,54943.0
Red,劍潭,2018-05-09,67326.0
Red,士林,2018-05-09,57391.0
Red,芝山,2018-05-09,49043.0
Red,明德,2018-05-09,27411.0
Red,石牌,2018-05-09,66622.0
Red,唭哩岸,2018-05-09,16493.0
Red,奇岩,2018-05-09,19056.0
Red,北投,2018-05-09,38039.0
Red,新北投,2018-05-09,11410.0
Red,復興崗,2018-05-09,7639.0
Red,忠義,2018-05-09,6296.0
Red,關渡,2018-05-09,27765.0
Red,竹圍,2018-05-09,20045.0
Red,紅樹林,2018-05-09,14764.0
Red,淡水,2018-05-09,71879.0
Red,象山,2018-05-09,23841.0
Red,台北101/世貿,2018-05-09,53862.0
Red,信義安和,2018-05-09,36842.0
Red,大安森林公園,2018-05-09,16582.0
Red,東門,2018-05-09,25682.5
Red,大安,2018-05-09,29128.5
Red,中正紀念堂,2018-05-10,34636.5
Red,台大醫院,2018-05-10,52615.0
Red,台北車站,2018-05-10,144473.0
Red,中山,2018-05-10,43947.5
Red,雙連,2018-05-10,46302.0
Red,民權西路,2018-05-10,30518.0
Red,圓山,2018-05-10,56547.0
Red,劍潭,2018-05-10,70751.0
Red,士林,2018-05-10,59224.0
Red,芝山,2018-05-10,49190.0
Red,明德,2018-05-10,27196.0
Red,石牌,2018-05-10,66201.0
Red,唭哩岸,2018-05-10,16307.0
Red,奇岩,2018-05-10,19320.0
Red,北投,2018-05-10,37766.0
Red,新北投,2018-05-10,11287.0
Red,復興崗,2018-05-10,7479.0
Red,忠義,2018-05-10,6270.0
Red,關渡,2018-05-10,27545.0
Red,竹圍,2018-05-10,19894.0
Red,紅樹林,2018-05-10,14885.0
Red,淡水,2018-05-10,76867.0
Red,象山,2018-05-10,24990.0
Red,台北101/世貿,2018-05-10,57294.0
Red,信義安和,2018-05-10,37369.0
Red,大安森林公園,2018-05-10,16498.0
Red,東門,2018-05-10,26316.0
Red,大安,2018-05-10,29338.0
Red,中正紀念堂,2018-05-11,38504.5
Red,台大醫院,2018-05-11,53556.0
Red,台北車站,2018-05-11,189485.5
Red,中山,2018-05-11,49294.0
Red,雙連,2018-05-11,49313.0
Red,民權西路,2018-05-11,32892.0
Red,圓山,2018-05-11,61463.0
Red,劍潭,2018-05-11,77725.0
Red,士林,2018-05-11,64692.0
Red,芝山,2018-05-11,53047.0
Red,明德,2018-05-11,28192.0
Red,石牌,2018-05-11,69090.0
Red,唭哩岸,2018-05-11,17007.0
Red,奇岩,2018-05-11,20552.0
Red,北投,2018-05-11,41240.0
Red,新北投,2018-05-11,12224.0
Red,復興崗,2018-05-11,7809.0
Red,忠義,2018-05-11,6427.0
Red,關渡,2018-05-11,29615.0
Red,竹圍,2018-05-11,21443.0
Red,紅樹林,2018-05-11,15255.0
Red,淡水,2018-05-11,84650.0
Red,象山,2018-05-11,25311.0
Red,台北101/世貿,2018-05-11,65201.0
Red,信義安和,2018-05-11,39898.0
Red,大安森林公園,2018-05-11,18039.0
Red,東門,2018-05-11,29832.5
Red,大安,2018-05-11,31460.5
Red,中正紀念堂,2018-05-12,29083.0
Red,台大醫院,2018-05-12,26202.0
Red,台北車站,2018-05-12,172748.5
Red,中山,2018-05-12,48712.0
Red,雙連,2018-05-12,39529.0
Red,民權西路,2018-05-12,23909.5
Red,圓山,2018-05-12,58115.0
Red,劍潭,2018-05-12,70664.0
Red,士林,2018-05-12,53904.0
Red,芝山,2018-05-12,43626.0
Red,明德,2018-05-12,19678.0
Red,石牌,2018-05-12,51788.0
Red,唭哩岸,2018-05-12,12795.0
Red,奇岩,2018-05-12,13462.0
Red,北投,2018-05-12,32062.0
Red,新北投,2018-05-12,11961.0
Red,復興崗,2018-05-12,6416.0
Red,忠義,2018-05-12,4127.0
Red,關渡,2018-05-12,18781.0
Red,竹圍,2018-05-12,18002.0
Red,紅樹林,2018-05-12,12095.0
Red,淡水,2018-05-12,82878.0
Red,象山,2018-05-12,19320.0
Red,台北101/世貿,2018-05-12,53366.0
Red,信義安和,2018-05-12,28538.0
Red,大安森林公園,2018-05-12,21775.0
Red,東門,2018-05-12,27030.0
Red,大安,2018-05-12,19795.5
Red,中正紀念堂,2018-05-13,39387.0
Red,台大醫院,2018-05-13,21585.0
Red,台北車站,2018-05-13,174798.5
Red,中山,2018-05-13,39627.0
Red,雙連,2018-05-13,28656.0
Red,民權西路,2018-05-13,21613.0
Red,圓山,2018-05-13,53026.0
Red,劍潭,2018-05-13,57588.0
Red,士林,2018-05-13,44464.0
Red,芝山,2018-05-13,40737.0
Red,明德,2018-05-13,15437.0
Red,石牌,2018-05-13,43623.0
Red,唭哩岸,2018-05-13,11107.0
Red,奇岩,2018-05-13,11295.0
Red,北投,2018-05-13,28444.0
Red,新北投,2018-05-13,10404.0
Red,復興崗,2018-05-13,5167.0
Red,忠義,2018-05-13,3236.0
Red,關渡,2018-05-13,15871.0
Red,竹圍,2018-05-13,15146.0
Red,紅樹林,2018-05-13,10661.0
Red,淡水,2018-05-13,80584.0
Red,象山,2018-05-13,17004.0
Red,台北101/世貿,2018-05-13,45659.0
Red,信義安和,2018-05-13,21451.0
Red,大安森林公園,2018-05-13,19789.0
Red,東門,2018-05-13,22668.5
Red,大安,2018-05-13,14588.5
Red,中正紀念堂,2018-05-14,31830.5
Red,台大醫院,2018-05-14,51719.0
Red,台北車站,2018-05-14,149282.5
Red,中山,2018-05-14,38873.0
Red,雙連,2018-05-14,45555.0
Red,民權西路,2018-05-14,29117.0
Red,圓山,2018-05-14,54847.0
Red,劍潭,2018-05-14,65202.0
Red,士林,2018-05-14,54968.0
Red,芝山,2018-05-14,46138.0
Red,明德,2018-05-14,26264.0
Red,石牌,2018-05-14,64328.0
Red,唭哩岸,2018-05-14,15514.0
Red,奇岩,2018-05-14,18180.0
Red,北投,2018-05-14,36461.0
Red,新北投,2018-05-14,9855.0
Red,復興崗,2018-05-14,7197.0
Red,忠義,2018-05-14,5952.0
Red,關渡,2018-05-14,26750.0
Red,竹圍,2018-05-14,19661.0
Red,紅樹林,2018-05-14,14479.0
Red,淡水,2018-05-14,73237.0
Red,象山,2018-05-14,23322.0
Red,台北101/世貿,2018-05-14,57817.0
Red,信義安和,2018-05-14,35928.0
Red,大安森林公園,2018-05-14,15666.0
Red,東門,2018-05-14,24721.0
Red,大安,2018-05-14,27666.5
Red,中正紀念堂,2018-05-15,33918.0
Red,台大醫院,2018-05-15,52873.0
Red,台北車站,2018-05-15,137393.5
Red,中山,2018-05-15,41579.5
Red,雙連,2018-05-15,46322.0
Red,民權西路,2018-05-15,29267.0
Red,圓山,2018-05-15,54121.0
Red,劍潭,2018-05-15,65842.0
Red,士林,2018-05-15,56902.0
Red,芝山,2018-05-15,46913.0
Red,明德,2018-05-15,27139.0
Red,石牌,2018-05-15,65281.0
Red,唭哩岸,2018-05-15,15814.0
Red,奇岩,2018-05-15,19534.0
Red,北投,2018-05-15,37020.0
Red,新北投,2018-05-15,10441.0
Red,復興崗,2018-05-15,7273.0
Red,忠義,2018-05-15,6133.0
Red,關渡,2018-05-15,27229.0
Red,竹圍,2018-05-15,19641.0
Red,紅樹林,2018-05-15,14326.0
Red,淡水,2018-05-15,72179.0
Red,象山,2018-05-15,23501.0
Red,台北101/世貿,2018-05-15,54126.0
Red,信義安和,2018-05-15,35906.0
Red,大安森林公園,2018-05-15,15989.0
Red,東門,2018-05-15,25519.5
Red,大安,2018-05-15,28312.5
Red,中正紀念堂,2018-05-16,33905.0
Red,台大醫院,2018-05-16,52918.0
Red,台北車站,2018-05-16,138715.5
Red,中山,2018-05-16,41162.0
Red,雙連,2018-05-16,48299.0
Red,民權西路,2018-05-16,29063.5
Red,圓山,2018-05-16,53383.0
Red,劍潭,2018-05-16,66805.0
Red,士林,2018-05-16,56683.0
Red,芝山,2018-05-16,47476.0
Red,明德,2018-05-16,26872.0
Red,石牌,2018-05-16,65805.0
Red,唭哩岸,2018-05-16,15856.0
Red,奇岩,2018-05-16,18646.0
Red,北投,2018-05-16,37059.0
Red,新北投,2018-05-16,10072.0
Red,復興崗,2018-05-16,7496.0
Red,忠義,2018-05-16,6057.0
Red,關渡,2018-05-16,27930.0
Red,竹圍,2018-05-16,19928.0
Red,紅樹林,2018-05-16,14857.0
Red,淡水,2018-05-16,71277.0
Red,象山,2018-05-16,23155.0
Red,台北101/世貿,2018-05-16,54244.0
Red,信義安和,2018-05-16,36325.0
Red,大安森林公園,2018-05-16,16329.0
Red,東門,2018-05-16,25862.5
Red,大安,2018-05-16,28187.5
Red,中正紀念堂,2018-05-17,33635.5
Red,台大醫院,2018-05-17,52535.0
Red,台北車站,2018-05-17,143870.5
Red,中山,2018-05-17,41925.0
Red,雙連,2018-05-17,47595.0
Red,民權西路,2018-05-17,28976.5
Red,圓山,2018-05-17,52361.0
Red,劍潭,2018-05-17,68130.0
Red,士林,2018-05-17,57160.0
Red,芝山,2018-05-17,47046.0
Red,明德,2018-05-17,26832.0
Red,石牌,2018-05-17,65265.0
Red,唭哩岸,2018-05-17,15941.0
Red,奇岩,2018-05-17,18895.0
Red,北投,2018-05-17,36848.0
Red,新北投,2018-05-17,10765.0
Red,復興崗,2018-05-17,7315.0
Red,忠義,2018-05-17,5896.0
Red,關渡,2018-05-17,27529.0
Red,竹圍,2018-05-17,19723.0
Red,紅樹林,2018-05-17,14908.0
Red,淡水,2018-05-17,72938.0
Red,象山,2018-05-17,24351.0
Red,台北101/世貿,2018-05-17,58933.0
Red,信義安和,2018-05-17,36933.0
Red,大安森林公園,2018-05-17,16626.0
Red,東門,2018-05-17,26534.5
Red,大安,2018-05-17,28710.5
Red,中正紀念堂,2018-05-18,37815.0
Red,台大醫院,2018-05-18,55024.0
Red,台北車站,2018-05-18,182623.5
Red,中山,2018-05-18,48469.0
Red,雙連,2018-05-18,53292.0
Red,民權西路,2018-05-18,32676.0
Red,圓山,2018-05-18,57624.0
Red,劍潭,2018-05-18,77442.0
Red,士林,2018-05-18,66673.0
Red,芝山,2018-05-18,52959.0
Red,明德,2018-05-18,27907.0
Red,石牌,2018-05-18,68253.0
Red,唭哩岸,2018-05-18,16776.0
Red,奇岩,2018-05-18,19412.0
Red,北投,2018-05-18,40423.0
Red,新北投,2018-05-18,11825.0
Red,復興崗,2018-05-18,7750.0
Red,忠義,2018-05-18,6185.0
Red,關渡,2018-05-18,28553.0
Red,竹圍,2018-05-18,20852.0
Red,紅樹林,2018-05-18,14816.0
Red,淡水,2018-05-18,83201.0
Red,象山,2018-05-18,26415.0
Red,台北101/世貿,2018-05-18,67859.0
Red,信義安和,2018-05-18,40655.0
Red,大安森林公園,2018-05-18,17875.0
Red,東門,2018-05-18,29393.0
Red,大安,2018-05-18,31168.0
Red,中正紀念堂,2018-05-19,31758.5
Red,台大醫院,2018-05-19,28695.0
Red,台北車站,2018-05-19,183312.0
Red,中山,2018-05-19,49961.5
Red,雙連,2018-05-19,40650.0
Red,民權西路,2018-05-19,25324.0
Red,圓山,2018-05-19,69952.0
Red,劍潭,2018-05-19,78534.0
Red,士林,2018-05-19,58337.0
Red,芝山,2018-05-19,46404.0
Red,明德,2018-05-19,20178.0
Red,石牌,2018-05-19,55743.0
Red,唭哩岸,2018-05-19,12776.0
Red,奇岩,2018-05-19,14398.0
Red,北投,2018-05-19,33371.0
Red,新北投,2018-05-19,12888.0
Red,復興崗,2018-05-19,6399.0
Red,忠義,2018-05-19,3748.0
Red,關渡,2018-05-19,19302.0
Red,竹圍,2018-05-19,17569.0
Red,紅樹林,2018-05-19,12244.0
Red,淡水,2018-05-19,88929.0
Red,象山,2018-05-19,20272.0
Red,台北101/世貿,2018-05-19,61493.0
Red,信義安和,2018-05-19,29624.0
Red,大安森林公園,2018-05-19,25533.0
Red,東門,2018-05-19,29482.0
Red,大安,2018-05-19,22253.5
Red,中正紀念堂,2018-05-20,29004.5
Red,台大醫院,2018-05-20,23473.0
Red,台北車站,2018-05-20,183012.5
Red,中山,2018-05-20,43776.5
Red,雙連,2018-05-20,30516.0
Red,民權西路,2018-05-20,24080.0
Red,圓山,2018-05-20,61432.0
Red,劍潭,2018-05-20,67928.0
Red,士林,2018-05-20,49612.0
Red,芝山,2018-05-20,44481.0
Red,明德,2018-05-20,16024.0
Red,石牌,2018-05-20,45803.0
Red,唭哩岸,2018-05-20,10815.0
Red,奇岩,2018-05-20,11843.0
Red,北投,2018-05-20,30290.0
Red,新北投,2018-05-20,11849.0
Red,復興崗,2018-05-20,5896.0
Red,忠義,2018-05-20,3157.0
Red,關渡,2018-05-20,16015.0
Red,竹圍,2018-05-20,15423.0
Red,紅樹林,2018-05-20,10207.0
Red,淡水,2018-05-20,82812.0
Red,象山,2018-05-20,18502.0
Red,台北101/世貿,2018-05-20,57134.0
Red,信義安和,2018-05-20,23006.0
Red,大安森林公園,2018-05-20,20485.0
Red,東門,2018-05-20,26040.0
Red,大安,2018-05-20,17677.0
Red,中正紀念堂,2018-05-21,32158.0
Red,台大醫院,2018-05-21,52737.0
Red,台北車站,2018-05-21,146857.5
Red,中山,2018-05-21,38796.5
Red,雙連,2018-05-21,45675.0
Red,民權西路,2018-05-21,28782.0
Red,圓山,2018-05-21,50830.0
Red,劍潭,2018-05-21,66467.0
Red,士林,2018-05-21,55269.0
Red,芝山,2018-05-21,45251.0
Red,明德,2018-05-21,26382.0
Red,石牌,2018-05-21,64107.0
Red,唭哩岸,2018-05-21,15152.0
Red,奇岩,2018-05-21,17901.0
Red,北投,2018-05-21,36846.0
Red,新北投,2018-05-21,10397.0
Red,復興崗,2018-05-21,7173.0
Red,忠義,2018-05-21,5922.0
Red,關渡,2018-05-21,25682.0
Red,竹圍,2018-05-21,18907.0
Red,紅樹林,2018-05-21,14156.0
Red,淡水,2018-05-21,72789.0
Red,象山,2018-05-21,22924.0
Red,台北101/世貿,2018-05-21,58521.0
Red,信義安和,2018-05-21,35490.0
Red,大安森林公園,2018-05-21,15324.0
Red,東門,2018-05-21,25472.5
Red,大安,2018-05-21,27757.5
Red,中正紀念堂,2018-05-22,34982.5
Red,台大醫院,2018-05-22,54186.0
Red,台北車站,2018-05-22,139395.0
Red,中山,2018-05-22,40519.0
Red,雙連,2018-05-22,46826.0
Red,民權西路,2018-05-22,29354.5
Red,圓山,2018-05-22,53158.0
Red,劍潭,2018-05-22,66956.0
Red,士林,2018-05-22,56464.0
Red,芝山,2018-05-22,46865.0
Red,明德,2018-05-22,26507.0
Red,石牌,2018-05-22,64360.0
Red,唭哩岸,2018-05-22,15664.0
Red,奇岩,2018-05-22,19059.0
Red,北投,2018-05-22,37526.0
Red,新北投,2018-05-22,10541.0
Red,復興崗,2018-05-22,7280.0
Red,忠義,2018-05-22,6136.0
Red,關渡,2018-05-22,27163.0
Red,竹圍,2018-05-22,19392.0
Red,紅樹林,2018-05-22,14502.0
Red,淡水,2018-05-22,72074.0
Red,象山,2018-05-22,23821.0
Red,台北101/世貿,2018-05-22,54570.0
Red,信義安和,2018-05-22,36636.0
Red,大安森林公園,2018-05-22,16585.0
Red,東門,2018-05-22,26327.5
Red,大安,2018-05-22,28851.5
Red,中正紀念堂,2018-05-23,33854.0
Red,台大醫院,2018-05-23,52076.0
Red,台北車站,2018-05-23,139768.0
Red,中山,2018-05-23,40705.5
Red,雙連,2018-05-23,46285.0
Red,民權西路,2018-05-23,29194.5
Red,圓山,2018-05-23,53721.0
Red,劍潭,2018-05-23,67589.0
Red,士林,2018-05-23,56948.0
Red,芝山,2018-05-23,47055.0
Red,明德,2018-05-23,26442.0
Red,石牌,2018-05-23,64614.0
Red,唭哩岸,2018-05-23,15774.0
Red,奇岩,2018-05-23,18285.0
Red,北投,2018-05-23,37160.0
Red,新北投,2018-05-23,10546.0
Red,復興崗,2018-05-23,7287.0
Red,忠義,2018-05-23,5965.0
Red,關渡,2018-05-23,27338.0
Red,竹圍,2018-05-23,19386.0
Red,紅樹林,2018-05-23,14506.0
Red,淡水,2018-05-23,70935.0
Red,象山,2018-05-23,23076.0
Red,台北101/世貿,2018-05-23,58883.0
Red,信義安和,2018-05-23,36483.0
Red,大安森林公園,2018-05-23,16050.0
Red,東門,2018-05-23,25872.0
Red,大安,2018-05-23,28380.5
Red,中正紀念堂,2018-05-24,34845.0
Red,台大醫院,2018-05-24,53614.0
Red,台北車站,2018-05-24,148397.5
Red,中山,2018-05-24,41813.0
Red,雙連,2018-05-24,46544.0
Red,民權西路,2018-05-24,30372.5
Red,圓山,2018-05-24,54095.0
Red,劍潭,2018-05-24,71908.0
Red,士林,2018-05-24,57791.0
Red,芝山,2018-05-24,48016.0
Red,明德,2018-05-24,26875.0
Red,石牌,2018-05-24,66011.0
Red,唭哩岸,2018-05-24,15790.0
Red,奇岩,2018-05-24,19188.0
Red,北投,2018-05-24,37629.0
Red,新北投,2018-05-24,10408.0
Red,復興崗,2018-05-24,7159.0
Red,忠義,2018-05-24,6097.0
Red,關渡,2018-05-24,27187.0
Red,竹圍,2018-05-24,19446.0
Red,紅樹林,2018-05-24,14655.0
Red,淡水,2018-05-24,74495.0
Red,象山,2018-05-24,24233.0
Red,台北101/世貿,2018-05-24,65390.0
Red,信義安和,2018-05-24,37291.0
Red,大安森林公園,2018-05-24,16791.0
Red,東門,2018-05-24,27029.0
Red,大安,2018-05-24,28834.5
Red,中正紀念堂,2018-05-25,37384.5
Red,台大醫院,2018-05-25,55890.0
Red,台北車站,2018-05-25,189103.0
Red,中山,2018-05-25,48643.0
Red,雙連,2018-05-25,51391.0
Red,民權西路,2018-05-25,32247.5
Red,圓山,2018-05-25,57187.0
Red,劍潭,2018-05-25,76046.0
Red,士林,2018-05-25,64786.0
Red,芝山,2018-05-25,51603.0
Red,明德,2018-05-25,27298.0
Red,石牌,2018-05-25,68759.0
Red,唭哩岸,2018-05-25,16438.0
Red,奇岩,2018-05-25,19344.0
Red,北投,2018-05-25,40255.0
Red,新北投,2018-05-25,12119.0
Red,復興崗,2018-05-25,7762.0
Red,忠義,2018-05-25,6476.0
Red,關渡,2018-05-25,28253.0
Red,竹圍,2018-05-25,20826.0
Red,紅樹林,2018-05-25,15505.0
Red,淡水,2018-05-25,84014.0
Red,象山,2018-05-25,25871.0
Red,台北101/世貿,2018-05-25,81807.0
Red,信義安和,2018-05-25,41428.0
Red,大安森林公園,2018-05-25,18414.0
Red,東門,2018-05-25,29846.5
Red,大安,2018-05-25,29967.0
Red,中正紀念堂,2018-05-26,30954.0
Red,台大醫院,2018-05-26,29086.0
Red,台北車站,2018-05-26,206534.5
Red,中山,2018-05-26,52635.0
Red,雙連,2018-05-26,44132.0
Red,民權西路,2018-05-26,26368.0
Red,圓山,2018-05-26,77208.0
Red,劍潭,2018-05-26,81832.0
Red,士林,2018-05-26,61612.0
Red,芝山,2018-05-26,45328.0
Red,明德,2018-05-26,20670.0
Red,石牌,2018-05-26,59100.0
Red,唭哩岸,2018-05-26,13386.0
Red,奇岩,2018-05-26,14257.0
Red,北投,2018-05-26,37081.0
Red,新北投,2018-05-26,15462.0
Red,復興崗,2018-05-26,7110.0
Red,忠義,2018-05-26,4198.0
Red,關渡,2018-05-26,19766.0
Red,竹圍,2018-05-26,18197.0
Red,紅樹林,2018-05-26,12296.0
Red,淡水,2018-05-26,90801.0
Red,象山,2018-05-26,22785.0
Red,台北101/世貿,2018-05-26,106494.0
Red,信義安和,2018-05-26,31139.0
Red,大安森林公園,2018-05-26,22384.0
Red,東門,2018-05-26,29494.0
Red,大安,2018-05-26,21357.0
Red,中正紀念堂,2018-05-27,29247.0
Red,台大醫院,2018-05-27,24517.0
Red,台北車站,2018-05-27,193310.5
Red,中山,2018-05-27,43319.0
Red,雙連,2018-05-27,31608.0
Red,民權西路,2018-05-27,23432.5
Red,圓山,2018-05-27,49714.0
Red,劍潭,2018-05-27,64757.0
Red,士林,2018-05-27,47862.0
Red,芝山,2018-05-27,42678.0
Red,明德,2018-05-27,15097.0
Red,石牌,2018-05-27,46936.0
Red,唭哩岸,2018-05-27,10774.0
Red,奇岩,2018-05-27,11602.0
Red,北投,2018-05-27,30074.0
Red,新北投,2018-05-27,10784.0
Red,復興崗,2018-05-27,5529.0
Red,忠義,2018-05-27,3111.0
Red,關渡,2018-05-27,16016.0
Red,竹圍,2018-05-27,14894.0
Red,紅樹林,2018-05-27,10516.0
Red,淡水,2018-05-27,81851.0
Red,象山,2018-05-27,18749.0
Red,台北101/世貿,2018-05-27,87883.0
Red,信義安和,2018-05-27,23574.0
Red,大安森林公園,2018-05-27,20886.0
Red,東門,2018-05-27,24979.0
Red,大安,2018-05-27,16065.0
Red,中正紀念堂,2018-05-28,32045.0
Red,台大醫院,2018-05-28,53406.0
Red,台北車站,2018-05-28,154041.0
Red,中山,2018-05-28,39369.0
Red,雙連,2018-05-28,45553.0
Red,民權西路,2018-05-28,28902.0
Red,圓山,2018-05-28,52154.0
Red,劍潭,2018-05-28,64449.0
Red,士林,2018-05-28,55786.0
Red,芝山,2018-05-28,45217.0
Red,明德,2018-05-28,26497.0
Red,石牌,2018-05-28,64157.0
Red,唭哩岸,2018-05-28,15295.0
Red,奇岩,2018-05-28,17871.0
Red,北投,2018-05-28,35149.0
Red,新北投,2018-05-28,9002.0
Red,復興崗,2018-05-28,7229.0
Red,忠義,2018-05-28,5767.0
Red,關渡,2018-05-28,26318.0
Red,竹圍,2018-05-28,19183.0
Red,紅樹林,2018-05-28,14133.0
Red,淡水,2018-05-28,72510.0
Red,象山,2018-05-28,23625.0
Red,台北101/世貿,2018-05-28,81446.0
Red,信義安和,2018-05-28,36162.0
Red,大安森林公園,2018-05-28,15350.0
Red,東門,2018-05-28,25280.0
Red,大安,2018-05-28,27977.0
Red,中正紀念堂,2018-05-29,33319.0
Red,台大醫院,2018-05-29,54879.0
Red,台北車站,2018-05-29,141536.5
Red,中山,2018-05-29,39455.5
Red,雙連,2018-05-29,46200.0
Red,民權西路,2018-05-29,28887.5
Red,圓山,2018-05-29,52909.0
Red,劍潭,2018-05-29,64459.0
Red,士林,2018-05-29,55449.0
Red,芝山,2018-05-29,47093.0
Red,明德,2018-05-29,26694.0
Red,石牌,2018-05-29,63446.0
Red,唭哩岸,2018-05-29,15744.0
Red,奇岩,2018-05-29,18710.0
Red,北投,2018-05-29,36786.0
Red,新北投,2018-05-29,10032.0
Red,復興崗,2018-05-29,7135.0
Red,忠義,2018-05-29,5980.0
Red,關渡,2018-05-29,26879.0
Red,竹圍,2018-05-29,19278.0
Red,紅樹林,2018-05-29,14465.0
Red,淡水,2018-05-29,69163.0
Red,象山,2018-05-29,22979.0
Red,台北101/世貿,2018-05-29,58084.0
Red,信義安和,2018-05-29,37039.0
Red,大安森林公園,2018-05-29,16229.0
Red,東門,2018-05-29,25334.0
Red,大安,2018-05-29,28408.0
Red,中正紀念堂,2018-05-30,34582.0
Red,台大醫院,2018-05-30,53288.0
Red,台北車站,2018-05-30,139303.0
Red,中山,2018-05-30,40457.5
Red,雙連,2018-05-30,46058.0
Red,民權西路,2018-05-30,29244.0
Red,圓山,2018-05-30,52831.0
Red,劍潭,2018-05-30,66022.0
Red,士林,2018-05-30,56323.0
Red,芝山,2018-05-30,47320.0
Red,明德,2018-05-30,26532.0
Red,石牌,2018-05-30,65138.0
Red,唭哩岸,2018-05-30,15827.0
Red,奇岩,2018-05-30,18868.0
Red,北投,2018-05-30,36856.0
Red,新北投,2018-05-30,9896.0
Red,復興崗,2018-05-30,7241.0
Red,忠義,2018-05-30,5967.0
Red,關渡,2018-05-30,27196.0
Red,竹圍,2018-05-30,19262.0
Red,紅樹林,2018-05-30,14150.0
Red,淡水,2018-05-30,70711.0
Red,象山,2018-05-30,23534.0
Red,台北101/世貿,2018-05-30,53584.0
Red,信義安和,2018-05-30,36586.0
Red,大安森林公園,2018-05-30,16381.0
Red,東門,2018-05-30,25747.5
Red,大安,2018-05-30,28475.0
Red,中正紀念堂,2018-05-31,34341.5
Red,台大醫院,2018-05-31,53377.0
Red,台北車站,2018-05-31,140572.0
Red,中山,2018-05-31,41515.5
Red,雙連,2018-05-31,45472.0
Red,民權西路,2018-05-31,29281.0
Red,圓山,2018-05-31,53977.0
Red,劍潭,2018-05-31,65882.0
Red,士林,2018-05-31,57324.0
Red,芝山,2018-05-31,47303.0
Red,明德,2018-05-31,26858.0
Red,石牌,2018-05-31,64738.0
Red,唭哩岸,2018-05-31,15759.0
Red,奇岩,2018-05-31,18841.0
Red,北投,2018-05-31,37062.0
Red,新北投,2018-05-31,9559.0
Red,復興崗,2018-05-31,7126.0
Red,忠義,2018-05-31,5939.0
Red,關渡,2018-05-31,27392.0
Red,竹圍,2018-05-31,19371.0
Red,紅樹林,2018-05-31,14238.0
Red,淡水,2018-05-31,71772.0
Red,象山,2018-05-31,23258.0
Red,台北101/世貿,2018-05-31,57281.0
Red,信義安和,2018-05-31,37282.0
Red,大安森林公園,2018-05-31,16273.0
Red,東門,2018-05-31,26011.0
Red,大安,2018-05-31,28852.0
Red,中正紀念堂,2018-06-01,39777.0
Red,台大醫院,2018-06-01,54553.0
Red,台北車站,2018-06-01,175031.5
Red,中山,2018-06-01,46488.0
Red,雙連,2018-06-01,49582.0
Red,民權西路,2018-06-01,31857.0
Red,圓山,2018-06-01,61053.0
Red,劍潭,2018-06-01,75237.0
Red,士林,2018-06-01,63873.0
Red,芝山,2018-06-01,52272.0
Red,明德,2018-06-01,27736.0
Red,石牌,2018-06-01,70278.0
Red,唭哩岸,2018-06-01,16700.0
Red,奇岩,2018-06-01,19512.0
Red,北投,2018-06-01,40420.0
Red,新北投,2018-06-01,11255.0
Red,復興崗,2018-06-01,7752.0
Red,忠義,2018-06-01,6230.0
Red,關渡,2018-06-01,28324.0
Red,竹圍,2018-06-01,20254.0
Red,紅樹林,2018-06-01,15639.0
Red,淡水,2018-06-01,81633.0
Red,象山,2018-06-01,24435.0
Red,台北101/世貿,2018-06-01,58026.0
Red,信義安和,2018-06-01,40904.0
Red,大安森林公園,2018-06-01,16897.0
Red,東門,2018-06-01,28541.5
Red,大安,2018-06-01,30189.5
Red,中正紀念堂,2018-06-02,30865.5
Red,台大醫院,2018-06-02,27074.0
Red,台北車站,2018-06-02,164539.5
Red,中山,2018-06-02,46737.0
Red,雙連,2018-06-02,43107.0
Red,民權西路,2018-06-02,24288.5
Red,圓山,2018-06-02,63648.0
Red,劍潭,2018-06-02,74500.0
Red,士林,2018-06-02,55416.0
Red,芝山,2018-06-02,44131.0
Red,明德,2018-06-02,19110.0
Red,石牌,2018-06-02,57195.0
Red,唭哩岸,2018-06-02,12822.0
Red,奇岩,2018-06-02,13091.0
Red,北投,2018-06-02,33062.0
Red,新北投,2018-06-02,12013.0
Red,復興崗,2018-06-02,6495.0
Red,忠義,2018-06-02,3735.0
Red,關渡,2018-06-02,19176.0
Red,竹圍,2018-06-02,17490.0
Red,紅樹林,2018-06-02,12075.0
Red,淡水,2018-06-02,83592.0
Red,象山,2018-06-02,19380.0
Red,台北101/世貿,2018-06-02,48076.0
Red,信義安和,2018-06-02,28718.0
Red,大安森林公園,2018-06-02,20943.0
Red,東門,2018-06-02,26762.0
Red,大安,2018-06-02,18530.0
Red,中正紀念堂,2018-06-03,26857.0
Red,台大醫院,2018-06-03,23137.0
Red,台北車站,2018-06-03,164891.5
Red,中山,2018-06-03,38148.0
Red,雙連,2018-06-03,30405.0
Red,民權西路,2018-06-03,22329.5
Red,圓山,2018-06-03,57854.0
Red,劍潭,2018-06-03,62421.0
Red,士林,2018-06-03,47315.0
Red,芝山,2018-06-03,40873.0
Red,明德,2018-06-03,15583.0
Red,石牌,2018-06-03,47620.0
Red,唭哩岸,2018-06-03,11471.0
Red,奇岩,2018-06-03,10838.0
Red,北投,2018-06-03,29461.0
Red,新北投,2018-06-03,10910.0
Red,復興崗,2018-06-03,5434.0
Red,忠義,2018-06-03,4179.0
Red,關渡,2018-06-03,16748.0
Red,竹圍,2018-06-03,14986.0
Red,紅樹林,2018-06-03,10161.0
Red,淡水,2018-06-03,79656.0
Red,象山,2018-06-03,17323.0
Red,台北101/世貿,2018-06-03,42294.0
Red,信義安和,2018-06-03,21891.0
Red,大安森林公園,2018-06-03,19995.0
Red,東門,2018-06-03,22909.5
Red,大安,2018-06-03,17104.0
Red,中正紀念堂,2018-06-04,30911.0
Red,台大醫院,2018-06-04,52634.0
Red,台北車站,2018-06-04,142266.0
Red,中山,2018-06-04,38036.0
Red,雙連,2018-06-04,45432.0
Red,民權西路,2018-06-04,28547.5
Red,圓山,2018-06-04,54419.0
Red,劍潭,2018-06-04,64195.0
Red,士林,2018-06-04,53259.0
Red,芝山,2018-06-04,45063.0
Red,明德,2018-06-04,26049.0
Red,石牌,2018-06-04,64368.0
Red,唭哩岸,2018-06-04,15100.0
Red,奇岩,2018-06-04,18102.0
Red,北投,2018-06-04,35192.0
Red,新北投,2018-06-04,9205.0
Red,復興崗,2018-06-04,6892.0
Red,忠義,2018-06-04,5969.0
Red,關渡,2018-06-04,26762.0
Red,竹圍,2018-06-04,19199.0
Red,紅樹林,2018-06-04,14081.0
Red,淡水,2018-06-04,70252.0
Red,象山,2018-06-04,23183.0
Red,台北101/世貿,2018-06-04,55078.0
Red,信義安和,2018-06-04,35185.0
Red,大安森林公園,2018-06-04,15228.0
Red,東門,2018-06-04,24196.5
Red,大安,2018-06-04,26700.5
Red,中正紀念堂,2018-06-05,34053.0
Red,台大醫院,2018-06-05,53281.0
Red,台北車站,2018-06-05,139385.5
Red,中山,2018-06-05,40909.5
Red,雙連,2018-06-05,46802.0
Red,民權西路,2018-06-05,29400.0
Red,圓山,2018-06-05,52902.0
Red,劍潭,2018-06-05,66314.0
Red,士林,2018-06-05,56292.0
Red,芝山,2018-06-05,46776.0
Red,明德,2018-06-05,26506.0
Red,石牌,2018-06-05,64772.0
Red,唭哩岸,2018-06-05,15819.0
Red,奇岩,2018-06-05,18667.0
Red,北投,2018-06-05,36056.0
Red,新北投,2018-06-05,9965.0
Red,復興崗,2018-06-05,7195.0
Red,忠義,2018-06-05,6053.0
Red,關渡,2018-06-05,27171.0
Red,竹圍,2018-06-05,19418.0
Red,紅樹林,2018-06-05,14150.0
Red,淡水,2018-06-05,70677.0
Red,象山,2018-06-05,23061.0
Red,台北101/世貿,2018-06-05,63945.0
Red,信義安和,2018-06-05,38020.0
Red,大安森林公園,2018-06-05,15905.0
Red,東門,2018-06-05,25851.0
Red,大安,2018-06-05,28108.0
Red,中正紀念堂,2018-06-06,33948.5
Red,台大醫院,2018-06-06,53687.0
Red,台北車站,2018-06-06,143907.0
Red,中山,2018-06-06,41863.0
Red,雙連,2018-06-06,47841.0
Red,民權西路,2018-06-06,29109.5
Red,圓山,2018-06-06,52115.0
Red,劍潭,2018-06-06,66572.0
Red,士林,2018-06-06,56653.0
Red,芝山,2018-06-06,48171.0
Red,明德,2018-06-06,26778.0
Red,石牌,2018-06-06,64906.0
Red,唭哩岸,2018-06-06,15860.0
Red,奇岩,2018-06-06,18283.0
Red,北投,2018-06-06,36437.0
Red,新北投,2018-06-06,10035.0
Red,復興崗,2018-06-06,7459.0
Red,忠義,2018-06-06,6205.0
Red,關渡,2018-06-06,27422.0
Red,竹圍,2018-06-06,19336.0
Red,紅樹林,2018-06-06,14422.0
Red,淡水,2018-06-06,69663.0
Red,象山,2018-06-06,22635.0
Red,台北101/世貿,2018-06-06,70135.0
Red,信義安和,2018-06-06,38070.0
Red,大安森林公園,2018-06-06,15205.0
Red,東門,2018-06-06,26011.5
Red,大安,2018-06-06,28118.5
Red,中正紀念堂,2018-06-07,35781.5
Red,台大醫院,2018-06-07,52591.0
Red,台北車站,2018-06-07,147206.5
Red,中山,2018-06-07,43047.5
Red,雙連,2018-06-07,47250.0
Red,民權西路,2018-06-07,29552.0
Red,圓山,2018-06-07,53184.0
Red,劍潭,2018-06-07,69136.0
Red,士林,2018-06-07,57778.0
Red,芝山,2018-06-07,48152.0
Red,明德,2018-06-07,26490.0
Red,石牌,2018-06-07,64970.0
Red,唭哩岸,2018-06-07,16322.0
Red,奇岩,2018-06-07,18388.0
Red,北投,2018-06-07,36874.0
Red,新北投,2018-06-07,10342.0
Red,復興崗,2018-06-07,7268.0
Red,忠義,2018-06-07,6075.0
Red,關渡,2018-06-07,27134.0
Red,竹圍,2018-06-07,18898.0
Red,紅樹林,2018-06-07,14526.0
Red,淡水,2018-06-07,73733.0
Red,象山,2018-06-07,24153.0
Red,台北101/世貿,2018-06-07,73860.0
Red,信義安和,2018-06-07,38296.0
Red,大安森林公園,2018-06-07,16144.0
Red,東門,2018-06-07,26336.5
Red,大安,2018-06-07,28352.0
Red,中正紀念堂,2018-06-08,38547.5
Red,台大醫院,2018-06-08,54169.0
Red,台北車站,2018-06-08,180239.0
Red,中山,2018-06-08,49099.0
Red,雙連,2018-06-08,51317.0
Red,民權西路,2018-06-08,31840.5
Red,圓山,2018-06-08,56890.0
Red,劍潭,2018-06-08,76395.0
Red,士林,2018-06-08,62606.0
Red,芝山,2018-06-08,51444.0
Red,明德,2018-06-08,27278.0
Red,石牌,2018-06-08,67615.0
Red,唭哩岸,2018-06-08,16331.0
Red,奇岩,2018-06-08,18990.0
Red,北投,2018-06-08,39842.0
Red,新北投,2018-06-08,11710.0
Red,復興崗,2018-06-08,7519.0
Red,忠義,2018-06-08,6375.0
Red,關渡,2018-06-08,27774.0
Red,竹圍,2018-06-08,19779.0
Red,紅樹林,2018-06-08,15559.0
Red,淡水,2018-06-08,81163.0
Red,象山,2018-06-08,25245.0
Red,台北101/世貿,2018-06-08,76807.0
Red,信義安和,2018-06-08,40489.0
Red,大安森林公園,2018-06-08,17562.0
Red,東門,2018-06-08,29367.5
Red,大安,2018-06-08,29691.0
Red,中正紀念堂,2018-06-09,33074.5
Red,台大醫院,2018-06-09,27795.0
Red,台北車站,2018-06-09,184243.0
Red,中山,2018-06-09,50110.0
Red,雙連,2018-06-09,43118.0
Red,民權西路,2018-06-09,25047.0
Red,圓山,2018-06-09,62086.0
Red,劍潭,2018-06-09,79675.0
Red,士林,2018-06-09,60670.0
Red,芝山,2018-06-09,44875.0
Red,明德,2018-06-09,19274.0
Red,石牌,2018-06-09,59843.0
Red,唭哩岸,2018-06-09,13466.0
Red,奇岩,2018-06-09,13392.0
Red,北投,2018-06-09,33700.0
Red,新北投,2018-06-09,11625.0
Red,復興崗,2018-06-09,6719.0
Red,忠義,2018-06-09,4032.0
Red,關渡,2018-06-09,18514.0
Red,竹圍,2018-06-09,17693.0
Red,紅樹林,2018-06-09,12334.0
Red,淡水,2018-06-09,83023.0
Red,象山,2018-06-09,20595.0
Red,台北101/世貿,2018-06-09,61556.0
Red,信義安和,2018-06-09,30261.0
Red,大安森林公園,2018-06-09,21767.0
Red,東門,2018-06-09,28866.0
Red,大安,2018-06-09,22326.0
Red,中正紀念堂,2018-06-10,27242.0
Red,台大醫院,2018-06-10,22505.0
Red,台北車站,2018-06-10,173099.5
Red,中山,2018-06-10,40143.5
Red,雙連,2018-06-10,29795.0
Red,民權西路,2018-06-10,22258.5
Red,圓山,2018-06-10,47884.0
Red,劍潭,2018-06-10,62851.0
Red,士林,2018-06-10,45808.0
Red,芝山,2018-06-10,40356.0
Red,明德,2018-06-10,15253.0
Red,石牌,2018-06-10,42239.0
Red,唭哩岸,2018-06-10,10534.0
Red,奇岩,2018-06-10,10654.0
Red,北投,2018-06-10,28663.0
Red,新北投,2018-06-10,10121.0
Red,復興崗,2018-06-10,5826.0
Red,忠義,2018-06-10,3178.0
Red,關渡,2018-06-10,15284.0
Red,竹圍,2018-06-10,14614.0
Red,紅樹林,2018-06-10,10331.0
Red,淡水,2018-06-10,73291.0
Red,象山,2018-06-10,15337.0
Red,台北101/世貿,2018-06-10,45642.0
Red,信義安和,2018-06-10,22441.0
Red,大安森林公園,2018-06-10,17549.0
Red,東門,2018-06-10,23855.5
Red,大安,2018-06-10,15447.5
Red,中正紀念堂,2018-06-11,31445.5
Red,台大醫院,2018-06-11,53365.0
Red,台北車站,2018-06-11,147704.0
Red,中山,2018-06-11,39401.5
Red,雙連,2018-06-11,47394.0
Red,民權西路,2018-06-11,28803.5
Red,圓山,2018-06-11,50632.0
Red,劍潭,2018-06-11,65318.0
Red,士林,2018-06-11,54401.0
Red,芝山,2018-06-11,45633.0
Red,明德,2018-06-11,26034.0
Red,石牌,2018-06-11,64562.0
Red,唭哩岸,2018-06-11,15699.0
Red,奇岩,2018-06-11,17961.0
Red,北投,2018-06-11,34895.0
Red,新北投,2018-06-11,9574.0
Red,復興崗,2018-06-11,6953.0
Red,忠義,2018-06-11,6041.0
Red,關渡,2018-06-11,26919.0
Red,竹圍,2018-06-11,19210.0
Red,紅樹林,2018-06-11,14027.0
Red,淡水,2018-06-11,70394.0
Red,象山,2018-06-11,22734.0
Red,台北101/世貿,2018-06-11,55321.0
Red,信義安和,2018-06-11,35812.0
Red,大安森林公園,2018-06-11,15111.0
Red,東門,2018-06-11,25400.0
Red,大安,2018-06-11,26811.0
Red,中正紀念堂,2018-06-12,36877.5
Red,台大醫院,2018-06-12,54738.0
Red,台北車站,2018-06-12,144538.0
Red,中山,2018-06-12,42352.0
Red,雙連,2018-06-12,48302.0
Red,民權西路,2018-06-12,29418.0
Red,圓山,2018-06-12,54269.0
Red,劍潭,2018-06-12,69153.0
Red,士林,2018-06-12,57380.0
Red,芝山,2018-06-12,48122.0
Red,明德,2018-06-12,27003.0
Red,石牌,2018-06-12,65935.0
Red,唭哩岸,2018-06-12,16312.0
Red,奇岩,2018-06-12,18814.0
Red,北投,2018-06-12,36750.0
Red,新北投,2018-06-12,10656.0
Red,復興崗,2018-06-12,7342.0
Red,忠義,2018-06-12,6350.0
Red,關渡,2018-06-12,27739.0
Red,竹圍,2018-06-12,19631.0
Red,紅樹林,2018-06-12,14636.0
Red,淡水,2018-06-12,74980.0
Red,象山,2018-06-12,23777.0
Red,台北101/世貿,2018-06-12,56156.0
Red,信義安和,2018-06-12,37354.0
Red,大安森林公園,2018-06-12,16321.0
Red,東門,2018-06-12,26305.0
Red,大安,2018-06-12,27808.0
Red,中正紀念堂,2018-06-13,37295.0
Red,台大醫院,2018-06-13,53699.0
Red,台北車站,2018-06-13,143844.0
Red,中山,2018-06-13,41874.0
Red,雙連,2018-06-13,48143.0
Red,民權西路,2018-06-13,29145.0
Red,圓山,2018-06-13,53734.0
Red,劍潭,2018-06-13,66965.0
Red,士林,2018-06-13,56092.0
Red,芝山,2018-06-13,48037.0
Red,明德,2018-06-13,26565.0
Red,石牌,2018-06-13,64784.0
Red,唭哩岸,2018-06-13,16077.0
Red,奇岩,2018-06-13,18486.0
Red,北投,2018-06-13,36253.0
Red,新北投,2018-06-13,10115.0
Red,復興崗,2018-06-13,7169.0
Red,忠義,2018-06-13,6237.0
Red,關渡,2018-06-13,27323.0
Red,竹圍,2018-06-13,19865.0
Red,紅樹林,2018-06-13,14412.0
Red,淡水,2018-06-13,71972.0
Red,象山,2018-06-13,23591.0
Red,台北101/世貿,2018-06-13,59571.0
Red,信義安和,2018-06-13,37161.0
Red,大安森林公園,2018-06-13,15933.0
Red,東門,2018-06-13,26324.5
Red,大安,2018-06-13,27802.5
Red,中正紀念堂,2018-06-14,36424.5
Red,台大醫院,2018-06-14,53343.0
Red,台北車站,2018-06-14,148400.0
Red,中山,2018-06-14,41844.5
Red,雙連,2018-06-14,47283.0
Red,民權西路,2018-06-14,29507.5
Red,圓山,2018-06-14,52789.0
Red,劍潭,2018-06-14,63602.0
Red,士林,2018-06-14,56630.0
Red,芝山,2018-06-14,47487.0
Red,明德,2018-06-14,26291.0
Red,石牌,2018-06-14,64686.0
Red,唭哩岸,2018-06-14,15808.0
Red,奇岩,2018-06-14,18731.0
Red,北投,2018-06-14,35604.0
Red,新北投,2018-06-14,10010.0
Red,復興崗,2018-06-14,7347.0
Red,忠義,2018-06-14,6163.0
Red,關渡,2018-06-14,27459.0
Red,竹圍,2018-06-14,19356.0
Red,紅樹林,2018-06-14,14675.0
Red,淡水,2018-06-14,71114.0
Red,象山,2018-06-14,22705.0
Red,台北101/世貿,2018-06-14,61164.0
Red,信義安和,2018-06-14,37753.0
Red,大安森林公園,2018-06-14,15931.0
Red,東門,2018-06-14,26053.0
Red,大安,2018-06-14,28558.5
Red,中正紀念堂,2018-06-15,40745.5
Red,台大醫院,2018-06-15,53568.0
Red,台北車站,2018-06-15,194760.5
Red,中山,2018-06-15,47556.5
Red,雙連,2018-06-15,50464.0
Red,民權西路,2018-06-15,31316.0
Red,圓山,2018-06-15,56037.0
Red,劍潭,2018-06-15,70491.0
Red,士林,2018-06-15,60855.0
Red,芝山,2018-06-15,50755.0
Red,明德,2018-06-15,27125.0
Red,石牌,2018-06-15,67433.0
Red,唭哩岸,2018-06-15,16788.0
Red,奇岩,2018-06-15,19023.0
Red,北投,2018-06-15,38379.0
Red,新北投,2018-06-15,11213.0
Red,復興崗,2018-06-15,7551.0
Red,忠義,2018-06-15,6180.0
Red,關渡,2018-06-15,27684.0
Red,竹圍,2018-06-15,19911.0
Red,紅樹林,2018-06-15,15100.0
Red,淡水,2018-06-15,76973.0
Red,象山,2018-06-15,23322.0
Red,台北101/世貿,2018-06-15,71087.0
Red,信義安和,2018-06-15,40968.0
Red,大安森林公園,2018-06-15,19604.0
Red,東門,2018-06-15,29412.0
Red,大安,2018-06-15,29586.5
Red,中正紀念堂,2018-06-16,32038.5
Red,台大醫院,2018-06-16,23942.0
Red,台北車站,2018-06-16,179137.0
Red,中山,2018-06-16,44890.5
Red,雙連,2018-06-16,39863.0
Red,民權西路,2018-06-16,22756.0
Red,圓山,2018-06-16,55691.0
Red,劍潭,2018-06-16,69058.0
Red,士林,2018-06-16,56486.0
Red,芝山,2018-06-16,40436.0
Red,明德,2018-06-16,18114.0
Red,石牌,2018-06-16,50060.0
Red,唭哩岸,2018-06-16,11929.0
Red,奇岩,2018-06-16,12695.0
Red,北投,2018-06-16,29973.0
Red,新北投,2018-06-16,11789.0
Red,復興崗,2018-06-16,6095.0
Red,忠義,2018-06-16,3676.0
Red,關渡,2018-06-16,17847.0
Red,竹圍,2018-06-16,17075.0
Red,紅樹林,2018-06-16,12086.0
Red,淡水,2018-06-16,93983.0
Red,象山,2018-06-16,18119.0
Red,台北101/世貿,2018-06-16,60184.0
Red,信義安和,2018-06-16,27416.0
Red,大安森林公園,2018-06-16,23602.0
Red,東門,2018-06-16,26212.0
Red,大安,2018-06-16,17609.5
Red,中正紀念堂,2018-06-17,39654.0
Red,台大醫院,2018-06-17,21396.0
Red,台北車站,2018-06-17,197238.0
Red,中山,2018-06-17,40195.5
Red,雙連,2018-06-17,30740.0
Red,民權西路,2018-06-17,21397.5
Red,圓山,2018-06-17,46967.0
Red,劍潭,2018-06-17,64018.0
Red,士林,2018-06-17,49196.0
Red,芝山,2018-06-17,38509.0
Red,明德,2018-06-17,14590.0
Red,石牌,2018-06-17,40544.0
Red,唭哩岸,2018-06-17,10308.0
Red,奇岩,2018-06-17,11210.0
Red,北投,2018-06-17,29804.0
Red,新北投,2018-06-17,11547.0
Red,復興崗,2018-06-17,5366.0
Red,忠義,2018-06-17,3059.0
Red,關渡,2018-06-17,15015.0
Red,竹圍,2018-06-17,14437.0
Red,紅樹林,2018-06-17,10857.0
Red,淡水,2018-06-17,91446.0
Red,象山,2018-06-17,17275.0
Red,台北101/世貿,2018-06-17,62601.0
Red,信義安和,2018-06-17,22663.0
Red,大安森林公園,2018-06-17,39178.0
Red,東門,2018-06-17,23932.5
Red,大安,2018-06-17,13632.0
Red,中正紀念堂,2018-06-18,18526.0
Red,台大醫院,2018-06-18,15707.0
Red,台北車站,2018-06-18,145266.5
Red,中山,2018-06-18,29467.5
Red,雙連,2018-06-18,24250.0
Red,民權西路,2018-06-18,15680.0
Red,圓山,2018-06-18,37290.0
Red,劍潭,2018-06-18,42816.0
Red,士林,2018-06-18,34208.0
Red,芝山,2018-06-18,28072.0
Red,明德,2018-06-18,12555.0
Red,石牌,2018-06-18,33076.0
Red,唭哩岸,2018-06-18,8682.0
Red,奇岩,2018-06-18,8816.0
Red,北投,2018-06-18,21917.0
Red,新北投,2018-06-18,7768.0
Red,復興崗,2018-06-18,4352.0
Red,忠義,2018-06-18,2754.0
Red,關渡,2018-06-18,13008.0
Red,竹圍,2018-06-18,12993.0
Red,紅樹林,2018-06-18,11775.0
Red,淡水,2018-06-18,71755.0
Red,象山,2018-06-18,12579.0
Red,台北101/世貿,2018-06-18,40263.0
Red,信義安和,2018-06-18,17872.0
Red,大安森林公園,2018-06-18,10120.0
Red,東門,2018-06-18,18396.0
Red,大安,2018-06-18,11372.5
Red,中正紀念堂,2018-06-19,33600.5
Red,台大醫院,2018-06-19,54878.0
Red,台北車站,2018-06-19,153780.5
Red,中山,2018-06-19,39148.0
Red,雙連,2018-06-19,46883.0
Red,民權西路,2018-06-19,29027.5
Red,圓山,2018-06-19,53409.0
Red,劍潭,2018-06-19,64405.0
Red,士林,2018-06-19,56923.0
Red,芝山,2018-06-19,46509.0
Red,明德,2018-06-19,26580.0
Red,石牌,2018-06-19,63372.0
Red,唭哩岸,2018-06-19,15765.0
Red,奇岩,2018-06-19,18398.0
Red,北投,2018-06-19,35358.0
Red,新北投,2018-06-19,10231.0
Red,復興崗,2018-06-19,7178.0
Red,忠義,2018-06-19,6034.0
Red,關渡,2018-06-19,27223.0
Red,竹圍,2018-06-19,20820.0
Red,紅樹林,2018-06-19,18300.0
Red,淡水,2018-06-19,75498.0
Red,象山,2018-06-19,22890.0
Red,台北101/世貿,2018-06-19,54813.0
Red,信義安和,2018-06-19,36625.0
Red,大安森林公園,2018-06-19,15610.0
Red,東門,2018-06-19,24620.5
Red,大安,2018-06-19,27299.0
Red,中正紀念堂,2018-06-20,33138.0
Red,台大醫院,2018-06-20,54683.0
Red,台北車站,2018-06-20,146527.5
Red,中山,2018-06-20,40959.5
Red,雙連,2018-06-20,47421.0
Red,民權西路,2018-06-20,29201.0
Red,圓山,2018-06-20,52799.0
Red,劍潭,2018-06-20,68336.0
Red,士林,2018-06-20,56315.0
Red,芝山,2018-06-20,48520.0
Red,明德,2018-06-20,26378.0
Red,石牌,2018-06-20,65206.0
Red,唭哩岸,2018-06-20,15768.0
Red,奇岩,2018-06-20,18771.0
Red,北投,2018-06-20,35878.0
Red,新北投,2018-06-20,9907.0
Red,復興崗,2018-06-20,7080.0
Red,忠義,2018-06-20,6152.0
Red,關渡,2018-06-20,27269.0
Red,竹圍,2018-06-20,19328.0
Red,紅樹林,2018-06-20,14701.0
Red,淡水,2018-06-20,72600.0
Red,象山,2018-06-20,23733.0
Red,台北101/世貿,2018-06-20,56259.0
Red,信義安和,2018-06-20,37180.0
Red,大安森林公園,2018-06-20,16018.0
Red,東門,2018-06-20,25151.0
Red,大安,2018-06-20,27614.5
Red,中正紀念堂,2018-06-21,33998.5
Red,台大醫院,2018-06-21,53666.0
Red,台北車站,2018-06-21,150186.5
Red,中山,2018-06-21,41563.5
Red,雙連,2018-06-21,46946.0
Red,民權西路,2018-06-21,29223.0
Red,圓山,2018-06-21,53174.0
Red,劍潭,2018-06-21,67940.0
Red,士林,2018-06-21,56731.0
Red,芝山,2018-06-21,47141.0
Red,明德,2018-06-21,26385.0
Red,石牌,2018-06-21,65102.0
Red,唭哩岸,2018-06-21,16047.0
Red,奇岩,2018-06-21,18985.0
Red,北投,2018-06-21,35954.0
Red,新北投,2018-06-21,10378.0
Red,復興崗,2018-06-21,7204.0
Red,忠義,2018-06-21,6116.0
Red,關渡,2018-06-21,26895.0
Red,竹圍,2018-06-21,19367.0
Red,紅樹林,2018-06-21,14779.0
Red,淡水,2018-06-21,73583.0
Red,象山,2018-06-21,23467.0
Red,台北101/世貿,2018-06-21,61826.0
Red,信義安和,2018-06-21,37403.0
Red,大安森林公園,2018-06-21,16372.0
Red,東門,2018-06-21,26492.5
Red,大安,2018-06-21,27983.5
Red,中正紀念堂,2018-06-22,36555.0
Red,台大醫院,2018-06-22,54064.0
Red,台北車站,2018-06-22,175221.0
Red,中山,2018-06-22,46370.0
Red,雙連,2018-06-22,50390.0
Red,民權西路,2018-06-22,30503.0
Red,圓山,2018-06-22,56409.0
Red,劍潭,2018-06-22,71546.0
Red,士林,2018-06-22,60844.0
Red,芝山,2018-06-22,50563.0
Red,明德,2018-06-22,26205.0
Red,石牌,2018-06-22,66138.0
Red,唭哩岸,2018-06-22,16423.0
Red,奇岩,2018-06-22,19099.0
Red,北投,2018-06-22,37884.0
Red,新北投,2018-06-22,11377.0
Red,復興崗,2018-06-22,7269.0
Red,忠義,2018-06-22,6603.0
Red,關渡,2018-06-22,29558.0
Red,竹圍,2018-06-22,20201.0
Red,紅樹林,2018-06-22,15117.0
Red,淡水,2018-06-22,75582.0
Red,象山,2018-06-22,24530.0
Red,台北101/世貿,2018-06-22,66139.0
Red,信義安和,2018-06-22,39720.0
Red,大安森林公園,2018-06-22,16809.0
Red,東門,2018-06-22,29359.5
Red,大安,2018-06-22,28782.0
Red,中正紀念堂,2018-06-23,27579.5
Red,台大醫院,2018-06-23,26729.0
Red,台北車站,2018-06-23,167686.5
Red,中山,2018-06-23,45934.5
Red,雙連,2018-06-23,40803.0
Red,民權西路,2018-06-23,23225.5
Red,圓山,2018-06-23,53970.0
Red,劍潭,2018-06-23,68383.0
Red,士林,2018-06-23,54863.0
Red,芝山,2018-06-23,43102.0
Red,明德,2018-06-23,18829.0
Red,石牌,2018-06-23,52070.0
Red,唭哩岸,2018-06-23,12624.0
Red,奇岩,2018-06-23,12986.0
Red,北投,2018-06-23,30650.0
Red,新北投,2018-06-23,11094.0
Red,復興崗,2018-06-23,6804.0
Red,忠義,2018-06-23,3992.0
Red,關渡,2018-06-23,19630.0
Red,竹圍,2018-06-23,17115.0
Red,紅樹林,2018-06-23,11257.0
Red,淡水,2018-06-23,78021.0
Red,象山,2018-06-23,18958.0
Red,台北101/世貿,2018-06-23,57059.0
Red,信義安和,2018-06-23,28555.0
Red,大安森林公園,2018-06-23,20302.0
Red,東門,2018-06-23,27602.0
Red,大安,2018-06-23,19905.5
Red,中正紀念堂,2018-06-24,26199.0
Red,台大醫院,2018-06-24,22115.0
Red,台北車站,2018-06-24,161449.0
Red,中山,2018-06-24,37848.0
Red,雙連,2018-06-24,29500.0
Red,民權西路,2018-06-24,21462.0
Red,圓山,2018-06-24,47615.0
Red,劍潭,2018-06-24,58572.0
Red,士林,2018-06-24,44100.0
Red,芝山,2018-06-24,39559.0
Red,明德,2018-06-24,14593.0
Red,石牌,2018-06-24,41117.0
Red,唭哩岸,2018-06-24,10444.0
Red,奇岩,2018-06-24,10830.0
Red,北投,2018-06-24,26583.0
Red,新北投,2018-06-24,9925.0
Red,復興崗,2018-06-24,5338.0
Red,忠義,2018-06-24,3432.0
Red,關渡,2018-06-24,16255.0
Red,竹圍,2018-06-24,14199.0
Red,紅樹林,2018-06-24,10102.0
Red,淡水,2018-06-24,79255.0
Red,象山,2018-06-24,17132.0
Red,台北101/世貿,2018-06-24,49908.0
Red,信義安和,2018-06-24,21307.0
Red,大安森林公園,2018-06-24,19696.0
Red,東門,2018-06-24,23034.5
Red,大安,2018-06-24,15293.0
Red,中正紀念堂,2018-06-25,31373.5
Red,台大醫院,2018-06-25,52657.0
Red,台北車站,2018-06-25,145237.0
Red,中山,2018-06-25,38675.5
Red,雙連,2018-06-25,47600.0
Red,民權西路,2018-06-25,28742.0
Red,圓山,2018-06-25,49866.0
Red,劍潭,2018-06-25,61706.0
Red,士林,2018-06-25,54139.0
Red,芝山,2018-06-25,44529.0
Red,明德,2018-06-25,25125.0
Red,石牌,2018-06-25,62650.0
Red,唭哩岸,2018-06-25,15391.0
Red,奇岩,2018-06-25,18125.0
Red,北投,2018-06-25,34357.0
Red,新北投,2018-06-25,8912.0
Red,復興崗,2018-06-25,6916.0
Red,忠義,2018-06-25,5959.0
Red,關渡,2018-06-25,25690.0
Red,竹圍,2018-06-25,18721.0
Red,紅樹林,2018-06-25,13890.0
Red,淡水,2018-06-25,70389.0
Red,象山,2018-06-25,24166.0
Red,台北101/世貿,2018-06-25,56264.0
Red,信義安和,2018-06-25,35806.0
Red,大安森林公園,2018-06-25,15113.0
Red,東門,2018-06-25,25163.0
Red,大安,2018-06-25,25910.5
Red,中正紀念堂,2018-06-26,33423.0
Red,台大醫院,2018-06-26,52603.0
Red,台北車站,2018-06-26,143726.0
Red,中山,2018-06-26,40760.5
Red,雙連,2018-06-26,47588.0
Red,民權西路,2018-06-26,28656.0
Red,圓山,2018-06-26,52560.0
Red,劍潭,2018-06-26,63417.0
Red,士林,2018-06-26,55927.0
Red,芝山,2018-06-26,46521.0
Red,明德,2018-06-26,25632.0
Red,石牌,2018-06-26,63163.0
Red,唭哩岸,2018-06-26,15742.0
Red,奇岩,2018-06-26,18525.0
Red,北投,2018-06-26,35099.0
Red,新北投,2018-06-26,9758.0
Red,復興崗,2018-06-26,7515.0
Red,忠義,2018-06-26,6029.0
Red,關渡,2018-06-26,26548.0
Red,竹圍,2018-06-26,18985.0
Red,紅樹林,2018-06-26,14273.0
Red,淡水,2018-06-26,72521.0
Red,象山,2018-06-26,24901.0
Red,台北101/世貿,2018-06-26,55918.0
Red,信義安和,2018-06-26,37277.0
Red,大安森林公園,2018-06-26,15978.0
Red,東門,2018-06-26,26285.5
Red,大安,2018-06-26,26670.5
Red,中正紀念堂,2018-06-27,33270.0
Red,台大醫院,2018-06-27,51548.0
Red,台北車站,2018-06-27,145014.5
Red,中山,2018-06-27,42179.0
Red,雙連,2018-06-27,47503.0
Red,民權西路,2018-06-27,28477.5
Red,圓山,2018-06-27,52318.0
Red,劍潭,2018-06-27,61639.0
Red,士林,2018-06-27,55088.0
Red,芝山,2018-06-27,47324.0
Red,明德,2018-06-27,25124.0
Red,石牌,2018-06-27,63791.0
Red,唭哩岸,2018-06-27,16007.0
Red,奇岩,2018-06-27,18638.0
Red,北投,2018-06-27,36034.0
Red,新北投,2018-06-27,8805.0
Red,復興崗,2018-06-27,7169.0
Red,忠義,2018-06-27,6278.0
Red,關渡,2018-06-27,26505.0
Red,竹圍,2018-06-27,19226.0
Red,紅樹林,2018-06-27,14349.0
Red,淡水,2018-06-27,71452.0
Red,象山,2018-06-27,24914.0
Red,台北101/世貿,2018-06-27,61990.0
Red,信義安和,2018-06-27,37181.0
Red,大安森林公園,2018-06-27,15899.0
Red,東門,2018-06-27,26464.5
Red,大安,2018-06-27,27223.0
Red,中正紀念堂,2018-06-28,34424.5
Red,台大醫院,2018-06-28,51602.0
Red,台北車站,2018-06-28,150002.0
Red,中山,2018-06-28,42734.0
Red,雙連,2018-06-28,48225.0
Red,民權西路,2018-06-28,28781.0
Red,圓山,2018-06-28,52337.0
Red,劍潭,2018-06-28,63799.0
Red,士林,2018-06-28,56975.0
Red,芝山,2018-06-28,47515.0
Red,明德,2018-06-28,24778.0
Red,石牌,2018-06-28,62041.0
Red,唭哩岸,2018-06-28,16007.0
Red,奇岩,2018-06-28,18575.0
Red,北投,2018-06-28,36182.0
Red,新北投,2018-06-28,9706.0
Red,復興崗,2018-06-28,7732.0
Red,忠義,2018-06-28,5968.0
Red,關渡,2018-06-28,24263.0
Red,竹圍,2018-06-28,19033.0
Red,紅樹林,2018-06-28,14602.0
Red,淡水,2018-06-28,73042.0
Red,象山,2018-06-28,25839.0
Red,台北101/世貿,2018-06-28,66861.0
Red,信義安和,2018-06-28,38351.0
Red,大安森林公園,2018-06-28,16746.0
Red,東門,2018-06-28,26755.0
Red,大安,2018-06-28,28130.0
Red,中正紀念堂,2018-06-29,37104.0
Red,台大醫院,2018-06-29,52514.0
Red,台北車站,2018-06-29,184695.5
Red,中山,2018-06-29,48342.0
Red,雙連,2018-06-29,52921.0
Red,民權西路,2018-06-29,30892.0
Red,圓山,2018-06-29,55918.0
Red,劍潭,2018-06-29,69406.0
Red,士林,2018-06-29,62681.0
Red,芝山,2018-06-29,51228.0
Red,明德,2018-06-29,26660.0
Red,石牌,2018-06-29,65900.0
Red,唭哩岸,2018-06-29,16974.0
Red,奇岩,2018-06-29,19865.0
Red,北投,2018-06-29,40154.0
Red,新北投,2018-06-29,10268.0
Red,復興崗,2018-06-29,9188.0
Red,忠義,2018-06-29,6235.0
Red,關渡,2018-06-29,25389.0
Red,竹圍,2018-06-29,19855.0
Red,紅樹林,2018-06-29,14927.0
Red,淡水,2018-06-29,81462.0
Red,象山,2018-06-29,26934.0
Red,台北101/世貿,2018-06-29,72770.0
Red,信義安和,2018-06-29,40466.0
Red,大安森林公園,2018-06-29,17670.0
Red,東門,2018-06-29,29694.0
Red,大安,2018-06-29,29567.0
Red,中正紀念堂,2018-06-30,31841.0
Red,台大醫院,2018-06-30,25789.0
Red,台北車站,2018-06-30,178751.0
Red,中山,2018-06-30,47799.5
Red,雙連,2018-06-30,43009.0
Red,民權西路,2018-06-30,23015.0
Red,圓山,2018-06-30,51421.0
Red,劍潭,2018-06-30,69251.0
Red,士林,2018-06-30,53901.0
Red,芝山,2018-06-30,42867.0
Red,明德,2018-06-30,18996.0
Red,石牌,2018-06-30,50955.0
Red,唭哩岸,2018-06-30,12693.0
Red,奇岩,2018-06-30,13686.0
Red,北投,2018-06-30,30252.0
Red,新北投,2018-06-30,10865.0
Red,復興崗,2018-06-30,6289.0
Red,忠義,2018-06-30,3886.0
Red,關渡,2018-06-30,17309.0
Red,竹圍,2018-06-30,17096.0
Red,紅樹林,2018-06-30,11703.0
Red,淡水,2018-06-30,81465.0
Red,象山,2018-06-30,18633.0
Red,台北101/世貿,2018-06-30,63698.0
Red,信義安和,2018-06-30,28814.0
Red,大安森林公園,2018-06-30,26128.0
Red,東門,2018-06-30,28229.5
Red,大安,2018-06-30,18350.5
Red,中正紀念堂,2018-07-01,32214.5
Red,台大醫院,2018-07-01,21589.0
Red,台北車站,2018-07-01,169189.0
Red,中山,2018-07-01,39299.5
Red,雙連,2018-07-01,31424.0
Red,民權西路,2018-07-01,21256.5
Red,圓山,2018-07-01,46609.0
Red,劍潭,2018-07-01,59787.0
Red,士林,2018-07-01,46691.0
Red,芝山,2018-07-01,40506.0
Red,明德,2018-07-01,14926.0
Red,石牌,2018-07-01,42254.0
Red,唭哩岸,2018-07-01,10532.0
Red,奇岩,2018-07-01,11310.0
Red,北投,2018-07-01,26565.0
Red,新北投,2018-07-01,10137.0
Red,復興崗,2018-07-01,5848.0
Red,忠義,2018-07-01,3108.0
Red,關渡,2018-07-01,15051.0
Red,竹圍,2018-07-01,15160.0
Red,紅樹林,2018-07-01,10405.0
Red,淡水,2018-07-01,77223.0
Red,象山,2018-07-01,16920.0
Red,台北101/世貿,2018-07-01,47880.0
Red,信義安和,2018-07-01,21969.0
Red,大安森林公園,2018-07-01,18306.0
Red,東門,2018-07-01,24781.0
Red,大安,2018-07-01,14770.0
Red,中正紀念堂,2018-07-02,33977.5
Red,台大醫院,2018-07-02,53233.0
Red,台北車站,2018-07-02,158573.5
Red,中山,2018-07-02,41143.0
Red,雙連,2018-07-02,47157.0
Red,民權西路,2018-07-02,27768.5
Red,圓山,2018-07-02,49860.0
Red,劍潭,2018-07-02,59865.0
Red,士林,2018-07-02,53064.0
Red,芝山,2018-07-02,46106.0
Red,明德,2018-07-02,24020.0
Red,石牌,2018-07-02,60688.0
Red,唭哩岸,2018-07-02,15606.0
Red,奇岩,2018-07-02,18454.0
Red,北投,2018-07-02,33076.0
Red,新北投,2018-07-02,8861.0
Red,復興崗,2018-07-02,7028.0
Red,忠義,2018-07-02,5618.0
Red,關渡,2018-07-02,22514.0
Red,竹圍,2018-07-02,18454.0
Red,紅樹林,2018-07-02,13698.0
Red,淡水,2018-07-02,70343.0
Red,象山,2018-07-02,25067.0
Red,台北101/世貿,2018-07-02,58503.0
Red,信義安和,2018-07-02,36616.0
Red,大安森林公園,2018-07-02,15488.0
Red,東門,2018-07-02,26651.0
Red,大安,2018-07-02,26468.0
Red,中正紀念堂,2018-07-03,34222.0
Red,台大醫院,2018-07-03,53517.0
Red,台北車站,2018-07-03,153084.5
Red,中山,2018-07-03,42101.5
Red,雙連,2018-07-03,47660.0
Red,民權西路,2018-07-03,27644.0
Red,圓山,2018-07-03,51821.0
Red,劍潭,2018-07-03,61612.0
Red,士林,2018-07-03,54993.0
Red,芝山,2018-07-03,46781.0
Red,明德,2018-07-03,24238.0
Red,石牌,2018-07-03,61613.0
Red,唭哩岸,2018-07-03,15427.0
Red,奇岩,2018-07-03,18674.0
Red,北投,2018-07-03,33223.0
Red,新北投,2018-07-03,9255.0
Red,復興崗,2018-07-03,7323.0
Red,忠義,2018-07-03,5976.0
Red,關渡,2018-07-03,22558.0
Red,竹圍,2018-07-03,18805.0
Red,紅樹林,2018-07-03,13993.0
Red,淡水,2018-07-03,69862.0
Red,象山,2018-07-03,25719.0
Red,台北101/世貿,2018-07-03,58378.0
Red,信義安和,2018-07-03,37786.0
Red,大安森林公園,2018-07-03,15882.0
Red,東門,2018-07-03,26460.0
Red,大安,2018-07-03,27115.0
Red,中正紀念堂,2018-07-04,33719.0
Red,台大醫院,2018-07-04,53936.0
Red,台北車站,2018-07-04,154960.5
Red,中山,2018-07-04,43338.0
Red,雙連,2018-07-04,48243.0
Red,民權西路,2018-07-04,28020.5
Red,圓山,2018-07-04,52000.0
Red,劍潭,2018-07-04,61891.0
Red,士林,2018-07-04,52863.0
Red,芝山,2018-07-04,46687.0
Red,明德,2018-07-04,23810.0
Red,石牌,2018-07-04,64391.0
Red,唭哩岸,2018-07-04,16197.0
Red,奇岩,2018-07-04,18997.0
Red,北投,2018-07-04,34609.0
Red,新北投,2018-07-04,9644.0
Red,復興崗,2018-07-04,7273.0
Red,忠義,2018-07-04,5927.0
Red,關渡,2018-07-04,22446.0
Red,竹圍,2018-07-04,19210.0
Red,紅樹林,2018-07-04,14023.0
Red,淡水,2018-07-04,69344.0
Red,象山,2018-07-04,25548.0
Red,台北101/世貿,2018-07-04,60058.0
Red,信義安和,2018-07-04,38072.0
Red,大安森林公園,2018-07-04,16127.0
Red,東門,2018-07-04,26752.5
Red,大安,2018-07-04,25489.5
Red,中正紀念堂,2018-07-05,33846.5
Red,台大醫院,2018-07-05,53503.0
Red,台北車站,2018-07-05,157330.5
Red,中山,2018-07-05,42846.0
Red,雙連,2018-07-05,48249.0
Red,民權西路,2018-07-05,28745.5
Red,圓山,2018-07-05,51368.0
Red,劍潭,2018-07-05,61724.0
Red,士林,2018-07-05,54087.0
Red,芝山,2018-07-05,47915.0
Red,明德,2018-07-05,24154.0
Red,石牌,2018-07-05,63487.0
Red,唭哩岸,2018-07-05,16075.0
Red,奇岩,2018-07-05,18944.0
Red,北投,2018-07-05,34007.0
Red,新北投,2018-07-05,9068.0
Red,復興崗,2018-07-05,7251.0
Red,忠義,2018-07-05,5793.0
Red,關渡,2018-07-05,22063.0
Red,竹圍,2018-07-05,19002.0
Red,紅樹林,2018-07-05,14228.0
Red,淡水,2018-07-05,68281.0
Red,象山,2018-07-05,25907.0
Red,台北101/世貿,2018-07-05,63760.0
Red,信義安和,2018-07-05,38690.0
Red,大安森林公園,2018-07-05,15890.0
Red,東門,2018-07-05,26591.0
Red,大安,2018-07-05,25640.5
Red,中正紀念堂,2018-07-06,39314.5
Red,台大醫院,2018-07-06,52729.0
Red,台北車站,2018-07-06,186151.5
Red,中山,2018-07-06,48496.5
Red,雙連,2018-07-06,50245.0
Red,民權西路,2018-07-06,30412.0
Red,圓山,2018-07-06,55758.0
Red,劍潭,2018-07-06,66617.0
Red,士林,2018-07-06,57068.0
Red,芝山,2018-07-06,50592.0
Red,明德,2018-07-06,24907.0
Red,石牌,2018-07-06,66861.0
Red,唭哩岸,2018-07-06,16598.0
Red,奇岩,2018-07-06,20509.0
Red,北投,2018-07-06,35936.0
Red,新北投,2018-07-06,10582.0
Red,復興崗,2018-07-06,7401.0
Red,忠義,2018-07-06,6136.0
Red,關渡,2018-07-06,22488.0
Red,竹圍,2018-07-06,19497.0
Red,紅樹林,2018-07-06,14500.0
Red,淡水,2018-07-06,73490.0
Red,象山,2018-07-06,27684.0
Red,台北101/世貿,2018-07-06,80385.0
Red,信義安和,2018-07-06,40920.0
Red,大安森林公園,2018-07-06,17511.0
Red,東門,2018-07-06,29778.5
Red,大安,2018-07-06,28147.5
Red,中正紀念堂,2018-07-07,33015.0
Red,台大醫院,2018-07-07,24827.0
Red,台北車站,2018-07-07,182287.0
Red,中山,2018-07-07,46132.0
Red,雙連,2018-07-07,39588.0
Red,民權西路,2018-07-07,22561.5
Red,圓山,2018-07-07,49264.0
Red,劍潭,2018-07-07,63043.0
Red,士林,2018-07-07,50872.0
Red,芝山,2018-07-07,43158.0
Red,明德,2018-07-07,18395.0
Red,石牌,2018-07-07,51944.0
Red,唭哩岸,2018-07-07,12250.0
Red,奇岩,2018-07-07,13682.0
Red,北投,2018-07-07,28880.0
Red,新北投,2018-07-07,10963.0
Red,復興崗,2018-07-07,6372.0
Red,忠義,2018-07-07,3697.0
Red,關渡,2018-07-07,15940.0
Red,竹圍,2018-07-07,16231.0
Red,紅樹林,2018-07-07,12002.0
Red,淡水,2018-07-07,70118.0
Red,象山,2018-07-07,18725.0
Red,台北101/世貿,2018-07-07,83714.0
Red,信義安和,2018-07-07,27878.0
Red,大安森林公園,2018-07-07,17526.0
Red,東門,2018-07-07,26670.5
Red,大安,2018-07-07,19613.0
Red,中正紀念堂,2018-07-08,29077.0
Red,台大醫院,2018-07-08,22022.0
Red,台北車站,2018-07-08,175893.5
Red,中山,2018-07-08,38429.0
Red,雙連,2018-07-08,29661.0
Red,民權西路,2018-07-08,22085.5
Red,圓山,2018-07-08,45885.0
Red,劍潭,2018-07-08,59347.0
Red,士林,2018-07-08,46982.0
Red,芝山,2018-07-08,41546.0
Red,明德,2018-07-08,14746.0
Red,石牌,2018-07-08,43609.0
Red,唭哩岸,2018-07-08,10375.0
Red,奇岩,2018-07-08,11361.0
Red,北投,2018-07-08,27002.0
Red,新北投,2018-07-08,10438.0
Red,復興崗,2018-07-08,5560.0
Red,忠義,2018-07-08,3308.0
Red,關渡,2018-07-08,14515.0
Red,竹圍,2018-07-08,14635.0
Red,紅樹林,2018-07-08,10256.0
Red,淡水,2018-07-08,76680.0
Red,象山,2018-07-08,18418.0
Red,台北101/世貿,2018-07-08,81655.0
Red,信義安和,2018-07-08,22379.0
Red,大安森林公園,2018-07-08,20535.0
Red,東門,2018-07-08,24200.0
Red,大安,2018-07-08,15753.5
Red,中正紀念堂,2018-07-09,32276.0
Red,台大醫院,2018-07-09,53568.0
Red,台北車站,2018-07-09,164630.0
Red,中山,2018-07-09,41235.5
Red,雙連,2018-07-09,48797.0
Red,民權西路,2018-07-09,27725.0
Red,圓山,2018-07-09,51835.0
Red,劍潭,2018-07-09,59689.0
Red,士林,2018-07-09,52092.0
Red,芝山,2018-07-09,46531.0
Red,明德,2018-07-09,24785.0
Red,石牌,2018-07-09,66039.0
Red,唭哩岸,2018-07-09,15911.0
Red,奇岩,2018-07-09,18672.0
Red,北投,2018-07-09,32716.0
Red,新北投,2018-07-09,8419.0
Red,復興崗,2018-07-09,7150.0
Red,忠義,2018-07-09,5824.0
Red,關渡,2018-07-09,23721.0
Red,竹圍,2018-07-09,19139.0
Red,紅樹林,2018-07-09,14138.0
Red,淡水,2018-07-09,69351.0
Red,象山,2018-07-09,25067.0
Red,台北101/世貿,2018-07-09,73275.0
Red,信義安和,2018-07-09,37029.0
Red,大安森林公園,2018-07-09,17085.0
Red,東門,2018-07-09,25452.0
Red,大安,2018-07-09,26432.0
Red,中正紀念堂,2018-07-10,25736.5
Red,台大醫院,2018-07-10,45991.0
Red,台北車站,2018-07-10,116167.5
Red,中山,2018-07-10,29976.0
Red,雙連,2018-07-10,38328.0
Red,民權西路,2018-07-10,21971.0
Red,圓山,2018-07-10,38153.0
Red,劍潭,2018-07-10,36374.0
Red,士林,2018-07-10,37484.0
Red,芝山,2018-07-10,38609.0
Red,明德,2018-07-10,19696.0
Red,石牌,2018-07-10,53120.0
Red,唭哩岸,2018-07-10,13499.0
Red,奇岩,2018-07-10,15815.0
Red,北投,2018-07-10,25880.0
Red,新北投,2018-07-10,6229.0
Red,復興崗,2018-07-10,5834.0
Red,忠義,2018-07-10,4977.0
Red,關渡,2018-07-10,18264.0
Red,竹圍,2018-07-10,14727.0
Red,紅樹林,2018-07-10,11588.0
Red,淡水,2018-07-10,46106.0
Red,象山,2018-07-10,19703.0
Red,台北101/世貿,2018-07-10,45585.0
Red,信義安和,2018-07-10,31022.0
Red,大安森林公園,2018-07-10,12691.0
Red,東門,2018-07-10,19917.0
Red,大安,2018-07-10,22033.0
Red,中正紀念堂,2018-07-11,23744.5
Red,台大醫院,2018-07-11,40155.0
Red,台北車站,2018-07-11,97179.5
Red,中山,2018-07-11,33640.5
Red,雙連,2018-07-11,36735.0
Red,民權西路,2018-07-11,19605.5
Red,圓山,2018-07-11,33023.0
Red,劍潭,2018-07-11,43364.0
Red,士林,2018-07-11,38863.0
Red,芝山,2018-07-11,35551.0
Red,明德,2018-07-11,18359.0
Red,石牌,2018-07-11,45902.0
Red,唭哩岸,2018-07-11,11749.0
Red,奇岩,2018-07-11,13849.0
Red,北投,2018-07-11,25088.0
Red,新北投,2018-07-11,7040.0
Red,復興崗,2018-07-11,5651.0
Red,忠義,2018-07-11,3883.0
Red,關渡,2018-07-11,14080.0
Red,竹圍,2018-07-11,11468.0
Red,紅樹林,2018-07-11,7627.0
Red,淡水,2018-07-11,38950.0
Red,象山,2018-07-11,16468.0
Red,台北101/世貿,2018-07-11,42651.0
Red,信義安和,2018-07-11,27637.0
Red,大安森林公園,2018-07-11,11846.0
Red,東門,2018-07-11,20108.5
Red,大安,2018-07-11,18191.0
Red,中正紀念堂,2018-07-12,34558.5
Red,台大醫院,2018-07-12,54568.0
Red,台北車站,2018-07-12,161579.5
Red,中山,2018-07-12,43706.5
Red,雙連,2018-07-12,48892.0
Red,民權西路,2018-07-12,28231.0
Red,圓山,2018-07-12,53161.0
Red,劍潭,2018-07-12,62703.0
Red,士林,2018-07-12,54278.0
Red,芝山,2018-07-12,47174.0
Red,明德,2018-07-12,25034.0
Red,石牌,2018-07-12,63716.0
Red,唭哩岸,2018-07-12,16494.0
Red,奇岩,2018-07-12,19201.0
Red,北投,2018-07-12,34352.0
Red,新北投,2018-07-12,9458.0
Red,復興崗,2018-07-12,7655.0
Red,忠義,2018-07-12,5812.0
Red,關渡,2018-07-12,24393.0
Red,竹圍,2018-07-12,19633.0
Red,紅樹林,2018-07-12,14635.0
Red,淡水,2018-07-12,69562.0
Red,象山,2018-07-12,25609.0
Red,台北101/世貿,2018-07-12,59710.0
Red,信義安和,2018-07-12,38742.0
Red,大安森林公園,2018-07-12,17264.0
Red,東門,2018-07-12,26838.0
Red,大安,2018-07-12,27995.5
Red,中正紀念堂,2018-07-13,37902.0
Red,台大醫院,2018-07-13,55398.0
Red,台北車站,2018-07-13,188850.5
Red,中山,2018-07-13,49115.0
Red,雙連,2018-07-13,52041.0
Red,民權西路,2018-07-13,31109.0
Red,圓山,2018-07-13,56313.0
Red,劍潭,2018-07-13,67740.0
Red,士林,2018-07-13,59313.0
Red,芝山,2018-07-13,50751.0
Red,明德,2018-07-13,26091.0
Red,石牌,2018-07-13,65182.0
Red,唭哩岸,2018-07-13,17074.0
Red,奇岩,2018-07-13,19982.0
Red,北投,2018-07-13,37211.0
Red,新北投,2018-07-13,10715.0
Red,復興崗,2018-07-13,7852.0
Red,忠義,2018-07-13,6267.0
Red,關渡,2018-07-13,24301.0
Red,竹圍,2018-07-13,19917.0
Red,紅樹林,2018-07-13,14787.0
Red,淡水,2018-07-13,75109.0
Red,象山,2018-07-13,27319.0
Red,台北101/世貿,2018-07-13,70269.0
Red,信義安和,2018-07-13,41320.0
Red,大安森林公園,2018-07-13,18615.0
Red,東門,2018-07-13,29776.5
Red,大安,2018-07-13,30891.0
Red,中正紀念堂,2018-07-14,31411.0
Red,台大醫院,2018-07-14,27021.0
Red,台北車站,2018-07-14,179951.5
Red,中山,2018-07-14,47740.0
Red,雙連,2018-07-14,42024.0
Red,民權西路,2018-07-14,23333.5
Red,圓山,2018-07-14,55813.0
Red,劍潭,2018-07-14,73101.0
Red,士林,2018-07-14,55530.0
Red,芝山,2018-07-14,41618.0
Red,明德,2018-07-14,18705.0
Red,石牌,2018-07-14,49621.0
Red,唭哩岸,2018-07-14,13010.0
Red,奇岩,2018-07-14,13998.0
Red,北投,2018-07-14,30662.0
Red,新北投,2018-07-14,11427.0
Red,復興崗,2018-07-14,6775.0
Red,忠義,2018-07-14,4097.0
Red,關渡,2018-07-14,17540.0
Red,竹圍,2018-07-14,17468.0
Red,紅樹林,2018-07-14,12228.0
Red,淡水,2018-07-14,84944.0
Red,象山,2018-07-14,20773.0
Red,台北101/世貿,2018-07-14,65811.0
Red,信義安和,2018-07-14,29024.0
Red,大安森林公園,2018-07-14,23551.0
Red,東門,2018-07-14,28176.0
Red,大安,2018-07-14,18671.0
Red,中正紀念堂,2018-07-15,30703.0
Red,台大醫院,2018-07-15,25512.0
Red,台北車站,2018-07-15,180671.5
Red,中山,2018-07-15,40135.5
Red,雙連,2018-07-15,31376.0
Red,民權西路,2018-07-15,22399.5
Red,圓山,2018-07-15,46910.0
Red,劍潭,2018-07-15,60720.0
Red,士林,2018-07-15,46873.0
Red,芝山,2018-07-15,40043.0
Red,明德,2018-07-15,14811.0
Red,石牌,2018-07-15,42454.0
Red,唭哩岸,2018-07-15,10769.0
Red,奇岩,2018-07-15,11265.0
Red,北投,2018-07-15,26803.0
Red,新北投,2018-07-15,10434.0
Red,復興崗,2018-07-15,5767.0
Red,忠義,2018-07-15,3421.0
Red,關渡,2018-07-15,14843.0
Red,竹圍,2018-07-15,14821.0
Red,紅樹林,2018-07-15,10364.0
Red,淡水,2018-07-15,81667.0
Red,象山,2018-07-15,18326.0
Red,台北101/世貿,2018-07-15,59325.0
Red,信義安和,2018-07-15,22617.0
Red,大安森林公園,2018-07-15,20417.0
Red,東門,2018-07-15,25569.5
Red,大安,2018-07-15,15130.5
Red,中正紀念堂,2018-07-16,32808.5
Red,台大醫院,2018-07-16,53851.0
Red,台北車站,2018-07-16,163186.0
Red,中山,2018-07-16,41413.5
Red,雙連,2018-07-16,47939.0
Red,民權西路,2018-07-16,28169.5
Red,圓山,2018-07-16,50769.0
Red,劍潭,2018-07-16,59468.0
Red,士林,2018-07-16,51696.0
Red,芝山,2018-07-16,45821.0
Red,明德,2018-07-16,24651.0
Red,石牌,2018-07-16,63762.0
Red,唭哩岸,2018-07-16,15544.0
Red,奇岩,2018-07-16,18361.0
Red,北投,2018-07-16,33484.0
Red,新北投,2018-07-16,9105.0
Red,復興崗,2018-07-16,7190.0
Red,忠義,2018-07-16,5924.0
Red,關渡,2018-07-16,22198.0
Red,竹圍,2018-07-16,18943.0
Red,紅樹林,2018-07-16,13952.0
Red,淡水,2018-07-16,69038.0
Red,象山,2018-07-16,24871.0
Red,台北101/世貿,2018-07-16,64628.0
Red,信義安和,2018-07-16,36607.0
Red,大安森林公園,2018-07-16,16549.0
Red,東門,2018-07-16,26111.0
Red,大安,2018-07-16,25563.0
Red,中正紀念堂,2018-07-17,34740.0
Red,台大醫院,2018-07-17,55560.0
Red,台北車站,2018-07-17,160051.0
Red,中山,2018-07-17,42449.0
Red,雙連,2018-07-17,49494.0
Red,民權西路,2018-07-17,28592.5
Red,圓山,2018-07-17,52971.0
Red,劍潭,2018-07-17,62294.0
Red,士林,2018-07-17,54792.0
Red,芝山,2018-07-17,47661.0
Red,明德,2018-07-17,25031.0
Red,石牌,2018-07-17,63153.0
Red,唭哩岸,2018-07-17,15946.0
Red,奇岩,2018-07-17,19286.0
Red,北投,2018-07-17,34762.0
Red,新北投,2018-07-17,9654.0
Red,復興崗,2018-07-17,7576.0
Red,忠義,2018-07-17,6036.0
Red,關渡,2018-07-17,22949.0
Red,竹圍,2018-07-17,19420.0
Red,紅樹林,2018-07-17,14368.0
Red,淡水,2018-07-17,69212.0
Red,象山,2018-07-17,25792.0
Red,台北101/世貿,2018-07-17,60490.0
Red,信義安和,2018-07-17,38351.0
Red,大安森林公園,2018-07-17,16777.0
Red,東門,2018-07-17,26973.0
Red,大安,2018-07-17,26312.5
Red,中正紀念堂,2018-07-18,34502.0
Red,台大醫院,2018-07-18,55900.0
Red,台北車站,2018-07-18,161199.5
Red,中山,2018-07-18,43647.0
Red,雙連,2018-07-18,49082.0
Red,民權西路,2018-07-18,28933.5
Red,圓山,2018-07-18,53285.0
Red,劍潭,2018-07-18,62168.0
Red,士林,2018-07-18,54507.0
Red,芝山,2018-07-18,47587.0
Red,明德,2018-07-18,25151.0
Red,石牌,2018-07-18,64946.0
Red,唭哩岸,2018-07-18,15798.0
Red,奇岩,2018-07-18,19514.0
Red,北投,2018-07-18,35209.0
Red,新北投,2018-07-18,9954.0
Red,復興崗,2018-07-18,7489.0
Red,忠義,2018-07-18,6086.0
Red,關渡,2018-07-18,22878.0
Red,竹圍,2018-07-18,19029.0
Red,紅樹林,2018-07-18,14337.0
Red,淡水,2018-07-18,70795.0
Red,象山,2018-07-18,26709.0
Red,台北101/世貿,2018-07-18,58630.0
Red,信義安和,2018-07-18,38146.0
Red,大安森林公園,2018-07-18,16827.0
Red,東門,2018-07-18,27197.5
Red,大安,2018-07-18,26275.0
Red,中正紀念堂,2018-07-19,34466.0
Red,台大醫院,2018-07-19,54254.0
Red,台北車站,2018-07-19,159703.0
Red,中山,2018-07-19,43251.5
Red,雙連,2018-07-19,48444.0
Red,民權西路,2018-07-19,28291.5
Red,圓山,2018-07-19,52841.0
Red,劍潭,2018-07-19,61619.0
Red,士林,2018-07-19,53561.0
Red,芝山,2018-07-19,46791.0
Red,明德,2018-07-19,24810.0
Red,石牌,2018-07-19,63239.0
Red,唭哩岸,2018-07-19,16239.0
Red,奇岩,2018-07-19,19477.0
Red,北投,2018-07-19,34569.0
Red,新北投,2018-07-19,9745.0
Red,復興崗,2018-07-19,7196.0
Red,忠義,2018-07-19,6158.0
Red,關渡,2018-07-19,22329.0
Red,竹圍,2018-07-19,19210.0
Red,紅樹林,2018-07-19,14430.0
Red,淡水,2018-07-19,69937.0
Red,象山,2018-07-19,26277.0
Red,台北101/世貿,2018-07-19,61533.0
Red,信義安和,2018-07-19,38072.0
Red,大安森林公園,2018-07-19,16983.0
Red,東門,2018-07-19,27310.5
Red,大安,2018-07-19,27074.0
Red,中正紀念堂,2018-07-20,37768.0
Red,台大醫院,2018-07-20,55421.0
Red,台北車站,2018-07-20,185361.0
Red,中山,2018-07-20,48047.0
Red,雙連,2018-07-20,51011.0
Red,民權西路,2018-07-20,29839.5
Red,圓山,2018-07-20,54991.0
Red,劍潭,2018-07-20,65844.0
Red,士林,2018-07-20,57228.0
Red,芝山,2018-07-20,50113.0
Red,明德,2018-07-20,25585.0
Red,石牌,2018-07-20,63053.0
Red,唭哩岸,2018-07-20,16480.0
Red,奇岩,2018-07-20,19590.0
Red,北投,2018-07-20,36559.0
Red,新北投,2018-07-20,10463.0
Red,復興崗,2018-07-20,7351.0
Red,忠義,2018-07-20,6189.0
Red,關渡,2018-07-20,22123.0
Red,竹圍,2018-07-20,19632.0
Red,紅樹林,2018-07-20,14470.0
Red,淡水,2018-07-20,74399.0
Red,象山,2018-07-20,27064.0
Red,台北101/世貿,2018-07-20,81775.0
Red,信義安和,2018-07-20,40695.0
Red,大安森林公園,2018-07-20,18528.0
Red,東門,2018-07-20,29752.0
Red,大安,2018-07-20,27570.0
Red,中正紀念堂,2018-07-21,30000.0
Red,台大醫院,2018-07-21,26065.0
Red,台北車站,2018-07-21,177818.5
Red,中山,2018-07-21,45571.5
Red,雙連,2018-07-21,40045.0
Red,民權西路,2018-07-21,22796.0
Red,圓山,2018-07-21,51481.0
Red,劍潭,2018-07-21,62177.0
Red,士林,2018-07-21,51903.0
Red,芝山,2018-07-21,39029.0
Red,明德,2018-07-21,17600.0
Red,石牌,2018-07-21,46819.0
Red,唭哩岸,2018-07-21,12403.0
Red,奇岩,2018-07-21,13319.0
Red,北投,2018-07-21,28291.0
Red,新北投,2018-07-21,10702.0
Red,復興崗,2018-07-21,6073.0
Red,忠義,2018-07-21,4203.0
Red,關渡,2018-07-21,15224.0
Red,竹圍,2018-07-21,16013.0
Red,紅樹林,2018-07-21,11445.0
Red,淡水,2018-07-21,70895.0
Red,象山,2018-07-21,17920.0
Red,台北101/世貿,2018-07-21,80272.0
Red,信義安和,2018-07-21,28842.0
Red,大安森林公園,2018-07-21,19006.0
Red,東門,2018-07-21,26558.5
Red,大安,2018-07-21,18692.0
Red,中正紀念堂,2018-07-22,29150.5
Red,台大醫院,2018-07-22,21763.0
Red,台北車站,2018-07-22,172975.0
Red,中山,2018-07-22,37902.0
Red,雙連,2018-07-22,30731.0
Red,民權西路,2018-07-22,21349.0
Red,圓山,2018-07-22,45801.0
Red,劍潭,2018-07-22,56644.0
Red,士林,2018-07-22,45578.0
Red,芝山,2018-07-22,37596.0
Red,明德,2018-07-22,14901.0
Red,石牌,2018-07-22,39472.0
Red,唭哩岸,2018-07-22,10579.0
Red,奇岩,2018-07-22,11134.0
Red,北投,2018-07-22,26432.0
Red,新北投,2018-07-22,10219.0
Red,復興崗,2018-07-22,5610.0
Red,忠義,2018-07-22,3047.0
Red,關渡,2018-07-22,13912.0
Red,竹圍,2018-07-22,14211.0
Red,紅樹林,2018-07-22,10409.0
Red,淡水,2018-07-22,71589.0
Red,象山,2018-07-22,16625.0
Red,台北101/世貿,2018-07-22,76887.0
Red,信義安和,2018-07-22,22391.0
Red,大安森林公園,2018-07-22,17231.0
Red,東門,2018-07-22,24229.0
Red,大安,2018-07-22,14806.5
Red,中正紀念堂,2018-07-23,33508.0
Red,台大醫院,2018-07-23,53283.0
Red,台北車站,2018-07-23,158695.5
Red,中山,2018-07-23,40568.5
Red,雙連,2018-07-23,48385.0
Red,民權西路,2018-07-23,28616.0
Red,圓山,2018-07-23,50765.0
Red,劍潭,2018-07-23,57791.0
Red,士林,2018-07-23,52746.0
Red,芝山,2018-07-23,45171.0
Red,明德,2018-07-23,25260.0
Red,石牌,2018-07-23,61899.0
Red,唭哩岸,2018-07-23,15619.0
Red,奇岩,2018-07-23,18289.0
Red,北投,2018-07-23,33556.0
Red,新北投,2018-07-23,10383.0
Red,復興崗,2018-07-23,7458.0
Red,忠義,2018-07-23,5902.0
Red,關渡,2018-07-23,22107.0
Red,竹圍,2018-07-23,18710.0
Red,紅樹林,2018-07-23,13846.0
Red,淡水,2018-07-23,66763.0
Red,象山,2018-07-23,24984.0
Red,台北101/世貿,2018-07-23,74786.0
Red,信義安和,2018-07-23,36715.0
Red,大安森林公園,2018-07-23,15840.0
Red,東門,2018-07-23,26379.5
Red,大安,2018-07-23,25336.5
Red,中正紀念堂,2018-07-24,34504.5
Red,台大醫院,2018-07-24,54566.0
Red,台北車站,2018-07-24,155020.0
Red,中山,2018-07-24,41479.5
Red,雙連,2018-07-24,48781.0
Red,民權西路,2018-07-24,27679.5
Red,圓山,2018-07-24,53333.0
Red,劍潭,2018-07-24,59672.0
Red,士林,2018-07-24,54895.0
Red,芝山,2018-07-24,46613.0
Red,明德,2018-07-24,24934.0
Red,石牌,2018-07-24,62743.0
Red,唭哩岸,2018-07-24,15853.0
Red,奇岩,2018-07-24,18684.0
Red,北投,2018-07-24,34128.0
Red,新北投,2018-07-24,10519.0
Red,復興崗,2018-07-24,7764.0
Red,忠義,2018-07-24,6025.0
Red,關渡,2018-07-24,22084.0
Red,竹圍,2018-07-24,18777.0
Red,紅樹林,2018-07-24,14088.0
Red,淡水,2018-07-24,65730.0
Red,象山,2018-07-24,25075.0
Red,台北101/世貿,2018-07-24,57258.0
Red,信義安和,2018-07-24,37600.0
Red,大安森林公園,2018-07-24,16683.0
Red,東門,2018-07-24,26813.5
Red,大安,2018-07-24,26405.5
Red,中正紀念堂,2018-07-25,35259.0
Red,台大醫院,2018-07-25,55484.0
Red,台北車站,2018-07-25,158261.0
Red,中山,2018-07-25,42986.0
Red,雙連,2018-07-25,49551.0
Red,民權西路,2018-07-25,28167.5
Red,圓山,2018-07-25,53921.0
Red,劍潭,2018-07-25,60771.0
Red,士林,2018-07-25,55939.0
Red,芝山,2018-07-25,47591.0
Red,明德,2018-07-25,25317.0
Red,石牌,2018-07-25,63495.0
Red,唭哩岸,2018-07-25,16036.0
Red,奇岩,2018-07-25,19000.0
Red,北投,2018-07-25,35363.0
Red,新北投,2018-07-25,11236.0
Red,復興崗,2018-07-25,7859.0
Red,忠義,2018-07-25,6238.0
Red,關渡,2018-07-25,22399.0
Red,竹圍,2018-07-25,18805.0
Red,紅樹林,2018-07-25,14348.0
Red,淡水,2018-07-25,70043.0
Red,象山,2018-07-25,25772.0
Red,台北101/世貿,2018-07-25,59697.0
Red,信義安和,2018-07-25,37825.0
Red,大安森林公園,2018-07-25,16993.0
Red,東門,2018-07-25,27148.0
Red,大安,2018-07-25,26296.5
Red,中正紀念堂,2018-07-26,35769.0
Red,台大醫院,2018-07-26,54219.0
Red,台北車站,2018-07-26,162414.5
Red,中山,2018-07-26,44264.5
Red,雙連,2018-07-26,49256.0
Red,民權西路,2018-07-26,28692.0
Red,圓山,2018-07-26,53496.0
Red,劍潭,2018-07-26,62032.0
Red,士林,2018-07-26,55564.0
Red,芝山,2018-07-26,47938.0
Red,明德,2018-07-26,25457.0
Red,石牌,2018-07-26,62413.0
Red,唭哩岸,2018-07-26,16189.0
Red,奇岩,2018-07-26,19285.0
Red,北投,2018-07-26,35030.0
Red,新北投,2018-07-26,10981.0
Red,復興崗,2018-07-26,8183.0
Red,忠義,2018-07-26,6071.0
Red,關渡,2018-07-26,21932.0
Red,竹圍,2018-07-26,18783.0
Red,紅樹林,2018-07-26,14408.0
Red,淡水,2018-07-26,71784.0
Red,象山,2018-07-26,25853.0
Red,台北101/世貿,2018-07-26,64548.0
Red,信義安和,2018-07-26,38269.0
Red,大安森林公園,2018-07-26,17009.0
Red,東門,2018-07-26,27613.5
Red,大安,2018-07-26,27069.5
Red,中正紀念堂,2018-07-27,38656.5
Red,台大醫院,2018-07-27,53605.0
Red,台北車站,2018-07-27,187908.5
Red,中山,2018-07-27,48102.0
Red,雙連,2018-07-27,52092.0
Red,民權西路,2018-07-27,29934.0
Red,圓山,2018-07-27,56067.0
Red,劍潭,2018-07-27,66253.0
Red,士林,2018-07-27,59105.0
Red,芝山,2018-07-27,50832.0
Red,明德,2018-07-27,25648.0
Red,石牌,2018-07-27,63336.0
Red,唭哩岸,2018-07-27,16433.0
Red,奇岩,2018-07-27,20269.0
Red,北投,2018-07-27,36084.0
Red,新北投,2018-07-27,12472.0
Red,復興崗,2018-07-27,7624.0
Red,忠義,2018-07-27,6316.0
Red,關渡,2018-07-27,22474.0
Red,竹圍,2018-07-27,19647.0
Red,紅樹林,2018-07-27,14816.0
Red,淡水,2018-07-27,73628.0
Red,象山,2018-07-27,27045.0
Red,台北101/世貿,2018-07-27,68080.0
Red,信義安和,2018-07-27,40848.0
Red,大安森林公園,2018-07-27,18170.0
Red,東門,2018-07-27,29983.5
Red,大安,2018-07-27,27239.0
Red,中正紀念堂,2018-07-28,39745.0
Red,台大醫院,2018-07-28,26036.0
Red,台北車站,2018-07-28,197509.0
Red,中山,2018-07-28,48038.5
Red,雙連,2018-07-28,42363.0
Red,民權西路,2018-07-28,24698.5
Red,圓山,2018-07-28,88499.0
Red,劍潭,2018-07-28,74032.0
Red,士林,2018-07-28,56606.0
Red,芝山,2018-07-28,42959.0
Red,明德,2018-07-28,18765.0
Red,石牌,2018-07-28,52220.0
Red,唭哩岸,2018-07-28,12662.0
Red,奇岩,2018-07-28,13968.0
Red,北投,2018-07-28,30545.0
Red,新北投,2018-07-28,11991.0
Red,復興崗,2018-07-28,6332.0
Red,忠義,2018-07-28,4040.0
Red,關渡,2018-07-28,16366.0
Red,竹圍,2018-07-28,16946.0
Red,紅樹林,2018-07-28,11946.0
Red,淡水,2018-07-28,84189.0
Red,象山,2018-07-28,21142.0
Red,台北101/世貿,2018-07-28,58934.0
Red,信義安和,2018-07-28,29585.0
Red,大安森林公園,2018-07-28,22390.0
Red,東門,2018-07-28,29049.0
Red,大安,2018-07-28,19205.0
Red,中正紀念堂,2018-07-29,29559.5
Red,台大醫院,2018-07-29,22208.0
Red,台北車站,2018-07-29,184645.0
Red,中山,2018-07-29,40519.0
Red,雙連,2018-07-29,31387.0
Red,民權西路,2018-07-29,22372.0
Red,圓山,2018-07-29,70276.0
Red,劍潭,2018-07-29,62118.0
Red,士林,2018-07-29,49167.0
Red,芝山,2018-07-29,41080.0
Red,明德,2018-07-29,14721.0
Red,石牌,2018-07-29,39495.0
Red,唭哩岸,2018-07-29,10789.0
Red,奇岩,2018-07-29,12396.0
Red,北投,2018-07-29,27343.0
Red,新北投,2018-07-29,10656.0
Red,復興崗,2018-07-29,5455.0
Red,忠義,2018-07-29,3163.0
Red,關渡,2018-07-29,14338.0
Red,竹圍,2018-07-29,14305.0
Red,紅樹林,2018-07-29,10373.0
Red,淡水,2018-07-29,78281.0
Red,象山,2018-07-29,18447.0
Red,台北101/世貿,2018-07-29,51309.0
Red,信義安和,2018-07-29,23117.0
Red,大安森林公園,2018-07-29,20194.0
Red,東門,2018-07-29,25340.0
Red,大安,2018-07-29,16306.5
Red,中正紀念堂,2018-07-30,32878.5
Red,台大醫院,2018-07-30,53002.0
Red,台北車站,2018-07-30,157795.0
Red,中山,2018-07-30,41076.0
Red,雙連,2018-07-30,48630.0
Red,民權西路,2018-07-30,27649.5
Red,圓山,2018-07-30,50163.0
Red,劍潭,2018-07-30,58136.0
Red,士林,2018-07-30,52199.0
Red,芝山,2018-07-30,45451.0
Red,明德,2018-07-30,24809.0
Red,石牌,2018-07-30,61172.0
Red,唭哩岸,2018-07-30,15493.0
Red,奇岩,2018-07-30,18779.0
Red,北投,2018-07-30,33282.0
Red,新北投,2018-07-30,9949.0
Red,復興崗,2018-07-30,6865.0
Red,忠義,2018-07-30,5886.0
Red,關渡,2018-07-30,21547.0
Red,竹圍,2018-07-30,18483.0
Red,紅樹林,2018-07-30,13760.0
Red,淡水,2018-07-30,68302.0
Red,象山,2018-07-30,26154.0
Red,台北101/世貿,2018-07-30,60050.0
Red,信義安和,2018-07-30,36358.0
Red,大安森林公園,2018-07-30,15954.0
Red,東門,2018-07-30,26352.0
Red,大安,2018-07-30,24667.0
Red,中正紀念堂,2018-07-31,34792.5
Red,台大醫院,2018-07-31,54035.0
Red,台北車站,2018-07-31,155081.5
Red,中山,2018-07-31,42439.0
Red,雙連,2018-07-31,48753.0
Red,民權西路,2018-07-31,28194.5
Red,圓山,2018-07-31,53381.0
Red,劍潭,2018-07-31,60873.0
Red,士林,2018-07-31,54872.0
Red,芝山,2018-07-31,47232.0
Red,明德,2018-07-31,25457.0
Red,石牌,2018-07-31,61754.0
Red,唭哩岸,2018-07-31,15952.0
Red,奇岩,2018-07-31,18893.0
Red,北投,2018-07-31,34919.0
Red,新北投,2018-07-31,10428.0
Red,復興崗,2018-07-31,7475.0
Red,忠義,2018-07-31,5843.0
Red,關渡,2018-07-31,22572.0
Red,竹圍,2018-07-31,18857.0
Red,紅樹林,2018-07-31,13927.0
Red,淡水,2018-07-31,67662.0
Red,象山,2018-07-31,26144.0
Red,台北101/世貿,2018-07-31,58485.0
Red,信義安和,2018-07-31,37486.0
Red,大安森林公園,2018-07-31,16112.0
Red,東門,2018-07-31,26919.0
Red,大安,2018-07-31,26092.0
Red,中正紀念堂,2018-08-01,34189.0
Red,台大醫院,2018-08-01,53597.0
Red,台北車站,2018-08-01,152788.5
Red,中山,2018-08-01,42637.0
Red,雙連,2018-08-01,49431.0
Red,民權西路,2018-08-01,28676.0
Red,圓山,2018-08-01,51813.0
Red,劍潭,2018-08-01,59012.0
Red,士林,2018-08-01,54135.0
Red,芝山,2018-08-01,47734.0
Red,明德,2018-08-01,24711.0
Red,石牌,2018-08-01,62443.0
Red,唭哩岸,2018-08-01,15847.0
Red,奇岩,2018-08-01,18979.0
Red,北投,2018-08-01,34855.0
Red,新北投,2018-08-01,10351.0
Red,復興崗,2018-08-01,7624.0
Red,忠義,2018-08-01,5889.0
Red,關渡,2018-08-01,22334.0
Red,竹圍,2018-08-01,18511.0
Red,紅樹林,2018-08-01,13920.0
Red,淡水,2018-08-01,66610.0
Red,象山,2018-08-01,25508.0
Red,台北101/世貿,2018-08-01,59627.0
Red,信義安和,2018-08-01,37586.0
Red,大安森林公園,2018-08-01,16147.0
Red,東門,2018-08-01,27361.5
Red,大安,2018-08-01,25846.5
Red,中正紀念堂,2018-08-02,35518.0
Red,台大醫院,2018-08-02,53947.0
Red,台北車站,2018-08-02,156505.5
Red,中山,2018-08-02,44135.0
Red,雙連,2018-08-02,48827.0
Red,民權西路,2018-08-02,28462.0
Red,圓山,2018-08-02,53342.0
Red,劍潭,2018-08-02,61317.0
Red,士林,2018-08-02,54842.0
Red,芝山,2018-08-02,47008.0
Red,明德,2018-08-02,24894.0
Red,石牌,2018-08-02,61960.0
Red,唭哩岸,2018-08-02,15913.0
Red,奇岩,2018-08-02,19050.0
Red,北投,2018-08-02,34837.0
Red,新北投,2018-08-02,10075.0
Red,復興崗,2018-08-02,7596.0
Red,忠義,2018-08-02,5851.0
Red,關渡,2018-08-02,22172.0
Red,竹圍,2018-08-02,18886.0
Red,紅樹林,2018-08-02,14279.0
Red,淡水,2018-08-02,68012.0
Red,象山,2018-08-02,25903.0
Red,台北101/世貿,2018-08-02,62707.0
Red,信義安和,2018-08-02,37929.0
Red,大安森林公園,2018-08-02,16284.0
Red,東門,2018-08-02,27436.0
Red,大安,2018-08-02,25823.5
Red,中正紀念堂,2018-08-03,36145.5
Red,台大醫院,2018-08-03,54403.0
Red,台北車站,2018-08-03,185380.0
Red,中山,2018-08-03,48325.5
Red,雙連,2018-08-03,49740.0
Red,民權西路,2018-08-03,29209.5
Red,圓山,2018-08-03,57185.0
Red,劍潭,2018-08-03,60933.0
Red,士林,2018-08-03,56876.0
Red,芝山,2018-08-03,48467.0
Red,明德,2018-08-03,24963.0
Red,石牌,2018-08-03,60981.0
Red,唭哩岸,2018-08-03,16122.0
Red,奇岩,2018-08-03,19691.0
Red,北投,2018-08-03,35217.0
Red,新北投,2018-08-03,11214.0
Red,復興崗,2018-08-03,7533.0
Red,忠義,2018-08-03,5880.0
Red,關渡,2018-08-03,21671.0
Red,竹圍,2018-08-03,18960.0
Red,紅樹林,2018-08-03,14320.0
Red,淡水,2018-08-03,69204.0
Red,象山,2018-08-03,27054.0
Red,台北101/世貿,2018-08-03,64701.0
Red,信義安和,2018-08-03,40339.0
Red,大安森林公園,2018-08-03,17149.0
Red,東門,2018-08-03,29154.0
Red,大安,2018-08-03,27161.5
Red,中正紀念堂,2018-08-04,31124.0
Red,台大醫院,2018-08-04,26425.0
Red,台北車站,2018-08-04,179478.5
Red,中山,2018-08-04,47233.5
Red,雙連,2018-08-04,40720.0
Red,民權西路,2018-08-04,22617.5
Red,圓山,2018-08-04,55756.0
Red,劍潭,2018-08-04,67790.0
Red,士林,2018-08-04,54140.0
Red,芝山,2018-08-04,40405.0
Red,明德,2018-08-04,18102.0
Red,石牌,2018-08-04,51901.0
Red,唭哩岸,2018-08-04,12244.0
Red,奇岩,2018-08-04,13200.0
Red,北投,2018-08-04,30016.0
Red,新北投,2018-08-04,11920.0
Red,復興崗,2018-08-04,6362.0
Red,忠義,2018-08-04,3877.0
Red,關渡,2018-08-04,16003.0
Red,竹圍,2018-08-04,16419.0
Red,紅樹林,2018-08-04,11810.0
Red,淡水,2018-08-04,79639.0
Red,象山,2018-08-04,19574.0
Red,台北101/世貿,2018-08-04,55393.0
Red,信義安和,2018-08-04,28914.0
Red,大安森林公園,2018-08-04,18026.0
Red,東門,2018-08-04,27414.5
Red,大安,2018-08-04,18105.0
Red,中正紀念堂,2018-08-05,28362.5
Red,台大醫院,2018-08-05,20941.0
Red,台北車站,2018-08-05,179348.0
Red,中山,2018-08-05,40107.0
Red,雙連,2018-08-05,30817.0
Red,民權西路,2018-08-05,21786.0
Red,圓山,2018-08-05,51654.0
Red,劍潭,2018-08-05,59752.0
Red,士林,2018-08-05,47516.0
Red,芝山,2018-08-05,40024.0
Red,明德,2018-08-05,15234.0
Red,石牌,2018-08-05,40867.0
Red,唭哩岸,2018-08-05,10818.0
Red,奇岩,2018-08-05,11398.0
Red,北投,2018-08-05,27014.0
Red,新北投,2018-08-05,10952.0
Red,復興崗,2018-08-05,5676.0
Red,忠義,2018-08-05,3838.0
Red,關渡,2018-08-05,14311.0
Red,竹圍,2018-08-05,14195.0
Red,紅樹林,2018-08-05,10347.0
Red,淡水,2018-08-05,76193.0
Red,象山,2018-08-05,17348.0
Red,台北101/世貿,2018-08-05,50632.0
Red,信義安和,2018-08-05,22474.0
Red,大安森林公園,2018-08-05,17336.0
Red,東門,2018-08-05,24923.5
Red,大安,2018-08-05,14233.0
Red,中正紀念堂,2018-08-06,31789.0
Red,台大醫院,2018-08-06,52586.0
Red,台北車站,2018-08-06,161602.5
Red,中山,2018-08-06,42145.5
Red,雙連,2018-08-06,48373.0
Red,民權西路,2018-08-06,28050.0
Red,圓山,2018-08-06,50134.0
Red,劍潭,2018-08-06,60096.0
Red,士林,2018-08-06,53016.0
Red,芝山,2018-08-06,45693.0
Red,明德,2018-08-06,24310.0
Red,石牌,2018-08-06,60401.0
Red,唭哩岸,2018-08-06,15123.0
Red,奇岩,2018-08-06,18665.0
Red,北投,2018-08-06,33625.0
Red,新北投,2018-08-06,9629.0
Red,復興崗,2018-08-06,7289.0
Red,忠義,2018-08-06,5923.0
Red,關渡,2018-08-06,23106.0
Red,竹圍,2018-08-06,18233.0
Red,紅樹林,2018-08-06,13880.0
Red,淡水,2018-08-06,69135.0
Red,象山,2018-08-06,25610.0
Red,台北101/世貿,2018-08-06,59793.0
Red,信義安和,2018-08-06,36759.0
Red,大安森林公園,2018-08-06,16236.0
Red,東門,2018-08-06,26509.5
Red,大安,2018-08-06,25021.0
Red,中正紀念堂,2018-08-07,34271.0
Red,台大醫院,2018-08-07,54494.0
Red,台北車站,2018-08-07,157691.0
Red,中山,2018-08-07,44033.5
Red,雙連,2018-08-07,49443.0
Red,民權西路,2018-08-07,28770.5
Red,圓山,2018-08-07,53822.0
Red,劍潭,2018-08-07,62921.0
Red,士林,2018-08-07,55276.0
Red,芝山,2018-08-07,47697.0
Red,明德,2018-08-07,24983.0
Red,石牌,2018-08-07,62244.0
Red,唭哩岸,2018-08-07,15736.0
Red,奇岩,2018-08-07,18912.0
Red,北投,2018-08-07,34883.0
Red,新北投,2018-08-07,10117.0
Red,復興崗,2018-08-07,7816.0
Red,忠義,2018-08-07,5926.0
Red,關渡,2018-08-07,22170.0
Red,竹圍,2018-08-07,19003.0
Red,紅樹林,2018-08-07,14333.0
Red,淡水,2018-08-07,69004.0
Red,象山,2018-08-07,26874.0
Red,台北101/世貿,2018-08-07,61254.0
Red,信義安和,2018-08-07,38345.0
Red,大安森林公園,2018-08-07,16492.0
Red,東門,2018-08-07,27749.5
Red,大安,2018-08-07,25939.5
Red,中正紀念堂,2018-08-08,33802.5
Red,台大醫院,2018-08-08,54328.0
Red,台北車站,2018-08-08,155087.5
Red,中山,2018-08-08,43824.5
Red,雙連,2018-08-08,48730.0
Red,民權西路,2018-08-08,28035.0
Red,圓山,2018-08-08,51808.0
Red,劍潭,2018-08-08,60011.0
Red,士林,2018-08-08,54422.0
Red,芝山,2018-08-08,48753.0
Red,明德,2018-08-08,25057.0
Red,石牌,2018-08-08,63777.0
Red,唭哩岸,2018-08-08,15841.0
Red,奇岩,2018-08-08,18717.0
Red,北投,2018-08-08,35312.0
Red,新北投,2018-08-08,10933.0
Red,復興崗,2018-08-08,7715.0
Red,忠義,2018-08-08,6210.0
Red,關渡,2018-08-08,23211.0
Red,竹圍,2018-08-08,19050.0
Red,紅樹林,2018-08-08,14628.0
Red,淡水,2018-08-08,68663.0
Red,象山,2018-08-08,26498.0
Red,台北101/世貿,2018-08-08,61177.0
Red,信義安和,2018-08-08,37873.0
Red,大安森林公園,2018-08-08,16252.0
Red,東門,2018-08-08,27992.5
Red,大安,2018-08-08,25706.5
Red,中正紀念堂,2018-08-09,36001.5
Red,台大醫院,2018-08-09,54556.0
Red,台北車站,2018-08-09,164727.5
Red,中山,2018-08-09,45694.5
Red,雙連,2018-08-09,49824.0
Red,民權西路,2018-08-09,28819.0
Red,圓山,2018-08-09,56537.0
Red,劍潭,2018-08-09,64013.0
Red,士林,2018-08-09,55432.0
Red,芝山,2018-08-09,48572.0
Red,明德,2018-08-09,25528.0
Red,石牌,2018-08-09,63129.0
Red,唭哩岸,2018-08-09,15860.0
Red,奇岩,2018-08-09,19063.0
Red,北投,2018-08-09,35167.0
Red,新北投,2018-08-09,10912.0
Red,復興崗,2018-08-09,7642.0
Red,忠義,2018-08-09,6055.0
Red,關渡,2018-08-09,22041.0
Red,竹圍,2018-08-09,19020.0
Red,紅樹林,2018-08-09,14590.0
Red,淡水,2018-08-09,69877.0
Red,象山,2018-08-09,27017.0
Red,台北101/世貿,2018-08-09,63604.0
Red,信義安和,2018-08-09,38488.0
Red,大安森林公園,2018-08-09,16481.0
Red,東門,2018-08-09,28312.0
Red,大安,2018-08-09,26255.5
Red,中正紀念堂,2018-08-10,38101.0
Red,台大醫院,2018-08-10,54366.0
Red,台北車站,2018-08-10,191883.5
Red,中山,2018-08-10,50163.5
Red,雙連,2018-08-10,53215.0
Red,民權西路,2018-08-10,30431.0
Red,圓山,2018-08-10,58606.0
Red,劍潭,2018-08-10,68298.0
Red,士林,2018-08-10,61662.0
Red,芝山,2018-08-10,51190.0
Red,明德,2018-08-10,25594.0
Red,石牌,2018-08-10,64258.0
Red,唭哩岸,2018-08-10,16660.0
Red,奇岩,2018-08-10,19800.0
Red,北投,2018-08-10,36704.0
Red,新北投,2018-08-10,11689.0
Red,復興崗,2018-08-10,8661.0
Red,忠義,2018-08-10,6172.0
Red,關渡,2018-08-10,22551.0
Red,竹圍,2018-08-10,19952.0
Red,紅樹林,2018-08-10,14667.0
Red,淡水,2018-08-10,75719.0
Red,象山,2018-08-10,28433.0
Red,台北101/世貿,2018-08-10,71267.0
Red,信義安和,2018-08-10,41724.0
Red,大安森林公園,2018-08-10,17741.0
Red,東門,2018-08-10,30740.0
Red,大安,2018-08-10,27618.0
Red,中正紀念堂,2018-08-11,31913.0
Red,台大醫院,2018-08-11,25525.0
Red,台北車站,2018-08-11,189657.5
Red,中山,2018-08-11,49209.0
Red,雙連,2018-08-11,42660.0
Red,民權西路,2018-08-11,23694.5
Red,圓山,2018-08-11,54244.0
Red,劍潭,2018-08-11,71737.0
Red,士林,2018-08-11,56948.0
Red,芝山,2018-08-11,41752.0
Red,明德,2018-08-11,18898.0
Red,石牌,2018-08-11,52311.0
Red,唭哩岸,2018-08-11,12894.0
Red,奇岩,2018-08-11,13911.0
Red,北投,2018-08-11,30099.0
Red,新北投,2018-08-11,11305.0
Red,復興崗,2018-08-11,7141.0
Red,忠義,2018-08-11,4163.0
Red,關渡,2018-08-11,17053.0
Red,竹圍,2018-08-11,17105.0
Red,紅樹林,2018-08-11,12730.0
Red,淡水,2018-08-11,84461.0
Red,象山,2018-08-11,19800.0
Red,台北101/世貿,2018-08-11,64419.0
Red,信義安和,2018-08-11,29031.0
Red,大安森林公園,2018-08-11,20729.0
Red,東門,2018-08-11,28718.5
Red,大安,2018-08-11,18483.5
Red,中正紀念堂,2018-08-12,29448.0
Red,台大醫院,2018-08-12,21186.0
Red,台北車站,2018-08-12,187125.0
Red,中山,2018-08-12,41466.5
Red,雙連,2018-08-12,31709.0
Red,民權西路,2018-08-12,22142.0
Red,圓山,2018-08-12,47403.0
Red,劍潭,2018-08-12,60428.0
Red,士林,2018-08-12,47578.0
Red,芝山,2018-08-12,37799.0
Red,明德,2018-08-12,14471.0
Red,石牌,2018-08-12,40943.0
Red,唭哩岸,2018-08-12,10714.0
Red,奇岩,2018-08-12,16278.0
Red,北投,2018-08-12,25521.0
Red,新北投,2018-08-12,10101.0
Red,復興崗,2018-08-12,6153.0
Red,忠義,2018-08-12,2948.0
Red,關渡,2018-08-12,13673.0
Red,竹圍,2018-08-12,14298.0
Red,紅樹林,2018-08-12,10124.0
Red,淡水,2018-08-12,72569.0
Red,象山,2018-08-12,16059.0
Red,台北101/世貿,2018-08-12,57553.0
Red,信義安和,2018-08-12,22529.0
Red,大安森林公園,2018-08-12,18280.0
Red,東門,2018-08-12,25623.0
Red,大安,2018-08-12,14504.0
Red,中正紀念堂,2018-08-13,33277.0
Red,台大醫院,2018-08-13,52846.0
Red,台北車站,2018-08-13,169069.0
Red,中山,2018-08-13,44594.5
Red,雙連,2018-08-13,50182.0
Red,民權西路,2018-08-13,28337.5
Red,圓山,2018-08-13,50894.0
Red,劍潭,2018-08-13,62530.0
Red,士林,2018-08-13,54833.0
Red,芝山,2018-08-13,45880.0
Red,明德,2018-08-13,24181.0
Red,石牌,2018-08-13,60901.0
Red,唭哩岸,2018-08-13,15199.0
Red,奇岩,2018-08-13,22904.0
Red,北投,2018-08-13,33577.0
Red,新北投,2018-08-13,9982.0
Red,復興崗,2018-08-13,7223.0
Red,忠義,2018-08-13,6023.0
Red,關渡,2018-08-13,22085.0
Red,竹圍,2018-08-13,18426.0
Red,紅樹林,2018-08-13,13940.0
Red,淡水,2018-08-13,71675.0
Red,象山,2018-08-13,26297.0
Red,台北101/世貿,2018-08-13,68911.0
Red,信義安和,2018-08-13,37392.0
Red,大安森林公園,2018-08-13,15334.0
Red,東門,2018-08-13,28859.5
Red,大安,2018-08-13,25480.5
Red,中正紀念堂,2018-08-14,34269.5
Red,台大醫院,2018-08-14,55060.0
Red,台北車站,2018-08-14,163374.5
Red,中山,2018-08-14,46066.5
Red,雙連,2018-08-14,51163.0
Red,民權西路,2018-08-14,29248.0
Red,圓山,2018-08-14,54176.0
Red,劍潭,2018-08-14,60575.0
Red,士林,2018-08-14,56491.0
Red,芝山,2018-08-14,47759.0
Red,明德,2018-08-14,25415.0
Red,石牌,2018-08-14,62324.0
Red,唭哩岸,2018-08-14,15767.0
Red,奇岩,2018-08-14,23002.0
Red,北投,2018-08-14,33168.0
Red,新北投,2018-08-14,11093.0
Red,復興崗,2018-08-14,7743.0
Red,忠義,2018-08-14,6077.0
Red,關渡,2018-08-14,21990.0
Red,竹圍,2018-08-14,18694.0
Red,紅樹林,2018-08-14,13918.0
Red,淡水,2018-08-14,68572.0
Red,象山,2018-08-14,26253.0
Red,台北101/世貿,2018-08-14,64265.0
Red,信義安和,2018-08-14,39184.0
Red,大安森林公園,2018-08-14,15306.0
Red,東門,2018-08-14,29360.0
Red,大安,2018-08-14,26359.5
Red,中正紀念堂,2018-08-15,35426.0
Red,台大醫院,2018-08-15,53622.0
Red,台北車站,2018-08-15,164711.5
Red,中山,2018-08-15,46541.0
Red,雙連,2018-08-15,51157.0
Red,民權西路,2018-08-15,28995.5
Red,圓山,2018-08-15,53840.0
Red,劍潭,2018-08-15,63801.0
Red,士林,2018-08-15,57598.0
Red,芝山,2018-08-15,49188.0
Red,明德,2018-08-15,25006.0
Red,石牌,2018-08-15,64188.0
Red,唭哩岸,2018-08-15,15679.0
Red,奇岩,2018-08-15,23503.0
Red,北投,2018-08-15,34648.0
Red,新北投,2018-08-15,11252.0
Red,復興崗,2018-08-15,7639.0
Red,忠義,2018-08-15,6241.0
Red,關渡,2018-08-15,22510.0
Red,竹圍,2018-08-15,19211.0
Red,紅樹林,2018-08-15,14614.0
Red,淡水,2018-08-15,71199.0
Red,象山,2018-08-15,26237.0
Red,台北101/世貿,2018-08-15,64434.0
Red,信義安和,2018-08-15,39370.0
Red,大安森林公園,2018-08-15,16425.0
Red,東門,2018-08-15,29144.0
Red,大安,2018-08-15,26299.0
Red,中正紀念堂,2018-08-16,35925.0
Red,台大醫院,2018-08-16,54967.0
Red,台北車站,2018-08-16,174973.5
Red,中山,2018-08-16,47450.0
Red,雙連,2018-08-16,50492.0
Red,民權西路,2018-08-16,29132.0
Red,圓山,2018-08-16,54148.0
Red,劍潭,2018-08-16,65324.0
Red,士林,2018-08-16,57011.0
Red,芝山,2018-08-16,48472.0
Red,明德,2018-08-16,25077.0
Red,石牌,2018-08-16,64219.0
Red,唭哩岸,2018-08-16,15740.0
Red,奇岩,2018-08-16,23561.0
Red,北投,2018-08-16,33988.0
Red,新北投,2018-08-16,11032.0
Red,復興崗,2018-08-16,7802.0
Red,忠義,2018-08-16,6160.0
Red,關渡,2018-08-16,22291.0
Red,竹圍,2018-08-16,18544.0
Red,紅樹林,2018-08-16,14647.0
Red,淡水,2018-08-16,72189.0
Red,象山,2018-08-16,27080.0
Red,台北101/世貿,2018-08-16,91438.0
Red,信義安和,2018-08-16,39254.0
Red,大安森林公園,2018-08-16,16211.0
Red,東門,2018-08-16,29512.5
Red,大安,2018-08-16,27610.5
Red,中正紀念堂,2018-08-17,37436.0
Red,台大醫院,2018-08-17,53813.0
Red,台北車站,2018-08-17,201168.5
Red,中山,2018-08-17,51467.5
Red,雙連,2018-08-17,52826.0
Red,民權西路,2018-08-17,30616.0
Red,圓山,2018-08-17,55731.0
Red,劍潭,2018-08-17,64682.0
Red,士林,2018-08-17,59501.0
Red,芝山,2018-08-17,49979.0
Red,明德,2018-08-17,25354.0
Red,石牌,2018-08-17,63128.0
Red,唭哩岸,2018-08-17,16013.0
Red,奇岩,2018-08-17,23647.0
Red,北投,2018-08-17,35911.0
Red,新北投,2018-08-17,12073.0
Red,復興崗,2018-08-17,7801.0
Red,忠義,2018-08-17,6239.0
Red,關渡,2018-08-17,22169.0
Red,竹圍,2018-08-17,19075.0
Red,紅樹林,2018-08-17,14681.0
Red,淡水,2018-08-17,73496.0
Red,象山,2018-08-17,26503.0
Red,台北101/世貿,2018-08-17,98619.0
Red,信義安和,2018-08-17,41965.0
Red,大安森林公園,2018-08-17,16252.0
Red,東門,2018-08-17,31460.0
Red,大安,2018-08-17,28657.0
Red,中正紀念堂,2018-08-18,32446.0
Red,台大醫院,2018-08-18,25539.0
Red,台北車站,2018-08-18,198379.5
Red,中山,2018-08-18,49034.0
Red,雙連,2018-08-18,48028.0
Red,民權西路,2018-08-18,23940.5
Red,圓山,2018-08-18,55603.0
Red,劍潭,2018-08-18,69597.0
Red,士林,2018-08-18,57032.0
Red,芝山,2018-08-18,43300.0
Red,明德,2018-08-18,18661.0
Red,石牌,2018-08-18,49961.0
Red,唭哩岸,2018-08-18,12903.0
Red,奇岩,2018-08-18,18881.0
Red,北投,2018-08-18,30426.0
Red,新北投,2018-08-18,12119.0
Red,復興崗,2018-08-18,6627.0
Red,忠義,2018-08-18,3846.0
Red,關渡,2018-08-18,17925.0
Red,竹圍,2018-08-18,17437.0
Red,紅樹林,2018-08-18,14799.0
Red,淡水,2018-08-18,80650.0
Red,象山,2018-08-18,18397.0
Red,台北101/世貿,2018-08-18,100904.0
Red,信義安和,2018-08-18,29195.0
Red,大安森林公園,2018-08-18,18735.0
Red,東門,2018-08-18,28327.0
Red,大安,2018-08-18,20062.5
Red,中正紀念堂,2018-08-19,29631.0
Red,台大醫院,2018-08-19,22547.0
Red,台北車站,2018-08-19,192523.0
Red,中山,2018-08-19,40572.0
Red,雙連,2018-08-19,31896.0
Red,民權西路,2018-08-19,21875.0
Red,圓山,2018-08-19,47438.0
Red,劍潭,2018-08-19,58475.0
Red,士林,2018-08-19,47890.0
Red,芝山,2018-08-19,39966.0
Red,明德,2018-08-19,14888.0
Red,石牌,2018-08-19,40648.0
Red,唭哩岸,2018-08-19,10729.0
Red,奇岩,2018-08-19,11662.0
Red,北投,2018-08-19,25479.0
Red,新北投,2018-08-19,10860.0
Red,復興崗,2018-08-19,5416.0
Red,忠義,2018-08-19,3212.0
Red,關渡,2018-08-19,14305.0
Red,竹圍,2018-08-19,13350.0
Red,紅樹林,2018-08-19,11692.0
Red,淡水,2018-08-19,72420.0
Red,象山,2018-08-19,17210.0
Red,台北101/世貿,2018-08-19,83978.0
Red,信義安和,2018-08-19,22922.0
Red,大安森林公園,2018-08-19,16948.0
Red,東門,2018-08-19,24669.5
Red,大安,2018-08-19,16892.5
Red,中正紀念堂,2018-08-20,31972.0
Red,台大醫院,2018-08-20,52613.0
Red,台北車站,2018-08-20,166949.0
Red,中山,2018-08-20,42085.0
Red,雙連,2018-08-20,50160.0
Red,民權西路,2018-08-20,28009.0
Red,圓山,2018-08-20,49851.0
Red,劍潭,2018-08-20,61104.0
Red,士林,2018-08-20,52372.0
Red,芝山,2018-08-20,45834.0
Red,明德,2018-08-20,24048.0
Red,石牌,2018-08-20,60871.0
Red,唭哩岸,2018-08-20,14878.0
Red,奇岩,2018-08-20,18252.0
Red,北投,2018-08-20,32796.0
Red,新北投,2018-08-20,10080.0
Red,復興崗,2018-08-20,7118.0
Red,忠義,2018-08-20,6218.0
Red,關渡,2018-08-20,21599.0
Red,竹圍,2018-08-20,18524.0
Red,紅樹林,2018-08-20,13808.0
Red,淡水,2018-08-20,70042.0
Red,象山,2018-08-20,25855.0
Red,台北101/世貿,2018-08-20,81004.0
Red,信義安和,2018-08-20,36845.0
Red,大安森林公園,2018-08-20,14517.0
Red,東門,2018-08-20,27015.0
Red,大安,2018-08-20,26350.5
Red,中正紀念堂,2018-08-21,34671.5
Red,台大醫院,2018-08-21,54072.0
Red,台北車站,2018-08-21,157689.0
Red,中山,2018-08-21,43419.5
Red,雙連,2018-08-21,49797.0
Red,民權西路,2018-08-21,28580.0
Red,圓山,2018-08-21,54355.0
Red,劍潭,2018-08-21,63948.0
Red,士林,2018-08-21,54699.0
Red,芝山,2018-08-21,47041.0
Red,明德,2018-08-21,24433.0
Red,石牌,2018-08-21,60891.0
Red,唭哩岸,2018-08-21,15326.0
Red,奇岩,2018-08-21,18744.0
Red,北投,2018-08-21,34190.0
Red,新北投,2018-08-21,10587.0
Red,復興崗,2018-08-21,7483.0
Red,忠義,2018-08-21,6198.0
Red,關渡,2018-08-21,22512.0
Red,竹圍,2018-08-21,18678.0
Red,紅樹林,2018-08-21,14209.0
Red,淡水,2018-08-21,69361.0
Red,象山,2018-08-21,26244.0
Red,台北101/世貿,2018-08-21,61350.0
Red,信義安和,2018-08-21,37913.0
Red,大安森林公園,2018-08-21,15709.0
Red,東門,2018-08-21,27471.0
Red,大安,2018-08-21,25301.5
Red,中正紀念堂,2018-08-22,34787.0
Red,台大醫院,2018-08-22,53407.0
Red,台北車站,2018-08-22,160138.0
Red,中山,2018-08-22,44740.0
Red,雙連,2018-08-22,50796.0
Red,民權西路,2018-08-22,29133.5
Red,圓山,2018-08-22,53143.0
Red,劍潭,2018-08-22,64037.0
Red,士林,2018-08-22,54960.0
Red,芝山,2018-08-22,48566.0
Red,明德,2018-08-22,24904.0
Red,石牌,2018-08-22,63663.0
Red,唭哩岸,2018-08-22,15516.0
Red,奇岩,2018-08-22,18751.0
Red,北投,2018-08-22,33881.0
Red,新北投,2018-08-22,10241.0
Red,復興崗,2018-08-22,7492.0
Red,忠義,2018-08-22,6344.0
Red,關渡,2018-08-22,22373.0
Red,竹圍,2018-08-22,18996.0
Red,紅樹林,2018-08-22,14337.0
Red,淡水,2018-08-22,71123.0
Red,象山,2018-08-22,26757.0
Red,台北101/世貿,2018-08-22,60117.0
Red,信義安和,2018-08-22,38165.0
Red,大安森林公園,2018-08-22,16218.0
Red,東門,2018-08-22,27830.0
Red,大安,2018-08-22,25801.5
Red,中正紀念堂,2018-08-23,34764.5
Red,台大醫院,2018-08-23,53041.0
Red,台北車站,2018-08-23,158659.5
Red,中山,2018-08-23,44617.0
Red,雙連,2018-08-23,48989.0
Red,民權西路,2018-08-23,28636.0
Red,圓山,2018-08-23,52469.0
Red,劍潭,2018-08-23,63437.0
Red,士林,2018-08-23,54037.0
Red,芝山,2018-08-23,47293.0
Red,明德,2018-08-23,24578.0
Red,石牌,2018-08-23,61192.0
Red,唭哩岸,2018-08-23,15612.0
Red,奇岩,2018-08-23,18993.0
Red,北投,2018-08-23,32909.0
Red,新北投,2018-08-23,10162.0
Red,復興崗,2018-08-23,7295.0
Red,忠義,2018-08-23,6229.0
Red,關渡,2018-08-23,21623.0
Red,竹圍,2018-08-23,18649.0
Red,紅樹林,2018-08-23,14495.0
Red,淡水,2018-08-23,70149.0
Red,象山,2018-08-23,26051.0
Red,台北101/世貿,2018-08-23,61740.0
Red,信義安和,2018-08-23,38958.0
Red,大安森林公園,2018-08-23,15845.0
Red,東門,2018-08-23,27957.0
Red,大安,2018-08-23,27175.0
Red,中正紀念堂,2018-08-24,35517.0
Red,台大醫院,2018-08-24,52011.0
Red,台北車站,2018-08-24,176824.0
Red,中山,2018-08-24,49374.5
Red,雙連,2018-08-24,50217.0
Red,民權西路,2018-08-24,29557.5
Red,圓山,2018-08-24,53726.0
Red,劍潭,2018-08-24,61918.0
Red,士林,2018-08-24,56584.0
Red,芝山,2018-08-24,49327.0
Red,明德,2018-08-24,24454.0
Red,石牌,2018-08-24,61450.0
Red,唭哩岸,2018-08-24,15992.0
Red,奇岩,2018-08-24,18891.0
Red,北投,2018-08-24,34953.0
Red,新北投,2018-08-24,10789.0
Red,復興崗,2018-08-24,7319.0
Red,忠義,2018-08-24,6343.0
Red,關渡,2018-08-24,21601.0
Red,竹圍,2018-08-24,18761.0
Red,紅樹林,2018-08-24,14362.0
Red,淡水,2018-08-24,66760.0
Red,象山,2018-08-24,25422.0
Red,台北101/世貿,2018-08-24,78891.0
Red,信義安和,2018-08-24,41040.0
Red,大安森林公園,2018-08-24,16102.0
Red,東門,2018-08-24,29157.5
Red,大安,2018-08-24,29398.5
Red,中正紀念堂,2018-08-25,34383.5
Red,台大醫院,2018-08-25,23121.0
Red,台北車站,2018-08-25,161947.0
Red,中山,2018-08-25,43798.0
Red,雙連,2018-08-25,37478.0
Red,民權西路,2018-08-25,20953.0
Red,圓山,2018-08-25,46842.0
Red,劍潭,2018-08-25,62130.0
Red,士林,2018-08-25,50105.0
Red,芝山,2018-08-25,37428.0
Red,明德,2018-08-25,17044.0
Red,石牌,2018-08-25,45433.0
Red,唭哩岸,2018-08-25,11405.0
Red,奇岩,2018-08-25,11920.0
Red,北投,2018-08-25,27142.0
Red,新北投,2018-08-25,10082.0
Red,復興崗,2018-08-25,5652.0
Red,忠義,2018-08-25,3403.0
Red,關渡,2018-08-25,14438.0
Red,竹圍,2018-08-25,15110.0
Red,紅樹林,2018-08-25,11022.0
Red,淡水,2018-08-25,70948.0
Red,象山,2018-08-25,16738.0
Red,台北101/世貿,2018-08-25,71213.0
Red,信義安和,2018-08-25,27768.0
Red,大安森林公園,2018-08-25,16615.0
Red,東門,2018-08-25,26127.5
Red,大安,2018-08-25,19766.5
Red,中正紀念堂,2018-08-26,27836.5
Red,台大醫院,2018-08-26,21073.0
Red,台北車站,2018-08-26,178309.5
Red,中山,2018-08-26,40328.0
Red,雙連,2018-08-26,30749.0
Red,民權西路,2018-08-26,22293.0
Red,圓山,2018-08-26,46471.0
Red,劍潭,2018-08-26,58512.0
Red,士林,2018-08-26,46703.0
Red,芝山,2018-08-26,37046.0
Red,明德,2018-08-26,14512.0
Red,石牌,2018-08-26,38680.0
Red,唭哩岸,2018-08-26,10206.0
Red,奇岩,2018-08-26,11176.0
Red,北投,2018-08-26,25646.0
Red,新北投,2018-08-26,10585.0
Red,復興崗,2018-08-26,5059.0
Red,忠義,2018-08-26,3056.0
Red,關渡,2018-08-26,13527.0
Red,竹圍,2018-08-26,13513.0
Red,紅樹林,2018-08-26,11243.0
Red,淡水,2018-08-26,70259.0
Red,象山,2018-08-26,16446.0
Red,台北101/世貿,2018-08-26,76708.0
Red,信義安和,2018-08-26,22904.0
Red,大安森林公園,2018-08-26,16490.0
Red,東門,2018-08-26,24145.5
Red,大安,2018-08-26,18504.5
Red,中正紀念堂,2018-08-27,31686.0
Red,台大醫院,2018-08-27,51330.0
Red,台北車站,2018-08-27,164183.5
Red,中山,2018-08-27,43120.5
Red,雙連,2018-08-27,48137.0
Red,民權西路,2018-08-27,27752.0
Red,圓山,2018-08-27,49532.0
Red,劍潭,2018-08-27,59775.0
Red,士林,2018-08-27,51657.0
Red,芝山,2018-08-27,45143.0
Red,明德,2018-08-27,24289.0
Red,石牌,2018-08-27,59623.0
Red,唭哩岸,2018-08-27,14564.0
Red,奇岩,2018-08-27,18168.0
Red,北投,2018-08-27,32033.0
Red,新北投,2018-08-27,9410.0
Red,復興崗,2018-08-27,7102.0
Red,忠義,2018-08-27,6070.0
Red,關渡,2018-08-27,21388.0
Red,竹圍,2018-08-27,18136.0
Red,紅樹林,2018-08-27,13720.0
Red,淡水,2018-08-27,70426.0
Red,象山,2018-08-27,25578.0
Red,台北101/世貿,2018-08-27,77123.0
Red,信義安和,2018-08-27,37125.0
Red,大安森林公園,2018-08-27,14864.0
Red,東門,2018-08-27,26533.5
Red,大安,2018-08-27,25193.0
Red,中正紀念堂,2018-08-28,33112.0
Red,台大醫院,2018-08-28,51825.0
Red,台北車站,2018-08-28,154860.0
Red,中山,2018-08-28,43807.5
Red,雙連,2018-08-28,48968.0
Red,民權西路,2018-08-28,27752.0
Red,圓山,2018-08-28,53465.0
Red,劍潭,2018-08-28,61017.0
Red,士林,2018-08-28,53993.0
Red,芝山,2018-08-28,46985.0
Red,明德,2018-08-28,25113.0
Red,石牌,2018-08-28,60108.0
Red,唭哩岸,2018-08-28,15004.0
Red,奇岩,2018-08-28,18677.0
Red,北投,2018-08-28,32739.0
Red,新北投,2018-08-28,9480.0
Red,復興崗,2018-08-28,7195.0
Red,忠義,2018-08-28,6340.0
Red,關渡,2018-08-28,21417.0
Red,竹圍,2018-08-28,18361.0
Red,紅樹林,2018-08-28,13765.0
Red,淡水,2018-08-28,67519.0
Red,象山,2018-08-28,25836.0
Red,台北101/世貿,2018-08-28,60390.0
Red,信義安和,2018-08-28,38044.0
Red,大安森林公園,2018-08-28,15005.0
Red,東門,2018-08-28,26896.0
Red,大安,2018-08-28,26260.0
Red,中正紀念堂,2018-08-29,31863.5
Red,台大醫院,2018-08-29,52183.0
Red,台北車站,2018-08-29,149864.0
Red,中山,2018-08-29,44543.0
Red,雙連,2018-08-29,49064.0
Red,民權西路,2018-08-29,27903.5
Red,圓山,2018-08-29,51576.0
Red,劍潭,2018-08-29,56394.0
Red,士林,2018-08-29,51227.0
Red,芝山,2018-08-29,46638.0
Red,明德,2018-08-29,24502.0
Red,石牌,2018-08-29,61540.0
Red,唭哩岸,2018-08-29,15086.0
Red,奇岩,2018-08-29,18664.0
Red,北投,2018-08-29,33049.0
Red,新北投,2018-08-29,9132.0
Red,復興崗,2018-08-29,7284.0
Red,忠義,2018-08-29,6481.0
Red,關渡,2018-08-29,21633.0
Red,竹圍,2018-08-29,18377.0
Red,紅樹林,2018-08-29,13985.0
Red,淡水,2018-08-29,65755.0
Red,象山,2018-08-29,25434.0
Red,台北101/世貿,2018-08-29,58447.0
Red,信義安和,2018-08-29,37714.0
Red,大安森林公園,2018-08-29,14920.0
Red,東門,2018-08-29,26907.5
Red,大安,2018-08-29,24754.0
Red,中正紀念堂,2018-08-30,32179.0
Red,台大醫院,2018-08-30,51136.0
Red,台北車站,2018-08-30,144859.5
Red,中山,2018-08-30,41702.0
Red,雙連,2018-08-30,46663.0
Red,民權西路,2018-08-30,27721.5
Red,圓山,2018-08-30,52417.0
Red,劍潭,2018-08-30,54588.0
Red,士林,2018-08-30,52643.0
Red,芝山,2018-08-30,45239.0
Red,明德,2018-08-30,26567.0
Red,石牌,2018-08-30,61572.0
Red,唭哩岸,2018-08-30,15129.0
Red,奇岩,2018-08-30,19070.0
Red,北投,2018-08-30,34755.0
Red,新北投,2018-08-30,9376.0
Red,復興崗,2018-08-30,7442.0
Red,忠義,2018-08-30,6247.0
Red,關渡,2018-08-30,21180.0
Red,竹圍,2018-08-30,18404.0
Red,紅樹林,2018-08-30,13945.0
Red,淡水,2018-08-30,62569.0
Red,象山,2018-08-30,25259.0
Red,台北101/世貿,2018-08-30,56970.0
Red,信義安和,2018-08-30,37470.0
Red,大安森林公園,2018-08-30,14819.0
Red,東門,2018-08-30,26531.5
Red,大安,2018-08-30,29661.0
Red,中正紀念堂,2018-08-31,36366.5
Red,台大醫院,2018-08-31,52201.0
Red,台北車站,2018-08-31,173233.5
Red,中山,2018-08-31,47542.5
Red,雙連,2018-08-31,49293.0
Red,民權西路,2018-08-31,30571.0
Red,圓山,2018-08-31,55715.0
Red,劍潭,2018-08-31,61475.0
Red,士林,2018-08-31,56716.0
Red,芝山,2018-08-31,48850.0
Red,明德,2018-08-31,27465.0
Red,石牌,2018-08-31,63186.0
Red,唭哩岸,2018-08-31,16275.0
Red,奇岩,2018-08-31,19346.0
Red,北投,2018-08-31,38702.0
Red,新北投,2018-08-31,10564.0
Red,復興崗,2018-08-31,7585.0
Red,忠義,2018-08-31,6561.0
Red,關渡,2018-08-31,22358.0
Red,竹圍,2018-08-31,19624.0
Red,紅樹林,2018-08-31,14460.0
Red,淡水,2018-08-31,69355.0
Red,象山,2018-08-31,27552.0
Red,台北101/世貿,2018-08-31,77458.0
Red,信義安和,2018-08-31,40941.0
Red,大安森林公園,2018-08-31,16254.0
Red,東門,2018-08-31,29541.0
Red,大安,2018-08-31,31228.0
Red,中正紀念堂,2018-09-01,30380.5
Red,台大醫院,2018-09-01,24837.0
Red,台北車站,2018-09-01,174736.5
Red,中山,2018-09-01,46223.5
Red,雙連,2018-09-01,40577.0
Red,民權西路,2018-09-01,22774.0
Red,圓山,2018-09-01,49809.0
Red,劍潭,2018-09-01,64997.0
Red,士林,2018-09-01,53053.0
Red,芝山,2018-09-01,41172.0
Red,明德,2018-09-01,18349.0
Red,石牌,2018-09-01,48972.0
Red,唭哩岸,2018-09-01,12269.0
Red,奇岩,2018-09-01,13079.0
Red,北投,2018-09-01,29711.0
Red,新北投,2018-09-01,11322.0
Red,復興崗,2018-09-01,6334.0
Red,忠義,2018-09-01,3946.0
Red,關渡,2018-09-01,16275.0
Red,竹圍,2018-09-01,17656.0
Red,紅樹林,2018-09-01,13164.0
Red,淡水,2018-09-01,79145.0
Red,象山,2018-09-01,20137.0
Red,台北101/世貿,2018-09-01,79573.0
Red,信義安和,2018-09-01,27986.0
Red,大安森林公園,2018-09-01,19159.0
Red,東門,2018-09-01,27497.5
Red,大安,2018-09-01,18479.0
Red,中正紀念堂,2018-09-02,26960.0
Red,台大醫院,2018-09-02,21639.0
Red,台北車站,2018-09-02,163584.5
Red,中山,2018-09-02,39342.5
Red,雙連,2018-09-02,28931.0
Red,民權西路,2018-09-02,21263.5
Red,圓山,2018-09-02,44483.0
Red,劍潭,2018-09-02,57426.0
Red,士林,2018-09-02,45830.0
Red,芝山,2018-09-02,39425.0
Red,明德,2018-09-02,14898.0
Red,石牌,2018-09-02,40276.0
Red,唭哩岸,2018-09-02,10566.0
Red,奇岩,2018-09-02,11117.0
Red,北投,2018-09-02,26209.0
Red,新北投,2018-09-02,10720.0
Red,復興崗,2018-09-02,5273.0
Red,忠義,2018-09-02,3103.0
Red,關渡,2018-09-02,14202.0
Red,竹圍,2018-09-02,14369.0
Red,紅樹林,2018-09-02,10900.0
Red,淡水,2018-09-02,75822.0
Red,象山,2018-09-02,19466.0
Red,台北101/世貿,2018-09-02,73323.0
Red,信義安和,2018-09-02,21133.0
Red,大安森林公園,2018-09-02,18398.0
Red,東門,2018-09-02,23549.0
Red,大安,2018-09-02,15444.0
Red,中正紀念堂,2018-09-03,33009.5
Red,台大醫院,2018-09-03,52852.0
Red,台北車站,2018-09-03,154343.5
Red,中山,2018-09-03,39843.0
Red,雙連,2018-09-03,46350.0
Red,民權西路,2018-09-03,28525.5
Red,圓山,2018-09-03,51917.0
Red,劍潭,2018-09-03,57231.0
Red,士林,2018-09-03,52712.0
Red,芝山,2018-09-03,45151.0
Red,明德,2018-09-03,26752.0
Red,石牌,2018-09-03,63799.0
Red,唭哩岸,2018-09-03,14789.0
Red,奇岩,2018-09-03,18218.0
Red,北投,2018-09-03,36218.0
Red,新北投,2018-09-03,9823.0
Red,復興崗,2018-09-03,7415.0
Red,忠義,2018-09-03,6613.0
Red,關渡,2018-09-03,21794.0
Red,竹圍,2018-09-03,18864.0
Red,紅樹林,2018-09-03,14041.0
Red,淡水,2018-09-03,67839.0
Red,象山,2018-09-03,26446.0
Red,台北101/世貿,2018-09-03,75158.0
Red,信義安和,2018-09-03,36683.0
Red,大安森林公園,2018-09-03,14969.0
Red,東門,2018-09-03,25869.0
Red,大安,2018-09-03,28680.0
Red,中正紀念堂,2018-09-04,33923.0
Red,台大醫院,2018-09-04,52719.0
Red,台北車站,2018-09-04,144672.0
Red,中山,2018-09-04,41138.0
Red,雙連,2018-09-04,46309.0
Red,民權西路,2018-09-04,27790.0
Red,圓山,2018-09-04,53925.0
Red,劍潭,2018-09-04,58832.0
Red,士林,2018-09-04,54817.0
Red,芝山,2018-09-04,45805.0
Red,明德,2018-09-04,27033.0
Red,石牌,2018-09-04,63629.0
Red,唭哩岸,2018-09-04,14942.0
Red,奇岩,2018-09-04,18650.0
Red,北投,2018-09-04,35151.0
Red,新北投,2018-09-04,9939.0
Red,復興崗,2018-09-04,7334.0
Red,忠義,2018-09-04,6531.0
Red,關渡,2018-09-04,22260.0
Red,竹圍,2018-09-04,18687.0
Red,紅樹林,2018-09-04,14200.0
Red,淡水,2018-09-04,66269.0
Red,象山,2018-09-04,26577.0
Red,台北101/世貿,2018-09-04,56320.0
Red,信義安和,2018-09-04,37530.0
Red,大安森林公園,2018-09-04,15336.0
Red,東門,2018-09-04,26420.0
Red,大安,2018-09-04,29004.0
Red,中正紀念堂,2018-09-05,33831.0
Red,台大醫院,2018-09-05,52540.0
Red,台北車站,2018-09-05,145252.0
Red,中山,2018-09-05,41386.0
Red,雙連,2018-09-05,47160.0
Red,民權西路,2018-09-05,27797.5
Red,圓山,2018-09-05,53061.0
Red,劍潭,2018-09-05,59389.0
Red,士林,2018-09-05,54253.0
Red,芝山,2018-09-05,46411.0
Red,明德,2018-09-05,26559.0
Red,石牌,2018-09-05,64376.0
Red,唭哩岸,2018-09-05,15328.0
Red,奇岩,2018-09-05,18640.0
Red,北投,2018-09-05,35877.0
Red,新北投,2018-09-05,10165.0
Red,復興崗,2018-09-05,7375.0
Red,忠義,2018-09-05,6523.0
Red,關渡,2018-09-05,22397.0
Red,竹圍,2018-09-05,19016.0
Red,紅樹林,2018-09-05,14399.0
Red,淡水,2018-09-05,66633.0
Red,象山,2018-09-05,26346.0
Red,台北101/世貿,2018-09-05,56221.0
Red,信義安和,2018-09-05,37634.0
Red,大安森林公園,2018-09-05,15538.0
Red,東門,2018-09-05,26434.5
Red,大安,2018-09-05,29277.0
Red,中正紀念堂,2018-09-06,33588.5
Red,台大醫院,2018-09-06,52321.0
Red,台北車站,2018-09-06,150220.0
Red,中山,2018-09-06,42472.0
Red,雙連,2018-09-06,47020.0
Red,民權西路,2018-09-06,28499.0
Red,圓山,2018-09-06,53985.0
Red,劍潭,2018-09-06,61468.0
Red,士林,2018-09-06,55168.0
Red,芝山,2018-09-06,46472.0
Red,明德,2018-09-06,26671.0
Red,石牌,2018-09-06,64319.0
Red,唭哩岸,2018-09-06,15232.0
Red,奇岩,2018-09-06,19089.0
Red,北投,2018-09-06,35714.0
Red,新北投,2018-09-06,9820.0
Red,復興崗,2018-09-06,7514.0
Red,忠義,2018-09-06,6538.0
Red,關渡,2018-09-06,22411.0
Red,竹圍,2018-09-06,18931.0
Red,紅樹林,2018-09-06,14562.0
Red,淡水,2018-09-06,69682.0
Red,象山,2018-09-06,26694.0
Red,台北101/世貿,2018-09-06,59670.0
Red,信義安和,2018-09-06,37508.0
Red,大安森林公園,2018-09-06,15472.0
Red,東門,2018-09-06,26876.5
Red,大安,2018-09-06,29212.0
Red,中正紀念堂,2018-09-07,36765.0
Red,台大醫院,2018-09-07,52521.0
Red,台北車站,2018-09-07,178038.0
Red,中山,2018-09-07,46461.5
Red,雙連,2018-09-07,48474.0
Red,民權西路,2018-09-07,29901.5
Red,圓山,2018-09-07,55249.0
Red,劍潭,2018-09-07,64598.0
Red,士林,2018-09-07,56870.0
Red,芝山,2018-09-07,48898.0
Red,明德,2018-09-07,27138.0
Red,石牌,2018-09-07,64850.0
Red,唭哩岸,2018-09-07,15668.0
Red,奇岩,2018-09-07,19971.0
Red,北投,2018-09-07,38315.0
Red,新北投,2018-09-07,10721.0
Red,復興崗,2018-09-07,7637.0
Red,忠義,2018-09-07,6626.0
Red,關渡,2018-09-07,23488.0
Red,竹圍,2018-09-07,19582.0
Red,紅樹林,2018-09-07,15225.0
Red,淡水,2018-09-07,74428.0
Red,象山,2018-09-07,26389.0
Red,台北101/世貿,2018-09-07,63811.0
Red,信義安和,2018-09-07,40084.0
Red,大安森林公園,2018-09-07,16145.0
Red,東門,2018-09-07,29310.5
Red,大安,2018-09-07,30549.0
Red,中正紀念堂,2018-09-08,32414.0
Red,台大醫院,2018-09-08,24756.0
Red,台北車站,2018-09-08,176336.0
Red,中山,2018-09-08,45279.0
Red,雙連,2018-09-08,38080.0
Red,民權西路,2018-09-08,21738.5
Red,圓山,2018-09-08,49499.0
Red,劍潭,2018-09-08,52794.0
Red,士林,2018-09-08,52734.0
Red,芝山,2018-09-08,37852.0
Red,明德,2018-09-08,18404.0
Red,石牌,2018-09-08,47203.0
Red,唭哩岸,2018-09-08,12017.0
Red,奇岩,2018-09-08,13077.0
Red,北投,2018-09-08,29263.0
Red,新北投,2018-09-08,11294.0
Red,復興崗,2018-09-08,6239.0
Red,忠義,2018-09-08,3872.0
Red,關渡,2018-09-08,16561.0
Red,竹圍,2018-09-08,16718.0
Red,紅樹林,2018-09-08,11777.0
Red,淡水,2018-09-08,73656.0
Red,象山,2018-09-08,16895.0
Red,台北101/世貿,2018-09-08,56608.0
Red,信義安和,2018-09-08,26925.0
Red,大安森林公園,2018-09-08,18417.0
Red,東門,2018-09-08,25859.5
Red,大安,2018-09-08,17728.0
Red,中正紀念堂,2018-09-09,24444.0
Red,台大醫院,2018-09-09,20287.0
Red,台北車站,2018-09-09,161029.0
Red,中山,2018-09-09,35733.5
Red,雙連,2018-09-09,25690.0
Red,民權西路,2018-09-09,19238.5
Red,圓山,2018-09-09,38557.0
Red,劍潭,2018-09-09,50218.0
Red,士林,2018-09-09,40138.0
Red,芝山,2018-09-09,35595.0
Red,明德,2018-09-09,13450.0
Red,石牌,2018-09-09,35920.0
Red,唭哩岸,2018-09-09,9700.0
Red,奇岩,2018-09-09,9368.0
Red,北投,2018-09-09,22222.0
Red,新北投,2018-09-09,8990.0
Red,復興崗,2018-09-09,5173.0
Red,忠義,2018-09-09,2728.0
Red,關渡,2018-09-09,12788.0
Red,竹圍,2018-09-09,12010.0
Red,紅樹林,2018-09-09,8280.0
Red,淡水,2018-09-09,51032.0
Red,象山,2018-09-09,12264.0
Red,台北101/世貿,2018-09-09,47280.0
Red,信義安和,2018-09-09,19827.0
Red,大安森林公園,2018-09-09,12602.0
Red,東門,2018-09-09,20605.0
Red,大安,2018-09-09,13072.5
Red,中正紀念堂,2018-09-10,32732.5
Red,台大醫院,2018-09-10,52105.0
Red,台北車站,2018-09-10,147930.5
Red,中山,2018-09-10,40112.5
Red,雙連,2018-09-10,45788.0
Red,民權西路,2018-09-10,28138.5
Red,圓山,2018-09-10,51048.0
Red,劍潭,2018-09-10,59822.0
Red,士林,2018-09-10,56728.0
Red,芝山,2018-09-10,45121.0
Red,明德,2018-09-10,26526.0
Red,石牌,2018-09-10,63393.0
Red,唭哩岸,2018-09-10,15258.0
Red,奇岩,2018-09-10,18541.0
Red,北投,2018-09-10,34365.0
Red,新北投,2018-09-10,9710.0
Red,復興崗,2018-09-10,7267.0
Red,忠義,2018-09-10,7001.0
Red,關渡,2018-09-10,28783.0
Red,竹圍,2018-09-10,19195.0
Red,紅樹林,2018-09-10,14168.0
Red,淡水,2018-09-10,69902.0
Red,象山,2018-09-10,24317.0
Red,台北101/世貿,2018-09-10,57440.0
Red,信義安和,2018-09-10,36667.0
Red,大安森林公園,2018-09-10,14192.0
Red,東門,2018-09-10,25841.5
Red,大安,2018-09-10,28936.5
Red,中正紀念堂,2018-09-11,49758.0
Red,台大醫院,2018-09-11,53984.0
Red,台北車站,2018-09-11,147515.0
Red,中山,2018-09-11,41942.5
Red,雙連,2018-09-11,47353.0
Red,民權西路,2018-09-11,29106.0
Red,圓山,2018-09-11,55109.0
Red,劍潭,2018-09-11,64580.0
Red,士林,2018-09-11,59232.0
Red,芝山,2018-09-11,47078.0
Red,明德,2018-09-11,27271.0
Red,石牌,2018-09-11,65490.0
Red,唭哩岸,2018-09-11,15352.0
Red,奇岩,2018-09-11,18881.0
Red,北投,2018-09-11,36459.0
Red,新北投,2018-09-11,10738.0
Red,復興崗,2018-09-11,7600.0
Red,忠義,2018-09-11,7041.0
Red,關渡,2018-09-11,28669.0
Red,竹圍,2018-09-11,19960.0
Red,紅樹林,2018-09-11,14736.0
Red,淡水,2018-09-11,74370.0
Red,象山,2018-09-11,26996.0
Red,台北101/世貿,2018-09-11,55311.0
Red,信義安和,2018-09-11,37446.0
Red,大安森林公園,2018-09-11,15511.0
Red,東門,2018-09-11,27194.5
Red,大安,2018-09-11,29628.5
Red,中正紀念堂,2018-09-12,35459.0
Red,台大醫院,2018-09-12,53795.0
Red,台北車站,2018-09-12,145453.5
Red,中山,2018-09-12,42610.5
Red,雙連,2018-09-12,47650.0
Red,民權西路,2018-09-12,28691.0
Red,圓山,2018-09-12,54168.0
Red,劍潭,2018-09-12,66243.0
Red,士林,2018-09-12,59691.0
Red,芝山,2018-09-12,49015.0
Red,明德,2018-09-12,27462.0
Red,石牌,2018-09-12,65736.0
Red,唭哩岸,2018-09-12,15489.0
Red,奇岩,2018-09-12,18801.0
Red,北投,2018-09-12,36550.0
Red,新北投,2018-09-12,10604.0
Red,復興崗,2018-09-12,7612.0
Red,忠義,2018-09-12,7208.0
Red,關渡,2018-09-12,28766.0
Red,竹圍,2018-09-12,19766.0
Red,紅樹林,2018-09-12,15005.0
Red,淡水,2018-09-12,75630.0
Red,象山,2018-09-12,26307.0
Red,台北101/世貿,2018-09-12,55423.0
Red,信義安和,2018-09-12,37408.0
Red,大安森林公園,2018-09-12,15601.0
Red,東門,2018-09-12,27157.5
Red,大安,2018-09-12,29241.0
Red,中正紀念堂,2018-09-13,36713.5
Red,台大醫院,2018-09-13,52668.0
Red,台北車站,2018-09-13,149831.0
Red,中山,2018-09-13,43177.5
Red,雙連,2018-09-13,47179.0
Red,民權西路,2018-09-13,28994.5
Red,圓山,2018-09-13,55152.0
Red,劍潭,2018-09-13,67898.0
Red,士林,2018-09-13,60992.0
Red,芝山,2018-09-13,47927.0
Red,明德,2018-09-13,27478.0
Red,石牌,2018-09-13,65249.0
Red,唭哩岸,2018-09-13,15331.0
Red,奇岩,2018-09-13,19112.0
Red,北投,2018-09-13,36612.0
Red,新北投,2018-09-13,10487.0
Red,復興崗,2018-09-13,7781.0
Red,忠義,2018-09-13,6890.0
Red,關渡,2018-09-13,28168.0
Red,竹圍,2018-09-13,19631.0
Red,紅樹林,2018-09-13,14973.0
Red,淡水,2018-09-13,76404.0
Red,象山,2018-09-13,27313.0
Red,台北101/世貿,2018-09-13,64580.0
Red,信義安和,2018-09-13,37537.0
Red,大安森林公園,2018-09-13,15693.0
Red,東門,2018-09-13,27712.0
Red,大安,2018-09-13,29804.5
Red,中正紀念堂,2018-09-14,38978.0
Red,台大醫院,2018-09-14,54843.0
Red,台北車站,2018-09-14,179580.5
Red,中山,2018-09-14,46966.5
Red,雙連,2018-09-14,49598.0
Red,民權西路,2018-09-14,30912.5
Red,圓山,2018-09-14,59708.0
Red,劍潭,2018-09-14,73735.0
Red,士林,2018-09-14,66532.0
Red,芝山,2018-09-14,51806.0
Red,明德,2018-09-14,27392.0
Red,石牌,2018-09-14,67462.0
Red,唭哩岸,2018-09-14,15983.0
Red,奇岩,2018-09-14,19282.0
Red,北投,2018-09-14,38634.0
Red,新北投,2018-09-14,11543.0
Red,復興崗,2018-09-14,7964.0
Red,忠義,2018-09-14,6929.0
Red,關渡,2018-09-14,29122.0
Red,竹圍,2018-09-14,20655.0
Red,紅樹林,2018-09-14,15292.0
Red,淡水,2018-09-14,82832.0
Red,象山,2018-09-14,28489.0
Red,台北101/世貿,2018-09-14,70296.0
Red,信義安和,2018-09-14,41225.0
Red,大安森林公園,2018-09-14,17143.0
Red,東門,2018-09-14,29871.5
Red,大安,2018-09-14,30993.0
Red,中正紀念堂,2018-09-15,33006.0
Red,台大醫院,2018-09-15,29220.0
Red,台北車站,2018-09-15,173813.0
Red,中山,2018-09-15,47841.0
Red,雙連,2018-09-15,39251.0
Red,民權西路,2018-09-15,23265.0
Red,圓山,2018-09-15,54697.0
Red,劍潭,2018-09-15,61713.0
Red,士林,2018-09-15,56545.0
Red,芝山,2018-09-15,44492.0
Red,明德,2018-09-15,20324.0
Red,石牌,2018-09-15,48055.0
Red,唭哩岸,2018-09-15,12770.0
Red,奇岩,2018-09-15,12545.0
Red,北投,2018-09-15,30409.0
Red,新北投,2018-09-15,12471.0
Red,復興崗,2018-09-15,6633.0
Red,忠義,2018-09-15,3700.0
Red,關渡,2018-09-15,18002.0
Red,竹圍,2018-09-15,18076.0
Red,紅樹林,2018-09-15,11613.0
Red,淡水,2018-09-15,68780.0
Red,象山,2018-09-15,16686.0
Red,台北101/世貿,2018-09-15,59993.0
Red,信義安和,2018-09-15,27138.0
Red,大安森林公園,2018-09-15,18032.0
Red,東門,2018-09-15,27442.5
Red,大安,2018-09-15,21963.5
Red,中正紀念堂,2018-09-16,31434.0
Red,台大醫院,2018-09-16,22524.0
Red,台北車站,2018-09-16,173423.0
Red,中山,2018-09-16,40339.0
Red,雙連,2018-09-16,30282.0
Red,民權西路,2018-09-16,21788.5
Red,圓山,2018-09-16,47411.0
Red,劍潭,2018-09-16,60661.0
Red,士林,2018-09-16,50237.0
Red,芝山,2018-09-16,41126.0
Red,明德,2018-09-16,14573.0
Red,石牌,2018-09-16,40282.0
Red,唭哩岸,2018-09-16,10819.0
Red,奇岩,2018-09-16,11149.0
Red,北投,2018-09-16,26790.0
Red,新北投,2018-09-16,10538.0
Red,復興崗,2018-09-16,5460.0
Red,忠義,2018-09-16,3230.0
Red,關渡,2018-09-16,15610.0
Red,竹圍,2018-09-16,15616.0
Red,紅樹林,2018-09-16,10498.0
Red,淡水,2018-09-16,78296.0
Red,象山,2018-09-16,17408.0
Red,台北101/世貿,2018-09-16,55752.0
Red,信義安和,2018-09-16,21049.0
Red,大安森林公園,2018-09-16,17463.0
Red,東門,2018-09-16,24295.0
Red,大安,2018-09-16,14661.0
Red,中正紀念堂,2018-09-17,33638.0
Red,台大醫院,2018-09-17,53837.0
Red,台北車站,2018-09-17,149006.0
Red,中山,2018-09-17,40801.0
Red,雙連,2018-09-17,47522.0
Red,民權西路,2018-09-17,29141.0
Red,圓山,2018-09-17,53598.0
Red,劍潭,2018-09-17,67489.0
Red,士林,2018-09-17,58408.0
Red,芝山,2018-09-17,45246.0
Red,明德,2018-09-17,26831.0
Red,石牌,2018-09-17,64359.0
Red,唭哩岸,2018-09-17,14607.0
Red,奇岩,2018-09-17,18206.0
Red,北投,2018-09-17,35754.0
Red,新北投,2018-09-17,9666.0
Red,復興崗,2018-09-17,7367.0
Red,忠義,2018-09-17,7082.0
Red,關渡,2018-09-17,27556.0
Red,竹圍,2018-09-17,19380.0
Red,紅樹林,2018-09-17,14683.0
Red,淡水,2018-09-17,74277.0
Red,象山,2018-09-17,26582.0
Red,台北101/世貿,2018-09-17,61598.0
Red,信義安和,2018-09-17,35843.0
Red,大安森林公園,2018-09-17,15152.0
Red,東門,2018-09-17,25763.0
Red,大安,2018-09-17,28190.0
Red,中正紀念堂,2018-09-18,35702.0
Red,台大醫院,2018-09-18,54148.0
Red,台北車站,2018-09-18,142618.5
Red,中山,2018-09-18,41678.0
Red,雙連,2018-09-18,47436.0
Red,民權西路,2018-09-18,29453.0
Red,圓山,2018-09-18,58680.0
Red,劍潭,2018-09-18,68347.0
Red,士林,2018-09-18,58081.0
Red,芝山,2018-09-18,46656.0
Red,明德,2018-09-18,27530.0
Red,石牌,2018-09-18,65443.0
Red,唭哩岸,2018-09-18,15043.0
Red,奇岩,2018-09-18,18998.0
Red,北投,2018-09-18,35911.0
Red,新北投,2018-09-18,10122.0
Red,復興崗,2018-09-18,7361.0
Red,忠義,2018-09-18,6970.0
Red,關渡,2018-09-18,28362.0
Red,竹圍,2018-09-18,19829.0
Red,紅樹林,2018-09-18,14980.0
Red,淡水,2018-09-18,72717.0
Red,象山,2018-09-18,26593.0
Red,台北101/世貿,2018-09-18,57243.0
Red,信義安和,2018-09-18,37128.0
Red,大安森林公園,2018-09-18,15524.0
Red,東門,2018-09-18,26130.5
Red,大安,2018-09-18,29039.5
Red,中正紀念堂,2018-09-19,35389.5
Red,台大醫院,2018-09-19,53401.0
Red,台北車站,2018-09-19,144014.0
Red,中山,2018-09-19,42474.5
Red,雙連,2018-09-19,46573.0
Red,民權西路,2018-09-19,29178.0
Red,圓山,2018-09-19,55096.0
Red,劍潭,2018-09-19,68935.0
Red,士林,2018-09-19,58678.0
Red,芝山,2018-09-19,47694.0
Red,明德,2018-09-19,26987.0
Red,石牌,2018-09-19,66358.0
Red,唭哩岸,2018-09-19,15411.0
Red,奇岩,2018-09-19,18797.0
Red,北投,2018-09-19,36545.0
Red,新北投,2018-09-19,10119.0
Red,復興崗,2018-09-19,7496.0
Red,忠義,2018-09-19,7223.0
Red,關渡,2018-09-19,28779.0
Red,竹圍,2018-09-19,19997.0
Red,紅樹林,2018-09-19,15403.0
Red,淡水,2018-09-19,73706.0
Red,象山,2018-09-19,26678.0
Red,台北101/世貿,2018-09-19,57174.0
Red,信義安和,2018-09-19,37896.0
Red,大安森林公園,2018-09-19,15857.0
Red,東門,2018-09-19,26201.0
Red,大安,2018-09-19,29189.0
Red,中正紀念堂,2018-09-20,34167.0
Red,台大醫院,2018-09-20,52590.0
Red,台北車站,2018-09-20,150810.0
Red,中山,2018-09-20,50195.0
Red,雙連,2018-09-20,46682.0
Red,民權西路,2018-09-20,29942.5
Red,圓山,2018-09-20,55162.0
Red,劍潭,2018-09-20,69979.0
Red,士林,2018-09-20,59258.0
Red,芝山,2018-09-20,47936.0
Red,明德,2018-09-20,27334.0
Red,石牌,2018-09-20,66485.0
Red,唭哩岸,2018-09-20,15166.0
Red,奇岩,2018-09-20,19187.0
Red,北投,2018-09-20,36820.0
Red,新北投,2018-09-20,9916.0
Red,復興崗,2018-09-20,7514.0
Red,忠義,2018-09-20,7181.0
Red,關渡,2018-09-20,28544.0
Red,竹圍,2018-09-20,19947.0
Red,紅樹林,2018-09-20,14988.0
Red,淡水,2018-09-20,73943.0
Red,象山,2018-09-20,26711.0
Red,台北101/世貿,2018-09-20,58422.0
Red,信義安和,2018-09-20,37579.0
Red,大安森林公園,2018-09-20,15788.0
Red,東門,2018-09-20,26464.5
Red,大安,2018-09-20,29673.5
Red,中正紀念堂,2018-09-21,36351.0
Red,台大醫院,2018-09-21,53421.0
Red,台北車站,2018-09-21,204140.5
Red,中山,2018-09-21,56238.5
Red,雙連,2018-09-21,49241.0
Red,民權西路,2018-09-21,32147.5
Red,圓山,2018-09-21,61710.0
Red,劍潭,2018-09-21,76671.0
Red,士林,2018-09-21,65456.0
Red,芝山,2018-09-21,51602.0
Red,明德,2018-09-21,28094.0
Red,石牌,2018-09-21,68544.0
Red,唭哩岸,2018-09-21,15769.0
Red,奇岩,2018-09-21,19572.0
Red,北投,2018-09-21,39560.0
Red,新北投,2018-09-21,10923.0
Red,復興崗,2018-09-21,7771.0
Red,忠義,2018-09-21,7294.0
Red,關渡,2018-09-21,29007.0
Red,竹圍,2018-09-21,20840.0
Red,紅樹林,2018-09-21,16233.0
Red,淡水,2018-09-21,84820.0
Red,象山,2018-09-21,27842.0
Red,台北101/世貿,2018-09-21,67466.0
Red,信義安和,2018-09-21,40507.0
Red,大安森林公園,2018-09-21,18522.0
Red,東門,2018-09-21,29556.5
Red,大安,2018-09-21,31132.0
Red,中正紀念堂,2018-09-22,27386.5
Red,台大醫院,2018-09-22,23108.0
Red,台北車站,2018-09-22,179357.0
Red,中山,2018-09-22,53735.0
Red,雙連,2018-09-22,37747.0
Red,民權西路,2018-09-22,21847.0
Red,圓山,2018-09-22,55313.0
Red,劍潭,2018-09-22,67013.0
Red,士林,2018-09-22,51654.0
Red,芝山,2018-09-22,39862.0
Red,明德,2018-09-22,18522.0
Red,石牌,2018-09-22,46882.0
Red,唭哩岸,2018-09-22,12668.0
Red,奇岩,2018-09-22,13993.0
Red,北投,2018-09-22,29763.0
Red,新北投,2018-09-22,12699.0
Red,復興崗,2018-09-22,5686.0
Red,忠義,2018-09-22,3999.0
Red,關渡,2018-09-22,17590.0
Red,竹圍,2018-09-22,17163.0
Red,紅樹林,2018-09-22,11982.0
Red,淡水,2018-09-22,83988.0
Red,象山,2018-09-22,18515.0
Red,台北101/世貿,2018-09-22,55102.0
Red,信義安和,2018-09-22,25697.0
Red,大安森林公園,2018-09-22,18404.0
Red,東門,2018-09-22,25870.0
Red,大安,2018-09-22,16745.5
Red,中正紀念堂,2018-09-23,25146.0
Red,台大醫院,2018-09-23,18775.0
Red,台北車站,2018-09-23,162808.0
Red,中山,2018-09-23,49127.5
Red,雙連,2018-09-23,29386.0
Red,民權西路,2018-09-23,19802.5
Red,圓山,2018-09-23,47008.0
Red,劍潭,2018-09-23,63000.0
Red,士林,2018-09-23,46988.0
Red,芝山,2018-09-23,39140.0
Red,明德,2018-09-23,14368.0
Red,石牌,2018-09-23,38069.0
Red,唭哩岸,2018-09-23,10828.0
Red,奇岩,2018-09-23,12906.0
Red,北投,2018-09-23,27194.0
Red,新北投,2018-09-23,12348.0
Red,復興崗,2018-09-23,5340.0
Red,忠義,2018-09-23,3082.0
Red,關渡,2018-09-23,15049.0
Red,竹圍,2018-09-23,14634.0
Red,紅樹林,2018-09-23,11748.0
Red,淡水,2018-09-23,91858.0
Red,象山,2018-09-23,17923.0
Red,台北101/世貿,2018-09-23,54226.0
Red,信義安和,2018-09-23,20708.0
Red,大安森林公園,2018-09-23,16758.0
Red,東門,2018-09-23,24385.0
Red,大安,2018-09-23,13307.0
Red,中正紀念堂,2018-09-24,18452.5
Red,台大醫院,2018-09-24,14840.0
Red,台北車站,2018-09-24,164935.0
Red,中山,2018-09-24,41290.0
Red,雙連,2018-09-24,24977.0
Red,民權西路,2018-09-24,15919.0
Red,圓山,2018-09-24,37493.0
Red,劍潭,2018-09-24,48572.0
Red,士林,2018-09-24,37356.0
Red,芝山,2018-09-24,29506.0
Red,明德,2018-09-24,13156.0
Red,石牌,2018-09-24,34650.0
Red,唭哩岸,2018-09-24,9442.0
Red,奇岩,2018-09-24,9318.0
Red,北投,2018-09-24,22895.0
Red,新北投,2018-09-24,8509.0
Red,復興崗,2018-09-24,4447.0
Red,忠義,2018-09-24,2820.0
Red,關渡,2018-09-24,14072.0
Red,竹圍,2018-09-24,12365.0
Red,紅樹林,2018-09-24,9325.0
Red,淡水,2018-09-24,74908.0
Red,象山,2018-09-24,14201.0
Red,台北101/世貿,2018-09-24,39871.0
Red,信義安和,2018-09-24,18436.0
Red,大安森林公園,2018-09-24,10230.0
Red,東門,2018-09-24,19327.0
Red,大安,2018-09-24,11383.5
Red,中正紀念堂,2018-09-25,32766.5
Red,台大醫院,2018-09-25,53901.0
Red,台北車站,2018-09-25,155758.0
Red,中山,2018-09-25,45860.0
Red,雙連,2018-09-25,46473.0
Red,民權西路,2018-09-25,29598.0
Red,圓山,2018-09-25,55618.0
Red,劍潭,2018-09-25,68290.0
Red,士林,2018-09-25,57800.0
Red,芝山,2018-09-25,46511.0
Red,明德,2018-09-25,27928.0
Red,石牌,2018-09-25,65772.0
Red,唭哩岸,2018-09-25,15511.0
Red,奇岩,2018-09-25,18880.0
Red,北投,2018-09-25,36007.0
Red,新北投,2018-09-25,11326.0
Red,復興崗,2018-09-25,7328.0
Red,忠義,2018-09-25,5626.0
Red,關渡,2018-09-25,25984.0
Red,竹圍,2018-09-25,19232.0
Red,紅樹林,2018-09-25,14703.0
Red,淡水,2018-09-25,74885.0
Red,象山,2018-09-25,26655.0
Red,台北101/世貿,2018-09-25,55394.0
Red,信義安和,2018-09-25,36875.0
Red,大安森林公園,2018-09-25,15543.0
Red,東門,2018-09-25,26386.0
Red,大安,2018-09-25,28960.0
Red,中正紀念堂,2018-09-26,34640.5
Red,台大醫院,2018-09-26,55287.0
Red,台北車站,2018-09-26,144818.0
Red,中山,2018-09-26,47107.0
Red,雙連,2018-09-26,47514.0
Red,民權西路,2018-09-26,29641.0
Red,圓山,2018-09-26,55556.0
Red,劍潭,2018-09-26,66104.0
Red,士林,2018-09-26,57886.0
Red,芝山,2018-09-26,47791.0
Red,明德,2018-09-26,27808.0
Red,石牌,2018-09-26,67825.0
Red,唭哩岸,2018-09-26,15587.0
Red,奇岩,2018-09-26,19071.0
Red,北投,2018-09-26,35635.0
Red,新北投,2018-09-26,10962.0
Red,復興崗,2018-09-26,7680.0
Red,忠義,2018-09-26,7250.0
Red,關渡,2018-09-26,28482.0
Red,竹圍,2018-09-26,19504.0
Red,紅樹林,2018-09-26,14833.0
Red,淡水,2018-09-26,70642.0
Red,象山,2018-09-26,25499.0
Red,台北101/世貿,2018-09-26,57784.0
Red,信義安和,2018-09-26,38221.0
Red,大安森林公園,2018-09-26,15755.0
Red,東門,2018-09-26,26979.5
Red,大安,2018-09-26,29941.5
Red,中正紀念堂,2018-09-27,36070.5
Red,台大醫院,2018-09-27,54073.0
Red,台北車站,2018-09-27,149265.5
Red,中山,2018-09-27,49077.5
Red,雙連,2018-09-27,46688.0
Red,民權西路,2018-09-27,30313.0
Red,圓山,2018-09-27,55776.0
Red,劍潭,2018-09-27,68418.0
Red,士林,2018-09-27,60680.0
Red,芝山,2018-09-27,48262.0
Red,明德,2018-09-27,27953.0
Red,石牌,2018-09-27,66656.0
Red,唭哩岸,2018-09-27,15232.0
Red,奇岩,2018-09-27,19042.0
Red,北投,2018-09-27,36277.0
Red,新北投,2018-09-27,11369.0
Red,復興崗,2018-09-27,7776.0
Red,忠義,2018-09-27,7541.0
Red,關渡,2018-09-27,28488.0
Red,竹圍,2018-09-27,19985.0
Red,紅樹林,2018-09-27,14842.0
Red,淡水,2018-09-27,74363.0
Red,象山,2018-09-27,26604.0
Red,台北101/世貿,2018-09-27,65051.0
Red,信義安和,2018-09-27,38625.0
Red,大安森林公園,2018-09-27,16043.0
Red,東門,2018-09-27,27829.5
Red,大安,2018-09-27,30152.5
Red,中正紀念堂,2018-09-28,37265.0
Red,台大醫院,2018-09-28,53978.0
Red,台北車站,2018-09-28,176091.0
Red,中山,2018-09-28,56820.5
Red,雙連,2018-09-28,49801.0
Red,民權西路,2018-09-28,31953.0
Red,圓山,2018-09-28,59481.0
Red,劍潭,2018-09-28,73161.0
Red,士林,2018-09-28,60018.0
Red,芝山,2018-09-28,50605.0
Red,明德,2018-09-28,28510.0
Red,石牌,2018-09-28,68165.0
Red,唭哩岸,2018-09-28,16076.0
Red,奇岩,2018-09-28,19431.0
Red,北投,2018-09-28,37768.0
Red,新北投,2018-09-28,12876.0
Red,復興崗,2018-09-28,8014.0
Red,忠義,2018-09-28,7546.0
Red,關渡,2018-09-28,28245.0
Red,竹圍,2018-09-28,20175.0
Red,紅樹林,2018-09-28,16124.0
Red,淡水,2018-09-28,74890.0
Red,象山,2018-09-28,27024.0
Red,台北101/世貿,2018-09-28,70031.0
Red,信義安和,2018-09-28,41093.0
Red,大安森林公園,2018-09-28,16567.0
Red,東門,2018-09-28,30484.5
Red,大安,2018-09-28,31945.5
Red,中正紀念堂,2018-09-29,30750.5
Red,台大醫院,2018-09-29,28359.0
Red,台北車站,2018-09-29,168499.5
Red,中山,2018-09-29,62669.5
Red,雙連,2018-09-29,40749.0
Red,民權西路,2018-09-29,23303.0
Red,圓山,2018-09-29,58327.0
Red,劍潭,2018-09-29,69384.0
Red,士林,2018-09-29,53698.0
Red,芝山,2018-09-29,42063.0
Red,明德,2018-09-29,19849.0
Red,石牌,2018-09-29,53277.0
Red,唭哩岸,2018-09-29,12982.0
Red,奇岩,2018-09-29,13120.0
Red,北投,2018-09-29,31934.0
Red,新北投,2018-09-29,14732.0
Red,復興崗,2018-09-29,6219.0
Red,忠義,2018-09-29,3874.0
Red,關渡,2018-09-29,18954.0
Red,竹圍,2018-09-29,16988.0
Red,紅樹林,2018-09-29,11739.0
Red,淡水,2018-09-29,73322.0
Red,象山,2018-09-29,18562.0
Red,台北101/世貿,2018-09-29,61280.0
Red,信義安和,2018-09-29,28818.0
Red,大安森林公園,2018-09-29,19232.0
Red,東門,2018-09-29,29178.0
Red,大安,2018-09-29,19380.0
Red,中正紀念堂,2018-09-30,28143.0
Red,台大醫院,2018-09-30,25234.0
Red,台北車站,2018-09-30,173753.5
Red,中山,2018-09-30,54454.5
Red,雙連,2018-09-30,32201.0
Red,民權西路,2018-09-30,23492.0
Red,圓山,2018-09-30,58757.0
Red,劍潭,2018-09-30,68030.0
Red,士林,2018-09-30,51742.0
Red,芝山,2018-09-30,42028.0
Red,明德,2018-09-30,16717.0
Red,石牌,2018-09-30,46047.0
Red,唭哩岸,2018-09-30,11496.0
Red,奇岩,2018-09-30,11856.0
Red,北投,2018-09-30,30766.0
Red,新北投,2018-09-30,13885.0
Red,復興崗,2018-09-30,5893.0
Red,忠義,2018-09-30,3544.0
Red,關渡,2018-09-30,18028.0
Red,竹圍,2018-09-30,15770.0
Red,紅樹林,2018-09-30,13151.0
Red,淡水,2018-09-30,99142.0
Red,象山,2018-09-30,20916.0
Red,台北101/世貿,2018-09-30,49383.0
Red,信義安和,2018-09-30,22993.0
Red,大安森林公園,2018-09-30,23012.0
Red,東門,2018-09-30,24276.5
Red,大安,2018-09-30,16385.0
Red,中正紀念堂,2018-10-01,33202.5
Red,台大醫院,2018-10-01,54368.0
Red,台北車站,2018-10-01,144738.5
Red,中山,2018-10-01,46455.5
Red,雙連,2018-10-01,47740.0
Red,民權西路,2018-10-01,29363.5
Red,圓山,2018-10-01,54267.0
Red,劍潭,2018-10-01,68410.0
Red,士林,2018-10-01,58639.0
Red,芝山,2018-10-01,46899.0
Red,明德,2018-10-01,27248.0
Red,石牌,2018-10-01,66069.0
Red,唭哩岸,2018-10-01,14472.0
Red,奇岩,2018-10-01,18401.0
Red,北投,2018-10-01,36324.0
Red,新北投,2018-10-01,10663.0
Red,復興崗,2018-10-01,7354.0
Red,忠義,2018-10-01,7223.0
Red,關渡,2018-10-01,27774.0
Red,竹圍,2018-10-01,19703.0
Red,紅樹林,2018-10-01,14856.0
Red,淡水,2018-10-01,78379.0
Red,象山,2018-10-01,28136.0
Red,台北101/世貿,2018-10-01,58013.0
Red,信義安和,2018-10-01,36512.0
Red,大安森林公園,2018-10-01,15769.0
Red,東門,2018-10-01,26138.5
Red,大安,2018-10-01,28504.0
Red,中正紀念堂,2018-10-02,36552.5
Red,台大醫院,2018-10-02,53869.0
Red,台北車站,2018-10-02,140441.0
Red,中山,2018-10-02,47764.5
Red,雙連,2018-10-02,48443.0
Red,民權西路,2018-10-02,30005.0
Red,圓山,2018-10-02,56745.0
Red,劍潭,2018-10-02,71236.0
Red,士林,2018-10-02,61380.0
Red,芝山,2018-10-02,48991.0
Red,明德,2018-10-02,28019.0
Red,石牌,2018-10-02,66724.0
Red,唭哩岸,2018-10-02,15064.0
Red,奇岩,2018-10-02,18663.0
Red,北投,2018-10-02,37954.0
Red,新北投,2018-10-02,11742.0
Red,復興崗,2018-10-02,7688.0
Red,忠義,2018-10-02,7561.0
Red,關渡,2018-10-02,28485.0
Red,竹圍,2018-10-02,20148.0
Red,紅樹林,2018-10-02,15060.0
Red,淡水,2018-10-02,79257.0
Red,象山,2018-10-02,28835.0
Red,台北101/世貿,2018-10-02,57833.0
Red,信義安和,2018-10-02,38035.0
Red,大安森林公園,2018-10-02,16687.0
Red,東門,2018-10-02,27107.5
Red,大安,2018-10-02,29701.5
Red,中正紀念堂,2018-10-03,36336.5
Red,台大醫院,2018-10-03,55317.0
Red,台北車站,2018-10-03,143886.5
Red,中山,2018-10-03,49491.5
Red,雙連,2018-10-03,48814.0
Red,民權西路,2018-10-03,30009.0
Red,圓山,2018-10-03,56557.0
Red,劍潭,2018-10-03,70989.0
Red,士林,2018-10-03,63034.0
Red,芝山,2018-10-03,48897.0
Red,明德,2018-10-03,28478.0
Red,石牌,2018-10-03,68227.0
Red,唭哩岸,2018-10-03,15310.0
Red,奇岩,2018-10-03,18908.0
Red,北投,2018-10-03,38041.0
Red,新北投,2018-10-03,11730.0
Red,復興崗,2018-10-03,7763.0
Red,忠義,2018-10-03,7436.0
Red,關渡,2018-10-03,28737.0
Red,竹圍,2018-10-03,20208.0
Red,紅樹林,2018-10-03,15286.0
Red,淡水,2018-10-03,78499.0
Red,象山,2018-10-03,28214.0
Red,台北101/世貿,2018-10-03,61343.0
Red,信義安和,2018-10-03,38855.0
Red,大安森林公園,2018-10-03,16304.0
Red,東門,2018-10-03,28133.0
Red,大安,2018-10-03,29809.5
Red,中正紀念堂,2018-10-04,35787.5
Red,台大醫院,2018-10-04,53297.0
Red,台北車站,2018-10-04,146258.0
Red,中山,2018-10-04,58553.5
Red,雙連,2018-10-04,47773.0
Red,民權西路,2018-10-04,30138.5
Red,圓山,2018-10-04,54542.0
Red,劍潭,2018-10-04,66989.0
Red,士林,2018-10-04,62140.0
Red,芝山,2018-10-04,47796.0
Red,明德,2018-10-04,27665.0
Red,石牌,2018-10-04,65856.0
Red,唭哩岸,2018-10-04,15090.0
Red,奇岩,2018-10-04,18995.0
Red,北投,2018-10-04,36460.0
Red,新北投,2018-10-04,11984.0
Red,復興崗,2018-10-04,8062.0
Red,忠義,2018-10-04,7386.0
Red,關渡,2018-10-04,28012.0
Red,竹圍,2018-10-04,19763.0
Red,紅樹林,2018-10-04,14944.0
Red,淡水,2018-10-04,72397.0
Red,象山,2018-10-04,26745.0
Red,台北101/世貿,2018-10-04,67486.0
Red,信義安和,2018-10-04,38575.0
Red,大安森林公園,2018-10-04,16127.0
Red,東門,2018-10-04,28304.0
Red,大安,2018-10-04,30443.5
Red,中正紀念堂,2018-10-05,38459.0
Red,台大醫院,2018-10-05,55088.0
Red,台北車站,2018-10-05,184662.0
Red,中山,2018-10-05,64577.5
Red,雙連,2018-10-05,51251.0
Red,民權西路,2018-10-05,32515.5
Red,圓山,2018-10-05,61167.0
Red,劍潭,2018-10-05,79940.0
Red,士林,2018-10-05,70041.0
Red,芝山,2018-10-05,52447.0
Red,明德,2018-10-05,28747.0
Red,石牌,2018-10-05,69829.0
Red,唭哩岸,2018-10-05,16091.0
Red,奇岩,2018-10-05,19481.0
Red,北投,2018-10-05,41029.0
Red,新北投,2018-10-05,13649.0
Red,復興崗,2018-10-05,8336.0
Red,忠義,2018-10-05,7791.0
Red,關渡,2018-10-05,29854.0
Red,竹圍,2018-10-05,21042.0
Red,紅樹林,2018-10-05,15730.0
Red,淡水,2018-10-05,89291.0
Red,象山,2018-10-05,30256.0
Red,台北101/世貿,2018-10-05,72025.0
Red,信義安和,2018-10-05,41414.0
Red,大安森林公園,2018-10-05,18156.0
Red,東門,2018-10-05,30320.0
Red,大安,2018-10-05,31611.0
Red,中正紀念堂,2018-10-06,33499.0
Red,台大醫院,2018-10-06,29802.0
Red,台北車站,2018-10-06,187328.5
Red,中山,2018-10-06,87030.0
Red,雙連,2018-10-06,48951.0
Red,民權西路,2018-10-06,27340.5
Red,圓山,2018-10-06,98200.0
Red,劍潭,2018-10-06,80760.0
Red,士林,2018-10-06,62045.0
Red,芝山,2018-10-06,45582.0
Red,明德,2018-10-06,20003.0
Red,石牌,2018-10-06,54777.0
Red,唭哩岸,2018-10-06,13795.0
Red,奇岩,2018-10-06,14332.0
Red,北投,2018-10-06,34466.0
Red,新北投,2018-10-06,14982.0
Red,復興崗,2018-10-06,6846.0
Red,忠義,2018-10-06,4270.0
Red,關渡,2018-10-06,19951.0
Red,竹圍,2018-10-06,18810.0
Red,紅樹林,2018-10-06,13307.0
Red,淡水,2018-10-06,101623.0
Red,象山,2018-10-06,24174.0
Red,台北101/世貿,2018-10-06,67895.0
Red,信義安和,2018-10-06,29952.0
Red,大安森林公園,2018-10-06,24191.0
Red,東門,2018-10-06,29986.0
Red,大安,2018-10-06,20733.0
Red,中正紀念堂,2018-10-07,28231.5
Red,台大醫院,2018-10-07,23597.0
Red,台北車站,2018-10-07,179240.0
Red,中山,2018-10-07,60049.0
Red,雙連,2018-10-07,31726.0
Red,民權西路,2018-10-07,23205.0
Red,圓山,2018-10-07,54886.0
Red,劍潭,2018-10-07,63908.0
Red,士林,2018-10-07,52863.0
Red,芝山,2018-10-07,42496.0
Red,明德,2018-10-07,16444.0
Red,石牌,2018-10-07,42877.0
Red,唭哩岸,2018-10-07,12278.0
Red,奇岩,2018-10-07,12867.0
Red,北投,2018-10-07,29171.0
Red,新北投,2018-10-07,13527.0
Red,復興崗,2018-10-07,5937.0
Red,忠義,2018-10-07,3443.0
Red,關渡,2018-10-07,17244.0
Red,竹圍,2018-10-07,15454.0
Red,紅樹林,2018-10-07,11225.0
Red,淡水,2018-10-07,87894.0
Red,象山,2018-10-07,19052.0
Red,台北101/世貿,2018-10-07,57195.0
Red,信義安和,2018-10-07,21297.0
Red,大安森林公園,2018-10-07,21758.0
Red,東門,2018-10-07,25648.5
Red,大安,2018-10-07,15040.5
Red,中正紀念堂,2018-10-08,32959.5
Red,台大醫院,2018-10-08,53400.0
Red,台北車站,2018-10-08,145866.0
Red,中山,2018-10-08,50019.5
Red,雙連,2018-10-08,46534.0
Red,民權西路,2018-10-08,29331.5
Red,圓山,2018-10-08,53356.0
Red,劍潭,2018-10-08,66793.0
Red,士林,2018-10-08,57613.0
Red,芝山,2018-10-08,45815.0
Red,明德,2018-10-08,27176.0
Red,石牌,2018-10-08,64812.0
Red,唭哩岸,2018-10-08,14811.0
Red,奇岩,2018-10-08,18485.0
Red,北投,2018-10-08,35973.0
Red,新北投,2018-10-08,11114.0
Red,復興崗,2018-10-08,7465.0
Red,忠義,2018-10-08,7130.0
Red,關渡,2018-10-08,27731.0
Red,竹圍,2018-10-08,19466.0
Red,紅樹林,2018-10-08,14705.0
Red,淡水,2018-10-08,73653.0
Red,象山,2018-10-08,25415.0
Red,台北101/世貿,2018-10-08,58031.0
Red,信義安和,2018-10-08,37195.0
Red,大安森林公園,2018-10-08,15157.0
Red,東門,2018-10-08,26319.0
Red,大安,2018-10-08,28962.5
Red,中正紀念堂,2018-10-09,35852.0
Red,台大醫院,2018-10-09,56745.0
Red,台北車站,2018-10-09,151040.0
Red,中山,2018-10-09,54404.0
Red,雙連,2018-10-09,49541.0
Red,民權西路,2018-10-09,31070.5
Red,圓山,2018-10-09,58420.0
Red,劍潭,2018-10-09,75820.0
Red,士林,2018-10-09,63199.0
Red,芝山,2018-10-09,50135.0
Red,明德,2018-10-09,28265.0
Red,石牌,2018-10-09,68720.0
Red,唭哩岸,2018-10-09,15287.0
Red,奇岩,2018-10-09,19566.0
Red,北投,2018-10-09,38663.0
Red,新北投,2018-10-09,11970.0
Red,復興崗,2018-10-09,7741.0
Red,忠義,2018-10-09,7712.0
Red,關渡,2018-10-09,29702.0
Red,竹圍,2018-10-09,20576.0
Red,紅樹林,2018-10-09,15869.0
Red,淡水,2018-10-09,79479.0
Red,象山,2018-10-09,27985.0
Red,台北101/世貿,2018-10-09,61402.0
Red,信義安和,2018-10-09,40416.0
Red,大安森林公園,2018-10-09,16323.0
Red,東門,2018-10-09,27732.0
Red,大安,2018-10-09,29650.5
Red,中正紀念堂,2018-10-10,32034.0
Red,台大醫院,2018-10-10,29336.0
Red,台北車站,2018-10-10,146072.5
Red,中山,2018-10-10,60136.0
Red,雙連,2018-10-10,30625.0
Red,民權西路,2018-10-10,20819.0
Red,圓山,2018-10-10,44063.0
Red,劍潭,2018-10-10,60226.0
Red,士林,2018-10-10,51458.0
Red,芝山,2018-10-10,35966.0
Red,明德,2018-10-10,15250.0
Red,石牌,2018-10-10,43358.0
Red,唭哩岸,2018-10-10,10876.0
Red,奇岩,2018-10-10,11819.0
Red,北投,2018-10-10,28135.0
Red,新北投,2018-10-10,13300.0
Red,復興崗,2018-10-10,5253.0
Red,忠義,2018-10-10,4523.0
Red,關渡,2018-10-10,17037.0
Red,竹圍,2018-10-10,15300.0
Red,紅樹林,2018-10-10,10710.0
Red,淡水,2018-10-10,81361.0
Red,象山,2018-10-10,16802.0
Red,台北101/世貿,2018-10-10,62941.0
Red,信義安和,2018-10-10,23216.0
Red,大安森林公園,2018-10-10,12062.0
Red,東門,2018-10-10,22478.5
Red,大安,2018-10-10,14768.5
Red,中正紀念堂,2018-10-11,34515.0
Red,台大醫院,2018-10-11,53544.0
Red,台北車站,2018-10-11,145140.5
Red,中山,2018-10-11,49337.0
Red,雙連,2018-10-11,47231.0
Red,民權西路,2018-10-11,29789.0
Red,圓山,2018-10-11,54086.0
Red,劍潭,2018-10-11,67316.0
Red,士林,2018-10-11,58888.0
Red,芝山,2018-10-11,47377.0
Red,明德,2018-10-11,27465.0
Red,石牌,2018-10-11,65885.0
Red,唭哩岸,2018-10-11,15030.0
Red,奇岩,2018-10-11,19256.0
Red,北投,2018-10-11,36001.0
Red,新北投,2018-10-11,12102.0
Red,復興崗,2018-10-11,7583.0
Red,忠義,2018-10-11,7461.0
Red,關渡,2018-10-11,27901.0
Red,竹圍,2018-10-11,19336.0
Red,紅樹林,2018-10-11,14998.0
Red,淡水,2018-10-11,71920.0
Red,象山,2018-10-11,25889.0
Red,台北101/世貿,2018-10-11,64524.0
Red,信義安和,2018-10-11,38866.0
Red,大安森林公園,2018-10-11,15577.0
Red,東門,2018-10-11,26642.5
Red,大安,2018-10-11,29719.0
Red,中正紀念堂,2018-10-12,38319.0
Red,台大醫院,2018-10-12,54696.0
Red,台北車站,2018-10-12,184795.5
Red,中山,2018-10-12,58682.5
Red,雙連,2018-10-12,50663.0
Red,民權西路,2018-10-12,31775.5
Red,圓山,2018-10-12,58059.0
Red,劍潭,2018-10-12,73042.0
Red,士林,2018-10-12,64705.0
Red,芝山,2018-10-12,50934.0
Red,明德,2018-10-12,28209.0
Red,石牌,2018-10-12,70170.0
Red,唭哩岸,2018-10-12,16347.0
Red,奇岩,2018-10-12,20141.0
Red,北投,2018-10-12,39364.0
Red,新北投,2018-10-12,13235.0
Red,復興崗,2018-10-12,8253.0
Red,忠義,2018-10-12,7477.0
Red,關渡,2018-10-12,28232.0
Red,竹圍,2018-10-12,20788.0
Red,紅樹林,2018-10-12,16129.0
Red,淡水,2018-10-12,79355.0
Red,象山,2018-10-12,26364.0
Red,台北101/世貿,2018-10-12,70967.0
Red,信義安和,2018-10-12,41567.0
Red,大安森林公園,2018-10-12,16872.0
Red,東門,2018-10-12,30664.5
Red,大安,2018-10-12,32724.5
Red,中正紀念堂,2018-10-13,35307.5
Red,台大醫院,2018-10-13,27893.0
Red,台北車站,2018-10-13,178202.5
Red,中山,2018-10-13,64407.5
Red,雙連,2018-10-13,42188.0
Red,民權西路,2018-10-13,25159.5
Red,圓山,2018-10-13,63009.0
Red,劍潭,2018-10-13,72341.0
Red,士林,2018-10-13,56098.0
Red,芝山,2018-10-13,43460.0
Red,明德,2018-10-13,20228.0
Red,石牌,2018-10-13,52428.0
Red,唭哩岸,2018-10-13,13102.0
Red,奇岩,2018-10-13,14134.0
Red,北投,2018-10-13,33387.0
Red,新北投,2018-10-13,14949.0
Red,復興崗,2018-10-13,7990.0
Red,忠義,2018-10-13,5280.0
Red,關渡,2018-10-13,19864.0
Red,竹圍,2018-10-13,18709.0
Red,紅樹林,2018-10-13,12378.0
Red,淡水,2018-10-13,80408.0
Red,象山,2018-10-13,19577.0
Red,台北101/世貿,2018-10-13,71613.0
Red,信義安和,2018-10-13,29108.0
Red,大安森林公園,2018-10-13,21513.0
Red,東門,2018-10-13,28006.5
Red,大安,2018-10-13,19753.0
Red,中正紀念堂,2018-10-14,35892.5
Red,台大醫院,2018-10-14,23676.0
Red,台北車站,2018-10-14,189255.5
Red,中山,2018-10-14,52743.5
Red,雙連,2018-10-14,31907.0
Red,民權西路,2018-10-14,23244.5
Red,圓山,2018-10-14,55053.0
Red,劍潭,2018-10-14,65666.0
Red,士林,2018-10-14,50992.0
Red,芝山,2018-10-14,43194.0
Red,明德,2018-10-14,16274.0
Red,石牌,2018-10-14,44428.0
Red,唭哩岸,2018-10-14,11697.0
Red,奇岩,2018-10-14,12350.0
Red,北投,2018-10-14,29469.0
Red,新北投,2018-10-14,13963.0
Red,復興崗,2018-10-14,5739.0
Red,忠義,2018-10-14,3488.0
Red,關渡,2018-10-14,18213.0
Red,竹圍,2018-10-14,16309.0
Red,紅樹林,2018-10-14,12946.0
Red,淡水,2018-10-14,92079.0
Red,象山,2018-10-14,19365.0
Red,台北101/世貿,2018-10-14,60842.0
Red,信義安和,2018-10-14,22740.0
Red,大安森林公園,2018-10-14,21434.0
Red,東門,2018-10-14,24328.0
Red,大安,2018-10-14,15891.0
Red,中正紀念堂,2018-10-15,33189.0
Red,台大醫院,2018-10-15,52811.0
Red,台北車站,2018-10-15,146789.5
Red,中山,2018-10-15,47571.5
Red,雙連,2018-10-15,46920.0
Red,民權西路,2018-10-15,29405.5
Red,圓山,2018-10-15,53922.0
Red,劍潭,2018-10-15,67966.0
Red,士林,2018-10-15,57361.0
Red,芝山,2018-10-15,47113.0
Red,明德,2018-10-15,27378.0
Red,石牌,2018-10-15,66181.0
Red,唭哩岸,2018-10-15,14636.0
Red,奇岩,2018-10-15,18759.0
Red,北投,2018-10-15,36221.0
Red,新北投,2018-10-15,11517.0
Red,復興崗,2018-10-15,7281.0
Red,忠義,2018-10-15,7335.0
Red,關渡,2018-10-15,27680.0
Red,竹圍,2018-10-15,19641.0
Red,紅樹林,2018-10-15,15199.0
Red,淡水,2018-10-15,76266.0
Red,象山,2018-10-15,26873.0
Red,台北101/世貿,2018-10-15,55722.0
Red,信義安和,2018-10-15,36681.0
Red,大安森林公園,2018-10-15,15065.0
Red,東門,2018-10-15,25713.5
Red,大安,2018-10-15,28863.0
Red,中正紀念堂,2018-10-16,35080.0
Red,台大醫院,2018-10-16,53009.0
Red,台北車站,2018-10-16,141379.5
Red,中山,2018-10-16,47327.0
Red,雙連,2018-10-16,46729.0
Red,民權西路,2018-10-16,29632.0
Red,圓山,2018-10-16,56375.0
Red,劍潭,2018-10-16,68245.0
Red,士林,2018-10-16,59324.0
Red,芝山,2018-10-16,47998.0
Red,明德,2018-10-16,27626.0
Red,石牌,2018-10-16,67309.0
Red,唭哩岸,2018-10-16,15224.0
Red,奇岩,2018-10-16,19259.0
Red,北投,2018-10-16,37782.0
Red,新北投,2018-10-16,12511.0
Red,復興崗,2018-10-16,7531.0
Red,忠義,2018-10-16,7385.0
Red,關渡,2018-10-16,27933.0
Red,竹圍,2018-10-16,19761.0
Red,紅樹林,2018-10-16,15054.0
Red,淡水,2018-10-16,73963.0
Red,象山,2018-10-16,26134.0
Red,台北101/世貿,2018-10-16,55432.0
Red,信義安和,2018-10-16,37393.0
Red,大安森林公園,2018-10-16,15962.0
Red,東門,2018-10-16,26655.5
Red,大安,2018-10-16,29853.0
Red,中正紀念堂,2018-10-17,34316.0
Red,台大醫院,2018-10-17,54821.0
Red,台北車站,2018-10-17,142856.5
Red,中山,2018-10-17,47374.0
Red,雙連,2018-10-17,47472.0
Red,民權西路,2018-10-17,29454.0
Red,圓山,2018-10-17,54021.0
Red,劍潭,2018-10-17,66798.0
Red,士林,2018-10-17,58991.0
Red,芝山,2018-10-17,47173.0
Red,明德,2018-10-17,27316.0
Red,石牌,2018-10-17,67536.0
Red,唭哩岸,2018-10-17,15428.0
Red,奇岩,2018-10-17,18846.0
Red,北投,2018-10-17,35581.0
Red,新北投,2018-10-17,11905.0
Red,復興崗,2018-10-17,7747.0
Red,忠義,2018-10-17,7584.0
Red,關渡,2018-10-17,28030.0
Red,竹圍,2018-10-17,19684.0
Red,紅樹林,2018-10-17,15068.0
Red,淡水,2018-10-17,72184.0
Red,象山,2018-10-17,25638.0
Red,台北101/世貿,2018-10-17,56660.0
Red,信義安和,2018-10-17,39087.0
Red,大安森林公園,2018-10-17,15467.0
Red,東門,2018-10-17,28271.5
Red,大安,2018-10-17,30801.5
Red,中正紀念堂,2018-10-18,36106.0
Red,台大醫院,2018-10-18,54131.0
Red,台北車站,2018-10-18,148219.0
Red,中山,2018-10-18,48437.5
Red,雙連,2018-10-18,47583.0
Red,民權西路,2018-10-18,29987.0
Red,圓山,2018-10-18,56001.0
Red,劍潭,2018-10-18,71544.0
Red,士林,2018-10-18,59679.0
Red,芝山,2018-10-18,49631.0
Red,明德,2018-10-18,27549.0
Red,石牌,2018-10-18,66853.0
Red,唭哩岸,2018-10-18,15279.0
Red,奇岩,2018-10-18,19524.0
Red,北投,2018-10-18,37601.0
Red,新北投,2018-10-18,12940.0
Red,復興崗,2018-10-18,7982.0
Red,忠義,2018-10-18,7322.0
Red,關渡,2018-10-18,28614.0
Red,竹圍,2018-10-18,19898.0
Red,紅樹林,2018-10-18,15246.0
Red,淡水,2018-10-18,78797.0
Red,象山,2018-10-18,28146.0
Red,台北101/世貿,2018-10-18,60998.0
Red,信義安和,2018-10-18,38537.0
Red,大安森林公園,2018-10-18,16620.0
Red,東門,2018-10-18,27973.5
Red,大安,2018-10-18,30494.5
Red,中正紀念堂,2018-10-19,37986.5
Red,台大醫院,2018-10-19,53500.0
Red,台北車站,2018-10-19,187168.0
Red,中山,2018-10-19,55357.5
Red,雙連,2018-10-19,50965.0
Red,民權西路,2018-10-19,31979.0
Red,圓山,2018-10-19,59955.0
Red,劍潭,2018-10-19,79740.0
Red,士林,2018-10-19,65477.0
Red,芝山,2018-10-19,53383.0
Red,明德,2018-10-19,28450.0
Red,石牌,2018-10-19,70321.0
Red,唭哩岸,2018-10-19,15879.0
Red,奇岩,2018-10-19,20138.0
Red,北投,2018-10-19,39559.0
Red,新北投,2018-10-19,13341.0
Red,復興崗,2018-10-19,7955.0
Red,忠義,2018-10-19,7792.0
Red,關渡,2018-10-19,29511.0
Red,竹圍,2018-10-19,20500.0
Red,紅樹林,2018-10-19,16034.0
Red,淡水,2018-10-19,84100.0
Red,象山,2018-10-19,28633.0
Red,台北101/世貿,2018-10-19,67439.0
Red,信義安和,2018-10-19,41650.0
Red,大安森林公園,2018-10-19,17135.0
Red,東門,2018-10-19,31038.0
Red,大安,2018-10-19,32027.5
Red,中正紀念堂,2018-10-20,36690.5
Red,台大醫院,2018-10-20,29912.0
Red,台北車站,2018-10-20,187074.5
Red,中山,2018-10-20,60063.0
Red,雙連,2018-10-20,43123.0
Red,民權西路,2018-10-20,25320.0
Red,圓山,2018-10-20,64942.0
Red,劍潭,2018-10-20,82528.0
Red,士林,2018-10-20,61798.0
Red,芝山,2018-10-20,46849.0
Red,明德,2018-10-20,22949.0
Red,石牌,2018-10-20,55691.0
Red,唭哩岸,2018-10-20,14054.0
Red,奇岩,2018-10-20,14560.0
Red,北投,2018-10-20,36276.0
Red,新北投,2018-10-20,22632.0
Red,復興崗,2018-10-20,6885.0
Red,忠義,2018-10-20,4352.0
Red,關渡,2018-10-20,21024.0
Red,竹圍,2018-10-20,19777.0
Red,紅樹林,2018-10-20,14796.0
Red,淡水,2018-10-20,96383.0
Red,象山,2018-10-20,23790.0
Red,台北101/世貿,2018-10-20,62813.0
Red,信義安和,2018-10-20,31187.0
Red,大安森林公園,2018-10-20,24374.0
Red,東門,2018-10-20,29567.5
Red,大安,2018-10-20,25407.5
Red,中正紀念堂,2018-10-21,37502.5
Red,台大醫院,2018-10-21,26307.0
Red,台北車站,2018-10-21,192705.0
Red,中山,2018-10-21,50380.0
Red,雙連,2018-10-21,31989.0
Red,民權西路,2018-10-21,23833.5
Red,圓山,2018-10-21,64698.0
Red,劍潭,2018-10-21,70560.0
Red,士林,2018-10-21,55522.0
Red,芝山,2018-10-21,43090.0
Red,明德,2018-10-21,16889.0
Red,石牌,2018-10-21,46242.0
Red,唭哩岸,2018-10-21,11930.0
Red,奇岩,2018-10-21,13237.0
Red,北投,2018-10-21,31002.0
Red,新北投,2018-10-21,14514.0
Red,復興崗,2018-10-21,5823.0
Red,忠義,2018-10-21,3921.0
Red,關渡,2018-10-21,18808.0
Red,竹圍,2018-10-21,16844.0
Red,紅樹林,2018-10-21,12678.0
Red,淡水,2018-10-21,100853.0
Red,象山,2018-10-21,22734.0
Red,台北101/世貿,2018-10-21,54705.0
Red,信義安和,2018-10-21,23840.0
Red,大安森林公園,2018-10-21,31024.0
Red,東門,2018-10-21,25780.5
Red,大安,2018-10-21,15787.0
Red,中正紀念堂,2018-10-22,33762.5
Red,台大醫院,2018-10-22,51937.0
Red,台北車站,2018-10-22,144995.0
Red,中山,2018-10-22,42648.5
Red,雙連,2018-10-22,45476.0
Red,民權西路,2018-10-22,28791.5
Red,圓山,2018-10-22,54295.0
Red,劍潭,2018-10-22,69379.0
Red,士林,2018-10-22,57190.0
Red,芝山,2018-10-22,46446.0
Red,明德,2018-10-22,27335.0
Red,石牌,2018-10-22,64372.0
Red,唭哩岸,2018-10-22,14567.0
Red,奇岩,2018-10-22,18284.0
Red,北投,2018-10-22,36502.0
Red,新北投,2018-10-22,11439.0
Red,復興崗,2018-10-22,7586.0
Red,忠義,2018-10-22,7402.0
Red,關渡,2018-10-22,27752.0
Red,竹圍,2018-10-22,19465.0
Red,紅樹林,2018-10-22,14897.0
Red,淡水,2018-10-22,77009.0
Red,象山,2018-10-22,27536.0
Red,台北101/世貿,2018-10-22,55656.0
Red,信義安和,2018-10-22,35839.0
Red,大安森林公園,2018-10-22,15496.0
Red,東門,2018-10-22,25564.0
Red,大安,2018-10-22,28852.5
Red,中正紀念堂,2018-10-23,35730.0
Red,台大醫院,2018-10-23,53072.0
Red,台北車站,2018-10-23,139229.5
Red,中山,2018-10-23,44361.0
Red,雙連,2018-10-23,46735.0
Red,民權西路,2018-10-23,29343.0
Red,圓山,2018-10-23,56229.0
Red,劍潭,2018-10-23,68188.0
Red,士林,2018-10-23,58437.0
Red,芝山,2018-10-23,47753.0
Red,明德,2018-10-23,27551.0
Red,石牌,2018-10-23,65561.0
Red,唭哩岸,2018-10-23,15009.0
Red,奇岩,2018-10-23,18818.0
Red,北投,2018-10-23,36721.0
Red,新北投,2018-10-23,12144.0
Red,復興崗,2018-10-23,7410.0
Red,忠義,2018-10-23,7476.0
Red,關渡,2018-10-23,27501.0
Red,竹圍,2018-10-23,19853.0
Red,紅樹林,2018-10-23,14823.0
Red,淡水,2018-10-23,72250.0
Red,象山,2018-10-23,27314.0
Red,台北101/世貿,2018-10-23,56477.0
Red,信義安和,2018-10-23,37887.0
Red,大安森林公園,2018-10-23,15608.0
Red,東門,2018-10-23,26452.0
Red,大安,2018-10-23,30193.0
Red,中正紀念堂,2018-10-24,36508.5
Red,台大醫院,2018-10-24,53857.0
Red,台北車站,2018-10-24,140227.0
Red,中山,2018-10-24,45022.0
Red,雙連,2018-10-24,48035.0
Red,民權西路,2018-10-24,29796.0
Red,圓山,2018-10-24,57297.0
Red,劍潭,2018-10-24,71190.0
Red,士林,2018-10-24,59706.0
Red,芝山,2018-10-24,48347.0
Red,明德,2018-10-24,28028.0
Red,石牌,2018-10-24,67078.0
Red,唭哩岸,2018-10-24,15152.0
Red,奇岩,2018-10-24,19148.0
Red,北投,2018-10-24,37635.0
Red,新北投,2018-10-24,12899.0
Red,復興崗,2018-10-24,7744.0
Red,忠義,2018-10-24,7517.0
Red,關渡,2018-10-24,28571.0
Red,竹圍,2018-10-24,19810.0
Red,紅樹林,2018-10-24,15228.0
Red,淡水,2018-10-24,76171.0
Red,象山,2018-10-24,28094.0
Red,台北101/世貿,2018-10-24,57995.0
Red,信義安和,2018-10-24,38088.0
Red,大安森林公園,2018-10-24,16346.0
Red,東門,2018-10-24,26957.0
Red,大安,2018-10-24,29654.0
Red,中正紀念堂,2018-10-25,36595.5
Red,台大醫院,2018-10-25,52919.0
Red,台北車站,2018-10-25,146425.0
Red,中山,2018-10-25,46967.0
Red,雙連,2018-10-25,47064.0
Red,民權西路,2018-10-25,30180.0
Red,圓山,2018-10-25,56845.0
Red,劍潭,2018-10-25,72932.0
Red,士林,2018-10-25,60062.0
Red,芝山,2018-10-25,48650.0
Red,明德,2018-10-25,27535.0
Red,石牌,2018-10-25,66618.0
Red,唭哩岸,2018-10-25,15082.0
Red,奇岩,2018-10-25,19357.0
Red,北投,2018-10-25,37945.0
Red,新北投,2018-10-25,12565.0
Red,復興崗,2018-10-25,7798.0
Red,忠義,2018-10-25,7722.0
Red,關渡,2018-10-25,28953.0
Red,竹圍,2018-10-25,19665.0
Red,紅樹林,2018-10-25,15082.0
Red,淡水,2018-10-25,79329.0
Red,象山,2018-10-25,29017.0
Red,台北101/世貿,2018-10-25,63835.0
Red,信義安和,2018-10-25,37931.0
Red,大安森林公園,2018-10-25,17064.0
Red,東門,2018-10-25,28474.0
Red,大安,2018-10-25,30186.5
Red,中正紀念堂,2018-10-26,39224.5
Red,台大醫院,2018-10-26,53940.0
Red,台北車站,2018-10-26,185592.5
Red,中山,2018-10-26,54332.0
Red,雙連,2018-10-26,50528.0
Red,民權西路,2018-10-26,32183.0
Red,圓山,2018-10-26,62430.0
Red,劍潭,2018-10-26,79283.0
Red,士林,2018-10-26,65766.0
Red,芝山,2018-10-26,52801.0
Red,明德,2018-10-26,28674.0
Red,石牌,2018-10-26,70300.0
Red,唭哩岸,2018-10-26,15931.0
Red,奇岩,2018-10-26,19727.0
Red,北投,2018-10-26,40719.0
Red,新北投,2018-10-26,14139.0
Red,復興崗,2018-10-26,7814.0
Red,忠義,2018-10-26,7746.0
Red,關渡,2018-10-26,29057.0
Red,竹圍,2018-10-26,21013.0
Red,紅樹林,2018-10-26,16745.0
Red,淡水,2018-10-26,86809.0
Red,象山,2018-10-26,31311.0
Red,台北101/世貿,2018-10-26,70178.0
Red,信義安和,2018-10-26,41760.0
Red,大安森林公園,2018-10-26,19199.0
Red,東門,2018-10-26,31000.0
Red,大安,2018-10-26,32026.5
Red,中正紀念堂,2018-10-27,45440.5
Red,台大醫院,2018-10-27,63411.0
Red,台北車站,2018-10-27,198016.5
Red,中山,2018-10-27,58878.5
Red,雙連,2018-10-27,43105.0
Red,民權西路,2018-10-27,27214.0
Red,圓山,2018-10-27,86249.0
Red,劍潭,2018-10-27,86412.0
Red,士林,2018-10-27,65242.0
Red,芝山,2018-10-27,52341.0
Red,明德,2018-10-27,21075.0
Red,石牌,2018-10-27,58922.0
Red,唭哩岸,2018-10-27,13933.0
Red,奇岩,2018-10-27,15730.0
Red,北投,2018-10-27,35525.0
Red,新北投,2018-10-27,17223.0
Red,復興崗,2018-10-27,6914.0
Red,忠義,2018-10-27,4355.0
Red,關渡,2018-10-27,25638.0
Red,竹圍,2018-10-27,19241.0
Red,紅樹林,2018-10-27,12779.0
Red,淡水,2018-10-27,95599.0
Red,象山,2018-10-27,25048.0
Red,台北101/世貿,2018-10-27,69828.0
Red,信義安和,2018-10-27,31398.0
Red,大安森林公園,2018-10-27,25545.0
Red,東門,2018-10-27,32433.5
Red,大安,2018-10-27,24038.5
Red,中正紀念堂,2018-10-28,31410.5
Red,台大醫院,2018-10-28,25508.0
Red,台北車站,2018-10-28,189064.5
Red,中山,2018-10-28,48052.0
Red,雙連,2018-10-28,31364.0
Red,民權西路,2018-10-28,24888.5
Red,圓山,2018-10-28,78343.0
Red,劍潭,2018-10-28,70933.0
Red,士林,2018-10-28,52062.0
Red,芝山,2018-10-28,43820.0
Red,明德,2018-10-28,16729.0
Red,石牌,2018-10-28,48457.0
Red,唭哩岸,2018-10-28,11870.0
Red,奇岩,2018-10-28,12230.0
Red,北投,2018-10-28,32553.0
Red,新北投,2018-10-28,15270.0
Red,復興崗,2018-10-28,5848.0
Red,忠義,2018-10-28,3621.0
Red,關渡,2018-10-28,21105.0
Red,竹圍,2018-10-28,16231.0
Red,紅樹林,2018-10-28,12187.0
Red,淡水,2018-10-28,97183.0
Red,象山,2018-10-28,22690.0
Red,台北101/世貿,2018-10-28,65159.0
Red,信義安和,2018-10-28,23426.0
Red,大安森林公園,2018-10-28,28727.0
Red,東門,2018-10-28,26060.0
Red,大安,2018-10-28,16657.5
Red,中正紀念堂,2018-10-29,31932.0
Red,台大醫院,2018-10-29,52447.0
Red,台北車站,2018-10-29,147670.0
Red,中山,2018-10-29,43166.0
Red,雙連,2018-10-29,45860.0
Red,民權西路,2018-10-29,28886.5
Red,圓山,2018-10-29,54839.0
Red,劍潭,2018-10-29,68273.0
Red,士林,2018-10-29,57419.0
Red,芝山,2018-10-29,46766.0
Red,明德,2018-10-29,26891.0
Red,石牌,2018-10-29,65353.0
Red,唭哩岸,2018-10-29,14558.0
Red,奇岩,2018-10-29,18209.0
Red,北投,2018-10-29,37022.0
Red,新北投,2018-10-29,11459.0
Red,復興崗,2018-10-29,7415.0
Red,忠義,2018-10-29,7330.0
Red,關渡,2018-10-29,27614.0
Red,竹圍,2018-10-29,19755.0
Red,紅樹林,2018-10-29,15036.0
Red,淡水,2018-10-29,78119.0
Red,象山,2018-10-29,28092.0
Red,台北101/世貿,2018-10-29,64907.0
Red,信義安和,2018-10-29,36436.0
Red,大安森林公園,2018-10-29,16173.0
Red,東門,2018-10-29,26328.0
Red,大安,2018-10-29,28995.5
Red,中正紀念堂,2018-10-30,34028.5
Red,台大醫院,2018-10-30,54154.0
Red,台北車站,2018-10-30,138447.5
Red,中山,2018-10-30,43393.0
Red,雙連,2018-10-30,46497.0
Red,民權西路,2018-10-30,29583.5
Red,圓山,2018-10-30,57152.0
Red,劍潭,2018-10-30,69073.0
Red,士林,2018-10-30,59031.0
Red,芝山,2018-10-30,48025.0
Red,明德,2018-10-30,27921.0
Red,石牌,2018-10-30,66928.0
Red,唭哩岸,2018-10-30,14899.0
Red,奇岩,2018-10-30,19177.0
Red,北投,2018-10-30,38251.0
Red,新北投,2018-10-30,12821.0
Red,復興崗,2018-10-30,7472.0
Red,忠義,2018-10-30,7372.0
Red,關渡,2018-10-30,28774.0
Red,竹圍,2018-10-30,19854.0
Red,紅樹林,2018-10-30,15223.0
Red,淡水,2018-10-30,75657.0
Red,象山,2018-10-30,28308.0
Red,台北101/世貿,2018-10-30,61011.0
Red,信義安和,2018-10-30,37299.0
Red,大安森林公園,2018-10-30,16225.0
Red,東門,2018-10-30,26683.0
Red,大安,2018-10-30,29822.5
Red,中正紀念堂,2018-10-31,35292.0
Red,台大醫院,2018-10-31,54085.0
Red,台北車站,2018-10-31,138144.0
Red,中山,2018-10-31,45041.5
Red,雙連,2018-10-31,46545.0
Red,民權西路,2018-10-31,29444.5
Red,圓山,2018-10-31,55482.0
Red,劍潭,2018-10-31,66610.0
Red,士林,2018-10-31,57761.0
Red,芝山,2018-10-31,47753.0
Red,明德,2018-10-31,27387.0
Red,石牌,2018-10-31,67165.0
Red,唭哩岸,2018-10-31,15114.0
Red,奇岩,2018-10-31,18740.0
Red,北投,2018-10-31,38011.0
Red,新北投,2018-10-31,11956.0
Red,復興崗,2018-10-31,7613.0
Red,忠義,2018-10-31,7621.0
Red,關渡,2018-10-31,28357.0
Red,竹圍,2018-10-31,19639.0
Red,紅樹林,2018-10-31,14878.0
Red,淡水,2018-10-31,71848.0
Red,象山,2018-10-31,26669.0
Red,台北101/世貿,2018-10-31,60540.0
Red,信義安和,2018-10-31,38591.0
Red,大安森林公園,2018-10-31,15622.0
Red,東門,2018-10-31,28770.5
Red,大安,2018-10-31,30326.5
Red,中正紀念堂,2018-11-01,34482.5
Red,台大醫院,2018-11-01,52419.0
Red,台北車站,2018-11-01,139861.0
Red,中山,2018-11-01,44526.0
Red,雙連,2018-11-01,47175.0
Red,民權西路,2018-11-01,29313.5
Red,圓山,2018-11-01,56806.0
Red,劍潭,2018-11-01,67186.0
Red,士林,2018-11-01,58027.0
Red,芝山,2018-11-01,48477.0
Red,明德,2018-11-01,27397.0
Red,石牌,2018-11-01,66201.0
Red,唭哩岸,2018-11-01,14927.0
Red,奇岩,2018-11-01,18853.0
Red,北投,2018-11-01,36812.0
Red,新北投,2018-11-01,12684.0
Red,復興崗,2018-11-01,7676.0
Red,忠義,2018-11-01,7372.0
Red,關渡,2018-11-01,27991.0
Red,竹圍,2018-11-01,19380.0
Red,紅樹林,2018-11-01,14855.0
Red,淡水,2018-11-01,69737.0
Red,象山,2018-11-01,27230.0
Red,台北101/世貿,2018-11-01,59392.0
Red,信義安和,2018-11-01,38780.0
Red,大安森林公園,2018-11-01,15367.0
Red,東門,2018-11-01,28276.5
Red,大安,2018-11-01,30276.0
Red,中正紀念堂,2018-11-02,37336.5
Red,台大醫院,2018-11-02,54547.0
Red,台北車站,2018-11-02,176693.5
Red,中山,2018-11-02,51036.5
Red,雙連,2018-11-02,49337.0
Red,民權西路,2018-11-02,31063.0
Red,圓山,2018-11-02,58439.0
Red,劍潭,2018-11-02,70378.0
Red,士林,2018-11-02,63833.0
Red,芝山,2018-11-02,51183.0
Red,明德,2018-11-02,27971.0
Red,石牌,2018-11-02,68872.0
Red,唭哩岸,2018-11-02,15909.0
Red,奇岩,2018-11-02,20052.0
Red,北投,2018-11-02,38933.0
Red,新北投,2018-11-02,14704.0
Red,復興崗,2018-11-02,7947.0
Red,忠義,2018-11-02,7482.0
Red,關渡,2018-11-02,28145.0
Red,竹圍,2018-11-02,20140.0
Red,紅樹林,2018-11-02,15762.0
Red,淡水,2018-11-02,76690.0
Red,象山,2018-11-02,27603.0
Red,台北101/世貿,2018-11-02,66553.0
Red,信義安和,2018-11-02,41702.0
Red,大安森林公園,2018-11-02,16945.0
Red,東門,2018-11-02,30664.5
Red,大安,2018-11-02,31976.5
Red,中正紀念堂,2018-11-03,31154.5
Red,台大醫院,2018-11-03,30189.0
Red,台北車站,2018-11-03,171140.5
Red,中山,2018-11-03,54380.0
Red,雙連,2018-11-03,40931.0
Red,民權西路,2018-11-03,24104.0
Red,圓山,2018-11-03,64400.0
Red,劍潭,2018-11-03,77472.0
Red,士林,2018-11-03,58453.0
Red,芝山,2018-11-03,43385.0
Red,明德,2018-11-03,20180.0
Red,石牌,2018-11-03,56936.0
Red,唭哩岸,2018-11-03,15521.0
Red,奇岩,2018-11-03,14326.0
Red,北投,2018-11-03,34162.0
Red,新北投,2018-11-03,19520.0
Red,復興崗,2018-11-03,6582.0
Red,忠義,2018-11-03,3991.0
Red,關渡,2018-11-03,19408.0
Red,竹圍,2018-11-03,18046.0
Red,紅樹林,2018-11-03,11949.0
Red,淡水,2018-11-03,81559.0
Red,象山,2018-11-03,19796.0
Red,台北101/世貿,2018-11-03,58260.0
Red,信義安和,2018-11-03,28439.0
Red,大安森林公園,2018-11-03,23780.0
Red,東門,2018-11-03,28699.0
Red,大安,2018-11-03,21640.5
Red,中正紀念堂,2018-11-04,28730.5
Red,台大醫院,2018-11-04,24339.0
Red,台北車站,2018-11-04,165766.5
Red,中山,2018-11-04,44271.0
Red,雙連,2018-11-04,29330.0
Red,民權西路,2018-11-04,22602.5
Red,圓山,2018-11-04,55305.0
Red,劍潭,2018-11-04,62775.0
Red,士林,2018-11-04,47272.0
Red,芝山,2018-11-04,42619.0
Red,明德,2018-11-04,16069.0
Red,石牌,2018-11-04,45812.0
Red,唭哩岸,2018-11-04,11273.0
Red,奇岩,2018-11-04,12066.0
Red,北投,2018-11-04,30015.0
Red,新北投,2018-11-04,18456.0
Red,復興崗,2018-11-04,5661.0
Red,忠義,2018-11-04,3383.0
Red,關渡,2018-11-04,16934.0
Red,竹圍,2018-11-04,15422.0
Red,紅樹林,2018-11-04,11054.0
Red,淡水,2018-11-04,85187.0
Red,象山,2018-11-04,19566.0
Red,台北101/世貿,2018-11-04,50680.0
Red,信義安和,2018-11-04,21900.0
Red,大安森林公園,2018-11-04,21500.0
Red,東門,2018-11-04,23636.0
Red,大安,2018-11-04,14710.0
Red,中正紀念堂,2018-11-05,32811.5
Red,台大醫院,2018-11-05,52468.0
Red,台北車站,2018-11-05,145051.5
Red,中山,2018-11-05,42737.0
Red,雙連,2018-11-05,46012.0
Red,民權西路,2018-11-05,29413.5
Red,圓山,2018-11-05,54092.0
Red,劍潭,2018-11-05,64802.0
Red,士林,2018-11-05,57017.0
Red,芝山,2018-11-05,45990.0
Red,明德,2018-11-05,27188.0
Red,石牌,2018-11-05,64558.0
Red,唭哩岸,2018-11-05,14738.0
Red,奇岩,2018-11-05,18268.0
Red,北投,2018-11-05,36295.0
Red,新北投,2018-11-05,11941.0
Red,復興崗,2018-11-05,7261.0
Red,忠義,2018-11-05,7423.0
Red,關渡,2018-11-05,27411.0
Red,竹圍,2018-11-05,19216.0
Red,紅樹林,2018-11-05,14757.0
Red,淡水,2018-11-05,73495.0
Red,象山,2018-11-05,27429.0
Red,台北101/世貿,2018-11-05,59864.0
Red,信義安和,2018-11-05,37052.0
Red,大安森林公園,2018-11-05,15635.0
Red,東門,2018-11-05,26727.5
Red,大安,2018-11-05,29179.5
Red,中正紀念堂,2018-11-06,34316.0
Red,台大醫院,2018-11-06,54151.0
Red,台北車站,2018-11-06,138848.0
Red,中山,2018-11-06,43834.0
Red,雙連,2018-11-06,47161.0
Red,民權西路,2018-11-06,29805.5
Red,圓山,2018-11-06,57521.0
Red,劍潭,2018-11-06,68825.0
Red,士林,2018-11-06,58642.0
Red,芝山,2018-11-06,48619.0
Red,明德,2018-11-06,27859.0
Red,石牌,2018-11-06,66471.0
Red,唭哩岸,2018-11-06,15001.0
Red,奇岩,2018-11-06,19376.0
Red,北投,2018-11-06,38443.0
Red,新北投,2018-11-06,12339.0
Red,復興崗,2018-11-06,7566.0
Red,忠義,2018-11-06,7323.0
Red,關渡,2018-11-06,28483.0
Red,竹圍,2018-11-06,19916.0
Red,紅樹林,2018-11-06,15277.0
Red,淡水,2018-11-06,76294.0
Red,象山,2018-11-06,28437.0
Red,台北101/世貿,2018-11-06,58557.0
Red,信義安和,2018-11-06,37659.0
Red,大安森林公園,2018-11-06,16091.0
Red,東門,2018-11-06,26468.5
Red,大安,2018-11-06,29772.5
Red,中正紀念堂,2018-11-07,34498.0
Red,台大醫院,2018-11-07,53155.0
Red,台北車站,2018-11-07,140496.5
Red,中山,2018-11-07,44257.0
Red,雙連,2018-11-07,47230.0
Red,民權西路,2018-11-07,29547.0
Red,圓山,2018-11-07,58102.0
Red,劍潭,2018-11-07,69458.0
Red,士林,2018-11-07,58793.0
Red,芝山,2018-11-07,48430.0
Red,明德,2018-11-07,27783.0
Red,石牌,2018-11-07,66506.0
Red,唭哩岸,2018-11-07,15277.0
Red,奇岩,2018-11-07,19005.0
Red,北投,2018-11-07,38533.0
Red,新北投,2018-11-07,11992.0
Red,復興崗,2018-11-07,7620.0
Red,忠義,2018-11-07,7619.0
Red,關渡,2018-11-07,28552.0
Red,竹圍,2018-11-07,19821.0
Red,紅樹林,2018-11-07,15102.0
Red,淡水,2018-11-07,76668.0
Red,象山,2018-11-07,28514.0
Red,台北101/世貿,2018-11-07,56361.0
Red,信義安和,2018-11-07,38065.0
Red,大安森林公園,2018-11-07,16315.0
Red,東門,2018-11-07,27313.5
Red,大安,2018-11-07,29723.5
Red,中正紀念堂,2018-11-08,36491.5
Red,台大醫院,2018-11-08,53475.0
Red,台北車站,2018-11-08,145149.5
Red,中山,2018-11-08,45029.5
Red,雙連,2018-11-08,47064.0
Red,民權西路,2018-11-08,29756.5
Red,圓山,2018-11-08,56889.0
Red,劍潭,2018-11-08,72218.0
Red,士林,2018-11-08,59677.0
Red,芝山,2018-11-08,48941.0
Red,明德,2018-11-08,27789.0
Red,石牌,2018-11-08,66840.0
Red,唭哩岸,2018-11-08,15261.0
Red,奇岩,2018-11-08,19726.0
Red,北投,2018-11-08,38506.0
Red,新北投,2018-11-08,12610.0
Red,復興崗,2018-11-08,7558.0
Red,忠義,2018-11-08,7893.0
Red,關渡,2018-11-08,28788.0
Red,竹圍,2018-11-08,19711.0
Red,紅樹林,2018-11-08,15281.0
Red,淡水,2018-11-08,77711.0
Red,象山,2018-11-08,28508.0
Red,台北101/世貿,2018-11-08,58355.0
Red,信義安和,2018-11-08,37647.0
Red,大安森林公園,2018-11-08,16169.0
Red,東門,2018-11-08,28374.0
Red,大安,2018-11-08,30034.0
Red,中正紀念堂,2018-11-09,37149.0
Red,台大醫院,2018-11-09,54341.0
Red,台北車站,2018-11-09,182329.5
Red,中山,2018-11-09,51948.5
Red,雙連,2018-11-09,51175.0
Red,民權西路,2018-11-09,31924.5
Red,圓山,2018-11-09,60969.0
Red,劍潭,2018-11-09,76690.0
Red,士林,2018-11-09,65621.0
Red,芝山,2018-11-09,52940.0
Red,明德,2018-11-09,28402.0
Red,石牌,2018-11-09,69249.0
Red,唭哩岸,2018-11-09,15590.0
Red,奇岩,2018-11-09,19586.0
Red,北投,2018-11-09,41936.0
Red,新北投,2018-11-09,14019.0
Red,復興崗,2018-11-09,7842.0
Red,忠義,2018-11-09,7669.0
Red,關渡,2018-11-09,28712.0
Red,竹圍,2018-11-09,20855.0
Red,紅樹林,2018-11-09,16647.0
Red,淡水,2018-11-09,84828.0
Red,象山,2018-11-09,29414.0
Red,台北101/世貿,2018-11-09,65714.0
Red,信義安和,2018-11-09,41408.0
Red,大安森林公園,2018-11-09,17779.0
Red,東門,2018-11-09,30503.5
Red,大安,2018-11-09,31512.5
Red,中正紀念堂,2018-11-10,32328.0
Red,台大醫院,2018-11-10,27922.0
Red,台北車站,2018-11-10,181533.5
Red,中山,2018-11-10,55609.5
Red,雙連,2018-11-10,42639.0
Red,民權西路,2018-11-10,27830.0
Red,圓山,2018-11-10,73392.0
Red,劍潭,2018-11-10,81677.0
Red,士林,2018-11-10,62740.0
Red,芝山,2018-11-10,46409.0
Red,明德,2018-11-10,25044.0
Red,石牌,2018-11-10,61824.0
Red,唭哩岸,2018-11-10,14291.0
Red,奇岩,2018-11-10,14648.0
Red,北投,2018-11-10,35337.0
Red,新北投,2018-11-10,17262.0
Red,復興崗,2018-11-10,6779.0
Red,忠義,2018-11-10,4764.0
Red,關渡,2018-11-10,21021.0
Red,竹圍,2018-11-10,19342.0
Red,紅樹林,2018-11-10,13425.0
Red,淡水,2018-11-10,92369.0
Red,象山,2018-11-10,22797.0
Red,台北101/世貿,2018-11-10,59447.0
Red,信義安和,2018-11-10,29374.0
Red,大安森林公園,2018-11-10,24447.0
Red,東門,2018-11-10,29939.5
Red,大安,2018-11-10,21124.5
Red,中正紀念堂,2018-11-11,30833.0
Red,台大醫院,2018-11-11,30534.0
Red,台北車站,2018-11-11,183491.5
Red,中山,2018-11-11,45738.0
Red,雙連,2018-11-11,31078.0
Red,民權西路,2018-11-11,24780.5
Red,圓山,2018-11-11,62444.0
Red,劍潭,2018-11-11,68894.0
Red,士林,2018-11-11,51465.0
Red,芝山,2018-11-11,44091.0
Red,明德,2018-11-11,16610.0
Red,石牌,2018-11-11,50127.0
Red,唭哩岸,2018-11-11,12175.0
Red,奇岩,2018-11-11,12574.0
Red,北投,2018-11-11,31451.0
Red,新北投,2018-11-11,14760.0
Red,復興崗,2018-11-11,5766.0
Red,忠義,2018-11-11,3808.0
Red,關渡,2018-11-11,17648.0
Red,竹圍,2018-11-11,15863.0
Red,紅樹林,2018-11-11,11837.0
Red,淡水,2018-11-11,91978.0
Red,象山,2018-11-11,21533.0
Red,台北101/世貿,2018-11-11,53234.0
Red,信義安和,2018-11-11,22927.0
Red,大安森林公園,2018-11-11,21717.0
Red,東門,2018-11-11,24262.0
Red,大安,2018-11-11,15309.0
Red,中正紀念堂,2018-11-12,32308.5
Red,台大醫院,2018-11-12,51115.0
Red,台北車站,2018-11-12,147189.5
Red,中山,2018-11-12,42555.5
Red,雙連,2018-11-12,46627.0
Red,民權西路,2018-11-12,28156.0
Red,圓山,2018-11-12,55788.0
Red,劍潭,2018-11-12,69547.0
Red,士林,2018-11-12,57951.0
Red,芝山,2018-11-12,46402.0
Red,明德,2018-11-12,25277.0
Red,石牌,2018-11-12,65481.0
Red,唭哩岸,2018-11-12,14711.0
Red,奇岩,2018-11-12,18288.0
Red,北投,2018-11-12,36666.0
Red,新北投,2018-11-12,11837.0
Red,復興崗,2018-11-12,7344.0
Red,忠義,2018-11-12,7137.0
Red,關渡,2018-11-12,27341.0
Red,竹圍,2018-11-12,19492.0
Red,紅樹林,2018-11-12,14844.0
Red,淡水,2018-11-12,75674.0
Red,象山,2018-11-12,27343.0
Red,台北101/世貿,2018-11-12,56468.0
Red,信義安和,2018-11-12,36246.0
Red,大安森林公園,2018-11-12,14745.0
Red,東門,2018-11-12,25825.5
Red,大安,2018-11-12,27965.0
Red,中正紀念堂,2018-11-13,34779.0
Red,台大醫院,2018-11-13,53576.0
Red,台北車站,2018-11-13,139473.5
Red,中山,2018-11-13,43543.5
Red,雙連,2018-11-13,46620.0
Red,民權西路,2018-11-13,29257.5
Red,圓山,2018-11-13,57542.0
Red,劍潭,2018-11-13,68057.0
Red,士林,2018-11-13,59194.0
Red,芝山,2018-11-13,48667.0
Red,明德,2018-11-13,27592.0
Red,石牌,2018-11-13,65826.0
Red,唭哩岸,2018-11-13,15248.0
Red,奇岩,2018-11-13,19044.0
Red,北投,2018-11-13,37836.0
Red,新北投,2018-11-13,13107.0
Red,復興崗,2018-11-13,7481.0
Red,忠義,2018-11-13,7376.0
Red,關渡,2018-11-13,28026.0
Red,竹圍,2018-11-13,19475.0
Red,紅樹林,2018-11-13,15277.0
Red,淡水,2018-11-13,73157.0
Red,象山,2018-11-13,27487.0
Red,台北101/世貿,2018-11-13,56849.0
Red,信義安和,2018-11-13,37692.0
Red,大安森林公園,2018-11-13,15615.0
Red,東門,2018-11-13,26272.0
Red,大安,2018-11-13,29581.0
Red,中正紀念堂,2018-11-14,34408.5
Red,台大醫院,2018-11-14,53380.0
Red,台北車站,2018-11-14,141180.0
Red,中山,2018-11-14,44672.0
Red,雙連,2018-11-14,47093.0
Red,民權西路,2018-11-14,29624.0
Red,圓山,2018-11-14,57853.0
Red,劍潭,2018-11-14,69727.0
Red,士林,2018-11-14,60136.0
Red,芝山,2018-11-14,49425.0
Red,明德,2018-11-14,28085.0
Red,石牌,2018-11-14,67205.0
Red,唭哩岸,2018-11-14,15198.0
Red,奇岩,2018-11-14,18742.0
Red,北投,2018-11-14,37961.0
Red,新北投,2018-11-14,12703.0
Red,復興崗,2018-11-14,7389.0
Red,忠義,2018-11-14,7663.0
Red,關渡,2018-11-14,28210.0
Red,竹圍,2018-11-14,20135.0
Red,紅樹林,2018-11-14,15330.0
Red,淡水,2018-11-14,76247.0
Red,象山,2018-11-14,27800.0
Red,台北101/世貿,2018-11-14,57175.0
Red,信義安和,2018-11-14,37899.0
Red,大安森林公園,2018-11-14,16478.0
Red,東門,2018-11-14,27812.0
Red,大安,2018-11-14,30221.5
Red,中正紀念堂,2018-11-15,35838.0
Red,台大醫院,2018-11-15,52556.0
Red,台北車站,2018-11-15,151147.0
Red,中山,2018-11-15,45282.0
Red,雙連,2018-11-15,47469.0
Red,民權西路,2018-11-15,29908.5
Red,圓山,2018-11-15,62431.0
Red,劍潭,2018-11-15,72648.0
Red,士林,2018-11-15,61490.0
Red,芝山,2018-11-15,49547.0
Red,明德,2018-11-15,28051.0
Red,石牌,2018-11-15,67054.0
Red,唭哩岸,2018-11-15,15213.0
Red,奇岩,2018-11-15,19417.0
Red,北投,2018-11-15,39126.0
Red,新北投,2018-11-15,12989.0
Red,復興崗,2018-11-15,7520.0
Red,忠義,2018-11-15,7454.0
Red,關渡,2018-11-15,28187.0
Red,竹圍,2018-11-15,19966.0
Red,紅樹林,2018-11-15,15265.0
Red,淡水,2018-11-15,80222.0
Red,象山,2018-11-15,29095.0
Red,台北101/世貿,2018-11-15,61389.0
Red,信義安和,2018-11-15,38109.0
Red,大安森林公園,2018-11-15,17041.0
Red,東門,2018-11-15,28882.5
Red,大安,2018-11-15,30280.0
Red,中正紀念堂,2018-11-16,38581.5
Red,台大醫院,2018-11-16,53660.0
Red,台北車站,2018-11-16,189102.5
Red,中山,2018-11-16,52867.0
Red,雙連,2018-11-16,50876.0
Red,民權西路,2018-11-16,32055.5
Red,圓山,2018-11-16,67699.0
Red,劍潭,2018-11-16,82307.0
Red,士林,2018-11-16,68570.0
Red,芝山,2018-11-16,53275.0
Red,明德,2018-11-16,28357.0
Red,石牌,2018-11-16,71361.0
Red,唭哩岸,2018-11-16,16001.0
Red,奇岩,2018-11-16,19873.0
Red,北投,2018-11-16,41839.0
Red,新北投,2018-11-16,14200.0
Red,復興崗,2018-11-16,7941.0
Red,忠義,2018-11-16,7694.0
Red,關渡,2018-11-16,28977.0
Red,竹圍,2018-11-16,21234.0
Red,紅樹林,2018-11-16,16285.0
Red,淡水,2018-11-16,90298.0
Red,象山,2018-11-16,30275.0
Red,台北101/世貿,2018-11-16,71107.0
Red,信義安和,2018-11-16,41305.0
Red,大安森林公園,2018-11-16,18082.0
Red,東門,2018-11-16,31044.0
Red,大安,2018-11-16,31749.0
Red,中正紀念堂,2018-11-17,31556.5
Red,台大醫院,2018-11-17,27154.0
Red,台北車站,2018-11-17,190175.0
Red,中山,2018-11-17,57174.0
Red,雙連,2018-11-17,42835.0
Red,民權西路,2018-11-17,24252.5
Red,圓山,2018-11-17,68076.0
Red,劍潭,2018-11-17,74384.0
Red,士林,2018-11-17,62378.0
Red,芝山,2018-11-17,44681.0
Red,明德,2018-11-17,21748.0
Red,石牌,2018-11-17,56591.0
Red,唭哩岸,2018-11-17,13612.0
Red,奇岩,2018-11-17,13932.0
Red,北投,2018-11-17,33979.0
Red,新北投,2018-11-17,16068.0
Red,復興崗,2018-11-17,6464.0
Red,忠義,2018-11-17,3951.0
Red,關渡,2018-11-17,18554.0
Red,竹圍,2018-11-17,18109.0
Red,紅樹林,2018-11-17,12317.0
Red,淡水,2018-11-17,77413.0
Red,象山,2018-11-17,19380.0
Red,台北101/世貿,2018-11-17,73325.0
Red,信義安和,2018-11-17,30313.0
Red,大安森林公園,2018-11-17,19220.0
Red,東門,2018-11-17,29447.0
Red,大安,2018-11-17,20410.0
Red,中正紀念堂,2018-11-18,33529.0
Red,台大醫院,2018-11-18,33760.0
Red,台北車站,2018-11-18,205126.0
Red,中山,2018-11-18,46786.0
Red,雙連,2018-11-18,31089.0
Red,民權西路,2018-11-18,24274.0
Red,圓山,2018-11-18,63072.0
Red,劍潭,2018-11-18,69327.0
Red,士林,2018-11-18,54328.0
Red,芝山,2018-11-18,44589.0
Red,明德,2018-11-18,17342.0
Red,石牌,2018-11-18,49291.0
Red,唭哩岸,2018-11-18,12236.0
Red,奇岩,2018-11-18,12515.0
Red,北投,2018-11-18,32226.0
Red,新北投,2018-11-18,15181.0
Red,復興崗,2018-11-18,6717.0
Red,忠義,2018-11-18,8442.0
Red,關渡,2018-11-18,17509.0
Red,竹圍,2018-11-18,16301.0
Red,紅樹林,2018-11-18,11871.0
Red,淡水,2018-11-18,96768.0
Red,象山,2018-11-18,23197.0
Red,台北101/世貿,2018-11-18,68212.0
Red,信義安和,2018-11-18,22772.0
Red,大安森林公園,2018-11-18,21648.0
Red,東門,2018-11-18,26194.5
Red,大安,2018-11-18,16314.0
Red,中正紀念堂,2018-11-19,32982.5
Red,台大醫院,2018-11-19,52325.0
Red,台北車站,2018-11-19,150695.5
Red,中山,2018-11-19,43057.5
Red,雙連,2018-11-19,46317.0
Red,民權西路,2018-11-19,28787.0
Red,圓山,2018-11-19,53535.0
Red,劍潭,2018-11-19,66965.0
Red,士林,2018-11-19,57572.0
Red,芝山,2018-11-19,47428.0
Red,明德,2018-11-19,26672.0
Red,石牌,2018-11-19,65270.0
Red,唭哩岸,2018-11-19,14972.0
Red,奇岩,2018-11-19,18505.0
Red,北投,2018-11-19,36549.0
Red,新北投,2018-11-19,11876.0
Red,復興崗,2018-11-19,7355.0
Red,忠義,2018-11-19,7052.0
Red,關渡,2018-11-19,27507.0
Red,竹圍,2018-11-19,19132.0
Red,紅樹林,2018-11-19,14716.0
Red,淡水,2018-11-19,74499.0
Red,象山,2018-11-19,26649.0
Red,台北101/世貿,2018-11-19,63078.0
Red,信義安和,2018-11-19,36811.0
Red,大安森林公園,2018-11-19,15067.0
Red,東門,2018-11-19,26622.5
Red,大安,2018-11-19,29011.0
Red,中正紀念堂,2018-11-20,36312.0
Red,台大醫院,2018-11-20,54373.0
Red,台北車站,2018-11-20,141446.0
Red,中山,2018-11-20,43930.0
Red,雙連,2018-11-20,46855.0
Red,民權西路,2018-11-20,29063.0
Red,圓山,2018-11-20,57289.0
Red,劍潭,2018-11-20,69769.0
Red,士林,2018-11-20,59694.0
Red,芝山,2018-11-20,48482.0
Red,明德,2018-11-20,28018.0
Red,石牌,2018-11-20,66511.0
Red,唭哩岸,2018-11-20,15252.0
Red,奇岩,2018-11-20,19300.0
Red,北投,2018-11-20,38697.0
Red,新北投,2018-11-20,13042.0
Red,復興崗,2018-11-20,7759.0
Red,忠義,2018-11-20,7465.0
Red,關渡,2018-11-20,27711.0
Red,竹圍,2018-11-20,19674.0
Red,紅樹林,2018-11-20,15284.0
Red,淡水,2018-11-20,76745.0
Red,象山,2018-11-20,27830.0
Red,台北101/世貿,2018-11-20,57621.0
Red,信義安和,2018-11-20,38082.0
Red,大安森林公園,2018-11-20,16360.0
Red,東門,2018-11-20,27553.5
Red,大安,2018-11-20,29920.0
Red,中正紀念堂,2018-11-21,36168.0
Red,台大醫院,2018-11-21,54025.0
Red,台北車站,2018-11-21,147935.0
Red,中山,2018-11-21,45258.0
Red,雙連,2018-11-21,47142.0
Red,民權西路,2018-11-21,30015.5
Red,圓山,2018-11-21,65186.0
Red,劍潭,2018-11-21,72304.0
Red,士林,2018-11-21,61380.0
Red,芝山,2018-11-21,49935.0
Red,明德,2018-11-21,28479.0
Red,石牌,2018-11-21,69058.0
Red,唭哩岸,2018-11-21,15371.0
Red,奇岩,2018-11-21,19036.0
Red,北投,2018-11-21,39017.0
Red,新北投,2018-11-21,12414.0
Red,復興崗,2018-11-21,7634.0
Red,忠義,2018-11-21,7516.0
Red,關渡,2018-11-21,28474.0
Red,竹圍,2018-11-21,20451.0
Red,紅樹林,2018-11-21,15704.0
Red,淡水,2018-11-21,79040.0
Red,象山,2018-11-21,28595.0
Red,台北101/世貿,2018-11-21,57283.0
Red,信義安和,2018-11-21,39093.0
Red,大安森林公園,2018-11-21,17177.0
Red,東門,2018-11-21,28232.5
Red,大安,2018-11-21,29494.5
Red,中正紀念堂,2018-11-22,37115.0
Red,台大醫院,2018-11-22,52306.0
Red,台北車站,2018-11-22,156780.5
Red,中山,2018-11-22,47218.0
Red,雙連,2018-11-22,46909.0
Red,民權西路,2018-11-22,30103.0
Red,圓山,2018-11-22,56643.0
Red,劍潭,2018-11-22,69976.0
Red,士林,2018-11-22,60796.0
Red,芝山,2018-11-22,49290.0
Red,明德,2018-11-22,27777.0
Red,石牌,2018-11-22,67430.0
Red,唭哩岸,2018-11-22,15198.0
Red,奇岩,2018-11-22,19204.0
Red,北投,2018-11-22,38387.0
Red,新北投,2018-11-22,13710.0
Red,復興崗,2018-11-22,7696.0
Red,忠義,2018-11-22,7625.0
Red,關渡,2018-11-22,28864.0
Red,竹圍,2018-11-22,19796.0
Red,紅樹林,2018-11-22,15322.0
Red,淡水,2018-11-22,74482.0
Red,象山,2018-11-22,27074.0
Red,台北101/世貿,2018-11-22,63049.0
Red,信義安和,2018-11-22,40259.0
Red,大安森林公園,2018-11-22,16170.0
Red,東門,2018-11-22,29310.0
Red,大安,2018-11-22,30447.0
Red,中正紀念堂,2018-11-23,41362.5
Red,台大醫院,2018-11-23,59250.0
Red,台北車站,2018-11-23,208629.0
Red,中山,2018-11-23,53777.0
Red,雙連,2018-11-23,51003.0
Red,民權西路,2018-11-23,32509.0
Red,圓山,2018-11-23,65022.0
Red,劍潭,2018-11-23,79652.0
Red,士林,2018-11-23,67414.0
Red,芝山,2018-11-23,54490.0
Red,明德,2018-11-23,28500.0
Red,石牌,2018-11-23,70815.0
Red,唭哩岸,2018-11-23,16466.0
Red,奇岩,2018-11-23,19638.0
Red,北投,2018-11-23,42211.0
Red,新北投,2018-11-23,14539.0
Red,復興崗,2018-11-23,7917.0
Red,忠義,2018-11-23,8015.0
Red,關渡,2018-11-23,30145.0
Red,竹圍,2018-11-23,20921.0
Red,紅樹林,2018-11-23,16412.0
Red,淡水,2018-11-23,84831.0
Red,象山,2018-11-23,30001.0
Red,台北101/世貿,2018-11-23,89964.0
Red,信義安和,2018-11-23,43149.0
Red,大安森林公園,2018-11-23,17994.0
Red,東門,2018-11-23,33160.0
Red,大安,2018-11-23,32938.0
Red,中正紀念堂,2018-11-24,29891.5
Red,台大醫院,2018-11-24,22513.0
Red,台北車站,2018-11-24,162525.5
Red,中山,2018-11-24,48108.5
Red,雙連,2018-11-24,35828.0
Red,民權西路,2018-11-24,21989.0
Red,圓山,2018-11-24,54786.0
Red,劍潭,2018-11-24,68176.0
Red,士林,2018-11-24,51714.0
Red,芝山,2018-11-24,43073.0
Red,明德,2018-11-24,19772.0
Red,石牌,2018-11-24,49325.0
Red,唭哩岸,2018-11-24,13211.0
Red,奇岩,2018-11-24,12588.0
Red,北投,2018-11-24,32360.0
Red,新北投,2018-11-24,14565.0
Red,復興崗,2018-11-24,6666.0
Red,忠義,2018-11-24,3513.0
Red,關渡,2018-11-24,17675.0
Red,竹圍,2018-11-24,17641.0
Red,紅樹林,2018-11-24,11568.0
Red,淡水,2018-11-24,80811.0
Red,象山,2018-11-24,20977.0
Red,台北101/世貿,2018-11-24,64088.0
Red,信義安和,2018-11-24,27038.0
Red,大安森林公園,2018-11-24,18179.0
Red,東門,2018-11-24,27156.0
Red,大安,2018-11-24,18037.5
Red,中正紀念堂,2018-11-25,27727.0
Red,台大醫院,2018-11-25,23320.0
Red,台北車站,2018-11-25,189665.0
Red,中山,2018-11-25,44452.0
Red,雙連,2018-11-25,28751.0
Red,民權西路,2018-11-25,23498.0
Red,圓山,2018-11-25,61927.0
Red,劍潭,2018-11-25,63385.0
Red,士林,2018-11-25,49548.0
Red,芝山,2018-11-25,41886.0
Red,明德,2018-11-25,15927.0
Red,石牌,2018-11-25,43472.0
Red,唭哩岸,2018-11-25,11432.0
Red,奇岩,2018-11-25,11308.0
Red,北投,2018-11-25,30958.0
Red,新北投,2018-11-25,14301.0
Red,復興崗,2018-11-25,5748.0
Red,忠義,2018-11-25,3590.0
Red,關渡,2018-11-25,17018.0
Red,竹圍,2018-11-25,15765.0
Red,紅樹林,2018-11-25,11719.0
Red,淡水,2018-11-25,89187.0
Red,象山,2018-11-25,20752.0
Red,台北101/世貿,2018-11-25,53847.0
Red,信義安和,2018-11-25,22087.0
Red,大安森林公園,2018-11-25,20298.0
Red,東門,2018-11-25,25653.0
Red,大安,2018-11-25,15392.5
Red,中正紀念堂,2018-11-26,31968.5
Red,台大醫院,2018-11-26,51837.0
Red,台北車站,2018-11-26,154562.0
Red,中山,2018-11-26,42496.5
Red,雙連,2018-11-26,46728.0
Red,民權西路,2018-11-26,28796.0
Red,圓山,2018-11-26,58930.0
Red,劍潭,2018-11-26,65408.0
Red,士林,2018-11-26,57299.0
Red,芝山,2018-11-26,46960.0
Red,明德,2018-11-26,27422.0
Red,石牌,2018-11-26,65878.0
Red,唭哩岸,2018-11-26,14780.0
Red,奇岩,2018-11-26,18241.0
Red,北投,2018-11-26,36856.0
Red,新北投,2018-11-26,12108.0
Red,復興崗,2018-11-26,7563.0
Red,忠義,2018-11-26,7333.0
Red,關渡,2018-11-26,27230.0
Red,竹圍,2018-11-26,19202.0
Red,紅樹林,2018-11-26,15166.0
Red,淡水,2018-11-26,73935.0
Red,象山,2018-11-26,26732.0
Red,台北101/世貿,2018-11-26,56050.0
Red,信義安和,2018-11-26,37100.0
Red,大安森林公園,2018-11-26,14931.0
Red,東門,2018-11-26,26294.0
Red,大安,2018-11-26,28501.5
Red,中正紀念堂,2018-11-27,34971.0
Red,台大醫院,2018-11-27,53541.0
Red,台北車站,2018-11-27,141761.0
Red,中山,2018-11-27,43951.5
Red,雙連,2018-11-27,47092.0
Red,民權西路,2018-11-27,30033.0
Red,圓山,2018-11-27,57865.0
Red,劍潭,2018-11-27,69398.0
Red,士林,2018-11-27,59149.0
Red,芝山,2018-11-27,49035.0
Red,明德,2018-11-27,27869.0
Red,石牌,2018-11-27,66149.0
Red,唭哩岸,2018-11-27,14884.0
Red,奇岩,2018-11-27,18692.0
Red,北投,2018-11-27,38538.0
Red,新北投,2018-11-27,13652.0
Red,復興崗,2018-11-27,7725.0
Red,忠義,2018-11-27,7416.0
Red,關渡,2018-11-27,27839.0
Red,竹圍,2018-11-27,19735.0
Red,紅樹林,2018-11-27,15295.0
Red,淡水,2018-11-27,74799.0
Red,象山,2018-11-27,28021.0
Red,台北101/世貿,2018-11-27,57424.0
Red,信義安和,2018-11-27,38045.0
Red,大安森林公園,2018-11-27,16708.0
Red,東門,2018-11-27,27486.0
Red,大安,2018-11-27,29324.0
Red,中正紀念堂,2018-11-28,34436.0
Red,台大醫院,2018-11-28,52903.0
Red,台北車站,2018-11-28,142938.0
Red,中山,2018-11-28,45114.0
Red,雙連,2018-11-28,48373.0
Red,民權西路,2018-11-28,29589.5
Red,圓山,2018-11-28,56599.0
Red,劍潭,2018-11-28,69170.0
Red,士林,2018-11-28,60055.0
Red,芝山,2018-11-28,59689.0
Red,明德,2018-11-28,27429.0
Red,石牌,2018-11-28,68039.0
Red,唭哩岸,2018-11-28,15328.0
Red,奇岩,2018-11-28,18784.0
Red,北投,2018-11-28,38732.0
Red,新北投,2018-11-28,13397.0
Red,復興崗,2018-11-28,7934.0
Red,忠義,2018-11-28,7576.0
Red,關渡,2018-11-28,28277.0
Red,竹圍,2018-11-28,19947.0
Red,紅樹林,2018-11-28,15283.0
Red,淡水,2018-11-28,73752.0
Red,象山,2018-11-28,27421.0
Red,台北101/世貿,2018-11-28,63605.0
Red,信義安和,2018-11-28,38548.0
Red,大安森林公園,2018-11-28,15881.0
Red,東門,2018-11-28,27777.5
Red,大安,2018-11-28,29754.5
Red,中正紀念堂,2018-11-29,36257.5
Red,台大醫院,2018-11-29,52646.0
Red,台北車站,2018-11-29,147330.5
Red,中山,2018-11-29,45371.0
Red,雙連,2018-11-29,47462.0
Red,民權西路,2018-11-29,29959.5
Red,圓山,2018-11-29,58780.0
Red,劍潭,2018-11-29,72576.0
Red,士林,2018-11-29,62421.0
Red,芝山,2018-11-29,55764.0
Red,明德,2018-11-29,27781.0
Red,石牌,2018-11-29,67228.0
Red,唭哩岸,2018-11-29,15094.0
Red,奇岩,2018-11-29,18905.0
Red,北投,2018-11-29,39463.0
Red,新北投,2018-11-29,13168.0
Red,復興崗,2018-11-29,7871.0
Red,忠義,2018-11-29,7281.0
Red,關渡,2018-11-29,28291.0
Red,竹圍,2018-11-29,20314.0
Red,紅樹林,2018-11-29,15459.0
Red,淡水,2018-11-29,79844.0
Red,象山,2018-11-29,28989.0
Red,台北101/世貿,2018-11-29,66815.0
Red,信義安和,2018-11-29,39007.0
Red,大安森林公園,2018-11-29,17159.0
Red,東門,2018-11-29,27715.0
Red,大安,2018-11-29,30843.0
Red,中正紀念堂,2018-11-30,38592.0
Red,台大醫院,2018-11-30,53231.0
Red,台北車站,2018-11-30,187619.5
Red,中山,2018-11-30,52787.0
Red,雙連,2018-11-30,50371.0
Red,民權西路,2018-11-30,32463.0
Red,圓山,2018-11-30,66949.0
Red,劍潭,2018-11-30,81133.0
Red,士林,2018-11-30,74159.0
Red,芝山,2018-11-30,60189.0
Red,明德,2018-11-30,28764.0
Red,石牌,2018-11-30,70945.0
Red,唭哩岸,2018-11-30,16307.0
Red,奇岩,2018-11-30,20212.0
Red,北投,2018-11-30,42201.0
Red,新北投,2018-11-30,14488.0
Red,復興崗,2018-11-30,8086.0
Red,忠義,2018-11-30,7607.0
Red,關渡,2018-11-30,29116.0
Red,竹圍,2018-11-30,21083.0
Red,紅樹林,2018-11-30,16692.0
Red,淡水,2018-11-30,89278.0
Red,象山,2018-11-30,32001.0
Red,台北101/世貿,2018-11-30,76915.0
Red,信義安和,2018-11-30,41909.0
Red,大安森林公園,2018-11-30,18480.0
Red,東門,2018-11-30,30395.0
Red,大安,2018-11-30,32342.0
Red,中正紀念堂,2018-12-01,33620.5
Red,台大醫院,2018-12-01,30654.0
Red,台北車站,2018-12-01,194084.0
Red,中山,2018-12-01,53807.0
Red,雙連,2018-12-01,42507.0
Red,民權西路,2018-12-01,25326.5
Red,圓山,2018-12-01,70579.0
Red,劍潭,2018-12-01,84362.0
Red,士林,2018-12-01,76299.0
Red,芝山,2018-12-01,56036.0
Red,明德,2018-12-01,22665.0
Red,石牌,2018-12-01,57266.0
Red,唭哩岸,2018-12-01,14326.0
Red,奇岩,2018-12-01,14536.0
Red,北投,2018-12-01,36663.0
Red,新北投,2018-12-01,17018.0
Red,復興崗,2018-12-01,6983.0
Red,忠義,2018-12-01,4064.0
Red,關渡,2018-12-01,21442.0
Red,竹圍,2018-12-01,19899.0
Red,紅樹林,2018-12-01,13388.0
Red,淡水,2018-12-01,98531.0
Red,象山,2018-12-01,25551.0
Red,台北101/世貿,2018-12-01,73387.0
Red,信義安和,2018-12-01,29571.0
Red,大安森林公園,2018-12-01,28192.0
Red,東門,2018-12-01,29196.0
Red,大安,2018-12-01,21294.0
Red,中正紀念堂,2018-12-02,30536.0
Red,台大醫院,2018-12-02,27533.0
Red,台北車站,2018-12-02,190146.5
Red,中山,2018-12-02,45747.5
Red,雙連,2018-12-02,31532.0
Red,民權西路,2018-12-02,23474.5
Red,圓山,2018-12-02,67997.0
Red,劍潭,2018-12-02,71220.0
Red,士林,2018-12-02,72966.0
Red,芝山,2018-12-02,50398.0
Red,明德,2018-12-02,16658.0
Red,石牌,2018-12-02,46474.0
Red,唭哩岸,2018-12-02,11986.0
Red,奇岩,2018-12-02,12915.0
Red,北投,2018-12-02,32324.0
Red,新北投,2018-12-02,15668.0
Red,復興崗,2018-12-02,6192.0
Red,忠義,2018-12-02,3609.0
Red,關渡,2018-12-02,19474.0
Red,竹圍,2018-12-02,16791.0
Red,紅樹林,2018-12-02,12387.0
Red,淡水,2018-12-02,98383.0
Red,象山,2018-12-02,22667.0
Red,台北101/世貿,2018-12-02,68704.0
Red,信義安和,2018-12-02,23141.0
Red,大安森林公園,2018-12-02,26980.0
Red,東門,2018-12-02,26067.0
Red,大安,2018-12-02,17952.0
Red,中正紀念堂,2018-12-03,32433.5
Red,台大醫院,2018-12-03,51334.0
Red,台北車站,2018-12-03,150517.5
Red,中山,2018-12-03,41433.0
Red,雙連,2018-12-03,46316.0
Red,民權西路,2018-12-03,29565.5
Red,圓山,2018-12-03,55297.0
Red,劍潭,2018-12-03,69537.0
Red,士林,2018-12-03,70904.0
Red,芝山,2018-12-03,52234.0
Red,明德,2018-12-03,26742.0
Red,石牌,2018-12-03,65397.0
Red,唭哩岸,2018-12-03,14795.0
Red,奇岩,2018-12-03,18389.0
Red,北投,2018-12-03,37756.0
Red,新北投,2018-12-03,11494.0
Red,復興崗,2018-12-03,7682.0
Red,忠義,2018-12-03,7227.0
Red,關渡,2018-12-03,27942.0
Red,竹圍,2018-12-03,19736.0
Red,紅樹林,2018-12-03,15054.0
Red,淡水,2018-12-03,79305.0
Red,象山,2018-12-03,27609.0
Red,台北101/世貿,2018-12-03,64142.0
Red,信義安和,2018-12-03,36711.0
Red,大安森林公園,2018-12-03,16975.0
Red,東門,2018-12-03,26262.5
Red,大安,2018-12-03,29310.5
Red,中正紀念堂,2018-12-04,35655.5
Red,台大醫院,2018-12-04,52836.0
Red,台北車站,2018-12-04,142209.5
Red,中山,2018-12-04,42212.5
Red,雙連,2018-12-04,46924.0
Red,民權西路,2018-12-04,29710.5
Red,圓山,2018-12-04,58097.0
Red,劍潭,2018-12-04,70589.0
Red,士林,2018-12-04,74035.0
Red,芝山,2018-12-04,52237.0
Red,明德,2018-12-04,27853.0
Red,石牌,2018-12-04,66742.0
Red,唭哩岸,2018-12-04,15033.0
Red,奇岩,2018-12-04,18929.0
Red,北投,2018-12-04,38610.0
Red,新北投,2018-12-04,12659.0
Red,復興崗,2018-12-04,7970.0
Red,忠義,2018-12-04,7439.0
Red,關渡,2018-12-04,28694.0
Red,竹圍,2018-12-04,20161.0
Red,紅樹林,2018-12-04,15370.0
Red,淡水,2018-12-04,77492.0
Red,象山,2018-12-04,29095.0
Red,台北101/世貿,2018-12-04,59261.0
Red,信義安和,2018-12-04,37818.0
Red,大安森林公園,2018-12-04,16643.0
Red,東門,2018-12-04,26799.0
Red,大安,2018-12-04,30963.5
Red,中正紀念堂,2018-12-05,36327.5
Red,台大醫院,2018-12-05,53270.0
Red,台北車站,2018-12-05,144091.0
Red,中山,2018-12-05,43990.0
Red,雙連,2018-12-05,47325.0
Red,民權西路,2018-12-05,29865.0
Red,圓山,2018-12-05,57292.0
Red,劍潭,2018-12-05,69902.0
Red,士林,2018-12-05,69011.0
Red,芝山,2018-12-05,53429.0
Red,明德,2018-12-05,27409.0
Red,石牌,2018-12-05,68054.0
Red,唭哩岸,2018-12-05,15450.0
Red,奇岩,2018-12-05,18886.0
Red,北投,2018-12-05,38931.0
Red,新北投,2018-12-05,13199.0
Red,復興崗,2018-12-05,8052.0
Red,忠義,2018-12-05,7547.0
Red,關渡,2018-12-05,28365.0
Red,竹圍,2018-12-05,20236.0
Red,紅樹林,2018-12-05,15279.0
Red,淡水,2018-12-05,75034.0
Red,象山,2018-12-05,28112.0
Red,台北101/世貿,2018-12-05,58543.0
Red,信義安和,2018-12-05,38634.0
Red,大安森林公園,2018-12-05,16200.0
Red,東門,2018-12-05,27632.0
Red,大安,2018-12-05,30855.5
Red,中正紀念堂,2018-12-06,37464.5
Red,台大醫院,2018-12-06,53733.0
Red,台北車站,2018-12-06,154386.0
Red,中山,2018-12-06,45200.5
Red,雙連,2018-12-06,47885.0
Red,民權西路,2018-12-06,30130.5
Red,圓山,2018-12-06,60084.0
Red,劍潭,2018-12-06,72668.0
Red,士林,2018-12-06,71774.0
Red,芝山,2018-12-06,53296.0
Red,明德,2018-12-06,27776.0
Red,石牌,2018-12-06,67060.0
Red,唭哩岸,2018-12-06,15262.0
Red,奇岩,2018-12-06,19511.0
Red,北投,2018-12-06,38415.0
Red,新北投,2018-12-06,12753.0
Red,復興崗,2018-12-06,7966.0
Red,忠義,2018-12-06,7486.0
Red,關渡,2018-12-06,28386.0
Red,竹圍,2018-12-06,20035.0
Red,紅樹林,2018-12-06,15567.0
Red,淡水,2018-12-06,77711.0
Red,象山,2018-12-06,28526.0
Red,台北101/世貿,2018-12-06,62497.0
Red,信義安和,2018-12-06,38845.0
Red,大安森林公園,2018-12-06,16767.0
Red,東門,2018-12-06,29172.5
Red,大安,2018-12-06,31162.5
Red,中正紀念堂,2018-12-07,39258.0
Red,台大醫院,2018-12-07,54517.0
Red,台北車站,2018-12-07,194115.0
Red,中山,2018-12-07,53008.0
Red,雙連,2018-12-07,51980.0
Red,民權西路,2018-12-07,32309.5
Red,圓山,2018-12-07,68195.0
Red,劍潭,2018-12-07,80397.0
Red,士林,2018-12-07,72425.0
Red,芝山,2018-12-07,60883.0
Red,明德,2018-12-07,28424.0
Red,石牌,2018-12-07,70969.0
Red,唭哩岸,2018-12-07,16356.0
Red,奇岩,2018-12-07,20246.0
Red,北投,2018-12-07,42629.0
Red,新北投,2018-12-07,14800.0
Red,復興崗,2018-12-07,8798.0
Red,忠義,2018-12-07,7578.0
Red,關渡,2018-12-07,28804.0
Red,竹圍,2018-12-07,20944.0
Red,紅樹林,2018-12-07,16912.0
Red,淡水,2018-12-07,85311.0
Red,象山,2018-12-07,29348.0
Red,台北101/世貿,2018-12-07,78031.0
Red,信義安和,2018-12-07,42550.0
Red,大安森林公園,2018-12-07,17490.0
Red,東門,2018-12-07,31357.0
Red,大安,2018-12-07,33339.5
Red,中正紀念堂,2018-12-08,39341.0
Red,台大醫院,2018-12-08,28248.0
Red,台北車站,2018-12-08,212483.0
Red,中山,2018-12-08,57835.5
Red,雙連,2018-12-08,43524.0
Red,民權西路,2018-12-08,26412.0
Red,圓山,2018-12-08,79273.0
Red,劍潭,2018-12-08,81382.0
Red,士林,2018-12-08,78049.0
Red,芝山,2018-12-08,53758.0
Red,明德,2018-12-08,21271.0
Red,石牌,2018-12-08,57136.0
Red,唭哩岸,2018-12-08,14048.0
Red,奇岩,2018-12-08,15281.0
Red,北投,2018-12-08,36793.0
Red,新北投,2018-12-08,18181.0
Red,復興崗,2018-12-08,8134.0
Red,忠義,2018-12-08,4218.0
Red,關渡,2018-12-08,22288.0
Red,竹圍,2018-12-08,19347.0
Red,紅樹林,2018-12-08,12934.0
Red,淡水,2018-12-08,87939.0
Red,象山,2018-12-08,21513.0
Red,台北101/世貿,2018-12-08,81679.0
Red,信義安和,2018-12-08,31372.0
Red,大安森林公園,2018-12-08,20695.0
Red,東門,2018-12-08,30772.5
Red,大安,2018-12-08,23086.0
Red,中正紀念堂,2018-12-09,31656.0
Red,台大醫院,2018-12-09,24837.0
Red,台北車站,2018-12-09,201641.5
Red,中山,2018-12-09,47913.5
Red,雙連,2018-12-09,31708.0
Red,民權西路,2018-12-09,23895.5
Red,圓山,2018-12-09,58475.0
Red,劍潭,2018-12-09,65554.0
Red,士林,2018-12-09,64217.0
Red,芝山,2018-12-09,49266.0
Red,明德,2018-12-09,16335.0
Red,石牌,2018-12-09,47245.0
Red,唭哩岸,2018-12-09,11785.0
Red,奇岩,2018-12-09,12165.0
Red,北投,2018-12-09,32375.0
Red,新北投,2018-12-09,16339.0
Red,復興崗,2018-12-09,5447.0
Red,忠義,2018-12-09,3225.0
Red,關渡,2018-12-09,16592.0
Red,竹圍,2018-12-09,15706.0
Red,紅樹林,2018-12-09,11497.0
Red,淡水,2018-12-09,77002.0
Red,象山,2018-12-09,18694.0
Red,台北101/世貿,2018-12-09,66079.0
Red,信義安和,2018-12-09,25070.0
Red,大安森林公園,2018-12-09,19039.0
Red,東門,2018-12-09,27510.0
Red,大安,2018-12-09,18320.5
Red,中正紀念堂,2018-12-10,32503.0
Red,台大醫院,2018-12-10,54519.0
Red,台北車站,2018-12-10,157273.0
Red,中山,2018-12-10,44122.0
Red,雙連,2018-12-10,48196.0
Red,民權西路,2018-12-10,29878.5
Red,圓山,2018-12-10,52993.0
Red,劍潭,2018-12-10,71438.0
Red,士林,2018-12-10,64942.0
Red,芝山,2018-12-10,48160.0
Red,明德,2018-12-10,27166.0
Red,石牌,2018-12-10,66520.0
Red,唭哩岸,2018-12-10,14868.0
Red,奇岩,2018-12-10,18509.0
Red,北投,2018-12-10,37167.0
Red,新北投,2018-12-10,12505.0
Red,復興崗,2018-12-10,7252.0
Red,忠義,2018-12-10,7202.0
Red,關渡,2018-12-10,27392.0
Red,竹圍,2018-12-10,19843.0
Red,紅樹林,2018-12-10,14875.0
Red,淡水,2018-12-10,75864.0
Red,象山,2018-12-10,28087.0
Red,台北101/世貿,2018-12-10,60723.0
Red,信義安和,2018-12-10,37593.0
Red,大安森林公園,2018-12-10,15755.0
Red,東門,2018-12-10,26804.5
Red,大安,2018-12-10,30077.0
Red,中正紀念堂,2018-12-11,36580.0
Red,台大醫院,2018-12-11,54827.0
Red,台北車站,2018-12-11,146777.0
Red,中山,2018-12-11,43921.0
Red,雙連,2018-12-11,47626.0
Red,民權西路,2018-12-11,29530.5
Red,圓山,2018-12-11,56215.0
Red,劍潭,2018-12-11,69761.0
Red,士林,2018-12-11,66733.0
Red,芝山,2018-12-11,48818.0
Red,明德,2018-12-11,28025.0
Red,石牌,2018-12-11,66784.0
Red,唭哩岸,2018-12-11,15159.0
Red,奇岩,2018-12-11,18980.0
Red,北投,2018-12-11,38266.0
Red,新北投,2018-12-11,12840.0
Red,復興崗,2018-12-11,7746.0
Red,忠義,2018-12-11,7332.0
Red,關渡,2018-12-11,27794.0
Red,竹圍,2018-12-11,20080.0
Red,紅樹林,2018-12-11,15142.0
Red,淡水,2018-12-11,72648.0
Red,象山,2018-12-11,28244.0
Red,台北101/世貿,2018-12-11,59948.0
Red,信義安和,2018-12-11,38704.0
Red,大安森林公園,2018-12-11,16142.0
Red,東門,2018-12-11,27327.0
Red,大安,2018-12-11,30768.5
Red,中正紀念堂,2018-12-12,35672.5
Red,台大醫院,2018-12-12,55714.0
Red,台北車站,2018-12-12,149326.0
Red,中山,2018-12-12,45148.5
Red,雙連,2018-12-12,47331.0
Red,民權西路,2018-12-12,29552.5
Red,圓山,2018-12-12,56132.0
Red,劍潭,2018-12-12,69951.0
Red,士林,2018-12-12,64653.0
Red,芝山,2018-12-12,48991.0
Red,明德,2018-12-12,27969.0
Red,石牌,2018-12-12,67946.0
Red,唭哩岸,2018-12-12,15609.0
Red,奇岩,2018-12-12,18986.0
Red,北投,2018-12-12,38741.0
Red,新北投,2018-12-12,13262.0
Red,復興崗,2018-12-12,7509.0
Red,忠義,2018-12-12,7286.0
Red,關渡,2018-12-12,27740.0
Red,竹圍,2018-12-12,20114.0
Red,紅樹林,2018-12-12,15121.0
Red,淡水,2018-12-12,73533.0
Red,象山,2018-12-12,26884.0
Red,台北101/世貿,2018-12-12,62355.0
Red,信義安和,2018-12-12,39221.0
Red,大安森林公園,2018-12-12,15882.0
Red,東門,2018-12-12,28075.0
Red,大安,2018-12-12,30025.0
Red,中正紀念堂,2018-12-13,36930.0
Red,台大醫院,2018-12-13,54100.0
Red,台北車站,2018-12-13,154796.0
Red,中山,2018-12-13,46824.5
Red,雙連,2018-12-13,47865.0
Red,民權西路,2018-12-13,30306.5
Red,圓山,2018-12-13,57671.0
Red,劍潭,2018-12-13,70664.0
Red,士林,2018-12-13,68413.0
Red,芝山,2018-12-13,49077.0
Red,明德,2018-12-13,27624.0
Red,石牌,2018-12-13,67876.0
Red,唭哩岸,2018-12-13,15625.0
Red,奇岩,2018-12-13,19137.0
Red,北投,2018-12-13,38748.0
Red,新北投,2018-12-13,14203.0
Red,復興崗,2018-12-13,7448.0
Red,忠義,2018-12-13,7438.0
Red,關渡,2018-12-13,27998.0
Red,竹圍,2018-12-13,19671.0
Red,紅樹林,2018-12-13,15424.0
Red,淡水,2018-12-13,74999.0
Red,象山,2018-12-13,27690.0
Red,台北101/世貿,2018-12-13,68136.0
Red,信義安和,2018-12-13,40542.0
Red,大安森林公園,2018-12-13,16221.0
Red,東門,2018-12-13,29962.5
Red,大安,2018-12-13,31175.5
Red,中正紀念堂,2018-12-14,39732.0
Red,台大醫院,2018-12-14,55695.0
Red,台北車站,2018-12-14,197020.5
Red,中山,2018-12-14,54111.0
Red,雙連,2018-12-14,51856.0
Red,民權西路,2018-12-14,32893.0
Red,圓山,2018-12-14,62228.0
Red,劍潭,2018-12-14,79681.0
Red,士林,2018-12-14,73052.0
Red,芝山,2018-12-14,54819.0
Red,明德,2018-12-14,29054.0
Red,石牌,2018-12-14,71209.0
Red,唭哩岸,2018-12-14,16169.0
Red,奇岩,2018-12-14,19793.0
Red,北投,2018-12-14,42247.0
Red,新北投,2018-12-14,15808.0
Red,復興崗,2018-12-14,7833.0
Red,忠義,2018-12-14,7680.0
Red,關渡,2018-12-14,29026.0
Red,竹圍,2018-12-14,21073.0
Red,紅樹林,2018-12-14,16873.0
Red,淡水,2018-12-14,84278.0
Red,象山,2018-12-14,29871.0
Red,台北101/世貿,2018-12-14,74317.0
Red,信義安和,2018-12-14,44933.0
Red,大安森林公園,2018-12-14,17509.0
Red,東門,2018-12-14,32761.0
Red,大安,2018-12-14,32028.0
Red,中正紀念堂,2018-12-15,40609.0
Red,台大醫院,2018-12-15,28633.0
Red,台北車站,2018-12-15,210988.5
Red,中山,2018-12-15,60511.0
Red,雙連,2018-12-15,45991.0
Red,民權西路,2018-12-15,27322.5
Red,圓山,2018-12-15,83619.0
Red,劍潭,2018-12-15,90049.0
Red,士林,2018-12-15,81098.0
Red,芝山,2018-12-15,47451.0
Red,明德,2018-12-15,22181.0
Red,石牌,2018-12-15,59160.0
Red,唭哩岸,2018-12-15,14940.0
Red,奇岩,2018-12-15,15479.0
Red,北投,2018-12-15,38131.0
Red,新北投,2018-12-15,18381.0
Red,復興崗,2018-12-15,7320.0
Red,忠義,2018-12-15,4565.0
Red,關渡,2018-12-15,20292.0
Red,竹圍,2018-12-15,19627.0
Red,紅樹林,2018-12-15,13864.0
Red,淡水,2018-12-15,96719.0
Red,象山,2018-12-15,25373.0
Red,台北101/世貿,2018-12-15,78502.0
Red,信義安和,2018-12-15,35681.0
Red,大安森林公園,2018-12-15,22753.0
Red,東門,2018-12-15,32639.5
Red,大安,2018-12-15,22008.5
Red,中正紀念堂,2018-12-16,32705.0
Red,台大醫院,2018-12-16,24393.0
Red,台北車站,2018-12-16,208952.0
Red,中山,2018-12-16,48704.0
Red,雙連,2018-12-16,31919.0
Red,民權西路,2018-12-16,25630.5
Red,圓山,2018-12-16,77929.0
Red,劍潭,2018-12-16,72500.0
Red,士林,2018-12-16,73758.0
Red,芝山,2018-12-16,43439.0
Red,明德,2018-12-16,16675.0
Red,石牌,2018-12-16,47821.0
Red,唭哩岸,2018-12-16,12246.0
Red,奇岩,2018-12-16,12561.0
Red,北投,2018-12-16,32270.0
Red,新北投,2018-12-16,17130.0
Red,復興崗,2018-12-16,6038.0
Red,忠義,2018-12-16,3399.0
Red,關渡,2018-12-16,17312.0
Red,竹圍,2018-12-16,16652.0
Red,紅樹林,2018-12-16,12364.0
Red,淡水,2018-12-16,90241.0
Red,象山,2018-12-16,22296.0
Red,台北101/世貿,2018-12-16,61446.0
Red,信義安和,2018-12-16,26832.0
Red,大安森林公園,2018-12-16,21564.0
Red,東門,2018-12-16,27847.5
Red,大安,2018-12-16,17170.0
Red,中正紀念堂,2018-12-17,33823.0
Red,台大醫院,2018-12-17,53034.0
Red,台北車站,2018-12-17,156656.0
Red,中山,2018-12-17,44181.0
Red,雙連,2018-12-17,46725.0
Red,民權西路,2018-12-17,30071.5
Red,圓山,2018-12-17,55158.0
Red,劍潭,2018-12-17,70854.0
Red,士林,2018-12-17,61403.0
Red,芝山,2018-12-17,47735.0
Red,明德,2018-12-17,26905.0
Red,石牌,2018-12-17,65764.0
Red,唭哩岸,2018-12-17,15158.0
Red,奇岩,2018-12-17,18761.0
Red,北投,2018-12-17,37851.0
Red,新北投,2018-12-17,13050.0
Red,復興崗,2018-12-17,7311.0
Red,忠義,2018-12-17,7229.0
Red,關渡,2018-12-17,27767.0
Red,竹圍,2018-12-17,19582.0
Red,紅樹林,2018-12-17,14823.0
Red,淡水,2018-12-17,78220.0
Red,象山,2018-12-17,28752.0
Red,台北101/世貿,2018-12-17,62810.0
Red,信義安和,2018-12-17,39191.0
Red,大安森林公園,2018-12-17,16274.0
Red,東門,2018-12-17,27489.0
Red,大安,2018-12-17,28972.0
Red,中正紀念堂,2018-12-18,35634.5
Red,台大醫院,2018-12-18,56053.0
Red,台北車站,2018-12-18,149281.5
Red,中山,2018-12-18,45606.0
Red,雙連,2018-12-18,47904.0
Red,民權西路,2018-12-18,30850.0
Red,圓山,2018-12-18,59463.0
Red,劍潭,2018-12-18,73955.0
Red,士林,2018-12-18,64661.0
Red,芝山,2018-12-18,50131.0
Red,明德,2018-12-18,28203.0
Red,石牌,2018-12-18,67565.0
Red,唭哩岸,2018-12-18,15222.0
Red,奇岩,2018-12-18,19256.0
Red,北投,2018-12-18,39901.0
Red,新北投,2018-12-18,14585.0
Red,復興崗,2018-12-18,8003.0
Red,忠義,2018-12-18,7353.0
Red,關渡,2018-12-18,27896.0
Red,竹圍,2018-12-18,20287.0
Red,紅樹林,2018-12-18,15791.0
Red,淡水,2018-12-18,78945.0
Red,象山,2018-12-18,28527.0
Red,台北101/世貿,2018-12-18,60931.0
Red,信義安和,2018-12-18,40417.0
Red,大安森林公園,2018-12-18,16685.0
Red,東門,2018-12-18,28304.5
Red,大安,2018-12-18,30367.5
Red,中正紀念堂,2018-12-19,37306.5
Red,台大醫院,2018-12-19,58944.0
Red,台北車站,2018-12-19,152324.5
Red,中山,2018-12-19,47836.0
Red,雙連,2018-12-19,48994.0
Red,民權西路,2018-12-19,30729.5
Red,圓山,2018-12-19,60230.0
Red,劍潭,2018-12-19,73947.0
Red,士林,2018-12-19,64578.0
Red,芝山,2018-12-19,51102.0
Red,明德,2018-12-19,28520.0
Red,石牌,2018-12-19,69446.0
Red,唭哩岸,2018-12-19,15826.0
Red,奇岩,2018-12-19,19005.0
Red,北投,2018-12-19,39731.0
Red,新北投,2018-12-19,14026.0
Red,復興崗,2018-12-19,7907.0
Red,忠義,2018-12-19,7779.0
Red,關渡,2018-12-19,28441.0
Red,竹圍,2018-12-19,20471.0
Red,紅樹林,2018-12-19,15935.0
Red,淡水,2018-12-19,81317.0
Red,象山,2018-12-19,29490.0
Red,台北101/世貿,2018-12-19,62143.0
Red,信義安和,2018-12-19,40541.0
Red,大安森林公園,2018-12-19,17557.0
Red,東門,2018-12-19,28111.5
Red,大安,2018-12-19,30348.5
Red,中正紀念堂,2018-12-20,37805.5
Red,台大醫院,2018-12-20,55518.0
Red,台北車站,2018-12-20,155002.0
Red,中山,2018-12-20,47867.0
Red,雙連,2018-12-20,48553.0
Red,民權西路,2018-12-20,30768.0
Red,圓山,2018-12-20,58686.0
Red,劍潭,2018-12-20,75123.0
Red,士林,2018-12-20,64944.0
Red,芝山,2018-12-20,50643.0
Red,明德,2018-12-20,28635.0
Red,石牌,2018-12-20,69330.0
Red,唭哩岸,2018-12-20,15757.0
Red,奇岩,2018-12-20,19525.0
Red,北投,2018-12-20,40267.0
Red,新北投,2018-12-20,13965.0
Red,復興崗,2018-12-20,7814.0
Red,忠義,2018-12-20,7612.0
Red,關渡,2018-12-20,28818.0
Red,竹圍,2018-12-20,20423.0
Red,紅樹林,2018-12-20,16396.0
Red,淡水,2018-12-20,82122.0
Red,象山,2018-12-20,29955.0
Red,台北101/世貿,2018-12-20,65391.0
Red,信義安和,2018-12-20,41698.0
Red,大安森林公園,2018-12-20,17802.0
Red,東門,2018-12-20,29980.5
Red,大安,2018-12-20,30780.5
Red,中正紀念堂,2018-12-21,39182.0
Red,台大醫院,2018-12-21,55746.0
Red,台北車站,2018-12-21,176887.5
Red,中山,2018-12-21,53505.5
Red,雙連,2018-12-21,50995.0
Red,民權西路,2018-12-21,32403.0
Red,圓山,2018-12-21,65761.0
Red,劍潭,2018-12-21,79554.0
Red,士林,2018-12-21,69116.0
Red,芝山,2018-12-21,53141.0
Red,明德,2018-12-21,29038.0
Red,石牌,2018-12-21,71106.0
Red,唭哩岸,2018-12-21,16040.0
Red,奇岩,2018-12-21,20374.0
Red,北投,2018-12-21,42018.0
Red,新北投,2018-12-21,14595.0
Red,復興崗,2018-12-21,7992.0
Red,忠義,2018-12-21,7811.0
Red,關渡,2018-12-21,28892.0
Red,竹圍,2018-12-21,21053.0
Red,紅樹林,2018-12-21,16050.0
Red,淡水,2018-12-21,86938.0
Red,象山,2018-12-21,30691.0
Red,台北101/世貿,2018-12-21,74603.0
Red,信義安和,2018-12-21,43673.0
Red,大安森林公園,2018-12-21,18349.0
Red,東門,2018-12-21,31848.0
Red,大安,2018-12-21,32193.0
Red,中正紀念堂,2018-12-22,38144.5
Red,台大醫院,2018-12-22,35830.0
Red,台北車站,2018-12-22,181037.5
Red,中山,2018-12-22,58055.5
Red,雙連,2018-12-22,47948.0
Red,民權西路,2018-12-22,29427.0
Red,圓山,2018-12-22,68701.0
Red,劍潭,2018-12-22,78620.0
Red,士林,2018-12-22,64814.0
Red,芝山,2018-12-22,50995.0
Red,明德,2018-12-22,24731.0
Red,石牌,2018-12-22,62587.0
Red,唭哩岸,2018-12-22,14839.0
Red,奇岩,2018-12-22,16103.0
Red,北投,2018-12-22,41330.0
Red,新北投,2018-12-22,16958.0
Red,復興崗,2018-12-22,7632.0
Red,忠義,2018-12-22,4178.0
Red,關渡,2018-12-22,21205.0
Red,竹圍,2018-12-22,19674.0
Red,紅樹林,2018-12-22,15572.0
Red,淡水,2018-12-22,93136.0
Red,象山,2018-12-22,29745.0
Red,台北101/世貿,2018-12-22,81841.0
Red,信義安和,2018-12-22,41757.0
Red,大安森林公園,2018-12-22,22343.0
Red,東門,2018-12-22,33694.0
Red,大安,2018-12-22,28675.0
Red,中正紀念堂,2018-12-23,29877.5
Red,台大醫院,2018-12-23,23486.0
Red,台北車站,2018-12-23,195207.0
Red,中山,2018-12-23,54045.0
Red,雙連,2018-12-23,36502.0
Red,民權西路,2018-12-23,25550.5
Red,圓山,2018-12-23,61539.0
Red,劍潭,2018-12-23,62799.0
Red,士林,2018-12-23,55567.0
Red,芝山,2018-12-23,43135.0
Red,明德,2018-12-23,16623.0
Red,石牌,2018-12-23,48280.0
Red,唭哩岸,2018-12-23,12340.0
Red,奇岩,2018-12-23,12504.0
Red,北投,2018-12-23,30823.0
Red,新北投,2018-12-23,15838.0
Red,復興崗,2018-12-23,6041.0
Red,忠義,2018-12-23,3440.0
Red,關渡,2018-12-23,16497.0
Red,竹圍,2018-12-23,16108.0
Red,紅樹林,2018-12-23,12131.0
Red,淡水,2018-12-23,74456.0
Red,象山,2018-12-23,16125.0
Red,台北101/世貿,2018-12-23,77608.0
Red,信義安和,2018-12-23,28264.0
Red,大安森林公園,2018-12-23,18934.0
Red,東門,2018-12-23,29873.5
Red,大安,2018-12-23,18317.0
Red,中正紀念堂,2018-12-24,36948.5
Red,台大醫院,2018-12-24,54773.0
Red,台北車站,2018-12-24,164985.0
Red,中山,2018-12-24,51677.5
Red,雙連,2018-12-24,51252.0
Red,民權西路,2018-12-24,32010.5
Red,圓山,2018-12-24,59104.0
Red,劍潭,2018-12-24,76150.0
Red,士林,2018-12-24,58893.0
Red,芝山,2018-12-24,49450.0
Red,明德,2018-12-24,27515.0
Red,石牌,2018-12-24,68505.0
Red,唭哩岸,2018-12-24,15392.0
Red,奇岩,2018-12-24,19550.0
Red,北投,2018-12-24,38746.0
Red,新北投,2018-12-24,14650.0
Red,復興崗,2018-12-24,7716.0
Red,忠義,2018-12-24,7068.0
Red,關渡,2018-12-24,28226.0
Red,竹圍,2018-12-24,20931.0
Red,紅樹林,2018-12-24,32735.0
Red,淡水,2018-12-24,79700.0
Red,象山,2018-12-24,27345.0
Red,台北101/世貿,2018-12-24,78388.0
Red,信義安和,2018-12-24,42069.0
Red,大安森林公園,2018-12-24,16030.0
Red,東門,2018-12-24,31752.0
Red,大安,2018-12-24,30727.0
Red,中正紀念堂,2018-12-25,37697.0
Red,台大醫院,2018-12-25,57231.0
Red,台北車站,2018-12-25,160520.0
Red,中山,2018-12-25,51829.5
Red,雙連,2018-12-25,51324.0
Red,民權西路,2018-12-25,32042.5
Red,圓山,2018-12-25,60253.0
Red,劍潭,2018-12-25,77509.0
Red,士林,2018-12-25,60934.0
Red,芝山,2018-12-25,50626.0
Red,明德,2018-12-25,28319.0
Red,石牌,2018-12-25,69116.0
Red,唭哩岸,2018-12-25,15529.0
Red,奇岩,2018-12-25,19858.0
Red,北投,2018-12-25,39889.0
Red,新北投,2018-12-25,15397.0
Red,復興崗,2018-12-25,7857.0
Red,忠義,2018-12-25,5888.0
Red,關渡,2018-12-25,27155.0
Red,竹圍,2018-12-25,20720.0
Red,紅樹林,2018-12-25,32808.0
Red,淡水,2018-12-25,87215.0
Red,象山,2018-12-25,29129.0
Red,台北101/世貿,2018-12-25,76279.0
Red,信義安和,2018-12-25,43055.0
Red,大安森林公園,2018-12-25,17828.0
Red,東門,2018-12-25,31363.0
Red,大安,2018-12-25,31143.0
Red,中正紀念堂,2018-12-26,36397.0
Red,台大醫院,2018-12-26,54937.0
Red,台北車站,2018-12-26,156177.5
Red,中山,2018-12-26,50323.5
Red,雙連,2018-12-26,50112.0
Red,民權西路,2018-12-26,31283.5
Red,圓山,2018-12-26,58586.0
Red,劍潭,2018-12-26,73597.0
Red,士林,2018-12-26,63362.0
Red,芝山,2018-12-26,51595.0
Red,明德,2018-12-26,28519.0
Red,石牌,2018-12-26,69849.0
Red,唭哩岸,2018-12-26,15605.0
Red,奇岩,2018-12-26,19790.0
Red,北投,2018-12-26,40095.0
Red,新北投,2018-12-26,14488.0
Red,復興崗,2018-12-26,8151.0
Red,忠義,2018-12-26,7697.0
Red,關渡,2018-12-26,28590.0
Red,竹圍,2018-12-26,20386.0
Red,紅樹林,2018-12-26,31144.0
Red,淡水,2018-12-26,80699.0
Red,象山,2018-12-26,28898.0
Red,台北101/世貿,2018-12-26,64851.0
Red,信義安和,2018-12-26,41193.0
Red,大安森林公園,2018-12-26,16314.0
Red,東門,2018-12-26,30346.0
Red,大安,2018-12-26,30798.5
Red,中正紀念堂,2018-12-27,36807.5
Red,台大醫院,2018-12-27,54470.0
Red,台北車站,2018-12-27,162182.0
Red,中山,2018-12-27,50653.0
Red,雙連,2018-12-27,50441.0
Red,民權西路,2018-12-27,31662.5
Red,圓山,2018-12-27,57503.0
Red,劍潭,2018-12-27,73594.0
Red,士林,2018-12-27,63542.0
Red,芝山,2018-12-27,50158.0
Red,明德,2018-12-27,27917.0
Red,石牌,2018-12-27,69171.0
Red,唭哩岸,2018-12-27,15724.0
Red,奇岩,2018-12-27,19777.0
Red,北投,2018-12-27,39385.0
Red,新北投,2018-12-27,14564.0
Red,復興崗,2018-12-27,7537.0
Red,忠義,2018-12-27,7773.0
Red,關渡,2018-12-27,28639.0
Red,竹圍,2018-12-27,20362.0
Red,紅樹林,2018-12-27,26825.0
Red,淡水,2018-12-27,76750.0
Red,象山,2018-12-27,28781.0
Red,台北101/世貿,2018-12-27,67236.0
Red,信義安和,2018-12-27,43545.0
Red,大安森林公園,2018-12-27,16980.0
Red,東門,2018-12-27,31065.0
Red,大安,2018-12-27,31966.5
Red,中正紀念堂,2018-12-28,39358.5
Red,台大醫院,2018-12-28,54828.0
Red,台北車站,2018-12-28,201371.0
Red,中山,2018-12-28,57194.5
Red,雙連,2018-12-28,52405.0
Red,民權西路,2018-12-28,33878.5
Red,圓山,2018-12-28,61582.0
Red,劍潭,2018-12-28,79898.0
Red,士林,2018-12-28,69616.0
Red,芝山,2018-12-28,54030.0
Red,明德,2018-12-28,28910.0
Red,石牌,2018-12-28,69937.0
Red,唭哩岸,2018-12-28,16466.0
Red,奇岩,2018-12-28,19841.0
Red,北投,2018-12-28,43005.0
Red,新北投,2018-12-28,17067.0
Red,復興崗,2018-12-28,7892.0
Red,忠義,2018-12-28,7569.0
Red,關渡,2018-12-28,28484.0
Red,竹圍,2018-12-28,21008.0
Red,紅樹林,2018-12-28,28403.0
Red,淡水,2018-12-28,86907.0
Red,象山,2018-12-28,28537.0
Red,台北101/世貿,2018-12-28,72913.0
Red,信義安和,2018-12-28,45640.0
Red,大安森林公園,2018-12-28,17800.0
Red,東門,2018-12-28,33192.0
Red,大安,2018-12-28,32602.5
Red,中正紀念堂,2018-12-29,32215.0
Red,台大醫院,2018-12-29,25535.0
Red,台北車站,2018-12-29,195117.5
Red,中山,2018-12-29,57297.0
Red,雙連,2018-12-29,41440.0
Red,民權西路,2018-12-29,25175.5
Red,圓山,2018-12-29,60694.0
Red,劍潭,2018-12-29,76844.0
Red,士林,2018-12-29,61213.0
Red,芝山,2018-12-29,43841.0
Red,明德,2018-12-29,19599.0
Red,石牌,2018-12-29,50672.0
Red,唭哩岸,2018-12-29,13066.0
Red,奇岩,2018-12-29,13670.0
Red,北投,2018-12-29,34150.0
Red,新北投,2018-12-29,21312.0
Red,復興崗,2018-12-29,6473.0
Red,忠義,2018-12-29,3888.0
Red,關渡,2018-12-29,18248.0
Red,竹圍,2018-12-29,17801.0
Red,紅樹林,2018-12-29,31799.0
Red,淡水,2018-12-29,90315.0
Red,象山,2018-12-29,20398.0
Red,台北101/世貿,2018-12-29,72022.0
Red,信義安和,2018-12-29,32418.0
Red,大安森林公園,2018-12-29,27056.0
Red,東門,2018-12-29,31106.0
Red,大安,2018-12-29,19244.5
Red,中正紀念堂,2018-12-30,30727.0
Red,台大醫院,2018-12-30,22372.0
Red,台北車站,2018-12-30,193615.5
Red,中山,2018-12-30,56063.0
Red,雙連,2018-12-30,35034.0
Red,民權西路,2018-12-30,23823.5
Red,圓山,2018-12-30,57671.0
Red,劍潭,2018-12-30,81985.0
Red,士林,2018-12-30,59246.0
Red,芝山,2018-12-30,42534.0
Red,明德,2018-12-30,15692.0
Red,石牌,2018-12-30,43290.0
Red,唭哩岸,2018-12-30,11598.0
Red,奇岩,2018-12-30,12405.0
Red,北投,2018-12-30,32378.0
Red,新北投,2018-12-30,24858.0
Red,復興崗,2018-12-30,5969.0
Red,忠義,2018-12-30,3474.0
Red,關渡,2018-12-30,16169.0
Red,竹圍,2018-12-30,15903.0
Red,紅樹林,2018-12-30,32737.0
Red,淡水,2018-12-30,97300.0
Red,象山,2018-12-30,19684.0
Red,台北101/世貿,2018-12-30,80140.0
Red,信義安和,2018-12-30,28613.0
Red,大安森林公園,2018-12-30,19331.0
Red,東門,2018-12-30,30323.0
Red,大安,2018-12-30,16115.5
Red,中正紀念堂,2018-12-31,33856.5
Red,台大醫院,2018-12-31,35071.0
Red,台北車站,2018-12-31,224424.5
Red,中山,2018-12-31,62035.5
Red,雙連,2018-12-31,44710.0
Red,民權西路,2018-12-31,24597.0
Red,圓山,2018-12-31,51112.0
Red,劍潭,2018-12-31,76128.0
Red,士林,2018-12-31,59357.0
Red,芝山,2018-12-31,43398.0
Red,明德,2018-12-31,19566.0
Red,石牌,2018-12-31,50774.0
Red,唭哩岸,2018-12-31,12382.0
Red,奇岩,2018-12-31,14575.0
Red,北投,2018-12-31,34229.0
Red,新北投,2018-12-31,21690.0
Red,復興崗,2018-12-31,5974.0
Red,忠義,2018-12-31,4960.0
Red,關渡,2018-12-31,18425.0
Red,竹圍,2018-12-31,17784.0
Red,紅樹林,2018-12-31,31726.0
Red,淡水,2018-12-31,100962.0
Red,象山,2018-12-31,58045.0
Red,台北101/世貿,2018-12-31,182551.0
Red,信義安和,2018-12-31,62531.0
Red,大安森林公園,2018-12-31,19113.0
Red,東門,2018-12-31,35196.0
Red,大安,2018-12-31,23245.5
Red,中正紀念堂,2019-01-01,1008.5
Red,台大醫院,2019-01-01,2525.0
Red,台北車站,2019-01-01,11460.0
Red,中山,2019-01-01,1595.5
Red,雙連,2019-01-01,1238.0
Red,民權西路,2019-01-01,947.0
Red,圓山,2019-01-01,1978.0
Red,劍潭,2019-01-01,3725.0
Red,士林,2019-01-01,2068.0
Red,芝山,2019-01-01,1882.0
Red,明德,2019-01-01,775.0
Red,石牌,2019-01-01,2118.0
Red,唭哩岸,2019-01-01,622.0
Red,奇岩,2019-01-01,1035.0
Red,北投,2019-01-01,2151.0
Red,新北投,2019-01-01,0.0
Red,復興崗,2019-01-01,317.0
Red,忠義,2019-01-01,158.0
Red,關渡,2019-01-01,953.0
Red,竹圍,2019-01-01,899.0
Red,紅樹林,2019-01-01,1637.0
Red,淡水,2019-01-01,4627.0
Red,象山,2019-01-01,9205.0
Red,台北101/世貿,2019-01-01,19485.0
Red,信義安和,2019-01-01,7124.0
Red,大安森林公園,2019-01-01,870.0
Red,東門,2019-01-01,938.0
Red,大安,2019-01-01,1474.0
