line,station,date,people
Red,中正紀念堂,2019-01-01,24488.5
Red,台大醫院,2019-01-01,21378.0
Red,台北車站,2019-01-01,185972.5
Red,中山,2019-01-01,43297.0
Red,雙連,2019-01-01,29981.0
Red,民權西路,2019-01-01,19334.0
Red,圓山,2019-01-01,55062.0
Red,劍潭,2019-01-01,60931.0
Red,士林,2019-01-01,48799.0
Red,芝山,2019-01-01,33246.0
Red,明德,2019-01-01,14321.0
Red,石牌,2019-01-01,38946.0
Red,唭哩岸,2019-01-01,10244.0
Red,奇岩,2019-01-01,10092.0
Red,北投,2019-01-01,29185.0
Red,新北投,2019-01-01,17439.0
Red,復興崗,2019-01-01,4916.0
Red,忠義,2019-01-01,3264.0
Red,關渡,2019-01-01,15734.0
Red,竹圍,2019-01-01,14484.0
Red,紅樹林,2019-01-01,25671.0
Red,淡水,2019-01-01,85510.0
Red,象山,2019-01-01,17145.0
Red,台北101/世貿,2019-01-01,58269.0
Red,信義安和,2019-01-01,23333.0
Red,大安森林公園,2019-01-01,17101.0
Red,東門,2019-01-01,25461.0
Red,大安,2019-01-01,13067.0
Red,中正紀念堂,2019-01-02,35239.5
Red,台大醫院,2019-01-02,53532.0
Red,台北車站,2019-01-02,155020.5
Red,中山,2019-01-02,47544.5
Red,雙連,2019-01-02,47489.0
Red,民權西路,2019-01-02,30051.5
Red,圓山,2019-01-02,55582.0
Red,劍潭,2019-01-02,69274.0
Red,士林,2019-01-02,61081.0
Red,芝山,2019-01-02,47473.0
Red,明德,2019-01-02,27274.0
Red,石牌,2019-01-02,66814.0
Red,唭哩岸,2019-01-02,15441.0
Red,奇岩,2019-01-02,18545.0
Red,北投,2019-01-02,39160.0
Red,新北投,2019-01-02,15005.0
Red,復興崗,2019-01-02,7609.0
Red,忠義,2019-01-02,7429.0
Red,關渡,2019-01-02,27573.0
Red,竹圍,2019-01-02,19441.0
Red,紅樹林,2019-01-02,22435.0
Red,淡水,2019-01-02,74829.0
Red,象山,2019-01-02,27597.0
Red,台北101/世貿,2019-01-02,63332.0
Red,信義安和,2019-01-02,40544.0
Red,大安森林公園,2019-01-02,15710.0
Red,東門,2019-01-02,29810.5
Red,大安,2019-01-02,29887.5
Red,中正紀念堂,2019-01-03,35740.0
Red,台大醫院,2019-01-03,54917.0
Red,台北車站,2019-01-03,141926.0
Red,中山,2019-01-03,47287.0
Red,雙連,2019-01-03,48774.0
Red,民權西路,2019-01-03,30247.5
Red,圓山,2019-01-03,55408.0
Red,劍潭,2019-01-03,70744.0
Red,士林,2019-01-03,61283.0
Red,芝山,2019-01-03,48227.0
Red,明德,2019-01-03,27605.0
Red,石牌,2019-01-03,67436.0
Red,唭哩岸,2019-01-03,15270.0
Red,奇岩,2019-01-03,19182.0
Red,北投,2019-01-03,39217.0
Red,新北投,2019-01-03,14078.0
Red,復興崗,2019-01-03,7788.0
Red,忠義,2019-01-03,7681.0
Red,關渡,2019-01-03,27576.0
Red,竹圍,2019-01-03,19606.0
Red,紅樹林,2019-01-03,22268.0
Red,淡水,2019-01-03,71872.0
Red,象山,2019-01-03,27389.0
Red,台北101/世貿,2019-01-03,64877.0
Red,信義安和,2019-01-03,41150.0
Red,大安森林公園,2019-01-03,15986.0
Red,東門,2019-01-03,30150.5
Red,大安,2019-01-03,30790.0
Red,中正紀念堂,2019-01-04,39246.5
Red,台大醫院,2019-01-04,56125.0
Red,台北車站,2019-01-04,172919.5
Red,中山,2019-01-04,52589.0
Red,雙連,2019-01-04,52284.0
Red,民權西路,2019-01-04,32726.0
Red,圓山,2019-01-04,62147.0
Red,劍潭,2019-01-04,78112.0
Red,士林,2019-01-04,66890.0
Red,芝山,2019-01-04,52770.0
Red,明德,2019-01-04,28613.0
Red,石牌,2019-01-04,72031.0
Red,唭哩岸,2019-01-04,16138.0
Red,奇岩,2019-01-04,20867.0
Red,北投,2019-01-04,43277.0
Red,新北投,2019-01-04,14820.0
Red,復興崗,2019-01-04,8254.0
Red,忠義,2019-01-04,7559.0
Red,關渡,2019-01-04,28755.0
Red,竹圍,2019-01-04,21200.0
Red,紅樹林,2019-01-04,30390.0
Red,淡水,2019-01-04,86752.0
Red,象山,2019-01-04,31214.0
Red,台北101/世貿,2019-01-04,83307.0
Red,信義安和,2019-01-04,43720.0
Red,大安森林公園,2019-01-04,18795.0
Red,東門,2019-01-04,32363.5
Red,大安,2019-01-04,32143.0
Red,中正紀念堂,2019-01-05,30998.0
Red,台大醫院,2019-01-05,26318.0
Red,台北車站,2019-01-05,162416.5
Red,中山,2019-01-05,52433.5
Red,雙連,2019-01-05,41180.0
Red,民權西路,2019-01-05,23706.0
Red,圓山,2019-01-05,56170.0
Red,劍潭,2019-01-05,71507.0
Red,士林,2019-01-05,58870.0
Red,芝山,2019-01-05,41542.0
Red,明德,2019-01-05,19788.0
Red,石牌,2019-01-05,55786.0
Red,唭哩岸,2019-01-05,13179.0
Red,奇岩,2019-01-05,13539.0
Red,北投,2019-01-05,36009.0
Red,新北投,2019-01-05,15997.0
Red,復興崗,2019-01-05,6987.0
Red,忠義,2019-01-05,5014.0
Red,關渡,2019-01-05,18363.0
Red,竹圍,2019-01-05,17933.0
Red,紅樹林,2019-01-05,25897.0
Red,淡水,2019-01-05,80084.0
Red,象山,2019-01-05,20685.0
Red,台北101/世貿,2019-01-05,72701.0
Red,信義安和,2019-01-05,29886.0
Red,大安森林公園,2019-01-05,20999.0
Red,東門,2019-01-05,29604.5
Red,大安,2019-01-05,20938.5
Red,中正紀念堂,2019-01-06,25134.5
Red,台大醫院,2019-01-06,20174.0
Red,台北車站,2019-01-06,145226.5
Red,中山,2019-01-06,41935.5
Red,雙連,2019-01-06,29048.0
Red,民權西路,2019-01-06,20812.0
Red,圓山,2019-01-06,43430.0
Red,劍潭,2019-01-06,53288.0
Red,士林,2019-01-06,43815.0
Red,芝山,2019-01-06,38231.0
Red,明德,2019-01-06,15067.0
Red,石牌,2019-01-06,39622.0
Red,唭哩岸,2019-01-06,10206.0
Red,奇岩,2019-01-06,10789.0
Red,北投,2019-01-06,27515.0
Red,新北投,2019-01-06,13568.0
Red,復興崗,2019-01-06,5393.0
Red,忠義,2019-01-06,3068.0
Red,關渡,2019-01-06,14984.0
Red,竹圍,2019-01-06,13991.0
Red,紅樹林,2019-01-06,19440.0
Red,淡水,2019-01-06,58828.0
Red,象山,2019-01-06,13936.0
Red,台北101/世貿,2019-01-06,67718.0
Red,信義安和,2019-01-06,22063.0
Red,大安森林公園,2019-01-06,16029.0
Red,東門,2019-01-06,23304.0
Red,大安,2019-01-06,15436.5
Red,中正紀念堂,2019-01-07,32570.0
Red,台大醫院,2019-01-07,54453.0
Red,台北車站,2019-01-07,141815.0
Red,中山,2019-01-07,42760.0
Red,雙連,2019-01-07,46438.0
Red,民權西路,2019-01-07,29713.5
Red,圓山,2019-01-07,54636.0
Red,劍潭,2019-01-07,66671.0
Red,士林,2019-01-07,57829.0
Red,芝山,2019-01-07,47927.0
Red,明德,2019-01-07,27578.0
Red,石牌,2019-01-07,66920.0
Red,唭哩岸,2019-01-07,15271.0
Red,奇岩,2019-01-07,18460.0
Red,北投,2019-01-07,38610.0
Red,新北投,2019-01-07,11961.0
Red,復興崗,2019-01-07,7207.0
Red,忠義,2019-01-07,7421.0
Red,關渡,2019-01-07,27659.0
Red,竹圍,2019-01-07,20043.0
Red,紅樹林,2019-01-07,26431.0
Red,淡水,2019-01-07,75993.0
Red,象山,2019-01-07,27676.0
Red,台北101/世貿,2019-01-07,74857.0
Red,信義安和,2019-01-07,38541.0
Red,大安森林公園,2019-01-07,16125.0
Red,東門,2019-01-07,27197.5
Red,大安,2019-01-07,28782.0
Red,中正紀念堂,2019-01-08,34897.5
Red,台大醫院,2019-01-08,56226.0
Red,台北車站,2019-01-08,138074.0
Red,中山,2019-01-08,43748.5
Red,雙連,2019-01-08,47692.0
Red,民權西路,2019-01-08,29624.5
Red,圓山,2019-01-08,56871.0
Red,劍潭,2019-01-08,68482.0
Red,士林,2019-01-08,59613.0
Red,芝山,2019-01-08,48865.0
Red,明德,2019-01-08,27936.0
Red,石牌,2019-01-08,67734.0
Red,唭哩岸,2019-01-08,14985.0
Red,奇岩,2019-01-08,18881.0
Red,北投,2019-01-08,39059.0
Red,新北投,2019-01-08,12883.0
Red,復興崗,2019-01-08,7619.0
Red,忠義,2019-01-08,7497.0
Red,關渡,2019-01-08,28413.0
Red,竹圍,2019-01-08,20152.0
Red,紅樹林,2019-01-08,24680.0
Red,淡水,2019-01-08,74400.0
Red,象山,2019-01-08,27810.0
Red,台北101/世貿,2019-01-08,60182.0
Red,信義安和,2019-01-08,39502.0
Red,大安森林公園,2019-01-08,15789.0
Red,東門,2019-01-08,27811.0
Red,大安,2019-01-08,29810.0
Red,中正紀念堂,2019-01-09,34743.0
Red,台大醫院,2019-01-09,55417.0
Red,台北車站,2019-01-09,139932.5
Red,中山,2019-01-09,44126.0
Red,雙連,2019-01-09,48304.0
Red,民權西路,2019-01-09,30689.5
Red,圓山,2019-01-09,57379.0
Red,劍潭,2019-01-09,70057.0
Red,士林,2019-01-09,60148.0
Red,芝山,2019-01-09,49546.0
Red,明德,2019-01-09,27837.0
Red,石牌,2019-01-09,68687.0
Red,唭哩岸,2019-01-09,15535.0
Red,奇岩,2019-01-09,18992.0
Red,北投,2019-01-09,39511.0
Red,新北投,2019-01-09,12972.0
Red,復興崗,2019-01-09,7853.0
Red,忠義,2019-01-09,7781.0
Red,關渡,2019-01-09,28802.0
Red,竹圍,2019-01-09,20266.0
Red,紅樹林,2019-01-09,26637.0
Red,淡水,2019-01-09,78212.0
Red,象山,2019-01-09,27829.0
Red,台北101/世貿,2019-01-09,61175.0
Red,信義安和,2019-01-09,39581.0
Red,大安森林公園,2019-01-09,16370.0
Red,東門,2019-01-09,28025.0
Red,大安,2019-01-09,29385.5
Red,中正紀念堂,2019-01-10,35442.5
Red,台大醫院,2019-01-10,54551.0
Red,台北車站,2019-01-10,146526.0
Red,中山,2019-01-10,46606.0
Red,雙連,2019-01-10,48402.0
Red,民權西路,2019-01-10,30578.5
Red,圓山,2019-01-10,58127.0
Red,劍潭,2019-01-10,69350.0
Red,士林,2019-01-10,62074.0
Red,芝山,2019-01-10,50427.0
Red,明德,2019-01-10,28232.0
Red,石牌,2019-01-10,68592.0
Red,唭哩岸,2019-01-10,15565.0
Red,奇岩,2019-01-10,19573.0
Red,北投,2019-01-10,39062.0
Red,新北投,2019-01-10,13272.0
Red,復興崗,2019-01-10,7651.0
Red,忠義,2019-01-10,7680.0
Red,關渡,2019-01-10,28867.0
Red,竹圍,2019-01-10,20504.0
Red,紅樹林,2019-01-10,30439.0
Red,淡水,2019-01-10,84211.0
Red,象山,2019-01-10,29610.0
Red,台北101/世貿,2019-01-10,72000.0
Red,信義安和,2019-01-10,39968.0
Red,大安森林公園,2019-01-10,16818.0
Red,東門,2019-01-10,28814.0
Red,大安,2019-01-10,30295.0
Red,中正紀念堂,2019-01-11,37541.0
Red,台大醫院,2019-01-11,54205.0
Red,台北車站,2019-01-11,177557.0
Red,中山,2019-01-11,52797.0
Red,雙連,2019-01-11,51620.0
Red,民權西路,2019-01-11,32669.5
Red,圓山,2019-01-11,61367.0
Red,劍潭,2019-01-11,77121.0
Red,士林,2019-01-11,67492.0
Red,芝山,2019-01-11,54229.0
Red,明德,2019-01-11,28733.0
Red,石牌,2019-01-11,72333.0
Red,唭哩岸,2019-01-11,16159.0
Red,奇岩,2019-01-11,20222.0
Red,北投,2019-01-11,42817.0
Red,新北投,2019-01-11,14073.0
Red,復興崗,2019-01-11,8136.0
Red,忠義,2019-01-11,7688.0
Red,關渡,2019-01-11,29648.0
Red,竹圍,2019-01-11,21289.0
Red,紅樹林,2019-01-11,28056.0
Red,淡水,2019-01-11,88225.0
Red,象山,2019-01-11,30683.0
Red,台北101/世貿,2019-01-11,78035.0
Red,信義安和,2019-01-11,43660.0
Red,大安森林公園,2019-01-11,18233.0
Red,東門,2019-01-11,32038.5
Red,大安,2019-01-11,31724.5
Red,中正紀念堂,2019-01-12,30946.5
Red,台大醫院,2019-01-12,26711.0
Red,台北車站,2019-01-12,174414.5
Red,中山,2019-01-12,55931.5
Red,雙連,2019-01-12,43591.0
Red,民權西路,2019-01-12,25820.5
Red,圓山,2019-01-12,58745.0
Red,劍潭,2019-01-12,75883.0
Red,士林,2019-01-12,60614.0
Red,芝山,2019-01-12,44577.0
Red,明德,2019-01-12,19942.0
Red,石牌,2019-01-12,54890.0
Red,唭哩岸,2019-01-12,13429.0
Red,奇岩,2019-01-12,15011.0
Red,北投,2019-01-12,35186.0
Red,新北投,2019-01-12,15472.0
Red,復興崗,2019-01-12,6875.0
Red,忠義,2019-01-12,4262.0
Red,關渡,2019-01-12,20530.0
Red,竹圍,2019-01-12,18305.0
Red,紅樹林,2019-01-12,25584.0
Red,淡水,2019-01-12,83409.0
Red,象山,2019-01-12,22453.0
Red,台北101/世貿,2019-01-12,79561.0
Red,信義安和,2019-01-12,32199.0
Red,大安森林公園,2019-01-12,20374.0
Red,東門,2019-01-12,29749.0
Red,大安,2019-01-12,20735.5
Red,中正紀念堂,2019-01-13,28276.0
Red,台大醫院,2019-01-13,24471.0
Red,台北車站,2019-01-13,171739.5
Red,中山,2019-01-13,46561.0
Red,雙連,2019-01-13,33675.0
Red,民權西路,2019-01-13,23902.0
Red,圓山,2019-01-13,59271.0
Red,劍潭,2019-01-13,65375.0
Red,士林,2019-01-13,52724.0
Red,芝山,2019-01-13,42286.0
Red,明德,2019-01-13,16199.0
Red,石牌,2019-01-13,44045.0
Red,唭哩岸,2019-01-13,11519.0
Red,奇岩,2019-01-13,13714.0
Red,北投,2019-01-13,32319.0
Red,新北投,2019-01-13,15643.0
Red,復興崗,2019-01-13,5668.0
Red,忠義,2019-01-13,4011.0
Red,關渡,2019-01-13,17039.0
Red,竹圍,2019-01-13,16039.0
Red,紅樹林,2019-01-13,25108.0
Red,淡水,2019-01-13,80173.0
Red,象山,2019-01-13,19507.0
Red,台北101/世貿,2019-01-13,66362.0
Red,信義安和,2019-01-13,24744.0
Red,大安森林公園,2019-01-13,23864.0
Red,東門,2019-01-13,26498.5
Red,大安,2019-01-13,17469.5
Red,中正紀念堂,2019-01-14,32772.0
Red,台大醫院,2019-01-14,53564.0
Red,台北車站,2019-01-14,150796.0
Red,中山,2019-01-14,44855.5
Red,雙連,2019-01-14,49135.0
Red,民權西路,2019-01-14,29736.0
Red,圓山,2019-01-14,54490.0
Red,劍潭,2019-01-14,64019.0
Red,士林,2019-01-14,56037.0
Red,芝山,2019-01-14,48227.0
Red,明德,2019-01-14,27071.0
Red,石牌,2019-01-14,65069.0
Red,唭哩岸,2019-01-14,14598.0
Red,奇岩,2019-01-14,17021.0
Red,北投,2019-01-14,38333.0
Red,新北投,2019-01-14,12105.0
Red,復興崗,2019-01-14,7537.0
Red,忠義,2019-01-14,6998.0
Red,關渡,2019-01-14,21195.0
Red,竹圍,2019-01-14,19397.0
Red,紅樹林,2019-01-14,24982.0
Red,淡水,2019-01-14,74778.0
Red,象山,2019-01-14,28512.0
Red,台北101/世貿,2019-01-14,71169.0
Red,信義安和,2019-01-14,38423.0
Red,大安森林公園,2019-01-14,16153.0
Red,東門,2019-01-14,27380.0
Red,大安,2019-01-14,29170.0
Red,中正紀念堂,2019-01-15,34946.0
Red,台大醫院,2019-01-15,55045.0
Red,台北車站,2019-01-15,146277.0
Red,中山,2019-01-15,45509.5
Red,雙連,2019-01-15,48405.0
Red,民權西路,2019-01-15,29568.5
Red,圓山,2019-01-15,57183.0
Red,劍潭,2019-01-15,66492.0
Red,士林,2019-01-15,59056.0
Red,芝山,2019-01-15,48968.0
Red,明德,2019-01-15,27465.0
Red,石牌,2019-01-15,66043.0
Red,唭哩岸,2019-01-15,14925.0
Red,奇岩,2019-01-15,18747.0
Red,北投,2019-01-15,38785.0
Red,新北投,2019-01-15,13949.0
Red,復興崗,2019-01-15,7678.0
Red,忠義,2019-01-15,7434.0
Red,關渡,2019-01-15,23814.0
Red,竹圍,2019-01-15,19620.0
Red,紅樹林,2019-01-15,25004.0
Red,淡水,2019-01-15,72176.0
Red,象山,2019-01-15,28442.0
Red,台北101/世貿,2019-01-15,67874.0
Red,信義安和,2019-01-15,39774.0
Red,大安森林公園,2019-01-15,17182.0
Red,東門,2019-01-15,28488.0
Red,大安,2019-01-15,29790.5
Red,中正紀念堂,2019-01-16,33806.0
Red,台大醫院,2019-01-16,54017.0
Red,台北車站,2019-01-16,145439.0
Red,中山,2019-01-16,46926.0
Red,雙連,2019-01-16,48963.0
Red,民權西路,2019-01-16,29918.0
Red,圓山,2019-01-16,53883.0
Red,劍潭,2019-01-16,59878.0
Red,士林,2019-01-16,55108.0
Red,芝山,2019-01-16,48503.0
Red,明德,2019-01-16,27499.0
Red,石牌,2019-01-16,65562.0
Red,唭哩岸,2019-01-16,15199.0
Red,奇岩,2019-01-16,18844.0
Red,北投,2019-01-16,37548.0
Red,新北投,2019-01-16,12775.0
Red,復興崗,2019-01-16,7796.0
Red,忠義,2019-01-16,7237.0
Red,關渡,2019-01-16,22893.0
Red,竹圍,2019-01-16,19287.0
Red,紅樹林,2019-01-16,20747.0
Red,淡水,2019-01-16,62601.0
Red,象山,2019-01-16,26092.0
Red,台北101/世貿,2019-01-16,68862.0
Red,信義安和,2019-01-16,40648.0
Red,大安森林公園,2019-01-16,15414.0
Red,東門,2019-01-16,28332.0
Red,大安,2019-01-16,30158.0
Red,中正紀念堂,2019-01-17,34301.0
Red,台大醫院,2019-01-17,53363.0
Red,台北車站,2019-01-17,147997.5
Red,中山,2019-01-17,47255.0
Red,雙連,2019-01-17,49231.0
Red,民權西路,2019-01-17,30506.0
Red,圓山,2019-01-17,55700.0
Red,劍潭,2019-01-17,65262.0
Red,士林,2019-01-17,57004.0
Red,芝山,2019-01-17,49687.0
Red,明德,2019-01-17,27363.0
Red,石牌,2019-01-17,65617.0
Red,唭哩岸,2019-01-17,15514.0
Red,奇岩,2019-01-17,19026.0
Red,北投,2019-01-17,38673.0
Red,新北投,2019-01-17,14136.0
Red,復興崗,2019-01-17,7998.0
Red,忠義,2019-01-17,7353.0
Red,關渡,2019-01-17,23432.0
Red,竹圍,2019-01-17,19261.0
Red,紅樹林,2019-01-17,21389.0
Red,淡水,2019-01-17,64328.0
Red,象山,2019-01-17,28094.0
Red,台北101/世貿,2019-01-17,76414.0
Red,信義安和,2019-01-17,41088.0
Red,大安森林公園,2019-01-17,16171.0
Red,東門,2019-01-17,28179.0
Red,大安,2019-01-17,30317.5
Red,中正紀念堂,2019-01-18,38784.0
Red,台大醫院,2019-01-18,55684.0
Red,台北車站,2019-01-18,173082.0
Red,中山,2019-01-18,54248.0
Red,雙連,2019-01-18,54532.0
Red,民權西路,2019-01-18,32827.0
Red,圓山,2019-01-18,63899.0
Red,劍潭,2019-01-18,77679.0
Red,士林,2019-01-18,65506.0
Red,芝山,2019-01-18,55930.0
Red,明德,2019-01-18,29184.0
Red,石牌,2019-01-18,71369.0
Red,唭哩岸,2019-01-18,16565.0
Red,奇岩,2019-01-18,21027.0
Red,北投,2019-01-18,42901.0
Red,新北投,2019-01-18,15202.0
Red,復興崗,2019-01-18,8531.0
Red,忠義,2019-01-18,7708.0
Red,關渡,2019-01-18,24900.0
Red,竹圍,2019-01-18,21628.0
Red,紅樹林,2019-01-18,26508.0
Red,淡水,2019-01-18,80781.0
Red,象山,2019-01-18,31460.0
Red,台北101/世貿,2019-01-18,84636.0
Red,信義安和,2019-01-18,43935.0
Red,大安森林公園,2019-01-18,19582.0
Red,東門,2019-01-18,31846.0
Red,大安,2019-01-18,31569.5
Red,中正紀念堂,2019-01-19,42471.0
Red,台大醫院,2019-01-19,35301.0
Red,台北車站,2019-01-19,178076.0
Red,中山,2019-01-19,56271.5
Red,雙連,2019-01-19,48949.0
Red,民權西路,2019-01-19,29212.5
Red,圓山,2019-01-19,62714.0
Red,劍潭,2019-01-19,77347.0
Red,士林,2019-01-19,62309.0
Red,芝山,2019-01-19,50255.0
Red,明德,2019-01-19,22907.0
Red,石牌,2019-01-19,60412.0
Red,唭哩岸,2019-01-19,15049.0
Red,奇岩,2019-01-19,16048.0
Red,北投,2019-01-19,39800.0
Red,新北投,2019-01-19,14528.0
Red,復興崗,2019-01-19,7911.0
Red,忠義,2019-01-19,4239.0
Red,關渡,2019-01-19,19258.0
Red,竹圍,2019-01-19,20525.0
Red,紅樹林,2019-01-19,29049.0
Red,淡水,2019-01-19,88786.0
Red,象山,2019-01-19,28917.0
Red,台北101/世貿,2019-01-19,91298.0
Red,信義安和,2019-01-19,39097.0
Red,大安森林公園,2019-01-19,22885.0
Red,東門,2019-01-19,30901.5
Red,大安,2019-01-19,24261.5
Red,中正紀念堂,2019-01-20,38194.0
Red,台大醫院,2019-01-20,23272.0
Red,台北車站,2019-01-20,170366.5
Red,中山,2019-01-20,47337.0
Red,雙連,2019-01-20,36163.0
Red,民權西路,2019-01-20,23847.0
Red,圓山,2019-01-20,52458.0
Red,劍潭,2019-01-20,65195.0
Red,士林,2019-01-20,51178.0
Red,芝山,2019-01-20,42894.0
Red,明德,2019-01-20,16203.0
Red,石牌,2019-01-20,44579.0
Red,唭哩岸,2019-01-20,11664.0
Red,奇岩,2019-01-20,11725.0
Red,北投,2019-01-20,31963.0
Red,新北投,2019-01-20,14723.0
Red,復興崗,2019-01-20,6215.0
Red,忠義,2019-01-20,3453.0
Red,關渡,2019-01-20,15815.0
Red,竹圍,2019-01-20,15594.0
Red,紅樹林,2019-01-20,24783.0
Red,淡水,2019-01-20,71043.0
Red,象山,2019-01-20,18119.0
Red,台北101/世貿,2019-01-20,76475.0
Red,信義安和,2019-01-20,25528.0
Red,大安森林公園,2019-01-20,21707.0
Red,東門,2019-01-20,26940.0
Red,大安,2019-01-20,16076.0
Red,中正紀念堂,2019-01-21,38454.5
Red,台大醫院,2019-01-21,55108.0
Red,台北車站,2019-01-21,159026.5
Red,中山,2019-01-21,46037.0
Red,雙連,2019-01-21,50456.0
Red,民權西路,2019-01-21,28504.0
Red,圓山,2019-01-21,53078.0
Red,劍潭,2019-01-21,59540.0
Red,士林,2019-01-21,54613.0
Red,芝山,2019-01-21,48745.0
Red,明德,2019-01-21,25403.0
Red,石牌,2019-01-21,64592.0
Red,唭哩岸,2019-01-21,14895.0
Red,奇岩,2019-01-21,18577.0
Red,北投,2019-01-21,35956.0
Red,新北投,2019-01-21,12422.0
Red,復興崗,2019-01-21,7595.0
Red,忠義,2019-01-21,6924.0
Red,關渡,2019-01-21,22908.0
Red,竹圍,2019-01-21,18954.0
Red,紅樹林,2019-01-21,21391.0
Red,淡水,2019-01-21,64124.0
Red,象山,2019-01-21,26600.0
Red,台北101/世貿,2019-01-21,76313.0
Red,信義安和,2019-01-21,39991.0
Red,大安森林公園,2019-01-21,15880.0
Red,東門,2019-01-21,27986.5
Red,大安,2019-01-21,26303.5
Red,中正紀念堂,2019-01-22,42868.5
Red,台大醫院,2019-01-22,55704.0
Red,台北車站,2019-01-22,156844.5
Red,中山,2019-01-22,47976.0
Red,雙連,2019-01-22,53879.0
Red,民權西路,2019-01-22,28906.5
Red,圓山,2019-01-22,55156.0
Red,劍潭,2019-01-22,62569.0
Red,士林,2019-01-22,57442.0
Red,芝山,2019-01-22,50250.0
Red,明德,2019-01-22,25634.0
Red,石牌,2019-01-22,64774.0
Red,唭哩岸,2019-01-22,15261.0
Red,奇岩,2019-01-22,18794.0
Red,北投,2019-01-22,38165.0
Red,新北投,2019-01-22,14445.0
Red,復興崗,2019-01-22,7582.0
Red,忠義,2019-01-22,7217.0
Red,關渡,2019-01-22,22498.0
Red,竹圍,2019-01-22,19073.0
Red,紅樹林,2019-01-22,22048.0
Red,淡水,2019-01-22,66187.0
Red,象山,2019-01-22,27859.0
Red,台北101/世貿,2019-01-22,70550.0
Red,信義安和,2019-01-22,40758.0
Red,大安森林公園,2019-01-22,16570.0
Red,東門,2019-01-22,29016.0
Red,大安,2019-01-22,27355.5
Red,中正紀念堂,2019-01-23,45183.5
Red,台大醫院,2019-01-23,55911.0
Red,台北車站,2019-01-23,160871.5
Red,中山,2019-01-23,49937.0
Red,雙連,2019-01-23,55369.0
Red,民權西路,2019-01-23,29939.5
Red,圓山,2019-01-23,56377.0
Red,劍潭,2019-01-23,64710.0
Red,士林,2019-01-23,58870.0
Red,芝山,2019-01-23,52942.0
Red,明德,2019-01-23,26046.0
Red,石牌,2019-01-23,67054.0
Red,唭哩岸,2019-01-23,15678.0
Red,奇岩,2019-01-23,19472.0
Red,北投,2019-01-23,38705.0
Red,新北投,2019-01-23,14669.0
Red,復興崗,2019-01-23,7963.0
Red,忠義,2019-01-23,7489.0
Red,關渡,2019-01-23,24517.0
Red,竹圍,2019-01-23,19881.0
Red,紅樹林,2019-01-23,24097.0
Red,淡水,2019-01-23,71038.0
Red,象山,2019-01-23,29162.0
Red,台北101/世貿,2019-01-23,73240.0
Red,信義安和,2019-01-23,41183.0
Red,大安森林公園,2019-01-23,17458.0
Red,東門,2019-01-23,29432.5
Red,大安,2019-01-23,27286.5
Red,中正紀念堂,2019-01-24,48084.0
Red,台大醫院,2019-01-24,56289.0
Red,台北車站,2019-01-24,164594.5
Red,中山,2019-01-24,50515.0
Red,雙連,2019-01-24,55603.0
Red,民權西路,2019-01-24,30452.5
Red,圓山,2019-01-24,57879.0
Red,劍潭,2019-01-24,66968.0
Red,士林,2019-01-24,59425.0
Red,芝山,2019-01-24,51691.0
Red,明德,2019-01-24,26778.0
Red,石牌,2019-01-24,67618.0
Red,唭哩岸,2019-01-24,15429.0
Red,奇岩,2019-01-24,19204.0
Red,北投,2019-01-24,38574.0
Red,新北投,2019-01-24,15052.0
Red,復興崗,2019-01-24,8035.0
Red,忠義,2019-01-24,7337.0
Red,關渡,2019-01-24,23337.0
Red,竹圍,2019-01-24,19880.0
Red,紅樹林,2019-01-24,24229.0
Red,淡水,2019-01-24,74684.0
Red,象山,2019-01-24,29649.0
Red,台北101/世貿,2019-01-24,75498.0
Red,信義安和,2019-01-24,41665.0
Red,大安森林公園,2019-01-24,18730.0
Red,東門,2019-01-24,29886.5
Red,大安,2019-01-24,29245.5
Red,中正紀念堂,2019-01-25,51138.5
Red,台大醫院,2019-01-25,55419.0
Red,台北車站,2019-01-25,193624.5
Red,中山,2019-01-25,56598.0
Red,雙連,2019-01-25,55393.0
Red,民權西路,2019-01-25,33852.0
Red,圓山,2019-01-25,69675.0
Red,劍潭,2019-01-25,73712.0
Red,士林,2019-01-25,64305.0
Red,芝山,2019-01-25,55468.0
Red,明德,2019-01-25,27825.0
Red,石牌,2019-01-25,67890.0
Red,唭哩岸,2019-01-25,16231.0
Red,奇岩,2019-01-25,20026.0
Red,北投,2019-01-25,42084.0
Red,新北投,2019-01-25,14726.0
Red,復興崗,2019-01-25,8755.0
Red,忠義,2019-01-25,7464.0
Red,關渡,2019-01-25,24301.0
Red,竹圍,2019-01-25,20759.0
Red,紅樹林,2019-01-25,24392.0
Red,淡水,2019-01-25,78870.0
Red,象山,2019-01-25,30418.0
Red,台北101/世貿,2019-01-25,112028.0
Red,信義安和,2019-01-25,44871.0
Red,大安森林公園,2019-01-25,19603.0
Red,東門,2019-01-25,31936.0
Red,大安,2019-01-25,31155.5
Red,中正紀念堂,2019-01-26,54446.5
Red,台大醫院,2019-01-26,27343.0
Red,台北車站,2019-01-26,195771.0
Red,中山,2019-01-26,58411.0
Red,雙連,2019-01-26,47059.0
Red,民權西路,2019-01-26,28201.5
Red,圓山,2019-01-26,68295.0
Red,劍潭,2019-01-26,75541.0
Red,士林,2019-01-26,57584.0
Red,芝山,2019-01-26,44268.0
Red,明德,2019-01-26,21437.0
Red,石牌,2019-01-26,53077.0
Red,唭哩岸,2019-01-26,13938.0
Red,奇岩,2019-01-26,14429.0
Red,北投,2019-01-26,34819.0
Red,新北投,2019-01-26,16989.0
Red,復興崗,2019-01-26,6777.0
Red,忠義,2019-01-26,4055.0
Red,關渡,2019-01-26,17089.0
Red,竹圍,2019-01-26,18102.0
Red,紅樹林,2019-01-26,20662.0
Red,淡水,2019-01-26,71324.0
Red,象山,2019-01-26,21623.0
Red,台北101/世貿,2019-01-26,133065.0
Red,信義安和,2019-01-26,33446.0
Red,大安森林公園,2019-01-26,22328.0
Red,東門,2019-01-26,29519.0
Red,大安,2019-01-26,23469.0
Red,中正紀念堂,2019-01-27,59640.0
Red,台大醫院,2019-01-27,29210.0
Red,台北車站,2019-01-27,194391.5
Red,中山,2019-01-27,50838.0
Red,雙連,2019-01-27,36066.0
Red,民權西路,2019-01-27,23764.0
Red,圓山,2019-01-27,65252.0
Red,劍潭,2019-01-27,65574.0
Red,士林,2019-01-27,52490.0
Red,芝山,2019-01-27,44200.0
Red,明德,2019-01-27,16019.0
Red,石牌,2019-01-27,42729.0
Red,唭哩岸,2019-01-27,11973.0
Red,奇岩,2019-01-27,12233.0
Red,北投,2019-01-27,31104.0
Red,新北投,2019-01-27,15538.0
Red,復興崗,2019-01-27,5891.0
Red,忠義,2019-01-27,3441.0
Red,關渡,2019-01-27,15640.0
Red,竹圍,2019-01-27,15733.0
Red,紅樹林,2019-01-27,19597.0
Red,淡水,2019-01-27,73008.0
Red,象山,2019-01-27,21127.0
Red,台北101/世貿,2019-01-27,120768.0
Red,信義安和,2019-01-27,25971.0
Red,大安森林公園,2019-01-27,23259.0
Red,東門,2019-01-27,27398.5
Red,大安,2019-01-27,16953.0
Red,中正紀念堂,2019-01-28,39134.0
Red,台大醫院,2019-01-28,56055.0
Red,台北車站,2019-01-28,176898.0
Red,中山,2019-01-28,49435.5
Red,雙連,2019-01-28,53177.0
Red,民權西路,2019-01-28,29814.0
Red,圓山,2019-01-28,53808.0
Red,劍潭,2019-01-28,64309.0
Red,士林,2019-01-28,58243.0
Red,芝山,2019-01-28,50261.0
Red,明德,2019-01-28,26828.0
Red,石牌,2019-01-28,65118.0
Red,唭哩岸,2019-01-28,14959.0
Red,奇岩,2019-01-28,19360.0
Red,北投,2019-01-28,37627.0
Red,新北投,2019-01-28,13312.0
Red,復興崗,2019-01-28,7834.0
Red,忠義,2019-01-28,5269.0
Red,關渡,2019-01-28,21157.0
Red,竹圍,2019-01-28,19530.0
Red,紅樹林,2019-01-28,22302.0
Red,淡水,2019-01-28,73812.0
Red,象山,2019-01-28,28783.0
Red,台北101/世貿,2019-01-28,106452.0
Red,信義安和,2019-01-28,40530.0
Red,大安森林公園,2019-01-28,19050.0
Red,東門,2019-01-28,27919.0
Red,大安,2019-01-28,26779.0
Red,中正紀念堂,2019-01-29,40588.5
Red,台大醫院,2019-01-29,55791.0
Red,台北車站,2019-01-29,161199.5
Red,中山,2019-01-29,50157.5
Red,雙連,2019-01-29,51915.0
Red,民權西路,2019-01-29,29519.0
Red,圓山,2019-01-29,55539.0
Red,劍潭,2019-01-29,64684.0
Red,士林,2019-01-29,60102.0
Red,芝山,2019-01-29,50736.0
Red,明德,2019-01-29,26113.0
Red,石牌,2019-01-29,64993.0
Red,唭哩岸,2019-01-29,15184.0
Red,奇岩,2019-01-29,19302.0
Red,北投,2019-01-29,37264.0
Red,新北投,2019-01-29,13158.0
Red,復興崗,2019-01-29,7538.0
Red,忠義,2019-01-29,7025.0
Red,關渡,2019-01-29,23028.0
Red,竹圍,2019-01-29,19436.0
Red,紅樹林,2019-01-29,22189.0
Red,淡水,2019-01-29,71816.0
Red,象山,2019-01-29,29544.0
Red,台北101/世貿,2019-01-29,69775.0
Red,信義安和,2019-01-29,40659.0
Red,大安森林公園,2019-01-29,19411.0
Red,東門,2019-01-29,29156.5
Red,大安,2019-01-29,26663.0
Red,中正紀念堂,2019-01-30,39940.5
Red,台大醫院,2019-01-30,55400.0
Red,台北車站,2019-01-30,162832.0
Red,中山,2019-01-30,51002.0
Red,雙連,2019-01-30,52862.0
Red,民權西路,2019-01-30,29356.5
Red,圓山,2019-01-30,56921.0
Red,劍潭,2019-01-30,64285.0
Red,士林,2019-01-30,61267.0
Red,芝山,2019-01-30,52180.0
Red,明德,2019-01-30,26002.0
Red,石牌,2019-01-30,66453.0
Red,唭哩岸,2019-01-30,15570.0
Red,奇岩,2019-01-30,19220.0
Red,北投,2019-01-30,37900.0
Red,新北投,2019-01-30,12798.0
Red,復興崗,2019-01-30,7950.0
Red,忠義,2019-01-30,7485.0
Red,關渡,2019-01-30,23639.0
Red,竹圍,2019-01-30,20188.0
Red,紅樹林,2019-01-30,23252.0
Red,淡水,2019-01-30,74009.0
Red,象山,2019-01-30,28949.0
Red,台北101/世貿,2019-01-30,69926.0
Red,信義安和,2019-01-30,41503.0
Red,大安森林公園,2019-01-30,19642.0
Red,東門,2019-01-30,29113.0
Red,大安,2019-01-30,26055.5
Red,中正紀念堂,2019-01-31,40700.0
Red,台大醫院,2019-01-31,54196.0
Red,台北車站,2019-01-31,164276.5
Red,中山,2019-01-31,51685.5
Red,雙連,2019-01-31,51481.0
Red,民權西路,2019-01-31,29676.5
Red,圓山,2019-01-31,55654.0
Red,劍潭,2019-01-31,62531.0
Red,士林,2019-01-31,57508.0
Red,芝山,2019-01-31,51609.0
Red,明德,2019-01-31,25878.0
Red,石牌,2019-01-31,64309.0
Red,唭哩岸,2019-01-31,15253.0
Red,奇岩,2019-01-31,19388.0
Red,北投,2019-01-31,38094.0
Red,新北投,2019-01-31,12836.0
Red,復興崗,2019-01-31,7655.0
Red,忠義,2019-01-31,7239.0
Red,關渡,2019-01-31,22850.0
Red,竹圍,2019-01-31,19862.0
Red,紅樹林,2019-01-31,23360.0
Red,淡水,2019-01-31,70888.0
Red,象山,2019-01-31,28270.0
Red,台北101/世貿,2019-01-31,69727.0
Red,信義安和,2019-01-31,40989.0
Red,大安森林公園,2019-01-31,19071.0
Red,東門,2019-01-31,28249.0
Red,大安,2019-01-31,26576.0
Red,中正紀念堂,2019-02-01,39442.5
Red,台大醫院,2019-02-01,49851.0
Red,台北車站,2019-02-01,170643.0
Red,中山,2019-02-01,53547.0
Red,雙連,2019-02-01,50579.0
Red,民權西路,2019-02-01,28676.5
Red,圓山,2019-02-01,50824.0
Red,劍潭,2019-02-01,61553.0
Red,士林,2019-02-01,56559.0
Red,芝山,2019-02-01,50804.0
Red,明德,2019-02-01,24851.0
Red,石牌,2019-02-01,61580.0
Red,唭哩岸,2019-02-01,15120.0
Red,奇岩,2019-02-01,18649.0
Red,北投,2019-02-01,37798.0
Red,新北投,2019-02-01,12015.0
Red,復興崗,2019-02-01,7119.0
Red,忠義,2019-02-01,6386.0
Red,關渡,2019-02-01,22122.0
Red,竹圍,2019-02-01,19404.0
Red,紅樹林,2019-02-01,18870.0
Red,淡水,2019-02-01,62728.0
Red,象山,2019-02-01,25283.0
Red,台北101/世貿,2019-02-01,69102.0
Red,信義安和,2019-02-01,40193.0
Red,大安森林公園,2019-02-01,18413.0
Red,東門,2019-02-01,28527.0
Red,大安,2019-02-01,24375.0
Red,中正紀念堂,2019-02-02,29195.5
Red,台大醫院,2019-02-02,17307.0
Red,台北車站,2019-02-02,138750.0
Red,中山,2019-02-02,44905.5
Red,雙連,2019-02-02,35224.0
Red,民權西路,2019-02-02,19011.0
Red,圓山,2019-02-02,39485.0
Red,劍潭,2019-02-02,57776.0
Red,士林,2019-02-02,46844.0
Red,芝山,2019-02-02,36205.0
Red,明德,2019-02-02,16033.0
Red,石牌,2019-02-02,40211.0
Red,唭哩岸,2019-02-02,11028.0
Red,奇岩,2019-02-02,10510.0
Red,北投,2019-02-02,28920.0
Red,新北投,2019-02-02,11646.0
Red,復興崗,2019-02-02,5351.0
Red,忠義,2019-02-02,3723.0
Red,關渡,2019-02-02,14629.0
Red,竹圍,2019-02-02,14809.0
Red,紅樹林,2019-02-02,17374.0
Red,淡水,2019-02-02,66334.0
Red,象山,2019-02-02,16787.0
Red,台北101/世貿,2019-02-02,51989.0
Red,信義安和,2019-02-02,24445.0
Red,大安森林公園,2019-02-02,20526.0
Red,東門,2019-02-02,22715.0
Red,大安,2019-02-02,14381.0
Red,中正紀念堂,2019-02-03,26545.0
Red,台大醫院,2019-02-03,12178.0
Red,台北車站,2019-02-03,116590.5
Red,中山,2019-02-03,36123.0
Red,雙連,2019-02-03,25061.0
Red,民權西路,2019-02-03,15826.5
Red,圓山,2019-02-03,31868.0
Red,劍潭,2019-02-03,50698.0
Red,士林,2019-02-03,39145.0
Red,芝山,2019-02-03,30509.0
Red,明德,2019-02-03,11590.0
Red,石牌,2019-02-03,29852.0
Red,唭哩岸,2019-02-03,8767.0
Red,奇岩,2019-02-03,8511.0
Red,北投,2019-02-03,24056.0
Red,新北投,2019-02-03,9696.0
Red,復興崗,2019-02-03,4376.0
Red,忠義,2019-02-03,3290.0
Red,關渡,2019-02-03,12000.0
Red,竹圍,2019-02-03,11602.0
Red,紅樹林,2019-02-03,16459.0
Red,淡水,2019-02-03,63608.0
Red,象山,2019-02-03,14148.0
Red,台北101/世貿,2019-02-03,45943.0
Red,信義安和,2019-02-03,17739.0
Red,大安森林公園,2019-02-03,18390.0
Red,東門,2019-02-03,19994.5
Red,大安,2019-02-03,10121.0
Red,中正紀念堂,2019-02-04,16842.5
Red,台大醫院,2019-02-04,8355.0
Red,台北車站,2019-02-04,82230.5
Red,中山,2019-02-04,17634.5
Red,雙連,2019-02-04,14993.0
Red,民權西路,2019-02-04,9102.0
Red,圓山,2019-02-04,19245.0
Red,劍潭,2019-02-04,28525.0
Red,士林,2019-02-04,24029.0
Red,芝山,2019-02-04,19690.0
Red,明德,2019-02-04,8485.0
Red,石牌,2019-02-04,21071.0
Red,唭哩岸,2019-02-04,6416.0
Red,奇岩,2019-02-04,6213.0
Red,北投,2019-02-04,16332.0
Red,新北投,2019-02-04,6614.0
Red,復興崗,2019-02-04,3409.0
Red,忠義,2019-02-04,1728.0
Red,關渡,2019-02-04,8085.0
Red,竹圍,2019-02-04,8411.0
Red,紅樹林,2019-02-04,10901.0
Red,淡水,2019-02-04,39275.0
Red,象山,2019-02-04,8485.0
Red,台北101/世貿,2019-02-04,33177.0
Red,信義安和,2019-02-04,12142.0
Red,大安森林公園,2019-02-04,8822.0
Red,東門,2019-02-04,11646.0
Red,大安,2019-02-04,6337.5
Red,中正紀念堂,2019-02-05,22442.5
Red,台大醫院,2019-02-05,10427.0
Red,台北車站,2019-02-05,132711.0
Red,中山,2019-02-05,31282.0
Red,雙連,2019-02-05,24722.0
Red,民權西路,2019-02-05,15733.5
Red,圓山,2019-02-05,46094.0
Red,劍潭,2019-02-05,62769.0
Red,士林,2019-02-05,44091.0
Red,芝山,2019-02-05,27850.0
Red,明德,2019-02-05,11331.0
Red,石牌,2019-02-05,29443.0
Red,唭哩岸,2019-02-05,10245.0
Red,奇岩,2019-02-05,16751.0
Red,北投,2019-02-05,23786.0
Red,新北投,2019-02-05,13845.0
Red,復興崗,2019-02-05,6095.0
Red,忠義,2019-02-05,5742.0
Red,關渡,2019-02-05,41034.0
Red,竹圍,2019-02-05,12873.0
Red,紅樹林,2019-02-05,27186.0
Red,淡水,2019-02-05,125015.0
Red,象山,2019-02-05,18528.0
Red,台北101/世貿,2019-02-05,71438.0
Red,信義安和,2019-02-05,15836.0
Red,大安森林公園,2019-02-05,11810.0
Red,東門,2019-02-05,14452.0
Red,大安,2019-02-05,8162.0
Red,中正紀念堂,2019-02-06,28634.0
Red,台大醫院,2019-02-06,12411.0
Red,台北車站,2019-02-06,159057.0
Red,中山,2019-02-06,33246.5
Red,雙連,2019-02-06,24807.0
Red,民權西路,2019-02-06,16997.0
Red,圓山,2019-02-06,46638.0
Red,劍潭,2019-02-06,68946.0
Red,士林,2019-02-06,51262.0
Red,芝山,2019-02-06,32075.0
Red,明德,2019-02-06,12522.0
Red,石牌,2019-02-06,33399.0
Red,唭哩岸,2019-02-06,10643.0
Red,奇岩,2019-02-06,15298.0
Red,北投,2019-02-06,27358.0
Red,新北投,2019-02-06,17173.0
Red,復興崗,2019-02-06,5605.0
Red,忠義,2019-02-06,3877.0
Red,關渡,2019-02-06,29481.0
Red,竹圍,2019-02-06,14663.0
Red,紅樹林,2019-02-06,29456.0
Red,淡水,2019-02-06,149524.0
Red,象山,2019-02-06,20929.0
Red,台北101/世貿,2019-02-06,73593.0
Red,信義安和,2019-02-06,18442.0
Red,大安森林公園,2019-02-06,13411.0
Red,東門,2019-02-06,17564.0
Red,大安,2019-02-06,9757.5
Red,中正紀念堂,2019-02-07,30235.5
Red,台大醫院,2019-02-07,16098.0
Red,台北車站,2019-02-07,186717.0
Red,中山,2019-02-07,41948.0
Red,雙連,2019-02-07,29828.0
Red,民權西路,2019-02-07,19825.0
Red,圓山,2019-02-07,54123.0
Red,劍潭,2019-02-07,83276.0
Red,士林,2019-02-07,62497.0
Red,芝山,2019-02-07,35165.0
Red,明德,2019-02-07,13105.0
Red,石牌,2019-02-07,37173.0
Red,唭哩岸,2019-02-07,11247.0
Red,奇岩,2019-02-07,16752.0
Red,北投,2019-02-07,29575.0
Red,新北投,2019-02-07,20819.0
Red,復興崗,2019-02-07,5849.0
Red,忠義,2019-02-07,4331.0
Red,關渡,2019-02-07,33068.0
Red,竹圍,2019-02-07,15888.0
Red,紅樹林,2019-02-07,35895.0
Red,淡水,2019-02-07,178767.0
Red,象山,2019-02-07,25632.0
Red,台北101/世貿,2019-02-07,86419.0
Red,信義安和,2019-02-07,20986.0
Red,大安森林公園,2019-02-07,15903.0
Red,東門,2019-02-07,20582.5
Red,大安,2019-02-07,11590.5
Red,中正紀念堂,2019-02-08,27800.0
Red,台大醫院,2019-02-08,21795.0
Red,台北車站,2019-02-08,177089.0
Red,中山,2019-02-08,44317.0
Red,雙連,2019-02-08,34005.0
Red,民權西路,2019-02-08,19303.5
Red,圓山,2019-02-08,48974.0
Red,劍潭,2019-02-08,75162.0
Red,士林,2019-02-08,58674.0
Red,芝山,2019-02-08,35992.0
Red,明德,2019-02-08,14192.0
Red,石牌,2019-02-08,40066.0
Red,唭哩岸,2019-02-08,10945.0
Red,奇岩,2019-02-08,13523.0
Red,北投,2019-02-08,30656.0
Red,新北投,2019-02-08,21359.0
Red,復興崗,2019-02-08,5931.0
Red,忠義,2019-02-08,4500.0
Red,關渡,2019-02-08,27221.0
Red,竹圍,2019-02-08,15154.0
Red,紅樹林,2019-02-08,28337.0
Red,淡水,2019-02-08,129509.0
Red,象山,2019-02-08,21694.0
Red,台北101/世貿,2019-02-08,81508.0
Red,信義安和,2019-02-08,23555.0
Red,大安森林公園,2019-02-08,15854.0
Red,東門,2019-02-08,21461.0
Red,大安,2019-02-08,12947.0
Red,中正紀念堂,2019-02-09,25292.5
Red,台大醫院,2019-02-09,15874.0
Red,台北車站,2019-02-09,170206.0
Red,中山,2019-02-09,45817.5
Red,雙連,2019-02-09,32659.0
Red,民權西路,2019-02-09,19370.5
Red,圓山,2019-02-09,47703.0
Red,劍潭,2019-02-09,65514.0
Red,士林,2019-02-09,53879.0
Red,芝山,2019-02-09,36607.0
Red,明德,2019-02-09,15061.0
Red,石牌,2019-02-09,39932.0
Red,唭哩岸,2019-02-09,11202.0
Red,奇岩,2019-02-09,12567.0
Red,北投,2019-02-09,30351.0
Red,新北投,2019-02-09,18732.0
Red,復興崗,2019-02-09,6064.0
Red,忠義,2019-02-09,3685.0
Red,關渡,2019-02-09,21852.0
Red,竹圍,2019-02-09,14665.0
Red,紅樹林,2019-02-09,23014.0
Red,淡水,2019-02-09,97165.0
Red,象山,2019-02-09,17661.0
Red,台北101/世貿,2019-02-09,71087.0
Red,信義安和,2019-02-09,24297.0
Red,大安森林公園,2019-02-09,13866.0
Red,東門,2019-02-09,22309.5
Red,大安,2019-02-09,13767.5
Red,中正紀念堂,2019-02-10,25084.5
Red,台大醫院,2019-02-10,15951.0
Red,台北車站,2019-02-10,159494.5
Red,中山,2019-02-10,40682.5
Red,雙連,2019-02-10,26957.0
Red,民權西路,2019-02-10,20926.5
Red,圓山,2019-02-10,47660.0
Red,劍潭,2019-02-10,56038.0
Red,士林,2019-02-10,48755.0
Red,芝山,2019-02-10,39337.0
Red,明德,2019-02-10,14836.0
Red,石牌,2019-02-10,38473.0
Red,唭哩岸,2019-02-10,11311.0
Red,奇岩,2019-02-10,11483.0
Red,北投,2019-02-10,31012.0
Red,新北投,2019-02-10,15824.0
Red,復興崗,2019-02-10,5412.0
Red,忠義,2019-02-10,3462.0
Red,關渡,2019-02-10,20393.0
Red,竹圍,2019-02-10,14779.0
Red,紅樹林,2019-02-10,20191.0
Red,淡水,2019-02-10,89453.0
Red,象山,2019-02-10,17708.0
Red,台北101/世貿,2019-02-10,57388.0
Red,信義安和,2019-02-10,22139.0
Red,大安森林公園,2019-02-10,14768.0
Red,東門,2019-02-10,20565.0
Red,大安,2019-02-10,12681.5
Red,中正紀念堂,2019-02-11,30754.5
Red,台大醫院,2019-02-11,52659.0
Red,台北車站,2019-02-11,147468.5
Red,中山,2019-02-11,42934.5
Red,雙連,2019-02-11,45816.0
Red,民權西路,2019-02-11,27730.0
Red,圓山,2019-02-11,51930.0
Red,劍潭,2019-02-11,55667.0
Red,士林,2019-02-11,54004.0
Red,芝山,2019-02-11,46201.0
Red,明德,2019-02-11,26640.0
Red,石牌,2019-02-11,63477.0
Red,唭哩岸,2019-02-11,14781.0
Red,奇岩,2019-02-11,18287.0
Red,北投,2019-02-11,37953.0
Red,新北投,2019-02-11,12876.0
Red,復興崗,2019-02-11,7139.0
Red,忠義,2019-02-11,7122.0
Red,關渡,2019-02-11,24206.0
Red,竹圍,2019-02-11,19168.0
Red,紅樹林,2019-02-11,20196.0
Red,淡水,2019-02-11,70850.0
Red,象山,2019-02-11,26456.0
Red,台北101/世貿,2019-02-11,67059.0
Red,信義安和,2019-02-11,37808.0
Red,大安森林公園,2019-02-11,15538.0
Red,東門,2019-02-11,24741.5
Red,大安,2019-02-11,28591.5
Red,中正紀念堂,2019-02-12,33499.5
Red,台大醫院,2019-02-12,54624.0
Red,台北車站,2019-02-12,149361.5
Red,中山,2019-02-12,45202.5
Red,雙連,2019-02-12,47438.0
Red,民權西路,2019-02-12,29319.0
Red,圓山,2019-02-12,56386.0
Red,劍潭,2019-02-12,59417.0
Red,士林,2019-02-12,58693.0
Red,芝山,2019-02-12,48534.0
Red,明德,2019-02-12,27737.0
Red,石牌,2019-02-12,65797.0
Red,唭哩岸,2019-02-12,15158.0
Red,奇岩,2019-02-12,18858.0
Red,北投,2019-02-12,39767.0
Red,新北投,2019-02-12,13273.0
Red,復興崗,2019-02-12,7332.0
Red,忠義,2019-02-12,7374.0
Red,關渡,2019-02-12,25069.0
Red,竹圍,2019-02-12,19310.0
Red,紅樹林,2019-02-12,21436.0
Red,淡水,2019-02-12,76040.0
Red,象山,2019-02-12,28790.0
Red,台北101/世貿,2019-02-12,79542.0
Red,信義安和,2019-02-12,38904.0
Red,大安森林公園,2019-02-12,17096.0
Red,東門,2019-02-12,26732.0
Red,大安,2019-02-12,30001.5
Red,中正紀念堂,2019-02-13,34128.0
Red,台大醫院,2019-02-13,53918.0
Red,台北車站,2019-02-13,153049.5
Red,中山,2019-02-13,48039.5
Red,雙連,2019-02-13,48551.0
Red,民權西路,2019-02-13,29709.5
Red,圓山,2019-02-13,56296.0
Red,劍潭,2019-02-13,61593.0
Red,士林,2019-02-13,59213.0
Red,芝山,2019-02-13,49494.0
Red,明德,2019-02-13,27807.0
Red,石牌,2019-02-13,66838.0
Red,唭哩岸,2019-02-13,15220.0
Red,奇岩,2019-02-13,19288.0
Red,北投,2019-02-13,40214.0
Red,新北投,2019-02-13,13049.0
Red,復興崗,2019-02-13,7681.0
Red,忠義,2019-02-13,7610.0
Red,關渡,2019-02-13,25162.0
Red,竹圍,2019-02-13,19425.0
Red,紅樹林,2019-02-13,20449.0
Red,淡水,2019-02-13,72501.0
Red,象山,2019-02-13,28824.0
Red,台北101/世貿,2019-02-13,83840.0
Red,信義安和,2019-02-13,39604.0
Red,大安森林公園,2019-02-13,16646.0
Red,東門,2019-02-13,28015.5
Red,大安,2019-02-13,30513.5
Red,中正紀念堂,2019-02-14,35623.0
Red,台大醫院,2019-02-14,54860.0
Red,台北車站,2019-02-14,161677.0
Red,中山,2019-02-14,50976.0
Red,雙連,2019-02-14,48684.0
Red,民權西路,2019-02-14,30617.5
Red,圓山,2019-02-14,57493.0
Red,劍潭,2019-02-14,65305.0
Red,士林,2019-02-14,60632.0
Red,芝山,2019-02-14,50567.0
Red,明德,2019-02-14,27718.0
Red,石牌,2019-02-14,66757.0
Red,唭哩岸,2019-02-14,15294.0
Red,奇岩,2019-02-14,19980.0
Red,北投,2019-02-14,40262.0
Red,新北投,2019-02-14,14193.0
Red,復興崗,2019-02-14,7367.0
Red,忠義,2019-02-14,7228.0
Red,關渡,2019-02-14,24149.0
Red,竹圍,2019-02-14,19713.0
Red,紅樹林,2019-02-14,21006.0
Red,淡水,2019-02-14,76424.0
Red,象山,2019-02-14,28871.0
Red,台北101/世貿,2019-02-14,91233.0
Red,信義安和,2019-02-14,41574.0
Red,大安森林公園,2019-02-14,17499.0
Red,東門,2019-02-14,30083.5
Red,大安,2019-02-14,32659.0
Red,中正紀念堂,2019-02-15,38621.5
Red,台大醫院,2019-02-15,56539.0
Red,台北車站,2019-02-15,185236.0
Red,中山,2019-02-15,55558.5
Red,雙連,2019-02-15,52345.0
Red,民權西路,2019-02-15,32168.0
Red,圓山,2019-02-15,63339.0
Red,劍潭,2019-02-15,71860.0
Red,士林,2019-02-15,67667.0
Red,芝山,2019-02-15,53418.0
Red,明德,2019-02-15,28717.0
Red,石牌,2019-02-15,70032.0
Red,唭哩岸,2019-02-15,16277.0
Red,奇岩,2019-02-15,20315.0
Red,北投,2019-02-15,44449.0
Red,新北投,2019-02-15,15581.0
Red,復興崗,2019-02-15,8404.0
Red,忠義,2019-02-15,7798.0
Red,關渡,2019-02-15,25477.0
Red,竹圍,2019-02-15,21152.0
Red,紅樹林,2019-02-15,22105.0
Red,淡水,2019-02-15,82088.0
Red,象山,2019-02-15,31397.0
Red,台北101/世貿,2019-02-15,105023.0
Red,信義安和,2019-02-15,44008.0
Red,大安森林公園,2019-02-15,18750.0
Red,東門,2019-02-15,32811.5
Red,大安,2019-02-15,32829.5
Red,中正紀念堂,2019-02-16,35268.0
Red,台大醫院,2019-02-16,30661.0
Red,台北車站,2019-02-16,210853.0
Red,中山,2019-02-16,59525.0
Red,雙連,2019-02-16,44208.0
Red,民權西路,2019-02-16,27314.5
Red,圓山,2019-02-16,93422.0
Red,劍潭,2019-02-16,77240.0
Red,士林,2019-02-16,65664.0
Red,芝山,2019-02-16,46803.0
Red,明德,2019-02-16,21536.0
Red,石牌,2019-02-16,56769.0
Red,唭哩岸,2019-02-16,14549.0
Red,奇岩,2019-02-16,14175.0
Red,北投,2019-02-16,37400.0
Red,新北投,2019-02-16,17194.0
Red,復興崗,2019-02-16,7040.0
Red,忠義,2019-02-16,4196.0
Red,關渡,2019-02-16,21283.0
Red,竹圍,2019-02-16,18853.0
Red,紅樹林,2019-02-16,21335.0
Red,淡水,2019-02-16,87153.0
Red,象山,2019-02-16,22583.0
Red,台北101/世貿,2019-02-16,122839.0
Red,信義安和,2019-02-16,34935.0
Red,大安森林公園,2019-02-16,23017.0
Red,東門,2019-02-16,32827.5
Red,大安,2019-02-16,21498.5
Red,中正紀念堂,2019-02-17,34679.0
Red,台大醫院,2019-02-17,24369.0
Red,台北車站,2019-02-17,210543.5
Red,中山,2019-02-17,49423.0
Red,雙連,2019-02-17,31984.0
Red,民權西路,2019-02-17,26267.0
Red,圓山,2019-02-17,78393.0
Red,劍潭,2019-02-17,71768.0
Red,士林,2019-02-17,60221.0
Red,芝山,2019-02-17,44433.0
Red,明德,2019-02-17,16813.0
Red,石牌,2019-02-17,47699.0
Red,唭哩岸,2019-02-17,12361.0
Red,奇岩,2019-02-17,13464.0
Red,北投,2019-02-17,33518.0
Red,新北投,2019-02-17,15672.0
Red,復興崗,2019-02-17,6500.0
Red,忠義,2019-02-17,3823.0
Red,關渡,2019-02-17,20708.0
Red,竹圍,2019-02-17,16101.0
Red,紅樹林,2019-02-17,20353.0
Red,淡水,2019-02-17,91489.0
Red,象山,2019-02-17,20200.0
Red,台北101/世貿,2019-02-17,102908.0
Red,信義安和,2019-02-17,26117.0
Red,大安森林公園,2019-02-17,23533.0
Red,東門,2019-02-17,28785.0
Red,大安,2019-02-17,16946.5
Red,中正紀念堂,2019-02-18,34270.0
Red,台大醫院,2019-02-18,54199.0
Red,台北車站,2019-02-18,151042.5
Red,中山,2019-02-18,44594.0
Red,雙連,2019-02-18,48324.0
Red,民權西路,2019-02-18,30208.0
Red,圓山,2019-02-18,56277.0
Red,劍潭,2019-02-18,69813.0
Red,士林,2019-02-18,59454.0
Red,芝山,2019-02-18,48392.0
Red,明德,2019-02-18,27568.0
Red,石牌,2019-02-18,67500.0
Red,唭哩岸,2019-02-18,15325.0
Red,奇岩,2019-02-18,18745.0
Red,北投,2019-02-18,38138.0
Red,新北投,2019-02-18,11552.0
Red,復興崗,2019-02-18,7390.0
Red,忠義,2019-02-18,7138.0
Red,關渡,2019-02-18,27634.0
Red,竹圍,2019-02-18,19493.0
Red,紅樹林,2019-02-18,19099.0
Red,淡水,2019-02-18,74570.0
Red,象山,2019-02-18,27717.0
Red,台北101/世貿,2019-02-18,68365.0
Red,信義安和,2019-02-18,38527.0
Red,大安森林公園,2019-02-18,15703.0
Red,東門,2019-02-18,28153.0
Red,大安,2019-02-18,29819.5
Red,中正紀念堂,2019-02-19,35766.0
Red,台大醫院,2019-02-19,54412.0
Red,台北車站,2019-02-19,145050.5
Red,中山,2019-02-19,45235.5
Red,雙連,2019-02-19,47940.0
Red,民權西路,2019-02-19,30133.0
Red,圓山,2019-02-19,58601.0
Red,劍潭,2019-02-19,71517.0
Red,士林,2019-02-19,61838.0
Red,芝山,2019-02-19,49042.0
Red,明德,2019-02-19,27822.0
Red,石牌,2019-02-19,67065.0
Red,唭哩岸,2019-02-19,15283.0
Red,奇岩,2019-02-19,19387.0
Red,北投,2019-02-19,39018.0
Red,新北投,2019-02-19,12020.0
Red,復興崗,2019-02-19,7651.0
Red,忠義,2019-02-19,7536.0
Red,關渡,2019-02-19,28584.0
Red,竹圍,2019-02-19,20006.0
Red,紅樹林,2019-02-19,19762.0
Red,淡水,2019-02-19,76730.0
Red,象山,2019-02-19,28261.0
Red,台北101/世貿,2019-02-19,66236.0
Red,信義安和,2019-02-19,39877.0
Red,大安森林公園,2019-02-19,16752.0
Red,東門,2019-02-19,29354.0
Red,大安,2019-02-19,29637.5
Red,中正紀念堂,2019-02-20,34970.0
Red,台大醫院,2019-02-20,55687.0
Red,台北車站,2019-02-20,150857.0
Red,中山,2019-02-20,47926.5
Red,雙連,2019-02-20,48604.0
Red,民權西路,2019-02-20,30584.0
Red,圓山,2019-02-20,59167.0
Red,劍潭,2019-02-20,75929.0
Red,士林,2019-02-20,63201.0
Red,芝山,2019-02-20,50252.0
Red,明德,2019-02-20,28406.0
Red,石牌,2019-02-20,69371.0
Red,唭哩岸,2019-02-20,15687.0
Red,奇岩,2019-02-20,19747.0
Red,北投,2019-02-20,40407.0
Red,新北投,2019-02-20,12606.0
Red,復興崗,2019-02-20,7796.0
Red,忠義,2019-02-20,7535.0
Red,關渡,2019-02-20,28561.0
Red,竹圍,2019-02-20,20132.0
Red,紅樹林,2019-02-20,21636.0
Red,淡水,2019-02-20,80504.0
Red,象山,2019-02-20,29318.0
Red,台北101/世貿,2019-02-20,65037.0
Red,信義安和,2019-02-20,39857.0
Red,大安森林公園,2019-02-20,16642.0
Red,東門,2019-02-20,29151.0
Red,大安,2019-02-20,29547.0
Red,中正紀念堂,2019-02-21,35526.0
Red,台大醫院,2019-02-21,55310.0
Red,台北車站,2019-02-21,149685.0
Red,中山,2019-02-21,47360.5
Red,雙連,2019-02-21,48410.0
Red,民權西路,2019-02-21,30191.0
Red,圓山,2019-02-21,60253.0
Red,劍潭,2019-02-21,75357.0
Red,士林,2019-02-21,67724.0
Red,芝山,2019-02-21,50461.0
Red,明德,2019-02-21,28520.0
Red,石牌,2019-02-21,68910.0
Red,唭哩岸,2019-02-21,15675.0
Red,奇岩,2019-02-21,19472.0
Red,北投,2019-02-21,40354.0
Red,新北投,2019-02-21,12956.0
Red,復興崗,2019-02-21,7567.0
Red,忠義,2019-02-21,7562.0
Red,關渡,2019-02-21,27336.0
Red,竹圍,2019-02-21,19992.0
Red,紅樹林,2019-02-21,21204.0
Red,淡水,2019-02-21,79354.0
Red,象山,2019-02-21,28379.0
Red,台北101/世貿,2019-02-21,66629.0
Red,信義安和,2019-02-21,40313.0
Red,大安森林公園,2019-02-21,16651.0
Red,東門,2019-02-21,30007.5
Red,大安,2019-02-21,29507.5
Red,中正紀念堂,2019-02-22,38227.0
Red,台大醫院,2019-02-22,55441.0
Red,台北車站,2019-02-22,165377.0
Red,中山,2019-02-22,50970.5
Red,雙連,2019-02-22,50478.0
Red,民權西路,2019-02-22,31282.0
Red,圓山,2019-02-22,58409.0
Red,劍潭,2019-02-22,72810.0
Red,士林,2019-02-22,67844.0
Red,芝山,2019-02-22,51671.0
Red,明德,2019-02-22,28360.0
Red,石牌,2019-02-22,70016.0
Red,唭哩岸,2019-02-22,15627.0
Red,奇岩,2019-02-22,19386.0
Red,北投,2019-02-22,40475.0
Red,新北投,2019-02-22,14100.0
Red,復興崗,2019-02-22,7702.0
Red,忠義,2019-02-22,7487.0
Red,關渡,2019-02-22,26633.0
Red,竹圍,2019-02-22,20498.0
Red,紅樹林,2019-02-22,19804.0
Red,淡水,2019-02-22,75096.0
Red,象山,2019-02-22,27393.0
Red,台北101/世貿,2019-02-22,76518.0
Red,信義安和,2019-02-22,42346.0
Red,大安森林公園,2019-02-22,16800.0
Red,東門,2019-02-22,30826.5
Red,大安,2019-02-22,30955.5
Red,中正紀念堂,2019-02-23,39040.0
Red,台大醫院,2019-02-23,35113.0
Red,台北車站,2019-02-23,173745.0
Red,中山,2019-02-23,57856.5
Red,雙連,2019-02-23,45695.0
Red,民權西路,2019-02-23,30537.0
Red,圓山,2019-02-23,59861.0
Red,劍潭,2019-02-23,74443.0
Red,士林,2019-02-23,72854.0
Red,芝山,2019-02-23,49858.0
Red,明德,2019-02-23,25825.0
Red,石牌,2019-02-23,63046.0
Red,唭哩岸,2019-02-23,15094.0
Red,奇岩,2019-02-23,16404.0
Red,北投,2019-02-23,41835.0
Red,新北投,2019-02-23,17333.0
Red,復興崗,2019-02-23,7969.0
Red,忠義,2019-02-23,4589.0
Red,關渡,2019-02-23,20467.0
Red,竹圍,2019-02-23,19266.0
Red,紅樹林,2019-02-23,20710.0
Red,淡水,2019-02-23,79442.0
Red,象山,2019-02-23,26850.0
Red,台北101/世貿,2019-02-23,84320.0
Red,信義安和,2019-02-23,39839.0
Red,大安森林公園,2019-02-23,20034.0
Red,東門,2019-02-23,32648.0
Red,大安,2019-02-23,28436.0
Red,中正紀念堂,2019-02-24,25678.0
Red,台大醫院,2019-02-24,21770.0
Red,台北車站,2019-02-24,163512.5
Red,中山,2019-02-24,45341.5
Red,雙連,2019-02-24,29117.0
Red,民權西路,2019-02-24,21590.0
Red,圓山,2019-02-24,45790.0
Red,劍潭,2019-02-24,48365.0
Red,士林,2019-02-24,45384.0
Red,芝山,2019-02-24,37126.0
Red,明德,2019-02-24,14763.0
Red,石牌,2019-02-24,40173.0
Red,唭哩岸,2019-02-24,10488.0
Red,奇岩,2019-02-24,11061.0
Red,北投,2019-02-24,27026.0
Red,新北投,2019-02-24,12679.0
Red,復興崗,2019-02-24,5314.0
Red,忠義,2019-02-24,2952.0
Red,關渡,2019-02-24,13613.0
Red,竹圍,2019-02-24,13052.0
Red,紅樹林,2019-02-24,13792.0
Red,淡水,2019-02-24,52037.0
Red,象山,2019-02-24,13230.0
Red,台北101/世貿,2019-02-24,66095.0
Red,信義安和,2019-02-24,22667.0
Red,大安森林公園,2019-02-24,15388.0
Red,東門,2019-02-24,24658.5
Red,大安,2019-02-24,16450.5
Red,中正紀念堂,2019-02-25,33864.0
Red,台大醫院,2019-02-25,54356.0
Red,台北車站,2019-02-25,146756.5
Red,中山,2019-02-25,43837.0
Red,雙連,2019-02-25,48177.0
Red,民權西路,2019-02-25,29834.0
Red,圓山,2019-02-25,54931.0
Red,劍潭,2019-02-25,68717.0
Red,士林,2019-02-25,64427.0
Red,芝山,2019-02-25,47807.0
Red,明德,2019-02-25,27934.0
Red,石牌,2019-02-25,67112.0
Red,唭哩岸,2019-02-25,14958.0
Red,奇岩,2019-02-25,18949.0
Red,北投,2019-02-25,38423.0
Red,新北投,2019-02-25,11334.0
Red,復興崗,2019-02-25,7331.0
Red,忠義,2019-02-25,7201.0
Red,關渡,2019-02-25,27999.0
Red,竹圍,2019-02-25,20002.0
Red,紅樹林,2019-02-25,19092.0
Red,淡水,2019-02-25,72050.0
Red,象山,2019-02-25,27053.0
Red,台北101/世貿,2019-02-25,70245.0
Red,信義安和,2019-02-25,38600.0
Red,大安森林公園,2019-02-25,15733.0
Red,東門,2019-02-25,27202.0
Red,大安,2019-02-25,29363.5
Red,中正紀念堂,2019-02-26,36428.0
Red,台大醫院,2019-02-26,55915.0
Red,台北車站,2019-02-26,149198.5
Red,中山,2019-02-26,45440.5
Red,雙連,2019-02-26,48912.0
Red,民權西路,2019-02-26,30454.5
Red,圓山,2019-02-26,59746.0
Red,劍潭,2019-02-26,71838.0
Red,士林,2019-02-26,74867.0
Red,芝山,2019-02-26,50183.0
Red,明德,2019-02-26,28849.0
Red,石牌,2019-02-26,69418.0
Red,唭哩岸,2019-02-26,15369.0
Red,奇岩,2019-02-26,19375.0
Red,北投,2019-02-26,40124.0
Red,新北投,2019-02-26,13205.0
Red,復興崗,2019-02-26,8228.0
Red,忠義,2019-02-26,7537.0
Red,關渡,2019-02-26,28384.0
Red,竹圍,2019-02-26,20567.0
Red,紅樹林,2019-02-26,20386.0
Red,淡水,2019-02-26,75048.0
Red,象山,2019-02-26,28525.0
Red,台北101/世貿,2019-02-26,63298.0
Red,信義安和,2019-02-26,39189.0
Red,大安森林公園,2019-02-26,16831.0
Red,東門,2019-02-26,27875.5
Red,大安,2019-02-26,30794.0
Red,中正紀念堂,2019-02-27,37824.0
Red,台大醫院,2019-02-27,56663.0
Red,台北車站,2019-02-27,186237.0
Red,中山,2019-02-27,49675.5
Red,雙連,2019-02-27,51174.0
Red,民權西路,2019-02-27,32757.0
Red,圓山,2019-02-27,62813.0
Red,劍潭,2019-02-27,80050.0
Red,士林,2019-02-27,82094.0
Red,芝山,2019-02-27,52829.0
Red,明德,2019-02-27,29512.0
Red,石牌,2019-02-27,73414.0
Red,唭哩岸,2019-02-27,16413.0
Red,奇岩,2019-02-27,19775.0
Red,北投,2019-02-27,43060.0
Red,新北投,2019-02-27,12939.0
Red,復興崗,2019-02-27,8067.0
Red,忠義,2019-02-27,7662.0
Red,關渡,2019-02-27,30240.0
Red,竹圍,2019-02-27,21538.0
Red,紅樹林,2019-02-27,22487.0
Red,淡水,2019-02-27,87979.0
Red,象山,2019-02-27,29324.0
Red,台北101/世貿,2019-02-27,66908.0
Red,信義安和,2019-02-27,41873.0
Red,大安森林公園,2019-02-27,17571.0
Red,東門,2019-02-27,29641.5
Red,大安,2019-02-27,31196.5
Red,中正紀念堂,2019-02-28,27999.0
Red,台大醫院,2019-02-28,26473.0
Red,台北車站,2019-02-28,186462.5
Red,中山,2019-02-28,52407.5
Red,雙連,2019-02-28,35970.0
Red,民權西路,2019-02-28,23979.0
Red,圓山,2019-02-28,53091.0
Red,劍潭,2019-02-28,85231.0
Red,士林,2019-02-28,87869.0
Red,芝山,2019-02-28,43096.0
Red,明德,2019-02-28,17140.0
Red,石牌,2019-02-28,47593.0
Red,唭哩岸,2019-02-28,12173.0
Red,奇岩,2019-02-28,12926.0
Red,北投,2019-02-28,33286.0
Red,新北投,2019-02-28,18851.0
Red,復興崗,2019-02-28,6387.0
Red,忠義,2019-02-28,5337.0
Red,關渡,2019-02-28,19191.0
Red,竹圍,2019-02-28,17199.0
Red,紅樹林,2019-02-28,27076.0
Red,淡水,2019-02-28,107398.0
Red,象山,2019-02-28,23632.0
Red,台北101/世貿,2019-02-28,67657.0
Red,信義安和,2019-02-28,28452.0
Red,大安森林公園,2019-02-28,15441.0
Red,東門,2019-02-28,26880.5
Red,大安,2019-02-28,17382.5
Red,中正紀念堂,2019-03-01,35229.5
Red,台大醫院,2019-03-01,37842.0
Red,台北車站,2019-03-01,194757.0
Red,中山,2019-03-01,53754.5
Red,雙連,2019-03-01,44164.0
Red,民權西路,2019-03-01,24937.0
Red,圓山,2019-03-01,58917.0
Red,劍潭,2019-03-01,98556.0
Red,士林,2019-03-01,110277.0
Red,芝山,2019-03-01,44459.0
Red,明德,2019-03-01,17355.0
Red,石牌,2019-03-01,52939.0
Red,唭哩岸,2019-03-01,12788.0
Red,奇岩,2019-03-01,14232.0
Red,北投,2019-03-01,35775.0
Red,新北投,2019-03-01,22156.0
Red,復興崗,2019-03-01,6391.0
Red,忠義,2019-03-01,5526.0
Red,關渡,2019-03-01,21647.0
Red,竹圍,2019-03-01,18841.0
Red,紅樹林,2019-03-01,31897.0
Red,淡水,2019-03-01,136490.0
Red,象山,2019-03-01,26911.0
Red,台北101/世貿,2019-03-01,69839.0
Red,信義安和,2019-03-01,28624.0
Red,大安森林公園,2019-03-01,20080.0
Red,東門,2019-03-01,28505.0
Red,大安,2019-03-01,18219.5
Red,中正紀念堂,2019-03-02,36700.0
Red,台大醫院,2019-03-02,24443.0
Red,台北車站,2019-03-02,196859.5
Red,中山,2019-03-02,52277.0
Red,雙連,2019-03-02,40529.0
Red,民權西路,2019-03-02,24976.0
Red,圓山,2019-03-02,67353.0
Red,劍潭,2019-03-02,94487.0
Red,士林,2019-03-02,106395.0
Red,芝山,2019-03-02,43375.0
Red,明德,2019-03-02,17374.0
Red,石牌,2019-03-02,51389.0
Red,唭哩岸,2019-03-02,13023.0
Red,奇岩,2019-03-02,13857.0
Red,北投,2019-03-02,35497.0
Red,新北投,2019-03-02,20039.0
Red,復興崗,2019-03-02,6408.0
Red,忠義,2019-03-02,4582.0
Red,關渡,2019-03-02,21083.0
Red,竹圍,2019-03-02,19032.0
Red,紅樹林,2019-03-02,30663.0
Red,淡水,2019-03-02,134969.0
Red,象山,2019-03-02,26425.0
Red,台北101/世貿,2019-03-02,69636.0
Red,信義安和,2019-03-02,28289.0
Red,大安森林公園,2019-03-02,25067.0
Red,東門,2019-03-02,28696.0
Red,大安,2019-03-02,17866.0
Red,中正紀念堂,2019-03-03,24108.5
Red,台大醫院,2019-03-03,18949.0
Red,台北車站,2019-03-03,178091.5
Red,中山,2019-03-03,40697.5
Red,雙連,2019-03-03,26511.0
Red,民權西路,2019-03-03,20554.5
Red,圓山,2019-03-03,41110.0
Red,劍潭,2019-03-03,51618.0
Red,士林,2019-03-03,52306.0
Red,芝山,2019-03-03,36500.0
Red,明德,2019-03-03,14068.0
Red,石牌,2019-03-03,38822.0
Red,唭哩岸,2019-03-03,10109.0
Red,奇岩,2019-03-03,9394.0
Red,北投,2019-03-03,26994.0
Red,新北投,2019-03-03,11758.0
Red,復興崗,2019-03-03,4702.0
Red,忠義,2019-03-03,2917.0
Red,關渡,2019-03-03,13871.0
Red,竹圍,2019-03-03,12789.0
Red,紅樹林,2019-03-03,16115.0
Red,淡水,2019-03-03,60636.0
Red,象山,2019-03-03,14009.0
Red,台北101/世貿,2019-03-03,51718.0
Red,信義安和,2019-03-03,21183.0
Red,大安森林公園,2019-03-03,15201.0
Red,東門,2019-03-03,22225.5
Red,大安,2019-03-03,13727.0
Red,中正紀念堂,2019-03-04,32880.5
Red,台大醫院,2019-03-04,53294.0
Red,台北車站,2019-03-04,146503.0
Red,中山,2019-03-04,42111.0
Red,雙連,2019-03-04,46602.0
Red,民權西路,2019-03-04,29766.5
Red,圓山,2019-03-04,54103.0
Red,劍潭,2019-03-04,67554.0
Red,士林,2019-03-04,61342.0
Red,芝山,2019-03-04,47730.0
Red,明德,2019-03-04,28014.0
Red,石牌,2019-03-04,67419.0
Red,唭哩岸,2019-03-04,15236.0
Red,奇岩,2019-03-04,18565.0
Red,北投,2019-03-04,38495.0
Red,新北投,2019-03-04,11091.0
Red,復興崗,2019-03-04,7369.0
Red,忠義,2019-03-04,7119.0
Red,關渡,2019-03-04,27866.0
Red,竹圍,2019-03-04,20005.0
Red,紅樹林,2019-03-04,20698.0
Red,淡水,2019-03-04,75446.0
Red,象山,2019-03-04,27429.0
Red,台北101/世貿,2019-03-04,61148.0
Red,信義安和,2019-03-04,37368.0
Red,大安森林公園,2019-03-04,16195.0
Red,東門,2019-03-04,26313.0
Red,大安,2019-03-04,28849.5
Red,中正紀念堂,2019-03-05,35828.5
Red,台大醫院,2019-03-05,55344.0
Red,台北車站,2019-03-05,140879.5
Red,中山,2019-03-05,44380.5
Red,雙連,2019-03-05,47683.0
Red,民權西路,2019-03-05,30491.0
Red,圓山,2019-03-05,57709.0
Red,劍潭,2019-03-05,70925.0
Red,士林,2019-03-05,63003.0
Red,芝山,2019-03-05,49640.0
Red,明德,2019-03-05,27846.0
Red,石牌,2019-03-05,67682.0
Red,唭哩岸,2019-03-05,15325.0
Red,奇岩,2019-03-05,19109.0
Red,北投,2019-03-05,40438.0
Red,新北投,2019-03-05,12179.0
Red,復興崗,2019-03-05,7746.0
Red,忠義,2019-03-05,7553.0
Red,關渡,2019-03-05,28610.0
Red,竹圍,2019-03-05,20694.0
Red,紅樹林,2019-03-05,21425.0
Red,淡水,2019-03-05,75372.0
Red,象山,2019-03-05,28065.0
Red,台北101/世貿,2019-03-05,63413.0
Red,信義安和,2019-03-05,38220.0
Red,大安森林公園,2019-03-05,16566.0
Red,東門,2019-03-05,28053.0
Red,大安,2019-03-05,30932.5
Red,中正紀念堂,2019-03-06,35770.0
Red,台大醫院,2019-03-06,54924.0
Red,台北車站,2019-03-06,142794.5
Red,中山,2019-03-06,46385.5
Red,雙連,2019-03-06,48254.0
Red,民權西路,2019-03-06,30656.0
Red,圓山,2019-03-06,56457.0
Red,劍潭,2019-03-06,66881.0
Red,士林,2019-03-06,59686.0
Red,芝山,2019-03-06,49020.0
Red,明德,2019-03-06,26917.0
Red,石牌,2019-03-06,67824.0
Red,唭哩岸,2019-03-06,15536.0
Red,奇岩,2019-03-06,18788.0
Red,北投,2019-03-06,38558.0
Red,新北投,2019-03-06,11963.0
Red,復興崗,2019-03-06,7756.0
Red,忠義,2019-03-06,7530.0
Red,關渡,2019-03-06,28414.0
Red,竹圍,2019-03-06,19931.0
Red,紅樹林,2019-03-06,19577.0
Red,淡水,2019-03-06,69598.0
Red,象山,2019-03-06,26254.0
Red,台北101/世貿,2019-03-06,66503.0
Red,信義安和,2019-03-06,39835.0
Red,大安森林公園,2019-03-06,16253.0
Red,東門,2019-03-06,28300.0
Red,大安,2019-03-06,30600.5
Red,中正紀念堂,2019-03-07,35102.5
Red,台大醫院,2019-03-07,56138.0
Red,台北車站,2019-03-07,149470.5
Red,中山,2019-03-07,46934.5
Red,雙連,2019-03-07,48384.0
Red,民權西路,2019-03-07,30177.0
Red,圓山,2019-03-07,55711.0
Red,劍潭,2019-03-07,67542.0
Red,士林,2019-03-07,58636.0
Red,芝山,2019-03-07,48352.0
Red,明德,2019-03-07,26925.0
Red,石牌,2019-03-07,66860.0
Red,唭哩岸,2019-03-07,15865.0
Red,奇岩,2019-03-07,19175.0
Red,北投,2019-03-07,37441.0
Red,新北投,2019-03-07,11890.0
Red,復興崗,2019-03-07,7727.0
Red,忠義,2019-03-07,7436.0
Red,關渡,2019-03-07,27835.0
Red,竹圍,2019-03-07,19466.0
Red,紅樹林,2019-03-07,18675.0
Red,淡水,2019-03-07,65656.0
Red,象山,2019-03-07,26692.0
Red,台北101/世貿,2019-03-07,71274.0
Red,信義安和,2019-03-07,41097.0
Red,大安森林公園,2019-03-07,15735.0
Red,東門,2019-03-07,29095.0
Red,大安,2019-03-07,32181.5
Red,中正紀念堂,2019-03-08,40329.5
Red,台大醫院,2019-03-08,58298.0
Red,台北車站,2019-03-08,181345.0
Red,中山,2019-03-08,54803.5
Red,雙連,2019-03-08,51746.0
Red,民權西路,2019-03-08,33399.5
Red,圓山,2019-03-08,60154.0
Red,劍潭,2019-03-08,76435.0
Red,士林,2019-03-08,65516.0
Red,芝山,2019-03-08,53261.0
Red,明德,2019-03-08,28258.0
Red,石牌,2019-03-08,71469.0
Red,唭哩岸,2019-03-08,16513.0
Red,奇岩,2019-03-08,20393.0
Red,北投,2019-03-08,41891.0
Red,新北投,2019-03-08,14188.0
Red,復興崗,2019-03-08,8129.0
Red,忠義,2019-03-08,7744.0
Red,關渡,2019-03-08,29113.0
Red,竹圍,2019-03-08,21092.0
Red,紅樹林,2019-03-08,20466.0
Red,淡水,2019-03-08,75356.0
Red,象山,2019-03-08,28435.0
Red,台北101/世貿,2019-03-08,77223.0
Red,信義安和,2019-03-08,44446.0
Red,大安森林公園,2019-03-08,18011.0
Red,東門,2019-03-08,33186.5
Red,大安,2019-03-08,35009.0
Red,中正紀念堂,2019-03-09,32351.5
Red,台大醫院,2019-03-09,27858.0
Red,台北車站,2019-03-09,179638.5
Red,中山,2019-03-09,57893.5
Red,雙連,2019-03-09,42957.0
Red,民權西路,2019-03-09,24931.0
Red,圓山,2019-03-09,64647.0
Red,劍潭,2019-03-09,61934.0
Red,士林,2019-03-09,53609.0
Red,芝山,2019-03-09,42775.0
Red,明德,2019-03-09,20117.0
Red,石牌,2019-03-09,53088.0
Red,唭哩岸,2019-03-09,13058.0
Red,奇岩,2019-03-09,12868.0
Red,北投,2019-03-09,31340.0
Red,新北投,2019-03-09,15422.0
Red,復興崗,2019-03-09,6354.0
Red,忠義,2019-03-09,3739.0
Red,關渡,2019-03-09,17083.0
Red,竹圍,2019-03-09,17011.0
Red,紅樹林,2019-03-09,17020.0
Red,淡水,2019-03-09,61379.0
Red,象山,2019-03-09,18468.0
Red,台北101/世貿,2019-03-09,68582.0
Red,信義安和,2019-03-09,30353.0
Red,大安森林公園,2019-03-09,18058.0
Red,東門,2019-03-09,30914.5
Red,大安,2019-03-09,24858.5
Red,中正紀念堂,2019-03-10,30087.0
Red,台大醫院,2019-03-10,23443.0
Red,台北車站,2019-03-10,172885.5
Red,中山,2019-03-10,49301.5
Red,雙連,2019-03-10,31289.0
Red,民權西路,2019-03-10,22298.0
Red,圓山,2019-03-10,48449.0
Red,劍潭,2019-03-10,60060.0
Red,士林,2019-03-10,50401.0
Red,芝山,2019-03-10,42517.0
Red,明德,2019-03-10,15599.0
Red,石牌,2019-03-10,43424.0
Red,唭哩岸,2019-03-10,10958.0
Red,奇岩,2019-03-10,10918.0
Red,北投,2019-03-10,29824.0
Red,新北投,2019-03-10,13940.0
Red,復興崗,2019-03-10,5355.0
Red,忠義,2019-03-10,3142.0
Red,關渡,2019-03-10,15366.0
Red,竹圍,2019-03-10,14458.0
Red,紅樹林,2019-03-10,16461.0
Red,淡水,2019-03-10,64093.0
Red,象山,2019-03-10,15511.0
Red,台北101/世貿,2019-03-10,53674.0
Red,信義安和,2019-03-10,22945.0
Red,大安森林公園,2019-03-10,17353.0
Red,東門,2019-03-10,26611.0
Red,大安,2019-03-10,16755.5
Red,中正紀念堂,2019-03-11,34739.0
Red,台大醫院,2019-03-11,55039.0
Red,台北車站,2019-03-11,148794.0
Red,中山,2019-03-11,45511.0
Red,雙連,2019-03-11,48370.0
Red,民權西路,2019-03-11,30470.5
Red,圓山,2019-03-11,54800.0
Red,劍潭,2019-03-11,71469.0
Red,士林,2019-03-11,59674.0
Red,芝山,2019-03-11,48423.0
Red,明德,2019-03-11,27591.0
Red,石牌,2019-03-11,68144.0
Red,唭哩岸,2019-03-11,14974.0
Red,奇岩,2019-03-11,18339.0
Red,北投,2019-03-11,39274.0
Red,新北投,2019-03-11,11868.0
Red,復興崗,2019-03-11,7413.0
Red,忠義,2019-03-11,7408.0
Red,關渡,2019-03-11,28234.0
Red,竹圍,2019-03-11,20157.0
Red,紅樹林,2019-03-11,19928.0
Red,淡水,2019-03-11,75152.0
Red,象山,2019-03-11,29213.0
Red,台北101/世貿,2019-03-11,62326.0
Red,信義安和,2019-03-11,38391.0
Red,大安森林公園,2019-03-11,16032.0
Red,東門,2019-03-11,28242.0
Red,大安,2019-03-11,29466.0
Red,中正紀念堂,2019-03-12,36825.0
Red,台大醫院,2019-03-12,56802.0
Red,台北車站,2019-03-12,148643.0
Red,中山,2019-03-12,47202.0
Red,雙連,2019-03-12,50327.0
Red,民權西路,2019-03-12,31611.0
Red,圓山,2019-03-12,59155.0
Red,劍潭,2019-03-12,74660.0
Red,士林,2019-03-12,63654.0
Red,芝山,2019-03-12,50209.0
Red,明德,2019-03-12,28778.0
Red,石牌,2019-03-12,70160.0
Red,唭哩岸,2019-03-12,15714.0
Red,奇岩,2019-03-12,19628.0
Red,北投,2019-03-12,40958.0
Red,新北投,2019-03-12,12674.0
Red,復興崗,2019-03-12,7732.0
Red,忠義,2019-03-12,7668.0
Red,關渡,2019-03-12,29175.0
Red,竹圍,2019-03-12,21019.0
Red,紅樹林,2019-03-12,21665.0
Red,淡水,2019-03-12,80332.0
Red,象山,2019-03-12,29445.0
Red,台北101/世貿,2019-03-12,63928.0
Red,信義安和,2019-03-12,39778.0
Red,大安森林公園,2019-03-12,17791.0
Red,東門,2019-03-12,28922.0
Red,大安,2019-03-12,30336.0
Red,中正紀念堂,2019-03-13,36844.5
Red,台大醫院,2019-03-13,57258.0
Red,台北車站,2019-03-13,148748.0
Red,中山,2019-03-13,48868.0
Red,雙連,2019-03-13,49972.0
Red,民權西路,2019-03-13,31721.5
Red,圓山,2019-03-13,58242.0
Red,劍潭,2019-03-13,75462.0
Red,士林,2019-03-13,63600.0
Red,芝山,2019-03-13,51219.0
Red,明德,2019-03-13,28355.0
Red,石牌,2019-03-13,70560.0
Red,唭哩岸,2019-03-13,15793.0
Red,奇岩,2019-03-13,19245.0
Red,北投,2019-03-13,41052.0
Red,新北投,2019-03-13,13125.0
Red,復興崗,2019-03-13,7960.0
Red,忠義,2019-03-13,7855.0
Red,關渡,2019-03-13,28895.0
Red,竹圍,2019-03-13,20870.0
Red,紅樹林,2019-03-13,21498.0
Red,淡水,2019-03-13,79498.0
Red,象山,2019-03-13,29023.0
Red,台北101/世貿,2019-03-13,64594.0
Red,信義安和,2019-03-13,39558.0
Red,大安森林公園,2019-03-13,17743.0
Red,東門,2019-03-13,30099.0
Red,大安,2019-03-13,30394.5
Red,中正紀念堂,2019-03-14,36596.5
Red,台大醫院,2019-03-14,56240.0
Red,台北車站,2019-03-14,151816.0
Red,中山,2019-03-14,48710.5
Red,雙連,2019-03-14,48796.0
Red,民權西路,2019-03-14,31785.5
Red,圓山,2019-03-14,57210.0
Red,劍潭,2019-03-14,72616.0
Red,士林,2019-03-14,62565.0
Red,芝山,2019-03-14,50232.0
Red,明德,2019-03-14,28146.0
Red,石牌,2019-03-14,68871.0
Red,唭哩岸,2019-03-14,15168.0
Red,奇岩,2019-03-14,19328.0
Red,北投,2019-03-14,40295.0
Red,新北投,2019-03-14,12645.0
Red,復興崗,2019-03-14,7701.0
Red,忠義,2019-03-14,7342.0
Red,關渡,2019-03-14,27727.0
Red,竹圍,2019-03-14,20323.0
Red,紅樹林,2019-03-14,20394.0
Red,淡水,2019-03-14,75846.0
Red,象山,2019-03-14,29301.0
Red,台北101/世貿,2019-03-14,73402.0
Red,信義安和,2019-03-14,39862.0
Red,大安森林公園,2019-03-14,17759.0
Red,東門,2019-03-14,29861.0
Red,大安,2019-03-14,31101.0
Red,中正紀念堂,2019-03-15,39983.0
Red,台大醫院,2019-03-15,56349.0
Red,台北車站,2019-03-15,186820.5
Red,中山,2019-03-15,55805.0
Red,雙連,2019-03-15,52516.0
Red,民權西路,2019-03-15,33760.5
Red,圓山,2019-03-15,62551.0
Red,劍潭,2019-03-15,80962.0
Red,士林,2019-03-15,67246.0
Red,芝山,2019-03-15,54093.0
Red,明德,2019-03-15,28754.0
Red,石牌,2019-03-15,72138.0
Red,唭哩岸,2019-03-15,16042.0
Red,奇岩,2019-03-15,19732.0
Red,北投,2019-03-15,43235.0
Red,新北投,2019-03-15,13893.0
Red,復興崗,2019-03-15,8248.0
Red,忠義,2019-03-15,7851.0
Red,關渡,2019-03-15,28968.0
Red,竹圍,2019-03-15,21491.0
Red,紅樹林,2019-03-15,22062.0
Red,淡水,2019-03-15,84653.0
Red,象山,2019-03-15,30785.0
Red,台北101/世貿,2019-03-15,79651.0
Red,信義安和,2019-03-15,43576.0
Red,大安森林公園,2019-03-15,18807.0
Red,東門,2019-03-15,33153.5
Red,大安,2019-03-15,32703.0
Red,中正紀念堂,2019-03-16,36068.5
Red,台大醫院,2019-03-16,27852.0
Red,台北車站,2019-03-16,192663.5
Red,中山,2019-03-16,58327.5
Red,雙連,2019-03-16,43819.0
Red,民權西路,2019-03-16,26616.0
Red,圓山,2019-03-16,56532.0
Red,劍潭,2019-03-16,81962.0
Red,士林,2019-03-16,64376.0
Red,芝山,2019-03-16,44528.0
Red,明德,2019-03-16,20676.0
Red,石牌,2019-03-16,58503.0
Red,唭哩岸,2019-03-16,13853.0
Red,奇岩,2019-03-16,14299.0
Red,北投,2019-03-16,35795.0
Red,新北投,2019-03-16,15468.0
Red,復興崗,2019-03-16,6475.0
Red,忠義,2019-03-16,4091.0
Red,關渡,2019-03-16,19917.0
Red,竹圍,2019-03-16,18350.0
Red,紅樹林,2019-03-16,21040.0
Red,淡水,2019-03-16,86643.0
Red,象山,2019-03-16,23375.0
Red,台北101/世貿,2019-03-16,84898.0
Red,信義安和,2019-03-16,31970.0
Red,大安森林公園,2019-03-16,23287.0
Red,東門,2019-03-16,31374.0
Red,大安,2019-03-16,21467.0
Red,中正紀念堂,2019-03-17,34883.5
Red,台大醫院,2019-03-17,23959.0
Red,台北車站,2019-03-17,191553.5
Red,中山,2019-03-17,46668.5
Red,雙連,2019-03-17,31797.0
Red,民權西路,2019-03-17,24764.5
Red,圓山,2019-03-17,55059.0
Red,劍潭,2019-03-17,67781.0
Red,士林,2019-03-17,52605.0
Red,芝山,2019-03-17,38498.0
Red,明德,2019-03-17,16455.0
Red,石牌,2019-03-17,46503.0
Red,唭哩岸,2019-03-17,11822.0
Red,奇岩,2019-03-17,11895.0
Red,北投,2019-03-17,31849.0
Red,新北投,2019-03-17,14370.0
Red,復興崗,2019-03-17,5640.0
Red,忠義,2019-03-17,3531.0
Red,關渡,2019-03-17,18224.0
Red,竹圍,2019-03-17,16156.0
Red,紅樹林,2019-03-17,21373.0
Red,淡水,2019-03-17,89173.0
Red,象山,2019-03-17,20383.0
Red,台北101/世貿,2019-03-17,72587.0
Red,信義安和,2019-03-17,24224.0
Red,大安森林公園,2019-03-17,22566.0
Red,東門,2019-03-17,28584.0
Red,大安,2019-03-17,18164.0
Red,中正紀念堂,2019-03-18,35566.5
Red,台大醫院,2019-03-18,54669.0
Red,台北車站,2019-03-18,152207.0
Red,中山,2019-03-18,45053.0
Red,雙連,2019-03-18,48620.0
Red,民權西路,2019-03-18,30490.0
Red,圓山,2019-03-18,55258.0
Red,劍潭,2019-03-18,70336.0
Red,士林,2019-03-18,59359.0
Red,芝山,2019-03-18,47943.0
Red,明德,2019-03-18,27744.0
Red,石牌,2019-03-18,67415.0
Red,唭哩岸,2019-03-18,14821.0
Red,奇岩,2019-03-18,18630.0
Red,北投,2019-03-18,38902.0
Red,新北投,2019-03-18,11112.0
Red,復興崗,2019-03-18,7303.0
Red,忠義,2019-03-18,7099.0
Red,關渡,2019-03-18,27305.0
Red,竹圍,2019-03-18,20105.0
Red,紅樹林,2019-03-18,19914.0
Red,淡水,2019-03-18,75635.0
Red,象山,2019-03-18,28471.0
Red,台北101/世貿,2019-03-18,71609.0
Red,信義安和,2019-03-18,38229.0
Red,大安森林公園,2019-03-18,16417.0
Red,東門,2019-03-18,28610.0
Red,大安,2019-03-18,29581.0
Red,中正紀念堂,2019-03-19,36642.5
Red,台大醫院,2019-03-19,56264.0
Red,台北車站,2019-03-19,145954.5
Red,中山,2019-03-19,46213.5
Red,雙連,2019-03-19,48645.0
Red,民權西路,2019-03-19,31016.0
Red,圓山,2019-03-19,58116.0
Red,劍潭,2019-03-19,71841.0
Red,士林,2019-03-19,61661.0
Red,芝山,2019-03-19,50039.0
Red,明德,2019-03-19,28443.0
Red,石牌,2019-03-19,69142.0
Red,唭哩岸,2019-03-19,15501.0
Red,奇岩,2019-03-19,19163.0
Red,北投,2019-03-19,40159.0
Red,新北投,2019-03-19,13130.0
Red,復興崗,2019-03-19,7897.0
Red,忠義,2019-03-19,7444.0
Red,關渡,2019-03-19,28234.0
Red,竹圍,2019-03-19,20366.0
Red,紅樹林,2019-03-19,20842.0
Red,淡水,2019-03-19,77773.0
Red,象山,2019-03-19,28909.0
Red,台北101/世貿,2019-03-19,65832.0
Red,信義安和,2019-03-19,39051.0
Red,大安森林公園,2019-03-19,17317.0
Red,東門,2019-03-19,28658.5
Red,大安,2019-03-19,30481.0
Red,中正紀念堂,2019-03-20,37373.5
Red,台大醫院,2019-03-20,56205.0
Red,台北車站,2019-03-20,146995.0
Red,中山,2019-03-20,47008.5
Red,雙連,2019-03-20,49399.0
Red,民權西路,2019-03-20,31092.0
Red,圓山,2019-03-20,58388.0
Red,劍潭,2019-03-20,73069.0
Red,士林,2019-03-20,61746.0
Red,芝山,2019-03-20,50384.0
Red,明德,2019-03-20,28236.0
Red,石牌,2019-03-20,68876.0
Red,唭哩岸,2019-03-20,15370.0
Red,奇岩,2019-03-20,19262.0
Red,北投,2019-03-20,40212.0
Red,新北投,2019-03-20,12016.0
Red,復興崗,2019-03-20,7783.0
Red,忠義,2019-03-20,7487.0
Red,關渡,2019-03-20,28328.0
Red,竹圍,2019-03-20,20253.0
Red,紅樹林,2019-03-20,21267.0
Red,淡水,2019-03-20,79057.0
Red,象山,2019-03-20,29443.0
Red,台北101/世貿,2019-03-20,65586.0
Red,信義安和,2019-03-20,39061.0
Red,大安森林公園,2019-03-20,17958.0
Red,東門,2019-03-20,29680.0
Red,大安,2019-03-20,30174.5
Red,中正紀念堂,2019-03-21,37303.0
Red,台大醫院,2019-03-21,55243.0
Red,台北車站,2019-03-21,151082.5
Red,中山,2019-03-21,48027.0
Red,雙連,2019-03-21,48539.0
Red,民權西路,2019-03-21,31314.0
Red,圓山,2019-03-21,57824.0
Red,劍潭,2019-03-21,73785.0
Red,士林,2019-03-21,62063.0
Red,芝山,2019-03-21,49957.0
Red,明德,2019-03-21,27813.0
Red,石牌,2019-03-21,68633.0
Red,唭哩岸,2019-03-21,15372.0
Red,奇岩,2019-03-21,19198.0
Red,北投,2019-03-21,39777.0
Red,新北投,2019-03-21,12044.0
Red,復興崗,2019-03-21,7725.0
Red,忠義,2019-03-21,7306.0
Red,關渡,2019-03-21,28310.0
Red,竹圍,2019-03-21,20261.0
Red,紅樹林,2019-03-21,21284.0
Red,淡水,2019-03-21,79766.0
Red,象山,2019-03-21,29655.0
Red,台北101/世貿,2019-03-21,66614.0
Red,信義安和,2019-03-21,39542.0
Red,大安森林公園,2019-03-21,18293.0
Red,東門,2019-03-21,29808.0
Red,大安,2019-03-21,29994.0
Red,中正紀念堂,2019-03-22,40850.0
Red,台大醫院,2019-03-22,56360.0
Red,台北車站,2019-03-22,186214.0
Red,中山,2019-03-22,55011.5
Red,雙連,2019-03-22,51374.0
Red,民權西路,2019-03-22,32876.0
Red,圓山,2019-03-22,60611.0
Red,劍潭,2019-03-22,75906.0
Red,士林,2019-03-22,66014.0
Red,芝山,2019-03-22,52098.0
Red,明德,2019-03-22,28618.0
Red,石牌,2019-03-22,71676.0
Red,唭哩岸,2019-03-22,15920.0
Red,奇岩,2019-03-22,19653.0
Red,北投,2019-03-22,42249.0
Red,新北投,2019-03-22,13577.0
Red,復興崗,2019-03-22,7958.0
Red,忠義,2019-03-22,7384.0
Red,關渡,2019-03-22,28566.0
Red,竹圍,2019-03-22,21094.0
Red,紅樹林,2019-03-22,22513.0
Red,淡水,2019-03-22,80783.0
Red,象山,2019-03-22,29257.0
Red,台北101/世貿,2019-03-22,88359.0
Red,信義安和,2019-03-22,43069.0
Red,大安森林公園,2019-03-22,18178.0
Red,東門,2019-03-22,32652.5
Red,大安,2019-03-22,31866.5
Red,中正紀念堂,2019-03-23,35331.0
Red,台大醫院,2019-03-23,28557.0
Red,台北車站,2019-03-23,182842.0
Red,中山,2019-03-23,56740.5
Red,雙連,2019-03-23,43021.0
Red,民權西路,2019-03-23,25630.5
Red,圓山,2019-03-23,65186.0
Red,劍潭,2019-03-23,75575.0
Red,士林,2019-03-23,59112.0
Red,芝山,2019-03-23,42809.0
Red,明德,2019-03-23,20496.0
Red,石牌,2019-03-23,55601.0
Red,唭哩岸,2019-03-23,13339.0
Red,奇岩,2019-03-23,13786.0
Red,北投,2019-03-23,35540.0
Red,新北投,2019-03-23,17285.0
Red,復興崗,2019-03-23,6845.0
Red,忠義,2019-03-23,4053.0
Red,關渡,2019-03-23,20140.0
Red,竹圍,2019-03-23,18277.0
Red,紅樹林,2019-03-23,21276.0
Red,淡水,2019-03-23,75312.0
Red,象山,2019-03-23,20577.0
Red,台北101/世貿,2019-03-23,92746.0
Red,信義安和,2019-03-23,31422.0
Red,大安森林公園,2019-03-23,25999.0
Red,東門,2019-03-23,31732.5
Red,大安,2019-03-23,22362.5
Red,中正紀念堂,2019-03-24,28480.5
Red,台大醫院,2019-03-24,24550.0
Red,台北車站,2019-03-24,171927.5
Red,中山,2019-03-24,44551.5
Red,雙連,2019-03-24,29456.0
Red,民權西路,2019-03-24,22557.5
Red,圓山,2019-03-24,43330.0
Red,劍潭,2019-03-24,58767.0
Red,士林,2019-03-24,44304.0
Red,芝山,2019-03-24,38958.0
Red,明德,2019-03-24,15182.0
Red,石牌,2019-03-24,43819.0
Red,唭哩岸,2019-03-24,10690.0
Red,奇岩,2019-03-24,10947.0
Red,北投,2019-03-24,28968.0
Red,新北投,2019-03-24,12571.0
Red,復興崗,2019-03-24,5413.0
Red,忠義,2019-03-24,3274.0
Red,關渡,2019-03-24,15619.0
Red,竹圍,2019-03-24,14602.0
Red,紅樹林,2019-03-24,19950.0
Red,淡水,2019-03-24,62602.0
Red,象山,2019-03-24,15336.0
Red,台北101/世貿,2019-03-24,79917.0
Red,信義安和,2019-03-24,23066.0
Red,大安森林公園,2019-03-24,16542.0
Red,東門,2019-03-24,25623.5
Red,大安,2019-03-24,16164.0
Red,中正紀念堂,2019-03-25,33061.5
Red,台大醫院,2019-03-25,52840.0
Red,台北車站,2019-03-25,146656.5
Red,中山,2019-03-25,43263.5
Red,雙連,2019-03-25,47454.0
Red,民權西路,2019-03-25,29572.5
Red,圓山,2019-03-25,52402.0
Red,劍潭,2019-03-25,65878.0
Red,士林,2019-03-25,56474.0
Red,芝山,2019-03-25,46649.0
Red,明德,2019-03-25,27020.0
Red,石牌,2019-03-25,64650.0
Red,唭哩岸,2019-03-25,14980.0
Red,奇岩,2019-03-25,18209.0
Red,北投,2019-03-25,36975.0
Red,新北投,2019-03-25,11099.0
Red,復興崗,2019-03-25,7293.0
Red,忠義,2019-03-25,7016.0
Red,關渡,2019-03-25,26555.0
Red,竹圍,2019-03-25,18984.0
Red,紅樹林,2019-03-25,19024.0
Red,淡水,2019-03-25,67426.0
Red,象山,2019-03-25,26196.0
Red,台北101/世貿,2019-03-25,77742.0
Red,信義安和,2019-03-25,38051.0
Red,大安森林公園,2019-03-25,15144.0
Red,東門,2019-03-25,27494.5
Red,大安,2019-03-25,29325.0
Red,中正紀念堂,2019-03-26,36261.5
Red,台大醫院,2019-03-26,54133.0
Red,台北車站,2019-03-26,144731.5
Red,中山,2019-03-26,46112.0
Red,雙連,2019-03-26,48766.0
Red,民權西路,2019-03-26,30647.0
Red,圓山,2019-03-26,58507.0
Red,劍潭,2019-03-26,72476.0
Red,士林,2019-03-26,61904.0
Red,芝山,2019-03-26,50345.0
Red,明德,2019-03-26,27823.0
Red,石牌,2019-03-26,68506.0
Red,唭哩岸,2019-03-26,15285.0
Red,奇岩,2019-03-26,19322.0
Red,北投,2019-03-26,39899.0
Red,新北投,2019-03-26,12440.0
Red,復興崗,2019-03-26,7808.0
Red,忠義,2019-03-26,7526.0
Red,關渡,2019-03-26,28403.0
Red,竹圍,2019-03-26,20771.0
Red,紅樹林,2019-03-26,21311.0
Red,淡水,2019-03-26,78139.0
Red,象山,2019-03-26,29226.0
Red,台北101/世貿,2019-03-26,63927.0
Red,信義安和,2019-03-26,39002.0
Red,大安森林公園,2019-03-26,17928.0
Red,東門,2019-03-26,28620.0
Red,大安,2019-03-26,30541.5
Red,中正紀念堂,2019-03-27,36717.5
Red,台大醫院,2019-03-27,54497.0
Red,台北車站,2019-03-27,146219.0
Red,中山,2019-03-27,46571.5
Red,雙連,2019-03-27,48909.0
Red,民權西路,2019-03-27,31257.5
Red,圓山,2019-03-27,58374.0
Red,劍潭,2019-03-27,72621.0
Red,士林,2019-03-27,61715.0
Red,芝山,2019-03-27,50778.0
Red,明德,2019-03-27,27711.0
Red,石牌,2019-03-27,69839.0
Red,唭哩岸,2019-03-27,15376.0
Red,奇岩,2019-03-27,19203.0
Red,北投,2019-03-27,40130.0
Red,新北投,2019-03-27,12189.0
Red,復興崗,2019-03-27,7689.0
Red,忠義,2019-03-27,7777.0
Red,關渡,2019-03-27,28522.0
Red,竹圍,2019-03-27,20314.0
Red,紅樹林,2019-03-27,22370.0
Red,淡水,2019-03-27,79904.0
Red,象山,2019-03-27,28779.0
Red,台北101/世貿,2019-03-27,65857.0
Red,信義安和,2019-03-27,38977.0
Red,大安森林公園,2019-03-27,17954.0
Red,東門,2019-03-27,28823.5
Red,大安,2019-03-27,30107.0
Red,中正紀念堂,2019-03-28,37367.0
Red,台大醫院,2019-03-28,54053.0
Red,台北車站,2019-03-28,150689.0
Red,中山,2019-03-28,47677.0
Red,雙連,2019-03-28,49354.0
Red,民權西路,2019-03-28,30876.5
Red,圓山,2019-03-28,59188.0
Red,劍潭,2019-03-28,72435.0
Red,士林,2019-03-28,61839.0
Red,芝山,2019-03-28,51193.0
Red,明德,2019-03-28,27499.0
Red,石牌,2019-03-28,68371.0
Red,唭哩岸,2019-03-28,15301.0
Red,奇岩,2019-03-28,19242.0
Red,北投,2019-03-28,39689.0
Red,新北投,2019-03-28,11431.0
Red,復興崗,2019-03-28,7621.0
Red,忠義,2019-03-28,7449.0
Red,關渡,2019-03-28,28373.0
Red,竹圍,2019-03-28,20529.0
Red,紅樹林,2019-03-28,22236.0
Red,淡水,2019-03-28,81432.0
Red,象山,2019-03-28,29349.0
Red,台北101/世貿,2019-03-28,65838.0
Red,信義安和,2019-03-28,38908.0
Red,大安森林公園,2019-03-28,17640.0
Red,東門,2019-03-28,28717.0
Red,大安,2019-03-28,30598.5
Red,中正紀念堂,2019-03-29,42097.5
Red,台大醫院,2019-03-29,55620.0
Red,台北車站,2019-03-29,183351.0
Red,中山,2019-03-29,52990.0
Red,雙連,2019-03-29,51877.0
Red,民權西路,2019-03-29,32466.5
Red,圓山,2019-03-29,61967.0
Red,劍潭,2019-03-29,77778.0
Red,士林,2019-03-29,66815.0
Red,芝山,2019-03-29,54181.0
Red,明德,2019-03-29,27968.0
Red,石牌,2019-03-29,71381.0
Red,唭哩岸,2019-03-29,15899.0
Red,奇岩,2019-03-29,19624.0
Red,北投,2019-03-29,42647.0
Red,新北投,2019-03-29,12754.0
Red,復興崗,2019-03-29,8095.0
Red,忠義,2019-03-29,7610.0
Red,關渡,2019-03-29,30282.0
Red,竹圍,2019-03-29,20879.0
Red,紅樹林,2019-03-29,22300.0
Red,淡水,2019-03-29,82399.0
Red,象山,2019-03-29,29687.0
Red,台北101/世貿,2019-03-29,71462.0
Red,信義安和,2019-03-29,42545.0
Red,大安森林公園,2019-03-29,18478.0
Red,東門,2019-03-29,31230.5
Red,大安,2019-03-29,31870.0
Red,中正紀念堂,2019-03-30,36200.5
Red,台大醫院,2019-03-30,28307.0
Red,台北車站,2019-03-30,180438.5
Red,中山,2019-03-30,55834.5
Red,雙連,2019-03-30,42528.0
Red,民權西路,2019-03-30,25557.0
Red,圓山,2019-03-30,61865.0
Red,劍潭,2019-03-30,75107.0
Red,士林,2019-03-30,59255.0
Red,芝山,2019-03-30,44999.0
Red,明德,2019-03-30,20002.0
Red,石牌,2019-03-30,56461.0
Red,唭哩岸,2019-03-30,13309.0
Red,奇岩,2019-03-30,13820.0
Red,北投,2019-03-30,35875.0
Red,新北投,2019-03-30,16187.0
Red,復興崗,2019-03-30,7103.0
Red,忠義,2019-03-30,4604.0
Red,關渡,2019-03-30,20177.0
Red,竹圍,2019-03-30,19762.0
Red,紅樹林,2019-03-30,28382.0
Red,淡水,2019-03-30,89790.0
Red,象山,2019-03-30,22460.0
Red,台北101/世貿,2019-03-30,64420.0
Red,信義安和,2019-03-30,31372.0
Red,大安森林公園,2019-03-30,26977.0
Red,東門,2019-03-30,29111.5
Red,大安,2019-03-30,19895.0
Red,中正紀念堂,2019-03-31,29496.5
Red,台大醫院,2019-03-31,23591.0
Red,台北車站,2019-03-31,165527.5
Red,中山,2019-03-31,44578.0
Red,雙連,2019-03-31,30439.0
Red,民權西路,2019-03-31,22969.5
Red,圓山,2019-03-31,52326.0
Red,劍潭,2019-03-31,60406.0
Red,士林,2019-03-31,48400.0
Red,芝山,2019-03-31,39232.0
Red,明德,2019-03-31,15577.0
Red,石牌,2019-03-31,46655.0
Red,唭哩岸,2019-03-31,11199.0
Red,奇岩,2019-03-31,11359.0
Red,北投,2019-03-31,31005.0
Red,新北投,2019-03-31,12935.0
Red,復興崗,2019-03-31,5756.0
Red,忠義,2019-03-31,3433.0
Red,關渡,2019-03-31,17493.0
Red,竹圍,2019-03-31,16148.0
Red,紅樹林,2019-03-31,24675.0
Red,淡水,2019-03-31,75868.0
Red,象山,2019-03-31,18778.0
Red,台北101/世貿,2019-03-31,51824.0
Red,信義安和,2019-03-31,23247.0
Red,大安森林公園,2019-03-31,24335.0
Red,東門,2019-03-31,24221.5
Red,大安,2019-03-31,15815.0
Red,中正紀念堂,2019-04-01,33343.5
Red,台大醫院,2019-04-01,53364.0
Red,台北車站,2019-04-01,145281.0
Red,中山,2019-04-01,42735.0
Red,雙連,2019-04-01,46979.0
Red,民權西路,2019-04-01,29321.0
Red,圓山,2019-04-01,53690.0
Red,劍潭,2019-04-01,58713.0
Red,士林,2019-04-01,52009.0
Red,芝山,2019-04-01,46688.0
Red,明德,2019-04-01,27232.0
Red,石牌,2019-04-01,65657.0
Red,唭哩岸,2019-04-01,14872.0
Red,奇岩,2019-04-01,18647.0
Red,北投,2019-04-01,37442.0
Red,新北投,2019-04-01,10772.0
Red,復興崗,2019-04-01,7119.0
Red,忠義,2019-04-01,7096.0
Red,關渡,2019-04-01,26659.0
Red,竹圍,2019-04-01,19379.0
Red,紅樹林,2019-04-01,19689.0
Red,淡水,2019-04-01,62453.0
Red,象山,2019-04-01,26921.0
Red,台北101/世貿,2019-04-01,59236.0
Red,信義安和,2019-04-01,37794.0
Red,大安森林公園,2019-04-01,15089.0
Red,東門,2019-04-01,25598.0
Red,大安,2019-04-01,28889.0
Red,中正紀念堂,2019-04-02,35852.5
Red,台大醫院,2019-04-02,54083.0
Red,台北車站,2019-04-02,148588.5
Red,中山,2019-04-02,43630.0
Red,雙連,2019-04-02,47970.0
Red,民權西路,2019-04-02,29542.0
Red,圓山,2019-04-02,56955.0
Red,劍潭,2019-04-02,57002.0
Red,士林,2019-04-02,54194.0
Red,芝山,2019-04-02,48580.0
Red,明德,2019-04-02,27850.0
Red,石牌,2019-04-02,67184.0
Red,唭哩岸,2019-04-02,14745.0
Red,奇岩,2019-04-02,19154.0
Red,北投,2019-04-02,38703.0
Red,新北投,2019-04-02,11701.0
Red,復興崗,2019-04-02,7348.0
Red,忠義,2019-04-02,7329.0
Red,關渡,2019-04-02,27436.0
Red,竹圍,2019-04-02,19770.0
Red,紅樹林,2019-04-02,20675.0
Red,淡水,2019-04-02,65449.0
Red,象山,2019-04-02,27550.0
Red,台北101/世貿,2019-04-02,59733.0
Red,信義安和,2019-04-02,38797.0
Red,大安森林公園,2019-04-02,16479.0
Red,東門,2019-04-02,25311.5
Red,大安,2019-04-02,29694.0
Red,中正紀念堂,2019-04-03,36190.5
Red,台大醫院,2019-04-03,52462.0
Red,台北車站,2019-04-03,178873.0
Red,中山,2019-04-03,48146.5
Red,雙連,2019-04-03,49012.0
Red,民權西路,2019-04-03,30435.0
Red,圓山,2019-04-03,56885.0
Red,劍潭,2019-04-03,60831.0
Red,士林,2019-04-03,56413.0
Red,芝山,2019-04-03,49586.0
Red,明德,2019-04-03,27994.0
Red,石牌,2019-04-03,69369.0
Red,唭哩岸,2019-04-03,15453.0
Red,奇岩,2019-04-03,19325.0
Red,北投,2019-04-03,40750.0
Red,新北投,2019-04-03,11742.0
Red,復興崗,2019-04-03,7430.0
Red,忠義,2019-04-03,7298.0
Red,關渡,2019-04-03,28707.0
Red,竹圍,2019-04-03,20564.0
Red,紅樹林,2019-04-03,21450.0
Red,淡水,2019-04-03,66391.0
Red,象山,2019-04-03,27713.0
Red,台北101/世貿,2019-04-03,62945.0
Red,信義安和,2019-04-03,40205.0
Red,大安森林公園,2019-04-03,16695.0
Red,東門,2019-04-03,26110.5
Red,大安,2019-04-03,30375.0
Red,中正紀念堂,2019-04-04,27482.0
Red,台大醫院,2019-04-04,18940.0
Red,台北車站,2019-04-04,171725.5
Red,中山,2019-04-04,44499.5
Red,雙連,2019-04-04,31991.0
Red,民權西路,2019-04-04,21145.5
Red,圓山,2019-04-04,55424.0
Red,劍潭,2019-04-04,70908.0
Red,士林,2019-04-04,52380.0
Red,芝山,2019-04-04,36927.0
Red,明德,2019-04-04,15952.0
Red,石牌,2019-04-04,46748.0
Red,唭哩岸,2019-04-04,11732.0
Red,奇岩,2019-04-04,12332.0
Red,北投,2019-04-04,31862.0
Red,新北投,2019-04-04,13736.0
Red,復興崗,2019-04-04,5806.0
Red,忠義,2019-04-04,5289.0
Red,關渡,2019-04-04,17176.0
Red,竹圍,2019-04-04,16075.0
Red,紅樹林,2019-04-04,27113.0
Red,淡水,2019-04-04,94073.0
Red,象山,2019-04-04,20656.0
Red,台北101/世貿,2019-04-04,63179.0
Red,信義安和,2019-04-04,25060.0
Red,大安森林公園,2019-04-04,15511.0
Red,東門,2019-04-04,22465.5
Red,大安,2019-04-04,15209.5
Red,中正紀念堂,2019-04-05,28198.0
Red,台大醫院,2019-04-05,16699.0
Red,台北車站,2019-04-05,149547.0
Red,中山,2019-04-05,41072.5
Red,雙連,2019-04-05,29254.0
Red,民權西路,2019-04-05,18668.0
Red,圓山,2019-04-05,44353.0
Red,劍潭,2019-04-05,64796.0
Red,士林,2019-04-05,47138.0
Red,芝山,2019-04-05,32671.0
Red,明德,2019-04-05,14483.0
Red,石牌,2019-04-05,41903.0
Red,唭哩岸,2019-04-05,10445.0
Red,奇岩,2019-04-05,10885.0
Red,北投,2019-04-05,28373.0
Red,新北投,2019-04-05,13392.0
Red,復興崗,2019-04-05,5618.0
Red,忠義,2019-04-05,4105.0
Red,關渡,2019-04-05,15881.0
Red,竹圍,2019-04-05,14528.0
Red,紅樹林,2019-04-05,25047.0
Red,淡水,2019-04-05,89602.0
Red,象山,2019-04-05,19383.0
Red,台北101/世貿,2019-04-05,58646.0
Red,信義安和,2019-04-05,22901.0
Red,大安森林公園,2019-04-05,15521.0
Red,東門,2019-04-05,21339.0
Red,大安,2019-04-05,13610.0
Red,中正紀念堂,2019-04-06,30514.5
Red,台大醫院,2019-04-06,32447.0
Red,台北車站,2019-04-06,186879.5
Red,中山,2019-04-06,48856.5
Red,雙連,2019-04-06,37900.0
Red,民權西路,2019-04-06,23025.5
Red,圓山,2019-04-06,62577.0
Red,劍潭,2019-04-06,78024.0
Red,士林,2019-04-06,59528.0
Red,芝山,2019-04-06,39935.0
Red,明德,2019-04-06,15905.0
Red,石牌,2019-04-06,49837.0
Red,唭哩岸,2019-04-06,12032.0
Red,奇岩,2019-04-06,13025.0
Red,北投,2019-04-06,34401.0
Red,新北投,2019-04-06,16012.0
Red,復興崗,2019-04-06,6088.0
Red,忠義,2019-04-06,4310.0
Red,關渡,2019-04-06,19017.0
Red,竹圍,2019-04-06,18095.0
Red,紅樹林,2019-04-06,29829.0
Red,淡水,2019-04-06,116120.0
Red,象山,2019-04-06,23056.0
Red,台北101/世貿,2019-04-06,69623.0
Red,信義安和,2019-04-06,27114.0
Red,大安森林公園,2019-04-06,23889.0
Red,東門,2019-04-06,25676.0
Red,大安,2019-04-06,16901.0
Red,中正紀念堂,2019-04-07,26958.5
Red,台大醫院,2019-04-07,19430.0
Red,台北車站,2019-04-07,182725.0
Red,中山,2019-04-07,39767.0
Red,雙連,2019-04-07,27248.0
Red,民權西路,2019-04-07,21385.5
Red,圓山,2019-04-07,50458.0
Red,劍潭,2019-04-07,58906.0
Red,士林,2019-04-07,47787.0
Red,芝山,2019-04-07,39490.0
Red,明德,2019-04-07,15236.0
Red,石牌,2019-04-07,42202.0
Red,唭哩岸,2019-04-07,10986.0
Red,奇岩,2019-04-07,10923.0
Red,北投,2019-04-07,30479.0
Red,新北投,2019-04-07,12265.0
Red,復興崗,2019-04-07,5319.0
Red,忠義,2019-04-07,3451.0
Red,關渡,2019-04-07,16638.0
Red,竹圍,2019-04-07,15230.0
Red,紅樹林,2019-04-07,25131.0
Red,淡水,2019-04-07,90485.0
Red,象山,2019-04-07,19386.0
Red,台北101/世貿,2019-04-07,57106.0
Red,信義安和,2019-04-07,21624.0
Red,大安森林公園,2019-04-07,22510.0
Red,東門,2019-04-07,22352.0
Red,大安,2019-04-07,13992.5
Red,中正紀念堂,2019-04-08,32420.5
Red,台大醫院,2019-04-08,54466.0
Red,台北車站,2019-04-08,150751.0
Red,中山,2019-04-08,40618.0
Red,雙連,2019-04-08,47208.0
Red,民權西路,2019-04-08,29536.0
Red,圓山,2019-04-08,55573.0
Red,劍潭,2019-04-08,64292.0
Red,士林,2019-04-08,57258.0
Red,芝山,2019-04-08,46819.0
Red,明德,2019-04-08,27824.0
Red,石牌,2019-04-08,66371.0
Red,唭哩岸,2019-04-08,14874.0
Red,奇岩,2019-04-08,18077.0
Red,北投,2019-04-08,38392.0
Red,新北投,2019-04-08,10180.0
Red,復興崗,2019-04-08,7163.0
Red,忠義,2019-04-08,7292.0
Red,關渡,2019-04-08,26789.0
Red,竹圍,2019-04-08,19730.0
Red,紅樹林,2019-04-08,20515.0
Red,淡水,2019-04-08,73793.0
Red,象山,2019-04-08,26712.0
Red,台北101/世貿,2019-04-08,55745.0
Red,信義安和,2019-04-08,37336.0
Red,大安森林公園,2019-04-08,16198.0
Red,東門,2019-04-08,24482.5
Red,大安,2019-04-08,28803.5
Red,中正紀念堂,2019-04-09,33816.5
Red,台大醫院,2019-04-09,55558.0
Red,台北車站,2019-04-09,139334.5
Red,中山,2019-04-09,42297.0
Red,雙連,2019-04-09,47228.0
Red,民權西路,2019-04-09,30010.5
Red,圓山,2019-04-09,57074.0
Red,劍潭,2019-04-09,66273.0
Red,士林,2019-04-09,58334.0
Red,芝山,2019-04-09,50374.0
Red,明德,2019-04-09,28368.0
Red,石牌,2019-04-09,68058.0
Red,唭哩岸,2019-04-09,15002.0
Red,奇岩,2019-04-09,18851.0
Red,北投,2019-04-09,38863.0
Red,新北投,2019-04-09,10527.0
Red,復興崗,2019-04-09,7524.0
Red,忠義,2019-04-09,7575.0
Red,關渡,2019-04-09,27697.0
Red,竹圍,2019-04-09,20298.0
Red,紅樹林,2019-04-09,20309.0
Red,淡水,2019-04-09,72442.0
Red,象山,2019-04-09,27354.0
Red,台北101/世貿,2019-04-09,55974.0
Red,信義安和,2019-04-09,38534.0
Red,大安森林公園,2019-04-09,16315.0
Red,東門,2019-04-09,25487.0
Red,大安,2019-04-09,29841.5
Red,中正紀念堂,2019-04-10,34986.5
Red,台大醫院,2019-04-10,54599.0
Red,台北車站,2019-04-10,139298.5
Red,中山,2019-04-10,44119.5
Red,雙連,2019-04-10,48562.0
Red,民權西路,2019-04-10,30168.0
Red,圓山,2019-04-10,56248.0
Red,劍潭,2019-04-10,67358.0
Red,士林,2019-04-10,59703.0
Red,芝山,2019-04-10,49573.0
Red,明德,2019-04-10,28635.0
Red,石牌,2019-04-10,68069.0
Red,唭哩岸,2019-04-10,15471.0
Red,奇岩,2019-04-10,18807.0
Red,北投,2019-04-10,39335.0
Red,新北投,2019-04-10,10650.0
Red,復興崗,2019-04-10,7988.0
Red,忠義,2019-04-10,7575.0
Red,關渡,2019-04-10,27274.0
Red,竹圍,2019-04-10,20192.0
Red,紅樹林,2019-04-10,20639.0
Red,淡水,2019-04-10,73807.0
Red,象山,2019-04-10,27061.0
Red,台北101/世貿,2019-04-10,59724.0
Red,信義安和,2019-04-10,38928.0
Red,大安森林公園,2019-04-10,16461.0
Red,東門,2019-04-10,26831.5
Red,大安,2019-04-10,30131.5
Red,中正紀念堂,2019-04-11,36444.5
Red,台大醫院,2019-04-11,55643.0
Red,台北車站,2019-04-11,145509.5
Red,中山,2019-04-11,44946.0
Red,雙連,2019-04-11,47529.0
Red,民權西路,2019-04-11,30257.5
Red,圓山,2019-04-11,55406.0
Red,劍潭,2019-04-11,64634.0
Red,士林,2019-04-11,59464.0
Red,芝山,2019-04-11,48242.0
Red,明德,2019-04-11,27660.0
Red,石牌,2019-04-11,67185.0
Red,唭哩岸,2019-04-11,15043.0
Red,奇岩,2019-04-11,18713.0
Red,北投,2019-04-11,38736.0
Red,新北投,2019-04-11,11140.0
Red,復興崗,2019-04-11,7507.0
Red,忠義,2019-04-11,7425.0
Red,關渡,2019-04-11,27369.0
Red,竹圍,2019-04-11,19950.0
Red,紅樹林,2019-04-11,20319.0
Red,淡水,2019-04-11,70869.0
Red,象山,2019-04-11,26969.0
Red,台北101/世貿,2019-04-11,61086.0
Red,信義安和,2019-04-11,39797.0
Red,大安森林公園,2019-04-11,15963.0
Red,東門,2019-04-11,26931.0
Red,大安,2019-04-11,30432.0
Red,中正紀念堂,2019-04-12,40254.0
Red,台大醫院,2019-04-12,57196.0
Red,台北車站,2019-04-12,176741.5
Red,中山,2019-04-12,51644.5
Red,雙連,2019-04-12,52498.0
Red,民權西路,2019-04-12,32419.5
Red,圓山,2019-04-12,60109.0
Red,劍潭,2019-04-12,75066.0
Red,士林,2019-04-12,65114.0
Red,芝山,2019-04-12,52958.0
Red,明德,2019-04-12,28411.0
Red,石牌,2019-04-12,71630.0
Red,唭哩岸,2019-04-12,15836.0
Red,奇岩,2019-04-12,20255.0
Red,北投,2019-04-12,42643.0
Red,新北投,2019-04-12,12664.0
Red,復興崗,2019-04-12,7879.0
Red,忠義,2019-04-12,7842.0
Red,關渡,2019-04-12,29133.0
Red,竹圍,2019-04-12,21286.0
Red,紅樹林,2019-04-12,21712.0
Red,淡水,2019-04-12,80809.0
Red,象山,2019-04-12,29032.0
Red,台北101/世貿,2019-04-12,75734.0
Red,信義安和,2019-04-12,42594.0
Red,大安森林公園,2019-04-12,17866.0
Red,東門,2019-04-12,29931.0
Red,大安,2019-04-12,31577.0
Red,中正紀念堂,2019-04-13,37945.0
Red,台大醫院,2019-04-13,28661.0
Red,台北車站,2019-04-13,180418.0
Red,中山,2019-04-13,56206.0
Red,雙連,2019-04-13,43204.0
Red,民權西路,2019-04-13,25548.0
Red,圓山,2019-04-13,62255.0
Red,劍潭,2019-04-13,69154.0
Red,士林,2019-04-13,61340.0
Red,芝山,2019-04-13,43213.0
Red,明德,2019-04-13,20415.0
Red,石牌,2019-04-13,54323.0
Red,唭哩岸,2019-04-13,13428.0
Red,奇岩,2019-04-13,13820.0
Red,北投,2019-04-13,35478.0
Red,新北投,2019-04-13,14668.0
Red,復興崗,2019-04-13,6644.0
Red,忠義,2019-04-13,4257.0
Red,關渡,2019-04-13,19973.0
Red,竹圍,2019-04-13,18380.0
Red,紅樹林,2019-04-13,20960.0
Red,淡水,2019-04-13,84430.0
Red,象山,2019-04-13,19942.0
Red,台北101/世貿,2019-04-13,70440.0
Red,信義安和,2019-04-13,31204.0
Red,大安森林公園,2019-04-13,25289.0
Red,東門,2019-04-13,29141.0
Red,大安,2019-04-13,27962.5
Red,中正紀念堂,2019-04-14,36801.5
Red,台大醫院,2019-04-14,23789.0
Red,台北車站,2019-04-14,183597.0
Red,中山,2019-04-14,45082.0
Red,雙連,2019-04-14,31523.0
Red,民權西路,2019-04-14,24371.0
Red,圓山,2019-04-14,58797.0
Red,劍潭,2019-04-14,64000.0
Red,士林,2019-04-14,53218.0
Red,芝山,2019-04-14,41356.0
Red,明德,2019-04-14,15795.0
Red,石牌,2019-04-14,45710.0
Red,唭哩岸,2019-04-14,11533.0
Red,奇岩,2019-04-14,11824.0
Red,北投,2019-04-14,32118.0
Red,新北投,2019-04-14,13040.0
Red,復興崗,2019-04-14,5590.0
Red,忠義,2019-04-14,3585.0
Red,關渡,2019-04-14,17334.0
Red,竹圍,2019-04-14,16307.0
Red,紅樹林,2019-04-14,19363.0
Red,淡水,2019-04-14,91719.0
Red,象山,2019-04-14,19323.0
Red,台北101/世貿,2019-04-14,63914.0
Red,信義安和,2019-04-14,23774.0
Red,大安森林公園,2019-04-14,22398.0
Red,東門,2019-04-14,25118.5
Red,大安,2019-04-14,17737.5
Red,中正紀念堂,2019-04-15,34518.5
Red,台大醫院,2019-04-15,53556.0
Red,台北車站,2019-04-15,148578.5
Red,中山,2019-04-15,43414.0
Red,雙連,2019-04-15,48318.0
Red,民權西路,2019-04-15,30194.0
Red,圓山,2019-04-15,54749.0
Red,劍潭,2019-04-15,65729.0
Red,士林,2019-04-15,57545.0
Red,芝山,2019-04-15,47505.0
Red,明德,2019-04-15,27515.0
Red,石牌,2019-04-15,66240.0
Red,唭哩岸,2019-04-15,14909.0
Red,奇岩,2019-04-15,18088.0
Red,北投,2019-04-15,39064.0
Red,新北投,2019-04-15,11366.0
Red,復興崗,2019-04-15,7375.0
Red,忠義,2019-04-15,7259.0
Red,關渡,2019-04-15,26936.0
Red,竹圍,2019-04-15,19861.0
Red,紅樹林,2019-04-15,20365.0
Red,淡水,2019-04-15,79329.0
Red,象山,2019-04-15,27144.0
Red,台北101/世貿,2019-04-15,66667.0
Red,信義安和,2019-04-15,38042.0
Red,大安森林公園,2019-04-15,16109.0
Red,東門,2019-04-15,26695.5
Red,大安,2019-04-15,24897.5
Red,中正紀念堂,2019-04-16,34835.5
Red,台大醫院,2019-04-16,55183.0
Red,台北車站,2019-04-16,141468.0
Red,中山,2019-04-16,43494.5
Red,雙連,2019-04-16,48241.0
Red,民權西路,2019-04-16,29570.5
Red,圓山,2019-04-16,55213.0
Red,劍潭,2019-04-16,65424.0
Red,士林,2019-04-16,58130.0
Red,芝山,2019-04-16,47709.0
Red,明德,2019-04-16,27648.0
Red,石牌,2019-04-16,66189.0
Red,唭哩岸,2019-04-16,15097.0
Red,奇岩,2019-04-16,18885.0
Red,北投,2019-04-16,38189.0
Red,新北投,2019-04-16,11260.0
Red,復興崗,2019-04-16,7554.0
Red,忠義,2019-04-16,7443.0
Red,關渡,2019-04-16,27239.0
Red,竹圍,2019-04-16,19569.0
Red,紅樹林,2019-04-16,18850.0
Red,淡水,2019-04-16,66528.0
Red,象山,2019-04-16,26155.0
Red,台北101/世貿,2019-04-16,60234.0
Red,信義安和,2019-04-16,39824.0
Red,大安森林公園,2019-04-16,15208.0
Red,東門,2019-04-16,27163.0
Red,大安,2019-04-16,30380.0
Red,中正紀念堂,2019-04-17,36776.5
Red,台大醫院,2019-04-17,56627.0
Red,台北車站,2019-04-17,146845.5
Red,中山,2019-04-17,47585.5
Red,雙連,2019-04-17,50261.0
Red,民權西路,2019-04-17,31208.0
Red,圓山,2019-04-17,59109.0
Red,劍潭,2019-04-17,71793.0
Red,士林,2019-04-17,62398.0
Red,芝山,2019-04-17,50151.0
Red,明德,2019-04-17,28762.0
Red,石牌,2019-04-17,69552.0
Red,唭哩岸,2019-04-17,15654.0
Red,奇岩,2019-04-17,18754.0
Red,北投,2019-04-17,40613.0
Red,新北投,2019-04-17,12051.0
Red,復興崗,2019-04-17,7941.0
Red,忠義,2019-04-17,7608.0
Red,關渡,2019-04-17,28541.0
Red,竹圍,2019-04-17,20643.0
Red,紅樹林,2019-04-17,20886.0
Red,淡水,2019-04-17,82800.0
Red,象山,2019-04-17,29545.0
Red,台北101/世貿,2019-04-17,61794.0
Red,信義安和,2019-04-17,39780.0
Red,大安森林公園,2019-04-17,17658.0
Red,東門,2019-04-17,28275.0
Red,大安,2019-04-17,30338.0
Red,中正紀念堂,2019-04-18,33397.5
Red,台大醫院,2019-04-18,48132.0
Red,台北車站,2019-04-18,140002.0
Red,中山,2019-04-18,43494.5
Red,雙連,2019-04-18,44748.0
Red,民權西路,2019-04-18,28808.0
Red,圓山,2019-04-18,58356.0
Red,劍潭,2019-04-18,70187.0
Red,士林,2019-04-18,57381.0
Red,芝山,2019-04-18,45657.0
Red,明德,2019-04-18,25909.0
Red,石牌,2019-04-18,63197.0
Red,唭哩岸,2019-04-18,14267.0
Red,奇岩,2019-04-18,18566.0
Red,北投,2019-04-18,37699.0
Red,新北投,2019-04-18,10665.0
Red,復興崗,2019-04-18,7516.0
Red,忠義,2019-04-18,6764.0
Red,關渡,2019-04-18,26373.0
Red,竹圍,2019-04-18,19250.0
Red,紅樹林,2019-04-18,19301.0
Red,淡水,2019-04-18,72489.0
Red,象山,2019-04-18,27287.0
Red,台北101/世貿,2019-04-18,59808.0
Red,信義安和,2019-04-18,37042.0
Red,大安森林公園,2019-04-18,15569.0
Red,東門,2019-04-18,26834.0
Red,大安,2019-04-18,28735.5
Red,中正紀念堂,2019-04-19,40709.5
Red,台大醫院,2019-04-19,57470.0
Red,台北車站,2019-04-19,189224.5
Red,中山,2019-04-19,54333.5
Red,雙連,2019-04-19,51847.0
Red,民權西路,2019-04-19,32958.5
Red,圓山,2019-04-19,66029.0
Red,劍潭,2019-04-19,72682.0
Red,士林,2019-04-19,69010.0
Red,芝山,2019-04-19,53697.0
Red,明德,2019-04-19,28457.0
Red,石牌,2019-04-19,70578.0
Red,唭哩岸,2019-04-19,15852.0
Red,奇岩,2019-04-19,19578.0
Red,北投,2019-04-19,42126.0
Red,新北投,2019-04-19,13752.0
Red,復興崗,2019-04-19,8211.0
Red,忠義,2019-04-19,7635.0
Red,關渡,2019-04-19,28087.0
Red,竹圍,2019-04-19,21000.0
Red,紅樹林,2019-04-19,21662.0
Red,淡水,2019-04-19,81375.0
Red,象山,2019-04-19,28706.0
Red,台北101/世貿,2019-04-19,76356.0
Red,信義安和,2019-04-19,43936.0
Red,大安森林公園,2019-04-19,18227.0
Red,東門,2019-04-19,32268.0
Red,大安,2019-04-19,33061.5
Red,中正紀念堂,2019-04-20,33715.5
Red,台大醫院,2019-04-20,33211.0
Red,台北車站,2019-04-20,183090.5
Red,中山,2019-04-20,57682.0
Red,雙連,2019-04-20,44571.0
Red,民權西路,2019-04-20,26059.0
Red,圓山,2019-04-20,66990.0
Red,劍潭,2019-04-20,78184.0
Red,士林,2019-04-20,62653.0
Red,芝山,2019-04-20,49643.0
Red,明德,2019-04-20,20639.0
Red,石牌,2019-04-20,54908.0
Red,唭哩岸,2019-04-20,13570.0
Red,奇岩,2019-04-20,15158.0
Red,北投,2019-04-20,37156.0
Red,新北投,2019-04-20,15250.0
Red,復興崗,2019-04-20,7183.0
Red,忠義,2019-04-20,4114.0
Red,關渡,2019-04-20,18824.0
Red,竹圍,2019-04-20,18447.0
Red,紅樹林,2019-04-20,20218.0
Red,淡水,2019-04-20,88408.0
Red,象山,2019-04-20,21159.0
Red,台北101/世貿,2019-04-20,73086.0
Red,信義安和,2019-04-20,32410.0
Red,大安森林公園,2019-04-20,23000.0
Red,東門,2019-04-20,31238.5
Red,大安,2019-04-20,21436.5
Red,中正紀念堂,2019-04-21,31369.5
Red,台大醫院,2019-04-21,25594.0
Red,台北車站,2019-04-21,181437.5
Red,中山,2019-04-21,47008.5
Red,雙連,2019-04-21,31855.0
Red,民權西路,2019-04-21,24974.0
Red,圓山,2019-04-21,55505.0
Red,劍潭,2019-04-21,65320.0
Red,士林,2019-04-21,52206.0
Red,芝山,2019-04-21,47080.0
Red,明德,2019-04-21,16062.0
Red,石牌,2019-04-21,45089.0
Red,唭哩岸,2019-04-21,11429.0
Red,奇岩,2019-04-21,12402.0
Red,北投,2019-04-21,32180.0
Red,新北投,2019-04-21,13385.0
Red,復興崗,2019-04-21,5903.0
Red,忠義,2019-04-21,3496.0
Red,關渡,2019-04-21,16866.0
Red,竹圍,2019-04-21,16053.0
Red,紅樹林,2019-04-21,20367.0
Red,淡水,2019-04-21,83573.0
Red,象山,2019-04-21,18991.0
Red,台北101/世貿,2019-04-21,63095.0
Red,信義安和,2019-04-21,24254.0
Red,大安森林公園,2019-04-21,24033.0
Red,東門,2019-04-21,25799.5
Red,大安,2019-04-21,17011.0
Red,中正紀念堂,2019-04-22,32270.0
Red,台大醫院,2019-04-22,53318.0
Red,台北車站,2019-04-22,147925.5
Red,中山,2019-04-22,42344.5
Red,雙連,2019-04-22,48354.0
Red,民權西路,2019-04-22,29227.0
Red,圓山,2019-04-22,54738.0
Red,劍潭,2019-04-22,64774.0
Red,士林,2019-04-22,58051.0
Red,芝山,2019-04-22,46870.0
Red,明德,2019-04-22,27350.0
Red,石牌,2019-04-22,64900.0
Red,唭哩岸,2019-04-22,14726.0
Red,奇岩,2019-04-22,18353.0
Red,北投,2019-04-22,37317.0
Red,新北投,2019-04-22,10855.0
Red,復興崗,2019-04-22,7314.0
Red,忠義,2019-04-22,7158.0
Red,關渡,2019-04-22,26393.0
Red,竹圍,2019-04-22,19286.0
Red,紅樹林,2019-04-22,19295.0
Red,淡水,2019-04-22,71468.0
Red,象山,2019-04-22,26238.0
Red,台北101/世貿,2019-04-22,62163.0
Red,信義安和,2019-04-22,38357.0
Red,大安森林公園,2019-04-22,16193.0
Red,東門,2019-04-22,26795.0
Red,大安,2019-04-22,29680.0
Red,中正紀念堂,2019-04-23,34982.5
Red,台大醫院,2019-04-23,55452.0
Red,台北車站,2019-04-23,144095.0
Red,中山,2019-04-23,44807.5
Red,雙連,2019-04-23,49947.0
Red,民權西路,2019-04-23,29965.5
Red,圓山,2019-04-23,59962.0
Red,劍潭,2019-04-23,69962.0
Red,士林,2019-04-23,61336.0
Red,芝山,2019-04-23,49291.0
Red,明德,2019-04-23,27674.0
Red,石牌,2019-04-23,66536.0
Red,唭哩岸,2019-04-23,14983.0
Red,奇岩,2019-04-23,18753.0
Red,北投,2019-04-23,38930.0
Red,新北投,2019-04-23,11527.0
Red,復興崗,2019-04-23,7578.0
Red,忠義,2019-04-23,7437.0
Red,關渡,2019-04-23,27818.0
Red,竹圍,2019-04-23,19867.0
Red,紅樹林,2019-04-23,19709.0
Red,淡水,2019-04-23,73426.0
Red,象山,2019-04-23,28248.0
Red,台北101/世貿,2019-04-23,62530.0
Red,信義安和,2019-04-23,39383.0
Red,大安森林公園,2019-04-23,17190.0
Red,東門,2019-04-23,28263.0
Red,大安,2019-04-23,30435.0
Red,中正紀念堂,2019-04-24,34567.5
Red,台大醫院,2019-04-24,54796.0
Red,台北車站,2019-04-24,147550.0
Red,中山,2019-04-24,46634.0
Red,雙連,2019-04-24,49830.0
Red,民權西路,2019-04-24,30178.5
Red,圓山,2019-04-24,62258.0
Red,劍潭,2019-04-24,71298.0
Red,士林,2019-04-24,61190.0
Red,芝山,2019-04-24,49612.0
Red,明德,2019-04-24,27789.0
Red,石牌,2019-04-24,67900.0
Red,唭哩岸,2019-04-24,15400.0
Red,奇岩,2019-04-24,18539.0
Red,北投,2019-04-24,39209.0
Red,新北投,2019-04-24,11266.0
Red,復興崗,2019-04-24,7764.0
Red,忠義,2019-04-24,7385.0
Red,關渡,2019-04-24,27115.0
Red,竹圍,2019-04-24,20226.0
Red,紅樹林,2019-04-24,20319.0
Red,淡水,2019-04-24,73995.0
Red,象山,2019-04-24,28191.0
Red,台北101/世貿,2019-04-24,63816.0
Red,信義安和,2019-04-24,39232.0
Red,大安森林公園,2019-04-24,18553.0
Red,東門,2019-04-24,28400.5
Red,大安,2019-04-24,30470.0
Red,中正紀念堂,2019-04-25,35016.0
Red,台大醫院,2019-04-25,53657.0
Red,台北車站,2019-04-25,150601.0
Red,中山,2019-04-25,46614.0
Red,雙連,2019-04-25,48321.0
Red,民權西路,2019-04-25,31184.5
Red,圓山,2019-04-25,61194.0
Red,劍潭,2019-04-25,72062.0
Red,士林,2019-04-25,62238.0
Red,芝山,2019-04-25,49424.0
Red,明德,2019-04-25,27711.0
Red,石牌,2019-04-25,66746.0
Red,唭哩岸,2019-04-25,15409.0
Red,奇岩,2019-04-25,19159.0
Red,北投,2019-04-25,39208.0
Red,新北投,2019-04-25,10982.0
Red,復興崗,2019-04-25,7481.0
Red,忠義,2019-04-25,7440.0
Red,關渡,2019-04-25,27054.0
Red,竹圍,2019-04-25,20081.0
Red,紅樹林,2019-04-25,20098.0
Red,淡水,2019-04-25,73860.0
Red,象山,2019-04-25,29312.0
Red,台北101/世貿,2019-04-25,66981.0
Red,信義安和,2019-04-25,39779.0
Red,大安森林公園,2019-04-25,17222.0
Red,東門,2019-04-25,28057.0
Red,大安,2019-04-25,31328.0
Red,中正紀念堂,2019-04-26,38462.5
Red,台大醫院,2019-04-26,55206.0
Red,台北車站,2019-04-26,188898.5
Red,中山,2019-04-26,53729.5
Red,雙連,2019-04-26,52717.0
Red,民權西路,2019-04-26,32299.0
Red,圓山,2019-04-26,80506.0
Red,劍潭,2019-04-26,78968.0
Red,士林,2019-04-26,68501.0
Red,芝山,2019-04-26,54170.0
Red,明德,2019-04-26,28679.0
Red,石牌,2019-04-26,69977.0
Red,唭哩岸,2019-04-26,16331.0
Red,奇岩,2019-04-26,19714.0
Red,北投,2019-04-26,42773.0
Red,新北投,2019-04-26,12679.0
Red,復興崗,2019-04-26,7700.0
Red,忠義,2019-04-26,7358.0
Red,關渡,2019-04-26,27934.0
Red,竹圍,2019-04-26,20981.0
Red,紅樹林,2019-04-26,21575.0
Red,淡水,2019-04-26,82893.0
Red,象山,2019-04-26,30264.0
Red,台北101/世貿,2019-04-26,72910.0
Red,信義安和,2019-04-26,42457.0
Red,大安森林公園,2019-04-26,18936.0
Red,東門,2019-04-26,30920.0
Red,大安,2019-04-26,32693.5
Red,中正紀念堂,2019-04-27,32448.5
Red,台大醫院,2019-04-27,30902.0
Red,台北車站,2019-04-27,186177.5
Red,中山,2019-04-27,58667.5
Red,雙連,2019-04-27,44711.0
Red,民權西路,2019-04-27,26714.0
Red,圓山,2019-04-27,103133.0
Red,劍潭,2019-04-27,78478.0
Red,士林,2019-04-27,62165.0
Red,芝山,2019-04-27,45433.0
Red,明德,2019-04-27,20685.0
Red,石牌,2019-04-27,56398.0
Red,唭哩岸,2019-04-27,13697.0
Red,奇岩,2019-04-27,13752.0
Red,北投,2019-04-27,35829.0
Red,新北投,2019-04-27,14550.0
Red,復興崗,2019-04-27,7119.0
Red,忠義,2019-04-27,4297.0
Red,關渡,2019-04-27,21743.0
Red,竹圍,2019-04-27,18777.0
Red,紅樹林,2019-04-27,19746.0
Red,淡水,2019-04-27,85265.0
Red,象山,2019-04-27,22371.0
Red,台北101/世貿,2019-04-27,71074.0
Red,信義安和,2019-04-27,30223.0
Red,大安森林公園,2019-04-27,24198.0
Red,東門,2019-04-27,30188.0
Red,大安,2019-04-27,20886.5
Red,中正紀念堂,2019-04-28,30161.5
Red,台大醫院,2019-04-28,24963.0
Red,台北車站,2019-04-28,186518.0
Red,中山,2019-04-28,50467.0
Red,雙連,2019-04-28,33884.0
Red,民權西路,2019-04-28,25504.0
Red,圓山,2019-04-28,87666.0
Red,劍潭,2019-04-28,67621.0
Red,士林,2019-04-28,52937.0
Red,芝山,2019-04-28,43070.0
Red,明德,2019-04-28,16309.0
Red,石牌,2019-04-28,46900.0
Red,唭哩岸,2019-04-28,12070.0
Red,奇岩,2019-04-28,11497.0
Red,北投,2019-04-28,31762.0
Red,新北投,2019-04-28,14799.0
Red,復興崗,2019-04-28,5871.0
Red,忠義,2019-04-28,3598.0
Red,關渡,2019-04-28,17018.0
Red,竹圍,2019-04-28,16035.0
Red,紅樹林,2019-04-28,18494.0
Red,淡水,2019-04-28,85867.0
Red,象山,2019-04-28,20644.0
Red,台北101/世貿,2019-04-28,61237.0
Red,信義安和,2019-04-28,23532.0
Red,大安森林公園,2019-04-28,21220.0
Red,東門,2019-04-28,28834.0
Red,大安,2019-04-28,17412.0
Red,中正紀念堂,2019-04-29,34122.5
Red,台大醫院,2019-04-29,52700.0
Red,台北車站,2019-04-29,157748.0
Red,中山,2019-04-29,47414.0
Red,雙連,2019-04-29,50628.0
Red,民權西路,2019-04-29,30557.0
Red,圓山,2019-04-29,55833.0
Red,劍潭,2019-04-29,71234.0
Red,士林,2019-04-29,60338.0
Red,芝山,2019-04-29,47433.0
Red,明德,2019-04-29,27046.0
Red,石牌,2019-04-29,65028.0
Red,唭哩岸,2019-04-29,14565.0
Red,奇岩,2019-04-29,18117.0
Red,北投,2019-04-29,38508.0
Red,新北投,2019-04-29,10810.0
Red,復興崗,2019-04-29,7323.0
Red,忠義,2019-04-29,6912.0
Red,關渡,2019-04-29,26329.0
Red,竹圍,2019-04-29,19326.0
Red,紅樹林,2019-04-29,20145.0
Red,淡水,2019-04-29,75849.0
Red,象山,2019-04-29,28383.0
Red,台北101/世貿,2019-04-29,72442.0
Red,信義安和,2019-04-29,38267.0
Red,大安森林公園,2019-04-29,17079.0
Red,東門,2019-04-29,30197.0
Red,大安,2019-04-29,29713.0
Red,中正紀念堂,2019-04-30,37794.0
Red,台大醫院,2019-04-30,55256.0
Red,台北車站,2019-04-30,156754.0
Red,中山,2019-04-30,51223.5
Red,雙連,2019-04-30,52310.0
Red,民權西路,2019-04-30,31803.5
Red,圓山,2019-04-30,59303.0
Red,劍潭,2019-04-30,73897.0
Red,士林,2019-04-30,63745.0
Red,芝山,2019-04-30,49826.0
Red,明德,2019-04-30,27654.0
Red,石牌,2019-04-30,66837.0
Red,唭哩岸,2019-04-30,15184.0
Red,奇岩,2019-04-30,18551.0
Red,北投,2019-04-30,39727.0
Red,新北投,2019-04-30,11889.0
Red,復興崗,2019-04-30,7874.0
Red,忠義,2019-04-30,7320.0
Red,關渡,2019-04-30,27239.0
Red,竹圍,2019-04-30,20108.0
Red,紅樹林,2019-04-30,19985.0
Red,淡水,2019-04-30,74525.0
Red,象山,2019-04-30,28918.0
Red,台北101/世貿,2019-04-30,69936.0
Red,信義安和,2019-04-30,40773.0
Red,大安森林公園,2019-04-30,17265.0
Red,東門,2019-04-30,32668.0
Red,大安,2019-04-30,30480.5
Red,中正紀念堂,2019-05-01,31449.5
Red,台大醫院,2019-05-01,48511.0
Red,台北車站,2019-05-01,137440.0
Red,中山,2019-05-01,51636.0
Red,雙連,2019-05-01,44055.0
Red,民權西路,2019-05-01,24293.5
Red,圓山,2019-05-01,45962.0
Red,劍潭,2019-05-01,63073.0
Red,士林,2019-05-01,54649.0
Red,芝山,2019-05-01,39304.0
Red,明德,2019-05-01,20437.0
Red,石牌,2019-05-01,56887.0
Red,唭哩岸,2019-05-01,12393.0
Red,奇岩,2019-05-01,11499.0
Red,北投,2019-05-01,32917.0
Red,新北投,2019-05-01,12653.0
Red,復興崗,2019-05-01,5920.0
Red,忠義,2019-05-01,4838.0
Red,關渡,2019-05-01,20744.0
Red,竹圍,2019-05-01,16865.0
Red,紅樹林,2019-05-01,15524.0
Red,淡水,2019-05-01,61664.0
Red,象山,2019-05-01,17572.0
Red,台北101/世貿,2019-05-01,59142.0
Red,信義安和,2019-05-01,26646.0
Red,大安森林公園,2019-05-01,13448.0
Red,東門,2019-05-01,31070.5
Red,大安,2019-05-01,22936.5
Red,中正紀念堂,2019-05-02,38388.0
Red,台大醫院,2019-05-02,54847.0
Red,台北車站,2019-05-02,156183.0
Red,中山,2019-05-02,52415.0
Red,雙連,2019-05-02,51307.0
Red,民權西路,2019-05-02,31043.5
Red,圓山,2019-05-02,56767.0
Red,劍潭,2019-05-02,69711.0
Red,士林,2019-05-02,64026.0
Red,芝山,2019-05-02,48589.0
Red,明德,2019-05-02,27867.0
Red,石牌,2019-05-02,66445.0
Red,唭哩岸,2019-05-02,15555.0
Red,奇岩,2019-05-02,18437.0
Red,北投,2019-05-02,38641.0
Red,新北投,2019-05-02,12952.0
Red,復興崗,2019-05-02,7548.0
Red,忠義,2019-05-02,7060.0
Red,關渡,2019-05-02,26429.0
Red,竹圍,2019-05-02,19586.0
Red,紅樹林,2019-05-02,19192.0
Red,淡水,2019-05-02,70171.0
Red,象山,2019-05-02,27433.0
Red,台北101/世貿,2019-05-02,82941.0
Red,信義安和,2019-05-02,40878.0
Red,大安森林公園,2019-05-02,16211.0
Red,東門,2019-05-02,34235.5
Red,大安,2019-05-02,30808.0
Red,中正紀念堂,2019-05-03,40610.5
Red,台大醫院,2019-05-03,56868.0
Red,台北車站,2019-05-03,197519.5
Red,中山,2019-05-03,59506.5
Red,雙連,2019-05-03,56730.0
Red,民權西路,2019-05-03,34010.0
Red,圓山,2019-05-03,62703.0
Red,劍潭,2019-05-03,83136.0
Red,士林,2019-05-03,70771.0
Red,芝山,2019-05-03,53701.0
Red,明德,2019-05-03,28158.0
Red,石牌,2019-05-03,70191.0
Red,唭哩岸,2019-05-03,16025.0
Red,奇岩,2019-05-03,19608.0
Red,北投,2019-05-03,43312.0
Red,新北投,2019-05-03,13898.0
Red,復興崗,2019-05-03,8147.0
Red,忠義,2019-05-03,7221.0
Red,關渡,2019-05-03,28647.0
Red,竹圍,2019-05-03,21119.0
Red,紅樹林,2019-05-03,21498.0
Red,淡水,2019-05-03,88404.0
Red,象山,2019-05-03,33094.0
Red,台北101/世貿,2019-05-03,106141.0
Red,信義安和,2019-05-03,43885.0
Red,大安森林公園,2019-05-03,20282.0
Red,東門,2019-05-03,36005.5
Red,大安,2019-05-03,32185.5
Red,中正紀念堂,2019-05-04,33672.5
Red,台大醫院,2019-05-04,28164.0
Red,台北車站,2019-05-04,189195.0
Red,中山,2019-05-04,58728.5
Red,雙連,2019-05-04,44823.0
Red,民權西路,2019-05-04,27558.0
Red,圓山,2019-05-04,62866.0
Red,劍潭,2019-05-04,77677.0
Red,士林,2019-05-04,62396.0
Red,芝山,2019-05-04,43344.0
Red,明德,2019-05-04,20519.0
Red,石牌,2019-05-04,53460.0
Red,唭哩岸,2019-05-04,13495.0
Red,奇岩,2019-05-04,13663.0
Red,北投,2019-05-04,36082.0
Red,新北投,2019-05-04,14329.0
Red,復興崗,2019-05-04,6974.0
Red,忠義,2019-05-04,4095.0
Red,關渡,2019-05-04,19312.0
Red,竹圍,2019-05-04,18361.0
Red,紅樹林,2019-05-04,19758.0
Red,淡水,2019-05-04,88048.0
Red,象山,2019-05-04,23024.0
Red,台北101/世貿,2019-05-04,114092.0
Red,信義安和,2019-05-04,31502.0
Red,大安森林公園,2019-05-04,25845.0
Red,東門,2019-05-04,33040.5
Red,大安,2019-05-04,24371.0
Red,中正紀念堂,2019-05-05,34281.0
Red,台大醫院,2019-05-05,23864.0
Red,台北車站,2019-05-05,184340.5
Red,中山,2019-05-05,49071.0
Red,雙連,2019-05-05,34408.0
Red,民權西路,2019-05-05,25763.0
Red,圓山,2019-05-05,56669.0
Red,劍潭,2019-05-05,65430.0
Red,士林,2019-05-05,53199.0
Red,芝山,2019-05-05,42136.0
Red,明德,2019-05-05,16789.0
Red,石牌,2019-05-05,45514.0
Red,唭哩岸,2019-05-05,11479.0
Red,奇岩,2019-05-05,12665.0
Red,北投,2019-05-05,32608.0
Red,新北投,2019-05-05,13564.0
Red,復興崗,2019-05-05,5802.0
Red,忠義,2019-05-05,3357.0
Red,關渡,2019-05-05,17296.0
Red,竹圍,2019-05-05,16112.0
Red,紅樹林,2019-05-05,18242.0
Red,淡水,2019-05-05,88420.0
Red,象山,2019-05-05,21275.0
Red,台北101/世貿,2019-05-05,86603.0
Red,信義安和,2019-05-05,24369.0
Red,大安森林公園,2019-05-05,22965.0
Red,東門,2019-05-05,27934.0
Red,大安,2019-05-05,19463.5
Red,中正紀念堂,2019-05-06,31804.5
Red,台大醫院,2019-05-06,54976.0
Red,台北車站,2019-05-06,150177.0
Red,中山,2019-05-06,44110.0
Red,雙連,2019-05-06,49034.0
Red,民權西路,2019-05-06,29946.0
Red,圓山,2019-05-06,54055.0
Red,劍潭,2019-05-06,62096.0
Red,士林,2019-05-06,57357.0
Red,芝山,2019-05-06,47257.0
Red,明德,2019-05-06,27508.0
Red,石牌,2019-05-06,66068.0
Red,唭哩岸,2019-05-06,15171.0
Red,奇岩,2019-05-06,18414.0
Red,北投,2019-05-06,37856.0
Red,新北投,2019-05-06,10422.0
Red,復興崗,2019-05-06,7583.0
Red,忠義,2019-05-06,6946.0
Red,關渡,2019-05-06,26616.0
Red,竹圍,2019-05-06,19492.0
Red,紅樹林,2019-05-06,19284.0
Red,淡水,2019-05-06,68740.0
Red,象山,2019-05-06,26550.0
Red,台北101/世貿,2019-05-06,82245.0
Red,信義安和,2019-05-06,39291.0
Red,大安森林公園,2019-05-06,15251.0
Red,東門,2019-05-06,27326.0
Red,大安,2019-05-06,29528.5
Red,中正紀念堂,2019-05-07,34185.5
Red,台大醫院,2019-05-07,56569.0
Red,台北車站,2019-05-07,138600.0
Red,中山,2019-05-07,44169.5
Red,雙連,2019-05-07,47385.0
Red,民權西路,2019-05-07,30212.5
Red,圓山,2019-05-07,56332.0
Red,劍潭,2019-05-07,65062.0
Red,士林,2019-05-07,58594.0
Red,芝山,2019-05-07,49869.0
Red,明德,2019-05-07,28103.0
Red,石牌,2019-05-07,67492.0
Red,唭哩岸,2019-05-07,15155.0
Red,奇岩,2019-05-07,19009.0
Red,北投,2019-05-07,39118.0
Red,新北投,2019-05-07,10917.0
Red,復興崗,2019-05-07,7880.0
Red,忠義,2019-05-07,7375.0
Red,關渡,2019-05-07,27537.0
Red,竹圍,2019-05-07,20170.0
Red,紅樹林,2019-05-07,19032.0
Red,淡水,2019-05-07,67790.0
Red,象山,2019-05-07,27640.0
Red,台北101/世貿,2019-05-07,65329.0
Red,信義安和,2019-05-07,39647.0
Red,大安森林公園,2019-05-07,16013.0
Red,東門,2019-05-07,26950.0
Red,大安,2019-05-07,30123.5
Red,中正紀念堂,2019-05-08,34940.5
Red,台大醫院,2019-05-08,55842.0
Red,台北車站,2019-05-08,138567.5
Red,中山,2019-05-08,45989.5
Red,雙連,2019-05-08,48698.0
Red,民權西路,2019-05-08,30424.0
Red,圓山,2019-05-08,57344.0
Red,劍潭,2019-05-08,66958.0
Red,士林,2019-05-08,59889.0
Red,芝山,2019-05-08,50290.0
Red,明德,2019-05-08,28366.0
Red,石牌,2019-05-08,68203.0
Red,唭哩岸,2019-05-08,15746.0
Red,奇岩,2019-05-08,19068.0
Red,北投,2019-05-08,40170.0
Red,新北投,2019-05-08,11601.0
Red,復興崗,2019-05-08,7747.0
Red,忠義,2019-05-08,7233.0
Red,關渡,2019-05-08,27957.0
Red,竹圍,2019-05-08,20332.0
Red,紅樹林,2019-05-08,19580.0
Red,淡水,2019-05-08,69991.0
Red,象山,2019-05-08,28137.0
Red,台北101/世貿,2019-05-08,59132.0
Red,信義安和,2019-05-08,39558.0
Red,大安森林公園,2019-05-08,16295.0
Red,東門,2019-05-08,26973.5
Red,大安,2019-05-08,30316.0
Red,中正紀念堂,2019-05-09,35052.0
Red,台大醫院,2019-05-09,54286.0
Red,台北車站,2019-05-09,145298.0
Red,中山,2019-05-09,46393.5
Red,雙連,2019-05-09,48340.0
Red,民權西路,2019-05-09,30665.5
Red,圓山,2019-05-09,55763.0
Red,劍潭,2019-05-09,63958.0
Red,士林,2019-05-09,58556.0
Red,芝山,2019-05-09,48945.0
Red,明德,2019-05-09,27652.0
Red,石牌,2019-05-09,67531.0
Red,唭哩岸,2019-05-09,15629.0
Red,奇岩,2019-05-09,18976.0
Red,北投,2019-05-09,38507.0
Red,新北投,2019-05-09,11597.0
Red,復興崗,2019-05-09,7788.0
Red,忠義,2019-05-09,7302.0
Red,關渡,2019-05-09,26814.0
Red,竹圍,2019-05-09,19810.0
Red,紅樹林,2019-05-09,19341.0
Red,淡水,2019-05-09,69054.0
Red,象山,2019-05-09,27169.0
Red,台北101/世貿,2019-05-09,62013.0
Red,信義安和,2019-05-09,40033.0
Red,大安森林公園,2019-05-09,16135.0
Red,東門,2019-05-09,27758.0
Red,大安,2019-05-09,30217.0
Red,中正紀念堂,2019-05-10,38785.5
Red,台大醫院,2019-05-10,55316.0
Red,台北車站,2019-05-10,190693.0
Red,中山,2019-05-10,54010.0
Red,雙連,2019-05-10,50961.0
Red,民權西路,2019-05-10,32467.5
Red,圓山,2019-05-10,61950.0
Red,劍潭,2019-05-10,75957.0
Red,士林,2019-05-10,65434.0
Red,芝山,2019-05-10,53950.0
Red,明德,2019-05-10,28996.0
Red,石牌,2019-05-10,71791.0
Red,唭哩岸,2019-05-10,16470.0
Red,奇岩,2019-05-10,20377.0
Red,北投,2019-05-10,43742.0
Red,新北投,2019-05-10,12611.0
Red,復興崗,2019-05-10,8310.0
Red,忠義,2019-05-10,7392.0
Red,關渡,2019-05-10,29081.0
Red,竹圍,2019-05-10,21473.0
Red,紅樹林,2019-05-10,20787.0
Red,淡水,2019-05-10,82385.0
Red,象山,2019-05-10,30169.0
Red,台北101/世貿,2019-05-10,69027.0
Red,信義安和,2019-05-10,42390.0
Red,大安森林公園,2019-05-10,18485.0
Red,東門,2019-05-10,31217.5
Red,大安,2019-05-10,32271.5
Red,中正紀念堂,2019-05-11,30871.0
Red,台大醫院,2019-05-11,26149.0
Red,台北車站,2019-05-11,174474.0
Red,中山,2019-05-11,53334.0
Red,雙連,2019-05-11,41333.0
Red,民權西路,2019-05-11,24455.5
Red,圓山,2019-05-11,71487.0
Red,劍潭,2019-05-11,70382.0
Red,士林,2019-05-11,57001.0
Red,芝山,2019-05-11,45323.0
Red,明德,2019-05-11,20171.0
Red,石牌,2019-05-11,52374.0
Red,唭哩岸,2019-05-11,13333.0
Red,奇岩,2019-05-11,13975.0
Red,北投,2019-05-11,34965.0
Red,新北投,2019-05-11,13019.0
Red,復興崗,2019-05-11,6275.0
Red,忠義,2019-05-11,4109.0
Red,關渡,2019-05-11,19367.0
Red,竹圍,2019-05-11,18191.0
Red,紅樹林,2019-05-11,18934.0
Red,淡水,2019-05-11,83163.0
Red,象山,2019-05-11,21934.0
Red,台北101/世貿,2019-05-11,57093.0
Red,信義安和,2019-05-11,28423.0
Red,大安森林公園,2019-05-11,22842.0
Red,東門,2019-05-11,27486.5
Red,大安,2019-05-11,19936.5
Red,中正紀念堂,2019-05-12,39902.5
Red,台大醫院,2019-05-12,21043.0
Red,台北車站,2019-05-12,173959.5
Red,中山,2019-05-12,43104.0
Red,雙連,2019-05-12,30606.0
Red,民權西路,2019-05-12,21854.5
Red,圓山,2019-05-12,52111.0
Red,劍潭,2019-05-12,57435.0
Red,士林,2019-05-12,45249.0
Red,芝山,2019-05-12,42208.0
Red,明德,2019-05-12,15683.0
Red,石牌,2019-05-12,42483.0
Red,唭哩岸,2019-05-12,11244.0
Red,奇岩,2019-05-12,11361.0
Red,北投,2019-05-12,31365.0
Red,新北投,2019-05-12,11614.0
Red,復興崗,2019-05-12,5699.0
Red,忠義,2019-05-12,3265.0
Red,關渡,2019-05-12,16213.0
Red,竹圍,2019-05-12,15660.0
Red,紅樹林,2019-05-12,18077.0
Red,淡水,2019-05-12,83927.0
Red,象山,2019-05-12,18374.0
Red,台北101/世貿,2019-05-12,51710.0
Red,信義安和,2019-05-12,21955.0
Red,大安森林公園,2019-05-12,19734.0
Red,東門,2019-05-12,23463.5
Red,大安,2019-05-12,14580.0
Red,中正紀念堂,2019-05-13,32496.5
Red,台大醫院,2019-05-13,52960.0
Red,台北車站,2019-05-13,150433.0
Red,中山,2019-05-13,42614.5
Red,雙連,2019-05-13,47710.0
Red,民權西路,2019-05-13,29441.0
Red,圓山,2019-05-13,54494.0
Red,劍潭,2019-05-13,66455.0
Red,士林,2019-05-13,57068.0
Red,芝山,2019-05-13,47018.0
Red,明德,2019-05-13,27126.0
Red,石牌,2019-05-13,65388.0
Red,唭哩岸,2019-05-13,14787.0
Red,奇岩,2019-05-13,17830.0
Red,北投,2019-05-13,38005.0
Red,新北投,2019-05-13,9929.0
Red,復興崗,2019-05-13,7462.0
Red,忠義,2019-05-13,6843.0
Red,關渡,2019-05-13,26186.0
Red,竹圍,2019-05-13,19953.0
Red,紅樹林,2019-05-13,19717.0
Red,淡水,2019-05-13,75031.0
Red,象山,2019-05-13,27737.0
Red,台北101/世貿,2019-05-13,58671.0
Red,信義安和,2019-05-13,37283.0
Red,大安森林公園,2019-05-13,16010.0
Red,東門,2019-05-13,26402.0
Red,大安,2019-05-13,28321.0
Red,中正紀念堂,2019-05-14,33822.0
Red,台大醫院,2019-05-14,55207.0
Red,台北車站,2019-05-14,140549.5
Red,中山,2019-05-14,44717.0
Red,雙連,2019-05-14,47770.0
Red,民權西路,2019-05-14,30402.0
Red,圓山,2019-05-14,57234.0
Red,劍潭,2019-05-14,66566.0
Red,士林,2019-05-14,58906.0
Red,芝山,2019-05-14,48405.0
Red,明德,2019-05-14,27513.0
Red,石牌,2019-05-14,65970.0
Red,唭哩岸,2019-05-14,14888.0
Red,奇岩,2019-05-14,18747.0
Red,北投,2019-05-14,39013.0
Red,新北投,2019-05-14,10679.0
Red,復興崗,2019-05-14,7950.0
Red,忠義,2019-05-14,7143.0
Red,關渡,2019-05-14,27100.0
Red,竹圍,2019-05-14,19831.0
Red,紅樹林,2019-05-14,19697.0
Red,淡水,2019-05-14,71869.0
Red,象山,2019-05-14,28308.0
Red,台北101/世貿,2019-05-14,59567.0
Red,信義安和,2019-05-14,38087.0
Red,大安森林公園,2019-05-14,16248.0
Red,東門,2019-05-14,26650.0
Red,大安,2019-05-14,29417.5
Red,中正紀念堂,2019-05-15,33988.5
Red,台大醫院,2019-05-15,55781.0
Red,台北車站,2019-05-15,144600.5
Red,中山,2019-05-15,45753.5
Red,雙連,2019-05-15,50247.0
Red,民權西路,2019-05-15,30187.0
Red,圓山,2019-05-15,57195.0
Red,劍潭,2019-05-15,67692.0
Red,士林,2019-05-15,58635.0
Red,芝山,2019-05-15,49192.0
Red,明德,2019-05-15,27671.0
Red,石牌,2019-05-15,68277.0
Red,唭哩岸,2019-05-15,15271.0
Red,奇岩,2019-05-15,18584.0
Red,北投,2019-05-15,39773.0
Red,新北投,2019-05-15,10894.0
Red,復興崗,2019-05-15,8222.0
Red,忠義,2019-05-15,7287.0
Red,關渡,2019-05-15,27228.0
Red,竹圍,2019-05-15,20332.0
Red,紅樹林,2019-05-15,19422.0
Red,淡水,2019-05-15,72626.0
Red,象山,2019-05-15,28759.0
Red,台北101/世貿,2019-05-15,62845.0
Red,信義安和,2019-05-15,38710.0
Red,大安森林公園,2019-05-15,16684.0
Red,東門,2019-05-15,27310.5
Red,大安,2019-05-15,29612.0
Red,中正紀念堂,2019-05-16,35319.0
Red,台大醫院,2019-05-16,54870.0
Red,台北車站,2019-05-16,147440.0
Red,中山,2019-05-16,46104.5
Red,雙連,2019-05-16,50599.0
Red,民權西路,2019-05-16,30368.0
Red,圓山,2019-05-16,56327.0
Red,劍潭,2019-05-16,68913.0
Red,士林,2019-05-16,59389.0
Red,芝山,2019-05-16,49031.0
Red,明德,2019-05-16,27280.0
Red,石牌,2019-05-16,67280.0
Red,唭哩岸,2019-05-16,15154.0
Red,奇岩,2019-05-16,19267.0
Red,北投,2019-05-16,38958.0
Red,新北投,2019-05-16,10872.0
Red,復興崗,2019-05-16,7952.0
Red,忠義,2019-05-16,7068.0
Red,關渡,2019-05-16,26217.0
Red,竹圍,2019-05-16,20032.0
Red,紅樹林,2019-05-16,19622.0
Red,淡水,2019-05-16,73254.0
Red,象山,2019-05-16,28447.0
Red,台北101/世貿,2019-05-16,61871.0
Red,信義安和,2019-05-16,38954.0
Red,大安森林公園,2019-05-16,16483.0
Red,東門,2019-05-16,27519.5
Red,大安,2019-05-16,30128.0
Red,中正紀念堂,2019-05-17,37586.5
Red,台大醫院,2019-05-17,56555.0
Red,台北車站,2019-05-17,187211.0
Red,中山,2019-05-17,53013.5
Red,雙連,2019-05-17,53532.0
Red,民權西路,2019-05-17,31328.5
Red,圓山,2019-05-17,58464.0
Red,劍潭,2019-05-17,73699.0
Red,士林,2019-05-17,63435.0
Red,芝山,2019-05-17,51540.0
Red,明德,2019-05-17,27737.0
Red,石牌,2019-05-17,68673.0
Red,唭哩岸,2019-05-17,15562.0
Red,奇岩,2019-05-17,19053.0
Red,北投,2019-05-17,40239.0
Red,新北投,2019-05-17,11435.0
Red,復興崗,2019-05-17,7763.0
Red,忠義,2019-05-17,7381.0
Red,關渡,2019-05-17,27686.0
Red,竹圍,2019-05-17,20692.0
Red,紅樹林,2019-05-17,20047.0
Red,淡水,2019-05-17,74357.0
Red,象山,2019-05-17,29419.0
Red,台北101/世貿,2019-05-17,90001.0
Red,信義安和,2019-05-17,42580.0
Red,大安森林公園,2019-05-17,17267.0
Red,東門,2019-05-17,30348.0
Red,大安,2019-05-17,32568.5
Red,中正紀念堂,2019-05-18,31138.0
Red,台大醫院,2019-05-18,29391.0
Red,台北車站,2019-05-18,189144.5
Red,中山,2019-05-18,57504.0
Red,雙連,2019-05-18,43823.0
Red,民權西路,2019-05-18,25587.5
Red,圓山,2019-05-18,72644.0
Red,劍潭,2019-05-18,75550.0
Red,士林,2019-05-18,63078.0
Red,芝山,2019-05-18,44368.0
Red,明德,2019-05-18,19958.0
Red,石牌,2019-05-18,52563.0
Red,唭哩岸,2019-05-18,13734.0
Red,奇岩,2019-05-18,14544.0
Red,北投,2019-05-18,34612.0
Red,新北投,2019-05-18,13466.0
Red,復興崗,2019-05-18,6648.0
Red,忠義,2019-05-18,4014.0
Red,關渡,2019-05-18,19380.0
Red,竹圍,2019-05-18,18084.0
Red,紅樹林,2019-05-18,18578.0
Red,淡水,2019-05-18,80314.0
Red,象山,2019-05-18,22625.0
Red,台北101/世貿,2019-05-18,91245.0
Red,信義安和,2019-05-18,30980.0
Red,大安森林公園,2019-05-18,20380.0
Red,東門,2019-05-18,30088.0
Red,大安,2019-05-18,22608.5
Red,中正紀念堂,2019-05-19,29737.0
Red,台大醫院,2019-05-19,23883.0
Red,台北車站,2019-05-19,185749.0
Red,中山,2019-05-19,48860.5
Red,雙連,2019-05-19,31690.0
Red,民權西路,2019-05-19,24190.0
Red,圓山,2019-05-19,65803.0
Red,劍潭,2019-05-19,63540.0
Red,士林,2019-05-19,49478.0
Red,芝山,2019-05-19,43026.0
Red,明德,2019-05-19,16358.0
Red,石牌,2019-05-19,46080.0
Red,唭哩岸,2019-05-19,11445.0
Red,奇岩,2019-05-19,11333.0
Red,北投,2019-05-19,30996.0
Red,新北投,2019-05-19,12442.0
Red,復興崗,2019-05-19,5614.0
Red,忠義,2019-05-19,3387.0
Red,關渡,2019-05-19,17283.0
Red,竹圍,2019-05-19,15760.0
Red,紅樹林,2019-05-19,16814.0
Red,淡水,2019-05-19,80465.0
Red,象山,2019-05-19,20083.0
Red,台北101/世貿,2019-05-19,87145.0
Red,信義安和,2019-05-19,24415.0
Red,大安森林公園,2019-05-19,23068.0
Red,東門,2019-05-19,26465.5
Red,大安,2019-05-19,18023.5
Red,中正紀念堂,2019-05-20,30575.5
Red,台大醫院,2019-05-20,51958.0
Red,台北車站,2019-05-20,142647.0
Red,中山,2019-05-20,39634.5
Red,雙連,2019-05-20,45854.0
Red,民權西路,2019-05-20,27588.5
Red,圓山,2019-05-20,49437.0
Red,劍潭,2019-05-20,60610.0
Red,士林,2019-05-20,52966.0
Red,芝山,2019-05-20,43773.0
Red,明德,2019-05-20,25264.0
Red,石牌,2019-05-20,61193.0
Red,唭哩岸,2019-05-20,14306.0
Red,奇岩,2019-05-20,17859.0
Red,北投,2019-05-20,33730.0
Red,新北投,2019-05-20,9760.0
Red,復興崗,2019-05-20,7526.0
Red,忠義,2019-05-20,6829.0
Red,關渡,2019-05-20,24744.0
Red,竹圍,2019-05-20,18027.0
Red,紅樹林,2019-05-20,17494.0
Red,淡水,2019-05-20,61346.0
Red,象山,2019-05-20,26286.0
Red,台北101/世貿,2019-05-20,75055.0
Red,信義安和,2019-05-20,37489.0
Red,大安森林公園,2019-05-20,14779.0
Red,東門,2019-05-20,24798.5
Red,大安,2019-05-20,28324.5
Red,中正紀念堂,2019-05-21,35077.5
Red,台大醫院,2019-05-21,55814.0
Red,台北車站,2019-05-21,139936.5
Red,中山,2019-05-21,44116.5
Red,雙連,2019-05-21,48670.0
Red,民權西路,2019-05-21,30006.0
Red,圓山,2019-05-21,57517.0
Red,劍潭,2019-05-21,67397.0
Red,士林,2019-05-21,60041.0
Red,芝山,2019-05-21,48697.0
Red,明德,2019-05-21,27095.0
Red,石牌,2019-05-21,67304.0
Red,唭哩岸,2019-05-21,14960.0
Red,奇岩,2019-05-21,19266.0
Red,北投,2019-05-21,39526.0
Red,新北投,2019-05-21,11060.0
Red,復興崗,2019-05-21,7964.0
Red,忠義,2019-05-21,7284.0
Red,關渡,2019-05-21,27353.0
Red,竹圍,2019-05-21,20121.0
Red,紅樹林,2019-05-21,19498.0
Red,淡水,2019-05-21,72679.0
Red,象山,2019-05-21,28806.0
Red,台北101/世貿,2019-05-21,59592.0
Red,信義安和,2019-05-21,38360.0
Red,大安森林公園,2019-05-21,16756.0
Red,東門,2019-05-21,27781.5
Red,大安,2019-05-21,30352.5
Red,中正紀念堂,2019-05-22,35331.0
Red,台大醫院,2019-05-22,55595.0
Red,台北車站,2019-05-22,143000.5
Red,中山,2019-05-22,46405.0
Red,雙連,2019-05-22,48541.0
Red,民權西路,2019-05-22,29903.0
Red,圓山,2019-05-22,56882.0
Red,劍潭,2019-05-22,67923.0
Red,士林,2019-05-22,60137.0
Red,芝山,2019-05-22,49806.0
Red,明德,2019-05-22,27411.0
Red,石牌,2019-05-22,68671.0
Red,唭哩岸,2019-05-22,15339.0
Red,奇岩,2019-05-22,18959.0
Red,北投,2019-05-22,40192.0
Red,新北投,2019-05-22,11232.0
Red,復興崗,2019-05-22,8025.0
Red,忠義,2019-05-22,7369.0
Red,關渡,2019-05-22,27705.0
Red,竹圍,2019-05-22,20185.0
Red,紅樹林,2019-05-22,19679.0
Red,淡水,2019-05-22,73694.0
Red,象山,2019-05-22,28953.0
Red,台北101/世貿,2019-05-22,60519.0
Red,信義安和,2019-05-22,38673.0
Red,大安森林公園,2019-05-22,16870.0
Red,東門,2019-05-22,27705.0
Red,大安,2019-05-22,30013.5
Red,中正紀念堂,2019-05-23,36307.5
Red,台大醫院,2019-05-23,54266.0
Red,台北車站,2019-05-23,147182.5
Red,中山,2019-05-23,45661.5
Red,雙連,2019-05-23,47680.0
Red,民權西路,2019-05-23,30573.0
Red,圓山,2019-05-23,55933.0
Red,劍潭,2019-05-23,70154.0
Red,士林,2019-05-23,59632.0
Red,芝山,2019-05-23,48560.0
Red,明德,2019-05-23,26766.0
Red,石牌,2019-05-23,66314.0
Red,唭哩岸,2019-05-23,15141.0
Red,奇岩,2019-05-23,19345.0
Red,北投,2019-05-23,38491.0
Red,新北投,2019-05-23,11481.0
Red,復興崗,2019-05-23,8055.0
Red,忠義,2019-05-23,7427.0
Red,關渡,2019-05-23,27063.0
Red,竹圍,2019-05-23,20043.0
Red,紅樹林,2019-05-23,19183.0
Red,淡水,2019-05-23,73700.0
Red,象山,2019-05-23,28585.0
Red,台北101/世貿,2019-05-23,63592.0
Red,信義安和,2019-05-23,39105.0
Red,大安森林公園,2019-05-23,16637.0
Red,東門,2019-05-23,27736.5
Red,大安,2019-05-23,30183.0
Red,中正紀念堂,2019-05-24,40792.5
Red,台大醫院,2019-05-24,57304.0
Red,台北車站,2019-05-24,184121.0
Red,中山,2019-05-24,54416.0
Red,雙連,2019-05-24,51615.0
Red,民權西路,2019-05-24,32153.0
Red,圓山,2019-05-24,61491.0
Red,劍潭,2019-05-24,77028.0
Red,士林,2019-05-24,67087.0
Red,芝山,2019-05-24,53850.0
Red,明德,2019-05-24,27740.0
Red,石牌,2019-05-24,70855.0
Red,唭哩岸,2019-05-24,16054.0
Red,奇岩,2019-05-24,19712.0
Red,北投,2019-05-24,43521.0
Red,新北投,2019-05-24,12234.0
Red,復興崗,2019-05-24,8347.0
Red,忠義,2019-05-24,7256.0
Red,關渡,2019-05-24,28477.0
Red,竹圍,2019-05-24,21509.0
Red,紅樹林,2019-05-24,21446.0
Red,淡水,2019-05-24,84708.0
Red,象山,2019-05-24,31201.0
Red,台北101/世貿,2019-05-24,69024.0
Red,信義安和,2019-05-24,41731.0
Red,大安森林公園,2019-05-24,18865.0
Red,東門,2019-05-24,31273.0
Red,大安,2019-05-24,31166.5
Red,中正紀念堂,2019-05-25,35706.5
Red,台大醫院,2019-05-25,30482.0
Red,台北車站,2019-05-25,190818.5
Red,中山,2019-05-25,60404.0
Red,雙連,2019-05-25,45333.0
Red,民權西路,2019-05-25,27744.5
Red,圓山,2019-05-25,77236.0
Red,劍潭,2019-05-25,81646.0
Red,士林,2019-05-25,64226.0
Red,芝山,2019-05-25,44556.0
Red,明德,2019-05-25,20673.0
Red,石牌,2019-05-25,60258.0
Red,唭哩岸,2019-05-25,13776.0
Red,奇岩,2019-05-25,14587.0
Red,北投,2019-05-25,39914.0
Red,新北投,2019-05-25,15230.0
Red,復興崗,2019-05-25,6840.0
Red,忠義,2019-05-25,4289.0
Red,關渡,2019-05-25,20964.0
Red,竹圍,2019-05-25,18837.0
Red,紅樹林,2019-05-25,20072.0
Red,淡水,2019-05-25,91766.0
Red,象山,2019-05-25,24764.0
Red,台北101/世貿,2019-05-25,63379.0
Red,信義安和,2019-05-25,30505.0
Red,大安森林公園,2019-05-25,25756.0
Red,東門,2019-05-25,30042.5
Red,大安,2019-05-25,22090.5
Red,中正紀念堂,2019-05-26,30843.0
Red,台大醫院,2019-05-26,24155.0
Red,台北車站,2019-05-26,177880.0
Red,中山,2019-05-26,48163.0
Red,雙連,2019-05-26,31876.0
Red,民權西路,2019-05-26,24044.5
Red,圓山,2019-05-26,53899.0
Red,劍潭,2019-05-26,64254.0
Red,士林,2019-05-26,49473.0
Red,芝山,2019-05-26,42067.0
Red,明德,2019-05-26,15836.0
Red,石牌,2019-05-26,48403.0
Red,唭哩岸,2019-05-26,11309.0
Red,奇岩,2019-05-26,12430.0
Red,北投,2019-05-26,32609.0
Red,新北投,2019-05-26,12244.0
Red,復興崗,2019-05-26,5785.0
Red,忠義,2019-05-26,3295.0
Red,關渡,2019-05-26,17350.0
Red,竹圍,2019-05-26,15541.0
Red,紅樹林,2019-05-26,18321.0
Red,淡水,2019-05-26,84343.0
Red,象山,2019-05-26,21799.0
Red,台北101/世貿,2019-05-26,54049.0
Red,信義安和,2019-05-26,22843.0
Red,大安森林公園,2019-05-26,20915.0
Red,東門,2019-05-26,25639.5
Red,大安,2019-05-26,18216.0
Red,中正紀念堂,2019-05-27,32127.5
Red,台大醫院,2019-05-27,53677.0
Red,台北車站,2019-05-27,143871.5
Red,中山,2019-05-27,41706.5
Red,雙連,2019-05-27,46630.0
Red,民權西路,2019-05-27,29357.0
Red,圓山,2019-05-27,52614.0
Red,劍潭,2019-05-27,63410.0
Red,士林,2019-05-27,55913.0
Red,芝山,2019-05-27,45784.0
Red,明德,2019-05-27,26092.0
Red,石牌,2019-05-27,64672.0
Red,唭哩岸,2019-05-27,14778.0
Red,奇岩,2019-05-27,18235.0
Red,北投,2019-05-27,36218.0
Red,新北投,2019-05-27,9143.0
Red,復興崗,2019-05-27,7650.0
Red,忠義,2019-05-27,6930.0
Red,關渡,2019-05-27,26340.0
Red,竹圍,2019-05-27,19164.0
Red,紅樹林,2019-05-27,18627.0
Red,淡水,2019-05-27,68781.0
Red,象山,2019-05-27,27117.0
Red,台北101/世貿,2019-05-27,58737.0
Red,信義安和,2019-05-27,37356.0
Red,大安森林公園,2019-05-27,15470.0
Red,東門,2019-05-27,25273.5
Red,大安,2019-05-27,28231.5
Red,中正紀念堂,2019-05-28,33206.0
Red,台大醫院,2019-05-28,55238.0
Red,台北車站,2019-05-28,136519.0
Red,中山,2019-05-28,42998.0
Red,雙連,2019-05-28,46915.0
Red,民權西路,2019-05-28,29121.0
Red,圓山,2019-05-28,53141.0
Red,劍潭,2019-05-28,62919.0
Red,士林,2019-05-28,55673.0
Red,芝山,2019-05-28,45601.0
Red,明德,2019-05-28,26444.0
Red,石牌,2019-05-28,63678.0
Red,唭哩岸,2019-05-28,14952.0
Red,奇岩,2019-05-28,18603.0
Red,北投,2019-05-28,35718.0
Red,新北投,2019-05-28,9680.0
Red,復興崗,2019-05-28,7387.0
Red,忠義,2019-05-28,7095.0
Red,關渡,2019-05-28,26527.0
Red,竹圍,2019-05-28,18575.0
Red,紅樹林,2019-05-28,18105.0
Red,淡水,2019-05-28,62811.0
Red,象山,2019-05-28,26927.0
Red,台北101/世貿,2019-05-28,62977.0
Red,信義安和,2019-05-28,38833.0
Red,大安森林公園,2019-05-28,15468.0
Red,東門,2019-05-28,26121.5
Red,大安,2019-05-28,29305.0
Red,中正紀念堂,2019-05-29,35777.0
Red,台大醫院,2019-05-29,56012.0
Red,台北車站,2019-05-29,144756.5
Red,中山,2019-05-29,45998.5
Red,雙連,2019-05-29,48625.0
Red,民權西路,2019-05-29,30381.0
Red,圓山,2019-05-29,58009.0
Red,劍潭,2019-05-29,69180.0
Red,士林,2019-05-29,59837.0
Red,芝山,2019-05-29,49426.0
Red,明德,2019-05-29,27517.0
Red,石牌,2019-05-29,68030.0
Red,唭哩岸,2019-05-29,15501.0
Red,奇岩,2019-05-29,18839.0
Red,北投,2019-05-29,40077.0
Red,新北投,2019-05-29,11121.0
Red,復興崗,2019-05-29,7914.0
Red,忠義,2019-05-29,7401.0
Red,關渡,2019-05-29,27631.0
Red,竹圍,2019-05-29,20156.0
Red,紅樹林,2019-05-29,19423.0
Red,淡水,2019-05-29,72833.0
Red,象山,2019-05-29,29430.0
Red,台北101/世貿,2019-05-29,71191.0
Red,信義安和,2019-05-29,39327.0
Red,大安森林公園,2019-05-29,17187.0
Red,東門,2019-05-29,27997.5
Red,大安,2019-05-29,29975.0
Red,中正紀念堂,2019-05-30,36258.0
Red,台大醫院,2019-05-30,55902.0
Red,台北車站,2019-05-30,148638.5
Red,中山,2019-05-30,47143.0
Red,雙連,2019-05-30,47860.0
Red,民權西路,2019-05-30,30831.0
Red,圓山,2019-05-30,58194.0
Red,劍潭,2019-05-30,70139.0
Red,士林,2019-05-30,61322.0
Red,芝山,2019-05-30,49413.0
Red,明德,2019-05-30,27444.0
Red,石牌,2019-05-30,67264.0
Red,唭哩岸,2019-05-30,15327.0
Red,奇岩,2019-05-30,19173.0
Red,北投,2019-05-30,40116.0
Red,新北投,2019-05-30,11259.0
Red,復興崗,2019-05-30,7926.0
Red,忠義,2019-05-30,7295.0
Red,關渡,2019-05-30,27300.0
Red,竹圍,2019-05-30,19570.0
Red,紅樹林,2019-05-30,19836.0
Red,淡水,2019-05-30,76565.0
Red,象山,2019-05-30,29727.0
Red,台北101/世貿,2019-05-30,72093.0
Red,信義安和,2019-05-30,39347.0
Red,大安森林公園,2019-05-30,17015.0
Red,東門,2019-05-30,27562.0
Red,大安,2019-05-30,30343.0
Red,中正紀念堂,2019-05-31,39972.0
Red,台大醫院,2019-05-31,58154.0
Red,台北車站,2019-05-31,180755.5
Red,中山,2019-05-31,54055.5
Red,雙連,2019-05-31,51448.0
Red,民權西路,2019-05-31,32785.5
Red,圓山,2019-05-31,62903.0
Red,劍潭,2019-05-31,75111.0
Red,士林,2019-05-31,67413.0
Red,芝山,2019-05-31,53479.0
Red,明德,2019-05-31,28093.0
Red,石牌,2019-05-31,70349.0
Red,唭哩岸,2019-05-31,16134.0
Red,奇岩,2019-05-31,19454.0
Red,北投,2019-05-31,43562.0
Red,新北投,2019-05-31,12068.0
Red,復興崗,2019-05-31,8210.0
Red,忠義,2019-05-31,7501.0
Red,關渡,2019-05-31,28271.0
Red,竹圍,2019-05-31,21071.0
Red,紅樹林,2019-05-31,21154.0
Red,淡水,2019-05-31,83404.0
Red,象山,2019-05-31,30156.0
Red,台北101/世貿,2019-05-31,75441.0
Red,信義安和,2019-05-31,42562.0
Red,大安森林公園,2019-05-31,18527.0
Red,東門,2019-05-31,30944.5
Red,大安,2019-05-31,31375.5
Red,中正紀念堂,2019-06-01,49192.0
Red,台大醫院,2019-06-01,87354.0
Red,台北車站,2019-06-01,195785.5
Red,中山,2019-06-01,56623.0
Red,雙連,2019-06-01,43548.0
Red,民權西路,2019-06-01,26626.5
Red,圓山,2019-06-01,60724.0
Red,劍潭,2019-06-01,75927.0
Red,士林,2019-06-01,61086.0
Red,芝山,2019-06-01,44697.0
Red,明德,2019-06-01,20249.0
Red,石牌,2019-06-01,56933.0
Red,唭哩岸,2019-06-01,13166.0
Red,奇岩,2019-06-01,13549.0
Red,北投,2019-06-01,35158.0
Red,新北投,2019-06-01,12006.0
Red,復興崗,2019-06-01,6587.0
Red,忠義,2019-06-01,3964.0
Red,關渡,2019-06-01,19344.0
Red,竹圍,2019-06-01,18387.0
Red,紅樹林,2019-06-01,22405.0
Red,淡水,2019-06-01,79019.0
Red,象山,2019-06-01,20471.0
Red,台北101/世貿,2019-06-01,61398.0
Red,信義安和,2019-06-01,30855.0
Red,大安森林公園,2019-06-01,20367.0
Red,東門,2019-06-01,30741.5
Red,大安,2019-06-01,22992.0
Red,中正紀念堂,2019-06-02,28353.0
Red,台大醫院,2019-06-02,23102.0
Red,台北車站,2019-06-02,166517.5
Red,中山,2019-06-02,45774.0
Red,雙連,2019-06-02,30872.0
Red,民權西路,2019-06-02,21643.5
Red,圓山,2019-06-02,52822.0
Red,劍潭,2019-06-02,59383.0
Red,士林,2019-06-02,49407.0
Red,芝山,2019-06-02,42345.0
Red,明德,2019-06-02,16167.0
Red,石牌,2019-06-02,44335.0
Red,唭哩岸,2019-06-02,11153.0
Red,奇岩,2019-06-02,10795.0
Red,北投,2019-06-02,30443.0
Red,新北投,2019-06-02,11157.0
Red,復興崗,2019-06-02,5881.0
Red,忠義,2019-06-02,3376.0
Red,關渡,2019-06-02,16683.0
Red,竹圍,2019-06-02,14958.0
Red,紅樹林,2019-06-02,17060.0
Red,淡水,2019-06-02,75839.0
Red,象山,2019-06-02,18207.0
Red,台北101/世貿,2019-06-02,48712.0
Red,信義安和,2019-06-02,22766.0
Red,大安森林公園,2019-06-02,19497.0
Red,東門,2019-06-02,24763.0
Red,大安,2019-06-02,19705.0
Red,中正紀念堂,2019-06-03,33767.5
Red,台大醫院,2019-06-03,53745.0
Red,台北車站,2019-06-03,144985.5
Red,中山,2019-06-03,43307.5
Red,雙連,2019-06-03,47518.0
Red,民權西路,2019-06-03,29255.5
Red,圓山,2019-06-03,53815.0
Red,劍潭,2019-06-03,64574.0
Red,士林,2019-06-03,58044.0
Red,芝山,2019-06-03,47391.0
Red,明德,2019-06-03,26962.0
Red,石牌,2019-06-03,65365.0
Red,唭哩岸,2019-06-03,14873.0
Red,奇岩,2019-06-03,18263.0
Red,北投,2019-06-03,38482.0
Red,新北投,2019-06-03,9516.0
Red,復興崗,2019-06-03,7562.0
Red,忠義,2019-06-03,7007.0
Red,關渡,2019-06-03,26419.0
Red,竹圍,2019-06-03,19376.0
Red,紅樹林,2019-06-03,19173.0
Red,淡水,2019-06-03,70942.0
Red,象山,2019-06-03,27258.0
Red,台北101/世貿,2019-06-03,58096.0
Red,信義安和,2019-06-03,38087.0
Red,大安森林公園,2019-06-03,15256.0
Red,東門,2019-06-03,25962.5
Red,大安,2019-06-03,29303.5
Red,中正紀念堂,2019-06-04,37761.5
Red,台大醫院,2019-06-04,56236.0
Red,台北車站,2019-06-04,143878.5
Red,中山,2019-06-04,44430.0
Red,雙連,2019-06-04,48461.0
Red,民權西路,2019-06-04,29817.5
Red,圓山,2019-06-04,56312.0
Red,劍潭,2019-06-04,66465.0
Red,士林,2019-06-04,58313.0
Red,芝山,2019-06-04,48166.0
Red,明德,2019-06-04,27286.0
Red,石牌,2019-06-04,66556.0
Red,唭哩岸,2019-06-04,15065.0
Red,奇岩,2019-06-04,18467.0
Red,北投,2019-06-04,38024.0
Red,新北投,2019-06-04,10599.0
Red,復興崗,2019-06-04,7826.0
Red,忠義,2019-06-04,7310.0
Red,關渡,2019-06-04,27255.0
Red,竹圍,2019-06-04,19434.0
Red,紅樹林,2019-06-04,19130.0
Red,淡水,2019-06-04,69407.0
Red,象山,2019-06-04,27861.0
Red,台北101/世貿,2019-06-04,60602.0
Red,信義安和,2019-06-04,39113.0
Red,大安森林公園,2019-06-04,15859.0
Red,東門,2019-06-04,26841.5
Red,大安,2019-06-04,29076.5
Red,中正紀念堂,2019-06-05,38028.5
Red,台大醫院,2019-06-05,56420.0
Red,台北車站,2019-06-05,155189.5
Red,中山,2019-06-05,46903.5
Red,雙連,2019-06-05,49846.0
Red,民權西路,2019-06-05,30683.0
Red,圓山,2019-06-05,57419.0
Red,劍潭,2019-06-05,68571.0
Red,士林,2019-06-05,60053.0
Red,芝山,2019-06-05,49970.0
Red,明德,2019-06-05,27543.0
Red,石牌,2019-06-05,68773.0
Red,唭哩岸,2019-06-05,15200.0
Red,奇岩,2019-06-05,18989.0
Red,北投,2019-06-05,39445.0
Red,新北投,2019-06-05,10624.0
Red,復興崗,2019-06-05,8336.0
Red,忠義,2019-06-05,7516.0
Red,關渡,2019-06-05,27826.0
Red,竹圍,2019-06-05,20073.0
Red,紅樹林,2019-06-05,20039.0
Red,淡水,2019-06-05,73052.0
Red,象山,2019-06-05,28490.0
Red,台北101/世貿,2019-06-05,61733.0
Red,信義安和,2019-06-05,39639.0
Red,大安森林公園,2019-06-05,18440.0
Red,東門,2019-06-05,28009.5
Red,大安,2019-06-05,29956.5
Red,中正紀念堂,2019-06-06,38848.5
Red,台大醫院,2019-06-06,54772.0
Red,台北車站,2019-06-06,187975.0
Red,中山,2019-06-06,50408.5
Red,雙連,2019-06-06,50443.0
Red,民權西路,2019-06-06,31593.0
Red,圓山,2019-06-06,59973.0
Red,劍潭,2019-06-06,75086.0
Red,士林,2019-06-06,64714.0
Red,芝山,2019-06-06,50682.0
Red,明德,2019-06-06,27190.0
Red,石牌,2019-06-06,69144.0
Red,唭哩岸,2019-06-06,15597.0
Red,奇岩,2019-06-06,19216.0
Red,北投,2019-06-06,41256.0
Red,新北投,2019-06-06,11639.0
Red,復興崗,2019-06-06,7963.0
Red,忠義,2019-06-06,7237.0
Red,關渡,2019-06-06,28295.0
Red,竹圍,2019-06-06,20452.0
Red,紅樹林,2019-06-06,21190.0
Red,淡水,2019-06-06,80142.0
Red,象山,2019-06-06,29247.0
Red,台北101/世貿,2019-06-06,65075.0
Red,信義安和,2019-06-06,40568.0
Red,大安森林公園,2019-06-06,16346.0
Red,東門,2019-06-06,29089.5
Red,大安,2019-06-06,30053.0
Red,中正紀念堂,2019-06-07,22178.5
Red,台大醫院,2019-06-07,17686.0
Red,台北車站,2019-06-07,153788.5
Red,中山,2019-06-07,43271.0
Red,雙連,2019-06-07,29205.0
Red,民權西路,2019-06-07,18235.0
Red,圓山,2019-06-07,45935.0
Red,劍潭,2019-06-07,61241.0
Red,士林,2019-06-07,43629.0
Red,芝山,2019-06-07,33150.0
Red,明德,2019-06-07,13563.0
Red,石牌,2019-06-07,39101.0
Red,唭哩岸,2019-06-07,10151.0
Red,奇岩,2019-06-07,10085.0
Red,北投,2019-06-07,27120.0
Red,新北投,2019-06-07,9789.0
Red,復興崗,2019-06-07,5122.0
Red,忠義,2019-06-07,3309.0
Red,關渡,2019-06-07,15053.0
Red,竹圍,2019-06-07,16062.0
Red,紅樹林,2019-06-07,22676.0
Red,淡水,2019-06-07,84853.0
Red,象山,2019-06-07,16786.0
Red,台北101/世貿,2019-06-07,50891.0
Red,信義安和,2019-06-07,22441.0
Red,大安森林公園,2019-06-07,13077.0
Red,東門,2019-06-07,22488.0
Red,大安,2019-06-07,13415.5
Red,中正紀念堂,2019-06-08,27771.0
Red,台大醫院,2019-06-08,22806.0
Red,台北車站,2019-06-08,169327.5
Red,中山,2019-06-08,50614.5
Red,雙連,2019-06-08,37871.0
Red,民權西路,2019-06-08,22097.0
Red,圓山,2019-06-08,52762.0
Red,劍潭,2019-06-08,71018.0
Red,士林,2019-06-08,53729.0
Red,芝山,2019-06-08,37757.0
Red,明德,2019-06-08,16075.0
Red,石牌,2019-06-08,47126.0
Red,唭哩岸,2019-06-08,11620.0
Red,奇岩,2019-06-08,12022.0
Red,北投,2019-06-08,32532.0
Red,新北投,2019-06-08,13461.0
Red,復興崗,2019-06-08,6179.0
Red,忠義,2019-06-08,3956.0
Red,關渡,2019-06-08,17511.0
Red,竹圍,2019-06-08,19756.0
Red,紅樹林,2019-06-08,29761.0
Red,淡水,2019-06-08,104423.0
Red,象山,2019-06-08,20002.0
Red,台北101/世貿,2019-06-08,62397.0
Red,信義安和,2019-06-08,24849.0
Red,大安森林公園,2019-06-08,22964.0
Red,東門,2019-06-08,26118.5
Red,大安,2019-06-08,16530.5
Red,中正紀念堂,2019-06-09,35049.0
Red,台大醫院,2019-06-09,21421.0
Red,台北車站,2019-06-09,209813.0
Red,中山,2019-06-09,43128.0
Red,雙連,2019-06-09,28946.0
Red,民權西路,2019-06-09,21764.0
Red,圓山,2019-06-09,50095.0
Red,劍潭,2019-06-09,57433.0
Red,士林,2019-06-09,46243.0
Red,芝山,2019-06-09,39495.0
Red,明德,2019-06-09,14741.0
Red,石牌,2019-06-09,41999.0
Red,唭哩岸,2019-06-09,10359.0
Red,奇岩,2019-06-09,10142.0
Red,北投,2019-06-09,29379.0
Red,新北投,2019-06-09,10454.0
Red,復興崗,2019-06-09,5289.0
Red,忠義,2019-06-09,2997.0
Red,關渡,2019-06-09,15637.0
Red,竹圍,2019-06-09,14500.0
Red,紅樹林,2019-06-09,17942.0
Red,淡水,2019-06-09,84671.0
Red,象山,2019-06-09,18224.0
Red,台北101/世貿,2019-06-09,52288.0
Red,信義安和,2019-06-09,21294.0
Red,大安森林公園,2019-06-09,30463.0
Red,東門,2019-06-09,22787.5
Red,大安,2019-06-09,13732.0
Red,中正紀念堂,2019-06-10,31039.0
Red,台大醫院,2019-06-10,55267.0
Red,台北車站,2019-06-10,156185.5
Red,中山,2019-06-10,42695.5
Red,雙連,2019-06-10,47934.0
Red,民權西路,2019-06-10,29367.5
Red,圓山,2019-06-10,52713.0
Red,劍潭,2019-06-10,61628.0
Red,士林,2019-06-10,55743.0
Red,芝山,2019-06-10,45989.0
Red,明德,2019-06-10,27197.0
Red,石牌,2019-06-10,66182.0
Red,唭哩岸,2019-06-10,14754.0
Red,奇岩,2019-06-10,17659.0
Red,北投,2019-06-10,35577.0
Red,新北投,2019-06-10,9532.0
Red,復興崗,2019-06-10,7670.0
Red,忠義,2019-06-10,5427.0
Red,關渡,2019-06-10,24147.0
Red,竹圍,2019-06-10,19143.0
Red,紅樹林,2019-06-10,19165.0
Red,淡水,2019-06-10,67351.0
Red,象山,2019-06-10,25670.0
Red,台北101/世貿,2019-06-10,60033.0
Red,信義安和,2019-06-10,38093.0
Red,大安森林公園,2019-06-10,14834.0
Red,東門,2019-06-10,25920.5
Red,大安,2019-06-10,27686.5
Red,中正紀念堂,2019-06-11,33127.5
Red,台大醫院,2019-06-11,54413.0
Red,台北車站,2019-06-11,141943.5
Red,中山,2019-06-11,42971.0
Red,雙連,2019-06-11,47755.0
Red,民權西路,2019-06-11,28923.5
Red,圓山,2019-06-11,51879.0
Red,劍潭,2019-06-11,60069.0
Red,士林,2019-06-11,55050.0
Red,芝山,2019-06-11,46194.0
Red,明德,2019-06-11,26534.0
Red,石牌,2019-06-11,63983.0
Red,唭哩岸,2019-06-11,14803.0
Red,奇岩,2019-06-11,17882.0
Red,北投,2019-06-11,34578.0
Red,新北投,2019-06-11,9797.0
Red,復興崗,2019-06-11,7565.0
Red,忠義,2019-06-11,7163.0
Red,關渡,2019-06-11,26271.0
Red,竹圍,2019-06-11,18829.0
Red,紅樹林,2019-06-11,18527.0
Red,淡水,2019-06-11,62666.0
Red,象山,2019-06-11,25037.0
Red,台北101/世貿,2019-06-11,58363.0
Red,信義安和,2019-06-11,38871.0
Red,大安森林公園,2019-06-11,15068.0
Red,東門,2019-06-11,26091.5
Red,大安,2019-06-11,28616.5
Red,中正紀念堂,2019-06-12,35433.0
Red,台大醫院,2019-06-12,55387.0
Red,台北車站,2019-06-12,147627.5
Red,中山,2019-06-12,46326.5
Red,雙連,2019-06-12,49296.0
Red,民權西路,2019-06-12,29960.5
Red,圓山,2019-06-12,54178.0
Red,劍潭,2019-06-12,63647.0
Red,士林,2019-06-12,57418.0
Red,芝山,2019-06-12,48409.0
Red,明德,2019-06-12,27300.0
Red,石牌,2019-06-12,66620.0
Red,唭哩岸,2019-06-12,15117.0
Red,奇岩,2019-06-12,18424.0
Red,北投,2019-06-12,37621.0
Red,新北投,2019-06-12,10507.0
Red,復興崗,2019-06-12,7895.0
Red,忠義,2019-06-12,7547.0
Red,關渡,2019-06-12,27061.0
Red,竹圍,2019-06-12,19357.0
Red,紅樹林,2019-06-12,18432.0
Red,淡水,2019-06-12,68702.0
Red,象山,2019-06-12,25941.0
Red,台北101/世貿,2019-06-12,63369.0
Red,信義安和,2019-06-12,39620.0
Red,大安森林公園,2019-06-12,16033.0
Red,東門,2019-06-12,27739.5
Red,大安,2019-06-12,29300.0
Red,中正紀念堂,2019-06-13,35104.5
Red,台大醫院,2019-06-13,55134.0
Red,台北車站,2019-06-13,148592.5
Red,中山,2019-06-13,46776.5
Red,雙連,2019-06-13,49496.0
Red,民權西路,2019-06-13,29596.5
Red,圓山,2019-06-13,53293.0
Red,劍潭,2019-06-13,61072.0
Red,士林,2019-06-13,57808.0
Red,芝山,2019-06-13,47960.0
Red,明德,2019-06-13,26564.0
Red,石牌,2019-06-13,65435.0
Red,唭哩岸,2019-06-13,15248.0
Red,奇岩,2019-06-13,18776.0
Red,北投,2019-06-13,35791.0
Red,新北投,2019-06-13,10463.0
Red,復興崗,2019-06-13,7848.0
Red,忠義,2019-06-13,7407.0
Red,關渡,2019-06-13,26647.0
Red,竹圍,2019-06-13,19046.0
Red,紅樹林,2019-06-13,18897.0
Red,淡水,2019-06-13,66938.0
Red,象山,2019-06-13,26776.0
Red,台北101/世貿,2019-06-13,70351.0
Red,信義安和,2019-06-13,40021.0
Red,大安森林公園,2019-06-13,15679.0
Red,東門,2019-06-13,27880.5
Red,大安,2019-06-13,29291.5
Red,中正紀念堂,2019-06-14,37862.5
Red,台大醫院,2019-06-14,57143.0
Red,台北車站,2019-06-14,177649.5
Red,中山,2019-06-14,53665.5
Red,雙連,2019-06-14,53079.0
Red,民權西路,2019-06-14,31958.5
Red,圓山,2019-06-14,61816.0
Red,劍潭,2019-06-14,74860.0
Red,士林,2019-06-14,62967.0
Red,芝山,2019-06-14,51907.0
Red,明德,2019-06-14,27728.0
Red,石牌,2019-06-14,71139.0
Red,唭哩岸,2019-06-14,15684.0
Red,奇岩,2019-06-14,19658.0
Red,北投,2019-06-14,40252.0
Red,新北投,2019-06-14,11444.0
Red,復興崗,2019-06-14,8308.0
Red,忠義,2019-06-14,7424.0
Red,關渡,2019-06-14,27553.0
Red,竹圍,2019-06-14,20052.0
Red,紅樹林,2019-06-14,20643.0
Red,淡水,2019-06-14,74301.0
Red,象山,2019-06-14,28174.0
Red,台北101/世貿,2019-06-14,72387.0
Red,信義安和,2019-06-14,44361.0
Red,大安森林公園,2019-06-14,16964.0
Red,東門,2019-06-14,30395.0
Red,大安,2019-06-14,31009.0
Red,中正紀念堂,2019-06-15,32798.5
Red,台大醫院,2019-06-15,27091.0
Red,台北車站,2019-06-15,185416.5
Red,中山,2019-06-15,57391.0
Red,雙連,2019-06-15,45089.0
Red,民權西路,2019-06-15,26211.5
Red,圓山,2019-06-15,64916.0
Red,劍潭,2019-06-15,75229.0
Red,士林,2019-06-15,61232.0
Red,芝山,2019-06-15,45985.0
Red,明德,2019-06-15,20916.0
Red,石牌,2019-06-15,63630.0
Red,唭哩岸,2019-06-15,13709.0
Red,奇岩,2019-06-15,14180.0
Red,北投,2019-06-15,35512.0
Red,新北投,2019-06-15,14286.0
Red,復興崗,2019-06-15,6825.0
Red,忠義,2019-06-15,4352.0
Red,關渡,2019-06-15,21145.0
Red,竹圍,2019-06-15,19115.0
Red,紅樹林,2019-06-15,20413.0
Red,淡水,2019-06-15,100018.0
Red,象山,2019-06-15,22741.0
Red,台北101/世貿,2019-06-15,69852.0
Red,信義安和,2019-06-15,30662.0
Red,大安森林公園,2019-06-15,21438.0
Red,東門,2019-06-15,29621.0
Red,大安,2019-06-15,23199.0
Red,中正紀念堂,2019-06-16,30749.5
Red,台大醫院,2019-06-16,24830.0
Red,台北車站,2019-06-16,184485.0
Red,中山,2019-06-16,47055.5
Red,雙連,2019-06-16,32726.0
Red,民權西路,2019-06-16,23623.5
Red,圓山,2019-06-16,58599.0
Red,劍潭,2019-06-16,68744.0
Red,士林,2019-06-16,48368.0
Red,芝山,2019-06-16,40632.0
Red,明德,2019-06-16,15695.0
Red,石牌,2019-06-16,44720.0
Red,唭哩岸,2019-06-16,10960.0
Red,奇岩,2019-06-16,10987.0
Red,北投,2019-06-16,30881.0
Red,新北投,2019-06-16,11643.0
Red,復興崗,2019-06-16,5843.0
Red,忠義,2019-06-16,3222.0
Red,關渡,2019-06-16,15951.0
Red,竹圍,2019-06-16,15700.0
Red,紅樹林,2019-06-16,17380.0
Red,淡水,2019-06-16,82789.0
Red,象山,2019-06-16,20064.0
Red,台北101/世貿,2019-06-16,58168.0
Red,信義安和,2019-06-16,22903.0
Red,大安森林公園,2019-06-16,21068.0
Red,東門,2019-06-16,25973.5
Red,大安,2019-06-16,18112.5
Red,中正紀念堂,2019-06-17,32242.0
Red,台大醫院,2019-06-17,53506.0
Red,台北車站,2019-06-17,147912.0
Red,中山,2019-06-17,43883.0
Red,雙連,2019-06-17,48069.0
Red,民權西路,2019-06-17,29641.0
Red,圓山,2019-06-17,57032.0
Red,劍潭,2019-06-17,63946.0
Red,士林,2019-06-17,56789.0
Red,芝山,2019-06-17,46874.0
Red,明德,2019-06-17,26690.0
Red,石牌,2019-06-17,64914.0
Red,唭哩岸,2019-06-17,14664.0
Red,奇岩,2019-06-17,18591.0
Red,北投,2019-06-17,36940.0
Red,新北投,2019-06-17,9561.0
Red,復興崗,2019-06-17,7675.0
Red,忠義,2019-06-17,7327.0
Red,關渡,2019-06-17,26557.0
Red,竹圍,2019-06-17,19420.0
Red,紅樹林,2019-06-17,19268.0
Red,淡水,2019-06-17,71492.0
Red,象山,2019-06-17,27477.0
Red,台北101/世貿,2019-06-17,59039.0
Red,信義安和,2019-06-17,37584.0
Red,大安森林公園,2019-06-17,15489.0
Red,東門,2019-06-17,26788.5
Red,大安,2019-06-17,27844.5
Red,中正紀念堂,2019-06-18,34156.0
Red,台大醫院,2019-06-18,54758.0
Red,台北車站,2019-06-18,144795.0
Red,中山,2019-06-18,45069.0
Red,雙連,2019-06-18,48952.0
Red,民權西路,2019-06-18,29748.0
Red,圓山,2019-06-18,55694.0
Red,劍潭,2019-06-18,64989.0
Red,士林,2019-06-18,57755.0
Red,芝山,2019-06-18,47805.0
Red,明德,2019-06-18,26614.0
Red,石牌,2019-06-18,65836.0
Red,唭哩岸,2019-06-18,14965.0
Red,奇岩,2019-06-18,18552.0
Red,北投,2019-06-18,38042.0
Red,新北投,2019-06-18,10641.0
Red,復興崗,2019-06-18,7733.0
Red,忠義,2019-06-18,7164.0
Red,關渡,2019-06-18,26720.0
Red,竹圍,2019-06-18,19614.0
Red,紅樹林,2019-06-18,19262.0
Red,淡水,2019-06-18,70316.0
Red,象山,2019-06-18,27812.0
Red,台北101/世貿,2019-06-18,60666.0
Red,信義安和,2019-06-18,38878.0
Red,大安森林公園,2019-06-18,16250.0
Red,東門,2019-06-18,27341.0
Red,大安,2019-06-18,28497.5
Red,中正紀念堂,2019-06-19,33944.5
Red,台大醫院,2019-06-19,54715.0
Red,台北車站,2019-06-19,148844.0
Red,中山,2019-06-19,47088.5
Red,雙連,2019-06-19,49886.0
Red,民權西路,2019-06-19,30066.5
Red,圓山,2019-06-19,55786.0
Red,劍潭,2019-06-19,66287.0
Red,士林,2019-06-19,58797.0
Red,芝山,2019-06-19,49072.0
Red,明德,2019-06-19,26637.0
Red,石牌,2019-06-19,66981.0
Red,唭哩岸,2019-06-19,14954.0
Red,奇岩,2019-06-19,18534.0
Red,北投,2019-06-19,38498.0
Red,新北投,2019-06-19,10733.0
Red,復興崗,2019-06-19,7952.0
Red,忠義,2019-06-19,7013.0
Red,關渡,2019-06-19,26861.0
Red,竹圍,2019-06-19,19999.0
Red,紅樹林,2019-06-19,19294.0
Red,淡水,2019-06-19,72253.0
Red,象山,2019-06-19,27525.0
Red,台北101/世貿,2019-06-19,67166.0
Red,信義安和,2019-06-19,38906.0
Red,大安森林公園,2019-06-19,16844.0
Red,東門,2019-06-19,27659.5
Red,大安,2019-06-19,28263.5
Red,中正紀念堂,2019-06-20,35317.0
Red,台大醫院,2019-06-20,53652.0
Red,台北車站,2019-06-20,155420.0
Red,中山,2019-06-20,47447.0
Red,雙連,2019-06-20,49781.0
Red,民權西路,2019-06-20,30321.5
Red,圓山,2019-06-20,55469.0
Red,劍潭,2019-06-20,66655.0
Red,士林,2019-06-20,59539.0
Red,芝山,2019-06-20,48588.0
Red,明德,2019-06-20,26512.0
Red,石牌,2019-06-20,66061.0
Red,唭哩岸,2019-06-20,14851.0
Red,奇岩,2019-06-20,18655.0
Red,北投,2019-06-20,35146.0
Red,新北投,2019-06-20,13955.0
Red,復興崗,2019-06-20,7708.0
Red,忠義,2019-06-20,7275.0
Red,關渡,2019-06-20,26803.0
Red,竹圍,2019-06-20,19475.0
Red,紅樹林,2019-06-20,19732.0
Red,淡水,2019-06-20,72934.0
Red,象山,2019-06-20,28098.0
Red,台北101/世貿,2019-06-20,70468.0
Red,信義安和,2019-06-20,39447.0
Red,大安森林公園,2019-06-20,16535.0
Red,東門,2019-06-20,28661.5
Red,大安,2019-06-20,28898.5
Red,中正紀念堂,2019-06-21,36318.5
Red,台大醫院,2019-06-21,55585.0
Red,台北車站,2019-06-21,183439.0
Red,中山,2019-06-21,54290.5
Red,雙連,2019-06-21,52737.0
Red,民權西路,2019-06-21,31471.5
Red,圓山,2019-06-21,58135.0
Red,劍潭,2019-06-21,71373.0
Red,士林,2019-06-21,64418.0
Red,芝山,2019-06-21,50889.0
Red,明德,2019-06-21,27195.0
Red,石牌,2019-06-21,68066.0
Red,唭哩岸,2019-06-21,15735.0
Red,奇岩,2019-06-21,19164.0
Red,北投,2019-06-21,39481.0
Red,新北投,2019-06-21,11951.0
Red,復興崗,2019-06-21,7967.0
Red,忠義,2019-06-21,7514.0
Red,關渡,2019-06-21,28260.0
Red,竹圍,2019-06-21,20297.0
Red,紅樹林,2019-06-21,20854.0
Red,淡水,2019-06-21,79680.0
Red,象山,2019-06-21,29491.0
Red,台北101/世貿,2019-06-21,76620.0
Red,信義安和,2019-06-21,41717.0
Red,大安森林公園,2019-06-21,17201.0
Red,東門,2019-06-21,30817.0
Red,大安,2019-06-21,30109.5
Red,中正紀念堂,2019-06-22,29724.0
Red,台大醫院,2019-06-22,26279.0
Red,台北車站,2019-06-22,177460.0
Red,中山,2019-06-22,53831.5
Red,雙連,2019-06-22,42803.0
Red,民權西路,2019-06-22,24397.5
Red,圓山,2019-06-22,57752.0
Red,劍潭,2019-06-22,70167.0
Red,士林,2019-06-22,55649.0
Red,芝山,2019-06-22,41627.0
Red,明德,2019-06-22,19360.0
Red,石牌,2019-06-22,51973.0
Red,唭哩岸,2019-06-22,12566.0
Red,奇岩,2019-06-22,12861.0
Red,北投,2019-06-22,32091.0
Red,新北投,2019-06-22,11756.0
Red,復興崗,2019-06-22,6671.0
Red,忠義,2019-06-22,4106.0
Red,關渡,2019-06-22,18402.0
Red,竹圍,2019-06-22,18307.0
Red,紅樹林,2019-06-22,18626.0
Red,淡水,2019-06-22,80176.0
Red,象山,2019-06-22,20571.0
Red,台北101/世貿,2019-06-22,71610.0
Red,信義安和,2019-06-22,29266.0
Red,大安森林公園,2019-06-22,19560.0
Red,東門,2019-06-22,29032.5
Red,大安,2019-06-22,19681.5
Red,中正紀念堂,2019-06-23,33270.0
Red,台大醫院,2019-06-23,84042.0
Red,台北車站,2019-06-23,182976.0
Red,中山,2019-06-23,45937.0
Red,雙連,2019-06-23,29954.0
Red,民權西路,2019-06-23,22075.0
Red,圓山,2019-06-23,40428.0
Red,劍潭,2019-06-23,44345.0
Red,士林,2019-06-23,41676.0
Red,芝山,2019-06-23,35872.0
Red,明德,2019-06-23,14472.0
Red,石牌,2019-06-23,37846.0
Red,唭哩岸,2019-06-23,10095.0
Red,奇岩,2019-06-23,9744.0
Red,北投,2019-06-23,24284.0
Red,新北投,2019-06-23,9934.0
Red,復興崗,2019-06-23,5051.0
Red,忠義,2019-06-23,3025.0
Red,關渡,2019-06-23,13830.0
Red,竹圍,2019-06-23,13113.0
Red,紅樹林,2019-06-23,14864.0
Red,淡水,2019-06-23,54296.0
Red,象山,2019-06-23,13855.0
Red,台北101/世貿,2019-06-23,49657.0
Red,信義安和,2019-06-23,21881.0
Red,大安森林公園,2019-06-23,15038.0
Red,東門,2019-06-23,25543.5
Red,大安,2019-06-23,16043.5
Red,中正紀念堂,2019-06-24,30567.5
Red,台大醫院,2019-06-24,52782.0
Red,台北車站,2019-06-24,151895.5
Red,中山,2019-06-24,44743.0
Red,雙連,2019-06-24,49779.0
Red,民權西路,2019-06-24,28663.0
Red,圓山,2019-06-24,51187.0
Red,劍潭,2019-06-24,57741.0
Red,士林,2019-06-24,53671.0
Red,芝山,2019-06-24,45479.0
Red,明德,2019-06-24,26085.0
Red,石牌,2019-06-24,62436.0
Red,唭哩岸,2019-06-24,14613.0
Red,奇岩,2019-06-24,17972.0
Red,北投,2019-06-24,35138.0
Red,新北投,2019-06-24,9424.0
Red,復興崗,2019-06-24,7745.0
Red,忠義,2019-06-24,6824.0
Red,關渡,2019-06-24,22782.0
Red,竹圍,2019-06-24,18603.0
Red,紅樹林,2019-06-24,18981.0
Red,淡水,2019-06-24,62590.0
Red,象山,2019-06-24,26453.0
Red,台北101/世貿,2019-06-24,61289.0
Red,信義安和,2019-06-24,38333.0
Red,大安森林公園,2019-06-24,14934.0
Red,東門,2019-06-24,27298.5
Red,大安,2019-06-24,27535.0
Red,中正紀念堂,2019-06-25,33731.0
Red,台大醫院,2019-06-25,55478.0
Red,台北車站,2019-06-25,153222.0
Red,中山,2019-06-25,45864.0
Red,雙連,2019-06-25,48197.0
Red,民權西路,2019-06-25,29057.0
Red,圓山,2019-06-25,53963.0
Red,劍潭,2019-06-25,55782.0
Red,士林,2019-06-25,55037.0
Red,芝山,2019-06-25,46306.0
Red,明德,2019-06-25,26680.0
Red,石牌,2019-06-25,63067.0
Red,唭哩岸,2019-06-25,14397.0
Red,奇岩,2019-06-25,18408.0
Red,北投,2019-06-25,35691.0
Red,新北投,2019-06-25,10161.0
Red,復興崗,2019-06-25,7595.0
Red,忠義,2019-06-25,6966.0
Red,關渡,2019-06-25,22603.0
Red,竹圍,2019-06-25,18504.0
Red,紅樹林,2019-06-25,19746.0
Red,淡水,2019-06-25,65922.0
Red,象山,2019-06-25,27190.0
Red,台北101/世貿,2019-06-25,61882.0
Red,信義安和,2019-06-25,39447.0
Red,大安森林公園,2019-06-25,16045.0
Red,東門,2019-06-25,27755.5
Red,大安,2019-06-25,28557.5
Red,中正紀念堂,2019-06-26,33146.5
Red,台大醫院,2019-06-26,55089.0
Red,台北車站,2019-06-26,153179.0
Red,中山,2019-06-26,47646.5
Red,雙連,2019-06-26,50607.0
Red,民權西路,2019-06-26,29558.0
Red,圓山,2019-06-26,55085.0
Red,劍潭,2019-06-26,58853.0
Red,士林,2019-06-26,55291.0
Red,芝山,2019-06-26,48233.0
Red,明德,2019-06-26,27157.0
Red,石牌,2019-06-26,65293.0
Red,唭哩岸,2019-06-26,15047.0
Red,奇岩,2019-06-26,18753.0
Red,北投,2019-06-26,37209.0
Red,新北投,2019-06-26,10217.0
Red,復興崗,2019-06-26,7937.0
Red,忠義,2019-06-26,7200.0
Red,關渡,2019-06-26,23542.0
Red,竹圍,2019-06-26,19375.0
Red,紅樹林,2019-06-26,20298.0
Red,淡水,2019-06-26,68096.0
Red,象山,2019-06-26,27821.0
Red,台北101/世貿,2019-06-26,62467.0
Red,信義安和,2019-06-26,39865.0
Red,大安森林公園,2019-06-26,16239.0
Red,東門,2019-06-26,27991.0
Red,大安,2019-06-26,28561.5
Red,中正紀念堂,2019-06-27,34393.5
Red,台大醫院,2019-06-27,52709.0
Red,台北車站,2019-06-27,155479.5
Red,中山,2019-06-27,48096.5
Red,雙連,2019-06-27,48510.0
Red,民權西路,2019-06-27,29781.5
Red,圓山,2019-06-27,54908.0
Red,劍潭,2019-06-27,60211.0
Red,士林,2019-06-27,55328.0
Red,芝山,2019-06-27,47971.0
Red,明德,2019-06-27,26474.0
Red,石牌,2019-06-27,63078.0
Red,唭哩岸,2019-06-27,14718.0
Red,奇岩,2019-06-27,18694.0
Red,北投,2019-06-27,36835.0
Red,新北投,2019-06-27,10122.0
Red,復興崗,2019-06-27,7932.0
Red,忠義,2019-06-27,7029.0
Red,關渡,2019-06-27,23292.0
Red,竹圍,2019-06-27,19176.0
Red,紅樹林,2019-06-27,20095.0
Red,淡水,2019-06-27,66334.0
Red,象山,2019-06-27,28070.0
Red,台北101/世貿,2019-06-27,66979.0
Red,信義安和,2019-06-27,40247.0
Red,大安森林公園,2019-06-27,16343.0
Red,東門,2019-06-27,27939.0
Red,大安,2019-06-27,28796.5
Red,中正紀念堂,2019-06-28,37782.5
Red,台大醫院,2019-06-28,55088.0
Red,台北車站,2019-06-28,184867.0
Red,中山,2019-06-28,55109.5
Red,雙連,2019-06-28,53764.0
Red,民權西路,2019-06-28,31965.5
Red,圓山,2019-06-28,58518.0
Red,劍潭,2019-06-28,67440.0
Red,士林,2019-06-28,60802.0
Red,芝山,2019-06-28,51597.0
Red,明德,2019-06-28,26794.0
Red,石牌,2019-06-28,66022.0
Red,唭哩岸,2019-06-28,15685.0
Red,奇岩,2019-06-28,19377.0
Red,北投,2019-06-28,40651.0
Red,新北投,2019-06-28,10622.0
Red,復興崗,2019-06-28,8115.0
Red,忠義,2019-06-28,7015.0
Red,關渡,2019-06-28,24969.0
Red,竹圍,2019-06-28,20370.0
Red,紅樹林,2019-06-28,22001.0
Red,淡水,2019-06-28,75978.0
Red,象山,2019-06-28,29539.0
Red,台北101/世貿,2019-06-28,75151.0
Red,信義安和,2019-06-28,43128.0
Red,大安森林公園,2019-06-28,18078.0
Red,東門,2019-06-28,31583.0
Red,大安,2019-06-28,30941.0
Red,中正紀念堂,2019-06-29,31454.5
Red,台大醫院,2019-06-29,27570.0
Red,台北車站,2019-06-29,179317.0
Red,中山,2019-06-29,53398.5
Red,雙連,2019-06-29,43871.0
Red,民權西路,2019-06-29,23858.0
Red,圓山,2019-06-29,56251.0
Red,劍潭,2019-06-29,68801.0
Red,士林,2019-06-29,54469.0
Red,芝山,2019-06-29,41009.0
Red,明德,2019-06-29,19058.0
Red,石牌,2019-06-29,47559.0
Red,唭哩岸,2019-06-29,12914.0
Red,奇岩,2019-06-29,12790.0
Red,北投,2019-06-29,32274.0
Red,新北投,2019-06-29,12197.0
Red,復興崗,2019-06-29,6480.0
Red,忠義,2019-06-29,3818.0
Red,關渡,2019-06-29,16895.0
Red,竹圍,2019-06-29,17702.0
Red,紅樹林,2019-06-29,20045.0
Red,淡水,2019-06-29,78134.0
Red,象山,2019-06-29,20409.0
Red,台北101/世貿,2019-06-29,65793.0
Red,信義安和,2019-06-29,28968.0
Red,大安森林公園,2019-06-29,19149.0
Red,東門,2019-06-29,27609.0
Red,大安,2019-06-29,18837.0
Red,中正紀念堂,2019-06-30,26395.0
Red,台大醫院,2019-06-30,22099.0
Red,台北車站,2019-06-30,168870.5
Red,中山,2019-06-30,45684.5
Red,雙連,2019-06-30,32355.0
Red,民權西路,2019-06-30,22348.5
Red,圓山,2019-06-30,49926.0
Red,劍潭,2019-06-30,58173.0
Red,士林,2019-06-30,47122.0
Red,芝山,2019-06-30,39725.0
Red,明德,2019-06-30,15269.0
Red,石牌,2019-06-30,42732.0
Red,唭哩岸,2019-06-30,11454.0
Red,奇岩,2019-06-30,10696.0
Red,北投,2019-06-30,28255.0
Red,新北投,2019-06-30,10298.0
Red,復興崗,2019-06-30,5325.0
Red,忠義,2019-06-30,3021.0
Red,關渡,2019-06-30,13860.0
Red,竹圍,2019-06-30,14300.0
Red,紅樹林,2019-06-30,18485.0
Red,淡水,2019-06-30,73175.0
Red,象山,2019-06-30,18148.0
Red,台北101/世貿,2019-06-30,55328.0
Red,信義安和,2019-06-30,22916.0
Red,大安森林公園,2019-06-30,18133.0
Red,東門,2019-06-30,23784.5
Red,大安,2019-06-30,15974.5
Red,中正紀念堂,2019-07-01,32880.5
Red,台大醫院,2019-07-01,53152.0
Red,台北車站,2019-07-01,156160.0
Red,中山,2019-07-01,45243.5
Red,雙連,2019-07-01,49423.0
Red,民權西路,2019-07-01,28051.5
Red,圓山,2019-07-01,51264.0
Red,劍潭,2019-07-01,57125.0
Red,士林,2019-07-01,53304.0
Red,芝山,2019-07-01,45997.0
Red,明德,2019-07-01,24473.0
Red,石牌,2019-07-01,62295.0
Red,唭哩岸,2019-07-01,14607.0
Red,奇岩,2019-07-01,18219.0
Red,北投,2019-07-01,34783.0
Red,新北投,2019-07-01,8665.0
Red,復興崗,2019-07-01,7321.0
Red,忠義,2019-07-01,6597.0
Red,關渡,2019-07-01,22527.0
Red,竹圍,2019-07-01,18850.0
Red,紅樹林,2019-07-01,20445.0
Red,淡水,2019-07-01,67866.0
Red,象山,2019-07-01,27309.0
Red,台北101/世貿,2019-07-01,64781.0
Red,信義安和,2019-07-01,38382.0
Red,大安森林公園,2019-07-01,15346.0
Red,東門,2019-07-01,26345.0
Red,大安,2019-07-01,26533.5
Red,中正紀念堂,2019-07-02,33554.0
Red,台大醫院,2019-07-02,54556.0
Red,台北車站,2019-07-02,150447.0
Red,中山,2019-07-02,44622.0
Red,雙連,2019-07-02,48015.0
Red,民權西路,2019-07-02,27803.0
Red,圓山,2019-07-02,52180.0
Red,劍潭,2019-07-02,51530.0
Red,士林,2019-07-02,53553.0
Red,芝山,2019-07-02,45535.0
Red,明德,2019-07-02,24400.0
Red,石牌,2019-07-02,61250.0
Red,唭哩岸,2019-07-02,14177.0
Red,奇岩,2019-07-02,17962.0
Red,北投,2019-07-02,33838.0
Red,新北投,2019-07-02,9248.0
Red,復興崗,2019-07-02,7313.0
Red,忠義,2019-07-02,6487.0
Red,關渡,2019-07-02,21643.0
Red,竹圍,2019-07-02,18076.0
Red,紅樹林,2019-07-02,20091.0
Red,淡水,2019-07-02,60071.0
Red,象山,2019-07-02,25811.0
Red,台北101/世貿,2019-07-02,61907.0
Red,信義安和,2019-07-02,38278.0
Red,大安森林公園,2019-07-02,14863.0
Red,東門,2019-07-02,26719.5
Red,大安,2019-07-02,27513.0
Red,中正紀念堂,2019-07-03,33546.0
Red,台大醫院,2019-07-03,54414.0
Red,台北車站,2019-07-03,152161.5
Red,中山,2019-07-03,47187.0
Red,雙連,2019-07-03,50180.0
Red,民權西路,2019-07-03,29090.0
Red,圓山,2019-07-03,53082.0
Red,劍潭,2019-07-03,57753.0
Red,士林,2019-07-03,56033.0
Red,芝山,2019-07-03,47822.0
Red,明德,2019-07-03,24773.0
Red,石牌,2019-07-03,64853.0
Red,唭哩岸,2019-07-03,15185.0
Red,奇岩,2019-07-03,18734.0
Red,北投,2019-07-03,35281.0
Red,新北投,2019-07-03,9223.0
Red,復興崗,2019-07-03,7883.0
Red,忠義,2019-07-03,7031.0
Red,關渡,2019-07-03,22698.0
Red,竹圍,2019-07-03,19066.0
Red,紅樹林,2019-07-03,20170.0
Red,淡水,2019-07-03,63504.0
Red,象山,2019-07-03,26999.0
Red,台北101/世貿,2019-07-03,63202.0
Red,信義安和,2019-07-03,39545.0
Red,大安森林公園,2019-07-03,15676.0
Red,東門,2019-07-03,27330.5
Red,大安,2019-07-03,27032.5
Red,中正紀念堂,2019-07-04,33771.0
Red,台大醫院,2019-07-04,54541.0
Red,台北車站,2019-07-04,157364.5
Red,中山,2019-07-04,48167.0
Red,雙連,2019-07-04,49280.0
Red,民權西路,2019-07-04,28819.5
Red,圓山,2019-07-04,53317.0
Red,劍潭,2019-07-04,59784.0
Red,士林,2019-07-04,54842.0
Red,芝山,2019-07-04,47611.0
Red,明德,2019-07-04,25023.0
Red,石牌,2019-07-04,63702.0
Red,唭哩岸,2019-07-04,14681.0
Red,奇岩,2019-07-04,18616.0
Red,北投,2019-07-04,35097.0
Red,新北投,2019-07-04,9298.0
Red,復興崗,2019-07-04,7757.0
Red,忠義,2019-07-04,6784.0
Red,關渡,2019-07-04,22373.0
Red,竹圍,2019-07-04,18979.0
Red,紅樹林,2019-07-04,20530.0
Red,淡水,2019-07-04,65596.0
Red,象山,2019-07-04,27897.0
Red,台北101/世貿,2019-07-04,65844.0
Red,信義安和,2019-07-04,39583.0
Red,大安森林公園,2019-07-04,15515.0
Red,東門,2019-07-04,27340.0
Red,大安,2019-07-04,26792.5
Red,中正紀念堂,2019-07-05,37353.0
Red,台大醫院,2019-07-05,54796.0
Red,台北車站,2019-07-05,185039.0
Red,中山,2019-07-05,54852.0
Red,雙連,2019-07-05,51843.0
Red,民權西路,2019-07-05,30446.5
Red,圓山,2019-07-05,56501.0
Red,劍潭,2019-07-05,65186.0
Red,士林,2019-07-05,57578.0
Red,芝山,2019-07-05,51410.0
Red,明德,2019-07-05,25660.0
Red,石牌,2019-07-05,68159.0
Red,唭哩岸,2019-07-05,15199.0
Red,奇岩,2019-07-05,20192.0
Red,北投,2019-07-05,38389.0
Red,新北投,2019-07-05,11209.0
Red,復興崗,2019-07-05,8033.0
Red,忠義,2019-07-05,6978.0
Red,關渡,2019-07-05,23199.0
Red,竹圍,2019-07-05,19977.0
Red,紅樹林,2019-07-05,22368.0
Red,淡水,2019-07-05,74357.0
Red,象山,2019-07-05,29295.0
Red,台北101/世貿,2019-07-05,84428.0
Red,信義安和,2019-07-05,42652.0
Red,大安森林公園,2019-07-05,17626.0
Red,東門,2019-07-05,31000.5
Red,大安,2019-07-05,28845.5
Red,中正紀念堂,2019-07-06,32229.5
Red,台大醫院,2019-07-06,26864.0
Red,台北車站,2019-07-06,182634.0
Red,中山,2019-07-06,54247.0
Red,雙連,2019-07-06,42103.0
Red,民權西路,2019-07-06,23892.0
Red,圓山,2019-07-06,57109.0
Red,劍潭,2019-07-06,69747.0
Red,士林,2019-07-06,55034.0
Red,芝山,2019-07-06,41761.0
Red,明德,2019-07-06,19003.0
Red,石牌,2019-07-06,52046.0
Red,唭哩岸,2019-07-06,12582.0
Red,奇岩,2019-07-06,13749.0
Red,北投,2019-07-06,32635.0
Red,新北投,2019-07-06,12086.0
Red,復興崗,2019-07-06,6649.0
Red,忠義,2019-07-06,3713.0
Red,關渡,2019-07-06,17147.0
Red,竹圍,2019-07-06,18401.0
Red,紅樹林,2019-07-06,20885.0
Red,淡水,2019-07-06,80331.0
Red,象山,2019-07-06,21883.0
Red,台北101/世貿,2019-07-06,89876.0
Red,信義安和,2019-07-06,29235.0
Red,大安森林公園,2019-07-06,19566.0
Red,東門,2019-07-06,28518.0
Red,大安,2019-07-06,19672.0
Red,中正紀念堂,2019-07-07,28024.5
Red,台大醫院,2019-07-07,26252.0
Red,台北車站,2019-07-07,181006.0
Red,中山,2019-07-07,45305.5
Red,雙連,2019-07-07,31298.0
Red,民權西路,2019-07-07,23412.5
Red,圓山,2019-07-07,48506.0
Red,劍潭,2019-07-07,58161.0
Red,士林,2019-07-07,47379.0
Red,芝山,2019-07-07,40352.0
Red,明德,2019-07-07,15343.0
Red,石牌,2019-07-07,43259.0
Red,唭哩岸,2019-07-07,11073.0
Red,奇岩,2019-07-07,11028.0
Red,北投,2019-07-07,28788.0
Red,新北投,2019-07-07,11013.0
Red,復興崗,2019-07-07,5782.0
Red,忠義,2019-07-07,3356.0
Red,關渡,2019-07-07,14675.0
Red,竹圍,2019-07-07,14515.0
Red,紅樹林,2019-07-07,18170.0
Red,淡水,2019-07-07,75063.0
Red,象山,2019-07-07,18448.0
Red,台北101/世貿,2019-07-07,83385.0
Red,信義安和,2019-07-07,23419.0
Red,大安森林公園,2019-07-07,17336.0
Red,東門,2019-07-07,25510.5
Red,大安,2019-07-07,16393.5
Red,中正紀念堂,2019-07-08,30681.0
Red,台大醫院,2019-07-08,53593.0
Red,台北車站,2019-07-08,164360.5
Red,中山,2019-07-08,45458.5
Red,雙連,2019-07-08,49346.0
Red,民權西路,2019-07-08,29289.0
Red,圓山,2019-07-08,51677.0
Red,劍潭,2019-07-08,57299.0
Red,士林,2019-07-08,52494.0
Red,芝山,2019-07-08,45965.0
Red,明德,2019-07-08,24601.0
Red,石牌,2019-07-08,65600.0
Red,唭哩岸,2019-07-08,14517.0
Red,奇岩,2019-07-08,18513.0
Red,北投,2019-07-08,34881.0
Red,新北投,2019-07-08,8614.0
Red,復興崗,2019-07-08,7746.0
Red,忠義,2019-07-08,6699.0
Red,關渡,2019-07-08,22427.0
Red,竹圍,2019-07-08,18672.0
Red,紅樹林,2019-07-08,20633.0
Red,淡水,2019-07-08,65291.0
Red,象山,2019-07-08,27470.0
Red,台北101/世貿,2019-07-08,77659.0
Red,信義安和,2019-07-08,39296.0
Red,大安森林公園,2019-07-08,16023.0
Red,東門,2019-07-08,26660.5
Red,大安,2019-07-08,27041.0
Red,中正紀念堂,2019-07-09,32912.0
Red,台大醫院,2019-07-09,56666.0
Red,台北車站,2019-07-09,158976.5
Red,中山,2019-07-09,47472.5
Red,雙連,2019-07-09,49764.0
Red,民權西路,2019-07-09,29392.5
Red,圓山,2019-07-09,55327.0
Red,劍潭,2019-07-09,60955.0
Red,士林,2019-07-09,55317.0
Red,芝山,2019-07-09,49621.0
Red,明德,2019-07-09,25491.0
Red,石牌,2019-07-09,66777.0
Red,唭哩岸,2019-07-09,14634.0
Red,奇岩,2019-07-09,18536.0
Red,北投,2019-07-09,35554.0
Red,新北投,2019-07-09,9802.0
Red,復興崗,2019-07-09,8213.0
Red,忠義,2019-07-09,6735.0
Red,關渡,2019-07-09,22721.0
Red,竹圍,2019-07-09,19003.0
Red,紅樹林,2019-07-09,20770.0
Red,淡水,2019-07-09,65780.0
Red,象山,2019-07-09,27977.0
Red,台北101/世貿,2019-07-09,65220.0
Red,信義安和,2019-07-09,40346.0
Red,大安森林公園,2019-07-09,16731.0
Red,東門,2019-07-09,27763.0
Red,大安,2019-07-09,27952.0
Red,中正紀念堂,2019-07-10,33139.0
Red,台大醫院,2019-07-10,55984.0
Red,台北車站,2019-07-10,161700.0
Red,中山,2019-07-10,48085.5
Red,雙連,2019-07-10,50633.0
Red,民權西路,2019-07-10,29202.0
Red,圓山,2019-07-10,55039.0
Red,劍潭,2019-07-10,61893.0
Red,士林,2019-07-10,55568.0
Red,芝山,2019-07-10,48755.0
Red,明德,2019-07-10,25610.0
Red,石牌,2019-07-10,66130.0
Red,唭哩岸,2019-07-10,14756.0
Red,奇岩,2019-07-10,19289.0
Red,北投,2019-07-10,35514.0
Red,新北投,2019-07-10,9548.0
Red,復興崗,2019-07-10,8410.0
Red,忠義,2019-07-10,6959.0
Red,關渡,2019-07-10,23588.0
Red,竹圍,2019-07-10,19084.0
Red,紅樹林,2019-07-10,20831.0
Red,淡水,2019-07-10,65606.0
Red,象山,2019-07-10,27600.0
Red,台北101/世貿,2019-07-10,64260.0
Red,信義安和,2019-07-10,40376.0
Red,大安森林公園,2019-07-10,16930.0
Red,東門,2019-07-10,27457.5
Red,大安,2019-07-10,27048.0
Red,中正紀念堂,2019-07-11,33804.5
Red,台大醫院,2019-07-11,55411.0
Red,台北車站,2019-07-11,162281.5
Red,中山,2019-07-11,48510.5
Red,雙連,2019-07-11,49706.0
Red,民權西路,2019-07-11,29147.0
Red,圓山,2019-07-11,55008.0
Red,劍潭,2019-07-11,61200.0
Red,士林,2019-07-11,54638.0
Red,芝山,2019-07-11,47676.0
Red,明德,2019-07-11,24676.0
Red,石牌,2019-07-11,64360.0
Red,唭哩岸,2019-07-11,15055.0
Red,奇岩,2019-07-11,18993.0
Red,北投,2019-07-11,35537.0
Red,新北投,2019-07-11,9859.0
Red,復興崗,2019-07-11,8162.0
Red,忠義,2019-07-11,7074.0
Red,關渡,2019-07-11,22399.0
Red,竹圍,2019-07-11,19400.0
Red,紅樹林,2019-07-11,20619.0
Red,淡水,2019-07-11,65034.0
Red,象山,2019-07-11,27314.0
Red,台北101/世貿,2019-07-11,66565.0
Red,信義安和,2019-07-11,40466.0
Red,大安森林公園,2019-07-11,16914.0
Red,東門,2019-07-11,27434.5
Red,大安,2019-07-11,26707.5
Red,中正紀念堂,2019-07-12,36270.0
Red,台大醫院,2019-07-12,56133.0
Red,台北車站,2019-07-12,190413.5
Red,中山,2019-07-12,54823.5
Red,雙連,2019-07-12,52126.0
Red,民權西路,2019-07-12,31072.5
Red,圓山,2019-07-12,63059.0
Red,劍潭,2019-07-12,64843.0
Red,士林,2019-07-12,57594.0
Red,芝山,2019-07-12,51039.0
Red,明德,2019-07-12,25779.0
Red,石牌,2019-07-12,64216.0
Red,唭哩岸,2019-07-12,15403.0
Red,奇岩,2019-07-12,19586.0
Red,北投,2019-07-12,37889.0
Red,新北投,2019-07-12,10217.0
Red,復興崗,2019-07-12,8032.0
Red,忠義,2019-07-12,6723.0
Red,關渡,2019-07-12,23052.0
Red,竹圍,2019-07-12,19741.0
Red,紅樹林,2019-07-12,21759.0
Red,淡水,2019-07-12,68351.0
Red,象山,2019-07-12,27711.0
Red,台北101/世貿,2019-07-12,78957.0
Red,信義安和,2019-07-12,42563.0
Red,大安森林公園,2019-07-12,17947.0
Red,東門,2019-07-12,30355.5
Red,大安,2019-07-12,31353.0
Red,中正紀念堂,2019-07-13,30041.5
Red,台大醫院,2019-07-13,26959.0
Red,台北車站,2019-07-13,186149.0
Red,中山,2019-07-13,56271.5
Red,雙連,2019-07-13,43059.0
Red,民權西路,2019-07-13,24724.0
Red,圓山,2019-07-13,66087.0
Red,劍潭,2019-07-13,73431.0
Red,士林,2019-07-13,57022.0
Red,芝山,2019-07-13,42307.0
Red,明德,2019-07-13,18996.0
Red,石牌,2019-07-13,48262.0
Red,唭哩岸,2019-07-13,12692.0
Red,奇岩,2019-07-13,13575.0
Red,北投,2019-07-13,32148.0
Red,新北投,2019-07-13,11643.0
Red,復興崗,2019-07-13,6389.0
Red,忠義,2019-07-13,4109.0
Red,關渡,2019-07-13,17775.0
Red,竹圍,2019-07-13,17574.0
Red,紅樹林,2019-07-13,20566.0
Red,淡水,2019-07-13,80773.0
Red,象山,2019-07-13,22355.0
Red,台北101/世貿,2019-07-13,78057.0
Red,信義安和,2019-07-13,30011.0
Red,大安森林公園,2019-07-13,19250.0
Red,東門,2019-07-13,29640.5
Red,大安,2019-07-13,19788.5
Red,中正紀念堂,2019-07-14,28642.0
Red,台大醫院,2019-07-14,21800.0
Red,台北車站,2019-07-14,182596.5
Red,中山,2019-07-14,46271.5
Red,雙連,2019-07-14,32093.0
Red,民權西路,2019-07-14,22733.5
Red,圓山,2019-07-14,57511.0
Red,劍潭,2019-07-14,60207.0
Red,士林,2019-07-14,48609.0
Red,芝山,2019-07-14,39325.0
Red,明德,2019-07-14,14914.0
Red,石牌,2019-07-14,40406.0
Red,唭哩岸,2019-07-14,10676.0
Red,奇岩,2019-07-14,10822.0
Red,北投,2019-07-14,27775.0
Red,新北投,2019-07-14,10518.0
Red,復興崗,2019-07-14,5641.0
Red,忠義,2019-07-14,3211.0
Red,關渡,2019-07-14,13891.0
Red,竹圍,2019-07-14,14824.0
Red,紅樹林,2019-07-14,17961.0
Red,淡水,2019-07-14,73842.0
Red,象山,2019-07-14,18509.0
Red,台北101/世貿,2019-07-14,67928.0
Red,信義安和,2019-07-14,23577.0
Red,大安森林公園,2019-07-14,18648.0
Red,東門,2019-07-14,25818.5
Red,大安,2019-07-14,15280.0
Red,中正紀念堂,2019-07-15,32297.5
Red,台大醫院,2019-07-15,55483.0
Red,台北車站,2019-07-15,164440.0
Red,中山,2019-07-15,46531.5
Red,雙連,2019-07-15,50285.0
Red,民權西路,2019-07-15,28437.5
Red,圓山,2019-07-15,51284.0
Red,劍潭,2019-07-15,58852.0
Red,士林,2019-07-15,53618.0
Red,芝山,2019-07-15,45547.0
Red,明德,2019-07-15,25627.0
Red,石牌,2019-07-15,62796.0
Red,唭哩岸,2019-07-15,14240.0
Red,奇岩,2019-07-15,18274.0
Red,北投,2019-07-15,35308.0
Red,新北投,2019-07-15,9121.0
Red,復興崗,2019-07-15,7610.0
Red,忠義,2019-07-15,6547.0
Red,關渡,2019-07-15,22258.0
Red,竹圍,2019-07-15,19354.0
Red,紅樹林,2019-07-15,20113.0
Red,淡水,2019-07-15,65555.0
Red,象山,2019-07-15,27536.0
Red,台北101/世貿,2019-07-15,71230.0
Red,信義安和,2019-07-15,38472.0
Red,大安森林公園,2019-07-15,16301.0
Red,東門,2019-07-15,27976.5
Red,大安,2019-07-15,26693.5
Red,中正紀念堂,2019-07-16,34762.5
Red,台大醫院,2019-07-16,58145.0
Red,台北車站,2019-07-16,160094.0
Red,中山,2019-07-16,48159.5
Red,雙連,2019-07-16,51150.0
Red,民權西路,2019-07-16,29186.0
Red,圓山,2019-07-16,55147.0
Red,劍潭,2019-07-16,61503.0
Red,士林,2019-07-16,56130.0
Red,芝山,2019-07-16,47842.0
Red,明德,2019-07-16,25965.0
Red,石牌,2019-07-16,64196.0
Red,唭哩岸,2019-07-16,14877.0
Red,奇岩,2019-07-16,18756.0
Red,北投,2019-07-16,35886.0
Red,新北投,2019-07-16,9944.0
Red,復興崗,2019-07-16,7809.0
Red,忠義,2019-07-16,6976.0
Red,關渡,2019-07-16,22564.0
Red,竹圍,2019-07-16,19747.0
Red,紅樹林,2019-07-16,20576.0
Red,淡水,2019-07-16,66240.0
Red,象山,2019-07-16,27824.0
Red,台北101/世貿,2019-07-16,65858.0
Red,信義安和,2019-07-16,40361.0
Red,大安森林公園,2019-07-16,16698.0
Red,東門,2019-07-16,28419.0
Red,大安,2019-07-16,27459.0
Red,中正紀念堂,2019-07-17,33734.0
Red,台大醫院,2019-07-17,57458.0
Red,台北車站,2019-07-17,160329.5
Red,中山,2019-07-17,47194.5
Red,雙連,2019-07-17,51306.0
Red,民權西路,2019-07-17,28843.0
Red,圓山,2019-07-17,53187.0
Red,劍潭,2019-07-17,57109.0
Red,士林,2019-07-17,55639.0
Red,芝山,2019-07-17,47948.0
Red,明德,2019-07-17,25888.0
Red,石牌,2019-07-17,64038.0
Red,唭哩岸,2019-07-17,15047.0
Red,奇岩,2019-07-17,19186.0
Red,北投,2019-07-17,34759.0
Red,新北投,2019-07-17,9365.0
Red,復興崗,2019-07-17,7950.0
Red,忠義,2019-07-17,7154.0
Red,關渡,2019-07-17,22931.0
Red,竹圍,2019-07-17,19234.0
Red,紅樹林,2019-07-17,20443.0
Red,淡水,2019-07-17,65258.0
Red,象山,2019-07-17,27002.0
Red,台北101/世貿,2019-07-17,63207.0
Red,信義安和,2019-07-17,39629.0
Red,大安森林公園,2019-07-17,16647.0
Red,東門,2019-07-17,28265.5
Red,大安,2019-07-17,27436.0
Red,中正紀念堂,2019-07-18,33405.5
Red,台大醫院,2019-07-18,54384.0
Red,台北車站,2019-07-18,149005.0
Red,中山,2019-07-18,45856.0
Red,雙連,2019-07-18,47891.0
Red,民權西路,2019-07-18,27699.5
Red,圓山,2019-07-18,49616.0
Red,劍潭,2019-07-18,53140.0
Red,士林,2019-07-18,51828.0
Red,芝山,2019-07-18,46041.0
Red,明德,2019-07-18,24748.0
Red,石牌,2019-07-18,60156.0
Red,唭哩岸,2019-07-18,14448.0
Red,奇岩,2019-07-18,18928.0
Red,北投,2019-07-18,32916.0
Red,新北投,2019-07-18,9357.0
Red,復興崗,2019-07-18,7145.0
Red,忠義,2019-07-18,6991.0
Red,關渡,2019-07-18,21151.0
Red,竹圍,2019-07-18,18161.0
Red,紅樹林,2019-07-18,19598.0
Red,淡水,2019-07-18,58401.0
Red,象山,2019-07-18,25674.0
Red,台北101/世貿,2019-07-18,63820.0
Red,信義安和,2019-07-18,39060.0
Red,大安森林公園,2019-07-18,15552.0
Red,東門,2019-07-18,27240.0
Red,大安,2019-07-18,26718.0
Red,中正紀念堂,2019-07-19,36869.0
Red,台大醫院,2019-07-19,56962.0
Red,台北車站,2019-07-19,180008.5
Red,中山,2019-07-19,53552.5
Red,雙連,2019-07-19,51883.0
Red,民權西路,2019-07-19,29681.5
Red,圓山,2019-07-19,55426.0
Red,劍潭,2019-07-19,62199.0
Red,士林,2019-07-19,56472.0
Red,芝山,2019-07-19,49640.0
Red,明德,2019-07-19,26346.0
Red,石牌,2019-07-19,62856.0
Red,唭哩岸,2019-07-19,15153.0
Red,奇岩,2019-07-19,19634.0
Red,北投,2019-07-19,37094.0
Red,新北投,2019-07-19,10525.0
Red,復興崗,2019-07-19,7777.0
Red,忠義,2019-07-19,6780.0
Red,關渡,2019-07-19,22234.0
Red,竹圍,2019-07-19,19711.0
Red,紅樹林,2019-07-19,21218.0
Red,淡水,2019-07-19,67948.0
Red,象山,2019-07-19,27863.0
Red,台北101/世貿,2019-07-19,83637.0
Red,信義安和,2019-07-19,41722.0
Red,大安森林公園,2019-07-19,17808.0
Red,東門,2019-07-19,31216.5
Red,大安,2019-07-19,28752.0
Red,中正紀念堂,2019-07-20,28911.0
Red,台大醫院,2019-07-20,26616.0
Red,台北車站,2019-07-20,176943.0
Red,中山,2019-07-20,53836.5
Red,雙連,2019-07-20,41806.0
Red,民權西路,2019-07-20,23658.5
Red,圓山,2019-07-20,51908.0
Red,劍潭,2019-07-20,64498.0
Red,士林,2019-07-20,53061.0
Red,芝山,2019-07-20,38814.0
Red,明德,2019-07-20,18331.0
Red,石牌,2019-07-20,45759.0
Red,唭哩岸,2019-07-20,13008.0
Red,奇岩,2019-07-20,12993.0
Red,北投,2019-07-20,30210.0
Red,新北投,2019-07-20,11922.0
Red,復興崗,2019-07-20,6334.0
Red,忠義,2019-07-20,3622.0
Red,關渡,2019-07-20,16051.0
Red,竹圍,2019-07-20,16617.0
Red,紅樹林,2019-07-20,19249.0
Red,淡水,2019-07-20,70361.0
Red,象山,2019-07-20,19211.0
Red,台北101/世貿,2019-07-20,82708.0
Red,信義安和,2019-07-20,29346.0
Red,大安森林公園,2019-07-20,17738.0
Red,東門,2019-07-20,28069.5
Red,大安,2019-07-20,18759.0
Red,中正紀念堂,2019-07-21,26276.5
Red,台大醫院,2019-07-21,23967.0
Red,台北車站,2019-07-21,180223.0
Red,中山,2019-07-21,45550.5
Red,雙連,2019-07-21,31904.0
Red,民權西路,2019-07-21,22712.5
Red,圓山,2019-07-21,45971.0
Red,劍潭,2019-07-21,53453.0
Red,士林,2019-07-21,45584.0
Red,芝山,2019-07-21,37376.0
Red,明德,2019-07-21,14447.0
Red,石牌,2019-07-21,38845.0
Red,唭哩岸,2019-07-21,10703.0
Red,奇岩,2019-07-21,10979.0
Red,北投,2019-07-21,26513.0
Red,新北投,2019-07-21,10998.0
Red,復興崗,2019-07-21,5253.0
Red,忠義,2019-07-21,2996.0
Red,關渡,2019-07-21,14002.0
Red,竹圍,2019-07-21,13801.0
Red,紅樹林,2019-07-21,17024.0
Red,淡水,2019-07-21,64841.0
Red,象山,2019-07-21,16844.0
Red,台北101/世貿,2019-07-21,80216.0
Red,信義安和,2019-07-21,23007.0
Red,大安森林公園,2019-07-21,19113.0
Red,東門,2019-07-21,25351.5
Red,大安,2019-07-21,15321.5
Red,中正紀念堂,2019-07-22,32005.5
Red,台大醫院,2019-07-22,54646.0
Red,台北車站,2019-07-22,162492.0
Red,中山,2019-07-22,45565.0
Red,雙連,2019-07-22,49458.0
Red,民權西路,2019-07-22,28631.0
Red,圓山,2019-07-22,49751.0
Red,劍潭,2019-07-22,54102.0
Red,士林,2019-07-22,52457.0
Red,芝山,2019-07-22,45521.0
Red,明德,2019-07-22,25063.0
Red,石牌,2019-07-22,61521.0
Red,唭哩岸,2019-07-22,14529.0
Red,奇岩,2019-07-22,18241.0
Red,北投,2019-07-22,33940.0
Red,新北投,2019-07-22,10506.0
Red,復興崗,2019-07-22,7190.0
Red,忠義,2019-07-22,6583.0
Red,關渡,2019-07-22,22805.0
Red,竹圍,2019-07-22,18485.0
Red,紅樹林,2019-07-22,20056.0
Red,淡水,2019-07-22,62516.0
Red,象山,2019-07-22,25723.0
Red,台北101/世貿,2019-07-22,79891.0
Red,信義安和,2019-07-22,38486.0
Red,大安森林公園,2019-07-22,15952.0
Red,東門,2019-07-22,27292.5
Red,大安,2019-07-22,27081.5
Red,中正紀念堂,2019-07-23,34953.5
Red,台大醫院,2019-07-23,57087.0
Red,台北車站,2019-07-23,159302.5
Red,中山,2019-07-23,46583.5
Red,雙連,2019-07-23,50191.0
Red,民權西路,2019-07-23,28506.5
Red,圓山,2019-07-23,53252.0
Red,劍潭,2019-07-23,57639.0
Red,士林,2019-07-23,55458.0
Red,芝山,2019-07-23,47322.0
Red,明德,2019-07-23,25896.0
Red,石牌,2019-07-23,62749.0
Red,唭哩岸,2019-07-23,14670.0
Red,奇岩,2019-07-23,18415.0
Red,北投,2019-07-23,35289.0
Red,新北投,2019-07-23,10927.0
Red,復興崗,2019-07-23,7450.0
Red,忠義,2019-07-23,7058.0
Red,關渡,2019-07-23,22448.0
Red,竹圍,2019-07-23,19074.0
Red,紅樹林,2019-07-23,20666.0
Red,淡水,2019-07-23,63880.0
Red,象山,2019-07-23,26306.0
Red,台北101/世貿,2019-07-23,65081.0
Red,信義安和,2019-07-23,39979.0
Red,大安森林公園,2019-07-23,16669.0
Red,東門,2019-07-23,28087.0
Red,大安,2019-07-23,27894.5
Red,中正紀念堂,2019-07-24,34803.5
Red,台大醫院,2019-07-24,56411.0
Red,台北車站,2019-07-24,160004.0
Red,中山,2019-07-24,48026.5
Red,雙連,2019-07-24,51065.0
Red,民權西路,2019-07-24,29186.5
Red,圓山,2019-07-24,54586.0
Red,劍潭,2019-07-24,60505.0
Red,士林,2019-07-24,56416.0
Red,芝山,2019-07-24,49101.0
Red,明德,2019-07-24,26256.0
Red,石牌,2019-07-24,64026.0
Red,唭哩岸,2019-07-24,15231.0
Red,奇岩,2019-07-24,18809.0
Red,北投,2019-07-24,35209.0
Red,新北投,2019-07-24,11273.0
Red,復興崗,2019-07-24,7746.0
Red,忠義,2019-07-24,7007.0
Red,關渡,2019-07-24,22583.0
Red,竹圍,2019-07-24,19041.0
Red,紅樹林,2019-07-24,20614.0
Red,淡水,2019-07-24,68044.0
Red,象山,2019-07-24,27435.0
Red,台北101/世貿,2019-07-24,65758.0
Red,信義安和,2019-07-24,39892.0
Red,大安森林公園,2019-07-24,17005.0
Red,東門,2019-07-24,28770.5
Red,大安,2019-07-24,28037.5
Red,中正紀念堂,2019-07-25,35872.5
Red,台大醫院,2019-07-25,55215.0
Red,台北車站,2019-07-25,164886.5
Red,中山,2019-07-25,49819.0
Red,雙連,2019-07-25,51440.0
Red,民權西路,2019-07-25,30073.0
Red,圓山,2019-07-25,54913.0
Red,劍潭,2019-07-25,61913.0
Red,士林,2019-07-25,57101.0
Red,芝山,2019-07-25,49266.0
Red,明德,2019-07-25,26115.0
Red,石牌,2019-07-25,63526.0
Red,唭哩岸,2019-07-25,15043.0
Red,奇岩,2019-07-25,18821.0
Red,北投,2019-07-25,35874.0
Red,新北投,2019-07-25,11615.0
Red,復興崗,2019-07-25,7577.0
Red,忠義,2019-07-25,6798.0
Red,關渡,2019-07-25,22797.0
Red,竹圍,2019-07-25,19389.0
Red,紅樹林,2019-07-25,21085.0
Red,淡水,2019-07-25,69110.0
Red,象山,2019-07-25,28435.0
Red,台北101/世貿,2019-07-25,69218.0
Red,信義安和,2019-07-25,40680.0
Red,大安森林公園,2019-07-25,17673.0
Red,東門,2019-07-25,29586.5
Red,大安,2019-07-25,28591.0
Red,中正紀念堂,2019-07-26,38057.0
Red,台大醫院,2019-07-26,54491.0
Red,台北車站,2019-07-26,191496.5
Red,中山,2019-07-26,55109.0
Red,雙連,2019-07-26,53245.0
Red,民權西路,2019-07-26,31559.5
Red,圓山,2019-07-26,58392.0
Red,劍潭,2019-07-26,66167.0
Red,士林,2019-07-26,59981.0
Red,芝山,2019-07-26,51382.0
Red,明德,2019-07-26,25848.0
Red,石牌,2019-07-26,64412.0
Red,唭哩岸,2019-07-26,15675.0
Red,奇岩,2019-07-26,19030.0
Red,北投,2019-07-26,37829.0
Red,新北投,2019-07-26,12321.0
Red,復興崗,2019-07-26,7853.0
Red,忠義,2019-07-26,7316.0
Red,關渡,2019-07-26,22537.0
Red,竹圍,2019-07-26,20048.0
Red,紅樹林,2019-07-26,21337.0
Red,淡水,2019-07-26,70269.0
Red,象山,2019-07-26,28969.0
Red,台北101/世貿,2019-07-26,79634.0
Red,信義安和,2019-07-26,42101.0
Red,大安森林公園,2019-07-26,17919.0
Red,東門,2019-07-26,31353.0
Red,大安,2019-07-26,29533.5
Red,中正紀念堂,2019-07-27,40361.5
Red,台大醫院,2019-07-27,26384.0
Red,台北車站,2019-07-27,203607.5
Red,中山,2019-07-27,57515.5
Red,雙連,2019-07-27,43544.0
Red,民權西路,2019-07-27,25706.5
Red,圓山,2019-07-27,89514.0
Red,劍潭,2019-07-27,70956.0
Red,士林,2019-07-27,56937.0
Red,芝山,2019-07-27,42415.0
Red,明德,2019-07-27,19047.0
Red,石牌,2019-07-27,50038.0
Red,唭哩岸,2019-07-27,13220.0
Red,奇岩,2019-07-27,14279.0
Red,北投,2019-07-27,31924.0
Red,新北投,2019-07-27,12572.0
Red,復興崗,2019-07-27,6839.0
Red,忠義,2019-07-27,4801.0
Red,關渡,2019-07-27,16694.0
Red,竹圍,2019-07-27,17277.0
Red,紅樹林,2019-07-27,20475.0
Red,淡水,2019-07-27,77541.0
Red,象山,2019-07-27,21405.0
Red,台北101/世貿,2019-07-27,77183.0
Red,信義安和,2019-07-27,30770.0
Red,大安森林公園,2019-07-27,24262.0
Red,東門,2019-07-27,31042.5
Red,大安,2019-07-27,20595.0
Red,中正紀念堂,2019-07-28,27350.5
Red,台大醫院,2019-07-28,22561.0
Red,台北車站,2019-07-28,191650.0
Red,中山,2019-07-28,48153.5
Red,雙連,2019-07-28,32083.0
Red,民權西路,2019-07-28,23575.5
Red,圓山,2019-07-28,74765.0
Red,劍潭,2019-07-28,60967.0
Red,士林,2019-07-28,49567.0
Red,芝山,2019-07-28,39880.0
Red,明德,2019-07-28,15460.0
Red,石牌,2019-07-28,40808.0
Red,唭哩岸,2019-07-28,10905.0
Red,奇岩,2019-07-28,11040.0
Red,北投,2019-07-28,28644.0
Red,新北投,2019-07-28,12009.0
Red,復興崗,2019-07-28,5708.0
Red,忠義,2019-07-28,3606.0
Red,關渡,2019-07-28,14385.0
Red,竹圍,2019-07-28,14530.0
Red,紅樹林,2019-07-28,18725.0
Red,淡水,2019-07-28,76834.0
Red,象山,2019-07-28,19387.0
Red,台北101/世貿,2019-07-28,67220.0
Red,信義安和,2019-07-28,23630.0
Red,大安森林公園,2019-07-28,19357.0
Red,東門,2019-07-28,27324.0
Red,大安,2019-07-28,15519.5
Red,中正紀念堂,2019-07-29,33073.0
Red,台大醫院,2019-07-29,54293.0
Red,台北車站,2019-07-29,168101.5
Red,中山,2019-07-29,47850.5
Red,雙連,2019-07-29,50592.0
Red,民權西路,2019-07-29,28979.5
Red,圓山,2019-07-29,52068.0
Red,劍潭,2019-07-29,60022.0
Red,士林,2019-07-29,55610.0
Red,芝山,2019-07-29,46161.0
Red,明德,2019-07-29,25341.0
Red,石牌,2019-07-29,62236.0
Red,唭哩岸,2019-07-29,14824.0
Red,奇岩,2019-07-29,18285.0
Red,北投,2019-07-29,35949.0
Red,新北投,2019-07-29,10731.0
Red,復興崗,2019-07-29,7306.0
Red,忠義,2019-07-29,6726.0
Red,關渡,2019-07-29,22296.0
Red,竹圍,2019-07-29,18778.0
Red,紅樹林,2019-07-29,20384.0
Red,淡水,2019-07-29,68978.0
Red,象山,2019-07-29,27848.0
Red,台北101/世貿,2019-07-29,72555.0
Red,信義安和,2019-07-29,37687.0
Red,大安森林公園,2019-07-29,15969.0
Red,東門,2019-07-29,28033.5
Red,大安,2019-07-29,26710.5
Red,中正紀念堂,2019-07-30,35343.0
Red,台大醫院,2019-07-30,56297.0
Red,台北車站,2019-07-30,159397.5
Red,中山,2019-07-30,49567.0
Red,雙連,2019-07-30,51511.0
Red,民權西路,2019-07-30,29821.0
Red,圓山,2019-07-30,54731.0
Red,劍潭,2019-07-30,62238.0
Red,士林,2019-07-30,57703.0
Red,芝山,2019-07-30,47812.0
Red,明德,2019-07-30,26572.0
Red,石牌,2019-07-30,63863.0
Red,唭哩岸,2019-07-30,15053.0
Red,奇岩,2019-07-30,18480.0
Red,北投,2019-07-30,36950.0
Red,新北投,2019-07-30,11108.0
Red,復興崗,2019-07-30,7743.0
Red,忠義,2019-07-30,7027.0
Red,關渡,2019-07-30,23294.0
Red,竹圍,2019-07-30,19254.0
Red,紅樹林,2019-07-30,20824.0
Red,淡水,2019-07-30,69221.0
Red,象山,2019-07-30,28568.0
Red,台北101/世貿,2019-07-30,66421.0
Red,信義安和,2019-07-30,39992.0
Red,大安森林公園,2019-07-30,16622.0
Red,東門,2019-07-30,28890.5
Red,大安,2019-07-30,27342.5
Red,中正紀念堂,2019-07-31,34112.0
Red,台大醫院,2019-07-31,56031.0
Red,台北車站,2019-07-31,162619.5
Red,中山,2019-07-31,50441.5
Red,雙連,2019-07-31,51780.0
Red,民權西路,2019-07-31,29486.0
Red,圓山,2019-07-31,54967.0
Red,劍潭,2019-07-31,61341.0
Red,士林,2019-07-31,58126.0
Red,芝山,2019-07-31,48904.0
Red,明德,2019-07-31,26674.0
Red,石牌,2019-07-31,64851.0
Red,唭哩岸,2019-07-31,15348.0
Red,奇岩,2019-07-31,19038.0
Red,北投,2019-07-31,37786.0
Red,新北投,2019-07-31,10657.0
Red,復興崗,2019-07-31,7643.0
Red,忠義,2019-07-31,7067.0
Red,關渡,2019-07-31,22884.0
Red,竹圍,2019-07-31,19853.0
Red,紅樹林,2019-07-31,21332.0
Red,淡水,2019-07-31,69735.0
Red,象山,2019-07-31,28754.0
Red,台北101/世貿,2019-07-31,68895.0
Red,信義安和,2019-07-31,40259.0
Red,大安森林公園,2019-07-31,17863.0
Red,東門,2019-07-31,29325.5
Red,大安,2019-07-31,27179.5
Red,中正紀念堂,2019-08-01,35889.5
Red,台大醫院,2019-08-01,55244.0
Red,台北車站,2019-08-01,168467.5
Red,中山,2019-08-01,49647.5
Red,雙連,2019-08-01,50171.0
Red,民權西路,2019-08-01,29293.0
Red,圓山,2019-08-01,53970.0
Red,劍潭,2019-08-01,61016.0
Red,士林,2019-08-01,56863.0
Red,芝山,2019-08-01,48346.0
Red,明德,2019-08-01,25979.0
Red,石牌,2019-08-01,62963.0
Red,唭哩岸,2019-08-01,15124.0
Red,奇岩,2019-08-01,18469.0
Red,北投,2019-08-01,36567.0
Red,新北投,2019-08-01,10597.0
Red,復興崗,2019-08-01,7468.0
Red,忠義,2019-08-01,7069.0
Red,關渡,2019-08-01,22493.0
Red,竹圍,2019-08-01,19317.0
Red,紅樹林,2019-08-01,20569.0
Red,淡水,2019-08-01,66457.0
Red,象山,2019-08-01,28581.0
Red,台北101/世貿,2019-08-01,97639.0
Red,信義安和,2019-08-01,39430.0
Red,大安森林公園,2019-08-01,16563.0
Red,東門,2019-08-01,29673.0
Red,大安,2019-08-01,27623.5
Red,中正紀念堂,2019-08-02,36946.0
Red,台大醫院,2019-08-02,56379.0
Red,台北車站,2019-08-02,196238.0
Red,中山,2019-08-02,55102.0
Red,雙連,2019-08-02,53095.0
Red,民權西路,2019-08-02,30878.0
Red,圓山,2019-08-02,56544.0
Red,劍潭,2019-08-02,65286.0
Red,士林,2019-08-02,60940.0
Red,芝山,2019-08-02,49750.0
Red,明德,2019-08-02,25995.0
Red,石牌,2019-08-02,64669.0
Red,唭哩岸,2019-08-02,15437.0
Red,奇岩,2019-08-02,19043.0
Red,北投,2019-08-02,38758.0
Red,新北投,2019-08-02,11762.0
Red,復興崗,2019-08-02,7790.0
Red,忠義,2019-08-02,6951.0
Red,關渡,2019-08-02,22875.0
Red,竹圍,2019-08-02,20112.0
Red,紅樹林,2019-08-02,21646.0
Red,淡水,2019-08-02,70842.0
Red,象山,2019-08-02,30030.0
Red,台北101/世貿,2019-08-02,107896.0
Red,信義安和,2019-08-02,42202.0
Red,大安森林公園,2019-08-02,18330.0
Red,東門,2019-08-02,32112.5
Red,大安,2019-08-02,28853.5
Red,中正紀念堂,2019-08-03,30781.0
Red,台大醫院,2019-08-03,28000.0
Red,台北車站,2019-08-03,201477.0
Red,中山,2019-08-03,58091.5
Red,雙連,2019-08-03,50161.0
Red,民權西路,2019-08-03,25112.0
Red,圓山,2019-08-03,59209.0
Red,劍潭,2019-08-03,69501.0
Red,士林,2019-08-03,58906.0
Red,芝山,2019-08-03,40146.0
Red,明德,2019-08-03,19805.0
Red,石牌,2019-08-03,48126.0
Red,唭哩岸,2019-08-03,12948.0
Red,奇岩,2019-08-03,13812.0
Red,北投,2019-08-03,32489.0
Red,新北投,2019-08-03,13191.0
Red,復興崗,2019-08-03,6470.0
Red,忠義,2019-08-03,3759.0
Red,關渡,2019-08-03,16605.0
Red,竹圍,2019-08-03,17229.0
Red,紅樹林,2019-08-03,21450.0
Red,淡水,2019-08-03,77605.0
Red,象山,2019-08-03,21728.0
Red,台北101/世貿,2019-08-03,117477.0
Red,信義安和,2019-08-03,30923.0
Red,大安森林公園,2019-08-03,24097.0
Red,東門,2019-08-03,30714.0
Red,大安,2019-08-03,19552.5
Red,中正紀念堂,2019-08-04,26356.0
Red,台大醫院,2019-08-04,21754.0
Red,台北車站,2019-08-04,188035.0
Red,中山,2019-08-04,47532.0
Red,雙連,2019-08-04,32995.0
Red,民權西路,2019-08-04,22972.0
Red,圓山,2019-08-04,46611.0
Red,劍潭,2019-08-04,58867.0
Red,士林,2019-08-04,47434.0
Red,芝山,2019-08-04,39412.0
Red,明德,2019-08-04,15627.0
Red,石牌,2019-08-04,40250.0
Red,唭哩岸,2019-08-04,11215.0
Red,奇岩,2019-08-04,16411.0
Red,北投,2019-08-04,28256.0
Red,新北投,2019-08-04,11509.0
Red,復興崗,2019-08-04,5519.0
Red,忠義,2019-08-04,3411.0
Red,關渡,2019-08-04,14056.0
Red,竹圍,2019-08-04,14801.0
Red,紅樹林,2019-08-04,19489.0
Red,淡水,2019-08-04,81229.0
Red,象山,2019-08-04,19306.0
Red,台北101/世貿,2019-08-04,97873.0
Red,信義安和,2019-08-04,23684.0
Red,大安森林公園,2019-08-04,17234.0
Red,東門,2019-08-04,26285.5
Red,大安,2019-08-04,15261.0
Red,中正紀念堂,2019-08-05,32789.5
Red,台大醫院,2019-08-05,54673.0
Red,台北車站,2019-08-05,168401.0
Red,中山,2019-08-05,47613.5
Red,雙連,2019-08-05,51060.0
Red,民權西路,2019-08-05,29502.0
Red,圓山,2019-08-05,51953.0
Red,劍潭,2019-08-05,59169.0
Red,士林,2019-08-05,54674.0
Red,芝山,2019-08-05,46360.0
Red,明德,2019-08-05,25783.0
Red,石牌,2019-08-05,62186.0
Red,唭哩岸,2019-08-05,14851.0
Red,奇岩,2019-08-05,22228.0
Red,北投,2019-08-05,35444.0
Red,新北投,2019-08-05,10220.0
Red,復興崗,2019-08-05,7195.0
Red,忠義,2019-08-05,6845.0
Red,關渡,2019-08-05,23801.0
Red,竹圍,2019-08-05,18936.0
Red,紅樹林,2019-08-05,20619.0
Red,淡水,2019-08-05,68342.0
Red,象山,2019-08-05,28373.0
Red,台北101/世貿,2019-08-05,84415.0
Red,信義安和,2019-08-05,39171.0
Red,大安森林公園,2019-08-05,16524.0
Red,東門,2019-08-05,29506.0
Red,大安,2019-08-05,26576.0
Red,中正紀念堂,2019-08-06,35666.5
Red,台大醫院,2019-08-06,57816.0
Red,台北車站,2019-08-06,162407.5
Red,中山,2019-08-06,50911.0
Red,雙連,2019-08-06,52373.0
Red,民權西路,2019-08-06,29951.5
Red,圓山,2019-08-06,55960.0
Red,劍潭,2019-08-06,62716.0
Red,士林,2019-08-06,58003.0
Red,芝山,2019-08-06,48614.0
Red,明德,2019-08-06,27145.0
Red,石牌,2019-08-06,63937.0
Red,唭哩岸,2019-08-06,14852.0
Red,奇岩,2019-08-06,22743.0
Red,北投,2019-08-06,37487.0
Red,新北投,2019-08-06,11161.0
Red,復興崗,2019-08-06,7670.0
Red,忠義,2019-08-06,6855.0
Red,關渡,2019-08-06,22926.0
Red,竹圍,2019-08-06,19707.0
Red,紅樹林,2019-08-06,21023.0
Red,淡水,2019-08-06,69937.0
Red,象山,2019-08-06,28505.0
Red,台北101/世貿,2019-08-06,69316.0
Red,信義安和,2019-08-06,40599.0
Red,大安森林公園,2019-08-06,16359.0
Red,東門,2019-08-06,30408.0
Red,大安,2019-08-06,27948.0
Red,中正紀念堂,2019-08-07,34284.5
Red,台大醫院,2019-08-07,56288.0
Red,台北車站,2019-08-07,167192.0
Red,中山,2019-08-07,52470.5
Red,雙連,2019-08-07,52284.0
Red,民權西路,2019-08-07,30384.0
Red,圓山,2019-08-07,54389.0
Red,劍潭,2019-08-07,58386.0
Red,士林,2019-08-07,56987.0
Red,芝山,2019-08-07,49118.0
Red,明德,2019-08-07,26799.0
Red,石牌,2019-08-07,65368.0
Red,唭哩岸,2019-08-07,15406.0
Red,奇岩,2019-08-07,23022.0
Red,北投,2019-08-07,36978.0
Red,新北投,2019-08-07,11277.0
Red,復興崗,2019-08-07,7788.0
Red,忠義,2019-08-07,6918.0
Red,關渡,2019-08-07,23283.0
Red,竹圍,2019-08-07,19362.0
Red,紅樹林,2019-08-07,21213.0
Red,淡水,2019-08-07,66359.0
Red,象山,2019-08-07,28096.0
Red,台北101/世貿,2019-08-07,70034.0
Red,信義安和,2019-08-07,41117.0
Red,大安森林公園,2019-08-07,16311.0
Red,東門,2019-08-07,30460.0
Red,大安,2019-08-07,28593.5
Red,中正紀念堂,2019-08-08,31866.0
Red,台大醫院,2019-08-08,52145.0
Red,台北車站,2019-08-08,152807.5
Red,中山,2019-08-08,43876.0
Red,雙連,2019-08-08,46170.0
Red,民權西路,2019-08-08,27076.0
Red,圓山,2019-08-08,48591.0
Red,劍潭,2019-08-08,47949.0
Red,士林,2019-08-08,50119.0
Red,芝山,2019-08-08,43737.0
Red,明德,2019-08-08,23829.0
Red,石牌,2019-08-08,57770.0
Red,唭哩岸,2019-08-08,14383.0
Red,奇岩,2019-08-08,21080.0
Red,北投,2019-08-08,32154.0
Red,新北投,2019-08-08,9353.0
Red,復興崗,2019-08-08,6800.0
Red,忠義,2019-08-08,6642.0
Red,關渡,2019-08-08,21048.0
Red,竹圍,2019-08-08,17233.0
Red,紅樹林,2019-08-08,18547.0
Red,淡水,2019-08-08,53963.0
Red,象山,2019-08-08,25249.0
Red,台北101/世貿,2019-08-08,64904.0
Red,信義安和,2019-08-08,37990.0
Red,大安森林公園,2019-08-08,14704.0
Red,東門,2019-08-08,28032.0
Red,大安,2019-08-08,26453.0
Red,中正紀念堂,2019-08-09,9477.0
Red,台大醫院,2019-08-09,13915.0
Red,台北車站,2019-08-09,72871.5
Red,中山,2019-08-09,25269.0
Red,雙連,2019-08-09,19565.0
Red,民權西路,2019-08-09,9823.0
Red,圓山,2019-08-09,14681.0
Red,劍潭,2019-08-09,24407.0
Red,士林,2019-08-09,18087.0
Red,芝山,2019-08-09,16633.0
Red,明德,2019-08-09,7622.0
Red,石牌,2019-08-09,19320.0
Red,唭哩岸,2019-08-09,5352.0
Red,奇岩,2019-08-09,5848.0
Red,北投,2019-08-09,11392.0
Red,新北投,2019-08-09,4238.0
Red,復興崗,2019-08-09,2687.0
Red,忠義,2019-08-09,1720.0
Red,關渡,2019-08-09,5838.0
Red,竹圍,2019-08-09,6570.0
Red,紅樹林,2019-08-09,5694.0
Red,淡水,2019-08-09,22600.0
Red,象山,2019-08-09,7390.0
Red,台北101/世貿,2019-08-09,35973.0
Red,信義安和,2019-08-09,12248.0
Red,大安森林公園,2019-08-09,5768.0
Red,東門,2019-08-09,13655.0
Red,大安,2019-08-09,7436.5
Red,中正紀念堂,2019-08-10,30301.0
Red,台大醫院,2019-08-10,26081.0
Red,台北車站,2019-08-10,176681.0
Red,中山,2019-08-10,55823.0
Red,雙連,2019-08-10,42456.0
Red,民權西路,2019-08-10,24031.0
Red,圓山,2019-08-10,56659.0
Red,劍潭,2019-08-10,66935.0
Red,士林,2019-08-10,55764.0
Red,芝山,2019-08-10,44403.0
Red,明德,2019-08-10,19226.0
Red,石牌,2019-08-10,50136.0
Red,唭哩岸,2019-08-10,12963.0
Red,奇岩,2019-08-10,17798.0
Red,北投,2019-08-10,31180.0
Red,新北投,2019-08-10,12066.0
Red,復興崗,2019-08-10,6329.0
Red,忠義,2019-08-10,3909.0
Red,關渡,2019-08-10,18062.0
Red,竹圍,2019-08-10,17317.0
Red,紅樹林,2019-08-10,20721.0
Red,淡水,2019-08-10,74332.0
Red,象山,2019-08-10,19540.0
Red,台北101/世貿,2019-08-10,64123.0
Red,信義安和,2019-08-10,30159.0
Red,大安森林公園,2019-08-10,18014.0
Red,東門,2019-08-10,29480.5
Red,大安,2019-08-10,20520.5
Red,中正紀念堂,2019-08-11,29087.5
Red,台大醫院,2019-08-11,20797.0
Red,台北車站,2019-08-11,185690.5
Red,中山,2019-08-11,47978.5
Red,雙連,2019-08-11,32587.0
Red,民權西路,2019-08-11,23324.5
Red,圓山,2019-08-11,52713.0
Red,劍潭,2019-08-11,61846.0
Red,士林,2019-08-11,49127.0
Red,芝山,2019-08-11,43637.0
Red,明德,2019-08-11,15035.0
Red,石牌,2019-08-11,42930.0
Red,唭哩岸,2019-08-11,11154.0
Red,奇岩,2019-08-11,10936.0
Red,北投,2019-08-11,28033.0
Red,新北投,2019-08-11,10839.0
Red,復興崗,2019-08-11,5420.0
Red,忠義,2019-08-11,3406.0
Red,關渡,2019-08-11,15022.0
Red,竹圍,2019-08-11,14097.0
Red,紅樹林,2019-08-11,19283.0
Red,淡水,2019-08-11,75597.0
Red,象山,2019-08-11,18237.0
Red,台北101/世貿,2019-08-11,58077.0
Red,信義安和,2019-08-11,23272.0
Red,大安森林公園,2019-08-11,20016.0
Red,東門,2019-08-11,26795.0
Red,大安,2019-08-11,17480.5
Red,中正紀念堂,2019-08-12,34958.5
Red,台大醫院,2019-08-12,57932.0
Red,台北車站,2019-08-12,170747.5
Red,中山,2019-08-12,50119.0
Red,雙連,2019-08-12,52841.0
Red,民權西路,2019-08-12,30035.5
Red,圓山,2019-08-12,53152.0
Red,劍潭,2019-08-12,63951.0
Red,士林,2019-08-12,56624.0
Red,芝山,2019-08-12,47506.0
Red,明德,2019-08-12,26127.0
Red,石牌,2019-08-12,64056.0
Red,唭哩岸,2019-08-12,14962.0
Red,奇岩,2019-08-12,18412.0
Red,北投,2019-08-12,36282.0
Red,新北投,2019-08-12,11143.0
Red,復興崗,2019-08-12,7344.0
Red,忠義,2019-08-12,6839.0
Red,關渡,2019-08-12,23405.0
Red,竹圍,2019-08-12,19420.0
Red,紅樹林,2019-08-12,20745.0
Red,淡水,2019-08-12,68726.0
Red,象山,2019-08-12,28081.0
Red,台北101/世貿,2019-08-12,68449.0
Red,信義安和,2019-08-12,39504.0
Red,大安森林公園,2019-08-12,15810.0
Red,東門,2019-08-12,30848.5
Red,大安,2019-08-12,27071.5
Red,中正紀念堂,2019-08-13,36342.5
Red,台大醫院,2019-08-13,59180.0
Red,台北車站,2019-08-13,168660.0
Red,中山,2019-08-13,52793.5
Red,雙連,2019-08-13,53323.0
Red,民權西路,2019-08-13,30368.0
Red,圓山,2019-08-13,56257.0
Red,劍潭,2019-08-13,66472.0
Red,士林,2019-08-13,59025.0
Red,芝山,2019-08-13,49021.0
Red,明德,2019-08-13,26359.0
Red,石牌,2019-08-13,64252.0
Red,唭哩岸,2019-08-13,14964.0
Red,奇岩,2019-08-13,18468.0
Red,北投,2019-08-13,37204.0
Red,新北投,2019-08-13,11404.0
Red,復興崗,2019-08-13,7799.0
Red,忠義,2019-08-13,7228.0
Red,關渡,2019-08-13,23022.0
Red,竹圍,2019-08-13,19307.0
Red,紅樹林,2019-08-13,21334.0
Red,淡水,2019-08-13,70620.0
Red,象山,2019-08-13,28718.0
Red,台北101/世貿,2019-08-13,69846.0
Red,信義安和,2019-08-13,40831.0
Red,大安森林公園,2019-08-13,16308.0
Red,東門,2019-08-13,31857.5
Red,大安,2019-08-13,28339.5
Red,中正紀念堂,2019-08-14,35401.5
Red,台大醫院,2019-08-14,57061.0
Red,台北車站,2019-08-14,167862.0
Red,中山,2019-08-14,52293.5
Red,雙連,2019-08-14,52422.0
Red,民權西路,2019-08-14,29739.5
Red,圓山,2019-08-14,54589.0
Red,劍潭,2019-08-14,63784.0
Red,士林,2019-08-14,57582.0
Red,芝山,2019-08-14,48868.0
Red,明德,2019-08-14,25861.0
Red,石牌,2019-08-14,64321.0
Red,唭哩岸,2019-08-14,15010.0
Red,奇岩,2019-08-14,18625.0
Red,北投,2019-08-14,37040.0
Red,新北投,2019-08-14,10715.0
Red,復興崗,2019-08-14,7487.0
Red,忠義,2019-08-14,7226.0
Red,關渡,2019-08-14,22681.0
Red,竹圍,2019-08-14,19084.0
Red,紅樹林,2019-08-14,20863.0
Red,淡水,2019-08-14,68634.0
Red,象山,2019-08-14,28308.0
Red,台北101/世貿,2019-08-14,69337.0
Red,信義安和,2019-08-14,40218.0
Red,大安森林公園,2019-08-14,16477.0
Red,東門,2019-08-14,32068.0
Red,大安,2019-08-14,28098.0
Red,中正紀念堂,2019-08-15,34511.5
Red,台大醫院,2019-08-15,53093.0
Red,台北車站,2019-08-15,158475.5
Red,中山,2019-08-15,49883.0
Red,雙連,2019-08-15,49507.0
Red,民權西路,2019-08-15,28586.5
Red,圓山,2019-08-15,55918.0
Red,劍潭,2019-08-15,61383.0
Red,士林,2019-08-15,54729.0
Red,芝山,2019-08-15,46389.0
Red,明德,2019-08-15,24483.0
Red,石牌,2019-08-15,60916.0
Red,唭哩岸,2019-08-15,14551.0
Red,奇岩,2019-08-15,17807.0
Red,北投,2019-08-15,35219.0
Red,新北投,2019-08-15,10486.0
Red,復興崗,2019-08-15,7252.0
Red,忠義,2019-08-15,6711.0
Red,關渡,2019-08-15,21535.0
Red,竹圍,2019-08-15,18219.0
Red,紅樹林,2019-08-15,20559.0
Red,淡水,2019-08-15,65319.0
Red,象山,2019-08-15,27924.0
Red,台北101/世貿,2019-08-15,70609.0
Red,信義安和,2019-08-15,39019.0
Red,大安森林公園,2019-08-15,15480.0
Red,東門,2019-08-15,30893.5
Red,大安,2019-08-15,28113.5
Red,中正紀念堂,2019-08-16,37696.0
Red,台大醫院,2019-08-16,58248.0
Red,台北車站,2019-08-16,195421.0
Red,中山,2019-08-16,57699.5
Red,雙連,2019-08-16,55163.0
Red,民權西路,2019-08-16,31498.0
Red,圓山,2019-08-16,61052.0
Red,劍潭,2019-08-16,69081.0
Red,士林,2019-08-16,61484.0
Red,芝山,2019-08-16,51435.0
Red,明德,2019-08-16,26459.0
Red,石牌,2019-08-16,65992.0
Red,唭哩岸,2019-08-16,15697.0
Red,奇岩,2019-08-16,19860.0
Red,北投,2019-08-16,39094.0
Red,新北投,2019-08-16,12373.0
Red,復興崗,2019-08-16,7879.0
Red,忠義,2019-08-16,7229.0
Red,關渡,2019-08-16,23329.0
Red,竹圍,2019-08-16,19760.0
Red,紅樹林,2019-08-16,21839.0
Red,淡水,2019-08-16,72499.0
Red,象山,2019-08-16,29677.0
Red,台北101/世貿,2019-08-16,83769.0
Red,信義安和,2019-08-16,43906.0
Red,大安森林公園,2019-08-16,17434.0
Red,東門,2019-08-16,34490.0
Red,大安,2019-08-16,29336.0
Red,中正紀念堂,2019-08-17,31176.5
Red,台大醫院,2019-08-17,26882.0
Red,台北車站,2019-08-17,190171.5
Red,中山,2019-08-17,58522.5
Red,雙連,2019-08-17,43520.0
Red,民權西路,2019-08-17,24861.5
Red,圓山,2019-08-17,63161.0
Red,劍潭,2019-08-17,76471.0
Red,士林,2019-08-17,60080.0
Red,芝山,2019-08-17,42101.0
Red,明德,2019-08-17,19168.0
Red,石牌,2019-08-17,48725.0
Red,唭哩岸,2019-08-17,12698.0
Red,奇岩,2019-08-17,12959.0
Red,北投,2019-08-17,32650.0
Red,新北投,2019-08-17,14273.0
Red,復興崗,2019-08-17,6561.0
Red,忠義,2019-08-17,3843.0
Red,關渡,2019-08-17,17158.0
Red,竹圍,2019-08-17,17011.0
Red,紅樹林,2019-08-17,21355.0
Red,淡水,2019-08-17,84990.0
Red,象山,2019-08-17,22088.0
Red,台北101/世貿,2019-08-17,77554.0
Red,信義安和,2019-08-17,30555.0
Red,大安森林公園,2019-08-17,24075.0
Red,東門,2019-08-17,32255.5
Red,大安,2019-08-17,21255.0
Red,中正紀念堂,2019-08-18,28511.0
Red,台大醫院,2019-08-18,22837.0
Red,台北車站,2019-08-18,189278.5
Red,中山,2019-08-18,46947.5
Red,雙連,2019-08-18,30394.0
Red,民權西路,2019-08-18,24265.0
Red,圓山,2019-08-18,53459.0
Red,劍潭,2019-08-18,59544.0
Red,士林,2019-08-18,48101.0
Red,芝山,2019-08-18,39196.0
Red,明德,2019-08-18,14623.0
Red,石牌,2019-08-18,38838.0
Red,唭哩岸,2019-08-18,10371.0
Red,奇岩,2019-08-18,11061.0
Red,北投,2019-08-18,27126.0
Red,新北投,2019-08-18,11801.0
Red,復興崗,2019-08-18,5441.0
Red,忠義,2019-08-18,3108.0
Red,關渡,2019-08-18,14299.0
Red,竹圍,2019-08-18,13878.0
Red,紅樹林,2019-08-18,18931.0
Red,淡水,2019-08-18,71138.0
Red,象山,2019-08-18,16516.0
Red,台北101/世貿,2019-08-18,58325.0
Red,信義安和,2019-08-18,22792.0
Red,大安森林公園,2019-08-18,16902.0
Red,東門,2019-08-18,26565.5
Red,大安,2019-08-18,16258.0
Red,中正紀念堂,2019-08-19,31571.5
Red,台大醫院,2019-08-19,56480.0
Red,台北車站,2019-08-19,163676.5
Red,中山,2019-08-19,47923.5
Red,雙連,2019-08-19,51664.0
Red,民權西路,2019-08-19,28857.5
Red,圓山,2019-08-19,51861.0
Red,劍潭,2019-08-19,61439.0
Red,士林,2019-08-19,53683.0
Red,芝山,2019-08-19,46957.0
Red,明德,2019-08-19,25159.0
Red,石牌,2019-08-19,61932.0
Red,唭哩岸,2019-08-19,14613.0
Red,奇岩,2019-08-19,18067.0
Red,北投,2019-08-19,34366.0
Red,新北投,2019-08-19,10532.0
Red,復興崗,2019-08-19,7265.0
Red,忠義,2019-08-19,6784.0
Red,關渡,2019-08-19,21819.0
Red,竹圍,2019-08-19,18400.0
Red,紅樹林,2019-08-19,20524.0
Red,淡水,2019-08-19,66330.0
Red,象山,2019-08-19,27242.0
Red,台北101/世貿,2019-08-19,64378.0
Red,信義安和,2019-08-19,38973.0
Red,大安森林公園,2019-08-19,15148.0
Red,東門,2019-08-19,28328.5
Red,大安,2019-08-19,26050.0
Red,中正紀念堂,2019-08-20,33852.0
Red,台大醫院,2019-08-20,57325.0
Red,台北車站,2019-08-20,160660.5
Red,中山,2019-08-20,49455.5
Red,雙連,2019-08-20,52574.0
Red,民權西路,2019-08-20,30004.5
Red,圓山,2019-08-20,55689.0
Red,劍潭,2019-08-20,66310.0
Red,士林,2019-08-20,57125.0
Red,芝山,2019-08-20,48390.0
Red,明德,2019-08-20,25555.0
Red,石牌,2019-08-20,63284.0
Red,唭哩岸,2019-08-20,14946.0
Red,奇岩,2019-08-20,18760.0
Red,北投,2019-08-20,36390.0
Red,新北投,2019-08-20,11530.0
Red,復興崗,2019-08-20,7924.0
Red,忠義,2019-08-20,7158.0
Red,關渡,2019-08-20,22602.0
Red,竹圍,2019-08-20,19125.0
Red,紅樹林,2019-08-20,21138.0
Red,淡水,2019-08-20,70121.0
Red,象山,2019-08-20,28215.0
Red,台北101/世貿,2019-08-20,65711.0
Red,信義安和,2019-08-20,40215.0
Red,大安森林公園,2019-08-20,16745.0
Red,東門,2019-08-20,29895.0
Red,大安,2019-08-20,27127.0
Red,中正紀念堂,2019-08-21,33108.5
Red,台大醫院,2019-08-21,56225.0
Red,台北車站,2019-08-21,161564.5
Red,中山,2019-08-21,48745.5
Red,雙連,2019-08-21,50802.0
Red,民權西路,2019-08-21,29433.5
Red,圓山,2019-08-21,52988.0
Red,劍潭,2019-08-21,61291.0
Red,士林,2019-08-21,54491.0
Red,芝山,2019-08-21,47564.0
Red,明德,2019-08-21,25508.0
Red,石牌,2019-08-21,64066.0
Red,唭哩岸,2019-08-21,14997.0
Red,奇岩,2019-08-21,18118.0
Red,北投,2019-08-21,35648.0
Red,新北投,2019-08-21,10719.0
Red,復興崗,2019-08-21,7689.0
Red,忠義,2019-08-21,7154.0
Red,關渡,2019-08-21,22686.0
Red,竹圍,2019-08-21,18632.0
Red,紅樹林,2019-08-21,20751.0
Red,淡水,2019-08-21,65084.0
Red,象山,2019-08-21,27763.0
Red,台北101/世貿,2019-08-21,65911.0
Red,信義安和,2019-08-21,39342.0
Red,大安森林公園,2019-08-21,15260.0
Red,東門,2019-08-21,29117.5
Red,大安,2019-08-21,26261.5
Red,中正紀念堂,2019-08-22,35705.0
Red,台大醫院,2019-08-22,56517.0
Red,台北車站,2019-08-22,164945.5
Red,中山,2019-08-22,50861.5
Red,雙連,2019-08-22,51807.0
Red,民權西路,2019-08-22,29340.0
Red,圓山,2019-08-22,55223.0
Red,劍潭,2019-08-22,64598.0
Red,士林,2019-08-22,56680.0
Red,芝山,2019-08-22,48699.0
Red,明德,2019-08-22,25778.0
Red,石牌,2019-08-22,63658.0
Red,唭哩岸,2019-08-22,14962.0
Red,奇岩,2019-08-22,18990.0
Red,北投,2019-08-22,36657.0
Red,新北投,2019-08-22,11810.0
Red,復興崗,2019-08-22,7673.0
Red,忠義,2019-08-22,6927.0
Red,關渡,2019-08-22,22667.0
Red,竹圍,2019-08-22,19065.0
Red,紅樹林,2019-08-22,21590.0
Red,淡水,2019-08-22,70437.0
Red,象山,2019-08-22,29208.0
Red,台北101/世貿,2019-08-22,69566.0
Red,信義安和,2019-08-22,40279.0
Red,大安森林公園,2019-08-22,16120.0
Red,東門,2019-08-22,30466.5
Red,大安,2019-08-22,28000.0
Red,中正紀念堂,2019-08-23,36588.5
Red,台大醫院,2019-08-23,56265.0
Red,台北車站,2019-08-23,189965.5
Red,中山,2019-08-23,56093.5
Red,雙連,2019-08-23,53589.0
Red,民權西路,2019-08-23,30277.5
Red,圓山,2019-08-23,56802.0
Red,劍潭,2019-08-23,66801.0
Red,士林,2019-08-23,60389.0
Red,芝山,2019-08-23,52267.0
Red,明德,2019-08-23,25128.0
Red,石牌,2019-08-23,64409.0
Red,唭哩岸,2019-08-23,15349.0
Red,奇岩,2019-08-23,19226.0
Red,北投,2019-08-23,38827.0
Red,新北投,2019-08-23,12786.0
Red,復興崗,2019-08-23,7812.0
Red,忠義,2019-08-23,6845.0
Red,關渡,2019-08-23,22780.0
Red,竹圍,2019-08-23,19529.0
Red,紅樹林,2019-08-23,21644.0
Red,淡水,2019-08-23,72121.0
Red,象山,2019-08-23,29339.0
Red,台北101/世貿,2019-08-23,89715.0
Red,信義安和,2019-08-23,42807.0
Red,大安森林公園,2019-08-23,17013.0
Red,東門,2019-08-23,32361.5
Red,大安,2019-08-23,29195.5
Red,中正紀念堂,2019-08-24,27051.5
Red,台大醫院,2019-08-24,22832.0
Red,台北車站,2019-08-24,156054.0
Red,中山,2019-08-24,50347.0
Red,雙連,2019-08-24,38755.0
Red,民權西路,2019-08-24,20833.5
Red,圓山,2019-08-24,49792.0
Red,劍潭,2019-08-24,52557.0
Red,士林,2019-08-24,46156.0
Red,芝山,2019-08-24,36561.0
Red,明德,2019-08-24,16403.0
Red,石牌,2019-08-24,40167.0
Red,唭哩岸,2019-08-24,10927.0
Red,奇岩,2019-08-24,11935.0
Red,北投,2019-08-24,26791.0
Red,新北投,2019-08-24,10144.0
Red,復興崗,2019-08-24,5614.0
Red,忠義,2019-08-24,3152.0
Red,關渡,2019-08-24,13722.0
Red,竹圍,2019-08-24,14849.0
Red,紅樹林,2019-08-24,16532.0
Red,淡水,2019-08-24,58087.0
Red,象山,2019-08-24,14074.0
Red,台北101/世貿,2019-08-24,80954.0
Red,信義安和,2019-08-24,26447.0
Red,大安森林公園,2019-08-24,14617.0
Red,東門,2019-08-24,26804.5
Red,大安,2019-08-24,16928.5
Red,中正紀念堂,2019-08-25,27242.0
Red,台大醫院,2019-08-25,21976.0
Red,台北車站,2019-08-25,171608.5
Red,中山,2019-08-25,48066.0
Red,雙連,2019-08-25,32512.0
Red,民權西路,2019-08-25,23482.5
Red,圓山,2019-08-25,49824.0
Red,劍潭,2019-08-25,60397.0
Red,士林,2019-08-25,47255.0
Red,芝山,2019-08-25,40199.0
Red,明德,2019-08-25,14701.0
Red,石牌,2019-08-25,42813.0
Red,唭哩岸,2019-08-25,10600.0
Red,奇岩,2019-08-25,11615.0
Red,北投,2019-08-25,28423.0
Red,新北投,2019-08-25,11689.0
Red,復興崗,2019-08-25,5526.0
Red,忠義,2019-08-25,3227.0
Red,關渡,2019-08-25,14664.0
Red,竹圍,2019-08-25,14882.0
Red,紅樹林,2019-08-25,19389.0
Red,淡水,2019-08-25,79353.0
Red,象山,2019-08-25,18004.0
Red,台北101/世貿,2019-08-25,79524.0
Red,信義安和,2019-08-25,23081.0
Red,大安森林公園,2019-08-25,18375.0
Red,東門,2019-08-25,26696.0
Red,大安,2019-08-25,16643.0
Red,中正紀念堂,2019-08-26,30379.0
Red,台大醫院,2019-08-26,53626.0
Red,台北車站,2019-08-26,165031.5
Red,中山,2019-08-26,47492.0
Red,雙連,2019-08-26,50747.0
Red,民權西路,2019-08-26,28598.5
Red,圓山,2019-08-26,52186.0
Red,劍潭,2019-08-26,61371.0
Red,士林,2019-08-26,53881.0
Red,芝山,2019-08-26,47133.0
Red,明德,2019-08-26,25099.0
Red,石牌,2019-08-26,60711.0
Red,唭哩岸,2019-08-26,14234.0
Red,奇岩,2019-08-26,18114.0
Red,北投,2019-08-26,34111.0
Red,新北投,2019-08-26,9270.0
Red,復興崗,2019-08-26,7115.0
Red,忠義,2019-08-26,6658.0
Red,關渡,2019-08-26,22391.0
Red,竹圍,2019-08-26,18853.0
Red,紅樹林,2019-08-26,20956.0
Red,淡水,2019-08-26,70325.0
Red,象山,2019-08-26,27808.0
Red,台北101/世貿,2019-08-26,82439.0
Red,信義安和,2019-08-26,38303.0
Red,大安森林公園,2019-08-26,15596.0
Red,東門,2019-08-26,28375.0
Red,大安,2019-08-26,26275.5
Red,中正紀念堂,2019-08-27,33065.0
Red,台大醫院,2019-08-27,56441.0
Red,台北車站,2019-08-27,163261.5
Red,中山,2019-08-27,49828.5
Red,雙連,2019-08-27,51766.0
Red,民權西路,2019-08-27,29087.0
Red,圓山,2019-08-27,55966.0
Red,劍潭,2019-08-27,64727.0
Red,士林,2019-08-27,57015.0
Red,芝山,2019-08-27,48268.0
Red,明德,2019-08-27,26438.0
Red,石牌,2019-08-27,62491.0
Red,唭哩岸,2019-08-27,14695.0
Red,奇岩,2019-08-27,18517.0
Red,北投,2019-08-27,35624.0
Red,新北投,2019-08-27,9784.0
Red,復興崗,2019-08-27,7395.0
Red,忠義,2019-08-27,7206.0
Red,關渡,2019-08-27,22407.0
Red,竹圍,2019-08-27,18695.0
Red,紅樹林,2019-08-27,21120.0
Red,淡水,2019-08-27,70971.0
Red,象山,2019-08-27,28306.0
Red,台北101/世貿,2019-08-27,64906.0
Red,信義安和,2019-08-27,39961.0
Red,大安森林公園,2019-08-27,16193.0
Red,東門,2019-08-27,29601.5
Red,大安,2019-08-27,27544.0
Red,中正紀念堂,2019-08-28,32686.0
Red,台大醫院,2019-08-28,54986.0
Red,台北車站,2019-08-28,162262.0
Red,中山,2019-08-28,50600.5
Red,雙連,2019-08-28,51696.0
Red,民權西路,2019-08-28,29206.0
Red,圓山,2019-08-28,54366.0
Red,劍潭,2019-08-28,63620.0
Red,士林,2019-08-28,55318.0
Red,芝山,2019-08-28,48024.0
Red,明德,2019-08-28,25178.0
Red,石牌,2019-08-28,63399.0
Red,唭哩岸,2019-08-28,14966.0
Red,奇岩,2019-08-28,18439.0
Red,北投,2019-08-28,35608.0
Red,新北投,2019-08-28,9586.0
Red,復興崗,2019-08-28,7398.0
Red,忠義,2019-08-28,7183.0
Red,關渡,2019-08-28,22271.0
Red,竹圍,2019-08-28,18987.0
Red,紅樹林,2019-08-28,21196.0
Red,淡水,2019-08-28,70057.0
Red,象山,2019-08-28,28408.0
Red,台北101/世貿,2019-08-28,65984.0
Red,信義安和,2019-08-28,40321.0
Red,大安森林公園,2019-08-28,16353.0
Red,東門,2019-08-28,28766.0
Red,大安,2019-08-28,27505.5
Red,中正紀念堂,2019-08-29,30894.0
Red,台大醫院,2019-08-29,52609.0
Red,台北車站,2019-08-29,155362.5
Red,中山,2019-08-29,49042.0
Red,雙連,2019-08-29,49449.0
Red,民權西路,2019-08-29,28610.5
Red,圓山,2019-08-29,53293.0
Red,劍潭,2019-08-29,59029.0
Red,士林,2019-08-29,52252.0
Red,芝山,2019-08-29,46924.0
Red,明德,2019-08-29,25084.0
Red,石牌,2019-08-29,61100.0
Red,唭哩岸,2019-08-29,14596.0
Red,奇岩,2019-08-29,18520.0
Red,北投,2019-08-29,35495.0
Red,新北投,2019-08-29,9140.0
Red,復興崗,2019-08-29,7049.0
Red,忠義,2019-08-29,6892.0
Red,關渡,2019-08-29,21408.0
Red,竹圍,2019-08-29,18617.0
Red,紅樹林,2019-08-29,20120.0
Red,淡水,2019-08-29,65005.0
Red,象山,2019-08-29,27518.0
Red,台北101/世貿,2019-08-29,65059.0
Red,信義安和,2019-08-29,39501.0
Red,大安森林公園,2019-08-29,15891.0
Red,東門,2019-08-29,28838.5
Red,大安,2019-08-29,25977.5
Red,中正紀念堂,2019-08-30,34127.5
Red,台大醫院,2019-08-30,52222.0
Red,台北車站,2019-08-30,171821.0
Red,中山,2019-08-30,51829.5
Red,雙連,2019-08-30,50049.0
Red,民權西路,2019-08-30,30208.5
Red,圓山,2019-08-30,56366.0
Red,劍潭,2019-08-30,59925.0
Red,士林,2019-08-30,57488.0
Red,芝山,2019-08-30,48806.0
Red,明德,2019-08-30,27086.0
Red,石牌,2019-08-30,63503.0
Red,唭哩岸,2019-08-30,15333.0
Red,奇岩,2019-08-30,18914.0
Red,北投,2019-08-30,39876.0
Red,新北投,2019-08-30,10087.0
Red,復興崗,2019-08-30,7740.0
Red,忠義,2019-08-30,7154.0
Red,關渡,2019-08-30,22525.0
Red,竹圍,2019-08-30,19594.0
Red,紅樹林,2019-08-30,20576.0
Red,淡水,2019-08-30,64137.0
Red,象山,2019-08-30,27283.0
Red,台北101/世貿,2019-08-30,71536.0
Red,信義安和,2019-08-30,41212.0
Red,大安森林公園,2019-08-30,16492.0
Red,東門,2019-08-30,30443.0
Red,大安,2019-08-30,32376.5
Red,中正紀念堂,2019-08-31,29286.5
Red,台大醫院,2019-08-31,25393.0
Red,台北車站,2019-08-31,177500.0
Red,中山,2019-08-31,55492.5
Red,雙連,2019-08-31,42674.0
Red,民權西路,2019-08-31,23908.0
Red,圓山,2019-08-31,55731.0
Red,劍潭,2019-08-31,68066.0
Red,士林,2019-08-31,55185.0
Red,芝山,2019-08-31,41266.0
Red,明德,2019-08-31,19053.0
Red,石牌,2019-08-31,48651.0
Red,唭哩岸,2019-08-31,13312.0
Red,奇岩,2019-08-31,13779.0
Red,北投,2019-08-31,31741.0
Red,新北投,2019-08-31,11470.0
Red,復興崗,2019-08-31,6408.0
Red,忠義,2019-08-31,4010.0
Red,關渡,2019-08-31,17226.0
Red,竹圍,2019-08-31,17333.0
Red,紅樹林,2019-08-31,20270.0
Red,淡水,2019-08-31,79790.0
Red,象山,2019-08-31,20149.0
Red,台北101/世貿,2019-08-31,70398.0
Red,信義安和,2019-08-31,30266.0
Red,大安森林公園,2019-08-31,28440.0
Red,東門,2019-08-31,29062.5
Red,大安,2019-08-31,19042.0
Red,中正紀念堂,2019-09-01,24085.0
Red,台大醫院,2019-09-01,21326.0
Red,台北車站,2019-09-01,164978.0
Red,中山,2019-09-01,45312.0
Red,雙連,2019-09-01,29908.0
Red,民權西路,2019-09-01,21905.0
Red,圓山,2019-09-01,47595.0
Red,劍潭,2019-09-01,56403.0
Red,士林,2019-09-01,44515.0
Red,芝山,2019-09-01,37273.0
Red,明德,2019-09-01,15249.0
Red,石牌,2019-09-01,41575.0
Red,唭哩岸,2019-09-01,11056.0
Red,奇岩,2019-09-01,11381.0
Red,北投,2019-09-01,28121.0
Red,新北投,2019-09-01,10414.0
Red,復興崗,2019-09-01,5356.0
Red,忠義,2019-09-01,3205.0
Red,關渡,2019-09-01,15360.0
Red,竹圍,2019-09-01,14211.0
Red,紅樹林,2019-09-01,17522.0
Red,淡水,2019-09-01,72476.0
Red,象山,2019-09-01,17409.0
Red,台北101/世貿,2019-09-01,62807.0
Red,信義安和,2019-09-01,22313.0
Red,大安森林公園,2019-09-01,18278.0
Red,東門,2019-09-01,24133.5
Red,大安,2019-09-01,14942.5
Red,中正紀念堂,2019-09-02,32057.5
Red,台大醫院,2019-09-02,53408.0
Red,台北車站,2019-09-02,150153.5
Red,中山,2019-09-02,44660.0
Red,雙連,2019-09-02,47869.0
Red,民權西路,2019-09-02,28991.0
Red,圓山,2019-09-02,52744.0
Red,劍潭,2019-09-02,58832.0
Red,士林,2019-09-02,54039.0
Red,芝山,2019-09-02,45365.0
Red,明德,2019-09-02,27257.0
Red,石牌,2019-09-02,63142.0
Red,唭哩岸,2019-09-02,14453.0
Red,奇岩,2019-09-02,17754.0
Red,北投,2019-09-02,36739.0
Red,新北投,2019-09-02,9421.0
Red,復興崗,2019-09-02,7119.0
Red,忠義,2019-09-02,6717.0
Red,關渡,2019-09-02,22664.0
Red,竹圍,2019-09-02,19379.0
Red,紅樹林,2019-09-02,19533.0
Red,淡水,2019-09-02,63804.0
Red,象山,2019-09-02,27858.0
Red,台北101/世貿,2019-09-02,69590.0
Red,信義安和,2019-09-02,37744.0
Red,大安森林公園,2019-09-02,15342.0
Red,東門,2019-09-02,27238.5
Red,大安,2019-09-02,29675.5
Red,中正紀念堂,2019-09-03,33075.0
Red,台大醫院,2019-09-03,54355.0
Red,台北車站,2019-09-03,149464.0
Red,中山,2019-09-03,46344.5
Red,雙連,2019-09-03,48066.0
Red,民權西路,2019-09-03,29287.5
Red,圓山,2019-09-03,55784.0
Red,劍潭,2019-09-03,59764.0
Red,士林,2019-09-03,57132.0
Red,芝山,2019-09-03,47600.0
Red,明德,2019-09-03,27812.0
Red,石牌,2019-09-03,65149.0
Red,唭哩岸,2019-09-03,14483.0
Red,奇岩,2019-09-03,18441.0
Red,北投,2019-09-03,39317.0
Red,新北投,2019-09-03,10506.0
Red,復興崗,2019-09-03,7468.0
Red,忠義,2019-09-03,7370.0
Red,關渡,2019-09-03,23349.0
Red,竹圍,2019-09-03,19585.0
Red,紅樹林,2019-09-03,20120.0
Red,淡水,2019-09-03,65451.0
Red,象山,2019-09-03,29010.0
Red,台北101/世貿,2019-09-03,59632.0
Red,信義安和,2019-09-03,39237.0
Red,大安森林公園,2019-09-03,15994.0
Red,東門,2019-09-03,28009.5
Red,大安,2019-09-03,30306.5
Red,中正紀念堂,2019-09-04,33007.5
Red,台大醫院,2019-09-04,53320.0
Red,台北車站,2019-09-04,147773.5
Red,中山,2019-09-04,46143.5
Red,雙連,2019-09-04,48716.0
Red,民權西路,2019-09-04,28815.0
Red,圓山,2019-09-04,53755.0
Red,劍潭,2019-09-04,57391.0
Red,士林,2019-09-04,55838.0
Red,芝山,2019-09-04,47732.0
Red,明德,2019-09-04,27397.0
Red,石牌,2019-09-04,65755.0
Red,唭哩岸,2019-09-04,14830.0
Red,奇岩,2019-09-04,18086.0
Red,北投,2019-09-04,37141.0
Red,新北投,2019-09-04,10130.0
Red,復興崗,2019-09-04,7299.0
Red,忠義,2019-09-04,7123.0
Red,關渡,2019-09-04,22814.0
Red,竹圍,2019-09-04,18722.0
Red,紅樹林,2019-09-04,20006.0
Red,淡水,2019-09-04,61084.0
Red,象山,2019-09-04,26883.0
Red,台北101/世貿,2019-09-04,60632.0
Red,信義安和,2019-09-04,38415.0
Red,大安森林公園,2019-09-04,15385.0
Red,東門,2019-09-04,28177.0
Red,大安,2019-09-04,30603.5
Red,中正紀念堂,2019-09-05,33481.0
Red,台大醫院,2019-09-05,53087.0
Red,台北車站,2019-09-05,151582.5
Red,中山,2019-09-05,47322.0
Red,雙連,2019-09-05,48130.0
Red,民權西路,2019-09-05,29807.5
Red,圓山,2019-09-05,54311.0
Red,劍潭,2019-09-05,59758.0
Red,士林,2019-09-05,55562.0
Red,芝山,2019-09-05,46788.0
Red,明德,2019-09-05,27294.0
Red,石牌,2019-09-05,65496.0
Red,唭哩岸,2019-09-05,14951.0
Red,奇岩,2019-09-05,18580.0
Red,北投,2019-09-05,36503.0
Red,新北投,2019-09-05,10352.0
Red,復興崗,2019-09-05,7341.0
Red,忠義,2019-09-05,7312.0
Red,關渡,2019-09-05,23685.0
Red,竹圍,2019-09-05,18752.0
Red,紅樹林,2019-09-05,20067.0
Red,淡水,2019-09-05,62051.0
Red,象山,2019-09-05,26865.0
Red,台北101/世貿,2019-09-05,62273.0
Red,信義安和,2019-09-05,39781.0
Red,大安森林公園,2019-09-05,15223.0
Red,東門,2019-09-05,28723.5
Red,大安,2019-09-05,30832.5
Red,中正紀念堂,2019-09-06,37584.5
Red,台大醫院,2019-09-06,55804.0
Red,台北車站,2019-09-06,182712.0
Red,中山,2019-09-06,54404.0
Red,雙連,2019-09-06,52577.0
Red,民權西路,2019-09-06,31974.0
Red,圓山,2019-09-06,58747.0
Red,劍潭,2019-09-06,69386.0
Red,士林,2019-09-06,61078.0
Red,芝山,2019-09-06,50747.0
Red,明德,2019-09-06,28352.0
Red,石牌,2019-09-06,67523.0
Red,唭哩岸,2019-09-06,15461.0
Red,奇岩,2019-09-06,19983.0
Red,北投,2019-09-06,40993.0
Red,新北投,2019-09-06,12237.0
Red,復興崗,2019-09-06,7875.0
Red,忠義,2019-09-06,7518.0
Red,關渡,2019-09-06,25239.0
Red,竹圍,2019-09-06,20379.0
Red,紅樹林,2019-09-06,22152.0
Red,淡水,2019-09-06,74765.0
Red,象山,2019-09-06,30086.0
Red,台北101/世貿,2019-09-06,76826.0
Red,信義安和,2019-09-06,43101.0
Red,大安森林公園,2019-09-06,17524.0
Red,東門,2019-09-06,31936.0
Red,大安,2019-09-06,32313.0
Red,中正紀念堂,2019-09-07,31828.5
Red,台大醫院,2019-09-07,27551.0
Red,台北車站,2019-09-07,182525.5
Red,中山,2019-09-07,55946.0
Red,雙連,2019-09-07,43298.0
Red,民權西路,2019-09-07,24671.5
Red,圓山,2019-09-07,62485.0
Red,劍潭,2019-09-07,71206.0
Red,士林,2019-09-07,57768.0
Red,芝山,2019-09-07,42148.0
Red,明德,2019-09-07,20731.0
Red,石牌,2019-09-07,50015.0
Red,唭哩岸,2019-09-07,13208.0
Red,奇岩,2019-09-07,13671.0
Red,北投,2019-09-07,34278.0
Red,新北投,2019-09-07,12742.0
Red,復興崗,2019-09-07,6738.0
Red,忠義,2019-09-07,3990.0
Red,關渡,2019-09-07,19359.0
Red,竹圍,2019-09-07,17994.0
Red,紅樹林,2019-09-07,20435.0
Red,淡水,2019-09-07,78988.0
Red,象山,2019-09-07,20940.0
Red,台北101/世貿,2019-09-07,76545.0
Red,信義安和,2019-09-07,30731.0
Red,大安森林公園,2019-09-07,19679.0
Red,東門,2019-09-07,29637.0
Red,大安,2019-09-07,19734.0
Red,中正紀念堂,2019-09-08,27281.5
Red,台大醫院,2019-09-08,24035.0
Red,台北車站,2019-09-08,180677.5
Red,中山,2019-09-08,45999.0
Red,雙連,2019-09-08,31390.0
Red,民權西路,2019-09-08,23077.0
Red,圓山,2019-09-08,55560.0
Red,劍潭,2019-09-08,61331.0
Red,士林,2019-09-08,48673.0
Red,芝山,2019-09-08,42199.0
Red,明德,2019-09-08,15794.0
Red,石牌,2019-09-08,42250.0
Red,唭哩岸,2019-09-08,11186.0
Red,奇岩,2019-09-08,11313.0
Red,北投,2019-09-08,30666.0
Red,新北投,2019-09-08,10884.0
Red,復興崗,2019-09-08,5714.0
Red,忠義,2019-09-08,3390.0
Red,關渡,2019-09-08,17627.0
Red,竹圍,2019-09-08,15732.0
Red,紅樹林,2019-09-08,19465.0
Red,淡水,2019-09-08,76209.0
Red,象山,2019-09-08,19383.0
Red,台北101/世貿,2019-09-08,66470.0
Red,信義安和,2019-09-08,23555.0
Red,大安森林公園,2019-09-08,18390.0
Red,東門,2019-09-08,25795.0
Red,大安,2019-09-08,15929.0
Red,中正紀念堂,2019-09-09,32293.0
Red,台大醫院,2019-09-09,54486.0
Red,台北車站,2019-09-09,149592.5
Red,中山,2019-09-09,43750.5
Red,雙連,2019-09-09,48264.0
Red,民權西路,2019-09-09,30265.5
Red,圓山,2019-09-09,54534.0
Red,劍潭,2019-09-09,66453.0
Red,士林,2019-09-09,59384.0
Red,芝山,2019-09-09,47992.0
Red,明德,2019-09-09,28006.0
Red,石牌,2019-09-09,66120.0
Red,唭哩岸,2019-09-09,14396.0
Red,奇岩,2019-09-09,18134.0
Red,北投,2019-09-09,37783.0
Red,新北投,2019-09-09,9717.0
Red,復興崗,2019-09-09,7363.0
Red,忠義,2019-09-09,7281.0
Red,關渡,2019-09-09,29336.0
Red,竹圍,2019-09-09,19931.0
Red,紅樹林,2019-09-09,20782.0
Red,淡水,2019-09-09,71813.0
Red,象山,2019-09-09,28043.0
Red,台北101/世貿,2019-09-09,64771.0
Red,信義安和,2019-09-09,37920.0
Red,大安森林公園,2019-09-09,15389.0
Red,東門,2019-09-09,26911.0
Red,大安,2019-09-09,29893.0
Red,中正紀念堂,2019-09-10,35362.5
Red,台大醫院,2019-09-10,55743.0
Red,台北車站,2019-09-10,147762.5
Red,中山,2019-09-10,46019.5
Red,雙連,2019-09-10,49282.0
Red,民權西路,2019-09-10,30851.5
Red,圓山,2019-09-10,57924.0
Red,劍潭,2019-09-10,68898.0
Red,士林,2019-09-10,61988.0
Red,芝山,2019-09-10,49783.0
Red,明德,2019-09-10,28588.0
Red,石牌,2019-09-10,67048.0
Red,唭哩岸,2019-09-10,15233.0
Red,奇岩,2019-09-10,18646.0
Red,北投,2019-09-10,39704.0
Red,新北投,2019-09-10,10546.0
Red,復興崗,2019-09-10,7607.0
Red,忠義,2019-09-10,7553.0
Red,關渡,2019-09-10,29174.0
Red,竹圍,2019-09-10,20133.0
Red,紅樹林,2019-09-10,21794.0
Red,淡水,2019-09-10,71648.0
Red,象山,2019-09-10,28872.0
Red,台北101/世貿,2019-09-10,59040.0
Red,信義安和,2019-09-10,39843.0
Red,大安森林公園,2019-09-10,16256.0
Red,東門,2019-09-10,28465.0
Red,大安,2019-09-10,31388.0
Red,中正紀念堂,2019-09-11,34830.0
Red,台大醫院,2019-09-11,56437.0
Red,台北車站,2019-09-11,153882.5
Red,中山,2019-09-11,47904.0
Red,雙連,2019-09-11,52870.0
Red,民權西路,2019-09-11,30772.0
Red,圓山,2019-09-11,58008.0
Red,劍潭,2019-09-11,69312.0
Red,士林,2019-09-11,62276.0
Red,芝山,2019-09-11,49776.0
Red,明德,2019-09-11,28469.0
Red,石牌,2019-09-11,69275.0
Red,唭哩岸,2019-09-11,15538.0
Red,奇岩,2019-09-11,18619.0
Red,北投,2019-09-11,40322.0
Red,新北投,2019-09-11,10341.0
Red,復興崗,2019-09-11,7567.0
Red,忠義,2019-09-11,7563.0
Red,關渡,2019-09-11,30038.0
Red,竹圍,2019-09-11,20804.0
Red,紅樹林,2019-09-11,21795.0
Red,淡水,2019-09-11,72539.0
Red,象山,2019-09-11,28595.0
Red,台北101/世貿,2019-09-11,60196.0
Red,信義安和,2019-09-11,40052.0
Red,大安森林公園,2019-09-11,16503.0
Red,東門,2019-09-11,28853.0
Red,大安,2019-09-11,31032.0
Red,中正紀念堂,2019-09-12,36990.5
Red,台大醫院,2019-09-12,53871.0
Red,台北車站,2019-09-12,198073.5
Red,中山,2019-09-12,49707.0
Red,雙連,2019-09-12,51573.0
Red,民權西路,2019-09-12,31886.0
Red,圓山,2019-09-12,61458.0
Red,劍潭,2019-09-12,75428.0
Red,士林,2019-09-12,66802.0
Red,芝山,2019-09-12,51258.0
Red,明德,2019-09-12,28791.0
Red,石牌,2019-09-12,70505.0
Red,唭哩岸,2019-09-12,15745.0
Red,奇岩,2019-09-12,19717.0
Red,北投,2019-09-12,41540.0
Red,新北投,2019-09-12,11076.0
Red,復興崗,2019-09-12,7781.0
Red,忠義,2019-09-12,7429.0
Red,關渡,2019-09-12,30412.0
Red,竹圍,2019-09-12,20898.0
Red,紅樹林,2019-09-12,23733.0
Red,淡水,2019-09-12,81421.0
Red,象山,2019-09-12,30299.0
Red,台北101/世貿,2019-09-12,64063.0
Red,信義安和,2019-09-12,41095.0
Red,大安森林公園,2019-09-12,16060.0
Red,東門,2019-09-12,30582.0
Red,大安,2019-09-12,31398.0
Red,中正紀念堂,2019-09-13,20357.5
Red,台大醫院,2019-09-13,15647.0
Red,台北車站,2019-09-13,155094.0
Red,中山,2019-09-13,40564.5
Red,雙連,2019-09-13,29519.0
Red,民權西路,2019-09-13,17671.5
Red,圓山,2019-09-13,46154.0
Red,劍潭,2019-09-13,58432.0
Red,士林,2019-09-13,43517.0
Red,芝山,2019-09-13,34353.0
Red,明德,2019-09-13,14604.0
Red,石牌,2019-09-13,38238.0
Red,唭哩岸,2019-09-13,10697.0
Red,奇岩,2019-09-13,12390.0
Red,北投,2019-09-13,27030.0
Red,新北投,2019-09-13,10691.0
Red,復興崗,2019-09-13,5191.0
Red,忠義,2019-09-13,3381.0
Red,關渡,2019-09-13,15899.0
Red,竹圍,2019-09-13,14895.0
Red,紅樹林,2019-09-13,19860.0
Red,淡水,2019-09-13,82696.0
Red,象山,2019-09-13,17656.0
Red,台北101/世貿,2019-09-13,55404.0
Red,信義安和,2019-09-13,22360.0
Red,大安森林公園,2019-09-13,13100.0
Red,東門,2019-09-13,22733.0
Red,大安,2019-09-13,12823.0
Red,中正紀念堂,2019-09-14,24343.0
Red,台大醫院,2019-09-14,20306.0
Red,台北車站,2019-09-14,160639.0
Red,中山,2019-09-14,46470.0
Red,雙連,2019-09-14,32763.0
Red,民權西路,2019-09-14,20362.0
Red,圓山,2019-09-14,54313.0
Red,劍潭,2019-09-14,66974.0
Red,士林,2019-09-14,49493.0
Red,芝山,2019-09-14,36250.0
Red,明德,2019-09-14,15435.0
Red,石牌,2019-09-14,41158.0
Red,唭哩岸,2019-09-14,11072.0
Red,奇岩,2019-09-14,11855.0
Red,北投,2019-09-14,29109.0
Red,新北投,2019-09-14,13038.0
Red,復興崗,2019-09-14,5562.0
Red,忠義,2019-09-14,3564.0
Red,關渡,2019-09-14,16414.0
Red,竹圍,2019-09-14,15378.0
Red,紅樹林,2019-09-14,21518.0
Red,淡水,2019-09-14,89531.0
Red,象山,2019-09-14,19082.0
Red,台北101/世貿,2019-09-14,58180.0
Red,信義安和,2019-09-14,24455.0
Red,大安森林公園,2019-09-14,17535.0
Red,東門,2019-09-14,25741.0
Red,大安,2019-09-14,15013.5
Red,中正紀念堂,2019-09-15,23945.5
Red,台大醫院,2019-09-15,17689.0
Red,台北車站,2019-09-15,191950.5
Red,中山,2019-09-15,41204.0
Red,雙連,2019-09-15,28027.0
Red,民權西路,2019-09-15,20301.5
Red,圓山,2019-09-15,45441.0
Red,劍潭,2019-09-15,50980.0
Red,士林,2019-09-15,40294.0
Red,芝山,2019-09-15,35199.0
Red,明德,2019-09-15,13752.0
Red,石牌,2019-09-15,37249.0
Red,唭哩岸,2019-09-15,9977.0
Red,奇岩,2019-09-15,9925.0
Red,北投,2019-09-15,25499.0
Red,新北投,2019-09-15,10216.0
Red,復興崗,2019-09-15,4580.0
Red,忠義,2019-09-15,2752.0
Red,關渡,2019-09-15,13509.0
Red,竹圍,2019-09-15,13519.0
Red,紅樹林,2019-09-15,16408.0
Red,淡水,2019-09-15,63556.0
Red,象山,2019-09-15,14106.0
Red,台北101/世貿,2019-09-15,50926.0
Red,信義安和,2019-09-15,20497.0
Red,大安森林公園,2019-09-15,16071.0
Red,東門,2019-09-15,22492.5
Red,大安,2019-09-15,13233.0
Red,中正紀念堂,2019-09-16,32466.5
Red,台大醫院,2019-09-16,54049.0
Red,台北車站,2019-09-16,157629.0
Red,中山,2019-09-16,42753.0
Red,雙連,2019-09-16,48242.0
Red,民權西路,2019-09-16,29812.0
Red,圓山,2019-09-16,55983.0
Red,劍潭,2019-09-16,64831.0
Red,士林,2019-09-16,57847.0
Red,芝山,2019-09-16,46458.0
Red,明德,2019-09-16,28105.0
Red,石牌,2019-09-16,67113.0
Red,唭哩岸,2019-09-16,14633.0
Red,奇岩,2019-09-16,17748.0
Red,北投,2019-09-16,38327.0
Red,新北投,2019-09-16,9805.0
Red,復興崗,2019-09-16,7281.0
Red,忠義,2019-09-16,5569.0
Red,關渡,2019-09-16,26551.0
Red,竹圍,2019-09-16,19729.0
Red,紅樹林,2019-09-16,20977.0
Red,淡水,2019-09-16,69617.0
Red,象山,2019-09-16,27113.0
Red,台北101/世貿,2019-09-16,61091.0
Red,信義安和,2019-09-16,37830.0
Red,大安森林公園,2019-09-16,14824.0
Red,東門,2019-09-16,26475.0
Red,大安,2019-09-16,29462.5
Red,中正紀念堂,2019-09-17,34959.5
Red,台大醫院,2019-09-17,55524.0
Red,台北車站,2019-09-17,144675.0
Red,中山,2019-09-17,44909.5
Red,雙連,2019-09-17,49044.0
Red,民權西路,2019-09-17,30239.5
Red,圓山,2019-09-17,56085.0
Red,劍潭,2019-09-17,68148.0
Red,士林,2019-09-17,59591.0
Red,芝山,2019-09-17,48256.0
Red,明德,2019-09-17,27951.0
Red,石牌,2019-09-17,67748.0
Red,唭哩岸,2019-09-17,15081.0
Red,奇岩,2019-09-17,18724.0
Red,北投,2019-09-17,39196.0
Red,新北投,2019-09-17,11324.0
Red,復興崗,2019-09-17,7793.0
Red,忠義,2019-09-17,7516.0
Red,關渡,2019-09-17,29303.0
Red,竹圍,2019-09-17,20478.0
Red,紅樹林,2019-09-17,21650.0
Red,淡水,2019-09-17,70605.0
Red,象山,2019-09-17,28200.0
Red,台北101/世貿,2019-09-17,59601.0
Red,信義安和,2019-09-17,39221.0
Red,大安森林公園,2019-09-17,15828.0
Red,東門,2019-09-17,27399.5
Red,大安,2019-09-17,30832.5
Red,中正紀念堂,2019-09-18,36225.0
Red,台大醫院,2019-09-18,55977.0
Red,台北車站,2019-09-18,145085.0
Red,中山,2019-09-18,45878.0
Red,雙連,2019-09-18,49259.0
Red,民權西路,2019-09-18,30348.5
Red,圓山,2019-09-18,55705.0
Red,劍潭,2019-09-18,67807.0
Red,士林,2019-09-18,60026.0
Red,芝山,2019-09-18,48113.0
Red,明德,2019-09-18,27765.0
Red,石牌,2019-09-18,67980.0
Red,唭哩岸,2019-09-18,14984.0
Red,奇岩,2019-09-18,18278.0
Red,北投,2019-09-18,39885.0
Red,新北投,2019-09-18,9943.0
Red,復興崗,2019-09-18,7535.0
Red,忠義,2019-09-18,7428.0
Red,關渡,2019-09-18,29188.0
Red,竹圍,2019-09-18,20092.0
Red,紅樹林,2019-09-18,21500.0
Red,淡水,2019-09-18,70735.0
Red,象山,2019-09-18,28005.0
Red,台北101/世貿,2019-09-18,59627.0
Red,信義安和,2019-09-18,39152.0
Red,大安森林公園,2019-09-18,16063.0
Red,東門,2019-09-18,28349.5
Red,大安,2019-09-18,30307.5
Red,中正紀念堂,2019-09-19,36730.5
Red,台大醫院,2019-09-19,54378.0
Red,台北車站,2019-09-19,150393.5
Red,中山,2019-09-19,48061.5
Red,雙連,2019-09-19,48681.0
Red,民權西路,2019-09-19,30361.5
Red,圓山,2019-09-19,56944.0
Red,劍潭,2019-09-19,69666.0
Red,士林,2019-09-19,61139.0
Red,芝山,2019-09-19,49052.0
Red,明德,2019-09-19,27560.0
Red,石牌,2019-09-19,68242.0
Red,唭哩岸,2019-09-19,15189.0
Red,奇岩,2019-09-19,19120.0
Red,北投,2019-09-19,39301.0
Red,新北投,2019-09-19,11030.0
Red,復興崗,2019-09-19,7816.0
Red,忠義,2019-09-19,7345.0
Red,關渡,2019-09-19,29277.0
Red,竹圍,2019-09-19,20017.0
Red,紅樹林,2019-09-19,21896.0
Red,淡水,2019-09-19,73187.0
Red,象山,2019-09-19,28530.0
Red,台北101/世貿,2019-09-19,63588.0
Red,信義安和,2019-09-19,39082.0
Red,大安森林公園,2019-09-19,16000.0
Red,東門,2019-09-19,28501.5
Red,大安,2019-09-19,31203.5
Red,中正紀念堂,2019-09-20,39062.0
Red,台大醫院,2019-09-20,56481.0
Red,台北車站,2019-09-20,188176.5
Red,中山,2019-09-20,55275.0
Red,雙連,2019-09-20,52508.0
Red,民權西路,2019-09-20,32195.5
Red,圓山,2019-09-20,59987.0
Red,劍潭,2019-09-20,71359.0
Red,士林,2019-09-20,64268.0
Red,芝山,2019-09-20,51020.0
Red,明德,2019-09-20,28135.0
Red,石牌,2019-09-20,72845.0
Red,唭哩岸,2019-09-20,16301.0
Red,奇岩,2019-09-20,19082.0
Red,北投,2019-09-20,41024.0
Red,新北投,2019-09-20,12817.0
Red,復興崗,2019-09-20,8097.0
Red,忠義,2019-09-20,7655.0
Red,關渡,2019-09-20,29449.0
Red,竹圍,2019-09-20,20076.0
Red,紅樹林,2019-09-20,22877.0
Red,淡水,2019-09-20,74451.0
Red,象山,2019-09-20,29097.0
Red,台北101/世貿,2019-09-20,81952.0
Red,信義安和,2019-09-20,43618.0
Red,大安森林公園,2019-09-20,16967.0
Red,東門,2019-09-20,32247.5
Red,大安,2019-09-20,33120.5
Red,中正紀念堂,2019-09-21,32798.0
Red,台大醫院,2019-09-21,29793.0
Red,台北車站,2019-09-21,180349.5
Red,中山,2019-09-21,59827.5
Red,雙連,2019-09-21,43523.0
Red,民權西路,2019-09-21,24968.5
Red,圓山,2019-09-21,53803.0
Red,劍潭,2019-09-21,62100.0
Red,士林,2019-09-21,55022.0
Red,芝山,2019-09-21,39882.0
Red,明德,2019-09-21,20034.0
Red,石牌,2019-09-21,50408.0
Red,唭哩岸,2019-09-21,13244.0
Red,奇岩,2019-09-21,12860.0
Red,北投,2019-09-21,30403.0
Red,新北投,2019-09-21,14021.0
Red,復興崗,2019-09-21,5980.0
Red,忠義,2019-09-21,3566.0
Red,關渡,2019-09-21,18421.0
Red,竹圍,2019-09-21,16969.0
Red,紅樹林,2019-09-21,17102.0
Red,淡水,2019-09-21,58169.0
Red,象山,2019-09-21,18318.0
Red,台北101/世貿,2019-09-21,71846.0
Red,信義安和,2019-09-21,29810.0
Red,大安森林公園,2019-09-21,18292.0
Red,東門,2019-09-21,30174.0
Red,大安,2019-09-21,24078.0
Red,中正紀念堂,2019-09-22,29794.5
Red,台大醫院,2019-09-22,24064.0
Red,台北車站,2019-09-22,178264.0
Red,中山,2019-09-22,48935.0
Red,雙連,2019-09-22,33692.0
Red,民權西路,2019-09-22,24000.5
Red,圓山,2019-09-22,56361.0
Red,劍潭,2019-09-22,65994.0
Red,士林,2019-09-22,47660.0
Red,芝山,2019-09-22,41308.0
Red,明德,2019-09-22,15912.0
Red,石牌,2019-09-22,44248.0
Red,唭哩岸,2019-09-22,11601.0
Red,奇岩,2019-09-22,12365.0
Red,北投,2019-09-22,31522.0
Red,新北投,2019-09-22,13247.0
Red,復興崗,2019-09-22,5659.0
Red,忠義,2019-09-22,3427.0
Red,關渡,2019-09-22,18722.0
Red,竹圍,2019-09-22,16606.0
Red,紅樹林,2019-09-22,19990.0
Red,淡水,2019-09-22,84411.0
Red,象山,2019-09-22,20760.0
Red,台北101/世貿,2019-09-22,65545.0
Red,信義安和,2019-09-22,23340.0
Red,大安森林公園,2019-09-22,20611.0
Red,東門,2019-09-22,27376.0
Red,大安,2019-09-22,15928.0
Red,中正紀念堂,2019-09-23,34805.5
Red,台大醫院,2019-09-23,54374.0
Red,台北車站,2019-09-23,150263.5
Red,中山,2019-09-23,45317.0
Red,雙連,2019-09-23,48367.0
Red,民權西路,2019-09-23,29818.5
Red,圓山,2019-09-23,54939.0
Red,劍潭,2019-09-23,67825.0
Red,士林,2019-09-23,57700.0
Red,芝山,2019-09-23,47100.0
Red,明德,2019-09-23,27648.0
Red,石牌,2019-09-23,67047.0
Red,唭哩岸,2019-09-23,14839.0
Red,奇岩,2019-09-23,18171.0
Red,北投,2019-09-23,39112.0
Red,新北投,2019-09-23,10863.0
Red,復興崗,2019-09-23,7464.0
Red,忠義,2019-09-23,7105.0
Red,關渡,2019-09-23,28422.0
Red,竹圍,2019-09-23,20200.0
Red,紅樹林,2019-09-23,21862.0
Red,淡水,2019-09-23,73752.0
Red,象山,2019-09-23,29078.0
Red,台北101/世貿,2019-09-23,66810.0
Red,信義安和,2019-09-23,37631.0
Red,大安森林公園,2019-09-23,16055.0
Red,東門,2019-09-23,27322.5
Red,大安,2019-09-23,30084.5
Red,中正紀念堂,2019-09-24,35804.5
Red,台大醫院,2019-09-24,54930.0
Red,台北車站,2019-09-24,143752.5
Red,中山,2019-09-24,45600.0
Red,雙連,2019-09-24,49145.0
Red,民權西路,2019-09-24,30309.0
Red,圓山,2019-09-24,57567.0
Red,劍潭,2019-09-24,69482.0
Red,士林,2019-09-24,60110.0
Red,芝山,2019-09-24,48971.0
Red,明德,2019-09-24,28321.0
Red,石牌,2019-09-24,68233.0
Red,唭哩岸,2019-09-24,15050.0
Red,奇岩,2019-09-24,18854.0
Red,北投,2019-09-24,40061.0
Red,新北投,2019-09-24,11829.0
Red,復興崗,2019-09-24,7734.0
Red,忠義,2019-09-24,7622.0
Red,關渡,2019-09-24,29129.0
Red,竹圍,2019-09-24,19997.0
Red,紅樹林,2019-09-24,21890.0
Red,淡水,2019-09-24,73158.0
Red,象山,2019-09-24,28990.0
Red,台北101/世貿,2019-09-24,59802.0
Red,信義安和,2019-09-24,38801.0
Red,大安森林公園,2019-09-24,16397.0
Red,東門,2019-09-24,27430.5
Red,大安,2019-09-24,30630.0
Red,中正紀念堂,2019-09-25,35067.5
Red,台大醫院,2019-09-25,55354.0
Red,台北車站,2019-09-25,146413.0
Red,中山,2019-09-25,46414.0
Red,雙連,2019-09-25,49733.0
Red,民權西路,2019-09-25,30853.0
Red,圓山,2019-09-25,57041.0
Red,劍潭,2019-09-25,70587.0
Red,士林,2019-09-25,61045.0
Red,芝山,2019-09-25,49591.0
Red,明德,2019-09-25,27825.0
Red,石牌,2019-09-25,68790.0
Red,唭哩岸,2019-09-25,15469.0
Red,奇岩,2019-09-25,18713.0
Red,北投,2019-09-25,40056.0
Red,新北投,2019-09-25,11481.0
Red,復興崗,2019-09-25,7824.0
Red,忠義,2019-09-25,10049.0
Red,關渡,2019-09-25,29493.0
Red,竹圍,2019-09-25,20128.0
Red,紅樹林,2019-09-25,22586.0
Red,淡水,2019-09-25,76187.0
Red,象山,2019-09-25,30251.0
Red,台北101/世貿,2019-09-25,62610.0
Red,信義安和,2019-09-25,39557.0
Red,大安森林公園,2019-09-25,16635.0
Red,東門,2019-09-25,28532.0
Red,大安,2019-09-25,30883.0
Red,中正紀念堂,2019-09-26,36539.0
Red,台大醫院,2019-09-26,55852.0
Red,台北車站,2019-09-26,152154.0
Red,中山,2019-09-26,47851.5
Red,雙連,2019-09-26,49514.0
Red,民權西路,2019-09-26,31020.0
Red,圓山,2019-09-26,57839.0
Red,劍潭,2019-09-26,69200.0
Red,士林,2019-09-26,60849.0
Red,芝山,2019-09-26,48481.0
Red,明德,2019-09-26,27514.0
Red,石牌,2019-09-26,68388.0
Red,唭哩岸,2019-09-26,14915.0
Red,奇岩,2019-09-26,19081.0
Red,北投,2019-09-26,39486.0
Red,新北投,2019-09-26,12076.0
Red,復興崗,2019-09-26,7489.0
Red,忠義,2019-09-26,7157.0
Red,關渡,2019-09-26,29167.0
Red,竹圍,2019-09-26,20574.0
Red,紅樹林,2019-09-26,22057.0
Red,淡水,2019-09-26,73511.0
Red,象山,2019-09-26,28699.0
Red,台北101/世貿,2019-09-26,71852.0
Red,信義安和,2019-09-26,39909.0
Red,大安森林公園,2019-09-26,16504.0
Red,東門,2019-09-26,29190.5
Red,大安,2019-09-26,31555.5
Red,中正紀念堂,2019-09-27,38083.5
Red,台大醫院,2019-09-27,55427.0
Red,台北車站,2019-09-27,189385.0
Red,中山,2019-09-27,55257.0
Red,雙連,2019-09-27,51807.0
Red,民權西路,2019-09-27,32392.0
Red,圓山,2019-09-27,64134.0
Red,劍潭,2019-09-27,71689.0
Red,士林,2019-09-27,64426.0
Red,芝山,2019-09-27,50837.0
Red,明德,2019-09-27,28063.0
Red,石牌,2019-09-27,69441.0
Red,唭哩岸,2019-09-27,15176.0
Red,奇岩,2019-09-27,19094.0
Red,北投,2019-09-27,41676.0
Red,新北投,2019-09-27,13354.0
Red,復興崗,2019-09-27,7907.0
Red,忠義,2019-09-27,7550.0
Red,關渡,2019-09-27,28740.0
Red,竹圍,2019-09-27,20627.0
Red,紅樹林,2019-09-27,23051.0
Red,淡水,2019-09-27,75608.0
Red,象山,2019-09-27,28538.0
Red,台北101/世貿,2019-09-27,76646.0
Red,信義安和,2019-09-27,42798.0
Red,大安森林公園,2019-09-27,16880.0
Red,東門,2019-09-27,31345.0
Red,大安,2019-09-27,32951.0
Red,中正紀念堂,2019-09-28,29915.0
Red,台大醫院,2019-09-28,26571.0
Red,台北車站,2019-09-28,183198.0
Red,中山,2019-09-28,57066.5
Red,雙連,2019-09-28,41165.0
Red,民權西路,2019-09-28,24361.0
Red,圓山,2019-09-28,59699.0
Red,劍潭,2019-09-28,59733.0
Red,士林,2019-09-28,50936.0
Red,芝山,2019-09-28,40502.0
Red,明德,2019-09-28,19159.0
Red,石牌,2019-09-28,49238.0
Red,唭哩岸,2019-09-28,12899.0
Red,奇岩,2019-09-28,12810.0
Red,北投,2019-09-28,30472.0
Red,新北投,2019-09-28,13182.0
Red,復興崗,2019-09-28,6628.0
Red,忠義,2019-09-28,3565.0
Red,關渡,2019-09-28,17591.0
Red,竹圍,2019-09-28,17837.0
Red,紅樹林,2019-09-28,17943.0
Red,淡水,2019-09-28,61524.0
Red,象山,2019-09-28,16118.0
Red,台北101/世貿,2019-09-28,67360.0
Red,信義安和,2019-09-28,29577.0
Red,大安森林公園,2019-09-28,16883.0
Red,東門,2019-09-28,27210.0
Red,大安,2019-09-28,19341.5
Red,中正紀念堂,2019-09-29,27418.0
Red,台大醫院,2019-09-29,28728.0
Red,台北車站,2019-09-29,183618.5
Red,中山,2019-09-29,50487.0
Red,雙連,2019-09-29,31421.0
Red,民權西路,2019-09-29,23094.0
Red,圓山,2019-09-29,60436.0
Red,劍潭,2019-09-29,53693.0
Red,士林,2019-09-29,45554.0
Red,芝山,2019-09-29,39294.0
Red,明德,2019-09-29,15675.0
Red,石牌,2019-09-29,44015.0
Red,唭哩岸,2019-09-29,12100.0
Red,奇岩,2019-09-29,12239.0
Red,北投,2019-09-29,28657.0
Red,新北投,2019-09-29,12782.0
Red,復興崗,2019-09-29,5426.0
Red,忠義,2019-09-29,3076.0
Red,關渡,2019-09-29,16548.0
Red,竹圍,2019-09-29,15315.0
Red,紅樹林,2019-09-29,17684.0
Red,淡水,2019-09-29,69521.0
Red,象山,2019-09-29,16395.0
Red,台北101/世貿,2019-09-29,56303.0
Red,信義安和,2019-09-29,23240.0
Red,大安森林公園,2019-09-29,19138.0
Red,東門,2019-09-29,25988.5
Red,大安,2019-09-29,16476.5
Red,中正紀念堂,2019-09-30,8782.5
Red,台大醫院,2019-09-30,15532.0
Red,台北車站,2019-09-30,65937.0
Red,中山,2019-09-30,20952.0
Red,雙連,2019-09-30,18223.0
Red,民權西路,2019-09-30,9223.5
Red,圓山,2019-09-30,13969.0
Red,劍潭,2019-09-30,15594.0
Red,士林,2019-09-30,15858.0
Red,芝山,2019-09-30,15193.0
Red,明德,2019-09-30,7299.0
Red,石牌,2019-09-30,18523.0
Red,唭哩岸,2019-09-30,4669.0
Red,奇岩,2019-09-30,4657.0
Red,北投,2019-09-30,11268.0
Red,新北投,2019-09-30,4219.0
Red,復興崗,2019-09-30,2105.0
Red,忠義,2019-09-30,2308.0
Red,關渡,2019-09-30,6974.0
Red,竹圍,2019-09-30,6892.0
Red,紅樹林,2019-09-30,6141.0
Red,淡水,2019-09-30,22343.0
Red,象山,2019-09-30,5611.0
Red,台北101/世貿,2019-09-30,20216.0
Red,信義安和,2019-09-30,9916.0
Red,大安森林公園,2019-09-30,4322.0
Red,東門,2019-09-30,10975.0
Red,大安,2019-09-30,6261.5
Red,中正紀念堂,2019-10-01,35054.0
Red,台大醫院,2019-10-01,57417.0
Red,台北車站,2019-10-01,144486.5
Red,中山,2019-10-01,45863.0
Red,雙連,2019-10-01,50216.0
Red,民權西路,2019-10-01,30609.0
Red,圓山,2019-10-01,59765.0
Red,劍潭,2019-10-01,68232.0
Red,士林,2019-10-01,61372.0
Red,芝山,2019-10-01,49322.0
Red,明德,2019-10-01,28672.0
Red,石牌,2019-10-01,68500.0
Red,唭哩岸,2019-10-01,14923.0
Red,奇岩,2019-10-01,19175.0
Red,北投,2019-10-01,39860.0
Red,新北投,2019-10-01,10897.0
Red,復興崗,2019-10-01,7700.0
Red,忠義,2019-10-01,7580.0
Red,關渡,2019-10-01,29453.0
Red,竹圍,2019-10-01,20554.0
Red,紅樹林,2019-10-01,21775.0
Red,淡水,2019-10-01,72058.0
Red,象山,2019-10-01,29905.0
Red,台北101/世貿,2019-10-01,64781.0
Red,信義安和,2019-10-01,40494.0
Red,大安森林公園,2019-10-01,16086.0
Red,東門,2019-10-01,27932.5
Red,大安,2019-10-01,30764.5
Red,中正紀念堂,2019-10-02,37418.5
Red,台大醫院,2019-10-02,57845.0
Red,台北車站,2019-10-02,146281.5
Red,中山,2019-10-02,47416.0
Red,雙連,2019-10-02,50654.0
Red,民權西路,2019-10-02,31171.5
Red,圓山,2019-10-02,59744.0
Red,劍潭,2019-10-02,69308.0
Red,士林,2019-10-02,62829.0
Red,芝山,2019-10-02,50336.0
Red,明德,2019-10-02,29044.0
Red,石牌,2019-10-02,70532.0
Red,唭哩岸,2019-10-02,15265.0
Red,奇岩,2019-10-02,19057.0
Red,北投,2019-10-02,41668.0
Red,新北投,2019-10-02,11376.0
Red,復興崗,2019-10-02,7730.0
Red,忠義,2019-10-02,7677.0
Red,關渡,2019-10-02,29826.0
Red,竹圍,2019-10-02,20910.0
Red,紅樹林,2019-10-02,22579.0
Red,淡水,2019-10-02,75913.0
Red,象山,2019-10-02,30765.0
Red,台北101/世貿,2019-10-02,64787.0
Red,信義安和,2019-10-02,40071.0
Red,大安森林公園,2019-10-02,16600.0
Red,東門,2019-10-02,29707.0
Red,大安,2019-10-02,31409.0
Red,中正紀念堂,2019-10-03,36523.0
Red,台大醫院,2019-10-03,56639.0
Red,台北車站,2019-10-03,152006.5
Red,中山,2019-10-03,56900.5
Red,雙連,2019-10-03,50165.0
Red,民權西路,2019-10-03,31031.0
Red,圓山,2019-10-03,58420.0
Red,劍潭,2019-10-03,72167.0
Red,士林,2019-10-03,64212.0
Red,芝山,2019-10-03,50603.0
Red,明德,2019-10-03,29078.0
Red,石牌,2019-10-03,70052.0
Red,唭哩岸,2019-10-03,15342.0
Red,奇岩,2019-10-03,19547.0
Red,北投,2019-10-03,40859.0
Red,新北投,2019-10-03,11892.0
Red,復興崗,2019-10-03,7599.0
Red,忠義,2019-10-03,7526.0
Red,關渡,2019-10-03,29009.0
Red,竹圍,2019-10-03,20752.0
Red,紅樹林,2019-10-03,23117.0
Red,淡水,2019-10-03,77978.0
Red,象山,2019-10-03,30351.0
Red,台北101/世貿,2019-10-03,64790.0
Red,信義安和,2019-10-03,40707.0
Red,大安森林公園,2019-10-03,16712.0
Red,東門,2019-10-03,29686.5
Red,大安,2019-10-03,31427.0
Red,中正紀念堂,2019-10-04,40459.0
Red,台大醫院,2019-10-04,56482.0
Red,台北車站,2019-10-04,170361.0
Red,中山,2019-10-04,60298.0
Red,雙連,2019-10-04,51656.0
Red,民權西路,2019-10-04,32213.0
Red,圓山,2019-10-04,60289.0
Red,劍潭,2019-10-04,77640.0
Red,士林,2019-10-04,66163.0
Red,芝山,2019-10-04,52629.0
Red,明德,2019-10-04,29232.0
Red,石牌,2019-10-04,71702.0
Red,唭哩岸,2019-10-04,15770.0
Red,奇岩,2019-10-04,20114.0
Red,北投,2019-10-04,41966.0
Red,新北投,2019-10-04,12860.0
Red,復興崗,2019-10-04,8099.0
Red,忠義,2019-10-04,7463.0
Red,關渡,2019-10-04,29698.0
Red,竹圍,2019-10-04,21101.0
Red,紅樹林,2019-10-04,23366.0
Red,淡水,2019-10-04,80995.0
Red,象山,2019-10-04,31096.0
Red,台北101/世貿,2019-10-04,73226.0
Red,信義安和,2019-10-04,42560.0
Red,大安森林公園,2019-10-04,17803.0
Red,東門,2019-10-04,31476.5
Red,大安,2019-10-04,32484.0
Red,中正紀念堂,2019-10-05,42826.0
Red,台大醫院,2019-10-05,37393.0
Red,台北車站,2019-10-05,178273.5
Red,中山,2019-10-05,68261.0
Red,雙連,2019-10-05,48385.0
Red,民權西路,2019-10-05,30647.0
Red,圓山,2019-10-05,66501.0
Red,劍潭,2019-10-05,75483.0
Red,士林,2019-10-05,62968.0
Red,芝山,2019-10-05,48063.0
Red,明德,2019-10-05,25909.0
Red,石牌,2019-10-05,61921.0
Red,唭哩岸,2019-10-05,15153.0
Red,奇岩,2019-10-05,15911.0
Red,北投,2019-10-05,41494.0
Red,新北投,2019-10-05,14469.0
Red,復興崗,2019-10-05,7710.0
Red,忠義,2019-10-05,4444.0
Red,關渡,2019-10-05,21545.0
Red,竹圍,2019-10-05,20011.0
Red,紅樹林,2019-10-05,24060.0
Red,淡水,2019-10-05,87598.0
Red,象山,2019-10-05,30085.0
Red,台北101/世貿,2019-10-05,77281.0
Red,信義安和,2019-10-05,40136.0
Red,大安森林公園,2019-10-05,22472.0
Red,東門,2019-10-05,33551.0
Red,大安,2019-10-05,29685.5
Red,中正紀念堂,2019-10-06,34185.5
Red,台大醫院,2019-10-06,24944.0
Red,台北車站,2019-10-06,169512.0
Red,中山,2019-10-06,56601.5
Red,雙連,2019-10-06,31935.0
Red,民權西路,2019-10-06,24389.0
Red,圓山,2019-10-06,54734.0
Red,劍潭,2019-10-06,63931.0
Red,士林,2019-10-06,51734.0
Red,芝山,2019-10-06,41778.0
Red,明德,2019-10-06,16211.0
Red,石牌,2019-10-06,45814.0
Red,唭哩岸,2019-10-06,11446.0
Red,奇岩,2019-10-06,11449.0
Red,北投,2019-10-06,32825.0
Red,新北投,2019-10-06,12858.0
Red,復興崗,2019-10-06,5724.0
Red,忠義,2019-10-06,3620.0
Red,關渡,2019-10-06,17789.0
Red,竹圍,2019-10-06,15998.0
Red,紅樹林,2019-10-06,21316.0
Red,淡水,2019-10-06,87614.0
Red,象山,2019-10-06,20560.0
Red,台北101/世貿,2019-10-06,60807.0
Red,信義安和,2019-10-06,24060.0
Red,大安森林公園,2019-10-06,22466.0
Red,東門,2019-10-06,26311.5
Red,大安,2019-10-06,16378.5
Red,中正紀念堂,2019-10-07,32967.5
Red,台大醫院,2019-10-07,56053.0
Red,台北車站,2019-10-07,148419.5
Red,中山,2019-10-07,48515.5
Red,雙連,2019-10-07,48281.0
Red,民權西路,2019-10-07,30289.5
Red,圓山,2019-10-07,54767.0
Red,劍潭,2019-10-07,65055.0
Red,士林,2019-10-07,58484.0
Red,芝山,2019-10-07,47442.0
Red,明德,2019-10-07,28026.0
Red,石牌,2019-10-07,68088.0
Red,唭哩岸,2019-10-07,14503.0
Red,奇岩,2019-10-07,18071.0
Red,北投,2019-10-07,39023.0
Red,新北投,2019-10-07,10849.0
Red,復興崗,2019-10-07,7276.0
Red,忠義,2019-10-07,7270.0
Red,關渡,2019-10-07,28249.0
Red,竹圍,2019-10-07,19876.0
Red,紅樹林,2019-10-07,23039.0
Red,淡水,2019-10-07,77238.0
Red,象山,2019-10-07,28692.0
Red,台北101/世貿,2019-10-07,63958.0
Red,信義安和,2019-10-07,38425.0
Red,大安森林公園,2019-10-07,15937.0
Red,東門,2019-10-07,27239.5
Red,大安,2019-10-07,29994.0
Red,中正紀念堂,2019-10-08,36470.5
Red,台大醫院,2019-10-08,60229.0
Red,台北車站,2019-10-08,148437.0
Red,中山,2019-10-08,48362.5
Red,雙連,2019-10-08,49184.0
Red,民權西路,2019-10-08,30710.0
Red,圓山,2019-10-08,57472.0
Red,劍潭,2019-10-08,67268.0
Red,士林,2019-10-08,60556.0
Red,芝山,2019-10-08,49764.0
Red,明德,2019-10-08,28493.0
Red,石牌,2019-10-08,69481.0
Red,唭哩岸,2019-10-08,15019.0
Red,奇岩,2019-10-08,18956.0
Red,北投,2019-10-08,40405.0
Red,新北投,2019-10-08,11607.0
Red,復興崗,2019-10-08,7457.0
Red,忠義,2019-10-08,7851.0
Red,關渡,2019-10-08,29396.0
Red,竹圍,2019-10-08,20168.0
Red,紅樹林,2019-10-08,22243.0
Red,淡水,2019-10-08,73968.0
Red,象山,2019-10-08,29012.0
Red,台北101/世貿,2019-10-08,59803.0
Red,信義安和,2019-10-08,39787.0
Red,大安森林公園,2019-10-08,16657.0
Red,東門,2019-10-08,28098.0
Red,大安,2019-10-08,29952.0
Red,中正紀念堂,2019-10-09,35824.5
Red,台大醫院,2019-10-09,59128.0
Red,台北車站,2019-10-09,193028.0
Red,中山,2019-10-09,53761.0
Red,雙連,2019-10-09,51436.0
Red,民權西路,2019-10-09,32254.5
Red,圓山,2019-10-09,60648.0
Red,劍潭,2019-10-09,76138.0
Red,士林,2019-10-09,65409.0
Red,芝山,2019-10-09,51872.0
Red,明德,2019-10-09,29585.0
Red,石牌,2019-10-09,73258.0
Red,唭哩岸,2019-10-09,15694.0
Red,奇岩,2019-10-09,18837.0
Red,北投,2019-10-09,42623.0
Red,新北投,2019-10-09,12322.0
Red,復興崗,2019-10-09,7816.0
Red,忠義,2019-10-09,7727.0
Red,關渡,2019-10-09,30653.0
Red,竹圍,2019-10-09,20805.0
Red,紅樹林,2019-10-09,24453.0
Red,淡水,2019-10-09,84231.0
Red,象山,2019-10-09,29336.0
Red,台北101/世貿,2019-10-09,64682.0
Red,信義安和,2019-10-09,40914.0
Red,大安森林公園,2019-10-09,17014.0
Red,東門,2019-10-09,29457.5
Red,大安,2019-10-09,31487.5
Red,中正紀念堂,2019-10-10,45202.0
Red,台大醫院,2019-10-10,38207.0
Red,台北車站,2019-10-10,194167.0
Red,中山,2019-10-10,58178.0
Red,雙連,2019-10-10,35873.0
Red,民權西路,2019-10-10,23547.5
Red,圓山,2019-10-10,53823.0
Red,劍潭,2019-10-10,78054.0
Red,士林,2019-10-10,56592.0
Red,芝山,2019-10-10,38657.0
Red,明德,2019-10-10,15889.0
Red,石牌,2019-10-10,45260.0
Red,唭哩岸,2019-10-10,12166.0
Red,奇岩,2019-10-10,12428.0
Red,北投,2019-10-10,31958.0
Red,新北投,2019-10-10,16784.0
Red,復興崗,2019-10-10,5803.0
Red,忠義,2019-10-10,5292.0
Red,關渡,2019-10-10,19059.0
Red,竹圍,2019-10-10,16523.0
Red,紅樹林,2019-10-10,25126.0
Red,淡水,2019-10-10,119691.0
Red,象山,2019-10-10,25370.0
Red,台北101/世貿,2019-10-10,79216.0
Red,信義安和,2019-10-10,27119.0
Red,大安森林公園,2019-10-10,16669.0
Red,東門,2019-10-10,27215.0
Red,大安,2019-10-10,16082.5
Red,中正紀念堂,2019-10-11,41237.0
Red,台大醫院,2019-10-11,35555.0
Red,台北車站,2019-10-11,190776.0
Red,中山,2019-10-11,57974.0
Red,雙連,2019-10-11,42997.0
Red,民權西路,2019-10-11,23588.0
Red,圓山,2019-10-11,54008.0
Red,劍潭,2019-10-11,80463.0
Red,士林,2019-10-11,58755.0
Red,芝山,2019-10-11,39115.0
Red,明德,2019-10-11,16495.0
Red,石牌,2019-10-11,44707.0
Red,唭哩岸,2019-10-11,12085.0
Red,奇岩,2019-10-11,12493.0
Red,北投,2019-10-11,32732.0
Red,新北投,2019-10-11,18469.0
Red,復興崗,2019-10-11,5898.0
Red,忠義,2019-10-11,5356.0
Red,關渡,2019-10-11,20420.0
Red,竹圍,2019-10-11,17976.0
Red,紅樹林,2019-10-11,26849.0
Red,淡水,2019-10-11,131339.0
Red,象山,2019-10-11,25893.0
Red,台北101/世貿,2019-10-11,90874.0
Red,信義安和,2019-10-11,27729.0
Red,大安森林公園,2019-10-11,20083.0
Red,東門,2019-10-11,27733.5
Red,大安,2019-10-11,17126.5
Red,中正紀念堂,2019-10-12,41118.5
Red,台大醫院,2019-10-12,25181.0
Red,台北車站,2019-10-12,197693.0
Red,中山,2019-10-12,57254.0
Red,雙連,2019-10-12,38955.0
Red,民權西路,2019-10-12,23797.5
Red,圓山,2019-10-12,62151.0
Red,劍潭,2019-10-12,77164.0
Red,士林,2019-10-12,56995.0
Red,芝山,2019-10-12,39834.0
Red,明德,2019-10-12,16712.0
Red,石牌,2019-10-12,44943.0
Red,唭哩岸,2019-10-12,12579.0
Red,奇岩,2019-10-12,13142.0
Red,北投,2019-10-12,32837.0
Red,新北投,2019-10-12,16842.0
Red,復興崗,2019-10-12,6110.0
Red,忠義,2019-10-12,4577.0
Red,關渡,2019-10-12,18785.0
Red,竹圍,2019-10-12,17965.0
Red,紅樹林,2019-10-12,25109.0
Red,淡水,2019-10-12,117276.0
Red,象山,2019-10-12,23848.0
Red,台北101/世貿,2019-10-12,81215.0
Red,信義安和,2019-10-12,27495.0
Red,大安森林公園,2019-10-12,25415.0
Red,東門,2019-10-12,28165.0
Red,大安,2019-10-12,17389.0
Red,中正紀念堂,2019-10-13,38945.0
Red,台大醫院,2019-10-13,22346.0
Red,台北車站,2019-10-13,203283.5
Red,中山,2019-10-13,47721.0
Red,雙連,2019-10-13,29569.0
Red,民權西路,2019-10-13,22934.0
Red,圓山,2019-10-13,52017.0
Red,劍潭,2019-10-13,59123.0
Red,士林,2019-10-13,45755.0
Red,芝山,2019-10-13,39597.0
Red,明德,2019-10-13,15043.0
Red,石牌,2019-10-13,42492.0
Red,唭哩岸,2019-10-13,11125.0
Red,奇岩,2019-10-13,11361.0
Red,北投,2019-10-13,30402.0
Red,新北投,2019-10-13,12550.0
Red,復興崗,2019-10-13,5104.0
Red,忠義,2019-10-13,3644.0
Red,關渡,2019-10-13,16992.0
Red,竹圍,2019-10-13,14840.0
Red,紅樹林,2019-10-13,19647.0
Red,淡水,2019-10-13,91452.0
Red,象山,2019-10-13,20276.0
Red,台北101/世貿,2019-10-13,67867.0
Red,信義安和,2019-10-13,21692.0
Red,大安森林公園,2019-10-13,19872.0
Red,東門,2019-10-13,24335.5
Red,大安,2019-10-13,14067.0
Red,中正紀念堂,2019-10-14,34173.5
Red,台大醫院,2019-10-14,53715.0
Red,台北車站,2019-10-14,153220.0
Red,中山,2019-10-14,44719.5
Red,雙連,2019-10-14,47176.0
Red,民權西路,2019-10-14,29239.5
Red,圓山,2019-10-14,54771.0
Red,劍潭,2019-10-14,64300.0
Red,士林,2019-10-14,57072.0
Red,芝山,2019-10-14,46724.0
Red,明德,2019-10-14,28033.0
Red,石牌,2019-10-14,67975.0
Red,唭哩岸,2019-10-14,14309.0
Red,奇岩,2019-10-14,18136.0
Red,北投,2019-10-14,39006.0
Red,新北投,2019-10-14,10575.0
Red,復興崗,2019-10-14,7436.0
Red,忠義,2019-10-14,7092.0
Red,關渡,2019-10-14,28117.0
Red,竹圍,2019-10-14,19651.0
Red,紅樹林,2019-10-14,21772.0
Red,淡水,2019-10-14,72096.0
Red,象山,2019-10-14,27476.0
Red,台北101/世貿,2019-10-14,57320.0
Red,信義安和,2019-10-14,37228.0
Red,大安森林公園,2019-10-14,15734.0
Red,東門,2019-10-14,25938.5
Red,大安,2019-10-14,28964.5
Red,中正紀念堂,2019-10-15,35690.5
Red,台大醫院,2019-10-15,54790.0
Red,台北車站,2019-10-15,141911.0
Red,中山,2019-10-15,44756.0
Red,雙連,2019-10-15,48093.0
Red,民權西路,2019-10-15,30552.0
Red,圓山,2019-10-15,57187.0
Red,劍潭,2019-10-15,65599.0
Red,士林,2019-10-15,59208.0
Red,芝山,2019-10-15,48639.0
Red,明德,2019-10-15,28196.0
Red,石牌,2019-10-15,67902.0
Red,唭哩岸,2019-10-15,14683.0
Red,奇岩,2019-10-15,18626.0
Red,北投,2019-10-15,39547.0
Red,新北投,2019-10-15,11867.0
Red,復興崗,2019-10-15,7616.0
Red,忠義,2019-10-15,7523.0
Red,關渡,2019-10-15,28617.0
Red,竹圍,2019-10-15,19883.0
Red,紅樹林,2019-10-15,21976.0
Red,淡水,2019-10-15,70595.0
Red,象山,2019-10-15,27573.0
Red,台北101/世貿,2019-10-15,57711.0
Red,信義安和,2019-10-15,38821.0
Red,大安森林公園,2019-10-15,16399.0
Red,東門,2019-10-15,26334.0
Red,大安,2019-10-15,30169.5
Red,中正紀念堂,2019-10-16,36427.5
Red,台大醫院,2019-10-16,55602.0
Red,台北車站,2019-10-16,145495.5
Red,中山,2019-10-16,46857.0
Red,雙連,2019-10-16,48864.0
Red,民權西路,2019-10-16,30545.0
Red,圓山,2019-10-16,56978.0
Red,劍潭,2019-10-16,67724.0
Red,士林,2019-10-16,60922.0
Red,芝山,2019-10-16,48587.0
Red,明德,2019-10-16,27917.0
Red,石牌,2019-10-16,69173.0
Red,唭哩岸,2019-10-16,14824.0
Red,奇岩,2019-10-16,18748.0
Red,北投,2019-10-16,40066.0
Red,新北投,2019-10-16,12585.0
Red,復興崗,2019-10-16,7680.0
Red,忠義,2019-10-16,7584.0
Red,關渡,2019-10-16,28514.0
Red,竹圍,2019-10-16,20128.0
Red,紅樹林,2019-10-16,21929.0
Red,淡水,2019-10-16,71561.0
Red,象山,2019-10-16,27770.0
Red,台北101/世貿,2019-10-16,60778.0
Red,信義安和,2019-10-16,39469.0
Red,大安森林公園,2019-10-16,15950.0
Red,東門,2019-10-16,28060.5
Red,大安,2019-10-16,30535.0
Red,中正紀念堂,2019-10-17,38838.0
Red,台大醫院,2019-10-17,55312.0
Red,台北車站,2019-10-17,148598.5
Red,中山,2019-10-17,47833.5
Red,雙連,2019-10-17,48600.0
Red,民權西路,2019-10-17,30577.0
Red,圓山,2019-10-17,58390.0
Red,劍潭,2019-10-17,69522.0
Red,士林,2019-10-17,62256.0
Red,芝山,2019-10-17,49951.0
Red,明德,2019-10-17,28154.0
Red,石牌,2019-10-17,68917.0
Red,唭哩岸,2019-10-17,15158.0
Red,奇岩,2019-10-17,18931.0
Red,北投,2019-10-17,40600.0
Red,新北投,2019-10-17,12818.0
Red,復興崗,2019-10-17,7777.0
Red,忠義,2019-10-17,7457.0
Red,關渡,2019-10-17,28974.0
Red,竹圍,2019-10-17,20229.0
Red,紅樹林,2019-10-17,22153.0
Red,淡水,2019-10-17,73664.0
Red,象山,2019-10-17,29959.0
Red,台北101/世貿,2019-10-17,67479.0
Red,信義安和,2019-10-17,39426.0
Red,大安森林公園,2019-10-17,16475.0
Red,東門,2019-10-17,28988.5
Red,大安,2019-10-17,30797.5
Red,中正紀念堂,2019-10-18,41231.5
Red,台大醫院,2019-10-18,55371.0
Red,台北車站,2019-10-18,182025.5
Red,中山,2019-10-18,55613.5
Red,雙連,2019-10-18,52841.0
Red,民權西路,2019-10-18,32412.5
Red,圓山,2019-10-18,62696.0
Red,劍潭,2019-10-18,78859.0
Red,士林,2019-10-18,67540.0
Red,芝山,2019-10-18,53123.0
Red,明德,2019-10-18,28536.0
Red,石牌,2019-10-18,71249.0
Red,唭哩岸,2019-10-18,15640.0
Red,奇岩,2019-10-18,19528.0
Red,北投,2019-10-18,44389.0
Red,新北投,2019-10-18,14152.0
Red,復興崗,2019-10-18,8093.0
Red,忠義,2019-10-18,7558.0
Red,關渡,2019-10-18,30550.0
Red,竹圍,2019-10-18,20876.0
Red,紅樹林,2019-10-18,24334.0
Red,淡水,2019-10-18,83586.0
Red,象山,2019-10-18,31056.0
Red,台北101/世貿,2019-10-18,75546.0
Red,信義安和,2019-10-18,42770.0
Red,大安森林公園,2019-10-18,17965.0
Red,東門,2019-10-18,31981.5
Red,大安,2019-10-18,32812.5
Red,中正紀念堂,2019-10-19,38804.0
Red,台大醫院,2019-10-19,33283.0
Red,台北車站,2019-10-19,186379.0
Red,中山,2019-10-19,61064.5
Red,雙連,2019-10-19,44314.0
Red,民權西路,2019-10-19,26441.5
Red,圓山,2019-10-19,64100.0
Red,劍潭,2019-10-19,74119.0
Red,士林,2019-10-19,61036.0
Red,芝山,2019-10-19,44230.0
Red,明德,2019-10-19,22802.0
Red,石牌,2019-10-19,53871.0
Red,唭哩岸,2019-10-19,14023.0
Red,奇岩,2019-10-19,16847.0
Red,北投,2019-10-19,35499.0
Red,新北投,2019-10-19,17155.0
Red,復興崗,2019-10-19,6850.0
Red,忠義,2019-10-19,3917.0
Red,關渡,2019-10-19,22169.0
Red,竹圍,2019-10-19,18181.0
Red,紅樹林,2019-10-19,20868.0
Red,淡水,2019-10-19,84374.0
Red,象山,2019-10-19,22729.0
Red,台北101/世貿,2019-10-19,78757.0
Red,信義安和,2019-10-19,31107.0
Red,大安森林公園,2019-10-19,22099.0
Red,東門,2019-10-19,33156.5
Red,大安,2019-10-19,23332.5
Red,中正紀念堂,2019-10-20,43364.5
Red,台大醫院,2019-10-20,25432.0
Red,台北車站,2019-10-20,191897.5
Red,中山,2019-10-20,51462.5
Red,雙連,2019-10-20,33566.0
Red,民權西路,2019-10-20,25279.5
Red,圓山,2019-10-20,60229.0
Red,劍潭,2019-10-20,66270.0
Red,士林,2019-10-20,53553.0
Red,芝山,2019-10-20,42225.0
Red,明德,2019-10-20,16417.0
Red,石牌,2019-10-20,45855.0
Red,唭哩岸,2019-10-20,11548.0
Red,奇岩,2019-10-20,12408.0
Red,北投,2019-10-20,32597.0
Red,新北投,2019-10-20,15216.0
Red,復興崗,2019-10-20,5899.0
Red,忠義,2019-10-20,3556.0
Red,關渡,2019-10-20,21043.0
Red,竹圍,2019-10-20,16289.0
Red,紅樹林,2019-10-20,20199.0
Red,淡水,2019-10-20,94001.0
Red,象山,2019-10-20,22983.0
Red,台北101/世貿,2019-10-20,74369.0
Red,信義安和,2019-10-20,23959.0
Red,大安森林公園,2019-10-20,24266.0
Red,東門,2019-10-20,28968.5
Red,大安,2019-10-20,16419.5
Red,中正紀念堂,2019-10-21,34581.0
Red,台大醫院,2019-10-21,53864.0
Red,台北車站,2019-10-21,151434.5
Red,中山,2019-10-21,46020.5
Red,雙連,2019-10-21,49288.0
Red,民權西路,2019-10-21,30547.5
Red,圓山,2019-10-21,55709.0
Red,劍潭,2019-10-21,67963.0
Red,士林,2019-10-21,59171.0
Red,芝山,2019-10-21,47028.0
Red,明德,2019-10-21,27592.0
Red,石牌,2019-10-21,67136.0
Red,唭哩岸,2019-10-21,14138.0
Red,奇岩,2019-10-21,18092.0
Red,北投,2019-10-21,38923.0
Red,新北投,2019-10-21,11452.0
Red,復興崗,2019-10-21,7381.0
Red,忠義,2019-10-21,7311.0
Red,關渡,2019-10-21,28084.0
Red,竹圍,2019-10-21,19761.0
Red,紅樹林,2019-10-21,21444.0
Red,淡水,2019-10-21,74026.0
Red,象山,2019-10-21,28954.0
Red,台北101/世貿,2019-10-21,70186.0
Red,信義安和,2019-10-21,38089.0
Red,大安森林公園,2019-10-21,16256.0
Red,東門,2019-10-21,29647.5
Red,大安,2019-10-21,30064.0
Red,中正紀念堂,2019-10-22,35919.5
Red,台大醫院,2019-10-22,56257.0
Red,台北車站,2019-10-22,146756.5
Red,中山,2019-10-22,46334.5
Red,雙連,2019-10-22,49560.0
Red,民權西路,2019-10-22,30782.5
Red,圓山,2019-10-22,59144.0
Red,劍潭,2019-10-22,69711.0
Red,士林,2019-10-22,61278.0
Red,芝山,2019-10-22,48977.0
Red,明德,2019-10-22,28787.0
Red,石牌,2019-10-22,67949.0
Red,唭哩岸,2019-10-22,14664.0
Red,奇岩,2019-10-22,18840.0
Red,北投,2019-10-22,40526.0
Red,新北投,2019-10-22,13415.0
Red,復興崗,2019-10-22,7589.0
Red,忠義,2019-10-22,7711.0
Red,關渡,2019-10-22,29576.0
Red,竹圍,2019-10-22,20212.0
Red,紅樹林,2019-10-22,22271.0
Red,淡水,2019-10-22,75765.0
Red,象山,2019-10-22,29671.0
Red,台北101/世貿,2019-10-22,65599.0
Red,信義安和,2019-10-22,39177.0
Red,大安森林公園,2019-10-22,16846.0
Red,東門,2019-10-22,29334.5
Red,大安,2019-10-22,31186.5
Red,中正紀念堂,2019-10-23,37206.0
Red,台大醫院,2019-10-23,56490.0
Red,台北車站,2019-10-23,147688.5
Red,中山,2019-10-23,47915.5
Red,雙連,2019-10-23,50499.0
Red,民權西路,2019-10-23,31052.5
Red,圓山,2019-10-23,57931.0
Red,劍潭,2019-10-23,70161.0
Red,士林,2019-10-23,61296.0
Red,芝山,2019-10-23,49393.0
Red,明德,2019-10-23,28377.0
Red,石牌,2019-10-23,68954.0
Red,唭哩岸,2019-10-23,14783.0
Red,奇岩,2019-10-23,18886.0
Red,北投,2019-10-23,40751.0
Red,新北投,2019-10-23,12951.0
Red,復興崗,2019-10-23,7898.0
Red,忠義,2019-10-23,7390.0
Red,關渡,2019-10-23,29268.0
Red,竹圍,2019-10-23,20099.0
Red,紅樹林,2019-10-23,22038.0
Red,淡水,2019-10-23,75547.0
Red,象山,2019-10-23,29769.0
Red,台北101/世貿,2019-10-23,67964.0
Red,信義安和,2019-10-23,38963.0
Red,大安森林公園,2019-10-23,16693.0
Red,東門,2019-10-23,30009.5
Red,大安,2019-10-23,31420.5
Red,中正紀念堂,2019-10-24,37590.0
Red,台大醫院,2019-10-24,55068.0
Red,台北車站,2019-10-24,151038.0
Red,中山,2019-10-24,47810.5
Red,雙連,2019-10-24,49870.0
Red,民權西路,2019-10-24,31156.5
Red,圓山,2019-10-24,58101.0
Red,劍潭,2019-10-24,71492.0
Red,士林,2019-10-24,62376.0
Red,芝山,2019-10-24,49163.0
Red,明德,2019-10-24,28521.0
Red,石牌,2019-10-24,67898.0
Red,唭哩岸,2019-10-24,14769.0
Red,奇岩,2019-10-24,19076.0
Red,北投,2019-10-24,40467.0
Red,新北投,2019-10-24,13736.0
Red,復興崗,2019-10-24,7728.0
Red,忠義,2019-10-24,7528.0
Red,關渡,2019-10-24,29572.0
Red,竹圍,2019-10-24,20432.0
Red,紅樹林,2019-10-24,22699.0
Red,淡水,2019-10-24,76474.0
Red,象山,2019-10-24,30120.0
Red,台北101/世貿,2019-10-24,66618.0
Red,信義安和,2019-10-24,39206.0
Red,大安森林公園,2019-10-24,16903.0
Red,東門,2019-10-24,30027.0
Red,大安,2019-10-24,31485.0
Red,中正紀念堂,2019-10-25,39919.5
Red,台大醫院,2019-10-25,57602.0
Red,台北車站,2019-10-25,190102.0
Red,中山,2019-10-25,56457.0
Red,雙連,2019-10-25,53512.0
Red,民權西路,2019-10-25,33277.5
Red,圓山,2019-10-25,67598.0
Red,劍潭,2019-10-25,78621.0
Red,士林,2019-10-25,67342.0
Red,芝山,2019-10-25,52606.0
Red,明德,2019-10-25,28590.0
Red,石牌,2019-10-25,72390.0
Red,唭哩岸,2019-10-25,15450.0
Red,奇岩,2019-10-25,19962.0
Red,北投,2019-10-25,44534.0
Red,新北投,2019-10-25,14798.0
Red,復興崗,2019-10-25,7778.0
Red,忠義,2019-10-25,7593.0
Red,關渡,2019-10-25,30366.0
Red,竹圍,2019-10-25,21508.0
Red,紅樹林,2019-10-25,24509.0
Red,淡水,2019-10-25,86542.0
Red,象山,2019-10-25,32851.0
Red,台北101/世貿,2019-10-25,76822.0
Red,信義安和,2019-10-25,43626.0
Red,大安森林公園,2019-10-25,20657.0
Red,東門,2019-10-25,33461.0
Red,大安,2019-10-25,33501.5
Red,中正紀念堂,2019-10-26,39645.5
Red,台大醫院,2019-10-26,50420.0
Red,台北車站,2019-10-26,196929.5
Red,中山,2019-10-26,60464.0
Red,雙連,2019-10-26,45745.0
Red,民權西路,2019-10-26,28775.0
Red,圓山,2019-10-26,78954.0
Red,劍潭,2019-10-26,81620.0
Red,士林,2019-10-26,65840.0
Red,芝山,2019-10-26,54009.0
Red,明德,2019-10-26,21663.0
Red,石牌,2019-10-26,60748.0
Red,唭哩岸,2019-10-26,14817.0
Red,奇岩,2019-10-26,15442.0
Red,北投,2019-10-26,39335.0
Red,新北投,2019-10-26,20258.0
Red,復興崗,2019-10-26,7186.0
Red,忠義,2019-10-26,4558.0
Red,關渡,2019-10-26,23139.0
Red,竹圍,2019-10-26,19739.0
Red,紅樹林,2019-10-26,21936.0
Red,淡水,2019-10-26,98415.0
Red,象山,2019-10-26,25974.0
Red,台北101/世貿,2019-10-26,79678.0
Red,信義安和,2019-10-26,33367.0
Red,大安森林公園,2019-10-26,26559.0
Red,東門,2019-10-26,32147.5
Red,大安,2019-10-26,21699.0
Red,中正紀念堂,2019-10-27,35063.5
Red,台大醫院,2019-10-27,27075.0
Red,台北車站,2019-10-27,188922.5
Red,中山,2019-10-27,49557.5
Red,雙連,2019-10-27,33793.0
Red,民權西路,2019-10-27,25294.0
Red,圓山,2019-10-27,77366.0
Red,劍潭,2019-10-27,66693.0
Red,士林,2019-10-27,50804.0
Red,芝山,2019-10-27,41993.0
Red,明德,2019-10-27,16447.0
Red,石牌,2019-10-27,46354.0
Red,唭哩岸,2019-10-27,11809.0
Red,奇岩,2019-10-27,12685.0
Red,北投,2019-10-27,32148.0
Red,新北投,2019-10-27,15233.0
Red,復興崗,2019-10-27,5820.0
Red,忠義,2019-10-27,3557.0
Red,關渡,2019-10-27,18528.0
Red,竹圍,2019-10-27,16125.0
Red,紅樹林,2019-10-27,19982.0
Red,淡水,2019-10-27,91214.0
Red,象山,2019-10-27,22995.0
Red,台北101/世貿,2019-10-27,61780.0
Red,信義安和,2019-10-27,24681.0
Red,大安森林公園,2019-10-27,26569.0
Red,東門,2019-10-27,27090.5
Red,大安,2019-10-27,16891.0
Red,中正紀念堂,2019-10-28,33546.0
Red,台大醫院,2019-10-28,54324.0
Red,台北車站,2019-10-28,149658.5
Red,中山,2019-10-28,44269.5
Red,雙連,2019-10-28,48478.0
Red,民權西路,2019-10-28,29963.0
Red,圓山,2019-10-28,60833.0
Red,劍潭,2019-10-28,66522.0
Red,士林,2019-10-28,58642.0
Red,芝山,2019-10-28,47581.0
Red,明德,2019-10-28,27898.0
Red,石牌,2019-10-28,66976.0
Red,唭哩岸,2019-10-28,14424.0
Red,奇岩,2019-10-28,19015.0
Red,北投,2019-10-28,39256.0
Red,新北投,2019-10-28,11563.0
Red,復興崗,2019-10-28,7429.0
Red,忠義,2019-10-28,7097.0
Red,關渡,2019-10-28,28697.0
Red,竹圍,2019-10-28,19753.0
Red,紅樹林,2019-10-28,22090.0
Red,淡水,2019-10-28,74189.0
Red,象山,2019-10-28,29491.0
Red,台北101/世貿,2019-10-28,64458.0
Red,信義安和,2019-10-28,38193.0
Red,大安森林公園,2019-10-28,16287.0
Red,東門,2019-10-28,27936.5
Red,大安,2019-10-28,29799.5
Red,中正紀念堂,2019-10-29,34443.5
Red,台大醫院,2019-10-29,55626.0
Red,台北車站,2019-10-29,140735.5
Red,中山,2019-10-29,45009.5
Red,雙連,2019-10-29,48844.0
Red,民權西路,2019-10-29,30386.0
Red,圓山,2019-10-29,56693.0
Red,劍潭,2019-10-29,65327.0
Red,士林,2019-10-29,59857.0
Red,芝山,2019-10-29,48531.0
Red,明德,2019-10-29,28212.0
Red,石牌,2019-10-29,68136.0
Red,唭哩岸,2019-10-29,14384.0
Red,奇岩,2019-10-29,18879.0
Red,北投,2019-10-29,39968.0
Red,新北投,2019-10-29,13391.0
Red,復興崗,2019-10-29,7596.0
Red,忠義,2019-10-29,7632.0
Red,關渡,2019-10-29,29121.0
Red,竹圍,2019-10-29,20090.0
Red,紅樹林,2019-10-29,22061.0
Red,淡水,2019-10-29,70136.0
Red,象山,2019-10-29,29083.0
Red,台北101/世貿,2019-10-29,62302.0
Red,信義安和,2019-10-29,39214.0
Red,大安森林公園,2019-10-29,16409.0
Red,東門,2019-10-29,28049.0
Red,大安,2019-10-29,30710.0
Red,中正紀念堂,2019-10-30,35161.0
Red,台大醫院,2019-10-30,55983.0
Red,台北車站,2019-10-30,141605.5
Red,中山,2019-10-30,45833.0
Red,雙連,2019-10-30,49454.0
Red,民權西路,2019-10-30,30559.5
Red,圓山,2019-10-30,57206.0
Red,劍潭,2019-10-30,68022.0
Red,士林,2019-10-30,60375.0
Red,芝山,2019-10-30,50165.0
Red,明德,2019-10-30,28290.0
Red,石牌,2019-10-30,69252.0
Red,唭哩岸,2019-10-30,14834.0
Red,奇岩,2019-10-30,18790.0
Red,北投,2019-10-30,40723.0
Red,新北投,2019-10-30,13406.0
Red,復興崗,2019-10-30,7977.0
Red,忠義,2019-10-30,7647.0
Red,關渡,2019-10-30,29104.0
Red,竹圍,2019-10-30,20637.0
Red,紅樹林,2019-10-30,22261.0
Red,淡水,2019-10-30,72990.0
Red,象山,2019-10-30,28883.0
Red,台北101/世貿,2019-10-30,63197.0
Red,信義安和,2019-10-30,39188.0
Red,大安森林公園,2019-10-30,16280.0
Red,東門,2019-10-30,28597.5
Red,大安,2019-10-30,30750.5
Red,中正紀念堂,2019-10-31,36337.5
Red,台大醫院,2019-10-31,54792.0
Red,台北車站,2019-10-31,146477.5
Red,中山,2019-10-31,47341.5
Red,雙連,2019-10-31,48916.0
Red,民權西路,2019-10-31,30541.0
Red,圓山,2019-10-31,56507.0
Red,劍潭,2019-10-31,66365.0
Red,士林,2019-10-31,60770.0
Red,芝山,2019-10-31,48124.0
Red,明德,2019-10-31,28187.0
Red,石牌,2019-10-31,68137.0
Red,唭哩岸,2019-10-31,14758.0
Red,奇岩,2019-10-31,18856.0
Red,北投,2019-10-31,39822.0
Red,新北投,2019-10-31,14563.0
Red,復興崗,2019-10-31,7895.0
Red,忠義,2019-10-31,7362.0
Red,關渡,2019-10-31,29746.0
Red,竹圍,2019-10-31,20258.0
Red,紅樹林,2019-10-31,22355.0
Red,淡水,2019-10-31,71451.0
Red,象山,2019-10-31,29604.0
Red,台北101/世貿,2019-10-31,66519.0
Red,信義安和,2019-10-31,40475.0
Red,大安森林公園,2019-10-31,16407.0
Red,東門,2019-10-31,29465.0
Red,大安,2019-10-31,31246.0
Red,中正紀念堂,2019-11-01,38479.5
Red,台大醫院,2019-11-01,54326.0
Red,台北車站,2019-11-01,179981.5
Red,中山,2019-11-01,52634.5
Red,雙連,2019-11-01,51336.0
Red,民權西路,2019-11-01,32550.0
Red,圓山,2019-11-01,62237.0
Red,劍潭,2019-11-01,75179.0
Red,士林,2019-11-01,65780.0
Red,芝山,2019-11-01,52850.0
Red,明德,2019-11-01,28305.0
Red,石牌,2019-11-01,70838.0
Red,唭哩岸,2019-11-01,15384.0
Red,奇岩,2019-11-01,20427.0
Red,北投,2019-11-01,43532.0
Red,新北投,2019-11-01,19361.0
Red,復興崗,2019-11-01,8042.0
Red,忠義,2019-11-01,7510.0
Red,關渡,2019-11-01,30427.0
Red,竹圍,2019-11-01,21453.0
Red,紅樹林,2019-11-01,23840.0
Red,淡水,2019-11-01,80470.0
Red,象山,2019-11-01,32007.0
Red,台北101/世貿,2019-11-01,72465.0
Red,信義安和,2019-11-01,42537.0
Red,大安森林公園,2019-11-01,18193.0
Red,東門,2019-11-01,32036.0
Red,大安,2019-11-01,32388.5
Red,中正紀念堂,2019-11-02,35869.5
Red,台大醫院,2019-11-02,35045.0
Red,台北車站,2019-11-02,183605.5
Red,中山,2019-11-02,56800.5
Red,雙連,2019-11-02,43876.0
Red,民權西路,2019-11-02,26222.0
Red,圓山,2019-11-02,82494.0
Red,劍潭,2019-11-02,77139.0
Red,士林,2019-11-02,62040.0
Red,芝山,2019-11-02,43232.0
Red,明德,2019-11-02,21052.0
Red,石牌,2019-11-02,55624.0
Red,唭哩岸,2019-11-02,14030.0
Red,奇岩,2019-11-02,14382.0
Red,北投,2019-11-02,37803.0
Red,新北投,2019-11-02,27905.0
Red,復興崗,2019-11-02,6675.0
Red,忠義,2019-11-02,4320.0
Red,關渡,2019-11-02,20707.0
Red,竹圍,2019-11-02,19102.0
Red,紅樹林,2019-11-02,21792.0
Red,淡水,2019-11-02,89524.0
Red,象山,2019-11-02,24193.0
Red,台北101/世貿,2019-11-02,62078.0
Red,信義安和,2019-11-02,30021.0
Red,大安森林公園,2019-11-02,22584.0
Red,東門,2019-11-02,31135.5
Red,大安,2019-11-02,20624.5
Red,中正紀念堂,2019-11-03,30570.0
Red,台大醫院,2019-11-03,24242.0
Red,台北車站,2019-11-03,169134.0
Red,中山,2019-11-03,47904.5
Red,雙連,2019-11-03,31295.0
Red,民權西路,2019-11-03,23906.0
Red,圓山,2019-11-03,72619.0
Red,劍潭,2019-11-03,58047.0
Red,士林,2019-11-03,46615.0
Red,芝山,2019-11-03,41221.0
Red,明德,2019-11-03,16441.0
Red,石牌,2019-11-03,42913.0
Red,唭哩岸,2019-11-03,11704.0
Red,奇岩,2019-11-03,11491.0
Red,北投,2019-11-03,33820.0
Red,新北投,2019-11-03,28982.0
Red,復興崗,2019-11-03,5885.0
Red,忠義,2019-11-03,3604.0
Red,關渡,2019-11-03,18104.0
Red,竹圍,2019-11-03,15641.0
Red,紅樹林,2019-11-03,18836.0
Red,淡水,2019-11-03,76005.0
Red,象山,2019-11-03,19354.0
Red,台北101/世貿,2019-11-03,55201.0
Red,信義安和,2019-11-03,22677.0
Red,大安森林公園,2019-11-03,21198.0
Red,東門,2019-11-03,27587.5
Red,大安,2019-11-03,16150.5
Red,中正紀念堂,2019-11-04,33724.0
Red,台大醫院,2019-11-04,54596.0
Red,台北車站,2019-11-04,146584.5
Red,中山,2019-11-04,43746.5
Red,雙連,2019-11-04,48255.0
Red,民權西路,2019-11-04,29949.5
Red,圓山,2019-11-04,54482.0
Red,劍潭,2019-11-04,63135.0
Red,士林,2019-11-04,58238.0
Red,芝山,2019-11-04,46884.0
Red,明德,2019-11-04,27402.0
Red,石牌,2019-11-04,66681.0
Red,唭哩岸,2019-11-04,14112.0
Red,奇岩,2019-11-04,18313.0
Red,北投,2019-11-04,39348.0
Red,新北投,2019-11-04,13537.0
Red,復興崗,2019-11-04,7559.0
Red,忠義,2019-11-04,7153.0
Red,關渡,2019-11-04,28770.0
Red,竹圍,2019-11-04,19977.0
Red,紅樹林,2019-11-04,21751.0
Red,淡水,2019-11-04,71633.0
Red,象山,2019-11-04,29662.0
Red,台北101/世貿,2019-11-04,60809.0
Red,信義安和,2019-11-04,37719.0
Red,大安森林公園,2019-11-04,15582.0
Red,東門,2019-11-04,27277.0
Red,大安,2019-11-04,29718.5
Red,中正紀念堂,2019-11-05,34907.0
Red,台大醫院,2019-11-05,55291.0
Red,台北車站,2019-11-05,141101.5
Red,中山,2019-11-05,44530.0
Red,雙連,2019-11-05,48833.0
Red,民權西路,2019-11-05,30329.0
Red,圓山,2019-11-05,56069.0
Red,劍潭,2019-11-05,66630.0
Red,士林,2019-11-05,59336.0
Red,芝山,2019-11-05,50276.0
Red,明德,2019-11-05,27841.0
Red,石牌,2019-11-05,67765.0
Red,唭哩岸,2019-11-05,14597.0
Red,奇岩,2019-11-05,18947.0
Red,北投,2019-11-05,40472.0
Red,新北投,2019-11-05,13329.0
Red,復興崗,2019-11-05,7760.0
Red,忠義,2019-11-05,7564.0
Red,關渡,2019-11-05,29503.0
Red,竹圍,2019-11-05,20135.0
Red,紅樹林,2019-11-05,21953.0
Red,淡水,2019-11-05,70669.0
Red,象山,2019-11-05,29565.0
Red,台北101/世貿,2019-11-05,60334.0
Red,信義安和,2019-11-05,39085.0
Red,大安森林公園,2019-11-05,16022.0
Red,東門,2019-11-05,28425.0
Red,大安,2019-11-05,29915.5
Red,中正紀念堂,2019-11-06,35643.5
Red,台大醫院,2019-11-06,55582.0
Red,台北車站,2019-11-06,144064.5
Red,中山,2019-11-06,46509.5
Red,雙連,2019-11-06,50281.0
Red,民權西路,2019-11-06,30917.0
Red,圓山,2019-11-06,57440.0
Red,劍潭,2019-11-06,68445.0
Red,士林,2019-11-06,61147.0
Red,芝山,2019-11-06,50617.0
Red,明德,2019-11-06,28750.0
Red,石牌,2019-11-06,69417.0
Red,唭哩岸,2019-11-06,15219.0
Red,奇岩,2019-11-06,19208.0
Red,北投,2019-11-06,41062.0
Red,新北投,2019-11-06,13420.0
Red,復興崗,2019-11-06,7971.0
Red,忠義,2019-11-06,7736.0
Red,關渡,2019-11-06,29896.0
Red,竹圍,2019-11-06,20788.0
Red,紅樹林,2019-11-06,22738.0
Red,淡水,2019-11-06,76070.0
Red,象山,2019-11-06,30720.0
Red,台北101/世貿,2019-11-06,64744.0
Red,信義安和,2019-11-06,39710.0
Red,大安森林公園,2019-11-06,16870.0
Red,東門,2019-11-06,29860.0
Red,大安,2019-11-06,30414.5
Red,中正紀念堂,2019-11-07,36055.0
Red,台大醫院,2019-11-07,53748.0
Red,台北車站,2019-11-07,148579.5
Red,中山,2019-11-07,46713.0
Red,雙連,2019-11-07,48936.0
Red,民權西路,2019-11-07,30671.5
Red,圓山,2019-11-07,57621.0
Red,劍潭,2019-11-07,67488.0
Red,士林,2019-11-07,61869.0
Red,芝山,2019-11-07,50191.0
Red,明德,2019-11-07,28088.0
Red,石牌,2019-11-07,68373.0
Red,唭哩岸,2019-11-07,15394.0
Red,奇岩,2019-11-07,19378.0
Red,北投,2019-11-07,40331.0
Red,新北投,2019-11-07,13756.0
Red,復興崗,2019-11-07,7970.0
Red,忠義,2019-11-07,7512.0
Red,關渡,2019-11-07,29983.0
Red,竹圍,2019-11-07,20480.0
Red,紅樹林,2019-11-07,22701.0
Red,淡水,2019-11-07,74703.0
Red,象山,2019-11-07,30509.0
Red,台北101/世貿,2019-11-07,66858.0
Red,信義安和,2019-11-07,39638.0
Red,大安森林公園,2019-11-07,16491.0
Red,東門,2019-11-07,30751.5
Red,大安,2019-11-07,30623.5
Red,中正紀念堂,2019-11-08,38987.0
Red,台大醫院,2019-11-08,55289.0
Red,台北車站,2019-11-08,188750.0
Red,中山,2019-11-08,54487.0
Red,雙連,2019-11-08,52043.0
Red,民權西路,2019-11-08,32419.5
Red,圓山,2019-11-08,62192.0
Red,劍潭,2019-11-08,76463.0
Red,士林,2019-11-08,68008.0
Red,芝山,2019-11-08,54161.0
Red,明德,2019-11-08,28826.0
Red,石牌,2019-11-08,72085.0
Red,唭哩岸,2019-11-08,16577.0
Red,奇岩,2019-11-08,19982.0
Red,北投,2019-11-08,44326.0
Red,新北投,2019-11-08,16435.0
Red,復興崗,2019-11-08,8363.0
Red,忠義,2019-11-08,7710.0
Red,關渡,2019-11-08,30299.0
Red,竹圍,2019-11-08,21661.0
Red,紅樹林,2019-11-08,24240.0
Red,淡水,2019-11-08,82995.0
Red,象山,2019-11-08,31991.0
Red,台北101/世貿,2019-11-08,79012.0
Red,信義安和,2019-11-08,42871.0
Red,大安森林公園,2019-11-08,18877.0
Red,東門,2019-11-08,32811.0
Red,大安,2019-11-08,33086.0
Red,中正紀念堂,2019-11-09,32563.5
Red,台大醫院,2019-11-09,30530.0
Red,台北車站,2019-11-09,184236.5
Red,中山,2019-11-09,59839.5
Red,雙連,2019-11-09,44524.0
Red,民權西路,2019-11-09,29552.5
Red,圓山,2019-11-09,79581.0
Red,劍潭,2019-11-09,81255.0
Red,士林,2019-11-09,66589.0
Red,芝山,2019-11-09,47782.0
Red,明德,2019-11-09,25040.0
Red,石牌,2019-11-09,55709.0
Red,唭哩岸,2019-11-09,15516.0
Red,奇岩,2019-11-09,14787.0
Red,北投,2019-11-09,38577.0
Red,新北投,2019-11-09,17863.0
Red,復興崗,2019-11-09,7062.0
Red,忠義,2019-11-09,4317.0
Red,關渡,2019-11-09,20687.0
Red,竹圍,2019-11-09,19592.0
Red,紅樹林,2019-11-09,22183.0
Red,淡水,2019-11-09,93265.0
Red,象山,2019-11-09,25638.0
Red,台北101/世貿,2019-11-09,69717.0
Red,信義安和,2019-11-09,31913.0
Red,大安森林公園,2019-11-09,25502.0
Red,東門,2019-11-09,32642.5
Red,大安,2019-11-09,22922.5
Red,中正紀念堂,2019-11-10,29692.0
Red,台大醫院,2019-11-10,24596.0
Red,台北車站,2019-11-10,186272.5
Red,中山,2019-11-10,48526.5
Red,雙連,2019-11-10,31932.0
Red,民權西路,2019-11-10,25754.0
Red,圓山,2019-11-10,68648.0
Red,劍潭,2019-11-10,67617.0
Red,士林,2019-11-10,56885.0
Red,芝山,2019-11-10,43585.0
Red,明德,2019-11-10,16481.0
Red,石牌,2019-11-10,45241.0
Red,唭哩岸,2019-11-10,13106.0
Red,奇岩,2019-11-10,13138.0
Red,北投,2019-11-10,33652.0
Red,新北投,2019-11-10,15942.0
Red,復興崗,2019-11-10,5811.0
Red,忠義,2019-11-10,3851.0
Red,關渡,2019-11-10,19013.0
Red,竹圍,2019-11-10,16397.0
Red,紅樹林,2019-11-10,20203.0
Red,淡水,2019-11-10,89323.0
Red,象山,2019-11-10,22589.0
Red,台北101/世貿,2019-11-10,66995.0
Red,信義安和,2019-11-10,24668.0
Red,大安森林公園,2019-11-10,22303.0
Red,東門,2019-11-10,27109.0
Red,大安,2019-11-10,17283.5
Red,中正紀念堂,2019-11-11,33602.5
Red,台大醫院,2019-11-11,54403.0
Red,台北車站,2019-11-11,152964.5
Red,中山,2019-11-11,45830.0
Red,雙連,2019-11-11,49327.0
Red,民權西路,2019-11-11,29631.0
Red,圓山,2019-11-11,57231.0
Red,劍潭,2019-11-11,68381.0
Red,士林,2019-11-11,59994.0
Red,芝山,2019-11-11,48070.0
Red,明德,2019-11-11,26001.0
Red,石牌,2019-11-11,68172.0
Red,唭哩岸,2019-11-11,14996.0
Red,奇岩,2019-11-11,18552.0
Red,北投,2019-11-11,39936.0
Red,新北投,2019-11-11,12090.0
Red,復興崗,2019-11-11,7611.0
Red,忠義,2019-11-11,7341.0
Red,關渡,2019-11-11,29039.0
Red,竹圍,2019-11-11,19951.0
Red,紅樹林,2019-11-11,22189.0
Red,淡水,2019-11-11,74725.0
Red,象山,2019-11-11,29970.0
Red,台北101/世貿,2019-11-11,67704.0
Red,信義安和,2019-11-11,38243.0
Red,大安森林公園,2019-11-11,15896.0
Red,東門,2019-11-11,28560.0
Red,大安,2019-11-11,29045.5
Red,中正紀念堂,2019-11-12,35901.0
Red,台大醫院,2019-11-12,56332.0
Red,台北車站,2019-11-12,146139.0
Red,中山,2019-11-12,45296.5
Red,雙連,2019-11-12,49714.0
Red,民權西路,2019-11-12,30930.5
Red,圓山,2019-11-12,59994.0
Red,劍潭,2019-11-12,69816.0
Red,士林,2019-11-12,62122.0
Red,芝山,2019-11-12,50297.0
Red,明德,2019-11-12,28419.0
Red,石牌,2019-11-12,67818.0
Red,唭哩岸,2019-11-12,15120.0
Red,奇岩,2019-11-12,18804.0
Red,北投,2019-11-12,40736.0
Red,新北投,2019-11-12,13514.0
Red,復興崗,2019-11-12,7898.0
Red,忠義,2019-11-12,7787.0
Red,關渡,2019-11-12,29831.0
Red,竹圍,2019-11-12,20540.0
Red,紅樹林,2019-11-12,23027.0
Red,淡水,2019-11-12,74193.0
Red,象山,2019-11-12,30146.0
Red,台北101/世貿,2019-11-12,65443.0
Red,信義安和,2019-11-12,39923.0
Red,大安森林公園,2019-11-12,17182.0
Red,東門,2019-11-12,29855.5
Red,大安,2019-11-12,30889.5
Red,中正紀念堂,2019-11-13,37080.0
Red,台大醫院,2019-11-13,55863.0
Red,台北車站,2019-11-13,148060.5
Red,中山,2019-11-13,47349.0
Red,雙連,2019-11-13,49866.0
Red,民權西路,2019-11-13,31031.0
Red,圓山,2019-11-13,60120.0
Red,劍潭,2019-11-13,69894.0
Red,士林,2019-11-13,62296.0
Red,芝山,2019-11-13,50833.0
Red,明德,2019-11-13,28726.0
Red,石牌,2019-11-13,69352.0
Red,唭哩岸,2019-11-13,15411.0
Red,奇岩,2019-11-13,18832.0
Red,北投,2019-11-13,41152.0
Red,新北投,2019-11-13,13652.0
Red,復興崗,2019-11-13,7822.0
Red,忠義,2019-11-13,7723.0
Red,關渡,2019-11-13,29756.0
Red,竹圍,2019-11-13,20582.0
Red,紅樹林,2019-11-13,22549.0
Red,淡水,2019-11-13,74943.0
Red,象山,2019-11-13,30380.0
Red,台北101/世貿,2019-11-13,64891.0
Red,信義安和,2019-11-13,40316.0
Red,大安森林公園,2019-11-13,17436.0
Red,東門,2019-11-13,30371.0
Red,大安,2019-11-13,31384.5
Red,中正紀念堂,2019-11-14,37861.5
Red,台大醫院,2019-11-14,55554.0
Red,台北車站,2019-11-14,154015.0
Red,中山,2019-11-14,47961.5
Red,雙連,2019-11-14,49758.0
Red,民權西路,2019-11-14,31081.0
Red,圓山,2019-11-14,63488.0
Red,劍潭,2019-11-14,70632.0
Red,士林,2019-11-14,62765.0
Red,芝山,2019-11-14,50162.0
Red,明德,2019-11-14,28005.0
Red,石牌,2019-11-14,67969.0
Red,唭哩岸,2019-11-14,15411.0
Red,奇岩,2019-11-14,19491.0
Red,北投,2019-11-14,40520.0
Red,新北投,2019-11-14,14361.0
Red,復興崗,2019-11-14,7887.0
Red,忠義,2019-11-14,7622.0
Red,關渡,2019-11-14,29820.0
Red,竹圍,2019-11-14,20433.0
Red,紅樹林,2019-11-14,22379.0
Red,淡水,2019-11-14,72654.0
Red,象山,2019-11-14,29744.0
Red,台北101/世貿,2019-11-14,65279.0
Red,信義安和,2019-11-14,40315.0
Red,大安森林公園,2019-11-14,16572.0
Red,東門,2019-11-14,30517.5
Red,大安,2019-11-14,30941.0
Red,中正紀念堂,2019-11-15,39895.0
Red,台大醫院,2019-11-15,55526.0
Red,台北車站,2019-11-15,193739.5
Red,中山,2019-11-15,55924.5
Red,雙連,2019-11-15,53236.0
Red,民權西路,2019-11-15,33974.5
Red,圓山,2019-11-15,70002.0
Red,劍潭,2019-11-15,80913.0
Red,士林,2019-11-15,69049.0
Red,芝山,2019-11-15,54287.0
Red,明德,2019-11-15,29141.0
Red,石牌,2019-11-15,73213.0
Red,唭哩岸,2019-11-15,16317.0
Red,奇岩,2019-11-15,19605.0
Red,北投,2019-11-15,45135.0
Red,新北投,2019-11-15,15357.0
Red,復興崗,2019-11-15,8247.0
Red,忠義,2019-11-15,7835.0
Red,關渡,2019-11-15,30920.0
Red,竹圍,2019-11-15,21585.0
Red,紅樹林,2019-11-15,24697.0
Red,淡水,2019-11-15,86743.0
Red,象山,2019-11-15,33279.0
Red,台北101/世貿,2019-11-15,75340.0
Red,信義安和,2019-11-15,43732.0
Red,大安森林公園,2019-11-15,19331.0
Red,東門,2019-11-15,33782.0
Red,大安,2019-11-15,32701.5
Red,中正紀念堂,2019-11-16,36874.0
Red,台大醫院,2019-11-16,29614.0
Red,台北車站,2019-11-16,193215.5
Red,中山,2019-11-16,60208.5
Red,雙連,2019-11-16,46286.0
Red,民權西路,2019-11-16,27148.0
Red,圓山,2019-11-16,76253.0
Red,劍潭,2019-11-16,82677.0
Red,士林,2019-11-16,66539.0
Red,芝山,2019-11-16,46164.0
Red,明德,2019-11-16,22525.0
Red,石牌,2019-11-16,58783.0
Red,唭哩岸,2019-11-16,15724.0
Red,奇岩,2019-11-16,14878.0
Red,北投,2019-11-16,39224.0
Red,新北投,2019-11-16,18255.0
Red,復興崗,2019-11-16,7368.0
Red,忠義,2019-11-16,5815.0
Red,關渡,2019-11-16,21227.0
Red,竹圍,2019-11-16,19481.0
Red,紅樹林,2019-11-16,22586.0
Red,淡水,2019-11-16,97356.0
Red,象山,2019-11-16,27078.0
Red,台北101/世貿,2019-11-16,75579.0
Red,信義安和,2019-11-16,33276.0
Red,大安森林公園,2019-11-16,26673.0
Red,東門,2019-11-16,32397.0
Red,大安,2019-11-16,22628.0
Red,中正紀念堂,2019-11-17,35695.5
Red,台大醫院,2019-11-17,24782.0
Red,台北車站,2019-11-17,197053.0
Red,中山,2019-11-17,49816.5
Red,雙連,2019-11-17,33576.0
Red,民權西路,2019-11-17,25099.0
Red,圓山,2019-11-17,65756.0
Red,劍潭,2019-11-17,69075.0
Red,士林,2019-11-17,55318.0
Red,芝山,2019-11-17,44057.0
Red,明德,2019-11-17,17038.0
Red,石牌,2019-11-17,51114.0
Red,唭哩岸,2019-11-17,13592.0
Red,奇岩,2019-11-17,12535.0
Red,北投,2019-11-17,33780.0
Red,新北投,2019-11-17,16330.0
Red,復興崗,2019-11-17,6045.0
Red,忠義,2019-11-17,3682.0
Red,關渡,2019-11-17,18589.0
Red,竹圍,2019-11-17,16346.0
Red,紅樹林,2019-11-17,20917.0
Red,淡水,2019-11-17,95151.0
Red,象山,2019-11-17,24661.0
Red,台北101/世貿,2019-11-17,65287.0
Red,信義安和,2019-11-17,24319.0
Red,大安森林公園,2019-11-17,22744.0
Red,東門,2019-11-17,28027.5
Red,大安,2019-11-17,16846.0
Red,中正紀念堂,2019-11-18,32764.0
Red,台大醫院,2019-11-18,54587.0
Red,台北車站,2019-11-18,153734.0
Red,中山,2019-11-18,44441.5
Red,雙連,2019-11-18,48401.0
Red,民權西路,2019-11-18,30319.0
Red,圓山,2019-11-18,55153.0
Red,劍潭,2019-11-18,65982.0
Red,士林,2019-11-18,59426.0
Red,芝山,2019-11-18,47729.0
Red,明德,2019-11-18,27044.0
Red,石牌,2019-11-18,66646.0
Red,唭哩岸,2019-11-18,14628.0
Red,奇岩,2019-11-18,18145.0
Red,北投,2019-11-18,39104.0
Red,新北投,2019-11-18,12178.0
Red,復興崗,2019-11-18,7468.0
Red,忠義,2019-11-18,7196.0
Red,關渡,2019-11-18,28326.0
Red,竹圍,2019-11-18,19934.0
Red,紅樹林,2019-11-18,21240.0
Red,淡水,2019-11-18,70722.0
Red,象山,2019-11-18,27507.0
Red,台北101/世貿,2019-11-18,65849.0
Red,信義安和,2019-11-18,38281.0
Red,大安森林公園,2019-11-18,15555.0
Red,東門,2019-11-18,28829.5
Red,大安,2019-11-18,29370.0
Red,中正紀念堂,2019-11-19,35703.0
Red,台大醫院,2019-11-19,56411.0
Red,台北車站,2019-11-19,145982.5
Red,中山,2019-11-19,45892.5
Red,雙連,2019-11-19,49188.0
Red,民權西路,2019-11-19,30661.5
Red,圓山,2019-11-19,56875.0
Red,劍潭,2019-11-19,68743.0
Red,士林,2019-11-19,61705.0
Red,芝山,2019-11-19,49933.0
Red,明德,2019-11-19,28549.0
Red,石牌,2019-11-19,68038.0
Red,唭哩岸,2019-11-19,14866.0
Red,奇岩,2019-11-19,18905.0
Red,北投,2019-11-19,40662.0
Red,新北投,2019-11-19,13976.0
Red,復興崗,2019-11-19,7980.0
Red,忠義,2019-11-19,7598.0
Red,關渡,2019-11-19,29028.0
Red,竹圍,2019-11-19,20250.0
Red,紅樹林,2019-11-19,21827.0
Red,淡水,2019-11-19,70464.0
Red,象山,2019-11-19,28932.0
Red,台北101/世貿,2019-11-19,62119.0
Red,信義安和,2019-11-19,40591.0
Red,大安森林公園,2019-11-19,16112.0
Red,東門,2019-11-19,29372.5
Red,大安,2019-11-19,31201.0
Red,中正紀念堂,2019-11-20,35681.5
Red,台大醫院,2019-11-20,55348.0
Red,台北車站,2019-11-20,149252.5
Red,中山,2019-11-20,47111.5
Red,雙連,2019-11-20,50794.0
Red,民權西路,2019-11-20,31446.0
Red,圓山,2019-11-20,59203.0
Red,劍潭,2019-11-20,68294.0
Red,士林,2019-11-20,62987.0
Red,芝山,2019-11-20,50751.0
Red,明德,2019-11-20,28981.0
Red,石牌,2019-11-20,70523.0
Red,唭哩岸,2019-11-20,15258.0
Red,奇岩,2019-11-20,19048.0
Red,北投,2019-11-20,41121.0
Red,新北投,2019-11-20,14228.0
Red,復興崗,2019-11-20,7759.0
Red,忠義,2019-11-20,7899.0
Red,關渡,2019-11-20,29231.0
Red,竹圍,2019-11-20,20562.0
Red,紅樹林,2019-11-20,22246.0
Red,淡水,2019-11-20,73583.0
Red,象山,2019-11-20,29244.0
Red,台北101/世貿,2019-11-20,63949.0
Red,信義安和,2019-11-20,40635.0
Red,大安森林公園,2019-11-20,16519.0
Red,東門,2019-11-20,29898.0
Red,大安,2019-11-20,33464.5
Red,中正紀念堂,2019-11-21,36457.0
Red,台大醫院,2019-11-21,56637.0
Red,台北車站,2019-11-21,155489.0
Red,中山,2019-11-21,48358.5
Red,雙連,2019-11-21,49934.0
Red,民權西路,2019-11-21,31757.0
Red,圓山,2019-11-21,61284.0
Red,劍潭,2019-11-21,69082.0
Red,士林,2019-11-21,64537.0
Red,芝山,2019-11-21,50342.0
Red,明德,2019-11-21,28214.0
Red,石牌,2019-11-21,69240.0
Red,唭哩岸,2019-11-21,15120.0
Red,奇岩,2019-11-21,18928.0
Red,北投,2019-11-21,40875.0
Red,新北投,2019-11-21,14408.0
Red,復興崗,2019-11-21,7913.0
Red,忠義,2019-11-21,7751.0
Red,關渡,2019-11-21,29510.0
Red,竹圍,2019-11-21,20476.0
Red,紅樹林,2019-11-21,22489.0
Red,淡水,2019-11-21,73488.0
Red,象山,2019-11-21,29586.0
Red,台北101/世貿,2019-11-21,66741.0
Red,信義安和,2019-11-21,41293.0
Red,大安森林公園,2019-11-21,16639.0
Red,東門,2019-11-21,30445.0
Red,大安,2019-11-21,31456.0
Red,中正紀念堂,2019-11-22,38777.5
Red,台大醫院,2019-11-22,54719.0
Red,台北車站,2019-11-22,195044.0
Red,中山,2019-11-22,56687.0
Red,雙連,2019-11-22,52083.0
Red,民權西路,2019-11-22,33391.0
Red,圓山,2019-11-22,67091.0
Red,劍潭,2019-11-22,76740.0
Red,士林,2019-11-22,71294.0
Red,芝山,2019-11-22,53873.0
Red,明德,2019-11-22,28652.0
Red,石牌,2019-11-22,71518.0
Red,唭哩岸,2019-11-22,15723.0
Red,奇岩,2019-11-22,19609.0
Red,北投,2019-11-22,43644.0
Red,新北投,2019-11-22,15423.0
Red,復興崗,2019-11-22,8421.0
Red,忠義,2019-11-22,7733.0
Red,關渡,2019-11-22,29619.0
Red,竹圍,2019-11-22,20776.0
Red,紅樹林,2019-11-22,23776.0
Red,淡水,2019-11-22,79316.0
Red,象山,2019-11-22,30471.0
Red,台北101/世貿,2019-11-22,75626.0
Red,信義安和,2019-11-22,43853.0
Red,大安森林公園,2019-11-22,18173.0
Red,東門,2019-11-22,33579.0
Red,大安,2019-11-22,33271.5
Red,中正紀念堂,2019-11-23,32488.0
Red,台大醫院,2019-11-23,28262.0
Red,台北車站,2019-11-23,191515.5
Red,中山,2019-11-23,60100.5
Red,雙連,2019-11-23,43898.0
Red,民權西路,2019-11-23,26434.0
Red,圓山,2019-11-23,74344.0
Red,劍潭,2019-11-23,76139.0
Red,士林,2019-11-23,77743.0
Red,芝山,2019-11-23,46717.0
Red,明德,2019-11-23,20560.0
Red,石牌,2019-11-23,54242.0
Red,唭哩岸,2019-11-23,14834.0
Red,奇岩,2019-11-23,14042.0
Red,北投,2019-11-23,36797.0
Red,新北投,2019-11-23,21999.0
Red,復興崗,2019-11-23,7071.0
Red,忠義,2019-11-23,4294.0
Red,關渡,2019-11-23,20087.0
Red,竹圍,2019-11-23,18565.0
Red,紅樹林,2019-11-23,20665.0
Red,淡水,2019-11-23,85451.0
Red,象山,2019-11-23,23239.0
Red,台北101/世貿,2019-11-23,70317.0
Red,信義安和,2019-11-23,31392.0
Red,大安森林公園,2019-11-23,23519.0
Red,東門,2019-11-23,31448.0
Red,大安,2019-11-23,21933.5
Red,中正紀念堂,2019-11-24,30083.0
Red,台大醫院,2019-11-24,23259.0
Red,台北車站,2019-11-24,193627.5
Red,中山,2019-11-24,50057.5
Red,雙連,2019-11-24,32369.0
Red,民權西路,2019-11-24,25141.0
Red,圓山,2019-11-24,62047.0
Red,劍潭,2019-11-24,67226.0
Red,士林,2019-11-24,73771.0
Red,芝山,2019-11-24,43615.0
Red,明德,2019-11-24,16191.0
Red,石牌,2019-11-24,47976.0
Red,唭哩岸,2019-11-24,12520.0
Red,奇岩,2019-11-24,12269.0
Red,北投,2019-11-24,32985.0
Red,新北投,2019-11-24,18428.0
Red,復興崗,2019-11-24,5794.0
Red,忠義,2019-11-24,3477.0
Red,關渡,2019-11-24,17561.0
Red,竹圍,2019-11-24,16073.0
Red,紅樹林,2019-11-24,20683.0
Red,淡水,2019-11-24,89285.0
Red,象山,2019-11-24,22346.0
Red,台北101/世貿,2019-11-24,58188.0
Red,信義安和,2019-11-24,23906.0
Red,大安森林公園,2019-11-24,22750.0
Red,東門,2019-11-24,27445.5
Red,大安,2019-11-24,17582.0
Red,中正紀念堂,2019-11-25,33240.0
Red,台大醫院,2019-11-25,53510.0
Red,台北車站,2019-11-25,154553.5
Red,中山,2019-11-25,44428.0
Red,雙連,2019-11-25,47921.0
Red,民權西路,2019-11-25,30169.5
Red,圓山,2019-11-25,54150.0
Red,劍潭,2019-11-25,64590.0
Red,士林,2019-11-25,64926.0
Red,芝山,2019-11-25,47791.0
Red,明德,2019-11-25,27889.0
Red,石牌,2019-11-25,66650.0
Red,唭哩岸,2019-11-25,14665.0
Red,奇岩,2019-11-25,18374.0
Red,北投,2019-11-25,39180.0
Red,新北投,2019-11-25,12524.0
Red,復興崗,2019-11-25,7495.0
Red,忠義,2019-11-25,7129.0
Red,關渡,2019-11-25,28753.0
Red,竹圍,2019-11-25,19600.0
Red,紅樹林,2019-11-25,21710.0
Red,淡水,2019-11-25,70569.0
Red,象山,2019-11-25,28083.0
Red,台北101/世貿,2019-11-25,64520.0
Red,信義安和,2019-11-25,38946.0
Red,大安森林公園,2019-11-25,15741.0
Red,東門,2019-11-25,28679.0
Red,大安,2019-11-25,30035.5
Red,中正紀念堂,2019-11-26,35936.0
Red,台大醫院,2019-11-26,55909.0
Red,台北車站,2019-11-26,147149.5
Red,中山,2019-11-26,45488.0
Red,雙連,2019-11-26,49201.0
Red,民權西路,2019-11-26,30935.5
Red,圓山,2019-11-26,58516.0
Red,劍潭,2019-11-26,70119.0
Red,士林,2019-11-26,72861.0
Red,芝山,2019-11-26,50650.0
Red,明德,2019-11-26,28549.0
Red,石牌,2019-11-26,68895.0
Red,唭哩岸,2019-11-26,15059.0
Red,奇岩,2019-11-26,18974.0
Red,北投,2019-11-26,40962.0
Red,新北投,2019-11-26,14179.0
Red,復興崗,2019-11-26,8134.0
Red,忠義,2019-11-26,7797.0
Red,關渡,2019-11-26,29739.0
Red,竹圍,2019-11-26,20374.0
Red,紅樹林,2019-11-26,22403.0
Red,淡水,2019-11-26,73353.0
Red,象山,2019-11-26,29287.0
Red,台北101/世貿,2019-11-26,63659.0
Red,信義安和,2019-11-26,40585.0
Red,大安森林公園,2019-11-26,17097.0
Red,東門,2019-11-26,29100.0
Red,大安,2019-11-26,30740.0
Red,中正紀念堂,2019-11-27,36614.0
Red,台大醫院,2019-11-27,55641.0
Red,台北車站,2019-11-27,150729.5
Red,中山,2019-11-27,47241.0
Red,雙連,2019-11-27,49843.0
Red,民權西路,2019-11-27,31608.5
Red,圓山,2019-11-27,58767.0
Red,劍潭,2019-11-27,70466.0
Red,士林,2019-11-27,77430.0
Red,芝山,2019-11-27,60429.0
Red,明德,2019-11-27,28366.0
Red,石牌,2019-11-27,71255.0
Red,唭哩岸,2019-11-27,15397.0
Red,奇岩,2019-11-27,19099.0
Red,北投,2019-11-27,42033.0
Red,新北投,2019-11-27,13940.0
Red,復興崗,2019-11-27,8121.0
Red,忠義,2019-11-27,7860.0
Red,關渡,2019-11-27,29809.0
Red,竹圍,2019-11-27,21105.0
Red,紅樹林,2019-11-27,22932.0
Red,淡水,2019-11-27,75905.0
Red,象山,2019-11-27,29678.0
Red,台北101/世貿,2019-11-27,66113.0
Red,信義安和,2019-11-27,41196.0
Red,大安森林公園,2019-11-27,17105.0
Red,東門,2019-11-27,30668.5
Red,大安,2019-11-27,30816.0
Red,中正紀念堂,2019-11-28,37281.5
Red,台大醫院,2019-11-28,55083.0
Red,台北車站,2019-11-28,155490.0
Red,中山,2019-11-28,48733.0
Red,雙連,2019-11-28,49183.0
Red,民權西路,2019-11-28,31414.0
Red,圓山,2019-11-28,58200.0
Red,劍潭,2019-11-28,70703.0
Red,士林,2019-11-28,72175.0
Red,芝山,2019-11-28,56725.0
Red,明德,2019-11-28,28014.0
Red,石牌,2019-11-28,68849.0
Red,唭哩岸,2019-11-28,15195.0
Red,奇岩,2019-11-28,19290.0
Red,北投,2019-11-28,41531.0
Red,新北投,2019-11-28,14949.0
Red,復興崗,2019-11-28,7674.0
Red,忠義,2019-11-28,7545.0
Red,關渡,2019-11-28,29838.0
Red,竹圍,2019-11-28,20476.0
Red,紅樹林,2019-11-28,22617.0
Red,淡水,2019-11-28,72018.0
Red,象山,2019-11-28,29353.0
Red,台北101/世貿,2019-11-28,67875.0
Red,信義安和,2019-11-28,41686.0
Red,大安森林公園,2019-11-28,16877.0
Red,東門,2019-11-28,30875.5
Red,大安,2019-11-28,31448.5
Red,中正紀念堂,2019-11-29,39466.0
Red,台大醫院,2019-11-29,55921.0
Red,台北車站,2019-11-29,195495.0
Red,中山,2019-11-29,57541.0
Red,雙連,2019-11-29,53327.0
Red,民權西路,2019-11-29,33646.0
Red,圓山,2019-11-29,67569.0
Red,劍潭,2019-11-29,79600.0
Red,士林,2019-11-29,83236.0
Red,芝山,2019-11-29,60782.0
Red,明德,2019-11-29,29193.0
Red,石牌,2019-11-29,73843.0
Red,唭哩岸,2019-11-29,16208.0
Red,奇岩,2019-11-29,20087.0
Red,北投,2019-11-29,45335.0
Red,新北投,2019-11-29,16727.0
Red,復興崗,2019-11-29,8457.0
Red,忠義,2019-11-29,7650.0
Red,關渡,2019-11-29,31131.0
Red,竹圍,2019-11-29,21588.0
Red,紅樹林,2019-11-29,25177.0
Red,淡水,2019-11-29,86137.0
Red,象山,2019-11-29,31893.0
Red,台北101/世貿,2019-11-29,83762.0
Red,信義安和,2019-11-29,44495.0
Red,大安森林公園,2019-11-29,19978.0
Red,東門,2019-11-29,33220.5
Red,大安,2019-11-29,33374.5
Red,中正紀念堂,2019-11-30,34755.5
Red,台大醫院,2019-11-30,31276.0
Red,台北車站,2019-11-30,198035.5
Red,中山,2019-11-30,63360.5
Red,雙連,2019-11-30,46304.0
Red,民權西路,2019-11-30,27670.0
Red,圓山,2019-11-30,73563.0
Red,劍潭,2019-11-30,80971.0
Red,士林,2019-11-30,88182.0
Red,芝山,2019-11-30,58169.0
Red,明德,2019-11-30,23364.0
Red,石牌,2019-11-30,54691.0
Red,唭哩岸,2019-11-30,15055.0
Red,奇岩,2019-11-30,14894.0
Red,北投,2019-11-30,37460.0
Red,新北投,2019-11-30,18105.0
Red,復興崗,2019-11-30,6932.0
Red,忠義,2019-11-30,4210.0
Red,關渡,2019-11-30,21368.0
Red,竹圍,2019-11-30,20134.0
Red,紅樹林,2019-11-30,22728.0
Red,淡水,2019-11-30,94147.0
Red,象山,2019-11-30,24882.0
Red,台北101/世貿,2019-11-30,87073.0
Red,信義安和,2019-11-30,32561.0
Red,大安森林公園,2019-11-30,23575.0
Red,東門,2019-11-30,32466.0
Red,大安,2019-11-30,22052.5
Red,中正紀念堂,2019-12-01,29971.5
Red,台大醫院,2019-12-01,25596.0
Red,台北車站,2019-12-01,195390.5
Red,中山,2019-12-01,50703.0
Red,雙連,2019-12-01,34124.0
Red,民權西路,2019-12-01,25453.5
Red,圓山,2019-12-01,68149.0
Red,劍潭,2019-12-01,69541.0
Red,士林,2019-12-01,85001.0
Red,芝山,2019-12-01,50734.0
Red,明德,2019-12-01,17164.0
Red,石牌,2019-12-01,47389.0
Red,唭哩岸,2019-12-01,12046.0
Red,奇岩,2019-12-01,12127.0
Red,北投,2019-12-01,34058.0
Red,新北投,2019-12-01,15933.0
Red,復興崗,2019-12-01,6255.0
Red,忠義,2019-12-01,3558.0
Red,關渡,2019-12-01,18884.0
Red,竹圍,2019-12-01,16283.0
Red,紅樹林,2019-12-01,21528.0
Red,淡水,2019-12-01,92823.0
Red,象山,2019-12-01,23593.0
Red,台北101/世貿,2019-12-01,71469.0
Red,信義安和,2019-12-01,25262.0
Red,大安森林公園,2019-12-01,22995.0
Red,東門,2019-12-01,28548.5
Red,大安,2019-12-01,17611.0
Red,中正紀念堂,2019-12-02,32351.5
Red,台大醫院,2019-12-02,54731.0
Red,台北車站,2019-12-02,153775.5
Red,中山,2019-12-02,44296.0
Red,雙連,2019-12-02,48954.0
Red,民權西路,2019-12-02,30322.5
Red,圓山,2019-12-02,54809.0
Red,劍潭,2019-12-02,67311.0
Red,士林,2019-12-02,67597.0
Red,芝山,2019-12-02,51772.0
Red,明德,2019-12-02,27703.0
Red,石牌,2019-12-02,68133.0
Red,唭哩岸,2019-12-02,14314.0
Red,奇岩,2019-12-02,18134.0
Red,北投,2019-12-02,39780.0
Red,新北投,2019-12-02,12744.0
Red,復興崗,2019-12-02,7239.0
Red,忠義,2019-12-02,7312.0
Red,關渡,2019-12-02,28532.0
Red,竹圍,2019-12-02,19833.0
Red,紅樹林,2019-12-02,22375.0
Red,淡水,2019-12-02,70914.0
Red,象山,2019-12-02,28817.0
Red,台北101/世貿,2019-12-02,65960.0
Red,信義安和,2019-12-02,38989.0
Red,大安森林公園,2019-12-02,15619.0
Red,東門,2019-12-02,27784.0
Red,大安,2019-12-02,29949.5
Red,中正紀念堂,2019-12-03,36806.5
Red,台大醫院,2019-12-03,55437.0
Red,台北車站,2019-12-03,149646.0
Red,中山,2019-12-03,45575.0
Red,雙連,2019-12-03,48858.0
Red,民權西路,2019-12-03,31461.5
Red,圓山,2019-12-03,58414.0
Red,劍潭,2019-12-03,70633.0
Red,士林,2019-12-03,76200.0
Red,芝山,2019-12-03,55716.0
Red,明德,2019-12-03,28392.0
Red,石牌,2019-12-03,69212.0
Red,唭哩岸,2019-12-03,15317.0
Red,奇岩,2019-12-03,18911.0
Red,北投,2019-12-03,41191.0
Red,新北投,2019-12-03,14888.0
Red,復興崗,2019-12-03,7804.0
Red,忠義,2019-12-03,7803.0
Red,關渡,2019-12-03,30120.0
Red,竹圍,2019-12-03,20610.0
Red,紅樹林,2019-12-03,22436.0
Red,淡水,2019-12-03,72797.0
Red,象山,2019-12-03,29700.0
Red,台北101/世貿,2019-12-03,67424.0
Red,信義安和,2019-12-03,40545.0
Red,大安森林公園,2019-12-03,16681.0
Red,東門,2019-12-03,29280.5
Red,大安,2019-12-03,31558.5
Red,中正紀念堂,2019-12-04,36577.0
Red,台大醫院,2019-12-04,56380.0
Red,台北車站,2019-12-04,149971.5
Red,中山,2019-12-04,47609.5
Red,雙連,2019-12-04,49434.0
Red,民權西路,2019-12-04,31122.0
Red,圓山,2019-12-04,57350.0
Red,劍潭,2019-12-04,69109.0
Red,士林,2019-12-04,70830.0
Red,芝山,2019-12-04,54232.0
Red,明德,2019-12-04,28188.0
Red,石牌,2019-12-04,70296.0
Red,唭哩岸,2019-12-04,15038.0
Red,奇岩,2019-12-04,18655.0
Red,北投,2019-12-04,41558.0
Red,新北投,2019-12-04,14928.0
Red,復興崗,2019-12-04,7883.0
Red,忠義,2019-12-04,7737.0
Red,關渡,2019-12-04,29342.0
Red,竹圍,2019-12-04,20653.0
Red,紅樹林,2019-12-04,22133.0
Red,淡水,2019-12-04,72247.0
Red,象山,2019-12-04,29377.0
Red,台北101/世貿,2019-12-04,75539.0
Red,信義安和,2019-12-04,40892.0
Red,大安森林公園,2019-12-04,16282.0
Red,東門,2019-12-04,31036.0
Red,大安,2019-12-04,31781.5
Red,中正紀念堂,2019-12-05,37035.5
Red,台大醫院,2019-12-05,54522.0
Red,台北車站,2019-12-05,155427.0
Red,中山,2019-12-05,48972.0
Red,雙連,2019-12-05,49054.0
Red,民權西路,2019-12-05,30564.5
Red,圓山,2019-12-05,54943.0
Red,劍潭,2019-12-05,64241.0
Red,士林,2019-12-05,62452.0
Red,芝山,2019-12-05,51820.0
Red,明德,2019-12-05,27983.0
Red,石牌,2019-12-05,67890.0
Red,唭哩岸,2019-12-05,15261.0
Red,奇岩,2019-12-05,18842.0
Red,北投,2019-12-05,38479.0
Red,新北投,2019-12-05,13366.0
Red,復興崗,2019-12-05,7527.0
Red,忠義,2019-12-05,7469.0
Red,關渡,2019-12-05,29235.0
Red,竹圍,2019-12-05,19663.0
Red,紅樹林,2019-12-05,21910.0
Red,淡水,2019-12-05,65783.0
Red,象山,2019-12-05,28037.0
Red,台北101/世貿,2019-12-05,78283.0
Red,信義安和,2019-12-05,41899.0
Red,大安森林公園,2019-12-05,15707.0
Red,東門,2019-12-05,30872.0
Red,大安,2019-12-05,32098.5
Red,中正紀念堂,2019-12-06,39659.5
Red,台大醫院,2019-12-06,54766.0
Red,台北車站,2019-12-06,199852.0
Red,中山,2019-12-06,57086.0
Red,雙連,2019-12-06,53046.0
Red,民權西路,2019-12-06,32687.5
Red,圓山,2019-12-06,62247.0
Red,劍潭,2019-12-06,71102.0
Red,士林,2019-12-06,67467.0
Red,芝山,2019-12-06,59365.0
Red,明德,2019-12-06,28268.0
Red,石牌,2019-12-06,70385.0
Red,唭哩岸,2019-12-06,15821.0
Red,奇岩,2019-12-06,19714.0
Red,北投,2019-12-06,42460.0
Red,新北投,2019-12-06,15617.0
Red,復興崗,2019-12-06,8177.0
Red,忠義,2019-12-06,7652.0
Red,關渡,2019-12-06,29451.0
Red,竹圍,2019-12-06,20562.0
Red,紅樹林,2019-12-06,23449.0
Red,淡水,2019-12-06,72253.0
Red,象山,2019-12-06,28782.0
Red,台北101/世貿,2019-12-06,93051.0
Red,信義安和,2019-12-06,45934.0
Red,大安森林公園,2019-12-06,17471.0
Red,東門,2019-12-06,34344.0
Red,大安,2019-12-06,34492.0
Red,中正紀念堂,2019-12-07,35315.5
Red,台大醫院,2019-12-07,29842.0
Red,台北車站,2019-12-07,198321.5
Red,中山,2019-12-07,61685.5
Red,雙連,2019-12-07,48844.0
Red,民權西路,2019-12-07,25612.0
Red,圓山,2019-12-07,65597.0
Red,劍潭,2019-12-07,74791.0
Red,士林,2019-12-07,66798.0
Red,芝山,2019-12-07,51651.0
Red,明德,2019-12-07,20011.0
Red,石牌,2019-12-07,53885.0
Red,唭哩岸,2019-12-07,14146.0
Red,奇岩,2019-12-07,14406.0
Red,北投,2019-12-07,36343.0
Red,新北投,2019-12-07,19311.0
Red,復興崗,2019-12-07,6587.0
Red,忠義,2019-12-07,3933.0
Red,關渡,2019-12-07,19891.0
Red,竹圍,2019-12-07,17838.0
Red,紅樹林,2019-12-07,19492.0
Red,淡水,2019-12-07,71147.0
Red,象山,2019-12-07,20525.0
Red,台北101/世貿,2019-12-07,96552.0
Red,信義安和,2019-12-07,32733.0
Red,大安森林公園,2019-12-07,21024.0
Red,東門,2019-12-07,33174.5
Red,大安,2019-12-07,22287.5
Red,中正紀念堂,2019-12-08,35934.0
Red,台大醫院,2019-12-08,24662.0
Red,台北車站,2019-12-08,206811.0
Red,中山,2019-12-08,55190.0
Red,雙連,2019-12-08,36749.0
Red,民權西路,2019-12-08,26447.0
Red,圓山,2019-12-08,70879.0
Red,劍潭,2019-12-08,71356.0
Red,士林,2019-12-08,74583.0
Red,芝山,2019-12-08,53023.0
Red,明德,2019-12-08,16880.0
Red,石牌,2019-12-08,49042.0
Red,唭哩岸,2019-12-08,12587.0
Red,奇岩,2019-12-08,12729.0
Red,北投,2019-12-08,35751.0
Red,新北投,2019-12-08,19514.0
Red,復興崗,2019-12-08,6051.0
Red,忠義,2019-12-08,3674.0
Red,關渡,2019-12-08,18171.0
Red,竹圍,2019-12-08,16377.0
Red,紅樹林,2019-12-08,21196.0
Red,淡水,2019-12-08,89772.0
Red,象山,2019-12-08,23327.0
Red,台北101/世貿,2019-12-08,96379.0
Red,信義安和,2019-12-08,26386.0
Red,大安森林公園,2019-12-08,22651.0
Red,東門,2019-12-08,30767.0
Red,大安,2019-12-08,18519.0
Red,中正紀念堂,2019-12-09,34161.5
Red,台大醫院,2019-12-09,54746.0
Red,台北車站,2019-12-09,159675.0
Red,中山,2019-12-09,46565.5
Red,雙連,2019-12-09,51586.0
Red,民權西路,2019-12-09,30917.0
Red,圓山,2019-12-09,60009.0
Red,劍潭,2019-12-09,69433.0
Red,士林,2019-12-09,63419.0
Red,芝山,2019-12-09,49657.0
Red,明德,2019-12-09,27989.0
Red,石牌,2019-12-09,68741.0
Red,唭哩岸,2019-12-09,14933.0
Red,奇岩,2019-12-09,18355.0
Red,北投,2019-12-09,40780.0
Red,新北投,2019-12-09,13276.0
Red,復興崗,2019-12-09,7393.0
Red,忠義,2019-12-09,7382.0
Red,關渡,2019-12-09,28798.0
Red,竹圍,2019-12-09,20292.0
Red,紅樹林,2019-12-09,22715.0
Red,淡水,2019-12-09,75454.0
Red,象山,2019-12-09,30906.0
Red,台北101/世貿,2019-12-09,69377.0
Red,信義安和,2019-12-09,39104.0
Red,大安森林公園,2019-12-09,16739.0
Red,東門,2019-12-09,28568.5
Red,大安,2019-12-09,30693.0
Red,中正紀念堂,2019-12-10,36831.5
Red,台大醫院,2019-12-10,56824.0
Red,台北車站,2019-12-10,152378.0
Red,中山,2019-12-10,47331.5
Red,雙連,2019-12-10,51307.0
Red,民權西路,2019-12-10,31454.0
Red,圓山,2019-12-10,59449.0
Red,劍潭,2019-12-10,69840.0
Red,士林,2019-12-10,64781.0
Red,芝山,2019-12-10,50542.0
Red,明德,2019-12-10,28271.0
Red,石牌,2019-12-10,69613.0
Red,唭哩岸,2019-12-10,14918.0
Red,奇岩,2019-12-10,20240.0
Red,北投,2019-12-10,42073.0
Red,新北投,2019-12-10,14374.0
Red,復興崗,2019-12-10,7975.0
Red,忠義,2019-12-10,7881.0
Red,關渡,2019-12-10,29940.0
Red,竹圍,2019-12-10,20792.0
Red,紅樹林,2019-12-10,22952.0
Red,淡水,2019-12-10,75343.0
Red,象山,2019-12-10,29950.0
Red,台北101/世貿,2019-12-10,68164.0
Red,信義安和,2019-12-10,41192.0
Red,大安森林公園,2019-12-10,17867.0
Red,東門,2019-12-10,30213.0
Red,大安,2019-12-10,32269.5
Red,中正紀念堂,2019-12-11,38066.5
Red,台大醫院,2019-12-11,56068.0
Red,台北車站,2019-12-11,152486.5
Red,中山,2019-12-11,50150.5
Red,雙連,2019-12-11,52350.0
Red,民權西路,2019-12-11,31929.5
Red,圓山,2019-12-11,59421.0
Red,劍潭,2019-12-11,72305.0
Red,士林,2019-12-11,65716.0
Red,芝山,2019-12-11,51052.0
Red,明德,2019-12-11,28707.0
Red,石牌,2019-12-11,70688.0
Red,唭哩岸,2019-12-11,14971.0
Red,奇岩,2019-12-11,19428.0
Red,北投,2019-12-11,42221.0
Red,新北投,2019-12-11,13940.0
Red,復興崗,2019-12-11,7844.0
Red,忠義,2019-12-11,7824.0
Red,關渡,2019-12-11,29703.0
Red,竹圍,2019-12-11,21009.0
Red,紅樹林,2019-12-11,23183.0
Red,淡水,2019-12-11,76298.0
Red,象山,2019-12-11,30428.0
Red,台北101/世貿,2019-12-11,68177.0
Red,信義安和,2019-12-11,41119.0
Red,大安森林公園,2019-12-11,17301.0
Red,東門,2019-12-11,32245.5
Red,大安,2019-12-11,32243.5
Red,中正紀念堂,2019-12-12,38304.5
Red,台大醫院,2019-12-12,56964.0
Red,台北車站,2019-12-12,158185.0
Red,中山,2019-12-12,50966.5
Red,雙連,2019-12-12,51378.0
Red,民權西路,2019-12-12,32563.5
Red,圓山,2019-12-12,62701.0
Red,劍潭,2019-12-12,72711.0
Red,士林,2019-12-12,66613.0
Red,芝山,2019-12-12,51956.0
Red,明德,2019-12-12,28158.0
Red,石牌,2019-12-12,70282.0
Red,唭哩岸,2019-12-12,15285.0
Red,奇岩,2019-12-12,19869.0
Red,北投,2019-12-12,41292.0
Red,新北投,2019-12-12,14069.0
Red,復興崗,2019-12-12,7982.0
Red,忠義,2019-12-12,7530.0
Red,關渡,2019-12-12,30099.0
Red,竹圍,2019-12-12,21046.0
Red,紅樹林,2019-12-12,23326.0
Red,淡水,2019-12-12,77544.0
Red,象山,2019-12-12,30917.0
Red,台北101/世貿,2019-12-12,72737.0
Red,信義安和,2019-12-12,41592.0
Red,大安森林公園,2019-12-12,17767.0
Red,東門,2019-12-12,32111.5
Red,大安,2019-12-12,32883.0
Red,中正紀念堂,2019-12-13,39748.0
Red,台大醫院,2019-12-13,55252.0
Red,台北車站,2019-12-13,200246.0
Red,中山,2019-12-13,58966.5
Red,雙連,2019-12-13,56123.0
Red,民權西路,2019-12-13,34393.0
Red,圓山,2019-12-13,69270.0
Red,劍潭,2019-12-13,83728.0
Red,士林,2019-12-13,74534.0
Red,芝山,2019-12-13,55370.0
Red,明德,2019-12-13,29394.0
Red,石牌,2019-12-13,73937.0
Red,唭哩岸,2019-12-13,16137.0
Red,奇岩,2019-12-13,20108.0
Red,北投,2019-12-13,45252.0
Red,新北投,2019-12-13,16589.0
Red,復興崗,2019-12-13,8353.0
Red,忠義,2019-12-13,7928.0
Red,關渡,2019-12-13,30953.0
Red,竹圍,2019-12-13,21989.0
Red,紅樹林,2019-12-13,25862.0
Red,淡水,2019-12-13,87234.0
Red,象山,2019-12-13,32599.0
Red,台北101/世貿,2019-12-13,81042.0
Red,信義安和,2019-12-13,45294.0
Red,大安森林公園,2019-12-13,19755.0
Red,東門,2019-12-13,34380.0
Red,大安,2019-12-13,34959.5
Red,中正紀念堂,2019-12-14,36669.5
Red,台大醫院,2019-12-14,30863.0
Red,台北車站,2019-12-14,212266.5
Red,中山,2019-12-14,69578.0
Red,雙連,2019-12-14,51660.0
Red,民權西路,2019-12-14,28997.5
Red,圓山,2019-12-14,78676.0
Red,劍潭,2019-12-14,86901.0
Red,士林,2019-12-14,70974.0
Red,芝山,2019-12-14,51142.0
Red,明德,2019-12-14,23247.0
Red,石牌,2019-12-14,64841.0
Red,唭哩岸,2019-12-14,15191.0
Red,奇岩,2019-12-14,15271.0
Red,北投,2019-12-14,40398.0
Red,新北投,2019-12-14,20716.0
Red,復興崗,2019-12-14,7566.0
Red,忠義,2019-12-14,4964.0
Red,關渡,2019-12-14,21948.0
Red,竹圍,2019-12-14,20574.0
Red,紅樹林,2019-12-14,23789.0
Red,淡水,2019-12-14,99841.0
Red,象山,2019-12-14,28047.0
Red,台北101/世貿,2019-12-14,88390.0
Red,信義安和,2019-12-14,35153.0
Red,大安森林公園,2019-12-14,27529.0
Red,東門,2019-12-14,35618.5
Red,大安,2019-12-14,24992.0
Red,中正紀念堂,2019-12-15,35346.5
Red,台大醫院,2019-12-15,27586.0
Red,台北車站,2019-12-15,217406.5
Red,中山,2019-12-15,57299.0
Red,雙連,2019-12-15,36501.0
Red,民權西路,2019-12-15,26962.5
Red,圓山,2019-12-15,62555.0
Red,劍潭,2019-12-15,73573.0
Red,士林,2019-12-15,62730.0
Red,芝山,2019-12-15,46591.0
Red,明德,2019-12-15,17613.0
Red,石牌,2019-12-15,50809.0
Red,唭哩岸,2019-12-15,12985.0
Red,奇岩,2019-12-15,13892.0
Red,北投,2019-12-15,35893.0
Red,新北投,2019-12-15,18401.0
Red,復興崗,2019-12-15,6292.0
Red,忠義,2019-12-15,4256.0
Red,關渡,2019-12-15,19517.0
Red,竹圍,2019-12-15,20272.0
Red,紅樹林,2019-12-15,22458.0
Red,淡水,2019-12-15,102489.0
Red,象山,2019-12-15,26396.0
Red,台北101/世貿,2019-12-15,85330.0
Red,信義安和,2019-12-15,29209.0
Red,大安森林公園,2019-12-15,26678.0
Red,東門,2019-12-15,31457.5
Red,大安,2019-12-15,19507.5
Red,中正紀念堂,2019-12-16,35854.0
Red,台大醫院,2019-12-16,55389.0
Red,台北車站,2019-12-16,164682.5
Red,中山,2019-12-16,49014.5
Red,雙連,2019-12-16,50543.0
Red,民權西路,2019-12-16,31357.0
Red,圓山,2019-12-16,56892.0
Red,劍潭,2019-12-16,70843.0
Red,士林,2019-12-16,63621.0
Red,芝山,2019-12-16,49144.0
Red,明德,2019-12-16,28436.0
Red,石牌,2019-12-16,69097.0
Red,唭哩岸,2019-12-16,14528.0
Red,奇岩,2019-12-16,18507.0
Red,北投,2019-12-16,40398.0
Red,新北投,2019-12-16,13182.0
Red,復興崗,2019-12-16,7764.0
Red,忠義,2019-12-16,7329.0
Red,關渡,2019-12-16,29223.0
Red,竹圍,2019-12-16,20565.0
Red,紅樹林,2019-12-16,23240.0
Red,淡水,2019-12-16,80032.0
Red,象山,2019-12-16,31196.0
Red,台北101/世貿,2019-12-16,73244.0
Red,信義安和,2019-12-16,39872.0
Red,大安森林公園,2019-12-16,17129.0
Red,東門,2019-12-16,30158.0
Red,大安,2019-12-16,30519.5
Red,中正紀念堂,2019-12-17,38443.5
Red,台大醫院,2019-12-17,57309.0
Red,台北車站,2019-12-17,153954.5
Red,中山,2019-12-17,49569.5
Red,雙連,2019-12-17,51452.0
Red,民權西路,2019-12-17,31802.0
Red,圓山,2019-12-17,59904.0
Red,劍潭,2019-12-17,73039.0
Red,士林,2019-12-17,64554.0
Red,芝山,2019-12-17,50711.0
Red,明德,2019-12-17,29012.0
Red,石牌,2019-12-17,70286.0
Red,唭哩岸,2019-12-17,14861.0
Red,奇岩,2019-12-17,19302.0
Red,北投,2019-12-17,41968.0
Red,新北投,2019-12-17,14203.0
Red,復興崗,2019-12-17,7922.0
Red,忠義,2019-12-17,7754.0
Red,關渡,2019-12-17,29913.0
Red,竹圍,2019-12-17,20964.0
Red,紅樹林,2019-12-17,23417.0
Red,淡水,2019-12-17,78852.0
Red,象山,2019-12-17,31143.0
Red,台北101/世貿,2019-12-17,68497.0
Red,信義安和,2019-12-17,41522.0
Red,大安森林公園,2019-12-17,17772.0
Red,東門,2019-12-17,31839.5
Red,大安,2019-12-17,31438.5
Red,中正紀念堂,2019-12-18,36706.0
Red,台大醫院,2019-12-18,56894.0
Red,台北車站,2019-12-18,153930.5
Red,中山,2019-12-18,50297.5
Red,雙連,2019-12-18,51489.0
Red,民權西路,2019-12-18,32591.0
Red,圓山,2019-12-18,59134.0
Red,劍潭,2019-12-18,72683.0
Red,士林,2019-12-18,64265.0
Red,芝山,2019-12-18,51614.0
Red,明德,2019-12-18,29055.0
Red,石牌,2019-12-18,71535.0
Red,唭哩岸,2019-12-18,15244.0
Red,奇岩,2019-12-18,19047.0
Red,北投,2019-12-18,42755.0
Red,新北投,2019-12-18,14059.0
Red,復興崗,2019-12-18,7989.0
Red,忠義,2019-12-18,7955.0
Red,關渡,2019-12-18,30043.0
Red,竹圍,2019-12-18,20738.0
Red,紅樹林,2019-12-18,22924.0
Red,淡水,2019-12-18,74095.0
Red,象山,2019-12-18,29826.0
Red,台北101/世貿,2019-12-18,71022.0
Red,信義安和,2019-12-18,41699.0
Red,大安森林公園,2019-12-18,16636.0
Red,東門,2019-12-18,31331.5
Red,大安,2019-12-18,31505.5
Red,中正紀念堂,2019-12-19,37280.5
Red,台大醫院,2019-12-19,55894.0
Red,台北車站,2019-12-19,156138.0
Red,中山,2019-12-19,51160.0
Red,雙連,2019-12-19,50875.0
Red,民權西路,2019-12-19,32305.5
Red,圓山,2019-12-19,59972.0
Red,劍潭,2019-12-19,74179.0
Red,士林,2019-12-19,64973.0
Red,芝山,2019-12-19,50631.0
Red,明德,2019-12-19,28332.0
Red,石牌,2019-12-19,69547.0
Red,唭哩岸,2019-12-19,14810.0
Red,奇岩,2019-12-19,19384.0
Red,北投,2019-12-19,42085.0
Red,新北投,2019-12-19,14327.0
Red,復興崗,2019-12-19,8024.0
Red,忠義,2019-12-19,7640.0
Red,關渡,2019-12-19,29739.0
Red,竹圍,2019-12-19,20638.0
Red,紅樹林,2019-12-19,22919.0
Red,淡水,2019-12-19,74866.0
Red,象山,2019-12-19,30369.0
Red,台北101/世貿,2019-12-19,73347.0
Red,信義安和,2019-12-19,42089.0
Red,大安森林公園,2019-12-19,16987.0
Red,東門,2019-12-19,31288.0
Red,大安,2019-12-19,31704.0
Red,中正紀念堂,2019-12-20,40550.5
Red,台大醫院,2019-12-20,56830.0
Red,台北車站,2019-12-20,199805.5
Red,中山,2019-12-20,59720.0
Red,雙連,2019-12-20,55158.0
Red,民權西路,2019-12-20,34501.5
Red,圓山,2019-12-20,65244.0
Red,劍潭,2019-12-20,76835.0
Red,士林,2019-12-20,69628.0
Red,芝山,2019-12-20,54520.0
Red,明德,2019-12-20,29580.0
Red,石牌,2019-12-20,73819.0
Red,唭哩岸,2019-12-20,16202.0
Red,奇岩,2019-12-20,20174.0
Red,北投,2019-12-20,46006.0
Red,新北投,2019-12-20,16565.0
Red,復興崗,2019-12-20,8604.0
Red,忠義,2019-12-20,7963.0
Red,關渡,2019-12-20,31848.0
Red,竹圍,2019-12-20,21935.0
Red,紅樹林,2019-12-20,24121.0
Red,淡水,2019-12-20,83232.0
Red,象山,2019-12-20,31812.0
Red,台北101/世貿,2019-12-20,94501.0
Red,信義安和,2019-12-20,46479.0
Red,大安森林公園,2019-12-20,18837.0
Red,東門,2019-12-20,35323.5
Red,大安,2019-12-20,34300.5
Red,中正紀念堂,2019-12-21,38224.0
Red,台大醫院,2019-12-21,36984.0
Red,台北車站,2019-12-21,195792.0
Red,中山,2019-12-21,66873.0
Red,雙連,2019-12-21,48653.0
Red,民權西路,2019-12-21,29017.5
Red,圓山,2019-12-21,68023.0
Red,劍潭,2019-12-21,79089.0
Red,士林,2019-12-21,67793.0
Red,芝山,2019-12-21,47840.0
Red,明德,2019-12-21,23014.0
Red,石牌,2019-12-21,55189.0
Red,唭哩岸,2019-12-21,14165.0
Red,奇岩,2019-12-21,14563.0
Red,北投,2019-12-21,39854.0
Red,新北投,2019-12-21,19671.0
Red,復興崗,2019-12-21,8259.0
Red,忠義,2019-12-21,4313.0
Red,關渡,2019-12-21,20263.0
Red,竹圍,2019-12-21,19433.0
Red,紅樹林,2019-12-21,21597.0
Red,淡水,2019-12-21,83740.0
Red,象山,2019-12-21,24052.0
Red,台北101/世貿,2019-12-21,101730.0
Red,信義安和,2019-12-21,34427.0
Red,大安森林公園,2019-12-21,21320.0
Red,東門,2019-12-21,33448.0
Red,大安,2019-12-21,27232.5
Red,中正紀念堂,2019-12-22,31222.0
Red,台大醫院,2019-12-22,24806.0
Red,台北車站,2019-12-22,200435.5
Red,中山,2019-12-22,56577.0
Red,雙連,2019-12-22,37323.0
Red,民權西路,2019-12-22,25979.5
Red,圓山,2019-12-22,57381.0
Red,劍潭,2019-12-22,65128.0
Red,士林,2019-12-22,55595.0
Red,芝山,2019-12-22,42545.0
Red,明德,2019-12-22,16595.0
Red,石牌,2019-12-22,44988.0
Red,唭哩岸,2019-12-22,11793.0
Red,奇岩,2019-12-22,12228.0
Red,北投,2019-12-22,33636.0
Red,新北投,2019-12-22,16640.0
Red,復興崗,2019-12-22,5657.0
Red,忠義,2019-12-22,3477.0
Red,關渡,2019-12-22,17288.0
Red,竹圍,2019-12-22,15667.0
Red,紅樹林,2019-12-22,19879.0
Red,淡水,2019-12-22,78956.0
Red,象山,2019-12-22,20769.0
Red,台北101/世貿,2019-12-22,95533.0
Red,信義安和,2019-12-22,27540.0
Red,大安森林公園,2019-12-22,20735.0
Red,東門,2019-12-22,29704.0
Red,大安,2019-12-22,18988.0
Red,中正紀念堂,2019-12-23,35591.0
Red,台大醫院,2019-12-23,54213.0
Red,台北車站,2019-12-23,164666.0
Red,中山,2019-12-23,51619.0
Red,雙連,2019-12-23,50748.0
Red,民權西路,2019-12-23,32057.5
Red,圓山,2019-12-23,57325.0
Red,劍潭,2019-12-23,72348.0
Red,士林,2019-12-23,63313.0
Red,芝山,2019-12-23,49263.0
Red,明德,2019-12-23,28155.0
Red,石牌,2019-12-23,68294.0
Red,唭哩岸,2019-12-23,14492.0
Red,奇岩,2019-12-23,18947.0
Red,北投,2019-12-23,41855.0
Red,新北投,2019-12-23,14803.0
Red,復興崗,2019-12-23,7552.0
Red,忠義,2019-12-23,7342.0
Red,關渡,2019-12-23,28776.0
Red,竹圍,2019-12-23,20495.0
Red,紅樹林,2019-12-23,23209.0
Red,淡水,2019-12-23,78417.0
Red,象山,2019-12-23,31461.0
Red,台北101/世貿,2019-12-23,91920.0
Red,信義安和,2019-12-23,41269.0
Red,大安森林公園,2019-12-23,17087.0
Red,東門,2019-12-23,31049.5
Red,大安,2019-12-23,31462.0
Red,中正紀念堂,2019-12-24,38848.0
Red,台大醫院,2019-12-24,56411.0
Red,台北車站,2019-12-24,161878.5
Red,中山,2019-12-24,54732.0
Red,雙連,2019-12-24,52705.0
Red,民權西路,2019-12-24,33717.5
Red,圓山,2019-12-24,61567.0
Red,劍潭,2019-12-24,76638.0
Red,士林,2019-12-24,63464.0
Red,芝山,2019-12-24,51868.0
Red,明德,2019-12-24,29076.0
Red,石牌,2019-12-24,71176.0
Red,唭哩岸,2019-12-24,15229.0
Red,奇岩,2019-12-24,19675.0
Red,北投,2019-12-24,42536.0
Red,新北投,2019-12-24,16114.0
Red,復興崗,2019-12-24,7763.0
Red,忠義,2019-12-24,7640.0
Red,關渡,2019-12-24,29900.0
Red,竹圍,2019-12-24,21332.0
Red,紅樹林,2019-12-24,23770.0
Red,淡水,2019-12-24,81182.0
Red,象山,2019-12-24,32572.0
Red,台北101/世貿,2019-12-24,80810.0
Red,信義安和,2019-12-24,43563.0
Red,大安森林公園,2019-12-24,21100.0
Red,東門,2019-12-24,32850.5
Red,大安,2019-12-24,32423.0
Red,中正紀念堂,2019-12-25,38228.0
Red,台大醫院,2019-12-25,57053.0
Red,台北車站,2019-12-25,167612.0
Red,中山,2019-12-25,58856.5
Red,雙連,2019-12-25,53549.0
Red,民權西路,2019-12-25,33026.5
Red,圓山,2019-12-25,61974.0
Red,劍潭,2019-12-25,78491.0
Red,士林,2019-12-25,64221.0
Red,芝山,2019-12-25,53015.0
Red,明德,2019-12-25,29173.0
Red,石牌,2019-12-25,71965.0
Red,唭哩岸,2019-12-25,15322.0
Red,奇岩,2019-12-25,19473.0
Red,北投,2019-12-25,42628.0
Red,新北投,2019-12-25,16274.0
Red,復興崗,2019-12-25,7920.0
Red,忠義,2019-12-25,6169.0
Red,關渡,2019-12-25,29099.0
Red,竹圍,2019-12-25,21264.0
Red,紅樹林,2019-12-25,24278.0
Red,淡水,2019-12-25,85734.0
Red,象山,2019-12-25,34539.0
Red,台北101/世貿,2019-12-25,89252.0
Red,信義安和,2019-12-25,43767.0
Red,大安森林公園,2019-12-25,19569.0
Red,東門,2019-12-25,34307.0
Red,大安,2019-12-25,33136.5
Red,中正紀念堂,2019-12-26,39671.0
Red,台大醫院,2019-12-26,56018.0
Red,台北車站,2019-12-26,164345.0
Red,中山,2019-12-26,54107.0
Red,雙連,2019-12-26,52146.0
Red,民權西路,2019-12-26,33407.5
Red,圓山,2019-12-26,61864.0
Red,劍潭,2019-12-26,75760.0
Red,士林,2019-12-26,67145.0
Red,芝山,2019-12-26,51309.0
Red,明德,2019-12-26,29469.0
Red,石牌,2019-12-26,70732.0
Red,唭哩岸,2019-12-26,15451.0
Red,奇岩,2019-12-26,19532.0
Red,北投,2019-12-26,42460.0
Red,新北投,2019-12-26,15949.0
Red,復興崗,2019-12-26,7976.0
Red,忠義,2019-12-26,7727.0
Red,關渡,2019-12-26,30469.0
Red,竹圍,2019-12-26,21033.0
Red,紅樹林,2019-12-26,23565.0
Red,淡水,2019-12-26,80406.0
Red,象山,2019-12-26,32549.0
Red,台北101/世貿,2019-12-26,79526.0
Red,信義安和,2019-12-26,43320.0
Red,大安森林公園,2019-12-26,18112.0
Red,東門,2019-12-26,33624.0
Red,大安,2019-12-26,32310.0
Red,中正紀念堂,2019-12-27,40942.0
Red,台大醫院,2019-12-27,57142.0
Red,台北車站,2019-12-27,198662.0
Red,中山,2019-12-27,62023.5
Red,雙連,2019-12-27,55517.0
Red,民權西路,2019-12-27,35178.0
Red,圓山,2019-12-27,64956.0
Red,劍潭,2019-12-27,82218.0
Red,士林,2019-12-27,72340.0
Red,芝山,2019-12-27,55567.0
Red,明德,2019-12-27,29819.0
Red,石牌,2019-12-27,71599.0
Red,唭哩岸,2019-12-27,16277.0
Red,奇岩,2019-12-27,20686.0
Red,北投,2019-12-27,46595.0
Red,新北投,2019-12-27,18934.0
Red,復興崗,2019-12-27,8266.0
Red,忠義,2019-12-27,7672.0
Red,關渡,2019-12-27,30390.0
Red,竹圍,2019-12-27,21939.0
Red,紅樹林,2019-12-27,25313.0
Red,淡水,2019-12-27,83543.0
Red,象山,2019-12-27,34124.0
Red,台北101/世貿,2019-12-27,87278.0
Red,信義安和,2019-12-27,47000.0
Red,大安森林公園,2019-12-27,19702.0
Red,東門,2019-12-27,36612.5
Red,大安,2019-12-27,34314.5
Red,中正紀念堂,2019-12-28,37122.0
Red,台大醫院,2019-12-28,28708.0
Red,台北車站,2019-12-28,195616.5
Red,中山,2019-12-28,66385.0
Red,雙連,2019-12-28,48466.0
Red,民權西路,2019-12-28,28644.5
Red,圓山,2019-12-28,74376.0
Red,劍潭,2019-12-28,81258.0
Red,士林,2019-12-28,68592.0
Red,芝山,2019-12-28,46886.0
Red,明德,2019-12-28,21716.0
Red,石牌,2019-12-28,55975.0
Red,唭哩岸,2019-12-28,14539.0
Red,奇岩,2019-12-28,14833.0
Red,北投,2019-12-28,38724.0
Red,新北投,2019-12-28,20114.0
Red,復興崗,2019-12-28,7546.0
Red,忠義,2019-12-28,5309.0
Red,關渡,2019-12-28,20904.0
Red,竹圍,2019-12-28,19420.0
Red,紅樹林,2019-12-28,24563.0
Red,淡水,2019-12-28,93058.0
Red,象山,2019-12-28,28913.0
Red,台北101/世貿,2019-12-28,88147.0
Red,信義安和,2019-12-28,34332.0
Red,大安森林公園,2019-12-28,25710.0
Red,東門,2019-12-28,35313.0
Red,大安,2019-12-28,22151.0
Red,中正紀念堂,2019-12-29,28477.5
Red,台大醫院,2019-12-29,21658.0
Red,台北車站,2019-12-29,180894.0
Red,中山,2019-12-29,53792.0
Red,雙連,2019-12-29,33004.0
Red,民權西路,2019-12-29,23347.5
Red,圓山,2019-12-29,52129.0
Red,劍潭,2019-12-29,55037.0
Red,士林,2019-12-29,48147.0
Red,芝山,2019-12-29,37622.0
Red,明德,2019-12-29,15311.0
Red,石牌,2019-12-29,39199.0
Red,唭哩岸,2019-12-29,10756.0
Red,奇岩,2019-12-29,10747.0
Red,北投,2019-12-29,28671.0
Red,新北投,2019-12-29,15410.0
Red,復興崗,2019-12-29,5217.0
Red,忠義,2019-12-29,3645.0
Red,關渡,2019-12-29,14237.0
Red,竹圍,2019-12-29,13419.0
Red,紅樹林,2019-12-29,16726.0
Red,淡水,2019-12-29,56681.0
Red,象山,2019-12-29,16930.0
Red,台北101/世貿,2019-12-29,72064.0
Red,信義安和,2019-12-29,24883.0
Red,大安森林公園,2019-12-29,17120.0
Red,東門,2019-12-29,29029.5
Red,大安,2019-12-29,16674.5
Red,中正紀念堂,2019-12-30,37665.0
Red,台大醫院,2019-12-30,55924.0
Red,台北車站,2019-12-30,172210.5
Red,中山,2019-12-30,54757.5
Red,雙連,2019-12-30,54171.0
Red,民權西路,2019-12-30,32284.5
Red,圓山,2019-12-30,56421.0
Red,劍潭,2019-12-30,72122.0
Red,士林,2019-12-30,64494.0
Red,芝山,2019-12-30,49241.0
Red,明德,2019-12-30,29037.0
Red,石牌,2019-12-30,68536.0
Red,唭哩岸,2019-12-30,15026.0
Red,奇岩,2019-12-30,18294.0
Red,北投,2019-12-30,40952.0
Red,新北投,2019-12-30,16576.0
Red,復興崗,2019-12-30,7669.0
Red,忠義,2019-12-30,7296.0
Red,關渡,2019-12-30,28943.0
Red,竹圍,2019-12-30,20123.0
Red,紅樹林,2019-12-30,22785.0
Red,淡水,2019-12-30,74268.0
Red,象山,2019-12-30,31281.0
Red,台北101/世貿,2019-12-30,84786.0
Red,信義安和,2019-12-30,44081.0
Red,大安森林公園,2019-12-30,16656.0
Red,東門,2019-12-30,35091.5
Red,大安,2019-12-30,32475.5
Red,中正紀念堂,2019-12-31,45162.5
Red,台大醫院,2019-12-31,57932.0
Red,台北車站,2019-12-31,224078.0
Red,中山,2019-12-31,69289.0
Red,雙連,2019-12-31,58813.0
Red,民權西路,2019-12-31,37387.5
Red,圓山,2019-12-31,67248.0
Red,劍潭,2019-12-31,90103.0
Red,士林,2019-12-31,76638.0
Red,芝山,2019-12-31,58870.0
Red,明德,2019-12-31,30989.0
Red,石牌,2019-12-31,75125.0
Red,唭哩岸,2019-12-31,16801.0
Red,奇岩,2019-12-31,21441.0
Red,北投,2019-12-31,47485.0
Red,新北投,2019-12-31,18603.0
Red,復興崗,2019-12-31,8375.0
Red,忠義,2019-12-31,7778.0
Red,關渡,2019-12-31,32792.0
Red,竹圍,2019-12-31,23100.0
Red,紅樹林,2019-12-31,26049.0
Red,淡水,2019-12-31,90776.0
Red,象山,2019-12-31,70613.0
Red,台北101/世貿,2019-12-31,165619.0
Red,信義安和,2019-12-31,81518.0
Red,大安森林公園,2019-12-31,22515.0
Red,東門,2019-12-31,44003.0
Red,大安,2019-12-31,39388.0
Red,中正紀念堂,2020-01-01,1416.0
Red,台大醫院,2020-01-01,3319.0
Red,台北車站,2020-01-01,10669.0
Red,中山,2020-01-01,1970.5
Red,雙連,2020-01-01,1633.0
Red,民權西路,2020-01-01,1137.0
Red,圓山,2020-01-01,2555.0
Red,劍潭,2020-01-01,3863.0
Red,士林,2020-01-01,2609.0
Red,芝山,2020-01-01,2237.0
Red,明德,2020-01-01,981.0
Red,石牌,2020-01-01,2323.0
Red,唭哩岸,2020-01-01,649.0
Red,奇岩,2020-01-01,1055.0
Red,北投,2020-01-01,2192.0
Red,新北投,2020-01-01,0.0
Red,復興崗,2020-01-01,293.0
Red,忠義,2020-01-01,175.0
Red,關渡,2020-01-01,1031.0
Red,竹圍,2020-01-01,811.0
Red,紅樹林,2020-01-01,1789.0
Red,淡水,2020-01-01,4915.0
Red,象山,2020-01-01,10148.0
Red,台北101/世貿,2020-01-01,16681.0
Red,信義安和,2020-01-01,8596.0
Red,大安森林公園,2020-01-01,1180.0
Red,東門,2020-01-01,1147.5
Red,大安,2020-01-01,1823.0
