line,station,date,people
Yellow,大坪林,2021-01-01,8717.5
Yellow,頭前庄,2021-01-01,2708.5
Yellow,十四張,2021-01-01,1254.0
Yellow,秀朗橋,2021-01-01,4113.0
Yellow,景平,2021-01-01,5170.0
Yellow,中和,2021-01-01,7577.0
Yellow,橋和,2021-01-01,1919.0
Yellow,中原,2021-01-01,2203.0
Yellow,板新,2021-01-01,2988.0
Yellow,新埔民生,2021-01-01,3286.0
Yellow,幸福,2021-01-01,5562.0
Yellow,新北產業園區,2021-01-01,5660.0
Yellow,大坪林,2021-01-02,9527.0
Yellow,頭前庄,2021-01-02,3053.0
Yellow,十四張,2021-01-02,1373.0
Yellow,秀朗橋,2021-01-02,4203.0
Yellow,景平,2021-01-02,5401.0
Yellow,中和,2021-01-02,7978.0
Yellow,橋和,2021-01-02,2013.0
Yellow,中原,2021-01-02,2017.0
Yellow,板新,2021-01-02,3326.0
Yellow,新埔民生,2021-01-02,3567.0
Yellow,幸福,2021-01-02,5747.0
Yellow,新北產業園區,2021-01-02,5800.0
Yellow,大坪林,2021-01-03,8782.5
Yellow,頭前庄,2021-01-03,2796.0
Yellow,十四張,2021-01-03,1325.0
Yellow,秀朗橋,2021-01-03,3909.0
Yellow,景平,2021-01-03,5208.0
Yellow,中和,2021-01-03,7441.0
Yellow,橋和,2021-01-03,1724.0
Yellow,中原,2021-01-03,2028.0
Yellow,板新,2021-01-03,2991.0
Yellow,新埔民生,2021-01-03,3310.0
Yellow,幸福,2021-01-03,5357.0
Yellow,新北產業園區,2021-01-03,5159.0
Yellow,大坪林,2021-01-04,17336.5
Yellow,頭前庄,2021-01-04,3687.5
Yellow,十四張,2021-01-04,2605.0
Yellow,秀朗橋,2021-01-04,5119.0
Yellow,景平,2021-01-04,7621.0
Yellow,中和,2021-01-04,9283.0
Yellow,橋和,2021-01-04,4388.0
Yellow,中原,2021-01-04,6650.0
Yellow,板新,2021-01-04,5831.0
Yellow,新埔民生,2021-01-04,4564.0
Yellow,幸福,2021-01-04,7099.0
Yellow,新北產業園區,2021-01-04,8247.0
Yellow,大坪林,2021-01-05,17730.0
Yellow,頭前庄,2021-01-05,3787.0
Yellow,十四張,2021-01-05,2732.0
Yellow,秀朗橋,2021-01-05,4988.0
Yellow,景平,2021-01-05,7619.0
Yellow,中和,2021-01-05,9271.0
Yellow,橋和,2021-01-05,4478.0
Yellow,中原,2021-01-05,6776.0
Yellow,板新,2021-01-05,5893.0
Yellow,新埔民生,2021-01-05,4603.0
Yellow,幸福,2021-01-05,7245.0
Yellow,新北產業園區,2021-01-05,8290.0
Yellow,大坪林,2021-01-06,17793.0
Yellow,頭前庄,2021-01-06,3998.0
Yellow,十四張,2021-01-06,2801.0
Yellow,秀朗橋,2021-01-06,5129.0
Yellow,景平,2021-01-06,7695.0
Yellow,中和,2021-01-06,9496.0
Yellow,橋和,2021-01-06,4502.0
Yellow,中原,2021-01-06,6849.0
Yellow,板新,2021-01-06,5893.0
Yellow,新埔民生,2021-01-06,4691.0
Yellow,幸福,2021-01-06,7290.0
Yellow,新北產業園區,2021-01-06,8436.0
Yellow,大坪林,2021-01-07,17829.0
Yellow,頭前庄,2021-01-07,3861.5
Yellow,十四張,2021-01-07,2728.0
Yellow,秀朗橋,2021-01-07,5255.0
Yellow,景平,2021-01-07,7844.0
Yellow,中和,2021-01-07,9644.0
Yellow,橋和,2021-01-07,4479.0
Yellow,中原,2021-01-07,7020.0
Yellow,板新,2021-01-07,6176.0
Yellow,新埔民生,2021-01-07,4769.0
Yellow,幸福,2021-01-07,7618.0
Yellow,新北產業園區,2021-01-07,8707.0
Yellow,大坪林,2021-01-08,18659.0
Yellow,頭前庄,2021-01-08,4162.5
Yellow,十四張,2021-01-08,2756.0
Yellow,秀朗橋,2021-01-08,5554.0
Yellow,景平,2021-01-08,8123.0
Yellow,中和,2021-01-08,10407.0
Yellow,橋和,2021-01-08,5041.0
Yellow,中原,2021-01-08,7482.0
Yellow,板新,2021-01-08,6357.0
Yellow,新埔民生,2021-01-08,5057.0
Yellow,幸福,2021-01-08,8110.0
Yellow,新北產業園區,2021-01-08,9593.0
Yellow,大坪林,2021-01-09,11294.5
Yellow,頭前庄,2021-01-09,3226.0
Yellow,十四張,2021-01-09,1546.0
Yellow,秀朗橋,2021-01-09,4681.0
Yellow,景平,2021-01-09,5772.0
Yellow,中和,2021-01-09,8782.0
Yellow,橋和,2021-01-09,2673.0
Yellow,中原,2021-01-09,2622.0
Yellow,板新,2021-01-09,4121.0
Yellow,新埔民生,2021-01-09,4200.0
Yellow,幸福,2021-01-09,6337.0
Yellow,新北產業園區,2021-01-09,6132.0
Yellow,大坪林,2021-01-10,9832.0
Yellow,頭前庄,2021-01-10,2866.0
Yellow,十四張,2021-01-10,1272.0
Yellow,秀朗橋,2021-01-10,3903.0
Yellow,景平,2021-01-10,5087.0
Yellow,中和,2021-01-10,7999.0
Yellow,橋和,2021-01-10,2457.0
Yellow,中原,2021-01-10,2228.0
Yellow,板新,2021-01-10,3202.0
Yellow,新埔民生,2021-01-10,3461.0
Yellow,幸福,2021-01-10,5404.0
Yellow,新北產業園區,2021-01-10,6076.0
Yellow,大坪林,2021-01-11,17354.5
Yellow,頭前庄,2021-01-11,3864.0
Yellow,十四張,2021-01-11,2664.0
Yellow,秀朗橋,2021-01-11,5334.0
Yellow,景平,2021-01-11,7995.0
Yellow,中和,2021-01-11,9899.0
Yellow,橋和,2021-01-11,4695.0
Yellow,中原,2021-01-11,7074.0
Yellow,板新,2021-01-11,6207.0
Yellow,新埔民生,2021-01-11,4661.0
Yellow,幸福,2021-01-11,7572.0
Yellow,新北產業園區,2021-01-11,8684.0
Yellow,大坪林,2021-01-12,17432.5
Yellow,頭前庄,2021-01-12,3855.0
Yellow,十四張,2021-01-12,2702.0
Yellow,秀朗橋,2021-01-12,5033.0
Yellow,景平,2021-01-12,7608.0
Yellow,中和,2021-01-12,9735.0
Yellow,橋和,2021-01-12,4698.0
Yellow,中原,2021-01-12,6853.0
Yellow,板新,2021-01-12,5925.0
Yellow,新埔民生,2021-01-12,4679.0
Yellow,幸福,2021-01-12,7265.0
Yellow,新北產業園區,2021-01-12,8595.0
Yellow,大坪林,2021-01-13,17449.0
Yellow,頭前庄,2021-01-13,4031.0
Yellow,十四張,2021-01-13,2876.0
Yellow,秀朗橋,2021-01-13,5186.0
Yellow,景平,2021-01-13,7521.0
Yellow,中和,2021-01-13,9397.0
Yellow,橋和,2021-01-13,4648.0
Yellow,中原,2021-01-13,6678.0
Yellow,板新,2021-01-13,5940.0
Yellow,新埔民生,2021-01-13,4763.0
Yellow,幸福,2021-01-13,7271.0
Yellow,新北產業園區,2021-01-13,8560.0
Yellow,大坪林,2021-01-14,17660.5
Yellow,頭前庄,2021-01-14,4226.5
Yellow,十四張,2021-01-14,2804.0
Yellow,秀朗橋,2021-01-14,5179.0
Yellow,景平,2021-01-14,7645.0
Yellow,中和,2021-01-14,9496.0
Yellow,橋和,2021-01-14,4586.0
Yellow,中原,2021-01-14,6716.0
Yellow,板新,2021-01-14,5862.0
Yellow,新埔民生,2021-01-14,4876.0
Yellow,幸福,2021-01-14,7410.0
Yellow,新北產業園區,2021-01-14,8899.0
Yellow,大坪林,2021-01-15,18924.0
Yellow,頭前庄,2021-01-15,4232.0
Yellow,十四張,2021-01-15,2974.0
Yellow,秀朗橋,2021-01-15,5386.0
Yellow,景平,2021-01-15,7874.0
Yellow,中和,2021-01-15,10206.0
Yellow,橋和,2021-01-15,5314.0
Yellow,中原,2021-01-15,6893.0
Yellow,板新,2021-01-15,5947.0
Yellow,新埔民生,2021-01-15,5273.0
Yellow,幸福,2021-01-15,8120.0
Yellow,新北產業園區,2021-01-15,9276.0
Yellow,大坪林,2021-01-16,11420.5
Yellow,頭前庄,2021-01-16,3387.0
Yellow,十四張,2021-01-16,1600.0
Yellow,秀朗橋,2021-01-16,4570.0
Yellow,景平,2021-01-16,5948.0
Yellow,中和,2021-01-16,9268.0
Yellow,橋和,2021-01-16,3148.0
Yellow,中原,2021-01-16,2545.0
Yellow,板新,2021-01-16,3958.0
Yellow,新埔民生,2021-01-16,4347.0
Yellow,幸福,2021-01-16,6691.0
Yellow,新北產業園區,2021-01-16,5871.0
Yellow,大坪林,2021-01-17,9134.0
Yellow,頭前庄,2021-01-17,2959.0
Yellow,十四張,2021-01-17,1233.0
Yellow,秀朗橋,2021-01-17,3901.0
Yellow,景平,2021-01-17,5022.0
Yellow,中和,2021-01-17,8003.0
Yellow,橋和,2021-01-17,2245.0
Yellow,中原,2021-01-17,2018.0
Yellow,板新,2021-01-17,3262.0
Yellow,新埔民生,2021-01-17,3329.0
Yellow,幸福,2021-01-17,5402.0
Yellow,新北產業園區,2021-01-17,4654.0
Yellow,大坪林,2021-01-18,16992.0
Yellow,頭前庄,2021-01-18,3764.0
Yellow,十四張,2021-01-18,2721.0
Yellow,秀朗橋,2021-01-18,4846.0
Yellow,景平,2021-01-18,7255.0
Yellow,中和,2021-01-18,9153.0
Yellow,橋和,2021-01-18,4785.0
Yellow,中原,2021-01-18,6380.0
Yellow,板新,2021-01-18,5418.0
Yellow,新埔民生,2021-01-18,4274.0
Yellow,幸福,2021-01-18,7025.0
Yellow,新北產業園區,2021-01-18,8232.0
Yellow,大坪林,2021-01-19,16976.5
Yellow,頭前庄,2021-01-19,3905.5
Yellow,十四張,2021-01-19,2874.0
Yellow,秀朗橋,2021-01-19,4815.0
Yellow,景平,2021-01-19,7482.0
Yellow,中和,2021-01-19,9125.0
Yellow,橋和,2021-01-19,4624.0
Yellow,中原,2021-01-19,6497.0
Yellow,板新,2021-01-19,5488.0
Yellow,新埔民生,2021-01-19,4410.0
Yellow,幸福,2021-01-19,7102.0
Yellow,新北產業園區,2021-01-19,8491.0
Yellow,大坪林,2021-01-20,17448.0
Yellow,頭前庄,2021-01-20,4256.0
Yellow,十四張,2021-01-20,2900.0
Yellow,秀朗橋,2021-01-20,5056.0
Yellow,景平,2021-01-20,7579.0
Yellow,中和,2021-01-20,9448.0
Yellow,橋和,2021-01-20,4830.0
Yellow,中原,2021-01-20,6518.0
Yellow,板新,2021-01-20,5741.0
Yellow,新埔民生,2021-01-20,4508.0
Yellow,幸福,2021-01-20,7573.0
Yellow,新北產業園區,2021-01-20,8260.0
Yellow,大坪林,2021-01-21,16678.0
Yellow,頭前庄,2021-01-21,3947.0
Yellow,十四張,2021-01-21,2528.0
Yellow,秀朗橋,2021-01-21,4773.0
Yellow,景平,2021-01-21,7192.0
Yellow,中和,2021-01-21,9249.0
Yellow,橋和,2021-01-21,4658.0
Yellow,中原,2021-01-21,6539.0
Yellow,板新,2021-01-21,5296.0
Yellow,新埔民生,2021-01-21,4536.0
Yellow,幸福,2021-01-21,7155.0
Yellow,新北產業園區,2021-01-21,8143.0
Yellow,大坪林,2021-01-22,16854.0
Yellow,頭前庄,2021-01-22,4003.5
Yellow,十四張,2021-01-22,2552.0
Yellow,秀朗橋,2021-01-22,4966.0
Yellow,景平,2021-01-22,7447.0
Yellow,中和,2021-01-22,9616.0
Yellow,橋和,2021-01-22,4913.0
Yellow,中原,2021-01-22,6738.0
Yellow,板新,2021-01-22,5470.0
Yellow,新埔民生,2021-01-22,4795.0
Yellow,幸福,2021-01-22,7563.0
Yellow,新北產業園區,2021-01-22,8570.0
Yellow,大坪林,2021-01-23,10455.0
Yellow,頭前庄,2021-01-23,3118.5
Yellow,十四張,2021-01-23,1516.0
Yellow,秀朗橋,2021-01-23,4191.0
Yellow,景平,2021-01-23,5327.0
Yellow,中和,2021-01-23,7966.0
Yellow,橋和,2021-01-23,2856.0
Yellow,中原,2021-01-23,2437.0
Yellow,板新,2021-01-23,3680.0
Yellow,新埔民生,2021-01-23,3961.0
Yellow,幸福,2021-01-23,6149.0
Yellow,新北產業園區,2021-01-23,5094.0
Yellow,大坪林,2021-01-24,9196.5
Yellow,頭前庄,2021-01-24,2972.0
Yellow,十四張,2021-01-24,1367.0
Yellow,秀朗橋,2021-01-24,4066.0
Yellow,景平,2021-01-24,4898.0
Yellow,中和,2021-01-24,7415.0
Yellow,橋和,2021-01-24,2263.0
Yellow,中原,2021-01-24,2188.0
Yellow,板新,2021-01-24,3219.0
Yellow,新埔民生,2021-01-24,3370.0
Yellow,幸福,2021-01-24,5361.0
Yellow,新北產業園區,2021-01-24,4656.0
Yellow,大坪林,2021-01-25,15947.5
Yellow,頭前庄,2021-01-25,3802.5
Yellow,十四張,2021-01-25,2539.0
Yellow,秀朗橋,2021-01-25,4688.0
Yellow,景平,2021-01-25,7001.0
Yellow,中和,2021-01-25,8655.0
Yellow,橋和,2021-01-25,4594.0
Yellow,中原,2021-01-25,6248.0
Yellow,板新,2021-01-25,5320.0
Yellow,新埔民生,2021-01-25,4289.0
Yellow,幸福,2021-01-25,6878.0
Yellow,新北產業園區,2021-01-25,7982.0
Yellow,大坪林,2021-01-26,16231.0
Yellow,頭前庄,2021-01-26,3818.5
Yellow,十四張,2021-01-26,2719.0
Yellow,秀朗橋,2021-01-26,4658.0
Yellow,景平,2021-01-26,7109.0
Yellow,中和,2021-01-26,8643.0
Yellow,橋和,2021-01-26,4595.0
Yellow,中原,2021-01-26,6475.0
Yellow,板新,2021-01-26,5313.0
Yellow,新埔民生,2021-01-26,4348.0
Yellow,幸福,2021-01-26,6793.0
Yellow,新北產業園區,2021-01-26,7998.0
Yellow,大坪林,2021-01-27,16318.5
Yellow,頭前庄,2021-01-27,3786.5
Yellow,十四張,2021-01-27,2857.0
Yellow,秀朗橋,2021-01-27,4679.0
Yellow,景平,2021-01-27,6933.0
Yellow,中和,2021-01-27,8946.0
Yellow,橋和,2021-01-27,4616.0
Yellow,中原,2021-01-27,6477.0
Yellow,板新,2021-01-27,5305.0
Yellow,新埔民生,2021-01-27,4431.0
Yellow,幸福,2021-01-27,6768.0
Yellow,新北產業園區,2021-01-27,7886.0
Yellow,大坪林,2021-01-28,15920.5
Yellow,頭前庄,2021-01-28,3789.5
Yellow,十四張,2021-01-28,2508.0
Yellow,秀朗橋,2021-01-28,4620.0
Yellow,景平,2021-01-28,7228.0
Yellow,中和,2021-01-28,8916.0
Yellow,橋和,2021-01-28,4373.0
Yellow,中原,2021-01-28,6478.0
Yellow,板新,2021-01-28,5304.0
Yellow,新埔民生,2021-01-28,4142.0
Yellow,幸福,2021-01-28,6736.0
Yellow,新北產業園區,2021-01-28,7926.0
Yellow,大坪林,2021-01-29,16512.5
Yellow,頭前庄,2021-01-29,3980.0
Yellow,十四張,2021-01-29,2342.0
Yellow,秀朗橋,2021-01-29,5026.0
Yellow,景平,2021-01-29,7288.0
Yellow,中和,2021-01-29,9675.0
Yellow,橋和,2021-01-29,5112.0
Yellow,中原,2021-01-29,6689.0
Yellow,板新,2021-01-29,5477.0
Yellow,新埔民生,2021-01-29,4708.0
Yellow,幸福,2021-01-29,7467.0
Yellow,新北產業園區,2021-01-29,8349.0
Yellow,大坪林,2021-01-30,10924.5
Yellow,頭前庄,2021-01-30,3284.0
Yellow,十四張,2021-01-30,1427.0
Yellow,秀朗橋,2021-01-30,4282.0
Yellow,景平,2021-01-30,5540.0
Yellow,中和,2021-01-30,8147.0
Yellow,橋和,2021-01-30,2683.0
Yellow,中原,2021-01-30,2322.0
Yellow,板新,2021-01-30,4243.0
Yellow,新埔民生,2021-01-30,4064.0
Yellow,幸福,2021-01-30,6125.0
Yellow,新北產業園區,2021-01-30,4943.0
Yellow,大坪林,2021-01-31,9054.5
Yellow,頭前庄,2021-01-31,2734.0
Yellow,十四張,2021-01-31,1276.0
Yellow,秀朗橋,2021-01-31,3747.0
Yellow,景平,2021-01-31,5055.0
Yellow,中和,2021-01-31,7491.0
Yellow,橋和,2021-01-31,2000.0
Yellow,中原,2021-01-31,2015.0
Yellow,板新,2021-01-31,3403.0
Yellow,新埔民生,2021-01-31,3167.0
Yellow,幸福,2021-01-31,5077.0
Yellow,新北產業園區,2021-01-31,4152.0
Yellow,大坪林,2021-02-01,15588.5
Yellow,頭前庄,2021-02-01,3666.5
Yellow,十四張,2021-02-01,2209.0
Yellow,秀朗橋,2021-02-01,4612.0
Yellow,景平,2021-02-01,7015.0
Yellow,中和,2021-02-01,8844.0
Yellow,橋和,2021-02-01,4403.0
Yellow,中原,2021-02-01,6284.0
Yellow,板新,2021-02-01,5141.0
Yellow,新埔民生,2021-02-01,4027.0
Yellow,幸福,2021-02-01,6561.0
Yellow,新北產業園區,2021-02-01,7764.0
Yellow,大坪林,2021-02-02,15971.5
Yellow,頭前庄,2021-02-02,3808.5
Yellow,十四張,2021-02-02,2253.0
Yellow,秀朗橋,2021-02-02,4721.0
Yellow,景平,2021-02-02,6925.0
Yellow,中和,2021-02-02,8704.0
Yellow,橋和,2021-02-02,4423.0
Yellow,中原,2021-02-02,6445.0
Yellow,板新,2021-02-02,5217.0
Yellow,新埔民生,2021-02-02,4321.0
Yellow,幸福,2021-02-02,7081.0
Yellow,新北產業園區,2021-02-02,7817.0
Yellow,大坪林,2021-02-03,16256.5
Yellow,頭前庄,2021-02-03,3864.5
Yellow,十四張,2021-02-03,2250.0
Yellow,秀朗橋,2021-02-03,4808.0
Yellow,景平,2021-02-03,7276.0
Yellow,中和,2021-02-03,8896.0
Yellow,橋和,2021-02-03,4432.0
Yellow,中原,2021-02-03,6383.0
Yellow,板新,2021-02-03,5461.0
Yellow,新埔民生,2021-02-03,4416.0
Yellow,幸福,2021-02-03,7063.0
Yellow,新北產業園區,2021-02-03,7829.0
Yellow,大坪林,2021-02-04,16160.0
Yellow,頭前庄,2021-02-04,3806.5
Yellow,十四張,2021-02-04,2205.0
Yellow,秀朗橋,2021-02-04,4802.0
Yellow,景平,2021-02-04,7423.0
Yellow,中和,2021-02-04,9198.0
Yellow,橋和,2021-02-04,4601.0
Yellow,中原,2021-02-04,6326.0
Yellow,板新,2021-02-04,5270.0
Yellow,新埔民生,2021-02-04,4372.0
Yellow,幸福,2021-02-04,6940.0
Yellow,新北產業園區,2021-02-04,7983.0
Yellow,大坪林,2021-02-05,17417.5
Yellow,頭前庄,2021-02-05,4317.5
Yellow,十四張,2021-02-05,2212.0
Yellow,秀朗橋,2021-02-05,5058.0
Yellow,景平,2021-02-05,7437.0
Yellow,中和,2021-02-05,9628.0
Yellow,橋和,2021-02-05,4875.0
Yellow,中原,2021-02-05,6696.0
Yellow,板新,2021-02-05,5547.0
Yellow,新埔民生,2021-02-05,4757.0
Yellow,幸福,2021-02-05,7935.0
Yellow,新北產業園區,2021-02-05,8234.0
Yellow,大坪林,2021-02-06,10485.0
Yellow,頭前庄,2021-02-06,3182.0
Yellow,十四張,2021-02-06,1349.0
Yellow,秀朗橋,2021-02-06,4349.0
Yellow,景平,2021-02-06,5355.0
Yellow,中和,2021-02-06,7916.0
Yellow,橋和,2021-02-06,2502.0
Yellow,中原,2021-02-06,2302.0
Yellow,板新,2021-02-06,3580.0
Yellow,新埔民生,2021-02-06,3818.0
Yellow,幸福,2021-02-06,6066.0
Yellow,新北產業園區,2021-02-06,4880.0
Yellow,大坪林,2021-02-07,8627.5
Yellow,頭前庄,2021-02-07,2551.0
Yellow,十四張,2021-02-07,1267.0
Yellow,秀朗橋,2021-02-07,3478.0
Yellow,景平,2021-02-07,4486.0
Yellow,中和,2021-02-07,7067.0
Yellow,橋和,2021-02-07,1975.0
Yellow,中原,2021-02-07,2033.0
Yellow,板新,2021-02-07,2846.0
Yellow,新埔民生,2021-02-07,3185.0
Yellow,幸福,2021-02-07,4862.0
Yellow,新北產業園區,2021-02-07,4250.0
Yellow,大坪林,2021-02-08,14948.0
Yellow,頭前庄,2021-02-08,3781.0
Yellow,十四張,2021-02-08,1952.0
Yellow,秀朗橋,2021-02-08,4590.0
Yellow,景平,2021-02-08,6987.0
Yellow,中和,2021-02-08,9003.0
Yellow,橋和,2021-02-08,4624.0
Yellow,中原,2021-02-08,5991.0
Yellow,板新,2021-02-08,4908.0
Yellow,新埔民生,2021-02-08,4102.0
Yellow,幸福,2021-02-08,6852.0
Yellow,新北產業園區,2021-02-08,7552.0
Yellow,大坪林,2021-02-09,14296.5
Yellow,頭前庄,2021-02-09,3528.5
Yellow,十四張,2021-02-09,1996.0
Yellow,秀朗橋,2021-02-09,4642.0
Yellow,景平,2021-02-09,6953.0
Yellow,中和,2021-02-09,9167.0
Yellow,橋和,2021-02-09,4372.0
Yellow,中原,2021-02-09,5836.0
Yellow,板新,2021-02-09,4807.0
Yellow,新埔民生,2021-02-09,4297.0
Yellow,幸福,2021-02-09,6838.0
Yellow,新北產業園區,2021-02-09,7276.0
Yellow,大坪林,2021-02-10,7148.0
Yellow,頭前庄,2021-02-10,2012.0
Yellow,十四張,2021-02-10,946.0
Yellow,秀朗橋,2021-02-10,3076.0
Yellow,景平,2021-02-10,4177.0
Yellow,中和,2021-02-10,6271.0
Yellow,橋和,2021-02-10,1778.0
Yellow,中原,2021-02-10,1559.0
Yellow,板新,2021-02-10,2496.0
Yellow,新埔民生,2021-02-10,2576.0
Yellow,幸福,2021-02-10,4205.0
Yellow,新北產業園區,2021-02-10,3406.0
Yellow,大坪林,2021-02-11,5386.5
Yellow,頭前庄,2021-02-11,1302.5
Yellow,十四張,2021-02-11,769.0
Yellow,秀朗橋,2021-02-11,2695.0
Yellow,景平,2021-02-11,3812.0
Yellow,中和,2021-02-11,5141.0
Yellow,橋和,2021-02-11,1188.0
Yellow,中原,2021-02-11,1093.0
Yellow,板新,2021-02-11,1814.0
Yellow,新埔民生,2021-02-11,1801.0
Yellow,幸福,2021-02-11,3100.0
Yellow,新北產業園區,2021-02-11,2895.0
Yellow,大坪林,2021-02-12,6097.0
Yellow,頭前庄,2021-02-12,2146.0
Yellow,十四張,2021-02-12,1046.0
Yellow,秀朗橋,2021-02-12,3458.0
Yellow,景平,2021-02-12,4099.0
Yellow,中和,2021-02-12,5890.0
Yellow,橋和,2021-02-12,815.0
Yellow,中原,2021-02-12,1420.0
Yellow,板新,2021-02-12,2065.0
Yellow,新埔民生,2021-02-12,2043.0
Yellow,幸福,2021-02-12,4176.0
Yellow,新北產業園區,2021-02-12,4112.0
Yellow,大坪林,2021-02-13,6765.5
Yellow,頭前庄,2021-02-13,2040.0
Yellow,十四張,2021-02-13,1020.0
Yellow,秀朗橋,2021-02-13,3566.0
Yellow,景平,2021-02-13,4601.0
Yellow,中和,2021-02-13,6590.0
Yellow,橋和,2021-02-13,1345.0
Yellow,中原,2021-02-13,1479.0
Yellow,板新,2021-02-13,2446.0
Yellow,新埔民生,2021-02-13,2348.0
Yellow,幸福,2021-02-13,4717.0
Yellow,新北產業園區,2021-02-13,4330.0
Yellow,大坪林,2021-02-14,7778.5
Yellow,頭前庄,2021-02-14,2619.5
Yellow,十四張,2021-02-14,1386.0
Yellow,秀朗橋,2021-02-14,3956.0
Yellow,景平,2021-02-14,4944.0
Yellow,中和,2021-02-14,7052.0
Yellow,橋和,2021-02-14,1697.0
Yellow,中原,2021-02-14,2015.0
Yellow,板新,2021-02-14,2715.0
Yellow,新埔民生,2021-02-14,2723.0
Yellow,幸福,2021-02-14,5390.0
Yellow,新北產業園區,2021-02-14,4997.0
Yellow,大坪林,2021-02-15,8913.5
Yellow,頭前庄,2021-02-15,2973.0
Yellow,十四張,2021-02-15,1656.0
Yellow,秀朗橋,2021-02-15,4394.0
Yellow,景平,2021-02-15,5301.0
Yellow,中和,2021-02-15,7631.0
Yellow,橋和,2021-02-15,1774.0
Yellow,中原,2021-02-15,2376.0
Yellow,板新,2021-02-15,3087.0
Yellow,新埔民生,2021-02-15,3414.0
Yellow,幸福,2021-02-15,5918.0
Yellow,新北產業園區,2021-02-15,5505.0
Yellow,大坪林,2021-02-16,8886.5
Yellow,頭前庄,2021-02-16,2690.5
Yellow,十四張,2021-02-16,1513.0
Yellow,秀朗橋,2021-02-16,4161.0
Yellow,景平,2021-02-16,5081.0
Yellow,中和,2021-02-16,7257.0
Yellow,橋和,2021-02-16,1595.0
Yellow,中原,2021-02-16,2063.0
Yellow,板新,2021-02-16,2983.0
Yellow,新埔民生,2021-02-16,2953.0
Yellow,幸福,2021-02-16,5211.0
Yellow,新北產業園區,2021-02-16,4782.0
Yellow,大坪林,2021-02-17,14510.5
Yellow,頭前庄,2021-02-17,3518.5
Yellow,十四張,2021-02-17,1909.0
Yellow,秀朗橋,2021-02-17,4792.0
Yellow,景平,2021-02-17,6928.0
Yellow,中和,2021-02-17,8705.0
Yellow,橋和,2021-02-17,4290.0
Yellow,中原,2021-02-17,6183.0
Yellow,板新,2021-02-17,5009.0
Yellow,新埔民生,2021-02-17,3996.0
Yellow,幸福,2021-02-17,6717.0
Yellow,新北產業園區,2021-02-17,7744.0
Yellow,大坪林,2021-02-18,15530.5
Yellow,頭前庄,2021-02-18,3905.5
Yellow,十四張,2021-02-18,2048.0
Yellow,秀朗橋,2021-02-18,4888.0
Yellow,景平,2021-02-18,7110.0
Yellow,中和,2021-02-18,8872.0
Yellow,橋和,2021-02-18,4362.0
Yellow,中原,2021-02-18,6380.0
Yellow,板新,2021-02-18,5371.0
Yellow,新埔民生,2021-02-18,4196.0
Yellow,幸福,2021-02-18,7037.0
Yellow,新北產業園區,2021-02-18,7877.0
Yellow,大坪林,2021-02-19,16323.5
Yellow,頭前庄,2021-02-19,3959.5
Yellow,十四張,2021-02-19,2068.0
Yellow,秀朗橋,2021-02-19,4937.0
Yellow,景平,2021-02-19,7119.0
Yellow,中和,2021-02-19,9214.0
Yellow,橋和,2021-02-19,4377.0
Yellow,中原,2021-02-19,6521.0
Yellow,板新,2021-02-19,5181.0
Yellow,新埔民生,2021-02-19,4501.0
Yellow,幸福,2021-02-19,7106.0
Yellow,新北產業園區,2021-02-19,8281.0
Yellow,大坪林,2021-02-20,13478.0
Yellow,頭前庄,2021-02-20,3783.0
Yellow,十四張,2021-02-20,2002.0
Yellow,秀朗橋,2021-02-20,4922.0
Yellow,景平,2021-02-20,6991.0
Yellow,中和,2021-02-20,9327.0
Yellow,橋和,2021-02-20,3353.0
Yellow,中原,2021-02-20,4709.0
Yellow,板新,2021-02-20,4678.0
Yellow,新埔民生,2021-02-20,4380.0
Yellow,幸福,2021-02-20,7244.0
Yellow,新北產業園區,2021-02-20,7490.0
Yellow,大坪林,2021-02-21,9755.0
Yellow,頭前庄,2021-02-21,2922.5
Yellow,十四張,2021-02-21,1336.0
Yellow,秀朗橋,2021-02-21,4033.0
Yellow,景平,2021-02-21,5179.0
Yellow,中和,2021-02-21,7401.0
Yellow,橋和,2021-02-21,1910.0
Yellow,中原,2021-02-21,2014.0
Yellow,板新,2021-02-21,3319.0
Yellow,新埔民生,2021-02-21,3302.0
Yellow,幸福,2021-02-21,5465.0
Yellow,新北產業園區,2021-02-21,4584.0
Yellow,大坪林,2021-02-22,17454.0
Yellow,頭前庄,2021-02-22,3905.0
Yellow,十四張,2021-02-22,2780.0
Yellow,秀朗橋,2021-02-22,4710.0
Yellow,景平,2021-02-22,7236.0
Yellow,中和,2021-02-22,9155.0
Yellow,橋和,2021-02-22,4353.0
Yellow,中原,2021-02-22,6424.0
Yellow,板新,2021-02-22,5752.0
Yellow,新埔民生,2021-02-22,4577.0
Yellow,幸福,2021-02-22,7257.0
Yellow,新北產業園區,2021-02-22,8241.0
Yellow,大坪林,2021-02-23,17523.0
Yellow,頭前庄,2021-02-23,3912.5
Yellow,十四張,2021-02-23,2934.0
Yellow,秀朗橋,2021-02-23,4792.0
Yellow,景平,2021-02-23,7310.0
Yellow,中和,2021-02-23,9114.0
Yellow,橋和,2021-02-23,4370.0
Yellow,中原,2021-02-23,6509.0
Yellow,板新,2021-02-23,5736.0
Yellow,新埔民生,2021-02-23,4514.0
Yellow,幸福,2021-02-23,7270.0
Yellow,新北產業園區,2021-02-23,8230.0
Yellow,大坪林,2021-02-24,17526.5
Yellow,頭前庄,2021-02-24,3907.0
Yellow,十四張,2021-02-24,2822.0
Yellow,秀朗橋,2021-02-24,4884.0
Yellow,景平,2021-02-24,7254.0
Yellow,中和,2021-02-24,9092.0
Yellow,橋和,2021-02-24,4439.0
Yellow,中原,2021-02-24,6546.0
Yellow,板新,2021-02-24,5862.0
Yellow,新埔民生,2021-02-24,4632.0
Yellow,幸福,2021-02-24,7413.0
Yellow,新北產業園區,2021-02-24,8517.0
Yellow,大坪林,2021-02-25,17426.0
Yellow,頭前庄,2021-02-25,3901.5
Yellow,十四張,2021-02-25,2836.0
Yellow,秀朗橋,2021-02-25,4829.0
Yellow,景平,2021-02-25,7532.0
Yellow,中和,2021-02-25,9131.0
Yellow,橋和,2021-02-25,4401.0
Yellow,中原,2021-02-25,6599.0
Yellow,板新,2021-02-25,5702.0
Yellow,新埔民生,2021-02-25,4577.0
Yellow,幸福,2021-02-25,7516.0
Yellow,新北產業園區,2021-02-25,8225.0
Yellow,大坪林,2021-02-26,17958.0
Yellow,頭前庄,2021-02-26,4119.0
Yellow,十四張,2021-02-26,2882.0
Yellow,秀朗橋,2021-02-26,5208.0
Yellow,景平,2021-02-26,7783.0
Yellow,中和,2021-02-26,10089.0
Yellow,橋和,2021-02-26,4551.0
Yellow,中原,2021-02-26,6834.0
Yellow,板新,2021-02-26,5754.0
Yellow,新埔民生,2021-02-26,4961.0
Yellow,幸福,2021-02-26,8137.0
Yellow,新北產業園區,2021-02-26,8890.0
Yellow,大坪林,2021-02-27,11052.5
Yellow,頭前庄,2021-02-27,3638.0
Yellow,十四張,2021-02-27,1597.0
Yellow,秀朗橋,2021-02-27,4744.0
Yellow,景平,2021-02-27,6049.0
Yellow,中和,2021-02-27,9020.0
Yellow,橋和,2021-02-27,2279.0
Yellow,中原,2021-02-27,2511.0
Yellow,板新,2021-02-27,3756.0
Yellow,新埔民生,2021-02-27,3993.0
Yellow,幸福,2021-02-27,6521.0
Yellow,新北產業園區,2021-02-27,5712.0
Yellow,大坪林,2021-02-28,10194.5
Yellow,頭前庄,2021-02-28,3486.0
Yellow,十四張,2021-02-28,1509.0
Yellow,秀朗橋,2021-02-28,4456.0
Yellow,景平,2021-02-28,5717.0
Yellow,中和,2021-02-28,8629.0
Yellow,橋和,2021-02-28,2047.0
Yellow,中原,2021-02-28,2475.0
Yellow,板新,2021-02-28,3308.0
Yellow,新埔民生,2021-02-28,3670.0
Yellow,幸福,2021-02-28,6323.0
Yellow,新北產業園區,2021-02-28,5558.0
Yellow,大坪林,2021-03-01,9880.0
Yellow,頭前庄,2021-03-01,3067.5
Yellow,十四張,2021-03-01,1479.0
Yellow,秀朗橋,2021-03-01,4462.0
Yellow,景平,2021-03-01,5216.0
Yellow,中和,2021-03-01,7635.0
Yellow,橋和,2021-03-01,2146.0
Yellow,中原,2021-03-01,2246.0
Yellow,板新,2021-03-01,3267.0
Yellow,新埔民生,2021-03-01,3481.0
Yellow,幸福,2021-03-01,6092.0
Yellow,新北產業園區,2021-03-01,5180.0
Yellow,大坪林,2021-03-02,17489.5
Yellow,頭前庄,2021-03-02,3911.5
Yellow,十四張,2021-03-02,3129.0
Yellow,秀朗橋,2021-03-02,5006.0
Yellow,景平,2021-03-02,7765.0
Yellow,中和,2021-03-02,9650.0
Yellow,橋和,2021-03-02,4491.0
Yellow,中原,2021-03-02,6896.0
Yellow,板新,2021-03-02,6061.0
Yellow,新埔民生,2021-03-02,4541.0
Yellow,幸福,2021-03-02,7509.0
Yellow,新北產業園區,2021-03-02,8487.0
Yellow,大坪林,2021-03-03,17824.5
Yellow,頭前庄,2021-03-03,3972.5
Yellow,十四張,2021-03-03,2895.0
Yellow,秀朗橋,2021-03-03,4931.0
Yellow,景平,2021-03-03,7434.0
Yellow,中和,2021-03-03,9274.0
Yellow,橋和,2021-03-03,4547.0
Yellow,中原,2021-03-03,6873.0
Yellow,板新,2021-03-03,5801.0
Yellow,新埔民生,2021-03-03,4644.0
Yellow,幸福,2021-03-03,7506.0
Yellow,新北產業園區,2021-03-03,8429.0
Yellow,大坪林,2021-03-04,17539.0
Yellow,頭前庄,2021-03-04,3933.0
Yellow,十四張,2021-03-04,2888.0
Yellow,秀朗橋,2021-03-04,4836.0
Yellow,景平,2021-03-04,7484.0
Yellow,中和,2021-03-04,9497.0
Yellow,橋和,2021-03-04,4573.0
Yellow,中原,2021-03-04,6873.0
Yellow,板新,2021-03-04,5883.0
Yellow,新埔民生,2021-03-04,4612.0
Yellow,幸福,2021-03-04,7476.0
Yellow,新北產業園區,2021-03-04,8407.0
Yellow,大坪林,2021-03-05,18735.0
Yellow,頭前庄,2021-03-05,4278.0
Yellow,十四張,2021-03-05,3038.0
Yellow,秀朗橋,2021-03-05,5241.0
Yellow,景平,2021-03-05,7588.0
Yellow,中和,2021-03-05,9996.0
Yellow,橋和,2021-03-05,4745.0
Yellow,中原,2021-03-05,7123.0
Yellow,板新,2021-03-05,5990.0
Yellow,新埔民生,2021-03-05,5009.0
Yellow,幸福,2021-03-05,8128.0
Yellow,新北產業園區,2021-03-05,9216.0
Yellow,大坪林,2021-03-06,11177.5
Yellow,頭前庄,2021-03-06,3216.0
Yellow,十四張,2021-03-06,1555.0
Yellow,秀朗橋,2021-03-06,4547.0
Yellow,景平,2021-03-06,6097.0
Yellow,中和,2021-03-06,9255.0
Yellow,橋和,2021-03-06,2193.0
Yellow,中原,2021-03-06,2598.0
Yellow,板新,2021-03-06,4075.0
Yellow,新埔民生,2021-03-06,3834.0
Yellow,幸福,2021-03-06,6289.0
Yellow,新北產業園區,2021-03-06,5182.0
Yellow,大坪林,2021-03-07,9393.0
Yellow,頭前庄,2021-03-07,3088.5
Yellow,十四張,2021-03-07,1320.0
Yellow,秀朗橋,2021-03-07,4058.0
Yellow,景平,2021-03-07,5281.0
Yellow,中和,2021-03-07,7855.0
Yellow,橋和,2021-03-07,2137.0
Yellow,中原,2021-03-07,2354.0
Yellow,板新,2021-03-07,3203.0
Yellow,新埔民生,2021-03-07,3316.0
Yellow,幸福,2021-03-07,5563.0
Yellow,新北產業園區,2021-03-07,4833.0
Yellow,大坪林,2021-03-08,17321.5
Yellow,頭前庄,2021-03-08,3891.0
Yellow,十四張,2021-03-08,2957.0
Yellow,秀朗橋,2021-03-08,4855.0
Yellow,景平,2021-03-08,7432.0
Yellow,中和,2021-03-08,9485.0
Yellow,橋和,2021-03-08,4472.0
Yellow,中原,2021-03-08,6707.0
Yellow,板新,2021-03-08,5741.0
Yellow,新埔民生,2021-03-08,4490.0
Yellow,幸福,2021-03-08,7379.0
Yellow,新北產業園區,2021-03-08,8424.0
Yellow,大坪林,2021-03-09,17311.0
Yellow,頭前庄,2021-03-09,3940.5
Yellow,十四張,2021-03-09,3012.0
Yellow,秀朗橋,2021-03-09,4868.0
Yellow,景平,2021-03-09,7335.0
Yellow,中和,2021-03-09,9234.0
Yellow,橋和,2021-03-09,4560.0
Yellow,中原,2021-03-09,6852.0
Yellow,板新,2021-03-09,5862.0
Yellow,新埔民生,2021-03-09,4524.0
Yellow,幸福,2021-03-09,7404.0
Yellow,新北產業園區,2021-03-09,8509.0
Yellow,大坪林,2021-03-10,17701.5
Yellow,頭前庄,2021-03-10,3978.0
Yellow,十四張,2021-03-10,2907.0
Yellow,秀朗橋,2021-03-10,4831.0
Yellow,景平,2021-03-10,7378.0
Yellow,中和,2021-03-10,9354.0
Yellow,橋和,2021-03-10,4607.0
Yellow,中原,2021-03-10,6964.0
Yellow,板新,2021-03-10,5863.0
Yellow,新埔民生,2021-03-10,4662.0
Yellow,幸福,2021-03-10,7634.0
Yellow,新北產業園區,2021-03-10,8481.0
Yellow,大坪林,2021-03-11,17465.5
Yellow,頭前庄,2021-03-11,3888.5
Yellow,十四張,2021-03-11,2925.0
Yellow,秀朗橋,2021-03-11,5008.0
Yellow,景平,2021-03-11,7418.0
Yellow,中和,2021-03-11,9464.0
Yellow,橋和,2021-03-11,4553.0
Yellow,中原,2021-03-11,6793.0
Yellow,板新,2021-03-11,5752.0
Yellow,新埔民生,2021-03-11,4645.0
Yellow,幸福,2021-03-11,7517.0
Yellow,新北產業園區,2021-03-11,8535.0
Yellow,大坪林,2021-03-12,18082.0
Yellow,頭前庄,2021-03-12,4241.0
Yellow,十四張,2021-03-12,3035.0
Yellow,秀朗橋,2021-03-12,5289.0
Yellow,景平,2021-03-12,7818.0
Yellow,中和,2021-03-12,10003.0
Yellow,橋和,2021-03-12,4717.0
Yellow,中原,2021-03-12,7250.0
Yellow,板新,2021-03-12,6077.0
Yellow,新埔民生,2021-03-12,4826.0
Yellow,幸福,2021-03-12,8286.0
Yellow,新北產業園區,2021-03-12,9060.0
Yellow,大坪林,2021-03-13,12031.5
Yellow,頭前庄,2021-03-13,3598.0
Yellow,十四張,2021-03-13,1632.0
Yellow,秀朗橋,2021-03-13,4816.0
Yellow,景平,2021-03-13,5997.0
Yellow,中和,2021-03-13,8875.0
Yellow,橋和,2021-03-13,2573.0
Yellow,中原,2021-03-13,2981.0
Yellow,板新,2021-03-13,4544.0
Yellow,新埔民生,2021-03-13,4305.0
Yellow,幸福,2021-03-13,6741.0
Yellow,新北產業園區,2021-03-13,5855.0
Yellow,大坪林,2021-03-14,9819.5
Yellow,頭前庄,2021-03-14,3148.5
Yellow,十四張,2021-03-14,1581.0
Yellow,秀朗橋,2021-03-14,4279.0
Yellow,景平,2021-03-14,5256.0
Yellow,中和,2021-03-14,8025.0
Yellow,橋和,2021-03-14,2210.0
Yellow,中原,2021-03-14,2817.0
Yellow,板新,2021-03-14,3679.0
Yellow,新埔民生,2021-03-14,3592.0
Yellow,幸福,2021-03-14,6048.0
Yellow,新北產業園區,2021-03-14,5321.0
Yellow,大坪林,2021-03-15,17112.0
Yellow,頭前庄,2021-03-15,3963.0
Yellow,十四張,2021-03-15,2980.0
Yellow,秀朗橋,2021-03-15,4801.0
Yellow,景平,2021-03-15,7333.0
Yellow,中和,2021-03-15,9317.0
Yellow,橋和,2021-03-15,4569.0
Yellow,中原,2021-03-15,6906.0
Yellow,板新,2021-03-15,5825.0
Yellow,新埔民生,2021-03-15,4641.0
Yellow,幸福,2021-03-15,7491.0
Yellow,新北產業園區,2021-03-15,8710.0
Yellow,大坪林,2021-03-16,17336.5
Yellow,頭前庄,2021-03-16,4002.0
Yellow,十四張,2021-03-16,3032.0
Yellow,秀朗橋,2021-03-16,4885.0
Yellow,景平,2021-03-16,7310.0
Yellow,中和,2021-03-16,9239.0
Yellow,橋和,2021-03-16,4653.0
Yellow,中原,2021-03-16,6754.0
Yellow,板新,2021-03-16,5973.0
Yellow,新埔民生,2021-03-16,4712.0
Yellow,幸福,2021-03-16,7272.0
Yellow,新北產業園區,2021-03-16,8582.0
Yellow,大坪林,2021-03-17,17440.5
Yellow,頭前庄,2021-03-17,4092.0
Yellow,十四張,2021-03-17,2921.0
Yellow,秀朗橋,2021-03-17,4828.0
Yellow,景平,2021-03-17,7253.0
Yellow,中和,2021-03-17,9396.0
Yellow,橋和,2021-03-17,4586.0
Yellow,中原,2021-03-17,6890.0
Yellow,板新,2021-03-17,5877.0
Yellow,新埔民生,2021-03-17,4594.0
Yellow,幸福,2021-03-17,7579.0
Yellow,新北產業園區,2021-03-17,8682.0
Yellow,大坪林,2021-03-18,17390.5
Yellow,頭前庄,2021-03-18,4055.5
Yellow,十四張,2021-03-18,3107.0
Yellow,秀朗橋,2021-03-18,4966.0
Yellow,景平,2021-03-18,7295.0
Yellow,中和,2021-03-18,9588.0
Yellow,橋和,2021-03-18,4605.0
Yellow,中原,2021-03-18,6992.0
Yellow,板新,2021-03-18,5955.0
Yellow,新埔民生,2021-03-18,4582.0
Yellow,幸福,2021-03-18,7640.0
Yellow,新北產業園區,2021-03-18,8962.0
Yellow,大坪林,2021-03-19,18589.5
Yellow,頭前庄,2021-03-19,4401.0
Yellow,十四張,2021-03-19,3038.0
Yellow,秀朗橋,2021-03-19,5178.0
Yellow,景平,2021-03-19,7846.0
Yellow,中和,2021-03-19,10564.0
Yellow,橋和,2021-03-19,4728.0
Yellow,中原,2021-03-19,7257.0
Yellow,板新,2021-03-19,6151.0
Yellow,新埔民生,2021-03-19,5455.0
Yellow,幸福,2021-03-19,8426.0
Yellow,新北產業園區,2021-03-19,9268.0
Yellow,大坪林,2021-03-20,12275.0
Yellow,頭前庄,2021-03-20,3486.5
Yellow,十四張,2021-03-20,1909.0
Yellow,秀朗橋,2021-03-20,4714.0
Yellow,景平,2021-03-20,5848.0
Yellow,中和,2021-03-20,9660.0
Yellow,橋和,2021-03-20,2492.0
Yellow,中原,2021-03-20,2888.0
Yellow,板新,2021-03-20,4363.0
Yellow,新埔民生,2021-03-20,4620.0
Yellow,幸福,2021-03-20,7203.0
Yellow,新北產業園區,2021-03-20,6038.0
Yellow,大坪林,2021-03-21,10120.0
Yellow,頭前庄,2021-03-21,2883.5
Yellow,十四張,2021-03-21,1527.0
Yellow,秀朗橋,2021-03-21,4063.0
Yellow,景平,2021-03-21,5149.0
Yellow,中和,2021-03-21,8113.0
Yellow,橋和,2021-03-21,2161.0
Yellow,中原,2021-03-21,2414.0
Yellow,板新,2021-03-21,3307.0
Yellow,新埔民生,2021-03-21,3836.0
Yellow,幸福,2021-03-21,5716.0
Yellow,新北產業園區,2021-03-21,4846.0
Yellow,大坪林,2021-03-22,17365.5
Yellow,頭前庄,2021-03-22,3946.5
Yellow,十四張,2021-03-22,2999.0
Yellow,秀朗橋,2021-03-22,5241.0
Yellow,景平,2021-03-22,7835.0
Yellow,中和,2021-03-22,10051.0
Yellow,橋和,2021-03-22,4660.0
Yellow,中原,2021-03-22,7040.0
Yellow,板新,2021-03-22,6365.0
Yellow,新埔民生,2021-03-22,4849.0
Yellow,幸福,2021-03-22,7646.0
Yellow,新北產業園區,2021-03-22,8888.0
Yellow,大坪林,2021-03-23,17419.0
Yellow,頭前庄,2021-03-23,4013.5
Yellow,十四張,2021-03-23,3085.0
Yellow,秀朗橋,2021-03-23,4960.0
Yellow,景平,2021-03-23,7559.0
Yellow,中和,2021-03-23,9746.0
Yellow,橋和,2021-03-23,4736.0
Yellow,中原,2021-03-23,7102.0
Yellow,板新,2021-03-23,6073.0
Yellow,新埔民生,2021-03-23,4942.0
Yellow,幸福,2021-03-23,7704.0
Yellow,新北產業園區,2021-03-23,8901.0
Yellow,大坪林,2021-03-24,17798.5
Yellow,頭前庄,2021-03-24,4143.5
Yellow,十四張,2021-03-24,2983.0
Yellow,秀朗橋,2021-03-24,5211.0
Yellow,景平,2021-03-24,7740.0
Yellow,中和,2021-03-24,10210.0
Yellow,橋和,2021-03-24,4880.0
Yellow,中原,2021-03-24,7246.0
Yellow,板新,2021-03-24,6294.0
Yellow,新埔民生,2021-03-24,4709.0
Yellow,幸福,2021-03-24,7959.0
Yellow,新北產業園區,2021-03-24,8874.0
Yellow,大坪林,2021-03-25,17684.5
Yellow,頭前庄,2021-03-25,4112.5
Yellow,十四張,2021-03-25,2992.0
Yellow,秀朗橋,2021-03-25,5066.0
Yellow,景平,2021-03-25,7587.0
Yellow,中和,2021-03-25,10045.0
Yellow,橋和,2021-03-25,4842.0
Yellow,中原,2021-03-25,7124.0
Yellow,板新,2021-03-25,6038.0
Yellow,新埔民生,2021-03-25,4737.0
Yellow,幸福,2021-03-25,7818.0
Yellow,新北產業園區,2021-03-25,9127.0
Yellow,大坪林,2021-03-26,18255.5
Yellow,頭前庄,2021-03-26,4313.5
Yellow,十四張,2021-03-26,3024.0
Yellow,秀朗橋,2021-03-26,5336.0
Yellow,景平,2021-03-26,7769.0
Yellow,中和,2021-03-26,10287.0
Yellow,橋和,2021-03-26,4892.0
Yellow,中原,2021-03-26,7209.0
Yellow,板新,2021-03-26,6251.0
Yellow,新埔民生,2021-03-26,5131.0
Yellow,幸福,2021-03-26,8310.0
Yellow,新北產業園區,2021-03-26,9368.0
Yellow,大坪林,2021-03-27,11988.0
Yellow,頭前庄,2021-03-27,3589.0
Yellow,十四張,2021-03-27,1869.0
Yellow,秀朗橋,2021-03-27,4745.0
Yellow,景平,2021-03-27,5905.0
Yellow,中和,2021-03-27,9113.0
Yellow,橋和,2021-03-27,2346.0
Yellow,中原,2021-03-27,2851.0
Yellow,板新,2021-03-27,4021.0
Yellow,新埔民生,2021-03-27,4306.0
Yellow,幸福,2021-03-27,6650.0
Yellow,新北產業園區,2021-03-27,6314.0
Yellow,大坪林,2021-03-28,10140.5
Yellow,頭前庄,2021-03-28,3039.0
Yellow,十四張,2021-03-28,1517.0
Yellow,秀朗橋,2021-03-28,4100.0
Yellow,景平,2021-03-28,5354.0
Yellow,中和,2021-03-28,8029.0
Yellow,橋和,2021-03-28,2056.0
Yellow,中原,2021-03-28,2368.0
Yellow,板新,2021-03-28,3425.0
Yellow,新埔民生,2021-03-28,3494.0
Yellow,幸福,2021-03-28,5819.0
Yellow,新北產業園區,2021-03-28,5489.0
Yellow,大坪林,2021-03-29,17378.0
Yellow,頭前庄,2021-03-29,3990.5
Yellow,十四張,2021-03-29,2949.0
Yellow,秀朗橋,2021-03-29,4757.0
Yellow,景平,2021-03-29,7356.0
Yellow,中和,2021-03-29,9310.0
Yellow,橋和,2021-03-29,4445.0
Yellow,中原,2021-03-29,6834.0
Yellow,板新,2021-03-29,5793.0
Yellow,新埔民生,2021-03-29,4607.0
Yellow,幸福,2021-03-29,7511.0
Yellow,新北產業園區,2021-03-29,8635.0
Yellow,大坪林,2021-03-30,17439.0
Yellow,頭前庄,2021-03-30,4011.0
Yellow,十四張,2021-03-30,3155.0
Yellow,秀朗橋,2021-03-30,4971.0
Yellow,景平,2021-03-30,7503.0
Yellow,中和,2021-03-30,9363.0
Yellow,橋和,2021-03-30,4573.0
Yellow,中原,2021-03-30,6831.0
Yellow,板新,2021-03-30,5847.0
Yellow,新埔民生,2021-03-30,4643.0
Yellow,幸福,2021-03-30,7364.0
Yellow,新北產業園區,2021-03-30,9147.0
Yellow,大坪林,2021-03-31,17816.5
Yellow,頭前庄,2021-03-31,4181.0
Yellow,十四張,2021-03-31,2919.0
Yellow,秀朗橋,2021-03-31,4967.0
Yellow,景平,2021-03-31,7712.0
Yellow,中和,2021-03-31,9621.0
Yellow,橋和,2021-03-31,4477.0
Yellow,中原,2021-03-31,7004.0
Yellow,板新,2021-03-31,5963.0
Yellow,新埔民生,2021-03-31,4741.0
Yellow,幸福,2021-03-31,7690.0
Yellow,新北產業園區,2021-03-31,9040.0
Yellow,大坪林,2021-04-01,17963.5
Yellow,頭前庄,2021-04-01,4159.5
Yellow,十四張,2021-04-01,3007.0
Yellow,秀朗橋,2021-04-01,5169.0
Yellow,景平,2021-04-01,7738.0
Yellow,中和,2021-04-01,9950.0
Yellow,橋和,2021-04-01,4647.0
Yellow,中原,2021-04-01,6921.0
Yellow,板新,2021-04-01,5735.0
Yellow,新埔民生,2021-04-01,4989.0
Yellow,幸福,2021-04-01,8225.0
Yellow,新北產業園區,2021-04-01,9241.0
Yellow,大坪林,2021-04-02,10517.0
Yellow,頭前庄,2021-04-02,3087.0
Yellow,十四張,2021-04-02,1474.0
Yellow,秀朗橋,2021-04-02,4441.0
Yellow,景平,2021-04-02,5671.0
Yellow,中和,2021-04-02,8145.0
Yellow,橋和,2021-04-02,2045.0
Yellow,中原,2021-04-02,2416.0
Yellow,板新,2021-04-02,3698.0
Yellow,新埔民生,2021-04-02,3793.0
Yellow,幸福,2021-04-02,6283.0
Yellow,新北產業園區,2021-04-02,5440.0
Yellow,大坪林,2021-04-03,9377.5
Yellow,頭前庄,2021-04-03,2652.0
Yellow,十四張,2021-04-03,1444.0
Yellow,秀朗橋,2021-04-03,4203.0
Yellow,景平,2021-04-03,4984.0
Yellow,中和,2021-04-03,8087.0
Yellow,橋和,2021-04-03,1858.0
Yellow,中原,2021-04-03,2132.0
Yellow,板新,2021-04-03,3308.0
Yellow,新埔民生,2021-04-03,3424.0
Yellow,幸福,2021-04-03,5879.0
Yellow,新北產業園區,2021-04-03,5556.0
Yellow,大坪林,2021-04-04,8092.0
Yellow,頭前庄,2021-04-04,2726.0
Yellow,十四張,2021-04-04,1232.0
Yellow,秀朗橋,2021-04-04,3922.0
Yellow,景平,2021-04-04,5191.0
Yellow,中和,2021-04-04,7663.0
Yellow,橋和,2021-04-04,1648.0
Yellow,中原,2021-04-04,2009.0
Yellow,板新,2021-04-04,3098.0
Yellow,新埔民生,2021-04-04,3119.0
Yellow,幸福,2021-04-04,5871.0
Yellow,新北產業園區,2021-04-04,5444.0
Yellow,大坪林,2021-04-05,9392.0
Yellow,頭前庄,2021-04-05,2635.5
Yellow,十四張,2021-04-05,1334.0
Yellow,秀朗橋,2021-04-05,4110.0
Yellow,景平,2021-04-05,5119.0
Yellow,中和,2021-04-05,7844.0
Yellow,橋和,2021-04-05,1843.0
Yellow,中原,2021-04-05,2312.0
Yellow,板新,2021-04-05,3205.0
Yellow,新埔民生,2021-04-05,3193.0
Yellow,幸福,2021-04-05,5845.0
Yellow,新北產業園區,2021-04-05,5349.0
Yellow,大坪林,2021-04-06,17265.0
Yellow,頭前庄,2021-04-06,3820.0
Yellow,十四張,2021-04-06,3101.0
Yellow,秀朗橋,2021-04-06,4697.0
Yellow,景平,2021-04-06,7183.0
Yellow,中和,2021-04-06,9401.0
Yellow,橋和,2021-04-06,4516.0
Yellow,中原,2021-04-06,6847.0
Yellow,板新,2021-04-06,5740.0
Yellow,新埔民生,2021-04-06,4293.0
Yellow,幸福,2021-04-06,7450.0
Yellow,新北產業園區,2021-04-06,8716.0
Yellow,大坪林,2021-04-07,17318.0
Yellow,頭前庄,2021-04-07,3983.5
Yellow,十四張,2021-04-07,2936.0
Yellow,秀朗橋,2021-04-07,4827.0
Yellow,景平,2021-04-07,7289.0
Yellow,中和,2021-04-07,9248.0
Yellow,橋和,2021-04-07,4747.0
Yellow,中原,2021-04-07,7053.0
Yellow,板新,2021-04-07,5785.0
Yellow,新埔民生,2021-04-07,4348.0
Yellow,幸福,2021-04-07,7556.0
Yellow,新北產業園區,2021-04-07,8826.0
Yellow,大坪林,2021-04-08,17490.5
Yellow,頭前庄,2021-04-08,4157.0
Yellow,十四張,2021-04-08,3104.0
Yellow,秀朗橋,2021-04-08,4944.0
Yellow,景平,2021-04-08,7557.0
Yellow,中和,2021-04-08,9565.0
Yellow,橋和,2021-04-08,4567.0
Yellow,中原,2021-04-08,7133.0
Yellow,板新,2021-04-08,6005.0
Yellow,新埔民生,2021-04-08,4576.0
Yellow,幸福,2021-04-08,7607.0
Yellow,新北產業園區,2021-04-08,8770.0
Yellow,大坪林,2021-04-09,18349.0
Yellow,頭前庄,2021-04-09,4339.0
Yellow,十四張,2021-04-09,3243.0
Yellow,秀朗橋,2021-04-09,5338.0
Yellow,景平,2021-04-09,7766.0
Yellow,中和,2021-04-09,10308.0
Yellow,橋和,2021-04-09,5009.0
Yellow,中原,2021-04-09,7379.0
Yellow,板新,2021-04-09,6335.0
Yellow,新埔民生,2021-04-09,4746.0
Yellow,幸福,2021-04-09,8418.0
Yellow,新北產業園區,2021-04-09,9410.0
Yellow,大坪林,2021-04-10,12161.5
Yellow,頭前庄,2021-04-10,3505.5
Yellow,十四張,2021-04-10,4062.0
Yellow,秀朗橋,2021-04-10,4699.0
Yellow,景平,2021-04-10,5961.0
Yellow,中和,2021-04-10,9317.0
Yellow,橋和,2021-04-10,2443.0
Yellow,中原,2021-04-10,2875.0
Yellow,板新,2021-04-10,4225.0
Yellow,新埔民生,2021-04-10,4365.0
Yellow,幸福,2021-04-10,6994.0
Yellow,新北產業園區,2021-04-10,6087.0
Yellow,大坪林,2021-04-11,10191.5
Yellow,頭前庄,2021-04-11,3111.0
Yellow,十四張,2021-04-11,1728.0
Yellow,秀朗橋,2021-04-11,4351.0
Yellow,景平,2021-04-11,5484.0
Yellow,中和,2021-04-11,8021.0
Yellow,橋和,2021-04-11,1964.0
Yellow,中原,2021-04-11,2468.0
Yellow,板新,2021-04-11,3752.0
Yellow,新埔民生,2021-04-11,3918.0
Yellow,幸福,2021-04-11,6081.0
Yellow,新北產業園區,2021-04-11,5526.0
Yellow,大坪林,2021-04-12,17165.0
Yellow,頭前庄,2021-04-12,3949.0
Yellow,十四張,2021-04-12,3023.0
Yellow,秀朗橋,2021-04-12,4834.0
Yellow,景平,2021-04-12,7338.0
Yellow,中和,2021-04-12,9374.0
Yellow,橋和,2021-04-12,4592.0
Yellow,中原,2021-04-12,6852.0
Yellow,板新,2021-04-12,5918.0
Yellow,新埔民生,2021-04-12,4532.0
Yellow,幸福,2021-04-12,7539.0
Yellow,新北產業園區,2021-04-12,8828.0
Yellow,大坪林,2021-04-13,17403.0
Yellow,頭前庄,2021-04-13,4019.5
Yellow,十四張,2021-04-13,2933.0
Yellow,秀朗橋,2021-04-13,4765.0
Yellow,景平,2021-04-13,7520.0
Yellow,中和,2021-04-13,9525.0
Yellow,橋和,2021-04-13,4696.0
Yellow,中原,2021-04-13,7086.0
Yellow,板新,2021-04-13,5912.0
Yellow,新埔民生,2021-04-13,4590.0
Yellow,幸福,2021-04-13,7520.0
Yellow,新北產業園區,2021-04-13,8604.0
Yellow,大坪林,2021-04-14,17355.0
Yellow,頭前庄,2021-04-14,4092.0
Yellow,十四張,2021-04-14,2820.0
Yellow,秀朗橋,2021-04-14,4974.0
Yellow,景平,2021-04-14,7496.0
Yellow,中和,2021-04-14,9684.0
Yellow,橋和,2021-04-14,4681.0
Yellow,中原,2021-04-14,7153.0
Yellow,板新,2021-04-14,5990.0
Yellow,新埔民生,2021-04-14,4754.0
Yellow,幸福,2021-04-14,7612.0
Yellow,新北產業園區,2021-04-14,8830.0
Yellow,大坪林,2021-04-15,17521.0
Yellow,頭前庄,2021-04-15,4066.5
Yellow,十四張,2021-04-15,2961.0
Yellow,秀朗橋,2021-04-15,4933.0
Yellow,景平,2021-04-15,7672.0
Yellow,中和,2021-04-15,9458.0
Yellow,橋和,2021-04-15,4714.0
Yellow,中原,2021-04-15,7121.0
Yellow,板新,2021-04-15,6002.0
Yellow,新埔民生,2021-04-15,4655.0
Yellow,幸福,2021-04-15,7468.0
Yellow,新北產業園區,2021-04-15,8975.0
Yellow,大坪林,2021-04-16,18489.5
Yellow,頭前庄,2021-04-16,4238.0
Yellow,十四張,2021-04-16,3051.0
Yellow,秀朗橋,2021-04-16,5503.0
Yellow,景平,2021-04-16,7898.0
Yellow,中和,2021-04-16,10187.0
Yellow,橋和,2021-04-16,4924.0
Yellow,中原,2021-04-16,7212.0
Yellow,板新,2021-04-16,6183.0
Yellow,新埔民生,2021-04-16,5236.0
Yellow,幸福,2021-04-16,8380.0
Yellow,新北產業園區,2021-04-16,9665.0
Yellow,大坪林,2021-04-17,11956.5
Yellow,頭前庄,2021-04-17,3482.5
Yellow,十四張,2021-04-17,2116.0
Yellow,秀朗橋,2021-04-17,4919.0
Yellow,景平,2021-04-17,6107.0
Yellow,中和,2021-04-17,9133.0
Yellow,橋和,2021-04-17,2469.0
Yellow,中原,2021-04-17,2821.0
Yellow,板新,2021-04-17,4298.0
Yellow,新埔民生,2021-04-17,4657.0
Yellow,幸福,2021-04-17,7238.0
Yellow,新北產業園區,2021-04-17,5961.0
Yellow,大坪林,2021-04-18,9714.5
Yellow,頭前庄,2021-04-18,3003.5
Yellow,十四張,2021-04-18,1591.0
Yellow,秀朗橋,2021-04-18,4175.0
Yellow,景平,2021-04-18,5452.0
Yellow,中和,2021-04-18,8021.0
Yellow,橋和,2021-04-18,1996.0
Yellow,中原,2021-04-18,2454.0
Yellow,板新,2021-04-18,3449.0
Yellow,新埔民生,2021-04-18,3595.0
Yellow,幸福,2021-04-18,5759.0
Yellow,新北產業園區,2021-04-18,5307.0
Yellow,大坪林,2021-04-19,17105.5
Yellow,頭前庄,2021-04-19,3929.0
Yellow,十四張,2021-04-19,2897.0
Yellow,秀朗橋,2021-04-19,4853.0
Yellow,景平,2021-04-19,7322.0
Yellow,中和,2021-04-19,9482.0
Yellow,橋和,2021-04-19,4557.0
Yellow,中原,2021-04-19,6909.0
Yellow,板新,2021-04-19,5940.0
Yellow,新埔民生,2021-04-19,4653.0
Yellow,幸福,2021-04-19,7489.0
Yellow,新北產業園區,2021-04-19,8643.0
Yellow,大坪林,2021-04-20,17308.0
Yellow,頭前庄,2021-04-20,3979.5
Yellow,十四張,2021-04-20,2843.0
Yellow,秀朗橋,2021-04-20,4824.0
Yellow,景平,2021-04-20,7408.0
Yellow,中和,2021-04-20,9289.0
Yellow,橋和,2021-04-20,4722.0
Yellow,中原,2021-04-20,7069.0
Yellow,板新,2021-04-20,5933.0
Yellow,新埔民生,2021-04-20,4581.0
Yellow,幸福,2021-04-20,7429.0
Yellow,新北產業園區,2021-04-20,8661.0
Yellow,大坪林,2021-04-21,17482.0
Yellow,頭前庄,2021-04-21,4083.5
Yellow,十四張,2021-04-21,2957.0
Yellow,秀朗橋,2021-04-21,4946.0
Yellow,景平,2021-04-21,7578.0
Yellow,中和,2021-04-21,9594.0
Yellow,橋和,2021-04-21,4610.0
Yellow,中原,2021-04-21,6953.0
Yellow,板新,2021-04-21,5956.0
Yellow,新埔民生,2021-04-21,4707.0
Yellow,幸福,2021-04-21,7465.0
Yellow,新北產業園區,2021-04-21,8801.0
Yellow,大坪林,2021-04-22,17468.0
Yellow,頭前庄,2021-04-22,3978.5
Yellow,十四張,2021-04-22,2919.0
Yellow,秀朗橋,2021-04-22,4991.0
Yellow,景平,2021-04-22,7537.0
Yellow,中和,2021-04-22,9690.0
Yellow,橋和,2021-04-22,4529.0
Yellow,中原,2021-04-22,7024.0
Yellow,板新,2021-04-22,5997.0
Yellow,新埔民生,2021-04-22,4641.0
Yellow,幸福,2021-04-22,7468.0
Yellow,新北產業園區,2021-04-22,8841.0
Yellow,大坪林,2021-04-23,18254.5
Yellow,頭前庄,2021-04-23,4226.5
Yellow,十四張,2021-04-23,2933.0
Yellow,秀朗橋,2021-04-23,5317.0
Yellow,景平,2021-04-23,7824.0
Yellow,中和,2021-04-23,10471.0
Yellow,橋和,2021-04-23,4752.0
Yellow,中原,2021-04-23,7279.0
Yellow,板新,2021-04-23,6227.0
Yellow,新埔民生,2021-04-23,5172.0
Yellow,幸福,2021-04-23,8326.0
Yellow,新北產業園區,2021-04-23,10023.0
Yellow,大坪林,2021-04-24,12540.0
Yellow,頭前庄,2021-04-24,3643.5
Yellow,十四張,2021-04-24,2066.0
Yellow,秀朗橋,2021-04-24,5009.0
Yellow,景平,2021-04-24,6118.0
Yellow,中和,2021-04-24,9586.0
Yellow,橋和,2021-04-24,2554.0
Yellow,中原,2021-04-24,3042.0
Yellow,板新,2021-04-24,4349.0
Yellow,新埔民生,2021-04-24,4814.0
Yellow,幸福,2021-04-24,7223.0
Yellow,新北產業園區,2021-04-24,6309.0
Yellow,大坪林,2021-04-25,10303.5
Yellow,頭前庄,2021-04-25,3168.5
Yellow,十四張,2021-04-25,1549.0
Yellow,秀朗橋,2021-04-25,4428.0
Yellow,景平,2021-04-25,5436.0
Yellow,中和,2021-04-25,8225.0
Yellow,橋和,2021-04-25,1989.0
Yellow,中原,2021-04-25,2340.0
Yellow,板新,2021-04-25,3482.0
Yellow,新埔民生,2021-04-25,3827.0
Yellow,幸福,2021-04-25,6291.0
Yellow,新北產業園區,2021-04-25,5619.0
Yellow,大坪林,2021-04-26,17078.0
Yellow,頭前庄,2021-04-26,3915.5
Yellow,十四張,2021-04-26,2779.0
Yellow,秀朗橋,2021-04-26,4748.0
Yellow,景平,2021-04-26,7193.0
Yellow,中和,2021-04-26,9338.0
Yellow,橋和,2021-04-26,4586.0
Yellow,中原,2021-04-26,6860.0
Yellow,板新,2021-04-26,5767.0
Yellow,新埔民生,2021-04-26,4597.0
Yellow,幸福,2021-04-26,7437.0
Yellow,新北產業園區,2021-04-26,8686.0
Yellow,大坪林,2021-04-27,17229.0
Yellow,頭前庄,2021-04-27,3837.0
Yellow,十四張,2021-04-27,2841.0
Yellow,秀朗橋,2021-04-27,4794.0
Yellow,景平,2021-04-27,7362.0
Yellow,中和,2021-04-27,9300.0
Yellow,橋和,2021-04-27,4730.0
Yellow,中原,2021-04-27,6956.0
Yellow,板新,2021-04-27,5926.0
Yellow,新埔民生,2021-04-27,4633.0
Yellow,幸福,2021-04-27,7290.0
Yellow,新北產業園區,2021-04-27,8608.0
Yellow,大坪林,2021-04-28,17864.0
Yellow,頭前庄,2021-04-28,4041.5
Yellow,十四張,2021-04-28,2839.0
Yellow,秀朗橋,2021-04-28,5375.0
Yellow,景平,2021-04-28,8260.0
Yellow,中和,2021-04-28,10299.0
Yellow,橋和,2021-04-28,5081.0
Yellow,中原,2021-04-28,7616.0
Yellow,板新,2021-04-28,6475.0
Yellow,新埔民生,2021-04-28,5007.0
Yellow,幸福,2021-04-28,8023.0
Yellow,新北產業園區,2021-04-28,9137.0
Yellow,大坪林,2021-04-29,17751.0
Yellow,頭前庄,2021-04-29,4093.5
Yellow,十四張,2021-04-29,3025.0
Yellow,秀朗橋,2021-04-29,5179.0
Yellow,景平,2021-04-29,8170.0
Yellow,中和,2021-04-29,10304.0
Yellow,橋和,2021-04-29,4978.0
Yellow,中原,2021-04-29,7826.0
Yellow,板新,2021-04-29,6227.0
Yellow,新埔民生,2021-04-29,4987.0
Yellow,幸福,2021-04-29,8185.0
Yellow,新北產業園區,2021-04-29,9117.0
Yellow,大坪林,2021-04-30,13686.5
Yellow,頭前庄,2021-04-30,3582.0
Yellow,十四張,2021-04-30,2408.0
Yellow,秀朗橋,2021-04-30,4893.0
Yellow,景平,2021-04-30,6359.0
Yellow,中和,2021-04-30,9700.0
Yellow,橋和,2021-04-30,2521.0
Yellow,中原,2021-04-30,3101.0
Yellow,板新,2021-04-30,4800.0
Yellow,新埔民生,2021-04-30,4431.0
Yellow,幸福,2021-04-30,7005.0
Yellow,新北產業園區,2021-04-30,6403.0
Yellow,大坪林,2021-05-01,10269.5
Yellow,頭前庄,2021-05-01,3241.5
Yellow,十四張,2021-05-01,1672.0
Yellow,秀朗橋,2021-05-01,4599.0
Yellow,景平,2021-05-01,5715.0
Yellow,中和,2021-05-01,8755.0
Yellow,橋和,2021-05-01,2061.0
Yellow,中原,2021-05-01,2461.0
Yellow,板新,2021-05-01,4026.0
Yellow,新埔民生,2021-05-01,3929.0
Yellow,幸福,2021-05-01,6232.0
Yellow,新北產業園區,2021-05-01,6129.0
Yellow,大坪林,2021-05-02,9274.0
Yellow,頭前庄,2021-05-02,2809.0
Yellow,十四張,2021-05-02,1477.0
Yellow,秀朗橋,2021-05-02,3948.0
Yellow,景平,2021-05-02,5196.0
Yellow,中和,2021-05-02,7990.0
Yellow,橋和,2021-05-02,2326.0
Yellow,中原,2021-05-02,2365.0
Yellow,板新,2021-05-02,3409.0
Yellow,新埔民生,2021-05-02,3366.0
Yellow,幸福,2021-05-02,5785.0
Yellow,新北產業園區,2021-05-02,4540.0
Yellow,大坪林,2021-05-03,16177.5
Yellow,頭前庄,2021-05-03,3704.0
Yellow,十四張,2021-05-03,2802.0
Yellow,秀朗橋,2021-05-03,4784.0
Yellow,景平,2021-05-03,7095.0
Yellow,中和,2021-05-03,8901.0
Yellow,橋和,2021-05-03,4675.0
Yellow,中原,2021-05-03,6644.0
Yellow,板新,2021-05-03,5791.0
Yellow,新埔民生,2021-05-03,4274.0
Yellow,幸福,2021-05-03,7230.0
Yellow,新北產業園區,2021-05-03,7786.0
Yellow,大坪林,2021-05-04,16475.0
Yellow,頭前庄,2021-05-04,3758.0
Yellow,十四張,2021-05-04,2767.0
Yellow,秀朗橋,2021-05-04,4601.0
Yellow,景平,2021-05-04,7060.0
Yellow,中和,2021-05-04,8816.0
Yellow,橋和,2021-05-04,4585.0
Yellow,中原,2021-05-04,6831.0
Yellow,板新,2021-05-04,5672.0
Yellow,新埔民生,2021-05-04,4481.0
Yellow,幸福,2021-05-04,7075.0
Yellow,新北產業園區,2021-05-04,8059.0
Yellow,大坪林,2021-05-05,16681.0
Yellow,頭前庄,2021-05-05,3953.5
Yellow,十四張,2021-05-05,2808.0
Yellow,秀朗橋,2021-05-05,4845.0
Yellow,景平,2021-05-05,7245.0
Yellow,中和,2021-05-05,8984.0
Yellow,橋和,2021-05-05,4771.0
Yellow,中原,2021-05-05,7095.0
Yellow,板新,2021-05-05,5952.0
Yellow,新埔民生,2021-05-05,4528.0
Yellow,幸福,2021-05-05,7327.0
Yellow,新北產業園區,2021-05-05,8225.0
Yellow,大坪林,2021-05-06,16836.5
Yellow,頭前庄,2021-05-06,3960.0
Yellow,十四張,2021-05-06,2820.0
Yellow,秀朗橋,2021-05-06,4641.0
Yellow,景平,2021-05-06,7071.0
Yellow,中和,2021-05-06,8865.0
Yellow,橋和,2021-05-06,4608.0
Yellow,中原,2021-05-06,6711.0
Yellow,板新,2021-05-06,5653.0
Yellow,新埔民生,2021-05-06,4423.0
Yellow,幸福,2021-05-06,7181.0
Yellow,新北產業園區,2021-05-06,8051.0
Yellow,大坪林,2021-05-07,17933.5
Yellow,頭前庄,2021-05-07,4125.0
Yellow,十四張,2021-05-07,2897.0
Yellow,秀朗橋,2021-05-07,5114.0
Yellow,景平,2021-05-07,7558.0
Yellow,中和,2021-05-07,9601.0
Yellow,橋和,2021-05-07,4831.0
Yellow,中原,2021-05-07,7096.0
Yellow,板新,2021-05-07,5824.0
Yellow,新埔民生,2021-05-07,4810.0
Yellow,幸福,2021-05-07,8007.0
Yellow,新北產業園區,2021-05-07,8909.0
Yellow,大坪林,2021-05-08,10309.5
Yellow,頭前庄,2021-05-08,3184.5
Yellow,十四張,2021-05-08,1696.0
Yellow,秀朗橋,2021-05-08,4307.0
Yellow,景平,2021-05-08,5455.0
Yellow,中和,2021-05-08,8031.0
Yellow,橋和,2021-05-08,2435.0
Yellow,中原,2021-05-08,2546.0
Yellow,板新,2021-05-08,3756.0
Yellow,新埔民生,2021-05-08,3868.0
Yellow,幸福,2021-05-08,6107.0
Yellow,新北產業園區,2021-05-08,5547.0
Yellow,大坪林,2021-05-09,8655.5
Yellow,頭前庄,2021-05-09,2482.5
Yellow,十四張,2021-05-09,1355.0
Yellow,秀朗橋,2021-05-09,3544.0
Yellow,景平,2021-05-09,4751.0
Yellow,中和,2021-05-09,7037.0
Yellow,橋和,2021-05-09,1792.0
Yellow,中原,2021-05-09,2183.0
Yellow,板新,2021-05-09,2894.0
Yellow,新埔民生,2021-05-09,3186.0
Yellow,幸福,2021-05-09,5109.0
Yellow,新北產業園區,2021-05-09,4170.0
Yellow,大坪林,2021-05-10,16520.0
Yellow,頭前庄,2021-05-10,3792.5
Yellow,十四張,2021-05-10,2927.0
Yellow,秀朗橋,2021-05-10,4610.0
Yellow,景平,2021-05-10,6864.0
Yellow,中和,2021-05-10,9064.0
Yellow,橋和,2021-05-10,4611.0
Yellow,中原,2021-05-10,6797.0
Yellow,板新,2021-05-10,5836.0
Yellow,新埔民生,2021-05-10,4426.0
Yellow,幸福,2021-05-10,7091.0
Yellow,新北產業園區,2021-05-10,8245.0
Yellow,大坪林,2021-05-11,16406.5
Yellow,頭前庄,2021-05-11,3711.0
Yellow,十四張,2021-05-11,2745.0
Yellow,秀朗橋,2021-05-11,4663.0
Yellow,景平,2021-05-11,7341.0
Yellow,中和,2021-05-11,8814.0
Yellow,橋和,2021-05-11,4642.0
Yellow,中原,2021-05-11,6721.0
Yellow,板新,2021-05-11,5695.0
Yellow,新埔民生,2021-05-11,4383.0
Yellow,幸福,2021-05-11,6982.0
Yellow,新北產業園區,2021-05-11,8134.0
Yellow,大坪林,2021-05-12,15708.0
Yellow,頭前庄,2021-05-12,3487.0
Yellow,十四張,2021-05-12,2532.0
Yellow,秀朗橋,2021-05-12,4300.0
Yellow,景平,2021-05-12,6771.0
Yellow,中和,2021-05-12,8365.0
Yellow,橋和,2021-05-12,4317.0
Yellow,中原,2021-05-12,6446.0
Yellow,板新,2021-05-12,5477.0
Yellow,新埔民生,2021-05-12,4236.0
Yellow,幸福,2021-05-12,6639.0
Yellow,新北產業園區,2021-05-12,7580.0
Yellow,大坪林,2021-05-13,14519.0
Yellow,頭前庄,2021-05-13,3327.0
Yellow,十四張,2021-05-13,2337.0
Yellow,秀朗橋,2021-05-13,4054.0
Yellow,景平,2021-05-13,6271.0
Yellow,中和,2021-05-13,7920.0
Yellow,橋和,2021-05-13,4095.0
Yellow,中原,2021-05-13,6270.0
Yellow,板新,2021-05-13,5258.0
Yellow,新埔民生,2021-05-13,3951.0
Yellow,幸福,2021-05-13,6422.0
Yellow,新北產業園區,2021-05-13,7282.0
Yellow,大坪林,2021-05-14,14384.5
Yellow,頭前庄,2021-05-14,3237.0
Yellow,十四張,2021-05-14,2397.0
Yellow,秀朗橋,2021-05-14,4065.0
Yellow,景平,2021-05-14,6215.0
Yellow,中和,2021-05-14,8104.0
Yellow,橋和,2021-05-14,3941.0
Yellow,中原,2021-05-14,5932.0
Yellow,板新,2021-05-14,5081.0
Yellow,新埔民生,2021-05-14,3929.0
Yellow,幸福,2021-05-14,6522.0
Yellow,新北產業園區,2021-05-14,7401.0
Yellow,大坪林,2021-05-15,4398.0
Yellow,頭前庄,2021-05-15,1148.5
Yellow,十四張,2021-05-15,712.0
Yellow,秀朗橋,2021-05-15,1575.0
Yellow,景平,2021-05-15,2370.0
Yellow,中和,2021-05-15,3472.0
Yellow,橋和,2021-05-15,916.0
Yellow,中原,2021-05-15,1271.0
Yellow,板新,2021-05-15,1666.0
Yellow,新埔民生,2021-05-15,1548.0
Yellow,幸福,2021-05-15,2369.0
Yellow,新北產業園區,2021-05-15,2223.0
Yellow,大坪林,2021-05-16,2337.5
Yellow,頭前庄,2021-05-16,641.0
Yellow,十四張,2021-05-16,435.0
Yellow,秀朗橋,2021-05-16,844.0
Yellow,景平,2021-05-16,1407.0
Yellow,中和,2021-05-16,1999.0
Yellow,橋和,2021-05-16,530.0
Yellow,中原,2021-05-16,647.0
Yellow,板新,2021-05-16,804.0
Yellow,新埔民生,2021-05-16,810.0
Yellow,幸福,2021-05-16,1284.0
Yellow,新北產業園區,2021-05-16,1311.0
Yellow,大坪林,2021-05-17,7594.0
Yellow,頭前庄,2021-05-17,1823.0
Yellow,十四張,2021-05-17,1297.0
Yellow,秀朗橋,2021-05-17,2160.0
Yellow,景平,2021-05-17,3635.0
Yellow,中和,2021-05-17,4320.0
Yellow,橋和,2021-05-17,2395.0
Yellow,中原,2021-05-17,3595.0
Yellow,板新,2021-05-17,2777.0
Yellow,新埔民生,2021-05-17,2041.0
Yellow,幸福,2021-05-17,3291.0
Yellow,新北產業園區,2021-05-17,4305.0
Yellow,大坪林,2021-05-18,5640.0
Yellow,頭前庄,2021-05-18,1389.5
Yellow,十四張,2021-05-18,881.0
Yellow,秀朗橋,2021-05-18,1703.0
Yellow,景平,2021-05-18,2898.0
Yellow,中和,2021-05-18,3307.0
Yellow,橋和,2021-05-18,1922.0
Yellow,中原,2021-05-18,2815.0
Yellow,板新,2021-05-18,1912.0
Yellow,新埔民生,2021-05-18,1529.0
Yellow,幸福,2021-05-18,2457.0
Yellow,新北產業園區,2021-05-18,3440.0
Yellow,大坪林,2021-05-19,5044.5
Yellow,頭前庄,2021-05-19,1334.5
Yellow,十四張,2021-05-19,846.0
Yellow,秀朗橋,2021-05-19,1495.0
Yellow,景平,2021-05-19,2527.0
Yellow,中和,2021-05-19,2979.0
Yellow,橋和,2021-05-19,1711.0
Yellow,中原,2021-05-19,2563.0
Yellow,板新,2021-05-19,1830.0
Yellow,新埔民生,2021-05-19,1393.0
Yellow,幸福,2021-05-19,2261.0
Yellow,新北產業園區,2021-05-19,3202.0
Yellow,大坪林,2021-05-20,4803.5
Yellow,頭前庄,2021-05-20,1302.5
Yellow,十四張,2021-05-20,839.0
Yellow,秀朗橋,2021-05-20,1467.0
Yellow,景平,2021-05-20,2517.0
Yellow,中和,2021-05-20,2813.0
Yellow,橋和,2021-05-20,1587.0
Yellow,中原,2021-05-20,2382.0
Yellow,板新,2021-05-20,1756.0
Yellow,新埔民生,2021-05-20,1317.0
Yellow,幸福,2021-05-20,2142.0
Yellow,新北產業園區,2021-05-20,3143.0
Yellow,大坪林,2021-05-21,4674.0
Yellow,頭前庄,2021-05-21,1192.5
Yellow,十四張,2021-05-21,746.0
Yellow,秀朗橋,2021-05-21,1417.0
Yellow,景平,2021-05-21,2455.0
Yellow,中和,2021-05-21,2832.0
Yellow,橋和,2021-05-21,1525.0
Yellow,中原,2021-05-21,2291.0
Yellow,板新,2021-05-21,1678.0
Yellow,新埔民生,2021-05-21,1314.0
Yellow,幸福,2021-05-21,2074.0
Yellow,新北產業園區,2021-05-21,2956.0
Yellow,大坪林,2021-05-22,1503.0
Yellow,頭前庄,2021-05-22,454.0
Yellow,十四張,2021-05-22,327.0
Yellow,秀朗橋,2021-05-22,607.0
Yellow,景平,2021-05-22,865.0
Yellow,中和,2021-05-22,1313.0
Yellow,橋和,2021-05-22,412.0
Yellow,中原,2021-05-22,521.0
Yellow,板新,2021-05-22,623.0
Yellow,新埔民生,2021-05-22,579.0
Yellow,幸福,2021-05-22,875.0
Yellow,新北產業園區,2021-05-22,983.0
Yellow,大坪林,2021-05-23,1023.0
Yellow,頭前庄,2021-05-23,339.0
Yellow,十四張,2021-05-23,192.0
Yellow,秀朗橋,2021-05-23,388.0
Yellow,景平,2021-05-23,621.0
Yellow,中和,2021-05-23,975.0
Yellow,橋和,2021-05-23,233.0
Yellow,中原,2021-05-23,280.0
Yellow,板新,2021-05-23,387.0
Yellow,新埔民生,2021-05-23,424.0
Yellow,幸福,2021-05-23,628.0
Yellow,新北產業園區,2021-05-23,747.0
Yellow,大坪林,2021-05-24,4373.5
Yellow,頭前庄,2021-05-24,1183.0
Yellow,十四張,2021-05-24,765.0
Yellow,秀朗橋,2021-05-24,1353.0
Yellow,景平,2021-05-24,2232.0
Yellow,中和,2021-05-24,2668.0
Yellow,橋和,2021-05-24,1522.0
Yellow,中原,2021-05-24,2225.0
Yellow,板新,2021-05-24,1659.0
Yellow,新埔民生,2021-05-24,1240.0
Yellow,幸福,2021-05-24,2025.0
Yellow,新北產業園區,2021-05-24,2854.0
Yellow,大坪林,2021-05-25,4231.5
Yellow,頭前庄,2021-05-25,1167.0
Yellow,十四張,2021-05-25,730.0
Yellow,秀朗橋,2021-05-25,1307.0
Yellow,景平,2021-05-25,2095.0
Yellow,中和,2021-05-25,2582.0
Yellow,橋和,2021-05-25,1480.0
Yellow,中原,2021-05-25,2118.0
Yellow,板新,2021-05-25,1586.0
Yellow,新埔民生,2021-05-25,1228.0
Yellow,幸福,2021-05-25,1967.0
Yellow,新北產業園區,2021-05-25,2771.0
Yellow,大坪林,2021-05-26,4090.5
Yellow,頭前庄,2021-05-26,1117.0
Yellow,十四張,2021-05-26,693.0
Yellow,秀朗橋,2021-05-26,1244.0
Yellow,景平,2021-05-26,2059.0
Yellow,中和,2021-05-26,2479.0
Yellow,橋和,2021-05-26,1423.0
Yellow,中原,2021-05-26,2038.0
Yellow,板新,2021-05-26,1510.0
Yellow,新埔民生,2021-05-26,1178.0
Yellow,幸福,2021-05-26,1958.0
Yellow,新北產業園區,2021-05-26,2686.0
Yellow,大坪林,2021-05-27,4165.5
Yellow,頭前庄,2021-05-27,1105.5
Yellow,十四張,2021-05-27,706.0
Yellow,秀朗橋,2021-05-27,1208.0
Yellow,景平,2021-05-27,2088.0
Yellow,中和,2021-05-27,2438.0
Yellow,橋和,2021-05-27,1381.0
Yellow,中原,2021-05-27,2013.0
Yellow,板新,2021-05-27,1456.0
Yellow,新埔民生,2021-05-27,1198.0
Yellow,幸福,2021-05-27,1946.0
Yellow,新北產業園區,2021-05-27,2667.0
Yellow,大坪林,2021-05-28,4104.5
Yellow,頭前庄,2021-05-28,1118.5
Yellow,十四張,2021-05-28,671.0
Yellow,秀朗橋,2021-05-28,1276.0
Yellow,景平,2021-05-28,2131.0
Yellow,中和,2021-05-28,2633.0
Yellow,橋和,2021-05-28,1400.0
Yellow,中原,2021-05-28,1984.0
Yellow,板新,2021-05-28,1543.0
Yellow,新埔民生,2021-05-28,1232.0
Yellow,幸福,2021-05-28,2007.0
Yellow,新北產業園區,2021-05-28,2741.0
Yellow,大坪林,2021-05-29,1455.0
Yellow,頭前庄,2021-05-29,525.0
Yellow,十四張,2021-05-29,285.0
Yellow,秀朗橋,2021-05-29,577.0
Yellow,景平,2021-05-29,925.0
Yellow,中和,2021-05-29,1279.0
Yellow,橋和,2021-05-29,432.0
Yellow,中原,2021-05-29,525.0
Yellow,板新,2021-05-29,645.0
Yellow,新埔民生,2021-05-29,635.0
Yellow,幸福,2021-05-29,867.0
Yellow,新北產業園區,2021-05-29,859.0
Yellow,大坪林,2021-05-30,1104.5
Yellow,頭前庄,2021-05-30,358.0
Yellow,十四張,2021-05-30,209.0
Yellow,秀朗橋,2021-05-30,424.0
Yellow,景平,2021-05-30,679.0
Yellow,中和,2021-05-30,1034.0
Yellow,橋和,2021-05-30,241.0
Yellow,中原,2021-05-30,254.0
Yellow,板新,2021-05-30,401.0
Yellow,新埔民生,2021-05-30,425.0
Yellow,幸福,2021-05-30,609.0
Yellow,新北產業園區,2021-05-30,658.0
Yellow,大坪林,2021-05-31,4263.5
Yellow,頭前庄,2021-05-31,1145.5
Yellow,十四張,2021-05-31,718.0
Yellow,秀朗橋,2021-05-31,1387.0
Yellow,景平,2021-05-31,2222.0
Yellow,中和,2021-05-31,2767.0
Yellow,橋和,2021-05-31,1506.0
Yellow,中原,2021-05-31,2202.0
Yellow,板新,2021-05-31,1597.0
Yellow,新埔民生,2021-05-31,1238.0
Yellow,幸福,2021-05-31,2129.0
Yellow,新北產業園區,2021-05-31,2870.0
Yellow,大坪林,2021-06-01,4223.5
Yellow,頭前庄,2021-06-01,1164.5
Yellow,十四張,2021-06-01,664.0
Yellow,秀朗橋,2021-06-01,1361.0
Yellow,景平,2021-06-01,2167.0
Yellow,中和,2021-06-01,2675.0
Yellow,橋和,2021-06-01,1489.0
Yellow,中原,2021-06-01,2133.0
Yellow,板新,2021-06-01,1602.0
Yellow,新埔民生,2021-06-01,1258.0
Yellow,幸福,2021-06-01,1950.0
Yellow,新北產業園區,2021-06-01,2772.0
Yellow,大坪林,2021-06-02,4197.5
Yellow,頭前庄,2021-06-02,1163.0
Yellow,十四張,2021-06-02,683.0
Yellow,秀朗橋,2021-06-02,1273.0
Yellow,景平,2021-06-02,2100.0
Yellow,中和,2021-06-02,2586.0
Yellow,橋和,2021-06-02,1490.0
Yellow,中原,2021-06-02,2176.0
Yellow,板新,2021-06-02,1529.0
Yellow,新埔民生,2021-06-02,1254.0
Yellow,幸福,2021-06-02,1908.0
Yellow,新北產業園區,2021-06-02,2766.0
Yellow,大坪林,2021-06-03,4045.0
Yellow,頭前庄,2021-06-03,1194.0
Yellow,十四張,2021-06-03,668.0
Yellow,秀朗橋,2021-06-03,1283.0
Yellow,景平,2021-06-03,2090.0
Yellow,中和,2021-06-03,2451.0
Yellow,橋和,2021-06-03,1434.0
Yellow,中原,2021-06-03,2037.0
Yellow,板新,2021-06-03,1565.0
Yellow,新埔民生,2021-06-03,1148.0
Yellow,幸福,2021-06-03,1904.0
Yellow,新北產業園區,2021-06-03,2674.0
Yellow,大坪林,2021-06-04,4145.0
Yellow,頭前庄,2021-06-04,1074.0
Yellow,十四張,2021-06-04,620.0
Yellow,秀朗橋,2021-06-04,1281.0
Yellow,景平,2021-06-04,2096.0
Yellow,中和,2021-06-04,2539.0
Yellow,橋和,2021-06-04,1423.0
Yellow,中原,2021-06-04,2065.0
Yellow,板新,2021-06-04,1607.0
Yellow,新埔民生,2021-06-04,1254.0
Yellow,幸福,2021-06-04,2019.0
Yellow,新北產業園區,2021-06-04,2642.0
Yellow,大坪林,2021-06-05,1444.0
Yellow,頭前庄,2021-06-05,477.0
Yellow,十四張,2021-06-05,304.0
Yellow,秀朗橋,2021-06-05,537.0
Yellow,景平,2021-06-05,899.0
Yellow,中和,2021-06-05,1301.0
Yellow,橋和,2021-06-05,429.0
Yellow,中原,2021-06-05,510.0
Yellow,板新,2021-06-05,629.0
Yellow,新埔民生,2021-06-05,589.0
Yellow,幸福,2021-06-05,915.0
Yellow,新北產業園區,2021-06-05,834.0
Yellow,大坪林,2021-06-06,1105.0
Yellow,頭前庄,2021-06-06,380.0
Yellow,十四張,2021-06-06,215.0
Yellow,秀朗橋,2021-06-06,454.0
Yellow,景平,2021-06-06,767.0
Yellow,中和,2021-06-06,1170.0
Yellow,橋和,2021-06-06,295.0
Yellow,中原,2021-06-06,305.0
Yellow,板新,2021-06-06,462.0
Yellow,新埔民生,2021-06-06,506.0
Yellow,幸福,2021-06-06,701.0
Yellow,新北產業園區,2021-06-06,654.0
Yellow,大坪林,2021-06-07,4311.5
Yellow,頭前庄,2021-06-07,1156.5
Yellow,十四張,2021-06-07,691.0
Yellow,秀朗橋,2021-06-07,1289.0
Yellow,景平,2021-06-07,2144.0
Yellow,中和,2021-06-07,2654.0
Yellow,橋和,2021-06-07,1514.0
Yellow,中原,2021-06-07,2233.0
Yellow,板新,2021-06-07,1690.0
Yellow,新埔民生,2021-06-07,1278.0
Yellow,幸福,2021-06-07,2035.0
Yellow,新北產業園區,2021-06-07,2882.0
Yellow,大坪林,2021-06-08,4062.5
Yellow,頭前庄,2021-06-08,1145.5
Yellow,十四張,2021-06-08,696.0
Yellow,秀朗橋,2021-06-08,1240.0
Yellow,景平,2021-06-08,2210.0
Yellow,中和,2021-06-08,2567.0
Yellow,橋和,2021-06-08,1513.0
Yellow,中原,2021-06-08,2160.0
Yellow,板新,2021-06-08,1599.0
Yellow,新埔民生,2021-06-08,1257.0
Yellow,幸福,2021-06-08,2052.0
Yellow,新北產業園區,2021-06-08,2768.0
Yellow,大坪林,2021-06-09,4192.5
Yellow,頭前庄,2021-06-09,1104.5
Yellow,十四張,2021-06-09,716.0
Yellow,秀朗橋,2021-06-09,1309.0
Yellow,景平,2021-06-09,2233.0
Yellow,中和,2021-06-09,2553.0
Yellow,橋和,2021-06-09,1486.0
Yellow,中原,2021-06-09,2135.0
Yellow,板新,2021-06-09,1585.0
Yellow,新埔民生,2021-06-09,1251.0
Yellow,幸福,2021-06-09,1995.0
Yellow,新北產業園區,2021-06-09,2778.0
Yellow,大坪林,2021-06-10,4194.5
Yellow,頭前庄,2021-06-10,1159.5
Yellow,十四張,2021-06-10,724.0
Yellow,秀朗橋,2021-06-10,1296.0
Yellow,景平,2021-06-10,2128.0
Yellow,中和,2021-06-10,2643.0
Yellow,橋和,2021-06-10,1470.0
Yellow,中原,2021-06-10,2184.0
Yellow,板新,2021-06-10,1578.0
Yellow,新埔民生,2021-06-10,1282.0
Yellow,幸福,2021-06-10,2033.0
Yellow,新北產業園區,2021-06-10,2758.0
Yellow,大坪林,2021-06-11,4296.0
Yellow,頭前庄,2021-06-11,1192.0
Yellow,十四張,2021-06-11,722.0
Yellow,秀朗橋,2021-06-11,1356.0
Yellow,景平,2021-06-11,2370.0
Yellow,中和,2021-06-11,2767.0
Yellow,橋和,2021-06-11,1489.0
Yellow,中原,2021-06-11,2088.0
Yellow,板新,2021-06-11,1589.0
Yellow,新埔民生,2021-06-11,1371.0
Yellow,幸福,2021-06-11,2043.0
Yellow,新北產業園區,2021-06-11,2736.0
Yellow,大坪林,2021-06-12,1635.0
Yellow,頭前庄,2021-06-12,533.0
Yellow,十四張,2021-06-12,310.0
Yellow,秀朗橋,2021-06-12,594.0
Yellow,景平,2021-06-12,1128.0
Yellow,中和,2021-06-12,1446.0
Yellow,橋和,2021-06-12,414.0
Yellow,中原,2021-06-12,475.0
Yellow,板新,2021-06-12,698.0
Yellow,新埔民生,2021-06-12,715.0
Yellow,幸福,2021-06-12,982.0
Yellow,新北產業園區,2021-06-12,920.0
Yellow,大坪林,2021-06-13,1100.0
Yellow,頭前庄,2021-06-13,427.5
Yellow,十四張,2021-06-13,269.0
Yellow,秀朗橋,2021-06-13,451.0
Yellow,景平,2021-06-13,753.0
Yellow,中和,2021-06-13,1125.0
Yellow,橋和,2021-06-13,305.0
Yellow,中原,2021-06-13,284.0
Yellow,板新,2021-06-13,478.0
Yellow,新埔民生,2021-06-13,501.0
Yellow,幸福,2021-06-13,690.0
Yellow,新北產業園區,2021-06-13,637.0
Yellow,大坪林,2021-06-14,1244.5
Yellow,頭前庄,2021-06-14,447.5
Yellow,十四張,2021-06-14,261.0
Yellow,秀朗橋,2021-06-14,500.0
Yellow,景平,2021-06-14,880.0
Yellow,中和,2021-06-14,1234.0
Yellow,橋和,2021-06-14,320.0
Yellow,中原,2021-06-14,314.0
Yellow,板新,2021-06-14,529.0
Yellow,新埔民生,2021-06-14,578.0
Yellow,幸福,2021-06-14,746.0
Yellow,新北產業園區,2021-06-14,828.0
Yellow,大坪林,2021-06-15,4527.0
Yellow,頭前庄,2021-06-15,1263.5
Yellow,十四張,2021-06-15,706.0
Yellow,秀朗橋,2021-06-15,1368.0
Yellow,景平,2021-06-15,2730.0
Yellow,中和,2021-06-15,2797.0
Yellow,橋和,2021-06-15,1548.0
Yellow,中原,2021-06-15,2323.0
Yellow,板新,2021-06-15,1692.0
Yellow,新埔民生,2021-06-15,1383.0
Yellow,幸福,2021-06-15,2255.0
Yellow,新北產業園區,2021-06-15,3098.0
Yellow,大坪林,2021-06-16,4524.0
Yellow,頭前庄,2021-06-16,1242.0
Yellow,十四張,2021-06-16,769.0
Yellow,秀朗橋,2021-06-16,1363.0
Yellow,景平,2021-06-16,2287.0
Yellow,中和,2021-06-16,2761.0
Yellow,橋和,2021-06-16,1573.0
Yellow,中原,2021-06-16,2226.0
Yellow,板新,2021-06-16,1734.0
Yellow,新埔民生,2021-06-16,1345.0
Yellow,幸福,2021-06-16,2183.0
Yellow,新北產業園區,2021-06-16,2928.0
Yellow,大坪林,2021-06-17,4408.5
Yellow,頭前庄,2021-06-17,1216.0
Yellow,十四張,2021-06-17,778.0
Yellow,秀朗橋,2021-06-17,1384.0
Yellow,景平,2021-06-17,2293.0
Yellow,中和,2021-06-17,2739.0
Yellow,橋和,2021-06-17,1529.0
Yellow,中原,2021-06-17,2176.0
Yellow,板新,2021-06-17,1665.0
Yellow,新埔民生,2021-06-17,1323.0
Yellow,幸福,2021-06-17,2171.0
Yellow,新北產業園區,2021-06-17,2964.0
Yellow,大坪林,2021-06-18,4604.0
Yellow,頭前庄,2021-06-18,1261.5
Yellow,十四張,2021-06-18,712.0
Yellow,秀朗橋,2021-06-18,1432.0
Yellow,景平,2021-06-18,2348.0
Yellow,中和,2021-06-18,2868.0
Yellow,橋和,2021-06-18,1607.0
Yellow,中原,2021-06-18,2177.0
Yellow,板新,2021-06-18,1662.0
Yellow,新埔民生,2021-06-18,1343.0
Yellow,幸福,2021-06-18,2154.0
Yellow,新北產業園區,2021-06-18,2933.0
Yellow,大坪林,2021-06-19,1853.5
Yellow,頭前庄,2021-06-19,613.0
Yellow,十四張,2021-06-19,323.0
Yellow,秀朗橋,2021-06-19,708.0
Yellow,景平,2021-06-19,1153.0
Yellow,中和,2021-06-19,1685.0
Yellow,橋和,2021-06-19,524.0
Yellow,中原,2021-06-19,568.0
Yellow,板新,2021-06-19,783.0
Yellow,新埔民生,2021-06-19,737.0
Yellow,幸福,2021-06-19,1105.0
Yellow,新北產業園區,2021-06-19,1058.0
Yellow,大坪林,2021-06-20,1356.0
Yellow,頭前庄,2021-06-20,474.5
Yellow,十四張,2021-06-20,265.0
Yellow,秀朗橋,2021-06-20,527.0
Yellow,景平,2021-06-20,818.0
Yellow,中和,2021-06-20,1348.0
Yellow,橋和,2021-06-20,352.0
Yellow,中原,2021-06-20,322.0
Yellow,板新,2021-06-20,536.0
Yellow,新埔民生,2021-06-20,558.0
Yellow,幸福,2021-06-20,933.0
Yellow,新北產業園區,2021-06-20,790.0
Yellow,大坪林,2021-06-21,4704.5
Yellow,頭前庄,2021-06-21,1309.5
Yellow,十四張,2021-06-21,801.0
Yellow,秀朗橋,2021-06-21,1488.0
Yellow,景平,2021-06-21,2321.0
Yellow,中和,2021-06-21,2874.0
Yellow,橋和,2021-06-21,1730.0
Yellow,中原,2021-06-21,2393.0
Yellow,板新,2021-06-21,1767.0
Yellow,新埔民生,2021-06-21,1432.0
Yellow,幸福,2021-06-21,2233.0
Yellow,新北產業園區,2021-06-21,3054.0
Yellow,大坪林,2021-06-22,4761.5
Yellow,頭前庄,2021-06-22,1350.5
Yellow,十四張,2021-06-22,804.0
Yellow,秀朗橋,2021-06-22,1494.0
Yellow,景平,2021-06-22,2483.0
Yellow,中和,2021-06-22,3022.0
Yellow,橋和,2021-06-22,1667.0
Yellow,中原,2021-06-22,2468.0
Yellow,板新,2021-06-22,1814.0
Yellow,新埔民生,2021-06-22,1392.0
Yellow,幸福,2021-06-22,2258.0
Yellow,新北產業園區,2021-06-22,3206.0
Yellow,大坪林,2021-06-23,4871.0
Yellow,頭前庄,2021-06-23,1314.5
Yellow,十四張,2021-06-23,804.0
Yellow,秀朗橋,2021-06-23,1528.0
Yellow,景平,2021-06-23,2540.0
Yellow,中和,2021-06-23,3176.0
Yellow,橋和,2021-06-23,1762.0
Yellow,中原,2021-06-23,2520.0
Yellow,板新,2021-06-23,1898.0
Yellow,新埔民生,2021-06-23,1489.0
Yellow,幸福,2021-06-23,2257.0
Yellow,新北產業園區,2021-06-23,3182.0
Yellow,大坪林,2021-06-24,4696.0
Yellow,頭前庄,2021-06-24,1233.5
Yellow,十四張,2021-06-24,776.0
Yellow,秀朗橋,2021-06-24,1417.0
Yellow,景平,2021-06-24,2456.0
Yellow,中和,2021-06-24,2969.0
Yellow,橋和,2021-06-24,1662.0
Yellow,中原,2021-06-24,2384.0
Yellow,板新,2021-06-24,1740.0
Yellow,新埔民生,2021-06-24,1414.0
Yellow,幸福,2021-06-24,2314.0
Yellow,新北產業園區,2021-06-24,3109.0
Yellow,大坪林,2021-06-25,4948.0
Yellow,頭前庄,2021-06-25,1305.0
Yellow,十四張,2021-06-25,755.0
Yellow,秀朗橋,2021-06-25,1555.0
Yellow,景平,2021-06-25,2484.0
Yellow,中和,2021-06-25,3281.0
Yellow,橋和,2021-06-25,1829.0
Yellow,中原,2021-06-25,2444.0
Yellow,板新,2021-06-25,1768.0
Yellow,新埔民生,2021-06-25,1492.0
Yellow,幸福,2021-06-25,2389.0
Yellow,新北產業園區,2021-06-25,3102.0
Yellow,大坪林,2021-06-26,2047.0
Yellow,頭前庄,2021-06-26,759.5
Yellow,十四張,2021-06-26,354.0
Yellow,秀朗橋,2021-06-26,769.0
Yellow,景平,2021-06-26,1201.0
Yellow,中和,2021-06-26,1909.0
Yellow,橋和,2021-06-26,656.0
Yellow,中原,2021-06-26,599.0
Yellow,板新,2021-06-26,900.0
Yellow,新埔民生,2021-06-26,901.0
Yellow,幸福,2021-06-26,1297.0
Yellow,新北產業園區,2021-06-26,1227.0
Yellow,大坪林,2021-06-27,1488.5
Yellow,頭前庄,2021-06-27,617.5
Yellow,十四張,2021-06-27,309.0
Yellow,秀朗橋,2021-06-27,578.0
Yellow,景平,2021-06-27,998.0
Yellow,中和,2021-06-27,1458.0
Yellow,橋和,2021-06-27,438.0
Yellow,中原,2021-06-27,415.0
Yellow,板新,2021-06-27,556.0
Yellow,新埔民生,2021-06-27,659.0
Yellow,幸福,2021-06-27,1066.0
Yellow,新北產業園區,2021-06-27,932.0
Yellow,大坪林,2021-06-28,5043.0
Yellow,頭前庄,2021-06-28,1371.5
Yellow,十四張,2021-06-28,813.0
Yellow,秀朗橋,2021-06-28,1564.0
Yellow,景平,2021-06-28,2579.0
Yellow,中和,2021-06-28,3217.0
Yellow,橋和,2021-06-28,1883.0
Yellow,中原,2021-06-28,2508.0
Yellow,板新,2021-06-28,1948.0
Yellow,新埔民生,2021-06-28,1523.0
Yellow,幸福,2021-06-28,2445.0
Yellow,新北產業園區,2021-06-28,3293.0
Yellow,大坪林,2021-06-29,5181.0
Yellow,頭前庄,2021-06-29,1377.0
Yellow,十四張,2021-06-29,802.0
Yellow,秀朗橋,2021-06-29,1555.0
Yellow,景平,2021-06-29,2611.0
Yellow,中和,2021-06-29,3337.0
Yellow,橋和,2021-06-29,1889.0
Yellow,中原,2021-06-29,2675.0
Yellow,板新,2021-06-29,1978.0
Yellow,新埔民生,2021-06-29,1570.0
Yellow,幸福,2021-06-29,2439.0
Yellow,新北產業園區,2021-06-29,3416.0
Yellow,大坪林,2021-06-30,5228.5
Yellow,頭前庄,2021-06-30,1427.5
Yellow,十四張,2021-06-30,827.0
Yellow,秀朗橋,2021-06-30,1568.0
Yellow,景平,2021-06-30,2607.0
Yellow,中和,2021-06-30,3228.0
Yellow,橋和,2021-06-30,1881.0
Yellow,中原,2021-06-30,2652.0
Yellow,板新,2021-06-30,1939.0
Yellow,新埔民生,2021-06-30,1549.0
Yellow,幸福,2021-06-30,2514.0
Yellow,新北產業園區,2021-06-30,3399.0
Yellow,大坪林,2021-07-01,5268.5
Yellow,頭前庄,2021-07-01,1355.5
Yellow,十四張,2021-07-01,794.0
Yellow,秀朗橋,2021-07-01,1605.0
Yellow,景平,2021-07-01,2636.0
Yellow,中和,2021-07-01,3324.0
Yellow,橋和,2021-07-01,1870.0
Yellow,中原,2021-07-01,2605.0
Yellow,板新,2021-07-01,1939.0
Yellow,新埔民生,2021-07-01,1574.0
Yellow,幸福,2021-07-01,2399.0
Yellow,新北產業園區,2021-07-01,3421.0
Yellow,大坪林,2021-07-02,5254.5
Yellow,頭前庄,2021-07-02,1399.5
Yellow,十四張,2021-07-02,835.0
Yellow,秀朗橋,2021-07-02,1612.0
Yellow,景平,2021-07-02,2723.0
Yellow,中和,2021-07-02,3510.0
Yellow,橋和,2021-07-02,1955.0
Yellow,中原,2021-07-02,2601.0
Yellow,板新,2021-07-02,1918.0
Yellow,新埔民生,2021-07-02,1583.0
Yellow,幸福,2021-07-02,2566.0
Yellow,新北產業園區,2021-07-02,3360.0
Yellow,大坪林,2021-07-03,2200.5
Yellow,頭前庄,2021-07-03,765.0
Yellow,十四張,2021-07-03,440.0
Yellow,秀朗橋,2021-07-03,829.0
Yellow,景平,2021-07-03,1271.0
Yellow,中和,2021-07-03,2022.0
Yellow,橋和,2021-07-03,679.0
Yellow,中原,2021-07-03,611.0
Yellow,板新,2021-07-03,871.0
Yellow,新埔民生,2021-07-03,905.0
Yellow,幸福,2021-07-03,1427.0
Yellow,新北產業園區,2021-07-03,1245.0
Yellow,大坪林,2021-07-04,1573.5
Yellow,頭前庄,2021-07-04,605.0
Yellow,十四張,2021-07-04,355.0
Yellow,秀朗橋,2021-07-04,672.0
Yellow,景平,2021-07-04,1064.0
Yellow,中和,2021-07-04,1607.0
Yellow,橋和,2021-07-04,433.0
Yellow,中原,2021-07-04,442.0
Yellow,板新,2021-07-04,600.0
Yellow,新埔民生,2021-07-04,671.0
Yellow,幸福,2021-07-04,1067.0
Yellow,新北產業園區,2021-07-04,1078.0
Yellow,大坪林,2021-07-05,5468.0
Yellow,頭前庄,2021-07-05,1487.0
Yellow,十四張,2021-07-05,900.0
Yellow,秀朗橋,2021-07-05,1726.0
Yellow,景平,2021-07-05,2751.0
Yellow,中和,2021-07-05,3466.0
Yellow,橋和,2021-07-05,2093.0
Yellow,中原,2021-07-05,2858.0
Yellow,板新,2021-07-05,2106.0
Yellow,新埔民生,2021-07-05,1666.0
Yellow,幸福,2021-07-05,2597.0
Yellow,新北產業園區,2021-07-05,3561.0
Yellow,大坪林,2021-07-06,5551.0
Yellow,頭前庄,2021-07-06,1524.5
Yellow,十四張,2021-07-06,873.0
Yellow,秀朗橋,2021-07-06,1673.0
Yellow,景平,2021-07-06,2837.0
Yellow,中和,2021-07-06,3472.0
Yellow,橋和,2021-07-06,2055.0
Yellow,中原,2021-07-06,2929.0
Yellow,板新,2021-07-06,2047.0
Yellow,新埔民生,2021-07-06,1613.0
Yellow,幸福,2021-07-06,2609.0
Yellow,新北產業園區,2021-07-06,3497.0
Yellow,大坪林,2021-07-07,5526.5
Yellow,頭前庄,2021-07-07,1521.0
Yellow,十四張,2021-07-07,885.0
Yellow,秀朗橋,2021-07-07,1674.0
Yellow,景平,2021-07-07,2711.0
Yellow,中和,2021-07-07,3556.0
Yellow,橋和,2021-07-07,2096.0
Yellow,中原,2021-07-07,2930.0
Yellow,板新,2021-07-07,2087.0
Yellow,新埔民生,2021-07-07,1644.0
Yellow,幸福,2021-07-07,2590.0
Yellow,新北產業園區,2021-07-07,3649.0
Yellow,大坪林,2021-07-08,5563.0
Yellow,頭前庄,2021-07-08,1516.5
Yellow,十四張,2021-07-08,860.0
Yellow,秀朗橋,2021-07-08,1713.0
Yellow,景平,2021-07-08,2793.0
Yellow,中和,2021-07-08,3453.0
Yellow,橋和,2021-07-08,2099.0
Yellow,中原,2021-07-08,2904.0
Yellow,板新,2021-07-08,2029.0
Yellow,新埔民生,2021-07-08,1624.0
Yellow,幸福,2021-07-08,2664.0
Yellow,新北產業園區,2021-07-08,3566.0
Yellow,大坪林,2021-07-09,5711.5
Yellow,頭前庄,2021-07-09,1480.0
Yellow,十四張,2021-07-09,887.0
Yellow,秀朗橋,2021-07-09,1839.0
Yellow,景平,2021-07-09,2861.0
Yellow,中和,2021-07-09,3643.0
Yellow,橋和,2021-07-09,2108.0
Yellow,中原,2021-07-09,2888.0
Yellow,板新,2021-07-09,2082.0
Yellow,新埔民生,2021-07-09,1744.0
Yellow,幸福,2021-07-09,2692.0
Yellow,新北產業園區,2021-07-09,3614.0
Yellow,大坪林,2021-07-10,2433.5
Yellow,頭前庄,2021-07-10,825.0
Yellow,十四張,2021-07-10,424.0
Yellow,秀朗橋,2021-07-10,1006.0
Yellow,景平,2021-07-10,1556.0
Yellow,中和,2021-07-10,2302.0
Yellow,橋和,2021-07-10,719.0
Yellow,中原,2021-07-10,774.0
Yellow,板新,2021-07-10,1062.0
Yellow,新埔民生,2021-07-10,1074.0
Yellow,幸福,2021-07-10,1667.0
Yellow,新北產業園區,2021-07-10,1483.0
Yellow,大坪林,2021-07-11,1794.0
Yellow,頭前庄,2021-07-11,712.5
Yellow,十四張,2021-07-11,336.0
Yellow,秀朗橋,2021-07-11,853.0
Yellow,景平,2021-07-11,1177.0
Yellow,中和,2021-07-11,2017.0
Yellow,橋和,2021-07-11,480.0
Yellow,中原,2021-07-11,556.0
Yellow,板新,2021-07-11,746.0
Yellow,新埔民生,2021-07-11,788.0
Yellow,幸福,2021-07-11,1254.0
Yellow,新北產業園區,2021-07-11,1185.0
Yellow,大坪林,2021-07-12,5922.5
Yellow,頭前庄,2021-07-12,1574.5
Yellow,十四張,2021-07-12,900.0
Yellow,秀朗橋,2021-07-12,1908.0
Yellow,景平,2021-07-12,3115.0
Yellow,中和,2021-07-12,3862.0
Yellow,橋和,2021-07-12,2202.0
Yellow,中原,2021-07-12,3231.0
Yellow,板新,2021-07-12,2248.0
Yellow,新埔民生,2021-07-12,1837.0
Yellow,幸福,2021-07-12,2859.0
Yellow,新北產業園區,2021-07-12,3997.0
Yellow,大坪林,2021-07-13,6295.0
Yellow,頭前庄,2021-07-13,1640.5
Yellow,十四張,2021-07-13,946.0
Yellow,秀朗橋,2021-07-13,1928.0
Yellow,景平,2021-07-13,3255.0
Yellow,中和,2021-07-13,3961.0
Yellow,橋和,2021-07-13,2230.0
Yellow,中原,2021-07-13,3363.0
Yellow,板新,2021-07-13,2305.0
Yellow,新埔民生,2021-07-13,1899.0
Yellow,幸福,2021-07-13,2961.0
Yellow,新北產業園區,2021-07-13,3959.0
Yellow,大坪林,2021-07-14,6312.0
Yellow,頭前庄,2021-07-14,1670.0
Yellow,十四張,2021-07-14,989.0
Yellow,秀朗橋,2021-07-14,1926.0
Yellow,景平,2021-07-14,3310.0
Yellow,中和,2021-07-14,4011.0
Yellow,橋和,2021-07-14,2291.0
Yellow,中原,2021-07-14,3236.0
Yellow,板新,2021-07-14,2341.0
Yellow,新埔民生,2021-07-14,1879.0
Yellow,幸福,2021-07-14,2992.0
Yellow,新北產業園區,2021-07-14,3985.0
Yellow,大坪林,2021-07-15,6314.5
Yellow,頭前庄,2021-07-15,1623.5
Yellow,十四張,2021-07-15,998.0
Yellow,秀朗橋,2021-07-15,1949.0
Yellow,景平,2021-07-15,3190.0
Yellow,中和,2021-07-15,4090.0
Yellow,橋和,2021-07-15,2289.0
Yellow,中原,2021-07-15,3292.0
Yellow,板新,2021-07-15,2392.0
Yellow,新埔民生,2021-07-15,1870.0
Yellow,幸福,2021-07-15,3053.0
Yellow,新北產業園區,2021-07-15,3947.0
Yellow,大坪林,2021-07-16,6280.0
Yellow,頭前庄,2021-07-16,1728.0
Yellow,十四張,2021-07-16,1102.0
Yellow,秀朗橋,2021-07-16,1990.0
Yellow,景平,2021-07-16,3278.0
Yellow,中和,2021-07-16,4185.0
Yellow,橋和,2021-07-16,2293.0
Yellow,中原,2021-07-16,3198.0
Yellow,板新,2021-07-16,2344.0
Yellow,新埔民生,2021-07-16,1933.0
Yellow,幸福,2021-07-16,3193.0
Yellow,新北產業園區,2021-07-16,4007.0
Yellow,大坪林,2021-07-17,2744.5
Yellow,頭前庄,2021-07-17,1072.5
Yellow,十四張,2021-07-17,568.0
Yellow,秀朗橋,2021-07-17,1185.0
Yellow,景平,2021-07-17,1621.0
Yellow,中和,2021-07-17,2702.0
Yellow,橋和,2021-07-17,719.0
Yellow,中原,2021-07-17,857.0
Yellow,板新,2021-07-17,1100.0
Yellow,新埔民生,2021-07-17,1163.0
Yellow,幸福,2021-07-17,1831.0
Yellow,新北產業園區,2021-07-17,1705.0
Yellow,大坪林,2021-07-18,2012.0
Yellow,頭前庄,2021-07-18,799.0
Yellow,十四張,2021-07-18,428.0
Yellow,秀朗橋,2021-07-18,973.0
Yellow,景平,2021-07-18,1346.0
Yellow,中和,2021-07-18,2130.0
Yellow,橋和,2021-07-18,532.0
Yellow,中原,2021-07-18,644.0
Yellow,板新,2021-07-18,785.0
Yellow,新埔民生,2021-07-18,916.0
Yellow,幸福,2021-07-18,1485.0
Yellow,新北產業園區,2021-07-18,1305.0
Yellow,大坪林,2021-07-19,6605.0
Yellow,頭前庄,2021-07-19,1688.5
Yellow,十四張,2021-07-19,972.0
Yellow,秀朗橋,2021-07-19,2078.0
Yellow,景平,2021-07-19,3231.0
Yellow,中和,2021-07-19,4261.0
Yellow,橋和,2021-07-19,2403.0
Yellow,中原,2021-07-19,3329.0
Yellow,板新,2021-07-19,2470.0
Yellow,新埔民生,2021-07-19,1858.0
Yellow,幸福,2021-07-19,3082.0
Yellow,新北產業園區,2021-07-19,4006.0
Yellow,大坪林,2021-07-20,6739.5
Yellow,頭前庄,2021-07-20,1703.0
Yellow,十四張,2021-07-20,968.0
Yellow,秀朗橋,2021-07-20,2047.0
Yellow,景平,2021-07-20,3314.0
Yellow,中和,2021-07-20,4241.0
Yellow,橋和,2021-07-20,2377.0
Yellow,中原,2021-07-20,3513.0
Yellow,板新,2021-07-20,2530.0
Yellow,新埔民生,2021-07-20,1918.0
Yellow,幸福,2021-07-20,3147.0
Yellow,新北產業園區,2021-07-20,4024.0
Yellow,大坪林,2021-07-21,6693.5
Yellow,頭前庄,2021-07-21,1751.0
Yellow,十四張,2021-07-21,1037.0
Yellow,秀朗橋,2021-07-21,2101.0
Yellow,景平,2021-07-21,3411.0
Yellow,中和,2021-07-21,4236.0
Yellow,橋和,2021-07-21,2468.0
Yellow,中原,2021-07-21,3690.0
Yellow,板新,2021-07-21,2572.0
Yellow,新埔民生,2021-07-21,1901.0
Yellow,幸福,2021-07-21,3180.0
Yellow,新北產業園區,2021-07-21,4098.0
Yellow,大坪林,2021-07-22,6479.5
Yellow,頭前庄,2021-07-22,1687.0
Yellow,十四張,2021-07-22,955.0
Yellow,秀朗橋,2021-07-22,2127.0
Yellow,景平,2021-07-22,3560.0
Yellow,中和,2021-07-22,4230.0
Yellow,橋和,2021-07-22,2353.0
Yellow,中原,2021-07-22,3672.0
Yellow,板新,2021-07-22,2600.0
Yellow,新埔民生,2021-07-22,1777.0
Yellow,幸福,2021-07-22,3218.0
Yellow,新北產業園區,2021-07-22,4020.0
Yellow,大坪林,2021-07-23,6242.5
Yellow,頭前庄,2021-07-23,1649.5
Yellow,十四張,2021-07-23,919.0
Yellow,秀朗橋,2021-07-23,2139.0
Yellow,景平,2021-07-23,3259.0
Yellow,中和,2021-07-23,3993.0
Yellow,橋和,2021-07-23,2303.0
Yellow,中原,2021-07-23,3536.0
Yellow,板新,2021-07-23,2358.0
Yellow,新埔民生,2021-07-23,1749.0
Yellow,幸福,2021-07-23,3114.0
Yellow,新北產業園區,2021-07-23,3948.0
Yellow,大坪林,2021-07-24,2367.0
Yellow,頭前庄,2021-07-24,826.5
Yellow,十四張,2021-07-24,433.0
Yellow,秀朗橋,2021-07-24,976.0
Yellow,景平,2021-07-24,1520.0
Yellow,中和,2021-07-24,2359.0
Yellow,橋和,2021-07-24,647.0
Yellow,中原,2021-07-24,776.0
Yellow,板新,2021-07-24,967.0
Yellow,新埔民生,2021-07-24,1026.0
Yellow,幸福,2021-07-24,1586.0
Yellow,新北產業園區,2021-07-24,1377.0
Yellow,大坪林,2021-07-25,2319.5
Yellow,頭前庄,2021-07-25,923.0
Yellow,十四張,2021-07-25,419.0
Yellow,秀朗橋,2021-07-25,1071.0
Yellow,景平,2021-07-25,1575.0
Yellow,中和,2021-07-25,2532.0
Yellow,橋和,2021-07-25,688.0
Yellow,中原,2021-07-25,711.0
Yellow,板新,2021-07-25,937.0
Yellow,新埔民生,2021-07-25,1058.0
Yellow,幸福,2021-07-25,1674.0
Yellow,新北產業園區,2021-07-25,1571.0
Yellow,大坪林,2021-07-26,7287.5
Yellow,頭前庄,2021-07-26,1823.0
Yellow,十四張,2021-07-26,1198.0
Yellow,秀朗橋,2021-07-26,2238.0
Yellow,景平,2021-07-26,3572.0
Yellow,中和,2021-07-26,4621.0
Yellow,橋和,2021-07-26,2612.0
Yellow,中原,2021-07-26,3891.0
Yellow,板新,2021-07-26,2691.0
Yellow,新埔民生,2021-07-26,2095.0
Yellow,幸福,2021-07-26,3372.0
Yellow,新北產業園區,2021-07-26,4457.0
Yellow,大坪林,2021-07-27,8125.5
Yellow,頭前庄,2021-07-27,2013.5
Yellow,十四張,2021-07-27,1186.0
Yellow,秀朗橋,2021-07-27,2436.0
Yellow,景平,2021-07-27,3899.0
Yellow,中和,2021-07-27,4853.0
Yellow,橋和,2021-07-27,2816.0
Yellow,中原,2021-07-27,4297.0
Yellow,板新,2021-07-27,2892.0
Yellow,新埔民生,2021-07-27,2269.0
Yellow,幸福,2021-07-27,3634.0
Yellow,新北產業園區,2021-07-27,4770.0
Yellow,大坪林,2021-07-28,8197.5
Yellow,頭前庄,2021-07-28,2122.0
Yellow,十四張,2021-07-28,1173.0
Yellow,秀朗橋,2021-07-28,2401.0
Yellow,景平,2021-07-28,3851.0
Yellow,中和,2021-07-28,4751.0
Yellow,橋和,2021-07-28,2702.0
Yellow,中原,2021-07-28,4284.0
Yellow,板新,2021-07-28,2903.0
Yellow,新埔民生,2021-07-28,2210.0
Yellow,幸福,2021-07-28,3653.0
Yellow,新北產業園區,2021-07-28,4824.0
Yellow,大坪林,2021-07-29,7992.5
Yellow,頭前庄,2021-07-29,2079.5
Yellow,十四張,2021-07-29,1142.0
Yellow,秀朗橋,2021-07-29,2525.0
Yellow,景平,2021-07-29,3848.0
Yellow,中和,2021-07-29,4778.0
Yellow,橋和,2021-07-29,2758.0
Yellow,中原,2021-07-29,4204.0
Yellow,板新,2021-07-29,2952.0
Yellow,新埔民生,2021-07-29,2226.0
Yellow,幸福,2021-07-29,3658.0
Yellow,新北產業園區,2021-07-29,4839.0
Yellow,大坪林,2021-07-30,8612.0
Yellow,頭前庄,2021-07-30,2189.5
Yellow,十四張,2021-07-30,1447.0
Yellow,秀朗橋,2021-07-30,2554.0
Yellow,景平,2021-07-30,3987.0
Yellow,中和,2021-07-30,5196.0
Yellow,橋和,2021-07-30,2859.0
Yellow,中原,2021-07-30,4256.0
Yellow,板新,2021-07-30,3078.0
Yellow,新埔民生,2021-07-30,2436.0
Yellow,幸福,2021-07-30,3892.0
Yellow,新北產業園區,2021-07-30,4954.0
Yellow,大坪林,2021-07-31,3705.5
Yellow,頭前庄,2021-07-31,1297.5
Yellow,十四張,2021-07-31,522.0
Yellow,秀朗橋,2021-07-31,1609.0
Yellow,景平,2021-07-31,2245.0
Yellow,中和,2021-07-31,3450.0
Yellow,橋和,2021-07-31,907.0
Yellow,中原,2021-07-31,1100.0
Yellow,板新,2021-07-31,1439.0
Yellow,新埔民生,2021-07-31,1549.0
Yellow,幸福,2021-07-31,2566.0
Yellow,新北產業園區,2021-07-31,2219.0
Yellow,大坪林,2021-08-01,2901.0
Yellow,頭前庄,2021-08-01,1084.0
Yellow,十四張,2021-08-01,506.0
Yellow,秀朗橋,2021-08-01,1380.0
Yellow,景平,2021-08-01,1996.0
Yellow,中和,2021-08-01,2971.0
Yellow,橋和,2021-08-01,748.0
Yellow,中原,2021-08-01,857.0
Yellow,板新,2021-08-01,1126.0
Yellow,新埔民生,2021-08-01,1223.0
Yellow,幸福,2021-08-01,2054.0
Yellow,新北產業園區,2021-08-01,2123.0
Yellow,大坪林,2021-08-02,8838.5
Yellow,頭前庄,2021-08-02,2247.0
Yellow,十四張,2021-08-02,1510.0
Yellow,秀朗橋,2021-08-02,2671.0
Yellow,景平,2021-08-02,4163.0
Yellow,中和,2021-08-02,5383.0
Yellow,橋和,2021-08-02,2944.0
Yellow,中原,2021-08-02,4566.0
Yellow,板新,2021-08-02,3282.0
Yellow,新埔民生,2021-08-02,2428.0
Yellow,幸福,2021-08-02,4037.0
Yellow,新北產業園區,2021-08-02,5245.0
Yellow,大坪林,2021-08-03,8976.5
Yellow,頭前庄,2021-08-03,2212.5
Yellow,十四張,2021-08-03,1357.0
Yellow,秀朗橋,2021-08-03,2736.0
Yellow,景平,2021-08-03,4312.0
Yellow,中和,2021-08-03,5519.0
Yellow,橋和,2021-08-03,3049.0
Yellow,中原,2021-08-03,4718.0
Yellow,板新,2021-08-03,3220.0
Yellow,新埔民生,2021-08-03,2394.0
Yellow,幸福,2021-08-03,4099.0
Yellow,新北產業園區,2021-08-03,5261.0
Yellow,大坪林,2021-08-04,9119.5
Yellow,頭前庄,2021-08-04,2289.5
Yellow,十四張,2021-08-04,1288.0
Yellow,秀朗橋,2021-08-04,2825.0
Yellow,景平,2021-08-04,4485.0
Yellow,中和,2021-08-04,5379.0
Yellow,橋和,2021-08-04,3121.0
Yellow,中原,2021-08-04,4846.0
Yellow,板新,2021-08-04,3341.0
Yellow,新埔民生,2021-08-04,2527.0
Yellow,幸福,2021-08-04,4187.0
Yellow,新北產業園區,2021-08-04,5505.0
Yellow,大坪林,2021-08-05,9127.5
Yellow,頭前庄,2021-08-05,2358.5
Yellow,十四張,2021-08-05,1286.0
Yellow,秀朗橋,2021-08-05,2830.0
Yellow,景平,2021-08-05,4542.0
Yellow,中和,2021-08-05,5408.0
Yellow,橋和,2021-08-05,3040.0
Yellow,中原,2021-08-05,4821.0
Yellow,板新,2021-08-05,3289.0
Yellow,新埔民生,2021-08-05,2562.0
Yellow,幸福,2021-08-05,4209.0
Yellow,新北產業園區,2021-08-05,5359.0
Yellow,大坪林,2021-08-06,9279.0
Yellow,頭前庄,2021-08-06,2326.0
Yellow,十四張,2021-08-06,1220.0
Yellow,秀朗橋,2021-08-06,2846.0
Yellow,景平,2021-08-06,4596.0
Yellow,中和,2021-08-06,5779.0
Yellow,橋和,2021-08-06,3087.0
Yellow,中原,2021-08-06,4826.0
Yellow,板新,2021-08-06,3310.0
Yellow,新埔民生,2021-08-06,2660.0
Yellow,幸福,2021-08-06,4495.0
Yellow,新北產業園區,2021-08-06,5412.0
Yellow,大坪林,2021-08-07,3860.5
Yellow,頭前庄,2021-08-07,1253.0
Yellow,十四張,2021-08-07,600.0
Yellow,秀朗橋,2021-08-07,1606.0
Yellow,景平,2021-08-07,2505.0
Yellow,中和,2021-08-07,3614.0
Yellow,橋和,2021-08-07,989.0
Yellow,中原,2021-08-07,1093.0
Yellow,板新,2021-08-07,1612.0
Yellow,新埔民生,2021-08-07,1447.0
Yellow,幸福,2021-08-07,2442.0
Yellow,新北產業園區,2021-08-07,2209.0
Yellow,大坪林,2021-08-08,3521.0
Yellow,頭前庄,2021-08-08,1260.0
Yellow,十四張,2021-08-08,566.0
Yellow,秀朗橋,2021-08-08,1715.0
Yellow,景平,2021-08-08,2439.0
Yellow,中和,2021-08-08,3719.0
Yellow,橋和,2021-08-08,962.0
Yellow,中原,2021-08-08,1037.0
Yellow,板新,2021-08-08,1271.0
Yellow,新埔民生,2021-08-08,1409.0
Yellow,幸福,2021-08-08,2385.0
Yellow,新北產業園區,2021-08-08,2261.0
Yellow,大坪林,2021-08-09,9448.0
Yellow,頭前庄,2021-08-09,2357.0
Yellow,十四張,2021-08-09,1346.0
Yellow,秀朗橋,2021-08-09,2941.0
Yellow,景平,2021-08-09,4425.0
Yellow,中和,2021-08-09,5815.0
Yellow,橋和,2021-08-09,3161.0
Yellow,中原,2021-08-09,4794.0
Yellow,板新,2021-08-09,3331.0
Yellow,新埔民生,2021-08-09,2634.0
Yellow,幸福,2021-08-09,4413.0
Yellow,新北產業園區,2021-08-09,5653.0
Yellow,大坪林,2021-08-10,9869.0
Yellow,頭前庄,2021-08-10,2490.5
Yellow,十四張,2021-08-10,1460.0
Yellow,秀朗橋,2021-08-10,2903.0
Yellow,景平,2021-08-10,4566.0
Yellow,中和,2021-08-10,5953.0
Yellow,橋和,2021-08-10,3339.0
Yellow,中原,2021-08-10,4963.0
Yellow,板新,2021-08-10,3484.0
Yellow,新埔民生,2021-08-10,2681.0
Yellow,幸福,2021-08-10,4534.0
Yellow,新北產業園區,2021-08-10,5705.0
Yellow,大坪林,2021-08-11,9757.0
Yellow,頭前庄,2021-08-11,2511.5
Yellow,十四張,2021-08-11,1408.0
Yellow,秀朗橋,2021-08-11,2928.0
Yellow,景平,2021-08-11,4553.0
Yellow,中和,2021-08-11,5786.0
Yellow,橋和,2021-08-11,3393.0
Yellow,中原,2021-08-11,4843.0
Yellow,板新,2021-08-11,3382.0
Yellow,新埔民生,2021-08-11,2787.0
Yellow,幸福,2021-08-11,4512.0
Yellow,新北產業園區,2021-08-11,5727.0
Yellow,大坪林,2021-08-12,10021.5
Yellow,頭前庄,2021-08-12,2468.0
Yellow,十四張,2021-08-12,1560.0
Yellow,秀朗橋,2021-08-12,2940.0
Yellow,景平,2021-08-12,4517.0
Yellow,中和,2021-08-12,5929.0
Yellow,橋和,2021-08-12,3385.0
Yellow,中原,2021-08-12,4871.0
Yellow,板新,2021-08-12,3361.0
Yellow,新埔民生,2021-08-12,2797.0
Yellow,幸福,2021-08-12,4625.0
Yellow,新北產業園區,2021-08-12,5622.0
Yellow,大坪林,2021-08-13,10015.0
Yellow,頭前庄,2021-08-13,2434.5
Yellow,十四張,2021-08-13,1468.0
Yellow,秀朗橋,2021-08-13,2925.0
Yellow,景平,2021-08-13,4716.0
Yellow,中和,2021-08-13,6204.0
Yellow,橋和,2021-08-13,3394.0
Yellow,中原,2021-08-13,4901.0
Yellow,板新,2021-08-13,3479.0
Yellow,新埔民生,2021-08-13,2824.0
Yellow,幸福,2021-08-13,4812.0
Yellow,新北產業園區,2021-08-13,5845.0
Yellow,大坪林,2021-08-14,5078.5
Yellow,頭前庄,2021-08-14,1851.5
Yellow,十四張,2021-08-14,806.0
Yellow,秀朗橋,2021-08-14,2119.0
Yellow,景平,2021-08-14,3089.0
Yellow,中和,2021-08-14,4659.0
Yellow,橋和,2021-08-14,1236.0
Yellow,中原,2021-08-14,1413.0
Yellow,板新,2021-08-14,2087.0
Yellow,新埔民生,2021-08-14,1967.0
Yellow,幸福,2021-08-14,3327.0
Yellow,新北產業園區,2021-08-14,2954.0
Yellow,大坪林,2021-08-15,4044.0
Yellow,頭前庄,2021-08-15,1537.0
Yellow,十四張,2021-08-15,754.0
Yellow,秀朗橋,2021-08-15,1865.0
Yellow,景平,2021-08-15,2596.0
Yellow,中和,2021-08-15,4127.0
Yellow,橋和,2021-08-15,1088.0
Yellow,中原,2021-08-15,1170.0
Yellow,板新,2021-08-15,1512.0
Yellow,新埔民生,2021-08-15,1750.0
Yellow,幸福,2021-08-15,2799.0
Yellow,新北產業園區,2021-08-15,2738.0
Yellow,大坪林,2021-08-16,10030.0
Yellow,頭前庄,2021-08-16,2606.5
Yellow,十四張,2021-08-16,1460.0
Yellow,秀朗橋,2021-08-16,3041.0
Yellow,景平,2021-08-16,4646.0
Yellow,中和,2021-08-16,6174.0
Yellow,橋和,2021-08-16,3372.0
Yellow,中原,2021-08-16,4939.0
Yellow,板新,2021-08-16,3568.0
Yellow,新埔民生,2021-08-16,2721.0
Yellow,幸福,2021-08-16,4651.0
Yellow,新北產業園區,2021-08-16,5864.0
Yellow,大坪林,2021-08-17,10246.5
Yellow,頭前庄,2021-08-17,2575.5
Yellow,十四張,2021-08-17,1597.0
Yellow,秀朗橋,2021-08-17,3028.0
Yellow,景平,2021-08-17,4760.0
Yellow,中和,2021-08-17,6205.0
Yellow,橋和,2021-08-17,3452.0
Yellow,中原,2021-08-17,4971.0
Yellow,板新,2021-08-17,3551.0
Yellow,新埔民生,2021-08-17,2811.0
Yellow,幸福,2021-08-17,4664.0
Yellow,新北產業園區,2021-08-17,5875.0
Yellow,大坪林,2021-08-18,10248.0
Yellow,頭前庄,2021-08-18,2590.0
Yellow,十四張,2021-08-18,1463.0
Yellow,秀朗橋,2021-08-18,2994.0
Yellow,景平,2021-08-18,4807.0
Yellow,中和,2021-08-18,6099.0
Yellow,橋和,2021-08-18,3554.0
Yellow,中原,2021-08-18,5146.0
Yellow,板新,2021-08-18,3572.0
Yellow,新埔民生,2021-08-18,2830.0
Yellow,幸福,2021-08-18,4751.0
Yellow,新北產業園區,2021-08-18,6072.0
Yellow,大坪林,2021-08-19,10161.5
Yellow,頭前庄,2021-08-19,2517.0
Yellow,十四張,2021-08-19,1858.0
Yellow,秀朗橋,2021-08-19,3068.0
Yellow,景平,2021-08-19,4776.0
Yellow,中和,2021-08-19,6015.0
Yellow,橋和,2021-08-19,3384.0
Yellow,中原,2021-08-19,5081.0
Yellow,板新,2021-08-19,3514.0
Yellow,新埔民生,2021-08-19,2758.0
Yellow,幸福,2021-08-19,4677.0
Yellow,新北產業園區,2021-08-19,5983.0
Yellow,大坪林,2021-08-20,10572.5
Yellow,頭前庄,2021-08-20,2675.5
Yellow,十四張,2021-08-20,1507.0
Yellow,秀朗橋,2021-08-20,3157.0
Yellow,景平,2021-08-20,4847.0
Yellow,中和,2021-08-20,6412.0
Yellow,橋和,2021-08-20,3523.0
Yellow,中原,2021-08-20,5145.0
Yellow,板新,2021-08-20,3704.0
Yellow,新埔民生,2021-08-20,2999.0
Yellow,幸福,2021-08-20,4944.0
Yellow,新北產業園區,2021-08-20,6263.0
Yellow,大坪林,2021-08-21,5222.5
Yellow,頭前庄,2021-08-21,1846.5
Yellow,十四張,2021-08-21,884.0
Yellow,秀朗橋,2021-08-21,2217.0
Yellow,景平,2021-08-21,3057.0
Yellow,中和,2021-08-21,4644.0
Yellow,橋和,2021-08-21,1222.0
Yellow,中原,2021-08-21,1514.0
Yellow,板新,2021-08-21,2146.0
Yellow,新埔民生,2021-08-21,2125.0
Yellow,幸福,2021-08-21,3458.0
Yellow,新北產業園區,2021-08-21,3307.0
Yellow,大坪林,2021-08-22,4185.0
Yellow,頭前庄,2021-08-22,1584.0
Yellow,十四張,2021-08-22,768.0
Yellow,秀朗橋,2021-08-22,1968.0
Yellow,景平,2021-08-22,2578.0
Yellow,中和,2021-08-22,4096.0
Yellow,橋和,2021-08-22,1036.0
Yellow,中原,2021-08-22,1216.0
Yellow,板新,2021-08-22,1625.0
Yellow,新埔民生,2021-08-22,1876.0
Yellow,幸福,2021-08-22,2895.0
Yellow,新北產業園區,2021-08-22,2701.0
Yellow,大坪林,2021-08-23,10542.0
Yellow,頭前庄,2021-08-23,2563.0
Yellow,十四張,2021-08-23,1757.0
Yellow,秀朗橋,2021-08-23,3239.0
Yellow,景平,2021-08-23,4816.0
Yellow,中和,2021-08-23,6323.0
Yellow,橋和,2021-08-23,3441.0
Yellow,中原,2021-08-23,5001.0
Yellow,板新,2021-08-23,3775.0
Yellow,新埔民生,2021-08-23,2880.0
Yellow,幸福,2021-08-23,4849.0
Yellow,新北產業園區,2021-08-23,5887.0
Yellow,大坪林,2021-08-24,10496.0
Yellow,頭前庄,2021-08-24,2595.0
Yellow,十四張,2021-08-24,1576.0
Yellow,秀朗橋,2021-08-24,3243.0
Yellow,景平,2021-08-24,4891.0
Yellow,中和,2021-08-24,6513.0
Yellow,橋和,2021-08-24,3525.0
Yellow,中原,2021-08-24,5162.0
Yellow,板新,2021-08-24,3820.0
Yellow,新埔民生,2021-08-24,2866.0
Yellow,幸福,2021-08-24,4785.0
Yellow,新北產業園區,2021-08-24,6021.0
Yellow,大坪林,2021-08-25,10924.0
Yellow,頭前庄,2021-08-25,2698.0
Yellow,十四張,2021-08-25,1559.0
Yellow,秀朗橋,2021-08-25,3278.0
Yellow,景平,2021-08-25,5001.0
Yellow,中和,2021-08-25,6443.0
Yellow,橋和,2021-08-25,3463.0
Yellow,中原,2021-08-25,5185.0
Yellow,板新,2021-08-25,3817.0
Yellow,新埔民生,2021-08-25,2869.0
Yellow,幸福,2021-08-25,5046.0
Yellow,新北產業園區,2021-08-25,6038.0
Yellow,大坪林,2021-08-26,11188.0
Yellow,頭前庄,2021-08-26,2831.5
Yellow,十四張,2021-08-26,1671.0
Yellow,秀朗橋,2021-08-26,3263.0
Yellow,景平,2021-08-26,4991.0
Yellow,中和,2021-08-26,6435.0
Yellow,橋和,2021-08-26,3532.0
Yellow,中原,2021-08-26,5206.0
Yellow,板新,2021-08-26,3950.0
Yellow,新埔民生,2021-08-26,3049.0
Yellow,幸福,2021-08-26,5014.0
Yellow,新北產業園區,2021-08-26,6224.0
Yellow,大坪林,2021-08-27,11304.5
Yellow,頭前庄,2021-08-27,2819.0
Yellow,十四張,2021-08-27,1548.0
Yellow,秀朗橋,2021-08-27,3400.0
Yellow,景平,2021-08-27,5199.0
Yellow,中和,2021-08-27,6621.0
Yellow,橋和,2021-08-27,3568.0
Yellow,中原,2021-08-27,5310.0
Yellow,板新,2021-08-27,3647.0
Yellow,新埔民生,2021-08-27,3244.0
Yellow,幸福,2021-08-27,5354.0
Yellow,新北產業園區,2021-08-27,6440.0
Yellow,大坪林,2021-08-28,5767.5
Yellow,頭前庄,2021-08-28,2031.5
Yellow,十四張,2021-08-28,958.0
Yellow,秀朗橋,2021-08-28,2632.0
Yellow,景平,2021-08-28,3582.0
Yellow,中和,2021-08-28,5102.0
Yellow,橋和,2021-08-28,1414.0
Yellow,中原,2021-08-28,1608.0
Yellow,板新,2021-08-28,2163.0
Yellow,新埔民生,2021-08-28,2285.0
Yellow,幸福,2021-08-28,3478.0
Yellow,新北產業園區,2021-08-28,3438.0
Yellow,大坪林,2021-08-29,4765.0
Yellow,頭前庄,2021-08-29,1680.0
Yellow,十四張,2021-08-29,857.0
Yellow,秀朗橋,2021-08-29,2330.0
Yellow,景平,2021-08-29,2847.0
Yellow,中和,2021-08-29,4370.0
Yellow,橋和,2021-08-29,1248.0
Yellow,中原,2021-08-29,1300.0
Yellow,板新,2021-08-29,1805.0
Yellow,新埔民生,2021-08-29,2003.0
Yellow,幸福,2021-08-29,3137.0
Yellow,新北產業園區,2021-08-29,2970.0
Yellow,大坪林,2021-08-30,11054.5
Yellow,頭前庄,2021-08-30,2860.0
Yellow,十四張,2021-08-30,1735.0
Yellow,秀朗橋,2021-08-30,3369.0
Yellow,景平,2021-08-30,4752.0
Yellow,中和,2021-08-30,6433.0
Yellow,橋和,2021-08-30,3593.0
Yellow,中原,2021-08-30,5206.0
Yellow,板新,2021-08-30,3866.0
Yellow,新埔民生,2021-08-30,2962.0
Yellow,幸福,2021-08-30,4994.0
Yellow,新北產業園區,2021-08-30,6149.0
Yellow,大坪林,2021-08-31,11158.5
Yellow,頭前庄,2021-08-31,2778.0
Yellow,十四張,2021-08-31,1739.0
Yellow,秀朗橋,2021-08-31,3243.0
Yellow,景平,2021-08-31,4969.0
Yellow,中和,2021-08-31,6522.0
Yellow,橋和,2021-08-31,3553.0
Yellow,中原,2021-08-31,5211.0
Yellow,板新,2021-08-31,3817.0
Yellow,新埔民生,2021-08-31,3011.0
Yellow,幸福,2021-08-31,5032.0
Yellow,新北產業園區,2021-08-31,6144.0
Yellow,大坪林,2021-09-01,12521.0
Yellow,頭前庄,2021-09-01,3071.0
Yellow,十四張,2021-09-01,2573.0
Yellow,秀朗橋,2021-09-01,3514.0
Yellow,景平,2021-09-01,5495.0
Yellow,中和,2021-09-01,6817.0
Yellow,橋和,2021-09-01,3689.0
Yellow,中原,2021-09-01,5540.0
Yellow,板新,2021-09-01,4517.0
Yellow,新埔民生,2021-09-01,3258.0
Yellow,幸福,2021-09-01,5468.0
Yellow,新北產業園區,2021-09-01,6364.0
Yellow,大坪林,2021-09-02,12514.5
Yellow,頭前庄,2021-09-02,3012.0
Yellow,十四張,2021-09-02,2625.0
Yellow,秀朗橋,2021-09-02,3482.0
Yellow,景平,2021-09-02,5495.0
Yellow,中和,2021-09-02,6869.0
Yellow,橋和,2021-09-02,3641.0
Yellow,中原,2021-09-02,5633.0
Yellow,板新,2021-09-02,4461.0
Yellow,新埔民生,2021-09-02,3234.0
Yellow,幸福,2021-09-02,5599.0
Yellow,新北產業園區,2021-09-02,6362.0
Yellow,大坪林,2021-09-03,12732.0
Yellow,頭前庄,2021-09-03,3177.0
Yellow,十四張,2021-09-03,2460.0
Yellow,秀朗橋,2021-09-03,3601.0
Yellow,景平,2021-09-03,5614.0
Yellow,中和,2021-09-03,7139.0
Yellow,橋和,2021-09-03,3829.0
Yellow,中原,2021-09-03,5471.0
Yellow,板新,2021-09-03,4440.0
Yellow,新埔民生,2021-09-03,3299.0
Yellow,幸福,2021-09-03,5887.0
Yellow,新北產業園區,2021-09-03,6502.0
Yellow,大坪林,2021-09-04,5808.0
Yellow,頭前庄,2021-09-04,2038.0
Yellow,十四張,2021-09-04,982.0
Yellow,秀朗橋,2021-09-04,2493.0
Yellow,景平,2021-09-04,3303.0
Yellow,中和,2021-09-04,4947.0
Yellow,橋和,2021-09-04,1427.0
Yellow,中原,2021-09-04,1575.0
Yellow,板新,2021-09-04,2192.0
Yellow,新埔民生,2021-09-04,2167.0
Yellow,幸福,2021-09-04,3642.0
Yellow,新北產業園區,2021-09-04,3210.0
Yellow,大坪林,2021-09-05,4936.0
Yellow,頭前庄,2021-09-05,1751.0
Yellow,十四張,2021-09-05,895.0
Yellow,秀朗橋,2021-09-05,2239.0
Yellow,景平,2021-09-05,2836.0
Yellow,中和,2021-09-05,4600.0
Yellow,橋和,2021-09-05,1164.0
Yellow,中原,2021-09-05,1327.0
Yellow,板新,2021-09-05,1844.0
Yellow,新埔民生,2021-09-05,1833.0
Yellow,幸福,2021-09-05,3032.0
Yellow,新北產業園區,2021-09-05,2842.0
Yellow,大坪林,2021-09-06,12626.0
Yellow,頭前庄,2021-09-06,3046.5
Yellow,十四張,2021-09-06,2496.0
Yellow,秀朗橋,2021-09-06,3517.0
Yellow,景平,2021-09-06,5428.0
Yellow,中和,2021-09-06,6876.0
Yellow,橋和,2021-09-06,3773.0
Yellow,中原,2021-09-06,5460.0
Yellow,板新,2021-09-06,4629.0
Yellow,新埔民生,2021-09-06,3085.0
Yellow,幸福,2021-09-06,5419.0
Yellow,新北產業園區,2021-09-06,6408.0
Yellow,大坪林,2021-09-07,12635.5
Yellow,頭前庄,2021-09-07,2944.5
Yellow,十四張,2021-09-07,2559.0
Yellow,秀朗橋,2021-09-07,3473.0
Yellow,景平,2021-09-07,5445.0
Yellow,中和,2021-09-07,6832.0
Yellow,橋和,2021-09-07,3638.0
Yellow,中原,2021-09-07,5472.0
Yellow,板新,2021-09-07,4457.0
Yellow,新埔民生,2021-09-07,3061.0
Yellow,幸福,2021-09-07,5531.0
Yellow,新北產業園區,2021-09-07,6383.0
Yellow,大坪林,2021-09-08,12580.5
Yellow,頭前庄,2021-09-08,3040.0
Yellow,十四張,2021-09-08,2453.0
Yellow,秀朗橋,2021-09-08,3416.0
Yellow,景平,2021-09-08,5413.0
Yellow,中和,2021-09-08,6621.0
Yellow,橋和,2021-09-08,3711.0
Yellow,中原,2021-09-08,5413.0
Yellow,板新,2021-09-08,4390.0
Yellow,新埔民生,2021-09-08,2858.0
Yellow,幸福,2021-09-08,5499.0
Yellow,新北產業園區,2021-09-08,6341.0
Yellow,大坪林,2021-09-09,12022.0
Yellow,頭前庄,2021-09-09,2813.0
Yellow,十四張,2021-09-09,2506.0
Yellow,秀朗橋,2021-09-09,3310.0
Yellow,景平,2021-09-09,5064.0
Yellow,中和,2021-09-09,6477.0
Yellow,橋和,2021-09-09,3429.0
Yellow,中原,2021-09-09,5166.0
Yellow,板新,2021-09-09,4133.0
Yellow,新埔民生,2021-09-09,2613.0
Yellow,幸福,2021-09-09,5188.0
Yellow,新北產業園區,2021-09-09,6028.0
Yellow,大坪林,2021-09-10,11828.5
Yellow,頭前庄,2021-09-10,2880.0
Yellow,十四張,2021-09-10,2420.0
Yellow,秀朗橋,2021-09-10,3296.0
Yellow,景平,2021-09-10,5117.0
Yellow,中和,2021-09-10,6483.0
Yellow,橋和,2021-09-10,3259.0
Yellow,中原,2021-09-10,4988.0
Yellow,板新,2021-09-10,4026.0
Yellow,新埔民生,2021-09-10,2756.0
Yellow,幸福,2021-09-10,5109.0
Yellow,新北產業園區,2021-09-10,5843.0
Yellow,大坪林,2021-09-11,8187.5
Yellow,頭前庄,2021-09-11,2305.5
Yellow,十四張,2021-09-11,2112.0
Yellow,秀朗橋,2021-09-11,2822.0
Yellow,景平,2021-09-11,4433.0
Yellow,中和,2021-09-11,5666.0
Yellow,橋和,2021-09-11,2285.0
Yellow,中原,2021-09-11,3159.0
Yellow,板新,2021-09-11,3175.0
Yellow,新埔民生,2021-09-11,2188.0
Yellow,幸福,2021-09-11,4326.0
Yellow,新北產業園區,2021-09-11,4385.0
Yellow,大坪林,2021-09-12,1613.0
Yellow,頭前庄,2021-09-12,510.0
Yellow,十四張,2021-09-12,271.0
Yellow,秀朗橋,2021-09-12,768.0
Yellow,景平,2021-09-12,1083.0
Yellow,中和,2021-09-12,1763.0
Yellow,橋和,2021-09-12,402.0
Yellow,中原,2021-09-12,428.0
Yellow,板新,2021-09-12,652.0
Yellow,新埔民生,2021-09-12,534.0
Yellow,幸福,2021-09-12,1211.0
Yellow,新北產業園區,2021-09-12,1191.0
Yellow,大坪林,2021-09-13,12081.0
Yellow,頭前庄,2021-09-13,2881.0
Yellow,十四張,2021-09-13,2523.0
Yellow,秀朗橋,2021-09-13,3356.0
Yellow,景平,2021-09-13,5393.0
Yellow,中和,2021-09-13,6746.0
Yellow,橋和,2021-09-13,3627.0
Yellow,中原,2021-09-13,5297.0
Yellow,板新,2021-09-13,4214.0
Yellow,新埔民生,2021-09-13,2860.0
Yellow,幸福,2021-09-13,5240.0
Yellow,新北產業園區,2021-09-13,6075.0
Yellow,大坪林,2021-09-14,12367.0
Yellow,頭前庄,2021-09-14,2982.0
Yellow,十四張,2021-09-14,2614.0
Yellow,秀朗橋,2021-09-14,3427.0
Yellow,景平,2021-09-14,5470.0
Yellow,中和,2021-09-14,6705.0
Yellow,橋和,2021-09-14,3747.0
Yellow,中原,2021-09-14,5434.0
Yellow,板新,2021-09-14,4274.0
Yellow,新埔民生,2021-09-14,2849.0
Yellow,幸福,2021-09-14,5348.0
Yellow,新北產業園區,2021-09-14,6195.0
Yellow,大坪林,2021-09-15,12335.5
Yellow,頭前庄,2021-09-15,2969.0
Yellow,十四張,2021-09-15,2507.0
Yellow,秀朗橋,2021-09-15,3329.0
Yellow,景平,2021-09-15,5596.0
Yellow,中和,2021-09-15,6870.0
Yellow,橋和,2021-09-15,3788.0
Yellow,中原,2021-09-15,5629.0
Yellow,板新,2021-09-15,4292.0
Yellow,新埔民生,2021-09-15,2900.0
Yellow,幸福,2021-09-15,5362.0
Yellow,新北產業園區,2021-09-15,6394.0
Yellow,大坪林,2021-09-16,12642.0
Yellow,頭前庄,2021-09-16,2986.5
Yellow,十四張,2021-09-16,2568.0
Yellow,秀朗橋,2021-09-16,3526.0
Yellow,景平,2021-09-16,5682.0
Yellow,中和,2021-09-16,6954.0
Yellow,橋和,2021-09-16,3814.0
Yellow,中原,2021-09-16,5546.0
Yellow,板新,2021-09-16,4284.0
Yellow,新埔民生,2021-09-16,2915.0
Yellow,幸福,2021-09-16,5605.0
Yellow,新北產業園區,2021-09-16,6369.0
Yellow,大坪林,2021-09-17,13271.0
Yellow,頭前庄,2021-09-17,3156.0
Yellow,十四張,2021-09-17,2581.0
Yellow,秀朗橋,2021-09-17,3786.0
Yellow,景平,2021-09-17,5912.0
Yellow,中和,2021-09-17,7372.0
Yellow,橋和,2021-09-17,3780.0
Yellow,中原,2021-09-17,5531.0
Yellow,板新,2021-09-17,4426.0
Yellow,新埔民生,2021-09-17,3054.0
Yellow,幸福,2021-09-17,5950.0
Yellow,新北產業園區,2021-09-17,6889.0
Yellow,大坪林,2021-09-18,6186.0
Yellow,頭前庄,2021-09-18,1903.0
Yellow,十四張,2021-09-18,937.0
Yellow,秀朗橋,2021-09-18,2804.0
Yellow,景平,2021-09-18,3469.0
Yellow,中和,2021-09-18,5339.0
Yellow,橋和,2021-09-18,1298.0
Yellow,中原,2021-09-18,1635.0
Yellow,板新,2021-09-18,2207.0
Yellow,新埔民生,2021-09-18,1978.0
Yellow,幸福,2021-09-18,3641.0
Yellow,新北產業園區,2021-09-18,3325.0
Yellow,大坪林,2021-09-19,5228.0
Yellow,頭前庄,2021-09-19,1724.0
Yellow,十四張,2021-09-19,813.0
Yellow,秀朗橋,2021-09-19,2379.0
Yellow,景平,2021-09-19,3028.0
Yellow,中和,2021-09-19,5204.0
Yellow,橋和,2021-09-19,1312.0
Yellow,中原,2021-09-19,1420.0
Yellow,板新,2021-09-19,1733.0
Yellow,新埔民生,2021-09-19,1666.0
Yellow,幸福,2021-09-19,3264.0
Yellow,新北產業園區,2021-09-19,3378.0
Yellow,大坪林,2021-09-20,5780.0
Yellow,頭前庄,2021-09-20,1987.5
Yellow,十四張,2021-09-20,907.0
Yellow,秀朗橋,2021-09-20,2569.0
Yellow,景平,2021-09-20,3365.0
Yellow,中和,2021-09-20,5240.0
Yellow,橋和,2021-09-20,1363.0
Yellow,中原,2021-09-20,1471.0
Yellow,板新,2021-09-20,1840.0
Yellow,新埔民生,2021-09-20,1955.0
Yellow,幸福,2021-09-20,3566.0
Yellow,新北產業園區,2021-09-20,3237.0
Yellow,大坪林,2021-09-21,4860.5
Yellow,頭前庄,2021-09-21,1572.0
Yellow,十四張,2021-09-21,927.0
Yellow,秀朗橋,2021-09-21,2471.0
Yellow,景平,2021-09-21,3160.0
Yellow,中和,2021-09-21,4824.0
Yellow,橋和,2021-09-21,1082.0
Yellow,中原,2021-09-21,1384.0
Yellow,板新,2021-09-21,1723.0
Yellow,新埔民生,2021-09-21,1752.0
Yellow,幸福,2021-09-21,3338.0
Yellow,新北產業園區,2021-09-21,2811.0
Yellow,大坪林,2021-09-22,12813.5
Yellow,頭前庄,2021-09-22,2903.0
Yellow,十四張,2021-09-22,2542.0
Yellow,秀朗橋,2021-09-22,3551.0
Yellow,景平,2021-09-22,5701.0
Yellow,中和,2021-09-22,6907.0
Yellow,橋和,2021-09-22,3574.0
Yellow,中原,2021-09-22,5445.0
Yellow,板新,2021-09-22,4378.0
Yellow,新埔民生,2021-09-22,3103.0
Yellow,幸福,2021-09-22,5696.0
Yellow,新北產業園區,2021-09-22,6540.0
Yellow,大坪林,2021-09-23,13016.5
Yellow,頭前庄,2021-09-23,3031.5
Yellow,十四張,2021-09-23,2619.0
Yellow,秀朗橋,2021-09-23,3546.0
Yellow,景平,2021-09-23,5689.0
Yellow,中和,2021-09-23,6935.0
Yellow,橋和,2021-09-23,3772.0
Yellow,中原,2021-09-23,5530.0
Yellow,板新,2021-09-23,4407.0
Yellow,新埔民生,2021-09-23,3059.0
Yellow,幸福,2021-09-23,5559.0
Yellow,新北產業園區,2021-09-23,6439.0
Yellow,大坪林,2021-09-24,13445.0
Yellow,頭前庄,2021-09-24,3247.5
Yellow,十四張,2021-09-24,2643.0
Yellow,秀朗橋,2021-09-24,3803.0
Yellow,景平,2021-09-24,5823.0
Yellow,中和,2021-09-24,7270.0
Yellow,橋和,2021-09-24,3781.0
Yellow,中原,2021-09-24,5632.0
Yellow,板新,2021-09-24,4561.0
Yellow,新埔民生,2021-09-24,3276.0
Yellow,幸福,2021-09-24,6008.0
Yellow,新北產業園區,2021-09-24,6757.0
Yellow,大坪林,2021-09-25,6682.0
Yellow,頭前庄,2021-09-25,2130.5
Yellow,十四張,2021-09-25,1175.0
Yellow,秀朗橋,2021-09-25,2892.0
Yellow,景平,2021-09-25,3661.0
Yellow,中和,2021-09-25,5699.0
Yellow,橋和,2021-09-25,1646.0
Yellow,中原,2021-09-25,1758.0
Yellow,板新,2021-09-25,2311.0
Yellow,新埔民生,2021-09-25,2184.0
Yellow,幸福,2021-09-25,3900.0
Yellow,新北產業園區,2021-09-25,3365.0
Yellow,大坪林,2021-09-26,5471.0
Yellow,頭前庄,2021-09-26,1959.5
Yellow,十四張,2021-09-26,965.0
Yellow,秀朗橋,2021-09-26,2431.0
Yellow,景平,2021-09-26,3027.0
Yellow,中和,2021-09-26,4953.0
Yellow,橋和,2021-09-26,1314.0
Yellow,中原,2021-09-26,1605.0
Yellow,板新,2021-09-26,1911.0
Yellow,新埔民生,2021-09-26,1911.0
Yellow,幸福,2021-09-26,3405.0
Yellow,新北產業園區,2021-09-26,3027.0
Yellow,大坪林,2021-09-27,12993.5
Yellow,頭前庄,2021-09-27,3016.0
Yellow,十四張,2021-09-27,2551.0
Yellow,秀朗橋,2021-09-27,3645.0
Yellow,景平,2021-09-27,5767.0
Yellow,中和,2021-09-27,6950.0
Yellow,橋和,2021-09-27,3839.0
Yellow,中原,2021-09-27,5490.0
Yellow,板新,2021-09-27,4508.0
Yellow,新埔民生,2021-09-27,3188.0
Yellow,幸福,2021-09-27,5605.0
Yellow,新北產業園區,2021-09-27,6598.0
Yellow,大坪林,2021-09-28,13087.5
Yellow,頭前庄,2021-09-28,2951.0
Yellow,十四張,2021-09-28,2724.0
Yellow,秀朗橋,2021-09-28,3576.0
Yellow,景平,2021-09-28,5564.0
Yellow,中和,2021-09-28,6961.0
Yellow,橋和,2021-09-28,3851.0
Yellow,中原,2021-09-28,5618.0
Yellow,板新,2021-09-28,4408.0
Yellow,新埔民生,2021-09-28,3177.0
Yellow,幸福,2021-09-28,5550.0
Yellow,新北產業園區,2021-09-28,6610.0
Yellow,大坪林,2021-09-29,12995.5
Yellow,頭前庄,2021-09-29,2980.5
Yellow,十四張,2021-09-29,2259.0
Yellow,秀朗橋,2021-09-29,3647.0
Yellow,景平,2021-09-29,5625.0
Yellow,中和,2021-09-29,6981.0
Yellow,橋和,2021-09-29,3911.0
Yellow,中原,2021-09-29,5547.0
Yellow,板新,2021-09-29,4418.0
Yellow,新埔民生,2021-09-29,3110.0
Yellow,幸福,2021-09-29,5521.0
Yellow,新北產業園區,2021-09-29,6642.0
Yellow,大坪林,2021-09-30,12801.5
Yellow,頭前庄,2021-09-30,2975.5
Yellow,十四張,2021-09-30,1630.0
Yellow,秀朗橋,2021-09-30,3696.0
Yellow,景平,2021-09-30,5847.0
Yellow,中和,2021-09-30,7023.0
Yellow,橋和,2021-09-30,3817.0
Yellow,中原,2021-09-30,5585.0
Yellow,板新,2021-09-30,4336.0
Yellow,新埔民生,2021-09-30,3076.0
Yellow,幸福,2021-09-30,5619.0
Yellow,新北產業園區,2021-09-30,6444.0
Yellow,大坪林,2021-10-01,13366.5
Yellow,頭前庄,2021-10-01,3251.0
Yellow,十四張,2021-10-01,1997.0
Yellow,秀朗橋,2021-10-01,3693.0
Yellow,景平,2021-10-01,5972.0
Yellow,中和,2021-10-01,7414.0
Yellow,橋和,2021-10-01,3874.0
Yellow,中原,2021-10-01,5541.0
Yellow,板新,2021-10-01,4427.0
Yellow,新埔民生,2021-10-01,3436.0
Yellow,幸福,2021-10-01,5860.0
Yellow,新北產業園區,2021-10-01,6841.0
Yellow,大坪林,2021-10-02,7326.5
Yellow,頭前庄,2021-10-02,2610.0
Yellow,十四張,2021-10-02,1166.0
Yellow,秀朗橋,2021-10-02,3153.0
Yellow,景平,2021-10-02,3714.0
Yellow,中和,2021-10-02,5841.0
Yellow,橋和,2021-10-02,1666.0
Yellow,中原,2021-10-02,1997.0
Yellow,板新,2021-10-02,2522.0
Yellow,新埔民生,2021-10-02,2702.0
Yellow,幸福,2021-10-02,4236.0
Yellow,新北產業園區,2021-10-02,3644.0
Yellow,大坪林,2021-10-03,5984.5
Yellow,頭前庄,2021-10-03,2126.0
Yellow,十四張,2021-10-03,1036.0
Yellow,秀朗橋,2021-10-03,2577.0
Yellow,景平,2021-10-03,3309.0
Yellow,中和,2021-10-03,5016.0
Yellow,橋和,2021-10-03,1235.0
Yellow,中原,2021-10-03,1623.0
Yellow,板新,2021-10-03,2072.0
Yellow,新埔民生,2021-10-03,2080.0
Yellow,幸福,2021-10-03,3413.0
Yellow,新北產業園區,2021-10-03,3297.0
Yellow,大坪林,2021-10-04,13602.5
Yellow,頭前庄,2021-10-04,3328.0
Yellow,十四張,2021-10-04,2698.0
Yellow,秀朗橋,2021-10-04,3872.0
Yellow,景平,2021-10-04,5928.0
Yellow,中和,2021-10-04,7433.0
Yellow,橋和,2021-10-04,4053.0
Yellow,中原,2021-10-04,5639.0
Yellow,板新,2021-10-04,4650.0
Yellow,新埔民生,2021-10-04,3495.0
Yellow,幸福,2021-10-04,5851.0
Yellow,新北產業園區,2021-10-04,6847.0
Yellow,大坪林,2021-10-05,13718.0
Yellow,頭前庄,2021-10-05,3347.0
Yellow,十四張,2021-10-05,2601.0
Yellow,秀朗橋,2021-10-05,3877.0
Yellow,景平,2021-10-05,5974.0
Yellow,中和,2021-10-05,7305.0
Yellow,橋和,2021-10-05,4092.0
Yellow,中原,2021-10-05,5710.0
Yellow,板新,2021-10-05,4864.0
Yellow,新埔民生,2021-10-05,3568.0
Yellow,幸福,2021-10-05,5944.0
Yellow,新北產業園區,2021-10-05,7193.0
Yellow,大坪林,2021-10-06,14144.0
Yellow,頭前庄,2021-10-06,3330.0
Yellow,十四張,2021-10-06,2648.0
Yellow,秀朗橋,2021-10-06,3928.0
Yellow,景平,2021-10-06,6258.0
Yellow,中和,2021-10-06,7671.0
Yellow,橋和,2021-10-06,4143.0
Yellow,中原,2021-10-06,5843.0
Yellow,板新,2021-10-06,4791.0
Yellow,新埔民生,2021-10-06,3641.0
Yellow,幸福,2021-10-06,5896.0
Yellow,新北產業園區,2021-10-06,7195.0
Yellow,大坪林,2021-10-07,14185.0
Yellow,頭前庄,2021-10-07,3499.5
Yellow,十四張,2021-10-07,2623.0
Yellow,秀朗橋,2021-10-07,3933.0
Yellow,景平,2021-10-07,6033.0
Yellow,中和,2021-10-07,7557.0
Yellow,橋和,2021-10-07,3948.0
Yellow,中原,2021-10-07,5909.0
Yellow,板新,2021-10-07,4790.0
Yellow,新埔民生,2021-10-07,3489.0
Yellow,幸福,2021-10-07,6102.0
Yellow,新北產業園區,2021-10-07,7100.0
Yellow,大坪林,2021-10-08,15066.0
Yellow,頭前庄,2021-10-08,3637.0
Yellow,十四張,2021-10-08,2822.0
Yellow,秀朗橋,2021-10-08,4377.0
Yellow,景平,2021-10-08,6717.0
Yellow,中和,2021-10-08,8332.0
Yellow,橋和,2021-10-08,4218.0
Yellow,中原,2021-10-08,6020.0
Yellow,板新,2021-10-08,5054.0
Yellow,新埔民生,2021-10-08,3970.0
Yellow,幸福,2021-10-08,6595.0
Yellow,新北產業園區,2021-10-08,7848.0
Yellow,大坪林,2021-10-09,7869.0
Yellow,頭前庄,2021-10-09,2689.5
Yellow,十四張,2021-10-09,1349.0
Yellow,秀朗橋,2021-10-09,3708.0
Yellow,景平,2021-10-09,4416.0
Yellow,中和,2021-10-09,6947.0
Yellow,橋和,2021-10-09,1740.0
Yellow,中原,2021-10-09,2194.0
Yellow,板新,2021-10-09,2873.0
Yellow,新埔民生,2021-10-09,2854.0
Yellow,幸福,2021-10-09,4744.0
Yellow,新北產業園區,2021-10-09,4485.0
Yellow,大坪林,2021-10-10,7015.0
Yellow,頭前庄,2021-10-10,2656.5
Yellow,十四張,2021-10-10,1141.0
Yellow,秀朗橋,2021-10-10,3251.0
Yellow,景平,2021-10-10,3964.0
Yellow,中和,2021-10-10,6638.0
Yellow,橋和,2021-10-10,1595.0
Yellow,中原,2021-10-10,2104.0
Yellow,板新,2021-10-10,2479.0
Yellow,新埔民生,2021-10-10,2793.0
Yellow,幸福,2021-10-10,4455.0
Yellow,新北產業園區,2021-10-10,4496.0
Yellow,大坪林,2021-10-11,6089.0
Yellow,頭前庄,2021-10-11,1869.0
Yellow,十四張,2021-10-11,894.0
Yellow,秀朗橋,2021-10-11,2612.0
Yellow,景平,2021-10-11,3620.0
Yellow,中和,2021-10-11,5337.0
Yellow,橋和,2021-10-11,1467.0
Yellow,中原,2021-10-11,1567.0
Yellow,板新,2021-10-11,1987.0
Yellow,新埔民生,2021-10-11,2172.0
Yellow,幸福,2021-10-11,3664.0
Yellow,新北產業園區,2021-10-11,3303.0
Yellow,大坪林,2021-10-12,14764.5
Yellow,頭前庄,2021-10-12,3457.0
Yellow,十四張,2021-10-12,2747.0
Yellow,秀朗橋,2021-10-12,4423.0
Yellow,景平,2021-10-12,6952.0
Yellow,中和,2021-10-12,8535.0
Yellow,橋和,2021-10-12,4298.0
Yellow,中原,2021-10-12,6294.0
Yellow,板新,2021-10-12,5491.0
Yellow,新埔民生,2021-10-12,4143.0
Yellow,幸福,2021-10-12,6403.0
Yellow,新北產業園區,2021-10-12,7739.0
Yellow,大坪林,2021-10-13,14937.5
Yellow,頭前庄,2021-10-13,3534.5
Yellow,十四張,2021-10-13,2831.0
Yellow,秀朗橋,2021-10-13,4302.0
Yellow,景平,2021-10-13,6633.0
Yellow,中和,2021-10-13,8365.0
Yellow,橋和,2021-10-13,4233.0
Yellow,中原,2021-10-13,6291.0
Yellow,板新,2021-10-13,5430.0
Yellow,新埔民生,2021-10-13,4124.0
Yellow,幸福,2021-10-13,6290.0
Yellow,新北產業園區,2021-10-13,7818.0
Yellow,大坪林,2021-10-14,14634.0
Yellow,頭前庄,2021-10-14,3542.0
Yellow,十四張,2021-10-14,2800.0
Yellow,秀朗橋,2021-10-14,4264.0
Yellow,景平,2021-10-14,6455.0
Yellow,中和,2021-10-14,8251.0
Yellow,橋和,2021-10-14,4174.0
Yellow,中原,2021-10-14,6172.0
Yellow,板新,2021-10-14,5122.0
Yellow,新埔民生,2021-10-14,4114.0
Yellow,幸福,2021-10-14,6350.0
Yellow,新北產業園區,2021-10-14,7515.0
Yellow,大坪林,2021-10-15,15441.5
Yellow,頭前庄,2021-10-15,3748.0
Yellow,十四張,2021-10-15,2969.0
Yellow,秀朗橋,2021-10-15,4520.0
Yellow,景平,2021-10-15,6815.0
Yellow,中和,2021-10-15,8819.0
Yellow,橋和,2021-10-15,4334.0
Yellow,中原,2021-10-15,6350.0
Yellow,板新,2021-10-15,5325.0
Yellow,新埔民生,2021-10-15,4433.0
Yellow,幸福,2021-10-15,6864.0
Yellow,新北產業園區,2021-10-15,8374.0
Yellow,大坪林,2021-10-16,8861.5
Yellow,頭前庄,2021-10-16,3025.5
Yellow,十四張,2021-10-16,1618.0
Yellow,秀朗橋,2021-10-16,4125.0
Yellow,景平,2021-10-16,4586.0
Yellow,中和,2021-10-16,7437.0
Yellow,橋和,2021-10-16,2038.0
Yellow,中原,2021-10-16,2321.0
Yellow,板新,2021-10-16,3358.0
Yellow,新埔民生,2021-10-16,3387.0
Yellow,幸福,2021-10-16,5189.0
Yellow,新北產業園區,2021-10-16,4714.0
Yellow,大坪林,2021-10-17,7099.0
Yellow,頭前庄,2021-10-17,2474.0
Yellow,十四張,2021-10-17,1205.0
Yellow,秀朗橋,2021-10-17,3182.0
Yellow,景平,2021-10-17,4008.0
Yellow,中和,2021-10-17,6090.0
Yellow,橋和,2021-10-17,1509.0
Yellow,中原,2021-10-17,1968.0
Yellow,板新,2021-10-17,2425.0
Yellow,新埔民生,2021-10-17,2721.0
Yellow,幸福,2021-10-17,4138.0
Yellow,新北產業園區,2021-10-17,3920.0
Yellow,大坪林,2021-10-18,14707.5
Yellow,頭前庄,2021-10-18,3548.5
Yellow,十四張,2021-10-18,2709.0
Yellow,秀朗橋,2021-10-18,4276.0
Yellow,景平,2021-10-18,6547.0
Yellow,中和,2021-10-18,8219.0
Yellow,橋和,2021-10-18,4088.0
Yellow,中原,2021-10-18,5999.0
Yellow,板新,2021-10-18,5008.0
Yellow,新埔民生,2021-10-18,4071.0
Yellow,幸福,2021-10-18,6176.0
Yellow,新北產業園區,2021-10-18,7729.0
Yellow,大坪林,2021-10-19,14756.0
Yellow,頭前庄,2021-10-19,3572.0
Yellow,十四張,2021-10-19,2903.0
Yellow,秀朗橋,2021-10-19,4292.0
Yellow,景平,2021-10-19,6550.0
Yellow,中和,2021-10-19,8106.0
Yellow,橋和,2021-10-19,4099.0
Yellow,中原,2021-10-19,6117.0
Yellow,板新,2021-10-19,5174.0
Yellow,新埔民生,2021-10-19,4157.0
Yellow,幸福,2021-10-19,6348.0
Yellow,新北產業園區,2021-10-19,7846.0
Yellow,大坪林,2021-10-20,15062.5
Yellow,頭前庄,2021-10-20,3663.0
Yellow,十四張,2021-10-20,2847.0
Yellow,秀朗橋,2021-10-20,4384.0
Yellow,景平,2021-10-20,6632.0
Yellow,中和,2021-10-20,8337.0
Yellow,橋和,2021-10-20,4134.0
Yellow,中原,2021-10-20,6263.0
Yellow,板新,2021-10-20,5242.0
Yellow,新埔民生,2021-10-20,4194.0
Yellow,幸福,2021-10-20,6492.0
Yellow,新北產業園區,2021-10-20,7854.0
Yellow,大坪林,2021-10-21,15177.5
Yellow,頭前庄,2021-10-21,3607.0
Yellow,十四張,2021-10-21,2764.0
Yellow,秀朗橋,2021-10-21,4433.0
Yellow,景平,2021-10-21,6846.0
Yellow,中和,2021-10-21,8598.0
Yellow,橋和,2021-10-21,4213.0
Yellow,中原,2021-10-21,6391.0
Yellow,板新,2021-10-21,5451.0
Yellow,新埔民生,2021-10-21,4088.0
Yellow,幸福,2021-10-21,6544.0
Yellow,新北產業園區,2021-10-21,8020.0
Yellow,大坪林,2021-10-22,15819.0
Yellow,頭前庄,2021-10-22,3895.5
Yellow,十四張,2021-10-22,2950.0
Yellow,秀朗橋,2021-10-22,5135.0
Yellow,景平,2021-10-22,7511.0
Yellow,中和,2021-10-22,9519.0
Yellow,橋和,2021-10-22,4422.0
Yellow,中原,2021-10-22,6674.0
Yellow,板新,2021-10-22,5823.0
Yellow,新埔民生,2021-10-22,4630.0
Yellow,幸福,2021-10-22,7448.0
Yellow,新北產業園區,2021-10-22,8904.0
Yellow,大坪林,2021-10-23,8590.5
Yellow,頭前庄,2021-10-23,2847.0
Yellow,十四張,2021-10-23,1527.0
Yellow,秀朗橋,2021-10-23,3863.0
Yellow,景平,2021-10-23,5230.0
Yellow,中和,2021-10-23,7682.0
Yellow,橋和,2021-10-23,2106.0
Yellow,中原,2021-10-23,2479.0
Yellow,板新,2021-10-23,3409.0
Yellow,新埔民生,2021-10-23,3120.0
Yellow,幸福,2021-10-23,5257.0
Yellow,新北產業園區,2021-10-23,4474.0
Yellow,大坪林,2021-10-24,6707.5
Yellow,頭前庄,2021-10-24,2366.0
Yellow,十四張,2021-10-24,1169.0
Yellow,秀朗橋,2021-10-24,2928.0
Yellow,景平,2021-10-24,4115.0
Yellow,中和,2021-10-24,6234.0
Yellow,橋和,2021-10-24,1521.0
Yellow,中原,2021-10-24,1732.0
Yellow,板新,2021-10-24,2529.0
Yellow,新埔民生,2021-10-24,2434.0
Yellow,幸福,2021-10-24,3922.0
Yellow,新北產業園區,2021-10-24,3798.0
Yellow,大坪林,2021-10-25,14755.0
Yellow,頭前庄,2021-10-25,3502.0
Yellow,十四張,2021-10-25,2860.0
Yellow,秀朗橋,2021-10-25,4384.0
Yellow,景平,2021-10-25,6623.0
Yellow,中和,2021-10-25,8594.0
Yellow,橋和,2021-10-25,4210.0
Yellow,中原,2021-10-25,6219.0
Yellow,板新,2021-10-25,5191.0
Yellow,新埔民生,2021-10-25,4104.0
Yellow,幸福,2021-10-25,6662.0
Yellow,新北產業園區,2021-10-25,8245.0
Yellow,大坪林,2021-10-26,15113.0
Yellow,頭前庄,2021-10-26,3579.0
Yellow,十四張,2021-10-26,2836.0
Yellow,秀朗橋,2021-10-26,4449.0
Yellow,景平,2021-10-26,6739.0
Yellow,中和,2021-10-26,8363.0
Yellow,橋和,2021-10-26,4121.0
Yellow,中原,2021-10-26,6249.0
Yellow,板新,2021-10-26,5305.0
Yellow,新埔民生,2021-10-26,4161.0
Yellow,幸福,2021-10-26,6363.0
Yellow,新北產業園區,2021-10-26,8173.0
Yellow,大坪林,2021-10-27,15251.0
Yellow,頭前庄,2021-10-27,3587.0
Yellow,十四張,2021-10-27,2912.0
Yellow,秀朗橋,2021-10-27,4317.0
Yellow,景平,2021-10-27,6719.0
Yellow,中和,2021-10-27,8250.0
Yellow,橋和,2021-10-27,4205.0
Yellow,中原,2021-10-27,6186.0
Yellow,板新,2021-10-27,5310.0
Yellow,新埔民生,2021-10-27,4200.0
Yellow,幸福,2021-10-27,6487.0
Yellow,新北產業園區,2021-10-27,8141.0
Yellow,大坪林,2021-10-28,15055.5
Yellow,頭前庄,2021-10-28,3693.0
Yellow,十四張,2021-10-28,2880.0
Yellow,秀朗橋,2021-10-28,4364.0
Yellow,景平,2021-10-28,6706.0
Yellow,中和,2021-10-28,8414.0
Yellow,橋和,2021-10-28,3958.0
Yellow,中原,2021-10-28,6169.0
Yellow,板新,2021-10-28,5085.0
Yellow,新埔民生,2021-10-28,4155.0
Yellow,幸福,2021-10-28,6509.0
Yellow,新北產業園區,2021-10-28,8050.0
Yellow,大坪林,2021-10-29,15762.5
Yellow,頭前庄,2021-10-29,3812.5
Yellow,十四張,2021-10-29,2828.0
Yellow,秀朗橋,2021-10-29,4709.0
Yellow,景平,2021-10-29,7014.0
Yellow,中和,2021-10-29,8780.0
Yellow,橋和,2021-10-29,4273.0
Yellow,中原,2021-10-29,6196.0
Yellow,板新,2021-10-29,5329.0
Yellow,新埔民生,2021-10-29,4430.0
Yellow,幸福,2021-10-29,7175.0
Yellow,新北產業園區,2021-10-29,8533.0
Yellow,大坪林,2021-10-30,9304.0
Yellow,頭前庄,2021-10-30,2922.0
Yellow,十四張,2021-10-30,1627.0
Yellow,秀朗橋,2021-10-30,3921.0
Yellow,景平,2021-10-30,4820.0
Yellow,中和,2021-10-30,7720.0
Yellow,橋和,2021-10-30,1987.0
Yellow,中原,2021-10-30,2498.0
Yellow,板新,2021-10-30,3190.0
Yellow,新埔民生,2021-10-30,3253.0
Yellow,幸福,2021-10-30,5256.0
Yellow,新北產業園區,2021-10-30,5019.0
Yellow,大坪林,2021-10-31,7686.5
Yellow,頭前庄,2021-10-31,2556.5
Yellow,十四張,2021-10-31,1318.0
Yellow,秀朗橋,2021-10-31,3351.0
Yellow,景平,2021-10-31,4271.0
Yellow,中和,2021-10-31,6446.0
Yellow,橋和,2021-10-31,1602.0
Yellow,中原,2021-10-31,2107.0
Yellow,板新,2021-10-31,2469.0
Yellow,新埔民生,2021-10-31,2675.0
Yellow,幸福,2021-10-31,4596.0
Yellow,新北產業園區,2021-10-31,4319.0
Yellow,大坪林,2021-11-01,14824.0
Yellow,頭前庄,2021-11-01,3561.5
Yellow,十四張,2021-11-01,2713.0
Yellow,秀朗橋,2021-11-01,4247.0
Yellow,景平,2021-11-01,6569.0
Yellow,中和,2021-11-01,8313.0
Yellow,橋和,2021-11-01,4159.0
Yellow,中原,2021-11-01,6305.0
Yellow,板新,2021-11-01,5134.0
Yellow,新埔民生,2021-11-01,4056.0
Yellow,幸福,2021-11-01,6464.0
Yellow,新北產業園區,2021-11-01,8078.0
Yellow,大坪林,2021-11-02,15229.0
Yellow,頭前庄,2021-11-02,3574.5
Yellow,十四張,2021-11-02,2769.0
Yellow,秀朗橋,2021-11-02,4516.0
Yellow,景平,2021-11-02,6778.0
Yellow,中和,2021-11-02,8270.0
Yellow,橋和,2021-11-02,4274.0
Yellow,中原,2021-11-02,6438.0
Yellow,板新,2021-11-02,5351.0
Yellow,新埔民生,2021-11-02,4180.0
Yellow,幸福,2021-11-02,6659.0
Yellow,新北產業園區,2021-11-02,8178.0
Yellow,大坪林,2021-11-03,15528.5
Yellow,頭前庄,2021-11-03,3730.0
Yellow,十四張,2021-11-03,2837.0
Yellow,秀朗橋,2021-11-03,4410.0
Yellow,景平,2021-11-03,6759.0
Yellow,中和,2021-11-03,8456.0
Yellow,橋和,2021-11-03,4219.0
Yellow,中原,2021-11-03,6433.0
Yellow,板新,2021-11-03,5372.0
Yellow,新埔民生,2021-11-03,4240.0
Yellow,幸福,2021-11-03,6774.0
Yellow,新北產業園區,2021-11-03,8149.0
Yellow,大坪林,2021-11-04,15473.5
Yellow,頭前庄,2021-11-04,3747.5
Yellow,十四張,2021-11-04,2915.0
Yellow,秀朗橋,2021-11-04,4415.0
Yellow,景平,2021-11-04,6642.0
Yellow,中和,2021-11-04,8526.0
Yellow,橋和,2021-11-04,4102.0
Yellow,中原,2021-11-04,6333.0
Yellow,板新,2021-11-04,5408.0
Yellow,新埔民生,2021-11-04,4101.0
Yellow,幸福,2021-11-04,6710.0
Yellow,新北產業園區,2021-11-04,8216.0
Yellow,大坪林,2021-11-05,16505.0
Yellow,頭前庄,2021-11-05,3975.0
Yellow,十四張,2021-11-05,3011.0
Yellow,秀朗橋,2021-11-05,4878.0
Yellow,景平,2021-11-05,7106.0
Yellow,中和,2021-11-05,9131.0
Yellow,橋和,2021-11-05,4447.0
Yellow,中原,2021-11-05,6587.0
Yellow,板新,2021-11-05,5762.0
Yellow,新埔民生,2021-11-05,4445.0
Yellow,幸福,2021-11-05,7386.0
Yellow,新北產業園區,2021-11-05,8859.0
Yellow,大坪林,2021-11-06,9740.0
Yellow,頭前庄,2021-11-06,3115.0
Yellow,十四張,2021-11-06,1521.0
Yellow,秀朗橋,2021-11-06,3952.0
Yellow,景平,2021-11-06,5071.0
Yellow,中和,2021-11-06,8021.0
Yellow,橋和,2021-11-06,2070.0
Yellow,中原,2021-11-06,2536.0
Yellow,板新,2021-11-06,3245.0
Yellow,新埔民生,2021-11-06,3493.0
Yellow,幸福,2021-11-06,5650.0
Yellow,新北產業園區,2021-11-06,5350.0
Yellow,大坪林,2021-11-07,8357.5
Yellow,頭前庄,2021-11-07,2620.0
Yellow,十四張,2021-11-07,1280.0
Yellow,秀朗橋,2021-11-07,3579.0
Yellow,景平,2021-11-07,4927.0
Yellow,中和,2021-11-07,6719.0
Yellow,橋和,2021-11-07,1607.0
Yellow,中原,2021-11-07,2195.0
Yellow,板新,2021-11-07,2623.0
Yellow,新埔民生,2021-11-07,3075.0
Yellow,幸福,2021-11-07,4796.0
Yellow,新北產業園區,2021-11-07,4735.0
Yellow,大坪林,2021-11-08,15472.0
Yellow,頭前庄,2021-11-08,3524.0
Yellow,十四張,2021-11-08,2974.0
Yellow,秀朗橋,2021-11-08,4779.0
Yellow,景平,2021-11-08,7162.0
Yellow,中和,2021-11-08,8845.0
Yellow,橋和,2021-11-08,4675.0
Yellow,中原,2021-11-08,6607.0
Yellow,板新,2021-11-08,5590.0
Yellow,新埔民生,2021-11-08,4222.0
Yellow,幸福,2021-11-08,6981.0
Yellow,新北產業園區,2021-11-08,8447.0
Yellow,大坪林,2021-11-09,15301.5
Yellow,頭前庄,2021-11-09,3578.0
Yellow,十四張,2021-11-09,2955.0
Yellow,秀朗橋,2021-11-09,4485.0
Yellow,景平,2021-11-09,6965.0
Yellow,中和,2021-11-09,8657.0
Yellow,橋和,2021-11-09,4471.0
Yellow,中原,2021-11-09,6352.0
Yellow,板新,2021-11-09,5540.0
Yellow,新埔民生,2021-11-09,4222.0
Yellow,幸福,2021-11-09,6664.0
Yellow,新北產業園區,2021-11-09,8205.0
Yellow,大坪林,2021-11-10,15712.5
Yellow,頭前庄,2021-11-10,3766.5
Yellow,十四張,2021-11-10,2913.0
Yellow,秀朗橋,2021-11-10,4548.0
Yellow,景平,2021-11-10,6910.0
Yellow,中和,2021-11-10,8833.0
Yellow,橋和,2021-11-10,4453.0
Yellow,中原,2021-11-10,6537.0
Yellow,板新,2021-11-10,5459.0
Yellow,新埔民生,2021-11-10,4352.0
Yellow,幸福,2021-11-10,6874.0
Yellow,新北產業園區,2021-11-10,8489.0
Yellow,大坪林,2021-11-11,15923.5
Yellow,頭前庄,2021-11-11,3794.0
Yellow,十四張,2021-11-11,2957.0
Yellow,秀朗橋,2021-11-11,4675.0
Yellow,景平,2021-11-11,6933.0
Yellow,中和,2021-11-11,8737.0
Yellow,橋和,2021-11-11,4491.0
Yellow,中原,2021-11-11,6449.0
Yellow,板新,2021-11-11,5477.0
Yellow,新埔民生,2021-11-11,4154.0
Yellow,幸福,2021-11-11,6704.0
Yellow,新北產業園區,2021-11-11,8513.0
Yellow,大坪林,2021-11-12,16563.5
Yellow,頭前庄,2021-11-12,3955.5
Yellow,十四張,2021-11-12,3048.0
Yellow,秀朗橋,2021-11-12,5094.0
Yellow,景平,2021-11-12,7651.0
Yellow,中和,2021-11-12,9560.0
Yellow,橋和,2021-11-12,4659.0
Yellow,中原,2021-11-12,6917.0
Yellow,板新,2021-11-12,5871.0
Yellow,新埔民生,2021-11-12,4677.0
Yellow,幸福,2021-11-12,7771.0
Yellow,新北產業園區,2021-11-12,9257.0
Yellow,大坪林,2021-11-13,9382.5
Yellow,頭前庄,2021-11-13,3031.5
Yellow,十四張,2021-11-13,1536.0
Yellow,秀朗橋,2021-11-13,4185.0
Yellow,景平,2021-11-13,5175.0
Yellow,中和,2021-11-13,7782.0
Yellow,橋和,2021-11-13,1977.0
Yellow,中原,2021-11-13,2606.0
Yellow,板新,2021-11-13,3384.0
Yellow,新埔民生,2021-11-13,3368.0
Yellow,幸福,2021-11-13,5750.0
Yellow,新北產業園區,2021-11-13,4934.0
Yellow,大坪林,2021-11-14,8153.5
Yellow,頭前庄,2021-11-14,2722.5
Yellow,十四張,2021-11-14,1360.0
Yellow,秀朗橋,2021-11-14,3621.0
Yellow,景平,2021-11-14,4658.0
Yellow,中和,2021-11-14,7008.0
Yellow,橋和,2021-11-14,1787.0
Yellow,中原,2021-11-14,2405.0
Yellow,板新,2021-11-14,2609.0
Yellow,新埔民生,2021-11-14,3030.0
Yellow,幸福,2021-11-14,5089.0
Yellow,新北產業園區,2021-11-14,4848.0
Yellow,大坪林,2021-11-15,15356.5
Yellow,頭前庄,2021-11-15,3597.0
Yellow,十四張,2021-11-15,2849.0
Yellow,秀朗橋,2021-11-15,4514.0
Yellow,景平,2021-11-15,6933.0
Yellow,中和,2021-11-15,8607.0
Yellow,橋和,2021-11-15,4446.0
Yellow,中原,2021-11-15,6390.0
Yellow,板新,2021-11-15,5499.0
Yellow,新埔民生,2021-11-15,4259.0
Yellow,幸福,2021-11-15,6855.0
Yellow,新北產業園區,2021-11-15,8475.0
Yellow,大坪林,2021-11-16,15589.5
Yellow,頭前庄,2021-11-16,3684.5
Yellow,十四張,2021-11-16,2883.0
Yellow,秀朗橋,2021-11-16,4666.0
Yellow,景平,2021-11-16,7098.0
Yellow,中和,2021-11-16,8668.0
Yellow,橋和,2021-11-16,4543.0
Yellow,中原,2021-11-16,6575.0
Yellow,板新,2021-11-16,5601.0
Yellow,新埔民生,2021-11-16,4265.0
Yellow,幸福,2021-11-16,6892.0
Yellow,新北產業園區,2021-11-16,8454.0
Yellow,大坪林,2021-11-17,15734.5
Yellow,頭前庄,2021-11-17,3727.5
Yellow,十四張,2021-11-17,2811.0
Yellow,秀朗橋,2021-11-17,4570.0
Yellow,景平,2021-11-17,7046.0
Yellow,中和,2021-11-17,8585.0
Yellow,橋和,2021-11-17,4459.0
Yellow,中原,2021-11-17,6591.0
Yellow,板新,2021-11-17,5630.0
Yellow,新埔民生,2021-11-17,4341.0
Yellow,幸福,2021-11-17,6857.0
Yellow,新北產業園區,2021-11-17,8463.0
Yellow,大坪林,2021-11-18,15596.5
Yellow,頭前庄,2021-11-18,3822.5
Yellow,十四張,2021-11-18,2845.0
Yellow,秀朗橋,2021-11-18,4703.0
Yellow,景平,2021-11-18,7216.0
Yellow,中和,2021-11-18,8768.0
Yellow,橋和,2021-11-18,4399.0
Yellow,中原,2021-11-18,6668.0
Yellow,板新,2021-11-18,5614.0
Yellow,新埔民生,2021-11-18,4268.0
Yellow,幸福,2021-11-18,6899.0
Yellow,新北產業園區,2021-11-18,8630.0
Yellow,大坪林,2021-11-19,16465.5
Yellow,頭前庄,2021-11-19,4117.0
Yellow,十四張,2021-11-19,2982.0
Yellow,秀朗橋,2021-11-19,4917.0
Yellow,景平,2021-11-19,7436.0
Yellow,中和,2021-11-19,9403.0
Yellow,橋和,2021-11-19,4496.0
Yellow,中原,2021-11-19,6723.0
Yellow,板新,2021-11-19,5834.0
Yellow,新埔民生,2021-11-19,4615.0
Yellow,幸福,2021-11-19,7587.0
Yellow,新北產業園區,2021-11-19,9199.0
Yellow,大坪林,2021-11-20,9653.0
Yellow,頭前庄,2021-11-20,3213.5
Yellow,十四張,2021-11-20,1535.0
Yellow,秀朗橋,2021-11-20,4325.0
Yellow,景平,2021-11-20,5441.0
Yellow,中和,2021-11-20,8143.0
Yellow,橋和,2021-11-20,2114.0
Yellow,中原,2021-11-20,2669.0
Yellow,板新,2021-11-20,3554.0
Yellow,新埔民生,2021-11-20,3538.0
Yellow,幸福,2021-11-20,5693.0
Yellow,新北產業園區,2021-11-20,5327.0
Yellow,大坪林,2021-11-21,8759.0
Yellow,頭前庄,2021-11-21,2751.0
Yellow,十四張,2021-11-21,1523.0
Yellow,秀朗橋,2021-11-21,3719.0
Yellow,景平,2021-11-21,4904.0
Yellow,中和,2021-11-21,6986.0
Yellow,橋和,2021-11-21,1700.0
Yellow,中原,2021-11-21,2312.0
Yellow,板新,2021-11-21,2812.0
Yellow,新埔民生,2021-11-21,2917.0
Yellow,幸福,2021-11-21,5249.0
Yellow,新北產業園區,2021-11-21,5021.0
Yellow,大坪林,2021-11-22,15577.5
Yellow,頭前庄,2021-11-22,3676.0
Yellow,十四張,2021-11-22,2659.0
Yellow,秀朗橋,2021-11-22,4644.0
Yellow,景平,2021-11-22,7115.0
Yellow,中和,2021-11-22,8872.0
Yellow,橋和,2021-11-22,4686.0
Yellow,中原,2021-11-22,6759.0
Yellow,板新,2021-11-22,5606.0
Yellow,新埔民生,2021-11-22,4362.0
Yellow,幸福,2021-11-22,6999.0
Yellow,新北產業園區,2021-11-22,8579.0
Yellow,大坪林,2021-11-23,15927.0
Yellow,頭前庄,2021-11-23,3722.5
Yellow,十四張,2021-11-23,2935.0
Yellow,秀朗橋,2021-11-23,4847.0
Yellow,景平,2021-11-23,7192.0
Yellow,中和,2021-11-23,9019.0
Yellow,橋和,2021-11-23,4693.0
Yellow,中原,2021-11-23,6986.0
Yellow,板新,2021-11-23,5900.0
Yellow,新埔民生,2021-11-23,4390.0
Yellow,幸福,2021-11-23,7059.0
Yellow,新北產業園區,2021-11-23,8579.0
Yellow,大坪林,2021-11-24,16035.5
Yellow,頭前庄,2021-11-24,3852.0
Yellow,十四張,2021-11-24,2987.0
Yellow,秀朗橋,2021-11-24,4727.0
Yellow,景平,2021-11-24,7027.0
Yellow,中和,2021-11-24,9057.0
Yellow,橋和,2021-11-24,4629.0
Yellow,中原,2021-11-24,6756.0
Yellow,板新,2021-11-24,5620.0
Yellow,新埔民生,2021-11-24,4463.0
Yellow,幸福,2021-11-24,6975.0
Yellow,新北產業園區,2021-11-24,8659.0
Yellow,大坪林,2021-11-25,15951.0
Yellow,頭前庄,2021-11-25,3812.0
Yellow,十四張,2021-11-25,2902.0
Yellow,秀朗橋,2021-11-25,5045.0
Yellow,景平,2021-11-25,6983.0
Yellow,中和,2021-11-25,8870.0
Yellow,橋和,2021-11-25,4665.0
Yellow,中原,2021-11-25,6683.0
Yellow,板新,2021-11-25,5656.0
Yellow,新埔民生,2021-11-25,4369.0
Yellow,幸福,2021-11-25,7037.0
Yellow,新北產業園區,2021-11-25,8677.0
Yellow,大坪林,2021-11-26,16815.0
Yellow,頭前庄,2021-11-26,4054.5
Yellow,十四張,2021-11-26,3076.0
Yellow,秀朗橋,2021-11-26,5306.0
Yellow,景平,2021-11-26,7792.0
Yellow,中和,2021-11-26,9782.0
Yellow,橋和,2021-11-26,4935.0
Yellow,中原,2021-11-26,7011.0
Yellow,板新,2021-11-26,6165.0
Yellow,新埔民生,2021-11-26,4811.0
Yellow,幸福,2021-11-26,7862.0
Yellow,新北產業園區,2021-11-26,9291.0
Yellow,大坪林,2021-11-27,10037.0
Yellow,頭前庄,2021-11-27,2947.0
Yellow,十四張,2021-11-27,1642.0
Yellow,秀朗橋,2021-11-27,4313.0
Yellow,景平,2021-11-27,5675.0
Yellow,中和,2021-11-27,8543.0
Yellow,橋和,2021-11-27,2508.0
Yellow,中原,2021-11-27,2901.0
Yellow,板新,2021-11-27,3878.0
Yellow,新埔民生,2021-11-27,3538.0
Yellow,幸福,2021-11-27,6037.0
Yellow,新北產業園區,2021-11-27,4994.0
Yellow,大坪林,2021-11-28,8745.5
Yellow,頭前庄,2021-11-28,2785.5
Yellow,十四張,2021-11-28,1532.0
Yellow,秀朗橋,2021-11-28,3701.0
Yellow,景平,2021-11-28,4758.0
Yellow,中和,2021-11-28,7240.0
Yellow,橋和,2021-11-28,2062.0
Yellow,中原,2021-11-28,2397.0
Yellow,板新,2021-11-28,2843.0
Yellow,新埔民生,2021-11-28,2941.0
Yellow,幸福,2021-11-28,4809.0
Yellow,新北產業園區,2021-11-28,4967.0
Yellow,大坪林,2021-11-29,15942.0
Yellow,頭前庄,2021-11-29,3846.0
Yellow,十四張,2021-11-29,2981.0
Yellow,秀朗橋,2021-11-29,4675.0
Yellow,景平,2021-11-29,7018.0
Yellow,中和,2021-11-29,8796.0
Yellow,橋和,2021-11-29,4602.0
Yellow,中原,2021-11-29,6574.0
Yellow,板新,2021-11-29,5562.0
Yellow,新埔民生,2021-11-29,4405.0
Yellow,幸福,2021-11-29,7034.0
Yellow,新北產業園區,2021-11-29,8801.0
Yellow,大坪林,2021-11-30,16126.0
Yellow,頭前庄,2021-11-30,3757.5
Yellow,十四張,2021-11-30,2951.0
Yellow,秀朗橋,2021-11-30,4645.0
Yellow,景平,2021-11-30,7155.0
Yellow,中和,2021-11-30,8896.0
Yellow,橋和,2021-11-30,4565.0
Yellow,中原,2021-11-30,6724.0
Yellow,板新,2021-11-30,5643.0
Yellow,新埔民生,2021-11-30,4465.0
Yellow,幸福,2021-11-30,7133.0
Yellow,新北產業園區,2021-11-30,8745.0
Yellow,大坪林,2021-12-01,16291.5
Yellow,頭前庄,2021-12-01,3733.5
Yellow,十四張,2021-12-01,3164.0
Yellow,秀朗橋,2021-12-01,4729.0
Yellow,景平,2021-12-01,7095.0
Yellow,中和,2021-12-01,8937.0
Yellow,橋和,2021-12-01,4646.0
Yellow,中原,2021-12-01,6746.0
Yellow,板新,2021-12-01,5648.0
Yellow,新埔民生,2021-12-01,4283.0
Yellow,幸福,2021-12-01,7084.0
Yellow,新北產業園區,2021-12-01,8842.0
Yellow,大坪林,2021-12-02,16170.0
Yellow,頭前庄,2021-12-02,3797.5
Yellow,十四張,2021-12-02,3199.0
Yellow,秀朗橋,2021-12-02,4695.0
Yellow,景平,2021-12-02,7112.0
Yellow,中和,2021-12-02,8878.0
Yellow,橋和,2021-12-02,4496.0
Yellow,中原,2021-12-02,6715.0
Yellow,板新,2021-12-02,5706.0
Yellow,新埔民生,2021-12-02,4380.0
Yellow,幸福,2021-12-02,7006.0
Yellow,新北產業園區,2021-12-02,8878.0
Yellow,大坪林,2021-12-03,17246.0
Yellow,頭前庄,2021-12-03,4079.0
Yellow,十四張,2021-12-03,3361.0
Yellow,秀朗橋,2021-12-03,5179.0
Yellow,景平,2021-12-03,7477.0
Yellow,中和,2021-12-03,9619.0
Yellow,橋和,2021-12-03,4749.0
Yellow,中原,2021-12-03,6846.0
Yellow,板新,2021-12-03,5949.0
Yellow,新埔民生,2021-12-03,4867.0
Yellow,幸福,2021-12-03,7848.0
Yellow,新北產業園區,2021-12-03,9752.0
Yellow,大坪林,2021-12-04,11431.5
Yellow,頭前庄,2021-12-04,3447.5
Yellow,十四張,2021-12-04,2012.0
Yellow,秀朗橋,2021-12-04,4909.0
Yellow,景平,2021-12-04,5796.0
Yellow,中和,2021-12-04,8998.0
Yellow,橋和,2021-12-04,2568.0
Yellow,中原,2021-12-04,3147.0
Yellow,板新,2021-12-04,4236.0
Yellow,新埔民生,2021-12-04,4030.0
Yellow,幸福,2021-12-04,7315.0
Yellow,新北產業園區,2021-12-04,6848.0
Yellow,大坪林,2021-12-05,8849.0
Yellow,頭前庄,2021-12-05,2869.0
Yellow,十四張,2021-12-05,1488.0
Yellow,秀朗橋,2021-12-05,3986.0
Yellow,景平,2021-12-05,5824.0
Yellow,中和,2021-12-05,7900.0
Yellow,橋和,2021-12-05,1823.0
Yellow,中原,2021-12-05,2625.0
Yellow,板新,2021-12-05,3052.0
Yellow,新埔民生,2021-12-05,3336.0
Yellow,幸福,2021-12-05,5666.0
Yellow,新北產業園區,2021-12-05,5666.0
Yellow,大坪林,2021-12-06,15887.5
Yellow,頭前庄,2021-12-06,3862.0
Yellow,十四張,2021-12-06,2817.0
Yellow,秀朗橋,2021-12-06,4955.0
Yellow,景平,2021-12-06,7324.0
Yellow,中和,2021-12-06,9348.0
Yellow,橋和,2021-12-06,4674.0
Yellow,中原,2021-12-06,6851.0
Yellow,板新,2021-12-06,5854.0
Yellow,新埔民生,2021-12-06,4291.0
Yellow,幸福,2021-12-06,7309.0
Yellow,新北產業園區,2021-12-06,8921.0
Yellow,大坪林,2021-12-07,16002.5
Yellow,頭前庄,2021-12-07,3855.5
Yellow,十四張,2021-12-07,3152.0
Yellow,秀朗橋,2021-12-07,4765.0
Yellow,景平,2021-12-07,7401.0
Yellow,中和,2021-12-07,9123.0
Yellow,橋和,2021-12-07,4841.0
Yellow,中原,2021-12-07,7005.0
Yellow,板新,2021-12-07,5768.0
Yellow,新埔民生,2021-12-07,4499.0
Yellow,幸福,2021-12-07,7190.0
Yellow,新北產業園區,2021-12-07,8927.0
Yellow,大坪林,2021-12-08,16362.5
Yellow,頭前庄,2021-12-08,3955.0
Yellow,十四張,2021-12-08,3327.0
Yellow,秀朗橋,2021-12-08,4963.0
Yellow,景平,2021-12-08,7227.0
Yellow,中和,2021-12-08,9358.0
Yellow,橋和,2021-12-08,4720.0
Yellow,中原,2021-12-08,6957.0
Yellow,板新,2021-12-08,5836.0
Yellow,新埔民生,2021-12-08,4545.0
Yellow,幸福,2021-12-08,7295.0
Yellow,新北產業園區,2021-12-08,9140.0
Yellow,大坪林,2021-12-09,16493.5
Yellow,頭前庄,2021-12-09,3911.5
Yellow,十四張,2021-12-09,3176.0
Yellow,秀朗橋,2021-12-09,4892.0
Yellow,景平,2021-12-09,7212.0
Yellow,中和,2021-12-09,9200.0
Yellow,橋和,2021-12-09,4638.0
Yellow,中原,2021-12-09,6816.0
Yellow,板新,2021-12-09,5762.0
Yellow,新埔民生,2021-12-09,4465.0
Yellow,幸福,2021-12-09,7286.0
Yellow,新北產業園區,2021-12-09,9145.0
Yellow,大坪林,2021-12-10,17304.5
Yellow,頭前庄,2021-12-10,4182.0
Yellow,十四張,2021-12-10,3333.0
Yellow,秀朗橋,2021-12-10,5254.0
Yellow,景平,2021-12-10,7758.0
Yellow,中和,2021-12-10,9771.0
Yellow,橋和,2021-12-10,4829.0
Yellow,中原,2021-12-10,7122.0
Yellow,板新,2021-12-10,6095.0
Yellow,新埔民生,2021-12-10,5017.0
Yellow,幸福,2021-12-10,8177.0
Yellow,新北產業園區,2021-12-10,9820.0
Yellow,大坪林,2021-12-11,11642.5
Yellow,頭前庄,2021-12-11,3990.0
Yellow,十四張,2021-12-11,2075.0
Yellow,秀朗橋,2021-12-11,5540.0
Yellow,景平,2021-12-11,6210.0
Yellow,中和,2021-12-11,9670.0
Yellow,橋和,2021-12-11,3000.0
Yellow,中原,2021-12-11,3279.0
Yellow,板新,2021-12-11,4532.0
Yellow,新埔民生,2021-12-11,4443.0
Yellow,幸福,2021-12-11,7889.0
Yellow,新北產業園區,2021-12-11,8007.0
Yellow,大坪林,2021-12-12,8953.5
Yellow,頭前庄,2021-12-12,2974.0
Yellow,十四張,2021-12-12,1476.0
Yellow,秀朗橋,2021-12-12,3888.0
Yellow,景平,2021-12-12,5352.0
Yellow,中和,2021-12-12,7709.0
Yellow,橋和,2021-12-12,1998.0
Yellow,中原,2021-12-12,2601.0
Yellow,板新,2021-12-12,3412.0
Yellow,新埔民生,2021-12-12,3033.0
Yellow,幸福,2021-12-12,5832.0
Yellow,新北產業園區,2021-12-12,5768.0
Yellow,大坪林,2021-12-13,16395.0
Yellow,頭前庄,2021-12-13,3945.0
Yellow,十四張,2021-12-13,3111.0
Yellow,秀朗橋,2021-12-13,4808.0
Yellow,景平,2021-12-13,7213.0
Yellow,中和,2021-12-13,9067.0
Yellow,橋和,2021-12-13,4937.0
Yellow,中原,2021-12-13,7112.0
Yellow,板新,2021-12-13,5803.0
Yellow,新埔民生,2021-12-13,4528.0
Yellow,幸福,2021-12-13,7419.0
Yellow,新北產業園區,2021-12-13,9165.0
Yellow,大坪林,2021-12-14,16351.0
Yellow,頭前庄,2021-12-14,3948.5
Yellow,十四張,2021-12-14,3195.0
Yellow,秀朗橋,2021-12-14,4830.0
Yellow,景平,2021-12-14,7330.0
Yellow,中和,2021-12-14,8989.0
Yellow,橋和,2021-12-14,4789.0
Yellow,中原,2021-12-14,6986.0
Yellow,板新,2021-12-14,5815.0
Yellow,新埔民生,2021-12-14,4573.0
Yellow,幸福,2021-12-14,7372.0
Yellow,新北產業園區,2021-12-14,9115.0
Yellow,大坪林,2021-12-15,16519.0
Yellow,頭前庄,2021-12-15,4062.0
Yellow,十四張,2021-12-15,3337.0
Yellow,秀朗橋,2021-12-15,4981.0
Yellow,景平,2021-12-15,7219.0
Yellow,中和,2021-12-15,9319.0
Yellow,橋和,2021-12-15,4967.0
Yellow,中原,2021-12-15,7025.0
Yellow,板新,2021-12-15,5882.0
Yellow,新埔民生,2021-12-15,4617.0
Yellow,幸福,2021-12-15,7585.0
Yellow,新北產業園區,2021-12-15,9423.0
Yellow,大坪林,2021-12-16,16498.0
Yellow,頭前庄,2021-12-16,4018.5
Yellow,十四張,2021-12-16,3357.0
Yellow,秀朗橋,2021-12-16,4933.0
Yellow,景平,2021-12-16,7281.0
Yellow,中和,2021-12-16,9290.0
Yellow,橋和,2021-12-16,4791.0
Yellow,中原,2021-12-16,7032.0
Yellow,板新,2021-12-16,5868.0
Yellow,新埔民生,2021-12-16,4558.0
Yellow,幸福,2021-12-16,7409.0
Yellow,新北產業園區,2021-12-16,9323.0
Yellow,大坪林,2021-12-17,17620.0
Yellow,頭前庄,2021-12-17,4300.0
Yellow,十四張,2021-12-17,3524.0
Yellow,秀朗橋,2021-12-17,5432.0
Yellow,景平,2021-12-17,7961.0
Yellow,中和,2021-12-17,10049.0
Yellow,橋和,2021-12-17,5094.0
Yellow,中原,2021-12-17,7236.0
Yellow,板新,2021-12-17,6206.0
Yellow,新埔民生,2021-12-17,4960.0
Yellow,幸福,2021-12-17,8346.0
Yellow,新北產業園區,2021-12-17,10559.0
Yellow,大坪林,2021-12-18,10668.5
Yellow,頭前庄,2021-12-18,3489.0
Yellow,十四張,2021-12-18,1885.0
Yellow,秀朗橋,2021-12-18,5105.0
Yellow,景平,2021-12-18,6288.0
Yellow,中和,2021-12-18,9331.0
Yellow,橋和,2021-12-18,2665.0
Yellow,中原,2021-12-18,3008.0
Yellow,板新,2021-12-18,4136.0
Yellow,新埔民生,2021-12-18,4118.0
Yellow,幸福,2021-12-18,7466.0
Yellow,新北產業園區,2021-12-18,7692.0
Yellow,大坪林,2021-12-19,9806.0
Yellow,頭前庄,2021-12-19,3281.0
Yellow,十四張,2021-12-19,1571.0
Yellow,秀朗橋,2021-12-19,4409.0
Yellow,景平,2021-12-19,5895.0
Yellow,中和,2021-12-19,8059.0
Yellow,橋和,2021-12-19,2150.0
Yellow,中原,2021-12-19,2711.0
Yellow,板新,2021-12-19,3379.0
Yellow,新埔民生,2021-12-19,3646.0
Yellow,幸福,2021-12-19,6353.0
Yellow,新北產業園區,2021-12-19,6800.0
Yellow,大坪林,2021-12-20,16018.5
Yellow,頭前庄,2021-12-20,3815.0
Yellow,十四張,2021-12-20,3333.0
Yellow,秀朗橋,2021-12-20,4777.0
Yellow,景平,2021-12-20,7292.0
Yellow,中和,2021-12-20,9097.0
Yellow,橋和,2021-12-20,4877.0
Yellow,中原,2021-12-20,6838.0
Yellow,板新,2021-12-20,5687.0
Yellow,新埔民生,2021-12-20,4385.0
Yellow,幸福,2021-12-20,7326.0
Yellow,新北產業園區,2021-12-20,8990.0
Yellow,大坪林,2021-12-21,16416.0
Yellow,頭前庄,2021-12-21,3800.0
Yellow,十四張,2021-12-21,3203.0
Yellow,秀朗橋,2021-12-21,5059.0
Yellow,景平,2021-12-21,7853.0
Yellow,中和,2021-12-21,9393.0
Yellow,橋和,2021-12-21,4849.0
Yellow,中原,2021-12-21,7258.0
Yellow,板新,2021-12-21,6124.0
Yellow,新埔民生,2021-12-21,4590.0
Yellow,幸福,2021-12-21,7737.0
Yellow,新北產業園區,2021-12-21,9200.0
Yellow,大坪林,2021-12-22,16889.0
Yellow,頭前庄,2021-12-22,3901.5
Yellow,十四張,2021-12-22,3257.0
Yellow,秀朗橋,2021-12-22,5121.0
Yellow,景平,2021-12-22,7918.0
Yellow,中和,2021-12-22,9782.0
Yellow,橋和,2021-12-22,5252.0
Yellow,中原,2021-12-22,7520.0
Yellow,板新,2021-12-22,6129.0
Yellow,新埔民生,2021-12-22,4751.0
Yellow,幸福,2021-12-22,7721.0
Yellow,新北產業園區,2021-12-22,9479.0
Yellow,大坪林,2021-12-23,16783.5
Yellow,頭前庄,2021-12-23,3914.5
Yellow,十四張,2021-12-23,3281.0
Yellow,秀朗橋,2021-12-23,4989.0
Yellow,景平,2021-12-23,7506.0
Yellow,中和,2021-12-23,9491.0
Yellow,橋和,2021-12-23,4867.0
Yellow,中原,2021-12-23,7139.0
Yellow,板新,2021-12-23,5740.0
Yellow,新埔民生,2021-12-23,4586.0
Yellow,幸福,2021-12-23,7532.0
Yellow,新北產業園區,2021-12-23,9573.0
Yellow,大坪林,2021-12-24,17009.5
Yellow,頭前庄,2021-12-24,4317.0
Yellow,十四張,2021-12-24,3384.0
Yellow,秀朗橋,2021-12-24,5735.0
Yellow,景平,2021-12-24,8355.0
Yellow,中和,2021-12-24,10724.0
Yellow,橋和,2021-12-24,5530.0
Yellow,中原,2021-12-24,7785.0
Yellow,板新,2021-12-24,6586.0
Yellow,新埔民生,2021-12-24,5272.0
Yellow,幸福,2021-12-24,8717.0
Yellow,新北產業園區,2021-12-24,10849.0
Yellow,大坪林,2021-12-25,11061.5
Yellow,頭前庄,2021-12-25,3939.5
Yellow,十四張,2021-12-25,1831.0
Yellow,秀朗橋,2021-12-25,5336.0
Yellow,景平,2021-12-25,6597.0
Yellow,中和,2021-12-25,10134.0
Yellow,橋和,2021-12-25,2711.0
Yellow,中原,2021-12-25,3123.0
Yellow,板新,2021-12-25,4595.0
Yellow,新埔民生,2021-12-25,4374.0
Yellow,幸福,2021-12-25,8014.0
Yellow,新北產業園區,2021-12-25,8866.0
Yellow,大坪林,2021-12-26,9077.5
Yellow,頭前庄,2021-12-26,2788.0
Yellow,十四張,2021-12-26,1569.0
Yellow,秀朗橋,2021-12-26,4221.0
Yellow,景平,2021-12-26,5570.0
Yellow,中和,2021-12-26,8513.0
Yellow,橋和,2021-12-26,2125.0
Yellow,中原,2021-12-26,2458.0
Yellow,板新,2021-12-26,3190.0
Yellow,新埔民生,2021-12-26,3282.0
Yellow,幸福,2021-12-26,5929.0
Yellow,新北產業園區,2021-12-26,6557.0
Yellow,大坪林,2021-12-27,16233.0
Yellow,頭前庄,2021-12-27,3856.5
Yellow,十四張,2021-12-27,3177.0
Yellow,秀朗橋,2021-12-27,5024.0
Yellow,景平,2021-12-27,7653.0
Yellow,中和,2021-12-27,9535.0
Yellow,橋和,2021-12-27,5048.0
Yellow,中原,2021-12-27,7121.0
Yellow,板新,2021-12-27,6005.0
Yellow,新埔民生,2021-12-27,4492.0
Yellow,幸福,2021-12-27,7463.0
Yellow,新北產業園區,2021-12-27,9380.0
Yellow,大坪林,2021-12-28,16613.0
Yellow,頭前庄,2021-12-28,3995.5
Yellow,十四張,2021-12-28,3257.0
Yellow,秀朗橋,2021-12-28,4829.0
Yellow,景平,2021-12-28,7608.0
Yellow,中和,2021-12-28,9462.0
Yellow,橋和,2021-12-28,5060.0
Yellow,中原,2021-12-28,7082.0
Yellow,板新,2021-12-28,5851.0
Yellow,新埔民生,2021-12-28,4612.0
Yellow,幸福,2021-12-28,7579.0
Yellow,新北產業園區,2021-12-28,9140.0
Yellow,大坪林,2021-12-29,16549.5
Yellow,頭前庄,2021-12-29,3998.0
Yellow,十四張,2021-12-29,2660.0
Yellow,秀朗橋,2021-12-29,4805.0
Yellow,景平,2021-12-29,7679.0
Yellow,中和,2021-12-29,9522.0
Yellow,橋和,2021-12-29,4970.0
Yellow,中原,2021-12-29,7079.0
Yellow,板新,2021-12-29,5855.0
Yellow,新埔民生,2021-12-29,4698.0
Yellow,幸福,2021-12-29,7743.0
Yellow,新北產業園區,2021-12-29,9148.0
Yellow,大坪林,2021-12-30,16558.0
Yellow,頭前庄,2021-12-30,4132.5
Yellow,十四張,2021-12-30,2300.0
Yellow,秀朗橋,2021-12-30,5500.0
Yellow,景平,2021-12-30,7909.0
Yellow,中和,2021-12-30,10551.0
Yellow,橋和,2021-12-30,5216.0
Yellow,中原,2021-12-30,6958.0
Yellow,板新,2021-12-30,6039.0
Yellow,新埔民生,2021-12-30,5028.0
Yellow,幸福,2021-12-30,7899.0
Yellow,新北產業園區,2021-12-30,9989.0
Yellow,大坪林,2021-12-31,10939.5
Yellow,頭前庄,2021-12-31,3670.0
Yellow,十四張,2021-12-31,1822.0
Yellow,秀朗橋,2021-12-31,5171.0
Yellow,景平,2021-12-31,6472.0
Yellow,中和,2021-12-31,10071.0
Yellow,橋和,2021-12-31,2924.0
Yellow,中原,2021-12-31,3352.0
Yellow,板新,2021-12-31,3932.0
Yellow,新埔民生,2021-12-31,4080.0
Yellow,幸福,2021-12-31,7689.0
Yellow,新北產業園區,2021-12-31,6523.0
Yellow,大坪林,2022-01-01,565.5
Yellow,頭前庄,2022-01-01,206.5
Yellow,十四張,2022-01-01,115.0
Yellow,秀朗橋,2022-01-01,330.0
Yellow,景平,2022-01-01,379.0
Yellow,中和,2022-01-01,569.0
Yellow,橋和,2022-01-01,134.0
Yellow,中原,2022-01-01,203.0
Yellow,板新,2022-01-01,194.0
Yellow,新埔民生,2022-01-01,190.0
Yellow,幸福,2022-01-01,649.0
Yellow,新北產業園區,2022-01-01,387.0
